SYMBOL,SERIES,DATE1,PREV_CLOSE,OPEN_PRICE,HIGH_PRICE,LOW_PRICE,LAST_PRICE,CLOSE_PRICE,AVG_PRICE,TTL_TRD_QNTY,TURNOVER_LACS,NO_OF_TRADES,DELIV_QTY,DELIV_PER,DATE
1018GS2026, GS, 12-Jun-2026,102.99,100.41,104.0,100.41,104.0,104.0,103.49,362,0.37,7,325.0, 89.78,2026-06-12
20MICRONS, EQ, 12-Jun-2026,178.88,180.55,185.1,180.5,183.7,182.37,182.86,136089,248.86,2649,68727.0, 50.50,2026-06-12
21STCENMGM, EQ, 12-Jun-2026,31.85,32.17,32.48,31.26,31.36,31.36,32.15,2335,0.75,26,1887.0, 80.81,2026-06-12
360ONE, EQ, 12-Jun-2026,1064.1,1079.7,1099.0,1058.0,1094.0,1096.8,1082.08,696601,7537.75,33351,336020.0, 48.24,2026-06-12
3BBLACKBIO, EQ, 12-Jun-2026,1254.1,1255.1,1272.8,1239.9,1240.0,1245.4,1251.32,10923,136.68,679,9254.0, 84.72,2026-06-12
3IINFOLTD, EQ, 12-Jun-2026,17.03,17.39,17.42,17.0,17.15,17.22,17.17,333384,57.24,1105,220737.0, 66.21,2026-06-12
3MINDIA, EQ, 12-Jun-2026,31165.0,31550.0,31695.0,31255.0,31655.0,31550.0,31474.25,1149,361.64,887,560.0, 48.74,2026-06-12
3PLAND, EQ, 12-Jun-2026,31.56,32.44,32.44,30.51,32.1,32.1,31.47,3849,1.21,81,2770.0, 71.97,2026-06-12
574GS2026, GS, 12-Jun-2026,100.0,101.89,101.89,99.63,99.66,99.66,100.74,204,0.21,4,100.0, 49.02,2026-06-12
5PAISA, EQ, 12-Jun-2026,303.5,303.6,311.0,303.6,309.9,309.7,308.82,24561,75.85,806,13113.0, 53.39,2026-06-12
610GS2031, GS, 12-Jun-2026,102.0,102.0,102.0,102.0,102.0,102.0,102.0,1,0.0,1,1.0, 100.00,2026-06-12
622GS2035, GS, 12-Jun-2026,95.01,95.01,95.01,95.0,95.0,95.0,95.0,8938,8.49,4,8938.0, 100.00,2026-06-12
633GS2035, GS, 12-Jun-2026,102.0,98.0,102.0,98.0,102.0,102.0,98.0,1001,0.98,2,1001.0, 100.00,2026-06-12
636GS2031, GS, 12-Jun-2026,98.31,100.0,100.0,100.0,100.0,100.0,100.0,400,0.4,3,400.0, 100.00,2026-06-12
63MOONS, EQ, 12-Jun-2026,642.4,644.1,663.5,644.1,661.0,660.5,658.44,133330,877.9,3607,72251.0, 54.19,2026-06-12
648GS2035, GS, 12-Jun-2026,99.4,99.4,99.4,99.15,99.2,99.2,99.24,3050,3.03,7,3050.0, 100.00,2026-06-12
667GS2035, GS, 12-Jun-2026,110.0,115.5,115.5,115.0,115.0,115.0,115.25,2,0.0,2,2.0, 100.00,2026-06-12
668GS2033, GS, 12-Jun-2026,100.4,100.5,100.5,100.5,100.5,100.5,100.5,399,0.4,3,399.0, 100.00,2026-06-12
668GS2040, GS, 12-Jun-2026,98.0,98.0,98.0,97.1,97.1,97.1,97.41,1510,1.47,6,1268.0, 83.97,2026-06-12
676GS2061, GS, 12-Jun-2026,90.32,90.55,90.7,90.55,90.7,90.7,90.63,17135,15.53,19,17135.0, 100.00,2026-06-12
679GS2031, GS, 12-Jun-2026,100.25,101.71,102.0,101.71,102.0,102.0,101.86,200,0.2,2,100.0, 50.00,2026-06-12
68GS2060, GS, 12-Jun-2026,93.7,91.99,91.99,90.61,90.61,90.65,91.25,2823,2.58,16,2823.0, 100.00,2026-06-12
690GS2065, GS, 12-Jun-2026,91.98,92.0,92.3,91.8,91.8,91.85,91.92,2311,2.12,6,2310.0, 99.96,2026-06-12
694GS2036, GS, 12-Jun-2026,99.5,100.2,100.2,100.2,100.2,100.2,100.2,2,0.0,2,2.0, 100.00,2026-06-12
695GS2061, GS, 12-Jun-2026,95.95,95.4,95.4,95.4,95.4,95.4,95.4,10,0.01,2,10.0, 100.00,2026-06-12
699GS2051, GS, 12-Jun-2026,98.9,96.5,96.5,95.0,95.5,95.5,95.45,11576,11.05,12,11496.0, 99.31,2026-06-12
702GS2027, GS, 12-Jun-2026,100.84,100.8,100.9,100.8,100.9,100.9,100.89,2600,2.62,6,2600.0, 100.00,2026-06-12
704GS2029, GS, 12-Jun-2026,100.26,100.26,101.5,100.26,101.5,101.02,100.77,300,0.3,3,200.0, 66.67,2026-06-12
706GS2028, GS, 12-Jun-2026,101.75,101.8,102.8,101.6,102.8,102.8,101.85,21100,21.49,9,18000.0, 85.31,2026-06-12
709GS2054, GS, 12-Jun-2026,96.5,97.0,97.0,97.0,97.0,97.0,97.0,690,0.67,7,690.0, 100.00,2026-06-12
709GS2074, GS, 12-Jun-2026,93.54,94.0,94.0,93.54,93.61,93.6,93.71,2847,2.67,17,2789.0, 97.96,2026-06-12
710GS2029, GS, 12-Jun-2026,103.1,103.51,103.51,102.5,102.5,102.5,103.5,5016,5.19,4,5008.0, 99.84,2026-06-12
716GS2050, GS, 12-Jun-2026,99.09,99.09,99.09,99.09,99.09,99.09,99.09,10000,9.91,15,10000.0, 100.00,2026-06-12
718GS2037, GS, 12-Jun-2026,103.45,103.35,104.0,103.25,104.0,104.0,103.4,37550,38.83,9,37550.0, 100.00,2026-06-12
71GS2034, GS, 12-Jun-2026,100.0,100.75,100.75,100.75,100.75,100.75,100.75,101,0.1,2,101.0, 100.00,2026-06-12
724GS2055, GS, 12-Jun-2026,98.59,99.2,99.29,98.62,99.0,99.0,98.83,68437,67.64,24,68137.0, 99.56,2026-06-12
725GS2063, GS, 12-Jun-2026,95.19,95.5,95.79,95.31,95.46,95.45,95.45,81757,78.04,76,80856.0, 98.90,2026-06-12
726GS2032, GS, 12-Jun-2026,103.25,103.24,103.3,103.24,103.3,103.3,103.24,898,0.93,2,889.0, 99.00,2026-06-12
726GS2033, GS, 12-Jun-2026,102.5,103.4,103.4,103.4,103.4,103.4,103.4,500,0.52,1,500.0, 100.00,2026-06-12
732GS2030, GS, 12-Jun-2026,102.9,101.86,102.25,101.86,102.25,102.25,101.92,711,0.72,2,711.0, 100.00,2026-06-12
734GS2064, GS, 12-Jun-2026,97.49,97.79,97.98,97.6,97.85,97.68,97.76,64330,62.89,33,64030.0, 99.53,2026-06-12
736GS2052, GS, 12-Jun-2026,98.1,97.36,97.75,97.36,97.75,97.75,97.56,10,0.01,2,5.0, 50.00,2026-06-12
737GS2028, GS, 12-Jun-2026,102.74,102.5,102.75,102.5,102.75,102.75,102.53,3473,3.56,9,3270.0, 94.15,2026-06-12
738GS2027, GS, 12-Jun-2026,104.55,104.8,105.03,104.5,104.94,104.94,104.98,118179,124.06,42,118179.0, 100.00,2026-06-12
73GS2053, GS, 12-Jun-2026,101.0,101.5,101.5,101.5,101.5,101.5,101.5,250,0.25,1,250.0, 100.00,2026-06-12
741GS2036, GS, 12-Jun-2026,105.7,106.01,106.3,105.93,105.95,105.95,106.08,485,0.51,10,307.0, 63.30,2026-06-12
743GS2076, GS, 12-Jun-2026,100.5,100.06,100.06,100.06,100.06,100.06,100.06,496,0.5,1,496.0, 100.00,2026-06-12
74GS2062, GS, 12-Jun-2026,99.89,100.0,100.3,98.0,98.11,98.11,99.99,2365,2.36,13,2355.0, 99.58,2026-06-12
754GS2036, GS, 12-Jun-2026,104.4,104.37,104.64,104.32,104.5,104.59,104.45,247849,258.88,169,239190.0, 96.51,2026-06-12
771GS2066, GS, 12-Jun-2026,102.46,102.46,102.7,102.46,102.5,102.5,102.57,2649,2.72,6,2649.0, 100.00,2026-06-12
795GS2032, GS, 12-Jun-2026,105.2,106.31,106.55,106.31,106.55,106.55,106.43,20,0.02,2,10.0, 50.00,2026-06-12
833GS2026, GS, 12-Jun-2026,102.0,103.0,103.5,103.0,103.5,103.5,103.25,106,0.11,3,53.0, 50.00,2026-06-12
897GS2030, GS, 12-Jun-2026,109.78,109.8,110.0,109.8,110.0,110.0,109.81,2102,2.31,3,2102.0, 100.00,2026-06-12
92GS2030, GS, 12-Jun-2026,111.05,111.7,111.8,111.5,111.8,111.79,111.76,14402,16.1,8,14402.0, 100.00,2026-06-12
A2ZINFRA, EQ, 12-Jun-2026,14.11,14.5,14.72,13.85,14.1,14.15,14.09,123199,17.36,709,73855.0, 59.95,2026-06-12
AAATECH, EQ, 12-Jun-2026,98.14,99.5,100.0,97.0,97.21,97.3,97.9,15247,14.93,406,11514.0, 75.52,2026-06-12
AADHARHFC, EQ, 12-Jun-2026,453.05,460.0,476.2,458.0,473.2,473.65,470.03,542229,2548.64,28320,338651.0, 62.46,2026-06-12
AAKAAR, SM, 12-Jun-2026,63.7,65.0,65.0,64.8,64.8,64.8,64.9,3200,2.08,2,3200.0, 100.00,2026-06-12
AAKASH, BE, 12-Jun-2026,10.0,10.2,10.5,10.05,10.3,10.3,10.27,219779,22.58,444,, -,2026-06-12
AAREYDRUGS, BE, 12-Jun-2026,76.1,78.0,79.45,74.75,77.88,77.85,77.65,67719,52.58,112,, -,2026-06-12
AARNAV, EQ, 12-Jun-2026,24.88,24.61,25.5,24.6,25.0,24.98,24.94,21379,5.33,129,16164.0, 75.61,2026-06-12
AARON, EQ, 12-Jun-2026,114.75,115.15,120.0,114.02,119.5,119.24,117.25,8187,9.6,279,5750.0, 70.23,2026-06-12
AARTECH, EQ, 12-Jun-2026,40.68,40.8,41.98,40.69,41.5,41.65,41.37,16217,6.71,626,8246.0, 50.85,2026-06-12
AARTIDRUGS, EQ, 12-Jun-2026,367.75,375.0,375.0,368.1,372.5,371.7,371.04,141724,525.85,2704,71936.0, 50.76,2026-06-12
AARTIIND, EQ, 12-Jun-2026,427.85,430.9,443.95,427.8,438.0,440.6,434.54,492977,2142.17,17944,228209.0, 46.29,2026-06-12
AARTIPHARM, EQ, 12-Jun-2026,622.35,625.05,644.0,625.05,643.35,641.15,637.0,145262,925.31,13243,70011.0, 48.20,2026-06-12
AARTISURF, EQ, 12-Jun-2026,359.55,367.1,377.0,361.3,377.0,374.75,368.96,8969,33.09,530,6075.0, 67.73,2026-06-12
AARTISURF, P1, 12-Jun-2026,247.0,247.0,247.0,247.0,247.0,247.0,247.0,1,0.0,1,1.0, 100.00,2026-06-12
AARVI, EQ, 12-Jun-2026,142.31,146.8,150.0,142.0,148.95,148.29,145.95,72046,105.15,1406,46332.0, 64.31,2026-06-12
AAVAS, EQ, 12-Jun-2026,1328.2,1360.0,1444.8,1353.4,1400.0,1405.7,1414.53,840069,11883.04,66991,236449.0, 28.15,2026-06-12
ABANSENT, BE, 12-Jun-2026,27.0,26.99,27.9,26.99,27.44,27.44,27.42,740,0.2,21,, -,2026-06-12
ABB, EQ, 12-Jun-2026,6719.0,6783.0,6854.5,6722.0,6781.0,6770.5,6779.13,188800,12799.0,29385,65332.0, 34.60,2026-06-12
ABBOTINDIA, EQ, 12-Jun-2026,26065.0,26195.0,26435.0,25960.0,26335.0,26280.0,26232.27,9732,2552.92,6610,5254.0, 53.99,2026-06-12
ABCAPITAL, EQ, 12-Jun-2026,336.6,344.7,359.3,341.9,356.95,358.1,351.3,3057116,10739.65,42136,1085024.0, 35.49,2026-06-12
ABCOTS, EQ, 12-Jun-2026,198.38,203.78,212.95,200.0,210.35,210.18,207.74,321718,668.34,6936,143167.0, 44.50,2026-06-12
ABDL, EQ, 12-Jun-2026,608.45,614.5,646.95,608.85,638.1,644.45,630.01,2054909,12946.14,53662,745082.0, 36.26,2026-06-12
ABFRL, EQ, 12-Jun-2026,58.24,58.99,60.05,58.68,60.0,59.9,59.49,1991720,1184.93,10190,1127960.0, 56.63,2026-06-12
ABGSEC, EQ, 12-Jun-2026,112.62,113.73,113.73,112.45,113.72,112.7,113.03,83,0.09,14,32.0, 38.55,2026-06-12
ABINFRA, EQ, 12-Jun-2026,9.07,9.27,10.88,9.09,10.88,10.82,10.07,6496552,654.31,10849,985852.0, 15.18,2026-06-12
ABLBL, EQ, 12-Jun-2026,95.38,97.0,98.74,96.34,98.5,98.34,97.39,354629,345.37,5875,148712.0, 41.93,2026-06-12
ABMINTLLTD, EQ, 12-Jun-2026,42.94,42.0,42.89,41.1,41.32,41.34,41.96,832,0.35,19,309.0, 37.14,2026-06-12
ABMKNO, EQ, 12-Jun-2026,209.1,212.0,218.0,197.0,213.07,211.43,208.13,2225,4.63,120,1689.0, 75.91,2026-06-12
ABREL, EQ, 12-Jun-2026,1180.8,1190.0,1228.6,1181.4,1193.6,1198.4,1201.22,261330,3139.14,27250,143511.0, 54.92,2026-06-12
ABSL10BANK, EQ, 12-Jun-2026,161.68,165.34,169.0,165.25,167.38,167.59,166.32,3870,6.44,37,3230.0, 83.46,2026-06-12
ABSLAMC, EQ, 12-Jun-2026,1068.6,1087.8,1119.4,1075.7,1097.0,1101.2,1103.06,801088,8836.48,24423,525809.0, 65.64,2026-06-12
ABSLBANETF, EQ, 12-Jun-2026,56.32,56.93,58.02,56.93,57.93,57.89,57.3,203577,116.65,357,192298.0, 94.46,2026-06-12
ABSLLIQUID, EQ, 12-Jun-2026,999.99,999.99,1000.01,999.99,1000.0,1000.0,1000.0,2456,24.56,17,1813.0, 73.82,2026-06-12
ABSLMSCIN, EQ, 12-Jun-2026,28.18,28.34,28.51,28.34,28.51,28.51,28.46,718,0.2,14,605.0, 84.26,2026-06-12
ABSLNN50ET, EQ, 12-Jun-2026,71.67,71.99,73.5,71.6,73.37,73.32,72.83,10885,7.93,184,7830.0, 71.93,2026-06-12
ABSLPSE, EQ, 12-Jun-2026,10.18,10.4,10.5,10.15,10.4,10.29,10.24,218835,22.41,631,156567.0, 71.55,2026-06-12
ABSMARINE, ST, 12-Jun-2026,228.75,230.5,237.8,225.0,233.0,231.9,230.73,72500,167.28,129,66000.0, 91.03,2026-06-12
ACC, EQ, 12-Jun-2026,1303.7,1309.9,1343.8,1308.2,1343.8,1336.6,1324.24,206123,2729.55,9689,113108.0, 54.87,2026-06-12
ACCELYA, EQ, 12-Jun-2026,1109.2,1109.2,1124.5,1105.0,1105.0,1117.4,1115.03,4516,50.35,749,2966.0, 65.68,2026-06-12
ACCENTMIC, SM, 12-Jun-2026,449.9,456.5,461.95,446.05,460.0,459.4,455.66,44000,200.49,69,23000.0, 52.27,2026-06-12
ACCORD, ST, 12-Jun-2026,82.0,86.1,86.1,86.1,86.1,86.1,86.1,8000,6.89,4,8000.0, 100.00,2026-06-12
ACCPL, ST, 12-Jun-2026,135.3,139.7,142.05,136.55,136.55,137.25,140.27,16800,23.57,14,16800.0, 100.00,2026-06-12
ACCURACY, EQ, 12-Jun-2026,5.47,5.56,5.64,5.26,5.47,5.41,5.44,78069,4.25,320,54813.0, 70.21,2026-06-12
ACE, EQ, 12-Jun-2026,891.95,904.0,934.85,896.45,934.8,931.05,918.58,691582,6352.76,29984,315557.0, 45.63,2026-06-12
ACEINTEG, EQ, 12-Jun-2026,20.02,20.43,20.43,19.25,20.4,20.16,19.88,5158,1.03,79,3877.0, 75.16,2026-06-12
ACETEC, SM, 12-Jun-2026,124.05,134.0,134.5,124.0,131.0,129.15,128.54,87600,112.6,23,86400.0, 98.63,2026-06-12
ACI, EQ, 12-Jun-2026,529.9,535.9,554.0,532.5,542.9,543.0,546.77,162669,889.42,11764,80034.0, 49.20,2026-06-12
ACL, EQ, 12-Jun-2026,52.85,53.2,54.19,52.51,53.95,53.65,53.3,9893,5.27,235,6292.0, 63.60,2026-06-12
ACMESOLAR, EQ, 12-Jun-2026,334.45,338.0,347.7,334.4,335.0,335.75,337.79,1365603,4612.87,28974,641282.0, 46.96,2026-06-12
ACSTECH, EQ, 12-Jun-2026,39.8,41.79,41.79,39.16,39.7,39.51,40.24,207259,83.4,849,125615.0, 60.61,2026-06-12
ACUTAAS, EQ, 12-Jun-2026,3128.1,3154.0,3190.5,3070.2,3134.0,3145.3,3125.82,380507,11893.98,36943,171879.0, 45.17,2026-06-12
ADANIENSOL, EQ, 12-Jun-2026,1466.7,1499.0,1509.0,1477.0,1484.0,1489.6,1491.47,1607528,23975.79,41246,266087.0, 16.55,2026-06-12
ADANIENT, EQ, 12-Jun-2026,2908.8,2958.8,2971.9,2886.2,2935.0,2921.6,2919.48,2321009,67761.47,76427,701869.0, 30.24,2026-06-12
ADANIGREEN, EQ, 12-Jun-2026,1454.5,1480.0,1493.0,1455.2,1482.1,1485.7,1476.21,1975815,29167.11,45454,335782.0, 16.99,2026-06-12
ADANIPORTS, EQ, 12-Jun-2026,1787.1,1804.0,1818.0,1777.9,1809.4,1812.9,1800.77,2325897,41884.01,67163,1321568.0, 56.82,2026-06-12
ADANIPOWER, EQ, 12-Jun-2026,215.51,218.44,223.89,216.43,222.2,223.07,220.13,27825184,61252.4,122681,8709823.0, 31.30,2026-06-12
ADDICTIVE, SM, 12-Jun-2026,58.35,56.1,56.1,55.45,55.85,55.8,55.68,16000,8.91,28,16000.0, 100.00,2026-06-12
ADFFOODS, EQ, 12-Jun-2026,273.6,276.45,284.0,274.0,283.55,283.2,280.44,96463,270.52,4303,48185.0, 49.95,2026-06-12
ADISOFT, SM, 12-Jun-2026,198.05,202.0,212.3,200.05,205.2,205.75,206.54,68800,142.1,82,42400.0, 61.63,2026-06-12
ADL, EQ, 12-Jun-2026,71.8,71.0,72.0,68.6,71.0,71.02,70.63,406,0.29,22,342.0, 84.24,2026-06-12
ADOR, EQ, 12-Jun-2026,1109.0,1126.0,1175.0,1125.2,1163.0,1165.7,1147.98,27333,313.78,2046,13523.0, 49.47,2026-06-12
ADROITINFO, EQ, 12-Jun-2026,9.38,9.48,9.48,9.08,9.4,9.31,9.21,36974,3.41,158,26560.0, 71.83,2026-06-12
ADSL, EQ, 12-Jun-2026,114.14,115.05,118.98,114.99,117.35,117.44,116.32,105056,122.2,2084,54299.0, 51.69,2026-06-12
ADVAIT, EQ, 12-Jun-2026,2224.3,2269.0,2364.5,2260.1,2303.0,2305.8,2326.55,99673,2318.94,11679,34955.0, 35.07,2026-06-12
ADVANCE, EQ, 12-Jun-2026,95.92,98.32,99.0,95.5,99.0,98.48,97.01,72614,70.44,1106,39416.0, 54.28,2026-06-12
ADVANIHOTR, EQ, 12-Jun-2026,50.31,50.51,52.44,50.51,52.2,52.19,51.98,20531,10.67,329,12290.0, 59.86,2026-06-12
ADVENTHTL, EQ, 12-Jun-2026,120.9,121.5,132.44,121.5,132.0,129.83,126.84,266717,338.3,5117,139646.0, 52.36,2026-06-12
ADVENZYMES, EQ, 12-Jun-2026,361.4,369.1,372.3,362.5,371.0,368.95,368.54,69150,254.85,2486,34634.0, 50.09,2026-06-12
AEGISLOG, EQ, 12-Jun-2026,925.9,956.35,976.4,913.2,943.0,944.4,950.34,24360713,231509.8,436010,2009458.0, 8.25,2026-06-12
AEGISVOPAK, EQ, 12-Jun-2026,199.14,205.0,219.05,202.51,217.0,217.85,213.94,4204329,8994.88,44892,1096117.0, 26.07,2026-06-12
AEPL, EQ, 12-Jun-2026,15.88,16.34,16.34,15.86,16.14,16.0,16.03,10161,1.63,69,5777.0, 56.85,2026-06-12
AEQUS, EQ, 12-Jun-2026,176.15,178.99,185.11,178.0,183.9,182.53,182.56,2730276,4984.52,57175,1334844.0, 48.89,2026-06-12
AEROENTER, EQ, 12-Jun-2026,102.84,103.13,112.0,103.13,109.56,109.78,109.25,1070685,1169.75,8827,471928.0, 44.08,2026-06-12
AEROFLEX, EQ, 12-Jun-2026,408.55,418.0,449.4,417.95,449.4,448.1,437.04,2868692,12537.19,35841,1186515.0, 41.36,2026-06-12
AERON, SM, 12-Jun-2026,81.0,81.05,81.05,81.05,81.05,81.05,81.05,1000,0.81,1,1000.0, 100.00,2026-06-12
AERONEU, EQ, 12-Jun-2026,85.92,85.55,87.89,85.0,87.39,86.2,85.95,56401,48.48,743,6342.0, 11.24,2026-06-12
AETHER, EQ, 12-Jun-2026,1128.8,1140.0,1161.1,1139.1,1143.6,1142.9,1151.13,215851,2484.73,26343,105474.0, 48.86,2026-06-12
AFCONS, EQ, 12-Jun-2026,316.75,320.0,327.85,317.0,326.8,326.0,321.12,735015,2360.26,13364,197614.0, 26.89,2026-06-12
AFFLE, EQ, 12-Jun-2026,1436.2,1450.9,1469.5,1401.3,1447.9,1446.3,1431.3,314618,4503.13,29806,126849.0, 40.32,2026-06-12
AFFORDABLE, BE, 12-Jun-2026,173.43,176.9,178.0,169.5,177.0,176.8,175.03,12475,21.83,169,, -,2026-06-12
AFIL, BE, 12-Jun-2026,9.83,9.91,10.3,9.85,10.03,10.13,10.09,866590,87.45,513,, -,2026-06-12
AFSL, EQ, 12-Jun-2026,201.01,201.0,202.16,201.0,201.0,201.01,201.1,12113,24.36,98,8551.0, 70.59,2026-06-12
AGARIND, EQ, 12-Jun-2026,448.95,456.95,491.7,456.95,486.0,483.55,478.61,213794,1023.24,8081,67753.0, 31.69,2026-06-12
AGARWALEYE, EQ, 12-Jun-2026,439.4,440.5,454.8,438.3,440.0,439.75,441.78,48397,213.81,2143,27036.0, 55.86,2026-06-12
AGARWALTUF, SM, 12-Jun-2026,124.8,125.0,128.0,124.25,124.45,125.7,125.73,68400,86.0,36,62400.0, 91.23,2026-06-12
AGI, EQ, 12-Jun-2026,617.75,626.9,648.0,621.4,642.0,645.75,636.98,323250,2059.05,12047,215022.0, 66.52,2026-06-12
AGIIL, EQ, 12-Jun-2026,368.9,371.0,376.7,365.2,371.65,372.5,372.0,1900025,7068.09,8901,757174.0, 39.85,2026-06-12
AGNI, SM, 12-Jun-2026,17.95,17.3,18.0,17.3,18.0,18.0,17.83,10000,1.78,3,7500.0, 75.00,2026-06-12
AGRITECH, BE, 12-Jun-2026,117.1,118.0,122.3,115.05,119.0,117.91,119.1,8485,10.11,142,, -,2026-06-12
AGROPHOS, EQ, 12-Jun-2026,30.04,30.7,30.7,29.12,30.45,30.42,30.01,9929,2.98,139,6724.0, 67.72,2026-06-12
AHCL, EQ, 12-Jun-2026,15.01,15.25,15.38,14.37,15.06,15.06,14.98,10489576,1571.38,15473,3672103.0, 35.01,2026-06-12
AHLADA, EQ, 12-Jun-2026,39.84,39.84,40.4,37.9,39.75,39.93,39.32,18986,7.47,218,10400.0, 54.78,2026-06-12
AHLEAST, EQ, 12-Jun-2026,152.96,152.8,159.55,152.7,153.0,153.38,156.14,6476,10.11,472,2870.0, 44.32,2026-06-12
AHLUCONT, EQ, 12-Jun-2026,785.85,798.0,800.0,781.55,797.0,798.1,795.28,39105,310.99,3310,25714.0, 65.76,2026-06-12
AHLWEST, BE, 12-Jun-2026,562.0,560.05,561.0,560.0,560.0,560.7,560.31,344,1.93,23,, -,2026-06-12
AIAENG, EQ, 12-Jun-2026,4318.5,4357.0,4387.5,4290.5,4305.0,4333.7,4343.63,49722,2159.74,8893,27439.0, 55.18,2026-06-12
AIIL, EQ, 12-Jun-2026,459.95,468.9,547.0,467.7,521.0,530.15,522.49,19070826,99642.53,257049,989683.0, 5.19,2026-06-12
AIMTRON, SM, 12-Jun-2026,1241.3,1265.0,1286.0,1255.0,1263.5,1262.55,1266.88,18400,233.11,89,12800.0, 69.57,2026-06-12
AIRAN, EQ, 12-Jun-2026,15.98,16.3,16.45,15.98,16.15,16.16,16.18,54550,8.83,226,42981.0, 78.79,2026-06-12
AIROLAM, EQ, 12-Jun-2026,84.97,84.0,87.8,82.1,87.0,85.97,84.88,1548,1.31,65,1258.0, 81.27,2026-06-12
AJANTPHARM, EQ, 12-Jun-2026,3143.4,3178.9,3178.9,3110.0,3150.0,3131.0,3129.57,80576,2521.68,15660,39488.0, 49.01,2026-06-12
AJAXENGG, EQ, 12-Jun-2026,548.35,553.0,588.0,541.55,559.0,548.3,551.75,60226,332.3,3003,31794.0, 52.79,2026-06-12
AJMERA, EQ, 12-Jun-2026,111.47,113.0,122.98,113.0,121.7,120.84,118.97,1004398,1194.9,11925,366241.0, 36.46,2026-06-12
AJOONI, EQ, 12-Jun-2026,3.8,3.88,3.95,3.71,3.82,3.8,3.83,332718,12.74,777,235061.0, 70.65,2026-06-12
AKANKSHA, ST, 12-Jun-2026,86.95,86.95,86.95,82.65,82.65,82.65,83.78,5000,4.19,5,5000.0, 100.00,2026-06-12
AKASH, EQ, 12-Jun-2026,26.03,26.03,26.6,25.7,25.95,26.02,26.14,21272,5.56,75,17861.0, 83.96,2026-06-12
AKCAPIT, EQ, 12-Jun-2026,1703.0,1655.3,1730.0,1655.3,1725.0,1717.0,1700.63,94,1.6,19,64.0, 68.09,2026-06-12
AKG, EQ, 12-Jun-2026,10.72,10.99,11.1,10.71,10.85,10.72,10.88,1525,0.17,45,1433.0, 93.97,2026-06-12
AKI, EQ, 12-Jun-2026,4.71,4.9,4.95,4.75,4.95,4.86,4.85,60498,2.93,221,41786.0, 69.07,2026-06-12
AKIKO, ST, 12-Jun-2026,246.0,252.0,258.3,248.0,258.0,258.0,254.91,19200,48.94,19,19200.0, 100.00,2026-06-12
AKSHAR, EQ, 12-Jun-2026,0.45,0.45,0.46,0.45,0.46,0.45,0.45,374859,1.7,207,267380.0, 71.33,2026-06-12
AKSHARCHEM, EQ, 12-Jun-2026,202.26,207.0,209.0,205.01,206.4,206.98,206.31,2776,5.73,186,1977.0, 71.22,2026-06-12
AKSHOPTFBR, BE, 12-Jun-2026,6.96,6.83,7.09,6.83,7.09,7.09,7.08,387546,27.44,194,, -,2026-06-12
AKUMS, EQ, 12-Jun-2026,609.1,615.0,634.0,615.0,623.0,622.9,625.22,835541,5223.94,29647,318990.0, 38.18,2026-06-12
ALANKIT, EQ, 12-Jun-2026,8.15,8.35,8.38,8.05,8.15,8.18,8.17,156557,12.8,590,102035.0, 65.17,2026-06-12
ALBERTDAVD, EQ, 12-Jun-2026,694.85,690.4,729.7,690.4,725.45,725.6,720.1,7757,55.86,434,6766.0, 87.22,2026-06-12
ALCODIS, ST, 12-Jun-2026,73.5,70.5,70.5,70.5,70.5,70.5,70.5,625,0.44,1,625.0, 100.00,2026-06-12
ALEMBICLTD, EQ, 12-Jun-2026,85.36,86.96,87.51,85.3,87.3,87.06,86.58,205247,177.71,2269,116592.0, 56.81,2026-06-12
ALGOQUANT, EQ, 12-Jun-2026,53.88,54.83,57.43,53.79,56.3,56.23,55.63,2325882,1293.82,14190,177298.0, 7.62,2026-06-12
ALICON, EQ, 12-Jun-2026,632.0,633.0,652.3,633.0,637.0,642.55,641.31,9128,58.54,643,4527.0, 49.59,2026-06-12
ALIVUS, EQ, 12-Jun-2026,1017.2,1028.5,1080.0,1028.5,1045.0,1045.7,1053.77,240546,2534.81,20128,77567.0, 32.25,2026-06-12
ALKALI, BE, 12-Jun-2026,84.7,83.98,87.28,83.98,87.19,86.85,86.13,5581,4.81,91,, -,2026-06-12
ALKEM, EQ, 12-Jun-2026,5301.5,5340.0,5358.5,5283.0,5298.5,5298.0,5317.06,67310,3578.92,12355,26709.0, 39.68,2026-06-12
ALKYLAMINE, EQ, 12-Jun-2026,1808.9,1823.4,1842.2,1811.1,1832.0,1831.8,1826.71,49615,906.32,8091,18044.0, 36.37,2026-06-12
ALLCARGO, EQ, 12-Jun-2026,8.7,8.77,8.97,8.7,8.94,8.9,8.85,2828074,250.26,4636,1260392.0, 44.57,2026-06-12
ALLDIGI, EQ, 12-Jun-2026,817.7,810.05,826.0,810.05,823.0,821.65,821.32,1661,13.64,250,1038.0, 62.49,2026-06-12
ALLETEC, ST, 12-Jun-2026,137.55,141.0,144.4,139.35,144.4,144.4,143.2,16400,23.48,31,16000.0, 97.56,2026-06-12
ALLTIME, EQ, 12-Jun-2026,217.61,220.0,236.96,219.95,236.3,234.22,229.06,64733,148.28,2028,41484.0, 64.08,2026-06-12
ALMONDZ, EQ, 12-Jun-2026,13.51,13.99,14.25,13.56,13.83,13.68,13.93,63337,8.82,315,41200.0, 65.05,2026-06-12
ALOKINDS, EQ, 12-Jun-2026,11.88,12.1,12.25,11.9,12.22,12.16,12.05,6999703,843.33,11323,3639404.0, 51.99,2026-06-12
ALPA, EQ, 12-Jun-2026,67.08,68.95,71.48,68.01,69.45,69.69,69.93,18195,12.72,351,11952.0, 65.69,2026-06-12
ALPEXSOLAR, SM, 12-Jun-2026,920.65,935.0,963.0,935.0,955.0,953.4,950.65,31200,296.6,223,18900.0, 60.58,2026-06-12
ALPHA, EQ, 12-Jun-2026,48.7,49.02,50.5,49.02,50.05,50.19,49.9,1903641,949.86,2611,1049559.0, 55.13,2026-06-12
ALPHAETF, EQ, 12-Jun-2026,24.89,25.19,25.67,25.13,25.6,25.61,25.42,267968,68.11,682,152263.0, 56.82,2026-06-12
ALPHAGEO, EQ, 12-Jun-2026,202.05,205.03,210.79,205.0,207.9,208.04,207.38,1858,3.85,88,1354.0, 72.87,2026-06-12
ALPL30IETF, EQ, 12-Jun-2026,26.23,26.38,26.56,26.33,26.54,26.52,26.41,578137,152.7,711,483748.0, 83.67,2026-06-12
ALUWIND, SM, 12-Jun-2026,50.05,50.15,52.0,50.0,50.5,50.5,51.07,46500,23.75,20,43500.0, 93.55,2026-06-12
AMAGI, EQ, 12-Jun-2026,426.15,434.3,447.0,417.25,430.4,425.95,426.59,278710,1188.95,12465,140169.0, 50.29,2026-06-12
AMANTA, EQ, 12-Jun-2026,148.62,151.95,156.8,150.01,151.8,151.82,153.29,778945,1194.05,10426,253188.0, 32.50,2026-06-12
AMBAAUTO, SM, 12-Jun-2026,77.75,84.0,84.0,75.0,76.0,75.65,76.13,42000,31.98,37,22000.0, 52.38,2026-06-12
AMBALALSA, EQ, 12-Jun-2026,31.25,31.5,33.5,31.5,32.9,32.56,32.43,76263,24.74,784,42815.0, 56.14,2026-06-12
AMBER, EQ, 12-Jun-2026,7290.0,7444.5,7480.0,7120.0,7459.5,7420.0,7310.54,543425,39727.31,58975,141454.0, 26.03,2026-06-12
AMBICAAGAR, EQ, 12-Jun-2026,24.18,24.78,24.8,23.9,24.5,24.37,24.46,3559,0.87,31,3442.0, 96.71,2026-06-12
AMBIKCO, EQ, 12-Jun-2026,1594.7,1601.0,1627.8,1592.9,1600.1,1607.1,1606.79,4306,69.19,837,2489.0, 57.80,2026-06-12
AMBUJACEM, EQ, 12-Jun-2026,406.05,412.25,426.05,408.7,423.9,423.1,416.1,2885819,12007.92,35920,1195337.0, 41.42,2026-06-12
AMCL, SM, 12-Jun-2026,499.95,499.9,506.0,499.9,506.0,506.0,501.95,1200,6.02,3,1200.0, 100.00,2026-06-12
AMDIND, EQ, 12-Jun-2026,46.26,47.4,47.4,45.15,46.0,45.97,46.13,11725,5.41,136,7002.0, 59.72,2026-06-12
AMIRCHAND, EQ, 12-Jun-2026,117.45,118.7,123.68,118.18,122.5,123.23,121.26,415985,504.4,4032,210862.0, 50.69,2026-06-12
AMJLAND, EQ, 12-Jun-2026,35.41,36.0,37.5,36.0,36.8,36.19,36.36,13327,4.85,118,10591.0, 79.47,2026-06-12
AMNPLST, EQ, 12-Jun-2026,187.55,189.01,194.98,185.1,190.0,190.18,191.0,16042,30.64,660,8254.0, 51.45,2026-06-12
AMRUTANJAN, EQ, 12-Jun-2026,562.3,567.1,568.0,554.05,559.0,557.7,559.31,21738,121.58,1039,16750.0, 77.05,2026-06-12
ANANDRATHI, EQ, 12-Jun-2026,1743.9,1755.0,1769.7,1740.1,1764.0,1765.3,1753.99,172009,3017.02,16084,83334.0, 48.45,2026-06-12
ANANTAM, IV, 12-Jun-2026,103.99,104.8,104.8,103.65,103.95,103.94,103.89,1717,1.78,83,1441.0, 83.93,2026-06-12
ANANTRAJ, EQ, 12-Jun-2026,513.25,520.5,536.0,520.5,534.5,534.75,529.77,2003498,10614.0,35133,619061.0, 30.90,2026-06-12
ANDHRAPAP, EQ, 12-Jun-2026,60.52,61.3,61.75,61.0,61.0,61.12,61.2,23105,14.14,432,15791.0, 68.34,2026-06-12
ANDHRSUGAR, EQ, 12-Jun-2026,83.4,84.98,86.9,81.17,83.49,82.81,83.69,457943,383.27,4579,204897.0, 44.74,2026-06-12
ANGELONE, EQ, 12-Jun-2026,323.75,329.0,340.3,325.05,339.5,339.5,333.9,7318502,24436.24,66565,2928926.0, 40.02,2026-06-12
ANIKINDS, BE, 12-Jun-2026,42.54,43.0,44.59,41.53,42.98,42.98,42.39,1730,0.73,45,, -,2026-06-12
ANKITMETAL, BZ, 12-Jun-2026,1.55,1.58,1.62,1.52,1.59,1.54,1.55,43515,0.67,36,, -,2026-06-12
ANLON, ST, 12-Jun-2026,683.0,690.0,716.9,690.0,713.5,713.5,712.17,20000,142.43,30,20000.0, 100.00,2026-06-12
ANMOL, EQ, 12-Jun-2026,10.81,10.81,11.29,10.81,11.08,11.08,11.1,19208,2.13,121,16039.0, 83.50,2026-06-12
ANNAPURNA, SM, 12-Jun-2026,136.05,137.5,137.5,134.0,134.3,134.6,137.01,161250,220.93,115,152500.0, 94.57,2026-06-12
ANONDITA, SM, 12-Jun-2026,1134.0,1171.0,1205.0,1120.15,1184.7,1184.7,1165.72,26200,305.42,99,16000.0, 61.07,2026-06-12
ANSALAPI, BZ, 12-Jun-2026,3.47,3.41,3.53,3.41,3.41,3.41,3.43,4968,0.17,16,, -,2026-06-12
ANTELOPUS, EQ, 12-Jun-2026,859.65,857.9,883.8,826.9,842.0,836.55,851.51,162842,1386.62,9925,63229.0, 38.83,2026-06-12
ANTGRAPHIC, EQ, 12-Jun-2026,0.79,0.84,0.84,0.75,0.79,0.79,0.8,309600,2.46,200,245251.0, 79.22,2026-06-12
ANTHEM, EQ, 12-Jun-2026,780.05,780.1,795.0,778.25,787.15,788.7,788.96,554620,4375.74,36201,261989.0, 47.24,2026-06-12
ANUHPHR, EQ, 12-Jun-2026,76.28,76.99,83.9,76.51,79.5,79.59,80.72,336671,271.75,4938,131604.0, 39.09,2026-06-12
ANUP, EQ, 12-Jun-2026,1798.7,1834.5,1917.0,1798.7,1890.0,1901.1,1869.91,35627,666.19,6575,14795.0, 41.53,2026-06-12
ANURAS, EQ, 12-Jun-2026,1258.0,1299.0,1299.0,1208.2,1243.0,1250.3,1243.85,527760,6564.52,22611,176238.0, 33.39,2026-06-12
ANYA, SM, 12-Jun-2026,16.4,16.2,16.2,16.2,16.2,16.2,16.2,5000,0.81,1,5000.0, 100.00,2026-06-12
AONEGOLD, EQ, 12-Jun-2026,13.46,13.61,13.88,13.61,13.82,13.78,13.75,279423,38.43,1289,198744.0, 71.13,2026-06-12
AONELIQUID, EQ, 12-Jun-2026,1063.28,1063.28,1063.72,1063.28,1063.72,1063.71,1063.71,20225,215.14,128,14304.0, 70.72,2026-06-12
AONENIFTY, EQ, 12-Jun-2026,9.52,9.71,9.74,9.56,9.74,9.7,9.63,491402,47.35,1019,436532.0, 88.83,2026-06-12
AONESILVER, EQ, 12-Jun-2026,8.86,9.05,9.2,8.92,9.15,9.13,9.11,507832,46.26,997,323229.0, 63.65,2026-06-12
AONETMMQ50, EQ, 12-Jun-2026,9.89,9.93,10.2,9.85,10.2,10.09,10.06,121666,12.24,280,114826.0, 94.38,2026-06-12
AONETOTAL, EQ, 12-Jun-2026,11.24,11.35,11.5,11.3,11.44,11.48,11.41,183098,20.89,1008,128882.0, 70.39,2026-06-12
APARINDS, EQ, 12-Jun-2026,14551.0,14823.0,15340.0,14733.0,15160.0,15221.0,15172.8,271159,41142.41,66965,102639.0, 37.85,2026-06-12
APCL, EQ, 12-Jun-2026,104.56,106.0,110.6,106.0,109.0,108.33,107.91,9974,10.76,226,7281.0, 73.00,2026-06-12
APCOTEXIND, EQ, 12-Jun-2026,521.75,522.0,541.9,519.8,533.25,529.3,530.78,115068,610.76,5352,46475.0, 40.39,2026-06-12
APEX, EQ, 12-Jun-2026,399.2,407.0,423.05,404.1,417.0,419.15,415.19,456468,1895.2,11804,123489.0, 27.05,2026-06-12
APEXECO, ST, 12-Jun-2026,184.0,185.3,190.0,185.3,186.0,186.0,185.68,12800,23.77,15,12800.0, 100.00,2026-06-12
APLAPOLLO, EQ, 12-Jun-2026,1764.1,1780.1,1822.6,1758.3,1820.0,1817.6,1788.2,737749,13192.44,69257,376567.0, 51.04,2026-06-12
APLLTD, EQ, 12-Jun-2026,734.65,749.25,754.45,738.3,745.1,743.35,743.98,86226,641.51,7412,17223.0, 19.97,2026-06-12
APOLLO, EQ, 12-Jun-2026,381.75,389.0,411.0,387.1,409.4,409.4,399.09,24583322,98109.6,249460,4134773.0, 16.82,2026-06-12
APOLLOHOSP, EQ, 12-Jun-2026,8493.0,8535.0,8558.0,8440.0,8500.0,8498.0,8495.58,276444,23485.53,25979,161482.0, 58.41,2026-06-12
APOLLOPIPE, EQ, 12-Jun-2026,478.65,483.0,498.15,482.05,495.0,495.0,490.19,96695,473.99,3700,34213.0, 35.38,2026-06-12
APOLLOTYRE, EQ, 12-Jun-2026,380.3,388.0,397.35,386.0,396.8,396.3,391.59,1147185,4492.24,26403,543671.0, 47.39,2026-06-12
APOLSINHOT, EQ, 12-Jun-2026,1294.2,1295.0,1295.0,1265.0,1265.0,1278.2,1282.11,377,4.83,89,308.0, 81.70,2026-06-12
APRAMEYA, SM, 12-Jun-2026,156.95,157.15,159.4,155.0,155.0,155.6,156.54,22000,34.44,43,17000.0, 77.27,2026-06-12
APS, SM, 12-Jun-2026,302.1,303.25,315.0,303.25,310.1,309.85,310.96,10000,31.1,36,7750.0, 77.50,2026-06-12
APSISAERO, ST, 12-Jun-2026,305.55,311.0,311.65,311.0,311.6,311.6,311.48,4800,14.95,3,4800.0, 100.00,2026-06-12
APTECHT, EQ, 12-Jun-2026,106.74,110.0,115.5,110.0,114.4,114.66,113.08,2218716,2508.98,22491,935805.0, 42.18,2026-06-12
APTUS, EQ, 12-Jun-2026,258.45,259.3,274.8,259.0,270.25,271.7,267.45,2489626,6658.62,30776,1318826.0, 52.97,2026-06-12
AQYLON, EQ, 12-Jun-2026,55.75,56.0,57.52,55.98,56.39,56.85,56.81,9500824,5397.44,5594,2916871.0, 30.70,2026-06-12
ARABIAN, SM, 12-Jun-2026,64.2,67.0,67.0,67.0,67.0,67.0,67.0,2000,1.34,1,2000.0, 100.00,2026-06-12
ARCHIDPLY, EQ, 12-Jun-2026,80.52,80.12,83.3,80.0,82.6,82.4,81.37,18146,14.76,131,11807.0, 65.07,2026-06-12
ARCHIES, EQ, 12-Jun-2026,13.67,13.67,15.0,13.67,14.09,13.89,14.14,20005,2.83,111,10414.0, 52.06,2026-06-12
ARCIIL, ST, 12-Jun-2026,44.0,42.3,42.3,41.8,41.8,41.8,41.83,30000,12.55,24,23000.0, 76.67,2026-06-12
ARE&M, EQ, 12-Jun-2026,796.3,810.0,825.0,806.5,823.0,823.65,815.26,428590,3494.14,20257,176167.0, 41.10,2026-06-12
ARENTERP, EQ, 12-Jun-2026,36.15,36.15,38.59,36.14,38.43,38.43,37.22,677,0.25,13,677.0, 100.00,2026-06-12
ARFIN, EQ, 12-Jun-2026,83.14,85.0,85.76,83.0,84.3,84.82,84.25,3385286,2851.98,8185,546503.0, 16.14,2026-06-12
ARHAM, SM, 12-Jun-2026,133.65,138.0,138.0,136.8,136.8,136.8,137.03,6000,8.22,6,6000.0, 100.00,2026-06-12
ARIES, EQ, 12-Jun-2026,326.4,325.25,339.9,325.25,336.35,336.35,335.39,26807,89.91,1283,14951.0, 55.77,2026-06-12
ARIHANT, EQ, 12-Jun-2026,861.65,859.85,875.0,825.0,870.85,858.0,846.31,7248,61.34,973,2789.0, 38.48,2026-06-12
ARIHANTACA, SM, 12-Jun-2026,465.0,465.0,469.0,465.0,469.0,469.0,467.5,1600,7.48,4,1600.0, 100.00,2026-06-12
ARIHANTCAP, EQ, 12-Jun-2026,61.95,62.6,70.8,62.31,69.45,69.03,68.17,2502865,1706.15,16124,421120.0, 16.83,2026-06-12
ARIHANTSUP, EQ, 12-Jun-2026,251.0,251.0,258.8,250.0,258.8,256.8,253.29,8342,21.13,331,2586.0, 31.00,2026-06-12
ARIS, EQ, 12-Jun-2026,112.65,114.95,122.26,112.8,120.6,120.13,117.83,2046684,2411.71,9790,934059.0, 45.64,2026-06-12
ARISTO, ST, 12-Jun-2026,91.05,86.6,94.8,86.6,94.8,94.8,90.82,4800,4.36,5,4800.0, 100.00,2026-06-12
ARKADE, EQ, 12-Jun-2026,111.22,112.05,114.5,111.48,114.0,114.3,113.24,244953,277.39,2452,93778.0, 38.28,2026-06-12
ARMANFIN, EQ, 12-Jun-2026,1581.2,1609.9,1656.6,1598.2,1632.5,1646.9,1631.28,22408,365.54,3018,10745.0, 47.95,2026-06-12
AROGRANITE, EQ, 12-Jun-2026,24.57,24.57,25.24,24.57,25.0,24.69,24.79,744,0.18,41,482.0, 64.78,2026-06-12
ARROWGREEN, BE, 12-Jun-2026,573.05,575.0,583.8,550.0,575.0,575.65,567.07,33504,189.99,466,, -,2026-06-12
ARSHIYA, BZ, 12-Jun-2026,1.07,1.08,1.12,1.07,1.07,1.08,1.11,334310,3.72,101,, -,2026-06-12
ARSSBL, EQ, 12-Jun-2026,510.65,519.0,545.0,517.25,540.1,542.95,534.77,346168,1851.21,11243,176473.0, 50.98,2026-06-12
ARTEMISMED, EQ, 12-Jun-2026,254.75,261.85,265.35,258.25,263.05,262.6,262.69,215595,566.35,5854,122802.0, 56.96,2026-06-12
ARTNIRMAN, EQ, 12-Jun-2026,39.35,42.6,42.75,39.02,40.0,40.07,41.21,4072,1.68,29,1923.0, 47.22,2026-06-12
ARUNAYA, ST, 12-Jun-2026,17.35,16.55,18.05,16.55,17.15,17.25,17.53,32000,5.61,16,26000.0, 81.25,2026-06-12
ARVEE, EQ, 12-Jun-2026,170.25,172.06,180.0,164.0,170.0,170.68,172.54,4256,7.34,230,1674.0, 39.33,2026-06-12
ARVIND, EQ, 12-Jun-2026,493.25,498.0,504.0,492.0,495.0,494.5,495.17,473209,2343.18,20188,276936.0, 58.52,2026-06-12
ARVINDFASN, EQ, 12-Jun-2026,445.95,447.2,454.15,445.85,452.25,450.2,449.66,79863,359.11,8282,38223.0, 47.86,2026-06-12
ARVINDPORT, ST, 12-Jun-2026,26.9,26.95,26.95,25.6,25.6,25.65,26.03,39000,10.15,23,37500.0, 96.15,2026-06-12
ARVSMART, EQ, 12-Jun-2026,561.85,569.0,575.55,557.5,571.0,573.9,570.12,10686,60.92,704,4439.0, 41.54,2026-06-12
ASAHIINDIA, EQ, 12-Jun-2026,860.55,875.0,887.15,869.55,880.0,883.6,878.74,37938,333.37,5195,20399.0, 53.77,2026-06-12
ASAHISONG, EQ, 12-Jun-2026,251.65,259.8,259.8,253.5,257.9,257.32,256.39,7217,18.5,811,3733.0, 51.73,2026-06-12
ASAL, EQ, 12-Jun-2026,486.4,490.0,503.65,490.0,503.6,501.3,496.97,14045,69.8,924,7363.0, 52.42,2026-06-12
ASALCBR, EQ, 12-Jun-2026,816.8,822.2,830.0,814.0,824.5,819.9,820.58,14483,118.85,1202,8816.0, 60.87,2026-06-12
ASHALOG, SM, 12-Jun-2026,54.45,54.4,56.55,54.4,56.55,56.55,55.13,3000,1.65,3,3000.0, 100.00,2026-06-12
ASHAPURMIN, EQ, 12-Jun-2026,678.25,685.5,695.95,678.35,691.0,692.05,687.36,324938,2233.5,12310,143915.0, 44.29,2026-06-12
ASHIANA, EQ, 12-Jun-2026,357.2,365.0,365.4,355.05,363.1,359.95,360.21,42470,152.98,1811,14364.0, 33.82,2026-06-12
ASHIKA, EQ, 12-Jun-2026,371.45,374.85,381.2,368.9,372.05,378.55,374.1,165103,617.65,2825,26779.0, 16.22,2026-06-12
ASHIMASYN, EQ, 12-Jun-2026,15.99,15.99,16.4,15.84,16.0,16.04,16.05,72949,11.71,269,63755.0, 87.40,2026-06-12
ASHOKA, EQ, 12-Jun-2026,115.15,117.0,124.0,116.87,123.0,123.06,120.87,1136082,1373.23,9450,507471.0, 44.67,2026-06-12
ASHOKAMET, EQ, 12-Jun-2026,15.16,15.15,15.6,14.87,15.0,15.12,15.18,10063,1.53,102,8560.0, 85.06,2026-06-12
ASHOKLEY, EQ, 12-Jun-2026,138.58,143.22,153.45,142.7,152.2,152.45,148.43,69272916,102818.79,208968,21872788.0, 31.57,2026-06-12
ASIANENE, EQ, 12-Jun-2026,362.0,366.0,371.9,362.85,366.95,366.2,366.79,187540,687.87,4796,74237.0, 39.58,2026-06-12
ASIANHOTNR, EQ, 12-Jun-2026,296.6,297.9,306.4,290.5,297.0,297.7,297.78,58016,172.76,2259,36114.0, 62.25,2026-06-12
ASIANPAINT, EQ, 12-Jun-2026,2690.9,2725.7,2753.0,2709.4,2740.1,2747.4,2738.21,1078025,29518.56,74851,542692.0, 50.34,2026-06-12
ASIANTILES, EQ, 12-Jun-2026,59.13,59.14,61.8,59.14,60.12,60.42,60.52,8020179,4853.86,18345,2728181.0, 34.02,2026-06-12
ASKAUTOLTD, EQ, 12-Jun-2026,422.9,424.9,435.0,424.25,430.1,429.35,429.76,126674,544.39,5547,76688.0, 60.54,2026-06-12
ASMS, EQ, 12-Jun-2026,7.08,7.2,7.3,7.14,7.25,7.25,7.23,290289,20.99,894,201525.0, 69.42,2026-06-12
ASPINWALL, EQ, 12-Jun-2026,240.14,233.7,247.9,233.7,240.0,240.79,240.6,1117,2.69,29,911.0, 81.56,2026-06-12
ASPIRE, SM, 12-Jun-2026,14.25,14.9,14.9,13.8,13.8,13.8,14.35,4000,0.57,2,2000.0, 50.00,2026-06-12
ASTAR, EQ, 12-Jun-2026,630.0,634.0,637.95,595.05,628.0,603.35,622.17,146,0.91,19,70.0, 47.95,2026-06-12
ASTEC, EQ, 12-Jun-2026,771.5,787.7,791.45,768.05,769.0,769.6,774.26,27813,215.35,1767,16312.0, 58.65,2026-06-12
ASTERDM, EQ, 12-Jun-2026,813.75,835.0,836.5,806.05,820.0,814.95,820.85,1181355,9697.14,47392,506303.0, 42.86,2026-06-12
ASTRAL, EQ, 12-Jun-2026,1490.2,1514.0,1531.6,1498.0,1503.1,1508.6,1514.35,833425,12621.0,39960,404688.0, 48.56,2026-06-12
ASTRAMICRO, EQ, 12-Jun-2026,1396.3,1419.0,1461.0,1418.8,1441.0,1443.8,1440.26,573205,8255.62,27576,219561.0, 38.30,2026-06-12
ASTRAZEN, EQ, 12-Jun-2026,8228.5,8299.0,8299.0,8213.0,8232.5,8249.5,8253.19,3066,253.04,1352,1304.0, 42.53,2026-06-12
ASTRON, BE, 12-Jun-2026,3.82,3.99,3.99,3.82,3.91,3.9,3.91,12790,0.5,49,, -,2026-06-12
ATALREAL, EQ, 12-Jun-2026,28.79,28.93,29.75,28.09,29.45,29.46,29.0,6724283,1950.37,10793,2052921.0, 30.53,2026-06-12
ATAM, EQ, 12-Jun-2026,70.02,71.98,72.09,70.1,71.0,71.54,71.4,4027,2.88,117,3027.0, 75.17,2026-06-12
ATCENERGY, ST, 12-Jun-2026,23.65,24.8,24.8,24.75,24.8,24.8,24.8,12000,2.98,10,12000.0, 100.00,2026-06-12
ATGL, EQ, 12-Jun-2026,716.15,727.05,736.0,718.45,728.5,728.5,726.08,3246129,23569.48,51962,579464.0, 17.85,2026-06-12
ATHERENERG, EQ, 12-Jun-2026,1027.4,1035.0,1058.0,1019.5,1028.0,1028.7,1036.38,2858859,29628.52,77122,622838.0, 21.79,2026-06-12
ATL, EQ, 12-Jun-2026,23.65,24.4,24.47,23.66,24.05,23.97,23.96,228339,54.71,871,128792.0, 56.40,2026-06-12
ATLANTAA, EQ, 12-Jun-2026,39.58,40.02,40.84,39.71,39.9,39.86,40.05,81805,32.76,1050,55165.0, 67.43,2026-06-12
ATLANTAELE, BE, 12-Jun-2026,1825.2,1865.0,1885.0,1775.5,1854.0,1843.7,1838.22,120812,2220.8,5178,, -,2026-06-12
ATLASCYCLE, EQ, 12-Jun-2026,97.58,98.8,99.0,97.6,98.01,98.39,98.38,2102,2.07,53,1434.0, 68.22,2026-06-12
ATLPP, E1, 12-Jun-2026,9.74,8.86,10.3,8.86,9.29,9.29,9.37,2688,0.25,36,2640.0, 98.21,2026-06-12
ATMASTCO, ST, 12-Jun-2026,173.35,175.0,180.9,172.05,180.9,177.2,176.45,27200,48.0,52,25600.0, 94.12,2026-06-12
ATUL, EQ, 12-Jun-2026,6496.5,6520.0,6619.0,6502.0,6505.0,6517.5,6538.51,21710,1419.51,6182,11442.0, 52.70,2026-06-12
ATULAUTO, EQ, 12-Jun-2026,437.65,440.05,458.1,440.05,456.3,455.7,449.45,119613,537.6,3704,53657.0, 44.86,2026-06-12
AUBANK, EQ, 12-Jun-2026,963.3,970.5,1019.45,959.1,1017.8,1015.5,994.98,4077611,40571.36,46997,2182343.0, 53.52,2026-06-12
AURIGROW, EQ, 12-Jun-2026,0.36,0.35,0.36,0.35,0.35,0.35,0.35,15887890,55.64,1236,7379298.0, 46.45,2026-06-12
AURIONPRO, EQ, 12-Jun-2026,752.5,772.0,789.0,764.05,779.0,777.25,775.68,197000,1528.09,9482,102661.0, 52.11,2026-06-12
AUROPHARMA, EQ, 12-Jun-2026,1464.1,1479.0,1481.0,1462.5,1468.0,1472.8,1474.57,669347,9869.96,19644,357017.0, 53.34,2026-06-12
AURUM, EQ, 12-Jun-2026,182.12,182.12,186.99,180.75,181.52,183.39,183.9,59537,109.49,1094,33334.0, 55.99,2026-06-12
AUSOMENT, BE, 12-Jun-2026,116.24,115.66,116.0,111.5,114.95,114.7,114.28,4719,5.39,58,, -,2026-06-12
AUTOAXLES, EQ, 12-Jun-2026,1639.2,1650.0,1699.7,1646.1,1696.7,1689.0,1672.16,10079,168.54,1371,6170.0, 61.22,2026-06-12
AUTOBEES, EQ, 12-Jun-2026,265.38,266.92,271.46,266.21,270.55,270.63,269.5,177396,478.08,2403,78838.0, 44.44,2026-06-12
AUTOIETF, EQ, 12-Jun-2026,26.55,26.71,27.3,26.63,27.1,27.1,26.87,822222,220.95,1818,476351.0, 57.93,2026-06-12
AUTOIND, BE, 12-Jun-2026,71.15,72.0,74.55,70.1,74.55,74.19,72.26,48305,34.9,327,, -,2026-06-12
AVADHSUGAR, BE, 12-Jun-2026,454.55,467.1,467.1,447.0,452.0,452.2,452.35,8118,36.72,173,, -,2026-06-12
AVALON, EQ, 12-Jun-2026,1568.2,1587.9,1696.0,1567.0,1691.0,1687.0,1644.42,476593,7837.17,35715,218771.0, 45.90,2026-06-12
AVANA, ST, 12-Jun-2026,122.75,127.9,128.85,125.6,128.85,128.85,128.21,16000,20.51,8,12000.0, 75.00,2026-06-12
AVANTEL, EQ, 12-Jun-2026,157.16,161.02,167.5,161.02,166.0,166.53,164.65,1526279,2513.02,14115,450987.0, 29.55,2026-06-12
AVANTIFEED, EQ, 12-Jun-2026,1034.1,1059.0,1064.0,1036.9,1064.0,1060.1,1049.78,447496,4697.74,25212,144570.0, 32.31,2026-06-12
AVG, EQ, 12-Jun-2026,168.22,167.0,189.0,167.0,178.4,178.43,179.29,377361,676.55,7250,173752.0, 46.04,2026-06-12
AVIANSH, SM, 12-Jun-2026,112.0,112.5,112.5,112.5,112.5,112.5,112.5,2000,2.25,2,2000.0, 100.00,2026-06-12
AVL, EQ, 12-Jun-2026,521.35,527.75,555.0,521.35,555.0,536.9,532.0,308304,1640.16,10926,210263.0, 68.20,2026-06-12
AVONMORE, EQ, 12-Jun-2026,10.08,10.5,11.6,10.5,11.01,10.87,11.07,585278,64.77,1451,355327.0, 60.71,2026-06-12
AVPINFRA, SM, 12-Jun-2026,72.05,72.2,72.2,71.2,72.0,72.0,71.64,19200,13.76,15,15200.0, 79.17,2026-06-12
AVROIND, EQ, 12-Jun-2026,10.58,10.95,11.13,10.62,11.02,11.0,10.88,194830,21.2,892,140853.0, 72.30,2026-06-12
AVTNPL, EQ, 12-Jun-2026,69.03,69.05,70.89,69.05,69.9,70.01,70.1,28657,20.09,715,15402.0, 53.75,2026-06-12
AWFIS, EQ, 12-Jun-2026,288.7,293.5,306.9,289.5,303.0,303.05,297.53,339170,1009.12,7519,154234.0, 45.47,2026-06-12
AWHCL, EQ, 12-Jun-2026,434.35,437.5,449.7,437.0,445.45,444.9,444.14,56548,251.15,2969,26850.0, 47.48,2026-06-12
AWL, EQ, 12-Jun-2026,185.42,187.75,191.78,186.45,190.5,190.82,188.97,3754363,7094.62,30086,2122566.0, 56.54,2026-06-12
AXISBANK, EQ, 12-Jun-2026,1317.3,1332.0,1358.5,1318.5,1353.0,1356.3,1341.6,8535670,114514.42,138231,5921588.0, 69.37,2026-06-12
AXISBNKETF, EQ, 12-Jun-2026,566.38,566.38,583.17,566.38,581.65,581.86,574.47,7197,41.34,56,6178.0, 85.84,2026-06-12
AXISCADES, EQ, 12-Jun-2026,1873.8,1900.0,1967.4,1881.2,1967.4,1947.6,1930.38,127112,2453.74,6430,56561.0, 44.50,2026-06-12
AXISCETF, EQ, 12-Jun-2026,113.65,114.21,115.84,113.81,115.07,115.77,114.44,298,0.34,18,274.0, 91.95,2026-06-12
AXISGOLD, EQ, 12-Jun-2026,119.82,122.81,123.38,121.77,123.35,123.24,122.6,6159487,7551.66,10996,5103830.0, 82.86,2026-06-12
AXISHCETF, EQ, 12-Jun-2026,157.75,157.8,159.37,157.44,157.8,158.37,158.43,2693,4.27,77,2577.0, 95.69,2026-06-12
AXISILVER, EQ, 12-Jun-2026,229.74,236.64,239.27,235.2,238.82,238.84,237.53,444399,1055.56,3836,292664.0, 65.86,2026-06-12
AXISNIFTY, EQ, 12-Jun-2026,255.57,258.13,263.0,256.71,260.16,261.17,260.17,30955,80.53,240,21252.0, 68.65,2026-06-12
AXISTECETF, EQ, 12-Jun-2026,306.92,306.92,307.58,305.0,306.06,306.22,306.09,2173,6.65,78,1748.0, 80.44,2026-06-12
AXISVALUE, EQ, 12-Jun-2026,32.9,33.72,33.72,32.89,33.39,33.21,33.22,1078939,358.37,413,1040669.0, 96.45,2026-06-12
AXITA, EQ, 12-Jun-2026,7.66,7.78,7.8,7.61,7.64,7.65,7.7,455800,35.08,1135,215091.0, 47.19,2026-06-12
AXSENSEX, EQ, 12-Jun-2026,76.34,77.59,78.25,76.18,78.2,78.21,77.28,14269,11.03,75,7749.0, 54.31,2026-06-12
AYE, EQ, 12-Jun-2026,140.23,143.74,151.0,141.42,150.48,149.86,146.99,915282,1345.41,11779,308568.0, 33.71,2026-06-12
AYMSYNTEX, EQ, 12-Jun-2026,215.11,219.06,227.64,215.5,222.5,224.03,221.35,20874,46.2,713,10724.0, 51.37,2026-06-12
AZAD, EQ, 12-Jun-2026,2105.7,2145.0,2178.5,2106.5,2135.0,2150.1,2134.51,483687,10324.33,34296,257569.0, 53.25,2026-06-12
BABAFP, SM, 12-Jun-2026,22.7,22.75,22.75,22.75,22.75,22.75,22.75,1600,0.36,1,1600.0, 100.00,2026-06-12
BAFNAPH, BE, 12-Jun-2026,174.15,179.9,179.9,165.45,165.45,165.45,166.49,67584,112.52,268,, -,2026-06-12
BAGDIGITAL, SM, 12-Jun-2026,108.0,112.5,112.5,112.5,112.5,112.5,112.5,1600,1.8,1,1600.0, 100.00,2026-06-12
BAGFILMS, EQ, 12-Jun-2026,4.91,5.0,5.04,4.87,5.04,4.98,4.98,34349,1.71,106,26802.0, 78.03,2026-06-12
BAGMANE, RR, 12-Jun-2026,103.39,103.35,103.55,103.2,103.25,103.39,103.46,791795,819.16,5770,727187.0, 91.84,2026-06-12
BAHETI, SM, 12-Jun-2026,598.25,625.0,625.0,606.0,610.95,610.7,609.15,16125,98.22,37,7125.0, 44.19,2026-06-12
BAIDFIN, EQ, 12-Jun-2026,9.79,9.9,10.2,9.77,9.87,9.88,9.88,162331,16.03,307,109423.0, 67.41,2026-06-12
BAJAJ-AUTO, EQ, 12-Jun-2026,10114.0,10226.0,10250.0,9922.0,10074.0,10063.0,10038.43,386190,38767.42,62832,174815.0, 45.27,2026-06-12
BAJAJCON, EQ, 12-Jun-2026,566.25,574.5,595.8,572.7,593.0,591.65,585.08,544779,3187.38,21666,275554.0, 50.58,2026-06-12
BAJAJELEC, EQ, 12-Jun-2026,304.95,307.5,312.55,303.5,310.2,310.95,306.84,245961,754.7,7024,130259.0, 52.96,2026-06-12
BAJAJFINSV, EQ, 12-Jun-2026,1645.1,1669.0,1692.0,1649.2,1691.9,1689.1,1669.92,1486234,24818.86,78428,883746.0, 59.46,2026-06-12
BAJAJHCARE, EQ, 12-Jun-2026,282.6,288.0,305.85,285.1,302.65,303.8,297.36,348703,1036.89,7030,151636.0, 43.49,2026-06-12
BAJAJHFL, EQ, 12-Jun-2026,82.84,83.7,84.79,83.35,84.61,84.59,84.03,3238810,2721.67,25856,1774755.0, 54.80,2026-06-12
BAJAJHIND, EQ, 12-Jun-2026,18.51,18.75,19.08,18.57,18.85,18.94,18.82,6827572,1285.16,9611,2552720.0, 37.39,2026-06-12
BAJAJHLDNG, EQ, 12-Jun-2026,9863.0,9958.0,10199.0,9904.0,10199.0,10161.0,10067.14,29301,2949.77,7260,14280.0, 48.74,2026-06-12
BAJAJINDEF, EQ, 12-Jun-2026,236.35,240.3,249.4,240.3,248.0,245.65,245.59,29896,73.42,724,19962.0, 66.77,2026-06-12
BAJAJST, EQ, 12-Jun-2026,360.95,379.9,379.9,350.05,365.05,367.05,366.49,9936,36.41,851,5643.0, 56.79,2026-06-12
BAJEL, EQ, 12-Jun-2026,194.3,195.65,198.97,193.51,198.35,198.49,196.7,270960,532.97,4283,103334.0, 38.14,2026-06-12
BAJFINANCE, EQ, 12-Jun-2026,870.55,881.2,921.0,881.1,920.0,918.3,900.97,11729668,105680.77,138258,6916631.0, 58.97,2026-06-12
BALAJEE, EQ, 12-Jun-2026,28.32,28.25,29.1,28.25,28.88,28.74,28.68,24001,6.88,175,14850.0, 61.87,2026-06-12
BALAJIPHOS, SM, 12-Jun-2026,90.0,87.55,91.5,87.5,90.0,90.0,89.94,68000,61.16,28,54000.0, 79.41,2026-06-12
BALAJITELE, EQ, 12-Jun-2026,84.91,86.2,88.83,85.84,88.3,88.35,87.36,83803,73.21,1143,41322.0, 49.31,2026-06-12
BALAMINES, EQ, 12-Jun-2026,2054.0,2091.1,2148.0,2078.8,2140.0,2133.0,2114.41,212251,4487.86,16153,57980.0, 27.32,2026-06-12
BALAXI, BE, 12-Jun-2026,23.24,23.7,23.7,22.5,23.1,22.85,22.96,34058,7.82,186,, -,2026-06-12
BALKRISHNA, EQ, 12-Jun-2026,17.72,17.8,18.05,17.8,17.96,17.95,17.86,1394,0.25,24,1394.0, 100.00,2026-06-12
BALKRISIND, EQ, 12-Jun-2026,1974.0,2010.0,2027.0,1990.0,2014.0,2013.1,2006.97,158591,3182.87,19758,82641.0, 52.11,2026-06-12
BALMLAWRIE, EQ, 12-Jun-2026,170.39,172.0,175.4,172.0,174.1,174.96,173.82,93809,163.06,1835,59035.0, 62.93,2026-06-12
BALPHARMA, EQ, 12-Jun-2026,84.12,85.78,89.99,84.35,86.1,86.19,87.27,70095,61.17,2945,15256.0, 21.76,2026-06-12
BALRAMCHIN, EQ, 12-Jun-2026,548.55,548.95,552.0,536.0,540.6,539.95,541.49,383704,2077.71,11757,131714.0, 34.33,2026-06-12
BALUFORGE, EQ, 12-Jun-2026,427.6,436.5,452.15,431.5,448.85,448.8,442.13,525546,2323.6,11829,230467.0, 43.85,2026-06-12
BANARBEADS, EQ, 12-Jun-2026,101.67,101.9,103.98,100.01,102.0,101.57,102.05,6603,6.74,527,2764.0, 41.86,2026-06-12
BANARISUG, EQ, 12-Jun-2026,3603.9,3615.0,3666.0,3600.0,3620.0,3615.6,3610.13,1535,55.42,64,1177.0, 76.68,2026-06-12
BANCOINDIA, EQ, 12-Jun-2026,668.95,676.3,697.65,658.4,685.2,689.55,681.07,758446,5165.57,32888,259131.0, 34.17,2026-06-12
BANDHANBNK, EQ, 12-Jun-2026,193.9,198.0,206.17,194.4,205.98,204.6,201.91,10237548,20670.36,48473,4427164.0, 43.24,2026-06-12
BANG, EQ, 12-Jun-2026,33.67,33.85,36.5,29.0,31.92,31.73,31.38,165657,51.98,1481,73337.0, 44.27,2026-06-12
BANK10ADD, EQ, 12-Jun-2026,16.42,16.55,17.0,16.53,17.0,16.83,16.66,87073,14.51,146,72805.0, 83.61,2026-06-12
BANKA, BE, 12-Jun-2026,92.42,92.42,92.42,90.58,90.6,90.6,92.16,2075,1.91,15,, -,2026-06-12
BANKADD, EQ, 12-Jun-2026,56.29,56.98,57.98,56.86,57.84,57.88,57.53,78618,45.23,190,76100.0, 96.80,2026-06-12
BANKBARODA, EQ, 12-Jun-2026,267.6,270.05,276.1,268.65,274.5,274.75,273.35,27384601,74855.75,98030,13790251.0, 50.36,2026-06-12
BANKBEES, EQ, 12-Jun-2026,569.24,575.63,586.1,574.02,585.05,585.42,580.36,1709650,9922.15,13557,1231124.0, 72.01,2026-06-12
BANKBETA, EQ, 12-Jun-2026,56.93,55.5,59.5,55.5,58.4,58.83,58.7,2872829,1686.46,964,2701253.0, 94.03,2026-06-12
BANKBETF, EQ, 12-Jun-2026,55.98,56.75,57.49,56.38,57.38,57.37,56.87,74376,42.3,244,69505.0, 93.45,2026-06-12
BANKETF, EQ, 12-Jun-2026,559.96,567.88,577.38,565.54,576.38,576.84,570.86,69562,397.1,829,41695.0, 59.94,2026-06-12
BANKIETF, EQ, 12-Jun-2026,56.46,56.7,58.12,56.7,58.05,58.04,57.56,1631265,939.0,2277,1203666.0, 73.79,2026-06-12
BANKINDIA, EQ, 12-Jun-2026,141.38,144.0,145.95,141.91,145.7,145.68,144.19,9184204,13242.94,44530,4059392.0, 44.20,2026-06-12
BANKNIFTY1, EQ, 12-Jun-2026,57.13,58.55,58.75,57.65,58.63,58.68,57.91,2053980,1189.36,733,1939826.0, 94.44,2026-06-12
BANKPSU, EQ, 12-Jun-2026,83.89,85.0,86.24,84.71,86.2,86.1,85.33,42820,36.54,140,24914.0, 58.18,2026-06-12
BANSALWIRE, EQ, 12-Jun-2026,289.1,290.0,305.15,290.0,304.0,303.85,299.99,54960,164.88,1178,28057.0, 51.05,2026-06-12
BANSWRAS, EQ, 12-Jun-2026,127.02,128.86,134.49,127.8,133.49,132.56,131.72,65838,86.72,619,53424.0, 81.14,2026-06-12
BARFLEX, SM, 12-Jun-2026,57.2,58.9,58.9,57.8,57.8,57.8,58.23,6000,3.49,3,4000.0, 66.67,2026-06-12
BASF, EQ, 12-Jun-2026,3252.0,3267.9,3369.5,3259.0,3361.0,3356.5,3323.41,12145,403.63,3083,5618.0, 46.26,2026-06-12
BASILIC, SM, 12-Jun-2026,205.35,206.0,209.85,202.05,204.0,203.2,205.1,5700,11.69,19,4200.0, 73.68,2026-06-12
BASML, EQ, 12-Jun-2026,24.89,24.83,25.64,24.61,24.82,24.75,24.89,288793,71.89,914,228542.0, 79.14,2026-06-12
BATAINDIA, EQ, 12-Jun-2026,657.85,660.2,671.8,658.3,671.6,669.1,664.08,101059,671.12,9302,54598.0, 54.03,2026-06-12
BATLIBOI, EQ, 12-Jun-2026,74.48,77.1,77.1,73.1,75.06,74.74,74.78,14371,10.75,349,7701.0, 53.59,2026-06-12
BAWEJA, ST, 12-Jun-2026,29.7,28.65,28.65,28.5,28.5,28.5,28.58,1600,0.46,2,1600.0, 100.00,2026-06-12
BAYERCROP, EQ, 12-Jun-2026,4218.8,4249.6,4270.2,4230.0,4245.0,4247.6,4247.36,10352,439.69,2866,6529.0, 63.07,2026-06-12
BBETF0432, EQ, 12-Jun-2026,1332.3,1334.0,1334.0,1325.1,1325.56,1330.03,1327.59,4011,53.25,68,3902.0, 97.28,2026-06-12
BBL, EQ, 12-Jun-2026,2695.3,2715.0,2788.1,2715.0,2783.0,2778.6,2767.74,18657,516.38,2676,8780.0, 47.06,2026-06-12
BBNPNBETF, EQ, 12-Jun-2026,55.65,55.85,57.3,55.85,56.95,56.95,56.2,5717,3.21,62,5638.0, 98.62,2026-06-12
BBNPPGOLD, EQ, 12-Jun-2026,140.4,147.0,147.0,140.55,143.45,143.4,141.72,33343,47.25,72,30140.0, 90.39,2026-06-12
BBOX, EQ, 12-Jun-2026,988.5,1000.0,1028.8,982.7,1016.4,1018.6,1012.87,567032,5743.32,22682,191134.0, 33.71,2026-06-12
BBTC, EQ, 12-Jun-2026,1490.0,1500.3,1525.0,1494.7,1515.0,1518.8,1507.96,31633,477.01,4848,18880.0, 59.68,2026-06-12
BBTCL, EQ, 12-Jun-2026,225.08,225.57,229.95,221.0,221.0,221.78,222.74,9140,20.36,176,5199.0, 56.88,2026-06-12
BCG, EQ, 12-Jun-2026,10.23,10.59,10.99,10.36,10.98,10.91,10.72,12407559,1330.03,10052,3930623.0, 31.68,2026-06-12
BCLIND, EQ, 12-Jun-2026,38.14,38.64,38.84,37.53,37.9,37.79,38.13,1451996,553.58,6526,565818.0, 38.97,2026-06-12
BCONCEPTS, EQ, 12-Jun-2026,178.05,184.3,189.39,176.17,177.05,178.37,178.33,23155,41.29,1118,13086.0, 56.51,2026-06-12
BCPL, EQ, 12-Jun-2026,75.64,76.05,77.82,76.05,77.1,77.03,77.11,18894,14.57,538,10753.0, 56.91,2026-06-12
BDL, EQ, 12-Jun-2026,1160.3,1178.0,1204.0,1167.8,1202.0,1200.2,1186.2,627410,7442.33,21407,181800.0, 28.98,2026-06-12
BEARDSELL, EQ, 12-Jun-2026,27.0,27.49,28.24,27.2,28.24,27.77,27.44,7380,2.03,136,5207.0, 70.56,2026-06-12
BECTORFOOD, EQ, 12-Jun-2026,177.46,179.0,183.5,177.14,181.62,181.65,180.72,535360,967.49,19283,276778.0, 51.70,2026-06-12
BEDMUTHA, EQ, 12-Jun-2026,108.41,109.73,112.0,108.5,112.0,111.13,109.5,3770,4.13,39,3355.0, 88.99,2026-06-12
BEEKAY, EQ, 12-Jun-2026,399.0,403.0,413.0,401.05,402.2,405.1,404.94,309,1.25,41,190.0, 61.49,2026-06-12
BEL, EQ, 12-Jun-2026,402.3,407.35,409.0,403.3,407.8,406.5,406.17,8086130,32843.8,97883,4195332.0, 51.88,2026-06-12
BELLACASA, EQ, 12-Jun-2026,225.48,226.2,236.58,225.15,226.2,229.26,230.17,9240,21.27,545,4388.0, 47.49,2026-06-12
BELRISE, EQ, 12-Jun-2026,220.39,225.0,229.75,223.21,228.01,228.23,226.56,2973217,6736.17,32489,903936.0, 30.40,2026-06-12
BEML, EQ, 12-Jun-2026,1727.4,1745.1,1780.2,1745.1,1773.0,1775.7,1764.28,119748,2112.69,10725,52740.0, 44.04,2026-06-12
BENGALASM, EQ, 12-Jun-2026,6404.5,6413.5,6571.0,6410.0,6410.5,6411.5,6468.8,535,34.61,143,417.0, 77.94,2026-06-12
BEPL, EQ, 12-Jun-2026,94.21,94.91,97.4,94.91,97.2,97.15,96.4,263140,253.67,2468,146253.0, 55.58,2026-06-12
BERGEPAINT, EQ, 12-Jun-2026,513.95,521.0,523.35,510.0,520.0,515.15,516.4,382979,1977.71,17188,227859.0, 59.50,2026-06-12
BESTAGRO, EQ, 12-Jun-2026,15.33,15.81,16.0,15.5,15.75,15.81,15.76,236436,37.26,863,141799.0, 59.97,2026-06-12
BETA, EQ, 12-Jun-2026,1476.0,1525.0,1771.2,1525.0,1771.2,1771.2,1723.73,180651,3113.94,9815,59557.0, 32.97,2026-06-12
BEWLTD, SM, 12-Jun-2026,66.55,71.5,71.5,64.5,64.5,64.65,66.8,20000,13.36,28,14000.0, 70.00,2026-06-12
BFINVEST, EQ, 12-Jun-2026,423.75,427.8,442.45,427.8,439.0,437.3,437.53,58459,255.78,2428,24241.0, 41.47,2026-06-12
BFSI, EQ, 12-Jun-2026,26.03,25.95,28.2,25.95,26.9,27.02,26.74,659562,176.35,946,476902.0, 72.31,2026-06-12
BFUTILITIE, EQ, 12-Jun-2026,578.5,585.0,644.0,585.0,617.2,621.85,624.19,410336,2561.27,14491,122078.0, 29.75,2026-06-12
BGRENERGY, BE, 12-Jun-2026,320.05,320.1,333.0,320.0,323.0,324.65,325.26,64779,210.7,750,, -,2026-06-12
BHADORA, SM, 12-Jun-2026,57.4,59.8,59.9,53.95,59.9,59.65,55.72,112800,62.86,61,73200.0, 64.89,2026-06-12
BHAGCHEM, EQ, 12-Jun-2026,257.34,259.7,274.56,259.7,271.0,270.04,269.66,235100,633.96,3990,106911.0, 45.47,2026-06-12
BHAGERIA, EQ, 12-Jun-2026,205.37,206.02,210.2,206.0,209.5,209.25,208.67,59871,124.94,799,41890.0, 69.97,2026-06-12
BHAGYANGR, BE, 12-Jun-2026,304.8,310.0,314.9,304.5,311.0,310.6,309.8,59502,184.34,916,, -,2026-06-12
BHANDARI, BE, 12-Jun-2026,2.99,3.06,3.06,2.91,2.97,3.0,2.99,182629,5.46,303,, -,2026-06-12
BHARATCOAL, EQ, 12-Jun-2026,36.65,37.4,38.15,37.15,37.55,37.57,37.62,31394348,11812.06,46292,10135226.0, 32.28,2026-06-12
BHARATFORG, EQ, 12-Jun-2026,1942.9,1952.0,1982.7,1912.2,1938.6,1945.1,1940.23,893592,17337.76,42514,356149.0, 39.86,2026-06-12
BHARATGEAR, EQ, 12-Jun-2026,109.54,110.98,112.39,110.01,111.88,111.12,111.01,24829,27.56,911,12373.0, 49.83,2026-06-12
BHARATRAS, EQ, 12-Jun-2026,1368.6,1376.0,1409.0,1376.0,1409.0,1405.1,1394.81,3333,46.49,692,1788.0, 53.65,2026-06-12
BHARATSE, EQ, 12-Jun-2026,172.54,174.49,180.98,174.49,180.14,180.19,178.24,94909,169.16,1695,41014.0, 43.21,2026-06-12
BHARATWIRE, EQ, 12-Jun-2026,198.07,202.98,210.6,199.86,208.98,208.99,205.53,146576,301.25,3950,54454.0, 37.15,2026-06-12
BHARTIARTL, EQ, 12-Jun-2026,1782.6,1784.0,1825.0,1784.0,1825.0,1822.5,1812.87,5910557,107150.77,147154,4356372.0, 73.70,2026-06-12
BHARTIHEXA, EQ, 12-Jun-2026,1478.5,1487.0,1492.0,1452.4,1473.2,1477.4,1471.48,171859,2528.87,16857,102576.0, 59.69,2026-06-12
BHEL, EQ, 12-Jun-2026,370.65,379.6,380.15,369.7,377.75,378.75,375.76,9280094,34871.08,87929,3702167.0, 39.89,2026-06-12
BI, EQ, 12-Jun-2026,59.74,61.0,61.76,59.28,59.35,59.79,60.38,21917,13.23,259,14584.0, 66.54,2026-06-12
BIGBLOC, EQ, 12-Jun-2026,47.68,47.68,50.0,47.68,48.92,49.22,48.87,49544,24.21,1092,24678.0, 49.81,2026-06-12
BIKAJI, EQ, 12-Jun-2026,671.65,674.0,680.0,667.6,678.0,673.8,674.01,403915,2722.45,7647,322992.0, 79.97,2026-06-12
BIKEWO, SM, 12-Jun-2026,27.65,28.0,31.0,26.65,31.0,30.35,29.43,68000,20.01,33,62000.0, 91.18,2026-06-12
BIL, EQ, 12-Jun-2026,673.15,690.0,702.95,680.1,697.0,694.05,691.75,2660,18.4,196,1956.0, 73.53,2026-06-12
BILVYAPAR, BE, 12-Jun-2026,3.92,4.1,4.1,3.91,4.0,3.99,4.01,9855,0.4,47,, -,2026-06-12
BIMETAL, EQ, 12-Jun-2026,640.25,622.4,635.0,622.4,631.5,631.5,632.64,167,1.06,5,167.0, 100.00,2026-06-12
BIOCON, EQ, 12-Jun-2026,415.95,419.5,422.15,414.5,417.25,419.0,419.02,1674659,7017.14,25705,657584.0, 39.27,2026-06-12
BIOFILCHEM, EQ, 12-Jun-2026,35.4,36.3,37.5,35.56,36.0,36.25,36.25,234649,85.07,1089,84988.0, 36.22,2026-06-12
BIOPOL, SM, 12-Jun-2026,92.4,92.5,94.7,90.0,94.7,91.95,91.79,118800,109.04,67,92400.0, 77.78,2026-06-12
BIRDYS, ST, 12-Jun-2026,117.5,111.75,111.75,111.65,111.65,111.65,111.7,2400,2.68,2,2400.0, 100.00,2026-06-12
BIRET, RR, 12-Jun-2026,319.46,319.5,321.49,319.11,319.56,319.36,319.61,271534,867.84,4497,244096.0, 89.90,2026-06-12
BIRLACABLE, BE, 12-Jun-2026,184.89,187.9,194.13,187.9,194.13,194.13,192.93,46619,89.94,306,, -,2026-06-12
BIRLACORPN, EQ, 12-Jun-2026,928.3,933.2,958.95,932.15,944.65,951.1,944.12,29812,281.46,2753,13012.0, 43.65,2026-06-12
BIRLAMONEY, EQ, 12-Jun-2026,124.61,126.3,132.65,126.3,132.4,131.32,129.78,62005,80.47,1138,32261.0, 52.03,2026-06-12
BIRLANU, EQ, 12-Jun-2026,1255.5,1269.5,1394.9,1261.9,1353.1,1364.0,1348.12,30532,411.61,2786,12796.0, 41.91,2026-06-12
BIRLAPREC, EQ, 12-Jun-2026,35.86,35.7,37.67,35.7,36.8,36.95,37.03,38111,14.11,364,26371.0, 69.20,2026-06-12
BLACKBUCK, EQ, 12-Jun-2026,532.4,538.0,548.6,529.75,547.0,546.4,539.79,371924,2007.59,17721,191310.0, 51.44,2026-06-12
BLACKROSE, EQ, 12-Jun-2026,90.48,92.69,92.7,87.61,90.6,90.21,89.43,30894,27.63,791,22408.0, 72.53,2026-06-12
BLAL, EQ, 12-Jun-2026,182.48,182.48,187.5,181.01,183.55,182.8,183.78,63230,116.21,3178,18103.0, 28.63,2026-06-12
BLBLIMITED, EQ, 12-Jun-2026,15.76,15.8,16.44,15.7,16.35,16.31,16.09,34929,5.62,88,32695.0, 93.60,2026-06-12
BLIL, EQ, 12-Jun-2026,70.14,70.4,71.25,67.0,70.83,69.88,70.39,46843,32.97,995,37974.0, 81.07,2026-06-12
BLISSGVS, EQ, 12-Jun-2026,436.55,441.4,449.9,435.55,437.0,437.85,441.73,521869,2305.24,7618,212024.0, 40.63,2026-06-12
BLKASHYAP, EQ, 12-Jun-2026,51.29,52.0,54.4,51.5,53.9,53.75,52.81,624257,329.64,6684,215867.0, 34.58,2026-06-12
BLS, EQ, 12-Jun-2026,250.85,256.0,263.8,253.05,262.5,262.1,258.91,1265103,3275.48,20492,405381.0, 32.04,2026-06-12
BLSE, EQ, 12-Jun-2026,225.19,225.19,231.29,225.02,228.0,228.4,228.22,185414,423.15,2895,73005.0, 39.37,2026-06-12
BLUECOAST, BE, 12-Jun-2026,29.99,28.55,29.0,28.5,28.5,28.5,28.56,1426,0.41,26,, -,2026-06-12
BLUEDART, EQ, 12-Jun-2026,4710.1,4730.1,4776.9,4725.6,4770.0,4758.6,4754.6,23564,1120.37,4868,13692.0, 58.11,2026-06-12
BLUEJET, EQ, 12-Jun-2026,498.45,501.0,520.8,493.65,512.0,512.5,511.15,1385858,7083.84,36283,415070.0, 29.95,2026-06-12
BLUEPEBBLE, SM, 12-Jun-2026,72.1,73.0,73.0,72.0,73.0,72.5,72.8,2000,1.46,5,1600.0, 80.00,2026-06-12
BLUESTARCO, EQ, 12-Jun-2026,1556.8,1569.9,1587.9,1556.2,1581.9,1583.8,1573.08,141096,2219.56,9952,36766.0, 26.06,2026-06-12
BLUESTONE, EQ, 12-Jun-2026,515.3,526.5,526.5,512.0,519.5,520.5,517.26,342400,1771.11,6919,246042.0, 71.86,2026-06-12
BLUEWATER, ST, 12-Jun-2026,300.0,308.0,315.0,308.0,314.0,313.75,311.58,13000,40.51,13,13000.0, 100.00,2026-06-12
BLUSPRING, EQ, 12-Jun-2026,83.77,85.0,92.8,85.0,88.11,88.36,89.54,671548,601.31,5242,282648.0, 42.09,2026-06-12
BMETRICS, SM, 12-Jun-2026,35.2,35.2,35.2,35.2,35.2,35.2,35.2,800,0.28,1,800.0, 100.00,2026-06-12
BMLL, SM, 12-Jun-2026,119.2,127.9,136.5,121.0,133.0,134.55,126.83,214000,271.42,117,122000.0, 57.01,2026-06-12
BMWVENTLTD, EQ, 12-Jun-2026,59.16,59.2,60.59,58.51,59.19,58.96,59.22,96888,57.37,1157,64684.0, 66.76,2026-06-12
BNAGROCHEM, BE, 12-Jun-2026,283.0,276.05,293.95,269.0,290.0,280.6,276.92,1646,4.56,128,, -,2026-06-12
BNALTD, EQ, 12-Jun-2026,340.0,340.0,340.0,340.0,340.0,340.0,340.0,112,0.38,4,112.0, 100.00,2026-06-12
BODALCHEM, BE, 12-Jun-2026,66.85,68.0,68.85,67.1,68.1,68.31,67.86,59521,40.39,436,, -,2026-06-12
BOHRAIND, EQ, 12-Jun-2026,16.91,16.7,17.75,16.1,16.5,17.36,17.21,7419,1.28,37,5922.0, 79.82,2026-06-12
BOMDYEING, EQ, 12-Jun-2026,122.34,124.0,127.66,124.0,127.0,127.15,126.23,695762,878.29,7274,300146.0, 43.14,2026-06-12
BONLON, EQ, 12-Jun-2026,40.81,41.95,42.85,40.5,42.81,42.83,42.07,8233,3.46,95,6754.0, 82.04,2026-06-12
BORANA, EQ, 12-Jun-2026,323.7,323.7,326.4,318.1,319.2,320.0,321.98,21859,70.38,793,13336.0, 61.01,2026-06-12
BOROLTD, EQ, 12-Jun-2026,217.56,219.9,222.5,218.0,222.4,220.87,220.08,66017,145.29,2320,33791.0, 51.19,2026-06-12
BORORENEW, EQ, 12-Jun-2026,516.7,521.0,545.9,521.0,543.75,544.6,539.89,1272245,6868.78,26208,639393.0, 50.26,2026-06-12
BOROSCI, EQ, 12-Jun-2026,151.88,152.3,156.3,152.02,153.8,152.98,154.39,112955,174.39,1902,56414.0, 49.94,2026-06-12
BOSCH-HCIL, EQ, 12-Jun-2026,1321.8,1328.3,1350.0,1310.2,1336.0,1331.7,1331.9,9002,119.9,978,5287.0, 58.73,2026-06-12
BOSCHLTD, EQ, 12-Jun-2026,37565.0,38320.0,39450.0,38310.0,39080.0,39060.0,38988.56,78501,30606.41,27259,30266.0, 38.55,2026-06-12
BOSS, SM, 12-Jun-2026,34.0,35.7,35.7,35.7,35.7,35.7,35.7,2000,0.71,1,2000.0, 100.00,2026-06-12
BPCL, EQ, 12-Jun-2026,286.35,293.1,303.8,292.55,302.5,302.35,297.52,11278769,33556.52,87607,4349834.0, 38.57,2026-06-12
BPL, EQ, 12-Jun-2026,50.93,50.93,52.54,50.93,51.55,51.6,51.89,31531,16.36,785,17304.0, 54.88,2026-06-12
BRACEPORT, SM, 12-Jun-2026,51.0,54.5,54.5,54.5,54.5,54.5,54.5,1600,0.87,1,1600.0, 100.00,2026-06-12
BRANDMAN, ST, 12-Jun-2026,160.0,164.95,165.0,160.0,160.0,160.5,163.52,36800,60.17,19,34400.0, 93.48,2026-06-12
BRIGADE, EQ, 12-Jun-2026,648.45,660.0,681.9,654.55,676.2,678.6,667.93,327570,2187.94,15009,158293.0, 48.32,2026-06-12
BRIGHOTEL, EQ, 12-Jun-2026,62.06,62.06,63.43,62.0,63.0,62.31,62.3,62405,38.88,1726,43093.0, 69.05,2026-06-12
BRITANNIA, EQ, 12-Jun-2026,5113.0,5128.5,5178.5,5115.0,5174.0,5165.5,5151.75,242017,12468.12,22588,134263.0, 55.48,2026-06-12
BRNL, EQ, 12-Jun-2026,18.83,18.83,19.49,18.67,18.91,19.01,18.97,24366,4.62,213,19236.0, 78.95,2026-06-12
BROOKS, BE, 12-Jun-2026,65.05,65.05,66.89,65.0,66.8,66.56,65.95,8912,5.88,87,, -,2026-06-12
BSE, EQ, 12-Jun-2026,3888.3,3950.0,4055.5,3906.9,4048.0,4041.1,3977.04,2887848,114850.97,119119,841204.0, 29.13,2026-06-12
BSE500IETF, EQ, 12-Jun-2026,37.32,37.32,38.17,37.32,38.17,38.03,37.92,76085,28.85,1187,42722.0, 56.15,2026-06-12
BSHSL, BE, 12-Jun-2026,94.4,94.4,95.5,90.0,94.0,93.74,92.24,4639,4.28,84,, -,2026-06-12
BSL, EQ, 12-Jun-2026,122.63,126.5,126.5,122.25,124.99,123.2,123.32,2020,2.49,59,1616.0, 80.00,2026-06-12
BSLGOLDETF, EQ, 12-Jun-2026,127.42,130.6,130.6,128.43,129.56,129.43,129.07,416175,537.14,3070,145948.0, 35.07,2026-06-12
BSLNIFTY, EQ, 12-Jun-2026,27.02,26.7,27.69,26.7,27.57,27.52,27.37,274718,75.18,4178,178171.0, 64.86,2026-06-12
BSLSENETFG, EQ, 12-Jun-2026,74.22,74.59,75.9,74.59,75.6,75.66,75.31,13899,10.47,124,12823.0, 92.26,2026-06-12
BSOFT, EQ, 12-Jun-2026,310.85,316.0,318.7,309.55,317.4,316.0,313.05,698932,2188.03,17075,247298.0, 35.38,2026-06-12
BTML, EQ, 12-Jun-2026,6.6,6.63,6.63,6.5,6.5,6.5,6.52,57612,3.76,145,39061.0, 67.80,2026-06-12
BTTL, EQ, 12-Jun-2026,34.9,34.07,35.6,34.07,35.0,35.0,34.5,1621,0.56,23,1565.0, 96.55,2026-06-12
BUILDPRO, EQ, 12-Jun-2026,1028.3,1043.7,1058.4,1011.7,1030.0,1020.3,1026.69,26991,277.11,2715,15518.0, 57.49,2026-06-12
BUTTERFLY, EQ, 12-Jun-2026,625.65,625.65,638.8,620.0,633.0,627.1,628.84,17061,107.29,1117,7265.0, 42.58,2026-06-12
BVCL, EQ, 12-Jun-2026,40.01,40.2,41.93,40.0,41.1,41.54,40.92,11474,4.7,88,8512.0, 74.19,2026-06-12
BYKE, EQ, 12-Jun-2026,33.38,32.31,34.87,32.31,34.0,33.91,33.61,42553,14.3,327,28762.0, 67.59,2026-06-12
C2C, SM, 12-Jun-2026,341.7,345.7,358.0,345.7,353.0,352.2,352.42,80850,284.93,429,53850.0, 66.60,2026-06-12
CALSOFT, BE, 12-Jun-2026,20.11,19.81,20.43,19.81,19.87,19.95,19.98,41277,8.25,214,, -,2026-06-12
CAMLINFINE, EQ, 12-Jun-2026,124.72,127.82,138.7,127.21,137.0,136.73,136.34,6918740,9432.69,50506,1525153.0, 22.04,2026-06-12
CAMPUS, EQ, 12-Jun-2026,231.85,234.85,239.85,231.0,238.9,238.4,234.74,216277,507.68,6632,86253.0, 39.88,2026-06-12
CAMS, EQ, 12-Jun-2026,722.65,734.0,760.0,732.7,759.5,757.55,744.5,910431,6778.17,32497,447358.0, 49.14,2026-06-12
CANARYS, SM, 12-Jun-2026,19.0,19.35,19.45,19.15,19.15,19.15,19.24,48000,9.23,10,44000.0, 91.67,2026-06-12
CANBK, EQ, 12-Jun-2026,131.52,130.0,131.92,128.8,131.6,131.67,130.3,25287693,32950.3,86365,8135026.0, 32.17,2026-06-12
CANFINHOME, EQ, 12-Jun-2026,844.5,848.0,865.95,840.65,864.0,862.3,854.65,313967,2683.33,31488,159767.0, 50.89,2026-06-12
CANHLIFE, EQ, 12-Jun-2026,139.33,139.51,140.99,138.05,138.4,138.68,139.31,305328,425.35,7833,145331.0, 47.60,2026-06-12
CANTABIL, EQ, 12-Jun-2026,214.09,215.3,218.44,214.41,216.95,217.04,216.36,32551,70.43,1214,17006.0, 52.24,2026-06-12
CAPACITE, EQ, 12-Jun-2026,211.61,214.31,222.0,214.31,220.21,220.96,218.38,153376,334.94,3746,78138.0, 50.95,2026-06-12
CAPILLARY, EQ, 12-Jun-2026,497.5,502.95,545.0,477.05,511.0,508.05,512.56,5664651,29034.64,112300,1206615.0, 21.30,2026-06-12
CAPINVIT, IV, 12-Jun-2026,71.75,72.39,73.05,71.75,72.9,72.93,72.44,396741,287.41,1697,268983.0, 67.80,2026-06-12
CAPITALSFB, EQ, 12-Jun-2026,277.95,282.0,282.95,278.35,282.9,281.7,281.33,15024,42.27,1171,10553.0, 70.24,2026-06-12
CAPLIPOINT, EQ, 12-Jun-2026,2331.0,2350.0,2425.0,2344.0,2415.0,2407.8,2394.69,226664,5427.9,23690,78758.0, 34.75,2026-06-12
CAPTRUST, BE, 12-Jun-2026,12.97,13.3,13.48,12.7,13.4,13.28,13.27,13569,1.8,57,, -,2026-06-12
CARBORUNIV, EQ, 12-Jun-2026,997.8,1002.0,1060.0,996.0,1049.3,1053.1,1024.98,367180,3763.54,22731,203898.0, 55.53,2026-06-12
CARERATING, EQ, 12-Jun-2026,1598.9,1605.0,1635.0,1600.0,1626.5,1626.0,1617.75,18144,293.52,2454,9262.0, 51.05,2026-06-12
CARRARO, EQ, 12-Jun-2026,502.4,506.7,528.0,506.7,528.0,525.9,517.93,70015,362.63,3016,40368.0, 57.66,2026-06-12
CARTRADE, EQ, 12-Jun-2026,2385.4,2404.9,2419.4,2310.7,2341.0,2345.3,2358.86,1019499,24048.58,73526,320238.0, 31.41,2026-06-12
CARYSIL, EQ, 12-Jun-2026,1163.8,1195.0,1199.9,1164.5,1189.0,1178.9,1180.27,121248,1431.06,8705,58022.0, 47.85,2026-06-12
CASHIETF, EQ, 12-Jun-2026,1065.92,1065.92,1066.37,1063.87,1066.37,1066.36,1066.37,244709,2609.49,98,228635.0, 93.43,2026-06-12
CASTROLIND, EQ, 12-Jun-2026,182.11,182.79,183.05,182.11,182.71,182.68,182.59,676849,1235.84,9176,495154.0, 73.16,2026-06-12
CCAVENUE, EQ, 12-Jun-2026,13.24,13.32,13.58,13.32,13.56,13.5,13.45,6905158,928.99,12657,3452745.0, 50.00,2026-06-12
CCCL, EQ, 12-Jun-2026,14.68,14.85,15.2,14.71,14.77,14.8,14.86,119836,17.81,321,90749.0, 75.73,2026-06-12
CCHHL, EQ, 12-Jun-2026,12.91,11.03,13.13,11.03,12.99,12.95,12.07,174861,21.1,556,65458.0, 37.43,2026-06-12
CCL, EQ, 12-Jun-2026,1133.1,1149.0,1153.5,1120.0,1129.0,1129.3,1137.21,409213,4653.62,25013,183806.0, 44.92,2026-06-12
CDSL, EQ, 12-Jun-2026,1190.2,1210.0,1230.4,1202.5,1228.0,1227.9,1217.26,1479892,18014.16,34729,633586.0, 42.81,2026-06-12
CEATLTD, EQ, 12-Jun-2026,3149.0,3209.0,3354.0,3185.6,3345.0,3334.3,3279.33,221811,7273.91,25748,101080.0, 45.57,2026-06-12
CEDAAR, SM, 12-Jun-2026,22.2,23.0,23.0,22.5,22.5,22.5,22.86,12000,2.74,12,12000.0, 100.00,2026-06-12
CEIGALL, EQ, 12-Jun-2026,369.95,374.9,382.75,368.55,374.0,375.05,376.94,905653,3413.8,17653,315063.0, 34.79,2026-06-12
CEINSYS, EQ, 12-Jun-2026,905.9,919.5,943.95,913.5,926.0,920.6,923.79,40408,373.29,1794,23058.0, 57.06,2026-06-12
CELEBRITY, EQ, 12-Jun-2026,7.35,7.6,7.69,7.29,7.58,7.58,7.58,11896,0.9,58,10029.0, 84.31,2026-06-12
CELLECOR, ST, 12-Jun-2026,34.75,35.0,36.0,34.5,36.0,36.0,35.28,471000,166.17,40,441000.0, 93.63,2026-06-12
CELLO, EQ, 12-Jun-2026,371.1,374.0,379.65,370.6,379.0,377.3,374.67,130682,489.62,7392,49085.0, 37.56,2026-06-12
CELLPOINT, SM, 12-Jun-2026,15.95,15.95,15.95,15.05,15.1,15.1,15.52,6000,0.93,5,4800.0, 80.00,2026-06-12
CEMPRO, EQ, 12-Jun-2026,1175.3,1175.9,1196.0,1116.5,1132.0,1122.4,1139.51,750195,8548.54,28740,322511.0, 42.99,2026-06-12
CENTENKA, EQ, 12-Jun-2026,489.85,507.15,507.15,494.55,499.0,501.9,499.58,17016,85.01,1007,8375.0, 49.22,2026-06-12
CENTEXT, EQ, 12-Jun-2026,19.56,19.6,20.35,19.42,20.32,20.1,19.85,67136,13.33,421,46567.0, 69.36,2026-06-12
CENTRALBK, EQ, 12-Jun-2026,30.17,30.6,31.15,30.53,31.0,31.04,30.85,11020327,3400.06,18447,5663698.0, 51.39,2026-06-12
CENTRUM, EQ, 12-Jun-2026,21.5,22.2,22.2,21.54,21.78,21.74,21.89,326850,71.56,458,268985.0, 82.30,2026-06-12
CENTUM, EQ, 12-Jun-2026,3389.8,3450.8,3642.3,3415.8,3590.0,3582.8,3548.29,104575,3710.63,16970,42030.0, 40.19,2026-06-12
CENTURYPLY, EQ, 12-Jun-2026,733.25,735.0,745.0,716.0,724.95,724.6,723.81,73518,532.13,6701,39096.0, 53.18,2026-06-12
CERA, EQ, 12-Jun-2026,5854.5,5920.0,6196.5,5874.5,6160.0,6144.0,6053.54,37391,2263.48,9083,19169.0, 51.27,2026-06-12
CEREBRAINT, BZ, 12-Jun-2026,3.56,3.64,3.73,3.6,3.73,3.72,3.67,52885,1.94,131,, -,2026-06-12
CESC, EQ, 12-Jun-2026,167.99,169.0,169.99,167.75,168.4,168.15,168.37,1031409,1736.6,12147,540339.0, 52.39,2026-06-12
CEWATER, EQ, 12-Jun-2026,250.8,251.2,261.8,251.2,256.15,259.2,256.58,39885,102.34,1802,22617.0, 56.71,2026-06-12
CGCL, EQ, 12-Jun-2026,199.29,200.9,209.1,199.05,207.75,208.48,204.35,3918586,8007.81,22738,1514857.0, 38.66,2026-06-12
CGPOWER, EQ, 12-Jun-2026,901.35,919.0,919.0,897.5,914.0,914.45,908.32,2901434,26354.28,68907,989881.0, 34.12,2026-06-12
CGRAPHICS, SM, 12-Jun-2026,145.35,146.7,148.0,144.0,147.0,146.75,146.42,28000,41.0,29,20000.0, 71.43,2026-06-12
CHALET, EQ, 12-Jun-2026,725.25,727.55,746.85,720.35,735.0,730.7,727.74,548990,3995.22,25657,416732.0, 75.91,2026-06-12
CHAMBLFERT, EQ, 12-Jun-2026,465.3,470.0,471.6,466.0,470.15,470.2,469.05,549391,2576.93,14038,223149.0, 40.62,2026-06-12
CHAMUNDA, SM, 12-Jun-2026,39.75,39.75,39.75,39.7,39.7,39.7,39.73,6000,2.38,2,6000.0, 100.00,2026-06-12
CHANDAN, SM, 12-Jun-2026,224.15,230.0,233.0,224.0,226.0,226.8,226.87,20800,47.19,26,11200.0, 53.85,2026-06-12
CHAVDA, SM, 12-Jun-2026,86.0,87.25,89.2,87.05,88.95,88.0,87.87,10000,8.79,10,7000.0, 70.00,2026-06-12
CHEMBOND, BE, 12-Jun-2026,153.11,153.5,155.9,148.5,155.89,152.67,151.03,3243,4.9,117,, -,2026-06-12
CHEMBONDCH, BE, 12-Jun-2026,174.05,174.5,176.0,171.5,172.5,172.63,172.43,5179,8.93,64,, -,2026-06-12
CHEMCON, EQ, 12-Jun-2026,189.47,191.27,196.9,191.27,196.2,194.92,194.39,37129,72.18,1732,18085.0, 48.71,2026-06-12
CHEMFAB, BE, 12-Jun-2026,387.35,397.35,397.35,375.55,392.0,391.55,384.93,1911,7.36,64,, -,2026-06-12
CHEMICAL, EQ, 12-Jun-2026,28.76,29.08,29.35,28.97,29.29,29.28,29.22,1645145,480.72,905,1479906.0, 89.96,2026-06-12
CHEMPLASTS, EQ, 12-Jun-2026,196.51,197.49,209.9,197.49,203.0,202.94,203.32,230103,467.85,5279,80889.0, 35.15,2026-06-12
CHENNPETRO, EQ, 12-Jun-2026,1140.1,1141.6,1158.8,1115.2,1134.0,1137.7,1134.75,990933,11244.59,34416,269748.0, 27.22,2026-06-12
CHETANA, ST, 12-Jun-2026,44.25,45.5,45.5,45.5,45.5,45.5,45.5,1600,0.73,1,1600.0, 100.00,2026-06-12
CHEVIOT, EQ, 12-Jun-2026,1073.7,1079.4,1086.0,1075.0,1085.9,1084.1,1080.33,888,9.59,164,436.0, 49.10,2026-06-12
CHOICEGOLD, EQ, 12-Jun-2026,142.81,142.81,147.39,142.81,146.98,146.92,145.66,8073,11.76,109,5274.0, 65.33,2026-06-12
CHOICEIN, EQ, 12-Jun-2026,656.1,663.05,678.0,661.8,673.0,673.5,673.16,1537591,10350.48,18932,634685.0, 41.28,2026-06-12
CHOLAFIN, EQ, 12-Jun-2026,1454.9,1489.4,1577.6,1485.0,1566.3,1568.1,1527.38,3265447,49875.87,66023,1740691.0, 53.31,2026-06-12
CHOLAHLDNG, EQ, 12-Jun-2026,1425.6,1431.0,1538.0,1431.0,1535.0,1524.2,1492.7,329320,4915.75,22035,187132.0, 56.82,2026-06-12
CIEINDIA, EQ, 12-Jun-2026,436.1,440.9,454.1,436.1,450.05,450.7,446.82,216690,968.22,13458,123999.0, 57.22,2026-06-12
CIFL, EQ, 12-Jun-2026,23.1,23.02,23.9,23.02,23.3,23.17,23.3,29693,6.92,231,20525.0, 69.12,2026-06-12
CINELINE, EQ, 12-Jun-2026,78.31,79.0,79.5,78.23,79.49,79.38,78.93,2902,2.29,25,1852.0, 63.82,2026-06-12
CINEVISTA, EQ, 12-Jun-2026,15.18,15.66,15.66,14.96,15.04,15.1,15.12,26592,4.02,93,17985.0, 67.63,2026-06-12
CIPLA, EQ, 12-Jun-2026,1383.3,1393.9,1396.1,1382.2,1386.0,1389.4,1389.92,805612,11197.39,39161,470750.0, 58.43,2026-06-12
CITIUSINVT, IV, 12-Jun-2026,106.47,107.19,107.19,106.04,106.49,106.12,106.48,76003,80.93,433,62074.0, 81.67,2026-06-12
CKKRETAIL, SM, 12-Jun-2026,140.0,145.4,145.45,145.0,145.0,145.05,145.05,73600,106.76,45,49600.0, 67.39,2026-06-12
CLASSICEIL, ST, 12-Jun-2026,43.3,45.1,45.1,45.1,45.1,45.1,45.1,1600,0.72,1,1600.0, 100.00,2026-06-12
CLEAN, EQ, 12-Jun-2026,741.1,754.75,773.45,748.5,765.0,769.6,759.32,184931,1404.22,16937,92771.0, 50.17,2026-06-12
CLEANMAX, EQ, 12-Jun-2026,1284.6,1275.7,1344.0,1228.1,1257.0,1252.7,1256.17,532769,6692.49,44405,179418.0, 33.68,2026-06-12
CLEDUCATE, BE, 12-Jun-2026,54.88,54.53,55.0,53.79,53.79,53.79,54.56,16121,8.8,50,, -,2026-06-12
CLSEL, EQ, 12-Jun-2026,265.1,268.0,313.0,268.0,294.0,300.05,302.29,15949643,48214.08,167669,528979.0, 3.32,2026-06-12
CLSL, SM, 12-Jun-2026,42.0,43.0,43.0,43.0,43.0,43.0,43.0,2000,0.86,1,2000.0, 100.00,2026-06-12
CMNL, SM, 12-Jun-2026,105.0,105.0,108.9,104.95,105.0,105.35,106.65,11250,12.0,13,9750.0, 86.67,2026-06-12
CMPDI, EQ, 12-Jun-2026,223.0,227.51,239.33,226.47,238.1,238.44,233.19,3451061,8047.53,33954,1220148.0, 35.36,2026-06-12
CMRGREEN, EQ, 12-Jun-2026,243.89,248.81,253.88,242.39,252.7,252.04,248.68,5069342,12606.4,48680,2092336.0, 41.27,2026-06-12
CMRSL, SM, 12-Jun-2026,70.0,72.9,72.9,69.0,69.05,69.0,71.41,6400,4.57,8,5600.0, 87.50,2026-06-12
CMSINFO, EQ, 12-Jun-2026,288.9,292.0,298.4,292.0,297.7,296.75,295.39,573007,1692.62,26991,395665.0, 69.05,2026-06-12
CNL, EQ, 12-Jun-2026,699.4,705.0,722.85,691.0,702.0,705.05,701.91,14319,100.51,970,7060.0, 49.31,2026-06-12
COALINDIA, EQ, 12-Jun-2026,446.2,453.35,453.35,439.65,444.75,443.5,443.18,9946830,44082.76,83091,5616347.0, 56.46,2026-06-12
COASTCORP, EQ, 12-Jun-2026,45.2,46.2,49.6,46.0,49.19,48.85,48.18,217649,104.87,2537,91018.0, 41.82,2026-06-12
COCHINSHIP, EQ, 12-Jun-2026,1387.8,1405.1,1428.0,1395.5,1424.5,1424.3,1410.46,837543,11813.23,30320,227577.0, 27.17,2026-06-12
COCKERILL, EQ, 12-Jun-2026,9605.0,9900.0,10207.0,9641.0,10010.0,10011.0,9938.58,33826,3361.82,11313,6716.0, 19.85,2026-06-12
COFFEEDAY, BE, 12-Jun-2026,34.66,34.69,34.9,33.5,33.81,33.93,34.03,892269,303.63,2035,, -,2026-06-12
COFORGE, EQ, 12-Jun-2026,1393.8,1410.0,1410.4,1364.0,1370.0,1367.2,1378.63,2484998,34258.94,75915,1069137.0, 43.02,2026-06-12
COHANCE, EQ, 12-Jun-2026,423.45,428.95,434.95,422.7,426.8,426.95,426.62,350791,1496.53,33587,153413.0, 43.73,2026-06-12
COLPAL, EQ, 12-Jun-2026,2028.6,2042.0,2082.5,2042.0,2081.4,2079.0,2067.49,262833,5434.04,18163,114601.0, 43.60,2026-06-12
COMFINTE, EQ, 12-Jun-2026,5.82,5.99,6.0,5.89,5.92,5.94,5.93,103013,6.11,412,64205.0, 62.33,2026-06-12
COMMITTED, ST, 12-Jun-2026,265.9,270.6,270.6,270.6,270.6,270.6,270.6,800,2.16,1,800.0, 100.00,2026-06-12
COMMOIETF, EQ, 12-Jun-2026,99.16,99.99,100.99,99.32,100.99,100.81,99.98,89177,89.16,518,71448.0, 80.12,2026-06-12
COMPINFO, BZ, 12-Jun-2026,1.33,1.38,1.39,1.34,1.39,1.38,1.38,8088,0.11,11,, -,2026-06-12
COMPUSOFT, EQ, 12-Jun-2026,13.58,13.95,13.95,13.52,13.78,13.7,13.73,8256,1.13,76,6415.0, 77.70,2026-06-12
COMSYN, EQ, 12-Jun-2026,169.38,172.0,172.0,163.81,171.07,169.9,168.65,21625,36.47,414,10582.0, 48.93,2026-06-12
CONCOR, EQ, 12-Jun-2026,440.25,444.0,451.35,438.6,450.0,450.2,444.98,1777288,7908.62,33582,815027.0, 45.86,2026-06-12
CONCORDBIO, EQ, 12-Jun-2026,1343.3,1345.1,1367.4,1335.6,1357.0,1353.8,1350.53,358864,4846.57,32565,168194.0, 46.87,2026-06-12
CONFIPET, EQ, 12-Jun-2026,72.56,74.0,74.9,69.51,70.8,70.42,71.71,1773569,1271.9,9291,891954.0, 50.29,2026-06-12
CONNPLEX, SM, 12-Jun-2026,223.8,224.8,225.0,218.05,222.95,222.5,221.11,32000,70.75,37,22400.0, 70.00,2026-06-12
CONS, EQ, 12-Jun-2026,11.35,11.42,11.57,11.4,11.57,11.51,11.44,27289,3.12,83,24899.0, 91.24,2026-06-12
CONSOFINVT, EQ, 12-Jun-2026,225.05,224.0,226.0,219.62,220.11,221.32,223.26,12821,28.62,204,10351.0, 80.73,2026-06-12
CONSUMBEES, EQ, 12-Jun-2026,122.66,121.43,125.11,121.43,124.55,124.52,123.92,68863,85.33,726,38282.0, 55.59,2026-06-12
CONSUMER, EQ, 12-Jun-2026,10.64,10.82,10.92,10.74,10.92,10.91,10.83,39208,4.25,243,24850.0, 63.38,2026-06-12
CONSUMIETF, EQ, 12-Jun-2026,114.25,115.57,116.11,114.84,116.09,115.78,115.66,15130,17.5,170,14076.0, 93.03,2026-06-12
CONTROLPR, EQ, 12-Jun-2026,595.85,599.0,608.75,597.65,604.0,605.35,603.11,29196,176.08,781,23110.0, 79.15,2026-06-12
COOLCAPS, ST, 12-Jun-2026,26.4,26.4,27.7,25.3,26.3,26.3,26.42,56250,14.86,36,51250.0, 91.11,2026-06-12
CORALFINAC, EQ, 12-Jun-2026,31.3,31.7,31.97,31.05,31.31,31.47,31.48,6376,2.01,181,4597.0, 72.10,2026-06-12
CORDSCABLE, BE, 12-Jun-2026,201.89,202.2,211.98,202.2,211.5,211.89,210.22,25073,52.71,379,, -,2026-06-12
COROMANDEL, EQ, 12-Jun-2026,1865.6,1876.0,1932.5,1858.0,1924.0,1916.7,1894.71,284986,5399.67,33754,164380.0, 57.68,2026-06-12
CORONA, EQ, 12-Jun-2026,1683.2,1715.0,1739.0,1694.0,1733.6,1728.3,1715.84,8660,148.59,1489,4005.0, 46.25,2026-06-12
COSMOFIRST, EQ, 12-Jun-2026,719.1,726.15,736.0,720.0,727.95,726.95,728.2,56944,414.67,3026,35285.0, 61.96,2026-06-12
COUNCODOS, EQ, 12-Jun-2026,4.97,5.3,5.3,4.79,5.1,5.02,5.08,190700,9.68,374,109703.0, 57.53,2026-06-12
CPCAP, BE, 12-Jun-2026,93.21,93.0,97.0,92.1,97.0,95.51,94.21,257323,242.43,269,, -,2026-06-12
CPEDU, EQ, 12-Jun-2026,173.55,174.0,182.0,174.0,182.0,181.34,176.32,976,1.72,36,848.0, 86.89,2026-06-12
CPPLUS, EQ, 12-Jun-2026,3343.5,3436.4,3436.4,3266.0,3365.0,3375.9,3382.49,205285,6943.75,34281,110884.0, 54.01,2026-06-12
CPS, SM, 12-Jun-2026,985.0,985.0,985.0,945.0,945.0,960.0,968.33,450,4.36,3,450.0, 100.00,2026-06-12
CPSEETF, EQ, 12-Jun-2026,97.05,98.89,98.89,96.13,97.08,96.82,96.73,1718236,1662.1,12704,943207.0, 54.89,2026-06-12
CRAFTSMAN, EQ, 12-Jun-2026,8792.5,8909.0,9017.0,8755.5,8937.5,8917.5,8876.31,62301,5530.03,14625,31519.0, 50.59,2026-06-12
CRAMC, EQ, 12-Jun-2026,240.69,244.95,251.99,242.26,249.99,250.15,248.5,328068,815.25,11234,189977.0, 57.91,2026-06-12
CRAYONS, SM, 12-Jun-2026,30.95,30.95,32.45,30.95,31.0,32.1,31.96,7000,2.24,7,6000.0, 85.71,2026-06-12
CREATIVEYE, EQ, 12-Jun-2026,6.43,6.7,6.7,6.4,6.59,6.54,6.53,8053,0.53,45,6138.0, 76.22,2026-06-12
CREDITACC, EQ, 12-Jun-2026,1266.4,1283.0,1315.7,1265.0,1306.5,1310.4,1293.06,191339,2474.14,21013,94422.0, 49.35,2026-06-12
CREST, EQ, 12-Jun-2026,368.95,370.15,384.7,360.4,380.0,378.85,376.32,18255,68.7,594,11314.0, 61.98,2026-06-12
CRISIL, EQ, 12-Jun-2026,3898.0,3960.0,3960.0,3852.0,3893.0,3893.9,3892.04,45625,1775.74,9821,23565.0, 51.65,2026-06-12
CRIZAC, EQ, 12-Jun-2026,206.93,208.0,213.0,202.81,207.3,205.96,205.3,384954,790.3,5116,244107.0, 63.41,2026-06-12
CROMPTON, EQ, 12-Jun-2026,253.0,256.65,259.0,252.2,255.9,256.2,255.55,4820290,12318.33,30549,2570603.0, 53.33,2026-06-12
CROWN, EQ, 12-Jun-2026,108.3,111.96,114.76,108.16,109.2,111.48,110.91,6388,7.08,223,4251.0, 66.55,2026-06-12
CSBBANK, EQ, 12-Jun-2026,354.1,359.0,368.0,355.5,364.25,366.35,361.23,255496,922.93,10490,110935.0, 43.42,2026-06-12
CSLFINANCE, EQ, 12-Jun-2026,226.58,227.99,229.0,223.0,228.0,228.38,226.39,17911,40.55,878,6135.0, 34.25,2026-06-12
CSSL, SM, 12-Jun-2026,98.0,98.0,100.0,98.0,100.0,100.0,99.33,9000,8.94,9,8000.0, 88.89,2026-06-12
CTE, EQ, 12-Jun-2026,31.22,31.34,34.0,30.01,31.71,32.1,32.18,13725,4.42,131,7563.0, 55.10,2026-06-12
CUB, EQ, 12-Jun-2026,256.8,197.4,208.5,196.5,201.65,201.7,202.42,6852764,13871.46,87816,2304480.0, 33.63,2026-06-12
CUBEINVIT, IV, 12-Jun-2026,149.0,149.0,149.0,149.0,149.0,149.0,149.0,50000,74.5,1,50000.0, 100.00,2026-06-12
CUBEXTUB, EQ, 12-Jun-2026,81.98,82.01,84.77,81.81,84.1,83.12,82.77,60995,50.49,1356,30328.0, 49.72,2026-06-12
CUDML, ST, 12-Jun-2026,183.25,185.05,185.05,182.7,182.7,182.7,182.85,16000,29.26,16,16000.0, 100.00,2026-06-12
CUMMINSIND, EQ, 12-Jun-2026,5557.0,5650.0,5663.5,5570.0,5623.0,5621.5,5611.28,249004,13972.32,30568,120150.0, 48.25,2026-06-12
CUPID, EQ, 12-Jun-2026,155.18,157.66,160.0,157.0,160.0,159.97,159.46,23033543,36728.25,85783,7551433.0, 32.78,2026-06-12
CURAA, EQ, 12-Jun-2026,77.58,85.3,85.33,85.3,85.33,85.33,85.32,1402,1.2,23,1396.0, 99.57,2026-06-12
CURIS, SM, 12-Jun-2026,109.45,110.95,112.9,110.95,112.9,111.95,111.62,3000,3.35,3,3000.0, 100.00,2026-06-12
CYBERMEDIA, BE, 12-Jun-2026,16.4,16.93,17.0,16.4,16.8,16.78,16.8,6584,1.11,26,, -,2026-06-12
CYBERTECH, EQ, 12-Jun-2026,133.68,136.0,138.4,134.4,135.02,136.24,135.7,14268,19.36,559,7566.0, 53.03,2026-06-12
CYIENT, EQ, 12-Jun-2026,846.65,873.7,883.45,861.75,880.0,877.95,872.0,1685172,14694.65,68314,1009831.0, 59.92,2026-06-12
CYIENTDLM, EQ, 12-Jun-2026,431.85,435.85,454.9,435.85,452.0,449.7,448.89,243804,1094.41,7579,129772.0, 53.23,2026-06-12
DABUR, EQ, 12-Jun-2026,421.7,421.0,429.05,420.55,426.5,426.4,424.42,2569834,10906.91,30421,1337697.0, 52.05,2026-06-12
DAICHI, EQ, 12-Jun-2026,233.0,240.0,240.0,233.0,239.79,238.98,237.78,388,0.92,31,383.0, 98.71,2026-06-12
DALBHARAT, EQ, 12-Jun-2026,1610.2,1625.0,1663.5,1613.5,1660.0,1659.2,1651.65,591969,9777.28,37300,372703.0, 62.96,2026-06-12
DALMIASUG, EQ, 12-Jun-2026,323.6,328.4,330.05,325.0,328.4,327.65,326.94,55222,180.54,2040,26338.0, 47.69,2026-06-12
DAMCAPITAL, EQ, 12-Jun-2026,140.09,141.15,148.0,141.15,148.0,147.29,145.33,308566,448.45,3872,111851.0, 36.25,2026-06-12
DAMODARIND, EQ, 12-Jun-2026,29.36,30.36,30.36,29.5,30.25,30.25,29.67,391,0.12,15,325.0, 83.12,2026-06-12
DANGEE, EQ, 12-Jun-2026,3.13,3.12,3.2,3.12,3.15,3.17,3.16,68307,2.16,121,45281.0, 66.29,2026-06-12
DANISH, SM, 12-Jun-2026,818.75,835.75,865.0,835.75,856.05,860.1,852.3,20700,176.43,122,13950.0, 67.39,2026-06-12
DATAMATICS, EQ, 12-Jun-2026,753.5,762.0,782.0,762.0,782.0,778.4,774.79,52524,406.95,2268,25110.0, 47.81,2026-06-12
DATAPATTNS, EQ, 12-Jun-2026,4205.0,4290.0,4569.0,4253.5,4522.0,4545.7,4465.82,2698671,120517.71,212153,474234.0, 17.57,2026-06-12
DAVANGERE, EQ, 12-Jun-2026,3.61,3.65,3.71,3.59,3.61,3.61,3.62,2893636,104.77,2376,2087978.0, 72.16,2026-06-12
DBCORP, EQ, 12-Jun-2026,199.37,202.0,203.55,200.01,202.95,202.64,201.33,20408,41.09,1472,11697.0, 57.32,2026-06-12
DBEIL, BE, 12-Jun-2026,78.28,78.4,80.0,77.01,79.1,78.76,78.74,23074,18.17,194,, -,2026-06-12
DBL, EQ, 12-Jun-2026,424.2,428.65,432.25,423.3,430.5,430.5,427.91,82223,351.84,5184,38289.0, 46.57,2026-06-12
DBOL, BE, 12-Jun-2026,112.42,113.54,117.5,113.54,114.51,115.2,114.8,40626,46.64,489,, -,2026-06-12
DBREALTY, BE, 12-Jun-2026,109.3,109.29,113.05,107.1,113.0,111.88,109.94,2800553,3078.79,2209,, -,2026-06-12
DBSTOCKBRO, EQ, 12-Jun-2026,30.6,30.66,32.99,30.66,31.01,32.57,32.06,742,0.24,45,606.0, 81.67,2026-06-12
DCAL, EQ, 12-Jun-2026,176.44,179.09,187.0,179.0,184.6,184.64,183.39,285179,522.99,5262,130933.0, 45.91,2026-06-12
DCBBANK, EQ, 12-Jun-2026,174.38,175.99,180.6,175.43,179.7,179.86,178.24,646786,1152.84,8480,294780.0, 45.58,2026-06-12
DCCL, SM, 12-Jun-2026,40.6,40.0,40.0,40.0,40.0,40.0,40.0,12000,4.8,6,12000.0, 100.00,2026-06-12
DCI, BE, 12-Jun-2026,267.6,268.0,273.1,267.6,270.5,270.4,269.17,2044,5.5,71,, -,2026-06-12
DCM, EQ, 12-Jun-2026,92.96,92.96,93.9,92.3,92.55,92.89,93.27,3391,3.16,44,2504.0, 73.84,2026-06-12
DCMFINSERV, BE, 12-Jun-2026,5.58,5.56,5.58,5.51,5.51,5.51,5.54,660,0.04,18,, -,2026-06-12
DCMNVL, BE, 12-Jun-2026,162.9,157.05,164.98,157.05,161.0,161.57,161.85,13866,22.44,54,, -,2026-06-12
DCMSHRIRAM, EQ, 12-Jun-2026,1030.9,1035.0,1053.6,1018.5,1024.4,1027.8,1027.91,49780,511.69,5892,31123.0, 62.52,2026-06-12
DCMSIL, BE, 12-Jun-2026,66.12,65.0,65.0,64.8,64.8,64.8,64.86,8316,5.39,47,, -,2026-06-12
DCMSRIND, EQ, 12-Jun-2026,37.61,39.0,39.0,37.5,39.0,38.27,38.05,69171,26.32,1035,44739.0, 64.68,2026-06-12
DCW, EQ, 12-Jun-2026,44.96,45.9,47.0,45.64,46.55,46.73,46.3,724375,335.37,3974,287805.0, 39.73,2026-06-12
DCXINDIA, EQ, 12-Jun-2026,174.52,177.95,185.26,177.95,185.15,184.26,182.38,1190035,2170.43,14735,386132.0, 32.45,2026-06-12
DDEVPLSTIK, EQ, 12-Jun-2026,247.52,249.9,258.58,249.9,257.7,255.38,255.77,185221,473.74,3450,129662.0, 70.00,2026-06-12
DECCANCE, EQ, 12-Jun-2026,572.25,575.0,587.0,572.3,587.0,579.15,578.23,7533,43.56,371,4052.0, 53.79,2026-06-12
DECNGOLD, EQ, 12-Jun-2026,153.09,157.29,166.0,157.25,163.8,163.75,163.01,2040097,3325.66,17941,600385.0, 29.43,2026-06-12
DEEDEV, BE, 12-Jun-2026,625.45,635.0,656.7,633.95,656.7,656.7,647.52,141364,915.36,1547,, -,2026-06-12
DEEM, SM, 12-Jun-2026,46.9,45.85,45.85,44.8,44.8,44.8,45.06,4000,1.8,4,4000.0, 100.00,2026-06-12
DEEPAKFERT, EQ, 12-Jun-2026,1501.6,1524.0,1584.0,1511.1,1556.1,1554.6,1556.46,740484,11525.32,48532,285209.0, 38.52,2026-06-12
DEEPAKNTR, EQ, 12-Jun-2026,1612.4,1630.0,1685.3,1629.9,1668.3,1669.9,1665.17,121379,2021.16,11900,50075.0, 41.26,2026-06-12
DEEPINDS, EQ, 12-Jun-2026,503.6,505.3,512.0,486.4,493.7,495.4,494.39,213711,1056.57,7027,104965.0, 49.12,2026-06-12
DEFENCE, EQ, 12-Jun-2026,73.14,74.97,75.38,74.15,75.28,75.17,74.92,156042,116.9,467,98074.0, 62.85,2026-06-12
DELAPLEX, SM, 12-Jun-2026,99.2,100.0,105.6,100.0,104.55,105.0,104.34,6000,6.26,9,5400.0, 90.00,2026-06-12
DELHIVERY, EQ, 12-Jun-2026,432.25,435.3,442.85,434.0,438.5,440.5,439.27,4390515,19286.11,30886,3078727.0, 70.12,2026-06-12
DELPHIFX, EQ, 12-Jun-2026,8.54,8.69,9.25,8.64,9.07,8.93,8.91,235214,20.96,547,201809.0, 85.80,2026-06-12
DELTACORP, EQ, 12-Jun-2026,63.28,64.5,65.12,63.6,64.51,64.65,64.33,2114459,1360.31,8891,842778.0, 39.86,2026-06-12
DELTAMAGNT, EQ, 12-Jun-2026,58.5,59.49,59.49,56.51,58.5,58.35,57.6,6325,3.64,196,4315.0, 68.22,2026-06-12
DELTIC, ST, 12-Jun-2026,38.0,36.3,37.55,36.3,37.55,37.55,36.84,10000,3.68,6,10000.0, 100.00,2026-06-12
DEN, EQ, 12-Jun-2026,26.41,26.5,27.4,26.5,27.14,27.18,26.95,352820,95.08,1699,172769.0, 48.97,2026-06-12
DENEERS, SM, 12-Jun-2026,220.0,220.0,227.85,217.1,225.5,225.5,221.56,4200,9.31,7,1200.0, 28.57,2026-06-12
DENORA, EQ, 12-Jun-2026,732.65,749.0,769.0,727.15,729.0,737.25,735.5,6776,49.84,601,4560.0, 67.30,2026-06-12
DENTA, EQ, 12-Jun-2026,240.65,242.6,246.4,240.5,244.0,245.1,243.21,51548,125.37,1350,28286.0, 54.87,2026-06-12
DENTALKART, SM, 12-Jun-2026,386.15,387.65,395.0,370.0,373.1,374.9,377.48,31250,117.96,80,22750.0, 72.80,2026-06-12
DEVIT, EQ, 12-Jun-2026,27.44,27.99,28.2,26.9,27.3,27.26,27.42,45887,12.58,709,27978.0, 60.97,2026-06-12
DEVX, EQ, 12-Jun-2026,35.79,35.8,37.0,35.79,36.61,36.64,36.38,45451,16.54,278,33417.0, 73.52,2026-06-12
DEVYANI, EQ, 12-Jun-2026,106.49,107.89,110.1,107.54,110.0,109.42,108.77,1332917,1449.87,15421,516777.0, 38.77,2026-06-12
DGCONTENT, EQ, 12-Jun-2026,24.91,25.8,25.8,25.1,25.8,25.78,25.49,5572,1.42,26,4584.0, 82.27,2026-06-12
DHAMPURSUG, EQ, 12-Jun-2026,143.17,144.5,145.15,140.44,141.05,141.27,141.56,187523,265.46,2943,102547.0, 54.69,2026-06-12
DHANBANK, EQ, 12-Jun-2026,31.24,32.14,32.69,31.51,32.4,32.41,32.24,1120158,361.08,4142,371847.0, 33.20,2026-06-12
DHANLAXMI, SM, 12-Jun-2026,28.0,28.0,28.45,28.0,28.45,28.45,28.23,4000,1.13,2,4000.0, 100.00,2026-06-12
DHANSA, ST, 12-Jun-2026,21.5,22.5,22.5,22.5,22.5,22.5,22.5,2000,0.45,1,2000.0, 100.00,2026-06-12
DHANUKA, EQ, 12-Jun-2026,1051.2,1062.0,1085.0,1040.1,1083.0,1081.2,1067.31,39055,416.84,2965,16427.0, 42.06,2026-06-12
DHARAN, BZ, 12-Jun-2026,0.15,0.16,0.16,0.15,0.16,0.15,0.16,11263847,17.78,1546,, -,2026-06-12
DHARARAIL, SM, 12-Jun-2026,161.2,161.5,163.0,158.0,160.0,160.0,160.61,10000,16.06,10,9000.0, 90.00,2026-06-12
DHARIWAL, SM, 12-Jun-2026,30.95,32.8,32.8,29.55,30.0,30.15,30.41,63000,19.16,18,45000.0, 71.43,2026-06-12
DHARMAJ, EQ, 12-Jun-2026,275.45,277.85,279.45,274.65,278.15,277.6,276.56,15343,42.43,909,8965.0, 58.43,2026-06-12
DHRUV, BE, 12-Jun-2026,28.59,28.73,28.99,27.27,28.0,27.68,27.72,5671,1.57,52,, -,2026-06-12
DHTL, SM, 12-Jun-2026,41.6,39.55,39.55,39.55,39.55,39.55,39.55,3200,1.27,3,2400.0, 75.00,2026-06-12
DHUNINV, EQ, 12-Jun-2026,773.65,777.0,810.25,777.0,788.0,788.1,793.23,832,6.6,66,529.0, 63.58,2026-06-12
DIACABS, EQ, 12-Jun-2026,193.73,197.5,203.5,197.05,202.0,201.91,200.43,4513813,9046.93,28588,1849572.0, 40.98,2026-06-12
DIAMINESQ, EQ, 12-Jun-2026,244.75,244.85,260.02,241.35,244.0,252.67,250.85,8488,21.29,295,6791.0, 80.01,2026-06-12
DIAMONDYD, EQ, 12-Jun-2026,1121.3,1125.0,1142.3,1112.6,1122.0,1129.4,1126.79,14618,164.71,1349,8213.0, 56.18,2026-06-12
DICIND, EQ, 12-Jun-2026,490.1,490.1,505.0,490.1,498.45,496.15,499.48,311,1.55,22,258.0, 82.96,2026-06-12
DIFFNKG, EQ, 12-Jun-2026,362.4,370.0,377.0,358.35,358.35,361.75,367.62,332310,1221.65,9050,139288.0, 41.92,2026-06-12
DIGIDRIVE, EQ, 12-Jun-2026,17.89,18.5,18.5,17.7,18.0,17.95,18.01,12198,2.2,121,10496.0, 86.05,2026-06-12
DIGIKORE, SM, 12-Jun-2026,50.9,51.3,52.9,50.0,51.25,51.25,51.25,44800,22.96,80,32400.0, 72.32,2026-06-12
DIGISPICE, BE, 12-Jun-2026,20.32,19.81,20.72,19.81,20.52,20.38,20.32,16400,3.33,165,, -,2026-06-12
DIGITIDE, EQ, 12-Jun-2026,81.38,81.7,84.1,81.0,83.7,83.14,82.64,127520,105.38,2234,67380.0, 52.84,2026-06-12
DIGJAMLMTD, EQ, 12-Jun-2026,43.64,43.64,47.0,43.64,45.99,45.89,46.03,18815,8.66,206,9897.0, 52.60,2026-06-12
DIRL, SM, 12-Jun-2026,12.35,12.7,12.9,12.7,12.9,12.9,12.76,42000,5.36,3,42000.0, 100.00,2026-06-12
DISAQ, EQ, 12-Jun-2026,11219.0,11215.0,11639.0,11192.0,11400.0,11379.0,11323.3,616,69.75,502,166.0, 26.95,2026-06-12
DISHTV, BE, 12-Jun-2026,2.99,3.02,3.13,2.96,3.13,3.12,3.11,1746492,54.35,1261,, -,2026-06-12
DIVGIITTS, EQ, 12-Jun-2026,801.7,820.0,829.8,807.0,820.0,819.0,818.65,39510,323.45,2911,18495.0, 46.81,2026-06-12
DIVIDEND, EQ, 12-Jun-2026,34.43,34.84,35.0,34.59,35.0,34.98,34.83,4393,1.53,63,3903.0, 88.85,2026-06-12
DIVINEHIRA, ST, 12-Jun-2026,321.0,329.0,329.0,307.1,312.0,312.0,316.55,4400,13.93,11,2000.0, 45.45,2026-06-12
DIVISLAB, EQ, 12-Jun-2026,6655.5,6719.5,6738.5,6622.0,6633.0,6638.0,6655.1,162810,10835.18,18997,87944.0, 54.02,2026-06-12
DIVOPPBEES, EQ, 12-Jun-2026,75.23,76.97,78.8,75.4,76.41,76.59,76.09,49604,37.74,806,26524.0, 53.47,2026-06-12
DIVYADHAN, ST, 12-Jun-2026,37.0,37.0,38.6,37.0,38.0,38.0,37.92,10000,3.79,4,10000.0, 100.00,2026-06-12
DIXON, EQ, 12-Jun-2026,11371.0,11545.0,11571.0,11389.0,11553.0,11546.0,11494.35,304468,34996.61,38032,104770.0, 34.41,2026-06-12
DJML, EQ, 12-Jun-2026,108.32,108.1,114.85,107.21,112.99,113.47,111.72,743044,830.12,9518,124524.0, 16.76,2026-06-12
DKEGL, SM, 12-Jun-2026,64.15,61.1,66.4,61.1,66.35,66.35,64.62,4500,2.91,3,0.0, 0.00,2026-06-12
DLF, EQ, 12-Jun-2026,563.0,571.0,589.2,565.55,587.8,587.05,580.55,4184509,24293.29,41227,1937349.0, 46.30,2026-06-12
DLINKINDIA, EQ, 12-Jun-2026,490.9,495.1,505.0,495.1,502.5,501.65,501.94,113422,569.31,4028,59460.0, 52.42,2026-06-12
DMART, EQ, 12-Jun-2026,3987.0,4045.0,4045.7,3955.0,3998.0,3993.6,3990.23,363313,14497.01,32836,194382.0, 53.50,2026-06-12
DMCC, EQ, 12-Jun-2026,239.3,240.0,247.8,237.5,246.0,244.8,243.86,37547,91.56,1460,21851.0, 58.20,2026-06-12
DNAMEDIA, EQ, 12-Jun-2026,2.89,2.8,3.15,2.8,2.85,2.93,2.95,23402,0.69,127,15244.0, 65.14,2026-06-12
DODLA, EQ, 12-Jun-2026,1067.2,1070.1,1097.9,1070.1,1080.0,1084.8,1086.24,13395,145.5,1785,7052.0, 52.65,2026-06-12
DOLATALGO, EQ, 12-Jun-2026,72.47,73.75,75.5,72.52,75.0,74.65,74.31,197211,146.55,2598,104975.0, 53.23,2026-06-12
DOLLAR, EQ, 12-Jun-2026,244.05,246.8,249.0,244.35,248.4,248.45,247.32,97485,241.1,1942,67209.0, 68.94,2026-06-12
DOLLEX, SM, 12-Jun-2026,31.75,31.95,31.95,30.0,31.3,31.2,30.93,52000,16.08,11,36000.0, 69.23,2026-06-12
DOLPHIN, EQ, 12-Jun-2026,387.55,398.9,398.9,387.55,392.8,389.6,390.01,2213,8.63,197,887.0, 40.08,2026-06-12
DOMS, EQ, 12-Jun-2026,2255.4,2280.1,2319.9,2250.5,2280.0,2291.0,2281.65,166942,3809.02,22853,58422.0, 35.00,2026-06-12
DONEAR, EQ, 12-Jun-2026,87.84,90.0,90.0,88.23,88.75,88.93,88.96,17067,15.18,380,9660.0, 56.60,2026-06-12
DPABHUSHAN, EQ, 12-Jun-2026,887.5,890.0,904.0,871.0,896.15,897.4,883.23,18857,166.55,1945,10801.0, 57.28,2026-06-12
DPEL, SM, 12-Jun-2026,488.15,494.9,494.9,482.0,491.7,488.55,488.67,22000,107.51,39,10000.0, 45.45,2026-06-12
DPSCLTD, BE, 12-Jun-2026,7.56,7.7,7.71,7.19,7.54,7.51,7.49,133269,9.98,642,, -,2026-06-12
DPWIRES, EQ, 12-Jun-2026,171.34,171.34,180.99,171.34,180.99,176.65,175.02,8924,15.62,278,7271.0, 81.48,2026-06-12
DRAGARWQ, EQ, 12-Jun-2026,4895.6,4951.0,5032.4,4855.7,4975.0,4954.9,4966.89,764,37.95,446,272.0, 35.60,2026-06-12
DRCSYSTEMS, EQ, 12-Jun-2026,14.16,14.3,14.38,13.72,14.25,14.17,14.09,24959,3.52,250,20479.0, 82.05,2026-06-12
DREAMFOLKS, EQ, 12-Jun-2026,66.78,67.69,70.37,67.69,69.51,69.87,69.31,84552,58.6,1638,54025.0, 63.90,2026-06-12
DREDGECORP, EQ, 12-Jun-2026,1040.3,1080.0,1100.0,1035.6,1098.0,1084.0,1073.8,593446,6372.45,21437,219019.0, 36.91,2026-06-12
DRONE, ST, 12-Jun-2026,40.5,40.5,42.4,39.0,39.0,40.45,40.17,31000,12.45,53,26500.0, 85.48,2026-06-12
DRREDDY, EQ, 12-Jun-2026,1276.0,1291.0,1291.0,1266.0,1272.9,1275.4,1273.93,1645027,20956.42,30581,1129805.0, 68.68,2026-06-12
DSFCL, EQ, 12-Jun-2026,23.57,24.4,24.67,23.25,23.7,23.51,23.65,48969,11.58,243,44820.0, 91.53,2026-06-12
DSSL, EQ, 12-Jun-2026,1307.3,1325.1,1344.8,1251.0,1280.0,1284.1,1275.81,123353,1573.75,8927,48638.0, 39.43,2026-06-12
DTIL, EQ, 12-Jun-2026,132.24,132.9,134.8,132.3,132.3,133.24,133.71,812,1.09,44,697.0, 85.84,2026-06-12
DTL, SM, 12-Jun-2026,140.4,124.85,130.0,121.65,130.0,130.0,125.7,6000,7.54,5,3600.0, 60.00,2026-06-12
DUCOL, SM, 12-Jun-2026,110.4,114.9,115.0,114.0,114.0,114.0,114.7,3200,3.67,4,3200.0, 100.00,2026-06-12
DUCON, BE, 12-Jun-2026,3.59,3.76,3.76,3.61,3.76,3.75,3.74,997134,37.28,409,, -,2026-06-12
DUGLOBAL, ST, 12-Jun-2026,33.0,34.5,34.5,31.35,31.35,31.35,31.67,25000,7.92,10,25000.0, 100.00,2026-06-12
DURLAX, ST, 12-Jun-2026,48.35,50.5,50.75,45.95,47.8,47.9,47.03,236000,111.0,64,230000.0, 97.46,2026-06-12
DVL, EQ, 12-Jun-2026,233.55,233.5,241.0,232.3,235.0,236.98,237.25,23641,56.09,760,11928.0, 50.45,2026-06-12
DWARKESH, EQ, 12-Jun-2026,45.06,45.51,45.55,44.15,44.34,44.28,44.5,785279,349.46,3669,349914.0, 44.56,2026-06-12
DYCL, EQ, 12-Jun-2026,303.3,311.8,320.9,308.2,316.0,317.95,315.86,160619,507.33,3982,66572.0, 41.45,2026-06-12
DYNAMATECH, EQ, 12-Jun-2026,9882.0,10000.0,10210.0,9999.0,10195.0,10171.0,10122.09,12640,1279.43,4863,4822.0, 38.15,2026-06-12
DYNAMIC, SM, 12-Jun-2026,142.0,138.0,148.0,138.0,148.0,147.25,146.51,29000,42.49,38,22000.0, 75.86,2026-06-12
DYNPRO, EQ, 12-Jun-2026,232.4,238.8,238.8,225.0,228.5,228.6,230.71,39423,90.95,1257,28286.0, 71.75,2026-06-12
E2E, EQ, 12-Jun-2026,369.0,374.0,387.4,361.2,387.4,386.4,378.33,6228077,23562.78,56066,2197288.0, 35.28,2026-06-12
E2ERAIL, ST, 12-Jun-2026,280.0,280.0,280.0,269.25,269.25,269.55,273.08,15200,41.51,16,15200.0, 100.00,2026-06-12
EASEMYTRIP, EQ, 12-Jun-2026,8.31,8.34,8.58,8.23,8.31,8.34,8.37,30655860,2565.88,13799,6694045.0, 21.84,2026-06-12
EASTSILK, BE, 12-Jun-2026,53.69,53.69,53.69,51.51,51.55,51.55,51.58,283,0.15,7,, -,2026-06-12
EBANKNIFTY, EQ, 12-Jun-2026,55.5,56.01,57.0,56.0,56.95,56.97,56.59,8560,4.84,30,8560.0, 100.00,2026-06-12
EBBETF0430, EQ, 12-Jun-2026,1590.03,1581.38,1597.0,1581.38,1588.0,1588.88,1588.72,13895,220.75,359,12709.0, 91.46,2026-06-12
EBBETF0431, EQ, 12-Jun-2026,1418.91,1421.5,1424.98,1416.01,1418.03,1418.47,1418.05,18189,257.93,188,16903.0, 92.93,2026-06-12
EBBETF0433, EQ, 12-Jun-2026,1290.05,1289.93,1292.0,1280.0,1280.0,1288.47,1288.74,3951,50.92,62,3841.0, 97.22,2026-06-12
EBGNG, EQ, 12-Jun-2026,418.55,432.0,455.0,423.35,432.95,432.5,439.82,1679766,7387.88,36249,443280.0, 26.39,2026-06-12
ECAPINSURE, EQ, 12-Jun-2026,22.88,22.88,23.31,22.67,23.29,23.25,23.08,37064,8.55,224,33031.0, 89.12,2026-06-12
ECLERX, EQ, 12-Jun-2026,1336.9,1354.3,1399.9,1344.4,1399.6,1396.0,1370.89,118498,1624.47,11230,53200.0, 44.90,2026-06-12
ECOLINE, SM, 12-Jun-2026,176.85,181.95,186.0,180.0,186.0,183.15,183.51,48000,88.08,34,38000.0, 79.17,2026-06-12
ECOSMOBLTY, BE, 12-Jun-2026,123.6,125.99,126.0,123.6,125.1,125.22,124.96,35809,44.75,483,, -,2026-06-12
EDELWEISS, EQ, 12-Jun-2026,105.46,107.15,110.1,106.61,109.44,109.93,108.69,2577505,2801.55,20120,1265426.0, 49.09,2026-06-12
EEPL, SM, 12-Jun-2026,98.9,98.0,99.8,97.8,99.5,99.5,98.49,6000,5.91,6,6000.0, 100.00,2026-06-12
EFACTOR, SM, 12-Jun-2026,185.0,185.0,189.0,181.0,181.0,181.0,184.25,1600,2.95,4,1200.0, 75.00,2026-06-12
EFCIL, EQ, 12-Jun-2026,186.95,187.0,191.0,183.2,188.56,186.85,188.31,1045857,1969.48,9361,452606.0, 43.28,2026-06-12
EFFWA, ST, 12-Jun-2026,308.15,314.0,320.95,312.0,312.0,315.6,316.7,17200,54.47,40,16000.0, 93.02,2026-06-12
EFORCE, SM, 12-Jun-2026,22.8,25.0,25.0,22.45,22.85,22.85,24.17,7200,1.74,6,4800.0, 66.67,2026-06-12
EGOLD, EQ, 12-Jun-2026,143.95,146.65,148.05,145.8,147.95,147.25,146.3,1318226,1928.57,642,1233731.0, 93.59,2026-06-12
EICHERMOT, EQ, 12-Jun-2026,7179.5,7282.0,7354.5,7212.0,7300.0,7312.0,7285.6,300260,21875.75,37420,115440.0, 38.45,2026-06-12
EIDPARRY, EQ, 12-Jun-2026,710.2,719.8,731.95,712.0,730.0,729.55,721.3,299150,2157.78,23700,150825.0, 50.42,2026-06-12
EIEL, EQ, 12-Jun-2026,177.2,179.0,187.0,179.0,185.66,185.54,182.75,695272,1270.6,8049,321975.0, 46.31,2026-06-12
EIFFL, EQ, 12-Jun-2026,230.89,227.21,233.5,227.0,233.5,229.93,230.17,10937,25.17,374,7944.0, 72.63,2026-06-12
EIHAHOTELS, EQ, 12-Jun-2026,294.6,296.4,304.8,296.0,304.8,302.85,299.42,5908,17.69,499,3562.0, 60.29,2026-06-12
EIHOTEL, EQ, 12-Jun-2026,289.6,292.55,296.5,288.0,296.2,295.45,292.35,142119,415.49,6435,74978.0, 52.76,2026-06-12
EIMCOELECO, EQ, 12-Jun-2026,1527.2,1548.0,1555.0,1521.0,1537.0,1540.5,1533.4,7589,116.37,886,3269.0, 43.08,2026-06-12
EKC, EQ, 12-Jun-2026,104.8,105.68,109.5,105.68,108.0,108.98,107.85,126072,135.97,1619,64100.0, 50.84,2026-06-12
ELANTAS, EQ, 12-Jun-2026,9330.5,9440.0,9690.0,9016.5,9575.0,9545.0,9379.88,1499,140.6,1052,311.0, 20.75,2026-06-12
ELCIDIN, EQ, 12-Jun-2026,114970.0,115480.0,117180.0,115205.0,116995.0,117000.0,116280.71,7,8.14,7,5.0, 71.43,2026-06-12
ELDEHSG, EQ, 12-Jun-2026,819.25,821.75,824.9,801.0,823.05,804.6,813.0,246,2.0,30,128.0, 52.03,2026-06-12
ELECON, EQ, 12-Jun-2026,528.1,534.8,551.5,528.7,533.9,536.85,541.24,1246417,6746.16,32849,377160.0, 30.26,2026-06-12
ELECTCAST, EQ, 12-Jun-2026,69.35,70.5,72.1,69.89,71.51,71.87,71.06,1700604,1208.48,13048,780435.0, 45.89,2026-06-12
ELECTHERM, EQ, 12-Jun-2026,1182.65,1190.1,1226.0,1165.05,1184.0,1190.1,1195.07,119156,1424.0,9415,14137.0, 11.86,2026-06-12
ELGIEQUIP, EQ, 12-Jun-2026,593.45,599.3,608.65,595.1,603.0,603.85,604.16,358767,2167.52,22890,231232.0, 64.45,2026-06-12
ELGIRUBCO, EQ, 12-Jun-2026,50.27,51.6,52.0,48.11,51.55,51.39,50.54,71732,36.26,1764,37743.0, 52.62,2026-06-12
ELGNZ, SM, 12-Jun-2026,73.7,72.5,73.0,70.0,73.0,72.1,71.63,19000,13.61,19,11000.0, 57.89,2026-06-12
ELIN, EQ, 12-Jun-2026,101.68,102.1,110.01,101.5,107.9,105.88,103.95,288508,299.9,5027,148552.0, 51.49,2026-06-12
ELIQUID, EQ, 12-Jun-2026,1034.52,1034.5,1034.96,1034.32,1034.94,1034.95,1034.92,3400,35.19,18,3229.0, 94.97,2026-06-12
ELITECON, EQ, 12-Jun-2026,30.11,30.64,31.69,29.7,30.0,29.99,30.39,3319456,1008.62,13307,1257257.0, 37.88,2026-06-12
ELLEN, EQ, 12-Jun-2026,258.05,264.5,277.5,260.55,276.0,275.85,271.06,379545,1028.78,6956,219831.0, 57.92,2026-06-12
ELM250, EQ, 12-Jun-2026,15.76,15.78,16.14,15.78,16.14,16.13,16.07,23223,3.73,113,20784.0, 89.50,2026-06-12
ELPROINTL, EQ, 12-Jun-2026,166.71,168.0,171.0,166.74,170.55,168.81,168.32,67212,113.13,593,46278.0, 68.85,2026-06-12
EMAMILTD, EQ, 12-Jun-2026,386.45,388.0,394.0,386.5,390.8,390.8,390.11,275678,1075.44,14666,143485.0, 52.05,2026-06-12
EMAMIPAP, EQ, 12-Jun-2026,80.54,80.1,86.0,80.1,86.0,85.63,83.79,67342,56.43,1086,40873.0, 60.69,2026-06-12
EMAMIREAL, BE, 12-Jun-2026,83.2,84.0,84.0,83.25,83.5,83.5,83.5,7061,5.9,23,, -,2026-06-12
EMAPARTNER, SM, 12-Jun-2026,85.35,85.0,88.0,85.0,85.5,85.5,86.66,6000,5.2,5,4000.0, 66.67,2026-06-12
EMBASSY, RR, 12-Jun-2026,431.59,432.9,433.39,428.2,428.85,429.1,429.44,186325,800.15,5790,153037.0, 82.13,2026-06-12
EMBDL, EQ, 12-Jun-2026,56.38,57.9,59.28,57.0,59.16,59.06,58.22,1838861,1070.57,7235,1168215.0, 63.53,2026-06-12
EMCURE, EQ, 12-Jun-2026,1683.3,1692.5,1747.0,1679.0,1745.0,1736.2,1715.94,115903,1988.82,10283,67466.0, 58.21,2026-06-12
EMIL, EQ, 12-Jun-2026,101.56,102.91,106.0,101.0,105.5,105.5,103.85,1544642,1604.15,15937,1003007.0, 64.93,2026-06-12
EMKAY, EQ, 12-Jun-2026,264.9,271.89,304.0,267.7,291.0,290.69,290.28,321951,934.56,6674,55022.0, 17.09,2026-06-12
EMKAYTOOLS, SM, 12-Jun-2026,95.0,95.0,96.0,95.0,96.0,96.0,95.67,450,0.43,3,450.0, 100.00,2026-06-12
EMMBI, EQ, 12-Jun-2026,82.35,84.9,84.9,82.51,83.15,83.25,83.96,1960,1.65,64,1782.0, 90.92,2026-06-12
EMMIL, SM, 12-Jun-2026,127.0,121.05,127.0,121.05,127.0,127.0,126.24,7250,9.15,23,6500.0, 89.66,2026-06-12
EMMVEE, EQ, 12-Jun-2026,321.6,328.0,346.0,327.15,343.5,343.55,338.46,5282769,17880.09,59518,1834956.0, 34.73,2026-06-12
EMPOWER, BE, 12-Jun-2026,1.95,1.92,1.92,1.92,1.92,1.92,1.92,1130214,21.7,307,, -,2026-06-12
EMSLIMITED, EQ, 12-Jun-2026,297.1,302.6,306.15,297.55,305.8,304.2,301.77,142966,431.43,4855,51911.0, 36.31,2026-06-12
EMUDHRA, EQ, 12-Jun-2026,469.4,470.6,478.5,465.55,467.6,468.4,470.13,87567,411.68,5087,57575.0, 65.75,2026-06-12
EMULTIMQ, EQ, 12-Jun-2026,41.05,41.57,41.96,41.3,41.96,41.77,41.56,32464,13.49,112,25792.0, 79.45,2026-06-12
ENCOMPAS, SM, 12-Jun-2026,219.6,228.65,252.5,220.0,230.0,235.15,232.21,136400,316.73,53,119200.0, 87.39,2026-06-12
ENDURANCE, EQ, 12-Jun-2026,2480.2,2495.0,2548.8,2471.1,2508.0,2502.6,2499.54,306114,7651.43,20331,255316.0, 83.41,2026-06-12
ENERGY, EQ, 12-Jun-2026,38.75,39.55,39.67,38.8,39.36,39.41,39.2,226615,88.84,882,148719.0, 65.63,2026-06-12
ENERGYDEV, EQ, 12-Jun-2026,16.39,16.35,16.79,16.35,16.64,16.47,16.51,15417,2.54,156,12428.0, 80.61,2026-06-12
ENEXT50, EQ, 12-Jun-2026,68.74,69.41,70.47,68.8,69.81,69.81,69.26,1632,1.13,11,419.0, 25.67,2026-06-12
ENFUSE, SM, 12-Jun-2026,166.0,165.0,165.0,165.0,165.0,165.0,165.0,1200,1.98,2,1200.0, 100.00,2026-06-12
ENGINERSIN, EQ, 12-Jun-2026,223.95,225.1,238.5,225.1,235.18,234.68,232.18,3699138,8588.53,39711,1220446.0, 32.99,2026-06-12
ENIFTY, EQ, 12-Jun-2026,23.18,23.75,23.76,23.34,23.76,23.63,23.43,43407,10.17,43,42890.0, 98.81,2026-06-12
ENIL, EQ, 12-Jun-2026,108.59,108.6,113.39,108.6,109.98,109.92,110.5,11325,12.51,312,8910.0, 78.68,2026-06-12
ENRIN, EQ, 12-Jun-2026,3412.5,3459.0,3650.0,3431.2,3628.0,3606.9,3558.49,676476,24072.33,59190,226348.0, 33.46,2026-06-12
ENSER, ST, 12-Jun-2026,15.5,14.75,16.0,14.75,16.0,16.0,15.54,60000,9.33,10,60000.0, 100.00,2026-06-12
ENTERO, EQ, 12-Jun-2026,1116.3,1139.4,1142.0,1105.0,1138.0,1136.7,1132.47,52843,598.43,3172,24476.0, 46.32,2026-06-12
ENVIRO, SM, 12-Jun-2026,77.4,80.0,80.95,70.55,78.0,74.8,75.37,70000,52.76,70,42000.0, 60.00,2026-06-12
EPACK, EQ, 12-Jun-2026,221.95,225.0,229.9,224.61,228.0,227.43,227.57,686559,1562.4,8025,255703.0, 37.24,2026-06-12
EPACKPEB, EQ, 12-Jun-2026,227.27,236.28,245.8,231.81,241.5,241.17,240.17,12762222,30650.47,108194,851612.0, 6.67,2026-06-12
EPIGRAL, EQ, 12-Jun-2026,1063.4,1076.9,1121.0,1076.9,1121.0,1115.3,1101.28,34947,384.87,3805,16798.0, 48.07,2026-06-12
EPL, EQ, 12-Jun-2026,217.01,217.6,225.79,217.6,224.15,224.8,223.18,803690,1793.68,17669,346090.0, 43.06,2026-06-12
EPWINDIA, ST, 12-Jun-2026,149.95,149.95,150.25,149.95,149.95,149.95,150.03,6000,9.0,5,6000.0, 100.00,2026-06-12
EQUAL200, EQ, 12-Jun-2026,13.0,13.17,13.28,13.13,13.28,13.27,13.21,8129,1.07,28,7972.0, 98.07,2026-06-12
EQUAL50, EQ, 12-Jun-2026,317.45,319.92,322.02,319.0,322.02,322.02,321.54,3611,11.61,8,3301.0, 91.42,2026-06-12
EQUAL50ADD, EQ, 12-Jun-2026,327.77,331.68,339.0,329.33,339.0,333.56,332.51,21888,72.78,260,16874.0, 77.09,2026-06-12
EQUIPPP, BE, 12-Jun-2026,17.99,18.0,18.5,17.6,18.5,18.41,18.11,44991,8.15,67,, -,2026-06-12
EQUITASBNK, EQ, 12-Jun-2026,71.39,72.6,76.25,72.6,75.79,75.54,74.83,14409502,10782.73,76899,6214815.0, 43.13,2026-06-12
ERIS, EQ, 12-Jun-2026,1365.6,1388.0,1411.4,1365.3,1401.0,1404.6,1393.2,63719,887.73,8479,34031.0, 53.41,2026-06-12
ESABINDIA, EQ, 12-Jun-2026,5612.0,5650.0,5749.0,5650.0,5735.0,5728.0,5704.65,2384,136.0,861,1412.0, 59.23,2026-06-12
ESAFSFB, EQ, 12-Jun-2026,26.58,26.99,28.63,26.71,28.4,28.48,27.89,1089571,303.87,3745,410233.0, 37.65,2026-06-12
ESCONET, ST, 12-Jun-2026,108.45,108.5,109.95,105.8,109.95,109.95,108.3,27200,29.46,57,25600.0, 94.12,2026-06-12
ESCORTS, EQ, 12-Jun-2026,2724.7,2779.8,2779.8,2729.0,2765.0,2761.4,2750.42,56786,1561.85,14103,25442.0, 44.80,2026-06-12
ESENSEX, EQ, 12-Jun-2026,74.08,73.45,75.55,73.45,75.55,75.54,74.79,1639,1.23,18,1556.0, 94.94,2026-06-12
ESFL, ST, 12-Jun-2026,119.3,119.0,121.95,118.25,119.0,119.15,119.14,6840,8.15,19,6120.0, 89.47,2026-06-12
ESG, EQ, 12-Jun-2026,39.51,39.89,40.29,39.7,40.21,40.22,40.04,6067,2.43,72,3934.0, 64.84,2026-06-12
ESILVER, EQ, 12-Jun-2026,230.97,236.69,239.9,236.01,238.75,239.86,239.62,255770,612.89,1929,227899.0, 89.10,2026-06-12
ESPRIT, SM, 12-Jun-2026,67.0,67.25,67.9,65.0,65.0,66.25,66.45,19200,12.76,10,14400.0, 75.00,2026-06-12
ESSARSHPNG, EQ, 12-Jun-2026,22.3,22.3,24.05,22.3,23.91,23.69,23.37,335502,78.4,1394,199601.0, 59.49,2026-06-12
ESSENTIA, BE, 12-Jun-2026,1.55,1.55,1.59,1.5,1.58,1.54,1.54,1551194,23.96,690,, -,2026-06-12
ESTER, EQ, 12-Jun-2026,85.28,86.0,88.87,86.0,88.75,88.51,87.73,35366,31.03,1110,18745.0, 53.00,2026-06-12
ETERNAL, EQ, 12-Jun-2026,235.2,239.0,244.5,237.65,244.05,243.8,241.54,23501911,56766.98,144777,10263250.0, 43.67,2026-06-12
ETHOSLTD, EQ, 12-Jun-2026,2358.4,2399.0,2400.0,2359.8,2400.0,2391.8,2382.28,5968,142.17,1360,3579.0, 59.97,2026-06-12
ETL, SM, 12-Jun-2026,925.0,999.95,999.95,999.95,999.95,999.95,999.95,150,1.5,1,150.0, 100.00,2026-06-12
ETML, SM, 12-Jun-2026,77.2,77.2,78.6,75.05,76.95,76.95,76.52,46800,35.81,19,44400.0, 94.87,2026-06-12
EUREKAFORB, EQ, 12-Jun-2026,436.85,441.5,443.8,433.65,436.0,438.25,438.19,110338,483.49,5994,66341.0, 60.13,2026-06-12
EUROBOND, EQ, 12-Jun-2026,169.55,175.4,179.25,171.9,178.0,178.14,173.37,8829,15.31,237,6835.0, 77.42,2026-06-12
EUROPRATIK, EQ, 12-Jun-2026,253.35,254.0,276.0,254.0,275.0,273.3,265.9,290969,773.69,4587,120422.0, 41.39,2026-06-12
EUROTEXIND, EQ, 12-Jun-2026,20.54,20.9,20.9,18.9,20.0,19.44,19.61,19978,3.92,143,15294.0, 76.55,2026-06-12
EVEREADY, EQ, 12-Jun-2026,334.85,339.0,348.4,336.5,345.0,345.6,343.47,224221,770.14,4516,119312.0, 53.21,2026-06-12
EVERESTIND, EQ, 12-Jun-2026,331.4,342.0,342.0,320.55,329.0,328.65,326.47,28070,91.64,1417,18285.0, 65.14,2026-06-12
EVIETF, EQ, 12-Jun-2026,30.22,30.82,30.89,30.3,30.3,30.75,30.59,90193,27.59,455,53338.0, 59.14,2026-06-12
EVINDIA, EQ, 12-Jun-2026,30.22,30.54,30.99,30.36,30.77,30.83,30.69,161178,49.47,1055,107101.0, 66.45,2026-06-12
EXCELINDUS, EQ, 12-Jun-2026,907.65,907.65,925.95,905.4,914.25,917.45,915.17,5324,48.72,974,2933.0, 55.09,2026-06-12
EXCELLENT, ST, 12-Jun-2026,186.0,183.5,189.0,183.0,189.0,189.0,185.73,20800,38.63,12,17600.0, 84.62,2026-06-12
EXCELSOFT, EQ, 12-Jun-2026,78.42,79.25,81.0,78.67,79.25,79.47,79.81,504876,402.95,3905,288269.0, 57.10,2026-06-12
EXICOM, EQ, 12-Jun-2026,135.77,138.0,144.4,137.78,141.49,141.77,141.61,4156866,5886.36,27318,540868.0, 13.01,2026-06-12
EXIDEIND, EQ, 12-Jun-2026,385.65,391.0,393.9,388.0,392.95,391.95,391.23,1527789,5977.2,17172,777568.0, 50.89,2026-06-12
EXIMROUTES, SM, 12-Jun-2026,100.45,104.0,116.0,90.0,116.0,107.85,96.44,77600,74.84,62,56000.0, 72.16,2026-06-12
EXPLEOSOL, EQ, 12-Jun-2026,775.95,780.0,799.95,763.35,792.0,784.85,774.73,25941,200.97,2479,11852.0, 45.69,2026-06-12
EXXARO, EQ, 12-Jun-2026,6.4,6.74,7.68,6.74,7.68,7.67,7.66,8239025,631.32,3278,3755496.0, 45.58,2026-06-12
FABTECH, EQ, 12-Jun-2026,143.6,143.6,147.8,143.0,147.5,147.35,145.68,57441,83.68,1483,28851.0, 50.23,2026-06-12
FACT, EQ, 12-Jun-2026,889.2,902.0,914.95,886.7,900.0,902.35,904.03,248746,2248.73,13643,77506.0, 31.16,2026-06-12
FAIRCHEMOR, EQ, 12-Jun-2026,569.9,572.2,595.4,570.05,593.95,592.2,586.87,6914,40.58,672,4830.0, 69.86,2026-06-12
FALCONTECH, SM, 12-Jun-2026,12.6,12.85,13.05,12.8,13.05,13.0,12.93,8400,1.09,7,8400.0, 100.00,2026-06-12
FAZE3Q, EQ, 12-Jun-2026,519.35,520.35,545.3,520.35,545.3,545.3,544.16,21728,118.23,489,14113.0, 64.95,2026-06-12
FCL, EQ, 12-Jun-2026,37.03,38.18,39.71,38.01,39.47,39.17,38.68,10040741,3884.07,18269,2602134.0, 25.92,2026-06-12
FCSSOFT, BE, 12-Jun-2026,1.68,1.65,1.65,1.65,1.65,1.65,1.65,472307,7.79,473,, -,2026-06-12
FDC, EQ, 12-Jun-2026,378.9,383.0,389.7,377.35,387.7,387.85,384.08,268976,1033.07,11556,111270.0, 41.37,2026-06-12
FEDDERSHOL, EQ, 12-Jun-2026,34.08,34.59,34.89,34.02,34.89,34.32,34.51,731538,252.44,601,560918.0, 76.68,2026-06-12
FEDERALBNK, EQ, 12-Jun-2026,309.75,315.0,318.35,311.15,315.0,315.7,315.97,9052110,28601.66,74568,4421558.0, 48.85,2026-06-12
FEDFINA, EQ, 12-Jun-2026,148.96,150.9,153.48,148.19,152.65,152.79,151.09,717242,1083.7,12016,324269.0, 45.21,2026-06-12
FEL, BZ, 12-Jun-2026,0.42,0.41,0.43,0.41,0.42,0.42,0.43,397124,1.69,96,, -,2026-06-12
FELDVR, BZ, 12-Jun-2026,2.55,2.67,2.67,2.43,2.6,2.6,2.58,543,0.01,20,, -,2026-06-12
FELIX, SM, 12-Jun-2026,183.6,184.5,195.5,184.35,184.35,186.4,188.17,115500,217.33,140,75000.0, 64.94,2026-06-12
FERMENTA, EQ, 12-Jun-2026,330.05,335.0,340.8,332.0,332.7,338.35,336.54,28639,96.38,884,12689.0, 44.31,2026-06-12
FIBERWEB, EQ, 12-Jun-2026,27.53,28.5,28.5,27.61,27.98,27.84,27.99,3347,0.94,66,2774.0, 82.88,2026-06-12
FIDEL, SM, 12-Jun-2026,165.25,160.0,160.2,160.0,160.0,160.0,160.08,6000,9.61,6,5000.0, 83.33,2026-06-12
FIEMIND, EQ, 12-Jun-2026,2246.9,2259.0,2316.1,2259.0,2294.0,2308.7,2292.46,46566,1067.51,6612,24651.0, 52.94,2026-06-12
FILATEX, EQ, 12-Jun-2026,49.14,50.39,52.95,49.9,51.69,51.92,51.9,2299194,1193.25,9760,758809.0, 33.00,2026-06-12
FILATFASH, BE, 12-Jun-2026,0.19,0.2,0.2,0.19,0.2,0.19,0.2,22158599,44.09,2292,, -,2026-06-12
FINBUD, SM, 12-Jun-2026,124.1,123.0,125.0,123.0,124.0,124.0,124.31,8000,9.94,8,6000.0, 75.00,2026-06-12
FINCABLES, EQ, 12-Jun-2026,1012.9,1021.9,1040.0,1015.0,1035.0,1035.8,1030.25,305861,3151.13,19818,125552.0, 41.05,2026-06-12
FINEORG, EQ, 12-Jun-2026,4677.1,4680.0,4745.9,4659.8,4731.0,4724.7,4706.13,4522,212.81,1671,2121.0, 46.90,2026-06-12
FINIETF, EQ, 12-Jun-2026,29.9,30.33,31.2,30.12,31.19,30.92,30.68,357696,109.72,1034,253998.0, 71.01,2026-06-12
FINKURVE, EQ, 12-Jun-2026,63.71,63.03,65.2,62.42,63.0,63.62,63.24,7095,4.49,166,4467.0, 62.96,2026-06-12
FINOPB, EQ, 12-Jun-2026,131.32,134.0,137.44,133.8,135.65,136.21,135.93,220917,300.29,3514,87846.0, 39.76,2026-06-12
FINPIPE, EQ, 12-Jun-2026,168.66,170.0,173.8,168.6,173.2,173.02,170.8,545313,931.37,12390,237339.0, 43.52,2026-06-12
FIRSTCRY, EQ, 12-Jun-2026,212.39,215.0,217.9,213.42,217.5,216.76,215.91,630959,1362.3,14574,212663.0, 33.70,2026-06-12
FISCHER, EQ, 12-Jun-2026,34.83,35.0,36.73,35.0,36.09,36.15,35.89,1103382,395.97,2788,382674.0, 34.68,2026-06-12
FIVESTAR, EQ, 12-Jun-2026,423.4,430.45,442.0,423.5,442.0,439.15,436.52,1080632,4717.16,41921,729761.0, 67.53,2026-06-12
FLAIR, EQ, 12-Jun-2026,268.45,273.0,276.7,262.4,269.3,270.45,270.24,398393,1076.64,7120,219103.0, 55.00,2026-06-12
FLEXIADD, EQ, 12-Jun-2026,9.43,9.58,9.61,9.5,9.58,9.58,9.57,92143,8.82,166,67208.0, 72.94,2026-06-12
FLEXITUFF, EQ, 12-Jun-2026,6.97,7.05,7.06,6.53,7.02,7.03,6.9,10003,0.69,64,7133.0, 71.31,2026-06-12
FLFL, BZ, 12-Jun-2026,1.3,1.29,1.35,1.25,1.34,1.34,1.31,24684,0.32,51,, -,2026-06-12
FLUOROCHEM, EQ, 12-Jun-2026,3680.5,3699.0,3704.5,3620.1,3654.7,3655.3,3666.44,57880,2122.14,9004,30699.0, 53.04,2026-06-12
FLYSBS, SM, 12-Jun-2026,402.8,415.0,417.85,402.0,417.85,416.25,411.54,18200,74.9,78,14200.0, 78.02,2026-06-12
FMCGADD, EQ, 12-Jun-2026,48.39,48.96,48.97,48.62,48.72,48.89,48.71,1653,0.81,19,918.0, 55.54,2026-06-12
FMCGIETF, EQ, 12-Jun-2026,51.98,52.51,52.62,52.1,52.39,52.35,52.24,4217536,2203.11,2416,1892003.0, 44.86,2026-06-12
FMGOETZE, EQ, 12-Jun-2026,440.6,444.0,449.0,441.55,442.9,445.5,444.98,35177,156.53,1426,17732.0, 50.41,2026-06-12
FMNL, BE, 12-Jun-2026,10.29,10.46,10.46,10.06,10.25,10.25,10.16,5604,0.57,46,, -,2026-06-12
FOCE, SM, 12-Jun-2026,600.0,600.0,602.0,600.0,601.0,601.0,601.0,2160,12.98,3,0.0, 0.00,2026-06-12
FOCUS, EQ, 12-Jun-2026,89.69,91.97,92.49,90.05,91.64,91.81,91.21,79347,72.37,1833,39633.0, 49.95,2026-06-12
FOODSIN, EQ, 12-Jun-2026,53.93,55.75,55.75,53.25,54.76,54.17,54.16,41131,22.28,507,20782.0, 50.53,2026-06-12
FORCAS, SM, 12-Jun-2026,93.7,95.5,95.5,92.8,93.0,93.65,93.58,17600,16.47,10,12800.0, 72.73,2026-06-12
FORCEMOT, EQ, 12-Jun-2026,17094.0,17400.0,18000.0,17182.0,17855.0,17892.0,17558.28,105337,18495.36,28924,32334.0, 30.70,2026-06-12
FORTIS, EQ, 12-Jun-2026,989.0,996.1,1002.0,986.1,988.5,990.35,992.27,934183,9269.57,34816,568862.0, 60.89,2026-06-12
FOSECOIND, EQ, 12-Jun-2026,4646.6,4705.0,5070.0,4705.0,4945.0,4933.8,4952.13,13563,671.66,3810,4737.0, 34.93,2026-06-12
FRACTAL, EQ, 12-Jun-2026,941.2,952.0,972.0,948.1,949.1,952.1,959.25,389475,3736.03,20945,153886.0, 39.51,2026-06-12
FRESHARA, SM, 12-Jun-2026,224.95,224.05,227.0,220.2,220.2,221.4,223.05,27000,60.22,43,19200.0, 71.11,2026-06-12
FROG, ST, 12-Jun-2026,172.15,176.0,180.75,172.05,178.0,177.95,179.16,29200,52.32,60,24800.0, 84.93,2026-06-12
FRONTSP, EQ, 12-Jun-2026,1406.4,1439.7,1505.4,1416.7,1488.0,1478.8,1467.9,21546,316.27,3352,10352.0, 48.05,2026-06-12
FSL, EQ, 12-Jun-2026,247.0,251.35,253.75,245.45,248.3,247.55,248.24,875722,2173.86,16040,259764.0, 29.66,2026-06-12
FUSION, EQ, 12-Jun-2026,163.08,166.01,175.94,166.01,175.77,174.76,171.52,732824,1256.94,10153,417451.0, 56.96,2026-06-12
FWSTC, SM, 12-Jun-2026,163.25,164.4,167.7,164.35,167.7,167.7,165.36,2400,3.97,4,2400.0, 100.00,2026-06-12
GABRIEL, EQ, 12-Jun-2026,1008.8,1040.0,1062.2,1012.2,1038.5,1040.6,1038.17,315963,3280.23,25569,103298.0, 32.69,2026-06-12
GAEL, EQ, 12-Jun-2026,155.34,156.8,159.9,155.81,157.51,157.83,157.6,496144,781.9,8958,263157.0, 53.04,2026-06-12
GAIL, EQ, 12-Jun-2026,166.09,167.01,171.2,166.67,170.5,170.5,169.05,7288989,12321.84,95747,4203824.0, 57.67,2026-06-12
GAJANAND, SM, 12-Jun-2026,8.4,7.6,8.75,7.6,8.75,8.75,8.15,12000,0.98,4,9000.0, 75.00,2026-06-12
GALAPREC, EQ, 12-Jun-2026,920.8,933.0,943.0,921.1,929.5,928.9,932.65,24858,231.84,1864,12756.0, 51.32,2026-06-12
GALAXYSURF, EQ, 12-Jun-2026,1675.8,1692.9,1719.0,1642.6,1699.1,1704.1,1673.42,17535,293.43,3330,9486.0, 54.10,2026-06-12
GALLANTT, EQ, 12-Jun-2026,652.65,653.45,671.9,649.35,656.4,654.35,658.48,128676,847.3,6273,63860.0, 49.63,2026-06-12
GANDHAR, EQ, 12-Jun-2026,155.43,158.0,161.0,156.26,159.1,159.48,158.62,230691,365.93,3454,107962.0, 46.80,2026-06-12
GANDHITUBE, EQ, 12-Jun-2026,840.4,847.7,852.0,843.1,846.55,846.15,847.25,3328,28.2,274,2053.0, 61.69,2026-06-12
GANECOS, EQ, 12-Jun-2026,909.25,922.0,922.0,897.0,915.15,913.05,908.86,86181,783.26,4133,48042.0, 55.75,2026-06-12
GANESHBE, EQ, 12-Jun-2026,108.23,109.0,113.0,107.91,108.07,108.28,109.69,284707,312.31,3271,142154.0, 49.93,2026-06-12
GANESHCP, EQ, 12-Jun-2026,198.18,200.29,204.75,198.02,198.02,198.7,200.09,81923,163.92,1198,51516.0, 62.88,2026-06-12
GANESHHOU, EQ, 12-Jun-2026,755.65,759.9,774.7,750.0,766.0,762.75,759.06,16286,123.62,1531,8059.0, 49.48,2026-06-12
GANESHIN, ST, 12-Jun-2026,89.3,93.0,93.75,90.0,93.75,93.75,93.22,103200,96.2,75,93600.0, 90.70,2026-06-12
GANGABATH, SM, 12-Jun-2026,23.1,22.95,24.15,22.95,23.35,23.35,23.39,27000,6.32,9,21000.0, 77.78,2026-06-12
GANGAFORGE, EQ, 12-Jun-2026,2.43,2.43,2.79,2.37,2.56,2.53,2.56,883324,22.63,536,481816.0, 54.55,2026-06-12
GANGESSECU, EQ, 12-Jun-2026,118.63,117.3,126.98,117.3,123.0,123.53,123.24,5814,7.17,124,4186.0, 72.00,2026-06-12
GARFIBRES, EQ, 12-Jun-2026,689.7,692.2,699.0,683.6,691.95,692.45,691.29,53855,372.29,3902,33543.0, 62.28,2026-06-12
GARUDA, EQ, 12-Jun-2026,159.53,160.98,168.0,160.98,167.25,167.63,165.18,290560,479.94,4901,138183.0, 47.56,2026-06-12
GATECH, EQ, 12-Jun-2026,0.51,0.51,0.54,0.51,0.54,0.52,0.52,3745908,19.65,797,1955294.0, 52.20,2026-06-12
GATECHDVR, EQ, 12-Jun-2026,0.47,0.47,0.49,0.46,0.47,0.46,0.48,985414,4.7,167,781263.0, 79.28,2026-06-12
GATEWAY, EQ, 12-Jun-2026,56.91,57.5,58.99,57.5,58.01,58.09,58.24,835825,486.8,6823,463559.0, 55.46,2026-06-12
GAUDIUMIVF, BE, 12-Jun-2026,101.57,99.54,99.54,99.54,99.54,99.54,99.54,130673,130.07,370,, -,2026-06-12
GAYAHWS, EQ, 12-Jun-2026,2.17,2.15,2.26,2.13,2.17,2.16,2.16,199451,4.31,749,149264.0, 74.84,2026-06-12
GAYAPROJ, BE, 12-Jun-2026,20.98,21.0,22.02,20.8,21.94,21.86,21.68,369116,80.03,890,, -,2026-06-12
GCHOTELS, SM, 12-Jun-2026,123.8,125.2,130.6,124.0,127.45,127.05,127.05,58200,73.94,60,44400.0, 76.29,2026-06-12
GCSL, EQ, 12-Jun-2026,426.95,432.7,436.4,428.5,430.6,431.65,432.9,472880,2047.09,5098,240037.0, 50.76,2026-06-12
GEECEE, EQ, 12-Jun-2026,324.05,324.05,327.0,320.25,320.25,322.05,322.23,2089,6.73,126,1237.0, 59.21,2026-06-12
GEEKAYWIRE, EQ, 12-Jun-2026,21.22,22.0,22.2,21.49,22.0,22.1,21.9,83549,18.3,762,51323.0, 61.43,2026-06-12
GEMAROMA, BE, 12-Jun-2026,163.58,167.0,171.75,164.11,171.75,171.75,170.49,101356,172.8,621,, -,2026-06-12
GENCON, EQ, 12-Jun-2026,36.77,37.0,40.0,37.0,38.76,39.23,38.58,250259,96.56,1347,21214.0, 8.48,2026-06-12
GENESYS, EQ, 12-Jun-2026,331.4,331.45,338.95,314.3,317.35,317.7,323.06,1349532,4359.84,22096,323654.0, 23.98,2026-06-12
GENUSPAPER, EQ, 12-Jun-2026,11.7,11.75,12.1,11.75,12.06,12.04,12.02,41675,5.01,217,29790.0, 71.48,2026-06-12
GENUSPOWER, EQ, 12-Jun-2026,309.7,315.0,320.65,310.45,317.55,318.8,315.94,581268,1836.46,13026,296464.0, 51.00,2026-06-12
GENXAI, ST, 12-Jun-2026,116.0,92.8,97.4,92.75,97.4,97.4,93.31,1620000,1511.59,604,1618800.0, 99.93,2026-06-12
GEOJITFSL, EQ, 12-Jun-2026,73.11,73.21,75.28,73.21,75.18,75.02,74.84,238586,178.57,2379,147548.0, 61.84,2026-06-12
GESHIP, EQ, 12-Jun-2026,1389.5,1404.0,1417.2,1362.1,1389.0,1389.1,1379.12,514034,7089.13,33615,197507.0, 38.42,2026-06-12
GFLLIMITED, EQ, 12-Jun-2026,46.29,46.29,49.2,46.0,48.15,48.15,47.36,231738,109.75,1922,155186.0, 66.97,2026-06-12
GGBL, SM, 12-Jun-2026,300.6,307.0,310.0,303.0,309.45,308.35,306.9,21300,65.37,62,17400.0, 81.69,2026-06-12
GHCL, EQ, 12-Jun-2026,419.4,422.05,433.0,421.2,432.8,430.45,425.67,476111,2026.66,24488,277880.0, 58.36,2026-06-12
GHCLTEXTIL, EQ, 12-Jun-2026,91.98,93.29,93.88,89.8,91.0,91.69,91.63,461295,422.68,5158,298666.0, 64.75,2026-06-12
GICHSGFIN, EQ, 12-Jun-2026,155.57,157.2,157.69,153.7,155.49,155.36,155.13,135139,209.64,2483,74295.0, 54.98,2026-06-12
GICL, EQ, 12-Jun-2026,22.06,23.2,23.24,21.91,22.25,22.22,22.33,253079,56.5,1090,145849.0, 57.63,2026-06-12
GICRE, EQ, 12-Jun-2026,370.4,375.0,380.45,371.55,377.1,379.25,375.83,222257,835.3,8949,90201.0, 40.58,2026-06-12
GILLANDERS, EQ, 12-Jun-2026,89.53,88.5,90.95,88.13,90.95,90.95,89.41,1487,1.33,20,1384.0, 93.07,2026-06-12
GILLETTE, EQ, 12-Jun-2026,7668.5,7728.0,7930.0,7679.0,7696.5,7726.0,7719.43,26695,2060.7,7473,17636.0, 66.06,2026-06-12
GILT10BETA, EQ, 12-Jun-2026,25.97,26.07,26.07,25.92,25.95,25.95,25.93,6838,1.77,22,6661.0, 97.41,2026-06-12
GILT5BETA, EQ, 12-Jun-2026,65.82,65.82,65.82,64.84,65.6,65.6,64.87,3657,2.37,13,3540.0, 96.80,2026-06-12
GILT5YBEES, EQ, 12-Jun-2026,65.15,65.37,65.54,65.06,65.41,65.39,65.38,218159,142.64,564,122177.0, 56.00,2026-06-12
GINNIFILA, EQ, 12-Jun-2026,42.37,42.3,42.77,41.48,42.55,42.28,42.27,35801,15.13,648,15769.0, 44.05,2026-06-12
GIPCL, EQ, 12-Jun-2026,155.64,157.15,161.45,156.41,160.62,160.59,159.27,286545,456.38,6316,117176.0, 40.89,2026-06-12
GIRIRAJ, ST, 12-Jun-2026,133.0,139.5,139.5,139.5,139.5,139.5,139.5,750,1.05,3,750.0, 100.00,2026-06-12
GJL, ST, 12-Jun-2026,134.6,140.95,141.3,135.2,136.3,136.35,137.23,76000,104.3,74,73600.0, 96.84,2026-06-12
GKENERGY, EQ, 12-Jun-2026,134.42,136.1,144.2,136.1,143.05,143.54,141.59,929672,1316.28,10712,521527.0, 56.10,2026-06-12
GKSL, EQ, 12-Jun-2026,125.94,128.0,132.2,125.2,130.99,130.08,128.76,201169,259.02,2445,122573.0, 60.93,2026-06-12
GKWLIMITED, EQ, 12-Jun-2026,1829.2,1829.2,1849.8,1800.0,1849.8,1842.6,1836.09,283,5.2,60,94.0, 33.22,2026-06-12
GLAND, EQ, 12-Jun-2026,2306.5,2311.5,2354.0,2250.0,2258.0,2262.2,2290.2,695609,15930.84,54419,323767.0, 46.54,2026-06-12
GLAXO, EQ, 12-Jun-2026,2103.2,2116.0,2131.9,2088.1,2120.0,2121.5,2102.02,357494,7514.6,27353,232626.0, 65.07,2026-06-12
GLENMARK, EQ, 12-Jun-2026,2144.5,2171.8,2178.0,2117.0,2165.7,2173.8,2153.57,500898,10787.18,29895,210255.0, 41.98,2026-06-12
GLFL, BE, 12-Jun-2026,6.32,6.63,6.63,6.06,6.06,6.12,6.32,6340,0.4,42,, -,2026-06-12
GLOBAL, EQ, 12-Jun-2026,100.87,102.0,103.99,101.43,103.8,102.98,102.63,62799,64.45,639,27125.0, 43.19,2026-06-12
GLOBALE, BE, 12-Jun-2026,11.56,11.0,12.13,11.0,12.13,11.99,11.22,18569,2.08,54,, -,2026-06-12
GLOBALVECT, EQ, 12-Jun-2026,158.14,160.14,163.61,155.83,157.0,157.38,159.04,10835,17.23,389,7921.0, 73.11,2026-06-12
GLOBE, EQ, 12-Jun-2026,2.27,2.29,2.34,2.25,2.29,2.28,2.28,256006,5.84,204,148730.0, 58.10,2026-06-12
GLOBECIVIL, BE, 12-Jun-2026,38.46,38.56,40.38,38.56,40.38,40.38,40.01,25065,10.03,192,, -,2026-06-12
GLOBUSSPR, EQ, 12-Jun-2026,836.15,843.0,859.45,843.0,854.9,852.45,850.2,41109,349.51,2541,22025.0, 53.58,2026-06-12
GLOSTERLTD, EQ, 12-Jun-2026,656.9,671.7,672.95,663.05,669.0,668.8,668.71,1045,6.99,100,858.0, 82.11,2026-06-12
GLOTTIS, BE, 12-Jun-2026,67.48,66.77,68.48,66.5,67.0,67.0,67.34,60002,40.4,611,, -,2026-06-12
GMBREW, EQ, 12-Jun-2026,871.3,887.3,903.7,882.2,900.0,899.05,894.41,34918,312.31,2271,17010.0, 48.71,2026-06-12
GMDCLTD, EQ, 12-Jun-2026,588.75,601.0,614.5,596.35,612.0,612.3,604.89,1932744,11690.9,33550,548853.0, 28.40,2026-06-12
GML, SM, 12-Jun-2026,18.3,17.45,18.0,17.45,17.85,17.85,17.77,6000,1.07,3,4000.0, 66.67,2026-06-12
GMMPFAUDLR, EQ, 12-Jun-2026,738.2,745.95,765.85,741.1,761.0,760.1,752.38,87069,655.09,6597,41598.0, 47.78,2026-06-12
GMRAIRPORT, EQ, 12-Jun-2026,100.1,102.1,103.9,101.1,103.8,103.65,102.33,19549334,20005.51,44394,11500101.0, 58.83,2026-06-12
GMRP&UI, EQ, 12-Jun-2026,101.99,103.0,105.98,102.0,105.25,105.57,103.91,1283499,1333.7,8736,617617.0, 48.12,2026-06-12
GNA, EQ, 12-Jun-2026,354.1,356.1,372.95,356.1,372.0,371.25,365.43,80706,294.92,2676,45103.0, 55.89,2026-06-12
GNFC, EQ, 12-Jun-2026,491.4,499.0,505.0,494.6,504.0,503.85,500.82,183431,918.67,8366,72475.0, 39.51,2026-06-12
GNRL, EQ, 12-Jun-2026,92.96,90.52,93.5,90.52,93.3,93.04,92.8,55480,51.49,656,43668.0, 78.71,2026-06-12
GOACARBON, EQ, 12-Jun-2026,375.85,379.85,387.1,375.0,379.7,379.25,379.15,11298,42.84,663,7444.0, 65.89,2026-06-12
GOCLCORP, EQ, 12-Jun-2026,381.95,386.45,409.45,385.0,401.0,402.35,398.81,99937,398.56,4350,43890.0, 43.92,2026-06-12
GOCOLORS, EQ, 12-Jun-2026,343.05,349.5,363.45,348.05,360.0,358.65,355.45,1163480,4135.53,13073,125144.0, 10.76,2026-06-12
GODAVARIB, EQ, 12-Jun-2026,276.8,280.95,283.4,274.1,279.0,278.05,277.85,76152,211.59,1511,43943.0, 57.70,2026-06-12
GODFRYPHLP, EQ, 12-Jun-2026,2193.2,2239.0,2308.9,2228.2,2295.0,2301.0,2276.14,469827,10693.94,24286,170637.0, 36.32,2026-06-12
GODIGIT, EQ, 12-Jun-2026,296.6,296.6,302.3,294.05,301.4,301.05,298.68,306906,916.68,8614,115067.0, 37.49,2026-06-12
GODREJAGRO, EQ, 12-Jun-2026,557.9,561.0,568.4,560.05,565.5,564.95,564.4,65966,372.31,4698,26433.0, 40.07,2026-06-12
GODREJCP, EQ, 12-Jun-2026,1008.9,1020.0,1037.7,1013.0,1035.5,1033.3,1025.48,985452,10105.62,29652,577986.0, 58.65,2026-06-12
GODREJIND, EQ, 12-Jun-2026,1009.2,1014.7,1067.2,1014.7,1035.0,1037.9,1039.23,190853,1983.39,19464,36960.0, 19.37,2026-06-12
GODREJPROP, EQ, 12-Jun-2026,1618.0,1650.6,1696.9,1637.4,1694.2,1691.4,1667.65,520499,8680.12,20836,119654.0, 22.99,2026-06-12
GOKEX, EQ, 12-Jun-2026,655.55,667.8,679.7,662.0,674.5,674.5,671.98,384356,2582.78,16176,177613.0, 46.21,2026-06-12
GOKUL, EQ, 12-Jun-2026,39.99,40.95,43.99,40.2,41.25,40.66,42.0,247910,104.11,2068,42261.0, 17.05,2026-06-12
GOKULAGRO, EQ, 12-Jun-2026,230.54,233.5,235.44,230.2,233.0,233.07,232.71,340444,792.26,8097,173454.0, 50.95,2026-06-12
GOLD1, EQ, 12-Jun-2026,120.3,123.3,123.99,121.04,123.04,122.87,122.71,2330091,2859.15,8185,1311513.0, 56.29,2026-06-12
GOLD360, EQ, 12-Jun-2026,141.3,143.7,144.65,142.9,144.65,144.5,143.82,65075,93.59,321,14657.0, 22.52,2026-06-12
GOLDADD, EQ, 12-Jun-2026,140.21,142.72,143.73,142.04,143.7,142.88,142.73,1054049,1504.42,4806,850665.0, 80.70,2026-06-12
GOLDBEES, EQ, 12-Jun-2026,119.28,121.21,122.17,120.65,121.9,121.92,121.43,24405140,29634.73,96826,12816349.0, 52.51,2026-06-12
GOLDBETA, EQ, 12-Jun-2026,121.5,124.5,124.5,123.0,123.55,124.05,123.61,494623,611.41,2463,284386.0, 57.50,2026-06-12
GOLDBND, EQ, 12-Jun-2026,144.09,146.86,150.2,145.51,146.79,146.84,147.26,26555,39.1,194,23603.0, 88.88,2026-06-12
GOLDCASE, EQ, 12-Jun-2026,22.68,22.68,23.28,22.68,23.26,23.2,23.11,7830614,1809.37,12792,2342545.0, 29.92,2026-06-12
GOLDENTOBC, BZ, 12-Jun-2026,25.14,25.01,26.04,25.0,25.05,25.05,25.82,2606,0.67,22,, -,2026-06-12
GOLDETF, EQ, 12-Jun-2026,140.31,143.81,143.81,142.03,143.13,143.04,142.83,1685307,2407.17,6097,996350.0, 59.12,2026-06-12
GOLDIAM, EQ, 12-Jun-2026,423.8,430.0,485.0,430.0,477.2,478.8,471.8,8101241,38221.53,118143,1358660.0, 16.77,2026-06-12
GOLDIETF, EQ, 12-Jun-2026,123.68,126.77,126.78,125.3,126.38,126.31,125.86,4068792,5121.14,27988,2132770.0, 52.42,2026-06-12
GOLDSTAR, SM, 12-Jun-2026,7.7,7.55,7.55,7.55,7.55,7.55,7.55,33750,2.55,3,22500.0, 66.67,2026-06-12
GOLDTECH, EQ, 12-Jun-2026,41.07,41.78,42.5,41.11,41.9,41.55,42.35,228298,96.69,581,216036.0, 94.63,2026-06-12
GOODLUCK, EQ, 12-Jun-2026,1289.1,1305.0,1324.9,1274.0,1315.0,1313.2,1299.35,131409,1707.46,7063,79786.0, 60.72,2026-06-12
GOODYEAR, EQ, 12-Jun-2026,723.4,726.0,735.95,722.1,734.1,733.0,729.26,3399,24.79,376,1972.0, 58.02,2026-06-12
GOPAL, EQ, 12-Jun-2026,281.2,282.15,286.0,280.0,284.0,283.25,282.43,78919,222.89,1655,26292.0, 33.32,2026-06-12
GOYALALUM, EQ, 12-Jun-2026,6.62,6.67,7.1,6.67,6.87,6.87,6.92,144349,9.99,573,106030.0, 73.45,2026-06-12
GOYALSALT, SM, 12-Jun-2026,112.0,116.4,116.4,114.0,114.0,114.0,115.2,1200,1.38,2,1200.0, 100.00,2026-06-12
GPECO, ST, 12-Jun-2026,439.3,438.95,439.3,422.0,425.1,428.45,429.65,26000,111.71,84,24000.0, 92.31,2026-06-12
GPIL, EQ, 12-Jun-2026,277.9,281.35,284.0,276.3,277.0,277.15,278.21,2456196,6833.33,26107,1399371.0, 56.97,2026-06-12
GPPL, EQ, 12-Jun-2026,149.2,151.0,154.3,150.25,154.0,153.88,152.01,1123292,1707.56,13422,560807.0, 49.93,2026-06-12
GPTHEALTH, EQ, 12-Jun-2026,144.51,145.5,149.59,145.5,148.15,148.17,147.87,55181,81.59,783,22397.0, 40.59,2026-06-12
GPTINFRA, EQ, 12-Jun-2026,112.59,114.48,115.5,112.84,113.05,114.16,113.99,90570,103.24,1309,52038.0, 57.46,2026-06-12
GRADIENTE, EQ, 12-Jun-2026,2.4,2.4,2.41,2.28,2.28,2.28,2.31,1643258,37.89,414,1034079.0, 62.93,2026-06-12
GRANDOAK, EQ, 12-Jun-2026,34.7,34.0,36.0,31.5,35.39,32.93,32.89,80772,26.57,759,32489.0, 40.22,2026-06-12
GRANULES, EQ, 12-Jun-2026,763.15,770.0,778.95,763.1,765.5,766.45,770.39,350109,2697.21,17493,183584.0, 52.44,2026-06-12
GRAPHITE, EQ, 12-Jun-2026,624.4,630.6,647.45,625.0,645.4,644.45,637.27,690287,4399.01,21569,201996.0, 29.26,2026-06-12
GRASIM, EQ, 12-Jun-2026,3089.5,3120.0,3120.0,3075.0,3102.1,3105.5,3098.05,536817,16630.84,37717,252858.0, 47.10,2026-06-12
GRAUWEIL, EQ, 12-Jun-2026,71.45,71.56,73.0,71.24,72.99,72.61,72.24,85689,61.91,1265,36194.0, 42.24,2026-06-12
GRAVISSHO, EQ, 12-Jun-2026,28.32,28.7,29.85,28.7,29.6,29.57,28.93,4019,1.16,30,966.0, 24.04,2026-06-12
GRAVITA, EQ, 12-Jun-2026,1570.9,1584.3,1616.0,1560.2,1610.0,1602.9,1588.61,163548,2598.14,15655,94770.0, 57.95,2026-06-12
GRCL, ST, 12-Jun-2026,510.0,495.0,496.0,495.0,496.0,496.0,495.25,1000,4.95,4,1000.0, 100.00,2026-06-12
GREAVESCOT, EQ, 12-Jun-2026,176.29,178.49,185.8,178.49,185.25,185.04,183.52,1084316,1989.98,12066,398313.0, 36.73,2026-06-12
GREENCHEF, SM, 12-Jun-2026,47.7,49.7,50.05,48.25,49.0,49.0,49.59,12800,6.35,13,10400.0, 81.25,2026-06-12
GREENLAM, EQ, 12-Jun-2026,241.52,242.24,255.9,241.55,252.69,252.39,250.51,344947,864.14,12783,167526.0, 48.57,2026-06-12
GREENLEAF, SM, 12-Jun-2026,55.25,57.2,58.0,57.2,58.0,58.0,57.93,28000,16.22,18,28000.0, 100.00,2026-06-12
GREENPANEL, EQ, 12-Jun-2026,190.67,191.7,195.18,190.08,193.35,193.69,192.75,120418,232.1,6837,66969.0, 55.61,2026-06-12
GREENPLY, EQ, 12-Jun-2026,292.5,298.5,298.5,287.0,290.98,290.98,292.58,334921,979.91,12521,119866.0, 35.79,2026-06-12
GREENPOWER, EQ, 12-Jun-2026,10.82,10.89,11.2,10.89,11.15,11.15,11.1,2146076,238.31,3273,965525.0, 44.99,2026-06-12
GRINDWELL, EQ, 12-Jun-2026,1895.2,1924.0,1930.0,1898.1,1930.0,1921.0,1919.97,26485,508.5,4711,19608.0, 74.03,2026-06-12
GRINFRA, EQ, 12-Jun-2026,840.05,852.65,862.0,830.25,862.0,857.75,842.49,53044,446.89,3159,19337.0, 36.45,2026-06-12
GRMOVER, EQ, 12-Jun-2026,87.6,90.0,96.36,90.0,93.26,93.23,94.3,8182576,7716.36,22819,3535147.0, 43.20,2026-06-12
GROBTEA, EQ, 12-Jun-2026,894.0,893.1,895.25,883.3,884.0,888.3,890.99,91,0.81,27,81.0, 89.01,2026-06-12
GROWW, EQ, 12-Jun-2026,191.92,193.51,201.0,192.15,199.45,198.97,197.27,48669696,96010.94,211948,24697592.0, 50.75,2026-06-12
GROWWCAPM, EQ, 12-Jun-2026,10.92,11.14,11.29,11.0,11.23,11.25,11.14,800582,89.17,739,588560.0, 73.52,2026-06-12
GROWWCHEM, EQ, 12-Jun-2026,28.75,28.77,29.39,28.77,29.2,29.37,29.17,89558,26.12,212,63601.0, 71.02,2026-06-12
GROWWDEFNC, EQ, 12-Jun-2026,87.56,88.94,90.25,87.81,90.0,89.89,89.52,130889,117.17,2219,62996.0, 48.13,2026-06-12
GROWWEV, EQ, 12-Jun-2026,30.11,30.5,30.86,30.15,30.6,30.78,30.58,303487,92.81,1622,189551.0, 62.46,2026-06-12
GROWWGOLD, EQ, 12-Jun-2026,14.18,14.29,14.47,14.29,14.42,14.42,14.36,2006822,288.23,3440,962947.0, 47.98,2026-06-12
GROWWHOSPI, EQ, 12-Jun-2026,51.97,52.5,52.5,51.58,51.58,52.21,52.19,96050,50.12,829,71351.0, 74.29,2026-06-12
GROWWLIQID, EQ, 12-Jun-2026,109.42,109.48,109.48,109.11,109.47,109.47,109.47,147627,161.61,184,73982.0, 50.11,2026-06-12
GROWWLOVOL, EQ, 12-Jun-2026,9.93,9.66,11.0,9.66,10.03,10.09,9.97,40788,4.07,111,15566.0, 38.16,2026-06-12
GROWWMC150, EQ, 12-Jun-2026,218.22,216.3,222.98,216.26,222.98,222.97,220.93,1882,4.16,21,1781.0, 94.63,2026-06-12
GROWWMETAL, EQ, 12-Jun-2026,12.07,12.31,12.35,12.13,12.17,12.21,12.24,913591,111.84,1275,554047.0, 60.64,2026-06-12
GROWWMOM50, EQ, 12-Jun-2026,10.27,10.41,10.6,10.36,10.43,10.56,10.49,70302,7.37,458,57142.0, 81.28,2026-06-12
GROWWN200, EQ, 12-Jun-2026,10.82,10.99,11.1,10.82,11.1,11.06,10.96,27019,2.96,257,18643.0, 69.00,2026-06-12
GROWWNET, EQ, 12-Jun-2026,8.56,8.75,8.92,8.66,8.91,8.88,8.77,84856,7.45,427,54830.0, 64.62,2026-06-12
GROWWNIFTY, EQ, 12-Jun-2026,9.34,9.57,9.57,9.35,9.49,9.5,9.44,421779,39.82,1417,284065.0, 67.35,2026-06-12
GROWWNXT50, EQ, 12-Jun-2026,68.78,68.9,70.48,68.9,70.48,70.45,69.93,4247,2.97,70,2207.0, 51.97,2026-06-12
GROWWPOWER, EQ, 12-Jun-2026,11.74,12.09,12.29,11.75,11.96,11.96,11.91,3328163,396.38,2670,2282284.0, 68.57,2026-06-12
GROWWPSE, EQ, 12-Jun-2026,98.46,100.49,100.49,98.2,99.72,99.63,99.47,1506,1.5,114,1330.0, 88.31,2026-06-12
GROWWPSUBK, EQ, 12-Jun-2026,83.68,85.35,86.03,83.41,85.96,85.77,84.57,10694,9.04,144,6788.0, 63.47,2026-06-12
GROWWRAIL, EQ, 12-Jun-2026,28.65,29.01,29.38,28.82,29.37,29.29,29.04,389349,113.06,2585,226042.0, 58.06,2026-06-12
GROWWRLTY, EQ, 12-Jun-2026,8.32,8.49,8.67,8.39,8.67,8.57,8.52,108665,9.26,386,56437.0, 51.94,2026-06-12
GROWWSC250, EQ, 12-Jun-2026,9.55,9.78,10.1,9.6,9.9,9.82,9.8,242101,23.73,442,149312.0, 61.67,2026-06-12
GROWWSLVR, EQ, 12-Jun-2026,22.69,23.44,23.63,23.21,23.6,23.54,23.42,1781702,417.35,3464,550813.0, 30.91,2026-06-12
GRPLTD, EQ, 12-Jun-2026,1653.7,1653.7,1699.0,1645.0,1677.0,1694.4,1667.82,1500,25.02,168,949.0, 63.27,2026-06-12
GRSE, EQ, 12-Jun-2026,2536.1,2575.0,2659.3,2575.0,2653.0,2648.7,2617.22,808526,21160.88,40830,241846.0, 29.91,2026-06-12
GRWRHITECH, EQ, 12-Jun-2026,6241.0,6250.5,6306.0,6094.0,6140.0,6131.5,6212.04,54031,3356.43,9696,23882.0, 44.20,2026-06-12
GSEC10ABSL, EQ, 12-Jun-2026,111.54,110.36,111.46,110.36,110.36,110.36,110.37,508,0.56,3,505.0, 99.41,2026-06-12
GSEC10IETF, EQ, 12-Jun-2026,260.34,261.64,261.64,258.88,258.88,258.88,259.1,113,0.29,9,111.0, 98.23,2026-06-12
GSEC10YEAR, EQ, 12-Jun-2026,30.22,30.28,30.28,29.93,30.28,30.25,30.16,746,0.22,22,586.0, 78.55,2026-06-12
GSEC5IETF, EQ, 12-Jun-2026,65.29,65.61,65.98,65.3,65.98,65.71,65.47,1140,0.75,25,873.0, 76.58,2026-06-12
GSFC, EQ, 12-Jun-2026,162.23,163.46,164.9,162.0,164.6,164.34,163.33,419460,685.12,7268,211722.0, 50.47,2026-06-12
GSLSU, EQ, 12-Jun-2026,48.05,48.5,49.99,48.02,49.9,48.89,49.03,68743,33.7,2592,14831.0, 21.57,2026-06-12
GSMFOILS, SM, 12-Jun-2026,202.95,203.05,204.05,202.0,202.0,202.4,202.61,16000,32.42,29,12500.0, 78.13,2026-06-12
GSPCROP, EQ, 12-Jun-2026,434.3,437.95,453.0,435.7,446.0,449.9,447.53,157580,705.22,3057,22337.0, 14.18,2026-06-12
GSS, BE, 12-Jun-2026,12.25,12.01,12.56,12.01,12.49,12.35,12.31,26580,3.27,65,, -,2026-06-12
GSTL, ST, 12-Jun-2026,20.0,20.0,20.0,19.65,19.65,19.65,19.91,4000,0.8,3,4000.0, 100.00,2026-06-12
GTECJAINX, BE, 12-Jun-2026,32.89,31.25,31.25,31.25,31.25,31.25,31.25,2614,0.82,26,, -,2026-06-12
GTL, EQ, 12-Jun-2026,8.2,8.3,8.79,8.25,8.5,8.41,8.44,667970,56.35,1248,308868.0, 46.24,2026-06-12
GTLINFRA, EQ, 12-Jun-2026,1.44,1.46,1.52,1.45,1.51,1.5,1.49,65465293,973.37,15337,30031097.0, 45.87,2026-06-12
GTPL, EQ, 12-Jun-2026,64.09,64.09,65.5,64.09,65.35,65.11,64.78,8501,5.51,163,6334.0, 74.51,2026-06-12
GUFICBIO, EQ, 12-Jun-2026,353.2,355.2,374.9,352.6,372.4,371.25,364.48,161321,587.98,6378,89537.0, 55.50,2026-06-12
GUJALKALI, EQ, 12-Jun-2026,617.8,625.0,644.9,624.95,632.2,633.7,631.5,59509,375.8,3030,20206.0, 33.95,2026-06-12
GUJAPOLLO, EQ, 12-Jun-2026,362.25,370.75,377.0,366.5,368.0,369.45,371.4,7329,27.22,505,4925.0, 67.20,2026-06-12
GUJGASLTD, EQ, 12-Jun-2026,376.8,382.0,391.55,376.2,385.0,388.0,384.1,480224,1844.54,16634,181384.0, 37.77,2026-06-12
GUJRAFFIA, EQ, 12-Jun-2026,40.62,40.62,41.98,40.62,40.8,40.91,41.23,2002,0.83,51,1563.0, 78.07,2026-06-12
GUJTHEM, EQ, 12-Jun-2026,383.3,381.05,392.4,381.05,390.0,387.3,386.25,85320,329.55,3674,45054.0, 52.81,2026-06-12
GULFOILLUB, EQ, 12-Jun-2026,910.15,925.0,942.0,915.1,941.0,939.35,929.82,99374,924.0,6592,63229.0, 63.63,2026-06-12
GULFPETRO, BE, 12-Jun-2026,38.02,38.25,39.92,37.1,39.92,39.92,39.46,38059,15.02,147,, -,2026-06-12
GULPOLY, EQ, 12-Jun-2026,204.59,208.27,210.0,202.0,206.0,206.4,206.51,258403,533.62,4370,99424.0, 38.48,2026-06-12
GURUNANAK, ST, 12-Jun-2026,37.7,37.7,39.5,37.7,38.5,38.5,38.91,8000,3.11,5,8000.0, 100.00,2026-06-12
GVKPIL, BE, 12-Jun-2026,2.85,2.85,2.9,2.82,2.87,2.84,2.86,1123094,32.17,983,, -,2026-06-12
GVPIL, EQ, 12-Jun-2026,885.3,908.0,929.55,908.0,929.55,929.55,927.5,431265,3999.98,5596,275703.0, 63.93,2026-06-12
GVPTECH, EQ, 12-Jun-2026,6.34,6.47,6.49,6.24,6.27,6.3,6.35,34391,2.18,158,22766.0, 66.20,2026-06-12
GVPTECHPP, E1, 12-Jun-2026,2.76,2.9,2.94,2.76,2.76,2.76,2.92,230,0.01,6,230.0, 100.00,2026-06-12
GVT&D, EQ, 12-Jun-2026,4735.0,4820.5,4969.0,4780.0,4895.0,4942.5,4883.92,460629,22496.73,45153,193301.0, 41.96,2026-06-12
HAL, EQ, 12-Jun-2026,4172.3,4216.0,4224.0,4166.5,4192.0,4192.3,4194.38,693290,29079.22,44936,380462.0, 54.88,2026-06-12
HALDER, EQ, 12-Jun-2026,240.68,257.0,260.0,240.0,244.9,243.57,247.6,27927,69.15,209,6630.0, 23.74,2026-06-12
HALDYNGL, EQ, 12-Jun-2026,118.0,119.21,126.0,118.71,125.0,124.59,123.38,148013,182.62,3193,61767.0, 41.73,2026-06-12
HALEOSLABS, EQ, 12-Jun-2026,1403.1,1399.6,1429.9,1380.2,1405.6,1406.2,1406.43,524,7.37,119,187.0, 35.69,2026-06-12
HAPPSTMNDS, EQ, 12-Jun-2026,345.0,357.55,358.4,346.95,351.0,349.95,350.36,1806738,6330.02,40134,430640.0, 23.84,2026-06-12
HAPPYFORGE, EQ, 12-Jun-2026,1348.2,1373.8,1373.8,1323.2,1330.2,1331.9,1342.18,79428,1066.07,9273,51844.0, 65.27,2026-06-12
HARDWYN, EQ, 12-Jun-2026,24.15,24.4,24.9,23.55,23.83,23.83,24.27,4304030,1044.74,7329,542468.0, 12.60,2026-06-12
HARIOMPIPE, EQ, 12-Jun-2026,379.9,390.85,412.9,385.0,411.0,408.2,404.65,875899,3544.28,18200,179830.0, 20.53,2026-06-12
HARRMALAYA, EQ, 12-Jun-2026,201.85,206.0,214.65,200.52,212.85,211.53,207.8,15725,32.68,510,12054.0, 76.66,2026-06-12
HARSHA, EQ, 12-Jun-2026,394.7,399.55,408.0,397.55,402.3,402.5,401.96,371828,1494.6,6707,245817.0, 66.11,2026-06-12
HATHWAY, EQ, 12-Jun-2026,10.35,10.62,10.72,10.43,10.69,10.68,10.57,1558914,164.76,2763,698635.0, 44.82,2026-06-12
HATSUN, EQ, 12-Jun-2026,900.5,910.0,920.0,909.85,920.0,914.15,913.39,8655,79.05,762,5212.0, 60.22,2026-06-12
HAVELLS, EQ, 12-Jun-2026,1129.0,1147.0,1156.9,1134.5,1155.1,1154.1,1147.86,458490,5262.81,22613,237499.0, 51.80,2026-06-12
HAVISHA, EQ, 12-Jun-2026,1.38,1.41,1.51,1.25,1.37,1.36,1.4,749522,10.49,1230,143251.0, 19.11,2026-06-12
HAWKINCOOK, EQ, 12-Jun-2026,7658.5,7663.0,7789.0,7595.0,7621.0,7684.5,7696.24,1711,131.68,506,638.0, 37.29,2026-06-12
HBESD, EQ, 12-Jun-2026,76.0,74.0,79.0,74.0,78.98,78.97,78.08,1191,0.93,21,1050.0, 88.16,2026-06-12
HBLENGINE, EQ, 12-Jun-2026,746.0,757.0,775.95,755.0,774.5,774.3,765.25,887179,6789.14,22495,394638.0, 44.48,2026-06-12
HBSL, BE, 12-Jun-2026,51.94,51.69,53.99,51.69,53.33,53.16,53.11,1138,0.6,26,, -,2026-06-12
HCC, EQ, 12-Jun-2026,21.68,22.4,23.54,22.4,23.41,23.37,23.05,52939377,12203.67,49205,18831782.0, 35.57,2026-06-12
HCG, EQ, 12-Jun-2026,629.4,630.0,639.2,625.0,629.9,630.5,632.06,140507,888.1,9691,79257.0, 56.41,2026-06-12
HCL-INSYS, EQ, 12-Jun-2026,11.75,12.22,12.36,11.82,12.24,12.19,12.19,181350,22.11,876,120316.0, 66.34,2026-06-12
HCLTECH, EQ, 12-Jun-2026,1110.2,1120.0,1122.5,1100.5,1110.0,1109.6,1107.93,2203987,24418.63,68191,1180705.0, 53.57,2026-06-12
HDBFS, EQ, 12-Jun-2026,623.2,627.1,647.1,627.1,646.5,641.0,637.61,478124,3048.57,17621,270822.0, 56.64,2026-06-12
HDFCAMC, EQ, 12-Jun-2026,2389.8,2419.9,2463.6,2380.8,2459.0,2455.9,2419.15,1107972,26803.54,57910,668234.0, 60.31,2026-06-12
HDFCBANK, EQ, 12-Jun-2026,744.6,754.7,774.45,753.1,771.95,772.45,764.47,36088159,275882.17,424418,22190749.0, 61.49,2026-06-12
HDFCBSE500, EQ, 12-Jun-2026,35.6,35.53,36.24,35.53,36.23,36.23,36.04,66447,23.95,199,65898.0, 99.17,2026-06-12
HDFCGOLD, EQ, 12-Jun-2026,123.24,126.32,126.32,124.74,125.9,125.86,125.33,4859989,6090.89,14711,2254002.0, 46.38,2026-06-12
HDFCGROWTH, EQ, 12-Jun-2026,110.73,111.28,112.18,110.73,112.17,111.69,111.33,10471,11.66,185,5880.0, 56.16,2026-06-12
HDFCLIFE, EQ, 12-Jun-2026,545.25,552.0,557.85,545.7,557.15,555.35,551.92,2966637,16373.46,44789,1649480.0, 55.60,2026-06-12
HDFCLIQUID, EQ, 12-Jun-2026,1064.39,1064.81,1064.83,1064.81,1064.83,1064.81,1064.82,11229,119.57,44,8003.0, 71.27,2026-06-12
HDFCLOWVOL, EQ, 12-Jun-2026,19.66,19.75,20.02,19.75,20.0,19.99,19.89,2582,0.51,55,1526.0, 59.10,2026-06-12
HDFCMID150, EQ, 12-Jun-2026,22.01,22.44,22.69,22.13,22.69,22.55,22.39,376210,84.25,1215,255043.0, 67.79,2026-06-12
HDFCMOMENT, EQ, 12-Jun-2026,29.71,30.1,30.74,30.05,30.7,30.65,30.36,163454,49.62,616,113134.0, 69.21,2026-06-12
HDFCNEXT50, EQ, 12-Jun-2026,69.72,70.15,71.57,70.15,71.5,71.42,70.73,145296,102.77,465,95172.0, 65.50,2026-06-12
HDFCNIF100, EQ, 12-Jun-2026,24.87,24.73,25.5,24.73,25.5,25.37,25.16,21409,5.39,221,13010.0, 60.77,2026-06-12
HDFCNIFBAN, EQ, 12-Jun-2026,56.57,56.57,58.29,56.57,58.2,58.21,57.61,1957608,1127.74,1094,1626053.0, 83.06,2026-06-12
HDFCNIFIT, EQ, 12-Jun-2026,29.74,29.74,30.5,29.57,30.5,29.77,29.71,139896,41.56,379,99208.0, 70.92,2026-06-12
HDFCNIFTY, EQ, 12-Jun-2026,259.96,262.49,265.19,261.63,265.0,264.86,263.34,89435,235.52,796,75367.0, 84.27,2026-06-12
HDFCPSUBK, EQ, 12-Jun-2026,83.91,85.0,86.64,84.87,86.22,86.46,85.98,36917,31.74,284,18946.0, 51.32,2026-06-12
HDFCPVTBAN, EQ, 12-Jun-2026,27.26,27.94,28.13,27.47,27.59,28.05,27.66,912035,252.3,564,694874.0, 76.19,2026-06-12
HDFCQUAL, EQ, 12-Jun-2026,55.84,56.35,56.35,55.81,56.11,56.01,55.97,32674,18.29,95,17821.0, 54.54,2026-06-12
HDFCSENSEX, EQ, 12-Jun-2026,83.58,85.66,85.66,83.68,83.8,85.1,84.63,139748,118.27,612,130859.0, 93.64,2026-06-12
HDFCSILVER, EQ, 12-Jun-2026,221.52,228.15,230.5,226.58,230.0,230.11,228.97,3504839,8024.99,15362,1378419.0, 39.33,2026-06-12
HDFCSML250, EQ, 12-Jun-2026,167.52,169.18,172.5,169.17,172.5,172.2,171.21,1627344,2786.25,7760,1201862.0, 73.85,2026-06-12
HDFCVALUE, EQ, 12-Jun-2026,126.0,126.76,127.5,126.0,127.48,127.46,126.84,1802,2.29,52,1194.0, 66.26,2026-06-12
HDIL, BZ, 12-Jun-2026,1.84,1.88,1.9,1.84,1.89,1.88,1.87,107018,2.0,197,, -,2026-06-12
HEADSUP, EQ, 12-Jun-2026,7.0,7.09,7.2,6.94,7.1,7.1,7.1,41087,2.92,77,39119.0, 95.21,2026-06-12
HEALTHADD, EQ, 12-Jun-2026,156.64,157.42,157.5,156.41,157.5,156.56,157.07,7618,11.97,30,7448.0, 97.77,2026-06-12
HEALTHCARE, EQ, 12-Jun-2026,20.07,20.21,20.22,20.08,20.14,20.14,20.16,23355,4.71,177,13398.0, 57.37,2026-06-12
HEALTHIETF, EQ, 12-Jun-2026,158.69,161.86,162.0,158.6,159.83,159.49,159.65,136394,217.75,1334,86497.0, 63.42,2026-06-12
HEALTHX, EQ, 12-Jun-2026,278.4,278.5,285.95,277.05,280.0,280.9,281.0,9646,27.11,191,7986.0, 82.79,2026-06-12
HEALTHY, EQ, 12-Jun-2026,16.0,16.2,16.29,15.94,16.05,16.0,16.03,321653,51.56,903,219461.0, 68.23,2026-06-12
HECPROJECT, EQ, 12-Jun-2026,116.24,117.35,120.24,117.0,119.35,118.83,118.38,5639,6.68,150,3400.0, 60.29,2026-06-12
HEG, EQ, 12-Jun-2026,512.0,519.9,531.75,511.05,528.0,526.3,522.32,882980,4612.01,25148,344131.0, 38.97,2026-06-12
HEIDELBERG, EQ, 12-Jun-2026,146.43,147.2,150.07,147.2,149.0,149.03,149.14,110342,164.56,2035,81677.0, 74.02,2026-06-12
HEMIPROP, EQ, 12-Jun-2026,135.76,137.29,141.0,137.29,140.25,140.37,139.4,381836,532.27,3398,218474.0, 57.22,2026-06-12
HERANBA, EQ, 12-Jun-2026,181.53,182.5,190.5,182.5,189.99,188.88,186.78,76408,142.72,1290,28352.0, 37.11,2026-06-12
HERITGFOOD, EQ, 12-Jun-2026,314.95,316.2,323.2,316.2,320.0,320.0,319.96,316696,1013.31,7709,187332.0, 59.15,2026-06-12
HEROMOTOCO, EQ, 12-Jun-2026,4836.2,4913.0,4969.0,4868.4,4960.0,4962.6,4924.35,435472,21444.16,41712,203347.0, 46.70,2026-06-12
HESTERBIO, EQ, 12-Jun-2026,1959.9,1980.5,1990.0,1925.0,1940.0,1952.9,1957.22,3037,59.44,678,1192.0, 39.25,2026-06-12
HEXAGON, BE, 12-Jun-2026,45.0,48.25,50.66,48.1,50.66,50.66,49.1,11379734,5587.87,20449,, -,2026-06-12
HEXATRADEX, EQ, 12-Jun-2026,156.01,163.96,164.44,159.5,163.99,163.42,162.5,2644,4.3,197,1505.0, 56.92,2026-06-12
HEXT, EQ, 12-Jun-2026,502.25,520.0,523.95,491.6,498.5,498.65,504.38,916636,4623.32,26399,203033.0, 22.15,2026-06-12
HFCL, EQ, 12-Jun-2026,163.68,170.0,171.86,169.01,171.86,171.86,171.11,9299089,15911.97,16195,5170827.0, 55.61,2026-06-12
HGINFRA, EQ, 12-Jun-2026,545.05,549.85,567.0,547.1,564.4,562.9,555.98,103022,572.78,6695,39936.0, 38.76,2026-06-12
HGM, EQ, 12-Jun-2026,51.98,53.0,54.9,51.98,54.4,53.84,53.13,10792,5.73,184,6886.0, 63.81,2026-06-12
HGS, EQ, 12-Jun-2026,427.2,430.5,433.8,421.6,425.1,427.6,427.46,41628,177.94,2651,14856.0, 35.69,2026-06-12
HIGREEN, SM, 12-Jun-2026,117.1,119.75,123.8,118.15,123.8,122.7,121.52,23200,28.19,29,20000.0, 86.21,2026-06-12
HIKAL, EQ, 12-Jun-2026,176.15,180.07,185.2,178.55,184.8,183.99,181.61,147486,267.85,3088,68981.0, 46.77,2026-06-12
HILINFRA, BE, 12-Jun-2026,46.8,46.9,48.4,46.5,48.0,47.86,47.42,35142,16.66,337,, -,2026-06-12
HILTON, BE, 12-Jun-2026,18.63,18.98,19.28,18.06,18.8,18.77,18.61,100847,18.77,366,, -,2026-06-12
HIMATSEIDE, EQ, 12-Jun-2026,73.99,75.0,76.2,74.3,76.14,76.02,75.4,325338,245.29,2470,186751.0, 57.40,2026-06-12
HINDALCO, EQ, 12-Jun-2026,1024.3,1045.0,1049.0,1015.3,1021.8,1021.6,1024.31,9388824,96170.38,154914,5727151.0, 61.00,2026-06-12
HINDCOMPOS, EQ, 12-Jun-2026,402.5,416.0,418.35,405.1,412.0,412.4,411.57,2746,11.3,310,1721.0, 62.67,2026-06-12
HINDCON, BE, 12-Jun-2026,20.24,20.45,20.98,20.25,20.94,20.79,20.56,17816,3.66,152,, -,2026-06-12
HINDCOPPER, EQ, 12-Jun-2026,499.25,512.95,516.85,507.5,511.35,510.0,511.2,3847391,19667.76,48989,1525942.0, 39.66,2026-06-12
HINDOILEXP, EQ, 12-Jun-2026,167.7,160.5,178.0,157.0,165.2,165.53,169.25,4687993,7934.45,40778,1019635.0, 21.75,2026-06-12
HINDPETRO, EQ, 12-Jun-2026,365.7,377.7,391.1,372.0,389.7,388.9,380.84,14100531,53700.98,105349,6274073.0, 44.50,2026-06-12
HINDUNILVR, EQ, 12-Jun-2026,2139.8,2151.2,2179.4,2145.0,2162.7,2168.8,2161.45,1156153,24989.62,60971,606591.0, 52.47,2026-06-12
HINDWAREAP, EQ, 12-Jun-2026,213.01,222.59,255.61,219.99,255.61,251.79,245.29,10879469,26685.91,82742,403716.0, 3.71,2026-06-12
HINDZINC, EQ, 12-Jun-2026,545.0,560.95,565.0,555.1,558.85,559.9,559.24,2992652,16736.26,37262,1100730.0, 36.78,2026-06-12
HIRECT, EQ, 12-Jun-2026,1111.8,1133.9,1142.0,1110.2,1127.0,1130.5,1128.05,96480,1088.35,6971,27187.0, 28.18,2026-06-12
HISARMETAL, EQ, 12-Jun-2026,152.91,158.0,160.0,154.12,155.9,154.46,155.33,5890,9.15,90,4628.0, 78.57,2026-06-12
HITECH, EQ, 12-Jun-2026,85.3,86.13,89.99,86.13,89.25,89.65,88.43,918872,812.55,8030,504484.0, 54.90,2026-06-12
HITECHCORP, BE, 12-Jun-2026,310.74,313.9,314.0,309.0,310.01,310.02,310.1,17885,55.46,261,, -,2026-06-12
HITECHGEAR, BE, 12-Jun-2026,578.1,578.0,588.0,570.0,579.95,573.65,573.55,2117,12.14,34,, -,2026-06-12
HLEGLAS, EQ, 12-Jun-2026,360.35,369.8,393.0,366.4,380.35,381.4,379.55,326185,1238.03,11540,87080.0, 26.70,2026-06-12
HLVLTD, EQ, 12-Jun-2026,7.66,7.75,7.9,7.71,7.8,7.82,7.8,92807,7.24,399,72637.0, 78.27,2026-06-12
HMAAGRO, EQ, 12-Jun-2026,22.03,21.9,22.81,21.9,22.8,22.62,22.42,160423,35.97,968,111608.0, 69.57,2026-06-12
HMT, BZ, 12-Jun-2026,53.71,53.71,56.0,53.71,56.0,55.47,55.34,10253,5.67,90,, -,2026-06-12
HMVL, EQ, 12-Jun-2026,78.84,79.0,81.0,75.61,79.45,78.69,77.9,200697,156.35,1347,143398.0, 71.45,2026-06-12
HNDFDS, EQ, 12-Jun-2026,529.3,534.5,539.0,527.55,531.9,529.7,530.78,39133,207.71,1516,18687.0, 47.75,2026-06-12
HNGSNGBEES, EQ, 12-Jun-2026,481.23,493.6,496.5,486.32,496.0,494.96,492.77,131511,648.05,4985,76379.0, 58.08,2026-06-12
HOACFOODS, ST, 12-Jun-2026,599.65,601.0,627.95,595.0,595.0,595.0,610.25,3750,22.88,10,3375.0, 90.00,2026-06-12
HOLMARC, SM, 12-Jun-2026,101.4,98.8,105.0,96.35,105.0,105.0,98.4,7500,7.38,10,5250.0, 70.00,2026-06-12
HOMEFIRST, EQ, 12-Jun-2026,1029.7,1037.5,1114.1,1037.5,1106.5,1109.3,1089.01,663582,7226.48,44829,380568.0, 57.35,2026-06-12
HONASA, EQ, 12-Jun-2026,417.65,425.1,426.6,411.7,414.75,413.65,418.95,1765440,7396.34,33969,853711.0, 48.36,2026-06-12
HONAUT, EQ, 12-Jun-2026,35230.0,35455.0,36400.0,35455.0,36250.0,36160.0,36126.45,5576,2014.41,2915,1615.0, 28.96,2026-06-12
HONDAPOWER, EQ, 12-Jun-2026,2181.4,2203.4,2237.9,2172.2,2190.9,2193.4,2194.17,4040,88.64,753,2218.0, 54.90,2026-06-12
HPAL, EQ, 12-Jun-2026,34.96,34.8,36.0,34.5,35.97,35.86,35.48,51648,18.33,590,36829.0, 71.31,2026-06-12
HPIL, EQ, 12-Jun-2026,127.01,127.1,127.1,123.18,127.0,127.0,126.06,317,0.4,23,301.0, 94.95,2026-06-12
HPL, EQ, 12-Jun-2026,340.8,346.75,360.2,346.75,357.05,358.5,354.24,175548,621.86,5394,73037.0, 41.61,2026-06-12
HPTL, SM, 12-Jun-2026,269.8,256.55,258.0,256.5,256.55,256.55,256.85,6000,15.41,10,3600.0, 60.00,2026-06-12
HRHNEXT, SM, 12-Jun-2026,27.15,26.15,26.15,25.8,25.8,25.8,25.95,19500,5.06,13,18000.0, 92.31,2026-06-12
HSBCGOLD, EQ, 12-Jun-2026,125.31,126.57,129.17,126.42,128.1,128.1,128.52,120647,155.05,44,115262.0, 95.54,2026-06-12
HSCL, EQ, 12-Jun-2026,680.05,692.0,693.5,667.7,677.15,680.5,679.4,16776394,113978.78,119263,1769803.0, 10.55,2026-06-12
HTMEDIA, EQ, 12-Jun-2026,22.5,22.89,22.99,22.55,22.66,22.61,22.67,15447,3.5,153,9904.0, 64.12,2026-06-12
HUBTOWN, EQ, 12-Jun-2026,180.45,184.1,186.9,179.81,184.8,185.93,183.33,440744,808.04,5986,243277.0, 55.20,2026-06-12
HUDCO, EQ, 12-Jun-2026,203.33,206.0,208.04,202.36,205.06,205.68,204.74,3768859,7716.37,30135,1392577.0, 36.95,2026-06-12
HUHTAMAKI, EQ, 12-Jun-2026,168.96,170.0,175.0,169.1,174.0,173.95,171.93,131850,226.69,3214,68051.0, 51.61,2026-06-12
HVAX, SM, 12-Jun-2026,623.2,625.0,644.95,625.0,635.0,635.0,635.39,750,4.77,5,600.0, 80.00,2026-06-12
HYBRIDFIN, EQ, 12-Jun-2026,16.0,16.0,16.57,15.71,16.5,16.27,16.08,5616,0.9,140,3440.0, 61.25,2026-06-12
HYUNDAI, EQ, 12-Jun-2026,1940.1,1960.0,1997.8,1955.2,1990.1,1990.1,1982.36,1206561,23918.43,70718,618763.0, 51.28,2026-06-12
IBLFL, SM, 12-Jun-2026,57.5,57.5,57.5,57.5,57.5,57.5,57.5,4000,2.3,1,4000.0, 100.00,2026-06-12
IBULLSLTD, BE, 12-Jun-2026,23.48,23.5,24.2,22.65,23.49,23.51,23.44,3944736,924.57,8328,, -,2026-06-12
ICDSLTD, EQ, 12-Jun-2026,42.6,42.6,45.0,42.6,45.0,44.99,44.12,659,0.29,7,608.0, 92.26,2026-06-12
ICEMAKE, EQ, 12-Jun-2026,777.45,781.0,799.5,773.0,778.35,775.75,781.92,23874,186.68,1610,10107.0, 42.33,2026-06-12
ICICIAMC, EQ, 12-Jun-2026,3206.2,3290.0,3330.2,3210.0,3245.0,3238.8,3245.18,721491,23413.65,63525,472275.0, 65.46,2026-06-12
ICICIB22, EQ, 12-Jun-2026,116.52,117.49,118.85,116.94,118.55,118.46,117.58,296336,348.42,2926,122576.0, 41.36,2026-06-12
ICICIBANK, EQ, 12-Jun-2026,1317.0,1330.0,1344.3,1318.7,1340.0,1340.8,1333.0,18339846,244470.33,237916,14026255.0, 76.48,2026-06-12
ICICIGI, EQ, 12-Jun-2026,1712.4,1721.0,1721.0,1671.8,1701.0,1695.7,1688.33,702448,11859.65,43852,326869.0, 46.53,2026-06-12
ICICIPRULI, EQ, 12-Jun-2026,460.4,465.1,469.95,462.15,468.5,468.15,467.64,887258,4149.18,21668,524584.0, 59.12,2026-06-12
ICIL, EQ, 12-Jun-2026,324.1,327.0,345.0,322.55,344.95,344.45,335.77,585037,1964.37,17930,282749.0, 48.33,2026-06-12
ICRA, EQ, 12-Jun-2026,5059.0,5090.0,5157.5,5090.0,5120.0,5147.0,5138.76,3844,197.53,1083,2729.0, 70.99,2026-06-12
IDBI, EQ, 12-Jun-2026,72.31,73.4,75.62,73.36,75.28,75.39,74.51,8499345,6332.92,30203,4100719.0, 48.25,2026-06-12
IDEA, EQ, 12-Jun-2026,14.17,14.44,15.09,14.21,14.88,14.9,14.79,930356200,137577.38,909072,262911378.0, 28.26,2026-06-12
IDEAFORGE, BE, 12-Jun-2026,870.9,880.2,900.0,852.3,870.0,869.1,873.86,335109,2928.4,8576,, -,2026-06-12
IDEALTECHO, SM, 12-Jun-2026,185.0,185.0,185.0,185.0,185.0,185.0,185.0,17500,32.38,2,17500.0, 100.00,2026-06-12
IDENTICAL, ST, 12-Jun-2026,17.55,16.85,16.85,16.85,16.85,16.85,16.85,2000,0.34,1,2000.0, 100.00,2026-06-12
IDFCFIRSTB, EQ, 12-Jun-2026,72.95,73.4,77.39,73.35,77.0,76.5,75.67,47039199,35593.95,86811,29348401.0, 62.39,2026-06-12
IDFNIFTYET, EQ, 12-Jun-2026,255.2,257.3,259.7,255.17,256.12,256.28,256.54,433,1.11,37,384.0, 88.68,2026-06-12
IEML, SM, 12-Jun-2026,43.3,42.6,45.45,41.55,45.45,45.45,44.75,207500,92.87,164,131500.0, 63.37,2026-06-12
IEX, EQ, 12-Jun-2026,117.07,118.12,121.1,118.12,121.03,120.84,119.63,3751542,4487.83,20597,1512665.0, 40.32,2026-06-12
IFBAGRO, BE, 12-Jun-2026,905.2,924.9,935.0,900.2,929.7,926.4,918.16,8192,75.22,203,, -,2026-06-12
IFBIND, EQ, 12-Jun-2026,1238.3,1260.0,1341.0,1252.1,1285.1,1287.8,1304.9,260734,3402.31,28909,87918.0, 33.72,2026-06-12
IFCI, EQ, 12-Jun-2026,70.48,72.3,84.57,72.3,84.57,84.57,80.44,240541132,193486.9,388937,48640446.0, 20.22,2026-06-12
IFGLEXPOR, EQ, 12-Jun-2026,183.92,183.92,192.24,183.92,187.85,187.69,187.87,26463,49.71,697,15033.0, 56.81,2026-06-12
IGARASHI, EQ, 12-Jun-2026,365.75,370.6,389.9,368.6,378.65,379.35,380.55,109481,416.63,3653,63821.0, 58.29,2026-06-12
IGCL, EQ, 12-Jun-2026,55.85,57.79,62.39,56.12,60.0,60.64,59.91,151855,90.97,1689,77332.0, 50.92,2026-06-12
IGIL, EQ, 12-Jun-2026,353.95,359.5,367.5,357.2,365.1,366.75,363.13,213013,773.51,9006,95202.0, 44.69,2026-06-12
IGL, EQ, 12-Jun-2026,160.8,161.1,165.75,161.04,162.83,163.52,162.87,4504652,7336.79,46555,3077734.0, 68.32,2026-06-12
IGPL, EQ, 12-Jun-2026,429.2,430.8,438.0,429.65,435.0,435.8,433.83,9001,39.05,632,4979.0, 55.32,2026-06-12
IIFL, EQ, 12-Jun-2026,491.1,500.0,521.65,500.0,516.0,518.9,512.98,2251326,11548.82,53026,1017134.0, 45.18,2026-06-12
IIFLCAPS, EQ, 12-Jun-2026,342.3,343.8,344.95,339.1,342.35,342.0,340.72,1007552,3432.9,13027,641659.0, 63.68,2026-06-12
IITL, EQ, 12-Jun-2026,139.31,138.5,142.5,136.0,136.0,136.89,141.07,92053,129.86,816,8358.0, 9.08,2026-06-12
IKIO, EQ, 12-Jun-2026,150.63,153.9,157.0,151.56,156.0,155.7,154.04,55292,85.17,1291,29149.0, 52.72,2026-06-12
IKS, EQ, 12-Jun-2026,1649.0,1656.0,1694.1,1648.1,1672.3,1678.3,1671.61,80525,1346.07,8210,34302.0, 42.60,2026-06-12
IL&FSENGG, BZ, 12-Jun-2026,29.04,29.72,29.72,28.5,29.3,28.92,28.58,61551,17.59,46,, -,2026-06-12
IL&FSTRANS, BZ, 12-Jun-2026,2.36,2.45,2.45,2.31,2.33,2.33,2.37,29371,0.7,44,, -,2026-06-12
IMAGICAA, EQ, 12-Jun-2026,40.63,41.19,42.65,41.02,42.65,42.51,42.0,324469,136.27,1641,93714.0, 28.88,2026-06-12
IMFA, EQ, 12-Jun-2026,1378.2,1387.0,1410.6,1371.2,1392.2,1398.9,1394.24,103758,1446.64,11131,40663.0, 39.19,2026-06-12
IMPAL, EQ, 12-Jun-2026,1046.4,1050.0,1074.2,1050.0,1067.0,1065.6,1060.79,1252,13.28,205,873.0, 69.73,2026-06-12
INA, EQ, 12-Jun-2026,114.07,116.9,122.7,116.03,117.0,116.9,118.41,1883345,2230.01,11330,861974.0, 45.77,2026-06-12
INCREDIBLE, EQ, 12-Jun-2026,34.33,35.5,35.5,33.59,34.8,34.6,34.47,2337,0.81,53,1644.0, 70.35,2026-06-12
INDBANK, EQ, 12-Jun-2026,32.97,33.01,33.78,33.01,33.45,33.33,33.27,35089,11.67,421,16423.0, 46.80,2026-06-12
INDGN, EQ, 12-Jun-2026,506.75,511.6,516.1,508.0,512.05,510.35,510.69,166552,850.57,7204,100772.0, 60.50,2026-06-12
INDHOTEL, EQ, 12-Jun-2026,655.7,659.75,681.95,659.05,679.5,679.45,671.88,2799377,18808.46,71900,1674272.0, 59.81,2026-06-12
INDIACEM, EQ, 12-Jun-2026,384.65,391.0,394.2,382.3,392.6,393.1,388.81,165291,642.66,6676,65634.0, 39.71,2026-06-12
INDIAGLYCO, EQ, 12-Jun-2026,944.7,960.0,991.0,950.1,989.0,986.65,974.13,70149,683.34,5300,35574.0, 50.71,2026-06-12
INDIAMART, EQ, 12-Jun-2026,1968.2,1978.1,2019.5,1978.1,2017.3,2016.4,2006.5,30991,621.83,3967,18883.0, 60.93,2026-06-12
INDIANB, EQ, 12-Jun-2026,825.65,838.5,850.95,824.85,845.1,845.5,838.2,3089091,25892.79,39076,1551986.0, 50.24,2026-06-12
INDIANCARD, EQ, 12-Jun-2026,214.46,214.3,218.0,211.36,217.99,214.04,214.22,720,1.54,27,529.0, 73.47,2026-06-12
INDIANHUME, EQ, 12-Jun-2026,282.0,285.0,299.4,285.0,299.0,298.35,293.91,69581,204.51,2089,40409.0, 58.07,2026-06-12
INDIASHLTR, EQ, 12-Jun-2026,728.15,739.0,830.0,730.0,780.0,793.4,758.13,673060,5102.66,13331,446926.0, 66.40,2026-06-12
INDIGO, EQ, 12-Jun-2026,4502.4,4599.0,4725.0,4561.7,4705.0,4709.7,4674.12,2530474,118277.31,131246,1269558.0, 50.17,2026-06-12
INDIGOPNTS, EQ, 12-Jun-2026,952.55,960.25,1007.0,960.25,996.1,995.2,980.51,119093,1167.71,13191,65471.0, 54.97,2026-06-12
INDIGRID, IV, 12-Jun-2026,170.89,171.65,171.65,170.45,170.98,171.06,171.03,472267,807.74,4794,411143.0, 87.06,2026-06-12
INDIQUBE, EQ, 12-Jun-2026,150.19,153.6,154.0,150.64,152.98,152.31,152.31,19250,29.32,305,13413.0, 69.68,2026-06-12
INDNIPPON, EQ, 12-Jun-2026,861.0,865.0,895.1,865.0,887.0,890.25,884.58,11587,102.5,899,6956.0, 60.03,2026-06-12
INDOAMIN, EQ, 12-Jun-2026,126.95,128.9,131.78,128.31,131.5,130.91,130.11,63378,82.46,1258,28871.0, 45.55,2026-06-12
INDOBORAX, EQ, 12-Jun-2026,358.95,358.4,376.9,358.35,376.0,373.45,372.64,120839,450.3,3149,72496.0, 59.99,2026-06-12
INDOCO, EQ, 12-Jun-2026,243.0,258.0,261.71,243.0,245.9,248.8,250.76,4231632,10611.3,47914,379130.0, 8.96,2026-06-12
INDOFARM, EQ, 12-Jun-2026,127.76,129.76,131.18,128.5,130.4,130.47,129.91,58098,75.47,1117,36716.0, 63.20,2026-06-12
INDORAMA, EQ, 12-Jun-2026,44.27,45.38,46.29,44.17,45.45,45.35,44.9,204651,91.88,1380,127922.0, 62.51,2026-06-12
INDOSTAR, EQ, 12-Jun-2026,234.0,238.21,247.4,234.91,240.45,242.45,241.23,182480,440.2,4122,80995.0, 44.39,2026-06-12
INDOTECH, BE, 12-Jun-2026,2523.3,2577.8,2620.1,2527.3,2600.0,2604.0,2568.43,9144,234.86,631,, -,2026-06-12
INDOTHAI, EQ, 12-Jun-2026,235.7,244.5,245.0,232.33,238.2,239.18,239.49,1285925,3079.6,14447,429171.0, 33.37,2026-06-12
INDOUS, EQ, 12-Jun-2026,90.57,94.9,94.9,88.02,89.8,89.17,89.89,13891,12.49,434,9083.0, 65.39,2026-06-12
INDOWIND, BE, 12-Jun-2026,9.01,9.04,9.09,8.85,9.0,8.99,8.99,163275,14.68,396,, -,2026-06-12
INDPRUD, EQ, 12-Jun-2026,6450.0,6423.0,6423.0,6423.0,6423.0,6423.0,6423.0,5,0.32,5,5.0, 100.00,2026-06-12
INDRAMEDCO, EQ, 12-Jun-2026,376.8,378.9,388.0,378.9,385.0,384.5,383.39,146244,560.69,5881,73360.0, 50.16,2026-06-12
INDSWFTLAB, EQ, 12-Jun-2026,158.63,161.8,164.0,159.21,163.32,163.03,162.26,372371,604.19,5435,193437.0, 51.95,2026-06-12
INDTERRAIN, EQ, 12-Jun-2026,31.02,31.9,32.58,31.1,31.65,31.28,31.69,1650,0.52,124,1126.0, 68.24,2026-06-12
INDUSINDBK, EQ, 12-Jun-2026,888.95,901.45,919.7,889.95,916.5,917.35,902.98,2663666,24052.28,43395,1251410.0, 46.98,2026-06-12
INDUSINVIT, IV, 12-Jun-2026,125.47,125.47,126.25,124.99,125.4,125.37,125.42,135236,169.61,2856,121051.0, 89.51,2026-06-12
INDUSTOWER, EQ, 12-Jun-2026,413.0,417.0,424.6,417.0,420.5,421.2,421.17,4575037,19268.74,62391,2652996.0, 57.99,2026-06-12
INFINIUM, SM, 12-Jun-2026,200.0,208.4,208.4,190.0,191.0,191.05,193.24,12000,23.19,23,6500.0, 54.17,2026-06-12
INFLUX, SM, 12-Jun-2026,240.6,236.6,246.8,235.0,238.05,238.15,239.84,47400,113.69,67,25800.0, 54.43,2026-06-12
INFOBEAN, EQ, 12-Jun-2026,164.45,167.7,170.21,164.66,169.98,169.4,168.0,303063,509.15,5372,92767.0, 30.61,2026-06-12
INFOLLION, SM, 12-Jun-2026,174.0,174.2,178.4,171.65,174.0,174.05,175.44,12800,22.46,32,9600.0, 75.00,2026-06-12
INFOMEDIA, EQ, 12-Jun-2026,5.63,5.63,5.79,5.63,5.65,5.74,5.72,2488,0.14,25,1709.0, 68.69,2026-06-12
INFRA, EQ, 12-Jun-2026,11.64,11.64,11.96,11.64,11.96,11.92,11.89,40069,4.76,108,30696.0, 76.61,2026-06-12
INFRABEES, EQ, 12-Jun-2026,930.67,942.55,954.0,937.36,953.98,952.74,944.07,16684,157.51,531,13337.0, 79.94,2026-06-12
INFRAIETF, EQ, 12-Jun-2026,92.93,94.8,95.24,93.27,94.36,95.12,94.3,99191,93.53,13517,66621.0, 67.16,2026-06-12
INFY, EQ, 12-Jun-2026,1114.6,1120.0,1123.3,1111.5,1118.5,1116.4,1116.4,8075333,90153.14,151562,4956397.0, 61.38,2026-06-12
INGERRAND, EQ, 12-Jun-2026,4001.0,4012.3,4155.9,4012.3,4142.0,4145.1,4101.44,20615,845.51,5334,8990.0, 43.61,2026-06-12
INM, SM, 12-Jun-2026,170.0,157.05,159.0,150.0,151.0,153.6,153.33,21000,32.2,32,10200.0, 48.57,2026-06-12
INNOMET, ST, 12-Jun-2026,100.5,105.5,105.5,100.0,100.0,101.65,102.21,37200,38.02,53,33600.0, 90.32,2026-06-12
INNOVACAP, EQ, 12-Jun-2026,950.75,964.75,974.0,936.6,945.0,942.45,959.17,127569,1223.6,10935,59127.0, 46.35,2026-06-12
INNOVANA, EQ, 12-Jun-2026,319.15,320.7,328.0,319.2,324.9,322.05,323.11,4543,14.68,193,2701.0, 59.45,2026-06-12
INNOVISION, EQ, 12-Jun-2026,286.9,292.05,292.05,287.0,290.0,288.75,288.71,24078,69.52,1200,12792.0, 53.13,2026-06-12
INOXGREEN, EQ, 12-Jun-2026,179.75,180.0,192.45,180.0,189.5,189.9,189.28,4129391,7815.94,46016,1410471.0, 34.16,2026-06-12
INOXINDIA, EQ, 12-Jun-2026,1848.8,1880.0,1930.3,1795.0,1804.0,1808.2,1848.5,715519,13226.38,44082,144150.0, 20.15,2026-06-12
INOXWIND, EQ, 12-Jun-2026,81.1,83.0,88.4,82.33,88.02,88.03,86.11,21229167,18279.75,54546,6247625.0, 29.43,2026-06-12
INSECTICID, EQ, 12-Jun-2026,706.85,720.0,720.45,709.15,720.45,719.0,715.54,12640,90.44,780,7216.0, 57.09,2026-06-12
INSPIRISYS, BE, 12-Jun-2026,110.23,114.7,114.7,109.2,113.4,111.09,110.39,8475,9.36,96,, -,2026-06-12
INTELLECT, EQ, 12-Jun-2026,729.7,740.0,747.7,736.2,743.0,743.05,742.1,176128,1307.04,9478,78006.0, 44.29,2026-06-12
INTENTECH, EQ, 12-Jun-2026,98.27,99.3,103.55,97.28,102.0,100.89,100.2,65720,65.85,1088,33765.0, 51.38,2026-06-12
INTERARCH, EQ, 12-Jun-2026,1721.8,1750.0,1800.0,1726.1,1791.4,1792.6,1763.48,65648,1157.69,6636,32004.0, 48.75,2026-06-12
INTERNET, EQ, 12-Jun-2026,11.59,11.75,12.0,11.74,11.99,11.97,11.8,33471,3.95,111,19645.0, 58.69,2026-06-12
INTLCONV, EQ, 12-Jun-2026,78.0,78.8,79.9,77.65,79.4,79.12,79.01,24696,19.51,820,16404.0, 66.42,2026-06-12
INVENTURE, EQ, 12-Jun-2026,0.93,0.94,0.95,0.92,0.93,0.93,0.93,2135089,19.92,482,1541682.0, 72.21,2026-06-12
INVICTA, ST, 12-Jun-2026,61.0,60.0,62.0,59.9,59.9,59.95,60.15,17600,10.59,11,16000.0, 90.91,2026-06-12
INVPRECQ, EQ, 12-Jun-2026,617.2,617.15,634.0,612.0,634.0,629.8,624.06,1421,8.87,143,1113.0, 78.33,2026-06-12
IOB, EQ, 12-Jun-2026,32.42,32.51,33.48,32.51,33.3,33.37,33.04,4193168,1385.61,12364,1734313.0, 41.36,2026-06-12
IOC, EQ, 12-Jun-2026,134.24,137.0,141.45,136.73,141.2,140.94,138.78,18813847,26110.71,79084,7583372.0, 40.31,2026-06-12
IOLCP, EQ, 12-Jun-2026,127.84,130.0,135.0,130.0,134.42,134.24,133.04,1686744,2244.07,22387,894329.0, 53.02,2026-06-12
IONEXCHANG, EQ, 12-Jun-2026,329.6,333.0,347.3,333.0,342.15,345.6,339.86,375317,1275.55,13621,199503.0, 53.16,2026-06-12
IPCALAB, EQ, 12-Jun-2026,1613.6,1629.8,1640.0,1568.6,1589.0,1583.0,1600.8,131987,2112.84,14369,69645.0, 52.77,2026-06-12
IPHL, SM, 12-Jun-2026,54.55,57.8,57.9,56.75,57.15,57.0,57.34,8400,4.82,7,8400.0, 100.00,2026-06-12
IPL, EQ, 12-Jun-2026,157.07,159.29,162.0,157.6,161.9,160.9,159.69,109369,174.65,1975,53986.0, 49.36,2026-06-12
IRB, EQ, 12-Jun-2026,20.21,20.33,20.87,20.33,20.8,20.81,20.64,10817459,2232.65,17834,5169970.0, 47.79,2026-06-12
IRBINVIT, IV, 12-Jun-2026,60.31,60.32,60.59,60.2,60.4,60.39,60.39,404508,244.29,5050,367113.0, 90.76,2026-06-12
IRCON, EQ, 12-Jun-2026,130.26,132.09,136.0,131.75,135.5,135.35,133.73,1681761,2248.97,19128,618181.0, 36.76,2026-06-12
IRCTC, EQ, 12-Jun-2026,521.05,524.3,525.65,520.05,521.5,521.35,521.82,591021,3084.08,25101,289877.0, 49.05,2026-06-12
IREDA, EQ, 12-Jun-2026,118.3,120.06,122.75,119.56,122.2,122.13,121.04,4408471,5336.01,23483,1235581.0, 28.03,2026-06-12
IRFC, EQ, 12-Jun-2026,93.33,94.43,96.1,93.91,96.0,95.89,94.91,9874699,9371.8,43039,3370587.0, 34.13,2026-06-12
IRIS, EQ, 12-Jun-2026,223.65,231.5,250.05,229.0,244.8,238.5,237.06,30135,71.44,1018,14790.0, 49.08,2026-06-12
IRISDOREME, EQ, 12-Jun-2026,35.89,36.99,37.4,35.76,36.25,36.58,36.19,351947,127.38,541,67556.0, 19.19,2026-06-12
IRMENERGY, EQ, 12-Jun-2026,244.8,249.0,256.1,246.85,255.8,255.4,252.25,170759,430.75,3190,58583.0, 34.31,2026-06-12
ISFT, EQ, 12-Jun-2026,83.55,83.1,85.85,83.06,85.69,84.77,84.14,3355,2.82,70,2783.0, 82.95,2026-06-12
ISGEC, EQ, 12-Jun-2026,878.05,875.1,914.55,875.1,910.5,910.0,900.23,44246,398.31,4977,16517.0, 37.33,2026-06-12
ISHAN, SM, 12-Jun-2026,0.6,0.6,0.6,0.6,0.6,0.6,0.6,48000,0.29,1,48000.0, 100.00,2026-06-12
ISHANCH, EQ, 12-Jun-2026,59.4,59.38,61.0,57.6,60.98,60.5,59.14,10343,6.12,106,7195.0, 69.56,2026-06-12
IT, EQ, 12-Jun-2026,30.86,31.26,31.3,30.69,31.3,30.85,30.82,500762,154.31,1239,247099.0, 49.34,2026-06-12
ITADD, EQ, 12-Jun-2026,29.61,29.61,29.8,29.31,29.8,29.44,29.44,39631,11.67,284,34892.0, 88.04,2026-06-12
ITALIANE, SM, 12-Jun-2026,36.0,34.05,34.05,34.05,34.05,34.05,34.05,2000,0.68,1,2000.0, 100.00,2026-06-12
ITBEES, EQ, 12-Jun-2026,30.88,31.41,31.41,30.74,30.93,30.89,30.91,17641741,5452.97,22177,11623330.0, 65.89,2026-06-12
ITBETA, EQ, 12-Jun-2026,292.73,293.0,294.3,290.48,292.61,292.16,292.22,516,1.51,37,393.0, 76.16,2026-06-12
ITC, EQ, 12-Jun-2026,282.4,283.55,285.85,283.0,285.7,285.1,284.32,12893433,36658.11,371547,8841446.0, 68.57,2026-06-12
ITCHOTELS, EQ, 12-Jun-2026,149.29,151.0,154.65,150.5,154.5,154.05,152.33,2207570,3362.79,29679,1266795.0, 57.38,2026-06-12
ITDC, EQ, 12-Jun-2026,578.9,585.0,598.9,578.05,588.0,585.1,586.05,237684,1392.95,10533,54275.0, 22.83,2026-06-12
ITETF, EQ, 12-Jun-2026,29.43,29.71,30.94,29.29,29.47,29.41,29.43,495241,145.73,1181,304525.0, 61.49,2026-06-12
ITI, EQ, 12-Jun-2026,288.8,295.9,301.0,292.0,300.0,299.25,297.51,763910,2272.72,16729,211044.0, 27.63,2026-06-12
ITIETF, EQ, 12-Jun-2026,30.95,31.72,31.72,30.57,30.88,30.86,30.91,950140,293.71,1897,494960.0, 52.09,2026-06-12
ITTL, ST, 12-Jun-2026,75.5,74.0,74.0,74.0,74.0,74.0,74.0,420,0.31,3,420.0, 100.00,2026-06-12
IVALUE, EQ, 12-Jun-2026,230.23,231.5,235.0,228.85,235.0,234.18,230.97,111813,258.26,3073,73822.0, 66.02,2026-06-12
IVC, EQ, 12-Jun-2026,8.27,8.55,8.55,8.32,8.42,8.44,8.42,170090,14.33,627,151170.0, 88.88,2026-06-12
IVP, EQ, 12-Jun-2026,161.95,158.1,163.46,158.0,159.32,159.39,159.99,17423,27.87,367,13935.0, 79.98,2026-06-12
IVZINGOLD, EQ, 12-Jun-2026,125.7,128.35,128.8,127.35,128.8,128.6,128.18,14008,17.96,181,6415.0, 45.80,2026-06-12
IVZINNIFTY, EQ, 12-Jun-2026,2648.65,2660.31,2669.14,2660.31,2666.92,2666.92,2667.6,131,3.49,8,129.0, 98.47,2026-06-12
IWARE, ST, 12-Jun-2026,344.0,344.0,351.0,343.8,351.0,351.0,348.04,7200,25.06,12,7200.0, 100.00,2026-06-12
IWP, EQ, 12-Jun-2026,33.6,33.6,35.78,32.5,34.5,33.96,34.33,6915,2.37,99,5351.0, 77.38,2026-06-12
IXIGO, EQ, 12-Jun-2026,158.84,160.8,180.0,160.13,178.5,178.22,175.3,11211689,19654.35,99772,1892546.0, 16.88,2026-06-12
IZMO, EQ, 12-Jun-2026,936.45,965.0,983.25,940.85,983.25,983.25,974.8,133808,1304.36,3064,84774.0, 63.35,2026-06-12
J&KBANK, EQ, 12-Jun-2026,153.07,157.0,158.83,154.47,157.5,157.4,156.82,3788279,5940.66,27790,1532878.0, 40.46,2026-06-12
JAGRAN, EQ, 12-Jun-2026,61.53,61.7,62.89,61.7,62.5,62.49,62.52,290724,181.76,3646,176039.0, 60.55,2026-06-12
JAGSNPHARM, EQ, 12-Jun-2026,209.63,213.8,219.36,210.5,212.35,211.39,214.78,170495,366.19,3905,64547.0, 37.86,2026-06-12
JAIBALAJI, BE, 12-Jun-2026,64.2,64.05,66.7,64.0,66.25,65.85,65.62,580365,380.82,1347,, -,2026-06-12
JAICORPLTD, EQ, 12-Jun-2026,108.21,109.5,113.58,109.5,112.4,112.76,111.8,646833,723.18,7479,298021.0, 46.07,2026-06-12
JAINAM, SM, 12-Jun-2026,264.95,255.75,255.75,255.3,255.3,255.3,255.6,1500,3.83,3,1500.0, 100.00,2026-06-12
JAINIK, SM, 12-Jun-2026,132.0,139.95,140.0,138.5,138.5,138.5,139.68,18000,25.14,12,15600.0, 86.67,2026-06-12
JAINREC, EQ, 12-Jun-2026,305.25,312.85,327.7,310.25,326.0,326.3,319.87,5203006,16642.6,66977,1015318.0, 19.51,2026-06-12
JAIPURKURT, EQ, 12-Jun-2026,28.22,28.95,29.2,27.8,28.0,27.99,28.15,11937,3.36,103,11119.0, 93.15,2026-06-12
JALAN, SM, 12-Jun-2026,2.15,2.25,2.25,2.05,2.25,2.25,2.22,21000,0.47,5,21000.0, 100.00,2026-06-12
JAMNAAUTO, EQ, 12-Jun-2026,114.64,117.34,123.0,116.58,122.1,121.8,120.24,2466803,2966.05,16438,855536.0, 34.68,2026-06-12
JARO, EQ, 12-Jun-2026,545.1,551.0,576.4,547.9,570.5,566.0,558.01,113104,631.13,2817,41022.0, 36.27,2026-06-12
JASH, EQ, 12-Jun-2026,444.5,445.9,468.5,444.4,467.75,466.55,456.87,179663,820.82,5323,98424.0, 54.78,2026-06-12
JAYAGROGN, EQ, 12-Jun-2026,216.31,218.9,226.5,218.9,223.75,225.85,224.5,10624,23.85,383,6607.0, 62.19,2026-06-12
JAYBARMARU, EQ, 12-Jun-2026,131.51,134.0,144.66,134.0,144.66,144.66,142.3,2359452,3357.39,15573,927935.0, 39.33,2026-06-12
JAYBEE, ST, 12-Jun-2026,82.8,82.9,86.9,82.9,86.9,85.65,85.4,20000,17.08,35,14500.0, 72.50,2026-06-12
JAYESH, SM, 12-Jun-2026,163.0,150.0,162.95,150.0,162.95,162.95,153.35,5000,7.67,5,4000.0, 80.00,2026-06-12
JAYKAY, EQ, 12-Jun-2026,169.85,174.78,174.78,169.91,172.0,172.25,172.58,126005,217.46,2619,60783.0, 48.24,2026-06-12
JAYNECOIND, EQ, 12-Jun-2026,87.31,89.8,91.62,86.51,91.0,90.86,89.63,7200136,6453.42,32407,2619647.0, 36.38,2026-06-12
JAYSREETEA, EQ, 12-Jun-2026,81.99,82.85,87.85,81.6,87.45,87.08,85.61,69399,59.41,975,42144.0, 60.73,2026-06-12
JBCHEPHARM, EQ, 12-Jun-2026,2252.7,2276.5,2300.0,2252.1,2258.0,2257.7,2274.64,235603,5359.13,16797,123127.0, 52.26,2026-06-12
JBMA, EQ, 12-Jun-2026,644.85,652.05,689.95,652.05,679.65,683.8,680.38,4784656,32553.86,136251,394757.0, 8.25,2026-06-12
JETFREIGHT, EQ, 12-Jun-2026,21.79,21.69,23.08,21.69,22.44,22.02,22.48,243412,54.72,791,154032.0, 63.28,2026-06-12
JEYYAM, SM, 12-Jun-2026,28.0,28.55,29.2,28.0,28.0,28.0,28.51,16000,4.56,8,10000.0, 62.50,2026-06-12
JGCHEM, EQ, 12-Jun-2026,424.15,431.0,440.9,425.1,430.0,429.2,430.82,74643,321.57,2914,37180.0, 49.81,2026-06-12
JHS, EQ, 12-Jun-2026,7.97,7.98,8.32,7.98,8.1,8.11,8.11,35621,2.89,326,29787.0, 83.62,2026-06-12
JINDALPHOT, EQ, 12-Jun-2026,1095.9,1097.1,1141.9,1083.5,1114.0,1099.0,1106.38,9713,107.46,1115,1638.0, 16.86,2026-06-12
JINDALPOLY, EQ, 12-Jun-2026,731.75,743.25,766.9,728.2,754.9,751.95,754.11,129089,973.48,4540,57748.0, 44.74,2026-06-12
JINDALSAW, EQ, 12-Jun-2026,223.49,229.04,240.14,226.99,238.6,238.5,233.69,1960070,4580.52,27201,793505.0, 40.48,2026-06-12
JINDALSTEL, EQ, 12-Jun-2026,1121.3,1140.0,1150.9,1128.1,1147.5,1148.5,1142.38,448591,5124.6,17941,136909.0, 30.52,2026-06-12
JINDRILL, EQ, 12-Jun-2026,609.25,606.2,610.4,595.55,602.0,599.6,600.07,321666,1930.23,8484,82915.0, 25.78,2026-06-12
JINDWORLD, EQ, 12-Jun-2026,27.6,28.0,31.58,28.0,30.08,29.87,30.58,23880660,7303.73,70334,1125115.0, 4.71,2026-06-12
JIOFIN, EQ, 12-Jun-2026,228.02,230.9,236.5,230.0,236.33,235.89,233.26,12744670,29728.47,71614,6366021.0, 49.95,2026-06-12
JISLDVREQS, EQ, 12-Jun-2026,22.78,23.01,23.75,22.91,23.05,23.49,23.35,8423,1.97,67,6766.0, 80.33,2026-06-12
JISLJALEQS, EQ, 12-Jun-2026,29.62,30.09,31.23,30.09,30.86,31.02,30.8,2524233,777.46,7538,1384095.0, 54.83,2026-06-12
JITFINFRA, EQ, 12-Jun-2026,293.6,292.05,297.0,291.5,296.0,296.25,295.05,10369,30.59,256,7847.0, 75.68,2026-06-12
JIWANRAM, SM, 12-Jun-2026,5.15,5.0,5.25,5.0,5.1,5.15,5.09,54000,2.75,9,36000.0, 66.67,2026-06-12
JKCEMENT, EQ, 12-Jun-2026,4701.0,4740.0,4873.0,4671.5,4855.0,4858.5,4776.46,81069,3872.23,17979,39789.0, 49.08,2026-06-12
JKIL, EQ, 12-Jun-2026,461.0,465.0,470.0,454.5,469.9,458.9,460.85,221015,1018.55,7005,153288.0, 69.36,2026-06-12
JKIPL, BE, 12-Jun-2026,97.73,97.73,102.61,95.1,102.61,102.56,99.22,51073,50.68,307,, -,2026-06-12
JKLAKSHMI, EQ, 12-Jun-2026,583.6,586.7,594.8,585.2,589.0,588.85,590.75,160476,948.01,14543,103330.0, 64.39,2026-06-12
JKPAPER, EQ, 12-Jun-2026,346.2,349.0,354.45,349.0,353.85,353.35,352.61,160061,564.39,6001,85664.0, 53.52,2026-06-12
JKTYRE, EQ, 12-Jun-2026,352.45,362.2,381.65,359.0,378.5,378.25,369.54,1686390,6231.94,36108,621200.0, 36.84,2026-06-12
JLHL, EQ, 12-Jun-2026,1314.0,1324.0,1337.0,1303.1,1317.8,1315.7,1319.26,9799,129.27,1860,3329.0, 33.97,2026-06-12
JMA, EQ, 12-Jun-2026,94.45,94.81,96.99,90.0,95.9,94.6,93.78,35909,33.68,589,22224.0, 61.89,2026-06-12
JMFINANCIL, EQ, 12-Jun-2026,115.69,116.5,122.0,116.17,120.9,120.63,119.2,4099737,4886.71,37166,1757231.0, 42.86,2026-06-12
JNKINDIA, EQ, 12-Jun-2026,470.0,480.0,507.9,479.35,504.2,504.05,497.9,3001681,14945.51,51571,494242.0, 16.47,2026-06-12
JOCIL, BE, 12-Jun-2026,154.0,150.0,152.2,147.1,151.0,151.06,150.23,2628,3.95,25,, -,2026-06-12
JPOLYINVST, EQ, 12-Jun-2026,1056.7,1065.7,1087.0,1065.7,1070.3,1076.6,1078.27,3346,36.08,571,1536.0, 45.91,2026-06-12
JPPOWER, EQ, 12-Jun-2026,17.74,18.01,18.45,17.91,18.44,18.39,18.18,78141805,14205.44,45879,21404512.0, 27.39,2026-06-12
JSFB, EQ, 12-Jun-2026,462.8,463.0,483.25,463.0,477.0,479.75,477.82,766788,3663.88,10615,568269.0, 74.11,2026-06-12
JSL, EQ, 12-Jun-2026,679.35,685.0,698.0,678.0,696.0,694.55,690.69,528913,3653.12,33935,270039.0, 51.06,2026-06-12
JSLL, EQ, 12-Jun-2026,593.7,606.0,617.7,590.5,617.0,612.2,602.61,662738,3993.73,16668,168605.0, 25.44,2026-06-12
JSWCEMENT, EQ, 12-Jun-2026,124.64,125.51,128.0,125.4,127.95,127.37,126.09,9218491,11623.83,19220,5414595.0, 58.74,2026-06-12
JSWDULUX, EQ, 12-Jun-2026,3187.8,3197.8,3270.0,3150.1,3172.0,3168.4,3210.17,46312,1486.69,6536,35317.0, 76.26,2026-06-12
JSWENERGY, EQ, 12-Jun-2026,552.25,562.0,566.3,549.3,559.7,559.35,555.75,2727602,15158.53,33154,1281988.0, 47.00,2026-06-12
JSWHL, EQ, 12-Jun-2026,12062.0,12059.0,12322.0,11972.0,12151.0,12256.0,12121.93,2125,257.59,945,1083.0, 50.96,2026-06-12
JSWINFRA, EQ, 12-Jun-2026,275.45,278.8,294.6,278.8,291.1,291.0,288.63,4700920,13568.07,51095,2173519.0, 46.24,2026-06-12
JSWSTEEL, EQ, 12-Jun-2026,1282.3,1298.0,1305.5,1285.1,1299.0,1297.6,1295.98,1091577,14146.6,40883,576710.0, 52.83,2026-06-12
JTEKTINDIA, EQ, 12-Jun-2026,120.77,121.65,125.69,121.65,125.2,125.35,124.09,139591,173.22,1508,86094.0, 61.68,2026-06-12
JTLIND, EQ, 12-Jun-2026,71.32,72.99,75.5,71.02,74.95,74.99,73.88,5520684,4078.92,29110,2317563.0, 41.98,2026-06-12
JUBLCPL, EQ, 12-Jun-2026,1825.6,1837.9,1889.9,1835.0,1874.0,1880.6,1871.95,3710,69.45,639,1890.0, 50.94,2026-06-12
JUBLFOOD, EQ, 12-Jun-2026,413.6,418.0,421.4,411.1,419.1,419.35,416.96,2325470,9696.24,50424,1266166.0, 54.45,2026-06-12
JUBLINGREA, EQ, 12-Jun-2026,617.35,620.6,634.95,620.3,623.5,623.4,623.93,182807,1140.59,16673,118588.0, 64.87,2026-06-12
JUBLPHARMA, EQ, 12-Jun-2026,945.85,939.05,981.75,939.05,975.0,976.75,966.01,77225,746.0,8010,37639.0, 48.74,2026-06-12
JUNIORBEES, EQ, 12-Jun-2026,738.48,749.9,757.0,743.5,755.86,755.73,750.25,440665,3306.1,8109,264069.0, 59.93,2026-06-12
JUNIPER, EQ, 12-Jun-2026,192.93,196.79,199.0,192.5,195.0,195.25,194.88,202963,395.53,3796,110773.0, 54.58,2026-06-12
JUSTDIAL, EQ, 12-Jun-2026,529.9,537.0,540.0,530.3,538.0,538.2,535.78,83456,447.14,4464,38360.0, 45.96,2026-06-12
JWL, EQ, 12-Jun-2026,264.4,268.0,277.0,267.1,277.0,275.6,272.57,740004,2017.01,13722,249170.0, 33.67,2026-06-12
JYOTHYLAB, EQ, 12-Jun-2026,199.99,201.5,202.68,199.17,201.38,200.96,200.68,512650,1028.77,13356,278218.0, 54.27,2026-06-12
JYOTICNC, EQ, 12-Jun-2026,632.9,644.0,687.9,639.45,678.8,681.7,668.74,2844588,19022.82,61874,1090397.0, 38.33,2026-06-12
JYOTIGLOBL, ST, 12-Jun-2026,39.0,38.0,38.8,37.05,38.8,38.8,37.73,24000,9.06,12,18000.0, 75.00,2026-06-12
JYOTISTRUC, EQ, 12-Jun-2026,11.63,11.94,12.26,11.84,12.13,12.14,12.07,9530543,1150.2,7780,4451904.0, 46.71,2026-06-12
K2INFRA, SM, 12-Jun-2026,48.95,52.5,52.6,49.0,50.25,50.25,50.96,10800,5.5,18,6000.0, 55.56,2026-06-12
KABRAEXTRU, EQ, 12-Jun-2026,227.91,229.8,238.35,229.8,235.32,237.26,234.97,14923,35.07,723,10814.0, 72.47,2026-06-12
KAJARIACER, EQ, 12-Jun-2026,1077.0,1089.2,1089.7,1071.6,1084.0,1082.3,1079.85,77056,832.09,7583,42672.0, 55.38,2026-06-12
KAKATCEM, BE, 12-Jun-2026,121.7,118.0,127.78,118.0,125.73,127.3,125.85,4588,5.77,98,, -,2026-06-12
KALAMANDIR, EQ, 12-Jun-2026,103.3,104.85,107.33,102.8,106.15,106.22,105.06,1621765,1703.77,12483,871700.0, 53.75,2026-06-12
KALANA, SM, 12-Jun-2026,20.8,21.0,21.0,21.0,21.0,21.0,21.0,6000,1.26,3,6000.0, 100.00,2026-06-12
KALPATARU, EQ, 12-Jun-2026,310.3,315.0,315.95,311.0,313.75,314.15,312.77,19186,60.01,1049,9391.0, 48.95,2026-06-12
KALYANIFRG, EQ, 12-Jun-2026,600.05,600.0,609.4,592.5,600.0,599.15,599.04,599,3.59,54,401.0, 66.94,2026-06-12
KALYANKJIL, EQ, 12-Jun-2026,330.8,338.0,345.75,335.0,345.2,344.75,340.3,7962150,27094.89,61913,3824014.0, 48.03,2026-06-12
KAMAHOLD, EQ, 12-Jun-2026,2553.0,2585.3,2600.0,2562.2,2571.0,2576.1,2583.49,754,19.48,163,507.0, 67.24,2026-06-12
KAMATHOTEL, EQ, 12-Jun-2026,158.15,160.7,164.99,160.1,162.2,163.47,162.6,42008,68.3,1295,25861.0, 61.56,2026-06-12
KAMDHENU, EQ, 12-Jun-2026,28.2,28.7,29.45,28.28,29.23,29.29,28.9,2494603,721.06,6599,1357028.0, 54.40,2026-06-12
KAMOPAINTS, EQ, 12-Jun-2026,5.12,5.13,5.24,5.09,5.11,5.14,5.15,158208,8.15,508,123874.0, 78.30,2026-06-12
KANANIIND, EQ, 12-Jun-2026,1.55,1.55,1.58,1.52,1.56,1.56,1.55,101513,1.57,201,74532.0, 73.42,2026-06-12
KANCHI, BE, 12-Jun-2026,339.9,341.0,348.0,340.0,341.2,341.2,340.76,415,1.41,24,, -,2026-06-12
KANDARP, SM, 12-Jun-2026,99.4,105.4,108.5,97.0,108.5,106.95,101.47,42000,42.62,34,35000.0, 83.33,2026-06-12
KANORICHEM, BE, 12-Jun-2026,92.34,92.34,96.95,92.2,96.95,96.85,96.48,33501,32.32,154,, -,2026-06-12
KANPRPLA, EQ, 12-Jun-2026,189.14,192.06,195.0,185.12,186.21,186.79,189.66,20061,38.05,1332,7878.0, 39.27,2026-06-12
KANSAINER, EQ, 12-Jun-2026,216.04,220.5,220.5,213.6,217.0,216.5,215.66,246624,531.87,7769,100109.0, 40.59,2026-06-12
KAPSTON, EQ, 12-Jun-2026,334.45,334.15,345.5,334.15,342.5,339.2,338.46,5090,17.23,259,3683.0, 72.36,2026-06-12
KARMAENG, EQ, 12-Jun-2026,40.77,42.28,42.35,41.01,41.5,41.41,41.91,1661,0.7,60,1034.0, 62.25,2026-06-12
KARNIKA, SM, 12-Jun-2026,135.0,132.0,134.0,130.0,130.0,133.4,132.72,13000,17.25,8,11000.0, 84.62,2026-06-12
KARURVYSYA, EQ, 12-Jun-2026,275.85,280.0,289.9,277.75,288.75,288.95,286.47,5057293,14487.6,52851,2837161.0, 56.10,2026-06-12
KATARIA, SM, 12-Jun-2026,95.9,99.4,104.75,98.25,103.0,103.0,102.05,21000,21.43,28,18600.0, 88.57,2026-06-12
KAUSHALYA, EQ, 12-Jun-2026,835.75,835.0,850.0,830.4,830.4,835.25,835.39,100,0.84,27,96.0, 96.00,2026-06-12
KAVDEFENCE, EQ, 12-Jun-2026,59.09,59.85,61.0,59.26,60.94,60.43,60.09,62545,37.58,945,39053.0, 62.44,2026-06-12
KAYA, EQ, 12-Jun-2026,235.63,238.8,257.98,238.8,253.01,254.98,252.66,47890,121.0,1125,27181.0, 56.76,2026-06-12
KAYNES, EQ, 12-Jun-2026,3026.9,3089.9,3104.9,3026.9,3082.0,3076.9,3063.92,640605,19627.64,37929,201258.0, 31.42,2026-06-12
KAYTEX, SM, 12-Jun-2026,60.0,61.5,61.5,59.5,61.0,61.2,60.91,5600,3.41,7,4800.0, 85.71,2026-06-12
KCEIL, ST, 12-Jun-2026,88.55,89.05,90.5,86.35,87.1,86.8,87.7,23000,20.17,44,18000.0, 78.26,2026-06-12
KCK, SM, 12-Jun-2026,13.65,13.45,13.65,13.3,13.3,13.3,13.44,32500,4.37,13,22500.0, 69.23,2026-06-12
KCP, EQ, 12-Jun-2026,160.67,162.0,168.0,162.0,167.55,166.39,166.14,154053,255.94,2757,90702.0, 58.88,2026-06-12
KCPSUGIND, EQ, 12-Jun-2026,22.53,23.1,23.1,22.33,22.57,22.48,22.58,189580,42.8,961,131795.0, 69.52,2026-06-12
KDDL, EQ, 12-Jun-2026,2811.9,2830.0,2885.7,2801.0,2860.0,2869.3,2844.3,12887,366.55,3351,6020.0, 46.71,2026-06-12
KDL, SM, 12-Jun-2026,119.9,125.85,125.85,113.95,121.0,124.25,124.48,100050,124.54,246,49950.0, 49.93,2026-06-12
KEC, EQ, 12-Jun-2026,488.2,491.9,509.0,491.0,503.5,504.45,501.72,780879,3917.8,20163,356722.0, 45.68,2026-06-12
KECL, BE, 12-Jun-2026,99.5,99.5,100.0,98.0,100.0,100.0,99.26,28452,28.24,191,, -,2026-06-12
KEEPLEARN, EQ, 12-Jun-2026,1.99,2.07,2.07,1.99,2.02,2.01,2.02,15719,0.32,41,15218.0, 96.81,2026-06-12
KEI, EQ, 12-Jun-2026,5181.5,5234.0,5383.0,5211.5,5374.0,5369.5,5294.61,225909,11961.01,22208,104252.0, 46.15,2026-06-12
KEL, SM, 12-Jun-2026,86.5,82.0,82.0,82.0,82.0,82.0,82.0,3600,2.95,1,3600.0, 100.00,2026-06-12
KELLTONTEC, EQ, 12-Jun-2026,15.01,15.18,15.35,15.0,15.33,15.25,15.24,1479985,225.49,3004,640830.0, 43.30,2026-06-12
KEN, SM, 12-Jun-2026,32.7,31.55,32.9,29.7,32.9,32.6,32.24,128400,41.4,27,109200.0, 85.05,2026-06-12
KENNAMET, EQ, 12-Jun-2026,2754.6,2755.0,2800.0,2733.8,2799.0,2780.3,2771.78,9665,267.89,1519,6562.0, 67.89,2026-06-12
KERNEX, EQ, 12-Jun-2026,1893.7,1933.4,2000.0,1920.6,1995.0,1993.3,1973.62,310640,6130.85,15592,124782.0, 40.17,2026-06-12
KESORAMIND, BE, 12-Jun-2026,10.46,10.65,10.98,10.5,10.98,10.98,10.77,548335,59.06,992,, -,2026-06-12
KEYFINSERV, EQ, 12-Jun-2026,248.15,249.3,258.15,245.05,245.05,248.35,252.63,2840,7.17,67,2008.0, 70.70,2026-06-12
KFINTECH, EQ, 12-Jun-2026,805.6,816.8,828.35,808.0,827.5,826.7,818.43,693963,5679.61,25173,257214.0, 37.06,2026-06-12
KHADIM, EQ, 12-Jun-2026,95.53,96.25,104.45,96.25,102.31,103.35,100.28,153549,153.98,2534,83569.0, 54.42,2026-06-12
KHAICHEM, BE, 12-Jun-2026,54.59,55.39,56.0,54.02,56.0,55.66,55.06,52884,29.12,238,, -,2026-06-12
KHAITANLTD, BE, 12-Jun-2026,132.52,131.7,134.0,131.7,132.6,132.6,133.38,2066,2.76,37,, -,2026-06-12
KHANDSE, EQ, 12-Jun-2026,18.01,18.6,18.98,17.55,18.33,18.22,17.73,1412,0.25,39,1148.0, 81.30,2026-06-12
KHFM, SM, 12-Jun-2026,58.95,62.95,68.0,62.95,66.0,66.0,65.18,71300,46.47,8,71300.0, 100.00,2026-06-12
KICL, EQ, 12-Jun-2026,4979.5,4987.5,5079.5,4937.0,4995.0,5029.0,5017.64,1648,82.69,365,726.0, 44.05,2026-06-12
KILITCH, EQ, 12-Jun-2026,181.79,182.1,191.86,181.48,188.3,189.03,187.82,126680,237.92,2483,60093.0, 47.44,2026-06-12
KIMS, EQ, 12-Jun-2026,765.4,776.9,788.0,771.4,783.0,785.1,782.3,483256,3780.51,19304,205167.0, 42.46,2026-06-12
KINGFA, EQ, 12-Jun-2026,5071.0,5138.5,5248.5,5062.5,5090.5,5108.0,5105.12,2180,111.29,965,1150.0, 52.75,2026-06-12
KIOCL, EQ, 12-Jun-2026,386.4,393.0,403.8,390.35,397.55,398.65,397.69,229980,914.6,10063,90474.0, 39.34,2026-06-12
KIRANVYPAR, EQ, 12-Jun-2026,192.16,192.16,193.0,184.0,185.15,186.78,188.11,2711,5.1,168,1866.0, 68.83,2026-06-12
KIRIINDUS, EQ, 12-Jun-2026,392.2,394.9,401.95,394.2,399.0,400.45,398.94,141769,565.57,3644,71010.0, 50.09,2026-06-12
KIRLFER, EQ, 12-Jun-2026,413.85,420.0,434.0,412.0,427.0,427.55,418.38,171062,715.69,6508,127837.0, 74.73,2026-06-12
KIRLOSBROS, EQ, 12-Jun-2026,1664.1,1682.4,1735.1,1682.4,1730.0,1729.4,1716.61,73744,1265.9,8285,38282.0, 51.91,2026-06-12
KIRLOSENG, EQ, 12-Jun-2026,1797.9,1809.0,1905.0,1809.0,1901.4,1890.5,1856.83,238134,4421.74,35910,122257.0, 51.34,2026-06-12
KIRLOSIND, EQ, 12-Jun-2026,3056.4,3084.5,3150.9,3084.5,3133.0,3129.3,3118.75,1925,60.04,613,891.0, 46.29,2026-06-12
KIRLPNU, EQ, 12-Jun-2026,1574.9,1589.9,1613.4,1565.6,1602.0,1606.0,1589.59,150646,2394.66,15906,86534.0, 57.44,2026-06-12
KISSHT, EQ, 12-Jun-2026,259.7,263.95,274.85,261.15,271.0,270.55,266.67,1997112,5325.63,19033,471856.0, 23.63,2026-06-12
KITEX, EQ, 12-Jun-2026,142.5,144.99,145.57,141.7,145.48,145.02,143.85,1378472,1982.95,8609,793771.0, 57.58,2026-06-12
KKCL, EQ, 12-Jun-2026,430.1,439.2,439.2,429.55,433.7,434.2,432.83,20413,88.35,1574,11949.0, 58.54,2026-06-12
KKJEWELS, SM, 12-Jun-2026,110.15,110.55,113.9,110.0,113.9,113.9,111.56,7000,7.81,7,6000.0, 85.71,2026-06-12
KLBRENG-B, EQ, 12-Jun-2026,468.7,475.0,476.7,461.1,476.7,471.3,469.01,26681,125.14,1452,16147.0, 60.52,2026-06-12
KLL, SM, 12-Jun-2026,35.0,35.0,35.7,35.0,35.7,35.7,35.01,92000,32.21,15,92000.0, 100.00,2026-06-12
KMEW, EQ, 12-Jun-2026,1867.7,1886.8,1930.0,1856.5,1910.0,1922.6,1899.02,60945,1157.36,6624,24267.0, 39.82,2026-06-12
KMSUGAR, EQ, 12-Jun-2026,26.38,26.93,26.93,26.41,26.81,26.69,26.63,43065,11.47,379,29881.0, 69.39,2026-06-12
KNAGRI, EQ, 12-Jun-2026,191.78,194.0,208.0,193.4,204.0,203.98,202.09,27744,56.07,568,21238.0, 76.55,2026-06-12
KNRCON, EQ, 12-Jun-2026,117.85,118.69,125.99,118.69,125.6,125.17,122.0,2003877,2444.79,21148,783650.0, 39.11,2026-06-12
KODYTECH, SM, 12-Jun-2026,904.2,934.0,954.0,902.0,938.0,945.45,935.91,12500,116.99,108,9500.0, 76.00,2026-06-12
KOHINOOR, EQ, 12-Jun-2026,23.55,23.95,24.75,23.69,24.16,24.34,24.09,158591,38.21,2458,31951.0, 20.15,2026-06-12
KOKUYOCMLN, EQ, 12-Jun-2026,82.51,83.05,84.99,82.65,84.93,84.51,83.87,26451,22.19,649,16748.0, 63.32,2026-06-12
KOLTEPATIL, EQ, 12-Jun-2026,345.1,347.65,357.4,345.5,350.0,351.1,350.95,104174,365.6,3192,48759.0, 46.81,2026-06-12
KONSTELEC, ST, 12-Jun-2026,42.7,42.1,44.8,42.1,42.1,42.1,42.8,4000,1.71,4,3000.0, 75.00,2026-06-12
KONTOR, SM, 12-Jun-2026,59.95,60.0,60.0,59.0,59.0,59.0,59.67,1800,1.07,3,1800.0, 100.00,2026-06-12
KOPRAN, BE, 12-Jun-2026,177.8,177.89,183.0,177.0,183.0,181.64,180.06,59652,107.41,606,, -,2026-06-12
KORE, SM, 12-Jun-2026,132.0,143.9,143.9,123.5,135.0,135.0,136.89,5750,7.87,10,5250.0, 91.30,2026-06-12
KOTAKBANK, EQ, 12-Jun-2026,393.35,397.75,404.5,394.95,404.0,403.3,400.16,17227481,68937.57,152404,11265510.0, 65.39,2026-06-12
KOTARISUG, EQ, 12-Jun-2026,25.07,25.0,25.73,24.15,25.29,24.97,24.94,29718,7.41,394,19943.0, 67.11,2026-06-12
KOTHARIPET, EQ, 12-Jun-2026,116.06,116.06,118.97,115.15,118.84,118.54,117.61,53741,63.2,1474,24146.0, 44.93,2026-06-12
KOTHARIPRO, EQ, 12-Jun-2026,68.5,70.8,70.85,67.86,69.15,69.27,68.64,12107,8.31,177,7781.0, 64.27,2026-06-12
KOTIC, EQ, 12-Jun-2026,159.12,157.0,162.75,156.0,160.0,160.54,159.61,2630,4.2,91,2301.0, 87.49,2026-06-12
KOTYARK, EQ, 12-Jun-2026,402.6,430.0,430.0,406.05,410.0,409.6,412.5,10539,43.47,372,6309.0, 59.86,2026-06-12
KOVAI, EQ, 12-Jun-2026,5794.5,5795.0,5850.0,5712.0,5780.0,5811.0,5799.42,2484,144.06,939,1412.0, 56.84,2026-06-12
KPEL, EQ, 12-Jun-2026,327.9,330.9,346.4,330.9,346.4,344.2,338.33,180235,609.79,4148,102425.0, 56.83,2026-06-12
KPIGREEN, EQ, 12-Jun-2026,381.7,386.1,404.0,386.1,404.0,401.4,395.57,590654,2336.47,14778,286815.0, 48.56,2026-06-12
KPIL, EQ, 12-Jun-2026,1252.6,1254.2,1310.0,1254.2,1299.0,1301.6,1289.8,138153,1781.9,16682,85080.0, 61.58,2026-06-12
KPITTECH, EQ, 12-Jun-2026,736.9,742.1,752.0,736.3,750.2,749.0,744.77,675160,5028.41,21634,226619.0, 33.57,2026-06-12
KPL, EQ, 12-Jun-2026,2362.4,2380.0,2555.0,2380.0,2489.0,2492.6,2482.51,39791,987.82,4872,14258.0, 35.83,2026-06-12
KPRMILL, EQ, 12-Jun-2026,1054.7,1056.9,1083.2,1056.6,1066.75,1065.8,1067.42,412636,4404.54,23362,282096.0, 68.36,2026-06-12
KRBL, EQ, 12-Jun-2026,345.4,347.45,368.5,347.45,367.8,366.8,361.0,1009787,3645.28,22567,486090.0, 48.14,2026-06-12
KREBSBIO, EQ, 12-Jun-2026,63.48,64.01,67.89,64.01,65.99,65.23,65.71,9440,6.2,128,8318.0, 88.11,2026-06-12
KRIDHANINF, BE, 12-Jun-2026,2.85,2.95,2.95,2.79,2.85,2.85,2.85,29038,0.83,44,, -,2026-06-12
KRISHANA, EQ, 12-Jun-2026,666.65,678.25,682.5,666.8,674.5,673.6,674.84,142282,960.17,4155,66212.0, 46.54,2026-06-12
KRISHCA, SM, 12-Jun-2026,174.4,176.25,182.0,176.25,179.0,180.0,180.17,18000,32.43,26,15000.0, 83.33,2026-06-12
KRISHIVAL, EQ, 12-Jun-2026,405.0,406.0,407.0,403.55,406.45,404.55,405.45,8357,33.88,318,7275.0, 87.05,2026-06-12
KRISHNADEF, EQ, 12-Jun-2026,1164.7,1185.0,1238.3,1184.5,1214.0,1210.5,1213.22,136289,1653.49,10721,59510.0, 43.66,2026-06-12
KRITI, BE, 12-Jun-2026,70.0,72.8,73.2,68.0,72.6,72.6,71.04,11989,8.52,67,, -,2026-06-12
KRITIKA, EQ, 12-Jun-2026,5.95,6.0,6.07,5.93,6.04,6.0,6.0,81952,4.92,303,65820.0, 80.32,2026-06-12
KRITINUT, BE, 12-Jun-2026,81.5,81.5,85.3,80.36,83.0,83.51,82.79,12791,10.59,152,, -,2026-06-12
KRMAYURVED, ST, 12-Jun-2026,236.3,238.75,246.8,238.75,246.5,243.65,242.21,53000,128.37,33,43000.0, 81.13,2026-06-12
KRN, BE, 12-Jun-2026,1201.2,1234.0,1261.2,1202.9,1261.2,1261.2,1244.91,150786,1877.15,4723,, -,2026-06-12
KRONOX, EQ, 12-Jun-2026,131.65,135.0,135.0,131.3,134.5,134.57,134.05,28236,37.85,582,17161.0, 60.78,2026-06-12
KROSS, EQ, 12-Jun-2026,176.55,179.05,184.09,179.05,182.9,182.49,181.81,230136,418.42,3643,113953.0, 49.52,2026-06-12
KRSNAA, EQ, 12-Jun-2026,533.1,535.0,544.95,532.35,534.05,534.3,534.76,112078,599.35,3128,76501.0, 68.26,2026-06-12
KRT, RR, 12-Jun-2026,117.48,117.3,118.49,115.7,116.2,116.46,117.31,386194,453.03,12836,286180.0, 74.10,2026-06-12
KRYSTAL, EQ, 12-Jun-2026,575.4,584.0,587.0,575.15,577.95,576.6,578.35,11178,64.65,619,3801.0, 34.00,2026-06-12
KSB, EQ, 12-Jun-2026,807.3,813.1,844.8,810.4,843.0,834.8,832.43,233451,1943.32,16293,115222.0, 49.36,2026-06-12
KSCL, EQ, 12-Jun-2026,870.1,890.0,890.0,875.15,878.05,878.85,881.47,34995,308.47,2254,16775.0, 47.94,2026-06-12
KSHINTL, EQ, 12-Jun-2026,818.35,837.55,855.0,812.0,817.0,819.95,824.82,495836,4089.77,16054,300547.0, 60.61,2026-06-12
KSHITIJPOL, BE, 12-Jun-2026,7.19,6.84,6.84,6.84,6.84,6.84,6.84,1295033,88.58,2075,, -,2026-06-12
KSL, EQ, 12-Jun-2026,780.2,791.0,822.65,780.2,801.0,807.5,795.01,25701,204.33,1996,12848.0, 49.99,2026-06-12
KSOLVES, EQ, 12-Jun-2026,278.6,280.05,289.0,280.05,284.1,284.85,284.92,38626,110.05,1632,20213.0, 52.33,2026-06-12
KSR, BE, 12-Jun-2026,31.07,31.2,31.43,30.02,30.8,31.18,30.9,22242,6.87,101,, -,2026-06-12
KTKBANK, EQ, 12-Jun-2026,265.05,267.75,277.5,267.6,276.0,275.7,273.29,3073840,8400.6,27840,1652851.0, 53.77,2026-06-12
KUANTUM, EQ, 12-Jun-2026,73.23,73.35,75.0,73.16,75.0,74.78,74.19,25592,18.99,642,14560.0, 56.89,2026-06-12
KWIL, EQ, 12-Jun-2026,34.86,35.5,37.4,35.0,36.7,36.9,36.52,37785450,13798.28,65752,11970918.0, 31.68,2026-06-12
LAGNAM, EQ, 12-Jun-2026,79.5,81.7,81.7,77.56,80.0,79.99,79.44,2388,1.9,54,1700.0, 71.19,2026-06-12
LAHOTIOV, EQ, 12-Jun-2026,44.74,45.5,46.0,41.3,43.06,43.36,44.03,54613,24.05,376,29644.0, 54.28,2026-06-12
LAKPRE, BZ, 12-Jun-2026,5.05,5.05,5.05,5.0,5.0,5.0,5.0,22,0.0,7,, -,2026-06-12
LAKSHYA, ST, 12-Jun-2026,110.55,108.65,108.65,108.65,108.65,108.65,108.65,800,0.87,1,800.0, 100.00,2026-06-12
LAL, EQ, 12-Jun-2026,7.21,7.49,7.49,6.81,7.25,7.34,7.15,28108,2.01,127,15014.0, 53.42,2026-06-12
LALPATHLAB, EQ, 12-Jun-2026,1593.5,1607.6,1634.0,1585.9,1601.2,1601.5,1600.53,192359,3078.76,22299,109893.0, 57.13,2026-06-12
LAMBODHARA, EQ, 12-Jun-2026,102.3,104.0,104.6,102.21,103.0,103.12,103.02,6450,6.64,161,4486.0, 69.55,2026-06-12
LAMOSAIC, SM, 12-Jun-2026,29.0,29.0,29.0,28.0,28.2,28.2,28.48,3000,0.85,4,3000.0, 100.00,2026-06-12
LANCORHOL, EQ, 12-Jun-2026,24.13,24.55,25.45,24.0,24.59,24.59,24.85,149796,37.23,124,141748.0, 94.63,2026-06-12
LANDMARK, EQ, 12-Jun-2026,419.65,429.0,429.0,414.9,423.7,422.95,421.2,69786,293.94,2360,39252.0, 56.25,2026-06-12
LANDSMILL, EQ, 12-Jun-2026,0.86,0.86,0.88,0.85,0.88,0.86,0.86,2031310,17.55,927,1008557.0, 49.65,2026-06-12
LAOPALA, EQ, 12-Jun-2026,174.84,175.0,177.59,173.03,175.9,175.82,175.33,86307,151.32,1701,44504.0, 51.56,2026-06-12
LASA, EQ, 12-Jun-2026,7.18,7.54,7.54,6.76,7.19,7.13,7.08,50458,3.57,174,22487.0, 44.57,2026-06-12
LATENTVIEW, EQ, 12-Jun-2026,286.0,290.0,303.5,287.5,303.0,301.25,294.43,721769,2125.08,20103,298331.0, 41.33,2026-06-12
LATTEYS, BE, 12-Jun-2026,21.89,21.87,22.78,21.51,22.37,22.29,21.91,17218,3.77,162,, -,2026-06-12
LAURUSLABS, EQ, 12-Jun-2026,1390.8,1408.0,1410.0,1373.8,1391.8,1394.3,1394.38,1207798,16841.32,39925,564412.0, 46.73,2026-06-12
LAXMICOT, EQ, 12-Jun-2026,14.55,14.01,15.1,14.01,14.33,14.35,14.41,2686,0.39,61,1683.0, 62.66,2026-06-12
LAXMIDENTL, EQ, 12-Jun-2026,213.53,215.0,242.5,215.0,226.0,226.74,232.76,2059231,4793.05,30538,242808.0, 11.79,2026-06-12
LAXMIINDIA, BE, 12-Jun-2026,99.83,100.5,104.82,99.85,104.82,104.65,103.05,46022,47.42,345,, -,2026-06-12
LCCINFOTEC, EQ, 12-Jun-2026,4.7,4.65,4.84,4.47,4.47,4.47,4.51,107719,4.86,212,89178.0, 82.79,2026-06-12
LEMERITE, EQ, 12-Jun-2026,24.92,25.74,26.16,23.68,26.16,26.07,25.01,7071542,1768.28,4257,2605199.0, 36.84,2026-06-12
LEMONTREE, EQ, 12-Jun-2026,103.68,104.29,108.06,104.29,107.67,107.23,106.38,4672055,4970.27,54075,2853937.0, 61.09,2026-06-12
LENSKART, EQ, 12-Jun-2026,502.25,507.95,507.95,493.5,494.0,494.1,497.15,3668359,18237.25,77200,2045886.0, 55.77,2026-06-12
LEXUS, EQ, 12-Jun-2026,14.61,15.6,15.6,14.53,15.15,15.2,15.39,16922,2.6,114,15838.0, 93.59,2026-06-12
LFIC, EQ, 12-Jun-2026,140.84,140.84,155.88,137.61,150.0,149.51,148.03,5129,7.59,171,1979.0, 38.58,2026-06-12
LGBBROSLTD, EQ, 12-Jun-2026,1475.3,1482.6,1537.9,1475.0,1520.0,1524.4,1503.58,27598,414.96,3501,17944.0, 65.02,2026-06-12
LGEINDIA, EQ, 12-Jun-2026,1520.9,1525.0,1539.0,1498.9,1511.3,1511.2,1515.35,434305,6581.23,35352,221304.0, 50.96,2026-06-12
LGHL, EQ, 12-Jun-2026,224.85,226.06,228.53,225.0,226.8,226.62,226.78,18970,43.02,281,1117.0, 5.89,2026-06-12
LIBAS, EQ, 12-Jun-2026,11.92,12.27,12.3,11.89,12.08,11.98,11.94,12453,1.49,87,9736.0, 78.18,2026-06-12
LIBERTSHOE, EQ, 12-Jun-2026,232.83,234.21,239.99,234.21,238.1,238.82,237.35,7227,17.15,368,4971.0, 68.78,2026-06-12
LICHSGFIN, EQ, 12-Jun-2026,535.9,543.65,561.25,542.05,559.0,559.5,555.6,2541823,14122.38,32050,1485385.0, 58.44,2026-06-12
LICI, EQ, 12-Jun-2026,393.2,396.1,399.8,393.15,398.65,399.35,396.66,2044734,8110.64,26590,790663.0, 38.67,2026-06-12
LICMFGOLD, EQ, 12-Jun-2026,129.5,132.75,133.2,131.8,132.55,132.9,132.42,62259,82.44,741,32845.0, 52.76,2026-06-12
LICNETFGSC, EQ, 12-Jun-2026,28.91,28.95,29.09,28.95,29.08,29.0,29.01,145254,42.13,73,136051.0, 93.66,2026-06-12
LICNETFN50, EQ, 12-Jun-2026,258.73,262.21,264.0,260.41,264.0,264.0,261.92,232,0.61,28,209.0, 90.09,2026-06-12
LICNETFSEN, EQ, 12-Jun-2026,828.54,836.83,847.18,835.67,847.04,847.11,837.5,58,0.49,8,56.0, 96.55,2026-06-12
LICNFNHGP, EQ, 12-Jun-2026,262.37,265.13,269.14,264.99,269.14,269.14,266.14,96,0.26,10,84.0, 87.50,2026-06-12
LICNMID100, EQ, 12-Jun-2026,59.68,60.5,60.91,59.78,60.91,60.91,60.41,3290,1.99,73,3074.0, 93.43,2026-06-12
LIKHITHA, BE, 12-Jun-2026,227.53,232.8,233.53,230.01,232.0,231.57,232.02,51489,119.47,388,, -,2026-06-12
LINC, EQ, 12-Jun-2026,98.6,98.7,100.1,97.55,98.5,98.32,98.57,19093,18.82,334,10452.0, 54.74,2026-06-12
LINCOLN, EQ, 12-Jun-2026,629.65,639.8,643.05,631.0,637.2,636.1,637.14,45653,290.87,2262,22834.0, 50.02,2026-06-12
LINDEINDIA, EQ, 12-Jun-2026,6716.0,6739.5,6949.5,6739.5,6938.0,6916.0,6851.4,25471,1745.12,7059,14208.0, 55.78,2026-06-12
LIQGRWBEES, EQ, 12-Jun-2026,1043.01,1042.97,1043.42,1042.97,1043.39,1043.39,1043.4,14322,149.44,140,7310.0, 51.04,2026-06-12
LIQUID, EQ, 12-Jun-2026,999.99,999.99,1000.0,999.99,999.99,999.99,999.99,424399,4243.96,172,294754.0, 69.45,2026-06-12
LIQUID1, EQ, 12-Jun-2026,1108.35,1106.61,1109.9,1106.61,1108.8,1108.8,1108.8,961992,10666.57,717,529930.0, 55.09,2026-06-12
LIQUIDADD, EQ, 12-Jun-2026,1130.51,1130.96,1130.98,1130.96,1130.98,1130.96,1130.97,480306,5432.11,253,310075.0, 64.56,2026-06-12
LIQUIDBEES, EQ, 12-Jun-2026,1000.0,1000.0,1000.01,999.99,1000.01,999.99,1000.0,2538926,25389.22,4187,1919458.0, 75.60,2026-06-12
LIQUIDBETF, EQ, 12-Jun-2026,1085.34,1085.79,1085.79,1085.77,1085.78,1085.78,1085.78,164355,1784.54,123,126547.0, 77.00,2026-06-12
LIQUIDCASE, EQ, 12-Jun-2026,114.48,114.53,114.53,114.51,114.53,114.51,114.52,17322541,19837.75,21227,11325659.0, 65.38,2026-06-12
LIQUIDETF, EQ, 12-Jun-2026,1000.0,1000.0,1000.01,999.99,1000.0,1000.0,1000.0,121221,1212.21,280,68263.0, 56.31,2026-06-12
LIQUIDIETF, EQ, 12-Jun-2026,999.99,999.99,1000.01,998.4,1000.0,999.96,999.99,175503,1755.01,350,118487.0, 67.51,2026-06-12
LIQUIDPLUS, EQ, 12-Jun-2026,1089.31,1089.73,1089.75,1089.73,1089.75,1089.73,1089.73,256146,2791.3,269,239345.0, 93.44,2026-06-12
LIQUIDSBI, EQ, 12-Jun-2026,999.99,999.99,1000.01,999.99,1000.0,1000.0,1000.0,1942,19.42,25,1096.0, 56.44,2026-06-12
LIQUIDSHRI, EQ, 12-Jun-2026,1108.14,1108.55,1108.57,1108.55,1108.55,1108.56,1108.55,7915,87.74,23,6992.0, 88.34,2026-06-12
LLOYDS, ST, 12-Jun-2026,84.1,79.9,79.9,79.9,79.9,79.9,79.9,111000,88.69,27,111000.0, 100.00,2026-06-12
LLOYDSENGG, EQ, 12-Jun-2026,66.73,68.39,71.2,68.2,70.8,70.94,70.12,7051380,4944.64,25967,2763732.0, 39.19,2026-06-12
LLOYDSENT, EQ, 12-Jun-2026,64.46,65.5,67.44,64.87,66.98,66.93,66.33,2765293,1834.29,13105,1240765.0, 44.87,2026-06-12
LLOYDSME, EQ, 12-Jun-2026,1674.2,1715.4,1774.3,1705.4,1759.3,1761.9,1748.85,573860,10035.96,40293,284235.0, 49.53,2026-06-12
LMW, EQ, 12-Jun-2026,15582.0,15680.0,15869.0,15630.0,15800.0,15759.0,15727.83,1227,192.98,506,643.0, 52.40,2026-06-12
LODHA, EQ, 12-Jun-2026,868.05,885.05,901.0,875.6,898.9,899.3,889.16,1782006,15844.94,32214,850996.0, 47.75,2026-06-12
LOKESHMACH, BE, 12-Jun-2026,256.0,256.0,266.9,256.0,265.0,265.6,263.51,27225,71.74,293,, -,2026-06-12
LORDSCHLO, EQ, 12-Jun-2026,133.87,137.88,137.88,131.26,132.6,132.83,132.97,7429,9.88,381,4567.0, 61.48,2026-06-12
LOTUSDEV, EQ, 12-Jun-2026,129.27,133.62,134.59,131.81,134.5,134.04,133.67,322548,431.17,3990,194637.0, 60.34,2026-06-12
LOTUSEYE, EQ, 12-Jun-2026,134.23,137.0,138.9,129.0,134.0,135.1,135.44,118265,160.18,1950,52720.0, 44.58,2026-06-12
LOVABLE, EQ, 12-Jun-2026,69.54,71.0,71.0,70.0,70.5,70.49,70.29,4199,2.95,88,3011.0, 71.71,2026-06-12
LOWVOL, EQ, 12-Jun-2026,196.85,198.06,199.08,198.06,199.08,199.08,198.7,302,0.6,6,268.0, 88.74,2026-06-12
LOWVOL1, EQ, 12-Jun-2026,20.12,20.37,20.44,20.25,20.44,20.4,20.34,615702,125.24,163,589394.0, 95.73,2026-06-12
LOWVOLIETF, EQ, 12-Jun-2026,21.17,21.57,21.57,21.25,21.34,21.45,21.39,1258282,269.09,1084,605871.0, 48.15,2026-06-12
LOYALTEX, BE, 12-Jun-2026,204.0,204.0,204.0,204.0,204.0,204.0,204.0,10,0.02,2,, -,2026-06-12
LPDC, EQ, 12-Jun-2026,6.42,6.55,6.74,6.41,6.66,6.61,6.52,10299,0.67,100,6540.0, 63.50,2026-06-12
LRRPL, SM, 12-Jun-2026,86.0,84.0,87.75,84.0,87.75,87.75,85.99,13500,11.61,9,13500.0, 100.00,2026-06-12
LT, EQ, 12-Jun-2026,3862.0,3930.0,4059.8,3921.0,4050.0,4049.3,3993.73,3065790,122439.38,174646,1466169.0, 47.82,2026-06-12
LTF, EQ, 12-Jun-2026,256.9,263.0,277.0,262.95,275.75,275.95,270.37,7369154,19923.71,64836,2510725.0, 34.07,2026-06-12
LTFOODS, EQ, 12-Jun-2026,374.15,375.5,382.5,371.0,382.0,380.9,378.08,584802,2211.05,30738,241967.0, 41.38,2026-06-12
LTGILTBEES, EQ, 12-Jun-2026,29.42,29.64,29.64,29.46,29.54,29.55,29.54,1027445,303.55,582,786919.0, 76.59,2026-06-12
LTGILTCASE, EQ, 12-Jun-2026,29.99,30.3,30.3,30.02,30.05,30.07,30.07,76732,23.07,155,53754.0, 70.05,2026-06-12
LTM, EQ, 12-Jun-2026,3824.9,3855.0,3888.0,3803.7,3850.7,3844.7,3835.97,361579,13870.05,35688,165687.0, 45.82,2026-06-12
LTTS, EQ, 12-Jun-2026,3291.1,3318.0,3365.0,3287.6,3350.0,3351.1,3329.86,57940,1929.32,11011,19409.0, 33.50,2026-06-12
LUMAXIND, EQ, 12-Jun-2026,5121.0,5122.0,5337.5,5122.0,5280.0,5311.5,5265.92,9824,517.32,2502,4713.0, 47.97,2026-06-12
LUMAXTECH, EQ, 12-Jun-2026,1603.5,1636.0,1679.0,1614.2,1632.5,1634.0,1639.4,113803,1865.69,13632,41411.0, 36.39,2026-06-12
LUPIN, EQ, 12-Jun-2026,2273.3,2282.0,2297.1,2269.5,2290.1,2293.3,2284.83,613853,14025.53,26707,353361.0, 57.56,2026-06-12
LUXIND, EQ, 12-Jun-2026,1259.4,1279.0,1298.0,1256.1,1271.2,1266.5,1270.16,75155,954.59,3189,32459.0, 43.19,2026-06-12
LXCHEM, EQ, 12-Jun-2026,147.78,150.05,154.33,150.05,153.98,153.88,152.64,462014,705.2,5399,206410.0, 44.68,2026-06-12
LYKALABS, EQ, 12-Jun-2026,69.0,68.3,71.49,68.3,70.0,69.6,70.15,30718,21.55,468,20135.0, 65.55,2026-06-12
LYPSAGEMS, EQ, 12-Jun-2026,4.86,4.94,4.95,4.88,4.89,4.89,4.92,11143,0.55,67,9939.0, 89.20,2026-06-12
M&M, EQ, 12-Jun-2026,3000.9,3025.1,3050.0,2982.6,3039.9,3042.9,3018.39,3557496,107379.22,145313,2232053.0, 62.74,2026-06-12
M&MFIN, EQ, 12-Jun-2026,275.7,280.0,291.9,278.35,291.25,291.05,285.6,2253867,6437.05,30468,1217655.0, 54.03,2026-06-12
MAANALU, EQ, 12-Jun-2026,121.27,121.1,125.0,121.1,124.89,124.23,123.35,73688,90.89,1261,38682.0, 52.49,2026-06-12
MACPOWER, EQ, 12-Jun-2026,963.15,988.25,1003.6,963.15,990.9,995.15,977.85,12579,123.0,1529,7119.0, 56.59,2026-06-12
MADHAV, EQ, 12-Jun-2026,37.37,37.37,38.0,36.36,37.9,37.78,37.65,1140,0.43,78,612.0, 53.68,2026-06-12
MADHAVBAUG, SM, 12-Jun-2026,183.9,182.0,182.0,180.0,180.0,180.0,181.3,9200,16.68,6,9200.0, 100.00,2026-06-12
MADHAVIPL, EQ, 12-Jun-2026,8.69,8.69,8.97,8.5,8.56,8.65,8.65,140177,12.13,676,103632.0, 73.93,2026-06-12
MADHUCON, EQ, 12-Jun-2026,5.43,5.45,5.65,5.38,5.59,5.51,5.54,9959,0.55,36,9645.0, 96.85,2026-06-12
MADHUSUDAN, SM, 12-Jun-2026,149.9,149.0,149.0,145.0,145.0,145.05,146.81,7000,10.28,7,6000.0, 85.71,2026-06-12
MADRASFERT, EQ, 12-Jun-2026,66.87,67.51,68.78,67.47,68.2,68.37,68.24,70810,48.32,1060,37394.0, 52.81,2026-06-12
MAFANG, EQ, 12-Jun-2026,191.72,185.96,185.96,185.96,185.96,185.96,185.96,129669,241.13,607,129669.0, 100.00,2026-06-12
MAFATIND, EQ, 12-Jun-2026,125.5,126.92,128.77,125.7,126.0,125.99,126.15,31151,39.3,578,25996.0, 83.45,2026-06-12
MAGADSUGAR, EQ, 12-Jun-2026,450.95,459.75,461.45,441.9,449.75,449.0,447.88,8503,38.08,516,6116.0, 71.93,2026-06-12
MAGNUM, EQ, 12-Jun-2026,19.55,21.0,21.0,19.51,19.8,19.75,19.71,5183,1.02,50,4126.0, 79.61,2026-06-12
MAGSON, ST, 12-Jun-2026,164.9,160.1,160.1,160.1,160.1,160.1,160.1,1000,1.6,1,1000.0, 100.00,2026-06-12
MAHABANK, EQ, 12-Jun-2026,83.08,84.4,87.62,83.67,87.24,87.3,86.01,36284743,31208.96,102027,13436825.0, 37.03,2026-06-12
MAHAPEXLTD, EQ, 12-Jun-2026,47.66,47.16,49.5,46.7,48.5,48.46,47.76,11070,5.29,183,7702.0, 69.58,2026-06-12
MAHASTEEL, BE, 12-Jun-2026,871.25,869.95,879.9,841.2,855.0,858.75,857.69,1109,9.51,95,, -,2026-06-12
MAHEPC, EQ, 12-Jun-2026,105.91,108.34,109.9,104.81,109.9,109.56,106.58,72455,77.23,1313,44376.0, 61.25,2026-06-12
MAHESHWARI, BE, 12-Jun-2026,70.28,68.2,72.0,68.0,69.95,69.51,69.97,19481,13.63,102,, -,2026-06-12
MAHICKRA, ST, 12-Jun-2026,238.0,238.0,247.95,237.0,242.05,242.05,239.0,10500,25.1,7,9750.0, 92.86,2026-06-12
MAHKTECH, EQ, 12-Jun-2026,23.34,23.11,23.11,23.11,23.11,23.11,23.11,112577,26.02,262,112577.0, 100.00,2026-06-12
MAHLIFE, EQ, 12-Jun-2026,318.95,323.0,329.45,321.15,328.25,328.45,325.88,48106,156.77,2654,23935.0, 49.75,2026-06-12
MAHLOG, EQ, 12-Jun-2026,332.1,337.0,342.4,333.55,338.0,337.7,336.37,140488,472.56,3470,81458.0, 57.98,2026-06-12
MAHSCOOTER, EQ, 12-Jun-2026,12047.0,12200.0,12400.0,12138.0,12221.0,12335.0,12257.76,12129,1486.74,1751,9371.0, 77.26,2026-06-12
MAHSEAMLES, EQ, 12-Jun-2026,594.65,588.0,620.0,588.0,618.0,617.1,609.26,80492,490.41,4695,37127.0, 46.13,2026-06-12
MAITHANALL, EQ, 12-Jun-2026,949.8,961.0,1022.0,961.0,1020.5,1014.5,1002.48,123948,1242.56,8465,50681.0, 40.89,2026-06-12
MAITREYA, SM, 12-Jun-2026,154.0,148.0,161.55,142.95,151.0,156.9,152.84,21600,33.01,51,8800.0, 40.74,2026-06-12
MAJESAUT, EQ, 12-Jun-2026,334.0,344.8,344.8,334.15,338.0,335.6,335.83,768,2.58,43,699.0, 91.02,2026-06-12
MAKEINDIA, EQ, 12-Jun-2026,156.46,160.37,160.37,157.05,159.2,159.12,158.37,29240,46.31,425,20281.0, 69.36,2026-06-12
MAKS, SM, 12-Jun-2026,26.0,24.7,26.4,24.7,26.4,26.4,25.55,3000,0.77,2,3000.0, 100.00,2026-06-12
MALLCOM, EQ, 12-Jun-2026,960.9,959.55,1029.0,959.55,1013.0,1022.05,1001.76,4482,44.9,490,3451.0, 77.00,2026-06-12
MALUPAPER, EQ, 12-Jun-2026,30.95,31.7,33.1,31.7,31.78,32.12,32.32,8158,2.64,124,4531.0, 55.54,2026-06-12
MAMATA, EQ, 12-Jun-2026,346.0,349.5,362.85,349.5,361.0,361.05,357.46,43666,156.09,1952,18326.0, 41.97,2026-06-12
MANAKALUCO, EQ, 12-Jun-2026,38.6,39.4,40.95,39.16,39.42,39.59,39.74,123818,49.2,1444,49745.0, 40.18,2026-06-12
MANAKCOAT, EQ, 12-Jun-2026,103.61,105.53,109.1,103.75,108.53,107.87,107.47,301798,324.34,2949,230077.0, 76.24,2026-06-12
MANAKSIA, EQ, 12-Jun-2026,56.93,57.04,58.9,57.04,57.22,57.34,57.58,6846,3.94,104,4450.0, 65.00,2026-06-12
MANAKSTEEL, BE, 12-Jun-2026,66.15,66.56,68.49,65.0,65.0,66.15,66.51,15604,10.38,79,, -,2026-06-12
MANALIPETC, EQ, 12-Jun-2026,59.22,59.75,68.6,59.75,65.2,65.2,65.79,9295357,6115.56,45628,1124419.0, 12.10,2026-06-12
MANAPPURAM, EQ, 12-Jun-2026,292.05,299.25,305.9,297.2,305.0,305.2,301.55,2267599,6837.94,26760,623026.0, 27.48,2026-06-12
MANBA, EQ, 12-Jun-2026,119.33,121.0,126.0,121.0,125.0,124.75,123.34,280274,345.68,1341,205297.0, 73.25,2026-06-12
MANCREDIT, EQ, 12-Jun-2026,214.85,219.9,223.77,217.45,221.1,222.07,221.93,542033,1202.93,3038,120533.0, 22.24,2026-06-12
MANDEEP, SM, 12-Jun-2026,17.95,18.8,18.8,18.8,18.8,18.8,18.8,4000,0.75,2,4000.0, 100.00,2026-06-12
MANGALAM, EQ, 12-Jun-2026,27.91,28.79,29.0,27.76,28.99,28.18,28.02,19296,5.41,161,15171.0, 78.62,2026-06-12
MANGLMCEM, EQ, 12-Jun-2026,834.45,839.5,850.0,833.0,849.9,843.4,841.05,34896,293.49,2901,19854.0, 56.89,2026-06-12
MANILAM, SM, 12-Jun-2026,61.0,60.0,60.0,60.0,60.0,60.0,60.0,12000,7.2,6,12000.0, 100.00,2026-06-12
MANINDS, EQ, 12-Jun-2026,509.05,515.95,547.45,515.95,546.0,545.95,534.57,605722,3237.98,11288,355749.0, 58.73,2026-06-12
MANINFRA, EQ, 12-Jun-2026,110.18,111.7,112.81,110.01,111.0,110.98,111.0,1699848,1886.76,7697,676102.0, 39.77,2026-06-12
MANKIND, EQ, 12-Jun-2026,2372.7,2419.0,2419.0,2368.1,2379.4,2381.1,2393.66,286099,6848.23,16548,159114.0, 55.62,2026-06-12
MANOMAY, EQ, 12-Jun-2026,192.38,189.17,195.0,188.82,190.3,193.36,192.09,6701,12.87,317,3712.0, 55.39,2026-06-12
MANORAMA, EQ, 12-Jun-2026,1534.2,1551.1,1585.6,1547.5,1565.0,1564.4,1565.16,135943,2127.73,11227,63598.0, 46.78,2026-06-12
MANORG, BE, 12-Jun-2026,448.1,452.95,470.5,450.0,470.5,470.5,466.38,5401,25.19,121,, -,2026-06-12
MANUFGBEES, EQ, 12-Jun-2026,154.75,156.1,157.9,154.98,156.7,157.14,155.69,2793,4.35,73,2044.0, 73.18,2026-06-12
MANUGRAPH, BE, 12-Jun-2026,16.23,16.9,16.9,15.42,16.04,15.42,15.62,28602,4.47,174,, -,2026-06-12
MANYAVAR, EQ, 12-Jun-2026,396.55,402.45,409.0,398.4,408.0,407.4,404.54,95606,386.77,7573,47311.0, 49.49,2026-06-12
MAPMYINDIA, EQ, 12-Jun-2026,842.65,855.0,863.2,836.05,843.6,842.2,843.1,286027,2411.49,12013,183626.0, 64.20,2026-06-12
MARALOVER, BE, 12-Jun-2026,54.85,57.5,57.5,55.25,56.0,56.0,55.96,2661,1.49,26,, -,2026-06-12
MARATHON, EQ, 12-Jun-2026,388.3,395.3,408.9,388.65,403.3,402.85,400.33,54989,220.14,2189,37360.0, 67.94,2026-06-12
MARC, ST, 12-Jun-2026,75.0,74.0,74.0,73.0,73.0,73.5,73.74,4800,3.54,4,4800.0, 100.00,2026-06-12
MARCO, SM, 12-Jun-2026,31.5,31.5,31.6,29.7,31.5,31.5,31.16,7500,2.34,4,7500.0, 100.00,2026-06-12
MARICO, EQ, 12-Jun-2026,810.8,815.15,821.85,808.5,817.0,819.05,816.06,1184514,9666.37,41580,711391.0, 60.06,2026-06-12
MARINE, EQ, 12-Jun-2026,232.8,234.9,245.65,234.9,244.3,244.05,241.63,384447,928.93,7346,160566.0, 41.77,2026-06-12
MARINETRAN, SM, 12-Jun-2026,16.0,15.2,15.2,15.2,15.2,15.2,15.2,4000,0.61,1,4000.0, 100.00,2026-06-12
MARKOLINES, EQ, 12-Jun-2026,164.52,165.01,169.7,164.63,166.99,166.24,166.92,676005,1128.38,3466,81537.0, 12.06,2026-06-12
MARKSANS, EQ, 12-Jun-2026,249.83,253.0,260.0,248.21,251.7,252.37,253.58,2543587,6450.0,41368,875809.0, 34.43,2026-06-12
MARSONS, EQ, 12-Jun-2026,111.09,113.5,123.89,113.5,117.49,117.46,118.8,6018544,7149.77,44330,775849.0, 12.89,2026-06-12
MARUSHIKA, SM, 12-Jun-2026,83.0,82.35,82.35,82.05,82.05,82.05,82.18,7200,5.92,5,6000.0, 83.33,2026-06-12
MARUTI, EQ, 12-Jun-2026,13098.0,13232.0,13418.0,13130.0,13350.0,13366.0,13308.23,559038,74398.07,61179,278747.0, 49.86,2026-06-12
MASFIN, EQ, 12-Jun-2026,291.2,293.1,302.7,290.4,295.65,300.4,295.82,133679,395.45,6023,75009.0, 56.11,2026-06-12
MASKINVEST, BE, 12-Jun-2026,148.0,148.0,148.0,145.1,145.1,145.1,145.36,11,0.02,2,, -,2026-06-12
MASON, SM, 12-Jun-2026,115.1,114.05,138.1,113.65,138.1,138.1,129.74,44000,57.09,71,38500.0, 87.50,2026-06-12
MASPTOP50, EQ, 12-Jun-2026,79.21,77.61,77.61,77.61,77.61,77.61,77.61,44406,34.46,242,44406.0, 100.00,2026-06-12
MASTEK, EQ, 12-Jun-2026,1574.5,1591.0,1608.0,1560.9,1583.9,1577.4,1579.46,28401,448.58,4139,12522.0, 44.09,2026-06-12
MASTER, SM, 12-Jun-2026,349.0,352.5,352.5,348.0,349.0,348.5,349.83,1500,5.25,3,1000.0, 66.67,2026-06-12
MASTERTR, EQ, 12-Jun-2026,75.18,76.51,79.67,74.6,78.1,78.23,77.02,2349378,1809.38,14846,338394.0, 14.40,2026-06-12
MATRIMONY, EQ, 12-Jun-2026,387.1,394.95,400.55,388.1,390.0,390.0,390.7,50657,197.92,976,42360.0, 83.62,2026-06-12
MAWANASUG, BE, 12-Jun-2026,101.1,103.9,104.78,101.05,104.0,104.23,103.55,63896,66.17,304,, -,2026-06-12
MAXESTATES, EQ, 12-Jun-2026,429.3,430.05,439.05,425.05,430.2,431.75,431.98,30702,132.63,1283,14970.0, 48.76,2026-06-12
MAXHEALTH, EQ, 12-Jun-2026,1009.6,1018.0,1018.0,1008.3,1014.5,1012.45,1013.22,760456,7705.07,28033,417932.0, 54.96,2026-06-12
MAXIND, EQ, 12-Jun-2026,154.37,156.9,160.49,156.8,159.15,158.44,158.99,21189,33.69,865,13504.0, 63.73,2026-06-12
MAXPOSURE, SM, 12-Jun-2026,31.8,31.8,32.45,31.6,31.7,31.7,31.93,18000,5.75,15,11000.0, 61.11,2026-06-12
MAXVOLT, ST, 12-Jun-2026,381.0,399.0,399.0,380.0,398.0,398.0,392.9,11600,45.58,28,9600.0, 82.76,2026-06-12
MAYASHEEL, SM, 12-Jun-2026,50.35,49.95,49.95,49.95,49.95,49.95,49.95,3000,1.5,1,3000.0, 100.00,2026-06-12
MAYURUNIQ, EQ, 12-Jun-2026,793.1,807.4,810.05,788.0,795.0,793.2,796.72,150911,1202.33,9348,60436.0, 40.05,2026-06-12
MAZDA, EQ, 12-Jun-2026,223.24,225.36,235.0,225.25,232.73,232.28,229.52,7890,18.11,308,5956.0, 75.49,2026-06-12
MAZDOCK, EQ, 12-Jun-2026,2347.5,2380.0,2418.0,2366.0,2412.0,2410.1,2391.25,555965,13294.53,23237,126990.0, 22.84,2026-06-12
MBAPL, EQ, 12-Jun-2026,559.5,565.0,573.0,558.0,558.05,563.3,565.46,224398,1268.89,4325,124350.0, 55.41,2026-06-12
MBEL, EQ, 12-Jun-2026,283.3,284.95,291.65,280.6,286.6,287.05,286.09,134078,383.58,5298,50784.0, 37.88,2026-06-12
MBLINFRA, BE, 12-Jun-2026,26.64,26.64,27.29,25.56,26.97,26.55,26.41,18453,4.87,135,, -,2026-06-12
MCCHRLS-B, EQ, 12-Jun-2026,697.95,718.0,718.0,670.0,688.0,680.15,681.73,63,0.43,11,63.0, 100.00,2026-06-12
MCL, EQ, 12-Jun-2026,54.74,55.8,59.7,55.8,58.35,58.72,58.34,66809,38.98,870,48791.0, 73.03,2026-06-12
MCLEODRUSS, BE, 12-Jun-2026,65.42,64.12,64.12,64.12,64.12,64.12,64.12,198727,127.42,187,, -,2026-06-12
MCLOUD, EQ, 12-Jun-2026,22.39,22.89,22.99,21.85,22.1,22.22,22.18,4459260,989.06,8703,2231443.0, 50.04,2026-06-12
MCON, SM, 12-Jun-2026,48.9,46.5,49.9,46.5,49.9,49.9,48.18,5000,2.41,5,4000.0, 80.00,2026-06-12
MCX, EQ, 12-Jun-2026,2778.8,2822.0,2858.0,2781.2,2855.0,2853.0,2822.53,1876623,52968.27,81850,774556.0, 41.27,2026-06-12
MDL, ST, 12-Jun-2026,72.2,70.0,70.0,68.6,69.5,69.5,69.46,16000,11.11,11,15000.0, 93.75,2026-06-12
MEDANTA, EQ, 12-Jun-2026,1229.1,1241.0,1244.7,1216.1,1238.0,1235.1,1231.05,247598,3048.07,24478,139376.0, 56.29,2026-06-12
MEDIASSIST, EQ, 12-Jun-2026,346.9,353.95,386.95,350.9,368.15,373.0,369.99,572612,2118.6,15058,219132.0, 38.27,2026-06-12
MEDICAMEQ, EQ, 12-Jun-2026,223.9,224.35,231.05,224.35,229.0,229.55,228.51,10440,23.86,455,6910.0, 66.19,2026-06-12
MEDICO, EQ, 12-Jun-2026,41.47,42.38,43.0,41.08,42.5,42.77,42.45,219472,93.17,1268,168124.0, 76.60,2026-06-12
MEDIORG, SM, 12-Jun-2026,19.85,19.1,19.45,19.1,19.4,19.4,19.33,8000,1.55,4,4000.0, 50.00,2026-06-12
MEDISTEP, SM, 12-Jun-2026,18.05,18.05,18.1,18.0,18.0,18.0,18.05,12000,2.17,4,12000.0, 100.00,2026-06-12
MEDPLUS, EQ, 12-Jun-2026,875.85,887.0,889.0,863.0,882.5,881.95,881.81,837645,7386.45,19376,686766.0, 81.99,2026-06-12
MEESHO, EQ, 12-Jun-2026,168.34,170.14,170.39,165.52,167.0,166.92,167.22,11699294,19563.89,80312,4795617.0, 40.99,2026-06-12
MEGASTAR, EQ, 12-Jun-2026,306.45,314.1,328.5,300.15,321.1,321.75,314.15,62821,197.35,1458,22171.0, 35.29,2026-06-12
MEGATHERM, SM, 12-Jun-2026,190.4,191.05,199.0,190.1,193.0,192.5,194.16,50800,98.63,95,42000.0, 82.68,2026-06-12
MEIL, BE, 12-Jun-2026,301.6,303.5,315.0,303.5,310.0,312.2,312.19,25455,79.47,404,, -,2026-06-12
MENNPIS, EQ, 12-Jun-2026,55.61,56.05,57.12,55.75,56.07,56.27,56.56,15309,8.66,185,11004.0, 71.88,2026-06-12
MENONBE, EQ, 12-Jun-2026,166.26,167.8,171.37,165.31,167.5,167.15,168.5,296192,499.09,6717,101986.0, 34.43,2026-06-12
MEP, BZ, 12-Jun-2026,0.83,0.83,0.83,0.82,0.83,0.82,0.82,305351,2.51,112,, -,2026-06-12
MERCANTILE, EQ, 12-Jun-2026,23.73,24.6,25.97,23.2,25.46,25.77,23.62,1560,0.37,31,1398.0, 89.62,2026-06-12
MERCURYEV, BE, 12-Jun-2026,31.39,30.77,30.77,30.77,30.77,30.77,30.77,16398,5.05,160,, -,2026-06-12
METAL, EQ, 12-Jun-2026,12.8,12.8,13.12,12.8,12.94,12.93,12.92,2293567,296.26,11682,1218772.0, 53.14,2026-06-12
METALIETF, EQ, 12-Jun-2026,12.78,13.09,13.09,12.84,12.97,12.95,12.93,6326343,818.13,9136,3185391.0, 50.35,2026-06-12
METROBRAND, EQ, 12-Jun-2026,977.4,981.9,1004.9,981.9,1001.0,1000.5,994.94,24968,248.42,2280,18282.0, 73.22,2026-06-12
METROGLOBL, EQ, 12-Jun-2026,126.88,127.98,135.99,125.0,134.97,130.45,128.4,2323,2.98,37,1866.0, 80.33,2026-06-12
METROPOLIS, EQ, 12-Jun-2026,520.15,524.95,533.3,520.1,533.0,530.7,525.68,66268,348.35,8580,33514.0, 50.57,2026-06-12
MFML, EQ, 12-Jun-2026,23.2,23.2,23.99,22.21,23.1,23.1,23.42,1057,0.25,48,754.0, 71.33,2026-06-12
MFSL, EQ, 12-Jun-2026,1562.1,1573.9,1592.5,1548.1,1572.0,1579.0,1574.44,529818,8341.69,32683,327134.0, 61.74,2026-06-12
MGEL, BE, 12-Jun-2026,16.02,16.0,16.52,15.97,16.12,16.44,16.33,260228,42.5,391,, -,2026-06-12
MGL, EQ, 12-Jun-2026,1061.0,1076.4,1104.5,1066.1,1097.5,1094.9,1090.03,269195,2934.3,24278,146034.0, 54.25,2026-06-12
MGSL, SM, 12-Jun-2026,64.5,67.0,67.7,60.0,60.4,60.75,61.75,63600,39.27,52,48000.0, 75.47,2026-06-12
MHLXMIRU, EQ, 12-Jun-2026,176.35,180.1,182.5,175.01,179.9,179.3,177.45,2914,5.17,59,2442.0, 83.80,2026-06-12
MHRIL, EQ, 12-Jun-2026,230.69,232.6,237.9,224.5,234.83,235.47,230.12,245194,564.24,11336,105682.0, 43.10,2026-06-12
MICEL, EQ, 12-Jun-2026,41.53,42.3,43.4,41.65,42.5,42.17,42.16,1159599,488.84,3326,755375.0, 65.14,2026-06-12
MICROPRO, SM, 12-Jun-2026,19.45,18.3,18.3,18.3,18.3,18.3,18.3,1600,0.29,1,1600.0, 100.00,2026-06-12
MID150, EQ, 12-Jun-2026,22.09,22.29,22.66,22.24,22.32,22.57,22.41,32709,7.33,147,23191.0, 70.90,2026-06-12
MID150BEES, EQ, 12-Jun-2026,224.73,220.68,231.0,220.68,230.15,230.28,228.75,747593,1710.13,6567,545831.0, 73.01,2026-06-12
MID150CASE, EQ, 12-Jun-2026,10.92,11.19,11.2,10.98,11.17,11.15,11.09,1148537,127.35,3166,541416.0, 47.14,2026-06-12
MIDCAP, EQ, 12-Jun-2026,17.22,17.4,18.25,17.34,17.6,17.76,17.54,709723,124.51,670,446540.0, 62.92,2026-06-12
MIDCAPADD, EQ, 12-Jun-2026,21.79,21.79,22.29,21.79,22.22,22.22,22.07,13063,2.88,44,8959.0, 68.58,2026-06-12
MIDCAPBETA, EQ, 12-Jun-2026,219.6,219.52,224.27,219.52,224.26,224.13,223.27,1480,3.3,30,1477.0, 99.80,2026-06-12
MIDCAPETF, EQ, 12-Jun-2026,22.22,22.43,22.79,22.4,22.75,22.75,22.59,1859281,420.03,15928,1331249.0, 71.60,2026-06-12
MIDCAPIETF, EQ, 12-Jun-2026,22.48,22.61,23.1,22.61,23.06,23.02,22.89,1121877,256.79,2058,747100.0, 66.59,2026-06-12
MIDHANI, EQ, 12-Jun-2026,422.05,425.7,441.9,425.7,435.0,435.1,435.72,1992926,8683.65,45671,892779.0, 44.80,2026-06-12
MIDQ50ADD, EQ, 12-Jun-2026,238.9,241.69,243.56,240.3,242.78,242.86,242.9,13003,31.58,97,10881.0, 83.68,2026-06-12
MIDSELIETF, EQ, 12-Jun-2026,17.82,18.22,18.5,18.0,18.35,18.32,18.21,302542,55.09,645,197734.0, 65.36,2026-06-12
MIDSMALL, EQ, 12-Jun-2026,48.99,49.63,50.31,49.39,50.16,50.25,49.85,422549,210.65,847,294330.0, 69.66,2026-06-12
MIDWESTLTD, EQ, 12-Jun-2026,1211.7,1226.1,1260.0,1217.1,1246.9,1246.6,1239.28,13498,167.28,1515,7501.0, 55.57,2026-06-12
MIEL, SM, 12-Jun-2026,14.1,13.4,14.1,13.4,13.45,13.45,13.47,38000,5.12,16,28000.0, 73.68,2026-06-12
MINDACORP, EQ, 12-Jun-2026,632.9,645.0,648.6,632.0,637.0,637.2,637.56,271280,1729.57,15637,110783.0, 40.84,2026-06-12
MINDSPACE, RR, 12-Jun-2026,460.04,460.0,462.33,459.3,460.41,460.38,460.4,228184,1050.56,8095,206956.0, 90.70,2026-06-12
MINDTECK, EQ, 12-Jun-2026,200.83,206.93,211.05,203.01,207.21,207.74,206.71,74908,154.84,1830,19617.0, 26.19,2026-06-12
MIRCELECTR, BE, 12-Jun-2026,35.75,35.75,37.53,35.6,37.53,37.53,36.92,298178,110.08,621,, -,2026-06-12
MIRZAINT, EQ, 12-Jun-2026,28.8,28.8,30.0,28.8,29.75,29.69,29.39,78072,22.95,574,49500.0, 63.40,2026-06-12
MITCON, BE, 12-Jun-2026,80.43,80.43,83.9,79.1,79.1,79.15,79.19,997,0.79,17,, -,2026-06-12
MITTAL, EQ, 12-Jun-2026,1.01,1.04,1.04,1.0,1.01,1.01,1.02,668412,6.84,1364,456023.0, 68.22,2026-06-12
MKPL, EQ, 12-Jun-2026,4.67,4.77,4.77,4.65,4.76,4.73,4.71,78569,3.7,302,69243.0, 88.13,2026-06-12
MMEL, ST, 12-Jun-2026,35.05,33.35,33.35,33.3,33.3,33.3,33.33,28000,9.33,8,24000.0, 85.71,2026-06-12
MMFL, EQ, 12-Jun-2026,445.5,452.2,452.2,441.0,449.5,448.0,446.27,27629,123.3,2973,13136.0, 47.54,2026-06-12
MMP, EQ, 12-Jun-2026,251.75,259.9,262.0,250.3,262.0,259.9,258.18,20266,52.32,852,10089.0, 49.78,2026-06-12
MMTC, EQ, 12-Jun-2026,63.07,63.89,71.35,63.75,68.11,68.06,69.05,86049979,59417.49,202523,5224132.0, 6.07,2026-06-12
MMWL, BE, 12-Jun-2026,12.75,12.75,13.35,12.51,12.9,12.95,13.04,3730,0.49,48,, -,2026-06-12
MNC, EQ, 12-Jun-2026,31.91,31.91,32.6,31.86,32.04,32.37,32.38,37660,12.19,313,24977.0, 66.32,2026-06-12
MOALPHA50, EQ, 12-Jun-2026,50.64,50.64,52.24,50.64,52.24,52.11,51.52,7684,3.96,37,3711.0, 48.30,2026-06-12
MOBANK10, EQ, 12-Jun-2026,16.36,16.58,16.83,16.53,16.8,16.8,16.59,5061,0.84,37,3746.0, 74.02,2026-06-12
MOBIKWIK, EQ, 12-Jun-2026,189.14,190.51,195.34,190.51,194.15,194.12,193.49,737215,1426.47,7675,232494.0, 31.54,2026-06-12
MOBILISE, ST, 12-Jun-2026,97.5,92.65,92.65,92.65,92.65,92.65,92.65,12800,11.86,7,12800.0, 100.00,2026-06-12
MOCAPITAL, EQ, 12-Jun-2026,51.83,52.82,53.9,52.36,53.9,53.75,53.21,1094392,582.34,3040,769597.0, 70.32,2026-06-12
MODEFENCE, EQ, 12-Jun-2026,96.77,98.49,98.98,97.21,98.94,98.84,98.48,1638748,1613.86,6718,783664.0, 47.82,2026-06-12
MODINATUR, BE, 12-Jun-2026,419.1,427.5,437.75,415.1,429.95,429.95,424.24,1342,5.69,50,, -,2026-06-12
MODIRUBBER, EQ, 12-Jun-2026,123.89,127.8,127.8,123.0,125.92,125.44,125.28,878,1.1,35,674.0, 76.77,2026-06-12
MODIS, EQ, 12-Jun-2026,345.75,347.05,350.0,344.7,348.0,347.95,347.59,9101,31.63,225,4812.0, 52.87,2026-06-12
MODISONLTD, BE, 12-Jun-2026,320.95,308.5,314.0,304.95,304.95,304.95,306.35,197575,605.26,1500,, -,2026-06-12
MOENERGY, EQ, 12-Jun-2026,38.69,39.19,39.95,38.78,39.85,39.37,39.19,147585,57.84,869,86678.0, 58.73,2026-06-12
MOGOLD, EQ, 12-Jun-2026,143.5,145.8,146.65,144.95,146.45,146.45,146.35,248375,363.5,492,236108.0, 95.06,2026-06-12
MOGSEC, EQ, 12-Jun-2026,64.06,64.43,64.55,64.16,64.16,64.16,64.44,687,0.44,37,687.0, 100.00,2026-06-12
MOHEALTH, EQ, 12-Jun-2026,47.78,48.2,48.2,47.7,47.7,47.89,47.9,40289,19.3,492,35237.0, 87.46,2026-06-12
MOHITIND, EQ, 12-Jun-2026,22.3,22.0,22.77,21.57,22.45,22.48,22.45,1019,0.23,30,649.0, 63.69,2026-06-12
MOIL, EQ, 12-Jun-2026,282.65,285.4,293.3,285.0,292.5,291.9,289.11,434702,1256.78,11075,146759.0, 33.76,2026-06-12
MOINFRA, EQ, 12-Jun-2026,60.18,60.78,62.19,60.51,61.64,61.4,61.12,1902,1.16,35,1448.0, 76.13,2026-06-12
MOIPO, EQ, 12-Jun-2026,42.06,42.75,43.21,42.64,43.21,43.21,43.03,1532,0.66,15,1137.0, 74.22,2026-06-12
MOKSH, EQ, 12-Jun-2026,12.14,12.45,12.45,11.87,12.14,12.02,12.16,72435,8.81,256,51038.0, 70.46,2026-06-12
MOL, EQ, 12-Jun-2026,46.11,47.0,48.2,46.66,48.2,47.87,47.3,412783,195.26,2994,195367.0, 47.33,2026-06-12
MOLDTECH, EQ, 12-Jun-2026,123.94,124.0,129.4,124.0,126.1,126.76,127.01,89231,113.33,1433,61107.0, 68.48,2026-06-12
MOLDTKPAC, EQ, 12-Jun-2026,672.1,673.15,682.5,660.05,667.0,676.1,673.19,84248,567.15,3962,45094.0, 53.53,2026-06-12
MOLOWVOL, EQ, 12-Jun-2026,35.58,35.6,36.08,35.58,36.06,36.01,35.71,53886,19.24,40,51021.0, 94.68,2026-06-12
MOM100, EQ, 12-Jun-2026,64.01,64.46,65.73,64.45,65.65,65.49,64.98,762810,495.7,2240,530907.0, 69.60,2026-06-12
MOM30IETF, EQ, 12-Jun-2026,30.03,30.25,31.04,30.25,31.0,30.97,30.75,516700,158.88,3072,297460.0, 57.57,2026-06-12
MOM50, EQ, 12-Jun-2026,244.83,249.0,249.0,241.22,243.05,246.06,244.45,166935,408.08,333,157318.0, 94.24,2026-06-12
MOMENTUM, EQ, 12-Jun-2026,29.85,29.5,30.8,29.5,30.76,30.74,30.52,48001,14.65,204,26703.0, 55.63,2026-06-12
MOMENTUM30, EQ, 12-Jun-2026,29.58,30.06,30.98,29.74,30.34,30.4,29.97,15519,4.65,55,13773.0, 88.75,2026-06-12
MOMENTUM50, EQ, 12-Jun-2026,50.84,51.15,52.4,51.14,52.36,52.35,51.82,335805,174.02,1328,211759.0, 63.06,2026-06-12
MOMGF, EQ, 12-Jun-2026,154.0,155.54,156.71,154.69,156.71,155.94,155.9,6330,9.87,37,6144.0, 97.06,2026-06-12
MOMIDMTM, EQ, 12-Jun-2026,61.48,62.97,64.52,61.54,64.2,63.62,63.4,162569,103.07,363,119626.0, 73.58,2026-06-12
MOMNC, EQ, 12-Jun-2026,31.02,31.39,31.63,31.39,31.63,31.63,31.48,2367,0.75,10,1357.0, 57.33,2026-06-12
MOMOMENTUM, EQ, 12-Jun-2026,59.69,59.3,61.79,59.3,60.87,61.53,60.91,53439,32.55,355,28104.0, 52.59,2026-06-12
MON100, EQ, 12-Jun-2026,321.64,318.03,318.03,318.03,318.03,318.03,318.03,575233,1829.41,1715,575233.0, 100.00,2026-06-12
MON50EQUAL, EQ, 12-Jun-2026,31.94,32.09,32.33,32.09,32.25,32.25,32.18,394,0.13,21,234.0, 59.39,2026-06-12
MONARCH, EQ, 12-Jun-2026,330.05,332.0,346.0,331.95,339.4,339.95,340.72,237137,807.98,3283,152127.0, 64.15,2026-06-12
MONEXT50, EQ, 12-Jun-2026,68.21,68.88,69.95,68.87,69.95,69.89,69.44,1549,1.08,38,1361.0, 87.86,2026-06-12
MONEYBOXX, EQ, 12-Jun-2026,68.92,70.0,70.45,68.41,68.7,69.15,69.92,83916,58.67,631,72413.0, 86.29,2026-06-12
MONIFTY100, EQ, 12-Jun-2026,24.24,24.72,24.76,24.33,24.33,24.66,24.62,12614,3.11,55,6734.0, 53.39,2026-06-12
MONIFTY500, EQ, 12-Jun-2026,22.63,22.92,23.18,22.75,23.18,23.06,22.87,4623240,1057.28,1621,3975880.0, 86.00,2026-06-12
MONOLITH, SM, 12-Jun-2026,683.15,702.7,725.0,666.0,691.0,700.1,699.06,64500,450.89,218,41250.0, 63.95,2026-06-12
MONQ50, EQ, 12-Jun-2026,140.6,137.28,137.28,137.28,137.28,137.28,137.28,42703,58.62,214,42703.0, 100.00,2026-06-12
MONTECARLO, EQ, 12-Jun-2026,520.4,524.0,540.0,523.05,540.0,535.25,529.03,30817,163.03,2083,16131.0, 52.34,2026-06-12
MOPSE, EQ, 12-Jun-2026,99.43,101.42,101.42,99.42,100.35,100.01,99.85,2297,2.29,26,2030.0, 88.38,2026-06-12
MOQUALITY, EQ, 12-Jun-2026,196.34,196.55,197.92,196.2,197.92,197.92,196.91,55,0.11,17,54.0, 98.18,2026-06-12
MORARJEE, BZ, 12-Jun-2026,7.16,7.1,7.51,6.9,7.5,7.5,7.49,5715,0.43,5,, -,2026-06-12
MOREALTY, EQ, 12-Jun-2026,74.08,74.49,77.05,74.49,77.05,76.92,76.2,705243,537.38,2519,324541.0, 46.02,2026-06-12
MOREPENLAB, EQ, 12-Jun-2026,47.29,48.26,51.49,48.21,49.9,50.12,49.8,18207733,9067.12,42088,5272846.0, 28.96,2026-06-12
MOS, SM, 12-Jun-2026,16.45,16.2,16.85,16.2,16.25,16.25,16.28,104000,16.93,16,96000.0, 92.31,2026-06-12
MOSCHIP, EQ, 12-Jun-2026,201.07,205.0,211.16,204.7,209.71,210.05,208.09,2203409,4585.16,22930,854878.0, 38.80,2026-06-12
MOSERVICE, EQ, 12-Jun-2026,29.42,29.81,30.49,29.71,30.49,30.25,29.78,431,0.13,24,327.0, 75.87,2026-06-12
MOSILVER, EQ, 12-Jun-2026,229.0,236.5,237.66,233.65,236.52,237.19,235.82,56011,132.09,989,24941.0, 44.53,2026-06-12
MOSMALL250, EQ, 12-Jun-2026,16.75,17.02,17.24,16.8,17.24,17.18,17.08,4333328,740.08,2717,3679294.0, 84.91,2026-06-12
MOTHERSON, EQ, 12-Jun-2026,140.74,142.52,145.44,141.25,143.05,143.4,143.03,12743045,18225.86,47587,5818976.0, 45.66,2026-06-12
MOTILALOFS, EQ, 12-Jun-2026,831.6,854.7,890.6,854.45,888.9,888.45,875.67,3169428,27753.65,75255,502817.0, 15.86,2026-06-12
MOTISONS, EQ, 12-Jun-2026,13.22,13.65,15.2,13.28,14.75,14.79,14.53,147089014,21371.71,258305,12860382.0, 8.74,2026-06-12
MOTOGENFIN, BE, 12-Jun-2026,29.25,29.9,30.0,28.36,29.26,29.3,29.78,29334,8.73,87,, -,2026-06-12
MOTOUR, EQ, 12-Jun-2026,71.75,72.87,74.1,72.72,74.1,73.97,73.52,18303,13.46,111,18116.0, 98.98,2026-06-12
MOVALUE, EQ, 12-Jun-2026,113.5,114.49,116.5,113.76,116.4,116.22,115.57,115441,133.41,763,74683.0, 64.69,2026-06-12
MPEL, SM, 12-Jun-2026,39.9,40.0,41.7,39.9,41.7,41.7,40.93,17600,7.2,11,14400.0, 81.82,2026-06-12
MPHASIS, EQ, 12-Jun-2026,2277.8,2299.0,2302.3,2255.2,2277.0,2270.4,2273.79,179663,4085.17,15918,65585.0, 36.50,2026-06-12
MPSLTD, EQ, 12-Jun-2026,1766.9,1786.5,1824.3,1780.8,1793.5,1814.9,1803.43,4615,83.23,888,2242.0, 48.58,2026-06-12
MRF, EQ, 12-Jun-2026,122935.0,123590.0,125700.0,123540.0,125470.0,125515.0,124812.28,4679,5839.97,3293,2261.0, 48.32,2026-06-12
MRIL, SM, 12-Jun-2026,45.7,47.95,47.95,47.95,47.95,47.95,47.95,1600,0.77,1,1600.0, 100.00,2026-06-12
MRPL, EQ, 12-Jun-2026,155.7,158.4,162.7,155.72,161.5,161.01,159.37,7838745,12492.35,58239,1900196.0, 24.24,2026-06-12
MSCI360, EQ, 12-Jun-2026,9.65,9.69,9.84,9.69,9.84,9.84,9.72,4621,0.45,12,3092.0, 66.91,2026-06-12
MSCIADD, EQ, 12-Jun-2026,28.19,28.4,28.65,28.36,28.62,28.62,28.55,773,0.22,9,547.0, 70.76,2026-06-12
MSCIINDIA, EQ, 12-Jun-2026,28.45,29.24,29.24,28.61,28.87,29.07,29.07,215457,62.62,84,186362.0, 86.50,2026-06-12
MSPL, EQ, 12-Jun-2026,39.98,40.9,41.97,40.71,41.77,41.47,41.44,6197266,2567.88,9268,3287331.0, 53.04,2026-06-12
MSTCLTD, EQ, 12-Jun-2026,560.75,568.0,574.0,560.0,569.0,568.55,567.75,919737,5221.77,18144,273878.0, 29.78,2026-06-12
MSUMI, EQ, 12-Jun-2026,36.38,36.66,37.54,36.44,36.85,36.84,36.79,27650685,10172.45,55916,18946768.0, 68.52,2026-06-12
MTARTECH, EQ, 12-Jun-2026,6306.0,6666.5,7250.0,6625.0,7147.0,7159.5,7029.72,4307470,302803.06,355475,636115.0, 14.77,2026-06-12
MTEDUCARE, BE, 12-Jun-2026,1.8,1.8,1.89,1.72,1.89,1.88,1.88,36705,0.69,68,, -,2026-06-12
MTNL, EQ, 12-Jun-2026,28.56,28.98,31.92,28.74,30.8,30.84,30.98,7639206,2366.56,25515,1377296.0, 18.03,2026-06-12
MUFIN, EQ, 12-Jun-2026,118.47,119.9,122.8,119.56,121.98,122.46,121.62,1022865,1243.99,4419,263427.0, 25.75,2026-06-12
MUFTI, EQ, 12-Jun-2026,84.32,85.12,89.0,85.12,88.52,88.1,87.67,148590,130.26,2937,73856.0, 49.70,2026-06-12
MUKANDLTD, EQ, 12-Jun-2026,132.04,134.2,135.43,132.0,134.48,134.22,133.02,207888,276.53,2629,131815.0, 63.41,2026-06-12
MUKKA, EQ, 12-Jun-2026,21.05,21.06,23.2,21.06,22.89,22.81,22.71,1016384,230.83,2679,573051.0, 56.38,2026-06-12
MUKTAARTS, EQ, 12-Jun-2026,60.29,61.4,61.4,59.5,61.39,60.55,60.07,729,0.44,22,692.0, 94.92,2026-06-12
MULTICAP, EQ, 12-Jun-2026,15.71,15.94,16.11,15.86,16.1,16.05,16.02,416363,66.68,396,396117.0, 95.14,2026-06-12
MUNISH, ST, 12-Jun-2026,59.0,58.05,58.75,58.0,58.75,58.75,58.13,7200,4.19,4,7200.0, 100.00,2026-06-12
MUNJALAU, EQ, 12-Jun-2026,95.51,96.2,101.99,96.2,98.0,97.94,99.62,973879,970.16,10792,236869.0, 24.32,2026-06-12
MUNJALSHOW, EQ, 12-Jun-2026,128.07,128.1,129.99,127.35,127.46,127.74,128.2,48890,62.68,637,33509.0, 68.54,2026-06-12
MURUDCERA, EQ, 12-Jun-2026,30.45,31.3,31.4,30.22,31.35,31.32,30.98,7715,2.39,169,5691.0, 73.77,2026-06-12
MUTHOOTCAP, EQ, 12-Jun-2026,194.72,197.72,197.72,192.0,193.1,194.96,193.84,28760,55.75,673,17156.0, 59.65,2026-06-12
MUTHOOTFIN, EQ, 12-Jun-2026,2890.0,2955.0,3051.7,2951.2,3046.0,3042.2,2998.79,733004,21981.23,44791,205030.0, 27.97,2026-06-12
MUTHOOTMF, EQ, 12-Jun-2026,180.63,183.88,189.0,180.42,189.0,187.6,185.51,212022,393.32,2837,144018.0, 67.93,2026-06-12
MVGJL, EQ, 12-Jun-2026,143.91,148.9,154.0,143.53,146.11,146.2,146.7,97826,143.51,2079,46622.0, 47.66,2026-06-12
MVKAGRO, SM, 12-Jun-2026,452.2,447.55,470.0,420.0,461.0,450.25,435.87,28200,122.91,84,17100.0, 60.64,2026-06-12
MWL, EQ, 12-Jun-2026,375.95,377.4,382.1,376.5,380.65,379.55,381.2,33080,126.1,374,26977.0, 81.55,2026-06-12
MYMUDRA, SM, 12-Jun-2026,73.45,77.45,77.45,71.95,72.05,72.05,73.28,105600,77.38,37,94800.0, 89.77,2026-06-12
NACLIND, EQ, 12-Jun-2026,159.36,160.25,167.1,160.25,165.0,164.76,164.45,325774,535.74,4777,164982.0, 50.64,2026-06-12
NAGREEKCAP, BE, 12-Jun-2026,27.3,26.11,28.44,26.11,28.44,28.03,27.67,3814,1.06,30,, -,2026-06-12
NAGREEKEXP, EQ, 12-Jun-2026,26.78,26.05,26.99,26.05,26.83,26.76,26.62,7510,2.0,82,5932.0, 78.99,2026-06-12
NAHARCAP, EQ, 12-Jun-2026,245.7,250.8,256.9,245.1,254.0,252.7,251.23,4295,10.79,57,3640.0, 84.75,2026-06-12
NAHARINDUS, EQ, 12-Jun-2026,115.9,118.0,118.0,116.0,117.0,117.26,116.97,12448,14.56,448,8353.0, 67.10,2026-06-12
NAHARPOLY, EQ, 12-Jun-2026,242.7,243.05,248.45,243.0,248.45,246.05,245.14,4032,9.88,153,3162.0, 78.42,2026-06-12
NAHARSPING, BE, 12-Jun-2026,259.3,264.45,264.45,262.05,264.0,264.0,262.89,10113,26.59,47,, -,2026-06-12
NAM-INDIA, EQ, 12-Jun-2026,1041.6,1064.8,1094.7,1048.5,1090.0,1089.1,1071.08,889666,9529.06,28371,400844.0, 45.06,2026-06-12
NAMAN, SM, 12-Jun-2026,45.0,45.5,47.2,45.5,47.15,47.15,46.46,5600,2.6,5,5600.0, 100.00,2026-06-12
NAMOEWASTE, SM, 12-Jun-2026,234.1,237.4,243.0,233.05,236.0,236.3,237.82,56800,135.08,71,34400.0, 60.56,2026-06-12
NARMADA, EQ, 12-Jun-2026,35.31,36.2,39.0,36.2,37.02,37.05,37.74,2905790,1096.62,9465,688476.0, 23.69,2026-06-12
NATCAPSUQ, EQ, 12-Jun-2026,153.54,155.0,156.8,152.21,155.95,155.95,154.76,2372,3.67,67,1557.0, 65.64,2026-06-12
NATCOPHARM, EQ, 12-Jun-2026,842.2,861.8,866.0,849.1,864.0,863.9,857.24,402659,3451.75,21259,150719.0, 37.43,2026-06-12
NATHBIOGEN, EQ, 12-Jun-2026,165.43,165.43,170.0,164.8,166.05,166.42,166.35,17427,28.99,594,8536.0, 48.98,2026-06-12
NATIONALUM, EQ, 12-Jun-2026,370.6,380.0,384.7,375.2,376.0,376.85,379.51,7674222,29124.13,75607,3454339.0, 45.01,2026-06-12
NATIONSTD, EQ, 12-Jun-2026,1190.0,1190.0,1200.0,1190.0,1190.0,1199.6,1199.03,57,0.68,13,57.0, 100.00,2026-06-12
NAUKRI, EQ, 12-Jun-2026,963.8,970.0,983.9,962.0,974.0,972.2,973.57,1035001,10076.48,35301,626052.0, 60.49,2026-06-12
NAVA, EQ, 12-Jun-2026,565.95,575.0,587.0,569.55,581.8,584.25,580.66,315657,1832.9,13641,127232.0, 40.31,2026-06-12
NAVINFLUOR, EQ, 12-Jun-2026,7157.0,7203.0,7330.0,7166.0,7304.0,7303.0,7267.27,136617,9928.33,23760,62605.0, 45.83,2026-06-12
NAVKARCORP, EQ, 12-Jun-2026,95.23,95.98,103.0,95.91,102.8,102.04,101.21,1970948,1994.71,12945,836978.0, 42.47,2026-06-12
NAVKARURB, EQ, 12-Jun-2026,0.97,1.0,1.01,0.98,1.0,0.99,1.0,2421490,24.22,389,1620201.0, 66.91,2026-06-12
NAVNETEDUL, EQ, 12-Jun-2026,139.69,140.34,142.61,140.0,141.22,141.99,141.47,63965,90.49,1231,34546.0, 54.01,2026-06-12
NAZARA, EQ, 12-Jun-2026,281.55,284.0,287.85,283.0,286.0,285.85,285.51,784644,2240.27,10189,307901.0, 39.24,2026-06-12
NBCC, EQ, 12-Jun-2026,100.52,102.6,105.46,102.36,104.91,105.16,103.96,15469674,16082.73,70583,4460681.0, 28.84,2026-06-12
NBIFIN, EQ, 12-Jun-2026,1810.3,1839.0,1890.0,1830.1,1882.0,1867.1,1862.95,219,4.08,43,164.0, 74.89,2026-06-12
NCC, EQ, 12-Jun-2026,145.03,146.74,152.0,146.15,151.98,151.69,150.22,2514669,3777.51,21222,1203498.0, 47.86,2026-06-12
NCLIND, EQ, 12-Jun-2026,180.03,181.2,186.0,180.21,186.0,185.03,184.29,47239,87.06,1003,28293.0, 59.89,2026-06-12
NDGL, EQ, 12-Jun-2026,2467.2,2569.5,2569.5,2452.0,2456.1,2498.5,2478.42,96,2.38,26,90.0, 93.75,2026-06-12
NDL, EQ, 12-Jun-2026,2.49,2.53,2.6,2.47,2.58,2.54,2.52,719606,18.15,912,616417.0, 85.66,2026-06-12
NDLVENTURE, EQ, 12-Jun-2026,126.69,129.95,129.97,127.75,129.0,129.58,128.18,12931,16.58,137,9017.0, 69.73,2026-06-12
NDRAUTO, EQ, 12-Jun-2026,785.5,796.0,798.45,777.0,785.1,788.05,785.96,16938,133.13,1667,8252.0, 48.72,2026-06-12
NDTV, EQ, 12-Jun-2026,78.53,79.5,81.5,79.2,81.47,81.25,80.41,210014,168.87,1791,107807.0, 51.33,2026-06-12
NEAGI, EQ, 12-Jun-2026,3075.0,3200.0,3200.0,3199.9,3199.9,3199.9,3199.98,6,0.19,4,6.0, 100.00,2026-06-12
NECCLTD, EQ, 12-Jun-2026,16.85,17.0,17.4,16.06,16.62,16.58,16.54,192652,31.87,1197,97272.0, 50.49,2026-06-12
NECLIFE, BE, 12-Jun-2026,11.39,11.38,11.94,11.05,11.72,11.59,11.34,153915,17.46,422,, -,2026-06-12
NELCAST, EQ, 12-Jun-2026,135.52,136.5,139.9,135.52,139.06,139.34,137.82,139666,192.48,2062,56011.0, 40.10,2026-06-12
NELCO, EQ, 12-Jun-2026,705.4,715.0,727.0,712.05,726.0,722.55,720.44,93974,677.03,4660,42476.0, 45.20,2026-06-12
NEOCHEM, ST, 12-Jun-2026,101.05,99.0,99.0,96.0,96.0,96.0,96.37,50400,48.57,38,46800.0, 92.86,2026-06-12
NEOGEN, EQ, 12-Jun-2026,2028.7,2045.5,2087.3,1928.0,2044.0,2033.7,2012.24,196643,3956.93,25240,70371.0, 35.79,2026-06-12
NEPHROCARE, ST, 12-Jun-2026,69.0,69.0,70.0,66.3,70.0,69.6,69.11,12000,8.29,20,11200.0, 93.33,2026-06-12
NEPHROPLUS, EQ, 12-Jun-2026,751.3,759.0,769.75,735.0,742.5,748.15,751.07,204486,1535.82,16163,69908.0, 34.19,2026-06-12
NEPTUNE, SM, 12-Jun-2026,182.25,183.15,185.0,172.8,185.0,185.0,182.44,11500,20.98,17,9500.0, 82.61,2026-06-12
NESCO, EQ, 12-Jun-2026,1089.1,1094.8,1107.5,1080.2,1087.5,1089.8,1090.21,46387,505.72,4650,26311.0, 56.72,2026-06-12
NESTLEIND, EQ, 12-Jun-2026,1422.5,1431.1,1434.9,1370.6,1376.5,1375.7,1394.72,2380729,33204.56,72124,1007392.0, 42.31,2026-06-12
NETF, EQ, 12-Jun-2026,251.39,252.4,256.65,252.4,255.91,256.01,254.1,6951,17.66,155,2684.0, 38.61,2026-06-12
NETWEB, EQ, 12-Jun-2026,4191.4,4320.0,4610.0,4315.0,4590.0,4587.4,4515.75,4344896,196204.79,304260,495523.0, 11.40,2026-06-12
NETWORK18, EQ, 12-Jun-2026,29.72,30.22,31.7,30.0,31.45,31.51,30.83,12005065,3701.7,23335,3712867.0, 30.93,2026-06-12
NEULANDLAB, EQ, 12-Jun-2026,16973.0,17122.0,17400.0,16981.0,17200.0,17198.0,17175.34,35209,6047.27,10954,16776.0, 47.65,2026-06-12
NEWGEN, EQ, 12-Jun-2026,455.25,460.95,468.85,458.15,465.5,464.25,462.24,695859,3216.53,17813,289550.0, 41.61,2026-06-12
NEWJAISA, ST, 12-Jun-2026,14.7,14.8,15.4,14.0,15.4,15.4,14.72,46500,6.84,19,42000.0, 90.32,2026-06-12
NEXT30ADD, EQ, 12-Jun-2026,41.15,41.35,41.54,41.14,41.54,41.39,41.35,3556,1.47,56,1982.0, 55.74,2026-06-12
NEXT50, EQ, 12-Jun-2026,704.75,708.87,722.4,708.87,722.0,720.32,717.7,15588,111.87,1150,11794.0, 75.66,2026-06-12
NEXT50ADD, EQ, 12-Jun-2026,68.66,69.74,70.25,69.23,70.25,70.21,69.44,1608,1.12,26,855.0, 53.17,2026-06-12
NEXT50BETA, EQ, 12-Jun-2026,73.76,74.0,75.61,74.0,75.3,75.36,74.99,44485,33.36,456,25842.0, 58.09,2026-06-12
NEXT50ETF, EQ, 12-Jun-2026,68.92,69.6,70.75,69.3,70.75,70.73,69.93,6854,4.79,52,5863.0, 85.54,2026-06-12
NEXT50IETF, EQ, 12-Jun-2026,72.15,73.6,73.99,72.15,73.99,73.82,73.27,560006,410.34,4136,368196.0, 65.75,2026-06-12
NEXTMEDIA, EQ, 12-Jun-2026,3.78,3.89,4.39,3.8,4.05,4.0,4.0,70546,2.82,172,16926.0, 23.99,2026-06-12
NFL, EQ, 12-Jun-2026,73.91,74.55,75.45,73.93,75.13,75.04,74.77,1290006,964.51,6989,535116.0, 41.48,2026-06-12
NFPSAMPOOR, SM, 12-Jun-2026,25.0,25.5,27.5,25.25,27.5,27.5,26.89,182000,48.94,89,118000.0, 64.84,2026-06-12
NGIL, BE, 12-Jun-2026,39.79,39.79,39.79,37.85,37.85,37.95,38.09,4685,1.78,50,, -,2026-06-12
NGLFINE, EQ, 12-Jun-2026,2716.5,2765.4,3144.0,2765.4,3120.3,3048.8,2992.26,102235,3059.14,14594,26811.0, 26.22,2026-06-12
NH, EQ, 12-Jun-2026,1858.5,1869.5,1908.0,1869.5,1893.0,1893.9,1893.79,264296,5005.2,33495,147025.0, 55.63,2026-06-12
NHIT, IV, 12-Jun-2026,169.0,170.0,170.0,170.0,170.0,170.0,170.0,50000,85.0,2,50000.0, 100.00,2026-06-12
NHPC, EQ, 12-Jun-2026,72.13,72.7,73.93,72.63,73.74,73.79,73.43,14607581,10726.95,36475,9403609.0, 64.37,2026-06-12
NIACL, EQ, 12-Jun-2026,146.93,148.0,153.5,147.7,152.6,152.8,151.45,637119,964.93,7892,210965.0, 33.11,2026-06-12
NIBE, EQ, 12-Jun-2026,1435.1,1469.8,1578.6,1467.7,1578.6,1578.6,1553.85,295217,4587.24,7877,161383.0, 54.67,2026-06-12
NIBL, EQ, 12-Jun-2026,30.57,31.57,31.57,30.57,30.67,30.71,30.83,6880,2.12,80,3711.0, 53.94,2026-06-12
NIDAN, SM, 12-Jun-2026,13.7,13.45,13.9,13.45,13.9,13.9,13.59,4000,0.54,4,3000.0, 75.00,2026-06-12
NIF100BEES, EQ, 12-Jun-2026,255.51,250.1,260.66,250.1,260.5,260.11,258.41,20542,53.08,485,10541.0, 51.31,2026-06-12
NIF100IETF, EQ, 12-Jun-2026,26.83,27.09,28.18,27.03,27.97,27.66,27.25,31946,8.7,1305,18613.0, 58.26,2026-06-12
NIFTY1, EQ, 12-Jun-2026,256.19,257.18,260.98,257.18,260.98,260.74,258.77,110922,287.04,1397,79505.0, 71.68,2026-06-12
NIFTY100EW, EQ, 12-Jun-2026,33.13,33.57,33.92,33.36,33.36,33.79,33.7,58623,19.75,157,51696.0, 88.18,2026-06-12
NIFTYADD, EQ, 12-Jun-2026,242.8,245.46,248.04,244.5,247.48,247.75,245.87,4749,11.68,136,3669.0, 77.26,2026-06-12
NIFTYBEES, EQ, 12-Jun-2026,262.63,265.6,268.25,264.18,268.01,267.86,266.18,8800104,23424.19,43107,5401918.0, 61.38,2026-06-12
NIFTYBETA, EQ, 12-Jun-2026,255.97,258.53,261.15,256.35,260.32,260.79,258.47,26114,67.5,534,15335.0, 58.72,2026-06-12
NIFTYBETF, EQ, 12-Jun-2026,237.17,239.58,242.15,238.83,242.15,241.73,240.31,1280,3.08,48,1217.0, 95.08,2026-06-12
NIFTYCASE, EQ, 12-Jun-2026,9.25,9.21,9.48,9.21,9.42,9.42,9.37,1027963,96.31,1340,705862.0, 68.67,2026-06-12
NIFTYETF, EQ, 12-Jun-2026,251.18,253.34,256.19,252.5,256.19,255.7,254.71,233190,593.96,1208,149455.0, 64.09,2026-06-12
NIFTYIETF, EQ, 12-Jun-2026,261.36,266.14,266.81,262.9,266.6,266.47,264.85,567210,1502.23,10736,292865.0, 51.63,2026-06-12
NIFTYQLITY, EQ, 12-Jun-2026,20.44,20.95,20.95,20.45,20.58,20.57,20.61,16498,3.4,175,9799.0, 59.40,2026-06-12
NIITLTD, EQ, 12-Jun-2026,85.05,86.79,88.73,85.25,87.3,87.27,86.82,811591,704.65,7172,180133.0, 22.20,2026-06-12
NIITMTS, EQ, 12-Jun-2026,211.96,215.0,216.2,210.43,213.6,212.93,213.06,269682,574.58,12341,116410.0, 43.17,2026-06-12
NILAINFRA, EQ, 12-Jun-2026,7.77,7.94,8.09,7.8,7.88,7.85,7.89,110548,8.72,389,70343.0, 63.63,2026-06-12
NILASPACES, EQ, 12-Jun-2026,11.92,12.1,12.25,11.7,12.25,12.07,11.98,398064,47.71,1005,304110.0, 76.40,2026-06-12
NILE, EQ, 12-Jun-2026,1675.6,1682.0,1748.0,1666.2,1685.0,1698.7,1712.66,3784,64.81,548,2498.0, 66.01,2026-06-12
NILKAMAL, EQ, 12-Jun-2026,1256.4,1261.5,1275.8,1261.3,1270.6,1270.2,1270.36,1649,20.95,205,1220.0, 73.98,2026-06-12
NIMBSPROJ, BE, 12-Jun-2026,201.06,207.0,209.0,202.7,205.0,205.43,205.86,227,0.47,36,, -,2026-06-12
NINSYS, BE, 12-Jun-2026,689.9,689.0,700.0,662.0,699.0,689.55,684.81,3551,24.32,180,, -,2026-06-12
NIPPOBATRY, EQ, 12-Jun-2026,333.5,339.3,339.4,325.05,334.0,333.75,332.59,6151,20.46,757,4672.0, 75.96,2026-06-12
NIRAJ, BE, 12-Jun-2026,28.6,28.99,29.9,27.5,28.88,28.88,29.25,28448,8.32,106,, -,2026-06-12
NIRAJISPAT, EQ, 12-Jun-2026,215.0,214.0,214.0,212.0,213.7,213.25,213.55,38,0.08,10,38.0, 100.00,2026-06-12
NIRLON, EQ, 12-Jun-2026,619.85,619.95,623.9,618.65,620.0,620.0,620.03,7212,44.72,192,6621.0, 91.81,2026-06-12
NIRMAN, SM, 12-Jun-2026,43.15,44.6,47.3,44.6,46.3,46.2,46.12,28500,13.14,64,18600.0, 65.26,2026-06-12
NITCO, EQ, 12-Jun-2026,93.75,94.6,99.99,94.6,98.45,98.41,98.34,1202584,1182.63,9445,601189.0, 49.99,2026-06-12
NITINSPIN, EQ, 12-Jun-2026,533.75,540.0,562.5,540.0,559.6,559.35,552.21,182362,1007.02,6006,93026.0, 51.01,2026-06-12
NITIRAJ, EQ, 12-Jun-2026,196.55,202.0,202.0,190.0,190.17,191.07,196.61,11306,22.23,279,8247.0, 72.94,2026-06-12
NITTAGELA, EQ, 12-Jun-2026,1323.8,1370.1,1427.9,1365.0,1408.0,1414.2,1397.22,22614,315.97,2503,10340.0, 45.72,2026-06-12
NIVABUPA, EQ, 12-Jun-2026,82.97,83.09,84.86,82.72,84.0,83.96,83.76,788362,660.37,9946,526946.0, 66.84,2026-06-12
NKIND, EQ, 12-Jun-2026,65.75,65.0,67.2,57.0,62.41,64.21,63.92,3939,2.52,44,1536.0, 38.99,2026-06-12
NLCINDIA, EQ, 12-Jun-2026,310.35,316.05,319.85,311.6,316.7,316.3,316.47,10815654,34228.17,58183,4839135.0, 44.74,2026-06-12
NMDC, EQ, 12-Jun-2026,88.47,90.0,91.3,89.62,90.72,90.93,90.5,17620294,15947.12,45518,7004779.0, 39.75,2026-06-12
NMSTEEL, SM, 12-Jun-2026,23.5,25.7,25.75,24.35,24.55,24.55,25.05,9600,2.4,6,6400.0, 66.67,2026-06-12
NOCIL, EQ, 12-Jun-2026,156.62,159.0,161.92,158.52,161.71,161.55,160.42,221518,355.35,3282,100222.0, 45.24,2026-06-12
NOIDATOLL, BE, 12-Jun-2026,4.98,5.16,5.21,5.03,5.19,5.16,5.15,159594,8.22,340,, -,2026-06-12
NORBTEAEXP, EQ, 12-Jun-2026,74.06,77.5,77.5,73.0,76.0,74.67,74.51,2088,1.56,67,1747.0, 83.67,2026-06-12
NORTHARC, EQ, 12-Jun-2026,277.65,281.1,292.05,278.3,289.0,289.45,285.04,571979,1630.4,13484,249666.0, 43.65,2026-06-12
NOVAAGRI, BE, 12-Jun-2026,27.54,27.0,27.7,26.54,27.4,27.12,27.11,39664,10.75,278,, -,2026-06-12
NOVARTIND, EQ, 12-Jun-2026,1329.7,1335.8,1346.0,1285.5,1306.9,1301.6,1324.23,13186,174.61,1010,8582.0, 65.08,2026-06-12
NPBET, EQ, 12-Jun-2026,278.45,271.48,285.88,271.48,285.88,285.48,282.02,2592,7.31,43,2331.0, 89.93,2026-06-12
NPST, EQ, 12-Jun-2026,1531.0,1644.0,1689.0,1588.2,1643.0,1647.5,1653.87,91349,1510.79,8259,27108.0, 29.68,2026-06-12
NRAIL, EQ, 12-Jun-2026,443.95,449.9,452.35,438.2,451.85,448.45,446.71,1412,6.31,62,1192.0, 84.42,2026-06-12
NRBBEARING, EQ, 12-Jun-2026,435.7,440.0,450.0,423.6,428.0,425.85,430.3,605683,2606.24,12184,242696.0, 40.07,2026-06-12
NRL, EQ, 12-Jun-2026,75.12,75.24,77.0,74.5,74.85,74.57,74.9,133426,99.94,667,102091.0, 76.52,2026-06-12
NRVANDANA, ST, 12-Jun-2026,71.0,70.0,70.8,69.8,70.1,70.1,70.05,234000,163.92,22,180000.0, 76.92,2026-06-12
NSIL, EQ, 12-Jun-2026,5409.5,5450.0,5600.0,5450.0,5550.5,5553.0,5525.74,1347,74.43,371,966.0, 71.71,2026-06-12
NSLNISP, EQ, 12-Jun-2026,45.51,46.65,47.4,46.15,47.38,47.24,46.78,6386466,2987.65,20601,1876771.0, 29.39,2026-06-12
NTPC, EQ, 12-Jun-2026,351.85,357.0,357.0,349.7,354.4,353.9,352.62,8740239,30819.52,103454,4671689.0, 53.45,2026-06-12
NTPCGREEN, EQ, 12-Jun-2026,97.07,98.02,99.08,97.5,98.35,98.33,98.18,3431671,3369.31,24566,1870331.0, 54.50,2026-06-12
NUCLEUS, EQ, 12-Jun-2026,751.15,760.0,760.8,738.0,748.6,750.8,748.2,75541,565.2,4199,19573.0, 25.91,2026-06-12
NURECA, EQ, 12-Jun-2026,230.5,230.5,233.45,230.0,232.0,232.1,231.31,5053,11.69,258,3123.0, 61.80,2026-06-12
NUVAMA, EQ, 12-Jun-2026,1510.2,1539.0,1597.9,1521.5,1588.0,1588.1,1561.59,474650,7412.1,30003,218392.0, 46.01,2026-06-12
NUVOCO, EQ, 12-Jun-2026,301.3,303.0,317.9,303.0,310.5,310.55,310.58,552733,1716.68,28216,188962.0, 34.19,2026-06-12
NV20, EQ, 12-Jun-2026,13.95,13.95,14.35,13.95,14.35,14.09,14.05,40955,5.75,158,34800.0, 84.97,2026-06-12
NV20BEES, EQ, 12-Jun-2026,139.74,140.32,141.9,139.99,141.9,141.49,140.45,9178,12.89,174,3488.0, 38.00,2026-06-12
NV20IETF, EQ, 12-Jun-2026,13.65,13.65,13.97,13.65,13.9,13.81,13.74,227992,31.32,1563,131366.0, 57.62,2026-06-12
NXST, RR, 12-Jun-2026,155.03,154.8,155.4,154.05,154.7,154.49,154.47,188651,291.42,3111,149542.0, 79.27,2026-06-12
NYKAA, EQ, 12-Jun-2026,260.25,264.7,275.65,262.8,272.9,273.5,268.94,12127542,32616.13,71528,7163852.0, 59.07,2026-06-12
OAL, EQ, 12-Jun-2026,322.4,330.0,338.9,325.1,325.5,327.0,330.07,12450,41.09,578,6751.0, 54.22,2026-06-12
OBCL, EQ, 12-Jun-2026,58.77,58.8,61.35,58.55,59.82,59.89,60.0,19231,11.54,164,14791.0, 76.91,2026-06-12
OBEROIRLTY, EQ, 12-Jun-2026,1582.7,1601.5,1635.0,1591.1,1629.6,1622.8,1611.32,524612,8453.17,17491,296506.0, 56.52,2026-06-12
OBSCP, SM, 12-Jun-2026,510.2,514.95,544.0,514.95,539.0,539.75,530.84,40800,216.58,92,31200.0, 76.47,2026-06-12
OCCLLTD, BE, 12-Jun-2026,122.86,122.0,129.0,122.0,129.0,129.0,128.51,131651,169.19,457,, -,2026-06-12
ODIGMA, EQ, 12-Jun-2026,20.91,21.45,21.6,20.53,21.31,21.52,21.29,38683,8.23,461,25625.0, 66.24,2026-06-12
OFSS, EQ, 12-Jun-2026,9265.5,9350.0,9409.0,9226.5,9365.0,9327.5,9321.19,149536,13938.54,22083,41677.0, 27.87,2026-06-12
OIL, EQ, 12-Jun-2026,429.35,426.85,426.95,414.5,419.2,417.8,418.94,6568325,27517.57,74206,2415547.0, 36.78,2026-06-12
OILCOUNTUB, BE, 12-Jun-2026,56.1,56.1,56.9,54.15,56.5,56.13,55.84,24092,13.45,160,, -,2026-06-12
OILIETF, EQ, 12-Jun-2026,10.96,11.23,11.23,10.97,11.2,11.19,11.12,2049502,227.9,2299,1085040.0, 52.94,2026-06-12
OLAELEC, EQ, 12-Jun-2026,45.54,46.0,47.49,45.25,45.63,45.74,46.2,190641245,88075.82,324198,31692396.0, 16.62,2026-06-12
OLECTRA, EQ, 12-Jun-2026,1252.4,1270.1,1300.0,1269.0,1300.0,1296.0,1289.39,711141,9169.39,31086,267883.0, 37.67,2026-06-12
OLIL, ST, 12-Jun-2026,449.0,458.5,458.9,445.0,450.5,450.5,452.95,8800,39.86,9,8000.0, 90.91,2026-06-12
OMAXAUTO, BE, 12-Jun-2026,216.24,217.4,227.05,214.25,227.05,227.05,222.46,54429,121.08,565,, -,2026-06-12
OMAXE, EQ, 12-Jun-2026,74.3,76.99,79.0,75.11,75.56,75.96,76.22,459192,350.0,4400,110771.0, 24.12,2026-06-12
OMFREIGHT, EQ, 12-Jun-2026,82.1,80.2,83.51,80.2,82.96,82.15,82.25,10188,8.38,328,5486.0, 53.85,2026-06-12
OMFURN, ST, 12-Jun-2026,53.65,53.2,56.3,53.2,56.3,56.0,55.8,14400,8.04,12,14400.0, 100.00,2026-06-12
OMINFRAL, EQ, 12-Jun-2026,80.44,83.28,83.5,80.11,83.5,82.39,81.85,48276,39.51,996,22112.0, 45.80,2026-06-12
OMNI, EQ, 12-Jun-2026,453.0,469.8,492.0,461.95,476.0,470.15,473.28,591150,2797.78,22871,180146.0, 30.47,2026-06-12
OMPOWER, EQ, 12-Jun-2026,175.31,179.94,183.0,174.98,178.49,177.96,177.2,114207,202.37,1703,49680.0, 43.50,2026-06-12
ONDOOR, ST, 12-Jun-2026,174.0,175.0,175.0,172.0,174.95,174.95,174.7,6000,10.48,9,6000.0, 100.00,2026-06-12
ONELIFECAP, BE, 12-Jun-2026,25.21,25.21,26.2,25.21,26.05,26.09,25.93,11538,2.99,123,, -,2026-06-12
ONEPOINT, EQ, 12-Jun-2026,56.08,56.2,58.7,55.8,57.9,57.78,56.96,2725332,1552.36,11277,1171042.0, 42.97,2026-06-12
ONESOURCE, EQ, 12-Jun-2026,1651.4,1655.1,1670.0,1591.8,1605.1,1612.5,1625.52,362871,5898.55,22365,192101.0, 52.94,2026-06-12
ONGC, EQ, 12-Jun-2026,252.6,250.3,250.85,243.35,246.95,246.2,245.79,31112657,76471.69,159198,16224897.0, 52.15,2026-06-12
ONMOBILE, EQ, 12-Jun-2026,48.46,48.7,50.0,48.7,49.75,49.6,49.35,96040,47.39,954,54771.0, 57.03,2026-06-12
ONWARDTEC, EQ, 12-Jun-2026,250.2,253.95,257.1,246.35,249.9,248.15,250.1,37016,92.58,1439,23569.0, 63.67,2026-06-12
ONYX, ST, 12-Jun-2026,40.0,39.0,41.3,39.0,39.2,39.2,39.63,8000,3.17,4,8000.0, 100.00,2026-06-12
OPTIEMUS, EQ, 12-Jun-2026,413.35,418.0,428.35,418.0,423.0,423.3,422.63,87263,368.8,2335,52370.0, 60.01,2026-06-12
OPTIVALUE, SM, 12-Jun-2026,78.0,77.05,78.0,74.0,76.0,76.0,75.9,22400,17.0,13,9600.0, 42.86,2026-06-12
ORBTEXP, EQ, 12-Jun-2026,192.18,193.0,197.79,185.11,189.99,187.94,189.41,4630,8.77,161,2886.0, 62.33,2026-06-12
ORCHASP, EQ, 12-Jun-2026,1.96,1.96,2.0,1.63,1.9,1.84,1.89,722141,13.62,389,460693.0, 63.80,2026-06-12
ORCHPHARMA, EQ, 12-Jun-2026,845.95,847.0,935.0,847.0,921.0,917.1,909.62,496587,4517.05,23502,138325.0, 27.86,2026-06-12
ORIANA, SM, 12-Jun-2026,1570.0,1592.1,1633.95,1592.0,1631.2,1623.4,1611.27,59925,965.55,647,39000.0, 65.08,2026-06-12
ORICONENT, EQ, 12-Jun-2026,55.9,55.9,60.95,54.67,60.89,59.19,58.23,270706,157.62,1126,175081.0, 64.68,2026-06-12
ORIENTALTL, EQ, 12-Jun-2026,6.31,6.25,6.54,6.21,6.3,6.29,6.26,102695,6.43,313,85111.0, 82.88,2026-06-12
ORIENTBELL, EQ, 12-Jun-2026,316.15,315.15,320.35,314.0,315.0,317.0,317.48,5395,17.13,318,2935.0, 54.40,2026-06-12
ORIENTCEM, EQ, 12-Jun-2026,129.89,130.6,135.46,130.5,134.81,134.77,133.13,269810,359.2,2471,152626.0, 56.57,2026-06-12
ORIENTCER, EQ, 12-Jun-2026,37.46,38.75,39.9,37.11,38.21,38.29,38.77,101635,39.4,1032,42216.0, 41.54,2026-06-12
ORIENTELEC, EQ, 12-Jun-2026,174.15,175.1,177.14,173.5,175.2,175.85,175.76,88662,155.83,2997,41001.0, 46.24,2026-06-12
ORIENTHOT, EQ, 12-Jun-2026,103.32,103.32,109.7,102.42,106.7,108.32,106.51,382756,407.66,3864,221207.0, 57.79,2026-06-12
ORIENTLTD, EQ, 12-Jun-2026,57.99,58.33,59.96,58.03,58.8,58.85,58.97,8866,5.23,82,7688.0, 86.71,2026-06-12
ORIENTPPR, EQ, 12-Jun-2026,16.86,17.24,17.35,16.9,17.35,17.29,17.19,186262,32.01,530,119464.0, 64.14,2026-06-12
ORIENTTECH, EQ, 12-Jun-2026,245.1,246.9,254.9,246.9,254.7,253.35,251.08,73002,183.29,2135,30996.0, 42.46,2026-06-12
ORISSAMINE, EQ, 12-Jun-2026,3854.1,3881.0,4039.0,3881.0,4023.5,4018.0,3979.01,5945,236.55,1425,3269.0, 54.99,2026-06-12
ORKLAINDIA, EQ, 12-Jun-2026,610.4,619.0,619.0,601.3,602.0,604.45,606.19,24707,149.77,2164,14325.0, 57.98,2026-06-12
ORTEL, BZ, 12-Jun-2026,1.69,1.63,1.63,1.61,1.61,1.61,1.62,12260,0.2,20,, -,2026-06-12
ORTINGLOBE, BE, 12-Jun-2026,17.78,16.9,17.9,16.9,17.53,17.42,17.45,5662,0.99,88,, -,2026-06-12
OSELDEVICE, SM, 12-Jun-2026,449.15,465.0,472.0,450.05,463.0,461.2,458.12,13400,61.39,51,10200.0, 76.12,2026-06-12
OSIAHYPER, BE, 12-Jun-2026,2.97,2.99,3.11,2.83,3.11,3.09,2.97,1623546,48.23,1162,, -,2026-06-12
OSWALAGRO, BE, 12-Jun-2026,42.53,44.18,44.18,41.51,42.0,41.99,42.29,33840,14.31,180,, -,2026-06-12
OSWALGREEN, EQ, 12-Jun-2026,22.81,23.1,23.48,22.81,23.06,23.22,23.18,98784,22.9,788,59462.0, 60.19,2026-06-12
OSWALPUMPS, EQ, 12-Jun-2026,372.65,378.0,400.45,378.0,399.4,398.2,391.51,582963,2282.35,13112,262708.0, 45.06,2026-06-12
OSWALSEEDS, EQ, 12-Jun-2026,10.84,11.19,11.24,10.62,10.95,10.93,10.95,49639,5.43,198,37020.0, 74.58,2026-06-12
OWAIS, SM, 12-Jun-2026,90.25,93.0,94.75,89.8,94.75,94.2,92.14,39400,36.3,219,24900.0, 63.20,2026-06-12
PACEDIGITK, EQ, 12-Jun-2026,184.37,187.1,189.53,182.91,188.0,187.57,186.18,1411487,2627.9,11409,583498.0, 41.34,2026-06-12
PAGEIND, EQ, 12-Jun-2026,37740.0,37955.0,38850.0,37955.0,38560.0,38625.0,38501.35,13311,5124.91,7736,5320.0, 39.97,2026-06-12
PAISALO, EQ, 12-Jun-2026,58.51,59.15,60.4,59.0,59.6,59.3,59.84,8509192,5092.08,16022,4423353.0, 51.98,2026-06-12
PAKKA, EQ, 12-Jun-2026,77.44,78.93,80.25,77.31,79.1,79.62,78.93,55584,43.87,600,28953.0, 52.09,2026-06-12
PALASHSECU, EQ, 12-Jun-2026,93.46,93.0,98.8,92.99,97.75,97.45,96.88,650,0.63,39,456.0, 70.15,2026-06-12
PALREDTEC, BE, 12-Jun-2026,43.06,43.05,44.79,43.05,44.5,44.5,44.08,463,0.2,13,, -,2026-06-12
PANACEABIO, EQ, 12-Jun-2026,522.3,535.0,544.4,522.6,539.8,536.0,533.0,368281,1962.95,10790,77768.0, 21.12,2026-06-12
PANACHE, EQ, 12-Jun-2026,366.0,374.95,374.95,360.1,360.6,363.55,364.14,3724,13.56,139,2301.0, 61.79,2026-06-12
PANAMAPET, EQ, 12-Jun-2026,375.85,378.9,382.7,368.9,379.4,377.25,374.86,288528,1081.59,6999,84722.0, 29.36,2026-06-12
PANSARI, EQ, 12-Jun-2026,279.4,275.4,279.3,275.4,279.25,276.15,275.91,224,0.62,16,214.0, 95.54,2026-06-12
PAR, EQ, 12-Jun-2026,85.85,87.8,88.9,84.3,85.2,86.68,86.15,12593,10.85,224,9425.0, 74.84,2026-06-12
PARACABLES, EQ, 12-Jun-2026,60.85,62.75,64.9,62.5,64.3,64.12,63.73,2201942,1403.34,7432,858731.0, 39.00,2026-06-12
PARADEEP, EQ, 12-Jun-2026,121.51,123.0,127.0,123.0,126.32,126.25,125.32,2329626,2919.58,19705,926021.0, 39.75,2026-06-12
PARAGMILK, EQ, 12-Jun-2026,230.69,232.8,236.87,231.0,235.0,233.5,234.05,461453,1080.05,6839,188112.0, 40.77,2026-06-12
PARAMOUNT, ST, 12-Jun-2026,40.5,40.5,40.5,40.5,40.5,40.5,40.5,2400,0.97,1,2400.0, 100.00,2026-06-12
PARAS, EQ, 12-Jun-2026,989.1,1008.0,1105.2,1006.95,1099.5,1097.15,1059.24,6088215,64489.08,151241,1454575.0, 23.89,2026-06-12
PARASPETRO, EQ, 12-Jun-2026,1.88,1.98,2.06,1.86,1.95,1.99,1.97,223419,4.4,330,162769.0, 72.85,2026-06-12
PARIN, SM, 12-Jun-2026,720.15,720.15,735.0,715.0,733.0,729.2,725.99,36500,264.99,110,13000.0, 35.62,2026-06-12
PARKHOSPS, EQ, 12-Jun-2026,273.25,280.95,282.2,272.5,275.5,274.6,275.16,890446,2450.16,11799,598500.0, 67.21,2026-06-12
PARKHOTELS, EQ, 12-Jun-2026,112.63,113.59,116.94,113.59,116.75,116.23,115.02,126377,145.36,1638,72922.0, 57.70,2026-06-12
PARSVNATH, BE, 12-Jun-2026,3.38,3.32,3.32,3.32,3.32,3.32,3.32,110101,3.66,196,, -,2026-06-12
PARTH, ST, 12-Jun-2026,430.0,442.9,443.0,431.1,440.95,437.95,436.11,3600,15.7,8,2800.0, 77.78,2026-06-12
PARTYCRUS, SM, 12-Jun-2026,99.0,98.2,98.2,98.0,98.2,98.2,98.13,3000,2.94,3,3000.0, 100.00,2026-06-12
PASHUPATI, EQ, 12-Jun-2026,87.88,91.5,91.5,87.05,90.0,88.37,88.14,278817,245.75,1508,178820.0, 64.14,2026-06-12
PASUPTAC, BE, 12-Jun-2026,67.48,67.05,69.6,64.12,66.7,66.24,66.49,187431,124.63,1022,, -,2026-06-12
PATANJALI, EQ, 12-Jun-2026,419.1,425.0,427.5,422.1,426.8,425.55,425.37,2390987,10170.55,27679,731485.0, 30.59,2026-06-12
PATELENG, EQ, 12-Jun-2026,26.2,26.6,27.41,26.6,27.37,27.31,27.08,2816913,762.88,6625,1615369.0, 57.35,2026-06-12
PATELRMART, EQ, 12-Jun-2026,208.82,211.0,221.19,211.0,217.0,217.43,216.87,225626,489.31,4929,78505.0, 34.79,2026-06-12
PATILAUTOM, ST, 12-Jun-2026,180.0,184.0,187.65,184.0,186.95,186.95,186.23,5400,10.06,9,5400.0, 100.00,2026-06-12
PATINTLOG, EQ, 12-Jun-2026,12.87,12.9,13.3,12.9,13.19,13.11,13.2,45931,6.06,190,32534.0, 70.83,2026-06-12
PAUSHAKLTD, EQ, 12-Jun-2026,452.05,455.3,463.45,450.0,455.0,454.65,457.37,11485,52.53,708,6268.0, 54.58,2026-06-12
PAVNAIND, BE, 12-Jun-2026,16.15,16.31,16.74,16.31,16.7,16.62,16.6,24902,4.13,99,, -,2026-06-12
PAYTM, EQ, 12-Jun-2026,1023.1,1035.0,1077.0,1031.1,1066.0,1073.9,1055.22,1749987,18466.21,42116,520852.0, 29.76,2026-06-12
PCBL, EQ, 12-Jun-2026,277.75,284.0,292.7,283.05,290.05,290.25,287.48,1119149,3217.34,21853,382122.0, 34.14,2026-06-12
PCCL, SM, 12-Jun-2026,271.55,279.0,279.0,279.0,279.0,279.0,279.0,800,2.23,2,800.0, 100.00,2026-06-12
PCJEWELLER, EQ, 12-Jun-2026,8.74,8.85,8.96,8.76,8.9,8.92,8.86,30528438,2704.26,16863,11567796.0, 37.89,2026-06-12
PDMJEPAPER, EQ, 12-Jun-2026,79.38,80.17,82.2,80.17,81.01,81.14,80.9,58550,47.37,1065,38084.0, 65.05,2026-06-12
PDSL, EQ, 12-Jun-2026,300.35,301.3,307.7,296.0,306.9,305.8,302.36,53346,161.3,3678,31214.0, 58.51,2026-06-12
PEARLPOLY, BE, 12-Jun-2026,18.1,18.05,19.0,17.72,19.0,18.0,18.02,10167,1.83,56,, -,2026-06-12
PELATRO, SM, 12-Jun-2026,258.1,254.2,260.0,253.2,260.0,260.0,257.15,7800,20.06,21,6600.0, 84.62,2026-06-12
PENIND, EQ, 12-Jun-2026,147.83,150.0,155.45,150.0,154.73,155.06,153.77,366000,562.79,4044,169138.0, 46.21,2026-06-12
PENINLAND, BE, 12-Jun-2026,14.59,14.59,15.18,14.59,15.11,14.92,14.9,89022,13.26,290,, -,2026-06-12
PENTAGON, SM, 12-Jun-2026,55.55,55.0,55.0,55.0,55.0,55.0,55.0,1000,0.55,1,1000.0, 100.00,2026-06-12
PERSISTENT, EQ, 12-Jun-2026,4874.0,4920.0,4945.5,4794.0,4822.0,4811.0,4839.71,410246,19854.72,34023,169430.0, 41.30,2026-06-12
PETRONET, EQ, 12-Jun-2026,263.05,265.0,275.2,264.0,274.6,274.75,270.83,3007620,8145.62,38970,1617322.0, 53.77,2026-06-12
PFC, EQ, 12-Jun-2026,413.55,418.1,421.6,414.2,421.0,421.05,417.87,5544060,23166.75,51795,2877644.0, 51.90,2026-06-12
PFIZER, EQ, 12-Jun-2026,4572.9,4555.0,4578.1,4501.0,4512.0,4509.2,4522.78,16661,753.54,3370,9063.0, 54.40,2026-06-12
PFOCUS, BE, 12-Jun-2026,227.88,230.15,239.27,226.0,239.27,239.27,235.92,180211,425.16,1154,, -,2026-06-12
PFS, EQ, 12-Jun-2026,29.86,30.45,30.66,30.0,30.35,30.52,30.31,909837,275.74,2492,579335.0, 63.67,2026-06-12
PGEL, EQ, 12-Jun-2026,459.0,467.5,487.0,465.5,482.95,483.3,478.62,6143846,29405.83,68119,1588329.0, 25.85,2026-06-12
PGHH, EQ, 12-Jun-2026,9024.5,9064.0,9128.5,8959.5,8959.5,8993.5,9000.43,11406,1026.59,2920,5420.0, 47.52,2026-06-12
PGHL, EQ, 12-Jun-2026,6207.0,6210.0,6333.0,6205.0,6232.0,6287.0,6283.73,11828,743.24,3318,7808.0, 66.01,2026-06-12
PGIL, EQ, 12-Jun-2026,1622.5,1636.0,1661.3,1615.0,1625.8,1630.9,1630.93,56288,918.02,6995,39246.0, 69.72,2026-06-12
PGINVIT, IV, 12-Jun-2026,93.78,93.8,93.87,93.74,93.79,93.77,93.79,1238859,1161.94,4886,1200664.0, 96.92,2026-06-12
PHANTOMFX, SM, 12-Jun-2026,165.0,167.0,170.0,165.0,165.0,165.0,168.0,18900,31.75,31,16200.0, 85.71,2026-06-12
PHARMABEES, EQ, 12-Jun-2026,24.98,25.6,25.6,24.73,25.03,25.01,25.0,5491057,1372.81,7919,3940209.0, 71.76,2026-06-12
PHOENIXLTD, EQ, 12-Jun-2026,1732.8,1767.8,1785.0,1721.7,1751.1,1757.6,1748.44,408513,7142.6,31021,203294.0, 49.76,2026-06-12
PHOGLOBAL, SM, 12-Jun-2026,17.65,17.95,17.95,17.65,17.65,17.65,17.78,8000,1.42,4,8000.0, 100.00,2026-06-12
PICCADIL, EQ, 12-Jun-2026,575.8,577.2,584.8,575.15,581.45,580.95,579.64,62444,361.95,4098,34951.0, 55.97,2026-06-12
PIDILITIND, EQ, 12-Jun-2026,1498.8,1518.0,1553.9,1515.1,1529.8,1535.5,1535.62,1254231,19260.25,56760,624163.0, 49.76,2026-06-12
PIGL, EQ, 12-Jun-2026,100.99,101.99,105.75,98.5,104.5,104.56,103.51,154998,160.44,1539,122855.0, 79.26,2026-06-12
PIIND, EQ, 12-Jun-2026,2801.2,2815.0,2859.4,2811.6,2846.6,2841.7,2831.82,415063,11753.82,27676,212601.0, 51.22,2026-06-12
PILANIINVS, EQ, 12-Jun-2026,4208.7,4232.9,4325.0,4220.0,4324.9,4288.0,4256.91,1825,77.69,373,1113.0, 60.99,2026-06-12
PILITA, BE, 12-Jun-2026,7.98,8.34,8.34,7.92,8.1,8.0,8.05,39390,3.17,95,, -,2026-06-12
PINELABS, EQ, 12-Jun-2026,145.18,147.8,151.5,147.02,150.75,150.57,149.83,17659839,26460.4,78640,6145358.0, 34.80,2026-06-12
PIONEEREMB, EQ, 12-Jun-2026,24.83,24.83,24.83,24.1,24.19,24.2,24.19,1727,0.42,35,1345.0, 77.88,2026-06-12
PIONRINV, EQ, 12-Jun-2026,98.7,98.7,98.7,98.7,98.7,98.7,98.7,1,0.0,1,1.0, 100.00,2026-06-12
PIRAMALFIN, EQ, 12-Jun-2026,1950.2,1967.6,2027.0,1953.7,2013.6,2017.2,2007.28,396846,7965.8,25108,245865.0, 61.95,2026-06-12
PITTIENG, EQ, 12-Jun-2026,930.25,931.0,1005.0,931.0,983.05,993.0,979.68,104486,1023.63,5945,68352.0, 65.42,2026-06-12
PIXTRANS, EQ, 12-Jun-2026,1594.6,1604.9,1639.0,1586.9,1598.0,1604.2,1616.58,14619,236.33,1780,7946.0, 54.35,2026-06-12
PKTEA, EQ, 12-Jun-2026,780.0,780.0,780.0,725.05,757.95,757.95,759.2,423,3.21,72,339.0, 80.14,2026-06-12
PLADAINFO, SM, 12-Jun-2026,10.95,11.45,11.45,11.45,11.45,11.45,11.45,3000,0.34,1,3000.0, 100.00,2026-06-12
PLASTIBLEN, EQ, 12-Jun-2026,168.17,169.0,175.8,167.96,174.9,174.2,172.13,32926,56.67,1073,11479.0, 34.86,2026-06-12
PLATIND, EQ, 12-Jun-2026,215.82,218.4,225.5,216.44,225.0,224.87,221.07,51408,113.65,1389,28896.0, 56.21,2026-06-12
PLAZACABLE, BE, 12-Jun-2026,46.22,47.98,47.98,46.15,46.52,46.79,46.55,29203,13.6,135,, -,2026-06-12
PML, EQ, 12-Jun-2026,518.4,536.1,536.1,500.3,514.0,512.95,515.82,209,1.08,23,184.0, 88.04,2026-06-12
PNB, EQ, 12-Jun-2026,106.17,106.0,107.52,104.37,107.1,106.88,105.67,29965493,31664.5,63585,11126059.0, 37.13,2026-06-12
PNBGILTS, EQ, 12-Jun-2026,85.47,87.88,94.75,87.0,89.67,89.83,90.62,4163070,3772.7,25445,477519.0, 11.47,2026-06-12
PNBHOUSING, EQ, 12-Jun-2026,953.9,967.9,994.0,965.1,990.0,989.9,982.38,2049521,20134.0,47360,1246060.0, 60.80,2026-06-12
PNC, EQ, 12-Jun-2026,20.0,20.8,21.9,20.5,20.8,20.58,20.73,26075,5.4,186,22486.0, 86.24,2026-06-12
PNCINFRA, EQ, 12-Jun-2026,197.94,200.0,207.0,197.6,203.0,201.62,200.7,1150349,2308.75,14066,738328.0, 64.18,2026-06-12
PNGJL, EQ, 12-Jun-2026,537.35,540.1,550.05,533.0,546.0,547.55,539.39,240473,1297.08,16128,114933.0, 47.79,2026-06-12
PNGSREVA, EQ, 12-Jun-2026,364.55,367.35,383.0,367.35,382.8,378.35,376.64,71441,269.07,3178,37349.0, 52.28,2026-06-12
POCL, EQ, 12-Jun-2026,1183.4,1200.0,1275.8,1193.5,1270.0,1263.6,1235.92,385339,4762.49,15762,156843.0, 40.70,2026-06-12
PODDARMENT, EQ, 12-Jun-2026,256.9,262.95,266.0,255.0,259.8,258.5,259.01,2256,5.84,152,1721.0, 76.29,2026-06-12
POKARNA, EQ, 12-Jun-2026,818.5,820.0,849.8,820.0,846.0,846.15,838.3,52441,439.61,2792,33106.0, 63.13,2026-06-12
POLICYBZR, EQ, 12-Jun-2026,1504.2,1526.8,1551.9,1494.8,1542.6,1547.8,1523.44,917290,13974.32,39161,433712.0, 47.28,2026-06-12
POLYCAB, EQ, 12-Jun-2026,9372.0,9480.0,9576.0,9383.0,9543.5,9554.0,9495.58,162406,15421.4,26850,62508.0, 38.49,2026-06-12
POLYMED, EQ, 12-Jun-2026,1478.9,1496.9,1537.0,1462.3,1530.0,1532.4,1512.21,232269,3512.39,20056,77484.0, 33.36,2026-06-12
POLYPLEX, EQ, 12-Jun-2026,887.25,890.9,916.0,890.9,902.0,898.35,899.78,51582,464.12,2578,31144.0, 60.38,2026-06-12
POLYSIL, ST, 12-Jun-2026,131.25,131.05,137.8,127.0,137.0,135.95,131.01,21000,27.51,25,19500.0, 92.86,2026-06-12
PONNIERODE, EQ, 12-Jun-2026,314.9,319.6,320.5,312.05,319.85,315.3,314.72,8837,27.81,373,5684.0, 64.32,2026-06-12
POONAWALLA, EQ, 12-Jun-2026,372.5,376.0,393.45,375.75,393.0,391.9,387.52,2079603,8058.83,48113,1231122.0, 59.20,2026-06-12
POSITRON, ST, 12-Jun-2026,192.3,188.0,193.0,182.7,193.0,190.95,186.82,3900,7.29,12,3600.0, 92.31,2026-06-12
POWERGRID, EQ, 12-Jun-2026,286.65,288.9,288.9,282.7,284.95,284.8,284.61,5478294,15591.87,52136,2632949.0, 48.06,2026-06-12
POWERICA, EQ, 12-Jun-2026,440.95,445.95,464.95,445.1,460.0,458.75,454.94,195220,888.13,10074,71174.0, 36.46,2026-06-12
POWERINDIA, EQ, 12-Jun-2026,33250.0,33900.0,34435.0,33740.0,34350.0,34325.0,34132.91,117224,40011.97,37755,34417.0, 29.36,2026-06-12
POWERMECH, EQ, 12-Jun-2026,2598.4,2630.0,2809.5,2625.7,2787.0,2789.5,2747.23,582573,16004.62,57999,171852.0, 29.50,2026-06-12
PPAP, EQ, 12-Jun-2026,244.82,263.79,268.5,244.0,245.0,248.9,253.38,501317,1270.24,10380,124813.0, 24.90,2026-06-12
PPL, EQ, 12-Jun-2026,236.84,238.02,246.0,237.99,239.65,241.32,241.35,154140,372.02,3422,72088.0, 46.77,2026-06-12
PPLPHARMA, EQ, 12-Jun-2026,161.31,162.35,166.39,162.2,163.51,163.85,164.04,2616390,4291.86,44051,1189951.0, 45.48,2026-06-12
PPSL, ST, 12-Jun-2026,5.6,5.85,5.85,5.8,5.8,5.8,5.83,6000,0.35,2,6000.0, 100.00,2026-06-12
PRABHA, EQ, 12-Jun-2026,155.47,157.15,161.5,157.15,157.6,160.71,159.55,11657,18.6,297,6494.0, 55.71,2026-06-12
PRADPME, EQ, 12-Jun-2026,480.8,485.0,494.0,484.2,490.0,488.15,488.56,20018,97.8,954,15051.0, 75.19,2026-06-12
PRAENG, EQ, 12-Jun-2026,20.24,20.9,20.99,20.1,20.4,20.59,20.42,35274,7.2,185,20099.0, 56.98,2026-06-12
PRAJIND, EQ, 12-Jun-2026,328.5,336.0,336.0,324.1,333.3,332.1,329.7,1149143,3788.68,30360,435591.0, 37.91,2026-06-12
PRAKASH, EQ, 12-Jun-2026,136.13,137.24,141.98,137.24,141.5,141.3,140.13,206569,289.47,2605,110192.0, 53.34,2026-06-12
PRAKASHSTL, EQ, 12-Jun-2026,4.31,4.32,4.38,4.3,4.35,4.35,4.33,112318,4.87,329,83789.0, 74.60,2026-06-12
PRAMARA, SM, 12-Jun-2026,136.75,138.0,143.55,136.0,140.3,142.3,140.6,46000,64.68,71,29000.0, 63.04,2026-06-12
PRANIK, SM, 12-Jun-2026,47.5,43.75,50.7,43.75,50.7,50.7,49.26,14400,7.09,9,8000.0, 55.56,2026-06-12
PRATHAM, SM, 12-Jun-2026,115.2,117.0,120.0,117.0,117.25,117.25,117.38,10400,12.21,9,10400.0, 100.00,2026-06-12
PRAVEG, EQ, 12-Jun-2026,212.35,219.0,228.1,216.55,227.1,226.2,221.9,48802,108.29,1544,33201.0, 68.03,2026-06-12
PRAXIS, BE, 12-Jun-2026,7.18,7.4,7.4,6.91,7.24,7.13,7.07,24904,1.76,56,, -,2026-06-12
PRECAM, EQ, 12-Jun-2026,136.75,137.97,144.6,137.97,144.44,144.03,142.11,169801,241.3,3507,65082.0, 38.33,2026-06-12
PRECISION, SM, 12-Jun-2026,7.75,7.75,7.75,7.6,7.6,7.6,7.69,10000,0.77,5,10000.0, 100.00,2026-06-12
PRECOT, EQ, 12-Jun-2026,664.15,667.5,697.35,667.5,697.35,697.35,695.55,6655,46.29,208,5270.0, 79.19,2026-06-12
PRECWIRE, EQ, 12-Jun-2026,388.0,393.0,401.4,387.0,390.0,391.75,391.88,372619,1460.22,15249,152260.0, 40.86,2026-06-12
PREMCO, EQ, 12-Jun-2026,368.05,374.0,380.0,367.0,372.2,378.7,374.04,679,2.54,50,574.0, 84.54,2026-06-12
PREMEXPLN, EQ, 12-Jun-2026,654.85,662.0,696.8,662.0,688.0,692.65,680.63,646540,4400.55,16885,222932.0, 34.48,2026-06-12
PREMIER, BE, 12-Jun-2026,2.94,3.04,3.04,2.94,3.01,2.95,3.03,2382,0.07,17,, -,2026-06-12
PREMIERENE, EQ, 12-Jun-2026,1058.0,1070.0,1084.7,1025.4,1034.6,1034.6,1050.65,1125401,11824.01,32755,441345.0, 39.22,2026-06-12
PREMIERPOL, BE, 12-Jun-2026,55.07,54.11,56.3,54.11,56.1,56.07,55.94,241478,135.08,231,, -,2026-06-12
PREMIUM, SM, 12-Jun-2026,37.05,36.1,37.0,36.1,37.0,37.0,36.87,21000,7.74,3,21000.0, 100.00,2026-06-12
PRESSTONIC, SM, 12-Jun-2026,29.95,30.0,30.05,29.3,30.0,30.0,29.92,79200,23.7,81,72800.0, 91.92,2026-06-12
PRESTIGE, EQ, 12-Jun-2026,1325.3,1354.9,1394.0,1334.1,1387.9,1387.3,1360.98,465653,6337.45,22625,198039.0, 42.53,2026-06-12
PRICOLLTD, EQ, 12-Jun-2026,550.5,554.85,556.9,545.05,551.0,550.5,551.3,682263,3761.34,21836,412556.0, 60.47,2026-06-12
PRIMECAB, ST, 12-Jun-2026,115.0,119.9,120.75,113.2,118.0,116.65,117.04,62400,73.03,27,56000.0, 89.74,2026-06-12
PRIMESECU, EQ, 12-Jun-2026,285.7,285.8,296.0,284.1,296.0,289.65,289.07,19160,55.39,212,15631.0, 81.58,2026-06-12
PRIMO, EQ, 12-Jun-2026,24.19,24.43,25.44,24.02,24.9,24.58,24.64,196771,48.48,2032,108208.0, 54.99,2026-06-12
PRINCEPIPE, EQ, 12-Jun-2026,270.5,272.0,278.65,272.0,277.0,276.9,275.6,326604,900.14,8596,147874.0, 45.28,2026-06-12
PRITI, BE, 12-Jun-2026,38.38,38.99,39.5,37.26,39.1,39.03,38.4,7464,2.87,106,, -,2026-06-12
PRITIKA, SM, 12-Jun-2026,65.65,58.1,65.45,58.0,65.45,65.45,62.2,10000,6.22,5,8000.0, 80.00,2026-06-12
PRITIKAUTO, EQ, 12-Jun-2026,14.04,14.1,14.55,14.1,14.41,14.38,14.38,128195,18.43,654,91305.0, 71.22,2026-06-12
PRIVISCL, EQ, 12-Jun-2026,3243.2,3273.0,3455.0,3261.1,3454.8,3444.3,3389.59,294649,9987.39,29981,173561.0, 58.90,2026-06-12
PRIZOR, ST, 12-Jun-2026,830.55,850.0,872.05,850.0,872.05,872.05,866.61,36000,311.98,83,31200.0, 86.67,2026-06-12
PRLIND, SM, 12-Jun-2026,46.75,47.0,47.0,46.3,46.95,46.95,46.61,7000,3.26,7,6000.0, 85.71,2026-06-12
PROFX, SM, 12-Jun-2026,75.95,75.15,75.15,75.15,75.15,75.15,75.15,3200,2.4,2,3200.0, 100.00,2026-06-12
PROPEQUITY, SM, 12-Jun-2026,219.9,210.0,229.0,210.0,229.0,229.0,218.0,1800,3.92,3,1800.0, 100.00,2026-06-12
PROSTARM, EQ, 12-Jun-2026,138.19,140.25,142.9,138.22,141.68,141.6,139.91,193882,271.27,2142,99277.0, 51.20,2026-06-12
PROTEAN, EQ, 12-Jun-2026,587.65,600.0,626.3,592.05,616.0,617.4,612.76,382071,2341.19,13559,149520.0, 39.13,2026-06-12
PROV, SM, 12-Jun-2026,1481.0,1460.0,1539.0,1460.0,1539.0,1539.0,1499.5,160,2.4,2,160.0, 100.00,2026-06-12
PROZONER, EQ, 12-Jun-2026,47.78,48.1,49.45,46.8,48.0,47.6,47.51,228362,108.5,1580,141733.0, 62.07,2026-06-12
PRSMJOHNSN, EQ, 12-Jun-2026,117.59,117.77,119.59,117.45,117.88,117.89,117.82,396481,467.14,9109,263866.0, 66.55,2026-06-12
PRUDENT, EQ, 12-Jun-2026,2816.9,2843.0,2912.7,2810.0,2910.0,2909.1,2877.92,31807,915.38,5520,19685.0, 61.89,2026-06-12
PRUDMOULI, BE, 12-Jun-2026,14.87,14.5,15.6,14.5,14.91,14.95,14.57,6602,0.96,21,, -,2026-06-12
PSB, EQ, 12-Jun-2026,23.4,23.8,24.19,23.42,24.05,24.02,23.77,2147540,510.53,5867,942169.0, 43.87,2026-06-12
PSFL, SM, 12-Jun-2026,29.5,29.5,30.5,29.5,30.0,30.0,30.0,38000,11.4,3,38000.0, 100.00,2026-06-12
PSPPROJECT, EQ, 12-Jun-2026,877.9,893.0,923.9,889.0,912.5,917.2,910.96,161387,1470.17,6723,94582.0, 58.61,2026-06-12
PSRAJ, ST, 12-Jun-2026,405.0,416.9,416.95,400.0,416.95,414.2,412.07,6000,24.72,11,5500.0, 91.67,2026-06-12
PSUBANK, EQ, 12-Jun-2026,829.35,838.33,854.0,838.33,852.37,853.0,846.26,24693,208.97,864,17220.0, 69.74,2026-06-12
PSUBANKADD, EQ, 12-Jun-2026,84.18,85.27,86.45,84.63,86.19,85.82,85.81,98974,84.93,344,70258.0, 70.99,2026-06-12
PSUBNKBEES, EQ, 12-Jun-2026,92.73,94.89,95.43,92.75,95.25,95.3,94.73,4877925,4621.04,7004,3486534.0, 71.48,2026-06-12
PSUBNKIETF, EQ, 12-Jun-2026,84.24,85.3,86.58,85.15,86.35,86.45,86.01,206779,177.85,1310,104637.0, 50.60,2026-06-12
PTC, EQ, 12-Jun-2026,183.16,185.0,190.6,184.53,189.2,189.2,187.93,1237733,2326.13,19242,633758.0, 51.20,2026-06-12
PTCIL, EQ, 12-Jun-2026,18180.0,18368.0,18673.0,18300.0,18600.0,18602.0,18468.63,10057,1857.39,3970,4350.0, 43.25,2026-06-12
PTL, EQ, 12-Jun-2026,40.02,40.0,40.85,40.0,40.78,40.75,40.51,94774,38.39,956,78192.0, 82.50,2026-06-12
PULZ, SM, 12-Jun-2026,23.4,22.6,24.3,22.6,24.0,24.15,23.63,6000,1.42,3,4000.0, 66.67,2026-06-12
PUNJABCHEM, EQ, 12-Jun-2026,998.4,1009.0,1015.0,995.0,1000.0,1005.2,1006.67,4073,41.0,588,2045.0, 50.21,2026-06-12
PURPLEUTED, SM, 12-Jun-2026,380.25,382.0,399.25,375.0,382.0,378.95,385.21,40500,156.01,134,31750.0, 78.40,2026-06-12
PURVA, EQ, 12-Jun-2026,203.39,206.9,209.8,203.82,209.48,209.18,207.55,83504,173.31,2058,46500.0, 55.69,2026-06-12
PURVFLEXI, ST, 12-Jun-2026,51.0,48.5,52.85,48.5,52.8,52.8,50.5,5600,2.83,6,4800.0, 85.71,2026-06-12
PUSHPA, SM, 12-Jun-2026,109.95,111.8,111.8,104.5,105.0,105.85,106.19,27000,28.67,22,16000.0, 59.26,2026-06-12
PVP, EQ, 12-Jun-2026,30.87,31.29,32.74,30.6,31.07,31.1,31.2,380999,118.88,1895,180586.0, 47.40,2026-06-12
PVRINOX, EQ, 12-Jun-2026,945.15,958.7,964.0,939.05,941.0,943.5,944.39,281412,2657.62,12294,160169.0, 56.92,2026-06-12
PVSL, EQ, 12-Jun-2026,93.07,94.0,96.05,92.85,95.0,94.6,94.23,48090,45.31,1059,26214.0, 54.51,2026-06-12
PVTBANIETF, EQ, 12-Jun-2026,27.1,27.18,27.9,27.17,27.86,27.85,27.54,13380132,3684.49,3733,11175711.0, 83.52,2026-06-12
PVTBANKADD, EQ, 12-Jun-2026,27.22,27.6,28.01,27.36,27.9,27.9,27.77,106974,29.71,272,95347.0, 89.13,2026-06-12
PVTBKGROWW, EQ, 12-Jun-2026,26.91,27.45,28.5,26.75,28.5,27.65,27.26,56437,15.39,822,35011.0, 62.04,2026-06-12
PWL, EQ, 12-Jun-2026,105.95,107.5,108.54,105.65,107.0,106.79,106.56,6441229,6863.83,27755,2855215.0, 44.33,2026-06-12
PYRAMID, EQ, 12-Jun-2026,161.9,161.1,170.0,161.1,168.0,168.06,166.8,25165,41.98,1084,11713.0, 46.54,2026-06-12
QFIL, SM, 12-Jun-2026,50.8,53.3,53.3,53.3,53.3,53.3,53.3,1000,0.53,1,1000.0, 100.00,2026-06-12
QGOLDHALF, EQ, 12-Jun-2026,119.73,121.89,123.47,121.28,122.1,122.14,122.04,189900,231.76,1181,113854.0, 59.95,2026-06-12
QLINE, SM, 12-Jun-2026,504.35,510.0,523.0,492.0,508.0,509.3,509.64,287200,1463.69,541,174400.0, 60.72,2026-06-12
QMSMEDI, SM, 12-Jun-2026,90.4,90.35,95.9,90.35,95.9,95.3,93.95,14000,13.15,14,12000.0, 85.71,2026-06-12
QNIFTY, EQ, 12-Jun-2026,254.0,256.8,259.0,255.27,259.0,258.99,256.74,7898,20.28,60,7363.0, 93.23,2026-06-12
QPOWER, BE, 12-Jun-2026,1163.0,1180.0,1221.1,1154.1,1221.1,1221.1,1192.54,250571,2988.17,5320,, -,2026-06-12
QUADFUTURE, EQ, 12-Jun-2026,333.4,337.7,345.0,333.4,341.3,342.25,340.83,253440,863.79,5603,113856.0, 44.92,2026-06-12
QUAL30IETF, EQ, 12-Jun-2026,20.16,20.43,20.48,20.18,20.42,20.35,20.3,297121,60.31,183,272091.0, 91.58,2026-06-12
QUALITY30, EQ, 12-Jun-2026,19.79,19.95,20.2,19.85,20.2,20.11,19.9,13887,2.76,24,9263.0, 66.70,2026-06-12
QUESS, EQ, 12-Jun-2026,242.12,244.8,244.99,239.04,244.1,244.02,243.03,473615,1151.02,8866,203025.0, 42.87,2026-06-12
QUESTLAB, SM, 12-Jun-2026,99.75,99.9,102.0,99.25,102.0,101.05,100.17,22800,22.84,17,12000.0, 52.63,2026-06-12
QUICKHEAL, BE, 12-Jun-2026,166.77,167.89,172.0,163.0,170.8,170.62,168.75,68325,115.3,1492,, -,2026-06-12
QUICKTOUCH, SM, 12-Jun-2026,25.6,24.35,26.65,24.35,26.65,26.65,24.81,4000,0.99,7,3500.0, 87.50,2026-06-12
QUINT, EQ, 12-Jun-2026,43.55,43.55,43.55,41.75,42.0,42.85,42.15,2223,0.94,22,1943.0, 87.40,2026-06-12
QVCEL, SM, 12-Jun-2026,24.4,24.0,25.3,23.25,25.3,25.3,24.18,4800,1.16,3,3200.0, 66.67,2026-06-12
RACE, BE, 12-Jun-2026,107.0,111.99,111.99,107.61,107.86,107.94,109.77,1278,1.4,23,, -,2026-06-12
RACLGEAR, EQ, 12-Jun-2026,1230.1,1260.1,1284.0,1235.0,1283.8,1277.4,1268.03,16515,209.41,1843,7406.0, 44.84,2026-06-12
RADAAN, EQ, 12-Jun-2026,3.07,3.03,3.15,2.82,3.06,2.91,3.04,11851,0.36,87,7776.0, 65.61,2026-06-12
RADHIKAJWE, EQ, 12-Jun-2026,55.34,56.2,57.0,55.46,56.75,56.55,56.04,140382,78.66,1778,57041.0, 40.63,2026-06-12
RADIANTCMS, EQ, 12-Jun-2026,39.16,39.65,41.5,38.95,40.15,40.12,39.74,110096,43.76,1367,77998.0, 70.85,2026-06-12
RADICO, EQ, 12-Jun-2026,3449.9,3484.9,3557.6,3460.2,3540.0,3541.7,3531.08,302638,10686.4,23828,177568.0, 58.67,2026-06-12
RADIOCITY, EQ, 12-Jun-2026,6.14,6.14,6.2,6.03,6.13,6.08,6.08,24148,1.47,124,16810.0, 69.61,2026-06-12
RADIOWALLA, SM, 12-Jun-2026,27.1,26.3,26.85,26.3,26.85,26.85,26.44,6400,1.69,4,4800.0, 75.00,2026-06-12
RAILTEL, EQ, 12-Jun-2026,294.5,300.85,311.0,297.0,310.7,308.75,303.57,926300,2811.95,17768,379031.0, 40.92,2026-06-12
RAIN, EQ, 12-Jun-2026,194.69,197.55,202.3,194.81,197.0,196.87,198.26,3813919,7561.3,25846,1207888.0, 31.67,2026-06-12
RAINBOW, EQ, 12-Jun-2026,1339.9,1340.0,1368.0,1340.0,1365.0,1365.0,1358.52,72355,982.95,9484,41423.0, 57.25,2026-06-12
RAJESHEXPO, BZ, 12-Jun-2026,80.43,76.41,76.41,76.41,76.41,76.41,76.41,1445658,1104.63,4216,, -,2026-06-12
RAJINDLTD, SM, 12-Jun-2026,72.95,72.3,72.3,72.3,72.3,72.3,72.3,1500,1.08,1,1500.0, 100.00,2026-06-12
RAJMET, EQ, 12-Jun-2026,3.67,3.67,3.75,3.67,3.7,3.69,3.71,153993,5.71,678,113864.0, 73.94,2026-06-12
RAJOOENG, EQ, 12-Jun-2026,53.25,53.25,55.0,52.4,54.8,54.44,53.74,335196,180.13,2617,138509.0, 41.32,2026-06-12
RAJPALAYAM, EQ, 12-Jun-2026,811.45,818.4,847.6,804.2,838.0,842.4,817.43,1744,14.26,164,1438.0, 82.45,2026-06-12
RAJPUTANA, SM, 12-Jun-2026,205.0,204.95,207.95,203.0,207.0,207.0,205.44,12500,25.68,23,11000.0, 88.00,2026-06-12
RAJRATAN, EQ, 12-Jun-2026,437.5,436.0,465.9,436.0,457.15,459.2,457.6,155486,711.51,5933,80640.0, 51.86,2026-06-12
RAJRILTD, BE, 12-Jun-2026,20.35,20.0,20.75,19.95,20.28,20.25,20.2,5251,1.06,77,, -,2026-06-12
RAJSREESUG, EQ, 12-Jun-2026,31.41,31.98,32.58,31.9,32.5,32.48,32.23,25576,8.24,308,13639.0, 53.33,2026-06-12
RAJTV, EQ, 12-Jun-2026,12.12,12.36,12.36,11.58,11.9,11.75,11.79,135059,15.92,415,107951.0, 79.93,2026-06-12
RALLIS, EQ, 12-Jun-2026,222.83,224.25,229.34,224.25,228.0,228.77,227.58,237789,541.17,8216,131388.0, 55.25,2026-06-12
RAMANEWS, EQ, 12-Jun-2026,28.99,28.89,29.8,28.1,29.75,29.15,28.71,42389,12.17,201,31447.0, 74.19,2026-06-12
RAMAPHO, EQ, 12-Jun-2026,121.02,122.9,124.0,120.5,120.5,121.35,121.91,28970,35.32,688,16937.0, 58.46,2026-06-12
RAMASTEEL, EQ, 12-Jun-2026,5.15,5.23,5.27,5.16,5.24,5.22,5.21,2339911,121.92,3783,1378098.0, 58.90,2026-06-12
RAMCOCEM, EQ, 12-Jun-2026,851.0,856.5,886.5,846.2,876.0,880.6,872.99,312755,2730.32,10511,221207.0, 70.73,2026-06-12
RAMCOIND, EQ, 12-Jun-2026,279.2,282.4,298.8,275.0,292.4,291.6,289.65,267018,773.41,5351,75105.0, 28.13,2026-06-12
RAMCOSYS, EQ, 12-Jun-2026,549.8,561.0,581.5,551.0,562.5,562.15,568.03,463028,2630.14,13845,109459.0, 23.64,2026-06-12
RAMKY, EQ, 12-Jun-2026,415.05,415.45,440.0,415.45,439.9,438.35,433.95,81531,353.81,2883,35994.0, 44.15,2026-06-12
RAMRAT, EQ, 12-Jun-2026,366.8,372.55,383.0,368.8,381.5,379.2,374.97,112225,420.81,3820,49593.0, 44.19,2026-06-12
RANASUG, EQ, 12-Jun-2026,12.58,12.85,12.85,12.45,12.6,12.64,12.62,111455,14.07,410,85538.0, 76.75,2026-06-12
RANEHOLDIN, EQ, 12-Jun-2026,1371.0,1376.0,1475.0,1376.0,1473.0,1450.0,1437.28,11385,163.63,1689,6347.0, 55.75,2026-06-12
RAPPID, SM, 12-Jun-2026,230.1,230.45,230.45,230.1,230.1,230.1,230.19,2400,5.52,4,2400.0, 100.00,2026-06-12
RATEGAIN, EQ, 12-Jun-2026,772.75,788.0,797.0,775.0,783.0,783.05,785.47,327158,2569.73,14234,151963.0, 46.45,2026-06-12
RATNAMANI, EQ, 12-Jun-2026,2532.3,2536.0,2600.0,2528.5,2580.0,2580.5,2564.11,16455,421.92,2530,9260.0, 56.27,2026-06-12
RATNAVEER, EQ, 12-Jun-2026,159.9,162.78,166.5,160.65,163.63,164.31,163.23,685152,1118.4,9394,259475.0, 37.87,2026-06-12
RAYMOND, EQ, 12-Jun-2026,555.05,563.9,586.0,562.55,585.0,580.7,572.91,841218,4819.39,15395,381801.0, 45.39,2026-06-12
RAYMONDLSL, EQ, 12-Jun-2026,769.5,779.9,800.45,779.0,797.0,794.75,790.83,229696,1816.51,10929,117671.0, 51.23,2026-06-12
RAYMONDREL, EQ, 12-Jun-2026,562.6,572.4,597.45,572.4,592.5,593.4,589.36,416399,2454.07,10944,189034.0, 45.40,2026-06-12
RBA, EQ, 12-Jun-2026,68.05,68.42,69.1,68.05,68.9,68.85,68.78,2843650,1955.75,8084,2155829.0, 75.81,2026-06-12
RBLBANK, EQ, 12-Jun-2026,359.1,363.0,368.45,353.55,366.9,365.85,362.6,8410483,30496.14,62386,3581064.0, 42.58,2026-06-12
RBMINFRA, SM, 12-Jun-2026,305.0,305.0,309.95,300.0,306.0,304.35,304.53,8400,25.58,40,6600.0, 78.57,2026-06-12
RBS, ST, 12-Jun-2026,88.1,88.0,89.0,86.0,89.0,89.0,86.64,12000,10.4,13,9600.0, 80.00,2026-06-12
RBZJEWEL, EQ, 12-Jun-2026,128.91,129.06,135.24,128.7,134.0,134.51,132.56,72317,95.86,1634,40363.0, 55.81,2026-06-12
RCDL, SM, 12-Jun-2026,26.85,27.5,27.5,26.3,27.5,27.25,27.21,66000,17.96,5,66000.0, 100.00,2026-06-12
RCF, EQ, 12-Jun-2026,124.63,126.0,127.8,125.1,127.58,127.35,126.44,1263990,1598.14,11170,490021.0, 38.77,2026-06-12
RCOM, BE, 12-Jun-2026,0.92,0.92,0.94,0.92,0.94,0.93,0.93,1606557,14.88,1618,, -,2026-06-12
READYMIX, SM, 12-Jun-2026,73.0,73.0,73.0,70.0,70.0,70.7,71.12,12000,8.53,12,11000.0, 91.67,2026-06-12
RECLTD, EQ, 12-Jun-2026,336.85,341.25,348.75,339.9,347.4,348.05,344.52,2634728,9077.29,31393,1210307.0, 45.94,2026-06-12
REDINGTON, EQ, 12-Jun-2026,231.04,234.8,236.99,232.01,236.47,236.13,234.92,2152304,5056.28,42756,783476.0, 36.40,2026-06-12
REDTAPE, EQ, 12-Jun-2026,131.91,132.35,135.95,130.58,133.5,133.87,132.91,507894,675.03,5402,303605.0, 59.78,2026-06-12
REFEX, EQ, 12-Jun-2026,296.05,302.0,311.9,302.0,311.4,311.0,308.54,612019,1888.29,9751,242803.0, 39.67,2026-06-12
REFRACTORY, SM, 12-Jun-2026,31.0,32.55,32.55,31.0,31.0,31.0,31.88,7000,2.23,7,6000.0, 85.71,2026-06-12
REGAAL, BE, 12-Jun-2026,80.92,82.0,82.5,80.0,82.35,80.76,80.8,62034,50.12,360,, -,2026-06-12
REGENCERAM, EQ, 12-Jun-2026,39.87,40.06,41.0,39.01,41.0,39.42,39.84,2921,1.16,28,2579.0, 88.29,2026-06-12
RELAXO, EQ, 12-Jun-2026,336.7,339.35,346.0,339.35,344.0,342.65,342.64,159462,546.38,6513,30040.0, 18.84,2026-06-12
RELCHEMQ, EQ, 12-Jun-2026,119.21,119.21,143.05,119.21,143.05,141.29,136.93,115569,158.25,1653,38813.0, 33.58,2026-06-12
RELIABLE, EQ, 12-Jun-2026,144.79,147.0,149.9,142.5,147.0,147.84,145.59,78857,114.81,648,29585.0, 37.52,2026-06-12
RELIANCE, EQ, 12-Jun-2026,1263.0,1277.0,1297.0,1262.5,1296.4,1293.0,1277.16,11988785,153116.01,196811,6180742.0, 51.55,2026-06-12
RELIGARE, EQ, 12-Jun-2026,231.09,231.35,241.26,229.84,240.0,239.82,237.39,683668,1622.95,9598,422298.0, 61.77,2026-06-12
RELTD, EQ, 12-Jun-2026,131.87,133.7,136.7,130.4,136.5,136.0,133.89,384974,515.45,5015,191889.0, 49.84,2026-06-12
REMSONSIND, EQ, 12-Jun-2026,84.47,86.84,89.49,86.0,88.34,88.86,87.92,143488,126.16,2789,88974.0, 62.01,2026-06-12
REMUS, SM, 12-Jun-2026,682.8,685.0,703.0,680.0,695.05,696.35,689.16,2500,17.23,23,2000.0, 80.00,2026-06-12
RENUKA, EQ, 12-Jun-2026,21.68,21.99,22.39,21.81,22.32,22.29,22.11,5743642,1269.98,10678,2545882.0, 44.33,2026-06-12
REPCOHOME, EQ, 12-Jun-2026,368.8,370.5,383.25,369.7,382.0,381.65,378.68,184506,698.69,5003,122332.0, 66.30,2026-06-12
REPL, EQ, 12-Jun-2026,69.53,74.0,74.0,68.03,71.0,70.56,70.16,3909,2.74,129,2036.0, 52.08,2026-06-12
REPRO, EQ, 12-Jun-2026,350.8,351.0,358.0,351.0,355.0,356.4,356.09,2434,8.67,188,1704.0, 70.01,2026-06-12
RESPONIND, EQ, 12-Jun-2026,164.43,165.8,176.0,165.8,174.3,174.73,171.55,52792,90.57,1432,22850.0, 43.28,2026-06-12
RETAIL, EQ, 12-Jun-2026,18.01,18.6,18.96,17.4,18.47,17.98,18.36,8624,1.58,214,6962.0, 80.73,2026-06-12
REXPRO, SM, 12-Jun-2026,39.4,39.0,39.0,38.4,38.4,38.4,38.65,3000,1.16,3,3000.0, 100.00,2026-06-12
RFBL, SM, 12-Jun-2026,76.8,77.7,83.05,77.15,77.15,77.5,79.1,174000,137.63,57,108000.0, 62.07,2026-06-12
RGL, EQ, 12-Jun-2026,102.67,103.57,105.7,103.57,104.2,104.65,104.72,618836,648.04,5279,225033.0, 36.36,2026-06-12
RHETAN, EQ, 12-Jun-2026,31.44,32.0,32.41,29.52,30.0,29.96,30.58,22408234,6853.02,22266,3201455.0, 14.29,2026-06-12
RHFL, BZ, 12-Jun-2026,2.15,2.2,2.2,2.13,2.19,2.18,2.16,528708,11.44,673,, -,2026-06-12
RHIM, EQ, 12-Jun-2026,358.2,362.7,369.45,359.95,367.6,367.8,365.44,118660,433.63,5055,36212.0, 30.52,2026-06-12
RHL, EQ, 12-Jun-2026,177.01,177.1,179.0,175.7,178.0,177.04,177.92,5096,9.07,52,4451.0, 87.34,2026-06-12
RICHA, ST, 12-Jun-2026,92.0,92.0,93.0,91.0,93.0,93.0,92.0,34000,31.28,6,34000.0, 100.00,2026-06-12
RICOAUTO, EQ, 12-Jun-2026,127.42,129.5,134.34,129.49,132.8,133.19,132.58,2415303,3202.29,17087,663948.0, 27.49,2026-06-12
RIIL, EQ, 12-Jun-2026,772.1,779.9,791.0,777.0,790.0,787.85,784.36,69903,548.29,3040,22985.0, 32.88,2026-06-12
RIIT, IV, 12-Jun-2026,111.87,111.87,113.61,111.61,112.14,112.93,112.22,1225900,1375.68,6613,1124173.0, 91.70,2026-06-12
RILINFRA, SM, 12-Jun-2026,34.75,34.3,35.0,34.15,34.25,34.3,34.45,3100,1.07,24,2300.0, 74.19,2026-06-12
RISHABH, EQ, 12-Jun-2026,536.4,540.3,559.0,535.05,552.0,556.45,550.95,185867,1024.03,10656,102059.0, 54.91,2026-06-12
RITCO, EQ, 12-Jun-2026,247.0,247.0,255.95,243.9,255.0,251.75,248.73,45459,113.07,1046,19279.0, 42.41,2026-06-12
RITES, EQ, 12-Jun-2026,200.51,202.49,206.7,201.81,206.5,206.06,204.24,300908,614.58,10726,125957.0, 41.86,2026-06-12
RKDL, EQ, 12-Jun-2026,18.03,18.03,18.7,18.03,18.49,18.47,18.47,18343,3.39,121,13676.0, 74.56,2026-06-12
RKEC, EQ, 12-Jun-2026,27.1,28.58,29.49,27.21,27.45,27.58,28.11,52733,14.83,322,32920.0, 62.43,2026-06-12
RKFORGE, EQ, 12-Jun-2026,561.95,567.1,595.0,567.1,592.2,592.2,584.14,776746,4537.32,22108,450292.0, 57.97,2026-06-12
RKSWAMY, EQ, 12-Jun-2026,98.08,98.03,101.5,97.7,99.7,99.56,99.12,50606,50.16,1364,34650.0, 68.47,2026-06-12
RMC, BE, 12-Jun-2026,288.7,287.85,303.1,287.85,301.6,300.15,301.4,53217,160.39,318,, -,2026-06-12
RMDRIP, EQ, 12-Jun-2026,17.69,18.0,18.57,17.76,18.57,18.57,18.46,1062389,196.12,2070,587567.0, 55.31,2026-06-12
RML, EQ, 12-Jun-2026,891.3,892.35,925.0,892.35,917.0,922.7,917.13,14666,134.51,1278,9095.0, 62.01,2026-06-12
RNBDENIMS, EQ, 12-Jun-2026,10.23,10.74,10.74,10.74,10.74,10.74,10.74,382181,41.05,207,315758.0, 82.62,2026-06-12
RNFI, SM, 12-Jun-2026,242.3,247.0,263.9,246.55,254.0,253.6,250.77,25800,64.7,38,18600.0, 72.09,2026-06-12
RNPL, SM, 12-Jun-2026,77.5,76.55,81.3,76.55,81.3,81.3,80.26,12000,9.63,10,8400.0, 70.00,2026-06-12
ROCKINGDCE, SM, 12-Jun-2026,184.25,185.0,192.5,184.25,192.5,192.5,185.5,2250,4.17,8,2250.0, 100.00,2026-06-12
ROHLTD, EQ, 12-Jun-2026,308.35,310.0,319.0,310.0,319.0,316.6,314.5,10955,34.45,705,6187.0, 56.48,2026-06-12
ROLEXRINGS, EQ, 12-Jun-2026,136.78,138.19,140.34,137.13,139.6,139.43,138.82,886340,1230.46,7739,390243.0, 44.03,2026-06-12
ROLLT, BE, 12-Jun-2026,2.6,2.67,2.73,2.47,2.71,2.71,2.68,710930,19.09,432,, -,2026-06-12
ROML, EQ, 12-Jun-2026,44.59,44.6,45.49,44.16,45.35,45.4,44.94,1485,0.67,35,1019.0, 68.62,2026-06-12
ROSSARI, EQ, 12-Jun-2026,488.65,498.0,512.0,490.6,505.0,503.95,501.59,115938,581.54,7881,42715.0, 36.84,2026-06-12
ROSSELLIND, EQ, 12-Jun-2026,53.92,53.81,54.5,53.06,53.56,53.84,53.97,14161,7.64,231,11004.0, 77.71,2026-06-12
ROSSTECH, EQ, 12-Jun-2026,970.8,995.1,1007.4,984.2,991.0,995.4,996.88,102971,1026.5,7007,50273.0, 48.82,2026-06-12
ROTO, EQ, 12-Jun-2026,58.16,58.8,68.48,58.8,64.58,64.52,65.94,17740779,11698.5,72236,1156904.0, 6.52,2026-06-12
ROUTE, EQ, 12-Jun-2026,509.55,518.0,530.4,512.45,520.5,521.9,518.45,96667,501.17,5001,47927.0, 49.58,2026-06-12
ROXHITECH, ST, 12-Jun-2026,33.0,33.0,33.0,31.35,31.35,31.4,31.76,41600,13.21,24,38400.0, 92.31,2026-06-12
RPEL, EQ, 12-Jun-2026,1155.6,1159.8,1201.0,1159.05,1190.9,1189.05,1187.02,159838,1897.3,11018,85965.0, 53.78,2026-06-12
RPGLIFE, EQ, 12-Jun-2026,2199.6,2204.9,2308.8,2188.2,2230.3,2216.7,2234.41,20682,462.12,3418,8113.0, 39.23,2026-06-12
RPOWER, EQ, 12-Jun-2026,25.72,26.2,26.76,26.01,26.59,26.61,26.4,36195666,9556.06,36648,14338266.0, 39.61,2026-06-12
RPPINFRA, EQ, 12-Jun-2026,59.46,60.67,62.5,59.52,62.06,61.93,60.99,60486,36.89,851,37718.0, 62.36,2026-06-12
RPPL, EQ, 12-Jun-2026,17.79,18.6,18.6,17.6,18.2,18.05,18.01,33683,6.07,114,29582.0, 87.82,2026-06-12
RPSGVENT, EQ, 12-Jun-2026,870.15,890.0,890.0,864.35,872.2,872.4,872.2,14275,124.51,1270,7880.0, 55.20,2026-06-12
RPTECH, EQ, 12-Jun-2026,531.15,541.0,560.0,536.85,557.0,558.4,551.97,129836,716.66,5547,76895.0, 59.22,2026-06-12
RRIL, EQ, 12-Jun-2026,20.18,20.5,20.5,20.0,20.4,20.3,20.31,28410,5.77,89,24928.0, 87.74,2026-06-12
RRKABEL, EQ, 12-Jun-2026,2128.1,2155.0,2216.7,2142.1,2167.0,2168.2,2174.78,467495,10167.01,30053,209066.0, 44.72,2026-06-12
RSDFIN, EQ, 12-Jun-2026,80.0,80.0,80.0,80.0,80.0,80.0,80.0,50,0.04,2,50.0, 100.00,2026-06-12
RSL, EQ, 12-Jun-2026,128.17,128.05,132.21,127.22,130.5,130.39,130.21,554875,722.53,2957,189264.0, 34.11,2026-06-12
RSSOFTWARE, BE, 12-Jun-2026,31.27,32.0,32.0,30.26,31.5,31.17,31.31,19694,6.17,114,, -,2026-06-12
RSWM, EQ, 12-Jun-2026,205.03,205.23,210.99,202.0,210.28,209.15,207.99,204700,425.75,5386,103463.0, 50.54,2026-06-12
RSYSTEMS, EQ, 12-Jun-2026,243.15,245.0,254.0,244.95,253.0,251.4,250.43,260996,653.6,5406,88547.0, 33.93,2026-06-12
RTL, ST, 12-Jun-2026,87.7,87.6,87.7,83.4,87.7,85.55,84.21,34000,28.63,9,32000.0, 94.12,2026-06-12
RTNINDIA, EQ, 12-Jun-2026,35.0,35.5,36.49,35.31,36.49,36.4,35.97,1394636,501.69,6759,473506.0, 33.95,2026-06-12
RTNPOWER, EQ, 12-Jun-2026,8.98,9.02,9.27,9.0,9.27,9.24,9.14,12463321,1139.37,10385,4894806.0, 39.27,2026-06-12
RUBFILA, EQ, 12-Jun-2026,70.16,70.85,72.74,70.52,71.5,71.4,71.13,10548,7.5,186,8817.0, 83.59,2026-06-12
RUBICON, EQ, 12-Jun-2026,1285.3,1305.0,1331.5,1282.2,1291.0,1295.5,1302.68,664748,8659.53,51631,201226.0, 30.27,2026-06-12
RUBYMILLS, BE, 12-Jun-2026,342.9,342.9,348.9,330.0,331.0,332.2,336.0,19682,66.13,285,, -,2026-06-12
RUCHINFRA, EQ, 12-Jun-2026,6.05,6.1,6.27,6.0,6.22,6.18,6.11,100001,6.11,265,59888.0, 59.89,2026-06-12
RUCHIRA, EQ, 12-Jun-2026,107.97,109.76,109.78,106.7,109.0,108.69,107.72,69286,74.64,1064,47286.0, 68.25,2026-06-12
RUDRA, BE, 12-Jun-2026,17.5,17.5,17.99,17.42,17.69,17.94,17.87,21445,3.83,77,, -,2026-06-12
RULKA, SM, 12-Jun-2026,96.95,93.05,93.1,90.0,90.2,90.35,90.87,9300,8.45,31,8100.0, 87.10,2026-06-12
RUPA, EQ, 12-Jun-2026,144.6,144.7,150.2,144.7,149.1,149.51,148.41,39492,58.61,989,18687.0, 47.32,2026-06-12
RUSHIL, EQ, 12-Jun-2026,14.59,14.9,15.35,14.67,15.05,15.16,15.03,404978,60.86,698,209262.0, 51.67,2026-06-12
RUSTOMJEE, EQ, 12-Jun-2026,380.25,380.95,391.0,380.95,391.0,388.5,387.12,14792,57.26,1234,9677.0, 65.42,2026-06-12
RVHL, EQ, 12-Jun-2026,47.02,48.6,51.0,46.21,50.5,50.38,49.5,42741,21.16,605,26706.0, 62.48,2026-06-12
RVNL, EQ, 12-Jun-2026,222.19,228.5,234.0,225.1,233.9,233.26,228.88,7558813,17300.7,60037,2217785.0, 29.34,2026-06-12
RVTH, EQ, 12-Jun-2026,687.15,687.15,741.0,687.15,693.0,695.35,702.1,1193,8.38,110,1023.0, 85.75,2026-06-12
S&SPOWER, BE, 12-Jun-2026,397.2,399.95,417.0,382.55,409.9,387.1,391.45,924,3.62,36,, -,2026-06-12
SAAKSHI, SM, 12-Jun-2026,256.0,252.1,260.0,248.0,260.0,254.45,252.38,19800,49.97,29,11400.0, 57.58,2026-06-12
SAATVIKGL, EQ, 12-Jun-2026,462.9,469.95,484.5,466.0,477.0,476.4,474.41,138538,657.24,4433,73973.0, 53.40,2026-06-12
SABEVENTS, BE, 12-Jun-2026,6.95,6.8,7.29,6.8,7.29,7.28,7.24,21029,1.52,27,, -,2026-06-12
SACHEEROME, SM, 12-Jun-2026,343.75,346.0,347.0,327.0,328.0,328.95,336.81,30600,103.06,73,22500.0, 73.53,2026-06-12
SADBHAV, EQ, 12-Jun-2026,9.24,9.33,9.78,8.66,9.24,9.12,9.05,202281,18.31,674,143612.0, 71.00,2026-06-12
SADBHIN, BE, 12-Jun-2026,3.01,3.01,3.08,2.9,3.07,3.02,3.01,66301,2.0,118,, -,2026-06-12
SADHAV, SM, 12-Jun-2026,122.95,122.95,123.5,120.35,120.5,120.5,121.33,9000,10.92,15,7200.0, 80.00,2026-06-12
SADHNANIQ, BE, 12-Jun-2026,2.23,2.19,2.27,2.19,2.27,2.27,2.22,6126566,135.79,444,, -,2026-06-12
SAFARI, EQ, 12-Jun-2026,1517.6,1527.2,1574.0,1515.8,1520.0,1535.1,1533.49,66663,1022.27,4806,33596.0, 50.40,2026-06-12
SAFEENTP, SM, 12-Jun-2026,257.65,266.9,269.95,263.05,268.75,267.1,267.1,20500,54.75,36,12500.0, 60.98,2026-06-12
SAGARDEEP, EQ, 12-Jun-2026,24.5,24.5,25.4,24.3,25.2,24.65,25.01,7908,1.98,58,6201.0, 78.41,2026-06-12
SAGCEM, EQ, 12-Jun-2026,167.53,168.65,171.37,166.5,171.0,167.46,168.06,75622,127.09,1550,57836.0, 76.48,2026-06-12
SAGILITY, EQ, 12-Jun-2026,39.26,40.25,40.68,39.66,40.44,40.47,40.15,16031956,6436.12,54191,5975804.0, 37.27,2026-06-12
SAHAJSOLAR, SM, 12-Jun-2026,128.95,132.5,132.9,129.0,131.0,131.7,131.36,20000,26.27,43,11200.0, 56.00,2026-06-12
SAHANA, SM, 12-Jun-2026,713.85,745.0,789.5,720.0,777.0,769.85,749.84,17625,132.16,121,13625.0, 77.30,2026-06-12
SAHASRA, ST, 12-Jun-2026,271.95,275.5,284.0,270.0,283.95,282.1,276.83,27600,76.4,61,25600.0, 92.75,2026-06-12
SAHLIBHFI, EQ, 12-Jun-2026,74.69,75.1,77.8,73.6,75.65,76.68,76.34,9238,7.05,197,7415.0, 80.27,2026-06-12
SAHYADRI, EQ, 12-Jun-2026,266.3,269.2,269.2,262.55,265.0,264.2,264.75,10503,27.81,304,8624.0, 82.11,2026-06-12
SAIFL, SM, 12-Jun-2026,5.0,5.0,5.05,4.95,5.05,5.05,5.0,248000,12.41,52,176000.0, 70.97,2026-06-12
SAIL, EQ, 12-Jun-2026,181.36,184.9,185.82,180.35,183.6,184.09,183.11,10126753,18543.37,59309,4313510.0, 42.60,2026-06-12
SAILIFE, EQ, 12-Jun-2026,1181.2,1200.0,1244.2,1193.0,1214.0,1218.1,1217.35,333448,4059.23,19753,150669.0, 45.19,2026-06-12
SAIPARENT, EQ, 12-Jun-2026,558.35,571.0,596.5,564.2,575.0,569.5,576.76,337514,1946.63,10763,145722.0, 43.18,2026-06-12
SAKAR, EQ, 12-Jun-2026,803.05,810.0,841.5,810.0,829.0,824.1,829.09,104622,867.41,4323,65840.0, 62.93,2026-06-12
SAKHTISUG, EQ, 12-Jun-2026,17.62,17.62,17.79,17.25,17.62,17.65,17.56,75007,13.17,502,51003.0, 68.00,2026-06-12
SAKSOFT, EQ, 12-Jun-2026,138.17,139.0,141.0,135.2,138.5,137.85,138.8,298197,413.89,3162,180473.0, 60.52,2026-06-12
SAKUMA, BE, 12-Jun-2026,1.87,1.88,1.93,1.86,1.93,1.91,1.9,754484,14.33,793,, -,2026-06-12
SALASAR, EQ, 12-Jun-2026,6.42,6.6,7.07,6.53,7.0,6.96,6.8,5611953,381.83,4990,3603575.0, 64.21,2026-06-12
SALONA, EQ, 12-Jun-2026,266.3,267.0,272.65,258.0,258.0,259.1,262.04,718,1.88,35,472.0, 65.74,2026-06-12
SALSTEEL, BE, 12-Jun-2026,57.84,55.51,60.0,55.0,59.38,59.09,56.88,186835,106.27,706,, -,2026-06-12
SALZERELEC, EQ, 12-Jun-2026,619.4,633.0,637.0,615.55,636.0,634.9,628.95,41890,263.47,2466,18273.0, 43.62,2026-06-12
SAMBHAAV, EQ, 12-Jun-2026,6.24,6.5,6.57,6.21,6.47,6.32,6.31,20112,1.27,83,12442.0, 61.86,2026-06-12
SAMBHV, EQ, 12-Jun-2026,103.79,105.5,109.0,105.1,108.99,108.44,107.29,761607,817.14,5584,467441.0, 61.38,2026-06-12
SAMHI, EQ, 12-Jun-2026,159.72,160.99,164.48,160.16,164.0,163.49,161.98,647587,1048.97,10252,359239.0, 55.47,2026-06-12
SAMMAANCAP, EQ, 12-Jun-2026,167.97,171.0,174.98,169.42,174.7,174.42,172.53,13048147,22511.95,45596,4736940.0, 36.30,2026-06-12
SAMPANN, EQ, 12-Jun-2026,26.88,27.25,28.84,26.8,28.39,27.77,27.36,362667,99.24,432,295436.0, 81.46,2026-06-12
SANATHAN, EQ, 12-Jun-2026,409.05,411.75,418.75,402.05,407.0,407.35,409.36,20195,82.67,1207,11934.0, 59.09,2026-06-12
SANDESH, EQ, 12-Jun-2026,930.1,936.4,949.0,930.6,944.8,943.5,939.07,360,3.38,61,245.0, 68.06,2026-06-12
SANDHAR, EQ, 12-Jun-2026,734.65,750.0,763.2,707.4,712.0,712.0,732.64,843988,6183.42,21522,286318.0, 33.92,2026-06-12
SANDUMA, EQ, 12-Jun-2026,207.0,212.0,216.5,210.4,215.7,215.85,212.69,1249611,2657.76,13662,604718.0, 48.39,2026-06-12
SANGAMIND, EQ, 12-Jun-2026,529.35,530.0,544.8,525.5,543.0,542.25,539.0,49603,267.36,1889,33136.0, 66.80,2026-06-12
SANGHVIMOV, EQ, 12-Jun-2026,371.3,375.0,389.85,375.0,388.7,387.95,385.03,310635,1196.02,10350,98156.0, 31.60,2026-06-12
SANGINITA, BE, 12-Jun-2026,34.15,34.83,34.83,34.83,34.83,34.83,34.83,48597,16.93,113,, -,2026-06-12
SANOFI, EQ, 12-Jun-2026,3145.5,3184.0,3184.0,3085.2,3117.0,3120.9,3117.38,24030,749.11,4627,13281.0, 55.27,2026-06-12
SANOFICONR, EQ, 12-Jun-2026,4601.6,4600.0,4680.0,4592.0,4645.0,4616.9,4618.92,3332,153.9,937,1921.0, 57.65,2026-06-12
SANSERA, EQ, 12-Jun-2026,2861.5,2904.5,2950.0,2871.0,2910.0,2914.2,2914.9,233548,6807.68,30108,109579.0, 46.92,2026-06-12
SANSTAR, EQ, 12-Jun-2026,111.84,114.11,117.4,111.68,117.1,116.48,115.5,563976,651.38,3733,362604.0, 64.29,2026-06-12
SANWARIA, BZ, 12-Jun-2026,0.22,0.23,0.23,0.21,0.23,0.22,0.22,623701,1.4,161,, -,2026-06-12
SAPPHIRE, EQ, 12-Jun-2026,166.91,166.35,171.25,166.3,168.22,169.25,168.55,841712,1418.73,12235,385420.0, 45.79,2026-06-12
SAPPL, EQ, 12-Jun-2026,270.45,279.9,279.9,272.15,279.9,279.9,274.9,31,0.09,6,27.0, 87.10,2026-06-12
SARDAEN, EQ, 12-Jun-2026,522.1,526.05,530.0,508.05,521.0,520.45,515.29,751706,3873.49,49823,338791.0, 45.07,2026-06-12
SAREGAMA, EQ, 12-Jun-2026,452.3,459.0,469.0,449.0,458.85,455.85,461.41,1394362,6433.73,34817,381602.0, 27.37,2026-06-12
SARLAPOLY, EQ, 12-Jun-2026,95.82,97.2,99.4,97.2,98.0,97.82,97.86,50379,49.3,1059,24539.0, 48.71,2026-06-12
SARTELE, SM, 12-Jun-2026,107.55,110.0,112.9,107.2,111.5,111.25,110.7,82500,91.32,130,56500.0, 68.48,2026-06-12
SARVESHWAR, BE, 12-Jun-2026,3.43,3.44,3.48,3.3,3.46,3.43,3.42,989631,33.87,1588,, -,2026-06-12
SASKEN, EQ, 12-Jun-2026,2072.9,2100.5,2175.9,2100.5,2115.0,2120.6,2133.8,52430,1118.75,6299,13134.0, 25.05,2026-06-12
SATECH, SM, 12-Jun-2026,40.5,40.5,40.5,38.75,38.75,38.75,40.01,4000,1.6,4,4000.0, 100.00,2026-06-12
SATIA, EQ, 12-Jun-2026,52.6,53.25,54.88,53.22,54.48,54.54,53.99,28413,15.34,538,16918.0, 59.54,2026-06-12
SATIN, EQ, 12-Jun-2026,219.69,225.0,230.0,220.41,227.0,226.32,223.86,444134,994.22,7318,217020.0, 48.86,2026-06-12
SATIPOLY, SM, 12-Jun-2026,38.95,37.25,37.5,37.25,37.5,37.5,37.35,1500,0.56,3,1000.0, 66.67,2026-06-12
SATKARTAR, ST, 12-Jun-2026,157.25,155.0,161.75,155.0,161.75,160.85,156.52,11200,17.53,14,9600.0, 85.71,2026-06-12
SATTVAENGG, SM, 12-Jun-2026,61.0,62.1,62.1,62.1,62.1,62.1,62.1,3200,1.99,2,3200.0, 100.00,2026-06-12
SAURASHCEM, EQ, 12-Jun-2026,56.89,57.15,59.8,57.15,59.8,59.43,58.54,29799,17.45,537,16144.0, 54.18,2026-06-12
SAVY, SM, 12-Jun-2026,133.1,136.0,139.0,133.0,139.0,139.0,135.78,4800,6.52,4,2400.0, 50.00,2026-06-12
SAWALIYA, SM, 12-Jun-2026,279.4,285.0,299.0,282.0,282.2,285.1,286.62,38400,110.06,49,19200.0, 50.00,2026-06-12
SAYAJIHOTL, EQ, 12-Jun-2026,282.0,290.0,295.0,290.0,295.0,295.0,290.02,201,0.58,2,201.0, 100.00,2026-06-12
SBC, EQ, 12-Jun-2026,36.97,36.97,37.7,36.71,37.4,37.18,37.34,18461673,6893.42,7184,6250291.0, 33.86,2026-06-12
SBCL, EQ, 12-Jun-2026,668.35,674.65,706.9,674.65,699.4,695.5,693.07,499764,3463.73,18911,220659.0, 44.15,2026-06-12
SBFC, EQ, 12-Jun-2026,89.86,90.01,91.56,90.01,90.77,90.59,90.67,1032463,936.14,8724,560801.0, 54.32,2026-06-12
SBGLP, EQ, 12-Jun-2026,25.86,25.34,26.48,25.34,25.6,25.83,26.03,12693,3.3,170,10383.0, 81.80,2026-06-12
SBIBPB, EQ, 12-Jun-2026,48.34,49.57,49.57,48.76,49.56,49.4,49.17,107555,52.89,422,54006.0, 50.21,2026-06-12
SBICARD, EQ, 12-Jun-2026,568.25,576.1,591.0,571.2,587.0,589.45,581.8,529582,3081.1,14773,181196.0, 34.21,2026-06-12
SBIETFCON, EQ, 12-Jun-2026,113.86,115.0,115.89,114.27,115.89,115.72,114.79,5545,6.37,85,1395.0, 25.16,2026-06-12
SBIETFIT, EQ, 12-Jun-2026,308.58,305.49,311.89,305.49,308.66,308.25,308.57,14663,45.25,293,13116.0, 89.45,2026-06-12
SBIETFPB, EQ, 12-Jun-2026,274.22,276.45,281.59,275.33,280.5,280.88,278.98,5915,16.5,139,5572.0, 94.20,2026-06-12
SBIETFQLTY, EQ, 12-Jun-2026,212.78,214.56,247.28,213.19,225.0,217.33,214.1,12963,27.75,53,12865.0, 99.24,2026-06-12
SBILIFE, EQ, 12-Jun-2026,1719.1,1742.0,1744.9,1700.4,1705.2,1706.0,1710.27,1438254,24598.09,68356,976769.0, 67.91,2026-06-12
SBILIQETF, EQ, 12-Jun-2026,1042.6,1043.01,1043.03,1043.01,1043.03,1043.03,1043.03,136085,1419.41,73,134825.0, 99.07,2026-06-12
SBIMIDMOM, EQ, 12-Jun-2026,60.5,61.42,63.7,61.2,62.49,62.49,61.67,17882,11.03,60,12154.0, 67.97,2026-06-12
SBIN, EQ, 12-Jun-2026,1000.7,1018.0,1018.7,1004.35,1016.4,1017.15,1012.08,11081119,112150.18,193711,5804492.0, 52.38,2026-06-12
SBINEQWETF, EQ, 12-Jun-2026,31.9,31.7,32.5,31.7,32.26,32.38,32.15,28787,9.26,228,14338.0, 49.81,2026-06-12
SBINMID150, EQ, 12-Jun-2026,21.86,22.07,22.49,21.97,22.23,22.33,22.18,64513,14.31,139,42746.0, 66.26,2026-06-12
SBISILVER, EQ, 12-Jun-2026,226.78,226.78,238.0,226.78,236.5,235.52,234.36,1589081,3724.13,9464,534674.0, 33.65,2026-06-12
SBISMLETF, EQ, 12-Jun-2026,16.6,16.68,17.2,16.64,17.09,17.09,16.98,13424,2.28,64,8088.0, 60.25,2026-06-12
SBIVALETF, EQ, 12-Jun-2026,14.94,15.05,15.3,14.98,14.98,14.99,15.0,33824,5.07,20,17671.0, 52.24,2026-06-12
SCANSTL, EQ, 12-Jun-2026,33.49,34.38,39.0,33.5,37.5,37.51,36.26,45429,16.47,205,35184.0, 77.45,2026-06-12
SCHAEFFLER, EQ, 12-Jun-2026,3860.2,3899.8,4064.0,3865.0,4035.0,4055.7,3979.7,61087,2431.08,11189,34174.0, 55.94,2026-06-12
SCHAND, EQ, 12-Jun-2026,142.87,144.6,146.0,141.82,144.48,145.17,143.96,26132,37.62,851,12033.0, 46.05,2026-06-12
SCHNEIDER, EQ, 12-Jun-2026,1089.3,1111.2,1116.3,1073.5,1107.0,1105.7,1093.1,297061,3247.17,16502,155529.0, 52.36,2026-06-12
SCI, EQ, 12-Jun-2026,287.05,291.5,298.0,289.65,296.8,297.05,294.18,3683532,10836.24,35982,1083632.0, 29.42,2026-06-12
SCILAL, EQ, 12-Jun-2026,43.49,43.7,45.7,43.7,44.99,44.93,44.76,416931,186.63,2262,139664.0, 33.50,2026-06-12
SCML, SM, 12-Jun-2026,76.3,78.0,78.0,78.0,78.0,78.0,78.0,2000,1.56,1,2000.0, 100.00,2026-06-12
SCODATUBES, EQ, 12-Jun-2026,118.61,120.74,123.66,120.1,122.95,123.15,122.0,125005,152.51,1598,64783.0, 51.82,2026-06-12
SCPL, BE, 12-Jun-2026,467.35,470.0,480.0,447.0,459.0,451.4,468.53,34019,159.39,419,, -,2026-06-12
SDBL, EQ, 12-Jun-2026,74.17,75.51,78.5,75.0,77.15,77.09,76.96,901364,693.71,8231,394388.0, 43.75,2026-06-12
SDREAMS, SM, 12-Jun-2026,91.0,92.0,101.0,92.0,101.0,98.8,97.94,8000,7.84,8,7000.0, 87.50,2026-06-12
SEAMECLTD, EQ, 12-Jun-2026,1588.5,1605.5,1611.0,1540.0,1585.0,1583.5,1568.44,45828,718.78,4897,22862.0, 49.89,2026-06-12
SECMARK, EQ, 12-Jun-2026,128.13,131.0,134.4,129.0,130.0,129.91,130.05,22,0.03,12,15.0, 68.18,2026-06-12
SECURKLOUD, EQ, 12-Jun-2026,19.84,20.7,20.7,18.9,19.9,19.21,19.19,26614,5.11,348,21050.0, 79.09,2026-06-12
SEDEMAC, EQ, 12-Jun-2026,2642.5,2674.0,2937.1,2641.9,2773.0,2770.7,2796.44,572312,16004.34,60172,190826.0, 33.34,2026-06-12
SEIL, EQ, 12-Jun-2026,191.6,192.16,199.45,191.01,199.45,197.03,194.48,186753,363.2,7481,75912.0, 40.65,2026-06-12
SEJALLTD, BE, 12-Jun-2026,661.25,663.95,674.75,650.0,650.35,657.65,664.19,17631,117.1,272,, -,2026-06-12
SEL, ST, 12-Jun-2026,184.95,185.0,185.0,185.0,185.0,185.0,185.0,800,1.48,3,800.0, 100.00,2026-06-12
SELECTIPO, EQ, 12-Jun-2026,41.86,41.86,43.22,41.86,43.2,43.09,42.84,27355,11.72,50,22146.0, 80.96,2026-06-12
SELMC, EQ, 12-Jun-2026,29.38,29.6,30.37,29.59,30.0,30.0,30.02,843,0.25,22,803.0, 95.26,2026-06-12
SEMAC, BE, 12-Jun-2026,309.5,309.5,324.95,309.5,324.95,324.95,318.67,858,2.73,21,, -,2026-06-12
SENCO, EQ, 12-Jun-2026,328.05,337.25,340.0,329.15,337.5,338.35,334.52,332214,1111.31,9784,138580.0, 41.71,2026-06-12
SENORES, EQ, 12-Jun-2026,1160.7,1193.0,1296.0,1182.8,1291.0,1290.0,1249.61,1348158,16846.75,74645,510844.0, 37.89,2026-06-12
SENSEXADD, EQ, 12-Jun-2026,75.93,75.77,77.5,75.77,77.39,77.38,77.26,2022,1.56,26,1915.0, 94.71,2026-06-12
SENSEXBETA, EQ, 12-Jun-2026,814.87,819.35,834.0,819.35,832.0,832.2,826.49,1783,14.74,137,1451.0, 81.38,2026-06-12
SENSEXETF, EQ, 12-Jun-2026,75.92,77.44,77.78,76.51,77.5,77.5,76.91,83173,63.97,231,67395.0, 81.03,2026-06-12
SENSEXIETF, EQ, 12-Jun-2026,845.02,854.95,864.5,852.02,862.98,863.16,859.1,12710,109.19,639,10389.0, 81.74,2026-06-12
SEPC, EQ, 12-Jun-2026,6.18,6.3,7.0,6.3,6.94,6.91,6.75,36829945,2487.44,16281,11845604.0, 32.16,2026-06-12
SERVOTECH, EQ, 12-Jun-2026,96.19,98.1,103.65,98.01,102.05,102.53,101.45,1966308,1994.8,16534,526534.0, 26.78,2026-06-12
SESHAPAPER, EQ, 12-Jun-2026,225.05,229.9,229.9,226.21,226.52,227.81,227.28,7611,17.3,282,5321.0, 69.91,2026-06-12
SETCO, BE, 12-Jun-2026,18.26,18.62,18.62,18.62,18.62,18.62,18.62,30175,5.62,24,, -,2026-06-12
SETF10GILT, EQ, 12-Jun-2026,260.0,262.6,262.6,259.51,261.0,261.0,260.73,20244,52.78,57,19842.0, 98.01,2026-06-12
SETFGOLD, EQ, 12-Jun-2026,123.0,126.07,126.07,124.62,125.77,125.74,125.51,4670304,5861.84,11059,3265955.0, 69.93,2026-06-12
SETFNIF50, EQ, 12-Jun-2026,248.34,250.0,253.4,249.73,253.2,253.05,251.71,639580,1609.89,4223,426962.0, 66.76,2026-06-12
SETFNIFBK, EQ, 12-Jun-2026,564.69,570.0,581.33,569.87,580.41,580.66,574.01,116664,669.66,921,85827.0, 73.57,2026-06-12
SETFNN50, EQ, 12-Jun-2026,731.19,741.0,749.0,735.61,748.9,747.4,742.98,31225,232.0,985,14772.0, 47.31,2026-06-12
SETL, EQ, 12-Jun-2026,153.85,156.0,160.99,154.2,158.99,158.9,158.61,386809,613.51,4273,186292.0, 48.16,2026-06-12
SETUINFRA, BZ, 12-Jun-2026,0.4,0.41,0.42,0.41,0.42,0.42,0.42,41395,0.17,41,, -,2026-06-12
SEYAIND, BE, 12-Jun-2026,13.05,13.05,13.31,12.79,12.98,12.93,12.86,6739,0.87,40,, -,2026-06-12
SFL, EQ, 12-Jun-2026,680.35,687.3,708.45,674.0,703.0,703.55,692.79,271377,1880.07,16099,99705.0, 36.74,2026-06-12
SFML, SM, 12-Jun-2026,23.0,24.5,24.95,24.5,24.5,24.5,24.66,6400,1.58,4,4800.0, 75.00,2026-06-12
SGBAPR28I, GB, 12-Jun-2026,14320.83,14400.0,14799.0,14201.0,14561.0,14574.52,14512.31,794,115.23,145,593.0, 74.69,2026-06-12
SGBAUG27, GB, 12-Jun-2026,14397.99,14550.0,14620.0,14500.0,14580.0,14587.61,14548.75,83,12.08,29,61.0, 73.49,2026-06-12
SGBAUG28V, GB, 12-Jun-2026,14343.66,14698.0,14700.0,14500.02,14610.0,14606.57,14567.5,1348,196.37,262,1074.0, 79.67,2026-06-12
SGBAUG29V, GB, 12-Jun-2026,14406.1,14412.0,14650.0,14406.1,14611.86,14642.24,14544.14,518,75.34,85,264.0, 50.97,2026-06-12
SGBAUG30, GB, 12-Jun-2026,14455.46,14501.0,14999.0,14501.0,14800.0,14750.12,14736.11,312,45.98,102,187.0, 59.94,2026-06-12
SGBD29VIII, GB, 12-Jun-2026,14339.03,14599.0,14680.0,14520.0,14608.73,14614.81,14565.49,417,60.74,116,307.0, 73.62,2026-06-12
SGBDC27VII, GB, 12-Jun-2026,14499.0,14648.9,14648.9,14521.0,14521.0,14521.0,14542.98,44,6.4,13,43.0, 97.73,2026-06-12
SGBDE30III, GB, 12-Jun-2026,14406.59,14600.0,14991.93,14600.0,14850.0,14849.99,14758.21,198,29.22,49,179.0, 90.40,2026-06-12
SGBDE31III, GB, 12-Jun-2026,14632.49,14701.0,15189.99,14701.0,15164.0,15120.02,14933.99,2545,380.07,387,1815.0, 71.32,2026-06-12
SGBDEC26, GB, 12-Jun-2026,14415.3,14640.0,14640.0,14608.0,14608.0,14608.0,14634.67,24,3.51,12,24.0, 100.00,2026-06-12
SGBFEB27, GB, 12-Jun-2026,14400.01,14599.99,14599.99,14450.0,14597.98,14589.26,14581.54,130,18.96,15,123.0, 94.62,2026-06-12
SGBFEB28IX, GB, 12-Jun-2026,14321.0,14687.97,14687.97,14505.0,14595.0,14595.0,14568.07,14,2.04,8,11.0, 78.57,2026-06-12
SGBFEB29XI, GB, 12-Jun-2026,14353.85,14648.99,14648.99,14556.0,14636.0,14636.0,14597.27,64,9.34,17,55.0, 85.94,2026-06-12
SGBFEB32IV, GB, 12-Jun-2026,14881.96,15254.0,15469.69,14968.0,15399.0,15219.03,15148.99,1824,276.32,371,1091.0, 59.81,2026-06-12
SGBJ28VIII, GB, 12-Jun-2026,14400.0,14606.0,14606.0,14605.0,14605.0,14605.0,14605.69,29,4.24,5,29.0, 100.00,2026-06-12
SGBJAN27, GB, 12-Jun-2026,14581.33,14606.0,14650.0,14605.0,14650.0,14650.0,14626.24,71,10.38,9,70.0, 98.59,2026-06-12
SGBJAN29IX, GB, 12-Jun-2026,14409.3,14600.0,14779.0,14600.0,14695.0,14675.32,14646.24,287,42.03,32,277.0, 96.52,2026-06-12
SGBJAN29X, GB, 12-Jun-2026,14400.58,14626.0,14700.0,14560.01,14678.0,14678.0,14637.61,382,55.92,43,370.0, 96.86,2026-06-12
SGBJAN30IX, GB, 12-Jun-2026,14363.62,14700.0,14756.69,14523.19,14605.07,14605.07,14591.16,85,12.4,28,72.0, 84.71,2026-06-12
SGBJU29III, GB, 12-Jun-2026,14364.97,14005.84,14600.0,14005.84,14598.99,14596.11,14551.5,67,9.75,41,53.0, 79.10,2026-06-12
SGBJUL27, GB, 12-Jun-2026,14400.0,14606.0,14650.0,14555.0,14650.0,14650.0,14629.67,9,1.32,4,9.0, 100.00,2026-06-12
SGBJUL28IV, GB, 12-Jun-2026,14399.2,14600.0,14699.0,14600.0,14650.01,14655.62,14610.78,719,105.05,44,685.0, 95.27,2026-06-12
SGBJUL29IV, GB, 12-Jun-2026,14400.03,14606.0,14650.0,14560.0,14650.0,14650.0,14593.1,30,4.38,10,29.0, 96.67,2026-06-12
SGBJUN27, GB, 12-Jun-2026,14299.0,14508.55,14508.55,14508.0,14508.0,14508.0,14508.54,45,6.53,5,45.0, 100.00,2026-06-12
SGBJUN28, GB, 12-Jun-2026,14378.9,14512.0,14670.0,14512.0,14670.0,14640.53,14582.1,241,35.14,48,138.0, 57.26,2026-06-12
SGBJUN29II, GB, 12-Jun-2026,14346.15,14600.0,14600.0,14512.01,14599.5,14594.5,14554.6,214,31.15,49,206.0, 96.26,2026-06-12
SGBJUN30, GB, 12-Jun-2026,14453.24,14563.05,14989.0,14563.05,14894.0,14813.11,14688.95,64,9.4,27,55.0, 85.94,2026-06-12
SGBJUN31I, GB, 12-Jun-2026,14596.17,14948.0,15050.0,14755.0,15015.0,14992.22,14866.24,594,88.31,167,343.0, 57.74,2026-06-12
SGBMAR28X, GB, 12-Jun-2026,14320.01,14451.0,14597.0,14450.0,14521.0,14529.71,14506.41,360,52.22,38,296.0, 82.22,2026-06-12
SGBMAR30X, GB, 12-Jun-2026,14724.01,14998.0,14998.0,14556.0,14900.0,14900.0,14689.36,106,15.57,37,47.0, 44.34,2026-06-12
SGBMAR31IV, GB, 12-Jun-2026,14556.46,14600.0,14985.0,14600.0,14970.0,14960.47,14800.94,386,57.13,132,316.0, 81.87,2026-06-12
SGBMAY28, GB, 12-Jun-2026,14349.99,14508.54,14600.0,14504.01,14598.97,14598.57,14585.39,77,11.23,39,66.0, 85.71,2026-06-12
SGBMAY29I, GB, 12-Jun-2026,14352.61,14451.0,14700.0,14451.0,14558.53,14581.57,14558.1,381,55.47,105,241.0, 63.25,2026-06-12
SGBMR29XII, GB, 12-Jun-2026,14366.16,14536.0,14617.99,14501.01,14575.0,14561.58,14546.83,433,62.99,80,318.0, 73.44,2026-06-12
SGBN28VIII, GB, 12-Jun-2026,14360.0,14844.0,14844.0,14456.0,14600.0,14604.47,14555.93,92,13.39,45,57.0, 61.96,2026-06-12
SGBNOV26, GB, 12-Jun-2026,14307.16,14550.0,14900.0,14550.0,14900.0,14845.92,14793.7,17,2.51,10,9.0, 52.94,2026-06-12
SGBNV29VII, GB, 12-Jun-2026,14353.83,14640.91,14640.91,14510.0,14599.0,14580.47,14544.68,928,134.97,145,822.0, 88.58,2026-06-12
SGBOC28VII, GB, 12-Jun-2026,14350.0,14899.0,15475.0,14416.56,14580.0,14580.0,14666.15,218,31.97,75,122.0, 55.96,2026-06-12
SGBOCT27, GB, 12-Jun-2026,14335.0,14579.0,14579.0,14579.0,14579.0,14579.0,14579.0,1,0.15,1,1.0, 100.00,2026-06-12
SGBOCT27VI, GB, 12-Jun-2026,14349.0,14593.51,14593.51,14550.0,14550.0,14550.0,14564.5,3,0.44,2,3.0, 100.00,2026-06-12
SGBSEP27, GB, 12-Jun-2026,14350.0,14599.99,14599.99,14510.0,14590.0,14580.9,14562.84,246,35.82,22,216.0, 87.80,2026-06-12
SGBSEP28VI, GB, 12-Jun-2026,14390.0,14550.0,14600.0,14485.0,14600.0,14600.0,14535.54,324,47.1,39,271.0, 83.64,2026-06-12
SGBSEP29VI, GB, 12-Jun-2026,14330.84,14499.99,14649.0,14499.0,14620.0,14592.61,14550.39,723,105.2,91,611.0, 84.51,2026-06-12
SGBSEP31II, GB, 12-Jun-2026,14586.55,14656.56,15100.0,14601.0,15100.0,15057.79,14918.53,1508,224.97,189,1211.0, 80.31,2026-06-12
SGFIN, EQ, 12-Jun-2026,570.15,585.0,615.0,583.15,614.0,611.75,604.33,359822,2174.53,11308,188240.0, 52.31,2026-06-12
SGIL, EQ, 12-Jun-2026,551.25,553.0,554.95,544.5,547.8,550.9,550.86,6936,38.21,369,4323.0, 62.33,2026-06-12
SGL, EQ, 12-Jun-2026,10.63,11.25,11.25,10.25,10.65,10.65,10.47,10193,1.07,45,7415.0, 72.75,2026-06-12
SGMART, EQ, 12-Jun-2026,577.6,584.8,598.45,577.3,592.3,592.75,589.4,90736,534.8,5254,50676.0, 55.85,2026-06-12
SHADOWFAX, EQ, 12-Jun-2026,209.99,213.9,222.9,213.05,219.0,217.65,217.39,2061055,4480.56,30596,753370.0, 36.55,2026-06-12
SHAH, EQ, 12-Jun-2026,4.65,4.7,4.8,4.59,4.75,4.73,4.69,17032923,799.53,36159,5329287.0, 31.29,2026-06-12
SHAH-RE1, BE, 12-Jun-2026,0.02,0.03,0.03,0.03,0.03,0.03,0.03,29520,0.01,105,, -,2026-06-12
SHAHALLOYS, EQ, 12-Jun-2026,66.56,66.0,68.0,65.0,68.0,67.76,67.31,1359,0.91,25,1272.0, 93.60,2026-06-12
SHAILY, EQ, 12-Jun-2026,2939.3,2979.0,3007.9,2890.3,2974.7,2972.0,2960.86,268134,7939.07,22867,123614.0, 46.10,2026-06-12
SHAKTIPUMP, EQ, 12-Jun-2026,507.05,515.0,542.35,512.1,539.45,537.15,528.9,971964,5140.72,26637,406104.0, 41.78,2026-06-12
SHALBY, EQ, 12-Jun-2026,164.52,167.17,171.45,166.65,168.1,168.93,168.53,63938,107.75,1531,35057.0, 54.83,2026-06-12
SHALPAINTS, EQ, 12-Jun-2026,51.23,51.99,52.49,50.7,51.25,51.84,51.72,34487,17.84,438,19756.0, 57.29,2026-06-12
SHANKARA, BE, 12-Jun-2026,112.0,110.38,111.55,110.35,110.35,110.35,110.47,4740,5.24,76,, -,2026-06-12
SHANTI, EQ, 12-Jun-2026,6.44,6.44,6.67,6.25,6.4,6.4,6.41,37985,2.43,102,25738.0, 67.76,2026-06-12
SHANTIGEAR, EQ, 12-Jun-2026,440.25,440.45,443.0,440.0,440.05,441.25,440.43,12424,54.72,342,9805.0, 78.92,2026-06-12
SHANTIGOLD, EQ, 12-Jun-2026,221.28,223.1,227.4,222.16,224.8,225.56,224.93,502413,1130.09,4531,203663.0, 40.54,2026-06-12
SHARDACROP, EQ, 12-Jun-2026,875.7,887.9,929.0,887.0,922.2,923.35,908.11,392371,3563.14,18385,155838.0, 39.72,2026-06-12
SHARDAMOTR, EQ, 12-Jun-2026,766.6,771.4,784.0,770.05,779.35,782.4,778.33,46680,363.32,3633,28060.0, 60.11,2026-06-12
SHARDUL, EQ, 12-Jun-2026,29.33,30.0,30.0,27.63,29.74,29.31,28.87,3313,0.96,21,2267.0, 68.43,2026-06-12
SHAREINDIA, EQ, 12-Jun-2026,126.96,129.0,137.39,129.0,137.0,136.38,133.39,700916,934.95,5744,219898.0, 31.37,2026-06-12
SHARIABEES, EQ, 12-Jun-2026,449.86,451.39,453.74,449.5,453.0,451.6,451.0,4599,20.74,392,3153.0, 68.56,2026-06-12
SHBAJRG, EQ, 12-Jun-2026,200.97,207.0,207.0,188.07,196.25,199.22,202.55,5337,10.81,150,4504.0, 84.39,2026-06-12
SHEEL, SM, 12-Jun-2026,57.15,60.0,60.0,60.0,60.0,60.0,60.0,4000,2.4,2,4000.0, 100.00,2026-06-12
SHEETAL, SM, 12-Jun-2026,291.0,293.0,294.0,289.5,294.0,294.0,290.72,38500,111.93,31,32000.0, 83.12,2026-06-12
SHEKHAWATI, BE, 12-Jun-2026,14.52,15.22,15.22,14.2,14.89,14.43,14.54,6453,0.94,56,, -,2026-06-12
SHEMAROO, EQ, 12-Jun-2026,114.6,113.55,123.9,113.55,118.0,118.57,119.67,59915,71.7,809,37210.0, 62.10,2026-06-12
SHERA, ST, 12-Jun-2026,152.0,156.95,158.5,155.0,158.5,157.85,156.41,11000,17.21,11,11000.0, 100.00,2026-06-12
SHETHJI, ST, 12-Jun-2026,161.0,160.0,162.9,160.0,162.9,162.9,160.4,30000,48.12,13,29000.0, 96.67,2026-06-12
SHIGAN, ST, 12-Jun-2026,67.65,69.95,70.0,69.95,70.0,70.0,69.98,3000,2.1,2,3000.0, 100.00,2026-06-12
SHILCTECH, EQ, 12-Jun-2026,3822.9,3884.0,4094.9,3799.0,4030.0,4034.6,3924.38,41236,1618.26,7925,18953.0, 45.96,2026-06-12
SHILPAMED, EQ, 12-Jun-2026,538.85,549.9,556.75,538.2,547.0,546.75,545.37,655163,3573.03,19226,302125.0, 46.11,2026-06-12
SHINDL, EQ, 12-Jun-2026,156.41,158.7,159.51,155.71,156.01,156.49,157.56,99935,157.45,437,3448.0, 3.45,2026-06-12
SHIVALIK, BE, 12-Jun-2026,228.2,230.0,230.0,220.0,227.0,226.75,226.68,34796,78.87,448,, -,2026-06-12
SHIVAMAUTO, BE, 12-Jun-2026,16.8,17.5,17.63,16.4,17.13,16.89,17.03,20677,3.52,162,, -,2026-06-12
SHIVAMILLS, BE, 12-Jun-2026,62.59,62.59,64.99,60.0,62.4,62.12,61.3,1811,1.11,26,, -,2026-06-12
SHIVASHRIT, SM, 12-Jun-2026,118.15,116.55,121.45,114.55,120.5,120.5,118.73,57000,67.68,33,33000.0, 57.89,2026-06-12
SHIVATEX, EQ, 12-Jun-2026,147.86,152.9,153.0,145.6,148.0,149.62,149.64,3209,4.8,210,2891.0, 90.09,2026-06-12
SHIVAUM, EQ, 12-Jun-2026,355.75,335.0,360.0,335.0,360.0,360.0,346.11,230,0.8,10,118.0, 51.30,2026-06-12
SHK, EQ, 12-Jun-2026,122.08,124.0,129.89,123.21,128.5,128.01,125.71,564422,709.53,8476,384426.0, 68.11,2026-06-12
SHOPERSTOP, EQ, 12-Jun-2026,364.45,367.6,380.8,365.05,372.0,374.65,373.04,94390,352.11,3018,39367.0, 41.71,2026-06-12
SHRADHA, EQ, 12-Jun-2026,33.48,34.7,34.8,33.26,34.5,34.05,34.16,11953,4.08,79,7518.0, 62.90,2026-06-12
SHREDIGCEM, EQ, 12-Jun-2026,68.98,69.0,74.29,68.75,73.12,73.65,72.39,555240,401.94,3698,270220.0, 48.67,2026-06-12
SHREECEM, EQ, 12-Jun-2026,23700.0,23785.0,24315.0,23785.0,24190.0,24175.0,24142.85,19388,4680.82,5823,10937.0, 56.41,2026-06-12
SHREEJISPG, EQ, 12-Jun-2026,453.0,456.7,486.55,454.05,486.4,483.1,474.56,1591166,7550.99,11181,499709.0, 31.41,2026-06-12
SHREEKARNI, SM, 12-Jun-2026,421.0,421.0,421.0,421.0,421.0,421.0,421.0,150,0.63,1,150.0, 100.00,2026-06-12
SHREEOSFM, SM, 12-Jun-2026,52.1,52.95,52.95,52.9,52.9,52.9,52.94,5000,2.65,5,5000.0, 100.00,2026-06-12
SHREEPUSHK, EQ, 12-Jun-2026,353.4,356.35,358.9,353.55,356.0,357.65,356.99,10585,37.79,446,5875.0, 55.50,2026-06-12
SHREERAMA, EQ, 12-Jun-2026,40.81,41.4,42.28,40.6,41.36,41.72,41.41,58443,24.2,788,28261.0, 48.36,2026-06-12
SHRENIK, BZ, 12-Jun-2026,0.37,0.37,0.38,0.36,0.37,0.37,0.37,293854,1.09,138,, -,2026-06-12
SHREYANIND, EQ, 12-Jun-2026,137.46,137.1,139.0,135.0,138.95,138.8,137.3,1446,1.99,77,1377.0, 95.23,2026-06-12
SHRIAHIMSA, ST, 12-Jun-2026,355.35,356.0,357.5,345.0,345.0,347.7,350.09,18600,65.12,29,16800.0, 90.32,2026-06-12
SHRIKANHA, ST, 12-Jun-2026,26.0,27.3,27.3,27.3,27.3,27.3,27.3,8000,2.18,4,6400.0, 80.00,2026-06-12
SHRIKRISH, EQ, 12-Jun-2026,42.82,45.0,45.12,40.3,45.0,43.31,43.6,1357,0.59,39,762.0, 56.15,2026-06-12
SHRINGARMS, EQ, 12-Jun-2026,201.23,203.9,212.27,201.23,210.0,210.63,207.5,1074132,2228.83,5316,238497.0, 22.20,2026-06-12
SHRIPISTON, EQ, 12-Jun-2026,3501.2,3571.5,3638.0,3510.5,3524.7,3524.4,3560.97,83307,2966.54,13342,35008.0, 42.02,2026-06-12
SHRIRAMFIN, EQ, 12-Jun-2026,886.25,908.0,959.1,901.6,958.0,954.95,931.52,9760441,90920.88,141379,4689870.0, 48.05,2026-06-12
SHRIRAMPPS, EQ, 12-Jun-2026,81.95,82.9,86.88,82.9,85.5,85.97,84.87,499398,423.82,4625,262123.0, 52.49,2026-06-12
SHRITECH, SM, 12-Jun-2026,60.0,60.0,60.0,60.0,60.0,60.0,60.0,4000,2.4,1,4000.0, 100.00,2026-06-12
SHUBHLAXMI, SM, 12-Jun-2026,25.8,26.95,26.95,24.55,24.55,24.55,25.14,25000,6.29,17,16000.0, 64.00,2026-06-12
SHUBHSHREE, SM, 12-Jun-2026,300.0,300.0,305.0,300.0,305.0,305.0,301.0,2700,8.13,7,2700.0, 100.00,2026-06-12
SHYAMCENT, EQ, 12-Jun-2026,5.01,4.83,5.09,4.61,4.9,4.92,4.81,184546,8.88,429,49853.0, 27.01,2026-06-12
SHYAMDHANI, SM, 12-Jun-2026,65.0,65.0,67.55,65.0,67.55,67.5,66.68,6000,4.0,3,6000.0, 100.00,2026-06-12
SHYAMMETL, EQ, 12-Jun-2026,969.45,984.15,991.9,973.25,978.4,983.75,984.91,864603,8515.58,20278,324224.0, 37.50,2026-06-12
SHYAMTEL, BE, 12-Jun-2026,15.21,14.92,14.92,14.91,14.91,14.91,14.91,3999,0.6,30,, -,2026-06-12
SICAGEN, EQ, 12-Jun-2026,53.36,54.88,56.39,53.74,54.4,54.35,54.59,6020,3.29,78,4107.0, 68.22,2026-06-12
SICALLOG, BE, 12-Jun-2026,79.52,80.0,83.49,78.5,83.49,83.49,82.04,84881,69.63,157,, -,2026-06-12
SIDDHICOTS, SM, 12-Jun-2026,26.8,26.65,27.7,26.65,27.0,26.85,26.95,7200,1.94,6,7200.0, 100.00,2026-06-12
SIDDHIKA, SM, 12-Jun-2026,196.1,196.5,205.5,196.5,205.5,205.5,197.16,8000,15.77,4,8000.0, 100.00,2026-06-12
SIEMENS, EQ, 12-Jun-2026,3522.0,3590.0,3599.7,3518.0,3568.0,3569.6,3552.25,223315,7932.71,17373,83100.0, 37.21,2026-06-12
SIGACHI, BE, 12-Jun-2026,20.63,20.79,20.89,20.34,20.8,20.64,20.65,458014,94.58,1293,, -,2026-06-12
SIGIND, EQ, 12-Jun-2026,46.7,47.94,47.94,45.45,46.97,46.87,46.42,11416,5.3,173,6037.0, 52.88,2026-06-12
SIGMA, EQ, 12-Jun-2026,40.43,40.25,41.04,40.02,40.67,40.64,40.61,60618,24.62,368,40477.0, 66.77,2026-06-12
SIGMAADV, BE, 12-Jun-2026,482.25,497.0,503.9,470.0,484.0,479.5,487.58,583531,2845.19,6452,, -,2026-06-12
SIGNATURE, EQ, 12-Jun-2026,777.75,779.9,786.3,753.1,778.0,776.4,769.04,410437,3156.43,21166,53483.0, 13.03,2026-06-12
SIGNPOST, EQ, 12-Jun-2026,278.4,278.05,281.05,258.4,262.0,260.7,266.83,360080,960.8,5705,200734.0, 55.75,2026-06-12
SIKA, EQ, 12-Jun-2026,888.45,907.4,910.9,888.5,906.0,897.85,895.13,13674,122.4,1519,7746.0, 56.65,2026-06-12
SIKKO, EQ, 12-Jun-2026,3.87,3.96,4.01,3.91,4.01,3.99,3.97,128313,5.1,362,88683.0, 69.11,2026-06-12
SIL, EQ, 12-Jun-2026,14.82,15.3,15.4,14.85,15.4,15.4,15.19,6555,1.0,107,6105.0, 93.14,2026-06-12
SILGO, EQ, 12-Jun-2026,76.68,76.9,77.8,74.37,75.5,75.1,76.42,418103,319.51,2015,139897.0, 33.46,2026-06-12
SILINV, EQ, 12-Jun-2026,411.2,411.0,425.0,411.0,425.0,420.85,420.82,2055,8.65,82,1439.0, 70.02,2026-06-12
SILKFLEX, ST, 12-Jun-2026,213.5,224.1,224.1,214.1,221.8,221.8,222.13,20000,44.43,20,19000.0, 95.00,2026-06-12
SILLYMONKS, EQ, 12-Jun-2026,18.34,18.98,18.98,17.15,18.0,18.12,18.07,28653,5.18,360,17272.0, 60.28,2026-06-12
SILVER, EQ, 12-Jun-2026,231.0,237.8,239.95,236.13,239.67,239.43,238.52,1239729,2957.01,9721,446072.0, 35.98,2026-06-12
SILVER1, EQ, 12-Jun-2026,22.43,23.03,23.4,22.94,23.32,23.31,23.29,58103126,13532.82,8305,52688003.0, 90.68,2026-06-12
SILVER360, EQ, 12-Jun-2026,228.01,233.71,240.46,228.01,235.7,235.16,234.93,31354,73.66,553,16751.0, 53.43,2026-06-12
SILVERADD, EQ, 12-Jun-2026,223.23,230.87,232.12,228.3,231.7,231.31,230.71,427233,985.68,5088,198653.0, 46.50,2026-06-12
SILVERAG, EQ, 12-Jun-2026,225.8,230.57,234.3,230.36,234.3,234.02,233.52,471486,1101.01,4169,209566.0, 44.45,2026-06-12
SILVERBEES, EQ, 12-Jun-2026,221.38,228.12,231.98,226.34,230.89,229.76,228.52,25950456,59302.17,82488,8591739.0, 33.11,2026-06-12
SILVERBETA, EQ, 12-Jun-2026,223.52,229.9,232.47,228.62,232.17,231.78,230.81,699524,1614.57,5111,322427.0, 46.09,2026-06-12
SILVERBND, EQ, 12-Jun-2026,231.6,239.41,241.41,236.9,241.41,240.74,239.92,41402,99.33,396,21945.0, 53.00,2026-06-12
SILVERCASE, EQ, 12-Jun-2026,23.49,24.18,24.4,24.01,24.39,24.37,24.25,8418174,2041.18,9396,3235302.0, 38.43,2026-06-12
SILVERIETF, EQ, 12-Jun-2026,231.04,236.81,240.3,234.2,239.77,239.79,238.54,3077356,7340.74,20163,1231730.0, 40.03,2026-06-12
SILVERTUC, EQ, 12-Jun-2026,189.37,190.98,198.83,189.45,198.83,198.78,197.2,698308,1377.04,5425,391226.0, 56.02,2026-06-12
SIMBHALS, BZ, 12-Jun-2026,6.91,6.88,6.98,6.74,6.92,6.89,6.86,3751,0.26,44,, -,2026-06-12
SIMCA, SM, 12-Jun-2026,135.95,137.0,139.85,136.0,139.0,138.25,137.62,15600,21.47,25,10800.0, 69.23,2026-06-12
SIMPLEXINF, EQ, 12-Jun-2026,248.45,250.85,258.9,247.0,257.0,257.45,254.72,35286,89.88,850,17991.0, 50.99,2026-06-12
SINCLAIR, EQ, 12-Jun-2026,75.48,76.7,77.1,75.0,76.29,75.6,76.12,30488,23.21,924,15145.0, 49.68,2026-06-12
SINDHUTRAD, EQ, 12-Jun-2026,24.35,24.5,24.92,24.21,24.59,24.45,24.56,425765,104.58,1114,150448.0, 35.34,2026-06-12
SINGERIND, EQ, 12-Jun-2026,67.54,68.05,69.46,67.85,69.46,68.89,68.6,15822,10.85,692,9041.0, 57.14,2026-06-12
SINTERCOM, EQ, 12-Jun-2026,72.03,74.35,74.6,71.11,74.35,74.35,72.75,4075,2.96,46,3362.0, 82.50,2026-06-12
SIRCA, EQ, 12-Jun-2026,415.4,419.2,420.9,416.8,417.0,418.15,418.5,261947,1096.25,3089,43896.0, 16.76,2026-06-12
SIS, EQ, 12-Jun-2026,428.65,432.0,437.2,418.4,424.0,421.15,424.27,154289,654.6,12296,83805.0, 54.32,2026-06-12
SITINET, BZ, 12-Jun-2026,0.35,0.36,0.36,0.34,0.36,0.36,0.35,467121,1.66,145,, -,2026-06-12
SIYSIL, EQ, 12-Jun-2026,600.85,615.45,622.15,605.5,622.0,617.95,614.42,47148,289.69,2841,26987.0, 57.24,2026-06-12
SJLOGISTIC, SM, 12-Jun-2026,341.8,352.9,358.95,342.0,349.0,350.35,350.0,22250,77.88,80,12500.0, 56.18,2026-06-12
SJS, EQ, 12-Jun-2026,2094.1,2130.0,2132.3,2065.4,2114.0,2115.2,2107.77,76671,1616.05,10602,38471.0, 50.18,2026-06-12
SJVN, EQ, 12-Jun-2026,70.32,71.3,73.0,71.1,72.9,72.61,72.0,2256153,1624.35,13866,959834.0, 42.54,2026-06-12
SKFINDIA, EQ, 12-Jun-2026,1562.6,1583.8,1592.9,1568.0,1592.9,1589.3,1579.94,12514,197.71,1983,7801.0, 62.34,2026-06-12
SKFINDUS, EQ, 12-Jun-2026,2384.0,2425.0,2432.2,2372.5,2409.9,2386.9,2394.52,21717,520.02,6708,17180.0, 79.11,2026-06-12
SKIPPER, EQ, 12-Jun-2026,520.8,535.0,549.6,528.2,541.4,544.65,540.68,738660,3993.8,22781,307846.0, 41.68,2026-06-12
SKMEGGPROD, EQ, 12-Jun-2026,228.53,232.62,243.85,232.0,240.5,240.62,239.48,383613,918.67,6253,154962.0, 40.40,2026-06-12
SKP, SM, 12-Jun-2026,148.0,150.0,152.0,146.0,150.0,150.0,149.45,5500,8.22,9,4000.0, 72.73,2026-06-12
SKYGOLD, EQ, 12-Jun-2026,490.75,495.95,512.0,495.95,507.2,508.95,506.66,596541,3022.46,12887,291021.0, 48.78,2026-06-12
SLONE, SM, 12-Jun-2026,120.35,120.35,120.35,114.5,114.5,114.7,117.4,4400,5.17,9,3600.0, 81.82,2026-06-12
SMALL250, EQ, 12-Jun-2026,16.68,16.8,17.13,16.65,17.12,17.09,17.06,1689901,288.35,936,1306300.0, 77.30,2026-06-12
SMALLADD, EQ, 12-Jun-2026,16.7,16.7,17.38,16.7,17.38,17.17,17.14,128824,22.08,368,119527.0, 92.78,2026-06-12
SMALLCAP, EQ, 12-Jun-2026,43.7,44.0,45.07,44.0,45.0,44.93,44.62,1669755,745.1,2711,872808.0, 52.27,2026-06-12
SMARTEN, SM, 12-Jun-2026,48.55,49.55,51.5,49.55,51.0,51.0,50.55,51600,26.08,39,38400.0, 74.42,2026-06-12
SMARTLINK, BE, 12-Jun-2026,160.3,162.8,167.45,160.4,161.11,165.99,164.59,5765,9.49,69,, -,2026-06-12
SMARTWORKS, EQ, 12-Jun-2026,440.35,449.7,450.0,439.0,446.0,446.35,445.27,16985,75.63,960,9579.0, 56.40,2026-06-12
SMCGLOBAL, EQ, 12-Jun-2026,71.12,73.6,73.8,71.04,72.2,72.24,72.35,1051304,760.59,5460,423425.0, 40.28,2026-06-12
SML100CASE, EQ, 12-Jun-2026,10.03,10.23,10.34,10.09,10.33,10.32,10.24,1618540,165.78,1361,1247142.0, 77.05,2026-06-12
SMLMAH, EQ, 12-Jun-2026,3687.1,3775.0,3900.5,3750.0,3869.0,3883.8,3852.15,79055,3045.32,13126,41901.0, 53.00,2026-06-12
SMLT, EQ, 12-Jun-2026,68.82,69.17,71.09,68.85,69.2,69.81,69.79,4698,3.28,168,3101.0, 66.01,2026-06-12
SMSPHARMA, EQ, 12-Jun-2026,379.2,383.0,389.7,376.55,385.0,383.45,383.22,128095,490.89,3504,44139.0, 34.46,2026-06-12
SNEHAA, ST, 12-Jun-2026,44.0,44.0,44.0,43.95,44.0,44.0,44.0,29000,12.76,4,29000.0, 100.00,2026-06-12
SNOWMAN, EQ, 12-Jun-2026,36.43,36.98,37.6,36.58,37.1,37.3,37.09,118553,43.97,1022,58460.0, 49.31,2026-06-12
SNXT30BEES, EQ, 12-Jun-2026,41.0,41.2,41.4,41.04,41.4,41.38,41.22,7065,2.91,55,4271.0, 60.45,2026-06-12
SNXT50BETA, EQ, 12-Jun-2026,88.33,88.34,90.49,88.33,90.26,90.11,89.54,3149,2.82,89,1303.0, 41.38,2026-06-12
SOBHA, EQ, 12-Jun-2026,1275.3,1277.9,1342.0,1277.9,1333.4,1332.9,1311.87,71267,934.93,5453,32703.0, 45.89,2026-06-12
SOFTTECH, BE, 12-Jun-2026,417.95,410.0,410.0,409.6,409.6,409.6,409.82,4399,18.03,19,, -,2026-06-12
SOLARA, EQ, 12-Jun-2026,580.7,581.05,619.9,581.05,613.9,608.55,608.41,664223,4041.17,21283,170709.0, 25.70,2026-06-12
SOLARINDS, EQ, 12-Jun-2026,17141.0,17404.0,17579.0,17060.0,17170.0,17143.0,17259.25,109049,18821.04,21994,39445.0, 36.17,2026-06-12
SOLARWORLD, EQ, 12-Jun-2026,186.4,187.01,191.49,181.96,184.9,184.23,185.67,269502,500.39,5310,187393.0, 69.53,2026-06-12
SOLEX, EQ, 12-Jun-2026,1032.0,1050.0,1093.6,1037.1,1073.0,1070.2,1066.17,44745,477.06,4405,18151.0, 40.57,2026-06-12
SOMANYCERA, EQ, 12-Jun-2026,496.65,504.1,524.8,500.2,511.9,514.15,513.7,66345,340.81,3166,33027.0, 49.78,2026-06-12
SOMATEX, EQ, 12-Jun-2026,94.16,96.0,98.0,94.03,96.04,94.96,95.68,12296,11.77,373,7448.0, 60.57,2026-06-12
SOMICONVEY, EQ, 12-Jun-2026,96.93,97.04,99.85,97.04,98.3,98.26,98.46,1117,1.1,88,596.0, 53.36,2026-06-12
SONACOMS, EQ, 12-Jun-2026,585.1,593.95,597.6,584.5,591.85,593.05,591.0,757210,4475.15,18908,344223.0, 45.46,2026-06-12
SONAL, EQ, 12-Jun-2026,88.05,88.05,88.05,87.61,87.61,87.61,87.84,21,0.02,4,21.0, 100.00,2026-06-12
SONAMAC, ST, 12-Jun-2026,33.6,33.6,35.25,33.6,35.25,35.1,34.66,9000,3.12,9,9000.0, 100.00,2026-06-12
SONAMLTD, EQ, 12-Jun-2026,53.99,52.8,56.4,52.8,55.74,54.91,55.22,59521,32.86,998,39316.0, 66.05,2026-06-12
SONATSOFTW, EQ, 12-Jun-2026,254.85,256.2,262.8,251.4,255.0,254.05,255.59,1049398,2682.18,16929,632037.0, 60.23,2026-06-12
SONUINFRA, SM, 12-Jun-2026,42.1,41.1,43.45,41.1,43.45,43.1,42.19,13500,5.7,8,10500.0, 77.78,2026-06-12
SOTL, EQ, 12-Jun-2026,543.6,552.0,578.0,547.55,571.0,570.35,567.53,536033,3042.16,14193,165590.0, 30.89,2026-06-12
SOUTHBANK, EQ, 12-Jun-2026,45.32,45.5,47.5,45.5,46.6,46.66,46.65,35993222,16789.98,54825,10939087.0, 30.39,2026-06-12
SOUTHWEST, EQ, 12-Jun-2026,240.15,248.5,251.0,231.05,241.2,242.5,240.34,1157074,2780.93,21712,202734.0, 17.52,2026-06-12
SPAL, EQ, 12-Jun-2026,794.65,806.55,806.55,785.5,799.5,796.05,796.8,26176,208.57,1307,16067.0, 61.38,2026-06-12
SPANDANA, EQ, 12-Jun-2026,225.9,229.6,231.85,223.3,225.0,226.5,227.23,365556,830.64,7434,239660.0, 65.56,2026-06-12
SPARC, EQ, 12-Jun-2026,204.11,206.6,224.52,205.81,224.52,223.76,219.66,8056789,17697.79,51811,2628302.0, 32.62,2026-06-12
SPCENET, EQ, 12-Jun-2026,3.25,3.32,3.32,3.0,3.27,3.25,3.17,1846316,58.6,1547,1229205.0, 66.58,2026-06-12
SPCL, SM, 12-Jun-2026,66.15,66.15,72.0,66.15,72.0,70.9,68.62,38400,26.35,61,28800.0, 75.00,2026-06-12
SPEB, ST, 12-Jun-2026,90.7,86.2,86.2,86.2,86.2,86.2,86.2,12000,10.34,5,12000.0, 100.00,2026-06-12
SPECIALITY, EQ, 12-Jun-2026,103.42,106.0,107.25,104.01,105.15,105.89,105.52,17918,18.91,191,9739.0, 54.35,2026-06-12
SPECTRUM, EQ, 12-Jun-2026,1588.4,1612.2,1648.8,1585.0,1585.0,1598.5,1615.77,10364,167.46,1290,4901.0, 47.29,2026-06-12
SPECTSTM, ST, 12-Jun-2026,59.2,56.65,56.65,56.25,56.25,56.25,56.31,56000,31.53,52,54400.0, 97.14,2026-06-12
SPENCERS, EQ, 12-Jun-2026,34.7,34.9,36.9,34.72,36.65,36.62,35.87,52535,18.84,858,25640.0, 48.81,2026-06-12
SPIC, EQ, 12-Jun-2026,67.08,67.48,69.77,67.48,69.0,68.89,68.91,458479,315.93,3371,184581.0, 40.26,2026-06-12
SPLIL, EQ, 12-Jun-2026,28.88,28.99,30.4,28.0,29.79,29.93,29.05,9554,2.78,165,7426.0, 77.73,2026-06-12
SPLPETRO, EQ, 12-Jun-2026,667.2,676.25,708.0,676.25,702.9,702.1,694.58,91458,635.25,8181,49590.0, 54.22,2026-06-12
SPMLINFRA, EQ, 12-Jun-2026,183.82,187.5,192.39,184.62,189.9,189.31,188.88,315796,596.47,4811,168264.0, 53.28,2026-06-12
SPORTKING, EQ, 12-Jun-2026,173.61,174.53,184.38,174.53,183.5,182.62,181.15,476001,862.27,6677,209514.0, 44.02,2026-06-12
SPUNWEB, SM, 12-Jun-2026,104.55,103.0,112.0,102.5,112.0,109.9,108.07,15600,16.86,13,8400.0, 53.85,2026-06-12
SRD, EQ, 12-Jun-2026,40.1,41.4,41.5,38.65,38.85,39.04,39.04,57573,22.48,615,42355.0, 73.57,2026-06-12
SREEL, EQ, 12-Jun-2026,193.86,198.89,198.9,193.13,198.0,197.74,197.17,2347,4.63,125,1798.0, 76.61,2026-06-12
SRF, EQ, 12-Jun-2026,2658.4,2696.7,2748.0,2681.3,2724.7,2743.0,2711.4,245864,6666.36,12478,131152.0, 53.34,2026-06-12
SRGHFL, EQ, 12-Jun-2026,278.85,284.0,284.0,266.6,267.25,271.35,271.71,6397,17.38,149,5025.0, 78.55,2026-06-12
SRHHYPOLTD, EQ, 12-Jun-2026,486.65,490.55,502.0,490.55,502.0,499.2,497.28,7003,34.82,287,5451.0, 77.84,2026-06-12
SRIVASAVI, SM, 12-Jun-2026,52.0,50.05,50.05,50.05,50.05,50.05,50.05,1000,0.5,1,1000.0, 100.00,2026-06-12
SRM, EQ, 12-Jun-2026,463.65,469.85,485.0,469.0,482.5,480.7,476.1,91734,436.75,3589,42371.0, 46.19,2026-06-12
SRTL, EQ, 12-Jun-2026,40.22,40.66,41.89,40.31,40.94,41.03,40.8,33213,13.55,404,25212.0, 75.91,2026-06-12
SSDL, EQ, 12-Jun-2026,54.36,54.9,55.7,53.65,55.0,54.98,54.77,15104,8.27,369,11670.0, 77.26,2026-06-12
SSEGL, SM, 12-Jun-2026,327.3,335.0,345.0,328.0,339.8,336.95,333.7,27600,92.1,106,17400.0, 63.04,2026-06-12
SSFL, ST, 12-Jun-2026,218.0,228.8,228.9,207.1,211.35,209.25,212.97,54500,116.07,72,43500.0, 79.82,2026-06-12
SSFLPP, E1, 12-Jun-2026,113.25,116.9,116.9,113.0,114.9,114.3,114.99,4286,4.93,40,4286.0, 100.00,2026-06-12
SSWL, EQ, 12-Jun-2026,225.83,229.25,233.0,226.8,232.0,231.63,229.51,687243,1577.29,14074,354402.0, 51.57,2026-06-12
STALLION, EQ, 12-Jun-2026,172.51,176.59,184.7,176.59,183.0,183.55,180.46,1288362,2325.03,15676,491381.0, 38.14,2026-06-12
STANLEY, EQ, 12-Jun-2026,137.36,139.1,143.9,138.2,142.51,142.93,141.27,342098,483.3,10152,180397.0, 52.73,2026-06-12
STAR, EQ, 12-Jun-2026,989.2,997.1,1063.7,980.6,1060.0,1055.5,1027.83,543184,5583.02,24740,301341.0, 55.48,2026-06-12
STARCEMENT, EQ, 12-Jun-2026,207.67,208.3,221.3,208.3,218.0,218.57,217.67,1739140,3785.61,28684,599745.0, 34.49,2026-06-12
STARHEALTH, EQ, 12-Jun-2026,519.95,524.0,527.6,517.7,519.0,519.6,520.17,600719,3124.73,26414,393752.0, 65.55,2026-06-12
STARPAPER, EQ, 12-Jun-2026,132.56,137.2,137.39,132.65,135.5,135.55,135.39,3805,5.15,123,3030.0, 79.63,2026-06-12
STARTECK, EQ, 12-Jun-2026,263.95,267.5,268.0,264.5,264.85,264.95,266.22,6485,17.26,128,443.0, 6.83,2026-06-12
STCINDIA, EQ, 12-Jun-2026,112.95,114.8,122.5,114.71,118.25,118.26,119.74,247476,296.33,4085,48366.0, 19.54,2026-06-12
STEELCAS, EQ, 12-Jun-2026,282.0,282.15,290.0,282.15,286.75,285.5,285.7,22570,64.48,988,10326.0, 45.75,2026-06-12
STEELCITY, EQ, 12-Jun-2026,75.09,77.29,77.29,75.11,75.89,75.44,75.73,2874,2.18,93,2489.0, 86.60,2026-06-12
STEELXIND, EQ, 12-Jun-2026,10.99,10.95,11.9,10.95,11.5,11.49,11.52,10290649,1185.49,7380,5499391.0, 53.44,2026-06-12
STEL, EQ, 12-Jun-2026,543.8,548.05,559.85,546.9,550.5,554.1,552.04,6695,36.96,454,4220.0, 63.03,2026-06-12
STERTOOLS, EQ, 12-Jun-2026,204.54,205.1,211.68,204.0,209.5,209.71,208.81,58640,122.45,1954,29448.0, 50.22,2026-06-12
STLNETWORK, BE, 12-Jun-2026,26.25,26.79,27.56,26.79,27.56,27.56,27.47,906334,248.98,1149,, -,2026-06-12
STLTECH, BE, 12-Jun-2026,568.4,575.0,596.8,575.0,587.0,583.65,588.52,2246159,13219.04,66311,, -,2026-06-12
STOVEKRAFT, EQ, 12-Jun-2026,651.6,655.0,667.45,643.0,656.4,655.95,651.46,132317,861.99,5224,64903.0, 49.05,2026-06-12
STRIDERS, SM, 12-Jun-2026,61.0,59.5,61.75,50.0,50.0,53.9,54.74,102400,56.06,59,80000.0, 78.13,2026-06-12
STUDDS, EQ, 12-Jun-2026,506.9,505.05,513.5,493.05,500.2,500.85,500.52,261494,1308.82,10243,75132.0, 28.73,2026-06-12
STUDIOLSD, ST, 12-Jun-2026,9.9,10.1,10.3,10.0,10.05,10.15,10.15,24000,2.44,11,24000.0, 100.00,2026-06-12
STYL, EQ, 12-Jun-2026,260.45,264.35,285.3,264.35,279.4,279.8,277.38,371759,1031.17,7198,205873.0, 55.38,2026-06-12
STYLAMIND, EQ, 12-Jun-2026,3056.6,3084.1,3188.8,3076.1,3180.1,3179.9,3140.61,37398,1174.52,8345,20396.0, 54.54,2026-06-12
STYLEBAAZA, BE, 12-Jun-2026,327.85,328.3,335.0,328.0,333.0,333.8,332.88,52956,176.28,448,, -,2026-06-12
STYRENIX, EQ, 12-Jun-2026,2116.4,2123.0,2155.5,2095.3,2125.5,2133.0,2125.59,21135,449.24,2227,12320.0, 58.29,2026-06-12
SUBAHOTELS, SM, 12-Jun-2026,122.0,125.0,127.2,122.5,126.0,125.5,124.86,15600,19.48,13,12000.0, 76.92,2026-06-12
SUBEXLTD, BE, 12-Jun-2026,10.01,10.21,10.51,10.1,10.51,10.51,10.32,738891,76.24,803,, -,2026-06-12
SUBROS, EQ, 12-Jun-2026,702.15,720.1,726.0,705.55,726.0,721.55,716.63,44713,320.43,2260,27878.0, 62.35,2026-06-12
SUDARCOLOR, EQ, 12-Jun-2026,356.95,369.4,369.4,355.0,359.0,356.65,358.12,3255,11.66,144,2337.0, 71.80,2026-06-12
SUDARSCHEM, EQ, 12-Jun-2026,856.75,870.0,888.55,864.05,880.0,882.15,876.94,90521,793.82,5457,44271.0, 48.91,2026-06-12
SUDEEPPHRM, EQ, 12-Jun-2026,729.8,746.6,764.45,737.35,751.0,749.5,750.42,294718,2211.61,17079,176580.0, 59.91,2026-06-12
SUKHJITS, EQ, 12-Jun-2026,169.58,172.75,178.98,171.0,173.1,173.05,174.71,21403,37.39,1011,7140.0, 33.36,2026-06-12
SULA, EQ, 12-Jun-2026,151.16,154.8,158.7,152.79,156.2,157.15,156.04,334555,522.04,7212,159212.0, 47.59,2026-06-12
SUMEETINDS, EQ, 12-Jun-2026,27.53,23.45,24.89,23.06,24.59,24.26,23.88,3475033,829.93,3300,506750.0, 14.58,2026-06-12
SUMICHEM, EQ, 12-Jun-2026,448.5,451.0,464.75,451.0,462.95,461.85,458.37,129653,594.3,6491,63450.0, 48.94,2026-06-12
SUMIT, BE, 12-Jun-2026,39.84,39.98,40.29,37.85,38.94,38.54,38.44,316748,121.76,283,, -,2026-06-12
SUMMITSEC, EQ, 12-Jun-2026,1433.4,1440.0,1528.0,1440.0,1528.0,1497.3,1481.74,2940,43.56,368,1918.0, 65.24,2026-06-12
SUNCLAY, EQ, 12-Jun-2026,1320.3,1334.2,1396.0,1330.1,1371.9,1366.3,1355.26,7402,100.32,1433,4098.0, 55.36,2026-06-12
SUNDARAM, EQ, 12-Jun-2026,1.39,1.38,1.45,1.35,1.38,1.38,1.38,392685,5.43,1074,220808.0, 56.23,2026-06-12
SUNDARMFIN, EQ, 12-Jun-2026,4112.3,4139.9,4215.0,4115.0,4175.0,4159.0,4155.53,66707,2772.03,8584,37706.0, 56.52,2026-06-12
SUNDRMBRAK, EQ, 12-Jun-2026,712.85,715.7,738.0,715.4,734.0,727.85,726.22,1597,11.6,120,1259.0, 78.84,2026-06-12
SUNDRMFAST, EQ, 12-Jun-2026,835.85,840.2,862.9,837.0,838.5,840.8,851.84,92956,791.83,5405,68543.0, 73.74,2026-06-12
SUNDROP, EQ, 12-Jun-2026,652.55,653.0,707.0,649.95,676.0,686.7,666.09,18213,121.32,1073,10673.0, 58.60,2026-06-12
SUNFLAG, EQ, 12-Jun-2026,335.2,340.8,355.7,340.6,351.2,352.45,348.8,299393,1044.27,6548,146976.0, 49.09,2026-06-12
SUNLITE, ST, 12-Jun-2026,407.75,408.2,425.0,408.2,422.0,422.75,419.68,9900,41.55,32,9900.0, 100.00,2026-06-12
SUNPHARMA, EQ, 12-Jun-2026,1794.2,1807.0,1814.5,1792.5,1807.0,1807.7,1806.35,1243362,22459.43,67094,641851.0, 51.62,2026-06-12
SUNREST, SM, 12-Jun-2026,33.1,33.0,33.9,33.0,33.9,33.9,33.18,8000,2.65,4,8000.0, 100.00,2026-06-12
SUNTECH, ST, 12-Jun-2026,33.4,34.5,35.05,34.15,35.05,35.05,34.81,17600,6.13,11,16000.0, 90.91,2026-06-12
SUNTECK, EQ, 12-Jun-2026,273.7,278.85,289.7,276.2,288.0,287.35,283.12,310123,878.03,5713,168107.0, 54.21,2026-06-12
SUNTV, EQ, 12-Jun-2026,501.4,510.4,517.0,505.15,514.45,514.7,511.38,172030,879.74,8535,91611.0, 53.25,2026-06-12
SUPERHOUSE, EQ, 12-Jun-2026,151.33,153.0,155.99,145.6,152.5,151.64,150.03,5336,8.01,211,3026.0, 56.71,2026-06-12
SUPERSPIN, EQ, 12-Jun-2026,5.12,5.25,5.25,5.01,5.16,5.14,5.15,51226,2.64,104,33988.0, 66.35,2026-06-12
SUPRAJIT, EQ, 12-Jun-2026,447.1,449.5,462.3,447.75,458.55,460.3,454.6,92246,419.35,3857,43822.0, 47.51,2026-06-12
SUPREME, EQ, 12-Jun-2026,44.13,45.47,46.7,44.0,46.38,46.5,46.18,219844,101.53,1266,88397.0, 40.21,2026-06-12
SUPREMEENG, BZ, 12-Jun-2026,1.18,1.2,1.2,1.2,1.2,1.2,1.2,236206,2.83,61,, -,2026-06-12
SUPREMEIND, EQ, 12-Jun-2026,3443.8,3460.6,3520.0,3434.0,3500.0,3485.0,3484.36,110844,3862.2,9684,59418.0, 53.61,2026-06-12
SUPREMEINF, EQ, 12-Jun-2026,80.19,81.44,82.0,77.88,81.8,81.13,80.86,160346,129.66,1393,52586.0, 32.80,2026-06-12
SUPREMEPWR, ST, 12-Jun-2026,234.95,237.0,243.95,232.55,236.75,238.5,237.12,35500,84.18,56,28000.0, 78.87,2026-06-12
SUPRIYA, EQ, 12-Jun-2026,937.0,960.0,995.0,952.55,974.0,977.15,981.38,709530,6963.16,26686,227458.0, 32.06,2026-06-12
SURAJEST, EQ, 12-Jun-2026,186.78,190.2,191.02,185.81,190.5,189.62,187.99,45942,86.37,1129,27084.0, 58.95,2026-06-12
SURAJLTD, EQ, 12-Jun-2026,225.22,230.0,235.0,228.0,234.99,234.97,231.0,1291,2.98,38,1189.0, 92.10,2026-06-12
SURAKSHA, EQ, 12-Jun-2026,268.05,262.5,273.95,262.5,268.1,268.05,269.59,22198,59.84,647,14048.0, 63.28,2026-06-12
SURANASOL, EQ, 12-Jun-2026,26.65,26.75,27.53,26.75,27.51,27.44,27.26,45233,12.33,513,35025.0, 77.43,2026-06-12
SURANAT&P, EQ, 12-Jun-2026,18.01,17.8,18.39,17.8,18.23,18.25,18.19,20551,3.74,189,16915.0, 82.31,2026-06-12
SURANI, ST, 12-Jun-2026,124.0,122.9,124.9,118.0,124.9,124.9,123.19,5600,6.9,11,5400.0, 96.43,2026-06-12
SURYALA, EQ, 12-Jun-2026,422.3,425.0,435.9,422.25,422.25,422.55,425.32,1297,5.52,93,988.0, 76.18,2026-06-12
SURYALAXMI, EQ, 12-Jun-2026,55.16,54.06,60.0,54.06,57.5,58.2,58.11,21557,12.53,365,3910.0, 18.14,2026-06-12
SURYAROSNI, EQ, 12-Jun-2026,250.03,255.0,265.0,252.4,262.0,263.01,258.81,1496157,3872.24,17695,790078.0, 52.81,2026-06-12
SURYODAY, EQ, 12-Jun-2026,164.85,167.01,169.99,164.11,169.99,169.65,167.63,209639,351.42,2707,90991.0, 43.40,2026-06-12
SUTLEJTEX, EQ, 12-Jun-2026,35.14,35.1,36.6,35.1,36.25,36.23,35.87,22547,8.09,337,16148.0, 71.62,2026-06-12
SUVEN, EQ, 12-Jun-2026,263.15,265.2,273.7,263.15,271.0,268.25,270.41,1031465,2789.15,19487,284829.0, 27.61,2026-06-12
SUVIDHAA, EQ, 12-Jun-2026,2.65,2.69,2.82,2.63,2.67,2.67,2.67,51813,1.38,135,34121.0, 65.85,2026-06-12
SUYOG, EQ, 12-Jun-2026,673.2,683.2,702.0,673.7,702.0,697.3,687.99,10359,71.27,892,5135.0, 49.57,2026-06-12
SUZLON, EQ, 12-Jun-2026,53.29,54.0,55.2,53.77,55.1,55.08,54.69,64636157,35349.5,74848,23704574.0, 36.67,2026-06-12
SVLL, BE, 12-Jun-2026,703.05,675.0,729.95,667.9,685.15,694.85,676.88,4066,27.52,136,, -,2026-06-12
SVPGLOB, BE, 12-Jun-2026,3.75,3.8,3.92,3.71,3.91,3.81,3.8,43355,1.65,57,, -,2026-06-12
SWANCORP, EQ, 12-Jun-2026,312.45,314.05,317.8,312.0,317.3,316.55,315.13,493690,1555.76,11118,205500.0, 41.63,2026-06-12
SWANDEF, BE, 12-Jun-2026,1973.3,1974.0,2030.0,1965.5,1970.1,1977.9,1987.05,5474,108.77,368,, -,2026-06-12
SWARAJ, SM, 12-Jun-2026,249.6,254.9,264.0,250.0,260.0,260.2,255.68,130500,333.66,168,50500.0, 38.70,2026-06-12
SWARAJENG, EQ, 12-Jun-2026,3686.8,3711.0,3740.9,3681.7,3705.0,3703.4,3706.52,29368,1088.53,2069,20715.0, 70.54,2026-06-12
SWELECTES, EQ, 12-Jun-2026,619.75,624.9,641.95,609.45,637.95,633.9,628.31,28168,176.98,1739,12684.0, 45.03,2026-06-12
SWIGGY, EQ, 12-Jun-2026,240.2,244.2,251.25,243.45,250.75,249.9,246.23,12883067,31722.02,65143,7232404.0, 56.14,2026-06-12
SWSOLAR, EQ, 12-Jun-2026,193.14,196.5,211.5,195.2,209.6,208.23,205.09,3838284,7871.96,33576,1354577.0, 35.29,2026-06-12
SYMPHONY, EQ, 12-Jun-2026,661.4,666.0,676.0,660.0,672.6,669.85,667.44,53801,359.09,3091,24523.0, 45.58,2026-06-12
SYNCOMF, EQ, 12-Jun-2026,13.91,14.0,14.35,14.0,14.3,14.27,14.21,1466441,208.44,2625,829382.0, 56.56,2026-06-12
SYNGENE, EQ, 12-Jun-2026,447.95,455.0,460.0,449.0,456.35,458.55,455.32,637719,2903.67,39987,338190.0, 53.03,2026-06-12
SYNOPTICS, SM, 12-Jun-2026,64.2,61.05,67.3,61.05,67.3,67.3,65.66,4800,3.15,8,4200.0, 87.50,2026-06-12
SYRMA, EQ, 12-Jun-2026,1235.6,1264.0,1279.9,1250.0,1257.0,1266.7,1264.87,844050,10676.13,33161,244901.0, 29.01,2026-06-12
SYSTANGO, SM, 12-Jun-2026,218.6,221.5,226.0,216.15,220.1,220.05,220.66,20400,45.01,49,13600.0, 66.67,2026-06-12
SYSTMTXC, EQ, 12-Jun-2026,63.45,63.48,66.62,63.45,66.62,66.62,66.3,7730,5.13,160,5909.0, 76.44,2026-06-12
TAALTECH, EQ, 12-Jun-2026,3379.3,3413.8,3413.8,3315.0,3354.0,3345.1,3355.71,913,30.64,182,698.0, 76.45,2026-06-12
TAC, SM, 12-Jun-2026,348.4,355.0,365.0,350.0,351.0,355.25,357.68,62400,223.19,218,42800.0, 68.59,2026-06-12
TAINWALCHM, EQ, 12-Jun-2026,198.94,200.0,202.0,192.15,202.0,201.05,198.31,6328,12.55,119,3316.0, 52.40,2026-06-12
TAJGVK, EQ, 12-Jun-2026,315.55,319.5,332.8,319.0,330.5,330.2,326.12,70987,231.5,2676,42157.0, 59.39,2026-06-12
TAKE, BE, 12-Jun-2026,29.58,29.97,30.67,29.34,29.76,29.67,29.67,355676,105.54,8594,, -,2026-06-12
TALBROAUTO, EQ, 12-Jun-2026,356.85,361.95,362.9,353.65,358.25,359.75,358.68,124310,445.87,3864,50134.0, 40.33,2026-06-12
TAMBOLIIN, EQ, 12-Jun-2026,172.67,178.7,183.45,175.01,178.0,175.39,176.68,1736,3.07,29,1678.0, 96.66,2026-06-12
TANKUP, ST, 12-Jun-2026,1050.0,1029.0,1029.0,1029.0,1029.0,1029.0,1029.0,250,2.57,1,250.0, 100.00,2026-06-12
TANLA, EQ, 12-Jun-2026,500.65,505.55,516.0,503.35,514.0,513.7,510.14,260622,1329.53,10423,106076.0, 40.70,2026-06-12
TARACHAND, EQ, 12-Jun-2026,53.83,54.6,55.98,54.16,55.5,55.64,54.98,54358,29.89,1119,31768.0, 58.44,2026-06-12
TARAPUR, EQ, 12-Jun-2026,18.34,18.99,19.25,18.5,19.25,19.25,19.07,12241,2.33,72,8630.0, 70.50,2026-06-12
TARC, EQ, 12-Jun-2026,121.22,123.0,126.5,122.0,126.5,125.33,124.83,203277,253.76,2351,108674.0, 53.46,2026-06-12
TARIL, EQ, 12-Jun-2026,300.5,306.0,316.0,306.0,315.0,315.1,311.63,1391586,4336.62,20977,588366.0, 42.28,2026-06-12
TARMAT, EQ, 12-Jun-2026,51.84,53.45,53.45,51.22,52.19,51.94,51.72,5939,3.07,56,4208.0, 70.85,2026-06-12
TARSONS, EQ, 12-Jun-2026,201.0,202.1,208.0,202.1,205.0,205.35,205.45,62638,128.69,1633,43712.0, 69.79,2026-06-12
TASTYBITE, EQ, 12-Jun-2026,8010.0,8149.0,8279.0,8060.5,8250.0,8179.0,8179.21,2523,206.36,863,1280.0, 50.73,2026-06-12
TATACAP, EQ, 12-Jun-2026,321.35,323.0,327.7,322.45,326.1,326.05,325.49,1478059,4810.86,39453,906015.0, 61.30,2026-06-12
TATACHEM, EQ, 12-Jun-2026,741.2,755.0,762.9,741.9,747.5,745.95,750.88,949724,7131.33,26883,272774.0, 28.72,2026-06-12
TATACOMM, EQ, 12-Jun-2026,1966.0,1980.0,1980.0,1944.2,1967.0,1966.6,1963.33,281125,5519.41,26261,135830.0, 48.32,2026-06-12
TATACONSUM, EQ, 12-Jun-2026,1108.6,1120.8,1120.8,1096.7,1100.7,1100.7,1102.38,1455068,16040.39,40058,854953.0, 58.76,2026-06-12
TATAELXSI, EQ, 12-Jun-2026,4009.1,4050.4,4075.0,4012.1,4075.0,4064.9,4053.21,133157,5397.14,15870,40419.0, 30.35,2026-06-12
TATAGOLD, EQ, 12-Jun-2026,14.02,14.02,14.37,13.66,14.3,14.3,14.26,37292663,5317.35,65178,11829877.0, 31.72,2026-06-12
TATAINVEST, EQ, 12-Jun-2026,635.65,649.25,678.65,645.7,664.1,665.9,663.19,1399612,9282.03,50260,172444.0, 12.32,2026-06-12
TATAPOWER, EQ, 12-Jun-2026,390.25,395.8,395.8,388.0,394.75,393.55,392.11,6317321,24771.0,48298,2962613.0, 46.90,2026-06-12
TATASTEEL, EQ, 12-Jun-2026,197.96,200.0,200.82,195.8,197.83,197.86,197.15,27622963,54458.54,295521,12719970.0, 46.05,2026-06-12
TATATECH, EQ, 12-Jun-2026,731.45,740.0,763.8,737.0,761.1,761.0,755.0,1516932,11452.81,34813,773719.0, 51.01,2026-06-12
TATSILV, EQ, 12-Jun-2026,22.48,23.04,23.45,22.97,23.35,23.34,23.21,53776014,12479.59,57976,18177769.0, 33.80,2026-06-12
TATVA, EQ, 12-Jun-2026,1153.1,1153.1,1215.6,1153.1,1206.0,1208.4,1195.6,65011,777.27,5959,30727.0, 47.26,2026-06-12
TAURIAN, SM, 12-Jun-2026,269.8,270.0,278.9,269.1,276.0,274.0,273.0,16800,45.86,19,10400.0, 61.90,2026-06-12
TBI, SM, 12-Jun-2026,65.35,66.7,66.8,64.5,65.0,65.4,65.95,33000,21.76,41,29400.0, 89.09,2026-06-12
TBOTEK, EQ, 12-Jun-2026,1255.6,1274.9,1369.0,1254.1,1357.7,1352.8,1322.13,211915,2801.79,17161,89706.0, 42.33,2026-06-12
TBZ, EQ, 12-Jun-2026,166.09,168.0,189.5,168.0,183.88,183.77,183.37,4353315,7982.52,47265,718934.0, 16.51,2026-06-12
TCC, EQ, 12-Jun-2026,357.65,369.95,369.95,356.0,356.3,356.9,358.41,2299,8.24,261,1798.0, 78.21,2026-06-12
TCI, EQ, 12-Jun-2026,923.6,938.6,938.6,925.2,927.6,933.65,931.34,17690,164.75,3001,10938.0, 61.83,2026-06-12
TCIEXP, EQ, 12-Jun-2026,504.15,519.3,519.3,500.4,514.15,513.3,512.62,7041,36.09,688,2847.0, 40.43,2026-06-12
TCIFINANCE, BE, 12-Jun-2026,25.3,26.56,26.56,26.56,26.56,26.56,26.56,110722,29.41,257,, -,2026-06-12
TCL, SM, 12-Jun-2026,94.1,94.15,97.9,94.15,97.05,97.45,96.76,16000,15.48,19,12000.0, 75.00,2026-06-12
TCPLPACK, EQ, 12-Jun-2026,2455.0,2488.2,2525.0,2472.1,2510.0,2519.4,2492.71,1520,37.89,372,1028.0, 67.63,2026-06-12
TCS, EQ, 12-Jun-2026,2135.6,2150.0,2168.0,2138.0,2161.1,2161.4,2153.15,2124656,45746.95,98414,910656.0, 42.86,2026-06-12
TDPOWERSYS, EQ, 12-Jun-2026,1126.0,1158.0,1199.8,1133.3,1197.6,1192.8,1169.12,1038875,12145.69,44092,441841.0, 42.53,2026-06-12
TEAMGTY, EQ, 12-Jun-2026,238.45,241.5,243.0,241.0,241.0,241.0,241.85,516,1.25,35,496.0, 96.12,2026-06-12
TEAMLEASE, EQ, 12-Jun-2026,1413.8,1429.7,1429.9,1392.1,1400.3,1405.1,1409.21,17319,244.06,1838,9552.0, 55.15,2026-06-12
TEAMTECH, SM, 12-Jun-2026,86.7,88.0,89.8,84.0,88.0,88.4,87.67,166000,145.53,75,96000.0, 57.83,2026-06-12
TECH, EQ, 12-Jun-2026,30.48,30.58,30.58,30.18,30.4,30.41,30.35,63283,19.2,297,36705.0, 58.00,2026-06-12
TECHD, ST, 12-Jun-2026,572.8,582.0,600.0,562.2,600.0,596.25,583.26,8400,48.99,28,7500.0, 89.29,2026-06-12
TECHERA, SM, 12-Jun-2026,139.85,143.5,146.8,141.5,146.8,146.8,144.87,82400,119.38,97,52800.0, 64.08,2026-06-12
TECHLABS, ST, 12-Jun-2026,135.65,131.05,135.0,128.9,128.9,128.9,129.5,116625,151.03,327,106625.0, 91.43,2026-06-12
TECHM, EQ, 12-Jun-2026,1465.1,1477.0,1478.6,1425.0,1433.1,1429.2,1436.41,2460369,35341.0,80528,1200503.0, 48.79,2026-06-12
TECHNOE, EQ, 12-Jun-2026,1009.5,1024.6,1047.2,1016.6,1039.0,1038.7,1033.09,214529,2216.28,11372,118563.0, 55.27,2026-06-12
TECHNVISN, EQ, 12-Jun-2026,5368.5,5300.0,5447.0,5250.0,5447.0,5412.0,5392.86,69,3.72,20,53.0, 76.81,2026-06-12
TECILCHEM, EQ, 12-Jun-2026,11.05,11.32,11.32,10.8,11.29,11.18,11.25,3544,0.4,44,2868.0, 80.93,2026-06-12
TEGA, EQ, 12-Jun-2026,1688.1,1698.2,1762.2,1698.2,1758.2,1756.5,1734.85,61565,1068.06,6490,24380.0, 39.60,2026-06-12
TEJASCARGO, SM, 12-Jun-2026,390.0,390.0,390.0,390.0,390.0,390.0,390.0,1600,6.24,4,1600.0, 100.00,2026-06-12
TEJASNET, EQ, 12-Jun-2026,573.5,580.7,602.9,575.0,598.0,598.85,591.29,13459871,79587.33,179048,1827677.0, 13.58,2026-06-12
TEMBO, EQ, 12-Jun-2026,544.7,555.0,565.05,541.0,549.0,548.1,549.31,135019,741.67,2950,69059.0, 51.15,2026-06-12
TENNIND, EQ, 12-Jun-2026,561.55,567.0,578.05,567.0,574.0,574.25,574.02,651864,3741.82,47680,436821.0, 67.01,2026-06-12
TERASOFT, EQ, 12-Jun-2026,416.8,422.85,434.0,417.05,422.5,424.25,422.77,12603,53.28,812,6462.0, 51.27,2026-06-12
TEXINFRA, EQ, 12-Jun-2026,98.19,98.2,99.97,98.2,98.81,98.85,98.75,61781,61.01,896,34206.0, 55.37,2026-06-12
TEXMOPIPES, EQ, 12-Jun-2026,43.3,43.5,44.79,43.5,44.79,44.41,44.32,39048,17.31,468,22470.0, 57.54,2026-06-12
TEXRAIL, EQ, 12-Jun-2026,100.95,102.19,106.25,102.19,106.0,105.86,104.36,1869409,1950.93,11674,986288.0, 52.76,2026-06-12
TFCILTD, EQ, 12-Jun-2026,73.96,75.0,76.0,74.5,74.55,74.68,74.91,4913569,3680.68,7465,2953805.0, 60.12,2026-06-12
TFL, EQ, 12-Jun-2026,11.92,11.92,12.3,11.51,12.0,11.98,11.96,2631,0.31,62,2258.0, 85.82,2026-06-12
TGBHOTELS, EQ, 12-Jun-2026,8.9,8.8,9.16,8.3,8.76,8.98,8.76,35843,3.14,233,22939.0, 64.00,2026-06-12
TGL, SM, 12-Jun-2026,20.4,21.35,21.35,20.0,20.0,20.1,20.34,26800,5.45,78,19000.0, 70.90,2026-06-12
THACKER, BE, 12-Jun-2026,1137.8,1081.0,1193.9,1081.0,1192.9,1145.7,1111.06,227,2.52,45,, -,2026-06-12
THANGAMAYL, EQ, 12-Jun-2026,5415.4,5482.0,5560.0,5225.5,5490.0,5478.7,5448.43,126015,6865.84,20887,26039.0, 20.66,2026-06-12
THEINVEST, EQ, 12-Jun-2026,92.8,93.5,100.5,93.02,96.0,98.14,96.94,14847,14.39,452,7565.0, 50.95,2026-06-12
THEJO, EQ, 12-Jun-2026,1491.5,1499.9,1554.3,1488.1,1535.0,1543.5,1519.23,5650,85.84,534,3121.0, 55.24,2026-06-12
THELEELA, EQ, 12-Jun-2026,406.65,413.55,431.45,409.3,429.0,429.8,421.39,303851,1280.4,10311,200568.0, 66.01,2026-06-12
THEMISMED, EQ, 12-Jun-2026,100.31,101.0,104.97,101.0,103.5,103.99,103.58,38400,39.78,652,13658.0, 35.57,2026-06-12
THERMAX, EQ, 12-Jun-2026,4571.3,4626.6,4746.9,4626.6,4698.0,4726.3,4686.75,238336,11170.22,26747,121654.0, 51.04,2026-06-12
THESL, SM, 12-Jun-2026,13.05,13.05,13.05,13.05,13.05,13.05,13.05,42000,5.48,4,42000.0, 100.00,2026-06-12
THOMASCOOK, EQ, 12-Jun-2026,108.16,110.01,112.0,108.12,108.12,109.78,110.53,2781223,3074.22,18060,907631.0, 32.63,2026-06-12
THOMASCOTT, EQ, 12-Jun-2026,251.65,255.0,261.0,252.0,258.5,255.65,255.47,28922,73.89,997,17171.0, 59.37,2026-06-12
THYROCARE, EQ, 12-Jun-2026,519.4,527.8,538.45,522.05,531.95,528.9,528.79,331843,1754.76,14423,127204.0, 38.33,2026-06-12
TI, EQ, 12-Jun-2026,428.0,431.8,437.1,426.0,434.9,434.9,431.6,341946,1475.83,11798,169444.0, 49.55,2026-06-12
TICL, EQ, 12-Jun-2026,20.8,20.79,21.5,20.4,20.75,20.54,21.12,1623273,342.83,1343,780178.0, 48.06,2026-06-12
TIGERLOGS, BE, 12-Jun-2026,34.98,34.25,35.5,34.25,34.8,35.01,34.72,12871,4.47,159,, -,2026-06-12
TIIL, EQ, 12-Jun-2026,2515.5,2525.0,2547.0,2491.5,2509.0,2508.4,2508.18,6557,164.46,1160,3589.0, 54.74,2026-06-12
TIINDIA, EQ, 12-Jun-2026,2975.3,3000.0,3172.2,3000.0,3166.4,3141.8,3098.6,260594,8074.77,19714,101742.0, 39.04,2026-06-12
TIJARIA, EQ, 12-Jun-2026,4.52,4.66,4.66,4.35,4.57,4.48,4.55,31524,1.43,68,26316.0, 83.48,2026-06-12
TIL, EQ, 12-Jun-2026,179.68,181.72,183.91,180.0,182.0,181.95,181.64,66170,120.19,1004,48878.0, 73.87,2026-06-12
TIMETECHNO, EQ, 12-Jun-2026,163.15,166.0,170.8,165.01,170.5,169.48,167.57,4678831,7840.47,38484,1390637.0, 29.72,2026-06-12
TIMEX, EQ, 12-Jun-2026,455.95,460.5,496.9,457.95,494.95,493.75,482.13,1084820,5230.2,23595,541594.0, 49.92,2026-06-12
TIMKEN, EQ, 12-Jun-2026,3511.5,3524.8,3598.9,3510.0,3524.9,3530.2,3549.97,41016,1456.06,9949,26115.0, 63.67,2026-06-12
TINNARUBR, EQ, 12-Jun-2026,868.65,870.1,884.4,847.25,850.5,853.65,863.0,38966,336.28,2461,21020.0, 53.94,2026-06-12
TIPSFILMS, EQ, 12-Jun-2026,342.45,350.1,357.0,344.0,348.05,350.4,349.65,2820,9.86,216,1991.0, 70.60,2026-06-12
TIPSMUSIC, EQ, 12-Jun-2026,635.5,642.1,649.45,630.3,643.0,640.25,639.98,203868,1304.71,11223,110688.0, 54.29,2026-06-12
TIRUMALCHM, EQ, 12-Jun-2026,163.31,164.6,173.0,164.6,171.0,171.75,169.71,215469,365.67,3659,104581.0, 48.54,2026-06-12
TIRUPATI, SM, 12-Jun-2026,498.0,498.1,498.2,498.1,498.2,498.2,498.15,2000,9.96,2,2000.0, 100.00,2026-06-12
TIRUPATIFL, BE, 12-Jun-2026,43.57,43.8,45.7,42.65,44.95,45.12,44.79,222016,99.44,633,, -,2026-06-12
TITAGARH, EQ, 12-Jun-2026,822.7,833.5,861.1,831.1,860.0,858.65,849.2,994625,8446.31,27877,429071.0, 43.14,2026-06-12
TITAN, EQ, 12-Jun-2026,4025.2,4067.8,4200.0,4052.7,4179.0,4184.0,4127.82,1122271,46325.34,76870,558457.0, 49.76,2026-06-12
TMB, EQ, 12-Jun-2026,767.4,768.7,777.4,758.0,770.95,767.05,767.57,210472,1615.51,10394,99656.0, 47.35,2026-06-12
TMCV, EQ, 12-Jun-2026,358.35,363.0,398.0,361.5,390.25,390.3,379.45,21118400,80132.84,216958,7920581.0, 37.51,2026-06-12
TMPV, EQ, 12-Jun-2026,375.9,380.25,392.95,379.0,391.0,390.0,385.43,7787586,30015.69,91780,3377192.0, 43.37,2026-06-12
TNIDETF, EQ, 12-Jun-2026,78.18,78.18,80.0,77.7,80.0,79.59,78.96,26372,20.82,411,16868.0, 63.96,2026-06-12
TNPETRO, EQ, 12-Jun-2026,89.87,91.73,91.73,89.32,90.22,90.5,90.27,122997,111.02,1609,59452.0, 48.34,2026-06-12
TNPL, EQ, 12-Jun-2026,143.63,146.0,146.0,143.1,144.45,143.93,144.14,79229,114.2,1274,45683.0, 57.66,2026-06-12
TNTELE, EQ, 12-Jun-2026,9.09,9.09,9.39,9.09,9.28,9.25,9.18,17713,1.63,75,12680.0, 71.59,2026-06-12
TOKYOPLAST, BE, 12-Jun-2026,82.8,82.81,84.94,82.0,84.37,84.37,82.62,988,0.82,22,, -,2026-06-12
TOLINS, EQ, 12-Jun-2026,98.24,99.0,102.9,98.23,102.85,102.3,100.87,118854,119.89,2191,56129.0, 47.23,2026-06-12
TOP100CASE, EQ, 12-Jun-2026,10.1,10.12,10.3,10.12,10.3,10.29,10.21,730495,74.61,996,380788.0, 52.13,2026-06-12
TOP10ADD, EQ, 12-Jun-2026,85.37,86.59,87.29,85.82,86.6,87.13,85.9,1609421,1382.45,436,1565561.0, 97.27,2026-06-12
TOP15IETF, EQ, 12-Jun-2026,9.48,9.54,9.7,9.54,9.7,9.67,9.63,89728,8.64,228,73033.0, 81.39,2026-06-12
TOP20, EQ, 12-Jun-2026,8.32,8.42,8.52,8.38,8.51,8.51,8.43,15971,1.35,69,12963.0, 81.17,2026-06-12
TORNTPHARM, EQ, 12-Jun-2026,4572.2,4619.5,4666.0,4557.9,4576.0,4571.2,4600.0,426095,19600.37,31715,225226.0, 52.86,2026-06-12
TORNTPOWER, EQ, 12-Jun-2026,1376.3,1391.5,1399.6,1371.5,1397.0,1392.0,1387.55,239721,3326.24,26346,102026.0, 42.56,2026-06-12
TOTAL, EQ, 12-Jun-2026,49.83,51.01,51.5,49.1,50.99,50.96,50.59,4209,2.13,125,2447.0, 58.14,2026-06-12
TOUCHWOOD, EQ, 12-Jun-2026,69.25,70.0,70.0,67.3,68.4,68.13,68.31,731,0.5,56,465.0, 63.61,2026-06-12
TPHQ, EQ, 12-Jun-2026,0.49,0.49,0.5,0.48,0.48,0.48,0.49,1236053,6.02,384,762482.0, 61.69,2026-06-12
TPLPLASTEH, EQ, 12-Jun-2026,65.06,63.6,67.5,63.6,66.43,66.72,66.35,32702,21.7,685,18808.0, 57.51,2026-06-12
TRACXN, EQ, 12-Jun-2026,30.81,31.0,31.49,30.86,31.49,31.26,31.17,97753,30.47,1566,66991.0, 68.53,2026-06-12
TRANSPEK, EQ, 12-Jun-2026,972.7,995.0,1042.9,973.0,1020.0,1022.9,1010.36,6934,70.06,961,4266.0, 61.52,2026-06-12
TRANSRAILL, EQ, 12-Jun-2026,466.5,472.4,481.0,469.05,480.0,478.1,473.75,665699,3153.77,17474,363526.0, 54.61,2026-06-12
TRANSTEEL, SM, 12-Jun-2026,118.65,116.0,118.4,113.0,113.0,113.8,115.68,19000,21.98,19,15000.0, 78.95,2026-06-12
TRANSWORLD, EQ, 12-Jun-2026,157.54,158.5,163.8,158.0,161.1,161.16,160.92,12123,19.51,240,8890.0, 73.33,2026-06-12
TRAVELFOOD, EQ, 12-Jun-2026,1216.4,1216.8,1256.0,1212.1,1249.0,1241.7,1238.03,160308,1984.66,8103,118852.0, 74.14,2026-06-12
TREEHOUSE, EQ, 12-Jun-2026,6.94,7.58,7.58,6.51,7.0,6.96,7.09,28947,2.05,139,12372.0, 42.74,2026-06-12
TREJHARA, EQ, 12-Jun-2026,135.06,140.96,141.97,136.51,141.85,140.55,138.66,17068,23.67,441,12033.0, 70.50,2026-06-12
TREL, EQ, 12-Jun-2026,25.63,25.37,25.98,25.0,25.98,25.53,25.42,100233,25.48,938,56183.0, 56.05,2026-06-12
TRENT, EQ, 12-Jun-2026,2710.9,2758.0,2783.9,2720.4,2756.0,2755.3,2749.28,583327,16037.31,41337,223467.0, 38.31,2026-06-12
TRF, EQ, 12-Jun-2026,222.39,227.0,230.83,220.63,228.8,227.79,225.05,14202,31.96,615,5341.0, 37.61,2026-06-12
TRIDENT, EQ, 12-Jun-2026,23.57,23.76,24.25,23.75,24.21,24.19,24.0,3656825,877.73,10188,1665605.0, 45.55,2026-06-12
TRIDHYA, SM, 12-Jun-2026,9.65,10.1,10.1,10.1,10.1,10.1,10.1,6000,0.61,2,6000.0, 100.00,2026-06-12
TRIGYN, EQ, 12-Jun-2026,54.26,54.26,55.73,53.55,54.05,54.39,54.44,22430,12.21,346,14498.0, 64.64,2026-06-12
TRITURBINE, EQ, 12-Jun-2026,640.7,644.95,672.8,644.95,672.0,671.2,662.93,671285,4450.17,22077,194654.0, 29.00,2026-06-12
TRIVENI, EQ, 12-Jun-2026,382.6,384.2,387.05,380.3,386.0,385.95,383.24,340165,1303.66,10290,187992.0, 55.26,2026-06-12
TROM, ST, 12-Jun-2026,55.95,57.05,58.5,55.0,55.5,56.15,57.44,6000,3.45,10,4800.0, 80.00,2026-06-12
TRU, EQ, 12-Jun-2026,5.89,6.11,6.11,5.65,5.7,5.67,5.77,128982,7.45,473,87408.0, 67.77,2026-06-12
TRUALT, EQ, 12-Jun-2026,498.65,511.8,511.8,495.1,495.75,501.25,502.57,317617,1596.24,7605,138958.0, 43.75,2026-06-12
TRUST, SM, 12-Jun-2026,31.0,31.0,31.0,30.0,31.0,31.0,30.19,10800,3.26,14,9000.0, 83.33,2026-06-12
TSC, SM, 12-Jun-2026,29.45,29.45,29.45,25.5,27.35,27.35,27.07,20000,5.41,10,12000.0, 60.00,2026-06-12
TSFINV, EQ, 12-Jun-2026,385.6,392.0,396.0,384.8,392.0,394.2,390.46,45373,177.16,2063,26007.0, 57.32,2026-06-12
TTKHLTCARE, EQ, 12-Jun-2026,889.9,890.25,907.65,882.05,892.95,891.05,889.73,972,8.65,174,717.0, 73.77,2026-06-12
TTKPRESTIG, EQ, 12-Jun-2026,532.05,531.0,542.0,527.95,538.95,537.1,535.56,40262,215.63,2618,15791.0, 39.22,2026-06-12
TTL, EQ, 12-Jun-2026,7.04,7.19,7.37,6.76,6.83,6.8,6.83,501980,34.3,659,455060.0, 90.65,2026-06-12
TTML, EQ, 12-Jun-2026,42.15,42.86,47.89,42.22,46.16,46.44,46.54,55068815,25626.36,117640,6315892.0, 11.47,2026-06-12
TUNWAL, SM, 12-Jun-2026,27.85,27.9,28.3,27.85,28.3,28.1,28.01,170000,47.61,68,108000.0, 63.53,2026-06-12
TVSELECT, EQ, 12-Jun-2026,438.1,440.05,458.0,440.05,458.0,456.0,452.03,71856,324.81,3006,31946.0, 44.46,2026-06-12
TVSHLTD, EQ, 12-Jun-2026,13315.0,13339.0,13400.0,13216.0,13342.0,13310.0,13318.99,2211,294.48,1067,1175.0, 53.14,2026-06-12
TVSMOTOR, EQ, 12-Jun-2026,3287.4,3320.0,3366.8,3265.6,3315.0,3312.8,3304.96,2401100,79355.31,100991,1570378.0, 65.40,2026-06-12
TVSSCS, EQ, 12-Jun-2026,120.24,122.55,132.26,122.0,132.26,132.26,129.68,1581448,2050.89,8047,962884.0, 60.89,2026-06-12
TVSSRICHAK, EQ, 12-Jun-2026,3877.2,3877.0,4035.0,3834.6,4011.4,3985.4,3930.49,8055,316.6,1793,3684.0, 45.74,2026-06-12
TVTODAY, EQ, 12-Jun-2026,103.88,104.2,108.0,103.86,106.11,106.49,105.56,74289,78.42,1155,20426.0, 27.50,2026-06-12
TVVISION, EQ, 12-Jun-2026,5.0,4.99,5.49,4.96,5.43,5.39,5.17,25154,1.3,131,20430.0, 81.22,2026-06-12
TWCGOLDETF, EQ, 12-Jun-2026,144.01,146.77,147.29,146.0,146.71,147.23,146.85,2621,3.85,88,1649.0, 62.91,2026-06-12
UBL, EQ, 12-Jun-2026,1320.7,1332.3,1358.0,1323.6,1355.0,1353.3,1347.39,67883,914.65,10234,33785.0, 49.77,2026-06-12
UCAL, EQ, 12-Jun-2026,98.1,99.01,100.75,98.98,100.05,100.05,99.93,6987,6.98,93,6199.0, 88.72,2026-06-12
UCL, ST, 12-Jun-2026,155.75,152.65,152.65,152.65,152.65,152.65,152.65,300000,457.95,5,300000.0, 100.00,2026-06-12
UCOBANK, EQ, 12-Jun-2026,25.12,25.27,26.04,25.27,26.0,25.99,25.76,5924272,1525.99,12830,2764348.0, 46.66,2026-06-12
UDS, EQ, 12-Jun-2026,184.12,186.9,191.9,180.25,182.2,182.55,185.67,373417,693.32,6371,164290.0, 44.00,2026-06-12
UEL, EQ, 12-Jun-2026,143.54,145.75,147.9,138.02,140.0,140.08,141.97,6703,9.52,542,3769.0, 56.23,2026-06-12
UFBL, EQ, 12-Jun-2026,556.55,564.0,600.0,562.7,599.5,593.6,587.32,342253,2010.12,10586,141074.0, 41.22,2026-06-12
UFLEX, EQ, 12-Jun-2026,406.15,417.5,419.45,412.2,418.8,417.4,415.65,29257,121.61,1132,12988.0, 44.39,2026-06-12
UFO, EQ, 12-Jun-2026,71.97,72.5,72.9,71.25,71.89,71.74,71.87,95051,68.32,568,76950.0, 80.96,2026-06-12
UGARSUGAR, EQ, 12-Jun-2026,39.0,39.5,39.96,39.06,39.5,39.59,39.38,58073,22.87,690,28203.0, 48.56,2026-06-12
UGROCAP, EQ, 12-Jun-2026,92.6,93.1,95.75,93.1,95.75,95.29,94.29,86558,81.61,1061,51541.0, 59.55,2026-06-12
UHTL, ST, 12-Jun-2026,98.8,103.7,103.7,101.0,103.7,103.7,103.45,148000,153.11,51,140000.0, 94.59,2026-06-12
UJJIVANSFB, EQ, 12-Jun-2026,53.26,54.0,55.0,53.72,54.71,54.76,54.39,14098314,7668.49,46947,8614435.0, 61.10,2026-06-12
ULTRACEMCO, EQ, 12-Jun-2026,10830.0,10950.0,11154.0,10843.0,11110.0,11117.0,11002.01,192524,21181.51,37417,97153.0, 50.46,2026-06-12
ULTRAMAR, EQ, 12-Jun-2026,375.9,377.55,382.8,370.05,374.2,374.45,374.57,17308,64.83,1891,11908.0, 68.80,2026-06-12
UMA, SM, 12-Jun-2026,18.15,18.0,18.2,18.0,18.0,18.1,18.07,12000,2.17,3,8000.0, 66.67,2026-06-12
UMAEXPORTS, BE, 12-Jun-2026,21.69,20.9,22.77,20.9,22.77,22.77,22.3,32992,7.36,149,, -,2026-06-12
UMESLTD, BE, 12-Jun-2026,5.64,5.37,5.88,5.37,5.74,5.74,5.54,1170,0.06,32,, -,2026-06-12
UMIYA-MRO, EQ, 12-Jun-2026,87.12,86.95,87.33,86.1,86.2,86.43,86.54,3870,3.35,67,2470.0, 63.82,2026-06-12
UNICHEMLAB, EQ, 12-Jun-2026,462.6,449.0,462.3,438.35,443.0,447.6,452.68,2033442,9204.89,49448,215701.0, 10.61,2026-06-12
UNIDT, BE, 12-Jun-2026,236.41,236.41,240.5,224.59,224.59,226.64,227.52,33669,76.6,220,, -,2026-06-12
UNIECOM, EQ, 12-Jun-2026,90.83,91.65,94.48,89.1,90.0,90.17,91.92,4816515,4427.36,28797,615301.0, 12.77,2026-06-12
UNIENTER, EQ, 12-Jun-2026,101.73,105.0,106.4,101.7,106.4,103.07,102.96,8181,8.42,90,3188.0, 38.97,2026-06-12
UNIHEALTH, ST, 12-Jun-2026,465.75,464.0,488.8,442.5,482.45,473.3,469.19,56500,265.09,84,50500.0, 89.38,2026-06-12
UNIINFO, BE, 12-Jun-2026,11.0,11.0,11.55,10.55,11.0,11.17,11.28,2620,0.3,24,, -,2026-06-12
UNILEX, SM, 12-Jun-2026,28.0,27.05,27.05,27.0,27.0,27.0,27.03,3200,0.86,2,3200.0, 100.00,2026-06-12
UNIMECH, EQ, 12-Jun-2026,1076.8,1096.85,1184.45,1096.85,1158.0,1159.55,1166.31,464128,5413.16,18370,173015.0, 37.28,2026-06-12
UNIONBANK, EQ, 12-Jun-2026,164.54,167.5,170.42,166.15,169.95,170.05,168.48,13371950,22528.97,43931,6312070.0, 47.20,2026-06-12
UNIONGOLD, EQ, 12-Jun-2026,140.65,143.0,145.1,141.1,144.1,144.2,143.86,4133,5.95,44,2902.0, 70.22,2026-06-12
UNIPARTS, EQ, 12-Jun-2026,637.15,655.0,663.6,627.2,661.0,659.7,657.16,198227,1302.66,7639,114376.0, 57.70,2026-06-12
UNITDSPR, EQ, 12-Jun-2026,1257.8,1270.9,1277.0,1261.2,1272.5,1272.4,1268.58,497161,6306.86,17119,325164.0, 65.40,2026-06-12
UNITECH, EQ, 12-Jun-2026,4.66,4.66,4.85,4.66,4.8,4.78,4.77,3461803,165.1,2902,1916684.0, 55.37,2026-06-12
UNITEDPOLY, BE, 12-Jun-2026,33.29,34.5,34.5,32.5,33.3,32.95,32.91,5920,1.95,92,, -,2026-06-12
UNITEDTEA, EQ, 12-Jun-2026,510.2,529.0,529.0,507.0,507.05,507.55,510.87,837,4.28,155,574.0, 68.58,2026-06-12
UNIVASTU, EQ, 12-Jun-2026,78.31,79.99,83.52,79.01,80.05,80.1,81.47,321863,262.21,2023,202589.0, 62.94,2026-06-12
UNIVCABLES, EQ, 12-Jun-2026,1134.3,1155.2,1198.9,1155.2,1172.1,1176.6,1178.89,145680,1717.4,8002,54934.0, 37.71,2026-06-12
UNIVPHOTO, BE, 12-Jun-2026,365.85,359.1,359.1,358.6,358.7,358.7,358.93,895,3.21,16,, -,2026-06-12
UNOMINDA, EQ, 12-Jun-2026,1067.3,1077.9,1086.0,1031.3,1057.7,1057.7,1051.15,1395251,14666.16,55449,629548.0, 45.12,2026-06-12
UPL, EQ, 12-Jun-2026,593.75,598.75,615.0,598.05,610.7,610.1,608.12,1385523,8425.68,32210,557463.0, 40.23,2026-06-12
URAVIDEF, EQ, 12-Jun-2026,114.38,116.0,118.49,110.5,114.4,113.74,113.5,8021,9.1,281,5871.0, 73.20,2026-06-12
URBAN, SM, 12-Jun-2026,128.1,131.9,131.9,126.75,129.0,129.15,129.31,10400,13.45,13,6400.0, 61.54,2026-06-12
URBANCO, EQ, 12-Jun-2026,122.98,124.0,126.92,123.8,126.7,126.45,125.8,2257031,2839.25,21259,961085.0, 42.58,2026-06-12
URJA, EQ, 12-Jun-2026,10.13,10.15,10.4,10.15,10.39,10.36,10.3,689721,71.07,2048,291349.0, 42.24,2026-06-12
USHAMART, EQ, 12-Jun-2026,480.1,484.35,491.0,482.4,486.8,486.5,486.46,194358,945.48,9221,74296.0, 38.23,2026-06-12
USK, EQ, 12-Jun-2026,23.87,24.6,24.9,23.6,24.05,24.62,24.19,7320,1.77,110,6402.0, 87.46,2026-06-12
UTIAMC, EQ, 12-Jun-2026,914.4,923.95,932.95,914.35,927.0,923.55,919.8,80272,738.34,4476,44361.0, 55.26,2026-06-12
UTKARSHBNK, EQ, 12-Jun-2026,12.38,12.6,13.16,12.6,13.1,13.08,12.89,5880010,758.15,5780,3364716.0, 57.22,2026-06-12
UTLSOLAR, BE, 12-Jun-2026,304.4,304.5,315.0,291.0,309.15,310.15,306.93,136155,417.91,2733,, -,2026-06-12
UTSSAV, ST, 12-Jun-2026,300.7,302.1,315.7,300.5,315.7,315.7,309.09,111000,343.09,66,108600.0, 97.84,2026-06-12
UTTAMSUGAR, EQ, 12-Jun-2026,231.21,233.9,233.9,228.61,230.99,230.88,230.8,36270,83.71,1153,17830.0, 49.16,2026-06-12
UWCSL, SM, 12-Jun-2026,92.95,88.8,97.5,88.8,97.5,97.5,94.42,3000,2.83,3,0.0, 0.00,2026-06-12
UYFINCORP, EQ, 12-Jun-2026,14.18,14.5,14.5,14.0,14.29,14.27,14.11,42248,5.96,145,36950.0, 87.46,2026-06-12
V2RETAIL, EQ, 12-Jun-2026,215.27,220.5,226.7,217.07,222.82,223.48,222.83,1556238,3467.69,24030,729894.0, 46.90,2026-06-12
VADILALIND, EQ, 12-Jun-2026,5940.9,5999.9,6132.0,5935.0,6016.0,6009.3,6031.46,31219,1882.96,5200,13504.0, 43.26,2026-06-12
VAIBHAVGBL, EQ, 12-Jun-2026,223.58,225.0,233.95,225.0,231.0,230.46,230.8,338651,781.59,7773,167430.0, 49.44,2026-06-12
VAISHALI, BE, 12-Jun-2026,7.18,7.12,7.31,7.03,7.17,7.14,7.24,131632,9.54,160,, -,2026-06-12
VAKRANGEE, EQ, 12-Jun-2026,6.05,6.08,6.21,6.03,6.2,6.19,6.14,1509152,92.73,1522,955532.0, 63.32,2026-06-12
VAL30IETF, EQ, 12-Jun-2026,15.27,15.49,15.59,15.28,15.59,15.52,15.42,226289,34.88,468,163791.0, 72.38,2026-06-12
VALIANTLAB, BE, 12-Jun-2026,67.03,68.79,69.0,66.6,68.0,68.0,67.96,10237,6.96,97,, -,2026-06-12
VALIANTORG, EQ, 12-Jun-2026,265.85,265.2,284.0,265.2,278.0,280.15,274.63,32200,88.43,1205,14365.0, 44.61,2026-06-12
VALUE, EQ, 12-Jun-2026,16.13,16.29,16.39,16.17,16.39,16.38,16.29,26771,4.36,64,16711.0, 62.42,2026-06-12
VALUE360, SM, 12-Jun-2026,72.9,73.9,84.5,73.8,79.0,79.65,77.02,1046400,805.97,244,824400.0, 78.78,2026-06-12
VARDHACRLC, EQ, 12-Jun-2026,43.37,45.4,45.4,43.61,44.59,44.52,44.45,33990,15.11,500,22976.0, 67.60,2026-06-12
VARDMNPOLY, EQ, 12-Jun-2026,6.87,7.1,7.5,6.85,7.2,7.17,7.12,234852,16.72,364,131710.0, 56.08,2026-06-12
VARROC, EQ, 12-Jun-2026,561.5,574.0,575.85,565.0,567.0,570.35,568.81,51119,290.77,5235,24377.0, 47.69,2026-06-12
VASCONEQ, BE, 12-Jun-2026,34.69,32.96,34.8,32.96,34.3,34.48,33.88,547425,185.48,1625,, -,2026-06-12
VASWANI, EQ, 12-Jun-2026,58.02,59.7,61.29,55.88,59.5,59.51,59.85,58482,35.0,1342,19123.0, 32.70,2026-06-12
VBL, EQ, 12-Jun-2026,519.9,526.0,530.0,517.5,521.4,522.2,521.91,2335737,12190.54,35146,1317192.0, 56.39,2026-06-12
VCL, EQ, 12-Jun-2026,1.34,1.35,1.42,1.32,1.34,1.34,1.37,571513,7.84,300,280613.0, 49.10,2026-06-12
VDEAL, SM, 12-Jun-2026,166.0,165.0,165.0,161.0,161.0,161.0,163.0,1200,1.96,2,1200.0, 100.00,2026-06-12
VEDL, EQ, 12-Jun-2026,304.9,314.0,314.0,303.7,309.45,309.65,308.45,18636477,57484.43,133987,5393892.0, 28.94,2026-06-12
VEEDOL, EQ, 12-Jun-2026,1404.3,1414.3,1431.9,1399.9,1430.0,1418.8,1417.19,10367,146.92,1487,5931.0, 57.21,2026-06-12
VEEKAYEM, ST, 12-Jun-2026,128.0,134.15,134.2,134.15,134.2,134.2,134.18,1000,1.34,2,1000.0, 100.00,2026-06-12
VELJAN, EQ, 12-Jun-2026,1206.1,1206.1,1285.0,1206.1,1260.0,1254.1,1258.15,470,5.91,83,291.0, 61.91,2026-06-12
VENKEYS, EQ, 12-Jun-2026,1364.4,1374.4,1414.3,1350.1,1401.8,1393.2,1377.46,47859,659.24,3804,26435.0, 55.24,2026-06-12
VENTIVE, EQ, 12-Jun-2026,602.65,611.7,624.0,611.35,620.0,619.5,618.92,34498,213.51,1549,24291.0, 70.41,2026-06-12
VENUSPIPES, EQ, 12-Jun-2026,1351.1,1391.0,1420.0,1365.0,1420.0,1414.3,1390.92,34090,474.17,2760,17798.0, 52.21,2026-06-12
VENUSREM, EQ, 12-Jun-2026,1715.1,1749.9,1800.8,1706.8,1800.8,1797.5,1773.35,246228,4366.48,10291,108585.0, 44.10,2026-06-12
VERANDA, EQ, 12-Jun-2026,218.38,223.39,239.32,220.21,227.69,226.92,230.43,686420,1581.7,11956,242757.0, 35.37,2026-06-12
VERTEXPLUS, SM, 12-Jun-2026,56.65,53.85,53.85,53.85,53.85,53.85,53.85,600,0.32,1,600.0, 100.00,2026-06-12
VERTIS, IV, 12-Jun-2026,106.5,107.0,108.0,107.0,108.0,108.0,107.93,375000,404.75,5,375000.0, 100.00,2026-06-12
VERTOZ, BE, 12-Jun-2026,45.89,46.8,46.9,43.65,46.5,45.35,45.38,189120,85.82,493,, -,2026-06-12
VESUVIUS, EQ, 12-Jun-2026,448.45,448.45,459.95,445.25,454.95,452.3,450.54,55107,248.28,4682,27815.0, 50.47,2026-06-12
VETO, EQ, 12-Jun-2026,144.19,146.49,148.87,143.1,145.15,144.56,146.13,148023,216.3,2500,74560.0, 50.37,2026-06-12
VGINFOTECH, SM, 12-Jun-2026,160.0,165.95,166.0,154.95,160.0,159.8,157.9,126000,198.96,116,80000.0, 63.49,2026-06-12
VGL, EQ, 12-Jun-2026,68.74,69.25,70.7,68.75,69.72,69.83,69.83,83401,58.23,771,55384.0, 66.41,2026-06-12
VGUARD, EQ, 12-Jun-2026,293.45,299.0,299.85,295.05,299.0,299.15,297.5,99155,294.98,3531,54958.0, 55.43,2026-06-12
VHL, EQ, 12-Jun-2026,3388.6,3430.0,3442.9,3377.3,3409.9,3391.4,3407.56,449,15.3,92,308.0, 68.60,2026-06-12
VHLTD, BE, 12-Jun-2026,136.89,139.5,139.5,136.0,138.38,137.14,137.12,1724,2.36,45,, -,2026-06-12
VIAZ, SM, 12-Jun-2026,63.1,59.95,59.95,59.95,59.95,59.95,59.95,2000,1.2,1,2000.0, 100.00,2026-06-12
VICTORYEV, ST, 12-Jun-2026,17.4,17.15,17.8,17.0,17.8,17.75,17.42,24000,4.18,8,18000.0, 75.00,2026-06-12
VIDHIING, EQ, 12-Jun-2026,285.5,285.0,289.4,285.0,288.8,287.15,286.9,2359,6.77,187,1484.0, 62.91,2026-06-12
VIDYAWIRES, EQ, 12-Jun-2026,84.84,86.3,89.08,86.3,89.08,89.08,88.54,1152931,1020.8,5129,758566.0, 65.79,2026-06-12
VIESL, SM, 12-Jun-2026,320.45,323.0,327.6,321.0,322.1,322.5,323.59,39200,126.85,46,28000.0, 71.43,2026-06-12
VIGOR, ST, 12-Jun-2026,80.85,84.4,84.4,80.1,84.2,84.2,82.73,11200,9.27,7,8000.0, 71.43,2026-06-12
VIJAYA, EQ, 12-Jun-2026,1279.2,1285.0,1295.9,1252.0,1286.9,1287.2,1264.27,282698,3574.06,13662,183884.0, 65.05,2026-06-12
VIJAYPD, ST, 12-Jun-2026,74.3,73.9,78.0,72.0,75.05,76.5,75.92,46000,34.92,13,44000.0, 95.65,2026-06-12
VIJIFIN, BE, 12-Jun-2026,3.9,3.9,4.0,3.76,3.91,3.9,3.88,134776,5.24,129,, -,2026-06-12
VIKASECO, EQ, 12-Jun-2026,1.25,1.27,1.28,1.25,1.28,1.27,1.26,1249832,15.79,885,1022874.0, 81.84,2026-06-12
VIKASLIFE, EQ, 12-Jun-2026,1.44,1.44,1.47,1.43,1.47,1.45,1.45,1536510,22.25,7798,858870.0, 55.90,2026-06-12
VIKRAMSOLR, EQ, 12-Jun-2026,202.13,205.5,211.0,203.76,210.72,209.86,206.84,2728096,5642.75,22776,1285979.0, 47.14,2026-06-12
VIKRAN, EQ, 12-Jun-2026,65.74,66.92,69.99,66.92,69.9,69.69,68.58,2182761,1496.89,9955,766920.0, 35.14,2026-06-12
VILAS, SM, 12-Jun-2026,367.95,370.0,398.0,370.0,397.0,394.45,386.63,43250,167.22,136,37250.0, 86.13,2026-06-12
VILINBIO, ST, 12-Jun-2026,47.75,47.0,47.0,47.0,47.0,47.0,47.0,4000,1.88,1,4000.0, 100.00,2026-06-12
VIMTALABS, EQ, 12-Jun-2026,521.25,526.5,563.6,525.0,552.0,554.85,551.09,789546,4351.13,27298,238914.0, 30.26,2026-06-12
VINATIORGA, EQ, 12-Jun-2026,1305.4,1306.4,1322.5,1297.4,1298.0,1303.2,1308.1,72758,951.75,7585,42913.0, 58.98,2026-06-12
VINCOFE, EQ, 12-Jun-2026,158.85,162.8,165.4,157.25,159.66,159.45,162.09,12512630,20281.85,56276,4960394.0, 39.64,2026-06-12
VINDHYATEL, EQ, 12-Jun-2026,1979.6,2035.5,2143.6,2022.0,2085.0,2087.8,2106.24,100881,2124.8,10696,22654.0, 22.46,2026-06-12
VINEETLAB, BE, 12-Jun-2026,34.5,34.65,34.65,33.11,33.82,33.97,33.82,35451,11.99,154,, -,2026-06-12
VINNY, EQ, 12-Jun-2026,1.07,1.07,1.09,1.06,1.08,1.07,1.08,287522,3.09,202,221337.0, 76.98,2026-06-12
VINSYS, SM, 12-Jun-2026,367.25,357.0,383.4,357.0,380.0,380.0,377.89,1750,6.61,7,1250.0, 71.43,2026-06-12
VINYAS, SM, 12-Jun-2026,1402.05,1424.0,1524.0,1421.05,1465.0,1462.5,1477.13,55400,818.33,348,34500.0, 62.27,2026-06-12
VINYLINDIA, EQ, 12-Jun-2026,238.7,239.45,248.0,236.0,243.6,244.6,241.22,17807,42.95,968,7969.0, 44.75,2026-06-12
VIPCLOTHNG, BE, 12-Jun-2026,24.91,24.9,25.7,24.61,25.25,24.77,24.97,27613,6.9,147,, -,2026-06-12
VIPIND, EQ, 12-Jun-2026,297.95,301.5,318.95,301.5,314.8,314.95,312.46,581330,1816.43,14486,160489.0, 27.61,2026-06-12
VIPULLTD, EQ, 12-Jun-2026,9.56,9.6,9.89,9.16,9.58,9.4,9.47,53084,5.03,179,40726.0, 76.72,2026-06-12
VIRINCHI, EQ, 12-Jun-2026,14.96,15.32,15.39,14.9,15.3,15.25,15.13,92285,13.96,272,71622.0, 77.61,2026-06-12
VISACHROME, BE, 12-Jun-2026,40.85,40.85,42.89,39.71,40.0,39.95,40.15,228340,91.67,262,, -,2026-06-12
VISAKAIND, EQ, 12-Jun-2026,74.91,75.9,76.55,74.5,76.0,76.04,75.45,127004,95.83,1471,67631.0, 53.25,2026-06-12
VISHNU, EQ, 12-Jun-2026,577.7,582.0,593.0,582.0,591.0,589.95,588.46,39988,235.31,2858,22529.0, 56.34,2026-06-12
VISHNUINFR, SM, 12-Jun-2026,164.0,166.95,170.0,161.0,168.8,168.85,166.63,27000,44.99,20,18000.0, 66.67,2026-06-12
VISHWARAJ, EQ, 12-Jun-2026,5.46,5.76,5.89,5.51,5.81,5.8,5.76,227431,13.1,580,168841.0, 74.24,2026-06-12
VITAL, BE, 12-Jun-2026,54.7,55.99,55.99,52.2,54.49,53.99,53.0,2273,1.2,18,, -,2026-06-12
VIVIANA, BE, 12-Jun-2026,812.45,815.0,825.0,801.0,820.0,817.55,815.72,11414,93.11,324,, -,2026-06-12
VIVIDEL, ST, 12-Jun-2026,1073.3,1073.25,1126.9,1050.0,1087.9,1082.55,1098.29,13920,152.88,40,13440.0, 96.55,2026-06-12
VIVIDHA, EQ, 12-Jun-2026,0.53,0.53,0.54,0.51,0.53,0.51,0.52,431910,2.24,194,280637.0, 64.98,2026-06-12
VIVIMEDLAB, BE, 12-Jun-2026,6.1,6.1,6.29,6.05,6.12,6.12,6.16,37754,2.33,114,, -,2026-06-12
VIVO, SM, 12-Jun-2026,74.0,70.5,77.5,70.5,77.5,77.5,75.0,4800,3.6,3,3200.0, 66.67,2026-06-12
VIYASH, EQ, 12-Jun-2026,249.2,254.0,256.95,249.05,249.9,249.95,251.32,2376512,5972.54,25917,1593036.0, 67.03,2026-06-12
VLEGOV, BE, 12-Jun-2026,13.5,13.57,13.95,13.02,13.5,13.5,13.58,90513,12.29,271,, -,2026-06-12
VLINFRA, ST, 12-Jun-2026,30.55,29.1,29.25,29.1,29.25,29.25,29.18,3000,0.88,2,3000.0, 100.00,2026-06-12
VLSFINANCE, EQ, 12-Jun-2026,227.11,232.0,232.0,227.1,231.95,230.08,230.31,9354,21.54,257,6537.0, 69.88,2026-06-12
VMARCIND, SM, 12-Jun-2026,1363.0,1410.0,1428.0,1377.0,1400.0,1399.65,1396.13,14750,205.93,55,9750.0, 66.10,2026-06-12
VMART, EQ, 12-Jun-2026,697.8,705.9,720.8,696.8,714.3,719.75,711.32,138280,983.62,8960,62208.0, 44.99,2026-06-12
VMM, EQ, 12-Jun-2026,117.65,118.99,120.1,117.82,119.65,119.77,119.1,4735772,5640.32,43237,2128176.0, 44.94,2026-06-12
VMSTMT, BE, 12-Jun-2026,44.21,44.89,45.44,44.01,44.7,44.64,44.64,13381,5.97,166,, -,2026-06-12
VOLERCAR, SM, 12-Jun-2026,234.5,243.9,245.95,228.0,235.15,235.15,237.89,115200,274.05,82,55200.0, 47.92,2026-06-12
VOLTAMP, EQ, 12-Jun-2026,9531.5,9591.0,9810.0,9591.0,9700.0,9719.5,9722.8,44181,4295.63,14407,23040.0, 52.15,2026-06-12
VOLTAS, EQ, 12-Jun-2026,1277.3,1285.0,1305.0,1273.1,1283.6,1285.4,1285.65,548090,7046.55,21831,232182.0, 42.36,2026-06-12
VPRPL, BE, 12-Jun-2026,25.19,23.95,26.44,23.94,26.44,26.44,25.29,2070912,523.66,3311,, -,2026-06-12
VRAJ, EQ, 12-Jun-2026,120.23,121.8,123.97,119.5,119.8,120.26,121.53,27102,32.94,1212,14078.0, 51.94,2026-06-12
VRLLOG, EQ, 12-Jun-2026,229.65,230.0,231.86,228.33,230.0,229.89,229.67,167063,383.7,5425,88943.0, 53.24,2026-06-12
VSSL, EQ, 12-Jun-2026,267.95,273.0,278.7,265.2,275.0,276.15,275.6,83203,229.31,3067,40906.0, 49.16,2026-06-12
VSTIND, EQ, 12-Jun-2026,256.3,259.0,260.0,257.8,259.85,259.75,259.06,163623,423.88,2329,114636.0, 70.06,2026-06-12
VSTL, EQ, 12-Jun-2026,119.02,120.1,121.99,117.46,121.0,120.37,119.72,11948,14.3,309,9774.0, 81.80,2026-06-12
VSTTILLERS, EQ, 12-Jun-2026,4353.5,4370.1,4525.9,4355.0,4500.0,4497.1,4439.61,8932,396.55,2038,4516.0, 50.56,2026-06-12
VTL, EQ, 12-Jun-2026,614.45,619.9,630.8,616.25,627.45,627.85,625.05,220540,1378.48,11005,98155.0, 44.51,2026-06-12
WAAREEENER, EQ, 12-Jun-2026,3013.9,3040.0,3077.6,3020.0,3034.0,3031.4,3039.91,587997,17874.56,26463,225732.0, 38.39,2026-06-12
WAAREEINDO, EQ, 12-Jun-2026,373.95,384.0,389.0,371.0,389.0,381.0,376.71,55002,207.2,1596,36235.0, 65.88,2026-06-12
WAAREERTL, EQ, 12-Jun-2026,922.6,936.05,956.95,936.05,955.0,954.15,947.2,166669,1578.7,9647,86123.0, 51.67,2026-06-12
WABAG, EQ, 12-Jun-2026,1524.0,1542.0,1585.0,1531.2,1580.3,1577.8,1558.29,204027,3179.34,15926,99396.0, 48.72,2026-06-12
WAKEFIT, EQ, 12-Jun-2026,113.72,116.0,116.0,113.25,114.6,114.76,114.77,820143,941.32,11021,344249.0, 41.97,2026-06-12
WALCHANNAG, EQ, 12-Jun-2026,243.0,249.3,268.0,247.2,266.5,265.45,260.35,6180535,16090.81,68098,2103481.0, 34.03,2026-06-12
WALPAR, SM, 12-Jun-2026,22.35,21.75,23.2,21.25,23.2,23.2,21.91,16000,3.51,8,8000.0, 50.00,2026-06-12
WANBURY, EQ, 12-Jun-2026,255.95,261.0,284.0,255.9,275.85,274.55,270.66,175811,475.86,3469,93943.0, 53.43,2026-06-12
WCIL, EQ, 12-Jun-2026,91.05,91.9,94.42,91.47,94.12,93.75,92.5,40892,37.82,896,21277.0, 52.03,2026-06-12
WEALTH, EQ, 12-Jun-2026,910.75,920.0,948.0,915.1,948.0,941.1,936.15,1396,13.07,138,1007.0, 72.13,2026-06-12
WEBELSOLAR, EQ, 12-Jun-2026,99.97,102.3,104.8,101.65,103.5,103.63,103.25,2071596,2138.99,10570,893935.0, 43.15,2026-06-12
WEIZMANIND, EQ, 12-Jun-2026,79.18,80.0,81.43,79.0,81.27,81.17,80.77,1830,1.48,56,1131.0, 61.80,2026-06-12
WEL, EQ, 12-Jun-2026,92.06,94.0,94.0,92.05,92.5,92.66,92.48,143153,132.39,789,83038.0, 58.01,2026-06-12
WELCORP, EQ, 12-Jun-2026,1389.4,1400.0,1413.5,1383.7,1399.0,1402.3,1399.54,306278,4286.49,18209,108793.0, 35.52,2026-06-12
WELENT, EQ, 12-Jun-2026,550.4,555.0,561.0,546.8,550.6,552.25,553.39,231546,1281.36,7963,127843.0, 55.21,2026-06-12
WELINV, BE, 12-Jun-2026,1727.0,1750.0,1800.0,1730.0,1789.8,1788.0,1770.08,25,0.44,9,, -,2026-06-12
WELSPLSOL, EQ, 12-Jun-2026,52.92,53.73,55.0,50.0,52.6,51.64,52.17,2150350,1121.8,12104,848333.0, 39.45,2026-06-12
WELSPUNLIV, EQ, 12-Jun-2026,135.55,136.1,138.99,135.12,138.69,138.54,137.16,915272,1255.35,12489,403965.0, 44.14,2026-06-12
WENDT, EQ, 12-Jun-2026,6783.0,6849.0,7898.0,6849.0,7730.0,7681.5,7675.57,195856,15033.06,32064,37870.0, 19.34,2026-06-12
WESTLIFE, EQ, 12-Jun-2026,438.55,438.55,448.0,435.9,444.0,445.85,444.39,21025,93.43,2102,10918.0, 51.93,2026-06-12
WEWIN, BE, 12-Jun-2026,52.2,52.98,52.98,49.63,50.0,50.0,50.65,8042,4.07,87,, -,2026-06-12
WEWORK, EQ, 12-Jun-2026,638.9,640.1,660.0,631.2,644.0,639.35,648.34,177686,1152.02,9297,90423.0, 50.89,2026-06-12
WHEELS, EQ, 12-Jun-2026,1622.2,1649.0,1649.0,1602.5,1639.0,1634.7,1626.7,84183,1369.41,8235,31525.0, 37.45,2026-06-12
WHIRLPOOL, EQ, 12-Jun-2026,769.35,777.0,778.8,764.15,770.0,769.95,769.8,408856,3147.36,13499,299709.0, 73.30,2026-06-12
WHITEFORCE, ST, 12-Jun-2026,35.15,36.9,36.9,36.9,36.9,36.9,36.9,1600,0.59,1,1600.0, 100.00,2026-06-12
WILLAMAGOR, EQ, 12-Jun-2026,25.79,25.82,26.69,25.56,25.56,25.59,26.31,164,0.04,12,119.0, 72.56,2026-06-12
WINDLAS, EQ, 12-Jun-2026,811.3,814.9,830.0,806.2,830.0,824.3,818.11,65906,539.18,6107,38492.0, 58.40,2026-06-12
WINDMACHIN, EQ, 12-Jun-2026,318.1,323.05,333.9,321.55,327.0,324.55,326.23,103816,338.68,2059,44501.0, 42.87,2026-06-12
WINSOL, SM, 12-Jun-2026,125.95,138.7,139.05,122.25,129.0,129.0,130.85,18000,23.55,36,11200.0, 62.22,2026-06-12
WIPL, EQ, 12-Jun-2026,145.28,150.4,154.4,148.1,154.28,154.17,153.05,386,0.59,27,250.0, 64.77,2026-06-12
WIPRO, EQ, 12-Jun-2026,177.37,178.65,180.45,177.57,180.23,180.14,178.84,13850153,24769.94,99876,5334954.0, 38.52,2026-06-12
WOCKPHARMA, EQ, 12-Jun-2026,1923.8,1949.0,1976.0,1918.5,1935.0,1938.0,1945.43,1273816,24781.26,60270,320501.0, 25.16,2026-06-12
WOL3D, ST, 12-Jun-2026,132.45,134.0,135.0,125.85,129.0,129.85,129.22,31000,40.06,29,26000.0, 83.87,2026-06-12
WOMANCART, SM, 12-Jun-2026,108.0,112.75,112.75,107.0,108.0,107.55,108.12,13600,14.7,34,12000.0, 88.24,2026-06-12
WONDERLA, EQ, 12-Jun-2026,465.6,465.6,482.0,465.6,474.8,478.25,476.09,21066,100.29,1723,13652.0, 64.81,2026-06-12
WORTHPERI, EQ, 12-Jun-2026,124.7,124.9,125.78,120.0,123.5,123.49,122.75,11350,13.93,128,10123.0, 89.19,2026-06-12
WPIL, EQ, 12-Jun-2026,422.6,433.65,469.7,423.0,458.5,455.65,454.49,329030,1495.41,11756,80543.0, 24.48,2026-06-12
WSI, EQ, 12-Jun-2026,69.05,69.8,70.36,68.71,70.0,69.8,69.58,22582,15.71,258,18605.0, 82.39,2026-06-12
WSTCSTPAPR, EQ, 12-Jun-2026,484.65,492.4,500.85,488.3,496.8,494.35,494.33,58225,287.82,2141,34053.0, 58.49,2026-06-12
WTICAB, SM, 12-Jun-2026,93.6,95.0,95.0,89.65,92.75,91.85,91.58,50500,46.25,80,40000.0, 79.21,2026-06-12
XCHANGING, EQ, 12-Jun-2026,61.62,62.59,63.29,62.0,62.85,63.05,62.62,35446,22.2,686,22593.0, 63.74,2026-06-12
XELPMOC, EQ, 12-Jun-2026,88.45,90.95,91.0,85.9,86.75,86.17,87.38,36977,32.31,605,28849.0, 78.02,2026-06-12
XPROINDIA, EQ, 12-Jun-2026,1173.6,1171.1,1211.0,1161.0,1204.0,1207.1,1200.16,28135,337.66,2515,17998.0, 63.97,2026-06-12
XTGLOBAL, EQ, 12-Jun-2026,28.59,28.92,29.89,28.56,29.25,28.88,29.17,34233,9.98,805,21093.0, 61.62,2026-06-12
YAAP, ST, 12-Jun-2026,193.95,185.1,195.0,184.3,193.0,193.0,186.36,26000,48.45,22,22000.0, 84.62,2026-06-12
YASHO, EQ, 12-Jun-2026,2553.2,2619.0,2939.0,2593.2,2899.0,2870.4,2813.08,201292,5662.5,21601,50103.0, 24.89,2026-06-12
YASHOPTICS, SM, 12-Jun-2026,123.0,123.3,125.0,123.0,123.0,123.0,123.61,14400,17.8,18,12000.0, 83.33,2026-06-12
YATHARTH, EQ, 12-Jun-2026,825.85,834.9,845.0,832.35,840.05,839.75,838.97,236157,1981.3,10144,134343.0, 56.89,2026-06-12
YATRA, EQ, 12-Jun-2026,96.57,98.0,103.83,98.0,103.02,103.14,102.01,3338096,3405.06,22023,1102644.0, 33.03,2026-06-12
YESBANK, EQ, 12-Jun-2026,22.22,22.85,23.05,22.43,23.01,23.02,22.79,87273100,19889.84,77780,30904382.0, 35.41,2026-06-12
YUDIZ, SM, 12-Jun-2026,23.3,22.35,22.35,22.15,22.15,22.15,22.22,2400,0.53,3,2400.0, 100.00,2026-06-12
YUKEN, EQ, 12-Jun-2026,671.25,675.1,690.0,670.0,685.0,685.0,680.6,12973,88.29,670,10889.0, 83.94,2026-06-12
ZAGGLE, EQ, 12-Jun-2026,194.7,196.5,210.7,196.5,210.25,208.8,205.65,1755823,3610.86,17783,758263.0, 43.19,2026-06-12
ZEAL, SM, 12-Jun-2026,67.55,67.55,67.6,67.55,67.55,67.55,67.57,1800,1.22,3,1200.0, 66.67,2026-06-12
ZEEL, EQ, 12-Jun-2026,111.45,113.19,114.95,109.0,110.99,112.6,112.23,86798974,97417.45,245800,15003850.0, 17.29,2026-06-12
ZEELEARN, BE, 12-Jun-2026,6.91,6.91,7.2,6.8,7.12,7.1,7.1,265677,18.86,439,, -,2026-06-12
ZEEMEDIA, EQ, 12-Jun-2026,8.52,8.61,8.79,8.46,8.67,8.63,8.59,977568,84.0,1793,653274.0, 66.83,2026-06-12
ZENITHDRUG, SM, 12-Jun-2026,41.2,43.75,44.0,43.75,43.9,43.9,43.92,8800,3.87,8,8000.0, 90.91,2026-06-12
ZENITHEXPO, EQ, 12-Jun-2026,201.08,201.09,206.5,200.0,200.0,201.62,200.65,165,0.33,13,158.0, 95.76,2026-06-12
ZENITHSTL, EQ, 12-Jun-2026,5.61,5.65,5.96,5.65,5.92,5.92,5.9,84815,5.01,255,72249.0, 85.18,2026-06-12
ZENSARTECH, EQ, 12-Jun-2026,442.8,453.0,455.0,443.2,452.5,452.8,449.37,459316,2064.03,19691,188649.0, 41.07,2026-06-12
ZENTEC, EQ, 12-Jun-2026,1715.1,1743.0,1817.0,1737.3,1797.4,1793.8,1782.33,900956,16057.98,49016,200434.0, 22.25,2026-06-12
ZFCVINDIA, EQ, 12-Jun-2026,14602.0,14789.0,14968.0,14663.0,14727.0,14714.0,14779.27,9808,1449.55,3649,5434.0, 55.40,2026-06-12
ZFSTEERING, EQ, 12-Jun-2026,646.5,652.9,653.25,638.0,647.95,642.3,642.37,19793,127.14,746,14328.0, 72.39,2026-06-12
ZIMLAB, BE, 12-Jun-2026,112.0,114.79,116.0,110.2,114.2,114.39,113.82,74289,84.56,270,, -,2026-06-12
ZODIAC, BE, 12-Jun-2026,265.4,269.85,276.0,269.8,275.0,275.8,274.16,5951,16.32,140,, -,2026-06-12
ZODIACLOTH, EQ, 12-Jun-2026,73.24,73.2,75.0,73.2,75.0,74.51,74.32,3104,2.31,73,2291.0, 73.81,2026-06-12
ZOTA, EQ, 12-Jun-2026,1196.6,1215.0,1237.0,1200.0,1220.1,1225.2,1219.5,62313,759.91,3383,39149.0, 62.83,2026-06-12
ZSARACOM, EQ, 12-Jun-2026,9304.0,9304.0,9500.0,9103.5,9116.5,9116.5,9358.94,39,3.65,14,30.0, 76.92,2026-06-12
ZTECH, SM, 12-Jun-2026,583.5,585.0,600.0,585.0,600.0,595.8,591.34,6600,39.03,21,5700.0, 86.36,2026-06-12
ZUARI, EQ, 12-Jun-2026,209.94,212.0,217.0,212.0,217.0,216.49,214.56,77961,167.27,1825,32215.0, 41.32,2026-06-12
ZUARIIND, EQ, 12-Jun-2026,238.95,244.0,246.0,239.95,243.5,244.55,242.73,28511,69.2,866,16379.0, 57.45,2026-06-12
ZYDUSLIFE, EQ, 12-Jun-2026,1105.9,1113.2,1118.0,1101.7,1103.0,1104.7,1109.44,872151,9676.03,26666,409146.0, 46.91,2026-06-12
ZYDUSWELL, EQ, 12-Jun-2026,500.35,505.0,508.15,500.25,507.0,506.0,504.81,139828,705.86,7845,53419.0, 38.20,2026-06-12
