SYMBOL,SERIES,DATE1,PREV_CLOSE,OPEN_PRICE,HIGH_PRICE,LOW_PRICE,LAST_PRICE,CLOSE_PRICE,AVG_PRICE,TTL_TRD_QNTY,TURNOVER_LACS,NO_OF_TRADES,DELIV_QTY,DELIV_PER,DATE
1018GS2026, GS, 30-Apr-2026,103.4,103.5,103.5,102.15,102.15,102.36,102.38,195,0.2,5,195.0, 100.00,2026-04-30
20MICRONS, EQ, 30-Apr-2026,179.35,179.55,179.82,175.41,177.81,176.89,177.2,53904,95.52,1330,27095.0, 50.27,2026-04-30
21STCENMGM, EQ, 30-Apr-2026,36.21,36.21,36.74,35.69,36.74,36.58,36.07,744,0.27,38,668.0, 89.78,2026-04-30
360ONE, EQ, 30-Apr-2026,1046.8,1038.2,1041.35,1009.0,1040.0,1034.65,1026.21,1026753,10536.6,45637,407357.0, 39.67,2026-04-30
3BBLACKBIO, EQ, 30-Apr-2026,1264.7,1258.4,1261.25,1166.5,1194.8,1199.3,1210.9,16417,198.79,2786,8716.0, 53.09,2026-04-30
3IINFOLTD, EQ, 30-Apr-2026,17.79,17.69,17.94,17.32,17.57,17.46,17.5,220542,38.59,952,111991.0, 50.78,2026-04-30
3MINDIA, EQ, 30-Apr-2026,33175.0,33125.0,33490.0,32770.0,33365.0,33300.0,33162.82,1816,602.24,1220,772.0, 42.51,2026-04-30
3PLAND, EQ, 30-Apr-2026,35.49,33.99,35.75,33.99,35.74,35.02,34.67,1798,0.62,48,1372.0, 76.31,2026-04-30
574GS2026, GS, 30-Apr-2026,101.85,101.91,103.9,101.91,103.9,103.9,101.99,53,0.05,4,52.0, 98.11,2026-04-30
591GS2028, GS, 30-Apr-2026,99.25,100.46,100.65,100.46,100.65,100.65,100.56,200,0.2,2,100.0, 50.00,2026-04-30
5PAISA, EQ, 30-Apr-2026,339.77,338.99,343.56,325.25,343.5,335.49,335.88,161179,541.36,3958,44225.0, 27.44,2026-04-30
601GS2030, GS, 30-Apr-2026,98.05,98.11,99.1,98.11,99.1,99.1,98.64,16519,16.29,3,9519.0, 57.62,2026-04-30
603GS2029, GS, 30-Apr-2026,98.21,100.9,100.9,100.9,100.9,100.9,100.9,10,0.01,1,10.0, 100.00,2026-04-30
610GS2031, GS, 30-Apr-2026,101.0,95.96,101.0,95.96,101.0,101.0,96.58,9,0.01,3,5.0, 55.56,2026-04-30
628GS2032, GS, 30-Apr-2026,96.01,97.66,97.71,97.66,97.71,97.71,97.66,5000,4.88,2,5000.0, 100.00,2026-04-30
636GS2031, GS, 30-Apr-2026,98.8,98.8,98.8,98.8,98.8,98.8,98.8,100,0.1,1,100.0, 100.00,2026-04-30
63MOONS, EQ, 30-Apr-2026,755.0,749.0,758.25,720.05,746.0,746.65,744.46,250556,1865.3,10308,95975.0, 38.30,2026-04-30
654GS2032, GS, 30-Apr-2026,99.5,99.6,99.6,99.5,99.5,99.53,99.54,17002,16.92,8,17002.0, 100.00,2026-04-30
667GS2050, GS, 30-Apr-2026,94.3,94.3,94.8,94.3,94.3,94.3,94.3,1502,1.42,5,1502.0, 100.00,2026-04-30
668GS2040, GS, 30-Apr-2026,98.4,98.45,98.45,95.26,96.5,96.5,95.78,7553,7.23,16,4100.0, 54.28,2026-04-30
676GS2061, GS, 30-Apr-2026,91.6,91.8,91.8,91.0,91.1,91.07,91.21,5115,4.67,16,5114.0, 99.98,2026-04-30
679GS2031, GS, 30-Apr-2026,100.0,101.0,102.0,99.0,102.0,102.0,100.65,26700,26.87,5,18700.0, 70.04,2026-04-30
679GS2034, GS, 30-Apr-2026,100.25,99.75,99.75,99.75,99.75,99.75,99.75,250,0.25,1,250.0, 100.00,2026-04-30
690GS2065, GS, 30-Apr-2026,91.18,91.19,91.24,89.4,91.0,90.91,90.68,52964,48.03,86,30233.0, 57.08,2026-04-30
695GS2061, GS, 30-Apr-2026,94.75,94.74,94.74,94.45,94.45,94.45,94.55,80,0.08,8,80.0, 100.00,2026-04-30
699GS2051, GS, 30-Apr-2026,96.87,97.19,97.9,97.19,97.9,97.9,97.2,8005,7.78,5,8005.0, 100.00,2026-04-30
702GS2027, GS, 30-Apr-2026,103.23,103.23,103.23,103.23,103.23,103.23,103.23,600,0.62,2,600.0, 100.00,2026-04-30
702GS2031, GS, 30-Apr-2026,104.49,103.0,103.0,103.0,103.0,103.0,103.0,100,0.1,1,100.0, 100.00,2026-04-30
706GS2028, GS, 30-Apr-2026,101.78,101.7,101.7,101.7,101.7,101.7,101.7,100,0.1,1,100.0, 100.00,2026-04-30
709GS2054, GS, 30-Apr-2026,96.5,96.49,96.5,96.49,96.5,96.5,96.5,1509,1.46,10,1309.0, 86.75,2026-04-30
709GS2074, GS, 30-Apr-2026,96.51,96.89,96.89,96.04,96.4,96.4,96.05,10243,9.84,23,10213.0, 99.71,2026-04-30
710GS2029, GS, 30-Apr-2026,102.0,102.35,102.35,101.44,101.44,101.44,101.71,7382,7.51,9,6381.0, 86.44,2026-04-30
716GS2050, GS, 30-Apr-2026,99.0,99.0,99.0,99.0,99.0,99.0,99.0,1642,1.63,12,1642.0, 100.00,2026-04-30
717GS2030, GS, 30-Apr-2026,102.0,102.5,102.5,102.5,102.5,102.5,102.5,3900,4.0,3,3900.0, 100.00,2026-04-30
718GS2033, GS, 30-Apr-2026,103.9,103.84,103.84,103.84,103.84,103.84,103.84,4550,4.72,4,4550.0, 100.00,2026-04-30
718GS2037, GS, 30-Apr-2026,103.7,103.8,104.0,103.25,103.7,103.69,103.77,62500,64.86,42,62500.0, 100.00,2026-04-30
719GS2060, GS, 30-Apr-2026,98.5,98.0,98.0,98.0,98.0,98.0,98.0,30,0.03,1,30.0, 100.00,2026-04-30
723GS2039, GS, 30-Apr-2026,102.6,100.0,100.05,100.0,100.05,100.05,100.03,200,0.2,2,100.0, 50.00,2026-04-30
724GS2055, GS, 30-Apr-2026,98.29,98.0,98.0,97.7,98.0,98.0,97.88,104736,102.52,42,104736.0, 100.00,2026-04-30
725GS2063, GS, 30-Apr-2026,98.47,98.4,98.4,97.71,98.05,98.04,98.06,91947,90.16,117,89593.0, 97.44,2026-04-30
726GS2029, GS, 30-Apr-2026,102.0,102.0,102.0,102.0,102.0,102.0,102.0,100,0.1,1,100.0, 100.00,2026-04-30
732GS2030, GS, 30-Apr-2026,105.1,104.66,109.9,104.66,109.9,108.4,106.31,500,0.53,5,400.0, 80.00,2026-04-30
733GS2026, GS, 30-Apr-2026,100.16,100.5,100.5,100.2,100.21,100.21,100.35,210,0.21,4,206.0, 98.10,2026-04-30
734GS2064, GS, 30-Apr-2026,96.93,97.25,97.25,96.65,96.7,96.7,96.87,55311,53.58,80,55311.0, 100.00,2026-04-30
737GS2028, GS, 30-Apr-2026,101.71,101.91,101.92,101.81,101.92,101.92,101.85,8500,8.66,7,8500.0, 100.00,2026-04-30
738GS2027, GS, 30-Apr-2026,104.04,103.81,104.1,103.5,103.95,103.94,103.92,69670,72.4,24,64500.0, 92.58,2026-04-30
741GS2036, GS, 30-Apr-2026,105.56,105.2,106.5,105.2,105.95,105.95,105.88,63454,67.18,15,63454.0, 100.00,2026-04-30
743GS2076, GS, 30-Apr-2026,100.5,102.95,102.95,100.0,100.05,100.05,100.05,41457,41.48,12,41437.0, 99.95,2026-04-30
746GS2073, GS, 30-Apr-2026,102.61,102.95,102.95,102.9,102.9,102.9,102.91,3118,3.21,14,3118.0, 100.00,2026-04-30
74GS2035, GS, 30-Apr-2026,100.34,100.34,100.34,100.34,100.34,100.34,100.34,1800,1.81,2,1800.0, 100.00,2026-04-30
750GS2056, GS, 30-Apr-2026,100.0,100.0,100.0,98.0,98.51,98.51,99.24,1300,1.29,6,1300.0, 100.00,2026-04-30
754GS2036, GS, 30-Apr-2026,107.1,107.0,107.15,106.95,107.0,107.04,107.07,582994,624.19,190,582006.0, 99.83,2026-04-30
772GS2049, GS, 30-Apr-2026,106.55,106.55,106.55,106.55,106.55,106.55,106.55,100,0.11,1,100.0, 100.00,2026-04-30
795GS2032, GS, 30-Apr-2026,108.25,108.75,108.75,108.75,108.75,108.75,108.75,461,0.5,1,461.0, 100.00,2026-04-30
824GS2027, GS, 30-Apr-2026,107.0,106.98,106.98,105.0,105.0,105.0,106.92,124,0.13,2,124.0, 100.00,2026-04-30
832GS2032, GS, 30-Apr-2026,103.9,109.0,109.0,109.0,109.0,109.0,109.0,100,0.11,1,100.0, 100.00,2026-04-30
833GS2026, GS, 30-Apr-2026,99.7,100.0,100.0,100.0,100.0,100.0,100.0,480,0.48,5,480.0, 100.00,2026-04-30
86GS2028, GS, 30-Apr-2026,108.39,108.39,108.39,108.39,108.39,108.39,108.39,300,0.33,1,300.0, 100.00,2026-04-30
897GS2030, GS, 30-Apr-2026,110.5,109.6,109.6,109.6,109.6,109.6,109.6,100,0.11,1,100.0, 100.00,2026-04-30
A2ZINFRA, BE, 30-Apr-2026,16.96,16.96,16.96,16.62,16.74,16.9,16.81,111715,18.78,139,, -,2026-04-30
AAATECH, EQ, 30-Apr-2026,99.46,99.56,100.57,98.6,99.41,99.46,99.09,121392,120.29,370,115464.0, 95.12,2026-04-30
AADHARHFC, EQ, 30-Apr-2026,488.75,485.0,491.0,481.05,491.0,488.6,487.08,122224,595.33,8511,56058.0, 45.86,2026-04-30
AAKASH, BE, 30-Apr-2026,8.21,8.21,8.3,8.01,8.24,8.13,8.09,107584,8.7,272,, -,2026-04-30
AAREYDRUGS, BE, 30-Apr-2026,90.51,90.0,92.5,85.99,90.0,91.08,88.23,129636,114.37,413,, -,2026-04-30
AARNAV, EQ, 30-Apr-2026,23.08,23.0,23.63,23.0,23.35,23.07,23.21,18499,4.29,172,10816.0, 58.47,2026-04-30
AARON, EQ, 30-Apr-2026,138.77,139.01,140.45,138.0,138.01,138.38,138.84,8420,11.69,389,3540.0, 42.04,2026-04-30
AARTECH, EQ, 30-Apr-2026,49.42,49.0,49.6,48.22,48.49,48.64,48.96,26798,13.12,547,11580.0, 43.21,2026-04-30
AARTIDRUGS, EQ, 30-Apr-2026,373.35,372.7,378.8,370.0,377.0,376.3,374.61,89293,334.5,2505,39594.0, 44.34,2026-04-30
AARTIIND, EQ, 30-Apr-2026,502.35,500.0,510.05,495.9,507.0,507.5,504.29,1493230,7530.17,38481,640423.0, 42.89,2026-04-30
AARTIPHARM, EQ, 30-Apr-2026,709.1,708.0,753.4,706.55,747.0,740.25,741.04,530126,3928.46,26235,217141.0, 40.96,2026-04-30
AARTISURF, EQ, 30-Apr-2026,412.2,411.95,413.95,400.6,409.0,407.9,407.72,3187,12.99,424,1755.0, 55.07,2026-04-30
AARTISURF, P1, 30-Apr-2026,252.0,253.0,253.0,253.0,253.0,253.0,253.0,50,0.13,2,50.0, 100.00,2026-04-30
AARVI, EQ, 30-Apr-2026,128.31,128.36,128.73,124.0,125.0,125.1,125.72,21613,27.17,499,14618.0, 67.64,2026-04-30
AAVAS, EQ, 30-Apr-2026,1382.1,1380.2,1386.4,1351.0,1384.0,1380.7,1361.9,101440,1381.51,8103,69285.0, 68.30,2026-04-30
ABANSENT, EQ, 30-Apr-2026,39.65,43.6,43.6,41.55,43.6,43.6,43.36,219537,95.19,1509,134330.0, 61.19,2026-04-30
ABB, EQ, 30-Apr-2026,7264.5,7250.0,7305.0,7102.0,7259.0,7230.0,7192.91,327820,23579.81,42456,172840.0, 52.72,2026-04-30
ABBOTINDIA, EQ, 30-Apr-2026,25475.0,25395.0,25485.0,25250.0,25410.0,25435.0,25345.89,4669,1183.4,2025,2857.0, 61.19,2026-04-30
ABCAPITAL, EQ, 30-Apr-2026,348.45,346.0,347.55,340.05,345.75,345.5,344.66,4348049,14986.1,42414,1745689.0, 40.15,2026-04-30
ABCOTS, EQ, 30-Apr-2026,225.25,227.9,229.95,221.0,223.5,223.6,223.96,66619,149.2,1604,29239.0, 43.89,2026-04-30
ABDL, EQ, 30-Apr-2026,551.85,555.0,564.8,528.0,533.7,531.8,538.06,384581,2069.28,14706,218443.0, 56.80,2026-04-30
ABFRL, EQ, 30-Apr-2026,65.05,64.9,66.31,63.87,63.9,64.2,64.93,4094830,2658.78,21079,1460901.0, 35.68,2026-04-30
ABGSEC, EQ, 30-Apr-2026,113.21,112.86,112.86,110.83,112.0,112.0,112.0,34,0.04,6,29.0, 85.29,2026-04-30
ABHAPOWER, SM, 30-Apr-2026,31.25,31.2,31.2,30.0,31.15,31.15,30.71,8000,2.46,5,6400.0, 80.00,2026-04-30
ABINFRA, EQ, 30-Apr-2026,15.61,15.71,16.18,15.65,15.75,15.86,15.88,404925,64.29,907,109727.0, 27.10,2026-04-30
ABLBL, EQ, 30-Apr-2026,104.93,103.5,105.4,102.5,102.99,102.78,103.3,600751,620.59,12577,283910.0, 47.26,2026-04-30
ABMINTLLTD, BE, 30-Apr-2026,43.76,42.01,42.01,41.61,41.61,41.61,41.81,2,0.0,2,, -,2026-04-30
ABMKNO, EQ, 30-Apr-2026,225.05,220.0,228.0,216.05,226.95,227.95,222.55,99,0.22,21,83.0, 83.84,2026-04-30
ABREL, EQ, 30-Apr-2026,1550.4,1549.9,1549.9,1470.4,1488.9,1486.2,1508.05,244766,3691.19,13791,149332.0, 61.01,2026-04-30
ABSL10BANK, EQ, 30-Apr-2026,165.0,162.59,163.85,162.26,163.45,163.45,162.49,410,0.67,19,407.0, 99.27,2026-04-30
ABSLAMC, EQ, 30-Apr-2026,1024.1,1019.05,1029.65,999.75,1016.0,1015.2,1015.47,237871,2415.51,19166,118061.0, 49.63,2026-04-30
ABSLBANETF, EQ, 30-Apr-2026,56.5,55.98,56.42,55.66,56.42,56.15,55.99,28217,15.8,374,16563.0, 58.70,2026-04-30
ABSLFTTJRN, MF, 30-Apr-2026,10.02,10.0,10.0,10.0,10.0,10.0,10.0,198,0.02,1,198.0, 100.00,2026-04-30
ABSLLIQUID, EQ, 30-Apr-2026,1000.0,1000.0,1000.01,999.99,1000.01,1000.01,1000.0,787,7.87,20,594.0, 75.48,2026-04-30
ABSLMSCIN, EQ, 30-Apr-2026,29.25,29.0,29.0,29.0,29.0,29.0,29.0,336,0.1,4,336.0, 100.00,2026-04-30
ABSLNN50ET, EQ, 30-Apr-2026,73.91,73.55,74.95,72.8,73.26,73.43,73.43,7707,5.66,247,6801.0, 88.24,2026-04-30
ABSLPSE, EQ, 30-Apr-2026,11.12,11.16,11.37,10.92,11.07,11.01,10.98,357915,39.31,600,208346.0, 58.21,2026-04-30
ABSMARINE, SM, 30-Apr-2026,222.3,217.0,227.95,214.0,224.8,225.4,220.01,53500,117.7,91,33000.0, 61.68,2026-04-30
ACC, EQ, 30-Apr-2026,1436.6,1438.0,1438.0,1406.0,1417.9,1422.1,1417.2,174028,2466.32,10989,67508.0, 38.79,2026-04-30
ACCELYA, EQ, 30-Apr-2026,1201.7,1170.0,1179.0,1156.0,1160.0,1158.6,1164.27,21833,254.19,1895,13641.0, 62.48,2026-04-30
ACCENTMIC, SM, 30-Apr-2026,420.0,419.95,428.0,419.95,423.1,425.35,423.58,35500,150.37,55,30000.0, 84.51,2026-04-30
ACCORD, ST, 30-Apr-2026,48.2,50.6,50.6,45.8,45.8,48.35,49.12,12000,5.89,6,12000.0, 100.00,2026-04-30
ACCPL, SM, 30-Apr-2026,103.5,108.65,108.65,103.0,108.65,108.65,107.25,111600,119.69,87,100800.0, 90.32,2026-04-30
ACCURACY, BE, 30-Apr-2026,5.21,5.12,5.22,5.07,5.08,5.09,5.1,71366,3.64,238,, -,2026-04-30
ACE, EQ, 30-Apr-2026,899.0,899.0,902.45,882.0,884.5,887.65,889.31,219741,1954.18,12544,74890.0, 34.08,2026-04-30
ACEINTEG, EQ, 30-Apr-2026,19.44,19.99,20.25,19.14,19.5,19.5,19.56,2552,0.5,75,1847.0, 72.37,2026-04-30
ACI, EQ, 30-Apr-2026,622.15,622.0,622.0,603.55,605.0,607.3,610.76,88680,541.62,5513,48645.0, 54.85,2026-04-30
ACL, EQ, 30-Apr-2026,56.32,55.2,57.0,55.2,56.5,56.31,56.13,8995,5.05,312,4943.0, 54.95,2026-04-30
ACMESOLAR, EQ, 30-Apr-2026,303.1,306.0,308.55,298.7,301.4,302.85,303.27,1105704,3353.28,19723,457193.0, 41.35,2026-04-30
ACSTECH, EQ, 30-Apr-2026,38.65,37.9,38.6,37.9,38.35,37.95,37.93,22428,8.51,132,20948.0, 93.40,2026-04-30
ACUTAAS, EQ, 30-Apr-2026,2502.4,2516.3,2710.0,2486.0,2592.1,2594.1,2584.0,2668458,68953.06,184275,767080.0, 28.75,2026-04-30
ADANIENSOL, EQ, 30-Apr-2026,1418.15,1336.0,1377.1,1308.0,1344.95,1342.25,1340.04,6547437,87738.14,155913,1902905.0, 29.06,2026-04-30
ADANIENT, EQ, 30-Apr-2026,2425.9,2394.9,2420.0,2328.8,2410.5,2408.4,2384.26,3538354,84363.7,91584,1031837.0, 29.16,2026-04-30
ADANIGREEN, EQ, 30-Apr-2026,1244.8,1235.0,1237.55,1203.55,1231.0,1227.15,1219.76,3019213,36827.04,56671,807269.0, 26.74,2026-04-30
ADANIPORTS, EQ, 30-Apr-2026,1661.1,1650.0,1677.0,1596.8,1675.5,1657.3,1633.98,6313698,103164.5,138819,2661072.0, 42.15,2026-04-30
ADANIPOWER, EQ, 30-Apr-2026,219.28,216.9,223.5,214.24,222.08,221.85,219.16,67584204,148119.41,270799,15590394.0, 23.07,2026-04-30
ADDICTIVE, SM, 30-Apr-2026,96.0,96.0,96.0,91.2,91.2,91.2,92.29,4000,3.69,8,3500.0, 87.50,2026-04-30
ADFFOODS, EQ, 30-Apr-2026,259.67,260.0,273.0,257.22,264.0,264.14,264.31,311496,823.33,6258,152879.0, 49.08,2026-04-30
ADISOFT, ST, 30-Apr-2026,172.0,205.0,215.25,205.0,215.25,215.25,207.72,2297600,4772.47,1706,2293600.0, 99.83,2026-04-30
ADL, EQ, 30-Apr-2026,74.5,74.99,77.4,72.5,72.5,75.99,76.28,1323,1.01,22,820.0, 61.98,2026-04-30
ADOR, EQ, 30-Apr-2026,1106.05,1127.7,1127.7,1066.0,1081.0,1078.85,1102.89,167317,1845.32,10756,71888.0, 42.97,2026-04-30
ADROITINFO, EQ, 30-Apr-2026,9.98,10.32,10.32,9.68,10.0,9.98,9.92,27615,2.74,375,17373.0, 62.91,2026-04-30
ADSL, EQ, 30-Apr-2026,116.04,114.53,116.39,113.41,113.99,114.59,114.59,70987,81.34,1754,28181.0, 39.70,2026-04-30
ADVAIT, EQ, 30-Apr-2026,2101.9,2101.9,2125.7,2009.6,2024.5,2020.5,2045.04,72504,1482.73,6050,34498.0, 47.58,2026-04-30
ADVANCE, EQ, 30-Apr-2026,111.7,112.87,112.87,110.31,111.5,110.92,111.04,53874,59.82,813,30215.0, 56.08,2026-04-30
ADVANIHOTR, EQ, 30-Apr-2026,53.75,55.6,55.6,53.42,54.37,54.25,54.18,37908,20.54,673,19659.0, 51.86,2026-04-30
ADVENTHTL, EQ, 30-Apr-2026,153.81,153.81,154.5,147.0,152.25,153.36,150.32,155814,234.22,2427,96708.0, 62.07,2026-04-30
ADVENZYMES, EQ, 30-Apr-2026,337.75,337.05,350.95,335.15,346.1,347.7,346.81,480936,1667.94,10654,230626.0, 47.95,2026-04-30
AEGISLOG, EQ, 30-Apr-2026,709.7,700.0,710.7,693.0,703.0,700.95,700.86,263269,1845.15,10315,124716.0, 47.37,2026-04-30
AEGISVOPAK, EQ, 30-Apr-2026,194.58,193.5,196.94,186.91,190.0,189.62,189.57,623562,1182.08,14014,262435.0, 42.09,2026-04-30
AEPL, BE, 30-Apr-2026,18.78,18.89,19.3,18.5,18.87,18.99,18.7,3225,0.6,33,, -,2026-04-30
AEQUS, EQ, 30-Apr-2026,192.4,191.0,196.58,186.26,188.5,187.85,189.89,1735507,3295.54,24882,532039.0, 30.66,2026-04-30
AEROENTER, EQ, 30-Apr-2026,90.68,90.68,94.5,90.45,93.1,93.34,92.68,427384,396.11,1694,143985.0, 33.69,2026-04-30
AEROFLEX, EQ, 30-Apr-2026,305.18,305.18,314.0,302.44,304.0,304.67,307.43,2375804,7303.96,23834,632902.0, 26.64,2026-04-30
AERONEU, EQ, 30-Apr-2026,86.92,89.4,92.65,87.01,89.5,89.02,89.5,98767,88.39,1003,19714.0, 19.96,2026-04-30
AESTHETIK, SM, 30-Apr-2026,75.1,78.5,78.5,73.6,77.0,77.0,76.59,14000,10.72,12,10000.0, 71.43,2026-04-30
AETHER, EQ, 30-Apr-2026,1168.1,1156.5,1179.0,1149.1,1174.4,1171.8,1167.87,112271,1311.18,11663,57993.0, 51.65,2026-04-30
AFCONS, EQ, 30-Apr-2026,326.45,324.15,342.0,324.1,337.9,339.7,336.88,1274611,4293.94,31331,354398.0, 27.80,2026-04-30
AFFLE, EQ, 30-Apr-2026,1433.1,1436.9,1475.9,1407.0,1421.0,1421.7,1422.1,140282,1994.95,12629,94854.0, 67.62,2026-04-30
AFFORDABLE, BE, 30-Apr-2026,181.16,182.6,182.6,175.2,177.0,178.21,179.61,10990,19.74,194,, -,2026-04-30
AFIL, BE, 30-Apr-2026,9.0,8.85,9.03,8.85,9.03,8.95,8.95,193631,17.32,327,, -,2026-04-30
AFSL, EQ, 30-Apr-2026,201.62,201.62,204.78,201.0,201.0,201.61,201.38,56799,114.38,269,52773.0, 92.91,2026-04-30
AGARIND, EQ, 30-Apr-2026,432.6,427.15,428.45,360.0,417.0,416.95,418.58,49144,205.7,1947,20208.0, 41.12,2026-04-30
AGARWALEYE, EQ, 30-Apr-2026,442.0,442.0,448.0,436.65,445.0,445.1,442.01,80775,357.03,3152,52565.0, 65.08,2026-04-30
AGARWALFT, ST, 30-Apr-2026,38.7,39.85,39.85,39.85,39.85,39.85,39.85,1500,0.6,1,1500.0, 100.00,2026-04-30
AGARWALTUF, SM, 30-Apr-2026,118.05,122.95,122.95,117.0,121.7,121.2,120.06,22800,27.37,19,15600.0, 68.42,2026-04-30
AGI, EQ, 30-Apr-2026,637.75,629.05,646.5,625.0,633.15,634.0,636.33,669061,4257.43,19799,159989.0, 23.91,2026-04-30
AGIIL, EQ, 30-Apr-2026,393.95,395.0,404.4,373.3,394.25,395.55,390.99,6139797,24005.8,48932,701902.0, 11.43,2026-04-30
AGRITECH, EQ, 30-Apr-2026,109.07,111.39,113.97,107.01,109.0,112.0,109.73,3474,3.81,170,1715.0, 49.37,2026-04-30
AGROPHOS, EQ, 30-Apr-2026,32.0,31.9,32.5,31.5,32.13,31.6,31.73,11033,3.5,95,9176.0, 83.17,2026-04-30
AHCL, EQ, 30-Apr-2026,13.43,13.43,13.53,13.01,13.24,13.3,13.26,2869855,380.68,3593,1414364.0, 49.28,2026-04-30
AHLADA, EQ, 30-Apr-2026,45.0,45.0,46.69,43.5,46.69,45.38,44.83,4055,1.82,114,3166.0, 78.08,2026-04-30
AHLEAST, EQ, 30-Apr-2026,163.06,163.06,165.98,161.3,161.3,161.42,162.94,1444,2.35,39,967.0, 66.97,2026-04-30
AHLUCONT, EQ, 30-Apr-2026,892.55,888.1,894.6,871.35,894.0,891.0,888.95,24639,219.03,2339,16929.0, 68.71,2026-04-30
AHLWEST, BE, 30-Apr-2026,344.51,361.73,361.73,361.73,361.73,361.73,361.73,2195,7.94,22,, -,2026-04-30
AIAENG, EQ, 30-Apr-2026,3937.2,3921.8,3962.1,3875.0,3951.0,3949.6,3930.25,13099,514.82,4334,7083.0, 54.07,2026-04-30
AIIL, EQ, 30-Apr-2026,486.7,481.6,484.35,469.2,477.0,471.8,475.63,176547,839.7,13221,69007.0, 39.09,2026-04-30
AIMTRON, SM, 30-Apr-2026,1083.95,1099.0,1192.3,1068.3,1192.3,1182.85,1132.32,161800,1832.09,665,105200.0, 65.02,2026-04-30
AIRAN, EQ, 30-Apr-2026,17.1,17.7,17.7,16.0,16.45,16.38,16.52,120902,19.98,1061,76523.0, 63.29,2026-04-30
AIROLAM, EQ, 30-Apr-2026,85.28,84.0,87.66,83.7,84.1,84.11,85.11,4827,4.11,205,3138.0, 65.01,2026-04-30
AISL, SM, 30-Apr-2026,56.85,54.2,57.5,54.15,56.95,56.95,55.16,7200,3.97,12,4200.0, 58.33,2026-04-30
AJANTPHARM, EQ, 30-Apr-2026,2804.2,2790.0,2843.8,2790.0,2830.0,2822.7,2822.01,59221,1671.22,12752,24218.0, 40.89,2026-04-30
AJAXENGG, EQ, 30-Apr-2026,533.2,533.2,533.7,520.05,520.45,524.05,525.71,132563,696.89,11768,95970.0, 72.40,2026-04-30
AJMERA, EQ, 30-Apr-2026,123.77,122.43,125.84,120.82,122.5,124.3,123.17,220326,271.37,2514,53189.0, 24.14,2026-04-30
AJOONI, EQ, 30-Apr-2026,4.25,4.27,4.32,4.2,4.23,4.2,4.26,237716,10.12,393,162952.0, 68.55,2026-04-30
AKANKSHA, SM, 30-Apr-2026,89.55,85.6,96.8,85.6,92.5,92.5,93.2,71000,66.17,56,34000.0, 47.89,2026-04-30
AKASH, EQ, 30-Apr-2026,27.48,27.4,27.4,26.53,26.6,26.63,26.83,5585,1.5,62,3586.0, 64.21,2026-04-30
AKCAPIT, EQ, 30-Apr-2026,1540.65,1540.05,1688.0,1525.05,1688.0,1572.75,1564.68,353,5.52,21,349.0, 98.87,2026-04-30
AKG, EQ, 30-Apr-2026,11.5,11.75,11.75,11.21,11.3,11.31,11.4,8307,0.95,53,5928.0, 71.36,2026-04-30
AKI, EQ, 30-Apr-2026,5.16,5.25,5.25,5.05,5.19,5.18,5.19,28628,1.49,127,20145.0, 70.37,2026-04-30
AKIKO, ST, 30-Apr-2026,225.15,232.4,232.4,228.5,232.0,232.0,230.78,13600,31.39,15,13600.0, 100.00,2026-04-30
AKSHAR, EQ, 30-Apr-2026,0.47,0.48,0.49,0.47,0.48,0.48,0.48,503152,2.41,292,336257.0, 66.83,2026-04-30
AKSHARCHEM, EQ, 30-Apr-2026,198.2,198.21,204.99,193.0,199.23,199.23,201.62,2647,5.34,182,2250.0, 85.00,2026-04-30
AKSHOPTFBR, BE, 30-Apr-2026,6.0,5.98,6.09,5.75,5.76,5.79,5.82,213802,12.43,365,, -,2026-04-30
AKUMS, EQ, 30-Apr-2026,543.7,542.1,549.95,536.65,549.1,547.3,543.34,251599,1367.05,11425,154382.0, 61.36,2026-04-30
ALANKIT, EQ, 30-Apr-2026,9.32,9.36,9.36,9.05,9.17,9.22,9.19,119201,10.96,477,100234.0, 84.09,2026-04-30
ALBERTDAVD, EQ, 30-Apr-2026,718.55,714.6,718.95,706.3,715.0,715.4,713.11,1294,9.23,123,734.0, 56.72,2026-04-30
ALCODIS, ST, 30-Apr-2026,80.0,83.0,83.0,83.0,83.0,83.0,83.0,625,0.52,1,625.0, 100.00,2026-04-30
ALEMBICLTD, EQ, 30-Apr-2026,93.23,92.68,92.68,90.0,92.3,91.2,91.2,248929,227.02,2556,109432.0, 43.96,2026-04-30
ALGOQUANT, EQ, 30-Apr-2026,55.03,55.4,55.4,54.11,54.3,54.59,54.75,968542,530.24,2060,198147.0, 20.46,2026-04-30
ALICON, EQ, 30-Apr-2026,703.65,707.0,707.0,693.0,702.5,697.75,698.03,6087,42.49,709,3288.0, 54.02,2026-04-30
ALIVUS, EQ, 30-Apr-2026,1005.5,1006.0,1063.8,1005.6,1025.2,1038.15,1046.28,197318,2064.49,16581,58981.0, 29.89,2026-04-30
ALKALI, EQ, 30-Apr-2026,66.7,65.3,67.97,65.3,67.0,66.98,66.41,5523,3.67,153,3204.0, 58.01,2026-04-30
ALKEM, EQ, 30-Apr-2026,5344.0,5354.5,5435.0,5291.0,5429.5,5400.0,5378.44,151866,8168.02,20575,90298.0, 59.46,2026-04-30
ALKYLAMINE, EQ, 30-Apr-2026,1537.9,1537.9,1537.9,1507.1,1511.1,1516.1,1521.68,37805,575.27,6747,21061.0, 55.71,2026-04-30
ALLCARGO, EQ, 30-Apr-2026,9.61,9.6,9.78,9.43,9.63,9.68,9.61,5385003,517.57,5756,2527410.0, 46.93,2026-04-30
ALLDIGI, EQ, 30-Apr-2026,819.65,806.0,845.0,806.0,832.95,832.9,831.45,9766,81.2,891,5082.0, 52.04,2026-04-30
ALLETEC, SM, 30-Apr-2026,168.75,167.95,170.0,166.0,170.0,170.0,167.68,10000,16.77,13,9200.0, 92.00,2026-04-30
ALLTIME, EQ, 30-Apr-2026,236.06,233.69,244.91,230.05,236.0,240.66,236.34,37526,88.69,1067,18459.0, 49.19,2026-04-30
ALMONDZ, EQ, 30-Apr-2026,17.0,17.18,17.18,16.45,16.45,16.48,16.63,46936,7.8,305,37671.0, 80.26,2026-04-30
ALOKINDS, EQ, 30-Apr-2026,13.85,13.8,13.94,13.63,13.82,13.79,13.75,3736582,513.93,7072,1361824.0, 36.45,2026-04-30
ALPA, EQ, 30-Apr-2026,65.59,65.59,66.8,64.91,66.8,66.18,65.65,12747,8.37,201,8239.0, 64.63,2026-04-30
ALPEXSOLAR, SM, 30-Apr-2026,1142.9,1137.9,1137.9,1080.0,1090.0,1091.65,1100.29,70900,780.11,547,44600.0, 62.91,2026-04-30
ALPHA, EQ, 30-Apr-2026,49.37,48.82,49.74,48.34,48.98,48.84,48.76,1442346,703.3,3838,1042127.0, 72.25,2026-04-30
ALPHAETF, EQ, 30-Apr-2026,25.26,25.19,25.26,24.73,24.99,24.91,24.91,573060,142.73,3028,338649.0, 59.09,2026-04-30
ALPHAGEO, EQ, 30-Apr-2026,220.28,223.91,224.0,217.01,218.0,219.4,220.89,4997,11.04,247,2974.0, 59.52,2026-04-30
ALPL30IETF, EQ, 30-Apr-2026,26.6,26.6,26.6,26.23,26.5,26.49,26.4,152999,40.39,1145,82770.0, 54.10,2026-04-30
ALUWIND, SM, 30-Apr-2026,56.8,56.85,58.7,54.05,55.1,54.8,56.08,21000,11.78,12,18000.0, 85.71,2026-04-30
AMAGI, EQ, 30-Apr-2026,415.45,415.45,423.55,405.1,409.5,409.6,415.24,181926,755.43,10213,67921.0, 37.33,2026-04-30
AMANTA, EQ, 30-Apr-2026,131.55,131.55,132.0,128.51,131.5,131.13,130.09,37035,48.18,913,17166.0, 46.35,2026-04-30
AMBALALSA, EQ, 30-Apr-2026,32.65,32.45,32.5,31.5,31.55,31.75,31.92,79095,25.25,614,53488.0, 67.63,2026-04-30
AMBER, EQ, 30-Apr-2026,8082.0,8090.0,8090.0,7838.0,8020.0,8024.0,7981.26,158156,12622.84,25183,46002.0, 29.09,2026-04-30
AMBEY, ST, 30-Apr-2026,34.85,33.15,33.15,33.15,33.15,33.15,33.15,10000,3.32,5,10000.0, 100.00,2026-04-30
AMBICAAGAR, EQ, 30-Apr-2026,23.21,23.97,23.97,23.06,23.83,23.76,23.47,2079,0.49,57,1218.0, 58.59,2026-04-30
AMBIKCO, EQ, 30-Apr-2026,1490.4,1468.2,1522.3,1460.0,1493.1,1489.7,1481.3,3923,58.11,525,2659.0, 67.78,2026-04-30
AMBUJACEM, EQ, 30-Apr-2026,454.6,450.2,450.2,440.1,443.95,444.2,444.28,3322936,14763.29,50806,1789165.0, 53.84,2026-04-30
AMCL, SM, 30-Apr-2026,500.0,525.0,525.0,490.0,490.0,492.55,498.62,5600,27.92,11,4400.0, 78.57,2026-04-30
AMDIND, EQ, 30-Apr-2026,44.95,44.95,45.48,44.0,44.0,44.25,44.5,7366,3.28,178,5403.0, 73.35,2026-04-30
AMEYA, SM, 30-Apr-2026,111.5,111.0,111.3,109.0,109.0,109.0,110.43,3000,3.31,3,2000.0, 66.67,2026-04-30
AMIRCHAND, EQ, 30-Apr-2026,134.67,135.78,135.9,132.29,134.5,134.5,134.33,464499,623.94,4403,188508.0, 40.58,2026-04-30
AMJLAND, EQ, 30-Apr-2026,41.46,41.45,41.95,40.0,40.3,40.35,40.58,19583,7.95,267,13763.0, 70.28,2026-04-30
AMNPLST, EQ, 30-Apr-2026,166.92,166.93,171.9,160.0,164.99,163.11,164.05,10412,17.08,264,5198.0, 49.92,2026-04-30
AMRUTANJAN, EQ, 30-Apr-2026,582.0,575.3,580.4,567.75,570.25,571.2,571.79,9502,54.33,644,5825.0, 61.30,2026-04-30
ANANDRATHI, EQ, 30-Apr-2026,3586.5,3600.0,3635.0,3565.1,3582.4,3601.6,3610.98,208128,7515.46,22773,119201.0, 57.27,2026-04-30
ANANTAM, IV, 30-Apr-2026,105.7,106.0,106.0,105.3,105.81,105.53,105.38,9401,9.91,81,8781.0, 93.40,2026-04-30
ANANTRAJ, EQ, 30-Apr-2026,490.9,487.9,494.8,481.2,486.0,486.9,486.76,1245703,6063.6,33450,347541.0, 27.90,2026-04-30
ANDHRAPAP, EQ, 30-Apr-2026,66.98,66.99,67.0,64.9,66.59,66.57,65.89,77010,50.74,2393,49297.0, 64.01,2026-04-30
ANDHRSUGAR, EQ, 30-Apr-2026,101.17,101.98,103.38,97.0,98.0,97.67,100.08,1182442,1183.4,10872,381133.0, 32.23,2026-04-30
ANGELONE, EQ, 30-Apr-2026,313.1,311.36,311.55,306.12,309.0,308.71,308.74,3939153,12161.77,43949,1395550.0, 35.43,2026-04-30
ANIKINDS, BE, 30-Apr-2026,43.56,43.56,45.49,42.5,45.49,44.61,43.7,15982,6.98,98,, -,2026-04-30
ANKITMETAL, BZ, 30-Apr-2026,1.65,1.73,1.73,1.59,1.61,1.6,1.67,24615,0.41,71,, -,2026-04-30
ANLON, SM, 30-Apr-2026,505.15,519.0,541.8,505.05,536.0,539.15,526.51,77200,406.47,168,66400.0, 86.01,2026-04-30
ANMOL, EQ, 30-Apr-2026,12.49,12.5,12.5,11.51,11.9,11.84,12.12,57023,6.91,230,39244.0, 68.82,2026-04-30
ANNAPURNA, SM, 30-Apr-2026,162.05,159.2,164.5,150.0,158.0,159.45,158.05,60000,94.83,165,34000.0, 56.67,2026-04-30
ANONDITA, SM, 30-Apr-2026,1020.3,1014.0,1014.0,969.3,1000.0,999.2,984.76,58200,573.13,204,25400.0, 43.64,2026-04-30
ANSALAPI, BZ, 30-Apr-2026,3.71,3.78,3.78,3.64,3.78,3.78,3.72,43234,1.61,40,, -,2026-04-30
ANTELOPUS, EQ, 30-Apr-2026,672.75,689.0,706.0,675.95,686.0,693.75,692.01,250585,1734.06,6545,116054.0, 46.31,2026-04-30
ANTGRAPHIC, EQ, 30-Apr-2026,0.86,0.88,0.88,0.86,0.87,0.86,0.87,113907,0.99,147,101325.0, 88.95,2026-04-30
ANTHEM, EQ, 30-Apr-2026,775.25,770.0,778.0,756.4,760.0,760.1,763.3,151781,1158.55,9041,90420.0, 59.57,2026-04-30
ANUHPHR, EQ, 30-Apr-2026,82.05,81.9,82.64,81.0,81.09,81.2,81.58,20511,16.73,328,13927.0, 67.90,2026-04-30
ANUP, EQ, 30-Apr-2026,2093.1,2070.0,2084.9,2002.4,2045.0,2062.2,2047.71,70531,1444.27,9267,38421.0, 54.47,2026-04-30
ANURAS, EQ, 30-Apr-2026,1294.7,1300.9,1358.1,1281.7,1342.4,1343.8,1323.34,537387,7111.46,17969,175456.0, 32.65,2026-04-30
ANZEN, IV, 30-Apr-2026,125.25,128.5,128.5,128.5,128.5,128.5,128.5,25000,32.13,1,25000.0, 100.00,2026-04-30
AONEGOLD, EQ, 30-Apr-2026,13.75,13.81,13.98,13.72,13.97,13.94,13.82,484827,67.01,1388,312134.0, 64.38,2026-04-30
AONELIQUID, EQ, 30-Apr-2026,1057.16,1057.73,1057.76,1051.88,1057.74,1057.74,1057.73,12690,134.23,147,9006.0, 70.97,2026-04-30
AONENIFTY, EQ, 30-Apr-2026,9.91,10.15,10.15,9.66,9.88,9.85,9.82,346419,34.02,1456,147695.0, 42.63,2026-04-30
AONESILVER, EQ, 30-Apr-2026,8.98,9.02,9.15,8.85,9.13,9.04,9.0,639636,57.55,889,219469.0, 34.31,2026-04-30
AONETMMQ50, EQ, 30-Apr-2026,10.0,10.05,10.05,9.89,9.96,9.96,9.92,35150,3.49,225,33032.0, 93.97,2026-04-30
AONETOTAL, EQ, 30-Apr-2026,11.56,11.21,11.81,11.21,11.5,11.47,11.47,282519,32.42,1615,157827.0, 55.86,2026-04-30
APARINDS, EQ, 30-Apr-2026,12387.5,12447.0,12850.0,12263.5,12351.0,12331.0,12508.77,191647,23972.68,41804,56293.0, 29.37,2026-04-30
APCL, EQ, 30-Apr-2026,113.61,112.5,115.97,112.5,115.7,115.43,114.4,1302,1.49,43,690.0, 53.00,2026-04-30
APCOTEXIND, EQ, 30-Apr-2026,401.35,402.4,404.0,393.9,397.4,402.4,400.07,11637,46.56,688,6539.0, 56.19,2026-04-30
APEX, EQ, 30-Apr-2026,475.1,474.0,474.9,453.5,467.0,466.8,464.21,627994,2915.18,14327,171951.0, 27.38,2026-04-30
APEXECO, SM, 30-Apr-2026,122.5,122.5,122.5,121.0,121.0,121.0,121.75,1600,1.95,2,1600.0, 100.00,2026-04-30
APLAPOLLO, EQ, 30-Apr-2026,1966.6,1956.5,1960.0,1895.5,1907.0,1905.0,1913.44,724377,13860.49,38562,385277.0, 53.19,2026-04-30
APLLTD, EQ, 30-Apr-2026,761.1,760.0,762.0,751.35,753.0,755.0,755.97,27314,206.49,2611,13265.0, 48.56,2026-04-30
APOLLO, EQ, 30-Apr-2026,296.36,295.0,300.99,290.62,298.0,297.11,296.45,6447222,19112.7,61615,1695360.0, 26.30,2026-04-30
APOLLOHOSP, EQ, 30-Apr-2026,7709.0,7634.5,7680.0,7561.5,7650.0,7636.5,7620.44,392016,29873.34,47087,258845.0, 66.03,2026-04-30
APOLLOPIPE, EQ, 30-Apr-2026,449.45,447.4,465.0,442.55,450.1,452.65,455.64,389661,1775.45,10120,110767.0, 28.43,2026-04-30
APOLLOTYRE, EQ, 30-Apr-2026,424.15,420.0,420.8,406.95,409.0,408.4,411.12,1211183,4979.43,48724,721753.0, 59.59,2026-04-30
APOLSINHOT, EQ, 30-Apr-2026,1148.25,1146.2,1162.85,1142.3,1159.0,1159.1,1155.1,294,3.4,54,263.0, 89.46,2026-04-30
APRAMEYA, SM, 30-Apr-2026,221.3,215.0,223.25,215.0,222.65,222.95,222.05,13500,29.98,11,13000.0, 96.30,2026-04-30
APS, SM, 30-Apr-2026,384.7,376.0,377.05,368.1,371.0,372.45,372.71,20750,77.34,73,12000.0, 57.83,2026-04-30
APSISAERO, ST, 30-Apr-2026,227.95,217.0,239.3,217.0,239.3,239.3,232.07,39600,91.9,29,34800.0, 87.88,2026-04-30
APTECHT, EQ, 30-Apr-2026,104.17,103.86,106.0,101.0,103.41,104.89,103.52,246013,254.68,2483,119321.0, 48.50,2026-04-30
APTUS, EQ, 30-Apr-2026,264.82,261.8,265.2,259.5,259.5,260.14,261.59,592066,1548.76,16430,284801.0, 48.10,2026-04-30
AQYLON, EQ, 30-Apr-2026,49.65,50.89,51.09,48.72,49.4,50.25,50.07,2440215,1221.85,6925,436380.0, 17.88,2026-04-30
ARCHIDPLY, EQ, 30-Apr-2026,85.71,89.0,89.0,83.21,84.12,84.28,84.17,10486,8.83,518,4304.0, 41.05,2026-04-30
ARCHIES, EQ, 30-Apr-2026,14.68,14.32,14.84,14.3,14.75,14.74,14.59,5775,0.84,60,4727.0, 81.85,2026-04-30
ARCIIL, ST, 30-Apr-2026,75.95,78.0,79.4,72.2,73.3,74.15,75.5,20000,15.1,19,19000.0, 95.00,2026-04-30
ARE&M, EQ, 30-Apr-2026,890.45,886.0,888.7,870.0,874.6,874.55,877.2,540584,4741.99,22631,246602.0, 45.62,2026-04-30
ARENTERP, EQ, 30-Apr-2026,39.4,39.35,40.5,38.0,39.5,38.85,39.25,958,0.38,21,932.0, 97.29,2026-04-30
ARFIN, EQ, 30-Apr-2026,95.42,95.9,95.9,93.0,94.98,94.49,94.14,967460,910.73,3125,120519.0, 12.46,2026-04-30
ARHAM, SM, 30-Apr-2026,144.95,146.0,146.0,144.35,144.35,144.8,144.85,25000,36.21,20,12000.0, 48.00,2026-04-30
ARIES, EQ, 30-Apr-2026,371.05,372.0,375.9,364.5,369.0,371.45,370.3,17644,65.34,1100,7969.0, 45.17,2026-04-30
ARIHANT, EQ, 30-Apr-2026,906.5,904.0,940.0,877.8,935.0,910.7,905.32,1406,12.73,274,835.0, 59.39,2026-04-30
ARIHANTACA, SM, 30-Apr-2026,480.0,480.0,480.0,480.0,480.0,480.0,480.0,400,1.92,1,400.0, 100.00,2026-04-30
ARIHANTCAP, EQ, 30-Apr-2026,70.64,70.0,71.39,69.55,70.2,70.11,70.17,115051,80.73,1206,46186.0, 40.14,2026-04-30
ARIHANTSUP, EQ, 30-Apr-2026,283.09,278.84,287.29,273.0,279.0,275.9,280.2,35831,100.4,1065,16633.0, 46.42,2026-04-30
ARIS, EQ, 30-Apr-2026,137.62,137.0,140.79,134.27,137.01,137.37,138.47,1055751,1461.88,8234,458660.0, 43.44,2026-04-30
ARISTO, SM, 30-Apr-2026,116.0,120.0,120.0,120.0,120.0,120.0,120.0,10400,12.48,6,10400.0, 100.00,2026-04-30
ARKADE, EQ, 30-Apr-2026,116.18,116.0,118.5,115.13,117.6,117.86,117.21,250432,293.53,2324,124405.0, 49.68,2026-04-30
ARMANFIN, EQ, 30-Apr-2026,1523.4,1515.1,1539.7,1480.0,1487.0,1493.2,1500.12,23294,349.44,3111,12100.0, 51.94,2026-04-30
AROGRANITE, EQ, 30-Apr-2026,26.52,26.61,27.0,26.01,27.0,26.76,26.54,3909,1.04,61,3166.0, 80.99,2026-04-30
ARROWGREEN, EQ, 30-Apr-2026,545.3,547.8,548.05,532.55,533.0,533.65,536.4,9650,51.76,531,5151.0, 53.38,2026-04-30
ARSHIYA, BZ, 30-Apr-2026,1.32,1.38,1.38,1.27,1.32,1.31,1.33,99055,1.32,55,, -,2026-04-30
ARSSBL, EQ, 30-Apr-2026,601.1,600.1,618.1,582.1,599.0,598.3,598.15,725897,4341.95,18578,191552.0, 26.39,2026-04-30
ARTEMISMED, EQ, 30-Apr-2026,239.87,239.25,245.25,237.75,244.56,244.13,242.11,122447,296.46,2620,63560.0, 51.91,2026-04-30
ARTNIRMAN, BE, 30-Apr-2026,44.7,45.59,45.59,43.0,44.52,44.52,43.16,1439,0.62,11,, -,2026-04-30
ARUNAYA, SM, 30-Apr-2026,19.5,19.4,19.5,19.4,19.5,19.5,19.45,4000,0.78,2,2000.0, 50.00,2026-04-30
ARVEE, EQ, 30-Apr-2026,168.87,165.49,169.8,165.49,168.0,168.0,166.58,274,0.46,11,168.0, 61.31,2026-04-30
ARVIND, EQ, 30-Apr-2026,392.8,392.0,400.85,384.5,397.35,398.55,393.39,287773,1132.06,10274,137265.0, 47.70,2026-04-30
ARVINDFASN, EQ, 30-Apr-2026,442.65,442.0,446.3,429.1,446.0,443.15,438.09,450256,1972.51,43287,222822.0, 49.49,2026-04-30
ARVINDPORT, SM, 30-Apr-2026,37.65,35.8,35.85,35.8,35.8,35.8,35.81,15000,5.37,10,15000.0, 100.00,2026-04-30
ARVSMART, EQ, 30-Apr-2026,624.1,624.05,625.95,613.9,618.0,617.95,618.7,30459,188.45,2167,14967.0, 49.14,2026-04-30
ASAHIINDIA, EQ, 30-Apr-2026,850.6,852.9,863.85,826.0,836.95,836.25,839.56,165702,1391.17,10947,106418.0, 64.22,2026-04-30
ASAHISONG, EQ, 30-Apr-2026,245.13,246.0,258.59,238.34,246.5,247.29,250.13,34451,86.17,1837,8347.0, 24.23,2026-04-30
ASAL, EQ, 30-Apr-2026,520.6,524.95,524.95,508.15,512.0,512.0,512.42,21321,109.25,1522,9834.0, 46.12,2026-04-30
ASALCBR, EQ, 30-Apr-2026,890.05,894.0,898.0,882.0,882.0,889.3,890.46,25535,227.38,1616,11613.0, 45.48,2026-04-30
ASCOM, ST, 30-Apr-2026,274.0,260.4,273.4,260.3,260.3,260.3,261.9,8500,22.26,8,8500.0, 100.00,2026-04-30
ASHAPURMIN, EQ, 30-Apr-2026,646.85,643.9,649.55,624.3,631.0,631.3,635.01,546660,3471.34,17949,147801.0, 27.04,2026-04-30
ASHIANA, EQ, 30-Apr-2026,340.1,340.1,347.15,333.35,342.85,342.65,342.28,53139,181.88,1928,26807.0, 50.45,2026-04-30
ASHIKA, EQ, 30-Apr-2026,392.55,396.5,399.95,390.5,396.0,397.1,397.91,56137,223.38,970,37645.0, 67.06,2026-04-30
ASHIMASYN, EQ, 30-Apr-2026,15.98,16.37,16.37,15.81,16.0,15.96,15.97,75075,11.99,330,61416.0, 81.81,2026-04-30
ASHOKA, EQ, 30-Apr-2026,134.7,134.0,135.93,132.6,133.9,134.25,133.98,844894,1131.99,7489,254194.0, 30.09,2026-04-30
ASHOKAMET, EQ, 30-Apr-2026,16.74,16.1,17.0,16.1,16.35,16.33,16.54,17685,2.93,224,11306.0, 63.93,2026-04-30
ASHOKLEY, EQ, 30-Apr-2026,165.73,164.72,164.72,160.26,162.55,162.09,162.01,22015141,35665.8,131024,11320194.0, 51.42,2026-04-30
ASHWINI, SM, 30-Apr-2026,149.2,148.95,149.0,148.95,149.0,149.0,148.98,5000,7.45,5,5000.0, 100.00,2026-04-30
ASIANENE, EQ, 30-Apr-2026,316.78,315.91,320.67,315.0,319.37,317.77,317.7,161939,514.49,1950,70478.0, 43.52,2026-04-30
ASIANHOTNR, EQ, 30-Apr-2026,299.3,299.25,302.0,296.45,296.9,299.5,300.1,7348,22.05,254,5257.0, 71.54,2026-04-30
ASIANPAINT, EQ, 30-Apr-2026,2447.3,2426.7,2455.9,2385.5,2450.0,2444.5,2426.45,823684,19986.32,56753,276469.0, 33.56,2026-04-30
ASIANTILES, EQ, 30-Apr-2026,63.89,64.2,65.7,63.75,65.7,65.01,64.86,4121630,2673.32,14417,701634.0, 17.02,2026-04-30
ASKAUTOLTD, EQ, 30-Apr-2026,437.7,435.0,445.0,426.0,441.0,439.95,433.94,174163,755.77,9555,78787.0, 45.24,2026-04-30
ASMS, EQ, 30-Apr-2026,7.91,7.95,8.09,7.81,7.82,7.83,7.9,865116,68.34,1405,443392.0, 51.25,2026-04-30
ASPINWALL, EQ, 30-Apr-2026,227.91,232.0,232.5,223.69,229.2,229.2,228.48,546,1.25,27,377.0, 69.05,2026-04-30
ASTAR, EQ, 30-Apr-2026,649.95,666.0,666.0,622.55,622.6,622.6,638.36,13,0.08,8,10.0, 76.92,2026-04-30
ASTEC, EQ, 30-Apr-2026,700.4,700.0,706.95,681.25,695.0,694.7,694.48,52357,363.61,3559,13178.0, 25.17,2026-04-30
ASTERDM, EQ, 30-Apr-2026,699.5,700.0,708.8,685.2,707.0,701.05,695.01,520071,3614.55,25368,295827.0, 56.88,2026-04-30
ASTRAL, EQ, 30-Apr-2026,1552.8,1546.0,1548.9,1520.6,1534.4,1529.7,1530.12,333474,5102.54,19403,149094.0, 44.71,2026-04-30
ASTRAMICRO, EQ, 30-Apr-2026,1108.25,1102.75,1132.8,1085.05,1130.0,1125.2,1115.51,255563,2850.82,18424,88008.0, 34.44,2026-04-30
ASTRAZEN, EQ, 30-Apr-2026,8369.0,8431.5,8465.5,8102.0,8250.0,8213.0,8248.53,11231,926.39,3082,5375.0, 47.86,2026-04-30
ASTRON, BE, 30-Apr-2026,4.33,4.33,4.5,4.25,4.43,4.43,4.4,14431,0.64,70,, -,2026-04-30
ATALREAL, EQ, 30-Apr-2026,25.83,25.9,27.09,25.67,26.1,26.57,26.61,4362636,1160.82,5094,866524.0, 19.86,2026-04-30
ATAM, EQ, 30-Apr-2026,68.37,67.51,69.5,67.51,68.5,68.54,68.5,979,0.67,86,766.0, 78.24,2026-04-30
ATCENERGY, ST, 30-Apr-2026,31.75,30.3,33.3,30.3,33.3,33.25,33.04,34800,11.5,27,33600.0, 96.55,2026-04-30
ATGL, EQ, 30-Apr-2026,656.95,657.9,659.85,625.8,634.9,634.7,636.83,3271646,20834.74,57817,709407.0, 21.68,2026-04-30
ATHERENERG, EQ, 30-Apr-2026,938.4,942.9,947.75,924.0,933.75,934.85,934.47,1991317,18608.27,55876,701496.0, 35.23,2026-04-30
ATL, EQ, 30-Apr-2026,25.78,25.86,26.01,24.81,25.33,25.23,25.25,133615,33.74,1010,81012.0, 60.63,2026-04-30
ATLANTAA, EQ, 30-Apr-2026,41.7,41.25,41.69,40.53,40.53,40.87,41.04,34813,14.29,814,15112.0, 43.41,2026-04-30
ATLANTAELE, BE, 30-Apr-2026,1818.0,1800.0,1835.0,1727.1,1785.0,1751.4,1760.89,140593,2475.68,4540,, -,2026-04-30
ATLASCYCLE, EQ, 30-Apr-2026,101.42,102.17,102.17,100.0,101.69,100.56,100.77,4284,4.32,238,2029.0, 47.36,2026-04-30
ATLPP, E1, 30-Apr-2026,9.09,9.01,9.73,9.0,9.22,9.22,9.34,2121,0.2,25,1914.0, 90.24,2026-04-30
ATMASTCO, SM, 30-Apr-2026,152.8,148.35,151.95,139.9,144.25,144.8,146.28,36400,53.25,78,26400.0, 72.53,2026-04-30
ATUL, EQ, 30-Apr-2026,6812.0,6790.0,6844.5,6703.0,6825.0,6817.5,6776.88,24570,1665.08,5980,10927.0, 44.47,2026-04-30
ATULAUTO, EQ, 30-Apr-2026,493.4,489.0,491.0,477.0,491.0,488.3,484.03,191817,928.44,6106,58634.0, 30.57,2026-04-30
AUBANK, EQ, 30-Apr-2026,1017.65,1010.65,1025.95,998.0,1013.35,1015.95,1013.77,1815610,18406.17,56211,814691.0, 44.87,2026-04-30
AURIGROW, EQ, 30-Apr-2026,0.35,0.34,0.34,0.34,0.34,0.34,0.34,1869937,6.36,926,1869936.0, 100.00,2026-04-30
AURIONPRO, EQ, 30-Apr-2026,865.1,865.1,878.6,851.35,872.4,869.9,865.49,104004,900.14,7031,41266.0, 39.68,2026-04-30
AUROPHARMA, EQ, 30-Apr-2026,1396.8,1392.0,1404.0,1378.6,1385.6,1389.5,1389.84,606347,8427.28,32299,237014.0, 39.09,2026-04-30
AURUM, EQ, 30-Apr-2026,179.56,181.79,183.8,176.15,183.8,182.32,179.79,84002,151.03,1689,54812.0, 65.25,2026-04-30
AUSL, SM, 30-Apr-2026,24.55,24.5,24.5,24.0,24.0,24.0,24.25,4000,0.97,2,4000.0, 100.00,2026-04-30
AUSOMENT, EQ, 30-Apr-2026,142.93,142.93,156.4,136.0,147.2,147.79,147.99,35482,52.51,558,14701.0, 41.43,2026-04-30
AUTOAXLES, EQ, 30-Apr-2026,1899.0,1884.7,1903.2,1838.0,1838.0,1845.8,1851.91,3604,66.74,620,1981.0, 54.97,2026-04-30
AUTOBEES, EQ, 30-Apr-2026,267.72,268.84,268.84,262.02,266.7,265.83,263.95,472828,1248.01,5071,123442.0, 26.11,2026-04-30
AUTOIETF, EQ, 30-Apr-2026,26.81,27.48,27.48,26.23,26.69,26.63,26.46,915047,242.12,3109,398943.0, 43.60,2026-04-30
AUTOIND, EQ, 30-Apr-2026,63.94,64.8,65.09,63.13,64.6,64.08,64.16,98332,63.09,679,52953.0, 53.85,2026-04-30
AVADHSUGAR, BE, 30-Apr-2026,467.95,470.5,491.3,470.5,491.3,491.3,488.13,82473,402.58,940,, -,2026-04-30
AVAILFC, EQ, 30-Apr-2026,154.55,152.05,156.95,150.55,150.6,153.1,154.6,2007,3.1,104,1776.0, 88.49,2026-04-30
AVALON, EQ, 30-Apr-2026,1059.0,1045.9,1064.0,1019.8,1063.0,1057.25,1038.46,233475,2424.54,25629,102722.0, 44.00,2026-04-30
AVANA, ST, 30-Apr-2026,137.05,139.0,139.0,132.3,138.5,138.5,135.16,28000,37.85,13,26000.0, 92.86,2026-04-30
AVANTEL, EQ, 30-Apr-2026,150.17,150.16,150.45,147.0,148.5,148.74,148.52,1038627,1542.59,8736,266667.0, 25.67,2026-04-30
AVANTIFEED, EQ, 30-Apr-2026,1386.1,1388.0,1406.0,1351.0,1378.9,1380.7,1378.91,554224,7642.27,32444,135335.0, 24.42,2026-04-30
AVG, EQ, 30-Apr-2026,166.78,171.0,171.0,161.12,164.14,164.84,165.16,16883,27.88,894,8357.0, 49.50,2026-04-30
AVIANSH, SM, 30-Apr-2026,111.0,112.0,112.5,110.0,110.0,110.0,111.48,9000,10.03,9,6000.0, 66.67,2026-04-30
AVL, EQ, 30-Apr-2026,534.95,530.0,545.0,519.1,521.0,524.6,527.62,135439,714.6,10660,52580.0, 38.82,2026-04-30
AVONMORE, EQ, 30-Apr-2026,12.29,12.29,12.5,12.09,12.3,12.36,12.29,128636,15.81,642,63729.0, 49.54,2026-04-30
AVPINFRA, SM, 30-Apr-2026,99.3,99.5,100.3,98.0,98.8,98.75,99.0,65600,64.94,63,30400.0, 46.34,2026-04-30
AVROIND, EQ, 30-Apr-2026,126.64,126.0,128.99,124.91,125.5,125.69,126.83,40564,51.45,738,21375.0, 52.69,2026-04-30
AVTNPL, EQ, 30-Apr-2026,69.2,68.2,71.44,68.2,69.75,69.3,69.27,16177,11.21,308,9142.0, 56.51,2026-04-30
AWFIS, EQ, 30-Apr-2026,350.9,350.9,356.63,337.55,351.0,351.42,348.16,170851,594.83,4731,91306.0, 53.44,2026-04-30
AWHCL, EQ, 30-Apr-2026,512.7,511.0,512.0,501.6,511.0,507.9,506.58,66735,338.07,2448,25659.0, 38.45,2026-04-30
AWL, EQ, 30-Apr-2026,200.18,200.0,202.51,195.01,196.0,196.37,198.25,2537711,5031.08,26762,1016554.0, 40.06,2026-04-30
AXISBANK, EQ, 30-Apr-2026,1296.4,1288.0,1288.0,1257.3,1275.5,1268.3,1265.98,16481853,208657.77,187325,11569446.0, 70.20,2026-04-30
AXISBNKETF, EQ, 30-Apr-2026,569.48,562.66,565.25,560.0,565.02,564.93,562.86,1161,6.53,75,562.0, 48.41,2026-04-30
AXISCADES, EQ, 30-Apr-2026,1965.8,1960.1,2026.9,1896.2,2019.0,2008.5,1962.71,145494,2855.63,10456,66285.0, 45.56,2026-04-30
AXISCETF, EQ, 30-Apr-2026,118.57,116.59,117.54,116.25,117.0,116.98,116.52,597,0.7,19,536.0, 89.78,2026-04-30
AXISGOLD, EQ, 30-Apr-2026,122.41,119.34,124.78,119.34,124.49,124.66,123.88,1008615,1249.43,6554,581610.0, 57.66,2026-04-30
AXISHCETF, EQ, 30-Apr-2026,152.04,150.99,152.62,150.51,151.48,151.48,151.5,987,1.5,56,834.0, 84.50,2026-04-30
AXISILVER, EQ, 30-Apr-2026,233.04,232.78,237.89,231.07,237.5,236.29,234.41,808947,1896.23,5512,579748.0, 71.67,2026-04-30
AXISNIFTY, EQ, 30-Apr-2026,265.26,264.25,265.05,262.02,264.65,264.62,263.42,7962,20.97,216,6694.0, 84.07,2026-04-30
AXISTECETF, EQ, 30-Apr-2026,321.38,321.39,325.24,318.6,325.24,322.84,322.19,1954,6.3,98,1418.0, 72.57,2026-04-30
AXISVALUE, EQ, 30-Apr-2026,34.3,34.53,35.19,33.9,34.0,34.01,34.15,118993,40.63,517,81497.0, 68.49,2026-04-30
AXITA, EQ, 30-Apr-2026,8.15,8.1,8.28,8.06,8.13,8.1,8.14,169221,13.77,960,116150.0, 68.64,2026-04-30
AXSENSEX, EQ, 30-Apr-2026,79.77,81.76,81.76,78.75,79.3,79.45,79.09,5802,4.59,72,5637.0, 97.16,2026-04-30
AYE, EQ, 30-Apr-2026,139.55,139.51,139.52,131.5,131.6,132.43,134.27,1271891,1707.77,12032,470234.0, 36.97,2026-04-30
AYMSYNTEX, EQ, 30-Apr-2026,239.72,240.91,241.57,229.0,229.0,233.18,235.97,7515,17.73,294,5625.0, 74.85,2026-04-30
AZAD, EQ, 30-Apr-2026,2160.3,2165.0,2197.0,2110.0,2179.0,2164.9,2147.82,432775,9295.22,34299,150418.0, 34.76,2026-04-30
BABAFP, SM, 30-Apr-2026,27.5,27.5,28.5,27.5,28.5,28.5,27.98,9600,2.69,5,6400.0, 66.67,2026-04-30
BAFNAPH, BE, 30-Apr-2026,131.84,136.0,136.0,130.01,134.0,134.0,131.99,867,1.14,15,, -,2026-04-30
BAGDIGITAL, SM, 30-Apr-2026,111.25,111.0,115.0,111.0,115.0,113.45,112.83,6400,7.22,4,6400.0, 100.00,2026-04-30
BAGFILMS, EQ, 30-Apr-2026,5.21,5.28,5.28,5.13,5.22,5.17,5.2,108010,5.62,164,68012.0, 62.97,2026-04-30
BAHETI, SM, 30-Apr-2026,585.55,598.0,617.0,580.0,599.0,600.8,600.38,54000,324.21,132,30375.0, 56.25,2026-04-30
BAIDFIN, EQ, 30-Apr-2026,11.43,11.41,11.41,11.11,11.4,11.39,11.29,50853,5.74,136,41683.0, 81.97,2026-04-30
BAJAJ-AUTO, EQ, 30-Apr-2026,9543.5,9515.0,10045.0,9355.0,10039.0,9994.0,9812.57,1209264,118659.91,128906,458407.0, 37.91,2026-04-30
BAJAJCON, EQ, 30-Apr-2026,461.35,458.0,468.0,449.0,450.1,450.45,456.57,841239,3840.83,26761,408852.0, 48.60,2026-04-30
BAJAJELEC, EQ, 30-Apr-2026,396.75,401.0,401.05,390.75,396.75,396.1,394.37,75428,297.46,4705,34723.0, 46.03,2026-04-30
BAJAJFINSV, EQ, 30-Apr-2026,1764.2,1777.2,1794.5,1718.7,1741.7,1747.2,1759.35,2574629,45296.85,100681,1082596.0, 42.05,2026-04-30
BAJAJHCARE, EQ, 30-Apr-2026,324.05,323.0,328.0,319.0,321.0,321.75,322.31,71312,229.85,2284,32887.0, 46.12,2026-04-30
BAJAJHFL, EQ, 30-Apr-2026,88.01,87.99,88.48,87.0,87.15,87.18,87.46,4357834,3811.3,35784,1911909.0, 43.87,2026-04-30
BAJAJHIND, EQ, 30-Apr-2026,19.65,19.71,20.63,19.59,20.32,20.3,20.24,31563341,6389.1,31603,7744693.0, 24.54,2026-04-30
BAJAJHLDNG, EQ, 30-Apr-2026,10305.5,10355.0,10372.5,10120.5,10241.0,10267.0,10235.36,28916,2959.66,7800,11467.0, 39.66,2026-04-30
BAJAJINDEF, EQ, 30-Apr-2026,302.53,302.53,303.59,294.0,297.7,299.23,299.16,18025,53.92,894,7388.0, 40.99,2026-04-30
BAJAJST, EQ, 30-Apr-2026,458.6,460.85,467.95,450.1,455.95,453.45,455.46,4155,18.92,354,3071.0, 73.91,2026-04-30
BAJEL, EQ, 30-Apr-2026,186.86,186.86,191.84,182.57,188.3,188.32,187.34,508103,951.88,11098,169053.0, 33.27,2026-04-30
BAJFINANCE, EQ, 30-Apr-2026,930.0,945.0,975.0,933.9,939.7,937.0,951.68,27364272,260419.03,418610,10101163.0, 36.91,2026-04-30
BALAJEE, EQ, 30-Apr-2026,33.07,33.1,33.39,31.02,31.97,31.86,32.45,24528,7.96,372,16154.0, 65.86,2026-04-30
BALAJIPHOS, SM, 30-Apr-2026,110.0,110.0,110.0,106.0,106.0,106.0,108.35,12000,13.0,8,12000.0, 100.00,2026-04-30
BALAJITELE, EQ, 30-Apr-2026,98.41,100.0,102.8,97.55,97.6,98.49,99.36,149916,148.96,1357,49564.0, 33.06,2026-04-30
BALAMINES, EQ, 30-Apr-2026,1297.7,1291.85,1337.95,1275.6,1337.0,1333.65,1310.61,130731,1713.38,8729,52794.0, 40.38,2026-04-30
BALAXI, BE, 30-Apr-2026,26.68,26.68,27.0,26.01,26.65,26.63,26.57,15222,4.04,104,, -,2026-04-30
BALKRISHNA, EQ, 30-Apr-2026,18.62,18.28,18.5,18.0,18.01,18.01,18.18,4543,0.83,77,3010.0, 66.26,2026-04-30
BALKRISIND, EQ, 30-Apr-2026,2199.9,2199.9,2199.9,2136.3,2161.0,2160.8,2155.91,138178,2979.0,15750,70520.0, 51.04,2026-04-30
BALMLAWRIE, EQ, 30-Apr-2026,184.85,184.85,188.7,180.9,188.69,187.99,186.12,298703,555.93,4970,149387.0, 50.01,2026-04-30
BALPHARMA, EQ, 30-Apr-2026,76.25,76.0,77.0,75.36,76.05,76.21,76.11,2354,1.79,63,1459.0, 61.98,2026-04-30
BALRAMCHIN, EQ, 30-Apr-2026,510.2,511.5,536.4,508.7,523.0,521.05,526.49,3220832,16957.29,65366,902219.0, 28.01,2026-04-30
BALUFORGE, EQ, 30-Apr-2026,513.4,509.0,545.0,504.3,544.0,541.4,529.34,1947780,10310.33,47470,692952.0, 35.58,2026-04-30
BANARBEADS, EQ, 30-Apr-2026,111.27,112.9,115.98,111.55,114.7,112.65,113.6,2130,2.42,56,1437.0, 67.46,2026-04-30
BANARISUG, EQ, 30-Apr-2026,3639.7,3635.1,3799.2,3609.1,3711.1,3725.4,3705.87,1740,64.48,243,1048.0, 60.23,2026-04-30
BANCOINDIA, EQ, 30-Apr-2026,621.3,620.0,623.55,607.2,613.8,618.55,614.44,111091,682.59,6713,44401.0, 39.97,2026-04-30
BANDHANBNK, EQ, 30-Apr-2026,198.3,198.0,201.96,194.47,201.0,199.72,198.08,27193264,53865.18,135496,7593002.0, 27.92,2026-04-30
BANG, EQ, 30-Apr-2026,38.87,39.4,39.5,37.0,38.8,38.11,37.85,8221,3.11,128,4795.0, 58.33,2026-04-30
BANK10ADD, EQ, 30-Apr-2026,16.53,16.53,16.53,16.17,16.37,16.36,16.31,56506,9.22,189,19081.0, 33.77,2026-04-30
BANKA, BE, 30-Apr-2026,78.28,82.19,82.19,81.8,82.19,82.19,82.18,42153,34.64,78,, -,2026-04-30
BANKADD, EQ, 30-Apr-2026,56.48,55.85,56.23,55.56,56.19,55.99,55.93,39604,22.15,280,13614.0, 34.38,2026-04-30
BANKBARODA, EQ, 30-Apr-2026,268.25,265.9,266.22,260.0,264.1,263.46,262.73,12323040,32376.03,85380,6151430.0, 49.92,2026-04-30
BANKBEES, EQ, 30-Apr-2026,571.54,570.45,570.45,562.8,568.5,567.0,565.25,1095209,6190.69,17489,592641.0, 54.11,2026-04-30
BANKBETA, EQ, 30-Apr-2026,57.06,57.06,57.06,56.21,56.77,56.58,56.42,136699,77.13,793,86833.0, 63.52,2026-04-30
BANKBETF, EQ, 30-Apr-2026,56.05,56.05,56.05,55.2,55.72,55.55,55.44,32794,18.18,296,19020.0, 58.00,2026-04-30
BANKETF, EQ, 30-Apr-2026,561.63,564.4,564.4,552.43,557.92,556.8,555.93,9787,54.41,309,7978.0, 81.52,2026-04-30
BANKIETF, EQ, 30-Apr-2026,56.64,56.65,56.65,55.65,56.2,56.18,55.99,1572005,880.1,3010,1248840.0, 79.44,2026-04-30
BANKINDIA, EQ, 30-Apr-2026,143.21,142.21,142.3,138.83,139.94,139.87,140.05,10512024,14721.92,63399,4645352.0, 44.19,2026-04-30
BANKNIFTY1, EQ, 30-Apr-2026,57.14,58.47,58.47,56.32,57.15,56.86,56.66,280193,158.77,943,242712.0, 86.62,2026-04-30
BANKPSU, EQ, 30-Apr-2026,86.62,86.65,86.65,84.5,85.35,85.24,85.07,43825,37.28,337,22843.0, 52.12,2026-04-30
BANSALWIRE, EQ, 30-Apr-2026,305.66,307.18,311.0,295.01,298.9,296.46,300.69,85622,257.46,2541,30409.0, 35.52,2026-04-30
BANSWRAS, EQ, 30-Apr-2026,119.75,118.6,119.69,117.0,118.75,117.77,117.74,17754,20.9,472,10162.0, 57.24,2026-04-30
BARFLEX, SM, 30-Apr-2026,60.0,60.0,60.0,59.5,59.5,59.75,59.96,36000,21.58,17,30000.0, 83.33,2026-04-30
BASF, EQ, 30-Apr-2026,3603.1,3567.6,3667.0,3567.6,3648.0,3641.9,3638.69,19807,720.72,4912,9224.0, 46.57,2026-04-30
BASILIC, SM, 30-Apr-2026,239.7,239.0,240.0,231.0,237.0,237.0,234.56,11400,26.74,35,7200.0, 63.16,2026-04-30
BASML, EQ, 30-Apr-2026,24.54,23.5,24.89,23.5,24.51,24.6,24.29,100123,24.32,830,43189.0, 43.14,2026-04-30
BATAINDIA, EQ, 30-Apr-2026,724.55,723.95,726.15,713.85,719.6,718.45,719.52,100394,722.35,8656,49868.0, 49.67,2026-04-30
BATLIBOI, EQ, 30-Apr-2026,83.05,83.95,83.95,80.7,82.25,82.65,82.52,8853,7.31,261,5921.0, 66.88,2026-04-30
BAYERCROP, EQ, 30-Apr-2026,4683.9,4685.1,4809.0,4663.5,4798.0,4764.1,4746.44,15992,759.05,4259,8584.0, 53.68,2026-04-30
BBETF0432, EQ, 30-Apr-2026,1314.91,1315.47,1319.79,1314.92,1319.79,1319.28,1318.21,823,10.85,52,712.0, 86.51,2026-04-30
BBL, EQ, 30-Apr-2026,3145.8,3130.0,3167.7,3070.0,3122.0,3096.8,3102.69,43580,1352.15,6321,21597.0, 49.56,2026-04-30
BBNPNBETF, EQ, 30-Apr-2026,56.29,56.9,56.9,54.57,55.39,56.03,54.89,2358,1.29,43,1486.0, 63.02,2026-04-30
BBNPPGOLD, EQ, 30-Apr-2026,142.75,143.45,144.75,141.65,144.65,144.5,143.61,4070,5.84,104,2455.0, 60.32,2026-04-30
BBOX, EQ, 30-Apr-2026,618.25,615.0,648.7,615.0,642.3,639.6,635.96,1393977,8865.16,41014,397536.0, 28.52,2026-04-30
BBTC, EQ, 30-Apr-2026,1508.1,1500.0,1512.8,1480.0,1498.5,1501.1,1498.26,36814,551.57,4025,13616.0, 36.99,2026-04-30
BBTCL, EQ, 30-Apr-2026,199.81,196.0,196.2,190.9,191.02,191.29,194.36,2097,4.08,77,1067.0, 50.88,2026-04-30
BCG, BE, 30-Apr-2026,9.57,9.64,9.64,9.37,9.5,9.51,9.47,1859637,176.07,2360,, -,2026-04-30
BCLIND, EQ, 30-Apr-2026,34.68,35.11,36.86,34.5,35.94,35.69,35.94,2398501,861.93,11699,780791.0, 32.55,2026-04-30
BCONCEPTS, EQ, 30-Apr-2026,245.26,248.01,249.83,230.25,240.0,235.09,238.62,12059,28.78,804,5874.0, 48.71,2026-04-30
BCPL, EQ, 30-Apr-2026,75.09,78.98,88.9,78.5,84.95,85.37,85.22,535988,456.76,9926,147924.0, 27.60,2026-04-30
BDL, EQ, 30-Apr-2026,1394.1,1384.3,1393.3,1352.2,1372.0,1364.1,1364.37,1349217,18408.29,38330,529129.0, 39.22,2026-04-30
BEACON, SM, 30-Apr-2026,100.5,103.0,106.0,101.95,103.5,104.5,103.56,14000,14.5,14,11000.0, 78.57,2026-04-30
BEARDSELL, EQ, 30-Apr-2026,25.95,26.85,26.85,25.0,25.96,25.86,25.8,19745,5.09,369,12735.0, 64.50,2026-04-30
BECTORFOOD, EQ, 30-Apr-2026,197.51,197.55,198.0,193.33,195.7,196.21,195.77,362522,709.71,7184,157162.0, 43.35,2026-04-30
BEDMUTHA, BE, 30-Apr-2026,114.76,114.25,114.25,110.6,110.71,110.71,112.45,691,0.78,11,, -,2026-04-30
BEEKAY, EQ, 30-Apr-2026,436.35,435.1,440.5,434.2,435.0,435.25,436.71,368,1.61,45,344.0, 93.48,2026-04-30
BEL, EQ, 30-Apr-2026,437.55,436.45,436.45,424.5,431.8,431.3,429.42,15795581,67829.56,153982,8152325.0, 51.61,2026-04-30
BELLACASA, EQ, 30-Apr-2026,258.18,261.0,263.81,257.0,257.0,259.66,260.62,4450,11.6,198,3418.0, 76.81,2026-04-30
BELRISE, EQ, 30-Apr-2026,213.96,212.86,214.4,207.19,213.47,212.72,210.66,2606344,5490.63,36377,817995.0, 31.38,2026-04-30
BEML, EQ, 30-Apr-2026,1829.5,1815.1,1823.1,1770.4,1794.9,1806.1,1798.58,238482,4289.28,18023,79991.0, 33.54,2026-04-30
BENGALASM, EQ, 30-Apr-2026,6455.65,6450.05,6450.35,6156.6,6156.6,6248.45,6360.99,56,3.56,43,31.0, 55.36,2026-04-30
BEPL, EQ, 30-Apr-2026,97.58,98.1,98.73,95.44,96.0,96.13,96.44,556504,536.69,5499,261427.0, 46.98,2026-04-30
BERGEPAINT, EQ, 30-Apr-2026,463.8,458.0,474.9,455.75,471.0,473.1,468.46,251398,1177.7,12681,85292.0, 33.93,2026-04-30
BESTAGRO, EQ, 30-Apr-2026,18.21,18.7,18.7,17.5,17.88,17.96,17.88,174452,31.2,1375,109365.0, 62.69,2026-04-30
BETA, EQ, 30-Apr-2026,1305.3,1316.8,1367.6,1300.1,1320.0,1330.1,1334.14,9348,124.72,750,5925.0, 63.38,2026-04-30
BEWLTD, SM, 30-Apr-2026,85.75,85.0,85.0,80.0,84.8,84.8,83.26,9000,7.49,18,7000.0, 77.78,2026-04-30
BFINVEST, EQ, 30-Apr-2026,422.05,420.3,420.9,411.5,418.95,415.95,415.19,5946,24.69,484,2581.0, 43.41,2026-04-30
BFSI, EQ, 30-Apr-2026,26.78,26.77,26.77,26.33,26.6,26.54,26.49,300076,79.48,1088,204963.0, 68.30,2026-04-30
BFUTILITIE, EQ, 30-Apr-2026,573.9,574.0,574.0,555.0,555.0,558.9,561.35,22314,125.26,928,13454.0, 60.29,2026-04-30
BGRENERGY, BE, 30-Apr-2026,295.65,280.87,294.0,280.87,280.87,282.04,282.19,210983,595.38,1803,, -,2026-04-30
BHADORA, SM, 30-Apr-2026,71.5,68.05,70.0,66.0,67.0,67.65,68.19,39600,27.0,30,31200.0, 78.79,2026-04-30
BHAGCHEM, EQ, 30-Apr-2026,268.22,268.73,279.0,259.51,262.2,264.91,265.6,96380,255.99,1306,34135.0, 35.42,2026-04-30
BHAGERIA, EQ, 30-Apr-2026,174.62,172.01,176.0,170.01,172.5,173.32,172.96,22275,38.53,446,14295.0, 64.18,2026-04-30
BHAGYANGR, BE, 30-Apr-2026,270.52,266.9,284.0,257.0,269.5,269.4,269.03,447097,1202.82,3187,, -,2026-04-30
BHANDARI, EQ, 30-Apr-2026,3.2,3.2,3.27,3.12,3.16,3.14,3.17,462589,14.68,474,291885.0, 63.10,2026-04-30
BHARATCOAL, EQ, 30-Apr-2026,33.65,33.65,33.83,32.9,33.43,33.35,33.3,7202977,2398.77,18898,2529871.0, 35.12,2026-04-30
BHARATFORG, EQ, 30-Apr-2026,1907.8,1904.1,1906.5,1846.7,1890.0,1881.6,1874.8,2076179,38924.16,76066,1155828.0, 55.67,2026-04-30
BHARATGEAR, EQ, 30-Apr-2026,108.29,108.33,110.0,106.05,106.95,107.24,107.33,16811,18.04,403,11686.0, 69.51,2026-04-30
BHARATRAS, EQ, 30-Apr-2026,1381.0,1371.1,1404.0,1355.4,1388.0,1384.7,1379.74,13502,186.29,2118,7003.0, 51.87,2026-04-30
BHARATSE, EQ, 30-Apr-2026,179.95,179.1,188.54,174.9,188.0,187.25,184.4,399955,737.52,5101,138628.0, 34.66,2026-04-30
BHARATWIRE, EQ, 30-Apr-2026,221.52,222.03,223.99,217.29,220.1,222.03,220.57,254169,560.62,3948,69778.0, 27.45,2026-04-30
BHARTIARTL, EQ, 30-Apr-2026,1888.1,1860.0,1906.0,1860.0,1891.0,1886.8,1883.45,12709188,239371.5,220364,7149659.0, 56.26,2026-04-30
BHARTIHEXA, EQ, 30-Apr-2026,1527.1,1525.1,1525.4,1489.8,1517.0,1517.4,1507.52,281211,4239.31,23587,185457.0, 65.95,2026-04-30
BHEL, EQ, 30-Apr-2026,344.5,344.4,354.9,342.04,352.4,352.41,348.77,17432476,60798.56,178667,7259012.0, 41.64,2026-04-30
BI, EQ, 30-Apr-2026,60.75,60.75,61.7,59.5,60.5,59.75,60.16,2994,1.8,92,2450.0, 81.83,2026-04-30
BIGBLOC, EQ, 30-Apr-2026,48.5,49.3,49.3,47.44,48.04,48.35,48.28,35839,17.3,521,16480.0, 45.98,2026-04-30
BIKAJI, EQ, 30-Apr-2026,690.85,690.85,690.85,670.65,675.0,676.65,677.21,89490,606.04,8001,27376.0, 30.59,2026-04-30
BIKEWO, SM, 30-Apr-2026,23.8,24.5,24.65,24.5,24.65,24.65,24.6,10000,2.46,5,8000.0, 80.00,2026-04-30
BIL, EQ, 30-Apr-2026,776.85,779.05,781.9,762.0,769.95,766.4,767.27,2246,17.23,230,1628.0, 72.48,2026-04-30
BIMETAL, EQ, 30-Apr-2026,603.55,602.95,603.0,578.0,603.0,598.0,602.55,56,0.34,7,52.0, 92.86,2026-04-30
BIOCON, EQ, 30-Apr-2026,362.25,360.5,361.65,354.25,358.65,359.65,358.97,1996623,7167.2,29617,898382.0, 45.00,2026-04-30
BIOFILCHEM, EQ, 30-Apr-2026,33.66,34.1,34.34,33.61,33.99,34.05,34.06,4626,1.58,124,3531.0, 76.33,2026-04-30
BIOPOL, SM, 30-Apr-2026,115.8,113.0,118.9,110.4,116.1,116.95,115.4,103200,119.1,71,46800.0, 45.35,2026-04-30
BIRET, RR, 30-Apr-2026,324.24,326.0,326.8,324.51,325.74,325.92,326.0,388658,1267.03,16087,354090.0, 91.11,2026-04-30
BIRLACABLE, BE, 30-Apr-2026,156.89,161.0,161.0,152.0,155.64,155.67,156.22,28237,44.11,418,, -,2026-04-30
BIRLACORPN, EQ, 30-Apr-2026,919.5,917.55,933.55,904.65,918.0,909.5,914.23,83316,761.7,7451,40817.0, 48.99,2026-04-30
BIRLAMONEY, EQ, 30-Apr-2026,146.52,145.55,147.5,140.14,147.0,146.3,144.34,45312,65.4,839,21984.0, 48.52,2026-04-30
BIRLANU, EQ, 30-Apr-2026,1394.2,1400.3,1400.3,1354.2,1356.1,1362.6,1369.98,4953,67.86,606,2987.0, 60.31,2026-04-30
BIRLAPREC, EQ, 30-Apr-2026,34.55,34.6,34.95,33.65,34.0,33.85,33.95,9996,3.39,171,8522.0, 85.25,2026-04-30
BLACKBUCK, EQ, 30-Apr-2026,551.1,549.5,551.6,531.15,548.0,548.05,542.15,794432,4307.0,24254,278960.0, 35.11,2026-04-30
BLACKROSE, EQ, 30-Apr-2026,86.35,85.95,86.6,84.0,85.45,84.75,84.83,3001,2.55,179,2451.0, 81.67,2026-04-30
BLAL, EQ, 30-Apr-2026,190.5,194.0,194.0,189.0,191.17,191.1,190.81,9395,17.93,241,5994.0, 63.80,2026-04-30
BLBLIMITED, BE, 30-Apr-2026,17.48,17.26,17.6,17.0,17.0,17.1,17.13,46254,7.92,110,, -,2026-04-30
BLIL, EQ, 30-Apr-2026,73.4,73.05,73.9,72.75,72.8,73.25,73.23,59987,43.93,696,48446.0, 80.76,2026-04-30
BLISSGVS, EQ, 30-Apr-2026,267.35,265.25,278.8,265.0,276.5,276.76,273.19,1800820,4919.71,14069,775840.0, 43.08,2026-04-30
BLKASHYAP, EQ, 30-Apr-2026,53.38,53.0,58.78,52.41,57.16,57.26,57.0,4114783,2345.45,13452,1162491.0, 28.25,2026-04-30
BLS, EQ, 30-Apr-2026,279.15,281.15,281.15,273.02,277.5,278.31,277.2,744015,2062.44,15812,285695.0, 38.40,2026-04-30
BLSE, EQ, 30-Apr-2026,184.21,184.7,200.98,183.28,197.0,197.57,195.83,1092269,2138.96,12949,245310.0, 22.46,2026-04-30
BLUECHIP, BE, 30-Apr-2026,1.95,1.92,1.92,1.92,1.92,1.92,1.92,5830,0.11,10,, -,2026-04-30
BLUECOAST, BE, 30-Apr-2026,30.2,28.71,31.2,28.69,31.09,31.09,29.51,1707,0.5,33,, -,2026-04-30
BLUEDART, EQ, 30-Apr-2026,5475.3,5430.0,5480.0,5413.2,5454.2,5465.7,5454.66,6426,350.52,2107,3580.0, 55.71,2026-04-30
BLUEJET, EQ, 30-Apr-2026,445.85,447.0,452.65,438.3,443.4,444.55,445.81,298267,1329.7,7698,133257.0, 44.68,2026-04-30
BLUEPEBBLE, ST, 30-Apr-2026,118.0,122.5,123.9,120.0,123.5,123.5,122.92,26000,31.96,16,25600.0, 98.46,2026-04-30
BLUESTARCO, EQ, 30-Apr-2026,1837.3,1843.1,1845.0,1757.6,1781.0,1781.0,1784.74,575535,10271.79,34166,210590.0, 36.59,2026-04-30
BLUESTONE, EQ, 30-Apr-2026,511.5,512.5,517.0,502.5,504.3,504.25,507.78,195216,991.27,12054,67351.0, 34.50,2026-04-30
BLUEWATER, ST, 30-Apr-2026,265.2,265.2,268.0,251.95,263.45,256.2,257.49,51000,131.32,40,50000.0, 98.04,2026-04-30
BLUSPRING, EQ, 30-Apr-2026,62.65,63.18,65.2,61.42,65.0,64.57,63.32,141117,89.35,2522,81133.0, 57.49,2026-04-30
BMETRICS, SM, 30-Apr-2026,41.2,40.75,40.75,40.7,40.7,40.7,40.73,1600,0.65,2,1600.0, 100.00,2026-04-30
BMWVENTLTD, EQ, 30-Apr-2026,65.08,64.3,65.0,63.87,63.95,64.0,64.19,42935,27.56,521,21119.0, 49.19,2026-04-30
BNAGROCHEM, EQ, 30-Apr-2026,240.55,241.8,246.95,233.0,246.95,240.1,239.61,1231,2.95,43,246.0, 19.98,2026-04-30
BNALTD, EQ, 30-Apr-2026,421.0,422.05,422.05,390.2,400.0,399.85,400.39,717,2.87,63,553.0, 77.13,2026-04-30
BODALCHEM, EQ, 30-Apr-2026,67.03,66.54,68.55,66.0,67.12,68.06,67.36,134769,90.77,903,69456.0, 51.54,2026-04-30
BOHRAIND, BE, 30-Apr-2026,18.93,18.93,19.3,18.56,19.3,19.3,19.21,12766,2.45,9,, -,2026-04-30
BOMDYEING, EQ, 30-Apr-2026,114.46,113.32,113.7,111.51,113.01,113.06,112.76,380858,429.46,3954,125559.0, 32.97,2026-04-30
BONLON, EQ, 30-Apr-2026,50.9,52.59,52.59,49.26,51.3,51.02,50.72,14764,7.49,269,8149.0, 55.20,2026-04-30
BORANA, BE, 30-Apr-2026,354.1,363.95,370.0,343.0,346.0,347.25,351.39,83676,294.03,514,, -,2026-04-30
BOROLTD, EQ, 30-Apr-2026,250.66,247.32,250.99,245.05,245.05,247.15,247.93,35635,88.35,2937,18603.0, 52.20,2026-04-30
BORORENEW, EQ, 30-Apr-2026,505.35,501.0,505.5,495.8,503.0,501.5,501.11,308606,1546.44,10744,133285.0, 43.19,2026-04-30
BOROSCI, EQ, 30-Apr-2026,113.7,113.9,115.23,112.14,115.1,114.86,114.06,22694,25.88,509,11702.0, 51.56,2026-04-30
BOSCH-HCIL, EQ, 30-Apr-2026,1429.0,1406.0,1419.4,1375.0,1389.0,1390.6,1393.99,10949,152.63,996,5605.0, 51.19,2026-04-30
BOSCHLTD, EQ, 30-Apr-2026,36345.0,36500.0,36500.0,35675.0,36145.0,35995.0,35978.86,32877,11828.77,14059,14947.0, 45.46,2026-04-30
BPCL, EQ, 30-Apr-2026,303.9,300.05,302.35,295.55,301.7,300.45,299.33,13025294,38988.63,78391,7287097.0, 55.95,2026-04-30
BPL, EQ, 30-Apr-2026,57.24,55.63,57.97,55.22,55.61,55.88,56.03,73311,41.08,943,39424.0, 53.78,2026-04-30
BRACEPORT, SM, 30-Apr-2026,52.05,52.0,52.0,52.0,52.0,52.0,52.0,1600,0.83,1,1600.0, 100.00,2026-04-30
BRANDMAN, ST, 30-Apr-2026,195.0,195.0,202.0,187.0,187.5,187.5,194.43,24000,46.66,28,21600.0, 90.00,2026-04-30
BRIGADE, EQ, 30-Apr-2026,797.5,802.2,807.5,782.0,786.3,790.0,793.08,222163,1761.94,15515,81284.0, 36.59,2026-04-30
BRIGHOTEL, EQ, 30-Apr-2026,67.96,68.73,68.73,66.21,66.82,67.25,67.45,152071,102.57,2994,70378.0, 46.28,2026-04-30
BRITANNIA, EQ, 30-Apr-2026,5709.0,5720.0,5752.0,5644.0,5729.0,5726.0,5704.54,269033,15347.09,35545,136455.0, 50.72,2026-04-30
BRNL, EQ, 30-Apr-2026,21.29,20.97,21.48,20.45,20.98,20.77,20.81,20674,4.3,356,12823.0, 62.02,2026-04-30
BROOKS, BE, 30-Apr-2026,58.86,58.86,58.86,55.92,56.16,55.98,56.38,48992,27.62,322,, -,2026-04-30
BSE, EQ, 30-Apr-2026,3635.7,3602.7,3663.0,3568.0,3635.0,3640.5,3616.75,2381291,86125.25,114210,677449.0, 28.45,2026-04-30
BSE500IETF, EQ, 30-Apr-2026,38.61,38.43,38.44,38.02,38.4,38.35,38.15,368595,140.6,1536,337210.0, 91.49,2026-04-30
BSHSL, EQ, 30-Apr-2026,98.41,98.99,100.0,98.0,98.0,98.45,98.77,8903,8.79,209,5528.0, 62.09,2026-04-30
BSL, EQ, 30-Apr-2026,127.11,126.05,127.05,124.0,124.71,124.6,124.88,2666,3.33,111,2005.0, 75.21,2026-04-30
BSLGOLDETF, EQ, 30-Apr-2026,129.26,130.85,131.21,129.17,130.67,131.0,130.4,230915,301.12,3267,127586.0, 55.25,2026-04-30
BSLNIFTY, EQ, 30-Apr-2026,28.1,28.52,28.52,27.3,28.05,28.04,27.89,1341695,374.16,4416,1189100.0, 88.63,2026-04-30
BSLSENETFG, EQ, 30-Apr-2026,77.64,77.63,78.68,76.5,76.97,77.22,76.82,4572,3.51,156,4180.0, 91.43,2026-04-30
BSOFT, EQ, 30-Apr-2026,369.4,368.5,370.5,364.3,369.0,369.45,368.52,365634,1347.43,15133,143012.0, 39.11,2026-04-30
BTML, EQ, 30-Apr-2026,6.44,6.45,6.49,6.4,6.48,6.46,6.44,39019,2.51,132,23948.0, 61.38,2026-04-30
BTTL, EQ, 30-Apr-2026,33.3,33.8,33.95,32.55,33.75,33.8,33.64,2305,0.78,56,1986.0, 86.16,2026-04-30
BUILDPRO, EQ, 30-Apr-2026,1092.6,1090.05,1130.9,1076.05,1113.95,1107.05,1105.93,29838,329.99,3034,12689.0, 42.53,2026-04-30
BULKCORP, SM, 30-Apr-2026,46.0,46.0,46.0,46.0,46.0,46.0,46.0,1200,0.55,1,1200.0, 100.00,2026-04-30
BUTTERFLY, EQ, 30-Apr-2026,600.1,605.5,605.5,593.6,596.0,598.65,598.18,8818,52.75,680,3829.0, 43.42,2026-04-30
BVCL, EQ, 30-Apr-2026,45.04,44.98,46.64,44.6,45.85,45.48,45.23,16803,7.6,396,9749.0, 58.02,2026-04-30
BYKE, BE, 30-Apr-2026,37.91,38.14,38.14,36.36,36.83,36.71,36.61,80351,29.42,195,, -,2026-04-30
C2C, SM, 30-Apr-2026,467.85,456.15,473.45,452.0,454.15,455.65,456.66,76800,350.72,398,50400.0, 65.63,2026-04-30
CADSYS, ST, 30-Apr-2026,64.2,67.3,67.3,63.1,66.1,64.6,65.64,3500,2.3,7,3000.0, 85.71,2026-04-30
CALSOFT, EQ, 30-Apr-2026,11.96,14.35,14.35,14.35,14.35,14.35,14.35,364970,52.37,205,344960.0, 94.52,2026-04-30
CAMLINFINE, EQ, 30-Apr-2026,122.86,122.0,128.46,118.9,127.35,126.94,124.5,2293815,2855.86,20026,740321.0, 32.27,2026-04-30
CAMPUS, EQ, 30-Apr-2026,254.11,251.8,251.92,246.5,249.9,248.16,248.3,109404,271.66,3362,56408.0, 51.56,2026-04-30
CAMS, EQ, 30-Apr-2026,760.6,756.0,761.75,725.0,740.0,738.6,738.68,2717763,20075.52,68645,1037215.0, 38.16,2026-04-30
CANARYS, SM, 30-Apr-2026,18.9,18.95,18.95,18.7,18.8,18.8,18.86,40000,7.54,8,36000.0, 90.00,2026-04-30
CANBK, EQ, 30-Apr-2026,137.06,136.71,136.71,133.46,134.7,134.65,134.33,20009501,26878.25,87601,8396197.0, 41.96,2026-04-30
CANFINHOME, EQ, 30-Apr-2026,871.75,874.0,874.0,850.1,871.0,865.25,862.55,149292,1287.72,10811,72009.0, 48.23,2026-04-30
CANHLIFE, EQ, 30-Apr-2026,146.17,145.2,145.5,140.15,140.82,141.3,142.85,1090077,1557.18,27619,430561.0, 39.50,2026-04-30
CANTABIL, EQ, 30-Apr-2026,247.44,247.0,247.06,240.33,241.12,241.86,242.91,59139,143.66,1150,40174.0, 67.93,2026-04-30
CAPACITE, EQ, 30-Apr-2026,252.04,253.0,254.4,244.0,252.5,252.41,249.23,217311,541.61,6687,77084.0, 35.47,2026-04-30
CAPILLARY, EQ, 30-Apr-2026,560.7,559.4,564.3,550.05,551.5,551.4,555.58,25757,143.1,1232,13516.0, 52.48,2026-04-30
CAPINVIT, IV, 30-Apr-2026,69.99,69.99,70.03,69.91,70.0,69.99,69.99,62946,44.06,1058,60277.0, 95.76,2026-04-30
CAPITALSFB, EQ, 30-Apr-2026,271.59,280.0,280.99,272.42,280.0,279.56,278.1,157996,439.39,2714,81268.0, 51.44,2026-04-30
CAPLIPOINT, EQ, 30-Apr-2026,1727.6,1720.1,1725.0,1678.4,1705.0,1709.0,1700.83,56199,955.85,7197,31597.0, 56.22,2026-04-30
CAPTRUST, BE, 30-Apr-2026,13.55,13.49,13.49,13.39,13.39,13.39,13.43,3214,0.43,11,, -,2026-04-30
CARBORUNIV, EQ, 30-Apr-2026,976.1,980.0,980.95,939.95,958.0,951.75,951.35,221374,2106.05,14025,129289.0, 58.40,2026-04-30
CARERATING, EQ, 30-Apr-2026,1689.4,1689.3,1725.9,1652.6,1664.0,1670.4,1687.57,80977,1366.54,11767,35357.0, 43.66,2026-04-30
CARRARO, EQ, 30-Apr-2026,556.6,560.0,571.0,547.1,555.65,560.05,560.99,90361,506.91,4549,33710.0, 37.31,2026-04-30
CARTRADE, EQ, 30-Apr-2026,1645.5,1653.4,1674.5,1600.0,1624.0,1623.4,1630.17,308664,5031.76,27753,146944.0, 47.61,2026-04-30
CARYSIL, EQ, 30-Apr-2026,894.75,901.6,905.75,873.4,896.0,902.9,890.43,74571,664.0,4625,30189.0, 40.48,2026-04-30
CASHIETF, EQ, 30-Apr-2026,1059.77,1060.36,1060.38,1060.36,1060.38,1060.37,1060.38,302716,3209.94,59,294620.0, 97.33,2026-04-30
CASTROLIND, EQ, 30-Apr-2026,184.64,184.0,185.39,182.85,185.32,184.82,183.81,1555390,2858.97,14640,1047930.0, 67.37,2026-04-30
CCAVENUE, EQ, 30-Apr-2026,13.91,13.91,13.92,13.62,13.82,13.74,13.78,10416986,1434.96,14910,5816965.0, 55.84,2026-04-30
CCCL, EQ, 30-Apr-2026,15.81,16.0,16.61,15.8,16.2,16.44,16.25,374665,60.88,965,186266.0, 49.72,2026-04-30
CCHHL, EQ, 30-Apr-2026,13.82,13.99,14.34,13.93,14.09,14.08,14.08,21037,2.96,82,19039.0, 90.50,2026-04-30
CCL, EQ, 30-Apr-2026,1125.1,1125.1,1150.0,1116.2,1130.0,1135.1,1137.96,222681,2534.01,16479,102207.0, 45.90,2026-04-30
CDSL, EQ, 30-Apr-2026,1306.4,1298.0,1298.7,1268.5,1273.8,1272.0,1278.65,2429730,31067.63,82663,1012214.0, 41.66,2026-04-30
CEATLTD, EQ, 30-Apr-2026,3625.1,3531.9,3603.5,3432.1,3450.0,3445.2,3487.83,432361,15080.03,45760,183034.0, 42.33,2026-04-30
CEDAAR, SM, 30-Apr-2026,30.7,29.3,31.8,29.3,31.8,31.8,30.13,3000,0.9,3,3000.0, 100.00,2026-04-30
CEIGALL, EQ, 30-Apr-2026,338.15,336.0,341.4,332.6,334.1,338.6,337.15,239047,805.94,6971,118264.0, 49.47,2026-04-30
CEINSYS, EQ, 30-Apr-2026,1095.2,1090.0,1120.0,1066.0,1068.45,1073.55,1084.13,31363,340.01,2943,14981.0, 47.77,2026-04-30
CELEBRITY, EQ, 30-Apr-2026,8.28,8.37,8.37,7.81,8.05,8.03,7.94,28537,2.27,159,23512.0, 82.39,2026-04-30
CELLECOR, SM, 30-Apr-2026,36.4,35.75,36.5,35.2,36.5,36.4,36.05,312000,112.49,70,228000.0, 73.08,2026-04-30
CELLO, EQ, 30-Apr-2026,419.85,418.2,421.2,415.05,419.6,417.5,417.17,88415,368.85,4853,43263.0, 48.93,2026-04-30
CEMPRO, EQ, 30-Apr-2026,679.4,738.0,815.25,722.0,815.25,815.25,785.28,19766290,155221.59,293566,2351410.0, 11.90,2026-04-30
CENTENKA, EQ, 30-Apr-2026,422.1,422.0,423.8,419.5,420.1,421.1,420.97,10878,45.79,251,7495.0, 68.90,2026-04-30
CENTEXT, EQ, 30-Apr-2026,22.08,22.07,22.07,21.45,21.79,21.72,21.68,73727,15.98,528,47605.0, 64.57,2026-04-30
CENTRALBK, EQ, 30-Apr-2026,36.24,36.24,36.55,35.8,36.43,36.42,36.23,5251531,1902.51,14473,1740128.0, 33.14,2026-04-30
CENTRUM, EQ, 30-Apr-2026,24.86,25.2,25.2,23.25,24.55,24.13,24.18,254910,61.64,1394,152261.0, 59.73,2026-04-30
CENTUM, EQ, 30-Apr-2026,2887.5,2902.0,2921.9,2830.0,2835.0,2847.9,2855.91,28547,815.28,3862,12629.0, 44.24,2026-04-30
CENTURYPLY, EQ, 30-Apr-2026,823.05,820.05,820.05,791.35,800.0,797.65,802.12,38093,305.55,4926,17681.0, 46.42,2026-04-30
CERA, EQ, 30-Apr-2026,5317.2,5317.0,5317.0,5225.5,5230.0,5252.6,5267.26,4029,212.22,1712,1865.0, 46.29,2026-04-30
CEREBRAINT, BZ, 30-Apr-2026,4.3,4.51,4.51,4.16,4.2,4.18,4.23,215226,9.1,153,, -,2026-04-30
CESC, EQ, 30-Apr-2026,186.78,183.87,188.5,182.55,188.0,187.53,185.8,2371203,4405.76,32506,896111.0, 37.79,2026-04-30
CEWATER, EQ, 30-Apr-2026,331.05,331.05,331.05,307.0,308.8,308.65,314.07,87035,273.35,3325,44448.0, 51.07,2026-04-30
CGCL, EQ, 30-Apr-2026,183.69,184.57,188.5,181.88,186.35,186.18,184.48,2555327,4714.15,20229,595551.0, 23.31,2026-04-30
CGPOWER, EQ, 30-Apr-2026,825.6,824.75,824.75,803.9,813.9,813.35,813.86,3248937,26441.77,80586,1835943.0, 56.51,2026-04-30
CGRAPHICS, SM, 30-Apr-2026,168.0,164.6,169.9,163.6,167.0,167.0,167.01,28000,46.76,28,14400.0, 51.43,2026-04-30
CHALET, EQ, 30-Apr-2026,771.4,771.4,774.7,754.3,755.7,757.7,761.14,78706,599.06,11182,41079.0, 52.19,2026-04-30
CHAMBLFERT, EQ, 30-Apr-2026,450.55,452.0,455.0,436.15,437.05,438.05,441.86,871474,3850.66,24219,461198.0, 52.92,2026-04-30
CHAMUNDA, SM, 30-Apr-2026,49.5,48.2,51.4,45.05,45.25,45.25,47.22,18000,8.5,6,15000.0, 83.33,2026-04-30
CHANDAN, SM, 30-Apr-2026,255.45,249.25,254.95,249.25,251.8,251.65,252.17,16800,42.36,21,12000.0, 71.43,2026-04-30
CHAVDA, SM, 30-Apr-2026,105.4,106.25,106.25,103.7,103.7,103.7,104.04,10000,10.4,9,9000.0, 90.00,2026-04-30
CHEMBOND, EQ, 30-Apr-2026,150.92,150.92,154.99,148.0,154.95,152.36,150.92,4131,6.23,249,2779.0, 67.27,2026-04-30
CHEMBONDCH, EQ, 30-Apr-2026,151.83,150.26,155.69,149.99,151.92,152.09,152.02,6857,10.42,413,3449.0, 50.30,2026-04-30
CHEMCON, EQ, 30-Apr-2026,158.97,157.01,161.79,157.0,161.6,160.83,159.33,17687,28.18,867,8082.0, 45.69,2026-04-30
CHEMFAB, EQ, 30-Apr-2026,407.7,400.2,410.15,394.6,407.2,408.7,403.73,9099,36.74,980,3247.0, 35.69,2026-04-30
CHEMICAL, EQ, 30-Apr-2026,28.5,29.0,29.0,28.14,28.5,28.45,28.38,211676,60.08,687,147248.0, 69.56,2026-04-30
CHEMPLASTS, EQ, 30-Apr-2026,236.35,236.35,239.3,227.65,229.05,228.6,230.52,196328,452.58,3849,116208.0, 59.19,2026-04-30
CHENNPETRO, EQ, 30-Apr-2026,1139.5,1135.0,1159.7,1106.5,1123.05,1128.35,1129.52,4237666,47865.25,93296,1153035.0, 27.21,2026-04-30
CHETANA, SM, 30-Apr-2026,40.0,38.0,40.0,38.0,39.0,39.0,39.38,12800,5.04,7,8000.0, 62.50,2026-04-30
CHEVIOT, EQ, 30-Apr-2026,1142.2,1110.0,1180.05,1110.0,1162.0,1172.7,1154.95,5984,69.11,786,4072.0, 68.05,2026-04-30
CHOICEGOLD, EQ, 30-Apr-2026,145.99,145.91,148.32,145.74,147.6,147.75,146.97,11433,16.8,231,6244.0, 54.61,2026-04-30
CHOICEIN, EQ, 30-Apr-2026,662.85,659.0,669.0,650.05,664.0,663.45,658.99,926010,6102.33,15061,339447.0, 36.66,2026-04-30
CHOLAFIN, EQ, 30-Apr-2026,1553.3,1521.8,1592.2,1472.3,1570.5,1562.9,1536.18,7213356,110809.99,171192,3566612.0, 49.44,2026-04-30
CHOLAHLDNG, EQ, 30-Apr-2026,1548.5,1540.0,1574.0,1519.9,1546.1,1556.1,1553.05,125843,1954.4,16814,54098.0, 42.99,2026-04-30
CIEINDIA, EQ, 30-Apr-2026,475.3,472.75,475.35,465.1,474.0,473.75,471.14,243294,1146.25,15121,140892.0, 57.91,2026-04-30
CIFL, EQ, 30-Apr-2026,27.73,27.52,29.2,27.4,28.75,28.18,27.88,280338,78.17,1486,108230.0, 38.61,2026-04-30
CIGNITITEC, EQ, 30-Apr-2026,1189.9,1184.1,1190.4,1161.2,1184.5,1182.2,1181.93,25947,306.68,1497,13826.0, 53.29,2026-04-30
CINELINE, EQ, 30-Apr-2026,87.13,86.7,88.3,85.3,87.0,86.18,86.36,6533,5.64,190,3851.0, 58.95,2026-04-30
CINEVISTA, EQ, 30-Apr-2026,15.86,15.51,16.24,15.51,15.57,15.57,15.65,8637,1.35,57,5090.0, 58.93,2026-04-30
CIPLA, EQ, 30-Apr-2026,1317.6,1317.9,1329.8,1305.0,1305.0,1309.6,1314.59,1370336,18014.27,45993,808689.0, 59.01,2026-04-30
CITIUSINVT, IV, 30-Apr-2026,106.23,106.25,107.7,104.99,105.28,105.04,105.34,2123492,2236.82,5328,2025262.0, 95.37,2026-04-30
CKKRETAIL, ST, 30-Apr-2026,128.9,124.25,129.0,123.05,124.5,124.85,124.45,24800,30.86,26,21600.0, 87.10,2026-04-30
CLASSICEIL, SM, 30-Apr-2026,52.6,52.25,53.8,52.25,53.8,53.8,53.03,3200,1.7,2,3200.0, 100.00,2026-04-30
CLEAN, EQ, 30-Apr-2026,822.25,826.0,838.95,803.8,820.9,819.05,821.62,419529,3446.92,25900,131913.0, 31.44,2026-04-30
CLEANMAX, EQ, 30-Apr-2026,1090.0,1095.0,1150.0,1080.1,1140.0,1142.15,1125.83,419910,4727.49,37507,223100.0, 53.13,2026-04-30
CLEDUCATE, BE, 30-Apr-2026,46.87,46.88,47.45,46.0,46.0,46.53,46.66,27026,12.61,136,, -,2026-04-30
CLSEL, EQ, 30-Apr-2026,283.58,282.7,283.7,278.0,280.0,281.32,280.43,43125,120.93,1109,21483.0, 49.82,2026-04-30
CLSL, SM, 30-Apr-2026,43.5,43.2,43.5,43.2,43.5,43.5,43.34,8000,3.47,4,8000.0, 100.00,2026-04-30
CMNL, SM, 30-Apr-2026,131.6,131.45,131.45,124.0,130.3,130.6,129.93,14250,18.52,15,13500.0, 94.74,2026-04-30
CMPDI, EQ, 30-Apr-2026,185.36,183.0,186.72,179.5,181.5,181.55,182.32,2750990,5015.69,34313,1167013.0, 42.42,2026-04-30
CMSINFO, EQ, 30-Apr-2026,292.55,292.95,293.55,287.25,289.55,290.35,290.1,233067,676.14,9842,127170.0, 54.56,2026-04-30
CNL, EQ, 30-Apr-2026,595.8,594.95,618.0,591.0,615.0,615.6,603.02,13973,84.26,477,11282.0, 80.74,2026-04-30
COALINDIA, EQ, 30-Apr-2026,479.9,484.45,491.25,478.4,481.6,481.45,483.92,16935052,81952.31,137332,6842129.0, 40.40,2026-04-30
COASTCORP, EQ, 30-Apr-2026,55.99,56.27,57.69,55.25,57.66,57.19,56.62,104720,59.29,1218,53814.0, 51.39,2026-04-30
COCHINSHIP, EQ, 30-Apr-2026,1773.8,1773.8,1776.9,1710.6,1740.0,1733.4,1740.23,1943753,33825.8,63289,470428.0, 24.20,2026-04-30
COCKERILL, EQ, 30-Apr-2026,5174.4,5205.0,5205.95,5100.0,5100.55,5115.5,5140.24,1649,84.76,271,1236.0, 74.95,2026-04-30
COFFEEDAY, EQ, 30-Apr-2026,26.66,26.15,27.49,26.15,26.5,26.4,26.47,841541,222.72,2349,374652.0, 44.52,2026-04-30
COFORGE, EQ, 30-Apr-2026,1204.0,1202.0,1207.7,1178.1,1197.1,1195.9,1196.36,1424354,17040.45,55058,568626.0, 39.92,2026-04-30
COHANCE, EQ, 30-Apr-2026,467.55,469.7,498.8,442.6,480.7,483.25,479.05,12487304,59820.2,200496,1331784.0, 10.67,2026-04-30
COLPAL, EQ, 30-Apr-2026,2132.5,2115.2,2140.2,2090.0,2100.0,2096.2,2106.07,366494,7718.61,23767,153432.0, 41.86,2026-04-30
COMFINTE, EQ, 30-Apr-2026,7.2,7.15,7.35,6.95,7.25,7.3,7.1,161612,11.48,1548,116621.0, 72.16,2026-04-30
COMMITTED, SM, 30-Apr-2026,269.0,269.0,288.5,265.0,288.5,282.0,278.05,46400,129.02,46,32000.0, 68.97,2026-04-30
COMMOIETF, EQ, 30-Apr-2026,105.26,105.53,107.03,102.45,106.0,104.42,104.6,178111,186.3,1157,103052.0, 57.86,2026-04-30
COMPINFO, BZ, 30-Apr-2026,1.37,1.35,1.35,1.31,1.35,1.35,1.33,15326,0.2,25,, -,2026-04-30
COMPUSOFT, EQ, 30-Apr-2026,13.91,13.91,14.3,13.85,14.2,14.07,14.05,33364,4.69,108,26760.0, 80.21,2026-04-30
COMSYN, EQ, 30-Apr-2026,154.0,154.0,155.0,153.0,153.0,154.61,154.47,50124,77.42,181,11911.0, 23.76,2026-04-30
CONCOR, EQ, 30-Apr-2026,514.6,510.6,512.05,506.0,508.15,508.85,509.41,1678788,8551.97,52297,918406.0, 54.71,2026-04-30
CONCORDBIO, EQ, 30-Apr-2026,1134.5,1140.0,1154.2,1119.5,1138.5,1142.0,1139.58,298796,3405.01,20727,108359.0, 36.27,2026-04-30
CONFIPET, EQ, 30-Apr-2026,56.76,56.76,57.6,53.9,54.01,54.65,55.67,1833659,1020.89,7778,700330.0, 38.19,2026-04-30
CONNPLEX, SM, 30-Apr-2026,270.0,260.0,273.7,260.0,266.0,265.85,267.03,21600,57.68,26,9600.0, 44.44,2026-04-30
CONS, EQ, 30-Apr-2026,11.79,11.98,11.98,11.57,11.75,11.73,11.67,31234,3.64,154,21293.0, 68.17,2026-04-30
CONSOFINVT, BE, 30-Apr-2026,226.96,226.95,226.96,225.0,225.0,225.0,225.48,2686,6.06,47,, -,2026-04-30
CONSUMBEES, EQ, 30-Apr-2026,127.72,126.41,127.21,125.26,126.9,126.84,126.17,63172,79.71,1478,35857.0, 56.76,2026-04-30
CONSUMER, EQ, 30-Apr-2026,11.07,11.19,11.19,10.8,10.96,10.94,10.88,252563,27.49,677,216662.0, 85.79,2026-04-30
CONSUMIETF, EQ, 30-Apr-2026,117.95,117.42,141.27,94.65,118.0,118.52,115.05,43525,50.07,496,14307.0, 32.87,2026-04-30
CONTI, SM, 30-Apr-2026,13.45,12.8,13.95,12.8,12.8,12.8,13.09,13332,1.74,4,9999.0, 75.00,2026-04-30
CONTROLPR, EQ, 30-Apr-2026,652.6,654.0,655.0,633.0,639.0,636.8,638.29,17383,110.95,1581,10567.0, 60.79,2026-04-30
COOLCAPS, SM, 30-Apr-2026,26.35,26.3,26.85,26.15,26.45,26.3,26.37,42500,11.21,27,32500.0, 76.47,2026-04-30
CORALFINAC, EQ, 30-Apr-2026,35.22,35.21,35.47,34.25,34.7,34.27,34.56,6809,2.35,134,5624.0, 82.60,2026-04-30
CORDSCABLE, EQ, 30-Apr-2026,180.64,178.0,183.44,176.04,179.0,179.54,178.76,19152,34.24,690,9453.0, 49.36,2026-04-30
COROMANDEL, EQ, 30-Apr-2026,2007.9,2004.0,2007.9,1955.7,1994.8,1981.7,1981.38,385687,7641.93,42098,242613.0, 62.90,2026-04-30
CORONA, EQ, 30-Apr-2026,1690.2,1700.0,1742.5,1676.0,1730.0,1726.6,1716.85,27496,472.06,4803,10943.0, 39.80,2026-04-30
COSMOFIRST, EQ, 30-Apr-2026,712.55,708.0,716.55,696.55,715.0,713.75,705.82,46545,328.52,2279,22717.0, 48.81,2026-04-30
COUNCODOS, EQ, 30-Apr-2026,5.18,5.18,5.35,5.09,5.18,5.1,5.15,49056,2.53,246,33866.0, 69.04,2026-04-30
CPCAP, EQ, 30-Apr-2026,97.29,99.8,99.8,91.25,94.5,94.83,93.97,52106,48.96,827,33359.0, 64.02,2026-04-30
CPEDU, EQ, 30-Apr-2026,213.34,216.0,220.0,210.71,215.0,215.28,216.75,9211,19.97,375,6321.0, 68.62,2026-04-30
CPPLUS, EQ, 30-Apr-2026,2338.4,2324.1,2345.0,2281.1,2325.0,2325.6,2310.86,267571,6183.2,22540,96399.0, 36.03,2026-04-30
CPS, SM, 30-Apr-2026,980.0,980.0,980.0,980.0,980.0,980.0,980.0,150,1.47,1,150.0, 100.00,2026-04-30
CPSEETF, EQ, 30-Apr-2026,108.81,108.0,109.81,107.3,108.53,108.37,108.06,1814069,1960.24,13340,1001285.0, 55.20,2026-04-30
CRAFTSMAN, EQ, 30-Apr-2026,7750.5,7770.0,7795.0,7611.0,7667.0,7688.0,7694.01,44655,3435.76,13309,26901.0, 60.24,2026-04-30
CRAMC, EQ, 30-Apr-2026,256.9,256.9,260.28,250.12,254.2,253.24,254.2,398023,1011.78,12903,166412.0, 41.81,2026-04-30
CRAYONS, SM, 30-Apr-2026,35.0,34.0,34.0,31.9,33.0,32.35,33.02,22000,7.26,21,20000.0, 90.91,2026-04-30
CREATIVEYE, EQ, 30-Apr-2026,7.04,7.28,7.28,6.55,6.8,6.93,6.8,21184,1.44,148,17500.0, 82.61,2026-04-30
CREDITACC, EQ, 30-Apr-2026,1289.2,1295.0,1330.8,1278.1,1300.0,1300.1,1307.59,510019,6668.95,44543,256216.0, 50.24,2026-04-30
CREST, EQ, 30-Apr-2026,367.0,366.0,369.9,360.9,367.95,365.95,364.54,2576,9.39,202,1577.0, 61.22,2026-04-30
CRISIL, EQ, 30-Apr-2026,4318.0,4325.0,4343.5,4250.0,4270.0,4288.7,4293.21,54763,2351.09,7460,35078.0, 64.05,2026-04-30
CRIZAC, EQ, 30-Apr-2026,207.38,207.0,211.78,204.0,210.0,210.03,208.68,137317,286.55,4874,66414.0, 48.37,2026-04-30
CROMPTON, EQ, 30-Apr-2026,276.01,272.4,275.09,266.0,270.8,272.36,270.96,6912508,18730.04,66047,3021380.0, 43.71,2026-04-30
CROWN, EQ, 30-Apr-2026,132.16,137.8,138.59,129.01,129.93,130.13,133.53,13427,17.93,817,7133.0, 53.12,2026-04-30
CSBBANK, EQ, 30-Apr-2026,391.55,390.5,391.4,381.0,386.0,381.95,383.99,392044,1505.42,13422,180127.0, 45.95,2026-04-30
CSLFINANCE, EQ, 30-Apr-2026,227.36,229.38,229.5,223.89,226.0,226.72,226.47,9076,20.55,358,4533.0, 49.94,2026-04-30
CSSL, SM, 30-Apr-2026,105.0,105.0,105.0,104.0,104.1,104.1,104.3,4000,4.17,4,4000.0, 100.00,2026-04-30
CTE, BE, 30-Apr-2026,33.4,34.22,34.22,32.0,33.16,33.29,33.78,12905,4.36,49,, -,2026-04-30
CUB, EQ, 30-Apr-2026,277.37,277.04,277.37,268.6,270.0,270.09,272.01,1698427,4619.84,34972,834739.0, 49.15,2026-04-30
CUBEXTUB, EQ, 30-Apr-2026,100.41,100.0,100.0,95.8,98.01,98.3,97.53,118665,115.73,1770,53102.0, 44.75,2026-04-30
CUDML, SM, 30-Apr-2026,142.5,144.85,151.0,140.0,145.1,148.55,146.61,32000,46.92,28,27000.0, 84.38,2026-04-30
CUMMINSIND, EQ, 30-Apr-2026,5288.0,5279.7,5308.8,5120.0,5269.8,5266.4,5260.92,448330,23586.26,51238,259345.0, 57.85,2026-04-30
CUPID, EQ, 30-Apr-2026,115.84,116.0,119.99,116.0,119.99,119.58,118.51,14716726,17440.55,63293,5310611.0, 36.09,2026-04-30
CURAA, BE, 30-Apr-2026,97.63,102.51,102.51,97.63,101.99,97.94,102.24,9391,9.6,63,, -,2026-04-30
CURIS, SM, 30-Apr-2026,125.0,129.9,129.9,120.0,124.9,124.9,124.28,8000,9.94,8,5000.0, 62.50,2026-04-30
CURRENT, SM, 30-Apr-2026,121.95,126.95,127.2,120.1,121.0,121.8,123.49,11200,13.83,7,3200.0, 28.57,2026-04-30
CYBERMEDIA, EQ, 30-Apr-2026,16.5,16.99,17.0,15.46,16.39,16.53,16.46,13027,2.14,196,9726.0, 74.66,2026-04-30
CYBERTECH, EQ, 30-Apr-2026,128.77,125.65,128.77,124.26,127.0,126.71,126.76,28737,36.43,792,14704.0, 51.17,2026-04-30
CYIENT, EQ, 30-Apr-2026,844.2,845.0,880.0,841.0,872.35,871.75,864.88,587705,5082.96,32706,173598.0, 29.54,2026-04-30
CYIENTDLM, EQ, 30-Apr-2026,394.95,393.85,395.5,382.05,394.75,393.1,388.96,233854,909.59,6761,89548.0, 38.29,2026-04-30
DABUR, EQ, 30-Apr-2026,456.0,456.0,456.0,440.35,442.95,441.5,444.36,1448773,6437.72,28357,540844.0, 37.33,2026-04-30
DAICHI, EQ, 30-Apr-2026,269.1,273.9,273.9,254.95,263.05,263.05,257.94,1974,5.09,55,1633.0, 82.73,2026-04-30
DALBHARAT, EQ, 30-Apr-2026,1949.7,1959.0,1966.0,1897.2,1905.9,1906.3,1916.44,275052,5271.2,22477,122592.0, 44.57,2026-04-30
DALMIASUG, EQ, 30-Apr-2026,377.9,382.6,403.0,377.9,398.15,397.5,396.38,970834,3848.24,20024,208777.0, 21.50,2026-04-30
DAMCAPITAL, EQ, 30-Apr-2026,156.66,156.0,158.0,150.97,153.77,153.74,153.34,491333,753.41,8527,215138.0, 43.79,2026-04-30
DAMODARIND, EQ, 30-Apr-2026,32.92,32.7,32.97,31.0,32.09,31.98,31.75,31829,10.1,298,15396.0, 48.37,2026-04-30
DANGEE, EQ, 30-Apr-2026,3.75,3.67,3.82,3.57,3.6,3.58,3.65,231593,8.46,274,142802.0, 61.66,2026-04-30
DANISH, SM, 30-Apr-2026,879.9,879.0,914.7,853.0,900.0,899.55,880.46,30600,269.42,156,22500.0, 73.53,2026-04-30
DATAMATICS, EQ, 30-Apr-2026,719.65,714.0,739.0,712.05,737.0,732.8,729.65,84208,614.43,3991,34579.0, 41.06,2026-04-30
DATAPATTNS, EQ, 30-Apr-2026,4118.1,4129.0,4209.7,4027.6,4078.8,4081.7,4099.05,1057980,43367.11,77421,183252.0, 17.32,2026-04-30
DAVANGERE, EQ, 30-Apr-2026,3.66,3.66,3.68,3.63,3.64,3.64,3.65,6108363,222.99,1835,3858375.0, 63.17,2026-04-30
DBCORP, EQ, 30-Apr-2026,216.16,217.99,220.0,214.16,215.35,216.62,217.52,53629,116.66,1807,24649.0, 45.96,2026-04-30
DBEIL, EQ, 30-Apr-2026,86.72,87.49,87.5,85.2,85.43,86.01,86.2,81642,70.38,1104,45454.0, 55.67,2026-04-30
DBL, EQ, 30-Apr-2026,470.35,470.35,471.9,460.9,461.25,464.8,465.0,152400,708.66,6111,46952.0, 30.81,2026-04-30
DBOL, BE, 30-Apr-2026,119.46,118.61,125.43,116.3,125.43,125.08,123.78,145216,179.75,937,, -,2026-04-30
DBREALTY, EQ, 30-Apr-2026,103.99,102.0,104.33,100.81,103.4,103.57,102.79,1231669,1266.03,14233,459612.0, 37.32,2026-04-30
DBSTOCKBRO, EQ, 30-Apr-2026,27.06,27.26,27.8,26.8,27.13,27.55,27.36,4348,1.19,75,2000.0, 46.00,2026-04-30
DCAL, EQ, 30-Apr-2026,181.3,181.3,185.98,175.0,183.79,183.18,180.16,355579,640.6,8120,126863.0, 35.68,2026-04-30
DCBBANK, EQ, 30-Apr-2026,192.99,192.99,193.09,184.11,187.0,186.76,186.9,1697424,3172.41,19370,670470.0, 39.50,2026-04-30
DCCL, SM, 30-Apr-2026,38.1,38.0,39.5,37.0,37.0,37.25,37.74,18000,6.79,8,18000.0, 100.00,2026-04-30
DCG, SM, 30-Apr-2026,65.25,65.55,68.95,65.55,68.8,67.45,67.41,20400,13.75,17,15600.0, 76.47,2026-04-30
DCI, BE, 30-Apr-2026,287.7,281.4,290.0,281.3,286.9,285.2,287.08,6224,17.87,193,, -,2026-04-30
DCM, EQ, 30-Apr-2026,83.47,85.7,85.7,80.0,82.6,82.02,81.89,9574,7.84,180,5076.0, 53.02,2026-04-30
DCMFINSERV, BE, 30-Apr-2026,4.81,4.72,4.72,4.72,4.72,4.72,4.72,6083,0.29,25,, -,2026-04-30
DCMNVL, EQ, 30-Apr-2026,141.38,144.0,144.0,140.05,142.5,142.6,141.86,4373,6.2,80,3248.0, 74.27,2026-04-30
DCMSHRIRAM, EQ, 30-Apr-2026,1164.8,1169.5,1260.0,1164.9,1208.0,1227.5,1218.06,443542,5402.63,27459,52263.0, 11.78,2026-04-30
DCMSIL, BE, 30-Apr-2026,62.43,62.25,65.55,62.25,65.55,65.55,64.39,43865,28.24,261,, -,2026-04-30
DCMSRIND, EQ, 30-Apr-2026,39.51,39.1,43.47,39.1,43.0,42.73,41.71,639533,266.74,4103,281419.0, 44.00,2026-04-30
DCW, EQ, 30-Apr-2026,47.51,47.01,47.45,46.34,47.3,47.11,46.97,1049664,492.99,5376,436441.0, 41.58,2026-04-30
DCXINDIA, EQ, 30-Apr-2026,199.35,198.8,201.81,194.52,201.75,200.97,198.09,828213,1640.64,9825,246738.0, 29.79,2026-04-30
DDEVPLSTIK, EQ, 30-Apr-2026,252.81,252.0,257.0,249.21,251.5,252.83,253.98,107557,273.17,2547,58882.0, 54.74,2026-04-30
DECCANCE, EQ, 30-Apr-2026,660.5,660.5,664.4,640.35,652.0,654.7,649.49,15352,99.71,595,7145.0, 46.54,2026-04-30
DECCANTRAN, SM, 30-Apr-2026,21.5,21.95,21.95,20.3,20.75,20.75,21.19,4800,1.02,4,3600.0, 75.00,2026-04-30
DECNGOLD, EQ, 30-Apr-2026,126.1,123.5,126.0,123.15,124.5,123.95,124.29,544374,676.61,5185,211433.0, 38.84,2026-04-30
DEEDEV, EQ, 30-Apr-2026,422.7,423.35,442.0,411.6,417.6,417.0,428.93,797809,3422.07,15280,317698.0, 39.82,2026-04-30
DEEPAKFERT, EQ, 30-Apr-2026,1239.7,1237.5,1284.85,1225.0,1242.75,1265.25,1259.69,614949,7746.46,32052,181095.0, 29.45,2026-04-30
DEEPAKNTR, EQ, 30-Apr-2026,1724.1,1711.8,1758.0,1709.5,1737.6,1736.9,1738.59,258917,4501.5,25202,122655.0, 47.37,2026-04-30
DEEPINDS, EQ, 30-Apr-2026,483.15,488.0,498.9,479.05,487.85,485.55,487.65,279537,1363.16,8129,90326.0, 32.31,2026-04-30
DEFENCE, EQ, 30-Apr-2026,74.02,74.78,74.78,72.7,74.17,73.99,73.8,181448,133.91,552,157677.0, 86.90,2026-04-30
DELAPLEX, SM, 30-Apr-2026,123.75,116.0,117.4,112.15,115.4,115.4,115.16,16800,19.35,23,9000.0, 53.57,2026-04-30
DELHIVERY, EQ, 30-Apr-2026,466.3,463.45,468.6,454.15,467.0,467.05,460.63,2562642,11804.26,41714,1358616.0, 53.02,2026-04-30
DELPHIFX, EQ, 30-Apr-2026,11.7,11.75,11.99,11.65,11.8,11.81,11.85,96372,11.42,341,50691.0, 52.60,2026-04-30
DELTACORP, EQ, 30-Apr-2026,72.43,72.74,72.79,69.5,71.0,71.18,70.82,2178747,1543.07,10710,749390.0, 34.40,2026-04-30
DELTAMAGNT, EQ, 30-Apr-2026,61.17,63.59,63.59,60.3,61.5,61.63,61.42,1876,1.15,77,1382.0, 73.67,2026-04-30
DELTIC, ST, 30-Apr-2026,44.9,44.0,45.0,42.7,42.7,42.9,43.85,11000,4.82,9,11000.0, 100.00,2026-04-30
DEN, EQ, 30-Apr-2026,28.15,27.97,28.04,27.44,27.72,27.73,27.68,328051,90.8,2024,165437.0, 50.43,2026-04-30
DENEERS, ST, 30-Apr-2026,177.5,177.4,177.5,171.0,171.1,173.5,175.14,7800,13.66,12,7200.0, 92.31,2026-04-30
DENORA, EQ, 30-Apr-2026,816.6,834.9,865.35,809.55,859.95,855.65,849.19,15454,131.23,1322,9849.0, 63.73,2026-04-30
DENTA, EQ, 30-Apr-2026,282.42,282.0,283.4,276.94,278.01,280.16,279.53,143911,402.27,3806,37614.0, 26.14,2026-04-30
DENTALKART, SM, 30-Apr-2026,449.75,474.5,478.95,440.0,457.0,454.0,461.93,32000,147.82,117,19000.0, 59.38,2026-04-30
DEVIT, EQ, 30-Apr-2026,32.22,32.6,32.6,30.99,31.56,31.14,31.5,65905,20.76,868,42606.0, 64.65,2026-04-30
DEVX, EQ, 30-Apr-2026,42.55,42.46,42.7,41.04,42.67,42.55,42.04,60643,25.5,397,29628.0, 48.86,2026-04-30
DEVYANI, EQ, 30-Apr-2026,127.59,126.4,126.4,121.11,125.15,124.73,123.26,9064306,11173.08,55465,1749484.0, 19.30,2026-04-30
DGCONTENT, EQ, 30-Apr-2026,31.48,32.9,32.9,30.51,31.25,31.95,32.13,5051,1.62,145,2974.0, 58.88,2026-04-30
DHAMPURSUG, EQ, 30-Apr-2026,144.08,144.81,162.65,144.31,157.5,155.35,156.28,7389268,11547.7,65095,1168626.0, 15.82,2026-04-30
DHANBANK, EQ, 30-Apr-2026,30.43,30.4,31.36,29.66,30.58,30.41,30.43,3633933,1105.62,10588,836202.0, 23.01,2026-04-30
DHANLAXMI, SM, 30-Apr-2026,31.95,31.95,31.95,31.95,31.95,31.95,31.95,2000,0.64,1,2000.0, 100.00,2026-04-30
DHANUKA, EQ, 30-Apr-2026,1055.85,1059.9,1085.0,1030.85,1082.0,1079.65,1068.13,43373,463.28,3384,22246.0, 51.29,2026-04-30
DHARARAIL, SM, 30-Apr-2026,113.05,111.0,112.65,110.0,110.45,110.8,110.99,13000,14.43,13,11000.0, 84.62,2026-04-30
DHARIWAL, ST, 30-Apr-2026,40.0,39.0,39.0,38.2,38.5,38.5,38.69,33000,12.77,11,33000.0, 100.00,2026-04-30
DHARMAJ, EQ, 30-Apr-2026,255.14,255.01,261.28,254.4,260.05,259.36,258.04,16592,42.81,731,8662.0, 52.21,2026-04-30
DHRUV, EQ, 30-Apr-2026,35.99,37.0,37.0,35.17,35.29,35.48,35.75,10012,3.58,64,8352.0, 83.42,2026-04-30
DHUNINV, EQ, 30-Apr-2026,935.3,926.45,944.6,899.1,912.45,915.3,920.52,1863,17.15,362,1257.0, 67.47,2026-04-30
DIACABS, EQ, 30-Apr-2026,161.34,160.1,164.31,156.1,157.01,157.8,158.63,2125398,3371.56,16128,1106097.0, 52.04,2026-04-30
DIAMINESQ, EQ, 30-Apr-2026,265.26,261.5,265.0,259.79,262.0,263.07,261.84,1617,4.23,226,1071.0, 66.23,2026-04-30
DIAMONDYD, EQ, 30-Apr-2026,1006.1,1006.1,1006.1,986.0,999.0,995.5,995.15,11826,117.69,594,7538.0, 63.74,2026-04-30
DICIND, EQ, 30-Apr-2026,534.05,534.1,545.6,523.6,523.6,533.0,534.47,572,3.06,59,378.0, 66.08,2026-04-30
DIFFNKG, EQ, 30-Apr-2026,296.98,295.0,305.0,289.1,305.0,300.38,297.05,77031,228.82,1778,38637.0, 50.16,2026-04-30
DIGIDRIVE, EQ, 30-Apr-2026,23.95,24.83,24.83,23.21,24.0,23.87,23.66,10134,2.4,145,8930.0, 88.12,2026-04-30
DIGIKORE, SM, 30-Apr-2026,67.45,67.3,72.0,67.2,71.4,71.35,69.71,97600,68.03,106,92000.0, 94.26,2026-04-30
DIGISPICE, BE, 30-Apr-2026,21.11,21.95,21.95,20.06,20.9,20.84,20.77,69795,14.5,217,, -,2026-04-30
DIGITIDE, EQ, 30-Apr-2026,98.77,99.0,99.0,95.25,96.64,97.31,96.8,232452,225.02,2341,83888.0, 36.09,2026-04-30
DIGJAMLMTD, EQ, 30-Apr-2026,45.95,46.29,48.8,44.75,45.75,46.48,46.56,8290,3.86,192,6942.0, 83.74,2026-04-30
DISAQ, EQ, 30-Apr-2026,12224.05,12450.05,12499.0,11911.25,12265.0,12432.5,12184.82,201,24.49,100,128.0, 63.68,2026-04-30
DISHTV, BE, 30-Apr-2026,3.83,3.83,3.93,3.64,3.8,3.82,3.75,2958325,110.82,2859,, -,2026-04-30
DIVGIITTS, EQ, 30-Apr-2026,733.55,722.1,732.45,714.1,722.0,720.65,721.88,13265,95.76,1150,6409.0, 48.32,2026-04-30
DIVIDEND, EQ, 30-Apr-2026,37.18,36.85,37.18,36.62,36.77,36.8,36.81,16277,5.99,97,9847.0, 60.50,2026-04-30
DIVINEHIRA, ST, 30-Apr-2026,311.8,315.9,315.9,300.0,310.1,308.35,310.68,12000,37.28,29,10400.0, 86.67,2026-04-30
DIVISLAB, EQ, 30-Apr-2026,6534.0,6530.0,6547.0,6429.0,6508.0,6502.5,6496.27,379741,24669.0,38830,234407.0, 61.73,2026-04-30
DIVOPPBEES, EQ, 30-Apr-2026,80.14,80.98,80.98,79.3,80.8,80.38,80.16,36898,29.58,593,20649.0, 55.96,2026-04-30
DIVYADHAN, ST, 30-Apr-2026,37.45,35.6,35.6,35.6,35.6,35.6,35.6,4000,1.42,2,4000.0, 100.00,2026-04-30
DIXON, EQ, 30-Apr-2026,11325.0,11300.0,11300.0,11006.0,11220.0,11166.5,11146.22,459389,51204.51,62052,107425.0, 23.38,2026-04-30
DJML, BE, 30-Apr-2026,91.5,93.0,93.0,90.01,92.89,92.33,91.6,18686,17.12,71,, -,2026-04-30
DLF, EQ, 30-Apr-2026,594.45,590.0,591.9,579.8,587.15,587.0,584.85,3576402,20916.46,74712,1783421.0, 49.87,2026-04-30
DLINKINDIA, EQ, 30-Apr-2026,455.6,455.6,459.0,445.3,451.0,450.3,450.3,58406,263.0,1931,27526.0, 47.13,2026-04-30
DMART, EQ, 30-Apr-2026,4593.4,4584.0,4615.0,4511.0,4614.0,4585.9,4560.05,528855,24116.08,36463,332059.0, 62.79,2026-04-30
DMCC, EQ, 30-Apr-2026,285.17,284.0,286.96,274.2,276.01,277.04,277.93,32305,89.79,844,15431.0, 47.77,2026-04-30
DNAMEDIA, EQ, 30-Apr-2026,2.95,3.06,3.06,2.91,3.03,3.0,2.99,38011,1.14,152,33599.0, 88.39,2026-04-30
DODLA, EQ, 30-Apr-2026,1120.0,1125.6,1125.6,1083.0,1089.0,1099.9,1100.62,40481,445.54,9109,20215.0, 49.94,2026-04-30
DOLATALGO, EQ, 30-Apr-2026,78.52,78.8,78.8,76.51,77.5,77.43,77.39,117264,90.75,951,55338.0, 47.19,2026-04-30
DOLLAR, EQ, 30-Apr-2026,303.85,306.0,309.7,295.9,306.12,299.8,299.42,104120,311.75,2529,44800.0, 43.03,2026-04-30
DOLPHIN, EQ, 30-Apr-2026,413.95,408.8,435.0,408.6,419.75,416.3,422.64,47198,199.48,1666,15977.0, 33.85,2026-04-30
DOMS, EQ, 30-Apr-2026,2298.0,2297.0,2317.8,2286.5,2290.6,2291.2,2297.63,22198,510.03,3196,9722.0, 43.80,2026-04-30
DONEAR, EQ, 30-Apr-2026,91.57,91.57,92.07,90.31,91.0,91.0,91.2,14985,13.67,221,9653.0, 64.42,2026-04-30
DPABHUSHAN, EQ, 30-Apr-2026,1077.15,1077.0,1085.95,1005.15,1035.05,1035.5,1035.87,35814,370.99,3035,20753.0, 57.95,2026-04-30
DPEL, SM, 30-Apr-2026,473.4,497.05,497.05,497.05,497.05,497.05,497.05,72000,357.88,84,68500.0, 95.14,2026-04-30
DPSCLTD, EQ, 30-Apr-2026,10.12,10.12,10.12,9.8,10.08,10.05,9.99,123893,12.38,581,83809.0, 67.65,2026-04-30
DPWIRES, EQ, 30-Apr-2026,183.29,182.75,182.75,178.0,178.06,178.82,179.45,13824,24.81,503,6865.0, 49.66,2026-04-30
DRAGARWQ, EQ, 30-Apr-2026,4980.5,4940.0,5027.85,4940.0,4995.0,4969.55,4967.88,376,18.68,85,262.0, 69.68,2026-04-30
DRCSYSTEMS, EQ, 30-Apr-2026,14.61,14.98,15.19,14.39,15.15,15.08,15.03,83063,12.48,491,69510.0, 83.68,2026-04-30
DREAMFOLKS, EQ, 30-Apr-2026,81.61,80.23,81.98,79.2,81.98,80.92,80.34,68076,54.69,1308,29839.0, 43.83,2026-04-30
DREDGECORP, EQ, 30-Apr-2026,956.3,951.5,957.6,931.0,940.0,938.45,940.54,104243,980.45,5264,35391.0, 33.95,2026-04-30
DRONE, ST, 30-Apr-2026,52.9,53.0,55.5,51.2,52.05,51.8,53.9,27500,14.82,46,24000.0, 87.27,2026-04-30
DRREDDY, EQ, 30-Apr-2026,1329.8,1327.0,1340.3,1313.6,1325.0,1322.9,1325.05,1227007,16258.42,34614,432052.0, 35.21,2026-04-30
DSFCL, EQ, 30-Apr-2026,24.87,25.25,26.11,24.16,26.11,26.11,25.95,79541,20.64,1456,69046.0, 86.81,2026-04-30
DSSL, EQ, 30-Apr-2026,1052.15,1052.2,1120.95,1036.0,1082.5,1088.25,1092.74,108210,1182.46,7100,31951.0, 29.53,2026-04-30
DTIL, EQ, 30-Apr-2026,138.9,139.59,141.88,134.2,139.0,138.34,138.17,855,1.18,93,502.0, 58.71,2026-04-30
DUCOL, SM, 30-Apr-2026,125.0,124.0,124.0,123.9,123.9,123.9,123.93,9600,11.9,2,9600.0, 100.00,2026-04-30
DUCON, BE, 30-Apr-2026,3.3,3.36,3.41,3.15,3.27,3.25,3.22,292776,9.44,302,, -,2026-04-30
DURLAX, ST, 30-Apr-2026,49.6,49.6,49.95,49.0,49.25,49.5,49.49,12000,5.94,6,8000.0, 66.67,2026-04-30
DVL, EQ, 30-Apr-2026,243.14,242.93,244.0,236.3,240.4,242.58,240.12,6404,15.38,383,3131.0, 48.89,2026-04-30
DWARKESH, EQ, 30-Apr-2026,43.36,43.6,49.7,43.6,47.26,46.96,47.81,41395592,19790.2,116699,3344987.0, 8.08,2026-04-30
DYCL, EQ, 30-Apr-2026,373.17,371.31,375.9,357.01,370.99,370.44,366.85,183309,672.47,5090,79487.0, 43.36,2026-04-30
DYNAMATECH, EQ, 30-Apr-2026,11791.0,11788.0,11791.0,11500.0,11740.0,11568.0,11625.36,13955,1622.32,4936,4422.0, 31.69,2026-04-30
DYNAMIC, SM, 30-Apr-2026,150.95,143.8,149.3,143.8,149.3,149.3,146.46,2000,2.93,4,2000.0, 100.00,2026-04-30
DYNPRO, EQ, 30-Apr-2026,226.92,238.0,238.0,221.0,223.0,223.08,223.48,14882,33.26,770,7794.0, 52.37,2026-04-30
E2E, BE, 30-Apr-2026,2938.3,2979.0,2979.0,2825.0,2890.0,2883.9,2871.99,50183,1441.25,4952,, -,2026-04-30
E2ERAIL, SM, 30-Apr-2026,262.55,262.55,262.55,242.0,258.45,258.45,251.39,44000,110.61,52,20800.0, 47.27,2026-04-30
EASEMYTRIP, EQ, 30-Apr-2026,7.9,7.9,7.91,7.74,7.91,7.86,7.82,7835964,612.95,9670,2523186.0, 32.20,2026-04-30
EBANKNIFTY, EQ, 30-Apr-2026,55.84,56.96,56.96,54.7,55.33,55.32,55.14,7339,4.05,70,6963.0, 94.88,2026-04-30
EBBETF0430, EQ, 30-Apr-2026,1571.51,1570.93,1572.87,1563.0,1563.0,1564.87,1566.03,19771,309.62,337,18784.0, 95.01,2026-04-30
EBBETF0431, EQ, 30-Apr-2026,1400.45,1402.6,1404.88,1400.45,1400.65,1401.16,1401.63,1801,25.24,122,1274.0, 70.74,2026-04-30
EBBETF0433, EQ, 30-Apr-2026,1275.44,1275.0,1278.9,1267.76,1268.0,1268.3,1269.86,3331,42.3,153,2334.0, 70.07,2026-04-30
EBGNG, EQ, 30-Apr-2026,411.7,416.6,430.0,412.95,424.7,424.55,421.72,336761,1420.18,10638,168119.0, 49.92,2026-04-30
ECAPINSURE, EQ, 30-Apr-2026,23.91,23.95,24.1,23.43,23.7,23.69,23.65,38246,9.05,342,26425.0, 69.09,2026-04-30
ECLERX, EQ, 30-Apr-2026,1416.2,1416.2,1453.9,1393.4,1430.0,1429.0,1424.23,192014,2734.73,14744,77474.0, 40.35,2026-04-30
ECOLINE, SM, 30-Apr-2026,116.0,116.0,116.0,115.5,115.5,115.5,115.93,7000,8.12,6,6000.0, 85.71,2026-04-30
ECOSMOBLTY, EQ, 30-Apr-2026,138.29,138.98,139.19,135.51,137.5,137.9,137.39,80438,110.51,1713,32365.0, 40.24,2026-04-30
EDELWEISS, EQ, 30-Apr-2026,123.94,123.9,126.0,108.45,114.0,114.25,114.97,23211421,26686.41,140263,7347619.0, 31.66,2026-04-30
EEPL, SM, 30-Apr-2026,115.05,115.05,116.45,114.95,116.0,116.2,115.46,8000,9.24,8,7000.0, 87.50,2026-04-30
EFCIL, EQ, 30-Apr-2026,190.83,190.0,198.97,188.1,195.0,195.29,194.5,294532,572.86,4518,152157.0, 51.66,2026-04-30
EFFWA, SM, 30-Apr-2026,246.3,247.0,252.45,237.0,245.0,244.55,244.51,15600,38.14,35,9200.0, 58.97,2026-04-30
EFORCE, ST, 30-Apr-2026,28.0,28.0,28.0,28.0,28.0,28.0,28.0,1200,0.34,1,1200.0, 100.00,2026-04-30
EGOLD, EQ, 30-Apr-2026,146.95,146.95,149.5,146.8,149.3,149.2,148.72,35853,53.32,462,21044.0, 58.70,2026-04-30
EICHERMOT, EQ, 30-Apr-2026,7189.5,7120.0,7146.0,6978.0,7110.0,7109.0,7065.0,538501,38045.12,65229,258827.0, 48.06,2026-04-30
EIDPARRY, EQ, 30-Apr-2026,837.2,839.9,860.35,832.25,844.4,844.0,849.38,687091,5836.02,32559,239241.0, 34.82,2026-04-30
EIEL, EQ, 30-Apr-2026,219.88,218.2,218.2,208.23,212.5,211.94,212.13,2045173,4338.36,19082,615353.0, 30.09,2026-04-30
EIFFL, EQ, 30-Apr-2026,245.13,250.0,250.56,243.0,250.0,244.99,244.64,10425,25.5,485,8956.0, 85.91,2026-04-30
EIHAHOTELS, EQ, 30-Apr-2026,324.75,326.7,326.7,320.05,324.95,323.8,322.62,11813,38.11,642,4017.0, 34.00,2026-04-30
EIHOTEL, EQ, 30-Apr-2026,323.3,323.0,325.9,317.4,319.5,318.95,319.59,128780,411.56,4886,66871.0, 51.93,2026-04-30
EIMCOELECO, EQ, 30-Apr-2026,1593.3,1580.0,1600.0,1550.1,1597.0,1573.5,1575.31,34315,540.57,2131,19421.0, 56.60,2026-04-30
EKC, EQ, 30-Apr-2026,121.33,120.8,121.69,118.11,119.26,119.39,119.49,135669,162.11,1781,70351.0, 51.85,2026-04-30
ELANTAS, EQ, 30-Apr-2026,10022.3,10023.0,10030.2,9430.0,9540.5,9611.3,9710.46,757,73.51,342,469.0, 61.96,2026-04-30
ELCIDIN, EQ, 30-Apr-2026,125563.25,126000.0,126200.0,124001.0,124001.0,125000.5,125420.11,10,12.54,10,6.0, 60.00,2026-04-30
ELDEHSG, EQ, 30-Apr-2026,849.55,836.05,854.9,800.0,815.2,828.4,824.72,677,5.58,157,329.0, 48.60,2026-04-30
ELECON, EQ, 30-Apr-2026,488.25,487.0,509.6,481.3,508.0,506.65,498.15,783278,3901.9,23209,307298.0, 39.23,2026-04-30
ELECTCAST, EQ, 30-Apr-2026,83.82,83.51,83.94,81.29,81.91,81.99,82.4,1987814,1637.94,16364,741546.0, 37.30,2026-04-30
ELECTHERM, EQ, 30-Apr-2026,838.5,839.9,839.9,790.3,806.2,807.15,808.42,16445,132.94,907,6203.0, 37.72,2026-04-30
ELGIEQUIP, EQ, 30-Apr-2026,565.85,567.0,567.0,547.0,547.2,553.5,558.55,295493,1650.49,16573,151278.0, 51.20,2026-04-30
ELGIRUBCO, EQ, 30-Apr-2026,53.95,55.0,55.0,52.18,52.75,53.62,53.49,36601,19.58,470,12017.0, 32.83,2026-04-30
ELGNZ, SM, 30-Apr-2026,74.0,74.0,74.0,66.65,68.85,68.95,68.8,24000,16.51,24,14000.0, 58.33,2026-04-30
ELIN, EQ, 30-Apr-2026,124.16,124.79,124.79,118.5,122.95,121.08,120.35,159136,191.53,2858,67809.0, 42.61,2026-04-30
ELIQUID, EQ, 30-Apr-2026,1028.54,1029.15,1029.15,1029.11,1029.12,1029.11,1029.12,2280,23.46,23,1774.0, 77.81,2026-04-30
ELITECON, EQ, 30-Apr-2026,37.4,38.25,38.25,36.2,37.1,36.9,37.08,799924,296.65,4175,454285.0, 56.79,2026-04-30
ELLEN, EQ, 30-Apr-2026,267.26,264.95,270.79,261.2,266.0,268.25,266.35,269483,717.76,7969,135807.0, 50.40,2026-04-30
ELM250, EQ, 30-Apr-2026,16.32,16.31,17.44,16.06,16.16,16.26,16.18,401457,64.96,211,395203.0, 98.44,2026-04-30
ELPROINTL, EQ, 30-Apr-2026,109.86,108.21,109.22,106.26,108.8,108.19,108.11,85848,92.81,1109,53055.0, 61.80,2026-04-30
EMAMILTD, EQ, 30-Apr-2026,457.9,456.95,459.95,443.8,445.0,444.5,447.29,358300,1602.65,18931,176864.0, 49.36,2026-04-30
EMAMIPAP, EQ, 30-Apr-2026,77.83,77.83,79.0,76.1,79.0,78.63,77.88,24935,19.42,613,15317.0, 61.43,2026-04-30
EMAMIREAL, BE, 30-Apr-2026,90.98,89.2,93.9,86.44,89.0,90.37,88.14,62098,54.73,375,, -,2026-04-30
EMAPARTNER, SM, 30-Apr-2026,92.1,86.35,90.9,86.35,90.9,90.9,89.42,6000,5.37,6,4000.0, 66.67,2026-04-30
EMBASSY, RR, 30-Apr-2026,427.09,423.0,426.48,422.0,423.67,424.76,424.17,491485,2084.74,14176,395755.0, 80.52,2026-04-30
EMCURE, EQ, 30-Apr-2026,1729.9,1730.0,1734.9,1660.9,1695.5,1680.1,1688.87,278775,4708.14,20903,137992.0, 49.50,2026-04-30
EMIL, EQ, 30-Apr-2026,127.16,124.9,125.84,121.01,125.0,124.34,123.96,1646456,2040.91,12720,383640.0, 23.30,2026-04-30
EMKAY, EQ, 30-Apr-2026,225.38,222.6,225.64,220.0,223.54,223.38,222.7,17038,37.94,439,11542.0, 67.74,2026-04-30
EMKAYTOOLS, SM, 30-Apr-2026,113.9,110.0,110.0,105.0,109.95,108.75,106.91,2400,2.57,14,1950.0, 81.25,2026-04-30
EMMBI, EQ, 30-Apr-2026,84.42,85.01,86.47,83.1,83.91,83.86,85.07,2768,2.35,135,1909.0, 68.97,2026-04-30
EMMIL, SM, 30-Apr-2026,150.0,149.5,149.65,143.0,149.65,149.65,145.27,2000,2.91,7,1750.0, 87.50,2026-04-30
EMMVEE, EQ, 30-Apr-2026,290.84,289.0,294.9,261.76,262.49,262.4,272.3,13098890,35668.31,153955,5341101.0, 40.78,2026-04-30
EMPOWER, BE, 30-Apr-2026,1.9,1.95,1.95,1.95,1.95,1.95,1.95,1698925,33.13,723,, -,2026-04-30
EMSLIMITED, EQ, 30-Apr-2026,352.2,350.9,351.8,343.55,348.0,347.3,347.01,122904,426.49,4191,43685.0, 35.54,2026-04-30
EMUDHRA, EQ, 30-Apr-2026,489.6,491.0,492.0,476.3,486.8,489.4,485.83,66093,321.1,3240,23603.0, 35.71,2026-04-30
EMULTIMQ, EQ, 30-Apr-2026,42.05,42.0,42.48,41.4,42.48,42.01,41.84,26271,10.99,226,20368.0, 77.53,2026-04-30
ENCOMPAS, SM, 30-Apr-2026,244.0,244.0,272.0,244.0,260.0,261.45,259.38,11200,29.05,22,6000.0, 53.57,2026-04-30
ENDURANCE, EQ, 30-Apr-2026,2327.1,2304.5,2348.9,2301.0,2330.0,2330.6,2325.25,74091,1722.8,17443,43002.0, 58.04,2026-04-30
ENERGY, EQ, 30-Apr-2026,41.04,41.0,41.07,40.51,41.03,41.0,40.85,1264312,516.51,1921,837754.0, 66.26,2026-04-30
ENERGYDEV, EQ, 30-Apr-2026,17.28,17.28,17.4,17.01,17.3,17.21,17.19,28948,4.98,396,19774.0, 68.31,2026-04-30
ENGINERSIN, EQ, 30-Apr-2026,250.95,252.0,254.74,247.51,253.2,251.94,251.19,4883287,12266.27,48412,1243546.0, 25.47,2026-04-30
ENIFTY, EQ, 30-Apr-2026,24.13,24.73,24.73,23.85,24.08,24.02,24.05,4408,1.06,59,3663.0, 83.10,2026-04-30
ENIL, EQ, 30-Apr-2026,115.89,118.5,119.5,114.53,118.1,119.11,117.71,17185,20.23,198,13340.0, 77.63,2026-04-30
ENRIN, EQ, 30-Apr-2026,3310.0,3319.0,3319.0,3250.1,3280.0,3278.8,3278.1,378229,12398.72,33261,177265.0, 46.87,2026-04-30
ENTERO, EQ, 30-Apr-2026,1191.4,1192.5,1229.8,1171.1,1208.0,1216.4,1204.33,57196,688.83,5398,29835.0, 52.16,2026-04-30
ENVIRO, SM, 30-Apr-2026,120.5,120.0,120.0,112.0,114.9,113.7,115.21,22000,25.35,22,15000.0, 68.18,2026-04-30
EPACK, EQ, 30-Apr-2026,283.96,285.0,288.96,274.53,281.5,279.32,280.94,3018213,8479.44,29380,367062.0, 12.16,2026-04-30
EPACKPEB, EQ, 30-Apr-2026,197.28,202.4,202.4,193.21,201.7,200.22,197.86,563866,1115.68,9717,201207.0, 35.68,2026-04-30
EPIGRAL, EQ, 30-Apr-2026,1194.55,1189.6,1229.0,1182.0,1197.6,1215.65,1211.76,57448,696.13,6526,27674.0, 48.17,2026-04-30
EPL, EQ, 30-Apr-2026,226.94,225.6,227.39,220.5,227.35,226.13,224.62,678532,1524.15,10015,333743.0, 49.19,2026-04-30
EPWINDIA, SM, 30-Apr-2026,150.55,151.45,151.45,151.0,151.0,151.0,151.38,7200,10.9,4,7200.0, 100.00,2026-04-30
EQUAL200, EQ, 30-Apr-2026,13.44,13.28,13.84,13.23,13.34,13.32,13.31,72940,9.71,85,72459.0, 99.34,2026-04-30
EQUAL50, EQ, 30-Apr-2026,328.4,324.4,326.44,322.03,325.8,325.79,324.58,4072,13.22,55,3562.0, 87.48,2026-04-30
EQUAL50ADD, EQ, 30-Apr-2026,337.95,337.95,337.95,332.24,336.5,335.87,334.48,266181,890.33,388,261856.0, 98.38,2026-04-30
EQUIPPP, BE, 30-Apr-2026,17.43,17.6,18.2,16.61,17.8,17.56,17.41,12381,2.16,54,, -,2026-04-30
EQUITASBNK, EQ, 30-Apr-2026,66.91,66.91,67.93,66.18,66.8,66.85,66.96,1828534,1224.35,13110,834379.0, 45.63,2026-04-30
ERIS, EQ, 30-Apr-2026,1316.2,1317.9,1337.2,1308.0,1321.0,1322.9,1321.21,120219,1588.35,5418,92481.0, 76.93,2026-04-30
ESABINDIA, EQ, 30-Apr-2026,6214.5,6205.0,6344.4,6141.6,6295.0,6266.9,6268.76,4374,274.2,1647,2090.0, 47.78,2026-04-30
ESAFSFB, EQ, 30-Apr-2026,25.86,25.7,27.0,25.35,26.49,26.4,26.27,1267396,332.89,3142,667818.0, 52.69,2026-04-30
ESCONET, ST, 30-Apr-2026,138.75,140.0,145.65,134.0,139.15,139.15,141.48,21600,30.56,50,19600.0, 90.74,2026-04-30
ESCORTS, EQ, 30-Apr-2026,3302.1,3290.0,3314.4,3215.2,3278.0,3241.6,3241.99,82689,2680.77,12802,45288.0, 54.77,2026-04-30
ESENSEX, EQ, 30-Apr-2026,77.68,77.6,77.6,76.5,76.65,76.65,76.68,2010,1.54,15,1672.0, 83.18,2026-04-30
ESFL, ST, 30-Apr-2026,128.1,129.9,132.0,128.05,129.0,129.0,129.83,5760,7.48,16,5400.0, 93.75,2026-04-30
ESG, EQ, 30-Apr-2026,41.18,41.0,41.0,40.48,40.97,40.89,40.75,512535,208.83,164,502547.0, 98.05,2026-04-30
ESILVER, EQ, 30-Apr-2026,233.99,233.0,237.45,232.07,236.5,237.14,235.38,16668,39.23,1010,5548.0, 33.29,2026-04-30
ESPRIT, SM, 30-Apr-2026,60.9,60.0,67.0,57.95,65.8,65.15,60.74,108800,66.09,53,76800.0, 70.59,2026-04-30
ESSARSHPNG, EQ, 30-Apr-2026,29.42,29.25,29.25,26.66,26.99,26.94,27.14,1386609,376.37,5892,771832.0, 55.66,2026-04-30
ESSENTIA, EQ, 30-Apr-2026,1.33,1.34,1.35,1.3,1.32,1.3,1.32,1008637,13.28,662,651320.0, 64.57,2026-04-30
ESTER, EQ, 30-Apr-2026,90.43,90.44,91.98,89.02,89.55,90.18,89.98,35055,31.54,672,13155.0, 37.53,2026-04-30
ETERNAL, EQ, 30-Apr-2026,254.03,249.0,251.69,242.65,246.6,247.03,245.86,72700438,178739.14,368173,37774337.0, 51.96,2026-04-30
ETHOSLTD, EQ, 30-Apr-2026,2439.3,2465.0,2469.0,2366.7,2400.0,2401.8,2404.34,32782,788.19,4339,14126.0, 43.09,2026-04-30
EUREKAFORB, EQ, 30-Apr-2026,506.65,507.0,507.0,496.0,504.9,498.65,500.76,49835,249.56,4109,25394.0, 50.96,2026-04-30
EUROBOND, EQ, 30-Apr-2026,170.94,176.8,176.8,170.0,173.5,172.97,173.34,3199,5.55,278,1820.0, 56.89,2026-04-30
EUROPRATIK, EQ, 30-Apr-2026,267.73,268.5,273.79,265.42,270.7,268.69,268.78,178871,480.77,2575,17395.0, 9.72,2026-04-30
EUROTEXIND, EQ, 30-Apr-2026,16.09,16.05,16.1,15.5,15.5,15.65,15.72,1817,0.29,16,1275.0, 70.17,2026-04-30
EVEREADY, EQ, 30-Apr-2026,326.85,326.6,338.9,319.55,333.0,335.05,331.65,143349,475.41,2150,86938.0, 60.65,2026-04-30
EVERESTIND, EQ, 30-Apr-2026,393.55,389.95,397.55,377.1,379.0,379.05,381.5,14288,54.51,887,8060.0, 56.41,2026-04-30
EVIETF, EQ, 30-Apr-2026,30.07,29.96,31.0,29.6,31.0,30.43,29.89,119999,35.87,588,82021.0, 68.35,2026-04-30
EVINDIA, EQ, 30-Apr-2026,30.12,30.65,30.65,29.63,30.08,30.08,29.84,131193,39.15,1505,87483.0, 66.68,2026-04-30
EXCELINDUS, EQ, 30-Apr-2026,954.2,955.0,959.95,933.7,955.05,955.15,947.28,3032,28.72,332,1760.0, 58.05,2026-04-30
EXCELLENT, ST, 30-Apr-2026,126.0,124.0,126.0,124.0,126.0,126.0,125.5,6400,8.03,3,6400.0, 100.00,2026-04-30
EXCELSOFT, EQ, 30-Apr-2026,94.51,93.99,94.25,91.1,93.0,93.53,92.75,560177,519.56,4308,202861.0, 36.21,2026-04-30
EXICOM, EQ, 30-Apr-2026,112.35,112.35,116.33,111.05,115.5,115.4,113.52,405025,459.79,4944,132590.0, 32.74,2026-04-30
EXIDEIND, EQ, 30-Apr-2026,363.45,362.0,363.2,356.0,359.5,360.55,359.37,2235828,8034.93,29371,964428.0, 43.14,2026-04-30
EXIMROUTES, SM, 30-Apr-2026,128.0,124.0,130.0,122.0,122.0,123.05,124.61,113600,141.56,32,111200.0, 97.89,2026-04-30
EXPLEOSOL, EQ, 30-Apr-2026,813.35,814.95,818.0,805.05,817.0,814.35,811.79,9709,78.82,593,6679.0, 68.79,2026-04-30
EXXARO, EQ, 30-Apr-2026,6.89,7.11,7.11,6.82,6.82,6.97,6.93,189768,13.15,529,121217.0, 63.88,2026-04-30
FABTECH, EQ, 30-Apr-2026,171.22,171.0,175.98,166.95,170.0,168.63,170.55,503251,858.31,8663,161413.0, 32.07,2026-04-30
FACT, EQ, 30-Apr-2026,908.85,907.0,908.6,888.25,901.0,899.2,897.58,132778,1191.79,6987,34354.0, 25.87,2026-04-30
FAIRCHEMOR, EQ, 30-Apr-2026,568.65,569.95,576.0,557.2,558.1,570.8,570.11,7947,45.31,873,4786.0, 60.22,2026-04-30
FALCONTECH, SM, 30-Apr-2026,14.5,14.9,15.3,13.7,14.1,14.1,14.26,21600,3.08,18,15600.0, 72.22,2026-04-30
FAZE3Q, BE, 30-Apr-2026,459.5,446.3,458.4,442.0,446.0,444.05,446.5,6381,28.49,194,, -,2026-04-30
FCL, EQ, 30-Apr-2026,23.03,23.0,23.32,22.6,23.0,22.98,22.98,3766468,865.65,5524,1817700.0, 48.26,2026-04-30
FCSSOFT, BE, 30-Apr-2026,1.68,1.65,1.7,1.65,1.69,1.68,1.67,507524,8.47,773,, -,2026-04-30
FDC, EQ, 30-Apr-2026,363.25,364.6,368.9,361.3,367.9,364.45,365.82,49563,181.31,2585,22333.0, 45.06,2026-04-30
FEDDERSHOL, EQ, 30-Apr-2026,34.8,35.0,35.75,33.55,34.0,34.0,34.04,203898,69.41,1432,50952.0, 24.99,2026-04-30
FEDERALBNK, EQ, 30-Apr-2026,284.75,284.7,287.95,280.0,287.6,286.95,284.21,13939720,39618.01,160165,7251085.0, 52.02,2026-04-30
FEDFINA, EQ, 30-Apr-2026,148.75,148.75,149.68,145.57,146.0,146.23,147.54,1051539,1551.43,13786,555962.0, 52.87,2026-04-30
FEL, BZ, 30-Apr-2026,0.46,0.47,0.47,0.46,0.47,0.46,0.47,203051,0.95,77,, -,2026-04-30
FELDVR, BZ, 30-Apr-2026,2.82,2.94,2.96,2.94,2.96,2.96,2.95,2411,0.07,22,, -,2026-04-30
FELIX, SM, 30-Apr-2026,221.35,222.45,226.95,215.15,219.0,219.35,222.6,75000,166.95,60,60500.0, 80.67,2026-04-30
FERMENTA, EQ, 30-Apr-2026,312.2,309.95,315.0,309.35,309.9,311.05,311.39,2342,7.29,162,1506.0, 64.30,2026-04-30
FIBERWEB, BE, 30-Apr-2026,37.8,38.19,38.19,36.5,37.65,37.4,36.98,3411,1.26,35,, -,2026-04-30
FIDEL, SM, 30-Apr-2026,172.5,165.5,177.0,165.5,177.0,176.5,173.33,18000,31.2,16,10000.0, 55.56,2026-04-30
FIEMIND, EQ, 30-Apr-2026,2193.2,2193.2,2199.7,2134.0,2176.5,2182.7,2159.39,32712,706.38,6488,16285.0, 49.78,2026-04-30
FILATEX, EQ, 30-Apr-2026,45.67,45.67,46.7,44.52,45.6,45.72,45.51,751723,342.12,4040,341746.0, 45.46,2026-04-30
FILATFASH, BE, 30-Apr-2026,0.27,0.26,0.26,0.26,0.26,0.26,0.26,5730579,14.9,1753,, -,2026-04-30
FINBUD, SM, 30-Apr-2026,130.2,130.0,131.0,125.05,126.1,125.7,128.66,15000,19.3,14,15000.0, 100.00,2026-04-30
FINCABLES, EQ, 30-Apr-2026,1003.25,1013.25,1015.25,983.8,990.2,990.55,997.13,334216,3332.57,20543,131246.0, 39.27,2026-04-30
FINEORG, EQ, 30-Apr-2026,4721.6,4718.6,4720.6,4621.1,4622.0,4628.1,4652.1,5403,251.35,2092,3077.0, 56.95,2026-04-30
FINIETF, EQ, 30-Apr-2026,31.67,32.46,32.46,31.27,31.59,31.46,31.46,384864,121.08,1477,149578.0, 38.87,2026-04-30
FINKURVE, EQ, 30-Apr-2026,73.8,73.8,73.8,70.99,72.49,72.16,72.13,42439,30.61,1311,26903.0, 63.39,2026-04-30
FINOPB, EQ, 30-Apr-2026,134.36,129.85,130.0,122.05,126.8,126.22,125.29,1063898,1333.0,9338,319963.0, 30.07,2026-04-30
FINPIPE, EQ, 30-Apr-2026,175.0,174.85,176.94,171.6,172.1,172.84,173.07,228764,395.92,8695,94560.0, 41.34,2026-04-30
FIRSTCRY, EQ, 30-Apr-2026,241.11,240.74,243.11,236.5,238.9,239.21,239.47,991001,2373.19,15237,305198.0, 30.80,2026-04-30
FISCHER, EQ, 30-Apr-2026,38.83,39.19,39.25,37.77,38.2,37.96,38.25,985838,377.05,1781,255958.0, 25.96,2026-04-30
FIVESTAR, EQ, 30-Apr-2026,498.15,499.0,505.35,475.2,477.9,479.55,489.48,967082,4733.67,26349,367604.0, 38.01,2026-04-30
FLAIR, EQ, 30-Apr-2026,320.25,320.25,323.75,315.25,317.3,318.75,319.17,54980,175.48,2136,19138.0, 34.81,2026-04-30
FLEXIADD, EQ, 30-Apr-2026,9.75,9.75,9.96,9.65,9.96,9.75,9.71,125731,12.21,358,91977.0, 73.15,2026-04-30
FLEXITUFF, EQ, 30-Apr-2026,6.9,7.44,7.5,6.6,7.3,7.36,7.38,60591,4.47,191,45527.0, 75.14,2026-04-30
FLFL, BZ, 30-Apr-2026,1.5,1.54,1.56,1.43,1.47,1.52,1.48,61933,0.92,82,, -,2026-04-30
FLUOROCHEM, EQ, 30-Apr-2026,3361.4,3347.2,3624.0,3345.1,3590.1,3602.0,3533.62,507417,17930.18,52653,198887.0, 39.20,2026-04-30
FLYSBS, SM, 30-Apr-2026,431.85,433.9,433.9,415.2,431.0,428.15,422.18,22600,95.41,97,14400.0, 63.72,2026-04-30
FMCGIETF, EQ, 30-Apr-2026,55.28,56.66,56.66,54.18,54.9,54.67,54.7,1030107,563.51,4627,508407.0, 49.35,2026-04-30
FMGOETZE, EQ, 30-Apr-2026,474.85,475.0,475.5,460.8,467.6,469.9,468.16,50220,235.11,1936,25204.0, 50.19,2026-04-30
FMNL, EQ, 30-Apr-2026,8.74,8.74,9.61,8.25,9.61,9.6,9.29,91581,8.51,307,78754.0, 85.99,2026-04-30
FOCE, SM, 30-Apr-2026,557.0,561.0,561.0,557.0,561.0,561.0,559.4,2400,13.43,5,0.0, 0.00,2026-04-30
FOCUS, EQ, 30-Apr-2026,76.92,76.93,80.95,76.01,79.0,79.43,78.37,94686,74.2,1383,31337.0, 33.10,2026-04-30
FOODSIN, EQ, 30-Apr-2026,65.0,64.0,65.18,63.11,64.59,64.41,64.16,60193,38.62,862,34719.0, 57.68,2026-04-30
FORCAS, SM, 30-Apr-2026,102.0,103.0,103.0,101.95,101.95,101.95,102.48,12800,13.12,8,11200.0, 87.50,2026-04-30
FORCEMOT, EQ, 30-Apr-2026,20985.0,20650.0,20677.0,19512.0,19970.0,19904.0,19982.86,257697,51495.24,65147,67794.0, 26.31,2026-04-30
FORTIS, EQ, 30-Apr-2026,935.2,930.65,934.9,910.55,922.0,922.95,920.45,1057073,9729.8,39681,504553.0, 47.73,2026-04-30
FOSECOIND, EQ, 30-Apr-2026,4721.2,4727.7,4754.1,4646.8,4704.0,4719.1,4686.32,1701,79.71,363,746.0, 43.86,2026-04-30
FRACTAL, EQ, 30-Apr-2026,937.45,929.7,949.9,909.15,935.25,936.05,932.75,784447,7316.9,40141,375412.0, 47.86,2026-04-30
FRESHARA, ST, 30-Apr-2026,203.05,201.0,213.2,197.0,213.0,210.65,206.59,15600,32.23,24,15600.0, 100.00,2026-04-30
FROG, SM, 30-Apr-2026,166.05,166.05,172.75,163.0,166.0,165.25,168.78,17600,29.71,36,12800.0, 72.73,2026-04-30
FRONTSP, EQ, 30-Apr-2026,1446.1,1463.0,1463.0,1415.0,1435.0,1424.45,1429.81,4821,68.93,868,2756.0, 57.17,2026-04-30
FSL, EQ, 30-Apr-2026,214.48,214.48,217.19,213.0,213.5,213.94,215.21,1617826,3481.77,37087,582405.0, 36.00,2026-04-30
FUSION, EQ, 30-Apr-2026,189.22,189.7,192.06,182.51,191.15,191.07,187.32,330349,618.81,5320,170168.0, 51.51,2026-04-30
GABRIEL, EQ, 30-Apr-2026,1011.05,1006.0,1034.9,1002.0,1024.95,1025.6,1025.25,372603,3820.11,24978,189450.0, 50.85,2026-04-30
GAEL, EQ, 30-Apr-2026,151.4,151.0,158.5,149.91,155.49,155.75,154.63,1708960,2642.53,25635,518681.0, 30.35,2026-04-30
GAIL, EQ, 30-Apr-2026,165.66,164.68,164.68,161.31,163.72,163.23,162.68,7518096,12230.54,55733,4273615.0, 56.84,2026-04-30
GAJANAND, SM, 30-Apr-2026,8.85,8.9,8.95,8.9,8.9,8.9,8.92,9000,0.8,3,9000.0, 100.00,2026-04-30
GALAPREC, EQ, 30-Apr-2026,743.3,750.0,750.45,730.05,742.0,741.75,740.39,29967,221.87,1134,18394.0, 61.38,2026-04-30
GALAXYSURF, EQ, 30-Apr-2026,1918.3,1927.9,1960.0,1850.0,1869.0,1857.2,1883.87,14866,280.06,2990,6769.0, 45.53,2026-04-30
GALLANTT, EQ, 30-Apr-2026,866.65,875.1,885.6,825.0,854.9,861.85,854.77,809035,6915.42,27126,124257.0, 15.36,2026-04-30
GANDHAR, EQ, 30-Apr-2026,140.49,140.0,141.68,136.25,138.55,138.73,138.42,133807,185.22,2167,49071.0, 36.67,2026-04-30
GANDHITUBE, EQ, 30-Apr-2026,836.9,836.45,837.95,814.05,828.0,832.8,830.98,2249,18.69,292,1325.0, 58.92,2026-04-30
GANECOS, EQ, 30-Apr-2026,1059.1,1067.55,1082.0,1044.8,1048.5,1049.55,1063.62,382830,4071.86,17838,172440.0, 45.04,2026-04-30
GANESHBE, EQ, 30-Apr-2026,100.72,101.53,103.7,99.11,100.0,100.19,101.19,226670,229.37,2833,109549.0, 48.33,2026-04-30
GANESHCP, EQ, 30-Apr-2026,194.17,193.1,197.12,192.0,192.25,195.08,194.93,44793,87.31,1137,21985.0, 49.08,2026-04-30
GANESHHOU, EQ, 30-Apr-2026,683.0,682.95,683.1,660.4,660.4,665.55,673.29,34594,232.92,3165,15660.0, 45.27,2026-04-30
GANESHIN, ST, 30-Apr-2026,86.9,84.05,87.0,84.0,84.85,84.85,85.13,19200,16.34,24,16800.0, 87.50,2026-04-30
GANGABATH, ST, 30-Apr-2026,23.85,23.95,24.05,23.15,23.85,23.85,23.75,12000,2.85,4,9000.0, 75.00,2026-04-30
GANGAFORGE, EQ, 30-Apr-2026,2.93,2.95,2.95,2.87,2.9,2.9,2.91,66027,1.92,154,44591.0, 67.53,2026-04-30
GANGESSECU, EQ, 30-Apr-2026,127.35,127.2,128.89,126.21,127.8,127.58,127.74,3607,4.61,43,2878.0, 79.79,2026-04-30
GARFIBRES, EQ, 30-Apr-2026,612.7,612.0,618.8,603.0,615.0,614.75,610.64,69348,423.46,10652,37085.0, 53.48,2026-04-30
GARUDA, EQ, 30-Apr-2026,172.1,171.8,172.36,167.14,168.84,168.53,168.84,407487,688.02,6601,158018.0, 38.78,2026-04-30
GATECH, EQ, 30-Apr-2026,0.49,0.5,0.5,0.48,0.5,0.49,0.49,6662147,32.82,926,3349947.0, 50.28,2026-04-30
GATECHDVR, EQ, 30-Apr-2026,0.46,0.48,0.48,0.46,0.48,0.46,0.47,272636,1.29,144,235719.0, 86.46,2026-04-30
GATEWAY, EQ, 30-Apr-2026,57.71,57.5,57.7,56.76,57.68,57.37,57.21,343641,196.59,3906,157780.0, 45.91,2026-04-30
GAUDIUMIVF, BE, 30-Apr-2026,115.69,109.91,121.47,109.91,121.47,121.47,113.55,466216,529.37,2287,, -,2026-04-30
GAYAHWS, EQ, 30-Apr-2026,2.23,2.3,2.3,2.15,2.27,2.25,2.22,513571,11.41,410,364024.0, 70.88,2026-04-30
GAYAPROJ, BE, 30-Apr-2026,17.07,16.55,17.92,16.25,17.92,17.92,17.51,892506,156.32,726,, -,2026-04-30
GCHOTELS, SM, 30-Apr-2026,98.7,99.0,99.0,94.6,96.45,95.45,95.89,45000,43.15,48,33600.0, 74.67,2026-04-30
GCSL, EQ, 30-Apr-2026,346.75,352.2,366.55,349.55,362.0,361.85,359.05,189694,681.1,3827,59755.0, 31.50,2026-04-30
GEECEE, EQ, 30-Apr-2026,296.02,306.01,308.97,293.0,295.5,295.93,297.2,2067,6.14,184,535.0, 25.88,2026-04-30
GEEKAYWIRE, EQ, 30-Apr-2026,27.02,26.3,26.89,24.51,26.3,25.26,25.58,279460,71.5,2047,132906.0, 47.56,2026-04-30
GEMAROMA, BE, 30-Apr-2026,166.62,164.4,164.4,160.15,163.5,163.57,162.44,23359,37.94,312,, -,2026-04-30
GENCON, EQ, 30-Apr-2026,40.68,40.67,41.36,40.0,41.36,40.96,40.7,18207,7.41,316,10881.0, 59.76,2026-04-30
GENESYS, EQ, 30-Apr-2026,273.94,271.2,276.9,264.8,268.55,268.69,269.67,242880,654.97,6433,85512.0, 35.21,2026-04-30
GENUSPAPER, EQ, 30-Apr-2026,13.7,13.99,13.99,13.33,13.68,13.52,13.64,64074,8.74,242,42769.0, 66.75,2026-04-30
GENUSPOWER, EQ, 30-Apr-2026,311.72,309.8,317.79,298.05,311.94,312.05,307.79,954764,2938.62,17914,351378.0, 36.80,2026-04-30
GEOJITFSL, EQ, 30-Apr-2026,64.07,64.07,65.53,62.0,64.73,64.43,64.39,626090,403.15,4403,203558.0, 32.51,2026-04-30
GESHIP, EQ, 30-Apr-2026,1554.6,1551.0,1589.7,1534.1,1580.0,1576.8,1565.01,971195,15199.32,39681,459249.0, 47.29,2026-04-30
GFLLIMITED, EQ, 30-Apr-2026,47.34,48.09,48.99,46.84,48.8,48.58,48.02,20112,9.66,265,12881.0, 64.05,2026-04-30
GGBL, SM, 30-Apr-2026,342.35,340.0,354.0,330.3,338.0,342.4,342.37,70200,240.35,182,33300.0, 47.44,2026-04-30
GHCL, EQ, 30-Apr-2026,515.9,515.5,517.0,504.05,506.5,506.8,508.78,110318,561.28,5822,48810.0, 44.24,2026-04-30
GHCLTEXTIL, EQ, 30-Apr-2026,90.0,90.5,95.95,85.6,90.5,89.07,90.99,4410279,4012.86,23990,1229798.0, 27.88,2026-04-30
GICHSGFIN, EQ, 30-Apr-2026,153.21,153.98,153.98,150.4,151.5,151.52,151.85,73295,111.3,1337,41309.0, 56.36,2026-04-30
GICL, EQ, 30-Apr-2026,40.7,40.7,41.4,40.6,41.0,40.81,40.88,731705,299.1,1056,278106.0, 38.01,2026-04-30
GICRE, EQ, 30-Apr-2026,399.95,400.0,400.0,390.0,392.9,393.4,394.09,314843,1240.77,9185,98659.0, 31.34,2026-04-30
GILLANDERS, EQ, 30-Apr-2026,91.96,90.0,95.85,90.0,91.16,93.69,94.11,9945,9.36,183,7097.0, 71.36,2026-04-30
GILLETTE, EQ, 30-Apr-2026,8065.5,8019.5,8077.5,7930.0,7970.5,7953.5,7989.57,19991,1597.2,3917,13223.0, 66.14,2026-04-30
GILT10BETA, EQ, 30-Apr-2026,26.2,25.54,26.2,25.54,25.69,26.02,26.16,355,0.09,25,341.0, 96.06,2026-04-30
GILT5BETA, EQ, 30-Apr-2026,64.55,64.23,65.1,64.23,65.1,65.1,64.66,6134,3.97,21,3005.0, 48.99,2026-04-30
GILT5YBEES, EQ, 30-Apr-2026,64.39,64.39,64.59,64.21,64.32,64.38,64.42,299671,193.06,650,222456.0, 74.23,2026-04-30
GINNIFILA, EQ, 30-Apr-2026,42.23,42.44,43.02,41.05,41.76,42.19,42.03,56187,23.62,934,32657.0, 58.12,2026-04-30
GIPCL, EQ, 30-Apr-2026,158.68,158.11,158.28,155.11,157.9,156.85,156.67,199065,311.88,2330,93781.0, 47.11,2026-04-30
GIRIRAJ, ST, 30-Apr-2026,196.5,186.7,196.5,186.7,196.5,196.5,189.97,750,1.42,3,750.0, 100.00,2026-04-30
GJL, ST, 30-Apr-2026,165.0,156.75,169.0,156.75,169.0,159.8,157.56,26400,41.6,25,24800.0, 93.94,2026-04-30
GKENERGY, EQ, 30-Apr-2026,130.05,130.4,132.5,126.5,127.0,127.38,128.63,1061206,1365.02,11499,422562.0, 39.82,2026-04-30
GKSL, EQ, 30-Apr-2026,118.88,118.8,126.55,117.27,122.62,125.22,123.78,1443410,1786.59,11759,449948.0, 31.17,2026-04-30
GKWLIMITED, EQ, 30-Apr-2026,1619.3,1613.9,1655.0,1581.3,1655.0,1651.1,1637.5,866,14.18,104,753.0, 86.95,2026-04-30
GLAND, EQ, 30-Apr-2026,1739.1,1747.5,1767.3,1728.4,1762.0,1750.8,1749.36,221268,3870.78,15976,156571.0, 70.76,2026-04-30
GLAXO, EQ, 30-Apr-2026,2366.6,2367.2,2370.8,2319.4,2348.0,2336.4,2341.47,113696,2662.16,15646,71345.0, 62.75,2026-04-30
GLENMARK, EQ, 30-Apr-2026,2413.9,2400.1,2455.9,2385.6,2400.0,2406.3,2413.41,792796,19133.43,39246,385547.0, 48.63,2026-04-30
GLFL, BE, 30-Apr-2026,7.08,7.1,7.22,6.95,7.22,7.22,7.08,4567,0.32,18,, -,2026-04-30
GLOBAL, EQ, 30-Apr-2026,103.76,104.0,106.0,101.01,102.25,103.6,103.68,99508,103.17,895,53653.0, 53.92,2026-04-30
GLOBALE, BE, 30-Apr-2026,13.93,14.0,14.3,13.93,13.93,13.93,14.0,7697,1.08,19,, -,2026-04-30
GLOBALVECT, EQ, 30-Apr-2026,180.69,184.34,184.34,180.0,181.0,181.76,181.91,6353,11.56,364,4256.0, 66.99,2026-04-30
GLOBE, EQ, 30-Apr-2026,2.52,2.53,2.55,2.44,2.51,2.48,2.5,431084,10.79,376,334951.0, 77.70,2026-04-30
GLOBECIVIL, BE, 30-Apr-2026,48.57,50.2,50.2,46.2,48.05,48.15,47.18,41936,19.79,201,, -,2026-04-30
GLOBUSSPR, EQ, 30-Apr-2026,1067.2,1055.0,1125.0,1055.0,1109.9,1106.45,1108.5,311091,3448.44,12470,121281.0, 38.99,2026-04-30
GLOSTERLTD, EQ, 30-Apr-2026,622.0,611.1,628.05,610.0,610.05,612.9,617.09,1440,8.89,100,1134.0, 78.75,2026-04-30
GLOTTIS, EQ, 30-Apr-2026,58.9,58.0,60.09,55.95,58.03,58.91,57.69,396813,228.93,2620,162381.0, 40.92,2026-04-30
GMBREW, EQ, 30-Apr-2026,968.85,965.0,967.45,951.2,957.0,957.1,957.27,48831,467.44,3151,27491.0, 56.30,2026-04-30
GMDCLTD, EQ, 30-Apr-2026,740.05,742.0,752.35,725.25,737.0,736.15,738.22,4040540,29827.92,66481,923077.0, 22.85,2026-04-30
GML, SM, 30-Apr-2026,19.2,18.35,19.0,18.35,19.0,19.0,18.68,4000,0.75,2,4000.0, 100.00,2026-04-30
GMMPFAUDLR, EQ, 30-Apr-2026,898.0,905.0,920.55,899.0,903.0,905.55,910.5,73238,666.83,3225,39237.0, 53.57,2026-04-30
GMRAIRPORT, EQ, 30-Apr-2026,96.43,96.2,96.84,94.05,95.98,96.43,95.48,9110130,8698.6,45334,3539498.0, 38.85,2026-04-30
GMRP&UI, EQ, 30-Apr-2026,107.2,107.0,107.6,105.1,106.2,106.55,106.51,1190105,1267.53,11352,427644.0, 35.93,2026-04-30
GNA, EQ, 30-Apr-2026,427.35,429.0,435.0,422.45,428.5,430.55,428.62,33910,145.34,1579,16390.0, 48.33,2026-04-30
GNFC, EQ, 30-Apr-2026,474.9,474.7,476.25,466.0,472.1,469.3,470.57,161713,760.98,9710,58974.0, 36.47,2026-04-30
GNRL, EQ, 30-Apr-2026,95.65,95.7,97.9,92.5,97.5,97.65,95.06,53604,50.96,1207,29060.0, 54.21,2026-04-30
GOACARBON, EQ, 30-Apr-2026,375.55,375.0,375.0,363.0,373.95,370.7,368.43,11568,42.62,758,4141.0, 35.80,2026-04-30
GOCLCORP, EQ, 30-Apr-2026,331.45,328.05,328.3,320.0,324.05,325.15,324.16,57076,185.01,1949,21883.0, 38.34,2026-04-30
GOCOLORS, EQ, 30-Apr-2026,304.59,301.0,306.0,270.01,286.0,281.96,283.72,1061912,3012.87,22454,239164.0, 22.52,2026-04-30
GODAVARIB, EQ, 30-Apr-2026,319.7,322.7,323.1,316.05,319.6,318.2,318.97,137415,438.31,3796,59089.0, 43.00,2026-04-30
GODFRYPHLP, EQ, 30-Apr-2026,2275.3,2265.1,2293.8,2215.8,2256.0,2251.0,2252.7,1094541,24656.78,50139,300968.0, 27.50,2026-04-30
GODIGIT, EQ, 30-Apr-2026,315.1,313.0,314.9,306.35,308.5,309.05,309.01,265854,821.53,10064,177320.0, 66.70,2026-04-30
GODREJAGRO, EQ, 30-Apr-2026,593.4,597.0,601.5,582.6,600.0,596.3,591.02,111776,660.62,10302,52562.0, 47.02,2026-04-30
GODREJCP, EQ, 30-Apr-2026,1090.05,1085.1,1089.9,1043.05,1069.9,1067.1,1067.32,1714183,18295.88,57155,980430.0, 57.20,2026-04-30
GODREJIND, EQ, 30-Apr-2026,959.9,976.3,979.9,951.0,951.0,959.05,963.09,82446,794.03,7901,29492.0, 35.77,2026-04-30
GODREJPROP, EQ, 30-Apr-2026,1862.3,1863.2,1863.2,1815.5,1832.0,1835.2,1832.98,1161254,21285.56,48179,594078.0, 51.16,2026-04-30
GOKEX, EQ, 30-Apr-2026,707.3,704.1,707.8,686.0,707.5,703.7,696.11,350125,2437.24,20908,140485.0, 40.12,2026-04-30
GOKUL, EQ, 30-Apr-2026,39.89,39.89,40.7,39.05,40.1,39.65,39.6,13229,5.24,282,10141.0, 76.66,2026-04-30
GOKULAGRO, EQ, 30-Apr-2026,228.46,229.9,239.56,227.26,233.7,232.81,234.76,1959586,4600.34,34023,483862.0, 24.69,2026-04-30
GOLD1, EQ, 30-Apr-2026,122.73,123.67,124.81,122.73,124.67,124.7,123.99,3160275,3918.48,6985,1955317.0, 61.87,2026-04-30
GOLD360, EQ, 30-Apr-2026,143.6,143.65,146.35,143.5,146.35,145.8,145.13,10492,15.23,232,7262.0, 69.21,2026-04-30
GOLDADD, EQ, 30-Apr-2026,142.8,143.48,145.14,142.8,144.98,144.94,143.47,318749,457.31,2598,148375.0, 46.55,2026-04-30
GOLDBEES, EQ, 30-Apr-2026,121.58,122.7,123.62,121.68,123.33,123.43,122.63,34788645,42660.71,93458,19105546.0, 54.92,2026-04-30
GOLDBETA, EQ, 30-Apr-2026,123.8,126.85,126.85,123.75,125.5,125.7,125.25,486812,609.72,2898,287261.0, 59.01,2026-04-30
GOLDBND, EQ, 30-Apr-2026,146.73,146.64,149.69,146.64,149.1,149.29,147.84,25915,38.31,149,21304.0, 82.21,2026-04-30
GOLDCASE, EQ, 30-Apr-2026,23.13,23.43,23.52,23.11,23.51,23.48,23.33,9369028,2185.35,9691,3333970.0, 35.59,2026-04-30
GOLDENTOBC, BZ, 30-Apr-2026,26.9,28.0,28.0,27.0,27.2,27.2,27.32,624,0.17,16,, -,2026-04-30
GOLDETF, EQ, 30-Apr-2026,142.76,141.3,146.32,141.3,144.8,144.74,144.06,1255568,1808.77,6270,711910.0, 56.70,2026-04-30
GOLDIAM, EQ, 30-Apr-2026,386.75,380.95,384.7,373.65,376.5,377.1,378.99,245570,930.68,4761,92913.0, 37.84,2026-04-30
GOLDIETF, EQ, 30-Apr-2026,125.87,125.93,128.12,125.93,127.76,127.96,127.17,6442811,8193.29,31287,2587664.0, 40.16,2026-04-30
GOLDSTAR, ST, 30-Apr-2026,7.2,7.0,7.0,6.85,6.9,6.9,6.94,90000,6.24,8,90000.0, 100.00,2026-04-30
GOLDTECH, EQ, 30-Apr-2026,39.82,39.0,40.39,38.52,39.8,39.53,39.42,27591,10.88,532,9309.0, 33.74,2026-04-30
GOODLUCK, EQ, 30-Apr-2026,1276.45,1268.0,1274.75,1227.9,1252.0,1254.65,1248.32,64799,808.9,3954,29181.0, 45.03,2026-04-30
GOODYEAR, EQ, 30-Apr-2026,789.4,789.45,789.45,772.0,782.45,780.3,779.32,2984,23.25,325,2153.0, 72.15,2026-04-30
GOPAL, EQ, 30-Apr-2026,267.4,267.4,272.9,267.0,271.25,271.7,270.39,61276,165.68,1878,21389.0, 34.91,2026-04-30
GOYALALUM, EQ, 30-Apr-2026,7.1,7.12,7.21,6.98,7.14,7.09,7.11,83718,5.95,355,59925.0, 71.58,2026-04-30
GOYALSALT, SM, 30-Apr-2026,121.25,120.0,125.0,120.0,120.05,120.05,121.68,1800,2.19,3,600.0, 33.33,2026-04-30
GPECO, SM, 30-Apr-2026,379.8,380.0,383.9,371.1,379.0,376.4,378.87,7800,29.55,34,7000.0, 89.74,2026-04-30
GPIL, EQ, 30-Apr-2026,303.2,302.0,307.0,292.0,296.75,296.3,297.66,2970602,8842.17,41610,1269115.0, 42.72,2026-04-30
GPPL, EQ, 30-Apr-2026,158.48,157.0,157.7,154.62,155.61,156.05,155.86,1052730,1640.75,20769,543139.0, 51.59,2026-04-30
GPTHEALTH, EQ, 30-Apr-2026,135.5,135.45,139.88,134.61,137.5,138.43,137.3,81254,111.56,1131,47930.0, 58.99,2026-04-30
GPTINFRA, EQ, 30-Apr-2026,114.91,115.9,115.9,112.41,113.41,113.48,113.55,69510,78.93,1194,39250.0, 56.47,2026-04-30
GRANDOAK, EQ, 30-Apr-2026,30.75,31.5,31.5,30.5,30.5,30.5,30.76,81,0.02,6,80.0, 98.77,2026-04-30
GRANULES, EQ, 30-Apr-2026,704.55,705.0,722.5,690.0,701.0,699.7,707.14,1647979,11653.47,41947,645231.0, 39.15,2026-04-30
GRAPHITE, EQ, 30-Apr-2026,740.6,730.0,732.75,695.7,703.9,707.1,708.66,2036387,14431.15,51095,629206.0, 30.90,2026-04-30
GRASIM, EQ, 30-Apr-2026,2803.2,2783.0,2801.4,2727.0,2794.0,2794.5,2772.33,1130223,31333.49,59066,663893.0, 58.74,2026-04-30
GRAUWEIL, EQ, 30-Apr-2026,70.97,71.33,71.33,69.4,69.68,69.55,69.97,56706,39.68,1669,46626.0, 82.22,2026-04-30
GRAVISSHO, EQ, 30-Apr-2026,27.15,27.35,27.55,27.3,27.3,27.3,27.32,3085,0.84,10,2601.0, 84.31,2026-04-30
GRAVITA, EQ, 30-Apr-2026,1648.4,1647.0,1648.0,1596.4,1626.9,1630.0,1623.19,213346,3463.02,17264,95285.0, 44.66,2026-04-30
GRCL, SM, 30-Apr-2026,403.0,420.0,423.15,420.0,423.15,423.15,422.55,3000,12.68,12,3000.0, 100.00,2026-04-30
GREAVESCOT, EQ, 30-Apr-2026,167.42,167.0,167.0,162.22,165.5,165.18,164.97,692185,1141.87,7988,234289.0, 33.85,2026-04-30
GREENLAM, EQ, 30-Apr-2026,227.49,227.49,229.76,223.35,228.15,225.88,226.94,31179,70.76,678,9077.0, 29.11,2026-04-30
GREENLEAF, SM, 30-Apr-2026,71.7,71.7,74.5,70.0,74.5,74.5,72.07,25000,18.02,19,22000.0, 88.00,2026-04-30
GREENPANEL, EQ, 30-Apr-2026,222.12,223.24,230.0,218.0,229.14,228.91,226.63,385657,874.0,8054,135302.0, 35.08,2026-04-30
GREENPLY, EQ, 30-Apr-2026,284.45,275.0,281.0,262.3,264.35,267.35,275.53,5016691,13822.62,45704,543265.0, 10.83,2026-04-30
GREENPOWER, EQ, 30-Apr-2026,12.74,12.57,13.08,12.37,12.58,12.54,12.68,19340950,2452.04,20345,4549872.0, 23.52,2026-04-30
GRINDWELL, EQ, 30-Apr-2026,1592.1,1592.8,1599.9,1561.0,1561.0,1575.9,1578.51,131652,2078.14,17063,110869.0, 84.21,2026-04-30
GRINFRA, EQ, 30-Apr-2026,910.2,909.9,967.7,905.0,931.0,937.2,947.6,264545,2506.83,16569,74931.0, 28.32,2026-04-30
GRMOVER, EQ, 30-Apr-2026,165.41,166.0,168.0,164.15,165.5,165.97,166.04,479418,796.02,4730,180185.0, 37.58,2026-04-30
GROBTEA, EQ, 30-Apr-2026,915.7,918.0,921.0,918.0,920.0,920.9,919.14,30,0.28,10,19.0, 63.33,2026-04-30
GROWW, EQ, 30-Apr-2026,213.47,213.2,216.0,210.62,215.01,214.99,213.81,24035610,51391.5,146576,5719151.0, 23.79,2026-04-30
GROWWCAPM, EQ, 30-Apr-2026,11.13,11.14,11.4,10.94,11.1,11.05,11.04,435997,48.14,716,217806.0, 49.96,2026-04-30
GROWWCHEM, EQ, 30-Apr-2026,28.46,28.0,28.79,27.83,28.46,28.32,28.18,128755,36.29,464,105707.0, 82.10,2026-04-30
GROWWDEFNC, EQ, 30-Apr-2026,90.28,90.63,90.63,88.4,89.71,89.33,89.21,295193,263.34,3248,142047.0, 48.12,2026-04-30
GROWWEV, EQ, 30-Apr-2026,29.94,29.98,30.19,29.44,30.0,30.05,29.79,101836,30.34,1311,52025.0, 51.09,2026-04-30
GROWWGOLD, EQ, 30-Apr-2026,14.36,14.4,14.6,14.37,14.58,14.58,14.47,2184813,316.21,3407,637745.0, 29.19,2026-04-30
GROWWHOSPI, EQ, 30-Apr-2026,48.5,48.37,49.0,47.69,48.9,48.19,48.06,109326,52.54,784,80104.0, 73.27,2026-04-30
GROWWLIQID, EQ, 30-Apr-2026,108.83,108.89,108.9,108.89,108.9,108.89,108.9,810367,882.47,239,638223.0, 78.76,2026-04-30
GROWWLOVOL, EQ, 30-Apr-2026,10.34,10.26,10.45,10.25,10.39,10.31,10.3,9013,0.93,127,8379.0, 92.97,2026-04-30
GROWWMC150, EQ, 30-Apr-2026,222.85,223.0,223.0,218.66,220.4,220.39,220.5,900,1.98,54,744.0, 82.67,2026-04-30
GROWWMETAL, EQ, 30-Apr-2026,12.48,12.59,12.59,12.2,12.3,12.25,12.34,848964,104.74,2558,468768.0, 55.22,2026-04-30
GROWWMOM50, EQ, 30-Apr-2026,10.47,10.61,10.62,10.28,10.51,10.4,10.36,139786,14.49,546,105451.0, 75.44,2026-04-30
GROWWN200, EQ, 30-Apr-2026,11.17,11.33,11.33,10.93,11.13,11.05,11.09,100822,11.18,382,87663.0, 86.95,2026-04-30
GROWWNET, EQ, 30-Apr-2026,9.1,9.25,9.25,8.92,9.05,8.98,8.98,219547,19.7,603,175363.0, 79.87,2026-04-30
GROWWNIFTY, EQ, 30-Apr-2026,9.69,9.69,9.93,9.58,9.7,9.65,9.63,732271,70.53,2288,592462.0, 80.91,2026-04-30
GROWWNXT50, EQ, 30-Apr-2026,70.48,69.61,71.6,69.26,70.23,70.0,70.13,7176,5.03,130,3925.0, 54.70,2026-04-30
GROWWPOWER, EQ, 30-Apr-2026,12.32,12.01,12.4,12.01,12.28,12.25,12.17,15878828,1932.81,7400,13103766.0, 82.52,2026-04-30
GROWWPSE, EQ, 30-Apr-2026,107.98,106.0,108.9,105.82,107.13,106.25,106.44,1753,1.87,77,692.0, 39.48,2026-04-30
GROWWPSUBK, EQ, 30-Apr-2026,86.97,85.45,85.48,84.4,85.1,85.07,84.89,9618,8.16,169,8612.0, 89.54,2026-04-30
GROWWRAIL, EQ, 30-Apr-2026,32.89,33.02,33.02,32.23,32.5,32.56,32.47,211756,68.75,2152,145031.0, 68.49,2026-04-30
GROWWRLTY, EQ, 30-Apr-2026,9.0,9.2,9.2,8.81,9.0,8.95,8.89,159844,14.22,598,99364.0, 62.16,2026-04-30
GROWWSC250, EQ, 30-Apr-2026,9.7,9.69,9.74,9.55,9.7,9.65,9.62,302777,29.12,599,221701.0, 73.22,2026-04-30
GROWWSLVR, EQ, 30-Apr-2026,22.96,22.83,23.35,22.8,23.32,23.3,23.13,1692814,391.53,3546,578467.0, 34.17,2026-04-30
GRPLTD, EQ, 30-Apr-2026,1917.4,1885.1,1949.9,1838.8,1929.9,1897.7,1890.74,1776,33.58,336,839.0, 47.24,2026-04-30
GRSE, EQ, 30-Apr-2026,3072.7,3072.0,3114.0,2885.0,2946.0,2930.8,2953.71,4007073,118357.47,204168,892526.0, 22.27,2026-04-30
GRWRHITECH, EQ, 30-Apr-2026,3813.3,3810.0,4025.0,3809.7,4000.5,3999.0,3943.72,92825,3660.75,12034,42801.0, 46.11,2026-04-30
GSEC10ABSL, EQ, 30-Apr-2026,110.36,110.36,110.61,108.21,108.21,108.21,110.36,1008,1.11,7,1006.0, 99.80,2026-04-30
GSEC10YEAR, EQ, 30-Apr-2026,29.79,29.83,29.83,29.44,29.79,29.78,29.8,519,0.15,22,518.0, 99.81,2026-04-30
GSEC5IETF, EQ, 30-Apr-2026,64.35,64.3,64.64,64.13,64.47,64.46,64.35,7997,5.15,36,4717.0, 58.98,2026-04-30
GSFC, EQ, 30-Apr-2026,172.57,171.5,172.82,169.5,170.89,170.39,170.59,375535,640.63,10759,172008.0, 45.80,2026-04-30
GSLSU, EQ, 30-Apr-2026,56.99,59.0,59.0,56.5,57.5,57.11,57.04,32938,18.79,1043,10216.0, 31.02,2026-04-30
GSMFOILS, SM, 30-Apr-2026,207.1,206.0,206.95,200.05,205.5,204.6,203.55,49500,100.76,89,29000.0, 58.59,2026-04-30
GSPCROP, EQ, 30-Apr-2026,418.65,422.0,428.0,414.05,422.7,421.1,422.19,81221,342.91,2057,31923.0, 39.30,2026-04-30
GSPL, EQ, 30-Apr-2026,284.48,284.0,288.25,282.34,285.3,285.19,285.24,579462,1652.87,29975,258258.0, 44.57,2026-04-30
GSS, BE, 30-Apr-2026,14.02,13.99,13.99,13.5,13.79,13.79,13.68,18611,2.55,123,, -,2026-04-30
GTECJAINX, EQ, 30-Apr-2026,20.12,22.0,22.0,19.21,20.2,20.19,20.19,570,0.12,25,536.0, 94.04,2026-04-30
GTL, BE, 30-Apr-2026,7.35,7.35,7.7,7.25,7.39,7.38,7.47,155221,11.59,375,, -,2026-04-30
GTLINFRA, EQ, 30-Apr-2026,1.23,1.23,1.25,1.22,1.23,1.22,1.23,28447925,349.71,9963,9947771.0, 34.97,2026-04-30
GTPL, EQ, 30-Apr-2026,67.92,67.89,68.77,66.51,67.11,67.45,67.47,34865,23.52,1163,9995.0, 28.67,2026-04-30
GUFICBIO, EQ, 30-Apr-2026,289.25,288.0,288.95,284.0,284.5,284.6,286.33,24955,71.45,785,16509.0, 66.16,2026-04-30
GUJALKALI, EQ, 30-Apr-2026,735.75,735.95,809.3,735.95,797.0,800.95,781.72,1585922,12397.44,34522,271623.0, 17.13,2026-04-30
GUJAPOLLO, EQ, 30-Apr-2026,438.25,441.7,442.0,429.4,430.0,432.7,435.42,7471,32.53,1010,3573.0, 47.82,2026-04-30
GUJGASLTD, EQ, 30-Apr-2026,391.0,389.65,389.65,375.5,380.95,380.05,380.91,503932,1919.54,23066,238484.0, 47.32,2026-04-30
GUJRAFFIA, EQ, 30-Apr-2026,41.24,41.24,42.4,39.81,42.0,40.94,41.08,1847,0.76,41,1765.0, 95.56,2026-04-30
GUJTHEM, EQ, 30-Apr-2026,375.64,370.04,373.49,361.03,362.0,363.58,367.24,95014,348.93,3501,40994.0, 43.15,2026-04-30
GULFOILLUB, EQ, 30-Apr-2026,994.3,990.05,995.05,970.55,987.0,983.3,982.94,53912,529.92,4185,26168.0, 48.54,2026-04-30
GULFPETRO, EQ, 30-Apr-2026,33.46,33.59,33.6,32.5,33.0,32.87,33.19,28049,9.31,395,17169.0, 61.21,2026-04-30
GULPOLY, EQ, 30-Apr-2026,181.95,181.95,189.15,178.0,180.66,181.16,184.27,456715,841.59,5336,173357.0, 37.96,2026-04-30
GURUNANAK, SM, 30-Apr-2026,36.9,38.7,38.7,38.5,38.7,38.7,38.68,38400,14.85,22,36800.0, 95.83,2026-04-30
GVKPIL, BE, 30-Apr-2026,3.27,3.33,3.33,3.33,3.33,3.33,3.33,1159478,38.61,679,, -,2026-04-30
GVPIL, BE, 30-Apr-2026,575.6,575.95,604.35,574.0,604.35,604.35,596.79,211980,1265.08,4115,, -,2026-04-30
GVPTECH, EQ, 30-Apr-2026,7.1,7.3,7.3,6.91,7.12,7.11,7.12,11552,0.82,105,6922.0, 59.92,2026-04-30
GVPTECHPP, E1, 30-Apr-2026,3.12,3.12,3.12,3.1,3.12,3.12,3.11,650,0.02,4,650.0, 100.00,2026-04-30
GVT&D, EQ, 30-Apr-2026,4479.4,4495.0,4581.9,4443.0,4475.0,4466.2,4507.68,653778,29470.2,79022,393652.0, 60.21,2026-04-30
HAL, EQ, 30-Apr-2026,4351.6,4349.0,4379.0,4289.3,4330.0,4338.8,4335.24,818024,35463.31,44122,395080.0, 48.30,2026-04-30
HALDER, EQ, 30-Apr-2026,252.0,252.0,254.92,236.1,236.32,246.82,243.99,418,1.02,56,257.0, 61.48,2026-04-30
HALDYNGL, EQ, 30-Apr-2026,110.2,108.55,110.45,107.1,107.65,107.85,108.36,84220,91.26,824,62129.0, 73.77,2026-04-30
HALEOSLABS, EQ, 30-Apr-2026,1500.8,1508.3,1544.5,1440.0,1473.1,1456.8,1482.03,1733,25.68,210,1376.0, 79.40,2026-04-30
HAPPSTMNDS, EQ, 30-Apr-2026,371.35,371.35,380.3,363.9,373.3,373.1,371.65,547076,2033.22,16147,117465.0, 21.47,2026-04-30
HAPPYFORGE, EQ, 30-Apr-2026,1301.3,1309.0,1365.0,1294.0,1345.0,1348.0,1334.21,66905,892.65,7525,35319.0, 52.79,2026-04-30
HARDWYN, EQ, 30-Apr-2026,27.11,27.5,27.79,26.5,27.25,27.19,27.05,5430246,1468.93,4426,1453783.0, 26.77,2026-04-30
HARIOMPIPE, EQ, 30-Apr-2026,330.4,325.55,336.0,319.6,333.1,332.75,327.98,193952,636.13,4770,78018.0, 40.23,2026-04-30
HARRMALAYA, EQ, 30-Apr-2026,219.49,216.2,230.99,216.2,223.0,223.5,225.2,23968,53.98,810,13893.0, 57.96,2026-04-30
HARSHA, EQ, 30-Apr-2026,393.7,396.8,400.0,381.4,386.6,386.7,387.16,53007,205.22,1994,22463.0, 42.38,2026-04-30
HATHWAY, EQ, 30-Apr-2026,11.09,11.02,11.07,10.9,10.95,11.01,10.98,1563336,171.7,2634,718477.0, 45.96,2026-04-30
HATSUN, EQ, 30-Apr-2026,962.05,962.9,974.4,946.8,965.0,963.45,956.89,7643,73.14,1166,3512.0, 45.95,2026-04-30
HAVELLS, EQ, 30-Apr-2026,1252.5,1252.0,1252.0,1233.0,1243.0,1240.6,1241.34,1559906,19363.68,44817,976849.0, 62.62,2026-04-30
HAVISHA, BE, 30-Apr-2026,1.6,1.63,1.63,1.58,1.6,1.6,1.6,52670,0.84,43,, -,2026-04-30
HAWKINCOOK, EQ, 30-Apr-2026,7474.16,7473.97,7495.0,7399.42,7495.0,7460.01,7431.53,275,20.44,101,171.0, 62.18,2026-04-30
HBESD, EQ, 30-Apr-2026,74.55,74.0,74.0,71.0,71.45,72.05,71.6,373,0.27,26,329.0, 88.20,2026-04-30
HBLENGINE, EQ, 30-Apr-2026,810.9,809.0,815.5,787.7,797.6,798.5,799.87,1276483,10210.16,35433,423508.0, 33.18,2026-04-30
HBSL, BE, 30-Apr-2026,62.0,62.0,63.05,60.1,63.05,63.05,60.89,181,0.11,23,, -,2026-04-30
HCC, EQ, 30-Apr-2026,22.07,21.9,22.21,21.35,22.1,22.04,21.87,46678840,10207.43,38022,13387132.0, 28.68,2026-04-30
HCG, EQ, 30-Apr-2026,570.3,566.95,577.85,560.1,576.9,572.55,571.37,68235,389.87,4526,37085.0, 54.35,2026-04-30
HCL-INSYS, EQ, 30-Apr-2026,12.36,12.26,12.45,12.1,12.2,12.17,12.23,202713,24.8,1037,135874.0, 67.03,2026-04-30
HCLTECH, EQ, 30-Apr-2026,1200.2,1200.0,1213.7,1184.0,1201.4,1199.1,1200.95,5070033,60888.37,127757,2700518.0, 53.26,2026-04-30
HDBFS, EQ, 30-Apr-2026,667.75,666.0,667.0,654.45,658.85,656.6,658.07,285553,1879.15,13041,161838.0, 56.68,2026-04-30
HDFCAMC, EQ, 30-Apr-2026,2787.9,2770.1,2774.9,2703.7,2719.6,2712.6,2726.86,1255481,34235.19,61862,849046.0, 67.63,2026-04-30
HDFCBANK, EQ, 30-Apr-2026,779.0,770.0,778.8,762.25,774.75,771.7,770.36,47998755,369763.53,568313,22915732.0, 47.74,2026-04-30
HDFCBSE500, EQ, 30-Apr-2026,36.62,36.44,36.9,35.51,36.5,36.3,36.16,44942,16.25,356,12806.0, 28.49,2026-04-30
HDFCGOLD, EQ, 30-Apr-2026,125.51,125.51,127.63,122.5,127.43,127.49,126.79,2896740,3672.91,10167,1545863.0, 53.37,2026-04-30
HDFCGROWTH, EQ, 30-Apr-2026,114.86,114.01,116.0,113.0,116.0,114.56,113.95,21866,24.92,411,11978.0, 54.78,2026-04-30
HDFCLIFE, EQ, 30-Apr-2026,594.4,594.35,594.35,578.4,589.0,586.9,584.6,6234625,36447.61,99463,4166470.0, 66.83,2026-04-30
HDFCLIQUID, EQ, 30-Apr-2026,1058.26,1058.83,1058.85,1058.83,1058.83,1058.83,1058.84,9876,104.57,35,7286.0, 73.77,2026-04-30
HDFCLOWVOL, EQ, 30-Apr-2026,20.22,20.31,20.31,19.88,20.04,20.1,20.16,146690,29.57,122,141331.0, 96.35,2026-04-30
HDFCMID150, EQ, 30-Apr-2026,22.41,22.42,22.48,22.03,22.4,22.17,22.21,934311,207.5,2032,505996.0, 54.16,2026-04-30
HDFCMOMENT, EQ, 30-Apr-2026,30.64,30.6,30.79,30.06,30.46,30.48,30.33,272353,82.6,1059,196615.0, 72.19,2026-04-30
HDFCNEXT50, EQ, 30-Apr-2026,72.02,70.21,72.0,70.21,72.0,71.22,70.72,209342,148.04,889,109617.0, 52.36,2026-04-30
HDFCNIF100, EQ, 30-Apr-2026,25.8,25.76,25.8,25.37,25.69,25.59,25.45,364029,92.66,432,347511.0, 95.46,2026-04-30
HDFCNIFBAN, EQ, 30-Apr-2026,56.75,56.75,57.89,55.79,56.65,56.28,56.18,130136,73.11,715,77701.0, 59.71,2026-04-30
HDFCNIFIT, EQ, 30-Apr-2026,31.13,31.37,31.68,30.89,31.68,31.31,31.2,109513,34.17,334,91427.0, 83.49,2026-04-30
HDFCNIFTY, EQ, 30-Apr-2026,270.15,264.58,272.53,264.58,269.72,269.35,268.35,112232,301.17,2956,65776.0, 58.61,2026-04-30
HDFCPSUBK, EQ, 30-Apr-2026,86.71,86.71,87.07,84.96,85.64,85.54,85.39,56600,48.33,563,30643.0, 54.14,2026-04-30
HDFCPVTBAN, EQ, 30-Apr-2026,27.03,27.09,27.14,26.3,26.93,26.67,26.55,250052,66.39,636,177030.0, 70.80,2026-04-30
HDFCQUAL, EQ, 30-Apr-2026,57.64,57.63,57.8,56.67,57.29,57.34,57.07,6520,3.72,147,4652.0, 71.35,2026-04-30
HDFCSENSEX, EQ, 30-Apr-2026,87.39,86.63,87.82,85.32,87.3,86.63,86.2,240831,207.59,1226,130302.0, 54.11,2026-04-30
HDFCSILVER, EQ, 30-Apr-2026,224.28,229.88,229.88,222.25,227.75,227.75,225.88,2425518,5478.7,12715,763419.0, 31.47,2026-04-30
HDFCSML250, EQ, 30-Apr-2026,168.95,168.95,169.45,166.5,169.0,168.64,168.47,6758379,11385.78,12843,5825692.0, 86.20,2026-04-30
HDFCVALUE, EQ, 30-Apr-2026,130.06,129.38,130.14,128.68,129.81,129.83,129.5,3241,4.2,98,2366.0, 73.00,2026-04-30
HDIL, BZ, 30-Apr-2026,2.16,2.16,2.16,2.06,2.1,2.08,2.08,88414,1.84,188,, -,2026-04-30
HEADSUP, EQ, 30-Apr-2026,7.54,7.6,7.6,7.2,7.26,7.28,7.26,48976,3.56,188,36736.0, 75.01,2026-04-30
HEALTHADD, EQ, 30-Apr-2026,151.01,153.0,153.38,148.51,150.04,150.42,150.6,6073,9.15,50,3617.0, 59.56,2026-04-30
HEALTHCARE, EQ, 30-Apr-2026,19.03,19.03,19.35,18.85,18.97,19.0,18.96,39794,7.55,125,25176.0, 63.27,2026-04-30
HEALTHIETF, EQ, 30-Apr-2026,152.85,152.0,153.64,150.47,153.0,152.72,152.21,46878,71.35,1443,24072.0, 51.35,2026-04-30
HEALTHX, EQ, 30-Apr-2026,282.6,284.25,287.75,280.4,280.4,281.75,284.06,3734,10.61,108,3202.0, 85.75,2026-04-30
HEALTHY, EQ, 30-Apr-2026,15.31,15.69,15.69,15.11,15.35,15.31,15.27,160609,24.52,820,118640.0, 73.87,2026-04-30
HECPROJECT, EQ, 30-Apr-2026,129.37,128.0,131.6,124.25,131.5,128.93,127.28,9725,12.38,499,3991.0, 41.04,2026-04-30
HEG, EQ, 30-Apr-2026,658.4,608.4,623.85,580.2,594.0,596.05,594.39,5840973,34717.93,122535,1495713.0, 25.61,2026-04-30
HEIDELBERG, EQ, 30-Apr-2026,159.13,159.1,159.19,156.41,158.51,158.83,158.19,29911,47.32,992,14640.0, 48.95,2026-04-30
HEMIPROP, EQ, 30-Apr-2026,129.39,129.0,129.0,127.12,128.47,128.12,127.96,249017,318.65,2520,131801.0, 52.93,2026-04-30
HERANBA, EQ, 30-Apr-2026,223.06,221.0,222.92,214.6,218.03,219.14,217.33,40668,88.38,1221,22040.0, 54.19,2026-04-30
HERITGFOOD, EQ, 30-Apr-2026,364.1,362.55,362.55,354.05,359.05,358.15,358.08,184914,662.14,4746,72158.0, 39.02,2026-04-30
HEROMOTOCO, EQ, 30-Apr-2026,5114.5,5080.0,5114.5,5020.0,5110.0,5099.0,5067.81,478138,24231.13,43074,225128.0, 47.08,2026-04-30
HESTERBIO, EQ, 30-Apr-2026,1655.6,1655.6,1690.6,1602.0,1625.0,1634.2,1644.23,916,15.06,291,412.0, 44.98,2026-04-30
HEXATRADEX, EQ, 30-Apr-2026,166.51,170.99,171.0,166.15,167.81,166.67,167.97,1825,3.07,71,1157.0, 63.40,2026-04-30
HEXT, EQ, 30-Apr-2026,453.8,453.75,454.75,446.15,448.5,447.65,449.44,203479,914.52,11114,89913.0, 44.19,2026-04-30
HFCL, EQ, 30-Apr-2026,107.1,106.8,119.5,106.8,115.96,116.03,114.32,234723195,268327.78,525519,43591888.0, 18.57,2026-04-30
HGINFRA, EQ, 30-Apr-2026,606.65,604.05,604.05,585.05,596.0,595.0,592.96,165273,980.01,7971,61517.0, 37.22,2026-04-30
HGM, EQ, 30-Apr-2026,52.95,53.68,53.69,52.0,53.48,53.48,53.08,886,0.47,29,715.0, 80.70,2026-04-30
HGS, EQ, 30-Apr-2026,412.8,413.0,413.0,407.1,407.1,409.2,408.95,7870,32.18,530,4413.0, 56.07,2026-04-30
HIGREEN, SM, 30-Apr-2026,136.1,136.1,139.8,136.1,138.05,138.05,138.01,6400,8.83,8,3200.0, 50.00,2026-04-30
HIKAL, EQ, 30-Apr-2026,189.14,188.55,190.98,185.25,188.2,189.25,188.63,193447,364.9,3202,81409.0, 42.08,2026-04-30
HILINFRA, BE, 30-Apr-2026,52.12,52.12,52.6,50.6,52.03,51.87,51.69,50848,26.28,381,, -,2026-04-30
HILTON, EQ, 30-Apr-2026,23.52,23.51,23.75,22.85,23.0,23.08,23.17,395514,91.62,1517,206611.0, 52.24,2026-04-30
HIMATSEIDE, EQ, 30-Apr-2026,89.32,89.0,89.29,87.32,88.29,88.79,88.3,253711,224.02,2095,110164.0, 43.42,2026-04-30
HINDALCO, EQ, 30-Apr-2026,1067.2,1058.5,1063.85,1030.4,1037.0,1038.0,1044.43,4392857,45880.28,142802,2482621.0, 56.51,2026-04-30
HINDCOMPOS, EQ, 30-Apr-2026,465.45,460.0,465.2,452.0,460.0,457.65,456.86,5246,23.97,375,3352.0, 63.90,2026-04-30
HINDCON, BE, 30-Apr-2026,23.08,22.8,23.49,22.55,23.23,23.23,22.84,26293,6.0,93,, -,2026-04-30
HINDCOPPER, EQ, 30-Apr-2026,555.25,553.35,555.25,532.05,538.95,534.85,540.82,4384552,23712.57,65569,1750009.0, 39.91,2026-04-30
HINDOILEXP, EQ, 30-Apr-2026,157.09,161.0,162.87,156.62,157.2,158.6,159.33,1123956,1790.84,9916,305556.0, 27.19,2026-04-30
HINDPETRO, EQ, 30-Apr-2026,380.6,375.0,376.8,369.3,374.65,374.55,373.52,5370044,20058.44,63659,2495117.0, 46.46,2026-04-30
HINDUNILVR, EQ, 30-Apr-2026,2314.4,2312.0,2368.8,2211.6,2254.0,2250.9,2280.18,4434979,101125.53,232691,1433314.0, 32.32,2026-04-30
HINDWAREAP, EQ, 30-Apr-2026,222.52,221.89,225.74,215.1,215.25,217.82,219.59,245481,539.06,2888,138378.0, 56.37,2026-04-30
HINDZINC, EQ, 30-Apr-2026,613.05,602.6,603.4,583.35,596.0,595.95,592.85,6646054,39401.06,86929,2986775.0, 44.94,2026-04-30
HIRECT, EQ, 30-Apr-2026,924.8,929.0,950.95,908.1,946.75,941.7,935.62,74374,695.86,6050,27774.0, 37.34,2026-04-30
HISARMETAL, EQ, 30-Apr-2026,157.94,159.3,159.3,150.0,153.99,153.05,153.25,5455,8.36,334,3119.0, 57.18,2026-04-30
HITECH, EQ, 30-Apr-2026,91.21,90.9,92.7,89.0,92.5,92.17,91.13,859221,783.0,5462,381688.0, 44.42,2026-04-30
HITECHCORP, EQ, 30-Apr-2026,139.04,140.9,144.0,139.0,140.0,139.97,140.82,2969,4.18,81,2642.0, 88.99,2026-04-30
HITECHGEAR, BE, 30-Apr-2026,610.0,613.05,619.85,610.0,614.0,617.55,618.1,294,1.82,16,, -,2026-04-30
HLEGLAS, EQ, 30-Apr-2026,324.55,322.85,329.3,317.2,320.9,320.35,321.39,59933,192.62,2659,27337.0, 45.61,2026-04-30
HLVLTD, EQ, 30-Apr-2026,8.43,8.58,8.64,8.36,8.57,8.51,8.5,163804,13.93,447,124522.0, 76.02,2026-04-30
HMAAGRO, EQ, 30-Apr-2026,24.18,24.3,24.51,23.8,24.41,24.33,24.08,390689,94.09,975,155251.0, 39.74,2026-04-30
HMT, BZ, 30-Apr-2026,61.29,62.4,62.4,59.0,61.0,60.6,59.83,7925,4.74,115,, -,2026-04-30
HMVL, EQ, 30-Apr-2026,67.09,68.0,68.0,65.2,65.88,66.02,66.08,12862,8.5,168,11166.0, 86.81,2026-04-30
HNDFDS, EQ, 30-Apr-2026,490.6,487.75,498.0,483.25,491.05,492.95,490.22,44864,219.93,2188,25655.0, 57.18,2026-04-30
HNGSNGBEES, EQ, 30-Apr-2026,530.87,520.0,531.25,517.59,524.99,522.27,523.62,156160,817.69,6187,117231.0, 75.07,2026-04-30
HOACFOODS, SM, 30-Apr-2026,420.0,433.0,441.0,433.0,441.0,441.0,435.4,2625,11.43,6,1875.0, 71.43,2026-04-30
HOLMARC, SM, 30-Apr-2026,94.25,94.25,97.05,94.25,97.05,97.05,95.37,3750,3.58,5,3750.0, 100.00,2026-04-30
HOMEFIRST, EQ, 30-Apr-2026,1155.15,1165.0,1169.95,1135.75,1166.7,1161.7,1155.58,222848,2575.19,21924,127049.0, 57.01,2026-04-30
HOMESFY, SM, 30-Apr-2026,147.05,140.05,140.05,139.7,139.7,139.7,139.83,1500,2.1,5,1500.0, 100.00,2026-04-30
HONASA, EQ, 30-Apr-2026,346.15,347.85,347.85,339.5,340.1,340.6,343.38,453368,1556.75,13707,236859.0, 52.24,2026-04-30
HONAUT, EQ, 30-Apr-2026,31575.0,31550.0,31550.0,30855.0,31100.0,31030.0,31087.42,2138,664.65,1010,991.0, 46.35,2026-04-30
HONDAPOWER, EQ, 30-Apr-2026,2359.9,2358.8,2358.8,2290.1,2324.8,2309.1,2317.57,4588,106.33,1062,1660.0, 36.18,2026-04-30
HPAL, EQ, 30-Apr-2026,37.93,39.0,39.0,37.22,38.8,37.63,37.58,52505,19.73,601,37110.0, 70.68,2026-04-30
HPIL, EQ, 30-Apr-2026,134.93,134.5,135.2,131.5,135.0,134.88,134.36,582,0.78,31,473.0, 81.27,2026-04-30
HPL, EQ, 30-Apr-2026,362.8,365.15,365.15,352.6,355.0,357.6,357.33,176939,632.25,6399,66922.0, 37.82,2026-04-30
HPTL, SM, 30-Apr-2026,250.5,249.0,250.5,249.0,250.5,250.5,250.0,2400,6.0,4,1800.0, 75.00,2026-04-30
HRHNEXT, SM, 30-Apr-2026,31.5,30.2,31.3,29.95,31.3,31.3,30.14,16500,4.97,11,15000.0, 90.91,2026-04-30
HSBCGOLD, EQ, 30-Apr-2026,127.53,128.17,131.0,127.92,130.3,130.4,129.29,3121,4.04,1830,579.0, 18.55,2026-04-30
HSCL, EQ, 30-Apr-2026,601.6,603.95,624.0,595.2,608.5,607.75,611.02,13260089,81022.37,125225,1726733.0, 13.02,2026-04-30
HTMEDIA, EQ, 30-Apr-2026,22.6,22.84,22.9,21.9,22.0,22.1,22.3,76225,17.0,221,58930.0, 77.31,2026-04-30
HUBTOWN, EQ, 30-Apr-2026,207.32,207.1,207.85,200.78,201.16,202.82,203.21,539266,1095.82,4092,317893.0, 58.95,2026-04-30
HUDCO, EQ, 30-Apr-2026,216.7,215.0,224.24,213.5,224.0,220.87,218.24,4802433,10480.87,30774,2362057.0, 49.18,2026-04-30
HUHTAMAKI, EQ, 30-Apr-2026,179.96,178.61,180.0,175.11,180.0,179.36,177.66,75000,133.24,1136,39605.0, 52.81,2026-04-30
HVAX, SM, 30-Apr-2026,790.25,763.1,780.0,763.1,780.0,780.0,766.51,1050,8.05,3,900.0, 85.71,2026-04-30
HYBRIDFIN, EQ, 30-Apr-2026,19.52,19.52,20.6,19.01,19.95,20.17,19.84,7247,1.44,156,6271.0, 86.53,2026-04-30
HYUNDAI, EQ, 30-Apr-2026,1817.4,1815.5,1830.0,1795.8,1828.0,1817.6,1809.66,524769,9496.55,24910,254444.0, 48.49,2026-04-30
IBLFL, SM, 30-Apr-2026,59.05,61.95,62.0,60.5,62.0,62.0,61.86,24000,14.85,12,14000.0, 58.33,2026-04-30
IBULLSLTD, EQ, 30-Apr-2026,17.94,18.82,19.73,18.64,19.73,19.73,19.3,27524259,5311.61,23226,14316486.0, 52.01,2026-04-30
ICDSLTD, BE, 30-Apr-2026,48.2,48.2,50.0,46.5,46.5,46.52,48.24,531,0.26,15,, -,2026-04-30
ICEMAKE, EQ, 30-Apr-2026,802.2,809.4,809.4,790.0,800.0,797.65,797.61,18639,148.67,1058,7202.0, 38.64,2026-04-30
ICICIAMC, EQ, 30-Apr-2026,3302.4,3309.0,3309.8,3264.8,3283.0,3290.2,3288.3,192827,6340.74,24145,113007.0, 58.61,2026-04-30
ICICIB22, EQ, 30-Apr-2026,126.33,125.83,126.82,123.17,124.76,124.46,124.51,631436,786.21,4917,293573.0, 46.49,2026-04-30
ICICIBANK, EQ, 30-Apr-2026,1281.0,1261.0,1272.2,1259.0,1265.7,1263.4,1264.67,17740110,224354.15,261998,8202254.0, 46.24,2026-04-30
ICICIGI, EQ, 30-Apr-2026,1770.6,1760.0,1777.0,1736.3,1761.0,1763.2,1757.8,774438,13613.07,34517,521910.0, 67.39,2026-04-30
ICICIPRULI, EQ, 30-Apr-2026,524.35,524.0,529.7,512.6,513.5,513.85,516.07,1123792,5799.52,31128,541892.0, 48.22,2026-04-30
ICIL, EQ, 30-Apr-2026,270.76,270.0,281.04,266.4,279.8,277.36,273.62,345540,945.45,7806,174270.0, 50.43,2026-04-30
ICRA, EQ, 30-Apr-2026,5434.5,5390.0,5467.0,5390.0,5431.0,5422.0,5432.18,2045,111.09,422,1160.0, 56.72,2026-04-30
IDBI, EQ, 30-Apr-2026,76.75,76.5,77.4,75.41,76.0,75.88,76.04,9367356,7123.05,32669,2490640.0, 26.59,2026-04-30
IDEA, EQ, 30-Apr-2026,10.29,10.29,10.3,10.01,10.18,10.22,10.16,403450744,40991.38,143828,69911943.0, 17.33,2026-04-30
IDEAFORGE, EQ, 30-Apr-2026,602.0,603.0,619.0,581.3,614.05,609.2,601.34,1710079,10283.45,33551,387283.0, 22.65,2026-04-30
IDEALTECHO, SM, 30-Apr-2026,186.55,187.45,187.45,187.45,187.45,187.45,187.45,500,0.94,1,500.0, 100.00,2026-04-30
IDENTICAL, ST, 30-Apr-2026,19.9,19.0,20.25,18.95,18.95,19.05,19.29,22000,4.24,9,16000.0, 72.73,2026-04-30
IDFCFIRSTB, EQ, 30-Apr-2026,70.15,69.7,70.0,68.93,69.75,69.64,69.51,24354003,16928.04,73308,11485865.0, 47.16,2026-04-30
IDFNIFTYET, EQ, 30-Apr-2026,266.89,273.56,273.56,261.55,263.5,263.68,262.74,3404,8.94,79,3229.0, 94.86,2026-04-30
IEML, SM, 30-Apr-2026,78.5,79.05,79.45,77.05,78.0,78.0,78.46,12000,9.42,22,8500.0, 70.83,2026-04-30
IEX, EQ, 30-Apr-2026,126.05,125.7,125.92,123.8,125.33,125.19,125.0,5162770,6453.53,38290,2261006.0, 43.79,2026-04-30
IFBAGRO, EQ, 30-Apr-2026,870.15,880.0,880.0,855.1,879.0,866.35,865.99,7279,63.04,570,3796.0, 52.15,2026-04-30
IFBIND, EQ, 30-Apr-2026,1160.45,1155.25,1165.3,1131.3,1132.3,1142.85,1144.48,48259,552.31,2925,24294.0, 50.34,2026-04-30
IFCI, EQ, 30-Apr-2026,58.26,58.11,58.98,57.61,58.55,58.69,58.29,10751534,6266.97,28188,2795887.0, 26.00,2026-04-30
IFGLEXPOR, EQ, 30-Apr-2026,187.53,194.0,194.0,184.65,189.4,189.83,188.88,25298,47.78,824,12613.0, 49.86,2026-04-30
IGARASHI, EQ, 30-Apr-2026,382.95,381.0,389.0,376.55,385.0,387.3,383.3,69393,265.98,2160,38735.0, 55.82,2026-04-30
IGCL, EQ, 30-Apr-2026,63.95,64.02,65.9,62.21,65.9,63.88,63.82,80297,51.25,2599,24866.0, 30.97,2026-04-30
IGIL, EQ, 30-Apr-2026,354.7,354.05,354.05,342.05,344.5,345.95,345.61,272705,942.5,8373,120399.0, 44.15,2026-04-30
IGL, EQ, 30-Apr-2026,167.55,167.9,167.9,165.1,165.45,166.02,166.43,958215,1594.75,23502,390630.0, 40.77,2026-04-30
IGPL, EQ, 30-Apr-2026,424.7,424.7,433.0,416.1,429.7,430.55,424.9,37456,159.15,1454,19871.0, 53.05,2026-04-30
IIFL, EQ, 30-Apr-2026,447.05,460.45,473.4,442.15,460.8,458.95,458.51,17344362,79526.45,191783,5305067.0, 30.59,2026-04-30
IIFLCAPS, EQ, 30-Apr-2026,314.01,313.0,317.37,309.25,313.5,312.33,312.89,281069,879.43,8250,108402.0, 38.57,2026-04-30
IITL, EQ, 30-Apr-2026,169.02,167.5,171.85,163.07,169.0,166.1,169.26,87774,148.57,518,7700.0, 8.77,2026-04-30
IKIO, EQ, 30-Apr-2026,163.59,165.49,177.0,150.1,155.05,157.95,170.24,9318435,15863.67,75733,770193.0, 8.27,2026-04-30
IKS, EQ, 30-Apr-2026,1557.8,1561.9,1669.0,1545.0,1650.0,1654.7,1622.28,1329919,21575.05,54076,422273.0, 31.75,2026-04-30
IL&FSENGG, BZ, 30-Apr-2026,26.5,26.5,26.82,25.31,26.3,26.3,26.15,27525,7.2,75,, -,2026-04-30
IL&FSTRANS, BZ, 30-Apr-2026,2.41,2.4,2.41,2.3,2.36,2.34,2.34,72165,1.69,53,, -,2026-04-30
IMAGICAA, EQ, 30-Apr-2026,45.47,45.4,45.78,44.62,45.3,45.48,45.2,362946,164.06,1511,191446.0, 52.75,2026-04-30
IMFA, EQ, 30-Apr-2026,1653.9,1645.0,1658.8,1491.0,1500.0,1502.6,1555.49,496050,7715.99,37311,232940.0, 46.96,2026-04-30
IMPAL, EQ, 30-Apr-2026,1011.85,1011.85,1019.0,1000.0,1019.0,1004.1,1004.75,776,7.8,88,436.0, 56.19,2026-04-30
IMPEXFERRO, BZ, 30-Apr-2026,1.68,1.71,1.74,1.62,1.71,1.71,1.71,14363,0.25,53,, -,2026-04-30
INA, EQ, 30-Apr-2026,152.52,152.52,152.99,145.0,146.93,147.18,147.64,703372,1038.48,6786,356050.0, 50.62,2026-04-30
INCREDIBLE, EQ, 30-Apr-2026,33.69,34.38,34.38,33.57,34.18,34.17,34.19,3010,1.03,91,2845.0, 94.52,2026-04-30
INDBANK, EQ, 30-Apr-2026,34.77,34.0,34.99,34.0,34.3,34.21,34.25,17195,5.89,238,13986.0, 81.34,2026-04-30
INDGN, EQ, 30-Apr-2026,495.45,481.1,508.15,481.1,501.0,499.75,499.14,564840,2819.33,33474,245578.0, 43.48,2026-04-30
INDHOTEL, EQ, 30-Apr-2026,644.65,642.0,644.5,626.7,638.45,635.85,633.93,1466637,9297.4,31092,737601.0, 50.29,2026-04-30
INDIACEM, EQ, 30-Apr-2026,401.85,401.85,404.85,390.55,393.5,395.9,395.23,481464,1902.91,14617,120863.0, 25.10,2026-04-30
INDIAGLYCO, EQ, 30-Apr-2026,1030.8,1038.9,1058.5,1013.7,1043.0,1042.05,1041.82,379076,3949.29,26867,128854.0, 33.99,2026-04-30
INDIAMART, EQ, 30-Apr-2026,2130.8,2130.8,2139.0,2080.0,2097.6,2103.6,2115.82,61365,1298.37,10240,38953.0, 63.48,2026-04-30
INDIANB, EQ, 30-Apr-2026,875.55,863.0,863.0,812.7,849.9,851.85,839.8,9226296,77482.87,226845,3329456.0, 36.09,2026-04-30
INDIANCARD, EQ, 30-Apr-2026,206.55,203.5,211.95,203.5,208.5,208.1,207.63,642,1.33,79,417.0, 64.95,2026-04-30
INDIANHUME, EQ, 30-Apr-2026,321.55,331.65,350.0,321.9,325.2,327.0,337.9,3031865,10244.75,41166,368511.0, 12.15,2026-04-30
INDIASHLTR, EQ, 30-Apr-2026,820.05,820.05,828.0,797.8,811.1,809.6,812.81,106335,864.31,7004,47415.0, 44.59,2026-04-30
INDIGO, EQ, 30-Apr-2026,4345.2,4250.0,4313.0,4172.8,4300.0,4295.3,4248.31,2010221,85400.52,111142,1021829.0, 50.83,2026-04-30
INDIGOPNTS, EQ, 30-Apr-2026,876.5,863.0,869.0,840.05,862.0,860.2,853.72,103678,885.12,9257,54260.0, 52.34,2026-04-30
INDIGRID, IV, 30-Apr-2026,174.63,174.6,174.89,171.9,171.99,172.0,172.91,587240,1015.38,14518,500006.0, 85.15,2026-04-30
INDIQUBE, EQ, 30-Apr-2026,171.45,173.13,178.7,170.5,175.0,175.61,174.55,95464,166.63,2231,54479.0, 57.07,2026-04-30
INDNIPPON, EQ, 30-Apr-2026,802.85,800.0,800.0,780.0,787.7,792.05,789.85,13450,106.23,992,6147.0, 45.70,2026-04-30
INDOAMIN, EQ, 30-Apr-2026,113.56,111.9,113.85,111.21,112.1,112.87,112.82,34429,38.84,569,14883.0, 43.23,2026-04-30
INDOBORAX, EQ, 30-Apr-2026,281.1,280.0,282.87,268.5,276.3,277.61,277.27,160736,445.67,3510,51034.0, 31.75,2026-04-30
INDOCO, EQ, 30-Apr-2026,209.51,207.34,212.0,207.34,209.1,209.49,209.95,21842,45.86,661,15490.0, 70.92,2026-04-30
INDOFARM, EQ, 30-Apr-2026,134.28,132.8,137.99,132.8,137.72,136.69,135.56,109284,148.15,2303,54556.0, 49.92,2026-04-30
INDORAMA, EQ, 30-Apr-2026,38.13,38.65,38.65,37.94,38.05,38.36,38.25,47964,18.34,375,28170.0, 58.73,2026-04-30
INDOSTAR, EQ, 30-Apr-2026,209.6,206.5,209.79,199.1,202.0,202.66,202.36,157049,317.81,5453,76331.0, 48.60,2026-04-30
INDOTECH, EQ, 30-Apr-2026,2573.7,2670.0,2702.3,2551.5,2702.3,2702.3,2660.42,225402,5996.63,10737,75368.0, 33.44,2026-04-30
INDOTHAI, EQ, 30-Apr-2026,296.95,298.8,298.8,285.5,287.0,287.85,290.03,468467,1358.69,4597,267637.0, 57.13,2026-04-30
INDOUS, EQ, 30-Apr-2026,104.11,103.08,107.0,102.83,104.67,104.27,104.65,22690,23.75,270,18637.0, 82.14,2026-04-30
INDOWIND, EQ, 30-Apr-2026,11.12,11.19,11.3,10.65,11.09,11.03,10.94,454955,49.77,1203,272880.0, 59.98,2026-04-30
INDPRUD, EQ, 30-Apr-2026,6949.95,6880.05,7052.5,6607.65,6801.0,6805.1,6790.22,282,19.15,54,226.0, 80.14,2026-04-30
INDRAMEDCO, EQ, 30-Apr-2026,403.05,403.55,408.75,397.5,404.95,402.05,402.56,278787,1122.27,6903,99911.0, 35.84,2026-04-30
INDSWFTLAB, EQ, 30-Apr-2026,136.09,136.89,139.0,134.0,138.0,137.54,136.66,532139,727.2,5356,260722.0, 49.00,2026-04-30
INDTERRAIN, EQ, 30-Apr-2026,30.61,30.2,30.89,30.06,30.14,30.13,30.3,6469,1.96,100,5015.0, 77.52,2026-04-30
INDUSINDBK, EQ, 30-Apr-2026,913.75,906.0,920.0,895.25,920.0,916.05,910.04,3438569,31292.51,61423,1573394.0, 45.76,2026-04-30
INDUSINVIT, IV, 30-Apr-2026,127.97,129.38,131.88,127.1,129.5,129.31,129.71,61230,79.42,2903,48335.0, 78.94,2026-04-30
INDUSTOWER, EQ, 30-Apr-2026,413.9,413.0,413.9,407.0,410.4,409.95,409.79,4414903,18091.75,70744,2404490.0, 54.46,2026-04-30
INFINIUM, SM, 30-Apr-2026,212.0,214.5,216.25,208.1,216.25,216.25,212.83,3000,6.39,6,2500.0, 83.33,2026-04-30
INFLUX, SM, 30-Apr-2026,260.7,264.0,270.0,253.2,268.9,268.9,263.11,18000,47.36,30,12600.0, 70.00,2026-04-30
INFOBEAN, EQ, 30-Apr-2026,178.8,182.7,185.0,175.97,180.0,179.96,179.43,1273948,2285.89,13833,289477.0, 22.72,2026-04-30
INFOLLION, SM, 30-Apr-2026,214.65,213.5,230.0,207.25,222.0,218.2,214.51,15600,33.46,39,11600.0, 74.36,2026-04-30
INFOMEDIA, EQ, 30-Apr-2026,5.72,5.73,5.91,5.44,5.62,5.61,5.64,20794,1.17,143,15193.0, 73.06,2026-04-30
INFRA, EQ, 30-Apr-2026,12.05,12.11,12.11,11.81,11.98,11.95,11.89,58681,6.98,221,52607.0, 89.65,2026-04-30
INFRABEES, EQ, 30-Apr-2026,976.65,1001.06,1001.06,959.3,970.0,970.12,965.17,14815,142.99,1019,6918.0, 46.70,2026-04-30
INFRAIETF, EQ, 30-Apr-2026,97.16,97.08,97.08,95.38,96.65,96.76,96.02,124739,119.78,5542,71316.0, 57.17,2026-04-30
INFY, EQ, 30-Apr-2026,1167.5,1167.5,1189.8,1159.6,1182.6,1181.8,1178.22,12205669,143810.16,274308,5251658.0, 43.03,2026-04-30
INGERRAND, EQ, 30-Apr-2026,4310.4,4310.4,4458.0,4274.3,4425.0,4417.7,4373.33,52493,2295.69,8690,27720.0, 52.81,2026-04-30
INM, SM, 30-Apr-2026,167.15,157.0,157.0,155.5,155.5,156.25,156.25,1200,1.88,2,1200.0, 100.00,2026-04-30
INNOMET, SM, 30-Apr-2026,89.05,90.95,91.25,88.5,90.95,91.05,90.41,10200,9.22,15,7800.0, 76.47,2026-04-30
INNOVACAP, EQ, 30-Apr-2026,728.4,724.85,763.4,716.25,750.0,752.05,748.33,124174,929.23,6300,53056.0, 42.73,2026-04-30
INNOVANA, EQ, 30-Apr-2026,375.8,391.05,436.85,367.35,399.0,405.35,415.12,104300,432.97,3349,12837.0, 12.31,2026-04-30
INNOVISION, EQ, 30-Apr-2026,331.45,332.0,332.0,320.45,321.1,323.1,324.33,52791,171.22,2028,26668.0, 50.52,2026-04-30
INOXGREEN, EQ, 30-Apr-2026,184.08,182.25,185.22,177.8,179.95,180.73,181.07,1882288,3408.25,20024,852219.0, 45.28,2026-04-30
INOXINDIA, EQ, 30-Apr-2026,1502.7,1498.0,1499.0,1444.4,1459.0,1457.0,1465.44,175234,2567.94,24960,93594.0, 53.41,2026-04-30
INOXWIND, EQ, 30-Apr-2026,102.19,101.8,102.2,98.19,100.95,100.95,99.9,32561746,32528.99,87261,15876792.0, 48.76,2026-04-30
INSECTICID, EQ, 30-Apr-2026,695.15,695.0,717.75,687.0,699.9,701.45,702.85,47287,332.36,1988,29980.0, 63.40,2026-04-30
INSPIRE, ST, 30-Apr-2026,11.0,10.45,11.55,10.45,11.55,11.55,11.26,8000,0.9,4,8000.0, 100.00,2026-04-30
INSPIRISYS, BE, 30-Apr-2026,80.26,81.8,83.99,80.26,83.0,83.0,82.24,2218,1.82,31,, -,2026-04-30
INTELLECT, EQ, 30-Apr-2026,739.75,735.0,751.15,728.25,745.95,745.35,742.38,397984,2954.53,21674,170671.0, 42.88,2026-04-30
INTENTECH, EQ, 30-Apr-2026,98.2,99.71,99.71,96.5,96.5,96.98,97.53,15481,15.1,236,9383.0, 60.61,2026-04-30
INTERARCH, EQ, 30-Apr-2026,2064.6,2055.0,2109.4,2042.9,2097.9,2088.3,2080.9,39561,823.23,4596,19687.0, 49.76,2026-04-30
INTERNET, EQ, 30-Apr-2026,12.25,12.25,12.25,12.0,12.14,12.11,12.1,37392,4.52,260,24015.0, 64.22,2026-04-30
INTLCONV, EQ, 30-Apr-2026,77.87,78.4,78.4,76.47,77.0,77.61,77.44,67775,52.49,1044,44977.0, 66.36,2026-04-30
INVENTURE, EQ, 30-Apr-2026,1.0,1.01,1.03,1.0,1.01,1.01,1.02,1341476,13.65,390,972502.0, 72.49,2026-04-30
INVICTA, SM, 30-Apr-2026,102.75,98.0,104.2,97.05,101.45,99.85,100.09,25600,25.62,16,12800.0, 50.00,2026-04-30
INVPRECQ, EQ, 30-Apr-2026,632.0,649.65,649.65,567.95,601.0,599.75,590.58,24090,142.27,2199,10389.0, 43.13,2026-04-30
IOB, EQ, 30-Apr-2026,35.17,35.35,35.48,34.82,35.04,35.0,35.14,7008829,2463.14,13578,2515982.0, 35.90,2026-04-30
IOC, EQ, 30-Apr-2026,144.19,142.5,143.4,141.12,142.44,142.25,142.13,16384926,23287.15,90420,8709377.0, 53.15,2026-04-30
IOLCP, EQ, 30-Apr-2026,95.63,94.87,96.83,93.44,94.01,94.32,94.69,1380169,1306.88,15922,492135.0, 35.66,2026-04-30
IONEXCHANG, EQ, 30-Apr-2026,397.3,397.0,402.8,394.5,398.0,396.4,398.31,166491,663.16,7836,77483.0, 46.54,2026-04-30
IPCALAB, EQ, 30-Apr-2026,1542.1,1542.1,1590.0,1524.3,1527.0,1530.9,1553.66,348783,5418.92,34710,151909.0, 43.55,2026-04-30
IPHL, SM, 30-Apr-2026,54.6,52.3,53.95,52.2,53.1,53.1,52.85,14400,7.61,10,10800.0, 75.00,2026-04-30
IPL, EQ, 30-Apr-2026,149.53,149.01,151.06,148.12,150.0,150.2,149.74,119985,179.67,2660,62391.0, 52.00,2026-04-30
IRB, EQ, 30-Apr-2026,21.73,21.74,21.83,21.32,21.6,21.54,21.52,11094710,2387.6,22086,3601277.0, 32.46,2026-04-30
IRBINVIT, IV, 30-Apr-2026,61.45,61.7,61.7,60.25,60.5,60.49,60.81,1218581,740.98,11601,999926.0, 82.06,2026-04-30
IRCON, EQ, 30-Apr-2026,153.32,152.99,154.65,150.06,152.51,152.2,152.0,2432106,3696.74,23668,565995.0, 23.27,2026-04-30
IRCTC, EQ, 30-Apr-2026,550.1,548.0,550.0,536.15,541.5,539.55,540.49,1074426,5807.14,35776,517312.0, 48.15,2026-04-30
IREDA, EQ, 30-Apr-2026,137.21,136.82,136.82,133.4,135.79,135.1,134.9,5951746,8028.73,38714,1772302.0, 29.78,2026-04-30
IRFC, EQ, 30-Apr-2026,105.08,105.05,105.07,103.1,104.69,104.21,104.05,8356443,8694.51,37850,2033203.0, 24.33,2026-04-30
IRIS, EQ, 30-Apr-2026,236.34,238.27,242.39,235.05,239.5,240.33,238.45,12052,28.74,346,7338.0, 60.89,2026-04-30
IRISDOREME, EQ, 30-Apr-2026,35.29,35.47,36.29,34.9,35.51,36.07,35.56,266918,94.92,955,26675.0, 9.99,2026-04-30
IRMENERGY, EQ, 30-Apr-2026,357.08,352.99,366.89,350.34,357.0,356.91,359.63,22961236,82575.62,225882,995721.0, 4.34,2026-04-30
ISFT, EQ, 30-Apr-2026,73.3,75.49,75.99,72.11,75.2,75.34,75.12,10338,7.77,202,6070.0, 58.72,2026-04-30
ISGEC, EQ, 30-Apr-2026,1072.25,1069.8,1095.3,1063.0,1078.9,1088.95,1082.37,60061,650.08,6530,23873.0, 39.75,2026-04-30
ISHAN, ST, 30-Apr-2026,0.65,0.65,0.7,0.65,0.7,0.7,0.68,144000,0.98,2,144000.0, 100.00,2026-04-30
ISHANCH, EQ, 30-Apr-2026,62.26,61.01,62.95,60.05,61.35,62.28,62.13,16541,10.28,123,13227.0, 79.96,2026-04-30
IT, EQ, 30-Apr-2026,32.31,33.0,33.0,32.0,32.7,32.55,32.35,272764,88.23,1200,115120.0, 42.20,2026-04-30
ITADD, EQ, 30-Apr-2026,31.03,31.03,31.47,30.63,31.4,31.2,31.05,49163,15.26,113,31388.0, 63.84,2026-04-30
ITBEES, EQ, 30-Apr-2026,32.37,32.37,32.66,32.1,32.48,32.44,32.4,10692740,3464.61,17639,5334546.0, 49.89,2026-04-30
ITBETA, EQ, 30-Apr-2026,306.61,306.61,308.42,304.11,307.0,307.79,306.83,354,1.09,58,283.0, 79.94,2026-04-30
ITC, EQ, 30-Apr-2026,316.25,316.25,317.5,313.3,315.2,314.9,315.35,11541956,36398.1,147148,5247298.0, 45.46,2026-04-30
ITCHOTELS, EQ, 30-Apr-2026,160.09,159.0,161.59,156.01,160.95,160.57,158.98,5826571,9263.3,51348,3571220.0, 61.29,2026-04-30
ITDC, EQ, 30-Apr-2026,595.5,595.05,595.05,582.6,583.0,586.5,588.78,67831,399.37,2436,23580.0, 34.76,2026-04-30
ITETF, EQ, 30-Apr-2026,30.79,31.71,31.71,30.56,30.92,30.94,30.86,474988,146.59,1120,261899.0, 55.14,2026-04-30
ITI, EQ, 30-Apr-2026,302.77,302.5,302.55,294.54,300.95,298.88,297.81,555272,1653.66,11693,131063.0, 23.60,2026-04-30
ITIETF, EQ, 30-Apr-2026,32.3,32.3,32.6,32.1,32.41,32.36,32.4,2948372,955.2,2627,2680233.0, 90.91,2026-04-30
IVALUE, EQ, 30-Apr-2026,256.36,255.0,262.0,252.13,257.0,258.13,256.96,34101,87.62,1019,16202.0, 47.51,2026-04-30
IVC, EQ, 30-Apr-2026,8.17,8.19,8.19,7.9,8.05,8.0,7.98,103286,8.24,654,65195.0, 63.12,2026-04-30
IVP, EQ, 30-Apr-2026,140.88,143.59,143.9,140.3,140.3,140.36,141.38,1559,2.2,51,1050.0, 67.35,2026-04-30
IVZINGOLD, EQ, 30-Apr-2026,12782.95,129.65,133.9,128.5,130.3,130.25,129.68,73112,94.81,1386,51602.0, 70.58,2026-04-30
IVZINNIFTY, EQ, 30-Apr-2026,2754.01,2721.41,2734.0,2707.51,2734.0,2730.85,2721.95,618,16.82,26,617.0, 99.84,2026-04-30
IWARE, ST, 30-Apr-2026,340.3,334.0,356.0,323.3,348.65,352.95,338.16,86400,292.17,114,73800.0, 85.42,2026-04-30
IWP, EQ, 30-Apr-2026,34.15,34.15,35.3,32.6,34.0,33.95,34.35,1750,0.6,68,1415.0, 80.86,2026-04-30
IXIGO, EQ, 30-Apr-2026,169.93,168.01,169.99,164.07,166.25,168.08,167.04,654673,1093.57,13009,285605.0, 43.63,2026-04-30
IZMO, BE, 30-Apr-2026,721.4,711.0,720.9,685.35,713.0,709.4,700.81,37695,264.17,1016,, -,2026-04-30
J&KBANK, EQ, 30-Apr-2026,134.64,132.8,133.11,128.3,129.85,129.02,130.36,3966446,5170.83,29299,2056942.0, 51.86,2026-04-30
JAGRAN, EQ, 30-Apr-2026,65.99,66.4,66.55,65.4,66.1,65.97,65.84,173379,114.16,1771,88341.0, 50.95,2026-04-30
JAGSNPHARM, EQ, 30-Apr-2026,208.83,209.0,212.9,205.41,208.4,210.37,209.81,289912,608.26,4039,175710.0, 60.61,2026-04-30
JAIBALAJI, EQ, 30-Apr-2026,81.49,81.0,82.32,77.55,78.65,78.29,79.09,3246381,2567.63,26150,1120196.0, 34.51,2026-04-30
JAICORPLTD, EQ, 30-Apr-2026,118.57,117.12,118.0,114.8,115.0,115.98,116.07,522173,606.08,4919,198181.0, 37.95,2026-04-30
JAINAM, SM, 30-Apr-2026,233.0,243.95,244.0,236.0,244.0,244.0,239.98,5000,12.0,9,4000.0, 80.00,2026-04-30
JAINIK, SM, 30-Apr-2026,140.0,143.8,143.8,139.0,139.0,139.0,141.4,2400,3.39,2,2400.0, 100.00,2026-04-30
JAINREC, EQ, 30-Apr-2026,460.35,460.35,469.6,454.4,459.0,458.95,460.12,1143919,5263.42,21461,467937.0, 40.91,2026-04-30
JAIPURKURT, EQ, 30-Apr-2026,32.34,32.89,32.89,32.25,32.65,32.44,32.44,2096,0.68,49,1835.0, 87.55,2026-04-30
JALAN, SM, 30-Apr-2026,1.85,1.85,1.85,1.85,1.85,1.85,1.85,3000,0.06,1,3000.0, 100.00,2026-04-30
JAMNAAUTO, EQ, 30-Apr-2026,123.88,123.42,123.83,119.8,121.65,121.56,121.21,1404511,1702.45,11021,609901.0, 43.42,2026-04-30
JARO, EQ, 30-Apr-2026,429.3,429.0,429.0,415.3,417.05,419.05,419.17,101063,423.63,2593,36377.0, 35.99,2026-04-30
JASH, EQ, 30-Apr-2026,417.85,413.8,422.0,412.05,420.0,418.75,417.8,42848,179.02,2583,17664.0, 41.22,2026-04-30
JAYAGROGN, EQ, 30-Apr-2026,198.93,198.46,199.24,195.84,196.11,196.98,197.56,3330,6.58,185,1965.0, 59.01,2026-04-30
JAYBARMARU, EQ, 30-Apr-2026,92.16,92.45,92.61,90.01,92.0,91.26,91.15,95732,87.26,1176,52228.0, 54.56,2026-04-30
JAYBEE, ST, 30-Apr-2026,101.4,104.8,104.8,98.3,98.5,98.75,99.45,31500,31.33,54,29500.0, 93.65,2026-04-30
JAYESH, SM, 30-Apr-2026,172.0,172.0,172.9,169.7,172.9,171.2,171.45,39000,66.87,29,12000.0, 30.77,2026-04-30
JAYKAY, EQ, 30-Apr-2026,180.94,180.94,186.0,173.5,180.5,182.0,179.27,188363,337.67,3613,79929.0, 42.43,2026-04-30
JAYNECOIND, EQ, 30-Apr-2026,110.64,110.0,114.4,109.4,111.39,110.79,111.9,9383973,10500.84,46526,3701101.0, 39.44,2026-04-30
JAYSREETEA, EQ, 30-Apr-2026,88.06,88.01,91.0,88.01,90.45,90.54,89.95,36520,32.85,579,22238.0, 60.89,2026-04-30
JBCHEPHARM, EQ, 30-Apr-2026,2061.2,2061.2,2072.9,2028.7,2049.8,2043.4,2042.79,145245,2967.05,15141,71236.0, 49.05,2026-04-30
JBMA, EQ, 30-Apr-2026,637.65,636.05,638.8,621.1,628.0,630.15,629.09,515889,3245.38,19081,118171.0, 22.91,2026-04-30
JETFREIGHT, EQ, 30-Apr-2026,20.71,21.35,21.35,20.2,20.35,20.45,20.52,37409,7.68,161,25203.0, 67.37,2026-04-30
JEYYAM, SM, 30-Apr-2026,36.7,36.9,37.0,36.05,37.0,37.0,36.85,28000,10.32,11,16000.0, 57.14,2026-04-30
JGCHEM, EQ, 30-Apr-2026,406.45,402.4,410.0,399.55,403.2,404.2,405.63,88913,360.66,2406,41238.0, 46.38,2026-04-30
JHS, BE, 30-Apr-2026,9.0,8.9,9.15,8.8,8.82,8.85,8.85,21498,1.9,59,, -,2026-04-30
JINDALPHOT, EQ, 30-Apr-2026,1102.65,1132.65,1132.75,1092.0,1104.1,1110.25,1110.7,2810,31.21,363,1354.0, 48.19,2026-04-30
JINDALPOLY, EQ, 30-Apr-2026,710.05,715.0,744.4,714.85,724.0,725.65,730.28,81562,595.63,3050,31547.0, 38.68,2026-04-30
JINDALSAW, EQ, 30-Apr-2026,229.8,228.0,228.99,218.95,224.49,222.75,224.14,3856358,8643.57,54760,1501602.0, 38.94,2026-04-30
JINDALSTEL, EQ, 30-Apr-2026,1228.1,1224.0,1234.4,1201.1,1229.9,1223.1,1215.53,878441,10677.67,35433,311129.0, 35.42,2026-04-30
JINDRILL, EQ, 30-Apr-2026,543.1,552.7,575.0,536.2,539.0,539.3,553.96,820564,4545.57,17356,157398.0, 19.18,2026-04-30
JINDWORLD, EQ, 30-Apr-2026,26.18,26.36,26.59,25.51,26.09,25.9,26.01,353662,92.0,1947,141955.0, 40.14,2026-04-30
JIOFIN, EQ, 30-Apr-2026,250.71,250.0,250.0,243.11,247.18,246.37,245.68,20595815,50600.39,112627,7646635.0, 37.13,2026-04-30
JISLDVREQS, EQ, 30-Apr-2026,24.36,24.36,24.36,23.42,24.19,23.81,23.86,2368,0.56,139,1594.0, 67.31,2026-04-30
JISLJALEQS, EQ, 30-Apr-2026,32.76,32.47,32.88,32.06,32.54,32.52,32.52,2177736,708.24,5599,950656.0, 43.65,2026-04-30
JITFINFRA, BE, 30-Apr-2026,302.0,302.0,302.0,300.0,300.0,300.0,301.55,1790,5.4,44,, -,2026-04-30
JIWANRAM, SM, 30-Apr-2026,5.15,5.5,5.55,5.45,5.45,5.45,5.49,24000,1.32,4,12000.0, 50.00,2026-04-30
JKCEMENT, EQ, 30-Apr-2026,5458.5,5436.0,5436.0,5216.0,5298.5,5287.0,5291.41,320790,16974.31,34065,228830.0, 71.33,2026-04-30
JKIL, EQ, 30-Apr-2026,516.05,516.1,521.9,504.2,519.0,519.9,514.48,88007,452.78,4443,35571.0, 40.42,2026-04-30
JKIPL, BE, 30-Apr-2026,90.8,88.15,91.14,87.4,91.0,90.67,89.63,23323,20.9,231,, -,2026-04-30
JKLAKSHMI, EQ, 30-Apr-2026,655.6,658.6,658.9,639.4,646.0,645.1,644.31,53259,343.15,5809,25180.0, 47.28,2026-04-30
JKPAPER, EQ, 30-Apr-2026,365.45,365.0,368.35,358.0,360.1,360.25,360.94,172341,622.05,5743,92541.0, 53.70,2026-04-30
JKTYRE, EQ, 30-Apr-2026,406.95,401.95,410.0,397.15,410.0,406.1,402.17,1090516,4385.76,23296,477513.0, 43.79,2026-04-30
JLHL, EQ, 30-Apr-2026,1239.5,1221.0,1253.3,1220.2,1238.0,1225.9,1229.39,14825,182.26,4746,8882.0, 59.91,2026-04-30
JMA, EQ, 30-Apr-2026,89.21,91.25,91.25,86.02,88.0,87.99,88.41,4940,4.37,113,3868.0, 78.30,2026-04-30
JMFINANCIL, EQ, 30-Apr-2026,136.81,136.03,139.88,133.91,138.1,139.07,136.75,3301259,4514.33,25643,1554837.0, 47.10,2026-04-30
JNKINDIA, EQ, 30-Apr-2026,368.02,370.9,370.9,359.74,362.0,360.66,362.58,87675,317.89,2285,45758.0, 52.19,2026-04-30
JOCIL, EQ, 30-Apr-2026,129.57,124.5,131.55,124.5,126.55,128.05,129.4,1813,2.35,71,1555.0, 85.77,2026-04-30
JPOLYINVST, EQ, 30-Apr-2026,1103.0,1112.1,1115.0,1075.1,1115.0,1098.8,1092.4,7518,82.13,1351,2727.0, 36.27,2026-04-30
JPPOWER, EQ, 30-Apr-2026,20.2,20.14,20.15,19.52,19.7,19.72,19.76,85902693,16974.66,53988,27887063.0, 32.46,2026-04-30
JSFB, EQ, 30-Apr-2026,466.15,468.0,483.3,453.65,456.0,458.15,466.85,1135453,5300.82,22425,523120.0, 46.07,2026-04-30
JSL, EQ, 30-Apr-2026,782.4,782.4,784.3,763.7,769.0,767.4,770.67,392091,3021.71,21893,219604.0, 56.01,2026-04-30
JSLL, EQ, 30-Apr-2026,675.45,673.0,679.9,665.0,673.0,674.9,672.54,118761,798.72,7053,46908.0, 39.50,2026-04-30
JSWCEMENT, EQ, 30-Apr-2026,124.3,124.0,124.0,121.91,122.51,122.47,122.56,781825,958.19,8556,356771.0, 45.63,2026-04-30
JSWDULUX, EQ, 30-Apr-2026,2977.2,2990.0,2997.2,2931.5,2952.9,2950.7,2950.46,12946,381.97,2957,7427.0, 57.37,2026-04-30
JSWENERGY, EQ, 30-Apr-2026,560.4,556.0,564.85,549.3,560.5,561.15,558.43,1886082,10532.43,37001,600270.0, 31.83,2026-04-30
JSWHL, EQ, 30-Apr-2026,12646.0,12800.0,12800.0,12311.0,12424.0,12393.0,12440.11,2938,365.49,1564,1627.0, 55.38,2026-04-30
JSWINFRA, EQ, 30-Apr-2026,273.14,272.01,275.67,264.7,272.8,271.98,270.33,2107064,5696.03,45695,1048664.0, 49.77,2026-04-30
JSWSTEEL, EQ, 30-Apr-2026,1279.7,1272.5,1273.4,1250.4,1262.9,1264.5,1259.48,1366233,17207.43,50557,627658.0, 45.94,2026-04-30
JTEKTINDIA, EQ, 30-Apr-2026,137.96,136.97,137.5,134.21,136.8,136.12,135.98,212238,288.6,2875,104904.0, 49.43,2026-04-30
JTLIND, EQ, 30-Apr-2026,80.6,80.0,83.5,77.1,78.4,79.5,80.65,6972660,5623.6,16785,1962037.0, 28.14,2026-04-30
JUBLCPL, EQ, 30-Apr-2026,1718.1,1726.7,1739.0,1685.0,1685.0,1711.9,1708.03,4004,68.39,506,1984.0, 49.55,2026-04-30
JUBLFOOD, EQ, 30-Apr-2026,485.4,483.75,483.75,469.6,479.0,478.6,477.41,1109585,5297.31,21212,359271.0, 32.38,2026-04-30
JUBLINGREA, EQ, 30-Apr-2026,702.75,702.55,721.0,694.8,706.1,713.75,707.66,257367,1821.29,15004,151652.0, 58.92,2026-04-30
JUBLPHARMA, EQ, 30-Apr-2026,926.85,924.5,935.5,920.1,930.5,926.6,928.58,64814,601.85,4599,38193.0, 58.93,2026-04-30
JUNIORBEES, EQ, 30-Apr-2026,759.76,757.7,759.19,745.1,753.51,752.8,751.03,434879,3266.09,12643,238971.0, 54.95,2026-04-30
JUNIPER, EQ, 30-Apr-2026,209.1,208.01,209.4,202.2,203.26,202.88,203.87,254046,517.93,3178,152221.0, 59.92,2026-04-30
JUSTDIAL, EQ, 30-Apr-2026,532.85,533.0,536.55,521.15,531.0,525.95,526.59,231978,1221.58,9278,113195.0, 48.80,2026-04-30
JWL, EQ, 30-Apr-2026,287.4,285.0,287.48,280.5,283.0,283.73,283.5,1407010,3988.83,23312,366166.0, 26.02,2026-04-30
JYOTHYLAB, EQ, 30-Apr-2026,265.41,263.5,267.4,257.05,266.01,265.64,261.48,742397,1941.2,22131,378209.0, 50.94,2026-04-30
JYOTICNC, EQ, 30-Apr-2026,764.35,764.35,770.0,745.9,751.95,749.95,753.54,478009,3601.97,17528,174518.0, 36.51,2026-04-30
JYOTIGLOBL, ST, 30-Apr-2026,43.7,41.65,43.5,41.65,43.5,43.5,42.17,10000,4.22,5,10000.0, 100.00,2026-04-30
JYOTISTRUC, EQ, 30-Apr-2026,13.8,13.64,13.95,13.01,13.33,13.21,13.36,16102297,2150.72,15830,6567291.0, 40.78,2026-04-30
K2INFRA, SM, 30-Apr-2026,51.75,51.0,51.1,49.5,49.5,49.5,49.77,21600,10.75,13,20400.0, 94.44,2026-04-30
KABRAEXTRU, EQ, 30-Apr-2026,249.14,249.99,252.0,241.97,245.0,249.47,245.85,17008,41.81,864,6023.0, 35.41,2026-04-30
KAJARIACER, EQ, 30-Apr-2026,1228.15,1232.0,1244.0,1162.4,1180.0,1187.65,1207.59,1426089,17221.28,66952,555763.0, 38.97,2026-04-30
KAKATCEM, BE, 30-Apr-2026,136.94,130.6,138.9,130.1,134.0,134.0,135.16,3083,4.17,65,, -,2026-04-30
KALAMANDIR, EQ, 30-Apr-2026,102.24,101.5,102.1,100.25,101.64,101.35,101.17,296944,300.43,2855,131232.0, 44.19,2026-04-30
KALANA, ST, 30-Apr-2026,24.2,23.75,23.75,23.75,23.75,23.75,23.75,2000,0.48,1,2000.0, 100.00,2026-04-30
KALPATARU, EQ, 30-Apr-2026,329.25,328.8,329.2,321.0,326.95,325.7,326.13,19462,63.47,622,9556.0, 49.10,2026-04-30
KALYANIFRG, EQ, 30-Apr-2026,610.25,610.25,610.25,597.0,604.0,603.35,602.95,958,5.78,94,613.0, 63.99,2026-04-30
KALYANKJIL, EQ, 30-Apr-2026,412.4,412.95,415.5,404.8,412.5,412.75,410.25,2332209,9567.96,37526,806264.0, 34.57,2026-04-30
KAMAHOLD, EQ, 30-Apr-2026,2494.4,2494.4,2549.8,2475.0,2530.0,2502.9,2500.33,2669,66.73,639,1367.0, 51.22,2026-04-30
KAMATHOTEL, EQ, 30-Apr-2026,167.95,165.43,170.7,165.43,168.5,169.55,169.1,48480,81.98,896,31468.0, 64.91,2026-04-30
KAMDHENU, EQ, 30-Apr-2026,23.08,23.08,23.41,22.66,23.0,23.12,23.02,567600,130.67,1469,274737.0, 48.40,2026-04-30
KAMOPAINTS, BE, 30-Apr-2026,5.42,5.4,5.49,5.22,5.4,5.42,5.38,205242,11.03,433,, -,2026-04-30
KANANIIND, EQ, 30-Apr-2026,1.59,1.59,1.64,1.57,1.63,1.62,1.62,116000,1.88,207,79340.0, 68.40,2026-04-30
KANCHI, BE, 30-Apr-2026,404.75,398.5,409.0,394.0,409.0,409.0,396.93,354,1.41,17,, -,2026-04-30
KANDARP, SM, 30-Apr-2026,148.0,153.0,153.0,148.0,151.5,151.5,149.1,106000,158.05,60,24000.0, 22.64,2026-04-30
KANORICHEM, EQ, 30-Apr-2026,89.41,88.99,89.0,87.0,88.0,87.92,87.69,16892,14.81,196,12303.0, 72.83,2026-04-30
KANPRPLA, EQ, 30-Apr-2026,204.86,201.05,215.0,198.66,210.99,210.16,206.13,26064,53.73,468,18527.0, 71.08,2026-04-30
KANSAINER, EQ, 30-Apr-2026,197.72,197.66,199.9,192.84,196.0,197.19,196.62,191125,375.78,6469,72284.0, 37.82,2026-04-30
KAPSTON, BE, 30-Apr-2026,346.6,349.2,349.2,335.5,346.0,343.55,342.26,10507,35.96,272,, -,2026-04-30
KARMAENG, EQ, 30-Apr-2026,51.81,51.9,52.79,50.51,52.45,52.41,52.25,3189,1.67,108,2295.0, 71.97,2026-04-30
KARNIKA, SM, 30-Apr-2026,139.5,137.5,137.5,132.0,132.0,133.1,134.11,7000,9.39,7,6000.0, 85.71,2026-04-30
KARURVYSYA, EQ, 30-Apr-2026,297.55,295.5,298.5,290.65,292.55,293.5,294.21,2330041,6855.17,32500,1239487.0, 53.20,2026-04-30
KATARIA, SM, 30-Apr-2026,107.6,107.0,109.95,105.5,105.5,105.65,107.3,7800,8.37,12,6600.0, 84.62,2026-04-30
KAUSHALYA, EQ, 30-Apr-2026,906.0,906.0,920.05,900.0,910.0,903.25,901.88,80,0.72,30,63.0, 78.75,2026-04-30
KAVDEFENCE, BE, 30-Apr-2026,65.24,65.05,65.85,63.12,64.35,63.92,64.24,31148,20.01,468,, -,2026-04-30
KAYA, EQ, 30-Apr-2026,263.02,265.33,265.79,256.0,259.9,259.95,259.73,12918,33.55,562,7332.0, 56.76,2026-04-30
KAYNES, EQ, 30-Apr-2026,4112.5,4092.1,4095.0,3970.0,4045.0,4044.4,4018.59,952161,38263.45,58904,228562.0, 24.00,2026-04-30
KAYTEX, SM, 30-Apr-2026,71.85,71.0,71.65,71.0,71.65,71.3,71.22,2400,1.71,3,2400.0, 100.00,2026-04-30
KCEIL, ST, 30-Apr-2026,130.75,130.0,130.0,126.6,126.6,126.6,127.68,7000,8.94,14,7000.0, 100.00,2026-04-30
KCK, SM, 30-Apr-2026,14.1,14.5,15.2,14.35,15.0,15.15,14.9,337500,50.28,51,285000.0, 84.44,2026-04-30
KCP, EQ, 30-Apr-2026,179.96,179.0,183.95,172.8,179.8,180.65,177.85,187146,332.85,2394,77770.0, 41.56,2026-04-30
KCPSUGIND, EQ, 30-Apr-2026,26.19,26.09,27.75,26.08,26.75,26.77,26.94,545968,147.08,3776,175372.0, 32.12,2026-04-30
KDDL, EQ, 30-Apr-2026,2423.2,2397.0,2430.5,2288.1,2367.1,2370.6,2347.69,50310,1181.12,7936,20932.0, 41.61,2026-04-30
KDL, SM, 30-Apr-2026,156.2,157.0,157.85,150.0,153.0,154.6,154.67,8850,13.69,55,6300.0, 71.19,2026-04-30
KEC, EQ, 30-Apr-2026,565.5,565.2,566.9,553.2,560.0,560.7,559.41,545169,3049.75,20298,219153.0, 40.20,2026-04-30
KECL, BE, 30-Apr-2026,127.3,129.69,131.9,126.5,128.0,127.83,128.85,97270,125.34,600,, -,2026-04-30
KEEPLEARN, EQ, 30-Apr-2026,1.94,2.2,2.28,1.96,2.08,2.08,2.16,286921,6.2,552,185121.0, 64.52,2026-04-30
KEI, EQ, 30-Apr-2026,4935.2,4935.2,4935.2,4747.6,4875.0,4857.5,4829.68,724328,34982.72,48558,433734.0, 59.88,2026-04-30
KEL, SM, 30-Apr-2026,83.0,83.7,83.7,83.7,83.7,83.7,83.7,1200,1.0,1,1200.0, 100.00,2026-04-30
KELLTONTEC, EQ, 30-Apr-2026,15.78,15.54,15.79,15.36,15.49,15.44,15.51,2524368,391.65,6735,1127796.0, 44.68,2026-04-30
KEN, SM, 30-Apr-2026,34.75,34.7,34.7,34.7,34.7,34.7,34.7,2400,0.83,2,1200.0, 50.00,2026-04-30
KENNAMET, EQ, 30-Apr-2026,2698.9,2699.5,2743.9,2630.0,2743.0,2725.0,2692.35,1388,37.37,309,1116.0, 80.40,2026-04-30
KERNEX, EQ, 30-Apr-2026,1350.2,1355.0,1366.85,1329.9,1344.9,1348.8,1348.73,228270,3078.74,9777,144834.0, 63.45,2026-04-30
KESORAMIND, EQ, 30-Apr-2026,10.01,9.98,10.18,9.9,10.0,10.06,10.02,845266,84.71,1408,493558.0, 58.39,2026-04-30
KEYFINSERV, EQ, 30-Apr-2026,281.74,281.0,281.0,272.5,275.02,276.94,276.91,1997,5.53,155,1255.0, 62.84,2026-04-30
KFINTECH, EQ, 30-Apr-2026,977.3,936.25,977.0,892.0,898.85,895.7,917.86,6838867,62771.06,164730,2075717.0, 30.35,2026-04-30
KHADIM, EQ, 30-Apr-2026,101.69,101.69,103.5,98.82,101.3,100.75,100.15,49636,49.71,938,20884.0, 42.07,2026-04-30
KHAICHEM, BE, 30-Apr-2026,54.87,54.78,55.25,52.66,54.94,54.53,54.23,83470,45.26,484,, -,2026-04-30
KHAITANLTD, BE, 30-Apr-2026,130.27,129.85,129.85,124.1,124.13,124.25,125.68,2160,2.71,49,, -,2026-04-30
KHANDSE, EQ, 30-Apr-2026,16.83,17.0,17.74,16.15,17.19,17.19,16.7,13494,2.25,48,6996.0, 51.85,2026-04-30
KHFM, SM, 30-Apr-2026,51.5,53.0,53.0,45.0,45.0,48.25,49.14,35650,17.52,21,26350.0, 73.91,2026-04-30
KICL, EQ, 30-Apr-2026,4876.6,4814.4,4860.0,4720.0,4740.0,4755.7,4787.64,1552,74.3,252,1215.0, 78.29,2026-04-30
KILITCH, EQ, 30-Apr-2026,154.11,153.6,155.7,149.0,154.23,154.02,152.17,24616,37.46,1143,10499.0, 42.65,2026-04-30
KIMS, EQ, 30-Apr-2026,665.25,660.3,669.3,658.0,665.45,666.7,665.29,192680,1281.88,12228,101577.0, 52.72,2026-04-30
KINGFA, EQ, 30-Apr-2026,4652.6,4689.5,4819.9,4567.8,4800.0,4779.1,4696.05,9214,432.69,4562,4581.0, 49.72,2026-04-30
KIOCL, EQ, 30-Apr-2026,414.3,413.0,419.5,403.5,405.0,406.1,408.51,280990,1147.87,12485,92517.0, 32.93,2026-04-30
KIRIINDUS, EQ, 30-Apr-2026,415.1,410.0,415.8,405.1,411.5,411.25,410.55,133827,549.43,3719,46754.0, 34.94,2026-04-30
KIRLFER, EQ, 30-Apr-2026,435.6,438.0,438.0,420.55,435.0,434.75,433.54,40922,177.41,2539,28264.0, 69.07,2026-04-30
KIRLOSBROS, EQ, 30-Apr-2026,1739.8,1739.8,1759.0,1699.5,1735.0,1729.9,1725.31,58485,1009.05,8465,26193.0, 44.79,2026-04-30
KIRLOSENG, EQ, 30-Apr-2026,1699.1,1697.0,1729.9,1685.0,1700.1,1698.2,1698.96,418018,7101.97,20331,264770.0, 63.34,2026-04-30
KIRLOSIND, EQ, 30-Apr-2026,3288.6,3319.9,3319.9,3204.1,3299.0,3260.2,3253.37,3376,109.83,714,1666.0, 49.35,2026-04-30
KIRLPNU, EQ, 30-Apr-2026,1513.2,1500.0,1537.6,1490.2,1490.2,1503.3,1514.27,147315,2230.74,15639,62730.0, 42.58,2026-04-30
KITEX, EQ, 30-Apr-2026,164.64,164.0,165.51,162.3,164.0,164.49,164.09,448564,736.07,3523,153231.0, 34.16,2026-04-30
KKCL, EQ, 30-Apr-2026,471.9,470.35,480.0,470.35,479.0,474.85,474.05,5612,26.6,540,2409.0, 42.93,2026-04-30
KKJEWELS, SM, 30-Apr-2026,110.3,110.3,110.3,105.0,109.0,109.0,108.55,6000,6.51,5,6000.0, 100.00,2026-04-30
KLBRENG-B, EQ, 30-Apr-2026,506.05,501.0,513.0,496.35,509.0,508.1,505.57,26871,135.85,1487,19801.0, 73.69,2026-04-30
KLL, SM, 30-Apr-2026,43.25,43.0,43.7,42.0,43.7,43.7,42.7,8800,3.76,11,6400.0, 72.73,2026-04-30
KMEW, EQ, 30-Apr-2026,1800.2,1795.0,1795.0,1726.2,1770.0,1769.4,1759.74,68172,1199.65,6218,32289.0, 47.36,2026-04-30
KMSUGAR, EQ, 30-Apr-2026,29.26,29.85,31.25,29.27,30.94,30.86,30.53,848703,259.13,5791,357893.0, 42.17,2026-04-30
KNAGRI, EQ, 30-Apr-2026,180.85,184.0,184.0,172.15,181.79,180.02,180.07,7470,13.45,389,3959.0, 53.00,2026-04-30
KNRCON, EQ, 30-Apr-2026,130.08,128.95,128.95,123.27,125.79,125.13,125.1,4294633,5372.52,34971,2431553.0, 56.62,2026-04-30
KODYTECH, ST, 30-Apr-2026,720.0,720.0,720.0,705.6,708.25,708.25,711.11,1500,10.67,14,1500.0, 100.00,2026-04-30
KOHINOOR, EQ, 30-Apr-2026,26.89,27.0,27.0,25.52,26.03,25.84,26.13,82206,21.48,1066,41078.0, 49.97,2026-04-30
KOKUYOCMLN, EQ, 30-Apr-2026,93.81,93.81,93.81,91.52,93.0,93.1,92.81,23474,21.79,537,11047.0, 47.06,2026-04-30
KOLTEPATIL, EQ, 30-Apr-2026,380.0,381.9,386.0,374.25,384.0,383.65,381.48,45882,175.03,1923,15729.0, 34.28,2026-04-30
KONSTELEC, ST, 30-Apr-2026,44.35,42.15,42.15,42.15,42.15,42.15,42.15,1000,0.42,1,1000.0, 100.00,2026-04-30
KONTOR, SM, 30-Apr-2026,79.3,75.6,75.6,75.6,75.6,75.6,75.6,600,0.45,1,600.0, 100.00,2026-04-30
KOPRAN, EQ, 30-Apr-2026,157.13,157.1,166.6,155.1,164.9,164.63,161.98,393759,637.82,4509,183410.0, 46.58,2026-04-30
KORE, SM, 30-Apr-2026,120.9,114.9,126.9,114.9,126.9,126.85,120.55,6500,7.84,21,5250.0, 80.77,2026-04-30
KOTAKBANK, EQ, 30-Apr-2026,382.0,376.6,386.85,375.3,383.75,383.3,381.6,24812228,94682.92,177003,16104109.0, 64.90,2026-04-30
KOTARISUG, EQ, 30-Apr-2026,27.54,27.66,28.85,27.43,27.9,27.81,28.14,297066,83.58,2311,90924.0, 30.61,2026-04-30
KOTHARIPET, EQ, 30-Apr-2026,136.53,137.0,137.0,131.6,133.73,133.41,133.74,33629,44.98,1064,18465.0, 54.91,2026-04-30
KOTHARIPRO, EQ, 30-Apr-2026,73.05,73.05,73.67,71.65,71.85,71.81,72.25,4470,3.23,184,2974.0, 66.53,2026-04-30
KOTIC, EQ, 30-Apr-2026,182.9,184.8,189.05,174.35,187.55,186.4,183.52,9292,17.05,784,3066.0, 33.00,2026-04-30
KOTYARK, EQ, 30-Apr-2026,426.05,430.0,440.0,415.0,417.05,427.1,431.45,176969,763.52,2109,138413.0, 78.21,2026-04-30
KOVAI, EQ, 30-Apr-2026,5693.8,5722.3,5774.9,5640.0,5640.0,5657.6,5678.79,666,37.82,299,324.0, 48.65,2026-04-30
KPEL, EQ, 30-Apr-2026,364.24,364.0,365.76,355.11,360.0,360.93,360.41,288126,1038.42,6711,100858.0, 35.00,2026-04-30
KPIGREEN, EQ, 30-Apr-2026,451.2,451.2,453.0,439.05,444.5,447.95,446.07,577173,2574.61,17818,204664.0, 35.46,2026-04-30
KPIL, EQ, 30-Apr-2026,1264.3,1264.3,1267.8,1230.1,1247.0,1250.3,1246.65,74038,922.99,9863,28173.0, 38.05,2026-04-30
KPITTECH, EQ, 30-Apr-2026,740.05,738.05,767.2,727.65,760.8,759.05,753.65,2877480,21686.21,70421,965486.0, 33.55,2026-04-30
KPL, EQ, 30-Apr-2026,1596.45,1601.95,1640.0,1564.0,1567.2,1579.55,1600.64,9092,145.53,1160,5592.0, 61.50,2026-04-30
KPRMILL, EQ, 30-Apr-2026,927.4,933.65,944.8,916.55,936.95,936.6,933.9,231921,2165.91,14364,98902.0, 42.64,2026-04-30
KRBL, EQ, 30-Apr-2026,370.65,367.0,379.55,365.25,366.35,367.15,371.23,354595,1316.35,11717,119648.0, 33.74,2026-04-30
KREBSBIO, BE, 30-Apr-2026,60.0,57.4,59.85,57.4,59.7,59.67,59.59,500,0.3,10,, -,2026-04-30
KRIDHANINF, EQ, 30-Apr-2026,2.76,2.77,2.79,2.63,2.63,2.63,2.65,76971,2.04,154,53429.0, 69.41,2026-04-30
KRISHANA, EQ, 30-Apr-2026,604.95,605.3,620.0,594.05,604.8,600.1,605.6,294736,1784.93,9975,118193.0, 40.10,2026-04-30
KRISHCA, SM, 30-Apr-2026,183.2,182.2,183.0,176.6,177.0,178.15,180.07,15500,27.91,20,13500.0, 87.10,2026-04-30
KRISHIVAL, EQ, 30-Apr-2026,339.7,341.0,343.4,339.95,339.95,340.55,341.31,4144,14.14,200,3611.0, 87.14,2026-04-30
KRISHNADEF, EQ, 30-Apr-2026,1068.2,1068.2,1108.2,1056.4,1077.1,1077.55,1075.84,114149,1228.06,6506,42706.0, 37.41,2026-04-30
KRITI, EQ, 30-Apr-2026,80.85,81.45,82.68,79.97,81.0,82.15,81.93,39264,32.17,358,34298.0, 87.35,2026-04-30
KRITIKA, EQ, 30-Apr-2026,6.31,6.11,6.39,6.11,6.39,6.31,6.26,201256,12.59,650,127725.0, 63.46,2026-04-30
KRITINUT, BE, 30-Apr-2026,97.91,97.5,98.94,94.23,98.8,98.51,96.12,19433,18.68,128,, -,2026-04-30
KRMAYURVED, SM, 30-Apr-2026,243.05,240.0,240.1,227.1,236.9,236.5,233.57,91000,212.55,82,44000.0, 48.35,2026-04-30
KRN, EQ, 30-Apr-2026,1282.9,1283.0,1314.0,1271.0,1297.2,1295.35,1293.65,623430,8065.03,24079,119800.0, 19.22,2026-04-30
KRONOX, EQ, 30-Apr-2026,135.23,132.53,145.06,132.0,140.78,140.62,138.24,145698,201.41,2401,62588.0, 42.96,2026-04-30
KROSS, EQ, 30-Apr-2026,186.49,185.0,188.0,182.58,183.49,185.37,185.08,109384,202.45,1998,35834.0, 32.76,2026-04-30
KRSNAA, EQ, 30-Apr-2026,580.95,589.5,592.45,579.3,586.0,588.75,587.21,24824,145.77,2056,12834.0, 51.70,2026-04-30
KRT, RR, 30-Apr-2026,117.65,117.65,120.1,116.51,118.56,119.15,119.45,1367820,1633.84,11915,1221177.0, 89.28,2026-04-30
KRYSTAL, EQ, 30-Apr-2026,615.45,618.95,626.7,600.0,603.5,606.2,609.58,66379,404.63,2343,29585.0, 44.57,2026-04-30
KSB, EQ, 30-Apr-2026,985.3,983.0,1001.75,961.0,971.0,978.6,980.21,694012,6802.77,115609,301498.0, 43.44,2026-04-30
KSCL, EQ, 30-Apr-2026,925.75,925.0,985.5,916.0,971.0,965.35,960.39,271621,2608.62,10734,117808.0, 43.37,2026-04-30
KSHINTL, EQ, 30-Apr-2026,667.85,666.4,681.0,657.1,664.0,662.35,666.24,171163,1140.35,8201,67010.0, 39.15,2026-04-30
KSHITIJPOL, BE, 30-Apr-2026,3.13,3.28,3.28,3.19,3.28,3.28,3.27,619064,20.27,232,, -,2026-04-30
KSL, EQ, 30-Apr-2026,811.35,809.95,856.8,803.8,853.5,849.7,839.82,159408,1338.75,7295,73226.0, 45.94,2026-04-30
KSOLVES, EQ, 30-Apr-2026,337.14,335.51,348.96,305.0,307.0,308.46,322.59,364394,1175.49,9138,119683.0, 32.84,2026-04-30
KSR, BE, 30-Apr-2026,33.82,33.27,34.49,32.51,33.87,33.8,33.06,15287,5.05,124,, -,2026-04-30
KTKBANK, EQ, 30-Apr-2026,268.33,268.33,270.5,262.47,268.43,268.61,266.71,3691889,9846.74,28534,1465749.0, 39.70,2026-04-30
KUANTUM, EQ, 30-Apr-2026,80.04,80.0,80.0,77.5,78.5,78.16,78.38,81200,63.65,1294,51813.0, 63.81,2026-04-30
KWIL, EQ, 30-Apr-2026,26.9,26.75,27.79,26.31,27.5,27.23,27.06,7666115,2074.75,20234,3775785.0, 49.25,2026-04-30
LAGNAM, EQ, 30-Apr-2026,83.37,81.79,83.83,81.11,83.83,82.63,82.21,15546,12.78,154,12895.0, 82.95,2026-04-30
LAHOTIOV, EQ, 30-Apr-2026,47.65,50.4,50.4,47.35,49.0,48.85,48.8,20474,9.99,194,10892.0, 53.20,2026-04-30
LAKPRE, BZ, 30-Apr-2026,5.22,5.22,5.22,4.96,4.96,4.96,4.96,6315,0.31,13,, -,2026-04-30
LAKSHYA, ST, 30-Apr-2026,145.25,145.0,145.0,145.0,145.0,145.0,145.0,3200,4.64,4,3200.0, 100.00,2026-04-30
LAL, EQ, 30-Apr-2026,7.34,7.35,7.47,7.15,7.34,7.33,7.29,12321,0.9,114,9097.0, 73.83,2026-04-30
LALPATHLAB, EQ, 30-Apr-2026,1397.8,1386.1,1400.0,1363.0,1374.0,1367.2,1373.54,295679,4061.26,29466,166227.0, 56.22,2026-04-30
LAMBODHARA, EQ, 30-Apr-2026,105.11,106.49,106.49,103.0,104.5,105.82,104.57,4507,4.71,205,2621.0, 58.15,2026-04-30
LAMOSAIC, SM, 30-Apr-2026,26.85,27.0,27.0,25.8,25.8,25.8,26.17,3000,0.79,5,3000.0, 100.00,2026-04-30
LANCORHOL, BE, 30-Apr-2026,24.4,24.4,24.5,24.1,24.35,24.37,24.38,7108,1.73,38,, -,2026-04-30
LANDMARK, EQ, 30-Apr-2026,409.95,413.0,413.0,398.15,401.6,402.45,402.06,23012,92.52,1289,9208.0, 40.01,2026-04-30
LANDSMILL, EQ, 30-Apr-2026,0.95,0.95,0.99,0.93,0.96,0.95,0.96,4698476,45.24,1170,2817174.0, 59.96,2026-04-30
LAOPALA, EQ, 30-Apr-2026,178.91,178.0,179.89,175.35,179.0,178.73,177.79,60990,108.43,1924,31453.0, 51.57,2026-04-30
LASA, BE, 30-Apr-2026,8.1,8.1,8.38,7.75,7.98,8.0,8.09,12287,0.99,57,, -,2026-04-30
LATENTVIEW, EQ, 30-Apr-2026,294.9,295.0,295.65,289.0,291.4,292.35,292.24,350520,1024.35,9372,110258.0, 31.46,2026-04-30
LATTEYS, EQ, 30-Apr-2026,20.88,22.39,22.39,20.8,20.99,20.93,21.02,18938,3.98,206,12075.0, 63.76,2026-04-30
LAURUSLABS, EQ, 30-Apr-2026,1106.1,1086.3,1112.95,1080.0,1106.45,1100.95,1098.22,2364117,25963.12,55745,1053240.0, 44.55,2026-04-30
LAXMICOT, BE, 30-Apr-2026,15.22,15.19,15.19,14.5,14.86,14.55,14.75,3249,0.48,40,, -,2026-04-30
LAXMIDENTL, EQ, 30-Apr-2026,205.15,203.62,204.59,198.0,200.0,198.98,199.88,220582,440.9,3133,131029.0, 59.40,2026-04-30
LAXMIINDIA, EQ, 30-Apr-2026,115.21,115.21,115.21,111.1,112.0,112.23,112.39,40213,45.19,727,21268.0, 52.89,2026-04-30
LCCINFOTEC, BE, 30-Apr-2026,5.08,5.08,5.08,4.83,4.83,4.83,5.01,12900,0.65,27,, -,2026-04-30
LEMERITE, EQ, 30-Apr-2026,440.85,443.1,444.8,435.0,441.0,439.9,439.16,23300,102.32,509,11035.0, 47.36,2026-04-30
LEMONTREE, EQ, 30-Apr-2026,118.62,118.3,118.5,116.4,117.94,117.59,117.44,2025115,2378.35,26031,864898.0, 42.71,2026-04-30
LENSKART, EQ, 30-Apr-2026,519.95,511.75,518.6,506.75,517.0,515.95,513.95,1449817,7451.39,53223,788153.0, 54.36,2026-04-30
LEXUS, BE, 30-Apr-2026,17.66,17.65,17.65,16.9,17.6,17.56,17.32,19278,3.34,126,, -,2026-04-30
LFIC, EQ, 30-Apr-2026,141.97,140.41,143.0,136.0,143.0,140.83,138.92,4140,5.75,105,2312.0, 55.85,2026-04-30
LGBBROSLTD, EQ, 30-Apr-2026,1800.8,1824.9,1845.0,1728.2,1774.9,1759.6,1775.27,78838,1399.59,10045,31485.0, 39.94,2026-04-30
LGEINDIA, EQ, 30-Apr-2026,1627.0,1619.9,1619.9,1584.0,1594.0,1593.0,1600.51,531899,8513.11,27864,330722.0, 62.18,2026-04-30
LGHL, EQ, 30-Apr-2026,263.76,271.43,271.43,251.35,258.0,258.1,262.62,23461,61.61,443,2270.0, 9.68,2026-04-30
LIBAS, EQ, 30-Apr-2026,12.01,12.18,12.42,11.56,12.14,12.0,12.05,32211,3.88,164,26663.0, 82.78,2026-04-30
LIBERTSHOE, EQ, 30-Apr-2026,261.26,261.85,261.88,252.0,253.58,253.11,256.03,25482,65.24,730,15931.0, 62.52,2026-04-30
LICHSGFIN, EQ, 30-Apr-2026,562.15,562.15,562.15,549.6,554.8,554.7,555.05,716565,3977.29,18344,243953.0, 34.04,2026-04-30
LICI, EQ, 30-Apr-2026,812.45,810.95,812.05,796.15,799.0,797.9,800.73,1229720,9846.74,37524,568380.0, 46.22,2026-04-30
LICMFGOLD, EQ, 30-Apr-2026,132.6,132.75,134.85,132.55,133.9,134.2,134.22,196350,263.55,1880,147749.0, 75.25,2026-04-30
LICNETFGSC, EQ, 30-Apr-2026,28.67,28.67,28.67,28.5,28.51,28.58,28.54,85909,24.52,88,64377.0, 74.94,2026-04-30
LICNETFN50, EQ, 30-Apr-2026,268.57,267.52,268.84,265.6,268.46,268.45,266.78,777,2.07,31,166.0, 21.36,2026-04-30
LICNETFSEN, EQ, 30-Apr-2026,872.0,863.22,865.44,860.33,865.0,865.0,862.09,107,0.92,7,107.0, 100.00,2026-04-30
LICNFNHGP, EQ, 30-Apr-2026,274.67,269.21,274.0,267.9,271.7,271.52,270.08,550,1.49,41,534.0, 97.09,2026-04-30
LICNMID100, EQ, 30-Apr-2026,60.78,60.12,61.9,59.28,60.0,60.19,60.32,3515,2.12,130,2797.0, 79.57,2026-04-30
LIKHITHA, BE, 30-Apr-2026,221.63,220.0,222.0,210.55,214.0,213.56,213.16,39736,84.7,708,, -,2026-04-30
LINC, EQ, 30-Apr-2026,102.26,102.26,104.82,99.0,101.4,100.88,100.27,66494,66.67,1469,39117.0, 58.83,2026-04-30
LINCOLN, EQ, 30-Apr-2026,673.3,664.0,678.35,642.2,644.0,645.8,659.34,211074,1391.7,7757,79804.0, 37.81,2026-04-30
LINDEINDIA, EQ, 30-Apr-2026,7307.5,7319.5,7370.0,7222.0,7350.0,7320.0,7297.97,26126,1906.67,6008,9998.0, 38.27,2026-04-30
LIQGRWBEES, EQ, 30-Apr-2026,1037.3,1040.4,1040.4,1036.01,1037.85,1037.84,1037.84,21925,227.55,206,12013.0, 54.79,2026-04-30
LIQUID, EQ, 30-Apr-2026,999.99,999.99,1000.0,999.99,999.99,999.99,999.99,108863,1088.62,257,54606.0, 50.16,2026-04-30
LIQUID1, EQ, 30-Apr-2026,1101.9,1101.91,1103.15,1099.72,1102.51,1102.5,1102.5,1025957,11311.2,723,871395.0, 84.93,2026-04-30
LIQUIDADD, EQ, 30-Apr-2026,1124.08,1124.63,1124.7,1124.63,1124.7,1124.69,1124.69,424979,4779.7,996,329016.0, 77.42,2026-04-30
LIQUIDBEES, EQ, 30-Apr-2026,999.99,999.99,1000.01,999.99,1000.01,999.99,1000.0,2874888,28748.77,5622,2219490.0, 77.20,2026-04-30
LIQUIDBETF, EQ, 30-Apr-2026,1079.31,1079.89,1079.9,1079.88,1079.89,1079.89,1079.89,184640,1993.91,100,141528.0, 76.65,2026-04-30
LIQUIDCASE, EQ, 30-Apr-2026,113.82,113.89,113.89,113.87,113.89,113.88,113.88,17059830,19428.03,9967,13625949.0, 79.87,2026-04-30
LIQUIDETF, EQ, 30-Apr-2026,999.99,999.99,1000.01,999.99,999.99,999.99,1000.0,152705,1527.05,192,143442.0, 93.93,2026-04-30
LIQUIDIETF, EQ, 30-Apr-2026,999.99,1000.0,1000.01,999.99,999.99,999.99,1000.0,568678,5686.78,241,385894.0, 67.86,2026-04-30
LIQUIDPLUS, EQ, 30-Apr-2026,1083.01,1083.58,1083.6,1083.58,1083.59,1083.59,1083.59,224662,2434.41,373,131738.0, 58.64,2026-04-30
LIQUIDSBI, EQ, 30-Apr-2026,999.99,999.99,1000.01,999.99,999.99,999.99,1000.01,16566,165.66,41,13581.0, 81.98,2026-04-30
LIQUIDSHRI, EQ, 30-Apr-2026,1102.09,1102.64,1102.66,1102.64,1102.66,1102.65,1102.64,4485,49.45,20,3563.0, 79.44,2026-04-30
LLOYDS, ST, 30-Apr-2026,95.05,93.15,93.15,93.15,93.15,93.15,93.15,1000,0.93,1,1000.0, 100.00,2026-04-30
LLOYDSENGG, EQ, 30-Apr-2026,57.86,57.2,58.3,56.41,57.6,57.77,57.44,4293388,2465.91,18593,1617518.0, 37.67,2026-04-30
LLOYDSENT, EQ, 30-Apr-2026,69.06,68.0,68.9,66.66,68.0,68.51,67.95,1709902,1161.8,7147,729969.0, 42.69,2026-04-30
LLOYDSME, EQ, 30-Apr-2026,1772.2,1782.0,1785.2,1736.7,1758.0,1764.4,1761.97,503137,8865.12,26753,233436.0, 46.40,2026-04-30
LMW, EQ, 30-Apr-2026,14735.0,14735.0,14743.0,14430.0,14430.0,14562.0,14590.61,1285,187.49,481,809.0, 62.96,2026-04-30
LODHA, EQ, 30-Apr-2026,912.7,912.65,914.3,892.7,893.55,897.9,903.64,2976918,26900.65,74850,1564154.0, 52.54,2026-04-30
LOKESHMACH, BE, 30-Apr-2026,255.43,250.01,257.7,242.66,248.1,249.12,246.88,29679,73.27,311,, -,2026-04-30
LORDSCHLO, EQ, 30-Apr-2026,146.24,147.73,147.73,143.01,144.1,144.26,144.97,5916,8.58,379,3350.0, 56.63,2026-04-30
LOTUSDEV, EQ, 30-Apr-2026,146.38,146.38,146.86,142.57,143.0,143.12,144.46,355144,513.03,8006,208289.0, 58.65,2026-04-30
LOTUSEYE, EQ, 30-Apr-2026,121.52,124.6,124.6,118.0,118.1,118.87,119.82,5954,7.13,161,3827.0, 64.28,2026-04-30
LOVABLE, EQ, 30-Apr-2026,73.95,73.78,75.5,72.7,73.88,73.15,73.38,32594,23.92,304,24514.0, 75.21,2026-04-30
LOWVOL, EQ, 30-Apr-2026,201.88,201.88,201.88,199.5,201.73,201.73,200.15,757,1.52,15,226.0, 29.85,2026-04-30
LOWVOL1, EQ, 30-Apr-2026,20.95,20.95,21.37,20.38,20.44,20.58,20.59,1404086,289.03,1298,1191557.0, 84.86,2026-04-30
LOWVOLIETF, EQ, 30-Apr-2026,21.63,21.62,21.64,21.36,21.62,21.58,21.52,377010,81.12,1105,232231.0, 61.60,2026-04-30
LOYALTEX, BE, 30-Apr-2026,208.0,209.04,214.88,203.0,203.0,203.0,214.5,122,0.26,7,, -,2026-04-30
LPDC, BE, 30-Apr-2026,7.73,7.73,7.99,7.46,7.54,7.54,7.79,12068,0.94,66,, -,2026-04-30
LRRPL, SM, 30-Apr-2026,74.25,74.0,77.05,73.95,77.05,77.0,74.49,25500,18.99,9,24000.0, 94.12,2026-04-30
LT, EQ, 30-Apr-2026,4096.1,4083.0,4100.0,3990.0,4021.0,4014.0,4014.69,2569328,103150.54,132029,1251896.0, 48.72,2026-04-30
LTF, EQ, 30-Apr-2026,285.42,284.42,284.42,277.38,280.79,279.73,280.38,3778162,10593.22,48789,1704639.0, 45.12,2026-04-30
LTFOODS, EQ, 30-Apr-2026,425.1,425.1,436.2,424.0,429.0,430.65,431.23,542946,2341.33,17482,225930.0, 41.61,2026-04-30
LTGILTBEES, EQ, 30-Apr-2026,29.15,29.14,29.15,29.02,29.14,29.09,29.08,2036616,592.34,802,1447502.0, 71.07,2026-04-30
LTGILTCASE, EQ, 30-Apr-2026,29.67,29.89,29.89,29.54,29.68,29.64,29.62,103233,30.58,214,89941.0, 87.12,2026-04-30
LTM, EQ, 30-Apr-2026,4323.1,4323.1,4348.1,4248.0,4270.0,4269.6,4274.46,427566,18276.15,38193,223526.0, 52.28,2026-04-30
LTTS, EQ, 30-Apr-2026,3559.6,3541.8,3644.1,3477.6,3636.0,3626.3,3572.49,126549,4520.95,22613,61180.0, 48.34,2026-04-30
LUMAXIND, EQ, 30-Apr-2026,5080.2,5070.0,5175.0,4920.0,5099.0,5090.6,4998.59,13514,675.51,2873,6893.0, 51.01,2026-04-30
LUMAXTECH, EQ, 30-Apr-2026,1610.4,1600.0,1645.0,1537.9,1629.0,1621.4,1587.62,361982,5746.89,28939,139547.0, 38.55,2026-04-30
LUPIN, EQ, 30-Apr-2026,2311.4,2297.0,2317.4,2277.7,2312.3,2305.2,2302.06,1095515,25219.4,37102,706024.0, 64.45,2026-04-30
LUXIND, EQ, 30-Apr-2026,1479.65,1487.0,1491.7,1363.05,1406.6,1398.2,1418.86,152332,2161.37,11114,57812.0, 37.95,2026-04-30
LXCHEM, EQ, 30-Apr-2026,147.06,146.0,147.7,142.34,144.81,144.34,144.41,456309,658.96,5782,222379.0, 48.73,2026-04-30
LYKALABS, BE, 30-Apr-2026,60.38,60.38,60.38,57.75,59.7,59.7,58.94,16362,9.64,109,, -,2026-04-30
LYPSAGEMS, EQ, 30-Apr-2026,5.27,5.27,6.32,5.23,5.27,5.3,5.59,77826,4.35,436,53800.0, 69.13,2026-04-30
M&M, EQ, 30-Apr-2026,3152.3,3105.4,3117.3,3047.0,3094.2,3097.5,3082.32,3331158,102676.94,173354,1792710.0, 53.82,2026-04-30
M&MFIN, EQ, 30-Apr-2026,320.2,320.0,321.0,309.05,311.45,310.7,313.93,5588528,17544.1,72112,3654321.0, 65.39,2026-04-30
MAANALU, EQ, 30-Apr-2026,148.9,148.25,153.0,146.9,150.5,150.6,150.05,243926,366.02,4084,130023.0, 53.30,2026-04-30
MACOBSTECH, SM, 30-Apr-2026,216.45,218.0,225.0,216.0,225.0,223.7,219.71,13600,29.88,11,13600.0, 100.00,2026-04-30
MACPOWER, EQ, 30-Apr-2026,1139.95,1122.85,1144.45,1110.15,1120.0,1127.6,1126.19,9984,112.44,1394,4593.0, 46.00,2026-04-30
MADHAV, EQ, 30-Apr-2026,39.19,39.98,39.98,38.91,39.29,39.28,39.6,588,0.23,40,409.0, 69.56,2026-04-30
MADHAVBAUG, SM, 30-Apr-2026,241.7,245.0,253.15,245.0,246.0,246.0,245.98,10400,25.58,6,10000.0, 96.15,2026-04-30
MADHAVIPL, EQ, 30-Apr-2026,9.35,9.35,9.55,9.2,9.2,9.2,9.31,59981,5.59,329,50279.0, 83.82,2026-04-30
MADHUCON, BE, 30-Apr-2026,5.1,5.1,5.29,5.0,5.29,5.29,5.23,27829,1.46,47,, -,2026-04-30
MADHUSUDAN, SM, 30-Apr-2026,154.5,142.1,155.05,142.1,150.0,151.25,151.9,12000,18.23,12,7000.0, 58.33,2026-04-30
MADRASFERT, EQ, 30-Apr-2026,69.0,69.5,69.5,68.0,68.82,68.62,68.62,68643,47.1,978,30852.0, 44.95,2026-04-30
MAFANG, EQ, 30-Apr-2026,181.93,180.54,180.54,180.54,180.54,180.54,180.54,156503,282.55,540,156503.0, 100.00,2026-04-30
MAFATIND, EQ, 30-Apr-2026,137.35,137.0,137.0,133.8,135.95,135.45,135.83,12761,17.33,286,8708.0, 68.24,2026-04-30
MAGADSUGAR, EQ, 30-Apr-2026,513.5,518.0,543.5,517.0,526.5,529.55,533.26,74274,396.07,3637,30129.0, 40.56,2026-04-30
MAGNUM, BE, 30-Apr-2026,20.89,21.79,21.79,20.25,21.24,20.61,20.75,5617,1.17,56,, -,2026-04-30
MAGSON, ST, 30-Apr-2026,175.05,171.9,177.0,171.9,177.0,177.0,174.8,5000,8.74,5,4000.0, 80.00,2026-04-30
MAHABANK, EQ, 30-Apr-2026,79.61,79.5,79.63,77.63,78.5,78.37,78.41,14941513,11716.11,57037,5730419.0, 38.35,2026-04-30
MAHAPEXLTD, EQ, 30-Apr-2026,54.1,53.0,54.18,51.5,53.95,53.06,53.06,26706,14.17,604,19693.0, 73.74,2026-04-30
MAHASTEEL, BE, 30-Apr-2026,870.9,873.95,873.95,835.25,850.0,848.7,848.66,4762,40.41,99,, -,2026-04-30
MAHEPC, EQ, 30-Apr-2026,116.45,117.6,119.35,114.22,118.45,117.9,118.25,54589,64.55,937,34018.0, 62.32,2026-04-30
MAHESHWARI, EQ, 30-Apr-2026,50.6,51.35,51.99,50.35,51.39,51.26,51.08,11990,6.12,157,8541.0, 71.23,2026-04-30
MAHICKRA, ST, 30-Apr-2026,230.0,240.0,241.5,232.5,232.6,232.55,237.79,7500,17.83,10,6750.0, 90.00,2026-04-30
MAHKTECH, EQ, 30-Apr-2026,23.85,23.4,23.4,23.4,23.4,23.4,23.4,144430,33.8,259,144430.0, 100.00,2026-04-30
MAHLIFE, EQ, 30-Apr-2026,344.6,345.0,346.0,337.35,339.2,340.5,341.21,141011,481.14,8659,66434.0, 47.11,2026-04-30
MAHLOG, EQ, 30-Apr-2026,409.05,410.0,410.0,401.7,403.2,403.5,403.91,107340,433.56,3260,49007.0, 45.66,2026-04-30
MAHSCOOTER, EQ, 30-Apr-2026,12255.0,12352.0,12467.0,12200.0,12200.0,12244.0,12325.13,2848,351.02,1272,1016.0, 35.67,2026-04-30
MAHSEAMLES, EQ, 30-Apr-2026,649.7,646.0,650.0,634.0,640.6,640.0,641.89,106912,686.26,5848,65075.0, 60.87,2026-04-30
MAITHANALL, EQ, 30-Apr-2026,994.95,994.95,1002.0,974.8,987.5,985.35,986.14,25165,248.16,1608,12387.0, 49.22,2026-04-30
MAJESAUT, EQ, 30-Apr-2026,321.1,320.0,320.0,314.0,317.0,317.2,316.02,350,1.11,24,344.0, 98.29,2026-04-30
MAKEINDIA, EQ, 30-Apr-2026,158.99,158.56,158.7,156.19,158.21,157.84,157.18,32907,51.72,534,20737.0, 63.02,2026-04-30
MAL, SM, 30-Apr-2026,37.45,38.75,38.8,38.6,38.6,38.6,38.72,4800,1.86,3,4800.0, 100.00,2026-04-30
MALLCOM, EQ, 30-Apr-2026,1098.85,1072.25,1100.3,1064.8,1094.0,1092.75,1086.92,1820,19.78,187,1148.0, 63.08,2026-04-30
MALUPAPER, EQ, 30-Apr-2026,33.39,33.39,33.39,32.41,32.5,32.52,32.89,3658,1.2,64,2143.0, 58.58,2026-04-30
MAMATA, EQ, 30-Apr-2026,405.85,405.0,424.8,402.7,417.1,417.75,418.0,247462,1034.38,5853,83373.0, 33.69,2026-04-30
MANAKALUCO, EQ, 30-Apr-2026,39.15,39.14,39.14,36.2,37.03,37.32,37.08,341134,126.51,1371,230642.0, 67.61,2026-04-30
MANAKCOAT, EQ, 30-Apr-2026,112.24,112.94,112.94,107.99,109.35,108.89,109.42,153834,168.32,1693,95584.0, 62.13,2026-04-30
MANAKSIA, EQ, 30-Apr-2026,59.62,60.95,60.95,58.63,59.0,59.16,59.22,10930,6.47,251,7040.0, 64.41,2026-04-30
MANAKSTEEL, BE, 30-Apr-2026,68.3,68.65,71.71,66.15,70.74,69.7,69.74,22602,15.76,241,, -,2026-04-30
MANALIPETC, EQ, 30-Apr-2026,53.74,54.85,54.85,52.52,53.36,53.43,53.14,95083,50.53,1210,37541.0, 39.48,2026-04-30
MANAPPURAM, EQ, 30-Apr-2026,295.35,296.0,297.0,290.2,296.95,294.35,293.06,3691260,10817.76,36652,1776318.0, 48.12,2026-04-30
MANAV, ST, 30-Apr-2026,39.9,37.95,37.95,37.95,37.95,37.95,37.95,4000,1.52,1,4000.0, 100.00,2026-04-30
MANBA, EQ, 30-Apr-2026,109.44,109.0,109.99,108.12,108.4,109.15,109.06,37555,40.96,703,10820.0, 28.81,2026-04-30
MANCREDIT, EQ, 30-Apr-2026,173.88,172.11,174.78,170.75,170.75,173.25,172.88,14227,24.6,166,635.0, 4.46,2026-04-30
MANGALAM, BE, 30-Apr-2026,28.91,29.48,29.48,29.48,29.48,29.48,29.48,5117,1.51,19,, -,2026-04-30
MANGLMCEM, EQ, 30-Apr-2026,929.05,929.05,930.15,901.05,927.0,922.5,919.15,25569,235.02,1519,12778.0, 49.97,2026-04-30
MANILAM, SM, 30-Apr-2026,60.85,58.0,58.0,58.0,58.0,58.0,58.0,2000,1.16,1,2000.0, 100.00,2026-04-30
MANINDS, EQ, 30-Apr-2026,522.1,519.0,530.0,511.3,530.0,526.65,521.48,242978,1267.07,6170,123480.0, 50.82,2026-04-30
MANINFRA, EQ, 30-Apr-2026,118.9,118.0,123.05,116.47,120.3,120.35,120.96,4071900,4925.37,13850,999259.0, 24.54,2026-04-30
MANKIND, EQ, 30-Apr-2026,2256.8,2250.0,2266.8,2217.0,2244.0,2246.7,2242.15,187564,4205.47,19519,77336.0, 41.23,2026-04-30
MANOMAY, EQ, 30-Apr-2026,242.89,244.11,244.49,233.33,236.0,235.24,237.04,53212,126.14,678,26328.0, 49.48,2026-04-30
MANORAMA, EQ, 30-Apr-2026,1473.8,1473.8,1524.1,1442.1,1489.8,1509.0,1481.04,177210,2624.56,12540,96489.0, 54.45,2026-04-30
MANORG, EQ, 30-Apr-2026,459.0,452.5,458.95,450.9,455.0,456.45,455.11,4093,18.63,237,2593.0, 63.35,2026-04-30
MANUFGBEES, EQ, 30-Apr-2026,156.6,156.6,157.38,152.1,157.0,155.64,155.59,3975,6.18,138,3007.0, 75.65,2026-04-30
MANUGRAPH, EQ, 30-Apr-2026,14.19,14.25,14.99,13.41,14.1,13.99,14.22,8710,1.24,185,5178.0, 59.45,2026-04-30
MANYAVAR, EQ, 30-Apr-2026,438.6,433.6,438.9,424.65,427.4,426.95,429.35,180430,774.67,8664,87092.0, 48.27,2026-04-30
MAPMYINDIA, EQ, 30-Apr-2026,929.15,933.55,940.85,912.5,923.9,919.7,922.02,73763,680.11,7139,28358.0, 38.44,2026-04-30
MARALOVER, EQ, 30-Apr-2026,45.3,45.8,45.8,44.5,45.5,44.82,44.8,8679,3.89,60,8190.0, 94.37,2026-04-30
MARATHON, EQ, 30-Apr-2026,477.85,479.0,479.0,469.0,470.0,470.3,471.66,38832,183.15,1164,23749.0, 61.16,2026-04-30
MARC, ST, 30-Apr-2026,85.2,81.6,89.0,81.6,89.0,85.05,85.04,7200,6.12,6,7200.0, 100.00,2026-04-30
MARCO, SM, 30-Apr-2026,40.0,38.5,38.5,38.0,38.0,38.0,38.18,4500,1.72,3,4500.0, 100.00,2026-04-30
MARICO, EQ, 30-Apr-2026,779.3,778.1,779.5,765.65,776.2,775.0,773.68,1716176,13277.75,42793,1055903.0, 61.53,2026-04-30
MARINE, EQ, 30-Apr-2026,232.63,231.1,233.86,225.32,230.54,229.3,228.47,258936,591.59,4198,123900.0, 47.85,2026-04-30
MARKOLINES, EQ, 30-Apr-2026,150.86,150.9,151.9,150.0,150.0,150.76,151.12,100581,151.99,743,38756.0, 38.53,2026-04-30
MARKSANS, EQ, 30-Apr-2026,187.76,187.0,187.88,181.0,185.0,184.63,184.27,610116,1124.24,12610,258142.0, 42.31,2026-04-30
MARSONS, EQ, 30-Apr-2026,163.53,163.99,164.76,152.5,152.95,154.2,158.1,881467,1393.6,5612,311416.0, 35.33,2026-04-30
MARUSHIKA, SM, 30-Apr-2026,95.9,91.35,99.9,91.35,95.0,95.0,95.66,7200,6.89,6,3600.0, 50.00,2026-04-30
MARUTI, EQ, 30-Apr-2026,13257.0,13134.0,13360.0,12970.0,13320.0,13314.0,13147.38,612975,80590.17,118085,290932.0, 47.46,2026-04-30
MASFIN, EQ, 30-Apr-2026,325.9,332.0,344.2,329.0,340.9,339.9,339.15,1531804,5195.05,32589,456561.0, 29.81,2026-04-30
MASKINVEST, BE, 30-Apr-2026,159.7,152.5,157.72,151.72,156.0,155.87,154.66,471,0.73,18,, -,2026-04-30
MASON, SM, 30-Apr-2026,137.25,142.9,142.9,136.0,138.0,138.4,137.14,8000,10.97,16,6500.0, 81.25,2026-04-30
MASPTOP50, EQ, 30-Apr-2026,77.04,77.08,77.08,77.08,77.08,77.08,77.08,87133,67.16,234,87133.0, 100.00,2026-04-30
MASTEK, EQ, 30-Apr-2026,1692.0,1688.0,1711.7,1654.0,1705.0,1694.2,1684.79,37973,639.77,7116,14416.0, 37.96,2026-04-30
MASTER, SM, 30-Apr-2026,339.0,323.0,323.0,323.0,323.0,323.0,323.0,500,1.62,1,500.0, 100.00,2026-04-30
MASTERTR, EQ, 30-Apr-2026,81.43,81.0,82.8,79.01,81.73,81.94,80.92,364616,295.05,2054,57321.0, 15.72,2026-04-30
MATRIMONY, EQ, 30-Apr-2026,424.35,424.25,424.9,419.1,419.15,420.8,421.53,2368,9.98,204,1751.0, 73.94,2026-04-30
MAWANASUG, EQ, 30-Apr-2026,103.85,103.85,116.79,103.4,112.65,113.03,112.78,1716386,1935.71,15809,464214.0, 27.05,2026-04-30
MAXESTATES, EQ, 30-Apr-2026,399.8,396.5,403.55,388.8,390.1,391.3,393.07,16211,63.72,1191,7364.0, 45.43,2026-04-30
MAXHEALTH, EQ, 30-Apr-2026,1006.6,935.0,1006.5,934.95,992.0,993.05,990.08,2365736,23422.67,53639,1107936.0, 46.83,2026-04-30
MAXIND, EQ, 30-Apr-2026,155.65,155.64,158.23,153.61,155.01,155.34,155.6,18513,28.81,608,9274.0, 50.09,2026-04-30
MAXPOSURE, SM, 30-Apr-2026,40.0,39.95,39.95,39.95,39.95,39.95,39.95,3000,1.2,2,3000.0, 100.00,2026-04-30
MAXVOLT, SM, 30-Apr-2026,394.6,390.0,405.0,390.0,404.0,402.4,395.45,29600,117.05,68,19600.0, 66.22,2026-04-30
MAYURUNIQ, EQ, 30-Apr-2026,557.55,560.65,560.65,545.0,550.0,549.25,549.87,34616,190.34,2540,21136.0, 61.06,2026-04-30
MAZDA, EQ, 30-Apr-2026,214.91,215.7,217.03,210.1,213.5,213.8,212.77,22230,47.3,2007,6209.0, 27.93,2026-04-30
MAZDOCK, EQ, 30-Apr-2026,2769.7,2774.0,2778.0,2680.0,2738.0,2733.2,2724.86,1915445,52193.13,70859,507593.0, 26.50,2026-04-30
MBAPL, EQ, 30-Apr-2026,524.3,528.0,534.65,517.1,521.8,525.8,526.7,195810,1031.33,4181,84359.0, 43.08,2026-04-30
MBEL, EQ, 30-Apr-2026,334.76,334.7,335.66,324.0,330.3,332.08,330.55,57525,190.15,4351,23395.0, 40.67,2026-04-30
MBLINFRA, BE, 30-Apr-2026,25.44,25.4,26.0,24.6,26.0,25.76,25.59,59617,15.26,135,, -,2026-04-30
MCCHRLS-B, EQ, 30-Apr-2026,685.0,730.0,730.0,654.3,690.0,682.35,673.49,75,0.51,15,72.0, 96.00,2026-04-30
MCL, BE, 30-Apr-2026,59.24,59.0,59.0,58.11,58.55,58.55,58.47,14570,8.52,196,, -,2026-04-30
MCLEODRUSS, BE, 30-Apr-2026,55.65,55.0,55.0,52.95,54.5,54.12,53.76,289795,155.79,617,, -,2026-04-30
MCLOUD, EQ, 30-Apr-2026,26.16,26.1,27.5,25.76,27.05,27.23,26.69,3451468,921.34,9995,1532497.0, 44.40,2026-04-30
MCON, SM, 30-Apr-2026,50.9,53.0,53.4,48.65,53.4,53.4,51.62,25000,12.9,13,20000.0, 80.00,2026-04-30
MCX, EQ, 30-Apr-2026,2968.3,2975.0,2985.1,2925.7,2969.0,2971.5,2961.41,2414520,71503.9,99689,1084455.0, 44.91,2026-04-30
MDL, SM, 30-Apr-2026,48.0,46.55,47.0,46.0,47.0,47.0,46.71,5000,2.34,5,5000.0, 100.00,2026-04-30
MEDANTA, EQ, 30-Apr-2026,1142.95,1130.0,1143.05,1112.15,1120.0,1117.25,1118.3,276545,3092.59,16772,220478.0, 79.73,2026-04-30
MEDIASSIST, EQ, 30-Apr-2026,330.85,333.0,348.95,325.1,342.05,345.05,339.76,234293,796.04,6640,85744.0, 36.60,2026-04-30
MEDICAMEQ, EQ, 30-Apr-2026,249.28,250.0,257.18,247.0,253.02,254.53,253.35,15419,39.06,534,8958.0, 58.10,2026-04-30
MEDICO, EQ, 30-Apr-2026,40.6,41.45,42.8,40.13,42.0,42.48,41.82,267676,111.93,1119,173533.0, 64.83,2026-04-30
MEDIORG, SM, 30-Apr-2026,29.25,28.8,29.0,28.35,29.0,29.0,28.72,6000,1.72,3,4000.0, 66.67,2026-04-30
MEDISTEP, ST, 30-Apr-2026,21.9,21.9,21.9,21.9,21.9,21.9,21.9,3000,0.66,1,3000.0, 100.00,2026-04-30
MEDPLUS, EQ, 30-Apr-2026,880.6,879.0,879.95,858.9,877.9,872.15,870.59,53016,461.55,5929,30081.0, 56.74,2026-04-30
MEESHO, EQ, 30-Apr-2026,172.68,173.38,196.62,173.06,194.0,193.13,190.34,150163771,285829.04,681122,10805760.0, 7.20,2026-04-30
MEGAFLEX, ST, 30-Apr-2026,145.0,145.0,145.0,145.0,145.0,145.0,145.0,1000,1.45,1,1000.0, 100.00,2026-04-30
MEGASTAR, EQ, 30-Apr-2026,297.45,302.0,310.0,290.0,290.0,292.75,299.52,24414,73.13,815,6952.0, 28.48,2026-04-30
MEGATHERM, SM, 30-Apr-2026,287.75,286.0,286.0,271.6,278.75,276.4,276.79,6000,16.61,14,3600.0, 60.00,2026-04-30
MEIL, BE, 30-Apr-2026,298.95,298.0,303.9,285.01,298.28,299.38,295.15,29620,87.42,568,, -,2026-04-30
MENNPIS, EQ, 30-Apr-2026,57.1,56.75,59.0,56.2,59.0,57.9,57.01,2251,1.28,99,1648.0, 73.21,2026-04-30
MENONBE, EQ, 30-Apr-2026,121.89,120.51,126.5,118.21,125.75,125.86,123.4,65325,80.61,991,40633.0, 62.20,2026-04-30
MEP, BZ, 30-Apr-2026,0.99,1.0,1.0,1.0,1.0,1.0,1.0,28852,0.29,14,, -,2026-04-30
MERCANTILE, EQ, 30-Apr-2026,22.65,23.95,23.95,22.25,23.15,23.15,23.15,413,0.1,24,279.0, 67.55,2026-04-30
METAL, EQ, 30-Apr-2026,13.24,12.9,13.25,12.89,12.93,12.92,12.98,5065670,657.48,9212,3196279.0, 63.10,2026-04-30
METALIETF, EQ, 30-Apr-2026,13.17,12.84,13.27,12.65,12.91,12.8,12.87,21782646,2803.91,17858,14677306.0, 67.38,2026-04-30
METROBRAND, EQ, 30-Apr-2026,1039.85,1045.0,1045.0,1015.0,1021.9,1022.85,1029.75,14610,150.45,2974,7834.0, 53.62,2026-04-30
METROGLOBL, EQ, 30-Apr-2026,128.8,128.8,134.5,125.1,134.5,134.5,128.39,62,0.08,5,50.0, 80.65,2026-04-30
METROPOLIS, EQ, 30-Apr-2026,478.8,476.0,481.95,470.95,476.9,476.5,476.93,67917,323.92,6550,36629.0, 53.93,2026-04-30
MFML, EQ, 30-Apr-2026,24.98,25.01,25.01,23.44,24.61,24.33,24.34,393,0.1,61,301.0, 76.59,2026-04-30
MFSL, EQ, 30-Apr-2026,1610.4,1598.0,1608.9,1572.1,1591.9,1585.7,1584.97,422851,6702.08,27354,251888.0, 59.57,2026-04-30
MGEL, EQ, 30-Apr-2026,13.92,13.8,14.06,13.6,13.62,13.63,13.8,249991,34.5,790,168045.0, 67.22,2026-04-30
MGL, EQ, 30-Apr-2026,1146.0,1135.95,1143.8,1116.95,1132.75,1135.65,1130.28,166402,1880.81,17180,83843.0, 50.39,2026-04-30
MGSL, SM, 30-Apr-2026,74.6,78.9,78.9,77.5,77.5,77.5,78.43,3600,2.82,3,3600.0, 100.00,2026-04-30
MHLXMIRU, EQ, 30-Apr-2026,186.15,186.15,188.49,181.23,185.0,184.22,183.07,529,0.97,42,453.0, 85.63,2026-04-30
MHRIL, EQ, 30-Apr-2026,246.77,247.9,248.75,244.44,247.0,247.05,246.62,108265,267.0,2691,50051.0, 46.23,2026-04-30
MICEL, EQ, 30-Apr-2026,44.51,44.44,44.44,42.1,43.3,43.17,43.05,1569990,675.87,6996,580622.0, 36.98,2026-04-30
MICROPRO, SM, 30-Apr-2026,19.05,19.0,19.05,18.75,18.75,18.75,18.93,4800,0.91,3,4800.0, 100.00,2026-04-30
MID150, EQ, 30-Apr-2026,22.45,22.67,22.67,22.08,22.56,22.14,22.25,80587,17.93,359,40862.0, 50.71,2026-04-30
MID150BEES, EQ, 30-Apr-2026,229.06,228.99,228.99,225.66,227.43,227.4,226.98,746924,1695.38,9558,445238.0, 59.61,2026-04-30
MID150CASE, EQ, 30-Apr-2026,11.14,11.18,11.18,10.93,11.06,11.03,11.01,2195457,241.74,4726,1149090.0, 52.34,2026-04-30
MIDCAP, EQ, 30-Apr-2026,17.41,17.84,17.84,17.05,17.24,17.26,17.19,559751,96.24,1200,277145.0, 49.51,2026-04-30
MIDCAPADD, EQ, 30-Apr-2026,22.29,22.35,22.77,21.87,22.43,22.12,21.94,18514,4.06,63,14367.0, 77.60,2026-04-30
MIDCAPBETA, EQ, 30-Apr-2026,224.64,222.11,222.53,220.01,222.53,221.54,221.29,5991,13.26,59,5155.0, 86.05,2026-04-30
MIDCAPETF, EQ, 30-Apr-2026,22.66,22.69,22.7,22.29,22.5,22.48,22.47,9598931,2157.31,10343,6834447.0, 71.20,2026-04-30
MIDCAPIETF, EQ, 30-Apr-2026,22.95,22.94,22.95,22.58,22.8,22.76,22.72,1095435,248.87,3162,666014.0, 60.80,2026-04-30
MIDHANI, EQ, 30-Apr-2026,398.8,398.0,400.3,383.5,390.7,389.9,389.42,1059648,4126.45,21406,364725.0, 34.42,2026-04-30
MIDQ50ADD, EQ, 30-Apr-2026,241.01,241.0,242.0,237.81,242.0,240.85,239.53,3080,7.38,143,1499.0, 48.67,2026-04-30
MIDSELIETF, EQ, 30-Apr-2026,17.99,18.43,18.43,17.65,17.76,17.78,17.74,240638,42.68,1720,147220.0, 61.18,2026-04-30
MIDSMALL, EQ, 30-Apr-2026,50.02,50.42,50.42,49.13,49.59,49.57,49.48,312709,154.72,1273,210661.0, 67.37,2026-04-30
MIDWESTLTD, EQ, 30-Apr-2026,1248.4,1254.0,1257.4,1222.1,1248.0,1241.2,1237.7,19507,241.44,1414,8308.0, 42.59,2026-04-30
MIEL, SM, 30-Apr-2026,15.05,14.35,15.45,14.35,14.5,14.5,14.62,14000,2.05,7,10000.0, 71.43,2026-04-30
MINDACORP, EQ, 30-Apr-2026,522.45,520.75,522.25,512.45,516.8,520.1,517.38,223133,1154.44,11053,119753.0, 53.67,2026-04-30
MINDSPACE, RR, 30-Apr-2026,466.69,467.95,473.0,465.85,466.45,467.1,469.56,353689,1660.78,22740,301867.0, 85.35,2026-04-30
MINDTECK, EQ, 30-Apr-2026,204.92,202.87,208.2,201.31,202.0,202.28,203.34,28101,57.14,792,12888.0, 45.86,2026-04-30
MIRCELECTR, EQ, 30-Apr-2026,33.79,33.41,33.8,32.79,33.1,33.09,33.26,838701,278.94,2499,425394.0, 50.72,2026-04-30
MIRZAINT, EQ, 30-Apr-2026,33.29,32.8,33.49,32.25,32.57,32.63,32.62,73770,24.06,523,36201.0, 49.07,2026-04-30
MITCON, EQ, 30-Apr-2026,79.63,79.0,81.6,77.01,79.1,79.96,80.22,13581,10.89,833,7720.0, 56.84,2026-04-30
MITTAL, EQ, 30-Apr-2026,0.95,0.94,0.95,0.93,0.95,0.94,0.94,212908,2.01,274,167625.0, 78.73,2026-04-30
MKPL, EQ, 30-Apr-2026,5.35,5.44,5.44,5.3,5.34,5.31,5.34,172618,9.22,355,154811.0, 89.68,2026-04-30
MMFL, EQ, 30-Apr-2026,490.55,490.0,499.0,478.1,490.0,494.4,489.28,87506,428.15,3541,41058.0, 46.92,2026-04-30
MMP, EQ, 30-Apr-2026,252.15,256.8,256.8,244.25,247.35,246.22,248.52,14851,36.91,677,6670.0, 44.91,2026-04-30
MMTC, EQ, 30-Apr-2026,65.52,65.1,65.4,63.74,64.71,64.78,64.58,1386892,895.71,8220,430704.0, 31.06,2026-04-30
MMWL, EQ, 30-Apr-2026,10.4,10.9,10.95,9.9,10.75,10.55,10.37,64475,6.69,162,36271.0, 56.26,2026-04-30
MNC, EQ, 30-Apr-2026,33.02,33.03,33.2,32.38,32.9,32.9,32.78,77428,25.38,515,46053.0, 59.48,2026-04-30
MOALPHA50, EQ, 30-Apr-2026,51.28,52.77,52.77,50.03,50.73,50.75,50.59,2394,1.21,53,1369.0, 57.18,2026-04-30
MOBANK10, EQ, 30-Apr-2026,16.48,16.48,16.48,16.17,16.36,16.35,16.31,22266,3.63,63,16593.0, 74.52,2026-04-30
MOBIKWIK, EQ, 30-Apr-2026,217.63,217.0,218.79,209.1,217.4,215.3,213.68,2024143,4325.16,19952,601804.0, 29.73,2026-04-30
MOBILISE, ST, 30-Apr-2026,92.8,88.3,92.1,88.2,88.2,88.3,88.45,60800,53.78,29,57600.0, 94.74,2026-04-30
MOCAPITAL, EQ, 30-Apr-2026,53.17,54.0,54.49,52.2,53.0,52.68,52.61,732268,385.25,3447,523619.0, 71.51,2026-04-30
MODEFENCE, EQ, 30-Apr-2026,98.87,98.86,99.78,97.03,98.7,98.47,97.86,2216373,2168.93,11135,1134654.0, 51.19,2026-04-30
MODINATUR, EQ, 30-Apr-2026,383.95,389.1,389.9,366.4,379.9,375.8,374.0,4356,16.29,532,2210.0, 50.73,2026-04-30
MODIRUBBER, EQ, 30-Apr-2026,131.9,135.79,139.09,128.35,137.9,136.88,134.99,11455,15.46,431,7234.0, 63.15,2026-04-30
MODIS, EQ, 30-Apr-2026,381.6,377.9,404.8,372.05,395.0,395.2,392.67,57421,225.47,1001,42990.0, 74.87,2026-04-30
MODISONLTD, EQ, 30-Apr-2026,167.37,165.0,168.11,162.88,166.33,165.73,165.66,80724,133.72,1281,41322.0, 51.19,2026-04-30
MODTHREAD, EQ, 30-Apr-2026,46.45,45.2,48.4,44.51,47.45,45.95,45.58,6560,2.99,56,4111.0, 62.67,2026-04-30
MOENERGY, EQ, 30-Apr-2026,41.13,41.33,41.57,40.42,40.88,40.92,40.73,388676,158.31,1377,213417.0, 54.91,2026-04-30
MOGOLD, EQ, 30-Apr-2026,145.85,145.95,147.95,145.35,147.2,147.45,146.58,39663,58.14,622,12512.0, 31.55,2026-04-30
MOGSEC, EQ, 30-Apr-2026,63.59,63.79,63.97,63.51,63.77,63.57,63.6,35044,22.29,91,34639.0, 98.84,2026-04-30
MOHEALTH, EQ, 30-Apr-2026,45.02,44.63,45.29,44.61,45.26,45.19,44.99,71254,32.06,581,52253.0, 73.33,2026-04-30
MOHITIND, EQ, 30-Apr-2026,23.75,24.48,24.5,23.12,23.6,23.81,24.05,48160,11.58,145,44107.0, 91.58,2026-04-30
MOIL, EQ, 30-Apr-2026,333.55,325.0,326.75,309.1,310.05,310.9,315.3,1845018,5817.26,33087,868164.0, 47.05,2026-04-30
MOINFRA, EQ, 30-Apr-2026,64.54,64.55,64.55,63.07,63.38,63.81,63.54,8626,5.48,117,6300.0, 73.04,2026-04-30
MOIPO, EQ, 30-Apr-2026,44.0,44.02,44.95,42.84,43.43,43.46,43.37,4913,2.13,57,3143.0, 63.97,2026-04-30
MOKSH, EQ, 30-Apr-2026,13.06,13.06,13.85,12.67,13.6,13.63,13.44,246203,33.09,704,140477.0, 57.06,2026-04-30
MOL, EQ, 30-Apr-2026,49.98,50.0,50.25,48.2,49.1,48.93,48.71,721074,351.27,9686,348319.0, 48.31,2026-04-30
MOLDTECH, EQ, 30-Apr-2026,129.08,134.8,134.8,126.9,127.41,127.36,128.34,23099,29.65,572,16546.0, 71.63,2026-04-30
MOLDTKPAC, EQ, 30-Apr-2026,565.15,568.6,577.95,560.0,564.1,568.75,567.51,28050,159.19,1915,14112.0, 50.31,2026-04-30
MOLOWVOL, EQ, 30-Apr-2026,37.0,37.0,37.5,36.2,37.5,36.65,36.34,54328,19.74,64,41291.0, 76.00,2026-04-30
MOM100, EQ, 30-Apr-2026,64.99,65.2,65.2,63.8,64.5,64.35,64.16,513564,329.49,3634,300872.0, 58.59,2026-04-30
MOM30IETF, EQ, 30-Apr-2026,30.96,30.95,30.96,30.35,30.78,30.73,30.58,2643575,808.38,2930,2137826.0, 80.87,2026-04-30
MOM50, EQ, 30-Apr-2026,251.37,252.97,252.97,246.81,250.0,249.94,248.5,5462,13.57,187,4085.0, 74.79,2026-04-30
MOMENTUM, EQ, 30-Apr-2026,30.75,30.62,31.44,30.26,30.54,30.64,30.47,94818,28.89,296,56964.0, 60.08,2026-04-30
MOMENTUM30, EQ, 30-Apr-2026,30.52,30.32,30.5,29.89,30.5,30.02,30.06,79749,23.98,177,35830.0, 44.93,2026-04-30
MOMENTUM50, EQ, 30-Apr-2026,51.62,51.61,51.61,50.72,51.5,51.23,51.06,789897,403.32,2904,507569.0, 64.26,2026-04-30
MOMGF, EQ, 30-Apr-2026,155.71,156.48,156.48,153.1,155.23,155.23,154.25,565,0.87,23,320.0, 56.64,2026-04-30
MOMIDMTM, EQ, 30-Apr-2026,62.61,62.45,62.45,61.44,62.3,62.15,61.93,66488,41.18,364,41843.0, 62.93,2026-04-30
MOMNC, EQ, 30-Apr-2026,31.99,31.99,31.99,31.36,31.97,31.89,31.85,1101,0.35,17,1099.0, 99.82,2026-04-30
MOMOMENTUM, EQ, 30-Apr-2026,61.31,59.77,63.05,59.77,62.85,61.99,61.02,99658,60.81,566,45862.0, 46.02,2026-04-30
MON100, EQ, 30-Apr-2026,301.1,299.17,299.17,298.01,299.17,299.17,299.16,606398,1814.11,11547,533138.0, 87.92,2026-04-30
MON50EQUAL, EQ, 30-Apr-2026,32.87,33.03,33.03,32.26,32.59,32.64,32.31,5918,1.91,57,4592.0, 77.59,2026-04-30
MONARCH, EQ, 30-Apr-2026,296.4,299.67,303.89,291.95,293.1,295.79,295.59,33387,98.69,891,15836.0, 47.43,2026-04-30
MONEXT50, EQ, 30-Apr-2026,70.39,70.39,70.39,68.4,70.0,69.85,69.15,26371,18.24,119,11365.0, 43.10,2026-04-30
MONEYBOXX, EQ, 30-Apr-2026,72.0,70.5,75.28,70.41,73.24,74.73,74.0,197651,146.25,1989,157761.0, 79.82,2026-04-30
MONIFTY100, EQ, 30-Apr-2026,25.13,24.95,25.2,24.63,25.07,25.02,25.05,133450,33.43,90,115790.0, 86.77,2026-04-30
MONIFTY500, EQ, 30-Apr-2026,23.31,22.72,23.34,22.72,23.13,23.11,23.03,1068187,245.97,2227,837787.0, 78.43,2026-04-30
MONOLITH, SM, 30-Apr-2026,491.55,499.9,521.0,493.2,500.1,502.65,503.94,18000,90.71,63,14250.0, 79.17,2026-04-30
MONQ50, EQ, 30-Apr-2026,125.13,123.08,123.08,123.08,123.08,123.08,123.08,60346,74.27,268,60346.0, 100.00,2026-04-30
MONTECARLO, EQ, 30-Apr-2026,561.85,558.0,566.05,553.65,561.9,561.65,559.72,14896,83.38,1248,9120.0, 61.22,2026-04-30
MOPSE, EQ, 30-Apr-2026,108.77,109.31,110.0,107.05,108.21,108.15,107.95,423,0.46,14,410.0, 96.93,2026-04-30
MOQUALITY, EQ, 30-Apr-2026,204.65,203.51,203.6,201.65,201.65,201.79,202.35,3205,6.49,44,2930.0, 91.42,2026-04-30
MOREALTY, EQ, 30-Apr-2026,80.56,80.56,80.56,78.69,79.3,79.45,79.33,446746,354.42,2943,254008.0, 56.86,2026-04-30
MOREPENLAB, EQ, 30-Apr-2026,41.77,41.51,41.75,40.9,41.44,41.36,41.25,1604840,662.07,5634,560616.0, 34.93,2026-04-30
MOS, SM, 30-Apr-2026,13.15,12.85,13.0,12.85,13.0,13.0,12.93,28000,3.62,6,28000.0, 100.00,2026-04-30
MOSCHIP, EQ, 30-Apr-2026,203.87,201.55,206.3,198.79,202.0,201.44,202.05,1430092,2889.48,17122,451939.0, 31.60,2026-04-30
MOSERVICE, EQ, 30-Apr-2026,30.56,30.56,30.56,30.1,30.32,30.31,30.28,3560,1.08,37,3558.0, 99.94,2026-04-30
MOSILVER, EQ, 30-Apr-2026,231.28,231.67,234.99,229.6,233.81,234.21,233.15,72482,168.99,1137,51244.0, 70.70,2026-04-30
MOSMALL250, EQ, 30-Apr-2026,16.85,16.95,17.4,16.6,16.86,16.96,16.79,2218903,372.62,2960,1297503.0, 58.47,2026-04-30
MOTHERSON, EQ, 30-Apr-2026,123.24,123.24,123.25,119.12,121.5,121.21,120.71,17371847,20969.24,71966,7126387.0, 41.02,2026-04-30
MOTILALOFS, EQ, 30-Apr-2026,784.95,770.05,815.0,770.05,805.95,800.25,802.7,4513372,36228.77,99599,1278448.0, 28.33,2026-04-30
MOTISONS, EQ, 30-Apr-2026,13.73,13.73,13.78,13.37,13.6,13.48,13.52,2095349,283.3,2255,1224101.0, 58.42,2026-04-30
MOTOGENFIN, EQ, 30-Apr-2026,24.99,24.75,25.48,24.2,24.33,24.4,24.69,7293,1.8,58,3205.0, 43.95,2026-04-30
MOTOUR, EQ, 30-Apr-2026,73.78,73.4,74.3,71.8,74.3,73.18,72.34,41957,30.35,391,25922.0, 61.78,2026-04-30
MOVALUE, EQ, 30-Apr-2026,119.45,119.46,119.77,117.14,117.64,117.78,117.71,196772,231.62,1701,145048.0, 73.71,2026-04-30
MPHASIS, EQ, 30-Apr-2026,2250.7,2314.5,2349.2,2240.8,2275.0,2276.7,2301.06,1995620,45920.51,120829,723420.0, 36.25,2026-04-30
MPSLTD, EQ, 30-Apr-2026,1665.2,1672.7,1682.5,1652.4,1660.0,1657.7,1660.66,10401,172.72,1908,5227.0, 50.25,2026-04-30
MPTODAY, SM, 30-Apr-2026,40.8,42.8,42.8,39.0,42.8,42.5,41.48,18000,7.47,9,12000.0, 66.67,2026-04-30
MRF, EQ, 30-Apr-2026,130425.0,130355.0,131100.0,128750.0,130000.0,129710.0,129868.67,7905,10266.12,5640,2996.0, 37.90,2026-04-30
MRIL, SM, 30-Apr-2026,36.0,36.0,36.0,35.9,36.0,36.0,35.97,8000,2.88,5,8000.0, 100.00,2026-04-30
MRPL, EQ, 30-Apr-2026,173.28,174.11,175.55,166.2,168.37,167.55,169.22,6996938,11840.52,38055,2267634.0, 32.41,2026-04-30
MSCIADD, EQ, 30-Apr-2026,29.05,29.0,29.05,28.53,29.05,29.05,28.65,3352,0.96,11,1653.0, 49.31,2026-04-30
MSCIINDIA, EQ, 30-Apr-2026,29.56,28.97,29.83,28.97,29.82,29.32,29.15,5991,1.75,105,4576.0, 76.38,2026-04-30
MSPL, EQ, 30-Apr-2026,35.56,35.22,35.85,34.42,35.74,35.51,35.25,871134,307.04,1524,504065.0, 57.86,2026-04-30
MSTCLTD, EQ, 30-Apr-2026,436.55,436.45,437.75,426.65,434.55,433.15,431.67,132701,572.83,3840,57266.0, 43.15,2026-04-30
MSUMI, EQ, 30-Apr-2026,39.54,39.71,40.9,39.22,40.8,40.54,40.14,14696763,5899.19,48522,7699370.0, 52.39,2026-04-30
MTARTECH, EQ, 30-Apr-2026,5656.5,5700.1,6750.0,5700.0,6680.0,6457.1,6181.77,3512651,217144.03,343081,477015.0, 13.58,2026-04-30
MTEDUCARE, BE, 30-Apr-2026,1.55,1.62,1.62,1.58,1.59,1.58,1.58,23538,0.37,74,, -,2026-04-30
MTNL, EQ, 30-Apr-2026,31.48,31.2,31.35,30.61,31.35,31.18,31.02,607477,188.44,2968,235073.0, 38.70,2026-04-30
MUFIN, EQ, 30-Apr-2026,115.2,115.6,115.6,112.61,113.35,114.28,114.19,1692886,1933.06,4827,608428.0, 35.94,2026-04-30
MUFTI, EQ, 30-Apr-2026,77.62,78.2,78.23,75.8,77.68,77.77,76.98,105035,80.85,1067,62103.0, 59.13,2026-04-30
MUKANDLTD, EQ, 30-Apr-2026,137.08,137.0,139.39,134.5,137.0,138.05,136.64,124315,169.86,1790,54804.0, 44.08,2026-04-30
MUKKA, EQ, 30-Apr-2026,24.15,24.15,24.47,23.7,24.1,24.03,23.95,128153,30.7,922,46878.0, 36.58,2026-04-30
MUKTAARTS, EQ, 30-Apr-2026,59.16,62.0,64.5,59.66,60.7,60.62,62.36,80008,49.89,766,34071.0, 42.58,2026-04-30
MULTICAP, EQ, 30-Apr-2026,16.13,16.27,16.27,15.88,16.05,16.03,15.99,150702,24.1,686,124969.0, 82.92,2026-04-30
MUNISH, SM, 30-Apr-2026,66.4,66.85,68.9,66.85,68.9,68.9,67.88,2400,1.63,2,2400.0, 100.00,2026-04-30
MUNJALAU, EQ, 30-Apr-2026,81.2,81.78,81.78,79.51,81.0,80.79,80.6,55927,45.08,731,33038.0, 59.07,2026-04-30
MUNJALSHOW, EQ, 30-Apr-2026,129.0,129.05,129.48,127.72,129.41,128.83,128.58,12618,16.22,394,6979.0, 55.31,2026-04-30
MURUDCERA, EQ, 30-Apr-2026,33.21,33.21,33.78,32.51,33.78,33.28,33.09,20442,6.76,300,10629.0, 52.00,2026-04-30
MUTHOOTCAP, EQ, 30-Apr-2026,201.1,205.0,207.58,200.0,206.2,204.1,203.53,34406,70.03,748,21610.0, 62.81,2026-04-30
MUTHOOTFIN, EQ, 30-Apr-2026,3461.1,3450.0,3459.2,3385.1,3432.0,3424.2,3422.22,425747,14569.99,27435,205247.0, 48.21,2026-04-30
MUTHOOTMF, EQ, 30-Apr-2026,192.59,191.0,199.9,190.07,191.0,192.38,195.99,1046666,2051.35,10110,364101.0, 34.79,2026-04-30
MVGJL, EQ, 30-Apr-2026,177.33,177.33,177.95,171.66,173.0,173.43,173.68,65659,114.04,1477,40526.0, 61.72,2026-04-30
MVKAGRO, SM, 30-Apr-2026,520.2,520.0,520.0,505.7,506.1,506.95,507.33,32400,164.37,19,30900.0, 95.37,2026-04-30
MWL, EQ, 30-Apr-2026,320.85,318.0,355.0,311.7,352.5,350.8,339.18,299988,1017.49,6519,142388.0, 47.46,2026-04-30
MYMUDRA, SM, 30-Apr-2026,81.45,80.45,80.45,80.0,80.0,80.0,80.06,16800,13.45,8,15600.0, 92.86,2026-04-30
NACLIND, EQ, 30-Apr-2026,159.41,159.41,164.49,157.0,161.96,161.32,161.58,214701,346.92,3515,84652.0, 39.43,2026-04-30
NAGAFERT, BZ, 30-Apr-2026,3.93,3.93,4.07,3.85,3.93,3.92,3.94,201775,7.95,352,, -,2026-04-30
NAGREEKCAP, BE, 30-Apr-2026,32.72,32.99,32.99,31.21,31.3,31.3,31.59,7150,2.26,103,, -,2026-04-30
NAGREEKEXP, EQ, 30-Apr-2026,27.58,27.52,27.52,26.8,27.0,26.96,27.0,4497,1.21,64,3557.0, 79.10,2026-04-30
NAHARCAP, EQ, 30-Apr-2026,253.07,257.01,257.04,247.82,250.2,250.91,252.11,2142,5.4,225,708.0, 33.05,2026-04-30
NAHARINDUS, EQ, 30-Apr-2026,117.23,116.95,119.75,116.02,117.3,117.39,118.02,35109,41.44,670,26498.0, 75.47,2026-04-30
NAHARPOLY, EQ, 30-Apr-2026,255.54,258.72,258.72,250.8,252.26,252.55,253.13,2289,5.79,196,1304.0, 56.97,2026-04-30
NAHARSPING, BE, 30-Apr-2026,236.7,241.0,246.0,238.0,241.5,242.7,242.44,5555,13.47,70,, -,2026-04-30
NAM-INDIA, EQ, 30-Apr-2026,1028.9,1017.0,1040.0,984.8,1010.0,1009.95,1004.54,1856773,18652.03,95296,966859.0, 52.07,2026-04-30
NAMAN, SM, 30-Apr-2026,57.0,57.2,57.2,57.2,57.2,57.2,57.2,800,0.46,1,800.0, 100.00,2026-04-30
NAMOEWASTE, SM, 30-Apr-2026,203.6,201.0,208.1,197.5,207.2,206.35,203.96,50400,102.79,61,28800.0, 57.14,2026-04-30
NARMADA, EQ, 30-Apr-2026,33.8,33.79,34.45,33.62,33.99,33.87,33.87,138847,47.02,681,90865.0, 65.44,2026-04-30
NATCAPSUQ, EQ, 30-Apr-2026,156.22,155.21,157.01,153.0,155.0,154.46,154.44,1605,2.48,77,1118.0, 69.66,2026-04-30
NATCOPHARM, EQ, 30-Apr-2026,1093.6,1093.65,1106.95,1087.0,1092.95,1095.75,1097.17,387707,4253.79,20465,159932.0, 41.25,2026-04-30
NATHBIOGEN, EQ, 30-Apr-2026,180.79,199.01,204.0,192.0,194.98,196.01,198.07,473105,937.08,8839,183038.0, 38.69,2026-04-30
NATIONALUM, EQ, 30-Apr-2026,433.3,431.0,432.45,394.25,395.35,399.3,411.64,17624227,72548.23,147501,6398451.0, 36.30,2026-04-30
NATIONSTD, EQ, 30-Apr-2026,1395.7,1396.05,1396.05,1320.1,1336.0,1344.75,1359.87,90,1.22,22,87.0, 96.67,2026-04-30
NAUKRI, EQ, 30-Apr-2026,991.65,991.65,995.0,968.25,970.1,972.85,974.86,1347139,13132.67,64333,837295.0, 62.15,2026-04-30
NAVA, EQ, 30-Apr-2026,666.35,663.95,671.45,651.5,660.0,661.85,660.41,327378,2162.04,15261,129304.0, 39.50,2026-04-30
NAVINFLUOR, EQ, 30-Apr-2026,6758.5,7050.0,7200.0,6660.5,6815.0,6821.0,6888.14,2322243,159959.36,255936,628806.0, 27.08,2026-04-30
NAVKARCORP, EQ, 30-Apr-2026,100.69,102.0,102.01,98.42,100.0,100.35,100.1,932867,933.77,15546,346991.0, 37.20,2026-04-30
NAVKARURB, EQ, 30-Apr-2026,0.79,0.81,0.81,0.77,0.78,0.77,0.78,685805,5.38,276,581023.0, 84.72,2026-04-30
NAVNETEDUL, EQ, 30-Apr-2026,142.82,142.82,146.71,141.21,145.17,145.16,144.52,81531,117.83,1468,34195.0, 41.94,2026-04-30
NAZARA, EQ, 30-Apr-2026,265.67,266.0,266.0,257.12,263.55,263.56,262.44,1434216,3763.93,12400,586400.0, 40.89,2026-04-30
NBCC, EQ, 30-Apr-2026,93.2,93.0,93.0,90.8,92.05,91.65,91.68,9010740,8261.03,35955,3046397.0, 33.81,2026-04-30
NBIFIN, EQ, 30-Apr-2026,2072.0,2072.0,2072.0,2020.0,2030.0,2047.6,2038.47,191,3.89,31,164.0, 85.86,2026-04-30
NCC, EQ, 30-Apr-2026,164.9,164.0,164.94,161.5,164.0,163.84,163.32,2111875,3449.08,23347,1023144.0, 48.45,2026-04-30
NCLIND, EQ, 30-Apr-2026,177.33,178.1,178.97,173.2,176.67,175.75,175.16,64408,112.82,1156,27345.0, 42.46,2026-04-30
NDGL, EQ, 30-Apr-2026,2677.2,2630.1,2719.0,2605.0,2650.0,2709.2,2685.91,83,2.23,29,56.0, 67.47,2026-04-30
NDL, EQ, 30-Apr-2026,2.86,2.85,2.85,2.75,2.82,2.79,2.78,1171662,32.6,1304,771623.0, 65.86,2026-04-30
NDLVENTURE, EQ, 30-Apr-2026,120.74,120.1,122.13,118.22,119.12,119.33,119.65,13648,16.33,251,6859.0, 50.26,2026-04-30
NDRAUTO, EQ, 30-Apr-2026,777.35,769.0,790.0,757.05,785.0,782.0,775.09,19281,149.45,1201,10248.0, 53.15,2026-04-30
NDTV, EQ, 30-Apr-2026,81.63,81.2,81.2,78.11,78.75,78.64,78.87,305404,240.86,1870,138448.0, 45.33,2026-04-30
NECCLTD, EQ, 30-Apr-2026,15.94,16.08,16.08,15.26,15.51,15.56,15.53,36298,5.64,426,23022.0, 63.42,2026-04-30
NECLIFE, EQ, 30-Apr-2026,12.61,12.55,12.55,12.29,12.45,12.41,12.4,126602,15.7,499,81539.0, 64.41,2026-04-30
NEELAM, SM, 30-Apr-2026,13.4,12.8,12.8,12.8,12.8,12.8,12.8,6000,0.77,1,6000.0, 100.00,2026-04-30
NELCAST, EQ, 30-Apr-2026,144.87,146.3,150.3,140.35,142.18,141.89,143.94,242695,349.32,3400,98453.0, 40.57,2026-04-30
NELCO, EQ, 30-Apr-2026,713.95,710.0,710.0,690.75,700.3,703.75,700.33,78373,548.87,3653,23685.0, 30.22,2026-04-30
NEOCHEM, SM, 30-Apr-2026,78.2,75.0,78.0,75.0,76.0,76.0,77.09,10800,8.33,9,8400.0, 77.78,2026-04-30
NEOGEN, EQ, 30-Apr-2026,1655.9,1663.5,1667.0,1611.0,1630.0,1637.5,1632.8,33586,548.39,3733,14433.0, 42.97,2026-04-30
NEPHROCARE, SM, 30-Apr-2026,88.6,84.7,84.8,77.25,79.85,79.75,80.69,44800,36.15,102,31600.0, 70.54,2026-04-30
NEPHROPLUS, EQ, 30-Apr-2026,531.8,532.15,534.5,520.65,530.0,529.25,528.16,54171,286.11,3605,36887.0, 68.09,2026-04-30
NESCO, EQ, 30-Apr-2026,1221.8,1224.9,1256.0,1202.7,1234.0,1227.7,1225.11,60647,742.99,5733,30597.0, 50.45,2026-04-30
NESTLEIND, EQ, 30-Apr-2026,1465.6,1466.0,1466.0,1436.1,1463.8,1458.6,1455.16,2305703,33551.72,111838,1643836.0, 71.29,2026-04-30
NETF, EQ, 30-Apr-2026,260.65,267.16,267.16,258.0,260.14,259.72,259.37,3516,9.12,153,2856.0, 81.23,2026-04-30
NETWEB, EQ, 30-Apr-2026,4031.0,4044.0,4112.3,3981.0,4069.0,4064.8,4050.89,1258981,51000.0,94983,254126.0, 20.19,2026-04-30
NETWORK18, EQ, 30-Apr-2026,34.81,34.5,34.89,34.12,34.43,34.43,34.48,1947589,671.47,7153,639503.0, 32.84,2026-04-30
NEULANDLAB, EQ, 30-Apr-2026,14656.0,14605.0,15040.0,14464.0,14902.0,15003.0,14891.96,26786,3988.96,9341,10340.0, 38.60,2026-04-30
NEWGEN, EQ, 30-Apr-2026,480.15,479.9,534.0,475.8,508.0,505.75,515.53,12685665,65398.79,239127,1136027.0, 8.96,2026-04-30
NEWJAISA, ST, 30-Apr-2026,25.1,25.0,25.0,25.0,25.0,25.0,25.0,22500,5.63,15,22500.0, 100.00,2026-04-30
NEXT30ADD, EQ, 30-Apr-2026,42.25,42.46,42.46,41.23,41.84,41.84,41.87,5300,2.22,86,5175.0, 97.64,2026-04-30
NEXT50, EQ, 30-Apr-2026,725.55,725.55,725.55,711.55,718.8,718.07,715.6,44712,319.96,1269,32663.0, 73.05,2026-04-30
NEXT50ADD, EQ, 30-Apr-2026,70.7,70.35,71.97,69.1,69.9,69.89,69.68,24698,17.21,117,11595.0, 46.95,2026-04-30
NEXT50BETA, EQ, 30-Apr-2026,75.99,76.13,76.14,74.49,74.5,75.73,75.17,125572,94.39,1117,42195.0, 33.60,2026-04-30
NEXT50ETF, EQ, 30-Apr-2026,70.99,71.01,71.09,67.78,69.48,69.32,69.34,138915,96.33,687,44791.0, 32.24,2026-04-30
NEXT50IETF, EQ, 30-Apr-2026,74.21,72.35,74.25,72.35,73.73,73.6,73.34,1004390,736.65,8077,636986.0, 63.42,2026-04-30
NEXTMEDIA, EQ, 30-Apr-2026,4.23,4.44,4.44,4.2,4.39,4.4,4.36,27495,1.2,107,22658.0, 82.41,2026-04-30
NFL, EQ, 30-Apr-2026,78.25,77.85,78.25,76.01,78.25,77.91,77.2,1171906,904.65,6925,386455.0, 32.98,2026-04-30
NGIL, EQ, 30-Apr-2026,37.96,37.1,38.78,37.05,37.5,37.49,37.58,26517,9.96,113,22000.0, 82.97,2026-04-30
NGLFINE, EQ, 30-Apr-2026,2281.8,2277.8,2281.1,2160.0,2247.0,2214.5,2197.91,8734,191.97,1506,4498.0, 51.50,2026-04-30
NH, EQ, 30-Apr-2026,1770.4,1761.6,1778.0,1747.0,1772.0,1766.6,1762.86,173382,3056.48,15911,96150.0, 55.46,2026-04-30
NHIT, IV, 30-Apr-2026,162.0,160.05,160.05,160.05,160.05,160.05,160.05,25000,40.01,1,25000.0, 100.00,2026-04-30
NHPC, EQ, 30-Apr-2026,84.09,83.5,83.51,81.58,83.5,83.2,82.58,15377210,12698.31,50189,6442945.0, 41.90,2026-04-30
NIACL, EQ, 30-Apr-2026,161.58,161.0,163.0,157.2,160.84,160.6,159.54,972137,1550.97,15115,249284.0, 25.64,2026-04-30
NIBE, EQ, 30-Apr-2026,1085.25,1093.95,1093.95,1053.35,1076.0,1074.05,1070.74,37178,398.08,3005,15494.0, 41.68,2026-04-30
NIBL, EQ, 30-Apr-2026,31.25,31.25,32.0,30.31,31.95,31.36,31.24,6205,1.94,231,2782.0, 44.83,2026-04-30
NIDAN, SM, 30-Apr-2026,14.95,15.05,15.05,15.05,15.05,15.05,15.05,1000,0.15,1,1000.0, 100.00,2026-04-30
NIF100BEES, EQ, 30-Apr-2026,265.81,265.0,265.98,261.23,264.44,263.5,262.94,115667,304.13,864,88345.0, 76.38,2026-04-30
NIF100IETF, EQ, 30-Apr-2026,27.92,27.92,27.93,26.23,27.29,27.17,27.29,2318073,632.55,2782,1348923.0, 58.19,2026-04-30
NIFTY1, EQ, 30-Apr-2026,266.35,264.52,265.79,262.51,265.5,264.61,263.85,102631,270.79,1741,61340.0, 59.77,2026-04-30
NIFTY100EW, EQ, 30-Apr-2026,34.28,34.05,34.5,33.1,33.75,33.66,33.89,99167,33.61,432,61981.0, 62.50,2026-04-30
NIFTYADD, EQ, 30-Apr-2026,252.46,251.05,252.24,249.5,252.24,251.69,251.15,15620,39.23,264,11685.0, 74.81,2026-04-30
NIFTYBEES, EQ, 30-Apr-2026,273.13,273.13,273.2,269.34,272.9,272.01,270.63,9983703,27018.74,70276,5399046.0, 54.08,2026-04-30
NIFTYBETA, EQ, 30-Apr-2026,266.54,264.76,265.9,262.8,265.39,265.26,264.13,35114,92.75,622,29286.0, 83.40,2026-04-30
NIFTYBETF, EQ, 30-Apr-2026,247.03,247.03,247.03,243.63,246.29,246.29,244.89,4733,11.59,63,2662.0, 56.24,2026-04-30
NIFTYCASE, EQ, 30-Apr-2026,9.64,9.39,9.78,9.39,9.6,9.57,9.53,1599647,152.51,3010,987393.0, 61.73,2026-04-30
NIFTYETF, EQ, 30-Apr-2026,261.39,261.39,261.39,257.35,260.14,259.79,259.47,532213,1380.92,6143,446007.0, 83.80,2026-04-30
NIFTYIETF, EQ, 30-Apr-2026,271.81,271.8,271.8,268.28,270.85,270.69,269.57,745453,2009.49,21138,382589.0, 51.32,2026-04-30
NIFTYQLITY, EQ, 30-Apr-2026,21.09,21.19,21.19,20.82,21.05,21.05,20.99,34668,7.28,270,21547.0, 62.15,2026-04-30
NIITLTD, EQ, 30-Apr-2026,70.73,70.5,70.88,67.96,70.0,69.89,69.38,368792,255.88,3937,144974.0, 39.31,2026-04-30
NIITMTS, EQ, 30-Apr-2026,326.3,325.0,325.0,305.0,309.0,312.7,316.96,359317,1138.9,14115,211969.0, 58.99,2026-04-30
NIKITA, SM, 30-Apr-2026,126.9,126.9,126.9,119.5,121.0,120.8,121.47,32400,39.36,23,28800.0, 88.89,2026-04-30
NILAINFRA, EQ, 30-Apr-2026,8.38,8.47,8.6,8.22,8.39,8.32,8.37,191935,16.07,678,109456.0, 57.03,2026-04-30
NILASPACES, EQ, 30-Apr-2026,13.59,13.8,14.1,13.5,13.6,13.57,13.73,737962,101.35,1530,338391.0, 45.85,2026-04-30
NILE, EQ, 30-Apr-2026,1671.4,1689.0,1689.0,1643.15,1670.0,1667.5,1659.13,505,8.38,119,342.0, 67.72,2026-04-30
NILKAMAL, EQ, 30-Apr-2026,1322.7,1314.2,1320.8,1290.1,1302.9,1298.6,1299.22,2779,36.11,314,1919.0, 69.05,2026-04-30
NIMBSPROJ, EQ, 30-Apr-2026,175.18,184.9,192.05,171.25,192.05,178.01,178.85,275622,492.95,1255,20211.0, 7.33,2026-04-30
NINSYS, BE, 30-Apr-2026,498.55,498.0,520.0,488.0,519.9,519.7,511.21,5597,28.61,163,, -,2026-04-30
NIPPOBATRY, EQ, 30-Apr-2026,318.65,325.7,337.8,318.6,334.0,333.6,329.21,26635,87.68,1823,6754.0, 25.36,2026-04-30
NIRAJ, EQ, 30-Apr-2026,29.53,29.67,29.8,28.94,29.01,29.08,29.21,38151,11.14,388,19700.0, 51.64,2026-04-30
NIRAJISPAT, BE, 30-Apr-2026,235.0,235.0,246.75,235.0,246.75,246.75,235.38,31,0.07,2,, -,2026-04-30
NIRLON, EQ, 30-Apr-2026,560.0,560.02,571.76,558.07,571.0,570.59,563.94,8389,47.31,713,7284.0, 86.83,2026-04-30
NIRMAN, ST, 30-Apr-2026,54.5,53.85,54.5,52.05,54.45,54.3,52.55,31500,16.55,47,29100.0, 92.38,2026-04-30
NITCO, EQ, 30-Apr-2026,88.51,89.0,90.49,87.6,87.8,88.27,88.91,227545,202.32,2256,108238.0, 47.57,2026-04-30
NITINSPIN, EQ, 30-Apr-2026,461.45,464.9,469.7,451.25,461.0,461.9,461.92,199382,920.98,5661,80247.0, 40.25,2026-04-30
NITIRAJ, EQ, 30-Apr-2026,216.76,208.54,216.5,208.49,210.0,210.33,210.81,1389,2.93,40,1030.0, 74.15,2026-04-30
NITTAGELA, EQ, 30-Apr-2026,965.3,985.0,985.0,938.0,971.1,981.5,974.79,8343,81.33,421,7218.0, 86.52,2026-04-30
NIVABUPA, EQ, 30-Apr-2026,78.75,79.0,79.39,77.51,78.58,78.32,78.24,406333,317.92,6282,183494.0, 45.16,2026-04-30
NKIND, EQ, 30-Apr-2026,66.91,67.1,68.5,66.2,67.89,66.38,66.73,561,0.37,22,290.0, 51.69,2026-04-30
NLCINDIA, EQ, 30-Apr-2026,318.2,316.75,326.0,312.4,316.2,316.6,318.31,5262674,16751.38,55107,1688607.0, 32.09,2026-04-30
NMDC, EQ, 30-Apr-2026,91.73,92.04,92.07,89.75,90.4,90.37,90.41,23931554,21635.73,118162,11970935.0, 50.02,2026-04-30
NMSTEEL, SM, 30-Apr-2026,23.25,23.45,23.45,23.45,23.45,23.45,23.45,1600,0.38,1,1600.0, 100.00,2026-04-30
NOCIL, EQ, 30-Apr-2026,181.11,180.4,181.8,178.54,179.99,179.37,180.06,356227,641.43,4867,136605.0, 38.35,2026-04-30
NOIDATOLL, EQ, 30-Apr-2026,3.71,3.79,3.79,3.65,3.79,3.78,3.74,92811,3.47,228,56964.0, 61.38,2026-04-30
NORBTEAEXP, EQ, 30-Apr-2026,60.08,60.08,62.0,58.81,61.99,61.89,61.15,6294,3.85,203,4828.0, 76.71,2026-04-30
NORTHARC, EQ, 30-Apr-2026,257.81,257.81,263.95,251.0,259.1,262.13,257.53,403756,1039.78,6047,158890.0, 39.35,2026-04-30
NOVAAGRI, EQ, 30-Apr-2026,29.05,29.5,29.5,28.1,28.5,28.68,28.52,66260,18.9,541,33696.0, 50.85,2026-04-30
NOVARTIND, EQ, 30-Apr-2026,1033.05,1048.55,1051.95,1009.6,1030.0,1030.5,1029.02,5995,61.69,310,5055.0, 84.32,2026-04-30
NPBET, EQ, 30-Apr-2026,274.99,271.99,272.04,269.5,271.56,271.55,270.47,939,2.54,41,580.0, 61.77,2026-04-30
NPST, EQ, 30-Apr-2026,1207.25,1210.05,1220.0,1155.0,1202.0,1192.85,1187.17,10542,125.15,643,6580.0, 62.42,2026-04-30
NRAIL, EQ, 30-Apr-2026,489.2,489.9,493.45,475.0,475.0,479.9,483.4,2672,12.92,177,1605.0, 60.07,2026-04-30
NRBBEARING, EQ, 30-Apr-2026,285.36,286.79,289.38,280.41,282.0,284.02,284.52,71544,203.56,1949,34975.0, 48.89,2026-04-30
NRL, EQ, 30-Apr-2026,55.74,56.3,57.45,54.84,55.53,55.29,56.22,85348,47.98,1324,42203.0, 49.45,2026-04-30
NRVANDANA, SM, 30-Apr-2026,53.8,54.95,60.0,54.0,59.9,58.85,56.19,39000,21.91,11,39000.0, 100.00,2026-04-30
NSIL, EQ, 30-Apr-2026,5788.4,5751.5,5769.9,5664.1,5720.0,5685.4,5698.38,1248,71.12,442,633.0, 50.72,2026-04-30
NSLNISP, EQ, 30-Apr-2026,42.5,42.74,43.54,42.24,42.79,42.72,42.84,11568396,4955.97,34263,4841119.0, 41.85,2026-04-30
NTPC, EQ, 30-Apr-2026,401.3,400.0,400.3,393.15,399.9,399.15,397.67,7706357,30646.15,99297,4677496.0, 60.70,2026-04-30
NTPCGREEN, EQ, 30-Apr-2026,110.53,110.53,112.4,109.08,110.49,109.85,110.61,8030168,8882.38,56220,2319886.0, 28.89,2026-04-30
NUCLEUS, EQ, 30-Apr-2026,792.4,792.4,824.95,785.05,805.8,803.1,804.5,32931,264.93,2756,10131.0, 30.76,2026-04-30
NURECA, EQ, 30-Apr-2026,266.26,262.2,270.39,262.15,265.12,266.51,265.07,3953,10.48,279,2172.0, 54.95,2026-04-30
NUVAMA, EQ, 30-Apr-2026,1346.0,1346.0,1346.0,1313.1,1333.4,1326.5,1323.98,355394,4705.34,29735,170407.0, 47.95,2026-04-30
NUVOCO, EQ, 30-Apr-2026,286.8,285.05,300.6,283.4,295.5,296.7,294.32,943059,2775.58,27248,364699.0, 38.67,2026-04-30
NV20, EQ, 30-Apr-2026,14.52,14.53,14.64,14.3,14.64,14.4,14.37,60272,8.66,236,39787.0, 66.01,2026-04-30
NV20BEES, EQ, 30-Apr-2026,145.89,145.95,147.84,142.5,144.17,144.45,144.37,43461,62.75,625,25808.0, 59.38,2026-04-30
NV20IETF, EQ, 30-Apr-2026,14.16,14.44,14.44,13.82,14.05,14.06,14.03,586589,82.29,3100,286675.0, 48.87,2026-04-30
NXST, RR, 30-Apr-2026,156.45,156.97,158.0,155.01,155.15,155.29,155.98,294740,459.75,6261,232892.0, 79.02,2026-04-30
NYKAA, EQ, 30-Apr-2026,267.85,266.97,267.32,263.07,266.8,264.76,264.97,2079022,5508.75,41915,1044491.0, 50.24,2026-04-30
OAL, EQ, 30-Apr-2026,306.86,312.41,314.54,306.9,311.0,310.19,309.18,7639,23.62,398,3437.0, 44.99,2026-04-30
OBCL, EQ, 30-Apr-2026,55.44,56.29,56.29,54.75,55.0,54.99,55.23,7544,4.17,68,3233.0, 42.86,2026-04-30
OBEROIRLTY, EQ, 30-Apr-2026,1700.3,1700.1,1700.1,1658.1,1668.8,1669.6,1669.32,482607,8056.26,24297,284916.0, 59.04,2026-04-30
OBSCP, SM, 30-Apr-2026,363.2,364.0,377.9,359.0,368.0,369.0,370.25,30800,114.04,75,20400.0, 66.23,2026-04-30
OCCLLTD, EQ, 30-Apr-2026,99.83,99.37,101.12,97.01,98.45,99.41,99.34,64379,63.96,1076,22421.0, 34.83,2026-04-30
ODIGMA, BE, 30-Apr-2026,27.24,27.0,27.9,26.51,27.0,26.91,27.08,15756,4.27,257,, -,2026-04-30
OFSS, EQ, 30-Apr-2026,9688.0,9715.0,9825.0,9611.0,9736.0,9726.5,9735.07,360954,35139.13,46264,119448.0, 33.09,2026-04-30
OIL, EQ, 30-Apr-2026,492.85,502.05,504.0,485.4,490.0,490.8,491.42,4736274,23274.86,52771,1552668.0, 32.78,2026-04-30
OILCOUNTUB, BE, 30-Apr-2026,63.54,62.95,65.0,61.8,62.51,62.87,62.82,37548,23.59,330,, -,2026-04-30
OILIETF, EQ, 30-Apr-2026,11.94,12.23,12.23,11.73,11.91,11.88,11.83,7707162,911.68,4650,6460682.0, 83.83,2026-04-30
OLAELEC, EQ, 30-Apr-2026,36.21,36.21,36.95,35.57,36.55,36.56,36.21,59324091,21483.5,113725,9852071.0, 16.61,2026-04-30
OLECTRA, EQ, 30-Apr-2026,1256.85,1244.05,1278.8,1220.0,1239.0,1245.6,1248.35,615721,7686.33,31860,155044.0, 25.18,2026-04-30
OLIL, SM, 30-Apr-2026,376.85,375.0,424.0,375.0,421.0,418.9,406.51,30000,121.95,60,18800.0, 62.67,2026-04-30
OMAXAUTO, EQ, 30-Apr-2026,131.96,131.44,131.44,126.6,131.0,130.09,128.83,164750,212.24,2670,74946.0, 45.49,2026-04-30
OMAXE, EQ, 30-Apr-2026,83.2,82.54,84.78,80.0,83.41,84.08,83.84,213471,178.97,1413,115856.0, 54.27,2026-04-30
OMFREIGHT, EQ, 30-Apr-2026,84.75,84.75,84.75,79.89,83.4,81.98,81.22,30527,24.79,908,14707.0, 48.18,2026-04-30
OMFURN, ST, 30-Apr-2026,61.0,61.6,63.95,61.6,63.95,63.95,62.7,4800,3.01,4,4800.0, 100.00,2026-04-30
OMINFRAL, EQ, 30-Apr-2026,93.25,93.0,93.87,90.1,92.21,92.69,92.05,82141,75.61,1379,41052.0, 49.98,2026-04-30
OMNI, EQ, 30-Apr-2026,383.71,393.5,395.0,345.34,375.8,363.41,362.2,1429782,5178.62,23483,481444.0, 33.67,2026-04-30
OMPOWER, BE, 30-Apr-2026,197.7,198.76,199.95,191.0,196.0,194.27,194.71,192282,374.39,1406,, -,2026-04-30
ONDOOR, ST, 30-Apr-2026,153.85,148.25,154.0,148.25,154.0,154.0,152.81,3000,4.58,9,2700.0, 90.00,2026-04-30
ONELIFECAP, EQ, 30-Apr-2026,18.05,18.05,18.05,17.42,17.9,17.8,17.89,37334,6.68,119,23056.0, 61.76,2026-04-30
ONEPOINT, EQ, 30-Apr-2026,52.81,52.81,54.0,51.56,54.0,53.91,53.12,760533,404.0,2156,336522.0, 44.25,2026-04-30
ONESOURCE, EQ, 30-Apr-2026,1762.5,1760.0,1789.0,1701.5,1752.0,1738.1,1732.36,298569,5172.3,20746,106994.0, 35.84,2026-04-30
ONGC, EQ, 30-Apr-2026,301.4,304.9,307.45,296.9,298.8,299.55,300.84,17490096,52616.4,114645,7356474.0, 42.06,2026-04-30
ONMOBILE, EQ, 30-Apr-2026,56.34,55.9,56.78,54.66,55.96,55.27,55.3,171629,94.92,1422,68303.0, 39.80,2026-04-30
ONWARDTEC, EQ, 30-Apr-2026,237.7,234.1,244.0,232.65,242.0,242.63,240.06,41649,99.98,1436,28732.0, 68.99,2026-04-30
ONYX, SM, 30-Apr-2026,32.7,31.25,33.0,31.25,33.0,33.0,31.95,10000,3.2,5,4000.0, 40.00,2026-04-30
OPTIEMUS, EQ, 30-Apr-2026,421.35,420.0,421.0,405.15,417.55,415.8,413.24,107847,445.66,2887,58016.0, 53.79,2026-04-30
OPTIVALUE, SM, 30-Apr-2026,78.8,73.5,81.5,73.5,77.45,77.45,77.83,40000,31.13,23,17600.0, 44.00,2026-04-30
ORBTEXP, EQ, 30-Apr-2026,164.19,164.18,166.49,163.5,166.23,166.22,164.69,1320,2.17,49,1238.0, 93.79,2026-04-30
ORCHASP, EQ, 30-Apr-2026,2.03,2.08,2.08,2.02,2.05,2.04,2.04,120400,2.46,110,100560.0, 83.52,2026-04-30
ORCHPHARMA, EQ, 30-Apr-2026,612.85,612.3,629.95,603.0,622.95,625.75,618.15,103259,638.3,4086,38792.0, 37.57,2026-04-30
ORIANA, SM, 30-Apr-2026,2114.6,2100.0,2145.65,2016.75,2092.0,2113.25,2080.53,53775,1118.8,564,27900.0, 51.88,2026-04-30
ORICONENT, EQ, 30-Apr-2026,64.71,64.75,65.5,64.33,65.0,64.7,64.65,78092,50.49,466,62788.0, 80.40,2026-04-30
ORIENTALTL, EQ, 30-Apr-2026,6.99,7.09,7.14,6.87,7.0,6.94,6.97,64682,4.51,220,51948.0, 80.31,2026-04-30
ORIENTBELL, EQ, 30-Apr-2026,314.85,313.8,313.8,303.15,305.0,305.7,307.19,11825,36.33,673,6782.0, 57.35,2026-04-30
ORIENTCEM, EQ, 30-Apr-2026,147.78,147.53,147.53,142.5,144.5,143.8,143.74,290387,417.4,3298,140662.0, 48.44,2026-04-30
ORIENTCER, EQ, 30-Apr-2026,40.36,40.36,41.5,40.0,41.2,41.12,40.46,25617,10.37,329,18453.0, 72.03,2026-04-30
ORIENTELEC, EQ, 30-Apr-2026,186.15,187.34,189.08,183.55,185.0,184.16,185.56,212133,393.63,5059,89392.0, 42.14,2026-04-30
ORIENTHOT, EQ, 30-Apr-2026,100.1,99.85,99.89,97.82,98.6,99.35,99.04,50819,50.33,868,23221.0, 45.69,2026-04-30
ORIENTLTD, EQ, 30-Apr-2026,63.12,62.99,75.74,62.68,67.05,68.05,68.55,8308,5.7,154,5961.0, 71.75,2026-04-30
ORIENTPPR, EQ, 30-Apr-2026,18.59,18.59,18.6,18.02,18.55,18.43,18.35,162645,29.85,736,78732.0, 48.41,2026-04-30
ORIENTTECH, EQ, 30-Apr-2026,275.12,277.31,284.89,271.0,275.5,272.98,275.71,211927,584.3,5442,82784.0, 39.06,2026-04-30
ORISSAMINE, EQ, 30-Apr-2026,4341.5,4310.1,4331.9,4206.4,4218.0,4247.7,4261.94,9500,404.88,2558,3300.0, 34.74,2026-04-30
ORKLAINDIA, EQ, 30-Apr-2026,646.15,641.0,648.4,634.2,639.0,638.3,639.88,27943,178.8,2328,15050.0, 53.86,2026-04-30
ORTEL, BZ, 30-Apr-2026,1.8,1.8,1.88,1.71,1.71,1.71,1.74,2962,0.05,16,, -,2026-04-30
ORTINGLOBE, BE, 30-Apr-2026,15.84,15.83,15.83,15.5,15.5,15.5,15.53,66,0.01,3,, -,2026-04-30
OSELDEVICE, SM, 30-Apr-2026,587.35,615.0,615.0,590.2,597.15,597.05,598.45,14000,83.78,67,9800.0, 70.00,2026-04-30
OSIAHYPER, EQ, 30-Apr-2026,6.53,6.21,6.21,6.21,6.21,6.21,6.21,603702,37.49,882,603702.0, 100.00,2026-04-30
OSWALAGRO, BE, 30-Apr-2026,49.12,49.12,49.35,47.9,48.5,48.52,48.78,19918,9.72,103,, -,2026-04-30
OSWALGREEN, EQ, 30-Apr-2026,28.01,28.01,28.24,27.31,27.64,27.69,27.72,91396,25.34,701,36011.0, 39.40,2026-04-30
OSWALPUMPS, EQ, 30-Apr-2026,408.1,408.1,416.55,401.7,411.0,412.35,410.14,795541,3262.8,16760,263591.0, 33.13,2026-04-30
OSWALSEEDS, EQ, 30-Apr-2026,12.41,12.58,12.58,12.2,12.4,12.31,12.29,10405,1.28,140,8937.0, 85.89,2026-04-30
OWAIS, SM, 30-Apr-2026,180.65,172.0,172.1,171.65,171.65,171.65,171.87,15200,26.12,65,14000.0, 92.11,2026-04-30
PACEDIGITK, EQ, 30-Apr-2026,175.79,173.71,176.18,169.57,171.55,170.76,171.98,1295306,2227.61,11016,691902.0, 53.42,2026-04-30
PAGEIND, EQ, 30-Apr-2026,36845.0,36975.0,37190.0,36230.0,37190.0,36785.0,36685.05,16635,6102.56,8573,7365.0, 44.27,2026-04-30
PAISALO, EQ, 30-Apr-2026,47.63,47.06,51.15,47.06,49.9,49.94,49.65,26907171,13359.34,39771,11605693.0, 43.13,2026-04-30
PAKKA, EQ, 30-Apr-2026,96.25,96.31,96.31,93.55,95.5,94.8,94.37,66191,62.46,1242,36161.0, 54.63,2026-04-30
PALASHSECU, EQ, 30-Apr-2026,96.88,97.59,97.85,93.0,96.95,94.25,95.17,15636,14.88,111,14007.0, 89.58,2026-04-30
PALREDTEC, BE, 30-Apr-2026,39.23,39.99,40.99,39.61,40.05,40.05,40.29,3570,1.44,56,, -,2026-04-30
PANACEABIO, EQ, 30-Apr-2026,370.75,376.0,376.0,358.7,361.95,361.05,363.37,54240,197.09,1811,25038.0, 46.16,2026-04-30
PANACHE, BE, 30-Apr-2026,347.9,365.25,365.25,350.0,365.25,365.25,363.46,90912,330.43,515,, -,2026-04-30
PANAMAPET, EQ, 30-Apr-2026,279.18,279.0,283.47,270.08,281.0,279.81,275.95,28114,77.58,1414,9818.0, 34.92,2026-04-30
PANSARI, EQ, 30-Apr-2026,314.85,319.95,319.95,294.05,296.25,299.3,300.0,1309,3.93,110,880.0, 67.23,2026-04-30
PAR, EQ, 30-Apr-2026,91.43,94.0,94.0,90.01,91.99,90.83,91.56,2838,2.6,80,2387.0, 84.11,2026-04-30
PARACABLES, EQ, 30-Apr-2026,39.38,39.37,40.27,38.65,39.82,39.43,39.49,704066,278.05,3136,290150.0, 41.21,2026-04-30
PARADEEP, EQ, 30-Apr-2026,131.09,130.99,132.0,126.25,129.14,128.96,128.64,4678934,6019.16,39148,1625045.0, 34.73,2026-04-30
PARAGMILK, EQ, 30-Apr-2026,226.27,225.81,225.9,220.28,224.99,224.24,223.03,460474,1027.0,6757,185914.0, 40.37,2026-04-30
PARAGON, SM, 30-Apr-2026,39.1,39.8,39.8,39.0,39.0,39.0,39.6,4800,1.9,4,3600.0, 75.00,2026-04-30
PARAMATRIX, SM, 30-Apr-2026,70.5,68.0,69.0,68.0,69.0,69.0,68.98,51600,35.59,2,51600.0, 100.00,2026-04-30
PARAS, EQ, 30-Apr-2026,811.3,808.0,818.1,776.85,794.0,794.25,793.54,1142225,9064.05,44041,303415.0, 26.56,2026-04-30
PARASPETRO, BE, 30-Apr-2026,2.2,2.24,2.24,2.24,2.24,2.24,2.24,21578,0.48,38,, -,2026-04-30
PARIN, SM, 30-Apr-2026,630.0,612.35,640.0,612.35,629.0,628.75,627.77,32500,204.03,65,7500.0, 23.08,2026-04-30
PARKHOSPS, EQ, 30-Apr-2026,235.13,235.0,237.01,230.0,231.5,230.51,232.68,595262,1385.04,8496,338818.0, 56.92,2026-04-30
PARKHOTELS, EQ, 30-Apr-2026,123.59,124.0,124.0,119.21,123.6,121.73,121.21,182640,221.37,2677,77570.0, 42.47,2026-04-30
PARSVNATH, BE, 30-Apr-2026,8.11,8.1,8.1,7.8,7.95,7.86,7.89,272046,21.48,317,, -,2026-04-30
PARTH, ST, 30-Apr-2026,328.2,330.0,344.6,330.0,344.6,344.6,340.31,27200,92.56,32,27200.0, 100.00,2026-04-30
PARTYCRUS, SM, 30-Apr-2026,92.0,92.5,92.5,90.1,90.1,91.0,91.38,4000,3.66,4,4000.0, 100.00,2026-04-30
PASHUPATI, EQ, 30-Apr-2026,88.1,88.7,88.7,87.5,88.15,88.15,87.95,29941,26.33,1026,18294.0, 61.10,2026-04-30
PASUPTAC, EQ, 30-Apr-2026,49.87,49.49,50.48,49.0,49.41,49.84,49.64,59034,29.3,847,29967.0, 50.76,2026-04-30
PATANJALI, EQ, 30-Apr-2026,466.3,465.2,465.9,455.5,458.95,459.45,457.95,1811550,8295.92,19391,548061.0, 30.25,2026-04-30
PATELENG, EQ, 30-Apr-2026,28.7,28.7,28.98,28.0,28.34,28.38,28.38,3760372,1067.19,12380,1534442.0, 40.81,2026-04-30
PATELRMART, EQ, 30-Apr-2026,210.31,210.3,216.79,207.65,211.99,212.39,211.46,70109,148.25,1256,26093.0, 37.22,2026-04-30
PATILAUTOM, SM, 30-Apr-2026,172.7,172.0,177.9,169.05,176.8,177.5,173.12,31800,55.05,37,28200.0, 88.68,2026-04-30
PATINTLOG, EQ, 30-Apr-2026,11.53,11.35,11.67,11.35,11.67,11.61,11.53,25751,2.97,173,18261.0, 70.91,2026-04-30
PATTECH, SM, 30-Apr-2026,106.0,111.3,111.3,111.3,111.3,111.3,111.3,1500,1.67,1,1500.0, 100.00,2026-04-30
PAUSHAKLTD, EQ, 30-Apr-2026,465.25,469.85,471.8,454.6,470.0,469.85,462.68,6489,30.02,703,3473.0, 53.52,2026-04-30
PAVNAIND, BE, 30-Apr-2026,20.09,19.95,19.95,19.09,19.18,19.18,19.25,98925,19.04,334,, -,2026-04-30
PAYTM, EQ, 30-Apr-2026,1104.2,1100.0,1103.6,1082.5,1095.95,1095.8,1094.72,2105310,23047.22,46615,861533.0, 40.92,2026-04-30
PCBL, EQ, 30-Apr-2026,298.73,298.0,298.2,287.0,288.99,290.58,291.5,1979147,5769.23,39384,578812.0, 29.25,2026-04-30
PCCL, SM, 30-Apr-2026,286.5,285.7,285.9,285.7,285.9,285.9,285.8,800,2.29,2,800.0, 100.00,2026-04-30
PCJEWELLER, EQ, 30-Apr-2026,9.5,9.49,9.49,9.3,9.39,9.37,9.38,26665497,2501.89,28571,9985068.0, 37.45,2026-04-30
PDMJEPAPER, EQ, 30-Apr-2026,84.88,83.75,85.69,83.1,84.0,84.77,84.36,67937,57.31,1017,30331.0, 44.65,2026-04-30
PDSL, EQ, 30-Apr-2026,277.45,275.3,281.55,270.0,276.25,277.8,275.57,101123,278.67,2592,56886.0, 56.25,2026-04-30
PEARLPOLY, BE, 30-Apr-2026,20.78,20.68,20.98,20.31,20.84,20.54,20.62,3512,0.72,26,, -,2026-04-30
PELATRO, SM, 30-Apr-2026,295.0,297.0,308.95,297.0,308.95,308.95,302.98,600,1.82,2,600.0, 100.00,2026-04-30
PENIND, EQ, 30-Apr-2026,168.81,169.0,169.29,162.31,167.5,167.64,166.01,534559,887.42,14268,216419.0, 40.49,2026-04-30
PENINLAND, BE, 30-Apr-2026,17.46,17.3,17.45,17.0,17.14,17.11,17.15,210005,36.01,433,, -,2026-04-30
PENTAGON, SM, 30-Apr-2026,66.45,66.5,67.95,65.6,67.95,67.95,66.51,6000,3.99,6,4000.0, 66.67,2026-04-30
PERFECT, SZ, 30-Apr-2026,1.9,1.95,1.95,1.95,1.95,1.95,1.95,45000,0.88,5,45000.0, 100.00,2026-04-30
PERSISTENT, EQ, 30-Apr-2026,4805.8,4805.8,4829.9,4761.5,4804.0,4800.0,4798.63,542790,26046.49,45621,283629.0, 52.25,2026-04-30
PETRONET, EQ, 30-Apr-2026,280.12,278.45,279.0,274.01,279.0,276.76,276.45,3227573,8922.76,34696,2350950.0, 72.84,2026-04-30
PFC, EQ, 30-Apr-2026,464.75,464.0,464.7,447.0,449.0,448.4,451.87,9436314,42639.43,120815,4823770.0, 51.12,2026-04-30
PFIZER, EQ, 30-Apr-2026,4763.0,4752.0,4789.0,4700.0,4705.2,4710.6,4718.65,7333,346.02,2573,3865.0, 52.71,2026-04-30
PFOCUS, EQ, 30-Apr-2026,314.3,313.0,317.4,307.05,308.15,309.95,311.43,452782,1410.1,9526,120181.0, 26.54,2026-04-30
PFS, EQ, 30-Apr-2026,31.9,31.8,32.0,30.8,31.16,31.18,31.22,815111,254.46,2683,422444.0, 51.83,2026-04-30
PGEL, EQ, 30-Apr-2026,550.75,545.0,545.0,519.05,535.5,534.0,528.39,4643646,24536.48,102790,1974929.0, 42.53,2026-04-30
PGHH, EQ, 30-Apr-2026,10370.5,10380.0,10380.0,10115.5,10179.0,10146.5,10190.37,4537,462.34,1786,2216.0, 48.84,2026-04-30
PGHL, EQ, 30-Apr-2026,5135.0,5135.0,5260.0,5100.0,5200.0,5216.9,5198.93,22208,1154.58,3994,15983.0, 71.97,2026-04-30
PGIL, EQ, 30-Apr-2026,1533.0,1525.0,1548.0,1515.0,1542.2,1535.8,1533.57,19905,305.26,3331,8119.0, 40.79,2026-04-30
PGINVIT, IV, 30-Apr-2026,93.09,93.31,93.6,93.09,93.15,93.18,93.32,1985192,1852.54,12789,1617307.0, 81.47,2026-04-30
PHANTOMFX, SM, 30-Apr-2026,193.5,192.0,196.0,192.0,194.0,194.75,195.25,25800,50.38,46,24600.0, 95.35,2026-04-30
PHARMABEES, EQ, 30-Apr-2026,23.86,23.26,24.0,23.26,23.96,23.91,23.84,5386289,1284.07,10055,3441926.0, 63.90,2026-04-30
PHOENIXLTD, EQ, 30-Apr-2026,1790.3,1780.0,1781.4,1726.9,1768.1,1765.0,1756.89,563716,9903.86,38252,264044.0, 46.84,2026-04-30
PHOGLOBAL, SM, 30-Apr-2026,18.5,19.9,19.9,19.0,19.0,19.0,19.45,4000,0.78,2,4000.0, 100.00,2026-04-30
PICCADIL, EQ, 30-Apr-2026,611.2,620.3,624.35,602.3,606.0,607.25,610.23,253193,1545.05,12914,97489.0, 38.50,2026-04-30
PIDILITIND, EQ, 30-Apr-2026,1389.0,1378.7,1384.8,1355.0,1378.1,1375.7,1371.54,1333712,18292.42,43729,879454.0, 65.94,2026-04-30
PIGL, EQ, 30-Apr-2026,112.96,114.0,114.0,110.62,112.75,111.49,111.89,28302,31.67,512,18494.0, 65.35,2026-04-30
PIIND, EQ, 30-Apr-2026,3091.1,3090.0,3090.0,3015.6,3080.0,3054.8,3045.88,200677,6112.37,17892,115776.0, 57.69,2026-04-30
PILANIINVS, EQ, 30-Apr-2026,4771.8,4790.0,4790.0,4650.0,4690.0,4717.2,4695.38,1715,80.53,433,831.0, 48.45,2026-04-30
PILITA, EQ, 30-Apr-2026,8.18,8.14,8.15,7.9,8.05,8.07,8.03,52798,4.24,449,38337.0, 72.61,2026-04-30
PINELABS, EQ, 30-Apr-2026,197.03,196.0,197.71,193.0,195.5,193.71,195.04,889801,1735.49,18806,480138.0, 53.96,2026-04-30
PIONEEREMB, EQ, 30-Apr-2026,28.52,28.52,28.9,27.66,27.66,27.69,28.38,77866,22.1,331,41759.0, 53.63,2026-04-30
PIONRINV, EQ, 30-Apr-2026,107.9,108.95,109.25,102.0,107.9,107.9,104.88,2068,2.17,55,1321.0, 63.88,2026-04-30
PIRAMALFIN, EQ, 30-Apr-2026,2013.2,2003.2,2020.0,1928.3,1992.9,1998.6,1979.36,823260,16295.25,31952,399829.0, 48.57,2026-04-30
PITTIENG, EQ, 30-Apr-2026,973.55,969.7,993.0,954.6,972.15,977.7,972.11,62741,609.91,7091,24854.0, 39.61,2026-04-30
PIXTRANS, EQ, 30-Apr-2026,1558.3,1573.9,1587.9,1528.1,1548.5,1550.0,1552.74,11577,179.76,1462,4765.0, 41.16,2026-04-30
PKTEA, EQ, 30-Apr-2026,809.0,807.0,807.0,770.0,790.0,790.0,799.77,62,0.5,11,51.0, 82.26,2026-04-30
PLASTIBLEN, EQ, 30-Apr-2026,171.98,170.1,170.48,165.63,166.5,167.22,167.72,45027,75.52,1002,28176.0, 62.58,2026-04-30
PLATIND, EQ, 30-Apr-2026,237.49,236.7,241.0,231.71,235.19,239.08,236.92,60133,142.46,1776,18779.0, 31.23,2026-04-30
PLAZACABLE, EQ, 30-Apr-2026,41.01,41.45,41.45,40.21,40.75,40.91,40.68,100914,41.05,3753,16008.0, 15.86,2026-04-30
PML, EQ, 30-Apr-2026,572.75,564.05,596.75,550.0,555.05,556.45,560.24,459,2.57,69,390.0, 84.97,2026-04-30
PNB, EQ, 30-Apr-2026,111.18,110.8,110.8,108.11,109.5,109.36,109.12,16391067,17886.63,62018,6084657.0, 37.12,2026-04-30
PNBGILTS, EQ, 30-Apr-2026,71.08,71.57,71.57,69.9,71.0,70.55,70.5,327357,230.77,2204,161847.0, 49.44,2026-04-30
PNBHOUSING, EQ, 30-Apr-2026,1053.05,1043.05,1052.5,1027.5,1043.05,1045.65,1038.77,1424315,14795.33,29593,655760.0, 46.04,2026-04-30
PNC, BE, 30-Apr-2026,20.62,20.62,21.49,20.62,21.45,21.47,21.48,1421,0.31,18,, -,2026-04-30
PNCINFRA, EQ, 30-Apr-2026,216.19,216.35,217.31,213.01,213.01,213.87,214.51,211828,454.4,5675,92852.0, 43.83,2026-04-30
PNGJL, EQ, 30-Apr-2026,668.65,668.2,668.65,650.55,650.55,653.75,657.96,84515,556.08,4441,43081.0, 50.97,2026-04-30
PNGSREVA, EQ, 30-Apr-2026,417.05,417.05,430.0,415.0,427.0,423.25,423.61,215766,914.01,9488,70536.0, 32.69,2026-04-30
POCL, EQ, 30-Apr-2026,1318.0,1324.3,1387.9,1305.1,1382.1,1377.8,1356.13,757742,10275.96,33534,263045.0, 34.71,2026-04-30
PODDARMENT, EQ, 30-Apr-2026,253.11,253.0,255.47,249.01,253.1,253.25,253.47,3131,7.94,60,2742.0, 87.58,2026-04-30
POKARNA, EQ, 30-Apr-2026,881.3,885.0,885.0,863.0,874.0,871.2,870.43,35150,305.96,1976,15557.0, 44.26,2026-04-30
POLICYBZR, EQ, 30-Apr-2026,1684.3,1680.1,1682.2,1641.5,1664.1,1666.2,1664.72,729684,12147.19,40585,325564.0, 44.62,2026-04-30
POLYCAB, EQ, 30-Apr-2026,8148.5,8132.5,8163.5,7970.5,8088.5,8110.5,8073.87,415486,33545.81,38362,253103.0, 60.92,2026-04-30
POLYMED, EQ, 30-Apr-2026,1517.9,1500.0,1529.9,1495.1,1519.0,1512.1,1512.32,56311,851.6,8307,22832.0, 40.55,2026-04-30
POLYPLEX, EQ, 30-Apr-2026,954.85,946.0,972.0,942.0,947.5,946.2,956.88,75630,723.69,4795,31948.0, 42.24,2026-04-30
POLYSIL, ST, 30-Apr-2026,157.3,154.2,154.2,154.2,154.2,154.2,154.2,9000,13.88,11,9000.0, 100.00,2026-04-30
PONNIERODE, EQ, 30-Apr-2026,301.9,303.5,315.0,301.0,306.3,307.0,309.1,36465,112.71,1460,13583.0, 37.25,2026-04-30
POONAWALLA, EQ, 30-Apr-2026,421.25,420.0,421.35,411.2,419.0,417.2,416.97,949983,3961.18,23823,417296.0, 43.93,2026-04-30
POSITRON, ST, 30-Apr-2026,203.45,194.0,200.0,193.3,200.0,200.0,194.87,3900,7.6,13,3300.0, 84.62,2026-04-30
POWERGRID, EQ, 30-Apr-2026,320.35,319.6,321.25,315.95,319.0,318.35,317.94,9521058,30271.23,78712,5632005.0, 59.15,2026-04-30
POWERICA, EQ, 30-Apr-2026,492.6,495.55,499.55,481.2,488.0,489.85,489.41,355040,1737.59,12931,188633.0, 53.13,2026-04-30
POWERINDIA, EQ, 30-Apr-2026,32885.0,32975.0,33795.0,32530.0,33570.0,33550.0,33246.97,128619,42761.92,34719,37508.0, 29.16,2026-04-30
POWERMECH, EQ, 30-Apr-2026,2459.3,2450.0,2497.4,2414.4,2497.4,2481.8,2452.88,62952,1544.14,8689,23926.0, 38.01,2026-04-30
PPAP, EQ, 30-Apr-2026,210.05,214.69,214.69,202.0,204.78,203.1,205.43,18133,37.25,850,12590.0, 69.43,2026-04-30
PPL, EQ, 30-Apr-2026,214.25,212.0,213.78,207.9,209.1,210.5,210.33,35281,74.21,1253,17852.0, 50.60,2026-04-30
PPLPHARMA, EQ, 30-Apr-2026,160.15,161.47,162.9,156.14,162.0,161.87,159.67,3440783,5493.97,31623,1361198.0, 39.56,2026-04-30
PPSL, ST, 30-Apr-2026,7.4,7.1,7.55,7.05,7.55,7.3,7.15,21000,1.5,6,18000.0, 85.71,2026-04-30
PRABHA, EQ, 30-Apr-2026,160.89,158.5,162.49,158.31,162.0,161.65,160.27,56716,90.9,860,25674.0, 45.27,2026-04-30
PRABHAPP, E1, 30-Apr-2026,55.51,55.54,58.2,55.54,58.2,57.97,57.89,3067,1.78,38,3051.0, 99.48,2026-04-30
PRADPME, EQ, 30-Apr-2026,389.05,389.05,389.05,361.55,371.95,370.4,369.4,10194,37.66,859,5752.0, 56.43,2026-04-30
PRAENG, EQ, 30-Apr-2026,22.03,22.48,23.8,22.42,22.82,22.58,22.75,27672,6.3,225,16919.0, 61.14,2026-04-30
PRAJIND, EQ, 30-Apr-2026,400.65,401.0,423.0,397.5,409.05,408.35,411.88,5618619,23141.95,95619,1195616.0, 21.28,2026-04-30
PRAKASH, EQ, 30-Apr-2026,144.68,143.24,144.57,141.61,142.6,142.28,142.99,327109,467.73,3618,162417.0, 49.65,2026-04-30
PRAKASHSTL, EQ, 30-Apr-2026,4.68,4.68,4.76,4.62,4.72,4.71,4.66,105670,4.92,305,90289.0, 85.44,2026-04-30
PRAMARA, SM, 30-Apr-2026,347.15,350.0,350.0,342.0,346.5,343.85,345.68,61500,212.59,59,38000.0, 61.79,2026-04-30
PRATHAM, SM, 30-Apr-2026,141.55,135.15,145.0,113.5,137.8,137.9,123.69,101600,125.67,148,63600.0, 62.60,2026-04-30
PRAVEG, EQ, 30-Apr-2026,317.8,317.8,317.8,291.2,299.8,300.5,301.12,81718,246.07,2180,41329.0, 50.58,2026-04-30
PRAXIS, BE, 30-Apr-2026,7.91,7.91,8.3,7.57,8.2,8.08,8.05,115944,9.33,167,, -,2026-04-30
PRECAM, EQ, 30-Apr-2026,159.53,158.5,159.95,155.32,159.0,158.77,157.64,173829,274.02,3917,47027.0, 27.05,2026-04-30
PRECISION, SM, 30-Apr-2026,7.95,7.65,7.65,7.65,7.65,7.65,7.65,4000,0.31,2,4000.0, 100.00,2026-04-30
PRECOT, BE, 30-Apr-2026,535.9,536.95,562.0,536.95,540.0,548.35,549.27,5813,31.93,92,, -,2026-04-30
PRECWIRE, EQ, 30-Apr-2026,416.0,413.9,425.0,409.3,425.0,422.05,418.11,594918,2487.4,19358,216968.0, 36.47,2026-04-30
PREMCO, EQ, 30-Apr-2026,430.95,439.5,439.5,421.65,427.35,431.7,429.49,199,0.85,31,167.0, 83.92,2026-04-30
PREMEXPLN, EQ, 30-Apr-2026,557.75,555.0,565.0,537.55,561.0,561.35,551.41,341593,1883.56,10237,125392.0, 36.71,2026-04-30
PREMIER, BE, 30-Apr-2026,2.9,2.96,3.04,2.76,2.94,2.94,2.78,24005,0.67,31,, -,2026-04-30
PREMIERENE, EQ, 30-Apr-2026,1039.15,1024.0,1024.0,990.6,1014.0,1018.15,1010.02,2043351,20638.32,47892,677323.0, 33.15,2026-04-30
PREMIERPOL, BE, 30-Apr-2026,53.14,53.09,54.45,52.01,54.0,53.97,53.07,23768,12.61,248,, -,2026-04-30
PREMIUM, SM, 30-Apr-2026,37.0,37.2,37.2,37.2,37.2,37.2,37.2,3000,1.12,1,3000.0, 100.00,2026-04-30
PRESSTONIC, ST, 30-Apr-2026,46.5,46.0,47.95,44.2,44.2,44.2,44.89,68800,30.89,84,63200.0, 91.86,2026-04-30
PRESTIGE, EQ, 30-Apr-2026,1433.7,1423.1,1430.0,1397.4,1409.2,1414.4,1411.92,301820,4261.46,16173,135493.0, 44.89,2026-04-30
PRICOLLTD, EQ, 30-Apr-2026,595.65,590.0,591.4,565.7,572.7,572.75,574.54,371148,2132.39,24317,212312.0, 57.20,2026-04-30
PRIMECAB, SM, 30-Apr-2026,103.85,105.5,114.7,103.0,108.0,107.5,108.82,113600,123.62,70,65600.0, 57.75,2026-04-30
PRIMESECU, EQ, 30-Apr-2026,286.25,288.9,288.9,282.05,284.15,282.75,283.24,5484,15.53,202,4246.0, 77.43,2026-04-30
PRIMO, EQ, 30-Apr-2026,22.81,23.49,23.49,22.31,23.0,22.98,22.9,48492,11.1,299,25160.0, 51.88,2026-04-30
PRINCEPIPE, EQ, 30-Apr-2026,263.73,265.0,267.2,256.77,258.0,259.39,260.57,124202,323.64,3547,52694.0, 42.43,2026-04-30
PRITI, BE, 30-Apr-2026,45.55,45.55,45.87,43.58,45.5,45.5,44.6,10458,4.66,105,, -,2026-04-30
PRITIKA, SM, 30-Apr-2026,70.35,70.45,70.45,69.0,69.0,69.65,69.91,14000,9.79,7,4000.0, 28.57,2026-04-30
PRITIKAUTO, EQ, 30-Apr-2026,13.67,13.67,13.87,13.11,13.49,13.36,13.38,112993,15.12,788,65798.0, 58.23,2026-04-30
PRIVISCL, EQ, 30-Apr-2026,3317.6,3330.0,3365.4,3265.1,3354.7,3360.1,3335.03,87861,2930.19,12895,44208.0, 50.32,2026-04-30
PRIZOR, ST, 30-Apr-2026,686.7,686.7,721.0,655.2,721.0,718.6,712.44,244400,1741.21,346,235200.0, 96.24,2026-04-30
PRLIND, SM, 30-Apr-2026,63.2,63.5,63.5,63.5,63.5,63.5,63.5,6000,3.81,5,6000.0, 100.00,2026-04-30
PROFX, SM, 30-Apr-2026,72.5,72.0,72.0,71.0,71.0,71.0,71.2,8000,5.7,5,8000.0, 100.00,2026-04-30
PROPEQUITY, SM, 30-Apr-2026,209.0,208.9,209.0,208.9,209.0,209.0,208.98,2400,5.02,3,2400.0, 100.00,2026-04-30
PROSTARM, EQ, 30-Apr-2026,156.71,155.0,159.1,154.0,157.51,157.33,157.06,356464,559.86,3950,104189.0, 29.23,2026-04-30
PROTEAN, EQ, 30-Apr-2026,533.0,527.0,535.95,521.2,532.95,529.95,528.74,145037,766.87,6260,60147.0, 41.47,2026-04-30
PROV, SM, 30-Apr-2026,1307.0,1299.95,1328.0,1299.95,1328.0,1328.0,1306.59,400,5.23,5,400.0, 100.00,2026-04-30
PROZONER, EQ, 30-Apr-2026,62.1,62.7,62.7,57.75,58.0,58.27,59.12,460413,272.18,1707,293986.0, 63.85,2026-04-30
PRSMJOHNSN, EQ, 30-Apr-2026,132.26,131.98,134.29,131.12,134.0,133.84,133.02,275505,366.47,12759,88899.0, 32.27,2026-04-30
PRUDENT, EQ, 30-Apr-2026,2860.4,2831.8,2861.0,2790.0,2830.0,2826.1,2820.42,28514,804.21,6965,18371.0, 64.43,2026-04-30
PRUDMOULI, EQ, 30-Apr-2026,16.46,16.55,17.1,16.54,16.7,16.7,16.81,4842,0.81,56,2641.0, 54.54,2026-04-30
PSB, EQ, 30-Apr-2026,25.03,25.25,25.25,24.76,24.94,24.93,24.99,1129996,282.38,4796,523376.0, 46.32,2026-04-30
PSFL, SM, 30-Apr-2026,31.0,31.0,31.0,31.0,31.0,31.0,31.0,4000,1.24,1,4000.0, 100.00,2026-04-30
PSPPROJECT, EQ, 30-Apr-2026,773.5,770.05,833.9,770.05,793.0,787.15,803.02,716513,5753.76,24874,154399.0, 21.55,2026-04-30
PSRAJ, SM, 30-Apr-2026,290.0,288.0,304.5,288.0,304.5,304.5,301.7,22500,67.88,26,15500.0, 68.89,2026-04-30
PSUBANK, EQ, 30-Apr-2026,861.55,853.15,861.54,840.79,846.48,848.01,845.84,29830,252.32,960,15227.0, 51.05,2026-04-30
PSUBANKADD, EQ, 30-Apr-2026,86.96,86.05,87.0,84.68,87.0,85.68,85.28,66845,57.0,907,42779.0, 64.00,2026-04-30
PSUBNKBEES, EQ, 30-Apr-2026,95.96,96.12,96.9,93.81,94.68,94.54,94.39,3035207,2864.85,15754,1578593.0, 52.01,2026-04-30
PSUBNKIETF, EQ, 30-Apr-2026,87.0,87.06,87.06,84.92,86.4,85.89,85.45,269196,230.03,2769,108007.0, 40.12,2026-04-30
PTC, EQ, 30-Apr-2026,203.96,202.0,210.5,198.04,210.27,207.7,204.57,4410027,9021.51,36898,2622159.0, 59.46,2026-04-30
PTCIL, EQ, 30-Apr-2026,15912.0,15700.0,16149.0,15670.0,16139.0,16068.0,15927.09,12984,2067.97,5315,5370.0, 41.36,2026-04-30
PTL, EQ, 30-Apr-2026,40.07,40.19,40.19,39.0,40.0,39.99,39.74,32188,12.79,698,20474.0, 63.61,2026-04-30
PUNJABCHEM, EQ, 30-Apr-2026,1131.65,1128.35,1192.75,1097.05,1178.0,1178.0,1160.48,25340,294.07,2002,12853.0, 50.72,2026-04-30
PURPLEUTED, SM, 30-Apr-2026,297.35,286.25,288.0,275.0,280.0,279.35,280.09,21000,58.82,75,16750.0, 79.76,2026-04-30
PURVA, EQ, 30-Apr-2026,217.01,218.9,226.7,213.4,213.9,214.37,218.77,595822,1303.46,12632,120985.0, 20.31,2026-04-30
PURVFLEXI, ST, 30-Apr-2026,65.35,65.3,67.65,63.6,63.6,63.6,64.18,8000,5.13,8,7200.0, 90.00,2026-04-30
PUSHPA, SM, 30-Apr-2026,129.4,128.8,128.8,127.0,127.95,127.95,127.33,18000,22.92,9,18000.0, 100.00,2026-04-30
PVP, EQ, 30-Apr-2026,33.24,33.2,33.64,32.08,32.8,33.15,33.08,9271167,3066.5,10914,1066211.0, 11.50,2026-04-30
PVRINOX, EQ, 30-Apr-2026,1092.55,1085.5,1089.55,1056.2,1075.0,1068.9,1068.69,313748,3352.99,16551,194941.0, 62.13,2026-04-30
PVSL, EQ, 30-Apr-2026,103.56,102.01,103.17,100.07,101.11,101.4,101.71,23235,23.63,663,11292.0, 48.60,2026-04-30
PVTBANIETF, EQ, 30-Apr-2026,26.63,26.54,26.64,26.27,26.4,26.51,26.45,3595279,951.03,2274,3264661.0, 90.80,2026-04-30
PVTBANKADD, EQ, 30-Apr-2026,26.84,26.43,27.21,26.36,26.92,26.91,26.67,73638,19.64,254,35042.0, 47.59,2026-04-30
PWL, EQ, 30-Apr-2026,110.64,110.64,110.97,107.76,108.9,108.58,109.1,1787149,1949.82,17695,611837.0, 34.24,2026-04-30
PYRAMID, EQ, 30-Apr-2026,169.87,168.06,178.8,166.26,175.45,175.31,174.47,51975,90.68,1342,30285.0, 58.27,2026-04-30
QGOLDHALF, EQ, 30-Apr-2026,121.7,122.49,123.81,121.92,123.59,123.6,123.24,62342,76.83,802,23989.0, 38.48,2026-04-30
QMSMEDI, SM, 30-Apr-2026,93.9,78.7,93.0,78.7,87.5,90.0,91.03,19000,17.3,14,14000.0, 73.68,2026-04-30
QNIFTY, EQ, 30-Apr-2026,264.4,264.54,264.54,260.6,262.8,262.59,262.31,7021,18.42,133,5790.0, 82.47,2026-04-30
QPOWER, EQ, 30-Apr-2026,1392.45,1392.45,1394.95,1337.4,1390.0,1380.0,1372.32,594213,8154.49,29485,172471.0, 29.03,2026-04-30
QUADFUTURE, EQ, 30-Apr-2026,314.6,312.75,316.4,306.6,310.9,309.45,310.59,97527,302.9,2681,35884.0, 36.79,2026-04-30
QUAL30IETF, EQ, 30-Apr-2026,20.87,20.87,20.98,20.64,20.98,20.82,20.75,114289,23.71,376,61158.0, 53.51,2026-04-30
QUALITY30, EQ, 30-Apr-2026,20.52,20.45,20.85,20.3,20.85,20.82,20.65,27845,5.75,47,6382.0, 22.92,2026-04-30
QUESS, EQ, 30-Apr-2026,203.0,201.5,203.04,196.99,197.2,197.68,199.86,210008,419.72,4621,120850.0, 57.55,2026-04-30
QUESTLAB, ST, 30-Apr-2026,145.35,146.0,152.6,142.0,152.55,151.65,150.34,264000,396.9,157,235200.0, 89.09,2026-04-30
QUICKHEAL, EQ, 30-Apr-2026,165.67,164.95,168.0,161.34,165.46,166.58,165.53,133771,221.44,1963,44416.0, 33.20,2026-04-30
QUICKTOUCH, SM, 30-Apr-2026,27.6,27.6,28.15,26.8,26.8,26.8,27.62,2500,0.69,5,2000.0, 80.00,2026-04-30
QUINT, EQ, 30-Apr-2026,39.75,44.55,44.55,39.75,41.2,41.1,41.48,3690,1.53,65,2697.0, 73.09,2026-04-30
QVCEL, SM, 30-Apr-2026,28.8,29.35,29.35,29.35,29.35,29.35,29.35,1600,0.47,1,1600.0, 100.00,2026-04-30
RACE, BE, 30-Apr-2026,124.68,125.3,126.25,120.1,123.84,123.84,123.85,14715,18.22,75,, -,2026-04-30
RACLGEAR, EQ, 30-Apr-2026,1257.9,1257.9,1294.8,1230.0,1267.0,1273.0,1267.07,16026,203.06,2112,7460.0, 46.55,2026-04-30
RADAAN, EQ, 30-Apr-2026,3.27,3.33,3.33,3.22,3.26,3.24,3.28,28717,0.94,90,24974.0, 86.97,2026-04-30
RADHIKAJWE, EQ, 30-Apr-2026,64.01,64.01,64.6,62.2,64.2,64.27,63.59,111902,71.16,2014,46490.0, 41.55,2026-04-30
RADIANTCMS, EQ, 30-Apr-2026,42.88,42.86,42.86,41.51,41.81,41.87,41.98,77530,32.55,777,47031.0, 60.66,2026-04-30
RADICO, EQ, 30-Apr-2026,3458.5,3442.0,3449.0,3292.7,3435.0,3423.1,3353.1,457179,15329.66,52716,242187.0, 52.97,2026-04-30
RADIOCITY, BE, 30-Apr-2026,6.05,6.14,6.14,5.94,5.99,6.05,5.98,9532,0.57,62,, -,2026-04-30
RADIOWALLA, SM, 30-Apr-2026,36.2,36.0,36.0,36.0,36.0,36.0,36.0,1600,0.58,1,1600.0, 100.00,2026-04-30
RAILTEL, EQ, 30-Apr-2026,326.64,325.0,326.0,319.37,321.78,323.55,322.67,774156,2498.01,17936,201061.0, 25.97,2026-04-30
RAIN, EQ, 30-Apr-2026,131.72,131.5,132.07,125.5,125.99,126.2,128.09,3245503,4157.02,13615,1619544.0, 49.90,2026-04-30
RAINBOW, EQ, 30-Apr-2026,1264.2,1258.0,1263.1,1249.8,1251.0,1252.3,1253.05,56502,708.0,8417,38760.0, 68.60,2026-04-30
RAJESHEXPO, BZ, 30-Apr-2026,124.9,124.85,124.85,118.66,118.66,119.2,120.36,219018,263.62,2475,, -,2026-04-30
RAJINDLTD, SM, 30-Apr-2026,79.15,76.3,84.0,76.3,79.5,79.5,81.12,33000,26.77,22,18000.0, 54.55,2026-04-30
RAJMET, BE, 30-Apr-2026,4.06,4.13,4.13,3.95,3.98,3.97,3.99,207370,8.28,507,, -,2026-04-30
RAJOOENG, EQ, 30-Apr-2026,59.66,58.47,60.88,57.16,58.27,57.93,58.31,1171308,683.03,7184,484188.0, 41.34,2026-04-30
RAJPALAYAM, EQ, 30-Apr-2026,813.55,790.0,810.0,780.0,810.0,803.85,789.54,502,3.96,16,390.0, 77.69,2026-04-30
RAJPUTANA, SM, 30-Apr-2026,236.05,239.0,239.0,239.0,239.0,239.0,239.0,500,1.2,1,500.0, 100.00,2026-04-30
RAJRATAN, EQ, 30-Apr-2026,438.45,437.5,445.5,429.25,445.5,444.35,438.55,70444,308.94,3074,28851.0, 40.96,2026-04-30
RAJRILTD, BE, 30-Apr-2026,21.02,21.42,21.43,20.8,21.11,21.33,21.27,8658,1.84,130,, -,2026-04-30
RAJSREESUG, EQ, 30-Apr-2026,33.72,33.89,36.2,33.76,35.18,35.12,35.3,179948,63.52,1581,50072.0, 27.83,2026-04-30
RAJTV, EQ, 30-Apr-2026,23.64,24.1,24.1,23.12,23.5,23.22,23.55,20616,4.86,124,12322.0, 59.77,2026-04-30
RALLIS, EQ, 30-Apr-2026,262.73,262.0,267.4,256.5,265.0,265.91,261.63,371606,972.24,11724,166211.0, 44.73,2026-04-30
RAMANEWS, EQ, 30-Apr-2026,32.12,31.31,32.94,31.31,32.4,32.32,32.27,21140,6.82,223,11347.0, 53.68,2026-04-30
RAMAPHO, EQ, 30-Apr-2026,138.96,139.88,139.88,136.11,138.16,138.29,137.6,28120,38.69,458,15955.0, 56.74,2026-04-30
RAMASTEEL, EQ, 30-Apr-2026,5.83,5.83,5.84,5.7,5.8,5.77,5.75,4971616,286.0,5806,2819381.0, 56.71,2026-04-30
RAMCOCEM, EQ, 30-Apr-2026,944.25,947.0,954.95,923.35,930.0,935.1,932.55,321353,2996.77,17417,207658.0, 64.62,2026-04-30
RAMCOIND, EQ, 30-Apr-2026,267.09,267.0,274.17,264.55,268.0,266.42,267.82,60648,162.43,1292,33080.0, 54.54,2026-04-30
RAMCOSYS, EQ, 30-Apr-2026,414.9,414.9,416.1,403.9,411.75,411.75,409.79,29170,119.53,1606,10664.0, 36.56,2026-04-30
RAMKY, EQ, 30-Apr-2026,506.25,499.05,508.0,496.0,503.5,503.85,502.62,43538,218.83,960,18086.0, 41.54,2026-04-30
RAMRAT, EQ, 30-Apr-2026,429.45,424.5,450.7,419.0,444.0,444.25,442.06,312651,1382.11,10666,116823.0, 37.37,2026-04-30
RANASUG, EQ, 30-Apr-2026,13.71,13.76,14.45,13.76,13.91,13.94,14.22,1089055,154.84,4034,520667.0, 47.81,2026-04-30
RANEHOLDIN, EQ, 30-Apr-2026,1112.05,1105.5,1129.6,1088.2,1127.0,1125.2,1110.86,8937,99.28,895,4023.0, 45.02,2026-04-30
RAPPID, SM, 30-Apr-2026,273.5,270.15,270.15,265.6,265.6,265.85,267.76,7800,20.89,13,6600.0, 84.62,2026-04-30
RATEGAIN, EQ, 30-Apr-2026,581.05,575.1,612.95,575.1,605.0,602.6,595.79,1028705,6128.96,22196,653519.0, 63.53,2026-04-30
RATNAMANI, EQ, 30-Apr-2026,2664.2,2643.0,2673.0,2601.1,2646.0,2645.0,2639.39,35538,937.99,5617,20157.0, 56.72,2026-04-30
RATNAVEER, EQ, 30-Apr-2026,168.75,168.0,169.28,162.33,163.25,162.9,164.51,1790635,2945.74,12903,654968.0, 36.58,2026-04-30
RAYMOND, EQ, 30-Apr-2026,464.5,464.5,470.0,451.2,467.15,465.8,461.55,388103,1791.3,12847,109250.0, 28.15,2026-04-30
RAYMONDLSL, EQ, 30-Apr-2026,805.85,793.75,804.35,789.3,797.8,794.2,796.18,52055,414.45,3751,20194.0, 38.79,2026-04-30
RAYMONDREL, EQ, 30-Apr-2026,434.7,434.7,447.25,426.9,445.0,444.95,439.95,427323,1879.99,12003,230237.0, 53.88,2026-04-30
RBA, EQ, 30-Apr-2026,65.89,65.1,65.8,64.62,65.59,65.36,65.17,2035548,1326.62,4362,1278639.0, 62.82,2026-04-30
RBLBANK, EQ, 30-Apr-2026,341.2,340.4,341.6,333.8,337.9,336.55,337.12,6723354,22665.99,43237,2526625.0, 37.58,2026-04-30
RBMINFRA, SM, 30-Apr-2026,400.05,408.5,408.5,389.0,395.0,392.4,392.93,12800,50.29,55,9400.0, 73.44,2026-04-30
RBS, ST, 30-Apr-2026,101.4,100.0,101.4,100.0,101.4,101.4,100.53,8800,8.85,11,6400.0, 72.73,2026-04-30
RBZJEWEL, EQ, 30-Apr-2026,136.79,139.7,139.7,134.0,135.5,136.33,135.58,74889,101.54,1218,45862.0, 61.24,2026-04-30
RCDL, SM, 30-Apr-2026,24.0,23.0,23.0,23.0,23.0,23.0,23.0,3000,0.69,1,3000.0, 100.00,2026-04-30
RCF, EQ, 30-Apr-2026,130.9,130.0,130.18,128.0,129.3,129.21,129.04,987330,1274.02,11133,273855.0, 27.74,2026-04-30
RCOM, BE, 30-Apr-2026,0.98,0.98,0.99,0.96,0.96,0.96,0.97,2793707,27.13,1673,, -,2026-04-30
READYMIX, SM, 30-Apr-2026,88.75,94.65,94.65,89.5,90.0,90.0,90.23,33000,29.78,18,27000.0, 81.82,2026-04-30
RECLTD, EQ, 30-Apr-2026,363.55,361.1,361.1,352.75,355.2,354.3,355.45,9031675,32103.06,74337,4126875.0, 45.69,2026-04-30
REDINGTON, EQ, 30-Apr-2026,214.29,213.0,218.75,210.09,215.0,215.87,213.65,6934625,14816.0,56657,4425099.0, 63.81,2026-04-30
REDTAPE, EQ, 30-Apr-2026,130.18,130.2,130.2,125.64,128.6,128.48,127.55,129471,165.14,4321,73151.0, 56.50,2026-04-30
REFEX, EQ, 30-Apr-2026,266.7,266.0,268.65,257.8,263.0,263.86,263.03,656695,1727.3,11512,180953.0, 27.56,2026-04-30
REFRACTORY, SM, 30-Apr-2026,40.5,41.9,41.9,41.9,41.9,41.9,41.9,1000,0.42,1,1000.0, 100.00,2026-04-30
REGAAL, EQ, 30-Apr-2026,84.59,84.93,84.93,81.9,82.65,82.84,82.62,440399,363.86,2597,245705.0, 55.79,2026-04-30
REGENCERAM, EQ, 30-Apr-2026,44.85,49.9,49.9,44.86,47.0,46.52,46.38,5769,2.68,71,5117.0, 88.70,2026-04-30
RELAXO, EQ, 30-Apr-2026,304.15,304.15,304.6,297.0,300.3,298.09,299.22,92355,276.34,4435,49152.0, 53.22,2026-04-30
RELCHEMQ, EQ, 30-Apr-2026,114.95,117.01,118.0,112.0,114.0,113.98,114.38,8294,9.49,389,4361.0, 52.58,2026-04-30
RELIABLE, EQ, 30-Apr-2026,134.04,132.0,135.5,131.41,135.0,134.07,133.57,19248,25.71,299,13701.0, 71.18,2026-04-30
RELIANCE, EQ, 30-Apr-2026,1425.4,1409.0,1437.0,1393.1,1436.0,1430.8,1416.42,30957881,438494.3,364569,16283197.0, 52.60,2026-04-30
RELIGARE, EQ, 30-Apr-2026,225.49,223.0,225.57,218.75,220.5,221.64,220.94,1521475,3361.6,13397,777334.0, 51.09,2026-04-30
RELTD, EQ, 30-Apr-2026,152.04,150.95,151.99,139.6,144.96,142.91,143.26,546196,782.47,7787,208262.0, 38.13,2026-04-30
REMSONSIND, EQ, 30-Apr-2026,107.37,109.74,109.74,105.0,107.4,106.78,106.32,44256,47.05,653,25859.0, 58.43,2026-04-30
REMUS, SM, 30-Apr-2026,699.8,684.0,689.9,672.0,685.0,685.3,680.54,3900,26.54,31,3500.0, 89.74,2026-04-30
RENUKA, EQ, 30-Apr-2026,28.31,28.45,29.78,28.19,29.3,29.21,29.24,34502981,10087.11,51103,9837847.0, 28.51,2026-04-30
REPCOHOME, EQ, 30-Apr-2026,410.05,405.1,409.55,402.6,407.0,407.4,406.05,75110,304.98,2968,41825.0, 55.68,2026-04-30
REPL, BE, 30-Apr-2026,78.74,79.0,82.58,75.12,77.3,81.77,77.8,5323,4.14,60,, -,2026-04-30
REPRO, EQ, 30-Apr-2026,365.65,379.9,390.0,355.05,358.95,357.5,363.0,33925,123.15,1373,17279.0, 50.93,2026-04-30
RESPONIND, EQ, 30-Apr-2026,157.94,158.0,160.55,153.51,158.67,156.16,156.21,90201,140.9,1045,25417.0, 28.18,2026-04-30
RETAIL, EQ, 30-Apr-2026,20.37,21.01,21.01,19.51,19.51,19.59,19.84,4127,0.82,41,4024.0, 97.50,2026-04-30
REXPIPES, SM, 30-Apr-2026,197.8,203.0,203.0,203.0,203.0,203.0,203.0,1000,2.03,1,1000.0, 100.00,2026-04-30
REXPRO, SM, 30-Apr-2026,43.0,44.7,44.7,44.7,44.7,44.7,44.7,1000,0.45,1,1000.0, 100.00,2026-04-30
RGL, EQ, 30-Apr-2026,101.19,100.8,101.75,98.63,100.0,100.13,99.95,308219,308.06,2911,99707.0, 32.35,2026-04-30
RHETAN, EQ, 30-Apr-2026,29.7,29.65,30.0,28.79,29.35,29.64,29.29,8478821,2483.4,8809,4624347.0, 54.54,2026-04-30
RHIM, EQ, 30-Apr-2026,406.2,407.0,407.0,398.1,404.95,403.9,402.34,58827,236.68,4228,23870.0, 40.58,2026-04-30
RHL, EQ, 30-Apr-2026,180.38,182.03,185.0,182.0,184.95,184.95,183.94,3896,7.17,45,3669.0, 94.17,2026-04-30
RICHA, SM, 30-Apr-2026,69.15,72.0,75.0,69.0,75.0,72.65,72.01,14000,10.08,14,13000.0, 92.86,2026-04-30
RICOAUTO, EQ, 30-Apr-2026,115.26,114.7,114.7,111.21,113.0,113.14,112.83,920578,1038.71,6914,360150.0, 39.12,2026-04-30
RIIL, EQ, 30-Apr-2026,798.35,790.0,790.9,775.55,780.15,783.4,782.67,53891,421.79,2876,17784.0, 33.00,2026-04-30
RIIT, IV, 30-Apr-2026,110.54,110.89,111.3,109.8,110.69,110.58,110.01,389788,428.81,421,377313.0, 96.80,2026-04-30
RILINFRA, SM, 30-Apr-2026,33.95,33.9,34.3,33.25,34.25,34.25,34.05,20100,6.84,52,17800.0, 88.56,2026-04-30
RISHABH, EQ, 30-Apr-2026,483.75,476.5,486.4,469.0,473.0,471.9,474.3,82226,390.0,3063,43190.0, 52.53,2026-04-30
RITCO, EQ, 30-Apr-2026,211.55,212.79,220.95,208.52,219.97,218.09,215.77,27634,59.63,607,17202.0, 62.25,2026-04-30
RITES, EQ, 30-Apr-2026,219.28,218.3,219.98,215.9,218.3,218.91,218.14,236800,516.55,9031,82920.0, 35.02,2026-04-30
RITEZONE, ST, 30-Apr-2026,24.55,25.75,25.75,25.75,25.75,25.75,25.75,3200,0.82,2,3200.0, 100.00,2026-04-30
RKDL, EQ, 30-Apr-2026,22.08,22.06,22.6,21.53,21.7,21.73,21.82,14474,3.16,191,6369.0, 44.00,2026-04-30
RKEC, EQ, 30-Apr-2026,36.06,36.14,36.2,34.66,34.96,35.22,35.16,21629,7.6,479,12763.0, 59.01,2026-04-30
RKFORGE, EQ, 30-Apr-2026,598.85,594.0,603.0,586.0,597.25,598.3,593.93,824502,4896.98,25368,384473.0, 46.63,2026-04-30
RKSWAMY, EQ, 30-Apr-2026,85.24,88.98,88.98,83.55,84.95,84.13,85.55,67137,57.44,1730,48697.0, 72.53,2026-04-30
RMC, BE, 30-Apr-2026,485.15,490.0,490.0,465.0,479.5,472.0,475.36,5665,26.93,146,, -,2026-04-30
RMDRIP, EQ, 30-Apr-2026,20.84,21.88,21.88,19.9,21.88,21.88,21.24,3745061,795.55,5791,1811335.0, 48.37,2026-04-30
RML, EQ, 30-Apr-2026,796.25,791.65,815.0,785.0,815.0,809.35,800.93,10936,87.59,1080,5221.0, 47.74,2026-04-30
RNBDENIMS, BE, 30-Apr-2026,15.15,15.05,15.05,14.4,14.57,14.43,14.46,1248645,180.52,1390,, -,2026-04-30
RNFI, SM, 30-Apr-2026,276.7,278.95,280.0,276.15,280.0,279.75,278.51,10200,28.41,15,6600.0, 64.71,2026-04-30
RNPL, SM, 30-Apr-2026,138.75,142.0,143.3,135.5,135.5,135.5,139.17,22800,31.73,15,6000.0, 26.32,2026-04-30
ROCKINGDCE, SM, 30-Apr-2026,202.9,202.5,202.9,202.0,202.0,202.0,202.47,750,1.52,3,750.0, 100.00,2026-04-30
ROHLTD, EQ, 30-Apr-2026,336.7,334.0,349.65,334.0,342.15,343.5,344.44,151611,522.21,3462,42350.0, 27.93,2026-04-30
ROLEXRINGS, EQ, 30-Apr-2026,146.48,145.5,147.31,143.6,145.01,145.82,145.35,2220473,3227.47,15856,531057.0, 23.92,2026-04-30
ROLLT, EQ, 30-Apr-2026,1.83,1.92,1.92,1.75,1.92,1.92,1.91,1320443,25.19,460,843421.0, 63.87,2026-04-30
ROML, EQ, 30-Apr-2026,44.61,44.61,45.74,44.0,45.15,45.15,44.91,1006,0.45,55,710.0, 70.58,2026-04-30
ROSSARI, EQ, 30-Apr-2026,467.0,462.35,516.45,458.15,477.0,478.95,488.88,2391958,11693.84,65346,723676.0, 30.25,2026-04-30
ROSSELLIND, EQ, 30-Apr-2026,56.02,56.99,56.99,55.21,55.51,55.54,55.58,15602,8.67,279,10211.0, 65.45,2026-04-30
ROSSTECH, EQ, 30-Apr-2026,1006.15,1010.0,1018.0,942.65,986.0,989.7,972.66,99179,964.68,6133,44675.0, 45.04,2026-04-30
ROTO, EQ, 30-Apr-2026,58.82,59.51,59.51,57.39,58.1,58.14,58.1,304186,176.73,2423,121435.0, 39.92,2026-04-30
ROUTE, EQ, 30-Apr-2026,529.95,529.95,533.7,524.7,526.5,527.15,528.76,153689,812.64,6122,69716.0, 45.36,2026-04-30
RPEL, EQ, 30-Apr-2026,699.9,703.0,706.4,689.25,700.0,700.0,699.77,81481,570.18,2376,53304.0, 65.42,2026-04-30
RPGLIFE, EQ, 30-Apr-2026,2030.5,2049.9,2336.6,2049.9,2295.0,2295.0,2258.1,1683294,38010.44,92721,57047.0, 3.39,2026-04-30
RPOWER, EQ, 30-Apr-2026,28.99,28.5,29.28,28.2,28.77,28.61,28.69,48139160,13810.73,60814,8926362.0, 18.54,2026-04-30
RPPINFRA, EQ, 30-Apr-2026,78.44,80.0,80.84,77.4,80.84,79.57,78.93,40646,32.08,815,18673.0, 45.94,2026-04-30
RPPL, EQ, 30-Apr-2026,16.03,15.56,16.1,15.56,16.1,15.95,15.9,24467,3.89,96,23666.0, 96.73,2026-04-30
RPSGVENT, EQ, 30-Apr-2026,856.3,856.3,865.0,835.0,852.0,847.5,846.86,67583,572.33,3651,14516.0, 21.48,2026-04-30
RPTECH, EQ, 30-Apr-2026,467.45,468.0,469.45,439.5,453.35,458.25,460.79,127796,588.87,5647,53666.0, 41.99,2026-04-30
RRIL, EQ, 30-Apr-2026,17.0,17.35,17.35,16.8,16.85,16.85,17.14,4231,0.72,45,3176.0, 75.06,2026-04-30
RRKABEL, EQ, 30-Apr-2026,1626.6,1618.1,1648.0,1525.0,1571.0,1571.0,1582.82,1259192,19930.75,68262,294442.0, 23.38,2026-04-30
RSDFIN, EQ, 30-Apr-2026,84.75,84.35,84.35,84.35,84.35,84.35,84.35,8,0.01,1,8.0, 100.00,2026-04-30
RSL, EQ, 30-Apr-2026,138.23,138.69,141.12,138.0,138.38,138.39,139.28,283228,394.49,3176,96021.0, 33.90,2026-04-30
RSSOFTWARE, BE, 30-Apr-2026,40.66,38.63,38.63,38.63,38.63,38.63,38.63,16640,6.43,106,, -,2026-04-30
RSWM, EQ, 30-Apr-2026,162.84,163.0,165.99,159.01,164.15,164.57,163.04,36040,58.76,799,19315.0, 53.59,2026-04-30
RSYSTEMS, EQ, 30-Apr-2026,266.82,265.52,266.8,261.2,264.99,263.14,263.07,105579,277.74,4280,47448.0, 44.94,2026-04-30
RTL, ST, 30-Apr-2026,85.05,88.3,88.3,84.0,86.25,86.25,84.44,30000,25.33,3,28000.0, 93.33,2026-04-30
RTNINDIA, EQ, 30-Apr-2026,35.84,35.45,36.17,35.2,35.64,35.52,35.57,1633555,581.04,6561,473144.0, 28.96,2026-04-30
RTNPOWER, EQ, 30-Apr-2026,10.2,10.2,10.3,9.96,10.15,10.12,10.1,21690968,2191.78,18055,6496750.0, 29.95,2026-04-30
RUBFILA, EQ, 30-Apr-2026,73.41,73.52,74.29,72.52,73.0,73.01,73.33,5781,4.24,202,4199.0, 72.63,2026-04-30
RUBICON, EQ, 30-Apr-2026,975.45,980.0,983.2,955.0,964.1,969.95,965.88,76848,742.26,5848,28864.0, 37.56,2026-04-30
RUBYMILLS, EQ, 30-Apr-2026,233.51,240.14,240.14,229.22,235.41,236.79,235.06,9315,21.9,378,5636.0, 60.50,2026-04-30
RUCHINFRA, EQ, 30-Apr-2026,6.53,6.37,6.61,6.36,6.46,6.39,6.44,36508,2.35,200,30962.0, 84.81,2026-04-30
RUCHIRA, EQ, 30-Apr-2026,117.01,117.14,117.9,115.13,116.35,116.87,116.7,16043,18.72,319,11314.0, 70.52,2026-04-30
RUDRA, BE, 30-Apr-2026,21.24,21.4,21.4,20.55,21.0,20.83,20.84,21151,4.41,100,, -,2026-04-30
RULKA, SM, 30-Apr-2026,107.9,127.0,127.0,107.9,107.9,107.9,112.95,2700,3.05,9,1800.0, 66.67,2026-04-30
RUPA, EQ, 30-Apr-2026,150.49,150.42,153.35,145.25,152.9,151.82,149.28,189906,283.49,2793,78010.0, 41.08,2026-04-30
RUSHIL, EQ, 30-Apr-2026,17.18,17.0,17.44,16.83,17.0,17.07,17.08,247123,42.22,626,107765.0, 43.61,2026-04-30
RUSTOMJEE, EQ, 30-Apr-2026,398.9,401.4,401.4,389.85,393.0,393.05,394.01,14675,57.82,1144,5331.0, 36.33,2026-04-30
RVHL, EQ, 30-Apr-2026,41.56,41.36,42.49,41.36,42.0,41.95,41.89,5367,2.25,99,4334.0, 80.75,2026-04-30
RVNL, EQ, 30-Apr-2026,302.3,300.2,301.0,294.0,298.1,297.65,297.22,5939952,17654.97,48071,1774167.0, 29.87,2026-04-30
RVTH, EQ, 30-Apr-2026,595.0,629.95,630.0,575.0,585.0,588.1,594.37,2000,11.89,143,1661.0, 83.05,2026-04-30
S&SPOWER, BE, 30-Apr-2026,417.0,410.0,410.0,408.8,408.9,408.9,408.94,119,0.49,7,, -,2026-04-30
SAAKSHI, SM, 30-Apr-2026,207.35,208.9,234.0,208.9,234.0,231.3,223.09,61200,136.53,85,46800.0, 76.47,2026-04-30
SAATVIKGL, EQ, 30-Apr-2026,480.1,480.15,484.65,456.0,459.0,460.1,464.13,183110,849.88,6730,79908.0, 43.64,2026-04-30
SABAR, ST, 30-Apr-2026,5.4,5.15,5.15,5.15,5.15,5.15,5.15,5000,0.26,1,5000.0, 100.00,2026-04-30
SACHEEROME, SM, 30-Apr-2026,340.0,336.95,336.95,329.0,332.5,332.5,333.31,14400,48.0,42,10200.0, 70.83,2026-04-30
SADBHAV, BE, 30-Apr-2026,9.79,9.6,9.6,9.6,9.6,9.6,9.6,27106,2.6,56,, -,2026-04-30
SADBHIN, EQ, 30-Apr-2026,2.79,2.81,2.83,2.69,2.73,2.71,2.76,189851,5.23,466,172616.0, 90.92,2026-04-30
SADHAV, SM, 30-Apr-2026,111.95,112.0,118.0,110.9,118.0,117.25,116.08,6000,6.96,7,6000.0, 100.00,2026-04-30
SADHNANIQ, BE, 30-Apr-2026,2.36,2.47,2.47,2.35,2.45,2.4,2.44,10073346,245.78,1820,, -,2026-04-30
SAFARI, EQ, 30-Apr-2026,1433.8,1443.9,1443.9,1393.4,1407.0,1412.5,1408.74,112192,1580.5,18698,64101.0, 57.14,2026-04-30
SAFEENTP, SM, 30-Apr-2026,243.0,226.6,242.8,226.0,238.0,238.0,233.49,35000,81.72,66,19000.0, 54.29,2026-04-30
SAGARDEEP, EQ, 30-Apr-2026,24.29,24.29,24.29,23.85,24.24,24.24,24.06,4922,1.18,59,3798.0, 77.16,2026-04-30
SAGCEM, EQ, 30-Apr-2026,184.18,182.35,183.4,178.35,180.0,180.23,181.02,36825,66.66,1087,17899.0, 48.61,2026-04-30
SAGILITY, EQ, 30-Apr-2026,41.49,41.21,41.94,40.72,41.88,41.74,41.28,11451953,4727.76,27847,5374272.0, 46.93,2026-04-30
SAHAJSOLAR, SM, 30-Apr-2026,160.3,160.3,160.4,152.6,156.9,155.55,156.57,16000,25.05,37,10000.0, 62.50,2026-04-30
SAHANA, SM, 30-Apr-2026,843.8,842.0,850.0,840.0,849.0,848.75,847.33,1875,15.89,15,1375.0, 73.33,2026-04-30
SAHASRA, SM, 30-Apr-2026,299.7,301.15,307.95,288.2,297.0,295.5,298.17,44400,132.39,108,24800.0, 55.86,2026-04-30
SAHLIBHFI, EQ, 30-Apr-2026,81.62,81.75,81.75,81.0,81.75,81.75,81.07,1006,0.82,17,997.0, 99.11,2026-04-30
SAHYADRI, EQ, 30-Apr-2026,257.13,258.99,258.99,252.07,257.87,255.94,255.47,1273,3.25,46,1146.0, 90.02,2026-04-30
SAIFL, SM, 30-Apr-2026,8.85,8.85,8.95,8.25,8.7,8.5,8.53,1272000,108.51,202,916000.0, 72.01,2026-04-30
SAIL, EQ, 30-Apr-2026,186.16,184.98,185.4,179.7,184.95,184.62,183.23,30459594,55809.8,82041,13795493.0, 45.29,2026-04-30
SAILIFE, EQ, 30-Apr-2026,1055.1,1059.0,1089.9,1047.5,1064.5,1069.45,1069.87,1368498,14641.11,58426,721625.0, 52.73,2026-04-30
SAIPARENT, EQ, 30-Apr-2026,486.95,486.95,495.95,478.5,488.0,486.05,487.45,66426,323.8,2930,30465.0, 45.86,2026-04-30
SAKAR, EQ, 30-Apr-2026,625.65,629.95,635.1,613.45,630.0,628.05,626.34,49929,312.72,1931,30467.0, 61.02,2026-04-30
SAKHTISUG, EQ, 30-Apr-2026,18.44,18.74,20.2,18.29,19.55,19.6,19.23,699831,134.59,3706,322142.0, 46.03,2026-04-30
SAKSOFT, EQ, 30-Apr-2026,141.91,140.0,142.0,137.41,141.0,140.15,139.6,126054,175.98,2781,65553.0, 52.00,2026-04-30
SAKUMA, BE, 30-Apr-2026,1.95,1.98,1.99,1.89,1.93,1.91,1.92,1221073,23.45,981,, -,2026-04-30
SALASAR, EQ, 30-Apr-2026,7.58,7.59,7.6,7.35,7.38,7.45,7.44,3229344,240.35,3527,1239624.0, 38.39,2026-04-30
SALONA, EQ, 30-Apr-2026,277.95,272.0,277.0,261.75,261.75,263.05,268.07,349,0.94,39,198.0, 56.73,2026-04-30
SALSTEEL, EQ, 30-Apr-2026,58.9,58.0,58.99,57.31,58.96,58.92,58.38,160427,93.66,836,122014.0, 76.06,2026-04-30
SALZERELEC, EQ, 30-Apr-2026,640.65,635.0,658.95,625.0,651.0,653.05,640.39,64969,416.06,3061,25154.0, 38.72,2026-04-30
SAMBHAAV, BE, 30-Apr-2026,6.63,6.63,6.96,6.63,6.89,6.89,6.82,21600,1.47,59,, -,2026-04-30
SAMBHV, EQ, 30-Apr-2026,120.63,121.24,121.24,118.01,118.7,118.71,118.99,721649,858.67,5981,399899.0, 55.41,2026-04-30
SAMHI, EQ, 30-Apr-2026,159.68,159.5,159.5,153.7,156.0,156.27,155.37,776099,1205.81,10730,328233.0, 42.29,2026-04-30
SAMMAANCAP, EQ, 30-Apr-2026,141.09,140.49,146.02,138.75,145.38,144.61,143.08,34222093,48964.2,79062,11499381.0, 33.60,2026-04-30
SAMPANN, EQ, 30-Apr-2026,26.86,27.39,28.34,26.4,27.5,27.51,27.27,55769,15.21,490,29113.0, 52.20,2026-04-30
SANATHAN, EQ, 30-Apr-2026,451.8,450.0,459.1,439.0,450.0,448.85,447.87,11511,51.55,752,7756.0, 67.38,2026-04-30
SANCO, BZ, 30-Apr-2026,2.61,2.74,2.74,2.48,2.74,2.73,2.71,15946,0.43,35,, -,2026-04-30
SANDESH, EQ, 30-Apr-2026,1074.15,1086.0,1124.0,1072.0,1120.0,1099.65,1095.32,1656,18.14,181,1263.0, 76.27,2026-04-30
SANDHAR, EQ, 30-Apr-2026,495.85,490.5,502.5,487.5,499.0,494.05,491.7,43508,213.93,2232,21762.0, 50.02,2026-04-30
SANDUMA, EQ, 30-Apr-2026,214.59,213.5,215.01,207.75,210.27,210.61,210.37,1348618,2837.12,16679,589836.0, 43.74,2026-04-30
SANGAMIND, EQ, 30-Apr-2026,520.25,512.45,526.7,512.45,516.0,517.8,519.85,21962,114.17,1203,9240.0, 42.07,2026-04-30
SANGHVIMOV, EQ, 30-Apr-2026,313.06,310.99,321.79,308.71,319.95,319.9,317.3,313945,996.14,9522,175319.0, 55.84,2026-04-30
SANGINITA, BE, 30-Apr-2026,20.64,20.23,20.23,20.23,20.23,20.23,20.23,118059,23.88,35,, -,2026-04-30
SANOFI, EQ, 30-Apr-2026,3434.9,3430.0,3451.2,3401.0,3405.0,3407.2,3419.21,23851,815.52,4228,12973.0, 54.39,2026-04-30
SANOFICONR, EQ, 30-Apr-2026,4788.4,4800.0,4846.5,4760.0,4760.0,4763.9,4782.82,3844,183.85,1076,1426.0, 37.10,2026-04-30
SANSERA, EQ, 30-Apr-2026,2556.7,2546.0,2573.7,2475.4,2527.0,2513.6,2518.81,201049,5064.04,23428,97873.0, 48.68,2026-04-30
SANSTAR, EQ, 30-Apr-2026,86.31,86.32,90.6,85.65,90.0,90.09,89.71,282127,253.09,1942,148755.0, 52.73,2026-04-30
SAPPHIRE, EQ, 30-Apr-2026,207.42,205.15,212.7,195.0,204.89,205.61,201.1,9537558,19180.05,89541,943036.0, 9.89,2026-04-30
SAPPL, EQ, 30-Apr-2026,306.9,293.15,317.85,293.15,305.0,306.3,305.84,592,1.81,33,513.0, 86.66,2026-04-30
SARDAEN, EQ, 30-Apr-2026,593.25,593.25,596.7,583.15,591.0,591.55,590.13,392625,2317.02,14462,158123.0, 40.27,2026-04-30
SAREGAMA, EQ, 30-Apr-2026,349.5,349.5,349.5,340.5,342.7,343.85,344.21,196037,674.78,7801,91030.0, 46.44,2026-04-30
SARLAPOLY, EQ, 30-Apr-2026,90.11,89.17,91.8,88.5,90.5,90.61,90.23,83757,75.57,862,55826.0, 66.65,2026-04-30
SARTELE, SM, 30-Apr-2026,152.0,151.0,152.35,146.0,150.0,150.45,148.56,44500,66.11,81,25000.0, 56.18,2026-04-30
SARVESHWAR, BE, 30-Apr-2026,4.05,4.05,4.05,3.96,4.01,3.99,3.99,787226,31.42,1329,, -,2026-04-30
SASKEN, EQ, 30-Apr-2026,1302.3,1314.0,1349.5,1291.0,1316.0,1309.4,1315.61,20975,275.95,1634,6571.0, 31.33,2026-04-30
SATECH, ST, 30-Apr-2026,47.95,48.15,48.15,46.0,48.15,48.15,47.59,6000,2.86,6,6000.0, 100.00,2026-04-30
SATIA, EQ, 30-Apr-2026,68.21,69.06,69.06,66.43,67.6,67.97,67.31,64167,43.19,1609,29591.0, 46.12,2026-04-30
SATIN, EQ, 30-Apr-2026,181.45,181.05,181.4,174.72,175.5,176.16,177.79,304402,541.19,3929,133645.0, 43.90,2026-04-30
SATIPOLY, SM, 30-Apr-2026,34.5,33.0,33.5,33.0,33.5,33.5,33.14,7000,2.32,7,5000.0, 71.43,2026-04-30
SATKARTAR, ST, 30-Apr-2026,200.1,195.1,198.85,190.9,195.85,195.85,194.21,6400,12.43,7,6400.0, 100.00,2026-04-30
SATTVAENGG, SM, 30-Apr-2026,72.5,72.2,72.25,71.0,71.0,71.0,71.76,19200,13.78,12,16000.0, 83.33,2026-04-30
SAURASHCEM, EQ, 30-Apr-2026,61.0,61.0,61.0,59.6,60.85,60.79,60.29,49723,29.98,679,25947.0, 52.18,2026-04-30
SAVY, SM, 30-Apr-2026,134.25,137.75,137.75,133.1,133.3,133.2,134.38,6000,8.06,5,6000.0, 100.00,2026-04-30
SAWALIYA, SM, 30-Apr-2026,281.55,290.0,291.0,265.05,275.0,274.2,280.46,55200,154.82,51,25200.0, 45.65,2026-04-30
SAYAJIHOTL, EQ, 30-Apr-2026,283.0,277.05,277.05,277.0,277.0,277.0,277.0,73,0.2,9,69.0, 94.52,2026-04-30
SBC, EQ, 30-Apr-2026,33.57,33.35,33.95,33.35,33.74,33.74,33.61,11190462,3761.34,3780,4037012.0, 36.08,2026-04-30
SBCL, EQ, 30-Apr-2026,602.4,595.0,607.9,580.0,588.15,595.5,593.98,212197,1260.41,7277,87227.0, 41.11,2026-04-30
SBFC, EQ, 30-Apr-2026,94.0,94.0,94.0,90.13,92.16,92.31,91.9,1088436,1000.23,13400,412713.0, 37.92,2026-04-30
SBGLP, EQ, 30-Apr-2026,27.06,28.84,28.84,25.55,27.12,26.78,27.43,35091,9.63,447,10107.0, 28.80,2026-04-30
SBIBPB, EQ, 30-Apr-2026,49.69,49.93,50.17,48.36,49.0,48.9,48.77,189087,92.21,1269,118056.0, 62.43,2026-04-30
SBICARD, EQ, 30-Apr-2026,651.2,650.0,650.0,632.15,645.0,643.9,640.89,1977335,12672.59,50733,935274.0, 47.30,2026-04-30
SBIETFCON, EQ, 30-Apr-2026,118.82,119.98,119.98,116.4,117.79,117.26,117.08,5618,6.58,123,3198.0, 56.92,2026-04-30
SBIETFIT, EQ, 30-Apr-2026,323.03,331.1,331.1,320.2,324.2,324.5,323.69,9206,29.8,341,5884.0, 63.91,2026-04-30
SBIETFPB, EQ, 30-Apr-2026,269.55,276.28,276.28,265.15,270.0,268.17,266.68,5180,13.81,137,4077.0, 78.71,2026-04-30
SBIETFQLTY, EQ, 30-Apr-2026,219.3,219.3,220.1,214.63,216.0,216.36,218.04,2028,4.42,502,1268.0, 62.52,2026-04-30
SBILIFE, EQ, 30-Apr-2026,1816.2,1814.9,1826.0,1785.2,1820.0,1819.0,1809.56,1082053,19580.36,42943,691720.0, 63.93,2026-04-30
SBILIQETF, EQ, 30-Apr-2026,1036.66,1037.23,1037.23,1037.21,1037.21,1037.21,1037.21,415755,4312.26,152,390218.0, 93.86,2026-04-30
SBIMIDMOM, EQ, 30-Apr-2026,62.34,62.65,63.34,60.58,63.0,61.33,61.44,36076,22.17,224,31128.0, 86.28,2026-04-30
SBIN, EQ, 30-Apr-2026,1086.9,1075.0,1077.7,1063.0,1071.95,1068.45,1069.56,14269539,152621.34,229719,6670067.0, 46.74,2026-04-30
SBINEQWETF, EQ, 30-Apr-2026,32.8,32.33,32.99,31.98,32.99,32.69,32.15,507560,163.2,377,420389.0, 82.83,2026-04-30
SBINMID150, EQ, 30-Apr-2026,22.25,22.67,22.67,21.85,22.25,22.09,22.05,48628,10.72,356,42701.0, 87.81,2026-04-30
SBISILVER, EQ, 30-Apr-2026,229.47,235.2,235.2,227.74,233.0,232.87,231.09,1041793,2407.53,7028,265179.0, 25.45,2026-04-30
SCANSTL, EQ, 30-Apr-2026,36.25,38.5,38.5,35.0,35.95,35.7,35.56,24795,8.82,274,13945.0, 56.24,2026-04-30
SCHAEFFLER, EQ, 30-Apr-2026,4326.8,4188.1,4233.6,4035.4,4135.0,4124.8,4125.96,286808,11833.58,42942,133612.0, 46.59,2026-04-30
SCHAND, EQ, 30-Apr-2026,160.38,160.03,162.39,158.21,161.88,161.14,160.28,10560,16.93,242,5261.0, 49.82,2026-04-30
SCHNEIDER, BE, 30-Apr-2026,1191.25,1179.9,1249.8,1155.5,1244.8,1243.7,1225.28,251527,3081.92,7393,, -,2026-04-30
SCI, EQ, 30-Apr-2026,308.13,307.0,311.0,297.1,305.0,304.48,303.89,7930479,24100.31,72053,1799844.0, 22.70,2026-04-30
SCILAL, EQ, 30-Apr-2026,44.77,44.77,44.98,44.0,44.35,44.47,44.54,215759,96.11,1727,79754.0, 36.96,2026-04-30
SCML, SM, 30-Apr-2026,139.0,135.55,139.95,135.5,137.5,137.5,136.86,10000,13.69,9,6000.0, 60.00,2026-04-30
SCODATUBES, EQ, 30-Apr-2026,149.27,149.27,149.27,144.41,148.11,147.94,146.64,157249,230.59,1998,69911.0, 44.46,2026-04-30
SCPL, BE, 30-Apr-2026,368.75,375.0,387.0,358.1,381.0,383.0,379.31,18925,71.78,302,, -,2026-04-30
SDBL, EQ, 30-Apr-2026,88.83,88.95,89.5,85.75,87.37,87.15,86.8,762041,661.49,5905,392115.0, 51.46,2026-04-30
SDREAMS, SM, 30-Apr-2026,95.4,99.0,100.0,99.0,99.0,99.5,99.08,13000,12.88,12,12000.0, 92.31,2026-04-30
SEAMECLTD, EQ, 30-Apr-2026,1571.9,1584.0,1608.0,1482.2,1594.9,1592.3,1583.95,73850,1169.75,6504,37420.0, 50.67,2026-04-30
SECMARK, BE, 30-Apr-2026,122.44,125.0,128.56,124.0,128.56,128.56,128.42,3775,4.85,38,, -,2026-04-30
SECURKLOUD, BE, 30-Apr-2026,22.99,22.98,23.64,22.22,23.37,22.84,22.85,10339,2.36,94,, -,2026-04-30
SEDEMAC, EQ, 30-Apr-2026,1819.0,1837.9,1871.0,1800.0,1852.0,1841.0,1844.21,103144,1902.19,10321,41562.0, 40.30,2026-04-30
SEIL, EQ, 30-Apr-2026,196.35,196.4,196.4,190.15,192.0,191.75,193.61,81028,156.88,836,44798.0, 55.29,2026-04-30
SEJALLTD, BE, 30-Apr-2026,884.65,860.05,867.0,840.45,844.0,843.35,848.34,25005,212.13,570,, -,2026-04-30
SEL, ST, 30-Apr-2026,178.5,180.0,187.4,180.0,187.4,186.95,186.46,2800,5.22,5,2800.0, 100.00,2026-04-30
SELECTIPO, EQ, 30-Apr-2026,43.76,43.76,44.09,42.86,43.36,43.34,43.03,18525,7.97,134,12041.0, 65.00,2026-04-30
SELMC, EQ, 30-Apr-2026,32.04,32.01,32.87,31.29,32.5,32.4,32.3,3587,1.16,102,1909.0, 53.22,2026-04-30
SEMAC, EQ, 30-Apr-2026,292.74,286.01,289.39,281.0,288.4,284.32,283.25,520,1.47,46,396.0, 76.15,2026-04-30
SENCO, EQ, 30-Apr-2026,316.85,316.85,317.25,309.55,313.4,313.1,313.11,420274,1315.93,12038,198589.0, 47.25,2026-04-30
SENORES, EQ, 30-Apr-2026,903.5,907.85,918.0,893.2,897.0,899.2,905.18,149748,1355.49,9777,71772.0, 47.93,2026-04-30
SENSEXADD, EQ, 30-Apr-2026,79.48,79.48,80.25,78.01,79.07,79.03,78.83,6179,4.87,62,5857.0, 94.79,2026-04-30
SENSEXBETA, EQ, 30-Apr-2026,852.95,874.27,874.27,839.21,844.4,845.26,844.2,3942,33.28,218,2450.0, 62.15,2026-04-30
SENSEXETF, EQ, 30-Apr-2026,79.48,79.34,79.35,78.3,79.16,78.98,78.62,49308,38.77,472,30134.0, 61.11,2026-04-30
SENSEXIETF, EQ, 30-Apr-2026,886.8,885.0,886.22,873.0,879.2,880.04,877.19,19301,169.31,905,12046.0, 62.41,2026-04-30
SEPC, EQ, 30-Apr-2026,8.38,8.37,8.37,7.9,8.1,8.11,8.08,22426257,1811.19,12418,7591658.0, 33.85,2026-04-30
SERVOTECH, EQ, 30-Apr-2026,97.17,97.8,97.8,93.5,95.0,94.93,95.14,1534279,1459.77,13942,594578.0, 38.75,2026-04-30
SESHAPAPER, EQ, 30-Apr-2026,267.66,273.0,273.0,267.66,268.0,268.09,268.4,14766,39.63,515,12749.0, 86.34,2026-04-30
SETCO, BE, 30-Apr-2026,26.91,27.9,27.9,26.61,27.69,27.4,27.27,190595,51.97,545,, -,2026-04-30
SETF10GILT, EQ, 30-Apr-2026,258.33,259.18,259.19,256.26,257.9,257.42,256.89,9859,25.33,121,6948.0, 70.47,2026-04-30
SETFGOLD, EQ, 30-Apr-2026,125.39,126.48,127.6,125.42,127.34,127.44,126.57,9952258,12596.1,15514,6857297.0, 68.90,2026-04-30
SETFNIF50, EQ, 30-Apr-2026,258.09,256.01,257.61,254.9,257.6,257.1,255.79,992054,2537.59,7948,719146.0, 72.49,2026-04-30
SETFNIFBK, EQ, 30-Apr-2026,566.65,580.81,580.81,556.38,563.6,561.89,558.68,74724,417.47,1132,29554.0, 39.55,2026-04-30
SETFNN50, EQ, 30-Apr-2026,753.11,753.1,753.59,739.21,748.9,751.67,745.38,41831,311.8,1565,22036.0, 52.68,2026-04-30
SETL, EQ, 30-Apr-2026,141.89,141.88,141.88,136.98,139.7,139.93,139.26,88596,123.38,1164,34510.0, 38.95,2026-04-30
SEYAIND, BE, 30-Apr-2026,13.62,13.89,13.89,13.89,13.89,13.89,13.89,360,0.05,3,, -,2026-04-30
SFL, EQ, 30-Apr-2026,517.7,517.7,517.7,505.2,512.0,509.05,510.17,54758,279.36,7449,28636.0, 52.30,2026-04-30
SGBAPR28I, GB, 30-Apr-2026,14875.3,14801.0,14900.0,14800.0,14900.0,14880.8,14845.39,225,33.4,69,121.0, 53.78,2026-04-30
SGBAUG27, GB, 30-Apr-2026,14811.0,14811.0,15200.0,14811.0,15200.0,15200.0,15007.89,9,1.35,6,8.0, 88.89,2026-04-30
SGBAUG28V, GB, 30-Apr-2026,14771.91,14772.0,14850.01,14722.0,14803.0,14833.54,14798.35,766,113.36,119,607.0, 79.24,2026-04-30
SGBAUG29V, GB, 30-Apr-2026,14816.92,14700.0,15169.9,14700.0,14850.0,14857.89,14841.41,79,11.72,32,45.0, 56.96,2026-04-30
SGBAUG30, GB, 30-Apr-2026,15098.04,14947.0,15374.99,14947.0,15190.3,15190.3,15140.65,101,15.29,39,65.0, 64.36,2026-04-30
SGBD29VIII, GB, 30-Apr-2026,14870.52,14750.0,14989.0,14750.0,14989.0,14989.0,14797.79,175,25.9,43,112.0, 64.00,2026-04-30
SGBDC27VII, GB, 30-Apr-2026,14706.01,14742.78,14850.0,14742.78,14850.0,14850.0,14839.0,32,4.75,6,29.0, 90.63,2026-04-30
SGBDE30III, GB, 30-Apr-2026,15152.53,15299.0,15455.58,15052.53,15201.0,15201.0,15213.58,117,17.8,39,81.0, 69.23,2026-04-30
SGBDE31III, GB, 30-Apr-2026,15389.56,15203.2,15574.99,15203.2,15481.0,15479.66,15406.92,1334,205.53,318,698.0, 52.32,2026-04-30
SGBDEC26, GB, 30-Apr-2026,14726.01,14726.01,14879.0,14652.38,14725.0,14859.75,14824.67,49,7.26,9,37.0, 75.51,2026-04-30
SGBFEB27, GB, 30-Apr-2026,14779.82,14746.8,14835.0,14516.0,14835.0,14835.0,14732.18,13,1.92,8,7.0, 53.85,2026-04-30
SGBFEB28IX, GB, 30-Apr-2026,14904.01,14580.11,14843.0,14580.11,14799.0,14806.33,14704.79,46,6.76,8,24.0, 52.17,2026-04-30
SGBFEB29XI, GB, 30-Apr-2026,14760.34,14775.0,14830.0,14705.02,14820.0,14805.67,14801.41,226,33.45,58,206.0, 91.15,2026-04-30
SGBFEB32IV, GB, 30-Apr-2026,15858.1,15949.99,16198.0,15735.92,15948.9,15932.54,15861.44,1195,189.54,287,651.0, 54.48,2026-04-30
SGBJ28VIII, GB, 30-Apr-2026,14755.0,14755.0,14800.0,14755.0,14800.0,14800.0,14797.94,34,5.03,9,34.0, 100.00,2026-04-30
SGBJAN27, GB, 30-Apr-2026,14747.78,14750.0,14750.0,14750.0,14750.0,14750.0,14750.0,5,0.74,1,5.0, 100.00,2026-04-30
SGBJAN29IX, GB, 30-Apr-2026,14730.0,14730.01,14869.99,14730.01,14850.0,14825.36,14805.81,145,21.47,41,88.0, 60.69,2026-04-30
SGBJAN29X, GB, 30-Apr-2026,14753.0,14715.01,14847.5,14715.01,14825.0,14802.09,14778.99,437,64.58,59,338.0, 77.35,2026-04-30
SGBJAN30IX, GB, 30-Apr-2026,14883.25,14715.02,15000.0,14715.02,15000.0,15000.0,14958.17,93,13.91,29,72.0, 77.42,2026-04-30
SGBJU29III, GB, 30-Apr-2026,14806.0,14800.0,14853.0,14772.0,14853.0,14853.0,14831.65,174,25.81,18,106.0, 60.92,2026-04-30
SGBJUL27, GB, 30-Apr-2026,14739.82,14859.99,14859.99,14750.01,14750.01,14750.01,14771.16,26,3.84,6,26.0, 100.00,2026-04-30
SGBJUL28IV, GB, 30-Apr-2026,14750.25,14616.0,14860.0,14600.0,14811.0,14815.81,14763.96,191,28.2,62,106.0, 55.50,2026-04-30
SGBJUL29IV, GB, 30-Apr-2026,14759.8,14859.0,14859.0,14816.0,14850.0,14841.5,14837.12,75,11.13,16,73.0, 97.33,2026-04-30
SGBJUN27, GB, 30-Apr-2026,14831.0,14830.0,14830.0,14830.0,14830.0,14830.0,14830.0,27,4.0,2,27.0, 100.00,2026-04-30
SGBJUN28, GB, 30-Apr-2026,14765.81,14650.01,14869.99,14650.01,14840.0,14841.15,14826.2,126,18.68,25,123.0, 97.62,2026-04-30
SGBJUN29II, GB, 30-Apr-2026,14756.54,14800.0,14899.0,14755.0,14899.0,14899.0,14801.33,48,7.1,11,33.0, 68.75,2026-04-30
SGBJUN30, GB, 30-Apr-2026,15019.59,15010.0,15100.0,14852.02,15049.39,15035.03,14998.45,149,22.35,60,108.0, 72.48,2026-04-30
SGBJUN31I, GB, 30-Apr-2026,15205.22,15105.22,15399.99,15105.22,15350.0,15354.37,15279.02,343,52.41,115,253.0, 73.76,2026-04-30
SGBMAR28X, GB, 30-Apr-2026,14775.0,14786.88,14849.99,14786.0,14849.99,14798.86,14796.98,142,21.01,24,106.0, 74.65,2026-04-30
SGBMAR30X, GB, 30-Apr-2026,14892.24,14999.0,15040.0,14844.0,15040.0,15040.0,14975.7,39,5.84,14,37.0, 94.87,2026-04-30
SGBMAR31IV, GB, 30-Apr-2026,15183.42,15150.0,15299.0,15080.04,15280.0,15251.3,15192.86,398,60.47,62,319.0, 80.15,2026-04-30
SGBMAY28, GB, 30-Apr-2026,14770.0,14770.1,14900.0,14750.0,14899.98,14898.2,14813.97,882,130.66,50,549.0, 62.24,2026-04-30
SGBMAY29I, GB, 30-Apr-2026,14800.33,14700.0,14889.99,14700.0,14880.0,14875.11,14834.25,195,28.93,61,124.0, 63.59,2026-04-30
SGBMR29XII, GB, 30-Apr-2026,14760.83,14760.0,14839.99,14730.01,14817.99,14817.99,14793.09,129,19.08,53,87.0, 67.44,2026-04-30
SGBN28VIII, GB, 30-Apr-2026,14795.67,14795.67,14911.35,14788.31,14911.35,14911.35,14864.12,132,19.62,35,82.0, 62.12,2026-04-30
SGBNOV26, GB, 30-Apr-2026,14811.45,14800.0,14925.0,14700.01,14925.0,14925.0,14872.75,80,11.9,10,75.0, 93.75,2026-04-30
SGBNV29VII, GB, 30-Apr-2026,14823.31,14705.01,14900.0,14705.01,14853.0,14864.4,14804.11,188,27.83,67,142.0, 75.53,2026-04-30
SGBOC28VII, GB, 30-Apr-2026,14747.18,14750.0,14849.5,14711.0,14800.0,14796.82,14765.66,83,12.26,27,63.0, 75.90,2026-04-30
SGBOCT27, GB, 30-Apr-2026,14755.02,14755.02,14760.0,14755.02,14760.0,14760.0,14757.01,5,0.74,3,5.0, 100.00,2026-04-30
SGBOCT27VI, GB, 30-Apr-2026,14751.0,14800.0,14800.0,14751.01,14751.01,14775.5,14775.51,2,0.3,2,2.0, 100.00,2026-04-30
SGBSEP27, GB, 30-Apr-2026,14780.0,14800.0,14840.0,14715.0,14715.0,14725.41,14781.97,33,4.88,9,33.0, 100.00,2026-04-30
SGBSEP28VI, GB, 30-Apr-2026,14754.25,14801.0,14847.5,14754.25,14802.0,14797.43,14795.19,213,31.51,49,179.0, 84.04,2026-04-30
SGBSEP29VI, GB, 30-Apr-2026,14812.24,14660.01,14950.0,14660.01,14865.01,14873.66,14845.21,88,13.06,34,58.0, 65.91,2026-04-30
SGBSEP31II, GB, 30-Apr-2026,15340.52,15340.52,15489.99,15222.0,15381.01,15400.61,15355.85,1337,205.31,216,900.0, 67.31,2026-04-30
SGFIN, EQ, 30-Apr-2026,565.75,568.0,574.0,553.5,568.0,567.8,565.35,263745,1491.08,9020,112060.0, 42.49,2026-04-30
SGIL, EQ, 30-Apr-2026,541.4,539.9,562.9,539.9,550.0,550.8,551.74,18474,101.93,749,6975.0, 37.76,2026-04-30
SGL, EQ, 30-Apr-2026,12.05,12.05,12.29,11.77,12.05,11.92,11.92,1069,0.13,46,1003.0, 93.83,2026-04-30
SGMART, EQ, 30-Apr-2026,555.45,560.0,583.5,551.35,570.0,571.0,566.62,731399,4144.28,15297,453369.0, 61.99,2026-04-30
SHADOWFAX, EQ, 30-Apr-2026,166.04,164.99,171.09,161.0,166.0,165.78,165.63,2803041,4642.55,42732,1301866.0, 46.44,2026-04-30
SHAH, EQ, 30-Apr-2026,5.46,5.46,5.5,5.25,5.46,5.46,5.35,2152181,115.21,1118,1560779.0, 72.52,2026-04-30
SHAHALLOYS, EQ, 30-Apr-2026,68.88,69.0,69.9,67.75,69.89,69.56,68.88,5301,3.65,136,4296.0, 81.04,2026-04-30
SHAILY, EQ, 30-Apr-2026,2527.6,2490.0,2585.0,2479.0,2535.0,2532.6,2536.7,396458,10056.95,29556,144330.0, 36.40,2026-04-30
SHAKTIPUMP, EQ, 30-Apr-2026,561.05,559.8,568.0,541.0,566.9,564.3,555.03,1796761,9972.49,56198,491317.0, 27.34,2026-04-30
SHALBY, EQ, 30-Apr-2026,161.26,163.5,164.17,159.5,164.17,160.66,161.03,74949,120.69,1168,41699.0, 55.64,2026-04-30
SHALPAINTS, EQ, 30-Apr-2026,52.3,52.5,52.5,50.7,51.55,51.12,51.3,27722,14.22,344,13895.0, 50.12,2026-04-30
SHANKARA, BE, 30-Apr-2026,122.93,121.08,123.9,120.0,121.99,121.56,121.25,16174,19.61,243,, -,2026-04-30
SHANTI, EQ, 30-Apr-2026,7.07,7.3,7.3,6.91,7.09,7.08,7.05,9050,0.64,101,6751.0, 74.60,2026-04-30
SHANTIGEAR, EQ, 30-Apr-2026,477.0,469.85,482.0,469.55,482.0,480.85,478.35,9109,43.57,605,5521.0, 60.61,2026-04-30
SHANTIGOLD, EQ, 30-Apr-2026,204.53,205.56,205.56,199.22,200.0,200.8,201.59,146631,295.6,1806,73907.0, 50.40,2026-04-30
SHARDACROP, EQ, 30-Apr-2026,1150.6,1150.6,1150.65,1067.1,1073.0,1072.75,1094.1,355968,3894.65,20324,201692.0, 56.66,2026-04-30
SHARDAMOTR, EQ, 30-Apr-2026,867.6,867.6,870.0,845.15,860.0,863.75,859.57,21532,185.08,2405,9416.0, 43.73,2026-04-30
SHARDUL, EQ, 30-Apr-2026,28.3,28.3,30.6,27.0,28.55,27.9,28.6,390,0.11,31,364.0, 93.33,2026-04-30
SHAREINDIA, EQ, 30-Apr-2026,140.2,138.8,139.88,136.2,136.5,137.45,137.68,532150,732.67,3455,259143.0, 48.70,2026-04-30
SHARIABEES, EQ, 30-Apr-2026,468.57,469.0,470.0,462.35,470.0,465.29,465.66,6019,28.03,467,3593.0, 59.69,2026-04-30
SHBAJRG, EQ, 30-Apr-2026,174.75,168.5,174.4,162.0,172.25,170.5,167.69,464,0.78,26,436.0, 93.97,2026-04-30
SHEETAL, SM, 30-Apr-2026,254.5,254.5,254.5,254.0,254.2,254.2,254.18,10000,25.42,14,5500.0, 55.00,2026-04-30
SHEKHAWATI, BE, 30-Apr-2026,17.16,16.42,17.4,16.42,16.58,16.8,16.89,9010,1.52,88,, -,2026-04-30
SHEMAROO, EQ, 30-Apr-2026,101.5,101.97,101.97,98.54,99.98,99.98,99.63,1595,1.59,53,998.0, 62.57,2026-04-30
SHERA, SM, 30-Apr-2026,141.7,140.0,145.0,140.0,145.0,145.0,141.83,9000,12.76,9,7000.0, 77.78,2026-04-30
SHETHJI, SM, 30-Apr-2026,124.5,125.6,125.6,122.65,124.0,123.05,123.18,45000,55.43,28,41000.0, 91.11,2026-04-30
SHIGAN, ST, 30-Apr-2026,73.0,76.35,76.65,76.35,76.5,76.5,76.51,15000,11.48,8,15000.0, 100.00,2026-04-30
SHILCTECH, EQ, 30-Apr-2026,5057.9,5074.9,5200.0,4952.0,5172.3,5160.6,5110.31,33496,1711.75,9903,12209.0, 36.45,2026-04-30
SHILPAMED, EQ, 30-Apr-2026,404.05,404.05,414.95,400.9,409.95,406.65,409.3,336460,1377.14,14483,132658.0, 39.43,2026-04-30
SHINDL, EQ, 30-Apr-2026,146.65,147.0,150.0,145.6,148.25,148.45,147.36,135920,200.29,479,6523.0, 4.80,2026-04-30
SHIVALIK, EQ, 30-Apr-2026,263.57,267.0,271.47,257.3,260.69,260.08,262.59,41164,108.09,1069,25270.0, 61.39,2026-04-30
SHIVAMAUTO, BE, 30-Apr-2026,19.1,19.0,20.05,18.3,19.05,19.17,19.24,23317,4.49,112,, -,2026-04-30
SHIVAMILLS, EQ, 30-Apr-2026,61.41,60.42,61.0,58.62,60.25,60.25,60.05,2097,1.26,68,1533.0, 73.10,2026-04-30
SHIVASHRIT, SM, 30-Apr-2026,121.0,115.35,121.5,115.35,121.5,121.05,119.23,6000,7.15,6,4000.0, 66.67,2026-04-30
SHIVATEX, EQ, 30-Apr-2026,172.78,176.9,176.9,171.0,173.51,173.51,172.59,5792,10.0,137,3718.0, 64.19,2026-04-30
SHIVAUM, BE, 30-Apr-2026,342.2,325.1,355.0,325.1,355.0,355.0,327.79,71,0.23,8,, -,2026-04-30
SHK, EQ, 30-Apr-2026,145.82,145.82,148.48,143.56,145.45,146.12,145.44,98479,143.23,2029,38824.0, 39.42,2026-04-30
SHOPERSTOP, EQ, 30-Apr-2026,294.45,294.75,300.3,290.45,295.5,296.9,296.5,49715,147.41,1954,15864.0, 31.91,2026-04-30
SHRADHA, EQ, 30-Apr-2026,38.37,39.69,39.69,35.3,36.79,36.07,36.83,20102,7.4,198,16093.0, 80.06,2026-04-30
SHREDIGCEM, EQ, 30-Apr-2026,72.23,72.99,73.24,69.7,72.9,72.73,71.3,257233,183.42,2144,86062.0, 33.46,2026-04-30
SHREECEM, EQ, 30-Apr-2026,24555.0,24450.0,24450.0,23800.0,24290.0,24195.0,24095.02,32295,7781.49,13090,13910.0, 43.07,2026-04-30
SHREEJISPG, EQ, 30-Apr-2026,401.15,401.2,407.75,396.3,404.35,405.0,403.51,687394,2773.72,6994,215997.0, 31.42,2026-04-30
SHREEKARNI, SM, 30-Apr-2026,447.0,435.0,444.0,435.0,444.0,444.0,439.14,1050,4.61,5,1050.0, 100.00,2026-04-30
SHREEOSFM, SM, 30-Apr-2026,70.7,73.85,73.85,70.05,70.05,70.05,72.0,6000,4.32,6,4000.0, 66.67,2026-04-30
SHREEPUSHK, EQ, 30-Apr-2026,382.2,382.2,400.95,372.7,393.1,395.0,389.87,121185,472.46,4468,37809.0, 31.20,2026-04-30
SHREERAMA, EQ, 30-Apr-2026,46.32,46.3,47.25,45.27,46.5,46.09,45.84,47074,21.58,731,19865.0, 42.20,2026-04-30
SHREMINVIT, IV, 30-Apr-2026,101.5,101.0,101.0,101.0,101.0,101.0,101.0,500000,505.0,15,500000.0, 100.00,2026-04-30
SHRENIK, BZ, 30-Apr-2026,0.4,0.41,0.41,0.39,0.4,0.4,0.4,242089,0.96,136,, -,2026-04-30
SHREYANIND, EQ, 30-Apr-2026,174.51,174.51,176.13,168.2,170.0,169.77,170.77,12254,20.93,324,9673.0, 78.94,2026-04-30
SHRIAHIMSA, SM, 30-Apr-2026,267.25,271.9,271.9,262.7,268.0,267.9,267.18,21600,57.71,33,16800.0, 77.78,2026-04-30
SHRIKANHA, ST, 30-Apr-2026,29.2,30.65,30.65,28.45,28.6,28.6,30.17,48000,14.48,26,44800.0, 93.33,2026-04-30
SHRIKRISH, EQ, 30-Apr-2026,47.15,49.9,49.9,40.7,43.1,43.15,44.43,8200,3.64,267,6058.0, 73.88,2026-04-30
SHRINGARMS, EQ, 30-Apr-2026,203.97,204.0,204.0,198.56,201.1,201.94,201.41,556934,1121.71,3332,196894.0, 35.35,2026-04-30
SHRIPISTON, EQ, 30-Apr-2026,3446.2,3440.0,3505.0,3379.1,3503.0,3491.1,3459.71,59278,2050.85,11025,27592.0, 46.55,2026-04-30
SHRIRAMFIN, EQ, 30-Apr-2026,956.85,945.2,950.0,921.0,938.5,937.35,932.94,5990764,55890.15,173126,2887432.0, 48.20,2026-04-30
SHRIRAMPPS, EQ, 30-Apr-2026,86.21,86.21,86.87,83.71,85.2,84.5,84.48,299987,253.43,2373,125703.0, 41.90,2026-04-30
SHRITECH, SM, 30-Apr-2026,60.9,60.95,60.95,60.95,60.95,60.95,60.95,2000,1.22,1,2000.0, 100.00,2026-04-30
SHUBHLAXMI, SM, 30-Apr-2026,22.1,22.1,23.1,21.1,23.1,23.05,22.2,8000,1.78,8,7000.0, 87.50,2026-04-30
SHYAMCENT, EQ, 30-Apr-2026,5.73,5.9,5.9,5.7,5.84,5.81,5.81,35104,2.04,238,22302.0, 63.53,2026-04-30
SHYAMDHANI, SM, 30-Apr-2026,71.3,71.3,71.3,71.0,71.0,71.0,71.2,6000,4.27,3,6000.0, 100.00,2026-04-30
SHYAMMETL, EQ, 30-Apr-2026,883.7,878.0,888.3,864.6,870.0,873.75,876.21,604350,5295.37,24414,324104.0, 53.63,2026-04-30
SHYAMTEL, BE, 30-Apr-2026,21.55,22.62,22.62,22.62,22.62,22.62,22.62,5951,1.35,65,, -,2026-04-30
SICAGEN, EQ, 30-Apr-2026,53.65,53.4,54.7,53.2,53.5,53.55,53.53,4126,2.21,54,3573.0, 86.60,2026-04-30
SICALLOG, BE, 30-Apr-2026,66.78,66.78,68.0,63.81,65.4,65.14,65.53,33703,22.08,88,, -,2026-04-30
SIDDHICOTS, ST, 30-Apr-2026,30.05,30.0,30.7,30.0,30.7,30.7,30.45,4800,1.46,4,4800.0, 100.00,2026-04-30
SIDDHIKA, SM, 30-Apr-2026,225.0,223.9,223.9,223.9,223.9,223.9,223.9,500,1.12,1,500.0, 100.00,2026-04-30
SIEMENS, EQ, 30-Apr-2026,3776.8,3790.0,3847.6,3734.5,3825.0,3808.2,3803.02,474246,18035.67,43496,185351.0, 39.08,2026-04-30
SIGACHI, BE, 30-Apr-2026,20.16,20.1,20.35,19.62,20.21,20.2,20.01,670623,134.19,1605,, -,2026-04-30
SIGIND, EQ, 30-Apr-2026,50.53,51.96,51.96,49.7,50.4,50.27,50.16,3946,1.98,107,3015.0, 76.41,2026-04-30
SIGMA, EQ, 30-Apr-2026,45.57,45.53,45.99,42.63,45.47,44.46,44.4,39708,17.63,583,23617.0, 59.48,2026-04-30
SIGMAADV, BE, 30-Apr-2026,273.95,287.64,287.64,275.0,287.64,287.64,286.41,1573591,4506.93,4666,, -,2026-04-30
SIGNATURE, EQ, 30-Apr-2026,863.05,860.0,873.2,850.0,864.9,869.25,863.62,215206,1858.55,8641,30376.0, 14.11,2026-04-30
SIGNPOST, EQ, 30-Apr-2026,261.97,264.53,264.53,254.41,255.0,255.25,258.55,32111,83.02,461,18744.0, 58.37,2026-04-30
SIKA, EQ, 30-Apr-2026,1040.75,1055.7,1058.85,1000.0,1039.9,1025.7,1021.06,13388,136.7,1494,6725.0, 50.23,2026-04-30
SIKKO, EQ, 30-Apr-2026,4.67,4.81,4.81,4.58,4.69,4.65,4.64,440228,20.45,771,251765.0, 57.19,2026-04-30
SIL, EQ, 30-Apr-2026,15.11,15.11,15.48,14.97,15.0,15.03,15.09,9433,1.42,220,7361.0, 78.03,2026-04-30
SILGO, EQ, 30-Apr-2026,76.84,77.7,80.0,76.13,79.27,78.97,78.0,312836,244.02,2219,72801.0, 23.27,2026-04-30
SILINV, EQ, 30-Apr-2026,462.4,462.4,473.9,461.0,471.5,469.45,465.19,1605,7.47,111,1226.0, 76.39,2026-04-30
SILKFLEX, ST, 30-Apr-2026,216.3,227.1,227.1,205.5,227.1,227.1,222.53,151000,336.01,110,113000.0, 74.83,2026-04-30
SILKY, SM, 30-Apr-2026,130.0,132.2,135.0,130.0,135.0,135.0,133.37,9600,12.8,9,8800.0, 91.67,2026-04-30
SILLYMONKS, EQ, 30-Apr-2026,17.04,17.8,17.8,16.45,17.1,17.07,17.03,10609,1.81,79,8401.0, 79.19,2026-04-30
SILVER, EQ, 30-Apr-2026,233.9,234.99,237.5,232.0,237.09,237.04,235.13,1295606,3046.42,11416,380049.0, 29.33,2026-04-30
SILVER1, EQ, 30-Apr-2026,22.73,22.73,23.11,22.53,23.06,23.05,22.88,5051728,1155.83,4342,2093427.0, 41.44,2026-04-30
SILVER360, EQ, 30-Apr-2026,230.61,230.01,234.43,228.89,233.03,233.53,231.23,16921,39.13,671,5348.0, 31.61,2026-04-30
SILVERADD, EQ, 30-Apr-2026,225.94,225.15,229.6,224.15,229.34,229.1,227.59,251458,572.29,3439,102791.0, 40.88,2026-04-30
SILVERAG, EQ, 30-Apr-2026,228.15,227.83,231.86,226.29,231.49,231.46,228.81,169441,387.7,3390,91264.0, 53.86,2026-04-30
SILVERBEES, EQ, 30-Apr-2026,224.2,224.17,227.91,222.11,227.55,227.5,225.74,23789194,53701.02,72567,6722075.0, 28.26,2026-04-30
SILVERBETA, EQ, 30-Apr-2026,226.31,226.3,230.12,224.75,229.04,229.54,227.94,444625,1013.5,5000,158171.0, 35.57,2026-04-30
SILVERBND, EQ, 30-Apr-2026,234.51,234.58,238.46,232.93,236.75,238.13,236.98,21821,51.71,573,12401.0, 56.83,2026-04-30
SILVERCASE, EQ, 30-Apr-2026,23.79,23.66,24.15,23.6,24.11,24.1,23.93,14324822,3427.94,7795,3084291.0, 21.53,2026-04-30
SILVERIETF, EQ, 30-Apr-2026,233.83,239.67,239.68,232.02,237.1,237.09,235.42,3875123,9122.98,24506,1806493.0, 46.62,2026-04-30
SILVERTUC, EQ, 30-Apr-2026,161.21,164.7,168.0,157.0,164.9,163.42,162.69,929998,1513.02,7683,344670.0, 37.06,2026-04-30
SIMPLEXINF, EQ, 30-Apr-2026,242.62,244.6,249.9,226.59,238.01,245.06,238.34,160691,382.99,2151,85709.0, 53.34,2026-04-30
SINCLAIR, EQ, 30-Apr-2026,79.64,81.48,81.8,79.1,79.15,79.48,79.81,14113,11.26,504,5686.0, 40.29,2026-04-30
SINDHUTRAD, EQ, 30-Apr-2026,23.25,23.1,23.79,23.01,23.48,23.43,23.48,2164138,508.24,1932,1216541.0, 56.21,2026-04-30
SINGERIND, EQ, 30-Apr-2026,72.29,73.0,73.8,71.26,72.03,73.24,72.51,18625,13.5,305,11782.0, 63.26,2026-04-30
SINTERCOM, EQ, 30-Apr-2026,72.52,73.9,75.8,71.58,72.1,72.96,73.34,5688,4.17,216,2210.0, 38.85,2026-04-30
SIRCA, EQ, 30-Apr-2026,427.85,429.85,430.0,419.6,423.0,423.75,423.99,221972,941.14,4995,24370.0, 10.98,2026-04-30
SIS, EQ, 30-Apr-2026,366.85,361.35,369.0,352.0,352.0,355.45,361.72,63012,227.93,3693,34649.0, 54.99,2026-04-30
SITINET, BZ, 30-Apr-2026,0.36,0.37,0.37,0.35,0.37,0.36,0.36,349860,1.27,204,, -,2026-04-30
SIYSIL, EQ, 30-Apr-2026,578.05,573.0,574.8,564.1,572.9,569.05,570.01,32530,185.42,1437,14214.0, 43.70,2026-04-30
SJLOGISTIC, SM, 30-Apr-2026,335.0,330.0,330.0,313.0,317.0,315.25,319.25,50250,160.42,143,43000.0, 85.57,2026-04-30
SJS, EQ, 30-Apr-2026,1733.0,1708.0,1815.0,1706.2,1814.4,1808.8,1777.85,226743,4031.16,22818,101393.0, 44.72,2026-04-30
SJVN, EQ, 30-Apr-2026,80.6,80.5,80.85,78.58,79.06,78.98,79.24,5294246,4195.1,26137,2469694.0, 46.65,2026-04-30
SKFINDIA, EQ, 30-Apr-2026,1752.0,1743.1,1743.1,1706.6,1717.0,1715.0,1723.03,9594,165.31,1702,5493.0, 57.25,2026-04-30
SKFINDUS, EQ, 30-Apr-2026,2230.4,2201.2,2232.9,2185.0,2205.0,2196.4,2203.88,10752,236.96,2597,6000.0, 55.80,2026-04-30
SKIPPER, EQ, 30-Apr-2026,485.7,483.0,485.05,469.05,476.1,478.45,476.45,639909,3048.86,21549,222979.0, 34.85,2026-04-30
SKMEGGPROD, EQ, 30-Apr-2026,161.59,161.59,166.5,160.1,164.64,164.89,162.86,66702,108.63,1119,26502.0, 39.73,2026-04-30
SKP, SM, 30-Apr-2026,147.0,146.85,150.0,146.85,149.5,149.5,149.12,23000,34.3,37,21500.0, 93.48,2026-04-30
SKYGOLD, EQ, 30-Apr-2026,458.55,460.0,467.25,451.15,452.1,453.9,458.85,982206,4506.88,18996,345196.0, 35.14,2026-04-30
SLONE, SM, 30-Apr-2026,201.0,205.0,205.0,201.7,201.7,201.7,202.25,2800,5.66,6,800.0, 28.57,2026-04-30
SMALL250, EQ, 30-Apr-2026,16.82,16.91,16.91,16.6,16.77,16.76,16.71,505369,84.45,796,256816.0, 50.82,2026-04-30
SMALLADD, EQ, 30-Apr-2026,16.86,16.95,16.98,16.52,16.73,16.77,16.83,46031,7.75,110,21204.0, 46.06,2026-04-30
SMALLCAP, EQ, 30-Apr-2026,44.39,43.3,44.74,43.3,44.14,44.09,43.99,1766384,777.04,4949,979512.0, 55.45,2026-04-30
SMARTEN, SM, 30-Apr-2026,60.05,54.05,54.05,54.05,54.05,54.05,54.05,36000,19.46,26,36000.0, 100.00,2026-04-30
SMARTLINK, EQ, 30-Apr-2026,136.21,134.25,134.5,131.0,132.0,132.0,131.94,3249,4.29,196,2079.0, 63.99,2026-04-30
SMARTWORKS, EQ, 30-Apr-2026,439.05,437.95,475.0,427.0,430.0,432.5,450.5,1168379,5263.54,29696,172671.0, 14.78,2026-04-30
SMCGLOBAL, EQ, 30-Apr-2026,68.02,67.97,68.25,65.5,67.0,67.65,67.15,325964,218.88,2274,180317.0, 55.32,2026-04-30
SML100CASE, EQ, 30-Apr-2026,10.22,10.4,10.4,10.08,10.33,10.21,10.18,1213056,123.46,2065,702844.0, 57.94,2026-04-30
SMLMAH, EQ, 30-Apr-2026,3782.1,3780.0,3822.1,3700.0,3748.7,3727.6,3749.46,75633,2835.83,7772,36661.0, 48.47,2026-04-30
SMLT, EQ, 30-Apr-2026,71.61,71.62,76.89,70.35,75.1,75.2,74.03,35419,26.22,676,20809.0, 58.75,2026-04-30
SMSPHARMA, EQ, 30-Apr-2026,410.1,414.0,414.45,397.25,406.0,403.7,403.5,204608,825.6,5072,89596.0, 43.79,2026-04-30
SNOWMAN, EQ, 30-Apr-2026,41.29,41.1,41.1,39.83,40.85,40.65,40.33,206248,83.18,1286,101152.0, 49.04,2026-04-30
SNXT30BEES, EQ, 30-Apr-2026,42.13,42.14,42.19,41.16,41.89,41.73,41.49,5609,2.33,165,3906.0, 69.64,2026-04-30
SNXT50BETA, EQ, 30-Apr-2026,91.4,92.57,92.57,89.55,90.0,90.44,90.88,7274,6.61,148,3174.0, 43.63,2026-04-30
SOBHA, EQ, 30-Apr-2026,1449.7,1438.0,1449.7,1409.9,1431.0,1433.4,1431.02,120241,1720.68,8989,40029.0, 33.29,2026-04-30
SOCL, ST, 30-Apr-2026,32.0,30.5,32.65,30.4,31.3,30.7,30.74,16000,4.92,10,16000.0, 100.00,2026-04-30
SOFTTECH, BE, 30-Apr-2026,387.72,403.0,406.4,375.0,405.0,405.38,400.46,22415,89.76,238,, -,2026-04-30
SOLARA, EQ, 30-Apr-2026,490.75,494.35,502.85,485.0,502.0,495.8,494.44,110111,544.43,3753,48851.0, 44.37,2026-04-30
SOLARINDS, EQ, 30-Apr-2026,15377.0,15385.0,15545.0,15161.0,15470.0,15439.0,15363.83,88319,13569.18,16486,28751.0, 32.55,2026-04-30
SOLARWORLD, EQ, 30-Apr-2026,200.53,201.0,201.76,196.0,198.2,197.57,198.43,184130,365.36,3013,67714.0, 36.78,2026-04-30
SOLEX, EQ, 30-Apr-2026,1309.95,1309.95,1316.4,1270.0,1292.0,1288.5,1286.91,39905,513.54,3624,18323.0, 45.92,2026-04-30
SOMANYCERA, EQ, 30-Apr-2026,467.55,460.65,471.8,455.0,470.0,463.35,460.8,26426,121.77,1285,12069.0, 45.67,2026-04-30
SOMATEX, EQ, 30-Apr-2026,109.2,107.0,111.8,105.0,109.95,108.99,107.6,32465,34.93,923,8421.0, 25.94,2026-04-30
SOMICONVEY, EQ, 30-Apr-2026,108.75,111.97,111.97,108.2,111.49,110.56,109.7,1771,1.94,122,1212.0, 68.44,2026-04-30
SONACOMS, EQ, 30-Apr-2026,599.7,598.8,613.1,586.15,605.35,607.25,600.16,2865734,17199.0,57680,1241138.0, 43.31,2026-04-30
SONAL, EQ, 30-Apr-2026,99.55,99.5,104.5,99.5,104.4,104.4,102.6,123,0.13,7,123.0, 100.00,2026-04-30
SONAMAC, ST, 30-Apr-2026,40.0,39.95,39.95,39.95,39.95,39.95,39.95,1000,0.4,1,1000.0, 100.00,2026-04-30
SONAMLTD, EQ, 30-Apr-2026,51.45,50.54,51.98,50.4,51.98,51.68,50.95,19549,9.96,241,14000.0, 71.61,2026-04-30
SONATSOFTW, EQ, 30-Apr-2026,263.01,261.5,261.99,254.05,255.0,255.03,257.52,690569,1778.36,18624,317022.0, 45.91,2026-04-30
SONUINFRA, SM, 30-Apr-2026,61.0,62.0,62.9,57.95,60.0,60.0,59.35,12000,7.12,6,9000.0, 75.00,2026-04-30
SOTL, EQ, 30-Apr-2026,365.05,366.1,367.6,358.4,361.0,361.9,363.57,13529,49.19,882,5006.0, 37.00,2026-04-30
SOUTHBANK, EQ, 30-Apr-2026,39.89,39.89,39.9,39.12,39.57,39.46,39.43,11979882,4723.91,23673,5407504.0, 45.14,2026-04-30
SOUTHWEST, EQ, 30-Apr-2026,239.48,241.15,249.0,232.41,239.0,240.59,241.36,294715,711.31,5720,137271.0, 46.58,2026-04-30
SPAL, EQ, 30-Apr-2026,803.5,811.5,815.0,787.0,812.0,811.05,801.42,25709,206.04,1725,10209.0, 39.71,2026-04-30
SPANDANA, EQ, 30-Apr-2026,228.67,225.2,230.5,223.62,228.32,227.98,226.93,139123,315.71,3295,60668.0, 43.61,2026-04-30
SPARC, EQ, 30-Apr-2026,148.56,148.56,163.2,141.51,142.5,143.04,151.14,9147904,13826.39,58911,3803814.0, 41.58,2026-04-30
SPCENET, EQ, 30-Apr-2026,4.22,4.24,4.3,4.01,4.05,4.03,4.09,1131420,46.28,933,597648.0, 52.82,2026-04-30
SPCL, SM, 30-Apr-2026,82.45,85.0,85.5,79.95,80.0,80.5,81.36,39000,31.73,60,24600.0, 63.08,2026-04-30
SPCON, SM, 30-Apr-2026,140.0,130.0,130.0,125.1,125.1,126.2,127.72,12000,15.33,9,6000.0, 50.00,2026-04-30
SPEB, SM, 30-Apr-2026,55.0,53.1,56.5,53.1,55.0,55.0,54.59,22000,12.01,7,12000.0, 54.55,2026-04-30
SPECIALITY, EQ, 30-Apr-2026,101.8,101.99,104.0,99.2,104.0,103.8,102.3,16803,17.19,510,10902.0, 64.88,2026-04-30
SPECTRUM, EQ, 30-Apr-2026,1148.7,1168.0,1219.7,1138.0,1215.0,1206.2,1192.84,8728,104.11,1036,5327.0, 61.03,2026-04-30
SPECTSTM, ST, 30-Apr-2026,64.6,61.7,61.7,61.4,61.4,61.4,61.43,21600,13.27,27,16800.0, 77.78,2026-04-30
SPENCERS, EQ, 30-Apr-2026,33.7,33.75,34.83,33.5,34.75,34.6,34.21,52254,17.88,413,27807.0, 53.22,2026-04-30
SPIC, EQ, 30-Apr-2026,70.16,69.95,71.72,68.87,71.0,70.26,69.81,379101,264.66,2778,145005.0, 38.25,2026-04-30
SPLIL, EQ, 30-Apr-2026,31.8,31.8,32.0,30.8,31.11,31.21,31.37,8549,2.68,173,7109.0, 83.16,2026-04-30
SPLPETRO, EQ, 30-Apr-2026,774.55,770.0,774.55,753.55,755.0,757.3,761.23,72852,554.57,4277,31813.0, 43.67,2026-04-30
SPMLINFRA, EQ, 30-Apr-2026,211.01,210.0,210.47,203.24,206.53,207.47,207.07,306696,635.09,4879,121839.0, 39.73,2026-04-30
SPORTKING, EQ, 30-Apr-2026,147.87,146.0,149.91,141.5,148.0,147.48,145.85,431984,630.04,5479,173685.0, 40.21,2026-04-30
SPPPOLY, SM, 30-Apr-2026,14.2,13.5,13.95,13.5,13.5,13.5,13.65,6000,0.82,3,4000.0, 66.67,2026-04-30
SPRL, SM, 30-Apr-2026,99.3,104.1,104.1,104.1,104.1,104.1,104.1,800,0.83,1,800.0, 100.00,2026-04-30
SPUNWEB, SM, 30-Apr-2026,118.0,122.95,122.95,122.95,122.95,122.95,122.95,1200,1.48,1,1200.0, 100.00,2026-04-30
SRD, EQ, 30-Apr-2026,44.62,46.0,46.0,43.11,44.95,44.71,44.61,33218,14.82,379,23602.0, 71.05,2026-04-30
SREEL, EQ, 30-Apr-2026,181.27,181.28,182.69,178.54,181.5,181.65,179.9,2503,4.5,134,1729.0, 69.08,2026-04-30
SRF, EQ, 30-Apr-2026,2543.6,2543.5,2543.5,2488.9,2525.0,2518.6,2512.54,413405,10386.97,25711,215964.0, 52.24,2026-04-30
SRGHFL, EQ, 30-Apr-2026,276.1,272.0,283.99,272.0,275.25,282.67,279.35,252,0.7,31,68.0, 26.98,2026-04-30
SRHHYPOLTD, EQ, 30-Apr-2026,495.6,492.95,499.95,483.0,485.5,488.9,490.47,20362,99.87,913,14509.0, 71.26,2026-04-30
SRM, EQ, 30-Apr-2026,508.95,512.95,521.15,502.0,502.0,506.75,509.39,104474,532.18,3417,46526.0, 44.53,2026-04-30
SRTL, EQ, 30-Apr-2026,49.18,49.33,49.5,47.31,48.0,48.09,48.14,69288,33.36,864,40113.0, 57.89,2026-04-30
SSDL, EQ, 30-Apr-2026,62.72,63.0,63.0,61.6,62.12,62.0,62.02,11963,7.42,262,9770.0, 81.67,2026-04-30
SSEGL, SM, 30-Apr-2026,382.8,380.45,392.0,372.85,384.0,385.7,380.82,27000,102.82,123,16200.0, 60.00,2026-04-30
SSFL, SM, 30-Apr-2026,104.5,102.7,103.45,100.0,100.0,100.1,101.25,13000,13.16,24,10500.0, 80.77,2026-04-30
SSFLPP, E1, 30-Apr-2026,114.8,120.0,120.0,109.0,114.4,114.35,114.4,10435,11.94,119,7282.0, 69.78,2026-04-30
SSWL, EQ, 30-Apr-2026,215.53,215.01,215.52,210.6,214.0,212.71,212.87,177567,377.99,8172,77148.0, 43.45,2026-04-30
STALLION, EQ, 30-Apr-2026,155.3,153.75,154.6,144.8,150.5,150.04,150.3,1175241,1766.44,12725,513948.0, 43.73,2026-04-30
STANLEY, EQ, 30-Apr-2026,142.7,142.0,142.03,138.13,138.9,138.63,139.55,117171,163.51,3509,65455.0, 55.86,2026-04-30
STAR, EQ, 30-Apr-2026,1053.45,1050.0,1051.45,1026.15,1037.4,1036.8,1036.99,202494,2099.85,14224,95691.0, 47.26,2026-04-30
STARCEMENT, EQ, 30-Apr-2026,226.58,226.58,232.0,223.5,230.0,230.29,227.74,100695,229.33,3555,39179.0, 38.91,2026-04-30
STARHEALTH, EQ, 30-Apr-2026,533.25,534.15,534.5,521.1,526.0,525.65,525.48,737788,3876.93,18939,458786.0, 62.18,2026-04-30
STARPAPER, EQ, 30-Apr-2026,139.89,139.92,141.39,139.02,140.0,139.9,139.88,6635,9.28,86,5312.0, 80.06,2026-04-30
STARTECK, EQ, 30-Apr-2026,248.0,248.0,253.01,245.5,249.24,248.12,248.81,8541,21.25,339,922.0, 10.79,2026-04-30
STCINDIA, EQ, 30-Apr-2026,118.39,118.03,118.5,116.1,118.0,117.78,117.35,21629,25.38,468,11306.0, 52.27,2026-04-30
STEELCAS, EQ, 30-Apr-2026,296.96,296.95,301.0,285.1,294.0,289.42,290.4,66876,194.21,2617,29501.0, 44.11,2026-04-30
STEELCITY, EQ, 30-Apr-2026,82.83,84.88,84.88,82.05,83.36,83.32,82.75,1793,1.48,121,1169.0, 65.20,2026-04-30
STEELXIND, EQ, 30-Apr-2026,10.06,10.02,10.06,9.86,10.0,9.98,9.96,1327171,132.15,1879,802388.0, 60.46,2026-04-30
STEL, EQ, 30-Apr-2026,477.4,484.9,484.9,460.0,464.0,467.3,471.16,5150,24.26,589,1510.0, 29.32,2026-04-30
STERTOOLS, EQ, 30-Apr-2026,254.54,254.54,255.7,240.52,245.0,242.84,246.28,80622,198.56,1769,31992.0, 39.68,2026-04-30
STLNETWORK, EQ, 30-Apr-2026,28.46,28.18,28.46,27.0,27.88,27.76,27.78,2614166,726.34,7889,1140164.0, 43.61,2026-04-30
STLTECH, EQ, 30-Apr-2026,298.22,297.0,297.7,283.31,295.3,294.8,287.5,13245564,38081.01,68661,4472823.0, 33.77,2026-04-30
STOVEKRAFT, EQ, 30-Apr-2026,543.9,545.2,550.0,535.1,547.1,545.5,542.46,65451,355.05,2580,24607.0, 37.60,2026-04-30
STRIDERS, SM, 30-Apr-2026,74.2,73.95,82.0,72.75,72.75,72.75,76.36,67200,51.31,37,48000.0, 71.43,2026-04-30
STUDDS, EQ, 30-Apr-2026,492.05,488.05,499.0,484.5,495.95,489.7,486.89,18682,90.96,628,11421.0, 61.13,2026-04-30
STUDIOLSD, ST, 30-Apr-2026,12.25,12.25,12.25,12.2,12.2,12.2,12.24,20000,2.45,7,18000.0, 90.00,2026-04-30
STYL, EQ, 30-Apr-2026,243.5,242.0,243.9,237.24,240.5,241.89,240.36,45915,110.36,1265,22190.0, 48.33,2026-04-30
STYLAMIND, EQ, 30-Apr-2026,2237.3,2235.0,2239.6,2226.7,2234.3,2236.2,2235.46,18014,402.7,1799,12834.0, 71.24,2026-04-30
STYLEBAAZA, EQ, 30-Apr-2026,380.3,379.0,397.4,372.05,388.0,388.65,387.91,1164432,4516.95,12976,648295.0, 55.67,2026-04-30
STYRENIX, EQ, 30-Apr-2026,2306.1,2300.0,2306.6,2236.3,2260.0,2260.9,2258.05,18980,428.58,2626,10881.0, 57.33,2026-04-30
SUBAHOTELS, SM, 30-Apr-2026,138.05,136.5,140.0,136.5,140.0,140.0,139.58,10800,15.08,8,9600.0, 88.89,2026-04-30
SUBEXLTD, EQ, 30-Apr-2026,9.56,9.49,9.55,9.25,9.37,9.34,9.35,1455169,136.12,2238,567298.0, 38.99,2026-04-30
SUBROS, EQ, 30-Apr-2026,778.8,778.8,783.2,763.9,776.0,778.55,772.36,28010,216.34,2456,13442.0, 47.99,2026-04-30
SUDARCOLOR, EQ, 30-Apr-2026,352.55,359.75,359.75,343.95,349.9,349.0,350.72,11411,40.02,766,2399.0, 21.02,2026-04-30
SUDARSCHEM, EQ, 30-Apr-2026,888.05,885.0,922.0,883.95,917.0,914.35,908.98,235984,2145.06,13188,100356.0, 42.53,2026-04-30
SUDEEPPHRM, EQ, 30-Apr-2026,692.8,686.6,728.0,682.05,710.9,707.55,707.28,127770,903.69,5997,60400.0, 47.27,2026-04-30
SUKHJITS, EQ, 30-Apr-2026,179.17,180.71,182.95,178.15,179.99,179.69,179.96,5590,10.06,352,3267.0, 58.44,2026-04-30
SULA, EQ, 30-Apr-2026,175.7,175.8,176.64,172.53,174.6,174.1,174.28,194109,338.29,4132,66508.0, 34.26,2026-04-30
SUMEETINDS, EQ, 30-Apr-2026,30.09,30.64,30.64,29.26,30.0,30.01,29.83,96296,28.72,601,50940.0, 52.90,2026-04-30
SUMICHEM, EQ, 30-Apr-2026,436.4,436.0,436.0,416.1,419.25,419.15,423.31,223438,945.84,12226,118019.0, 52.82,2026-04-30
SUMIT, BE, 30-Apr-2026,55.54,55.0,55.55,52.82,54.88,53.76,53.84,69855,37.61,117,, -,2026-04-30
SUMMITSEC, EQ, 30-Apr-2026,1611.2,1600.0,1630.9,1550.0,1557.0,1559.7,1573.4,9595,150.97,1343,5278.0, 55.01,2026-04-30
SUNCLAY, EQ, 30-Apr-2026,1368.4,1351.1,1435.9,1351.0,1423.0,1423.4,1398.76,15526,217.17,1870,7338.0, 47.26,2026-04-30
SUNDARAM, EQ, 30-Apr-2026,1.42,1.44,1.47,1.42,1.42,1.43,1.44,238285,3.43,271,197222.0, 82.77,2026-04-30
SUNDARMFIN, EQ, 30-Apr-2026,4631.2,4626.0,4638.9,4497.0,4523.9,4534.8,4533.93,95500,4329.91,16964,53559.0, 56.08,2026-04-30
SUNDRMBRAK, EQ, 30-Apr-2026,606.95,616.9,616.9,599.9,616.0,614.65,611.44,474,2.9,82,329.0, 69.41,2026-04-30
SUNDRMFAST, EQ, 30-Apr-2026,838.45,825.0,859.7,820.05,850.0,846.2,843.61,105897,893.36,10240,63336.0, 59.81,2026-04-30
SUNDROP, EQ, 30-Apr-2026,650.95,652.85,667.2,649.0,664.45,662.5,658.23,8171,53.78,319,5303.0, 64.90,2026-04-30
SUNFLAG, EQ, 30-Apr-2026,293.07,292.5,294.07,285.51,290.1,292.61,290.89,134016,389.84,4870,52729.0, 39.35,2026-04-30
SUNLITE, ST, 30-Apr-2026,516.35,515.8,515.8,490.55,490.55,490.55,491.11,24600,120.81,54,24600.0, 100.00,2026-04-30
SUNPHARMA, EQ, 30-Apr-2026,1778.7,1771.0,1815.0,1761.4,1810.0,1808.3,1794.45,4749798,85232.81,155505,3233710.0, 68.08,2026-04-30
SUNREST, SM, 30-Apr-2026,36.3,37.85,37.85,36.1,36.1,36.1,36.98,3200,1.18,2,3200.0, 100.00,2026-04-30
SUNTECH, SM, 30-Apr-2026,40.05,38.2,38.2,38.2,38.2,38.2,38.2,1600,0.61,1,1600.0, 100.00,2026-04-30
SUNTECK, EQ, 30-Apr-2026,355.0,352.75,352.75,338.0,340.7,340.25,341.8,394391,1348.03,14911,162096.0, 41.10,2026-04-30
SUNTV, EQ, 30-Apr-2026,586.25,590.0,609.0,586.45,609.0,605.6,600.5,498513,2993.58,16609,196746.0, 39.47,2026-04-30
SUPERHOUSE, EQ, 30-Apr-2026,153.83,156.89,156.89,150.85,150.86,151.04,151.87,4053,6.16,88,3064.0, 75.60,2026-04-30
SUPERSPIN, EQ, 30-Apr-2026,5.38,5.67,5.67,5.24,5.51,5.52,5.51,46814,2.58,172,35059.0, 74.89,2026-04-30
SUPRAJIT, EQ, 30-Apr-2026,419.3,417.0,417.7,411.15,415.95,415.15,415.0,35468,147.19,2516,17097.0, 48.20,2026-04-30
SUPREME, EQ, 30-Apr-2026,51.22,50.0,52.4,49.99,52.4,51.08,50.89,31019,15.79,1346,12878.0, 41.52,2026-04-30
SUPREMEENG, BZ, 30-Apr-2026,1.03,1.08,1.08,1.0,1.06,1.07,1.07,94362,1.01,112,, -,2026-04-30
SUPREMEIND, EQ, 30-Apr-2026,3667.3,3675.0,3675.3,3534.0,3629.1,3622.6,3595.41,302540,10877.55,34127,137168.0, 45.34,2026-04-30
SUPREMEINF, BZ, 30-Apr-2026,79.9,79.79,79.79,77.11,77.5,77.32,77.92,7866,6.13,50,, -,2026-04-30
SUPREMEPWR, ST, 30-Apr-2026,254.0,251.0,257.0,241.3,250.0,251.75,247.74,102000,252.69,176,95500.0, 93.63,2026-04-30
SUPRIYA, EQ, 30-Apr-2026,698.25,703.0,703.3,683.55,697.0,694.9,693.61,108363,751.62,6707,41075.0, 37.91,2026-04-30
SURAJEST, EQ, 30-Apr-2026,239.14,237.0,238.89,232.25,234.0,233.48,234.59,100091,234.81,1969,40377.0, 40.34,2026-04-30
SURAJLTD, EQ, 30-Apr-2026,240.44,240.01,246.0,235.1,235.55,237.03,239.77,5274,12.65,136,3590.0, 68.07,2026-04-30
SURAKSHA, EQ, 30-Apr-2026,280.77,278.0,285.0,278.0,284.0,283.95,282.45,23415,66.14,1095,9355.0, 39.95,2026-04-30
SURANASOL, EQ, 30-Apr-2026,28.49,28.27,28.54,27.7,28.0,27.94,28.03,102498,28.73,880,56155.0, 54.79,2026-04-30
SURANAT&P, EQ, 30-Apr-2026,19.0,19.01,19.15,18.7,18.88,18.79,18.88,47631,8.99,265,26498.0, 55.63,2026-04-30
SURANI, ST, 30-Apr-2026,126.0,126.0,128.0,126.0,127.9,127.9,127.68,5400,6.89,17,5400.0, 100.00,2026-04-30
SURYALA, EQ, 30-Apr-2026,346.5,358.95,358.95,330.3,342.05,344.5,339.84,1435,4.88,49,459.0, 31.99,2026-04-30
SURYALAXMI, EQ, 30-Apr-2026,57.75,57.59,58.94,56.05,58.94,58.94,57.09,2466,1.41,60,2108.0, 85.48,2026-04-30
SURYAROSNI, EQ, 30-Apr-2026,241.58,240.81,255.25,238.0,251.74,250.12,251.3,2904927,7300.22,37537,738024.0, 25.41,2026-04-30
SURYODAY, EQ, 30-Apr-2026,152.6,150.25,154.8,150.25,153.0,152.89,153.12,263440,403.37,2811,141339.0, 53.65,2026-04-30
SUTLEJTEX, EQ, 30-Apr-2026,40.24,39.2,40.49,37.45,38.3,38.5,38.5,55721,21.45,898,28030.0, 50.30,2026-04-30
SUVEN, EQ, 30-Apr-2026,217.33,215.5,216.51,209.35,209.35,211.88,213.05,231770,493.79,5468,119064.0, 51.37,2026-04-30
SUVIDHAA, BE, 30-Apr-2026,3.02,3.05,3.05,2.87,2.94,2.91,2.91,106644,3.11,141,, -,2026-04-30
SUYOG, EQ, 30-Apr-2026,765.35,769.15,772.4,731.4,757.0,763.15,755.5,28592,216.01,1135,15969.0, 55.85,2026-04-30
SUZLON, EQ, 30-Apr-2026,56.81,56.5,56.5,55.0,55.64,55.58,55.65,102354018,56956.95,145294,33626178.0, 32.85,2026-04-30
SVLL, EQ, 30-Apr-2026,584.9,586.05,599.4,585.0,598.0,597.6,594.39,225,1.34,19,100.0, 44.44,2026-04-30
SVPGLOB, EQ, 30-Apr-2026,3.71,3.89,3.89,3.54,3.6,3.62,3.72,184323,6.86,248,106583.0, 57.82,2026-04-30
SWANCORP, EQ, 30-Apr-2026,344.0,344.0,344.0,332.55,335.0,334.45,337.45,937820,3164.64,22169,343890.0, 36.67,2026-04-30
SWANDEF, BE, 30-Apr-2026,1860.0,1825.0,1890.0,1825.0,1830.0,1837.6,1838.51,3089,56.79,416,, -,2026-04-30
SWARAJ, SM, 30-Apr-2026,285.9,290.25,290.25,286.05,286.1,286.1,288.02,35500,102.25,41,15000.0, 42.25,2026-04-30
SWARAJENG, EQ, 30-Apr-2026,3969.3,3969.0,4000.0,3900.1,3968.0,3957.0,3930.74,8211,322.75,1591,3095.0, 37.69,2026-04-30
SWASTIK, ST, 30-Apr-2026,21.7,21.05,22.2,21.05,22.2,22.2,21.27,10800,2.3,6,8400.0, 77.78,2026-04-30
SWELECTES, EQ, 30-Apr-2026,671.7,671.7,672.5,651.3,666.0,659.4,661.76,12354,81.75,981,6098.0, 49.36,2026-04-30
SWIGGY, EQ, 30-Apr-2026,275.0,273.4,274.6,265.35,272.0,270.3,268.71,7964918,21402.59,57382,3029366.0, 38.03,2026-04-30
SWSOLAR, EQ, 30-Apr-2026,211.98,210.3,211.98,205.23,208.6,208.34,208.21,1661944,3460.36,14509,486256.0, 29.26,2026-04-30
SYMPHONY, EQ, 30-Apr-2026,860.3,855.0,858.85,831.5,850.0,846.8,843.44,195749,1651.02,10710,65291.0, 33.35,2026-04-30
SYNCOMF, EQ, 30-Apr-2026,13.79,13.79,13.94,13.52,13.8,13.74,13.71,1059737,145.31,2508,471999.0, 44.54,2026-04-30
SYNGENE, EQ, 30-Apr-2026,432.15,431.95,518.55,429.9,468.05,467.65,482.67,59274654,286103.85,674656,7631518.0, 12.87,2026-04-30
SYRMA, EQ, 30-Apr-2026,976.05,975.0,975.0,945.85,954.4,958.95,956.44,892777,8538.9,38533,334862.0, 37.51,2026-04-30
SYSTANGO, SM, 30-Apr-2026,284.0,287.0,295.0,280.0,295.0,286.9,285.36,33200,94.74,76,24000.0, 72.29,2026-04-30
SYSTMTXC, EQ, 30-Apr-2026,74.3,71.32,71.98,70.59,70.59,70.59,70.95,175274,124.36,282,166816.0, 95.17,2026-04-30
TAALTECH, EQ, 30-Apr-2026,2970.2,2970.15,2970.15,2935.55,2950.0,2950.0,2951.7,407,12.01,40,389.0, 95.58,2026-04-30
TAC, SM, 30-Apr-2026,487.2,487.2,494.8,480.15,488.95,488.6,485.19,26000,126.15,126,17000.0, 65.38,2026-04-30
TAINWALCHM, EQ, 30-Apr-2026,207.94,207.94,207.94,200.13,203.0,201.47,202.13,690,1.39,64,464.0, 67.25,2026-04-30
TAJGVK, EQ, 30-Apr-2026,315.9,317.0,331.0,308.5,324.2,325.5,318.55,319299,1017.11,5358,194275.0, 60.84,2026-04-30
TAKE, BE, 30-Apr-2026,43.56,42.69,42.69,42.69,42.69,42.69,42.69,3485,1.49,44,, -,2026-04-30
TALBROAUTO, EQ, 30-Apr-2026,320.87,317.01,335.0,317.01,330.0,332.65,331.16,595846,1973.18,10770,281959.0, 47.32,2026-04-30
TAMBOLIIN, EQ, 30-Apr-2026,155.25,155.05,157.05,148.7,150.0,150.05,150.28,2283,3.43,56,2182.0, 95.58,2026-04-30
TANKUP, SM, 30-Apr-2026,601.0,601.0,601.0,600.0,600.0,600.0,600.2,1250,7.5,3,1250.0, 100.00,2026-04-30
TANLA, EQ, 30-Apr-2026,539.95,534.75,559.0,506.65,510.7,511.95,527.78,1925967,10164.82,50567,571521.0, 29.67,2026-04-30
TAPIFRUIT, SM, 30-Apr-2026,56.05,57.95,57.95,57.95,57.95,57.95,57.95,750,0.43,1,750.0, 100.00,2026-04-30
TARACHAND, EQ, 30-Apr-2026,65.5,66.5,66.99,63.5,63.85,63.76,64.45,50526,32.56,1527,25299.0, 50.07,2026-04-30
TARAPUR, EQ, 30-Apr-2026,23.61,23.61,24.5,23.01,24.49,24.31,23.85,20924,4.99,335,13195.0, 63.06,2026-04-30
TARC, EQ, 30-Apr-2026,133.07,132.5,134.72,128.68,133.8,132.71,131.16,505828,663.44,5304,237111.0, 46.88,2026-04-30
TARIL, EQ, 30-Apr-2026,323.5,320.0,337.9,317.75,333.0,334.2,328.52,6434456,21138.53,73003,1599308.0, 24.86,2026-04-30
TARMAT, BE, 30-Apr-2026,53.21,53.4,53.4,52.55,52.7,52.81,53.09,1136,0.6,17,, -,2026-04-30
TARSONS, EQ, 30-Apr-2026,210.66,211.29,222.0,209.0,218.85,219.92,218.69,212832,465.45,3690,118787.0, 55.81,2026-04-30
TASTYBITE, EQ, 30-Apr-2026,6971.5,6970.0,7017.5,6903.0,7000.0,6992.5,6947.38,1113,77.32,457,634.0, 56.96,2026-04-30
TATACAP, EQ, 30-Apr-2026,325.1,325.0,334.9,323.75,334.0,333.15,331.32,2106765,6980.03,45593,886536.0, 42.08,2026-04-30
TATACHEM, EQ, 30-Apr-2026,799.75,831.0,854.85,797.5,806.5,809.0,816.77,6444674,52637.99,143016,1429684.0, 22.18,2026-04-30
TATACOMM, EQ, 30-Apr-2026,1602.2,1582.0,1590.1,1568.3,1586.7,1580.5,1579.63,277687,4386.43,31617,152674.0, 54.98,2026-04-30
TATACONSUM, EQ, 30-Apr-2026,1168.0,1170.0,1170.0,1139.4,1147.7,1144.6,1146.87,1433160,16436.45,40219,891519.0, 62.21,2026-04-30
TATAELXSI, EQ, 30-Apr-2026,4148.4,4148.4,4171.4,4090.0,4132.4,4129.9,4132.21,267038,11034.56,32354,101435.0, 37.99,2026-04-30
TATAGOLD, EQ, 30-Apr-2026,14.27,14.4,14.5,13.91,14.48,14.48,14.39,56119076,8073.65,69339,16804112.0, 29.94,2026-04-30
TATAINVEST, EQ, 30-Apr-2026,717.55,733.4,737.0,715.9,719.5,719.5,724.68,937174,6791.56,33591,193837.0, 20.68,2026-04-30
TATAPOWER, EQ, 30-Apr-2026,451.5,450.0,450.0,439.3,445.5,444.55,443.36,6116311,27117.08,108517,2905593.0, 47.51,2026-04-30
TATASTEEL, EQ, 30-Apr-2026,215.88,215.78,215.78,210.0,211.4,211.36,211.47,24894783,52644.44,151276,12231382.0, 49.13,2026-04-30
TATATECH, EQ, 30-Apr-2026,572.2,568.7,594.2,565.5,581.0,581.35,581.09,1299478,7551.08,32799,505513.0, 38.90,2026-04-30
TATSILV, EQ, 30-Apr-2026,22.78,22.71,23.34,22.57,23.12,23.11,22.93,47736778,10947.05,52246,13274494.0, 27.81,2026-04-30
TATVA, EQ, 30-Apr-2026,1294.3,1285.0,1318.2,1285.0,1310.0,1311.0,1305.59,36614,478.03,3303,14237.0, 38.88,2026-04-30
TAURIAN, SM, 30-Apr-2026,263.55,263.1,266.05,255.0,255.0,255.7,258.55,20800,53.78,24,14400.0, 69.23,2026-04-30
TBI, SM, 30-Apr-2026,70.0,69.9,69.9,67.0,67.0,67.2,67.98,12600,8.57,18,12600.0, 100.00,2026-04-30
TBOTEK, EQ, 30-Apr-2026,1274.6,1282.0,1282.0,1245.0,1245.1,1255.4,1260.14,42361,533.81,7018,16468.0, 38.88,2026-04-30
TBZ, EQ, 30-Apr-2026,145.12,144.9,147.44,142.0,146.0,146.42,144.35,140649,203.03,2627,64544.0, 45.89,2026-04-30
TCC, EQ, 30-Apr-2026,381.95,382.0,396.9,375.3,396.0,391.95,383.48,3705,14.21,168,1955.0, 52.77,2026-04-30
TCI, EQ, 30-Apr-2026,942.3,943.9,956.0,925.2,931.0,927.0,931.33,25288,235.51,2154,14051.0, 55.56,2026-04-30
TCIEXP, EQ, 30-Apr-2026,518.65,519.95,528.1,511.65,524.0,524.35,519.84,11167,58.05,870,6108.0, 54.70,2026-04-30
TCIFINANCE, EQ, 30-Apr-2026,14.15,14.22,15.5,14.0,14.25,14.29,14.92,46200,6.89,155,37275.0, 80.68,2026-04-30
TCL, SM, 30-Apr-2026,106.0,106.0,106.0,105.85,105.9,105.85,105.92,2400,2.54,3,1600.0, 66.67,2026-04-30
TCPLPACK, EQ, 30-Apr-2026,2687.1,2717.9,2779.9,2621.5,2630.0,2655.9,2669.27,1869,49.89,538,902.0, 48.26,2026-04-30
TCS, EQ, 30-Apr-2026,2474.7,2479.0,2491.0,2438.0,2474.8,2473.9,2470.47,3970446,98088.81,175405,1866712.0, 47.02,2026-04-30
TDPOWERSYS, EQ, 30-Apr-2026,1146.5,1144.0,1173.0,1126.0,1162.0,1152.7,1144.66,1469140,16816.61,45025,841439.0, 57.27,2026-04-30
TEAMGTY, EQ, 30-Apr-2026,256.2,264.5,264.5,256.46,263.69,260.12,260.63,402,1.05,29,378.0, 94.03,2026-04-30
TEAMLEASE, EQ, 30-Apr-2026,1226.6,1224.0,1238.5,1205.0,1229.5,1232.3,1218.8,9060,110.42,1463,4585.0, 50.61,2026-04-30
TECH, EQ, 30-Apr-2026,31.81,32.17,32.17,31.51,32.16,32.05,32.0,108632,34.76,324,93044.0, 85.65,2026-04-30
TECHD, SM, 30-Apr-2026,541.95,515.0,545.0,511.1,541.9,541.9,533.94,7800,41.65,25,4500.0, 57.69,2026-04-30
TECHERA, SM, 30-Apr-2026,207.7,208.7,218.05,203.0,218.0,217.9,212.77,131200,279.16,115,106400.0, 81.10,2026-04-30
TECHLABS, SM, 30-Apr-2026,215.9,215.9,222.0,210.55,222.0,215.9,214.09,12500,26.76,76,7500.0, 60.00,2026-04-30
TECHM, EQ, 30-Apr-2026,1459.8,1459.7,1482.0,1445.6,1473.8,1473.5,1468.44,2635309,38697.88,84169,1161767.0, 44.08,2026-04-30
TECHNOE, EQ, 30-Apr-2026,1297.55,1295.0,1302.95,1259.25,1282.0,1283.25,1278.89,286564,3664.84,18070,118428.0, 41.33,2026-04-30
TECHNVISN, EQ, 30-Apr-2026,5982.0,5950.0,5976.0,5950.0,5976.0,5976.0,5963.0,2,0.12,2,2.0, 100.00,2026-04-30
TECILCHEM, EQ, 30-Apr-2026,12.82,13.1,13.11,11.66,12.35,12.41,12.63,9992,1.26,65,5815.0, 58.20,2026-04-30
TEGA, EQ, 30-Apr-2026,1649.9,1641.0,1677.7,1636.2,1677.7,1663.4,1656.19,17192,284.73,3637,7177.0, 41.75,2026-04-30
TEJASCARGO, SM, 30-Apr-2026,339.0,345.0,355.95,345.0,350.0,350.0,350.38,2000,7.01,5,1600.0, 80.00,2026-04-30
TEJASNET, EQ, 30-Apr-2026,416.65,416.0,423.5,408.4,413.7,415.15,416.32,1789183,7448.66,33149,355867.0, 19.89,2026-04-30
TEMBO, EQ, 30-Apr-2026,598.1,597.0,609.0,587.55,600.95,604.95,600.55,102723,616.9,2479,30629.0, 29.82,2026-04-30
TENNIND, EQ, 30-Apr-2026,595.15,599.0,625.75,591.5,619.0,621.75,607.78,2480278,15074.59,60237,689330.0, 27.79,2026-04-30
TERASOFT, EQ, 30-Apr-2026,350.65,347.0,347.05,339.05,340.75,339.6,342.27,7091,24.27,297,4899.0, 69.09,2026-04-30
TEXINFRA, EQ, 30-Apr-2026,96.76,97.7,97.71,96.12,97.2,96.91,96.76,23453,22.69,666,8514.0, 36.30,2026-04-30
TEXMOPIPES, EQ, 30-Apr-2026,47.1,46.15,47.19,46.15,46.69,46.72,46.74,8690,4.06,212,4890.0, 56.27,2026-04-30
TEXRAIL, EQ, 30-Apr-2026,106.32,107.3,107.8,104.1,105.88,105.47,105.79,1873801,1982.23,11619,561392.0, 29.96,2026-04-30
TFCILTD, EQ, 30-Apr-2026,73.18,72.25,74.18,71.75,72.4,72.1,72.73,1032157,750.72,4286,456467.0, 44.22,2026-04-30
TFL, EQ, 30-Apr-2026,12.45,12.52,12.63,12.2,12.45,12.45,12.42,3959,0.49,26,3324.0, 83.96,2026-04-30
TGBHOTELS, EQ, 30-Apr-2026,9.48,9.42,9.74,9.41,9.7,9.69,9.54,7421,0.71,56,7211.0, 97.17,2026-04-30
TGL, ST, 30-Apr-2026,27.2,26.7,26.7,26.7,26.7,26.7,26.7,50000,13.35,78,48800.0, 97.60,2026-04-30
THACKER, EQ, 30-Apr-2026,1072.0,1107.0,1107.0,1107.0,1107.0,1107.0,1107.0,1,0.01,1,1.0, 100.00,2026-04-30
THAKDEV, EQ, 30-Apr-2026,141.3,141.45,141.45,141.45,141.45,141.45,141.45,10,0.01,1,10.0, 100.00,2026-04-30
THANGAMAYL, EQ, 30-Apr-2026,3986.3,4005.3,4006.0,3901.0,3952.0,3955.8,3960.49,49864,1974.86,8481,16113.0, 32.31,2026-04-30
THEINVEST, EQ, 30-Apr-2026,109.08,108.21,109.7,105.0,107.9,105.84,106.64,5924,6.32,137,3743.0, 63.18,2026-04-30
THEJO, EQ, 30-Apr-2026,1797.1,1797.1,1838.3,1760.0,1790.0,1816.7,1810.35,6633,120.08,961,3065.0, 46.21,2026-04-30
THELEELA, EQ, 30-Apr-2026,426.65,426.65,430.5,417.0,423.35,428.25,420.59,373531,1571.02,12546,265908.0, 71.19,2026-04-30
THEMISMED, EQ, 30-Apr-2026,93.77,93.7,100.0,90.81,97.75,98.7,96.43,103930,100.22,1822,57833.0, 55.65,2026-04-30
THERMAX, EQ, 30-Apr-2026,3990.0,4000.0,4107.8,3922.5,4065.0,4077.6,4034.88,273294,11027.08,38017,141117.0, 51.64,2026-04-30
THESL, SM, 30-Apr-2026,15.0,15.0,15.0,15.0,15.0,15.0,15.0,3000,0.45,1,3000.0, 100.00,2026-04-30
THOMASCOOK, EQ, 30-Apr-2026,95.08,95.95,95.95,92.6,93.5,93.55,93.97,1465954,1377.61,9785,750049.0, 51.16,2026-04-30
THOMASCOTT, EQ, 30-Apr-2026,258.85,258.64,267.99,254.02,261.89,263.23,260.5,21542,56.12,838,11339.0, 52.64,2026-04-30
THYROCARE, EQ, 30-Apr-2026,404.35,404.0,405.65,398.0,400.0,400.3,400.89,140847,564.65,10404,61809.0, 43.88,2026-04-30
TI, EQ, 30-Apr-2026,456.75,453.75,467.4,445.6,465.0,464.1,458.16,803411,3680.92,16869,484510.0, 60.31,2026-04-30
TICL, EQ, 30-Apr-2026,23.03,23.68,24.59,22.69,24.15,23.86,23.51,2540465,597.26,2412,1147325.0, 45.16,2026-04-30
TIGERLOGS, EQ, 30-Apr-2026,35.66,35.66,35.66,34.25,35.0,35.03,35.05,88219,30.92,726,64559.0, 73.18,2026-04-30
TIIL, EQ, 30-Apr-2026,2499.1,2499.0,2502.8,2451.1,2469.0,2485.2,2483.92,4543,112.84,1099,2610.0, 57.45,2026-04-30
TIINDIA, EQ, 30-Apr-2026,2965.1,2965.0,2980.0,2892.0,2963.4,2947.9,2930.4,242929,7118.79,27526,121341.0, 49.95,2026-04-30
TIJARIA, BE, 30-Apr-2026,4.51,4.51,4.51,4.42,4.5,4.5,4.48,1503,0.07,16,, -,2026-04-30
TIL, EQ, 30-Apr-2026,202.62,203.47,203.47,193.83,198.93,197.16,197.45,68615,135.48,1480,35651.0, 51.96,2026-04-30
TILPP, E1, 30-Apr-2026,152.19,157.99,157.99,151.51,151.6,152.67,154.02,2980,4.59,13,1778.0, 59.66,2026-04-30
TIMESCAN, SM, 30-Apr-2026,40.05,41.7,41.7,40.0,40.0,40.0,40.85,4000,1.63,2,4000.0, 100.00,2026-04-30
TIMETECHNO, EQ, 30-Apr-2026,184.18,186.38,194.75,186.38,194.25,193.01,190.81,9109682,17381.75,61727,1986298.0, 21.80,2026-04-30
TIMEX, EQ, 30-Apr-2026,348.15,348.15,349.2,329.9,342.0,342.45,339.41,165142,560.5,4819,92054.0, 55.74,2026-04-30
TIMKEN, EQ, 30-Apr-2026,3440.6,3450.0,3468.1,3400.8,3412.5,3428.8,3431.54,68923,2365.12,13236,39889.0, 57.87,2026-04-30
TINNARUBR, EQ, 30-Apr-2026,713.0,706.1,730.0,698.4,722.95,719.7,716.26,15723,112.62,1602,5970.0, 37.97,2026-04-30
TIPSFILMS, EQ, 30-Apr-2026,376.85,378.65,384.8,373.35,375.35,378.65,379.18,4113,15.6,224,1024.0, 24.90,2026-04-30
TIPSMUSIC, EQ, 30-Apr-2026,653.1,649.0,662.0,642.45,646.3,649.7,650.91,170288,1108.42,11153,65535.0, 38.48,2026-04-30
TIRUMALCHM, EQ, 30-Apr-2026,197.1,197.5,208.56,193.51,204.0,204.13,202.78,612660,1242.37,9709,210184.0, 34.31,2026-04-30
TIRUPATIFL, BE, 30-Apr-2026,45.19,45.19,45.71,43.7,44.68,44.36,44.21,133195,58.88,541,, -,2026-04-30
TITAGARH, EQ, 30-Apr-2026,786.25,778.05,781.85,757.05,771.2,768.4,768.82,638508,4909.0,29045,187365.0, 29.34,2026-04-30
TITAN, EQ, 30-Apr-2026,4439.8,4438.0,4438.0,4358.0,4388.0,4385.2,4384.52,869299,38114.58,67515,553559.0, 63.68,2026-04-30
TMB, EQ, 30-Apr-2026,744.65,739.0,749.4,728.15,736.0,739.65,737.03,498099,3671.13,24206,174091.0, 34.95,2026-04-30
TMCV, EQ, 30-Apr-2026,416.95,416.5,416.7,403.9,410.0,409.9,409.45,5846832,23939.69,92160,2625193.0, 44.90,2026-04-30
TMPV, EQ, 30-Apr-2026,352.7,352.0,352.0,337.5,342.4,341.55,341.76,12670807,43303.46,133524,4644391.0, 36.65,2026-04-30
TNIDETF, EQ, 30-Apr-2026,81.11,81.6,81.6,80.15,81.2,80.75,80.94,112583,91.12,690,90199.0, 80.12,2026-04-30
TNPETRO, EQ, 30-Apr-2026,87.9,88.3,88.52,84.99,86.9,86.77,86.47,158162,136.76,1877,82013.0, 51.85,2026-04-30
TNPL, EQ, 30-Apr-2026,149.43,149.43,152.0,146.42,151.17,150.47,148.99,126366,188.28,2220,59669.0, 47.22,2026-04-30
TNTELE, EQ, 30-Apr-2026,9.61,9.6,9.98,9.32,9.7,9.83,9.63,115534,11.12,358,70877.0, 61.35,2026-04-30
TOKYOPLAST, BE, 30-Apr-2026,92.17,90.14,92.0,88.2,91.99,91.98,90.47,2338,2.12,55,, -,2026-04-30
TOLINS, EQ, 30-Apr-2026,110.66,111.73,111.73,107.1,109.28,108.54,108.5,54802,59.46,1330,24792.0, 45.24,2026-04-30
TOP100CASE, EQ, 30-Apr-2026,10.47,10.62,10.62,10.29,10.5,10.41,10.39,1499761,155.88,1709,1047530.0, 69.85,2026-04-30
TOP10ADD, EQ, 30-Apr-2026,89.15,89.14,89.14,87.91,89.0,88.58,88.51,107656,95.29,667,74229.0, 68.95,2026-04-30
TOP15IETF, EQ, 30-Apr-2026,9.94,9.89,9.91,9.78,9.91,9.87,9.84,196040,19.29,267,85203.0, 43.46,2026-04-30
TOP20, EQ, 30-Apr-2026,8.77,8.77,8.77,8.63,8.73,8.71,8.68,58221,5.05,239,41637.0, 71.52,2026-04-30
TORNTPHARM, EQ, 30-Apr-2026,4231.5,4231.7,4234.7,4146.1,4192.1,4185.1,4181.6,278059,11627.31,32337,158837.0, 57.12,2026-04-30
TORNTPOWER, EQ, 30-Apr-2026,1701.7,1678.5,1769.9,1666.1,1750.0,1736.0,1730.98,779793,13498.04,43745,297113.0, 38.10,2026-04-30
TOTAL, EQ, 30-Apr-2026,59.7,58.21,59.3,56.15,56.15,56.22,56.43,5800,3.27,44,5124.0, 88.34,2026-04-30
TOUCHWOOD, EQ, 30-Apr-2026,75.06,75.06,75.06,72.33,73.3,73.31,73.8,2769,2.04,33,750.0, 27.09,2026-04-30
TPHQ, EQ, 30-Apr-2026,0.57,0.57,0.57,0.56,0.57,0.56,0.56,386947,2.19,255,255301.0, 65.98,2026-04-30
TPLPLASTEH, EQ, 30-Apr-2026,66.83,65.73,69.99,65.73,69.79,68.54,67.51,190575,128.65,899,40843.0, 21.43,2026-04-30
TRACXN, EQ, 30-Apr-2026,32.85,32.5,33.1,31.9,32.3,32.5,32.35,111667,36.12,1243,62543.0, 56.01,2026-04-30
TRANSPEK, EQ, 30-Apr-2026,1178.28,1162.61,1199.8,1162.0,1162.0,1177.55,1177.72,653,7.69,58,528.0, 80.86,2026-04-30
TRANSRAILL, EQ, 30-Apr-2026,608.4,605.0,614.9,586.6,597.65,598.95,598.11,979031,5855.7,29865,372063.0, 38.00,2026-04-30
TRANSTEEL, SM, 30-Apr-2026,129.9,129.0,129.75,122.15,126.0,125.9,126.57,53000,67.08,51,32000.0, 60.38,2026-04-30
TRANSWIND, SM, 30-Apr-2026,17.5,16.65,16.65,16.65,16.65,16.65,16.65,16000,2.66,4,16000.0, 100.00,2026-04-30
TRANSWORLD, EQ, 30-Apr-2026,164.81,164.3,167.65,159.06,167.65,164.9,163.36,12262,20.03,819,2933.0, 23.92,2026-04-30
TRAVELFOOD, EQ, 30-Apr-2026,1280.0,1280.0,1280.0,1253.4,1265.7,1259.8,1263.98,14515,183.47,1550,6087.0, 41.94,2026-04-30
TREEHOUSE, BE, 30-Apr-2026,8.1,8.1,8.3,7.9,8.01,8.01,7.97,3812,0.3,40,, -,2026-04-30
TREJHARA, EQ, 30-Apr-2026,151.62,153.56,156.8,148.06,156.8,153.07,151.63,20431,30.98,810,6643.0, 32.51,2026-04-30
TREL, EQ, 30-Apr-2026,26.86,27.5,27.5,26.29,26.95,26.71,26.63,43629,11.62,479,29693.0, 68.06,2026-04-30
TRENT, EQ, 30-Apr-2026,4228.3,4215.1,4218.4,4124.0,4148.0,4144.6,4155.29,566859,23554.61,49369,198882.0, 35.08,2026-04-30
TRF, EQ, 30-Apr-2026,264.58,263.79,268.55,261.54,263.59,263.97,263.68,8662,22.84,752,3692.0, 42.62,2026-04-30
TRIDENT, EQ, 30-Apr-2026,25.92,25.91,26.19,25.65,25.98,25.97,25.92,4969840,1288.04,13080,1682219.0, 33.85,2026-04-30
TRIGYN, EQ, 30-Apr-2026,60.81,61.2,61.5,58.41,59.1,59.27,59.36,20574,12.21,435,13107.0, 63.71,2026-04-30
TRITURBINE, EQ, 30-Apr-2026,574.6,574.0,578.1,562.0,573.8,573.25,570.76,513534,2931.03,18502,209283.0, 40.75,2026-04-30
TRIVENI, EQ, 30-Apr-2026,411.9,415.0,422.6,409.4,413.0,412.25,416.46,733338,3054.07,22971,175226.0, 23.89,2026-04-30
TRU, EQ, 30-Apr-2026,6.41,6.35,6.65,6.35,6.45,6.47,6.5,93443,6.08,234,60763.0, 65.03,2026-04-30
TRUALT, EQ, 30-Apr-2026,486.05,488.4,499.0,487.1,492.4,492.45,493.63,365632,1804.89,10615,149221.0, 40.81,2026-04-30
TRUST, SM, 30-Apr-2026,40.05,40.0,40.0,38.3,38.3,38.3,38.87,1800,0.7,2,1800.0, 100.00,2026-04-30
TSFINV, EQ, 30-Apr-2026,406.4,405.0,407.0,397.6,406.0,402.95,402.06,38766,155.86,3469,20345.0, 52.48,2026-04-30
TTKHLTCARE, EQ, 30-Apr-2026,898.15,913.0,913.0,890.0,905.0,904.1,899.77,1200,10.8,176,667.0, 55.58,2026-04-30
TTKPRESTIG, EQ, 30-Apr-2026,516.35,514.0,515.55,499.65,505.0,504.9,504.92,35772,180.62,2799,20069.0, 56.10,2026-04-30
TTL, BE, 30-Apr-2026,8.05,8.21,8.21,7.72,8.06,8.04,7.99,7360,0.59,57,, -,2026-04-30
TTML, EQ, 30-Apr-2026,43.9,43.2,43.64,42.56,42.89,42.93,43.0,2380869,1023.79,10809,778466.0, 32.70,2026-04-30
TUNWAL, SM, 30-Apr-2026,31.4,31.0,31.85,31.0,31.5,31.5,31.48,52000,16.37,24,40000.0, 76.92,2026-04-30
TVSELECT, EQ, 30-Apr-2026,469.2,469.0,469.0,458.6,461.0,461.7,462.49,27008,124.91,1197,11570.0, 42.84,2026-04-30
TVSHLTD, EQ, 30-Apr-2026,14634.0,14634.0,14634.0,14082.0,14217.0,14258.0,14254.4,4328,616.93,1964,2031.0, 46.93,2026-04-30
TVSINVIT, IV, 30-Apr-2026,115.0,117.0,117.0,117.0,117.0,117.0,117.0,25000,29.25,1,25000.0, 100.00,2026-04-30
TVSMOTOR, EQ, 30-Apr-2026,3553.9,3462.0,3519.0,3415.1,3492.0,3492.9,3460.57,947815,32799.76,75547,388584.0, 41.00,2026-04-30
TVSSCS, BE, 30-Apr-2026,115.06,114.05,116.0,112.4,114.5,114.51,114.36,82459,94.3,1326,, -,2026-04-30
TVSSRICHAK, EQ, 30-Apr-2026,3920.6,3937.4,3946.0,3824.0,3860.0,3893.3,3864.86,2075,80.2,611,1012.0, 48.77,2026-04-30
TVTODAY, EQ, 30-Apr-2026,112.47,112.0,114.49,111.15,114.0,113.57,112.82,37158,41.92,823,22824.0, 61.42,2026-04-30
TVVISION, EQ, 30-Apr-2026,5.42,5.31,5.47,5.1,5.38,5.38,5.33,12709,0.68,93,8586.0, 67.56,2026-04-30
TWCGOLDETF, EQ, 30-Apr-2026,146.45,147.5,149.12,146.87,149.0,148.93,147.91,1519,2.25,45,1199.0, 78.93,2026-04-30
UBL, EQ, 30-Apr-2026,1469.6,1468.8,1473.6,1445.5,1455.2,1458.6,1459.69,136904,1998.37,9933,89084.0, 65.07,2026-04-30
UCAL, EQ, 30-Apr-2026,100.0,100.5,101.58,99.65,100.1,100.73,100.79,6550,6.6,122,5609.0, 85.63,2026-04-30
UCL, ST, 30-Apr-2026,122.5,124.95,124.95,124.95,124.95,124.95,124.95,4000,5.0,2,4000.0, 100.00,2026-04-30
UCOBANK, EQ, 30-Apr-2026,26.63,26.63,26.9,26.31,26.88,26.79,26.62,6665927,1774.39,15413,2157255.0, 32.36,2026-04-30
UDS, EQ, 30-Apr-2026,157.71,157.8,161.95,156.01,157.74,158.37,157.89,81875,129.27,1295,32790.0, 40.05,2026-04-30
UEL, EQ, 30-Apr-2026,161.3,158.15,161.93,156.0,158.04,157.7,157.47,3257,5.13,312,2253.0, 69.17,2026-04-30
UFBL, EQ, 30-Apr-2026,339.97,336.0,356.0,336.0,347.5,351.35,347.74,114816,399.26,3001,62494.0, 54.43,2026-04-30
UFLEX, EQ, 30-Apr-2026,442.25,440.0,452.0,435.0,446.4,445.3,443.9,102651,455.67,3878,41602.0, 40.53,2026-04-30
UFO, EQ, 30-Apr-2026,72.73,72.73,72.99,71.1,71.51,71.94,71.86,31302,22.49,595,21049.0, 67.24,2026-04-30
UGARSUGAR, EQ, 30-Apr-2026,42.48,43.0,46.14,42.6,43.3,43.93,44.94,1465631,658.7,8281,434346.0, 29.64,2026-04-30
UGROCAP, EQ, 30-Apr-2026,107.73,108.0,109.65,104.3,109.39,109.27,107.39,347295,372.95,3641,116882.0, 33.65,2026-04-30
UHTL, SM, 30-Apr-2026,52.4,51.8,52.95,50.15,50.15,50.15,51.2,26000,13.31,13,22000.0, 84.62,2026-04-30
UJJIVANSFB, EQ, 30-Apr-2026,56.84,56.75,57.6,55.85,57.25,56.88,56.91,30333189,17262.44,57092,19126272.0, 63.05,2026-04-30
ULTRACEMCO, EQ, 30-Apr-2026,11833.0,11777.0,11777.0,11484.0,11597.0,11586.0,11561.75,719688,83208.51,91170,451794.0, 62.78,2026-04-30
ULTRAMAR, EQ, 30-Apr-2026,409.1,413.8,415.0,409.15,410.05,410.2,411.19,6514,26.79,401,3883.0, 59.61,2026-04-30
UMA, SM, 30-Apr-2026,20.75,19.55,20.0,19.55,20.0,19.75,19.78,8000,1.58,2,8000.0, 100.00,2026-04-30
UMAEXPORTS, BE, 30-Apr-2026,25.61,25.59,25.59,24.51,25.0,25.18,25.0,27055,6.76,209,, -,2026-04-30
UMESLTD, BE, 30-Apr-2026,5.97,5.7,6.15,5.7,5.95,5.95,5.88,32920,1.94,79,, -,2026-04-30
UMIYA-MRO, EQ, 30-Apr-2026,86.18,85.44,88.15,85.15,86.5,86.8,86.74,9095,7.89,166,6115.0, 67.23,2026-04-30
UNICHEMLAB, EQ, 30-Apr-2026,375.3,372.0,401.8,368.0,389.05,390.1,387.49,60611,234.86,2953,23677.0, 39.06,2026-04-30
UNIDT, EQ, 30-Apr-2026,203.19,205.0,208.49,202.0,202.55,203.24,204.26,6011,12.28,256,2293.0, 38.15,2026-04-30
UNIECOM, EQ, 30-Apr-2026,93.43,93.1,96.66,91.97,93.17,92.59,93.88,699221,656.46,6051,262713.0, 37.57,2026-04-30
UNIENTER, EQ, 30-Apr-2026,109.52,106.0,108.3,106.0,107.3,107.3,107.27,1209,1.3,33,801.0, 66.25,2026-04-30
UNIHEALTH, ST, 30-Apr-2026,483.8,483.0,483.0,475.0,478.0,480.5,480.4,2500,12.01,5,2500.0, 100.00,2026-04-30
UNIINFO, BE, 30-Apr-2026,12.88,13.0,13.4,12.5,13.38,13.38,13.08,2687,0.35,39,, -,2026-04-30
UNIMECH, EQ, 30-Apr-2026,1054.8,1025.0,1032.15,1002.1,1002.1,1002.4,1008.89,95849,967.01,4002,46596.0, 48.61,2026-04-30
UNIONBANK, EQ, 30-Apr-2026,167.31,165.0,166.75,162.61,165.94,165.94,164.86,17097157,28186.96,89809,7320501.0, 42.82,2026-04-30
UNIONGOLD, EQ, 30-Apr-2026,144.35,144.35,146.0,143.95,145.6,145.65,145.36,1532,2.23,99,688.0, 44.91,2026-04-30
UNIPARTS, EQ, 30-Apr-2026,538.9,533.0,549.8,531.0,534.0,534.35,540.36,141094,762.42,5939,61250.0, 43.41,2026-04-30
UNITDSPR, EQ, 30-Apr-2026,1363.4,1350.0,1350.0,1322.0,1328.0,1325.6,1329.62,1077576,14327.62,36478,715897.0, 66.44,2026-04-30
UNITECH, EQ, 30-Apr-2026,4.85,4.92,4.92,4.8,4.82,4.86,4.85,2424595,117.56,9920,1354046.0, 55.85,2026-04-30
UNITEDPOLY, EQ, 30-Apr-2026,30.62,31.8,31.8,29.98,31.59,30.44,30.4,130854,39.78,437,16909.0, 12.92,2026-04-30
UNITEDTEA, EQ, 30-Apr-2026,538.7,540.05,541.05,526.5,528.75,536.15,532.88,778,4.15,172,360.0, 46.27,2026-04-30
UNIVASTU, EQ, 30-Apr-2026,70.57,70.85,70.92,68.5,69.0,68.93,69.32,79660,55.22,1114,44789.0, 56.23,2026-04-30
UNIVCABLES, EQ, 30-Apr-2026,830.45,830.0,849.95,816.0,837.0,837.45,834.83,124809,1041.94,5947,65915.0, 52.81,2026-04-30
UNIVPHOTO, BE, 30-Apr-2026,468.05,483.9,491.45,450.0,491.45,490.5,482.81,10761,51.96,195,, -,2026-04-30
UNOMINDA, EQ, 30-Apr-2026,1131.8,1127.1,1127.1,1099.1,1114.0,1112.5,1109.08,567965,6299.2,30887,260243.0, 45.82,2026-04-30
UPL, EQ, 30-Apr-2026,644.1,644.1,646.0,629.8,642.35,641.85,636.85,2123914,13526.24,44609,1216202.0, 57.26,2026-04-30
URAVIDEF, BE, 30-Apr-2026,142.0,139.16,139.16,136.0,138.98,138.8,138.69,28429,39.43,90,, -,2026-04-30
URBAN, SM, 30-Apr-2026,139.75,139.75,142.7,139.55,142.25,142.1,141.09,7200,10.16,8,5600.0, 77.78,2026-04-30
URBANCO, EQ, 30-Apr-2026,147.45,148.0,156.0,143.45,150.6,151.66,151.19,14989665,22662.59,85966,3233603.0, 21.57,2026-04-30
URJA, EQ, 30-Apr-2026,11.65,11.61,11.8,11.37,11.47,11.43,11.55,3130255,361.61,5245,1212866.0, 38.75,2026-04-30
USHAFIN, SM, 30-Apr-2026,30.45,31.5,31.8,31.5,31.8,31.8,31.65,3200,1.01,2,3200.0, 100.00,2026-04-30
USHAMART, EQ, 30-Apr-2026,461.8,461.8,472.0,446.25,448.0,451.8,462.23,2586832,11957.19,54885,760479.0, 29.40,2026-04-30
USK, BE, 30-Apr-2026,23.98,24.0,24.4,23.55,24.0,24.0,24.05,13890,3.34,45,, -,2026-04-30
UTIAMC, EQ, 30-Apr-2026,954.5,954.65,954.65,928.5,950.0,950.0,937.7,544606,5106.75,19453,373801.0, 68.64,2026-04-30
UTKARSHBNK, EQ, 30-Apr-2026,14.71,14.71,15.07,14.25,14.5,14.43,14.58,8485952,1237.43,14047,3597536.0, 42.39,2026-04-30
UTLSOLAR, EQ, 30-Apr-2026,300.16,296.0,304.9,285.16,295.8,296.41,294.94,540043,1592.81,8832,218989.0, 40.55,2026-04-30
UTSSAV, SM, 30-Apr-2026,245.0,242.0,250.0,235.0,248.5,246.95,243.06,66000,160.42,72,42000.0, 63.64,2026-04-30
UTTAMSUGAR, EQ, 30-Apr-2026,258.45,257.6,287.4,251.3,256.0,256.64,275.47,3242167,8931.24,35675,332209.0, 10.25,2026-04-30
UYFINCORP, EQ, 30-Apr-2026,14.4,14.33,14.69,14.1,14.5,14.54,14.43,94853,13.69,387,81395.0, 85.81,2026-04-30
V2RETAIL, EQ, 30-Apr-2026,199.84,199.62,201.8,195.25,196.67,198.65,199.26,1301694,2593.77,21269,813194.0, 62.47,2026-04-30
VADILALIND, EQ, 30-Apr-2026,4746.7,4716.0,4739.8,4650.0,4710.0,4696.6,4692.7,8739,410.09,1733,4431.0, 50.70,2026-04-30
VAIBHAVGBL, EQ, 30-Apr-2026,219.94,219.0,220.46,215.14,217.99,217.18,217.32,137769,299.4,3562,57062.0, 41.42,2026-04-30
VAISHALI, BE, 30-Apr-2026,7.94,7.95,8.05,7.55,7.6,7.61,7.71,142618,10.99,455,, -,2026-04-30
VAKRANGEE, EQ, 30-Apr-2026,7.03,7.03,7.07,6.61,6.92,6.9,6.9,1808178,124.72,2405,788645.0, 43.62,2026-04-30
VAL30IETF, EQ, 30-Apr-2026,16.06,16.05,16.12,15.75,15.94,15.86,15.88,371308,58.95,1009,276713.0, 74.52,2026-04-30
VALIANTLAB, BE, 30-Apr-2026,81.65,82.0,83.7,77.57,78.95,77.82,79.03,46499,36.75,165,, -,2026-04-30
VALIANTORG, EQ, 30-Apr-2026,276.88,270.0,279.0,270.0,270.01,272.58,273.05,15617,42.64,499,7671.0, 49.12,2026-04-30
VALUE, EQ, 30-Apr-2026,16.88,16.97,16.97,16.53,16.67,16.65,16.68,48954,8.17,136,39923.0, 81.55,2026-04-30
VARDHACRLC, EQ, 30-Apr-2026,36.1,36.1,38.65,35.41,38.65,37.37,36.88,46080,16.99,300,32395.0, 70.30,2026-04-30
VARDMNPOLY, BE, 30-Apr-2026,6.88,6.88,7.1,6.88,6.95,6.96,6.99,29029,2.03,128,, -,2026-04-30
VARROC, EQ, 30-Apr-2026,520.5,513.1,536.75,513.1,529.85,533.8,530.14,115160,610.51,5491,71213.0, 61.84,2026-04-30
VASCONEQ, EQ, 30-Apr-2026,41.99,41.9,41.98,40.41,41.49,41.26,41.23,982196,404.94,3773,301519.0, 30.70,2026-04-30
VASWANI, EQ, 30-Apr-2026,58.32,57.0,58.89,56.12,58.88,58.36,58.19,34506,20.08,1150,14564.0, 42.21,2026-04-30
VBL, EQ, 30-Apr-2026,523.1,523.1,523.9,509.25,516.3,513.7,513.71,7127837,36616.39,73109,4210589.0, 59.07,2026-04-30
VCL, EQ, 30-Apr-2026,1.55,1.62,1.62,1.5,1.55,1.52,1.57,945269,14.82,485,671954.0, 71.09,2026-04-30
VDEAL, SM, 30-Apr-2026,180.0,178.9,178.9,178.9,178.9,178.9,178.9,600,1.07,1,600.0, 100.00,2026-04-30
VEDL, EQ, 30-Apr-2026,773.6,289.5,292.0,268.7,273.0,271.55,276.89,73870853,204543.19,839839,37087810.0, 50.21,2026-04-30
VEEDOL, EQ, 30-Apr-2026,1437.0,1436.0,1436.0,1405.8,1423.0,1423.1,1416.31,5542,78.49,1008,2333.0, 42.10,2026-04-30
VEEKAYEM, ST, 30-Apr-2026,134.0,127.4,140.7,127.4,140.7,140.7,134.05,1000,1.34,2,1000.0, 100.00,2026-04-30
VELJAN, EQ, 30-Apr-2026,1002.6,1059.9,1059.95,979.0,1049.65,1037.8,1040.42,405,4.21,84,203.0, 50.12,2026-04-30
VENKEYS, EQ, 30-Apr-2026,1567.0,1561.7,1609.7,1532.8,1590.0,1582.5,1584.28,67306,1066.31,6138,26595.0, 39.51,2026-04-30
VENTIVE, EQ, 30-Apr-2026,630.5,620.0,628.9,616.1,616.1,619.7,620.81,24996,155.18,1287,10447.0, 41.79,2026-04-30
VENUSPIPES, EQ, 30-Apr-2026,1397.0,1409.0,1409.0,1363.65,1373.0,1377.7,1380.84,35949,496.4,2434,23265.0, 64.72,2026-04-30
VENUSREM, EQ, 30-Apr-2026,933.3,933.45,975.0,923.45,966.05,967.4,955.5,40239,384.49,3680,25892.0, 64.35,2026-04-30
VERANDA, EQ, 30-Apr-2026,196.87,196.58,196.98,186.2,193.0,190.0,190.59,275139,524.39,5107,115665.0, 42.04,2026-04-30
VERTIS, IV, 30-Apr-2026,108.0,107.5,108.0,107.0,107.0,107.0,107.41,675000,725.01,21,650000.0, 96.30,2026-04-30
VERTOZ, EQ, 30-Apr-2026,50.21,50.0,50.0,49.0,49.8,49.53,49.51,46894,23.22,471,30943.0, 65.98,2026-04-30
VESUVIUS, EQ, 30-Apr-2026,515.85,510.1,527.05,504.15,514.0,519.1,517.82,90797,470.17,6478,36092.0, 39.75,2026-04-30
VETO, EQ, 30-Apr-2026,110.15,110.55,110.55,106.2,109.32,108.37,108.01,47416,51.21,926,27744.0, 58.51,2026-04-30
VGINFOTECH, SM, 30-Apr-2026,151.1,150.2,153.9,150.2,153.9,153.9,151.21,10000,15.12,9,6000.0, 60.00,2026-04-30
VGL, EQ, 30-Apr-2026,60.74,62.95,62.95,58.5,61.9,59.57,59.55,46243,27.54,787,26696.0, 57.73,2026-04-30
VGUARD, EQ, 30-Apr-2026,333.65,333.65,333.95,326.25,333.0,330.2,329.64,168351,554.96,10344,93676.0, 55.64,2026-04-30
VHL, EQ, 30-Apr-2026,3420.0,3306.0,3418.8,3306.0,3365.0,3376.8,3382.31,326,11.03,98,214.0, 65.64,2026-04-30
VHLTD, BE, 30-Apr-2026,139.6,141.49,141.49,139.0,140.5,140.35,139.25,30784,42.87,78,, -,2026-04-30
VICTORYEV, SM, 30-Apr-2026,16.85,16.5,16.7,16.2,16.7,16.7,16.47,21000,3.46,7,21000.0, 100.00,2026-04-30
VIDHIING, EQ, 30-Apr-2026,296.8,296.8,303.0,295.0,299.7,300.55,299.32,5355,16.03,363,2426.0, 45.30,2026-04-30
VIDYAWIRES, EQ, 30-Apr-2026,88.72,88.28,88.48,84.75,87.57,87.3,86.42,4098864,3542.23,14329,1111336.0, 27.11,2026-04-30
VIESL, SM, 30-Apr-2026,288.0,285.95,293.9,285.05,288.0,288.5,289.38,31200,90.29,30,22400.0, 71.79,2026-04-30
VIGOR, SM, 30-Apr-2026,55.55,54.15,54.15,54.15,54.15,54.15,54.15,1600,0.87,1,1600.0, 100.00,2026-04-30
VIJAYA, EQ, 30-Apr-2026,1114.05,1111.05,1135.0,1090.0,1131.95,1129.6,1124.72,590970,6646.78,13786,504635.0, 85.39,2026-04-30
VIJAYPD, ST, 30-Apr-2026,104.05,109.2,109.25,105.05,109.25,109.25,108.95,262000,285.44,109,248000.0, 94.66,2026-04-30
VIJIFIN, BE, 30-Apr-2026,3.72,3.77,3.87,3.6,3.85,3.83,3.75,251065,9.42,193,, -,2026-04-30
VIKASECO, BE, 30-Apr-2026,1.4,1.4,1.41,1.37,1.39,1.39,1.38,760866,10.53,966,, -,2026-04-30
VIKASLIFE, BE, 30-Apr-2026,1.59,1.58,1.61,1.55,1.58,1.57,1.57,1087693,17.04,1238,, -,2026-04-30
VIKRAMSOLR, EQ, 30-Apr-2026,225.76,222.0,223.4,214.17,221.0,219.39,218.29,1841071,4018.96,20808,780176.0, 42.38,2026-04-30
VIKRAN, EQ, 30-Apr-2026,73.68,73.33,73.33,71.19,72.2,72.28,72.21,1572008,1135.13,10181,444839.0, 28.30,2026-04-30
VILAS, SM, 30-Apr-2026,438.5,444.35,444.35,423.05,428.25,430.4,434.47,28000,121.65,90,16500.0, 58.93,2026-04-30
VILINBIO, ST, 30-Apr-2026,38.1,37.35,38.85,37.35,38.85,38.85,38.33,12000,4.6,3,12000.0, 100.00,2026-04-30
VIMTALABS, EQ, 30-Apr-2026,450.55,451.0,462.0,445.0,457.05,457.15,453.74,154472,700.91,5017,65347.0, 42.30,2026-04-30
VINATIORGA, EQ, 30-Apr-2026,1314.6,1305.2,1330.9,1292.0,1325.0,1322.3,1319.34,114239,1507.2,9833,43056.0, 37.69,2026-04-30
VINCOFE, EQ, 30-Apr-2026,135.53,134.0,137.25,132.8,136.2,135.76,134.79,998713,1346.12,5439,190503.0, 19.07,2026-04-30
VINDHYATEL, EQ, 30-Apr-2026,1299.2,1300.0,1420.0,1281.15,1374.0,1369.0,1376.22,79930,1100.01,5503,26441.0, 33.08,2026-04-30
VINEETLAB, BE, 30-Apr-2026,38.55,39.6,39.6,36.63,37.7,38.06,37.5,49789,18.67,287,, -,2026-04-30
VINNY, EQ, 30-Apr-2026,1.16,1.15,1.17,1.13,1.15,1.14,1.15,511785,5.88,252,422455.0, 82.55,2026-04-30
VINSYS, SM, 30-Apr-2026,309.0,311.5,312.5,306.0,306.0,307.5,310.74,44750,139.06,53,750.0, 1.68,2026-04-30
VINYAS, SM, 30-Apr-2026,1134.0,1145.0,1159.5,1100.0,1150.0,1145.85,1136.33,4200,47.73,32,3500.0, 83.33,2026-04-30
VINYLINDIA, EQ, 30-Apr-2026,263.73,263.73,263.82,255.0,255.0,256.24,258.79,7550,19.54,428,3961.0, 52.46,2026-04-30
VIPCLOTHNG, EQ, 30-Apr-2026,21.48,21.06,21.79,20.9,21.4,21.48,21.24,130772,27.78,610,82693.0, 63.23,2026-04-30
VIPIND, EQ, 30-Apr-2026,296.35,296.6,298.95,292.05,294.55,296.25,294.96,245598,724.43,4447,98763.0, 40.21,2026-04-30
VIPULLTD, BE, 30-Apr-2026,9.98,10.15,10.15,9.67,9.79,9.72,9.86,100476,9.91,236,, -,2026-04-30
VIRINCHI, BE, 30-Apr-2026,18.17,18.35,18.35,17.56,17.56,17.9,18.0,36208,6.52,141,, -,2026-04-30
VISAKAIND, EQ, 30-Apr-2026,67.24,67.9,68.95,65.52,68.84,68.59,67.32,90817,61.14,728,58797.0, 64.74,2026-04-30
VISASTEEL, EQ, 30-Apr-2026,40.98,40.0,41.0,38.95,40.99,40.5,39.5,32377,12.79,201,22346.0, 69.02,2026-04-30
VISHNU, EQ, 30-Apr-2026,579.65,579.5,598.0,575.25,595.3,594.15,587.19,108972,639.87,4395,41283.0, 37.88,2026-04-30
VISHNUINFR, SM, 30-Apr-2026,146.5,146.5,146.5,141.05,146.0,146.0,144.03,3000,4.32,6,2500.0, 83.33,2026-04-30
VISHWARAJ, BE, 30-Apr-2026,5.95,5.93,6.11,5.72,5.92,5.91,5.9,286141,16.88,370,, -,2026-04-30
VISHWAS, SM, 30-Apr-2026,39.65,41.0,41.0,41.0,41.0,41.0,41.0,24000,9.84,2,24000.0, 100.00,2026-04-30
VITAL, BE, 30-Apr-2026,60.3,60.3,61.28,60.29,60.35,60.37,60.62,3262,1.98,26,, -,2026-04-30
VIVIANA, SM, 30-Apr-2026,807.1,800.0,822.95,762.1,818.2,816.0,800.1,25400,203.23,120,14800.0, 58.27,2026-04-30
VIVIDEL, SM, 30-Apr-2026,691.15,691.15,710.0,683.0,687.1,690.55,695.73,13680,95.18,45,9600.0, 70.18,2026-04-30
VIVIDHA, EQ, 30-Apr-2026,0.57,0.57,0.58,0.55,0.57,0.56,0.57,249616,1.42,206,136826.0, 54.81,2026-04-30
VIVIMEDLAB, BE, 30-Apr-2026,6.98,6.93,6.93,6.69,6.9,6.78,6.81,48876,3.33,126,, -,2026-04-30
VIYASH, EQ, 30-Apr-2026,207.21,207.0,208.08,202.95,204.86,203.74,204.79,565510,1158.12,10342,309306.0, 54.70,2026-04-30
VLEGOV, BE, 30-Apr-2026,15.23,15.44,15.44,14.75,15.07,15.01,15.02,78410,11.78,317,, -,2026-04-30
VLINFRA, ST, 30-Apr-2026,33.55,33.0,34.35,31.9,32.25,32.25,32.5,15000,4.87,10,12000.0, 80.00,2026-04-30
VLSFINANCE, EQ, 30-Apr-2026,236.39,233.77,235.0,229.05,234.99,230.65,230.99,20334,46.97,1161,11740.0, 57.74,2026-04-30
VMARCIND, SM, 30-Apr-2026,997.95,1030.0,1030.0,980.0,992.9,991.45,993.46,13500,134.12,52,7750.0, 57.41,2026-04-30
VMART, EQ, 30-Apr-2026,637.65,637.5,639.0,611.2,618.3,616.45,619.92,363852,2255.58,15457,172100.0, 47.30,2026-04-30
VMM, EQ, 30-Apr-2026,122.86,122.7,123.14,119.6,122.65,122.29,121.64,6237821,7587.64,60987,2781140.0, 44.59,2026-04-30
VMSTMT, EQ, 30-Apr-2026,51.43,51.8,51.8,48.89,49.5,49.64,50.64,351050,177.77,1341,65535.0, 18.67,2026-04-30
VOLERCAR, SM, 30-Apr-2026,260.5,261.0,264.0,256.0,256.0,258.0,261.51,23200,60.67,27,2400.0, 10.34,2026-04-30
VOLTAMP, EQ, 30-Apr-2026,11793.0,11824.0,11998.0,11506.0,11700.0,11742.0,11794.41,88599,10449.73,27906,37485.0, 42.31,2026-04-30
VOLTAS, EQ, 30-Apr-2026,1474.8,1470.0,1470.0,1418.2,1438.0,1430.4,1431.84,1259835,18038.87,62415,592676.0, 47.04,2026-04-30
VPRPL, EQ, 30-Apr-2026,45.23,45.0,46.12,43.01,45.1,43.9,44.25,1605521,710.45,9299,740052.0, 46.09,2026-04-30
VR, SM, 30-Apr-2026,155.0,149.0,149.0,147.5,147.5,147.5,148.0,1200,1.78,3,1200.0, 100.00,2026-04-30
VRAJ, EQ, 30-Apr-2026,129.84,132.99,132.99,126.21,129.3,128.4,128.77,6694,8.62,248,4099.0, 61.23,2026-04-30
VRLLOG, EQ, 30-Apr-2026,255.39,255.39,256.0,251.0,252.47,253.17,253.08,50120,126.84,2530,16436.0, 32.79,2026-04-30
VSCL, SM, 30-Apr-2026,26.7,25.4,25.4,25.4,25.4,25.4,25.4,3000,0.76,1,3000.0, 100.00,2026-04-30
VSSL, EQ, 30-Apr-2026,282.1,279.1,281.9,275.28,278.0,278.69,277.77,91218,253.38,2242,33416.0, 36.63,2026-04-30
VSTIND, EQ, 30-Apr-2026,259.05,259.98,260.01,256.3,258.79,258.37,257.96,218159,562.76,5574,105704.0, 48.45,2026-04-30
VSTL, EQ, 30-Apr-2026,127.44,129.98,130.0,127.0,128.9,128.77,128.47,10374,13.33,242,6267.0, 60.41,2026-04-30
VSTTILLERS, EQ, 30-Apr-2026,5198.0,5220.0,5272.8,5160.0,5240.8,5215.3,5206.02,9205,479.21,1866,4402.0, 47.82,2026-04-30
VTL, EQ, 30-Apr-2026,608.75,608.75,618.0,604.0,612.7,612.0,611.11,391433,2392.07,19695,129639.0, 33.12,2026-04-30
WAAREEENER, EQ, 30-Apr-2026,3502.9,3300.0,3324.9,3100.0,3129.9,3118.8,3168.75,8109147,256958.82,351237,2728980.0, 33.65,2026-04-30
WAAREEINDO, BE, 30-Apr-2026,437.95,433.95,434.35,420.55,434.0,432.7,428.96,38363,164.56,879,, -,2026-04-30
WAAREERTL, EQ, 30-Apr-2026,1041.1,1030.0,1039.5,1009.0,1019.0,1017.6,1022.31,354910,3628.29,19580,117382.0, 33.07,2026-04-30
WABAG, EQ, 30-Apr-2026,1483.8,1479.1,1522.8,1446.2,1505.0,1509.6,1484.39,370643,5501.79,31183,165932.0, 44.77,2026-04-30
WAKEFIT, EQ, 30-Apr-2026,142.52,143.24,143.24,135.52,138.06,138.05,138.19,260361,359.81,5609,116692.0, 44.82,2026-04-30
WALCHANNAG, EQ, 30-Apr-2026,238.23,239.0,240.6,226.56,236.96,235.02,233.86,1006844,2354.62,12354,330325.0, 32.81,2026-04-30
WANBURY, BE, 30-Apr-2026,257.96,259.8,259.8,253.03,255.0,254.28,255.46,19173,48.98,165,, -,2026-04-30
WCIL, EQ, 30-Apr-2026,103.93,103.42,104.09,101.78,103.05,102.73,103.12,56702,58.47,961,15364.0, 27.10,2026-04-30
WEALTH, EQ, 30-Apr-2026,931.4,939.95,950.0,931.4,940.0,943.8,938.98,1082,10.16,165,757.0, 69.96,2026-04-30
WEBELSOLAR, EQ, 30-Apr-2026,116.09,112.01,116.0,110.29,110.29,110.66,111.53,14910671,16630.46,43754,4415961.0, 29.62,2026-04-30
WEIZMANIND, EQ, 30-Apr-2026,83.27,82.99,84.35,81.5,82.23,82.27,83.08,2952,2.45,135,2438.0, 82.59,2026-04-30
WEL, EQ, 30-Apr-2026,104.16,104.16,106.43,102.3,105.54,105.59,104.59,663408,693.84,3901,175847.0, 26.51,2026-04-30
WELCORP, EQ, 30-Apr-2026,1267.3,1261.95,1284.7,1253.0,1265.0,1266.75,1272.12,1154209,14682.94,62794,581167.0, 50.35,2026-04-30
WELENT, EQ, 30-Apr-2026,540.1,554.95,558.4,521.15,524.75,523.25,536.1,1148319,6156.12,28935,427227.0, 37.20,2026-04-30
WELINV, EQ, 30-Apr-2026,1475.3,1475.9,1500.1,1462.4,1490.0,1490.6,1485.21,623,9.25,62,565.0, 90.69,2026-04-30
WELSPLSOL, EQ, 30-Apr-2026,43.85,43.5,45.2,42.6,44.0,44.5,44.03,412162,181.49,1935,250864.0, 60.87,2026-04-30
WELSPUNLIV, EQ, 30-Apr-2026,130.29,129.75,130.97,127.33,128.42,128.96,128.89,673673,868.27,7553,255914.0, 37.99,2026-04-30
WENDT, EQ, 30-Apr-2026,6990.0,6990.0,7024.0,6852.0,6928.0,6936.0,6918.84,3285,227.28,1045,1255.0, 38.20,2026-04-30
WESTLIFE, EQ, 30-Apr-2026,481.2,479.9,480.2,472.75,476.65,475.85,475.76,32104,152.74,2218,17983.0, 56.01,2026-04-30
WEWIN, EQ, 30-Apr-2026,54.21,54.0,54.96,53.21,54.5,54.32,54.16,4158,2.25,127,2715.0, 65.30,2026-04-30
WEWORK, EQ, 30-Apr-2026,547.2,544.0,552.45,528.05,552.45,546.8,540.88,51700,279.63,4092,24073.0, 46.56,2026-04-30
WHEELS, EQ, 30-Apr-2026,1206.35,1200.0,1266.95,1185.0,1209.85,1228.3,1227.21,409570,5026.28,27809,101192.0, 24.71,2026-04-30
WHIRLPOOL, EQ, 30-Apr-2026,994.1,995.1,1005.0,970.0,985.0,985.6,986.4,387994,3827.17,24158,173623.0, 44.75,2026-04-30
WHITEFORCE, SM, 30-Apr-2026,54.0,51.1,54.0,51.1,53.5,53.5,53.83,60800,32.73,4,59200.0, 97.37,2026-04-30
WILLAMAGOR, EQ, 30-Apr-2026,26.17,26.04,29.05,25.82,27.79,27.21,27.5,76149,20.94,453,12108.0, 15.90,2026-04-30
WIMPLAST, EQ, 30-Apr-2026,379.24,378.92,383.0,375.44,376.57,377.14,379.06,2864,10.86,216,2450.0, 85.54,2026-04-30
WINDLAS, EQ, 30-Apr-2026,850.7,850.5,863.0,850.0,850.5,851.85,854.21,9135,78.03,937,4195.0, 45.92,2026-04-30
WINDMACHIN, EQ, 30-Apr-2026,288.72,287.0,287.0,278.99,285.0,285.58,284.59,265082,754.4,1194,224888.0, 84.84,2026-04-30
WINSOL, SM, 30-Apr-2026,135.25,134.75,136.2,134.75,136.0,136.0,135.25,6800,9.2,16,4800.0, 70.59,2026-04-30
WINSOME, BZ, 30-Apr-2026,1.85,1.88,1.88,1.85,1.88,1.88,1.85,204687,3.79,14,, -,2026-04-30
WIPL, EQ, 30-Apr-2026,161.06,160.79,160.8,153.8,155.0,156.49,156.34,729,1.14,43,684.0, 93.83,2026-04-30
WIPRO, EQ, 30-Apr-2026,200.68,200.89,202.15,200.0,201.2,200.65,201.08,15300274,30765.65,118709,7877507.0, 51.49,2026-04-30
WOCKPHARMA, EQ, 30-Apr-2026,1391.7,1398.5,1422.0,1382.0,1395.5,1395.6,1400.99,481602,6747.19,22776,181589.0, 37.71,2026-04-30
WOL3D, SM, 30-Apr-2026,167.6,162.65,162.65,162.6,162.6,162.6,162.63,2000,3.25,2,2000.0, 100.00,2026-04-30
WOMANCART, SM, 30-Apr-2026,150.35,127.25,134.9,122.1,126.7,126.0,127.6,573600,731.94,1056,261600.0, 45.61,2026-04-30
WONDERLA, EQ, 30-Apr-2026,526.65,526.65,532.8,518.0,527.95,527.4,524.94,46381,243.47,2674,24030.0, 51.81,2026-04-30
WORTHPERI, EQ, 30-Apr-2026,135.6,135.1,137.07,132.0,132.5,132.66,133.45,11482,15.32,151,9033.0, 78.67,2026-04-30
WPIL, EQ, 30-Apr-2026,441.35,440.0,441.5,430.0,430.0,431.9,433.69,13326,57.79,868,7136.0, 53.55,2026-04-30
WSI, EQ, 30-Apr-2026,72.31,72.77,73.0,71.44,71.75,72.0,72.32,26163,18.92,311,14148.0, 54.08,2026-04-30
WSTCSTPAPR, EQ, 30-Apr-2026,481.9,477.0,488.35,473.6,485.0,483.6,480.73,44964,216.15,3542,20939.0, 46.57,2026-04-30
XCHANGING, EQ, 30-Apr-2026,66.5,67.75,67.83,65.0,66.95,66.59,66.3,83943,55.65,1316,41998.0, 50.03,2026-04-30
XELPMOC, EQ, 30-Apr-2026,99.55,101.99,103.0,99.23,101.06,102.05,101.14,38911,39.35,2337,13459.0, 34.59,2026-04-30
XPROINDIA, EQ, 30-Apr-2026,1027.6,1033.9,1033.9,1004.0,1011.0,1018.2,1014.89,28475,288.99,1419,17640.0, 61.95,2026-04-30
XTGLOBAL, EQ, 30-Apr-2026,31.26,32.8,32.95,31.03,31.85,32.34,32.25,70372,22.69,1336,32345.0, 45.96,2026-04-30
YAAP, ST, 30-Apr-2026,197.0,191.0,204.0,190.05,197.0,197.25,198.51,16000,31.76,15,16000.0, 100.00,2026-04-30
YASHO, EQ, 30-Apr-2026,1465.0,1475.0,1505.7,1431.4,1500.0,1498.6,1476.34,6237,92.08,876,3661.0, 58.70,2026-04-30
YASHOPTICS, SM, 30-Apr-2026,116.8,116.7,116.7,116.7,116.7,116.7,116.7,800,0.93,1,800.0, 100.00,2026-04-30
YATHARTH, EQ, 30-Apr-2026,802.95,798.95,825.0,782.0,820.0,820.0,812.5,1165128,9466.68,28763,625196.0, 53.66,2026-04-30
YATRA, EQ, 30-Apr-2026,110.64,109.7,110.0,101.0,106.35,105.54,105.26,2541315,2675.06,17761,872271.0, 34.32,2026-04-30
YESBANK, EQ, 30-Apr-2026,20.27,20.25,20.25,19.86,19.99,19.93,19.96,68337795,13642.3,70293,28366146.0, 41.51,2026-04-30
YUKEN, EQ, 30-Apr-2026,735.2,726.0,760.0,717.05,745.1,754.75,745.13,10871,81.0,830,8465.0, 77.87,2026-04-30
ZAGGLE, EQ, 30-Apr-2026,243.68,242.0,244.4,237.22,241.0,240.76,240.69,707561,1703.03,10256,250829.0, 35.45,2026-04-30
ZEAL, SM, 30-Apr-2026,70.0,70.8,71.0,70.8,71.0,70.9,70.88,1800,1.28,3,1800.0, 100.00,2026-04-30
ZEEL, EQ, 30-Apr-2026,90.46,89.65,90.8,88.0,89.98,89.74,89.5,9543093,8541.36,40216,2428361.0, 25.45,2026-04-30
ZEELEARN, EQ, 30-Apr-2026,5.27,5.27,5.3,5.11,5.2,5.23,5.19,452637,23.5,813,284500.0, 62.85,2026-04-30
ZEEMEDIA, BE, 30-Apr-2026,8.28,8.28,8.4,8.1,8.33,8.34,8.24,423156,34.86,494,, -,2026-04-30
ZENITHDRUG, SM, 30-Apr-2026,39.65,37.65,40.25,37.65,39.6,39.95,39.35,8800,3.46,11,6400.0, 72.73,2026-04-30
ZENITHEXPO, EQ, 30-Apr-2026,223.1,212.01,215.0,211.95,215.0,215.0,212.73,12,0.03,7,8.0, 66.67,2026-04-30
ZENITHSTL, EQ, 30-Apr-2026,6.43,6.38,6.53,6.2,6.22,6.24,6.28,108749,6.83,243,76649.0, 70.48,2026-04-30
ZENSARTECH, EQ, 30-Apr-2026,521.2,522.0,522.9,510.85,514.45,513.85,515.08,506100,2606.83,24732,237140.0, 46.86,2026-04-30
ZENTEC, EQ, 30-Apr-2026,1686.0,1689.9,1691.7,1626.4,1673.0,1671.1,1660.72,510134,8471.9,33677,178677.0, 35.03,2026-04-30
ZFCVINDIA, EQ, 30-Apr-2026,14727.0,14740.0,14899.0,14478.0,14604.0,14699.0,14639.14,10371,1518.23,4396,5417.0, 52.23,2026-04-30
ZFSTEERING, EQ, 30-Apr-2026,843.95,820.3,845.0,795.0,804.49,804.59,812.55,2110,17.14,167,1428.0, 67.68,2026-04-30
ZIMLAB, EQ, 30-Apr-2026,85.34,85.85,89.1,84.15,85.2,87.94,86.96,57147,49.7,485,39402.0, 68.95,2026-04-30
ZODIAC, BE, 30-Apr-2026,332.69,337.0,341.34,320.0,328.0,324.72,326.85,16146,52.77,487,, -,2026-04-30
ZODIACLOTH, EQ, 30-Apr-2026,80.23,80.8,80.8,77.13,77.6,77.87,78.27,6233,4.88,294,3657.0, 58.67,2026-04-30
ZOTA, EQ, 30-Apr-2026,1312.4,1315.0,1338.0,1305.0,1306.0,1311.2,1313.82,70565,927.1,3469,49150.0, 69.65,2026-04-30
ZSARACOM, EQ, 30-Apr-2026,9716.85,10000.0,10000.0,9749.95,9970.0,9937.5,9871.82,33,3.26,20,6.0, 18.18,2026-04-30
ZTECH, SM, 30-Apr-2026,623.5,621.85,621.85,611.85,620.0,619.45,617.03,11400,70.34,33,8700.0, 76.32,2026-04-30
ZUARI, EQ, 30-Apr-2026,240.9,232.55,239.3,232.55,235.0,235.2,235.2,173036,406.97,3066,66283.0, 38.31,2026-04-30
ZUARIIND, EQ, 30-Apr-2026,263.61,265.0,266.99,257.6,262.5,262.41,261.78,43192,113.07,1192,18738.0, 43.38,2026-04-30
ZYDUSLIFE, EQ, 30-Apr-2026,910.85,910.9,915.4,890.4,893.0,891.9,897.95,986154,8855.15,34877,563586.0, 57.15,2026-04-30
ZYDUSWELL, EQ, 30-Apr-2026,500.45,502.85,516.0,492.8,508.5,508.55,506.37,694003,3514.21,23614,222457.0, 32.05,2026-04-30
