SYMBOL,SERIES,DATE1,PREV_CLOSE,OPEN_PRICE,HIGH_PRICE,LOW_PRICE,LAST_PRICE,CLOSE_PRICE,AVG_PRICE,TTL_TRD_QNTY,TURNOVER_LACS,NO_OF_TRADES,DELIV_QTY,DELIV_PER,DATE
1018GS2026, GS, 20-May-2026,103.25,103.3,103.3,103.3,103.3,103.3,103.3,547,0.57,3,547.0, 100.00,2026-05-20
20MICRONS, EQ, 20-May-2026,165.18,162.17,188.0,162.1,179.1,179.36,180.87,989909,1790.44,15132,160153.0, 16.18,2026-05-20
21STCENMGM, EQ, 20-May-2026,30.92,30.5,31.5,30.5,30.66,31.49,31.2,6432,2.01,41,3802.0, 59.11,2026-05-20
360ONE, EQ, 20-May-2026,1098.4,1090.1,1111.0,1076.0,1109.3,1107.4,1095.01,310456,3399.53,12890,125466.0, 40.41,2026-05-20
3BBLACKBIO, EQ, 20-May-2026,1269.6,1282.7,1282.7,1231.1,1265.0,1263.0,1257.25,3885,48.84,751,2234.0, 57.50,2026-05-20
3IINFOLTD, EQ, 20-May-2026,17.61,17.61,17.72,17.25,17.7,17.64,17.6,170560,30.02,685,112012.0, 65.67,2026-05-20
3MINDIA, EQ, 20-May-2026,31810.0,31700.0,31700.0,31000.0,31170.0,31140.0,31239.28,2801,875.01,1705,1406.0, 50.20,2026-05-20
3PLAND, EQ, 20-May-2026,32.49,32.5,32.9,31.36,32.5,32.49,32.31,8692,2.81,177,5881.0, 67.66,2026-05-20
574GS2026, GS, 20-May-2026,101.0,101.0,101.0,99.45,99.45,100.22,100.23,230,0.23,5,115.0, 50.00,2026-05-20
591GS2028, GS, 20-May-2026,100.21,101.65,102.0,101.65,102.0,102.0,102.0,100576,102.59,23,100576.0, 100.00,2026-05-20
5PAISA, EQ, 20-May-2026,313.1,312.0,313.35,306.6,311.3,310.6,310.69,23636,73.43,908,11464.0, 48.50,2026-05-20
601GS2030, GS, 20-May-2026,98.67,99.5,101.0,99.5,101.0,101.0,100.99,100840,101.84,23,100840.0, 100.00,2026-05-20
610GS2031, GS, 20-May-2026,102.0,99.45,102.0,98.0,98.0,98.0,98.22,681,0.67,10,601.0, 88.25,2026-05-20
633GS2035, GS, 20-May-2026,95.0,95.0,95.0,95.0,95.0,95.0,95.0,100,0.1,1,100.0, 100.00,2026-05-20
636GS2031, GS, 20-May-2026,98.78,99.9,99.9,99.9,99.9,99.9,99.9,500,0.5,2,500.0, 100.00,2026-05-20
63MOONS, EQ, 20-May-2026,697.4,694.7,718.85,682.0,690.0,688.5,699.52,212754,1488.25,7672,102817.0, 48.33,2026-05-20
648GS2035, GS, 20-May-2026,97.48,97.48,97.48,95.6,96.4,96.4,96.06,3305,3.17,11,1302.0, 39.39,2026-05-20
654GS2032, GS, 20-May-2026,99.97,99.21,99.21,99.16,99.16,99.16,99.16,5100,5.06,4,5100.0, 100.00,2026-05-20
664GS2035, GS, 20-May-2026,98.16,98.16,99.45,98.15,99.45,99.45,98.15,10631,10.43,8,10630.0, 99.99,2026-05-20
667GS2050, GS, 20-May-2026,93.1,90.77,93.7,90.77,93.5,93.5,93.49,1609,1.5,4,1609.0, 100.00,2026-05-20
668GS2040, GS, 20-May-2026,96.53,96.75,96.75,96.25,96.25,96.32,96.6,217800,210.4,17,217800.0, 100.00,2026-05-20
675GS2029, GS, 20-May-2026,103.2,103.0,103.0,103.0,103.0,103.0,103.0,100,0.1,1,100.0, 100.00,2026-05-20
676GS2061, GS, 20-May-2026,90.0,90.1,90.1,89.73,89.89,89.89,89.82,12507,11.23,16,12506.0, 99.99,2026-05-20
679GS2034A, GS, 20-May-2026,95.4,96.0,96.0,96.0,96.0,96.0,96.0,100,0.1,1,100.0, 100.00,2026-05-20
68GS2060, GS, 20-May-2026,92.04,94.4,94.4,94.4,94.4,94.4,94.4,1,0.0,1,1.0, 100.00,2026-05-20
690GS2065, GS, 20-May-2026,90.6,90.06,90.47,90.06,90.43,90.4,90.36,11668,10.54,28,11668.0, 100.00,2026-05-20
694GS2036, GS, 20-May-2026,99.9,99.9,100.0,98.01,99.0,99.0,99.86,2701,2.7,12,2600.0, 96.26,2026-05-20
695GS2061, GS, 20-May-2026,94.0,94.95,94.95,94.0,94.0,94.0,94.44,43,0.04,5,23.0, 53.49,2026-05-20
697GR2034, GS, 20-May-2026,99.1,96.15,96.15,95.0,95.0,95.0,95.77,300,0.29,2,300.0, 100.00,2026-05-20
699GS2051, GS, 20-May-2026,94.51,95.5,95.5,94.5,94.5,94.5,94.5,13058,12.34,18,13058.0, 100.00,2026-05-20
702GS2027, GS, 20-May-2026,103.57,103.57,103.57,103.51,103.51,103.51,103.52,1224,1.27,4,1224.0, 100.00,2026-05-20
706GS2028, GS, 20-May-2026,101.27,101.32,101.5,101.12,101.48,101.43,101.37,20995,21.28,17,20995.0, 100.00,2026-05-20
709GS2054, GS, 20-May-2026,95.51,95.5,95.5,95.3,95.4,95.4,95.37,2387,2.28,9,2387.0, 100.00,2026-05-20
709GS2074, GS, 20-May-2026,96.09,96.85,96.85,96.04,96.04,96.37,96.55,261,0.25,7,255.0, 97.70,2026-05-20
717GS2030, GS, 20-May-2026,102.0,100.56,101.4,100.56,101.4,101.4,101.25,1100,1.11,4,1000.0, 90.91,2026-05-20
718GS2033, GS, 20-May-2026,102.0,101.5,101.5,101.5,101.5,101.5,101.5,100,0.1,1,100.0, 100.00,2026-05-20
718GS2037, GS, 20-May-2026,102.14,102.4,102.4,102.24,102.24,102.24,102.25,640,0.65,6,640.0, 100.00,2026-05-20
723GS2039, GS, 20-May-2026,104.5,102.6,104.5,102.6,104.5,104.5,104.45,3600,3.76,5,3600.0, 100.00,2026-05-20
724GS2055, GS, 20-May-2026,96.99,97.5,97.5,96.63,96.99,96.86,96.89,139956,135.6,50,139936.0, 99.99,2026-05-20
725GS2063, GS, 20-May-2026,97.27,97.45,97.45,96.71,97.4,97.35,97.27,39408,38.33,49,36958.0, 93.78,2026-05-20
726GS2033, GS, 20-May-2026,104.0,102.01,102.01,102.01,102.01,102.01,102.01,1000,1.02,1,1000.0, 100.00,2026-05-20
732GS2030, GS, 20-May-2026,101.25,101.25,101.5,101.25,101.5,101.5,101.25,3269,3.31,6,3261.0, 99.76,2026-05-20
734GS2064, GS, 20-May-2026,96.51,96.3,96.3,95.95,96.1,96.11,96.08,1034284,993.77,816,1023101.0, 98.92,2026-05-20
736GS2052, GS, 20-May-2026,102.0,101.0,107.1,101.0,107.1,107.1,101.02,301,0.3,2,301.0, 100.00,2026-05-20
737GS2028, GS, 20-May-2026,101.91,102.15,102.2,102.05,102.2,102.2,102.13,4897,5.0,6,4897.0, 100.00,2026-05-20
738GS2027, GS, 20-May-2026,104.3,101.69,104.45,101.69,104.45,104.38,104.31,36693,38.28,24,35593.0, 97.00,2026-05-20
73GS2053, GS, 20-May-2026,98.5,98.7,100.14,98.6,100.14,100.13,98.67,1239,1.22,18,1144.0, 92.33,2026-05-20
741GS2036, GS, 20-May-2026,104.4,104.88,104.88,103.95,103.95,103.95,104.04,211,0.22,4,200.0, 94.79,2026-05-20
743GS2076, GS, 20-May-2026,99.35,99.5,100.0,99.5,100.0,100.0,99.73,9100,9.08,4,9100.0, 100.00,2026-05-20
746GS2073, GS, 20-May-2026,99.5,100.0,100.0,97.5,98.0,98.07,99.1,30168,29.9,69,27496.0, 91.14,2026-05-20
74GS2062, GS, 20-May-2026,101.99,97.1,101.4,97.1,101.4,101.4,99.25,200,0.2,3,100.0, 50.00,2026-05-20
750GS2056, GS, 20-May-2026,98.5,98.5,98.5,98.5,98.5,98.5,98.5,100,0.1,1,100.0, 100.00,2026-05-20
754GS2036, GS, 20-May-2026,106.85,106.99,107.0,106.63,106.85,106.87,106.79,513220,548.08,279,503044.0, 98.02,2026-05-20
771GS2066, GS, 20-May-2026,100.0,100.5,100.5,100.4,100.48,100.48,100.47,14986,15.06,13,14986.0, 100.00,2026-05-20
828GS2027, GS, 20-May-2026,159.8,167.79,167.79,167.79,167.79,167.79,167.79,1,0.0,1,1.0, 100.00,2026-05-20
92GS2030, GS, 20-May-2026,111.0,112.0,113.5,111.95,112.0,111.99,112.03,31611,35.41,33,31490.0, 99.62,2026-05-20
A2ZINFRA, EQ, 20-May-2026,14.13,14.2,14.6,13.9,14.39,14.34,14.28,276430,39.49,568,225755.0, 81.67,2026-05-20
AAATECH, EQ, 20-May-2026,95.45,96.96,96.96,92.5,93.93,93.71,94.08,13232,12.45,379,8801.0, 66.51,2026-05-20
AADHARHFC, EQ, 20-May-2026,472.7,468.6,486.35,465.8,477.55,479.7,478.51,428454,2050.18,22788,244055.0, 56.96,2026-05-20
AAKAAR, SM, 20-May-2026,60.05,63.05,63.05,63.05,63.05,63.05,63.05,1600,1.01,1,1600.0, 100.00,2026-05-20
AAKASH, BE, 20-May-2026,8.91,9.13,9.13,8.91,9.0,9.0,9.0,83406,7.5,303,, -,2026-05-20
AARADHYA, SM, 20-May-2026,88.0,88.05,94.0,88.0,94.0,94.0,91.0,4800,4.37,4,3600.0, 75.00,2026-05-20
AAREYDRUGS, BE, 20-May-2026,85.38,82.6,86.9,81.12,85.0,85.06,85.08,81777,69.57,256,, -,2026-05-20
AARNAV, EQ, 20-May-2026,21.99,22.68,25.0,21.76,22.85,22.55,23.41,411052,96.21,1018,312380.0, 76.00,2026-05-20
AARON, EQ, 20-May-2026,123.7,125.01,128.26,119.93,122.0,122.51,123.61,14211,17.57,612,8663.0, 60.96,2026-05-20
AARTECH, EQ, 20-May-2026,42.55,43.38,43.38,40.28,42.5,41.81,41.83,54132,22.65,404,32152.0, 59.40,2026-05-20
AARTIDRUGS, EQ, 20-May-2026,378.35,375.3,386.4,370.1,381.0,381.65,378.31,181338,686.02,6417,98970.0, 54.58,2026-05-20
AARTIIND, EQ, 20-May-2026,469.25,465.0,469.45,460.2,465.4,463.35,463.69,327354,1517.9,11550,108627.0, 33.18,2026-05-20
AARTIPHARM, EQ, 20-May-2026,705.9,700.45,709.7,698.1,703.0,700.75,702.46,108092,759.31,7930,47792.0, 44.21,2026-05-20
AARTISURF, EQ, 20-May-2026,389.4,384.0,392.75,380.7,387.0,383.75,385.01,4378,16.86,491,2486.0, 56.78,2026-05-20
AARVI, EQ, 20-May-2026,124.11,126.49,126.49,123.64,124.53,124.94,124.79,7042,8.79,151,4626.0, 65.69,2026-05-20
AAVAS, EQ, 20-May-2026,1336.4,1325.0,1372.8,1319.4,1361.1,1358.2,1346.18,41006,552.01,6322,18141.0, 44.24,2026-05-20
ABANSENT, BE, 20-May-2026,27.33,26.0,26.0,25.97,25.97,25.97,25.98,7380,1.92,64,, -,2026-05-20
ABB, EQ, 20-May-2026,6329.0,6260.0,6624.0,6259.5,6600.0,6605.0,6503.99,546490,35543.68,54920,245204.0, 44.87,2026-05-20
ABBOTINDIA, EQ, 20-May-2026,27795.0,27845.0,27950.0,27320.0,27450.0,27445.0,27625.41,5283,1459.45,2860,2607.0, 49.35,2026-05-20
ABCAPITAL, EQ, 20-May-2026,351.2,353.0,355.85,342.8,353.1,353.1,348.55,10862203,37859.95,98982,6235154.0, 57.40,2026-05-20
ABCOTS, EQ, 20-May-2026,219.75,215.36,219.39,214.84,216.3,218.64,218.34,30601,66.82,891,11232.0, 36.70,2026-05-20
ABDL, EQ, 20-May-2026,531.5,529.5,534.9,510.65,533.2,532.25,527.49,246431,1299.91,8502,121480.0, 49.30,2026-05-20
ABFRL, EQ, 20-May-2026,62.46,62.1,63.21,61.67,62.55,62.53,62.55,1882031,1177.17,9823,1048648.0, 55.72,2026-05-20
ABGSEC, EQ, 20-May-2026,111.05,111.19,111.53,110.77,110.77,110.77,111.24,310,0.34,9,268.0, 86.45,2026-05-20
ABHAPOWER, SM, 20-May-2026,33.55,33.55,34.35,33.55,34.35,34.35,33.81,8000,2.7,5,4800.0, 60.00,2026-05-20
ABINFRA, EQ, 20-May-2026,12.82,12.92,13.44,12.37,13.03,12.92,12.95,2959760,383.27,3874,1079778.0, 36.48,2026-05-20
ABLBL, EQ, 20-May-2026,103.24,102.33,103.99,100.1,101.55,101.46,101.56,642111,652.11,18817,348119.0, 54.21,2026-05-20
ABMINTLLTD, EQ, 20-May-2026,45.73,43.45,48.01,43.45,43.9,44.84,44.66,907,0.41,45,650.0, 71.66,2026-05-20
ABMKNO, EQ, 20-May-2026,230.0,230.0,230.0,216.0,226.0,226.0,228.98,3925,8.99,59,3830.0, 97.58,2026-05-20
ABREL, EQ, 20-May-2026,1271.2,1268.0,1285.2,1245.8,1272.0,1279.0,1268.15,112979,1432.74,10110,37636.0, 33.31,2026-05-20
ABSL10BANK, EQ, 20-May-2026,159.38,158.35,159.42,157.9,158.88,158.88,158.42,367,0.58,15,297.0, 80.93,2026-05-20
ABSLAMC, EQ, 20-May-2026,1036.9,1036.0,1036.8,1001.6,1018.0,1021.1,1015.0,202338,2053.72,21130,82042.0, 40.55,2026-05-20
ABSLBANETF, EQ, 20-May-2026,54.67,54.51,54.86,54.0,54.75,54.79,54.33,78317,42.55,341,51901.0, 66.27,2026-05-20
ABSLLIQUID, EQ, 20-May-2026,1000.0,999.99,1000.01,999.99,1000.0,1000.0,1000.0,2799,27.99,24,2611.0, 93.28,2026-05-20
ABSLMSCIN, EQ, 20-May-2026,28.75,28.52,28.68,28.52,28.68,28.68,28.61,181,0.05,7,37.0, 20.44,2026-05-20
ABSLNN50ET, EQ, 20-May-2026,72.26,72.58,73.01,71.62,72.95,72.87,72.48,17163,12.44,159,15358.0, 89.48,2026-05-20
ABSLPSE, EQ, 20-May-2026,10.76,10.76,10.81,10.6,10.78,10.76,10.69,200307,21.42,401,157796.0, 78.78,2026-05-20
ABSMARINE, SM, 20-May-2026,236.55,232.9,240.95,232.05,235.95,234.65,236.23,48000,113.39,82,32000.0, 66.67,2026-05-20
ACC, EQ, 20-May-2026,1359.3,1353.8,1353.8,1343.0,1352.0,1351.6,1349.82,95705,1291.85,6582,59553.0, 62.23,2026-05-20
ACCELYA, EQ, 20-May-2026,1120.2,1120.2,1129.2,1101.1,1109.0,1106.4,1110.1,3568,39.61,583,2138.0, 59.92,2026-05-20
ACCENTMIC, SM, 20-May-2026,425.25,425.0,427.0,411.5,418.0,418.6,421.4,33000,139.06,59,22500.0, 68.18,2026-05-20
ACCORD, ST, 20-May-2026,50.5,53.0,53.0,53.0,53.0,53.0,53.0,2000,1.06,1,2000.0, 100.00,2026-05-20
ACCPL, ST, 20-May-2026,108.95,103.55,114.35,103.55,113.0,113.0,111.65,61200,68.33,43,55200.0, 90.20,2026-05-20
ACCURACY, EQ, 20-May-2026,5.24,5.25,5.36,5.25,5.36,5.29,5.32,55919,2.97,319,42518.0, 76.03,2026-05-20
ACE, EQ, 20-May-2026,881.95,873.05,903.85,868.05,899.0,896.85,891.62,211457,1885.38,10915,91818.0, 43.42,2026-05-20
ACEINTEG, EQ, 20-May-2026,19.09,19.1,19.9,19.1,19.9,19.83,19.78,8398,1.66,51,7800.0, 92.88,2026-05-20
ACETEC, SM, 20-May-2026,124.0,124.75,124.75,124.0,124.0,124.0,124.13,7200,8.94,2,7200.0, 100.00,2026-05-20
ACI, EQ, 20-May-2026,538.8,538.8,538.8,520.05,520.5,521.5,525.71,114014,599.38,6391,65958.0, 57.85,2026-05-20
ACL, EQ, 20-May-2026,55.12,55.12,55.92,55.0,55.19,55.23,55.28,5440,3.01,147,3290.0, 60.48,2026-05-20
ACMESOLAR, EQ, 20-May-2026,282.85,282.0,289.3,280.65,281.35,281.65,283.87,1909502,5420.57,38503,938384.0, 49.14,2026-05-20
ACSTECH, EQ, 20-May-2026,33.28,33.0,33.94,32.67,33.69,33.18,33.33,94072,31.35,484,62498.0, 66.44,2026-05-20
ACUTAAS, EQ, 20-May-2026,2886.5,2870.0,2909.8,2849.0,2897.1,2880.6,2872.3,389160,11177.83,39704,200729.0, 51.58,2026-05-20
ADANIENSOL, EQ, 20-May-2026,1329.5,1319.0,1359.8,1307.5,1355.0,1346.1,1332.48,2786130,37124.65,61691,1444278.0, 51.84,2026-05-20
ADANIENT, EQ, 20-May-2026,2725.0,2715.0,2720.0,2685.1,2705.5,2704.8,2700.43,1187449,32066.2,48389,199164.0, 16.77,2026-05-20
ADANIGREEN, EQ, 20-May-2026,1377.8,1360.0,1370.0,1348.1,1368.6,1363.2,1361.62,2669468,36348.07,48823,405746.0, 15.20,2026-05-20
ADANIPORTS, EQ, 20-May-2026,1762.8,1749.0,1777.8,1744.3,1770.0,1772.6,1765.7,1283223,22657.82,52534,423711.0, 33.02,2026-05-20
ADANIPOWER, EQ, 20-May-2026,219.09,218.9,220.6,216.19,220.4,220.24,219.01,22506946,49292.33,121080,5250576.0, 23.33,2026-05-20
ADDICTIVE, SM, 20-May-2026,70.85,71.0,71.0,70.5,70.5,70.5,70.7,2500,1.77,5,2500.0, 100.00,2026-05-20
ADFFOODS, EQ, 20-May-2026,269.15,268.9,274.7,262.2,262.2,263.8,267.46,150607,402.81,5550,69968.0, 46.46,2026-05-20
ADISOFT, SM, 20-May-2026,209.0,204.4,207.95,201.0,204.05,205.55,204.37,47200,96.46,53,34400.0, 72.88,2026-05-20
ADL, EQ, 20-May-2026,75.9,75.5,77.8,73.55,77.8,77.71,76.86,3954,3.04,61,2701.0, 68.31,2026-05-20
ADOR, EQ, 20-May-2026,1055.2,1057.7,1066.8,1050.1,1058.0,1056.1,1058.51,7803,82.6,735,4542.0, 58.21,2026-05-20
ADROITINFO, EQ, 20-May-2026,9.16,9.16,9.63,8.9,9.09,8.96,9.1,93958,8.55,373,76025.0, 80.91,2026-05-20
ADSL, EQ, 20-May-2026,124.56,122.69,125.0,121.51,124.7,124.22,123.44,114560,141.42,2909,38385.0, 33.51,2026-05-20
ADVAIT, EQ, 20-May-2026,1890.4,1880.9,2000.0,1869.8,1985.1,1992.2,1956.05,56568,1106.5,6575,24956.0, 44.12,2026-05-20
ADVANCE, EQ, 20-May-2026,100.62,101.0,102.79,99.0,100.62,101.67,100.72,41990,42.29,623,18553.0, 44.18,2026-05-20
ADVANIHOTR, EQ, 20-May-2026,52.71,53.0,53.8,52.74,52.89,53.2,52.96,16313,8.64,382,11738.0, 71.95,2026-05-20
ADVENTHTL, EQ, 20-May-2026,150.57,146.3,148.0,140.66,141.8,141.69,142.46,223523,318.44,3741,124813.0, 55.84,2026-05-20
ADVENZYMES, EQ, 20-May-2026,386.3,380.1,394.95,377.7,389.75,388.9,385.83,286091,1103.82,10801,114544.0, 40.04,2026-05-20
AEGISLOG, EQ, 20-May-2026,700.5,700.0,721.0,686.0,714.0,709.95,711.18,571349,4063.32,33807,218307.0, 38.21,2026-05-20
AEGISVOPAK, EQ, 20-May-2026,199.1,198.5,201.51,195.1,199.0,199.65,199.57,210061,419.22,6716,82350.0, 39.20,2026-05-20
AEPL, EQ, 20-May-2026,16.18,16.1,16.98,16.01,16.26,16.69,16.56,37697,6.24,250,31740.0, 84.20,2026-05-20
AEQUS, EQ, 20-May-2026,197.67,197.66,214.6,191.67,207.0,206.19,203.28,4846014,9851.0,66960,1562400.0, 32.24,2026-05-20
AEROENTER, EQ, 20-May-2026,100.2,99.75,100.8,98.29,99.23,99.24,99.8,287085,286.52,2880,74804.0, 26.06,2026-05-20
AEROFLEX, EQ, 20-May-2026,381.8,379.0,394.85,373.25,390.5,391.05,387.99,2315031,8982.11,26454,753547.0, 32.55,2026-05-20
AERON, SM, 20-May-2026,96.15,97.9,98.0,97.9,98.0,98.0,97.95,2000,1.96,2,2000.0, 100.00,2026-05-20
AERONEU, EQ, 20-May-2026,93.55,95.4,95.4,89.62,91.0,92.41,91.17,100232,91.38,1725,15752.0, 15.72,2026-05-20
AESTHETIK, SM, 20-May-2026,73.0,74.0,74.0,73.95,73.95,73.95,73.97,3000,2.22,3,3000.0, 100.00,2026-05-20
AETHER, EQ, 20-May-2026,1095.9,1082.4,1106.9,1071.7,1083.0,1085.5,1087.33,207708,2258.46,23673,137294.0, 66.10,2026-05-20
AFCONS, EQ, 20-May-2026,315.75,310.0,312.0,304.1,305.45,305.4,307.71,657268,2022.47,12344,221055.0, 33.63,2026-05-20
AFFLE, EQ, 20-May-2026,1457.2,1459.1,1462.0,1423.8,1451.0,1443.9,1438.84,158306,2277.78,21976,76317.0, 48.21,2026-05-20
AFFORDABLE, BE, 20-May-2026,163.9,163.9,166.85,162.8,165.55,164.26,164.43,5663,9.31,109,, -,2026-05-20
AFIL, BE, 20-May-2026,8.82,9.0,9.24,8.7,9.18,9.12,9.09,1105563,100.55,564,, -,2026-05-20
AFSL, EQ, 20-May-2026,201.0,201.01,202.18,201.0,201.03,201.02,201.09,32282,64.91,145,28938.0, 89.64,2026-05-20
AGARIND, EQ, 20-May-2026,403.75,401.2,410.4,397.0,400.0,400.55,400.96,35552,142.55,1431,19169.0, 53.92,2026-05-20
AGARWALEYE, EQ, 20-May-2026,456.85,453.4,464.95,448.2,461.0,459.7,458.16,48797,223.57,3415,21683.0, 44.44,2026-05-20
AGARWALTUF, SM, 20-May-2026,123.6,123.0,126.3,123.0,125.05,125.15,124.98,94800,118.48,16,87600.0, 92.41,2026-05-20
AGI, EQ, 20-May-2026,577.8,576.0,587.25,570.9,574.7,574.4,579.79,190499,1104.5,6110,58138.0, 30.52,2026-05-20
AGIIL, EQ, 20-May-2026,381.35,382.0,400.9,375.15,380.05,381.7,386.92,3092420,11965.32,18711,727645.0, 23.53,2026-05-20
AGNI, SM, 20-May-2026,20.0,20.0,20.0,20.0,20.0,20.0,20.0,2500,0.5,1,2500.0, 100.00,2026-05-20
AGRITECH, EQ, 20-May-2026,107.14,107.0,109.7,106.61,106.75,107.52,107.78,879,0.95,50,491.0, 55.86,2026-05-20
AGROPHOS, EQ, 20-May-2026,29.68,30.8,31.2,29.56,30.5,30.49,30.42,22269,6.78,178,10511.0, 47.20,2026-05-20
AGUL, SM, 20-May-2026,64.0,61.8,61.8,61.8,61.8,61.8,61.8,12000,7.42,3,12000.0, 100.00,2026-05-20
AHCL, EQ, 20-May-2026,13.47,13.4,13.6,13.26,13.28,13.31,13.39,908362,121.61,2822,459157.0, 50.55,2026-05-20
AHLADA, EQ, 20-May-2026,39.25,39.9,40.29,38.7,40.0,39.5,39.71,16927,6.72,198,9770.0, 57.72,2026-05-20
AHLEAST, EQ, 20-May-2026,160.1,163.0,172.01,162.2,171.3,169.5,169.22,47660,80.65,660,33549.0, 70.39,2026-05-20
AHLUCONT, EQ, 20-May-2026,789.7,780.0,792.4,774.25,792.4,789.95,785.96,25572,200.99,2380,14164.0, 55.39,2026-05-20
AHLWEST, BE, 20-May-2026,649.15,681.6,681.6,681.6,681.6,681.6,681.6,2703,18.42,43,, -,2026-05-20
AIAENG, EQ, 20-May-2026,4002.6,3982.8,4020.7,3921.1,3970.0,3962.2,3965.89,19072,756.37,7047,11647.0, 61.07,2026-05-20
AIIL, EQ, 20-May-2026,496.7,499.6,511.65,486.0,506.0,507.85,496.6,936735,4651.83,20605,662179.0, 70.69,2026-05-20
AIMTRON, SM, 20-May-2026,1071.5,1053.0,1085.0,1035.0,1085.0,1078.95,1059.34,43400,459.75,174,28000.0, 64.52,2026-05-20
AIRAN, EQ, 20-May-2026,16.31,16.31,16.77,16.31,16.38,16.38,16.41,21182,3.48,158,15350.0, 72.47,2026-05-20
AIROLAM, EQ, 20-May-2026,84.16,83.8,85.8,82.2,82.4,82.86,82.89,2669,2.21,56,2478.0, 92.84,2026-05-20
AJANTPHARM, EQ, 20-May-2026,3248.2,3250.0,3258.0,3182.0,3184.0,3188.8,3202.52,47927,1534.87,10291,22431.0, 46.80,2026-05-20
AJAXENGG, EQ, 20-May-2026,568.0,567.9,581.0,563.95,565.8,569.35,573.21,100201,574.36,6344,39806.0, 39.73,2026-05-20
AJMERA, EQ, 20-May-2026,120.06,118.26,123.22,117.23,121.5,122.04,120.0,316570,379.88,4329,154130.0, 48.69,2026-05-20
AJOONI, EQ, 20-May-2026,4.17,4.13,4.17,4.11,4.15,4.16,4.14,235209,9.74,299,119082.0, 50.63,2026-05-20
AKASH, EQ, 20-May-2026,26.77,26.77,27.75,26.76,27.75,27.47,27.09,17158,4.65,77,8224.0, 47.93,2026-05-20
AKCAPIT, EQ, 20-May-2026,1599.9,1598.0,1598.9,1552.2,1563.1,1589.3,1570.72,13,0.2,5,12.0, 92.31,2026-05-20
AKG, EQ, 20-May-2026,11.19,11.25,11.55,11.14,11.31,11.31,11.32,2045,0.23,45,1510.0, 73.84,2026-05-20
AKI, EQ, 20-May-2026,4.86,4.95,4.95,4.8,4.9,4.88,4.89,70687,3.45,187,46593.0, 65.91,2026-05-20
AKIKO, ST, 20-May-2026,270.0,274.0,283.5,272.0,282.0,282.0,281.37,18400,51.77,21,17600.0, 95.65,2026-05-20
AKSHAR, EQ, 20-May-2026,0.49,0.49,0.5,0.49,0.5,0.49,0.49,428543,2.11,218,281632.0, 65.72,2026-05-20
AKSHARCHEM, EQ, 20-May-2026,197.66,200.6,205.0,192.9,195.0,195.53,198.31,1758,3.49,128,961.0, 54.66,2026-05-20
AKSHOPTFBR, BE, 20-May-2026,6.41,6.29,6.29,6.29,6.29,6.29,6.29,20934,1.32,38,, -,2026-05-20
AKUMS, EQ, 20-May-2026,519.8,516.0,523.65,510.35,512.5,514.95,515.94,322065,1661.68,10837,215123.0, 66.79,2026-05-20
ALANKIT, EQ, 20-May-2026,8.62,8.48,8.74,8.38,8.69,8.61,8.58,80294,6.89,653,50355.0, 62.71,2026-05-20
ALBERTDAVD, EQ, 20-May-2026,716.45,707.2,711.65,704.85,708.0,708.35,707.83,734,5.2,62,443.0, 60.35,2026-05-20
ALCODIS, ST, 20-May-2026,78.6,78.6,78.6,78.6,78.6,78.6,78.6,625,0.49,1,625.0, 100.00,2026-05-20
ALEMBICLTD, EQ, 20-May-2026,89.84,87.0,88.57,86.02,87.25,87.27,87.39,371452,324.62,3234,187022.0, 50.35,2026-05-20
ALGOQUANT, EQ, 20-May-2026,58.45,58.2,60.0,55.49,58.9,58.26,57.2,1663434,951.56,6926,247176.0, 14.86,2026-05-20
ALICON, EQ, 20-May-2026,653.05,646.5,659.95,630.0,652.2,656.55,648.07,6731,43.62,952,3461.0, 51.42,2026-05-20
ALIVUS, EQ, 20-May-2026,1061.6,1066.0,1079.3,1052.1,1062.0,1060.8,1063.23,66607,708.19,6078,41869.0, 62.86,2026-05-20
ALKALI, EQ, 20-May-2026,64.68,69.0,69.0,64.1,68.43,67.02,66.87,8477,5.67,184,3707.0, 43.73,2026-05-20
ALKEM, EQ, 20-May-2026,5470.0,5437.5,5507.5,5416.5,5440.0,5436.5,5452.25,50467,2751.59,10531,23018.0, 45.61,2026-05-20
ALKYLAMINE, EQ, 20-May-2026,1766.3,1749.9,1816.4,1738.0,1759.0,1776.6,1785.34,178107,3179.82,22354,45066.0, 25.30,2026-05-20
ALLCARGO, EQ, 20-May-2026,8.66,8.6,8.7,8.46,8.7,8.63,8.6,1961301,168.57,3467,880807.0, 44.91,2026-05-20
ALLDIGI, EQ, 20-May-2026,825.4,830.5,830.5,807.0,825.0,821.2,822.97,3571,29.39,299,2461.0, 68.92,2026-05-20
ALLETEC, SM, 20-May-2026,152.0,151.9,152.0,146.0,152.0,148.7,150.47,10000,15.05,24,8000.0, 80.00,2026-05-20
ALLTIME, EQ, 20-May-2026,235.39,234.0,241.8,232.83,241.0,240.39,239.19,46776,111.88,1374,29648.0, 63.38,2026-05-20
ALMONDZ, EQ, 20-May-2026,14.35,13.99,16.2,13.99,15.23,15.13,15.05,101744,15.31,581,64521.0, 63.42,2026-05-20
ALOKINDS, EQ, 20-May-2026,12.88,12.86,12.88,12.31,12.42,12.49,12.43,10338312,1284.99,15419,5451179.0, 52.73,2026-05-20
ALPA, EQ, 20-May-2026,69.78,69.7,69.7,66.8,68.08,68.22,68.15,16844,11.48,293,8908.0, 52.89,2026-05-20
ALPEXSOLAR, SM, 20-May-2026,980.85,983.0,1015.0,966.75,1015.0,1009.85,993.05,52400,520.36,374,37100.0, 70.80,2026-05-20
ALPHA, EQ, 20-May-2026,49.51,49.06,49.99,48.96,49.71,49.87,49.53,715423,354.33,2113,380802.0, 53.23,2026-05-20
ALPHAETF, EQ, 20-May-2026,25.44,25.43,25.7,25.1,25.68,25.67,25.51,273001,69.63,785,171071.0, 62.66,2026-05-20
ALPHAGEO, EQ, 20-May-2026,229.65,233.86,233.86,223.45,223.45,224.84,227.91,3683,8.39,214,2229.0, 60.52,2026-05-20
ALPL30IETF, EQ, 20-May-2026,26.52,26.52,27.13,26.25,26.57,26.57,26.49,2494116,660.63,793,1573990.0, 63.11,2026-05-20
ALUWIND, SM, 20-May-2026,48.5,48.0,51.9,48.0,51.9,51.9,49.88,13500,6.73,6,12000.0, 88.89,2026-05-20
AMAGI, EQ, 20-May-2026,406.65,407.2,438.8,397.6,413.9,410.1,413.64,763371,3157.62,39879,287608.0, 37.68,2026-05-20
AMANTA, EQ, 20-May-2026,132.36,131.0,131.0,125.5,125.67,126.35,127.52,88972,113.45,1456,42640.0, 47.93,2026-05-20
AMBAAUTO, SM, 20-May-2026,130.0,126.05,129.0,118.2,123.0,123.05,123.54,35000,43.24,32,22000.0, 62.86,2026-05-20
AMBALALSA, EQ, 20-May-2026,31.26,32.0,33.25,31.13,33.2,32.84,32.48,67491,21.92,958,37454.0, 55.49,2026-05-20
AMBER, EQ, 20-May-2026,7128.5,7089.0,7117.5,6938.0,7066.0,7049.5,7023.95,560508,39369.81,71001,183271.0, 32.70,2026-05-20
AMBEY, ST, 20-May-2026,25.75,24.5,24.65,24.5,24.65,24.65,24.58,4000,0.98,2,2000.0, 50.00,2026-05-20
AMBICAAGAR, EQ, 20-May-2026,23.82,24.0,24.0,23.5,23.5,23.55,23.72,291,0.07,15,266.0, 91.41,2026-05-20
AMBIKCO, EQ, 20-May-2026,1530.2,1524.1,1547.0,1512.0,1522.9,1520.2,1527.4,4103,62.67,555,1901.0, 46.33,2026-05-20
AMBUJACEM, EQ, 20-May-2026,431.7,428.2,431.6,425.15,430.65,430.25,428.46,1976324,8467.74,29219,813098.0, 41.14,2026-05-20
AMCL, SM, 20-May-2026,534.6,530.05,530.05,505.0,505.0,509.0,522.42,27200,142.1,40,20000.0, 73.53,2026-05-20
AMDIND, EQ, 20-May-2026,45.02,45.02,46.4,44.8,45.21,45.45,45.53,6595,3.0,127,3788.0, 57.44,2026-05-20
AMEYA, SM, 20-May-2026,115.9,117.05,117.05,113.05,113.05,113.05,114.83,5000,5.74,5,4000.0, 80.00,2026-05-20
AMIRCHAND, EQ, 20-May-2026,130.57,130.89,130.9,127.21,129.0,128.9,128.43,322058,413.61,2540,174702.0, 54.25,2026-05-20
AMJLAND, EQ, 20-May-2026,38.44,38.44,39.98,38.0,39.65,39.61,38.85,5066,1.97,144,3387.0, 66.86,2026-05-20
AMNPLST, EQ, 20-May-2026,197.33,193.0,199.78,193.0,196.0,194.79,196.52,16998,33.41,1024,6536.0, 38.45,2026-05-20
AMRUTANJAN, EQ, 20-May-2026,557.35,555.0,555.0,546.05,551.9,550.5,550.99,8580,47.28,652,4385.0, 51.11,2026-05-20
ANANDRATHI, EQ, 20-May-2026,3566.7,3566.7,3567.5,3480.1,3521.0,3533.7,3505.64,797104,27943.63,19277,431177.0, 54.09,2026-05-20
ANANTAM, IV, 20-May-2026,107.05,110.0,110.0,107.0,107.56,107.56,107.96,7385,7.97,106,4932.0, 66.78,2026-05-20
ANANTRAJ, EQ, 20-May-2026,482.45,477.0,490.0,472.0,489.0,488.7,483.73,1197705,5793.66,22206,281953.0, 23.54,2026-05-20
ANDHRAPAP, EQ, 20-May-2026,63.26,63.1,63.89,62.67,63.79,63.58,63.22,21464,13.57,417,13935.0, 64.92,2026-05-20
ANDHRSUGAR, EQ, 20-May-2026,90.82,90.05,92.29,89.41,90.05,90.73,90.96,215123,195.67,3297,98743.0, 45.90,2026-05-20
ANGELONE, EQ, 20-May-2026,328.0,326.4,328.55,321.25,325.0,325.0,324.4,6591462,21382.7,56678,1260417.0, 19.12,2026-05-20
ANIKINDS, BE, 20-May-2026,42.14,42.35,43.9,40.61,43.86,43.73,42.33,1578,0.67,41,, -,2026-05-20
ANKITMETAL, BZ, 20-May-2026,1.62,1.62,1.63,1.57,1.58,1.6,1.61,36299,0.58,47,, -,2026-05-20
ANLON, ST, 20-May-2026,550.0,546.25,569.0,546.25,569.0,569.0,562.53,2400,13.5,5,2400.0, 100.00,2026-05-20
ANMOL, EQ, 20-May-2026,11.47,11.68,11.68,11.15,11.22,11.21,11.32,28263,3.2,180,22265.0, 78.78,2026-05-20
ANNAPURNA, SM, 20-May-2026,145.05,141.5,145.05,140.0,145.0,144.15,143.35,19500,27.95,59,13250.0, 67.95,2026-05-20
ANONDITA, SM, 20-May-2026,993.0,993.0,1005.0,988.1,996.0,1000.05,999.84,67000,669.9,67,63800.0, 95.22,2026-05-20
ANSALAPI, BZ, 20-May-2026,4.42,4.45,4.45,4.34,4.34,4.34,4.34,7591,0.33,9,, -,2026-05-20
ANTELOPUS, EQ, 20-May-2026,750.3,770.0,785.05,740.5,742.0,746.05,766.08,158397,1213.45,5935,70138.0, 44.28,2026-05-20
ANTGRAPHIC, EQ, 20-May-2026,0.86,0.83,0.88,0.83,0.85,0.85,0.86,56546,0.48,201,40686.0, 71.95,2026-05-20
ANTHEM, EQ, 20-May-2026,787.35,801.0,819.65,765.2,779.5,780.5,789.76,2304094,18196.91,104527,1008949.0, 43.79,2026-05-20
ANUHPHR, EQ, 20-May-2026,79.76,79.5,82.44,78.75,81.5,81.19,81.06,71721,58.13,1212,48427.0, 67.52,2026-05-20
ANUP, EQ, 20-May-2026,1955.5,1944.0,1971.8,1912.0,1955.1,1952.0,1947.32,12748,248.24,2843,5950.0, 46.67,2026-05-20
ANURAS, EQ, 20-May-2026,1361.4,1353.6,1382.0,1353.6,1373.9,1371.5,1372.23,272265,3736.1,13213,88686.0, 32.57,2026-05-20
ANYA, SM, 20-May-2026,16.95,17.0,17.0,17.0,17.0,17.0,17.0,5000,0.85,1,5000.0, 100.00,2026-05-20
AONEGOLD, EQ, 20-May-2026,14.72,15.16,15.16,14.55,14.7,14.68,14.65,368251,53.94,1256,182656.0, 49.60,2026-05-20
AONELIQUID, EQ, 20-May-2026,1059.98,1060.11,1060.13,1060.11,1060.11,1060.12,1060.12,21069,223.36,146,14633.0, 69.45,2026-05-20
AONENIFTY, EQ, 20-May-2026,9.7,9.94,9.94,9.62,9.75,9.7,9.67,222115,21.48,1328,157130.0, 70.74,2026-05-20
AONESILVER, EQ, 20-May-2026,10.12,10.1,10.1,9.88,10.1,10.07,10.0,706617,70.67,1135,435150.0, 61.58,2026-05-20
AONETMMQ50, EQ, 20-May-2026,10.16,10.2,10.25,10.09,10.2,10.22,10.17,30017,3.05,254,23333.0, 77.73,2026-05-20
AONETOTAL, EQ, 20-May-2026,11.37,11.42,11.51,11.25,11.45,11.44,11.41,171290,19.54,1390,103691.0, 60.54,2026-05-20
APARINDS, EQ, 20-May-2026,12327.0,12150.0,12748.0,12141.0,12654.0,12676.0,12597.01,77431,9753.99,21801,24384.0, 31.49,2026-05-20
APCL, EQ, 20-May-2026,115.84,115.0,115.0,111.65,113.5,113.0,112.64,2836,3.19,98,1773.0, 62.52,2026-05-20
APCOTEXIND, EQ, 20-May-2026,508.45,508.85,515.45,500.15,501.0,503.7,507.5,67500,342.56,2646,30420.0, 45.07,2026-05-20
APEX, EQ, 20-May-2026,430.65,423.65,450.0,417.8,445.85,447.3,435.1,629815,2740.31,14857,92926.0, 14.75,2026-05-20
APEXECO, ST, 20-May-2026,189.0,191.0,193.9,187.05,189.5,192.2,191.09,22400,42.8,20,21600.0, 96.43,2026-05-20
APLAPOLLO, EQ, 20-May-2026,1864.5,1848.7,1874.5,1821.7,1874.0,1857.1,1842.11,583170,10742.64,39379,314687.0, 53.96,2026-05-20
APLLTD, EQ, 20-May-2026,751.1,751.1,762.25,736.55,749.95,752.35,748.25,68947,515.89,6905,31147.0, 45.18,2026-05-20
APOLLO, EQ, 20-May-2026,340.7,340.75,369.4,340.75,356.55,356.7,359.05,73859367,265195.19,524090,7845608.0, 10.62,2026-05-20
APOLLOHOSP, EQ, 20-May-2026,8026.0,7924.0,8140.0,7814.5,8075.0,8078.5,8050.34,492013,39608.72,53447,251846.0, 51.19,2026-05-20
APOLLOPIPE, EQ, 20-May-2026,509.1,506.55,519.55,499.0,506.15,507.6,509.4,591564,3013.41,10772,332011.0, 56.12,2026-05-20
APOLLOTYRE, EQ, 20-May-2026,371.9,371.85,377.15,365.3,375.5,375.9,372.83,1629986,6077.12,48362,642474.0, 39.42,2026-05-20
APOLSINHOT, EQ, 20-May-2026,1100.4,1154.9,1155.0,1085.3,1142.0,1137.1,1121.94,681,7.64,74,538.0, 79.00,2026-05-20
APRAMEYA, SM, 20-May-2026,191.6,193.45,193.8,189.0,193.0,192.9,192.13,4000,7.69,7,4000.0, 100.00,2026-05-20
APS, SM, 20-May-2026,352.75,353.5,369.9,353.0,355.0,355.75,358.99,33250,119.36,123,13000.0, 39.10,2026-05-20
APSISAERO, ST, 20-May-2026,269.45,260.0,282.9,256.1,282.9,282.9,272.21,20400,55.53,17,18000.0, 88.24,2026-05-20
APTECHT, EQ, 20-May-2026,98.27,99.22,101.25,93.8,94.97,95.4,96.96,1179683,1143.82,9508,294495.0, 24.96,2026-05-20
APTUS, EQ, 20-May-2026,254.55,253.0,274.2,250.5,268.5,269.1,267.14,2148323,5738.95,39591,712472.0, 33.16,2026-05-20
AQYLON, EQ, 20-May-2026,57.44,59.0,60.31,56.7,60.3,60.3,59.27,4638907,2749.3,7862,481857.0, 10.39,2026-05-20
ARABIAN, SM, 20-May-2026,68.5,67.2,67.2,67.2,67.2,67.2,67.2,4000,2.69,2,4000.0, 100.00,2026-05-20
ARCHIDPLY, EQ, 20-May-2026,79.99,76.5,81.2,76.5,78.99,80.01,79.58,6335,5.04,261,4346.0, 68.60,2026-05-20
ARCHIES, EQ, 20-May-2026,14.82,14.32,14.87,14.05,14.63,14.39,14.46,11943,1.73,116,8971.0, 75.12,2026-05-20
ARCIIL, ST, 20-May-2026,56.0,57.0,57.0,53.2,54.0,54.0,53.97,11000,5.94,11,11000.0, 100.00,2026-05-20
ARE&M, EQ, 20-May-2026,817.2,817.2,817.95,804.0,814.45,814.65,811.96,221396,1797.66,15075,89427.0, 40.39,2026-05-20
ARENTERP, EQ, 20-May-2026,37.37,37.38,38.98,37.0,37.0,37.0,37.07,1552,0.58,14,1355.0, 87.31,2026-05-20
ARFIN, EQ, 20-May-2026,89.21,89.37,93.44,85.0,89.0,91.82,90.2,2100553,1894.75,7511,177478.0, 8.45,2026-05-20
ARHAM, SM, 20-May-2026,139.95,140.05,140.95,139.0,140.95,140.9,140.35,11000,15.44,10,8000.0, 72.73,2026-05-20
ARIES, EQ, 20-May-2026,356.4,351.0,357.35,351.0,353.85,354.8,354.64,7835,27.79,405,5157.0, 65.82,2026-05-20
ARIHANT, EQ, 20-May-2026,852.35,910.0,940.0,825.0,918.9,865.9,859.71,2926,25.16,352,1434.0, 49.01,2026-05-20
ARIHANTCAP, EQ, 20-May-2026,68.93,69.0,70.24,68.03,69.25,69.49,69.38,149495,103.71,2030,80887.0, 54.11,2026-05-20
ARIHANTSUP, EQ, 20-May-2026,245.15,241.55,244.35,235.0,238.75,239.45,240.74,89475,215.41,2341,16469.0, 18.41,2026-05-20
ARIS, EQ, 20-May-2026,125.06,124.9,128.55,121.85,121.85,122.5,124.28,832779,1034.94,7803,313640.0, 37.66,2026-05-20
ARKADE, EQ, 20-May-2026,114.16,114.27,116.08,111.5,114.75,115.09,114.22,70699,80.75,1398,35324.0, 49.96,2026-05-20
ARMANFIN, EQ, 20-May-2026,1682.0,1679.9,1730.0,1620.0,1725.0,1713.1,1688.47,31799,536.92,3008,14037.0, 44.14,2026-05-20
ARMOUR, SM, 20-May-2026,20.0,20.15,21.6,20.15,20.25,20.9,20.67,6000,1.24,3,2000.0, 33.33,2026-05-20
AROGRANITE, EQ, 20-May-2026,25.17,25.17,25.71,25.15,25.7,25.3,25.47,2309,0.59,26,1940.0, 84.02,2026-05-20
ARROWGREEN, EQ, 20-May-2026,467.7,472.0,486.0,462.05,481.05,479.8,471.96,18640,87.97,1406,10944.0, 58.71,2026-05-20
ARSHIYA, BZ, 20-May-2026,1.17,1.18,1.21,1.14,1.19,1.19,1.17,194162,2.27,114,, -,2026-05-20
ARSSBL, EQ, 20-May-2026,530.05,521.0,527.45,514.8,520.5,517.1,519.46,271806,1411.91,6806,148639.0, 54.69,2026-05-20
ARTEMISMED, EQ, 20-May-2026,275.22,274.3,281.2,262.64,280.0,279.53,275.55,163863,451.52,5114,58305.0, 35.58,2026-05-20
ARTNIRMAN, EQ, 20-May-2026,40.12,40.25,42.12,40.25,42.12,42.08,41.97,1812,0.76,23,1762.0, 97.24,2026-05-20
ARUNAYA, ST, 20-May-2026,29.35,28.5,29.5,28.05,28.8,29.15,29.34,614000,180.15,134,610000.0, 99.35,2026-05-20
ARVEE, EQ, 20-May-2026,163.89,167.2,167.2,161.4,161.66,161.66,162.81,233,0.38,20,127.0, 54.51,2026-05-20
ARVIND, EQ, 20-May-2026,485.8,482.0,498.75,477.45,483.35,487.45,489.49,1124399,5503.86,29477,389846.0, 34.67,2026-05-20
ARVINDFASN, EQ, 20-May-2026,429.3,426.0,431.35,424.55,426.9,429.05,428.35,57163,244.86,4770,23508.0, 41.12,2026-05-20
ARVINDPORT, ST, 20-May-2026,34.0,32.35,35.4,32.35,35.4,35.4,33.88,3000,1.02,2,3000.0, 100.00,2026-05-20
ARVSMART, EQ, 20-May-2026,589.5,585.05,606.0,584.55,602.0,602.6,597.14,40099,239.45,1514,21703.0, 54.12,2026-05-20
ASAHIINDIA, EQ, 20-May-2026,837.75,835.45,835.45,820.8,827.0,828.95,827.54,26047,215.55,3981,11168.0, 42.88,2026-05-20
ASAHISONG, EQ, 20-May-2026,239.22,240.0,240.05,235.51,235.75,237.39,238.28,4775,11.38,216,2341.0, 49.03,2026-05-20
ASAL, EQ, 20-May-2026,482.7,484.0,484.0,474.3,475.2,477.75,478.73,10896,52.16,731,6914.0, 63.45,2026-05-20
ASALCBR, EQ, 20-May-2026,803.1,804.0,820.0,793.05,816.0,817.8,809.4,24441,197.83,1572,13474.0, 55.13,2026-05-20
ASHAPURMIN, EQ, 20-May-2026,638.2,630.1,638.5,624.8,635.35,634.35,632.47,353298,2234.49,11571,149033.0, 42.18,2026-05-20
ASHIANA, EQ, 20-May-2026,364.45,365.4,384.8,356.5,380.0,378.7,375.75,124763,468.79,3526,63691.0, 51.05,2026-05-20
ASHIKA, EQ, 20-May-2026,379.8,379.95,389.4,374.45,378.5,382.65,382.73,122393,468.43,1333,5869.0, 4.80,2026-05-20
ASHIMASYN, EQ, 20-May-2026,16.22,16.7,16.85,16.1,16.4,16.39,16.51,47962,7.92,399,31709.0, 66.11,2026-05-20
ASHOKA, EQ, 20-May-2026,124.27,122.84,126.8,122.26,126.74,126.48,125.0,596263,745.36,8961,253317.0, 42.48,2026-05-20
ASHOKAMET, EQ, 20-May-2026,16.05,15.9,16.29,15.37,15.66,15.79,15.87,17615,2.8,188,9738.0, 55.28,2026-05-20
ASHOKLEY, EQ, 20-May-2026,151.38,150.0,154.5,148.8,154.0,153.61,151.75,24202471,36726.93,92968,13571653.0, 56.08,2026-05-20
ASHWINI, SM, 20-May-2026,148.35,149.0,149.0,145.0,146.0,146.0,145.78,12000,17.49,10,10000.0, 83.33,2026-05-20
ASIANENE, EQ, 20-May-2026,320.0,327.15,375.75,327.0,351.0,354.75,360.9,7224730,26074.24,118542,1363838.0, 18.88,2026-05-20
ASIANHOTNR, EQ, 20-May-2026,295.05,298.15,301.0,293.0,300.0,299.75,299.11,13902,41.58,308,10776.0, 77.51,2026-05-20
ASIANPAINT, EQ, 20-May-2026,2600.7,2562.0,2614.0,2562.0,2605.0,2598.6,2600.3,586190,15242.72,57060,296513.0, 50.58,2026-05-20
ASIANTILES, EQ, 20-May-2026,62.3,61.7,63.95,60.78,61.96,63.05,62.52,2230111,1394.23,11065,1060214.0, 47.54,2026-05-20
ASKAUTOLTD, EQ, 20-May-2026,455.8,462.0,463.95,442.8,443.0,444.5,450.33,251593,1133.0,10130,87872.0, 34.93,2026-05-20
ASMS, EQ, 20-May-2026,7.39,7.39,7.5,7.27,7.34,7.35,7.39,448280,33.14,1020,210842.0, 47.03,2026-05-20
ASPINWALL, EQ, 20-May-2026,229.8,230.1,233.0,220.0,229.8,227.96,227.24,3643,8.28,102,2907.0, 79.80,2026-05-20
ASTAR, EQ, 20-May-2026,610.1,612.0,619.0,612.0,619.0,619.0,616.5,10,0.06,5,10.0, 100.00,2026-05-20
ASTEC, EQ, 20-May-2026,738.75,737.95,778.65,724.9,745.0,751.55,753.67,116974,881.59,7496,21839.0, 18.67,2026-05-20
ASTERDM, EQ, 20-May-2026,748.9,745.6,770.0,742.05,765.9,764.85,757.41,522688,3958.89,29880,259900.0, 49.72,2026-05-20
ASTRAL, EQ, 20-May-2026,1448.9,1432.2,1472.7,1431.6,1445.0,1443.7,1453.69,769323,11183.58,35449,273444.0, 35.54,2026-05-20
ASTRAMICRO, EQ, 20-May-2026,1092.7,1084.6,1158.8,1070.1,1153.3,1154.1,1137.78,697656,7937.77,36694,273756.0, 39.24,2026-05-20
ASTRAZEN, EQ, 20-May-2026,8695.5,8700.0,8815.0,8580.0,8592.0,8609.5,8709.08,6788,591.17,2167,2648.0, 39.01,2026-05-20
ASTRON, BE, 20-May-2026,4.21,4.21,4.42,4.19,4.33,4.27,4.31,14932,0.64,68,, -,2026-05-20
ATALREAL, EQ, 20-May-2026,28.28,28.49,28.82,28.26,28.4,28.42,28.5,2405085,685.55,2669,134424.0, 5.59,2026-05-20
ATAM, EQ, 20-May-2026,70.91,71.5,72.69,68.9,72.2,70.34,70.69,10901,7.71,180,5058.0, 46.40,2026-05-20
ATCENERGY, ST, 20-May-2026,30.9,31.0,31.0,29.4,30.6,29.7,29.81,21600,6.44,18,21600.0, 100.00,2026-05-20
ATGL, EQ, 20-May-2026,623.3,617.95,617.95,601.1,609.2,610.6,609.92,2626431,16019.19,37028,908341.0, 34.58,2026-05-20
ATHERENERG, EQ, 20-May-2026,910.3,901.3,916.05,873.6,909.15,909.05,902.74,3331140,30071.55,106891,1302473.0, 39.10,2026-05-20
ATL, EQ, 20-May-2026,24.46,24.46,24.79,24.13,24.75,24.62,24.49,68407,16.75,582,35541.0, 51.96,2026-05-20
ATLANTAA, EQ, 20-May-2026,45.31,44.5,45.25,40.65,42.0,41.16,42.17,363271,153.21,2861,219761.0, 60.50,2026-05-20
ATLANTAELE, EQ, 20-May-2026,1582.9,1577.0,1662.0,1568.2,1640.0,1645.2,1640.91,204850,3361.41,10776,97812.0, 47.75,2026-05-20
ATLASCYCLE, EQ, 20-May-2026,99.54,96.0,100.6,96.0,100.49,100.45,99.81,5618,5.61,107,4907.0, 87.34,2026-05-20
ATLPP, E1, 20-May-2026,9.5,9.5,9.51,9.5,9.51,9.51,9.5,428,0.04,3,428.0, 100.00,2026-05-20
ATMASTCO, ST, 20-May-2026,178.1,176.0,186.4,176.0,186.4,184.7,183.91,20400,37.52,43,18400.0, 90.20,2026-05-20
ATUL, EQ, 20-May-2026,7050.0,7000.0,7115.0,6938.0,6961.0,6992.0,7044.27,26507,1867.22,7811,14772.0, 55.73,2026-05-20
ATULAUTO, EQ, 20-May-2026,496.95,493.0,495.85,483.0,483.0,485.0,488.61,132463,647.22,4928,57506.0, 43.41,2026-05-20
AUBANK, EQ, 20-May-2026,971.9,966.9,978.9,948.0,972.3,974.0,960.29,1712145,16441.54,62062,802780.0, 46.89,2026-05-20
AURIGROW, EQ, 20-May-2026,0.31,0.31,0.32,0.3,0.32,0.31,0.31,14965965,46.56,1153,5508421.0, 36.81,2026-05-20
AURIONPRO, EQ, 20-May-2026,730.9,725.0,801.0,721.35,783.5,788.95,782.74,683679,5351.4,25890,176461.0, 25.81,2026-05-20
AUROPHARMA, EQ, 20-May-2026,1512.8,1510.1,1539.0,1505.1,1520.4,1517.5,1524.66,1068558,16291.87,42238,469278.0, 43.92,2026-05-20
AURUM, EQ, 20-May-2026,175.49,173.3,177.0,172.5,176.3,175.97,174.72,53887,94.15,1067,35158.0, 65.24,2026-05-20
AUSL, SM, 20-May-2026,21.15,20.15,20.95,20.15,20.95,20.95,20.55,4000,0.82,2,2000.0, 50.00,2026-05-20
AUSOMENT, BE, 20-May-2026,121.0,123.42,124.95,115.12,124.0,122.56,120.18,2249,2.7,43,, -,2026-05-20
AUTOAXLES, EQ, 20-May-2026,1692.5,1760.0,1856.0,1695.0,1751.0,1755.6,1784.98,126416,2256.5,12877,22744.0, 17.99,2026-05-20
AUTOBEES, EQ, 20-May-2026,264.09,267.0,267.31,260.45,266.0,266.41,264.52,206048,545.04,3138,61646.0, 29.92,2026-05-20
AUTOIETF, EQ, 20-May-2026,26.51,26.11,26.84,26.1,26.69,26.72,26.54,401089,106.43,1662,164083.0, 40.91,2026-05-20
AUTOIND, EQ, 20-May-2026,87.82,86.71,89.49,83.56,85.5,85.31,86.5,733556,634.52,9439,288751.0, 39.36,2026-05-20
AVADHSUGAR, BE, 20-May-2026,481.85,480.95,481.0,471.05,472.2,474.4,475.26,4796,22.79,246,, -,2026-05-20
AVAILFC, EQ, 20-May-2026,157.96,159.0,163.0,155.38,158.0,158.24,159.11,3606,5.74,388,1803.0, 50.00,2026-05-20
AVALON, EQ, 20-May-2026,1356.7,1370.0,1499.0,1335.1,1465.0,1464.4,1449.6,5017988,72740.78,212907,618107.0, 12.32,2026-05-20
AVANA, ST, 20-May-2026,148.0,145.0,150.0,145.0,149.0,149.0,148.08,24000,35.54,12,24000.0, 100.00,2026-05-20
AVANTEL, EQ, 20-May-2026,151.34,150.0,155.29,148.41,155.25,154.68,152.82,1705574,2606.47,11740,509810.0, 29.89,2026-05-20
AVANTIFEED, EQ, 20-May-2026,1267.4,1255.1,1277.0,1224.1,1273.7,1267.5,1250.56,386780,4836.92,26355,94890.0, 24.53,2026-05-20
AVG, EQ, 20-May-2026,166.05,165.72,174.0,164.01,169.0,170.8,169.97,104744,178.03,2818,72005.0, 68.74,2026-05-20
AVIANSH, SM, 20-May-2026,111.5,111.0,111.25,111.0,111.25,111.25,111.13,2000,2.22,2,2000.0, 100.00,2026-05-20
AVL, EQ, 20-May-2026,551.45,550.95,550.95,537.25,539.0,541.35,541.41,139816,756.98,10459,64351.0, 46.03,2026-05-20
AVONMORE, EQ, 20-May-2026,11.19,11.39,11.39,10.67,10.8,10.72,10.85,325843,35.37,1239,169653.0, 52.07,2026-05-20
AVPINFRA, SM, 20-May-2026,82.1,78.0,81.0,78.0,78.0,78.0,78.11,208800,163.1,129,168000.0, 80.46,2026-05-20
AVROIND, EQ, 20-May-2026,10.12,10.64,10.65,10.0,10.3,10.31,10.28,307422,31.6,813,271085.0, 88.18,2026-05-20
AVTNPL, EQ, 20-May-2026,68.08,68.0,68.0,65.82,67.5,67.38,66.87,21135,14.13,404,11517.0, 54.49,2026-05-20
AWFIS, EQ, 20-May-2026,316.9,318.1,318.1,310.25,314.3,313.75,314.1,79233,248.87,3063,28885.0, 36.46,2026-05-20
AWHCL, EQ, 20-May-2026,471.6,474.95,477.25,461.55,462.0,462.75,467.28,79870,373.21,3761,46742.0, 58.52,2026-05-20
AWL, EQ, 20-May-2026,202.17,199.43,200.5,196.33,197.15,196.73,197.44,1414324,2792.4,16811,603724.0, 42.69,2026-05-20
AXISBANK, EQ, 20-May-2026,1238.3,1234.0,1254.1,1226.6,1251.2,1249.8,1244.46,3562641,44335.63,116874,2100527.0, 58.96,2026-05-20
AXISBNKETF, EQ, 20-May-2026,549.83,544.62,551.9,544.62,551.9,551.09,547.71,3365,18.43,52,3226.0, 95.87,2026-05-20
AXISCADES, EQ, 20-May-2026,2044.5,2027.0,2074.7,2008.5,2059.9,2065.5,2039.52,68028,1387.45,5923,35993.0, 52.91,2026-05-20
AXISCETF, EQ, 20-May-2026,116.72,115.39,116.39,115.23,116.0,115.83,115.86,2561,2.97,33,2029.0, 79.23,2026-05-20
AXISGOLD, EQ, 20-May-2026,131.74,128.52,131.55,128.52,131.3,131.19,131.06,992890,1301.25,4466,617060.0, 62.15,2026-05-20
AXISHCETF, EQ, 20-May-2026,160.92,161.0,162.17,160.68,161.5,161.07,161.43,4825,7.79,84,4160.0, 86.22,2026-05-20
AXISILVER, EQ, 20-May-2026,263.11,256.53,263.97,255.7,263.0,262.33,261.27,763654,1995.23,4929,603777.0, 79.06,2026-05-20
AXISNIFTY, EQ, 20-May-2026,259.55,264.3,264.3,258.1,260.75,260.74,259.35,3847,9.98,149,3157.0, 82.06,2026-05-20
AXISTECETF, EQ, 20-May-2026,328.61,323.0,323.99,305.69,321.5,320.89,321.29,4168,13.39,212,2411.0, 57.85,2026-05-20
AXISVALUE, EQ, 20-May-2026,33.38,33.37,33.67,33.17,33.64,33.62,33.39,53776,17.95,269,34499.0, 64.15,2026-05-20
AXITA, EQ, 20-May-2026,7.87,7.98,7.98,7.81,7.85,7.85,7.88,264720,20.85,879,107269.0, 40.52,2026-05-20
AXSENSEX, EQ, 20-May-2026,78.33,78.49,78.49,77.22,77.7,77.78,77.44,2857,2.21,57,2509.0, 87.82,2026-05-20
AYE, EQ, 20-May-2026,138.43,137.91,145.0,133.92,140.8,141.22,139.86,2170815,3036.19,25945,692520.0, 31.90,2026-05-20
AYMSYNTEX, EQ, 20-May-2026,227.83,234.98,234.98,215.0,218.02,218.51,221.84,23161,51.38,869,11354.0, 49.02,2026-05-20
AZAD, EQ, 20-May-2026,1913.2,1890.2,2019.0,1874.8,2002.6,2007.6,1965.08,579611,11389.8,40720,176247.0, 30.41,2026-05-20
BABAFP, SM, 20-May-2026,28.6,25.45,25.5,25.45,25.5,25.5,25.47,4800,1.22,3,3200.0, 66.67,2026-05-20
BAFNAPH, EQ, 20-May-2026,134.69,136.4,138.5,133.5,138.5,138.36,137.16,2064,2.83,99,1403.0, 67.97,2026-05-20
BAGFILMS, EQ, 20-May-2026,4.99,4.7,5.09,4.7,4.97,4.92,4.92,149954,7.37,408,57222.0, 38.16,2026-05-20
BAGMANE, RR, 20-May-2026,103.92,103.72,104.1,103.72,104.0,104.0,103.95,993708,1032.95,11918,882208.0, 88.78,2026-05-20
BAHETI, SM, 20-May-2026,606.9,603.0,604.95,599.05,603.4,601.95,603.14,16875,101.78,38,6750.0, 40.00,2026-05-20
BAIDFIN, EQ, 20-May-2026,10.28,10.08,10.48,9.52,10.12,10.04,9.98,214921,21.45,564,128854.0, 59.95,2026-05-20
BAJAJ-AUTO, EQ, 20-May-2026,10205.0,10158.0,10483.0,10078.5,10462.5,10462.5,10368.72,379649,39364.75,58129,191844.0, 50.53,2026-05-20
BAJAJCON, EQ, 20-May-2026,526.75,525.0,553.0,519.0,550.7,549.85,542.92,832478,4519.71,25703,298321.0, 35.84,2026-05-20
BAJAJELEC, EQ, 20-May-2026,346.9,344.5,346.0,339.2,341.9,342.6,342.22,141601,484.58,4602,52211.0, 36.87,2026-05-20
BAJAJFINSV, EQ, 20-May-2026,1749.8,1732.5,1780.0,1726.0,1761.8,1772.0,1761.62,779574,13733.15,40023,395645.0, 50.75,2026-05-20
BAJAJHCARE, EQ, 20-May-2026,288.55,288.0,303.0,284.0,302.8,298.7,295.6,143763,424.96,4519,58085.0, 40.40,2026-05-20
BAJAJHFL, EQ, 20-May-2026,83.9,83.49,83.59,82.54,82.66,82.65,82.79,2845934,2356.08,26587,1765985.0, 62.05,2026-05-20
BAJAJHIND, EQ, 20-May-2026,17.72,17.75,18.34,17.54,18.09,18.08,18.08,10444841,1888.87,11479,2691499.0, 25.77,2026-05-20
BAJAJHLDNG, EQ, 20-May-2026,10313.0,10237.0,10498.0,10171.0,10498.0,10468.0,10360.45,39588,4101.49,12687,18706.0, 47.25,2026-05-20
BAJAJINDEF, EQ, 20-May-2026,277.9,275.0,275.95,266.1,271.75,270.05,270.85,26305,71.25,956,17923.0, 68.14,2026-05-20
BAJAJST, EQ, 20-May-2026,411.35,417.85,425.0,400.55,425.0,417.6,413.25,10719,44.3,774,5841.0, 54.49,2026-05-20
BAJEL, EQ, 20-May-2026,173.9,172.5,176.99,171.3,176.9,176.45,175.06,160533,281.03,3288,67859.0, 42.27,2026-05-20
BAJFINANCE, EQ, 20-May-2026,923.55,910.0,926.3,908.45,925.45,923.1,918.24,5864990,53854.75,127305,3438366.0, 58.63,2026-05-20
BALAJEE, EQ, 20-May-2026,30.5,30.5,30.9,29.6,30.9,30.85,30.8,23769,7.32,143,21223.0, 89.29,2026-05-20
BALAJIPHOS, SM, 20-May-2026,99.0,99.25,100.0,98.0,98.0,98.45,99.22,85000,84.34,8,85000.0, 100.00,2026-05-20
BALAJITELE, EQ, 20-May-2026,92.1,91.7,94.15,89.61,89.87,90.5,91.38,590764,539.86,5352,221304.0, 37.46,2026-05-20
BALAMINES, EQ, 20-May-2026,1708.8,1695.0,1845.0,1665.8,1836.0,1833.3,1800.12,1102152,19840.01,72772,222010.0, 20.14,2026-05-20
BALAXI, BE, 20-May-2026,24.4,24.35,25.43,23.89,24.25,24.49,24.36,12648,3.08,91,, -,2026-05-20
BALCO, ST, 20-May-2026,19.5,20.45,20.45,20.45,20.45,20.45,20.45,1200,0.25,1,1200.0, 100.00,2026-05-20
BALKRISHNA, EQ, 20-May-2026,18.72,18.35,19.3,18.13,18.85,18.74,18.66,16772,3.13,72,14768.0, 88.05,2026-05-20
BALKRISIND, EQ, 20-May-2026,2128.0,2119.0,2169.9,2107.9,2169.9,2155.0,2135.58,316780,6765.1,14578,214701.0, 67.78,2026-05-20
BALMLAWRIE, EQ, 20-May-2026,184.49,182.65,183.2,181.5,182.12,182.12,182.29,138231,251.99,2380,80642.0, 58.34,2026-05-20
BALPHARMA, EQ, 20-May-2026,78.29,78.29,83.0,78.0,79.7,79.88,81.21,32669,26.53,588,21932.0, 67.13,2026-05-20
BALRAMCHIN, EQ, 20-May-2026,550.45,550.0,561.05,528.6,531.8,530.75,539.17,1278283,6892.08,30216,731533.0, 57.23,2026-05-20
BALUFORGE, EQ, 20-May-2026,469.45,463.0,476.95,461.7,474.7,472.8,471.69,173096,816.47,7355,69045.0, 39.89,2026-05-20
BANARBEADS, EQ, 20-May-2026,111.0,114.5,114.5,109.51,112.0,110.18,111.1,9181,10.2,155,2569.0, 27.98,2026-05-20
BANARISUG, EQ, 20-May-2026,3652.3,3646.6,3661.2,3603.0,3613.0,3607.9,3641.04,380,13.84,71,329.0, 86.58,2026-05-20
BANCOINDIA, EQ, 20-May-2026,590.55,585.1,594.0,578.5,591.2,590.65,588.19,72574,426.87,5772,34672.0, 47.77,2026-05-20
BANDHANBNK, EQ, 20-May-2026,191.21,189.5,192.98,187.7,191.75,192.15,190.54,6147752,11714.12,40049,2607915.0, 42.42,2026-05-20
BANG, EQ, 20-May-2026,36.88,38.5,38.5,36.8,37.0,37.27,37.46,6450,2.42,83,2017.0, 31.27,2026-05-20
BANK10ADD, EQ, 20-May-2026,15.96,15.87,15.99,15.77,15.89,15.96,15.89,5778,0.92,67,4580.0, 79.27,2026-05-20
BANKA, BE, 20-May-2026,83.64,81.97,83.5,81.97,83.5,83.5,83.14,6380,5.3,13,, -,2026-05-20
BANKADD, EQ, 20-May-2026,54.62,54.08,54.83,53.94,54.83,54.73,54.21,17583,9.53,119,13766.0, 78.29,2026-05-20
BANKBARODA, EQ, 20-May-2026,260.6,258.45,264.3,256.65,263.9,263.55,261.55,13610643,35598.22,88218,6878240.0, 50.54,2026-05-20
BANKBEES, EQ, 20-May-2026,552.17,546.01,554.09,546.01,553.85,553.13,549.6,1427531,7845.72,12992,440496.0, 30.86,2026-05-20
BANKBETA, EQ, 20-May-2026,55.19,54.81,55.27,54.49,55.27,55.24,54.79,5256230,2879.73,1967,4584568.0, 87.22,2026-05-20
BANKBETF, EQ, 20-May-2026,54.23,54.77,54.77,53.51,54.28,54.34,53.97,11981,6.47,219,7753.0, 64.71,2026-05-20
BANKETF, EQ, 20-May-2026,543.22,540.22,545.26,536.59,545.11,544.45,540.47,10004,54.07,235,5157.0, 51.55,2026-05-20
BANKIETF, EQ, 20-May-2026,54.77,54.6,54.95,54.07,54.95,54.86,54.48,639028,348.13,1919,358050.0, 56.03,2026-05-20
BANKINDIA, EQ, 20-May-2026,138.64,138.3,139.89,136.5,139.7,139.17,137.57,12319759,16948.39,47533,4879006.0, 39.60,2026-05-20
BANKNIFTY1, EQ, 20-May-2026,55.4,56.78,56.78,54.7,55.39,55.43,55.13,309233,170.48,755,196973.0, 63.70,2026-05-20
BANKPSU, EQ, 20-May-2026,80.24,79.43,80.63,79.0,80.59,80.57,79.64,11292,8.99,130,9478.0, 83.94,2026-05-20
BANSALWIRE, EQ, 20-May-2026,315.05,305.0,319.0,304.05,318.0,317.1,314.85,57761,181.86,1298,32671.0, 56.56,2026-05-20
BANSWRAS, EQ, 20-May-2026,120.47,122.99,126.5,117.02,122.6,123.28,121.42,36604,44.44,868,20603.0, 56.29,2026-05-20
BARFLEX, SM, 20-May-2026,59.0,61.5,61.5,59.1,59.5,59.5,59.85,8000,4.79,4,6000.0, 75.00,2026-05-20
BASF, EQ, 20-May-2026,3809.9,3849.0,3849.0,3605.1,3614.0,3623.5,3647.87,78016,2845.92,14540,28306.0, 36.28,2026-05-20
BASILIC, SM, 20-May-2026,210.0,219.95,219.95,213.0,215.0,215.2,214.87,18600,39.97,36,16500.0, 88.71,2026-05-20
BASML, EQ, 20-May-2026,23.62,23.55,23.99,23.25,23.3,23.52,23.62,36108,8.53,520,16975.0, 47.01,2026-05-20
BATAINDIA, EQ, 20-May-2026,690.75,686.65,688.45,680.45,687.0,686.9,686.2,66483,456.21,5175,37177.0, 55.92,2026-05-20
BATLIBOI, EQ, 20-May-2026,79.21,84.5,84.5,80.2,81.0,80.96,81.92,6147,5.04,219,3924.0, 63.84,2026-05-20
BAWEJA, SM, 20-May-2026,31.95,31.5,31.5,31.5,31.5,31.5,31.5,800,0.25,1,800.0, 100.00,2026-05-20
BAYERCROP, EQ, 20-May-2026,4354.2,4355.0,4363.0,4300.0,4317.0,4315.5,4317.85,17973,776.05,7802,9074.0, 50.49,2026-05-20
BBETF0432, EQ, 20-May-2026,1308.05,1301.0,1304.38,1299.65,1302.94,1302.11,1300.89,1668,21.7,69,1305.0, 78.24,2026-05-20
BBL, EQ, 20-May-2026,2673.5,2663.0,2762.0,2648.4,2723.0,2717.1,2706.34,32318,874.63,5696,12101.0, 37.44,2026-05-20
BBNPNBETF, EQ, 20-May-2026,53.84,53.32,54.07,53.29,54.06,54.06,53.6,869,0.47,20,868.0, 99.88,2026-05-20
BBNPPGOLD, EQ, 20-May-2026,152.8,153.55,153.55,151.0,152.6,152.55,151.96,1066,1.62,52,754.0, 70.73,2026-05-20
BBOX, EQ, 20-May-2026,945.1,943.0,959.0,926.3,944.0,944.15,943.9,658162,6212.37,20164,173870.0, 26.42,2026-05-20
BBTC, EQ, 20-May-2026,1529.0,1512.3,1528.3,1500.0,1528.0,1518.2,1516.77,20815,315.72,2961,10703.0, 51.42,2026-05-20
BBTCL, EQ, 20-May-2026,192.09,190.18,193.0,188.7,188.7,189.03,189.06,520,0.98,34,357.0, 68.65,2026-05-20
BCG, EQ, 20-May-2026,9.54,9.74,10.01,9.63,10.01,10.01,9.96,4805118,478.56,2082,2632115.0, 54.78,2026-05-20
BCLIND, EQ, 20-May-2026,33.81,33.85,35.17,33.61,34.05,34.16,34.39,674973,232.11,4403,247840.0, 36.72,2026-05-20
BCONCEPTS, EQ, 20-May-2026,218.5,223.0,229.89,215.0,226.2,226.06,223.0,4041,9.01,327,2877.0, 71.20,2026-05-20
BCPL, EQ, 20-May-2026,72.46,70.99,71.8,68.88,70.32,70.54,70.55,34478,24.32,1471,15750.0, 45.68,2026-05-20
BDL, EQ, 20-May-2026,1311.8,1299.1,1308.9,1279.3,1308.1,1303.8,1291.56,749158,9675.83,26889,168158.0, 22.45,2026-05-20
BEACON, ST, 20-May-2026,97.5,96.0,102.35,96.0,97.0,97.1,98.48,19000,18.71,19,16000.0, 84.21,2026-05-20
BEARDSELL, EQ, 20-May-2026,24.91,24.51,25.5,24.22,24.77,24.74,24.97,7415,1.85,164,4868.0, 65.65,2026-05-20
BECTORFOOD, EQ, 20-May-2026,184.16,184.0,184.1,177.2,178.5,178.57,178.92,973562,1741.88,15267,589158.0, 60.52,2026-05-20
BEDMUTHA, EQ, 20-May-2026,107.28,110.0,110.0,106.0,107.99,107.28,108.06,1356,1.47,82,1127.0, 83.11,2026-05-20
BEEKAY, EQ, 20-May-2026,393.1,393.0,404.0,391.2,401.0,400.3,399.46,891,3.56,62,805.0, 90.35,2026-05-20
BEL, EQ, 20-May-2026,422.95,416.3,420.0,407.0,413.35,413.3,411.97,28012723,115403.14,244560,10528009.0, 37.58,2026-05-20
BELLACASA, EQ, 20-May-2026,234.9,235.0,239.8,227.9,234.0,236.6,231.58,7683,17.79,380,5900.0, 76.79,2026-05-20
BELRISE, EQ, 20-May-2026,209.27,207.0,212.0,205.05,209.75,209.98,209.02,1343151,2807.43,23594,525128.0, 39.10,2026-05-20
BEML, EQ, 20-May-2026,1826.4,1799.0,1847.6,1773.0,1829.0,1828.8,1824.92,191625,3497.0,16877,48420.0, 25.27,2026-05-20
BENGALASM, EQ, 20-May-2026,6201.0,6201.0,6201.0,6150.0,6173.5,6174.5,6171.4,10,0.62,9,9.0, 90.00,2026-05-20
BEPL, EQ, 20-May-2026,94.15,93.34,95.69,93.06,95.05,95.25,94.33,303344,286.16,2145,184757.0, 60.91,2026-05-20
BERGEPAINT, EQ, 20-May-2026,507.7,502.0,511.9,496.65,507.0,508.45,505.63,200794,1015.28,14535,58461.0, 29.11,2026-05-20
BESTAGRO, EQ, 20-May-2026,16.81,17.0,17.03,16.53,16.83,16.83,16.78,213469,35.82,996,109055.0, 51.09,2026-05-20
BETA, EQ, 20-May-2026,1192.2,1204.5,1284.7,1192.2,1205.0,1215.0,1241.73,21154,262.68,1939,9347.0, 44.19,2026-05-20
BEWLTD, SM, 20-May-2026,64.5,62.2,64.75,61.3,61.3,61.3,61.66,47500,29.29,87,35000.0, 73.68,2026-05-20
BFINVEST, EQ, 20-May-2026,399.75,395.75,399.7,390.3,394.85,394.95,394.84,51308,202.59,1029,36955.0, 72.03,2026-05-20
BFSI, EQ, 20-May-2026,26.18,26.14,26.23,25.89,26.22,26.19,26.07,70276,18.32,540,46814.0, 66.61,2026-05-20
BFUTILITIE, EQ, 20-May-2026,524.7,516.8,525.0,511.3,522.0,517.6,514.89,31350,161.42,1087,18387.0, 58.65,2026-05-20
BGRENERGY, BE, 20-May-2026,268.1,272.0,281.5,265.0,281.5,281.5,277.75,86600,240.53,963,, -,2026-05-20
BHAGCHEM, EQ, 20-May-2026,249.25,252.0,254.0,243.65,249.0,249.7,249.97,107294,268.2,1917,48428.0, 45.14,2026-05-20
BHAGERIA, EQ, 20-May-2026,151.87,151.87,154.0,148.51,151.0,152.71,153.14,40819,62.51,563,9773.0, 23.94,2026-05-20
BHAGYANGR, BE, 20-May-2026,286.5,274.2,295.0,272.2,289.0,291.5,282.26,172341,486.44,2564,, -,2026-05-20
BHANDARI, BE, 20-May-2026,3.34,3.34,3.42,3.18,3.3,3.2,3.25,797957,25.94,418,, -,2026-05-20
BHARATCOAL, EQ, 20-May-2026,36.77,36.46,36.88,36.01,36.09,36.11,36.38,15492730,5636.58,28266,5142342.0, 33.19,2026-05-20
BHARATFORG, EQ, 20-May-2026,1857.3,1845.0,1905.7,1827.6,1895.0,1888.2,1877.86,953954,17913.94,44577,411265.0, 43.11,2026-05-20
BHARATGEAR, EQ, 20-May-2026,109.73,109.73,114.0,106.65,114.0,113.83,112.43,26916,30.26,875,15870.0, 58.96,2026-05-20
BHARATRAS, EQ, 20-May-2026,1414.3,1411.0,1411.0,1388.2,1394.0,1395.7,1396.77,3802,53.11,809,2077.0, 54.63,2026-05-20
BHARATSE, EQ, 20-May-2026,181.43,178.72,187.19,176.0,183.16,183.89,183.12,167295,306.34,3957,65558.0, 39.19,2026-05-20
BHARATWIRE, EQ, 20-May-2026,218.3,215.0,222.3,210.6,217.11,218.8,215.15,325593,700.51,6595,107959.0, 33.16,2026-05-20
BHARTIARTL, EQ, 20-May-2026,1913.5,1914.0,1914.0,1897.7,1908.2,1904.9,1905.03,5778742,110087.04,228182,4339791.0, 75.10,2026-05-20
BHARTIHEXA, EQ, 20-May-2026,1611.6,1603.0,1623.0,1585.2,1598.0,1595.7,1603.82,119318,1913.64,11517,70150.0, 58.79,2026-05-20
BHEL, EQ, 20-May-2026,401.1,397.0,410.0,396.0,408.8,408.4,403.45,10932205,44105.67,94503,3963420.0, 36.25,2026-05-20
BI, EQ, 20-May-2026,63.78,64.0,64.48,62.36,63.05,62.61,63.0,1445,0.91,57,1157.0, 80.07,2026-05-20
BIGBLOC, EQ, 20-May-2026,54.37,54.8,54.99,53.94,54.42,54.35,54.42,45742,24.89,887,20984.0, 45.87,2026-05-20
BIKAJI, EQ, 20-May-2026,678.25,675.45,681.0,670.0,681.0,676.8,673.72,47165,317.76,3087,21542.0, 45.67,2026-05-20
BIKEWO, SM, 20-May-2026,25.5,25.5,25.95,25.5,25.95,25.95,25.84,8000,2.07,4,8000.0, 100.00,2026-05-20
BIL, EQ, 20-May-2026,719.4,691.0,730.0,691.0,727.8,718.0,709.62,1046,7.42,157,741.0, 70.84,2026-05-20
BIMETAL, EQ, 20-May-2026,584.9,576.0,576.0,545.5,552.0,552.0,554.38,251,1.39,20,228.0, 90.84,2026-05-20
BIOCON, EQ, 20-May-2026,428.15,426.0,436.9,425.2,434.0,432.7,432.31,4845230,20946.35,78859,2301266.0, 47.50,2026-05-20
BIOFILCHEM, EQ, 20-May-2026,31.88,31.5,32.0,31.26,31.51,31.56,31.59,5037,1.59,122,2648.0, 52.57,2026-05-20
BIOPOL, SM, 20-May-2026,126.35,122.05,127.0,122.0,122.0,122.0,124.26,25200,31.31,20,16800.0, 66.67,2026-05-20
BIRET, RR, 20-May-2026,321.01,321.4,322.52,319.82,320.0,320.16,320.99,599955,1925.81,11461,524050.0, 87.35,2026-05-20
BIRLACABLE, BE, 20-May-2026,161.14,160.0,160.99,154.0,156.6,155.04,155.62,93068,144.84,674,, -,2026-05-20
BIRLACORPN, EQ, 20-May-2026,992.4,990.0,994.8,972.55,993.9,981.3,979.81,42016,411.68,6234,16362.0, 38.94,2026-05-20
BIRLAMONEY, EQ, 20-May-2026,134.68,132.23,135.79,131.01,134.0,134.85,134.18,29462,39.53,553,17576.0, 59.66,2026-05-20
BIRLANU, EQ, 20-May-2026,1357.2,1357.2,1357.5,1330.1,1341.5,1351.7,1342.88,3559,47.79,532,2079.0, 58.42,2026-05-20
BIRLAPREC, EQ, 20-May-2026,37.6,38.11,38.49,37.2,38.07,37.62,37.55,21402,8.04,230,11188.0, 52.28,2026-05-20
BLACKBUCK, EQ, 20-May-2026,532.45,542.45,558.95,528.3,529.55,531.2,542.16,2275273,12335.67,110162,1025247.0, 45.06,2026-05-20
BLACKROSE, EQ, 20-May-2026,102.55,102.95,103.0,99.2,100.99,100.24,101.2,25580,25.89,558,16929.0, 66.18,2026-05-20
BLAL, EQ, 20-May-2026,191.45,193.05,193.75,183.25,186.01,186.38,187.57,51133,95.91,2621,21888.0, 42.81,2026-05-20
BLBLIMITED, BE, 20-May-2026,15.84,15.75,15.99,15.12,15.2,15.32,15.52,75711,11.75,164,, -,2026-05-20
BLIL, EQ, 20-May-2026,73.63,73.88,74.0,73.0,73.0,73.22,73.5,32542,23.92,752,20537.0, 63.11,2026-05-20
BLISSGVS, EQ, 20-May-2026,282.8,284.5,292.0,278.55,289.0,290.05,285.64,1139806,3255.77,12638,459464.0, 40.31,2026-05-20
BLKASHYAP, EQ, 20-May-2026,54.73,53.75,57.1,53.64,57.0,56.51,55.98,532433,298.08,4115,323237.0, 60.71,2026-05-20
BLS, EQ, 20-May-2026,262.0,271.0,286.95,266.55,267.9,268.4,278.62,29300266,81634.95,261532,2329786.0, 7.95,2026-05-20
BLSE, EQ, 20-May-2026,201.12,201.0,206.64,195.63,205.2,205.51,201.36,377397,759.94,4764,179193.0, 47.48,2026-05-20
BLUECHIP, EQ, 20-May-2026,2.01,2.05,2.05,2.05,2.05,2.05,2.05,28466,0.58,43,28466.0, 100.00,2026-05-20
BLUECOAST, BE, 20-May-2026,31.56,32.0,33.13,31.0,32.0,32.5,32.58,6169,2.01,31,, -,2026-05-20
BLUEDART, EQ, 20-May-2026,4911.0,4889.5,4889.5,4830.0,4840.0,4839.5,4842.91,10496,508.31,3022,5308.0, 50.57,2026-05-20
BLUEJET, EQ, 20-May-2026,437.2,433.95,441.45,428.75,434.0,437.55,436.12,269458,1175.16,6846,109964.0, 40.81,2026-05-20
BLUEPEBBLE, ST, 20-May-2026,90.2,90.2,94.7,90.2,94.7,94.7,92.48,4000,3.7,8,3200.0, 80.00,2026-05-20
BLUESTARCO, EQ, 20-May-2026,1682.0,1675.0,1686.4,1661.0,1681.0,1678.1,1673.1,316316,5292.29,18636,132511.0, 41.89,2026-05-20
BLUESTONE, EQ, 20-May-2026,463.05,465.05,465.5,459.05,460.55,462.75,462.62,76756,355.09,5528,36689.0, 47.80,2026-05-20
BLUEWATER, ST, 20-May-2026,290.65,292.0,298.0,276.15,292.0,292.0,287.25,28000,80.43,26,26000.0, 92.86,2026-05-20
BLUSPRING, EQ, 20-May-2026,69.85,71.0,75.5,70.0,73.7,73.51,73.22,1077141,788.69,7756,454467.0, 42.19,2026-05-20
BMWVENTLTD, EQ, 20-May-2026,60.11,60.11,61.9,59.2,61.0,61.17,61.07,56261,34.36,648,33806.0, 60.09,2026-05-20
BNAGROCHEM, BE, 20-May-2026,292.95,300.0,307.59,292.95,307.59,307.59,304.03,1234,3.75,29,, -,2026-05-20
BNALTD, EQ, 20-May-2026,355.0,350.3,364.8,350.3,364.8,364.8,359.97,150,0.54,8,143.0, 95.33,2026-05-20
BODALCHEM, EQ, 20-May-2026,68.87,67.84,70.0,67.4,68.75,68.68,68.78,166612,114.6,1798,78487.0, 47.11,2026-05-20
BOHRAIND, BE, 20-May-2026,18.83,19.2,19.2,19.2,19.2,19.2,19.2,5200,1.0,5,, -,2026-05-20
BOMDYEING, EQ, 20-May-2026,120.86,119.31,121.65,117.54,120.68,120.98,119.93,679115,814.47,7859,268335.0, 39.51,2026-05-20
BONLON, EQ, 20-May-2026,46.65,46.65,47.47,44.71,45.69,45.43,45.63,4363,1.99,165,2995.0, 68.65,2026-05-20
BORANA, EQ, 20-May-2026,321.15,325.0,332.75,319.15,325.0,327.05,326.41,24099,78.66,875,14789.0, 61.37,2026-05-20
BOROLTD, EQ, 20-May-2026,234.31,229.16,231.0,221.16,228.5,229.04,227.63,144408,328.72,4117,39566.0, 27.40,2026-05-20
BORORENEW, EQ, 20-May-2026,525.2,509.1,518.9,495.1,515.0,515.25,511.42,1177336,6021.16,37724,513486.0, 43.61,2026-05-20
BOROSCI, EQ, 20-May-2026,119.38,119.38,143.25,118.87,143.25,142.49,138.46,1816881,2515.74,11625,542987.0, 29.89,2026-05-20
BOSCH-HCIL, EQ, 20-May-2026,1362.4,1359.9,1359.9,1325.0,1337.0,1332.4,1333.91,9622,128.35,1162,5454.0, 56.68,2026-05-20
BOSCHLTD, EQ, 20-May-2026,37130.0,36995.0,37380.0,36370.0,36715.0,36830.0,36837.88,38556,14203.21,14597,17239.0, 44.71,2026-05-20
BPCL, EQ, 20-May-2026,286.45,281.85,294.75,280.05,293.25,293.75,289.18,10290169,29757.34,106693,3925514.0, 38.15,2026-05-20
BPL, EQ, 20-May-2026,54.48,53.63,55.0,53.26,54.57,54.62,54.37,17711,9.63,444,8514.0, 48.07,2026-05-20
BRACEPORT, SM, 20-May-2026,53.95,54.45,55.0,54.45,54.8,54.9,54.77,9600,5.26,6,8000.0, 83.33,2026-05-20
BRANDMAN, ST, 20-May-2026,184.8,193.5,193.5,184.8,184.8,184.8,189.42,8000,15.15,10,6400.0, 80.00,2026-05-20
BRIGADE, EQ, 20-May-2026,661.4,655.0,685.95,640.1,679.0,679.75,666.19,390366,2600.59,20382,74479.0, 19.08,2026-05-20
BRIGHOTEL, EQ, 20-May-2026,59.95,60.0,60.88,59.13,59.91,59.67,59.94,63940,38.33,766,29328.0, 45.87,2026-05-20
BRITANNIA, EQ, 20-May-2026,5416.5,5380.0,5390.5,5321.5,5350.0,5344.5,5344.03,462006,24689.75,51435,331017.0, 71.65,2026-05-20
BRNL, EQ, 20-May-2026,20.26,20.27,20.49,19.56,19.9,20.11,19.97,23284,4.65,407,12442.0, 53.44,2026-05-20
BROOKS, BE, 20-May-2026,48.42,49.39,50.04,47.11,49.78,49.51,49.39,59389,29.33,260,, -,2026-05-20
BSE, EQ, 20-May-2026,4190.8,4170.0,4232.0,4150.0,4232.0,4218.6,4192.2,4697677,196935.96,181687,1231480.0, 26.21,2026-05-20
BSE500IETF, EQ, 20-May-2026,37.94,37.93,38.05,37.54,37.94,37.96,37.85,92536,35.02,883,55626.0, 60.11,2026-05-20
BSHSL, BE, 20-May-2026,99.29,97.0,100.0,97.0,97.26,98.64,97.92,4854,4.75,77,, -,2026-05-20
BSL, EQ, 20-May-2026,123.25,121.5,128.0,121.5,122.0,122.51,123.58,5934,7.33,170,2169.0, 36.55,2026-05-20
BSLGOLDETF, EQ, 20-May-2026,138.71,138.0,138.6,137.45,138.52,138.42,138.15,273486,377.83,2645,96791.0, 35.39,2026-05-20
BSLNIFTY, EQ, 20-May-2026,27.55,27.59,27.6,27.29,27.59,27.57,27.48,161594,44.4,4141,81956.0, 50.72,2026-05-20
BSLSENETFG, EQ, 20-May-2026,75.42,73.91,75.7,73.91,75.7,75.56,75.08,548,0.41,78,262.0, 47.81,2026-05-20
BSOFT, EQ, 20-May-2026,320.9,320.0,324.65,317.8,319.6,319.6,321.06,696599,2236.53,18434,322206.0, 46.25,2026-05-20
BTML, EQ, 20-May-2026,6.44,6.31,6.59,6.31,6.48,6.38,6.38,114870,7.33,124,105719.0, 92.03,2026-05-20
BTTL, EQ, 20-May-2026,36.52,36.06,36.98,35.5,36.49,36.16,35.92,14540,5.22,89,10457.0, 71.92,2026-05-20
BUILDPRO, EQ, 20-May-2026,1125.9,1092.0,1147.5,1081.5,1092.0,1094.0,1107.17,78480,868.91,4440,32425.0, 41.32,2026-05-20
BULKCORP, SM, 20-May-2026,41.0,39.3,41.0,39.3,41.0,41.0,40.15,2400,0.96,2,2400.0, 100.00,2026-05-20
BUTTERFLY, EQ, 20-May-2026,680.7,678.0,680.0,663.0,669.95,667.25,671.41,34877,234.17,2616,12671.0, 36.33,2026-05-20
BVCL, EQ, 20-May-2026,42.54,41.69,43.95,41.69,42.1,42.09,42.36,2188,0.93,52,1401.0, 64.03,2026-05-20
BYKE, EQ, 20-May-2026,35.1,35.11,35.93,34.11,34.97,34.93,34.89,23697,8.27,254,17973.0, 75.85,2026-05-20
C2C, SM, 20-May-2026,424.5,420.0,422.5,405.05,414.0,411.5,412.41,75750,312.4,428,45000.0, 59.41,2026-05-20
CALSOFT, BE, 20-May-2026,22.7,22.1,23.0,21.57,21.57,21.57,21.69,203172,44.07,466,, -,2026-05-20
CAMLINFINE, EQ, 20-May-2026,124.03,122.6,124.07,120.6,121.2,121.21,121.75,650016,791.4,6550,270985.0, 41.69,2026-05-20
CAMPUS, EQ, 20-May-2026,232.52,229.32,232.5,229.32,232.1,231.97,231.46,72871,168.67,3711,39622.0, 54.37,2026-05-20
CAMS, EQ, 20-May-2026,779.35,771.4,784.95,762.4,781.0,780.4,771.85,943447,7282.01,30897,393189.0, 41.68,2026-05-20
CANARYS, SM, 20-May-2026,18.8,19.55,20.65,19.2,19.9,20.05,19.91,92000,18.32,20,60000.0, 65.22,2026-05-20
CANBK, EQ, 20-May-2026,126.15,125.0,128.0,123.67,127.9,127.66,125.68,21282627,26748.05,89186,9140732.0, 42.95,2026-05-20
CANFINHOME, EQ, 20-May-2026,838.5,838.0,843.95,827.5,843.8,838.5,835.22,62118,518.82,6660,34446.0, 55.45,2026-05-20
CANHLIFE, EQ, 20-May-2026,137.78,137.0,139.39,136.8,138.55,138.47,138.18,245482,339.2,7684,140158.0, 57.10,2026-05-20
CANTABIL, EQ, 20-May-2026,222.05,222.04,223.83,218.5,218.5,219.37,220.25,144393,318.03,5030,87114.0, 60.33,2026-05-20
CAPACITE, EQ, 20-May-2026,225.1,225.0,226.65,220.95,222.0,221.8,223.25,256460,572.56,6235,148726.0, 57.99,2026-05-20
CAPILLARY, EQ, 20-May-2026,518.3,515.05,522.45,512.3,516.0,517.55,518.79,19723,102.32,1261,5319.0, 26.97,2026-05-20
CAPINVIT, IV, 20-May-2026,69.99,72.0,72.5,70.91,71.98,71.7,71.28,994830,709.08,14662,889562.0, 89.42,2026-05-20
CAPITALSFB, EQ, 20-May-2026,277.55,278.65,283.95,275.05,283.95,281.1,278.72,11195,31.2,436,6352.0, 56.74,2026-05-20
CAPLIPOINT, EQ, 20-May-2026,2038.2,2038.3,2068.1,2009.8,2016.1,2016.6,2033.97,178178,3624.09,17227,75886.0, 42.59,2026-05-20
CAPTRUST, BE, 20-May-2026,13.31,13.36,13.8,13.1,13.1,13.39,13.54,18676,2.53,79,, -,2026-05-20
CARBORUNIV, EQ, 20-May-2026,1076.2,1069.9,1087.95,1055.0,1058.85,1059.15,1071.03,168315,1802.71,11647,73171.0, 43.47,2026-05-20
CARERATING, EQ, 20-May-2026,1756.1,1764.4,1777.5,1715.0,1722.0,1720.2,1744.37,100549,1753.94,6590,77627.0, 77.20,2026-05-20
CARRARO, EQ, 20-May-2026,551.2,554.15,571.85,543.05,561.0,564.05,560.96,46069,258.43,2981,20948.0, 45.47,2026-05-20
CARTRADE, EQ, 20-May-2026,1814.3,1812.8,1834.8,1793.3,1825.5,1824.2,1813.98,196685,3567.84,22988,71999.0, 36.61,2026-05-20
CARYSIL, EQ, 20-May-2026,919.6,917.05,1070.0,909.05,1053.7,1022.3,1006.27,1278354,12863.74,46636,195545.0, 15.30,2026-05-20
CASHIETF, EQ, 20-May-2026,1062.59,1062.73,1062.75,1062.73,1062.75,1062.74,1062.74,99700,1059.56,84,66761.0, 66.96,2026-05-20
CASTROLIND, EQ, 20-May-2026,183.02,182.01,183.0,181.96,182.3,182.32,182.33,836590,1525.35,12656,629917.0, 75.30,2026-05-20
CBAZAAR, SM, 20-May-2026,4.15,3.95,3.95,3.95,3.95,3.95,3.95,24000,0.95,3,16000.0, 66.67,2026-05-20
CCAVENUE, EQ, 20-May-2026,13.85,13.8,14.04,13.65,13.81,13.84,13.89,6494860,901.96,6577,2996014.0, 46.13,2026-05-20
CCCL, EQ, 20-May-2026,14.5,14.75,15.1,14.24,14.8,14.91,14.59,211520,30.87,605,116834.0, 55.24,2026-05-20
CCHHL, EQ, 20-May-2026,13.27,13.59,13.9,13.04,13.41,13.4,13.23,26849,3.55,172,18433.0, 68.65,2026-05-20
CCL, EQ, 20-May-2026,1089.4,1090.0,1108.7,1078.6,1093.6,1096.0,1097.76,85399,937.48,8267,32399.0, 37.94,2026-05-20
CDSL, EQ, 20-May-2026,1209.5,1200.0,1229.0,1192.0,1228.0,1224.6,1210.03,1750026,21175.9,46953,564350.0, 32.25,2026-05-20
CEATLTD, EQ, 20-May-2026,3162.3,3160.0,3175.0,3093.6,3169.9,3167.4,3140.23,83794,2631.33,12530,29543.0, 35.26,2026-05-20
CEIGALL, EQ, 20-May-2026,325.95,325.05,326.0,315.8,320.0,319.15,319.87,234457,749.95,4614,132440.0, 56.49,2026-05-20
CEINSYS, EQ, 20-May-2026,916.6,919.7,927.4,899.1,925.0,920.2,913.18,45783,418.08,3572,19311.0, 42.18,2026-05-20
CELEBRITY, EQ, 20-May-2026,7.65,7.7,7.77,7.53,7.61,7.67,7.61,25057,1.91,73,17768.0, 70.91,2026-05-20
CELLECOR, ST, 20-May-2026,40.65,39.65,41.4,39.0,41.0,41.1,40.46,297000,120.16,86,285000.0, 95.96,2026-05-20
CELLO, EQ, 20-May-2026,389.9,389.9,389.9,382.75,386.0,385.35,385.51,82957,319.8,7929,48473.0, 58.43,2026-05-20
CEMPRO, EQ, 20-May-2026,868.25,860.0,872.55,847.0,850.15,851.55,858.13,313705,2691.99,17938,136488.0, 43.51,2026-05-20
CENTENKA, EQ, 20-May-2026,444.6,446.2,454.0,436.8,450.0,450.1,449.59,37751,169.73,712,29360.0, 77.77,2026-05-20
CENTEXT, EQ, 20-May-2026,19.58,19.6,19.99,19.52,19.74,19.72,19.74,59542,11.75,454,34313.0, 57.63,2026-05-20
CENTRALBK, EQ, 20-May-2026,34.04,33.8,33.95,33.52,33.89,33.85,33.74,3286022,1108.59,10390,1318185.0, 40.11,2026-05-20
CENTRUM, EQ, 20-May-2026,23.12,23.1,23.86,22.72,23.25,23.39,23.32,112357,26.2,326,80434.0, 71.59,2026-05-20
CENTUM, EQ, 20-May-2026,2909.2,2900.0,3036.4,2872.3,3022.0,2998.2,2974.27,42981,1278.37,6971,15206.0, 35.38,2026-05-20
CENTURYPLY, EQ, 20-May-2026,767.05,763.25,776.5,758.45,761.95,763.25,765.52,22657,173.44,2906,13776.0, 60.80,2026-05-20
CERA, EQ, 20-May-2026,5773.5,5728.0,5880.0,5660.5,5769.0,5748.5,5810.98,11511,668.9,4055,5082.0, 44.15,2026-05-20
CEREBRAINT, BZ, 20-May-2026,3.29,3.13,3.28,3.13,3.13,3.13,3.16,280563,8.86,360,, -,2026-05-20
CESC, EQ, 20-May-2026,181.06,180.0,182.9,179.01,180.25,180.65,180.29,1561563,2815.38,21707,951794.0, 60.95,2026-05-20
CEWATER, EQ, 20-May-2026,282.1,283.25,287.0,276.7,280.0,279.75,280.54,32038,89.88,1536,14381.0, 44.89,2026-05-20
CGCL, EQ, 20-May-2026,182.39,182.3,186.75,180.73,186.5,185.93,183.06,6729983,12320.18,17785,3999407.0, 59.43,2026-05-20
CGPOWER, EQ, 20-May-2026,819.4,819.4,857.75,812.6,856.0,853.25,840.97,3710693,31205.95,63127,1284294.0, 34.61,2026-05-20
CGRAPHICS, SM, 20-May-2026,158.8,158.0,159.7,150.0,150.4,151.25,153.02,27200,41.62,33,21600.0, 79.41,2026-05-20
CHALET, EQ, 20-May-2026,800.95,799.05,805.0,789.0,800.0,800.1,798.75,71855,573.94,10982,43171.0, 60.08,2026-05-20
CHAMBLFERT, EQ, 20-May-2026,453.25,453.0,453.85,442.4,444.0,444.2,445.25,1037703,4620.42,22260,541217.0, 52.16,2026-05-20
CHAMUNDA, SM, 20-May-2026,43.2,43.7,43.7,43.7,43.7,43.7,43.7,3000,1.31,1,3000.0, 100.00,2026-05-20
CHANDAN, SM, 20-May-2026,240.0,238.0,245.0,236.0,236.0,236.2,239.36,9600,22.98,12,4800.0, 50.00,2026-05-20
CHAVDA, SM, 20-May-2026,93.1,93.1,96.0,92.0,96.0,95.65,94.43,21000,19.83,21,14000.0, 66.67,2026-05-20
CHEMBOND, BE, 20-May-2026,181.51,185.0,185.0,172.44,172.44,173.49,173.92,18876,32.83,180,, -,2026-05-20
CHEMBONDCH, BE, 20-May-2026,185.72,187.0,195.0,185.0,186.4,187.24,189.45,10732,20.33,132,, -,2026-05-20
CHEMCON, EQ, 20-May-2026,179.32,188.0,188.55,178.5,180.57,180.73,186.01,333138,619.65,3658,119433.0, 35.85,2026-05-20
CHEMFAB, BE, 20-May-2026,409.85,400.0,415.15,398.0,406.0,406.15,402.12,1188,4.78,39,, -,2026-05-20
CHEMICAL, EQ, 20-May-2026,29.28,29.32,29.49,28.75,29.39,29.12,29.02,445124,129.19,1274,318532.0, 71.56,2026-05-20
CHEMPLASTS, EQ, 20-May-2026,230.35,230.35,230.35,224.4,224.65,225.54,226.38,112114,253.81,4342,65314.0, 58.26,2026-05-20
CHENNPETRO, EQ, 20-May-2026,982.4,982.4,1016.9,976.1,1015.4,1012.2,999.55,718410,7180.84,22286,184994.0, 25.75,2026-05-20
CHETANA, ST, 20-May-2026,51.45,48.9,50.25,48.9,48.9,48.9,49.15,19200,9.44,12,14400.0, 75.00,2026-05-20
CHEVIOT, EQ, 20-May-2026,1190.0,1189.9,1229.0,1189.9,1228.0,1222.9,1214.54,1384,16.81,278,972.0, 70.23,2026-05-20
CHOICEGOLD, EQ, 20-May-2026,156.58,156.0,156.2,153.08,156.2,155.97,155.64,4419,6.88,156,2725.0, 61.67,2026-05-20
CHOICEIN, EQ, 20-May-2026,659.0,658.5,668.65,652.2,662.1,664.85,663.36,743462,4931.84,12092,294435.0, 39.60,2026-05-20
CHOLAFIN, EQ, 20-May-2026,1511.4,1502.0,1522.0,1491.0,1515.0,1518.9,1508.77,857291,12934.58,41254,477960.0, 55.75,2026-05-20
CHOLAHLDNG, EQ, 20-May-2026,1672.6,1669.1,1669.1,1607.6,1630.3,1631.3,1627.43,208895,3399.62,32717,95908.0, 45.91,2026-05-20
CIEINDIA, EQ, 20-May-2026,464.55,466.4,471.9,457.0,462.0,462.9,466.3,373331,1740.84,15072,231418.0, 61.99,2026-05-20
CIFL, EQ, 20-May-2026,27.2,27.1,27.7,25.22,25.3,25.98,26.54,211877,56.22,1541,146153.0, 68.98,2026-05-20
CINELINE, EQ, 20-May-2026,78.07,78.8,81.8,77.42,81.78,80.77,79.76,10390,8.29,139,7894.0, 75.98,2026-05-20
CINEVISTA, EQ, 20-May-2026,15.76,15.69,16.4,15.44,15.85,15.99,16.0,28670,4.59,201,19089.0, 66.58,2026-05-20
CIPLA, EQ, 20-May-2026,1409.8,1392.3,1422.1,1392.3,1400.1,1399.5,1409.21,1316586,18553.49,54601,650216.0, 49.39,2026-05-20
CITIUSINVT, IV, 20-May-2026,105.32,105.51,106.08,104.25,105.0,104.9,105.06,503118,528.59,23067,404901.0, 80.48,2026-05-20
CKKRETAIL, ST, 20-May-2026,125.25,125.7,125.7,122.55,122.55,122.55,123.62,2400,2.97,3,2400.0, 100.00,2026-05-20
CLASSICEIL, ST, 20-May-2026,49.0,51.25,51.45,48.45,48.45,48.45,50.74,24000,12.18,15,20800.0, 86.67,2026-05-20
CLEAN, EQ, 20-May-2026,763.15,756.15,758.4,748.0,754.9,754.75,754.08,115772,873.02,8580,49649.0, 42.89,2026-05-20
CLEANMAX, EQ, 20-May-2026,1223.9,1223.9,1223.9,1195.0,1206.0,1205.2,1208.88,101085,1222.0,9426,63670.0, 62.99,2026-05-20
CLEDUCATE, EQ, 20-May-2026,43.11,43.99,44.25,43.0,43.9,43.92,43.48,20752,9.02,177,15133.0, 72.92,2026-05-20
CLSEL, EQ, 20-May-2026,258.35,255.0,264.95,253.25,263.0,262.85,259.71,31296,81.28,1495,15295.0, 48.87,2026-05-20
CMPDI, EQ, 20-May-2026,231.68,230.0,235.4,227.33,228.4,228.59,230.6,3121887,7199.16,26355,1020350.0, 32.68,2026-05-20
CMSINFO, EQ, 20-May-2026,305.65,305.0,308.35,303.0,307.0,305.95,306.23,377538,1156.15,11346,203581.0, 53.92,2026-05-20
CNL, EQ, 20-May-2026,621.65,638.9,654.55,617.75,635.0,643.35,626.37,16243,101.74,380,12051.0, 74.19,2026-05-20
COALINDIA, EQ, 20-May-2026,456.95,456.0,460.05,452.7,459.0,458.7,457.57,3756072,17186.61,53957,1511437.0, 40.24,2026-05-20
COASTCORP, EQ, 20-May-2026,60.41,60.41,60.5,59.02,59.45,59.66,59.6,71743,42.76,924,36511.0, 50.89,2026-05-20
COCHINSHIP, EQ, 20-May-2026,1489.6,1486.1,1514.0,1463.1,1512.0,1507.8,1487.2,1120941,16670.67,37410,201715.0, 18.00,2026-05-20
COCKERILL, EQ, 20-May-2026,5408.0,5442.0,5607.0,5410.0,5458.0,5473.5,5529.79,6642,367.29,1776,3236.0, 48.72,2026-05-20
COFFEEDAY, EQ, 20-May-2026,24.2,24.17,24.39,23.72,24.34,24.27,24.05,378084,90.94,1894,146242.0, 38.68,2026-05-20
COFORGE, EQ, 20-May-2026,1412.0,1411.0,1444.4,1393.6,1403.6,1402.3,1425.08,4869095,69388.32,107755,2217295.0, 45.54,2026-05-20
COHANCE, EQ, 20-May-2026,428.35,427.8,428.95,415.15,419.7,420.15,420.81,1169486,4921.3,46326,353871.0, 30.26,2026-05-20
COLPAL, EQ, 20-May-2026,2188.3,2187.0,2192.5,2163.1,2191.0,2185.4,2180.15,205812,4487.01,16522,102372.0, 49.74,2026-05-20
COMFINTE, EQ, 20-May-2026,7.47,7.46,7.46,6.91,6.99,7.02,7.13,1088969,77.61,2829,861649.0, 79.13,2026-05-20
COMMITTED, ST, 20-May-2026,290.0,290.0,290.0,290.0,290.0,290.0,290.0,800,2.32,1,800.0, 100.00,2026-05-20
COMMOIETF, EQ, 20-May-2026,102.73,102.48,103.74,102.0,102.48,103.46,103.05,144572,148.99,2343,112209.0, 77.61,2026-05-20
COMPINFO, BZ, 20-May-2026,1.39,1.42,1.43,1.39,1.39,1.39,1.41,28510,0.4,18,, -,2026-05-20
COMPUSOFT, EQ, 20-May-2026,13.2,13.45,13.69,13.2,13.44,13.3,13.41,12647,1.7,100,8411.0, 66.51,2026-05-20
COMSYN, EQ, 20-May-2026,153.05,153.06,171.0,153.06,153.2,155.29,162.35,451733,733.39,4467,102612.0, 22.72,2026-05-20
CONCOR, EQ, 20-May-2026,505.6,500.5,507.6,493.0,503.0,504.15,501.34,1240036,6216.77,28934,392167.0, 31.63,2026-05-20
CONCORDBIO, EQ, 20-May-2026,1143.5,1141.0,1165.5,1106.7,1115.0,1116.0,1127.18,111899,1261.31,9512,59375.0, 53.06,2026-05-20
CONFIPET, EQ, 20-May-2026,64.71,64.5,64.84,62.56,63.2,63.57,63.52,1465081,930.61,6949,581695.0, 39.70,2026-05-20
CONNPLEX, SM, 20-May-2026,230.65,229.5,231.0,216.2,218.1,218.3,222.69,102400,228.03,126,70400.0, 68.75,2026-05-20
CONS, EQ, 20-May-2026,11.61,11.61,11.82,11.5,11.82,11.75,11.59,8379,0.97,90,5358.0, 63.95,2026-05-20
CONSOFINVT, EQ, 20-May-2026,231.19,231.19,234.37,224.07,232.5,232.38,230.68,7939,18.31,280,2978.0, 37.51,2026-05-20
CONSUMBEES, EQ, 20-May-2026,125.64,125.17,125.71,124.04,125.53,125.46,125.07,84024,105.09,1017,28090.0, 33.43,2026-05-20
CONSUMER, EQ, 20-May-2026,10.82,10.82,10.89,10.71,10.88,10.85,10.83,149395,16.19,253,130979.0, 87.67,2026-05-20
CONSUMIETF, EQ, 20-May-2026,117.14,115.59,116.99,115.54,116.85,116.6,116.16,8912,10.35,192,5526.0, 62.01,2026-05-20
CONTROLPR, EQ, 20-May-2026,628.4,628.0,662.1,612.0,631.0,643.2,642.08,67362,432.52,3487,18640.0, 27.67,2026-05-20
COOLCAPS, SM, 20-May-2026,22.9,22.9,23.4,22.45,22.85,22.85,23.0,23750,5.46,16,20000.0, 84.21,2026-05-20
CORALFINAC, EQ, 20-May-2026,32.22,32.54,33.24,31.8,32.5,32.79,32.53,13888,4.52,190,7697.0, 55.42,2026-05-20
CORDSCABLE, EQ, 20-May-2026,195.65,199.0,199.21,193.21,197.05,195.92,195.78,12883,25.22,444,7074.0, 54.91,2026-05-20
COROMANDEL, EQ, 20-May-2026,1877.1,1877.0,1880.0,1828.0,1864.2,1871.6,1849.01,372943,6895.77,33637,210558.0, 56.46,2026-05-20
CORONA, EQ, 20-May-2026,1781.8,1779.1,1829.8,1722.0,1725.1,1731.8,1756.17,45457,798.3,8282,23872.0, 52.52,2026-05-20
COSMOFIRST, EQ, 20-May-2026,811.6,805.9,815.9,791.0,791.0,797.5,805.24,71820,578.32,3643,39442.0, 54.92,2026-05-20
COUNCODOS, EQ, 20-May-2026,5.0,5.0,5.0,4.78,4.9,4.9,4.93,7456,0.37,68,6145.0, 82.42,2026-05-20
CPCAP, BE, 20-May-2026,94.49,94.49,94.5,92.15,94.25,92.6,93.69,5636,5.28,51,, -,2026-05-20
CPEDU, EQ, 20-May-2026,181.75,181.75,185.0,178.0,178.76,179.58,182.48,4708,8.59,56,4565.0, 96.96,2026-05-20
CPPLUS, EQ, 20-May-2026,2375.1,2320.0,2434.1,2308.4,2392.5,2400.4,2378.89,171359,4076.44,18858,43707.0, 25.51,2026-05-20
CPS, SM, 20-May-2026,986.0,980.0,980.0,980.0,980.0,980.0,980.0,900,8.82,5,900.0, 100.00,2026-05-20
CPSEETF, EQ, 20-May-2026,104.88,105.7,105.7,103.35,104.78,104.67,104.13,725594,755.56,7346,403910.0, 55.67,2026-05-20
CRAFTSMAN, EQ, 20-May-2026,8536.0,8496.5,8619.0,8401.0,8534.5,8575.0,8527.51,38814,3309.87,11531,16806.0, 43.30,2026-05-20
CRAMC, EQ, 20-May-2026,238.05,237.0,239.95,233.4,239.95,237.4,236.12,131272,309.95,4392,69067.0, 52.61,2026-05-20
CRAYONS, SM, 20-May-2026,31.4,30.0,33.5,30.0,33.5,33.5,32.22,9000,2.9,8,7000.0, 77.78,2026-05-20
CREATIVEYE, EQ, 20-May-2026,6.83,6.7,7.13,6.7,6.9,6.9,6.89,10802,0.74,102,10694.0, 99.00,2026-05-20
CREDITACC, EQ, 20-May-2026,1310.0,1300.0,1303.4,1281.0,1292.8,1293.9,1292.6,145892,1885.79,12667,77347.0, 53.02,2026-05-20
CREST, EQ, 20-May-2026,353.0,355.6,360.15,347.0,350.6,355.5,354.74,18744,66.49,238,12275.0, 65.49,2026-05-20
CRISIL, EQ, 20-May-2026,4115.9,4116.0,4229.0,4078.2,4193.0,4213.7,4194.38,43423,1821.33,10487,21325.0, 49.11,2026-05-20
CRIZAC, EQ, 20-May-2026,205.09,204.0,204.0,198.77,201.5,201.21,201.08,118543,238.37,5630,62214.0, 52.48,2026-05-20
CROMPTON, EQ, 20-May-2026,293.6,289.15,292.9,287.15,289.8,290.6,290.43,1877603,5453.11,23227,748634.0, 39.87,2026-05-20
CROWN, EQ, 20-May-2026,119.3,120.0,122.98,118.05,119.75,120.19,120.44,13974,16.83,982,6858.0, 49.08,2026-05-20
CSBBANK, EQ, 20-May-2026,359.65,359.0,365.0,354.0,363.95,363.85,360.2,345864,1245.82,13373,163754.0, 47.35,2026-05-20
CSLFINANCE, EQ, 20-May-2026,223.2,223.2,227.0,222.0,223.51,223.58,223.56,14210,31.77,624,7712.0, 54.27,2026-05-20
CSSL, SM, 20-May-2026,95.0,93.5,94.0,92.0,94.0,94.0,92.81,10000,9.28,9,8000.0, 80.00,2026-05-20
CTE, EQ, 20-May-2026,32.29,32.9,33.0,30.68,31.32,31.53,31.61,18008,5.69,141,11833.0, 65.71,2026-05-20
CUB, EQ, 20-May-2026,251.1,249.95,251.5,247.5,250.35,250.05,249.86,2020917,5049.38,34588,1685167.0, 83.39,2026-05-20
CUBEINVIT, IV, 20-May-2026,147.0,148.0,148.0,148.0,148.0,148.0,148.0,100000,148.0,1,100000.0, 100.00,2026-05-20
CUBEXTUB, EQ, 20-May-2026,89.71,88.36,89.98,88.0,89.17,89.38,88.95,68473,60.91,970,38015.0, 55.52,2026-05-20
CUDML, SM, 20-May-2026,151.5,145.5,151.5,144.1,144.1,144.1,145.42,14000,20.36,13,13000.0, 92.86,2026-05-20
CUMMINSIND, EQ, 20-May-2026,5254.0,5214.0,5419.0,5183.0,5404.0,5399.5,5330.89,444634,23702.95,44715,202390.0, 45.52,2026-05-20
CUPID, EQ, 20-May-2026,114.34,113.87,120.0,111.71,119.35,119.44,117.84,15603536,18387.86,64408,4440042.0, 28.46,2026-05-20
CURAA, BE, 20-May-2026,96.0,96.48,96.48,91.2,91.2,91.2,91.82,460,0.42,17,, -,2026-05-20
CURIS, SM, 20-May-2026,127.0,122.55,122.55,122.0,122.0,122.0,122.26,4000,4.89,4,4000.0, 100.00,2026-05-20
CURRENT, SM, 20-May-2026,117.4,110.0,119.35,110.0,119.35,119.35,115.16,6400,7.37,4,1600.0, 25.00,2026-05-20
CYBERMEDIA, BE, 20-May-2026,17.61,17.53,18.21,17.01,17.32,17.32,17.3,5917,1.02,99,, -,2026-05-20
CYBERTECH, EQ, 20-May-2026,140.9,139.98,143.0,137.76,142.0,141.33,141.41,36422,51.5,986,18782.0, 51.57,2026-05-20
CYIENT, EQ, 20-May-2026,905.85,900.2,914.4,895.0,906.0,905.05,907.39,198055,1797.13,13251,73617.0, 37.17,2026-05-20
CYIENTDLM, EQ, 20-May-2026,421.0,420.15,422.75,410.55,413.7,412.85,415.66,90996,378.23,4588,42892.0, 47.14,2026-05-20
DABUR, EQ, 20-May-2026,452.8,449.8,453.0,445.55,449.75,450.9,449.46,854233,3839.47,16064,386982.0, 45.30,2026-05-20
DAICHI, EQ, 20-May-2026,251.35,250.3,253.9,247.65,249.1,251.95,250.68,475,1.19,53,473.0, 99.58,2026-05-20
DALBHARAT, EQ, 20-May-2026,1713.8,1713.8,1716.7,1694.1,1709.9,1706.8,1704.97,165926,2828.98,18781,84274.0, 50.79,2026-05-20
DALMIASUG, EQ, 20-May-2026,342.65,341.1,356.85,337.9,351.75,350.95,351.47,243127,854.51,6751,88462.0, 36.39,2026-05-20
DAMCAPITAL, EQ, 20-May-2026,152.27,152.01,153.0,149.5,153.0,152.04,151.06,201511,304.4,3533,78860.0, 39.13,2026-05-20
DAMODARIND, EQ, 20-May-2026,28.47,28.0,31.99,27.76,30.5,29.96,30.19,66119,19.96,456,39788.0, 60.18,2026-05-20
DANGEE, EQ, 20-May-2026,3.17,3.23,3.3,3.15,3.2,3.2,3.25,40849,1.33,98,24311.0, 59.51,2026-05-20
DANISH, SM, 20-May-2026,817.95,830.0,849.8,811.2,849.8,844.85,831.08,25800,214.42,129,18300.0, 70.93,2026-05-20
DATAMATICS, EQ, 20-May-2026,739.8,734.9,778.3,731.0,775.9,766.2,758.04,160362,1215.61,7665,52933.0, 33.01,2026-05-20
DATAPATTNS, EQ, 20-May-2026,3634.5,3615.0,3875.0,3600.1,3841.6,3834.1,3778.79,1356724,51267.68,97833,211177.0, 15.57,2026-05-20
DAVANGERE, EQ, 20-May-2026,4.09,4.15,4.19,4.15,4.15,4.15,4.16,10639599,442.83,2496,5967492.0, 56.09,2026-05-20
DBCORP, EQ, 20-May-2026,207.39,207.05,208.0,204.43,207.0,206.7,206.09,26612,54.84,1385,14569.0, 54.75,2026-05-20
DBEIL, EQ, 20-May-2026,76.04,75.0,76.99,74.05,75.9,75.85,75.71,16156,12.23,366,7259.0, 44.93,2026-05-20
DBL, EQ, 20-May-2026,444.45,441.0,445.8,435.15,436.9,436.85,438.23,79203,347.09,4904,38202.0, 48.23,2026-05-20
DBOL, BE, 20-May-2026,107.08,106.01,108.7,105.1,106.61,107.11,106.58,19429,20.71,189,, -,2026-05-20
DBREALTY, BE, 20-May-2026,116.13,115.0,116.0,111.0,111.99,112.73,113.6,616527,700.4,4048,, -,2026-05-20
DBSTOCKBRO, EQ, 20-May-2026,28.06,27.5,29.98,27.5,29.87,29.64,28.94,37488,10.85,277,33600.0, 89.63,2026-05-20
DCAL, EQ, 20-May-2026,188.28,189.99,220.0,185.5,211.6,211.2,210.88,8718006,18384.47,85252,875801.0, 10.05,2026-05-20
DCBBANK, EQ, 20-May-2026,177.05,175.71,182.24,173.72,181.32,181.26,177.53,1703076,3023.52,17851,807722.0, 47.43,2026-05-20
DCCL, SM, 20-May-2026,40.8,40.8,40.8,40.1,40.1,40.1,40.63,8000,3.25,4,8000.0, 100.00,2026-05-20
DCG, SM, 20-May-2026,65.0,65.8,67.0,63.1,63.3,63.2,64.93,10800,7.01,9,9600.0, 88.89,2026-05-20
DCI, BE, 20-May-2026,289.55,282.2,301.0,282.2,300.0,298.35,295.03,7891,23.28,153,, -,2026-05-20
DCM, EQ, 20-May-2026,81.96,81.96,84.78,81.12,82.0,82.2,83.06,20833,17.3,376,14519.0, 69.69,2026-05-20
DCMFINSERV, BE, 20-May-2026,4.78,4.76,4.87,4.76,4.87,4.87,4.83,7338,0.35,10,, -,2026-05-20
DCMNVL, BE, 20-May-2026,147.79,149.0,152.0,140.41,145.0,143.24,142.21,5736,8.16,72,, -,2026-05-20
DCMSHRIRAM, EQ, 20-May-2026,1098.4,1099.0,1112.7,1081.9,1107.5,1098.1,1102.86,32304,356.27,6031,14927.0, 46.21,2026-05-20
DCMSIL, BE, 20-May-2026,62.83,62.5,62.5,59.72,61.24,60.45,60.37,85644,51.71,465,, -,2026-05-20
DCMSRIND, EQ, 20-May-2026,41.96,43.0,43.48,41.46,42.03,41.65,42.23,100762,42.55,847,52065.0, 51.67,2026-05-20
DCW, EQ, 20-May-2026,46.16,45.41,46.9,45.12,46.9,46.66,46.33,688245,318.88,3340,274370.0, 39.87,2026-05-20
DCXINDIA, EQ, 20-May-2026,194.98,194.98,195.0,191.18,194.9,193.98,193.48,995274,1925.69,10427,431122.0, 43.32,2026-05-20
DDEVPLSTIK, EQ, 20-May-2026,237.9,238.0,242.1,235.05,237.5,237.7,238.42,49823,118.79,2146,23329.0, 46.82,2026-05-20
DECCANCE, EQ, 20-May-2026,586.4,590.0,594.9,580.0,592.8,592.05,585.94,6602,38.68,543,3098.0, 46.93,2026-05-20
DECCANTRAN, SM, 20-May-2026,20.6,20.6,20.6,20.6,20.6,20.6,20.6,1200,0.25,1,1200.0, 100.00,2026-05-20
DECNGOLD, EQ, 20-May-2026,135.87,135.9,154.7,135.9,151.7,150.54,148.23,7654925,11347.03,66311,2600504.0, 33.97,2026-05-20
DEEDEV, BE, 20-May-2026,452.55,430.0,475.15,429.95,475.15,475.15,450.46,506155,2280.05,3758,, -,2026-05-20
DEEM, SM, 20-May-2026,35.55,36.0,37.1,34.0,34.0,34.0,35.5,12000,4.26,4,2000.0, 16.67,2026-05-20
DEEPAKFERT, EQ, 20-May-2026,1324.5,1326.9,1329.6,1300.1,1318.9,1317.8,1316.6,307987,4054.94,20944,130158.0, 42.26,2026-05-20
DEEPAKNTR, EQ, 20-May-2026,1805.8,1796.5,1851.0,1780.8,1817.0,1824.0,1826.82,199127,3637.69,16806,78225.0, 39.28,2026-05-20
DEEPINDS, EQ, 20-May-2026,474.05,472.15,482.95,465.0,467.0,470.55,475.0,223229,1060.33,7917,88171.0, 39.50,2026-05-20
DEFENCE, EQ, 20-May-2026,73.89,75.45,75.45,72.99,74.55,74.41,73.88,121772,89.97,597,63174.0, 51.88,2026-05-20
DELAPLEX, SM, 20-May-2026,124.0,121.0,121.0,121.0,121.0,121.0,121.0,1200,1.45,2,1200.0, 100.00,2026-05-20
DELHIVERY, EQ, 20-May-2026,459.4,456.05,459.0,452.1,457.0,456.8,455.84,1487135,6778.89,22364,662038.0, 44.52,2026-05-20
DELPHIFX, EQ, 20-May-2026,11.41,11.32,11.79,10.76,10.96,10.91,10.98,138080,15.17,607,84928.0, 61.51,2026-05-20
DELTACORP, EQ, 20-May-2026,69.56,68.65,71.55,68.01,71.2,71.13,70.51,2412994,1701.48,11316,557151.0, 23.09,2026-05-20
DELTAMAGNT, EQ, 20-May-2026,62.01,66.0,66.0,60.5,61.5,61.25,61.17,2701,1.65,134,2398.0, 88.78,2026-05-20
DEN, EQ, 20-May-2026,26.84,26.55,26.95,26.22,26.78,26.7,26.56,301722,80.15,1647,117396.0, 38.91,2026-05-20
DENEERS, SM, 20-May-2026,229.65,227.9,239.0,225.0,236.0,238.35,229.25,102000,233.84,74,71400.0, 70.00,2026-05-20
DENORA, EQ, 20-May-2026,715.3,708.0,721.85,703.15,721.85,717.95,716.88,2800,20.07,370,1157.0, 41.32,2026-05-20
DENTA, EQ, 20-May-2026,262.95,260.8,265.5,258.0,264.0,263.85,262.45,52738,138.41,1911,19619.0, 37.20,2026-05-20
DENTALKART, SM, 20-May-2026,413.0,412.9,416.0,406.05,412.0,414.45,413.42,7000,28.94,22,4750.0, 67.86,2026-05-20
DEVIT, EQ, 20-May-2026,29.07,28.8,29.5,28.62,29.5,29.24,29.03,15299,4.44,309,10220.0, 66.80,2026-05-20
DEVX, EQ, 20-May-2026,40.85,42.0,42.0,39.81,40.0,39.98,40.65,122947,49.97,770,76247.0, 62.02,2026-05-20
DEVYANI, EQ, 20-May-2026,118.68,116.8,117.33,115.11,116.12,116.22,116.01,1011085,1172.95,11224,341413.0, 33.77,2026-05-20
DGCONTENT, EQ, 20-May-2026,27.11,27.1,27.48,26.0,26.25,26.96,26.99,7263,1.96,127,7046.0, 97.01,2026-05-20
DHAMPURSUG, EQ, 20-May-2026,144.8,144.8,148.55,143.49,144.08,144.34,146.15,269267,393.54,4125,79706.0, 29.60,2026-05-20
DHANBANK, EQ, 20-May-2026,33.18,32.68,34.6,31.73,32.9,32.73,33.39,4786252,1598.22,17130,1265590.0, 26.44,2026-05-20
DHANLAXMI, SM, 20-May-2026,32.75,32.0,32.0,31.9,31.9,31.9,31.95,4000,1.28,2,4000.0, 100.00,2026-05-20
DHANUKA, EQ, 20-May-2026,1181.6,1182.0,1217.9,1142.7,1149.0,1150.8,1169.95,347664,4067.5,26338,85989.0, 24.73,2026-05-20
DHARARAIL, SM, 20-May-2026,117.9,118.9,121.2,118.9,121.2,121.05,120.79,11000,13.29,10,8000.0, 72.73,2026-05-20
DHARIWAL, SM, 20-May-2026,34.95,34.65,34.65,32.7,33.0,33.35,33.4,90000,30.06,28,87000.0, 96.67,2026-05-20
DHARMAJ, EQ, 20-May-2026,266.2,265.1,272.0,262.75,265.0,265.1,266.91,31415,83.85,1554,11037.0, 35.13,2026-05-20
DHRUV, BE, 20-May-2026,31.65,30.1,32.97,30.1,32.6,32.6,31.75,1549,0.49,15,, -,2026-05-20
DHTL, SM, 20-May-2026,48.6,49.0,51.0,49.0,51.0,51.0,50.0,1600,0.8,2,1600.0, 100.00,2026-05-20
DHUNINV, EQ, 20-May-2026,848.6,882.75,882.75,825.85,849.45,844.9,849.06,447,3.8,95,376.0, 84.12,2026-05-20
DIACABS, EQ, 20-May-2026,190.23,189.9,201.79,187.53,194.98,195.1,196.51,6854883,13470.49,50991,1964432.0, 28.66,2026-05-20
DIAMINESQ, EQ, 20-May-2026,259.15,259.15,270.9,249.95,250.5,253.95,259.86,10154,26.39,660,5749.0, 56.62,2026-05-20
DIAMONDYD, EQ, 20-May-2026,977.65,976.0,985.6,965.0,985.6,977.7,977.83,2531,24.75,340,1019.0, 40.26,2026-05-20
DICIND, EQ, 20-May-2026,504.7,504.7,519.0,504.7,507.25,507.85,508.75,319,1.62,39,262.0, 82.13,2026-05-20
DIFFNKG, EQ, 20-May-2026,329.7,329.75,336.7,325.0,330.0,330.55,331.6,142345,472.01,3201,71163.0, 49.99,2026-05-20
DIGIDRIVE, EQ, 20-May-2026,21.48,22.4,22.4,21.01,21.97,21.83,21.66,19816,4.29,162,15606.0, 78.75,2026-05-20
DIGIKORE, SM, 20-May-2026,61.75,60.05,60.9,54.5,56.5,56.95,57.4,173200,99.42,324,98800.0, 57.04,2026-05-20
DIGISPICE, BE, 20-May-2026,19.59,19.2,19.88,18.62,18.62,19.19,19.06,128199,24.44,230,, -,2026-05-20
DIGITIDE, EQ, 20-May-2026,85.63,85.5,87.5,84.76,85.5,85.34,86.15,259706,223.73,2211,108102.0, 41.62,2026-05-20
DIGJAMLMTD, EQ, 20-May-2026,46.87,46.5,47.91,45.5,46.98,46.94,47.06,2741,1.29,117,1833.0, 66.87,2026-05-20
DIRL, SM, 20-May-2026,12.2,12.2,12.2,12.05,12.05,12.05,12.12,18000,2.18,3,12000.0, 66.67,2026-05-20
DISAQ, EQ, 20-May-2026,12112.0,11789.0,11902.0,11521.0,11521.0,11612.0,11652.27,692,80.63,544,459.0, 66.33,2026-05-20
DISHTV, BE, 20-May-2026,3.36,3.33,3.42,3.2,3.35,3.36,3.34,1239232,41.44,1093,, -,2026-05-20
DIVGIITTS, EQ, 20-May-2026,675.7,672.0,687.15,660.6,661.5,663.8,665.28,6829,45.43,702,3770.0, 55.21,2026-05-20
DIVIDEND, EQ, 20-May-2026,36.1,36.0,36.1,35.69,36.1,36.09,35.85,3686,1.32,60,2721.0, 73.82,2026-05-20
DIVINEHIRA, ST, 20-May-2026,324.5,338.0,338.0,320.0,329.5,329.5,323.89,6800,22.02,11,4400.0, 64.71,2026-05-20
DIVISLAB, EQ, 20-May-2026,6912.0,6895.0,6960.0,6800.5,6880.5,6893.0,6888.05,957736,65969.33,76269,605095.0, 63.18,2026-05-20
DIVOPPBEES, EQ, 20-May-2026,77.72,76.17,78.0,76.16,78.0,77.92,77.61,25491,19.78,622,13279.0, 52.09,2026-05-20
DIXON, EQ, 20-May-2026,11048.0,10870.0,11080.0,10850.0,10992.0,10997.0,10966.32,379965,41668.18,53257,101580.0, 26.73,2026-05-20
DJML, EQ, 20-May-2026,95.45,97.75,98.71,93.02,95.99,96.58,96.62,458610,443.12,2636,123065.0, 26.83,2026-05-20
DKEGL, SM, 20-May-2026,76.5,70.35,73.9,70.35,73.9,73.9,71.53,4500,3.22,3,3000.0, 66.67,2026-05-20
DLF, EQ, 20-May-2026,577.4,570.15,584.7,565.2,580.5,583.3,575.87,2939738,16928.98,54551,1242511.0, 42.27,2026-05-20
DLINKINDIA, EQ, 20-May-2026,464.65,464.05,465.85,457.3,459.0,460.55,460.77,80960,373.04,3425,41654.0, 51.45,2026-05-20
DMART, EQ, 20-May-2026,4236.0,4235.0,4240.2,4111.0,4158.6,4144.2,4153.62,346215,14380.45,37049,148078.0, 42.77,2026-05-20
DMCC, EQ, 20-May-2026,295.65,294.0,294.6,276.8,284.0,282.9,283.82,144851,411.11,5564,74999.0, 51.78,2026-05-20
DNAMEDIA, EQ, 20-May-2026,2.99,3.06,3.06,2.81,3.04,3.02,2.94,47743,1.4,203,30310.0, 63.49,2026-05-20
DODLA, EQ, 20-May-2026,1029.4,1029.4,1030.0,1012.5,1019.3,1024.8,1020.89,10450,106.68,1931,4126.0, 39.48,2026-05-20
DOLATALGO, EQ, 20-May-2026,76.9,76.1,80.0,75.05,79.49,78.8,77.26,329126,254.29,2905,145901.0, 44.33,2026-05-20
DOLLAR, EQ, 20-May-2026,265.15,263.1,278.3,261.6,275.0,276.45,271.04,123324,334.26,3656,47595.0, 38.59,2026-05-20
DOLPHIN, EQ, 20-May-2026,416.15,416.5,420.4,406.35,414.85,412.35,414.44,13460,55.78,962,4963.0, 36.87,2026-05-20
DOMS, EQ, 20-May-2026,2329.7,2299.7,2309.8,2255.0,2262.8,2263.0,2272.14,65918,1497.75,20406,25559.0, 38.77,2026-05-20
DONEAR, EQ, 20-May-2026,90.42,90.45,91.38,89.1,89.9,89.71,90.14,13010,11.73,349,6026.0, 46.32,2026-05-20
DPABHUSHAN, EQ, 20-May-2026,889.6,888.0,899.9,866.1,899.9,895.6,888.47,11235,99.82,1205,3890.0, 34.62,2026-05-20
DPEL, SM, 20-May-2026,510.65,510.15,510.15,497.0,499.95,498.4,502.24,30000,150.67,55,23000.0, 76.67,2026-05-20
DPSCLTD, BE, 20-May-2026,9.37,9.37,9.45,8.91,8.91,8.91,8.96,196578,17.62,606,, -,2026-05-20
DPWIRES, EQ, 20-May-2026,172.75,172.5,174.44,168.35,171.8,170.91,171.19,6051,10.36,464,3013.0, 49.79,2026-05-20
DRAGARWQ, EQ, 20-May-2026,5107.1,5049.1,5250.0,5000.0,5150.0,5159.6,5132.65,1761,90.39,754,721.0, 40.94,2026-05-20
DRCSYSTEMS, EQ, 20-May-2026,15.82,15.51,15.85,15.14,15.48,15.18,15.38,40750,6.27,665,27907.0, 68.48,2026-05-20
DREAMFOLKS, EQ, 20-May-2026,75.76,75.76,75.76,74.51,75.1,75.28,75.19,41124,30.92,1143,25748.0, 62.61,2026-05-20
DREDGECORP, EQ, 20-May-2026,1004.7,1040.0,1155.0,1035.2,1082.0,1088.0,1107.83,8954182,99196.84,323259,486766.0, 5.44,2026-05-20
DRONE, ST, 20-May-2026,42.3,42.3,42.5,40.2,40.2,40.3,40.54,49000,19.86,79,46000.0, 93.88,2026-05-20
DRREDDY, EQ, 20-May-2026,1335.2,1323.6,1336.0,1319.6,1320.9,1321.9,1327.19,1277182,16950.67,51554,700916.0, 54.88,2026-05-20
DSFCL, EQ, 20-May-2026,28.21,27.46,27.8,26.8,26.8,26.8,26.85,81462,21.87,223,71165.0, 87.36,2026-05-20
DSSL, EQ, 20-May-2026,1547.8,1556.1,1589.6,1473.0,1501.8,1489.4,1530.91,206253,3157.55,19666,56802.0, 27.54,2026-05-20
DTIL, EQ, 20-May-2026,132.12,134.99,137.97,132.02,135.7,136.22,135.5,1259,1.71,75,889.0, 70.61,2026-05-20
DTL, SM, 20-May-2026,130.0,130.0,130.0,130.0,130.0,130.0,130.0,3600,4.68,3,3600.0, 100.00,2026-05-20
DUCOL, SM, 20-May-2026,114.35,114.0,114.0,111.1,111.1,111.1,112.34,3200,3.59,4,3200.0, 100.00,2026-05-20
DUCON, BE, 20-May-2026,3.18,3.16,3.26,3.15,3.18,3.19,3.21,107509,3.45,174,, -,2026-05-20
DUGLOBAL, ST, 20-May-2026,41.35,39.35,39.95,39.35,39.95,39.95,39.77,15000,5.97,3,15000.0, 100.00,2026-05-20
DURLAX, ST, 20-May-2026,56.8,59.6,59.6,57.0,57.55,59.3,59.06,286000,168.92,108,272000.0, 95.10,2026-05-20
DVL, EQ, 20-May-2026,233.23,233.12,245.0,232.61,244.9,243.21,238.44,6482,15.46,199,3526.0, 54.40,2026-05-20
DWARKESH, EQ, 20-May-2026,42.46,41.88,44.25,41.88,43.01,42.97,43.11,1461647,630.16,7844,410084.0, 28.06,2026-05-20
DYCL, EQ, 20-May-2026,295.2,295.2,300.0,283.0,296.0,297.9,295.16,175391,517.68,4503,66992.0, 38.20,2026-05-20
DYNAMATECH, EQ, 20-May-2026,10864.0,10583.0,10583.0,9950.0,10384.0,10441.0,10220.37,58942,6024.09,20158,18687.0, 31.70,2026-05-20
DYNAMIC, SM, 20-May-2026,113.15,110.9,112.65,110.9,112.5,112.55,111.37,4000,4.45,6,3000.0, 75.00,2026-05-20
DYNPRO, EQ, 20-May-2026,224.49,224.39,228.77,223.3,227.9,227.67,225.55,5498,12.4,217,3797.0, 69.06,2026-05-20
E2E, EQ, 20-May-2026,3175.6,3295.7,3334.3,3232.0,3334.3,3331.4,3315.61,294517,9765.02,13900,119385.0, 40.54,2026-05-20
E2ERAIL, ST, 20-May-2026,267.8,266.95,279.9,256.0,274.0,274.0,269.48,27200,73.3,33,23200.0, 85.29,2026-05-20
EASEMYTRIP, EQ, 20-May-2026,7.97,7.85,8.1,7.85,8.02,8.02,8.01,7125688,570.75,7055,2160265.0, 30.32,2026-05-20
EASTSILK, BE, 20-May-2026,57.77,60.5,60.5,57.82,59.3,59.29,59.33,217,0.13,9,, -,2026-05-20
EBANKNIFTY, EQ, 20-May-2026,53.85,53.3,54.05,53.27,54.05,54.05,53.57,5261,2.82,35,4457.0, 84.72,2026-05-20
EBBETF0430, EQ, 20-May-2026,1567.47,1558.68,1572.73,1558.68,1569.7,1567.3,1564.51,9429,147.52,409,5161.0, 54.74,2026-05-20
EBBETF0431, EQ, 20-May-2026,1394.68,1401.33,1401.33,1382.19,1390.3,1390.66,1389.28,1616,22.45,85,700.0, 43.32,2026-05-20
EBBETF0433, EQ, 20-May-2026,1266.66,1270.27,1272.0,1265.0,1267.05,1270.34,1269.88,6508,82.64,82,5248.0, 80.64,2026-05-20
EBGNG, EQ, 20-May-2026,417.75,415.45,430.0,413.3,425.0,426.35,423.59,231741,981.62,7706,108496.0, 46.82,2026-05-20
ECAPINSURE, EQ, 20-May-2026,24.47,24.35,24.65,24.35,24.54,24.5,24.43,11980,2.93,153,8727.0, 72.85,2026-05-20
ECLERX, EQ, 20-May-2026,1553.8,1553.9,1575.8,1513.0,1520.0,1518.1,1545.22,181636,2806.67,15169,68725.0, 37.84,2026-05-20
ECOLINE, SM, 20-May-2026,135.85,133.2,150.0,132.0,150.0,149.6,141.94,473000,671.39,180,432000.0, 91.33,2026-05-20
ECOSMOBLTY, EQ, 20-May-2026,128.99,129.5,133.5,127.05,129.5,129.4,130.23,203418,264.92,3153,87768.0, 43.15,2026-05-20
EDELWEISS, EQ, 20-May-2026,109.04,108.75,112.3,107.27,110.6,111.0,109.86,2924572,3213.04,22940,1256930.0, 42.98,2026-05-20
EEPL, SM, 20-May-2026,105.45,107.0,107.0,103.75,103.75,103.75,105.64,4000,4.23,4,2000.0, 50.00,2026-05-20
EFACTOR, SM, 20-May-2026,205.0,205.0,205.0,200.1,200.1,200.1,202.55,800,1.62,2,800.0, 100.00,2026-05-20
EFCIL, EQ, 20-May-2026,181.23,179.51,189.7,178.0,188.77,187.25,183.88,366006,673.01,6408,186005.0, 50.82,2026-05-20
EFFWA, SM, 20-May-2026,238.35,235.05,245.0,234.0,238.4,240.7,238.45,12800,30.52,31,7200.0, 56.25,2026-05-20
EFORCE, SM, 20-May-2026,23.0,23.1,23.1,22.0,22.0,22.25,22.33,26400,5.89,16,21600.0, 81.82,2026-05-20
EGOLD, EQ, 20-May-2026,157.9,157.4,157.8,156.4,157.55,157.5,157.49,403482,635.44,663,383118.0, 94.95,2026-05-20
EICHERMOT, EQ, 20-May-2026,6882.5,6813.0,6905.0,6752.5,6859.0,6849.5,6858.62,455047,31209.96,53893,252431.0, 55.47,2026-05-20
EIDPARRY, EQ, 20-May-2026,790.55,790.0,799.25,780.5,797.95,798.05,794.6,136681,1086.07,8987,74255.0, 54.33,2026-05-20
EIEL, EQ, 20-May-2026,189.53,187.55,188.94,185.51,187.93,188.26,187.51,674570,1264.9,8325,221043.0, 32.77,2026-05-20
EIFFL, EQ, 20-May-2026,222.72,230.11,242.5,221.0,228.02,231.39,231.38,15915,36.82,984,7650.0, 48.07,2026-05-20
EIHAHOTELS, EQ, 20-May-2026,325.65,327.6,327.6,321.1,324.75,324.15,323.27,3311,10.7,329,1912.0, 57.75,2026-05-20
EIHOTEL, EQ, 20-May-2026,326.25,326.05,326.05,317.85,324.25,322.5,322.67,112343,362.5,5651,64616.0, 57.52,2026-05-20
EIMCOELECO, EQ, 20-May-2026,1589.4,1567.0,1625.0,1565.0,1620.0,1609.6,1597.31,19552,312.31,1865,13378.0, 68.42,2026-05-20
EKC, EQ, 20-May-2026,114.73,113.98,115.9,113.52,114.9,114.99,114.99,90646,104.24,1529,39837.0, 43.95,2026-05-20
ELANTAS, EQ, 20-May-2026,9174.5,9179.0,9450.0,9175.5,9275.0,9340.5,9323.02,346,32.26,178,176.0, 50.87,2026-05-20
ELCIDIN, EQ, 20-May-2026,116490.0,117070.0,118500.0,115560.0,117910.0,118205.0,117574.29,14,16.46,14,11.0, 78.57,2026-05-20
ELDEHSG, EQ, 20-May-2026,818.85,819.0,864.8,818.9,850.0,850.0,838.99,318,2.67,40,313.0, 98.43,2026-05-20
ELECON, EQ, 20-May-2026,485.15,484.75,488.5,475.5,485.0,486.25,483.63,192164,929.36,8369,84237.0, 43.84,2026-05-20
ELECTCAST, EQ, 20-May-2026,75.49,74.55,79.57,73.51,78.19,78.01,77.77,4802388,3734.67,25131,1606647.0, 33.46,2026-05-20
ELECTHERM, EQ, 20-May-2026,699.3,705.2,725.9,701.5,701.5,708.85,712.26,22376,159.38,438,19353.0, 86.49,2026-05-20
ELGIEQUIP, EQ, 20-May-2026,541.1,536.65,571.85,529.05,564.0,565.25,557.46,1260530,7026.91,41137,581411.0, 46.12,2026-05-20
ELGIRUBCO, EQ, 20-May-2026,49.47,50.07,50.07,47.01,47.13,47.4,48.24,50478,24.35,822,21514.0, 42.62,2026-05-20
ELGNZ, SM, 20-May-2026,85.0,84.2,86.7,81.2,81.2,81.6,83.04,21000,17.44,21,16000.0, 76.19,2026-05-20
ELIN, EQ, 20-May-2026,121.59,121.59,121.59,118.6,121.0,119.78,119.93,55502,66.56,1323,27101.0, 48.83,2026-05-20
ELIQUID, EQ, 20-May-2026,1031.29,1031.43,1031.45,1031.43,1031.43,1031.43,1031.43,10570,109.02,16,10535.0, 99.67,2026-05-20
ELITECON, EQ, 20-May-2026,30.18,30.18,31.68,29.19,31.68,31.67,31.55,2749799,867.46,5791,1229025.0, 44.70,2026-05-20
ELLEN, EQ, 20-May-2026,279.55,278.85,284.5,274.45,278.25,282.2,278.75,200002,557.51,5233,83263.0, 41.63,2026-05-20
ELM250, EQ, 20-May-2026,16.09,16.1,16.23,15.92,16.23,16.2,16.2,1265118,204.93,119,1235927.0, 97.69,2026-05-20
ELPROINTL, EQ, 20-May-2026,164.66,164.9,165.4,163.69,164.99,164.93,164.92,97532,160.85,583,80756.0, 82.80,2026-05-20
EMAMILTD, EQ, 20-May-2026,435.05,434.1,434.95,426.25,427.05,428.8,428.08,132262,566.18,8139,70110.0, 53.01,2026-05-20
EMAMIPAP, EQ, 20-May-2026,77.33,78.45,81.24,78.0,79.85,79.73,79.8,20521,16.37,346,14006.0, 68.25,2026-05-20
EMAMIREAL, BE, 20-May-2026,91.44,89.62,89.62,89.62,89.62,89.62,89.62,7537,6.75,41,, -,2026-05-20
EMAPARTNER, SM, 20-May-2026,87.0,87.0,92.0,87.0,92.0,92.0,90.02,5000,4.5,5,4000.0, 80.00,2026-05-20
EMBASSY, RR, 20-May-2026,430.15,429.01,436.02,428.0,432.68,434.45,433.78,223802,970.8,8345,172679.0, 77.16,2026-05-20
EMBDL, EQ, 20-May-2026,67.77,67.26,69.15,66.0,66.3,66.35,67.03,5189255,3478.47,23317,3121728.0, 60.16,2026-05-20
EMCURE, EQ, 20-May-2026,1710.2,1710.0,1756.9,1701.0,1737.0,1734.0,1736.43,108252,1879.72,12266,41905.0, 38.71,2026-05-20
EMIL, EQ, 20-May-2026,114.71,114.13,118.0,113.01,115.84,115.68,115.25,382801,441.18,4736,157731.0, 41.20,2026-05-20
EMKAY, EQ, 20-May-2026,218.32,219.9,221.82,213.15,221.1,219.86,217.87,31368,68.34,694,18969.0, 60.47,2026-05-20
EMKAYTOOLS, SM, 20-May-2026,99.3,99.3,103.0,96.95,96.95,98.85,97.85,4350,4.26,21,3600.0, 82.76,2026-05-20
EMMBI, EQ, 20-May-2026,83.38,82.1,84.39,82.0,84.0,83.9,83.0,3815,3.17,140,2696.0, 70.67,2026-05-20
EMMIL, SM, 20-May-2026,147.85,147.85,147.85,142.0,142.0,142.0,143.82,1500,2.16,6,1500.0, 100.00,2026-05-20
EMMVEE, EQ, 20-May-2026,260.15,258.75,267.0,256.6,261.0,260.55,261.8,2738738,7170.02,31501,1148674.0, 41.94,2026-05-20
EMPOWER, BE, 20-May-2026,2.61,2.56,2.56,2.56,2.56,2.56,2.56,476573,12.2,251,, -,2026-05-20
EMSLIMITED, EQ, 20-May-2026,318.0,317.7,317.8,311.35,317.05,316.55,315.22,87446,275.65,3194,35570.0, 40.68,2026-05-20
EMUDHRA, EQ, 20-May-2026,465.05,462.5,471.8,458.0,467.0,463.3,465.9,48799,227.35,3177,24954.0, 51.14,2026-05-20
EMULTIMQ, EQ, 20-May-2026,42.33,41.1,42.77,41.1,42.75,42.69,42.37,21185,8.98,167,16574.0, 78.23,2026-05-20
ENCOMPAS, SM, 20-May-2026,222.75,220.0,227.0,216.0,216.0,216.0,223.05,51200,114.2,30,46800.0, 91.41,2026-05-20
ENDURANCE, EQ, 20-May-2026,2545.2,2540.1,2560.0,2521.3,2550.0,2552.3,2549.25,32397,825.88,5321,18827.0, 58.11,2026-05-20
ENERGY, EQ, 20-May-2026,39.78,39.81,40.48,39.36,40.41,40.38,40.18,893843,359.11,1576,724712.0, 81.08,2026-05-20
ENERGYDEV, EQ, 20-May-2026,16.79,16.31,17.17,16.31,16.61,16.72,16.82,16879,2.84,210,13318.0, 78.90,2026-05-20
ENFUSE, SM, 20-May-2026,192.5,181.0,183.5,177.05,180.95,179.9,180.14,14400,25.94,20,9000.0, 62.50,2026-05-20
ENGINERSIN, EQ, 20-May-2026,245.0,243.0,243.25,238.0,241.5,241.4,240.64,2870121,6906.77,34580,964330.0, 33.60,2026-05-20
ENIFTY, EQ, 20-May-2026,23.68,23.08,23.78,23.08,23.75,23.73,23.66,1742,0.41,34,1020.0, 58.55,2026-05-20
ENIL, EQ, 20-May-2026,111.14,110.1,111.2,110.1,111.2,111.04,110.95,4000,4.44,78,2191.0, 54.78,2026-05-20
ENRIN, EQ, 20-May-2026,3163.5,3149.7,3494.0,3139.9,3484.0,3459.6,3382.05,3683159,124566.17,247441,1467156.0, 39.83,2026-05-20
ENTERO, EQ, 20-May-2026,1240.1,1242.0,1260.6,1222.5,1252.0,1254.7,1249.34,186394,2328.7,6067,154145.0, 82.70,2026-05-20
ENVIRO, SM, 20-May-2026,103.1,101.0,101.5,100.2,101.5,101.5,100.72,6000,6.04,6,5000.0, 83.33,2026-05-20
EPACK, EQ, 20-May-2026,240.85,238.95,263.0,235.25,262.4,259.2,253.57,4508016,11430.8,48564,533920.0, 11.84,2026-05-20
EPACKPEB, EQ, 20-May-2026,191.54,192.5,192.5,187.5,190.0,189.5,189.79,548479,1040.97,8439,208808.0, 38.07,2026-05-20
EPIGRAL, EQ, 20-May-2026,1239.4,1225.5,1250.0,1219.4,1239.0,1240.4,1238.09,27242,337.28,3398,13556.0, 49.76,2026-05-20
EPL, EQ, 20-May-2026,217.23,216.0,216.99,214.07,215.44,215.66,215.52,177962,383.54,4781,101312.0, 56.93,2026-05-20
EPWINDIA, ST, 20-May-2026,145.0,145.0,145.0,137.75,137.75,138.5,140.13,4800,6.73,4,4800.0, 100.00,2026-05-20
EQUAL200, EQ, 20-May-2026,13.3,13.63,13.63,13.17,13.34,13.33,13.29,6062,0.81,54,5139.0, 84.77,2026-05-20
EQUAL50, EQ, 20-May-2026,324.0,323.75,324.96,323.75,324.96,324.96,324.15,107,0.35,4,94.0, 87.85,2026-05-20
EQUAL50ADD, EQ, 20-May-2026,335.61,334.21,336.16,332.5,334.79,335.02,334.31,9087,30.38,265,3784.0, 41.64,2026-05-20
EQUIPPP, BE, 20-May-2026,14.32,14.32,14.95,13.85,14.75,14.75,14.21,34365,4.88,87,, -,2026-05-20
EQUITASBNK, EQ, 20-May-2026,67.98,67.66,68.95,67.0,68.15,68.04,67.77,1306251,885.2,11577,682281.0, 52.23,2026-05-20
ERIS, EQ, 20-May-2026,1336.2,1345.0,1495.0,1340.1,1489.2,1458.2,1445.01,1604732,23188.57,71046,357724.0, 22.29,2026-05-20
ESABINDIA, EQ, 20-May-2026,6563.5,6490.0,6795.0,6435.0,6692.0,6646.0,6570.54,2231,146.59,749,1341.0, 60.11,2026-05-20
ESAFSFB, EQ, 20-May-2026,27.92,27.55,27.82,26.95,27.75,27.6,27.34,682166,186.53,1864,297176.0, 43.56,2026-05-20
ESCONET, ST, 20-May-2026,123.45,127.1,129.6,127.1,129.6,129.6,129.39,16800,21.74,22,16800.0, 100.00,2026-05-20
ESCORTS, EQ, 20-May-2026,2890.8,2890.0,2914.0,2864.0,2897.9,2895.6,2892.04,96381,2787.38,12650,52984.0, 54.97,2026-05-20
ESENSEX, EQ, 20-May-2026,75.5,75.02,75.13,75.02,75.13,75.13,75.13,26,0.02,2,26.0, 100.00,2026-05-20
ESFL, ST, 20-May-2026,122.0,122.0,128.1,120.0,128.1,128.1,125.59,9720,12.21,22,9000.0, 92.59,2026-05-20
ESG, EQ, 20-May-2026,40.23,40.17,40.37,39.89,40.35,40.34,40.18,5935,2.38,74,5742.0, 96.75,2026-05-20
ESILVER, EQ, 20-May-2026,264.55,261.99,265.9,258.01,265.8,263.75,261.92,53463,140.03,1274,17346.0, 32.44,2026-05-20
ESPRIT, SM, 20-May-2026,70.5,69.5,73.5,68.05,73.5,73.5,70.75,9600,6.79,5,3200.0, 33.33,2026-05-20
ESSARSHPNG, EQ, 20-May-2026,23.83,24.24,24.24,23.07,23.5,23.49,23.78,291843,69.39,1218,139364.0, 47.75,2026-05-20
ESSENTIA, BE, 20-May-2026,1.69,1.6,1.65,1.55,1.65,1.6,1.59,1831223,29.1,1205,, -,2026-05-20
ESTER, EQ, 20-May-2026,96.77,96.2,97.69,95.5,96.0,96.46,96.67,55415,53.57,1977,21669.0, 39.10,2026-05-20
ETERNAL, EQ, 20-May-2026,247.21,243.0,245.68,242.3,243.5,243.34,243.97,23420943,57139.25,170688,12896923.0, 55.07,2026-05-20
ETHOSLTD, EQ, 20-May-2026,2317.4,2352.1,2398.9,2270.1,2360.0,2356.3,2354.68,14065,331.19,3165,5430.0, 38.61,2026-05-20
ETL, SM, 20-May-2026,920.05,920.0,920.0,911.0,911.0,911.5,916.6,750,6.87,3,750.0, 100.00,2026-05-20
ETML, SM, 20-May-2026,84.5,85.95,85.95,82.0,85.25,85.25,85.54,52800,45.17,8,50400.0, 95.45,2026-05-20
EUREKAFORB, EQ, 20-May-2026,491.25,489.0,489.0,464.0,471.0,473.45,474.93,310558,1474.93,18025,159511.0, 51.36,2026-05-20
EUROBOND, EQ, 20-May-2026,179.4,179.4,183.5,175.0,180.0,177.88,178.08,4540,8.09,206,2982.0, 65.68,2026-05-20
EUROPRATIK, EQ, 20-May-2026,260.0,259.8,272.0,256.9,266.7,269.15,266.47,1035668,2759.69,8293,736105.0, 71.08,2026-05-20
EUROTEXIND, EQ, 20-May-2026,15.63,15.63,16.88,15.63,15.77,15.87,16.24,968,0.16,16,686.0, 70.87,2026-05-20
EVEREADY, EQ, 20-May-2026,321.35,317.0,321.05,315.0,319.0,318.55,318.14,29463,93.73,1521,12706.0, 43.13,2026-05-20
EVERESTIND, EQ, 20-May-2026,367.85,367.85,379.0,362.7,375.0,375.65,375.07,3728,13.98,190,1957.0, 52.49,2026-05-20
EVIETF, EQ, 20-May-2026,29.71,29.57,30.05,29.22,30.05,29.93,29.82,110709,33.01,492,55567.0, 50.19,2026-05-20
EVINDIA, EQ, 20-May-2026,29.66,29.6,29.99,29.25,29.91,29.91,29.77,260439,77.52,1251,187257.0, 71.90,2026-05-20
EXCELINDUS, EQ, 20-May-2026,965.95,970.0,970.3,950.0,950.5,956.75,959.01,5680,54.47,554,4069.0, 71.64,2026-05-20
EXCELLENT, ST, 20-May-2026,148.9,148.9,151.0,148.9,151.0,151.0,150.65,9600,14.46,4,9600.0, 100.00,2026-05-20
EXCELSOFT, EQ, 20-May-2026,90.45,90.5,91.32,87.95,88.7,88.81,89.24,648500,578.71,6029,314025.0, 48.42,2026-05-20
EXICOM, EQ, 20-May-2026,115.61,116.0,119.39,113.55,114.6,114.93,116.77,725448,847.08,9040,187809.0, 25.89,2026-05-20
EXIDEIND, EQ, 20-May-2026,344.65,342.9,343.95,339.05,339.9,339.55,340.67,2206260,7516.15,41059,1081644.0, 49.03,2026-05-20
EXIMROUTES, SM, 20-May-2026,117.45,122.3,122.3,122.3,122.3,122.3,122.3,800,0.98,1,800.0, 100.00,2026-05-20
EXPLEOSOL, EQ, 20-May-2026,921.6,920.0,944.15,912.6,935.0,931.45,933.74,57740,539.14,3452,27103.0, 46.94,2026-05-20
EXXARO, EQ, 20-May-2026,6.57,6.71,6.71,6.36,6.55,6.53,6.55,137249,9.0,292,86126.0, 62.75,2026-05-20
FABTECH, EQ, 20-May-2026,150.44,149.87,154.0,148.0,151.1,151.89,149.63,99550,148.95,1661,60489.0, 60.76,2026-05-20
FACT, EQ, 20-May-2026,870.4,864.0,870.8,853.55,865.0,867.3,863.2,71356,615.94,5599,18004.0, 25.23,2026-05-20
FAIRCHEMOR, EQ, 20-May-2026,609.35,604.8,613.8,592.7,596.15,600.55,603.1,5825,35.13,418,2613.0, 44.86,2026-05-20
FALCONTECH, SM, 20-May-2026,14.55,13.8,14.2,13.65,14.2,14.2,13.85,12000,1.66,6,10800.0, 90.00,2026-05-20
FAZE3Q, EQ, 20-May-2026,455.95,454.4,478.7,442.2,478.7,478.7,465.89,44741,208.44,1434,27974.0, 62.52,2026-05-20
FCL, EQ, 20-May-2026,33.22,33.0,35.8,32.35,33.88,34.12,34.36,109836509,37741.76,145776,11819654.0, 10.76,2026-05-20
FCSSOFT, BE, 20-May-2026,1.53,1.53,1.55,1.5,1.53,1.51,1.52,842097,12.82,838,, -,2026-05-20
FDC, EQ, 20-May-2026,362.6,362.6,366.0,354.3,360.05,363.6,362.17,82496,298.77,5157,54970.0, 66.63,2026-05-20
FEDDERSHOL, EQ, 20-May-2026,32.98,33.0,33.47,32.64,33.0,33.08,32.81,332531,109.11,1161,183817.0, 55.28,2026-05-20
FEDERALBNK, EQ, 20-May-2026,286.6,285.85,290.55,283.1,289.25,289.9,287.09,6657728,19113.79,59902,4054367.0, 60.90,2026-05-20
FEDFINA, EQ, 20-May-2026,152.07,151.92,151.92,149.19,149.91,150.85,150.32,369048,554.77,4939,198168.0, 53.70,2026-05-20
FEL, BZ, 20-May-2026,0.44,0.44,0.45,0.44,0.45,0.44,0.45,78744,0.35,104,, -,2026-05-20
FELDVR, BZ, 20-May-2026,2.66,2.6,2.6,2.53,2.55,2.55,2.55,2551,0.07,18,, -,2026-05-20
FELIX, SM, 20-May-2026,198.95,199.0,203.4,195.0,195.1,200.55,198.77,29500,58.64,46,22500.0, 76.27,2026-05-20
FERMENTA, EQ, 20-May-2026,294.15,294.0,309.0,289.1,309.0,306.35,299.47,22029,65.97,633,18717.0, 84.97,2026-05-20
FIBERWEB, EQ, 20-May-2026,31.33,31.33,31.33,29.77,29.77,29.77,29.81,81056,24.16,350,61678.0, 76.09,2026-05-20
FICRF3GP, MF, 20-May-2026,191.0,210.0,210.0,210.0,210.0,210.0,210.0,1,0.0,1,1.0, 100.00,2026-05-20
FIDEL, SM, 20-May-2026,169.95,161.05,164.0,161.05,164.0,164.0,163.26,4000,6.53,4,3000.0, 75.00,2026-05-20
FIEMIND, EQ, 20-May-2026,2169.7,2130.0,2190.0,2080.0,2154.4,2151.2,2132.09,61397,1309.04,8265,25483.0, 41.51,2026-05-20
FILATEX, EQ, 20-May-2026,42.37,41.94,43.1,41.31,42.48,42.18,42.39,330043,139.92,4093,137900.0, 41.78,2026-05-20
FILATFASH, BE, 20-May-2026,0.23,0.24,0.24,0.23,0.24,0.23,0.23,34222679,79.96,2426,, -,2026-05-20
FINBUD, SM, 20-May-2026,120.0,119.75,119.75,114.0,114.0,114.0,115.94,16000,18.55,14,13000.0, 81.25,2026-05-20
FINCABLES, EQ, 20-May-2026,1056.25,1048.3,1048.3,1024.4,1045.0,1039.7,1035.88,151296,1567.25,12729,58673.0, 38.78,2026-05-20
FINEORG, EQ, 20-May-2026,4567.2,4635.9,4827.5,4576.0,4595.0,4594.1,4719.57,62170,2934.16,12355,12188.0, 19.60,2026-05-20
FINIETF, EQ, 20-May-2026,32.13,32.93,32.93,31.71,32.29,32.16,31.96,271183,86.68,1153,139368.0, 51.39,2026-05-20
FINKURVE, EQ, 20-May-2026,67.54,66.19,69.99,64.65,69.98,69.68,67.8,43830,29.72,1061,26925.0, 61.43,2026-05-20
FINOPB, EQ, 20-May-2026,123.16,123.8,124.85,119.05,121.11,121.44,121.94,204466,249.32,2737,77367.0, 37.84,2026-05-20
FINPIPE, EQ, 20-May-2026,165.86,165.0,167.96,162.69,166.5,167.5,166.46,282128,469.62,6757,123715.0, 43.85,2026-05-20
FIRSTCRY, EQ, 20-May-2026,221.4,220.73,222.33,216.12,221.2,220.89,218.86,1048526,2294.77,13617,224462.0, 21.41,2026-05-20
FISCHER, EQ, 20-May-2026,34.6,34.4,35.75,34.2,35.01,35.04,35.16,787768,277.0,1171,135809.0, 17.24,2026-05-20
FIVESTAR, EQ, 20-May-2026,453.4,450.6,450.6,441.25,444.45,444.05,444.36,377127,1675.82,13938,154082.0, 40.86,2026-05-20
FLAIR, EQ, 20-May-2026,333.05,328.55,338.8,327.5,338.0,337.5,334.2,103402,345.57,1903,45595.0, 44.09,2026-05-20
FLEXIADD, EQ, 20-May-2026,9.71,9.67,9.7,9.61,9.68,9.66,9.64,121291,11.69,277,101184.0, 83.42,2026-05-20
FLEXITUFF, EQ, 20-May-2026,7.02,6.96,7.09,6.86,6.92,6.92,7.0,2375,0.17,18,1665.0, 70.11,2026-05-20
FLFL, BZ, 20-May-2026,1.44,1.39,1.51,1.39,1.51,1.51,1.47,25248,0.37,65,, -,2026-05-20
FLUOROCHEM, EQ, 20-May-2026,3748.1,3700.1,3780.0,3692.0,3731.5,3750.8,3744.57,39527,1480.11,4913,19065.0, 48.23,2026-05-20
FLYSBS, SM, 20-May-2026,403.8,400.0,408.0,393.0,397.1,401.45,399.64,17400,69.54,74,10600.0, 60.92,2026-05-20
FMCGIETF, EQ, 20-May-2026,54.42,54.42,54.42,53.83,54.18,54.11,54.06,631157,341.18,3414,327366.0, 51.87,2026-05-20
FMGOETZE, EQ, 20-May-2026,452.2,452.2,454.45,443.15,453.8,450.95,449.39,15400,69.21,748,8548.0, 55.51,2026-05-20
FMNL, EQ, 20-May-2026,12.52,12.24,12.95,11.9,11.9,11.9,12.04,123301,14.85,367,79497.0, 64.47,2026-05-20
FOCE, SM, 20-May-2026,561.0,560.0,563.0,559.0,561.0,561.0,560.56,2160,12.11,4,240.0, 11.11,2026-05-20
FOCUS, EQ, 20-May-2026,85.31,87.3,87.3,83.7,83.75,85.69,85.21,51482,43.87,1100,19622.0, 38.11,2026-05-20
FONEBOX, SM, 20-May-2026,67.0,70.0,72.0,70.0,71.0,71.0,71.32,9000,6.42,9,8000.0, 88.89,2026-05-20
FOODSIN, EQ, 20-May-2026,55.5,55.51,56.69,54.63,55.7,55.23,55.1,13581,7.48,375,5936.0, 43.71,2026-05-20
FORCAS, SM, 20-May-2026,105.0,105.0,106.0,105.0,105.95,105.95,105.48,9600,10.13,5,9600.0, 100.00,2026-05-20
FORCEMOT, EQ, 20-May-2026,19206.0,19006.0,19182.0,18780.0,19177.0,19083.0,19026.45,103788,19747.17,26410,37547.0, 36.18,2026-05-20
FORTIS, EQ, 20-May-2026,960.55,960.55,977.0,952.0,975.75,974.6,968.24,1040975,10079.17,42521,572979.0, 55.04,2026-05-20
FOSECOIND, EQ, 20-May-2026,4883.1,4895.1,5349.0,4832.0,5224.9,5279.3,5184.5,11377,589.84,2785,4492.0, 39.48,2026-05-20
FRACTAL, EQ, 20-May-2026,935.35,931.0,947.95,927.0,933.0,933.65,937.3,279528,2620.02,14843,108594.0, 38.85,2026-05-20
FRESHARA, ST, 20-May-2026,200.0,202.0,204.0,197.1,202.0,202.7,200.33,21600,43.27,30,19800.0, 91.67,2026-05-20
FROG, ST, 20-May-2026,176.95,171.0,171.0,168.15,168.15,168.15,168.98,8800,14.87,21,8800.0, 100.00,2026-05-20
FRONTSP, EQ, 20-May-2026,1613.7,1624.8,1688.0,1584.1,1645.0,1654.2,1649.46,12891,212.63,1768,7317.0, 56.76,2026-05-20
FSL, EQ, 20-May-2026,242.06,241.0,249.29,236.51,248.2,247.32,246.46,2519298,6209.19,40682,500622.0, 19.87,2026-05-20
FUSION, EQ, 20-May-2026,186.4,184.0,184.49,175.36,181.5,180.43,180.32,318206,573.78,7425,161684.0, 50.81,2026-05-20
FWSTC, SM, 20-May-2026,169.0,157.2,164.9,157.2,164.9,161.05,161.05,1200,1.93,2,1200.0, 100.00,2026-05-20
GABRIEL, EQ, 20-May-2026,1095.3,1089.9,1104.5,1080.2,1088.0,1089.1,1089.99,305855,3333.78,9609,230313.0, 75.30,2026-05-20
GAEL, EQ, 20-May-2026,161.12,161.1,165.92,158.8,165.0,164.98,162.56,831642,1351.88,13063,343183.0, 41.27,2026-05-20
GAIL, EQ, 20-May-2026,156.12,155.84,156.0,151.71,155.99,155.64,153.94,11539253,17764.02,83883,5630197.0, 48.79,2026-05-20
GALAPREC, EQ, 20-May-2026,838.15,838.15,844.05,825.95,826.55,827.95,832.29,11680,97.21,910,6878.0, 58.89,2026-05-20
GALAXYSURF, EQ, 20-May-2026,1813.7,1813.2,1832.9,1800.0,1818.0,1825.8,1819.24,4247,77.26,994,2751.0, 64.78,2026-05-20
GALLANTT, EQ, 20-May-2026,674.85,673.9,686.95,650.55,667.0,669.85,668.3,219343,1465.88,9852,62952.0, 28.70,2026-05-20
GANDHAR, EQ, 20-May-2026,159.47,158.0,159.99,155.21,159.15,158.86,157.98,195241,308.44,3017,97473.0, 49.92,2026-05-20
GANDHITUBE, EQ, 20-May-2026,872.65,862.4,886.25,862.0,875.6,878.0,879.26,3983,35.02,296,2087.0, 52.40,2026-05-20
GANECOS, EQ, 20-May-2026,1030.6,1010.4,1048.4,1010.0,1020.0,1021.9,1032.78,163371,1687.26,8723,81709.0, 50.01,2026-05-20
GANESHBE, EQ, 20-May-2026,95.06,96.0,105.5,94.41,101.5,100.68,100.85,2623849,2646.11,14368,1217316.0, 46.39,2026-05-20
GANESHCP, EQ, 20-May-2026,190.82,192.49,192.89,189.0,191.15,192.39,190.96,20600,39.34,800,11698.0, 56.79,2026-05-20
GANESHHOU, EQ, 20-May-2026,708.4,703.65,716.45,692.25,702.1,704.45,706.09,34574,244.12,2535,14653.0, 42.38,2026-05-20
GANESHIN, ST, 20-May-2026,81.7,81.9,83.0,77.65,81.5,80.3,78.82,143200,112.88,72,128800.0, 89.94,2026-05-20
GANGABATH, SM, 20-May-2026,23.5,23.8,23.8,22.75,23.4,23.4,23.16,18000,4.17,6,12000.0, 66.67,2026-05-20
GANGAFORGE, EQ, 20-May-2026,2.42,2.48,2.5,2.41,2.47,2.46,2.46,200927,4.94,242,135576.0, 67.48,2026-05-20
GANGESSECU, EQ, 20-May-2026,123.89,126.0,126.0,123.1,123.15,123.11,124.8,311,0.39,38,167.0, 53.70,2026-05-20
GARFIBRES, EQ, 20-May-2026,642.2,634.8,641.7,628.0,635.0,635.2,635.51,33870,215.25,2776,19337.0, 57.09,2026-05-20
GARUDA, EQ, 20-May-2026,169.91,169.7,172.9,167.0,172.49,172.14,169.97,638023,1084.45,7325,190292.0, 29.83,2026-05-20
GATECH, EQ, 20-May-2026,0.52,0.52,0.53,0.51,0.53,0.52,0.52,4787587,24.9,1016,2110615.0, 44.09,2026-05-20
GATECHDVR, EQ, 20-May-2026,0.5,0.53,0.53,0.5,0.52,0.5,0.52,830379,4.29,221,418726.0, 50.43,2026-05-20
GATEWAY, EQ, 20-May-2026,56.06,55.6,56.5,54.74,54.95,54.93,55.35,918450,508.37,4598,603671.0, 65.73,2026-05-20
GAUDIUMIVF, BE, 20-May-2026,107.56,109.39,112.93,108.3,112.93,112.93,112.49,109740,123.45,636,, -,2026-05-20
GAYAHWS, EQ, 20-May-2026,2.25,2.24,2.36,2.18,2.32,2.31,2.3,219979,5.05,329,106489.0, 48.41,2026-05-20
GAYAPROJ, BE, 20-May-2026,17.19,17.5,17.5,16.45,16.48,16.5,16.62,164873,27.41,299,, -,2026-05-20
GCHOTELS, SM, 20-May-2026,89.9,91.5,91.5,85.0,85.0,85.55,86.98,60000,52.19,78,43200.0, 72.00,2026-05-20
GCSL, EQ, 20-May-2026,379.2,382.0,389.05,376.0,389.0,386.35,380.14,442100,1680.61,3417,167811.0, 37.96,2026-05-20
GEECEE, EQ, 20-May-2026,344.9,343.75,353.1,335.1,335.35,337.15,344.09,15608,53.71,692,7290.0, 46.71,2026-05-20
GEEKAYWIRE, EQ, 20-May-2026,24.46,24.46,24.85,24.1,24.2,24.28,24.35,29053,7.07,468,16324.0, 56.19,2026-05-20
GEMAROMA, BE, 20-May-2026,156.08,156.08,159.99,154.1,159.0,158.45,157.72,15284,24.11,199,, -,2026-05-20
GENCON, EQ, 20-May-2026,38.83,39.7,41.0,38.0,38.5,38.73,39.33,303786,119.49,1511,198609.0, 65.38,2026-05-20
GENESYS, EQ, 20-May-2026,209.5,209.0,209.0,199.65,201.5,201.3,202.71,434537,880.87,7841,210184.0, 48.37,2026-05-20
GENUSPAPER, EQ, 20-May-2026,12.75,12.81,12.85,12.5,12.81,12.76,12.75,62337,7.95,278,35571.0, 57.06,2026-05-20
GENUSPOWER, EQ, 20-May-2026,309.35,309.0,311.0,305.65,308.15,309.95,308.79,420176,1297.48,9261,176802.0, 42.08,2026-05-20
GEOJITFSL, EQ, 20-May-2026,75.0,74.86,75.29,73.39,74.0,74.67,74.43,367248,273.33,3058,187175.0, 50.97,2026-05-20
GESHIP, EQ, 20-May-2026,1715.9,1698.0,1719.2,1634.1,1667.5,1665.4,1671.79,1965461,32858.29,88496,422956.0, 21.52,2026-05-20
GFLLIMITED, EQ, 20-May-2026,45.28,46.26,46.26,45.0,46.0,45.91,45.7,18003,8.23,598,8262.0, 45.89,2026-05-20
GGBL, SM, 20-May-2026,340.4,344.35,345.0,337.0,339.0,339.5,340.53,18000,61.3,52,13500.0, 75.00,2026-05-20
GHCL, EQ, 20-May-2026,455.3,450.0,457.45,441.5,455.0,455.4,453.35,234306,1062.21,12111,165256.0, 70.53,2026-05-20
GHCLTEXTIL, EQ, 20-May-2026,86.88,86.26,91.8,86.01,91.79,91.24,90.08,522723,470.88,4297,328947.0, 62.93,2026-05-20
GICHSGFIN, EQ, 20-May-2026,148.76,149.0,149.93,147.25,149.0,149.14,148.18,32492,48.15,1033,14335.0, 44.12,2026-05-20
GICL, EQ, 20-May-2026,41.08,41.75,42.1,39.57,40.0,40.24,41.04,1212882,497.76,2195,385636.0, 31.80,2026-05-20
GICRE, EQ, 20-May-2026,389.3,387.0,389.3,384.35,388.0,386.4,386.25,104602,404.03,4082,51930.0, 49.65,2026-05-20
GILLANDERS, EQ, 20-May-2026,90.43,91.25,91.25,86.01,88.84,88.29,88.18,10382,9.15,321,4898.0, 47.18,2026-05-20
GILLETTE, EQ, 20-May-2026,7662.5,7652.5,7717.0,7625.0,7686.5,7684.5,7675.31,8570,657.77,3113,4415.0, 51.52,2026-05-20
GILT10BETA, EQ, 20-May-2026,26.22,26.16,26.16,25.92,26.15,26.15,25.99,607,0.16,19,441.0, 72.65,2026-05-20
GILT5BETA, EQ, 20-May-2026,65.25,65.13,65.13,65.13,65.13,65.13,65.13,508,0.33,4,508.0, 100.00,2026-05-20
GILT5YBEES, EQ, 20-May-2026,64.01,64.05,64.12,63.92,64.01,64.08,64.0,455059,291.23,627,385286.0, 84.67,2026-05-20
GINNIFILA, EQ, 20-May-2026,41.99,42.79,42.79,41.02,41.22,41.42,41.95,57691,24.2,573,38251.0, 66.30,2026-05-20
GIPCL, EQ, 20-May-2026,144.45,143.5,144.29,142.55,143.59,143.77,143.57,122690,176.15,1893,74255.0, 60.52,2026-05-20
GIRIRAJ, ST, 20-May-2026,154.0,154.0,154.0,146.3,146.3,150.15,150.15,500,0.75,2,500.0, 100.00,2026-05-20
GKENERGY, EQ, 20-May-2026,125.56,126.1,126.66,123.6,126.3,126.04,125.54,266496,334.56,2725,115054.0, 43.17,2026-05-20
GKSL, EQ, 20-May-2026,143.33,143.89,144.88,138.67,139.94,140.39,141.85,436779,619.58,7986,108942.0, 24.94,2026-05-20
GKWLIMITED, EQ, 20-May-2026,1679.5,1694.0,1694.0,1654.6,1663.0,1666.4,1680.43,112,1.88,33,97.0, 86.61,2026-05-20
GLAND, EQ, 20-May-2026,2251.1,2232.9,2295.1,2201.9,2216.0,2221.8,2244.56,1179862,26482.66,64785,388586.0, 32.93,2026-05-20
GLAXO, EQ, 20-May-2026,2389.4,2388.0,2397.8,2340.1,2348.0,2346.8,2361.21,80193,1893.52,9793,50624.0, 63.13,2026-05-20
GLENMARK, EQ, 20-May-2026,2405.9,2410.2,2427.0,2370.0,2370.0,2379.0,2392.71,973567,23294.62,60573,454328.0, 46.67,2026-05-20
GLFL, BE, 20-May-2026,6.72,6.69,6.69,6.59,6.59,6.59,6.63,18,0.0,3,, -,2026-05-20
GLOBAL, EQ, 20-May-2026,102.67,101.13,103.0,100.48,102.0,102.36,101.91,29370,29.93,932,12473.0, 42.47,2026-05-20
GLOBALE, BE, 20-May-2026,13.0,13.0,13.2,12.35,12.35,12.39,12.46,18785,2.34,35,, -,2026-05-20
GLOBALPET, ST, 20-May-2026,136.5,135.95,140.0,135.95,140.0,136.85,136.84,9750,13.34,7,9750.0, 100.00,2026-05-20
GLOBALVECT, EQ, 20-May-2026,165.12,165.0,169.78,161.2,167.0,166.24,166.49,6408,10.67,318,3933.0, 61.38,2026-05-20
GLOBE, EQ, 20-May-2026,2.44,2.43,2.52,2.42,2.47,2.46,2.48,396913,9.85,338,290868.0, 73.28,2026-05-20
GLOBECIVIL, BE, 20-May-2026,43.15,42.7,43.9,41.52,43.49,43.26,42.67,17645,7.53,112,, -,2026-05-20
GLOBUSSPR, EQ, 20-May-2026,887.9,882.0,889.0,870.0,872.0,877.6,879.38,54992,483.59,2938,28977.0, 52.69,2026-05-20
GLOSTERLTD, EQ, 20-May-2026,639.0,633.25,649.0,633.05,648.2,647.65,643.82,1183,7.62,137,829.0, 70.08,2026-05-20
GLOTTIS, EQ, 20-May-2026,60.28,59.45,72.33,59.42,70.65,70.31,70.14,7528849,5280.8,25995,2030458.0, 26.97,2026-05-20
GMBREW, EQ, 20-May-2026,907.55,907.5,928.0,898.0,928.0,924.0,915.68,36141,330.94,2730,14790.0, 40.92,2026-05-20
GMDCLTD, EQ, 20-May-2026,643.85,638.6,645.4,631.1,640.55,642.8,638.43,892708,5699.34,18675,234961.0, 26.32,2026-05-20
GML, SM, 20-May-2026,19.3,18.25,19.6,18.25,19.3,19.35,18.97,10000,1.9,5,6000.0, 60.00,2026-05-20
GMMPFAUDLR, EQ, 20-May-2026,866.05,866.05,867.4,853.55,863.1,863.5,862.12,42407,365.6,3625,28007.0, 66.04,2026-05-20
GMRAIRPORT, EQ, 20-May-2026,94.21,93.22,95.3,93.15,94.69,94.5,94.4,48818204,46084.69,68012,28214134.0, 57.79,2026-05-20
GMRP&UI, EQ, 20-May-2026,114.45,113.45,114.71,111.68,112.14,112.13,112.84,1033498,1166.24,10815,480406.0, 46.48,2026-05-20
GNA, EQ, 20-May-2026,364.2,362.4,367.85,358.2,367.0,364.95,363.28,46630,169.4,1891,26097.0, 55.97,2026-05-20
GNFC, EQ, 20-May-2026,545.95,539.0,540.8,519.1,519.65,520.45,526.64,1011023,5324.48,25919,427146.0, 42.25,2026-05-20
GNRL, EQ, 20-May-2026,96.55,95.42,97.29,95.42,96.2,96.44,96.71,59885,57.92,612,45257.0, 75.57,2026-05-20
GOACARBON, EQ, 20-May-2026,387.1,385.0,404.45,378.55,399.6,395.85,395.56,29068,114.98,1736,9034.0, 31.08,2026-05-20
GOCLCORP, EQ, 20-May-2026,296.0,294.0,299.9,291.1,297.0,298.25,296.48,20705,61.39,1605,9963.0, 48.12,2026-05-20
GOCOLORS, EQ, 20-May-2026,259.0,259.35,262.85,249.5,255.0,254.4,253.48,159798,405.06,3597,72479.0, 45.36,2026-05-20
GODAVARIB, EQ, 20-May-2026,313.2,313.7,327.95,307.6,326.0,326.35,320.56,371386,1190.52,8133,189770.0, 51.10,2026-05-20
GODFRYPHLP, EQ, 20-May-2026,2339.9,2317.6,2341.8,2232.1,2325.9,2305.3,2280.4,1152929,26291.39,50195,276582.0, 23.99,2026-05-20
GODIGIT, EQ, 20-May-2026,311.0,309.2,312.0,308.6,311.9,311.1,310.72,100185,311.3,3200,71113.0, 70.98,2026-05-20
GODREJAGRO, EQ, 20-May-2026,572.45,567.05,583.0,565.6,574.9,574.2,575.4,159182,915.93,10911,94597.0, 59.43,2026-05-20
GODREJCP, EQ, 20-May-2026,1022.0,1016.6,1025.2,1006.0,1025.0,1022.9,1014.89,2356818,23919.06,51056,1450394.0, 61.54,2026-05-20
GODREJIND, EQ, 20-May-2026,1134.1,1123.95,1134.85,1111.45,1120.7,1124.15,1122.23,84234,945.3,8666,25781.0, 30.61,2026-05-20
GODREJPROP, EQ, 20-May-2026,1715.4,1683.9,1735.0,1676.3,1735.0,1719.4,1703.12,430897,7338.69,25431,140059.0, 32.50,2026-05-20
GOKEX, EQ, 20-May-2026,691.4,681.3,689.7,661.2,682.0,681.4,675.36,349582,2360.95,18720,100802.0, 28.84,2026-05-20
GOKUL, EQ, 20-May-2026,41.6,40.82,41.78,40.8,41.0,41.11,41.28,141817,58.55,1120,19486.0, 13.74,2026-05-20
GOKULAGRO, EQ, 20-May-2026,236.92,235.71,237.71,228.2,231.4,232.61,232.29,716540,1664.44,13605,337397.0, 47.09,2026-05-20
GOLD1, EQ, 20-May-2026,131.92,130.4,131.57,130.31,131.45,131.41,131.11,1875103,2458.51,6186,817524.0, 43.60,2026-05-20
GOLD360, EQ, 20-May-2026,153.8,152.95,153.9,152.4,153.9,153.6,153.13,7030,10.77,236,4185.0, 59.53,2026-05-20
GOLDADD, EQ, 20-May-2026,153.5,151.45,156.0,151.45,152.76,152.93,152.89,457181,698.99,2922,389885.0, 85.28,2026-05-20
GOLDBEES, EQ, 20-May-2026,130.64,129.88,130.44,129.02,130.29,130.2,129.9,28146890,36563.93,72185,14592004.0, 51.84,2026-05-20
GOLDBETA, EQ, 20-May-2026,133.0,129.7,132.7,129.7,132.4,132.55,132.37,1054034,1395.2,3239,499627.0, 47.40,2026-05-20
GOLDBND, EQ, 20-May-2026,157.37,156.78,157.49,156.05,156.76,156.91,156.44,15529,24.29,452,13193.0, 84.96,2026-05-20
GOLDCASE, EQ, 20-May-2026,24.91,24.32,25.39,24.32,24.79,24.78,24.71,8973735,2217.62,10378,2887007.0, 32.17,2026-05-20
GOLDENTOBC, BZ, 20-May-2026,25.46,26.39,26.4,25.4,26.39,26.39,26.35,234,0.06,13,, -,2026-05-20
GOLDETF, EQ, 20-May-2026,153.34,152.19,153.11,151.7,153.09,152.91,152.56,1542582,2353.29,4770,973622.0, 63.12,2026-05-20
GOLDIAM, EQ, 20-May-2026,379.75,377.85,385.35,374.6,380.2,380.55,380.07,258836,983.77,7642,92081.0, 35.58,2026-05-20
GOLDIETF, EQ, 20-May-2026,135.25,133.7,135.05,133.7,134.72,134.73,134.55,4282691,5762.28,22546,2129945.0, 49.73,2026-05-20
GOLDKART, SM, 20-May-2026,168.0,159.6,159.6,159.6,159.6,159.6,159.6,625,1.0,1,625.0, 100.00,2026-05-20
GOLDSTAR, ST, 20-May-2026,7.0,6.8,6.8,6.75,6.75,6.75,6.77,33750,2.28,3,33750.0, 100.00,2026-05-20
GOLDTECH, EQ, 20-May-2026,40.11,39.0,40.92,38.98,40.59,40.08,39.58,31490,12.46,715,15026.0, 47.72,2026-05-20
GOODLUCK, EQ, 20-May-2026,1358.3,1350.0,1355.0,1320.0,1352.0,1348.6,1342.78,78486,1053.9,5978,40275.0, 51.31,2026-05-20
GOODYEAR, EQ, 20-May-2026,742.7,741.5,741.5,730.15,740.6,736.25,735.13,4054,29.8,476,3372.0, 83.18,2026-05-20
GOPAL, EQ, 20-May-2026,292.9,292.9,293.75,289.0,291.65,291.6,290.93,50135,145.86,1164,15896.0, 31.71,2026-05-20
GOYALALUM, EQ, 20-May-2026,6.73,6.6,6.89,6.6,6.79,6.76,6.75,36757,2.48,264,24993.0, 68.00,2026-05-20
GOYALSALT, SM, 20-May-2026,106.5,110.7,110.7,110.7,110.7,110.7,110.7,600,0.66,1,600.0, 100.00,2026-05-20
GPECO, SM, 20-May-2026,357.7,360.0,370.0,355.0,357.6,358.8,361.59,22400,81.0,89,19600.0, 87.50,2026-05-20
GPIL, EQ, 20-May-2026,290.55,299.95,320.0,291.5,303.0,305.85,309.48,57813833,178923.9,374130,8683243.0, 15.02,2026-05-20
GPPL, EQ, 20-May-2026,152.15,152.0,154.89,150.88,154.02,154.2,153.0,768139,1175.27,16158,297494.0, 38.73,2026-05-20
GPTHEALTH, EQ, 20-May-2026,142.84,140.7,144.99,140.04,142.3,141.91,143.11,81271,116.31,2090,32982.0, 40.58,2026-05-20
GPTINFRA, EQ, 20-May-2026,117.21,115.6,122.0,114.2,120.79,119.85,119.55,308290,368.57,3541,151623.0, 49.18,2026-05-20
GRADIENTE, BE, 20-May-2026,6.27,5.96,5.96,5.96,5.96,5.96,5.96,61959,3.69,31,, -,2026-05-20
GRANDOAK, EQ, 20-May-2026,26.17,26.18,28.78,26.17,26.71,26.71,28.42,1506,0.43,47,794.0, 52.72,2026-05-20
GRANULES, EQ, 20-May-2026,766.45,763.95,771.8,754.5,756.95,758.65,763.1,608759,4645.42,25916,303638.0, 49.88,2026-05-20
GRAPHITE, EQ, 20-May-2026,748.0,745.0,747.3,727.45,738.0,740.55,738.67,1053847,7784.45,21525,194318.0, 18.44,2026-05-20
GRASIM, EQ, 20-May-2026,2935.2,2908.2,2988.0,2880.6,2983.0,2971.1,2933.86,1306216,38322.6,61737,499605.0, 38.25,2026-05-20
GRAUWEIL, EQ, 20-May-2026,64.61,65.3,66.04,62.09,66.02,64.04,64.27,111936,71.95,1958,68459.0, 61.16,2026-05-20
GRAVISSHO, EQ, 20-May-2026,30.35,30.06,30.39,29.13,29.92,29.59,29.53,8244,2.43,75,4841.0, 58.72,2026-05-20
GRAVITA, EQ, 20-May-2026,1621.6,1609.3,1630.0,1593.0,1612.0,1615.3,1606.16,127798,2052.63,10748,61939.0, 48.47,2026-05-20
GREAVESCOT, EQ, 20-May-2026,170.1,168.72,172.5,166.91,167.88,168.04,169.27,811157,1373.06,11366,312795.0, 38.56,2026-05-20
GREENLAM, EQ, 20-May-2026,233.61,232.75,242.78,229.7,234.25,235.93,237.74,133349,317.02,4681,68423.0, 51.31,2026-05-20
GREENLEAF, SM, 20-May-2026,71.9,69.5,71.85,68.4,70.1,70.95,69.82,12000,8.38,12,9000.0, 75.00,2026-05-20
GREENPANEL, EQ, 20-May-2026,182.91,183.34,186.0,178.2,183.99,183.33,183.41,410139,752.25,8572,256213.0, 62.47,2026-05-20
GREENPLY, EQ, 20-May-2026,250.5,249.8,254.8,245.4,252.2,253.5,250.58,99408,249.09,2528,37116.0, 37.34,2026-05-20
GREENPOWER, EQ, 20-May-2026,11.11,11.07,11.15,9.37,10.98,11.02,10.94,4347661,475.81,5640,1561261.0, 35.91,2026-05-20
GRETEX, ST, 20-May-2026,260.85,247.85,247.85,247.85,247.85,247.85,247.85,9750,24.17,3,9750.0, 100.00,2026-05-20
GRINDWELL, EQ, 20-May-2026,1877.9,1881.3,2002.7,1866.0,1916.0,1928.8,1939.89,187583,3638.9,35952,89731.0, 47.84,2026-05-20
GRINFRA, EQ, 20-May-2026,941.05,935.0,945.3,924.05,940.65,940.2,938.85,38806,364.33,4142,16683.0, 42.99,2026-05-20
GRMOVER, EQ, 20-May-2026,168.46,168.46,170.6,162.96,165.0,165.23,167.19,4104465,6862.15,15260,1408341.0, 34.31,2026-05-20
GROBTEA, EQ, 20-May-2026,870.75,870.75,886.4,870.75,871.5,871.5,883.12,61,0.54,7,54.0, 88.52,2026-05-20
GROWW, EQ, 20-May-2026,186.46,185.71,189.56,183.6,188.9,188.5,187.03,27391806,51231.42,167917,12441992.0, 45.42,2026-05-20
GROWWCAPM, EQ, 20-May-2026,11.76,11.76,11.91,11.46,11.83,11.82,11.77,387122,45.56,537,314143.0, 81.15,2026-05-20
GROWWCHEM, EQ, 20-May-2026,29.3,29.44,29.44,28.6,29.0,28.99,28.96,99696,28.88,380,49489.0, 49.64,2026-05-20
GROWWDEFNC, EQ, 20-May-2026,89.2,89.19,89.99,87.67,89.98,89.9,89.08,191772,170.84,2999,81255.0, 42.37,2026-05-20
GROWWEV, EQ, 20-May-2026,29.57,29.57,29.96,29.24,29.91,29.9,29.72,218916,65.07,1557,141799.0, 64.77,2026-05-20
GROWWGOLD, EQ, 20-May-2026,15.42,15.42,15.42,15.26,15.36,15.37,15.33,1941670,297.73,2908,369365.0, 19.02,2026-05-20
GROWWHOSPI, EQ, 20-May-2026,51.15,51.87,51.99,50.56,51.99,51.64,51.33,231326,118.74,846,132450.0, 57.26,2026-05-20
GROWWLIQID, EQ, 20-May-2026,109.1,109.12,109.13,109.12,109.13,109.12,109.12,132182,144.24,178,103903.0, 78.61,2026-05-20
GROWWLOVOL, EQ, 20-May-2026,10.32,10.42,10.42,10.15,10.3,10.26,10.21,8059,0.82,94,5662.0, 70.26,2026-05-20
GROWWMC150, EQ, 20-May-2026,222.67,221.48,225.5,221.48,223.81,225.2,224.37,642,1.44,28,465.0, 72.43,2026-05-20
GROWWMETAL, EQ, 20-May-2026,12.52,12.35,12.62,12.35,12.49,12.5,12.45,537069,66.87,1495,275611.0, 51.32,2026-05-20
GROWWMOM50, EQ, 20-May-2026,10.49,10.41,10.76,10.28,10.76,10.6,10.55,133079,14.05,517,116494.0, 87.54,2026-05-20
GROWWN200, EQ, 20-May-2026,11.02,11.13,11.13,10.9,11.1,11.07,10.96,132355,14.5,282,92102.0, 69.59,2026-05-20
GROWWNET, EQ, 20-May-2026,9.05,9.2,9.2,8.84,9.07,9.06,9.04,174338,15.76,389,112389.0, 64.47,2026-05-20
GROWWNIFTY, EQ, 20-May-2026,9.5,9.26,9.73,9.26,9.53,9.51,9.48,268426,25.46,1348,178100.0, 66.35,2026-05-20
GROWWNXT50, EQ, 20-May-2026,68.88,68.5,69.8,68.5,69.3,69.38,69.12,2701,1.87,61,2285.0, 84.60,2026-05-20
GROWWPOWER, EQ, 20-May-2026,11.92,11.87,12.2,11.85,12.18,12.18,12.12,4131079,500.69,2415,3504630.0, 84.84,2026-05-20
GROWWPSE, EQ, 20-May-2026,104.19,103.0,104.57,102.15,103.87,103.99,103.69,2111,2.19,58,1365.0, 64.66,2026-05-20
GROWWPSUBK, EQ, 20-May-2026,81.01,79.04,80.45,78.51,80.44,80.35,79.3,16621,13.18,126,13936.0, 83.85,2026-05-20
GROWWRAIL, EQ, 20-May-2026,31.36,31.35,31.35,30.89,31.13,31.17,31.06,237501,73.77,2084,137112.0, 57.73,2026-05-20
GROWWRLTY, EQ, 20-May-2026,8.54,8.73,8.73,8.39,8.59,8.57,8.54,785705,67.07,570,52453.0, 6.68,2026-05-20
GROWWSC250, EQ, 20-May-2026,9.58,9.62,9.7,9.5,9.7,9.61,9.56,89509,8.56,423,74750.0, 83.51,2026-05-20
GROWWSLVR, EQ, 20-May-2026,25.93,25.55,26.0,25.3,25.91,25.89,25.69,5920809,1521.07,5221,569131.0, 9.61,2026-05-20
GRPLTD, EQ, 20-May-2026,1542.4,1519.3,1619.1,1502.1,1600.0,1594.8,1578.04,8848,139.62,1771,4313.0, 48.75,2026-05-20
GRSE, EQ, 20-May-2026,2658.5,2635.0,2656.0,2587.0,2650.2,2647.4,2626.45,1184785,31117.8,64902,219026.0, 18.49,2026-05-20
GRWRHITECH, EQ, 20-May-2026,5541.1,5535.0,5665.0,5330.2,5606.5,5635.3,5562.79,103570,5761.38,15204,39984.0, 38.61,2026-05-20
GSEC10IETF, EQ, 20-May-2026,258.0,252.23,257.93,252.23,257.87,257.86,256.21,1807,4.63,21,1799.0, 99.56,2026-05-20
GSEC10YEAR, EQ, 20-May-2026,29.41,29.49,29.66,29.41,29.42,29.42,29.45,4082,1.2,22,3419.0, 83.76,2026-05-20
GSEC5IETF, EQ, 20-May-2026,64.3,64.48,64.48,64.01,64.05,64.05,64.39,4137,2.66,29,3724.0, 90.02,2026-05-20
GSFC, EQ, 20-May-2026,176.44,175.0,179.8,172.33,177.5,177.3,176.5,1175197,2074.19,30048,508757.0, 43.29,2026-05-20
GSLSU, EQ, 20-May-2026,55.38,56.27,56.28,54.47,56.0,54.7,54.95,14131,7.76,295,5733.0, 40.57,2026-05-20
GSMFOILS, SM, 20-May-2026,197.85,195.0,199.65,195.0,197.0,197.0,198.06,11500,22.78,22,9500.0, 82.61,2026-05-20
GSPCROP, EQ, 20-May-2026,433.95,427.4,448.15,426.55,436.0,440.95,433.97,157810,684.84,1839,28672.0, 18.17,2026-05-20
GSS, BE, 20-May-2026,13.39,13.39,13.88,13.07,13.75,13.72,13.48,25671,3.46,89,, -,2026-05-20
GSTL, ST, 20-May-2026,17.15,16.3,17.1,16.3,16.3,16.3,16.57,18000,2.98,13,18000.0, 100.00,2026-05-20
GTECJAINX, EQ, 20-May-2026,19.5,19.89,19.89,18.41,19.7,18.61,19.15,3470,0.66,43,971.0, 27.98,2026-05-20
GTL, EQ, 20-May-2026,7.4,7.4,7.51,7.26,7.39,7.35,7.4,241375,17.86,385,191414.0, 79.30,2026-05-20
GTLINFRA, EQ, 20-May-2026,1.31,1.31,1.32,1.29,1.31,1.31,1.31,29857151,391.44,10911,14772482.0, 49.48,2026-05-20
GTPL, EQ, 20-May-2026,67.3,68.29,68.29,67.0,68.0,67.84,67.45,19999,13.49,672,6727.0, 33.64,2026-05-20
GUFICBIO, EQ, 20-May-2026,286.1,286.1,294.3,284.05,286.0,285.65,287.47,52578,151.15,1573,19776.0, 37.61,2026-05-20
GUJALKALI, EQ, 20-May-2026,697.9,691.0,721.4,678.0,720.95,717.25,701.38,126006,883.78,5207,34911.0, 27.71,2026-05-20
GUJAPOLLO, EQ, 20-May-2026,380.1,378.15,383.0,375.6,378.0,378.95,378.73,4769,18.06,337,3062.0, 64.21,2026-05-20
GUJGASLTD, EQ, 20-May-2026,376.55,374.0,376.9,369.85,374.9,372.6,372.59,248817,927.06,11139,119273.0, 47.94,2026-05-20
GUJRAFFIA, EQ, 20-May-2026,37.96,37.96,39.38,37.01,37.54,37.28,37.98,2030,0.77,23,1781.0, 87.73,2026-05-20
GUJTHEM, EQ, 20-May-2026,356.25,365.0,365.0,353.25,357.4,355.6,357.91,79547,284.7,1957,26044.0, 32.74,2026-05-20
GULFOILLUB, EQ, 20-May-2026,905.95,908.0,910.9,886.0,900.1,901.65,900.42,71542,644.18,7741,41755.0, 58.36,2026-05-20
GULFPETRO, EQ, 20-May-2026,32.86,33.02,33.05,32.5,32.98,32.96,32.86,27837,9.15,346,15867.0, 57.00,2026-05-20
GULPOLY, EQ, 20-May-2026,189.57,189.57,199.0,187.27,198.9,197.81,195.72,419421,820.9,6310,218477.0, 52.09,2026-05-20
GVKPIL, BE, 20-May-2026,3.08,3.02,3.14,3.02,3.14,3.13,3.03,1556115,47.2,890,, -,2026-05-20
GVPIL, EQ, 20-May-2026,632.75,630.2,664.35,630.2,664.35,664.35,653.6,234202,1530.76,4621,131401.0, 56.11,2026-05-20
GVPTECH, EQ, 20-May-2026,6.53,6.6,6.6,6.14,6.36,6.52,6.4,25971,1.66,263,15639.0, 60.22,2026-05-20
GVPTECHPP, E1, 20-May-2026,3.11,3.12,3.15,2.94,3.0,3.0,3.0,1325,0.04,13,1325.0, 100.00,2026-05-20
GVT&D, EQ, 20-May-2026,4385.3,4450.0,4799.9,4414.3,4695.0,4679.4,4666.29,2742590,127977.23,284330,1197128.0, 43.65,2026-05-20
HAL, EQ, 20-May-2026,4333.2,4300.0,4347.5,4251.1,4327.0,4326.5,4299.88,1262228,54274.25,61952,645021.0, 51.10,2026-05-20
HALDER, EQ, 20-May-2026,224.99,219.0,226.5,219.0,226.5,226.5,226.28,75,0.17,8,68.0, 90.67,2026-05-20
HALDYNGL, EQ, 20-May-2026,104.17,104.7,105.0,101.0,103.35,102.77,102.89,26378,27.14,660,8730.0, 33.10,2026-05-20
HALEOSLABS, EQ, 20-May-2026,1556.5,1578.9,1637.4,1578.9,1615.0,1608.7,1609.33,1502,24.17,181,1175.0, 78.23,2026-05-20
HAPPSTMNDS, EQ, 20-May-2026,360.55,360.55,379.5,357.4,375.3,374.15,375.3,2059401,7728.98,48158,446237.0, 21.67,2026-05-20
HAPPYFORGE, EQ, 20-May-2026,1371.9,1393.6,1411.0,1350.0,1377.7,1380.2,1386.7,261488,3626.05,32653,163415.0, 62.49,2026-05-20
HARDWYN, EQ, 20-May-2026,25.28,25.2,26.6,24.81,26.0,26.29,25.73,4787802,1231.86,9879,645654.0, 13.49,2026-05-20
HARIOMPIPE, EQ, 20-May-2026,312.75,308.55,313.85,307.2,310.0,311.8,311.33,54656,170.16,2232,29230.0, 53.48,2026-05-20
HARRMALAYA, EQ, 20-May-2026,214.39,213.0,217.64,210.04,212.0,212.22,213.65,8322,17.78,258,5200.0, 62.48,2026-05-20
HARSHA, EQ, 20-May-2026,408.25,408.45,418.0,403.0,405.3,404.35,407.36,81569,332.28,2506,35739.0, 43.81,2026-05-20
HATHWAY, EQ, 20-May-2026,10.19,10.18,10.19,10.01,10.15,10.15,10.13,1221264,123.69,5071,426073.0, 34.89,2026-05-20
HATSUN, EQ, 20-May-2026,944.0,944.0,978.0,917.7,935.25,939.0,940.98,114845,1080.67,8321,34257.0, 29.83,2026-05-20
HAVELLS, EQ, 20-May-2026,1207.2,1200.0,1213.0,1190.5,1207.0,1207.8,1201.56,648009,7786.24,41400,368104.0, 56.81,2026-05-20
HAVISHA, EQ, 20-May-2026,1.54,1.53,1.59,1.48,1.58,1.58,1.56,13472,0.21,55,11194.0, 83.09,2026-05-20
HAWKINCOOK, EQ, 20-May-2026,7170.5,7156.5,7280.0,7140.0,7278.5,7206.0,7197.7,603,43.4,164,526.0, 87.23,2026-05-20
HBESD, EQ, 20-May-2026,73.11,81.99,81.99,72.85,75.0,75.21,75.02,1063,0.8,85,601.0, 56.54,2026-05-20
HBLENGINE, EQ, 20-May-2026,752.2,746.1,772.0,741.3,772.0,767.65,757.26,799138,6051.54,26142,364016.0, 45.55,2026-05-20
HBSL, BE, 20-May-2026,60.05,59.75,60.5,59.0,60.01,60.0,59.81,3002,1.8,31,, -,2026-05-20
HCC, EQ, 20-May-2026,20.95,20.88,21.19,20.64,20.91,20.9,20.91,21537401,4504.01,20126,5687452.0, 26.41,2026-05-20
HCG, EQ, 20-May-2026,646.85,632.0,659.25,632.0,650.0,652.05,652.5,238166,1554.04,10056,152843.0, 64.17,2026-05-20
HCL-INSYS, EQ, 20-May-2026,11.67,11.99,11.99,11.5,11.55,11.53,11.63,249363,28.99,786,205443.0, 82.39,2026-05-20
HCLTECH, EQ, 20-May-2026,1179.4,1166.2,1181.0,1162.4,1172.2,1169.8,1172.82,1415960,16606.6,47007,664665.0, 46.94,2026-05-20
HDBFS, EQ, 20-May-2026,675.3,675.2,677.5,668.5,670.9,673.4,674.69,266153,1795.71,12703,177569.0, 66.72,2026-05-20
HDFCAMC, EQ, 20-May-2026,2653.6,2630.0,2698.5,2605.2,2687.0,2685.3,2645.47,1035717,27399.58,44701,682619.0, 65.91,2026-05-20
HDFCBANK, EQ, 20-May-2026,762.45,759.6,762.25,755.15,760.1,759.5,759.21,24013451,182312.01,334493,15200147.0, 63.30,2026-05-20
HDFCBSE500, EQ, 20-May-2026,35.72,36.38,36.38,35.7,36.18,36.21,36.02,12441,4.48,208,9795.0, 78.73,2026-05-20
HDFCGOLD, EQ, 20-May-2026,134.87,134.25,134.73,133.4,134.49,134.56,134.26,3560438,4780.11,10233,2151785.0, 60.44,2026-05-20
HDFCGROWTH, EQ, 20-May-2026,113.86,112.71,113.85,112.5,112.5,113.46,113.51,11851,13.45,167,7620.0, 64.30,2026-05-20
HDFCLIFE, EQ, 20-May-2026,610.4,602.6,611.25,602.6,605.35,605.1,607.63,3698222,22471.51,42134,2563491.0, 69.32,2026-05-20
HDFCLIQUID, EQ, 20-May-2026,1061.08,1061.21,1061.23,1061.21,1061.23,1061.22,1061.23,12017,127.53,44,11002.0, 91.55,2026-05-20
HDFCLOWVOL, EQ, 20-May-2026,20.0,19.9,20.2,19.88,20.07,20.06,19.98,16229,3.24,70,14511.0, 89.41,2026-05-20
HDFCMID150, EQ, 20-May-2026,22.54,21.97,22.74,21.97,22.56,22.67,22.61,492882,111.46,1231,267702.0, 54.31,2026-05-20
HDFCMOMENT, EQ, 20-May-2026,30.2,30.17,30.49,29.9,30.25,30.4,30.21,86537,26.14,525,59174.0, 68.38,2026-05-20
HDFCNEXT50, EQ, 20-May-2026,70.38,69.84,70.89,69.56,70.05,70.58,70.12,41393,29.03,544,24063.0, 58.13,2026-05-20
HDFCNIF100, EQ, 20-May-2026,25.31,25.31,25.39,25.1,25.36,25.36,25.24,21152,5.34,266,14726.0, 69.62,2026-05-20
HDFCNIFBAN, EQ, 20-May-2026,54.92,54.6,55.2,54.23,55.2,55.01,54.44,227365,123.78,560,208111.0, 91.53,2026-05-20
HDFCNIFIT, EQ, 20-May-2026,31.21,31.83,31.83,30.83,30.83,30.92,31.12,431784,134.36,319,275361.0, 63.77,2026-05-20
HDFCNIFTY, EQ, 20-May-2026,264.79,271.4,271.4,262.02,265.01,265.33,264.17,39370,104.0,1026,18896.0, 48.00,2026-05-20
HDFCPSUBK, EQ, 20-May-2026,80.53,80.54,81.0,79.42,81.0,80.91,79.87,74860,59.79,256,12425.0, 16.60,2026-05-20
HDFCPVTBAN, EQ, 20-May-2026,26.42,26.54,26.54,26.07,26.15,26.38,26.3,52938,13.93,329,26534.0, 50.12,2026-05-20
HDFCQUAL, EQ, 20-May-2026,57.07,56.9,57.18,56.77,57.18,57.06,57.01,6285,3.58,104,3597.0, 57.23,2026-05-20
HDFCSENSEX, EQ, 20-May-2026,85.01,84.82,85.03,84.11,85.0,84.94,84.71,59629,50.51,538,47424.0, 79.53,2026-05-20
HDFCSILVER, EQ, 20-May-2026,253.0,247.09,253.67,246.85,253.1,252.85,250.02,4397754,10995.22,16745,1842637.0, 41.90,2026-05-20
HDFCSML250, EQ, 20-May-2026,167.67,165.99,170.0,165.52,168.38,168.18,167.35,1308988,2190.58,9049,780823.0, 59.65,2026-05-20
HDFCVALUE, EQ, 20-May-2026,127.56,125.89,127.21,125.89,127.07,127.1,126.6,2467,3.12,85,2171.0, 88.00,2026-05-20
HDIL, BZ, 20-May-2026,1.99,1.98,1.99,1.92,1.94,1.94,1.94,166549,3.23,234,, -,2026-05-20
HEADSUP, EQ, 20-May-2026,7.21,7.21,7.6,7.08,7.08,7.13,7.29,17281,1.26,201,10163.0, 58.81,2026-05-20
HEALTHADD, EQ, 20-May-2026,159.51,160.29,160.41,159.63,160.0,159.95,160.06,1422,2.28,27,1391.0, 97.82,2026-05-20
HEALTHCARE, EQ, 20-May-2026,20.26,21.17,21.17,20.2,20.35,20.33,20.34,127960,26.03,166,117316.0, 91.68,2026-05-20
HEALTHIETF, EQ, 20-May-2026,162.42,162.42,163.31,161.96,162.88,162.68,162.68,120263,195.65,2575,85715.0, 71.27,2026-05-20
HEALTHX, EQ, 20-May-2026,285.5,285.0,289.5,283.45,285.0,288.15,285.39,1227,3.5,67,838.0, 68.30,2026-05-20
HEALTHY, EQ, 20-May-2026,16.29,16.69,16.69,16.19,16.33,16.32,16.32,400412,65.34,1255,301370.0, 75.26,2026-05-20
HECPROJECT, EQ, 20-May-2026,125.5,127.4,131.0,120.51,121.3,121.69,125.75,27863,35.04,1402,9955.0, 35.73,2026-05-20
HEG, EQ, 20-May-2026,591.5,586.0,595.0,581.6,594.5,593.05,587.45,852026,5005.24,19155,267161.0, 31.36,2026-05-20
HEIDELBERG, EQ, 20-May-2026,155.19,153.5,159.51,153.0,159.4,157.94,156.01,50515,78.81,1717,28050.0, 55.53,2026-05-20
HEMIPROP, EQ, 20-May-2026,146.67,145.01,149.0,142.3,147.41,144.91,145.11,732190,1062.51,7366,350723.0, 47.90,2026-05-20
HERANBA, EQ, 20-May-2026,194.06,197.0,197.0,186.27,187.0,189.03,190.55,45787,87.25,1876,27326.0, 59.68,2026-05-20
HERITGFOOD, EQ, 20-May-2026,327.3,324.85,329.0,322.4,329.0,328.45,327.36,141348,462.72,4543,63366.0, 44.83,2026-05-20
HEROMOTOCO, EQ, 20-May-2026,5007.5,4967.0,5015.0,4902.0,4965.0,4968.0,4964.02,416572,20678.73,45916,186587.0, 44.79,2026-05-20
HESTERBIO, EQ, 20-May-2026,1796.5,1809.0,1871.9,1794.2,1840.0,1839.1,1830.82,17158,314.13,1784,5515.0, 32.14,2026-05-20
HEXATRADEX, EQ, 20-May-2026,166.87,163.53,166.7,163.19,165.0,165.27,164.7,546,0.9,31,447.0, 81.87,2026-05-20
HEXT, EQ, 20-May-2026,510.55,510.6,520.5,503.25,512.0,512.2,514.33,869424,4471.68,31954,314782.0, 36.21,2026-05-20
HFCL, EQ, 20-May-2026,138.17,138.2,142.2,135.61,138.85,139.34,139.93,27652548,38694.6,94804,6310333.0, 22.82,2026-05-20
HGINFRA, EQ, 20-May-2026,597.5,594.0,599.95,586.05,590.45,594.75,593.99,49289,292.77,4406,18758.0, 38.06,2026-05-20
HGM, EQ, 20-May-2026,57.52,59.6,62.0,57.5,61.35,61.0,60.07,6012,3.61,100,4129.0, 68.68,2026-05-20
HGS, EQ, 20-May-2026,404.25,400.8,404.4,396.6,403.0,401.1,400.31,16404,65.67,827,10305.0, 62.82,2026-05-20
HIGREEN, SM, 20-May-2026,148.25,147.95,152.45,143.5,149.5,148.6,147.63,20800,30.71,25,16800.0, 80.77,2026-05-20
HIKAL, EQ, 20-May-2026,203.78,202.4,208.35,200.2,203.6,204.69,204.57,200882,410.94,5467,101803.0, 50.68,2026-05-20
HILINFRA, BE, 20-May-2026,47.81,47.99,47.99,46.5,47.73,47.5,47.13,29673,13.98,408,, -,2026-05-20
HILTON, EQ, 20-May-2026,21.67,21.8,22.01,21.1,21.63,21.44,21.58,83174,17.95,455,42996.0, 51.69,2026-05-20
HIMATSEIDE, EQ, 20-May-2026,76.52,76.01,77.65,75.67,76.63,76.64,76.92,357564,275.03,2573,148182.0, 41.44,2026-05-20
HINDALCO, EQ, 20-May-2026,1048.3,1038.4,1090.0,1038.4,1085.0,1085.5,1080.73,11945517,129098.28,199941,5946263.0, 49.78,2026-05-20
HINDCOMPOS, EQ, 20-May-2026,405.55,415.0,415.0,402.05,405.0,405.55,410.06,8730,35.8,568,4766.0, 54.59,2026-05-20
HINDCON, BE, 20-May-2026,23.07,24.0,24.0,22.1,23.0,23.0,22.95,4935,1.13,108,, -,2026-05-20
HINDCOPPER, EQ, 20-May-2026,569.5,561.7,561.7,546.5,556.85,554.6,552.99,5454305,30161.51,81351,1898074.0, 34.80,2026-05-20
HINDOILEXP, EQ, 20-May-2026,167.25,167.55,168.48,164.6,165.7,165.57,166.48,362014,602.67,4268,115180.0, 31.82,2026-05-20
HINDPETRO, EQ, 20-May-2026,371.0,367.0,383.5,363.75,383.0,382.75,377.36,9746627,36779.85,118842,5041914.0, 51.73,2026-05-20
HINDUNILVR, EQ, 20-May-2026,2232.9,2224.9,2226.9,2201.0,2212.0,2209.3,2212.3,1071994,23715.76,47440,652924.0, 60.91,2026-05-20
HINDWAREAP, EQ, 20-May-2026,219.25,213.5,224.95,212.0,215.45,216.63,217.3,122528,266.25,2796,53522.0, 43.68,2026-05-20
HINDZINC, EQ, 20-May-2026,632.6,622.5,632.75,615.5,631.85,630.45,624.96,4747014,29666.9,67017,1823946.0, 38.42,2026-05-20
HIRECT, EQ, 20-May-2026,992.95,1000.0,1005.95,964.05,971.0,973.6,983.74,197866,1946.48,11595,56021.0, 28.31,2026-05-20
HISARMETAL, EQ, 20-May-2026,148.08,147.35,150.99,147.35,147.35,147.4,147.54,539,0.8,17,420.0, 77.92,2026-05-20
HITECH, EQ, 20-May-2026,85.57,85.0,87.8,84.06,85.42,85.58,86.05,576464,496.07,6114,241354.0, 41.87,2026-05-20
HITECHCORP, EQ, 20-May-2026,136.51,132.0,141.9,132.0,141.0,140.88,139.31,13183,18.37,655,10740.0, 81.47,2026-05-20
HITECHGEAR, BE, 20-May-2026,573.5,579.0,580.0,568.0,580.0,577.7,571.24,507,2.9,34,, -,2026-05-20
HLEGLAS, EQ, 20-May-2026,308.75,308.75,318.0,304.0,307.85,306.2,308.19,133609,411.77,6823,50578.0, 37.86,2026-05-20
HLVLTD, EQ, 20-May-2026,7.63,7.66,7.85,7.6,7.85,7.83,7.74,151495,11.72,441,98338.0, 64.91,2026-05-20
HMAAGRO, EQ, 20-May-2026,24.13,24.13,24.3,23.87,24.0,24.01,24.06,154142,37.09,647,83672.0, 54.28,2026-05-20
HMT, BZ, 20-May-2026,57.75,56.5,57.5,56.5,56.53,56.65,56.63,7663,4.34,96,, -,2026-05-20
HMVL, EQ, 20-May-2026,63.47,66.4,66.4,62.6,63.51,64.46,64.89,21804,14.15,131,10789.0, 49.48,2026-05-20
HNDFDS, EQ, 20-May-2026,522.8,518.0,523.2,515.3,523.0,522.2,519.6,11587,60.21,745,4997.0, 43.13,2026-05-20
HNGSNGBEES, EQ, 20-May-2026,545.11,549.9,549.9,535.51,538.0,536.76,537.7,155566,836.48,5777,106694.0, 68.58,2026-05-20
HOACFOODS, SM, 20-May-2026,490.35,514.85,514.85,514.8,514.85,514.85,514.85,4125,21.24,8,3750.0, 90.91,2026-05-20
HOMEFIRST, EQ, 20-May-2026,1076.4,1070.0,1084.5,1062.0,1080.0,1079.1,1073.13,170411,1828.73,11712,104172.0, 61.13,2026-05-20
HOMESFY, SM, 20-May-2026,113.0,113.0,113.0,113.0,113.0,113.0,113.0,1200,1.36,3,1200.0, 100.00,2026-05-20
HONASA, EQ, 20-May-2026,354.5,353.75,358.65,349.6,356.25,356.75,354.31,274620,973.0,9779,126743.0, 46.15,2026-05-20
HONAUT, EQ, 20-May-2026,29075.0,29075.0,30380.0,28540.0,30150.0,30180.0,29709.65,15569,4625.49,6394,8597.0, 55.22,2026-05-20
HONDAPOWER, EQ, 20-May-2026,2162.7,2148.6,2198.0,2140.0,2198.0,2187.6,2179.04,2072,45.15,632,895.0, 43.19,2026-05-20
HPAL, EQ, 20-May-2026,35.41,35.74,35.75,34.55,34.56,34.76,34.93,80264,28.04,813,52491.0, 65.40,2026-05-20
HPIL, EQ, 20-May-2026,132.01,134.8,134.8,128.71,128.8,129.13,131.17,398,0.52,43,274.0, 68.84,2026-05-20
HPL, EQ, 20-May-2026,349.2,345.5,359.85,343.55,359.85,358.05,355.01,270775,961.27,8450,68696.0, 25.37,2026-05-20
HPTL, SM, 20-May-2026,272.0,258.4,268.0,258.4,267.0,267.0,261.67,6600,17.27,11,3600.0, 54.55,2026-05-20
HRHNEXT, SM, 20-May-2026,29.35,27.9,27.9,27.9,27.9,27.9,27.9,1500,0.42,1,1500.0, 100.00,2026-05-20
HSBCGOLD, EQ, 20-May-2026,137.99,138.67,138.67,136.05,137.5,137.5,136.94,713,0.98,19,292.0, 40.95,2026-05-20
HSCL, EQ, 20-May-2026,563.75,558.0,586.35,555.75,574.0,581.4,573.09,5599067,32087.77,53994,962125.0, 17.18,2026-05-20
HTMEDIA, EQ, 20-May-2026,21.21,20.67,21.4,20.67,21.0,20.98,21.01,73136,15.36,248,58061.0, 79.39,2026-05-20
HUBTOWN, EQ, 20-May-2026,207.97,205.1,208.76,202.4,208.0,207.1,205.65,404822,832.5,5273,199671.0, 49.32,2026-05-20
HUDCO, EQ, 20-May-2026,202.11,199.6,210.7,198.02,204.9,205.93,202.93,3242204,6579.37,23596,1354855.0, 41.79,2026-05-20
HUHTAMAKI, EQ, 20-May-2026,163.73,161.0,166.58,160.55,165.25,165.27,164.17,116393,191.08,3096,42420.0, 36.45,2026-05-20
HYBRIDFIN, EQ, 20-May-2026,18.68,17.31,19.18,17.31,18.25,18.43,18.35,7356,1.35,114,4290.0, 58.32,2026-05-20
HYUNDAI, EQ, 20-May-2026,1780.3,1792.7,1805.1,1760.0,1789.0,1787.4,1782.91,1022345,18227.48,57259,636320.0, 62.24,2026-05-20
IBULLSLTD, BE, 20-May-2026,17.56,17.5,18.27,16.82,17.8,17.41,17.65,4629516,817.21,4641,, -,2026-05-20
ICDSLTD, EQ, 20-May-2026,43.21,42.45,45.3,42.45,43.15,43.09,44.63,362,0.16,10,305.0, 84.25,2026-05-20
ICEMAKE, EQ, 20-May-2026,747.15,740.15,754.15,732.25,753.95,751.25,744.08,14224,105.84,1193,7716.0, 54.25,2026-05-20
ICICIAMC, EQ, 20-May-2026,3099.9,3080.0,3148.9,3043.3,3143.0,3137.4,3095.17,208375,6449.56,28849,101109.0, 48.52,2026-05-20
ICICIB22, EQ, 20-May-2026,120.27,120.02,120.41,119.0,120.4,120.34,119.85,495137,593.43,3103,387683.0, 78.30,2026-05-20
ICICIBANK, EQ, 20-May-2026,1240.8,1230.0,1239.7,1223.3,1236.5,1237.3,1232.55,14953103,184303.76,196646,10326267.0, 69.06,2026-05-20
ICICIGI, EQ, 20-May-2026,1822.8,1794.1,1811.9,1776.0,1776.0,1784.8,1794.62,667259,11974.75,53737,400516.0, 60.02,2026-05-20
ICICIPRULI, EQ, 20-May-2026,522.15,520.0,520.0,506.1,509.0,509.25,509.77,2263722,11539.69,58560,1546137.0, 68.30,2026-05-20
ICIL, EQ, 20-May-2026,306.2,304.85,316.0,301.0,304.55,305.5,310.17,934821,2899.57,26956,524180.0, 56.07,2026-05-20
ICRA, EQ, 20-May-2026,5416.5,5450.0,5453.0,5372.0,5409.0,5419.5,5399.82,1313,70.9,524,750.0, 57.12,2026-05-20
IDBI, EQ, 20-May-2026,73.56,72.9,75.1,71.46,73.18,73.3,73.28,10161048,7446.28,36656,3187701.0, 31.37,2026-05-20
IDEA, EQ, 20-May-2026,13.52,13.44,13.68,13.32,13.56,13.58,13.54,900186913,121910.75,508206,239255208.0, 26.58,2026-05-20
IDEAFORGE, BE, 20-May-2026,776.85,746.0,771.25,738.05,748.1,753.35,750.91,370201,2779.86,11920,, -,2026-05-20
IDEALTECHO, SM, 20-May-2026,185.2,190.0,195.0,185.25,185.25,185.25,190.08,1500,2.85,3,1500.0, 100.00,2026-05-20
IDENTICAL, ST, 20-May-2026,18.55,19.45,19.45,19.45,19.45,19.45,19.45,2000,0.39,1,2000.0, 100.00,2026-05-20
IDFCFIRSTB, EQ, 20-May-2026,67.81,67.14,68.4,66.72,68.34,68.21,67.6,16727023,11308.18,63122,8092163.0, 48.38,2026-05-20
IDFNIFTYET, EQ, 20-May-2026,259.94,259.94,260.46,257.7,259.41,260.29,259.93,1545,4.02,46,1417.0, 91.72,2026-05-20
IEML, SM, 20-May-2026,51.05,50.1,56.0,50.1,51.7,52.2,53.33,238000,126.92,369,97500.0, 40.97,2026-05-20
IEX, EQ, 20-May-2026,125.48,124.5,125.91,123.93,125.69,125.62,125.24,2355166,2949.66,18458,708296.0, 30.07,2026-05-20
IFBAGRO, BE, 20-May-2026,903.85,910.0,910.0,865.05,895.0,888.3,890.65,5204,46.35,276,, -,2026-05-20
IFBIND, EQ, 20-May-2026,1098.8,1094.3,1094.3,1039.0,1040.0,1044.8,1053.28,148033,1559.2,7095,77287.0, 52.21,2026-05-20
IFCI, EQ, 20-May-2026,61.73,61.15,61.7,60.65,61.51,61.41,61.15,11172324,6831.51,25710,2771844.0, 24.81,2026-05-20
IFGLEXPOR, EQ, 20-May-2026,161.08,161.08,170.0,158.0,170.0,166.23,165.1,18789,31.02,874,10116.0, 53.84,2026-05-20
IGARASHI, EQ, 20-May-2026,398.15,395.0,409.0,391.55,400.0,400.55,401.86,75684,304.15,2556,46509.0, 61.45,2026-05-20
IGCL, EQ, 20-May-2026,61.1,59.9,61.94,59.9,61.19,61.44,61.37,26034,15.98,371,16216.0, 62.29,2026-05-20
IGIL, EQ, 20-May-2026,332.7,330.0,356.5,328.2,356.0,352.3,345.05,1447336,4994.05,32201,504427.0, 34.85,2026-05-20
IGL, EQ, 20-May-2026,157.35,157.98,158.15,153.78,154.69,154.8,154.92,8956651,13875.49,38028,7344648.0, 82.00,2026-05-20
IGPL, EQ, 20-May-2026,430.95,430.95,438.0,419.25,436.0,434.1,428.08,42410,181.55,2037,21216.0, 50.03,2026-05-20
IIFL, EQ, 20-May-2026,460.8,457.0,465.0,452.35,463.15,464.0,459.42,970645,4459.34,21219,468481.0, 48.26,2026-05-20
IIFLCAPS, EQ, 20-May-2026,343.15,342.25,345.75,341.1,341.5,341.8,342.69,781196,2677.09,7090,596067.0, 76.30,2026-05-20
IITL, EQ, 20-May-2026,164.65,160.05,167.6,159.96,165.0,162.38,164.5,97181,159.86,2338,7598.0, 7.82,2026-05-20
IKIO, EQ, 20-May-2026,152.06,152.1,156.7,149.9,152.5,154.17,153.76,121171,186.31,2419,45393.0, 37.46,2026-05-20
IKS, EQ, 20-May-2026,1645.5,1633.9,1645.0,1615.0,1616.2,1628.6,1627.79,57846,941.61,8329,32009.0, 55.33,2026-05-20
IL&FSENGG, BZ, 20-May-2026,26.45,26.0,26.5,25.13,25.51,26.0,25.25,81766,20.65,61,, -,2026-05-20
IL&FSTRANS, BZ, 20-May-2026,2.29,2.31,2.39,2.25,2.38,2.37,2.32,51839,1.2,57,, -,2026-05-20
IMAGICAA, EQ, 20-May-2026,43.4,43.39,43.39,42.1,42.3,42.34,42.57,474690,202.08,2028,273252.0, 57.56,2026-05-20
IMFA, EQ, 20-May-2026,1423.8,1411.0,1452.9,1410.0,1441.8,1440.2,1436.32,74288,1067.01,8193,26702.0, 35.94,2026-05-20
IMPAL, EQ, 20-May-2026,1028.6,1029.3,1037.0,1010.0,1016.0,1013.5,1015.97,4145,42.11,211,3471.0, 83.74,2026-05-20
IMPEXFERRO, BZ, 20-May-2026,1.69,1.77,1.77,1.7,1.77,1.77,1.77,103956,1.84,52,, -,2026-05-20
INA, EQ, 20-May-2026,130.32,131.79,136.64,131.01,134.83,135.53,134.44,1096097,1473.56,14618,513002.0, 46.80,2026-05-20
INCREDIBLE, EQ, 20-May-2026,35.18,34.6,35.6,34.0,34.17,34.18,34.43,4026,1.39,87,2989.0, 74.24,2026-05-20
INDBANK, EQ, 20-May-2026,33.67,33.1,34.2,33.1,33.98,33.82,33.79,23831,8.05,285,14089.0, 59.12,2026-05-20
INDGN, EQ, 20-May-2026,511.4,504.2,519.8,504.2,515.3,513.6,515.24,241269,1243.11,11024,87064.0, 36.09,2026-05-20
INDHOTEL, EQ, 20-May-2026,652.75,649.0,662.4,641.2,659.05,659.6,653.92,2402392,15709.82,42005,1674360.0, 69.70,2026-05-20
INDIACEM, EQ, 20-May-2026,406.65,401.0,406.0,395.6,398.8,400.25,400.27,203279,813.66,15937,75560.0, 37.17,2026-05-20
INDIAGLYCO, EQ, 20-May-2026,998.2,998.2,1003.8,985.1,994.4,993.2,995.52,49585,493.63,3607,15245.0, 30.75,2026-05-20
INDIAMART, EQ, 20-May-2026,1982.6,1984.0,2006.3,1958.6,2001.3,1998.0,1987.75,71609,1423.41,9680,50172.0, 70.06,2026-05-20
INDIANB, EQ, 20-May-2026,817.1,810.15,818.4,803.55,809.7,810.2,810.95,1800373,14600.09,60169,921653.0, 51.19,2026-05-20
INDIANCARD, EQ, 20-May-2026,204.15,200.31,208.94,200.31,202.3,203.12,203.43,1524,3.1,99,1261.0, 82.74,2026-05-20
INDIANHUME, EQ, 20-May-2026,308.4,306.0,307.2,303.1,305.0,305.9,305.76,43318,132.45,859,29122.0, 67.23,2026-05-20
INDIASHLTR, EQ, 20-May-2026,778.8,770.0,789.0,763.1,781.0,779.75,776.05,46818,363.33,3637,24259.0, 51.82,2026-05-20
INDIGO, EQ, 20-May-2026,4230.3,4178.0,4284.0,4178.0,4274.2,4264.6,4228.6,760291,32149.64,40294,429234.0, 56.46,2026-05-20
INDIGOPNTS, EQ, 20-May-2026,955.75,945.0,989.5,940.0,980.0,983.75,976.74,140587,1373.17,12400,73029.0, 51.95,2026-05-20
INDIGRID, IV, 20-May-2026,169.45,169.38,169.9,168.5,168.92,168.98,169.25,1924610,3257.41,4716,1865541.0, 96.93,2026-05-20
INDIQUBE, EQ, 20-May-2026,169.13,168.91,177.0,168.0,177.0,173.52,172.01,17612,30.29,423,11117.0, 63.12,2026-05-20
INDNIPPON, EQ, 20-May-2026,780.3,779.15,791.25,772.05,776.45,782.25,783.23,9373,73.41,844,5413.0, 57.75,2026-05-20
INDOAMIN, EQ, 20-May-2026,125.74,125.55,132.4,123.0,126.66,126.92,128.41,201453,258.69,3441,48715.0, 24.18,2026-05-20
INDOBORAX, EQ, 20-May-2026,277.0,276.9,277.95,271.6,275.0,274.95,275.02,25748,70.81,640,17096.0, 66.40,2026-05-20
INDOCO, EQ, 20-May-2026,213.77,213.8,215.0,207.48,210.6,211.72,210.82,52377,110.42,2453,31890.0, 60.89,2026-05-20
INDOFARM, EQ, 20-May-2026,126.41,126.49,129.11,124.41,128.25,128.33,127.43,138486,176.47,2572,71463.0, 51.60,2026-05-20
INDORAMA, EQ, 20-May-2026,35.31,35.15,35.98,35.15,35.65,35.46,35.47,36285,12.87,454,27428.0, 75.59,2026-05-20
INDOSTAR, EQ, 20-May-2026,194.0,192.53,195.43,190.54,193.64,194.32,192.25,38756,74.51,1153,17798.0, 45.92,2026-05-20
INDOTECH, BE, 20-May-2026,2351.3,2236.0,2468.8,2236.0,2438.0,2454.9,2372.55,38674,917.56,1731,, -,2026-05-20
INDOTHAI, EQ, 20-May-2026,268.5,268.6,274.85,267.05,270.0,272.2,272.34,350722,955.17,3157,210522.0, 60.03,2026-05-20
INDOUS, EQ, 20-May-2026,101.79,101.1,104.45,101.1,101.8,101.91,102.33,10015,10.25,647,3722.0, 37.16,2026-05-20
INDOWIND, BE, 20-May-2026,9.88,9.9,9.98,9.75,9.8,9.77,9.86,79594,7.85,339,, -,2026-05-20
INDPRUD, EQ, 20-May-2026,6699.5,6800.0,6800.0,6800.0,6800.0,6800.0,6800.0,1,0.07,1,1.0, 100.00,2026-05-20
INDRAMEDCO, EQ, 20-May-2026,359.35,356.0,367.85,352.9,360.0,359.8,360.09,271163,976.42,9315,120268.0, 44.35,2026-05-20
INDSWFTLAB, EQ, 20-May-2026,134.73,134.1,139.14,132.46,136.0,135.88,136.34,338727,461.82,5016,154116.0, 45.50,2026-05-20
INDTERRAIN, EQ, 20-May-2026,31.72,31.81,32.48,31.41,32.0,31.63,32.1,4339,1.39,62,3948.0, 90.99,2026-05-20
INDUSINDBK, EQ, 20-May-2026,895.25,885.55,900.8,881.15,899.0,897.15,889.05,2947978,26208.88,76290,1488164.0, 50.48,2026-05-20
INDUSINVIT, IV, 20-May-2026,123.4,125.9,125.9,122.61,123.5,123.4,124.13,144172,178.95,3963,120543.0, 83.61,2026-05-20
INDUSTOWER, EQ, 20-May-2026,430.7,427.5,431.0,424.25,427.5,427.85,427.59,4234164,18104.79,53617,2418734.0, 57.12,2026-05-20
INFINIUM, SM, 20-May-2026,210.0,216.75,216.75,205.0,205.1,205.1,208.95,1500,3.13,3,1500.0, 100.00,2026-05-20
INFLUX, SM, 20-May-2026,277.65,275.0,279.9,274.0,279.9,279.4,276.67,15600,43.16,26,10800.0, 69.23,2026-05-20
INFOBEAN, EQ, 20-May-2026,152.27,150.5,153.0,149.0,151.0,150.5,150.78,209373,315.7,3714,90279.0, 43.12,2026-05-20
INFOLLION, SM, 20-May-2026,195.2,195.0,202.0,192.0,199.9,196.0,195.2,7200,14.05,16,6000.0, 83.33,2026-05-20
INFOMEDIA, EQ, 20-May-2026,5.89,5.87,6.29,5.55,6.0,5.98,5.91,8649,0.51,72,6789.0, 78.49,2026-05-20
INFRA, EQ, 20-May-2026,11.79,11.7,11.89,11.65,11.89,11.88,11.74,14520,1.7,105,8947.0, 61.62,2026-05-20
INFRABEES, EQ, 20-May-2026,954.23,949.46,963.99,948.27,963.9,962.92,959.06,9126,87.52,720,4775.0, 52.32,2026-05-20
INFRAIETF, EQ, 20-May-2026,95.16,95.11,97.49,94.31,95.6,96.02,95.66,206414,197.46,17364,101430.0, 49.14,2026-05-20
INFY, EQ, 20-May-2026,1196.9,1187.0,1206.9,1184.9,1190.0,1193.7,1195.38,15121010,180753.36,180970,10510891.0, 69.51,2026-05-20
INGERRAND, EQ, 20-May-2026,4388.3,4336.5,4500.0,4323.9,4446.9,4430.8,4441.93,43111,1914.96,6099,29423.0, 68.25,2026-05-20
INM, SM, 20-May-2026,166.6,162.0,168.0,161.0,168.0,168.0,163.67,1800,2.95,3,1200.0, 66.67,2026-05-20
INNOMET, ST, 20-May-2026,96.9,96.9,99.9,92.6,96.0,96.0,97.12,17400,16.9,29,15000.0, 86.21,2026-05-20
INNOVACAP, EQ, 20-May-2026,873.3,873.3,904.0,865.4,871.05,880.2,889.29,48892,434.79,4665,19311.0, 39.50,2026-05-20
INNOVANA, EQ, 20-May-2026,378.6,376.1,379.9,365.8,366.95,368.15,370.09,8747,32.37,326,4485.0, 51.27,2026-05-20
INNOVISION, EQ, 20-May-2026,308.25,308.6,314.25,307.95,311.1,311.5,311.85,69837,217.78,1930,26052.0, 37.30,2026-05-20
INOXGREEN, EQ, 20-May-2026,183.16,180.41,182.56,178.0,180.01,180.42,180.38,566996,1022.74,8596,199858.0, 35.25,2026-05-20
INOXINDIA, EQ, 20-May-2026,1428.9,1406.9,1461.0,1402.0,1458.0,1449.2,1439.91,94001,1353.53,8670,35606.0, 37.88,2026-05-20
INOXWIND, EQ, 20-May-2026,96.3,95.8,95.8,94.03,95.45,95.27,94.98,5713347,5426.71,22343,1637835.0, 28.67,2026-05-20
INSECTICID, EQ, 20-May-2026,758.95,760.85,765.0,744.25,750.35,746.15,754.33,31020,233.99,2082,15640.0, 50.42,2026-05-20
INSPIRE, ST, 20-May-2026,11.45,11.25,11.25,11.25,11.25,11.25,11.25,2000,0.23,1,2000.0, 100.00,2026-05-20
INSPIRISYS, EQ, 20-May-2026,119.79,125.77,125.77,117.01,125.77,125.77,124.56,89570,111.57,559,71603.0, 79.94,2026-05-20
INTELLECT, EQ, 20-May-2026,697.1,697.1,714.6,688.0,689.0,689.95,700.27,281092,1968.4,22024,109544.0, 38.97,2026-05-20
INTENTECH, EQ, 20-May-2026,100.45,101.95,102.28,99.0,100.0,100.92,101.22,15719,15.91,201,9947.0, 63.28,2026-05-20
INTERARCH, EQ, 20-May-2026,1710.2,1705.1,1713.9,1673.0,1683.7,1678.9,1688.96,71028,1199.63,6349,38739.0, 54.54,2026-05-20
INTERNET, EQ, 20-May-2026,12.19,12.25,12.25,12.04,12.21,12.2,12.16,45044,5.48,116,27436.0, 60.91,2026-05-20
INTLCONV, EQ, 20-May-2026,79.38,79.38,81.0,78.25,79.21,79.45,79.7,38003,30.29,1629,16574.0, 43.61,2026-05-20
INVENTURE, EQ, 20-May-2026,0.97,0.98,0.98,0.96,0.98,0.96,0.97,892320,8.61,417,612028.0, 68.59,2026-05-20
INVICTA, ST, 20-May-2026,80.8,76.8,76.8,76.8,76.8,76.8,76.8,1600,1.23,1,1600.0, 100.00,2026-05-20
INVPRECQ, EQ, 20-May-2026,601.95,640.0,640.0,603.6,618.0,612.4,622.76,8119,50.56,1039,962.0, 11.85,2026-05-20
IOB, EQ, 20-May-2026,33.54,33.38,33.58,33.05,33.5,33.49,33.38,1865594,622.65,8034,690901.0, 37.03,2026-05-20
IOC, EQ, 20-May-2026,135.0,134.67,138.52,133.0,138.24,138.04,136.23,24216502,32991.09,120805,10264253.0, 42.39,2026-05-20
IOLCP, EQ, 20-May-2026,110.12,109.0,121.4,107.01,119.0,119.54,116.95,21090849,24665.25,106215,5119551.0, 24.27,2026-05-20
IONEXCHANG, EQ, 20-May-2026,391.2,387.35,394.4,381.95,388.1,389.75,391.01,85362,333.78,6592,35226.0, 41.27,2026-05-20
IPCALAB, EQ, 20-May-2026,1656.2,1647.9,1678.3,1635.3,1641.9,1646.6,1654.49,273088,4518.22,28727,153285.0, 56.13,2026-05-20
IPHL, SM, 20-May-2026,53.9,50.7,55.0,50.3,54.85,53.5,53.21,19200,10.22,14,16800.0, 87.50,2026-05-20
IPL, EQ, 20-May-2026,163.71,163.19,169.6,163.19,167.0,167.67,167.47,328911,550.84,5616,121338.0, 36.89,2026-05-20
IRB, EQ, 20-May-2026,20.21,20.0,21.59,19.95,21.17,21.13,21.05,56644534,11925.77,70296,7599321.0, 13.42,2026-05-20
IRBINVIT, IV, 20-May-2026,61.29,60.45,60.49,59.76,59.8,59.87,59.93,1416816,849.1,28411,1326568.0, 93.63,2026-05-20
IRCON, EQ, 20-May-2026,140.9,140.0,141.35,137.8,141.18,141.08,139.8,1432896,2003.25,16724,404081.0, 28.20,2026-05-20
IRCTC, EQ, 20-May-2026,529.8,526.05,530.7,525.2,528.8,527.85,527.68,487397,2571.89,22214,236027.0, 48.43,2026-05-20
IREDA, EQ, 20-May-2026,127.77,126.81,127.45,125.72,126.95,126.77,126.5,5406038,6838.54,29070,1265498.0, 23.41,2026-05-20
IRFC, EQ, 20-May-2026,97.22,96.2,97.3,95.65,97.27,97.13,96.47,6536277,6305.67,37152,1934105.0, 29.59,2026-05-20
IRIS, EQ, 20-May-2026,226.49,232.6,253.97,228.2,244.0,240.76,239.72,51526,123.52,1951,21069.0, 40.89,2026-05-20
IRISDOREME, EQ, 20-May-2026,36.59,36.59,36.89,35.59,36.88,36.32,35.9,344980,123.84,1838,34837.0, 10.10,2026-05-20
IRMENERGY, EQ, 20-May-2026,279.3,276.0,277.6,269.05,275.0,275.35,273.14,403645,1102.53,6030,78192.0, 19.37,2026-05-20
ISFT, EQ, 20-May-2026,81.21,81.21,82.88,79.0,82.0,82.04,81.31,13034,10.6,167,10761.0, 82.56,2026-05-20
ISGEC, EQ, 20-May-2026,1057.9,1065.7,1066.4,1046.0,1058.7,1060.3,1058.06,23204,245.51,2246,8327.0, 35.89,2026-05-20
ISHANCH, EQ, 20-May-2026,61.74,61.5,62.5,60.03,62.0,62.12,61.11,18259,11.16,105,15525.0, 85.03,2026-05-20
IT, EQ, 20-May-2026,32.34,32.34,32.57,31.53,32.22,32.18,32.38,375314,121.52,951,205785.0, 54.83,2026-05-20
ITADD, EQ, 20-May-2026,30.91,30.96,31.08,30.65,30.88,30.7,30.86,22222,6.86,121,12218.0, 54.98,2026-05-20
ITBEES, EQ, 20-May-2026,32.45,32.45,32.61,32.13,32.31,32.28,32.42,10790450,3498.8,16844,4763611.0, 44.15,2026-05-20
ITBETA, EQ, 20-May-2026,306.2,306.53,308.73,304.14,304.14,304.33,306.53,394,1.21,17,308.0, 78.17,2026-05-20
ITC, EQ, 20-May-2026,310.3,309.0,309.65,306.2,307.9,307.55,307.48,12127920,37290.83,192330,7142061.0, 58.89,2026-05-20
ITCHOTELS, EQ, 20-May-2026,155.84,154.6,154.7,153.01,153.6,153.52,153.65,2054510,3156.83,33947,1261377.0, 61.40,2026-05-20
ITDC, EQ, 20-May-2026,547.55,538.05,548.15,536.8,544.9,543.8,542.97,23748,128.94,1424,9454.0, 39.81,2026-05-20
ITETF, EQ, 20-May-2026,30.89,30.89,31.09,30.67,30.78,30.73,30.89,291537,90.06,895,154103.0, 52.86,2026-05-20
ITI, EQ, 20-May-2026,285.85,283.75,287.5,280.25,287.5,286.0,284.67,280335,798.02,7076,77334.0, 27.59,2026-05-20
ITIETF, EQ, 20-May-2026,32.46,33.27,33.27,32.09,32.23,32.32,32.43,4110009,1332.8,1685,3566268.0, 86.77,2026-05-20
ITTL, ST, 20-May-2026,86.45,85.0,85.0,84.75,84.75,84.75,84.83,630,0.53,3,630.0, 100.00,2026-05-20
IVALUE, EQ, 20-May-2026,245.15,244.5,250.15,242.1,246.9,246.9,247.09,23663,58.47,1071,11784.0, 49.80,2026-05-20
IVC, EQ, 20-May-2026,7.38,7.4,7.5,7.31,7.47,7.45,7.42,101883,7.56,564,81524.0, 80.02,2026-05-20
IVP, EQ, 20-May-2026,156.19,163.3,163.3,155.0,158.94,157.06,157.16,2304,3.62,59,1689.0, 73.31,2026-05-20
IVZINGOLD, EQ, 20-May-2026,137.4,136.5,137.15,135.1,136.85,136.8,136.3,12863,17.53,159,7510.0, 58.38,2026-05-20
IVZINNIFTY, EQ, 20-May-2026,2696.53,2629.11,2704.3,2629.11,2692.0,2692.4,2685.43,67,1.8,18,54.0, 80.60,2026-05-20
IWARE, ST, 20-May-2026,337.0,340.0,345.45,340.0,342.0,343.85,342.89,3600,12.34,6,3000.0, 83.33,2026-05-20
IWP, EQ, 20-May-2026,34.11,35.25,35.78,33.16,35.35,34.74,34.63,6579,2.28,84,3462.0, 52.62,2026-05-20
IXIGO, EQ, 20-May-2026,162.43,160.5,164.0,160.5,161.41,161.87,162.26,568718,922.81,11224,245183.0, 43.11,2026-05-20
IZMO, EQ, 20-May-2026,666.0,681.0,699.3,671.0,699.3,699.3,690.55,89391,617.29,2108,50316.0, 56.29,2026-05-20
J&KBANK, EQ, 20-May-2026,133.32,132.5,135.47,129.62,133.35,134.33,133.05,2818958,3750.57,24455,914353.0, 32.44,2026-05-20
JAGRAN, EQ, 20-May-2026,67.9,68.0,68.0,67.3,67.6,67.64,67.44,136531,92.07,892,101921.0, 74.65,2026-05-20
JAGSNPHARM, EQ, 20-May-2026,197.22,196.43,208.2,194.61,199.2,199.31,201.22,63772,128.32,2095,28922.0, 45.35,2026-05-20
JAIBALAJI, BE, 20-May-2026,77.39,76.9,76.9,74.0,74.83,75.03,75.78,528498,400.48,1388,, -,2026-05-20
JAICORPLTD, EQ, 20-May-2026,112.37,111.0,113.47,110.6,113.12,113.15,112.42,225337,253.33,2815,70109.0, 31.11,2026-05-20
JAINAM, SM, 20-May-2026,280.25,294.0,294.0,285.0,290.0,290.0,290.33,3000,8.71,4,3000.0, 100.00,2026-05-20
JAINIK, SM, 20-May-2026,145.0,139.55,145.0,139.55,145.0,145.0,143.18,3600,5.15,3,2400.0, 66.67,2026-05-20
JAINREC, EQ, 20-May-2026,390.8,391.5,400.3,382.5,392.15,391.9,389.08,8209727,31942.03,117772,1837244.0, 22.38,2026-05-20
JAIPURKURT, EQ, 20-May-2026,29.72,29.75,29.75,28.96,29.5,29.5,29.56,2810,0.83,68,2772.0, 98.65,2026-05-20
JAMNAAUTO, EQ, 20-May-2026,112.8,110.99,111.89,109.6,111.26,111.6,110.75,945588,1047.28,8503,335619.0, 35.49,2026-05-20
JARO, EQ, 20-May-2026,510.8,511.0,544.25,505.0,524.8,520.75,527.27,375628,1980.56,12760,132369.0, 35.24,2026-05-20
JASH, EQ, 20-May-2026,373.1,373.95,381.0,368.0,381.0,377.45,374.74,31830,119.28,1920,18160.0, 57.05,2026-05-20
JAYAGROGN, EQ, 20-May-2026,207.4,207.4,225.2,204.01,211.4,211.35,210.88,7527,15.87,403,2921.0, 38.81,2026-05-20
JAYBARMARU, EQ, 20-May-2026,86.06,97.0,103.27,96.99,103.27,103.27,101.28,2119565,2146.74,5102,1008199.0, 47.57,2026-05-20
JAYBEE, ST, 20-May-2026,88.45,92.85,92.85,89.1,92.85,92.85,92.76,72500,67.25,96,69000.0, 95.17,2026-05-20
JAYESH, SM, 20-May-2026,168.0,173.0,173.0,168.5,168.5,168.5,172.79,21000,36.29,2,21000.0, 100.00,2026-05-20
JAYKAY, EQ, 20-May-2026,159.88,160.11,162.25,158.0,158.38,158.5,160.1,51038,81.71,1403,27879.0, 54.62,2026-05-20
JAYNECOIND, EQ, 20-May-2026,100.82,100.3,103.78,98.51,102.55,103.02,101.78,3304263,3363.14,21890,1443776.0, 43.69,2026-05-20
JAYSREETEA, EQ, 20-May-2026,87.1,85.85,85.85,83.01,83.91,84.01,84.66,84731,71.73,1207,58886.0, 69.50,2026-05-20
JBCHEPHARM, EQ, 20-May-2026,2171.6,2170.0,2189.5,2138.1,2166.0,2163.6,2159.82,235609,5088.73,27244,146031.0, 61.98,2026-05-20
JBMA, EQ, 20-May-2026,622.95,622.0,655.35,613.0,640.0,643.6,642.95,2082620,13390.15,62735,218565.0, 10.49,2026-05-20
JETFREIGHT, EQ, 20-May-2026,21.62,21.89,21.89,20.58,20.58,20.69,21.21,63305,13.43,370,38072.0, 60.14,2026-05-20
JEYYAM, SM, 20-May-2026,32.0,32.0,32.0,31.25,32.0,32.0,31.75,6000,1.91,3,4000.0, 66.67,2026-05-20
JGCHEM, EQ, 20-May-2026,388.35,383.0,397.2,382.05,396.0,396.05,390.78,51197,200.07,1648,28459.0, 55.59,2026-05-20
JHS, EQ, 20-May-2026,8.42,8.42,8.64,8.33,8.56,8.55,8.56,4161,0.36,45,3875.0, 93.13,2026-05-20
JINDALPHOT, EQ, 20-May-2026,1000.4,1000.8,1010.0,986.7,1010.0,1004.1,998.97,1484,14.82,349,921.0, 62.06,2026-05-20
JINDALPOLY, EQ, 20-May-2026,701.05,719.85,720.35,698.3,705.55,704.45,708.85,17328,122.83,1826,7951.0, 45.89,2026-05-20
JINDALSAW, EQ, 20-May-2026,223.67,224.0,224.99,216.32,219.5,219.54,218.73,1562925,3418.61,26290,551705.0, 35.30,2026-05-20
JINDALSTEL, EQ, 20-May-2026,1226.3,1215.0,1244.0,1200.9,1240.0,1223.1,1211.29,1117681,13538.36,40029,473793.0, 42.39,2026-05-20
JINDRILL, EQ, 20-May-2026,655.45,657.0,679.9,644.0,662.5,657.9,661.75,7435213,49202.42,132424,351454.0, 4.73,2026-05-20
JINDWORLD, EQ, 20-May-2026,26.47,26.93,26.93,26.06,26.55,26.45,26.43,346084,91.47,2784,83179.0, 24.03,2026-05-20
JIOFIN, EQ, 20-May-2026,233.28,230.39,235.46,229.42,234.8,234.67,232.53,11303753,26285.08,73927,3520957.0, 31.15,2026-05-20
JISLDVREQS, EQ, 20-May-2026,22.71,22.55,23.25,21.97,22.5,22.11,22.37,21867,4.89,211,12884.0, 58.92,2026-05-20
JISLJALEQS, EQ, 20-May-2026,29.82,29.5,29.66,28.91,29.18,29.04,29.2,2595862,758.09,8720,1324251.0, 51.01,2026-05-20
JITFINFRA, BE, 20-May-2026,293.1,292.9,292.9,279.0,283.95,283.3,281.91,32171,90.69,348,, -,2026-05-20
JKCEMENT, EQ, 20-May-2026,5434.5,5434.5,5442.0,5327.5,5354.5,5344.5,5370.82,93765,5035.95,22982,63068.0, 67.26,2026-05-20
JKIL, EQ, 20-May-2026,482.75,482.0,482.75,470.85,473.0,473.3,473.58,112279,531.73,6068,63585.0, 56.63,2026-05-20
JKIPL, BE, 20-May-2026,84.47,84.4,85.47,82.81,85.0,84.71,84.57,7550,6.39,937,, -,2026-05-20
JKLAKSHMI, EQ, 20-May-2026,644.6,646.0,652.6,633.0,635.3,636.05,640.73,67466,432.28,4521,40924.0, 60.66,2026-05-20
JKPAPER, EQ, 20-May-2026,395.85,388.9,393.4,379.05,379.2,380.95,382.63,594313,2274.0,19608,255064.0, 42.92,2026-05-20
JKTYRE, EQ, 20-May-2026,368.6,369.05,369.05,357.7,361.6,361.05,360.23,803646,2894.98,24830,295588.0, 36.78,2026-05-20
JLHL, EQ, 20-May-2026,1328.9,1330.0,1331.1,1314.7,1321.0,1318.2,1317.51,117098,1542.78,2795,106978.0, 91.36,2026-05-20
JMA, EQ, 20-May-2026,83.23,83.23,84.12,82.0,83.25,83.2,82.94,1669,1.38,66,1345.0, 80.59,2026-05-20
JMFINANCIL, EQ, 20-May-2026,129.05,127.97,128.88,125.74,128.75,128.1,126.84,2113332,2680.61,36383,870835.0, 41.21,2026-05-20
JNKINDIA, EQ, 20-May-2026,353.9,354.0,377.05,341.0,377.0,373.15,362.3,1379424,4997.59,20936,573304.0, 41.56,2026-05-20
JOCIL, EQ, 20-May-2026,133.69,134.03,136.16,132.01,133.5,133.51,133.02,634,0.84,26,608.0, 95.90,2026-05-20
JPOLYINVST, EQ, 20-May-2026,1016.2,1015.4,1031.9,1004.7,1019.0,1015.7,1013.75,2071,20.99,403,1076.0, 51.96,2026-05-20
JPPOWER, EQ, 20-May-2026,18.84,18.6,19.1,18.2,18.27,18.31,18.58,85684742,15922.49,52151,24341183.0, 28.41,2026-05-20
JSFB, EQ, 20-May-2026,451.85,450.8,454.95,450.0,451.2,453.25,452.03,244057,1103.21,3842,142208.0, 58.27,2026-05-20
JSL, EQ, 20-May-2026,739.2,735.0,745.0,725.25,738.0,736.95,737.78,409839,3023.71,21629,262299.0, 64.00,2026-05-20
JSLL, EQ, 20-May-2026,654.35,652.5,660.7,638.5,650.9,650.6,651.15,251410,1637.04,12641,117773.0, 46.84,2026-05-20
JSWCEMENT, EQ, 20-May-2026,121.36,121.2,121.36,120.01,120.7,120.91,120.82,515513,622.82,5778,250513.0, 48.59,2026-05-20
JSWDULUX, EQ, 20-May-2026,2929.1,2902.0,2940.0,2900.0,2925.0,2928.2,2922.28,3737,109.21,1381,1850.0, 49.50,2026-05-20
JSWENERGY, EQ, 20-May-2026,533.15,532.9,538.5,526.8,537.0,537.1,533.99,2464546,13160.43,39704,808848.0, 32.82,2026-05-20
JSWHL, EQ, 20-May-2026,12681.0,12365.0,12750.0,12365.0,12630.0,12612.0,12623.08,760,95.94,438,336.0, 44.21,2026-05-20
JSWINFRA, EQ, 20-May-2026,266.15,263.05,265.25,262.1,263.0,262.9,263.47,629667,1658.99,13192,280282.0, 44.51,2026-05-20
JSWSTEEL, EQ, 20-May-2026,1285.2,1278.0,1289.0,1261.5,1278.4,1283.2,1274.07,1039407,13242.75,31194,446209.0, 42.93,2026-05-20
JTEKTINDIA, EQ, 20-May-2026,128.86,128.31,129.9,125.26,125.9,125.77,126.34,198871,251.25,3457,117987.0, 59.33,2026-05-20
JTLIND, EQ, 20-May-2026,66.88,66.5,66.71,64.85,66.05,66.17,65.98,1877808,1239.02,6997,966703.0, 51.48,2026-05-20
JUBLCPL, EQ, 20-May-2026,1705.2,1704.8,1735.0,1700.0,1705.0,1712.7,1718.42,1415,24.32,210,1121.0, 79.22,2026-05-20
JUBLFOOD, EQ, 20-May-2026,473.0,472.05,476.95,465.25,471.1,472.55,472.35,1290565,6096.01,30349,554212.0, 42.94,2026-05-20
JUBLINGREA, EQ, 20-May-2026,726.35,726.25,737.9,720.1,734.0,735.45,731.7,62041,453.96,6200,29442.0, 47.46,2026-05-20
JUBLPHARMA, EQ, 20-May-2026,1010.95,1006.0,1020.5,1002.4,1020.4,1014.2,1012.19,77988,789.39,6977,55383.0, 71.01,2026-05-20
JUNIORBEES, EQ, 20-May-2026,744.8,744.06,748.5,735.53,746.5,747.49,742.68,225433,1674.25,9175,92905.0, 41.21,2026-05-20
JUNIPER, EQ, 20-May-2026,199.69,199.69,201.1,198.61,200.0,200.02,199.98,24962,49.92,1937,11350.0, 45.47,2026-05-20
JUSTDIAL, EQ, 20-May-2026,517.3,517.3,517.45,511.8,513.9,513.2,513.45,51898,266.47,3575,25454.0, 49.05,2026-05-20
JWL, EQ, 20-May-2026,270.9,266.1,274.8,266.1,273.8,273.05,271.35,1088794,2954.44,16839,232856.0, 21.39,2026-05-20
JYOTHYLAB, EQ, 20-May-2026,213.5,213.65,214.3,207.75,208.9,209.6,209.67,910423,1908.89,19838,591763.0, 65.00,2026-05-20
JYOTICNC, EQ, 20-May-2026,679.15,675.0,678.0,659.0,672.4,669.95,667.71,735454,4910.73,34707,350174.0, 47.61,2026-05-20
JYOTIGLOBL, ST, 20-May-2026,49.0,49.0,49.0,46.85,46.85,46.85,47.44,14000,6.64,7,14000.0, 100.00,2026-05-20
JYOTISTRUC, EQ, 20-May-2026,12.36,12.23,12.4,12.08,12.28,12.19,12.24,5073933,621.19,5199,1567043.0, 30.88,2026-05-20
K2INFRA, SM, 20-May-2026,56.0,55.35,55.35,53.3,54.0,53.95,54.39,3000,1.63,4,3000.0, 100.00,2026-05-20
KABRAEXTRU, EQ, 20-May-2026,226.38,216.6,228.1,216.6,227.0,226.03,225.66,7167,16.17,542,2757.0, 38.47,2026-05-20
KAJARIACER, EQ, 20-May-2026,1054.4,1046.0,1059.0,1045.3,1052.0,1053.7,1052.12,101339,1066.2,8401,63579.0, 62.74,2026-05-20
KAKATCEM, BE, 20-May-2026,122.28,122.5,123.0,119.1,123.0,123.0,120.75,269,0.32,15,, -,2026-05-20
KALAMANDIR, EQ, 20-May-2026,101.82,100.25,105.45,100.01,102.43,102.57,103.33,790010,816.29,9553,267211.0, 33.82,2026-05-20
KALPATARU, EQ, 20-May-2026,324.45,322.0,322.65,317.7,318.1,319.85,320.3,28608,91.63,1189,15626.0, 54.62,2026-05-20
KALYANIFRG, EQ, 20-May-2026,625.7,625.7,625.7,600.0,606.0,610.3,608.62,539,3.28,67,377.0, 69.94,2026-05-20
KALYANKJIL, EQ, 20-May-2026,344.15,341.95,344.9,338.0,344.9,343.55,341.02,4261204,14531.52,45258,1113536.0, 26.13,2026-05-20
KAMAHOLD, EQ, 20-May-2026,2566.2,2586.9,2594.9,2540.1,2570.0,2568.4,2569.38,1047,26.9,221,612.0, 58.45,2026-05-20
KAMATHOTEL, EQ, 20-May-2026,163.69,162.0,165.95,160.44,163.7,164.16,163.58,43594,71.31,850,27696.0, 63.53,2026-05-20
KAMDHENU, EQ, 20-May-2026,24.12,23.9,24.7,23.6,24.08,24.17,24.0,501965,120.49,1511,225543.0, 44.93,2026-05-20
KAMOPAINTS, EQ, 20-May-2026,5.22,5.45,5.45,5.2,5.29,5.27,5.26,390599,20.55,481,347197.0, 88.89,2026-05-20
KANANIIND, EQ, 20-May-2026,1.49,1.49,1.54,1.49,1.52,1.51,1.51,30492,0.46,166,19526.0, 64.04,2026-05-20
KANCHI, BE, 20-May-2026,377.9,376.05,379.3,369.0,378.9,370.65,374.87,271,1.02,32,, -,2026-05-20
KANDARP, SM, 20-May-2026,150.0,150.0,150.0,140.0,140.0,140.0,149.0,62000,92.38,44,37000.0, 59.68,2026-05-20
KANORICHEM, BE, 20-May-2026,90.03,90.06,91.79,87.85,91.0,91.0,89.27,9175,8.19,113,, -,2026-05-20
KANPRPLA, EQ, 20-May-2026,193.47,194.99,210.0,190.6,208.9,203.99,199.84,9765,19.51,424,6260.0, 64.11,2026-05-20
KANSAINER, EQ, 20-May-2026,215.51,213.0,215.65,212.62,214.79,214.61,214.45,142955,306.56,6110,70739.0, 49.48,2026-05-20
KAPSTON, EQ, 20-May-2026,325.05,325.0,333.0,324.0,328.8,328.15,327.63,11862,38.86,461,7659.0, 64.57,2026-05-20
KARMAENG, EQ, 20-May-2026,48.0,48.0,48.0,45.75,46.03,46.29,46.49,4783,2.22,181,3103.0, 64.88,2026-05-20
KARNIKA, SM, 20-May-2026,130.0,130.0,134.4,124.0,126.0,126.1,130.53,23000,30.02,22,7000.0, 30.43,2026-05-20
KARURVYSYA, EQ, 20-May-2026,293.25,291.5,292.2,283.5,286.5,286.55,285.75,2204613,6299.78,33187,1001738.0, 45.44,2026-05-20
KATARIA, SM, 20-May-2026,100.75,100.75,100.8,100.75,100.8,100.8,100.78,1200,1.21,2,1200.0, 100.00,2026-05-20
KAUSHALYA, EQ, 20-May-2026,876.05,861.05,888.0,851.0,888.0,873.1,860.57,63,0.54,32,44.0, 69.84,2026-05-20
KAVDEFENCE, EQ, 20-May-2026,63.49,63.0,64.4,61.51,62.95,62.14,62.92,113605,71.48,2031,56377.0, 49.63,2026-05-20
KAYA, EQ, 20-May-2026,247.95,243.15,252.75,243.15,252.0,248.4,249.04,7544,18.79,274,4034.0, 53.47,2026-05-20
KAYNES, EQ, 20-May-2026,3091.6,3079.0,3088.8,2995.0,3007.0,3001.0,3027.13,1630732,49364.41,102114,527292.0, 32.33,2026-05-20
KAYTEX, SM, 20-May-2026,67.5,66.45,70.85,66.0,70.85,69.1,67.7,12800,8.67,15,4800.0, 37.50,2026-05-20
KCEIL, ST, 20-May-2026,114.7,109.0,109.0,109.0,109.0,109.0,109.0,12500,13.63,17,12500.0, 100.00,2026-05-20
KCK, SM, 20-May-2026,14.8,15.0,15.0,14.0,14.1,14.15,14.38,115000,16.54,41,87500.0, 76.09,2026-05-20
KCP, EQ, 20-May-2026,161.18,159.17,162.28,156.5,161.0,158.65,159.12,130167,207.13,1873,66087.0, 50.77,2026-05-20
KCPSUGIND, EQ, 20-May-2026,24.31,24.3,24.69,24.05,24.29,24.18,24.35,58162,14.16,403,26675.0, 45.86,2026-05-20
KDDL, EQ, 20-May-2026,2178.5,2450.4,2614.2,2450.4,2614.2,2614.2,2549.97,234447,5978.34,13008,99975.0, 42.64,2026-05-20
KDL, SM, 20-May-2026,135.4,136.0,136.0,128.65,129.75,129.7,129.42,16200,20.97,69,12750.0, 78.70,2026-05-20
KEC, EQ, 20-May-2026,469.4,469.4,478.7,467.55,471.95,471.7,471.68,1682728,7937.08,35738,571163.0, 33.94,2026-05-20
KECL, BE, 20-May-2026,108.45,110.95,110.95,107.0,109.0,108.57,108.53,43527,47.24,324,, -,2026-05-20
KEEPLEARN, EQ, 20-May-2026,2.18,2.19,2.32,2.01,2.09,2.08,2.15,54577,1.17,111,29182.0, 53.47,2026-05-20
KEI, EQ, 20-May-2026,5082.4,5050.0,5139.0,5040.1,5115.0,5119.8,5102.66,266512,13599.19,26798,109618.0, 41.13,2026-05-20
KEL, SM, 20-May-2026,91.0,91.5,91.5,91.5,91.5,91.5,91.5,6000,5.49,4,3600.0, 60.00,2026-05-20
KELLTONTEC, EQ, 20-May-2026,15.1,15.2,15.34,15.0,15.25,15.22,15.2,1623623,246.84,3795,663731.0, 40.88,2026-05-20
KEN, SM, 20-May-2026,33.5,33.5,34.75,33.5,34.0,34.0,34.25,4800,1.64,4,2400.0, 50.00,2026-05-20
KENNAMET, EQ, 20-May-2026,2789.0,2800.1,2860.0,2712.0,2767.5,2794.1,2773.03,12087,335.18,3184,5480.0, 45.34,2026-05-20
KERNEX, EQ, 20-May-2026,1354.0,1340.0,1362.0,1328.4,1354.7,1353.2,1347.37,63731,858.69,4063,31805.0, 49.91,2026-05-20
KESORAMIND, BE, 20-May-2026,12.25,12.0,12.19,11.77,11.84,11.84,11.97,698012,83.57,1276,, -,2026-05-20
KEYFINSERV, EQ, 20-May-2026,262.35,262.35,269.4,261.0,268.0,267.35,267.2,525,1.4,17,462.0, 88.00,2026-05-20
KFINTECH, EQ, 20-May-2026,824.7,815.9,830.7,806.1,828.0,828.05,819.28,810763,6642.4,24881,356198.0, 43.93,2026-05-20
KHADIM, EQ, 20-May-2026,110.81,110.81,111.0,106.0,107.15,107.37,108.06,104090,112.48,1571,44567.0, 42.82,2026-05-20
KHAICHEM, BE, 20-May-2026,56.46,56.29,57.9,55.0,55.72,56.0,56.21,40124,22.55,203,, -,2026-05-20
KHAITANLTD, BE, 20-May-2026,134.18,135.98,137.2,132.5,135.66,133.88,136.35,1364,1.86,24,, -,2026-05-20
KHANDSE, EQ, 20-May-2026,17.22,18.3,18.3,16.75,16.9,16.91,17.11,1939,0.33,29,1731.0, 89.27,2026-05-20
KHFM, SM, 20-May-2026,56.75,62.8,62.8,62.8,62.8,62.8,62.8,1550,0.97,1,1550.0, 100.00,2026-05-20
KICL, EQ, 20-May-2026,4836.2,4772.7,5147.9,4772.7,5012.0,5066.6,4991.53,2819,140.71,677,1816.0, 64.42,2026-05-20
KILITCH, EQ, 20-May-2026,174.37,175.01,188.0,172.75,182.25,183.8,181.41,327675,594.42,6105,122886.0, 37.50,2026-05-20
KIMS, EQ, 20-May-2026,741.05,739.6,761.9,725.15,748.1,755.8,754.99,541967,4091.78,37052,257462.0, 47.51,2026-05-20
KINGFA, EQ, 20-May-2026,5225.4,5181.3,5261.2,5138.7,5230.2,5231.9,5211.19,4230,220.43,1311,2118.0, 50.07,2026-05-20
KIOCL, EQ, 20-May-2026,378.05,375.0,378.4,367.7,375.35,376.6,372.84,111644,416.26,5053,28029.0, 25.11,2026-05-20
KIRANVYPAR, EQ, 20-May-2026,178.95,185.0,188.9,172.25,180.0,186.7,183.56,4333,7.95,292,3366.0, 77.68,2026-05-20
KIRIINDUS, EQ, 20-May-2026,390.4,385.25,399.95,385.25,393.1,393.35,390.84,131280,513.1,4273,41798.0, 31.84,2026-05-20
KIRLFER, EQ, 20-May-2026,422.1,422.05,430.0,410.25,425.0,422.5,417.68,55994,233.88,4054,35558.0, 63.50,2026-05-20
KIRLOSBROS, EQ, 20-May-2026,1619.0,1619.0,1624.0,1577.6,1610.0,1605.8,1603.7,51055,818.77,7060,23376.0, 45.79,2026-05-20
KIRLOSENG, EQ, 20-May-2026,1660.3,1658.0,1677.0,1630.0,1675.2,1663.1,1658.26,318558,5282.52,22392,169062.0, 53.07,2026-05-20
KIRLOSIND, EQ, 20-May-2026,3440.8,3520.0,3545.0,3150.0,3185.0,3175.9,3345.05,66150,2212.75,9462,16514.0, 24.96,2026-05-20
KIRLPNU, EQ, 20-May-2026,1581.5,1581.0,1641.0,1537.6,1620.0,1618.2,1595.26,197079,3143.92,17733,87112.0, 44.20,2026-05-20
KISSHT, EQ, 20-May-2026,226.88,227.02,257.7,223.01,246.5,247.41,239.57,15221215,36466.08,103961,3393837.0, 22.30,2026-05-20
KITEX, EQ, 20-May-2026,157.26,156.0,157.9,153.58,156.5,156.42,155.15,222307,344.9,2890,96443.0, 43.38,2026-05-20
KKCL, EQ, 20-May-2026,446.6,444.8,444.8,432.65,441.7,439.8,438.41,22919,100.48,884,15635.0, 68.22,2026-05-20
KKJEWELS, SM, 20-May-2026,101.0,100.0,100.0,96.0,96.0,96.0,97.0,5000,4.85,5,4000.0, 80.00,2026-05-20
KLBRENG-B, EQ, 20-May-2026,477.6,471.0,483.0,470.55,483.0,479.5,478.18,17220,82.34,1022,11584.0, 67.27,2026-05-20
KLL, SM, 20-May-2026,39.0,37.05,38.0,36.25,38.0,38.0,37.12,4000,1.48,5,3200.0, 80.00,2026-05-20
KMEW, EQ, 20-May-2026,2010.2,2000.0,2087.0,1925.0,2068.0,2070.9,2020.55,114536,2314.26,10501,36517.0, 31.88,2026-05-20
KMSUGAR, EQ, 20-May-2026,27.93,28.2,28.7,27.52,28.03,27.83,28.11,107388,30.19,967,53243.0, 49.58,2026-05-20
KNAGRI, EQ, 20-May-2026,198.96,202.8,202.8,192.64,199.76,198.48,197.07,17116,33.73,2101,1478.0, 8.64,2026-05-20
KNRCON, EQ, 20-May-2026,126.76,125.7,129.34,125.32,128.0,128.17,127.78,946155,1209.04,11576,427938.0, 45.23,2026-05-20
KODYTECH, ST, 20-May-2026,866.9,854.05,878.0,854.05,878.0,878.0,862.92,2200,18.98,15,2200.0, 100.00,2026-05-20
KOHINOOR, EQ, 20-May-2026,25.01,24.2,25.17,24.2,24.81,24.9,24.85,51232,12.73,1499,10145.0, 19.80,2026-05-20
KOKUYOCMLN, EQ, 20-May-2026,85.25,85.81,87.35,85.8,86.03,86.16,86.49,24633,21.31,960,12156.0, 49.35,2026-05-20
KOLTEPATIL, EQ, 20-May-2026,387.1,382.0,395.95,371.0,385.5,388.05,389.93,47039,183.42,1958,23219.0, 49.36,2026-05-20
KONSTELEC, ST, 20-May-2026,36.8,35.05,35.6,35.05,35.5,35.5,35.38,3000,1.06,3,3000.0, 100.00,2026-05-20
KONTOR, SM, 20-May-2026,65.75,67.0,78.9,67.0,69.25,72.25,75.1,19200,14.42,29,14400.0, 75.00,2026-05-20
KOPRAN, EQ, 20-May-2026,172.24,169.7,174.25,166.2,168.0,167.17,169.78,1268030,2152.86,15228,473062.0, 37.31,2026-05-20
KORE, SM, 20-May-2026,129.1,122.65,122.65,122.65,122.65,122.65,122.65,500,0.61,2,500.0, 100.00,2026-05-20
KOTAKBANK, EQ, 20-May-2026,381.95,376.3,384.05,376.3,383.0,383.2,381.44,12342444,47079.05,213408,7738739.0, 62.70,2026-05-20
KOTARISUG, EQ, 20-May-2026,25.13,25.29,25.79,25.0,25.19,25.08,25.29,46806,11.84,418,18535.0, 39.60,2026-05-20
KOTHARIPET, EQ, 20-May-2026,129.32,129.6,131.5,126.06,127.49,126.66,128.03,59793,76.55,1302,34054.0, 56.95,2026-05-20
KOTHARIPRO, EQ, 20-May-2026,72.7,72.7,73.9,71.31,73.78,73.15,72.98,2446,1.79,82,1880.0, 76.86,2026-05-20
KOTIC, EQ, 20-May-2026,165.0,165.0,173.95,165.0,166.02,169.12,168.51,2713,4.57,214,1404.0, 51.75,2026-05-20
KOTYARK, EQ, 20-May-2026,449.0,455.75,460.1,445.0,455.5,456.1,455.53,113075,515.09,1950,41895.0, 37.05,2026-05-20
KOVAI, EQ, 20-May-2026,5342.0,5342.0,5384.5,5296.5,5357.0,5339.0,5334.54,1254,66.9,558,824.0, 65.71,2026-05-20
KPEL, EQ, 20-May-2026,356.25,353.0,359.2,345.6,357.05,356.25,351.91,221065,777.96,5791,111739.0, 50.55,2026-05-20
KPIGREEN, EQ, 20-May-2026,438.0,433.0,436.7,426.35,434.05,433.7,432.16,690038,2982.04,15262,230343.0, 33.38,2026-05-20
KPIL, EQ, 20-May-2026,1251.5,1241.2,1258.0,1232.1,1244.2,1243.4,1245.67,62280,775.81,13194,35636.0, 57.22,2026-05-20
KPITTECH, EQ, 20-May-2026,743.7,745.05,760.9,741.5,750.6,750.8,751.78,3194714,24017.14,65539,1195172.0, 37.41,2026-05-20
KPL, EQ, 20-May-2026,2000.7,2099.9,2210.0,1980.0,2075.0,2055.9,2119.39,259354,5496.72,22232,71262.0, 27.48,2026-05-20
KPRMILL, EQ, 20-May-2026,956.65,959.0,960.8,945.0,958.55,958.55,954.25,121297,1157.47,9253,60100.0, 49.55,2026-05-20
KRBL, EQ, 20-May-2026,333.2,333.0,334.8,325.2,331.45,329.95,329.2,584415,1923.89,13155,266954.0, 45.68,2026-05-20
KREBSBIO, EQ, 20-May-2026,57.91,57.91,57.91,55.02,56.38,55.16,55.6,16230,9.02,168,11752.0, 72.41,2026-05-20
KRIDHANINF, EQ, 20-May-2026,2.91,2.99,3.05,2.91,3.05,3.05,3.03,104921,3.18,115,71623.0, 68.26,2026-05-20
KRISHANA, EQ, 20-May-2026,681.7,676.0,688.9,667.95,687.5,684.35,683.23,119154,814.09,3629,54968.0, 46.13,2026-05-20
KRISHCA, SM, 20-May-2026,182.55,187.0,188.0,181.0,187.0,187.0,186.79,25500,47.63,27,16000.0, 62.75,2026-05-20
KRISHIVAL, EQ, 20-May-2026,379.85,379.9,379.9,376.8,376.8,377.75,378.46,4717,17.85,140,4273.0, 90.59,2026-05-20
KRISHNADEF, EQ, 20-May-2026,1171.6,1171.6,1227.9,1153.3,1193.5,1188.0,1202.31,237743,2858.41,21119,80579.0, 33.89,2026-05-20
KRISHPP, E1, 20-May-2026,115.0,115.0,115.0,115.0,115.0,115.0,115.0,42,0.05,1,42.0, 100.00,2026-05-20
KRITI, BE, 20-May-2026,69.39,71.0,71.58,67.61,70.0,70.19,69.67,11624,8.1,88,, -,2026-05-20
KRITIKA, EQ, 20-May-2026,5.95,6.07,6.07,5.8,5.92,5.87,5.92,101689,6.02,433,82058.0, 80.70,2026-05-20
KRITINUT, BE, 20-May-2026,80.36,81.83,84.37,76.35,84.37,84.06,79.41,32703,25.97,225,, -,2026-05-20
KRMAYURVED, ST, 20-May-2026,241.55,246.0,248.9,238.0,241.0,241.35,241.96,24000,58.07,24,23000.0, 95.83,2026-05-20
KRN, BE, 20-May-2026,1039.7,987.8,1080.0,987.8,1055.0,1045.8,1031.32,429143,4425.85,14486,, -,2026-05-20
KRONOX, EQ, 20-May-2026,132.03,135.0,135.0,130.15,133.2,132.14,131.71,17763,23.4,508,11368.0, 64.00,2026-05-20
KROSS, EQ, 20-May-2026,191.39,188.99,192.0,186.69,191.0,191.0,189.64,185607,351.98,3920,62188.0, 33.51,2026-05-20
KRSNAA, EQ, 20-May-2026,566.3,563.0,570.0,561.0,567.0,562.8,564.8,19353,109.3,2298,10446.0, 53.98,2026-05-20
KRT, RR, 20-May-2026,116.84,116.6,117.76,116.2,116.72,117.39,116.91,204955,239.6,7184,144607.0, 70.56,2026-05-20
KRYSTAL, EQ, 20-May-2026,581.4,583.9,586.45,575.75,584.0,581.4,583.11,7337,42.78,290,4010.0, 54.65,2026-05-20
KSB, EQ, 20-May-2026,837.2,837.8,843.2,823.0,826.75,827.8,828.98,69202,573.67,7922,25016.0, 36.15,2026-05-20
KSCL, EQ, 20-May-2026,951.35,955.0,955.0,940.65,948.0,949.15,948.48,52466,497.63,3544,31080.0, 59.24,2026-05-20
KSHINTL, EQ, 20-May-2026,622.85,623.95,674.0,619.1,657.45,653.9,655.54,573989,3762.73,21928,183506.0, 31.97,2026-05-20
KSHITIJPOL, BE, 20-May-2026,3.92,3.75,3.99,3.73,3.92,3.86,3.81,579658,22.1,664,, -,2026-05-20
KSL, EQ, 20-May-2026,821.85,812.05,827.3,807.3,810.65,818.2,820.21,21178,173.7,1927,10698.0, 50.51,2026-05-20
KSOLVES, EQ, 20-May-2026,282.35,280.0,282.45,276.05,277.7,278.15,279.58,31910,89.21,1413,17910.0, 56.13,2026-05-20
KSR, BE, 20-May-2026,35.96,36.59,37.4,35.25,35.25,36.57,36.63,5379,1.97,32,, -,2026-05-20
KTKBANK, EQ, 20-May-2026,247.75,255.4,271.4,252.1,264.0,263.8,262.55,20166345,52946.26,140947,4489419.0, 22.26,2026-05-20
KUANTUM, EQ, 20-May-2026,77.1,76.1,78.18,76.1,77.36,77.0,77.28,29439,22.75,687,18925.0, 64.29,2026-05-20
KWIL, EQ, 20-May-2026,26.68,26.7,26.8,26.05,26.3,26.35,26.35,8429050,2221.23,22406,4118356.0, 48.86,2026-05-20
LAGNAM, EQ, 20-May-2026,81.7,78.5,81.0,77.15,79.56,79.57,79.11,21433,16.96,411,12882.0, 60.10,2026-05-20
LAHOTIOV, EQ, 20-May-2026,42.57,41.21,43.75,34.06,42.42,42.45,39.61,27661,10.96,154,13789.0, 49.85,2026-05-20
LAKPRE, BZ, 20-May-2026,6.32,6.55,6.55,6.01,6.21,6.21,6.25,1432,0.09,12,, -,2026-05-20
LAKSHYA, ST, 20-May-2026,135.0,132.05,133.0,132.05,133.0,133.0,132.37,2400,3.18,3,2400.0, 100.00,2026-05-20
LAL, EQ, 20-May-2026,7.07,7.07,7.12,6.77,7.07,7.02,7.01,6764,0.47,96,5539.0, 81.89,2026-05-20
LALPATHLAB, EQ, 20-May-2026,1703.7,1703.6,1707.0,1647.1,1670.0,1668.6,1673.11,221584,3707.34,22904,79367.0, 35.82,2026-05-20
LAMBODHARA, EQ, 20-May-2026,101.39,102.1,103.44,100.1,100.99,101.32,101.71,5845,5.95,172,3875.0, 66.30,2026-05-20
LAMOSAIC, SM, 20-May-2026,27.95,30.3,32.65,26.0,26.0,27.3,29.31,110400,32.35,99,64200.0, 58.15,2026-05-20
LANCORHOL, EQ, 20-May-2026,24.13,24.3,24.93,24.0,24.42,24.42,24.25,26824,6.5,42,20916.0, 77.97,2026-05-20
LANDMARK, EQ, 20-May-2026,366.5,366.5,366.55,359.0,360.0,361.25,362.84,57737,209.49,2240,31863.0, 55.19,2026-05-20
LANDSMILL, EQ, 20-May-2026,0.82,0.83,0.92,0.82,0.91,0.9,0.89,4593614,40.95,1461,2506432.0, 54.56,2026-05-20
LAOPALA, EQ, 20-May-2026,171.8,171.8,171.8,166.82,168.9,168.33,168.39,93071,156.72,4068,58882.0, 63.27,2026-05-20
LASA, EQ, 20-May-2026,7.98,8.32,8.32,7.72,8.17,8.17,8.08,11714,0.95,95,7432.0, 63.45,2026-05-20
LATENTVIEW, EQ, 20-May-2026,325.25,325.85,330.85,316.2,317.8,317.95,324.36,1330410,4315.35,27052,379107.0, 28.50,2026-05-20
LATTEYS, BE, 20-May-2026,23.43,23.25,24.45,22.9,24.0,23.71,24.08,46457,11.19,238,, -,2026-05-20
LAURUSLABS, EQ, 20-May-2026,1344.9,1339.0,1363.4,1335.6,1360.0,1361.1,1355.98,2103500,28522.98,59560,1194043.0, 56.76,2026-05-20
LAXMICOT, BE, 20-May-2026,13.74,14.39,14.39,13.74,14.38,14.37,14.35,4022,0.58,19,, -,2026-05-20
LAXMIDENTL, EQ, 20-May-2026,204.24,201.6,205.69,200.37,203.7,203.03,202.77,47708,96.74,1567,18003.0, 37.74,2026-05-20
LAXMIINDIA, BE, 20-May-2026,116.33,113.33,117.0,113.33,116.9,116.77,116.02,31629,36.7,257,, -,2026-05-20
LCCINFOTEC, BE, 20-May-2026,4.57,4.35,4.79,4.35,4.79,4.5,4.47,5962,0.27,22,, -,2026-05-20
LEMERITE, EQ, 20-May-2026,448.4,444.5,469.7,358.75,427.0,416.95,386.43,1018160,3934.45,12457,497524.0, 48.87,2026-05-20
LEMONTREE, EQ, 20-May-2026,111.01,110.0,111.35,108.8,111.2,111.14,110.13,1518973,1672.85,13980,736239.0, 48.47,2026-05-20
LENSKART, EQ, 20-May-2026,492.7,488.05,494.0,480.5,484.0,486.85,488.78,10836077,52964.63,117610,5440877.0, 50.21,2026-05-20
LEXUS, EQ, 20-May-2026,18.75,19.0,19.0,18.25,18.25,18.39,18.65,10732,2.0,43,9877.0, 92.03,2026-05-20
LFIC, EQ, 20-May-2026,138.28,136.7,138.0,135.0,137.5,137.48,137.06,1418,1.94,44,1060.0, 74.75,2026-05-20
LGBBROSLTD, EQ, 20-May-2026,1556.1,1545.0,1555.0,1519.7,1539.0,1545.2,1538.89,30716,472.69,3190,13853.0, 45.10,2026-05-20
LGEINDIA, EQ, 20-May-2026,1512.0,1512.0,1537.8,1496.0,1524.0,1523.9,1520.35,473402,7197.37,40354,253079.0, 53.46,2026-05-20
LGHL, EQ, 20-May-2026,235.4,235.4,240.0,225.6,226.7,231.25,235.63,58388,137.58,988,16762.0, 28.71,2026-05-20
LIBAS, EQ, 20-May-2026,12.29,12.45,12.48,12.22,12.48,12.46,12.43,43020,5.35,137,42970.0, 99.88,2026-05-20
LIBERTSHOE, EQ, 20-May-2026,237.8,236.8,240.0,232.0,239.9,237.75,236.33,9835,23.24,510,5015.0, 50.99,2026-05-20
LICHSGFIN, EQ, 20-May-2026,543.0,540.0,547.95,535.3,547.5,546.8,542.03,1270072,6884.14,20219,648600.0, 51.07,2026-05-20
LICI, EQ, 20-May-2026,803.5,802.8,807.6,796.3,803.6,800.55,801.45,1569395,12577.96,44402,877368.0, 55.90,2026-05-20
LICMFGOLD, EQ, 20-May-2026,141.95,141.4,141.95,140.4,141.45,141.45,141.39,52088,73.65,621,33872.0, 65.03,2026-05-20
LICNETFGSC, EQ, 20-May-2026,28.54,28.8,28.8,28.36,28.5,28.36,28.42,5463,1.55,87,4664.0, 85.37,2026-05-20
LICNETFN50, EQ, 20-May-2026,263.82,262.67,263.79,261.22,263.79,263.79,261.41,878,2.3,15,807.0, 91.91,2026-05-20
LICNETFSEN, EQ, 20-May-2026,847.11,835.33,844.91,835.33,844.91,844.91,840.21,39,0.33,6,26.0, 66.67,2026-05-20
LICNFNHGP, EQ, 20-May-2026,268.56,266.09,268.95,265.45,268.95,268.68,266.95,127,0.34,19,90.0, 70.87,2026-05-20
LICNMID100, EQ, 20-May-2026,61.64,61.03,61.87,60.65,61.4,61.44,61.45,2195,1.35,80,1996.0, 90.93,2026-05-20
LIKHITHA, BE, 20-May-2026,196.59,194.62,199.89,192.0,199.7,198.13,194.99,14132,27.56,332,, -,2026-05-20
LINC, EQ, 20-May-2026,96.92,95.7,98.0,95.7,97.98,97.97,97.48,10681,10.41,240,5856.0, 54.83,2026-05-20
LINCOLN, EQ, 20-May-2026,710.35,714.65,714.65,702.0,710.8,705.2,708.39,59066,418.41,2623,29113.0, 49.29,2026-05-20
LINDEINDIA, EQ, 20-May-2026,7377.5,7365.0,7399.0,7220.0,7264.0,7256.5,7266.31,34224,2486.82,6374,20140.0, 58.85,2026-05-20
LIQGRWBEES, EQ, 20-May-2026,1039.92,1040.04,1040.06,1040.04,1040.06,1040.05,1040.05,21418,222.76,130,14241.0, 66.49,2026-05-20
LIQUID, EQ, 20-May-2026,999.99,999.99,1000.0,999.99,1000.0,999.99,1000.0,92241,922.41,128,78509.0, 85.11,2026-05-20
LIQUID1, EQ, 20-May-2026,1104.86,1104.9,1105.03,1104.9,1105.01,1105.01,1105.02,880427,9728.9,475,549003.0, 62.36,2026-05-20
LIQUIDADD, EQ, 20-May-2026,1127.03,1127.18,1127.2,1127.18,1127.2,1127.19,1127.2,488987,5511.85,459,485068.0, 99.20,2026-05-20
LIQUIDBEES, EQ, 20-May-2026,999.99,1000.0,1000.01,999.99,1000.01,999.99,1000.0,2812289,28122.8,4246,2036547.0, 72.42,2026-05-20
LIQUIDBETF, EQ, 20-May-2026,1082.09,1082.21,1082.23,1082.21,1082.22,1082.22,1082.22,40599,439.37,76,27361.0, 67.39,2026-05-20
LIQUIDCASE, EQ, 20-May-2026,114.12,114.15,114.15,114.13,114.15,114.14,114.14,13971166,15946.48,11830,10352228.0, 74.10,2026-05-20
LIQUIDETF, EQ, 20-May-2026,1000.0,999.99,1000.01,999.99,999.99,1000.0,1000.0,98536,985.36,152,75156.0, 76.27,2026-05-20
LIQUIDIETF, EQ, 20-May-2026,999.99,1000.0,1000.01,999.99,999.99,999.99,1000.0,715283,7152.82,194,547677.0, 76.57,2026-05-20
LIQUIDPLUS, EQ, 20-May-2026,1085.9,1086.04,1086.06,1086.04,1086.06,1086.05,1086.06,234488,2546.67,230,189180.0, 80.68,2026-05-20
LIQUIDSBI, EQ, 20-May-2026,999.99,1000.0,1000.01,999.99,1000.01,1000.0,1000.0,5165,51.65,18,5140.0, 99.52,2026-05-20
LIQUIDSHRI, EQ, 20-May-2026,1104.86,1105.0,1105.02,1105.0,1105.0,1105.0,1105.0,2676,29.57,21,2501.0, 93.46,2026-05-20
LLOYDSENGG, EQ, 20-May-2026,68.44,68.44,68.51,67.11,68.0,67.8,67.81,4484918,3041.36,23438,1453372.0, 32.41,2026-05-20
LLOYDSENT, EQ, 20-May-2026,68.51,68.1,69.99,67.46,69.99,69.6,69.11,1329333,918.68,8162,668847.0, 50.31,2026-05-20
LLOYDSME, EQ, 20-May-2026,1664.5,1665.0,1678.8,1636.1,1652.1,1654.9,1656.19,225391,3732.89,14778,92007.0, 40.82,2026-05-20
LMW, EQ, 20-May-2026,14642.0,14525.0,14553.0,14330.0,14400.0,14395.0,14404.21,1749,251.93,467,1202.0, 68.72,2026-05-20
LODHA, EQ, 20-May-2026,892.2,883.35,884.3,856.1,882.65,880.0,870.63,3575772,31131.58,52936,1770125.0, 49.50,2026-05-20
LOKESHMACH, BE, 20-May-2026,243.21,242.0,246.6,241.0,244.0,244.0,244.25,10100,24.67,89,, -,2026-05-20
LORDSCHLO, EQ, 20-May-2026,138.12,135.9,140.65,132.92,139.99,137.07,137.23,27606,37.88,1332,4269.0, 15.46,2026-05-20
LOTUSDEV, EQ, 20-May-2026,138.67,138.0,138.67,136.65,137.0,137.06,137.51,163458,224.78,2101,98373.0, 60.18,2026-05-20
LOTUSEYE, EQ, 20-May-2026,108.61,109.6,110.0,105.55,110.0,109.22,108.09,2628,2.84,126,1630.0, 62.02,2026-05-20
LOVABLE, EQ, 20-May-2026,71.17,71.0,73.0,71.0,71.37,71.67,71.74,6399,4.59,182,3279.0, 51.24,2026-05-20
LOWVOL, EQ, 20-May-2026,200.84,199.79,200.63,199.79,200.63,200.63,200.15,579,1.16,5,579.0, 100.00,2026-05-20
LOWVOL1, EQ, 20-May-2026,20.59,20.5,20.57,20.01,20.4,20.42,20.47,1369244,280.31,283,998820.0, 72.95,2026-05-20
LOWVOLIETF, EQ, 20-May-2026,21.49,21.48,21.51,21.31,21.45,21.46,21.44,4541309,973.87,1203,4022084.0, 88.57,2026-05-20
LOYALTEX, BE, 20-May-2026,221.25,225.1,225.1,224.0,225.1,225.1,225.0,90,0.2,7,, -,2026-05-20
LPDC, EQ, 20-May-2026,6.67,6.8,7.0,6.5,7.0,6.99,6.92,79202,5.48,125,65265.0, 82.40,2026-05-20
LRRPL, SM, 20-May-2026,87.15,88.0,91.5,88.0,91.5,91.5,90.94,54000,49.11,21,54000.0, 100.00,2026-05-20
LT, EQ, 20-May-2026,3921.0,3901.6,3943.5,3883.1,3912.0,3910.7,3917.87,1972259,77270.53,144367,1212852.0, 61.50,2026-05-20
LTF, EQ, 20-May-2026,277.95,275.05,276.6,271.85,275.95,275.65,274.19,4150742,11381.13,48431,1646682.0, 39.67,2026-05-20
LTFOODS, EQ, 20-May-2026,411.65,409.25,410.3,398.6,402.5,403.9,402.41,318317,1280.94,12916,134294.0, 42.19,2026-05-20
LTGILTBEES, EQ, 20-May-2026,29.01,28.71,29.06,28.71,29.03,29.02,29.0,1593595,462.2,636,1302088.0, 81.71,2026-05-20
LTGILTCASE, EQ, 20-May-2026,29.57,29.95,29.95,29.06,29.55,29.59,29.57,213502,63.12,185,178972.0, 83.83,2026-05-20
LTM, EQ, 20-May-2026,4254.8,4254.8,4259.4,4122.2,4144.9,4143.0,4164.95,628120,26160.87,38763,325972.0, 51.90,2026-05-20
LTTS, EQ, 20-May-2026,3554.6,3531.0,3657.9,3531.0,3580.2,3580.6,3588.83,102480,3677.83,14603,45015.0, 43.93,2026-05-20
LUMAXIND, EQ, 20-May-2026,5257.5,5215.0,5499.0,5132.0,5458.0,5364.0,5272.58,14080,742.38,3137,4817.0, 34.21,2026-05-20
LUMAXTECH, EQ, 20-May-2026,1626.1,1617.0,1659.9,1588.8,1659.9,1649.8,1634.17,100431,1641.21,11144,38790.0, 38.62,2026-05-20
LUPIN, EQ, 20-May-2026,2287.4,2275.1,2309.6,2264.8,2282.8,2285.5,2289.17,1189737,27235.15,50288,651518.0, 54.76,2026-05-20
LUXIND, EQ, 20-May-2026,1384.8,1375.0,1380.0,1336.0,1360.0,1361.1,1359.31,35131,477.54,2737,17345.0, 49.37,2026-05-20
LXCHEM, EQ, 20-May-2026,156.74,156.45,163.5,153.66,159.0,158.48,159.74,1046602,1671.82,12501,419847.0, 40.12,2026-05-20
LYKALABS, EQ, 20-May-2026,59.74,60.99,62.2,60.06,60.52,60.67,61.17,15273,9.34,113,7697.0, 50.40,2026-05-20
LYPSAGEMS, EQ, 20-May-2026,5.07,5.15,5.15,4.71,4.95,4.98,4.87,43324,2.11,363,21972.0, 50.72,2026-05-20
M&M, EQ, 20-May-2026,3092.3,3078.0,3142.8,3033.0,3119.9,3122.2,3101.7,2330606,72288.42,128922,1171161.0, 50.25,2026-05-20
M&MFIN, EQ, 20-May-2026,319.65,318.0,319.2,308.0,308.6,309.0,311.41,1342084,4179.43,25753,735795.0, 54.82,2026-05-20
M&MFIN, N3, 20-May-2026,2343.95,2342.9,2342.9,2341.4,2341.4,2341.4,2342.76,11,0.26,2,11.0, 100.00,2026-05-20
MAANALU, EQ, 20-May-2026,136.69,136.25,143.88,134.25,140.45,139.65,140.48,120724,169.59,2492,40635.0, 33.66,2026-05-20
MACOBSTECH, SM, 20-May-2026,230.5,228.0,228.0,228.0,228.0,228.0,228.0,1600,3.65,1,1600.0, 100.00,2026-05-20
MACPOWER, EQ, 20-May-2026,1130.1,1125.0,1193.8,1111.7,1164.0,1160.6,1159.15,13919,161.34,1669,6778.0, 48.70,2026-05-20
MADHAV, EQ, 20-May-2026,36.2,36.2,37.49,36.0,36.25,36.31,36.22,3051,1.11,50,1513.0, 49.59,2026-05-20
MADHAVBAUG, SM, 20-May-2026,190.6,195.65,198.0,189.0,190.05,190.0,190.64,22000,41.94,47,18000.0, 81.82,2026-05-20
MADHAVIPL, EQ, 20-May-2026,8.38,8.28,8.69,8.28,8.47,8.37,8.46,115601,9.77,420,75854.0, 65.62,2026-05-20
MADHUCON, EQ, 20-May-2026,5.82,5.82,6.11,5.61,6.02,6.02,5.9,38378,2.26,210,34047.0, 88.71,2026-05-20
MADHUSUDAN, SM, 20-May-2026,160.5,164.9,168.0,164.9,167.95,167.95,166.5,10000,16.65,10,10000.0, 100.00,2026-05-20
MADRASFERT, EQ, 20-May-2026,66.63,66.0,66.76,65.7,65.91,66.25,66.19,31892,21.11,683,15861.0, 49.73,2026-05-20
MAFANG, EQ, 20-May-2026,194.8,193.95,193.95,193.95,193.95,193.95,193.95,139542,270.64,1755,137991.0, 98.89,2026-05-20
MAFATIND, EQ, 20-May-2026,127.08,128.0,128.2,124.5,125.21,127.09,126.43,16244,20.54,528,9379.0, 57.74,2026-05-20
MAGADSUGAR, EQ, 20-May-2026,470.15,465.45,486.05,465.4,476.5,479.75,479.12,11084,53.11,915,4076.0, 36.77,2026-05-20
MAGNUM, EQ, 20-May-2026,19.71,20.45,20.69,19.51,20.69,20.56,19.91,421554,83.91,128,417680.0, 99.08,2026-05-20
MAGSON, ST, 20-May-2026,177.0,174.0,181.0,174.0,179.0,179.0,179.17,6000,10.75,6,6000.0, 100.00,2026-05-20
MAHABANK, EQ, 20-May-2026,78.34,78.0,78.99,77.09,78.7,78.75,78.08,7838024,6120.16,33948,2534409.0, 32.33,2026-05-20
MAHAPEXLTD, EQ, 20-May-2026,48.29,48.95,48.95,47.1,48.5,48.1,48.01,15549,7.47,337,11123.0, 71.54,2026-05-20
MAHASTEEL, BE, 20-May-2026,793.6,793.6,794.95,756.7,768.5,779.1,770.42,3840,29.58,170,, -,2026-05-20
MAHEPC, EQ, 20-May-2026,118.62,116.81,120.2,116.81,119.69,119.14,118.86,15402,18.31,356,9144.0, 59.37,2026-05-20
MAHESHWARI, EQ, 20-May-2026,54.95,54.06,56.0,53.0,55.8,55.79,54.56,20377,11.12,255,15815.0, 77.61,2026-05-20
MAHICKRA, ST, 20-May-2026,239.6,245.0,245.0,245.0,245.0,245.0,245.0,750,1.84,1,750.0, 100.00,2026-05-20
MAHKTECH, EQ, 20-May-2026,24.34,23.97,23.97,23.97,23.97,23.97,23.97,203826,48.86,329,203826.0, 100.00,2026-05-20
MAHLIFE, EQ, 20-May-2026,328.9,326.0,331.85,325.0,327.55,326.7,327.8,87552,287.0,5569,48044.0, 54.87,2026-05-20
MAHLOG, EQ, 20-May-2026,356.1,352.1,355.2,349.8,355.0,354.5,353.37,69182,244.47,3799,34438.0, 49.78,2026-05-20
MAHSCOOTER, EQ, 20-May-2026,11507.0,11400.0,11590.0,11250.0,11530.0,11510.0,11493.85,2748,315.85,1168,1468.0, 53.42,2026-05-20
MAHSEAMLES, EQ, 20-May-2026,635.25,630.0,643.2,623.0,641.05,640.7,634.93,74691,474.23,6338,41449.0, 55.49,2026-05-20
MAITHANALL, EQ, 20-May-2026,961.55,961.55,965.0,949.2,962.4,961.65,959.03,19021,182.42,1919,9354.0, 49.18,2026-05-20
MAJESAUT, EQ, 20-May-2026,300.2,300.2,309.55,300.0,308.0,304.3,306.05,1810,5.54,83,1511.0, 83.48,2026-05-20
MAKEINDIA, EQ, 20-May-2026,158.27,163.02,163.02,157.0,159.2,159.51,158.56,19531,30.97,279,13574.0, 69.50,2026-05-20
MAKS, SM, 20-May-2026,27.3,26.0,26.0,26.0,26.0,26.0,26.0,1500,0.39,1,1500.0, 100.00,2026-05-20
MAL, SM, 20-May-2026,39.05,37.2,37.2,37.2,37.2,37.2,37.2,3200,1.19,2,3200.0, 100.00,2026-05-20
MALLCOM, EQ, 20-May-2026,1005.2,1005.2,1036.1,1005.2,1029.9,1032.7,1025.9,1118,11.47,154,715.0, 63.95,2026-05-20
MALUPAPER, EQ, 20-May-2026,32.92,32.8,33.13,32.1,32.1,32.12,32.21,590,0.19,42,567.0, 96.10,2026-05-20
MAMATA, EQ, 20-May-2026,405.3,400.25,404.0,394.9,400.0,400.8,400.07,87454,349.88,2949,40828.0, 46.69,2026-05-20
MANAKALUCO, EQ, 20-May-2026,34.06,34.14,34.14,33.04,33.21,33.25,33.43,28169,9.42,289,19872.0, 70.55,2026-05-20
MANAKCOAT, EQ, 20-May-2026,99.3,98.01,100.46,96.82,99.26,99.57,98.84,104081,102.88,1454,59349.0, 57.02,2026-05-20
MANAKSIA, EQ, 20-May-2026,57.77,56.65,59.77,56.65,59.68,59.2,58.72,11134,6.54,433,6648.0, 59.71,2026-05-20
MANAKSTEEL, BE, 20-May-2026,62.97,62.0,64.3,60.65,64.3,64.07,63.43,6053,3.84,85,, -,2026-05-20
MANALIPETC, EQ, 20-May-2026,57.23,56.6,57.24,56.05,56.5,56.38,56.66,155325,88.01,1558,100989.0, 65.02,2026-05-20
MANAPPURAM, EQ, 20-May-2026,315.3,313.0,323.8,311.4,319.45,319.15,318.83,4971139,15849.53,42693,1695531.0, 34.11,2026-05-20
MANBA, EQ, 20-May-2026,108.33,108.75,108.8,105.0,106.1,106.51,106.31,45362,48.23,605,13520.0, 29.80,2026-05-20
MANCREDIT, EQ, 20-May-2026,168.98,168.11,170.0,167.81,169.51,169.57,169.41,27275,46.21,371,14567.0, 53.41,2026-05-20
MANDEEP, SM, 20-May-2026,20.5,21.45,21.5,21.45,21.5,21.5,21.46,24000,5.15,7,24000.0, 100.00,2026-05-20
MANGALAM, BE, 20-May-2026,29.77,28.75,31.2,28.61,31.15,30.76,29.96,15966,4.78,112,, -,2026-05-20
MANGLMCEM, EQ, 20-May-2026,825.05,827.0,829.95,788.3,794.0,798.7,807.45,163239,1318.07,5440,121995.0, 74.73,2026-05-20
MANILAM, SM, 20-May-2026,62.0,60.1,62.0,60.0,62.0,62.0,61.16,16000,9.79,7,12000.0, 75.00,2026-05-20
MANINDS, EQ, 20-May-2026,565.45,575.0,603.0,562.2,593.15,592.55,581.91,2290279,13327.45,44596,872429.0, 38.09,2026-05-20
MANINFRA, EQ, 20-May-2026,119.94,120.16,122.95,119.07,120.0,119.82,120.95,2690195,3253.73,8611,545388.0, 20.27,2026-05-20
MANKIND, EQ, 20-May-2026,2492.6,2501.0,2625.0,2500.0,2580.9,2583.9,2565.43,4089986,104925.77,180287,1061305.0, 25.95,2026-05-20
MANOMAY, EQ, 20-May-2026,177.78,177.75,179.02,176.45,177.99,177.72,177.95,7272,12.94,218,3720.0, 51.16,2026-05-20
MANORAMA, EQ, 20-May-2026,1371.4,1365.0,1392.4,1346.2,1388.0,1386.3,1362.61,95098,1295.81,7203,46688.0, 49.09,2026-05-20
MANORG, BE, 20-May-2026,556.4,553.65,575.0,553.65,570.0,570.75,569.68,916,5.22,75,, -,2026-05-20
MANUFGBEES, EQ, 20-May-2026,156.87,158.96,158.96,154.72,157.5,157.59,156.03,1194,1.86,88,1183.0, 99.08,2026-05-20
MANUGRAPH, EQ, 20-May-2026,13.48,14.4,14.82,14.4,14.82,14.82,14.74,26021,3.83,77,24658.0, 94.76,2026-05-20
MANYAVAR, EQ, 20-May-2026,431.95,434.8,434.8,409.45,416.0,415.05,415.71,460734,1915.31,18782,250047.0, 54.27,2026-05-20
MAPMYINDIA, EQ, 20-May-2026,966.6,980.0,1014.95,905.0,910.0,911.95,944.3,1330877,12567.49,69515,316691.0, 23.80,2026-05-20
MARALOVER, BE, 20-May-2026,54.05,53.1,55.4,53.1,54.0,54.36,54.38,6776,3.68,77,, -,2026-05-20
MARATHON, EQ, 20-May-2026,485.25,476.95,499.9,476.35,490.0,495.3,489.72,28373,138.95,1085,20779.0, 73.24,2026-05-20
MARC, ST, 20-May-2026,91.0,91.0,91.0,90.0,90.9,90.9,90.5,4800,4.34,4,4800.0, 100.00,2026-05-20
MARCO, SM, 20-May-2026,35.2,35.4,35.4,35.4,35.4,35.4,35.4,4500,1.59,3,4500.0, 100.00,2026-05-20
MARICO, EQ, 20-May-2026,831.45,828.2,840.0,822.0,840.0,838.45,834.21,1973862,16466.22,63967,1332146.0, 67.49,2026-05-20
MARINE, EQ, 20-May-2026,222.05,218.1,231.88,218.1,224.5,224.65,226.13,405461,916.85,6366,167763.0, 41.38,2026-05-20
MARKOLINES, EQ, 20-May-2026,163.5,164.02,166.5,161.45,162.4,162.02,163.98,352561,578.12,2345,69240.0, 19.64,2026-05-20
MARKSANS, EQ, 20-May-2026,217.3,215.95,223.76,212.11,217.6,217.42,219.58,2026979,4450.84,26153,661681.0, 32.64,2026-05-20
MARSONS, EQ, 20-May-2026,145.8,145.41,153.63,143.25,150.1,150.8,150.77,1088566,1641.24,9126,177913.0, 16.34,2026-05-20
MARUSHIKA, SM, 20-May-2026,90.6,89.95,90.0,89.95,90.0,90.0,89.98,3600,3.24,3,3600.0, 100.00,2026-05-20
MARUTI, EQ, 20-May-2026,12956.0,12850.0,13072.0,12753.0,13004.0,13003.0,12946.83,300695,38930.46,48239,137200.0, 45.63,2026-05-20
MASFIN, EQ, 20-May-2026,312.6,314.15,314.15,306.0,308.55,309.7,309.08,60082,185.7,3833,28776.0, 47.89,2026-05-20
MASKINVEST, BE, 20-May-2026,148.99,148.99,148.99,148.0,148.99,148.99,148.63,11,0.02,5,, -,2026-05-20
MASON, SM, 20-May-2026,130.0,130.55,132.0,130.55,132.0,132.0,131.39,2000,2.63,3,2000.0, 100.00,2026-05-20
MASPTOP50, EQ, 20-May-2026,81.97,82.24,82.24,82.23,82.24,82.24,82.24,186080,153.03,1235,176458.0, 94.83,2026-05-20
MASTEK, EQ, 20-May-2026,1660.9,1656.0,1671.1,1612.3,1612.3,1619.3,1639.18,33423,547.86,5817,13023.0, 38.96,2026-05-20
MASTER, SM, 20-May-2026,350.9,340.0,340.0,339.5,340.0,340.0,339.97,7500,25.5,14,7000.0, 93.33,2026-05-20
MASTERTR, EQ, 20-May-2026,91.68,91.23,93.85,91.02,92.5,92.69,92.05,136831,125.96,1057,19852.0, 14.51,2026-05-20
MATRIMONY, EQ, 20-May-2026,420.45,418.1,427.0,418.1,427.0,422.05,420.84,10113,42.56,270,8484.0, 83.89,2026-05-20
MAWANASUG, BE, 20-May-2026,102.29,102.0,104.0,100.7,103.0,103.0,103.12,30732,31.69,189,, -,2026-05-20
MAXESTATES, EQ, 20-May-2026,405.9,403.25,407.5,394.6,406.0,406.0,401.95,55347,222.47,1982,34832.0, 62.93,2026-05-20
MAXHEALTH, EQ, 20-May-2026,1068.75,1060.05,1080.0,1052.75,1076.95,1075.7,1068.99,1767607,18895.62,63619,1140870.0, 64.54,2026-05-20
MAXIND, EQ, 20-May-2026,156.69,156.51,158.38,152.46,154.35,155.46,155.75,29284,45.61,1848,12674.0, 43.28,2026-05-20
MAXPOSURE, SM, 20-May-2026,37.95,38.7,39.0,38.7,39.0,39.0,38.78,4000,1.55,4,4000.0, 100.00,2026-05-20
MAXVOLT, ST, 20-May-2026,430.2,429.0,429.0,408.7,413.7,413.25,414.15,64000,265.06,124,62000.0, 96.88,2026-05-20
MAYURUNIQ, EQ, 20-May-2026,619.4,642.1,712.85,625.65,712.0,692.25,679.16,5623025,38189.15,126107,810683.0, 14.42,2026-05-20
MAZDA, EQ, 20-May-2026,193.25,197.4,201.8,191.32,197.5,198.64,196.53,7041,13.84,323,3927.0, 55.77,2026-05-20
MAZDOCK, EQ, 20-May-2026,2422.8,2400.0,2444.9,2380.0,2439.8,2437.8,2410.5,734918,17715.23,35084,153671.0, 20.91,2026-05-20
MBAPL, EQ, 20-May-2026,530.85,530.85,547.0,525.0,541.9,541.55,541.27,181305,981.34,4957,92553.0, 51.05,2026-05-20
MBEL, EQ, 20-May-2026,301.1,296.7,300.9,293.5,294.95,294.85,296.09,79493,235.37,4147,41413.0, 52.10,2026-05-20
MBLINFRA, EQ, 20-May-2026,25.14,25.0,26.0,24.41,24.45,24.56,24.94,39308,9.8,204,31590.0, 80.37,2026-05-20
MCCHRLS-B, EQ, 20-May-2026,672.0,689.8,689.8,620.0,688.0,663.7,662.2,536,3.55,86,422.0, 78.73,2026-05-20
MCL, BE, 20-May-2026,61.63,60.0,63.87,59.66,62.79,62.86,61.08,37873,23.13,492,, -,2026-05-20
MCLEODRUSS, BE, 20-May-2026,69.05,71.9,72.5,69.3,72.5,72.5,71.58,2092272,1497.64,2884,, -,2026-05-20
MCLOUD, EQ, 20-May-2026,24.8,24.86,25.21,24.36,25.15,25.08,24.96,1453622,362.87,4489,433713.0, 29.84,2026-05-20
MCON, SM, 20-May-2026,47.1,47.1,47.1,44.75,45.0,44.85,45.98,6000,2.76,5,5000.0, 83.33,2026-05-20
MCX, EQ, 20-May-2026,3414.7,3398.6,3451.9,3369.2,3441.4,3441.7,3425.17,2257155,77311.37,108204,1063888.0, 47.13,2026-05-20
MDL, SM, 20-May-2026,51.0,50.0,50.0,50.0,50.0,50.0,50.0,13000,6.5,4,13000.0, 100.00,2026-05-20
MEDANTA, EQ, 20-May-2026,1240.4,1244.0,1249.0,1221.3,1233.0,1240.1,1238.39,149238,1848.15,18233,90617.0, 60.72,2026-05-20
MEDIASSIST, EQ, 20-May-2026,388.5,391.95,391.95,372.95,375.0,375.15,380.61,125453,477.48,6740,61953.0, 49.38,2026-05-20
MEDICAMEQ, EQ, 20-May-2026,269.2,274.7,278.7,266.1,272.55,274.45,271.94,13339,36.27,415,10099.0, 75.71,2026-05-20
MEDICO, EQ, 20-May-2026,44.93,45.0,46.7,43.78,46.69,45.96,44.73,579809,259.34,1508,131638.0, 22.70,2026-05-20
MEDIORG, SM, 20-May-2026,27.0,27.0,27.0,27.0,27.0,27.0,27.0,2000,0.54,1,2000.0, 100.00,2026-05-20
MEDISTEP, SM, 20-May-2026,18.2,16.55,18.0,16.55,18.0,18.0,17.28,6000,1.04,2,6000.0, 100.00,2026-05-20
MEDPLUS, EQ, 20-May-2026,934.65,936.0,951.0,901.45,914.75,910.8,928.86,187526,1741.85,14307,68075.0, 36.30,2026-05-20
MEESHO, EQ, 20-May-2026,192.7,191.5,197.7,190.1,194.7,193.95,194.64,13295427,25877.6,79599,2938087.0, 22.10,2026-05-20
MEGASTAR, EQ, 20-May-2026,318.25,319.0,319.55,310.15,310.55,314.3,313.73,13008,40.81,571,5418.0, 41.65,2026-05-20
MEGATHERM, SM, 20-May-2026,245.15,246.0,250.95,246.0,250.0,250.7,249.26,2800,6.98,7,2400.0, 85.71,2026-05-20
MEIL, BE, 20-May-2026,312.55,314.0,326.4,305.0,319.0,320.55,320.63,34813,111.62,707,, -,2026-05-20
MENNPIS, EQ, 20-May-2026,59.18,58.5,62.49,58.2,59.35,59.79,60.44,15652,9.46,239,9910.0, 63.31,2026-05-20
MENONBE, EQ, 20-May-2026,148.41,147.5,159.0,146.11,150.9,150.61,153.75,514197,790.59,6190,204404.0, 39.75,2026-05-20
MEP, BZ, 20-May-2026,0.99,0.98,0.98,0.98,0.98,0.98,0.98,12278,0.12,32,, -,2026-05-20
MERCANTILE, EQ, 20-May-2026,26.51,26.79,27.49,23.87,24.15,24.8,26.16,21158,5.53,360,6072.0, 28.70,2026-05-20
METAL, EQ, 20-May-2026,13.28,13.47,13.47,13.0,13.27,13.27,13.22,2588443,342.22,10960,1128494.0, 43.60,2026-05-20
METALIETF, EQ, 20-May-2026,13.24,13.38,13.38,13.09,13.28,13.26,13.21,7215700,952.87,9556,3349253.0, 46.42,2026-05-20
METROBRAND, EQ, 20-May-2026,1052.0,1046.8,1055.5,1032.2,1042.9,1042.8,1040.81,15714,163.55,2452,7202.0, 45.83,2026-05-20
METROGLOBL, EQ, 20-May-2026,127.27,126.0,131.0,126.0,131.0,131.0,127.14,264,0.34,7,264.0, 100.00,2026-05-20
METROPOLIS, EQ, 20-May-2026,508.4,507.4,520.45,495.7,519.9,518.3,512.85,298969,1533.25,18725,155726.0, 52.09,2026-05-20
MFML, EQ, 20-May-2026,25.78,25.76,25.76,24.26,24.75,24.79,25.01,525,0.13,33,279.0, 53.14,2026-05-20
MFSL, EQ, 20-May-2026,1617.9,1610.9,1637.0,1603.6,1635.0,1625.4,1623.99,507391,8239.99,30710,313825.0, 61.85,2026-05-20
MGEL, EQ, 20-May-2026,12.75,12.55,13.29,12.55,13.08,13.11,13.01,211331,27.5,1220,112839.0, 53.39,2026-05-20
MGL, EQ, 20-May-2026,1059.4,1059.4,1082.7,1044.4,1074.7,1075.6,1062.0,225216,2391.8,29157,92535.0, 41.09,2026-05-20
MGSL, SM, 20-May-2026,80.8,82.0,85.0,77.4,77.4,77.4,80.48,49200,39.6,36,38400.0, 78.05,2026-05-20
MHHL, SM, 20-May-2026,39.95,41.35,41.4,40.0,40.0,40.0,40.92,4500,1.84,3,4500.0, 100.00,2026-05-20
MHLXMIRU, EQ, 20-May-2026,170.57,174.99,174.99,167.35,171.99,170.89,169.52,2722,4.61,67,2062.0, 75.75,2026-05-20
MHRIL, EQ, 20-May-2026,223.51,223.0,223.0,218.5,220.55,220.72,220.18,174465,384.13,5652,103941.0, 59.58,2026-05-20
MICEL, EQ, 20-May-2026,44.26,43.78,44.75,42.82,43.17,43.48,43.91,1233400,541.54,4511,550414.0, 44.63,2026-05-20
MICROPRO, SM, 20-May-2026,18.05,18.1,18.1,18.1,18.1,18.1,18.1,1600,0.29,1,1600.0, 100.00,2026-05-20
MID150, EQ, 20-May-2026,22.82,22.93,22.93,22.43,22.86,22.81,22.79,75338,17.17,213,44069.0, 58.50,2026-05-20
MID150BEES, EQ, 20-May-2026,230.87,228.37,232.38,228.37,232.38,231.93,231.19,1221681,2824.39,7996,850227.0, 69.59,2026-05-20
MID150CASE, EQ, 20-May-2026,11.21,11.55,11.55,10.99,11.25,11.25,11.2,1373858,153.9,3387,783993.0, 57.07,2026-05-20
MIDCAP, EQ, 20-May-2026,17.78,17.74,17.92,17.53,17.92,17.89,17.78,272117,48.38,673,157416.0, 57.85,2026-05-20
MIDCAPADD, EQ, 20-May-2026,22.44,22.26,22.51,22.23,22.45,22.45,22.37,4251,0.95,28,4186.0, 98.47,2026-05-20
MIDCAPBETA, EQ, 20-May-2026,225.07,224.99,226.68,224.1,226.06,226.43,225.54,856,1.93,42,633.0, 73.95,2026-05-20
MIDCAPETF, EQ, 20-May-2026,22.8,22.8,22.91,22.57,22.9,22.89,22.77,1321834,301.04,11808,836786.0, 63.30,2026-05-20
MIDCAPIETF, EQ, 20-May-2026,23.06,23.02,23.24,22.86,23.19,23.18,23.08,643980,148.62,2388,368793.0, 57.27,2026-05-20
MIDHANI, EQ, 20-May-2026,388.65,383.0,400.95,378.0,400.0,398.65,393.12,1215484,4778.34,24409,387479.0, 31.88,2026-05-20
MIDQ50ADD, EQ, 20-May-2026,242.62,240.49,242.92,239.46,239.46,242.56,241.54,7699,18.6,99,6995.0, 90.86,2026-05-20
MIDSELIETF, EQ, 20-May-2026,18.04,18.02,18.39,17.88,18.39,18.24,18.12,182558,33.08,697,131892.0, 72.25,2026-05-20
MIDSMALL, EQ, 20-May-2026,50.57,50.29,50.87,50.04,50.84,50.84,50.67,406988,206.22,1282,307342.0, 75.52,2026-05-20
MIDWESTLTD, EQ, 20-May-2026,1352.6,1352.6,1356.9,1320.0,1333.6,1339.1,1332.43,40868,544.54,1850,21809.0, 53.36,2026-05-20
MIEL, SM, 20-May-2026,15.95,15.2,15.2,15.2,15.2,15.2,15.2,8000,1.22,4,6000.0, 75.00,2026-05-20
MINDACORP, EQ, 20-May-2026,520.2,516.95,529.0,507.4,519.0,517.4,521.65,169766,885.58,13703,64098.0, 37.76,2026-05-20
MINDSPACE, RR, 20-May-2026,469.89,468.0,468.11,461.0,461.95,462.06,464.16,247129,1147.08,5784,221380.0, 89.58,2026-05-20
MINDTECK, EQ, 20-May-2026,206.35,209.98,213.87,206.5,206.8,206.77,209.35,89794,187.98,1866,35019.0, 39.00,2026-05-20
MIRCELECTR, BE, 20-May-2026,39.3,38.01,40.05,37.51,37.8,37.87,38.71,1116799,432.26,2253,, -,2026-05-20
MIRZAINT, EQ, 20-May-2026,29.53,29.0,29.74,28.21,29.49,29.39,29.21,101880,29.76,1091,51720.0, 50.77,2026-05-20
MITCON, EQ, 20-May-2026,77.97,79.8,79.8,75.7,78.0,78.01,77.52,4374,3.39,110,2856.0, 65.29,2026-05-20
MITTAL, EQ, 20-May-2026,0.88,0.9,1.03,0.87,1.0,0.99,0.98,5436902,53.26,951,3330357.0, 61.25,2026-05-20
MKPL, EQ, 20-May-2026,5.17,5.16,5.16,4.91,5.03,5.04,5.05,256928,12.97,500,178337.0, 69.41,2026-05-20
MMEL, ST, 20-May-2026,35.7,33.95,35.9,33.95,35.9,34.9,34.6,6000,2.08,3,4000.0, 66.67,2026-05-20
MMFL, EQ, 20-May-2026,448.9,448.2,465.7,441.55,451.8,453.0,453.68,131223,595.33,6049,80238.0, 61.15,2026-05-20
MMP, EQ, 20-May-2026,276.92,273.65,290.33,272.0,288.0,287.77,282.03,30673,86.51,940,18311.0, 59.70,2026-05-20
MMTC, EQ, 20-May-2026,65.03,64.2,64.59,62.95,63.8,63.93,63.84,1738930,1110.14,12873,426039.0, 24.50,2026-05-20
MMWL, BE, 20-May-2026,13.88,13.42,14.57,13.42,14.4,14.33,14.25,28050,4.0,93,, -,2026-05-20
MNC, EQ, 20-May-2026,32.49,32.3,32.77,32.11,32.6,32.63,32.56,39509,12.86,289,29068.0, 73.57,2026-05-20
MOALPHA50, EQ, 20-May-2026,51.33,51.02,52.7,50.86,52.6,52.52,51.3,1996,1.02,24,1735.0, 86.92,2026-05-20
MOBANK10, EQ, 20-May-2026,15.98,15.98,16.0,15.81,16.0,15.98,15.86,2301,0.37,41,2100.0, 91.26,2026-05-20
MOBIKWIK, EQ, 20-May-2026,198.83,198.99,201.0,195.43,196.0,196.48,198.8,2435719,4842.29,14829,789161.0, 32.40,2026-05-20
MOBILISE, ST, 20-May-2026,110.25,115.0,115.0,105.0,105.2,105.2,113.68,24000,27.28,9,24000.0, 100.00,2026-05-20
MOCAPITAL, EQ, 20-May-2026,55.8,54.4,56.25,54.4,56.25,56.17,55.77,671652,374.57,2359,403105.0, 60.02,2026-05-20
MODEFENCE, EQ, 20-May-2026,97.84,97.84,99.09,96.66,98.9,98.9,97.95,1723723,1688.47,8524,740843.0, 42.98,2026-05-20
MODINATUR, EQ, 20-May-2026,413.0,411.0,429.0,399.95,403.0,405.05,407.66,16328,66.56,1238,8208.0, 50.27,2026-05-20
MODIRUBBER, EQ, 20-May-2026,132.16,130.0,131.0,128.23,128.99,128.65,129.1,1613,2.08,88,917.0, 56.85,2026-05-20
MODIS, EQ, 20-May-2026,349.2,350.1,352.95,347.6,349.05,348.8,349.98,7326,25.64,243,4444.0, 60.66,2026-05-20
MODISONLTD, EQ, 20-May-2026,173.03,171.0,179.9,169.2,173.14,172.18,173.29,168635,292.23,2762,66694.0, 39.55,2026-05-20
MODTHREAD, EQ, 20-May-2026,43.75,45.0,45.88,43.0,43.0,43.29,43.49,578,0.25,26,306.0, 52.94,2026-05-20
MOENERGY, EQ, 20-May-2026,39.67,39.86,40.53,39.02,40.53,40.34,40.08,484852,194.32,1099,370589.0, 76.43,2026-05-20
MOGOLD, EQ, 20-May-2026,155.9,154.05,155.75,154.0,155.55,155.3,155.25,21594,33.53,468,11451.0, 53.03,2026-05-20
MOGSEC, EQ, 20-May-2026,63.51,63.57,65.52,62.72,63.3,63.28,63.68,122321,77.89,956,23552.0, 19.25,2026-05-20
MOHEALTH, EQ, 20-May-2026,47.98,47.98,48.4,47.96,48.18,48.13,48.19,90963,43.84,676,73741.0, 81.07,2026-05-20
MOHITIND, EQ, 20-May-2026,23.14,23.59,24.4,23.15,23.15,23.15,23.37,3846,0.9,52,2320.0, 60.32,2026-05-20
MOIL, EQ, 20-May-2026,298.1,297.5,300.1,293.15,298.75,298.8,297.66,394355,1173.84,12582,96287.0, 24.42,2026-05-20
MOINFRA, EQ, 20-May-2026,62.28,61.7,62.43,61.64,62.14,62.15,62.01,2156,1.34,59,1652.0, 76.62,2026-05-20
MOIPO, EQ, 20-May-2026,42.48,41.63,43.2,41.63,43.2,43.2,42.89,3669,1.57,21,2990.0, 81.49,2026-05-20
MOKSH, EQ, 20-May-2026,12.03,12.0,12.58,11.9,12.39,12.35,12.29,87386,10.74,904,43989.0, 50.34,2026-05-20
MOL, EQ, 20-May-2026,49.95,49.5,50.21,48.8,49.0,48.98,49.07,608298,298.48,5718,333580.0, 54.84,2026-05-20
MOLDTECH, EQ, 20-May-2026,122.47,122.65,124.73,119.11,121.9,120.75,120.83,42338,51.16,807,22672.0, 53.55,2026-05-20
MOLDTKPAC, EQ, 20-May-2026,681.8,679.0,695.3,666.65,674.5,671.85,678.03,310354,2104.28,17317,200847.0, 64.72,2026-05-20
MOLOWVOL, EQ, 20-May-2026,36.45,36.13,36.4,35.63,36.4,36.34,36.2,4859,1.76,36,3594.0, 73.97,2026-05-20
MOM100, EQ, 20-May-2026,65.62,65.6,66.12,64.9,66.01,66.0,65.61,308422,202.34,2127,169582.0, 54.98,2026-05-20
MOM30IETF, EQ, 20-May-2026,30.48,30.48,30.77,30.21,30.7,30.67,30.51,372358,113.6,1501,189140.0, 50.80,2026-05-20
MOM50, EQ, 20-May-2026,246.26,247.78,247.81,243.85,247.0,246.27,245.36,1179,2.89,100,653.0, 55.39,2026-05-20
MOMENTUM, EQ, 20-May-2026,30.29,30.14,30.57,30.09,30.47,30.41,30.34,45007,13.66,218,23593.0, 52.42,2026-05-20
MOMENTUM30, EQ, 20-May-2026,30.07,29.8,31.1,29.71,31.1,30.39,30.09,188868,56.83,115,174547.0, 92.42,2026-05-20
MOMENTUM50, EQ, 20-May-2026,51.83,51.82,52.26,51.3,52.1,52.15,52.01,493429,256.62,1515,354193.0, 71.78,2026-05-20
MOMGF, EQ, 20-May-2026,155.98,154.97,156.85,154.97,156.85,156.46,156.28,238,0.37,13,156.0, 65.55,2026-05-20
MOMIDMTM, EQ, 20-May-2026,62.86,62.71,63.7,62.54,63.33,63.48,63.0,116477,73.38,194,104967.0, 90.12,2026-05-20
MOMNC, EQ, 20-May-2026,31.5,31.29,31.82,31.29,31.82,31.82,31.55,745,0.24,19,467.0, 62.68,2026-05-20
MOMOMENTUM, EQ, 20-May-2026,60.53,60.65,61.18,59.99,61.17,60.91,60.66,33869,20.54,353,18190.0, 53.71,2026-05-20
MON100, EQ, 20-May-2026,327.27,327.09,327.09,327.09,327.09,327.09,327.09,740068,2420.69,11932,737052.0, 99.59,2026-05-20
MON50EQUAL, EQ, 20-May-2026,32.67,32.42,32.6,32.42,32.6,32.6,32.58,1370,0.45,23,1370.0, 100.00,2026-05-20
MONARCH, EQ, 20-May-2026,312.45,315.85,315.85,306.9,311.4,311.65,310.84,135519,421.24,2671,87755.0, 64.75,2026-05-20
MONEXT50, EQ, 20-May-2026,68.53,68.33,69.3,68.3,69.3,69.24,68.85,1443,0.99,28,1163.0, 80.60,2026-05-20
MONEYBOXX, EQ, 20-May-2026,71.96,71.81,73.2,70.0,70.7,70.55,71.01,30404,21.59,1172,16267.0, 53.50,2026-05-20
MONIFTY100, EQ, 20-May-2026,25.65,25.27,25.27,24.43,24.74,24.72,24.58,64238,15.79,380,55961.0, 87.12,2026-05-20
MONIFTY500, EQ, 20-May-2026,22.98,22.97,23.08,22.75,23.03,22.99,22.94,361970,83.05,1503,201027.0, 55.54,2026-05-20
MONOLITH, SM, 20-May-2026,567.4,565.0,575.0,551.0,565.0,567.65,567.08,27250,154.53,74,23000.0, 84.40,2026-05-20
MONOPHARMA, SM, 20-May-2026,11.4,11.15,11.9,11.15,11.5,11.5,11.6,8000,0.93,4,6000.0, 75.00,2026-05-20
MONQ50, EQ, 20-May-2026,132.54,131.2,131.2,131.2,131.2,131.2,131.2,30789,40.4,213,30789.0, 100.00,2026-05-20
MONTECARLO, EQ, 20-May-2026,583.1,579.95,579.95,560.5,564.0,563.65,568.0,39665,225.3,2455,22922.0, 57.79,2026-05-20
MOPSE, EQ, 20-May-2026,105.24,104.25,107.8,104.25,105.15,105.15,105.3,1360,1.43,21,1036.0, 76.18,2026-05-20
MOQUALITY, EQ, 20-May-2026,201.07,199.87,200.88,198.99,200.58,200.58,199.43,4722,9.42,26,4108.0, 87.00,2026-05-20
MORARJEE, BZ, 20-May-2026,9.22,9.68,9.68,9.68,9.68,9.68,9.68,7201,0.7,9,, -,2026-05-20
MOREALTY, EQ, 20-May-2026,76.24,76.19,76.83,74.61,76.7,76.62,75.79,338369,256.45,2558,142109.0, 42.00,2026-05-20
MOREPENLAB, EQ, 20-May-2026,41.86,41.49,42.9,41.1,42.65,42.52,42.17,2675002,1128.09,10633,876771.0, 32.78,2026-05-20
MOS, SM, 20-May-2026,12.9,12.95,13.25,12.9,12.9,13.0,13.0,416000,54.07,31,372000.0, 89.42,2026-05-20
MOSCHIP, EQ, 20-May-2026,208.14,207.8,213.8,204.41,210.2,210.19,210.2,2850210,5991.09,28442,731841.0, 25.68,2026-05-20
MOSERVICE, EQ, 20-May-2026,29.94,29.94,29.94,29.75,29.93,29.93,29.79,1662,0.5,25,1662.0, 100.00,2026-05-20
MOSILVER, EQ, 20-May-2026,262.71,256.81,261.5,254.02,261.0,260.54,257.79,44823,115.55,2621,15997.0, 35.69,2026-05-20
MOSMALL250, EQ, 20-May-2026,16.72,16.72,16.82,16.54,16.82,16.74,16.66,785587,130.91,2043,409436.0, 52.12,2026-05-20
MOTHERSON, EQ, 20-May-2026,131.49,130.25,136.0,129.51,131.33,132.17,133.07,56355040,74989.37,209057,16199951.0, 28.75,2026-05-20
MOTILALOFS, EQ, 20-May-2026,850.95,843.0,850.0,836.05,849.9,846.45,844.41,455072,3842.67,15945,199151.0, 43.76,2026-05-20
MOTISONS, EQ, 20-May-2026,11.71,11.74,12.2,11.47,11.85,11.89,11.75,1196940,140.61,2456,585309.0, 48.90,2026-05-20
MOTOGENFIN, EQ, 20-May-2026,23.95,24.29,25.5,24.29,24.94,24.66,24.42,38341,9.36,90,37953.0, 98.99,2026-05-20
MOTOUR, EQ, 20-May-2026,71.66,72.04,72.29,71.25,72.1,72.14,71.77,5775,4.14,120,4007.0, 69.39,2026-05-20
MOVALUE, EQ, 20-May-2026,114.24,114.19,115.65,113.1,115.65,115.29,114.41,81163,92.86,827,66835.0, 82.35,2026-05-20
MOXSH, ST, 20-May-2026,140.0,133.0,133.0,133.0,133.0,133.0,133.0,3200,4.26,2,3200.0, 100.00,2026-05-20
MPHASIS, EQ, 20-May-2026,2220.5,2200.0,2242.0,2175.2,2240.0,2228.0,2225.16,471319,10487.62,22203,202563.0, 42.98,2026-05-20
MPSLTD, EQ, 20-May-2026,1828.9,1803.1,1850.0,1803.1,1822.5,1835.8,1826.91,13357,244.02,1512,7152.0, 53.54,2026-05-20
MRF, EQ, 20-May-2026,126730.0,126700.0,127790.0,125410.0,126960.0,127125.0,126663.13,4993,6324.29,3908,1685.0, 33.75,2026-05-20
MRIL, SM, 20-May-2026,40.25,38.25,39.05,38.25,39.05,39.05,38.65,3200,1.24,2,1600.0, 50.00,2026-05-20
MRPL, EQ, 20-May-2026,145.57,145.0,150.5,143.12,148.3,148.13,147.95,6333859,9371.18,41342,1057706.0, 16.70,2026-05-20
MSCIADD, EQ, 20-May-2026,28.6,29.6,29.6,28.55,28.77,28.77,28.59,71086,20.33,16,4023.0, 5.66,2026-05-20
MSCIINDIA, EQ, 20-May-2026,29.12,29.12,29.18,28.8,29.18,29.14,29.06,12191,3.54,71,4884.0, 40.06,2026-05-20
MSPL, EQ, 20-May-2026,40.58,41.15,41.8,40.0,40.9,41.06,41.28,1072332,442.63,3321,652885.0, 60.88,2026-05-20
MSTCLTD, EQ, 20-May-2026,422.8,422.8,422.8,415.0,418.5,419.1,418.24,65965,275.89,3152,28029.0, 42.49,2026-05-20
MSUMI, EQ, 20-May-2026,39.39,39.0,39.86,38.63,39.69,39.72,39.36,5687175,2238.65,33356,2561653.0, 45.04,2026-05-20
MTARTECH, EQ, 20-May-2026,6810.0,6769.5,7520.0,6700.0,7420.0,7457.0,7229.49,3004369,217200.62,283280,431064.0, 14.35,2026-05-20
MTEDUCARE, BE, 20-May-2026,1.65,1.65,1.72,1.6,1.7,1.69,1.67,35041,0.59,46,, -,2026-05-20
MTNL, EQ, 20-May-2026,29.06,28.9,28.98,28.5,28.84,28.74,28.79,591266,170.21,2342,291991.0, 49.38,2026-05-20
MUFIN, EQ, 20-May-2026,119.15,119.0,121.64,117.72,121.0,121.02,120.33,2767337,3329.98,9912,757338.0, 27.37,2026-05-20
MUFTI, EQ, 20-May-2026,77.93,78.2,78.6,76.01,78.6,77.34,77.21,76056,58.73,1535,36048.0, 47.40,2026-05-20
MUKANDLTD, EQ, 20-May-2026,145.13,142.1,144.99,140.12,141.2,141.03,142.23,291453,414.54,3762,148760.0, 51.04,2026-05-20
MUKKA, EQ, 20-May-2026,22.94,22.5,23.02,22.5,22.56,22.69,22.72,128421,29.17,817,88291.0, 68.75,2026-05-20
MUKTAARTS, EQ, 20-May-2026,52.04,51.05,52.79,50.2,52.0,52.0,51.84,638,0.33,32,401.0, 62.85,2026-05-20
MULTICAP, EQ, 20-May-2026,15.95,16.0,16.48,15.5,16.02,15.98,15.91,88597,14.1,458,61439.0, 69.35,2026-05-20
MUNISH, ST, 20-May-2026,68.45,71.85,71.85,71.85,71.85,71.85,71.85,13200,9.48,11,7200.0, 54.55,2026-05-20
MUNJALAU, EQ, 20-May-2026,88.64,87.75,88.65,87.0,88.0,87.79,87.73,123541,108.39,1865,73042.0, 59.12,2026-05-20
MUNJALSHOW, EQ, 20-May-2026,132.84,135.4,135.4,131.49,134.1,133.87,133.83,14815,19.83,212,8431.0, 56.91,2026-05-20
MURUDCERA, EQ, 20-May-2026,33.4,33.49,33.89,33.01,33.5,33.65,33.59,27657,9.29,202,23215.0, 83.94,2026-05-20
MUTHOOTCAP, EQ, 20-May-2026,200.46,200.0,204.0,200.0,202.7,203.5,202.43,10616,21.49,381,7001.0, 65.95,2026-05-20
MUTHOOTFIN, EQ, 20-May-2026,3303.6,3260.0,3317.0,3236.0,3309.3,3309.3,3273.56,1017971,33323.89,63657,482963.0, 47.44,2026-05-20
MUTHOOTMF, EQ, 20-May-2026,181.04,181.04,181.58,175.2,179.79,179.61,178.15,153514,273.49,3299,60480.0, 39.40,2026-05-20
MVGJL, EQ, 20-May-2026,156.09,155.0,165.98,153.86,165.19,164.76,160.37,54757,87.81,1705,26141.0, 47.74,2026-05-20
MVKAGRO, SM, 20-May-2026,486.35,484.9,494.95,484.9,491.9,491.9,487.81,2100,10.24,6,1800.0, 85.71,2026-05-20
MWL, EQ, 20-May-2026,370.2,370.2,376.0,366.0,374.05,374.1,371.51,108736,403.97,1527,50679.0, 46.61,2026-05-20
MYMUDRA, SM, 20-May-2026,73.0,72.0,74.85,72.0,74.85,74.85,73.26,8400,6.15,7,8400.0, 100.00,2026-05-20
NACLIND, EQ, 20-May-2026,162.43,161.95,164.54,159.61,161.4,161.71,162.05,164422,266.45,3092,96888.0, 58.93,2026-05-20
NAGAFERT, BZ, 20-May-2026,3.82,3.94,3.94,3.63,3.8,3.77,3.76,193573,7.28,381,, -,2026-05-20
NAGREEKCAP, BE, 20-May-2026,28.18,27.26,28.9,27.05,27.8,28.43,28.12,2894,0.81,45,, -,2026-05-20
NAGREEKEXP, EQ, 20-May-2026,26.09,26.12,26.8,26.0,26.68,26.38,26.35,2058,0.54,56,2004.0, 97.38,2026-05-20
NAHARCAP, EQ, 20-May-2026,253.95,253.8,255.2,245.0,249.0,248.9,249.88,10572,26.42,753,7079.0, 66.96,2026-05-20
NAHARINDUS, EQ, 20-May-2026,109.98,110.08,112.75,106.95,108.21,108.23,108.56,14031,15.23,510,8251.0, 58.81,2026-05-20
NAHARPOLY, EQ, 20-May-2026,254.3,250.5,253.85,247.0,248.75,249.0,249.4,18604,46.4,1008,7286.0, 39.16,2026-05-20
NAHARSPING, BE, 20-May-2026,257.89,257.89,258.01,257.0,258.0,258.0,257.99,1452,3.75,29,, -,2026-05-20
NAM-INDIA, EQ, 20-May-2026,1082.2,1076.9,1108.8,1065.0,1100.0,1103.0,1087.83,767567,8349.84,36652,338369.0, 44.08,2026-05-20
NAMAN, SM, 20-May-2026,52.9,52.0,52.0,49.0,49.05,49.05,49.6,4800,2.38,5,4800.0, 100.00,2026-05-20
NAMOEWASTE, SM, 20-May-2026,218.9,220.5,227.5,219.05,227.5,226.35,223.85,32000,71.63,39,24000.0, 75.00,2026-05-20
NARMADA, EQ, 20-May-2026,35.05,35.1,35.35,34.68,34.78,34.95,34.84,309122,107.7,634,48706.0, 15.76,2026-05-20
NATCAPSUQ, EQ, 20-May-2026,156.93,156.93,157.8,152.1,153.0,154.38,154.97,5695,8.83,133,948.0, 16.65,2026-05-20
NATCOPHARM, EQ, 20-May-2026,1130.9,1130.9,1163.9,1130.9,1157.0,1156.3,1153.53,492160,5677.2,24829,169185.0, 34.38,2026-05-20
NATHBIOGEN, EQ, 20-May-2026,160.27,160.0,168.78,159.83,168.0,166.88,164.79,19262,31.74,608,8483.0, 44.04,2026-05-20
NATIONALUM, EQ, 20-May-2026,398.95,399.3,403.4,393.2,403.0,402.4,399.56,7425703,29670.04,75437,3539566.0, 47.67,2026-05-20
NATIONSTD, EQ, 20-May-2026,1175.0,1288.9,1288.9,1100.1,1128.0,1123.7,1171.67,182,2.13,68,111.0, 60.99,2026-05-20
NAUKRI, EQ, 20-May-2026,933.65,926.0,954.0,918.6,946.7,942.25,936.05,1512310,14155.97,44582,1001465.0, 66.22,2026-05-20
NAVA, EQ, 20-May-2026,602.85,607.0,637.95,596.7,626.2,627.35,624.59,959123,5990.63,36162,218985.0, 22.83,2026-05-20
NAVINFLUOR, EQ, 20-May-2026,7075.5,7040.5,7099.0,6952.5,7085.0,7046.5,7035.22,88015,6192.05,18751,44803.0, 50.90,2026-05-20
NAVKARCORP, EQ, 20-May-2026,95.66,94.88,96.5,94.05,95.0,95.48,95.35,167682,159.89,2571,71412.0, 42.59,2026-05-20
NAVKARURB, EQ, 20-May-2026,0.82,0.82,0.86,0.8,0.81,0.8,0.81,1220123,9.9,286,599002.0, 49.09,2026-05-20
NAVNETEDUL, EQ, 20-May-2026,142.68,141.6,142.78,140.91,141.7,141.79,141.81,29236,41.46,581,15600.0, 53.36,2026-05-20
NAZARA, EQ, 20-May-2026,294.95,294.5,294.65,289.0,290.35,291.05,291.98,2406737,7027.17,19382,1010929.0, 42.00,2026-05-20
NBCC, EQ, 20-May-2026,93.08,92.0,93.27,91.61,93.1,93.01,92.51,5639016,5216.84,21011,1680980.0, 29.81,2026-05-20
NBIFIN, EQ, 20-May-2026,1880.1,1880.1,1909.0,1852.2,1861.0,1876.2,1875.38,424,7.95,76,317.0, 74.76,2026-05-20
NCC, EQ, 20-May-2026,149.07,148.51,148.72,145.56,146.25,146.67,146.56,1170595,1715.65,14905,535680.0, 45.76,2026-05-20
NCLIND, EQ, 20-May-2026,168.01,166.33,169.8,166.24,169.8,168.19,167.42,29156,48.81,559,14398.0, 49.38,2026-05-20
NDGL, EQ, 20-May-2026,2534.7,2534.7,2579.9,2501.2,2501.2,2510.6,2513.59,25,0.63,17,14.0, 56.00,2026-05-20
NDL, EQ, 20-May-2026,2.65,2.65,2.66,2.61,2.65,2.64,2.63,499021,13.13,736,382919.0, 76.73,2026-05-20
NDLVENTURE, EQ, 20-May-2026,121.65,124.2,135.0,122.0,132.0,131.04,130.06,152963,198.94,1864,85194.0, 55.70,2026-05-20
NDRAUTO, EQ, 20-May-2026,806.1,800.95,817.95,790.0,805.0,811.45,803.94,21870,175.82,1253,11854.0, 54.20,2026-05-20
NDRINVIT, IV, 20-May-2026,135.1,136.51,137.0,136.5,137.0,137.0,136.76,175000,239.33,6,150000.0, 85.71,2026-05-20
NDTV, EQ, 20-May-2026,78.13,77.9,77.9,76.06,76.25,76.58,76.89,124351,95.61,1761,51915.0, 41.75,2026-05-20
NECCLTD, EQ, 20-May-2026,14.97,15.01,15.69,15.01,15.1,15.17,15.3,23666,3.62,215,13771.0, 58.19,2026-05-20
NECLIFE, BE, 20-May-2026,12.4,12.47,12.47,12.0,12.17,12.27,12.12,124417,15.08,334,, -,2026-05-20
NEELAM, SM, 20-May-2026,12.1,11.65,11.65,11.65,11.65,11.65,11.65,6000,0.7,1,6000.0, 100.00,2026-05-20
NELCAST, EQ, 20-May-2026,135.83,135.4,138.59,132.8,135.8,134.7,135.65,84135,114.13,1425,44104.0, 52.42,2026-05-20
NELCO, EQ, 20-May-2026,663.75,664.0,673.95,653.05,673.95,669.7,665.01,40246,267.64,2881,12183.0, 30.27,2026-05-20
NEOCHEM, SM, 20-May-2026,99.5,100.0,108.95,99.5,100.35,101.85,104.87,123600,129.62,80,73200.0, 59.22,2026-05-20
NEOGEN, EQ, 20-May-2026,1580.1,1690.2,1748.9,1644.2,1682.2,1695.7,1684.33,368059,6199.34,27778,95626.0, 25.98,2026-05-20
NEPHROCARE, SM, 20-May-2026,78.4,81.0,81.0,76.6,79.0,78.95,77.44,49200,38.1,31,46000.0, 93.50,2026-05-20
NEPHROPLUS, EQ, 20-May-2026,649.7,629.75,632.95,582.05,612.0,614.1,615.92,508480,3131.83,23409,204498.0, 40.22,2026-05-20
NEPTUNE, SM, 20-May-2026,195.0,192.05,195.0,190.0,194.0,194.0,191.74,7500,14.38,14,6000.0, 80.00,2026-05-20
NESCO, EQ, 20-May-2026,1258.6,1243.3,1260.1,1239.0,1248.0,1247.9,1248.73,16091,200.93,2062,8648.0, 53.74,2026-05-20
NESTLEIND, EQ, 20-May-2026,1431.4,1400.0,1426.9,1398.5,1422.2,1420.1,1415.49,1425216,20173.82,60017,989782.0, 69.45,2026-05-20
NETF, EQ, 20-May-2026,256.6,256.5,256.5,253.0,255.5,255.75,255.06,1104,2.82,118,947.0, 85.78,2026-05-20
NETWEB, EQ, 20-May-2026,3746.4,3717.0,3854.4,3671.1,3845.0,3841.7,3785.77,996231,37715.05,75310,207310.0, 20.81,2026-05-20
NETWORK18, EQ, 20-May-2026,32.18,31.8,31.98,31.4,31.65,31.78,31.74,2157188,684.78,7018,709213.0, 32.88,2026-05-20
NEULANDLAB, EQ, 20-May-2026,16790.0,16690.0,17040.0,16525.0,16630.0,16624.0,16779.46,31610,5303.99,9896,9708.0, 30.71,2026-05-20
NEWGEN, EQ, 20-May-2026,461.15,459.0,460.9,448.35,449.9,450.3,452.5,629254,2847.36,16333,305876.0, 48.61,2026-05-20
NEWJAISA, ST, 20-May-2026,22.9,22.1,22.1,22.1,22.1,22.1,22.1,3000,0.66,2,3000.0, 100.00,2026-05-20
NEXT30ADD, EQ, 20-May-2026,42.14,42.28,42.28,41.8,42.03,42.03,42.02,2157,0.91,67,1411.0, 65.41,2026-05-20
NEXT50, EQ, 20-May-2026,710.81,704.39,715.51,703.66,715.51,715.02,711.48,15264,108.6,946,11829.0, 77.50,2026-05-20
NEXT50ADD, EQ, 20-May-2026,69.31,68.37,69.71,68.37,69.41,69.49,68.75,1889,1.3,18,1814.0, 96.03,2026-05-20
NEXT50BETA, EQ, 20-May-2026,74.14,74.14,74.99,73.48,74.59,74.75,74.27,77639,57.67,786,40107.0, 51.66,2026-05-20
NEXT50ETF, EQ, 20-May-2026,69.49,69.02,69.99,68.77,69.98,69.72,69.25,11731,8.12,92,3564.0, 30.38,2026-05-20
NEXT50IETF, EQ, 20-May-2026,72.7,72.51,73.3,71.92,73.22,73.13,72.58,405871,294.57,4639,228913.0, 56.40,2026-05-20
NEXTMEDIA, EQ, 20-May-2026,4.02,3.94,4.14,3.94,4.12,4.11,4.05,7987,0.32,76,6762.0, 84.66,2026-05-20
NFL, EQ, 20-May-2026,75.19,74.3,75.2,73.81,74.75,74.78,74.53,506609,377.58,4538,140245.0, 27.68,2026-05-20
NGIL, BE, 20-May-2026,39.5,39.5,40.0,39.0,39.2,39.2,39.16,2385,0.93,25,, -,2026-05-20
NGLFINE, EQ, 20-May-2026,2276.7,2240.8,2525.0,2176.0,2410.0,2410.1,2404.6,16647,400.29,3059,8068.0, 48.47,2026-05-20
NH, EQ, 20-May-2026,1884.1,1879.0,1918.4,1865.9,1902.9,1902.4,1905.65,370212,7054.96,38154,195178.0, 52.72,2026-05-20
NHPC, EQ, 20-May-2026,79.06,78.7,79.89,77.93,79.66,79.5,78.95,15924979,12573.41,36121,7169667.0, 45.02,2026-05-20
NIACL, EQ, 20-May-2026,164.57,162.51,163.8,161.35,163.0,163.1,162.66,416938,678.2,7718,108300.0, 25.98,2026-05-20
NIBE, EQ, 20-May-2026,1108.7,1125.3,1194.8,1103.1,1170.0,1174.6,1156.68,341383,3948.72,16958,110676.0, 32.42,2026-05-20
NIBL, EQ, 20-May-2026,31.49,30.35,31.5,30.35,30.9,30.68,30.73,32539,10.0,434,18215.0, 55.98,2026-05-20
NIDAN, SM, 20-May-2026,14.4,13.95,13.95,13.8,13.8,13.8,13.83,6000,0.83,6,4000.0, 66.67,2026-05-20
NIF100BEES, EQ, 20-May-2026,259.23,258.99,260.19,256.49,259.51,259.65,258.25,23128,59.73,490,7781.0, 33.64,2026-05-20
NIF100IETF, EQ, 20-May-2026,27.35,26.66,27.84,26.66,27.84,27.41,27.31,252289,68.9,896,129748.0, 51.43,2026-05-20
NIFTY1, EQ, 20-May-2026,260.25,261.61,261.61,257.01,261.6,261.04,260.36,82729,215.4,1506,51012.0, 61.66,2026-05-20
NIFTY100EW, EQ, 20-May-2026,33.78,33.78,33.81,33.39,33.8,33.78,33.63,63702,21.42,160,26667.0, 41.86,2026-05-20
NIFTYADD, EQ, 20-May-2026,247.22,245.69,248.36,245.69,247.87,247.82,247.42,5521,13.66,125,4746.0, 85.96,2026-05-20
NIFTYBEES, EQ, 20-May-2026,267.61,267.13,268.37,265.11,268.1,268.05,267.11,5346893,14282.1,44533,2375271.0, 44.42,2026-05-20
NIFTYBETA, EQ, 20-May-2026,260.53,260.48,261.39,258.47,261.17,261.03,260.35,33686,87.7,488,29550.0, 87.72,2026-05-20
NIFTYBETF, EQ, 20-May-2026,241.39,239.98,242.76,239.98,241.75,241.88,241.05,1474,3.55,57,1124.0, 76.26,2026-05-20
NIFTYCASE, EQ, 20-May-2026,9.42,9.65,9.65,9.31,9.46,9.44,9.4,339290,31.88,1516,190786.0, 56.23,2026-05-20
NIFTYETF, EQ, 20-May-2026,255.51,252.65,256.0,252.65,255.9,255.81,255.03,107181,273.34,1077,77020.0, 71.86,2026-05-20
NIFTYIETF, EQ, 20-May-2026,266.0,264.76,267.09,263.87,267.0,266.82,265.59,458791,1218.5,8856,236232.0, 51.49,2026-05-20
NIFTYQLITY, EQ, 20-May-2026,21.03,21.18,21.18,20.74,20.98,20.99,20.96,31999,6.71,232,19773.0, 61.79,2026-05-20
NIITLTD, EQ, 20-May-2026,63.93,63.1,65.63,62.61,65.36,65.14,64.41,488509,314.65,5909,147875.0, 30.27,2026-05-20
NIITMTS, EQ, 20-May-2026,238.75,237.0,237.95,230.0,230.05,231.5,232.37,320529,744.8,13600,221770.0, 69.19,2026-05-20
NIKITA, SM, 20-May-2026,82.55,81.3,81.3,77.0,78.3,77.9,79.01,37200,29.39,31,32400.0, 87.10,2026-05-20
NILAINFRA, EQ, 20-May-2026,7.88,7.88,7.94,7.8,7.81,7.83,7.85,204330,16.04,508,161233.0, 78.91,2026-05-20
NILASPACES, EQ, 20-May-2026,13.15,13.0,13.28,12.9,13.06,13.07,13.05,566207,73.9,1283,362001.0, 63.93,2026-05-20
NILE, EQ, 20-May-2026,1756.3,1765.1,1799.9,1731.3,1764.9,1784.8,1757.85,1607,28.25,289,1138.0, 70.82,2026-05-20
NILKAMAL, EQ, 20-May-2026,1258.5,1264.8,1268.0,1242.3,1242.3,1244.2,1249.09,15177,189.57,654,12354.0, 81.40,2026-05-20
NIMBSPROJ, EQ, 20-May-2026,208.42,209.99,218.84,201.2,208.05,211.79,205.63,124439,255.88,1082,10479.0, 8.42,2026-05-20
NINSYS, BE, 20-May-2026,601.55,618.95,629.75,587.0,619.95,617.25,609.08,15238,92.81,323,, -,2026-05-20
NIPPOBATRY, EQ, 20-May-2026,334.45,333.0,338.45,321.0,334.6,331.3,328.45,9653,31.71,1140,4344.0, 45.00,2026-05-20
NIRAJ, BE, 20-May-2026,29.24,29.24,29.8,28.75,29.74,29.2,29.44,10828,3.19,74,, -,2026-05-20
NIRAJISPAT, EQ, 20-May-2026,219.73,218.8,218.8,217.0,217.0,217.0,217.45,20,0.04,5,15.0, 75.00,2026-05-20
NIRLON, EQ, 20-May-2026,605.75,614.5,614.5,595.85,609.0,607.25,607.93,4569,27.78,332,3259.0, 71.33,2026-05-20
NIRMAN, ST, 20-May-2026,47.8,48.0,49.0,47.65,48.8,48.8,48.31,5700,2.75,14,5400.0, 94.74,2026-05-20
NITCO, EQ, 20-May-2026,97.73,97.33,97.68,95.02,96.0,95.88,96.13,369831,355.52,4235,202556.0, 54.77,2026-05-20
NITINSPIN, EQ, 20-May-2026,505.3,502.8,517.95,495.1,500.0,498.55,506.15,170548,863.23,6782,72900.0, 42.74,2026-05-20
NITIRAJ, EQ, 20-May-2026,201.91,208.0,208.0,194.0,194.1,196.33,197.35,1697,3.35,65,1102.0, 64.94,2026-05-20
NITTAGELA, EQ, 20-May-2026,1315.8,1313.75,1342.95,1310.0,1310.15,1319.15,1319.76,6117,80.73,528,3746.0, 61.24,2026-05-20
NIVABUPA, EQ, 20-May-2026,81.01,80.76,82.52,80.0,81.59,81.51,81.53,924877,754.08,7657,412660.0, 44.62,2026-05-20
NKIND, EQ, 20-May-2026,67.2,68.49,68.49,67.2,67.2,67.73,68.38,610,0.42,8,564.0, 92.46,2026-05-20
NLCINDIA, EQ, 20-May-2026,358.35,356.1,359.1,352.65,354.95,354.65,355.35,3003189,10671.98,30814,1034473.0, 34.45,2026-05-20
NMDC, EQ, 20-May-2026,89.02,88.5,89.24,86.69,88.43,88.48,87.81,18893927,16589.84,92008,7187454.0, 38.04,2026-05-20
NOCIL, EQ, 20-May-2026,171.62,169.87,171.46,167.04,167.04,167.87,168.59,291327,491.14,4779,120824.0, 41.47,2026-05-20
NOIDATOLL, EQ, 20-May-2026,5.13,5.35,6.15,5.35,6.15,6.15,5.92,2361373,139.7,2367,1233197.0, 52.22,2026-05-20
NORBTEAEXP, EQ, 20-May-2026,79.1,80.0,80.5,75.15,79.57,78.37,76.07,15979,12.16,151,13277.0, 83.09,2026-05-20
NORTHARC, EQ, 20-May-2026,275.15,275.25,280.0,273.85,276.2,275.85,278.18,905174,2517.98,12853,478932.0, 52.91,2026-05-20
NOVAAGRI, EQ, 20-May-2026,28.8,28.7,29.05,28.16,28.42,28.47,28.51,70237,20.02,1000,34866.0, 49.64,2026-05-20
NOVARTIND, EQ, 20-May-2026,1209.8,1218.0,1348.0,1209.0,1340.0,1323.0,1292.88,82537,1067.1,5978,44439.0, 53.84,2026-05-20
NPBET, EQ, 20-May-2026,268.79,266.87,267.97,265.65,267.43,267.43,267.28,75,0.2,18,65.0, 86.67,2026-05-20
NPST, EQ, 20-May-2026,1043.0,1031.1,1075.0,1004.0,1063.0,1059.8,1041.63,17712,184.49,1626,9204.0, 51.96,2026-05-20
NRAIL, EQ, 20-May-2026,463.75,456.15,467.3,453.4,463.0,460.0,459.47,1853,8.51,224,1101.0, 59.42,2026-05-20
NRBBEARING, EQ, 20-May-2026,356.7,353.0,365.0,352.5,358.5,357.95,359.84,500630,1801.48,9709,244669.0, 48.87,2026-05-20
NRL, EQ, 20-May-2026,52.91,52.91,53.18,51.71,52.65,52.37,52.63,14445,7.6,470,6777.0, 46.92,2026-05-20
NRVANDANA, SM, 20-May-2026,60.3,60.95,60.95,60.0,60.0,60.0,60.37,36000,21.73,8,27000.0, 75.00,2026-05-20
NSIL, EQ, 20-May-2026,5442.0,5384.5,5528.5,5341.0,5455.5,5479.5,5428.82,1747,94.84,418,903.0, 51.69,2026-05-20
NSLNISP, EQ, 20-May-2026,43.22,42.62,43.45,42.28,43.3,43.21,42.83,3053422,1307.82,10533,970397.0, 31.78,2026-05-20
NTPC, EQ, 20-May-2026,389.4,386.1,393.35,384.0,392.5,392.45,389.54,5386249,20981.57,94571,2955132.0, 54.86,2026-05-20
NTPCGREEN, EQ, 20-May-2026,107.66,107.0,107.0,105.58,105.95,105.93,106.11,2641700,2803.15,19626,1096420.0, 41.50,2026-05-20
NUCLEUS, EQ, 20-May-2026,789.6,784.45,797.95,777.35,792.25,794.65,792.39,10345,81.97,922,6716.0, 64.92,2026-05-20
NURECA, EQ, 20-May-2026,276.45,274.5,276.85,270.3,272.2,272.65,273.47,4169,11.4,250,2204.0, 52.87,2026-05-20
NUVAMA, EQ, 20-May-2026,1467.2,1468.0,1483.0,1437.0,1475.0,1476.2,1459.91,450344,6574.63,24657,199615.0, 44.33,2026-05-20
NUVOCO, EQ, 20-May-2026,317.9,317.9,317.9,310.05,315.9,314.7,313.9,81905,257.1,6164,28963.0, 35.36,2026-05-20
NV20, EQ, 20-May-2026,14.07,14.05,14.14,13.98,14.13,14.04,14.02,80357,11.26,163,70842.0, 88.16,2026-05-20
NV20BEES, EQ, 20-May-2026,140.56,140.27,141.45,138.94,141.45,141.19,140.73,8910,12.54,195,7404.0, 83.10,2026-05-20
NV20IETF, EQ, 20-May-2026,13.75,13.75,13.75,13.6,13.74,13.7,13.69,1423476,194.81,1682,1244033.0, 87.39,2026-05-20
NXST, RR, 20-May-2026,156.98,156.7,157.95,155.18,156.83,156.63,156.47,247143,386.7,10934,167359.0, 67.72,2026-05-20
NYKAA, EQ, 20-May-2026,271.45,269.1,274.5,267.55,274.0,273.3,271.63,2354029,6394.13,50943,1364925.0, 57.98,2026-05-20
OAL, EQ, 20-May-2026,301.05,300.0,314.0,296.35,314.0,307.5,303.7,15839,48.1,581,11979.0, 75.63,2026-05-20
OBCL, EQ, 20-May-2026,54.21,54.05,54.9,53.8,53.8,53.89,53.98,3796,2.05,74,2633.0, 69.36,2026-05-20
OBEROIRLTY, EQ, 20-May-2026,1622.0,1600.3,1644.8,1596.5,1630.0,1626.7,1625.37,230768,3750.82,15172,83748.0, 36.29,2026-05-20
OBSCP, SM, 20-May-2026,368.85,373.95,378.5,370.0,371.2,375.95,374.95,54000,202.47,97,48400.0, 89.63,2026-05-20
OCCLLTD, EQ, 20-May-2026,94.63,94.0,94.94,92.5,94.9,94.42,93.85,18573,17.43,467,11592.0, 62.41,2026-05-20
ODIGMA, EQ, 20-May-2026,26.09,26.09,27.35,25.05,26.71,26.93,26.63,60654,16.15,498,37809.0, 62.34,2026-05-20
OFSS, EQ, 20-May-2026,9646.0,9640.0,9915.0,9597.5,9735.0,9703.5,9763.23,306099,29885.16,53771,88332.0, 28.86,2026-05-20
OIL, EQ, 20-May-2026,501.7,502.6,511.95,498.75,506.0,504.4,505.85,2349833,11886.74,39297,692007.0, 29.45,2026-05-20
OILCOUNTUB, BE, 20-May-2026,58.16,58.16,59.1,56.59,57.0,57.36,57.4,28865,16.57,172,, -,2026-05-20
OILIETF, EQ, 20-May-2026,11.35,11.35,11.57,11.24,11.57,11.54,11.47,4229575,485.07,2867,2794748.0, 66.08,2026-05-20
OLAELEC, EQ, 20-May-2026,36.58,36.58,37.85,36.02,36.5,36.96,37.11,93036898,34525.09,118167,15963545.0, 17.16,2026-05-20
OLECTRA, EQ, 20-May-2026,1219.6,1210.0,1262.0,1187.2,1220.0,1220.8,1231.96,1027944,12663.83,44022,200775.0, 19.53,2026-05-20
OLIL, ST, 20-May-2026,460.0,460.0,469.0,460.0,469.0,464.5,464.5,800,3.72,2,800.0, 100.00,2026-05-20
OMAXAUTO, BE, 20-May-2026,200.81,200.81,201.8,195.5,198.0,196.79,197.91,40032,79.23,464,, -,2026-05-20
OMAXE, EQ, 20-May-2026,74.81,74.32,79.65,72.98,76.66,76.67,75.27,196712,148.06,1564,83861.0, 42.63,2026-05-20
OMFREIGHT, EQ, 20-May-2026,87.15,86.95,95.0,84.05,88.0,89.85,90.02,69206,62.3,893,20118.0, 29.07,2026-05-20
OMINFRAL, EQ, 20-May-2026,86.02,85.67,87.0,84.9,87.0,86.39,85.87,17696,15.2,365,8563.0, 48.39,2026-05-20
OMNI, EQ, 20-May-2026,406.85,403.95,426.1,400.4,408.0,408.5,413.41,364135,1505.38,12717,117841.0, 32.36,2026-05-20
OMPOWER, EQ, 20-May-2026,190.08,199.99,202.0,191.0,191.2,192.44,195.75,689309,1349.36,7151,279155.0, 40.50,2026-05-20
ONDOOR, ST, 20-May-2026,172.15,172.0,178.5,172.0,178.5,177.45,177.47,6000,10.65,15,6000.0, 100.00,2026-05-20
ONELIFECAP, EQ, 20-May-2026,21.7,22.7,22.78,21.7,22.78,22.78,22.52,89579,20.17,239,65108.0, 72.68,2026-05-20
ONEPOINT, EQ, 20-May-2026,60.03,59.3,60.23,58.9,59.61,59.79,59.64,453135,270.27,3194,211113.0, 46.59,2026-05-20
ONESOURCE, EQ, 20-May-2026,1854.5,1848.0,1905.0,1831.5,1874.0,1867.4,1866.19,268507,5010.85,25342,115832.0, 43.14,2026-05-20
ONGC, EQ, 20-May-2026,296.5,294.8,301.75,293.85,298.65,298.3,298.99,12258794,36652.54,107478,5651742.0, 46.10,2026-05-20
ONMOBILE, EQ, 20-May-2026,50.73,50.73,51.9,49.16,50.4,50.14,50.71,230031,116.65,1920,108511.0, 47.17,2026-05-20
ONWARDTEC, EQ, 20-May-2026,258.17,256.2,261.34,252.86,258.9,260.06,259.12,18452,47.81,796,8774.0, 47.55,2026-05-20
ONYX, SM, 20-May-2026,32.0,32.0,32.0,32.0,32.0,32.0,32.0,10000,3.2,5,10000.0, 100.00,2026-05-20
OPTIEMUS, EQ, 20-May-2026,415.05,414.1,420.75,410.0,413.55,418.35,416.37,69858,290.87,2188,42411.0, 60.71,2026-05-20
OPTIVALUE, SM, 20-May-2026,81.2,80.0,82.0,80.0,82.0,82.0,81.0,4800,3.89,3,3200.0, 66.67,2026-05-20
ORBTEXP, EQ, 20-May-2026,158.98,155.78,165.0,154.02,164.79,164.05,158.61,6954,11.03,105,6257.0, 89.98,2026-05-20
ORCHASP, EQ, 20-May-2026,2.0,2.04,2.06,1.99,2.04,2.03,2.02,42122,0.85,117,31192.0, 74.05,2026-05-20
ORCHPHARMA, EQ, 20-May-2026,735.85,737.4,750.0,707.6,707.6,715.3,732.71,47163,345.57,3337,22518.0, 47.75,2026-05-20
ORIANA, SM, 20-May-2026,1801.5,1780.0,1813.85,1765.0,1783.0,1776.5,1779.58,43425,772.78,470,28800.0, 66.32,2026-05-20
ORICONENT, EQ, 20-May-2026,64.75,63.5,65.0,63.5,64.5,64.79,64.58,47206,30.48,191,40103.0, 84.95,2026-05-20
ORIENTALTL, EQ, 20-May-2026,6.47,6.5,6.55,6.41,6.53,6.46,6.49,18421,1.2,134,15182.0, 82.42,2026-05-20
ORIENTBELL, EQ, 20-May-2026,350.0,360.0,362.3,338.1,338.3,341.75,352.82,29098,102.66,1258,13994.0, 48.09,2026-05-20
ORIENTCEM, EQ, 20-May-2026,135.53,134.86,135.0,133.19,134.98,134.61,134.41,89255,119.97,2640,51854.0, 58.10,2026-05-20
ORIENTCER, EQ, 20-May-2026,40.37,39.56,40.97,39.56,40.5,40.25,40.18,18330,7.36,396,8802.0, 48.02,2026-05-20
ORIENTELEC, EQ, 20-May-2026,188.88,186.99,187.64,185.55,186.59,186.52,186.74,86720,161.94,2452,34434.0, 39.71,2026-05-20
ORIENTHOT, EQ, 20-May-2026,96.32,95.69,96.99,95.14,96.98,96.8,96.08,48788,46.88,1016,22565.0, 46.25,2026-05-20
ORIENTLTD, EQ, 20-May-2026,62.97,62.97,62.97,60.85,60.9,60.92,60.95,3500,2.13,43,2809.0, 80.26,2026-05-20
ORIENTPPR, EQ, 20-May-2026,17.07,17.05,17.3,16.85,17.29,17.12,16.98,132617,22.52,634,82607.0, 62.29,2026-05-20
ORIENTTECH, EQ, 20-May-2026,267.7,265.0,271.65,262.8,270.2,269.85,268.84,106824,287.18,3049,29458.0, 27.58,2026-05-20
ORISSAMINE, EQ, 20-May-2026,4067.6,4006.6,4068.7,3987.5,4020.0,4045.9,4037.11,3774,152.36,927,1355.0, 35.90,2026-05-20
ORKLAINDIA, EQ, 20-May-2026,624.2,629.95,655.0,612.35,630.55,638.55,638.21,423632,2703.68,19481,56729.0, 13.39,2026-05-20
ORTEL, BZ, 20-May-2026,1.68,1.67,1.67,1.6,1.6,1.6,1.6,55025,0.88,25,, -,2026-05-20
ORTINGLOBE, BE, 20-May-2026,14.8,15.4,15.54,15.0,15.0,15.0,15.41,13698,2.11,61,, -,2026-05-20
OSELDEVICE, SM, 20-May-2026,517.7,517.7,525.0,508.0,510.55,518.6,516.96,24600,127.17,103,17000.0, 69.11,2026-05-20
OSIAHYPER, BE, 20-May-2026,4.29,4.15,4.15,4.08,4.08,4.08,4.08,953532,38.91,720,, -,2026-05-20
OSWALAGRO, BE, 20-May-2026,45.69,45.85,45.99,44.05,45.5,44.84,44.87,7404,3.32,106,, -,2026-05-20
OSWALGREEN, EQ, 20-May-2026,25.21,25.3,25.7,25.04,25.53,25.51,25.38,104563,26.54,842,63998.0, 61.21,2026-05-20
OSWALPUMPS, EQ, 20-May-2026,375.0,374.7,374.8,365.55,366.0,367.75,368.32,325740,1199.77,7471,152107.0, 46.70,2026-05-20
OSWALSEEDS, EQ, 20-May-2026,12.2,12.4,12.4,11.96,12.08,12.0,12.06,40536,4.89,111,26101.0, 64.39,2026-05-20
OWAIS, SM, 20-May-2026,147.65,142.55,144.2,140.3,140.3,140.3,141.37,26600,37.6,170,17600.0, 66.17,2026-05-20
PACEDIGITK, EQ, 20-May-2026,178.22,176.41,183.86,173.23,179.15,179.54,179.12,2808765,5030.95,26027,488867.0, 17.41,2026-05-20
PAGEIND, EQ, 20-May-2026,38700.0,38620.0,38700.0,38020.0,38350.0,38285.0,38337.31,19379,7429.39,8305,10711.0, 55.27,2026-05-20
PAISALO, EQ, 20-May-2026,47.42,46.98,49.52,46.75,49.42,49.32,48.29,15138209,7310.28,13235,9858079.0, 65.12,2026-05-20
PAKKA, EQ, 20-May-2026,93.38,93.3,95.5,92.0,92.5,92.76,93.79,120413,112.93,2669,82175.0, 68.24,2026-05-20
PALASHSECU, EQ, 20-May-2026,96.7,95.6,97.9,94.86,97.3,97.3,95.47,1556,1.49,85,1011.0, 64.97,2026-05-20
PALREDTEC, BE, 20-May-2026,39.37,41.0,41.33,40.9,41.33,41.33,41.26,7357,3.04,38,, -,2026-05-20
PANACEABIO, EQ, 20-May-2026,416.4,412.95,423.65,401.05,418.45,418.35,411.82,155095,638.71,5131,77275.0, 49.82,2026-05-20
PANACHE, EQ, 20-May-2026,368.85,356.55,367.9,353.0,354.05,357.55,358.03,26384,94.46,620,14797.0, 56.08,2026-05-20
PANAMAPET, EQ, 20-May-2026,306.0,306.0,326.0,303.65,325.0,322.7,316.48,164533,520.71,4041,79264.0, 48.18,2026-05-20
PANSARI, EQ, 20-May-2026,258.45,258.45,266.35,258.45,266.0,265.9,260.73,10,0.03,4,8.0, 80.00,2026-05-20
PAR, EQ, 20-May-2026,85.5,87.3,87.3,84.6,85.0,84.94,85.25,6904,5.89,164,4405.0, 63.80,2026-05-20
PARACABLES, EQ, 20-May-2026,54.72,54.72,56.7,53.31,54.35,54.55,54.94,1567516,861.16,7480,615846.0, 39.29,2026-05-20
PARADEEP, EQ, 20-May-2026,123.98,122.0,125.6,121.17,124.55,124.36,123.75,3265621,4041.34,28272,1264592.0, 38.72,2026-05-20
PARAGMILK, EQ, 20-May-2026,214.03,213.41,214.0,210.01,212.3,211.54,211.62,302642,640.46,5738,144970.0, 47.90,2026-05-20
PARAGON, SM, 20-May-2026,42.75,43.95,47.9,43.95,47.9,47.3,46.94,19200,9.01,15,14400.0, 75.00,2026-05-20
PARAMOUNT, ST, 20-May-2026,43.0,41.0,41.0,40.85,40.85,40.85,40.9,7200,2.94,6,6000.0, 83.33,2026-05-20
PARAS, EQ, 20-May-2026,763.1,759.0,770.4,747.0,760.9,761.85,761.06,757873,5767.86,24938,178582.0, 23.56,2026-05-20
PARASPETRO, EQ, 20-May-2026,2.04,2.08,2.14,2.04,2.1,2.08,2.11,57825,1.22,150,49097.0, 84.91,2026-05-20
PARIN, SM, 20-May-2026,667.7,661.0,689.1,652.5,662.0,660.8,666.97,42250,281.8,122,14250.0, 33.73,2026-05-20
PARKHOSPS, EQ, 20-May-2026,247.48,247.1,257.74,245.66,254.8,256.21,253.38,859167,2176.93,13767,369338.0, 42.99,2026-05-20
PARKHOTELS, EQ, 20-May-2026,119.69,118.8,118.9,117.0,117.51,117.8,118.09,51357,60.65,2643,25105.0, 48.88,2026-05-20
PARSVNATH, BE, 20-May-2026,4.88,4.64,4.64,4.64,4.64,4.64,4.64,447982,20.79,292,, -,2026-05-20
PARTH, ST, 20-May-2026,385.35,378.0,399.9,370.1,390.2,390.2,393.67,17600,69.29,29,16400.0, 93.18,2026-05-20
PARTYCRUS, SM, 20-May-2026,107.55,105.0,105.15,98.5,101.0,101.0,102.85,8000,8.23,7,8000.0, 100.00,2026-05-20
PASHUPATI, EQ, 20-May-2026,96.59,99.51,100.2,90.25,92.5,92.0,97.92,170035,166.5,2121,49222.0, 28.95,2026-05-20
PASUPTAC, EQ, 20-May-2026,53.17,53.17,53.85,52.52,53.7,53.48,53.13,43366,23.04,385,24761.0, 57.10,2026-05-20
PATANJALI, EQ, 20-May-2026,471.1,471.9,472.05,462.0,464.95,467.15,466.38,2208498,10300.03,24395,847622.0, 38.38,2026-05-20
PATELENG, EQ, 20-May-2026,25.86,25.8,25.9,25.42,25.77,25.76,25.7,1832643,471.06,5624,887750.0, 48.44,2026-05-20
PATELRMART, EQ, 20-May-2026,200.35,200.0,200.8,197.1,199.0,198.23,199.04,34780,69.23,567,18814.0, 54.09,2026-05-20
PATILAUTOM, ST, 20-May-2026,186.75,180.0,185.5,179.2,185.5,185.5,182.49,27600,50.37,38,26400.0, 95.65,2026-05-20
PATINTLOG, EQ, 20-May-2026,11.86,12.05,12.05,11.75,11.95,11.87,11.84,28589,3.39,138,23609.0, 82.58,2026-05-20
PAUSHAKLTD, EQ, 20-May-2026,455.2,460.0,460.0,446.0,450.0,449.35,449.37,13062,58.7,735,10448.0, 79.99,2026-05-20
PAVNAIND, BE, 20-May-2026,18.14,18.44,18.44,17.24,18.0,17.99,17.62,53121,9.36,177,, -,2026-05-20
PAYTM, EQ, 20-May-2026,1121.4,1111.7,1156.8,1101.0,1151.3,1153.5,1136.17,1415263,16079.79,42587,414634.0, 29.30,2026-05-20
PCBL, EQ, 20-May-2026,273.55,271.2,303.65,267.55,292.95,292.65,294.57,20683867,60927.85,211117,1311747.0, 6.34,2026-05-20
PCCL, SM, 20-May-2026,295.0,293.0,295.0,276.1,281.55,281.85,284.1,32000,90.91,37,22400.0, 70.00,2026-05-20
PCJEWELLER, EQ, 20-May-2026,8.09,8.03,8.26,8.01,8.21,8.21,8.13,24828776,2019.27,20034,8903557.0, 35.86,2026-05-20
PDMJEPAPER, EQ, 20-May-2026,80.64,81.4,85.0,78.59,85.0,83.25,81.63,80585,65.78,929,60564.0, 75.16,2026-05-20
PDSL, EQ, 20-May-2026,293.8,292.0,296.0,290.05,292.5,294.35,292.69,121336,355.14,5145,63442.0, 52.29,2026-05-20
PEARLPOLY, BE, 20-May-2026,18.79,18.79,19.0,18.79,18.95,18.95,18.99,2244,0.43,15,, -,2026-05-20
PELATRO, SM, 20-May-2026,275.1,275.1,275.25,270.0,271.3,270.7,271.43,4800,13.03,13,3600.0, 75.00,2026-05-20
PENIND, EQ, 20-May-2026,151.69,151.0,151.62,149.0,150.0,149.56,150.04,278440,417.76,4026,134192.0, 48.19,2026-05-20
PENINLAND, BE, 20-May-2026,16.55,16.25,16.95,16.25,16.55,16.42,16.47,32206,5.31,136,, -,2026-05-20
PERSISTENT, EQ, 20-May-2026,5066.3,5040.1,5149.0,4986.3,5092.0,5084.1,5102.0,552055,28165.84,49455,236960.0, 42.92,2026-05-20
PETRONET, EQ, 20-May-2026,265.15,265.15,267.5,261.35,265.05,264.65,263.98,2022657,5339.44,38485,1220712.0, 60.35,2026-05-20
PFC, EQ, 20-May-2026,431.6,430.0,432.45,422.35,432.0,429.35,426.19,4861888,20721.06,64741,2692145.0, 55.37,2026-05-20
PFIZER, EQ, 20-May-2026,4785.4,4808.9,4816.2,4656.0,4680.0,4687.6,4688.44,36554,1713.81,7966,17894.0, 48.95,2026-05-20
PFOCUS, BE, 20-May-2026,243.85,236.4,256.0,236.0,256.0,255.85,248.86,373426,929.32,2636,, -,2026-05-20
PFS, EQ, 20-May-2026,30.01,30.0,30.29,29.52,29.95,30.0,29.91,861760,257.78,2130,614707.0, 71.33,2026-05-20
PGEL, EQ, 20-May-2026,466.15,462.0,464.25,451.6,462.15,461.85,457.42,3676497,16816.92,66681,973958.0, 26.49,2026-05-20
PGHH, EQ, 20-May-2026,9706.0,9750.0,9819.0,9570.0,9635.0,9621.0,9693.93,9227,894.46,2221,5740.0, 62.21,2026-05-20
PGHL, EQ, 20-May-2026,5340.5,5306.0,5399.0,5306.0,5320.0,5358.0,5361.68,8106,434.62,2581,4420.0, 54.53,2026-05-20
PGIL, EQ, 20-May-2026,1604.5,1599.0,1636.0,1580.7,1594.7,1591.6,1604.9,72009,1155.67,9198,29076.0, 40.38,2026-05-20
PGINVIT, IV, 20-May-2026,94.62,91.72,92.14,90.8,92.04,92.0,91.78,2238479,2054.4,30615,1788184.0, 79.88,2026-05-20
PHANTOMFX, SM, 20-May-2026,181.3,184.0,184.0,177.0,177.05,177.1,178.82,24300,43.45,66,19500.0, 80.25,2026-05-20
PHARMABEES, EQ, 20-May-2026,25.54,25.78,25.78,25.42,25.55,25.5,25.6,8179258,2093.86,10755,5703481.0, 69.73,2026-05-20
PHOENIXLTD, EQ, 20-May-2026,1721.8,1710.0,1750.5,1689.5,1746.8,1745.3,1724.93,289616,4995.66,21199,161350.0, 55.71,2026-05-20
PHOGLOBAL, SM, 20-May-2026,17.5,18.0,18.0,18.0,18.0,18.0,18.0,2000,0.36,1,2000.0, 100.00,2026-05-20
PICCADIL, EQ, 20-May-2026,577.4,574.5,582.25,570.5,579.0,578.2,576.06,64128,369.42,5329,33278.0, 51.89,2026-05-20
PIDILITIND, EQ, 20-May-2026,1455.8,1440.0,1465.0,1431.4,1465.0,1455.6,1451.64,356329,5172.62,25405,188399.0, 52.87,2026-05-20
PIGL, EQ, 20-May-2026,103.97,104.11,105.0,98.27,100.8,101.29,101.36,51336,52.03,1085,30773.0, 59.94,2026-05-20
PIIND, EQ, 20-May-2026,3124.6,2950.0,2950.0,2860.1,2890.0,2901.2,2906.89,2199076,63924.64,106363,730475.0, 33.22,2026-05-20
PILANIINVS, EQ, 20-May-2026,4408.6,4364.0,4470.0,4357.9,4470.0,4437.8,4411.86,1114,49.15,366,465.0, 41.74,2026-05-20
PILITA, BE, 20-May-2026,8.04,8.04,8.42,7.81,8.2,7.96,8.11,28963,2.35,106,, -,2026-05-20
PINELABS, EQ, 20-May-2026,149.39,149.0,150.41,143.34,149.1,149.27,147.91,4926826,7287.27,116317,2208737.0, 44.83,2026-05-20
PIONEEREMB, EQ, 20-May-2026,25.27,25.15,28.3,24.12,27.0,26.86,26.44,39258,10.38,146,28692.0, 73.09,2026-05-20
PIONRINV, EQ, 20-May-2026,118.91,114.06,121.99,113.02,117.85,115.59,115.16,829,0.95,50,670.0, 80.82,2026-05-20
PIRAMALFIN, EQ, 20-May-2026,1936.2,1936.4,1938.9,1900.2,1920.5,1925.5,1920.25,519303,9971.92,23480,394287.0, 75.93,2026-05-20
PITTIENG, EQ, 20-May-2026,921.65,910.0,930.6,899.05,923.45,914.4,918.47,33634,308.92,2527,19073.0, 56.71,2026-05-20
PIXTRANS, EQ, 20-May-2026,1531.9,1528.0,1549.0,1525.0,1534.9,1538.0,1537.14,5410,83.16,511,2909.0, 53.77,2026-05-20
PKTEA, EQ, 20-May-2026,825.0,820.0,824.0,778.0,781.2,781.1,799.16,308,2.46,50,228.0, 74.03,2026-05-20
PLASTIBLEN, EQ, 20-May-2026,165.92,166.0,167.0,163.54,167.0,165.5,165.39,5841,9.66,180,3400.0, 58.21,2026-05-20
PLATIND, EQ, 20-May-2026,225.04,222.05,224.09,220.0,223.5,223.54,222.5,29781,66.26,946,15696.0, 52.70,2026-05-20
PLAZACABLE, BE, 20-May-2026,46.76,46.76,48.5,45.6,48.45,48.48,47.45,38711,18.37,337,, -,2026-05-20
PML, EQ, 20-May-2026,556.0,555.1,555.1,531.0,555.0,555.0,542.6,396,2.15,44,388.0, 97.98,2026-05-20
PNB, EQ, 20-May-2026,101.3,100.39,102.45,99.67,102.28,102.22,101.45,20380676,20676.67,54190,8407177.0, 41.25,2026-05-20
PNBGILTS, EQ, 20-May-2026,72.7,72.4,82.3,71.46,79.8,79.27,79.73,12286922,9796.19,58482,1007181.0, 8.20,2026-05-20
PNBHOUSING, EQ, 20-May-2026,1064.5,1061.0,1070.0,1054.2,1059.5,1060.8,1060.0,1175898,12464.55,27697,777098.0, 66.09,2026-05-20
PNC, EQ, 20-May-2026,19.09,19.09,19.79,18.14,18.65,18.62,18.46,15762,2.91,194,11697.0, 74.21,2026-05-20
PNCINFRA, EQ, 20-May-2026,214.09,218.08,220.0,207.85,208.99,209.08,211.29,631368,1334.01,13906,184123.0, 29.16,2026-05-20
PNGJL, EQ, 20-May-2026,521.3,518.0,526.9,509.0,522.5,521.25,517.97,758095,3926.69,15528,377291.0, 49.77,2026-05-20
PNGSREVA, EQ, 20-May-2026,381.4,376.15,411.8,376.15,410.0,408.4,398.46,516711,2058.9,16260,187901.0, 36.36,2026-05-20
POCL, EQ, 20-May-2026,1529.8,1517.8,1544.3,1436.4,1454.4,1457.4,1481.21,405673,6008.89,22304,189830.0, 46.79,2026-05-20
PODDARMENT, EQ, 20-May-2026,245.45,245.0,253.3,240.0,252.45,250.0,245.87,2305,5.67,141,1950.0, 84.60,2026-05-20
POKARNA, EQ, 20-May-2026,846.1,839.7,860.2,819.4,826.5,824.25,833.6,49909,416.04,2926,23200.0, 46.48,2026-05-20
POLICYBZR, EQ, 20-May-2026,1804.8,1771.2,1845.5,1771.2,1834.2,1830.0,1826.13,3459259,63170.63,141743,2357002.0, 68.14,2026-05-20
POLYCAB, EQ, 20-May-2026,9162.5,9068.0,9238.0,9016.5,9177.0,9199.0,9166.97,320359,29367.21,41464,161162.0, 50.31,2026-05-20
POLYMED, EQ, 20-May-2026,1455.1,1455.0,1489.0,1428.2,1464.9,1459.4,1461.13,83292,1217.01,10645,39495.0, 47.42,2026-05-20
POLYPLEX, EQ, 20-May-2026,886.2,873.0,892.35,873.0,886.0,888.6,887.18,12858,114.07,1140,6293.0, 48.94,2026-05-20
POLYSIL, ST, 20-May-2026,134.95,134.95,141.65,134.95,141.65,141.65,139.89,7000,9.79,13,7000.0, 100.00,2026-05-20
PONNIERODE, EQ, 20-May-2026,306.5,306.5,309.65,303.0,305.1,306.15,305.64,3883,11.87,308,2241.0, 57.71,2026-05-20
POONAWALLA, EQ, 20-May-2026,404.5,399.0,402.3,394.3,400.1,400.1,398.85,1670115,6661.27,30403,921912.0, 55.20,2026-05-20
POSITRON, ST, 20-May-2026,189.1,190.0,190.05,180.0,183.5,183.7,184.58,9900,18.27,29,8400.0, 84.85,2026-05-20
POWERGRID, EQ, 20-May-2026,298.6,297.5,300.8,294.55,300.7,299.9,298.09,5672695,16909.74,78226,3364366.0, 59.31,2026-05-20
POWERICA, EQ, 20-May-2026,540.35,541.9,579.9,524.4,558.9,559.25,559.76,512083,2866.44,15977,196967.0, 38.46,2026-05-20
POWERINDIA, EQ, 20-May-2026,33360.0,33000.0,35790.0,32710.0,35700.0,35525.0,34795.78,252759,87949.47,68853,63458.0, 25.11,2026-05-20
POWERMECH, EQ, 20-May-2026,2479.6,2480.0,2509.4,2448.0,2466.0,2459.8,2481.89,81475,2022.12,14042,35710.0, 43.83,2026-05-20
PPAP, EQ, 20-May-2026,210.62,207.54,213.55,205.05,208.6,208.06,208.0,16763,34.87,631,10576.0, 63.09,2026-05-20
PPL, EQ, 20-May-2026,183.7,183.25,188.88,180.18,185.15,186.89,185.13,62811,116.28,2014,27525.0, 43.82,2026-05-20
PPLPHARMA, EQ, 20-May-2026,173.23,172.8,177.0,170.2,176.2,176.35,174.51,2796890,4880.91,30556,866266.0, 30.97,2026-05-20
PPSL, ST, 20-May-2026,6.45,6.4,6.4,6.4,6.4,6.4,6.4,3000,0.19,1,3000.0, 100.00,2026-05-20
PRABHA, EQ, 20-May-2026,168.52,168.0,170.0,165.2,167.0,167.23,166.76,26408,44.04,593,15761.0, 59.68,2026-05-20
PRADPME, EQ, 20-May-2026,395.9,402.7,428.0,390.1,396.0,395.4,408.28,34972,142.78,1912,18485.0, 52.86,2026-05-20
PRAENG, EQ, 20-May-2026,21.53,21.98,21.98,21.2,21.6,21.54,21.56,28895,6.23,194,25239.0, 87.35,2026-05-20
PRAJIND, EQ, 20-May-2026,386.05,386.0,394.05,382.45,385.2,386.8,389.05,1094608,4258.59,26343,419181.0, 38.30,2026-05-20
PRAKASH, EQ, 20-May-2026,146.97,146.91,148.74,143.62,147.7,147.57,147.22,241966,356.22,3204,121432.0, 50.19,2026-05-20
PRAKASHSTL, EQ, 20-May-2026,4.34,4.34,4.4,4.28,4.39,4.37,4.35,61505,2.68,246,42778.0, 69.55,2026-05-20
PRAMARA, SM, 20-May-2026,309.15,270.05,275.0,247.35,247.35,247.35,251.45,210000,528.04,196,138000.0, 65.71,2026-05-20
PRATHAM, SM, 20-May-2026,134.5,133.95,136.0,130.3,132.05,132.2,133.17,4000,5.33,9,2400.0, 60.00,2026-05-20
PRAVEG, EQ, 20-May-2026,246.7,251.05,259.8,249.55,259.0,255.2,255.05,52205,133.15,1241,40649.0, 77.86,2026-05-20
PRAXIS, BE, 20-May-2026,7.54,7.72,7.75,7.18,7.18,7.22,7.34,78094,5.73,114,, -,2026-05-20
PRECAM, EQ, 20-May-2026,149.22,148.63,152.28,146.52,149.1,149.96,149.72,190679,285.48,3643,62878.0, 32.98,2026-05-20
PRECOT, EQ, 20-May-2026,650.95,660.05,716.0,660.0,716.0,716.0,700.48,19755,138.38,581,16120.0, 81.60,2026-05-20
PRECWIRE, EQ, 20-May-2026,381.9,378.0,399.5,369.0,396.0,396.6,391.96,685932,2688.59,19806,193121.0, 28.15,2026-05-20
PREMCO, EQ, 20-May-2026,392.4,392.4,399.95,385.0,392.0,391.05,388.32,635,2.47,82,566.0, 89.13,2026-05-20
PREMEXPLN, EQ, 20-May-2026,524.75,520.5,566.9,512.2,554.5,556.45,548.03,675195,3700.27,16806,258746.0, 38.32,2026-05-20
PREMIER, BE, 20-May-2026,3.01,3.04,3.04,2.92,3.03,3.03,2.98,1853,0.06,24,, -,2026-05-20
PREMIERENE, EQ, 20-May-2026,983.1,983.1,995.5,976.8,994.0,992.4,988.68,1042987,10311.77,20205,478217.0, 45.85,2026-05-20
PREMIERPOL, BE, 20-May-2026,53.36,54.0,55.99,53.95,55.95,55.87,55.42,93040,51.57,435,, -,2026-05-20
PREMIUM, SM, 20-May-2026,37.8,37.8,37.8,36.5,36.5,36.5,36.78,15000,5.52,5,15000.0, 100.00,2026-05-20
PRESSTONIC, ST, 20-May-2026,38.0,36.1,38.75,36.1,36.1,36.1,36.28,88000,31.93,80,80000.0, 90.91,2026-05-20
PRESTIGE, EQ, 20-May-2026,1377.1,1366.0,1395.0,1340.6,1392.0,1387.8,1378.38,359769,4958.98,17331,158396.0, 44.03,2026-05-20
PRICOLLTD, EQ, 20-May-2026,544.75,544.25,544.25,531.35,538.0,538.3,537.83,583395,3137.69,23080,256058.0, 43.89,2026-05-20
PRIMECAB, ST, 20-May-2026,118.9,115.0,115.0,113.0,113.0,113.2,113.11,68800,77.82,34,67200.0, 97.67,2026-05-20
PRIMESECU, EQ, 20-May-2026,279.55,278.2,287.95,276.0,285.5,281.2,281.83,18736,52.8,726,7486.0, 39.96,2026-05-20
PRIMO, EQ, 20-May-2026,22.93,23.35,23.35,22.5,22.52,22.57,22.76,124624,28.36,2118,59224.0, 47.52,2026-05-20
PRINCEPIPE, EQ, 20-May-2026,269.15,272.5,295.95,262.0,265.0,265.1,281.86,12008964,33848.0,140935,1566442.0, 13.04,2026-05-20
PRITI, EQ, 20-May-2026,43.17,42.56,45.0,42.4,44.54,44.7,43.44,4544,1.97,120,4081.0, 89.81,2026-05-20
PRITIKAUTO, EQ, 20-May-2026,13.7,13.7,13.82,13.31,13.74,13.62,13.61,48839,6.65,461,35417.0, 72.52,2026-05-20
PRIVISCL, EQ, 20-May-2026,3086.0,3100.0,3212.0,3079.5,3209.9,3173.0,3151.2,88932,2802.42,11630,57219.0, 64.34,2026-05-20
PRIZOR, ST, 20-May-2026,658.05,632.0,670.05,628.05,669.5,669.5,657.0,17600,115.63,40,16400.0, 93.18,2026-05-20
PROFX, SM, 20-May-2026,79.1,81.0,81.25,81.0,81.25,81.25,81.14,6400,5.19,3,6400.0, 100.00,2026-05-20
PROPEQUITY, SM, 20-May-2026,225.0,224.95,259.0,224.95,259.0,253.1,242.94,20400,49.56,27,16800.0, 82.35,2026-05-20
PROSTARM, EQ, 20-May-2026,148.22,148.1,154.7,145.45,152.0,151.66,149.34,236382,353.0,3362,117935.0, 49.89,2026-05-20
PROTEAN, EQ, 20-May-2026,548.55,547.8,551.7,535.55,548.0,545.2,543.42,161638,878.38,6860,64330.0, 39.80,2026-05-20
PROV, SM, 20-May-2026,1557.0,1510.0,1605.0,1480.0,1598.0,1598.0,1567.19,3280,51.4,33,3040.0, 92.68,2026-05-20
PROZONER, EQ, 20-May-2026,50.84,50.5,53.69,49.77,53.2,53.15,52.19,386326,201.61,1815,190072.0, 49.20,2026-05-20
PRSMJOHNSN, EQ, 20-May-2026,125.14,124.89,124.89,120.0,120.2,120.46,121.09,493277,597.3,12620,261349.0, 52.98,2026-05-20
PRUDENT, EQ, 20-May-2026,2726.2,2705.0,2770.0,2645.0,2709.4,2690.9,2662.82,46155,1229.03,13555,27012.0, 58.52,2026-05-20
PRUDMOULI, EQ, 20-May-2026,14.93,14.99,15.55,14.86,15.4,15.38,15.18,4353,0.66,92,3035.0, 69.72,2026-05-20
PSB, EQ, 20-May-2026,23.51,23.55,23.6,23.15,23.6,23.54,23.42,826589,193.59,3614,264229.0, 31.97,2026-05-20
PSFL, SM, 20-May-2026,31.0,31.0,31.0,31.0,31.0,31.0,31.0,4000,1.24,2,4000.0, 100.00,2026-05-20
PSPPROJECT, EQ, 20-May-2026,773.0,767.9,773.8,758.1,772.0,767.15,765.91,30263,231.79,2439,12630.0, 41.73,2026-05-20
PSRAJ, SM, 20-May-2026,393.8,394.5,413.45,380.0,400.0,400.0,401.23,13000,52.16,23,11000.0, 84.62,2026-05-20
PSUBANK, EQ, 20-May-2026,794.36,794.08,801.92,784.63,801.68,800.5,792.34,94319,747.32,824,12154.0, 12.89,2026-05-20
PSUBANKADD, EQ, 20-May-2026,80.24,79.43,81.0,79.05,80.71,80.58,80.22,33340,26.75,256,22864.0, 68.58,2026-05-20
PSUBNKBEES, EQ, 20-May-2026,88.93,87.43,89.33,86.7,89.2,89.24,88.29,2341523,2067.29,8630,1211225.0, 51.73,2026-05-20
PSUBNKIETF, EQ, 20-May-2026,80.78,82.79,82.79,79.51,81.3,81.01,80.3,202673,162.75,1337,90017.0, 44.41,2026-05-20
PTC, EQ, 20-May-2026,207.14,199.43,201.87,187.74,195.6,196.32,193.22,6097777,11781.87,59986,1704509.0, 27.95,2026-05-20
PTCIL, EQ, 20-May-2026,16221.0,16122.0,16122.0,15745.0,15780.0,15796.0,15954.61,13400,2137.92,3855,7637.0, 56.99,2026-05-20
PTL, EQ, 20-May-2026,38.9,38.9,39.3,38.55,38.55,39.0,39.05,15533,6.07,598,12986.0, 83.60,2026-05-20
PULZ, SM, 20-May-2026,22.9,23.0,23.0,23.0,23.0,23.0,23.0,2000,0.46,1,2000.0, 100.00,2026-05-20
PUNJABCHEM, EQ, 20-May-2026,1012.4,1019.4,1030.2,1009.9,1022.9,1017.8,1018.24,4226,43.03,537,2311.0, 54.69,2026-05-20
PURPLEUTED, SM, 20-May-2026,353.9,361.0,371.55,360.0,371.55,371.55,368.32,11250,41.44,38,10500.0, 93.33,2026-05-20
PURVA, EQ, 20-May-2026,233.09,233.0,233.0,220.0,220.95,221.23,223.87,872317,1952.89,13814,191118.0, 21.91,2026-05-20
PURVFLEXI, ST, 20-May-2026,58.0,60.45,60.45,60.45,60.45,60.45,60.45,1600,0.97,2,1600.0, 100.00,2026-05-20
PVP, EQ, 20-May-2026,25.83,25.83,26.99,25.1,26.1,25.99,25.62,503189,128.89,3013,233019.0, 46.31,2026-05-20
PVRINOX, EQ, 20-May-2026,1013.8,1005.0,1005.0,993.0,993.0,996.1,998.23,106849,1066.6,8658,57307.0, 53.63,2026-05-20
PVSL, EQ, 20-May-2026,100.04,96.7,107.0,96.7,106.0,105.58,102.59,36001,36.93,1045,23855.0, 66.26,2026-05-20
PVTBANIETF, EQ, 20-May-2026,26.17,26.17,26.3,25.86,26.26,26.23,26.15,5148125,1346.05,2566,4599449.0, 89.34,2026-05-20
PVTBANKADD, EQ, 20-May-2026,26.31,26.06,26.69,26.04,26.69,26.4,26.33,21403,5.64,105,12298.0, 57.46,2026-05-20
PWL, EQ, 20-May-2026,113.34,113.5,115.0,112.01,112.6,112.55,112.93,2585143,2919.34,20775,959293.0, 37.11,2026-05-20
PYRAMID, EQ, 20-May-2026,170.81,173.37,174.5,166.29,172.61,169.8,170.09,34595,58.84,758,22054.0, 63.75,2026-05-20
QGOLDHALF, EQ, 20-May-2026,131.27,130.92,130.92,128.59,130.9,130.89,130.73,99852,130.54,502,80254.0, 80.37,2026-05-20
QMSMEDI, SM, 20-May-2026,83.0,81.15,84.0,81.15,84.0,84.0,83.28,4000,3.33,4,3000.0, 75.00,2026-05-20
QNIFTY, EQ, 20-May-2026,258.75,256.99,259.4,256.8,259.2,259.2,258.97,6294,16.3,91,5326.0, 84.62,2026-05-20
QPOWER, BE, 20-May-2026,1017.6,1011.8,1068.4,970.1,1068.4,1068.4,1039.97,304189,3163.49,8468,, -,2026-05-20
QUADFUTURE, EQ, 20-May-2026,289.3,285.0,287.85,281.7,283.75,283.45,283.75,205676,583.6,3703,106103.0, 51.59,2026-05-20
QUAL30IETF, EQ, 20-May-2026,20.79,20.66,20.88,20.61,20.88,20.79,20.74,42547,8.82,216,25888.0, 60.85,2026-05-20
QUALITY30, EQ, 20-May-2026,20.45,20.27,20.4,20.27,20.39,20.37,20.35,7382,1.5,37,3896.0, 52.78,2026-05-20
QUESS, EQ, 20-May-2026,205.46,204.1,204.1,200.42,202.3,201.86,201.57,110264,222.26,4349,56439.0, 51.19,2026-05-20
QUESTLAB, ST, 20-May-2026,106.95,106.25,110.5,105.5,109.25,108.6,107.72,16800,18.1,12,15600.0, 92.86,2026-05-20
QUICKHEAL, EQ, 20-May-2026,205.27,204.81,213.0,203.03,212.4,211.99,208.99,1162781,2430.11,17258,189937.0, 16.33,2026-05-20
QUICKTOUCH, SM, 20-May-2026,25.5,26.0,26.0,26.0,26.0,26.0,26.0,500,0.13,1,500.0, 100.00,2026-05-20
QUINT, EQ, 20-May-2026,39.84,40.55,40.55,37.55,38.9,38.9,38.97,6834,2.66,57,5938.0, 86.89,2026-05-20
RACE, BE, 20-May-2026,121.3,125.0,125.0,120.05,120.11,120.12,121.54,659,0.8,23,, -,2026-05-20
RACLGEAR, EQ, 20-May-2026,1266.4,1254.0,1278.9,1240.0,1276.0,1270.0,1255.74,12787,160.57,1348,8212.0, 64.22,2026-05-20
RADAAN, EQ, 20-May-2026,2.99,2.99,3.09,2.83,2.95,2.92,2.97,20160,0.6,91,12839.0, 63.69,2026-05-20
RADHIKAJWE, EQ, 20-May-2026,57.74,57.0,59.5,56.55,58.0,59.14,58.21,159257,92.7,1700,63958.0, 40.16,2026-05-20
RADIANTCMS, EQ, 20-May-2026,40.55,40.6,41.0,40.0,40.36,40.56,40.59,50709,20.58,729,30963.0, 61.06,2026-05-20
RADICO, EQ, 20-May-2026,3599.9,3600.3,3679.0,3555.7,3566.0,3565.9,3604.92,302978,10922.11,44379,125707.0, 41.49,2026-05-20
RADIOCITY, EQ, 20-May-2026,6.17,6.19,6.19,5.96,6.14,6.1,6.1,36154,2.21,57,36064.0, 99.75,2026-05-20
RADIOWALLA, SM, 20-May-2026,32.95,31.35,32.9,31.35,32.9,32.9,32.13,3200,1.03,2,1600.0, 50.00,2026-05-20
RAILTEL, EQ, 20-May-2026,317.35,315.0,322.0,313.0,320.75,320.3,317.46,613119,1946.38,11751,162393.0, 26.49,2026-05-20
RAIN, EQ, 20-May-2026,153.51,152.0,154.5,147.9,152.8,152.84,152.44,1847467,2816.24,17328,624111.0, 33.78,2026-05-20
RAINBOW, EQ, 20-May-2026,1350.7,1350.0,1358.3,1325.2,1339.6,1342.0,1343.01,103440,1389.2,11153,58702.0, 56.75,2026-05-20
RAJESHEXPO, BZ, 20-May-2026,108.4,110.88,110.88,105.81,108.6,108.68,108.36,50108,54.3,1278,, -,2026-05-20
RAJMET, EQ, 20-May-2026,3.84,3.91,3.97,3.82,3.9,3.91,3.9,157661,6.15,970,121818.0, 77.27,2026-05-20
RAJOOENG, EQ, 20-May-2026,54.67,54.49,55.0,53.91,54.67,54.65,54.64,139234,76.08,1464,78381.0, 56.29,2026-05-20
RAJPALAYAM, EQ, 20-May-2026,776.5,776.0,776.0,749.0,757.0,757.0,765.57,1751,13.41,60,1491.0, 85.15,2026-05-20
RAJPUTANA, SM, 20-May-2026,233.0,230.65,241.0,230.65,241.0,241.0,237.92,2500,5.95,5,2000.0, 80.00,2026-05-20
RAJRATAN, EQ, 20-May-2026,410.1,406.0,416.5,405.1,409.0,410.2,410.67,51595,211.88,4417,27336.0, 52.98,2026-05-20
RAJRILTD, BE, 20-May-2026,20.18,20.44,20.44,19.78,19.78,19.98,20.06,18510,3.71,133,, -,2026-05-20
RAJSREESUG, EQ, 20-May-2026,32.98,33.7,34.7,33.1,34.24,33.95,34.1,33943,11.57,291,22893.0, 67.45,2026-05-20
RAJTV, EQ, 20-May-2026,20.67,20.4,20.97,20.4,20.5,20.53,20.65,4450,0.92,51,4199.0, 94.36,2026-05-20
RALLIS, EQ, 20-May-2026,253.1,250.25,253.75,247.4,248.5,247.9,249.41,286256,713.95,8843,141741.0, 49.52,2026-05-20
RAMANEWS, EQ, 20-May-2026,29.8,30.0,30.2,29.6,29.65,29.71,29.83,11382,3.4,72,8657.0, 76.06,2026-05-20
RAMAPHO, EQ, 20-May-2026,119.02,119.0,123.87,117.99,122.04,122.04,121.67,51319,62.44,874,30492.0, 59.42,2026-05-20
RAMASTEEL, EQ, 20-May-2026,5.17,5.14,5.19,5.07,5.16,5.15,5.15,2266743,116.7,3814,1441879.0, 63.61,2026-05-20
RAMCOCEM, EQ, 20-May-2026,906.65,912.0,913.0,875.0,885.15,879.95,882.7,266786,2354.92,16652,140987.0, 52.85,2026-05-20
RAMCOIND, EQ, 20-May-2026,270.15,268.5,276.0,266.05,276.0,273.95,271.06,29270,79.34,1107,17404.0, 59.46,2026-05-20
RAMCOSYS, EQ, 20-May-2026,394.35,394.5,399.9,386.5,390.5,392.95,392.78,37654,147.9,1742,11760.0, 31.23,2026-05-20
RAMKY, EQ, 20-May-2026,448.1,444.0,454.8,438.6,445.0,444.35,446.88,40982,183.14,1757,20178.0, 49.24,2026-05-20
RAMRAT, EQ, 20-May-2026,425.6,421.0,442.0,417.55,439.85,437.85,428.28,113194,484.78,4639,61778.0, 54.58,2026-05-20
RANASUG, EQ, 20-May-2026,12.78,12.87,13.12,12.57,12.7,12.65,12.81,172495,22.1,943,92970.0, 53.90,2026-05-20
RANEHOLDIN, EQ, 20-May-2026,1485.9,1466.0,1499.0,1443.9,1495.0,1472.0,1462.79,30986,453.26,2101,19520.0, 63.00,2026-05-20
RAPIDFLEET, SM, 20-May-2026,174.0,180.0,186.1,180.0,186.1,186.1,183.39,4800,8.8,8,600.0, 12.50,2026-05-20
RAPPID, SM, 20-May-2026,261.0,261.0,261.0,243.9,249.5,249.5,248.54,18000,44.74,30,10800.0, 60.00,2026-05-20
RATEGAIN, EQ, 20-May-2026,673.6,673.55,682.0,656.95,660.6,659.5,669.2,307225,2055.96,10307,171397.0, 55.79,2026-05-20
RATNAMANI, EQ, 20-May-2026,2532.9,2500.0,2555.0,2463.3,2532.0,2539.8,2509.63,29425,738.46,4458,9171.0, 31.17,2026-05-20
RATNAVEER, EQ, 20-May-2026,180.8,180.5,190.0,176.15,183.84,182.91,185.01,2390112,4421.86,19554,635599.0, 26.59,2026-05-20
RAYMOND, EQ, 20-May-2026,520.05,520.0,551.3,509.85,542.0,541.5,539.47,2395859,12925.03,42333,586343.0, 24.47,2026-05-20
RAYMONDLSL, EQ, 20-May-2026,743.65,743.65,743.7,722.0,729.95,727.4,726.95,212491,1544.7,10010,111289.0, 52.37,2026-05-20
RAYMONDREL, EQ, 20-May-2026,579.6,573.8,577.65,560.75,564.0,565.3,568.23,337831,1919.67,8165,132371.0, 39.18,2026-05-20
RBA, EQ, 20-May-2026,68.28,67.75,68.9,66.7,68.48,68.43,67.93,4671278,3173.39,8124,3595852.0, 76.98,2026-05-20
RBLBANK, EQ, 20-May-2026,323.65,322.0,329.6,318.45,329.5,328.5,324.18,3142131,10186.1,34491,898104.0, 28.58,2026-05-20
RBMINFRA, SM, 20-May-2026,358.25,374.0,374.0,350.0,374.0,370.65,365.1,10400,37.97,49,7000.0, 67.31,2026-05-20
RBS, ST, 20-May-2026,99.0,101.0,102.0,101.0,102.0,102.0,101.75,3200,3.26,4,3200.0, 100.00,2026-05-20
RBZJEWEL, EQ, 20-May-2026,123.52,122.5,126.9,121.44,123.41,124.55,124.0,28744,35.64,928,15829.0, 55.07,2026-05-20
RCDL, SM, 20-May-2026,21.8,22.1,22.1,22.1,22.1,22.1,22.1,3000,0.66,1,3000.0, 100.00,2026-05-20
RCF, EQ, 20-May-2026,124.42,122.9,124.65,121.96,124.0,124.18,123.59,813385,1005.28,8168,207418.0, 25.50,2026-05-20
RCOM, BE, 20-May-2026,0.92,0.92,0.93,0.91,0.92,0.91,0.92,1974508,18.16,1337,, -,2026-05-20
READYMIX, SM, 20-May-2026,85.0,85.05,85.05,85.0,85.0,85.0,85.03,2000,1.7,2,2000.0, 100.00,2026-05-20
RECLTD, EQ, 20-May-2026,334.25,333.4,335.0,328.15,334.25,333.0,331.16,3723835,12331.69,43411,1624515.0, 43.62,2026-05-20
REDINGTON, EQ, 20-May-2026,221.24,221.0,228.25,219.54,224.47,224.18,224.59,6533566,14674.05,70699,3810083.0, 58.32,2026-05-20
REDTAPE, EQ, 20-May-2026,128.39,127.99,129.75,125.1,126.8,128.31,126.91,143448,182.04,3700,65475.0, 45.64,2026-05-20
REFEX, EQ, 20-May-2026,274.35,271.8,279.7,269.55,277.25,277.05,275.67,862529,2377.72,14454,277276.0, 32.15,2026-05-20
REFRACTORY, SM, 20-May-2026,38.4,38.25,40.3,38.25,40.3,40.3,39.86,8000,3.19,7,8000.0, 100.00,2026-05-20
REGAAL, BE, 20-May-2026,78.64,79.5,81.0,77.26,78.85,79.3,79.61,117332,93.41,545,, -,2026-05-20
REGENCERAM, EQ, 20-May-2026,42.43,42.43,42.6,42.43,42.6,42.6,42.48,194,0.08,6,194.0, 100.00,2026-05-20
RELAXO, EQ, 20-May-2026,290.75,290.75,293.5,285.0,291.0,291.3,289.9,38822,112.54,2210,15515.0, 39.96,2026-05-20
RELCHEMQ, EQ, 20-May-2026,121.47,121.46,122.0,119.6,121.39,121.34,120.73,1038,1.25,58,776.0, 74.76,2026-05-20
RELIABLE, EQ, 20-May-2026,132.21,132.85,132.85,127.65,132.35,132.09,130.68,33083,43.23,747,18141.0, 54.83,2026-05-20
RELIANCE, EQ, 20-May-2026,1322.7,1318.7,1362.9,1312.6,1360.3,1359.7,1345.23,13248515,178223.11,227919,6957215.0, 52.51,2026-05-20
RELIGARE, EQ, 20-May-2026,228.07,225.0,229.02,224.57,227.1,228.52,227.82,929638,2117.93,8457,627811.0, 67.53,2026-05-20
RELTD, EQ, 20-May-2026,125.54,126.0,129.0,124.02,129.0,128.5,126.53,62514,79.1,1357,29531.0, 47.24,2026-05-20
REMSONSIND, EQ, 20-May-2026,99.14,101.99,101.99,95.5,98.0,97.52,97.37,249561,243.0,2313,135557.0, 54.32,2026-05-20
REMUS, SM, 20-May-2026,881.6,879.95,890.0,823.0,846.0,855.25,853.39,41400,353.3,287,20100.0, 48.55,2026-05-20
RENUKA, EQ, 20-May-2026,23.6,23.6,24.48,23.37,24.32,24.28,24.09,10096403,2432.68,17485,2593610.0, 25.69,2026-05-20
REPCOHOME, EQ, 20-May-2026,395.8,391.0,397.45,387.25,397.0,393.25,390.53,107485,419.76,2617,57579.0, 53.57,2026-05-20
REPL, EQ, 20-May-2026,70.09,69.25,72.18,69.25,71.35,71.34,70.6,3929,2.77,71,2892.0, 73.61,2026-05-20
REPRO, EQ, 20-May-2026,360.65,359.9,365.15,356.3,360.0,360.25,359.63,5961,21.44,235,3893.0, 65.31,2026-05-20
RESPONIND, EQ, 20-May-2026,165.42,163.01,166.53,162.5,163.35,164.71,163.95,178788,293.13,2808,37200.0, 20.81,2026-05-20
RETAIL, EQ, 20-May-2026,19.53,19.4,20.97,18.75,20.08,20.08,20.24,1777,0.36,81,1419.0, 79.85,2026-05-20
REXPIPES, SM, 20-May-2026,182.35,190.0,190.0,188.9,188.9,188.9,189.08,6000,11.35,2,6000.0, 100.00,2026-05-20
REXPRO, SM, 20-May-2026,42.0,40.05,40.05,40.05,40.05,40.05,40.05,1000,0.4,1,1000.0, 100.00,2026-05-20
RFBL, ST, 20-May-2026,55.1,57.85,57.85,57.8,57.85,57.85,57.85,1647000,952.75,211,1419000.0, 86.16,2026-05-20
RGL, EQ, 20-May-2026,101.88,101.98,103.5,99.96,101.42,102.54,102.01,297264,303.25,2580,112506.0, 37.85,2026-05-20
RHETAN, EQ, 20-May-2026,27.4,27.78,28.07,27.02,27.8,27.96,27.76,8374639,2324.39,7473,2217262.0, 26.48,2026-05-20
RHFL, BZ, 20-May-2026,2.18,2.2,2.28,2.18,2.25,2.25,2.23,753976,16.81,770,, -,2026-05-20
RHIM, EQ, 20-May-2026,384.0,381.75,390.7,377.75,386.0,386.45,383.49,60327,231.35,4137,24601.0, 40.78,2026-05-20
RHL, EQ, 20-May-2026,182.08,182.08,192.01,182.08,190.0,190.75,189.96,30742,58.4,547,24925.0, 81.08,2026-05-20
RICHA, SM, 20-May-2026,81.15,81.5,82.35,81.5,81.5,81.55,81.58,26000,21.21,8,26000.0, 100.00,2026-05-20
RICOAUTO, EQ, 20-May-2026,113.78,113.95,115.87,111.99,114.45,114.83,114.45,682499,781.1,6250,193801.0, 28.40,2026-05-20
RIIL, EQ, 20-May-2026,743.65,742.0,750.45,733.7,746.0,747.55,742.84,50172,372.7,2639,13064.0, 26.04,2026-05-20
RIIT, IV, 20-May-2026,110.52,110.5,110.89,110.05,110.7,110.52,110.73,622205,688.94,347,617689.0, 99.27,2026-05-20
RILINFRA, SM, 20-May-2026,31.9,32.35,32.35,31.1,31.95,31.95,31.57,3200,1.01,18,2500.0, 78.13,2026-05-20
RISHABH, EQ, 20-May-2026,529.2,523.0,528.95,510.1,519.5,520.55,519.75,208441,1083.37,10136,49087.0, 23.55,2026-05-20
RITCO, EQ, 20-May-2026,264.77,262.0,263.51,253.6,261.96,260.82,260.12,46354,120.57,1251,26509.0, 57.19,2026-05-20
RITES, EQ, 20-May-2026,205.1,203.0,205.6,200.96,204.55,204.22,203.68,581308,1184.02,14156,167827.0, 28.87,2026-05-20
RITEZONE, ST, 20-May-2026,22.3,21.2,21.2,21.2,21.2,21.2,21.2,8000,1.7,5,6400.0, 80.00,2026-05-20
RKDL, EQ, 20-May-2026,20.86,20.53,21.18,20.5,20.5,20.56,20.73,7282,1.51,189,4765.0, 65.44,2026-05-20
RKEC, EQ, 20-May-2026,31.22,31.9,31.9,29.48,31.19,30.98,30.46,15176,4.62,275,9851.0, 64.91,2026-05-20
RKFORGE, EQ, 20-May-2026,568.45,562.35,563.65,555.0,559.9,557.9,558.68,252053,1408.17,7682,119878.0, 47.56,2026-05-20
RKSWAMY, EQ, 20-May-2026,92.17,98.0,104.4,96.48,97.4,97.86,99.6,511075,509.03,6096,209592.0, 41.01,2026-05-20
RMC, BE, 20-May-2026,412.25,412.25,412.25,395.25,396.55,399.75,400.49,12130,48.58,299,, -,2026-05-20
RMDRIP, EQ, 20-May-2026,19.02,18.6,19.97,18.34,19.58,19.47,19.31,1485315,286.78,3102,787627.0, 53.03,2026-05-20
RML, EQ, 20-May-2026,891.15,886.0,890.1,880.0,887.1,886.05,886.1,12684,112.39,824,7586.0, 59.81,2026-05-20
RNBDENIMS, EQ, 20-May-2026,11.69,11.71,11.71,11.28,11.45,11.42,11.41,343180,39.17,980,237222.0, 69.12,2026-05-20
RNFI, SM, 20-May-2026,270.3,273.95,275.1,270.0,275.1,275.1,273.7,3600,9.85,6,3000.0, 83.33,2026-05-20
RNPL, SM, 20-May-2026,132.7,126.0,126.0,119.45,124.0,121.55,120.42,43200,52.02,33,22800.0, 52.78,2026-05-20
ROCKINGDCE, SM, 20-May-2026,204.0,201.0,204.1,194.8,194.8,194.8,198.03,2250,4.46,6,2250.0, 100.00,2026-05-20
ROHLTD, EQ, 20-May-2026,326.55,330.15,331.45,325.0,329.0,326.85,327.68,17232,56.47,609,11985.0, 69.55,2026-05-20
ROLEXRINGS, EQ, 20-May-2026,141.99,141.49,144.2,139.65,143.79,143.64,142.36,621278,884.48,7553,194661.0, 31.33,2026-05-20
ROLLT, BE, 20-May-2026,2.07,2.09,2.15,2.05,2.07,2.06,2.1,389674,8.18,206,, -,2026-05-20
ROML, EQ, 20-May-2026,46.05,46.97,46.97,45.5,45.5,45.61,46.05,449,0.21,27,321.0, 71.49,2026-05-20
ROSSARI, EQ, 20-May-2026,504.95,500.0,514.8,492.9,507.0,507.4,503.62,116114,584.77,5536,48474.0, 41.75,2026-05-20
ROSSELLIND, EQ, 20-May-2026,55.31,55.31,56.05,53.0,55.03,55.31,54.9,11717,6.43,286,8566.0, 73.11,2026-05-20
ROSSTECH, EQ, 20-May-2026,901.6,897.0,914.75,880.05,900.1,903.7,897.56,48504,435.35,4154,14663.0, 30.23,2026-05-20
ROTO, EQ, 20-May-2026,57.11,56.8,57.5,56.28,56.48,56.68,56.8,221046,125.55,2318,132927.0, 60.14,2026-05-20
ROUTE, EQ, 20-May-2026,519.7,518.15,518.15,508.1,513.5,514.45,514.02,126888,652.24,7363,57541.0, 45.35,2026-05-20
ROXHITECH, ST, 20-May-2026,34.5,34.0,34.0,34.0,34.0,34.0,34.0,3200,1.09,2,3200.0, 100.00,2026-05-20
RPEL, EQ, 20-May-2026,917.0,917.95,923.75,897.05,904.05,910.65,908.25,73960,671.74,6047,32475.0, 43.91,2026-05-20
RPGLIFE, EQ, 20-May-2026,2282.6,2285.8,2355.0,2285.0,2286.0,2300.0,2317.82,10013,232.08,2361,4050.0, 40.45,2026-05-20
RPOWER, EQ, 20-May-2026,27.11,26.79,27.45,26.6,27.14,27.13,26.91,21470387,5777.09,29659,5560218.0, 25.90,2026-05-20
RPPINFRA, EQ, 20-May-2026,69.74,69.55,71.45,69.02,69.25,69.45,69.62,25212,17.55,677,12433.0, 49.31,2026-05-20
RPPL, EQ, 20-May-2026,16.12,16.2,16.53,15.76,16.38,16.12,16.13,20585,3.32,138,17307.0, 84.08,2026-05-20
RPSGVENT, EQ, 20-May-2026,930.45,935.0,960.0,921.8,955.0,951.25,947.49,37021,350.77,2389,17034.0, 46.01,2026-05-20
RPTECH, EQ, 20-May-2026,543.25,543.0,548.0,532.15,543.5,543.65,542.18,135659,735.52,7169,64035.0, 47.20,2026-05-20
RRIL, EQ, 20-May-2026,20.72,21.2,21.2,20.16,20.5,20.65,20.71,45431,9.41,135,29977.0, 65.98,2026-05-20
RRKABEL, EQ, 20-May-2026,1918.9,1914.0,1974.8,1900.0,1965.0,1962.4,1951.68,477800,9325.13,21748,196669.0, 41.16,2026-05-20
RSDFIN, EQ, 20-May-2026,79.45,84.0,88.85,84.0,84.0,84.94,85.37,1045,0.89,47,583.0, 55.79,2026-05-20
RSL, EQ, 20-May-2026,132.06,132.0,134.7,130.67,131.38,131.32,132.06,1562731,2063.7,4800,844757.0, 54.06,2026-05-20
RSSOFTWARE, BE, 20-May-2026,33.41,33.41,33.95,32.1,33.0,33.32,33.2,10754,3.57,86,, -,2026-05-20
RSWM, EQ, 20-May-2026,157.29,156.01,160.5,155.52,159.4,159.85,159.03,18535,29.48,552,12337.0, 66.56,2026-05-20
RSYSTEMS, EQ, 20-May-2026,278.45,277.35,277.35,272.25,274.95,274.2,274.26,98606,270.44,2918,32554.0, 33.01,2026-05-20
RTNINDIA, EQ, 20-May-2026,33.86,33.5,34.7,33.2,34.58,34.26,34.08,1678453,572.05,8225,545973.0, 32.53,2026-05-20
RTNPOWER, EQ, 20-May-2026,9.15,9.08,9.17,9.05,9.13,9.1,9.09,7285717,662.39,9564,2916467.0, 40.03,2026-05-20
RUBFILA, EQ, 20-May-2026,77.09,76.0,77.55,75.5,76.1,76.01,76.05,27643,21.02,579,22067.0, 79.83,2026-05-20
RUBICON, EQ, 20-May-2026,984.45,977.6,999.0,965.0,992.95,986.05,987.07,165298,1631.61,15128,74549.0, 45.10,2026-05-20
RUBYMILLS, EQ, 20-May-2026,228.49,226.38,232.48,226.25,230.0,228.08,229.59,6888,15.81,237,3087.0, 44.82,2026-05-20
RUCHINFRA, EQ, 20-May-2026,6.32,6.24,6.5,6.24,6.34,6.36,6.37,39546,2.52,120,23891.0, 60.41,2026-05-20
RUCHIRA, EQ, 20-May-2026,123.48,123.5,124.49,120.58,122.4,122.49,122.13,39939,48.78,383,31186.0, 78.08,2026-05-20
RUDRA, BE, 20-May-2026,20.46,20.61,20.61,19.75,20.5,20.08,20.19,29241,5.9,86,, -,2026-05-20
RULKA, SM, 20-May-2026,93.05,93.05,95.0,93.05,93.1,93.1,93.39,1800,1.68,5,1200.0, 66.67,2026-05-20
RUPA, EQ, 20-May-2026,146.26,145.0,148.85,140.87,146.1,147.08,146.38,98535,144.24,2367,35245.0, 35.77,2026-05-20
RUSHIL, EQ, 20-May-2026,15.43,15.98,15.98,15.32,15.7,15.65,15.5,122658,19.02,473,52391.0, 42.71,2026-05-20
RUSTOMJEE, EQ, 20-May-2026,400.4,401.0,401.0,392.4,392.4,394.9,395.91,30284,119.9,1771,17096.0, 56.45,2026-05-20
RVHL, EQ, 20-May-2026,40.66,40.01,41.22,39.61,39.98,39.98,40.0,22823,9.13,216,19600.0, 85.88,2026-05-20
RVNL, EQ, 20-May-2026,271.55,270.1,270.65,264.55,269.85,269.6,267.89,6452689,17285.84,49242,2068797.0, 32.06,2026-05-20
RVTH, EQ, 20-May-2026,669.4,650.0,684.0,650.0,684.0,680.65,670.69,13,0.09,5,13.0, 100.00,2026-05-20
S&SPOWER, BE, 20-May-2026,360.0,356.1,356.1,355.0,355.0,355.0,356.1,755,2.69,13,, -,2026-05-20
SAAKSHI, SM, 20-May-2026,234.45,234.45,234.45,234.45,234.45,234.45,234.45,1200,2.81,2,1200.0, 100.00,2026-05-20
SAATVIKGL, EQ, 20-May-2026,444.7,445.95,459.95,440.25,456.0,454.3,452.42,114041,515.94,3396,48365.0, 42.41,2026-05-20
SABAR, SM, 20-May-2026,4.9,5.1,5.1,5.1,5.1,5.1,5.1,10000,0.51,2,10000.0, 100.00,2026-05-20
SACHEEROME, SM, 20-May-2026,330.5,331.0,340.0,331.0,339.5,339.45,337.19,7500,25.29,23,5700.0, 76.00,2026-05-20
SADBHAV, BE, 20-May-2026,9.24,9.39,9.7,9.24,9.65,9.56,9.55,181647,17.36,299,, -,2026-05-20
SADBHIN, EQ, 20-May-2026,2.82,2.83,2.89,2.71,2.74,2.73,2.79,261300,7.29,429,178373.0, 68.26,2026-05-20
SADHAV, SM, 20-May-2026,103.9,104.4,111.0,100.15,110.0,110.0,105.77,25800,27.29,33,17400.0, 67.44,2026-05-20
SADHNANIQ, BE, 20-May-2026,2.36,2.32,2.4,2.32,2.4,2.4,2.33,8378931,195.57,729,, -,2026-05-20
SAFARI, EQ, 20-May-2026,1426.9,1426.9,1502.3,1402.6,1500.0,1495.2,1484.4,115166,1709.52,11330,39078.0, 33.93,2026-05-20
SAFEENTP, SM, 20-May-2026,263.5,271.0,271.05,253.4,255.0,256.2,261.56,94000,245.86,125,69000.0, 73.40,2026-05-20
SAGARDEEP, EQ, 20-May-2026,23.75,23.65,23.65,23.01,23.11,23.19,23.29,1258,0.29,45,1201.0, 95.47,2026-05-20
SAGCEM, EQ, 20-May-2026,176.65,176.65,183.89,176.31,179.5,179.82,180.02,63805,114.86,1773,32088.0, 50.29,2026-05-20
SAGILITY, EQ, 20-May-2026,42.17,42.17,43.48,41.7,42.18,42.1,42.81,17659225,7559.05,45788,6571908.0, 37.22,2026-05-20
SAHAJSOLAR, SM, 20-May-2026,142.05,143.95,144.85,140.1,140.5,141.25,142.32,12000,17.08,30,8000.0, 66.67,2026-05-20
SAHANA, SM, 20-May-2026,811.0,811.0,818.0,805.0,815.0,815.0,814.57,3375,27.49,17,3250.0, 96.30,2026-05-20
SAHASRA, ST, 20-May-2026,336.1,321.1,350.0,321.1,340.0,341.15,343.09,33200,113.9,76,29600.0, 89.16,2026-05-20
SAHLIBHFI, EQ, 20-May-2026,72.6,73.05,73.05,71.5,71.6,71.72,71.79,1657,1.19,58,1538.0, 92.82,2026-05-20
SAHYADRI, EQ, 20-May-2026,309.6,308.1,314.0,304.5,314.0,312.4,307.98,4299,13.24,190,2940.0, 68.39,2026-05-20
SAIFL, SM, 20-May-2026,5.7,5.55,5.7,5.45,5.45,5.45,5.5,1912000,105.22,277,896000.0, 46.86,2026-05-20
SAIL, EQ, 20-May-2026,199.05,197.0,199.8,194.3,199.2,199.04,197.03,21709606,42774.27,137242,9330844.0, 42.98,2026-05-20
SAILIFE, EQ, 20-May-2026,1125.4,1125.4,1151.0,1112.2,1149.0,1141.3,1139.76,598845,6825.4,21433,256898.0, 42.90,2026-05-20
SAIPARENT, EQ, 20-May-2026,473.35,473.35,487.6,469.05,478.4,480.65,477.24,33817,161.39,1314,20846.0, 61.64,2026-05-20
SAKAR, EQ, 20-May-2026,766.8,766.8,829.6,760.0,809.0,809.0,809.83,291640,2361.78,13011,125700.0, 43.10,2026-05-20
SAKHTISUG, EQ, 20-May-2026,17.69,17.69,18.99,16.65,17.65,17.56,18.03,311623,56.17,1336,82509.0, 26.48,2026-05-20
SAKSOFT, EQ, 20-May-2026,144.04,145.88,145.88,139.0,141.6,140.68,141.2,320699,452.82,5884,120825.0, 37.68,2026-05-20
SAKUMA, BE, 20-May-2026,1.76,1.78,1.78,1.73,1.78,1.76,1.76,397922,6.99,614,, -,2026-05-20
SALASAR, EQ, 20-May-2026,6.96,6.97,7.05,6.88,6.93,6.96,6.96,2503456,174.33,2662,1217044.0, 48.61,2026-05-20
SALONA, EQ, 20-May-2026,282.3,272.0,282.3,270.1,278.9,275.85,275.03,355,0.98,54,160.0, 45.07,2026-05-20
SALSTEEL, BE, 20-May-2026,61.82,62.43,62.48,59.05,60.49,60.34,61.15,241497,147.69,478,, -,2026-05-20
SALZERELEC, EQ, 20-May-2026,682.15,675.0,712.7,675.0,709.0,697.35,690.1,49796,343.64,3384,24148.0, 48.49,2026-05-20
SAMBHAAV, EQ, 20-May-2026,6.8,6.89,7.14,6.76,7.0,7.0,7.05,209134,14.74,225,74115.0, 35.44,2026-05-20
SAMBHV, EQ, 20-May-2026,109.97,110.52,112.34,108.22,110.5,109.47,110.18,1630957,1797.03,17501,642983.0, 39.42,2026-05-20
SAMHI, EQ, 20-May-2026,143.38,141.52,146.9,141.21,144.77,144.18,143.89,829222,1193.16,7002,630412.0, 76.02,2026-05-20
SAMMAANCAP, EQ, 20-May-2026,138.25,137.55,143.8,134.75,143.6,141.8,138.74,27521558,38182.19,69766,10677024.0, 38.80,2026-05-20
SAMPANN, EQ, 20-May-2026,26.63,26.9,27.5,24.55,27.5,26.64,26.21,36931,9.68,658,19367.0, 52.44,2026-05-20
SANATHAN, EQ, 20-May-2026,413.15,409.65,409.7,400.6,402.05,402.4,404.75,10319,41.77,896,6738.0, 65.30,2026-05-20
SANCO, BZ, 20-May-2026,3.75,3.57,3.89,3.57,3.88,3.86,3.78,7834,0.3,39,, -,2026-05-20
SANDESH, EQ, 20-May-2026,1000.4,995.0,1007.0,985.8,989.9,988.2,994.53,466,4.63,81,370.0, 79.40,2026-05-20
SANDHAR, EQ, 20-May-2026,511.45,508.15,539.0,500.05,532.0,530.35,521.97,113169,590.71,4633,54880.0, 48.49,2026-05-20
SANDUMA, EQ, 20-May-2026,226.15,222.1,226.5,219.61,224.0,224.67,223.47,1173703,2622.91,23960,469447.0, 40.00,2026-05-20
SANGAMIND, EQ, 20-May-2026,486.1,482.95,487.4,469.8,480.35,483.45,477.97,20672,98.81,1307,10450.0, 50.55,2026-05-20
SANGHVIMOV, EQ, 20-May-2026,320.4,316.2,328.45,316.2,322.9,322.1,323.34,212080,685.75,6807,113567.0, 53.55,2026-05-20
SANGINITA, BE, 20-May-2026,24.96,25.45,25.45,25.45,25.45,25.45,25.45,59071,15.03,80,, -,2026-05-20
SANOFI, EQ, 20-May-2026,3230.9,3230.9,3230.9,3184.6,3190.0,3190.0,3196.36,19538,624.5,3845,12904.0, 66.05,2026-05-20
SANOFICONR, EQ, 20-May-2026,4789.4,4740.0,4900.0,4740.0,4870.0,4854.4,4817.92,1645,79.25,466,693.0, 42.13,2026-05-20
SANSERA, EQ, 20-May-2026,2396.5,2370.1,2499.0,2346.6,2490.0,2486.2,2443.47,211459,5166.94,28371,93320.0, 44.13,2026-05-20
SANSTAR, EQ, 20-May-2026,112.0,111.01,116.3,110.0,111.5,111.95,113.43,972368,1103.0,13727,390396.0, 40.15,2026-05-20
SANWARIA, BZ, 20-May-2026,0.23,0.23,0.24,0.23,0.24,0.24,0.24,314503,0.75,86,, -,2026-05-20
SAPPHIRE, EQ, 20-May-2026,184.91,182.55,182.55,178.5,181.0,181.05,180.5,297648,537.27,8288,119678.0, 40.21,2026-05-20
SAPPL, EQ, 20-May-2026,302.95,317.95,317.95,295.0,298.4,295.6,299.43,164,0.49,12,163.0, 99.39,2026-05-20
SARDAEN, EQ, 20-May-2026,537.95,535.5,557.85,530.1,554.0,554.25,550.54,662992,3650.01,22593,212190.0, 32.00,2026-05-20
SAREGAMA, EQ, 20-May-2026,394.3,393.9,423.0,387.0,409.8,406.5,409.02,10952317,44797.35,150649,732335.0, 6.69,2026-05-20
SARLAPOLY, EQ, 20-May-2026,95.1,95.23,97.04,94.11,95.0,95.34,95.39,111188,106.07,1976,57428.0, 51.65,2026-05-20
SARTELE, SM, 20-May-2026,140.85,142.0,142.9,137.05,140.0,139.1,139.55,60500,84.43,77,28500.0, 47.11,2026-05-20
SARVESHWAR, BE, 20-May-2026,3.66,3.65,3.66,3.58,3.64,3.64,3.62,506506,18.36,1067,, -,2026-05-20
SASKEN, EQ, 20-May-2026,1823.4,1800.0,1800.0,1692.0,1716.0,1718.5,1750.28,107454,1880.74,8198,28185.0, 26.23,2026-05-20
SATECH, SM, 20-May-2026,45.35,45.35,45.35,45.35,45.35,45.35,45.35,2000,0.91,2,2000.0, 100.00,2026-05-20
SATIA, EQ, 20-May-2026,64.07,63.76,64.47,62.71,64.01,64.1,63.78,41627,26.55,1624,16878.0, 40.55,2026-05-20
SATIN, EQ, 20-May-2026,222.31,221.5,226.0,216.92,220.56,222.53,221.97,481472,1068.74,8698,237381.0, 49.30,2026-05-20
SATIPOLY, SM, 20-May-2026,38.0,36.1,36.15,36.1,36.1,36.1,36.11,3000,1.08,5,3000.0, 100.00,2026-05-20
SATKARTAR, ST, 20-May-2026,180.5,182.45,183.45,172.5,183.45,183.45,177.23,13600,24.1,16,11200.0, 82.35,2026-05-20
SATTVAENGG, SM, 20-May-2026,67.1,62.1,62.1,55.0,59.0,57.0,56.99,49600,28.27,31,35200.0, 70.97,2026-05-20
SAURASHCEM, EQ, 20-May-2026,60.4,60.9,61.0,58.0,59.5,59.44,59.17,82127,48.59,1230,46173.0, 56.22,2026-05-20
SAVY, SM, 20-May-2026,158.5,153.05,167.9,153.05,163.0,164.5,163.59,44400,72.63,36,30000.0, 67.57,2026-05-20
SAWALIYA, SM, 20-May-2026,271.8,272.95,273.0,270.05,270.05,270.05,272.15,14400,39.19,23,1200.0, 8.33,2026-05-20
SBC, EQ, 20-May-2026,34.04,34.27,35.58,34.27,35.36,35.46,35.22,17532038,6175.29,10352,8098048.0, 46.19,2026-05-20
SBCL, EQ, 20-May-2026,633.15,636.2,681.35,635.0,663.0,664.8,661.48,1015912,6720.08,33082,502370.0, 49.45,2026-05-20
SBFC, EQ, 20-May-2026,90.77,90.6,90.8,89.41,90.5,90.59,90.05,453930,408.78,8746,178888.0, 39.41,2026-05-20
SBGLP, EQ, 20-May-2026,26.22,26.89,26.89,25.6,25.6,25.77,25.89,35478,9.19,414,29467.0, 83.06,2026-05-20
SBIBPB, EQ, 20-May-2026,45.99,45.99,47.11,45.39,46.3,46.42,46.09,481473,221.9,921,381855.0, 79.31,2026-05-20
SBICARD, EQ, 20-May-2026,623.8,622.3,626.0,614.6,625.5,624.35,619.34,662561,4103.49,18007,177977.0, 26.86,2026-05-20
SBIETFCON, EQ, 20-May-2026,116.63,117.8,117.8,115.39,116.34,116.15,115.98,2865,3.32,105,1945.0, 67.89,2026-05-20
SBIETFIT, EQ, 20-May-2026,323.62,323.62,327.0,321.05,327.0,323.93,323.38,11331,36.64,214,4053.0, 35.77,2026-05-20
SBIETFPB, EQ, 20-May-2026,264.15,264.15,266.89,262.0,264.2,265.39,263.53,7413,19.54,83,7050.0, 95.10,2026-05-20
SBIETFQLTY, EQ, 20-May-2026,220.23,220.23,222.0,217.62,222.0,219.45,218.92,2821,6.18,71,1884.0, 66.78,2026-05-20
SBILIFE, EQ, 20-May-2026,1881.4,1860.0,1882.4,1856.1,1861.1,1864.2,1870.22,563774,10543.8,26083,394524.0, 69.98,2026-05-20
SBILIQETF, EQ, 20-May-2026,1039.38,1039.84,1039.84,1039.52,1039.52,1039.52,1039.52,366860,3813.59,109,352558.0, 96.10,2026-05-20
SBIMIDMOM, EQ, 20-May-2026,62.08,62.08,62.69,61.42,62.69,62.67,62.16,4642,2.89,47,4070.0, 87.68,2026-05-20
SBIN, EQ, 20-May-2026,948.8,941.1,955.0,935.0,950.0,950.9,946.2,11928460,112867.68,191643,5643465.0, 47.31,2026-05-20
SBINEQWETF, EQ, 20-May-2026,32.63,32.7,32.85,32.3,32.85,32.74,32.71,117175,38.33,537,107010.0, 91.32,2026-05-20
SBINMID150, EQ, 20-May-2026,22.36,22.54,22.54,22.19,22.47,22.47,22.35,4209,0.94,50,3077.0, 73.11,2026-05-20
SBISILVER, EQ, 20-May-2026,259.33,255.32,259.51,252.91,259.2,258.89,256.11,1161485,2974.65,12948,308336.0, 26.55,2026-05-20
SCANSTL, EQ, 20-May-2026,40.13,40.45,40.45,38.01,39.0,38.44,38.65,42176,16.3,731,24324.0, 57.67,2026-05-20
SCHAEFFLER, EQ, 20-May-2026,3987.8,3966.6,4044.0,3920.5,4020.0,4014.9,4005.16,26992,1081.07,5797,12747.0, 47.23,2026-05-20
SCHAND, EQ, 20-May-2026,173.17,174.0,178.0,172.0,176.99,176.27,174.53,45152,78.81,789,29438.0, 65.20,2026-05-20
SCHNEIDER, EQ, 20-May-2026,1244.7,1230.0,1305.0,1229.9,1300.1,1300.0,1277.42,191605,2447.61,11577,98004.0, 51.15,2026-05-20
SCI, EQ, 20-May-2026,337.25,333.4,336.4,324.65,327.65,327.15,329.51,6128093,20192.6,60905,1726154.0, 28.17,2026-05-20
SCILAL, EQ, 20-May-2026,46.59,46.97,46.97,45.61,46.35,46.25,46.05,693458,319.36,2701,418970.0, 60.42,2026-05-20
SCML, SM, 20-May-2026,141.5,131.1,131.1,113.2,113.2,113.2,118.58,131000,155.34,114,73000.0, 55.73,2026-05-20
SCODATUBES, EQ, 20-May-2026,140.3,138.2,142.19,138.0,138.51,139.49,139.54,81637,113.92,1745,26902.0, 32.95,2026-05-20
SCPL, BE, 20-May-2026,442.8,442.8,456.0,432.0,455.0,451.3,449.0,6504,29.2,176,, -,2026-05-20
SDBL, EQ, 20-May-2026,84.82,84.1,86.48,83.42,85.39,85.42,85.16,277467,236.29,3466,116584.0, 42.02,2026-05-20
SDREAMS, SM, 20-May-2026,90.0,86.0,90.0,84.0,90.0,90.0,87.4,11000,9.61,10,8000.0, 72.73,2026-05-20
SEAMECLTD, EQ, 20-May-2026,1561.6,1552.0,1650.0,1512.0,1615.0,1617.2,1616.75,252747,4086.28,20372,73714.0, 29.17,2026-05-20
SECMARK, EQ, 20-May-2026,125.98,126.0,126.0,119.69,122.89,122.71,120.96,5489,6.64,306,3252.0, 59.25,2026-05-20
SECURKLOUD, EQ, 20-May-2026,21.65,20.91,22.34,20.57,21.89,21.56,21.19,12558,2.66,94,8177.0, 65.11,2026-05-20
SEDEMAC, EQ, 20-May-2026,2039.6,2029.9,2100.0,1977.3,2087.0,2079.4,2050.22,174789,3583.56,15249,61591.0, 35.24,2026-05-20
SEIL, EQ, 20-May-2026,197.56,198.0,201.33,193.83,200.15,199.54,198.51,1214167,2410.27,10702,838149.0, 69.03,2026-05-20
SEJALLTD, BE, 20-May-2026,771.4,799.95,802.0,766.0,777.7,770.5,783.13,2824,22.12,96,, -,2026-05-20
SEL, ST, 20-May-2026,195.55,188.1,188.1,188.1,188.1,188.1,188.1,200,0.38,1,200.0, 100.00,2026-05-20
SELECTIPO, EQ, 20-May-2026,42.64,42.65,43.11,42.08,43.08,43.07,42.43,108704,46.13,206,106847.0, 98.29,2026-05-20
SELLOWRAP, SM, 20-May-2026,74.75,73.9,73.9,70.8,70.8,70.8,72.35,3200,2.32,2,3200.0, 100.00,2026-05-20
SELMC, EQ, 20-May-2026,29.19,31.77,31.77,29.37,29.5,29.5,30.12,9173,2.76,156,5380.0, 58.65,2026-05-20
SEMAC, BE, 20-May-2026,352.6,335.0,335.0,335.0,335.0,335.0,335.0,305,1.02,29,, -,2026-05-20
SENCO, EQ, 20-May-2026,335.05,334.6,341.65,328.5,338.0,338.7,337.22,480247,1619.49,16343,182160.0, 37.93,2026-05-20
SENORES, EQ, 20-May-2026,1056.55,1051.4,1099.0,1044.3,1086.0,1083.7,1079.72,461094,4978.52,20128,198384.0, 43.02,2026-05-20
SENSEXADD, EQ, 20-May-2026,77.21,76.64,77.42,76.64,77.37,77.37,77.02,507,0.39,31,407.0, 80.28,2026-05-20
SENSEXBETA, EQ, 20-May-2026,829.69,826.48,840.0,820.69,840.0,828.97,825.8,991,8.18,86,304.0, 30.68,2026-05-20
SENSEXETF, EQ, 20-May-2026,77.19,76.65,77.44,76.5,77.39,77.33,77.0,11986,9.23,195,6993.0, 58.34,2026-05-20
SENSEXIETF, EQ, 20-May-2026,860.87,858.0,861.74,851.52,858.0,860.2,858.05,9141,78.43,596,5039.0, 55.13,2026-05-20
SEPC, EQ, 20-May-2026,7.32,7.28,7.43,7.15,7.35,7.32,7.29,6490331,472.93,4859,2353353.0, 36.26,2026-05-20
SERVOTECH, EQ, 20-May-2026,91.1,90.7,94.34,89.31,92.5,92.78,92.77,1465009,1359.13,9554,329402.0, 22.48,2026-05-20
SESHAPAPER, EQ, 20-May-2026,235.05,232.9,233.95,231.1,231.5,232.75,232.63,16324,37.98,444,10694.0, 65.51,2026-05-20
SETCO, BE, 20-May-2026,24.48,24.96,24.96,24.96,24.96,24.96,24.96,27779,6.93,59,, -,2026-05-20
SETF10GILT, EQ, 20-May-2026,256.38,257.77,257.77,256.12,257.49,257.13,257.14,1284,3.3,41,719.0, 56.00,2026-05-20
SETFGOLD, EQ, 20-May-2026,134.73,134.0,134.44,132.86,134.38,134.33,133.92,2717745,3639.67,9832,1340180.0, 49.31,2026-05-20
SETFNIF50, EQ, 20-May-2026,253.02,252.56,253.76,250.81,253.5,253.38,252.68,579421,1464.07,5749,239043.0, 41.26,2026-05-20
SETFNIFBK, EQ, 20-May-2026,548.06,545.0,550.0,541.62,550.0,549.16,544.35,66900,364.17,809,23512.0, 35.14,2026-05-20
SETFNN50, EQ, 20-May-2026,738.64,740.3,740.7,730.18,738.45,739.87,735.8,23877,175.69,1161,11766.0, 49.28,2026-05-20
SETL, EQ, 20-May-2026,136.98,135.91,136.08,131.41,135.0,135.55,133.58,194111,259.3,2214,98153.0, 50.57,2026-05-20
SEYAIND, BE, 20-May-2026,15.05,14.75,15.35,14.75,15.35,15.34,15.12,14196,2.15,87,, -,2026-05-20
SFL, EQ, 20-May-2026,586.55,578.85,591.05,573.65,581.0,585.75,581.71,214884,1250.0,11786,100427.0, 46.74,2026-05-20
SFML, SM, 20-May-2026,23.3,24.35,25.9,24.35,25.9,25.45,25.12,14400,3.62,9,14400.0, 100.00,2026-05-20
SGBAPR28I, GB, 20-May-2026,15637.93,15506.01,15756.0,15506.0,15660.0,15660.0,15594.47,333,51.93,90,287.0, 86.19,2026-05-20
SGBAUG27, GB, 20-May-2026,15635.0,15641.0,15641.0,15500.0,15574.0,15573.99,15533.04,92,14.29,14,71.0, 77.17,2026-05-20
SGBAUG28V, GB, 20-May-2026,15655.99,15515.01,15650.0,15499.0,15650.0,15615.22,15559.28,1146,178.31,150,821.0, 71.64,2026-05-20
SGBAUG29V, GB, 20-May-2026,15736.0,15600.0,15844.0,15550.0,15844.0,15844.0,15588.16,157,24.47,34,122.0, 77.71,2026-05-20
SGBAUG30, GB, 20-May-2026,15745.0,15745.0,15869.99,15566.2,15869.99,15729.77,15663.69,166,26.0,50,137.0, 82.53,2026-05-20
SGBD29VIII, GB, 20-May-2026,15704.04,15577.02,15696.84,15525.01,15665.0,15678.2,15606.89,96,14.98,26,81.0, 84.38,2026-05-20
SGBDC27VII, GB, 20-May-2026,15729.0,15525.0,15643.99,15512.12,15643.99,15643.32,15566.9,48,7.47,18,30.0, 62.50,2026-05-20
SGBDE30III, GB, 20-May-2026,15701.82,15536.2,15800.0,15536.2,15710.01,15792.16,15690.98,197,30.91,51,156.0, 79.19,2026-05-20
SGBDE31III, GB, 20-May-2026,15918.25,15716.2,15900.0,15716.2,15880.0,15884.9,15854.18,979,155.21,230,785.0, 80.18,2026-05-20
SGBDEC26, GB, 20-May-2026,15649.0,15550.0,15550.0,15550.0,15550.0,15550.0,15550.0,6,0.93,1,6.0, 100.00,2026-05-20
SGBFEB28IX, GB, 20-May-2026,15669.0,15575.0,15575.0,15575.0,15575.0,15575.0,15575.0,1,0.16,1,1.0, 100.00,2026-05-20
SGBFEB29XI, GB, 20-May-2026,15633.76,15633.76,15773.0,15515.0,15678.0,15658.4,15589.04,141,21.98,37,120.0, 85.11,2026-05-20
SGBFEB32IV, GB, 20-May-2026,16163.78,16100.0,16144.99,16002.0,16110.0,16109.39,16080.36,1081,173.83,220,658.0, 60.87,2026-05-20
SGBJAN29IX, GB, 20-May-2026,15642.54,15508.0,15675.0,15508.0,15630.0,15642.12,15570.31,204,31.76,31,197.0, 96.57,2026-05-20
SGBJAN29X, GB, 20-May-2026,15647.89,15640.0,15740.0,15511.0,15650.0,15645.91,15602.3,395,61.63,47,298.0, 75.44,2026-05-20
SGBJAN30IX, GB, 20-May-2026,15710.7,15512.01,15749.99,15512.01,15696.0,15696.0,15662.57,64,10.02,17,44.0, 68.75,2026-05-20
SGBJU29III, GB, 20-May-2026,15737.94,15515.0,15659.0,15515.0,15656.0,15654.04,15589.66,634,98.84,45,602.0, 94.95,2026-05-20
SGBJUL28IV, GB, 20-May-2026,15638.91,15600.0,15651.0,15510.01,15651.0,15632.55,15561.14,298,46.37,46,279.0, 93.62,2026-05-20
SGBJUL29IV, GB, 20-May-2026,15639.62,15639.62,15650.0,15551.06,15650.0,15645.31,15592.37,187,29.16,32,175.0, 93.58,2026-05-20
SGBJUN27, GB, 20-May-2026,15700.0,15840.0,15840.0,15610.0,15700.0,15700.0,15674.0,5,0.78,3,4.0, 80.00,2026-05-20
SGBJUN28, GB, 20-May-2026,15730.21,15600.0,15690.0,15565.0,15690.0,15690.0,15598.28,207,32.29,15,207.0, 100.00,2026-05-20
SGBJUN29II, GB, 20-May-2026,15730.07,15506.0,15730.0,15505.01,15730.0,15715.0,15601.06,221,34.48,27,205.0, 92.76,2026-05-20
SGBJUN30, GB, 20-May-2026,15705.0,15580.0,15764.0,15580.0,15764.0,15705.38,15684.07,72,11.29,9,72.0, 100.00,2026-05-20
SGBJUN31I, GB, 20-May-2026,15840.2,15795.0,15900.0,15616.0,15810.0,15843.04,15777.65,1246,196.59,242,904.0, 72.55,2026-05-20
SGBMAR28X, GB, 20-May-2026,15600.0,15600.0,15600.0,15600.0,15600.0,15600.0,15600.0,13,2.03,4,13.0, 100.00,2026-05-20
SGBMAR30X, GB, 20-May-2026,15717.62,15600.0,15789.0,15600.0,15789.0,15719.99,15676.68,183,28.69,23,164.0, 89.62,2026-05-20
SGBMAR31IV, GB, 20-May-2026,15785.14,15700.0,15849.99,15601.0,15810.0,15805.99,15734.87,317,49.88,70,206.0, 64.98,2026-05-20
SGBMAY28, GB, 20-May-2026,15635.0,15600.0,15650.0,15525.0,15650.0,15608.32,15581.09,168,26.18,39,151.0, 89.88,2026-05-20
SGBMAY29I, GB, 20-May-2026,15664.2,15505.01,15670.0,15505.01,15670.0,15658.52,15595.69,465,72.52,99,342.0, 73.55,2026-05-20
SGBMR29XII, GB, 20-May-2026,15633.59,15550.0,15650.0,15513.01,15640.0,15625.34,15579.38,473,73.69,75,449.0, 94.93,2026-05-20
SGBN28VIII, GB, 20-May-2026,15629.99,15629.99,15629.99,15476.0,15584.6,15576.22,15566.94,64,9.96,24,52.0, 81.25,2026-05-20
SGBNOV26, GB, 20-May-2026,15610.0,15550.0,15610.0,15549.0,15610.0,15610.0,15565.53,19,2.96,4,19.0, 100.00,2026-05-20
SGBNV29VII, GB, 20-May-2026,15652.77,15505.05,15710.0,15505.05,15700.0,15699.09,15678.99,232,36.38,39,204.0, 87.93,2026-05-20
SGBOC28VII, GB, 20-May-2026,15606.18,15503.01,15630.0,15503.01,15630.0,15623.8,15552.16,307,47.75,34,223.0, 72.64,2026-05-20
SGBOCT26, GB, 20-May-2026,15670.5,15550.0,15600.0,15550.0,15600.0,15600.0,15585.0,6,0.94,5,6.0, 100.00,2026-05-20
SGBOCT27, GB, 20-May-2026,15626.5,15519.01,15619.9,15519.01,15619.9,15601.19,15569.61,86,13.39,9,65.0, 75.58,2026-05-20
SGBOCT27VI, GB, 20-May-2026,15600.0,15600.0,15600.0,15600.0,15600.0,15600.0,15600.0,12,1.87,2,12.0, 100.00,2026-05-20
SGBSEP28VI, GB, 20-May-2026,15633.88,15633.88,15649.0,15508.0,15648.99,15621.38,15571.85,213,33.17,48,145.0, 68.08,2026-05-20
SGBSEP29VI, GB, 20-May-2026,15685.26,15565.0,15750.0,15525.0,15675.0,15684.96,15599.39,288,44.93,87,190.0, 65.97,2026-05-20
SGBSEP31II, GB, 20-May-2026,15837.05,15800.0,15867.99,15671.24,15840.0,15810.66,15756.57,718,113.13,148,436.0, 60.72,2026-05-20
SGFIN, EQ, 20-May-2026,568.35,564.9,564.9,556.9,561.95,560.7,559.78,85032,475.99,2621,32998.0, 38.81,2026-05-20
SGIL, EQ, 20-May-2026,550.65,544.85,544.85,520.0,528.0,531.4,533.48,25819,137.74,1064,13842.0, 53.61,2026-05-20
SGL, EQ, 20-May-2026,11.11,11.15,11.6,10.9,11.25,11.22,11.13,8453,0.94,52,6091.0, 72.06,2026-05-20
SGMART, EQ, 20-May-2026,602.2,603.3,626.0,596.05,617.0,621.65,613.74,328745,2017.65,8403,181504.0, 55.21,2026-05-20
SHADOWFAX, EQ, 20-May-2026,189.45,194.4,197.1,185.75,195.13,195.33,192.93,6203569,11968.35,62666,2793225.0, 45.03,2026-05-20
SHAH, EQ, 20-May-2026,5.19,5.24,5.24,4.95,5.04,5.05,5.07,2120454,107.5,1344,1240522.0, 58.50,2026-05-20
SHAHALLOYS, EQ, 20-May-2026,69.23,68.0,70.25,67.6,69.62,69.33,68.71,539,0.37,21,441.0, 81.82,2026-05-20
SHAILY, EQ, 20-May-2026,2636.8,2403.0,2828.3,2376.0,2715.0,2733.8,2672.56,982376,26254.61,83223,285903.0, 29.10,2026-05-20
SHAKTIPUMP, EQ, 20-May-2026,502.6,497.25,508.15,496.25,503.1,504.4,504.13,589162,2970.16,18538,200251.0, 33.99,2026-05-20
SHALBY, EQ, 20-May-2026,164.81,163.19,167.75,161.21,167.5,166.75,165.78,51828,85.92,1389,30565.0, 58.97,2026-05-20
SHALPAINTS, EQ, 20-May-2026,48.99,48.7,50.25,48.7,49.49,49.66,49.58,18744,9.29,292,10539.0, 56.23,2026-05-20
SHANKARA, BE, 20-May-2026,125.98,124.98,130.7,119.85,125.0,125.2,128.1,144838,185.54,635,, -,2026-05-20
SHANTI, EQ, 20-May-2026,6.55,6.8,6.8,6.52,6.67,6.65,6.62,10842,0.72,97,7643.0, 70.49,2026-05-20
SHANTIGEAR, EQ, 20-May-2026,442.3,440.0,447.5,440.0,441.5,442.75,444.18,8984,39.91,344,5195.0, 57.83,2026-05-20
SHANTIGOLD, EQ, 20-May-2026,209.67,207.9,224.4,206.99,219.7,221.24,219.97,1436079,3158.91,12313,573353.0, 39.92,2026-05-20
SHARDACROP, EQ, 20-May-2026,916.3,908.8,908.8,877.0,892.0,890.2,891.64,426298,3801.06,20748,161240.0, 37.82,2026-05-20
SHARDAMOTR, EQ, 20-May-2026,882.7,882.0,896.0,865.0,888.0,884.3,885.08,36244,320.79,3012,22443.0, 61.92,2026-05-20
SHARDUL, EQ, 20-May-2026,29.64,29.6,29.6,27.5,28.98,28.98,29.03,1440,0.42,19,1339.0, 92.99,2026-05-20
SHAREINDIA, EQ, 20-May-2026,146.79,150.0,154.95,144.4,146.15,146.55,150.89,3650193,5507.91,24823,770002.0, 21.09,2026-05-20
SHARIABEES, EQ, 20-May-2026,468.13,467.54,470.0,465.01,470.0,468.84,468.32,5629,26.36,398,3428.0, 60.90,2026-05-20
SHBAJRG, EQ, 20-May-2026,169.9,177.0,177.0,159.0,159.85,160.04,160.44,3208,5.15,190,3114.0, 97.07,2026-05-20
SHEEL, SM, 20-May-2026,43.0,42.0,42.95,41.0,42.95,42.95,41.69,10000,4.17,5,8000.0, 80.00,2026-05-20
SHEETAL, SM, 20-May-2026,288.5,288.95,300.0,287.0,296.0,295.25,294.17,47500,139.73,16,46000.0, 96.84,2026-05-20
SHEKHAWATI, BE, 20-May-2026,14.36,14.01,14.73,13.8,13.85,13.87,14.01,13902,1.95,141,, -,2026-05-20
SHEMAROO, EQ, 20-May-2026,94.6,98.0,98.0,94.0,94.45,95.37,95.84,2235,2.14,82,1241.0, 55.53,2026-05-20
SHERA, ST, 20-May-2026,169.5,177.9,177.9,167.0,167.0,167.2,170.25,35000,59.59,33,34000.0, 97.14,2026-05-20
SHETHJI, SM, 20-May-2026,155.4,156.5,180.0,156.5,172.5,173.05,172.27,233000,401.39,178,162000.0, 69.53,2026-05-20
SHIGAN, ST, 20-May-2026,84.5,84.5,86.95,84.5,86.95,86.95,86.22,7500,6.47,5,7500.0, 100.00,2026-05-20
SHILCTECH, EQ, 20-May-2026,4044.5,4044.5,4167.5,3971.0,4120.0,4119.0,4058.28,27343,1109.66,5658,12553.0, 45.91,2026-05-20
SHILPAMED, EQ, 20-May-2026,472.45,471.15,483.8,466.85,475.2,476.3,478.38,379251,1814.25,19749,179409.0, 47.31,2026-05-20
SHINDL, EQ, 20-May-2026,153.57,151.5,156.59,151.5,156.53,154.97,154.14,107212,165.26,536,15274.0, 14.25,2026-05-20
SHIVALIK, EQ, 20-May-2026,255.15,254.15,259.5,245.8,250.0,251.55,252.58,38226,96.55,1594,19008.0, 49.73,2026-05-20
SHIVAMAUTO, BE, 20-May-2026,17.94,18.4,18.55,17.95,17.95,18.0,18.11,24058,4.36,94,, -,2026-05-20
SHIVAMILLS, BE, 20-May-2026,65.42,67.99,67.99,62.6,67.8,65.36,64.74,3418,2.21,32,, -,2026-05-20
SHIVASHRIT, SM, 20-May-2026,125.05,128.0,129.0,127.65,129.0,129.0,128.1,16000,20.5,14,10000.0, 62.50,2026-05-20
SHIVATEX, EQ, 20-May-2026,175.08,174.21,179.4,172.05,173.0,173.01,173.02,611,1.06,21,602.0, 98.53,2026-05-20
SHIVAUM, EQ, 20-May-2026,334.85,333.2,333.2,333.2,333.2,333.2,333.2,10,0.03,1,10.0, 100.00,2026-05-20
SHK, EQ, 20-May-2026,125.85,125.83,129.5,124.2,125.5,125.52,126.93,449382,570.41,5211,242666.0, 54.00,2026-05-20
SHKSIL, SM, 20-May-2026,42.95,41.0,41.0,40.0,41.0,41.0,40.89,18000,7.36,9,18000.0, 100.00,2026-05-20
SHOPERSTOP, EQ, 20-May-2026,338.35,336.8,338.0,326.8,336.0,334.8,332.7,33371,111.03,2873,16414.0, 49.19,2026-05-20
SHRADHA, EQ, 20-May-2026,35.77,35.52,36.9,35.5,36.79,36.78,36.53,6552,2.39,94,5241.0, 79.99,2026-05-20
SHREDIGCEM, EQ, 20-May-2026,71.77,71.3,71.39,69.2,70.93,70.58,70.46,90420,63.71,1150,54531.0, 60.31,2026-05-20
SHREECEM, EQ, 20-May-2026,24425.0,24350.0,24545.0,23990.0,24325.0,24420.0,24344.27,13297,3237.06,6133,4580.0, 34.44,2026-05-20
SHREEJISPG, EQ, 20-May-2026,433.85,433.75,439.4,428.05,437.8,437.35,434.34,978030,4247.97,5492,416151.0, 42.55,2026-05-20
SHREEKARNI, SM, 20-May-2026,429.0,429.0,430.0,429.0,430.0,430.0,429.33,450,1.93,3,450.0, 100.00,2026-05-20
SHREEOSFM, SM, 20-May-2026,66.0,68.5,69.5,68.5,68.5,68.5,68.71,6000,4.12,6,4000.0, 66.67,2026-05-20
SHREEPUSHK, EQ, 20-May-2026,369.8,367.25,367.35,354.1,356.85,357.0,359.71,70060,252.01,2880,27803.0, 39.68,2026-05-20
SHREERAMA, EQ, 20-May-2026,42.01,41.74,43.89,41.03,43.31,43.02,42.49,51206,21.76,776,29930.0, 58.45,2026-05-20
SHRENIK, BZ, 20-May-2026,0.37,0.38,0.38,0.36,0.38,0.37,0.36,332625,1.21,184,, -,2026-05-20
SHREYANIND, EQ, 20-May-2026,161.03,161.03,161.03,154.0,156.15,156.27,156.57,7222,11.31,273,5253.0, 72.74,2026-05-20
SHRIAHIMSA, SM, 20-May-2026,288.7,285.0,290.95,285.0,290.0,290.0,289.55,16200,46.91,23,13800.0, 85.19,2026-05-20
SHRIKANHA, ST, 20-May-2026,24.9,23.8,24.75,23.8,24.75,24.75,24.48,9600,2.35,6,6400.0, 66.67,2026-05-20
SHRIKRISH, EQ, 20-May-2026,45.36,46.96,47.66,41.25,44.3,42.11,44.21,1248,0.55,73,878.0, 70.35,2026-05-20
SHRINGARMS, EQ, 20-May-2026,206.1,206.54,211.46,203.56,209.0,209.99,209.08,944450,1974.68,6588,348276.0, 36.88,2026-05-20
SHRIPISTON, EQ, 20-May-2026,3316.5,3300.0,3329.9,3272.0,3276.0,3281.8,3294.63,30498,1004.8,6073,14873.0, 48.77,2026-05-20
SHRIRAMFIN, EQ, 20-May-2026,927.35,920.0,925.45,913.0,925.0,923.45,919.67,5764449,53014.09,112598,3461222.0, 60.04,2026-05-20
SHRIRAMPPS, EQ, 20-May-2026,81.85,81.85,82.75,80.6,82.1,81.67,81.51,453671,369.78,3832,230092.0, 50.72,2026-05-20
SHRITECH, SM, 20-May-2026,75.0,75.0,75.0,75.0,75.0,75.0,75.0,2000,1.5,1,2000.0, 100.00,2026-05-20
SHUBHLAXMI, SM, 20-May-2026,20.8,20.7,21.0,20.7,21.0,21.0,20.9,3000,0.63,3,2000.0, 66.67,2026-05-20
SHUBHSHREE, SM, 20-May-2026,298.65,301.0,303.0,300.0,303.0,303.0,302.17,1800,5.44,5,1800.0, 100.00,2026-05-20
SHYAMCENT, EQ, 20-May-2026,4.93,4.92,5.2,4.9,4.96,4.98,5.0,26157,1.31,244,23550.0, 90.03,2026-05-20
SHYAMMETL, EQ, 20-May-2026,905.5,904.85,924.0,895.05,920.05,922.6,916.35,743761,6815.45,17875,341290.0, 45.89,2026-05-20
SHYAMTEL, BE, 20-May-2026,20.92,20.51,20.51,20.51,20.51,20.51,20.51,731,0.15,7,, -,2026-05-20
SICAGEN, EQ, 20-May-2026,52.6,52.3,53.29,52.1,52.32,52.41,52.56,3800,2.0,70,3551.0, 93.45,2026-05-20
SICALLOG, BE, 20-May-2026,64.93,64.99,64.99,63.0,64.25,64.27,63.1,14216,8.97,56,, -,2026-05-20
SIDDHICOTS, ST, 20-May-2026,30.0,30.0,30.5,30.0,30.5,30.5,30.4,6000,1.82,5,6000.0, 100.00,2026-05-20
SIDDHIKA, SM, 20-May-2026,241.95,244.35,244.35,229.95,229.95,231.35,234.59,4000,9.38,8,3500.0, 87.50,2026-05-20
SIEMENS, EQ, 20-May-2026,3550.9,3524.0,3705.0,3493.1,3705.0,3696.4,3635.66,507079,18435.68,34501,133535.0, 26.33,2026-05-20
SIGACHI, BE, 20-May-2026,20.37,20.37,20.75,19.87,20.5,20.43,20.35,259581,52.81,854,, -,2026-05-20
SIGIND, EQ, 20-May-2026,48.99,50.34,50.34,48.12,48.59,48.5,48.93,4450,2.18,87,3274.0, 73.57,2026-05-20
SIGMA, EQ, 20-May-2026,41.12,39.11,40.2,38.0,39.15,39.28,39.06,120982,47.26,1569,68822.0, 56.89,2026-05-20
SIGMAADV, BE, 20-May-2026,302.0,296.25,317.1,296.25,317.1,317.1,312.14,258954,808.29,2058,, -,2026-05-20
SIGNATURE, EQ, 20-May-2026,838.1,838.0,838.0,820.1,820.1,820.75,826.43,188539,1558.15,4094,16970.0, 9.00,2026-05-20
SIGNPOST, EQ, 20-May-2026,273.6,272.0,288.0,264.4,283.0,281.35,278.53,75173,209.38,2060,20932.0, 27.85,2026-05-20
SIKA, EQ, 20-May-2026,888.1,880.1,916.1,872.4,902.0,905.2,898.98,14306,128.61,1404,6192.0, 43.28,2026-05-20
SIKKO, EQ, 20-May-2026,4.34,4.34,4.5,4.3,4.41,4.38,4.36,272105,11.87,510,145889.0, 53.61,2026-05-20
SIL, EQ, 20-May-2026,15.92,16.34,16.93,15.55,15.65,15.76,16.18,13524,2.19,173,10878.0, 80.43,2026-05-20
SILGO, EQ, 20-May-2026,78.23,78.95,81.78,76.5,79.31,80.15,79.91,686827,548.84,3756,359935.0, 52.41,2026-05-20
SILINV, EQ, 20-May-2026,440.35,447.95,448.8,434.0,446.5,441.95,441.69,550,2.43,44,306.0, 55.64,2026-05-20
SILKFLEX, ST, 20-May-2026,217.0,210.0,210.0,207.25,207.25,207.25,209.45,5000,10.47,2,5000.0, 100.00,2026-05-20
SILKY, SM, 20-May-2026,113.95,113.8,113.8,113.8,113.8,113.8,113.8,800,0.91,1,800.0, 100.00,2026-05-20
SILLYMONKS, EQ, 20-May-2026,15.18,15.48,15.9,15.01,15.59,15.57,15.57,8050,1.25,88,5390.0, 66.96,2026-05-20
SILVER, EQ, 20-May-2026,264.16,260.46,264.48,257.95,264.06,263.69,260.93,1331246,3473.62,11582,308779.0, 23.19,2026-05-20
SILVER1, EQ, 20-May-2026,25.66,25.01,25.72,25.01,25.72,25.62,25.39,5570639,1414.35,5354,1628191.0, 29.23,2026-05-20
SILVER360, EQ, 20-May-2026,261.02,267.54,267.54,252.95,259.49,259.37,256.15,30246,77.48,683,11456.0, 37.88,2026-05-20
SILVERADD, EQ, 20-May-2026,255.54,251.28,255.66,249.05,255.66,255.0,252.95,282979,715.81,4831,104840.0, 37.05,2026-05-20
SILVERAG, EQ, 20-May-2026,257.76,253.66,257.75,251.32,257.75,257.07,254.74,187782,478.36,3134,87067.0, 46.37,2026-05-20
SILVERBEES, EQ, 20-May-2026,253.25,249.47,253.4,247.05,253.27,252.66,249.91,31304121,78232.07,90139,6288740.0, 20.09,2026-05-20
SILVERBETA, EQ, 20-May-2026,255.82,254.0,255.95,249.5,255.87,255.09,252.38,495969,1251.74,5494,101566.0, 20.48,2026-05-20
SILVERBND, EQ, 20-May-2026,264.67,259.15,264.99,258.06,264.98,263.9,261.52,58747,153.63,337,33980.0, 57.84,2026-05-20
SILVERCASE, EQ, 20-May-2026,26.89,26.85,26.9,26.18,26.88,26.8,26.55,12756136,3386.24,12521,1981417.0, 15.53,2026-05-20
SILVERIETF, EQ, 20-May-2026,264.46,259.14,264.9,258.0,264.44,263.81,261.43,3425310,8954.63,23246,1358464.0, 39.66,2026-05-20
SILVERTUC, EQ, 20-May-2026,146.05,146.5,152.25,142.53,148.5,149.55,150.11,435821,654.2,3846,122978.0, 28.22,2026-05-20
SIMCA, ST, 20-May-2026,150.95,147.9,158.45,147.9,158.25,156.05,154.07,95400,146.98,127,89400.0, 93.71,2026-05-20
SIMPLEXINF, EQ, 20-May-2026,204.86,200.25,221.95,200.25,218.0,217.01,216.13,111274,240.5,2609,56071.0, 50.39,2026-05-20
SINCLAIR, EQ, 20-May-2026,75.54,77.47,77.49,74.91,75.3,75.89,76.1,32191,24.5,823,26319.0, 81.76,2026-05-20
SINDHUTRAD, EQ, 20-May-2026,22.52,22.44,27.02,22.11,26.61,26.83,25.82,43813628,11313.58,44019,5973032.0, 13.63,2026-05-20
SINGERIND, EQ, 20-May-2026,66.25,67.8,67.8,65.65,66.83,66.87,66.78,8899,5.94,508,4206.0, 47.26,2026-05-20
SINTERCOM, EQ, 20-May-2026,79.79,79.96,80.0,77.0,77.0,77.56,78.87,19665,15.51,1836,5668.0, 28.82,2026-05-20
SIRCA, EQ, 20-May-2026,421.05,421.05,424.5,413.2,420.0,420.4,420.67,324220,1363.9,4762,51122.0, 15.77,2026-05-20
SIS, EQ, 20-May-2026,404.25,400.0,407.2,393.2,394.1,395.0,398.95,43612,173.99,3806,19604.0, 44.95,2026-05-20
SITINET, BZ, 20-May-2026,0.33,0.33,0.34,0.32,0.34,0.33,0.33,215517,0.71,145,, -,2026-05-20
SIYSIL, EQ, 20-May-2026,611.7,600.0,600.0,570.1,574.45,573.25,589.25,581991,3429.39,17337,188642.0, 32.41,2026-05-20
SJLOGISTIC, SM, 20-May-2026,286.8,287.0,304.0,279.0,300.0,296.0,292.75,36250,106.12,107,26250.0, 72.41,2026-05-20
SJS, EQ, 20-May-2026,1982.3,1985.9,1985.9,1922.2,1950.0,1966.4,1960.62,63190,1238.91,11479,26355.0, 41.71,2026-05-20
SJVN, EQ, 20-May-2026,74.56,74.24,74.24,73.21,73.8,73.58,73.65,2306540,1698.69,15180,968177.0, 41.98,2026-05-20
SKFINDIA, EQ, 20-May-2026,1648.8,1646.0,1660.0,1631.3,1649.1,1654.8,1651.6,9485,156.65,2678,3730.0, 39.33,2026-05-20
SKFINDUS, EQ, 20-May-2026,2092.5,2096.8,2096.8,2053.5,2060.0,2064.7,2070.93,7905,163.71,1586,4593.0, 58.10,2026-05-20
SKIPPER, EQ, 20-May-2026,466.7,461.0,474.65,457.1,463.0,464.15,466.39,373934,1743.98,12149,161689.0, 43.24,2026-05-20
SKMEGGPROD, EQ, 20-May-2026,195.1,196.88,202.74,193.16,196.0,196.97,197.39,295369,583.02,5465,115211.0, 39.01,2026-05-20
SKP, SM, 20-May-2026,186.0,190.1,190.1,175.0,175.0,177.65,180.1,5500,9.91,10,5500.0, 100.00,2026-05-20
SKYGOLD, EQ, 20-May-2026,458.3,458.8,469.95,450.4,467.0,466.3,462.52,819493,3790.33,14650,306888.0, 37.45,2026-05-20
SLONE, SM, 20-May-2026,171.7,172.0,172.0,172.0,172.0,172.0,172.0,400,0.69,1,400.0, 100.00,2026-05-20
SMALL250, EQ, 20-May-2026,16.68,16.68,16.7,16.5,16.7,16.69,16.62,174551,29.01,517,136970.0, 78.47,2026-05-20
SMALLADD, EQ, 20-May-2026,16.74,16.6,16.82,16.4,16.82,16.73,16.67,77392,12.9,93,13664.0, 17.66,2026-05-20
SMALLCAP, EQ, 20-May-2026,44.82,45.94,45.94,43.69,44.94,44.87,44.76,778472,348.43,2413,421465.0, 54.14,2026-05-20
SMARTEN, SM, 20-May-2026,50.15,49.75,49.75,49.75,49.75,49.75,49.75,1200,0.6,1,1200.0, 100.00,2026-05-20
SMARTLINK, BE, 20-May-2026,163.69,163.0,167.89,162.0,163.87,162.09,162.78,10385,16.9,181,, -,2026-05-20
SMARTWORKS, EQ, 20-May-2026,429.5,429.65,447.0,423.8,440.1,442.85,437.98,20226,88.59,1026,9552.0, 47.23,2026-05-20
SMCGLOBAL, EQ, 20-May-2026,62.67,62.0,63.48,62.0,62.7,62.85,62.92,101888,64.11,1063,57964.0, 56.89,2026-05-20
SML100CASE, EQ, 20-May-2026,10.08,9.88,10.29,9.86,10.15,10.13,10.1,855824,86.42,963,653678.0, 76.38,2026-05-20
SMLMAH, EQ, 20-May-2026,3534.4,3520.0,3868.8,3456.3,3740.1,3744.0,3737.91,118907,4444.63,15355,45111.0, 37.94,2026-05-20
SMLT, EQ, 20-May-2026,70.05,71.27,76.99,70.01,75.01,75.11,74.51,74794,55.73,1263,27664.0, 36.99,2026-05-20
SMSPHARMA, EQ, 20-May-2026,410.25,408.0,426.0,406.75,425.1,424.3,419.41,281000,1178.55,7323,166570.0, 59.28,2026-05-20
SNOWMAN, EQ, 20-May-2026,37.35,37.35,37.96,37.0,37.1,37.45,37.39,91049,34.04,838,49401.0, 54.26,2026-05-20
SNXT30BEES, EQ, 20-May-2026,41.97,42.3,42.3,41.51,41.51,42.16,42.02,1991,0.84,68,1013.0, 50.88,2026-05-20
SNXT50BETA, EQ, 20-May-2026,89.98,89.89,89.97,88.06,89.6,89.82,89.46,1125,1.01,89,718.0, 63.82,2026-05-20
SOBHA, EQ, 20-May-2026,1387.8,1377.7,1383.7,1357.5,1370.0,1371.6,1370.95,51266,702.83,4970,16444.0, 32.08,2026-05-20
SOCL, ST, 20-May-2026,32.85,31.5,34.0,31.5,32.5,32.5,32.97,24000,7.91,13,24000.0, 100.00,2026-05-20
SOFTTECH, BE, 20-May-2026,413.8,413.0,419.95,397.55,418.45,404.85,405.48,1024,4.15,14,, -,2026-05-20
SOLARA, EQ, 20-May-2026,582.65,581.95,606.4,558.4,575.8,573.65,579.78,385476,2234.93,16177,113254.0, 29.38,2026-05-20
SOLARINDS, EQ, 20-May-2026,18116.0,18052.0,18320.0,17925.0,18301.0,18210.0,18132.37,219437,39789.14,52364,88750.0, 40.44,2026-05-20
SOLARWORLD, EQ, 20-May-2026,200.15,200.0,201.69,195.6,200.0,199.5,198.85,67976,135.17,1533,23175.0, 34.09,2026-05-20
SOLEX, EQ, 20-May-2026,1345.4,1345.4,1345.4,1290.0,1316.5,1308.9,1305.52,77127,1006.91,5086,29339.0, 38.04,2026-05-20
SOMANYCERA, EQ, 20-May-2026,502.1,499.95,539.7,487.6,524.8,519.3,518.77,884778,4589.96,27818,262964.0, 29.72,2026-05-20
SOMATEX, EQ, 20-May-2026,102.04,102.04,104.74,99.32,101.0,100.88,102.02,9037,9.22,222,5973.0, 66.09,2026-05-20
SOMICONVEY, EQ, 20-May-2026,111.01,111.5,112.8,107.55,112.8,110.87,110.12,33307,36.68,592,19615.0, 58.89,2026-05-20
SONACOMS, EQ, 20-May-2026,579.75,572.65,590.35,570.05,589.2,588.6,585.46,1366708,8001.54,31624,741878.0, 54.28,2026-05-20
SONAL, EQ, 20-May-2026,92.3,92.3,92.3,87.69,92.0,92.0,89.21,258,0.23,10,232.0, 89.92,2026-05-20
SONAMAC, ST, 20-May-2026,34.9,34.95,34.95,34.95,34.95,34.95,34.95,1000,0.35,1,1000.0, 100.00,2026-05-20
SONAMLTD, EQ, 20-May-2026,51.42,51.25,57.99,50.56,56.75,57.0,55.4,238045,131.87,1959,153204.0, 64.36,2026-05-20
SONATSOFTW, EQ, 20-May-2026,264.7,263.05,267.85,260.4,267.0,267.05,264.86,425534,1127.07,10931,145810.0, 34.27,2026-05-20
SONUINFRA, SM, 20-May-2026,50.0,50.0,50.0,50.0,50.0,50.0,50.0,1500,0.75,1,1500.0, 100.00,2026-05-20
SOTL, EQ, 20-May-2026,417.5,413.6,426.4,412.3,414.35,417.3,419.59,70383,295.32,2778,21342.0, 30.32,2026-05-20
SOUTHBANK, EQ, 20-May-2026,38.75,38.11,41.9,38.11,41.17,41.4,41.08,54680020,22464.69,106433,20139595.0, 36.83,2026-05-20
SOUTHWEST, EQ, 20-May-2026,249.55,251.0,251.0,241.1,244.5,244.53,244.6,159345,389.76,3768,83369.0, 52.32,2026-05-20
SPAL, EQ, 20-May-2026,783.8,774.0,795.5,774.0,795.5,792.3,790.04,8185,64.66,586,4931.0, 60.24,2026-05-20
SPANDANA, EQ, 20-May-2026,257.09,254.52,257.0,245.65,254.85,254.26,252.17,168870,425.84,5062,66235.0, 39.22,2026-05-20
SPARC, EQ, 20-May-2026,179.77,178.97,185.3,178.0,183.0,183.68,182.52,8862359,16175.15,88315,1734949.0, 19.58,2026-05-20
SPCENET, EQ, 20-May-2026,3.55,3.55,3.65,3.54,3.65,3.63,3.58,167451,5.99,304,152160.0, 90.87,2026-05-20
SPCL, SM, 20-May-2026,75.25,75.25,76.65,75.25,76.45,76.45,76.15,6600,5.03,11,4800.0, 72.73,2026-05-20
SPCON, SM, 20-May-2026,130.8,135.0,140.6,135.0,140.6,140.2,137.91,4800,6.62,4,4800.0, 100.00,2026-05-20
SPEB, SM, 20-May-2026,79.7,78.5,79.2,77.45,77.45,78.15,78.54,20000,15.71,9,16000.0, 80.00,2026-05-20
SPECIALITY, EQ, 20-May-2026,102.01,103.0,110.5,99.5,107.5,107.19,105.56,69703,73.58,967,48924.0, 70.19,2026-05-20
SPECTRUM, EQ, 20-May-2026,1438.3,1438.7,1449.9,1376.0,1409.9,1428.5,1412.27,7215,101.9,456,4436.0, 61.48,2026-05-20
SPECTSTM, ST, 20-May-2026,53.65,54.3,54.3,54.3,54.3,54.3,54.3,1600,0.87,2,1600.0, 100.00,2026-05-20
SPENCERS, EQ, 20-May-2026,37.2,36.67,37.18,35.86,36.63,36.52,36.43,37645,13.72,475,27804.0, 73.86,2026-05-20
SPIC, EQ, 20-May-2026,70.99,70.0,70.7,68.94,69.1,69.51,69.89,494626,345.7,3380,239949.0, 48.51,2026-05-20
SPLIL, EQ, 20-May-2026,28.57,28.57,29.89,27.75,29.3,29.54,28.81,7172,2.07,444,4652.0, 64.86,2026-05-20
SPLPETRO, EQ, 20-May-2026,706.8,700.1,701.95,684.6,689.7,688.25,691.73,20258,140.13,2343,9733.0, 48.05,2026-05-20
SPMLINFRA, EQ, 20-May-2026,204.29,203.95,203.95,196.25,198.82,197.92,198.71,215820,428.85,4050,107803.0, 49.95,2026-05-20
SPORTKING, EQ, 20-May-2026,141.03,140.4,156.3,136.5,155.25,151.42,148.1,608858,901.7,5919,265865.0, 43.67,2026-05-20
SPUNWEB, SM, 20-May-2026,115.15,114.6,114.6,112.5,113.0,113.1,113.22,10800,12.23,9,8400.0, 77.78,2026-05-20
SRD, EQ, 20-May-2026,39.13,39.13,42.65,39.06,42.65,41.34,40.59,50953,20.68,410,31529.0, 61.88,2026-05-20
SREEL, EQ, 20-May-2026,189.45,187.23,191.59,185.87,190.28,188.47,187.89,10834,20.36,411,5888.0, 54.35,2026-05-20
SRF, EQ, 20-May-2026,2637.2,2617.2,2622.1,2590.5,2610.2,2613.3,2610.61,342170,8932.74,22922,196108.0, 57.31,2026-05-20
SRGHFL, EQ, 20-May-2026,285.4,285.35,288.0,276.95,282.0,283.15,286.12,1829,5.23,38,1764.0, 96.45,2026-05-20
SRHHYPOLTD, EQ, 20-May-2026,504.2,504.2,515.95,495.95,514.0,511.85,508.19,6401,32.53,459,3585.0, 56.01,2026-05-20
SRIVASAVI, SM, 20-May-2026,54.1,53.85,53.85,53.85,53.85,53.85,53.85,2000,1.08,2,2000.0, 100.00,2026-05-20
SRM, EQ, 20-May-2026,485.85,486.45,489.0,475.55,482.0,485.05,481.77,31445,151.49,1855,14234.0, 45.27,2026-05-20
SRTL, EQ, 20-May-2026,43.8,44.4,44.68,43.5,44.68,44.33,43.99,39020,17.16,572,22590.0, 57.89,2026-05-20
SSDL, EQ, 20-May-2026,60.64,60.82,62.05,60.1,61.12,61.43,61.34,17947,11.01,268,8812.0, 49.10,2026-05-20
SSEGL, SM, 20-May-2026,358.1,362.65,380.0,353.5,379.95,378.35,369.24,21400,79.02,85,10200.0, 47.66,2026-05-20
SSFL, SM, 20-May-2026,112.3,110.95,118.8,110.95,114.5,113.9,115.17,28500,32.82,51,19000.0, 66.67,2026-05-20
SSFLPP, E1, 20-May-2026,125.5,122.25,129.4,120.05,122.0,121.75,122.92,5855,7.2,235,5523.0, 94.33,2026-05-20
SSWL, EQ, 20-May-2026,210.22,208.0,210.07,207.1,207.99,207.97,208.18,150402,313.11,2807,96935.0, 64.45,2026-05-20
STALLION, EQ, 20-May-2026,165.75,164.98,169.29,160.77,164.55,165.39,165.03,3103295,5121.28,32184,852714.0, 27.48,2026-05-20
STANLEY, EQ, 20-May-2026,159.88,159.5,159.51,154.91,156.45,156.13,156.24,44052,68.83,1298,20658.0, 46.89,2026-05-20
STAR, EQ, 20-May-2026,1153.6,1152.5,1210.8,1131.5,1145.0,1141.7,1170.18,644863,7546.05,37823,180374.0, 27.97,2026-05-20
STARCEMENT, EQ, 20-May-2026,210.72,209.5,214.8,208.26,213.05,213.37,212.47,113260,240.65,5164,57571.0, 50.83,2026-05-20
STARHEALTH, EQ, 20-May-2026,517.1,513.5,522.0,504.95,520.2,519.8,515.87,290055,1496.32,15496,157745.0, 54.38,2026-05-20
STARPAPER, EQ, 20-May-2026,138.5,136.5,139.03,133.51,136.0,136.41,136.51,15846,21.63,295,12141.0, 76.62,2026-05-20
STARTECK, EQ, 20-May-2026,248.65,249.9,253.3,243.01,243.01,245.1,249.81,2693,6.73,475,820.0, 30.45,2026-05-20
STCINDIA, EQ, 20-May-2026,116.25,115.0,118.88,114.85,115.46,115.72,116.35,37694,43.86,577,12327.0, 32.70,2026-05-20
STEELCAS, EQ, 20-May-2026,278.75,275.95,285.9,273.0,285.4,284.05,280.25,21562,60.43,1153,8336.0, 38.66,2026-05-20
STEELCITY, EQ, 20-May-2026,78.94,79.8,79.8,77.54,78.86,78.93,79.11,8250,6.53,148,4669.0, 56.59,2026-05-20
STEELXIND, EQ, 20-May-2026,10.2,10.16,10.2,10.0,10.17,10.13,10.09,1182193,119.3,1174,916519.0, 77.53,2026-05-20
STEL, EQ, 20-May-2026,438.7,448.0,448.0,430.0,435.5,438.75,437.09,2769,12.1,239,1632.0, 58.94,2026-05-20
STERTOOLS, EQ, 20-May-2026,235.14,232.0,235.55,232.0,233.5,233.74,233.88,22547,52.73,631,11732.0, 52.03,2026-05-20
STLNETWORK, BE, 20-May-2026,24.89,24.85,26.0,24.5,25.35,25.68,25.04,828040,207.35,1560,, -,2026-05-20
STLTECH, BE, 20-May-2026,400.9,386.1,411.7,381.15,407.0,404.9,399.94,3766676,15064.5,51161,, -,2026-05-20
STOVEKRAFT, EQ, 20-May-2026,540.5,539.8,553.0,534.15,548.0,543.85,545.34,93169,508.09,4134,32201.0, 34.56,2026-05-20
STRIDERS, SM, 20-May-2026,68.5,64.55,66.0,61.0,61.0,61.3,62.93,49600,31.22,31,32000.0, 64.52,2026-05-20
STUDDS, EQ, 20-May-2026,443.55,439.55,447.9,436.8,439.05,438.1,442.86,40368,178.77,2638,30965.0, 76.71,2026-05-20
STUDIOLSD, ST, 20-May-2026,10.4,10.45,10.45,10.4,10.4,10.4,10.43,10000,1.04,4,10000.0, 100.00,2026-05-20
STYL, EQ, 20-May-2026,270.11,271.79,279.9,250.5,254.6,254.92,266.46,1272483,3390.72,20651,495560.0, 38.94,2026-05-20
STYLAMIND, EQ, 20-May-2026,2773.0,2773.0,2800.0,2726.2,2752.9,2741.7,2774.78,46876,1300.71,5164,21592.0, 46.06,2026-05-20
STYLEBAAZA, BE, 20-May-2026,351.55,351.0,357.95,339.4,355.0,354.9,347.2,307369,1067.18,1947,, -,2026-05-20
STYRENIX, EQ, 20-May-2026,2268.4,2250.0,2250.0,2199.6,2210.0,2208.5,2219.53,23934,531.22,3800,13171.0, 55.03,2026-05-20
SUBAHOTELS, SM, 20-May-2026,130.15,121.3,131.0,121.3,129.05,129.55,129.42,32400,41.93,25,20400.0, 62.96,2026-05-20
SUBEXLTD, BE, 20-May-2026,10.37,10.14,10.44,10.14,10.26,10.21,10.25,295293,30.27,702,, -,2026-05-20
SUBROS, EQ, 20-May-2026,732.45,726.55,728.9,712.45,714.0,714.2,718.1,57217,410.87,3842,31555.0, 55.15,2026-05-20
SUDARCOLOR, EQ, 20-May-2026,350.7,350.7,355.0,342.5,342.5,345.35,347.3,1986,6.9,162,1371.0, 69.03,2026-05-20
SUDARSCHEM, EQ, 20-May-2026,856.7,848.2,873.95,848.2,855.0,862.3,864.13,46588,402.58,4284,21597.0, 46.36,2026-05-20
SUDEEPPHRM, EQ, 20-May-2026,648.8,648.8,651.0,645.6,649.0,650.1,649.8,54310,352.91,2234,44045.0, 81.10,2026-05-20
SUKHJITS, EQ, 20-May-2026,191.5,193.35,195.0,187.62,192.08,193.41,192.01,32018,61.48,2061,10643.0, 33.24,2026-05-20
SULA, EQ, 20-May-2026,160.4,160.4,160.49,157.85,160.0,159.89,159.6,201504,321.59,3891,69188.0, 34.34,2026-05-20
SUMEETINDS, EQ, 20-May-2026,29.81,29.51,29.93,29.06,29.06,29.3,29.46,60768,17.9,516,19354.0, 31.85,2026-05-20
SUMICHEM, EQ, 20-May-2026,468.9,469.4,469.6,458.65,462.4,460.75,462.26,347060,1604.3,11028,225672.0, 65.02,2026-05-20
SUMIT, BE, 20-May-2026,43.8,43.11,44.0,42.03,43.89,43.07,43.05,67364,29.0,148,, -,2026-05-20
SUMMITSEC, EQ, 20-May-2026,1494.3,1494.2,1498.7,1464.1,1472.0,1485.9,1482.66,3286,48.72,423,1983.0, 60.35,2026-05-20
SUNCLAY, EQ, 20-May-2026,1403.2,1396.0,1427.7,1335.0,1342.0,1341.3,1364.71,13369,182.45,1595,6751.0, 50.50,2026-05-20
SUNDARAM, EQ, 20-May-2026,1.39,1.39,1.41,1.37,1.39,1.39,1.39,175877,2.45,244,119790.0, 68.11,2026-05-20
SUNDARMFIN, EQ, 20-May-2026,4558.6,4536.0,4536.0,4431.0,4485.0,4480.6,4460.71,82753,3691.37,12214,54795.0, 66.22,2026-05-20
SUNDRMBRAK, EQ, 20-May-2026,622.65,619.0,627.4,611.4,612.85,613.5,616.24,1094,6.74,46,815.0, 74.50,2026-05-20
SUNDRMFAST, EQ, 20-May-2026,851.05,853.05,853.05,833.0,833.5,834.55,839.43,48835,409.94,8548,34761.0, 71.18,2026-05-20
SUNDROP, EQ, 20-May-2026,671.55,671.6,675.0,660.0,675.0,669.6,665.85,7652,50.95,601,4807.0, 62.82,2026-05-20
SUNFLAG, EQ, 20-May-2026,358.55,356.05,356.85,344.6,351.65,350.15,349.69,201213,703.62,5631,92122.0, 45.78,2026-05-20
SUNLITE, ST, 20-May-2026,450.0,440.0,457.0,435.0,446.0,447.7,447.61,11700,52.37,32,10200.0, 87.18,2026-05-20
SUNPHARMA, EQ, 20-May-2026,1882.3,1880.0,1892.9,1872.0,1880.0,1880.3,1881.48,1376695,25902.25,82438,812639.0, 59.03,2026-05-20
SUNTECH, SM, 20-May-2026,36.25,38.0,38.0,38.0,38.0,38.0,38.0,1600,0.61,1,1600.0, 100.00,2026-05-20
SUNTECK, EQ, 20-May-2026,295.9,293.0,293.0,284.5,290.7,290.8,289.22,313020,905.33,8190,161834.0, 51.70,2026-05-20
SUNTV, EQ, 20-May-2026,525.15,522.0,522.65,512.2,518.0,517.45,517.15,291273,1506.32,15853,120346.0, 41.32,2026-05-20
SUPERHOUSE, EQ, 20-May-2026,148.57,146.3,154.9,146.3,149.01,150.05,151.5,5331,8.08,90,4567.0, 85.67,2026-05-20
SUPERSPIN, EQ, 20-May-2026,5.02,5.23,5.25,5.01,5.2,5.12,5.11,10962,0.56,87,10479.0, 95.59,2026-05-20
SUPRAJIT, EQ, 20-May-2026,416.1,415.1,421.7,412.8,418.0,418.9,417.98,38826,162.29,3185,21211.0, 54.63,2026-05-20
SUPREME, EQ, 20-May-2026,49.73,49.75,50.79,48.51,48.8,49.29,49.38,111179,54.9,929,96460.0, 86.76,2026-05-20
SUPREMEENG, BZ, 20-May-2026,0.96,0.99,1.0,0.92,0.99,0.99,0.95,194097,1.84,162,, -,2026-05-20
SUPREMEIND, EQ, 20-May-2026,3446.3,3430.0,3480.0,3400.0,3468.0,3467.7,3447.21,81862,2821.96,14535,41612.0, 50.83,2026-05-20
SUPREMEINF, EQ, 20-May-2026,80.29,80.4,83.4,80.4,82.01,82.04,81.91,49522,40.56,356,41385.0, 83.57,2026-05-20
SUPREMEPWR, ST, 20-May-2026,232.8,231.9,239.95,224.0,238.95,237.65,232.4,49000,113.88,92,42000.0, 85.71,2026-05-20
SUPRIYA, EQ, 20-May-2026,720.6,722.85,731.9,711.0,727.0,725.25,723.75,150604,1089.99,8786,60013.0, 39.85,2026-05-20
SURAJEST, EQ, 20-May-2026,217.62,215.1,216.86,211.6,212.0,214.62,214.85,26491,56.92,1039,12458.0, 47.03,2026-05-20
SURAJLTD, EQ, 20-May-2026,233.0,221.6,232.0,221.6,231.55,231.68,230.46,237,0.55,10,221.0, 93.25,2026-05-20
SURAKSHA, EQ, 20-May-2026,299.5,299.5,308.4,296.4,304.4,305.05,301.72,56538,170.58,851,33787.0, 59.76,2026-05-20
SURANASOL, EQ, 20-May-2026,25.75,25.75,26.0,25.26,26.0,25.97,25.81,23180,5.98,443,14785.0, 63.78,2026-05-20
SURANAT&P, EQ, 20-May-2026,18.64,18.97,19.1,18.21,18.21,18.41,18.73,88548,16.58,545,53807.0, 60.77,2026-05-20
SURANI, ST, 20-May-2026,136.8,134.1,143.6,130.0,140.0,140.0,143.05,53400,76.39,17,53400.0, 100.00,2026-05-20
SURYALA, EQ, 20-May-2026,340.0,359.0,359.95,352.55,352.55,355.6,356.03,58,0.21,7,30.0, 51.72,2026-05-20
SURYALAXMI, EQ, 20-May-2026,60.48,62.0,62.0,58.2,58.69,58.69,58.95,229,0.13,40,196.0, 85.59,2026-05-20
SURYAROSNI, EQ, 20-May-2026,239.65,235.6,242.05,234.2,240.25,241.1,239.07,279209,667.5,8544,126325.0, 45.24,2026-05-20
SURYODAY, EQ, 20-May-2026,162.55,160.32,161.8,156.8,159.5,160.95,159.6,198805,317.29,3654,89319.0, 44.93,2026-05-20
SUTLEJTEX, EQ, 20-May-2026,36.43,36.05,37.35,36.05,36.56,36.58,36.66,11407,4.18,237,3469.0, 30.41,2026-05-20
SUVEN, EQ, 20-May-2026,269.43,263.3,277.99,263.3,269.0,268.98,271.05,3053420,8276.14,46171,456143.0, 14.94,2026-05-20
SUVIDHAA, EQ, 20-May-2026,2.87,2.87,2.94,2.85,2.88,2.86,2.89,90835,2.62,218,83298.0, 91.70,2026-05-20
SUYOG, EQ, 20-May-2026,776.95,777.0,799.85,765.2,799.5,788.1,784.54,11911,93.45,971,5284.0, 44.36,2026-05-20
SUZLON, EQ, 20-May-2026,52.91,52.55,52.7,52.0,52.64,52.57,52.42,46459868,24353.77,73572,13305001.0, 28.64,2026-05-20
SVLL, EQ, 20-May-2026,568.7,620.0,620.0,546.0,551.0,555.3,559.45,2070,11.58,141,933.0, 45.07,2026-05-20
SVPGLOB, BE, 20-May-2026,3.88,4.0,4.07,3.88,4.05,4.05,4.04,44699,1.81,83,, -,2026-05-20
SWANCORP, EQ, 20-May-2026,313.8,309.8,323.2,306.6,318.0,320.85,315.24,661439,2085.14,15169,259905.0, 39.29,2026-05-20
SWANDEF, BE, 20-May-2026,1893.3,1850.1,1934.7,1840.0,1918.0,1920.3,1885.37,14694,277.04,926,, -,2026-05-20
SWARAJ, SM, 20-May-2026,274.4,265.05,265.05,238.0,259.0,257.1,251.2,149500,375.54,210,111000.0, 74.25,2026-05-20
SWARAJENG, EQ, 20-May-2026,3711.9,3711.9,3711.9,3660.0,3699.0,3690.0,3686.1,9316,343.4,2513,4928.0, 52.90,2026-05-20
SWELECTES, EQ, 20-May-2026,622.35,615.0,633.45,610.0,625.0,624.25,623.16,6573,40.96,661,2263.0, 34.43,2026-05-20
SWIGGY, EQ, 20-May-2026,260.7,259.35,260.5,254.5,255.8,256.35,257.5,9905588,25507.28,77092,5525154.0, 55.78,2026-05-20
SWSOLAR, EQ, 20-May-2026,197.8,196.82,196.82,193.52,196.1,195.33,195.01,671822,1310.09,9749,243952.0, 36.31,2026-05-20
SYLVANPLY, SM, 20-May-2026,54.0,53.95,54.0,53.95,54.0,54.0,53.99,10000,5.4,4,10000.0, 100.00,2026-05-20
SYMPHONY, EQ, 20-May-2026,728.65,729.95,729.95,716.1,719.9,719.15,721.19,84221,607.39,6258,41816.0, 49.65,2026-05-20
SYNCOMF, EQ, 20-May-2026,14.15,14.01,14.34,13.93,14.12,14.11,14.08,1837061,258.6,2922,819349.0, 44.60,2026-05-20
SYNGENE, EQ, 20-May-2026,471.35,471.1,475.2,461.75,467.5,466.05,466.84,615295,2872.45,25968,252562.0, 41.05,2026-05-20
SYNOPTICS, SM, 20-May-2026,51.45,48.9,48.9,48.9,48.9,48.9,48.9,1200,0.59,2,600.0, 50.00,2026-05-20
SYRMA, EQ, 20-May-2026,984.15,971.3,1010.0,960.15,1009.9,1004.0,986.07,1282108,12642.51,48103,499310.0, 38.94,2026-05-20
SYSTANGO, SM, 20-May-2026,240.55,232.6,245.4,232.6,241.0,240.9,238.88,34400,82.17,84,19200.0, 55.81,2026-05-20
SYSTMTXC, EQ, 20-May-2026,66.93,64.0,68.01,64.0,67.0,67.27,67.15,68670,46.11,275,18115.0, 26.38,2026-05-20
TAALTECH, EQ, 20-May-2026,2656.9,2680.0,2797.5,2680.0,2715.0,2731.6,2734.67,520,14.22,178,303.0, 58.27,2026-05-20
TAC, SM, 20-May-2026,414.3,393.6,435.0,393.6,430.3,431.5,410.77,556200,2284.68,1200,220200.0, 39.59,2026-05-20
TAINWALCHM, EQ, 20-May-2026,207.62,207.0,210.0,202.0,203.5,204.44,206.11,2476,5.1,114,1532.0, 61.87,2026-05-20
TAJGVK, EQ, 20-May-2026,308.65,306.25,306.3,301.5,303.85,303.75,303.47,54660,165.88,1772,24907.0, 45.57,2026-05-20
TAKE, BE, 20-May-2026,25.53,26.8,26.8,26.8,26.8,26.8,26.8,608231,163.01,1082,, -,2026-05-20
TALBROAUTO, EQ, 20-May-2026,330.5,325.3,330.0,316.85,329.75,327.35,323.85,146574,474.68,3532,71089.0, 48.50,2026-05-20
TAMBOLIIN, EQ, 20-May-2026,170.5,170.1,170.1,164.55,164.55,165.4,165.85,2391,3.97,34,1985.0, 83.02,2026-05-20
TANLA, EQ, 20-May-2026,523.25,519.6,526.4,511.9,516.0,516.85,519.23,413802,2148.59,14303,153669.0, 37.14,2026-05-20
TARACHAND, EQ, 20-May-2026,59.88,60.7,60.7,57.1,58.0,57.84,58.23,108536,63.2,1672,68884.0, 63.47,2026-05-20
TARAPUR, EQ, 20-May-2026,23.13,23.54,23.54,22.25,22.71,22.81,22.54,13475,3.04,165,7341.0, 54.48,2026-05-20
TARC, EQ, 20-May-2026,128.6,128.01,128.14,126.91,127.7,127.81,127.51,104282,132.97,1725,63041.0, 60.45,2026-05-20
TARIL, EQ, 20-May-2026,297.4,295.95,309.6,291.4,305.1,304.75,303.07,3174167,9619.97,44746,953649.0, 30.04,2026-05-20
TARMAT, EQ, 20-May-2026,51.14,52.3,52.3,51.0,51.11,51.2,51.03,2152,1.1,40,2097.0, 97.44,2026-05-20
TARSONS, EQ, 20-May-2026,210.79,211.38,215.98,209.42,215.98,212.71,212.08,32618,69.18,1039,13586.0, 41.65,2026-05-20
TASTYBITE, EQ, 20-May-2026,7414.0,7383.5,7559.0,7349.0,7420.0,7454.5,7453.81,1082,80.65,365,534.0, 49.35,2026-05-20
TATACAP, EQ, 20-May-2026,302.75,302.15,302.4,298.0,301.0,300.6,299.62,1422312,4261.57,34765,769899.0, 54.13,2026-05-20
TATACHEM, EQ, 20-May-2026,736.2,730.0,734.45,726.0,730.0,729.95,729.9,207269,1512.86,8442,91109.0, 43.96,2026-05-20
TATACOMM, EQ, 20-May-2026,1646.6,1630.2,1805.0,1630.2,1771.0,1775.6,1752.48,3191014,55921.98,142741,658675.0, 20.64,2026-05-20
TATACONSUM, EQ, 20-May-2026,1210.9,1207.1,1216.6,1194.2,1210.0,1208.7,1207.82,1718132,20751.89,37637,1134270.0, 66.02,2026-05-20
TATAELXSI, EQ, 20-May-2026,4186.1,4180.0,4219.9,4138.2,4185.0,4175.1,4170.2,173872,7250.8,21307,77254.0, 44.43,2026-05-20
TATAGOLD, EQ, 20-May-2026,15.32,15.32,15.32,15.11,15.29,15.28,15.24,71470667,10892.85,60406,23667807.0, 33.12,2026-05-20
TATAINVEST, EQ, 20-May-2026,663.55,657.25,664.7,652.15,663.0,662.1,658.9,280905,1850.87,13131,72247.0, 25.72,2026-05-20
TATAPOWER, EQ, 20-May-2026,415.0,411.8,415.95,409.75,413.6,413.5,413.7,4390666,18163.98,80856,1977828.0, 45.05,2026-05-20
TATASTEEL, EQ, 20-May-2026,209.29,207.5,207.5,203.04,207.0,207.01,204.85,56670462,116091.16,385011,28838079.0, 50.89,2026-05-20
TATATECH, EQ, 20-May-2026,668.55,666.85,679.8,659.25,674.95,674.45,672.82,2103852,14155.22,47389,695122.0, 33.04,2026-05-20
TATSILV, EQ, 20-May-2026,25.68,25.59,25.72,25.03,25.7,25.63,25.35,62088990,15742.0,59178,10903918.0, 17.56,2026-05-20
TATVA, EQ, 20-May-2026,1282.4,1278.5,1289.8,1236.0,1246.9,1241.9,1259.4,46275,582.79,3826,31813.0, 68.75,2026-05-20
TAURIAN, SM, 20-May-2026,275.65,263.1,291.5,263.1,288.5,281.6,273.74,44000,120.45,47,31200.0, 70.91,2026-05-20
TBI, SM, 20-May-2026,63.4,61.0,63.9,60.6,62.0,61.7,61.82,49200,30.42,55,40200.0, 81.71,2026-05-20
TBOTEK, EQ, 20-May-2026,1178.1,1166.9,1183.0,1154.1,1182.0,1179.3,1173.27,28915,339.25,3539,11029.0, 38.14,2026-05-20
TBZ, EQ, 20-May-2026,129.89,128.82,131.21,127.8,131.0,130.5,129.66,135953,176.28,2309,55853.0, 41.08,2026-05-20
TCC, EQ, 20-May-2026,360.1,365.0,368.8,355.0,355.0,356.9,360.3,2569,9.26,206,1986.0, 77.31,2026-05-20
TCI, EQ, 20-May-2026,877.7,877.7,910.0,871.0,885.0,886.0,884.55,36350,321.53,7182,11052.0, 30.40,2026-05-20
TCIEXP, EQ, 20-May-2026,510.3,507.05,517.4,506.6,508.15,511.95,512.36,4962,25.42,583,2596.0, 52.32,2026-05-20
TCIFINANCE, EQ, 20-May-2026,13.64,13.91,13.91,13.21,13.5,13.32,13.35,6294,0.84,76,4596.0, 73.02,2026-05-20
TCL, SM, 20-May-2026,94.7,94.0,95.05,93.0,95.05,95.0,94.0,25600,24.06,17,23200.0, 90.63,2026-05-20
TCPLPACK, EQ, 20-May-2026,2535.6,2517.7,2573.4,2510.0,2545.0,2546.9,2538.5,785,19.93,204,444.0, 56.56,2026-05-20
TCS, EQ, 20-May-2026,2327.1,2323.9,2342.0,2317.8,2324.1,2327.4,2332.61,2537422,59188.03,98920,1419151.0, 55.93,2026-05-20
TDPOWERSYS, EQ, 20-May-2026,1256.3,1240.0,1250.0,1217.3,1232.0,1231.2,1232.11,1201219,14800.31,51374,493237.0, 41.06,2026-05-20
TEAMGTY, EQ, 20-May-2026,281.6,286.0,286.0,265.1,265.1,267.7,277.71,6965,19.34,357,4589.0, 65.89,2026-05-20
TEAMLEASE, EQ, 20-May-2026,1373.8,1380.0,1438.0,1377.0,1413.0,1412.6,1407.9,70286,989.56,6829,25289.0, 35.98,2026-05-20
TECH, EQ, 20-May-2026,31.7,31.98,32.12,31.69,31.7,31.72,31.86,21287,6.78,265,8552.0, 40.17,2026-05-20
TECHD, SM, 20-May-2026,534.35,536.0,612.0,536.0,606.0,607.0,589.9,91500,539.76,292,55500.0, 60.66,2026-05-20
TECHERA, SM, 20-May-2026,183.35,179.2,180.0,174.2,176.4,175.25,174.81,176000,307.66,174,133600.0, 75.91,2026-05-20
TECHLABS, ST, 20-May-2026,225.7,226.95,229.25,218.0,228.95,227.3,224.82,5250,11.8,33,4250.0, 80.95,2026-05-20
TECHM, EQ, 20-May-2026,1467.1,1453.6,1476.5,1434.7,1439.0,1439.0,1455.59,2216454,32262.55,73204,1012534.0, 45.68,2026-05-20
TECHNOE, EQ, 20-May-2026,1193.9,1180.0,1209.7,1160.0,1203.3,1202.7,1187.99,267383,3176.49,21706,155100.0, 58.01,2026-05-20
TECHNVISN, EQ, 20-May-2026,5200.5,5206.5,5450.0,5206.5,5450.0,5347.0,5405.38,81,4.38,24,65.0, 80.25,2026-05-20
TECILCHEM, EQ, 20-May-2026,12.44,12.68,12.7,11.8,12.7,12.67,12.39,2957,0.37,33,1984.0, 67.10,2026-05-20
TEGA, EQ, 20-May-2026,1593.9,1577.2,1590.5,1567.8,1570.0,1578.6,1578.61,11936,188.42,2062,5215.0, 43.69,2026-05-20
TEJASCARGO, SM, 20-May-2026,425.0,411.0,411.0,403.75,403.75,403.75,405.56,1600,6.49,4,1200.0, 75.00,2026-05-20
TEJASNET, EQ, 20-May-2026,462.7,462.0,474.6,451.6,469.6,466.4,464.3,4397061,20415.44,75438,642446.0, 14.61,2026-05-20
TEMBO, EQ, 20-May-2026,569.65,565.0,593.0,562.0,592.95,587.55,581.43,35906,208.77,1708,20072.0, 55.90,2026-05-20
TENNIND, EQ, 20-May-2026,579.15,582.6,601.7,574.25,594.95,597.7,586.82,1002233,5881.26,27891,681855.0, 68.03,2026-05-20
TERASOFT, EQ, 20-May-2026,317.8,333.65,333.65,327.0,333.65,333.65,333.46,29430,98.14,236,17375.0, 59.04,2026-05-20
TEXINFRA, EQ, 20-May-2026,97.28,95.74,98.28,95.74,97.3,97.71,97.19,35678,34.68,1207,10726.0, 30.06,2026-05-20
TEXMOPIPES, EQ, 20-May-2026,43.9,44.12,46.4,43.67,45.65,45.86,45.43,55043,25.01,663,31497.0, 57.22,2026-05-20
TEXRAIL, EQ, 20-May-2026,109.17,106.95,108.8,106.25,108.5,108.39,107.9,2101521,2267.52,14466,673941.0, 32.07,2026-05-20
TFCILTD, EQ, 20-May-2026,73.05,72.96,74.39,72.62,73.8,73.63,73.43,1625381,1193.5,6610,1102116.0, 67.81,2026-05-20
TFL, EQ, 20-May-2026,12.01,11.8,12.0,11.8,11.86,11.86,11.86,3336,0.4,55,2127.0, 63.76,2026-05-20
TGBHOTELS, EQ, 20-May-2026,9.27,9.4,9.4,9.0,9.25,9.24,9.26,16134,1.49,77,8268.0, 51.25,2026-05-20
TGL, ST, 20-May-2026,21.55,21.15,21.15,21.15,21.15,21.15,21.15,9000,1.9,19,9000.0, 100.00,2026-05-20
THACKER, EQ, 20-May-2026,1109.0,1110.0,1110.0,1100.0,1100.0,1100.0,1108.33,6,0.07,2,6.0, 100.00,2026-05-20
THANGAMAYL, EQ, 20-May-2026,3653.1,3652.0,3807.6,3560.3,3779.0,3780.8,3742.4,164337,6150.15,21060,59247.0, 36.05,2026-05-20
THEINVEST, EQ, 20-May-2026,100.98,100.04,100.04,95.86,98.98,98.65,98.01,5057,4.96,292,2318.0, 45.84,2026-05-20
THEJO, EQ, 20-May-2026,1682.0,1681.1,1696.2,1633.0,1633.0,1642.6,1656.98,5741,95.13,505,3994.0, 69.57,2026-05-20
THELEELA, EQ, 20-May-2026,407.15,402.55,409.65,402.55,405.85,406.9,406.9,81075,329.89,4886,47045.0, 58.03,2026-05-20
THEMISMED, EQ, 20-May-2026,98.14,97.46,101.0,96.25,96.25,97.46,98.66,47326,46.69,1398,24364.0, 51.48,2026-05-20
THERMAX, EQ, 20-May-2026,4416.6,4380.1,4456.4,4330.0,4416.9,4415.1,4417.09,128625,5681.48,24386,65650.0, 51.04,2026-05-20
THESL, SM, 20-May-2026,13.5,13.0,13.0,12.85,12.85,12.85,12.93,6000,0.78,2,3000.0, 50.00,2026-05-20
THOMASCOOK, EQ, 20-May-2026,93.18,93.0,93.86,91.1,93.01,93.31,92.67,669927,620.83,6748,344457.0, 51.42,2026-05-20
THOMASCOTT, EQ, 20-May-2026,259.9,261.9,264.5,256.95,257.0,258.1,260.62,30757,80.16,1295,16572.0, 53.88,2026-05-20
THYROCARE, EQ, 20-May-2026,470.65,470.65,481.15,467.2,475.0,475.25,474.47,242460,1150.41,12703,123602.0, 50.98,2026-05-20
TI, EQ, 20-May-2026,426.05,425.9,435.55,420.65,422.0,422.8,426.98,306366,1308.14,11406,138585.0, 45.24,2026-05-20
TICL, EQ, 20-May-2026,22.76,22.79,23.22,22.52,22.72,22.76,23.01,2402989,552.87,877,683677.0, 28.45,2026-05-20
TIGERLOGS, BE, 20-May-2026,34.89,34.89,35.48,34.2,35.24,34.9,34.74,31204,10.84,181,, -,2026-05-20
TIIL, EQ, 20-May-2026,2608.5,2600.0,2649.9,2567.6,2611.0,2609.6,2604.53,13740,357.86,1822,7542.0, 54.89,2026-05-20
TIINDIA, EQ, 20-May-2026,2892.2,2877.8,2985.0,2863.9,2984.1,2970.9,2929.97,485097,14213.19,34924,277898.0, 57.29,2026-05-20
TIJARIA, BE, 20-May-2026,4.7,4.7,4.89,4.5,4.75,4.74,4.69,8429,0.4,38,, -,2026-05-20
TIL, EQ, 20-May-2026,186.63,186.22,187.18,182.05,183.2,184.65,184.47,78732,145.24,1373,60275.0, 76.56,2026-05-20
TILPP, E1, 20-May-2026,144.3,145.0,147.3,142.0,142.0,142.1,144.89,8241,11.94,22,8124.0, 98.58,2026-05-20
TIMETECHNO, EQ, 20-May-2026,172.69,171.5,172.69,170.1,171.75,171.98,171.33,543353,930.95,12230,249299.0, 45.88,2026-05-20
TIMEX, EQ, 20-May-2026,336.95,339.9,347.0,332.0,344.0,344.4,342.15,86534,296.08,2973,55899.0, 64.60,2026-05-20
TIMKEN, EQ, 20-May-2026,3538.0,3550.0,3738.0,3506.5,3673.0,3656.2,3636.17,633794,23045.8,44662,430645.0, 67.95,2026-05-20
TINNARUBR, EQ, 20-May-2026,753.2,759.95,762.0,733.2,748.75,744.05,749.28,16406,122.93,1433,7292.0, 44.45,2026-05-20
TIPSFILMS, EQ, 20-May-2026,373.7,375.15,384.0,370.0,378.5,378.55,376.02,3939,14.81,354,2859.0, 72.58,2026-05-20
TIPSMUSIC, EQ, 20-May-2026,651.65,650.0,668.9,638.6,664.9,659.3,659.4,268575,1770.98,11112,107301.0, 39.95,2026-05-20
TIRUMALCHM, EQ, 20-May-2026,203.03,201.0,213.0,198.21,212.99,212.08,205.18,648852,1331.33,7942,451292.0, 69.55,2026-05-20
TIRUPATIFL, BE, 20-May-2026,43.17,45.32,45.32,41.02,41.02,41.02,43.54,1116337,486.09,1371,, -,2026-05-20
TITAGARH, EQ, 20-May-2026,739.6,735.0,756.1,721.2,748.0,746.95,741.48,707138,5243.27,25812,134915.0, 19.08,2026-05-20
TITAN, EQ, 20-May-2026,4102.0,4053.0,4116.7,4053.0,4104.7,4106.4,4088.52,913576,37351.73,54864,528414.0, 57.84,2026-05-20
TMB, EQ, 20-May-2026,679.4,674.0,697.85,665.35,693.0,692.75,683.08,141527,966.74,8612,58040.0, 41.01,2026-05-20
TMCV, EQ, 20-May-2026,378.65,373.5,381.8,370.8,379.9,379.7,375.38,7048290,26457.91,115502,3383481.0, 48.00,2026-05-20
TMPV, EQ, 20-May-2026,361.2,358.65,365.0,356.1,360.85,361.25,361.72,9875276,35720.55,116671,4568419.0, 46.26,2026-05-20
TNIDETF, EQ, 20-May-2026,81.38,81.78,81.94,81.02,81.75,81.6,81.62,39408,32.16,435,30427.0, 77.21,2026-05-20
TNPETRO, EQ, 20-May-2026,90.75,87.75,90.96,85.01,90.0,90.66,88.36,403069,356.15,3741,190041.0, 47.15,2026-05-20
TNPL, EQ, 20-May-2026,149.96,149.1,152.75,147.7,151.75,151.65,150.94,83729,126.38,2219,42020.0, 50.19,2026-05-20
TNTELE, EQ, 20-May-2026,9.11,9.6,9.79,9.0,9.07,9.07,9.22,6681,0.62,75,3670.0, 54.93,2026-05-20
TOKYOPLAST, BE, 20-May-2026,85.0,85.0,85.1,84.0,84.01,84.01,84.78,656,0.56,17,, -,2026-05-20
TOLINS, EQ, 20-May-2026,101.61,100.01,101.99,99.0,101.05,101.04,100.82,21983,22.16,782,12715.0, 57.84,2026-05-20
TOP100CASE, EQ, 20-May-2026,10.27,10.27,10.3,10.07,10.3,10.28,10.24,345853,35.41,1070,223612.0, 64.66,2026-05-20
TOP10ADD, EQ, 20-May-2026,86.75,86.75,87.0,86.19,87.0,86.87,86.63,17448,15.11,388,10184.0, 58.37,2026-05-20
TOP15IETF, EQ, 20-May-2026,9.62,9.61,9.66,9.54,9.65,9.65,9.64,245452,23.67,316,126904.0, 51.70,2026-05-20
TOP20, EQ, 20-May-2026,8.53,8.53,8.55,8.44,8.54,8.53,8.52,22763,1.94,103,19250.0, 84.57,2026-05-20
TORNTPHARM, EQ, 20-May-2026,4460.1,4440.1,4520.9,4400.0,4450.0,4429.2,4444.18,331283,14722.83,38113,169340.0, 51.12,2026-05-20
TORNTPOWER, EQ, 20-May-2026,1480.3,1480.0,1519.9,1466.5,1515.3,1512.6,1497.2,218519,3271.67,21623,90210.0, 41.28,2026-05-20
TOTAL, EQ, 20-May-2026,53.76,53.0,54.5,52.0,53.94,53.15,53.58,1551,0.83,47,1029.0, 66.34,2026-05-20
TOUCHWOOD, EQ, 20-May-2026,70.73,71.9,71.9,70.0,71.3,71.3,71.25,323,0.23,39,212.0, 65.63,2026-05-20
TPHQ, EQ, 20-May-2026,0.51,0.51,0.53,0.49,0.52,0.51,0.51,2497147,12.83,395,1710284.0, 68.49,2026-05-20
TPLPLASTEH, EQ, 20-May-2026,63.73,63.12,64.96,62.53,64.0,63.1,63.78,191056,121.86,1009,63241.0, 33.10,2026-05-20
TRACXN, EQ, 20-May-2026,32.27,31.9,32.9,31.37,32.74,32.58,32.28,84752,27.36,1052,41885.0, 49.42,2026-05-20
TRANSPEK, EQ, 20-May-2026,1221.2,1245.0,1269.0,1212.0,1240.0,1230.6,1238.34,910,11.27,153,721.0, 79.23,2026-05-20
TRANSRAILL, EQ, 20-May-2026,496.8,493.0,504.65,488.4,497.95,496.1,496.99,578617,2875.67,15594,229995.0, 39.75,2026-05-20
TRANSTEEL, SM, 20-May-2026,130.0,131.0,132.0,128.1,129.65,128.85,129.63,12000,15.56,10,11000.0, 91.67,2026-05-20
TRANSWORLD, EQ, 20-May-2026,167.48,164.99,164.99,153.12,156.7,155.89,156.52,66993,104.86,1759,41730.0, 62.29,2026-05-20
TRAVELFOOD, EQ, 20-May-2026,1060.1,1069.5,1079.9,1046.0,1065.7,1060.1,1062.36,62093,659.65,5344,39176.0, 63.09,2026-05-20
TREEHOUSE, EQ, 20-May-2026,7.14,7.48,7.48,6.85,6.9,6.95,6.9,116500,8.04,191,93868.0, 80.57,2026-05-20
TREJHARA, EQ, 20-May-2026,154.75,156.99,156.99,150.17,153.5,151.99,152.07,21215,32.26,983,11202.0, 52.80,2026-05-20
TREL, EQ, 20-May-2026,24.09,24.1,24.54,24.0,24.0,24.13,24.18,36183,8.75,428,24332.0, 67.25,2026-05-20
TRENT, EQ, 20-May-2026,4069.6,4032.7,4114.0,4022.0,4113.0,4099.9,4077.45,501006,20428.28,36595,233295.0, 46.57,2026-05-20
TRF, EQ, 20-May-2026,235.0,232.7,237.6,231.0,234.0,234.45,233.98,10546,24.68,707,4455.0, 42.24,2026-05-20
TRIDENT, EQ, 20-May-2026,24.44,24.1,24.43,23.75,24.17,24.27,24.11,5148422,1241.07,14524,1439684.0, 27.96,2026-05-20
TRIGYN, EQ, 20-May-2026,55.02,55.49,57.6,54.58,57.49,57.16,56.73,24415,13.85,402,16167.0, 66.22,2026-05-20
TRITURBINE, EQ, 20-May-2026,638.05,642.95,664.0,617.1,654.0,656.55,649.77,8531572,55435.68,174717,1497876.0, 17.56,2026-05-20
TRIVENI, EQ, 20-May-2026,374.0,370.1,389.7,369.0,369.5,370.2,377.04,477744,1801.28,17179,158959.0, 33.27,2026-05-20
TROM, ST, 20-May-2026,53.65,55.0,55.65,52.65,52.65,54.45,54.44,2400,1.31,4,2400.0, 100.00,2026-05-20
TRU, EQ, 20-May-2026,6.13,6.13,6.24,6.0,6.18,6.17,6.17,45385,2.8,124,33904.0, 74.70,2026-05-20
TRUALT, EQ, 20-May-2026,461.85,465.0,480.0,458.0,479.05,478.2,471.38,207996,980.45,5740,124250.0, 59.74,2026-05-20
TRUST, SM, 20-May-2026,37.2,37.25,37.25,31.8,34.5,34.5,33.23,28800,9.57,34,19200.0, 66.67,2026-05-20
TSFINV, EQ, 20-May-2026,392.45,392.45,412.0,389.4,404.0,405.1,404.91,112330,454.84,4473,51879.0, 46.18,2026-05-20
TTKHLTCARE, EQ, 20-May-2026,891.95,899.75,899.75,864.0,877.05,884.4,885.25,1793,15.87,368,1045.0, 58.28,2026-05-20
TTKPRESTIG, EQ, 20-May-2026,522.4,517.0,546.95,517.0,542.0,542.6,538.48,199041,1071.8,10038,62845.0, 31.57,2026-05-20
TTL, EQ, 20-May-2026,7.87,7.87,8.05,7.48,7.48,7.48,7.5,232951,17.47,380,219194.0, 94.09,2026-05-20
TTML, EQ, 20-May-2026,42.07,42.0,42.29,41.4,42.18,42.12,42.03,1281509,538.61,6481,539603.0, 42.11,2026-05-20
TUNWAL, SM, 20-May-2026,33.1,33.8,33.8,32.9,33.45,33.25,33.18,26000,8.63,12,16000.0, 61.54,2026-05-20
TVSELECT, EQ, 20-May-2026,458.25,461.5,461.5,442.7,459.0,452.65,451.9,48229,217.95,1832,22850.0, 47.38,2026-05-20
TVSHLTD, EQ, 20-May-2026,13409.0,13217.0,13650.0,13132.0,13590.0,13569.0,13411.77,3729,500.12,1912,1850.0, 49.61,2026-05-20
TVSMOTOR, EQ, 20-May-2026,3283.4,3285.4,3380.9,3232.2,3365.0,3361.9,3336.27,1265474,42219.58,100703,589537.0, 46.59,2026-05-20
TVSSCS, EQ, 20-May-2026,111.99,111.2,114.0,110.4,113.44,113.05,112.05,131445,147.28,2923,75651.0, 57.55,2026-05-20
TVSSRICHAK, EQ, 20-May-2026,3610.5,3610.4,3621.0,3568.2,3575.0,3592.0,3597.11,1093,39.32,470,604.0, 55.26,2026-05-20
TVTODAY, EQ, 20-May-2026,112.85,114.97,114.97,106.7,109.5,109.38,109.57,55833,61.18,1614,26310.0, 47.12,2026-05-20
TVVISION, EQ, 20-May-2026,5.37,5.13,5.37,5.13,5.23,5.24,5.24,11317,0.59,51,9649.0, 85.26,2026-05-20
TWCGOLDETF, EQ, 20-May-2026,157.09,155.77,156.68,155.49,156.61,156.56,155.88,1244,1.94,23,807.0, 64.87,2026-05-20
UBL, EQ, 20-May-2026,1348.3,1348.3,1351.7,1332.1,1349.9,1348.8,1343.56,62482,839.48,6616,26262.0, 42.03,2026-05-20
UCAL, EQ, 20-May-2026,94.96,95.6,95.6,87.99,89.0,88.94,90.35,86326,77.99,1820,62292.0, 72.16,2026-05-20
UCOBANK, EQ, 20-May-2026,24.77,24.7,24.76,24.39,24.57,24.53,24.59,3574997,879.11,10446,1692044.0, 47.33,2026-05-20
UDS, EQ, 20-May-2026,177.81,177.81,180.45,172.1,175.99,172.92,175.81,325304,571.92,3701,161962.0, 49.79,2026-05-20
UEL, EQ, 20-May-2026,147.4,144.15,151.35,143.0,144.9,144.09,145.02,16608,24.09,633,6027.0, 36.29,2026-05-20
UFBL, EQ, 20-May-2026,334.0,334.0,400.8,326.7,400.8,400.8,387.29,4291214,16619.41,61631,996152.0, 23.21,2026-05-20
UFLEX, EQ, 20-May-2026,401.8,398.0,406.45,392.55,404.15,403.55,401.2,13799,55.36,447,6302.0, 45.67,2026-05-20
UFO, EQ, 20-May-2026,74.98,74.98,75.49,73.01,74.16,74.17,74.42,50813,37.82,706,29698.0, 58.45,2026-05-20
UGARSUGAR, EQ, 20-May-2026,42.07,43.0,43.0,41.51,41.57,41.97,42.16,104781,44.18,844,34715.0, 33.13,2026-05-20
UGROCAP, EQ, 20-May-2026,98.75,98.11,98.5,96.25,98.0,98.07,97.05,133460,129.52,1417,74943.0, 56.15,2026-05-20
UHTL, SM, 20-May-2026,54.05,54.0,58.6,54.0,58.0,58.0,56.68,28000,15.87,14,22000.0, 78.57,2026-05-20
UJJIVANSFB, EQ, 20-May-2026,54.13,53.85,53.94,53.02,53.79,53.53,53.38,10669828,5695.75,40923,5627692.0, 52.74,2026-05-20
ULTRACEMCO, EQ, 20-May-2026,11368.0,11300.0,11430.0,11211.0,11429.0,11409.0,11338.19,168245,19075.93,30656,98949.0, 58.81,2026-05-20
ULTRAMAR, EQ, 20-May-2026,418.9,419.25,424.0,414.5,416.0,416.35,419.07,6285,26.34,647,3800.0, 60.46,2026-05-20
UMAEXPORTS, EQ, 20-May-2026,24.02,24.99,25.22,24.5,25.1,25.02,25.07,11556,2.9,177,11019.0, 95.35,2026-05-20
UMESLTD, BE, 20-May-2026,4.75,4.75,4.86,4.66,4.66,4.74,4.76,21442,1.02,47,, -,2026-05-20
UMIYA-MRO, EQ, 20-May-2026,83.06,83.05,84.4,81.5,83.0,83.14,83.75,6696,5.61,106,5289.0, 78.99,2026-05-20
UNICHEMLAB, EQ, 20-May-2026,373.3,373.95,376.45,370.0,373.6,373.0,374.06,8639,32.31,371,4875.0, 56.43,2026-05-20
UNIDT, EQ, 20-May-2026,237.09,238.3,248.0,232.8,236.8,235.48,241.48,39136,94.51,1189,19208.0, 49.08,2026-05-20
UNIECOM, EQ, 20-May-2026,83.72,83.0,86.79,83.0,86.02,86.07,85.5,426203,364.41,3878,187615.0, 44.02,2026-05-20
UNIENTER, EQ, 20-May-2026,104.82,111.7,122.99,106.0,108.8,108.56,113.61,185281,210.5,3066,33905.0, 18.30,2026-05-20
UNIHEALTH, ST, 20-May-2026,432.0,430.7,444.5,425.0,444.5,444.5,432.83,7500,32.46,15,7500.0, 100.00,2026-05-20
UNIINFO, BE, 20-May-2026,12.14,11.56,12.15,11.55,11.9,11.9,11.59,1653,0.19,10,, -,2026-05-20
UNIMECH, EQ, 20-May-2026,934.3,925.0,944.5,922.0,925.0,925.3,928.53,36826,341.94,1908,23791.0, 64.60,2026-05-20
UNIONBANK, EQ, 20-May-2026,158.96,157.6,159.69,156.21,159.6,159.0,157.95,8594444,13574.62,49907,3657345.0, 42.55,2026-05-20
UNIONGOLD, EQ, 20-May-2026,154.4,154.4,154.4,153.55,154.4,154.35,154.14,266,0.41,38,175.0, 65.79,2026-05-20
UNIPARTS, EQ, 20-May-2026,539.55,539.55,541.1,533.0,539.9,537.1,537.3,22404,120.38,1313,14644.0, 65.36,2026-05-20
UNITDSPR, EQ, 20-May-2026,1304.9,1300.0,1305.5,1282.0,1283.6,1284.6,1289.26,988906,12749.55,24992,679545.0, 68.72,2026-05-20
UNITECH, EQ, 20-May-2026,4.2,4.19,4.62,4.14,4.59,4.54,4.47,10317098,461.1,11029,4644559.0, 45.02,2026-05-20
UNITEDPOLY, EQ, 20-May-2026,34.67,35.3,35.3,34.0,35.0,34.73,34.86,151751,52.9,1361,32933.0, 21.70,2026-05-20
UNITEDTEA, EQ, 20-May-2026,539.2,547.95,547.95,527.3,533.9,535.25,534.26,1908,10.19,193,1059.0, 55.50,2026-05-20
UNIVASTU, EQ, 20-May-2026,69.99,69.25,71.79,69.25,70.5,70.39,70.63,82261,58.1,707,59995.0, 72.93,2026-05-20
UNIVCABLES, EQ, 20-May-2026,995.45,997.25,1015.0,964.0,1005.0,1002.35,996.89,93333,930.43,7619,38074.0, 40.79,2026-05-20
UNIVPHOTO, BE, 20-May-2026,432.2,423.6,432.0,423.6,423.6,423.6,429.99,46,0.2,7,, -,2026-05-20
UNOMINDA, EQ, 20-May-2026,1051.9,1050.0,1064.9,1022.3,1050.0,1056.4,1046.19,805812,8430.3,44719,270081.0, 33.52,2026-05-20
UPL, EQ, 20-May-2026,633.3,629.9,637.5,624.25,636.9,634.35,629.75,1549873,9760.32,56397,945905.0, 61.03,2026-05-20
URAVIDEF, EQ, 20-May-2026,120.67,122.5,124.98,114.64,118.0,117.23,118.06,7240,8.55,327,4529.0, 62.56,2026-05-20
URBAN, SM, 20-May-2026,133.05,133.0,142.0,128.0,137.95,137.95,132.63,57600,76.39,67,38400.0, 66.67,2026-05-20
URBANCO, EQ, 20-May-2026,121.94,120.15,121.86,119.0,119.64,119.49,120.0,2089598,2507.58,17936,850574.0, 40.71,2026-05-20
URJA, EQ, 20-May-2026,10.8,10.7,11.0,10.6,10.83,10.82,10.75,702477,75.51,2004,361478.0, 51.46,2026-05-20
USASEEDS, SM, 20-May-2026,104.0,104.0,104.0,104.0,104.0,104.0,104.0,428,0.45,1,428.0, 100.00,2026-05-20
USHAFIN, SM, 20-May-2026,30.0,31.0,31.35,31.0,31.0,31.0,31.09,6400,1.99,4,6400.0, 100.00,2026-05-20
USHAMART, EQ, 20-May-2026,469.95,468.1,471.6,455.0,465.0,465.5,465.35,457388,2128.48,11274,297947.0, 65.14,2026-05-20
USK, EQ, 20-May-2026,21.79,22.49,22.49,21.57,22.1,21.68,21.77,13686,2.98,95,10786.0, 78.81,2026-05-20
UTIAMC, EQ, 20-May-2026,937.45,937.45,951.0,933.15,951.0,947.95,942.18,45238,426.23,4004,18533.0, 40.97,2026-05-20
UTKARSHBNK, EQ, 20-May-2026,13.29,13.13,13.44,12.75,13.24,13.28,13.17,2773804,365.19,4320,1160945.0, 41.85,2026-05-20
UTLSOLAR, EQ, 20-May-2026,270.15,268.9,277.15,263.9,266.05,266.2,268.94,238074,640.27,6667,135869.0, 57.07,2026-05-20
UTSSAV, SM, 20-May-2026,244.25,243.0,261.0,243.0,260.0,259.25,255.91,208200,532.8,187,176400.0, 84.73,2026-05-20
UTTAMSUGAR, EQ, 20-May-2026,245.6,241.45,248.45,240.4,245.25,245.25,245.25,82693,202.8,2631,26393.0, 31.92,2026-05-20
UWCSL, SM, 20-May-2026,97.05,97.6,97.6,97.6,97.6,97.6,97.6,2000,1.95,1,2000.0, 100.00,2026-05-20
UYFINCORP, EQ, 20-May-2026,14.24,14.01,15.5,14.01,14.85,14.83,15.07,776786,117.07,431,736102.0, 94.76,2026-05-20
V2RETAIL, EQ, 20-May-2026,226.03,226.0,231.0,220.69,227.0,227.28,225.39,842703,1899.39,13176,308265.0, 36.58,2026-05-20
VADILALIND, EQ, 20-May-2026,4250.8,4250.0,4250.0,4180.9,4217.0,4212.8,4205.9,3518,147.96,809,2273.0, 64.61,2026-05-20
VAIBHAVGBL, EQ, 20-May-2026,223.79,222.01,228.59,218.24,224.09,225.71,224.06,254576,570.39,6144,97640.0, 38.35,2026-05-20
VAISHALI, BE, 20-May-2026,6.97,6.91,7.07,6.75,6.99,6.93,6.94,45294,3.15,111,, -,2026-05-20
VAKRANGEE, EQ, 20-May-2026,6.25,6.2,6.35,6.17,6.34,6.32,6.25,2104192,131.53,1690,1388432.0, 65.98,2026-05-20
VAL30IETF, EQ, 20-May-2026,15.56,15.94,16.16,15.31,15.7,15.64,15.52,605162,93.89,1178,295019.0, 48.75,2026-05-20
VALIANTLAB, BE, 20-May-2026,75.04,75.04,76.9,74.05,75.37,76.54,75.7,16310,12.35,76,, -,2026-05-20
VALIANTORG, EQ, 20-May-2026,301.6,294.0,301.95,288.0,292.0,290.6,292.43,40392,118.12,1579,18961.0, 46.94,2026-05-20
VALUE, EQ, 20-May-2026,16.42,16.42,16.53,16.23,16.49,16.52,16.42,33512,5.5,103,28718.0, 85.69,2026-05-20
VALUE360, ST, 20-May-2026,72.3,72.0,72.75,69.55,70.25,70.55,71.01,46800,33.23,37,36000.0, 76.92,2026-05-20
VARDHACRLC, EQ, 20-May-2026,44.28,44.94,44.94,43.23,43.62,43.61,43.6,22191,9.68,248,14979.0, 67.50,2026-05-20
VARDMNPOLY, BE, 20-May-2026,6.21,6.28,6.3,6.07,6.22,6.17,6.15,214208,13.16,245,, -,2026-05-20
VARROC, EQ, 20-May-2026,560.4,553.0,561.95,553.0,555.0,557.9,557.53,23525,131.16,2158,10855.0, 46.14,2026-05-20
VASCONEQ, BE, 20-May-2026,34.57,35.26,35.7,33.8,35.1,35.26,35.07,255980,89.77,1024,, -,2026-05-20
VASWANI, EQ, 20-May-2026,54.65,54.65,55.07,52.41,53.5,53.89,54.08,25000,13.52,382,16952.0, 67.81,2026-05-20
VBL, EQ, 20-May-2026,514.8,507.5,516.7,506.95,514.0,514.0,513.47,5735895,29451.87,69385,3920333.0, 68.35,2026-05-20
VCL, EQ, 20-May-2026,1.43,1.47,1.47,1.42,1.45,1.43,1.44,203852,2.93,192,134059.0, 65.76,2026-05-20
VDEAL, SM, 20-May-2026,170.2,179.0,179.0,171.1,178.8,178.8,176.3,1800,3.17,3,1200.0, 66.67,2026-05-20
VEDL, EQ, 20-May-2026,337.65,332.55,339.45,331.45,334.0,333.75,335.96,21015658,70603.38,159644,5830374.0, 27.74,2026-05-20
VEEDOL, EQ, 20-May-2026,1425.9,1426.0,1448.0,1409.3,1422.0,1435.4,1433.08,13210,189.31,1251,6905.0, 52.27,2026-05-20
VEEKAYEM, ST, 20-May-2026,122.0,127.95,127.95,127.85,127.9,127.9,127.9,1500,1.92,3,1500.0, 100.00,2026-05-20
VELJAN, EQ, 20-May-2026,1008.6,1019.0,1041.0,1010.1,1041.0,1040.3,1025.27,89,0.91,15,79.0, 88.76,2026-05-20
VENKEYS, EQ, 20-May-2026,1513.8,1504.0,1513.0,1494.1,1500.8,1504.9,1504.17,27150,408.38,3283,11116.0, 40.94,2026-05-20
VENTIVE, EQ, 20-May-2026,639.9,641.7,641.7,625.0,625.0,628.3,628.46,18715,117.62,1637,11021.0, 58.89,2026-05-20
VENUSPIPES, EQ, 20-May-2026,1351.4,1350.2,1355.0,1318.3,1338.0,1335.8,1340.56,25767,345.42,2294,14792.0, 57.41,2026-05-20
VENUSREM, EQ, 20-May-2026,1005.2,1039.0,1048.9,983.3,1044.0,1042.5,1026.92,66184,679.66,3795,37132.0, 56.10,2026-05-20
VERANDA, EQ, 20-May-2026,234.95,234.95,243.99,232.1,239.21,240.04,239.99,376642,903.9,4237,213969.0, 56.81,2026-05-20
VERITAAS, SM, 20-May-2026,46.0,43.7,48.0,43.7,48.0,48.0,44.13,12000,5.3,7,9600.0, 80.00,2026-05-20
VERTIS, IV, 20-May-2026,108.01,109.0,109.0,109.0,109.0,109.0,109.0,75000,81.75,3,75000.0, 100.00,2026-05-20
VERTOZ, EQ, 20-May-2026,45.02,44.5,45.4,44.01,44.8,44.79,44.77,31273,14.0,418,21212.0, 67.83,2026-05-20
VESUVIUS, EQ, 20-May-2026,478.75,478.75,482.15,470.7,479.8,479.2,478.11,39039,186.65,2703,22341.0, 57.23,2026-05-20
VETO, EQ, 20-May-2026,110.23,111.83,111.83,108.0,111.73,111.02,110.02,40897,45.0,1001,24260.0, 59.32,2026-05-20
VGINFOTECH, SM, 20-May-2026,148.35,144.2,148.0,140.0,146.2,145.7,144.64,33000,47.73,31,23000.0, 69.70,2026-05-20
VGL, EQ, 20-May-2026,61.13,60.99,64.6,60.3,64.0,64.07,63.31,167092,105.79,923,71701.0, 42.91,2026-05-20
VGUARD, EQ, 20-May-2026,312.85,313.0,315.45,307.4,308.45,308.05,309.42,214794,664.62,7957,111211.0, 51.78,2026-05-20
VHL, EQ, 20-May-2026,3446.4,3459.9,3525.0,3440.7,3523.9,3516.6,3493.25,220,7.69,43,168.0, 76.36,2026-05-20
VHLTD, BE, 20-May-2026,136.97,136.96,138.45,135.63,138.0,137.98,138.01,73610,101.59,93,, -,2026-05-20
VIAZ, SM, 20-May-2026,64.55,66.0,67.0,63.0,66.7,66.6,66.03,12000,7.92,6,8000.0, 66.67,2026-05-20
VICTORYEV, SM, 20-May-2026,15.35,15.55,15.55,15.0,15.4,15.4,15.27,21000,3.21,7,15000.0, 71.43,2026-05-20
VIDHIING, EQ, 20-May-2026,289.0,289.05,294.0,285.9,290.0,292.95,290.98,2867,8.34,249,1424.0, 49.67,2026-05-20
VIDYAWIRES, EQ, 20-May-2026,88.52,87.46,91.23,85.0,88.7,88.12,88.66,5934250,5261.09,26112,1426594.0, 24.04,2026-05-20
VIESL, SM, 20-May-2026,314.85,320.0,323.0,305.0,307.5,307.1,309.96,38400,119.02,44,22400.0, 58.33,2026-05-20
VIGOR, SM, 20-May-2026,55.25,55.35,55.35,48.0,53.0,53.0,51.6,33600,17.34,20,17600.0, 52.38,2026-05-20
VIJAYA, EQ, 20-May-2026,1300.1,1304.4,1305.0,1260.1,1265.0,1271.7,1274.82,161917,2064.15,14460,78934.0, 48.75,2026-05-20
VIJAYPD, ST, 20-May-2026,94.25,91.25,92.15,91.25,92.15,92.15,91.55,6000,5.49,3,6000.0, 100.00,2026-05-20
VIJIFIN, BE, 20-May-2026,3.88,3.88,3.94,3.71,3.79,3.78,3.82,111324,4.25,201,, -,2026-05-20
VIKASECO, EQ, 20-May-2026,1.3,1.3,1.31,1.25,1.26,1.25,1.27,2743638,34.71,1332,1744400.0, 63.58,2026-05-20
VIKASLIFE, EQ, 20-May-2026,1.47,1.47,1.48,1.42,1.44,1.43,1.44,2350139,33.91,1583,1615113.0, 68.72,2026-05-20
VIKRAMSOLR, EQ, 20-May-2026,201.51,199.61,202.4,198.0,198.2,198.84,199.36,1383139,2757.39,15763,610505.0, 44.14,2026-05-20
VIKRAN, EQ, 20-May-2026,67.22,67.0,67.0,64.42,65.2,65.39,65.35,2526600,1651.02,13061,1067509.0, 42.25,2026-05-20
VILAS, SM, 20-May-2026,382.55,387.0,405.0,375.25,387.0,391.3,391.78,50750,198.83,160,34750.0, 68.47,2026-05-20
VILINBIO, ST, 20-May-2026,49.4,48.5,48.5,48.5,48.5,48.5,48.5,4000,1.94,1,4000.0, 100.00,2026-05-20
VIMTALABS, EQ, 20-May-2026,453.1,450.0,453.05,443.55,451.25,449.8,449.12,99403,446.44,4729,33956.0, 34.16,2026-05-20
VINATIORGA, EQ, 20-May-2026,1329.4,1321.2,1340.1,1318.1,1327.1,1329.4,1329.23,40443,537.58,4439,20605.0, 50.95,2026-05-20
VINCOFE, EQ, 20-May-2026,130.87,130.01,135.9,128.8,133.1,134.06,132.88,1129459,1500.78,6195,288465.0, 25.54,2026-05-20
VINDHYATEL, EQ, 20-May-2026,1643.7,1643.7,1650.0,1611.4,1616.9,1631.9,1633.12,15494,253.04,2198,6695.0, 43.21,2026-05-20
VINEETLAB, BE, 20-May-2026,34.37,35.54,35.9,33.86,35.5,34.71,35.21,28573,10.06,83,, -,2026-05-20
VINNY, EQ, 20-May-2026,1.14,1.16,1.17,1.13,1.14,1.14,1.14,110318,1.26,105,83461.0, 75.65,2026-05-20
VINSYS, SM, 20-May-2026,324.6,322.0,323.8,322.0,323.0,323.0,323.43,1750,5.66,7,1000.0, 57.14,2026-05-20
VINYAS, SM, 20-May-2026,963.0,955.0,955.0,940.0,945.0,942.8,951.0,7000,66.57,38,6800.0, 97.14,2026-05-20
VINYLINDIA, EQ, 20-May-2026,275.0,276.0,284.95,272.0,284.5,283.2,281.12,85494,240.34,2726,46909.0, 54.87,2026-05-20
VIPCLOTHNG, BE, 20-May-2026,27.04,27.0,27.7,25.95,25.95,26.17,26.47,509076,134.73,428,, -,2026-05-20
VIPIND, EQ, 20-May-2026,294.25,294.8,301.1,286.35,299.4,300.05,295.37,368074,1087.18,7559,195691.0, 53.17,2026-05-20
VIPULLTD, EQ, 20-May-2026,9.11,9.4,9.4,8.87,9.14,9.02,8.98,47554,4.27,231,42790.0, 89.98,2026-05-20
VIRINCHI, EQ, 20-May-2026,16.42,16.51,16.9,15.8,16.42,16.46,16.41,40903,6.71,200,29516.0, 72.16,2026-05-20
VISACHROME, BE, 20-May-2026,47.92,48.5,50.31,48.5,50.31,50.31,50.15,11778,5.91,87,, -,2026-05-20
VISAKAIND, EQ, 20-May-2026,73.61,73.9,74.25,71.85,71.85,72.42,72.99,100280,73.19,831,63638.0, 63.46,2026-05-20
VISHNU, EQ, 20-May-2026,598.1,601.0,614.4,597.15,598.0,599.6,605.8,147309,892.4,5006,52059.0, 35.34,2026-05-20
VISHNUINFR, SM, 20-May-2026,166.0,158.15,163.9,157.0,158.9,158.9,160.79,10000,16.08,19,8500.0, 85.00,2026-05-20
VISHWARAJ, EQ, 20-May-2026,5.35,5.43,5.49,5.3,5.49,5.46,5.42,96719,5.24,362,79801.0, 82.51,2026-05-20
VISHWAS, SM, 20-May-2026,55.8,52.0,52.0,51.0,51.0,51.0,51.5,3200,1.65,2,3200.0, 100.00,2026-05-20
VITAL, BE, 20-May-2026,57.4,59.99,59.99,55.0,58.59,58.59,55.56,4571,2.54,34,, -,2026-05-20
VIVIANA, SM, 20-May-2026,777.15,777.5,794.0,770.5,790.0,790.2,785.89,11600,91.16,55,8600.0, 74.14,2026-05-20
VIVIDEL, ST, 20-May-2026,945.75,993.0,993.0,993.0,993.0,993.0,993.0,21120,209.72,36,21120.0, 100.00,2026-05-20
VIVIDHA, EQ, 20-May-2026,0.5,0.51,0.53,0.48,0.51,0.5,0.5,377487,1.9,236,286803.0, 75.98,2026-05-20
VIVIMEDLAB, BE, 20-May-2026,6.57,6.57,6.74,6.28,6.55,6.51,6.36,119005,7.57,149,, -,2026-05-20
VIVO, SM, 20-May-2026,78.3,74.95,82.15,74.95,82.15,82.15,79.8,6400,5.11,4,1600.0, 25.00,2026-05-20
VIYASH, EQ, 20-May-2026,228.73,233.88,268.7,231.21,252.0,251.69,255.39,23244388,59363.12,216092,6167257.0, 26.53,2026-05-20
VLEGOV, BE, 20-May-2026,13.77,14.05,14.05,13.8,13.8,13.93,13.95,28002,3.91,227,, -,2026-05-20
VLINFRA, ST, 20-May-2026,25.2,24.8,24.8,23.95,24.6,24.6,24.33,18000,4.38,12,18000.0, 100.00,2026-05-20
VLSFINANCE, EQ, 20-May-2026,231.54,236.65,236.65,229.96,230.05,230.35,230.91,5497,12.69,144,4164.0, 75.75,2026-05-20
VMARCIND, SM, 20-May-2026,1045.5,1058.95,1130.0,1045.1,1125.0,1125.7,1104.24,78750,869.59,290,44250.0, 56.19,2026-05-20
VMART, EQ, 20-May-2026,637.15,618.0,636.15,612.0,635.0,633.65,630.21,134168,845.55,7923,51486.0, 38.37,2026-05-20
VMM, EQ, 20-May-2026,121.56,120.8,122.99,120.06,122.5,122.14,122.1,8861120,10819.19,45014,4342282.0, 49.00,2026-05-20
VMSTMT, BE, 20-May-2026,46.38,46.11,47.9,45.0,47.7,47.52,46.67,17025,7.95,222,, -,2026-05-20
VOLERCAR, SM, 20-May-2026,216.45,228.0,228.0,228.0,228.0,228.0,228.0,800,1.82,1,800.0, 100.00,2026-05-20
VOLTAMP, EQ, 20-May-2026,9051.0,9051.0,9249.0,8958.0,9240.0,9176.0,9115.8,32778,2987.98,11990,12703.0, 38.75,2026-05-20
VOLTAS, EQ, 20-May-2026,1302.6,1294.1,1304.3,1284.3,1298.0,1295.8,1293.52,499899,6466.32,17797,141151.0, 28.24,2026-05-20
VPRPL, BE, 20-May-2026,39.33,38.2,39.2,38.2,38.93,38.9,38.69,117401,45.42,767,, -,2026-05-20
VRAJ, EQ, 20-May-2026,120.43,120.43,120.43,118.5,120.3,119.83,119.4,21439,25.6,1133,5350.0, 24.95,2026-05-20
VRLLOG, EQ, 20-May-2026,245.3,245.3,249.3,240.8,247.0,247.25,247.51,302126,747.79,9066,227550.0, 75.32,2026-05-20
VSCL, SM, 20-May-2026,20.5,19.5,20.95,19.5,20.95,20.95,20.23,6000,1.21,2,3000.0, 50.00,2026-05-20
VSSL, EQ, 20-May-2026,279.7,282.0,282.0,272.85,276.05,275.15,275.89,34967,96.47,1151,18236.0, 52.15,2026-05-20
VSTIND, EQ, 20-May-2026,257.1,257.1,257.6,255.0,256.5,256.3,256.12,129072,330.58,2620,70186.0, 54.38,2026-05-20
VSTL, EQ, 20-May-2026,119.64,119.64,122.49,118.1,119.5,119.87,119.88,17255,20.69,798,11033.0, 63.94,2026-05-20
VSTTILLERS, EQ, 20-May-2026,4576.0,4616.5,4616.5,4451.5,4489.0,4488.0,4496.84,12902,580.18,2747,7680.0, 59.53,2026-05-20
VTL, EQ, 20-May-2026,613.7,613.7,622.65,603.3,610.95,609.75,612.09,159257,974.8,9152,52238.0, 32.80,2026-05-20
WAAREEENER, EQ, 20-May-2026,2998.8,3000.0,3047.9,2998.7,3004.9,3005.2,3021.7,966842,29215.1,39873,348225.0, 36.02,2026-05-20
WAAREEINDO, BE, 20-May-2026,378.25,379.95,397.0,378.0,394.9,393.6,391.65,29665,116.18,702,, -,2026-05-20
WAAREERTL, EQ, 20-May-2026,941.1,939.7,942.0,922.3,942.0,938.7,934.24,150127,1402.55,8344,63437.0, 42.26,2026-05-20
WABAG, EQ, 20-May-2026,1391.2,1372.0,1400.0,1368.0,1397.0,1393.7,1388.68,119224,1655.64,11104,53919.0, 45.22,2026-05-20
WAKEFIT, EQ, 20-May-2026,144.29,144.99,147.9,140.0,141.5,142.88,143.1,2189343,3132.92,24103,296093.0, 13.52,2026-05-20
WALCHANNAG, EQ, 20-May-2026,236.49,235.0,245.3,231.41,238.0,238.24,238.46,1196452,2853.05,16389,443588.0, 37.08,2026-05-20
WALPAR, SM, 20-May-2026,36.5,35.0,35.0,34.7,34.7,34.7,34.85,4000,1.39,2,4000.0, 100.00,2026-05-20
WANBURY, BE, 20-May-2026,258.1,261.0,271.0,261.0,271.0,270.9,268.63,126793,340.6,933,, -,2026-05-20
WCIL, EQ, 20-May-2026,96.67,96.1,97.9,95.0,97.0,97.52,96.72,30266,29.27,672,16131.0, 53.30,2026-05-20
WEALTH, EQ, 20-May-2026,902.1,902.1,902.2,855.55,875.0,869.5,874.36,4726,41.32,636,3333.0, 70.52,2026-05-20
WEBELSOLAR, EQ, 20-May-2026,105.57,107.4,108.45,103.57,104.5,104.46,106.4,5125504,5453.55,37379,2299622.0, 44.87,2026-05-20
WEIZMANIND, EQ, 20-May-2026,81.57,81.6,82.95,80.15,82.0,82.3,81.21,3863,3.14,115,2199.0, 56.92,2026-05-20
WEL, EQ, 20-May-2026,106.2,105.0,106.98,104.72,106.23,105.91,106.22,203002,215.64,1270,101646.0, 50.07,2026-05-20
WELCORP, EQ, 20-May-2026,1280.7,1278.2,1335.0,1272.5,1318.7,1316.7,1318.07,911740,12017.39,45714,407288.0, 44.67,2026-05-20
WELENT, EQ, 20-May-2026,493.55,485.15,492.4,481.8,488.0,487.0,486.57,87671,426.58,4465,40891.0, 46.64,2026-05-20
WELINV, EQ, 20-May-2026,1800.2,1773.2,1870.0,1665.1,1798.4,1808.2,1790.1,1323,23.68,226,850.0, 64.25,2026-05-20
WELSPLSOL, EQ, 20-May-2026,40.93,42.44,42.45,40.31,42.02,42.0,41.68,183031,76.28,731,136922.0, 74.81,2026-05-20
WELSPUNLIV, EQ, 20-May-2026,140.39,139.99,142.0,139.0,141.6,141.65,140.92,2029110,2859.36,18799,1003007.0, 49.43,2026-05-20
WENDT, EQ, 20-May-2026,6911.0,6911.0,7025.0,6830.5,6995.0,6976.0,6955.84,2801,194.83,1019,1418.0, 50.62,2026-05-20
WESTLIFE, EQ, 20-May-2026,466.4,465.0,474.4,456.2,468.0,468.2,465.5,54906,255.59,4409,30277.0, 55.14,2026-05-20
WEWIN, BE, 20-May-2026,55.86,54.74,56.49,53.11,55.72,55.02,54.74,3640,1.99,61,, -,2026-05-20
WEWORK, EQ, 20-May-2026,498.9,492.6,496.75,481.3,485.0,486.8,488.53,60150,293.85,4571,30066.0, 49.99,2026-05-20
WHEELS, EQ, 20-May-2026,1564.2,1561.2,1609.2,1481.9,1550.0,1565.4,1542.73,184119,2840.47,15363,61288.0, 33.29,2026-05-20
WHIRLPOOL, EQ, 20-May-2026,849.85,844.05,861.9,832.8,859.8,856.0,849.73,122323,1039.42,10471,54926.0, 44.90,2026-05-20
WILLAMAGOR, EQ, 20-May-2026,27.57,28.0,28.0,27.02,27.2,27.2,27.23,5757,1.57,30,5681.0, 98.68,2026-05-20
WIMPLAST, EQ, 20-May-2026,348.05,350.6,365.0,348.05,364.95,358.45,353.16,3065,10.82,245,2159.0, 70.44,2026-05-20
WINDLAS, EQ, 20-May-2026,767.4,768.9,802.85,760.2,798.95,798.05,784.68,87345,685.38,4440,57226.0, 65.52,2026-05-20
WINDMACHIN, EQ, 20-May-2026,287.35,287.15,287.15,278.0,278.0,279.3,281.19,17989,50.58,621,7909.0, 43.97,2026-05-20
WINSOL, SM, 20-May-2026,134.85,134.85,136.85,134.5,136.85,135.45,135.17,2800,3.78,7,2400.0, 85.71,2026-05-20
WINSOME, BZ, 20-May-2026,2.14,2.15,2.18,2.1,2.18,2.18,2.13,12111,0.26,13,, -,2026-05-20
WIPL, EQ, 20-May-2026,144.66,145.05,145.88,138.4,141.0,141.83,142.51,541,0.77,67,278.0, 51.39,2026-05-20
WIPRO, EQ, 20-May-2026,195.17,194.61,197.94,194.01,197.2,197.12,196.45,16201692,31828.74,125295,9337265.0, 57.63,2026-05-20
WOCKPHARMA, EQ, 20-May-2026,1620.2,1623.6,1655.9,1601.1,1613.0,1611.9,1624.67,1252630,20351.09,50565,435109.0, 34.74,2026-05-20
WOL3D, SM, 20-May-2026,172.0,172.05,183.0,172.05,178.05,178.05,177.67,15000,26.65,14,10000.0, 66.67,2026-05-20
WOMANCART, SM, 20-May-2026,130.0,127.6,127.6,124.0,125.0,124.5,125.41,6800,8.53,16,4400.0, 64.71,2026-05-20
WONDERLA, EQ, 20-May-2026,478.7,478.0,489.4,474.25,489.0,487.0,482.45,30824,148.71,1936,18601.0, 60.35,2026-05-20
WORTHPERI, EQ, 20-May-2026,131.88,131.88,137.0,131.88,134.6,134.78,134.89,7503,10.12,122,6879.0, 91.68,2026-05-20
WPIL, EQ, 20-May-2026,462.35,428.0,446.3,407.0,437.85,435.95,430.27,176826,760.84,6889,75566.0, 42.73,2026-05-20
WSI, EQ, 20-May-2026,69.09,69.9,69.9,67.75,67.75,68.63,68.52,14181,9.72,195,7719.0, 54.43,2026-05-20
WSTCSTPAPR, EQ, 20-May-2026,475.9,467.05,481.6,467.05,480.0,476.7,477.25,37411,178.54,2611,20266.0, 54.17,2026-05-20
WTICAB, SM, 20-May-2026,89.65,89.65,91.0,89.0,89.5,89.6,89.72,4000,3.59,7,3000.0, 75.00,2026-05-20
XCHANGING, EQ, 20-May-2026,66.62,66.62,67.7,65.62,67.3,67.0,66.91,108178,72.39,1245,62576.0, 57.85,2026-05-20
XELPMOC, EQ, 20-May-2026,106.57,108.6,108.6,101.61,105.89,105.57,104.25,32426,33.81,990,16768.0, 51.71,2026-05-20
XPROINDIA, EQ, 20-May-2026,1099.8,1100.0,1127.0,1055.0,1066.0,1070.9,1086.57,23378,254.02,1882,12875.0, 55.07,2026-05-20
XTGLOBAL, EQ, 20-May-2026,31.31,31.8,31.8,30.01,31.0,30.86,30.75,39037,12.0,589,13936.0, 35.70,2026-05-20
YAAP, ST, 20-May-2026,194.1,195.0,202.6,194.0,194.0,195.7,197.94,14000,27.71,13,10000.0, 71.43,2026-05-20
YASHO, EQ, 20-May-2026,1818.8,1818.8,2085.0,1768.0,2034.0,2058.9,2014.72,264019,5319.25,20553,61879.0, 23.44,2026-05-20
YASHOPTICS, SM, 20-May-2026,131.05,132.2,135.0,132.1,132.2,132.55,133.28,12000,15.99,10,10400.0, 86.67,2026-05-20
YATHARTH, EQ, 20-May-2026,832.85,831.05,854.5,821.3,850.5,846.75,846.48,529024,4478.09,15065,342308.0, 64.71,2026-05-20
YATRA, EQ, 20-May-2026,94.29,93.0,94.75,91.82,94.43,94.5,93.47,607760,568.1,6107,164799.0, 27.12,2026-05-20
YCCL, SM, 20-May-2026,9.7,9.7,9.7,9.7,9.7,9.7,9.7,3000,0.29,1,3000.0, 100.00,2026-05-20
YESBANK, EQ, 20-May-2026,21.97,21.8,22.05,21.6,22.03,22.0,21.82,62736095,13689.91,66424,19306586.0, 30.77,2026-05-20
YUDIZ, SM, 20-May-2026,25.8,26.9,27.05,26.9,27.05,27.05,26.98,1600,0.43,2,1600.0, 100.00,2026-05-20
YUKEN, EQ, 20-May-2026,665.9,665.85,674.95,654.2,659.35,656.6,664.01,4127,27.4,567,3048.0, 73.86,2026-05-20
ZAGGLE, EQ, 20-May-2026,220.19,219.0,219.0,208.92,212.3,213.48,213.08,2097052,4468.35,24515,736027.0, 35.10,2026-05-20
ZEAL, SM, 20-May-2026,69.0,69.0,69.0,69.0,69.0,69.0,69.0,1800,1.24,3,1800.0, 100.00,2026-05-20
ZEEL, EQ, 20-May-2026,87.68,83.0,85.28,81.82,82.9,82.95,83.15,32621116,27125.58,97900,8791684.0, 26.95,2026-05-20
ZEELEARN, EQ, 20-May-2026,5.76,5.74,5.89,5.72,5.8,5.8,5.8,402808,23.36,524,240305.0, 59.66,2026-05-20
ZEEMEDIA, EQ, 20-May-2026,8.05,8.29,8.4,8.04,8.15,8.13,8.18,642586,52.59,1365,428248.0, 66.64,2026-05-20
ZENITHDRUG, SM, 20-May-2026,39.0,38.9,38.9,38.85,38.85,38.85,38.88,1600,0.62,2,1600.0, 100.00,2026-05-20
ZENITHEXPO, EQ, 20-May-2026,203.58,203.58,204.59,202.5,204.59,204.59,204.39,181,0.37,9,181.0, 100.00,2026-05-20
ZENITHSTL, EQ, 20-May-2026,5.93,5.95,5.99,5.64,5.79,5.71,5.71,279711,15.97,567,151882.0, 54.30,2026-05-20
ZENSARTECH, EQ, 20-May-2026,493.9,493.95,495.4,488.45,488.8,490.35,491.72,227220,1117.29,10666,104305.0, 45.90,2026-05-20
ZENTEC, EQ, 20-May-2026,1564.5,1572.5,1614.0,1552.5,1602.0,1604.2,1596.17,538013,8587.59,31503,167700.0, 31.17,2026-05-20
ZFCVINDIA, EQ, 20-May-2026,14325.0,14315.0,14499.0,14211.0,14352.0,14410.0,14400.07,7609,1095.7,4439,4411.0, 57.97,2026-05-20
ZFSTEERING, EQ, 20-May-2026,709.4,709.4,726.9,705.4,714.0,712.15,711.03,625,4.44,54,517.0, 82.72,2026-05-20
ZIMLAB, BE, 20-May-2026,100.6,96.0,103.99,95.6,99.0,99.12,98.93,103483,102.38,308,, -,2026-05-20
ZODIAC, BE, 20-May-2026,293.65,297.35,297.5,285.25,294.95,293.7,291.57,7741,22.57,249,, -,2026-05-20
ZODIACLOTH, EQ, 20-May-2026,77.94,77.0,77.71,75.22,77.71,76.97,76.65,2106,1.61,105,1699.0, 80.67,2026-05-20
ZOTA, EQ, 20-May-2026,1205.4,1212.6,1212.6,1193.0,1208.0,1202.6,1202.5,8341,100.3,744,4773.0, 57.22,2026-05-20
ZSARACOM, EQ, 20-May-2026,9425.0,9500.0,9780.0,9163.0,9780.0,9780.0,9401.08,13,1.22,10,13.0, 100.00,2026-05-20
ZTECH, SM, 20-May-2026,590.55,607.0,628.0,598.0,616.0,623.15,614.94,82800,509.17,167,59400.0, 71.74,2026-05-20
ZUARI, EQ, 20-May-2026,214.71,214.4,214.76,210.3,212.68,213.77,213.14,50395,107.41,1512,20803.0, 41.28,2026-05-20
ZUARIIND, EQ, 20-May-2026,245.3,241.2,248.95,241.2,248.95,247.1,245.09,26392,64.68,947,13270.0, 50.28,2026-05-20
ZYDUSLIFE, EQ, 20-May-2026,1018.9,1066.15,1093.65,1038.05,1040.3,1040.85,1069.13,13503459,144369.36,245890,2612328.0, 19.35,2026-05-20
ZYDUSWELL, EQ, 20-May-2026,509.1,510.0,522.8,502.3,510.0,512.55,514.17,587114,3018.74,21730,161400.0, 27.49,2026-05-20
