SYMBOL,SERIES,DATE1,PREV_CLOSE,OPEN_PRICE,HIGH_PRICE,LOW_PRICE,LAST_PRICE,CLOSE_PRICE,AVG_PRICE,TTL_TRD_QNTY,TURNOVER_LACS,NO_OF_TRADES,DELIV_QTY,DELIV_PER,DATE
1018GS2026, GS, 09-Jul-2026,103.26,103.26,104.03,98.83,103.5,103.5,99.8,20255,20.22,20,19244.0, 95.01,2026-07-09
20MICRONS, EQ, 09-Jul-2026,192.33,192.78,198.0,192.37,194.8,193.94,195.14,120012,234.19,2599,47395.0, 39.49,2026-07-09
21STCENMGM, EQ, 09-Jul-2026,31.21,31.83,31.83,30.6,31.11,31.35,31.4,690,0.22,46,668.0, 96.81,2026-07-09
360ONE, EQ, 09-Jul-2026,1091.7,1090.8,1106.8,1086.6,1100.8,1100.2,1100.03,1022506,11247.85,38829,696095.0, 68.08,2026-07-09
3BBLACKBIO, EQ, 09-Jul-2026,1166.2,1183.7,1209.0,1155.0,1179.0,1167.7,1184.54,4778,56.6,676,2790.0, 58.39,2026-07-09
3IINFOLTD, EQ, 09-Jul-2026,18.08,18.49,18.5,18.1,18.18,18.24,18.26,479311,87.52,1591,291382.0, 60.79,2026-07-09
3MINDIA, EQ, 09-Jul-2026,34255.0,34300.0,35470.0,34300.0,34700.0,34745.0,34948.53,6446,2252.78,3158,1970.0, 30.56,2026-07-09
3PLAND, EQ, 09-Jul-2026,32.3,32.9,33.5,31.5,33.0,32.63,31.69,7028,2.23,63,6923.0, 98.51,2026-07-09
5PAISA, EQ, 09-Jul-2026,366.4,363.65,380.85,363.25,378.0,378.1,376.66,39439,148.55,1888,23654.0, 59.98,2026-07-09
601GS2030, GS, 09-Jul-2026,99.45,99.45,99.45,99.45,99.45,99.45,99.45,200,0.2,2,200.0, 100.00,2026-07-09
603GS2029, GS, 09-Jul-2026,101.7,101.7,101.7,101.7,101.7,101.7,101.7,400,0.41,1,400.0, 100.00,2026-07-09
63MOONS, EQ, 09-Jul-2026,666.85,674.8,681.0,663.2,671.3,672.65,673.84,89043,600.01,4547,34165.0, 38.37,2026-07-09
664GS2035, GS, 09-Jul-2026,97.46,97.69,97.69,97.69,97.69,97.69,97.69,1,0.0,1,1.0, 100.00,2026-07-09
667GS2050, GS, 09-Jul-2026,94.3,91.41,93.0,91.41,93.0,93.0,91.48,3147,2.88,3,3147.0, 100.00,2026-07-09
668GS2040, GS, 09-Jul-2026,97.1,97.95,98.0,97.95,97.95,97.98,97.95,3460,3.39,9,3460.0, 100.00,2026-07-09
676GS2061, GS, 09-Jul-2026,93.0,94.0,94.0,92.87,93.5,93.5,93.15,70319,65.5,31,60311.0, 85.77,2026-07-09
68GS2060, GS, 09-Jul-2026,93.9,91.11,92.0,91.11,92.0,92.0,91.56,644,0.59,2,322.0, 50.00,2026-07-09
690GS2065, GS, 09-Jul-2026,94.35,94.0,94.49,93.56,94.46,94.4,94.36,7285,6.87,15,7285.0, 100.00,2026-07-09
694GS2036, GS, 09-Jul-2026,102.7,102.7,103.0,102.7,103.0,103.0,102.85,200,0.21,2,200.0, 100.00,2026-07-09
695GS2061, GS, 09-Jul-2026,95.8,93.05,95.0,93.05,95.0,93.09,93.11,1127,1.05,6,1092.0, 96.89,2026-07-09
698GR2054, GS, 09-Jul-2026,93.94,93.5,93.5,89.25,90.72,90.72,89.67,6790,6.09,7,6790.0, 100.00,2026-07-09
699GS2051, GS, 09-Jul-2026,97.82,97.88,97.88,97.88,97.88,97.88,97.88,400,0.39,2,400.0, 100.00,2026-07-09
702GS2027, GS, 09-Jul-2026,101.0,101.0,101.0,100.7,101.0,101.0,100.85,200,0.2,3,200.0, 100.00,2026-07-09
706GS2028, GS, 09-Jul-2026,102.6,102.7,102.7,102.7,102.7,102.7,102.7,11000,11.3,2,11000.0, 100.00,2026-07-09
709GS2054, GS, 09-Jul-2026,99.8,100.1,100.1,99.25,99.91,99.9,99.87,2884,2.88,8,2800.0, 97.09,2026-07-09
709GS2074, GS, 09-Jul-2026,95.46,96.3,96.3,95.5,96.3,96.17,95.71,22567,21.6,18,22566.0, 100.00,2026-07-09
710GS2029, GS, 09-Jul-2026,103.79,103.15,103.74,103.15,103.74,103.74,103.45,23444,24.25,11,14844.0, 63.32,2026-07-09
716GS2050, GS, 09-Jul-2026,100.01,100.01,100.01,100.0,100.0,100.0,100.0,4000,4.0,2,4000.0, 100.00,2026-07-09
717GS2028, GS, 09-Jul-2026,102.0,102.0,102.0,102.0,102.0,102.0,102.0,38,0.04,1,38.0, 100.00,2026-07-09
717GS2030, GS, 09-Jul-2026,102.99,102.99,102.99,102.99,102.99,102.99,102.99,580,0.6,1,580.0, 100.00,2026-07-09
718GS2037, GS, 09-Jul-2026,106.4,105.41,105.95,105.41,105.95,105.95,105.51,8333,8.79,3,8333.0, 100.00,2026-07-09
719GS2060, GS, 09-Jul-2026,98.0,97.0,97.0,97.0,97.0,97.0,97.0,400,0.39,1,400.0, 100.00,2026-07-09
71GS2034, GS, 09-Jul-2026,103.0,102.32,103.15,102.32,103.0,103.0,102.74,8100,8.32,3,4100.0, 50.62,2026-07-09
724GS2055, GS, 09-Jul-2026,101.32,101.01,101.97,101.01,101.26,101.26,101.36,13858,14.05,17,12857.0, 92.78,2026-07-09
725GS2063, GS, 09-Jul-2026,97.78,98.0,98.15,97.51,98.15,98.14,98.06,72079,70.68,39,70079.0, 97.23,2026-07-09
726GS2032, GS, 09-Jul-2026,105.75,104.26,105.8,104.26,105.5,105.5,105.27,16000,16.84,7,12000.0, 75.00,2026-07-09
726GS2033, GS, 09-Jul-2026,105.5,105.25,105.25,105.25,105.25,105.25,105.25,1,0.0,1,1.0, 100.00,2026-07-09
733GS2026, GS, 09-Jul-2026,101.1,101.25,101.25,101.1,101.24,101.24,101.14,2200,2.23,5,2200.0, 100.00,2026-07-09
734GS2064, GS, 09-Jul-2026,100.0,99.99,99.99,99.4,99.99,99.99,99.99,5457,5.46,11,5455.0, 99.96,2026-07-09
736GS2052, GS, 09-Jul-2026,101.5,102.5,102.5,101.08,101.75,101.75,101.43,297,0.3,3,151.0, 50.84,2026-07-09
737GS2028, GS, 09-Jul-2026,104.0,104.5,104.5,104.5,104.5,104.5,104.5,970,1.01,1,970.0, 100.00,2026-07-09
738GS2027, GS, 09-Jul-2026,101.69,100.75,102.0,100.75,101.5,101.52,101.7,70674,71.87,21,60914.0, 86.19,2026-07-09
73GS2053, GS, 09-Jul-2026,99.64,99.51,100.15,99.51,100.15,100.15,99.82,2100,2.1,4,2100.0, 100.00,2026-07-09
741GS2036, GS, 09-Jul-2026,104.6,104.3,105.7,104.3,105.65,105.65,104.75,3001,3.14,4,2001.0, 66.68,2026-07-09
743GS2076, GS, 09-Jul-2026,103.42,103.0,103.6,102.6,103.2,103.2,103.14,1190,1.23,4,1146.0, 96.30,2026-07-09
746GS2073, GS, 09-Jul-2026,101.0,101.49,101.5,101.48,101.5,101.49,101.5,9320,9.46,8,9320.0, 100.00,2026-07-09
74GS2062, GS, 09-Jul-2026,102.9,102.7,102.7,101.5,101.5,101.58,101.95,437,0.45,11,437.0, 100.00,2026-07-09
750GS2056, GS, 09-Jul-2026,100.7,100.2,102.5,100.2,100.36,100.35,100.55,1250,1.26,6,1250.0, 100.00,2026-07-09
754GS2036, GS, 09-Jul-2026,106.45,106.26,106.69,106.26,106.48,106.48,106.41,176621,187.95,106,159439.0, 90.27,2026-07-09
771GS2066, GS, 09-Jul-2026,104.0,105.7,105.7,104.99,104.99,104.99,105.0,5738,6.02,10,4669.0, 81.37,2026-07-09
795GS2032, GS, 09-Jul-2026,108.01,110.11,110.11,110.11,110.11,110.11,110.11,100,0.11,1,100.0, 100.00,2026-07-09
824GS2027, GS, 09-Jul-2026,104.2,105.0,105.0,105.0,105.0,105.0,105.0,30,0.03,1,30.0, 100.00,2026-07-09
897GS2030, GS, 09-Jul-2026,111.25,111.0,111.2,111.0,111.2,111.2,111.01,1028,1.14,11,1028.0, 100.00,2026-07-09
92GS2030, GS, 09-Jul-2026,113.2,113.2,115.0,113.2,113.2,113.2,114.77,7928,9.1,12,7826.0, 98.71,2026-07-09
A2ZINFRA, EQ, 09-Jul-2026,13.56,14.18,14.18,13.5,13.51,13.56,13.62,214688,29.24,380,173833.0, 80.97,2026-07-09
AAATECH, EQ, 09-Jul-2026,95.83,95.55,96.97,95.31,95.45,95.5,95.92,11609,11.14,631,6054.0, 52.15,2026-07-09
AADHARHFC, EQ, 09-Jul-2026,525.2,528.0,536.55,523.4,534.1,531.6,531.8,207910,1105.66,12159,100086.0, 48.14,2026-07-09
AAKAAR, SM, 09-Jul-2026,67.0,67.0,67.0,67.0,67.0,67.0,67.0,1600,1.07,1,1600.0, 100.00,2026-07-09
AAKASH, EQ, 09-Jul-2026,8.81,8.65,8.89,8.65,8.8,8.83,8.75,72438,6.34,315,48987.0, 67.63,2026-07-09
AARADHYA, SM, 09-Jul-2026,79.0,79.0,79.0,73.0,78.05,78.05,75.87,15600,11.84,12,7200.0, 46.15,2026-07-09
AAREYDRUGS, BE, 09-Jul-2026,86.24,84.52,84.52,84.52,84.52,84.52,84.52,2961,2.5,15,, -,2026-07-09
AARNAV, EQ, 09-Jul-2026,24.9,24.9,25.45,24.9,24.9,25.21,25.14,11840,2.98,77,10655.0, 89.99,2026-07-09
AARON, EQ, 09-Jul-2026,116.16,116.1,119.0,116.1,118.31,118.18,117.19,6174,7.24,179,4585.0, 74.26,2026-07-09
AARTECH, EQ, 09-Jul-2026,47.02,47.12,50.0,47.12,49.75,49.66,48.77,121653,59.33,2592,65046.0, 53.47,2026-07-09
AARTIDRUGS, EQ, 09-Jul-2026,387.1,390.95,405.0,386.9,397.8,395.35,399.5,311711,1245.28,9454,138375.0, 44.39,2026-07-09
AARTIIND, EQ, 09-Jul-2026,465.5,465.55,475.9,465.55,469.85,467.95,470.7,357128,1681.01,13324,183196.0, 51.30,2026-07-09
AARTIPHARM, EQ, 09-Jul-2026,686.25,690.0,711.95,687.2,705.0,702.95,704.72,127076,895.53,11093,65542.0, 51.58,2026-07-09
AARTISURF, EQ, 09-Jul-2026,368.5,371.6,380.0,370.3,372.0,373.85,376.27,9282,34.93,427,6651.0, 71.65,2026-07-09
AARVI, EQ, 09-Jul-2026,139.71,144.0,149.9,138.6,149.0,147.09,144.47,55125,79.64,751,34718.0, 62.98,2026-07-09
AASTHA, BE, 09-Jul-2026,123.19,117.04,117.04,117.04,117.04,117.04,117.04,342469,400.83,1987,, -,2026-07-09
AATMAJ, SM, 09-Jul-2026,18.3,18.3,18.3,17.55,17.55,18.05,18.06,8000,1.45,4,8000.0, 100.00,2026-07-09
AAVAS, EQ, 09-Jul-2026,1499.8,1499.8,1519.8,1493.8,1507.6,1505.3,1505.56,48377,728.34,7921,24453.0, 50.55,2026-07-09
ABAN, BE, 09-Jul-2026,14.27,13.56,13.56,13.56,13.56,13.56,13.56,31683,4.3,202,, -,2026-07-09
ABANSENT, BE, 09-Jul-2026,27.8,27.5,28.99,27.5,28.5,27.76,27.67,2398,0.66,32,, -,2026-07-09
ABB, EQ, 09-Jul-2026,6771.5,6780.0,6861.5,6780.0,6825.0,6820.0,6835.12,119092,8140.08,25496,53643.0, 45.04,2026-07-09
ABBOTINDIA, EQ, 09-Jul-2026,26245.0,26200.0,26890.0,26200.0,26650.0,26770.0,26655.31,24860,6626.51,6343,17954.0, 72.22,2026-07-09
ABCAPITAL, EQ, 09-Jul-2026,385.75,386.8,401.35,386.7,396.7,397.35,396.73,2934361,11641.49,47969,1078458.0, 36.75,2026-07-09
ABCOTS, EQ, 09-Jul-2026,210.91,208.89,212.9,206.0,207.82,207.44,209.3,14214,29.75,606,5720.0, 40.24,2026-07-09
ABDL, EQ, 09-Jul-2026,674.8,670.0,684.0,665.0,667.0,666.6,672.32,265076,1782.16,11808,122801.0, 46.33,2026-07-09
ABFRL, EQ, 09-Jul-2026,58.31,58.54,59.6,58.13,58.5,58.55,58.93,2786009,1641.89,13084,1161065.0, 41.67,2026-07-09
ABINFRA, EQ, 09-Jul-2026,10.18,10.26,10.89,10.11,10.3,10.32,10.32,2139865,220.82,2724,321770.0, 15.04,2026-07-09
ABLBL, EQ, 09-Jul-2026,93.53,93.8,95.9,93.7,95.05,95.26,95.23,408477,389.0,7485,256870.0, 62.88,2026-07-09
ABMKNO, EQ, 09-Jul-2026,212.59,213.7,220.0,210.0,214.0,213.99,211.6,3614,7.65,73,3524.0, 97.51,2026-07-09
ABREL, EQ, 09-Jul-2026,1352.4,1360.9,1418.4,1360.9,1415.0,1404.0,1399.34,156055,2183.73,12694,48170.0, 30.87,2026-07-09
ABSL10BANK, EQ, 09-Jul-2026,170.58,170.62,173.18,170.62,172.06,172.11,172.23,475,0.82,19,288.0, 60.63,2026-07-09
ABSLAMC, EQ, 09-Jul-2026,1124.5,1120.0,1145.1,1115.2,1139.9,1136.0,1133.07,231867,2627.23,24299,119898.0, 51.71,2026-07-09
ABSLBANETF, EQ, 09-Jul-2026,58.26,58.4,58.97,58.4,58.63,58.7,58.81,267021,157.02,1065,243877.0, 91.33,2026-07-09
ABSLLIQUID, EQ, 09-Jul-2026,999.99,999.99,1000.01,999.99,999.99,999.99,1000.0,5931,59.31,34,3508.0, 59.15,2026-07-09
ABSLMSCIN, EQ, 09-Jul-2026,29.18,29.72,29.72,29.16,29.16,29.16,29.22,36841,10.77,25,36455.0, 98.95,2026-07-09
ABSLNN50ET, EQ, 09-Jul-2026,74.47,74.47,75.22,73.6,75.22,75.03,75.0,4811,3.61,173,3269.0, 67.95,2026-07-09
ABSLPSE, EQ, 09-Jul-2026,10.16,10.3,10.3,10.14,10.24,10.19,10.2,133301,13.59,735,104156.0, 78.14,2026-07-09
ABSMARINE, ST, 09-Jul-2026,227.1,227.1,233.0,227.1,233.0,232.0,231.05,29500,68.16,40,26000.0, 88.14,2026-07-09
ACC, EQ, 09-Jul-2026,1335.1,1335.1,1368.2,1335.1,1368.2,1362.2,1352.69,108220,1463.88,9394,46749.0, 43.20,2026-07-09
ACCELYA, EQ, 09-Jul-2026,1095.3,1092.6,1109.8,1085.9,1092.0,1093.3,1098.86,6226,68.42,815,2670.0, 42.88,2026-07-09
ACCENTMIC, SM, 09-Jul-2026,490.55,491.05,498.0,488.0,494.7,492.9,495.94,74500,369.47,71,59500.0, 79.87,2026-07-09
ACCORD, ST, 09-Jul-2026,190.95,194.75,194.75,194.75,194.75,194.75,194.75,2000,3.9,1,2000.0, 100.00,2026-07-09
ACCPL, ST, 09-Jul-2026,153.6,153.6,161.25,153.6,161.25,160.8,159.74,24000,38.34,16,24000.0, 100.00,2026-07-09
ACCURACY, BE, 09-Jul-2026,5.25,5.25,5.35,5.15,5.28,5.28,5.21,36619,1.91,111,, -,2026-07-09
ACE, EQ, 09-Jul-2026,968.7,971.2,988.4,966.6,973.0,976.6,979.76,221133,2166.56,13488,111711.0, 50.52,2026-07-09
ACEINTEG, EQ, 09-Jul-2026,20.74,20.74,21.6,20.74,20.75,20.83,21.2,3609,0.77,32,3076.0, 85.23,2026-07-09
ACETEC, SM, 09-Jul-2026,120.0,126.0,126.0,126.0,126.0,126.0,126.0,1200,1.51,1,1200.0, 100.00,2026-07-09
ACI, EQ, 09-Jul-2026,520.15,523.0,530.6,522.1,524.0,524.5,526.19,43252,227.59,3576,22728.0, 52.55,2026-07-09
ACL, EQ, 09-Jul-2026,49.97,51.0,51.0,48.95,49.5,49.39,49.39,23789,11.75,260,21792.0, 91.61,2026-07-09
ACMESOLAR, EQ, 09-Jul-2026,365.25,366.0,372.0,365.55,366.55,367.8,368.45,1075278,3961.89,37996,516954.0, 48.08,2026-07-09
ACSTECH, EQ, 09-Jul-2026,41.48,41.68,43.55,40.2,40.5,40.61,41.56,141570,58.84,817,90158.0, 63.68,2026-07-09
ACUTAAS, EQ, 09-Jul-2026,3454.5,3450.0,3488.0,3368.0,3466.0,3458.8,3433.88,486255,16697.41,38274,222184.0, 45.69,2026-07-09
ADANIENSOL, EQ, 09-Jul-2026,1655.5,1660.5,1685.0,1610.1,1625.8,1618.5,1651.25,2379388,39289.64,64946,797957.0, 33.54,2026-07-09
ADANIENT, EQ, 09-Jul-2026,3046.9,3060.0,3105.0,3026.8,3077.8,3083.6,3071.42,2609306,80142.85,86815,1092295.0, 41.86,2026-07-09
ADANIGREEN, EQ, 09-Jul-2026,1504.6,1514.3,1537.5,1481.2,1491.9,1486.6,1505.17,1672531,25174.41,54867,485221.0, 29.01,2026-07-09
ADANIPORTS, EQ, 09-Jul-2026,1791.7,1795.3,1821.0,1795.3,1802.2,1800.1,1809.15,1106782,20023.39,75478,455749.0, 41.18,2026-07-09
ADANIPOWER, EQ, 09-Jul-2026,216.48,218.0,221.78,215.55,216.48,216.32,218.55,19107874,41760.22,102740,6050625.0, 31.67,2026-07-09
ADDICTIVE, SM, 09-Jul-2026,40.55,40.0,40.0,40.0,40.0,40.0,40.0,500,0.2,1,500.0, 100.00,2026-07-09
ADFFOODS, EQ, 09-Jul-2026,308.45,310.0,322.85,305.45,318.4,317.55,316.62,251998,797.87,9078,90464.0, 35.90,2026-07-09
ADISOFT, SM, 09-Jul-2026,181.95,182.0,183.8,180.0,180.0,180.85,181.34,24800,44.97,30,20000.0, 80.65,2026-07-09
ADL, EQ, 09-Jul-2026,71.16,71.16,71.16,67.4,70.49,70.49,68.74,2660,1.83,40,2317.0, 87.11,2026-07-09
ADOR, EQ, 09-Jul-2026,1285.1,1285.1,1333.3,1274.1,1325.0,1325.2,1301.09,42198,549.03,4107,23893.0, 56.62,2026-07-09
ADROITINFO, EQ, 09-Jul-2026,9.05,9.0,9.27,8.81,9.27,8.91,8.92,5847,0.52,41,3630.0, 62.08,2026-07-09
ADSL, EQ, 09-Jul-2026,116.82,116.99,119.17,116.41,118.0,117.88,117.97,116301,137.2,1917,55066.0, 47.35,2026-07-09
ADVAIT, EQ, 09-Jul-2026,2087.8,2105.0,2230.9,2096.1,2194.0,2192.6,2185.45,53889,1177.72,8981,19733.0, 36.62,2026-07-09
ADVANCE, EQ, 09-Jul-2026,108.56,109.1,111.51,106.31,106.84,107.04,108.11,238823,258.19,1601,174054.0, 72.88,2026-07-09
ADVANIHOTR, EQ, 09-Jul-2026,51.84,52.8,53.3,51.85,53.3,53.09,52.75,11455,6.04,270,7314.0, 63.85,2026-07-09
ADVENTHTL, EQ, 09-Jul-2026,140.53,142.0,148.0,140.75,144.0,144.07,142.95,185476,265.13,3406,83359.0, 44.94,2026-07-09
ADVENZYMES, EQ, 09-Jul-2026,318.6,320.2,326.9,319.55,326.0,324.35,323.82,153172,496.01,5826,79412.0, 51.84,2026-07-09
AEGISLOG, EQ, 09-Jul-2026,1245.4,1240.0,1299.2,1195.2,1264.0,1264.1,1238.56,3536762,43804.98,118186,1192091.0, 33.71,2026-07-09
AEGISVOPAK, EQ, 09-Jul-2026,276.61,281.43,284.14,271.21,277.0,275.53,277.8,2398554,6663.25,42559,607282.0, 25.32,2026-07-09
AEPL, EQ, 09-Jul-2026,16.95,17.0,17.2,16.0,17.17,17.11,16.97,24362,4.13,107,10888.0, 44.69,2026-07-09
AEQUS, EQ, 09-Jul-2026,256.14,261.99,274.39,254.0,258.9,258.07,263.3,25539209,67244.97,195777,5528859.0, 21.65,2026-07-09
AEROENTER, EQ, 09-Jul-2026,116.89,117.87,123.4,117.21,120.19,119.88,121.03,676166,818.36,7655,337324.0, 49.89,2026-07-09
AEROFLEX, EQ, 09-Jul-2026,400.95,406.85,420.6,400.7,404.85,405.25,407.19,2455103,9996.89,27788,521791.0, 21.25,2026-07-09
AERON, SM, 09-Jul-2026,82.6,83.0,83.0,80.0,81.0,81.05,81.28,8000,6.5,8,7000.0, 87.50,2026-07-09
AERONEU, EQ, 09-Jul-2026,86.87,86.11,89.5,86.11,89.5,88.41,88.19,42334,37.33,334,7277.0, 17.19,2026-07-09
AETHER, EQ, 09-Jul-2026,1413.4,1425.0,1510.0,1425.0,1495.0,1485.8,1482.47,1695025,25128.2,77215,604511.0, 35.66,2026-07-09
AFCONS, EQ, 09-Jul-2026,301.45,301.95,303.95,299.4,300.85,300.3,300.91,289095,869.91,7916,124286.0, 42.99,2026-07-09
AFFLE, EQ, 09-Jul-2026,1457.7,1457.7,1489.4,1448.2,1466.0,1468.0,1476.25,131905,1947.24,9970,71180.0, 53.96,2026-07-09
AFFORDABLE, BE, 09-Jul-2026,169.25,169.25,172.79,162.6,171.44,169.72,168.8,12340,20.83,231,, -,2026-07-09
AFIL, BE, 09-Jul-2026,9.54,9.69,10.01,9.6,9.8,9.8,9.83,233703,22.98,270,, -,2026-07-09
AFSL, EQ, 09-Jul-2026,201.58,201.59,201.94,201.0,201.0,201.07,201.35,2562,5.16,84,2253.0, 87.94,2026-07-09
AGARIND, EQ, 09-Jul-2026,506.3,507.95,527.35,506.35,526.95,524.65,519.92,26185,136.14,1258,11263.0, 43.01,2026-07-09
AGARWALEYE, EQ, 09-Jul-2026,477.85,478.0,493.95,475.0,485.1,485.6,486.58,132963,646.98,9524,67633.0, 50.87,2026-07-09
AGARWALTUF, SM, 09-Jul-2026,139.7,138.3,146.0,138.3,145.3,144.95,143.94,55200,79.46,42,32400.0, 58.70,2026-07-09
AGI, EQ, 09-Jul-2026,683.15,683.15,715.0,683.15,709.0,710.1,706.82,82472,582.93,4631,48897.0, 59.29,2026-07-09
AGIIL, EQ, 09-Jul-2026,333.1,335.9,345.05,332.1,333.3,334.3,340.86,2108704,7187.69,14268,397645.0, 18.86,2026-07-09
AGL, BE, 09-Jul-2026,17.93,17.04,17.04,17.04,17.04,17.04,17.04,49444,8.43,272,, -,2026-07-09
AGRITECH, BE, 09-Jul-2026,110.99,113.99,114.69,111.0,114.69,112.57,113.13,1416,1.6,42,, -,2026-07-09
AGROPHOS, EQ, 09-Jul-2026,29.4,30.0,30.2,28.9,29.98,29.86,29.74,7519,2.24,117,6500.0, 86.45,2026-07-09
AGUL, SM, 09-Jul-2026,52.2,49.6,54.0,49.6,54.0,54.0,51.07,6000,3.06,3,2000.0, 33.33,2026-07-09
AHCL, EQ, 09-Jul-2026,15.19,15.15,15.64,15.1,15.5,15.47,15.43,2817959,434.78,4011,1186421.0, 42.10,2026-07-09
AHLADA, EQ, 09-Jul-2026,38.73,39.45,39.45,37.5,37.9,38.01,38.09,5977,2.28,128,4167.0, 69.72,2026-07-09
AHLEAST, EQ, 09-Jul-2026,139.34,140.1,145.0,140.0,141.36,141.62,142.11,5222,7.42,91,3797.0, 72.71,2026-07-09
AHLUCONT, EQ, 09-Jul-2026,820.4,828.6,845.1,824.0,841.8,836.15,837.05,17263,144.5,2480,8276.0, 47.94,2026-07-09
AHLWEST, BE, 09-Jul-2026,580.0,560.2,585.0,560.2,585.0,585.0,574.06,555,3.19,17,, -,2026-07-09
AIAENG, EQ, 09-Jul-2026,4667.0,4667.0,4725.0,4630.0,4662.5,4687.5,4672.83,92253,4310.83,21341,51009.0, 55.29,2026-07-09
AIIL, EQ, 09-Jul-2026,501.1,501.45,515.5,500.0,505.2,507.5,509.05,112890,574.67,7086,53861.0, 47.71,2026-07-09
AILIMITED, ST, 09-Jul-2026,33.9,35.55,35.55,35.55,35.55,35.55,35.55,4500,1.6,3,4500.0, 100.00,2026-07-09
AIMTRON, SM, 09-Jul-2026,1248.55,1257.0,1360.0,1257.0,1360.0,1350.45,1334.71,72600,969.0,345,44000.0, 60.61,2026-07-09
AIRAN, EQ, 09-Jul-2026,15.6,15.7,15.94,15.58,15.7,15.66,15.65,25983,4.07,158,19875.0, 76.49,2026-07-09
AIROLAM, EQ, 09-Jul-2026,88.45,88.9,91.0,87.4,88.25,88.57,89.85,2760,2.48,57,2037.0, 73.80,2026-07-09
AISL, SM, 09-Jul-2026,60.1,58.25,58.95,57.1,58.95,57.35,57.29,20400,11.69,6,19800.0, 97.06,2026-07-09
AJANTPHARM, EQ, 09-Jul-2026,3278.8,3263.0,3385.1,3263.0,3305.0,3307.6,3330.89,56018,1865.9,16700,26637.0, 47.55,2026-07-09
AJAXENGG, EQ, 09-Jul-2026,517.6,519.8,539.9,519.8,530.6,535.4,529.18,22769,120.49,1734,10685.0, 46.93,2026-07-09
AJMERA, EQ, 09-Jul-2026,125.1,125.1,132.89,123.0,129.8,129.66,128.92,562641,725.38,7062,295328.0, 52.49,2026-07-09
AJOONI, EQ, 09-Jul-2026,3.68,3.68,3.78,3.67,3.72,3.72,3.74,145692,5.44,299,101543.0, 69.70,2026-07-09
AKANKSHA, ST, 09-Jul-2026,89.25,93.7,93.7,93.7,93.7,93.7,93.7,26000,24.36,21,26000.0, 100.00,2026-07-09
AKASH, EQ, 09-Jul-2026,26.82,26.0,27.99,26.0,27.69,27.15,27.14,4686,1.27,44,3398.0, 72.51,2026-07-09
AKCAPIT, EQ, 09-Jul-2026,1741.0,1727.0,1815.6,1715.3,1784.1,1787.4,1778.34,1426,25.36,347,830.0, 58.20,2026-07-09
AKG, EQ, 09-Jul-2026,10.64,10.72,11.19,10.69,10.85,10.85,10.96,4686,0.51,75,3498.0, 74.65,2026-07-09
AKI, EQ, 09-Jul-2026,4.63,4.63,4.7,4.58,4.65,4.64,4.65,34288,1.6,133,25361.0, 73.96,2026-07-09
AKIKO, ST, 09-Jul-2026,280.15,285.15,289.45,285.15,287.95,286.5,286.33,8800,25.2,11,8800.0, 100.00,2026-07-09
AKSHAR, EQ, 09-Jul-2026,0.43,0.43,0.45,0.43,0.45,0.44,0.44,288727,1.26,232,221493.0, 76.71,2026-07-09
AKSHARCHEM, BE, 09-Jul-2026,233.11,222.51,238.0,222.51,235.0,234.72,234.16,2813,6.59,30,, -,2026-07-09
AKSHOPTFBR, BE, 09-Jul-2026,6.23,6.11,6.35,6.11,6.35,6.35,6.18,525458,32.45,211,, -,2026-07-09
AKUMS, EQ, 09-Jul-2026,647.35,646.6,676.0,646.6,655.95,658.2,662.58,657530,4356.66,43561,378128.0, 57.51,2026-07-09
ALANKIT, EQ, 09-Jul-2026,8.04,8.11,8.17,8.02,8.11,8.09,8.1,123887,10.03,393,102049.0, 82.37,2026-07-09
ALBERTDAVD, EQ, 09-Jul-2026,694.75,698.25,705.25,690.0,699.4,696.5,697.66,2338,16.31,173,1698.0, 72.63,2026-07-09
ALEMBICLTD, EQ, 09-Jul-2026,87.87,88.3,89.88,88.1,88.52,88.76,89.05,177685,158.22,2054,91121.0, 51.28,2026-07-09
ALGOQUANT, EQ, 09-Jul-2026,57.33,58.04,58.04,57.0,57.5,57.51,57.66,1167609,673.29,1667,531496.0, 45.52,2026-07-09
ALICON, EQ, 09-Jul-2026,636.1,636.65,646.0,626.0,629.0,628.1,632.47,20407,129.07,1605,14363.0, 70.38,2026-07-09
ALIVUS, EQ, 09-Jul-2026,1130.1,1135.3,1171.0,1130.1,1145.9,1142.9,1152.74,50907,586.83,7650,23882.0, 46.91,2026-07-09
ALKALI, BE, 09-Jul-2026,82.59,79.01,84.9,79.01,82.49,81.64,81.45,1529,1.25,45,, -,2026-07-09
ALKEM, EQ, 09-Jul-2026,5606.0,5634.0,5695.0,5602.5,5650.0,5648.5,5655.81,39730,2247.05,8802,18993.0, 47.81,2026-07-09
ALKYLAMINE, EQ, 09-Jul-2026,1853.6,1855.0,1987.0,1855.0,1957.0,1954.6,1952.19,555129,10837.15,43215,117516.0, 21.17,2026-07-09
ALLCARGO, EQ, 09-Jul-2026,7.9,7.97,7.98,7.77,7.89,7.87,7.87,4435221,349.07,6321,2513576.0, 56.67,2026-07-09
ALLDIGI, EQ, 09-Jul-2026,792.8,796.8,809.95,781.4,788.4,795.5,795.29,8237,65.51,1497,5204.0, 63.18,2026-07-09
ALLETEC, ST, 09-Jul-2026,140.1,140.2,145.0,138.95,142.95,142.95,142.21,12800,18.2,25,12800.0, 100.00,2026-07-09
ALLTIME, EQ, 09-Jul-2026,236.95,236.95,243.01,233.1,236.0,234.23,237.23,52187,123.8,1155,32924.0, 63.09,2026-07-09
ALMONDZ, EQ, 09-Jul-2026,13.43,13.42,13.55,13.21,13.21,13.27,13.36,25446,3.4,104,17794.0, 69.93,2026-07-09
ALOKINDS, EQ, 09-Jul-2026,12.4,12.51,12.65,12.44,12.47,12.47,12.53,3189765,399.53,5294,1675828.0, 52.54,2026-07-09
ALPA, EQ, 09-Jul-2026,67.8,67.8,69.39,66.5,69.2,68.29,67.96,8827,6.0,196,5958.0, 67.50,2026-07-09
ALPEXSOLAR, SM, 09-Jul-2026,775.3,776.0,819.7,776.0,817.85,815.9,797.7,62400,497.77,459,42700.0, 68.43,2026-07-09
ALPHA, EQ, 09-Jul-2026,50.51,50.55,51.26,50.55,51.2,51.14,51.1,790610,404.03,1778,435203.0, 55.05,2026-07-09
ALPHAETF, EQ, 09-Jul-2026,25.65,25.71,26.6,25.71,25.95,26.07,25.94,445817,115.66,897,104050.0, 23.34,2026-07-09
ALPHAGEO, EQ, 09-Jul-2026,192.82,191.5,198.5,191.0,197.9,197.86,195.45,2364,4.62,96,1735.0, 73.39,2026-07-09
ALPL30IETF, EQ, 09-Jul-2026,27.37,27.38,27.71,27.38,27.56,27.55,27.62,305523,84.37,694,212224.0, 69.46,2026-07-09
ALUWIND, SM, 09-Jul-2026,43.1,43.75,43.9,42.3,43.5,43.05,43.44,64500,28.02,29,61500.0, 95.35,2026-07-09
AMAGI, EQ, 09-Jul-2026,573.3,570.0,585.0,548.55,575.6,575.8,572.93,392293,2247.58,21543,116033.0, 29.58,2026-07-09
AMANTA, BE, 09-Jul-2026,186.47,186.45,189.0,181.0,184.0,182.82,185.17,113644,210.43,1151,, -,2026-07-09
AMBAAUTO, SM, 09-Jul-2026,84.0,89.5,89.5,83.0,84.95,84.95,84.95,13000,11.04,13,4000.0, 30.77,2026-07-09
AMBALALSA, EQ, 09-Jul-2026,31.68,31.0,31.99,31.0,31.25,31.24,31.51,35517,11.19,358,28740.0, 80.92,2026-07-09
AMBER, EQ, 09-Jul-2026,7424.0,7507.0,7704.0,7500.0,7610.0,7600.5,7616.24,423324,32241.39,37245,150801.0, 35.62,2026-07-09
AMBICAAGAR, EQ, 09-Jul-2026,25.36,25.68,25.68,24.56,24.99,24.68,25.0,8016,2.0,44,7050.0, 87.95,2026-07-09
AMBIKCO, EQ, 09-Jul-2026,1693.1,1702.0,1775.0,1702.0,1736.0,1761.8,1751.28,21212,371.48,2448,10805.0, 50.94,2026-07-09
AMBUJACEM, EQ, 09-Jul-2026,421.1,422.35,429.8,421.9,429.0,428.15,425.58,2408597,10250.4,29021,1111954.0, 46.17,2026-07-09
AMCL, SM, 09-Jul-2026,371.0,370.0,389.75,370.0,389.75,387.35,378.68,1600,6.06,3,800.0, 50.00,2026-07-09
AMDIND, EQ, 09-Jul-2026,46.67,47.13,47.13,45.15,45.5,45.69,46.01,12413,5.71,138,5661.0, 45.61,2026-07-09
AMEYA, SM, 09-Jul-2026,113.0,113.5,113.5,113.5,113.5,113.5,113.5,1000,1.14,1,1000.0, 100.00,2026-07-09
AMIRCHAND, EQ, 09-Jul-2026,164.5,165.0,172.72,163.47,172.72,172.64,170.79,970476,1657.47,3798,670585.0, 69.10,2026-07-09
AMJLAND, EQ, 09-Jul-2026,37.39,37.76,38.5,36.3,37.84,37.4,37.5,10553,3.96,156,6382.0, 60.48,2026-07-09
AMNPLST, EQ, 09-Jul-2026,191.52,192.39,210.7,192.39,206.5,204.61,201.54,42990,86.64,1325,23158.0, 53.87,2026-07-09
AMRUTANJAN, EQ, 09-Jul-2026,537.9,540.7,545.7,533.55,536.0,535.55,538.87,25219,135.9,1993,12609.0, 50.00,2026-07-09
ANANDRATHI, EQ, 09-Jul-2026,2059.8,2075.0,2120.0,2055.0,2120.0,2095.6,2083.53,455048,9481.08,24651,202482.0, 44.50,2026-07-09
ANANTAM, IV, 09-Jul-2026,104.0,105.04,105.04,103.56,104.0,104.0,104.03,76484,79.57,259,76229.0, 99.67,2026-07-09
ANANTRAJ, EQ, 09-Jul-2026,544.75,548.1,572.0,548.1,569.55,569.45,562.64,3209123,18055.85,54126,1257462.0, 39.18,2026-07-09
ANDHRAPAP, EQ, 09-Jul-2026,60.8,61.0,62.19,60.6,60.96,60.79,61.17,30752,18.81,755,15553.0, 50.58,2026-07-09
ANDHRSUGAR, EQ, 09-Jul-2026,83.28,83.95,86.2,83.5,84.5,84.54,84.83,290533,246.47,2873,117449.0, 40.43,2026-07-09
ANGELONE, EQ, 09-Jul-2026,331.2,331.35,342.95,331.35,341.0,341.1,339.05,7522853,25506.46,51907,3248573.0, 43.18,2026-07-09
ANIKINDS, BE, 09-Jul-2026,44.98,44.8,45.39,44.5,44.5,44.5,44.82,938,0.42,16,, -,2026-07-09
ANKITMETAL, BZ, 09-Jul-2026,1.48,1.48,1.55,1.42,1.5,1.5,1.5,61981,0.93,55,, -,2026-07-09
ANLON, ST, 09-Jul-2026,616.4,614.85,630.0,614.85,630.0,630.0,624.13,2000,12.48,5,2000.0, 100.00,2026-07-09
ANMOL, EQ, 09-Jul-2026,10.98,10.71,11.05,10.7,10.95,10.92,10.88,15623,1.7,170,11747.0, 75.19,2026-07-09
ANNAPURNA, SM, 09-Jul-2026,128.25,129.0,130.85,129.0,130.0,130.0,130.09,3750,4.88,14,3000.0, 80.00,2026-07-09
ANONDITA, SM, 09-Jul-2026,1155.8,1155.85,1205.0,1155.85,1190.0,1188.2,1188.31,18600,221.03,84,11400.0, 61.29,2026-07-09
ANSALAPI, BZ, 09-Jul-2026,2.63,2.58,2.63,2.58,2.58,2.58,2.58,4034,0.1,13,, -,2026-07-09
ANTELOPUS, EQ, 09-Jul-2026,823.5,829.95,854.75,791.1,797.95,794.45,819.77,158779,1301.62,8582,71466.0, 45.01,2026-07-09
ANTGRAPHIC, EQ, 09-Jul-2026,0.78,0.78,0.8,0.75,0.78,0.77,0.78,105303,0.82,150,88592.0, 84.13,2026-07-09
ANTHEM, EQ, 09-Jul-2026,748.45,757.95,767.95,749.1,752.25,752.0,758.29,379821,2880.13,30562,192278.0, 50.62,2026-07-09
ANUHPHR, EQ, 09-Jul-2026,77.27,77.7,79.98,77.32,79.0,79.02,79.14,24939,19.74,1093,13527.0, 54.24,2026-07-09
ANUP, EQ, 09-Jul-2026,2135.3,2147.9,2193.9,2135.7,2152.0,2153.4,2165.9,18807,407.34,3280,8702.0, 46.27,2026-07-09
ANURAS, EQ, 09-Jul-2026,1259.7,1258.1,1272.6,1253.5,1269.8,1267.9,1264.34,242302,3063.52,6076,66475.0, 27.43,2026-07-09
ANYA, SM, 09-Jul-2026,15.7,16.1,16.1,15.6,15.7,15.65,15.74,55000,8.66,10,45000.0, 81.82,2026-07-09
ANZEN, IV, 09-Jul-2026,127.0,130.0,130.0,130.0,130.0,130.0,130.0,25000,32.5,1,25000.0, 100.00,2026-07-09
AONEGOLD, EQ, 09-Jul-2026,13.26,13.32,13.4,13.21,13.38,13.36,13.33,456392,60.82,1236,91432.0, 20.03,2026-07-09
AONELIQUID, EQ, 09-Jul-2026,1067.16,1072.49,1072.49,1067.3,1067.3,1067.3,1067.3,39323,419.7,151,37832.0, 96.21,2026-07-09
AONENIFTY, EQ, 09-Jul-2026,9.85,9.89,9.97,9.82,9.92,9.88,9.91,124293,12.31,1039,87155.0, 70.12,2026-07-09
AONESILVER, EQ, 09-Jul-2026,8.42,8.31,8.55,8.14,8.52,8.51,8.4,1196775,100.58,1233,487956.0, 40.77,2026-07-09
AONETMMQ50, EQ, 09-Jul-2026,9.94,10.39,10.39,9.94,10.29,10.17,10.07,67547,6.8,338,52373.0, 77.54,2026-07-09
AONETOTAL, EQ, 09-Jul-2026,11.66,11.71,11.85,11.66,11.8,11.75,11.77,762023,89.66,970,710580.0, 93.25,2026-07-09
APARINDS, EQ, 09-Jul-2026,13443.0,13470.0,14150.0,13470.0,14120.0,14070.0,13940.88,119371,16641.37,31042,38509.0, 32.26,2026-07-09
APCL, EQ, 09-Jul-2026,106.73,108.0,108.0,102.0,104.39,104.01,103.92,8288,8.61,287,4658.0, 56.20,2026-07-09
APCOTEXIND, EQ, 09-Jul-2026,496.95,504.0,512.0,499.2,512.0,506.4,506.25,46798,236.92,3183,22978.0, 49.10,2026-07-09
APEX, EQ, 09-Jul-2026,383.05,381.7,400.9,381.7,389.4,388.75,392.02,105118,412.08,3528,38482.0, 36.61,2026-07-09
APEXECO, ST, 09-Jul-2026,232.0,239.6,243.6,239.1,243.6,242.1,241.56,9600,23.19,12,9600.0, 100.00,2026-07-09
APLAPOLLO, EQ, 09-Jul-2026,1809.6,1809.9,1817.4,1783.0,1786.0,1785.9,1794.16,545781,9792.2,41147,338486.0, 62.02,2026-07-09
APLLTD, EQ, 09-Jul-2026,811.3,818.45,830.0,809.35,816.0,816.9,821.85,62063,510.07,7141,28839.0, 46.47,2026-07-09
APOLLO, EQ, 09-Jul-2026,393.4,395.0,401.15,387.05,401.15,398.3,394.99,14168770,55965.58,116811,3920904.0, 27.67,2026-07-09
APOLLOHOSP, EQ, 09-Jul-2026,8753.5,8756.5,8920.5,8756.5,8830.0,8845.5,8866.83,571832,50703.36,42388,416587.0, 72.85,2026-07-09
APOLLOPIPE, EQ, 09-Jul-2026,468.2,468.2,492.0,467.2,491.7,487.7,484.85,124490,603.59,3747,83590.0, 67.15,2026-07-09
APOLLOTYRE, EQ, 09-Jul-2026,439.55,438.0,446.5,436.55,441.1,439.65,440.3,634889,2795.42,20248,274898.0, 43.30,2026-07-09
APOLSINHOT, EQ, 09-Jul-2026,1197.2,1203.5,1219.9,1203.5,1207.0,1210.0,1209.22,439,5.31,67,368.0, 83.83,2026-07-09
APRAMEYA, SM, 09-Jul-2026,144.5,144.2,150.0,144.0,146.95,146.95,147.46,9500,14.01,14,7000.0, 73.68,2026-07-09
APS, SM, 09-Jul-2026,288.0,285.1,298.95,285.1,288.05,291.8,290.47,16500,47.93,63,8750.0, 53.03,2026-07-09
APSISAERO, ST, 09-Jul-2026,350.15,357.15,357.15,357.15,357.15,357.15,357.15,15600,55.72,10,15600.0, 100.00,2026-07-09
APTECHT, BE, 09-Jul-2026,98.2,98.0,100.7,97.99,100.0,99.81,99.68,65507,65.3,478,, -,2026-07-09
APTUS, EQ, 09-Jul-2026,277.9,276.65,282.45,274.85,278.25,279.5,279.1,516719,1442.16,15134,245894.0, 47.59,2026-07-09
AQYLON, EQ, 09-Jul-2026,39.8,39.0,41.0,37.81,38.0,39.71,39.12,1545409,604.53,9981,721509.0, 46.69,2026-07-09
ARCHIDPLY, EQ, 09-Jul-2026,79.68,81.0,81.0,78.55,80.0,79.98,79.53,2990,2.38,50,1021.0, 34.15,2026-07-09
ARCHIES, EQ, 09-Jul-2026,13.75,13.76,14.14,13.51,13.51,13.67,13.73,14871,2.04,89,13219.0, 88.89,2026-07-09
ARCIIL, ST, 09-Jul-2026,42.0,41.3,42.25,40.55,42.25,42.25,41.3,5000,2.07,5,4000.0, 80.00,2026-07-09
ARE&M, EQ, 09-Jul-2026,835.1,847.65,881.2,847.0,869.95,869.5,866.96,2083465,18062.88,58036,761171.0, 36.53,2026-07-09
ARENTERP, EQ, 09-Jul-2026,34.05,34.05,34.9,33.01,34.75,34.17,33.25,2744,0.91,25,2599.0, 94.72,2026-07-09
ARFIN, EQ, 09-Jul-2026,86.17,86.8,91.0,85.5,87.56,88.54,88.12,2565078,2260.33,10293,224624.0, 8.76,2026-07-09
ARHAM, SM, 09-Jul-2026,139.6,137.0,139.95,137.0,138.95,138.95,138.37,12000,16.6,11,7000.0, 58.33,2026-07-09
ARIES, EQ, 09-Jul-2026,338.25,337.2,349.7,337.2,345.2,344.05,344.69,21960,75.69,795,16101.0, 73.32,2026-07-09
ARIHANT, EQ, 09-Jul-2026,789.1,795.45,810.0,773.0,810.0,798.4,789.99,2892,22.85,283,1609.0, 55.64,2026-07-09
ARIHANTACA, SM, 09-Jul-2026,460.0,450.0,450.05,450.0,450.0,450.0,450.0,9200,41.4,4,8800.0, 95.65,2026-07-09
ARIHANTCAP, EQ, 09-Jul-2026,70.04,70.04,76.3,70.04,74.88,74.62,74.68,999318,746.24,10825,235076.0, 23.52,2026-07-09
ARIHANTSUP, EQ, 09-Jul-2026,260.05,251.0,263.1,251.0,261.95,260.1,260.29,10621,27.65,171,9117.0, 85.84,2026-07-09
ARIS, EQ, 09-Jul-2026,108.28,108.28,111.99,108.28,110.52,109.83,110.36,138296,152.62,1724,53742.0, 38.86,2026-07-09
ARKADE, EQ, 09-Jul-2026,125.85,127.08,132.5,126.12,132.39,131.94,129.26,796941,1030.1,7468,250547.0, 31.44,2026-07-09
ARMANFIN, EQ, 09-Jul-2026,1697.2,1701.2,1742.0,1701.2,1725.0,1725.0,1730.52,17434,301.7,1793,8647.0, 49.60,2026-07-09
ARMOUR, ST, 09-Jul-2026,19.5,18.6,19.2,18.55,19.2,19.2,18.73,8000,1.5,4,6000.0, 75.00,2026-07-09
AROGRANITE, EQ, 09-Jul-2026,25.32,25.4,25.85,24.8,25.0,25.08,25.21,6575,1.66,63,3682.0, 56.00,2026-07-09
ARROWGREEN, BE, 09-Jul-2026,680.0,675.0,699.8,665.0,696.0,688.5,685.09,21489,147.22,736,, -,2026-07-09
ARSHIYA, BZ, 09-Jul-2026,1.07,1.09,1.09,1.05,1.07,1.06,1.07,30421,0.32,47,, -,2026-07-09
ARSSBL, EQ, 09-Jul-2026,556.0,566.0,576.7,562.5,575.9,572.75,572.72,256593,1469.56,7380,117742.0, 45.89,2026-07-09
ARTEMISMED, EQ, 09-Jul-2026,263.5,263.4,269.05,263.4,267.95,268.0,267.83,189582,507.76,8880,144365.0, 76.15,2026-07-09
ARTNIRMAN, EQ, 09-Jul-2026,39.73,39.54,41.2,39.54,41.2,40.66,40.77,243,0.1,13,77.0, 31.69,2026-07-09
ARVEE, EQ, 09-Jul-2026,160.43,160.4,163.3,158.0,159.0,160.35,159.59,1161,1.85,50,792.0, 68.22,2026-07-09
ARVIND, EQ, 09-Jul-2026,525.5,525.0,542.85,522.05,538.4,533.1,534.35,808315,4319.26,37510,463359.0, 57.32,2026-07-09
ARVINDFASN, EQ, 09-Jul-2026,460.5,462.7,470.0,461.0,467.5,466.4,467.81,92375,432.14,8058,48638.0, 52.65,2026-07-09
ARVINDPORT, ST, 09-Jul-2026,28.5,29.0,29.0,29.0,29.0,29.0,29.0,3000,0.87,2,3000.0, 100.00,2026-07-09
ARVSMART, EQ, 09-Jul-2026,599.4,602.6,610.0,598.55,609.9,609.1,606.1,18800,113.95,1095,11553.0, 61.45,2026-07-09
ASAHIINDIA, EQ, 09-Jul-2026,876.45,878.95,897.5,876.05,894.5,891.55,890.8,76389,680.47,6710,40945.0, 53.60,2026-07-09
ASAHISONG, EQ, 09-Jul-2026,261.8,256.35,283.95,256.35,283.0,275.85,273.73,33421,91.48,1171,20273.0, 60.66,2026-07-09
ASAL, EQ, 09-Jul-2026,494.8,495.8,508.0,495.8,504.5,506.45,505.25,8792,44.42,794,4202.0, 47.79,2026-07-09
ASALCBR, EQ, 09-Jul-2026,819.5,819.5,845.9,816.5,818.0,819.55,826.48,34628,286.19,2319,20011.0, 57.79,2026-07-09
ASHALOG, SM, 09-Jul-2026,50.0,50.0,51.5,50.0,51.5,51.5,51.08,6000,3.07,6,5000.0, 83.33,2026-07-09
ASHAPURMIN, EQ, 09-Jul-2026,627.35,633.9,643.4,630.0,638.0,637.1,638.68,145202,927.37,5916,60054.0, 41.36,2026-07-09
ASHIANA, EQ, 09-Jul-2026,372.4,370.4,380.95,370.4,373.55,373.8,375.3,35782,134.29,1976,20161.0, 56.34,2026-07-09
ASHIKA, EQ, 09-Jul-2026,392.85,393.15,399.9,392.2,398.0,395.1,396.08,98315,389.4,933,16815.0, 17.10,2026-07-09
ASHIMASYN, EQ, 09-Jul-2026,15.21,15.0,15.57,14.8,14.83,14.91,14.97,77864,11.66,303,59308.0, 76.17,2026-07-09
ASHOKA, EQ, 09-Jul-2026,125.98,126.0,127.56,124.6,127.4,127.19,126.7,446229,565.36,4959,176016.0, 39.45,2026-07-09
ASHOKAMET, EQ, 09-Jul-2026,14.6,14.6,14.97,14.21,14.49,14.64,14.58,10441,1.52,112,7437.0, 71.23,2026-07-09
ASHOKLEY, EQ, 09-Jul-2026,156.22,157.1,158.85,155.01,155.25,155.19,156.35,17319661,27078.81,116388,8017925.0, 46.29,2026-07-09
ASHWINI, SM, 09-Jul-2026,183.0,183.0,185.0,178.0,178.0,178.0,182.23,20000,36.45,19,14000.0, 70.00,2026-07-09
ASIANENE, EQ, 09-Jul-2026,316.8,321.85,339.0,318.6,332.0,330.5,330.86,137673,455.51,4134,67682.0, 49.16,2026-07-09
ASIANHOTNR, EQ, 09-Jul-2026,322.9,316.6,331.95,316.05,318.1,319.45,323.18,12475,40.32,932,3536.0, 28.34,2026-07-09
ASIANPAINT, EQ, 09-Jul-2026,2665.9,2658.0,2722.8,2656.0,2677.2,2673.8,2693.29,918568,24739.67,58817,538739.0, 58.65,2026-07-09
ASIANTILES, EQ, 09-Jul-2026,48.66,48.9,49.99,47.35,47.8,47.89,48.3,3490761,1686.05,4652,2980557.0, 85.38,2026-07-09
ASKAUTOLTD, EQ, 09-Jul-2026,465.5,466.0,486.9,466.0,480.4,479.95,480.05,461890,2217.31,16948,204306.0, 44.23,2026-07-09
ASMS, BE, 09-Jul-2026,7.13,6.9,7.17,6.9,7.13,7.07,7.07,114936,8.13,334,, -,2026-07-09
ASPINWALL, EQ, 09-Jul-2026,250.42,248.15,248.15,240.2,243.1,243.1,244.56,2704,6.61,71,1911.0, 70.67,2026-07-09
ASPIRE, SM, 09-Jul-2026,13.75,13.3,13.3,13.1,13.3,13.3,13.27,12000,1.59,6,10000.0, 83.33,2026-07-09
ASTAR, EQ, 09-Jul-2026,629.0,631.5,631.5,611.0,611.0,622.35,623.01,91,0.57,13,90.0, 98.90,2026-07-09
ASTEC, EQ, 09-Jul-2026,670.15,677.2,690.5,670.45,687.0,686.65,680.77,19527,132.93,1306,8062.0, 41.29,2026-07-09
ASTERDM, EQ, 09-Jul-2026,779.6,780.95,817.95,779.0,808.0,807.15,805.73,1189058,9580.54,40374,619092.0, 52.07,2026-07-09
ASTRAL, EQ, 09-Jul-2026,1336.0,1336.0,1348.8,1311.6,1314.3,1317.1,1327.42,527329,6999.89,55878,255995.0, 48.55,2026-07-09
ASTRAMICRO, EQ, 09-Jul-2026,1809.3,1809.3,1846.0,1806.0,1835.0,1833.1,1833.94,362898,6655.34,19599,187873.0, 51.77,2026-07-09
ASTRAZEN, EQ, 09-Jul-2026,8141.0,8158.5,8229.0,8101.0,8118.0,8114.5,8147.73,2706,220.48,860,1691.0, 62.49,2026-07-09
ASTRON, BE, 09-Jul-2026,3.75,3.76,3.8,3.67,3.8,3.71,3.73,11865,0.44,59,, -,2026-07-09
ATALREAL, EQ, 09-Jul-2026,28.28,28.28,29.11,28.28,28.5,28.53,28.7,7043187,2021.47,4694,2815039.0, 39.97,2026-07-09
ATAM, EQ, 09-Jul-2026,70.37,70.7,70.7,68.0,68.0,68.36,68.71,8974,6.17,204,5518.0, 61.49,2026-07-09
ATCENERGY, ST, 09-Jul-2026,23.5,23.05,23.5,23.05,23.5,23.5,23.13,7200,1.67,6,7200.0, 100.00,2026-07-09
ATGL, EQ, 09-Jul-2026,698.65,705.0,712.7,698.1,703.0,700.65,702.82,1879567,13210.03,30602,228840.0, 12.18,2026-07-09
ATHERENERG, EQ, 09-Jul-2026,1200.0,1212.0,1242.9,1191.5,1219.4,1218.4,1220.95,5425587,66243.67,168990,1227499.0, 22.62,2026-07-09
ATL, EQ, 09-Jul-2026,23.12,23.15,24.31,23.15,23.53,23.78,23.75,132134,31.38,906,67576.0, 51.14,2026-07-09
ATLANTAA, EQ, 09-Jul-2026,38.64,38.64,39.39,38.63,38.7,38.71,38.87,12587,4.89,429,6303.0, 50.08,2026-07-09
ATLANTAELE, EQ, 09-Jul-2026,1652.7,1675.0,1689.6,1652.8,1654.0,1663.0,1671.18,59416,992.95,8990,34417.0, 57.93,2026-07-09
ATLASCYCLE, EQ, 09-Jul-2026,95.48,96.98,97.94,96.11,97.0,97.1,97.16,714,0.69,55,482.0, 67.51,2026-07-09
ATLPP, E1, 09-Jul-2026,8.59,9.45,9.45,8.77,8.77,8.77,9.32,164,0.02,8,159.0, 96.95,2026-07-09
ATMASTCO, ST, 09-Jul-2026,156.45,156.45,160.0,153.45,153.45,154.15,157.45,10400,16.37,20,9600.0, 92.31,2026-07-09
ATUL, EQ, 09-Jul-2026,6306.5,6309.5,6370.0,6159.5,6184.0,6183.0,6231.04,36782,2291.9,7776,20957.0, 56.98,2026-07-09
ATULAUTO, EQ, 09-Jul-2026,474.15,476.05,496.7,473.15,488.1,491.25,487.6,147908,721.19,6164,70752.0, 47.84,2026-07-09
AUBANK, EQ, 09-Jul-2026,1038.8,1038.8,1050.8,1035.1,1047.2,1047.4,1044.65,1090588,11392.82,31935,629134.0, 57.69,2026-07-09
AURIONPRO, EQ, 09-Jul-2026,817.5,820.9,848.0,820.9,847.0,835.25,838.09,69482,582.32,4547,34340.0, 49.42,2026-07-09
AUROIMPEX, SM, 09-Jul-2026,27.05,25.7,26.9,25.7,26.9,26.9,26.07,8000,2.09,5,4800.0, 60.00,2026-07-09
AUROPHARMA, EQ, 09-Jul-2026,1557.4,1555.0,1602.8,1550.1,1581.0,1587.4,1588.2,803529,12761.63,44839,317228.0, 39.48,2026-07-09
AURUM, EQ, 09-Jul-2026,217.89,219.95,226.79,219.03,219.6,220.7,223.1,102019,227.6,2146,59943.0, 58.76,2026-07-09
AUSL, SM, 09-Jul-2026,26.6,25.3,26.5,25.3,26.5,25.9,25.54,10000,2.55,5,8000.0, 80.00,2026-07-09
AUSOMENT, BE, 09-Jul-2026,116.88,116.88,120.0,114.87,119.42,119.16,119.12,1427,1.7,35,, -,2026-07-09
AUTOAXLES, EQ, 09-Jul-2026,1750.5,1752.0,1779.2,1752.0,1763.1,1761.1,1767.17,6223,109.97,722,4893.0, 78.63,2026-07-09
AUTOBEES, EQ, 09-Jul-2026,275.56,275.57,278.33,274.6,276.05,275.26,276.17,134501,371.46,2156,65721.0, 48.86,2026-07-09
AUTOIETF, EQ, 09-Jul-2026,27.6,27.61,27.87,27.5,27.58,27.56,27.64,403815,111.62,1515,231074.0, 57.22,2026-07-09
AUTOIND, BE, 09-Jul-2026,92.03,91.0,96.3,90.11,95.49,94.53,94.9,250783,237.99,1360,, -,2026-07-09
AVADHSUGAR, BE, 09-Jul-2026,500.4,500.4,525.0,500.4,519.0,519.1,519.85,22324,116.05,254,, -,2026-07-09
AVALON, EQ, 09-Jul-2026,1631.2,1651.9,1783.5,1651.2,1728.0,1728.6,1741.68,879954,15325.95,58211,329257.0, 37.42,2026-07-09
AVANTEL, EQ, 09-Jul-2026,182.2,183.04,186.99,178.73,179.99,179.81,183.78,3220939,5919.29,25526,1319472.0, 40.97,2026-07-09
AVANTIFEED, EQ, 09-Jul-2026,910.6,915.15,936.85,912.45,923.3,919.25,924.81,334387,3092.46,14939,146720.0, 43.88,2026-07-09
AVG, BE, 09-Jul-2026,204.91,204.9,214.5,201.5,210.9,209.19,210.16,20508,43.1,236,, -,2026-07-09
AVIANSH, SM, 09-Jul-2026,106.5,107.0,107.0,104.0,105.25,105.25,105.04,7000,7.35,7,5000.0, 71.43,2026-07-09
AVIENCE, ST, 09-Jul-2026,276.7,278.0,290.5,278.0,290.5,290.5,286.53,37800,108.31,55,34200.0, 90.48,2026-07-09
AVL, EQ, 09-Jul-2026,642.4,642.0,642.35,619.55,636.95,632.25,627.29,440780,2764.96,31404,268729.0, 60.97,2026-07-09
AVONMORE, EQ, 09-Jul-2026,10.06,9.95,10.13,9.95,10.0,10.0,10.02,80340,8.05,177,72351.0, 90.06,2026-07-09
AVPINFRA, SM, 09-Jul-2026,61.4,60.25,63.8,60.25,63.6,63.4,62.28,32000,19.93,34,16000.0, 50.00,2026-07-09
AVROIND, EQ, 09-Jul-2026,9.99,10.09,10.1,9.76,9.95,9.95,9.9,375229,37.15,1226,257471.0, 68.62,2026-07-09
AVTNPL, EQ, 09-Jul-2026,69.44,69.44,70.9,68.31,69.1,69.4,69.14,62872,43.47,725,40871.0, 65.01,2026-07-09
AWFIS, EQ, 09-Jul-2026,298.2,299.95,311.0,298.9,304.0,305.85,305.61,219297,670.19,5304,88479.0, 40.35,2026-07-09
AWHCL, EQ, 09-Jul-2026,451.15,444.4,457.85,427.0,454.0,455.0,445.98,187781,837.47,7380,56267.0, 29.96,2026-07-09
AWL, EQ, 09-Jul-2026,181.44,182.1,186.9,181.05,185.99,185.68,184.91,1651684,3054.18,21507,781827.0, 47.34,2026-07-09
AXISBANK, EQ, 09-Jul-2026,1309.5,1312.9,1321.6,1292.2,1301.9,1297.6,1305.52,5609851,73237.98,142118,3107538.0, 55.39,2026-07-09
AXISCADES, EQ, 09-Jul-2026,1536.5,1531.0,1613.3,1525.0,1605.0,1605.9,1577.33,248875,3925.59,14282,144404.0, 58.02,2026-07-09
AXITA, EQ, 09-Jul-2026,7.41,7.53,7.55,7.47,7.53,7.49,7.5,160931,12.07,618,130250.0, 80.94,2026-07-09
AYE, EQ, 09-Jul-2026,162.5,164.1,169.4,163.81,167.5,167.76,167.18,430560,719.8,6257,194178.0, 45.10,2026-07-09
AYMSYNTEX, EQ, 09-Jul-2026,235.9,237.1,242.0,229.1,231.7,231.23,234.46,78379,183.76,4738,33920.0, 43.28,2026-07-09
AZAD, EQ, 09-Jul-2026,2229.4,2240.0,2491.5,2240.0,2478.0,2476.1,2413.81,2468476,59584.26,154855,717370.0, 29.06,2026-07-09
BAFNAPH, BE, 09-Jul-2026,204.05,204.05,204.05,200.3,200.6,200.6,202.78,4347,8.81,52,, -,2026-07-09
BAGFILMS, EQ, 09-Jul-2026,4.43,4.54,4.55,4.41,4.49,4.42,4.45,80374,3.58,146,77612.0, 96.56,2026-07-09
BAGMANE, RR, 09-Jul-2026,103.4,103.25,103.6,103.13,103.24,103.29,103.34,539560,557.57,3433,482080.0, 89.35,2026-07-09
BAHETI, SM, 09-Jul-2026,715.2,719.5,721.9,712.0,716.9,714.4,716.64,13125,94.06,27,6375.0, 48.57,2026-07-09
BAIDFIN, EQ, 09-Jul-2026,10.18,10.11,10.82,10.02,10.26,10.21,10.25,95354,9.77,547,64597.0, 67.74,2026-07-09
BAJAJ-AUTO, EQ, 09-Jul-2026,10164.0,10176.0,10260.0,10112.0,10174.5,10155.0,10174.34,191190,19452.32,27501,94944.0, 49.66,2026-07-09
BAJAJCON, EQ, 09-Jul-2026,613.9,615.0,648.7,615.0,647.0,643.55,636.95,934778,5954.05,24645,437599.0, 46.81,2026-07-09
BAJAJELEC, EQ, 09-Jul-2026,320.95,321.0,330.9,320.95,326.95,326.75,325.9,94854,309.13,3899,30610.0, 32.27,2026-07-09
BAJAJFINSV, EQ, 09-Jul-2026,1854.9,1856.0,1911.9,1850.0,1899.0,1895.0,1885.08,2049967,38643.52,79059,1342456.0, 65.49,2026-07-09
BAJAJHCARE, EQ, 09-Jul-2026,335.15,333.2,361.95,332.6,351.9,350.1,352.34,535560,1887.01,16774,212869.0, 39.75,2026-07-09
BAJAJHFL, EQ, 09-Jul-2026,85.99,85.95,88.1,85.85,87.5,87.59,87.4,3883082,3393.62,26967,1906509.0, 49.10,2026-07-09
BAJAJHIND, EQ, 09-Jul-2026,17.27,17.27,17.63,17.2,17.22,17.24,17.4,4468412,777.63,7082,1993327.0, 44.61,2026-07-09
BAJAJHLDNG, EQ, 09-Jul-2026,10336.0,10392.0,10611.0,10388.0,10600.0,10581.0,10570.2,48069,5080.99,10590,21901.0, 45.56,2026-07-09
BAJAJINDEF, EQ, 09-Jul-2026,239.5,240.5,245.15,240.5,242.5,242.65,243.0,4982,12.11,282,2891.0, 58.03,2026-07-09
BAJAJST, EQ, 09-Jul-2026,394.8,400.7,422.0,391.9,392.85,396.9,400.08,14781,59.14,767,7726.0, 52.27,2026-07-09
BAJEL, EQ, 09-Jul-2026,186.48,188.0,190.0,184.5,185.65,185.68,186.72,185314,346.02,2974,90747.0, 48.97,2026-07-09
BAJFINANCE, EQ, 09-Jul-2026,1010.4,1000.0,1013.5,994.1,1002.9,1003.8,1004.01,11712515,117594.41,169265,7845943.0, 66.99,2026-07-09
BALAJEE, EQ, 09-Jul-2026,28.48,29.45,29.45,28.13,28.75,28.64,28.52,17080,4.87,140,10120.0, 59.25,2026-07-09
BALAJIPHOS, SM, 09-Jul-2026,91.0,91.0,92.5,90.0,92.5,92.5,90.09,75000,67.57,25,74000.0, 98.67,2026-07-09
BALAJITELE, EQ, 09-Jul-2026,90.04,90.17,93.0,89.77,91.6,91.21,91.31,78848,72.0,1516,46383.0, 58.83,2026-07-09
BALAMINES, EQ, 09-Jul-2026,2196.7,2210.0,2390.0,2210.0,2348.0,2364.0,2330.96,1043837,24331.45,69458,183375.0, 17.57,2026-07-09
BALAXI, BE, 09-Jul-2026,24.0,24.2,24.2,23.31,24.15,24.02,23.96,15903,3.81,97,, -,2026-07-09
BALKRISHNA, EQ, 09-Jul-2026,18.55,18.55,18.66,18.06,18.48,18.47,18.2,3486,0.63,59,2943.0, 84.42,2026-07-09
BALKRISIND, EQ, 09-Jul-2026,2167.3,2184.9,2218.3,2152.3,2205.0,2201.8,2198.91,246999,5431.29,17187,188095.0, 76.15,2026-07-09
BALMLAWRIE, EQ, 09-Jul-2026,174.7,175.6,177.25,174.91,176.3,176.61,176.53,54612,96.41,1473,33496.0, 61.33,2026-07-09
BALPHARMA, EQ, 09-Jul-2026,77.16,77.0,78.94,76.99,77.5,77.85,78.08,7240,5.65,159,6025.0, 83.22,2026-07-09
BALRAMCHIN, EQ, 09-Jul-2026,560.85,558.85,579.6,558.8,568.5,567.45,572.17,329696,1886.42,12326,135619.0, 41.13,2026-07-09
BALUFORGE, EQ, 09-Jul-2026,439.8,442.5,455.6,440.1,450.0,452.1,449.8,408323,1836.63,10441,230029.0, 56.34,2026-07-09
BANARBEADS, EQ, 09-Jul-2026,116.82,118.02,124.0,112.55,114.0,114.15,118.0,112427,132.67,1813,33137.0, 29.47,2026-07-09
BANARISUG, EQ, 09-Jul-2026,3476.0,3492.7,3500.0,3475.0,3500.0,3478.7,3481.04,131,4.56,42,100.0, 76.34,2026-07-09
BANCOINDIA, EQ, 09-Jul-2026,659.6,663.75,679.8,663.2,673.6,673.2,673.9,102943,693.73,6689,45034.0, 43.75,2026-07-09
BANDHANBNK, EQ, 09-Jul-2026,196.04,197.0,201.0,197.0,200.0,199.86,199.73,4750464,9487.87,36407,2222984.0, 46.80,2026-07-09
BANG, EQ, 09-Jul-2026,28.48,29.0,30.0,28.11,28.95,28.55,29.17,51630,15.06,694,29980.0, 58.07,2026-07-09
BANK10ADD, EQ, 09-Jul-2026,17.13,17.25,17.29,17.19,17.26,17.23,17.25,81499,14.06,65,76094.0, 93.37,2026-07-09
BANKA, BE, 09-Jul-2026,91.35,91.35,94.0,91.35,93.9,93.9,92.17,1537,1.42,18,, -,2026-07-09
BANKADD, EQ, 09-Jul-2026,58.18,58.47,58.84,58.44,58.7,58.53,58.6,9038,5.3,87,3392.0, 37.53,2026-07-09
BANKBARODA, EQ, 09-Jul-2026,240.45,240.65,246.2,240.15,244.5,244.6,243.93,10797792,26338.8,105726,5583642.0, 51.71,2026-07-09
BANKBEES, EQ, 09-Jul-2026,587.67,589.94,594.89,587.76,593.0,592.56,592.65,970313,5750.52,8429,550038.0, 56.69,2026-07-09
BANKBETA, EQ, 09-Jul-2026,59.45,57.96,59.69,57.96,59.16,59.04,59.08,3010345,1778.56,1687,2597734.0, 86.29,2026-07-09
BANKBETF, EQ, 09-Jul-2026,58.72,59.2,59.2,57.82,58.18,58.2,58.14,14172,8.24,304,11378.0, 80.29,2026-07-09
BANKETF, EQ, 09-Jul-2026,577.9,581.34,585.67,581.34,584.45,583.68,584.13,14982,87.51,290,12942.0, 86.38,2026-07-09
BANKIETF, EQ, 09-Jul-2026,58.36,56.9,59.0,56.9,58.72,58.72,58.68,4896954,2873.75,2423,4622635.0, 94.40,2026-07-09
BANKINDIA, EQ, 09-Jul-2026,135.12,135.6,139.23,135.44,139.0,138.53,137.55,8302820,11420.54,47119,3096464.0, 37.29,2026-07-09
BANKNIFTY1, EQ, 09-Jul-2026,58.99,59.09,59.67,59.09,59.33,59.27,59.27,2795581,1657.01,796,2674314.0, 95.66,2026-07-09
BANKPSU, EQ, 09-Jul-2026,81.48,82.17,83.14,82.11,82.78,82.94,82.53,10356,8.55,77,8717.0, 84.17,2026-07-09
BANSALWIRE, EQ, 09-Jul-2026,330.2,330.0,340.0,326.0,327.05,327.1,331.65,246052,816.02,7073,120841.0, 49.11,2026-07-09
BANSWRAS, EQ, 09-Jul-2026,121.69,122.72,126.74,119.52,122.9,120.77,122.16,77997,95.28,1489,45233.0, 57.99,2026-07-09
BARFLEX, SM, 09-Jul-2026,55.0,55.0,55.2,54.95,55.2,55.2,55.04,8000,4.4,4,8000.0, 100.00,2026-07-09
BASF, EQ, 09-Jul-2026,3456.8,3469.9,3515.0,3458.0,3474.9,3477.3,3487.29,8462,295.09,2625,4254.0, 50.27,2026-07-09
BASILIC, SM, 09-Jul-2026,201.7,202.15,203.5,201.0,202.0,201.6,201.97,21900,44.23,37,19800.0, 90.41,2026-07-09
BASML, BE, 09-Jul-2026,25.54,25.75,25.98,25.25,25.25,25.44,25.54,28712,7.33,98,, -,2026-07-09
BATAINDIA, EQ, 09-Jul-2026,669.0,673.2,682.55,670.15,672.5,672.3,676.26,71284,482.06,6303,33588.0, 47.12,2026-07-09
BATLIBOI, EQ, 09-Jul-2026,82.28,82.0,83.75,81.87,82.55,82.56,82.72,33011,27.31,373,29694.0, 89.95,2026-07-09
BAWEJA, ST, 09-Jul-2026,28.0,27.25,29.4,27.25,29.0,28.95,28.41,8000,2.27,10,6400.0, 80.00,2026-07-09
BAYERCROP, EQ, 09-Jul-2026,4163.5,4169.1,4178.4,4112.0,4124.8,4120.2,4130.32,33853,1398.24,5766,19000.0, 56.13,2026-07-09
BBETF0432, EQ, 09-Jul-2026,1352.45,1351.95,1356.0,1349.6,1356.0,1356.0,1354.42,1190,16.12,55,988.0, 83.03,2026-07-09
BBL, EQ, 09-Jul-2026,2641.4,2652.0,2669.9,2635.1,2645.5,2649.2,2655.69,14559,386.64,2857,6659.0, 45.74,2026-07-09
BBNPNBETF, EQ, 09-Jul-2026,57.25,56.11,58.0,56.11,57.59,57.59,57.36,507,0.29,22,369.0, 72.78,2026-07-09
BBNPPGOLD, EQ, 09-Jul-2026,137.2,134.2,140.05,134.2,139.0,138.8,137.8,532,0.73,48,273.0, 51.32,2026-07-09
BBOX, EQ, 09-Jul-2026,931.7,939.65,959.0,928.1,931.95,934.25,945.36,199482,1885.83,11069,92462.0, 46.35,2026-07-09
BBTC, EQ, 09-Jul-2026,1498.1,1500.4,1530.4,1488.0,1507.1,1513.4,1510.95,50443,762.17,5190,20283.0, 40.21,2026-07-09
BBTCL, EQ, 09-Jul-2026,210.94,210.89,219.0,210.89,219.0,216.95,215.38,2329,5.02,110,2086.0, 89.57,2026-07-09
BCG, EQ, 09-Jul-2026,9.48,9.48,9.68,9.4,9.43,9.42,9.5,3585829,340.71,4858,1828312.0, 50.99,2026-07-09
BCLIND, EQ, 09-Jul-2026,33.39,33.7,34.29,33.47,33.96,33.97,33.97,327490,111.25,1610,150081.0, 45.83,2026-07-09
BCONCEPTS, EQ, 09-Jul-2026,206.28,214.99,220.0,207.26,214.0,211.34,211.63,14192,30.03,871,6701.0, 47.22,2026-07-09
BCPL, EQ, 09-Jul-2026,70.69,71.64,72.75,71.0,71.32,71.67,71.63,8725,6.25,267,5541.0, 63.51,2026-07-09
BDL, EQ, 09-Jul-2026,1337.4,1337.8,1349.6,1321.0,1325.3,1326.3,1337.31,784726,10494.21,32084,226173.0, 28.82,2026-07-09
BEACON, ST, 09-Jul-2026,90.1,92.85,93.0,92.85,93.0,93.0,92.96,5000,4.65,5,5000.0, 100.00,2026-07-09
BEARDSELL, EQ, 09-Jul-2026,27.54,28.5,28.69,27.36,28.3,27.84,27.92,6363,1.78,112,2987.0, 46.94,2026-07-09
BECTORFOOD, EQ, 09-Jul-2026,167.16,169.01,173.88,167.05,171.2,171.08,171.42,882005,1511.93,25295,454907.0, 51.58,2026-07-09
BEDMUTHA, EQ, 09-Jul-2026,108.89,108.0,109.5,106.4,107.1,107.12,107.97,5944,6.42,44,5892.0, 99.13,2026-07-09
BEEKAY, EQ, 09-Jul-2026,395.75,392.5,404.0,386.15,404.0,400.4,396.27,407,1.61,132,184.0, 45.21,2026-07-09
BEL, EQ, 09-Jul-2026,407.6,409.15,411.0,404.05,407.05,406.2,407.4,10893635,44380.18,144845,5138761.0, 47.17,2026-07-09
BELLACASA, EQ, 09-Jul-2026,254.4,255.7,258.5,248.05,248.05,250.05,252.8,2929,7.4,223,2042.0, 69.72,2026-07-09
BELRISE, EQ, 09-Jul-2026,225.74,227.43,232.85,226.53,228.43,228.84,230.12,4000218,9205.33,46102,1587354.0, 39.68,2026-07-09
BEML, EQ, 09-Jul-2026,1776.2,1775.0,1826.7,1769.6,1826.0,1816.1,1809.24,226800,4103.36,13890,108918.0, 48.02,2026-07-09
BENGALASM, EQ, 09-Jul-2026,6297.5,6347.0,6347.0,6329.5,6330.0,6330.0,6330.59,28,1.77,5,26.0, 92.86,2026-07-09
BEPL, EQ, 09-Jul-2026,96.2,96.2,103.0,96.2,102.7,101.25,100.26,813854,815.94,6303,481015.0, 59.10,2026-07-09
BERGEPAINT, EQ, 09-Jul-2026,498.1,498.0,502.7,486.0,497.6,497.0,495.93,334608,1659.42,16167,145839.0, 43.59,2026-07-09
BESTAGRO, EQ, 09-Jul-2026,15.14,15.16,15.47,15.09,15.37,15.21,15.25,277682,42.35,1115,124108.0, 44.69,2026-07-09
BETA, EQ, 09-Jul-2026,1998.0,2008.5,2239.4,2008.5,2192.0,2190.3,2186.85,88056,1925.65,11378,29591.0, 33.60,2026-07-09
BEWLTD, SM, 09-Jul-2026,61.7,62.5,62.5,60.5,60.5,60.75,61.66,9000,5.55,17,8000.0, 88.89,2026-07-09
BFINVEST, EQ, 09-Jul-2026,434.65,440.85,450.5,437.8,445.5,444.8,445.98,28809,128.48,1153,19849.0, 68.90,2026-07-09
BFSI, EQ, 09-Jul-2026,27.33,27.41,27.63,27.4,27.57,27.53,27.49,298363,82.01,649,221069.0, 74.09,2026-07-09
BFUTILITIE, EQ, 09-Jul-2026,545.4,548.0,566.6,546.55,560.1,559.25,557.15,30651,170.77,1813,12657.0, 41.29,2026-07-09
BGRENERGY, BE, 09-Jul-2026,294.5,291.25,300.0,281.25,289.0,287.95,291.24,54806,159.62,605,, -,2026-07-09
BHADORA, ST, 09-Jul-2026,94.15,94.15,96.2,89.5,90.0,90.2,93.0,52800,49.1,44,51600.0, 97.73,2026-07-09
BHAGCHEM, EQ, 09-Jul-2026,291.1,292.0,305.0,290.95,302.5,301.25,299.25,315437,943.95,5361,182678.0, 57.91,2026-07-09
BHAGERIA, BE, 09-Jul-2026,204.04,204.0,211.85,200.0,203.0,203.65,206.08,15569,32.08,165,, -,2026-07-09
BHAGYANGR, BE, 09-Jul-2026,374.1,374.1,385.0,370.0,377.1,373.95,376.77,60137,226.58,966,, -,2026-07-09
BHANDARI, BE, 09-Jul-2026,2.94,2.94,2.98,2.9,2.94,2.92,2.94,93620,2.75,165,, -,2026-07-09
BHARATCOAL, EQ, 09-Jul-2026,36.7,36.93,37.61,36.88,37.5,37.25,37.27,10371084,3865.81,17605,3814651.0, 36.78,2026-07-09
BHARATFORG, EQ, 09-Jul-2026,2100.5,2102.0,2140.2,2085.4,2139.0,2130.6,2119.27,585560,12409.61,28369,282553.0, 48.25,2026-07-09
BHARATGEAR, BE, 09-Jul-2026,119.98,119.5,122.9,119.5,121.0,120.91,121.81,14833,18.07,204,, -,2026-07-09
BHARATRAS, EQ, 09-Jul-2026,1309.6,1309.6,1333.0,1309.6,1315.0,1317.1,1321.38,3590,47.44,630,2173.0, 60.53,2026-07-09
BHARATSE, EQ, 09-Jul-2026,229.69,229.0,259.0,229.0,246.5,245.09,249.99,3244784,8111.69,46847,523811.0, 16.14,2026-07-09
BHARATWIRE, EQ, 09-Jul-2026,208.14,210.99,219.0,208.02,215.74,215.62,214.6,232391,498.72,4136,88836.0, 38.23,2026-07-09
BHARTIARTL, EQ, 09-Jul-2026,1888.1,1902.0,1966.0,1898.8,1935.1,1931.1,1939.14,11145066,216118.58,359446,5987566.0, 53.72,2026-07-09
BHARTIHEXA, EQ, 09-Jul-2026,1519.9,1526.0,1605.8,1500.4,1570.0,1571.5,1576.97,433137,6830.43,50043,187089.0, 43.19,2026-07-09
BHEL, EQ, 09-Jul-2026,377.8,380.0,387.0,379.3,382.45,381.6,384.07,9102802,34961.04,88141,4550180.0, 49.99,2026-07-09
BI, EQ, 09-Jul-2026,62.25,62.75,67.68,62.75,65.88,64.61,65.09,19162,12.47,283,15137.0, 78.99,2026-07-09
BIGBLOC, EQ, 09-Jul-2026,46.83,46.52,47.99,46.52,47.0,47.08,47.33,32158,15.22,565,18410.0, 57.25,2026-07-09
BIKAJI, EQ, 09-Jul-2026,643.95,643.95,648.8,638.15,641.25,642.15,643.8,64366,414.39,5539,32350.0, 50.26,2026-07-09
BIKEWO, ST, 09-Jul-2026,50.45,52.95,52.95,47.95,48.0,48.45,49.6,260000,128.96,111,248000.0, 95.38,2026-07-09
BIL, EQ, 09-Jul-2026,722.05,718.45,742.05,712.15,739.9,725.9,723.58,2314,16.74,168,1763.0, 76.19,2026-07-09
BILVYAPAR, BE, 09-Jul-2026,4.18,4.38,4.38,4.12,4.15,4.34,4.33,6808,0.29,50,, -,2026-07-09
BIMETAL, EQ, 09-Jul-2026,664.45,667.9,690.0,645.0,679.55,673.8,671.41,2301,15.45,131,988.0, 42.94,2026-07-09
BIOCON, EQ, 09-Jul-2026,397.05,399.8,409.6,394.85,406.45,403.55,402.65,5590149,22508.64,69919,2420568.0, 43.30,2026-07-09
BIOFILCHEM, EQ, 09-Jul-2026,33.18,33.19,34.89,33.19,34.6,34.07,34.29,16398,5.62,164,10764.0, 65.64,2026-07-09
BIOPOL, SM, 09-Jul-2026,85.05,88.8,92.0,84.15,88.1,90.6,88.0,36000,31.68,27,24000.0, 66.67,2026-07-09
BIRDYS, ST, 09-Jul-2026,91.25,90.0,91.0,90.0,91.0,91.0,90.68,44400,40.26,23,44400.0, 100.00,2026-07-09
BIRET, RR, 09-Jul-2026,337.47,338.39,339.89,335.66,336.7,336.6,337.33,90377,304.87,5853,64446.0, 71.31,2026-07-09
BIRLACABLE, BE, 09-Jul-2026,177.87,178.0,186.76,178.0,186.76,186.76,185.24,29196,54.08,357,, -,2026-07-09
BIRLACORPN, EQ, 09-Jul-2026,936.4,932.7,953.45,932.3,939.25,940.7,942.03,118278,1114.22,6311,68170.0, 57.64,2026-07-09
BIRLAMONEY, EQ, 09-Jul-2026,138.83,142.0,143.9,138.83,143.6,143.07,142.58,55894,79.69,1717,30420.0, 54.42,2026-07-09
BIRLANU, EQ, 09-Jul-2026,1336.5,1336.8,1363.8,1307.0,1338.8,1331.7,1324.73,13617,180.39,1156,8570.0, 62.94,2026-07-09
BIRLAPREC, EQ, 09-Jul-2026,36.36,36.54,37.47,35.0,36.39,36.0,36.32,23789,8.64,329,16892.0, 71.01,2026-07-09
BLACKBUCK, EQ, 09-Jul-2026,559.25,559.65,571.0,554.3,561.05,561.55,563.34,147330,829.97,9894,61504.0, 41.75,2026-07-09
BLACKROSE, BE, 09-Jul-2026,109.01,109.01,111.4,106.0,109.9,107.57,108.66,10717,11.64,164,, -,2026-07-09
BLAL, EQ, 09-Jul-2026,181.72,182.15,185.59,182.0,182.0,183.35,183.81,13094,24.07,314,8412.0, 64.24,2026-07-09
BLBLIMITED, EQ, 09-Jul-2026,15.92,15.99,16.47,15.51,16.14,16.04,16.07,69800,11.21,795,33373.0, 47.81,2026-07-09
BLIL, EQ, 09-Jul-2026,70.33,70.98,70.98,70.22,70.65,70.61,70.61,16813,11.87,435,12590.0, 74.88,2026-07-09
BLISSGVS, BE, 09-Jul-2026,512.95,512.25,527.0,505.0,526.9,524.15,519.85,472804,2457.88,26284,, -,2026-07-09
BLKASHYAP, EQ, 09-Jul-2026,52.98,53.32,53.68,52.12,52.6,52.73,52.82,438026,231.35,2123,268685.0, 61.34,2026-07-09
BLS, EQ, 09-Jul-2026,242.7,244.0,245.3,231.75,233.5,234.6,237.23,9439900,22394.33,90174,5486785.0, 58.12,2026-07-09
BLSE, EQ, 09-Jul-2026,261.4,262.95,267.8,258.26,259.52,261.35,263.31,303611,799.45,6646,105273.0, 34.67,2026-07-09
BLUECOAST, BE, 09-Jul-2026,28.95,29.89,29.89,27.53,27.53,27.53,29.38,6094,1.79,21,, -,2026-07-09
BLUEDART, EQ, 09-Jul-2026,4789.4,4793.0,4892.9,4793.0,4859.7,4846.8,4847.47,3857,186.97,1189,1607.0, 41.66,2026-07-09
BLUEJET, EQ, 09-Jul-2026,562.7,568.0,587.0,564.2,575.75,574.5,579.38,546528,3166.49,14233,260993.0, 47.75,2026-07-09
BLUEPEBBLE, SM, 09-Jul-2026,74.9,74.95,75.0,74.5,74.95,74.95,74.96,6400,4.8,9,6400.0, 100.00,2026-07-09
BLUESTARCO, EQ, 09-Jul-2026,1574.8,1588.0,1620.9,1584.0,1616.0,1615.6,1609.9,254119,4091.06,24311,92056.0, 36.23,2026-07-09
BLUESTONE, EQ, 09-Jul-2026,566.2,566.65,581.4,565.0,569.0,571.75,574.68,182134,1046.68,10512,60368.0, 33.14,2026-07-09
BLUEWATER, ST, 09-Jul-2026,336.2,352.95,353.0,344.0,353.0,353.0,351.91,12000,42.23,12,12000.0, 100.00,2026-07-09
BLUSPRING, EQ, 09-Jul-2026,105.61,107.0,111.0,105.51,107.9,106.66,107.92,677253,730.87,8302,167314.0, 24.70,2026-07-09
BMETRICS, SM, 09-Jul-2026,35.0,38.0,38.0,35.5,35.5,36.0,36.67,2400,0.88,3,2400.0, 100.00,2026-07-09
BMLL, SM, 09-Jul-2026,120.2,122.2,140.5,120.55,128.5,129.65,131.08,204000,267.4,87,143000.0, 70.10,2026-07-09
BMWVENTLTD, EQ, 09-Jul-2026,58.07,59.49,59.49,58.0,58.5,58.5,58.43,58324,34.08,885,25499.0, 43.72,2026-07-09
BNAGROCHEM, BE, 09-Jul-2026,285.0,285.0,285.0,282.0,282.0,282.0,283.03,1537,4.35,12,, -,2026-07-09
BNALTD, EQ, 09-Jul-2026,372.5,374.5,376.25,369.0,370.0,370.0,370.1,264,0.98,9,253.0, 95.83,2026-07-09
BNKETFAXIS, EQ, 09-Jul-2026,586.32,591.1,592.8,588.92,591.81,591.09,590.37,5182,30.59,38,5146.0, 99.31,2026-07-09
BODALCHEM, BE, 09-Jul-2026,60.37,60.9,62.35,58.22,59.5,59.5,60.05,163258,98.04,889,, -,2026-07-09
BOHRAIND, EQ, 09-Jul-2026,14.25,14.25,14.7,13.54,13.68,14.2,13.97,15457,2.16,80,9904.0, 64.07,2026-07-09
BOMDYEING, EQ, 09-Jul-2026,123.91,124.1,127.4,124.1,125.76,126.08,126.1,374107,471.74,4766,154502.0, 41.30,2026-07-09
BONLON, EQ, 09-Jul-2026,42.57,42.5,42.98,41.51,42.25,42.1,42.23,3533,1.49,120,3272.0, 92.61,2026-07-09
BORANA, EQ, 09-Jul-2026,299.15,300.7,308.9,300.7,306.9,305.1,305.14,17772,54.23,468,12680.0, 71.35,2026-07-09
BOROLTD, EQ, 09-Jul-2026,227.31,228.44,235.0,228.1,230.1,230.88,231.1,71208,164.56,2196,34287.0, 48.15,2026-07-09
BORORENEW, EQ, 09-Jul-2026,594.6,602.0,659.5,598.6,653.8,651.65,646.34,5819739,37615.41,125504,1135275.0, 19.51,2026-07-09
BOROSCI, EQ, 09-Jul-2026,155.84,156.7,161.57,155.23,158.2,158.31,158.76,86550,137.41,1783,39562.0, 45.71,2026-07-09
BOSCH-HCIL, EQ, 09-Jul-2026,1339.4,1340.0,1369.0,1340.0,1348.9,1347.8,1354.06,28335,383.67,1903,16677.0, 58.86,2026-07-09
BOSCHLTD, EQ, 09-Jul-2026,41610.0,41610.0,42320.0,41610.0,42170.0,42225.0,42010.32,25168,10573.16,9652,13415.0, 53.30,2026-07-09
BOSS, SM, 09-Jul-2026,35.1,33.4,33.4,33.35,33.35,33.35,33.38,4000,1.34,2,4000.0, 100.00,2026-07-09
BPCL, EQ, 09-Jul-2026,303.55,303.55,309.1,299.75,308.8,308.2,306.64,5543009,16997.26,55564,2545631.0, 45.93,2026-07-09
BPL, EQ, 09-Jul-2026,53.34,54.1,64.0,53.7,58.72,58.84,61.04,935759,571.16,6133,255389.0, 27.29,2026-07-09
BRACEPORT, SM, 09-Jul-2026,56.0,56.65,56.7,56.65,56.65,56.65,56.68,6400,3.63,4,6400.0, 100.00,2026-07-09
BRANDMAN, ST, 09-Jul-2026,192.55,182.95,192.4,182.95,192.4,192.4,185.76,16800,31.21,18,14400.0, 85.71,2026-07-09
BRIGADE, EQ, 09-Jul-2026,502.75,502.75,537.15,500.0,534.9,534.0,522.0,2343245,12231.83,56379,1089782.0, 46.51,2026-07-09
BRIGHOTEL, EQ, 09-Jul-2026,62.84,63.49,64.1,63.0,64.1,63.54,63.52,78005,49.55,1399,59928.0, 76.83,2026-07-09
BRITANNIA, EQ, 09-Jul-2026,5315.5,5326.0,5388.5,5326.0,5348.5,5361.5,5366.31,174108,9343.17,24046,99513.0, 57.16,2026-07-09
BRNL, EQ, 09-Jul-2026,17.95,18.12,18.54,17.5,18.4,18.24,18.14,21495,3.9,229,17860.0, 83.09,2026-07-09
BROOKS, BE, 09-Jul-2026,69.61,68.95,72.25,66.8,70.95,70.51,68.65,28858,19.81,216,, -,2026-07-09
BSE, EQ, 09-Jul-2026,3739.1,3762.0,3852.0,3760.6,3811.8,3805.7,3801.6,2319842,88191.0,112956,642996.0, 27.72,2026-07-09
BSE500IETF, EQ, 09-Jul-2026,38.63,38.62,39.53,38.62,39.01,38.96,38.99,67368,26.27,1147,43538.0, 64.63,2026-07-09
BSHSL, BE, 09-Jul-2026,88.31,91.25,91.25,87.55,88.0,88.0,88.07,2860,2.52,70,, -,2026-07-09
BSL, EQ, 09-Jul-2026,126.85,127.5,129.8,126.21,126.62,127.0,127.74,1594,2.04,226,794.0, 49.81,2026-07-09
BSLGOLDETF, EQ, 09-Jul-2026,124.71,124.52,126.08,124.52,125.79,125.92,125.76,169539,213.22,2005,80687.0, 47.59,2026-07-09
BSLNIFTY, EQ, 09-Jul-2026,28.01,28.01,28.22,27.88,28.12,28.07,28.09,618129,173.66,3976,461633.0, 74.68,2026-07-09
BSLSENETFG, EQ, 09-Jul-2026,77.11,75.57,77.8,75.57,77.51,77.22,77.24,3757,2.9,130,2170.0, 57.76,2026-07-09
BSOFT, EQ, 09-Jul-2026,272.2,274.9,276.25,270.2,275.0,274.85,274.02,1756528,4813.23,32595,754537.0, 42.96,2026-07-09
BTML, EQ, 09-Jul-2026,6.01,5.99,6.1,5.52,6.0,6.0,5.97,130376,7.78,276,106101.0, 81.38,2026-07-09
BTTL, BE, 09-Jul-2026,52.26,53.31,54.87,52.5,54.87,54.87,54.65,46908,25.64,154,, -,2026-07-09
BUILDPRO, EQ, 09-Jul-2026,1057.1,1074.4,1230.0,1055.3,1199.9,1200.3,1193.1,654905,7813.69,36167,232374.0, 35.48,2026-07-09
BULKCORP, SM, 09-Jul-2026,53.0,52.05,55.0,52.05,55.0,55.0,53.53,2400,1.28,2,2400.0, 100.00,2026-07-09
BUTTERFLY, EQ, 09-Jul-2026,717.5,720.0,738.0,715.5,720.0,721.25,725.82,63225,458.9,3252,29755.0, 47.06,2026-07-09
BVCL, EQ, 09-Jul-2026,41.42,41.92,43.5,41.92,43.14,43.04,42.75,17810,7.61,162,9233.0, 51.84,2026-07-09
BYKE, BE, 09-Jul-2026,33.09,33.75,34.59,33.2,34.02,34.34,34.32,18248,6.26,95,, -,2026-07-09
C2C, SM, 09-Jul-2026,395.6,397.05,404.9,395.0,399.95,398.9,400.01,53550,214.2,290,34650.0, 64.71,2026-07-09
CALSOFT, BE, 09-Jul-2026,20.38,20.38,21.39,20.38,21.39,21.39,21.09,89073,18.79,220,, -,2026-07-09
CAMLINFINE, EQ, 09-Jul-2026,129.05,128.7,132.72,128.7,129.4,129.29,130.49,587742,766.94,6531,288104.0, 49.02,2026-07-09
CAMPUS, EQ, 09-Jul-2026,229.89,227.8,229.85,226.3,227.8,228.04,227.99,214061,488.03,9499,81416.0, 38.03,2026-07-09
CAMS, EQ, 09-Jul-2026,749.8,749.5,779.6,747.0,778.0,775.7,768.26,1310918,10071.29,63210,649097.0, 49.51,2026-07-09
CANARYS, SM, 09-Jul-2026,19.25,19.25,19.25,19.0,19.0,19.0,19.08,104000,19.84,26,72000.0, 69.23,2026-07-09
CANBK, EQ, 09-Jul-2026,121.15,121.77,125.3,121.5,125.2,124.8,123.69,25763230,31865.34,107923,13514634.0, 52.46,2026-07-09
CANFINHOME, EQ, 09-Jul-2026,892.3,892.9,920.8,892.9,913.05,916.1,906.53,258927,2347.25,14847,162210.0, 62.65,2026-07-09
CANHLIFE, EQ, 09-Jul-2026,141.89,141.95,143.46,140.5,141.4,141.34,141.36,436544,617.1,6048,244262.0, 55.95,2026-07-09
CANTABIL, EQ, 09-Jul-2026,251.84,253.0,256.29,251.46,253.6,252.71,253.39,36788,93.22,1732,19741.0, 53.66,2026-07-09
CAPACITE, EQ, 09-Jul-2026,234.7,236.85,241.4,233.1,236.0,234.8,236.75,372531,881.95,11240,191911.0, 51.52,2026-07-09
CAPILLARY, EQ, 09-Jul-2026,510.65,509.55,514.2,500.3,504.4,506.6,507.01,58055,294.34,3042,27522.0, 47.41,2026-07-09
CAPINVIT, IV, 09-Jul-2026,73.93,74.48,74.5,73.7,73.95,73.97,73.99,421196,311.65,5683,387865.0, 92.09,2026-07-09
CAPITALSFB, EQ, 09-Jul-2026,281.75,282.4,293.0,282.1,290.0,290.4,288.74,42029,121.35,1118,24662.0, 58.68,2026-07-09
CAPLIPOINT, EQ, 09-Jul-2026,2528.4,2553.6,2638.0,2550.0,2625.0,2621.4,2615.87,119270,3119.95,15216,55264.0, 46.34,2026-07-09
CAPTRUST, BE, 09-Jul-2026,12.54,12.8,13.0,12.6,12.99,12.9,12.83,11152,1.43,54,, -,2026-07-09
CARBORUNIV, EQ, 09-Jul-2026,1080.5,1082.6,1096.9,1072.1,1090.0,1089.8,1087.55,303053,3295.85,15929,221105.0, 72.96,2026-07-09
CARERATING, EQ, 09-Jul-2026,1610.1,1618.1,1648.1,1599.1,1644.3,1639.1,1627.04,19355,314.91,3430,10945.0, 56.55,2026-07-09
CARRARO, EQ, 09-Jul-2026,524.5,544.8,579.8,543.6,560.55,561.0,565.63,1185574,6705.92,41173,245099.0, 20.67,2026-07-09
CARTRADE, EQ, 09-Jul-2026,2775.9,2775.9,2823.6,2692.0,2759.0,2735.2,2749.71,435110,11964.25,28381,82248.0, 18.90,2026-07-09
CARYSIL, EQ, 09-Jul-2026,1098.5,1106.5,1194.0,1105.9,1181.0,1186.6,1169.45,130235,1523.03,8873,52196.0, 40.08,2026-07-09
CASHIETF, EQ, 09-Jul-2026,1069.84,1069.97,1069.99,1069.97,1069.99,1069.98,1069.97,524016,5606.83,147,429355.0, 81.94,2026-07-09
CASTROLIND, EQ, 09-Jul-2026,183.31,183.11,184.0,183.11,183.65,183.5,183.47,867574,1591.74,12738,627196.0, 72.29,2026-07-09
CBAZAAR, ST, 09-Jul-2026,6.2,5.95,6.2,5.95,6.15,6.15,6.06,48000,2.91,6,40000.0, 83.33,2026-07-09
CCAVENUE, EQ, 09-Jul-2026,16.23,16.2,17.28,16.19,17.22,17.12,16.87,26501639,4470.85,21088,14839699.0, 56.00,2026-07-09
CCCL, EQ, 09-Jul-2026,15.48,15.71,17.0,15.42,16.26,16.49,16.04,399995,64.16,1159,235088.0, 58.77,2026-07-09
CCHHL, EQ, 09-Jul-2026,12.6,12.75,12.99,12.53,12.89,12.82,12.81,9090,1.16,81,7018.0, 77.21,2026-07-09
CCL, EQ, 09-Jul-2026,1181.2,1182.0,1223.9,1182.0,1214.0,1209.2,1209.91,355163,4297.16,17905,242926.0, 68.40,2026-07-09
CDSL, EQ, 09-Jul-2026,1311.4,1316.0,1354.6,1316.0,1348.0,1346.5,1346.25,1462201,19684.9,46433,570817.0, 39.04,2026-07-09
CEATLTD, EQ, 09-Jul-2026,3858.6,3856.5,3948.7,3839.0,3912.0,3908.5,3915.57,96029,3760.08,14156,41179.0, 42.88,2026-07-09
CEDAAR, ST, 09-Jul-2026,21.0,20.05,20.05,19.95,19.95,19.95,19.99,7000,1.4,7,7000.0, 100.00,2026-07-09
CEIGALL, EQ, 09-Jul-2026,366.15,373.0,374.7,364.0,369.5,368.9,368.31,504691,1858.83,22596,275717.0, 54.63,2026-07-09
CEINSYS, EQ, 09-Jul-2026,903.0,912.9,916.95,899.05,911.0,907.8,906.57,39203,355.4,2555,20295.0, 51.77,2026-07-09
CELEBRITY, EQ, 09-Jul-2026,7.38,7.6,7.84,7.31,7.33,7.42,7.5,41380,3.1,147,30833.0, 74.51,2026-07-09
CELLECOR, ST, 09-Jul-2026,37.9,37.0,38.65,37.0,38.15,38.2,38.11,63000,24.01,20,51000.0, 80.95,2026-07-09
CELLO, EQ, 09-Jul-2026,358.0,359.85,362.95,356.5,358.95,358.5,359.54,231336,831.75,11489,126567.0, 54.71,2026-07-09
CELLPOINT, SM, 09-Jul-2026,14.25,14.75,15.85,14.55,15.85,15.05,15.05,3600,0.54,3,2400.0, 66.67,2026-07-09
CEMPRO, EQ, 09-Jul-2026,1490.0,1500.0,1564.5,1493.2,1557.0,1554.1,1536.37,559286,8592.72,24905,330128.0, 59.03,2026-07-09
CENTENKA, EQ, 09-Jul-2026,507.3,509.0,522.95,507.0,514.0,516.05,513.2,50142,257.33,2931,28698.0, 57.23,2026-07-09
CENTEXT, EQ, 09-Jul-2026,19.09,19.29,19.29,18.73,19.0,18.82,18.89,32315,6.11,405,18633.0, 57.66,2026-07-09
CENTRALBK, EQ, 09-Jul-2026,31.25,31.3,31.84,31.24,31.73,31.65,31.6,4035612,1275.28,13727,1585303.0, 39.28,2026-07-09
CENTRUM, EQ, 09-Jul-2026,24.1,24.8,24.8,24.09,24.5,24.36,24.44,157554,38.51,788,72819.0, 46.22,2026-07-09
CENTUM, EQ, 09-Jul-2026,3513.3,3555.0,3608.2,3500.0,3531.5,3557.9,3559.46,38028,1353.59,8132,18665.0, 49.08,2026-07-09
CENTURYPLY, EQ, 09-Jul-2026,770.25,770.25,778.15,765.55,770.1,773.6,774.36,19468,150.75,5240,11475.0, 58.94,2026-07-09
CERA, EQ, 09-Jul-2026,6323.5,6344.5,6391.0,6260.5,6339.5,6291.0,6327.45,3675,232.53,1659,1664.0, 45.28,2026-07-09
CEREBRAINT, BZ, 09-Jul-2026,3.05,3.18,3.2,3.0,3.2,3.19,3.15,121366,3.82,145,, -,2026-07-09
CESC, EQ, 09-Jul-2026,163.78,164.09,164.29,161.95,163.42,162.88,163.12,1065513,1738.12,21071,604735.0, 56.76,2026-07-09
CEWATER, EQ, 09-Jul-2026,308.3,309.05,323.1,309.05,322.1,319.5,316.74,84442,267.46,3584,27373.0, 32.42,2026-07-09
CGCL, EQ, 09-Jul-2026,237.06,239.4,256.1,239.0,255.6,252.64,249.68,9594936,23957.09,76728,3146154.0, 32.79,2026-07-09
CGPOWER, EQ, 09-Jul-2026,908.1,910.8,922.6,903.05,911.35,910.9,910.51,4205285,38289.62,84910,2240015.0, 53.27,2026-07-09
CGRAPHICS, SM, 09-Jul-2026,141.5,141.0,141.95,138.15,138.9,138.6,139.9,96000,134.3,77,73600.0, 76.67,2026-07-09
CHALET, EQ, 09-Jul-2026,799.9,803.85,822.95,797.25,821.1,819.05,817.47,72149,589.79,4810,48432.0, 67.13,2026-07-09
CHAMBLFERT, EQ, 09-Jul-2026,451.0,455.05,458.7,451.0,455.0,453.85,455.97,224044,1021.58,8588,97872.0, 43.68,2026-07-09
CHAMUNDA, SM, 09-Jul-2026,44.2,44.8,44.8,43.05,44.45,44.45,44.1,9000,3.97,3,6000.0, 66.67,2026-07-09
CHANDAN, SM, 09-Jul-2026,242.1,247.5,255.85,246.25,255.0,254.1,252.03,43200,108.88,52,28800.0, 66.67,2026-07-09
CHAVDA, SM, 09-Jul-2026,87.75,87.85,89.5,87.75,88.0,88.6,88.26,7000,6.18,5,6000.0, 85.71,2026-07-09
CHEMBOND, BE, 09-Jul-2026,183.78,180.0,183.82,176.2,178.95,179.83,178.46,1275,2.28,56,, -,2026-07-09
CHEMBONDCH, BE, 09-Jul-2026,237.1,237.1,237.5,226.25,230.0,231.56,232.63,9029,21.0,156,, -,2026-07-09
CHEMCON, BE, 09-Jul-2026,181.0,181.1,184.0,179.0,183.39,182.91,181.97,10515,19.13,196,, -,2026-07-09
CHEMFAB, BE, 09-Jul-2026,372.05,374.0,384.0,360.6,370.0,363.0,374.68,3892,14.58,61,, -,2026-07-09
CHEMICAL, EQ, 09-Jul-2026,29.12,29.7,29.7,29.17,29.46,29.41,29.39,281637,82.77,679,183931.0, 65.31,2026-07-09
CHEMPLASTS, EQ, 09-Jul-2026,198.07,198.0,204.01,197.65,200.0,198.51,200.67,254871,511.44,8343,110875.0, 43.50,2026-07-09
CHENNPETRO, EQ, 09-Jul-2026,1109.9,1124.0,1138.8,1108.2,1130.0,1121.7,1125.56,733602,8257.13,25243,155172.0, 21.15,2026-07-09
CHETANA, ST, 09-Jul-2026,45.35,44.0,46.5,44.0,46.5,46.5,45.25,3200,1.45,2,3200.0, 100.00,2026-07-09
CHEVIOT, EQ, 09-Jul-2026,1113.0,1105.0,1149.9,1105.0,1120.0,1123.9,1126.84,1922,21.66,167,1094.0, 56.92,2026-07-09
CHOICEGOLD, EQ, 09-Jul-2026,140.35,140.28,142.99,140.28,142.48,141.95,141.67,3723,5.27,132,1584.0, 42.55,2026-07-09
CHOICEIN, EQ, 09-Jul-2026,769.1,791.0,837.0,787.55,825.0,830.45,818.9,8696557,71216.09,109091,1631743.0, 18.76,2026-07-09
CHOLAFIN, EQ, 09-Jul-2026,1769.4,1767.0,1805.9,1755.3,1803.0,1791.9,1783.49,1291022,23025.27,56166,710655.0, 55.05,2026-07-09
CHOLAHLDNG, EQ, 09-Jul-2026,1663.1,1651.0,1663.0,1641.7,1649.9,1652.2,1654.88,51478,851.9,8838,29146.0, 56.62,2026-07-09
CIEINDIA, EQ, 09-Jul-2026,451.1,453.4,465.5,451.1,462.75,461.85,461.49,185736,857.15,10271,92024.0, 49.55,2026-07-09
CIFL, EQ, 09-Jul-2026,22.36,22.81,22.85,22.01,22.57,22.6,22.63,40373,9.14,154,27411.0, 67.89,2026-07-09
CINELINE, EQ, 09-Jul-2026,79.97,79.68,81.84,79.65,79.65,79.96,80.19,9400,7.54,153,6609.0, 70.31,2026-07-09
CINEVISTA, EQ, 09-Jul-2026,15.67,15.67,15.97,15.21,15.65,15.48,15.53,24575,3.82,229,13912.0, 56.61,2026-07-09
CIPLA, EQ, 09-Jul-2026,1431.8,1430.0,1454.8,1426.4,1443.6,1441.3,1444.69,947375,13686.62,67648,480050.0, 50.67,2026-07-09
CITIUSINVT, IV, 09-Jul-2026,107.01,107.01,107.79,107.01,107.3,107.31,107.39,46374,49.8,778,41012.0, 88.44,2026-07-09
CKKRETAIL, SM, 09-Jul-2026,138.9,140.0,140.0,140.0,140.0,140.0,140.0,800,1.12,1,800.0, 100.00,2026-07-09
CLASSICEIL, ST, 09-Jul-2026,52.0,50.6,54.5,49.4,50.0,52.55,50.53,72000,36.38,41,57600.0, 80.00,2026-07-09
CLAYCRAFT, SM, 09-Jul-2026,179.85,180.5,186.7,177.0,179.6,177.9,180.73,81000,146.39,115,63000.0, 77.78,2026-07-09
CLEAN, EQ, 09-Jul-2026,767.9,774.95,776.65,760.1,765.5,764.45,769.61,160740,1237.07,9435,82641.0, 51.41,2026-07-09
CLEANMAX, EQ, 09-Jul-2026,1254.8,1270.7,1340.8,1270.0,1330.0,1327.1,1315.04,278560,3663.19,18611,104404.0, 37.48,2026-07-09
CLEDUCATE, BE, 09-Jul-2026,57.05,57.49,58.19,57.49,58.19,58.19,57.77,16337,9.44,61,, -,2026-07-09
CLSEL, EQ, 09-Jul-2026,288.25,286.8,291.6,286.75,286.75,288.7,288.96,34280,99.06,1003,18444.0, 53.80,2026-07-09
CLSL, SM, 09-Jul-2026,48.0,48.0,48.0,48.0,48.0,48.0,48.0,2000,0.96,1,2000.0, 100.00,2026-07-09
CMNL, SM, 09-Jul-2026,102.2,100.0,100.0,98.05,99.0,99.0,98.89,6750,6.68,6,6000.0, 88.89,2026-07-09
CMPDI, EQ, 09-Jul-2026,259.31,264.0,270.79,262.25,264.12,263.66,266.41,2828259,7534.81,38754,1142360.0, 40.39,2026-07-09
CMRGREEN, EQ, 09-Jul-2026,230.4,232.4,234.75,223.05,224.0,224.65,228.74,1413756,3233.81,14120,712766.0, 50.42,2026-07-09
CMRSL, SM, 09-Jul-2026,67.85,67.85,67.85,67.85,67.85,67.85,67.85,800,0.54,1,800.0, 100.00,2026-07-09
CMSINFO, EQ, 09-Jul-2026,263.85,267.0,267.75,255.15,260.0,257.9,260.25,1065411,2772.75,23749,689631.0, 64.73,2026-07-09
CNL, EQ, 09-Jul-2026,785.25,787.9,899.0,785.8,840.0,842.15,868.77,3429980,29798.65,94108,223313.0, 6.51,2026-07-09
COALINDIA, EQ, 09-Jul-2026,429.05,432.45,435.8,428.85,429.95,429.9,432.21,2855525,12341.83,61301,1101060.0, 38.56,2026-07-09
COASTCORP, EQ, 09-Jul-2026,48.65,49.01,50.67,47.71,50.55,49.92,49.28,177550,87.5,2754,81000.0, 45.62,2026-07-09
COCHINSHIP, EQ, 09-Jul-2026,1404.1,1410.5,1439.0,1402.1,1410.0,1406.7,1418.51,2392180,33933.36,48262,1130018.0, 47.24,2026-07-09
COCKERILL, EQ, 09-Jul-2026,8493.5,8533.0,9342.5,8505.0,9342.5,9342.5,9175.01,18714,1717.01,4360,9498.0, 50.75,2026-07-09
COFFEEDAY, BE, 09-Jul-2026,31.83,31.92,32.9,31.5,31.7,32.04,32.02,474959,152.07,1029,, -,2026-07-09
COFORGE, EQ, 09-Jul-2026,1445.9,1450.0,1479.2,1427.8,1471.9,1468.6,1462.2,1647511,24089.95,64302,452715.0, 27.48,2026-07-09
COHANCE, EQ, 09-Jul-2026,430.8,432.55,448.0,425.1,441.4,440.15,439.52,454022,1995.5,17798,214939.0, 47.34,2026-07-09
COLPAL, EQ, 09-Jul-2026,2020.1,2028.0,2073.8,2028.0,2063.9,2063.0,2056.64,271151,5576.6,27807,150950.0, 55.67,2026-07-09
COMFINTE, EQ, 09-Jul-2026,5.58,5.69,5.8,5.28,5.8,5.71,5.68,198142,11.25,488,129368.0, 65.29,2026-07-09
COMMITTED, ST, 09-Jul-2026,338.0,327.0,338.0,327.0,338.0,338.0,332.5,1600,5.32,2,1600.0, 100.00,2026-07-09
COMMOIETF, EQ, 09-Jul-2026,99.35,99.53,100.21,99.2,99.98,99.48,99.74,33320,33.23,580,22988.0, 68.99,2026-07-09
COMPINFO, BZ, 09-Jul-2026,1.24,1.28,1.28,1.18,1.21,1.21,1.2,34477,0.41,56,, -,2026-07-09
COMPUSOFT, EQ, 09-Jul-2026,13.46,13.59,13.95,13.46,13.46,13.51,13.61,17396,2.37,178,10369.0, 59.61,2026-07-09
COMSYN, EQ, 09-Jul-2026,191.61,191.02,199.0,189.25,190.7,190.87,194.48,658005,1279.66,4159,431265.0, 65.54,2026-07-09
CONCOR, EQ, 09-Jul-2026,451.4,452.05,460.2,452.05,458.0,457.1,457.4,511426,2339.28,12589,211487.0, 41.35,2026-07-09
CONCORDBIO, EQ, 09-Jul-2026,1259.8,1250.1,1311.2,1250.1,1311.2,1305.4,1299.66,121847,1583.59,12041,54409.0, 44.65,2026-07-09
CONFIPET, EQ, 09-Jul-2026,69.29,69.39,73.18,69.39,72.23,72.32,71.92,1331851,957.92,7233,484157.0, 36.35,2026-07-09
CONNPLEX, SM, 09-Jul-2026,200.15,202.0,204.0,202.0,202.5,202.5,203.11,8800,17.87,11,8000.0, 90.91,2026-07-09
CONS, EQ, 09-Jul-2026,11.93,12.05,12.11,12.0,12.03,12.03,12.08,28257,3.41,97,19840.0, 70.21,2026-07-09
CONSOFINVT, EQ, 09-Jul-2026,247.76,252.0,263.99,248.99,262.45,261.44,258.6,140649,363.72,2535,90501.0, 64.35,2026-07-09
CONSUMAXIS, EQ, 09-Jul-2026,119.4,120.65,121.0,120.04,120.04,120.04,120.19,1737,2.09,12,1731.0, 99.65,2026-07-09
CONSUMBEES, EQ, 09-Jul-2026,129.2,129.16,131.0,129.15,129.25,129.97,130.49,76238,99.48,915,44388.0, 58.22,2026-07-09
CONSUMER, EQ, 09-Jul-2026,11.56,11.51,11.75,11.51,11.71,11.7,11.72,396766,46.5,246,370253.0, 93.32,2026-07-09
CONSUMIETF, EQ, 09-Jul-2026,120.05,120.74,122.11,120.69,120.69,120.91,121.32,9521,11.55,224,6280.0, 65.96,2026-07-09
CONTI, SM, 09-Jul-2026,11.35,11.9,11.9,11.9,11.9,11.9,11.9,3333,0.4,1,3333.0, 100.00,2026-07-09
CONTROLPR, EQ, 09-Jul-2026,653.0,647.4,668.55,641.5,644.0,646.3,654.0,25270,165.27,1978,14260.0, 56.43,2026-07-09
COOLCAPS, ST, 09-Jul-2026,24.5,24.95,25.6,23.65,25.0,25.0,24.83,66250,16.45,28,61250.0, 92.45,2026-07-09
CORALFINAC, EQ, 09-Jul-2026,33.36,34.0,34.99,33.1,34.85,34.3,34.33,9726,3.34,213,7827.0, 80.48,2026-07-09
CORDELIA, EQ, 09-Jul-2026,821.5,827.05,903.65,818.65,867.0,858.25,870.53,2222732,19349.57,53207,340735.0, 15.33,2026-07-09
CORDSCABLE, BE, 09-Jul-2026,202.92,205.0,208.0,197.0,204.65,204.4,203.65,11054,22.51,155,, -,2026-07-09
COROMANDEL, EQ, 09-Jul-2026,2009.0,2010.2,2051.0,2003.1,2010.0,2014.3,2027.53,219341,4447.2,29326,115121.0, 52.48,2026-07-09
CORONA, EQ, 09-Jul-2026,1979.4,1985.0,2046.1,1984.9,2027.2,2022.8,2022.24,11366,229.85,2309,4827.0, 42.47,2026-07-09
COSMOFIRST, EQ, 09-Jul-2026,811.3,815.0,839.0,811.55,815.0,817.65,823.87,72271,595.42,3850,37709.0, 52.18,2026-07-09
COUNCODOS, EQ, 09-Jul-2026,5.1,5.23,5.23,5.01,5.15,5.12,5.18,78063,4.04,208,64695.0, 82.88,2026-07-09
CPCAP, BE, 09-Jul-2026,112.67,112.95,116.4,112.95,115.48,115.27,114.76,42647,48.94,140,, -,2026-07-09
CPEDU, EQ, 09-Jul-2026,197.28,198.04,200.0,197.0,197.0,197.25,197.95,1875,3.71,83,1591.0, 84.85,2026-07-09
CPPLUS, EQ, 09-Jul-2026,3554.6,3554.0,3685.0,3531.7,3645.0,3644.2,3641.43,188462,6862.71,17020,112460.0, 59.67,2026-07-09
CPS, SM, 09-Jul-2026,1050.0,1061.0,1061.0,997.5,997.5,998.8,1009.17,900,9.08,6,900.0, 100.00,2026-07-09
CPSEETF, EQ, 09-Jul-2026,95.92,97.8,97.8,95.33,95.64,95.57,95.93,787296,755.29,7400,436070.0, 55.39,2026-07-09
CRAFTSMAN, EQ, 09-Jul-2026,9181.5,9208.0,9360.0,9100.0,9320.0,9282.5,9254.64,55734,5157.98,8832,37991.0, 68.16,2026-07-09
CRAMC, EQ, 09-Jul-2026,243.61,244.5,255.6,243.11,253.5,253.99,252.82,347767,879.22,11187,165871.0, 47.70,2026-07-09
CRAYONS, SM, 09-Jul-2026,27.7,28.8,28.8,28.8,28.8,28.8,28.8,1000,0.29,1,1000.0, 100.00,2026-07-09
CREATIVEYE, EQ, 09-Jul-2026,6.42,6.1,6.7,6.1,6.4,6.58,6.41,2868,0.18,58,2360.0, 82.29,2026-07-09
CREDITACC, EQ, 09-Jul-2026,1536.7,1542.0,1559.8,1524.1,1543.0,1546.1,1544.06,261391,4036.02,24314,143686.0, 54.97,2026-07-09
CREST, EQ, 09-Jul-2026,364.35,366.3,374.0,365.3,370.0,369.2,369.1,9028,33.32,155,5892.0, 65.26,2026-07-09
CRISIL, EQ, 09-Jul-2026,3871.8,3915.0,4066.1,3888.1,4060.0,4054.7,3984.77,92290,3677.54,14377,55019.0, 59.62,2026-07-09
CRIZAC, EQ, 09-Jul-2026,195.11,196.95,199.74,195.51,199.0,198.33,197.88,125693,248.72,4188,68306.0, 54.34,2026-07-09
CROMPTON, EQ, 09-Jul-2026,258.9,262.0,265.2,257.8,259.25,259.0,260.07,1877083,4881.8,23799,1061785.0, 56.57,2026-07-09
CROWN, EQ, 09-Jul-2026,110.34,114.2,114.95,112.0,113.99,113.18,113.8,3144,3.58,73,2331.0, 74.14,2026-07-09
CSBBANK, EQ, 09-Jul-2026,350.75,349.0,353.7,348.95,352.1,351.05,351.42,201595,708.45,13290,97931.0, 48.58,2026-07-09
CSLFINANCE, EQ, 09-Jul-2026,214.07,222.0,227.48,217.61,227.48,226.71,223.47,52569,117.47,814,41184.0, 78.34,2026-07-09
CSM, BE, 09-Jul-2026,100.46,102.0,102.0,95.55,100.9,99.17,97.8,250081,244.59,2402,, -,2026-07-09
CSSL, SM, 09-Jul-2026,93.55,95.0,106.95,95.0,102.1,104.35,104.1,79000,82.24,69,60000.0, 75.95,2026-07-09
CTE, EQ, 09-Jul-2026,29.44,29.6,30.4,29.0,29.4,29.33,29.58,20216,5.98,155,13152.0, 65.06,2026-07-09
CUB, EQ, 09-Jul-2026,220.08,222.7,231.0,217.55,230.4,229.09,225.85,2994116,6762.12,41373,1515743.0, 50.62,2026-07-09
CUBEINVIT, IV, 09-Jul-2026,156.0,157.0,157.0,157.0,157.0,157.0,157.0,25000,39.25,1,25000.0, 100.00,2026-07-09
CUBEXTUB, EQ, 09-Jul-2026,76.29,78.2,83.3,77.04,81.4,81.23,81.22,131992,107.21,2291,50802.0, 38.49,2026-07-09
CUDML, ST, 09-Jul-2026,181.0,181.0,184.95,181.0,184.75,184.6,184.06,41000,75.46,18,41000.0, 100.00,2026-07-09
CUMMINSIND, EQ, 09-Jul-2026,5498.5,5506.0,5566.5,5492.0,5530.5,5542.5,5537.72,295533,16365.79,27896,158389.0, 53.59,2026-07-09
CUPID, EQ, 09-Jul-2026,196.98,196.0,216.86,196.0,214.52,210.01,209.23,104267938,218158.31,542973,17354066.0, 16.64,2026-07-09
CURAA, EQ, 09-Jul-2026,76.93,76.93,77.85,74.2,74.98,75.0,75.12,2165,1.63,51,1382.0, 63.83,2026-07-09
CURRENT, SM, 09-Jul-2026,105.85,109.0,109.0,99.0,100.95,100.95,101.77,27200,27.68,17,17600.0, 64.71,2026-07-09
CYBERMEDIA, BE, 09-Jul-2026,16.28,15.51,16.27,15.51,16.21,16.21,15.66,1320,0.21,18,, -,2026-07-09
CYBERTECH, BE, 09-Jul-2026,139.6,141.05,144.95,137.75,139.24,139.03,140.59,16011,22.51,206,, -,2026-07-09
CYIENT, EQ, 09-Jul-2026,834.85,835.0,839.0,825.0,832.0,830.65,831.53,332859,2767.81,15871,183394.0, 55.10,2026-07-09
CYIENTDLM, EQ, 09-Jul-2026,521.1,525.95,548.0,525.95,540.0,538.3,539.13,339633,1831.05,11130,157844.0, 46.47,2026-07-09
DABUR, EQ, 09-Jul-2026,436.55,437.5,449.45,437.0,443.0,443.15,444.48,1477623,6567.8,21067,743121.0, 50.29,2026-07-09
DAICHI, BE, 09-Jul-2026,310.3,314.9,319.9,297.2,315.5,316.9,307.4,1050,3.23,39,, -,2026-07-09
DALBHARAT, EQ, 09-Jul-2026,1718.4,1730.0,1754.5,1721.7,1745.1,1742.3,1742.0,205888,3586.57,13928,100553.0, 48.84,2026-07-09
DALMIASUG, EQ, 09-Jul-2026,354.75,355.1,366.5,355.05,362.0,360.55,360.34,110457,398.02,3200,42496.0, 38.47,2026-07-09
DAMCAPITAL, EQ, 09-Jul-2026,145.52,146.12,154.5,146.12,152.2,151.53,151.53,386723,586.02,5885,129068.0, 33.37,2026-07-09
DAMODARIND, BE, 09-Jul-2026,31.8,31.11,31.75,30.3,31.49,31.49,30.79,1374,0.42,27,, -,2026-07-09
DANGEE, EQ, 09-Jul-2026,3.14,3.14,3.29,3.12,3.17,3.15,3.18,58218,1.85,111,29296.0, 50.32,2026-07-09
DANISH, SM, 09-Jul-2026,891.7,906.75,950.0,906.75,942.0,942.15,936.99,12750,119.47,79,7050.0, 55.29,2026-07-09
DATAMATICS, EQ, 09-Jul-2026,848.15,852.6,888.0,852.6,867.0,863.8,875.04,387245,3388.56,14004,123395.0, 31.86,2026-07-09
DATAPATTNS, EQ, 09-Jul-2026,4290.3,4306.0,4385.0,4270.0,4286.9,4284.0,4306.24,538979,23209.7,41627,118849.0, 22.05,2026-07-09
DAVANGERE, EQ, 09-Jul-2026,3.56,3.56,3.64,3.56,3.58,3.57,3.58,3341329,119.72,1444,1706128.0, 51.06,2026-07-09
DBCORP, EQ, 09-Jul-2026,197.56,197.56,227.95,197.1,201.0,201.43,216.81,13680305,29660.33,122340,632735.0, 4.63,2026-07-09
DBEIL, BE, 09-Jul-2026,8.1,7.88,8.18,7.7,8.04,7.96,7.89,307951,24.31,532,, -,2026-07-09
DBL, EQ, 09-Jul-2026,418.85,418.8,425.4,416.8,424.5,424.0,422.28,38160,161.14,2591,11471.0, 30.06,2026-07-09
DBOL, BE, 09-Jul-2026,109.55,109.7,112.0,107.01,110.57,109.8,109.91,30863,33.92,171,, -,2026-07-09
DBREALTY, BE, 09-Jul-2026,109.72,109.85,112.0,108.4,111.4,111.14,110.9,137826,152.84,831,, -,2026-07-09
DBSTOCKBRO, EQ, 09-Jul-2026,44.67,44.9,47.5,41.4,41.55,42.3,44.51,332356,147.92,2512,164376.0, 49.46,2026-07-09
DCAL, EQ, 09-Jul-2026,191.27,190.01,197.87,190.01,192.5,192.83,194.69,334999,652.22,5806,142416.0, 42.51,2026-07-09
DCBBANK, EQ, 09-Jul-2026,180.0,181.15,187.5,181.15,187.5,186.01,184.36,601717,1109.34,14924,288307.0, 47.91,2026-07-09
DCCL, SM, 09-Jul-2026,41.95,41.95,41.95,41.95,41.95,41.95,41.95,2000,0.84,1,2000.0, 100.00,2026-07-09
DCG, SM, 09-Jul-2026,50.0,48.55,50.5,48.55,50.0,50.0,49.37,12000,5.92,10,7200.0, 60.00,2026-07-09
DCI, BE, 09-Jul-2026,281.65,280.95,294.9,275.2,288.85,285.3,286.33,2536,7.26,64,, -,2026-07-09
DCM, BE, 09-Jul-2026,97.42,96.0,102.0,96.0,100.0,100.06,100.56,24234,24.37,147,, -,2026-07-09
DCMFINSERV, BE, 09-Jul-2026,5.33,5.33,5.33,5.33,5.33,5.33,5.33,3758,0.2,8,, -,2026-07-09
DCMNVL, BE, 09-Jul-2026,146.29,153.59,153.59,147.0,147.55,147.77,148.73,159,0.24,11,, -,2026-07-09
DCMSHRIRAM, EQ, 09-Jul-2026,1040.6,1040.6,1058.4,1040.6,1044.1,1046.1,1049.52,22655,237.77,4115,9866.0, 43.55,2026-07-09
DCMSIL, BE, 09-Jul-2026,73.84,75.31,75.31,75.31,75.31,75.31,75.31,15906,11.98,26,, -,2026-07-09
DCMSRIND, EQ, 09-Jul-2026,42.07,41.31,43.18,40.6,40.86,41.19,41.77,171391,71.59,1297,67491.0, 39.38,2026-07-09
DCW, EQ, 09-Jul-2026,46.94,47.09,48.98,47.06,48.55,48.38,48.42,1185686,574.07,5446,539543.0, 45.50,2026-07-09
DCXINDIA, EQ, 09-Jul-2026,193.92,195.02,199.0,193.42,197.3,196.71,196.91,467506,920.56,6174,160022.0, 34.23,2026-07-09
DDEVPLSTIK, EQ, 09-Jul-2026,273.9,275.0,280.95,275.0,277.8,277.1,278.37,78223,217.75,2760,37433.0, 47.85,2026-07-09
DECCANCE, EQ, 09-Jul-2026,564.8,557.25,582.25,557.25,569.05,574.4,570.14,26880,153.25,740,15893.0, 59.13,2026-07-09
DECCANTRAN, SM, 09-Jul-2026,22.3,24.0,24.0,23.0,23.0,23.0,23.67,3600,0.85,3,2400.0, 66.67,2026-07-09
DECNGOLD, EQ, 09-Jul-2026,190.09,192.8,207.4,192.66,206.5,205.27,202.02,3514094,7099.17,28771,1194313.0, 33.99,2026-07-09
DEEDEV, BE, 09-Jul-2026,674.95,643.0,700.0,642.95,686.0,677.5,666.68,111942,746.29,2662,, -,2026-07-09
DEEM, ST, 09-Jul-2026,50.65,53.15,53.15,53.15,53.15,53.15,53.15,1000,0.53,1,1000.0, 100.00,2026-07-09
DEEPAKFERT, EQ, 09-Jul-2026,1521.0,1538.0,1561.5,1523.0,1545.1,1546.2,1549.57,153344,2376.17,11468,62128.0, 40.52,2026-07-09
DEEPAKNTR, EQ, 09-Jul-2026,1571.3,1571.4,1634.9,1571.4,1624.9,1621.2,1614.76,202711,3273.3,16578,106169.0, 52.37,2026-07-09
DEEPINDS, EQ, 09-Jul-2026,449.6,450.15,468.8,450.15,453.45,454.15,460.74,210309,968.99,6496,99151.0, 47.15,2026-07-09
DEFENCE, EQ, 09-Jul-2026,77.74,77.75,78.22,77.11,77.55,77.4,77.43,168744,130.65,768,116838.0, 69.24,2026-07-09
DELAPLEX, SM, 09-Jul-2026,100.0,98.0,100.45,98.0,100.45,100.45,98.99,5400,5.35,7,3000.0, 55.56,2026-07-09
DELHIVERY, EQ, 09-Jul-2026,501.8,505.0,520.4,505.0,515.2,515.65,515.48,8003908,41258.84,94271,4561025.0, 56.98,2026-07-09
DELPHIFX, BE, 09-Jul-2026,8.72,8.85,8.9,8.6,8.78,8.79,8.8,666344,58.65,177,, -,2026-07-09
DELTACORP, EQ, 09-Jul-2026,62.81,63.49,67.8,62.71,64.58,64.81,65.19,2877488,1875.85,16726,618069.0, 21.48,2026-07-09
DELTAMAGNT, EQ, 09-Jul-2026,60.79,61.81,61.81,58.1,58.71,58.71,59.22,5119,3.03,113,3408.0, 66.58,2026-07-09
DELTIC, ST, 09-Jul-2026,32.85,31.65,34.0,31.65,33.0,33.0,32.64,13000,4.24,10,12000.0, 92.31,2026-07-09
DEN, EQ, 09-Jul-2026,27.99,28.19,28.75,28.02,28.37,28.41,28.4,351395,99.81,1530,167878.0, 47.77,2026-07-09
DENEERS, SM, 09-Jul-2026,170.65,172.0,178.35,170.0,177.65,177.65,172.82,12000,20.74,19,6000.0, 50.00,2026-07-09
DENORA, EQ, 09-Jul-2026,848.4,849.6,900.0,849.6,892.8,886.0,889.37,7833,69.66,1028,3263.0, 41.66,2026-07-09
DENTA, EQ, 09-Jul-2026,326.75,327.1,333.15,325.0,331.0,329.55,329.08,210930,694.13,6013,65945.0, 31.26,2026-07-09
DENTALKART, SM, 09-Jul-2026,380.0,385.0,395.0,377.35,384.95,383.4,385.91,13000,50.17,35,7500.0, 57.69,2026-07-09
DEVIT, EQ, 09-Jul-2026,27.66,27.51,28.1,27.51,27.9,27.63,27.86,13922,3.88,179,10673.0, 76.66,2026-07-09
DEVX, EQ, 09-Jul-2026,34.63,34.3,35.19,34.3,34.97,34.7,34.85,29325,10.22,244,22772.0, 77.65,2026-07-09
DEVYANI, EQ, 09-Jul-2026,112.73,112.73,113.87,111.6,111.84,111.81,112.45,988901,1112.06,9348,504075.0, 50.97,2026-07-09
DGCONTENT, EQ, 09-Jul-2026,24.59,26.4,26.59,25.55,26.1,26.02,26.12,31014,8.1,256,18874.0, 60.86,2026-07-09
DHAMPURSUG, EQ, 09-Jul-2026,140.69,140.25,144.0,140.25,143.11,141.81,142.01,132143,187.66,2051,57636.0, 43.62,2026-07-09
DHANBANK, EQ, 09-Jul-2026,33.63,33.32,34.68,33.32,33.97,33.89,34.05,1948829,663.61,6232,749770.0, 38.47,2026-07-09
DHANLAXMI, SM, 09-Jul-2026,25.5,25.5,25.5,25.5,25.5,25.5,25.5,2000,0.51,1,2000.0, 100.00,2026-07-09
DHANSA, ST, 09-Jul-2026,23.4,23.4,23.4,23.4,23.4,23.4,23.4,2000,0.47,1,2000.0, 100.00,2026-07-09
DHANUKA, EQ, 09-Jul-2026,1036.6,1039.2,1069.0,1035.0,1038.8,1037.4,1048.68,29859,313.13,2694,14057.0, 47.08,2026-07-09
DHARAN, BZ, 09-Jul-2026,0.15,0.16,0.16,0.15,0.16,0.15,0.16,6802146,10.55,1048,, -,2026-07-09
DHARARAIL, ST, 09-Jul-2026,138.5,138.5,138.5,135.0,135.0,135.0,135.22,16000,21.64,16,16000.0, 100.00,2026-07-09
DHARIWAL, SM, 09-Jul-2026,33.15,32.1,34.0,32.1,33.75,33.1,33.08,15000,4.96,5,12000.0, 80.00,2026-07-09
DHARMAJ, EQ, 09-Jul-2026,260.15,260.0,264.0,257.35,261.8,259.35,260.09,36644,95.31,1369,27014.0, 73.72,2026-07-09
DHRUV, BE, 09-Jul-2026,25.02,26.27,26.27,26.27,26.27,26.27,26.27,4282,1.12,35,, -,2026-07-09
DHTL, SM, 09-Jul-2026,36.25,36.25,38.05,36.25,36.8,36.8,36.98,3200,1.18,3,3200.0, 100.00,2026-07-09
DHUNINV, EQ, 09-Jul-2026,965.1,979.6,999.55,952.05,954.2,960.3,969.21,5815,56.36,477,1800.0, 30.95,2026-07-09
DIACABS, EQ, 09-Jul-2026,231.33,236.0,251.8,234.01,239.0,239.2,243.47,12547336,30549.15,90954,4251027.0, 33.88,2026-07-09
DIAMINESQ, EQ, 09-Jul-2026,258.93,252.3,269.0,252.3,268.0,266.96,265.09,7239,19.19,264,3631.0, 50.16,2026-07-09
DIAMONDYD, EQ, 09-Jul-2026,1190.7,1190.7,1212.0,1185.9,1200.0,1198.3,1200.01,21078,252.94,1725,12522.0, 59.41,2026-07-09
DICIND, EQ, 09-Jul-2026,498.35,514.0,525.0,493.05,524.75,516.9,504.63,3063,15.46,234,2271.0, 74.14,2026-07-09
DIFFNKG, EQ, 09-Jul-2026,381.05,383.1,405.5,381.55,400.2,400.2,398.1,128674,512.25,5126,52851.0, 41.07,2026-07-09
DIGIDRIVE, EQ, 09-Jul-2026,18.5,18.45,18.5,18.17,18.3,18.24,18.3,14722,2.69,137,10386.0, 70.55,2026-07-09
DIGIKORE, SM, 09-Jul-2026,54.55,55.3,55.3,50.65,51.85,52.45,52.23,115600,60.37,163,50000.0, 43.25,2026-07-09
DIGISPICE, BE, 09-Jul-2026,20.27,19.96,20.48,19.7,20.0,20.38,20.18,72024,14.53,197,, -,2026-07-09
DIGITIDE, EQ, 09-Jul-2026,101.61,102.58,107.07,102.58,105.55,105.01,104.52,999692,1044.88,8197,258494.0, 25.86,2026-07-09
DIGJAMLMTD, EQ, 09-Jul-2026,43.55,43.2,44.49,42.12,44.37,43.66,43.43,2341,1.02,44,1902.0, 81.25,2026-07-09
DISAQ, EQ, 09-Jul-2026,11836.0,11950.0,12500.0,11501.0,12460.0,12182.0,11926.15,429,51.16,309,129.0, 30.07,2026-07-09
DISHTV, BE, 09-Jul-2026,2.92,2.97,2.98,2.9,2.92,2.93,2.94,750722,22.05,877,, -,2026-07-09
DIVGIITTS, EQ, 09-Jul-2026,946.6,953.95,988.8,948.65,978.1,979.7,975.99,51983,507.35,4506,20545.0, 39.52,2026-07-09
DIVIDEND, EQ, 09-Jul-2026,34.47,34.47,34.71,34.41,34.67,34.65,34.55,3618,1.25,53,2159.0, 59.67,2026-07-09
DIVINEHIRA, ST, 09-Jul-2026,115.0,118.5,118.5,118.5,118.5,118.5,118.5,1200,1.42,1,1200.0, 100.00,2026-07-09
DIVISLAB, EQ, 09-Jul-2026,6755.0,6741.5,6945.0,6740.5,6820.5,6813.0,6862.93,356468,24464.16,40410,190978.0, 53.58,2026-07-09
DIVOPPBEES, EQ, 09-Jul-2026,75.45,76.9,76.9,75.22,75.64,75.67,75.61,34361,25.98,678,20862.0, 60.71,2026-07-09
DIVYADHAN, ST, 09-Jul-2026,53.7,52.65,52.65,52.65,52.65,52.65,52.65,2000,1.05,1,2000.0, 100.00,2026-07-09
DIXON, EQ, 09-Jul-2026,12934.0,13153.0,13600.0,13153.0,13465.0,13477.0,13481.96,825754,111327.78,121835,214627.0, 25.99,2026-07-09
DJML, EQ, 09-Jul-2026,108.55,106.9,115.98,105.99,114.2,115.05,112.95,539417,609.28,5821,107071.0, 19.85,2026-07-09
DKEGL, SM, 09-Jul-2026,63.05,67.95,67.95,67.95,67.95,67.95,67.95,1500,1.02,1,1500.0, 100.00,2026-07-09
DLF, EQ, 09-Jul-2026,634.0,637.15,666.0,635.0,658.0,659.6,654.86,6397185,41892.79,64622,2597954.0, 40.61,2026-07-09
DLINKINDIA, EQ, 09-Jul-2026,538.25,541.05,549.2,541.05,547.9,546.05,546.33,756223,4131.44,11630,488381.0, 64.58,2026-07-09
DMART, EQ, 09-Jul-2026,4038.6,4034.0,4086.2,3980.0,4077.6,4079.4,4048.73,533044,21581.5,36421,244776.0, 45.92,2026-07-09
DMCC, EQ, 09-Jul-2026,256.05,254.35,270.0,252.55,268.9,267.85,264.3,124500,329.05,2763,66354.0, 53.30,2026-07-09
DNAMEDIA, EQ, 09-Jul-2026,2.83,2.83,2.92,2.76,2.77,2.8,2.81,91820,2.58,183,31949.0, 34.80,2026-07-09
DODLA, EQ, 09-Jul-2026,1120.4,1130.0,1135.0,1107.0,1135.0,1119.8,1116.21,8721,97.34,1989,3894.0, 44.65,2026-07-09
DOLATALGO, EQ, 09-Jul-2026,70.53,70.0,71.9,70.0,70.8,71.08,71.12,109745,78.05,1543,63843.0, 58.17,2026-07-09
DOLLAR, EQ, 09-Jul-2026,266.15,266.15,273.3,264.65,268.5,267.4,268.77,187420,503.72,5592,97418.0, 51.98,2026-07-09
DOLLEX, SM, 09-Jul-2026,29.45,28.45,28.45,28.45,28.45,28.45,28.45,4000,1.14,1,4000.0, 100.00,2026-07-09
DOLPHIN, EQ, 09-Jul-2026,382.65,390.0,416.0,379.4,387.3,385.65,399.12,89800,358.41,3548,22945.0, 25.55,2026-07-09
DOMS, EQ, 09-Jul-2026,2247.9,2253.9,2340.0,2242.3,2315.0,2322.1,2320.55,44846,1040.67,8470,18208.0, 40.60,2026-07-09
DONEAR, EQ, 09-Jul-2026,84.61,84.61,86.19,84.27,85.8,84.51,84.94,8155,6.93,208,5140.0, 63.03,2026-07-09
DPABHUSHAN, EQ, 09-Jul-2026,1076.05,1080.0,1180.0,1079.0,1165.0,1151.05,1140.57,331730,3783.61,27284,37806.0, 11.40,2026-07-09
DPEL, SM, 09-Jul-2026,556.4,559.0,576.0,559.0,576.0,574.1,572.24,64000,366.24,121,43000.0, 67.19,2026-07-09
DPSCLTD, BE, 09-Jul-2026,7.43,7.53,7.6,7.43,7.47,7.49,7.5,65141,4.89,296,, -,2026-07-09
DPWIRES, BE, 09-Jul-2026,181.67,180.0,184.99,180.0,180.7,180.65,181.17,7499,13.59,164,, -,2026-07-09
DRAGARWQ, EQ, 09-Jul-2026,4908.0,4980.5,5039.5,4930.5,5020.0,5012.0,5000.25,279,13.95,159,156.0, 55.91,2026-07-09
DRCSYSTEMS, EQ, 09-Jul-2026,13.71,14.14,14.14,13.7,13.82,13.79,13.86,20732,2.87,135,13611.0, 65.65,2026-07-09
DREAMFOLKS, EQ, 09-Jul-2026,67.18,66.94,69.5,66.52,67.71,67.98,67.96,47557,32.32,1303,21346.0, 44.89,2026-07-09
DREDGECORP, EQ, 09-Jul-2026,1026.8,1041.3,1066.2,1032.1,1054.4,1056.2,1053.28,89916,947.07,5309,36558.0, 40.66,2026-07-09
DRONE, ST, 09-Jul-2026,40.0,40.0,41.15,38.1,40.9,40.9,39.78,30000,11.94,43,25000.0, 83.33,2026-07-09
DRREDDY, EQ, 09-Jul-2026,1349.0,1340.0,1349.0,1261.1,1271.2,1269.5,1294.58,8410883,108885.62,235306,3290794.0, 39.13,2026-07-09
DSFCL, BE, 09-Jul-2026,24.08,24.44,24.44,23.5,23.78,23.53,23.63,82794,19.56,217,, -,2026-07-09
DSSL, EQ, 09-Jul-2026,1266.3,1272.7,1321.0,1266.3,1280.0,1290.3,1292.09,23063,297.99,2443,11021.0, 47.79,2026-07-09
DTIL, EQ, 09-Jul-2026,137.41,138.16,140.9,135.16,136.0,136.11,137.1,9983,13.69,294,8245.0, 82.59,2026-07-09
DTL, SM, 09-Jul-2026,120.15,124.0,124.4,124.0,124.0,124.0,124.13,3600,4.47,3,3600.0, 100.00,2026-07-09
DUCOL, SM, 09-Jul-2026,105.5,107.0,107.0,107.0,107.0,107.0,107.0,800,0.86,1,800.0, 100.00,2026-07-09
DUCON, BE, 09-Jul-2026,3.04,3.04,3.14,3.0,3.05,3.04,3.06,345298,10.57,277,, -,2026-07-09
DUGLOBAL, ST, 09-Jul-2026,30.45,30.4,30.4,28.95,29.35,29.35,29.44,45000,13.25,14,32500.0, 72.22,2026-07-09
DURLAX, ST, 09-Jul-2026,49.4,47.15,50.85,46.95,50.85,50.85,47.87,90000,43.08,42,72000.0, 80.00,2026-07-09
DVL, EQ, 09-Jul-2026,237.44,238.7,242.89,236.3,241.84,240.98,239.81,34244,82.12,509,20396.0, 59.56,2026-07-09
DWARKESH, EQ, 09-Jul-2026,42.59,42.8,43.33,42.5,42.72,42.65,42.91,298855,128.25,2060,140424.0, 46.99,2026-07-09
DYCL, EQ, 09-Jul-2026,350.95,351.95,368.0,351.95,364.0,360.75,362.81,223991,812.67,6981,101957.0, 45.52,2026-07-09
DYNAMATECH, EQ, 09-Jul-2026,10551.0,10649.0,11149.0,10605.0,10899.0,10845.0,10933.99,13834,1512.61,5274,5120.0, 37.01,2026-07-09
DYNAMIC, ST, 09-Jul-2026,167.25,162.0,162.3,160.0,160.0,160.0,161.51,4000,6.46,8,4000.0, 100.00,2026-07-09
DYNPRO, EQ, 09-Jul-2026,235.29,233.2,239.84,229.0,231.0,232.2,232.99,13385,31.19,668,7218.0, 53.93,2026-07-09
E2E, EQ, 09-Jul-2026,378.8,378.85,397.7,377.6,397.7,397.7,396.15,1393285,5519.54,11104,714129.0, 51.26,2026-07-09
E2ERAIL, ST, 09-Jul-2026,266.95,265.75,268.95,260.5,266.0,263.45,265.3,12000,31.84,14,9600.0, 80.00,2026-07-09
EASEMYTRIP, EQ, 09-Jul-2026,6.85,6.88,6.93,6.74,6.75,6.75,6.79,41948986,2848.98,14760,15536951.0, 37.04,2026-07-09
EASTSILK, BE, 09-Jul-2026,48.7,48.5,51.09,47.0,50.0,50.6,49.06,302,0.15,12,, -,2026-07-09
EBANKNIFTY, EQ, 09-Jul-2026,57.23,57.57,58.0,57.56,57.68,57.82,57.84,529,0.31,24,484.0, 91.49,2026-07-09
EBBETF0430, EQ, 09-Jul-2026,1607.42,1615.98,1615.98,1603.49,1606.9,1605.8,1604.5,25345,406.66,378,23952.0, 94.50,2026-07-09
EBBETF0431, EQ, 09-Jul-2026,1436.14,1436.65,1444.62,1430.59,1434.02,1441.9,1433.52,13502,193.55,161,11233.0, 83.20,2026-07-09
EBBETF0433, EQ, 09-Jul-2026,1312.33,1306.82,1318.25,1306.81,1318.25,1317.6,1313.64,2585,33.96,139,1718.0, 66.46,2026-07-09
EBGNG, EQ, 09-Jul-2026,640.3,646.0,672.3,626.0,634.6,633.1,662.73,1273440,8439.45,18157,462977.0, 36.36,2026-07-09
ECAPINSURE, EQ, 09-Jul-2026,24.12,24.1,24.46,24.04,24.39,24.27,24.23,20709,5.02,211,13041.0, 62.97,2026-07-09
ECLERX, EQ, 09-Jul-2026,1477.3,1484.6,1566.7,1465.4,1557.0,1556.4,1545.37,440139,6801.77,38489,182784.0, 41.53,2026-07-09
ECOLINE, ST, 09-Jul-2026,197.8,197.8,198.0,195.0,198.0,198.0,196.46,6000,11.79,6,5000.0, 83.33,2026-07-09
ECOSMOBLTY, BE, 09-Jul-2026,126.83,127.0,131.0,124.0,126.0,126.62,127.67,104385,133.27,656,, -,2026-07-09
EDELWEISS, EQ, 09-Jul-2026,117.22,118.15,119.79,117.5,118.35,117.96,118.62,1472910,1747.24,14467,672974.0, 45.69,2026-07-09
EEPL, SM, 09-Jul-2026,116.5,119.5,119.5,116.6,116.6,116.6,117.8,11000,12.96,11,9000.0, 81.82,2026-07-09
EFACTOR, SM, 09-Jul-2026,160.95,161.5,162.5,156.6,159.9,157.85,160.35,8800,14.11,17,8400.0, 95.45,2026-07-09
EFCIL, EQ, 09-Jul-2026,188.71,188.71,195.93,188.15,193.5,192.85,193.06,185800,358.7,5280,95484.0, 51.39,2026-07-09
EFFWA, ST, 09-Jul-2026,359.5,374.9,377.45,370.0,370.0,371.05,374.78,12400,46.47,29,10400.0, 83.87,2026-07-09
EFORCE, SM, 09-Jul-2026,21.8,21.85,21.85,20.1,20.6,20.6,21.0,31200,6.55,18,25200.0, 80.77,2026-07-09
EGOLD, EQ, 09-Jul-2026,141.85,138.85,143.6,138.85,142.7,143.15,142.88,27451,39.22,358,21462.0, 78.18,2026-07-09
EICHERMOT, EQ, 09-Jul-2026,7418.5,7418.0,7449.5,7321.5,7345.5,7361.0,7380.94,625976,46202.9,41042,403353.0, 64.44,2026-07-09
EIDPARRY, EQ, 09-Jul-2026,722.0,722.0,753.55,721.95,748.95,749.2,742.51,263828,1958.96,13144,118365.0, 44.86,2026-07-09
EIEL, EQ, 09-Jul-2026,225.01,227.0,233.5,226.14,228.62,228.39,230.15,1745090,4016.26,22058,559733.0, 32.07,2026-07-09
EIFFL, BE, 09-Jul-2026,305.0,291.55,318.8,291.55,312.7,316.25,314.47,12161,38.24,132,, -,2026-07-09
EIHAHOTELS, EQ, 09-Jul-2026,312.75,316.0,325.5,312.75,317.3,317.35,319.38,20110,64.23,1164,7268.0, 36.14,2026-07-09
EIHOTEL, EQ, 09-Jul-2026,321.7,321.75,352.75,320.4,331.0,327.85,338.25,1814043,6136.08,45198,419471.0, 23.12,2026-07-09
EIMCOELECO, EQ, 09-Jul-2026,1862.0,1860.0,2018.0,1751.0,1780.0,1783.8,1859.1,514935,9573.18,50778,88627.0, 17.21,2026-07-09
EKC, EQ, 09-Jul-2026,114.0,114.1,115.89,112.05,113.6,114.02,113.97,194678,221.87,2220,107901.0, 55.43,2026-07-09
ELANTAS, EQ, 09-Jul-2026,9258.0,9331.0,9923.0,9324.0,9923.0,9758.0,9612.77,810,77.86,392,439.0, 54.20,2026-07-09
ELCIDIN, EQ, 09-Jul-2026,114005.0,113000.0,115645.0,113000.0,113000.0,113000.0,113360.0,8,9.07,7,5.0, 62.50,2026-07-09
ELDEHSG, EQ, 09-Jul-2026,810.95,806.9,827.45,806.9,819.0,819.0,819.17,378,3.1,15,377.0, 99.74,2026-07-09
ELECON, EQ, 09-Jul-2026,498.05,499.0,520.9,496.7,512.75,512.35,511.15,413118,2111.66,15145,180245.0, 43.63,2026-07-09
ELECTCAST, EQ, 09-Jul-2026,74.69,75.16,76.82,75.01,75.6,75.52,75.8,1258431,953.84,10333,588347.0, 46.75,2026-07-09
ELECTHERM, EQ, 09-Jul-2026,1110.9,1116.1,1137.7,1110.0,1120.9,1119.1,1120.49,9094,101.9,986,3502.0, 38.51,2026-07-09
ELGIEQUIP, EQ, 09-Jul-2026,575.55,580.0,591.95,577.7,588.7,588.7,585.94,158707,929.92,11896,82448.0, 51.95,2026-07-09
ELGIRUBCO, EQ, 09-Jul-2026,59.41,60.2,60.36,57.39,59.0,59.33,59.2,51548,30.52,898,19056.0, 36.97,2026-07-09
ELGNZ, SM, 09-Jul-2026,91.05,90.0,91.05,86.05,88.8,88.55,88.02,108000,95.06,88,84000.0, 77.78,2026-07-09
ELIN, EQ, 09-Jul-2026,97.32,98.7,100.0,98.32,99.87,99.76,99.26,55037,54.63,956,24198.0, 43.97,2026-07-09
ELIQUID, EQ, 09-Jul-2026,1038.35,1038.35,1038.52,1038.35,1038.5,1038.5,1038.49,21536,223.65,14,17036.0, 79.10,2026-07-09
ELITECON, EQ, 09-Jul-2026,23.83,24.49,25.95,22.87,23.45,23.03,23.54,10630607,2502.49,17602,4736294.0, 44.55,2026-07-09
ELLEN, EQ, 09-Jul-2026,254.3,255.6,273.0,252.55,267.05,267.5,266.81,362068,966.03,8432,172623.0, 47.68,2026-07-09
ELM250, EQ, 09-Jul-2026,16.29,16.45,16.58,16.37,16.43,16.47,16.5,17637,2.91,109,12542.0, 71.11,2026-07-09
ELPROINTL, EQ, 09-Jul-2026,173.63,171.0,174.29,167.26,174.0,173.97,173.47,33269,57.71,298,27420.0, 82.42,2026-07-09
EMAMILTD, EQ, 09-Jul-2026,406.95,406.95,416.8,406.95,416.0,415.1,412.8,448267,1850.43,11349,258310.0, 57.62,2026-07-09
EMAMIPAP, EQ, 09-Jul-2026,86.08,85.5,88.49,84.42,88.06,87.12,87.32,19879,17.36,333,14292.0, 71.89,2026-07-09
EMAMIREAL, BE, 09-Jul-2026,80.95,81.0,82.95,77.15,79.8,79.36,78.72,30679,24.15,206,, -,2026-07-09
EMAPARTNER, SM, 09-Jul-2026,81.05,80.1,81.0,79.0,80.0,80.35,80.26,27000,21.67,18,18000.0, 66.67,2026-07-09
EMBASSY, RR, 09-Jul-2026,449.16,450.4,452.0,441.31,444.31,443.69,447.66,430243,1926.0,20839,345123.0, 80.22,2026-07-09
EMBDL, EQ, 09-Jul-2026,63.22,63.38,65.19,62.78,64.0,63.81,63.96,2191095,1401.52,13080,921795.0, 42.07,2026-07-09
EMCURE, EQ, 09-Jul-2026,1809.3,1819.9,1863.4,1805.0,1808.5,1809.5,1825.83,148651,2714.11,17905,72630.0, 48.86,2026-07-09
EMIL, EQ, 09-Jul-2026,130.05,130.88,134.58,130.73,132.0,132.01,132.75,905074,1201.47,8464,525796.0, 58.09,2026-07-09
EMKAY, EQ, 09-Jul-2026,255.65,252.95,267.8,252.95,265.0,265.1,264.48,29554,78.16,1256,14941.0, 50.55,2026-07-09
EMKAYTOOLS, SM, 09-Jul-2026,94.0,94.0,94.0,94.0,94.0,94.0,94.0,900,0.85,4,900.0, 100.00,2026-07-09
EMMBI, BE, 09-Jul-2026,88.03,90.0,91.0,88.08,88.5,88.51,89.47,5649,5.05,137,, -,2026-07-09
EMMIL, SM, 09-Jul-2026,135.0,137.0,137.0,131.0,131.2,131.8,131.85,54250,71.53,27,52500.0, 96.77,2026-07-09
EMMVEE, EQ, 09-Jul-2026,329.15,330.0,338.95,330.0,336.1,334.45,334.28,2127761,7112.76,31960,845997.0, 39.76,2026-07-09
EMPOWER, BE, 09-Jul-2026,2.25,2.14,2.34,2.14,2.21,2.21,2.16,5184116,111.86,2853,, -,2026-07-09
EMSLIMITED, EQ, 09-Jul-2026,410.05,412.0,422.0,406.5,420.5,419.3,416.51,458371,1909.18,10015,130614.0, 28.50,2026-07-09
EMUDHRA, EQ, 09-Jul-2026,432.3,433.35,438.8,430.05,437.85,434.95,434.46,65310,283.74,3641,38141.0, 58.40,2026-07-09
EMULTIMQ, EQ, 09-Jul-2026,40.84,41.66,41.66,40.86,41.01,41.08,41.03,24699,10.13,161,22433.0, 90.83,2026-07-09
ENCOMPAS, SM, 09-Jul-2026,248.0,248.5,250.0,239.9,239.9,240.7,242.97,9600,23.32,19,6800.0, 70.83,2026-07-09
ENDURANCE, EQ, 09-Jul-2026,2669.7,2660.0,2733.7,2651.1,2708.3,2706.8,2698.66,117900,3181.72,20078,71919.0, 61.00,2026-07-09
ENERGY, EQ, 09-Jul-2026,38.7,39.09,39.2,38.92,39.09,39.05,39.11,207130,81.01,844,131778.0, 63.62,2026-07-09
ENERGYDEV, EQ, 09-Jul-2026,17.09,17.5,17.68,16.65,16.85,16.85,16.92,28360,4.8,288,19709.0, 69.50,2026-07-09
ENEXT50, EQ, 09-Jul-2026,70.59,71.29,71.42,70.99,71.0,71.0,71.0,1634,1.16,5,1585.0, 97.00,2026-07-09
ENFUSE, SM, 09-Jul-2026,168.0,171.0,171.0,171.0,171.0,171.0,171.0,600,1.03,1,600.0, 100.00,2026-07-09
ENGINERSIN, EQ, 09-Jul-2026,235.09,237.4,240.35,235.47,237.01,237.29,238.0,1465353,3487.48,25572,583715.0, 39.83,2026-07-09
ENIFTY, EQ, 09-Jul-2026,24.05,23.44,24.65,23.44,24.09,24.14,24.17,11979,2.9,42,11135.0, 92.95,2026-07-09
ENIL, EQ, 09-Jul-2026,106.8,107.0,109.47,105.26,105.5,105.5,105.7,104886,110.87,630,95695.0, 91.24,2026-07-09
ENRIN, EQ, 09-Jul-2026,3358.7,3369.7,3453.0,3353.1,3450.0,3438.0,3404.2,288824,9832.16,30663,141546.0, 49.01,2026-07-09
ENSER, ST, 09-Jul-2026,14.7,15.05,15.05,14.05,14.95,14.95,14.68,15000,2.2,3,15000.0, 100.00,2026-07-09
ENTERO, EQ, 09-Jul-2026,1172.4,1172.4,1222.2,1164.7,1217.0,1216.4,1206.68,85212,1028.24,6966,55561.0, 65.20,2026-07-09
ENVIRO, SM, 09-Jul-2026,73.65,74.05,78.35,74.05,78.35,78.15,76.66,11000,8.43,11,10000.0, 90.91,2026-07-09
EPACK, EQ, 09-Jul-2026,227.22,229.0,232.9,227.0,230.38,230.22,230.86,344618,795.58,5874,121343.0, 35.21,2026-07-09
EPACKPEB, EQ, 09-Jul-2026,245.22,249.2,266.45,246.0,264.0,262.95,260.7,1468021,3827.15,20605,584893.0, 39.84,2026-07-09
EPIGRAL, EQ, 09-Jul-2026,987.7,989.6,1018.9,989.6,998.1,996.9,1000.17,28134,281.39,2429,15886.0, 56.47,2026-07-09
EPL, EQ, 09-Jul-2026,233.85,233.85,242.95,233.85,240.0,239.49,239.73,502620,1204.91,13022,257174.0, 51.17,2026-07-09
EPWINDIA, ST, 09-Jul-2026,262.8,249.7,259.0,249.7,258.0,258.0,254.31,18000,45.78,15,18000.0, 100.00,2026-07-09
EQUAL200, EQ, 09-Jul-2026,13.5,13.61,13.67,13.6,13.62,13.62,13.63,5531,0.75,20,4531.0, 81.92,2026-07-09
EQUAL50, EQ, 09-Jul-2026,328.0,327.89,328.94,327.65,327.65,327.65,328.02,1168,3.83,15,1167.0, 99.91,2026-07-09
EQUAL50ADD, EQ, 09-Jul-2026,338.01,338.13,340.78,338.0,338.0,338.85,339.29,11825,40.12,254,9407.0, 79.55,2026-07-09
EQUIPPP, BE, 09-Jul-2026,22.0,22.0,23.1,21.4,23.09,23.01,22.67,20511,4.65,85,, -,2026-07-09
EQUITASBNK, EQ, 09-Jul-2026,76.82,76.82,78.93,76.49,78.35,78.17,78.0,3290031,2566.14,33911,1828843.0, 55.59,2026-07-09
ERIS, EQ, 09-Jul-2026,1416.0,1416.0,1439.9,1404.2,1430.0,1430.0,1427.56,85753,1224.17,23253,62743.0, 73.17,2026-07-09
ESABINDIA, EQ, 09-Jul-2026,5662.0,5677.0,5687.5,5630.5,5679.0,5659.5,5660.4,869,49.19,462,531.0, 61.10,2026-07-09
ESAFSFB, EQ, 09-Jul-2026,32.78,32.8,34.7,32.76,34.6,34.56,33.97,827620,281.18,3802,452603.0, 54.69,2026-07-09
ESCONET, ST, 09-Jul-2026,118.9,117.0,124.8,117.0,124.0,122.75,122.86,10800,13.27,25,10400.0, 96.30,2026-07-09
ESCORTS, EQ, 09-Jul-2026,2919.8,2933.0,2942.1,2900.3,2910.0,2908.6,2912.22,60567,1763.84,13980,31990.0, 52.82,2026-07-09
ESENSEX, EQ, 09-Jul-2026,77.0,77.24,78.97,76.93,77.02,77.19,77.42,5322,4.12,102,2577.0, 48.42,2026-07-09
ESFL, ST, 09-Jul-2026,112.65,113.0,115.5,113.0,113.95,113.9,114.32,3960,4.53,10,3600.0, 90.91,2026-07-09
ESG, EQ, 09-Jul-2026,41.07,41.18,41.49,41.14,41.35,41.16,41.18,50437,20.77,68,44704.0, 88.63,2026-07-09
ESILVER, EQ, 09-Jul-2026,219.79,219.77,223.41,217.67,222.0,222.21,222.25,687567,1528.13,1844,416389.0, 60.56,2026-07-09
ESPRIT, SM, 09-Jul-2026,62.0,61.0,63.0,56.0,57.75,57.55,58.74,65600,38.53,40,35200.0, 53.66,2026-07-09
ESSARSHPNG, EQ, 09-Jul-2026,22.43,22.43,22.85,22.16,22.6,22.41,22.52,89364,20.13,663,57805.0, 64.68,2026-07-09
ESSENTIA, BE, 09-Jul-2026,1.22,1.22,1.24,1.19,1.24,1.22,1.22,1443695,17.55,768,, -,2026-07-09
ESTER, EQ, 09-Jul-2026,88.28,88.7,91.37,88.28,89.25,89.46,89.67,87220,78.21,1373,40320.0, 46.23,2026-07-09
ETERNAL, EQ, 09-Jul-2026,286.7,287.3,300.35,287.3,292.45,292.45,294.36,49865056,146780.97,256928,23798208.0, 47.73,2026-07-09
ETHOSLTD, EQ, 09-Jul-2026,2451.8,2442.7,2535.0,2442.6,2525.0,2526.4,2516.33,19566,492.34,2943,14522.0, 74.22,2026-07-09
ETL, SM, 09-Jul-2026,1065.2,1070.0,1090.0,1070.0,1090.0,1090.0,1078.0,750,8.09,3,750.0, 100.00,2026-07-09
ETML, SM, 09-Jul-2026,82.0,80.2,82.75,80.0,81.05,81.3,81.02,14400,11.67,12,8400.0, 58.33,2026-07-09
EUREKAFORB, EQ, 09-Jul-2026,441.2,441.2,455.65,441.2,453.85,451.9,451.85,87187,393.95,6405,50874.0, 58.35,2026-07-09
EUROBOND, EQ, 09-Jul-2026,163.14,168.0,171.49,162.0,164.01,164.89,165.64,10660,17.66,625,7136.0, 66.94,2026-07-09
EUROPRATIK, EQ, 09-Jul-2026,300.75,302.3,316.8,302.0,311.15,310.65,311.6,144455,450.12,3275,40214.0, 27.84,2026-07-09
EUROTEXIND, BE, 09-Jul-2026,15.25,15.32,15.32,14.51,14.56,14.56,14.53,851,0.12,11,, -,2026-07-09
EVEREADY, EQ, 09-Jul-2026,352.65,353.45,365.65,352.35,353.4,354.25,358.87,150774,541.08,4747,77158.0, 51.17,2026-07-09
EVERESTIND, BE, 09-Jul-2026,467.55,459.1,488.0,455.0,483.0,481.35,475.83,4805,22.86,150,, -,2026-07-09
EVIETF, EQ, 09-Jul-2026,31.04,31.3,31.75,31.0,31.6,31.18,31.19,333321,103.97,500,171014.0, 51.31,2026-07-09
EVINDIA, EQ, 09-Jul-2026,31.01,31.63,31.72,31.01,31.16,31.12,31.18,89298,27.84,1065,56551.0, 63.33,2026-07-09
EXCELINDUS, EQ, 09-Jul-2026,890.45,897.4,906.25,892.6,904.0,901.15,900.91,4875,43.92,430,3329.0, 68.29,2026-07-09
EXCELLENT, ST, 09-Jul-2026,189.95,187.0,193.0,187.0,193.0,193.0,190.33,14400,27.41,6,14400.0, 100.00,2026-07-09
EXCELSOFT, EQ, 09-Jul-2026,77.52,78.0,79.95,77.56,78.27,78.48,78.74,344202,271.02,2507,128999.0, 37.48,2026-07-09
EXICOM, EQ, 09-Jul-2026,158.43,159.98,163.3,154.99,161.0,160.4,160.47,1447354,2322.51,13029,381265.0, 26.34,2026-07-09
EXIDEIND, EQ, 09-Jul-2026,421.35,426.0,428.9,418.1,425.0,425.2,423.93,5969150,25305.07,67497,1641801.0, 27.50,2026-07-09
EXIMROUTES, SM, 09-Jul-2026,109.0,110.0,110.0,110.0,110.0,110.0,110.0,800,0.88,1,800.0, 100.00,2026-07-09
EXPLEOSOL, EQ, 09-Jul-2026,789.65,793.8,848.0,792.55,834.0,828.35,825.05,56666,467.52,3899,31845.0, 56.20,2026-07-09
EXXARO, EQ, 09-Jul-2026,6.55,6.55,6.64,6.44,6.56,6.58,6.59,477981,31.51,329,415349.0, 86.90,2026-07-09
FABTECH, EQ, 09-Jul-2026,156.81,157.6,163.39,157.6,159.2,160.25,161.0,210347,338.66,2831,73976.0, 35.17,2026-07-09
FACT, EQ, 09-Jul-2026,845.95,849.95,859.95,843.7,850.0,850.1,853.24,84892,724.33,5664,24449.0, 28.80,2026-07-09
FAIRCHEMOR, BE, 09-Jul-2026,689.4,696.0,723.0,694.0,720.0,721.3,714.15,3832,27.37,509,, -,2026-07-09
FALCONTECH, SM, 09-Jul-2026,11.75,11.4,11.45,11.15,11.45,11.45,11.31,19200,2.17,14,12000.0, 62.50,2026-07-09
FAZE3Q, EQ, 09-Jul-2026,571.65,569.9,600.2,569.9,589.3,581.7,592.86,19315,114.51,735,11432.0, 59.19,2026-07-09
FCL, EQ, 09-Jul-2026,36.39,36.59,37.75,36.52,37.62,37.43,37.24,4364061,1625.1,10235,1288220.0, 29.52,2026-07-09
FCSSOFT, BE, 09-Jul-2026,1.49,1.49,1.49,1.49,1.49,1.49,1.49,508819,7.58,454,, -,2026-07-09
FDC, EQ, 09-Jul-2026,423.4,421.7,442.0,421.7,431.7,432.1,434.96,313676,1364.36,9598,157749.0, 50.29,2026-07-09
FEDDERSHOL, EQ, 09-Jul-2026,41.31,41.72,46.3,40.83,41.85,42.18,43.94,4090566,1797.43,27925,366634.0, 8.96,2026-07-09
FEDERALBNK, EQ, 09-Jul-2026,326.55,326.55,332.7,326.55,328.0,327.75,329.02,3699416,12171.9,76107,1840822.0, 49.76,2026-07-09
FEDFINA, EQ, 09-Jul-2026,148.98,149.69,156.17,148.72,155.0,154.49,153.06,1209335,1851.03,14771,527862.0, 43.65,2026-07-09
FEL, BZ, 09-Jul-2026,0.38,0.38,0.39,0.37,0.37,0.37,0.38,274432,1.03,103,, -,2026-07-09
FELDVR, BZ, 09-Jul-2026,2.59,2.5,2.7,2.47,2.47,2.47,2.53,913,0.02,20,, -,2026-07-09
FELIX, SM, 09-Jul-2026,179.85,182.0,185.0,178.5,183.95,182.95,181.99,45000,81.9,70,29000.0, 64.44,2026-07-09
FERMENTA, EQ, 09-Jul-2026,363.3,378.0,415.0,375.05,402.2,401.65,405.23,2186102,8858.66,53765,244884.0, 11.20,2026-07-09
FIBERWEB, EQ, 09-Jul-2026,31.04,31.1,31.65,30.12,30.95,30.99,30.99,14662,4.54,148,10577.0, 72.14,2026-07-09
FIDEL, SM, 09-Jul-2026,143.8,148.7,148.7,148.7,148.7,148.7,148.7,1000,1.49,1,1000.0, 100.00,2026-07-09
FIEMIND, EQ, 09-Jul-2026,2180.7,2204.9,2236.5,2199.5,2214.4,2208.8,2219.66,19840,440.38,4549,10750.0, 54.18,2026-07-09
FILATEX, EQ, 09-Jul-2026,58.05,58.34,62.4,57.79,61.1,61.06,60.93,4293206,2615.7,18623,1802756.0, 41.99,2026-07-09
FILATFASH, BE, 09-Jul-2026,0.19,0.2,0.2,0.19,0.19,0.19,0.19,17076218,33.18,2187,, -,2026-07-09
FINBUD, SM, 09-Jul-2026,122.0,122.0,123.9,120.7,123.9,122.65,121.97,21000,25.61,21,14000.0, 66.67,2026-07-09
FINCABLES, EQ, 09-Jul-2026,1028.9,1028.9,1054.0,1025.5,1049.9,1046.6,1045.36,150312,1571.31,13163,64696.0, 43.04,2026-07-09
FINEORG, EQ, 09-Jul-2026,4878.0,4875.0,4991.5,4875.0,4954.0,4969.5,4950.79,14226,704.3,2996,8153.0, 57.31,2026-07-09
FINIETF, EQ, 09-Jul-2026,32.07,32.1,32.99,32.1,32.8,32.68,32.41,243191,78.81,994,170179.0, 69.98,2026-07-09
FINKURVE, EQ, 09-Jul-2026,64.6,64.98,66.85,64.5,65.8,65.51,65.16,26385,17.19,1119,12698.0, 48.13,2026-07-09
FINOPB, EQ, 09-Jul-2026,131.25,131.99,136.89,131.33,135.0,134.65,134.99,203597,274.83,2846,83891.0, 41.20,2026-07-09
FINPIPE, EQ, 09-Jul-2026,165.03,165.34,168.6,165.02,167.5,167.22,167.21,323404,540.75,9132,143759.0, 44.45,2026-07-09
FIRSTCRY, EQ, 09-Jul-2026,206.65,207.9,209.47,202.56,203.68,203.44,205.9,1966577,4049.09,24846,915346.0, 46.55,2026-07-09
FISCHER, EQ, 09-Jul-2026,37.13,37.61,38.53,37.13,38.1,38.09,37.79,1955208,738.79,3239,167244.0, 8.55,2026-07-09
FIVESTAR, EQ, 09-Jul-2026,538.0,538.0,551.95,530.35,549.4,549.7,542.03,424018,2298.31,18637,173702.0, 40.97,2026-07-09
FLAIR, EQ, 09-Jul-2026,258.25,261.55,263.4,257.55,262.4,262.05,261.33,84857,221.76,2024,29117.0, 34.31,2026-07-09
FLEXIADD, EQ, 09-Jul-2026,9.68,9.72,9.8,9.68,9.8,9.76,9.76,34667,3.38,318,29675.0, 85.60,2026-07-09
FLEXITUFF, BE, 09-Jul-2026,5.25,5.51,5.51,5.06,5.3,5.25,5.3,23704,1.26,97,, -,2026-07-09
FLFL, BZ, 09-Jul-2026,1.36,1.38,1.38,1.32,1.33,1.33,1.34,10696,0.14,33,, -,2026-07-09
FLUOROCHEM, EQ, 09-Jul-2026,3849.4,3843.9,3910.8,3827.9,3860.7,3863.6,3878.03,50636,1963.68,7332,23193.0, 45.80,2026-07-09
FLYSBS, SM, 09-Jul-2026,440.3,445.0,460.0,445.0,457.0,457.95,454.68,13000,59.11,62,9400.0, 72.31,2026-07-09
FMCGADD, EQ, 09-Jul-2026,49.1,49.65,49.71,49.35,49.35,49.55,49.59,2487,1.23,17,1314.0, 52.83,2026-07-09
FMCGIETF, EQ, 09-Jul-2026,52.53,52.73,53.24,52.71,52.89,52.89,53.01,543781,288.24,2190,317868.0, 58.46,2026-07-09
FMGOETZE, EQ, 09-Jul-2026,440.65,447.2,452.15,442.6,446.05,449.35,447.71,22980,102.88,969,13321.0, 57.97,2026-07-09
FMNL, BE, 09-Jul-2026,10.02,10.04,10.46,9.86,10.16,10.16,10.27,9286,0.95,27,, -,2026-07-09
FOCUS, BE, 09-Jul-2026,82.79,83.61,85.8,80.05,83.65,82.55,82.58,18944,15.64,287,, -,2026-07-09
FONEBOX, SM, 09-Jul-2026,70.75,70.75,74.25,70.75,74.25,74.25,72.63,4000,2.91,4,4000.0, 100.00,2026-07-09
FOODSIN, EQ, 09-Jul-2026,58.69,59.0,63.49,59.0,63.1,62.64,62.35,263330,164.19,2687,142354.0, 54.06,2026-07-09
FORCAS, SM, 09-Jul-2026,128.8,131.15,141.9,130.5,140.0,140.0,138.48,171200,237.07,72,144000.0, 84.11,2026-07-09
FORCEMOT, EQ, 09-Jul-2026,17864.0,18020.0,18430.0,17975.0,18144.0,18167.0,18245.21,68413,12482.1,20134,23647.0, 34.57,2026-07-09
FORGEAUTO, SM, 09-Jul-2026,84.5,88.7,88.7,88.7,88.7,88.7,88.7,4800,4.26,4,4800.0, 100.00,2026-07-09
FORTIS, EQ, 09-Jul-2026,943.75,944.25,964.0,944.25,950.4,951.45,954.6,1998003,19072.99,45708,1326367.0, 66.38,2026-07-09
FOSECOIND, EQ, 09-Jul-2026,5138.5,5150.0,5244.5,5121.0,5126.0,5145.0,5181.36,1585,82.12,487,620.0, 39.12,2026-07-09
FRACTAL, EQ, 09-Jul-2026,818.9,820.0,850.0,820.0,844.0,841.25,840.15,216914,1822.4,13795,82034.0, 37.82,2026-07-09
FRESHARA, SM, 09-Jul-2026,278.4,278.4,295.05,278.4,295.0,295.0,292.64,73800,215.97,96,49800.0, 67.48,2026-07-09
FROG, ST, 09-Jul-2026,172.0,172.0,175.0,171.0,174.0,173.55,172.5,8400,14.49,19,8000.0, 95.24,2026-07-09
FRONTSP, EQ, 09-Jul-2026,1411.0,1419.5,1449.0,1411.0,1441.0,1442.1,1435.95,11075,159.03,1430,5038.0, 45.49,2026-07-09
FSL, EQ, 09-Jul-2026,237.19,237.75,245.45,237.55,242.7,242.94,242.95,684759,1663.63,18848,267402.0, 39.05,2026-07-09
FUSION, EQ, 09-Jul-2026,220.29,220.29,233.33,219.18,229.0,229.32,228.15,2169577,4949.95,37185,1261582.0, 58.15,2026-07-09
FWSTC, SM, 09-Jul-2026,194.0,198.0,198.0,198.0,198.0,198.0,198.0,1200,2.38,2,1200.0, 100.00,2026-07-09
GABRIEL, EQ, 09-Jul-2026,1231.0,1231.0,1269.0,1230.5,1244.0,1254.1,1254.9,159878,2006.32,12932,57804.0, 36.16,2026-07-09
GAEL, EQ, 09-Jul-2026,159.3,160.71,161.85,155.6,156.9,158.41,159.62,1309602,2090.41,11012,999492.0, 76.32,2026-07-09
GAIL, EQ, 09-Jul-2026,169.24,169.0,172.29,168.54,170.7,170.2,170.91,10798380,18455.98,52606,5880988.0, 54.46,2026-07-09
GAJANAND, SM, 09-Jul-2026,8.05,8.1,8.1,8.1,8.1,8.1,8.1,6000,0.49,2,6000.0, 100.00,2026-07-09
GALAPREC, EQ, 09-Jul-2026,1140.4,1151.8,1229.9,1146.1,1219.0,1182.6,1194.84,67928,811.63,6735,24498.0, 36.06,2026-07-09
GALAXYSURF, EQ, 09-Jul-2026,1991.5,1992.0,2020.7,1992.0,2000.0,2001.8,2003.37,5498,110.15,978,3244.0, 59.00,2026-07-09
GALLANTT, EQ, 09-Jul-2026,651.55,661.5,670.1,652.8,665.0,662.8,664.56,23804,158.19,1646,10691.0, 44.91,2026-07-09
GANDHAR, EQ, 09-Jul-2026,189.79,190.1,196.8,189.26,193.24,193.35,193.73,721145,1397.04,10692,312655.0, 43.36,2026-07-09
GANDHITUBE, EQ, 09-Jul-2026,849.55,854.0,865.4,849.15,853.0,859.05,856.88,4294,36.79,290,2590.0, 60.32,2026-07-09
GANECOS, EQ, 09-Jul-2026,1077.95,1074.35,1145.65,1070.0,1131.75,1136.45,1115.15,374976,4181.53,17914,166662.0, 44.45,2026-07-09
GANESHBE, EQ, 09-Jul-2026,95.53,95.53,98.9,95.53,97.95,96.65,97.1,189932,184.43,3090,96792.0, 50.96,2026-07-09
GANESHCP, EQ, 09-Jul-2026,190.91,191.01,193.45,188.21,189.54,190.02,191.49,78460,150.24,1169,52351.0, 66.72,2026-07-09
GANESHHOU, EQ, 09-Jul-2026,822.75,824.7,878.0,820.3,868.2,866.15,863.19,175343,1513.54,11890,71002.0, 40.49,2026-07-09
GANESHIN, ST, 09-Jul-2026,92.45,94.95,94.95,90.7,91.15,91.15,92.32,11200,10.34,12,8000.0, 71.43,2026-07-09
GANGABATH, SM, 09-Jul-2026,21.35,21.95,21.95,21.0,21.0,21.15,21.35,12000,2.56,4,6000.0, 50.00,2026-07-09
GANGAFORGE, BE, 09-Jul-2026,2.13,2.13,2.18,2.06,2.15,2.13,2.13,276087,5.88,248,, -,2026-07-09
GANGESSECU, EQ, 09-Jul-2026,114.83,115.4,118.75,115.4,117.0,117.22,116.85,1901,2.22,27,1231.0, 64.76,2026-07-09
GARFIBRES, EQ, 09-Jul-2026,702.3,702.3,733.45,702.3,721.0,722.8,723.34,47034,340.21,5416,21281.0, 45.25,2026-07-09
GARUDA, EQ, 09-Jul-2026,173.39,173.0,176.99,172.4,174.55,173.91,175.1,212881,372.76,4452,83408.0, 39.18,2026-07-09
GATECH, EQ, 09-Jul-2026,0.48,0.49,0.49,0.48,0.48,0.48,0.48,2226456,10.8,581,1385609.0, 62.23,2026-07-09
GATECHDVR, EQ, 09-Jul-2026,0.44,0.46,0.46,0.38,0.46,0.44,0.43,696932,3.02,217,415563.0, 59.63,2026-07-09
GATEWAY, EQ, 09-Jul-2026,58.03,58.11,59.59,57.71,57.84,57.93,58.49,1101689,644.42,7553,622672.0, 56.52,2026-07-09
GAUDIUMIVF, BE, 09-Jul-2026,113.51,111.0,119.18,107.84,119.18,119.18,114.43,297846,340.81,1362,, -,2026-07-09
GAYAHWS, EQ, 09-Jul-2026,1.85,1.86,1.92,1.81,1.83,1.81,1.84,573153,10.54,478,436074.0, 76.08,2026-07-09
GAYAPROJ, BE, 09-Jul-2026,20.39,20.64,21.2,20.25,20.8,20.78,20.69,242649,50.21,889,, -,2026-07-09
GCHOTELS, ST, 09-Jul-2026,118.3,118.3,118.3,113.0,116.5,116.5,115.44,25200,29.09,34,24600.0, 97.62,2026-07-09
GCSL, EQ, 09-Jul-2026,472.85,474.25,496.0,474.25,490.1,489.7,485.63,739126,3589.41,5077,336087.0, 45.47,2026-07-09
GEECEE, BE, 09-Jul-2026,339.55,347.8,351.45,330.55,332.35,332.35,344.05,1654,5.69,23,, -,2026-07-09
GEEKAYWIRE, EQ, 09-Jul-2026,23.44,23.11,25.4,23.11,24.3,24.71,24.44,86161,21.06,745,46481.0, 53.95,2026-07-09
GEMAROMA, EQ, 09-Jul-2026,203.62,209.0,222.69,206.22,210.01,210.66,214.26,3502127,7503.67,40196,338333.0, 9.66,2026-07-09
GENCON, EQ, 09-Jul-2026,41.33,42.07,42.67,41.31,42.0,41.7,41.93,233954,98.1,1239,9741.0, 4.16,2026-07-09
GENESYS, EQ, 09-Jul-2026,318.65,321.35,332.55,319.3,325.7,322.95,325.28,178900,581.92,4606,80020.0, 44.73,2026-07-09
GENUSPAPER, EQ, 09-Jul-2026,11.31,11.3,11.47,11.16,11.35,11.28,11.32,40919,4.63,304,31908.0, 77.98,2026-07-09
GENUSPOWER, EQ, 09-Jul-2026,301.6,305.45,311.3,304.15,306.75,307.05,307.48,1721722,5294.0,18247,791087.0, 45.95,2026-07-09
GENXAI, SM, 09-Jul-2026,89.2,85.5,92.0,85.5,89.4,88.45,89.16,48000,42.8,35,30000.0, 62.50,2026-07-09
GEOJITFSL, EQ, 09-Jul-2026,77.13,77.5,79.62,77.5,79.5,79.16,78.97,309817,244.68,3072,181553.0, 58.60,2026-07-09
GESHIP, EQ, 09-Jul-2026,1375.1,1380.1,1428.7,1378.2,1416.0,1414.2,1416.32,351376,4976.62,29733,157083.0, 44.71,2026-07-09
GFLLIMITED, EQ, 09-Jul-2026,45.35,46.5,46.59,44.76,45.2,45.4,45.71,38222,17.47,1281,17327.0, 45.33,2026-07-09
GGBL, SM, 09-Jul-2026,266.1,267.0,272.0,264.4,267.3,267.7,267.61,18600,49.78,59,9900.0, 53.23,2026-07-09
GHCL, EQ, 09-Jul-2026,421.55,426.25,430.35,421.3,426.25,428.35,428.01,177009,757.62,4420,101822.0, 57.52,2026-07-09
GHCLTEXTIL, EQ, 09-Jul-2026,105.34,105.99,109.79,105.56,108.04,107.71,107.99,505493,545.89,5018,274377.0, 54.28,2026-07-09
GICHSGFIN, EQ, 09-Jul-2026,151.1,150.38,151.88,150.38,151.0,150.84,151.04,56410,85.2,871,28506.0, 50.53,2026-07-09
GICL, EQ, 09-Jul-2026,16.39,15.61,17.2,15.61,17.2,17.2,16.88,301589,50.9,393,223744.0, 74.19,2026-07-09
GICRE, EQ, 09-Jul-2026,356.15,358.15,365.0,357.6,361.8,362.7,362.11,588247,2130.09,22739,288480.0, 49.04,2026-07-09
GILLANDERS, EQ, 09-Jul-2026,88.67,89.1,91.75,88.54,90.44,89.69,91.1,13083,11.92,115,9789.0, 74.82,2026-07-09
GILLETTE, EQ, 09-Jul-2026,7708.0,7750.0,7848.0,7728.5,7787.5,7788.5,7788.82,11488,894.78,3509,6292.0, 54.77,2026-07-09
GILT10BETA, EQ, 09-Jul-2026,27.05,26.86,26.86,26.34,26.78,26.78,26.77,729,0.2,18,645.0, 88.48,2026-07-09
GILT5BETA, EQ, 09-Jul-2026,66.79,66.67,66.67,65.5,66.64,66.64,65.92,685,0.45,8,683.0, 99.71,2026-07-09
GILT5YBEES, EQ, 09-Jul-2026,65.77,65.66,66.14,65.43,65.88,65.79,65.64,3332422,2187.41,1192,3149904.0, 94.52,2026-07-09
GINNIFILA, BE, 09-Jul-2026,51.59,51.0,54.16,50.0,54.15,54.04,51.89,114671,59.5,330,, -,2026-07-09
GIPCL, EQ, 09-Jul-2026,157.33,157.51,164.85,156.71,162.61,162.96,162.17,550406,892.58,7977,281251.0, 51.10,2026-07-09
GIRIRAJ, SM, 09-Jul-2026,122.6,131.0,131.0,128.0,128.55,128.85,128.74,3500,4.51,13,1250.0, 35.71,2026-07-09
GJL, ST, 09-Jul-2026,169.0,161.0,172.3,160.55,166.0,166.0,166.94,70400,117.52,21,69600.0, 98.86,2026-07-09
GKENERGY, EQ, 09-Jul-2026,142.13,143.5,152.18,143.5,145.5,145.13,147.86,1216427,1798.61,13002,509841.0, 41.91,2026-07-09
GKSL, EQ, 09-Jul-2026,128.55,129.2,133.38,129.01,131.22,130.98,131.79,252281,332.48,3961,86590.0, 34.32,2026-07-09
GKWLIMITED, EQ, 09-Jul-2026,1737.9,1737.9,1740.0,1723.0,1725.0,1725.0,1733.47,82,1.42,11,72.0, 87.80,2026-07-09
GLAND, EQ, 09-Jul-2026,2495.8,2488.0,2522.0,2462.2,2465.5,2469.5,2484.55,359295,8926.86,41758,193081.0, 53.74,2026-07-09
GLAXO, EQ, 09-Jul-2026,2410.8,2410.8,2460.8,2397.3,2430.8,2440.4,2443.98,71685,1751.96,10479,36598.0, 51.05,2026-07-09
GLENMARK, EQ, 09-Jul-2026,2223.7,2227.9,2293.8,2227.1,2274.0,2267.2,2273.89,427091,9711.57,38505,195910.0, 45.87,2026-07-09
GLFL, BE, 09-Jul-2026,5.95,5.97,5.97,5.97,5.97,5.97,5.97,102,0.01,2,, -,2026-07-09
GLOBAL, EQ, 09-Jul-2026,99.91,99.91,103.0,99.42,102.2,101.3,101.48,18653,18.93,224,13424.0, 71.97,2026-07-09
GLOBALE, BE, 09-Jul-2026,11.5,11.4,11.5,10.93,10.93,10.93,10.95,15234,1.67,36,, -,2026-07-09
GLOBALPET, ST, 09-Jul-2026,152.0,152.0,152.0,152.0,152.0,152.0,152.0,750,1.14,1,750.0, 100.00,2026-07-09
GLOBALVECT, EQ, 09-Jul-2026,157.24,158.06,162.5,155.35,157.48,156.31,158.45,6204,9.83,372,3584.0, 57.77,2026-07-09
GLOBE, EQ, 09-Jul-2026,2.12,2.12,2.2,2.1,2.17,2.16,2.16,233853,5.05,208,192277.0, 82.22,2026-07-09
GLOBECIVIL, BE, 09-Jul-2026,41.19,41.0,42.65,41.0,42.32,41.8,42.19,18452,7.78,126,, -,2026-07-09
GLOBUSSPR, EQ, 09-Jul-2026,888.15,890.0,937.0,890.0,913.2,921.55,921.71,133881,1233.99,7167,55800.0, 41.68,2026-07-09
GLOSTERLTD, EQ, 09-Jul-2026,641.95,641.95,659.8,636.0,659.8,645.75,647.41,1157,7.49,239,808.0, 69.84,2026-07-09
GLOTTIS, BE, 09-Jul-2026,66.26,65.93,67.35,65.93,67.01,67.01,66.8,33686,22.5,241,, -,2026-07-09
GMBREW, EQ, 09-Jul-2026,959.7,965.5,1020.65,952.55,963.0,965.55,984.36,1043341,10270.21,44798,145712.0, 13.97,2026-07-09
GMDCLTD, EQ, 09-Jul-2026,583.55,585.0,596.75,579.75,586.6,586.1,588.57,892071,5250.46,22675,226473.0, 25.39,2026-07-09
GML, SM, 09-Jul-2026,18.5,18.15,18.15,18.0,18.0,18.0,18.06,8000,1.45,4,8000.0, 100.00,2026-07-09
GMMPFAUDLR, EQ, 09-Jul-2026,759.75,760.1,776.0,760.1,764.15,764.8,770.26,68510,527.7,2863,43381.0, 63.32,2026-07-09
GMRAIRPORT, EQ, 09-Jul-2026,111.01,111.01,113.2,111.01,111.91,111.83,112.4,19447181,21858.49,49833,13224406.0, 68.00,2026-07-09
GMRP&UI, EQ, 09-Jul-2026,97.74,97.99,100.2,97.99,99.38,99.04,99.33,662896,658.47,5869,311108.0, 46.93,2026-07-09
GNA, EQ, 09-Jul-2026,459.4,456.4,473.7,456.4,472.0,469.9,468.76,97054,454.95,4890,49898.0, 51.41,2026-07-09
GNFC, EQ, 09-Jul-2026,497.7,498.0,509.85,497.7,504.1,504.6,504.99,211498,1068.04,9729,105322.0, 49.80,2026-07-09
GNRL, EQ, 09-Jul-2026,102.81,103.0,104.7,101.7,102.5,102.33,103.09,100429,103.53,2013,35897.0, 35.74,2026-07-09
GOACARBON, EQ, 09-Jul-2026,383.05,382.6,394.0,382.6,393.0,393.25,390.92,7759,30.33,399,5562.0, 71.68,2026-07-09
GOCLCORP, EQ, 09-Jul-2026,394.5,399.65,414.55,397.8,409.8,410.0,409.22,92052,376.7,4471,36508.0, 39.66,2026-07-09
GOCOLORS, EQ, 09-Jul-2026,331.55,333.0,336.45,320.75,323.0,323.6,327.81,619468,2030.69,12951,158022.0, 25.51,2026-07-09
GODAVARIB, EQ, 09-Jul-2026,260.6,262.0,269.9,262.0,266.4,265.95,266.31,61143,162.83,2047,27704.0, 45.31,2026-07-09
GODFRYPHLP, EQ, 09-Jul-2026,2082.5,2089.0,2116.2,2080.1,2106.0,2103.0,2101.28,160140,3364.99,14445,49228.0, 30.74,2026-07-09
GODIGIT, EQ, 09-Jul-2026,302.8,301.5,306.9,300.9,301.0,301.85,303.08,125844,381.41,7327,71277.0, 56.64,2026-07-09
GODREJAGRO, EQ, 09-Jul-2026,553.45,553.5,563.5,553.5,562.5,562.0,561.15,77947,437.4,4088,42330.0, 54.31,2026-07-09
GODREJCP, EQ, 09-Jul-2026,1075.2,1070.0,1096.8,1066.8,1086.5,1087.4,1089.03,346180,3769.99,18169,131539.0, 38.00,2026-07-09
GODREJIND, EQ, 09-Jul-2026,1216.4,1216.2,1254.7,1213.1,1221.6,1219.2,1232.24,173181,2134.0,11801,83348.0, 48.13,2026-07-09
GODREJPROP, EQ, 09-Jul-2026,1979.5,1990.0,2044.5,1984.1,2028.4,2029.9,2027.8,498659,10111.82,26291,168583.0, 33.81,2026-07-09
GOKEX, EQ, 09-Jul-2026,808.65,809.0,841.6,800.0,832.5,831.65,828.88,407072,3374.16,20057,161589.0, 39.70,2026-07-09
GOKUL, EQ, 09-Jul-2026,40.12,40.13,41.0,39.75,40.25,40.42,40.53,166713,67.58,675,29859.0, 17.91,2026-07-09
GOKULAGRO, EQ, 09-Jul-2026,206.61,207.64,219.26,206.68,212.5,212.8,214.74,645934,1387.06,14393,144447.0, 22.36,2026-07-09
GOLD1, EQ, 09-Jul-2026,118.06,118.01,119.79,118.01,119.54,119.55,119.34,1173234,1400.14,6141,712758.0, 60.75,2026-07-09
GOLD360, EQ, 09-Jul-2026,138.65,137.75,140.15,137.75,139.4,139.4,138.92,13674,19.0,197,3757.0, 27.48,2026-07-09
GOLDADD, EQ, 09-Jul-2026,137.48,137.45,139.39,137.45,139.26,139.12,138.88,86807,120.56,1013,75139.0, 86.56,2026-07-09
GOLDAXIS, EQ, 09-Jul-2026,117.78,118.96,119.88,114.44,119.78,119.61,118.96,1522082,1810.61,3399,985856.0, 64.77,2026-07-09
GOLDBEES, EQ, 09-Jul-2026,116.96,116.97,118.64,116.92,118.49,118.42,117.93,18641803,21983.39,68338,7376255.0, 39.57,2026-07-09
GOLDBETA, EQ, 09-Jul-2026,119.15,118.3,121.0,118.3,121.0,120.5,120.11,276851,332.54,2010,153915.0, 55.59,2026-07-09
GOLDBND, EQ, 09-Jul-2026,141.41,142.11,143.42,141.64,143.41,143.35,143.12,12411,17.76,98,10307.0, 83.05,2026-07-09
GOLDCASE, EQ, 09-Jul-2026,22.28,22.83,22.83,22.27,22.5,22.51,22.45,14991061,3364.91,10824,6729244.0, 44.89,2026-07-09
GOLDENTOBC, BZ, 09-Jul-2026,25.0,25.0,26.09,25.0,25.0,25.0,25.05,198,0.05,13,, -,2026-07-09
GOLDETF, EQ, 09-Jul-2026,137.65,137.69,139.33,137.64,138.93,139.08,138.86,783072,1087.4,4419,481388.0, 61.47,2026-07-09
GOLDIAM, EQ, 09-Jul-2026,425.05,426.0,433.2,418.75,421.0,420.5,424.15,962915,4084.23,18814,517862.0, 53.78,2026-07-09
GOLDIETF, EQ, 09-Jul-2026,121.16,121.16,124.18,121.14,122.69,122.8,122.34,3776499,4620.32,28633,2284083.0, 60.48,2026-07-09
GOLDTECH, BE, 09-Jul-2026,55.29,52.71,58.05,52.7,58.05,58.05,56.89,24136,13.73,165,, -,2026-07-09
GOODLUCK, EQ, 09-Jul-2026,1453.6,1455.1,1560.0,1455.1,1558.0,1549.8,1533.66,446905,6854.02,21502,215829.0, 48.29,2026-07-09
GOODYEAR, EQ, 09-Jul-2026,767.95,771.4,783.9,765.55,776.0,770.55,775.2,4703,36.46,764,2243.0, 47.69,2026-07-09
GOPAL, EQ, 09-Jul-2026,268.1,268.0,269.95,267.05,268.85,269.05,268.65,22566,60.62,1006,10800.0, 47.86,2026-07-09
GOYALALUM, EQ, 09-Jul-2026,6.74,6.8,6.83,6.01,6.6,6.61,6.48,182677,11.83,777,101808.0, 55.73,2026-07-09
GOYALSALT, SM, 09-Jul-2026,120.0,123.95,123.95,123.95,123.95,123.95,123.95,600,0.74,1,600.0, 100.00,2026-07-09
GPECO, ST, 09-Jul-2026,419.5,425.0,430.0,405.0,405.0,413.75,417.58,21000,87.69,76,20000.0, 95.24,2026-07-09
GPIL, EQ, 09-Jul-2026,246.6,249.75,255.05,246.6,251.3,250.8,251.35,1198319,3011.99,17316,596505.0, 49.78,2026-07-09
GPPL, EQ, 09-Jul-2026,150.27,152.0,152.89,150.89,152.2,152.32,152.24,742019,1129.64,14423,474557.0, 63.95,2026-07-09
GPTHEALTH, EQ, 09-Jul-2026,150.58,150.93,161.0,150.93,158.5,158.32,158.1,253574,400.9,4527,138586.0, 54.65,2026-07-09
GPTINFRA, EQ, 09-Jul-2026,122.9,122.0,126.0,122.0,126.0,123.93,124.18,103560,128.6,9169,51647.0, 49.87,2026-07-09
GRADIENTE, BE, 09-Jul-2026,3.55,3.67,3.67,3.38,3.59,3.56,3.47,969385,33.6,352,, -,2026-07-09
GRANDOAK, EQ, 09-Jul-2026,50.18,47.68,47.68,47.68,47.68,47.68,47.68,6299,3.0,50,6299.0, 100.00,2026-07-09
GRANULES, EQ, 09-Jul-2026,859.55,859.55,897.45,857.55,886.6,882.05,881.29,1603256,14129.26,40335,806010.0, 50.27,2026-07-09
GRAPHISAD, SM, 09-Jul-2026,28.0,27.0,27.0,27.0,27.0,27.0,27.0,1200,0.32,1,1200.0, 100.00,2026-07-09
GRAPHITE, EQ, 09-Jul-2026,579.35,576.7,586.1,570.0,586.0,580.95,579.43,632727,3666.19,30666,212654.0, 33.61,2026-07-09
GRASIM, EQ, 09-Jul-2026,3134.8,3139.0,3222.0,3136.3,3196.0,3191.9,3194.43,936756,29923.98,48990,344186.0, 36.74,2026-07-09
GRAUWEIL, EQ, 09-Jul-2026,78.0,78.98,81.0,77.51,80.0,80.15,80.0,313782,251.03,2634,183661.0, 58.53,2026-07-09
GRAVISSHO, EQ, 09-Jul-2026,29.64,29.65,30.98,29.65,29.81,29.97,29.72,633,0.19,12,520.0, 82.15,2026-07-09
GRAVITA, EQ, 09-Jul-2026,1727.9,1750.0,1853.0,1735.4,1810.0,1811.4,1826.42,1466706,26788.16,77311,522378.0, 35.62,2026-07-09
GRCL, ST, 09-Jul-2026,605.0,615.6,615.6,613.95,613.95,613.95,614.78,500,3.07,2,500.0, 100.00,2026-07-09
GREAVESCOT, EQ, 09-Jul-2026,224.57,225.69,238.69,224.98,237.1,237.23,234.08,4112509,9626.4,40863,1880713.0, 45.73,2026-07-09
GREENCHEF, SM, 09-Jul-2026,48.1,50.0,50.5,49.05,50.5,50.5,49.79,16000,7.97,17,9600.0, 60.00,2026-07-09
GREENLAM, EQ, 09-Jul-2026,249.95,250.35,256.4,250.35,255.7,255.4,253.69,22752,57.72,859,13200.0, 58.02,2026-07-09
GREENLEAF, ST, 09-Jul-2026,102.4,106.85,107.5,106.0,107.5,107.5,107.22,20000,21.44,20,20000.0, 100.00,2026-07-09
GREENPANEL, EQ, 09-Jul-2026,188.76,189.24,196.0,188.96,189.5,190.43,191.04,84792,161.98,4133,38789.0, 45.75,2026-07-09
GREENPLY, EQ, 09-Jul-2026,313.95,313.0,323.45,309.4,310.65,311.05,315.94,369696,1168.03,4830,266009.0, 71.95,2026-07-09
GREENPOWER, EQ, 09-Jul-2026,10.14,10.08,10.23,10.08,10.15,10.11,10.14,1379302,139.88,3248,672762.0, 48.78,2026-07-09
GRINDWELL, EQ, 09-Jul-2026,2018.0,2020.0,2052.2,2002.3,2022.6,2020.7,2022.57,56220,1137.09,12771,35422.0, 63.01,2026-07-09
GRINFRA, EQ, 09-Jul-2026,877.85,882.5,898.6,878.0,888.0,891.45,891.08,15686,139.78,1617,8067.0, 51.43,2026-07-09
GRMOVER, EQ, 09-Jul-2026,96.53,96.0,99.5,95.59,98.0,97.98,97.52,1733406,1690.48,29701,1099676.0, 63.44,2026-07-09
GROBTEA, EQ, 09-Jul-2026,924.2,938.9,940.1,902.3,902.3,902.3,921.04,80,0.74,28,43.0, 53.75,2026-07-09
GROWW, EQ, 09-Jul-2026,191.84,193.0,198.9,192.79,198.5,198.44,196.72,22339788,43945.94,133594,10642865.0, 47.64,2026-07-09
GROWWCAPM, EQ, 09-Jul-2026,11.21,11.43,11.6,11.21,11.6,11.53,11.5,997872,114.75,565,551102.0, 55.23,2026-07-09
GROWWCHEM, EQ, 09-Jul-2026,29.1,29.29,29.5,29.01,29.32,29.21,29.29,32144,9.42,223,15750.0, 49.00,2026-07-09
GROWWDEFNC, EQ, 09-Jul-2026,93.43,94.17,94.17,92.59,93.42,93.33,93.27,286861,267.57,2964,170023.0, 59.27,2026-07-09
GROWWEV, EQ, 09-Jul-2026,30.91,31.0,31.19,30.84,31.0,30.92,31.02,151653,47.04,1336,86464.0, 57.01,2026-07-09
GROWWGOLD, EQ, 09-Jul-2026,13.82,13.87,14.03,13.81,13.96,13.99,13.92,2885019,401.6,2793,568392.0, 19.70,2026-07-09
GROWWHOSPI, EQ, 09-Jul-2026,53.28,53.32,54.69,52.8,54.1,54.06,54.07,1216057,657.5,1292,1021449.0, 84.00,2026-07-09
GROWWLIQID, EQ, 09-Jul-2026,109.81,109.82,109.83,109.82,109.83,109.82,109.83,142562,156.57,257,118626.0, 83.21,2026-07-09
GROWWLOVOL, EQ, 09-Jul-2026,10.19,10.24,10.39,10.02,10.23,10.25,10.3,27577,2.84,111,22846.0, 82.84,2026-07-09
GROWWMC150, EQ, 09-Jul-2026,226.32,226.63,229.66,226.63,228.53,228.53,228.59,378,0.86,23,274.0, 72.49,2026-07-09
GROWWMETAL, EQ, 09-Jul-2026,11.88,11.87,12.1,11.7,11.93,11.93,11.9,246866,29.38,1277,109655.0, 44.42,2026-07-09
GROWWMOM50, EQ, 09-Jul-2026,10.48,10.48,10.63,10.31,10.61,10.58,10.59,80861,8.56,347,29384.0, 36.34,2026-07-09
GROWWN200, EQ, 09-Jul-2026,11.14,11.1,11.29,11.1,11.26,11.25,11.24,45088,5.07,168,42560.0, 94.39,2026-07-09
GROWWNET, EQ, 09-Jul-2026,9.7,9.89,10.02,9.55,10.02,9.97,9.97,863675,86.07,637,605668.0, 70.13,2026-07-09
GROWWNIFTY, EQ, 09-Jul-2026,9.66,9.9,9.94,9.62,9.66,9.66,9.7,589976,57.21,4312,437509.0, 74.16,2026-07-09
GROWWNXT50, EQ, 09-Jul-2026,71.11,71.2,71.93,71.2,71.43,71.7,71.68,5796,4.15,101,3182.0, 54.90,2026-07-09
GROWWPOWER, EQ, 09-Jul-2026,11.64,11.73,11.77,11.6,11.67,11.63,11.67,1976851,230.74,2332,1097060.0, 55.50,2026-07-09
GROWWPSE, EQ, 09-Jul-2026,98.46,97.5,99.14,96.08,98.79,98.61,98.49,2556,2.52,69,2036.0, 79.66,2026-07-09
GROWWPSUBK, EQ, 09-Jul-2026,81.23,77.57,82.68,77.57,82.55,82.18,82.15,13268,10.9,183,5449.0, 41.07,2026-07-09
GROWWRAIL, EQ, 09-Jul-2026,28.45,28.54,28.63,28.31,28.59,28.51,28.53,459374,131.05,1837,350879.0, 76.38,2026-07-09
GROWWRLTY, EQ, 09-Jul-2026,9.81,9.81,10.19,9.81,9.93,10.13,10.03,629629,63.18,606,544447.0, 86.47,2026-07-09
GROWWSC250, EQ, 09-Jul-2026,10.18,10.64,10.64,10.15,10.27,10.3,10.31,84708,8.73,401,63359.0, 74.80,2026-07-09
GROWWSLVR, EQ, 09-Jul-2026,21.5,21.43,21.9,21.32,21.83,21.82,21.55,2920754,629.34,3103,554195.0, 18.97,2026-07-09
GRPLTD, EQ, 09-Jul-2026,1898.2,1910.5,1959.0,1900.0,1950.0,1941.9,1934.25,2832,54.78,464,1766.0, 62.36,2026-07-09
GRSE, EQ, 09-Jul-2026,2619.6,2619.9,2657.7,2607.3,2627.5,2627.3,2634.25,315209,8303.4,22191,99360.0, 31.52,2026-07-09
GRWRHITECH, EQ, 09-Jul-2026,6821.5,6826.0,7060.0,6826.0,6935.0,6922.0,6972.76,47051,3280.75,8093,24102.0, 51.23,2026-07-09
GSEC10ABSL, EQ, 09-Jul-2026,114.93,114.72,114.72,114.28,114.28,114.28,114.7,93,0.11,3,93.0, 100.00,2026-07-09
GSEC10IETF, EQ, 09-Jul-2026,265.16,265.46,265.46,263.1,265.45,265.45,265.45,818,2.17,13,817.0, 99.88,2026-07-09
GSEC10YEAR, EQ, 09-Jul-2026,30.39,30.52,30.52,30.39,30.43,30.43,30.4,1186,0.36,27,1156.0, 97.47,2026-07-09
GSEC5IETF, EQ, 09-Jul-2026,66.01,66.26,66.42,65.83,66.42,65.91,66.08,6683,4.42,31,3823.0, 57.20,2026-07-09
GSFC, EQ, 09-Jul-2026,159.29,159.35,162.59,159.1,162.5,161.64,160.95,489859,788.41,6755,248590.0, 50.75,2026-07-09
GSLSU, EQ, 09-Jul-2026,39.04,38.85,40.59,38.0,38.0,38.53,38.8,24971,9.69,616,13201.0, 52.87,2026-07-09
GSMFOILS, SM, 09-Jul-2026,241.35,246.0,256.0,240.3,256.0,254.8,250.26,65000,162.67,113,45500.0, 70.00,2026-07-09
GSPCROP, EQ, 09-Jul-2026,384.45,388.0,401.35,385.6,392.0,394.7,394.5,401612,1584.36,3143,258239.0, 64.30,2026-07-09
GSS, BE, 09-Jul-2026,12.4,12.88,12.88,12.35,12.44,12.44,12.59,6034,0.76,41,, -,2026-07-09
GSTL, ST, 09-Jul-2026,15.5,14.75,14.75,14.75,14.75,14.75,14.75,4000,0.59,4,4000.0, 100.00,2026-07-09
GTECJAINX, BE, 09-Jul-2026,26.77,26.24,26.24,26.24,26.24,26.24,26.24,8176,2.15,10,, -,2026-07-09
GTL, EQ, 09-Jul-2026,7.33,7.33,7.5,7.23,7.35,7.31,7.36,183922,13.54,613,123056.0, 66.91,2026-07-09
GTLINFRA, EQ, 09-Jul-2026,1.31,1.31,1.35,1.31,1.33,1.32,1.33,28667090,380.92,12753,10200234.0, 35.58,2026-07-09
GTPL, EQ, 09-Jul-2026,59.6,61.1,61.49,58.4,58.91,59.23,59.86,37214,22.28,690,22631.0, 60.81,2026-07-09
GUFICBIO, EQ, 09-Jul-2026,380.05,377.2,391.35,377.2,387.8,386.95,383.79,132008,506.63,3561,79151.0, 59.96,2026-07-09
GUJALKALI, EQ, 09-Jul-2026,582.2,582.2,593.0,582.2,592.3,590.85,589.44,16025,94.46,1134,6323.0, 39.46,2026-07-09
GUJAPOLLO, EQ, 09-Jul-2026,346.65,353.95,369.9,345.05,351.0,348.65,352.31,41583,146.5,1640,27178.0, 65.36,2026-07-09
GUJENERGY, BE, 09-Jul-2026,286.85,290.4,290.4,285.0,285.9,286.45,288.68,731679,2112.23,9683,, -,2026-07-09
GUJRAFFIA, EQ, 09-Jul-2026,39.84,41.46,41.46,39.84,40.67,40.67,40.84,7739,3.16,54,7192.0, 92.93,2026-07-09
GUJTHEM, EQ, 09-Jul-2026,366.4,369.65,379.35,369.05,375.8,374.55,374.16,38626,144.52,1255,19597.0, 50.74,2026-07-09
GULFOILLUB, EQ, 09-Jul-2026,1039.4,1036.8,1051.0,1030.8,1051.0,1044.3,1040.85,45109,469.52,4885,29997.0, 66.50,2026-07-09
GULFPETRO, BE, 09-Jul-2026,37.99,38.25,38.47,37.0,38.0,37.95,37.72,24715,9.32,135,, -,2026-07-09
GULPOLY, EQ, 09-Jul-2026,184.38,184.8,187.0,183.0,185.75,184.02,184.92,126412,233.77,2521,54901.0, 43.43,2026-07-09
GURUNANAK, ST, 09-Jul-2026,44.0,44.0,44.0,44.0,44.0,44.0,44.0,1600,0.7,1,1600.0, 100.00,2026-07-09
GVKPIL, BE, 09-Jul-2026,2.56,2.56,2.59,2.51,2.53,2.52,2.53,732555,18.53,912,, -,2026-07-09
GVPIL, EQ, 09-Jul-2026,849.55,850.0,885.0,850.0,860.0,860.7,866.58,183931,1593.9,7923,80663.0, 43.86,2026-07-09
GVPTECH, EQ, 09-Jul-2026,6.79,6.79,7.09,6.79,6.9,6.89,6.93,38390,2.66,234,29594.0, 77.09,2026-07-09
GVT&D, EQ, 09-Jul-2026,4466.7,4475.0,4677.3,4475.0,4665.5,4643.4,4596.2,537743,24715.72,53402,265029.0, 49.29,2026-07-09
HAL, EQ, 09-Jul-2026,4364.7,4350.0,4397.5,4331.0,4394.0,4378.9,4368.23,584196,25519.01,40374,293736.0, 50.28,2026-07-09
HALDER, EQ, 09-Jul-2026,219.34,219.34,239.9,219.34,239.89,238.41,231.61,581,1.35,56,363.0, 62.48,2026-07-09
HALDYNGL, BE, 09-Jul-2026,118.52,117.2,120.75,117.2,120.5,118.96,118.9,7975,9.48,96,, -,2026-07-09
HALEOSLABS, EQ, 09-Jul-2026,1546.8,1538.9,1585.9,1536.4,1558.0,1546.8,1547.84,292,4.52,84,160.0, 54.79,2026-07-09
HAPPSTMNDS, EQ, 09-Jul-2026,344.35,345.15,373.8,344.85,365.4,365.6,366.63,3673850,13469.57,78152,1057950.0, 28.80,2026-07-09
HAPPYFORGE, EQ, 09-Jul-2026,1520.8,1510.0,1585.0,1510.0,1565.0,1564.1,1570.05,94692,1486.71,11563,40422.0, 42.69,2026-07-09
HARDWYN, EQ, 09-Jul-2026,24.67,25.16,25.19,24.3,24.45,24.45,24.65,2858078,704.47,2554,374078.0, 13.09,2026-07-09
HARIOMPIPE, EQ, 09-Jul-2026,384.65,383.9,391.8,381.0,383.5,382.85,386.28,129675,500.91,4456,65448.0, 50.47,2026-07-09
HARRMALAYA, EQ, 09-Jul-2026,199.07,204.0,204.0,200.0,201.69,201.15,201.53,5034,10.15,285,2685.0, 53.34,2026-07-09
HARSHA, EQ, 09-Jul-2026,417.85,420.0,426.35,417.0,422.45,420.7,422.26,105217,444.28,4155,44337.0, 42.14,2026-07-09
HATHWAY, EQ, 09-Jul-2026,10.79,10.84,11.02,10.77,10.9,10.89,10.92,1372992,149.91,4068,687593.0, 50.08,2026-07-09
HATSUN, EQ, 09-Jul-2026,902.35,907.1,908.95,902.55,903.0,904.6,904.71,14930,135.07,2048,10222.0, 68.47,2026-07-09
HAVELLS, EQ, 09-Jul-2026,1207.8,1212.0,1223.0,1182.6,1194.5,1190.8,1199.36,2319664,27821.08,70861,1459129.0, 62.90,2026-07-09
HAVISHA, EQ, 09-Jul-2026,1.27,1.3,1.3,1.15,1.17,1.17,1.19,272470,3.23,337,169105.0, 62.06,2026-07-09
HAWKINCOOK, EQ, 09-Jul-2026,8799.0,8820.0,9048.0,8795.0,8990.0,8964.0,8970.27,3067,275.12,718,2309.0, 75.29,2026-07-09
HBESD, EQ, 09-Jul-2026,72.96,72.96,79.94,71.25,75.0,74.29,75.38,654,0.49,38,446.0, 68.20,2026-07-09
HBLENGINE, EQ, 09-Jul-2026,757.05,755.05,777.85,755.05,763.4,760.15,764.83,825252,6311.79,30491,395343.0, 47.91,2026-07-09
HBSL, BE, 09-Jul-2026,51.83,51.3,51.95,50.0,51.9,51.9,51.05,1025,0.52,31,, -,2026-07-09
HCC, EQ, 09-Jul-2026,22.8,22.8,23.85,22.75,23.4,23.42,23.3,39226487,9139.22,41489,12739565.0, 32.48,2026-07-09
HCG, EQ, 09-Jul-2026,634.5,634.5,659.1,634.45,655.0,652.7,651.17,112108,730.02,7950,57700.0, 51.47,2026-07-09
HCL-INSYS, EQ, 09-Jul-2026,11.73,11.84,12.14,11.75,12.09,11.9,11.92,186601,22.23,730,113688.0, 60.93,2026-07-09
HCLTECH, EQ, 09-Jul-2026,1145.6,1144.1,1161.9,1121.0,1151.0,1150.4,1146.84,2033525,23321.26,75969,849617.0, 41.78,2026-07-09
HDBFS, EQ, 09-Jul-2026,726.9,723.0,737.9,721.05,735.45,734.9,729.93,413331,3017.01,25943,198583.0, 48.04,2026-07-09
HDFCAMC, EQ, 09-Jul-2026,2659.2,2675.0,2744.9,2662.3,2737.7,2737.1,2722.07,1437375,39126.39,50592,991582.0, 68.99,2026-07-09
HDFCBANK, EQ, 09-Jul-2026,810.3,813.0,822.85,812.3,817.0,817.55,818.64,39891798,326568.71,336701,21911701.0, 54.93,2026-07-09
HDFCBSE500, EQ, 09-Jul-2026,37.04,37.05,39.0,36.93,39.0,37.3,37.27,544094,202.78,232,495676.0, 91.10,2026-07-09
HDFCGOLD, EQ, 09-Jul-2026,120.98,120.99,122.49,120.82,122.3,122.26,121.92,2055024,2505.45,8736,1060692.0, 51.61,2026-07-09
HDFCGROWTH, EQ, 09-Jul-2026,113.53,113.44,113.95,113.0,113.14,113.16,113.39,26803,30.39,203,15148.0, 56.52,2026-07-09
HDFCLIFE, EQ, 09-Jul-2026,555.7,557.0,560.75,551.0,552.4,551.85,554.2,8590339,47607.33,72689,5797590.0, 67.49,2026-07-09
HDFCLIQUID, EQ, 09-Jul-2026,1068.31,1068.47,1068.47,1068.45,1068.47,1068.45,1068.46,19839,211.97,39,10556.0, 53.21,2026-07-09
HDFCLOWVOL, EQ, 09-Jul-2026,20.31,20.45,20.55,20.37,20.42,20.48,20.49,4802,0.98,63,2439.0, 50.79,2026-07-09
HDFCMID150, EQ, 09-Jul-2026,22.77,22.87,23.18,22.87,23.09,23.08,23.09,445452,102.85,1109,274123.0, 61.54,2026-07-09
HDFCMOMENT, EQ, 09-Jul-2026,30.31,30.61,30.65,30.41,30.65,30.5,30.53,42315,12.92,407,26091.0, 61.66,2026-07-09
HDFCNEXT50, EQ, 09-Jul-2026,72.27,72.57,73.23,72.48,73.2,72.81,72.85,367551,267.76,823,219127.0, 59.62,2026-07-09
HDFCNIF100, EQ, 09-Jul-2026,25.72,25.8,25.98,25.72,25.88,25.85,25.9,19789,5.13,241,9349.0, 47.24,2026-07-09
HDFCNIFBAN, EQ, 09-Jul-2026,58.48,58.57,59.21,58.57,59.19,58.99,59.0,1797100,1060.2,1663,1664353.0, 92.61,2026-07-09
HDFCNIFIT, EQ, 09-Jul-2026,29.33,28.59,29.5,28.56,29.32,29.24,29.26,161712,47.32,372,83589.0, 51.69,2026-07-09
HDFCNIFTY, EQ, 09-Jul-2026,269.0,262.27,271.43,262.27,270.3,269.64,270.5,75491,204.21,709,47125.0, 62.42,2026-07-09
HDFCPSUBK, EQ, 09-Jul-2026,81.86,81.87,83.2,81.87,83.12,83.02,82.81,392271,324.84,482,286516.0, 73.04,2026-07-09
HDFCPVTBAN, EQ, 09-Jul-2026,28.0,28.29,28.65,28.17,28.65,28.34,28.31,158270,44.8,319,87074.0, 55.02,2026-07-09
HDFCQUAL, EQ, 09-Jul-2026,56.75,57.5,57.5,56.46,56.67,56.53,56.61,25103,14.21,153,8924.0, 35.55,2026-07-09
HDFCSENSEX, EQ, 09-Jul-2026,86.82,87.32,87.6,86.56,87.27,87.04,87.28,28251,24.66,477,15811.0, 55.97,2026-07-09
HDFCSILVER, EQ, 09-Jul-2026,209.94,208.89,213.72,207.87,213.35,213.14,211.57,2762914,5845.49,14383,823644.0, 29.81,2026-07-09
HDFCSML250, EQ, 09-Jul-2026,177.26,181.69,181.69,177.26,180.6,180.15,179.56,1129664,2028.42,6953,654662.0, 57.95,2026-07-09
HDFCVALUE, EQ, 09-Jul-2026,125.9,125.9,126.48,125.79,125.83,126.08,125.96,4118,5.19,62,3008.0, 73.05,2026-07-09
HDIL, BZ, 09-Jul-2026,1.75,1.7,1.83,1.69,1.7,1.69,1.71,486471,8.3,314,, -,2026-07-09
HEADSUP, EQ, 09-Jul-2026,6.92,7.09,7.09,6.86,6.93,6.93,7.05,67355,4.75,66,66372.0, 98.54,2026-07-09
HEALTHADD, EQ, 09-Jul-2026,16.26,16.28,16.62,16.28,16.62,16.43,16.46,49600,8.17,109,34092.0, 68.73,2026-07-09
HEALTHAXIS, EQ, 09-Jul-2026,163.97,163.0,167.53,163.0,167.48,166.64,166.32,12124,20.16,95,11150.0, 91.97,2026-07-09
HEALTHCARE, EQ, 09-Jul-2026,20.9,20.9,21.31,20.9,21.15,21.13,21.15,57597,12.18,179,46273.0, 80.34,2026-07-09
HEALTHIETF, EQ, 09-Jul-2026,165.45,166.77,169.21,165.55,168.4,167.52,168.09,228105,383.42,1411,131460.0, 57.63,2026-07-09
HEALTHX, EQ, 09-Jul-2026,314.65,312.1,338.5,311.8,337.0,329.65,328.26,39421,129.4,1870,23942.0, 60.73,2026-07-09
HEALTHY, EQ, 09-Jul-2026,16.58,16.4,16.92,16.25,16.75,16.73,16.78,654368,109.8,1003,517728.0, 79.12,2026-07-09
HECPROJECT, EQ, 09-Jul-2026,128.96,131.97,137.93,131.97,135.49,134.94,134.78,18843,25.4,466,3141.0, 16.67,2026-07-09
HEG, EQ, 09-Jul-2026,526.65,527.95,529.95,509.1,515.8,514.25,519.72,1102977,5732.44,36737,661475.0, 59.97,2026-07-09
HEIDELBERG, EQ, 09-Jul-2026,159.02,159.02,160.58,156.51,157.6,157.01,158.24,116680,184.64,2946,68342.0, 58.57,2026-07-09
HEMIPROP, EQ, 09-Jul-2026,135.76,135.95,137.65,135.95,136.99,136.88,136.92,254272,348.14,2334,139500.0, 54.86,2026-07-09
HERANBA, EQ, 09-Jul-2026,179.72,179.2,181.46,177.35,178.0,177.71,179.0,37440,67.02,1580,21049.0, 56.22,2026-07-09
HERITGFOOD, EQ, 09-Jul-2026,327.8,325.1,338.5,325.1,335.0,334.75,333.76,292103,974.92,6741,127930.0, 43.80,2026-07-09
HEROMOTOCO, EQ, 09-Jul-2026,4892.8,4880.0,4915.0,4828.0,4900.0,4898.5,4889.49,534195,26119.39,44619,307355.0, 57.54,2026-07-09
HESTERBIO, EQ, 09-Jul-2026,2087.8,2088.0,2152.6,2079.1,2090.0,2102.2,2120.14,2790,59.15,652,1378.0, 49.39,2026-07-09
HEXAGON, EQ, 09-Jul-2026,65.69,67.99,70.0,65.84,68.88,68.45,68.32,1655678,1131.11,10250,586455.0, 35.42,2026-07-09
HEXATRADEX, EQ, 09-Jul-2026,158.35,157.0,160.0,155.22,158.0,158.01,158.15,4237,6.7,92,1619.0, 38.21,2026-07-09
HEXT, EQ, 09-Jul-2026,522.25,524.45,544.0,512.5,540.0,539.25,533.53,761950,4065.22,15456,521629.0, 68.46,2026-07-09
HFCL, EQ, 09-Jul-2026,214.74,213.5,217.45,208.81,217.25,214.68,213.63,21988011,46972.94,114026,5900411.0, 26.83,2026-07-09
HGINFRA, EQ, 09-Jul-2026,549.75,548.4,558.8,548.0,558.55,555.9,554.08,32641,180.86,2094,18545.0, 56.82,2026-07-09
HGM, EQ, 09-Jul-2026,49.3,50.0,50.89,49.34,49.5,49.55,50.0,1686,0.84,36,960.0, 56.94,2026-07-09
HGS, EQ, 09-Jul-2026,405.9,403.0,411.9,403.0,411.8,409.9,409.58,14516,59.45,753,8697.0, 59.91,2026-07-09
HIGREEN, SM, 09-Jul-2026,138.75,139.0,144.5,139.0,144.2,143.45,141.8,21600,30.63,27,18400.0, 85.19,2026-07-09
HIKAL, EQ, 09-Jul-2026,228.78,228.0,241.9,228.0,234.96,233.59,236.99,1713350,4060.5,22171,403923.0, 23.58,2026-07-09
HILINFRA, BE, 09-Jul-2026,45.14,46.0,46.1,45.01,45.3,45.21,45.43,29478,13.39,308,, -,2026-07-09
HILTON, BE, 09-Jul-2026,23.11,23.5,23.75,22.52,23.01,23.03,23.33,73658,17.18,213,, -,2026-07-09
HIMATSEIDE, EQ, 09-Jul-2026,82.17,82.17,87.11,82.17,85.63,85.39,85.45,897655,767.04,9014,424328.0, 47.27,2026-07-09
HINDALCO, EQ, 09-Jul-2026,971.65,971.7,973.95,954.65,961.6,963.45,961.65,6043658,58119.03,106399,3719579.0, 61.55,2026-07-09
HINDCOMPOS, EQ, 09-Jul-2026,437.75,437.95,444.9,432.85,440.8,439.75,439.24,5003,21.98,249,3265.0, 65.26,2026-07-09
HINDCON, BE, 09-Jul-2026,21.64,21.5,22.5,21.06,21.59,21.48,21.61,8669,1.87,137,, -,2026-07-09
HINDCOPPER, EQ, 09-Jul-2026,487.25,487.5,489.75,483.4,487.55,486.45,486.69,1571497,7648.35,35926,619986.0, 39.45,2026-07-09
HINDOILEXP, EQ, 09-Jul-2026,156.53,158.14,159.4,153.1,153.95,153.81,156.24,334994,523.39,3828,114901.0, 34.30,2026-07-09
HINDPETRO, EQ, 09-Jul-2026,386.85,386.85,394.0,382.85,392.3,392.1,390.13,4266757,16646.09,53338,1658586.0, 38.87,2026-07-09
HINDUNILVR, EQ, 09-Jul-2026,2135.8,2139.0,2166.8,2137.1,2143.0,2144.5,2152.09,2201039,47368.28,84156,1238648.0, 56.28,2026-07-09
HINDWAREAP, EQ, 09-Jul-2026,238.55,238.55,248.95,238.5,248.8,245.45,245.41,68811,168.87,1934,40983.0, 59.56,2026-07-09
HINDZINC, EQ, 09-Jul-2026,530.3,528.0,531.45,523.1,528.25,528.5,526.92,2041649,10757.92,31865,710627.0, 34.81,2026-07-09
HIRECT, EQ, 09-Jul-2026,1025.2,1015.3,1049.7,1015.3,1041.0,1041.0,1038.43,47931,497.73,3976,20132.0, 42.00,2026-07-09
HISARMETAL, EQ, 09-Jul-2026,153.28,156.5,156.5,151.5,154.0,153.27,153.63,367,0.56,30,353.0, 96.19,2026-07-09
HITECH, EQ, 09-Jul-2026,84.73,85.2,86.18,83.55,84.5,84.33,84.91,1560780,1325.3,7708,943231.0, 60.43,2026-07-09
HITECHCORP, BE, 09-Jul-2026,311.85,312.0,327.4,312.0,327.4,327.4,325.88,50482,164.51,366,, -,2026-07-09
HITECHGEAR, BE, 09-Jul-2026,662.6,638.0,675.0,638.0,645.0,653.55,655.58,933,6.12,57,, -,2026-07-09
HLEGLAS, EQ, 09-Jul-2026,402.8,403.0,432.45,403.0,416.4,418.6,420.33,671661,2823.17,19698,231267.0, 34.43,2026-07-09
HLVLTD, EQ, 09-Jul-2026,7.5,7.8,7.8,7.53,7.6,7.65,7.63,124758,9.52,526,85220.0, 68.31,2026-07-09
HMAAGRO, EQ, 09-Jul-2026,21.72,21.71,21.91,21.5,21.6,21.72,21.66,183358,39.72,827,84530.0, 46.10,2026-07-09
HMT, BZ, 09-Jul-2026,64.37,64.2,65.98,63.51,64.45,64.97,64.26,10239,6.58,85,, -,2026-07-09
HMVL, EQ, 09-Jul-2026,87.54,87.15,91.28,86.08,91.0,89.89,88.85,31294,27.81,824,21197.0, 67.74,2026-07-09
HNDFDS, EQ, 09-Jul-2026,532.5,532.5,551.2,532.5,550.0,547.95,544.11,59408,323.24,3253,38954.0, 65.57,2026-07-09
HNGSNGBEES, EQ, 09-Jul-2026,477.96,478.0,484.8,478.0,480.0,480.34,482.33,80716,389.32,3281,40170.0, 49.77,2026-07-09
HOACFOODS, ST, 09-Jul-2026,690.2,713.2,713.2,704.9,704.9,704.9,710.43,1125,7.99,3,1125.0, 100.00,2026-07-09
HOLMARC, SM, 09-Jul-2026,103.4,108.55,108.55,108.5,108.5,108.5,108.54,3750,4.07,5,3750.0, 100.00,2026-07-09
HOMEFIRST, EQ, 09-Jul-2026,1199.8,1199.0,1224.5,1188.0,1199.7,1202.3,1207.01,140199,1692.22,12739,67622.0, 48.23,2026-07-09
HONASA, EQ, 09-Jul-2026,467.6,474.95,478.8,460.5,472.45,471.6,468.91,1482238,6950.34,38699,568824.0, 38.38,2026-07-09
HONAUT, EQ, 09-Jul-2026,38045.0,38000.0,38650.0,37930.0,38100.0,38015.0,38057.02,5473,2082.86,1893,4093.0, 74.79,2026-07-09
HONDAPOWER, EQ, 09-Jul-2026,2074.1,2074.1,2125.9,2074.1,2119.0,2103.7,2104.88,4009,84.38,710,1935.0, 48.27,2026-07-09
HPAL, EQ, 09-Jul-2026,34.79,34.5,35.52,34.5,34.5,34.78,34.92,28256,9.87,381,22895.0, 81.03,2026-07-09
HPIL, EQ, 09-Jul-2026,123.65,124.0,124.0,122.0,122.0,123.06,123.3,166,0.2,13,165.0, 99.40,2026-07-09
HPL, EQ, 09-Jul-2026,338.45,342.9,347.7,341.0,345.95,344.85,344.79,110853,382.21,3718,44259.0, 39.93,2026-07-09
HRHNEXT, SM, 09-Jul-2026,26.2,26.2,26.2,26.2,26.2,26.2,26.2,4500,1.18,3,4500.0, 100.00,2026-07-09
HSBCGOLD, EQ, 09-Jul-2026,123.39,123.71,126.5,123.71,125.3,125.29,124.87,495,0.62,28,141.0, 28.48,2026-07-09
HSCL, EQ, 09-Jul-2026,640.85,642.0,659.55,638.5,650.8,650.05,651.27,4897333,31894.86,37989,828778.0, 16.92,2026-07-09
HTMEDIA, EQ, 09-Jul-2026,24.07,24.43,26.1,24.42,26.09,25.9,25.68,301752,77.5,1357,200675.0, 66.50,2026-07-09
HUBTOWN, EQ, 09-Jul-2026,202.06,204.0,207.99,200.83,203.1,203.69,203.8,493164,1005.05,4725,287103.0, 58.22,2026-07-09
HUDCO, EQ, 09-Jul-2026,203.84,204.0,206.56,201.6,204.91,204.81,203.86,3440513,7013.95,35309,1269706.0, 36.90,2026-07-09
HUHTAMAKI, EQ, 09-Jul-2026,203.65,203.0,209.39,202.99,208.4,207.75,207.47,55277,114.68,1515,29226.0, 52.87,2026-07-09
HVAX, SM, 09-Jul-2026,622.0,635.0,635.0,630.0,630.0,630.0,633.33,450,2.85,3,450.0, 100.00,2026-07-09
HYBRIDFIN, BE, 09-Jul-2026,19.09,18.18,19.85,18.18,18.61,18.63,19.06,15487,2.95,99,, -,2026-07-09
HYUNDAI, EQ, 09-Jul-2026,1916.9,1916.4,1937.5,1895.4,1926.0,1926.2,1921.52,581310,11170.01,36712,287527.0, 49.46,2026-07-09
IBLFL, SM, 09-Jul-2026,57.05,55.0,55.0,55.0,55.0,55.0,55.0,2000,1.1,1,2000.0, 100.00,2026-07-09
IBULLSLTD, BE, 09-Jul-2026,28.19,28.5,29.59,28.5,29.59,29.57,29.35,4243541,1245.51,5152,, -,2026-07-09
ICDSLTD, EQ, 09-Jul-2026,41.42,42.55,42.55,39.61,40.0,40.0,40.45,444,0.18,16,370.0, 83.33,2026-07-09
ICEMAKE, EQ, 09-Jul-2026,748.25,751.9,767.75,750.6,757.3,757.7,760.61,11868,90.27,1087,6118.0, 51.55,2026-07-09
ICICIAMC, EQ, 09-Jul-2026,3149.2,3190.4,3207.1,3158.0,3180.0,3181.1,3188.97,387087,12344.08,28772,249237.0, 64.39,2026-07-09
ICICIB22, EQ, 09-Jul-2026,115.98,115.98,116.78,115.52,116.0,115.92,116.28,306946,356.93,3205,168481.0, 54.89,2026-07-09
ICICIBANK, EQ, 09-Jul-2026,1380.6,1382.9,1403.6,1377.3,1384.0,1380.7,1386.99,13948838,193468.62,313842,6826230.0, 48.94,2026-07-09
ICICIGI, EQ, 09-Jul-2026,1804.2,1820.0,1820.0,1780.2,1799.9,1794.7,1791.6,425054,7615.28,35298,189273.0, 44.53,2026-07-09
ICICIPRULI, EQ, 09-Jul-2026,480.05,481.0,492.4,481.0,492.05,490.7,488.49,572357,2795.92,20259,294585.0, 51.47,2026-07-09
ICIL, EQ, 09-Jul-2026,411.2,410.0,428.75,406.45,422.9,421.85,422.98,280466,1186.33,14370,107917.0, 38.48,2026-07-09
ICRA, EQ, 09-Jul-2026,5223.5,5264.5,5264.5,5170.5,5186.0,5194.0,5220.65,15920,831.13,4234,10401.0, 65.33,2026-07-09
IDBI, EQ, 09-Jul-2026,80.53,80.74,82.72,80.56,82.47,82.32,81.84,6371687,5214.42,23897,1582832.0, 24.84,2026-07-09
IDEA, EQ, 09-Jul-2026,13.93,13.99,14.15,13.97,14.06,14.04,14.07,198912712,27983.98,429539,57701094.0, 29.01,2026-07-09
IDEAFORGE, BE, 09-Jul-2026,859.85,859.85,865.0,844.0,860.0,857.9,856.72,153118,1311.79,8454,, -,2026-07-09
IDEALTECHO, SM, 09-Jul-2026,170.15,170.15,170.15,170.15,170.15,170.15,170.15,1000,1.7,2,1000.0, 100.00,2026-07-09
IDENTICAL, ST, 09-Jul-2026,15.65,16.4,16.4,16.4,16.4,16.4,16.4,4000,0.66,2,4000.0, 100.00,2026-07-09
IDFCFIRSTB, EQ, 09-Jul-2026,77.82,77.98,79.75,77.91,79.7,79.46,79.06,11084077,8763.29,50026,4899903.0, 44.21,2026-07-09
IDFNIFTYET, EQ, 09-Jul-2026,264.24,264.0,265.77,263.99,264.95,264.06,265.01,843,2.23,25,577.0, 68.45,2026-07-09
IEML, SM, 09-Jul-2026,42.2,42.95,42.95,41.95,42.5,42.25,42.46,9500,4.03,18,7500.0, 78.95,2026-07-09
IEX, EQ, 09-Jul-2026,116.81,117.35,118.9,116.9,117.99,117.85,117.62,8424314,9909.08,78464,4466685.0, 53.02,2026-07-09
IFBAGRO, BE, 09-Jul-2026,920.6,928.0,929.8,905.1,916.0,917.95,914.72,4529,41.43,236,, -,2026-07-09
IFBIND, EQ, 09-Jul-2026,1257.7,1250.1,1306.5,1250.1,1274.7,1279.9,1278.33,150852,1928.38,11946,84813.0, 56.22,2026-07-09
IFCI, EQ, 09-Jul-2026,73.9,74.8,78.0,74.51,76.9,76.66,76.74,48013939,36846.19,114190,8723512.0, 18.17,2026-07-09
IFGLEXPOR, EQ, 09-Jul-2026,227.18,225.21,240.0,225.21,235.0,233.88,234.53,102823,241.15,2298,35522.0, 34.55,2026-07-09
IGARASHI, EQ, 09-Jul-2026,463.3,469.95,475.15,463.95,467.75,469.1,470.63,54270,255.41,2447,24344.0, 44.86,2026-07-09
IGCL, EQ, 09-Jul-2026,68.35,67.71,70.65,67.71,70.4,69.5,69.74,148279,103.41,1178,82427.0, 55.59,2026-07-09
IGIL, EQ, 09-Jul-2026,337.75,338.15,349.15,337.75,342.0,341.75,343.71,350994,1206.39,11929,160923.0, 45.85,2026-07-09
IGL, EQ, 09-Jul-2026,150.12,150.12,152.15,149.23,151.73,151.77,151.47,1321339,2001.43,18319,682622.0, 51.66,2026-07-09
IGPL, EQ, 09-Jul-2026,421.8,428.15,429.95,419.5,426.9,422.1,424.31,19858,84.26,952,8457.0, 42.59,2026-07-09
IIFL, EQ, 09-Jul-2026,517.8,520.0,548.35,517.8,547.0,544.7,541.33,4193206,22698.87,61101,1907228.0, 45.48,2026-07-09
IIFLCAPS, EQ, 09-Jul-2026,338.2,338.9,339.9,337.5,338.3,338.5,338.57,249049,843.2,7100,176629.0, 70.92,2026-07-09
IITL, EQ, 09-Jul-2026,133.77,134.65,138.5,130.64,132.05,131.4,136.72,94367,129.02,485,13068.0, 13.85,2026-07-09
IKIO, EQ, 09-Jul-2026,181.44,185.0,215.7,181.03,203.9,206.88,204.06,8913230,18188.18,94773,715821.0, 8.03,2026-07-09
IKS, EQ, 09-Jul-2026,1831.9,1845.0,1904.0,1831.9,1876.0,1862.9,1877.6,224951,4223.67,17345,106651.0, 47.41,2026-07-09
IL&FSENGG, BZ, 09-Jul-2026,28.45,28.46,29.05,27.5,28.94,28.74,28.28,11964,3.38,57,, -,2026-07-09
IL&FSTRANS, BZ, 09-Jul-2026,2.15,2.18,2.23,2.11,2.2,2.19,2.18,12492,0.27,58,, -,2026-07-09
IMAGICAA, EQ, 09-Jul-2026,45.41,45.76,46.8,45.31,46.0,46.04,46.03,321857,148.16,1599,174625.0, 54.26,2026-07-09
IMFA, EQ, 09-Jul-2026,1344.0,1340.0,1359.0,1321.1,1355.0,1339.1,1337.55,73649,985.09,7638,37568.0, 51.01,2026-07-09
IMPAL, EQ, 09-Jul-2026,1120.2,1120.7,1162.0,1120.0,1162.0,1155.5,1143.87,6706,76.71,672,5517.0, 82.27,2026-07-09
INA, EQ, 09-Jul-2026,108.5,110.17,125.0,109.71,121.3,118.56,121.14,42385448,51346.53,180088,2489397.0, 5.87,2026-07-09
INCREDIBLE, EQ, 09-Jul-2026,33.38,33.8,34.79,33.0,34.0,33.58,33.99,17300,5.88,60,16179.0, 93.52,2026-07-09
INDBANK, EQ, 09-Jul-2026,33.77,34.6,34.6,33.0,33.4,33.31,33.51,143783,48.19,1422,75775.0, 52.70,2026-07-09
INDGN, EQ, 09-Jul-2026,493.7,497.0,507.7,492.9,496.85,495.95,499.31,165211,824.91,11209,85496.0, 51.75,2026-07-09
INDHOTEL, EQ, 09-Jul-2026,722.9,724.0,736.6,724.0,732.95,731.45,732.04,1394862,10210.95,34238,752150.0, 53.92,2026-07-09
INDIACEM, EQ, 09-Jul-2026,371.45,374.0,379.0,371.2,373.1,372.05,375.18,105585,396.14,5757,45439.0, 43.04,2026-07-09
INDIAGLYCO, EQ, 09-Jul-2026,1037.95,1037.95,1077.7,1035.35,1056.5,1042.7,1051.84,138238,1454.05,7403,81649.0, 59.06,2026-07-09
INDIAMART, EQ, 09-Jul-2026,1902.4,1918.0,1928.0,1891.9,1916.2,1924.7,1907.29,56637,1080.23,8111,34466.0, 60.85,2026-07-09
INDIANB, EQ, 09-Jul-2026,772.4,774.95,796.8,774.95,791.7,793.15,788.17,1880631,14822.5,61818,1038021.0, 55.20,2026-07-09
INDIANCARD, EQ, 09-Jul-2026,240.9,247.0,252.8,235.01,238.3,238.72,243.2,10803,26.27,388,6151.0, 56.94,2026-07-09
INDIANHUME, EQ, 09-Jul-2026,335.0,334.15,359.0,334.15,349.0,348.75,350.44,178114,624.18,7195,54327.0, 30.50,2026-07-09
INDIASHLTR, EQ, 09-Jul-2026,775.75,773.3,786.0,773.3,786.0,779.9,779.48,46724,364.2,6093,30616.0, 65.53,2026-07-09
INDIFRA, SM, 09-Jul-2026,12.15,12.15,12.15,12.15,12.15,12.15,12.15,2000,0.24,1,2000.0, 100.00,2026-07-09
INDIGO, EQ, 09-Jul-2026,5124.0,5124.0,5244.0,5105.0,5230.5,5229.5,5179.55,1176927,60959.52,76235,644245.0, 54.74,2026-07-09
INDIGOPNTS, EQ, 09-Jul-2026,1050.3,1047.0,1056.8,1036.0,1039.2,1041.0,1045.44,38829,405.93,8551,17983.0, 46.31,2026-07-09
INDIGRID, IV, 09-Jul-2026,177.8,178.3,179.1,176.13,178.48,178.48,178.55,384361,686.29,6661,309959.0, 80.64,2026-07-09
INDIQUBE, EQ, 09-Jul-2026,168.41,169.0,172.49,164.68,171.0,171.02,171.0,680379,1163.43,7129,625989.0, 92.01,2026-07-09
INDNIPPON, EQ, 09-Jul-2026,1007.4,1010.0,1154.0,1010.0,1140.0,1107.9,1110.97,599986,6665.67,33053,133606.0, 22.27,2026-07-09
INDOAMIN, BE, 09-Jul-2026,126.07,127.95,128.0,124.0,126.0,127.17,126.74,38200,48.41,315,, -,2026-07-09
INDOBORAX, EQ, 09-Jul-2026,415.45,417.25,464.45,417.25,438.0,433.65,442.18,1100056,4864.22,32935,217733.0, 19.79,2026-07-09
INDOCO, EQ, 09-Jul-2026,248.14,247.98,259.8,246.91,254.22,255.09,255.75,209488,535.76,6134,97927.0, 46.75,2026-07-09
INDOFARM, EQ, 09-Jul-2026,153.17,153.0,161.67,151.28,161.45,159.18,156.81,356777,559.45,5437,111402.0, 31.22,2026-07-09
INDORAMA, EQ, 09-Jul-2026,45.56,45.1,47.47,45.1,46.5,46.04,46.58,175781,81.88,2522,78797.0, 44.83,2026-07-09
INDOSTAR, EQ, 09-Jul-2026,252.95,254.1,266.6,254.0,260.0,259.85,260.16,101249,263.41,2750,49301.0, 48.69,2026-07-09
INDOTECH, BE, 09-Jul-2026,3088.2,3090.0,3186.0,3050.0,3133.0,3147.0,3112.87,12604,392.35,957,, -,2026-07-09
INDOTHAI, EQ, 09-Jul-2026,216.1,216.6,220.5,213.76,217.44,216.6,217.73,491358,1069.85,5107,289592.0, 58.94,2026-07-09
INDOUS, EQ, 09-Jul-2026,86.21,86.43,91.9,85.51,89.0,89.57,88.87,20267,18.01,172,15417.0, 76.07,2026-07-09
INDOWIND, BE, 09-Jul-2026,9.2,9.45,9.45,8.8,9.24,9.23,9.06,155636,14.09,393,, -,2026-07-09
INDPRUD, EQ, 09-Jul-2026,6500.0,6648.0,6650.0,6331.0,6400.5,6400.5,6469.17,42,2.72,15,19.0, 45.24,2026-07-09
INDRAMEDCO, EQ, 09-Jul-2026,370.5,372.5,381.15,372.5,379.5,379.65,377.57,107884,407.33,3400,62160.0, 57.62,2026-07-09
INDSWFTLAB, EQ, 09-Jul-2026,225.47,225.43,237.5,222.54,236.02,235.58,232.59,1376033,3200.48,20972,529028.0, 38.45,2026-07-09
INDTERRAIN, EQ, 09-Jul-2026,31.8,31.89,32.5,31.55,31.72,31.72,31.78,8645,2.75,97,6340.0, 73.34,2026-07-09
INDUSINDBK, EQ, 09-Jul-2026,994.65,995.9,1022.35,995.9,1018.0,1015.15,1013.79,1952468,19793.88,68259,1050310.0, 53.79,2026-07-09
INDUSINVIT, IV, 09-Jul-2026,128.32,128.85,129.51,127.13,128.4,128.42,128.66,168667,217.01,3973,120885.0, 71.67,2026-07-09
INDUSTOWER, EQ, 09-Jul-2026,388.55,391.45,399.5,391.1,398.85,398.15,396.97,11047205,43853.6,69088,7074765.0, 64.04,2026-07-09
INFINIUM, SM, 09-Jul-2026,211.75,214.5,214.5,209.0,210.0,212.25,212.11,4000,8.48,8,3000.0, 75.00,2026-07-09
INFLUX, SM, 09-Jul-2026,291.35,292.0,307.0,290.0,293.0,290.9,295.64,30000,88.69,43,15000.0, 50.00,2026-07-09
INFOBEAN, EQ, 09-Jul-2026,154.65,155.41,156.99,153.61,156.37,155.85,155.57,232151,361.16,2770,91230.0, 39.30,2026-07-09
INFOLLION, SM, 09-Jul-2026,170.0,180.85,180.85,169.5,170.1,170.1,171.48,24000,41.15,49,16800.0, 70.00,2026-07-09
INFOMEDIA, EQ, 09-Jul-2026,5.95,5.99,5.99,5.71,5.77,5.77,5.88,4411,0.26,180,2500.0, 56.68,2026-07-09
INFRA, EQ, 09-Jul-2026,12.09,12.1,12.25,12.03,12.22,12.2,12.22,15973,1.95,133,15415.0, 96.51,2026-07-09
INFRABEES, EQ, 09-Jul-2026,956.61,960.16,968.79,960.12,964.9,962.03,964.67,12704,122.55,440,6518.0, 51.31,2026-07-09
INFRAIETF, EQ, 09-Jul-2026,95.21,95.89,96.62,95.33,96.4,96.02,96.19,77195,74.26,1749,37595.0, 48.70,2026-07-09
INFY, EQ, 09-Jul-2026,1069.3,1062.7,1062.7,1040.4,1055.3,1050.8,1052.44,9003333,94754.53,174766,3345409.0, 37.16,2026-07-09
INGERRAND, EQ, 09-Jul-2026,4360.3,4366.6,4428.7,4335.0,4335.9,4354.5,4380.45,7367,322.71,1831,4384.0, 59.51,2026-07-09
INNOMET, ST, 09-Jul-2026,151.4,154.4,154.4,154.4,154.4,154.4,154.4,8400,12.97,7,8400.0, 100.00,2026-07-09
INNOVACAP, EQ, 09-Jul-2026,982.85,997.6,1033.8,982.0,992.0,990.85,1007.99,138424,1395.3,12248,74651.0, 53.93,2026-07-09
INNOVANA, EQ, 09-Jul-2026,308.15,309.3,314.95,308.15,308.15,309.85,311.18,369,1.15,38,250.0, 67.75,2026-07-09
INNOVISION, EQ, 09-Jul-2026,284.05,284.15,290.15,283.8,288.15,288.75,287.98,17197,49.52,999,10770.0, 62.63,2026-07-09
INOXGREEN, EQ, 09-Jul-2026,195.84,195.0,199.37,192.0,192.75,192.7,195.08,996605,1944.19,13321,453743.0, 45.53,2026-07-09
INOXINDIA, EQ, 09-Jul-2026,1875.9,1899.0,2026.8,1890.1,2010.0,2006.2,1972.62,848551,16738.68,53375,339272.0, 39.98,2026-07-09
INOXWIND, EQ, 09-Jul-2026,82.72,82.97,83.99,81.77,82.2,82.01,82.94,9608812,7970.01,39305,4978442.0, 51.81,2026-07-09
INSECTICID, EQ, 09-Jul-2026,655.25,653.05,665.0,651.75,655.0,653.5,657.69,7988,52.54,1123,5463.0, 68.39,2026-07-09
INSPIRE, ST, 09-Jul-2026,7.95,7.95,7.95,7.95,7.95,7.95,7.95,2000,0.16,1,2000.0, 100.00,2026-07-09
INSPIRISYS, BE, 09-Jul-2026,102.96,103.0,103.99,100.01,103.4,103.16,102.0,1758,1.79,25,, -,2026-07-09
INTEGRITY, ST, 09-Jul-2026,160.1,160.0,160.0,160.0,160.0,160.0,160.0,1200,1.92,1,1200.0, 100.00,2026-07-09
INTELLECT, EQ, 09-Jul-2026,749.8,750.3,760.85,740.5,747.9,743.25,750.74,469378,3523.8,18932,259140.0, 55.21,2026-07-09
INTENTECH, EQ, 09-Jul-2026,95.62,98.89,98.89,95.26,96.25,96.67,96.93,6349,6.15,265,3263.0, 51.39,2026-07-09
INTERARCH, EQ, 09-Jul-2026,1789.0,1800.1,1840.0,1775.0,1809.0,1801.4,1808.81,57308,1036.59,5455,30805.0, 53.75,2026-07-09
INTERNET, EQ, 09-Jul-2026,13.16,13.28,13.5,13.28,13.47,13.46,13.44,263740,35.45,239,164022.0, 62.19,2026-07-09
INTLCONV, EQ, 09-Jul-2026,78.4,78.6,80.85,78.6,80.6,79.98,79.86,29627,23.66,731,18521.0, 62.51,2026-07-09
INVENTURE, EQ, 09-Jul-2026,0.9,0.9,0.92,0.9,0.91,0.9,0.91,832880,7.58,327,512958.0, 61.59,2026-07-09
INVICTA, ST, 09-Jul-2026,69.95,70.0,70.95,69.3,69.3,69.4,70.39,32000,22.52,10,30400.0, 95.00,2026-07-09
INVPRECQ, EQ, 09-Jul-2026,786.85,800.0,813.9,790.05,795.25,800.35,801.56,2482,19.89,175,1791.0, 72.16,2026-07-09
IOB, EQ, 09-Jul-2026,33.47,33.5,33.9,33.33,33.8,33.76,33.7,1771964,597.09,11594,507292.0, 28.63,2026-07-09
IOC, EQ, 09-Jul-2026,137.63,137.63,138.69,136.6,138.59,138.26,137.88,14352065,19788.74,103532,7571080.0, 52.75,2026-07-09
IOLCP, EQ, 09-Jul-2026,167.11,169.35,174.78,164.22,167.65,168.15,169.84,8148178,13838.47,50350,1984654.0, 24.36,2026-07-09
IONEXCHANG, EQ, 09-Jul-2026,397.0,398.95,409.1,397.65,402.0,402.2,405.43,277327,1124.35,11907,105707.0, 38.12,2026-07-09
IPCALAB, EQ, 09-Jul-2026,1762.4,1775.0,1797.2,1762.0,1762.0,1770.4,1778.35,96723,1720.07,12805,44303.0, 45.80,2026-07-09
IPHL, SM, 09-Jul-2026,56.0,57.5,58.1,57.5,58.0,58.0,57.61,16800,9.68,9,15600.0, 92.86,2026-07-09
IPL, EQ, 09-Jul-2026,154.96,155.11,159.58,155.11,155.65,156.79,157.43,156337,246.13,1951,84934.0, 54.33,2026-07-09
IRB, EQ, 09-Jul-2026,19.97,20.25,20.55,20.13,20.25,20.21,20.36,15796950,3216.35,22267,6302355.0, 39.90,2026-07-09
IRBINVIT, IV, 09-Jul-2026,61.1,61.47,62.0,61.0,61.75,61.8,61.44,1198134,736.1,4773,986466.0, 82.33,2026-07-09
IRCON, EQ, 09-Jul-2026,129.0,128.58,131.22,128.53,129.35,129.34,129.99,996125,1294.82,15168,346077.0, 34.74,2026-07-09
IRCTC, EQ, 09-Jul-2026,498.5,498.5,500.95,496.0,496.8,496.5,497.58,650534,3236.95,32888,390366.0, 60.01,2026-07-09
IREDA, EQ, 09-Jul-2026,121.17,121.17,122.56,121.17,122.1,121.81,121.94,2880002,3511.76,21494,965209.0, 33.51,2026-07-09
IRFC, EQ, 09-Jul-2026,87.5,87.71,88.58,87.55,88.24,88.12,88.2,6991080,6166.3,42420,2820275.0, 40.34,2026-07-09
IRIS, EQ, 09-Jul-2026,254.45,254.65,269.85,254.65,260.1,260.5,262.11,28487,74.67,1154,12028.0, 42.22,2026-07-09
IRISDOREME, EQ, 09-Jul-2026,44.59,45.0,45.75,44.51,44.72,44.85,44.94,208377,93.64,882,80569.0, 38.67,2026-07-09
IRMENERGY, EQ, 09-Jul-2026,258.6,257.55,264.1,257.55,263.2,262.75,262.68,38387,100.84,1178,17106.0, 44.56,2026-07-09
ISFT, EQ, 09-Jul-2026,75.27,75.11,78.25,75.11,76.05,76.25,77.28,7530,5.82,103,5091.0, 67.61,2026-07-09
ISGEC, EQ, 09-Jul-2026,894.15,896.25,926.8,895.0,925.0,923.85,920.68,93020,856.41,5575,22053.0, 23.71,2026-07-09
ISHAN, SM, 09-Jul-2026,0.55,0.55,0.55,0.5,0.55,0.55,0.52,912000,4.78,14,720000.0, 78.95,2026-07-09
ISHANCH, EQ, 09-Jul-2026,56.7,57.7,57.7,54.2,54.5,54.97,55.58,35041,19.48,189,25759.0, 73.51,2026-07-09
IT, EQ, 09-Jul-2026,30.5,30.97,30.97,30.02,30.85,30.52,30.36,340071,103.25,1014,149153.0, 43.86,2026-07-09
ITADD, EQ, 09-Jul-2026,29.1,30.41,30.41,28.67,28.7,29.07,29.02,38889,11.28,240,26071.0, 67.04,2026-07-09
ITALIANE, SM, 09-Jul-2026,37.0,33.3,33.3,33.3,33.3,33.3,33.3,2000,0.67,1,2000.0, 100.00,2026-07-09
ITAXIS, EQ, 09-Jul-2026,301.7,299.83,307.44,296.97,307.44,302.83,300.8,2897,8.71,67,984.0, 33.97,2026-07-09
ITBEES, EQ, 09-Jul-2026,30.51,31.14,31.14,30.01,30.6,30.45,30.39,14662502,4455.55,17584,5693185.0, 38.83,2026-07-09
ITBETA, EQ, 09-Jul-2026,289.95,286.46,290.67,284.62,288.55,288.55,288.17,359,1.03,30,278.0, 77.44,2026-07-09
ITC, EQ, 09-Jul-2026,280.65,281.25,284.4,281.0,281.85,282.05,282.7,12512120,35371.73,261581,7099821.0, 56.74,2026-07-09
ITCHOTELS, EQ, 09-Jul-2026,177.63,177.63,183.28,177.42,183.15,182.31,181.41,2046513,3712.6,27397,961946.0, 47.00,2026-07-09
ITDC, EQ, 09-Jul-2026,723.4,701.0,768.7,701.0,727.65,728.1,744.82,15188110,113123.51,324401,670919.0, 4.42,2026-07-09
ITETF, EQ, 09-Jul-2026,29.1,29.88,29.88,28.47,29.19,29.08,28.94,581384,168.27,889,262638.0, 45.17,2026-07-09
ITI, EQ, 09-Jul-2026,284.9,286.2,291.05,286.0,289.5,287.75,288.27,272020,784.16,7237,90419.0, 33.24,2026-07-09
ITIETF, EQ, 09-Jul-2026,30.57,30.94,30.94,29.99,30.59,30.46,30.37,426085,129.41,1395,187683.0, 44.05,2026-07-09
ITTL, ST, 09-Jul-2026,73.5,73.5,73.5,73.5,73.5,73.5,73.5,105,0.08,1,105.0, 100.00,2026-07-09
IVALUE, EQ, 09-Jul-2026,285.25,287.65,299.3,284.0,290.0,289.2,293.56,526964,1546.96,11615,281990.0, 53.51,2026-07-09
IVC, EQ, 09-Jul-2026,8.11,8.11,8.19,8.01,8.1,8.12,8.1,100185,8.12,602,73394.0, 73.26,2026-07-09
IVP, BE, 09-Jul-2026,162.66,165.0,167.4,161.0,163.0,163.17,163.66,14962,24.49,140,, -,2026-07-09
IVZINGOLD, EQ, 09-Jul-2026,123.45,124.05,126.5,123.2,125.05,125.0,124.81,35583,44.41,164,26204.0, 73.64,2026-07-09
IVZINNIFTY, EQ, 09-Jul-2026,2740.81,2759.0,2759.0,2740.5,2740.5,2740.5,2747.66,42,1.15,8,39.0, 92.86,2026-07-09
IWARE, ST, 09-Jul-2026,383.5,402.65,402.65,402.65,402.65,402.65,402.65,15600,62.81,10,15600.0, 100.00,2026-07-09
IWP, EQ, 09-Jul-2026,32.76,31.51,33.88,31.51,32.7,33.01,33.14,6212,2.06,90,4058.0, 65.33,2026-07-09
IXIGO, EQ, 09-Jul-2026,200.42,201.42,210.94,200.1,203.1,204.22,204.65,1025423,2098.55,22409,510517.0, 49.79,2026-07-09
IZMO, EQ, 09-Jul-2026,916.1,916.1,961.9,916.1,961.9,961.9,954.28,38573,368.09,1294,26979.0, 69.94,2026-07-09
J&KBANK, EQ, 09-Jul-2026,165.96,166.3,169.78,166.3,169.3,168.41,168.21,4246600,7143.1,36543,2145485.0, 50.52,2026-07-09
JAGRAN, EQ, 09-Jul-2026,63.41,63.7,64.67,62.66,64.05,63.8,63.76,282054,179.84,2968,134622.0, 47.73,2026-07-09
JAGSNPHARM, EQ, 09-Jul-2026,228.73,231.66,238.24,228.81,231.65,231.89,233.64,93961,219.53,2966,39563.0, 42.11,2026-07-09
JAIBALAJI, BE, 09-Jul-2026,66.28,66.25,67.89,65.7,66.2,66.12,66.42,201982,134.16,721,, -,2026-07-09
JAICORPLTD, EQ, 09-Jul-2026,107.76,108.75,110.3,108.22,109.25,109.12,109.22,308351,336.78,3403,122887.0, 39.85,2026-07-09
JAINIK, SM, 09-Jul-2026,143.5,151.9,151.9,143.2,148.95,148.95,148.13,16800,24.89,12,8400.0, 50.00,2026-07-09
JAINREC, EQ, 09-Jul-2026,344.95,348.0,348.0,339.4,342.0,342.3,344.01,1388954,4778.17,26155,525521.0, 37.84,2026-07-09
JAIPURKURT, EQ, 09-Jul-2026,27.69,28.6,28.6,27.1,28.01,28.0,27.88,436,0.12,42,249.0, 57.11,2026-07-09
JALAN, ST, 09-Jul-2026,2.05,1.95,1.95,1.95,1.95,1.95,1.95,12000,0.23,4,12000.0, 100.00,2026-07-09
JAMNAAUTO, EQ, 09-Jul-2026,132.35,132.5,137.0,132.5,136.25,136.12,135.97,2141291,2911.47,14813,1048918.0, 48.99,2026-07-09
JARO, EQ, 09-Jul-2026,515.0,515.15,534.65,515.15,525.5,524.95,525.9,98430,517.64,2931,25495.0, 25.90,2026-07-09
JASH, EQ, 09-Jul-2026,495.25,499.6,517.95,496.75,515.0,511.35,511.64,153937,787.61,6385,90149.0, 58.56,2026-07-09
JAYAGROGN, EQ, 09-Jul-2026,205.93,205.93,212.9,204.15,207.76,208.11,207.57,4980,10.34,409,3699.0, 74.28,2026-07-09
JAYBARMARU, EQ, 09-Jul-2026,178.22,178.93,187.13,173.81,187.13,187.13,184.12,487397,897.4,2530,293603.0, 60.24,2026-07-09
JAYBEE, ST, 09-Jul-2026,90.0,89.8,94.5,89.1,94.5,94.5,93.21,28000,26.1,44,26000.0, 92.86,2026-07-09
JAYESH, SM, 09-Jul-2026,144.0,141.0,141.0,141.0,141.0,141.0,141.0,1000,1.41,1,1000.0, 100.00,2026-07-09
JAYKAY, EQ, 09-Jul-2026,170.01,172.52,183.8,171.23,182.0,180.42,180.32,425612,767.45,7985,198873.0, 46.73,2026-07-09
JAYNECOIND, EQ, 09-Jul-2026,85.91,85.91,89.38,85.91,88.84,88.46,88.17,1534248,1352.77,11081,633089.0, 41.26,2026-07-09
JAYSREETEA, EQ, 09-Jul-2026,84.76,84.76,86.99,81.59,81.8,82.03,82.87,64732,53.64,978,47078.0, 72.73,2026-07-09
JBCHEPHARM, EQ, 09-Jul-2026,2435.8,2436.2,2474.0,2430.1,2447.6,2444.5,2453.8,215631,5291.15,15489,123024.0, 57.05,2026-07-09
JBMA, EQ, 09-Jul-2026,661.35,665.0,675.65,665.0,668.5,670.0,671.24,236736,1589.07,10539,88488.0, 37.38,2026-07-09
JETFREIGHT, EQ, 09-Jul-2026,20.73,21.14,21.26,20.52,21.0,20.83,20.94,82094,17.19,254,65178.0, 79.39,2026-07-09
JETKNIT, ST, 09-Jul-2026,76.55,72.75,72.75,72.75,72.75,72.75,72.75,750,0.55,1,750.0, 100.00,2026-07-09
JEYYAM, ST, 09-Jul-2026,25.0,24.15,24.8,24.0,24.05,24.05,24.2,22000,5.33,11,20000.0, 90.91,2026-07-09
JFLLIFE, SM, 09-Jul-2026,10.45,10.5,10.5,10.45,10.45,10.45,10.48,12000,1.26,2,12000.0, 100.00,2026-07-09
JGCHEM, EQ, 09-Jul-2026,433.75,433.75,448.5,432.05,446.0,445.25,442.95,99296,439.83,3983,45822.0, 46.15,2026-07-09
JHS, EQ, 09-Jul-2026,7.53,7.56,7.7,7.45,7.52,7.57,7.57,128835,9.76,161,110830.0, 86.02,2026-07-09
JINDALPHOT, EQ, 09-Jul-2026,1130.5,1136.1,1150.0,1133.1,1142.1,1143.2,1142.68,3433,39.23,267,2464.0, 71.77,2026-07-09
JINDALPOLY, EQ, 09-Jul-2026,651.55,670.0,684.1,660.15,684.1,684.1,680.81,61129,416.17,1654,31359.0, 51.30,2026-07-09
JINDALSAW, EQ, 09-Jul-2026,259.65,258.0,275.5,256.05,275.4,272.3,268.48,4152930,11149.84,66854,1722258.0, 41.47,2026-07-09
JINDALSTEL, EQ, 09-Jul-2026,1021.5,1023.6,1037.7,1022.6,1031.0,1029.8,1030.04,641235,6605.01,22650,256027.0, 39.93,2026-07-09
JINDRILL, EQ, 09-Jul-2026,601.05,613.0,659.4,612.0,618.65,620.75,642.85,13720105,88199.63,229895,953033.0, 6.95,2026-07-09
JINDWORLD, EQ, 09-Jul-2026,28.52,28.64,29.13,28.21,28.8,28.66,28.68,388460,111.42,2494,128191.0, 33.00,2026-07-09
JIOFIN, EQ, 09-Jul-2026,229.99,231.0,234.22,230.77,233.72,233.37,233.02,11583829,26992.24,114833,3794821.0, 32.76,2026-07-09
JISLDVREQS, EQ, 09-Jul-2026,22.68,23.5,23.5,22.68,23.5,23.09,23.02,6297,1.45,98,5905.0, 93.77,2026-07-09
JISLJALEQS, EQ, 09-Jul-2026,31.89,32.4,32.62,31.72,32.08,31.94,32.09,1925724,618.05,6205,755477.0, 39.23,2026-07-09
JITFINFRA, EQ, 09-Jul-2026,292.7,297.7,299.8,294.0,295.35,295.55,296.3,6904,20.46,293,4684.0, 67.84,2026-07-09
JIWANRAM, SM, 09-Jul-2026,5.35,5.25,5.25,5.25,5.25,5.25,5.25,6000,0.32,1,6000.0, 100.00,2026-07-09
JKCEMENT, EQ, 09-Jul-2026,5332.0,5332.0,5498.0,5331.5,5373.5,5393.5,5429.35,48715,2644.91,10877,24014.0, 49.29,2026-07-09
JKIL, EQ, 09-Jul-2026,483.95,484.95,506.9,483.95,504.9,501.7,500.91,235668,1180.48,6612,101309.0, 42.99,2026-07-09
JKIPL, BE, 09-Jul-2026,96.4,96.49,97.9,95.13,96.5,97.34,96.44,10043,9.69,76,, -,2026-07-09
JKLAKSHMI, EQ, 09-Jul-2026,567.0,568.5,572.1,565.2,568.5,568.35,568.2,58118,330.22,7419,30322.0, 52.17,2026-07-09
JKPAPER, EQ, 09-Jul-2026,354.4,354.4,359.2,353.0,354.5,355.75,355.81,147720,525.61,5857,64647.0, 43.76,2026-07-09
JKTYRE, EQ, 09-Jul-2026,397.05,397.05,407.0,397.05,405.0,404.7,402.7,974142,3922.83,19523,400048.0, 41.07,2026-07-09
JLHL, EQ, 09-Jul-2026,1443.5,1440.0,1478.9,1432.3,1470.0,1464.1,1464.14,32725,479.14,1612,28029.0, 85.65,2026-07-09
JMA, EQ, 09-Jul-2026,87.28,88.0,89.95,87.0,88.5,88.59,88.58,10617,9.4,205,7127.0, 67.13,2026-07-09
JMFINANCIL, EQ, 09-Jul-2026,124.94,125.5,126.96,123.81,125.0,124.46,125.22,2566663,3214.03,26032,1394184.0, 54.32,2026-07-09
JNKINDIA, EQ, 09-Jul-2026,464.9,466.0,523.0,466.0,518.0,509.45,504.97,1710180,8635.87,38915,323704.0, 18.93,2026-07-09
JOCIL, BE, 09-Jul-2026,145.0,143.99,149.0,143.99,144.05,144.05,147.51,830,1.22,17,, -,2026-07-09
JPOLYINVST, EQ, 09-Jul-2026,1072.6,1077.8,1089.7,1049.0,1063.6,1066.4,1063.55,6600,70.19,616,3162.0, 47.91,2026-07-09
JPPOWER, EQ, 09-Jul-2026,16.9,16.92,17.39,16.74,17.04,17.0,17.04,47510874,8097.26,32984,15548231.0, 32.73,2026-07-09
JSFB, EQ, 09-Jul-2026,441.2,442.0,459.15,442.0,454.0,455.25,452.38,352210,1593.34,8265,193149.0, 54.84,2026-07-09
JSL, EQ, 09-Jul-2026,695.75,699.9,715.0,694.7,708.0,709.6,708.01,530976,3759.35,27712,295366.0, 55.63,2026-07-09
JSLL, EQ, 09-Jul-2026,563.45,563.95,599.7,562.5,591.9,591.6,584.43,817814,4779.57,23455,320915.0, 39.24,2026-07-09
JSWCEMENT, EQ, 09-Jul-2026,134.43,134.43,137.4,134.43,135.5,135.27,136.2,1035304,1410.04,16180,494385.0, 47.75,2026-07-09
JSWDULUX, EQ, 09-Jul-2026,3042.0,3042.0,3053.2,2901.1,2915.0,2912.2,2940.46,59138,1738.93,10709,33014.0, 55.83,2026-07-09
JSWENERGY, EQ, 09-Jul-2026,536.95,545.0,552.65,531.6,534.5,533.45,539.37,2720465,14673.49,48319,1077338.0, 39.60,2026-07-09
JSWHL, EQ, 09-Jul-2026,11314.0,11314.0,11414.0,11090.0,11103.0,11125.0,11182.41,6337,708.63,2785,3333.0, 52.60,2026-07-09
JSWINFRA, EQ, 09-Jul-2026,314.25,314.75,328.0,313.8,324.95,323.9,324.04,3950246,12800.26,132262,2461384.0, 62.31,2026-07-09
JSWSTEEL, EQ, 09-Jul-2026,1219.5,1224.0,1240.5,1220.3,1226.0,1225.8,1226.92,1151162,14123.89,55207,683266.0, 59.35,2026-07-09
JTEKTINDIA, EQ, 09-Jul-2026,140.16,140.16,148.47,140.15,144.5,144.93,146.01,775498,1132.3,9412,272118.0, 35.09,2026-07-09
JTLIND, EQ, 09-Jul-2026,77.61,78.14,80.7,77.51,80.4,80.26,79.63,2789659,2221.31,16479,1268221.0, 45.46,2026-07-09
JUBLCPL, EQ, 09-Jul-2026,2087.5,2080.0,2130.0,2080.0,2094.0,2086.0,2099.94,2581,54.2,559,1631.0, 63.19,2026-07-09
JUBLFOOD, EQ, 09-Jul-2026,429.2,429.2,442.6,428.0,428.75,429.35,434.48,2442441,10611.99,46605,714540.0, 29.26,2026-07-09
JUBLINGREA, EQ, 09-Jul-2026,680.8,680.9,723.8,679.6,715.0,715.5,713.29,714054,5093.31,35989,300721.0, 42.11,2026-07-09
JUBLPHARMA, EQ, 09-Jul-2026,970.75,978.0,988.4,964.1,973.0,969.2,976.83,102229,998.6,7498,60592.0, 59.27,2026-07-09
JUNIORBEES, EQ, 09-Jul-2026,765.88,763.46,774.49,763.45,772.53,771.82,771.72,376074,2902.24,8221,203181.0, 54.03,2026-07-09
JUNIPER, EQ, 09-Jul-2026,194.26,195.0,198.65,191.61,198.25,197.56,196.0,60330,118.25,1272,37539.0, 62.22,2026-07-09
JUSTDIAL, EQ, 09-Jul-2026,540.5,541.5,548.45,540.1,546.8,546.6,545.09,122952,670.2,5963,71223.0, 57.93,2026-07-09
JWL, EQ, 09-Jul-2026,248.9,247.0,253.8,247.0,251.75,251.25,251.36,738976,1857.52,13606,277315.0, 37.53,2026-07-09
JYOTHYLAB, EQ, 09-Jul-2026,189.12,191.0,202.94,188.6,201.91,201.64,198.82,2099051,4173.42,28998,762528.0, 36.33,2026-07-09
JYOTICNC, EQ, 09-Jul-2026,753.65,756.6,780.1,753.8,769.0,769.05,770.86,531386,4096.23,22873,192454.0, 36.22,2026-07-09
JYOTIGLOBL, ST, 09-Jul-2026,38.85,36.95,36.95,36.95,36.95,36.95,36.95,6000,2.22,3,6000.0, 100.00,2026-07-09
JYOTISTRUC, EQ, 09-Jul-2026,11.31,11.34,11.84,11.34,11.77,11.73,11.58,5645734,653.53,5145,2514726.0, 44.54,2026-07-09
K2INFRA, ST, 09-Jul-2026,62.2,63.7,63.85,59.8,61.0,61.0,61.58,19200,11.82,29,13200.0, 68.75,2026-07-09
KABRAEXTRU, EQ, 09-Jul-2026,280.45,281.0,300.0,281.0,295.0,295.65,293.29,109327,320.64,3126,47177.0, 43.15,2026-07-09
KAJARIACER, EQ, 09-Jul-2026,1193.4,1200.0,1229.7,1194.0,1212.9,1215.0,1217.12,260257,3167.65,11408,142260.0, 54.66,2026-07-09
KAKATCEM, BE, 09-Jul-2026,116.98,117.5,117.5,113.0,116.9,113.7,114.01,3672,4.19,61,, -,2026-07-09
KALAMANDIR, EQ, 09-Jul-2026,100.04,100.25,102.7,99.75,99.95,100.04,101.06,493885,499.11,6742,261730.0, 52.99,2026-07-09
KALANA, SM, 09-Jul-2026,18.5,18.5,18.5,18.5,18.5,18.5,18.5,4000,0.74,2,4000.0, 100.00,2026-07-09
KALPATARU, EQ, 09-Jul-2026,286.5,289.0,292.45,286.0,287.0,287.65,288.7,55796,161.08,2725,34476.0, 61.79,2026-07-09
KALYANIFRG, EQ, 09-Jul-2026,627.75,624.65,639.3,621.35,631.25,628.7,630.1,366,2.31,42,222.0, 60.66,2026-07-09
KALYANKJIL, EQ, 09-Jul-2026,374.15,380.0,448.0,377.85,439.75,443.0,427.32,117145048,500582.71,661386,15398201.0, 13.14,2026-07-09
KAMAHOLD, EQ, 09-Jul-2026,2539.2,2587.3,2587.3,2533.6,2562.0,2553.4,2551.93,3541,90.36,518,1808.0, 51.06,2026-07-09
KAMATHOTEL, EQ, 09-Jul-2026,182.4,183.17,189.59,183.17,185.18,185.07,185.91,22906,42.59,996,11438.0, 49.93,2026-07-09
KAMDHENU, BE, 09-Jul-2026,31.01,31.5,32.56,31.01,32.56,32.56,32.24,575053,185.39,695,, -,2026-07-09
KAMOPAINTS, EQ, 09-Jul-2026,5.02,4.87,5.08,4.87,4.97,4.98,4.99,95958,4.79,431,71038.0, 74.03,2026-07-09
KANANIIND, EQ, 09-Jul-2026,1.53,1.51,1.55,1.51,1.53,1.52,1.52,89319,1.36,239,77345.0, 86.59,2026-07-09
KANCHI, BE, 09-Jul-2026,363.1,359.0,371.0,359.0,367.95,363.3,361.79,95,0.34,9,, -,2026-07-09
KANDARP, SM, 09-Jul-2026,98.5,101.0,101.0,101.0,101.0,101.0,101.0,3000,3.03,1,3000.0, 100.00,2026-07-09
KANORICHEM, BE, 09-Jul-2026,127.1,125.0,132.99,122.1,129.8,130.01,130.76,70701,92.45,160,, -,2026-07-09
KANPRPLA, EQ, 09-Jul-2026,187.84,189.52,200.1,188.6,189.99,194.11,192.82,42242,81.45,736,30965.0, 73.30,2026-07-09
KANSAINER, EQ, 09-Jul-2026,204.03,207.0,207.0,199.3,200.69,200.59,202.71,230082,466.39,6868,147123.0, 63.94,2026-07-09
KAPSTON, EQ, 09-Jul-2026,354.5,351.0,383.9,351.0,379.0,377.2,376.58,63563,239.37,1908,31902.0, 50.19,2026-07-09
KARMAENG, EQ, 09-Jul-2026,39.93,40.0,40.45,39.11,39.92,39.92,39.56,2545,1.01,37,1678.0, 65.93,2026-07-09
KARNIKA, SM, 09-Jul-2026,102.35,102.95,116.65,102.95,113.0,111.9,110.79,373000,413.26,322,212000.0, 56.84,2026-07-09
KARURVYSYA, EQ, 09-Jul-2026,294.65,296.0,301.85,291.5,296.6,295.65,296.57,1675323,4968.47,26333,645636.0, 38.54,2026-07-09
KATARIA, SM, 09-Jul-2026,101.0,102.5,103.5,102.5,103.5,103.5,102.83,5400,5.55,7,5400.0, 100.00,2026-07-09
KAUSHALYA, BE, 09-Jul-2026,1146.15,1146.15,1146.15,1088.85,1088.85,1088.85,1101.7,353,3.89,58,, -,2026-07-09
KAVDEFENCE, EQ, 09-Jul-2026,61.83,61.31,64.5,61.31,62.0,62.06,62.79,86472,54.3,1238,38711.0, 44.77,2026-07-09
KAYA, EQ, 09-Jul-2026,238.89,237.7,248.0,237.7,246.9,244.99,245.3,10755,26.38,413,8447.0, 78.54,2026-07-09
KAYNES, EQ, 09-Jul-2026,3210.7,3241.5,3459.9,3241.1,3447.0,3429.1,3396.94,3549385,120570.55,142652,738690.0, 20.81,2026-07-09
KAYTEX, SM, 09-Jul-2026,59.1,59.1,60.45,58.45,58.8,59.0,59.21,8000,4.74,8,6400.0, 80.00,2026-07-09
KCEIL, ST, 09-Jul-2026,91.35,90.0,90.0,88.2,88.5,88.5,88.9,3000,2.67,6,3000.0, 100.00,2026-07-09
KCK, SM, 09-Jul-2026,12.8,12.85,14.05,11.65,14.05,14.05,13.38,1547500,207.07,307,1025000.0, 66.24,2026-07-09
KCP, EQ, 09-Jul-2026,163.6,164.91,175.0,162.95,172.9,172.81,170.92,273879,468.11,4996,82237.0, 30.03,2026-07-09
KCPSUGIND, EQ, 09-Jul-2026,21.71,21.7,21.9,21.69,21.89,21.87,21.81,66433,14.49,295,49032.0, 73.81,2026-07-09
KDDL, EQ, 09-Jul-2026,3057.2,3057.2,3230.7,3057.2,3206.0,3186.3,3172.93,20817,660.51,3516,10918.0, 52.45,2026-07-09
KDL, SM, 09-Jul-2026,120.2,117.8,120.9,115.1,115.8,115.75,117.3,16650,19.53,82,12000.0, 72.07,2026-07-09
KEC, EQ, 09-Jul-2026,486.95,488.0,498.95,485.0,497.0,495.25,493.5,362999,1791.41,10185,156266.0, 43.05,2026-07-09
KECL, BE, 09-Jul-2026,108.93,108.92,112.99,107.5,111.8,110.87,111.21,32288,35.91,309,, -,2026-07-09
KEEPLEARN, EQ, 09-Jul-2026,1.8,1.83,1.87,1.82,1.86,1.83,1.84,26416,0.49,74,16896.0, 63.96,2026-07-09
KEI, EQ, 09-Jul-2026,5030.5,5030.5,5078.5,4925.0,4998.0,5007.5,4997.56,341857,17084.49,49303,156677.0, 45.83,2026-07-09
KELLTONTEC, EQ, 09-Jul-2026,15.04,15.05,15.19,14.78,15.12,14.9,15.02,1182588,177.64,3063,695808.0, 58.84,2026-07-09
KEN, SM, 09-Jul-2026,33.85,34.2,34.75,33.8,34.75,34.75,34.21,4800,1.64,4,4800.0, 100.00,2026-07-09
KENNAMET, EQ, 09-Jul-2026,2809.4,2798.0,2872.5,2777.0,2806.0,2805.7,2832.68,8364,236.93,2008,4997.0, 59.74,2026-07-09
KERNEX, EQ, 09-Jul-2026,2038.6,2064.5,2193.6,2064.4,2138.8,2124.0,2150.91,225402,4848.18,18706,81227.0, 36.04,2026-07-09
KESORAMIND, BE, 09-Jul-2026,10.36,10.22,10.22,10.17,10.17,10.17,10.18,314375,32.01,326,, -,2026-07-09
KEYFINSERV, EQ, 09-Jul-2026,263.19,263.0,274.97,263.0,266.0,266.0,266.61,524,1.4,40,373.0, 71.18,2026-07-09
KFINTECH, EQ, 09-Jul-2026,847.95,849.0,888.8,848.45,872.0,874.9,876.63,1527455,13390.19,45118,824805.0, 54.00,2026-07-09
KHADIM, BE, 09-Jul-2026,105.1,104.5,106.79,103.75,106.48,105.13,105.12,5949,6.25,661,, -,2026-07-09
KHAICHEM, BE, 09-Jul-2026,51.8,51.8,52.78,51.5,51.51,51.7,52.0,48174,25.05,255,, -,2026-07-09
KHAITANLTD, BE, 09-Jul-2026,128.64,133.0,135.07,128.5,129.0,129.0,132.56,1019,1.35,37,, -,2026-07-09
KHANDSE, EQ, 09-Jul-2026,17.68,17.75,17.75,17.25,17.75,17.74,17.69,751,0.13,25,746.0, 99.33,2026-07-09
KHFM, SM, 09-Jul-2026,52.55,58.3,58.3,53.25,53.25,53.25,54.53,6200,3.38,4,4650.0, 75.00,2026-07-09
KICL, EQ, 09-Jul-2026,5360.5,5388.0,5580.0,5380.0,5517.5,5505.0,5488.05,2287,125.51,592,1647.0, 72.02,2026-07-09
KILITCH, BE, 09-Jul-2026,183.12,184.98,185.5,176.0,184.0,184.24,183.38,25517,46.79,243,, -,2026-07-09
KIMS, EQ, 09-Jul-2026,805.95,805.0,831.0,801.75,815.0,813.75,819.74,536192,4395.38,22398,299009.0, 55.77,2026-07-09
KINGFA, EQ, 09-Jul-2026,4983.5,4955.0,5099.0,4955.0,5090.0,5038.5,5045.24,4455,224.77,1729,2769.0, 62.15,2026-07-09
KIOCL, EQ, 09-Jul-2026,374.15,376.0,381.45,376.0,376.05,377.05,378.47,48625,184.03,2373,15981.0, 32.87,2026-07-09
KIRANVYPAR, EQ, 09-Jul-2026,193.85,188.15,195.0,188.15,189.01,189.04,192.75,2253,4.34,75,1716.0, 76.17,2026-07-09
KIRIINDUS, EQ, 09-Jul-2026,379.55,383.3,385.45,380.5,382.35,381.9,382.79,117003,447.88,3398,51835.0, 44.30,2026-07-09
KIRLFER, EQ, 09-Jul-2026,451.75,452.75,462.0,444.55,458.0,455.95,455.49,88784,404.4,4789,56066.0, 63.15,2026-07-09
KIRLOSBROS, EQ, 09-Jul-2026,1853.9,1865.6,1916.3,1840.0,1914.0,1908.1,1897.16,114038,2163.48,11652,44447.0, 38.98,2026-07-09
KIRLOSENG, EQ, 09-Jul-2026,2277.0,2295.4,2436.4,2290.1,2430.0,2424.8,2384.76,1094132,26092.43,85636,381041.0, 34.83,2026-07-09
KIRLOSIND, EQ, 09-Jul-2026,4006.2,4035.0,4233.0,4032.3,4175.0,4151.0,4153.79,28948,1202.44,5114,10733.0, 37.08,2026-07-09
KIRLPNU, EQ, 09-Jul-2026,1745.2,1762.7,1789.0,1750.2,1789.0,1782.1,1771.13,68198,1207.87,11609,33502.0, 49.12,2026-07-09
KISSHT, EQ, 09-Jul-2026,302.65,305.0,315.0,302.2,313.05,312.55,310.45,1524655,4733.31,23935,527904.0, 34.62,2026-07-09
KITEX, EQ, 09-Jul-2026,151.31,152.1,155.9,152.1,152.7,153.18,154.01,312117,480.68,3776,114962.0, 36.83,2026-07-09
KKCL, EQ, 09-Jul-2026,489.6,492.2,503.45,492.2,493.6,495.55,498.73,22614,112.78,1282,14499.0, 64.12,2026-07-09
KKJEWELS, SM, 09-Jul-2026,107.0,103.0,109.95,103.0,109.95,109.95,105.78,5000,5.29,2,3000.0, 60.00,2026-07-09
KLBRENG-B, EQ, 09-Jul-2026,460.0,460.7,472.0,446.55,457.95,462.3,463.74,69726,323.35,4266,34212.0, 49.07,2026-07-09
KLL, SM, 09-Jul-2026,31.7,32.7,32.7,30.5,31.0,30.85,31.79,6400,2.03,8,4800.0, 75.00,2026-07-09
KMEW, EQ, 09-Jul-2026,2236.9,2269.0,2309.9,2250.4,2264.9,2268.6,2274.92,72402,1647.09,9808,35125.0, 48.51,2026-07-09
KMSUGAR, EQ, 09-Jul-2026,26.65,26.3,27.49,26.3,27.24,27.12,27.15,67031,18.2,734,43601.0, 65.05,2026-07-09
KNACK, EQ, 09-Jul-2026,182.98,186.0,204.0,186.0,195.25,194.71,195.93,19121784,37464.45,136324,4045772.0, 21.16,2026-07-09
KNAGRI, EQ, 09-Jul-2026,206.07,209.89,209.89,203.86,207.88,205.76,207.25,2959,6.13,104,1886.0, 63.74,2026-07-09
KNRCON, EQ, 09-Jul-2026,127.28,127.61,129.43,126.25,127.0,127.33,127.97,342451,438.25,5133,147376.0, 43.04,2026-07-09
KODYTECH, SM, 09-Jul-2026,1077.9,1062.0,1147.0,1055.0,1147.0,1125.2,1091.91,289500,3161.08,322,275100.0, 95.03,2026-07-09
KOHINOOR, EQ, 09-Jul-2026,23.92,24.0,24.74,23.95,24.31,24.34,24.23,136106,32.98,2113,22211.0, 16.32,2026-07-09
KOKUYOCMLN, EQ, 09-Jul-2026,85.37,86.7,87.93,85.79,87.87,87.58,86.83,24872,21.6,344,18533.0, 74.51,2026-07-09
KOLTEPATIL, EQ, 09-Jul-2026,356.6,356.6,362.5,354.1,358.65,361.4,359.94,20785,74.81,1123,13004.0, 62.56,2026-07-09
KONSTELEC, ST, 09-Jul-2026,50.8,53.3,53.3,53.3,53.3,53.3,53.3,3000,1.6,3,3000.0, 100.00,2026-07-09
KONTOR, SM, 09-Jul-2026,63.0,59.05,63.0,59.0,63.0,63.0,61.63,3600,2.22,5,2400.0, 66.67,2026-07-09
KOPRAN, BE, 09-Jul-2026,182.4,184.89,191.0,180.26,189.2,189.36,187.96,91062,171.16,852,, -,2026-07-09
KORE, SM, 09-Jul-2026,130.0,130.0,143.0,130.0,131.05,131.05,139.42,7500,10.46,21,6250.0, 83.33,2026-07-09
KOTAKBANK, EQ, 09-Jul-2026,370.1,371.5,377.95,368.4,377.3,377.15,373.26,30720415,114666.32,310195,19235874.0, 62.62,2026-07-09
KOTARISUG, EQ, 09-Jul-2026,25.57,25.9,27.0,25.35,26.32,25.98,26.27,29155,7.66,205,24197.0, 82.99,2026-07-09
KOTHARIPET, EQ, 09-Jul-2026,130.41,131.8,134.75,130.91,132.0,132.35,132.52,44698,59.23,1044,23004.0, 51.47,2026-07-09
KOTHARIPRO, EQ, 09-Jul-2026,67.43,68.01,70.5,68.01,68.75,69.21,69.22,10569,7.32,91,9693.0, 91.71,2026-07-09
KOTIC, EQ, 09-Jul-2026,166.63,166.63,183.4,166.01,171.25,172.02,177.71,113699,202.06,2357,26190.0, 23.03,2026-07-09
KOTYARK, BE, 09-Jul-2026,35.35,35.27,35.99,34.0,35.7,35.53,35.45,53223,18.87,343,, -,2026-07-09
KOVAI, EQ, 09-Jul-2026,5968.5,5968.5,6000.0,5915.0,6000.0,5970.5,5954.89,1917,114.16,627,1113.0, 58.06,2026-07-09
KPEL, EQ, 09-Jul-2026,322.05,325.3,335.0,322.4,325.0,323.9,328.1,183625,602.47,5389,79586.0, 43.34,2026-07-09
KPIGREEN, EQ, 09-Jul-2026,396.65,396.65,403.5,396.65,400.1,397.8,399.39,329512,1316.04,10472,157300.0, 47.74,2026-07-09
KPIL, EQ, 09-Jul-2026,1332.4,1332.4,1368.9,1332.4,1346.2,1349.9,1354.98,86189,1167.84,11191,44224.0, 51.31,2026-07-09
KPITTECH, EQ, 09-Jul-2026,554.6,556.05,557.0,546.6,548.5,548.15,550.66,1950385,10740.08,55039,746464.0, 38.27,2026-07-09
KPL, EQ, 09-Jul-2026,2568.2,2594.0,2698.0,2594.0,2625.0,2624.5,2642.97,26046,688.39,4355,12031.0, 46.19,2026-07-09
KPRMILL, EQ, 09-Jul-2026,1107.1,1120.0,1138.5,1111.9,1115.5,1115.1,1121.81,158907,1782.64,13074,45680.0, 28.75,2026-07-09
KRBL, EQ, 09-Jul-2026,359.8,360.85,375.0,359.65,368.9,369.3,370.66,408585,1514.47,9829,219752.0, 53.78,2026-07-09
KREBSBIO, EQ, 09-Jul-2026,54.03,55.5,59.43,54.42,57.02,56.96,58.28,31554,18.39,408,25058.0, 79.41,2026-07-09
KRIDHANINF, BE, 09-Jul-2026,2.71,2.71,2.84,2.64,2.8,2.78,2.79,23700,0.66,36,, -,2026-07-09
KRISHANA, EQ, 09-Jul-2026,128.75,129.7,139.25,129.65,138.95,138.15,135.99,1381914,1879.28,12544,636496.0, 46.06,2026-07-09
KRISHCA, SM, 09-Jul-2026,169.7,172.0,174.0,171.0,174.0,172.35,173.06,7000,12.11,12,5000.0, 71.43,2026-07-09
KRISHIVAL, EQ, 09-Jul-2026,399.4,402.5,402.5,395.0,401.5,399.1,399.81,17811,71.21,417,16912.0, 94.95,2026-07-09
KRISHNADEF, EQ, 09-Jul-2026,1282.7,1294.0,1340.0,1293.9,1319.9,1314.3,1322.24,146818,1941.28,8989,63548.0, 43.28,2026-07-09
KRISHPP, E1, 09-Jul-2026,141.0,141.5,155.0,125.1,125.1,132.2,132.68,139199,184.69,337,106448.0, 76.47,2026-07-09
KRITI, BE, 09-Jul-2026,67.99,69.8,70.6,65.0,68.95,69.54,67.75,22986,15.57,216,, -,2026-07-09
KRITIKA, EQ, 09-Jul-2026,5.56,5.62,5.77,5.46,5.68,5.62,5.61,61799,3.47,333,32877.0, 53.20,2026-07-09
KRITINUT, BE, 09-Jul-2026,76.66,76.6,76.85,75.1,76.69,76.66,76.51,15899,12.16,152,, -,2026-07-09
KRMAYURVED, ST, 09-Jul-2026,247.0,253.75,259.35,252.5,255.75,255.75,257.28,24000,61.75,23,23000.0, 95.83,2026-07-09
KRN, BE, 09-Jul-2026,1205.1,1181.0,1248.0,1181.0,1215.9,1211.8,1216.12,56896,691.92,3785,, -,2026-07-09
KRONOX, EQ, 09-Jul-2026,144.68,145.6,150.25,145.4,149.5,149.49,148.28,84349,125.07,1899,44995.0, 53.34,2026-07-09
KROSS, EQ, 09-Jul-2026,178.44,179.0,185.0,179.0,181.25,182.46,182.08,187541,341.48,2977,73043.0, 38.95,2026-07-09
KRSNAA, EQ, 09-Jul-2026,544.8,551.05,561.0,547.05,558.75,556.9,555.25,37525,208.36,2824,20832.0, 55.51,2026-07-09
KRT, RR, 09-Jul-2026,115.6,115.75,115.98,115.0,115.01,115.08,115.38,169938,196.07,13237,136060.0, 80.06,2026-07-09
KRYSTAL, EQ, 09-Jul-2026,600.55,600.6,605.65,600.2,600.2,601.3,601.9,3729,22.44,222,2336.0, 62.64,2026-07-09
KSB, EQ, 09-Jul-2026,927.6,935.8,935.8,922.15,932.0,932.7,929.97,60524,562.86,7182,34722.0, 57.37,2026-07-09
KSCL, EQ, 09-Jul-2026,865.65,865.65,881.45,863.3,865.0,865.9,871.34,85281,743.09,4212,41182.0, 48.29,2026-07-09
KSHINTL, EQ, 09-Jul-2026,783.35,793.3,851.45,793.0,848.25,848.2,831.04,302015,2509.86,18321,125732.0, 41.63,2026-07-09
KSHITIJPOL, BE, 09-Jul-2026,3.53,3.36,3.36,3.36,3.36,3.36,3.36,540507,18.16,881,, -,2026-07-09
KSL, EQ, 09-Jul-2026,893.4,890.0,966.0,890.0,930.0,933.5,937.99,391031,3667.82,19901,120596.0, 30.84,2026-07-09
KSOLVES, EQ, 09-Jul-2026,284.0,282.95,289.5,280.0,283.4,282.6,285.1,23562,67.18,1280,14132.0, 59.98,2026-07-09
KSR, EQ, 09-Jul-2026,31.07,31.07,31.87,30.1,30.4,30.22,30.26,12057,3.65,106,11833.0, 98.14,2026-07-09
KTKBANK, EQ, 09-Jul-2026,262.85,263.0,269.0,263.0,268.9,268.0,266.91,1567788,4184.59,19388,941379.0, 60.05,2026-07-09
KUANTUM, EQ, 09-Jul-2026,74.97,76.0,76.0,75.0,75.66,75.49,75.38,15977,12.04,332,8401.0, 52.58,2026-07-09
KWIL, EQ, 09-Jul-2026,31.79,32.26,33.95,32.14,32.75,32.71,33.15,15372467,5095.4,37374,7535532.0, 49.02,2026-07-09
LAGNAM, EQ, 09-Jul-2026,77.95,79.7,79.7,78.11,79.4,79.45,79.16,933,0.74,39,601.0, 64.42,2026-07-09
LAHOTIOV, EQ, 09-Jul-2026,42.3,43.76,45.0,42.85,42.85,42.85,43.72,2802,1.23,45,2212.0, 78.94,2026-07-09
LAKPRE, BZ, 09-Jul-2026,5.85,5.56,5.8,5.56,5.56,5.56,5.57,4336,0.24,26,, -,2026-07-09
LAKSHYA, ST, 09-Jul-2026,107.0,108.5,109.45,104.0,105.05,104.85,107.54,13600,14.63,13,12000.0, 88.24,2026-07-09
LAL, EQ, 09-Jul-2026,8.7,8.7,8.89,8.51,8.6,8.59,8.67,12731,1.1,148,8999.0, 70.69,2026-07-09
LALPATHLAB, EQ, 09-Jul-2026,1653.5,1674.5,1696.5,1656.8,1690.0,1684.6,1678.17,253714,4257.75,19764,162365.0, 64.00,2026-07-09
LAMBODHARA, EQ, 09-Jul-2026,107.05,109.0,110.6,107.51,108.49,108.41,108.52,3671,3.98,85,3057.0, 83.27,2026-07-09
LAMOSAIC, ST, 09-Jul-2026,48.35,47.3,50.0,45.95,49.8,49.25,48.26,85200,41.12,84,75600.0, 88.73,2026-07-09
LANCORHOL, EQ, 09-Jul-2026,24.95,24.5,25.49,24.27,25.0,25.0,25.0,187170,46.79,466,172405.0, 92.11,2026-07-09
LANDMARK, EQ, 09-Jul-2026,423.0,423.0,437.2,422.05,430.0,429.05,427.38,70801,302.59,5468,36363.0, 51.36,2026-07-09
LANDSMILL, EQ, 09-Jul-2026,0.77,0.77,0.8,0.76,0.78,0.77,0.78,1771094,13.77,818,868427.0, 49.03,2026-07-09
LAOPALA, EQ, 09-Jul-2026,176.61,178.67,178.67,176.0,176.6,176.99,176.94,35405,62.65,5537,19461.0, 54.97,2026-07-09
LASA, EQ, 09-Jul-2026,7.34,7.48,7.9,7.25,7.45,7.43,7.46,23854,1.78,118,17505.0, 73.38,2026-07-09
LATENTVIEW, EQ, 09-Jul-2026,292.8,293.25,304.65,290.8,300.1,300.55,300.29,764156,2294.69,16130,299989.0, 39.26,2026-07-09
LATTEYS, BE, 09-Jul-2026,20.0,20.98,21.0,20.0,20.5,20.88,20.79,111845,23.26,233,, -,2026-07-09
LAURUSLABS, EQ, 09-Jul-2026,1469.2,1468.1,1524.6,1460.0,1514.5,1507.4,1510.47,2035031,30738.46,58059,863393.0, 42.43,2026-07-09
LAXMICOT, EQ, 09-Jul-2026,14.52,14.8,14.9,14.17,14.38,14.38,14.36,5788,0.83,90,4007.0, 69.23,2026-07-09
LAXMIDENTL, EQ, 09-Jul-2026,214.64,215.18,220.0,212.77,217.4,216.93,217.58,60176,130.93,1951,21888.0, 36.37,2026-07-09
LAXMIINDIA, BE, 09-Jul-2026,110.66,113.48,116.19,110.7,112.9,111.87,113.07,20503,23.18,212,, -,2026-07-09
LCCINFOTEC, EQ, 09-Jul-2026,4.64,4.63,4.73,4.5,4.53,4.55,4.61,49793,2.29,118,39477.0, 79.28,2026-07-09
LEMERITE, EQ, 09-Jul-2026,22.29,22.65,22.9,21.18,22.48,22.36,21.82,873012,190.48,2675,456015.0, 52.23,2026-07-09
LEMONTREE, EQ, 09-Jul-2026,116.93,116.93,118.85,116.61,117.7,117.44,117.8,2350156,2768.41,27198,1223859.0, 52.08,2026-07-09
LENSKART, EQ, 09-Jul-2026,536.55,541.2,563.0,529.5,547.1,545.95,548.46,15723093,86235.5,230700,7116092.0, 45.26,2026-07-09
LEXUS, EQ, 09-Jul-2026,14.34,14.5,14.68,13.3,13.94,13.92,14.32,10898,1.56,58,9293.0, 85.27,2026-07-09
LFIC, EQ, 09-Jul-2026,139.59,141.8,142.85,140.0,140.12,140.12,141.36,240,0.34,29,212.0, 88.33,2026-07-09
LGBBROSLTD, EQ, 09-Jul-2026,1537.5,1540.0,1590.0,1535.2,1566.1,1558.0,1561.57,29480,460.35,3864,11862.0, 40.24,2026-07-09
LGEINDIA, EQ, 09-Jul-2026,1545.3,1547.0,1570.0,1545.2,1569.0,1563.8,1560.7,731466,11416.01,24984,498221.0, 68.11,2026-07-09
LGHL, EQ, 09-Jul-2026,211.68,212.8,223.6,212.8,219.0,216.72,218.49,40349,88.16,582,14640.0, 36.28,2026-07-09
LIBAS, EQ, 09-Jul-2026,11.21,11.21,11.32,10.45,10.89,10.61,10.67,75324,8.04,267,39505.0, 52.45,2026-07-09
LIBERTSHOE, EQ, 09-Jul-2026,270.0,270.0,276.5,270.0,274.6,272.65,273.92,36840,100.91,855,14748.0, 40.03,2026-07-09
LICHSGFIN, EQ, 09-Jul-2026,530.6,531.5,542.75,531.5,539.9,539.8,539.44,769495,4150.98,14314,310212.0, 40.31,2026-07-09
LICI, EQ, 09-Jul-2026,427.9,427.9,440.9,427.4,438.5,438.45,436.96,3344176,14612.84,40199,1701485.0, 50.88,2026-07-09
LICMFGOLD, EQ, 09-Jul-2026,127.4,126.3,129.4,126.3,129.3,128.95,128.43,21721,27.9,412,8430.0, 38.81,2026-07-09
LICNETFGSC, EQ, 09-Jul-2026,29.5,29.64,29.7,29.38,29.4,29.42,29.45,7100,2.09,73,4377.0, 61.65,2026-07-09
LICNETFN50, EQ, 09-Jul-2026,266.79,273.45,273.45,268.3,269.35,269.33,271.11,280,0.76,31,197.0, 70.36,2026-07-09
LICNETFSEN, EQ, 09-Jul-2026,864.52,871.33,873.03,866.54,866.56,866.56,869.47,24,0.21,7,14.0, 58.33,2026-07-09
LICNFNHGP, EQ, 09-Jul-2026,273.33,273.49,275.34,272.58,274.55,273.89,274.81,32,0.09,11,28.0, 87.50,2026-07-09
LICNMID100, EQ, 09-Jul-2026,61.73,62.11,62.89,62.11,62.37,62.36,62.4,1901,1.19,54,1360.0, 71.54,2026-07-09
LIKHITHA, BE, 09-Jul-2026,234.55,233.5,244.8,233.0,239.0,238.8,238.34,12215,29.11,266,, -,2026-07-09
LINC, EQ, 09-Jul-2026,102.37,102.75,106.59,102.73,105.9,104.55,104.61,15516,16.23,805,7478.0, 48.20,2026-07-09
LINCOLN, EQ, 09-Jul-2026,600.9,600.05,616.8,600.05,608.1,611.95,612.1,22302,136.51,1259,9869.0, 44.25,2026-07-09
LINDEINDIA, EQ, 09-Jul-2026,6935.5,6974.5,7065.0,6970.0,6970.0,6987.5,7000.95,14140,989.93,3766,6769.0, 47.87,2026-07-09
LIQGRWBEES, EQ, 09-Jul-2026,1046.64,1046.64,1046.8,1046.64,1046.78,1046.79,1046.79,64454,674.7,172,58150.0, 90.22,2026-07-09
LIQUID, EQ, 09-Jul-2026,999.99,1000.0,1000.0,999.99,999.99,999.99,999.99,393771,3937.68,406,334636.0, 84.98,2026-07-09
LIQUID1, EQ, 09-Jul-2026,1112.46,1118.38,1118.38,1112.46,1112.61,1112.61,1112.61,1540426,17138.96,575,947854.0, 61.53,2026-07-09
LIQUIDADD, EQ, 09-Jul-2026,1134.6,1134.75,1134.77,1134.75,1134.77,1134.76,1134.76,609109,6911.95,365,448564.0, 73.64,2026-07-09
LIQUIDBEES, EQ, 09-Jul-2026,1000.0,1000.0,1000.01,999.99,999.99,999.99,1000.0,2868723,28687.1,5016,2511743.0, 87.56,2026-07-09
LIQUIDBETF, EQ, 09-Jul-2026,1089.21,1089.34,1089.36,1089.34,1089.35,1089.35,1089.35,117123,1275.88,101,103330.0, 88.22,2026-07-09
LIQUIDCASE, EQ, 09-Jul-2026,114.89,114.9,114.92,114.9,114.92,114.91,114.91,13656640,15693.26,19566,12335301.0, 90.32,2026-07-09
LIQUIDETF, EQ, 09-Jul-2026,999.99,1000.0,1000.01,999.99,1000.0,1000.0,1000.0,108380,1083.8,197,80217.0, 74.01,2026-07-09
LIQUIDIETF, EQ, 09-Jul-2026,999.99,999.99,1000.01,999.99,1000.0,999.99,1000.0,410852,4108.52,183,275419.0, 67.04,2026-07-09
LIQUIDPLUS, EQ, 09-Jul-2026,1093.37,1093.51,1093.53,1093.51,1093.53,1093.52,1093.52,239644,2620.56,170,203291.0, 84.83,2026-07-09
LIQUIDSBI, EQ, 09-Jul-2026,999.99,1000.0,1000.01,999.99,1000.01,999.99,999.99,4022,40.22,27,3619.0, 89.98,2026-07-09
LIQUIDSHRI, EQ, 09-Jul-2026,1111.98,1112.13,1112.15,1112.13,1112.15,1112.14,1112.14,4100,45.6,33,2251.0, 54.90,2026-07-09
LLOYDS, ST, 09-Jul-2026,68.15,71.35,71.55,71.35,71.55,71.55,71.48,12000,8.58,9,12000.0, 100.00,2026-07-09
LLOYDSENGG, EQ, 09-Jul-2026,81.73,82.38,85.9,82.36,85.54,85.36,84.76,8760768,7425.77,30787,3039093.0, 34.69,2026-07-09
LLOYDSENT, EQ, 09-Jul-2026,71.33,71.68,75.48,71.68,74.99,74.58,74.05,2709343,2006.22,15673,1228770.0, 45.35,2026-07-09
LLOYDSME, EQ, 09-Jul-2026,1725.8,1736.9,1767.9,1729.3,1740.0,1745.1,1745.36,363584,6345.85,17679,204256.0, 56.18,2026-07-09
LMW, EQ, 09-Jul-2026,15795.0,15699.0,16092.0,15684.0,15750.0,15733.0,15827.27,1435,227.12,599,569.0, 39.65,2026-07-09
LODHA, EQ, 09-Jul-2026,1115.1,1107.8,1220.0,1102.0,1200.0,1192.15,1158.93,7067035,81901.86,150033,2789725.0, 39.48,2026-07-09
LOKESHMACH, BE, 09-Jul-2026,343.9,337.05,337.05,337.05,337.05,337.05,337.05,74565,251.32,272,, -,2026-07-09
LORDSCHLO, EQ, 09-Jul-2026,133.94,135.04,138.0,135.0,136.0,136.37,136.41,6468,8.82,76,5031.0, 77.78,2026-07-09
LOTUSDEV, EQ, 09-Jul-2026,139.3,139.5,144.2,139.5,142.6,142.36,142.9,370320,529.2,5786,161004.0, 43.48,2026-07-09
LOTUSEYE, EQ, 09-Jul-2026,118.56,119.9,124.8,119.85,121.5,121.12,121.98,5654,6.9,310,3029.0, 53.57,2026-07-09
LOVABLE, EQ, 09-Jul-2026,75.45,76.8,77.33,75.96,76.99,76.54,76.61,6498,4.98,194,4157.0, 63.97,2026-07-09
LOWVOL, EQ, 09-Jul-2026,203.85,204.86,204.86,204.86,204.86,204.86,204.86,4,0.01,1,4.0, 100.00,2026-07-09
LOWVOL1, EQ, 09-Jul-2026,20.88,20.88,21.05,20.88,20.97,20.96,21.02,423541,89.01,197,355886.0, 84.03,2026-07-09
LOWVOLIETF, EQ, 09-Jul-2026,21.84,22.5,22.5,21.85,21.97,21.98,22.0,726949,159.91,978,552814.0, 76.05,2026-07-09
LOYALTEX, EQ, 09-Jul-2026,210.4,208.5,210.89,202.1,210.0,203.74,204.12,129,0.26,19,92.0, 71.32,2026-07-09
LPDC, EQ, 09-Jul-2026,6.42,6.48,6.64,6.36,6.38,6.38,6.44,28549,1.84,109,20092.0, 70.38,2026-07-09
LT, EQ, 09-Jul-2026,3892.1,3916.0,3947.3,3867.8,3883.0,3886.0,3916.81,5117653,200448.87,165912,3639822.0, 71.12,2026-07-09
LTF, EQ, 09-Jul-2026,314.3,314.75,324.25,309.2,320.7,321.1,319.43,9334466,29817.33,96794,3658347.0, 39.19,2026-07-09
LTFOODS, EQ, 09-Jul-2026,380.3,378.55,390.9,378.55,387.35,388.4,387.41,556292,2155.11,21097,253112.0, 45.50,2026-07-09
LTGILTBEES, EQ, 09-Jul-2026,29.85,29.92,29.99,29.85,29.95,29.94,29.91,968018,289.55,530,741554.0, 76.61,2026-07-09
LTGILTCASE, EQ, 09-Jul-2026,30.43,30.6,30.6,30.35,30.59,30.52,30.48,131957,40.22,334,109033.0, 82.63,2026-07-09
LTM, EQ, 09-Jul-2026,3794.0,3790.0,3879.0,3715.4,3872.6,3854.4,3840.69,473976,18203.96,39658,256420.0, 54.10,2026-07-09
LTTS, EQ, 09-Jul-2026,3141.1,3150.9,3235.0,3131.5,3205.0,3217.6,3209.37,80073,2569.84,13970,36550.0, 45.65,2026-07-09
LUMAXIND, EQ, 09-Jul-2026,5246.5,5211.0,5439.0,5211.0,5334.0,5366.0,5369.96,15738,845.12,2335,9119.0, 57.94,2026-07-09
LUMAXTECH, EQ, 09-Jul-2026,1448.2,1455.8,1503.4,1451.1,1492.0,1495.4,1485.39,99019,1470.82,13137,49041.0, 49.53,2026-07-09
LUPIN, EQ, 09-Jul-2026,2459.0,2459.0,2522.7,2455.0,2503.5,2503.3,2504.02,570462,14284.48,50117,334772.0, 58.68,2026-07-09
LUXIND, EQ, 09-Jul-2026,1229.1,1235.6,1260.0,1216.2,1222.2,1222.2,1235.55,25316,312.79,1505,16137.0, 63.74,2026-07-09
LXCHEM, EQ, 09-Jul-2026,150.59,151.47,154.4,150.8,152.0,153.14,153.25,263109,403.22,3910,121662.0, 46.24,2026-07-09
LYKALABS, BE, 09-Jul-2026,68.99,71.34,71.9,67.65,70.0,68.58,69.56,12331,8.58,105,, -,2026-07-09
LYPSAGEMS, EQ, 09-Jul-2026,4.58,4.64,4.86,4.26,4.71,4.63,4.6,141427,6.51,667,55408.0, 39.18,2026-07-09
M&M, EQ, 09-Jul-2026,3102.5,3101.0,3139.7,3080.3,3088.0,3085.4,3103.15,2922682,90695.23,118016,1631873.0, 55.83,2026-07-09
M&MFIN, EQ, 09-Jul-2026,331.65,333.3,340.0,330.5,337.0,336.75,336.41,2510756,8446.42,38934,1410602.0, 56.18,2026-07-09
MAANALU, EQ, 09-Jul-2026,119.8,121.84,124.9,120.41,120.56,120.84,122.54,64981,79.63,803,36317.0, 55.89,2026-07-09
MACPOWER, EQ, 09-Jul-2026,1331.9,1339.9,1390.4,1338.4,1385.0,1372.3,1374.59,9357,128.62,1150,5274.0, 56.36,2026-07-09
MADHAV, EQ, 09-Jul-2026,36.94,37.0,38.2,36.15,36.6,36.55,36.61,8877,3.25,89,6261.0, 70.53,2026-07-09
MADHAVBAUG, SM, 09-Jul-2026,177.0,177.1,177.1,174.95,175.0,175.0,175.11,18000,31.52,23,16000.0, 88.89,2026-07-09
MADHAVIPL, EQ, 09-Jul-2026,8.39,8.3,8.48,8.3,8.4,8.35,8.36,87051,7.28,270,63539.0, 72.99,2026-07-09
MADHUCON, BE, 09-Jul-2026,6.0,6.15,6.15,5.81,5.86,5.86,5.83,4432,0.26,33,, -,2026-07-09
MADHUSUDAN, ST, 09-Jul-2026,253.3,257.75,259.55,248.6,249.3,251.8,252.33,36000,90.84,36,32000.0, 88.89,2026-07-09
MADRASFERT, EQ, 09-Jul-2026,66.94,66.94,69.27,66.94,67.3,67.33,67.92,68174,46.31,967,31916.0, 46.82,2026-07-09
MAFANG, EQ, 09-Jul-2026,193.17,194.06,194.06,194.06,194.06,194.06,194.06,93014,180.5,312,93014.0, 100.00,2026-07-09
MAFATIND, EQ, 09-Jul-2026,135.69,133.72,140.0,133.61,140.0,139.35,137.74,58462,80.52,836,43031.0, 73.61,2026-07-09
MAGADSUGAR, EQ, 09-Jul-2026,494.5,497.1,515.0,497.0,505.0,504.55,504.94,17074,86.21,778,11174.0, 65.44,2026-07-09
MAGNUM, EQ, 09-Jul-2026,19.4,19.31,20.25,19.31,20.09,19.85,19.95,30521,6.09,87,29609.0, 97.01,2026-07-09
MAGSON, ST, 09-Jul-2026,175.0,175.85,179.0,168.0,179.0,178.95,173.52,7000,12.15,6,7000.0, 100.00,2026-07-09
MAHABANK, EQ, 09-Jul-2026,80.6,81.0,82.26,80.86,82.15,82.01,81.54,12124957,9886.82,48717,5430992.0, 44.79,2026-07-09
MAHAPEXLTD, EQ, 09-Jul-2026,44.48,44.51,45.99,43.1,44.0,43.59,43.97,11128,4.89,171,9460.0, 85.01,2026-07-09
MAHASTEEL, EQ, 09-Jul-2026,799.85,799.75,839.0,795.0,837.0,831.25,826.4,10135,83.76,371,7048.0, 69.54,2026-07-09
MAHEPC, EQ, 09-Jul-2026,114.87,115.5,116.8,114.0,115.03,115.31,115.54,24403,28.19,646,16294.0, 66.77,2026-07-09
MAHESHWARI, BE, 09-Jul-2026,71.37,71.37,73.4,71.37,73.25,73.14,72.98,15740,11.49,48,, -,2026-07-09
MAHICKRA, SM, 09-Jul-2026,250.5,249.95,250.0,249.95,250.0,250.0,249.99,5250,13.12,5,3750.0, 71.43,2026-07-09
MAHKTECH, EQ, 09-Jul-2026,22.26,21.99,21.99,21.99,21.99,21.99,21.99,406483,89.39,253,406483.0, 100.00,2026-07-09
MAHLIFE, EQ, 09-Jul-2026,359.05,356.45,371.0,356.45,371.0,368.0,367.27,175895,646.01,13693,104918.0, 59.65,2026-07-09
MAHLOG, EQ, 09-Jul-2026,382.5,382.1,395.0,382.1,388.1,388.95,387.93,149440,579.72,4974,80666.0, 53.98,2026-07-09
MAHSCOOTER, EQ, 09-Jul-2026,12889.0,13017.0,13166.0,12895.0,13049.0,13047.0,13067.54,2137,279.25,905,1185.0, 55.45,2026-07-09
MAHSEAMLES, EQ, 09-Jul-2026,583.0,586.0,592.95,582.0,592.0,591.05,589.69,68103,401.6,4041,38667.0, 56.78,2026-07-09
MAITHANALL, EQ, 09-Jul-2026,993.0,995.0,1007.3,993.0,1002.1,1003.5,1000.48,20570,205.8,1496,12181.0, 59.22,2026-07-09
MAJESAUT, EQ, 09-Jul-2026,342.4,343.0,348.2,343.0,347.0,347.0,345.48,3466,11.97,188,2791.0, 80.53,2026-07-09
MAKEINDIA, EQ, 09-Jul-2026,159.91,161.6,161.6,159.95,160.36,160.23,160.75,17557,28.22,332,12426.0, 70.78,2026-07-09
MALLCOM, EQ, 09-Jul-2026,988.4,993.3,1038.0,988.1,1038.0,1029.5,1021.43,1834,18.73,211,1532.0, 83.53,2026-07-09
MALUPAPER, EQ, 09-Jul-2026,30.85,31.5,31.5,30.99,31.29,31.29,31.02,328,0.1,12,327.0, 99.70,2026-07-09
MAMATA, EQ, 09-Jul-2026,379.65,379.65,386.9,379.65,380.0,381.6,382.73,23828,91.2,1198,12748.0, 53.50,2026-07-09
MANAKALUCO, EQ, 09-Jul-2026,34.58,34.11,35.48,34.11,34.3,34.3,34.53,29867,10.31,462,15681.0, 52.50,2026-07-09
MANAKCOAT, EQ, 09-Jul-2026,118.78,119.3,123.4,116.64,120.7,117.43,120.48,420539,506.67,3417,90281.0, 21.47,2026-07-09
MANAKSIA, EQ, 09-Jul-2026,56.36,56.36,58.18,56.36,56.9,57.04,57.42,16537,9.5,317,13131.0, 79.40,2026-07-09
MANAKSTEEL, BE, 09-Jul-2026,79.72,79.3,81.0,77.29,78.3,78.13,78.86,14497,11.43,173,, -,2026-07-09
MANALIPETC, EQ, 09-Jul-2026,60.92,61.61,62.19,60.2,60.8,60.9,61.31,181669,111.37,2184,87237.0, 48.02,2026-07-09
MANAPPURAM, EQ, 09-Jul-2026,332.55,330.55,336.15,329.15,332.3,332.45,332.93,1998775,6654.44,17856,599782.0, 30.01,2026-07-09
MANBA, EQ, 09-Jul-2026,135.96,136.21,141.95,135.1,137.5,136.7,138.55,199594,276.55,2432,34346.0, 17.21,2026-07-09
MANCREDIT, EQ, 09-Jul-2026,227.97,230.0,243.19,229.8,236.5,237.93,235.96,294139,694.06,2618,22591.0, 7.68,2026-07-09
MANDEEP, SM, 09-Jul-2026,20.25,19.3,19.3,19.3,19.3,19.3,19.3,2000,0.39,1,2000.0, 100.00,2026-07-09
MANGALAM, EQ, 09-Jul-2026,26.93,26.9,28.27,26.7,27.21,27.26,27.47,36542,10.04,255,18567.0, 50.81,2026-07-09
MANGLMCEM, EQ, 09-Jul-2026,923.45,922.7,949.85,921.05,941.0,944.6,940.23,27047,254.3,1553,17111.0, 63.26,2026-07-09
MANILAM, SM, 09-Jul-2026,53.3,53.3,53.3,53.3,53.3,53.3,53.3,2000,1.07,1,2000.0, 100.00,2026-07-09
MANINDS, EQ, 09-Jul-2026,549.45,547.0,587.45,547.0,574.55,574.3,571.85,365438,2089.75,10350,153167.0, 41.91,2026-07-09
MANINFRA, EQ, 09-Jul-2026,100.52,100.52,105.74,100.3,100.95,100.79,103.59,3336831,3456.56,12502,544663.0, 16.32,2026-07-09
MANKIND, EQ, 09-Jul-2026,2491.2,2503.3,2555.1,2498.5,2540.0,2532.0,2537.42,205083,5203.82,27444,80467.0, 39.24,2026-07-09
MANOMAY, EQ, 09-Jul-2026,171.64,171.64,182.4,171.21,176.8,178.59,178.51,54228,96.8,517,17383.0, 32.06,2026-07-09
MANORAMA, EQ, 09-Jul-2026,1510.8,1513.0,1590.2,1510.0,1578.0,1579.2,1548.37,198892,3079.58,14115,103070.0, 51.82,2026-07-09
MANORG, BE, 09-Jul-2026,528.5,518.05,539.9,518.05,538.9,536.6,532.45,883,4.7,27,, -,2026-07-09
MANUFGBEES, EQ, 09-Jul-2026,158.38,158.38,159.9,158.23,159.9,158.63,158.7,3380,5.36,68,2148.0, 63.55,2026-07-09
MANUGRAPH, BE, 09-Jul-2026,14.81,14.81,15.29,14.5,14.91,14.91,14.84,532,0.08,34,, -,2026-07-09
MANYAVAR, EQ, 09-Jul-2026,387.75,388.35,396.8,386.75,392.7,392.55,393.09,70945,278.88,5949,32856.0, 46.31,2026-07-09
MAPMYINDIA, EQ, 09-Jul-2026,931.45,930.0,1094.0,926.0,1060.25,1069.2,1042.45,7268771,75773.23,245298,688896.0, 9.48,2026-07-09
MARALOVER, BE, 09-Jul-2026,51.81,52.49,54.0,52.21,54.0,53.86,53.0,2201,1.17,32,, -,2026-07-09
MARATHON, EQ, 09-Jul-2026,396.85,396.75,403.55,394.2,397.9,396.65,398.95,46397,185.1,1838,26821.0, 57.81,2026-07-09
MARC, ST, 09-Jul-2026,92.3,96.85,96.85,93.5,93.5,93.5,95.18,2400,2.28,2,1200.0, 50.00,2026-07-09
MARCO, SM, 09-Jul-2026,29.2,29.65,31.8,29.6,31.6,31.55,30.93,18000,5.57,11,15000.0, 83.33,2026-07-09
MARICO, EQ, 09-Jul-2026,840.1,845.05,862.3,841.45,860.55,860.05,856.59,2532027,21689.21,78214,1588425.0, 62.73,2026-07-09
MARINE, EQ, 09-Jul-2026,247.65,250.8,254.0,247.0,248.5,248.1,251.02,443836,1114.1,7528,185363.0, 41.76,2026-07-09
MARINETRAN, SM, 09-Jul-2026,13.5,14.15,14.15,14.15,14.15,14.15,14.15,4000,0.57,1,4000.0, 100.00,2026-07-09
MARKOLINES, EQ, 09-Jul-2026,164.49,165.7,169.75,163.25,164.69,165.55,167.48,374677,627.51,3203,149623.0, 39.93,2026-07-09
MARKSANS, EQ, 09-Jul-2026,263.45,265.3,281.6,263.5,279.0,277.3,276.16,4551970,12570.56,59185,1812005.0, 39.81,2026-07-09
MARSONS, EQ, 09-Jul-2026,105.64,107.7,118.8,107.7,117.5,116.8,115.46,3999130,4617.33,37521,822455.0, 20.57,2026-07-09
MARUSHIKA, SM, 09-Jul-2026,92.0,83.4,89.05,83.4,89.05,89.05,86.23,2400,2.07,2,1200.0, 50.00,2026-07-09
MARUTI, EQ, 09-Jul-2026,13951.0,14000.0,14037.0,13700.0,13709.0,13728.0,13840.69,576451,79784.82,116236,309730.0, 53.73,2026-07-09
MASFIN, EQ, 09-Jul-2026,313.8,313.0,323.5,310.2,317.9,313.3,313.56,268791,842.81,4010,226878.0, 84.41,2026-07-09
MASON, SM, 09-Jul-2026,118.0,120.0,128.5,120.0,127.9,127.9,124.68,361000,450.09,73,344000.0, 95.29,2026-07-09
MASPTOP50, EQ, 09-Jul-2026,78.74,78.33,78.33,78.33,78.33,78.33,78.33,194944,152.7,170,193984.0, 99.51,2026-07-09
MASTEK, EQ, 09-Jul-2026,1606.1,1607.2,1638.8,1591.0,1619.0,1612.1,1618.44,29452,476.66,3524,13408.0, 45.52,2026-07-09
MASTER, SM, 09-Jul-2026,362.25,380.35,380.35,369.0,380.35,380.35,379.01,7000,26.53,14,7000.0, 100.00,2026-07-09
MASTERTR, EQ, 09-Jul-2026,80.51,80.6,96.61,80.6,94.7,94.8,91.91,17957760,16505.02,85069,1239963.0, 6.90,2026-07-09
MATRIMONY, EQ, 09-Jul-2026,431.7,434.0,439.1,415.0,416.8,417.5,423.92,14807,62.77,1302,8007.0, 54.08,2026-07-09
MAWANASUG, BE, 09-Jul-2026,108.43,108.43,112.5,106.0,112.0,111.94,110.24,97120,107.06,381,, -,2026-07-09
MAXESTATES, EQ, 09-Jul-2026,431.7,434.9,445.8,430.05,439.7,439.5,439.99,44246,194.68,2839,20977.0, 47.41,2026-07-09
MAXHEALTH, EQ, 09-Jul-2026,1084.8,1083.3,1123.7,1083.3,1100.0,1101.3,1103.17,2525140,27856.57,70619,1452648.0, 57.53,2026-07-09
MAXIND, EQ, 09-Jul-2026,154.16,155.0,161.38,155.0,158.0,157.73,158.64,52572,83.4,691,38137.0, 72.54,2026-07-09
MAXPOSURE, SM, 09-Jul-2026,34.15,34.15,35.2,34.15,35.2,35.0,34.76,4000,1.39,4,3000.0, 75.00,2026-07-09
MAXVOLT, ST, 09-Jul-2026,351.0,356.75,364.0,345.0,350.0,347.8,355.05,33600,119.3,82,27600.0, 82.14,2026-07-09
MAYURUNIQ, EQ, 09-Jul-2026,853.25,859.0,866.3,830.0,839.0,833.3,846.18,142364,1204.66,6773,93143.0, 65.43,2026-07-09
MAZDA, BE, 09-Jul-2026,238.63,238.0,242.07,232.0,238.9,235.01,237.25,12995,30.83,266,, -,2026-07-09
MAZDOCK, EQ, 09-Jul-2026,2450.7,2440.0,2444.0,2369.9,2372.8,2372.8,2398.89,1695100,40663.6,75506,792715.0, 46.77,2026-07-09
MBAPL, EQ, 09-Jul-2026,118.05,118.0,131.9,117.05,131.7,129.85,126.22,2221219,2803.61,23607,1128933.0, 50.82,2026-07-09
MBEL, EQ, 09-Jul-2026,307.2,309.75,323.0,307.8,310.0,310.25,315.08,143415,451.87,6262,70340.0, 49.05,2026-07-09
MBLINFRA, BE, 09-Jul-2026,25.76,25.99,26.29,25.0,26.01,26.0,25.52,11257,2.87,79,, -,2026-07-09
MCCHRLS-B, EQ, 09-Jul-2026,699.35,723.8,723.8,709.0,709.0,709.0,709.05,447,3.17,5,446.0, 99.78,2026-07-09
MCL, EQ, 09-Jul-2026,53.99,53.9,55.3,53.7,54.74,54.57,54.65,14435,7.89,454,10172.0, 70.47,2026-07-09
MCLEODRUSS, BE, 09-Jul-2026,51.82,51.8,53.91,50.11,52.59,52.36,52.46,187506,98.36,564,, -,2026-07-09
MCLOUD, EQ, 09-Jul-2026,29.32,29.32,30.15,28.95,29.79,29.62,29.61,6025668,1784.21,14681,1614472.0, 26.79,2026-07-09
MCON, SM, 09-Jul-2026,40.75,42.75,42.75,42.75,42.75,42.75,42.75,2000,0.86,2,2000.0, 100.00,2026-07-09
MCX, EQ, 09-Jul-2026,2742.0,2755.6,2839.0,2749.4,2789.0,2785.4,2798.14,2578842,72159.57,170201,932583.0, 36.16,2026-07-09
MDL, ST, 09-Jul-2026,71.35,71.6,71.6,71.25,71.45,71.35,71.43,3000,2.14,3,3000.0, 100.00,2026-07-09
MEDANTA, EQ, 09-Jul-2026,1305.0,1323.0,1356.0,1316.3,1348.0,1348.3,1347.44,226425,3050.93,17918,151493.0, 66.91,2026-07-09
MEDIASSIST, EQ, 09-Jul-2026,354.25,355.05,368.7,353.85,360.0,358.7,362.38,81871,296.68,3021,43794.0, 53.49,2026-07-09
MEDICAMEQ, EQ, 09-Jul-2026,251.3,250.05,253.2,244.2,245.45,245.4,249.01,26839,66.83,950,15667.0, 58.37,2026-07-09
MEDICO, EQ, 09-Jul-2026,38.89,38.6,39.9,38.6,39.0,39.09,39.25,44110,17.31,758,23572.0, 53.44,2026-07-09
MEDIORG, SM, 09-Jul-2026,23.0,22.1,22.2,22.1,22.2,22.2,22.13,6000,1.33,3,2000.0, 33.33,2026-07-09
MEDISTEP, SM, 09-Jul-2026,19.8,18.5,18.5,18.5,18.5,18.5,18.5,3000,0.56,1,3000.0, 100.00,2026-07-09
MEDPLUS, EQ, 09-Jul-2026,816.2,824.95,824.95,807.1,811.1,814.7,813.63,130917,1065.18,11776,64737.0, 49.45,2026-07-09
MEESHO, EQ, 09-Jul-2026,189.54,189.8,195.92,189.57,191.18,190.69,193.14,10341768,19974.01,104683,4389416.0, 42.44,2026-07-09
MEGASTAR, EQ, 09-Jul-2026,359.95,359.35,382.6,358.0,373.0,375.2,372.08,82750,307.9,2082,24218.0, 29.27,2026-07-09
MEGATHERM, SM, 09-Jul-2026,210.25,216.9,223.9,213.9,218.25,218.25,218.95,11600,25.4,23,7200.0, 62.07,2026-07-09
MEIL, BE, 09-Jul-2026,297.85,299.0,303.95,294.0,299.95,297.45,297.38,14640,43.54,439,, -,2026-07-09
MENNPIS, EQ, 09-Jul-2026,69.43,69.9,73.84,69.9,73.0,73.01,72.66,114763,83.39,1938,50689.0, 44.17,2026-07-09
MENONBE, BE, 09-Jul-2026,165.68,166.7,173.96,165.8,173.05,173.88,172.21,52392,90.23,935,, -,2026-07-09
MEP, BZ, 09-Jul-2026,0.66,0.67,0.67,0.65,0.65,0.65,0.66,311254,2.06,72,, -,2026-07-09
MERCANTILE, EQ, 09-Jul-2026,25.04,25.89,25.89,24.26,25.59,25.45,25.45,575,0.15,24,445.0, 77.39,2026-07-09
MERCURYEV, BE, 09-Jul-2026,34.92,34.21,36.66,33.8,35.99,35.91,35.07,274966,96.42,685,, -,2026-07-09
METAL, EQ, 09-Jul-2026,12.57,12.71,12.74,12.55,12.63,12.62,12.61,1541819,194.48,4019,800348.0, 51.91,2026-07-09
METALIETF, EQ, 09-Jul-2026,12.51,12.82,12.82,12.32,12.58,12.55,12.54,4249616,532.9,7644,2347124.0, 55.23,2026-07-09
METROBRAND, EQ, 09-Jul-2026,1050.7,1041.9,1079.0,1041.9,1068.6,1064.5,1065.92,25245,269.09,4172,12005.0, 47.55,2026-07-09
METROGLOBL, EQ, 09-Jul-2026,134.56,136.0,137.0,132.65,135.0,134.64,134.64,3614,4.87,114,2983.0, 82.54,2026-07-09
METROPOLIS, EQ, 09-Jul-2026,549.35,549.35,564.4,548.8,559.85,560.05,557.92,105938,591.05,9045,56219.0, 53.07,2026-07-09
MFML, EQ, 09-Jul-2026,18.99,18.99,19.99,18.99,19.74,19.6,19.71,1632,0.32,35,1386.0, 84.93,2026-07-09
MFSL, EQ, 09-Jul-2026,1559.1,1560.0,1596.0,1554.8,1579.0,1576.8,1580.06,841514,13296.4,68997,463749.0, 55.11,2026-07-09
MGEL, BE, 09-Jul-2026,16.75,16.52,17.14,16.52,16.93,16.9,16.92,73477,12.43,169,, -,2026-07-09
MGL, EQ, 09-Jul-2026,1093.9,1092.1,1126.0,1089.0,1124.0,1122.7,1116.16,131919,1472.43,13027,49375.0, 37.43,2026-07-09
MGSL, SM, 09-Jul-2026,62.1,64.2,67.7,62.5,64.0,63.25,64.41,24000,15.46,19,18000.0, 75.00,2026-07-09
MHHL, SM, 09-Jul-2026,30.7,31.2,31.8,31.2,31.8,31.8,31.45,4500,1.42,3,4500.0, 100.00,2026-07-09
MHLXMIRU, EQ, 09-Jul-2026,133.73,133.21,140.41,133.21,139.89,140.03,138.37,10380,14.36,254,6952.0, 66.97,2026-07-09
MHRIL, EQ, 09-Jul-2026,232.01,233.0,237.29,229.55,232.0,231.72,232.8,71335,166.07,2471,36909.0, 51.74,2026-07-09
MICEL, BE, 09-Jul-2026,36.9,37.08,38.0,36.0,37.05,36.96,37.3,238314,88.88,1357,, -,2026-07-09
MICROPRO, SM, 09-Jul-2026,19.85,18.75,19.6,18.75,19.6,19.6,19.18,3200,0.61,2,1600.0, 50.00,2026-07-09
MID150, EQ, 09-Jul-2026,22.93,23.39,23.39,23.08,23.26,23.24,23.19,16228,3.76,121,14941.0, 92.07,2026-07-09
MID150BEES, EQ, 09-Jul-2026,233.12,238.94,238.94,233.12,236.42,236.3,236.08,516911,1220.34,5813,305755.0, 59.15,2026-07-09
MID150CASE, EQ, 09-Jul-2026,11.33,11.65,11.65,11.34,11.48,11.45,11.47,934891,107.22,3114,542478.0, 58.03,2026-07-09
MIDCAP, EQ, 09-Jul-2026,17.93,17.85,18.3,17.6,18.21,18.22,18.14,465175,84.37,745,243166.0, 52.27,2026-07-09
MIDCAPADD, EQ, 09-Jul-2026,22.62,22.65,22.95,22.65,22.86,22.86,22.87,9436,2.16,30,4054.0, 42.96,2026-07-09
MIDCAPBETA, EQ, 09-Jul-2026,227.68,228.88,231.69,228.88,230.99,230.99,230.59,2841,6.55,29,1401.0, 49.31,2026-07-09
MIDCAPETF, EQ, 09-Jul-2026,23.02,23.02,23.41,23.02,23.36,23.35,23.34,1733588,404.55,3941,1083206.0, 62.48,2026-07-09
MIDCAPIETF, EQ, 09-Jul-2026,23.32,23.4,23.7,23.36,23.65,23.66,23.62,528803,124.93,2109,307591.0, 58.17,2026-07-09
MIDHANI, EQ, 09-Jul-2026,408.7,413.65,416.4,407.8,410.8,409.75,412.26,486416,2005.31,13194,195389.0, 40.17,2026-07-09
MIDQ50ADD, EQ, 09-Jul-2026,24.38,24.41,24.65,24.4,24.55,24.56,24.53,40542,9.94,97,39327.0, 97.00,2026-07-09
MIDSELIETF, EQ, 09-Jul-2026,18.72,18.63,19.15,18.63,19.15,19.08,19.03,339763,64.66,755,265528.0, 78.15,2026-07-09
MIDSMALL, EQ, 09-Jul-2026,49.88,49.77,50.63,49.77,50.61,50.52,50.47,226239,114.17,532,179873.0, 79.51,2026-07-09
MIDWESTLTD, EQ, 09-Jul-2026,1294.8,1296.0,1369.9,1296.0,1344.9,1342.4,1335.92,25781,344.41,2479,13083.0, 50.75,2026-07-09
MIEL, SM, 09-Jul-2026,13.1,12.45,13.05,12.45,12.55,12.55,12.59,10000,1.26,5,6000.0, 60.00,2026-07-09
MINDACORP, EQ, 09-Jul-2026,683.35,684.05,711.5,684.05,705.5,705.45,705.45,374881,2644.59,20892,155978.0, 41.61,2026-07-09
MINDSPACE, RR, 09-Jul-2026,485.1,486.86,490.0,482.66,487.5,487.59,487.41,150368,732.91,3932,131001.0, 87.12,2026-07-09
MINDTECK, EQ, 09-Jul-2026,202.86,205.84,207.7,197.45,206.0,204.93,204.84,49344,101.07,1243,17683.0, 35.84,2026-07-09
MIRZAINT, EQ, 09-Jul-2026,37.82,37.7,40.74,37.44,39.1,38.99,39.53,903045,356.97,5757,360275.0, 39.90,2026-07-09
MITCON, BE, 09-Jul-2026,75.1,75.1,78.8,75.0,78.8,75.67,75.06,1573,1.18,12,, -,2026-07-09
MITTAL, EQ, 09-Jul-2026,0.94,0.92,0.95,0.92,0.94,0.94,0.94,322800,3.03,221,187416.0, 58.06,2026-07-09
MKPL, EQ, 09-Jul-2026,4.67,4.66,4.76,4.56,4.67,4.59,4.65,190478,8.85,399,125076.0, 65.66,2026-07-09
MMEL, ST, 09-Jul-2026,30.6,29.1,31.9,29.1,31.9,31.9,31.36,42000,13.17,6,36000.0, 85.71,2026-07-09
MMFL, EQ, 09-Jul-2026,500.1,505.2,519.9,500.65,511.9,510.1,513.97,221989,1140.97,8729,130557.0, 58.81,2026-07-09
MMP, EQ, 09-Jul-2026,280.95,286.95,287.8,279.1,285.5,282.65,283.13,28019,79.33,1170,13196.0, 47.10,2026-07-09
MMTC, EQ, 09-Jul-2026,63.43,63.59,64.92,63.42,64.17,64.16,64.34,1803455,1160.39,10629,508237.0, 28.18,2026-07-09
MMWL, BE, 09-Jul-2026,13.16,13.15,13.57,13.01,13.26,13.26,13.19,8917,1.18,42,, -,2026-07-09
MNC, EQ, 09-Jul-2026,33.12,33.4,33.47,33.23,33.23,33.31,33.36,106633,35.57,253,61846.0, 58.00,2026-07-09
MOALPHA50, EQ, 09-Jul-2026,52.6,52.89,53.39,52.89,53.31,53.31,53.17,267,0.14,24,138.0, 51.69,2026-07-09
MOBANK10, EQ, 09-Jul-2026,17.39,17.57,17.6,17.0,17.31,17.23,17.3,137991,23.87,407,41574.0, 30.13,2026-07-09
MOBIKWIK, EQ, 09-Jul-2026,198.17,198.6,202.8,198.52,200.0,200.79,201.0,567721,1141.1,6963,235490.0, 41.48,2026-07-09
MOBILISE, ST, 09-Jul-2026,103.55,106.9,106.9,106.9,106.9,106.9,106.9,1600,1.71,1,1600.0, 100.00,2026-07-09
MOCAPITAL, EQ, 09-Jul-2026,53.54,53.16,54.94,53.16,54.87,54.83,54.66,701843,383.59,2148,431431.0, 61.47,2026-07-09
MODEFENCE, EQ, 09-Jul-2026,102.68,102.44,103.71,100.26,102.61,102.35,102.54,1048863,1075.46,6676,608433.0, 58.01,2026-07-09
MODINATUR, BE, 09-Jul-2026,420.85,416.8,431.5,406.3,419.0,413.0,417.73,7957,33.24,88,, -,2026-07-09
MODIRUBBER, EQ, 09-Jul-2026,128.0,128.7,132.68,128.5,132.3,132.09,131.85,1189,1.57,30,1039.0, 87.38,2026-07-09
MODIS, EQ, 09-Jul-2026,338.1,340.0,345.0,336.7,345.0,343.35,343.66,23510,80.79,487,18393.0, 78.23,2026-07-09
MODISONLTD, BE, 09-Jul-2026,286.8,283.5,295.7,283.5,292.95,290.95,291.83,31308,91.37,799,, -,2026-07-09
MODTHREAD, EQ, 09-Jul-2026,47.5,47.5,50.51,45.57,47.9,47.46,47.83,3360,1.61,32,1928.0, 57.38,2026-07-09
MOENERGY, EQ, 09-Jul-2026,38.69,39.46,39.46,38.7,38.93,38.88,39.0,82054,32.0,634,55729.0, 67.92,2026-07-09
MOGOLD, EQ, 09-Jul-2026,140.35,140.15,141.9,139.75,141.6,141.6,141.11,42122,59.44,932,15511.0, 36.82,2026-07-09
MOGSEC, EQ, 09-Jul-2026,65.23,64.85,65.98,64.68,65.45,65.21,65.09,6461,4.21,101,3598.0, 55.69,2026-07-09
MOHEALTH, EQ, 09-Jul-2026,49.83,49.83,50.86,49.59,50.35,50.51,50.57,89586,45.31,532,61875.0, 69.07,2026-07-09
MOHITIND, EQ, 09-Jul-2026,23.57,23.57,23.57,23.0,23.03,23.07,23.19,3710,0.86,44,3678.0, 99.14,2026-07-09
MOIL, EQ, 09-Jul-2026,269.0,269.0,272.3,269.0,270.8,270.5,270.98,219039,593.55,6887,97979.0, 44.73,2026-07-09
MOINFRA, EQ, 09-Jul-2026,60.69,61.9,61.9,61.0,61.02,61.08,61.28,2187,1.34,56,1988.0, 90.90,2026-07-09
MOIPO, EQ, 09-Jul-2026,45.22,46.07,46.54,46.07,46.54,46.45,46.27,6192,2.86,40,5950.0, 96.09,2026-07-09
MOKSH, EQ, 09-Jul-2026,11.68,11.68,11.96,11.52,11.7,11.72,11.75,66150,7.77,176,46746.0, 70.67,2026-07-09
MOL, EQ, 09-Jul-2026,45.98,46.1,46.9,45.96,46.43,46.39,46.4,351864,163.27,1917,169875.0, 48.28,2026-07-09
MOLDTECH, EQ, 09-Jul-2026,126.37,126.9,129.88,126.0,128.9,126.76,127.37,18593,23.68,607,11654.0, 62.68,2026-07-09
MOLDTKPAC, EQ, 09-Jul-2026,663.75,671.45,689.25,670.0,676.25,680.6,681.89,45317,309.01,4862,23992.0, 52.94,2026-07-09
MOLOWVOL, EQ, 09-Jul-2026,36.93,36.85,37.25,36.81,37.25,36.94,36.99,2533,0.94,32,1439.0, 56.81,2026-07-09
MOM100, EQ, 09-Jul-2026,66.13,66.13,67.26,66.11,67.1,67.06,66.98,323923,216.98,2077,153337.0, 47.34,2026-07-09
MOM30IETF, EQ, 09-Jul-2026,30.56,30.79,30.9,30.67,30.75,30.75,30.79,433280,133.41,1325,266832.0, 61.58,2026-07-09
MOM50, EQ, 09-Jul-2026,249.6,251.43,253.0,250.22,253.0,251.86,251.57,3742,9.41,127,2661.0, 71.11,2026-07-09
MOMENTUM, EQ, 09-Jul-2026,30.45,31.21,31.21,29.84,30.77,30.56,30.61,227063,69.51,211,167366.0, 73.71,2026-07-09
MOMENTUM30, EQ, 09-Jul-2026,30.02,30.3,30.42,30.18,30.35,30.22,30.29,111881,33.88,83,88161.0, 78.80,2026-07-09
MOMENTUM50, EQ, 09-Jul-2026,51.55,51.65,52.6,51.65,52.49,52.46,52.41,672727,352.58,1193,444554.0, 66.08,2026-07-09
MOMGF, EQ, 09-Jul-2026,158.0,158.42,158.44,157.53,157.93,158.02,158.2,435,0.69,16,428.0, 98.39,2026-07-09
MOMIDMTM, EQ, 09-Jul-2026,61.88,62.44,63.07,62.43,63.01,63.03,62.89,38020,23.91,191,31521.0, 82.91,2026-07-09
MOMNC, EQ, 09-Jul-2026,32.26,32.47,32.5,32.4,32.41,32.41,32.46,954,0.31,11,954.0, 100.00,2026-07-09
MOMOMENTUM, EQ, 09-Jul-2026,60.82,60.79,61.76,60.79,61.01,61.3,61.37,29921,18.36,291,18110.0, 60.53,2026-07-09
MON100, EQ, 09-Jul-2026,324.7,324.85,324.85,324.85,324.85,324.85,324.85,330518,1073.69,878,330518.0, 100.00,2026-07-09
MON50EQUAL, EQ, 09-Jul-2026,32.91,33.02,33.07,32.89,32.95,32.97,33.0,5010,1.65,30,5002.0, 99.84,2026-07-09
MONARCH, EQ, 09-Jul-2026,345.5,347.0,357.4,347.0,350.0,351.2,352.3,142902,503.44,3165,98738.0, 69.09,2026-07-09
MONEXT50, EQ, 09-Jul-2026,70.46,71.05,71.61,71.02,71.36,71.39,71.08,2204,1.57,38,2072.0, 94.01,2026-07-09
MONEYBOXX, EQ, 09-Jul-2026,61.04,63.0,63.0,61.0,63.0,62.29,61.83,8410,5.2,135,5727.0, 68.10,2026-07-09
MONIFTY100, EQ, 09-Jul-2026,25.04,25.24,25.27,25.16,25.16,25.16,25.22,5393,1.36,38,4928.0, 91.38,2026-07-09
MONIFTY500, EQ, 09-Jul-2026,23.44,23.45,23.97,23.45,23.96,23.71,23.68,702038,166.26,1212,506765.0, 72.18,2026-07-09
MONOLITH, SM, 09-Jul-2026,747.1,760.0,769.45,744.0,745.0,748.55,758.53,13250,100.51,50,8750.0, 66.04,2026-07-09
MONOPHARMA, SM, 09-Jul-2026,11.0,11.0,11.0,11.0,11.0,11.0,11.0,2000,0.22,1,2000.0, 100.00,2026-07-09
MONQ50, EQ, 09-Jul-2026,146.33,143.65,143.65,143.65,143.65,143.65,143.65,27019,38.81,130,27019.0, 100.00,2026-07-09
MONTECARLO, EQ, 09-Jul-2026,538.1,538.0,550.95,538.0,542.0,542.75,545.25,29855,162.78,2331,17163.0, 57.49,2026-07-09
MOPSE, EQ, 09-Jul-2026,100.38,99.5,100.0,99.44,99.55,99.67,99.72,895,0.89,21,895.0, 100.00,2026-07-09
MOQUALITY, EQ, 09-Jul-2026,198.3,199.99,201.22,199.79,201.22,201.22,200.0,96,0.19,10,96.0, 100.00,2026-07-09
MORARJEE, BZ, 09-Jul-2026,9.23,8.77,9.69,8.77,9.68,9.68,9.57,13927,1.33,26,, -,2026-07-09
MOREALTY, EQ, 09-Jul-2026,87.23,88.0,90.7,87.22,90.69,90.44,89.51,1203277,1077.01,3090,617491.0, 51.32,2026-07-09
MOREPENLAB, EQ, 09-Jul-2026,58.96,59.31,63.1,59.31,60.98,60.96,61.65,13485643,8314.01,34834,4664976.0, 34.59,2026-07-09
MOS, ST, 09-Jul-2026,13.95,14.45,14.6,14.0,14.6,14.6,14.56,584000,85.03,30,572000.0, 97.95,2026-07-09
MOSCHIP, EQ, 09-Jul-2026,231.29,233.0,246.0,233.0,238.5,238.62,240.65,12070015,29046.98,109082,3347783.0, 27.74,2026-07-09
MOSERVICE, EQ, 09-Jul-2026,30.74,30.88,31.16,30.88,31.03,31.05,31.05,16509,5.13,38,12792.0, 77.49,2026-07-09
MOSILVER, EQ, 09-Jul-2026,217.44,212.0,220.99,212.0,219.5,219.78,217.73,38699,84.26,1353,13343.0, 34.48,2026-07-09
MOSMALL250, EQ, 09-Jul-2026,17.62,17.81,19.38,17.65,18.0,18.12,17.97,1389897,249.8,1832,846359.0, 60.89,2026-07-09
MOTHERSON, EQ, 09-Jul-2026,140.65,140.21,144.15,140.0,142.69,142.8,142.68,10227076,14591.88,42661,4414015.0, 43.16,2026-07-09
MOTILALOFS, EQ, 09-Jul-2026,909.6,910.9,948.7,910.9,943.1,942.5,935.52,1267540,11858.13,41045,595057.0, 46.95,2026-07-09
MOTISONS, EQ, 09-Jul-2026,14.09,14.22,14.96,14.1,14.24,14.28,14.49,74000999,10719.29,44887,12895408.0, 17.43,2026-07-09
MOTOGENFIN, BE, 09-Jul-2026,27.06,28.0,28.4,27.1,28.38,28.38,27.87,6069,1.69,58,, -,2026-07-09
MOTOUR, EQ, 09-Jul-2026,78.94,79.0,80.5,78.7,80.3,80.15,80.06,38119,30.52,218,32890.0, 86.28,2026-07-09
MOVALUE, EQ, 09-Jul-2026,112.11,112.45,116.88,112.0,115.0,113.06,112.87,463082,522.67,1188,428896.0, 92.62,2026-07-09
MPHASIS, EQ, 09-Jul-2026,2241.9,2241.0,2274.0,2194.3,2264.0,2261.3,2245.58,323700,7268.93,21637,94902.0, 29.32,2026-07-09
MPSLTD, EQ, 09-Jul-2026,1948.9,1959.2,2040.0,1951.0,2026.0,2022.8,2016.48,23882,481.57,3058,10686.0, 44.74,2026-07-09
MRF, EQ, 09-Jul-2026,132940.0,132940.0,134390.0,132940.0,134065.0,133870.0,133906.49,4494,6017.76,3495,1352.0, 30.08,2026-07-09
MRIL, ST, 09-Jul-2026,70.0,66.55,73.5,66.55,73.5,73.2,72.42,158400,114.71,67,156800.0, 98.99,2026-07-09
MRPL, EQ, 09-Jul-2026,147.94,148.3,152.6,147.15,150.0,149.68,150.15,3940091,5916.2,27623,833451.0, 21.15,2026-07-09
MSCI360, EQ, 09-Jul-2026,10.14,10.07,10.14,10.0,10.05,10.05,10.09,15876,1.6,24,15676.0, 98.74,2026-07-09
MSCIADD, EQ, 09-Jul-2026,29.22,29.28,29.33,29.27,29.33,29.33,29.29,15,0.0,4,11.0, 73.33,2026-07-09
MSCIINDIA, EQ, 09-Jul-2026,29.44,29.51,29.73,29.51,29.52,29.62,29.65,21153,6.27,86,18167.0, 85.88,2026-07-09
MSPL, EQ, 09-Jul-2026,40.38,40.7,41.17,39.03,39.03,39.32,39.98,906752,362.54,3005,555538.0, 61.27,2026-07-09
MSTCLTD, EQ, 09-Jul-2026,655.75,656.0,680.0,655.3,677.1,676.3,672.24,433729,2915.69,12199,153729.0, 35.44,2026-07-09
MSUMI, EQ, 09-Jul-2026,40.75,40.84,41.03,40.0,40.28,40.22,40.38,15316018,6184.02,50457,9154673.0, 59.77,2026-07-09
MTARTECH, BE, 09-Jul-2026,6826.5,6850.0,7125.0,6831.5,6930.0,6938.5,6990.83,122817,8585.93,21855,, -,2026-07-09
MTEDUCARE, BE, 09-Jul-2026,1.83,1.92,1.92,1.76,1.89,1.89,1.83,51824,0.95,56,, -,2026-07-09
MTNL, EQ, 09-Jul-2026,28.19,28.2,29.28,28.2,29.03,28.95,28.71,1165534,334.67,4518,458190.0, 39.31,2026-07-09
MUFIN, EQ, 09-Jul-2026,128.25,129.0,131.0,127.76,130.2,129.98,130.06,525769,683.83,4353,202436.0, 38.50,2026-07-09
MUFTI, EQ, 09-Jul-2026,84.25,84.25,86.08,83.59,85.2,84.8,84.85,73288,62.19,1379,42325.0, 57.75,2026-07-09
MUKANDLTD, EQ, 09-Jul-2026,130.3,130.12,131.99,129.15,131.0,130.78,130.65,47268,61.76,970,23785.0, 50.32,2026-07-09
MUKKA, EQ, 09-Jul-2026,22.7,22.51,23.48,22.51,23.3,23.33,23.01,212206,48.84,866,137833.0, 64.95,2026-07-09
MUKTAARTS, BE, 09-Jul-2026,54.2,53.95,55.5,53.95,54.01,54.38,54.15,2272,1.23,31,, -,2026-07-09
MULTICAP, EQ, 09-Jul-2026,16.33,16.73,16.73,16.45,16.55,16.5,16.53,156392,25.85,456,99263.0, 63.47,2026-07-09
MUNJALAU, EQ, 09-Jul-2026,100.55,100.55,105.25,99.72,100.6,100.67,102.43,1564401,1602.42,12464,334094.0, 21.36,2026-07-09
MUNJALSHOW, EQ, 09-Jul-2026,130.67,130.67,132.75,130.11,132.75,131.95,131.84,20146,26.56,431,11568.0, 57.42,2026-07-09
MURUDCERA, EQ, 09-Jul-2026,30.8,30.95,31.8,30.65,30.8,30.82,31.11,6204,1.93,104,5631.0, 90.76,2026-07-09
MUTHOOTCAP, EQ, 09-Jul-2026,217.82,217.82,220.0,216.0,217.51,217.71,217.61,10001,21.76,307,7491.0, 74.90,2026-07-09
MUTHOOTFIN, EQ, 09-Jul-2026,3083.3,3070.1,3114.1,3032.7,3051.0,3057.4,3062.57,945580,28959.01,67688,510513.0, 53.99,2026-07-09
MUTHOOTMF, EQ, 09-Jul-2026,206.39,207.5,215.0,207.5,210.1,210.28,212.03,265560,563.07,5662,151144.0, 56.92,2026-07-09
MVGJL, EQ, 09-Jul-2026,152.63,152.0,168.6,152.0,157.7,158.03,161.17,205416,331.06,5818,65178.0, 31.73,2026-07-09
MVKAGRO, SM, 09-Jul-2026,373.0,369.0,387.95,357.0,387.95,387.95,364.88,9300,33.93,28,6000.0, 64.52,2026-07-09
MWL, EQ, 09-Jul-2026,373.1,371.1,376.85,368.15,369.0,370.25,370.66,120588,446.97,2336,67815.0, 56.24,2026-07-09
MYMUDRA, SM, 09-Jul-2026,70.05,70.5,71.45,70.25,70.25,70.25,70.73,6000,4.24,5,3600.0, 60.00,2026-07-09
NACLIND, EQ, 09-Jul-2026,221.73,223.73,235.6,221.61,226.0,225.85,229.46,2297238,5271.23,36291,545870.0, 23.76,2026-07-09
NAGREEKCAP, BE, 09-Jul-2026,23.7,23.11,24.64,23.11,23.9,23.93,24.22,2117,0.51,20,, -,2026-07-09
NAGREEKEXP, EQ, 09-Jul-2026,24.89,24.18,25.59,23.5,24.0,23.96,24.3,39490,9.6,309,32010.0, 81.06,2026-07-09
NAHARCAP, EQ, 09-Jul-2026,245.0,246.0,246.0,241.4,246.0,245.35,244.86,1677,4.11,80,1597.0, 95.23,2026-07-09
NAHARINDUS, EQ, 09-Jul-2026,115.01,115.6,119.0,115.2,116.65,116.4,116.32,8523,9.91,240,5055.0, 59.31,2026-07-09
NAHARPOLY, EQ, 09-Jul-2026,245.75,246.0,254.75,246.0,249.0,249.2,250.81,5963,14.96,223,4200.0, 70.43,2026-07-09
NAHARSPING, BE, 09-Jul-2026,259.45,267.0,267.45,260.1,267.45,266.3,264.84,9031,23.92,139,, -,2026-07-09
NAM-INDIA, EQ, 09-Jul-2026,1168.0,1171.0,1227.0,1171.0,1215.0,1218.2,1215.26,733122,8909.34,41086,345879.0, 47.18,2026-07-09
NAMAN, SM, 09-Jul-2026,46.1,44.05,45.05,44.05,45.05,45.05,44.76,5600,2.51,4,4000.0, 71.43,2026-07-09
NAMOEWASTE, ST, 09-Jul-2026,271.25,267.05,274.0,267.05,274.0,274.0,270.12,39200,105.89,48,35200.0, 89.80,2026-07-09
NARMADA, EQ, 09-Jul-2026,34.53,34.87,35.27,33.66,34.75,34.63,34.43,690098,237.62,3593,321851.0, 46.64,2026-07-09
NATCAPSUQ, EQ, 09-Jul-2026,142.47,143.2,146.8,138.55,142.4,142.11,140.97,5766,8.13,184,4715.0, 81.77,2026-07-09
NATCOPHARM, EQ, 09-Jul-2026,966.3,966.35,989.5,956.25,961.55,961.6,972.98,439500,4276.24,25778,175887.0, 40.02,2026-07-09
NATHBIOGEN, EQ, 09-Jul-2026,162.2,163.1,167.38,162.12,162.65,162.8,163.48,10546,17.24,473,6967.0, 66.06,2026-07-09
NATIONALUM, EQ, 09-Jul-2026,349.75,350.1,351.8,341.9,350.0,349.5,347.95,8664918,30149.87,79568,3736856.0, 43.13,2026-07-09
NATIONSTD, EQ, 09-Jul-2026,624.7,598.1,617.0,562.3,562.3,562.3,568.79,353226,2009.13,3156,205974.0, 58.31,2026-07-09
NAUKRI, EQ, 09-Jul-2026,1179.0,1173.05,1217.75,1168.35,1199.5,1201.85,1204.51,4748967,57201.64,161171,2388010.0, 50.28,2026-07-09
NAVA, EQ, 09-Jul-2026,591.9,590.1,602.0,586.5,598.0,596.6,596.18,222553,1326.83,10680,120446.0, 54.12,2026-07-09
NAVINFLUOR, EQ, 09-Jul-2026,7363.0,7401.5,7725.0,7401.5,7698.0,7689.0,7635.73,138380,10566.33,33667,73435.0, 53.07,2026-07-09
NAVKARCORP, EQ, 09-Jul-2026,101.8,101.11,105.4,101.11,104.0,104.13,104.03,432099,449.53,3936,218259.0, 50.51,2026-07-09
NAVKARURB, BE, 09-Jul-2026,0.94,0.96,0.96,0.92,0.93,0.92,0.93,600160,5.56,265,, -,2026-07-09
NAVNETEDUL, EQ, 09-Jul-2026,147.42,147.76,150.18,147.35,149.18,148.72,148.97,125519,186.98,2250,82847.0, 66.00,2026-07-09
NAZARA, EQ, 09-Jul-2026,295.55,298.0,310.0,295.85,303.95,303.8,305.3,2732163,8341.37,28157,1315908.0, 48.16,2026-07-09
NBCC, EQ, 09-Jul-2026,94.78,95.3,98.4,95.3,98.0,97.75,97.04,9049480,8781.64,42401,2813310.0, 31.09,2026-07-09
NBIFIN, EQ, 09-Jul-2026,1900.3,1910.3,1946.8,1901.0,1924.8,1921.6,1902.67,30848,586.94,178,30451.0, 98.71,2026-07-09
NCC, EQ, 09-Jul-2026,143.91,144.0,145.75,142.5,143.1,143.08,144.24,1962223,2830.26,21257,1035515.0, 52.77,2026-07-09
NCLIND, EQ, 09-Jul-2026,179.35,180.0,188.3,178.82,188.25,185.78,183.4,107272,196.74,2359,41709.0, 38.88,2026-07-09
NDGL, EQ, 09-Jul-2026,2790.7,2805.4,2850.0,2710.0,2732.0,2732.3,2761.17,317,8.75,85,196.0, 61.83,2026-07-09
NDL, EQ, 09-Jul-2026,2.33,2.33,2.42,2.33,2.42,2.39,2.38,952842,22.64,857,709861.0, 74.50,2026-07-09
NDLVENTURE, EQ, 09-Jul-2026,130.36,130.99,131.95,128.45,130.97,130.34,130.01,14032,18.24,226,11387.0, 81.15,2026-07-09
NDRAUTO, EQ, 09-Jul-2026,842.8,850.0,864.4,834.9,850.0,852.8,848.92,53251,452.06,4703,25042.0, 47.03,2026-07-09
NDTV, EQ, 09-Jul-2026,78.05,78.25,86.85,78.25,82.75,82.7,83.89,4618508,3874.56,26717,601180.0, 13.02,2026-07-09
NEAGI, EQ, 09-Jul-2026,3150.0,3224.9,3225.0,3224.9,3225.0,3225.0,3224.96,5,0.16,2,5.0, 100.00,2026-07-09
NECCLTD, BE, 09-Jul-2026,15.98,16.15,16.15,15.72,15.99,15.91,15.92,37911,6.03,113,, -,2026-07-09
NECLIFE, BE, 09-Jul-2026,11.15,11.15,11.39,11.15,11.3,11.23,11.26,52809,5.95,224,, -,2026-07-09
NEELAM, SM, 09-Jul-2026,9.95,10.35,10.4,9.65,9.7,9.7,10.06,42000,4.23,7,24000.0, 57.14,2026-07-09
NELCAST, EQ, 09-Jul-2026,137.3,136.7,140.61,133.0,133.45,133.86,135.92,342135,465.03,5312,140242.0, 40.99,2026-07-09
NELCO, EQ, 09-Jul-2026,886.25,885.0,903.2,885.0,895.1,896.15,893.66,96437,861.82,5688,39695.0, 41.16,2026-07-09
NEOCHEM, ST, 09-Jul-2026,92.55,92.55,92.55,89.6,91.0,91.0,90.93,36000,32.74,25,36000.0, 100.00,2026-07-09
NEOGEN, EQ, 09-Jul-2026,1950.9,1950.9,2072.9,1950.9,2025.0,2026.7,2036.89,87775,1787.88,13434,42861.0, 48.83,2026-07-09
NEPHROCARE, ST, 09-Jul-2026,69.0,67.55,72.45,65.55,70.0,70.25,68.66,28800,19.77,54,25600.0, 88.89,2026-07-09
NEPHROPLUS, EQ, 09-Jul-2026,639.55,639.5,651.55,621.6,636.15,633.4,635.74,1332913,8473.91,23898,1113867.0, 83.57,2026-07-09
NEPTUNE, SM, 09-Jul-2026,190.0,190.0,190.0,190.0,190.0,190.0,190.0,500,0.95,1,500.0, 100.00,2026-07-09
NESCO, EQ, 09-Jul-2026,1096.6,1096.6,1117.1,1094.2,1105.0,1099.6,1106.1,74001,818.52,6685,44931.0, 60.72,2026-07-09
NESTLEIND, EQ, 09-Jul-2026,1450.5,1452.0,1481.0,1452.0,1464.2,1463.2,1469.99,1346613,19795.09,47690,762525.0, 56.63,2026-07-09
NETF, EQ, 09-Jul-2026,259.63,257.55,262.5,257.55,259.73,260.16,260.14,1923,5.0,120,1208.0, 62.82,2026-07-09
NETWEB, EQ, 09-Jul-2026,4171.4,4208.9,4389.0,4197.7,4292.0,4286.5,4283.55,1257089,53848.07,110559,197830.0, 15.74,2026-07-09
NETWORK18, EQ, 09-Jul-2026,30.96,30.96,31.46,30.61,30.77,30.75,31.01,3400582,1054.62,10433,1610395.0, 47.36,2026-07-09
NEUEON, BE, 09-Jul-2026,13.85,13.16,13.16,13.16,13.16,13.16,13.16,6412,0.84,42,, -,2026-07-09
NEULANDLAB, EQ, 09-Jul-2026,18889.0,19100.0,20089.0,18910.0,19600.0,19542.0,19633.27,97154,19074.5,31414,33918.0, 34.91,2026-07-09
NEWGEN, EQ, 09-Jul-2026,465.65,466.3,477.35,461.25,474.1,473.2,472.41,373119,1762.64,13023,122651.0, 32.87,2026-07-09
NEWJAISA, ST, 09-Jul-2026,18.55,18.25,18.25,18.2,18.2,18.2,18.22,4500,0.82,2,4500.0, 100.00,2026-07-09
NEXT30ADD, EQ, 09-Jul-2026,41.89,42.0,42.13,41.96,42.0,42.0,41.99,12133,5.09,44,11725.0, 96.64,2026-07-09
NEXT50, EQ, 09-Jul-2026,731.1,734.76,738.95,731.12,738.15,737.64,735.76,39568,291.13,623,32059.0, 81.02,2026-07-09
NEXT50ADD, EQ, 09-Jul-2026,71.4,71.72,71.92,71.47,71.9,71.85,71.81,1664,1.19,22,1281.0, 76.98,2026-07-09
NEXT50BETA, EQ, 09-Jul-2026,76.54,76.9,77.35,76.58,77.22,77.02,76.95,233701,179.84,508,179581.0, 76.84,2026-07-09
NEXT50ETF, EQ, 09-Jul-2026,71.45,71.8,72.15,71.59,72.03,72.01,71.89,10647,7.65,80,9309.0, 87.43,2026-07-09
NEXT50IETF, EQ, 09-Jul-2026,74.69,74.69,75.54,74.69,75.4,75.32,75.28,730585,549.95,3837,441097.0, 60.38,2026-07-09
NEXTMEDIA, EQ, 09-Jul-2026,3.99,3.99,4.06,3.9,3.9,3.9,3.95,2298,0.09,21,2120.0, 92.25,2026-07-09
NFL, EQ, 09-Jul-2026,72.66,72.99,73.8,72.8,73.15,72.94,73.19,649722,475.54,3963,252497.0, 38.86,2026-07-09
NFPSAMPOOR, SM, 09-Jul-2026,24.35,24.0,24.05,23.7,23.7,23.7,23.97,18000,4.31,7,12000.0, 66.67,2026-07-09
NGIL, BE, 09-Jul-2026,40.83,42.0,42.0,39.0,40.98,40.98,40.56,8483,3.44,44,, -,2026-07-09
NGLFINE, EQ, 09-Jul-2026,3224.6,3272.9,3329.0,3172.0,3172.0,3211.3,3254.93,13689,445.57,3074,4973.0, 36.33,2026-07-09
NH, EQ, 09-Jul-2026,1978.6,1979.0,2014.0,1968.0,2000.0,1993.2,1997.87,192019,3836.29,23579,108202.0, 56.35,2026-07-09
NHIT, IV, 09-Jul-2026,167.95,169.0,169.0,169.0,169.0,169.0,169.0,25000,42.25,1,25000.0, 100.00,2026-07-09
NHPC, EQ, 09-Jul-2026,78.81,78.5,79.54,78.44,78.62,78.61,78.89,7604456,5999.39,29392,4231193.0, 55.64,2026-07-09
NIACL, EQ, 09-Jul-2026,179.47,181.74,185.0,180.37,184.38,183.62,183.38,1018479,1867.68,16316,271025.0, 26.61,2026-07-09
NIBE, EQ, 09-Jul-2026,1480.5,1498.6,1628.0,1495.4,1623.0,1585.8,1554.71,146039,2270.48,10288,56626.0, 38.77,2026-07-09
NIBL, EQ, 09-Jul-2026,30.15,30.99,31.0,30.0,30.39,30.3,30.28,15764,4.77,3174,11828.0, 75.03,2026-07-09
NIF100BEES, EQ, 09-Jul-2026,264.12,265.44,266.36,264.44,266.0,265.45,265.5,32231,85.57,830,20979.0, 65.09,2026-07-09
NIF100IETF, EQ, 09-Jul-2026,27.74,28.29,28.29,27.74,28.1,27.89,27.95,145871,40.77,1392,105004.0, 71.98,2026-07-09
NIFTY1, EQ, 09-Jul-2026,264.94,264.94,267.68,264.32,266.47,265.8,266.87,442994,1182.22,1408,411164.0, 92.81,2026-07-09
NIFTY100EW, EQ, 09-Jul-2026,34.32,34.32,34.81,34.32,34.81,34.56,34.56,20124,6.96,147,11081.0, 55.06,2026-07-09
NIFTYADD, EQ, 09-Jul-2026,251.37,253.16,253.35,251.73,251.73,252.15,252.61,11954,30.2,155,9840.0, 82.32,2026-07-09
NIFTYAXIS, EQ, 09-Jul-2026,264.62,269.91,269.91,264.47,264.47,265.11,265.65,6025,16.01,148,4929.0, 81.81,2026-07-09
NIFTYBEES, EQ, 09-Jul-2026,271.69,277.12,277.12,271.69,272.95,272.76,273.2,7079307,19340.64,36952,3358152.0, 47.44,2026-07-09
NIFTYBETA, EQ, 09-Jul-2026,264.85,263.0,267.55,263.0,265.43,265.26,265.89,400830,1065.76,526,382062.0, 95.32,2026-07-09
NIFTYBETF, EQ, 09-Jul-2026,246.05,247.28,247.88,245.86,245.95,245.93,246.97,10603,26.19,26,10221.0, 96.40,2026-07-09
NIFTYCASE, EQ, 09-Jul-2026,9.57,9.8,9.8,9.58,9.62,9.59,9.62,488533,46.99,1329,245715.0, 50.30,2026-07-09
NIFTYETF, EQ, 09-Jul-2026,259.36,260.65,261.8,259.74,259.93,260.2,260.96,303320,791.53,870,273353.0, 90.12,2026-07-09
NIFTYIETF, EQ, 09-Jul-2026,270.37,270.37,272.8,270.04,271.42,271.2,271.84,388469,1056.03,11415,172027.0, 44.28,2026-07-09
NIFTYQLITY, EQ, 09-Jul-2026,20.69,20.62,20.86,20.54,20.54,20.71,20.75,39257,8.14,164,35932.0, 91.53,2026-07-09
NIITLTD, EQ, 09-Jul-2026,98.8,98.8,101.44,98.8,99.45,99.64,100.28,626810,628.58,4780,168518.0, 26.89,2026-07-09
NIITMTS, EQ, 09-Jul-2026,244.35,244.35,248.0,237.01,243.0,242.1,243.27,889726,2164.44,11903,586612.0, 65.93,2026-07-09
NIKITA, SM, 09-Jul-2026,77.95,80.7,81.8,78.05,78.05,78.05,80.91,14400,11.65,9,13200.0, 91.67,2026-07-09
NILAINFRA, EQ, 09-Jul-2026,7.24,7.27,7.38,7.16,7.33,7.29,7.28,293970,21.39,561,195128.0, 66.38,2026-07-09
NILASPACES, EQ, 09-Jul-2026,12.45,12.4,12.69,12.4,12.64,12.6,12.52,139385,17.45,462,79899.0, 57.32,2026-07-09
NILE, EQ, 09-Jul-2026,1719.8,1728.9,1770.0,1720.1,1770.0,1764.8,1750.79,2650,46.4,334,1835.0, 69.25,2026-07-09
NILKAMAL, EQ, 09-Jul-2026,1293.9,1300.0,1325.9,1292.2,1310.0,1310.3,1313.27,63734,837.0,2589,45515.0, 71.41,2026-07-09
NIMBSPROJ, BE, 09-Jul-2026,190.95,191.1,200.0,190.95,200.0,200.0,199.64,5193,10.37,12,, -,2026-07-09
NINSYS, BE, 09-Jul-2026,901.9,925.0,925.0,904.0,924.0,914.15,918.61,3140,28.84,175,, -,2026-07-09
NIPPOBATRY, EQ, 09-Jul-2026,340.3,343.05,347.85,337.0,338.0,338.6,341.18,4639,15.83,316,3569.0, 76.93,2026-07-09
NIRAJ, BE, 09-Jul-2026,29.39,29.5,29.89,29.0,29.75,29.38,29.36,9353,2.75,46,, -,2026-07-09
NIRAJISPAT, EQ, 09-Jul-2026,194.0,200.0,200.0,184.29,186.0,186.13,188.42,328,0.62,23,169.0, 51.52,2026-07-09
NIRLON, EQ, 09-Jul-2026,620.05,615.0,622.0,615.0,620.0,620.0,620.08,5270,32.68,207,4865.0, 92.31,2026-07-09
NIRMAN, SM, 09-Jul-2026,41.5,41.5,45.65,40.2,45.65,45.65,44.41,120900,53.69,109,74400.0, 61.54,2026-07-09
NITCO, EQ, 09-Jul-2026,106.76,106.99,110.55,106.51,108.85,108.09,108.8,312309,339.79,4454,154869.0, 49.59,2026-07-09
NITINSPIN, EQ, 09-Jul-2026,541.55,545.0,556.5,534.0,549.0,549.1,550.72,54944,302.59,2654,29545.0, 53.77,2026-07-09
NITIRAJ, EQ, 09-Jul-2026,182.45,183.4,188.3,182.0,182.2,182.77,184.83,904,1.67,40,271.0, 29.98,2026-07-09
NITTAGELA, EQ, 09-Jul-2026,1845.7,1850.0,1960.0,1845.7,1935.0,1928.7,1918.74,27643,530.4,3401,12870.0, 46.56,2026-07-09
NIVABUPA, EQ, 09-Jul-2026,84.93,84.5,86.1,84.5,86.1,85.74,85.57,596989,510.82,14020,350378.0, 58.69,2026-07-09
NKIND, EQ, 09-Jul-2026,59.15,59.2,59.2,59.0,59.15,59.15,59.13,455,0.27,5,455.0, 100.00,2026-07-09
NLCINDIA, EQ, 09-Jul-2026,294.25,298.2,304.85,295.35,302.9,303.25,301.33,3630023,10938.45,59501,1382816.0, 38.09,2026-07-09
NMDC, EQ, 09-Jul-2026,83.74,84.0,84.79,83.0,84.26,84.42,84.39,11211470,9461.27,26934,5296815.0, 47.24,2026-07-09
NOCIL, EQ, 09-Jul-2026,173.62,175.92,179.11,174.0,178.13,177.9,177.27,266577,472.55,3681,114312.0, 42.88,2026-07-09
NOIDATOLL, BE, 09-Jul-2026,4.78,4.67,4.84,4.65,4.78,4.71,4.73,61028,2.89,176,, -,2026-07-09
NORBTEAEXP, EQ, 09-Jul-2026,72.5,72.5,72.54,69.05,71.0,70.6,70.16,1600,1.12,35,1337.0, 83.56,2026-07-09
NORTHARC, EQ, 09-Jul-2026,296.35,300.0,311.0,297.5,306.6,307.85,306.28,512492,1569.66,12630,246023.0, 48.01,2026-07-09
NOVAAGRI, BE, 09-Jul-2026,24.88,24.25,25.4,23.89,24.0,24.05,24.29,102419,24.87,424,, -,2026-07-09
NOVARTIND, EQ, 09-Jul-2026,1452.4,1455.0,1515.0,1448.1,1470.0,1466.3,1481.24,44705,662.19,4994,25205.0, 56.38,2026-07-09
NPBET, EQ, 09-Jul-2026,286.41,287.84,288.54,287.0,287.0,287.0,287.87,48,0.14,9,44.0, 91.67,2026-07-09
NPST, EQ, 09-Jul-2026,1571.8,1571.8,1643.6,1556.1,1609.6,1603.2,1608.89,22023,354.32,2229,10257.0, 46.57,2026-07-09
NRAIL, EQ, 09-Jul-2026,408.3,408.3,421.0,408.3,413.2,414.15,416.04,1943,8.08,192,1323.0, 68.09,2026-07-09
NRBBEARING, EQ, 09-Jul-2026,424.95,427.0,434.95,419.4,424.0,422.65,425.61,367470,1563.99,9234,186458.0, 50.74,2026-07-09
NRL, BE, 09-Jul-2026,96.28,96.0,98.5,95.5,96.02,96.11,97.1,67582,65.62,387,, -,2026-07-09
NRVANDANA, ST, 09-Jul-2026,70.5,71.8,72.9,71.65,72.5,72.7,72.52,69000,50.04,22,69000.0, 100.00,2026-07-09
NSIL, EQ, 09-Jul-2026,5308.0,5308.0,5429.0,5308.0,5410.0,5383.5,5379.59,1747,93.98,385,1011.0, 57.87,2026-07-09
NSLNISP, EQ, 09-Jul-2026,42.6,42.5,43.1,42.36,42.92,42.75,42.87,1950119,835.95,9742,1012321.0, 51.91,2026-07-09
NTPC, EQ, 09-Jul-2026,348.7,349.0,351.0,343.1,344.45,343.7,345.83,17821421,61631.89,257317,11867451.0, 66.59,2026-07-09
NTPCGREEN, EQ, 09-Jul-2026,92.7,92.79,93.3,92.5,93.18,92.99,92.92,1834787,1704.95,17185,893614.0, 48.70,2026-07-09
NUCLEUS, EQ, 09-Jul-2026,751.1,751.1,760.95,747.0,759.9,756.45,757.61,12512,94.79,941,6732.0, 53.80,2026-07-09
NURECA, EQ, 09-Jul-2026,226.23,227.4,231.77,226.95,230.5,230.08,229.03,6507,14.9,291,4334.0, 66.61,2026-07-09
NUVAMA, EQ, 09-Jul-2026,1848.1,1860.0,1950.0,1859.8,1947.0,1934.6,1926.4,524922,10112.11,25405,212042.0, 40.39,2026-07-09
NUVOCO, EQ, 09-Jul-2026,309.75,313.0,315.55,307.8,314.75,312.9,312.75,96232,300.97,5374,39742.0, 41.30,2026-07-09
NV20, EQ, 09-Jul-2026,13.95,14.0,14.05,13.95,14.0,13.98,13.99,48055,6.72,158,27166.0, 56.53,2026-07-09
NV20BEES, EQ, 09-Jul-2026,139.54,139.58,140.58,138.5,138.5,139.66,139.96,540055,755.84,238,510925.0, 94.61,2026-07-09
NV20IETF, EQ, 09-Jul-2026,13.64,14.05,14.05,13.58,13.72,13.63,13.66,372433,50.86,1705,179184.0, 48.11,2026-07-09
NXST, RR, 09-Jul-2026,162.43,163.44,165.1,162.5,164.97,164.55,164.06,280101,459.54,4788,250112.0, 89.29,2026-07-09
NYKAA, EQ, 09-Jul-2026,317.95,320.0,325.9,319.85,325.85,324.05,323.27,6852756,22153.03,82305,4221197.0, 61.60,2026-07-09
OAL, EQ, 09-Jul-2026,338.85,344.0,373.1,337.4,345.5,347.75,357.1,142962,510.51,5264,58350.0, 40.82,2026-07-09
OBCL, EQ, 09-Jul-2026,53.1,53.1,54.1,53.0,53.84,53.84,53.09,3692,1.96,40,3609.0, 97.75,2026-07-09
OBEROIRLTY, EQ, 09-Jul-2026,1870.1,1870.0,1919.5,1820.7,1875.0,1873.2,1872.33,1719601,32196.53,67201,640214.0, 37.23,2026-07-09
OBSCP, SM, 09-Jul-2026,541.3,554.0,594.0,554.0,585.0,589.15,576.05,34000,195.86,82,22800.0, 67.06,2026-07-09
OCCLLTD, BE, 09-Jul-2026,118.82,119.0,122.4,117.8,120.05,120.06,120.63,10978,13.24,129,, -,2026-07-09
ODIGMA, BE, 09-Jul-2026,23.94,24.0,24.4,23.26,23.78,23.67,23.54,21978,5.17,239,, -,2026-07-09
OFSS, EQ, 09-Jul-2026,11002.0,11003.0,11245.0,10780.0,11168.0,11134.0,11045.5,268180,29621.83,37283,118931.0, 44.35,2026-07-09
OIL, EQ, 09-Jul-2026,430.35,432.4,433.7,422.2,422.5,423.05,428.15,2080107,8905.94,30475,625800.0, 30.08,2026-07-09
OILCOUNTUB, BE, 09-Jul-2026,56.17,55.88,55.88,55.0,55.0,55.03,55.14,20439,11.27,144,, -,2026-07-09
OILIETF, EQ, 09-Jul-2026,11.19,11.2,11.28,11.13,11.23,11.2,11.22,888199,99.64,2025,500833.0, 56.39,2026-07-09
OLAELEC, EQ, 09-Jul-2026,40.99,41.34,41.75,40.15,40.39,40.39,40.79,64175674,26177.11,104684,14262025.0, 22.22,2026-07-09
OLECTRA, EQ, 09-Jul-2026,1394.7,1402.6,1424.9,1390.5,1393.0,1396.0,1407.44,351304,4944.38,17100,134179.0, 38.19,2026-07-09
OLIL, ST, 09-Jul-2026,418.0,420.0,434.0,415.0,434.0,433.5,422.13,3200,13.51,6,3200.0, 100.00,2026-07-09
OMAXAUTO, BE, 09-Jul-2026,221.28,221.28,232.34,211.55,231.9,230.72,229.16,43977,100.78,505,, -,2026-07-09
OMAXE, EQ, 09-Jul-2026,84.97,84.75,87.99,84.21,87.35,86.9,86.23,768479,662.69,6595,164052.0, 21.35,2026-07-09
OMFREIGHT, BE, 09-Jul-2026,93.72,93.72,97.8,89.27,95.1,95.26,92.64,23341,21.62,167,, -,2026-07-09
OMFURN, ST, 09-Jul-2026,53.0,53.95,54.0,53.95,54.0,53.95,53.98,2400,1.3,2,2400.0, 100.00,2026-07-09
OMINFRAL, EQ, 09-Jul-2026,90.09,90.11,91.11,88.75,91.11,90.69,90.21,85213,76.87,1714,41079.0, 48.21,2026-07-09
OMNI, EQ, 09-Jul-2026,493.9,491.2,539.8,488.0,530.1,529.3,518.46,688753,3570.88,37627,264118.0, 38.35,2026-07-09
OMPOWER, EQ, 09-Jul-2026,170.73,171.0,181.45,170.85,173.6,173.43,175.69,376769,661.96,5930,82203.0, 21.82,2026-07-09
ONDOOR, ST, 09-Jul-2026,198.05,194.25,204.0,188.15,195.0,201.0,197.12,26700,52.63,57,21900.0, 82.02,2026-07-09
ONELIFECAP, BE, 09-Jul-2026,37.32,37.32,38.8,36.01,38.48,38.46,38.01,33942,12.9,139,, -,2026-07-09
ONEPOINT, EQ, 09-Jul-2026,55.57,55.97,55.97,53.5,53.99,54.34,54.31,2342769,1272.27,56613,1050979.0, 44.86,2026-07-09
ONESOURCE, EQ, 09-Jul-2026,1612.0,1632.0,1660.0,1603.0,1625.0,1625.7,1631.87,238106,3885.58,19219,85950.0, 36.10,2026-07-09
ONGC, EQ, 09-Jul-2026,247.0,249.59,249.59,242.91,243.49,243.65,244.94,14066120,34453.26,122297,7476744.0, 53.15,2026-07-09
ONIDA, BE, 09-Jul-2026,42.9,42.15,43.35,42.15,42.98,42.66,42.87,167426,71.77,443,, -,2026-07-09
ONMOBILE, BE, 09-Jul-2026,69.75,69.75,72.75,66.5,69.0,67.54,68.63,131205,90.04,1065,, -,2026-07-09
ONWARDTEC, EQ, 09-Jul-2026,278.25,279.6,286.95,273.95,278.0,280.2,281.12,50856,142.97,1852,23020.0, 45.27,2026-07-09
ONYX, ST, 09-Jul-2026,38.7,36.8,36.8,36.8,36.8,36.8,36.8,2000,0.74,1,2000.0, 100.00,2026-07-09
OPTIEMUS, EQ, 09-Jul-2026,538.3,545.8,568.0,539.35,565.5,563.55,555.74,544184,3024.27,14404,284384.0, 52.26,2026-07-09
OPTIVALUE, SM, 09-Jul-2026,77.0,78.5,78.5,78.5,78.5,78.5,78.5,1600,1.26,1,1600.0, 100.00,2026-07-09
ORBTEXP, BE, 09-Jul-2026,226.84,230.0,233.99,230.0,232.78,231.78,231.3,17439,40.34,182,, -,2026-07-09
ORCHASP, EQ, 09-Jul-2026,1.81,1.85,1.92,1.8,1.86,1.83,1.85,105128,1.95,217,78779.0, 74.94,2026-07-09
ORCHPHARMA, EQ, 09-Jul-2026,1002.25,1001.0,1075.5,983.3,1050.0,1050.95,1048.77,737574,7735.42,43708,219611.0, 29.77,2026-07-09
ORIANA, SM, 09-Jul-2026,1464.5,1464.5,1503.0,1458.0,1494.7,1493.0,1486.4,33150,492.74,373,22050.0, 66.52,2026-07-09
ORICONENT, EQ, 09-Jul-2026,54.77,54.77,55.75,54.55,54.75,54.89,54.94,19796,10.88,511,10384.0, 52.46,2026-07-09
ORIENTALTL, EQ, 09-Jul-2026,5.62,5.73,5.73,5.53,5.58,5.56,5.58,85919,4.79,273,51220.0, 59.61,2026-07-09
ORIENTBELL, EQ, 09-Jul-2026,309.95,312.1,330.0,310.05,322.3,323.25,317.85,9387,29.84,504,6586.0, 70.16,2026-07-09
ORIENTCEM, EQ, 09-Jul-2026,134.1,134.0,138.0,133.46,135.34,135.5,134.73,388535,523.47,2300,217850.0, 56.07,2026-07-09
ORIENTCER, EQ, 09-Jul-2026,41.52,42.1,43.73,41.2,41.2,41.38,42.49,153859,65.37,1192,54062.0, 35.14,2026-07-09
ORIENTELEC, EQ, 09-Jul-2026,168.7,169.0,177.4,168.9,177.4,173.0,171.82,128871,221.43,3922,73553.0, 57.07,2026-07-09
ORIENTHOT, EQ, 09-Jul-2026,129.41,129.0,140.0,129.0,135.0,135.31,135.9,446031,606.14,5125,154954.0, 34.74,2026-07-09
ORIENTLTD, EQ, 09-Jul-2026,67.03,67.05,69.88,67.05,67.9,67.82,67.43,5236,3.53,46,4952.0, 94.58,2026-07-09
ORIENTPPR, EQ, 09-Jul-2026,16.49,16.52,16.75,16.47,16.62,16.63,16.61,107526,17.86,569,68033.0, 63.27,2026-07-09
ORIENTTECH, EQ, 09-Jul-2026,247.3,248.0,252.62,247.01,249.45,248.29,249.69,70050,174.91,2363,30548.0, 43.61,2026-07-09
ORISSAMINE, EQ, 09-Jul-2026,3779.5,3799.0,3849.5,3750.0,3770.0,3765.9,3795.28,4295,163.01,911,1957.0, 45.56,2026-07-09
ORKLAINDIA, EQ, 09-Jul-2026,599.5,602.6,606.2,588.5,590.1,590.85,600.16,75982,456.02,5823,48080.0, 63.28,2026-07-09
ORTEL, BZ, 09-Jul-2026,1.62,1.7,1.7,1.54,1.68,1.61,1.66,4522,0.07,26,, -,2026-07-09
ORTINGLOBE, BE, 09-Jul-2026,16.41,15.72,17.08,15.72,16.36,16.32,16.55,10794,1.79,27,, -,2026-07-09
OSELDEVICE, SM, 09-Jul-2026,452.5,450.25,464.6,440.05,447.0,444.65,451.22,19600,88.44,92,13800.0, 70.41,2026-07-09
OSIAHYPER, BE, 09-Jul-2026,3.15,3.04,3.24,3.04,3.2,3.21,3.19,233309,7.44,322,, -,2026-07-09
OSWALAGRO, BE, 09-Jul-2026,41.41,41.95,42.0,41.0,41.8,41.82,41.67,14582,6.08,175,, -,2026-07-09
OSWALGREEN, EQ, 09-Jul-2026,21.56,21.61,22.12,21.45,21.71,21.8,21.89,104231,22.81,858,56594.0, 54.30,2026-07-09
OSWALPUMPS, EQ, 09-Jul-2026,406.2,408.0,414.95,404.35,410.05,410.2,410.91,359676,1477.94,6955,150598.0, 41.87,2026-07-09
OSWALSEEDS, EQ, 09-Jul-2026,10.48,10.56,10.78,10.48,10.5,10.51,10.53,44068,4.64,129,35724.0, 81.07,2026-07-09
OWAIS, ST, 09-Jul-2026,106.95,101.8,105.9,101.75,101.75,102.4,102.77,23300,23.95,108,20400.0, 87.55,2026-07-09
PACEDIGITK, EQ, 09-Jul-2026,206.17,206.89,218.8,206.78,213.0,212.36,214.36,3108753,6663.96,29288,1160422.0, 37.33,2026-07-09
PAGEIND, EQ, 09-Jul-2026,41415.0,41640.0,41680.0,39510.0,40310.0,40615.0,40412.71,72097,29136.35,29296,26613.0, 36.91,2026-07-09
PAISALO, EQ, 09-Jul-2026,70.42,70.43,72.7,69.1,72.4,72.4,71.42,18941850,13527.84,23880,9017055.0, 47.60,2026-07-09
PAKKA, EQ, 09-Jul-2026,73.4,74.5,77.0,74.11,75.0,74.5,75.65,59276,44.84,867,38473.0, 64.90,2026-07-09
PALASHSECU, EQ, 09-Jul-2026,90.9,91.0,92.25,88.05,89.1,90.22,90.55,2057,1.86,63,1527.0, 74.23,2026-07-09
PALREDTEC, BE, 09-Jul-2026,57.04,55.9,55.9,55.9,55.9,55.9,55.9,54,0.03,9,, -,2026-07-09
PANACEABIO, EQ, 09-Jul-2026,527.45,540.0,561.5,536.55,556.0,555.2,553.28,362212,2004.06,12005,166409.0, 45.94,2026-07-09
PANACHE, EQ, 09-Jul-2026,417.2,419.4,458.9,416.15,442.0,439.85,440.4,70401,310.05,1923,40123.0, 56.99,2026-07-09
PANAMAPET, EQ, 09-Jul-2026,411.95,422.0,436.2,414.3,427.0,427.0,426.99,194927,832.32,6881,87888.0, 45.09,2026-07-09
PANSARI, EQ, 09-Jul-2026,356.4,355.5,365.0,345.0,361.8,359.95,355.35,35031,124.48,886,5798.0, 16.55,2026-07-09
PAR, EQ, 09-Jul-2026,88.89,89.4,91.9,88.16,89.8,89.62,88.89,1264,1.12,57,1167.0, 92.33,2026-07-09
PARACABLES, EQ, 09-Jul-2026,64.91,65.5,67.5,65.13,67.06,67.01,66.26,1600662,1060.58,8459,666092.0, 41.61,2026-07-09
PARADEEP, EQ, 09-Jul-2026,139.87,140.37,144.5,139.1,143.5,143.26,142.57,3461495,4934.9,29258,1175073.0, 33.95,2026-07-09
PARAGMILK, EQ, 09-Jul-2026,224.66,224.99,230.8,224.99,229.69,227.87,228.47,312393,713.74,10039,112807.0, 36.11,2026-07-09
PARAGON, SM, 09-Jul-2026,48.0,48.0,50.3,46.0,50.3,50.3,48.27,8400,4.05,7,6000.0, 71.43,2026-07-09
PARAS, EQ, 09-Jul-2026,1276.4,1276.4,1283.9,1208.0,1216.0,1216.8,1237.54,2104062,26038.69,70019,651845.0, 30.98,2026-07-09
PARASPETRO, EQ, 09-Jul-2026,2.0,2.0,2.2,2.0,2.15,2.06,2.04,233020,4.76,207,92140.0, 39.54,2026-07-09
PARIN, SM, 09-Jul-2026,723.65,715.0,715.0,660.0,660.0,687.2,693.44,12750,88.41,35,8250.0, 64.71,2026-07-09
PARKHOSPS, EQ, 09-Jul-2026,273.9,276.4,292.6,275.0,291.0,290.15,286.83,751907,2156.66,16379,359364.0, 47.79,2026-07-09
PARKHOTELS, EQ, 09-Jul-2026,124.21,124.53,127.09,124.11,125.9,126.32,126.12,106153,133.88,1938,64521.0, 60.78,2026-07-09
PARSVNATH, BE, 09-Jul-2026,2.42,2.38,2.38,2.38,2.38,2.38,2.38,99015,2.36,115,, -,2026-07-09
PARTH, ST, 09-Jul-2026,406.45,407.0,418.0,407.0,418.0,418.0,411.85,2400,9.88,6,2400.0, 100.00,2026-07-09
PARTYCRUS, SM, 09-Jul-2026,85.3,85.7,85.7,85.0,85.0,85.0,85.4,3000,2.56,3,3000.0, 100.00,2026-07-09
PASHUPATI, EQ, 09-Jul-2026,88.17,89.49,91.09,87.95,87.95,88.19,88.62,7258,6.43,775,2486.0, 34.25,2026-07-09
PASUPTAC, BE, 09-Jul-2026,59.43,59.5,59.85,56.55,58.9,58.76,58.33,204691,119.39,805,, -,2026-07-09
PATANJALI, EQ, 09-Jul-2026,409.3,409.8,414.5,408.65,411.5,412.25,412.17,1589218,6550.22,248532,333549.0, 20.99,2026-07-09
PATELENG, EQ, 09-Jul-2026,31.64,31.88,32.44,31.5,31.64,31.56,31.96,3158007,1009.29,19036,1386097.0, 43.89,2026-07-09
PATELRMART, EQ, 09-Jul-2026,215.88,217.0,222.0,216.01,220.99,220.25,219.11,205682,450.67,2313,101662.0, 49.43,2026-07-09
PATILAUTOM, ST, 09-Jul-2026,192.25,191.85,195.0,190.0,194.45,193.7,191.76,34800,66.73,35,31800.0, 91.38,2026-07-09
PATINTLOG, BE, 09-Jul-2026,15.47,15.47,15.95,15.3,15.95,15.84,15.74,79329,12.49,233,, -,2026-07-09
PAUSHAKLTD, EQ, 09-Jul-2026,526.2,526.0,565.0,526.0,547.0,548.65,549.28,24908,136.81,1333,14287.0, 57.36,2026-07-09
PAVNAIND, BE, 09-Jul-2026,16.85,16.99,17.35,16.6,17.0,17.01,17.03,27753,4.73,88,, -,2026-07-09
PAYTM, EQ, 09-Jul-2026,1223.4,1223.4,1271.7,1223.3,1263.0,1262.9,1258.66,2379155,29945.42,58483,914024.0, 38.42,2026-07-09
PCBL, EQ, 09-Jul-2026,297.0,298.5,307.4,298.25,306.0,304.05,304.67,605485,1844.74,11748,222407.0, 36.73,2026-07-09
PCCL, SM, 09-Jul-2026,242.6,247.5,254.0,247.5,254.0,254.0,250.19,2800,7.01,7,2400.0, 85.71,2026-07-09
PCJEWELLER, EQ, 09-Jul-2026,9.62,9.71,10.95,9.58,9.86,9.83,10.36,1061536718,109972.72,578104,171143775.0, 16.12,2026-07-09
PDMJEPAPER, EQ, 09-Jul-2026,82.63,82.1,84.0,82.1,82.5,82.68,82.79,64092,53.06,993,41040.0, 64.03,2026-07-09
PDSL, EQ, 09-Jul-2026,346.05,345.05,353.95,345.05,348.7,349.65,349.82,44223,154.7,4453,19656.0, 44.45,2026-07-09
PEARLPOLY, BE, 09-Jul-2026,17.79,17.78,18.43,17.78,18.24,18.24,17.84,702,0.13,14,, -,2026-07-09
PELATRO, SM, 09-Jul-2026,260.3,261.7,261.7,258.0,260.0,259.65,259.46,4200,10.9,14,3300.0, 78.57,2026-07-09
PENIND, EQ, 09-Jul-2026,164.77,167.0,171.09,166.3,170.9,170.04,169.13,326262,551.81,5946,155789.0, 47.75,2026-07-09
PENINLAND, BE, 09-Jul-2026,16.64,16.61,17.47,16.5,17.47,17.47,17.28,195872,33.85,332,, -,2026-07-09
PERSISTENT, EQ, 09-Jul-2026,4769.5,4765.0,4858.9,4705.0,4842.0,4829.9,4794.97,465088,22300.84,35313,116960.0, 25.15,2026-07-09
PETRONET, EQ, 09-Jul-2026,271.6,272.5,279.15,272.15,277.3,277.15,276.48,1743760,4821.08,20487,894886.0, 51.32,2026-07-09
PFC, EQ, 09-Jul-2026,403.6,403.55,406.25,399.0,404.6,404.1,402.75,6397782,25766.83,63972,3159841.0, 49.39,2026-07-09
PFIZER, EQ, 09-Jul-2026,4532.1,4521.9,4637.6,4518.1,4595.6,4590.1,4583.21,40992,1878.75,8015,21500.0, 52.45,2026-07-09
PFOCUS, BE, 09-Jul-2026,233.79,233.79,245.47,233.79,245.47,244.47,242.56,494574,1199.63,2147,, -,2026-07-09
PFS, EQ, 09-Jul-2026,30.63,30.63,30.81,30.59,30.6,30.59,30.63,359912,110.24,959,285877.0, 79.43,2026-07-09
PGEL, EQ, 09-Jul-2026,562.7,566.55,587.55,566.0,583.05,583.7,580.78,2507674,14564.02,39553,575348.0, 22.94,2026-07-09
PGHH, EQ, 09-Jul-2026,8899.5,8879.5,8943.5,8870.5,8893.0,8892.0,8900.75,5353,476.46,1595,3622.0, 67.66,2026-07-09
PGHL, EQ, 09-Jul-2026,6262.5,6260.0,6765.0,6260.0,6599.5,6612.0,6604.88,52888,3493.19,12415,28535.0, 53.95,2026-07-09
PGIL, EQ, 09-Jul-2026,1951.7,1957.3,2021.3,1957.3,1984.7,1979.8,1991.11,33469,666.4,6243,12706.0, 37.96,2026-07-09
PGINVIT, IV, 09-Jul-2026,96.16,96.59,97.49,96.4,96.65,96.65,96.71,1492687,1443.57,17815,1228252.0, 82.28,2026-07-09
PHANTOMFX, SM, 09-Jul-2026,180.0,180.0,190.5,180.0,189.9,188.6,184.26,19500,35.93,51,17700.0, 90.77,2026-07-09
PHARMABEES, EQ, 09-Jul-2026,26.16,26.16,26.81,26.03,26.45,26.34,26.44,3674392,971.42,8656,2032487.0, 55.31,2026-07-09
PHOENIXLTD, EQ, 09-Jul-2026,2022.5,2055.0,2123.6,2037.6,2090.0,2088.0,2086.69,1448148,30218.38,87299,645754.0, 44.59,2026-07-09
PHOGLOBAL, SM, 09-Jul-2026,16.1,16.0,16.35,16.0,16.2,16.2,16.2,12000,1.94,6,8000.0, 66.67,2026-07-09
PICCADIL, EQ, 09-Jul-2026,643.55,643.55,663.05,642.15,657.0,649.45,652.63,170740,1114.3,11171,71158.0, 41.68,2026-07-09
PIDILITIND, EQ, 09-Jul-2026,1570.4,1570.0,1598.9,1565.0,1588.4,1590.4,1588.87,226559,3599.72,17822,100422.0, 44.32,2026-07-09
PIGL, EQ, 09-Jul-2026,107.11,107.7,111.44,107.21,110.0,108.69,109.49,71097,77.84,1137,28826.0, 40.54,2026-07-09
PIIND, EQ, 09-Jul-2026,2572.3,2586.0,2612.0,2573.3,2602.1,2597.5,2597.82,135177,3511.65,13357,66177.0, 48.96,2026-07-09
PILANIINVS, EQ, 09-Jul-2026,4307.7,4309.9,4419.9,4309.9,4416.0,4383.8,4389.58,1128,49.51,222,684.0, 60.64,2026-07-09
PILITA, BE, 09-Jul-2026,8.6,9.03,9.03,8.26,9.0,8.94,8.84,55813,4.93,138,, -,2026-07-09
PINELABS, EQ, 09-Jul-2026,142.07,142.84,145.75,141.59,143.7,143.29,143.95,6758826,9729.53,42086,2958382.0, 43.77,2026-07-09
PIONEEREMB, EQ, 09-Jul-2026,22.95,23.41,23.41,22.95,22.95,23.0,23.01,10055,2.31,29,9906.0, 98.52,2026-07-09
PIONRINV, EQ, 09-Jul-2026,89.6,88.8,88.8,83.0,86.99,84.04,85.12,3029,2.58,98,2078.0, 68.60,2026-07-09
PIRAMALFIN, EQ, 09-Jul-2026,2124.5,2130.0,2150.1,2100.0,2111.5,2118.2,2132.21,187388,3995.51,21864,100233.0, 53.49,2026-07-09
PITTIENG, EQ, 09-Jul-2026,924.2,933.8,954.1,923.15,954.0,951.45,943.28,23473,221.42,2005,10186.0, 43.39,2026-07-09
PIXTRANS, EQ, 09-Jul-2026,1741.0,1728.6,1821.9,1728.6,1789.0,1782.3,1790.76,24306,435.26,3680,9854.0, 40.54,2026-07-09
PKTEA, EQ, 09-Jul-2026,736.95,794.0,794.45,741.0,765.0,763.7,772.79,47,0.36,14,18.0, 38.30,2026-07-09
PLASTIBLEN, EQ, 09-Jul-2026,170.17,172.34,179.0,171.97,175.2,176.41,175.92,20018,35.22,740,11372.0, 56.81,2026-07-09
PLATIND, EQ, 09-Jul-2026,228.49,233.1,234.0,224.21,226.0,226.99,229.24,91989,210.88,1895,42881.0, 46.62,2026-07-09
PLAZACABLE, BE, 09-Jul-2026,44.94,44.72,45.9,44.11,44.55,44.85,44.98,15790,7.1,133,, -,2026-07-09
PML, EQ, 09-Jul-2026,458.3,468.0,523.0,466.9,519.0,498.0,494.61,631,3.12,64,589.0, 93.34,2026-07-09
PNB, EQ, 09-Jul-2026,100.95,101.2,103.7,100.8,103.7,103.44,102.73,13282752,13645.72,59538,4990969.0, 37.57,2026-07-09
PNBGILTS, EQ, 09-Jul-2026,85.84,85.97,88.5,85.42,87.08,87.33,87.41,366448,320.31,3337,114397.0, 31.22,2026-07-09
PNBHOUSING, EQ, 09-Jul-2026,1072.2,1076.6,1095.5,1051.6,1085.4,1084.0,1079.62,829952,8960.33,41277,354974.0, 42.77,2026-07-09
PNC, EQ, 09-Jul-2026,20.07,20.07,21.99,19.2,20.2,20.54,20.96,31635,6.63,430,14999.0, 47.41,2026-07-09
PNCINFRA, EQ, 09-Jul-2026,238.18,235.92,242.24,235.85,239.3,241.53,239.79,346035,829.76,15577,215489.0, 62.27,2026-07-09
PNGJL, EQ, 09-Jul-2026,573.5,576.9,606.3,573.0,581.4,581.3,591.98,900026,5328.01,24133,352396.0, 39.15,2026-07-09
PNGSREVA, EQ, 09-Jul-2026,403.1,409.0,428.0,405.0,413.0,414.2,418.93,297558,1246.56,7254,189223.0, 63.59,2026-07-09
POCL, EQ, 09-Jul-2026,1461.6,1478.0,1530.1,1410.0,1420.1,1416.6,1460.8,663833,9697.29,33128,351678.0, 52.98,2026-07-09
PODDARMENT, EQ, 09-Jul-2026,235.17,238.5,241.0,235.02,241.0,239.11,237.61,2347,5.58,98,1798.0, 76.61,2026-07-09
POKARNA, EQ, 09-Jul-2026,992.8,1000.5,1060.0,995.0,1035.2,1035.4,1039.1,74996,779.28,7284,30307.0, 40.41,2026-07-09
POLICYBZR, EQ, 09-Jul-2026,1562.5,1562.0,1594.8,1562.0,1568.1,1572.5,1576.52,1318417,20785.07,60550,700009.0, 53.09,2026-07-09
POLYCAB, EQ, 09-Jul-2026,9234.0,9280.0,9329.0,9001.0,9085.0,9074.0,9093.22,487544,44333.45,62085,230177.0, 47.21,2026-07-09
POLYMED, EQ, 09-Jul-2026,1614.3,1618.9,1686.0,1618.0,1645.0,1645.9,1657.99,56981,944.74,7424,20761.0, 36.43,2026-07-09
POLYPLEX, EQ, 09-Jul-2026,1019.15,1024.0,1042.0,1011.1,1029.6,1029.45,1032.53,96276,994.08,6984,57245.0, 59.46,2026-07-09
POLYSIL, SM, 09-Jul-2026,118.15,123.3,123.3,107.2,107.2,112.35,115.91,12000,13.91,24,8000.0, 66.67,2026-07-09
PONNIERODE, EQ, 09-Jul-2026,313.8,316.9,320.95,314.0,318.0,317.15,317.27,3963,12.57,195,2177.0, 54.93,2026-07-09
POONAWALLA, EQ, 09-Jul-2026,457.95,458.6,469.4,458.6,466.0,463.85,465.21,2036543,9474.26,79963,1099303.0, 53.98,2026-07-09
POSITRON, ST, 09-Jul-2026,168.1,168.1,176.5,168.1,176.5,176.5,175.46,6000,10.53,15,5100.0, 85.00,2026-07-09
POWERGRID, EQ, 09-Jul-2026,279.7,280.0,283.95,280.0,281.2,281.35,282.33,6800579,19200.38,64438,3869019.0, 56.89,2026-07-09
POWERICA, EQ, 09-Jul-2026,542.7,548.5,569.8,545.0,566.85,567.8,564.03,281940,1590.22,9847,127533.0, 45.23,2026-07-09
POWERINDIA, EQ, 09-Jul-2026,31755.0,32100.0,32700.0,32060.0,32590.0,32610.0,32433.02,101180,32815.73,31269,34613.0, 34.21,2026-07-09
POWERMECH, EQ, 09-Jul-2026,2562.6,2573.2,2624.5,2573.2,2607.4,2604.2,2607.66,35151,916.62,6251,17131.0, 48.74,2026-07-09
PPAP, EQ, 09-Jul-2026,257.43,269.0,292.9,269.0,276.0,276.63,279.23,674942,1884.67,12357,141911.0, 21.03,2026-07-09
PPL, BE, 09-Jul-2026,265.85,265.0,275.95,263.0,274.9,274.85,270.56,41709,112.85,584,, -,2026-07-09
PPLPHARMA, EQ, 09-Jul-2026,168.11,168.1,175.95,166.25,172.16,171.99,172.76,7859690,13578.33,56339,2543465.0, 32.36,2026-07-09
PPSL, ST, 09-Jul-2026,2.75,2.65,2.65,2.65,2.65,2.65,2.65,69000,1.83,10,69000.0, 100.00,2026-07-09
PRABHA, EQ, 09-Jul-2026,150.71,150.71,153.41,148.8,150.7,149.33,150.18,14904,22.38,239,10291.0, 69.05,2026-07-09
PRADPME, BE, 09-Jul-2026,515.2,524.0,532.0,519.0,519.0,525.1,528.54,7425,39.24,131,, -,2026-07-09
PRAENG, EQ, 09-Jul-2026,19.75,20.0,20.03,19.22,19.32,19.37,19.52,39619,7.73,1226,26307.0, 66.40,2026-07-09
PRAJIND, EQ, 09-Jul-2026,355.15,356.9,360.85,352.75,354.5,353.95,357.15,464402,1658.6,11298,261324.0, 56.27,2026-07-09
PRAKASH, EQ, 09-Jul-2026,126.31,127.93,129.39,126.11,127.3,128.22,128.4,338722,434.93,4826,205183.0, 60.58,2026-07-09
PRAKASHSTL, EQ, 09-Jul-2026,4.14,4.2,4.24,4.1,4.13,4.13,4.16,86429,3.59,234,58519.0, 67.71,2026-07-09
PRAMARA, SM, 09-Jul-2026,131.6,131.0,134.4,130.3,130.3,130.6,132.38,17500,23.17,23,13000.0, 74.29,2026-07-09
PRANIK, SM, 09-Jul-2026,45.25,45.25,47.65,40.25,42.0,41.6,42.49,17600,7.48,11,11200.0, 63.64,2026-07-09
PRATHAM, SM, 09-Jul-2026,117.0,115.05,121.5,115.05,121.5,121.5,118.87,5600,6.66,13,4400.0, 78.57,2026-07-09
PRAVEG, EQ, 09-Jul-2026,226.77,227.09,239.4,227.09,237.69,234.31,232.82,49040,114.18,1603,16554.0, 33.76,2026-07-09
PRAXIS, BE, 09-Jul-2026,7.73,7.9,7.9,7.55,7.85,7.84,7.77,13428,1.04,47,, -,2026-07-09
PRECAM, EQ, 09-Jul-2026,144.69,145.89,147.7,145.0,146.64,146.12,146.22,95510,139.65,1868,42080.0, 44.06,2026-07-09
PRECISION, SM, 09-Jul-2026,6.8,6.9,6.9,6.8,6.8,6.8,6.85,4000,0.27,2,4000.0, 100.00,2026-07-09
PRECOT, EQ, 09-Jul-2026,771.55,770.0,810.1,770.0,798.95,800.45,805.52,10274,82.76,453,7335.0, 71.39,2026-07-09
PRECWIRE, EQ, 09-Jul-2026,374.9,379.95,391.5,379.95,391.0,389.25,388.04,219594,852.1,10509,93944.0, 42.78,2026-07-09
PREMCO, EQ, 09-Jul-2026,361.6,365.2,372.7,360.0,365.0,365.0,363.7,255,0.93,27,125.0, 49.02,2026-07-09
PREMEXPLN, EQ, 09-Jul-2026,685.4,692.0,739.0,681.5,714.0,714.0,715.12,1477023,10562.46,32686,382483.0, 25.90,2026-07-09
PREMIER, BE, 09-Jul-2026,3.0,3.1,3.1,2.9,3.0,3.0,2.91,10070,0.29,30,, -,2026-07-09
PREMIERENE, EQ, 09-Jul-2026,1043.9,1055.0,1095.5,1048.0,1090.0,1089.2,1079.67,1970046,21270.03,58555,766992.0, 38.93,2026-07-09
PREMIERPOL, EQ, 09-Jul-2026,59.93,60.41,64.25,60.41,63.5,63.78,62.59,173094,108.34,1756,90543.0, 52.31,2026-07-09
PREMIUM, SM, 09-Jul-2026,42.0,42.05,42.05,42.05,42.05,42.05,42.05,3000,1.26,1,3000.0, 100.00,2026-07-09
PRESSTONIC, SM, 09-Jul-2026,25.95,26.05,26.3,24.95,25.0,25.05,25.83,36000,9.3,35,34400.0, 95.56,2026-07-09
PRESTIGE, EQ, 09-Jul-2026,1635.3,1628.0,1683.2,1628.0,1675.0,1673.9,1668.53,742651,12391.35,52809,386389.0, 52.03,2026-07-09
PRICOLLTD, EQ, 09-Jul-2026,608.8,615.4,621.65,611.5,618.0,618.2,617.77,475858,2939.72,16948,237326.0, 49.87,2026-07-09
PRIMECAB, ST, 09-Jul-2026,142.4,149.5,149.5,149.5,149.5,149.5,149.5,4800,7.18,3,4800.0, 100.00,2026-07-09
PRIMESECU, EQ, 09-Jul-2026,274.9,273.0,283.6,271.7,282.0,281.1,279.69,27078,75.73,832,19306.0, 71.30,2026-07-09
PRIMO, EQ, 09-Jul-2026,23.83,24.0,24.2,23.57,24.1,24.08,24.03,33027,7.94,218,26148.0, 79.17,2026-07-09
PRINCEPIPE, EQ, 09-Jul-2026,261.4,261.85,272.0,261.45,265.3,266.3,266.91,174387,465.45,4570,69057.0, 39.60,2026-07-09
PRITI, BE, 09-Jul-2026,38.01,38.1,39.39,38.0,39.39,39.38,38.57,3418,1.32,54,, -,2026-07-09
PRITIKAUTO, BE, 09-Jul-2026,17.59,16.98,18.46,16.87,18.25,18.19,18.18,577581,105.0,830,, -,2026-07-09
PRIVISCL, EQ, 09-Jul-2026,3547.6,3557.8,3644.9,3557.8,3624.0,3621.3,3616.45,32032,1158.42,6052,18882.0, 58.95,2026-07-09
PRIZOR, ST, 09-Jul-2026,803.0,819.05,819.05,819.05,819.05,819.05,819.05,3200,26.21,7,3200.0, 100.00,2026-07-09
PRLIND, SM, 09-Jul-2026,47.6,49.0,49.9,47.7,49.0,49.0,48.64,15000,7.3,12,8000.0, 53.33,2026-07-09
PROFX, SM, 09-Jul-2026,73.25,75.25,76.5,74.0,76.5,76.5,75.5,11200,8.46,7,9600.0, 85.71,2026-07-09
PROPEQUITY, SM, 09-Jul-2026,228.8,229.0,229.0,229.0,229.0,229.0,229.0,1800,4.12,3,1800.0, 100.00,2026-07-09
PROSTARM, EQ, 09-Jul-2026,133.41,134.95,136.98,131.0,131.7,131.41,132.1,250759,331.25,3351,101874.0, 40.63,2026-07-09
PROTEAN, EQ, 09-Jul-2026,574.1,575.05,589.6,575.05,577.5,579.65,582.24,177322,1032.44,6129,77442.0, 43.67,2026-07-09
PROZONER, EQ, 09-Jul-2026,43.95,43.82,45.5,43.22,43.25,43.51,44.05,205149,90.37,1325,113182.0, 55.17,2026-07-09
PRSMJOHNSN, EQ, 09-Jul-2026,111.01,111.0,113.36,111.0,111.35,111.95,112.21,101289,113.66,2197,43584.0, 43.03,2026-07-09
PRUDENT, EQ, 09-Jul-2026,2916.9,2891.1,3017.9,2891.1,2951.0,2960.0,2957.32,32745,968.37,4805,13909.0, 42.48,2026-07-09
PRUDMOULI, BE, 09-Jul-2026,14.66,14.99,14.99,14.25,14.8,14.79,14.6,1518,0.22,22,, -,2026-07-09
PSB, EQ, 09-Jul-2026,24.1,24.18,24.65,24.11,24.62,24.46,24.37,760695,185.38,3178,288838.0, 37.97,2026-07-09
PSFL, SM, 09-Jul-2026,30.75,32.4,32.4,31.25,31.4,31.4,31.59,8000,2.53,4,6000.0, 75.00,2026-07-09
PSPPROJECT, EQ, 09-Jul-2026,1039.3,1048.7,1094.5,1040.1,1078.0,1069.7,1077.24,132091,1422.94,9497,70385.0, 53.29,2026-07-09
PSRAJ, ST, 09-Jul-2026,414.25,414.0,434.0,414.0,434.0,433.15,427.88,6500,27.81,10,5500.0, 84.62,2026-07-09
PSUBANK, EQ, 09-Jul-2026,810.59,820.59,827.0,810.09,822.9,822.75,820.34,11493,94.28,573,4565.0, 39.72,2026-07-09
PSUBANKADD, EQ, 09-Jul-2026,81.9,81.98,83.27,81.96,83.25,82.97,82.99,332417,275.89,351,312099.0, 93.89,2026-07-09
PSUBNKBEES, EQ, 09-Jul-2026,90.44,92.3,92.3,90.27,91.85,91.85,91.52,2394614,2191.58,5685,999090.0, 41.72,2026-07-09
PSUBNKIETF, EQ, 09-Jul-2026,82.06,83.06,83.75,82.24,83.33,83.45,83.15,268638,223.38,1147,90332.0, 33.63,2026-07-09
PTC, EQ, 09-Jul-2026,168.42,169.4,169.99,167.69,168.0,168.02,168.72,637491,1075.58,8611,379501.0, 59.53,2026-07-09
PTCIL, EQ, 09-Jul-2026,16998.0,17006.0,17479.0,16922.0,17400.0,17354.0,17248.72,8395,1448.03,3594,3400.0, 40.50,2026-07-09
PTL, EQ, 09-Jul-2026,41.03,41.2,41.78,40.6,40.64,40.8,41.12,80980,33.3,1333,61626.0, 76.10,2026-07-09
PUNJABCHEM, EQ, 09-Jul-2026,1066.0,1066.0,1103.7,1059.3,1080.1,1090.1,1082.19,13192,142.76,2114,6030.0, 45.71,2026-07-09
PURPLEUTED, ST, 09-Jul-2026,444.75,445.2,452.05,433.6,434.25,434.25,447.35,18250,81.64,27,17750.0, 97.26,2026-07-09
PURVA, EQ, 09-Jul-2026,214.85,214.76,221.0,214.24,220.3,219.78,219.12,94988,208.14,3136,48705.0, 51.27,2026-07-09
PURVFLEXI, ST, 09-Jul-2026,49.9,49.85,49.85,49.85,49.85,49.85,49.85,800,0.4,1,800.0, 100.00,2026-07-09
PUSHPA, SM, 09-Jul-2026,98.0,100.0,100.0,98.0,98.3,98.2,98.77,6000,5.93,6,6000.0, 100.00,2026-07-09
PVP, EQ, 09-Jul-2026,27.26,27.52,28.03,27.11,27.13,27.32,27.53,137975,37.98,942,62783.0, 45.50,2026-07-09
PVRINOX, EQ, 09-Jul-2026,976.25,976.8,997.35,970.0,989.1,989.5,986.66,168389,1661.42,16076,101214.0, 60.11,2026-07-09
PVSL, EQ, 09-Jul-2026,91.96,92.1,93.73,92.06,92.6,93.03,92.85,10403,9.66,514,6544.0, 62.90,2026-07-09
PVTBANIETF, EQ, 09-Jul-2026,27.88,27.88,28.5,27.88,28.07,28.07,28.06,6190529,1736.93,1410,4984019.0, 80.51,2026-07-09
PVTBANKADD, EQ, 09-Jul-2026,28.0,28.12,28.31,28.08,28.08,28.17,28.16,22270621,6270.96,694,22072571.0, 99.11,2026-07-09
PVTBKGROWW, EQ, 09-Jul-2026,27.71,27.97,27.97,27.71,27.76,27.79,27.82,18088,5.03,112,9562.0, 52.86,2026-07-09
PWL, EQ, 09-Jul-2026,146.64,145.5,155.09,142.33,154.0,151.38,148.08,27523109,40754.94,129854,4978696.0, 18.09,2026-07-09
PYRAMID, EQ, 09-Jul-2026,162.38,162.38,171.4,162.38,168.0,167.39,167.83,41077,68.94,1124,21820.0, 53.12,2026-07-09
QFIL, SM, 09-Jul-2026,60.85,60.0,60.0,60.0,60.0,60.0,60.0,1000,0.6,1,1000.0, 100.00,2026-07-09
QGOLDHALF, EQ, 09-Jul-2026,117.25,114.31,119.12,114.31,118.75,118.68,118.47,201469,238.68,1397,105771.0, 52.50,2026-07-09
QLINE, SM, 09-Jul-2026,539.45,549.85,555.0,537.0,540.0,540.6,544.69,58400,318.1,126,40800.0, 69.86,2026-07-09
QMSMEDI, EQ, 09-Jul-2026,103.83,107.5,107.5,103.55,104.52,104.51,105.4,10034,10.58,829,2334.0, 23.26,2026-07-09
QNIFTY, EQ, 09-Jul-2026,263.09,266.9,266.9,263.4,263.6,263.4,264.19,5698,15.05,91,4994.0, 87.64,2026-07-09
QPOWER, BE, 09-Jul-2026,1099.7,1119.0,1154.6,1112.8,1154.6,1154.6,1141.68,78083,891.46,2307,, -,2026-07-09
QUADFUTURE, EQ, 09-Jul-2026,420.45,425.7,435.55,420.0,428.0,428.15,428.11,318988,1365.62,9025,106623.0, 33.43,2026-07-09
QUAL30IETF, EQ, 09-Jul-2026,20.52,20.55,20.89,20.49,20.88,20.6,20.59,55061,11.34,182,28004.0, 50.86,2026-07-09
QUALITY30, EQ, 09-Jul-2026,20.11,20.15,20.23,20.07,20.17,20.17,20.14,2990,0.6,17,2894.0, 96.79,2026-07-09
QUESS, EQ, 09-Jul-2026,290.5,286.8,308.1,286.8,294.0,294.55,300.21,738865,2218.11,20128,229720.0, 31.09,2026-07-09
QUESTLAB, SM, 09-Jul-2026,87.75,88.0,89.0,88.0,89.0,89.0,88.5,2400,2.12,2,2400.0, 100.00,2026-07-09
QUICKHEAL, BE, 09-Jul-2026,165.09,165.01,169.8,164.8,167.0,165.79,166.63,37435,62.38,679,, -,2026-07-09
QUICKTOUCH, SM, 09-Jul-2026,24.0,24.0,24.0,23.05,23.05,23.05,23.53,1000,0.24,2,500.0, 50.00,2026-07-09
QUINT, EQ, 09-Jul-2026,39.09,39.09,39.5,39.09,39.5,39.49,39.38,1068,0.42,14,868.0, 81.27,2026-07-09
RACE, BE, 09-Jul-2026,111.27,113.99,114.5,111.51,112.0,112.0,112.57,6091,6.86,31,, -,2026-07-09
RACLGEAR, EQ, 09-Jul-2026,1267.0,1267.0,1298.6,1252.2,1258.7,1261.1,1269.05,20441,259.41,2372,10375.0, 50.76,2026-07-09
RADAAN, EQ, 09-Jul-2026,3.0,3.01,3.03,2.9,2.95,2.95,2.97,6870,0.2,55,5189.0, 75.53,2026-07-09
RADHIKAJWE, EQ, 09-Jul-2026,56.27,56.5,65.18,56.5,62.65,63.64,63.21,14988247,9474.62,83511,1058923.0, 7.07,2026-07-09
RADIANTCMS, EQ, 09-Jul-2026,38.4,38.0,38.85,37.8,38.48,38.33,38.43,110855,42.6,1008,68889.0, 62.14,2026-07-09
RADICO, EQ, 09-Jul-2026,4077.6,4099.0,4145.0,4082.5,4090.0,4089.0,4108.53,262676,10792.11,27310,142481.0, 54.24,2026-07-09
RADIOCITY, EQ, 09-Jul-2026,5.98,5.93,6.19,5.86,5.95,5.97,6.01,36807,2.21,146,32547.0, 88.43,2026-07-09
RADIOWALLA, ST, 09-Jul-2026,24.7,24.7,25.9,24.7,25.9,25.9,25.43,4800,1.22,3,4800.0, 100.00,2026-07-09
RAILTEL, EQ, 09-Jul-2026,298.65,300.0,306.35,298.65,300.2,302.9,303.41,511039,1550.53,11569,159319.0, 31.18,2026-07-09
RAIN, EQ, 09-Jul-2026,198.72,200.23,209.76,199.5,204.45,204.36,205.1,6949045,14252.46,50444,2329378.0, 33.52,2026-07-09
RAINBOW, EQ, 09-Jul-2026,1431.1,1439.9,1511.7,1426.7,1480.0,1481.5,1482.76,202371,3000.67,18481,90232.0, 44.59,2026-07-09
RAJESHEXPO, BZ, 09-Jul-2026,93.2,91.35,95.08,91.18,93.5,93.39,93.23,120295,112.15,1063,, -,2026-07-09
RAJINDLTD, SM, 09-Jul-2026,72.1,76.0,76.3,70.15,72.0,72.0,72.96,15000,10.94,8,7500.0, 50.00,2026-07-09
RAJMET, EQ, 09-Jul-2026,3.68,3.61,3.73,3.6,3.64,3.63,3.62,310965,11.26,544,233928.0, 75.23,2026-07-09
RAJOOENG, BE, 09-Jul-2026,50.06,50.0,50.8,49.0,50.4,49.99,49.98,180489,90.2,1304,, -,2026-07-09
RAJPALAYAM, EQ, 09-Jul-2026,796.4,819.7,829.95,800.2,821.0,813.75,818.69,1162,9.51,145,696.0, 59.90,2026-07-09
RAJPUTANA, SM, 09-Jul-2026,206.0,201.15,207.95,196.65,207.95,207.9,201.66,5000,10.08,10,2500.0, 50.00,2026-07-09
RAJRATAN, EQ, 09-Jul-2026,464.9,468.1,478.0,460.2,466.0,465.75,468.54,87020,407.72,4301,38493.0, 44.23,2026-07-09
RAJRILTD, BE, 09-Jul-2026,22.15,22.15,22.39,21.71,22.0,22.0,21.89,8558,1.87,100,, -,2026-07-09
RAJSREESUG, EQ, 09-Jul-2026,30.89,30.7,31.67,30.5,31.22,31.4,31.16,11904,3.71,118,5419.0, 45.52,2026-07-09
RAJTV, EQ, 09-Jul-2026,11.85,11.55,12.05,11.55,11.93,11.99,11.91,29934,3.57,155,26084.0, 87.14,2026-07-09
RALLIS, EQ, 09-Jul-2026,223.11,223.11,225.48,222.1,223.8,223.43,223.88,325734,729.26,10866,159317.0, 48.91,2026-07-09
RAMANEWS, EQ, 09-Jul-2026,28.51,28.72,29.85,28.4,29.85,29.05,29.05,29704,8.63,119,19437.0, 65.44,2026-07-09
RAMAPHO, EQ, 09-Jul-2026,123.39,123.47,126.8,123.47,126.75,125.22,125.2,11286,14.13,259,6925.0, 61.36,2026-07-09
RAMASTEEL, BE, 09-Jul-2026,4.54,4.42,4.58,4.42,4.57,4.55,4.55,1258893,57.25,3018,, -,2026-07-09
RAMBHAJO, BE, 09-Jul-2026,171.99,169.0,179.8,169.0,177.4,178.13,175.53,400529,703.06,3923,, -,2026-07-09
RAMCOCEM, EQ, 09-Jul-2026,908.6,908.6,926.45,908.6,921.0,922.1,920.54,24085,221.71,2495,9294.0, 38.59,2026-07-09
RAMCOIND, EQ, 09-Jul-2026,344.35,347.0,375.95,345.0,371.0,369.0,366.89,1368726,5021.7,30819,427220.0, 31.21,2026-07-09
RAMCOSYS, EQ, 09-Jul-2026,856.45,874.0,890.0,823.65,835.5,837.35,861.41,1563756,13470.34,41870,223059.0, 14.26,2026-07-09
RAMKY, EQ, 09-Jul-2026,385.55,395.0,396.15,384.65,389.25,387.25,388.53,55119,214.15,2021,21522.0, 39.05,2026-07-09
RAMRAT, EQ, 09-Jul-2026,412.75,414.0,421.0,410.15,412.4,412.0,415.44,102766,426.93,3693,49306.0, 47.98,2026-07-09
RANASUG, EQ, 09-Jul-2026,12.0,11.94,12.27,11.64,12.02,11.91,11.97,301727,36.11,1280,175644.0, 58.21,2026-07-09
RANEHOLDIN, EQ, 09-Jul-2026,1728.4,1745.8,1789.9,1728.1,1784.0,1775.1,1749.28,41574,727.25,2584,29813.0, 71.71,2026-07-09
RAPPID, SM, 09-Jul-2026,260.0,266.8,266.8,266.8,266.8,266.8,266.8,600,1.6,1,600.0, 100.00,2026-07-09
RATEGAIN, EQ, 09-Jul-2026,916.85,921.95,962.25,918.55,939.95,941.75,947.03,499009,4725.75,22253,293022.0, 58.72,2026-07-09
RATNAMANI, EQ, 09-Jul-2026,2590.5,2590.5,2645.1,2565.3,2633.6,2633.9,2627.41,12273,322.46,3866,7560.0, 61.60,2026-07-09
RATNAVEER, EQ, 09-Jul-2026,180.69,181.64,189.0,179.11,180.9,180.26,183.72,1331409,2446.06,15391,256402.0, 19.26,2026-07-09
RAYMOND, EQ, 09-Jul-2026,595.55,595.8,640.0,595.0,624.0,620.55,626.11,1366554,8556.08,31534,465450.0, 34.06,2026-07-09
RAYMONDLSL, EQ, 09-Jul-2026,734.5,739.9,752.0,735.7,743.9,742.3,744.97,78860,587.48,4579,44472.0, 56.39,2026-07-09
RAYMONDREL, EQ, 09-Jul-2026,665.65,676.0,707.0,671.35,701.0,699.75,696.02,949739,6610.35,24835,377857.0, 39.79,2026-07-09
RBA, EQ, 09-Jul-2026,72.39,73.0,75.23,72.61,74.54,74.47,74.3,2303768,1711.6,12933,1267211.0, 55.01,2026-07-09
RBLBANK, EQ, 09-Jul-2026,359.8,360.0,366.85,360.0,362.95,362.8,364.1,3041752,11075.02,42067,1493464.0, 49.10,2026-07-09
RBMINFRA, SM, 09-Jul-2026,284.6,287.0,297.0,270.1,272.05,273.8,281.45,39400,110.89,175,24600.0, 62.44,2026-07-09
RBS, ST, 09-Jul-2026,74.5,74.55,78.2,73.0,78.0,78.0,76.19,40000,30.48,39,35200.0, 88.00,2026-07-09
RBZJEWEL, EQ, 09-Jul-2026,143.89,143.75,159.69,143.75,154.7,153.71,155.31,907807,1409.91,12771,231429.0, 25.49,2026-07-09
RCDL, SM, 09-Jul-2026,24.3,25.1,25.1,25.1,25.1,25.1,25.1,3000,0.75,1,3000.0, 100.00,2026-07-09
RCF, EQ, 09-Jul-2026,130.21,130.45,132.83,129.67,131.0,131.59,131.64,1378263,1814.31,12879,481234.0, 34.92,2026-07-09
RCOM, BE, 09-Jul-2026,0.87,0.87,0.89,0.87,0.88,0.88,0.88,2296631,20.25,1358,, -,2026-07-09
READYMIX, SM, 09-Jul-2026,99.15,109.0,109.0,99.05,104.0,104.0,102.87,8000,8.23,8,2000.0, 25.00,2026-07-09
RECLTD, EQ, 09-Jul-2026,348.75,349.1,353.95,345.7,352.9,352.0,350.17,5543794,19412.93,52396,3294905.0, 59.43,2026-07-09
REDINGTON, EQ, 09-Jul-2026,268.6,270.95,277.3,268.45,274.8,274.75,274.09,1558101,4270.56,25671,620602.0, 39.83,2026-07-09
REDTAPE, EQ, 09-Jul-2026,133.11,133.1,137.49,131.0,134.8,134.33,135.48,242573,328.64,4611,119586.0, 49.30,2026-07-09
REFEX, EQ, 09-Jul-2026,334.6,335.0,354.0,335.0,349.0,349.7,348.77,712735,2485.78,14335,311425.0, 43.69,2026-07-09
REFRACTORY, SM, 09-Jul-2026,27.6,28.7,28.7,28.3,28.3,28.3,28.45,3000,0.85,3,3000.0, 100.00,2026-07-09
REGAAL, BE, 09-Jul-2026,81.87,80.61,83.9,80.61,81.9,81.77,82.36,49344,40.64,343,, -,2026-07-09
REGENCERAM, EQ, 09-Jul-2026,39.18,39.18,40.6,39.18,39.9,39.9,39.9,450,0.18,9,447.0, 99.33,2026-07-09
RELAXO, EQ, 09-Jul-2026,384.8,384.75,398.45,380.65,388.5,386.85,391.37,181912,711.94,8156,48879.0, 26.87,2026-07-09
RELCHEMQ, EQ, 09-Jul-2026,130.83,130.83,134.95,128.0,131.56,131.81,132.69,3862,5.12,79,956.0, 24.75,2026-07-09
RELIABLE, EQ, 09-Jul-2026,143.48,149.0,149.0,143.23,143.23,145.24,144.84,7744,11.22,172,6135.0, 79.22,2026-07-09
RELIANCE, EQ, 09-Jul-2026,1275.9,1277.1,1296.5,1274.2,1280.9,1279.8,1286.53,14651963,188502.2,279312,5180456.0, 35.36,2026-07-09
RELIGARE, EQ, 09-Jul-2026,266.1,265.0,278.8,265.0,273.15,271.5,274.37,1357741,3725.21,25660,757540.0, 55.79,2026-07-09
RELTD, EQ, 09-Jul-2026,179.84,181.2,196.45,175.59,177.8,179.01,187.73,3822954,7176.82,47472,962992.0, 25.19,2026-07-09
REMSONSIND, EQ, 09-Jul-2026,84.22,83.79,85.74,82.5,82.52,83.22,83.95,64112,53.82,1484,43312.0, 67.56,2026-07-09
REMUS, SM, 09-Jul-2026,758.8,762.0,762.05,744.0,749.8,747.75,757.15,5600,42.4,45,3600.0, 64.29,2026-07-09
RENUKA, EQ, 09-Jul-2026,22.56,22.59,22.96,22.46,22.63,22.61,22.71,1963851,446.06,5743,781203.0, 39.78,2026-07-09
REPCOHOME, EQ, 09-Jul-2026,406.2,412.95,416.0,405.55,408.25,408.1,410.5,87567,359.47,3408,42552.0, 48.59,2026-07-09
REPL, BE, 09-Jul-2026,64.5,65.73,65.74,64.03,65.7,65.47,64.8,3067,1.99,42,, -,2026-07-09
REPRO, EQ, 09-Jul-2026,364.45,369.9,372.75,361.1,362.45,362.95,363.76,5990,21.79,328,3757.0, 62.72,2026-07-09
RESPONIND, EQ, 09-Jul-2026,203.06,204.2,210.5,183.32,191.4,190.32,192.92,2875963,5548.26,36349,395268.0, 13.74,2026-07-09
RETAIL, EQ, 09-Jul-2026,17.51,17.5,18.7,17.11,18.17,17.88,17.72,6237,1.11,94,3268.0, 52.40,2026-07-09
REXPRO, SM, 09-Jul-2026,38.25,38.3,38.3,38.3,38.3,38.3,38.3,1000,0.38,1,1000.0, 100.00,2026-07-09
RFBL, SM, 09-Jul-2026,97.15,98.0,101.0,97.05,99.0,99.1,98.87,57000,56.36,19,18000.0, 31.58,2026-07-09
RGL, EQ, 09-Jul-2026,115.53,115.85,122.48,115.85,121.0,120.53,120.9,733677,887.0,7054,388458.0, 52.95,2026-07-09
RHETAN, EQ, 09-Jul-2026,26.67,26.5,27.5,26.45,26.92,26.73,26.83,6034192,1618.97,5113,314263.0, 5.21,2026-07-09
RHFL, BZ, 09-Jul-2026,2.09,2.08,2.1,2.05,2.06,2.06,2.06,511062,10.55,627,, -,2026-07-09
RHIM, EQ, 09-Jul-2026,390.35,395.0,406.5,390.65,404.0,402.55,399.65,1381239,5520.09,28327,457667.0, 33.13,2026-07-09
RHL, EQ, 09-Jul-2026,176.98,179.9,180.8,176.07,179.9,179.64,179.87,9203,16.55,50,8594.0, 93.38,2026-07-09
RICOAUTO, EQ, 09-Jul-2026,128.61,129.9,132.17,127.59,130.5,130.02,130.49,738252,963.32,6785,240974.0, 32.64,2026-07-09
RIIL, EQ, 09-Jul-2026,782.25,786.0,799.0,783.55,790.0,792.0,793.2,46007,364.93,2236,9641.0, 20.96,2026-07-09
RIIT, IV, 09-Jul-2026,116.07,117.23,118.9,115.4,115.5,115.51,116.11,139061,161.47,1655,115600.0, 83.13,2026-07-09
RILINFRA, SM, 09-Jul-2026,37.05,36.9,42.0,36.05,41.1,41.35,39.49,64300,25.39,211,56500.0, 87.87,2026-07-09
RISHABH, EQ, 09-Jul-2026,650.8,654.05,673.6,646.0,656.55,652.6,654.55,412642,2700.95,14692,189273.0, 45.87,2026-07-09
RITCO, EQ, 09-Jul-2026,257.7,257.1,264.0,252.0,259.0,256.0,257.23,56209,144.59,1519,33276.0, 59.20,2026-07-09
RITES, EQ, 09-Jul-2026,223.13,223.0,225.89,219.6,222.5,222.75,223.13,2406507,5369.66,25657,495669.0, 20.60,2026-07-09
RKDL, EQ, 09-Jul-2026,18.94,19.12,19.15,18.76,18.85,18.85,19.02,2208,0.42,46,1556.0, 70.47,2026-07-09
RKEC, EQ, 09-Jul-2026,26.75,27.85,27.99,26.12,26.81,27.34,27.05,25933,7.01,338,15374.0, 59.28,2026-07-09
RKFORGE, EQ, 09-Jul-2026,565.0,564.3,570.5,558.85,560.0,560.7,563.4,417757,2353.64,13676,278109.0, 66.57,2026-07-09
RKSWAMY, EQ, 09-Jul-2026,103.66,103.66,104.69,101.0,101.51,101.33,102.64,116737,119.82,1567,74373.0, 63.71,2026-07-09
RMC, EQ, 09-Jul-2026,294.0,296.1,324.0,296.1,304.25,305.75,307.97,67559,208.06,2623,30407.0, 45.01,2026-07-09
RMDRIP, EQ, 09-Jul-2026,18.82,19.0,19.35,18.8,19.0,18.87,19.11,1227185,234.47,891,129206.0, 10.53,2026-07-09
RML, EQ, 09-Jul-2026,1258.2,1264.3,1323.9,1250.2,1285.5,1277.3,1292.99,72922,942.87,7821,34943.0, 47.92,2026-07-09
RNBDENIMS, EQ, 09-Jul-2026,10.27,10.48,10.58,10.15,10.17,10.19,10.27,369568,37.96,607,213101.0, 57.66,2026-07-09
RNFI, SM, 09-Jul-2026,250.0,255.0,257.95,245.15,247.0,247.35,250.2,21000,52.54,31,17400.0, 82.86,2026-07-09
RNPL, SM, 09-Jul-2026,80.95,84.5,84.5,84.5,84.5,84.5,84.5,1200,1.01,1,1200.0, 100.00,2026-07-09
ROCKINGDCE, SM, 09-Jul-2026,180.8,180.9,182.0,180.5,182.0,180.6,180.72,9250,16.72,6,9250.0, 100.00,2026-07-09
ROHLTD, EQ, 09-Jul-2026,319.3,326.8,327.95,320.05,325.75,323.9,324.04,25757,83.46,814,19331.0, 75.05,2026-07-09
ROLEXRINGS, EQ, 09-Jul-2026,137.92,138.1,143.99,138.1,143.0,142.83,142.21,1089567,1549.47,9557,290530.0, 26.66,2026-07-09
ROLLT, BE, 09-Jul-2026,2.57,2.57,2.57,2.45,2.45,2.45,2.46,280776,6.91,188,, -,2026-07-09
ROML, EQ, 09-Jul-2026,45.34,45.0,46.32,44.53,44.81,44.84,45.05,1105,0.5,39,704.0, 63.71,2026-07-09
ROSSARI, EQ, 09-Jul-2026,504.9,509.45,523.7,505.05,518.35,518.85,516.7,49711,256.86,2868,24422.0, 49.13,2026-07-09
ROSSELLIND, EQ, 09-Jul-2026,56.25,55.55,58.2,55.55,56.5,56.79,56.99,22591,12.88,407,16477.0, 72.94,2026-07-09
ROSSTECH, EQ, 09-Jul-2026,964.9,977.15,1021.9,973.55,1015.0,1010.75,1003.67,193834,1945.46,11979,99109.0, 51.13,2026-07-09
ROTO, EQ, 09-Jul-2026,68.44,68.35,69.98,68.35,69.5,69.3,69.33,552609,383.1,3728,188094.0, 34.04,2026-07-09
ROUTE, EQ, 09-Jul-2026,533.55,535.75,542.7,532.5,538.25,537.9,538.45,104400,562.14,5362,52041.0, 49.85,2026-07-09
ROXHITECH, ST, 09-Jul-2026,38.95,37.2,38.0,37.2,37.35,37.35,37.44,14400,5.39,9,12800.0, 88.89,2026-07-09
ROYALARC, SM, 09-Jul-2026,146.05,147.0,147.0,147.0,147.0,147.0,147.0,1200,1.76,1,1200.0, 100.00,2026-07-09
RPEL, EQ, 09-Jul-2026,1289.1,1286.1,1323.7,1286.0,1286.0,1289.0,1304.68,39074,509.79,3254,19671.0, 50.34,2026-07-09
RPGLIFE, EQ, 09-Jul-2026,2452.3,2422.0,2675.0,2366.8,2665.6,2656.8,2588.25,86110,2228.74,9056,37855.0, 43.96,2026-07-09
RPOWER, EQ, 09-Jul-2026,24.63,24.4,25.05,24.3,24.85,24.79,24.8,25149964,6236.9,35073,6430334.0, 25.57,2026-07-09
RPPINFRA, EQ, 09-Jul-2026,62.7,62.98,63.76,61.5,62.98,62.57,62.9,27862,17.53,441,18602.0, 66.76,2026-07-09
RPPL, EQ, 09-Jul-2026,21.09,21.01,21.88,21.01,21.76,21.6,21.52,103667,22.31,1836,17996.0, 17.36,2026-07-09
RPSGVENT, EQ, 09-Jul-2026,915.25,916.0,934.8,890.0,900.0,900.5,906.21,28518,258.43,2029,12854.0, 45.07,2026-07-09
RPTECH, EQ, 09-Jul-2026,740.45,740.9,785.4,740.9,782.0,779.25,776.3,1142272,8867.49,25167,304828.0, 26.69,2026-07-09
RRIL, EQ, 09-Jul-2026,17.54,17.99,17.99,17.18,17.36,17.38,17.4,10790,1.88,65,10491.0, 97.23,2026-07-09
RRKABEL, EQ, 09-Jul-2026,2188.5,2180.0,2258.0,2180.0,2204.5,2206.7,2224.45,433746,9648.48,32863,202335.0, 46.65,2026-07-09
RSDFIN, EQ, 09-Jul-2026,78.0,80.0,80.0,80.0,80.0,80.0,80.0,99,0.08,5,73.0, 73.74,2026-07-09
RSL, EQ, 09-Jul-2026,129.17,129.47,132.49,129.47,131.25,131.23,131.55,144162,189.65,1413,71127.0, 49.34,2026-07-09
RSSOFTWARE, BE, 09-Jul-2026,33.81,33.21,33.6,33.21,33.5,33.5,33.34,2071,0.69,28,, -,2026-07-09
RSWM, BE, 09-Jul-2026,189.59,189.59,196.55,185.0,195.0,194.31,193.22,28579,55.22,228,, -,2026-07-09
RSYSTEMS, EQ, 09-Jul-2026,234.95,238.0,240.42,232.49,236.5,235.69,236.25,322581,762.1,8224,130202.0, 40.36,2026-07-09
RTL, SM, 09-Jul-2026,76.0,74.55,76.4,74.55,76.4,76.4,75.17,6000,4.51,3,6000.0, 100.00,2026-07-09
RTNINDIA, EQ, 09-Jul-2026,31.98,32.14,32.95,32.04,32.93,32.79,32.69,1073402,350.91,5011,350689.0, 32.67,2026-07-09
RTNPOWER, EQ, 09-Jul-2026,8.79,8.85,8.92,8.8,8.83,8.82,8.85,8751713,774.27,8976,3529674.0, 40.33,2026-07-09
RUBFILA, EQ, 09-Jul-2026,73.07,73.27,79.0,73.25,78.0,77.44,76.42,52708,40.28,689,43121.0, 81.81,2026-07-09
RUBICON, EQ, 09-Jul-2026,1386.3,1395.0,1421.2,1382.1,1408.0,1407.2,1403.66,185413,2602.57,12037,98519.0, 53.13,2026-07-09
RUBYMILLS, BE, 09-Jul-2026,348.15,365.55,365.55,355.0,365.55,365.55,363.41,47218,171.6,581,, -,2026-07-09
RUCHINFRA, EQ, 09-Jul-2026,5.88,5.99,5.99,5.66,5.78,5.78,5.79,106241,6.15,407,73735.0, 69.40,2026-07-09
RUCHIRA, EQ, 09-Jul-2026,102.36,103.8,104.1,103.0,103.25,103.27,103.45,16492,17.06,352,10422.0, 63.19,2026-07-09
RUDRA, BE, 09-Jul-2026,17.19,17.37,17.37,17.1,17.14,17.17,17.19,11345,1.95,28,, -,2026-07-09
RULKA, SM, 09-Jul-2026,93.85,93.9,97.75,93.9,97.75,97.75,95.83,600,0.57,2,300.0, 50.00,2026-07-09
RUPA, EQ, 09-Jul-2026,162.44,163.29,167.5,162.44,165.51,165.58,165.44,224285,371.07,3444,84003.0, 37.45,2026-07-09
RUSHIL, EQ, 09-Jul-2026,15.74,15.81,16.3,15.8,16.03,16.1,16.1,352562,56.75,984,200237.0, 56.79,2026-07-09
RUSTOMJEE, EQ, 09-Jul-2026,412.6,413.0,424.0,413.0,421.9,421.45,419.01,16055,67.27,1376,7869.0, 49.01,2026-07-09
RVHL, EQ, 09-Jul-2026,44.87,45.54,45.92,44.51,45.0,45.05,45.12,7824,3.53,293,3698.0, 47.26,2026-07-09
RVNL, EQ, 09-Jul-2026,224.73,225.0,228.35,223.99,226.99,226.23,226.84,2296275,5208.78,26057,717360.0, 31.24,2026-07-09
RVTH, EQ, 09-Jul-2026,720.0,720.1,758.8,715.0,722.15,737.85,727.69,678,4.93,57,419.0, 61.80,2026-07-09
S&SPOWER, EQ, 09-Jul-2026,358.45,364.0,369.4,351.0,351.0,360.95,361.44,580,2.1,31,297.0, 51.21,2026-07-09
SAAKSHI, ST, 09-Jul-2026,289.6,301.45,301.45,301.45,301.45,301.45,301.45,1200,3.62,1,1200.0, 100.00,2026-07-09
SAATVIKGL, EQ, 09-Jul-2026,420.0,421.9,459.8,415.15,457.0,455.15,451.65,338219,1527.56,8182,142859.0, 42.24,2026-07-09
SABAR, SM, 09-Jul-2026,5.0,4.75,4.75,4.75,4.75,4.75,4.75,5000,0.24,1,5000.0, 100.00,2026-07-09
SABEVENTS, BE, 09-Jul-2026,9.09,9.12,9.12,8.66,8.7,8.77,8.77,5783,0.51,18,, -,2026-07-09
SACHEEROME, SM, 09-Jul-2026,412.2,415.0,427.45,390.0,391.0,397.5,406.39,37800,153.61,107,26400.0, 69.84,2026-07-09
SADBHAV, EQ, 09-Jul-2026,8.26,8.26,8.39,8.21,8.3,8.27,8.27,161547,13.37,343,113949.0, 70.54,2026-07-09
SADBHIN, BE, 09-Jul-2026,2.74,2.78,2.78,2.71,2.74,2.75,2.76,39216,1.08,94,, -,2026-07-09
SADHAV, SM, 09-Jul-2026,110.1,110.5,119.1,110.0,118.5,118.95,115.88,34800,40.33,52,25800.0, 74.14,2026-07-09
SADHNANIQ, BE, 09-Jul-2026,2.77,2.73,2.73,2.72,2.72,2.72,2.72,3537365,96.27,448,, -,2026-07-09
SAFARI, EQ, 09-Jul-2026,1600.5,1598.0,1644.0,1588.7,1610.1,1622.6,1628.41,28530,464.59,4415,17396.0, 60.97,2026-07-09
SAFEENTP, SM, 09-Jul-2026,282.7,282.7,289.85,281.2,281.5,282.55,284.69,28500,81.14,51,16500.0, 57.89,2026-07-09
SAGARDEEP, EQ, 09-Jul-2026,24.41,24.41,25.18,24.3,24.5,24.5,24.69,1625,0.4,38,1267.0, 77.97,2026-07-09
SAGCEM, EQ, 09-Jul-2026,173.75,172.45,184.9,169.1,180.0,179.19,177.14,269925,478.14,6060,30248.0, 11.21,2026-07-09
SAGILITY, EQ, 09-Jul-2026,40.38,40.38,41.97,40.07,40.73,40.76,41.04,29667213,12175.68,58606,11775236.0, 39.69,2026-07-09
SAHAJSOLAR, SM, 09-Jul-2026,120.85,121.0,121.0,118.0,118.0,119.55,120.01,18800,22.56,33,16000.0, 85.11,2026-07-09
SAHANA, SM, 09-Jul-2026,836.6,836.6,863.95,828.25,832.05,838.55,841.62,15875,133.61,94,7875.0, 49.61,2026-07-09
SAHASRA, ST, 09-Jul-2026,304.0,304.0,305.0,299.0,299.0,299.0,301.63,13200,39.82,32,13200.0, 100.00,2026-07-09
SAHLIBHFI, EQ, 09-Jul-2026,76.96,75.1,79.6,75.1,79.45,79.08,78.48,21586,16.94,68,21301.0, 98.68,2026-07-09
SAHYADRI, EQ, 09-Jul-2026,273.25,281.9,281.9,274.35,279.0,278.25,277.82,1902,5.28,52,1694.0, 89.06,2026-07-09
SAIFL, SM, 09-Jul-2026,5.2,5.2,5.25,5.05,5.05,5.15,5.14,432000,22.22,69,256000.0, 59.26,2026-07-09
SAIL, EQ, 09-Jul-2026,162.02,162.5,167.5,161.72,167.45,165.9,164.55,11731829,19304.53,58943,4358227.0, 37.15,2026-07-09
SAILIFE, EQ, 09-Jul-2026,1208.3,1209.0,1243.0,1200.0,1230.0,1234.4,1233.94,219789,2712.07,21995,111811.0, 50.87,2026-07-09
SAIPARENT, EQ, 09-Jul-2026,586.5,585.0,600.7,578.75,594.1,596.1,591.76,179400,1061.61,8184,101840.0, 56.77,2026-07-09
SAJHOTELS, SM, 09-Jul-2026,28.4,27.9,27.9,24.8,26.45,26.55,26.09,416000,108.54,116,192000.0, 46.15,2026-07-09
SAKAR, EQ, 09-Jul-2026,800.15,804.3,835.0,794.0,807.0,800.35,812.14,87787,712.95,5233,41026.0, 46.73,2026-07-09
SAKHTISUG, EQ, 09-Jul-2026,16.46,16.55,16.72,16.5,16.63,16.62,16.6,59054,9.8,291,33180.0, 56.19,2026-07-09
SAKSOFT, EQ, 09-Jul-2026,167.31,172.0,173.9,167.2,170.4,169.03,170.67,2719202,4640.75,20122,317525.0, 11.68,2026-07-09
SAKUMA, BE, 09-Jul-2026,1.69,1.71,1.74,1.67,1.72,1.7,1.7,652377,11.11,754,, -,2026-07-09
SALASAR, EQ, 09-Jul-2026,6.0,6.06,6.18,6.03,6.14,6.11,6.1,2697467,164.59,2989,1482383.0, 54.95,2026-07-09
SALONA, EQ, 09-Jul-2026,257.45,255.1,259.75,252.15,259.6,257.5,258.39,90,0.23,12,82.0, 91.11,2026-07-09
SALSTEEL, BE, 09-Jul-2026,59.28,58.2,59.0,56.75,57.79,57.39,57.39,76068,43.65,349,, -,2026-07-09
SALZERELEC, EQ, 09-Jul-2026,597.5,597.8,621.5,597.8,606.95,606.05,610.45,60749,370.84,2392,31072.0, 51.15,2026-07-09
SAMAY, ST, 09-Jul-2026,50.0,47.5,47.6,47.5,47.5,47.5,47.51,32000,15.2,8,24000.0, 75.00,2026-07-09
SAMBHAAV, EQ, 09-Jul-2026,6.2,6.44,6.8,6.35,6.63,6.62,6.67,79988,5.33,185,54426.0, 68.04,2026-07-09
SAMBHV, EQ, 09-Jul-2026,114.38,115.52,120.0,115.0,118.99,119.19,117.9,2260206,2664.86,12371,1108046.0, 49.02,2026-07-09
SAMHI, EQ, 09-Jul-2026,167.77,168.46,173.47,168.46,172.95,172.69,171.88,444105,763.33,10070,223355.0, 50.29,2026-07-09
SAMMAANCAP, EQ, 09-Jul-2026,163.14,164.0,166.3,160.1,161.9,161.03,163.32,13627651,22256.42,44790,6607710.0, 48.49,2026-07-09
SAMPANN, EQ, 09-Jul-2026,27.37,27.93,28.04,27.63,28.0,27.91,27.91,10432,2.91,112,6951.0, 66.63,2026-07-09
SANATHAN, EQ, 09-Jul-2026,443.5,450.1,458.0,445.05,446.55,448.75,450.75,24267,109.38,869,15877.0, 65.43,2026-07-09
SANDESH, EQ, 09-Jul-2026,975.0,990.0,991.0,976.0,976.0,977.5,979.57,165,1.62,31,125.0, 75.76,2026-07-09
SANDHAR, EQ, 09-Jul-2026,665.4,670.4,680.4,662.55,663.3,665.95,671.9,106688,716.84,6540,50200.0, 47.05,2026-07-09
SANDUMA, EQ, 09-Jul-2026,199.91,201.7,206.4,201.0,204.26,203.46,204.39,521256,1065.39,8634,222209.0, 42.63,2026-07-09
SANGAMIND, EQ, 09-Jul-2026,548.65,549.0,564.95,549.0,560.5,559.8,559.78,33067,185.1,1801,17721.0, 53.59,2026-07-09
SANGHVIMOV, EQ, 09-Jul-2026,441.25,444.95,473.0,443.55,467.0,464.2,464.92,626577,2913.11,16361,299951.0, 47.87,2026-07-09
SANGINITA, BE, 09-Jul-2026,48.64,49.61,49.61,49.61,49.61,49.61,49.61,209234,103.8,251,, -,2026-07-09
SANOFI, EQ, 09-Jul-2026,3381.6,3399.0,3420.9,3345.5,3349.0,3356.0,3380.28,20484,692.42,7162,12554.0, 61.29,2026-07-09
SANOFICONR, EQ, 09-Jul-2026,4539.3,4530.9,4593.9,4500.3,4508.0,4506.4,4530.07,3949,178.89,1084,2242.0, 56.77,2026-07-09
SANSERA, EQ, 09-Jul-2026,3096.7,3124.9,3200.0,3110.7,3154.4,3142.0,3164.98,261249,8268.47,28157,141172.0, 54.04,2026-07-09
SANSTAR, EQ, 09-Jul-2026,111.62,112.4,115.43,111.81,113.6,113.36,113.82,374038,425.72,6115,156121.0, 41.74,2026-07-09
SANWARIA, BZ, 09-Jul-2026,0.19,0.2,0.2,0.19,0.2,0.19,0.2,609355,1.2,133,, -,2026-07-09
SAPPHIRE, EQ, 09-Jul-2026,183.58,184.0,184.01,180.01,182.0,181.86,181.95,339584,617.86,9467,205149.0, 60.41,2026-07-09
SAPPL, EQ, 09-Jul-2026,278.6,288.4,334.3,288.4,293.0,295.45,317.14,30972,98.23,896,11072.0, 35.75,2026-07-09
SARDAEN, EQ, 09-Jul-2026,491.75,493.8,504.85,490.95,495.0,495.35,497.84,205520,1023.16,9900,81318.0, 39.57,2026-07-09
SAREGAMA, EQ, 09-Jul-2026,447.2,450.0,479.9,450.0,477.0,476.1,473.89,1342190,6360.56,33242,169253.0, 12.61,2026-07-09
SARLAPOLY, EQ, 09-Jul-2026,100.8,101.0,104.4,101.0,102.85,102.63,102.44,54679,56.01,759,37363.0, 68.33,2026-07-09
SARTELE, SM, 09-Jul-2026,133.0,137.0,137.0,131.25,132.6,132.7,133.45,42500,56.72,77,30500.0, 71.76,2026-07-09
SARVESHWAR, BE, 09-Jul-2026,3.55,3.6,3.64,3.54,3.56,3.55,3.57,557275,19.92,1058,, -,2026-07-09
SASKEN, EQ, 09-Jul-2026,1976.8,2000.0,2015.9,1940.0,1982.0,1958.0,1971.48,24261,478.3,3157,11420.0, 47.07,2026-07-09
SATECH, SM, 09-Jul-2026,34.1,35.0,35.0,32.4,33.85,33.85,33.11,20000,6.62,20,12000.0, 60.00,2026-07-09
SATIA, EQ, 09-Jul-2026,53.67,53.0,54.73,53.0,54.09,54.31,54.14,38793,21.0,500,23350.0, 60.19,2026-07-09
SATIN, EQ, 09-Jul-2026,248.85,248.05,256.9,248.05,254.1,255.12,254.07,408887,1038.87,6125,223322.0, 54.62,2026-07-09
SATKARTAR, ST, 09-Jul-2026,138.75,140.65,142.1,134.15,134.15,135.1,137.35,28800,39.56,36,23200.0, 80.56,2026-07-09
SATTVAENGG, SM, 09-Jul-2026,71.95,74.95,76.0,74.45,75.8,75.8,75.3,16000,12.05,9,16000.0, 100.00,2026-07-09
SAURASHCEM, EQ, 09-Jul-2026,53.99,54.01,56.18,53.76,55.0,54.98,54.71,78568,42.99,1351,34026.0, 43.31,2026-07-09
SAVY, SM, 09-Jul-2026,123.2,126.0,126.5,126.0,126.5,126.5,126.33,3600,4.55,3,3600.0, 100.00,2026-07-09
SAWALIYA, SM, 09-Jul-2026,299.0,301.05,318.75,300.0,318.75,313.8,307.13,110400,339.07,135,60000.0, 54.35,2026-07-09
SAYAJIHOTL, EQ, 09-Jul-2026,301.0,313.0,313.0,300.0,300.05,300.05,300.33,78,0.23,5,77.0, 98.72,2026-07-09
SBC, EQ, 09-Jul-2026,42.06,42.19,42.35,42.09,42.18,42.11,42.18,7229117,3048.91,3389,1809381.0, 25.03,2026-07-09
SBCL, EQ, 09-Jul-2026,695.8,702.0,732.5,701.8,722.55,726.7,723.26,232282,1679.99,10692,118641.0, 51.08,2026-07-09
SBFC, EQ, 09-Jul-2026,90.79,90.8,91.41,90.24,90.95,91.03,90.97,977908,889.55,12563,376216.0, 38.47,2026-07-09
SBGLP, EQ, 09-Jul-2026,24.63,24.1,25.0,24.1,24.69,24.85,24.49,67067,16.42,108,57679.0, 86.00,2026-07-09
SBIBPB, EQ, 09-Jul-2026,46.63,46.64,47.67,46.5,47.67,47.5,47.26,65830,31.11,544,33446.0, 50.81,2026-07-09
SBICARD, EQ, 09-Jul-2026,585.1,585.9,591.8,579.9,588.85,588.2,585.85,1016137,5953.03,24672,407702.0, 40.12,2026-07-09
SBIETFCON, EQ, 09-Jul-2026,119.99,121.48,121.48,120.36,120.36,120.39,120.95,4873,5.89,94,4626.0, 94.93,2026-07-09
SBIETFIT, EQ, 09-Jul-2026,306.25,309.92,309.92,299.53,309.1,304.71,302.82,8609,26.07,244,3870.0, 44.95,2026-07-09
SBIETFPB, EQ, 09-Jul-2026,281.39,286.5,289.95,282.44,289.95,283.32,284.07,42048,119.45,143,40251.0, 95.73,2026-07-09
SBIETFQLTY, EQ, 09-Jul-2026,215.77,216.24,216.65,215.43,216.26,216.38,216.27,804,1.74,37,732.0, 91.04,2026-07-09
SBILIFE, EQ, 09-Jul-2026,1789.0,1789.0,1839.0,1784.9,1823.0,1821.7,1815.78,868224,15765.01,38462,480485.0, 55.34,2026-07-09
SBILIQETF, EQ, 09-Jul-2026,1046.51,1046.64,1046.66,1046.64,1046.64,1046.64,1046.66,35829,375.01,39,31524.0, 87.98,2026-07-09
SBIMIDMOM, EQ, 09-Jul-2026,61.38,61.89,62.34,61.71,61.99,62.1,62.07,12868,7.99,101,10248.0, 79.64,2026-07-09
SBIN, EQ, 09-Jul-2026,1016.9,1019.8,1031.7,1019.3,1022.5,1022.1,1025.11,7661699,78540.71,169565,2014082.0, 26.29,2026-07-09
SBINEQWETF, EQ, 09-Jul-2026,32.84,33.66,33.66,32.81,33.12,33.02,33.05,168655,55.75,242,161825.0, 95.95,2026-07-09
SBINMID150, EQ, 09-Jul-2026,22.62,22.25,22.98,22.25,22.96,22.92,22.87,5484,1.25,83,3901.0, 71.13,2026-07-09
SBISILVER, EQ, 09-Jul-2026,215.25,214.73,218.88,213.15,218.63,218.29,216.54,875956,1896.83,7557,315756.0, 36.05,2026-07-09
SBISMLETF, EQ, 09-Jul-2026,17.63,17.88,18.06,17.63,18.06,17.91,17.9,29889,5.35,110,28350.0, 94.85,2026-07-09
SBIVALETF, EQ, 09-Jul-2026,14.69,14.74,14.81,14.65,14.77,14.75,14.73,6804,1.0,51,5402.0, 79.39,2026-07-09
SCANSTL, EQ, 09-Jul-2026,39.86,41.0,43.2,40.84,43.0,42.71,42.43,121380,51.5,1351,65256.0, 53.76,2026-07-09
SCHAEFFLER, EQ, 09-Jul-2026,4101.2,4116.4,4120.0,4030.0,4050.0,4046.1,4075.37,33426,1362.23,8475,19202.0, 57.45,2026-07-09
SCHAND, EQ, 09-Jul-2026,147.3,148.98,149.94,147.03,148.0,148.35,148.64,14381,21.38,1496,8795.0, 61.16,2026-07-09
SCHNEIDER, EQ, 09-Jul-2026,1496.6,1496.6,1527.0,1474.4,1481.0,1485.2,1499.89,265271,3978.78,28474,159569.0, 60.15,2026-07-09
SCI, EQ, 09-Jul-2026,277.6,278.95,282.45,275.65,278.05,277.65,279.16,2581365,7206.02,27482,1008248.0, 39.06,2026-07-09
SCILAL, EQ, 09-Jul-2026,41.66,41.62,42.7,41.62,42.44,42.44,42.37,153583,65.07,1121,80370.0, 52.33,2026-07-09
SCML, SM, 09-Jul-2026,78.9,76.25,78.5,76.25,78.5,77.35,77.38,2000,1.55,2,1000.0, 50.00,2026-07-09
SCODATUBES, EQ, 09-Jul-2026,144.24,145.05,148.9,144.9,148.85,147.7,146.77,149322,219.16,2235,68834.0, 46.10,2026-07-09
SCPL, EQ, 09-Jul-2026,482.05,485.7,495.75,482.85,488.1,492.45,489.76,9720,47.6,559,6166.0, 63.44,2026-07-09
SDBL, EQ, 09-Jul-2026,66.49,66.6,67.73,66.5,67.02,67.08,67.16,403370,270.9,3980,230160.0, 57.06,2026-07-09
SEAMECLTD, EQ, 09-Jul-2026,1446.4,1440.0,1465.9,1433.4,1459.9,1443.6,1448.68,15096,218.69,2034,7288.0, 48.28,2026-07-09
SECMARK, EQ, 09-Jul-2026,125.6,130.0,130.0,125.0,125.0,125.22,125.49,541,0.68,20,524.0, 96.86,2026-07-09
SECURKLOUD, EQ, 09-Jul-2026,18.09,18.99,18.99,17.79,18.9,18.64,18.65,14025,2.62,130,9914.0, 70.69,2026-07-09
SEDEMAC, EQ, 09-Jul-2026,2705.6,2733.0,2828.4,2732.9,2790.1,2803.6,2802.03,93094,2608.52,13390,42056.0, 45.18,2026-07-09
SEIL, EQ, 09-Jul-2026,221.96,218.5,228.0,215.6,220.0,220.75,223.91,325033,727.79,8895,123688.0, 38.05,2026-07-09
SEJALLTD, BE, 09-Jul-2026,709.3,740.9,740.9,675.05,718.0,720.95,712.82,4202,29.95,149,, -,2026-07-09
SEL, ST, 09-Jul-2026,197.9,196.0,207.75,196.0,207.75,207.75,204.14,6400,13.07,20,6400.0, 100.00,2026-07-09
SELECTIPO, EQ, 09-Jul-2026,45.18,45.26,46.97,45.26,46.4,46.39,46.29,65885,30.49,114,62349.0, 94.63,2026-07-09
SELLOWRAP, SM, 09-Jul-2026,72.9,86.85,86.85,72.8,72.8,72.8,77.55,4800,3.72,3,4800.0, 100.00,2026-07-09
SELMC, EQ, 09-Jul-2026,28.31,28.31,29.23,28.1,28.3,28.4,28.41,3878,1.1,81,2955.0, 76.20,2026-07-09
SEMAC, BE, 09-Jul-2026,325.0,328.25,328.25,327.95,327.95,327.95,327.96,109,0.36,4,, -,2026-07-09
SENCO, EQ, 09-Jul-2026,331.75,334.4,360.95,333.0,348.5,348.65,352.03,7323847,25781.95,112150,1479927.0, 20.21,2026-07-09
SENORES, EQ, 09-Jul-2026,1409.8,1425.0,1487.9,1405.5,1420.0,1419.7,1445.96,498777,7212.14,36951,196658.0, 39.43,2026-07-09
SENSEXADD, EQ, 09-Jul-2026,78.75,80.33,80.33,78.93,78.93,79.11,79.29,2041,1.62,39,1384.0, 67.81,2026-07-09
SENSEXAXIS, EQ, 09-Jul-2026,79.29,80.18,80.18,79.19,79.36,79.25,79.5,3913,3.11,67,2717.0, 69.44,2026-07-09
SENSEXBETA, EQ, 09-Jul-2026,847.67,852.5,855.33,846.56,847.66,848.07,851.75,1853,15.78,161,896.0, 48.35,2026-07-09
SENSEXETF, EQ, 09-Jul-2026,78.9,78.51,79.58,77.62,79.03,79.09,78.63,105012,82.57,277,74933.0, 71.36,2026-07-09
SENSEXIETF, EQ, 09-Jul-2026,878.41,882.8,887.27,878.9,884.99,881.55,882.68,9102,80.34,408,5446.0, 59.83,2026-07-09
SEPC, EQ, 09-Jul-2026,6.48,6.51,6.54,6.38,6.47,6.45,6.47,15492578,1002.27,9009,5269966.0, 34.02,2026-07-09
SERVICE, SM, 09-Jul-2026,54.8,54.0,54.9,54.0,54.85,54.6,54.55,22000,12.0,11,6000.0, 27.27,2026-07-09
SERVOTECH, EQ, 09-Jul-2026,95.88,96.35,101.73,96.35,99.44,99.61,99.25,860300,853.88,8244,284040.0, 33.02,2026-07-09
SESHAPAPER, EQ, 09-Jul-2026,221.85,221.3,232.59,219.59,225.4,226.04,225.57,165058,372.33,2909,81688.0, 49.49,2026-07-09
SETCO, BE, 09-Jul-2026,17.5,17.1,18.37,16.82,18.37,18.37,17.89,200471,35.87,519,, -,2026-07-09
SETF10GILT, EQ, 09-Jul-2026,265.16,265.16,266.37,264.21,265.86,265.86,265.43,1505,3.99,48,1019.0, 67.71,2026-07-09
SETFGOLD, EQ, 09-Jul-2026,120.73,121.5,122.35,120.71,122.1,122.11,121.8,3672195,4472.85,10501,1895361.0, 51.61,2026-07-09
SETFNIF50, EQ, 09-Jul-2026,257.1,258.09,259.2,256.65,258.22,257.9,258.28,510456,1318.39,5271,241998.0, 47.41,2026-07-09
SETFNIFBK, EQ, 09-Jul-2026,583.37,585.99,590.65,584.59,588.65,587.68,587.73,509740,2995.91,1670,466143.0, 91.45,2026-07-09
SETFNN50, EQ, 09-Jul-2026,757.95,764.3,767.68,758.0,767.41,765.83,764.11,44006,336.25,954,34639.0, 78.71,2026-07-09
SETL, EQ, 09-Jul-2026,265.6,272.95,278.8,266.45,276.5,276.9,275.41,881920,2428.89,9602,486115.0, 55.12,2026-07-09
SETUINFRA, BZ, 09-Jul-2026,0.45,0.45,0.45,0.43,0.44,0.44,0.44,2714,0.01,14,, -,2026-07-09
SEYAIND, BE, 09-Jul-2026,12.99,12.99,13.23,12.76,13.23,13.23,13.07,3228,0.42,18,, -,2026-07-09
SFL, EQ, 09-Jul-2026,740.4,752.35,773.5,746.9,751.1,752.5,758.25,191300,1450.54,11480,92291.0, 48.24,2026-07-09
SFML, SM, 09-Jul-2026,22.65,24.4,24.4,24.4,24.4,24.4,24.4,3200,0.78,2,3200.0, 100.00,2026-07-09
SGBAPR28I, GB, 09-Jul-2026,14202.23,14389.0,14389.0,14216.0,14340.0,14344.65,14290.01,189,27.01,46,113.0, 59.79,2026-07-09
SGBAUG27, GB, 09-Jul-2026,14198.68,14445.0,14487.9,14255.01,14487.9,14397.7,14390.03,39,5.61,15,32.0, 82.05,2026-07-09
SGBAUG28V, GB, 09-Jul-2026,14229.15,14257.0,14380.0,14201.0,14360.0,14352.67,14296.52,716,102.36,122,537.0, 75.00,2026-07-09
SGBAUG29V, GB, 09-Jul-2026,14285.78,14301.0,14420.0,14290.0,14420.0,14416.24,14395.76,74,10.65,14,73.0, 98.65,2026-07-09
SGBAUG30, GB, 09-Jul-2026,14425.0,14500.0,14593.96,14300.03,14300.03,14311.15,14386.41,114,16.4,22,96.0, 84.21,2026-07-09
SGBD29VIII, GB, 09-Jul-2026,14237.63,14240.0,14400.0,14237.63,14390.0,14393.33,14327.86,68,9.74,20,60.0, 88.24,2026-07-09
SGBDC27VII, GB, 09-Jul-2026,14379.0,14379.99,14399.99,14086.01,14399.99,14366.66,14324.33,6,0.86,5,3.0, 50.00,2026-07-09
SGBDE30III, GB, 09-Jul-2026,14321.12,14222.01,14473.99,14222.01,14378.0,14430.13,14401.57,32,4.61,17,22.0, 68.75,2026-07-09
SGBDE31III, GB, 09-Jul-2026,14581.39,14579.0,14739.98,14523.31,14669.97,14688.44,14660.97,1161,170.21,235,677.0, 58.31,2026-07-09
SGBDEC26, GB, 09-Jul-2026,14079.5,14300.0,14398.0,14300.0,14300.0,14300.0,14308.91,11,1.57,5,10.0, 90.91,2026-07-09
SGBFEB27, GB, 09-Jul-2026,14390.0,14300.0,14380.0,14050.01,14380.0,14380.0,14251.64,11,1.57,10,5.0, 45.45,2026-07-09
SGBFEB29XI, GB, 09-Jul-2026,14315.0,14320.0,14389.99,14168.68,14315.0,14315.05,14345.03,103,14.78,21,99.0, 96.12,2026-07-09
SGBFEB32IV, GB, 09-Jul-2026,14726.95,14745.0,14885.0,14626.95,14769.85,14756.44,14743.33,1930,284.55,339,1101.0, 57.05,2026-07-09
SGBJ28VIII, GB, 09-Jul-2026,14251.0,14360.0,14360.0,14360.0,14360.0,14360.0,14360.0,10,1.44,1,10.0, 100.00,2026-07-09
SGBJAN27, GB, 09-Jul-2026,14252.01,14252.01,14252.01,14252.01,14252.01,14252.01,14252.01,1,0.14,1,1.0, 100.00,2026-07-09
SGBJAN29IX, GB, 09-Jul-2026,14192.26,14199.9,14345.0,14190.0,14300.0,14300.0,14258.05,313,44.63,54,283.0, 90.42,2026-07-09
SGBJAN29X, GB, 09-Jul-2026,14231.41,14230.0,14388.89,14230.0,14310.5,14310.5,14300.25,20,2.86,10,13.0, 65.00,2026-07-09
SGBJAN30IX, GB, 09-Jul-2026,14228.6,14230.0,14400.01,14161.0,14342.0,14342.0,14286.54,104,14.86,22,67.0, 64.42,2026-07-09
SGBJU29III, GB, 09-Jul-2026,14159.85,14235.0,14355.0,14235.0,14355.0,14354.59,14305.57,37,5.29,15,26.0, 70.27,2026-07-09
SGBJUL27, GB, 09-Jul-2026,14230.0,14232.0,14232.0,14232.0,14232.0,14232.0,14232.0,1,0.14,1,1.0, 100.00,2026-07-09
SGBJUL28IV, GB, 09-Jul-2026,14247.51,14345.0,14395.0,14200.0,14305.3,14305.3,14278.77,88,12.57,24,75.0, 85.23,2026-07-09
SGBJUL29IV, GB, 09-Jul-2026,14267.46,14250.0,14398.99,14250.0,14321.2,14321.2,14288.17,37,5.29,15,30.0, 81.08,2026-07-09
SGBJUN28, GB, 09-Jul-2026,14286.55,14101.1,14386.99,14101.1,14285.0,14292.91,14241.91,156,22.22,37,108.0, 69.23,2026-07-09
SGBJUN29II, GB, 09-Jul-2026,14202.05,14200.0,14350.0,14200.0,14350.0,14325.0,14260.05,74,10.55,19,67.0, 90.54,2026-07-09
SGBJUN30, GB, 09-Jul-2026,14312.38,14211.0,14490.0,14211.0,14450.0,14458.75,14388.86,29,4.17,9,16.0, 55.17,2026-07-09
SGBJUN31I, GB, 09-Jul-2026,14505.0,14311.0,14633.04,14311.0,14609.99,14587.36,14554.84,291,42.35,79,190.0, 65.29,2026-07-09
SGBMAR28X, GB, 09-Jul-2026,14212.01,14299.99,14396.48,14299.99,14300.0,14300.0,14303.42,30,4.29,7,26.0, 86.67,2026-07-09
SGBMAR30X, GB, 09-Jul-2026,14212.94,14241.0,14550.0,14241.0,14550.0,14429.91,14340.07,160,22.94,42,142.0, 88.75,2026-07-09
SGBMAR31IV, GB, 09-Jul-2026,14506.84,14510.0,14679.99,14449.0,14570.01,14624.16,14561.34,91,13.25,21,76.0, 83.52,2026-07-09
SGBMAY28, GB, 09-Jul-2026,14141.24,13950.5,14349.99,13906.0,14301.01,14319.62,14276.86,281,40.12,51,251.0, 89.32,2026-07-09
SGBMAY29I, GB, 09-Jul-2026,14130.31,14132.0,14364.97,14132.0,14354.0,14311.03,14284.02,140,20.0,57,80.0, 57.14,2026-07-09
SGBMR29XII, GB, 09-Jul-2026,14180.1,14250.0,14395.0,14250.0,14331.06,14331.0,14326.6,176,25.21,18,159.0, 90.34,2026-07-09
SGBN28VIII, GB, 09-Jul-2026,14184.01,14205.0,14350.0,14160.0,14350.0,14350.0,14258.51,119,16.97,29,93.0, 78.15,2026-07-09
SGBNOV26, GB, 09-Jul-2026,14499.0,14400.0,14400.0,14400.0,14400.0,14400.0,14400.0,3,0.43,3,3.0, 100.00,2026-07-09
SGBNV29VII, GB, 09-Jul-2026,14191.12,14200.0,14369.49,14125.0,14369.49,14369.49,14276.26,108,15.42,20,99.0, 91.67,2026-07-09
SGBOC28VII, GB, 09-Jul-2026,14300.8,13943.28,14364.98,13943.28,14300.01,14300.46,14184.96,98,13.9,24,51.0, 52.04,2026-07-09
SGBOCT27, GB, 09-Jul-2026,14330.0,14330.0,14330.0,14274.99,14275.0,14275.0,14286.66,9,1.29,4,9.0, 100.00,2026-07-09
SGBOCT27VI, GB, 09-Jul-2026,14181.3,14160.0,14322.11,14160.0,14320.0,14320.9,14218.14,37,5.26,20,24.0, 64.86,2026-07-09
SGBSEP28VI, GB, 09-Jul-2026,14180.0,14274.0,14325.0,14130.0,14300.0,14301.72,14306.13,139,19.89,24,129.0, 92.81,2026-07-09
SGBSEP29VI, GB, 09-Jul-2026,14222.24,14220.0,14443.0,14151.0,14312.0,14326.83,14282.22,41,5.86,18,22.0, 53.66,2026-07-09
SGBSEP31II, GB, 09-Jul-2026,14519.5,14699.0,14699.0,14500.02,14571.0,14589.13,14588.07,794,115.83,125,415.0, 52.27,2026-07-09
SGFIN, EQ, 09-Jul-2026,669.1,670.5,690.0,645.6,658.0,656.3,663.53,405542,2690.9,15192,214383.0, 52.86,2026-07-09
SGIL, EQ, 09-Jul-2026,580.0,581.2,595.6,580.0,590.0,593.9,587.09,11808,69.32,407,7105.0, 60.17,2026-07-09
SGL, EQ, 09-Jul-2026,9.7,9.78,10.1,9.78,9.79,9.78,9.83,5011,0.49,35,4657.0, 92.94,2026-07-09
SGMART, EQ, 09-Jul-2026,669.0,681.6,688.0,656.65,660.2,659.8,671.03,597288,4008.0,19910,154687.0, 25.90,2026-07-09
SHADOWFAX, EQ, 09-Jul-2026,218.86,221.63,228.29,218.33,219.0,219.97,222.77,1239469,2761.12,34150,666760.0, 53.79,2026-07-09
SHAH, EQ, 09-Jul-2026,4.61,4.64,4.67,4.55,4.56,4.58,4.6,6532999,300.37,1101,6070553.0, 92.92,2026-07-09
SHAHALLOYS, EQ, 09-Jul-2026,71.93,72.25,75.4,71.01,74.95,74.91,73.88,14048,10.38,90,12803.0, 91.14,2026-07-09
SHAILY, EQ, 09-Jul-2026,2793.9,2818.0,2887.6,2627.9,2715.1,2715.4,2717.54,701993,19076.95,67183,339383.0, 48.35,2026-07-09
SHAKTIPUMP, EQ, 09-Jul-2026,566.65,570.0,579.0,566.0,574.9,572.95,573.56,584100,3350.18,13673,172753.0, 29.58,2026-07-09
SHALBY, EQ, 09-Jul-2026,168.25,170.99,172.3,168.11,169.12,169.58,170.08,59078,100.48,1634,33184.0, 56.17,2026-07-09
SHALPAINTS, EQ, 09-Jul-2026,50.91,52.0,52.0,50.4,51.0,50.64,51.02,19646,10.02,346,12213.0, 62.17,2026-07-09
SHANKARA, BE, 09-Jul-2026,128.48,128.47,131.0,128.47,130.0,130.69,130.2,23004,29.95,154,, -,2026-07-09
SHANTI, EQ, 09-Jul-2026,6.78,6.79,6.85,6.37,6.59,6.49,6.5,28177,1.83,70,26030.0, 92.38,2026-07-09
SHANTIGEAR, EQ, 09-Jul-2026,440.2,442.0,450.5,437.5,447.0,442.0,440.83,16673,73.5,1035,10913.0, 65.45,2026-07-09
SHANTIGOLD, EQ, 09-Jul-2026,219.39,220.9,225.74,213.1,214.05,214.77,220.54,2946513,6498.29,23492,959797.0, 32.57,2026-07-09
SHARDACROP, EQ, 09-Jul-2026,884.0,885.0,901.95,885.0,898.0,892.55,894.54,83605,747.88,6528,40560.0, 48.51,2026-07-09
SHARDAMOTR, EQ, 09-Jul-2026,859.65,861.65,884.8,859.2,873.5,871.35,872.96,23134,201.95,3092,11110.0, 48.02,2026-07-09
SHARDUL, EQ, 09-Jul-2026,27.11,28.1,28.49,27.2,28.0,28.0,27.77,1901,0.53,28,1804.0, 94.90,2026-07-09
SHAREINDIA, EQ, 09-Jul-2026,177.72,173.4,185.48,169.52,178.55,179.03,179.7,24628676,44257.69,188092,1698681.0, 6.90,2026-07-09
SHARIABEES, EQ, 09-Jul-2026,449.48,453.0,458.37,446.11,451.0,448.98,449.18,3463,15.56,342,2119.0, 61.19,2026-07-09
SHBAJRG, EQ, 09-Jul-2026,192.96,198.99,200.01,194.6,196.9,195.65,198.75,3285,6.53,96,2886.0, 87.85,2026-07-09
SHEEL, ST, 09-Jul-2026,68.75,71.0,72.15,70.0,70.0,70.0,71.68,14000,10.04,5,12000.0, 85.71,2026-07-09
SHEETAL, SM, 09-Jul-2026,296.7,295.95,295.95,290.5,292.9,291.7,293.02,3000,8.79,6,2000.0, 66.67,2026-07-09
SHEKHAWATI, BE, 09-Jul-2026,14.36,14.65,14.65,13.65,14.34,14.34,13.96,9802,1.37,64,, -,2026-07-09
SHEMAROO, BE, 09-Jul-2026,120.07,117.89,124.79,115.3,122.42,122.69,121.89,7204,8.78,62,, -,2026-07-09
SHERA, ST, 09-Jul-2026,145.55,148.0,152.8,145.05,152.0,152.0,150.35,11000,16.54,10,10000.0, 90.91,2026-07-09
SHETHJI, ST, 09-Jul-2026,150.0,150.1,150.5,150.1,150.5,150.5,150.3,2000,3.01,2,2000.0, 100.00,2026-07-09
SHIGAN, SM, 09-Jul-2026,59.2,59.95,59.95,59.95,59.95,59.95,59.95,3000,1.8,2,3000.0, 100.00,2026-07-09
SHILCTECH, EQ, 09-Jul-2026,4247.0,4250.0,4536.1,4250.0,4433.0,4453.4,4454.01,40775,1816.12,8202,17220.0, 42.23,2026-07-09
SHILPAMED, EQ, 09-Jul-2026,595.35,599.0,632.8,595.4,624.8,622.3,622.71,1340047,8344.65,43291,565578.0, 42.21,2026-07-09
SHINDL, EQ, 09-Jul-2026,146.95,148.0,153.22,147.77,150.0,151.76,150.45,118499,178.28,453,18536.0, 15.64,2026-07-09
SHIVALIK, BE, 09-Jul-2026,219.36,220.0,227.0,215.55,226.0,223.67,223.12,15631,34.88,239,, -,2026-07-09
SHIVAMAUTO, BE, 09-Jul-2026,20.03,19.63,19.63,19.63,19.63,19.63,19.63,45344,8.9,34,, -,2026-07-09
SHIVAMILLS, BE, 09-Jul-2026,63.7,60.53,63.33,60.52,60.7,60.78,60.54,541,0.33,22,, -,2026-07-09
SHIVATEX, EQ, 09-Jul-2026,153.03,152.0,162.51,148.0,162.0,158.37,153.25,4016,6.15,108,2888.0, 71.91,2026-07-09
SHIVAUM, EQ, 09-Jul-2026,425.1,427.25,436.9,425.0,425.0,427.15,429.4,157,0.67,23,112.0, 71.34,2026-07-09
SHK, EQ, 09-Jul-2026,129.0,130.93,133.39,128.5,130.35,130.28,130.89,592358,775.36,9442,304846.0, 51.46,2026-07-09
SHKSIL, SM, 09-Jul-2026,35.0,36.0,36.0,35.0,35.0,35.0,35.2,10000,3.52,2,10000.0, 100.00,2026-07-09
SHOPERSTOP, EQ, 09-Jul-2026,346.05,346.55,350.45,335.2,335.3,337.5,341.67,25303,86.45,2405,12354.0, 48.82,2026-07-09
SHRADHA, EQ, 09-Jul-2026,32.41,32.41,32.99,32.0,32.65,32.54,32.37,14045,4.55,61,12181.0, 86.73,2026-07-09
SHREDIGCEM, EQ, 09-Jul-2026,74.24,74.01,74.97,73.68,73.72,73.93,74.32,60435,44.92,602,35337.0, 58.47,2026-07-09
SHREECEM, EQ, 09-Jul-2026,25910.0,25910.0,26575.0,25905.0,26365.0,26295.0,26328.34,12300,3238.39,6298,5376.0, 43.71,2026-07-09
SHREEDHAR, ST, 09-Jul-2026,62.35,65.35,65.45,65.25,65.45,65.45,65.4,28000,18.31,12,28000.0, 100.00,2026-07-09
SHREEJISPG, EQ, 09-Jul-2026,501.1,504.8,527.8,503.0,524.25,523.4,514.38,2288231,11770.18,21026,775354.0, 33.88,2026-07-09
SHREEKARNI, SM, 09-Jul-2026,418.0,410.25,421.8,410.0,421.8,421.8,413.21,1500,6.2,6,1200.0, 80.00,2026-07-09
SHREEOSFM, SM, 09-Jul-2026,61.0,61.0,61.0,59.0,59.0,59.0,59.7,4000,2.39,4,3000.0, 75.00,2026-07-09
SHREEPUSHK, EQ, 09-Jul-2026,424.65,428.95,438.0,413.0,430.2,431.95,429.99,155520,668.71,4546,74996.0, 48.22,2026-07-09
SHREERAMA, EQ, 09-Jul-2026,42.49,43.1,43.94,42.51,42.66,43.08,43.31,47640,20.63,801,28417.0, 59.65,2026-07-09
SHREMINVIT, IV, 09-Jul-2026,102.0,102.0,102.0,102.0,102.0,102.0,102.0,25000,25.5,1,25000.0, 100.00,2026-07-09
SHRENIK, BZ, 09-Jul-2026,0.37,0.36,0.38,0.36,0.36,0.36,0.36,416826,1.52,177,, -,2026-07-09
SHREYANIND, EQ, 09-Jul-2026,138.14,139.99,140.38,136.0,139.49,138.4,137.72,1844,2.54,68,1692.0, 91.76,2026-07-09
SHRIAHIMSA, ST, 09-Jul-2026,399.5,409.9,409.9,390.0,405.0,405.0,400.37,21600,86.48,27,20400.0, 94.44,2026-07-09
SHRIKRISH, EQ, 09-Jul-2026,41.98,40.2,42.49,40.15,40.15,40.17,40.34,157,0.06,15,130.0, 82.80,2026-07-09
SHRINGARMS, EQ, 09-Jul-2026,224.08,226.84,233.19,226.81,229.0,229.17,230.07,1079023,2482.48,7243,327468.0, 30.35,2026-07-09
SHRIPISTON, EQ, 09-Jul-2026,4116.8,4148.7,4274.1,4112.7,4238.7,4246.3,4217.18,30476,1285.23,9789,13804.0, 45.29,2026-07-09
SHRIRAMFIN, EQ, 09-Jul-2026,1014.4,1019.4,1039.8,1015.0,1033.9,1031.7,1028.57,3984489,40983.3,89604,2347632.0, 58.92,2026-07-09
SHRIRAMPPS, EQ, 09-Jul-2026,86.94,87.63,89.21,87.22,88.5,88.09,88.3,401578,354.61,3378,197982.0, 49.30,2026-07-09
SHUBHLAXMI, SM, 09-Jul-2026,25.5,24.55,26.0,24.3,24.3,25.45,25.06,15000,3.76,14,10000.0, 66.67,2026-07-09
SHYAMCENT, BE, 09-Jul-2026,5.72,5.7,5.8,5.66,5.72,5.75,5.76,63684,3.67,125,, -,2026-07-09
SHYAMDHANI, ST, 09-Jul-2026,63.9,61.55,62.0,61.5,62.0,62.0,61.68,6000,3.7,3,6000.0, 100.00,2026-07-09
SHYAMMETL, EQ, 09-Jul-2026,928.35,931.35,951.35,929.2,951.0,948.4,941.79,310719,2926.31,7201,139461.0, 44.88,2026-07-09
SHYAMTEL, BE, 09-Jul-2026,17.54,17.54,17.54,17.5,17.5,17.5,17.53,240,0.04,3,, -,2026-07-09
SICAGEN, EQ, 09-Jul-2026,52.08,52.1,53.7,51.86,53.24,52.49,52.95,8118,4.3,39,5869.0, 72.30,2026-07-09
SICALLOG, EQ, 09-Jul-2026,89.98,86.5,92.99,86.5,90.7,89.84,89.86,11334,10.18,226,7936.0, 70.02,2026-07-09
SIDDHICOTS, SM, 09-Jul-2026,28.75,27.3,28.75,27.3,28.75,28.75,28.03,2400,0.67,2,2400.0, 100.00,2026-07-09
SIDDHIKA, SM, 09-Jul-2026,206.25,216.4,216.55,216.35,216.55,216.55,216.49,3500,7.58,5,3500.0, 100.00,2026-07-09
SIEMENS, EQ, 09-Jul-2026,3446.1,3429.0,3484.6,3426.0,3475.0,3476.4,3453.96,283931,9806.88,19895,129043.0, 45.45,2026-07-09
SIGACHI, BE, 09-Jul-2026,21.8,21.75,22.23,21.75,22.23,22.23,22.04,312564,68.87,421,, -,2026-07-09
SIGIND, EQ, 09-Jul-2026,46.2,46.2,47.0,45.63,46.25,46.26,46.29,5508,2.55,59,4569.0, 82.95,2026-07-09
SIGMA, EQ, 09-Jul-2026,38.36,38.0,39.67,38.0,38.66,38.54,38.6,90005,34.74,805,35713.0, 39.68,2026-07-09
SIGMAADV, EQ, 09-Jul-2026,531.5,537.0,558.05,537.0,558.05,558.05,554.14,231921,1285.17,2760,174259.0, 75.14,2026-07-09
SIGNATURE, EQ, 09-Jul-2026,769.55,770.1,823.0,765.0,807.0,808.75,809.57,1051196,8510.12,29452,169528.0, 16.13,2026-07-09
SIGNORIA, ST, 09-Jul-2026,129.45,135.0,135.9,135.0,135.9,135.9,135.68,4000,5.43,4,4000.0, 100.00,2026-07-09
SIGNPOST, EQ, 09-Jul-2026,310.15,314.4,324.5,310.0,320.0,320.1,319.12,450864,1438.8,10500,193491.0, 42.92,2026-07-09
SIKA, EQ, 09-Jul-2026,1184.0,1189.1,1227.6,1189.1,1217.4,1213.2,1211.06,71994,871.89,4810,28162.0, 39.12,2026-07-09
SIKKO, EQ, 09-Jul-2026,3.77,3.79,4.18,3.79,4.12,4.11,4.08,1040902,42.43,1031,686977.0, 66.00,2026-07-09
SIL, EQ, 09-Jul-2026,16.1,15.61,16.29,15.61,16.25,16.05,16.07,20870,3.35,148,20200.0, 96.79,2026-07-09
SILGO, EQ, 09-Jul-2026,74.93,75.4,76.8,74.25,74.56,74.85,75.57,147198,111.24,847,26783.0, 18.20,2026-07-09
SILINV, EQ, 09-Jul-2026,415.0,415.0,424.7,415.0,423.0,421.2,421.36,774,3.26,73,481.0, 62.14,2026-07-09
SILKY, SM, 09-Jul-2026,107.9,107.9,108.95,107.9,108.95,108.4,108.43,1600,1.73,2,1600.0, 100.00,2026-07-09
SILLYMONKS, EQ, 09-Jul-2026,16.27,16.39,17.22,16.12,16.25,16.25,16.36,7245,1.19,95,4526.0, 62.47,2026-07-09
SILVER, EQ, 09-Jul-2026,219.53,218.81,222.96,217.16,222.4,222.3,220.48,841397,1855.15,8364,268347.0, 31.89,2026-07-09
SILVER1, EQ, 09-Jul-2026,21.31,21.11,21.67,20.48,21.63,21.59,21.4,3790849,811.41,4300,839784.0, 22.15,2026-07-09
SILVER360, EQ, 09-Jul-2026,216.24,213.0,220.15,211.14,218.8,218.98,217.9,14374,31.32,291,7573.0, 52.69,2026-07-09
SILVERADD, EQ, 09-Jul-2026,211.71,209.5,215.23,209.44,214.75,214.64,212.97,520742,1109.03,3723,218349.0, 41.93,2026-07-09
SILVERAG, EQ, 09-Jul-2026,213.61,212.59,217.5,211.68,215.66,216.75,215.3,326022,701.93,3237,100527.0, 30.83,2026-07-09
SILVERAXIS, EQ, 09-Jul-2026,218.73,217.51,222.02,216.36,221.0,221.32,219.65,140790,309.25,1493,67131.0, 47.68,2026-07-09
SILVERBEES, EQ, 09-Jul-2026,210.15,209.48,213.65,207.64,212.92,212.95,210.88,26309703,55482.69,76287,9042659.0, 34.37,2026-07-09
SILVERBETA, EQ, 09-Jul-2026,212.24,209.75,217.5,209.41,215.0,215.14,214.49,758591,1627.08,5351,483990.0, 63.80,2026-07-09
SILVERBND, EQ, 09-Jul-2026,220.38,220.38,223.93,218.18,223.26,223.6,222.09,22745,50.51,296,12319.0, 54.16,2026-07-09
SILVERCASE, EQ, 09-Jul-2026,22.25,22.7,22.7,21.99,22.56,22.55,22.39,12334753,2761.83,8037,2508729.0, 20.34,2026-07-09
SILVERIETF, EQ, 09-Jul-2026,219.45,218.44,222.95,216.0,222.2,222.25,220.84,2695523,5952.87,18608,1149659.0, 42.65,2026-07-09
SILVERTUC, EQ, 09-Jul-2026,187.9,189.0,194.0,185.25,186.9,187.47,189.64,557624,1057.46,6937,244300.0, 43.81,2026-07-09
SIMBHALS, BZ, 09-Jul-2026,6.7,6.86,6.94,6.58,6.86,6.86,6.78,5422,0.37,40,, -,2026-07-09
SIMCA, SM, 09-Jul-2026,182.25,182.25,189.75,182.15,187.5,186.3,185.09,88800,164.36,121,74400.0, 83.78,2026-07-09
SIMPLEXINF, EQ, 09-Jul-2026,255.6,252.7,272.0,252.7,270.0,267.75,264.54,28606,75.67,617,17451.0, 61.00,2026-07-09
SINCLAIR, EQ, 09-Jul-2026,73.45,74.93,75.18,74.05,75.0,74.89,74.58,6372,4.75,243,5032.0, 78.97,2026-07-09
SINDHUTRAD, EQ, 09-Jul-2026,25.22,25.15,25.8,25.11,25.51,25.5,25.5,5532457,1410.72,2489,5225801.0, 94.46,2026-07-09
SINGERIND, EQ, 09-Jul-2026,68.07,68.7,69.69,67.4,67.94,67.64,68.19,31930,21.77,857,23170.0, 72.56,2026-07-09
SINTERCOM, EQ, 09-Jul-2026,74.28,73.53,76.01,73.53,75.0,75.99,75.49,961,0.73,17,910.0, 94.69,2026-07-09
SIRCA, EQ, 09-Jul-2026,397.2,400.5,402.75,391.0,391.7,393.4,396.46,161230,639.21,3904,79660.0, 49.41,2026-07-09
SIS, EQ, 09-Jul-2026,430.05,431.0,439.9,429.85,439.5,437.8,435.77,86768,378.11,3709,47998.0, 55.32,2026-07-09
SITINET, BZ, 09-Jul-2026,0.33,0.33,0.34,0.33,0.33,0.33,0.33,571819,1.91,146,, -,2026-07-09
SIYSIL, EQ, 09-Jul-2026,611.55,611.95,641.45,611.95,638.2,635.0,630.23,69429,437.57,5446,32198.0, 46.38,2026-07-09
SJLOGISTIC, SM, 09-Jul-2026,331.0,335.15,342.0,335.15,339.05,339.2,339.64,40500,137.55,37,37750.0, 93.21,2026-07-09
SJS, EQ, 09-Jul-2026,2216.5,2216.5,2288.9,2173.5,2195.0,2197.8,2215.84,194439,4308.45,23803,121396.0, 62.43,2026-07-09
SJVN, EQ, 09-Jul-2026,70.14,70.15,70.88,69.87,70.2,70.07,70.36,1314603,924.93,12194,622301.0, 47.34,2026-07-09
SKFINDIA, EQ, 09-Jul-2026,1587.3,1600.0,1610.0,1546.9,1550.0,1552.4,1570.24,60098,943.69,5964,39762.0, 66.16,2026-07-09
SKFINDUS, EQ, 09-Jul-2026,2896.7,2899.9,3041.0,2821.0,2828.0,2836.6,2940.45,85455,2512.76,14509,38677.0, 45.26,2026-07-09
SKIPPER, EQ, 09-Jul-2026,532.6,534.0,559.0,534.0,548.0,548.05,552.41,606192,3348.67,16701,261536.0, 43.14,2026-07-09
SKMEGGPROD, EQ, 09-Jul-2026,296.25,297.75,321.75,293.6,316.4,316.15,314.02,833871,2618.53,18876,371836.0, 44.59,2026-07-09
SKP, SM, 09-Jul-2026,150.05,150.0,152.95,149.15,152.8,152.8,151.1,5000,7.56,9,3500.0, 70.00,2026-07-09
SKYGOLD, EQ, 09-Jul-2026,585.5,595.0,629.7,592.85,619.95,623.3,618.81,3184727,19707.35,54702,1305704.0, 41.00,2026-07-09
SLONE, ST, 09-Jul-2026,116.45,119.7,122.25,119.7,122.25,122.25,121.54,3200,3.89,7,3200.0, 100.00,2026-07-09
SMALL250, EQ, 09-Jul-2026,17.64,17.99,17.99,17.7,17.9,17.89,17.88,479454,85.72,691,402276.0, 83.90,2026-07-09
SMALLADD, EQ, 09-Jul-2026,17.7,17.88,18.01,17.88,18.0,17.98,17.95,30535,5.48,65,22076.0, 72.30,2026-07-09
SMALLCAP, EQ, 09-Jul-2026,46.0,46.05,46.99,46.01,46.97,46.91,46.75,2530791,1183.15,3127,1798410.0, 71.06,2026-07-09
SMALLGROWW, EQ, 09-Jul-2026,46.08,46.58,47.05,46.08,46.69,46.78,46.75,10560,4.94,113,7528.0, 71.29,2026-07-09
SMALLIETF, EQ, 09-Jul-2026,17.55,17.82,18.0,17.82,18.0,17.9,17.9,22390,4.01,75,15594.0, 69.65,2026-07-09
SMARTEN, ST, 09-Jul-2026,60.0,62.0,62.9,61.0,62.9,62.4,62.36,14400,8.98,8,14400.0, 100.00,2026-07-09
SMARTLINK, BE, 09-Jul-2026,176.63,173.0,183.0,173.0,182.0,179.92,177.86,25427,45.22,107,, -,2026-07-09
SMARTWORKS, EQ, 09-Jul-2026,452.75,453.9,464.8,450.4,455.0,458.0,456.64,37913,173.13,4411,21507.0, 56.73,2026-07-09
SMCGLOBAL, EQ, 09-Jul-2026,68.8,68.97,70.86,68.67,70.7,70.46,70.15,166834,117.03,1270,109137.0, 65.42,2026-07-09
SML100CASE, EQ, 09-Jul-2026,10.65,10.97,10.97,10.51,10.88,10.84,10.83,1545610,167.39,1203,1037704.0, 67.14,2026-07-09
SMLMAH, EQ, 09-Jul-2026,3876.4,3875.0,4124.5,3870.0,4117.0,4080.4,4024.23,98284,3955.17,15425,65964.0, 67.12,2026-07-09
SMLT, EQ, 09-Jul-2026,67.39,68.9,69.65,67.12,67.5,67.52,68.12,3755,2.56,96,2537.0, 67.56,2026-07-09
SMSPHARMA, EQ, 09-Jul-2026,403.25,405.0,410.95,403.65,407.1,407.05,407.86,375910,1533.2,7190,253299.0, 67.38,2026-07-09
SNEHAA, ST, 09-Jul-2026,46.5,46.5,46.5,45.15,45.15,45.2,45.86,4000,1.83,4,4000.0, 100.00,2026-07-09
SNOWMAN, EQ, 09-Jul-2026,35.94,36.75,36.75,34.46,35.6,35.82,35.85,433482,155.38,1986,251987.0, 58.13,2026-07-09
SNXT30BEES, EQ, 09-Jul-2026,41.69,41.95,42.0,41.73,41.85,41.93,41.95,4949,2.08,43,4082.0, 82.48,2026-07-09
SNXT50BETA, EQ, 09-Jul-2026,92.03,92.03,93.4,92.03,93.2,93.2,93.02,307,0.29,71,273.0, 88.93,2026-07-09
SOBHA, EQ, 09-Jul-2026,1451.2,1451.0,1475.2,1438.2,1462.0,1469.8,1465.23,132259,1937.9,12082,59840.0, 45.24,2026-07-09
SOCL, ST, 09-Jul-2026,26.9,27.45,27.45,27.45,27.45,27.45,27.45,3200,0.88,2,3200.0, 100.00,2026-07-09
SOFTTECH, BE, 09-Jul-2026,426.3,432.0,434.8,432.0,434.8,434.8,432.18,200,0.86,10,, -,2026-07-09
SOLARA, EQ, 09-Jul-2026,559.55,564.5,583.8,556.0,562.15,566.85,572.5,356917,2043.35,12408,207330.0, 58.09,2026-07-09
SOLARINDS, EQ, 09-Jul-2026,17971.0,17994.0,18059.0,17028.0,17385.0,17380.0,17351.88,326120,56587.94,60315,102420.0, 31.41,2026-07-09
SOLARWORLD, EQ, 09-Jul-2026,202.3,204.32,209.5,204.32,209.05,207.44,207.15,326266,675.85,4189,117304.0, 35.95,2026-07-09
SOLEX, EQ, 09-Jul-2026,998.0,990.7,1075.0,990.7,1020.1,1018.4,1039.16,165320,1717.94,14550,38402.0, 23.23,2026-07-09
SOMANYCERA, EQ, 09-Jul-2026,508.4,508.4,520.0,506.55,508.5,509.5,513.41,52309,268.56,3230,37838.0, 72.34,2026-07-09
SOMATEX, EQ, 09-Jul-2026,102.55,108.49,112.8,103.41,112.8,111.08,109.58,41311,45.27,640,31081.0, 75.24,2026-07-09
SOMICONVEY, EQ, 09-Jul-2026,98.27,100.9,102.6,94.05,99.94,99.64,99.01,47569,47.1,1527,17137.0, 36.03,2026-07-09
SONACOMS, EQ, 09-Jul-2026,662.05,664.3,675.4,659.8,671.0,670.75,667.64,1358978,9073.09,54077,585985.0, 43.12,2026-07-09
SONAL, EQ, 09-Jul-2026,94.99,94.99,94.99,90.5,90.5,91.06,90.9,107,0.1,14,55.0, 51.40,2026-07-09
SONAMAC, ST, 09-Jul-2026,30.9,30.9,30.9,30.2,30.2,30.2,30.55,2000,0.61,2,2000.0, 100.00,2026-07-09
SONAMLTD, EQ, 09-Jul-2026,53.6,53.52,54.77,52.62,52.86,53.06,53.61,14618,7.84,565,7384.0, 50.51,2026-07-09
SONATSOFTW, EQ, 09-Jul-2026,274.55,276.3,279.75,271.85,276.1,275.9,276.99,585739,1622.45,12140,238353.0, 40.69,2026-07-09
SONUINFRA, ST, 09-Jul-2026,41.4,43.4,43.4,43.4,43.4,43.4,43.4,4500,1.95,2,4500.0, 100.00,2026-07-09
SOTL, EQ, 09-Jul-2026,551.2,554.5,597.0,551.85,580.15,581.8,584.97,382574,2237.93,14455,150314.0, 39.29,2026-07-09
SOUTHBANK, EQ, 09-Jul-2026,43.7,44.17,44.5,43.82,44.3,44.22,44.18,16615687,7340.74,37235,7001875.0, 42.14,2026-07-09
SOUTHWEST, EQ, 09-Jul-2026,228.4,229.0,233.55,223.2,231.0,230.07,227.72,204118,464.81,5533,92168.0, 45.15,2026-07-09
SPAL, EQ, 09-Jul-2026,1161.0,1178.9,1221.9,1172.1,1185.0,1178.6,1192.85,166316,1983.9,12168,54880.0, 33.00,2026-07-09
SPANDANA, EQ, 09-Jul-2026,289.55,290.0,312.55,290.0,305.0,303.45,306.29,956442,2929.44,18740,424322.0, 44.36,2026-07-09
SPARC, EQ, 09-Jul-2026,269.98,271.33,284.7,270.2,278.05,277.57,278.61,3049847,8497.08,40603,909152.0, 29.81,2026-07-09
SPCENET, EQ, 09-Jul-2026,3.77,3.78,3.94,3.73,3.88,3.89,3.84,805830,30.94,672,512862.0, 63.64,2026-07-09
SPCL, SM, 09-Jul-2026,68.5,68.75,69.9,67.0,68.6,68.6,68.36,22200,15.18,36,16200.0, 72.97,2026-07-09
SPCON, SM, 09-Jul-2026,130.0,139.95,139.95,139.95,139.95,139.95,139.95,1200,1.68,1,1200.0, 100.00,2026-07-09
SPEB, ST, 09-Jul-2026,91.0,90.5,90.5,90.0,90.0,90.25,90.25,4000,3.61,2,4000.0, 100.00,2026-07-09
SPECIALITY, EQ, 09-Jul-2026,123.77,124.77,126.76,124.32,124.4,124.9,125.1,27212,34.04,636,16537.0, 60.77,2026-07-09
SPECTRUM, EQ, 09-Jul-2026,1875.4,1889.8,1965.6,1882.2,1905.9,1907.0,1917.03,16365,313.72,2003,5537.0, 33.83,2026-07-09
SPECTSTM, ST, 09-Jul-2026,57.0,57.0,57.1,57.0,57.0,57.0,57.03,5600,3.19,7,5600.0, 100.00,2026-07-09
SPENCERS, EQ, 09-Jul-2026,35.08,35.07,35.7,34.45,34.5,34.63,35.06,47136,16.52,551,39534.0, 83.87,2026-07-09
SPIC, EQ, 09-Jul-2026,66.52,66.72,67.95,66.72,67.0,66.99,67.37,347080,233.82,3003,160956.0, 46.37,2026-07-09
SPLIL, EQ, 09-Jul-2026,31.04,31.39,32.49,30.61,32.29,31.45,31.24,6432,2.01,77,5036.0, 78.30,2026-07-09
SPLPETRO, EQ, 09-Jul-2026,725.0,725.1,728.95,718.0,719.25,720.7,721.8,23892,172.45,2195,12215.0, 51.13,2026-07-09
SPMLINFRA, EQ, 09-Jul-2026,186.93,186.91,192.89,186.6,191.9,189.99,190.11,138102,262.55,3198,58045.0, 42.03,2026-07-09
SPORTKING, EQ, 09-Jul-2026,177.12,177.9,186.0,177.9,184.5,183.37,183.17,322791,591.27,6039,155980.0, 48.32,2026-07-09
SPUNWEB, SM, 09-Jul-2026,106.0,106.0,106.0,106.0,106.0,106.0,106.0,1200,1.27,1,1200.0, 100.00,2026-07-09
SRD, EQ, 09-Jul-2026,38.94,40.3,40.3,38.82,39.0,39.16,39.06,9440,3.69,120,8193.0, 86.79,2026-07-09
SREEL, EQ, 09-Jul-2026,206.44,207.47,212.7,207.0,212.7,211.3,210.32,3057,6.43,119,2232.0, 73.01,2026-07-09
SRF, EQ, 09-Jul-2026,2709.5,2720.0,2792.5,2718.0,2763.9,2756.9,2752.48,201957,5558.82,18824,74036.0, 36.66,2026-07-09
SRGHFL, EQ, 09-Jul-2026,300.85,298.1,308.0,293.15,300.0,300.0,300.45,1038,3.12,77,706.0, 68.02,2026-07-09
SRHHYPOLTD, EQ, 09-Jul-2026,491.4,482.0,499.95,482.0,493.0,494.8,495.05,5147,25.48,276,3677.0, 71.44,2026-07-09
SRIVASAVI, ST, 09-Jul-2026,79.65,79.0,79.0,77.0,79.0,79.0,77.88,8000,6.23,8,8000.0, 100.00,2026-07-09
SRM, EQ, 09-Jul-2026,474.35,474.9,488.1,468.35,477.15,478.35,480.53,53877,258.9,2679,27451.0, 50.95,2026-07-09
SRTL, EQ, 09-Jul-2026,40.15,40.15,40.7,39.2,40.4,39.98,39.87,26933,10.74,491,18758.0, 69.65,2026-07-09
SSDL, EQ, 09-Jul-2026,55.17,55.0,56.39,54.5,55.58,55.61,55.59,16854,9.37,326,7378.0, 43.78,2026-07-09
SSEGL, SM, 09-Jul-2026,303.5,303.6,323.95,303.6,311.0,312.1,314.54,40400,127.07,158,20200.0, 50.00,2026-07-09
SSFL, ST, 09-Jul-2026,280.9,282.0,284.0,270.55,281.8,277.5,276.57,15000,41.49,30,13500.0, 90.00,2026-07-09
SSFLPP, E1, 09-Jul-2026,154.25,156.2,168.95,153.0,160.1,161.95,164.9,18313,30.2,464,13181.0, 71.98,2026-07-09
SSWL, EQ, 09-Jul-2026,237.47,235.84,243.88,235.07,241.8,240.05,238.95,377698,902.49,8697,181953.0, 48.17,2026-07-09
STALLION, EQ, 09-Jul-2026,179.82,179.8,185.4,179.8,184.0,182.12,182.82,558184,1020.45,8152,198140.0, 35.50,2026-07-09
STANLEY, EQ, 09-Jul-2026,150.93,151.0,157.0,151.0,154.0,154.74,153.88,133626,205.62,3066,73430.0, 54.95,2026-07-09
STAR, EQ, 09-Jul-2026,1080.8,1081.4,1124.9,1069.3,1072.0,1076.0,1091.42,217028,2368.69,16858,106692.0, 49.16,2026-07-09
STARCEMENT, EQ, 09-Jul-2026,202.41,204.43,207.2,203.4,204.93,204.93,204.96,92263,189.1,2036,49195.0, 53.32,2026-07-09
STARHEALTH, EQ, 09-Jul-2026,584.2,584.15,606.0,584.1,603.0,603.25,596.47,992624,5920.68,20237,618270.0, 62.29,2026-07-09
STARPAPER, EQ, 09-Jul-2026,139.87,140.0,142.95,138.42,140.1,139.29,139.4,2057,2.87,70,1624.0, 78.95,2026-07-09
STARTECK, EQ, 09-Jul-2026,273.1,281.9,284.95,272.3,274.45,276.1,282.53,5897,16.66,115,627.0, 10.63,2026-07-09
STCINDIA, EQ, 09-Jul-2026,118.61,119.19,124.5,119.19,121.45,121.57,122.75,90195,110.72,2020,26589.0, 29.48,2026-07-09
STEELCAS, EQ, 09-Jul-2026,305.9,306.0,312.0,302.85,307.75,305.75,306.96,52340,160.66,2068,25769.0, 49.23,2026-07-09
STEELCITY, EQ, 09-Jul-2026,76.89,78.76,78.76,77.0,78.27,78.17,77.59,1468,1.14,48,1241.0, 84.54,2026-07-09
STEELXIND, EQ, 09-Jul-2026,11.94,12.12,12.38,12.02,12.2,12.15,12.19,1790419,218.3,2895,819254.0, 45.76,2026-07-09
STEL, EQ, 09-Jul-2026,540.6,550.75,570.5,546.85,563.2,563.9,559.7,2346,13.13,386,1360.0, 57.97,2026-07-09
STERTOOLS, BE, 09-Jul-2026,230.88,231.11,239.0,231.11,237.5,235.84,237.01,10132,24.01,257,, -,2026-07-09
STLNETWORK, BE, 09-Jul-2026,24.82,25.43,25.98,24.9,25.45,25.39,25.37,245574,62.29,771,, -,2026-07-09
STLTECH, BE, 09-Jul-2026,528.15,501.75,554.55,501.75,554.55,554.35,526.14,3995876,21023.89,46163,, -,2026-07-09
STOVEKRAFT, EQ, 09-Jul-2026,782.45,782.45,828.0,782.45,800.0,797.4,812.92,386880,3145.04,18084,129680.0, 33.52,2026-07-09
STRIDERS, SM, 09-Jul-2026,58.25,61.2,61.8,50.2,53.5,53.8,54.09,161600,87.4,88,96000.0, 59.41,2026-07-09
STUDDS, EQ, 09-Jul-2026,457.7,457.0,466.5,457.0,458.25,460.15,463.22,42360,196.22,1133,19204.0, 45.34,2026-07-09
STUDIOLSD, ST, 09-Jul-2026,9.25,9.25,9.25,9.05,9.05,9.05,9.1,10000,0.91,5,10000.0, 100.00,2026-07-09
STYL, EQ, 09-Jul-2026,340.25,345.25,362.2,345.25,361.1,360.7,356.1,146748,522.57,5119,61748.0, 42.08,2026-07-09
STYLAMIND, EQ, 09-Jul-2026,3060.2,3032.6,3188.8,3032.6,3159.6,3154.1,3148.89,16349,514.81,4410,8847.0, 54.11,2026-07-09
STYLEBAAZA, BE, 09-Jul-2026,297.85,297.85,311.9,297.85,304.0,305.55,307.05,82801,254.24,792,, -,2026-07-09
STYRENIX, EQ, 09-Jul-2026,2204.5,2204.5,2295.2,2204.5,2275.0,2276.5,2257.86,15919,359.43,1799,7280.0, 45.73,2026-07-09
SUBAHOTELS, SM, 09-Jul-2026,115.8,118.05,119.2,117.35,117.35,117.6,118.28,14400,17.03,12,10800.0, 75.00,2026-07-09
SUBEXLTD, BE, 09-Jul-2026,12.0,11.94,12.6,11.94,12.6,12.6,12.55,2339380,293.71,1797,, -,2026-07-09
SUBROS, EQ, 09-Jul-2026,793.8,801.0,816.9,796.8,815.0,813.6,811.44,40794,331.02,3590,19562.0, 47.95,2026-07-09
SUDARCOLOR, EQ, 09-Jul-2026,350.2,355.15,362.95,350.2,355.0,353.75,354.91,3956,14.04,293,2688.0, 67.95,2026-07-09
SUDARSCHEM, EQ, 09-Jul-2026,914.45,920.15,954.9,916.6,941.0,941.95,943.96,293440,2769.95,15479,166041.0, 56.58,2026-07-09
SUDEEPPHRM, EQ, 09-Jul-2026,800.3,795.55,822.8,793.65,807.0,802.3,808.67,144006,1164.53,9061,71949.0, 49.96,2026-07-09
SUKHJITS, EQ, 09-Jul-2026,173.96,169.2,177.87,169.2,173.0,171.16,172.12,8070,13.89,178,5397.0, 66.88,2026-07-09
SULA, EQ, 09-Jul-2026,148.27,148.49,150.15,148.49,149.98,149.65,149.62,119528,178.84,2471,63635.0, 53.24,2026-07-09
SUMEET-RE, BE, 09-Jul-2026,2.38,2.45,2.56,2.3,2.35,2.33,2.39,6982034,167.15,1236,, -,2026-07-09
SUMEETINDS, EQ, 09-Jul-2026,31.35,30.7,31.97,30.62,31.95,31.68,31.73,8529794,2706.85,6717,674820.0, 7.91,2026-07-09
SUMICHEM, EQ, 09-Jul-2026,467.1,467.5,483.35,466.8,477.1,481.15,476.25,545453,2597.7,14043,213406.0, 39.12,2026-07-09
SUMIT, BE, 09-Jul-2026,44.94,45.4,46.95,44.12,46.33,45.87,45.81,27281,12.5,108,, -,2026-07-09
SUMMITSEC, EQ, 09-Jul-2026,1498.0,1490.6,1543.6,1490.6,1543.6,1522.7,1520.82,1687,25.66,375,1007.0, 59.69,2026-07-09
SUNCLAY, EQ, 09-Jul-2026,1315.8,1316.0,1337.8,1309.0,1313.0,1319.7,1328.44,2907,38.62,480,1994.0, 68.59,2026-07-09
SUNDARAM, EQ, 09-Jul-2026,1.26,1.26,1.29,1.25,1.25,1.25,1.26,326550,4.12,317,220590.0, 67.55,2026-07-09
SUNDARMFIN, EQ, 09-Jul-2026,4653.5,4653.5,4694.8,4565.0,4614.8,4621.2,4617.22,69282,3198.9,14545,34013.0, 49.09,2026-07-09
SUNDRMBRAK, BE, 09-Jul-2026,803.2,787.0,800.0,778.8,785.0,785.05,789.57,1144,9.03,64,, -,2026-07-09
SUNDRMFAST, EQ, 09-Jul-2026,933.95,935.0,945.3,929.2,937.3,936.35,936.8,169799,1590.68,11939,133322.0, 78.52,2026-07-09
SUNDROP, EQ, 09-Jul-2026,634.1,632.0,647.2,632.0,640.0,642.05,640.81,10936,70.08,365,7869.0, 71.96,2026-07-09
SUNFLAG, EQ, 09-Jul-2026,327.4,329.95,341.2,329.0,335.5,334.65,336.26,119025,400.23,3389,47239.0, 39.69,2026-07-09
SUNLITE, ST, 09-Jul-2026,437.0,437.0,458.0,437.0,454.0,452.85,448.27,13200,59.17,36,12300.0, 93.18,2026-07-09
SUNPHARMA, EQ, 09-Jul-2026,1888.2,1889.9,1952.0,1888.2,1940.7,1938.7,1935.29,4446201,86046.74,203825,2424577.0, 54.53,2026-07-09
SUNTECH, ST, 09-Jul-2026,32.35,33.0,33.0,30.75,31.0,31.0,31.17,52800,16.46,31,48000.0, 90.91,2026-07-09
SUNTECK, EQ, 09-Jul-2026,312.15,312.15,323.35,309.3,318.3,319.25,321.25,1601631,5145.16,7673,1456710.0, 90.95,2026-07-09
SUNTV, EQ, 09-Jul-2026,496.6,495.0,503.9,493.55,503.0,499.25,499.27,124994,624.05,8202,57680.0, 46.15,2026-07-09
SUPERHOUSE, EQ, 09-Jul-2026,156.98,156.9,158.0,150.7,157.99,157.51,155.5,7037,10.94,255,2754.0, 39.14,2026-07-09
SUPERSPIN, BE, 09-Jul-2026,5.2,5.1,5.1,5.1,5.1,5.1,5.1,5875,0.3,27,, -,2026-07-09
SUPRAJIT, EQ, 09-Jul-2026,492.0,496.0,510.6,493.8,496.25,495.65,502.52,281165,1412.92,11368,122578.0, 43.60,2026-07-09
SUPREME, EQ, 09-Jul-2026,46.95,48.02,48.5,46.0,46.11,46.35,47.37,51717,24.5,783,29331.0, 56.71,2026-07-09
SUPREMEENG, BZ, 09-Jul-2026,1.56,1.59,1.59,1.59,1.59,1.59,1.59,58518,0.93,22,, -,2026-07-09
SUPREMEIND, EQ, 09-Jul-2026,3179.4,3180.0,3239.9,3180.0,3227.7,3228.4,3222.98,85405,2752.59,10882,38047.0, 44.55,2026-07-09
SUPREMEINF, EQ, 09-Jul-2026,82.48,82.99,85.79,80.3,84.03,83.85,83.01,140229,116.41,2002,81395.0, 58.04,2026-07-09
SUPREMEPWR, ST, 09-Jul-2026,215.75,217.85,225.25,215.5,223.45,222.55,221.75,35500,78.72,63,32500.0, 91.55,2026-07-09
SUPRIYA, EQ, 09-Jul-2026,861.7,867.7,887.5,867.0,876.5,874.9,878.61,341756,3002.7,16374,127366.0, 37.27,2026-07-09
SURAJEST, EQ, 09-Jul-2026,200.74,203.06,204.0,199.2,201.1,202.27,202.2,48907,98.89,1043,22836.0, 46.69,2026-07-09
SURAJLTD, EQ, 09-Jul-2026,234.0,234.0,234.0,227.0,230.0,229.96,230.66,210,0.48,15,179.0, 85.24,2026-07-09
SURAKSHA, EQ, 09-Jul-2026,262.6,264.75,269.95,261.0,261.5,263.4,264.97,17942,47.54,816,8456.0, 47.13,2026-07-09
SURANASOL, EQ, 09-Jul-2026,25.78,25.78,26.19,25.0,25.79,25.37,25.67,37152,9.54,463,31908.0, 85.89,2026-07-09
SURANAT&P, EQ, 09-Jul-2026,18.41,18.51,19.0,18.42,18.67,18.7,18.77,66409,12.47,696,21591.0, 32.51,2026-07-09
SURANI, SM, 09-Jul-2026,105.0,108.95,108.95,99.95,105.95,106.0,103.91,7400,7.69,13,5200.0, 70.27,2026-07-09
SURYALA, EQ, 09-Jul-2026,441.45,481.2,481.2,440.0,460.0,452.5,456.85,4436,20.27,199,1691.0, 38.12,2026-07-09
SURYALAXMI, EQ, 09-Jul-2026,58.29,58.29,58.29,58.1,58.1,58.1,58.14,1281,0.74,24,1281.0, 100.00,2026-07-09
SURYAROSNI, EQ, 09-Jul-2026,254.15,255.1,258.85,253.4,254.65,255.4,255.83,470760,1204.34,8091,240060.0, 50.99,2026-07-09
SURYODAY, EQ, 09-Jul-2026,175.65,175.65,179.61,175.65,177.61,177.13,177.67,186688,331.69,3821,89346.0, 47.86,2026-07-09
SUTLEJTEX, BE, 09-Jul-2026,37.41,36.51,38.6,36.51,38.0,37.91,37.87,33756,12.78,188,, -,2026-07-09
SUVEN, EQ, 09-Jul-2026,317.1,320.0,354.5,318.55,350.0,346.75,339.52,2981090,10121.32,44122,1070719.0, 35.92,2026-07-09
SUVIDHAA, EQ, 09-Jul-2026,2.54,2.65,2.65,2.55,2.57,2.56,2.58,33594,0.87,145,23401.0, 69.66,2026-07-09
SUYOG, EQ, 09-Jul-2026,874.95,880.6,901.4,869.75,873.5,877.7,885.4,39731,351.78,2374,25217.0, 63.47,2026-07-09
SUZLON, EQ, 09-Jul-2026,53.13,53.13,54.29,53.07,53.68,53.7,53.76,42640345,22923.14,87943,13318355.0, 31.23,2026-07-09
SVLL, BE, 09-Jul-2026,680.8,676.1,708.1,662.0,702.9,700.75,667.56,111338,743.25,326,, -,2026-07-09
SVPGLOB, BE, 09-Jul-2026,3.96,3.82,3.99,3.82,3.9,3.9,3.87,22478,0.87,50,, -,2026-07-09
SWANCORP, EQ, 09-Jul-2026,315.45,319.45,323.15,316.45,318.2,317.55,319.72,569802,1821.78,9542,271853.0, 47.71,2026-07-09
SWANDEF, BE, 09-Jul-2026,2231.9,2203.0,2251.0,2125.0,2179.0,2161.5,2166.17,16754,362.92,774,, -,2026-07-09
SWARAJ, SM, 09-Jul-2026,317.3,317.3,327.0,317.3,323.2,323.0,321.45,68500,220.2,87,28000.0, 40.88,2026-07-09
SWARAJENG, EQ, 09-Jul-2026,3743.9,3753.0,3796.2,3725.0,3730.1,3732.3,3743.11,10131,379.21,1761,5441.0, 53.71,2026-07-09
SWASTIK, ST, 09-Jul-2026,14.85,14.15,14.15,14.15,14.15,14.15,14.15,1200,0.17,1,1200.0, 100.00,2026-07-09
SWELECTES, EQ, 09-Jul-2026,610.65,619.8,639.2,616.0,635.0,636.0,629.23,18745,117.95,1244,11984.0, 63.93,2026-07-09
SWIGGY, EQ, 09-Jul-2026,261.41,262.0,282.41,262.0,281.8,280.95,277.66,55995424,155479.54,422444,23419096.0, 41.82,2026-07-09
SWSOLAR, EQ, 09-Jul-2026,232.41,234.09,240.7,229.41,230.78,230.03,234.34,2058448,4823.86,24878,862196.0, 41.89,2026-07-09
SYMPHONY, EQ, 09-Jul-2026,693.9,694.85,713.85,693.9,697.95,696.4,705.07,179231,1263.7,7389,102178.0, 57.01,2026-07-09
SYNCOMF, EQ, 09-Jul-2026,13.62,13.66,14.1,13.62,14.09,13.99,13.91,1617220,225.01,3077,820696.0, 50.75,2026-07-09
SYNGENE, EQ, 09-Jul-2026,411.6,413.55,426.05,409.0,417.0,415.4,420.42,1345366,5656.15,29356,838975.0, 62.36,2026-07-09
SYRMA, EQ, 09-Jul-2026,1366.2,1410.4,1449.0,1385.0,1446.0,1441.0,1420.58,3482051,49465.49,120434,846462.0, 24.31,2026-07-09
SYSTANGO, SM, 09-Jul-2026,218.95,219.0,220.8,217.95,219.0,219.9,219.56,11200,24.59,27,5600.0, 50.00,2026-07-09
SYSTMTXC, BE, 09-Jul-2026,63.5,62.0,64.49,61.9,64.0,63.99,62.9,3471,2.18,52,, -,2026-07-09
TAALTECH, EQ, 09-Jul-2026,3818.5,3818.5,3986.9,3734.1,3850.0,3838.1,3886.51,1317,51.19,282,822.0, 62.41,2026-07-09
TAC, SM, 09-Jul-2026,409.4,406.05,424.8,401.0,422.0,421.45,411.85,41400,170.51,174,30600.0, 73.91,2026-07-09
TAINWALCHM, EQ, 09-Jul-2026,196.25,196.25,196.3,196.25,196.3,196.3,196.28,40,0.08,2,20.0, 50.00,2026-07-09
TAJGVK, EQ, 09-Jul-2026,350.2,349.0,369.2,345.0,364.0,361.95,361.25,319606,1154.58,7966,189370.0, 59.25,2026-07-09
TAKE, BE, 09-Jul-2026,24.85,23.61,23.61,23.61,23.61,23.61,23.61,156208,36.88,201,, -,2026-07-09
TALBROAUTO, EQ, 09-Jul-2026,406.75,406.75,416.75,406.0,410.35,408.8,410.35,100838,413.79,4324,46535.0, 46.15,2026-07-09
TAMBOLIIN, BE, 09-Jul-2026,218.82,227.0,227.5,215.25,218.0,218.08,217.54,6856,14.91,35,, -,2026-07-09
TANKUP, ST, 09-Jul-2026,1019.2,1002.0,1038.5,1002.0,1038.5,1038.5,1026.33,1500,15.4,5,1250.0, 83.33,2026-07-09
TANLA, EQ, 09-Jul-2026,527.1,526.0,535.4,520.15,521.9,521.7,528.1,363856,1921.51,12387,162983.0, 44.79,2026-07-09
TAPIFRUIT, SM, 09-Jul-2026,49.0,49.0,50.0,46.75,50.0,50.0,47.85,3750,1.79,3,3750.0, 100.00,2026-07-09
TARACHAND, EQ, 09-Jul-2026,55.68,56.49,56.49,55.0,55.5,55.42,55.53,74512,41.38,840,52979.0, 71.10,2026-07-09
TARAPUR, EQ, 09-Jul-2026,17.98,17.68,18.28,17.68,18.1,17.95,17.95,6428,1.15,78,4356.0, 67.77,2026-07-09
TARC, EQ, 09-Jul-2026,124.27,124.5,130.39,121.75,123.9,124.43,126.04,4671568,5888.04,36810,829459.0, 17.76,2026-07-09
TARIL, EQ, 09-Jul-2026,322.3,322.35,339.8,322.35,335.9,334.8,332.64,2202359,7325.87,28477,767139.0, 34.83,2026-07-09
TARMAT, EQ, 09-Jul-2026,47.86,48.99,49.48,47.75,48.15,48.17,48.19,20199,9.73,80,16662.0, 82.49,2026-07-09
TARSONS, EQ, 09-Jul-2026,290.25,290.25,298.0,285.55,289.2,288.7,291.77,143322,418.17,3431,46013.0, 32.10,2026-07-09
TASTYBITE, EQ, 09-Jul-2026,8505.5,8485.0,8900.0,8483.0,8860.0,8830.5,8738.24,3224,281.72,944,2027.0, 62.87,2026-07-09
TATACAP, EQ, 09-Jul-2026,346.25,346.0,358.65,346.0,356.0,355.85,354.81,1737896,6166.17,35355,801606.0, 46.13,2026-07-09
TATACHEM, EQ, 09-Jul-2026,710.4,706.65,719.7,704.35,718.2,713.7,711.05,411637,2926.94,12207,167391.0, 40.66,2026-07-09
TATACOMM, EQ, 09-Jul-2026,1886.2,1898.0,1907.4,1865.6,1868.7,1870.4,1878.94,214737,4034.78,24646,110457.0, 51.44,2026-07-09
TATACONSUM, EQ, 09-Jul-2026,1089.8,1098.8,1114.2,1091.7,1104.0,1106.7,1107.99,1017956,11278.82,69105,512107.0, 50.31,2026-07-09
TATAELXSI, EQ, 09-Jul-2026,3623.6,3629.4,3642.0,3588.7,3627.7,3621.4,3622.34,161131,5836.72,21217,55750.0, 34.60,2026-07-09
TATAGOLD, EQ, 09-Jul-2026,13.75,13.75,14.85,13.4,13.9,13.91,13.85,38722912,5363.03,56868,10413959.0, 26.89,2026-07-09
TATAINVEST, EQ, 09-Jul-2026,663.15,663.25,693.2,663.25,687.6,684.85,685.83,735856,5046.75,33212,287601.0, 39.08,2026-07-09
TATAPOWER, EQ, 09-Jul-2026,372.1,373.4,378.85,372.25,376.0,375.5,376.3,4833406,18188.21,61659,2356157.0, 48.75,2026-07-09
TATASTEEL, EQ, 09-Jul-2026,188.2,189.5,189.87,186.62,187.81,187.91,187.83,21203724,39826.59,147644,8930021.0, 42.12,2026-07-09
TATATECH, EQ, 09-Jul-2026,703.0,703.0,717.95,696.95,712.0,711.6,710.93,439288,3123.02,18258,144180.0, 32.82,2026-07-09
TATSILV, EQ, 09-Jul-2026,21.35,21.4,21.72,21.12,21.65,21.64,21.49,50888988,10934.38,47243,15598576.0, 30.65,2026-07-09
TATVA, EQ, 09-Jul-2026,1182.0,1189.9,1245.0,1183.2,1239.3,1239.2,1226.08,37482,459.56,3920,20462.0, 54.59,2026-07-09
TAURIAN, SM, 09-Jul-2026,330.9,340.0,365.0,340.0,352.0,350.7,351.97,89600,315.36,97,42400.0, 47.32,2026-07-09
TBI, SM, 09-Jul-2026,61.3,63.0,63.0,61.3,62.7,62.7,62.3,10200,6.35,15,9000.0, 88.24,2026-07-09
TBOTEK, EQ, 09-Jul-2026,1481.4,1479.9,1521.9,1477.6,1491.3,1496.9,1502.51,351468,5280.84,14163,280563.0, 79.83,2026-07-09
TBZ, EQ, 09-Jul-2026,201.7,203.82,242.04,203.28,235.2,231.55,230.58,14601407,33667.73,132900,1308370.0, 8.96,2026-07-09
TCC, EQ, 09-Jul-2026,323.75,333.0,334.3,327.35,327.35,329.5,331.23,7489,24.81,383,4758.0, 63.53,2026-07-09
TCI, EQ, 09-Jul-2026,931.45,932.05,941.85,921.1,925.7,926.95,930.61,26720,248.66,2139,15618.0, 58.45,2026-07-09
TCIEXP, EQ, 09-Jul-2026,499.0,501.45,583.0,498.0,548.95,553.55,561.32,2889155,16217.4,70853,179953.0, 6.23,2026-07-09
TCIFINANCE, BE, 09-Jul-2026,16.3,16.6,16.75,15.7,16.02,16.05,16.08,61347,9.86,279,, -,2026-07-09
TCL, SM, 09-Jul-2026,125.0,125.0,127.5,120.0,120.0,120.4,122.98,13600,16.73,16,7200.0, 52.94,2026-07-09
TCPLPACK, EQ, 09-Jul-2026,2923.9,2935.4,2989.8,2897.3,2940.4,2965.3,2949.08,1397,41.2,367,614.0, 43.95,2026-07-09
TCS, EQ, 09-Jul-2026,2057.5,2057.5,2065.0,2016.0,2059.0,2049.5,2043.56,3791498,77481.64,162757,1182477.0, 31.19,2026-07-09
TDPOWERSYS, EQ, 09-Jul-2026,1080.0,1089.0,1110.0,1071.4,1091.0,1090.0,1089.83,906063,9874.52,31009,466885.0, 51.53,2026-07-09
TEAMGTY, EQ, 09-Jul-2026,218.43,225.0,262.11,219.0,227.7,228.66,248.59,28227,70.17,983,6929.0, 24.55,2026-07-09
TEAMLEASE, EQ, 09-Jul-2026,1380.2,1384.0,1395.2,1373.4,1378.7,1381.0,1380.74,33491,462.42,2778,21975.0, 65.61,2026-07-09
TEAMTECH, SM, 09-Jul-2026,118.0,121.95,124.0,121.05,122.0,121.8,122.49,62000,75.94,29,38000.0, 61.29,2026-07-09
TECH, EQ, 09-Jul-2026,30.05,29.79,30.25,29.6,30.03,30.02,30.04,44631,13.41,250,17215.0, 38.57,2026-07-09
TECHD, ST, 09-Jul-2026,536.15,540.0,544.8,540.0,540.0,540.5,541.36,19800,107.19,43,19800.0, 100.00,2026-07-09
TECHERA, SM, 09-Jul-2026,153.3,154.45,154.9,150.55,151.8,151.3,152.31,13600,20.71,16,9600.0, 70.59,2026-07-09
TECHLABS, ST, 09-Jul-2026,132.6,139.2,139.2,139.2,139.2,139.2,139.2,3125,4.35,16,3125.0, 100.00,2026-07-09
TECHM, EQ, 09-Jul-2026,1428.8,1426.0,1436.3,1399.0,1432.3,1426.3,1424.9,1379708,19659.42,60962,673450.0, 48.81,2026-07-09
TECHNOE, EQ, 09-Jul-2026,1045.4,1048.3,1058.0,1040.3,1049.2,1045.2,1051.03,111111,1167.82,7055,58639.0, 52.78,2026-07-09
TECHNVISN, EQ, 09-Jul-2026,3658.1,3480.0,3665.0,3480.0,3660.0,3555.5,3544.2,808,28.64,230,360.0, 44.55,2026-07-09
TECILCHEM, EQ, 09-Jul-2026,10.02,10.0,10.09,9.65,10.0,10.0,10.01,9340,0.94,34,7914.0, 84.73,2026-07-09
TEGA, EQ, 09-Jul-2026,1641.5,1649.6,1672.9,1638.2,1665.8,1660.7,1659.08,32618,541.16,3072,19456.0, 59.65,2026-07-09
TEJA, ST, 09-Jul-2026,460.8,483.75,483.8,437.8,483.8,475.65,458.65,23400,107.32,38,19800.0, 84.62,2026-07-09
TEJASNET, EQ, 09-Jul-2026,535.4,538.0,545.9,533.55,542.0,542.35,540.5,1785285,9649.5,35076,395385.0, 22.15,2026-07-09
TEMBO, EQ, 09-Jul-2026,566.35,566.35,574.95,562.0,562.0,565.05,567.58,57812,328.13,1714,36120.0, 62.48,2026-07-09
TENNIND, EQ, 09-Jul-2026,575.65,582.15,588.6,579.95,582.0,584.3,584.21,355700,2078.04,16163,179767.0, 50.54,2026-07-09
TERASOFT, EQ, 09-Jul-2026,383.5,383.5,394.85,374.0,378.0,379.8,382.34,13599,51.99,631,7346.0, 54.02,2026-07-09
TEXINFRA, EQ, 09-Jul-2026,113.2,113.6,115.27,112.64,114.7,114.15,114.07,120288,137.21,1323,76850.0, 63.89,2026-07-09
TEXMOPIPES, EQ, 09-Jul-2026,42.94,42.4,43.84,42.4,43.0,43.2,43.15,19625,8.47,478,13065.0, 66.57,2026-07-09
TEXRAIL, EQ, 09-Jul-2026,111.52,111.5,114.6,111.2,113.61,113.71,113.56,1907523,2166.24,15813,859988.0, 45.08,2026-07-09
TFCILTD, EQ, 09-Jul-2026,75.34,75.79,76.8,74.5,75.3,75.14,75.65,4224692,3195.88,9721,2449567.0, 57.98,2026-07-09
TFL, EQ, 09-Jul-2026,11.55,11.99,11.99,11.55,11.55,11.56,11.58,7960,0.92,39,7720.0, 96.98,2026-07-09
TGBHOTELS, EQ, 09-Jul-2026,8.68,8.75,8.89,8.72,8.8,8.8,8.8,4045,0.36,24,2733.0, 67.56,2026-07-09
TGL, SM, 09-Jul-2026,18.7,17.85,19.6,17.8,19.6,19.6,19.22,34800,6.69,80,26200.0, 75.29,2026-07-09
THACKER, BE, 09-Jul-2026,1098.1,1090.0,1098.0,1090.0,1098.0,1098.0,1097.46,41,0.45,9,, -,2026-07-09
THAKDEV, EQ, 09-Jul-2026,127.58,131.9,132.1,131.9,132.1,132.1,132.03,83,0.11,3,83.0, 100.00,2026-07-09
THANGAMAYL, EQ, 09-Jul-2026,6806.0,6865.0,7165.0,6544.5,6600.0,6598.5,6846.23,514995,35257.72,80258,99994.0, 19.42,2026-07-09
THEINVEST, EQ, 09-Jul-2026,95.32,95.36,101.4,95.35,100.0,99.75,98.17,6831,6.71,370,5018.0, 73.46,2026-07-09
THEJO, EQ, 09-Jul-2026,1866.1,1871.8,1910.0,1860.8,1879.0,1868.1,1884.56,4727,89.08,1176,3077.0, 65.09,2026-07-09
THELEELA, EQ, 09-Jul-2026,480.6,483.05,504.35,481.4,501.8,500.6,499.14,398405,1988.61,17174,168282.0, 42.24,2026-07-09
THEMISMED, EQ, 09-Jul-2026,111.88,112.9,117.58,112.89,116.9,116.05,116.19,46490,54.02,1150,21319.0, 45.86,2026-07-09
THERMAX, EQ, 09-Jul-2026,4602.5,4649.5,4810.0,4610.0,4802.5,4785.0,4730.26,207686,9824.09,28090,94038.0, 45.28,2026-07-09
THESL, ST, 09-Jul-2026,14.3,14.3,15.0,14.3,15.0,15.0,14.67,9000,1.32,3,6000.0, 66.67,2026-07-09
THOMASCOOK, EQ, 09-Jul-2026,101.99,102.41,103.65,101.1,102.4,102.3,102.37,667148,682.98,5532,329752.0, 49.43,2026-07-09
THOMASCOTT, EQ, 09-Jul-2026,316.1,322.25,330.0,313.8,325.2,324.9,323.12,18349,59.29,837,8346.0, 45.48,2026-07-09
THYROCARE, EQ, 09-Jul-2026,521.7,526.0,539.5,523.1,534.0,535.55,534.4,185920,993.56,14110,96448.0, 51.88,2026-07-09
TI, EQ, 09-Jul-2026,441.0,446.6,452.9,444.15,448.05,447.0,449.25,292957,1316.1,10655,130343.0, 44.49,2026-07-09
TICL, EQ, 09-Jul-2026,11.75,11.17,11.17,11.17,11.17,11.17,11.17,159965,17.87,227,158427.0, 99.04,2026-07-09
TIGERLOGS, BE, 09-Jul-2026,33.42,33.42,33.9,33.03,33.44,33.26,33.5,40119,13.44,117,, -,2026-07-09
TIIL, EQ, 09-Jul-2026,2514.8,2510.0,2517.8,2490.0,2504.7,2499.7,2503.79,3327,83.3,681,2002.0, 60.17,2026-07-09
TIINDIA, EQ, 09-Jul-2026,2899.4,2930.1,2952.0,2900.0,2918.1,2916.2,2919.12,68996,2014.08,12231,20248.0, 29.35,2026-07-09
TIJARIA, EQ, 09-Jul-2026,4.38,4.22,4.53,4.2,4.43,4.34,4.43,28372,1.26,88,21739.0, 76.62,2026-07-09
TIL, EQ, 09-Jul-2026,211.16,217.0,221.5,211.51,217.2,218.85,218.39,238322,520.47,6002,59371.0, 24.91,2026-07-09
TIMETECHNO, EQ, 09-Jul-2026,174.18,175.52,178.38,174.22,177.0,176.57,176.99,3122667,5526.79,23391,288780.0, 9.25,2026-07-09
TIMEX, EQ, 09-Jul-2026,522.2,522.5,550.0,522.5,547.7,547.25,541.03,339138,1834.85,11312,188871.0, 55.69,2026-07-09
TIMKEN, EQ, 09-Jul-2026,3202.7,3221.0,3291.4,3200.0,3224.8,3217.7,3240.77,41522,1345.63,12694,22470.0, 54.12,2026-07-09
TINNARUBR, EQ, 09-Jul-2026,904.2,910.0,994.45,910.0,950.0,958.5,963.53,149328,1438.83,8282,56648.0, 37.94,2026-07-09
TIPSFILMS, EQ, 09-Jul-2026,325.9,324.5,333.0,315.35,329.95,329.85,324.33,3736,12.12,266,2803.0, 75.03,2026-07-09
TIPSMUSIC, EQ, 09-Jul-2026,668.45,665.2,718.0,665.15,713.5,711.15,706.7,979136,6919.51,40001,544109.0, 55.57,2026-07-09
TIRUMALCHM, EQ, 09-Jul-2026,167.52,170.0,171.1,165.2,166.0,166.01,167.61,450192,754.58,9203,290961.0, 64.63,2026-07-09
TIRUPATIFL, EQ, 09-Jul-2026,66.06,67.25,69.27,66.16,68.0,67.09,67.91,673837,457.6,3712,328960.0, 48.82,2026-07-09
TITAGARH, EQ, 09-Jul-2026,817.05,818.0,836.0,818.0,829.65,827.8,830.21,369334,3066.26,16956,152547.0, 41.30,2026-07-09
TITAN, EQ, 09-Jul-2026,4586.4,4614.8,4679.8,4546.1,4550.0,4555.8,4606.28,1777107,81858.44,102988,1043985.0, 58.75,2026-07-09
TMB, EQ, 09-Jul-2026,750.9,760.0,772.95,756.0,766.15,769.2,765.31,118102,903.85,8309,62724.0, 53.11,2026-07-09
TMCV, EQ, 09-Jul-2026,416.75,417.2,424.0,415.95,419.0,419.85,420.02,5299204,22257.53,89632,2415440.0, 45.58,2026-07-09
TMPV, EQ, 09-Jul-2026,332.05,332.9,334.6,330.0,332.0,331.5,332.16,11549474,38362.28,94042,7109272.0, 61.55,2026-07-09
TNIDETF, EQ, 09-Jul-2026,81.95,82.76,83.33,81.66,83.26,83.0,83.02,149090,123.78,426,133242.0, 89.37,2026-07-09
TNPETRO, EQ, 09-Jul-2026,94.56,94.0,96.86,94.0,95.11,95.72,96.05,90283,86.72,1331,34941.0, 38.70,2026-07-09
TNPL, EQ, 09-Jul-2026,144.34,144.34,145.3,142.01,143.01,143.2,143.37,68605,98.36,1558,35691.0, 52.02,2026-07-09
TNTELE, EQ, 09-Jul-2026,8.77,8.77,9.19,8.77,8.98,8.99,9.0,5475,0.49,48,4350.0, 79.45,2026-07-09
TOKYOPLAST, BE, 09-Jul-2026,84.0,82.5,88.2,81.1,87.7,87.7,83.42,279,0.23,17,, -,2026-07-09
TOLINS, EQ, 09-Jul-2026,101.7,103.2,105.35,101.71,102.5,103.11,103.46,70585,73.02,956,29798.0, 42.22,2026-07-09
TOP100CASE, EQ, 09-Jul-2026,10.45,10.55,10.55,10.45,10.54,10.47,10.5,516975,54.26,1053,295756.0, 57.21,2026-07-09
TOP10ADD, EQ, 09-Jul-2026,86.35,86.93,86.94,86.05,86.7,86.38,86.27,169303,146.06,507,98632.0, 58.26,2026-07-09
TOP15IETF, EQ, 09-Jul-2026,9.74,9.76,9.78,9.7,9.75,9.73,9.75,77903,7.6,228,51265.0, 65.81,2026-07-09
TOP20, EQ, 09-Jul-2026,8.67,8.68,8.75,8.67,8.7,8.67,8.7,34512,3.0,136,17619.0, 51.05,2026-07-09
TORNTPHARM, EQ, 09-Jul-2026,4866.4,4852.0,4937.4,4847.0,4889.0,4898.2,4904.08,460740,22595.04,48556,241694.0, 52.46,2026-07-09
TORNTPOWER, EQ, 09-Jul-2026,1401.0,1401.0,1419.5,1400.0,1415.0,1414.9,1413.31,218756,3091.7,19684,121115.0, 55.37,2026-07-09
TOTAL, EQ, 09-Jul-2026,52.53,52.53,58.5,52.5,56.27,56.11,55.9,59304,33.15,551,36803.0, 62.06,2026-07-09
TOUCHWOOD, EQ, 09-Jul-2026,67.09,67.09,68.88,67.09,67.61,67.61,67.48,1148,0.77,47,998.0, 86.93,2026-07-09
TPHQ, EQ, 09-Jul-2026,0.46,0.46,0.46,0.45,0.46,0.45,0.45,1039044,4.72,290,759787.0, 73.12,2026-07-09
TPLPLASTEH, EQ, 09-Jul-2026,79.99,81.0,83.0,80.35,83.0,82.53,82.27,110589,90.98,1373,64623.0, 58.44,2026-07-09
TRACXN, EQ, 09-Jul-2026,29.74,29.63,30.15,29.41,29.8,29.8,29.79,107166,31.93,4824,65387.0, 61.01,2026-07-09
TRANSPEK, EQ, 09-Jul-2026,1007.6,1000.0,1007.6,991.0,992.0,992.15,995.46,1800,17.92,154,1415.0, 78.61,2026-07-09
TRANSRAILL, EQ, 09-Jul-2026,487.3,489.0,512.5,488.0,506.8,505.55,504.36,406356,2049.51,10438,181072.0, 44.56,2026-07-09
TRANSTEEL, SM, 09-Jul-2026,122.5,127.5,127.5,123.1,125.0,125.0,124.14,11000,13.66,8,9000.0, 81.82,2026-07-09
TRANSWORLD, BE, 09-Jul-2026,156.23,158.99,158.99,154.25,155.3,155.93,155.72,11981,18.66,138,, -,2026-07-09
TRAVELFOOD, EQ, 09-Jul-2026,1297.2,1285.0,1339.0,1285.0,1326.0,1315.0,1316.15,14900,196.11,2340,8061.0, 54.10,2026-07-09
TREEHOUSE, EQ, 09-Jul-2026,6.35,6.35,6.76,6.22,6.65,6.61,6.59,12263,0.81,79,10501.0, 85.63,2026-07-09
TREJHARA, EQ, 09-Jul-2026,130.83,128.4,137.0,128.4,134.5,134.7,135.22,7575,10.24,283,6544.0, 86.39,2026-07-09
TREL, EQ, 09-Jul-2026,25.08,25.78,26.0,24.81,25.5,25.4,25.23,52105,13.15,700,30019.0, 57.61,2026-07-09
TRENT, EQ, 09-Jul-2026,2924.0,2945.0,2963.2,2895.5,2904.0,2904.1,2922.38,1547534,45224.86,90740,691326.0, 44.67,2026-07-09
TRF, EQ, 09-Jul-2026,226.07,228.02,234.7,225.75,232.5,233.19,232.13,25776,59.83,863,12921.0, 50.13,2026-07-09
TRIDENT, EQ, 09-Jul-2026,25.14,25.14,25.78,25.11,25.38,25.36,25.52,3742270,954.93,12921,1540818.0, 41.17,2026-07-09
TRIGYN, EQ, 09-Jul-2026,50.29,51.43,53.1,49.61,50.75,50.99,51.09,15832,8.09,824,7790.0, 49.20,2026-07-09
TRITURBINE, EQ, 09-Jul-2026,613.1,613.95,624.5,609.3,612.0,612.0,615.22,807731,4969.3,32114,421965.0, 52.24,2026-07-09
TRIVENI, EQ, 09-Jul-2026,449.1,453.35,462.65,449.8,455.0,455.05,458.0,194017,888.59,7384,93578.0, 48.23,2026-07-09
TROM, ST, 09-Jul-2026,65.55,68.4,68.8,68.35,68.8,68.8,68.46,6600,4.52,10,6600.0, 100.00,2026-07-09
TRU, EQ, 09-Jul-2026,5.51,5.68,5.68,5.41,5.51,5.5,5.52,38855,2.14,123,25416.0, 65.41,2026-07-09
TRUALT, EQ, 09-Jul-2026,442.75,449.95,452.95,441.1,444.0,446.65,446.99,146867,656.48,7718,75093.0, 51.13,2026-07-09
TRUST, SM, 09-Jul-2026,30.0,30.3,30.9,28.65,28.65,28.65,29.79,3600,1.07,6,3600.0, 100.00,2026-07-09
TSC, SM, 09-Jul-2026,27.5,32.4,32.4,26.55,27.3,27.3,28.63,22000,6.3,11,16000.0, 72.73,2026-07-09
TSFINV, EQ, 09-Jul-2026,466.65,462.45,482.95,462.45,473.1,473.9,475.33,127293,605.06,7523,55418.0, 43.54,2026-07-09
TTKHLTCARE, EQ, 09-Jul-2026,913.3,913.3,929.95,907.0,920.0,919.05,916.27,4156,38.08,239,3543.0, 85.25,2026-07-09
TTKPRESTIG, EQ, 09-Jul-2026,612.05,611.0,641.1,611.0,630.85,626.7,629.94,62256,392.18,4995,27515.0, 44.20,2026-07-09
TTL, EQ, 09-Jul-2026,6.51,6.51,6.8,6.51,6.7,6.74,6.69,44819,3.0,120,38406.0, 85.69,2026-07-09
TTML, EQ, 09-Jul-2026,40.33,40.55,41.12,40.19,40.7,40.49,40.66,1413087,574.55,8430,707078.0, 50.04,2026-07-09
TUNWAL, SM, 09-Jul-2026,26.35,26.75,26.75,25.85,25.85,26.0,26.21,166000,43.51,71,122000.0, 73.49,2026-07-09
TURTLEMINT, EQ, 09-Jul-2026,129.06,129.29,132.95,129.02,129.05,129.89,131.06,819017,1073.38,34780,308843.0, 37.71,2026-07-09
TVSELECT, EQ, 09-Jul-2026,479.55,485.95,535.0,483.7,519.0,517.5,523.07,792703,4146.41,23527,108741.0, 13.72,2026-07-09
TVSHLTD, EQ, 09-Jul-2026,13972.0,13972.0,14129.0,13801.0,13989.0,13954.0,14012.55,2195,307.58,1127,1148.0, 52.30,2026-07-09
TVSMOTOR, EQ, 09-Jul-2026,3639.7,3657.0,3698.9,3617.5,3630.0,3626.1,3647.55,511357,18652.01,46313,247952.0, 48.49,2026-07-09
TVSSCS, EQ, 09-Jul-2026,134.87,135.38,142.9,135.38,142.4,141.37,140.65,1179949,1659.63,12589,678396.0, 57.49,2026-07-09
TVSSRICHAK, EQ, 09-Jul-2026,4108.3,4108.0,4174.9,4084.0,4124.0,4143.7,4135.63,1934,79.98,697,892.0, 46.12,2026-07-09
TVTODAY, EQ, 09-Jul-2026,122.93,122.93,125.78,122.0,123.0,122.92,123.26,19224,23.7,659,11212.0, 58.32,2026-07-09
TVVISION, EQ, 09-Jul-2026,5.24,5.24,5.39,5.01,5.2,5.07,5.2,10101,0.53,42,10065.0, 99.64,2026-07-09
TWCGOLDETF, EQ, 09-Jul-2026,141.41,141.41,143.22,141.41,142.85,142.93,142.78,2305,3.29,110,2152.0, 93.36,2026-07-09
UBL, EQ, 09-Jul-2026,1325.2,1325.2,1339.9,1325.2,1328.5,1328.2,1330.86,56425,750.94,4929,29566.0, 52.40,2026-07-09
UCAL, EQ, 09-Jul-2026,110.33,110.4,117.5,110.4,113.68,114.19,114.95,11117,12.78,295,6415.0, 57.70,2026-07-09
UCOBANK, EQ, 09-Jul-2026,26.11,26.4,26.47,26.0,26.11,26.05,26.13,3410956,891.21,13343,1253250.0, 36.74,2026-07-09
UDS, EQ, 09-Jul-2026,186.8,186.8,201.38,186.74,196.5,197.05,196.94,912658,1797.39,9376,438599.0, 48.06,2026-07-09
UEL, EQ, 09-Jul-2026,127.94,127.15,133.0,123.0,126.12,126.49,127.55,13368,17.05,708,7119.0, 53.25,2026-07-09
UFBL, EQ, 09-Jul-2026,692.4,695.85,727.0,693.05,727.0,727.0,722.97,53811,389.04,1557,43713.0, 81.23,2026-07-09
UFLEX, EQ, 09-Jul-2026,428.15,430.45,437.5,428.5,435.0,434.2,433.46,20065,86.97,791,11451.0, 57.07,2026-07-09
UFO, EQ, 09-Jul-2026,69.19,70.39,70.6,69.01,70.5,69.87,69.89,30502,21.32,662,18713.0, 61.35,2026-07-09
UGARSUGAR, EQ, 09-Jul-2026,39.97,39.7,40.62,39.7,39.9,39.8,40.01,46796,18.72,691,27386.0, 58.52,2026-07-09
UGROCAP, EQ, 09-Jul-2026,93.53,93.67,98.0,93.67,95.0,94.69,94.96,116922,111.03,1741,57011.0, 48.76,2026-07-09
UHTL, ST, 09-Jul-2026,111.5,109.3,109.3,109.3,109.3,109.3,109.3,2000,2.19,1,2000.0, 100.00,2026-07-09
UJJIVANSFB, EQ, 09-Jul-2026,59.63,59.7,63.34,59.42,63.08,62.58,62.39,26482085,16522.76,73368,13486828.0, 50.93,2026-07-09
ULTRACEMCO, EQ, 09-Jul-2026,11353.0,11358.0,11610.0,11358.0,11563.0,11524.0,11509.35,161622,18601.64,25548,90355.0, 55.91,2026-07-09
ULTRAMAR, EQ, 09-Jul-2026,381.0,381.55,389.7,380.0,389.7,388.8,387.09,14318,55.42,2097,10445.0, 72.95,2026-07-09
UMA, SM, 09-Jul-2026,17.15,18.0,18.0,18.0,18.0,18.0,18.0,4000,0.72,1,4000.0, 100.00,2026-07-09
UMAEXPORTS, BE, 09-Jul-2026,21.02,20.6,21.28,20.6,21.24,21.01,21.06,12338,2.6,122,, -,2026-07-09
UMESLTD, EQ, 09-Jul-2026,5.58,5.6,5.85,5.5,5.84,5.84,5.8,28352,1.65,73,23124.0, 81.56,2026-07-09
UMIYA-MRO, EQ, 09-Jul-2026,89.95,92.99,93.9,90.0,91.0,90.38,91.27,29513,26.94,525,18433.0, 62.46,2026-07-09
UNICHEMLAB, EQ, 09-Jul-2026,572.7,610.15,687.2,574.0,655.0,650.6,646.54,9638575,62317.61,180776,1257195.0, 13.04,2026-07-09
UNIDT, BE, 09-Jul-2026,231.61,234.0,234.1,222.2,229.98,228.84,228.1,5894,13.44,145,, -,2026-07-09
UNIECOM, EQ, 09-Jul-2026,87.09,86.4,89.25,86.4,87.11,87.6,88.03,349285,307.48,3209,102446.0, 29.33,2026-07-09
UNIENTER, EQ, 09-Jul-2026,105.5,107.9,108.0,104.81,108.0,107.79,107.65,11485,12.36,108,9239.0, 80.44,2026-07-09
UNIHEALTH, ST, 09-Jul-2026,720.0,747.9,747.9,711.2,715.0,716.5,726.92,13500,98.13,26,12000.0, 88.89,2026-07-09
UNIINFO, BE, 09-Jul-2026,11.87,11.63,12.25,11.63,12.2,12.2,12.16,1703,0.21,16,, -,2026-07-09
UNILEX, SM, 09-Jul-2026,27.35,26.5,26.5,26.5,26.5,26.5,26.5,1600,0.42,1,1600.0, 100.00,2026-07-09
UNIMECH, EQ, 09-Jul-2026,1163.9,1174.9,1228.0,1164.1,1218.6,1212.4,1203.12,190471,2291.59,12785,93525.0, 49.10,2026-07-09
UNIONBANK, EQ, 09-Jul-2026,154.39,154.74,158.1,154.45,157.8,157.26,156.99,13873876,21781.22,53416,6491871.0, 46.79,2026-07-09
UNIONGOLD, EQ, 09-Jul-2026,138.75,139.45,140.75,138.7,139.9,140.0,139.33,1866,2.6,62,988.0, 52.95,2026-07-09
UNIPARTS, EQ, 09-Jul-2026,641.8,645.0,688.3,641.05,682.95,680.45,677.59,226198,1532.7,9559,125421.0, 55.45,2026-07-09
UNITDSPR, EQ, 09-Jul-2026,1408.8,1409.0,1420.0,1378.4,1381.5,1381.2,1394.3,621336,8663.31,25654,372910.0, 60.02,2026-07-09
UNITECH, EQ, 09-Jul-2026,4.65,4.6,4.66,4.57,4.65,4.6,4.61,2211955,102.05,1834,1714641.0, 77.52,2026-07-09
UNITEDPOLY, BE, 09-Jul-2026,30.79,30.48,31.48,29.6,31.09,30.89,30.7,10935,3.36,122,, -,2026-07-09
UNITEDTEA, EQ, 09-Jul-2026,471.25,471.25,479.9,471.25,478.0,478.05,474.85,804,3.82,84,452.0, 56.22,2026-07-09
UNIVASTU, BE, 09-Jul-2026,92.56,92.56,95.7,90.01,95.7,94.92,94.1,61231,57.62,279,, -,2026-07-09
UNIVCABLES, EQ, 09-Jul-2026,1081.3,1090.0,1125.0,1090.0,1110.9,1104.0,1110.62,68895,765.16,4967,29122.0, 42.27,2026-07-09
UNIVPHOTO, BE, 09-Jul-2026,353.2,355.05,367.0,355.05,355.5,356.45,363.61,87,0.32,11,, -,2026-07-09
UNOMINDA, EQ, 09-Jul-2026,1131.9,1138.0,1169.0,1137.5,1157.0,1154.5,1156.81,1045399,12093.26,33191,435935.0, 41.70,2026-07-09
UPL, EQ, 09-Jul-2026,581.7,580.0,588.0,579.0,584.1,581.85,583.82,4537195,26489.15,35110,2939760.0, 64.79,2026-07-09
URAVIDEF, BE, 09-Jul-2026,117.24,116.66,122.8,115.05,118.0,117.89,118.05,57795,68.23,191,, -,2026-07-09
URBAN, SM, 09-Jul-2026,125.5,126.6,128.5,124.6,126.65,125.75,126.34,13600,17.18,17,4800.0, 35.29,2026-07-09
URBANCO, EQ, 09-Jul-2026,132.82,133.0,138.5,133.0,137.11,136.97,136.86,1894247,2592.43,20821,686605.0, 36.25,2026-07-09
URJA, EQ, 09-Jul-2026,9.39,9.42,9.62,9.41,9.5,9.46,9.47,569681,53.98,2111,268216.0, 47.08,2026-07-09
USHAFIN, SM, 09-Jul-2026,33.15,34.0,34.0,34.0,34.0,34.0,34.0,17600,5.98,6,17600.0, 100.00,2026-07-09
USHAMART, EQ, 09-Jul-2026,489.65,490.95,507.95,490.05,503.0,502.2,501.59,248655,1247.22,10794,115081.0, 46.28,2026-07-09
USK, EQ, 09-Jul-2026,22.51,22.12,23.1,22.12,22.6,22.59,22.49,7153,1.61,119,6155.0, 86.05,2026-07-09
UTIAMC, EQ, 09-Jul-2026,971.5,985.0,990.0,975.05,986.5,984.1,983.84,246713,2427.26,8269,155315.0, 62.95,2026-07-09
UTKAL, SM, 09-Jul-2026,26.25,24.95,24.95,24.95,24.95,24.95,24.95,20000,4.99,10,20000.0, 100.00,2026-07-09
UTKARSHBNK, EQ, 09-Jul-2026,14.01,14.24,14.29,14.02,14.15,14.11,14.15,2337375,330.79,4160,1069504.0, 45.76,2026-07-09
UTLSOLAR, EQ, 09-Jul-2026,347.15,352.0,364.5,350.65,364.5,364.5,362.63,107192,388.71,1189,93828.0, 87.53,2026-07-09
UTSSAV, ST, 09-Jul-2026,432.95,420.0,454.55,420.0,454.55,454.55,441.08,44400,195.84,60,43800.0, 98.65,2026-07-09
UTTAMSUGAR, EQ, 09-Jul-2026,232.16,235.0,238.7,232.24,235.4,233.09,235.51,84581,199.2,2287,30469.0, 36.02,2026-07-09
UWCSL, SM, 09-Jul-2026,101.75,101.9,101.9,101.9,101.9,101.9,101.9,1000,1.02,1,1000.0, 100.00,2026-07-09
UYFINCORP, EQ, 09-Jul-2026,15.63,15.65,15.84,15.62,15.65,15.67,15.68,104817,16.44,162,98137.0, 93.63,2026-07-09
V2RETAIL, EQ, 09-Jul-2026,225.51,225.51,230.0,219.34,221.88,221.13,224.25,1081796,2425.96,18643,641587.0, 59.31,2026-07-09
VADILALIND, EQ, 09-Jul-2026,6284.0,6284.0,6412.0,6281.5,6322.5,6355.5,6373.18,6089,388.06,1544,3730.0, 61.26,2026-07-09
VAIBHAVGBL, EQ, 09-Jul-2026,242.77,244.88,258.8,244.28,256.0,255.78,253.45,1451024,3677.67,21757,513918.0, 35.42,2026-07-09
VAISHALI, BE, 09-Jul-2026,7.24,7.29,7.5,7.1,7.2,7.2,7.38,65663,4.84,140,, -,2026-07-09
VAKRANGEE, EQ, 09-Jul-2026,5.99,6.09,6.15,5.97,6.12,6.06,6.03,1427743,86.09,1217,806396.0, 56.48,2026-07-09
VAL30IETF, EQ, 09-Jul-2026,15.11,15.18,15.23,15.11,15.23,15.18,15.17,113219,17.18,394,78056.0, 68.94,2026-07-09
VALIANTLAB, BE, 09-Jul-2026,63.86,63.86,64.3,62.0,63.0,62.16,62.31,13893,8.66,176,, -,2026-07-09
VALIANTORG, BE, 09-Jul-2026,275.55,275.55,278.95,272.55,276.0,276.15,274.75,9955,27.35,169,, -,2026-07-09
VALUE, EQ, 09-Jul-2026,15.84,16.04,16.06,15.96,16.02,16.0,16.03,18949,3.04,66,16777.0, 88.54,2026-07-09
VALUE360, SM, 09-Jul-2026,84.1,86.0,86.0,83.0,84.5,83.95,84.07,20400,17.15,17,13200.0, 64.71,2026-07-09
VALUEAXIS, EQ, 09-Jul-2026,32.35,32.35,32.7,32.35,32.62,32.48,32.54,66220,21.54,441,48282.0, 72.91,2026-07-09
VAML, EQ, 09-Jul-2026,451.15,455.1,457.2,442.1,443.4,443.8,447.83,10617451,47547.89,134927,6368652.0, 59.98,2026-07-09
VARDHACRLC, BE, 09-Jul-2026,44.02,44.02,44.02,43.1,43.7,43.44,43.63,12968,5.66,102,, -,2026-07-09
VARDMNPOLY, EQ, 09-Jul-2026,6.57,6.79,6.79,6.63,6.66,6.74,6.71,102729,6.89,285,66280.0, 64.52,2026-07-09
VARROC, EQ, 09-Jul-2026,636.75,641.75,670.0,641.75,656.3,659.4,658.42,210954,1388.96,15814,96447.0, 45.72,2026-07-09
VASCONEQ, BE, 09-Jul-2026,31.87,31.7,32.8,31.52,32.1,32.03,32.25,124366,40.11,481,, -,2026-07-09
VASWANI, EQ, 09-Jul-2026,53.52,52.85,54.88,52.85,54.5,54.1,54.1,23163,12.53,1315,9354.0, 40.38,2026-07-09
VBL, EQ, 09-Jul-2026,474.55,477.0,484.5,475.9,481.4,481.4,480.35,5558894,26702.03,71791,3332235.0, 59.94,2026-07-09
VCL, EQ, 09-Jul-2026,1.28,1.25,1.3,1.25,1.3,1.27,1.27,106106,1.35,147,69982.0, 65.95,2026-07-09
VDEAL, SM, 09-Jul-2026,161.05,168.0,168.0,162.0,162.0,162.0,165.75,2400,3.98,4,2400.0, 100.00,2026-07-09
VEDL, EQ, 09-Jul-2026,272.3,273.25,274.7,270.8,271.35,271.35,272.21,10018324,27271.29,89921,5116573.0, 51.07,2026-07-09
VEDPOWER, EQ, 09-Jul-2026,40.74,41.7,42.03,40.32,41.3,41.18,41.32,36325807,15010.39,91129,10964706.0, 30.18,2026-07-09
VEEDOL, EQ, 09-Jul-2026,1434.8,1436.6,1453.0,1418.0,1450.0,1436.4,1434.9,11062,158.73,1269,6803.0, 61.50,2026-07-09
VEEKAYEM, ST, 09-Jul-2026,133.7,127.1,127.1,127.1,127.1,127.1,127.1,1000,1.27,2,1000.0, 100.00,2026-07-09
VELJAN, BE, 09-Jul-2026,1655.3,1605.1,1665.0,1605.1,1630.0,1630.5,1637.2,665,10.89,53,, -,2026-07-09
VENKEYS, EQ, 09-Jul-2026,1401.5,1410.0,1429.0,1399.1,1411.9,1405.1,1414.81,17371,245.77,1686,8930.0, 51.41,2026-07-09
VENTIVE, EQ, 09-Jul-2026,613.9,624.95,633.8,616.25,619.6,620.55,624.22,50720,316.61,3245,13428.0, 26.47,2026-07-09
VENUSPIPES, EQ, 09-Jul-2026,1733.1,1755.1,1825.0,1743.8,1813.0,1803.3,1794.16,139285,2499.0,13333,60252.0, 43.26,2026-07-09
VENUSREM, BE, 09-Jul-2026,1697.7,1717.7,1740.0,1651.0,1720.0,1702.5,1684.6,39018,657.3,1841,, -,2026-07-09
VERANDA, EQ, 09-Jul-2026,242.18,242.21,252.0,241.59,247.4,246.58,247.84,157827,391.16,4750,87594.0, 55.50,2026-07-09
VERTOZ, BE, 09-Jul-2026,39.18,39.18,39.18,37.6,38.11,38.25,38.79,30146,11.69,250,, -,2026-07-09
VESUVIUS, EQ, 09-Jul-2026,456.85,458.25,473.0,458.2,463.5,463.75,467.72,74802,349.86,3145,42112.0, 56.30,2026-07-09
VETO, BE, 09-Jul-2026,119.9,119.9,123.0,116.55,121.0,121.26,121.16,15588,18.89,173,, -,2026-07-09
VGINFOTECH, SM, 09-Jul-2026,138.5,141.0,141.0,137.25,140.25,140.5,139.52,23000,32.09,21,19000.0, 82.61,2026-07-09
VGL, EQ, 09-Jul-2026,62.42,62.42,64.09,61.5,62.0,62.01,62.7,31167,19.54,466,20379.0, 65.39,2026-07-09
VGUARD, EQ, 09-Jul-2026,302.7,302.45,309.45,302.45,306.4,306.3,306.6,122961,377.0,4821,67126.0, 54.59,2026-07-09
VHL, EQ, 09-Jul-2026,3575.2,3618.0,3618.0,3479.8,3525.0,3525.9,3513.94,1672,58.75,158,1405.0, 84.03,2026-07-09
VHLTD, BE, 09-Jul-2026,126.07,130.0,130.0,126.15,128.9,128.39,128.37,18655,23.95,42,, -,2026-07-09
VICTORYEV, ST, 09-Jul-2026,16.45,16.45,16.8,16.3,16.8,16.8,16.54,18000,2.98,6,18000.0, 100.00,2026-07-09
VIDHIING, EQ, 09-Jul-2026,300.05,303.2,309.95,290.6,290.6,292.8,299.93,18917,56.74,903,14059.0, 74.32,2026-07-09
VIDYAWIRES, EQ, 09-Jul-2026,94.23,94.9,97.5,94.9,97.45,96.92,96.17,757892,728.85,6705,339358.0, 44.78,2026-07-09
VIESL, SM, 09-Jul-2026,306.5,307.05,314.0,306.0,307.0,311.15,308.21,28800,88.76,25,23200.0, 80.56,2026-07-09
VIGOR, ST, 09-Jul-2026,99.35,103.8,103.8,98.0,101.5,101.5,100.6,17600,17.71,10,14400.0, 81.82,2026-07-09
VIJAYA, EQ, 09-Jul-2026,1326.0,1326.0,1395.8,1324.8,1379.4,1377.8,1368.18,249185,3409.31,15888,113395.0, 45.51,2026-07-09
VIJIFIN, BE, 09-Jul-2026,7.36,7.5,7.5,7.5,7.5,7.5,7.5,53306,4.0,54,, -,2026-07-09
VIKASECO, EQ, 09-Jul-2026,1.19,1.19,1.22,1.18,1.2,1.19,1.2,1219316,14.6,880,638173.0, 52.34,2026-07-09
VIKASLIFE, EQ, 09-Jul-2026,1.42,1.42,1.45,1.4,1.41,1.4,1.42,2215773,31.39,9337,1342747.0, 60.60,2026-07-09
VIKRAMSOLR, EQ, 09-Jul-2026,183.69,185.0,194.49,184.69,194.05,193.26,191.08,5920948,11313.88,53746,3236484.0, 54.66,2026-07-09
VIKRAN, EQ, 09-Jul-2026,72.65,72.84,75.2,72.84,73.61,73.47,74.08,2054684,1522.18,10182,789508.0, 38.42,2026-07-09
VILAS, SM, 09-Jul-2026,375.25,380.0,389.9,376.0,382.5,385.0,384.01,11750,45.12,37,7250.0, 61.70,2026-07-09
VILINBIO, ST, 09-Jul-2026,45.4,46.0,46.0,46.0,46.0,46.0,46.0,8000,3.68,2,8000.0, 100.00,2026-07-09
VIMTALABS, EQ, 09-Jul-2026,537.95,537.95,575.0,533.3,560.0,558.9,564.82,247411,1397.42,11516,80643.0, 32.59,2026-07-09
VINATIORGA, EQ, 09-Jul-2026,1307.0,1306.9,1325.0,1306.0,1320.0,1313.7,1311.47,139493,1829.41,7091,111439.0, 79.89,2026-07-09
VINCOFE, EQ, 09-Jul-2026,154.93,154.93,164.0,154.27,163.65,163.15,160.49,3537498,5677.46,28593,1124572.0, 31.79,2026-07-09
VINDHYATEL, EQ, 09-Jul-2026,1894.2,1895.0,1985.8,1895.0,1954.9,1960.6,1955.01,24477,478.53,3978,11533.0, 47.12,2026-07-09
VINEETLAB, BE, 09-Jul-2026,32.82,32.71,33.5,32.51,33.39,32.66,32.78,15585,5.11,119,, -,2026-07-09
VINNY, EQ, 09-Jul-2026,1.06,1.08,1.08,1.05,1.06,1.07,1.06,224828,2.39,135,190897.0, 84.91,2026-07-09
VINSYS, ST, 09-Jul-2026,489.5,490.05,500.0,489.0,498.0,498.0,499.45,22750,113.62,17,22000.0, 96.70,2026-07-09
VINYAS, SM, 09-Jul-2026,1404.65,1433.9,1445.0,1402.0,1403.0,1410.55,1419.01,3800,53.92,37,2700.0, 71.05,2026-07-09
VINYLINDIA, EQ, 09-Jul-2026,252.1,251.9,259.45,251.8,257.9,257.0,256.75,9386,24.1,407,5587.0, 59.52,2026-07-09
VIPCLOTHNG, BE, 09-Jul-2026,23.91,24.25,24.25,23.7,23.93,23.93,24.0,12566,3.02,68,, -,2026-07-09
VIPIND, EQ, 09-Jul-2026,300.3,299.0,305.45,299.0,302.0,303.15,303.43,190538,578.15,3789,111349.0, 58.44,2026-07-09
VIPULLTD, BE, 09-Jul-2026,15.48,15.02,16.25,15.0,16.24,16.24,16.08,1374835,221.08,1502,, -,2026-07-09
VIRINCHI, EQ, 09-Jul-2026,15.42,15.65,15.94,15.07,15.4,15.5,15.38,76791,11.81,271,49052.0, 63.88,2026-07-09
VISACHROME, BE, 09-Jul-2026,39.1,39.1,40.2,39.1,39.75,39.82,39.76,13291,5.28,72,, -,2026-07-09
VISAKAIND, EQ, 09-Jul-2026,77.5,79.0,80.2,77.06,77.58,77.65,78.47,282399,221.6,2283,82732.0, 29.30,2026-07-09
VISHNU, EQ, 09-Jul-2026,586.6,588.0,604.75,588.0,598.5,601.1,599.33,52024,311.8,2439,25487.0, 48.99,2026-07-09
VISHWARAJ, EQ, 09-Jul-2026,5.48,5.55,5.55,5.35,5.45,5.43,5.45,278042,15.16,444,160405.0, 57.69,2026-07-09
VISL, EQ, 09-Jul-2026,34.76,34.11,34.64,33.03,33.03,33.03,33.58,241447708,81078.75,188326,78964608.0, 32.70,2026-07-09
VITAL, BE, 09-Jul-2026,54.0,56.7,56.7,56.0,56.0,56.0,56.42,3665,2.07,22,, -,2026-07-09
VIVIANA, BE, 09-Jul-2026,765.05,775.45,792.0,749.0,770.0,777.1,775.61,26560,206.0,645,, -,2026-07-09
VIVIDEL, ST, 09-Jul-2026,1166.0,1173.05,1224.3,1150.0,1168.0,1172.9,1187.0,17280,205.11,64,16800.0, 97.22,2026-07-09
VIVIDHA, EQ, 09-Jul-2026,0.51,0.51,0.56,0.51,0.53,0.52,0.53,395320,2.11,161,149438.0, 37.80,2026-07-09
VIVIMEDLAB, BE, 09-Jul-2026,5.4,5.41,5.59,5.31,5.55,5.41,5.39,53022,2.86,79,, -,2026-07-09
VIYASH, EQ, 09-Jul-2026,270.6,274.55,284.0,272.55,282.0,281.05,280.66,1421093,3988.48,24487,752955.0, 52.98,2026-07-09
VLEGOV, BE, 09-Jul-2026,10.12,10.28,10.62,10.06,10.62,10.61,10.48,151950,15.92,427,, -,2026-07-09
VLINFRA, ST, 09-Jul-2026,27.5,26.4,26.4,26.4,26.4,26.4,26.4,1500,0.4,1,1500.0, 100.00,2026-07-09
VLSFINANCE, EQ, 09-Jul-2026,252.05,250.1,254.85,250.1,253.7,253.35,252.91,12590,31.84,1007,5273.0, 41.88,2026-07-09
VMARCIND, SM, 09-Jul-2026,273.35,271.1,273.95,261.05,262.05,263.3,264.67,276000,730.48,183,145500.0, 52.72,2026-07-09
VMART, EQ, 09-Jul-2026,784.95,781.55,791.7,777.0,779.4,779.6,782.26,93665,732.7,7764,57290.0, 61.16,2026-07-09
VMM, EQ, 09-Jul-2026,115.91,116.29,117.49,116.29,116.8,116.69,116.94,2370680,2772.39,17707,997757.0, 42.09,2026-07-09
VMOBILE, ST, 09-Jul-2026,139.9,132.95,132.95,132.95,132.95,132.95,132.95,1600,2.13,2,1600.0, 100.00,2026-07-09
VMSTMT, BE, 09-Jul-2026,46.55,48.0,48.0,45.5,46.8,46.76,46.65,13002,6.07,133,, -,2026-07-09
VOEPL, EQ, 09-Jul-2026,449.05,450.7,465.0,434.45,438.0,437.5,445.09,53712,239.06,2568,27204.0, 50.65,2026-07-09
VOGL, EQ, 09-Jul-2026,36.52,37.8,39.6,36.68,38.09,37.93,38.09,115141797,43854.54,175142,29432642.0, 25.56,2026-07-09
VOLERCAR, SM, 09-Jul-2026,220.0,223.0,226.0,223.0,226.0,226.0,224.5,1600,3.59,2,0.0, 0.00,2026-07-09
VOLTAMP, EQ, 09-Jul-2026,9390.0,9489.0,9600.0,9431.0,9582.0,9567.0,9549.9,10179,972.08,3853,4194.0, 41.20,2026-07-09
VOLTAS, EQ, 09-Jul-2026,1253.6,1254.1,1276.6,1254.0,1269.6,1269.4,1266.77,1077385,13647.98,27755,614157.0, 57.00,2026-07-09
VPRPL, BE, 09-Jul-2026,27.44,27.29,27.29,26.9,26.9,26.9,26.94,146612,39.5,484,, -,2026-07-09
VR, SM, 09-Jul-2026,100.9,100.9,100.9,100.9,100.9,100.9,100.9,400,0.4,1,400.0, 100.00,2026-07-09
VRAJ, EQ, 09-Jul-2026,112.53,112.53,113.72,112.0,113.01,113.14,113.12,7809,8.83,226,6545.0, 83.81,2026-07-09
VRLLOG, EQ, 09-Jul-2026,231.41,231.5,234.0,229.0,230.0,229.95,230.62,84200,194.19,3521,56649.0, 67.28,2026-07-09
VSCL, ST, 09-Jul-2026,30.05,29.0,29.0,28.55,29.0,29.0,28.78,12000,3.45,4,12000.0, 100.00,2026-07-09
VSSL, EQ, 09-Jul-2026,269.65,270.75,275.55,268.65,270.0,269.8,271.9,35070,95.36,1220,19146.0, 54.59,2026-07-09
VSTIND, EQ, 09-Jul-2026,265.65,267.5,269.0,263.2,265.3,264.9,266.44,988260,2633.09,11282,673091.0, 68.11,2026-07-09
VSTL, EQ, 09-Jul-2026,111.28,111.0,113.88,111.0,113.85,113.26,112.49,5547,6.24,308,3262.0, 58.81,2026-07-09
VSTTILLERS, EQ, 09-Jul-2026,4432.9,4411.0,4588.0,4411.0,4579.0,4567.2,4528.43,4697,212.7,1597,2580.0, 54.93,2026-07-09
VTL, EQ, 09-Jul-2026,623.95,624.4,641.25,623.05,635.05,633.4,633.86,150924,956.64,11423,64332.0, 42.63,2026-07-09
WAAREEENER, EQ, 09-Jul-2026,2823.3,2840.0,2889.0,2834.1,2868.0,2863.4,2867.77,471314,13516.22,27432,191244.0, 40.58,2026-07-09
WAAREEINDO, EQ, 09-Jul-2026,376.05,376.05,394.85,376.05,389.0,385.85,391.43,68694,268.89,1465,34652.0, 50.44,2026-07-09
WAAREERTL, EQ, 09-Jul-2026,977.9,979.0,1003.6,978.0,994.0,989.6,992.43,159926,1587.15,9648,65139.0, 40.73,2026-07-09
WABAG, EQ, 09-Jul-2026,2081.4,2090.0,2178.0,2077.4,2105.0,2117.7,2133.86,1169366,24952.65,56528,459706.0, 39.31,2026-07-09
WAKEFIT, EQ, 09-Jul-2026,121.89,121.89,126.14,121.42,125.45,125.18,124.88,516655,645.18,6850,294967.0, 57.09,2026-07-09
WALCHANNAG, EQ, 09-Jul-2026,231.2,233.0,252.6,233.0,250.0,248.15,246.1,3188067,7845.85,36846,1055291.0, 33.10,2026-07-09
WALPAR, SM, 09-Jul-2026,33.6,34.5,34.9,34.5,34.9,34.9,34.7,4000,1.39,2,4000.0, 100.00,2026-07-09
WANBURY, EQ, 09-Jul-2026,270.85,271.5,286.35,271.35,285.0,283.9,281.87,185438,522.69,5530,62217.0, 33.55,2026-07-09
WCIL, EQ, 09-Jul-2026,94.08,94.9,96.27,93.45,95.89,94.73,94.92,103212,97.97,1000,58148.0, 56.34,2026-07-09
WEALTH, EQ, 09-Jul-2026,954.5,969.3,984.0,952.0,977.0,961.75,970.1,1165,11.3,149,813.0, 69.79,2026-07-09
WEBELSOLAR, EQ, 09-Jul-2026,97.21,98.07,101.95,97.66,100.79,100.44,100.47,2212740,2223.2,9932,955832.0, 43.20,2026-07-09
WEIZMANIND, EQ, 09-Jul-2026,77.92,79.9,79.9,77.1,79.38,79.32,78.44,1737,1.36,73,1200.0, 69.08,2026-07-09
WEL, EQ, 09-Jul-2026,102.04,102.18,103.36,101.25,102.2,102.2,102.16,60545,61.85,721,22483.0, 37.13,2026-07-09
WELCORP, EQ, 09-Jul-2026,1529.2,1525.0,1618.7,1525.0,1595.0,1601.9,1598.2,2887131,46142.08,85392,1510951.0, 52.33,2026-07-09
WELENT, EQ, 09-Jul-2026,600.9,608.95,619.0,601.0,617.95,614.0,612.69,208726,1278.84,6582,110728.0, 53.05,2026-07-09
WELINV, BE, 09-Jul-2026,1796.9,1796.9,1801.1,1796.0,1800.0,1800.0,1798.6,272,4.89,24,, -,2026-07-09
WELSPLSOL, EQ, 09-Jul-2026,50.95,51.0,53.0,50.48,52.61,52.31,51.87,657460,341.05,2972,333071.0, 50.66,2026-07-09
WELSPUNLIV, EQ, 09-Jul-2026,162.93,163.0,169.95,163.0,167.17,166.53,167.64,1329201,2228.28,16302,463531.0, 34.87,2026-07-09
WENDT, EQ, 09-Jul-2026,7664.5,7700.0,7823.5,7668.5,7722.0,7706.5,7738.08,3249,251.41,1013,1607.0, 49.46,2026-07-09
WESTLIFE, EQ, 09-Jul-2026,503.7,503.7,509.9,495.05,496.0,497.5,500.46,27769,138.97,2786,15634.0, 56.30,2026-07-09
WEWIN, BE, 09-Jul-2026,45.68,46.99,47.95,46.95,47.49,47.49,47.1,1451,0.68,15,, -,2026-07-09
WEWORK, EQ, 09-Jul-2026,714.1,714.1,736.25,712.05,726.0,719.15,722.08,989274,7143.35,27197,763651.0, 77.19,2026-07-09
WHEELS, EQ, 09-Jul-2026,1434.6,1452.8,1476.4,1427.0,1449.0,1445.3,1451.7,111504,1618.7,10185,51586.0, 46.26,2026-07-09
WHIRLPOOL, EQ, 09-Jul-2026,780.2,783.0,794.35,781.65,794.0,792.1,789.83,79735,629.77,5870,34972.0, 43.86,2026-07-09
WHITEFORCE, ST, 09-Jul-2026,39.05,38.05,41.0,38.0,41.0,40.35,39.34,9600,3.78,6,8000.0, 83.33,2026-07-09
WILLAMAGOR, EQ, 09-Jul-2026,26.34,25.4,27.3,25.4,26.5,26.45,25.97,3356,0.87,51,2885.0, 85.97,2026-07-09
WINDLAS, EQ, 09-Jul-2026,827.7,831.0,842.4,823.0,828.0,825.9,830.92,47726,396.57,2879,28068.0, 58.81,2026-07-09
WINDMACHIN, EQ, 09-Jul-2026,306.8,308.95,323.0,304.0,315.0,316.4,314.09,77744,244.19,1590,34702.0, 44.64,2026-07-09
WINNY, SM, 09-Jul-2026,41.25,39.2,39.2,39.2,39.2,39.2,39.2,500,0.2,1,500.0, 100.00,2026-07-09
WINSOL, SM, 09-Jul-2026,121.5,121.5,124.0,121.5,122.0,122.0,122.66,2400,2.94,5,2400.0, 100.00,2026-07-09
WINSOME, BZ, 09-Jul-2026,2.17,2.13,2.13,2.13,2.13,2.13,2.13,227,0.0,1,, -,2026-07-09
WIPL, EQ, 09-Jul-2026,170.0,167.01,177.4,167.01,172.0,172.0,171.11,5417,9.27,67,4363.0, 80.54,2026-07-09
WIPRO, EQ, 09-Jul-2026,172.72,173.0,174.29,171.65,172.94,172.76,173.19,10270117,17787.06,92179,5186079.0, 50.50,2026-07-09
WOCKPHARMA, EQ, 09-Jul-2026,1824.5,1830.0,1873.9,1822.0,1834.7,1831.3,1841.66,538924,9925.16,27243,210366.0, 39.03,2026-07-09
WOL3D, ST, 09-Jul-2026,123.5,123.6,123.6,123.5,123.5,123.5,123.59,15000,18.54,15,14000.0, 93.33,2026-07-09
WOMANCART, SM, 09-Jul-2026,105.65,106.0,107.0,102.0,107.0,106.65,104.81,25600,26.83,54,18400.0, 71.88,2026-07-09
WONDERLA, EQ, 09-Jul-2026,464.7,467.0,475.0,463.8,471.25,469.1,469.0,61566,288.75,3525,29497.0, 47.91,2026-07-09
WORTHPERI, EQ, 09-Jul-2026,133.68,133.68,136.5,131.5,136.0,135.05,134.56,15105,20.33,55,11466.0, 75.91,2026-07-09
WPIL, EQ, 09-Jul-2026,468.75,473.9,484.3,471.0,483.0,476.55,477.92,22650,108.25,1774,11500.0, 50.77,2026-07-09
WSI, EQ, 09-Jul-2026,62.61,63.0,64.0,59.3,63.85,63.68,61.91,75403,46.68,898,45110.0, 59.83,2026-07-09
WSTCSTPAPR, EQ, 09-Jul-2026,541.95,541.95,552.25,535.0,547.9,547.45,544.26,185292,1008.46,8426,81301.0, 43.88,2026-07-09
WTICAB, SM, 09-Jul-2026,119.45,123.5,126.0,119.0,120.25,119.4,122.77,28000,34.38,33,20500.0, 73.21,2026-07-09
XCHANGING, EQ, 09-Jul-2026,61.62,62.9,63.1,61.64,62.6,62.48,62.51,47593,29.75,1020,27902.0, 58.63,2026-07-09
XELPMOC, EQ, 09-Jul-2026,84.51,87.49,87.49,83.51,83.52,83.62,84.41,9057,7.65,190,5399.0, 59.61,2026-07-09
XPROINDIA, EQ, 09-Jul-2026,1433.5,1446.0,1470.0,1430.5,1440.0,1435.2,1446.75,26201,379.06,3135,12644.0, 48.26,2026-07-09
XTGLOBAL, EQ, 09-Jul-2026,28.98,28.99,29.25,27.8,28.0,28.32,28.61,76493,21.89,346,45094.0, 58.95,2026-07-09
YAAP, ST, 09-Jul-2026,168.0,159.6,159.6,159.6,159.6,159.6,159.6,6000,9.58,6,6000.0, 100.00,2026-07-09
YASHO, EQ, 09-Jul-2026,2914.1,2928.7,3059.3,2912.1,3018.0,3005.0,2987.61,23323,696.8,3487,15217.0, 65.24,2026-07-09
YASHOPTICS, SM, 09-Jul-2026,117.05,118.0,119.0,118.0,119.0,118.25,118.13,6400,7.56,8,4800.0, 75.00,2026-07-09
YATHARTH, EQ, 09-Jul-2026,804.55,812.5,827.9,805.6,824.0,820.9,821.28,199074,1634.95,10258,73250.0, 36.80,2026-07-09
YATRA, EQ, 09-Jul-2026,108.66,108.3,114.42,108.3,112.3,112.67,112.73,1958363,2207.75,18934,671425.0, 34.29,2026-07-09
YCCL, SM, 09-Jul-2026,9.25,10.45,10.9,10.1,10.85,10.85,10.64,30000,3.19,10,30000.0, 100.00,2026-07-09
YESBANK, EQ, 09-Jul-2026,23.42,23.42,23.8,23.42,23.67,23.64,23.65,52193951,12346.13,73211,20479635.0, 39.24,2026-07-09
YUDIZ, SM, 09-Jul-2026,25.6,24.35,24.35,24.35,24.35,24.35,24.35,800,0.19,1,800.0, 100.00,2026-07-09
YUKEN, EQ, 09-Jul-2026,757.25,764.85,764.85,750.1,750.1,751.55,752.48,4983,37.5,252,4247.0, 85.23,2026-07-09
ZAGGLE, EQ, 09-Jul-2026,201.69,202.0,206.9,200.5,204.9,205.06,205.06,472811,969.56,6245,213413.0, 45.14,2026-07-09
ZEAL, SM, 09-Jul-2026,66.6,67.0,67.0,67.0,67.0,67.0,67.0,600,0.4,1,600.0, 100.00,2026-07-09
ZEEL, EQ, 09-Jul-2026,99.56,99.8,101.39,98.44,99.85,99.79,99.9,16333504,16317.69,52714,4135868.0, 25.32,2026-07-09
ZEELEARN, BE, 09-Jul-2026,8.89,8.8,9.1,8.7,9.05,9.0,8.97,334716,30.01,546,, -,2026-07-09
ZEEMEDIA, EQ, 09-Jul-2026,8.19,8.34,8.74,8.18,8.44,8.41,8.5,1307723,111.11,1693,732095.0, 55.98,2026-07-09
ZENITHDRUG, SM, 09-Jul-2026,49.65,47.2,50.85,47.2,50.6,49.7,49.43,6400,3.16,8,4000.0, 62.50,2026-07-09
ZENITHEXPO, EQ, 09-Jul-2026,191.45,199.4,199.4,195.0,195.0,197.0,199.34,93,0.19,5,92.0, 98.92,2026-07-09
ZENITHSTL, EQ, 09-Jul-2026,5.4,5.51,5.65,5.41,5.54,5.55,5.53,47308,2.62,133,34875.0, 73.72,2026-07-09
ZENSARTECH, EQ, 09-Jul-2026,451.1,454.35,454.35,442.55,449.6,447.4,447.51,1439063,6439.95,29769,428566.0, 29.78,2026-07-09
ZENTEC, EQ, 09-Jul-2026,1818.6,1819.2,1838.9,1785.0,1816.0,1813.0,1815.6,510602,9270.51,29030,171587.0, 33.60,2026-07-09
ZFCVINDIA, EQ, 09-Jul-2026,2343.7,2370.0,2372.0,2302.3,2315.0,2311.6,2319.95,116124,2694.02,13813,78025.0, 67.19,2026-07-09
ZFSTEERING, EQ, 09-Jul-2026,653.5,653.15,666.0,653.05,661.75,663.45,663.49,1114,7.39,157,779.0, 69.93,2026-07-09
ZIMLAB, BE, 09-Jul-2026,118.29,115.93,115.93,115.93,115.93,115.93,115.93,9043,10.48,26,, -,2026-07-09
ZODIAC, BE, 09-Jul-2026,267.35,266.95,269.5,265.0,268.0,266.4,267.48,3905,10.45,152,, -,2026-07-09
ZODIACLOTH, EQ, 09-Jul-2026,76.72,77.1,79.2,74.92,78.85,77.23,77.63,3653,2.84,177,2378.0, 65.10,2026-07-09
ZOTA, EQ, 09-Jul-2026,1412.7,1426.7,1456.9,1411.0,1412.0,1417.8,1428.16,60330,861.61,3718,33902.0, 56.19,2026-07-09
ZSARACOM, EQ, 09-Jul-2026,13644.0,14400.0,14400.0,12281.0,12949.0,12577.5,13175.84,709,93.42,382,346.0, 48.80,2026-07-09
ZTECH, SM, 09-Jul-2026,590.55,591.2,605.95,590.1,594.0,594.0,596.36,11100,66.2,32,8400.0, 75.68,2026-07-09
ZUARI, EQ, 09-Jul-2026,230.57,231.0,235.98,230.21,231.6,231.18,233.2,117142,273.17,2427,50617.0, 43.21,2026-07-09
ZUARIIND, EQ, 09-Jul-2026,259.95,258.4,268.0,258.4,265.95,265.7,264.28,24490,64.72,982,14195.0, 57.96,2026-07-09
ZYDUSLIFE, EQ, 09-Jul-2026,1148.0,1148.0,1171.3,1144.9,1159.5,1159.0,1159.53,986789,11442.09,47564,482703.0, 48.92,2026-07-09
ZYDUSWELL, EQ, 09-Jul-2026,559.9,560.0,574.7,559.0,574.0,571.5,567.76,398231,2260.99,16297,204236.0, 51.29,2026-07-09
