SYMBOL,SERIES,DATE1,PREV_CLOSE,OPEN_PRICE,HIGH_PRICE,LOW_PRICE,LAST_PRICE,CLOSE_PRICE,AVG_PRICE,TTL_TRD_QNTY,TURNOVER_LACS,NO_OF_TRADES,DELIV_QTY,DELIV_PER,DATE
1018GS2026, GS, 03-Jun-2026,104.84,102.21,104.75,102.21,103.0,103.0,103.0,117,0.12,11,65.0, 55.56,2026-06-03
20MICRONS, EQ, 03-Jun-2026,183.64,182.95,190.59,180.83,188.36,188.95,187.64,276032,517.93,4768,115564.0, 41.87,2026-06-03
21STCENMGM, EQ, 03-Jun-2026,33.81,33.15,34.45,33.15,33.15,33.16,33.73,4066,1.37,53,3511.0, 86.35,2026-06-03
360ONE, EQ, 03-Jun-2026,1089.2,1082.5,1085.6,1049.2,1070.5,1072.5,1066.36,765530,8163.28,53470,439575.0, 57.42,2026-06-03
3BBLACKBIO, EQ, 03-Jun-2026,1113.5,1123.9,1149.0,1117.6,1149.0,1138.9,1129.73,12025,135.85,756,9854.0, 81.95,2026-06-03
3IINFOLTD, EQ, 03-Jun-2026,17.4,17.15,17.47,17.06,17.24,17.16,17.19,158735,27.29,932,115344.0, 72.66,2026-06-03
3MINDIA, EQ, 03-Jun-2026,32610.0,32520.0,32700.0,32210.0,32550.0,32445.0,32382.73,1512,489.63,970,484.0, 32.01,2026-06-03
3PLAND, EQ, 03-Jun-2026,31.85,31.8,32.39,31.4,32.39,32.21,32.03,1059,0.34,72,921.0, 86.97,2026-06-03
574GS2026, GS, 03-Jun-2026,99.66,100.27,100.27,99.15,99.5,99.5,99.62,297,0.3,6,101.0, 34.01,2026-06-03
5PAISA, EQ, 03-Jun-2026,324.75,328.0,328.0,318.0,325.2,325.05,322.4,23480,75.7,1142,7732.0, 32.93,2026-06-03
613GS2028, GS, 03-Jun-2026,99.0,99.5,99.5,99.5,99.5,99.5,99.5,1,0.0,1,1.0, 100.00,2026-06-03
619GS2034, GS, 03-Jun-2026,95.2,96.5,96.5,96.0,96.0,96.0,96.15,165000,158.65,3,165000.0, 100.00,2026-06-03
622GS2035, GS, 03-Jun-2026,94.0,94.02,94.02,93.67,93.67,93.67,93.97,547,0.51,4,547.0, 100.00,2026-06-03
628GS2032, GS, 03-Jun-2026,97.21,98.9,98.9,98.9,98.9,98.9,98.9,2,0.0,1,2.0, 100.00,2026-06-03
633GS2035, GS, 03-Jun-2026,94.25,98.0,98.0,98.0,98.0,98.0,98.0,192,0.19,2,192.0, 100.00,2026-06-03
63MOONS, EQ, 03-Jun-2026,624.15,623.8,628.0,604.0,619.0,618.4,612.36,121600,744.63,4096,59023.0, 48.54,2026-06-03
648GS2035, GS, 03-Jun-2026,97.0,97.5,97.5,97.5,97.5,97.5,97.5,500,0.49,1,500.0, 100.00,2026-06-03
668GS2040, GS, 03-Jun-2026,97.0,96.5,97.4,96.5,97.0,97.38,97.25,1600,1.56,6,1590.0, 99.38,2026-06-03
676GS2061, GS, 03-Jun-2026,90.0,90.0,90.2,89.75,89.99,89.97,89.84,62782,56.4,75,59669.0, 95.04,2026-06-03
679GS2031, GS, 03-Jun-2026,101.5,100.26,100.26,100.25,100.25,100.25,100.26,3200,3.21,3,3200.0, 100.00,2026-06-03
679GS2034, GS, 03-Jun-2026,99.77,99.8,99.8,99.8,99.8,99.8,99.8,3000,2.99,1,3000.0, 100.00,2026-06-03
679GS2034A, GS, 03-Jun-2026,96.06,97.5,97.5,97.05,97.08,97.08,97.18,400,0.39,4,400.0, 100.00,2026-06-03
68GS2060, GS, 03-Jun-2026,91.5,89.21,90.91,89.21,90.9,90.9,90.06,20,0.02,4,10.0, 50.00,2026-06-03
690GS2065, GS, 03-Jun-2026,91.25,91.35,91.35,91.0,91.29,91.29,91.16,53865,49.1,37,53865.0, 100.00,2026-06-03
694GS2036, GS, 03-Jun-2026,99.2,99.21,99.21,99.0,99.0,99.0,99.02,1000,0.99,4,1000.0, 100.00,2026-06-03
695GS2061, GS, 03-Jun-2026,93.3,95.0,95.0,93.0,93.0,93.0,94.99,316,0.3,3,314.0, 99.37,2026-06-03
697GR2034, GS, 03-Jun-2026,98.66,97.0,97.0,97.0,97.0,97.0,97.0,500,0.49,6,500.0, 100.00,2026-06-03
698GR2054, GS, 03-Jun-2026,93.1,93.0,97.0,93.0,97.0,97.0,96.72,1410,1.36,6,1410.0, 100.00,2026-06-03
699GS2051, GS, 03-Jun-2026,97.18,98.5,98.5,98.5,98.5,98.5,98.5,114,0.11,5,114.0, 100.00,2026-06-03
702GS2027, GS, 03-Jun-2026,99.8,99.81,99.81,99.81,99.81,99.81,99.81,200,0.2,2,200.0, 100.00,2026-06-03
702GS2031, GS, 03-Jun-2026,102.85,102.01,102.01,102.01,102.01,102.01,102.01,12,0.01,1,12.0, 100.00,2026-06-03
706GS2028, GS, 03-Jun-2026,101.73,101.4,101.4,101.25,101.25,101.25,101.29,2000,2.03,2,2000.0, 100.00,2026-06-03
709GS2054, GS, 03-Jun-2026,95.5,95.92,95.93,95.6,95.93,95.92,95.82,25687,24.61,7,25687.0, 100.00,2026-06-03
709GS2074, GS, 03-Jun-2026,93.01,93.0,93.0,92.5,92.9,92.93,92.92,45666,42.43,71,38223.0, 83.70,2026-06-03
710GS2029, GS, 03-Jun-2026,102.2,103.0,103.01,102.29,102.5,102.49,102.85,7008,7.21,8,5000.0, 71.35,2026-06-03
718GS2033, GS, 03-Jun-2026,103.0,103.0,103.0,103.0,103.0,103.0,103.0,391,0.4,3,391.0, 100.00,2026-06-03
718GS2037, GS, 03-Jun-2026,102.82,102.71,102.95,102.71,102.95,102.95,102.94,18710,19.26,5,18710.0, 100.00,2026-06-03
723GS2039, GS, 03-Jun-2026,100.0,100.0,100.0,100.0,100.0,100.0,100.0,90,0.09,1,90.0, 100.00,2026-06-03
724GS2055, GS, 03-Jun-2026,97.64,97.8,97.8,97.25,97.3,97.31,97.46,28601,27.87,35,28601.0, 100.00,2026-06-03
725GS2063, GS, 03-Jun-2026,98.02,98.39,98.39,97.83,97.95,97.92,97.97,194405,190.45,82,191811.0, 98.67,2026-06-03
726GS2032, GS, 03-Jun-2026,102.9,102.75,103.2,102.0,103.0,102.99,102.65,35406,36.34,32,24456.0, 69.07,2026-06-03
726GS2033, GS, 03-Jun-2026,104.0,102.45,102.5,102.45,102.5,102.5,102.47,3,0.0,3,1.0, 33.33,2026-06-03
733GS2026, GS, 03-Jun-2026,100.23,100.71,100.71,100.5,100.5,100.5,100.52,1000,1.01,4,1000.0, 100.00,2026-06-03
734GS2064, GS, 03-Jun-2026,96.65,96.79,96.79,96.41,96.69,96.69,96.47,2426390,2340.82,711,2406835.0, 99.19,2026-06-03
737GS2028, GS, 03-Jun-2026,101.95,102.01,102.01,101.25,101.25,101.25,101.48,7000,7.1,5,7000.0, 100.00,2026-06-03
738GS2027, GS, 03-Jun-2026,103.91,104.0,104.05,104.0,104.02,104.01,104.01,20101,20.91,8,20101.0, 100.00,2026-06-03
73GS2053, GS, 03-Jun-2026,99.89,99.85,100.0,99.25,99.5,99.4,99.44,9454,9.4,21,9360.0, 99.01,2026-06-03
740IIFCL33, N1, 03-Jun-2026,1125.01,1125.01,1125.01,1125.01,1125.01,1125.01,1125.01,60,0.68,1,60.0, 100.00,2026-06-03
741GS2036, GS, 03-Jun-2026,105.7,106.2,106.2,105.35,105.35,105.76,105.77,26757,28.3,6,26757.0, 100.00,2026-06-03
743GS2076, GS, 03-Jun-2026,100.56,99.2,100.75,99.2,99.99,99.99,99.99,13130,13.13,21,13130.0, 100.00,2026-06-03
746GS2073, GS, 03-Jun-2026,98.43,99.5,99.5,98.88,98.98,98.98,98.98,2611,2.58,9,2611.0, 100.00,2026-06-03
74GS2062, GS, 03-Jun-2026,101.16,101.15,101.15,98.12,100.6,100.6,100.23,245,0.25,7,195.0, 79.59,2026-06-03
754GS2036, GS, 03-Jun-2026,103.61,103.9,103.9,103.45,103.69,103.75,103.72,518410,537.7,235,478057.0, 92.22,2026-06-03
771GS2066, GS, 03-Jun-2026,102.15,100.65,100.65,100.65,100.65,100.65,100.65,10,0.01,1,10.0, 100.00,2026-06-03
772GS2049, GS, 03-Jun-2026,101.8,100.6,101.7,100.6,101.7,101.7,101.15,2,0.0,2,1.0, 50.00,2026-06-03
824GS2027, GS, 03-Jun-2026,103.05,104.28,104.28,103.16,103.16,103.16,104.28,351,0.37,4,350.0, 99.72,2026-06-03
826GS2027, GS, 03-Jun-2026,104.37,104.37,104.37,104.37,104.37,104.37,104.37,2,0.0,1,2.0, 100.00,2026-06-03
828GS2032, GS, 03-Jun-2026,106.0,106.51,106.51,106.51,106.51,106.51,106.51,300,0.32,1,300.0, 100.00,2026-06-03
92GS2030, GS, 03-Jun-2026,110.18,110.5,110.5,110.25,110.25,110.25,110.29,9716,10.72,25,9708.0, 99.92,2026-06-03
A2ZINFRA, EQ, 03-Jun-2026,14.38,14.02,14.84,14.02,14.5,14.69,14.44,221175,31.93,464,163666.0, 74.00,2026-06-03
AAATECH, EQ, 03-Jun-2026,92.47,92.47,93.69,90.6,91.51,92.17,91.74,14900,13.67,591,7296.0, 48.97,2026-06-03
AADHARHFC, EQ, 03-Jun-2026,465.15,466.0,466.55,452.7,462.0,462.45,458.57,262324,1202.94,11859,140730.0, 53.65,2026-06-03
AAKAAR, SM, 03-Jun-2026,74.05,70.35,71.0,70.35,71.0,71.0,70.44,11200,7.89,6,9600.0, 85.71,2026-06-03
AAKASH, BE, 03-Jun-2026,9.38,9.74,9.84,9.01,9.69,9.53,9.65,345107,33.32,617,, -,2026-06-03
AAREYDRUGS, BE, 03-Jun-2026,75.6,75.85,77.79,75.0,76.0,76.76,76.45,125150,95.67,138,, -,2026-06-03
AARNAV, EQ, 03-Jun-2026,25.54,24.93,26.45,24.92,25.2,25.27,25.55,15619,3.99,210,9630.0, 61.66,2026-06-03
AARON, EQ, 03-Jun-2026,117.61,119.0,119.0,116.0,118.45,117.9,117.62,11568,13.61,139,10942.0, 94.59,2026-06-03
AARTECH, EQ, 03-Jun-2026,41.45,42.22,43.09,40.91,42.05,42.65,41.79,18196,7.6,398,7003.0, 38.49,2026-06-03
AARTIDRUGS, EQ, 03-Jun-2026,380.8,382.6,384.1,372.55,378.5,378.4,376.76,57062,214.99,2075,30081.0, 52.72,2026-06-03
AARTIIND, EQ, 03-Jun-2026,469.75,470.0,471.45,454.45,464.0,463.8,460.55,638355,2939.97,24484,294192.0, 46.09,2026-06-03
AARTIPHARM, EQ, 03-Jun-2026,635.2,635.2,639.65,605.0,622.0,621.85,618.05,365040,2256.13,16309,172174.0, 47.17,2026-06-03
AARTISURF, EQ, 03-Jun-2026,380.25,384.5,384.5,370.5,376.85,375.15,376.26,8465,31.85,455,6586.0, 77.80,2026-06-03
AARVI, EQ, 03-Jun-2026,131.64,132.0,132.0,128.92,131.95,131.94,130.67,6648,8.69,199,3813.0, 57.36,2026-06-03
AAVAS, EQ, 03-Jun-2026,1305.0,1300.0,1319.3,1294.0,1296.0,1312.0,1302.75,101148,1317.7,6016,82287.0, 81.35,2026-06-03
ABANSENT, BE, 03-Jun-2026,25.7,25.98,26.98,25.51,26.98,26.74,26.59,10643,2.83,87,, -,2026-06-03
ABB, EQ, 03-Jun-2026,7146.0,7146.0,7247.0,7083.0,7195.0,7196.0,7191.78,309040,22225.49,46679,113057.0, 36.58,2026-06-03
ABBOTINDIA, EQ, 03-Jun-2026,26295.0,26335.0,26420.0,26005.0,26185.0,26290.0,26237.86,4849,1272.27,2860,2310.0, 47.64,2026-06-03
ABCAPITAL, EQ, 03-Jun-2026,351.3,350.3,351.3,342.0,349.0,348.75,345.9,1782314,6165.05,41151,582084.0, 32.66,2026-06-03
ABCOTS, EQ, 03-Jun-2026,219.03,221.8,223.0,203.11,205.25,205.31,210.77,125274,264.04,3928,43817.0, 34.98,2026-06-03
ABDL, EQ, 03-Jun-2026,546.6,546.5,573.9,542.2,573.9,572.2,561.97,317367,1783.49,10007,190375.0, 59.99,2026-06-03
ABFRL, EQ, 03-Jun-2026,61.9,62.19,62.19,59.89,60.4,60.54,60.67,5132698,3114.14,28654,2311005.0, 45.03,2026-06-03
ABHAPOWER, SM, 03-Jun-2026,28.55,28.4,28.4,28.1,28.15,28.15,28.22,4800,1.35,3,4800.0, 100.00,2026-06-03
ABINFRA, EQ, 03-Jun-2026,11.22,11.44,11.44,10.42,10.55,10.59,10.9,1006214,109.69,2724,388983.0, 38.66,2026-06-03
ABLBL, EQ, 03-Jun-2026,99.08,99.4,99.88,96.5,97.88,98.22,97.81,641042,627.03,7871,351432.0, 54.82,2026-06-03
ABMINTLLTD, EQ, 03-Jun-2026,45.76,45.76,45.76,43.49,45.0,43.57,44.64,45,0.02,4,22.0, 48.89,2026-06-03
ABMKNO, EQ, 03-Jun-2026,209.0,209.0,220.0,209.0,219.0,218.22,219.13,13575,29.75,98,12018.0, 88.53,2026-06-03
ABREL, EQ, 03-Jun-2026,1230.1,1228.1,1270.6,1206.3,1255.0,1254.8,1242.62,166387,2067.56,15242,70674.0, 42.48,2026-06-03
ABSL10BANK, EQ, 03-Jun-2026,158.18,157.66,164.9,157.47,159.44,161.48,159.3,1675,2.67,36,847.0, 50.57,2026-06-03
ABSLAMC, EQ, 03-Jun-2026,1027.2,1020.0,1057.1,1005.6,1030.9,1033.3,1023.58,467879,4789.1,24492,329027.0, 70.32,2026-06-03
ABSLBANETF, EQ, 03-Jun-2026,54.99,56.64,56.64,54.25,55.49,55.3,54.5,79291,43.21,424,51719.0, 65.23,2026-06-03
ABSLLIQUID, EQ, 03-Jun-2026,999.99,1000.0,1000.01,999.99,1000.0,1000.0,1000.0,3643,36.43,14,1404.0, 38.54,2026-06-03
ABSLMSCIN, EQ, 03-Jun-2026,28.71,29.22,29.36,28.3,28.3,28.45,28.75,250,0.07,17,143.0, 57.20,2026-06-03
ABSLNN50ET, EQ, 03-Jun-2026,73.89,73.4,73.58,72.75,73.58,73.32,73.23,10222,7.49,194,5347.0, 52.31,2026-06-03
ABSLPSE, EQ, 03-Jun-2026,10.47,10.6,10.7,10.37,10.64,10.49,10.46,410324,42.93,1001,332491.0, 81.03,2026-06-03
ABSMARINE, ST, 03-Jun-2026,281.0,278.3,285.0,270.0,280.0,278.15,278.55,44000,122.56,72,35000.0, 79.55,2026-06-03
ACC, EQ, 03-Jun-2026,1369.9,1377.9,1377.9,1346.0,1350.0,1350.9,1351.34,142891,1930.94,9512,75375.0, 52.75,2026-06-03
ACCELYA, EQ, 03-Jun-2026,1156.1,1154.0,1165.0,1111.0,1152.0,1143.7,1145.51,9530,109.17,1014,5368.0, 56.33,2026-06-03
ACCENTMIC, SM, 03-Jun-2026,464.0,464.65,473.95,463.0,473.2,471.0,467.96,67000,313.54,117,42500.0, 63.43,2026-06-03
ACCORD, ST, 03-Jun-2026,58.4,61.3,61.3,61.3,61.3,61.3,61.3,2000,1.23,1,2000.0, 100.00,2026-06-03
ACCPL, ST, 03-Jun-2026,133.65,139.95,140.3,135.0,140.3,140.3,139.11,44400,61.76,33,34800.0, 78.38,2026-06-03
ACCURACY, EQ, 03-Jun-2026,5.69,5.69,5.96,5.51,5.65,5.7,5.72,95681,5.47,385,24913.0, 26.04,2026-06-03
ACE, EQ, 03-Jun-2026,876.8,871.0,876.8,850.5,866.0,867.1,863.38,157000,1355.5,9292,77772.0, 49.54,2026-06-03
ACEINTEG, EQ, 03-Jun-2026,20.65,20.6,21.45,20.03,21.0,20.92,20.78,3341,0.69,66,2055.0, 61.51,2026-06-03
ACI, EQ, 03-Jun-2026,536.2,538.0,541.45,525.4,535.0,535.5,535.14,90335,483.42,6708,27270.0, 30.19,2026-06-03
ACL, EQ, 03-Jun-2026,54.34,55.38,55.97,54.34,54.99,54.42,55.3,21663,11.98,178,15313.0, 70.69,2026-06-03
ACMESOLAR, EQ, 03-Jun-2026,334.75,335.0,336.9,324.05,329.0,329.05,328.48,3477148,11421.7,50194,1414600.0, 40.68,2026-06-03
ACSTECH, EQ, 03-Jun-2026,32.47,32.58,32.59,31.83,32.37,32.34,31.9,65308,20.84,174,52084.0, 79.75,2026-06-03
ACUTAAS, EQ, 03-Jun-2026,3037.6,3049.0,3180.0,3037.7,3135.0,3135.7,3124.96,385864,12058.09,39552,95290.0, 24.70,2026-06-03
ADANIENSOL, EQ, 03-Jun-2026,1530.6,1531.5,1532.0,1445.0,1500.0,1493.1,1477.89,4433558,65523.24,133838,1429297.0, 32.24,2026-06-03
ADANIENT, EQ, 03-Jun-2026,2968.1,2960.0,2965.0,2888.1,2929.0,2925.6,2922.19,1346112,39335.97,61748,273771.0, 20.34,2026-06-03
ADANIGREEN, EQ, 03-Jun-2026,1449.4,1450.0,1451.7,1396.0,1432.0,1427.5,1419.83,2227421,31625.66,52159,400548.0, 17.98,2026-06-03
ADANIPORTS, EQ, 03-Jun-2026,1814.5,1829.4,1840.0,1781.9,1801.6,1803.8,1810.87,2967709,53741.38,88174,756498.0, 25.49,2026-06-03
ADANIPOWER, EQ, 03-Jun-2026,235.93,237.0,237.15,229.43,232.8,232.52,232.55,22600806,52557.05,113130,4480593.0, 19.82,2026-06-03
ADDICTIVE, SM, 03-Jun-2026,64.1,60.9,60.9,60.9,60.9,60.9,60.9,3500,2.13,7,3500.0, 100.00,2026-06-03
ADFFOODS, EQ, 03-Jun-2026,273.15,271.5,298.0,271.5,290.15,290.3,290.05,1286693,3732.01,24879,386810.0, 30.06,2026-06-03
ADISOFT, SM, 03-Jun-2026,254.0,242.9,244.0,225.7,227.45,228.25,236.01,325600,768.46,375,181600.0, 55.77,2026-06-03
ADL, EQ, 03-Jun-2026,72.01,72.99,73.0,71.58,71.58,71.58,72.83,129,0.09,7,120.0, 93.02,2026-06-03
ADOR, EQ, 03-Jun-2026,1108.8,1106.0,1150.8,1104.0,1123.0,1141.1,1133.77,20820,236.05,2136,9083.0, 43.63,2026-06-03
ADROITINFO, EQ, 03-Jun-2026,9.03,9.29,9.29,8.55,9.1,9.07,8.92,27896,2.49,124,21183.0, 75.94,2026-06-03
ADSL, EQ, 03-Jun-2026,123.41,123.0,123.89,119.0,121.9,121.63,121.05,132213,160.05,2467,58563.0, 44.29,2026-06-03
ADVAIT, EQ, 03-Jun-2026,1972.4,2032.7,2087.7,1975.0,2069.0,2063.6,2028.53,93150,1889.58,8572,27822.0, 29.87,2026-06-03
ADVANCE, EQ, 03-Jun-2026,102.63,102.05,107.93,102.0,102.11,102.42,102.8,70444,72.42,896,33481.0, 47.53,2026-06-03
ADVANIHOTR, EQ, 03-Jun-2026,53.04,53.0,54.0,52.51,52.89,53.03,53.17,16255,8.64,424,11041.0, 67.92,2026-06-03
ADVENTHTL, EQ, 03-Jun-2026,140.48,141.19,141.19,134.4,134.41,135.46,136.53,114411,156.21,2179,78827.0, 68.90,2026-06-03
ADVENZYMES, EQ, 03-Jun-2026,392.1,395.1,395.75,378.5,380.0,380.25,385.3,201230,775.33,5773,93020.0, 46.23,2026-06-03
AEGISLOG, EQ, 03-Jun-2026,767.15,769.6,775.9,754.75,760.0,760.5,763.13,499925,3815.09,13676,249496.0, 49.91,2026-06-03
AEGISVOPAK, EQ, 03-Jun-2026,195.41,198.0,198.0,188.75,192.61,193.0,192.45,374145,720.04,8450,157652.0, 42.14,2026-06-03
AEPL, EQ, 03-Jun-2026,16.24,15.91,16.63,15.91,16.4,16.25,16.19,7411,1.2,116,3605.0, 48.64,2026-06-03
AEQUS, EQ, 03-Jun-2026,181.6,182.2,188.0,180.0,183.5,183.46,183.51,1881299,3452.29,29799,651646.0, 34.64,2026-06-03
AEROENTER, EQ, 03-Jun-2026,96.25,96.55,99.0,95.25,97.5,98.4,97.02,325381,315.67,2895,86242.0, 26.50,2026-06-03
AEROFLEX, EQ, 03-Jun-2026,419.45,424.0,439.0,413.05,430.1,434.4,426.86,3666854,15652.26,48788,949660.0, 25.90,2026-06-03
AERON, SM, 03-Jun-2026,80.95,80.9,80.95,80.0,80.0,80.0,80.47,6000,4.83,5,4000.0, 66.67,2026-06-03
AERONEU, EQ, 03-Jun-2026,88.04,88.0,88.0,86.0,87.0,86.61,87.43,48656,42.54,161,5675.0, 11.66,2026-06-03
AESTHETIK, SM, 03-Jun-2026,76.0,76.0,80.0,76.0,80.0,80.0,78.37,7000,5.49,4,7000.0, 100.00,2026-06-03
AETHER, EQ, 03-Jun-2026,1098.7,1089.0,1159.3,1075.5,1143.0,1139.4,1133.64,725322,8222.56,55767,338810.0, 46.71,2026-06-03
AFCONS, EQ, 03-Jun-2026,327.15,324.25,329.95,320.9,322.4,323.7,325.0,266939,867.54,7922,86391.0, 32.36,2026-06-03
AFFLE, EQ, 03-Jun-2026,1498.9,1499.0,1501.0,1452.1,1468.7,1469.6,1471.18,105471,1551.67,11383,40446.0, 38.35,2026-06-03
AFFORDABLE, BE, 03-Jun-2026,185.94,187.55,187.6,181.3,185.0,185.0,185.45,16172,29.99,254,, -,2026-06-03
AFIL, BE, 03-Jun-2026,10.04,9.96,10.1,9.8,9.85,9.88,9.94,644170,64.01,469,, -,2026-06-03
AFSL, EQ, 03-Jun-2026,201.22,201.01,201.86,201.0,201.0,201.0,201.04,8956,18.01,75,5741.0, 64.10,2026-06-03
AGARIND, EQ, 03-Jun-2026,424.7,423.1,424.7,414.0,419.35,419.4,417.69,15201,63.49,726,5963.0, 39.23,2026-06-03
AGARWALEYE, EQ, 03-Jun-2026,476.55,478.9,478.9,460.6,460.6,464.25,466.84,33822,157.9,2979,17038.0, 50.38,2026-06-03
AGARWALFT, ST, 03-Jun-2026,31.6,30.05,30.05,30.05,30.05,30.05,30.05,1500,0.45,1,1500.0, 100.00,2026-06-03
AGARWALTUF, SM, 03-Jun-2026,116.3,117.0,125.9,115.0,123.8,120.45,119.17,192000,228.81,79,152400.0, 79.38,2026-06-03
AGI, EQ, 03-Jun-2026,611.35,613.05,630.0,603.1,608.8,610.35,614.87,256359,1576.27,7908,71274.0, 27.80,2026-06-03
AGIIL, EQ, 03-Jun-2026,381.6,380.85,387.95,377.45,387.7,387.1,383.94,1920321,7372.92,10798,435427.0, 22.67,2026-06-03
AGNI, SM, 03-Jun-2026,18.45,18.45,18.45,18.45,18.45,18.45,18.45,2500,0.46,1,2500.0, 100.00,2026-06-03
AGRITECH, EQ, 03-Jun-2026,108.86,108.8,110.4,107.0,107.02,107.16,108.08,2085,2.25,110,1083.0, 51.94,2026-06-03
AGROPHOS, EQ, 03-Jun-2026,31.16,31.97,31.97,30.55,30.65,30.75,30.77,17424,5.36,156,12055.0, 69.19,2026-06-03
AGSTRA, BZ, 03-Jun-2026,2.46,2.52,2.58,2.52,2.58,2.58,2.57,131137,3.37,198,, -,2026-06-03
AHCL, EQ, 03-Jun-2026,13.63,13.48,13.83,13.48,13.6,13.72,13.65,967460,132.09,1515,599895.0, 62.01,2026-06-03
AHLADA, EQ, 03-Jun-2026,41.2,42.6,42.6,39.16,40.25,40.23,40.46,6770,2.74,173,5095.0, 75.26,2026-06-03
AHLEAST, EQ, 03-Jun-2026,156.71,156.74,161.0,156.74,158.35,158.55,159.25,1353,2.15,153,756.0, 55.88,2026-06-03
AHLUCONT, EQ, 03-Jun-2026,793.45,793.45,797.6,770.5,770.5,776.05,781.53,40364,315.46,3928,22016.0, 54.54,2026-06-03
AHLWEST, BE, 03-Jun-2026,579.85,608.8,608.8,566.0,578.0,578.45,590.91,1107,6.54,57,, -,2026-06-03
AIAENG, EQ, 03-Jun-2026,4552.3,4525.0,4574.7,4483.3,4520.0,4521.3,4525.23,49880,2257.18,10632,28111.0, 56.36,2026-06-03
AIIL, EQ, 03-Jun-2026,453.65,450.3,456.9,441.0,453.85,454.5,447.33,325761,1457.22,12195,127202.0, 39.05,2026-06-03
AILIMITED, ST, 03-Jun-2026,38.0,36.1,36.1,36.1,36.1,36.1,36.1,1500,0.54,1,1500.0, 100.00,2026-06-03
AIMTRON, SM, 03-Jun-2026,1295.0,1298.0,1343.0,1269.0,1300.0,1306.25,1304.44,42600,555.69,202,24200.0, 56.81,2026-06-03
AIRAN, EQ, 03-Jun-2026,16.95,16.65,17.5,16.64,17.0,17.18,17.14,127153,21.79,346,108461.0, 85.30,2026-06-03
AIROLAM, EQ, 03-Jun-2026,80.55,82.0,82.0,78.3,80.24,78.84,79.2,4277,3.39,108,3042.0, 71.12,2026-06-03
AISL, SM, 03-Jun-2026,51.75,49.2,54.2,49.2,54.2,54.2,53.37,10800,5.76,4,10800.0, 100.00,2026-06-03
AJANTPHARM, EQ, 03-Jun-2026,2912.2,2935.9,2945.5,2851.5,2930.0,2929.2,2904.96,188221,5467.74,27417,122760.0, 65.22,2026-06-03
AJAXENGG, EQ, 03-Jun-2026,590.4,593.7,602.2,590.0,594.55,596.5,596.45,117160,698.81,2624,91825.0, 78.38,2026-06-03
AJMERA, EQ, 03-Jun-2026,115.44,115.44,116.19,110.52,112.0,112.13,112.66,841996,948.63,9064,387868.0, 46.07,2026-06-03
AJOONI, EQ, 03-Jun-2026,4.01,4.02,4.04,3.98,4.0,4.01,4.01,193550,7.75,419,173421.0, 89.60,2026-06-03
AKANKSHA, ST, 03-Jun-2026,90.0,89.95,89.95,89.95,89.95,89.95,89.95,1000,0.9,1,1000.0, 100.00,2026-06-03
AKASH, EQ, 03-Jun-2026,27.36,27.36,28.61,27.06,28.25,28.42,28.2,16104,4.54,79,14708.0, 91.33,2026-06-03
AKCAPIT, EQ, 03-Jun-2026,1740.8,1744.0,1799.0,1732.1,1747.2,1756.1,1768.96,550,9.73,109,406.0, 73.82,2026-06-03
AKG, EQ, 03-Jun-2026,11.26,11.12,11.5,11.09,11.18,11.1,11.15,1940,0.22,62,1746.0, 90.00,2026-06-03
AKI, EQ, 03-Jun-2026,4.78,4.81,4.94,4.78,4.88,4.87,4.82,85733,4.14,237,75096.0, 87.59,2026-06-03
AKIKO, ST, 03-Jun-2026,266.8,267.0,268.5,267.0,267.0,267.85,267.5,4000,10.7,5,4000.0, 100.00,2026-06-03
AKSHAR, EQ, 03-Jun-2026,0.46,0.46,0.47,0.45,0.45,0.45,0.46,942372,4.3,259,559942.0, 59.42,2026-06-03
AKSHARCHEM, EQ, 03-Jun-2026,191.0,194.5,229.2,194.5,229.2,228.15,222.89,139715,311.4,3430,36289.0, 25.97,2026-06-03
AKSHOPTFBR, BE, 03-Jun-2026,6.34,6.46,6.46,6.46,6.46,6.46,6.46,24123,1.56,26,, -,2026-06-03
AKUMS, EQ, 03-Jun-2026,531.25,531.9,545.0,529.0,540.3,540.45,536.26,148831,798.12,8362,83158.0, 55.87,2026-06-03
ALANKIT, EQ, 03-Jun-2026,8.42,8.59,8.74,8.38,8.63,8.69,8.52,113325,9.66,472,93376.0, 82.40,2026-06-03
ALBERTDAVD, EQ, 03-Jun-2026,715.45,704.45,717.0,704.45,706.5,708.6,708.65,562,3.98,61,270.0, 48.04,2026-06-03
ALCODIS, ST, 03-Jun-2026,73.4,73.4,73.4,69.75,69.75,69.75,71.58,1250,0.89,2,625.0, 50.00,2026-06-03
ALEMBICLTD, EQ, 03-Jun-2026,87.35,87.0,87.1,84.44,85.75,86.0,85.86,225970,194.01,2430,109662.0, 48.53,2026-06-03
ALGOQUANT, EQ, 03-Jun-2026,55.71,56.15,56.9,54.1,54.1,54.75,55.36,1308339,724.24,4835,250666.0, 19.16,2026-06-03
ALICON, EQ, 03-Jun-2026,663.8,667.3,667.3,651.8,658.0,659.15,661.3,13320,88.08,1101,6987.0, 52.45,2026-06-03
ALIVUS, EQ, 03-Jun-2026,1047.6,1059.3,1074.4,1029.6,1036.0,1038.1,1042.99,74623,778.31,10872,36936.0, 49.50,2026-06-03
ALKALI, BE, 03-Jun-2026,97.86,99.98,102.0,94.5,94.99,94.91,97.32,11551,11.24,195,, -,2026-06-03
ALKEM, EQ, 03-Jun-2026,5239.0,5255.0,5297.0,5162.5,5278.0,5274.0,5227.5,167288,8744.98,29718,67697.0, 40.47,2026-06-03
ALKYLAMINE, EQ, 03-Jun-2026,1778.7,1777.9,1860.8,1736.6,1825.0,1836.8,1818.74,956062,17388.32,71016,98464.0, 10.30,2026-06-03
ALLCARGO, EQ, 03-Jun-2026,8.89,8.86,8.99,8.75,8.9,8.9,8.84,2428853,214.61,3058,1266780.0, 52.16,2026-06-03
ALLDIGI, EQ, 03-Jun-2026,829.75,831.2,843.15,821.4,826.0,825.95,827.45,4207,34.81,259,3016.0, 71.69,2026-06-03
ALLETEC, ST, 03-Jun-2026,139.8,135.85,146.75,132.9,137.05,137.05,138.91,40000,55.56,80,37200.0, 93.00,2026-06-03
ALLTIME, EQ, 03-Jun-2026,219.22,218.0,220.32,216.62,218.2,218.99,218.5,29700,64.9,577,17416.0, 58.64,2026-06-03
ALMONDZ, EQ, 03-Jun-2026,13.14,13.16,13.8,13.0,13.74,13.73,13.35,78579,10.49,358,54957.0, 69.94,2026-06-03
ALOKINDS, EQ, 03-Jun-2026,12.3,12.4,12.4,12.0,12.28,12.26,12.16,10853103,1320.2,16346,4188270.0, 38.59,2026-06-03
ALPA, EQ, 03-Jun-2026,69.7,70.8,70.8,68.51,69.0,69.11,69.14,7961,5.5,101,4034.0, 50.67,2026-06-03
ALPEXSOLAR, SM, 03-Jun-2026,1020.75,1015.0,1029.7,999.0,1003.95,1001.5,1006.16,41700,419.57,287,30000.0, 71.94,2026-06-03
ALPHA, EQ, 03-Jun-2026,49.67,49.74,50.08,49.15,50.0,49.93,49.55,1029543,510.11,2819,602715.0, 58.54,2026-06-03
ALPHAETF, EQ, 03-Jun-2026,25.42,24.91,25.54,24.91,25.5,25.49,25.3,368602,93.27,781,239792.0, 65.05,2026-06-03
ALPHAGEO, EQ, 03-Jun-2026,211.78,211.78,212.82,204.1,204.1,204.54,206.37,1735,3.58,104,1004.0, 57.87,2026-06-03
ALPL30IETF, EQ, 03-Jun-2026,26.23,26.22,26.55,25.7,26.12,26.1,26.13,534595,139.7,1795,211090.0, 39.49,2026-06-03
ALUWIND, SM, 03-Jun-2026,50.75,50.5,52.9,49.6,51.95,51.45,50.96,40500,20.64,21,31500.0, 77.78,2026-06-03
AMAGI, EQ, 03-Jun-2026,425.55,426.55,433.0,416.5,431.2,430.75,426.87,84052,358.79,6452,44320.0, 52.73,2026-06-03
AMANTA, EQ, 03-Jun-2026,115.32,115.0,125.0,114.2,125.0,122.33,119.6,105270,125.91,2020,53198.0, 50.53,2026-06-03
AMBAAUTO, SM, 03-Jun-2026,70.65,68.0,75.0,63.6,74.0,73.9,70.04,307000,215.01,180,226000.0, 73.62,2026-06-03
AMBALALSA, EQ, 03-Jun-2026,37.3,38.38,38.38,35.31,35.7,35.77,36.39,159917,58.2,1920,96246.0, 60.18,2026-06-03
AMBER, EQ, 03-Jun-2026,7591.5,7580.0,7685.0,7357.0,7497.0,7508.0,7528.59,309362,23290.61,34593,87570.0, 28.31,2026-06-03
AMBICAAGAR, EQ, 03-Jun-2026,23.69,23.0,24.44,23.0,24.08,24.29,23.95,11634,2.79,91,8248.0, 70.90,2026-06-03
AMBIKCO, EQ, 03-Jun-2026,1697.6,1697.0,1715.0,1662.2,1714.9,1711.0,1696.97,11285,191.5,1578,7413.0, 65.69,2026-06-03
AMBUJACEM, EQ, 03-Jun-2026,439.35,438.2,440.5,424.0,426.75,426.95,427.81,8611792,36841.79,118454,5468507.0, 63.50,2026-06-03
AMCL, SM, 03-Jun-2026,497.4,484.05,487.4,484.05,487.4,487.4,485.73,800,3.89,2,400.0, 50.00,2026-06-03
AMDIND, EQ, 03-Jun-2026,48.94,49.49,50.38,48.7,49.1,49.53,49.59,15949,7.91,217,7802.0, 48.92,2026-06-03
AMEYA, SM, 03-Jun-2026,105.25,102.15,102.95,102.15,102.5,102.6,102.36,18000,18.42,10,15000.0, 83.33,2026-06-03
AMIRCHAND, EQ, 03-Jun-2026,121.94,121.99,124.99,119.15,123.0,123.08,121.76,677771,825.28,4582,395127.0, 58.30,2026-06-03
AMJLAND, EQ, 03-Jun-2026,36.84,37.05,37.44,35.8,36.98,36.84,36.47,8651,3.16,174,6992.0, 80.82,2026-06-03
AMNPLST, EQ, 03-Jun-2026,202.46,203.5,222.0,200.1,203.9,203.4,212.39,161340,342.67,4152,37253.0, 23.09,2026-06-03
AMRUTANJAN, EQ, 03-Jun-2026,555.85,554.6,557.9,542.3,547.95,546.55,548.17,21464,117.66,1329,12041.0, 56.10,2026-06-03
ANANDRATHI, EQ, 03-Jun-2026,3539.3,1779.8,1821.3,1721.0,1780.0,1785.2,1767.31,686802,12137.95,30333,319507.0, 46.52,2026-06-03
ANANTAM, IV, 03-Jun-2026,104.62,105.8,105.8,103.75,104.11,103.99,104.02,124165,129.16,157,123525.0, 99.48,2026-06-03
ANANTRAJ, EQ, 03-Jun-2026,552.2,550.0,559.0,540.5,545.1,548.0,548.31,2655115,14558.16,43510,737747.0, 27.79,2026-06-03
ANDHRAPAP, EQ, 03-Jun-2026,61.82,62.12,62.85,61.32,62.84,62.32,61.9,65547,40.58,532,45943.0, 70.09,2026-06-03
ANDHRSUGAR, EQ, 03-Jun-2026,77.97,77.95,79.45,77.51,79.25,79.14,78.61,216226,169.98,2586,114693.0, 53.04,2026-06-03
ANGELONE, EQ, 03-Jun-2026,342.65,343.0,343.35,327.6,334.7,334.75,333.71,6426900,21446.9,57225,1504556.0, 23.41,2026-06-03
ANIKINDS, BE, 03-Jun-2026,44.5,45.59,45.59,43.65,45.0,43.74,44.27,209,0.09,14,, -,2026-06-03
ANKITMETAL, BZ, 03-Jun-2026,1.55,1.55,1.55,1.49,1.55,1.54,1.54,39543,0.61,39,, -,2026-06-03
ANLON, ST, 03-Jun-2026,641.5,652.7,655.0,651.75,651.75,651.75,653.41,2400,15.68,4,2400.0, 100.00,2026-06-03
ANMOL, EQ, 03-Jun-2026,11.41,11.31,11.87,11.07,11.2,11.22,11.43,51096,5.84,248,33302.0, 65.18,2026-06-03
ANNAPURNA, SM, 03-Jun-2026,141.1,139.7,139.9,136.0,136.9,137.0,137.41,28000,38.48,73,20750.0, 74.11,2026-06-03
ANONDITA, SM, 03-Jun-2026,1097.6,1077.0,1194.0,1077.0,1111.0,1117.35,1134.2,65000,737.23,248,30200.0, 46.46,2026-06-03
ANSALAPI, BZ, 03-Jun-2026,3.73,3.66,3.66,3.66,3.66,3.66,3.66,29670,1.09,9,, -,2026-06-03
ANTELOPUS, EQ, 03-Jun-2026,854.2,879.0,896.9,846.8,865.1,871.8,872.91,254667,2223.02,10983,103152.0, 40.50,2026-06-03
ANTGRAPHIC, EQ, 03-Jun-2026,0.81,0.83,0.83,0.82,0.82,0.82,0.82,67144,0.55,149,48804.0, 72.69,2026-06-03
ANTHEM, EQ, 03-Jun-2026,755.6,754.75,761.45,748.15,749.0,750.3,753.63,284184,2141.68,17451,166894.0, 58.73,2026-06-03
ANUHPHR, EQ, 03-Jun-2026,75.53,76.87,76.87,75.0,76.49,76.15,75.89,30313,23.01,673,16926.0, 55.84,2026-06-03
ANUP, EQ, 03-Jun-2026,1870.3,1870.3,1999.2,1840.1,1925.1,1934.7,1949.77,121290,2364.88,14260,39435.0, 32.51,2026-06-03
ANURAS, EQ, 03-Jun-2026,1324.9,1324.9,1337.0,1298.3,1327.2,1327.2,1318.39,275959,3638.22,9180,113165.0, 41.01,2026-06-03
AONEGOLD, EQ, 03-Jun-2026,14.54,14.5,14.7,14.34,14.43,14.41,14.43,308103,44.47,1316,231466.0, 75.13,2026-06-03
AONELIQUID, EQ, 03-Jun-2026,1061.99,1062.15,1062.15,1062.13,1062.15,1062.14,1062.13,17297,183.72,106,15230.0, 88.05,2026-06-03
AONENIFTY, EQ, 03-Jun-2026,9.67,9.9,9.9,9.52,9.64,9.61,9.58,383320,36.71,1731,237353.0, 61.92,2026-06-03
AONESILVER, EQ, 03-Jun-2026,10.03,10.01,10.03,9.82,9.84,9.84,9.88,505675,49.97,1173,363001.0, 71.79,2026-06-03
AONETMMQ50, EQ, 03-Jun-2026,10.15,10.2,10.3,10.06,10.13,10.15,10.12,53169,5.38,319,35062.0, 65.94,2026-06-03
AONETOTAL, EQ, 03-Jun-2026,11.43,11.47,11.47,11.26,11.43,11.4,11.36,356831,40.55,1393,178131.0, 49.92,2026-06-03
APARINDS, EQ, 03-Jun-2026,13270.0,13270.0,14080.0,13270.0,13538.0,13538.0,13677.17,231576,31673.05,56704,55184.0, 23.83,2026-06-03
APCL, EQ, 03-Jun-2026,122.17,121.0,121.0,115.55,120.6,120.6,118.09,5514,6.51,99,4417.0, 80.11,2026-06-03
APCOTEXIND, EQ, 03-Jun-2026,494.1,500.0,516.25,487.0,499.35,498.45,498.6,114425,570.52,4120,32360.0, 28.28,2026-06-03
APEX, EQ, 03-Jun-2026,441.2,444.8,444.8,428.0,431.8,432.3,432.98,310065,1342.53,7361,77985.0, 25.15,2026-06-03
APEXECO, ST, 03-Jun-2026,187.0,186.95,190.0,185.0,190.0,190.0,186.89,9600,17.94,12,9600.0, 100.00,2026-06-03
APLAPOLLO, EQ, 03-Jun-2026,1769.2,1769.2,1815.0,1750.2,1810.0,1805.4,1775.04,504434,8953.93,34093,236422.0, 46.87,2026-06-03
APLLTD, EQ, 03-Jun-2026,725.5,721.15,728.0,710.6,720.0,723.55,718.74,68595,493.02,6125,31570.0, 46.02,2026-06-03
APOLLO, EQ, 03-Jun-2026,437.0,441.0,446.9,402.5,411.5,407.55,418.41,42624969,178347.74,395242,8976711.0, 21.06,2026-06-03
APOLLOHOSP, EQ, 03-Jun-2026,8089.5,8109.5,8317.5,8109.5,8299.0,8290.5,8244.37,724687,59745.84,75951,367169.0, 50.67,2026-06-03
APOLLOPIPE, EQ, 03-Jun-2026,478.85,478.95,494.0,467.5,484.35,486.45,481.96,201208,969.74,7398,63070.0, 31.35,2026-06-03
APOLLOTYRE, EQ, 03-Jun-2026,391.75,391.3,394.9,387.95,391.1,391.15,391.35,541725,2120.07,12881,216254.0, 39.92,2026-06-03
APOLSINHOT, EQ, 03-Jun-2026,1273.6,1260.0,1325.0,1208.0,1306.0,1298.3,1280.88,2084,26.69,270,1592.0, 76.39,2026-06-03
APRAMEYA, SM, 03-Jun-2026,158.2,154.55,173.95,153.6,170.0,168.35,168.49,22500,37.91,30,17500.0, 77.78,2026-06-03
APS, SM, 03-Jun-2026,326.35,326.0,330.0,318.0,326.0,324.7,324.53,15250,49.49,54,10250.0, 67.21,2026-06-03
APSISAERO, ST, 03-Jun-2026,290.25,284.45,284.5,284.45,284.5,284.5,284.46,7200,20.48,6,7200.0, 100.00,2026-06-03
APTECHT, EQ, 03-Jun-2026,104.18,105.4,106.5,102.1,104.3,105.01,103.94,416916,433.35,5264,135939.0, 32.61,2026-06-03
APTUS, EQ, 03-Jun-2026,260.6,262.95,263.95,255.05,257.4,257.6,258.02,284099,733.02,11208,128028.0, 45.06,2026-06-03
AQYLON, EQ, 03-Jun-2026,59.6,58.89,59.21,56.7,56.8,56.84,57.49,3491233,2007.05,8067,1243897.0, 35.63,2026-06-03
ARABIAN, SM, 03-Jun-2026,67.5,65.5,65.5,65.5,65.5,65.5,65.5,2000,1.31,1,2000.0, 100.00,2026-06-03
ARCHIDPLY, EQ, 03-Jun-2026,77.51,77.02,80.1,76.4,76.9,76.96,77.88,9051,7.05,253,5522.0, 61.01,2026-06-03
ARCHIES, EQ, 03-Jun-2026,14.36,14.36,14.9,14.2,14.38,14.38,14.47,23605,3.41,112,15712.0, 66.56,2026-06-03
ARCIIL, ST, 03-Jun-2026,50.15,47.65,47.65,47.65,47.65,47.65,47.65,13000,6.19,12,12000.0, 92.31,2026-06-03
ARE&M, EQ, 03-Jun-2026,866.15,868.4,870.45,845.0,858.2,859.05,856.38,500557,4286.68,20569,159028.0, 31.77,2026-06-03
ARENTERP, EQ, 03-Jun-2026,38.16,37.31,38.6,37.31,37.53,37.47,37.86,170,0.06,24,146.0, 85.88,2026-06-03
ARFIN, EQ, 03-Jun-2026,90.85,90.77,91.0,88.03,88.5,89.94,89.49,2397051,2145.07,4930,396647.0, 16.55,2026-06-03
ARHAM, SM, 03-Jun-2026,142.9,140.0,142.5,132.0,142.0,142.15,140.32,17000,23.85,14,8000.0, 47.06,2026-06-03
ARIES, EQ, 03-Jun-2026,332.05,330.35,334.7,327.1,331.9,330.9,329.76,15944,52.58,621,10048.0, 63.02,2026-06-03
ARIHANT, EQ, 03-Jun-2026,812.65,829.5,839.95,800.4,822.4,829.05,822.59,1834,15.09,264,1252.0, 68.27,2026-06-03
ARIHANTCAP, EQ, 03-Jun-2026,66.01,66.29,70.4,64.68,66.65,66.82,67.49,524132,353.72,4965,78210.0, 14.92,2026-06-03
ARIHANTSUP, EQ, 03-Jun-2026,266.85,266.2,270.0,260.0,262.6,264.65,264.41,38342,101.38,624,22276.0, 58.10,2026-06-03
ARIS, EQ, 03-Jun-2026,115.66,115.4,115.61,112.27,114.05,114.22,113.41,319933,362.83,2822,187544.0, 58.62,2026-06-03
ARKADE, EQ, 03-Jun-2026,114.62,115.0,115.0,112.51,113.23,113.94,113.36,135339,153.43,2300,71550.0, 52.87,2026-06-03
ARMANFIN, EQ, 03-Jun-2026,1589.0,1590.0,1600.3,1546.2,1580.0,1572.0,1572.14,27054,425.33,3402,11934.0, 44.11,2026-06-03
ARMOUR, SM, 03-Jun-2026,20.25,20.5,20.5,20.0,20.0,20.0,20.33,12000,2.44,5,12000.0, 100.00,2026-06-03
AROGRANITE, EQ, 03-Jun-2026,25.0,24.86,24.9,24.85,24.9,24.86,24.86,594,0.15,8,573.0, 96.46,2026-06-03
ARROWGREEN, EQ, 03-Jun-2026,564.6,564.6,566.55,540.3,555.0,551.9,553.47,115181,637.49,4362,56818.0, 49.33,2026-06-03
ARSHIYA, BZ, 03-Jun-2026,1.14,1.14,1.15,1.11,1.15,1.13,1.13,91855,1.04,67,, -,2026-06-03
ARSSBL, EQ, 03-Jun-2026,536.15,538.0,544.9,521.1,533.5,533.25,530.55,125200,664.25,4430,44893.0, 35.86,2026-06-03
ARTEMISMED, EQ, 03-Jun-2026,270.9,272.3,272.3,264.7,267.05,268.35,268.09,86549,232.03,5016,48341.0, 55.85,2026-06-03
ARTNIRMAN, EQ, 03-Jun-2026,42.95,42.95,43.0,42.85,42.85,42.85,42.89,643,0.28,6,643.0, 100.00,2026-06-03
ARUNAYA, ST, 03-Jun-2026,19.5,19.5,19.5,18.55,18.55,18.55,18.69,80000,14.96,31,76000.0, 95.00,2026-06-03
ARVIND, EQ, 03-Jun-2026,500.65,502.0,502.8,482.4,485.5,485.05,489.22,692347,3387.11,21234,249452.0, 36.03,2026-06-03
ARVINDFASN, EQ, 03-Jun-2026,476.05,473.0,479.85,465.8,478.0,477.2,476.69,221983,1058.16,12685,135625.0, 61.10,2026-06-03
ARVINDPORT, ST, 03-Jun-2026,29.75,28.3,28.95,28.3,28.9,28.9,28.42,16500,4.69,10,15000.0, 90.91,2026-06-03
ARVSMART, EQ, 03-Jun-2026,594.5,591.55,591.95,583.55,584.0,586.1,586.94,11878,69.72,594,6984.0, 58.80,2026-06-03
ASAHIINDIA, EQ, 03-Jun-2026,899.15,906.35,920.95,883.05,905.0,903.5,901.83,126702,1142.64,11523,28082.0, 22.16,2026-06-03
ASAHISONG, EQ, 03-Jun-2026,259.14,261.0,261.0,254.1,259.45,257.84,256.92,11330,29.11,402,4750.0, 41.92,2026-06-03
ASAL, EQ, 03-Jun-2026,531.7,531.7,532.9,511.2,515.0,518.3,519.12,14358,74.54,1095,7381.0, 51.41,2026-06-03
ASALCBR, EQ, 03-Jun-2026,833.15,822.15,838.6,817.35,835.0,831.55,828.66,22828,189.17,1560,12858.0, 56.33,2026-06-03
ASHALOG, SM, 03-Jun-2026,55.0,54.95,58.0,54.95,57.0,57.65,56.22,10000,5.62,9,9000.0, 90.00,2026-06-03
ASHAPURMIN, EQ, 03-Jun-2026,726.5,732.45,732.45,695.0,723.0,722.5,711.33,679948,4836.65,22835,211894.0, 31.16,2026-06-03
ASHIANA, EQ, 03-Jun-2026,362.35,360.1,363.0,353.0,355.0,355.7,358.22,34166,122.39,1146,21411.0, 62.67,2026-06-03
ASHIKA, EQ, 03-Jun-2026,364.9,366.75,369.7,354.4,358.2,358.95,362.89,170960,620.4,5555,26804.0, 15.68,2026-06-03
ASHIMASYN, EQ, 03-Jun-2026,16.66,16.6,16.8,16.12,16.8,16.61,16.38,35629,5.84,184,28157.0, 79.03,2026-06-03
ASHOKA, EQ, 03-Jun-2026,124.23,124.01,124.85,122.05,123.9,123.9,123.09,527988,649.87,6640,200879.0, 38.05,2026-06-03
ASHOKAMET, EQ, 03-Jun-2026,15.61,15.61,15.99,15.23,15.53,15.53,15.52,11435,1.77,159,10159.0, 88.84,2026-06-03
ASHOKLEY, EQ, 03-Jun-2026,149.05,147.19,147.8,142.2,147.2,145.84,144.54,50124149,72451.19,241430,25069584.0, 50.01,2026-06-03
ASHWINI, SM, 03-Jun-2026,142.0,144.0,144.0,142.0,142.0,142.0,142.12,55000,78.17,10,53000.0, 96.36,2026-06-03
ASIANENE, EQ, 03-Jun-2026,346.8,348.95,355.75,336.05,352.0,352.7,346.22,249922,865.28,8365,96963.0, 38.80,2026-06-03
ASIANHOTNR, EQ, 03-Jun-2026,307.45,308.55,313.8,300.5,305.2,301.45,307.46,2189,6.73,68,1659.0, 75.79,2026-06-03
ASIANPAINT, EQ, 03-Jun-2026,2660.7,2652.1,2676.0,2624.7,2657.0,2662.4,2658.87,958774,25492.56,58680,485598.0, 50.65,2026-06-03
ASIANTILES, EQ, 03-Jun-2026,60.98,61.11,61.18,60.0,60.5,60.31,60.56,595556,360.66,3071,303198.0, 50.91,2026-06-03
ASKAUTOLTD, EQ, 03-Jun-2026,440.5,442.55,444.0,433.0,438.9,437.45,437.23,55960,244.68,2854,29768.0, 53.20,2026-06-03
ASMS, EQ, 03-Jun-2026,7.55,7.66,7.79,7.31,7.49,7.44,7.47,462433,34.55,1100,296553.0, 64.13,2026-06-03
ASPINWALL, EQ, 03-Jun-2026,244.21,245.0,245.0,237.3,242.95,242.95,242.17,1479,3.58,37,1257.0, 84.99,2026-06-03
ASPIRE, SM, 03-Jun-2026,15.2,14.95,14.95,14.95,14.95,14.95,14.95,2000,0.3,1,2000.0, 100.00,2026-06-03
ASTAR, EQ, 03-Jun-2026,627.0,630.0,639.4,610.0,638.55,638.55,624.17,110,0.69,15,106.0, 96.36,2026-06-03
ASTEC, EQ, 03-Jun-2026,787.9,778.3,848.85,772.1,780.55,782.85,820.49,386835,3173.95,21188,51704.0, 13.37,2026-06-03
ASTERDM, EQ, 03-Jun-2026,726.95,726.95,736.0,723.85,731.0,730.5,729.83,556755,4063.37,17569,308917.0, 55.49,2026-06-03
ASTRAL, EQ, 03-Jun-2026,1526.7,1534.3,1548.7,1517.2,1533.0,1536.9,1534.64,727937,11171.24,30645,357145.0, 49.06,2026-06-03
ASTRAMICRO, EQ, 03-Jun-2026,1323.8,1315.0,1352.7,1296.3,1321.0,1323.7,1327.32,511436,6788.37,26896,172614.0, 33.75,2026-06-03
ASTRAZEN, EQ, 03-Jun-2026,8710.0,8666.5,8698.5,8505.0,8506.0,8557.0,8601.7,3329,286.35,1201,1659.0, 49.83,2026-06-03
ASTRON, BE, 03-Jun-2026,3.95,4.14,4.14,4.0,4.02,4.02,4.07,16595,0.67,49,, -,2026-06-03
ATALREAL, EQ, 03-Jun-2026,29.01,29.44,29.75,29.22,29.5,29.55,29.57,5529019,1635.04,2732,1503121.0, 27.19,2026-06-03
ATAM, EQ, 03-Jun-2026,70.3,72.0,72.48,70.2,70.2,70.51,70.76,6876,4.87,147,2907.0, 42.28,2026-06-03
ATCENERGY, ST, 03-Jun-2026,24.15,25.25,25.35,22.95,23.5,23.1,23.59,58800,13.87,45,48000.0, 81.63,2026-06-03
ATGL, EQ, 03-Jun-2026,738.15,740.0,747.0,700.0,718.6,717.6,716.61,7961803,57055.01,123383,1416461.0, 17.79,2026-06-03
ATHERENERG, EQ, 03-Jun-2026,960.6,961.0,1047.0,960.6,1020.95,1022.05,1010.04,13219934,133526.81,298654,2493188.0, 18.86,2026-06-03
ATL, EQ, 03-Jun-2026,24.08,23.75,24.9,23.75,24.02,24.19,24.17,70172,16.96,602,36123.0, 51.48,2026-06-03
ATLANTAA, EQ, 03-Jun-2026,41.54,41.03,41.87,40.16,41.25,40.65,40.72,38663,15.74,850,18557.0, 48.00,2026-06-03
ATLANTAELE, EQ, 03-Jun-2026,1952.5,1943.0,2050.1,1881.1,2050.1,2050.1,1968.27,116065,2284.48,12292,73254.0, 63.11,2026-06-03
ATLASCYCLE, EQ, 03-Jun-2026,99.45,99.43,99.5,96.05,99.5,99.1,98.06,1404,1.38,46,959.0, 68.30,2026-06-03
ATLPP, E1, 03-Jun-2026,9.2,9.9,10.4,9.21,9.22,9.37,9.68,4714,0.46,28,3023.0, 64.13,2026-06-03
ATMASTCO, ST, 03-Jun-2026,170.65,171.7,176.5,163.15,170.0,170.8,167.08,30400,50.79,48,27200.0, 89.47,2026-06-03
ATUL, EQ, 03-Jun-2026,6641.0,6690.0,6699.5,6611.5,6650.0,6655.5,6649.68,15292,1016.87,4041,7272.0, 47.55,2026-06-03
ATULAUTO, EQ, 03-Jun-2026,476.3,479.8,479.9,464.1,469.0,468.55,470.53,127799,601.33,4396,46484.0, 36.37,2026-06-03
AUBANK, EQ, 03-Jun-2026,976.45,975.4,975.95,941.4,970.0,970.6,960.85,2372021,22791.52,66337,1357265.0, 57.22,2026-06-03
AURIGROW, EQ, 03-Jun-2026,0.31,0.31,0.32,0.3,0.31,0.3,0.31,6195189,19.0,1010,4331268.0, 69.91,2026-06-03
AURIONPRO, EQ, 03-Jun-2026,827.9,834.0,834.0,805.0,809.5,809.55,813.83,130075,1058.59,5174,63265.0, 48.64,2026-06-03
AUROIMPEX, SM, 03-Jun-2026,28.25,26.7,26.7,26.7,26.7,26.7,26.7,1600,0.43,1,1600.0, 100.00,2026-06-03
AUROPHARMA, EQ, 03-Jun-2026,1429.2,1432.5,1458.0,1419.2,1435.0,1440.4,1441.74,969156,13972.72,37216,412461.0, 42.56,2026-06-03
AURUM, EQ, 03-Jun-2026,180.11,179.01,181.0,178.01,180.45,180.23,179.8,83898,150.85,879,64281.0, 76.62,2026-06-03
AUSL, SM, 03-Jun-2026,22.3,23.4,23.4,23.4,23.4,23.4,23.4,4000,0.94,2,4000.0, 100.00,2026-06-03
AUSOMENT, BE, 03-Jun-2026,123.15,122.93,127.86,118.7,119.99,120.0,121.98,2320,2.83,44,, -,2026-06-03
AUTOAXLES, EQ, 03-Jun-2026,1752.2,1743.4,1750.4,1707.0,1710.5,1715.6,1719.35,8191,140.83,908,5274.0, 64.39,2026-06-03
AUTOBEES, EQ, 03-Jun-2026,268.48,269.71,270.17,266.66,267.1,268.88,268.38,134780,361.72,2328,47222.0, 35.04,2026-06-03
AUTOIETF, EQ, 03-Jun-2026,26.92,26.93,27.06,26.71,26.93,26.92,26.86,700588,188.2,1561,388643.0, 55.47,2026-06-03
AUTOIND, BE, 03-Jun-2026,77.5,78.0,79.0,75.05,78.49,77.39,77.48,55680,43.14,349,, -,2026-06-03
AVADHSUGAR, BE, 03-Jun-2026,456.45,450.0,475.0,450.0,475.0,468.9,463.71,26044,120.77,378,, -,2026-06-03
AVAILFC, EQ, 03-Jun-2026,159.5,160.0,161.5,155.7,155.7,157.73,160.03,2473,3.96,72,1939.0, 78.41,2026-06-03
AVALON, EQ, 03-Jun-2026,1511.9,1512.1,1540.0,1489.9,1511.0,1515.8,1515.46,223256,3383.36,19197,67575.0, 30.27,2026-06-03
AVANA, ST, 03-Jun-2026,132.55,125.95,136.5,125.95,134.4,135.1,127.62,60000,76.57,26,56000.0, 93.33,2026-06-03
AVANTEL, EQ, 03-Jun-2026,176.14,176.14,177.19,171.81,177.0,175.7,174.57,1610638,2811.61,14815,566025.0, 35.14,2026-06-03
AVANTIFEED, EQ, 03-Jun-2026,1158.6,1158.6,1174.8,1131.3,1174.5,1171.7,1155.44,288810,3337.02,20100,90141.0, 31.21,2026-06-03
AVATAR, ST, 03-Jun-2026,147.8,147.4,147.4,147.4,147.4,147.4,147.4,2000,2.95,1,2000.0, 100.00,2026-06-03
AVG, EQ, 03-Jun-2026,154.15,151.8,153.57,150.1,151.0,151.73,152.0,11417,17.35,308,6186.0, 54.18,2026-06-03
AVG-RE, BE, 03-Jun-2026,4.68,4.68,4.7,2.81,3.5,3.28,3.14,58463,1.84,224,, -,2026-06-03
AVIANSH, SM, 03-Jun-2026,112.0,112.0,112.0,110.0,112.0,112.0,111.0,4000,4.44,4,3000.0, 75.00,2026-06-03
AVL, EQ, 03-Jun-2026,508.2,501.0,527.95,501.0,526.55,526.0,519.21,101791,528.51,6266,42657.0, 41.91,2026-06-03
AVONMORE, EQ, 03-Jun-2026,10.32,10.32,10.38,10.08,10.22,10.21,10.18,112134,11.42,347,93204.0, 83.12,2026-06-03
AVPINFRA, SM, 03-Jun-2026,68.65,69.5,72.05,69.0,72.05,72.05,71.53,52000,37.2,61,36800.0, 70.77,2026-06-03
AVROIND, EQ, 03-Jun-2026,10.23,10.26,10.99,10.15,10.84,10.69,10.48,223650,23.44,855,143190.0, 64.02,2026-06-03
AVTNPL, EQ, 03-Jun-2026,71.01,70.56,71.53,69.36,70.1,70.22,70.05,52085,36.49,1257,25977.0, 49.87,2026-06-03
AWFIS, EQ, 03-Jun-2026,317.15,318.0,319.95,309.5,313.65,311.55,313.12,267049,836.18,9299,100249.0, 37.54,2026-06-03
AWHCL, EQ, 03-Jun-2026,463.15,465.5,465.5,452.1,456.0,454.25,456.24,90401,412.45,4314,45141.0, 49.93,2026-06-03
AWL, EQ, 03-Jun-2026,190.65,190.65,191.36,185.75,189.6,190.18,188.43,1536314,2894.95,18155,645560.0, 42.02,2026-06-03
AXISBANK, EQ, 03-Jun-2026,1251.1,1245.1,1264.8,1230.3,1257.5,1255.2,1250.99,7953326,99495.61,156559,4740421.0, 59.60,2026-06-03
AXISBNKETF, EQ, 03-Jun-2026,553.6,539.76,558.4,539.76,558.4,556.83,553.72,11041,61.14,90,9794.0, 88.71,2026-06-03
AXISCADES, EQ, 03-Jun-2026,1682.2,1625.0,1728.4,1625.0,1684.9,1682.6,1676.23,1359677,22791.38,43912,654607.0, 48.14,2026-06-03
AXISCETF, EQ, 03-Jun-2026,115.04,114.31,114.65,113.69,114.53,114.0,114.09,1233,1.41,36,1164.0, 94.40,2026-06-03
AXISGOLD, EQ, 03-Jun-2026,129.59,129.5,129.5,128.04,128.49,128.5,128.64,478918,616.1,4594,240172.0, 50.15,2026-06-03
AXISHCETF, EQ, 03-Jun-2026,154.63,154.67,158.38,153.76,157.0,157.58,154.73,1139,1.76,61,800.0, 70.24,2026-06-03
AXISILVER, EQ, 03-Jun-2026,261.13,259.42,259.42,255.89,256.0,256.36,257.11,300529,772.69,3824,80371.0, 26.74,2026-06-03
AXISNIFTY, EQ, 03-Jun-2026,258.5,262.5,262.5,255.51,258.14,258.02,256.67,10489,26.92,273,8603.0, 82.02,2026-06-03
AXISTECETF, EQ, 03-Jun-2026,341.63,333.33,334.21,322.19,323.0,323.17,324.82,51461,167.16,1130,34709.0, 67.45,2026-06-03
AXISVALUE, EQ, 03-Jun-2026,33.65,33.69,34.08,33.43,34.08,33.94,33.62,52860,17.77,359,35968.0, 68.04,2026-06-03
AXITA, EQ, 03-Jun-2026,7.81,7.94,7.94,7.76,7.88,7.87,7.82,231657,18.12,759,142044.0, 61.32,2026-06-03
AXSENSEX, EQ, 03-Jun-2026,76.97,77.68,77.68,76.12,76.76,77.0,76.45,5651,4.32,54,4438.0, 78.53,2026-06-03
AYE, EQ, 03-Jun-2026,163.98,165.0,168.78,151.05,156.7,158.27,157.02,3435775,5394.9,34817,985071.0, 28.67,2026-06-03
AYMSYNTEX, EQ, 03-Jun-2026,223.99,232.7,232.7,215.0,220.0,222.79,220.18,21546,47.44,1137,12170.0, 56.48,2026-06-03
AZAD, EQ, 03-Jun-2026,2066.1,2071.0,2132.0,2043.9,2092.0,2090.9,2091.51,403701,8443.46,29410,147004.0, 36.41,2026-06-03
BAFNAPH, EQ, 03-Jun-2026,145.41,152.68,152.68,152.68,152.68,152.68,152.68,2326,3.55,33,2326.0, 100.00,2026-06-03
BAGDIGITAL, SM, 03-Jun-2026,106.15,107.0,107.0,106.75,106.75,106.85,106.83,4800,5.13,3,4800.0, 100.00,2026-06-03
BAGFILMS, EQ, 03-Jun-2026,5.0,5.09,5.09,4.83,5.02,5.03,5.03,92827,4.67,259,57391.0, 61.83,2026-06-03
BAGMANE, RR, 03-Jun-2026,103.88,104.13,104.13,103.5,103.7,103.67,103.76,415626,431.25,26587,327598.0, 78.82,2026-06-03
BAHETI, SM, 03-Jun-2026,609.15,624.0,624.0,608.0,619.0,618.7,613.6,31875,195.59,77,16875.0, 52.94,2026-06-03
BAIDFIN, EQ, 03-Jun-2026,10.48,10.4,10.74,10.21,10.4,10.47,10.46,69057,7.23,196,46546.0, 67.40,2026-06-03
BAJAJ-AUTO, EQ, 03-Jun-2026,10281.0,10281.0,10415.0,10202.0,10243.0,10259.0,10280.04,355015,36495.67,45911,182133.0, 51.30,2026-06-03
BAJAJCON, EQ, 03-Jun-2026,571.65,573.9,579.85,553.1,554.25,555.4,562.52,693422,3900.66,26404,323655.0, 46.68,2026-06-03
BAJAJELEC, EQ, 03-Jun-2026,312.9,314.9,315.65,301.05,308.35,308.75,306.25,577691,1769.15,17016,253074.0, 43.81,2026-06-03
BAJAJFINSV, EQ, 03-Jun-2026,1741.4,1739.0,1741.9,1708.1,1734.2,1734.4,1726.51,561611,9696.26,33710,258195.0, 45.97,2026-06-03
BAJAJHCARE, EQ, 03-Jun-2026,299.8,299.8,301.8,293.25,297.9,298.7,297.03,54547,162.02,2089,27225.0, 49.91,2026-06-03
BAJAJHFL, EQ, 03-Jun-2026,83.28,83.48,84.1,83.06,83.7,83.64,83.61,3591098,3002.38,30821,1547358.0, 43.09,2026-06-03
BAJAJHIND, EQ, 03-Jun-2026,18.72,18.8,18.98,18.07,18.54,18.48,18.39,5372079,987.69,8590,2010288.0, 37.42,2026-06-03
BAJAJHLDNG, EQ, 03-Jun-2026,10240.0,10200.0,10265.0,10060.0,10176.0,10190.0,10165.15,25913,2634.1,8491,9286.0, 35.84,2026-06-03
BAJAJINDEF, EQ, 03-Jun-2026,247.8,247.75,249.0,242.0,243.6,247.3,246.65,17538,43.26,490,10503.0, 59.89,2026-06-03
BAJAJST, EQ, 03-Jun-2026,386.3,381.05,387.25,375.1,377.25,377.4,377.87,12000,45.34,662,8627.0, 71.89,2026-06-03
BAJEL, EQ, 03-Jun-2026,194.01,194.0,206.8,191.35,200.01,199.93,199.29,1998351,3982.48,27778,491621.0, 24.60,2026-06-03
BAJFINANCE, EQ, 03-Jun-2026,882.0,882.0,882.0,863.5,876.7,876.8,871.93,14747769,128589.92,165431,7879337.0, 53.43,2026-06-03
BALAJEE, EQ, 03-Jun-2026,29.05,30.1,30.1,28.75,28.82,29.28,29.5,33738,9.95,396,15544.0, 46.07,2026-06-03
BALAJITELE, EQ, 03-Jun-2026,90.58,90.58,91.55,88.61,89.1,89.34,89.7,119009,106.76,1414,62940.0, 52.89,2026-06-03
BALAMINES, EQ, 03-Jun-2026,2016.1,2020.0,2185.0,1942.8,2123.0,2122.2,2119.44,3178753,67371.83,172577,293375.0, 9.23,2026-06-03
BALAXI, BE, 03-Jun-2026,25.43,25.01,25.95,24.21,25.0,24.99,24.87,35201,8.75,150,, -,2026-06-03
BALCO, ST, 03-Jun-2026,19.4,19.5,19.5,19.5,19.5,19.5,19.5,3600,0.7,2,3600.0, 100.00,2026-06-03
BALKRISHNA, EQ, 03-Jun-2026,18.21,18.4,19.1,18.14,18.74,18.5,18.46,3733,0.69,35,2718.0, 72.81,2026-06-03
BALKRISIND, EQ, 03-Jun-2026,2150.3,2145.0,2216.0,2145.0,2196.1,2200.4,2193.38,111771,2451.57,16643,46639.0, 41.73,2026-06-03
BALMLAWRIE, EQ, 03-Jun-2026,181.15,181.55,182.99,180.14,182.1,182.45,181.82,105325,191.5,1490,52234.0, 49.59,2026-06-03
BALPHARMA, EQ, 03-Jun-2026,87.39,87.5,91.5,86.61,87.11,88.07,88.6,67304,59.63,842,20874.0, 31.01,2026-06-03
BALRAMCHIN, EQ, 03-Jun-2026,537.4,537.0,537.4,524.1,531.5,529.95,529.89,1087517,5762.6,9341,974100.0, 89.57,2026-06-03
BALUFORGE, EQ, 03-Jun-2026,465.2,468.7,489.7,463.5,482.5,483.1,483.78,1771727,8571.34,30817,996251.0, 56.23,2026-06-03
BANARBEADS, EQ, 03-Jun-2026,108.02,107.0,108.02,105.0,108.02,105.92,106.48,723,0.77,77,562.0, 77.73,2026-06-03
BANARISUG, EQ, 03-Jun-2026,3600.4,3628.4,3628.4,3600.0,3600.0,3600.6,3601.01,262,9.43,34,218.0, 83.21,2026-06-03
BANCOINDIA, EQ, 03-Jun-2026,654.8,656.4,657.25,642.2,654.0,651.7,649.87,119432,776.15,7154,47911.0, 40.12,2026-06-03
BANDHANBNK, EQ, 03-Jun-2026,206.33,208.0,209.44,201.0,207.1,207.62,205.33,11101299,22794.61,61356,3655243.0, 32.93,2026-06-03
BANG, EQ, 03-Jun-2026,38.99,38.2,40.0,38.1,38.45,38.26,38.51,4504,1.73,66,1517.0, 33.68,2026-06-03
BANK10ADD, EQ, 03-Jun-2026,15.92,15.84,16.25,15.7,16.25,16.08,15.89,33245,5.28,132,21301.0, 64.07,2026-06-03
BANKA, BE, 03-Jun-2026,92.33,94.17,94.17,91.65,92.49,92.49,92.7,3636,3.37,28,, -,2026-06-03
BANKADD, EQ, 03-Jun-2026,54.98,54.78,55.45,54.17,55.25,55.31,54.81,64398,35.29,173,43322.0, 67.27,2026-06-03
BANKBARODA, EQ, 03-Jun-2026,265.8,263.9,269.9,260.8,269.6,268.85,265.1,17903043,47460.1,80157,7000329.0, 39.10,2026-06-03
BANKBEES, EQ, 03-Jun-2026,555.91,556.15,561.0,548.25,559.98,559.67,553.55,1466358,8116.96,15621,606379.0, 41.35,2026-06-03
BANKBETA, EQ, 03-Jun-2026,55.49,55.48,56.0,54.71,55.9,55.91,55.27,367114,202.91,849,320178.0, 87.21,2026-06-03
BANKBETF, EQ, 03-Jun-2026,54.59,54.86,55.06,53.81,55.04,54.96,53.99,42736,23.07,278,37688.0, 88.19,2026-06-03
BANKETF, EQ, 03-Jun-2026,546.69,540.89,551.34,539.04,551.34,550.89,545.53,16043,87.52,240,9307.0, 58.01,2026-06-03
BANKIETF, EQ, 03-Jun-2026,55.11,55.0,55.63,54.33,55.54,55.52,55.02,670177,368.72,3147,343836.0, 51.31,2026-06-03
BANKINDIA, EQ, 03-Jun-2026,137.29,137.68,140.53,134.7,140.35,139.92,137.45,7726413,10619.95,33986,2520577.0, 32.62,2026-06-03
BANKNIFTY1, EQ, 03-Jun-2026,55.58,55.12,56.22,54.9,55.9,56.03,55.55,937754,520.92,1070,482025.0, 51.40,2026-06-03
BANKPSU, EQ, 03-Jun-2026,81.31,81.71,82.78,80.25,82.63,82.66,81.47,10329,8.42,143,6724.0, 65.10,2026-06-03
BANSALWIRE, EQ, 03-Jun-2026,309.45,310.9,318.0,306.4,312.4,310.0,312.8,46221,144.58,1539,23269.0, 50.34,2026-06-03
BANSWRAS, EQ, 03-Jun-2026,124.18,124.9,124.9,121.2,121.5,122.42,122.45,12222,14.97,304,5552.0, 45.43,2026-06-03
BARFLEX, SM, 03-Jun-2026,57.5,57.5,57.5,57.5,57.5,57.5,57.5,2000,1.15,1,2000.0, 100.00,2026-06-03
BASF, EQ, 03-Jun-2026,3348.5,3359.3,3359.3,3298.0,3313.9,3312.8,3315.16,12794,424.14,2653,7083.0, 55.36,2026-06-03
BASILIC, SM, 03-Jun-2026,211.6,214.0,214.0,209.0,211.75,210.6,210.74,19800,41.73,55,15600.0, 78.79,2026-06-03
BASML, EQ, 03-Jun-2026,24.92,24.92,25.4,24.4,24.5,24.59,24.94,65445,16.32,803,34880.0, 53.30,2026-06-03
BATAINDIA, EQ, 03-Jun-2026,670.3,671.0,673.5,657.55,666.05,665.8,662.93,70147,465.02,7052,27580.0, 39.32,2026-06-03
BATLIBOI, EQ, 03-Jun-2026,78.62,76.3,79.79,76.0,76.0,77.24,77.09,15684,12.09,324,10159.0, 64.77,2026-06-03
BAWEJA, SM, 03-Jun-2026,31.9,31.0,31.0,29.7,29.7,29.7,30.15,2400,0.72,3,2400.0, 100.00,2026-06-03
BAYERCROP, EQ, 03-Jun-2026,4465.8,4447.2,4484.2,4377.6,4386.0,4399.3,4426.74,30206,1337.14,4645,21441.0, 70.98,2026-06-03
BBETF0432, EQ, 03-Jun-2026,1308.99,1303.34,1312.9,1303.31,1307.39,1308.06,1307.03,4131,53.99,74,4005.0, 96.95,2026-06-03
BBL, EQ, 03-Jun-2026,2747.8,2747.8,2797.0,2701.0,2790.0,2783.8,2758.13,23502,648.22,3345,11266.0, 47.94,2026-06-03
BBNPNBETF, EQ, 03-Jun-2026,53.95,53.95,54.97,53.34,54.24,54.24,53.71,1979,1.06,34,1486.0, 75.09,2026-06-03
BBNPPGOLD, EQ, 03-Jun-2026,150.7,148.1,150.25,148.1,149.6,149.55,148.89,252038,375.27,74,250810.0, 99.51,2026-06-03
BBOX, EQ, 03-Jun-2026,1031.8,1022.1,1060.0,1010.0,1055.0,1056.3,1043.27,934234,9746.58,27096,356511.0, 38.16,2026-06-03
BBTC, EQ, 03-Jun-2026,1512.4,1512.4,1512.4,1479.0,1482.8,1490.7,1489.81,20195,300.87,3574,10132.0, 50.17,2026-06-03
BBTCL, EQ, 03-Jun-2026,209.13,209.1,212.82,201.65,205.0,202.36,204.57,5010,10.25,298,3186.0, 63.59,2026-06-03
BCG, EQ, 03-Jun-2026,10.52,10.65,11.04,10.57,11.04,11.04,10.91,14215776,1550.46,7856,6996118.0, 49.21,2026-06-03
BCLIND, EQ, 03-Jun-2026,32.36,32.3,32.51,31.86,32.21,32.23,32.1,308755,99.11,1552,161182.0, 52.20,2026-06-03
BCONCEPTS, EQ, 03-Jun-2026,199.9,200.12,200.12,192.8,193.1,194.97,196.25,6817,13.38,515,5197.0, 76.24,2026-06-03
BCPL, EQ, 03-Jun-2026,77.2,78.4,79.0,77.65,78.25,78.21,78.38,17560,13.76,414,12029.0, 68.50,2026-06-03
BDL, EQ, 03-Jun-2026,1206.1,1204.0,1230.0,1181.3,1225.8,1227.0,1206.5,1438421,17354.59,48017,399682.0, 27.79,2026-06-03
BEACON, ST, 03-Jun-2026,84.5,84.0,84.5,83.5,83.5,83.5,84.13,4000,3.37,4,4000.0, 100.00,2026-06-03
BEARDSELL, EQ, 03-Jun-2026,29.66,29.66,30.3,29.01,29.05,29.74,29.37,16710,4.91,281,13015.0, 77.89,2026-06-03
BECTORFOOD, EQ, 03-Jun-2026,172.09,173.39,174.08,170.05,171.0,170.95,171.06,410361,701.96,7140,203759.0, 49.65,2026-06-03
BEDMUTHA, EQ, 03-Jun-2026,114.61,114.0,115.0,110.0,115.0,114.28,112.29,3678,4.13,84,2943.0, 80.02,2026-06-03
BEEKAY, EQ, 03-Jun-2026,405.25,401.0,429.9,385.1,400.1,400.05,395.11,726,2.87,89,604.0, 83.20,2026-06-03
BEL, EQ, 03-Jun-2026,407.85,408.0,408.95,403.1,406.45,406.6,405.56,6626958,26876.5,118132,3117550.0, 47.04,2026-06-03
BELLACASA, EQ, 03-Jun-2026,243.97,240.0,244.0,235.73,244.0,241.47,239.26,5887,14.08,262,3474.0, 59.01,2026-06-03
BELRISE, EQ, 03-Jun-2026,217.89,217.9,222.75,216.5,219.8,219.54,220.23,3571070,7864.65,37248,1465437.0, 41.04,2026-06-03
BEML, EQ, 03-Jun-2026,1729.3,1728.8,1779.9,1692.4,1761.0,1757.3,1731.82,160435,2778.45,13982,57731.0, 35.98,2026-06-03
BENGALASM, EQ, 03-Jun-2026,7062.0,7049.5,7070.0,6945.0,7050.0,7036.0,7010.8,259,18.16,55,189.0, 72.97,2026-06-03
BEPL, EQ, 03-Jun-2026,95.74,96.01,96.01,93.8,94.65,94.64,94.56,161557,152.78,2355,82971.0, 51.36,2026-06-03
BERGEPAINT, EQ, 03-Jun-2026,508.25,507.0,512.85,494.0,497.8,496.05,501.73,344743,1729.68,19897,157084.0, 45.57,2026-06-03
BESTAGRO, EQ, 03-Jun-2026,16.49,16.33,16.62,16.16,16.2,16.31,16.38,232556,38.09,1064,150505.0, 64.72,2026-06-03
BETA, EQ, 03-Jun-2026,1416.1,1427.2,1504.2,1380.0,1450.0,1454.0,1441.44,12946,186.61,1283,5310.0, 41.02,2026-06-03
BEWLTD, SM, 03-Jun-2026,63.3,63.7,66.45,63.0,63.05,63.9,64.55,25500,16.46,34,22500.0, 88.24,2026-06-03
BFINVEST, EQ, 03-Jun-2026,435.75,436.0,444.9,428.5,436.5,440.8,435.51,32248,140.44,1802,13069.0, 40.53,2026-06-03
BFSI, EQ, 03-Jun-2026,25.76,25.93,25.99,25.4,25.88,25.85,25.63,383738,98.37,1267,290455.0, 75.69,2026-06-03
BFUTILITIE, EQ, 03-Jun-2026,599.15,605.25,629.1,591.1,629.1,629.1,616.98,225854,1393.48,6930,115800.0, 51.27,2026-06-03
BGRENERGY, BE, 03-Jun-2026,339.3,338.0,344.9,327.75,337.0,336.0,338.22,52569,177.8,736,, -,2026-06-03
BHADORA, SM, 03-Jun-2026,64.55,65.0,65.0,63.0,64.0,64.0,64.01,19200,12.29,13,18000.0, 93.75,2026-06-03
BHAGCHEM, EQ, 03-Jun-2026,240.1,240.1,241.93,232.6,235.86,233.84,236.18,79233,187.13,1343,58934.0, 74.38,2026-06-03
BHAGERIA, EQ, 03-Jun-2026,154.92,157.93,158.95,153.02,157.0,156.22,156.88,38976,61.15,732,12008.0, 30.81,2026-06-03
BHAGYANGR, BE, 03-Jun-2026,323.2,329.0,339.35,325.0,339.35,339.35,335.74,233358,783.47,2555,, -,2026-06-03
BHANDARI, BE, 03-Jun-2026,3.17,3.2,3.2,3.02,3.12,3.1,3.08,515720,15.87,423,, -,2026-06-03
BHARATCOAL, EQ, 03-Jun-2026,38.76,38.99,39.4,38.07,38.69,38.74,38.74,24415239,9459.66,43988,5720136.0, 23.43,2026-06-03
BHARATFORG, EQ, 03-Jun-2026,1902.9,1908.1,1948.9,1893.9,1940.0,1936.5,1919.83,808066,15513.48,39591,310561.0, 38.43,2026-06-03
BHARATGEAR, EQ, 03-Jun-2026,112.35,112.85,116.0,111.0,113.2,114.32,113.28,34262,38.81,959,18523.0, 54.06,2026-06-03
BHARATRAS, EQ, 03-Jun-2026,1460.1,1460.1,1460.2,1422.0,1446.8,1442.3,1435.78,8466,121.55,1194,4038.0, 47.70,2026-06-03
BHARATSE, EQ, 03-Jun-2026,184.53,183.05,183.77,180.0,182.1,182.34,181.49,57543,104.44,2135,31072.0, 54.00,2026-06-03
BHARATWIRE, EQ, 03-Jun-2026,217.23,215.3,220.26,213.11,217.0,215.7,216.05,278807,602.36,5851,103313.0, 37.06,2026-06-03
BHARTIARTL, EQ, 03-Jun-2026,1814.2,1829.9,1835.5,1804.9,1821.0,1824.1,1819.25,5832363,106105.51,232306,3072264.0, 52.68,2026-06-03
BHARTIHEXA, EQ, 03-Jun-2026,1489.6,1490.0,1517.8,1485.1,1486.0,1496.2,1497.99,52940,793.04,12936,26602.0, 50.25,2026-06-03
BHEL, EQ, 03-Jun-2026,410.75,410.75,412.65,397.3,405.0,406.3,404.59,10000048,40459.61,95516,3207919.0, 32.08,2026-06-03
BI, EQ, 03-Jun-2026,66.14,66.47,66.47,64.11,64.25,64.25,65.63,5865,3.85,79,4045.0, 68.97,2026-06-03
BIGBLOC, EQ, 03-Jun-2026,50.13,51.14,51.5,49.0,49.5,50.46,50.25,107639,54.09,1421,44312.0, 41.17,2026-06-03
BIKAJI, EQ, 03-Jun-2026,665.3,664.8,664.8,647.4,648.5,649.3,652.28,129078,841.95,8730,80022.0, 62.00,2026-06-03
BIKEWO, SM, 03-Jun-2026,25.55,24.15,25.5,24.15,25.1,25.1,25.13,12000,3.02,6,10000.0, 83.33,2026-06-03
BIL, EQ, 03-Jun-2026,731.05,728.15,728.4,692.0,692.2,697.4,706.09,6137,43.33,345,3925.0, 63.96,2026-06-03
BILVYAPAR, BE, 03-Jun-2026,4.55,4.55,4.72,4.4,4.72,4.66,4.62,6034,0.28,47,, -,2026-06-03
BIMETAL, EQ, 03-Jun-2026,651.7,630.1,658.05,630.0,649.65,645.55,644.43,1160,7.48,111,872.0, 75.17,2026-06-03
BIOCON, EQ, 03-Jun-2026,416.8,415.0,417.35,411.15,412.0,412.45,413.26,2368146,9786.54,38894,1226528.0, 51.79,2026-06-03
BIOFILCHEM, EQ, 03-Jun-2026,34.37,34.65,36.03,33.11,34.5,34.24,34.87,80271,27.99,395,51906.0, 64.66,2026-06-03
BIOPOL, SM, 03-Jun-2026,102.7,106.8,106.8,104.45,106.4,106.1,106.21,19200,20.39,16,8400.0, 43.75,2026-06-03
BIRET, RR, 03-Jun-2026,319.58,320.4,320.52,319.0,320.05,320.0,319.43,157196,502.13,13978,123803.0, 78.76,2026-06-03
BIRLACABLE, BE, 03-Jun-2026,213.78,213.78,224.46,204.0,224.46,224.46,213.63,267244,570.92,2395,, -,2026-06-03
BIRLACORPN, EQ, 03-Jun-2026,967.4,968.0,978.7,950.0,969.0,974.0,964.12,47508,458.03,4826,20877.0, 43.94,2026-06-03
BIRLAMONEY, EQ, 03-Jun-2026,138.75,138.06,140.0,135.81,138.32,139.18,138.0,28228,38.96,1089,12910.0, 45.73,2026-06-03
BIRLANU, EQ, 03-Jun-2026,1300.4,1305.0,1448.0,1275.0,1366.0,1373.9,1362.13,34505,470.0,3349,12285.0, 35.60,2026-06-03
BIRLAPREC, EQ, 03-Jun-2026,38.94,39.1,39.98,37.8,38.99,38.76,38.5,59656,22.97,602,29866.0, 50.06,2026-06-03
BLACKBUCK, EQ, 03-Jun-2026,515.3,515.3,517.5,500.05,507.5,509.9,506.72,269897,1367.61,12729,115821.0, 42.91,2026-06-03
BLACKROSE, EQ, 03-Jun-2026,96.9,96.9,97.61,95.16,97.34,97.13,96.31,12667,12.2,480,6776.0, 53.49,2026-06-03
BLAL, EQ, 03-Jun-2026,185.88,185.85,185.87,178.22,185.0,183.79,181.6,26880,48.82,741,17127.0, 63.72,2026-06-03
BLBLIMITED, EQ, 03-Jun-2026,17.31,17.9,17.9,16.0,16.99,16.99,16.99,200960,34.14,283,163912.0, 81.56,2026-06-03
BLIL, EQ, 03-Jun-2026,72.17,72.02,72.39,71.52,72.28,72.15,71.97,53357,38.4,1035,33946.0, 63.62,2026-06-03
BLISSGVS, EQ, 03-Jun-2026,434.45,438.0,447.0,428.4,439.25,439.65,439.15,2648317,11630.07,33286,799714.0, 30.20,2026-06-03
BLKASHYAP, EQ, 03-Jun-2026,54.39,54.5,54.5,53.35,53.35,53.51,53.74,146497,78.73,801,106569.0, 72.74,2026-06-03
BLS, EQ, 03-Jun-2026,269.15,269.95,271.45,265.5,270.85,270.4,268.18,637907,1710.72,19175,259499.0, 40.68,2026-06-03
BLSE, EQ, 03-Jun-2026,224.21,224.22,228.9,220.5,225.0,225.02,225.21,293697,661.43,3557,135861.0, 46.26,2026-06-03
BLUECHIP, EQ, 03-Jun-2026,2.37,2.41,2.41,2.41,2.41,2.41,2.41,8586,0.21,13,8586.0, 100.00,2026-06-03
BLUECOAST, BE, 03-Jun-2026,31.0,31.87,31.87,30.0,30.0,30.0,30.18,345,0.1,6,, -,2026-06-03
BLUEDART, EQ, 03-Jun-2026,4730.4,4731.5,4731.5,4685.0,4709.0,4691.9,4694.51,8683,407.62,3261,4710.0, 54.24,2026-06-03
BLUEJET, EQ, 03-Jun-2026,452.5,454.65,457.8,440.0,447.95,447.1,446.08,273058,1218.07,8433,143442.0, 52.53,2026-06-03
BLUEPEBBLE, SM, 03-Jun-2026,93.5,90.0,90.05,86.75,89.0,89.0,88.63,6000,5.32,13,4400.0, 73.33,2026-06-03
BLUESTARCO, EQ, 03-Jun-2026,1579.6,1572.5,1586.8,1546.3,1585.0,1580.8,1567.6,308002,4828.23,22806,114701.0, 37.24,2026-06-03
BLUESTONE, EQ, 03-Jun-2026,494.85,494.8,512.4,487.05,508.75,508.25,497.54,318706,1585.68,11113,164991.0, 51.77,2026-06-03
BLUEWATER, ST, 03-Jun-2026,265.0,265.0,269.9,255.1,269.9,269.9,263.62,9000,23.73,9,8000.0, 88.89,2026-06-03
BLUSPRING, EQ, 03-Jun-2026,82.6,82.6,82.6,77.91,78.4,78.79,79.3,335181,265.79,2985,217821.0, 64.99,2026-06-03
BMETRICS, SM, 03-Jun-2026,36.65,36.0,37.2,35.8,36.6,36.35,36.37,16000,5.82,14,14400.0, 90.00,2026-06-03
BMLL, ST, 03-Jun-2026,106.15,104.95,111.45,101.5,111.45,111.15,106.14,254000,269.58,112,223000.0, 87.80,2026-06-03
BMWVENTLTD, EQ, 03-Jun-2026,59.24,58.0,59.2,58.0,58.8,58.73,58.72,27043,15.88,310,17653.0, 65.28,2026-06-03
BNAGROCHEM, BE, 03-Jun-2026,339.35,322.4,322.4,322.4,322.4,322.4,322.4,1171,3.78,30,, -,2026-06-03
BODALCHEM, BE, 03-Jun-2026,72.37,72.4,74.1,71.6,73.0,72.82,73.03,106512,77.79,447,, -,2026-06-03
BOHRAIND, BE, 03-Jun-2026,17.8,17.99,17.99,17.16,17.16,17.16,17.88,586,0.1,12,, -,2026-06-03
BOMDYEING, EQ, 03-Jun-2026,125.06,124.2,124.99,120.24,123.1,123.26,122.26,627359,766.98,6675,221761.0, 35.35,2026-06-03
BONLON, EQ, 03-Jun-2026,43.8,44.89,44.92,41.8,42.5,42.81,43.69,5659,2.47,277,2600.0, 45.94,2026-06-03
BORANA, EQ, 03-Jun-2026,322.95,325.95,326.95,318.6,324.5,322.85,322.83,39095,126.21,699,29801.0, 76.23,2026-06-03
BOROLTD, EQ, 03-Jun-2026,220.04,221.34,232.9,221.34,222.01,223.34,226.68,338932,768.29,6735,89871.0, 26.52,2026-06-03
BORORENEW, EQ, 03-Jun-2026,501.35,515.15,549.9,515.0,546.65,544.6,539.24,10387627,56013.9,195963,1153818.0, 11.11,2026-06-03
BOROSCI, EQ, 03-Jun-2026,151.47,152.68,158.0,152.0,155.0,154.28,155.0,204737,317.33,3078,76281.0, 37.26,2026-06-03
BOSCH-HCIL, EQ, 03-Jun-2026,1395.2,1417.9,1417.9,1345.0,1368.0,1388.1,1375.94,12949,178.17,1223,5143.0, 39.72,2026-06-03
BOSCHLTD, EQ, 03-Jun-2026,37220.0,37220.0,38350.0,36735.0,37700.0,37760.0,37619.64,41647,15667.45,14347,13586.0, 32.62,2026-06-03
BPCL, EQ, 03-Jun-2026,294.4,294.0,294.25,290.15,292.65,292.1,292.1,6711789,19605.13,72081,3742504.0, 55.76,2026-06-03
BPL, EQ, 03-Jun-2026,52.85,53.5,53.7,52.11,52.5,52.37,52.84,54438,28.76,1138,23648.0, 43.44,2026-06-03
BRANDMAN, ST, 03-Jun-2026,154.25,153.0,155.0,153.0,155.0,154.9,154.75,16000,24.76,10,16000.0, 100.00,2026-06-03
BRIGADE, EQ, 03-Jun-2026,650.5,653.75,656.0,640.75,654.3,654.2,648.5,281715,1826.93,19988,158457.0, 56.25,2026-06-03
BRIGHOTEL, EQ, 03-Jun-2026,61.28,61.3,61.99,60.61,61.5,61.48,61.43,38571,23.7,732,22390.0, 58.05,2026-06-03
BRITANNIA, EQ, 03-Jun-2026,5117.0,5130.0,5142.5,5050.0,5050.0,5064.0,5068.52,334445,16951.42,30785,222056.0, 66.40,2026-06-03
BRNL, EQ, 03-Jun-2026,19.57,19.6,20.0,18.66,19.6,19.35,19.28,48458,9.34,353,30645.0, 63.24,2026-06-03
BROOKS, BE, 03-Jun-2026,67.05,69.38,69.4,63.75,65.0,64.4,64.66,33580,21.71,232,, -,2026-06-03
BSE, EQ, 03-Jun-2026,3931.9,3935.5,4018.0,3855.0,3960.1,3966.1,3929.16,5058668,198763.36,241012,1449243.0, 28.65,2026-06-03
BSE500IETF, EQ, 03-Jun-2026,38.03,37.8,37.98,37.44,37.91,37.9,37.69,70835,26.7,921,48667.0, 68.70,2026-06-03
BSHSL, BE, 03-Jun-2026,97.3,97.3,98.76,93.1,96.02,93.92,95.34,6703,6.39,76,, -,2026-06-03
BSL, EQ, 03-Jun-2026,126.53,126.05,128.3,124.05,124.5,124.43,125.29,3348,4.19,142,2521.0, 75.30,2026-06-03
BSLGOLDETF, EQ, 03-Jun-2026,136.65,140.06,140.06,135.47,135.68,135.93,135.96,360131,489.62,1992,223728.0, 62.12,2026-06-03
BSLNIFTY, EQ, 03-Jun-2026,27.39,27.5,27.5,27.05,27.37,27.28,27.2,442860,120.45,4840,194034.0, 43.81,2026-06-03
BSLSENETFG, EQ, 03-Jun-2026,75.05,76.57,76.57,73.9,74.46,74.56,74.1,10815,8.01,150,10210.0, 94.41,2026-06-03
BSOFT, EQ, 03-Jun-2026,344.8,342.05,342.05,325.0,328.35,327.65,329.49,1992929,6566.5,36883,586719.0, 29.44,2026-06-03
BTML, EQ, 03-Jun-2026,6.21,6.2,6.49,6.1,6.34,6.42,6.34,315527,20.01,318,155222.0, 49.19,2026-06-03
BTTL, EQ, 03-Jun-2026,37.36,38.8,38.8,36.1,36.44,36.91,37.24,8363,3.11,101,5858.0, 70.05,2026-06-03
BUILDPRO, EQ, 03-Jun-2026,1146.3,1147.0,1199.0,1141.1,1154.2,1158.2,1170.99,46691,546.75,3244,23299.0, 49.90,2026-06-03
BUTTERFLY, EQ, 03-Jun-2026,651.05,652.95,656.4,644.0,644.2,650.6,649.99,14564,94.66,1308,5060.0, 34.74,2026-06-03
BVCL, EQ, 03-Jun-2026,41.69,41.71,42.39,40.5,40.6,40.84,41.25,9241,3.81,143,7477.0, 80.91,2026-06-03
BYKE, EQ, 03-Jun-2026,36.14,35.53,36.88,35.51,35.82,36.0,36.16,14222,5.14,98,12361.0, 86.91,2026-06-03
C2C, SM, 03-Jun-2026,371.75,369.5,370.0,348.05,352.05,352.35,354.73,177150,628.4,989,124050.0, 70.03,2026-06-03
CALSOFT, BE, 03-Jun-2026,22.12,22.38,23.22,22.12,23.22,23.14,23.07,275505,63.56,630,, -,2026-06-03
CAMLINFINE, EQ, 03-Jun-2026,118.29,119.0,119.89,113.5,117.18,117.09,115.91,991435,1149.15,8666,381574.0, 38.49,2026-06-03
CAMPUS, EQ, 03-Jun-2026,250.7,250.7,258.0,248.0,253.2,254.0,254.0,363041,922.12,13661,131207.0, 36.14,2026-06-03
CAMS, EQ, 03-Jun-2026,772.65,769.15,774.45,745.0,753.25,752.4,753.64,1152395,8684.91,38349,556466.0, 48.29,2026-06-03
CANARYS, SM, 03-Jun-2026,22.15,22.2,22.2,21.2,21.9,21.55,21.83,96000,20.95,17,76000.0, 79.17,2026-06-03
CANBK, EQ, 03-Jun-2026,129.08,129.15,132.25,127.24,131.5,131.85,129.38,38359464,49627.85,90143,19438276.0, 50.67,2026-06-03
CANFINHOME, EQ, 03-Jun-2026,829.3,825.0,830.2,815.0,816.8,818.15,822.05,114394,940.37,9586,68104.0, 59.53,2026-06-03
CANHLIFE, EQ, 03-Jun-2026,137.3,137.31,137.66,134.38,134.96,135.13,135.18,524423,708.92,13856,339862.0, 64.81,2026-06-03
CANTABIL, EQ, 03-Jun-2026,215.19,214.11,217.79,212.49,216.2,215.91,215.37,55980,120.56,4793,32194.0, 57.51,2026-06-03
CAPACITE, EQ, 03-Jun-2026,223.42,221.9,229.0,217.5,224.5,224.88,223.56,411083,919.02,9359,90520.0, 22.02,2026-06-03
CAPILLARY, EQ, 03-Jun-2026,510.75,510.75,513.4,501.0,503.0,503.7,506.38,31011,157.03,1513,9363.0, 30.19,2026-06-03
CAPINVIT, IV, 03-Jun-2026,71.05,71.2,71.48,70.9,71.0,71.07,71.11,196654,139.85,1272,174689.0, 88.83,2026-06-03
CAPITALSFB, EQ, 03-Jun-2026,268.7,274.0,274.0,267.0,267.0,267.45,268.59,16731,44.94,839,9624.0, 57.52,2026-06-03
CAPLIPOINT, EQ, 03-Jun-2026,1988.1,1988.1,1993.9,1952.4,1965.0,1972.9,1970.57,45721,900.96,6904,22205.0, 48.57,2026-06-03
CAPTRUST, BE, 03-Jun-2026,13.75,13.75,13.95,13.07,13.39,13.19,13.26,37262,4.94,82,, -,2026-06-03
CARBORUNIV, EQ, 03-Jun-2026,1023.1,1029.9,1033.0,1005.6,1012.8,1011.7,1016.16,51106,519.32,6302,25296.0, 49.50,2026-06-03
CARERATING, EQ, 03-Jun-2026,1639.2,1639.2,1639.2,1583.3,1619.0,1622.6,1600.87,36797,589.07,3997,26742.0, 72.67,2026-06-03
CARRARO, EQ, 03-Jun-2026,513.75,515.05,537.3,513.75,532.9,529.05,528.28,159622,843.26,6704,57346.0, 35.93,2026-06-03
CARTRADE, EQ, 03-Jun-2026,1795.0,1852.0,1983.3,1823.3,1953.0,1961.7,1911.29,3224564,61630.69,165034,607309.0, 18.83,2026-06-03
CARYSIL, EQ, 03-Jun-2026,1113.5,1118.0,1148.0,1080.7,1148.0,1138.0,1123.81,182936,2055.85,11260,76538.0, 41.84,2026-06-03
CASHIETF, EQ, 03-Jun-2026,1064.62,1064.77,1064.78,1064.76,1064.78,1064.77,1064.78,156227,1663.47,124,140347.0, 89.84,2026-06-03
CASTROLIND, EQ, 03-Jun-2026,183.71,183.75,183.89,182.61,183.5,183.43,183.4,671415,1231.37,13212,483910.0, 72.07,2026-06-03
CBAZAAR, SM, 03-Jun-2026,4.1,4.0,4.0,3.9,4.0,4.0,3.93,64000,2.51,8,56000.0, 87.50,2026-06-03
CCAVENUE, EQ, 03-Jun-2026,13.83,13.79,14.04,13.73,13.98,13.97,13.86,6473236,897.07,10540,2598904.0, 40.15,2026-06-03
CCCL, EQ, 03-Jun-2026,15.01,14.99,14.99,14.61,14.85,14.78,14.75,167821,24.75,410,124180.0, 74.00,2026-06-03
CCHHL, EQ, 03-Jun-2026,12.94,12.76,13.0,12.76,12.9,12.87,12.83,3614,0.46,60,2991.0, 82.76,2026-06-03
CCL, EQ, 03-Jun-2026,1070.5,1072.0,1088.9,1062.2,1079.0,1078.2,1074.45,148436,1594.87,12458,80573.0, 54.28,2026-06-03
CDSL, EQ, 03-Jun-2026,1226.8,1226.7,1227.0,1201.0,1218.9,1218.2,1212.28,1215220,14731.87,37229,358863.0, 29.53,2026-06-03
CEATLTD, EQ, 03-Jun-2026,3223.1,3224.8,3224.8,3174.5,3176.0,3184.6,3192.04,49748,1587.97,7896,19099.0, 38.39,2026-06-03
CEDAAR, SM, 03-Jun-2026,24.7,23.75,24.3,23.5,24.3,24.3,23.67,15000,3.55,14,14000.0, 93.33,2026-06-03
CEIGALL, EQ, 03-Jun-2026,347.8,351.5,368.8,343.05,359.0,360.6,353.21,699251,2469.85,9812,224858.0, 32.16,2026-06-03
CEINSYS, EQ, 03-Jun-2026,951.1,958.0,965.95,917.0,959.0,946.25,937.88,66119,620.11,4502,29626.0, 44.81,2026-06-03
CELEBRITY, EQ, 03-Jun-2026,7.66,7.79,7.79,7.52,7.75,7.72,7.66,7691,0.59,60,6595.0, 85.75,2026-06-03
CELLECOR, ST, 03-Jun-2026,37.4,37.4,37.4,36.2,36.2,36.5,36.62,96000,35.16,30,90000.0, 93.75,2026-06-03
CELLO, EQ, 03-Jun-2026,385.4,381.5,385.25,370.15,379.1,380.05,377.0,410171,1546.33,20738,186031.0, 45.35,2026-06-03
CELLPOINT, SM, 03-Jun-2026,15.35,17.9,17.9,15.5,15.5,15.5,16.65,13200,2.2,11,9600.0, 72.73,2026-06-03
CEMPRO, EQ, 03-Jun-2026,1041.7,1038.3,1046.8,1003.1,1024.0,1024.9,1025.22,433507,4444.4,24603,165653.0, 38.21,2026-06-03
CENTENKA, EQ, 03-Jun-2026,505.25,508.0,517.8,495.3,509.9,502.45,507.41,49805,252.72,3356,22782.0, 45.74,2026-06-03
CENTEXT, EQ, 03-Jun-2026,19.34,19.89,19.89,19.1,19.61,19.56,19.38,55234,10.7,358,27445.0, 49.69,2026-06-03
CENTRALBK, EQ, 03-Jun-2026,29.62,29.8,30.45,29.69,30.24,30.29,30.1,14060870,4231.77,26064,5941005.0, 42.25,2026-06-03
CENTRUM, EQ, 03-Jun-2026,22.08,22.32,22.32,21.82,22.0,21.91,22.0,138903,30.56,467,108026.0, 77.77,2026-06-03
CENTUM, EQ, 03-Jun-2026,3600.0,3625.0,3625.5,3515.3,3595.1,3589.9,3580.84,57472,2057.98,11376,23538.0, 40.96,2026-06-03
CENTURYPLY, EQ, 03-Jun-2026,756.95,757.0,759.45,748.15,750.0,752.9,752.58,14751,111.01,1236,6020.0, 40.81,2026-06-03
CERA, EQ, 03-Jun-2026,5605.0,5605.0,5630.0,5525.5,5545.5,5577.0,5574.04,4396,245.04,1511,2275.0, 51.75,2026-06-03
CEREBRAINT, BZ, 03-Jun-2026,3.26,3.33,3.33,3.17,3.29,3.28,3.25,32278,1.05,88,, -,2026-06-03
CESC, EQ, 03-Jun-2026,178.9,177.06,180.91,176.53,180.05,180.36,179.24,1267784,2272.41,18886,567255.0, 44.74,2026-06-03
CEWATER, EQ, 03-Jun-2026,257.4,260.9,263.0,243.05,246.0,247.1,249.83,234829,586.68,5610,102696.0, 43.73,2026-06-03
CGCL, EQ, 03-Jun-2026,198.77,200.3,202.25,197.03,200.84,201.36,199.84,1485416,2968.47,11638,689360.0, 46.41,2026-06-03
CGPOWER, EQ, 03-Jun-2026,907.7,912.95,914.6,890.45,906.85,906.65,903.88,3685445,33311.98,75521,1850114.0, 50.20,2026-06-03
CGRAPHICS, SM, 03-Jun-2026,144.0,145.0,148.4,143.4,143.7,143.5,145.11,6400,9.29,8,4000.0, 62.50,2026-06-03
CHALET, EQ, 03-Jun-2026,782.1,776.45,782.05,766.6,773.05,773.2,773.6,27339,211.49,4984,12976.0, 47.46,2026-06-03
CHAMBLFERT, EQ, 03-Jun-2026,469.55,470.0,471.0,459.05,461.0,461.25,463.15,408005,1889.67,14364,207043.0, 50.75,2026-06-03
CHAMUNDA, SM, 03-Jun-2026,41.7,39.4,41.15,39.4,41.15,41.15,40.28,6000,2.42,2,6000.0, 100.00,2026-06-03
CHANDAN, SM, 03-Jun-2026,232.0,232.0,250.0,229.05,247.0,247.1,244.32,56000,136.82,68,35200.0, 62.86,2026-06-03
CHAVDA, SM, 03-Jun-2026,90.5,90.35,92.75,90.0,90.25,91.75,91.91,23000,21.14,17,21000.0, 91.30,2026-06-03
CHEMBOND, BE, 03-Jun-2026,159.9,161.5,164.49,152.25,155.0,156.39,158.38,2274,3.6,114,, -,2026-06-03
CHEMBONDCH, BE, 03-Jun-2026,176.78,176.99,181.4,171.25,175.0,175.75,174.28,3832,6.68,69,, -,2026-06-03
CHEMCON, EQ, 03-Jun-2026,183.68,186.23,186.23,180.62,184.99,184.35,183.15,33711,61.74,999,14659.0, 43.48,2026-06-03
CHEMFAB, BE, 03-Jun-2026,405.9,391.2,410.0,391.2,405.6,405.3,402.91,227,0.91,15,, -,2026-06-03
CHEMICAL, EQ, 03-Jun-2026,29.09,29.1,29.23,28.68,29.2,29.11,29.02,442753,128.5,1060,356678.0, 80.56,2026-06-03
CHEMPLASTS, EQ, 03-Jun-2026,214.52,216.25,216.25,204.99,207.2,207.46,207.92,451336,938.44,10660,185475.0, 41.09,2026-06-03
CHENNPETRO, EQ, 03-Jun-2026,1141.6,1150.0,1225.0,1142.2,1185.1,1189.8,1189.68,3461172,41176.83,111969,847876.0, 24.50,2026-06-03
CHETANA, ST, 03-Jun-2026,42.3,40.5,41.95,40.2,40.55,40.55,40.34,41600,16.78,16,33600.0, 80.77,2026-06-03
CHEVIOT, EQ, 03-Jun-2026,1122.0,1115.4,1121.0,1088.1,1090.5,1097.0,1095.79,3150,34.52,297,2591.0, 82.25,2026-06-03
CHOICEGOLD, EQ, 03-Jun-2026,154.34,153.11,154.0,151.88,151.88,152.2,152.82,2626,4.01,120,1326.0, 50.50,2026-06-03
CHOICEIN, EQ, 03-Jun-2026,662.95,662.0,683.85,656.55,679.0,679.4,673.39,931547,6272.95,15871,270435.0, 29.03,2026-06-03
CHOLAFIN, EQ, 03-Jun-2026,1482.8,1494.0,1494.0,1444.6,1474.0,1470.6,1460.89,1078181,15751.04,68917,525875.0, 48.77,2026-06-03
CHOLAHLDNG, EQ, 03-Jun-2026,1480.5,1480.5,1480.5,1441.1,1460.0,1456.6,1456.62,115583,1683.61,16764,63472.0, 54.91,2026-06-03
CIEINDIA, EQ, 03-Jun-2026,445.2,442.05,453.0,437.6,452.3,452.0,448.81,230830,1035.98,10526,109515.0, 47.44,2026-06-03
CIFL, EQ, 03-Jun-2026,24.27,24.69,24.69,23.55,24.19,24.09,24.01,184999,44.42,809,131382.0, 71.02,2026-06-03
CINELINE, EQ, 03-Jun-2026,80.13,79.12,80.39,78.78,80.0,80.0,79.64,16150,12.86,97,12903.0, 79.89,2026-06-03
CINEVISTA, EQ, 03-Jun-2026,15.1,15.12,15.49,14.9,15.48,15.36,15.38,13040,2.0,102,11768.0, 90.25,2026-06-03
CIPLA, EQ, 03-Jun-2026,1379.3,1375.0,1384.9,1365.3,1373.2,1375.2,1375.66,1520395,20915.4,42228,976283.0, 64.21,2026-06-03
CITIUSINVT, IV, 03-Jun-2026,106.29,106.95,107.15,106.18,106.5,106.43,106.75,149842,159.95,647,129469.0, 86.40,2026-06-03
CKKRETAIL, SM, 03-Jun-2026,147.2,146.5,149.95,140.0,149.05,149.05,142.35,143200,203.84,13,73600.0, 51.40,2026-06-03
CLASSICEIL, ST, 03-Jun-2026,47.5,45.4,47.1,45.15,45.15,46.1,45.36,17600,7.98,11,14400.0, 81.82,2026-06-03
CLCIND, BE, 03-Jun-2026,33.22,34.88,34.88,34.88,34.88,34.88,34.88,7,0.0,3,, -,2026-06-03
CLEAN, EQ, 03-Jun-2026,783.15,782.9,796.3,772.5,795.0,793.5,782.91,111296,871.34,7695,51305.0, 46.10,2026-06-03
CLEANMAX, EQ, 03-Jun-2026,1123.8,1125.0,1165.0,1111.6,1156.6,1157.7,1141.97,146625,1674.41,19812,65174.0, 44.45,2026-06-03
CLEDUCATE, BE, 03-Jun-2026,46.47,47.99,48.79,46.56,48.79,48.79,48.75,63158,30.79,122,, -,2026-06-03
CLSEL, EQ, 03-Jun-2026,284.7,284.0,284.7,278.0,281.0,280.9,280.52,42747,119.91,1306,16796.0, 39.29,2026-06-03
CMNL, SM, 03-Jun-2026,113.0,113.1,113.1,109.65,110.0,110.4,111.58,8250,9.21,10,5250.0, 63.64,2026-06-03
CMPDI, EQ, 03-Jun-2026,235.55,235.6,235.75,226.0,228.79,228.73,229.57,1679017,3854.51,18985,676637.0, 40.30,2026-06-03
CMRSL, SM, 03-Jun-2026,69.0,69.0,72.4,65.55,65.55,66.2,67.51,8000,5.4,9,6400.0, 80.00,2026-06-03
CMSINFO, EQ, 03-Jun-2026,305.95,307.95,307.95,300.85,303.0,304.65,303.8,269189,817.79,9422,139526.0, 51.83,2026-06-03
CNL, EQ, 03-Jun-2026,633.0,635.4,641.8,625.0,630.0,629.95,630.42,6825,43.03,191,6053.0, 88.69,2026-06-03
COALINDIA, EQ, 03-Jun-2026,472.15,471.9,478.55,466.2,474.2,472.3,472.17,15291450,72201.08,154171,7192934.0, 47.04,2026-06-03
COASTCORP, EQ, 03-Jun-2026,48.18,49.08,49.7,46.51,47.1,47.72,47.68,145205,69.23,1322,70938.0, 48.85,2026-06-03
COCHINSHIP, EQ, 03-Jun-2026,1467.7,1467.7,1469.6,1430.8,1455.0,1455.7,1447.94,691044,10005.93,25993,146626.0, 21.22,2026-06-03
COCKERILL, EQ, 03-Jun-2026,7593.5,8200.0,9112.0,7660.0,9112.0,9112.0,8510.17,250401,21309.55,48718,54727.0, 21.86,2026-06-03
COFFEEDAY, EQ, 03-Jun-2026,40.76,41.0,43.26,39.11,39.44,39.61,40.61,13906244,5646.94,33348,3955943.0, 28.45,2026-06-03
COFORGE, EQ, 03-Jun-2026,1519.5,1490.0,1490.0,1417.0,1419.4,1420.9,1444.98,4844251,69998.39,150451,2130260.0, 43.98,2026-06-03
COHANCE, EQ, 03-Jun-2026,428.9,428.3,430.25,420.15,424.4,424.8,423.59,290937,1232.38,15006,119388.0, 41.04,2026-06-03
COLPAL, EQ, 03-Jun-2026,1998.8,1997.0,2022.8,1984.6,2020.0,2018.6,2008.33,308158,6188.83,24722,170017.0, 55.17,2026-06-03
COMFINTE, EQ, 03-Jun-2026,6.04,6.2,6.2,5.97,6.07,6.09,6.06,412629,25.01,642,289076.0, 70.06,2026-06-03
COMMITTED, ST, 03-Jun-2026,266.0,266.0,270.0,252.7,252.7,258.0,259.24,10400,26.96,13,8000.0, 76.92,2026-06-03
COMMOIETF, EQ, 03-Jun-2026,104.19,104.0,106.4,102.87,106.4,104.03,103.68,65899,68.32,813,30286.0, 45.96,2026-06-03
COMPINFO, BZ, 03-Jun-2026,1.31,1.31,1.35,1.26,1.3,1.31,1.29,30062,0.39,15,, -,2026-06-03
COMPUSOFT, EQ, 03-Jun-2026,13.55,13.94,13.94,13.45,13.8,13.78,13.71,27810,3.81,153,21031.0, 75.62,2026-06-03
COMSYN, EQ, 03-Jun-2026,153.01,154.8,154.8,153.0,153.1,153.0,153.11,4619,7.07,61,3203.0, 69.34,2026-06-03
CONCOR, EQ, 03-Jun-2026,459.45,461.0,461.9,446.0,452.0,451.9,450.92,1889989,8522.26,40952,844465.0, 44.68,2026-06-03
CONCORDBIO, EQ, 03-Jun-2026,1166.2,1230.0,1273.0,1189.0,1196.0,1201.5,1234.18,6054618,74724.98,206035,671343.0, 11.09,2026-06-03
CONFIPET, EQ, 03-Jun-2026,69.81,70.16,76.79,70.16,76.79,76.79,74.76,13245255,9902.66,41677,5481436.0, 41.38,2026-06-03
CONNPLEX, SM, 03-Jun-2026,233.25,230.05,233.95,227.95,227.95,228.25,230.85,39200,90.49,42,27200.0, 69.39,2026-06-03
CONS, EQ, 03-Jun-2026,11.46,11.39,11.47,11.35,11.44,11.45,11.42,59787,6.83,136,35594.0, 59.53,2026-06-03
CONSOFINVT, EQ, 03-Jun-2026,240.97,243.0,251.95,238.1,245.0,242.97,243.81,31468,76.72,272,24882.0, 79.07,2026-06-03
CONSUMBEES, EQ, 03-Jun-2026,124.29,127.39,127.39,123.2,123.83,123.88,123.65,64884,80.23,1160,31628.0, 48.75,2026-06-03
CONSUMER, EQ, 03-Jun-2026,10.88,11.05,11.05,10.72,10.86,10.86,10.8,76936,8.31,386,54956.0, 71.43,2026-06-03
CONSUMIETF, EQ, 03-Jun-2026,115.46,115.0,116.0,114.5,116.0,114.84,114.76,13727,15.75,300,7941.0, 57.85,2026-06-03
CONTROLPR, EQ, 03-Jun-2026,610.5,607.0,622.9,606.6,621.8,620.1,615.27,14939,91.92,1017,10000.0, 66.94,2026-06-03
COOLCAPS, SM, 03-Jun-2026,21.85,21.5,22.55,20.8,20.8,21.15,21.56,156250,33.69,85,125000.0, 80.00,2026-06-03
CORALFINAC, EQ, 03-Jun-2026,31.8,32.94,32.94,31.5,31.7,31.77,31.93,6554,2.09,153,4106.0, 62.65,2026-06-03
CORDSCABLE, BE, 03-Jun-2026,223.04,228.99,228.99,211.89,222.0,217.72,216.99,65925,143.05,687,, -,2026-06-03
COROMANDEL, EQ, 03-Jun-2026,1758.3,1749.5,1780.0,1731.0,1746.0,1745.6,1747.53,187179,3271.02,32697,102751.0, 54.89,2026-06-03
CORONA, EQ, 03-Jun-2026,1700.5,1710.0,1730.4,1674.4,1707.4,1703.0,1698.6,9123,154.96,1912,4060.0, 44.50,2026-06-03
COSMOFIRST, EQ, 03-Jun-2026,734.35,741.95,746.85,722.55,742.5,739.85,732.82,45918,336.5,2381,25188.0, 54.85,2026-06-03
COUNCODOS, EQ, 03-Jun-2026,5.0,4.81,5.04,4.81,4.85,4.87,4.9,16751,0.82,116,10760.0, 64.23,2026-06-03
CPCAP, BE, 03-Jun-2026,96.29,96.5,96.5,95.11,95.5,95.65,95.9,17230,16.52,37,, -,2026-06-03
CPEDU, EQ, 03-Jun-2026,182.0,183.0,188.8,180.0,180.0,180.0,182.68,2293,4.19,73,2101.0, 91.63,2026-06-03
CPPLUS, EQ, 03-Jun-2026,3213.7,3235.0,3374.3,3114.1,3374.3,3369.2,3306.14,669017,22118.64,34993,237092.0, 35.44,2026-06-03
CPS, SM, 03-Jun-2026,1035.0,1030.0,1035.0,1030.0,1035.0,1032.5,1032.5,300,3.1,2,300.0, 100.00,2026-06-03
CPSEETF, EQ, 03-Jun-2026,100.31,100.01,101.95,99.82,100.69,100.62,100.33,785099,787.71,8174,410573.0, 52.30,2026-06-03
CRAFTSMAN, EQ, 03-Jun-2026,8979.0,8978.0,9001.0,8613.5,8852.5,8898.5,8808.13,95289,8393.18,26891,46111.0, 48.39,2026-06-03
CRAMC, EQ, 03-Jun-2026,250.12,249.2,250.58,244.5,249.9,248.72,248.06,245004,607.77,8839,123391.0, 50.36,2026-06-03
CREATIVEYE, EQ, 03-Jun-2026,6.66,6.7,6.79,6.58,6.72,6.69,6.64,5331,0.35,89,5025.0, 94.26,2026-06-03
CREDITACC, EQ, 03-Jun-2026,1315.4,1326.0,1326.0,1261.1,1269.0,1269.2,1273.77,216115,2752.81,17085,100851.0, 46.67,2026-06-03
CREST, EQ, 03-Jun-2026,345.0,341.5,345.6,340.0,340.0,343.15,344.12,555,1.91,55,434.0, 78.20,2026-06-03
CRISIL, EQ, 03-Jun-2026,3849.7,3850.0,3920.8,3808.7,3895.0,3888.3,3852.52,33277,1282.0,8102,17959.0, 53.97,2026-06-03
CRIZAC, EQ, 03-Jun-2026,216.05,217.0,223.99,213.03,216.0,215.71,218.11,365523,797.23,8191,159079.0, 43.52,2026-06-03
CROMPTON, EQ, 03-Jun-2026,273.45,273.5,273.75,269.05,273.35,272.65,271.48,1201742,3262.52,20119,530151.0, 44.12,2026-06-03
CROWN, EQ, 03-Jun-2026,109.79,109.1,110.69,104.05,108.88,107.85,107.67,16373,17.63,666,8659.0, 52.89,2026-06-03
CSBBANK, EQ, 03-Jun-2026,368.7,365.0,369.45,360.2,365.35,364.5,363.86,304088,1106.46,10076,139633.0, 45.92,2026-06-03
CSLFINANCE, EQ, 03-Jun-2026,227.74,228.97,228.97,224.7,225.0,226.06,226.07,9520,21.52,362,5891.0, 61.88,2026-06-03
CSSL, SM, 03-Jun-2026,102.5,101.25,102.0,95.55,98.1,98.05,100.04,44000,44.02,20,40000.0, 90.91,2026-06-03
CTE, EQ, 03-Jun-2026,32.95,33.0,33.83,32.31,32.33,32.66,32.9,2160,0.71,70,2013.0, 93.19,2026-06-03
CUB, EQ, 03-Jun-2026,249.6,250.35,251.5,244.05,250.0,249.25,247.62,1479958,3664.65,28645,773202.0, 52.24,2026-06-03
CUBEINVIT, IV, 03-Jun-2026,148.4,148.0,148.0,148.0,148.0,148.0,148.0,1200000,1776.0,6,1200000.0, 100.00,2026-06-03
CUBEXTUB, EQ, 03-Jun-2026,87.86,89.2,89.2,86.0,86.0,86.56,86.81,43290,37.58,1116,19826.0, 45.80,2026-06-03
CUDML, ST, 03-Jun-2026,163.6,163.4,163.4,159.0,161.9,161.9,159.52,352000,561.5,6,352000.0, 100.00,2026-06-03
CUMMINSIND, EQ, 03-Jun-2026,5708.0,5741.0,5749.0,5657.0,5704.5,5692.5,5701.43,384967,21948.62,49284,207912.0, 54.01,2026-06-03
CUPID, EQ, 03-Jun-2026,128.35,129.11,130.77,128.0,129.98,129.8,129.12,9280138,11982.96,26454,3960452.0, 42.68,2026-06-03
CURAA, BE, 03-Jun-2026,88.0,88.44,88.44,83.7,87.56,85.88,87.41,230,0.2,7,, -,2026-06-03
CURIS, SM, 03-Jun-2026,112.95,110.25,110.25,109.0,109.0,109.0,109.75,7000,7.68,7,7000.0, 100.00,2026-06-03
CURRENT, SM, 03-Jun-2026,118.6,111.3,111.3,111.3,111.3,111.3,111.3,1600,1.78,1,1600.0, 100.00,2026-06-03
CYBERMEDIA, BE, 03-Jun-2026,17.52,16.66,17.52,16.66,17.01,17.0,17.29,18987,3.28,37,, -,2026-06-03
CYBERTECH, EQ, 03-Jun-2026,143.55,143.9,145.69,137.03,137.56,138.64,139.63,76795,107.23,1745,35529.0, 46.26,2026-06-03
CYIENT, EQ, 03-Jun-2026,925.6,925.5,925.6,893.2,905.0,906.3,903.2,418105,3776.32,20288,235961.0, 56.44,2026-06-03
CYIENTDLM, EQ, 03-Jun-2026,463.9,462.0,462.4,445.5,449.1,449.45,453.03,245534,1112.35,8543,104231.0, 42.45,2026-06-03
DABUR, EQ, 03-Jun-2026,425.5,424.8,424.8,416.0,418.0,417.85,418.6,3353591,14038.29,41148,2133154.0, 63.61,2026-06-03
DAICHI, EQ, 03-Jun-2026,234.97,234.0,241.5,233.95,239.36,237.26,236.17,2059,4.86,78,1611.0, 78.24,2026-06-03
DALBHARAT, EQ, 03-Jun-2026,1749.7,1759.9,1759.9,1698.0,1720.0,1723.2,1716.41,170266,2922.46,18593,78834.0, 46.30,2026-06-03
DALMIASUG, EQ, 03-Jun-2026,338.35,340.7,340.7,328.1,330.05,331.15,331.6,61157,202.8,2393,31735.0, 51.89,2026-06-03
DAMCAPITAL, EQ, 03-Jun-2026,147.13,146.53,147.81,144.7,146.31,145.92,145.87,196660,286.87,2646,72329.0, 36.78,2026-06-03
DAMODARIND, EQ, 03-Jun-2026,30.79,31.0,31.49,29.7,30.96,30.87,30.41,5453,1.66,94,2787.0, 51.11,2026-06-03
DANGEE, EQ, 03-Jun-2026,3.24,3.23,3.31,3.2,3.26,3.22,3.24,44743,1.45,115,33501.0, 74.87,2026-06-03
DANISH, SM, 03-Jun-2026,859.35,852.0,919.0,851.5,914.0,896.05,881.68,64200,566.04,346,45750.0, 71.26,2026-06-03
DATAMATICS, EQ, 03-Jun-2026,834.75,836.0,838.0,785.15,793.5,796.1,805.6,180189,1451.61,8782,78431.0, 43.53,2026-06-03
DATAPATTNS, EQ, 03-Jun-2026,4025.2,4034.0,4077.8,3953.6,3999.0,3990.4,3998.03,478696,19138.43,40411,92041.0, 19.23,2026-06-03
DAVANGERE, EQ, 03-Jun-2026,3.69,3.72,3.72,3.62,3.64,3.64,3.65,14362724,524.8,3010,9898466.0, 68.92,2026-06-03
DBCORP, EQ, 03-Jun-2026,205.25,204.11,208.0,204.11,205.0,205.3,206.27,38707,79.84,1653,22247.0, 57.48,2026-06-03
DBEIL, BE, 03-Jun-2026,81.34,81.3,84.0,79.0,82.46,82.69,81.18,19411,15.76,190,, -,2026-06-03
DBL, EQ, 03-Jun-2026,420.65,420.6,421.55,411.25,419.0,416.25,415.43,74095,307.81,3649,34346.0, 46.35,2026-06-03
DBOL, BE, 03-Jun-2026,112.72,114.8,114.9,111.0,111.0,111.16,112.17,26926,30.2,407,, -,2026-06-03
DBREALTY, BE, 03-Jun-2026,114.53,114.5,115.0,109.1,111.58,111.22,111.49,610595,680.77,2393,, -,2026-06-03
DBSTOCKBRO, EQ, 03-Jun-2026,34.09,34.95,34.95,33.0,33.02,33.14,34.21,13079,4.47,437,11179.0, 85.47,2026-06-03
DCAL, EQ, 03-Jun-2026,199.1,199.2,199.8,191.2,195.0,195.13,194.43,201753,392.27,3591,84505.0, 41.89,2026-06-03
DCBBANK, EQ, 03-Jun-2026,173.2,173.2,176.2,169.0,173.0,174.61,172.67,1261730,2178.69,13561,486986.0, 38.60,2026-06-03
DCCL, SM, 03-Jun-2026,40.0,41.8,42.0,40.0,40.0,40.4,41.13,46000,18.92,14,44000.0, 95.65,2026-06-03
DCG, SM, 03-Jun-2026,58.75,58.75,60.0,56.7,57.4,57.4,58.92,14400,8.48,10,10800.0, 75.00,2026-06-03
DCI, BE, 03-Jun-2026,278.15,279.0,280.95,273.0,277.0,275.95,275.49,1890,5.21,69,, -,2026-06-03
DCM, EQ, 03-Jun-2026,94.11,94.0,96.89,91.7,92.62,95.1,94.86,55946,53.07,558,41837.0, 74.78,2026-06-03
DCMFINSERV, BE, 03-Jun-2026,5.92,6.18,6.18,5.7,5.7,5.7,5.87,10422,0.61,66,, -,2026-06-03
DCMNVL, BE, 03-Jun-2026,155.0,150.06,155.0,149.0,155.0,149.89,150.52,7514,11.31,54,, -,2026-06-03
DCMSHRIRAM, EQ, 03-Jun-2026,1032.8,1028.0,1037.0,1015.0,1024.0,1030.7,1026.55,43847,450.11,7018,21697.0, 49.48,2026-06-03
DCMSIL, BE, 03-Jun-2026,59.49,59.4,60.9,59.15,59.37,59.27,59.76,34994,20.91,149,, -,2026-06-03
DCMSRIND, EQ, 03-Jun-2026,36.84,38.0,38.0,36.39,38.0,37.7,37.25,157659,58.72,1111,105766.0, 67.09,2026-06-03
DCW, EQ, 03-Jun-2026,46.8,46.79,46.89,45.76,46.43,46.45,46.35,552362,256.01,3128,247581.0, 44.82,2026-06-03
DCXINDIA, EQ, 03-Jun-2026,197.59,197.6,201.38,192.72,197.45,198.02,197.03,615539,1212.78,8041,202494.0, 32.90,2026-06-03
DDEVPLSTIK, EQ, 03-Jun-2026,244.75,245.88,246.0,241.1,244.16,244.43,243.82,84543,206.13,1761,47292.0, 55.94,2026-06-03
DECCANCE, EQ, 03-Jun-2026,618.95,612.5,617.4,603.45,605.55,611.05,612.06,7735,47.34,395,3783.0, 48.91,2026-06-03
DECCANTRAN, SM, 03-Jun-2026,21.95,20.5,26.3,20.2,25.9,26.0,25.05,61200,15.33,50,55200.0, 90.20,2026-06-03
DECNGOLD, EQ, 03-Jun-2026,165.8,166.5,180.39,166.5,174.6,174.73,174.88,5171197,9043.52,38881,1737655.0, 33.60,2026-06-03
DEEDEV, BE, 03-Jun-2026,654.2,669.0,681.4,621.5,662.0,657.7,650.79,509727,3317.26,6274,, -,2026-06-03
DEEM, SM, 03-Jun-2026,53.0,53.0,53.0,50.0,50.0,50.0,51.2,3000,1.54,3,3000.0, 100.00,2026-06-03
DEEPAKFERT, EQ, 03-Jun-2026,1405.7,1410.0,1425.0,1376.3,1403.7,1406.9,1404.33,202110,2838.28,13547,76820.0, 38.01,2026-06-03
DEEPAKNTR, EQ, 03-Jun-2026,1686.5,1686.6,1718.8,1673.7,1695.0,1698.9,1704.19,87044,1483.39,10613,33661.0, 38.67,2026-06-03
DEEPINDS, EQ, 03-Jun-2026,518.8,522.9,526.0,501.25,510.75,512.5,509.36,455486,2320.04,13256,171481.0, 37.65,2026-06-03
DEFENCE, EQ, 03-Jun-2026,75.09,76.96,76.96,74.33,75.07,75.23,75.12,146919,110.36,747,128498.0, 87.46,2026-06-03
DELAPLEX, SM, 03-Jun-2026,103.9,99.3,100.0,96.1,100.0,99.8,98.91,5400,5.34,7,4200.0, 77.78,2026-06-03
DELHIVERY, EQ, 03-Jun-2026,437.95,438.1,442.35,432.9,436.25,437.9,438.23,1724002,7555.07,23211,728295.0, 42.24,2026-06-03
DELPHIFX, EQ, 03-Jun-2026,8.07,8.19,9.68,8.09,9.68,9.61,9.14,669957,61.22,1312,356262.0, 53.18,2026-06-03
DELTACORP, EQ, 03-Jun-2026,63.79,64.22,71.4,62.87,69.3,69.62,68.15,25067911,17085.02,76265,3707387.0, 14.79,2026-06-03
DELTAMAGNT, EQ, 03-Jun-2026,62.45,60.6,64.95,60.05,63.8,63.71,63.04,11229,7.08,137,5011.0, 44.63,2026-06-03
DELTIC, ST, 03-Jun-2026,34.7,33.0,34.0,33.0,33.0,33.05,33.14,27000,8.95,24,24000.0, 88.89,2026-06-03
DEN, EQ, 03-Jun-2026,26.53,26.7,26.75,26.02,26.35,26.36,26.3,314947,82.82,2675,151605.0, 48.14,2026-06-03
DENEERS, SM, 03-Jun-2026,213.45,212.0,230.0,212.0,230.0,228.7,225.14,19200,43.23,31,10200.0, 53.13,2026-06-03
DENORA, EQ, 03-Jun-2026,709.05,719.6,719.6,700.0,700.0,703.5,708.21,3070,21.74,262,1649.0, 53.71,2026-06-03
DENTA, EQ, 03-Jun-2026,245.3,247.0,247.0,240.3,243.9,243.65,242.87,85052,206.57,2548,32236.0, 37.90,2026-06-03
DENTALKART, SM, 03-Jun-2026,440.0,440.0,444.95,440.0,440.0,440.0,440.19,6500,28.61,13,6500.0, 100.00,2026-06-03
DEVIT, EQ, 03-Jun-2026,28.87,29.5,29.5,28.01,28.84,28.62,28.66,52402,15.02,1032,21890.0, 41.77,2026-06-03
DEVX, EQ, 03-Jun-2026,36.87,37.45,37.45,36.4,37.0,36.7,36.65,81436,29.85,394,69043.0, 84.78,2026-06-03
DEVYANI, EQ, 03-Jun-2026,111.83,111.83,113.76,110.35,113.49,113.4,112.19,918542,1030.52,19811,320843.0, 34.93,2026-06-03
DGCONTENT, EQ, 03-Jun-2026,27.04,26.02,27.0,25.2,26.8,26.8,26.15,23141,6.05,143,15980.0, 69.05,2026-06-03
DHAMPURSUG, EQ, 03-Jun-2026,138.85,139.0,139.79,135.3,137.38,138.05,137.52,194381,267.3,3097,80163.0, 41.24,2026-06-03
DHANBANK, EQ, 03-Jun-2026,33.72,33.71,35.17,33.26,33.95,33.99,34.31,3220827,1104.91,9414,1025193.0, 31.83,2026-06-03
DHANLAXMI, SM, 03-Jun-2026,30.4,30.4,30.4,30.0,30.0,30.0,30.36,20000,6.07,2,20000.0, 100.00,2026-06-03
DHANUKA, EQ, 03-Jun-2026,1096.2,1109.8,1126.0,1081.0,1094.0,1093.7,1101.25,100712,1109.09,7715,19670.0, 19.53,2026-06-03
DHARAN, BZ, 03-Jun-2026,0.15,0.16,0.16,0.15,0.16,0.16,0.16,87104749,139.05,2706,, -,2026-06-03
DHARARAIL, SM, 03-Jun-2026,130.0,132.9,135.0,127.0,134.8,134.7,132.35,79000,104.56,63,64000.0, 81.01,2026-06-03
DHARIWAL, SM, 03-Jun-2026,32.05,32.0,32.75,30.55,31.15,31.15,31.43,39000,12.26,11,30000.0, 76.92,2026-06-03
DHARMAJ, EQ, 03-Jun-2026,285.8,285.5,292.05,281.5,285.0,284.7,284.8,42421,120.82,2095,22760.0, 53.65,2026-06-03
DHRUV, BE, 03-Jun-2026,28.38,29.49,29.49,28.0,28.1,28.1,28.91,4030,1.17,29,, -,2026-06-03
DHUNINV, EQ, 03-Jun-2026,790.55,795.0,810.0,780.0,810.0,805.35,795.98,1535,12.22,128,1149.0, 74.85,2026-06-03
DIACABS, EQ, 03-Jun-2026,194.65,193.8,193.8,187.11,188.2,188.68,189.6,2369180,4491.86,22299,877241.0, 37.03,2026-06-03
DIAMINESQ, EQ, 03-Jun-2026,240.57,244.88,250.0,241.77,250.0,249.01,246.07,5491,13.51,230,4206.0, 76.60,2026-06-03
DIAMONDYD, EQ, 03-Jun-2026,1087.1,1085.0,1212.5,1069.4,1186.0,1186.6,1164.35,173024,2014.6,5928,68806.0, 39.77,2026-06-03
DICIND, EQ, 03-Jun-2026,500.5,498.15,518.8,498.15,500.05,501.0,504.83,995,5.02,61,817.0, 82.11,2026-06-03
DIFFNKG, EQ, 03-Jun-2026,322.15,322.15,331.8,312.15,328.3,328.0,322.6,93937,303.05,2609,41120.0, 43.77,2026-06-03
DIGIDRIVE, EQ, 03-Jun-2026,18.94,18.94,19.33,18.3,18.7,18.68,18.7,32695,6.11,233,23351.0, 71.42,2026-06-03
DIGIKORE, SM, 03-Jun-2026,54.5,55.25,55.25,50.0,52.15,52.8,52.93,87600,46.37,105,58000.0, 66.21,2026-06-03
DIGISPICE, BE, 03-Jun-2026,19.88,20.01,20.48,19.65,20.0,20.19,20.12,61402,12.36,226,, -,2026-06-03
DIGITIDE, EQ, 03-Jun-2026,88.64,89.07,89.93,86.35,86.63,87.54,88.15,180423,159.04,2560,87967.0, 48.76,2026-06-03
DIGJAMLMTD, EQ, 03-Jun-2026,44.88,45.22,45.5,43.5,44.07,44.01,44.19,1982,0.88,68,1705.0, 86.02,2026-06-03
DIRL, SM, 03-Jun-2026,12.1,12.5,12.5,12.5,12.5,12.5,12.5,6000,0.75,1,6000.0, 100.00,2026-06-03
DISAQ, EQ, 03-Jun-2026,11593.0,11607.0,11661.0,11360.0,11468.0,11426.0,11567.44,1045,120.88,975,52.0, 4.98,2026-06-03
DISHTV, BE, 03-Jun-2026,3.18,3.15,3.19,3.05,3.18,3.18,3.14,1657794,52.05,1340,, -,2026-06-03
DIVGIITTS, EQ, 03-Jun-2026,789.45,790.0,820.0,769.45,795.4,802.6,801.05,62546,501.03,4726,31600.0, 50.52,2026-06-03
DIVIDEND, EQ, 03-Jun-2026,36.37,36.21,36.21,35.76,35.96,35.95,35.99,8397,3.02,124,8369.0, 99.67,2026-06-03
DIVINEHIRA, ST, 03-Jun-2026,324.45,325.5,329.95,310.6,329.95,327.55,323.14,7200,23.27,15,4000.0, 55.56,2026-06-03
DIVISLAB, EQ, 03-Jun-2026,6533.0,6520.0,6604.5,6460.0,6565.0,6576.5,6563.23,563313,36971.55,30643,392295.0, 69.64,2026-06-03
DIVOPPBEES, EQ, 03-Jun-2026,78.08,79.19,79.19,76.25,77.94,77.55,77.12,70662,54.5,1403,36402.0, 51.52,2026-06-03
DIVYADHAN, ST, 03-Jun-2026,30.9,30.65,30.65,30.65,30.65,30.65,30.65,2000,0.61,1,2000.0, 100.00,2026-06-03
DIXON, EQ, 03-Jun-2026,11604.0,11620.0,11640.0,11153.0,11225.0,11227.0,11301.47,524162,59238.01,63032,193190.0, 36.86,2026-06-03
DJML, EQ, 03-Jun-2026,104.14,103.94,105.89,100.35,102.5,103.36,104.24,196821,205.17,1081,26661.0, 13.55,2026-06-03
DKEGL, SM, 03-Jun-2026,69.7,65.75,65.75,65.75,65.75,65.75,65.75,1500,0.99,1,1500.0, 100.00,2026-06-03
DLF, EQ, 03-Jun-2026,591.85,590.1,591.15,573.55,581.6,581.55,580.38,3682605,21372.98,45435,1465037.0, 39.78,2026-06-03
DLINKINDIA, EQ, 03-Jun-2026,475.4,476.9,478.95,461.2,471.5,471.7,468.8,102459,480.32,3058,46232.0, 45.12,2026-06-03
DMART, EQ, 03-Jun-2026,4057.0,4064.9,4193.9,4017.1,4168.0,4168.4,4151.98,857620,35608.24,73218,363780.0, 42.42,2026-06-03
DMCC, EQ, 03-Jun-2026,265.45,265.4,267.85,260.0,261.05,262.7,263.15,33889,89.18,1013,14000.0, 41.31,2026-06-03
DNAMEDIA, EQ, 03-Jun-2026,2.9,2.98,2.98,2.83,2.91,2.94,2.91,37811,1.1,121,24484.0, 64.75,2026-06-03
DODLA, EQ, 03-Jun-2026,1098.2,1088.2,1108.7,1080.0,1104.8,1100.6,1090.62,11572,126.21,1564,4188.0, 36.19,2026-06-03
DOLATALGO, EQ, 03-Jun-2026,74.53,74.5,75.24,72.81,74.92,74.72,74.44,206191,153.48,1229,135439.0, 65.69,2026-06-03
DOLLAR, EQ, 03-Jun-2026,260.25,260.25,261.6,252.65,255.55,256.05,255.74,105353,269.43,3128,59247.0, 56.24,2026-06-03
DOLLEX, SM, 03-Jun-2026,31.45,32.1,32.1,30.3,30.3,30.3,31.2,8000,2.5,2,4000.0, 50.00,2026-06-03
DOLPHIN, EQ, 03-Jun-2026,402.25,402.25,402.75,392.25,401.55,399.45,399.42,5299,21.17,382,2613.0, 49.31,2026-06-03
DOMS, EQ, 03-Jun-2026,2182.4,2180.0,2182.9,2141.1,2150.0,2154.7,2158.69,21017,453.69,3367,10682.0, 50.83,2026-06-03
DONEAR, EQ, 03-Jun-2026,93.34,93.8,95.66,91.56,91.62,91.77,92.8,27201,25.24,842,12465.0, 45.83,2026-06-03
DPABHUSHAN, EQ, 03-Jun-2026,927.9,930.0,935.2,920.0,932.1,931.1,928.54,4654,43.21,572,2374.0, 51.01,2026-06-03
DPEL, SM, 03-Jun-2026,499.4,505.0,505.0,490.0,495.0,494.55,495.09,29500,146.05,51,16000.0, 54.24,2026-06-03
DPSCLTD, BE, 03-Jun-2026,8.24,8.42,8.42,7.86,8.0,7.98,7.99,256609,20.49,727,, -,2026-06-03
DPWIRES, EQ, 03-Jun-2026,183.79,181.0,183.19,180.01,181.98,180.68,181.68,5050,9.17,228,2696.0, 53.39,2026-06-03
DRAGARWQ, EQ, 03-Jun-2026,5031.4,5081.7,5292.0,4968.1,5200.0,5183.8,5074.56,890,45.16,581,266.0, 29.89,2026-06-03
DRCSYSTEMS, EQ, 03-Jun-2026,14.85,15.0,15.2,14.65,14.87,14.72,14.76,26267,3.88,193,22328.0, 85.00,2026-06-03
DREAMFOLKS, EQ, 03-Jun-2026,73.58,72.25,74.62,72.25,74.49,73.99,73.34,41735,30.61,997,17844.0, 42.76,2026-06-03
DREDGECORP, EQ, 03-Jun-2026,1223.3,1230.0,1255.0,1165.1,1230.5,1232.5,1215.37,665429,8087.43,30240,163330.0, 24.55,2026-06-03
DRONE, ST, 03-Jun-2026,40.05,40.9,40.9,39.15,40.45,40.3,40.27,21000,8.46,33,19500.0, 92.86,2026-06-03
DRREDDY, EQ, 03-Jun-2026,1274.0,1269.5,1275.2,1256.9,1261.9,1263.3,1264.55,1226407,15508.5,46744,687547.0, 56.06,2026-06-03
DSFCL, EQ, 03-Jun-2026,24.47,25.1,25.69,24.71,25.49,25.22,25.22,30661,7.73,240,27247.0, 88.87,2026-06-03
DSSL, EQ, 03-Jun-2026,1502.9,1503.0,1517.6,1427.8,1427.8,1427.8,1460.07,86265,1259.53,4688,42033.0, 48.73,2026-06-03
DTIL, EQ, 03-Jun-2026,132.31,132.31,132.31,129.0,130.5,130.3,130.13,4232,5.51,155,3511.0, 82.96,2026-06-03
DTL, SM, 03-Jun-2026,130.0,130.0,130.0,130.0,130.0,130.0,130.0,1200,1.56,1,1200.0, 100.00,2026-06-03
DUCOL, SM, 03-Jun-2026,107.95,107.95,107.95,103.05,103.05,103.65,105.18,10400,10.94,12,10400.0, 100.00,2026-06-03
DUCON, BE, 03-Jun-2026,3.4,3.33,3.5,3.25,3.39,3.38,3.35,165169,5.54,247,, -,2026-06-03
DUGLOBAL, ST, 03-Jun-2026,37.35,37.3,37.3,35.5,35.5,35.5,35.8,15000,5.37,6,12500.0, 83.33,2026-06-03
DURLAX, ST, 03-Jun-2026,57.0,56.5,56.5,55.0,55.05,55.45,55.61,32000,17.8,13,30000.0, 93.75,2026-06-03
DVL, EQ, 03-Jun-2026,237.93,234.23,244.89,234.01,235.0,240.09,236.79,2892,6.85,190,1681.0, 58.13,2026-06-03
DWARKESH, EQ, 03-Jun-2026,44.31,44.45,44.45,43.05,43.82,44.08,43.7,680719,297.51,5258,168217.0, 24.71,2026-06-03
DYCL, EQ, 03-Jun-2026,317.7,320.0,334.8,309.0,330.9,329.05,320.73,293371,940.94,6911,116728.0, 39.79,2026-06-03
DYNAMATECH, EQ, 03-Jun-2026,10321.0,10368.0,10604.0,10200.0,10450.0,10472.0,10367.91,12575,1303.76,4577,3375.0, 26.84,2026-06-03
DYNAMIC, SM, 03-Jun-2026,154.45,161.95,161.95,147.5,160.0,156.05,155.58,14500,22.56,28,11000.0, 75.86,2026-06-03
DYNPRO, EQ, 03-Jun-2026,257.45,257.35,266.65,254.15,259.8,256.0,259.66,26326,68.36,695,16895.0, 64.18,2026-06-03
E2E, EQ, 03-Jun-2026,4324.4,4470.0,4538.0,4108.2,4108.2,4108.2,4305.79,450792,19410.14,45969,202567.0, 44.94,2026-06-03
E2ERAIL, ST, 03-Jun-2026,262.8,263.65,275.9,258.15,275.0,275.65,271.75,51200,139.13,57,40000.0, 78.13,2026-06-03
EASEMYTRIP, EQ, 03-Jun-2026,6.95,6.97,6.99,6.81,6.93,6.9,6.9,11504534,794.17,9845,5409829.0, 47.02,2026-06-03
EASTSILK, BE, 03-Jun-2026,54.01,54.28,54.55,54.28,54.5,54.5,54.38,801,0.44,3,, -,2026-06-03
EBANKNIFTY, EQ, 03-Jun-2026,54.07,53.68,54.5,53.31,54.5,54.5,54.07,797,0.43,36,622.0, 78.04,2026-06-03
EBBETF0430, EQ, 03-Jun-2026,1567.53,1574.8,1574.8,1565.38,1571.0,1568.41,1568.69,8879,139.28,428,7917.0, 89.17,2026-06-03
EBBETF0431, EQ, 03-Jun-2026,1400.08,1394.21,1399.31,1393.8,1393.9,1397.44,1396.69,4829,67.45,81,4217.0, 87.33,2026-06-03
EBBETF0433, EQ, 03-Jun-2026,1271.57,1280.0,1280.0,1268.07,1271.01,1271.82,1271.75,907,11.53,61,833.0, 91.84,2026-06-03
EBGNG, EQ, 03-Jun-2026,441.4,442.6,451.4,431.25,439.5,440.35,440.32,116656,513.66,5140,58858.0, 50.45,2026-06-03
ECAPINSURE, EQ, 03-Jun-2026,23.74,23.65,23.65,23.13,23.46,23.41,23.34,81223,18.96,618,56983.0, 70.16,2026-06-03
ECLERX, EQ, 03-Jun-2026,1517.2,1519.0,1524.2,1423.7,1430.0,1439.4,1450.99,436344,6331.29,34635,246392.0, 56.47,2026-06-03
ECOLINE, SM, 03-Jun-2026,169.65,169.65,169.65,164.4,165.0,165.65,166.2,26000,43.21,26,19000.0, 73.08,2026-06-03
ECOSMOBLTY, BE, 03-Jun-2026,128.3,125.8,128.3,121.89,122.32,122.22,123.46,117670,145.28,3165,, -,2026-06-03
EDELWEISS, EQ, 03-Jun-2026,111.62,111.6,112.77,108.9,111.9,112.02,110.99,2142362,2377.76,18899,908848.0, 42.42,2026-06-03
EEPL, SM, 03-Jun-2026,96.5,96.5,100.5,96.5,100.5,99.8,98.15,8000,7.85,8,8000.0, 100.00,2026-06-03
EFACTOR, SM, 03-Jun-2026,182.0,181.95,181.95,181.95,181.95,181.95,181.95,1200,2.18,2,1200.0, 100.00,2026-06-03
EFCIL, EQ, 03-Jun-2026,179.8,179.8,179.81,173.21,177.0,177.51,175.69,444465,780.86,7874,231377.0, 52.06,2026-06-03
EFFWA, SM, 03-Jun-2026,293.8,295.0,308.95,291.05,303.0,300.9,301.61,91200,275.06,148,57600.0, 63.16,2026-06-03
EFORCE, SM, 03-Jun-2026,22.35,21.4,21.6,21.4,21.55,21.6,21.54,8400,1.81,7,7200.0, 85.71,2026-06-03
EGOLD, EQ, 03-Jun-2026,155.55,155.2,155.2,153.2,154.1,154.4,154.39,664233,1025.53,723,536566.0, 80.78,2026-06-03
EICHERMOT, EQ, 03-Jun-2026,7141.5,7139.5,7178.0,7045.0,7105.0,7130.0,7115.47,413545,29425.66,76296,182854.0, 44.22,2026-06-03
EIDPARRY, EQ, 03-Jun-2026,755.3,755.3,763.55,741.95,756.2,756.85,752.78,223458,1682.14,22363,100843.0, 45.13,2026-06-03
EIEL, EQ, 03-Jun-2026,187.54,187.21,187.87,181.58,183.55,183.43,183.75,741939,1363.29,9743,326955.0, 44.07,2026-06-03
EIFFL, EQ, 03-Jun-2026,230.04,232.25,233.08,225.0,229.8,228.77,228.22,87512,199.72,1559,47271.0, 54.02,2026-06-03
EIHAHOTELS, EQ, 03-Jun-2026,299.0,297.5,304.35,297.1,303.0,302.85,301.16,13738,41.37,640,8432.0, 61.38,2026-06-03
EIHOTEL, EQ, 03-Jun-2026,289.8,289.6,292.0,283.7,291.0,290.3,287.38,167660,481.82,7952,97015.0, 57.86,2026-06-03
EIMCOELECO, EQ, 03-Jun-2026,1523.4,1523.4,1551.0,1485.0,1539.8,1525.3,1530.11,23417,358.31,2337,13548.0, 57.86,2026-06-03
EKC, EQ, 03-Jun-2026,117.8,117.8,117.85,115.0,117.0,116.46,116.01,119198,138.28,1716,62544.0, 52.47,2026-06-03
ELANTAS, EQ, 03-Jun-2026,9479.0,9701.0,9825.0,9509.5,9787.0,9702.5,9656.41,1012,97.72,385,568.0, 56.13,2026-06-03
ELCIDIN, EQ, 03-Jun-2026,117950.0,117500.0,117550.0,117000.0,117000.0,117000.0,117211.0,5,5.86,4,5.0, 100.00,2026-06-03
ELDEHSG, EQ, 03-Jun-2026,767.95,767.95,790.0,761.05,790.0,786.8,774.3,807,6.25,51,696.0, 86.25,2026-06-03
ELECON, EQ, 03-Jun-2026,508.9,509.0,509.0,495.5,506.4,505.35,502.76,206391,1037.64,8754,81627.0, 39.55,2026-06-03
ELECTCAST, EQ, 03-Jun-2026,76.12,76.25,77.1,72.88,75.49,75.52,74.67,3748563,2799.01,24001,1968720.0, 52.52,2026-06-03
ELECTHERM, EQ, 03-Jun-2026,1028.3,1025.0,1051.3,985.6,1001.8,998.85,1016.66,60219,612.22,5687,12811.0, 21.27,2026-06-03
ELGIEQUIP, EQ, 03-Jun-2026,589.35,591.0,607.0,580.35,600.85,601.2,597.12,1223194,7303.95,60650,582718.0, 47.64,2026-06-03
ELGIRUBCO, EQ, 03-Jun-2026,47.33,46.38,47.65,45.41,46.4,45.79,46.47,38725,18.0,793,17656.0, 45.59,2026-06-03
ELGNZ, SM, 03-Jun-2026,78.45,78.45,81.0,78.45,80.0,80.65,80.09,9000,7.21,9,7000.0, 77.78,2026-06-03
ELIN, EQ, 03-Jun-2026,111.05,111.75,111.75,109.1,110.8,111.21,110.26,71774,79.13,1165,41551.0, 57.89,2026-06-03
ELIQUID, EQ, 03-Jun-2026,1033.29,1033.43,1033.43,1033.42,1033.43,1033.43,1033.43,806,8.33,5,806.0, 100.00,2026-06-03
ELITECON, EQ, 03-Jun-2026,30.92,30.92,31.58,30.61,30.67,30.87,31.0,390097,120.94,2399,230574.0, 59.11,2026-06-03
ELLEN, EQ, 03-Jun-2026,247.95,250.85,255.0,241.65,250.0,251.55,248.47,257763,640.46,4551,141944.0, 55.07,2026-06-03
ELM250, EQ, 03-Jun-2026,16.24,16.57,16.57,15.89,15.95,16.04,15.99,54426,8.71,325,44925.0, 82.54,2026-06-03
ELPROINTL, EQ, 03-Jun-2026,167.65,168.65,169.0,167.01,168.0,168.1,167.76,40659,68.21,420,32686.0, 80.39,2026-06-03
EMAMILTD, EQ, 03-Jun-2026,391.7,392.65,393.5,379.7,387.0,390.75,385.51,694806,2678.54,26947,349768.0, 50.34,2026-06-03
EMAMIPAP, EQ, 03-Jun-2026,87.87,87.87,88.0,86.15,86.75,86.58,86.76,14446,12.53,301,10766.0, 74.53,2026-06-03
EMAMIREAL, BE, 03-Jun-2026,85.9,84.2,84.2,84.19,84.19,84.19,84.19,6271,5.28,38,, -,2026-06-03
EMAPARTNER, SM, 03-Jun-2026,86.05,86.15,94.0,86.15,90.05,90.05,91.75,11000,10.09,10,8000.0, 72.73,2026-06-03
EMBASSY, RR, 03-Jun-2026,435.21,434.95,434.95,430.02,432.0,431.94,432.2,253181,1094.25,17526,216656.0, 85.57,2026-06-03
EMBDL, EQ, 03-Jun-2026,56.76,56.9,57.4,55.36,56.87,57.01,56.21,2508202,1409.86,9619,1592884.0, 63.51,2026-06-03
EMCURE, EQ, 03-Jun-2026,1704.4,1718.0,1723.9,1690.8,1696.0,1700.7,1703.99,79591,1356.22,11206,44323.0, 55.69,2026-06-03
EMIL, EQ, 03-Jun-2026,113.54,113.91,114.2,109.54,111.2,111.36,111.43,630693,702.77,11152,294268.0, 46.66,2026-06-03
EMKAY, EQ, 03-Jun-2026,247.63,257.0,297.15,250.31,297.15,297.15,282.57,1664669,4703.86,26347,253892.0, 15.25,2026-06-03
EMKAYTOOLS, SM, 03-Jun-2026,99.35,100.3,100.3,99.8,99.8,100.0,100.03,600,0.6,4,450.0, 75.00,2026-06-03
EMMBI, EQ, 03-Jun-2026,84.71,84.1,84.1,83.0,83.0,83.0,83.33,3519,2.93,69,3357.0, 95.40,2026-06-03
EMMIL, SM, 03-Jun-2026,124.5,125.0,130.0,124.0,124.0,124.0,126.6,3500,4.43,14,2500.0, 71.43,2026-06-03
EMMVEE, EQ, 03-Jun-2026,310.75,311.25,329.9,311.05,329.15,327.7,322.86,6470946,20891.85,87407,1991499.0, 30.78,2026-06-03
EMPOWER, BE, 03-Jun-2026,2.22,2.18,2.18,2.18,2.18,2.18,2.18,83996,1.83,222,, -,2026-06-03
EMSLIMITED, EQ, 03-Jun-2026,296.55,296.55,297.2,288.0,291.5,292.3,291.33,107882,314.29,3911,46095.0, 42.73,2026-06-03
EMUDHRA, EQ, 03-Jun-2026,466.7,469.2,471.95,460.05,468.0,466.9,465.11,51572,239.87,2837,25735.0, 49.90,2026-06-03
EMULTIMQ, EQ, 03-Jun-2026,42.1,42.03,42.08,41.41,41.93,41.94,41.69,22162,9.24,217,13788.0, 62.21,2026-06-03
ENCOMPAS, SM, 03-Jun-2026,243.2,243.0,243.0,242.9,242.9,242.9,242.95,800,1.94,2,800.0, 100.00,2026-06-03
ENDURANCE, EQ, 03-Jun-2026,2687.4,2700.0,2700.0,2601.0,2618.0,2635.4,2634.89,74636,1966.58,9495,42133.0, 56.45,2026-06-03
ENERGY, EQ, 03-Jun-2026,40.35,40.36,40.59,40.01,40.37,40.36,40.21,290613,116.85,1132,165983.0, 57.11,2026-06-03
ENERGYDEV, EQ, 03-Jun-2026,16.06,16.22,16.5,16.05,16.47,16.38,16.32,24358,3.97,266,20230.0, 83.05,2026-06-03
ENEXT50, EQ, 03-Jun-2026,69.86,69.75,70.29,69.41,70.03,70.03,69.65,1867,1.3,15,1867.0, 100.00,2026-06-03
ENFUSE, SM, 03-Jun-2026,170.0,161.1,167.0,160.0,167.0,167.0,160.95,7200,11.59,10,5400.0, 75.00,2026-06-03
ENGINERSIN, EQ, 03-Jun-2026,227.23,227.0,229.45,221.1,228.0,228.02,225.73,1792655,4046.54,25119,657506.0, 36.68,2026-06-03
ENIFTY, EQ, 03-Jun-2026,23.6,24.19,24.19,23.21,23.49,23.49,23.36,73489,17.17,81,73199.0, 99.61,2026-06-03
ENIL, EQ, 03-Jun-2026,108.3,108.8,109.0,106.12,107.95,107.33,108.53,15619,16.95,175,13265.0, 84.93,2026-06-03
ENRIN, EQ, 03-Jun-2026,3623.3,3641.4,3789.9,3623.3,3675.0,3686.6,3719.06,1027266,38204.67,109200,324597.0, 31.60,2026-06-03
ENSER, ST, 03-Jun-2026,15.1,15.1,15.1,15.1,15.1,15.1,15.1,5000,0.76,1,5000.0, 100.00,2026-06-03
ENTERO, EQ, 03-Jun-2026,1152.4,1155.0,1165.5,1113.0,1121.1,1127.4,1133.01,128309,1453.76,9730,66044.0, 51.47,2026-06-03
ENVIRO, SM, 03-Jun-2026,79.95,81.0,84.5,80.1,81.0,80.85,81.63,39000,31.83,30,30000.0, 76.92,2026-06-03
EPACK, EQ, 03-Jun-2026,218.73,220.52,228.9,219.01,225.11,226.29,225.09,1481592,3334.98,18194,254844.0, 17.20,2026-06-03
EPACKPEB, EQ, 03-Jun-2026,187.64,193.87,218.95,192.0,205.7,205.09,209.17,13253596,27722.83,118761,1375479.0, 10.38,2026-06-03
EPIGRAL, EQ, 03-Jun-2026,1139.5,1140.0,1147.3,1116.0,1126.0,1130.2,1127.01,20860,235.09,3017,9821.0, 47.08,2026-06-03
EPL, EQ, 03-Jun-2026,210.42,211.99,212.79,203.91,211.65,210.94,208.37,708890,1477.15,11783,381195.0, 53.77,2026-06-03
EPWINDIA, ST, 03-Jun-2026,143.15,143.15,143.15,143.15,143.15,143.15,143.15,1200,1.72,1,1200.0, 100.00,2026-06-03
EQUAL200, EQ, 03-Jun-2026,13.37,13.25,13.32,13.19,13.3,13.29,13.21,113945,15.05,64,103327.0, 90.68,2026-06-03
EQUAL50, EQ, 03-Jun-2026,325.36,323.35,324.01,321.0,324.01,324.01,321.63,1019,3.28,26,982.0, 96.37,2026-06-03
EQUAL50ADD, EQ, 03-Jun-2026,335.71,335.71,338.8,331.0,338.8,334.16,333.1,25754,85.79,394,15263.0, 59.26,2026-06-03
EQUIPPP, BE, 03-Jun-2026,17.83,17.8,17.9,16.94,17.55,17.02,17.37,24211,4.21,62,, -,2026-06-03
EQUITASBNK, EQ, 03-Jun-2026,69.76,69.76,71.45,68.68,70.55,70.9,70.31,2148146,1510.38,12393,818161.0, 38.09,2026-06-03
ERIS, EQ, 03-Jun-2026,1362.1,1369.9,1412.0,1360.0,1394.0,1397.1,1394.55,112792,1572.94,10301,42940.0, 38.07,2026-06-03
ESABINDIA, EQ, 03-Jun-2026,6116.0,6200.0,6200.0,5910.0,5910.0,5940.5,6005.76,7404,444.67,2170,4147.0, 56.01,2026-06-03
ESAFSFB, EQ, 03-Jun-2026,27.98,27.98,28.15,27.15,28.0,27.82,27.64,274618,75.89,1487,137616.0, 50.11,2026-06-03
ESCONET, ST, 03-Jun-2026,123.85,121.25,124.95,121.2,123.25,124.05,122.98,4800,5.9,12,3600.0, 75.00,2026-06-03
ESCORTS, EQ, 03-Jun-2026,2750.3,2754.0,2790.3,2736.6,2750.0,2765.0,2769.14,97842,2709.38,10287,33669.0, 34.41,2026-06-03
ESENSEX, EQ, 03-Jun-2026,75.05,74.72,74.72,73.76,74.62,74.62,73.88,14263,10.54,28,13041.0, 91.43,2026-06-03
ESFL, ST, 03-Jun-2026,123.8,122.05,125.65,121.65,124.85,124.85,122.92,7920,9.74,18,6120.0, 77.27,2026-06-03
ESG, EQ, 03-Jun-2026,40.26,40.09,40.12,39.67,40.0,40.04,39.88,15559,6.21,127,15173.0, 97.52,2026-06-03
ESILVER, EQ, 03-Jun-2026,262.77,261.71,261.71,256.95,257.69,257.67,258.4,34114,88.15,1862,17166.0, 50.32,2026-06-03
ESPRIT, SM, 03-Jun-2026,73.75,72.0,72.0,72.0,72.0,72.0,72.0,1600,1.15,1,1600.0, 100.00,2026-06-03
ESSARSHPNG, EQ, 03-Jun-2026,23.45,23.2,23.6,23.06,23.34,23.31,23.25,174272,40.52,709,105754.0, 60.68,2026-06-03
ESSEN-RE3, BE, 03-Jun-2026,0.05,0.05,0.05,0.04,0.04,0.04,0.04,12210759,5.34,2231,, -,2026-06-03
ESSENTIA, BE, 03-Jun-2026,1.73,1.76,1.76,1.68,1.72,1.7,1.7,3381327,57.46,847,, -,2026-06-03
ESTER, EQ, 03-Jun-2026,93.39,93.95,94.15,91.53,92.0,92.42,92.43,31290,28.92,847,16892.0, 53.99,2026-06-03
ETERNAL, EQ, 03-Jun-2026,250.75,248.0,249.45,244.5,246.65,247.0,247.15,25192315,62263.17,240159,11391320.0, 45.22,2026-06-03
ETHOSLTD, EQ, 03-Jun-2026,2359.6,2352.0,2369.2,2310.0,2366.0,2356.0,2335.54,9726,227.15,1653,4980.0, 51.20,2026-06-03
ETL, SM, 03-Jun-2026,1010.5,1005.0,1010.0,950.0,950.0,960.0,971.01,1650,16.02,10,1350.0, 81.82,2026-06-03
ETML, SM, 03-Jun-2026,80.7,81.0,81.0,78.0,78.0,78.0,79.05,14400,11.38,12,12000.0, 83.33,2026-06-03
EUREKAFORB, EQ, 03-Jun-2026,449.9,445.5,446.95,436.15,444.2,443.1,440.51,180767,796.3,7855,115394.0, 63.84,2026-06-03
EUROBOND, EQ, 03-Jun-2026,184.9,188.99,188.99,178.01,186.0,185.43,184.49,4752,8.77,202,3315.0, 69.76,2026-06-03
EUROPRATIK, EQ, 03-Jun-2026,259.45,261.95,261.95,250.0,254.2,255.85,257.23,179730,462.33,3259,15552.0, 8.65,2026-06-03
EUROTEXIND, EQ, 03-Jun-2026,15.01,16.0,16.18,15.05,15.5,15.51,15.79,1990,0.31,47,1611.0, 80.95,2026-06-03
EVEREADY, EQ, 03-Jun-2026,318.0,318.0,321.8,315.15,316.1,319.0,317.81,49579,157.57,1547,18455.0, 37.22,2026-06-03
EVERESTIND, EQ, 03-Jun-2026,378.9,384.6,384.6,374.05,375.0,377.2,376.54,3476,13.09,178,2365.0, 68.04,2026-06-03
EVIETF, EQ, 03-Jun-2026,30.77,31.25,31.25,30.29,30.74,30.59,30.5,143690,43.83,951,63228.0, 44.00,2026-06-03
EVINDIA, EQ, 03-Jun-2026,30.75,31.09,31.09,30.34,30.59,30.63,30.48,675414,205.89,1828,566158.0, 83.82,2026-06-03
EXCELINDUS, EQ, 03-Jun-2026,910.25,910.25,935.0,906.05,935.0,930.5,919.75,8866,81.55,656,6093.0, 68.72,2026-06-03
EXCELLENT, ST, 03-Jun-2026,165.0,165.0,168.0,165.0,168.0,168.0,167.34,14400,24.1,7,12800.0, 88.89,2026-06-03
EXCELSOFT, EQ, 03-Jun-2026,88.63,88.62,89.28,86.88,87.39,87.38,87.8,429304,376.92,3327,193111.0, 44.98,2026-06-03
EXICOM, EQ, 03-Jun-2026,159.72,161.0,161.45,150.61,151.7,153.35,156.61,3824031,5988.99,26435,1306398.0, 34.16,2026-06-03
EXIDEIND, EQ, 03-Jun-2026,406.25,407.0,408.9,395.05,399.8,398.95,400.2,3802136,15216.07,65778,1495939.0, 39.34,2026-06-03
EXIMROUTES, SM, 03-Jun-2026,115.65,117.0,117.0,112.0,112.1,112.1,116.84,48800,57.02,4,48800.0, 100.00,2026-06-03
EXPLEOSOL, EQ, 03-Jun-2026,904.55,909.0,911.8,869.55,881.75,880.35,883.45,46816,413.59,2736,29698.0, 63.44,2026-06-03
EXXARO, EQ, 03-Jun-2026,6.57,6.58,6.64,6.45,6.53,6.48,6.52,103963,6.78,336,91448.0, 87.96,2026-06-03
FABTECH, EQ, 03-Jun-2026,152.91,154.44,155.49,150.6,151.95,152.06,152.75,77428,118.27,1307,47883.0, 61.84,2026-06-03
FACT, EQ, 03-Jun-2026,871.35,879.0,882.5,858.4,870.05,871.4,872.1,117635,1025.89,6993,24957.0, 21.22,2026-06-03
FAIRCHEMOR, EQ, 03-Jun-2026,600.6,601.0,610.0,595.1,597.1,601.3,600.93,6146,36.93,1131,2974.0, 48.39,2026-06-03
FALCONTECH, SM, 03-Jun-2026,13.85,13.8,14.2,13.5,13.5,13.55,13.83,6000,0.83,5,4800.0, 80.00,2026-06-03
FAZE3Q, EQ, 03-Jun-2026,549.9,553.95,559.85,526.1,535.1,536.1,536.55,33744,181.05,1778,16728.0, 49.57,2026-06-03
FCL, EQ, 03-Jun-2026,42.36,42.69,44.44,42.6,43.55,43.54,43.6,29794119,12991.12,45403,6350145.0, 21.31,2026-06-03
FCSSOFT, BE, 03-Jun-2026,1.72,1.79,1.8,1.75,1.8,1.8,1.79,3351077,59.86,2073,, -,2026-06-03
FDC, EQ, 03-Jun-2026,392.75,399.0,407.8,386.5,399.4,398.8,398.66,505078,2013.56,19274,221000.0, 43.76,2026-06-03
FEDDERSHOL, EQ, 03-Jun-2026,35.64,36.17,37.49,35.0,35.0,35.25,35.6,584252,208.02,2003,458178.0, 78.42,2026-06-03
FEDERALBNK, EQ, 03-Jun-2026,293.05,293.95,302.85,290.3,302.4,301.05,297.46,15946881,47435.38,88575,8313235.0, 52.13,2026-06-03
FEDFINA, EQ, 03-Jun-2026,158.53,159.0,159.08,154.26,156.24,157.01,156.36,515510,806.03,8060,217945.0, 42.28,2026-06-03
FEL, BZ, 03-Jun-2026,0.42,0.43,0.43,0.42,0.42,0.42,0.43,102514,0.44,83,, -,2026-06-03
FELDVR, BZ, 03-Jun-2026,2.6,2.65,2.73,2.5,2.5,2.6,2.62,2705,0.07,27,, -,2026-06-03
FELIX, SM, 03-Jun-2026,186.3,184.5,190.95,184.5,189.0,189.0,188.11,22000,41.39,36,13000.0, 59.09,2026-06-03
FERMENTA, EQ, 03-Jun-2026,312.35,320.0,320.0,305.0,315.0,316.75,312.41,26262,82.05,1076,20956.0, 79.80,2026-06-03
FIBERWEB, EQ, 03-Jun-2026,28.03,27.6,28.7,27.5,28.7,28.55,28.04,22145,6.21,216,18835.0, 85.05,2026-06-03
FICRF3GP, MF, 03-Jun-2026,199.9,209.0,209.0,209.0,209.0,209.0,209.0,1,0.0,1,1.0, 100.00,2026-06-03
FIDEL, SM, 03-Jun-2026,162.1,155.5,156.0,151.5,151.5,151.5,154.63,4000,6.19,4,4000.0, 100.00,2026-06-03
FIEMIND, EQ, 03-Jun-2026,2273.4,2277.9,2379.0,2257.7,2357.0,2347.0,2346.4,187989,4410.97,21396,82552.0, 43.91,2026-06-03
FILATEX, EQ, 03-Jun-2026,46.24,47.9,48.66,46.53,48.04,48.29,47.73,2128013,1015.6,10453,1039092.0, 48.83,2026-06-03
FILATFASH, BE, 03-Jun-2026,0.23,0.23,0.23,0.22,0.23,0.22,0.22,45753463,101.16,2956,, -,2026-06-03
FINBUD, SM, 03-Jun-2026,120.95,115.1,116.2,114.95,114.95,115.05,115.3,11000,12.68,11,6000.0, 54.55,2026-06-03
FINCABLES, EQ, 03-Jun-2026,1002.1,1002.2,1021.6,975.8,1000.0,996.6,996.75,426524,4251.37,25949,140022.0, 32.83,2026-06-03
FINEORG, EQ, 03-Jun-2026,4586.5,4595.8,4638.9,4488.0,4635.0,4633.8,4607.25,6706,308.96,1744,3235.0, 48.24,2026-06-03
FINIETF, EQ, 03-Jun-2026,30.9,30.68,31.06,30.18,30.86,30.67,30.49,735857,224.33,2753,390481.0, 53.06,2026-06-03
FINKURVE, EQ, 03-Jun-2026,60.19,59.0,62.35,59.0,60.9,61.03,60.69,29757,18.06,1329,12766.0, 42.90,2026-06-03
FINOPB, EQ, 03-Jun-2026,130.78,131.0,132.09,123.0,127.0,128.86,126.69,416125,527.18,4444,156408.0, 37.59,2026-06-03
FINPIPE, EQ, 03-Jun-2026,176.08,176.8,177.46,172.82,176.5,175.71,174.82,341634,597.24,6458,136233.0, 39.88,2026-06-03
FIRSTCRY, EQ, 03-Jun-2026,222.81,223.0,228.59,221.1,223.01,222.07,223.91,1309496,2932.1,35048,426435.0, 32.56,2026-06-03
FISCHER, EQ, 03-Jun-2026,34.43,34.06,34.79,32.75,32.78,32.83,33.17,925306,306.94,3287,483071.0, 52.21,2026-06-03
FIVESTAR, EQ, 03-Jun-2026,439.2,439.2,440.2,430.55,434.8,434.75,433.62,529413,2295.64,12682,285988.0, 54.02,2026-06-03
FLAIR, EQ, 03-Jun-2026,287.75,289.95,291.7,287.0,288.0,288.8,288.88,63720,184.07,2067,11747.0, 18.44,2026-06-03
FLEXIADD, EQ, 03-Jun-2026,9.83,9.98,9.98,9.58,9.65,9.61,9.61,476529,45.79,808,370843.0, 77.82,2026-06-03
FLEXITUFF, EQ, 03-Jun-2026,6.71,6.71,6.9,6.68,6.89,6.89,6.8,31556,2.15,52,17763.0, 56.29,2026-06-03
FLFL, BZ, 03-Jun-2026,1.4,1.4,1.43,1.34,1.43,1.39,1.4,23405,0.33,59,, -,2026-06-03
FLUOROCHEM, EQ, 03-Jun-2026,3654.3,3659.0,3702.0,3622.5,3639.9,3642.9,3669.63,50977,1870.67,4943,25390.0, 49.81,2026-06-03
FLYSBS, SM, 03-Jun-2026,412.5,408.0,409.0,396.3,404.8,402.8,402.46,40800,164.2,164,28200.0, 69.12,2026-06-03
FMCGADD, EQ, 03-Jun-2026,48.74,48.52,48.54,47.95,48.07,48.14,48.29,64062,30.93,112,40404.0, 63.07,2026-06-03
FMCGIETF, EQ, 03-Jun-2026,52.19,52.45,52.51,51.4,51.56,51.62,51.63,985405,508.79,5695,616881.0, 62.60,2026-06-03
FMGOETZE, EQ, 03-Jun-2026,420.85,425.3,425.75,417.55,424.0,422.5,421.13,16242,68.4,833,8822.0, 54.32,2026-06-03
FMNL, BE, 03-Jun-2026,10.9,11.12,11.39,10.57,10.57,10.58,10.63,15571,1.65,76,, -,2026-06-03
FOCE, SM, 03-Jun-2026,580.0,576.0,580.0,573.0,580.0,580.0,576.75,1920,11.07,4,0.0, 0.00,2026-06-03
FOCUS, EQ, 03-Jun-2026,85.71,87.0,94.0,83.58,93.5,92.61,89.37,336196,300.45,4658,165782.0, 49.31,2026-06-03
FONEBOX, SM, 03-Jun-2026,87.0,87.0,87.0,87.0,87.0,87.0,87.0,1000,0.87,1,1000.0, 100.00,2026-06-03
FOODSIN, EQ, 03-Jun-2026,56.88,57.49,57.77,54.91,55.78,56.34,55.84,79979,44.66,1012,46787.0, 58.50,2026-06-03
FORCAS, SM, 03-Jun-2026,104.0,105.0,105.0,105.0,105.0,105.0,105.0,179200,188.16,2,179200.0, 100.00,2026-06-03
FORCEMOT, EQ, 03-Jun-2026,17833.0,17829.0,17998.0,17389.0,17475.0,17502.0,17712.07,117843,20872.44,29833,36267.0, 30.78,2026-06-03
FORTIS, EQ, 03-Jun-2026,929.4,931.8,937.15,916.1,930.0,930.25,928.44,1029896,9561.94,38046,557756.0, 54.16,2026-06-03
FOSECOIND, EQ, 03-Jun-2026,5026.4,5026.4,5085.0,4912.5,4943.0,4943.1,4949.7,2105,104.19,638,890.0, 42.28,2026-06-03
FRACTAL, EQ, 03-Jun-2026,1038.1,1038.0,1049.0,987.0,1008.0,1008.2,1013.04,636518,6448.19,30988,254488.0, 39.98,2026-06-03
FRESHARA, SM, 03-Jun-2026,207.0,205.0,210.0,200.0,210.0,209.6,207.15,36000,74.58,51,27600.0, 76.67,2026-06-03
FROG, ST, 03-Jun-2026,164.95,165.0,173.0,158.0,171.9,163.75,163.44,25200,41.19,38,22800.0, 90.48,2026-06-03
FRONTSP, EQ, 03-Jun-2026,1530.5,1545.0,1566.8,1482.0,1500.0,1508.0,1526.82,31259,477.27,4420,19580.0, 62.64,2026-06-03
FSL, EQ, 03-Jun-2026,270.75,270.7,270.7,261.6,266.4,267.45,265.18,1159778,3075.47,24396,242004.0, 20.87,2026-06-03
FUSION, EQ, 03-Jun-2026,174.63,174.0,174.8,168.61,173.4,172.33,171.2,342126,585.71,5589,134925.0, 39.44,2026-06-03
GABRIEL, EQ, 03-Jun-2026,1077.1,1077.1,1084.0,1050.5,1052.0,1056.4,1062.09,118942,1263.27,10251,50353.0, 42.33,2026-06-03
GAEL, EQ, 03-Jun-2026,155.62,157.0,157.0,151.55,152.87,153.0,152.98,297411,454.97,6288,160964.0, 54.12,2026-06-03
GAIL, EQ, 03-Jun-2026,164.83,164.0,164.82,162.72,163.63,163.86,163.84,4684045,7674.32,43541,2535921.0, 54.14,2026-06-03
GAJANAND, SM, 03-Jun-2026,9.0,8.35,8.35,8.35,8.35,8.35,8.35,3000,0.25,1,3000.0, 100.00,2026-06-03
GALAPREC, EQ, 03-Jun-2026,904.9,909.1,909.1,859.0,868.0,871.45,875.2,35557,311.19,2543,20210.0, 56.84,2026-06-03
GALAXYSURF, EQ, 03-Jun-2026,1757.5,1757.5,1757.5,1731.1,1740.0,1745.6,1743.12,3759,65.52,826,2494.0, 66.35,2026-06-03
GALLANTT, EQ, 03-Jun-2026,666.5,670.0,675.0,635.85,642.0,642.15,645.89,144015,930.18,5744,70226.0, 48.76,2026-06-03
GANDHAR, EQ, 03-Jun-2026,155.79,156.98,159.38,155.7,157.17,157.18,157.61,400161,630.71,6086,110719.0, 27.67,2026-06-03
GANDHITUBE, EQ, 03-Jun-2026,847.25,843.1,847.0,838.35,839.5,842.75,842.01,2513,21.16,198,1834.0, 72.98,2026-06-03
GANECOS, EQ, 03-Jun-2026,925.0,927.9,935.0,912.0,930.6,931.95,925.19,136274,1260.79,4344,92292.0, 67.73,2026-06-03
GANESHBE, EQ, 03-Jun-2026,93.8,93.79,96.74,91.6,94.62,94.03,94.03,230121,216.39,1911,122163.0, 53.09,2026-06-03
GANESHCP, EQ, 03-Jun-2026,216.77,216.77,222.7,208.55,209.2,211.36,216.34,137807,298.14,3013,41930.0, 30.43,2026-06-03
GANESHHOU, EQ, 03-Jun-2026,699.4,710.7,734.8,689.95,722.0,719.5,706.85,44657,315.66,2614,20795.0, 46.57,2026-06-03
GANESHIN, ST, 03-Jun-2026,82.25,83.45,84.0,80.2,84.0,83.35,82.51,86400,71.29,61,84000.0, 97.22,2026-06-03
GANGABATH, SM, 03-Jun-2026,22.1,21.5,22.75,21.5,21.55,22.1,21.71,66000,14.33,9,54000.0, 81.82,2026-06-03
GANGAFORGE, EQ, 03-Jun-2026,2.35,2.35,2.35,2.3,2.33,2.33,2.32,118660,2.76,170,108880.0, 91.76,2026-06-03
GANGESSECU, EQ, 03-Jun-2026,120.6,120.1,124.9,120.1,122.5,122.23,121.01,344,0.42,37,333.0, 96.80,2026-06-03
GARFIBRES, EQ, 03-Jun-2026,660.65,657.0,658.8,634.05,653.3,653.4,653.72,26116,170.73,2663,12987.0, 49.73,2026-06-03
GARUDA, EQ, 03-Jun-2026,171.42,172.42,172.42,167.87,170.45,170.66,169.85,266571,452.77,4220,114200.0, 42.84,2026-06-03
GATECH, EQ, 03-Jun-2026,0.54,0.55,0.57,0.54,0.56,0.55,0.55,5437285,30.07,1077,3346032.0, 61.54,2026-06-03
GATECHDVR, EQ, 03-Jun-2026,0.48,0.5,0.5,0.47,0.49,0.48,0.48,488235,2.36,180,311671.0, 63.84,2026-06-03
GATEWAY, EQ, 03-Jun-2026,55.63,55.77,56.34,55.21,56.05,55.94,55.61,245625,136.58,2326,128840.0, 52.45,2026-06-03
GAUDIUMIVF, BE, 03-Jun-2026,112.39,110.15,110.15,110.15,110.15,110.15,110.15,90559,99.75,219,, -,2026-06-03
GAYAHWS, EQ, 03-Jun-2026,2.26,2.26,2.33,2.2,2.27,2.24,2.26,160141,3.61,223,91242.0, 56.98,2026-06-03
GAYAPROJ, BE, 03-Jun-2026,20.61,20.7,21.0,19.7,20.99,20.1,20.5,807968,165.62,876,, -,2026-06-03
GCHOTELS, SM, 03-Jun-2026,116.5,116.0,118.75,114.2,117.0,117.35,117.43,25800,30.3,41,19200.0, 74.42,2026-06-03
GCSL, EQ, 03-Jun-2026,415.3,416.2,424.15,410.25,410.25,412.65,418.21,541104,2262.97,5947,173030.0, 31.98,2026-06-03
GEECEE, EQ, 03-Jun-2026,324.45,324.45,327.95,322.0,327.45,325.45,324.88,2400,7.8,156,1046.0, 43.58,2026-06-03
GEEKAYWIRE, EQ, 03-Jun-2026,23.24,23.7,23.89,23.27,23.88,23.6,23.64,45709,10.8,487,39584.0, 86.60,2026-06-03
GEMAROMA, BE, 03-Jun-2026,150.26,152.0,152.0,145.0,147.0,146.71,146.24,33873,49.54,470,, -,2026-06-03
GENCON, EQ, 03-Jun-2026,39.9,40.1,40.5,39.08,40.0,39.39,39.75,270676,107.58,1849,13170.0, 4.87,2026-06-03
GENESYS, EQ, 03-Jun-2026,267.65,265.65,272.0,259.5,267.5,267.35,265.12,246035,652.29,4411,80999.0, 32.92,2026-06-03
GENSOL, BZ, 03-Jun-2026,20.79,21.82,21.82,21.82,21.82,21.82,21.82,74664,16.29,328,, -,2026-06-03
GENUSPAPER, EQ, 03-Jun-2026,12.47,12.53,12.55,12.3,12.46,12.44,12.42,10364,1.29,122,8372.0, 80.78,2026-06-03
GENUSPOWER, EQ, 03-Jun-2026,309.35,309.35,315.15,303.1,312.5,313.35,308.97,365701,1129.9,9223,174093.0, 47.61,2026-06-03
GEOJITFSL, EQ, 03-Jun-2026,72.15,71.81,73.04,70.86,72.76,72.6,72.01,204954,147.59,1755,101346.0, 49.45,2026-06-03
GESHIP, EQ, 03-Jun-2026,1517.2,1520.0,1536.0,1470.5,1481.0,1480.2,1493.86,584518,8731.86,34620,219753.0, 37.60,2026-06-03
GFLLIMITED, EQ, 03-Jun-2026,46.45,47.2,47.2,45.75,46.46,46.48,46.42,23323,10.83,418,15445.0, 66.22,2026-06-03
GGBL, SM, 03-Jun-2026,328.1,328.1,331.8,321.05,327.0,325.0,326.09,34500,112.5,108,21900.0, 63.48,2026-06-03
GHCL, EQ, 03-Jun-2026,456.0,456.0,461.05,443.4,446.55,446.75,447.7,259529,1161.91,12162,168388.0, 64.88,2026-06-03
GHCLTEXTIL, EQ, 03-Jun-2026,97.17,97.65,97.69,95.0,95.75,95.95,96.21,293393,282.26,2560,144424.0, 49.23,2026-06-03
GICHSGFIN, EQ, 03-Jun-2026,150.32,150.9,150.9,148.24,149.87,149.91,149.45,57369,85.74,1266,30987.0, 54.01,2026-06-03
GICL, EQ, 03-Jun-2026,40.23,40.35,40.84,32.19,32.19,32.19,33.12,5323387,1763.36,5689,1605185.0, 30.15,2026-06-03
GICRE, EQ, 03-Jun-2026,377.65,378.1,383.0,374.05,382.55,382.6,379.62,278145,1055.89,9841,133567.0, 48.02,2026-06-03
GILLANDERS, EQ, 03-Jun-2026,91.58,92.5,93.38,90.92,91.98,92.08,92.09,2677,2.47,25,2270.0, 84.80,2026-06-03
GILLETTE, EQ, 03-Jun-2026,7745.0,7799.0,7799.0,7655.0,7730.0,7719.0,7707.95,12415,956.94,3565,5322.0, 42.87,2026-06-03
GILT10BETA, EQ, 03-Jun-2026,25.94,25.96,26.08,25.84,25.97,25.97,25.94,588,0.15,17,120.0, 20.41,2026-06-03
GILT5BETA, EQ, 03-Jun-2026,65.09,65.19,65.27,64.03,65.27,64.29,64.13,1082,0.69,18,1021.0, 94.36,2026-06-03
GILT5YBEES, EQ, 03-Jun-2026,64.38,64.35,64.52,64.27,64.51,64.49,64.47,327808,211.32,370,270419.0, 82.49,2026-06-03
GINNIFILA, EQ, 03-Jun-2026,44.2,44.39,44.39,42.35,43.12,42.61,42.99,21690,9.32,461,15856.0, 73.10,2026-06-03
GIPCL, EQ, 03-Jun-2026,173.76,170.6,172.99,167.8,172.5,172.12,170.71,605163,1033.05,8949,279475.0, 46.18,2026-06-03
GIRIRAJ, ST, 03-Jun-2026,154.9,154.9,154.9,154.9,154.9,154.9,154.9,250,0.39,1,250.0, 100.00,2026-06-03
GJL, ST, 03-Jun-2026,114.25,108.55,116.0,108.55,108.75,108.75,108.87,48800,53.13,13,48800.0, 100.00,2026-06-03
GKENERGY, EQ, 03-Jun-2026,124.66,124.65,128.85,122.5,127.69,128.19,126.29,776205,980.25,6587,348502.0, 44.90,2026-06-03
GKSL, EQ, 03-Jun-2026,134.25,134.99,136.25,132.05,132.6,132.58,133.6,160120,213.92,3564,66292.0, 41.40,2026-06-03
GKWLIMITED, EQ, 03-Jun-2026,1687.1,1686.0,1721.0,1670.0,1670.0,1670.0,1685.27,128,2.16,28,113.0, 88.28,2026-06-03
GLAND, EQ, 03-Jun-2026,2277.0,2277.0,2305.9,2222.0,2230.3,2232.3,2261.45,255715,5782.87,21600,125012.0, 48.89,2026-06-03
GLAXO, EQ, 03-Jun-2026,2188.8,2190.1,2198.1,2165.0,2176.0,2181.0,2176.96,53254,1159.32,7330,28320.0, 53.18,2026-06-03
GLENMARK, EQ, 03-Jun-2026,2184.6,2193.9,2222.0,2148.2,2166.5,2174.0,2169.27,1090073,23646.61,65716,589064.0, 54.04,2026-06-03
GLFL, BE, 03-Jun-2026,6.0,6.0,6.0,6.0,6.0,6.0,6.0,191,0.01,4,, -,2026-06-03
GLOBAL, EQ, 03-Jun-2026,102.9,102.5,105.9,101.3,105.39,105.01,104.05,86536,90.04,823,56360.0, 65.13,2026-06-03
GLOBALE, BE, 03-Jun-2026,13.56,13.29,14.2,12.89,13.99,13.99,13.57,3767,0.51,28,, -,2026-06-03
GLOBALPET, ST, 03-Jun-2026,150.3,153.85,157.8,153.85,157.8,157.8,156.21,10500,16.4,14,10500.0, 100.00,2026-06-03
GLOBALVECT, EQ, 03-Jun-2026,167.0,165.2,168.5,161.71,163.99,163.19,164.42,7540,12.4,367,4698.0, 62.31,2026-06-03
GLOBE, EQ, 03-Jun-2026,2.31,2.29,2.36,2.26,2.35,2.33,2.31,367424,8.48,316,231133.0, 62.91,2026-06-03
GLOBECIVIL, BE, 03-Jun-2026,40.55,40.6,40.69,39.16,40.03,40.34,40.2,15208,6.11,177,, -,2026-06-03
GLOBUSSPR, EQ, 03-Jun-2026,859.05,868.0,883.0,854.0,879.8,879.75,873.21,119683,1045.08,6885,62238.0, 52.00,2026-06-03
GLOSTERLTD, EQ, 03-Jun-2026,657.95,689.0,689.0,654.8,662.0,663.55,661.2,4586,30.32,287,2713.0, 59.16,2026-06-03
GLOTTIS, BE, 03-Jun-2026,63.78,63.0,65.9,62.98,65.0,64.95,63.78,53424,34.07,377,, -,2026-06-03
GMBREW, EQ, 03-Jun-2026,914.2,915.2,921.25,894.0,899.95,896.35,899.6,34403,309.49,2421,19534.0, 56.78,2026-06-03
GMDCLTD, EQ, 03-Jun-2026,668.4,670.0,675.65,652.05,668.5,666.85,664.55,1576676,10477.79,35228,325983.0, 20.68,2026-06-03
GML, SM, 03-Jun-2026,19.75,19.25,19.25,19.25,19.25,19.25,19.25,2000,0.39,1,2000.0, 100.00,2026-06-03
GMMPFAUDLR, EQ, 03-Jun-2026,776.9,777.0,778.95,755.25,765.25,767.55,763.08,233888,1784.75,9524,154410.0, 66.02,2026-06-03
GMRAIRPORT, EQ, 03-Jun-2026,98.13,99.05,101.0,97.23,99.15,98.78,98.83,19689823,19460.09,75723,5728633.0, 29.09,2026-06-03
GMRP&UI, EQ, 03-Jun-2026,111.7,111.15,111.5,108.17,109.26,109.21,109.3,1219228,1332.57,8648,587000.0, 48.15,2026-06-03
GNA, EQ, 03-Jun-2026,368.5,368.5,372.0,364.55,371.4,370.5,367.58,36986,135.95,2000,19266.0, 52.09,2026-06-03
GNFC, EQ, 03-Jun-2026,506.8,506.0,506.2,497.25,503.0,502.95,501.96,217815,1093.33,6660,118100.0, 54.22,2026-06-03
GNRL, EQ, 03-Jun-2026,96.63,96.11,96.6,94.9,96.0,95.74,96.23,55040,52.96,611,42043.0, 76.39,2026-06-03
GOACARBON, EQ, 03-Jun-2026,390.3,391.25,392.9,380.3,382.5,383.7,386.52,8129,31.42,435,4480.0, 55.11,2026-06-03
GOCLCORP, EQ, 03-Jun-2026,400.8,399.0,426.1,395.05,425.0,418.1,411.39,354544,1458.55,6128,252816.0, 71.31,2026-06-03
GOCOLORS, EQ, 03-Jun-2026,336.05,342.7,395.0,332.45,380.2,376.7,373.84,10848125,40555.04,152158,925289.0, 8.53,2026-06-03
GODAVARIB, EQ, 03-Jun-2026,275.0,275.0,275.75,262.0,272.8,270.8,271.3,103147,279.83,2781,60627.0, 58.78,2026-06-03
GODFRYPHLP, EQ, 03-Jun-2026,2274.5,2266.5,2269.9,2201.0,2240.0,2246.9,2232.3,381324,8512.31,23031,55674.0, 14.60,2026-06-03
GODIGIT, EQ, 03-Jun-2026,311.0,311.95,311.95,301.0,301.7,302.45,304.7,183227,558.29,10390,100814.0, 55.02,2026-06-03
GODREJAGRO, EQ, 03-Jun-2026,583.05,578.2,582.7,570.8,574.55,576.55,576.48,57887,333.7,5309,26116.0, 45.12,2026-06-03
GODREJCP, EQ, 03-Jun-2026,999.1,999.2,1003.8,975.4,983.6,986.5,982.62,1265930,12439.27,35200,710544.0, 56.13,2026-06-03
GODREJIND, EQ, 03-Jun-2026,1059.3,1065.9,1073.0,1045.1,1056.5,1054.6,1055.96,86538,913.8,8087,36366.0, 42.02,2026-06-03
GODREJPROP, EQ, 03-Jun-2026,1720.5,1730.0,1730.0,1665.5,1705.0,1704.8,1691.43,689274,11658.6,33859,257299.0, 37.33,2026-06-03
GOKEX, EQ, 03-Jun-2026,700.75,703.0,707.0,690.0,704.95,704.6,698.52,495460,3460.86,26219,184690.0, 37.28,2026-06-03
GOKUL, EQ, 03-Jun-2026,41.25,41.45,42.5,40.2,40.2,40.47,41.48,163783,67.94,1809,16845.0, 10.28,2026-06-03
GOKULAGRO, EQ, 03-Jun-2026,233.86,234.9,234.9,226.02,232.21,231.62,229.58,279733,642.2,8151,118334.0, 42.30,2026-06-03
GOLD1, EQ, 03-Jun-2026,129.66,129.66,129.66,128.02,128.87,128.8,128.91,1762128,2271.5,7209,935275.0, 53.08,2026-06-03
GOLD360, EQ, 03-Jun-2026,151.85,151.3,151.4,150.0,150.55,150.3,150.62,13751,20.71,426,6492.0, 47.21,2026-06-03
GOLDADD, EQ, 03-Jun-2026,151.1,150.19,150.59,149.47,149.92,149.89,150.03,55557,83.35,692,10060.0, 18.11,2026-06-03
GOLDBEES, EQ, 03-Jun-2026,128.67,128.36,128.36,127.32,127.65,127.64,127.83,23675758,30264.37,83404,12594991.0, 53.20,2026-06-03
GOLDBETA, EQ, 03-Jun-2026,130.9,130.75,130.75,129.65,130.1,130.0,130.07,317451,412.9,2640,212503.0, 66.94,2026-06-03
GOLDBND, EQ, 03-Jun-2026,155.03,154.2,154.96,153.05,153.05,154.02,154.16,6382,9.84,119,2425.0, 38.00,2026-06-03
GOLDCASE, EQ, 03-Jun-2026,24.48,25.21,25.21,24.24,24.31,24.31,24.34,7649767,1861.64,12973,2335197.0, 30.53,2026-06-03
GOLDENTOBC, BZ, 03-Jun-2026,24.5,25.6,25.6,25.5,25.5,25.5,25.51,676,0.17,18,, -,2026-06-03
GOLDETF, EQ, 03-Jun-2026,151.01,150.37,150.71,149.68,150.2,150.13,150.14,619558,930.2,4247,207460.0, 33.49,2026-06-03
GOLDIAM, EQ, 03-Jun-2026,424.45,427.9,439.0,421.8,433.5,435.3,432.78,1129953,4890.17,21965,435207.0, 38.52,2026-06-03
GOLDIETF, EQ, 03-Jun-2026,133.24,133.06,133.06,131.77,132.04,132.2,132.31,5122518,6777.41,26252,3553753.0, 69.38,2026-06-03
GOLDSTAR, ST, 03-Jun-2026,8.1,8.1,8.25,7.75,8.25,8.25,7.94,78750,6.26,7,78750.0, 100.00,2026-06-03
GOLDTECH, EQ, 03-Jun-2026,42.86,43.5,43.7,41.84,43.1,43.06,42.96,66790,28.69,837,36861.0, 55.19,2026-06-03
GOODLUCK, EQ, 03-Jun-2026,1319.9,1313.1,1349.9,1296.6,1347.9,1343.6,1324.36,131828,1745.88,10292,62957.0, 47.76,2026-06-03
GOODYEAR, EQ, 03-Jun-2026,718.9,715.0,738.9,711.25,735.0,734.05,724.92,7873,57.07,1091,3927.0, 49.88,2026-06-03
GOPAL, EQ, 03-Jun-2026,294.9,294.45,294.5,289.05,292.85,292.4,291.13,64756,188.52,1682,13355.0, 20.62,2026-06-03
GOYALALUM, EQ, 03-Jun-2026,6.7,6.71,6.79,6.48,6.63,6.61,6.61,74994,4.96,564,51510.0, 68.69,2026-06-03
GOYALSALT, SM, 03-Jun-2026,109.0,109.2,117.45,109.2,113.95,113.95,113.79,4200,4.78,7,3000.0, 71.43,2026-06-03
GPECO, ST, 03-Jun-2026,447.65,450.05,450.05,436.0,445.0,440.3,445.5,21200,94.45,69,20800.0, 98.11,2026-06-03
GPIL, EQ, 03-Jun-2026,286.35,287.45,289.0,282.0,285.3,286.25,285.79,1199281,3427.45,20256,479220.0, 39.96,2026-06-03
GPPL, EQ, 03-Jun-2026,158.06,158.06,158.49,154.5,155.3,155.53,155.87,1032608,1609.5,12700,483585.0, 46.83,2026-06-03
GPTHEALTH, EQ, 03-Jun-2026,151.41,152.17,154.38,150.5,151.0,151.44,152.32,305310,465.06,4744,109733.0, 35.94,2026-06-03
GPTINFRA, EQ, 03-Jun-2026,116.25,116.25,116.25,114.35,115.0,115.63,115.17,85359,98.31,1124,44411.0, 52.03,2026-06-03
GRADIENTE, EQ, 03-Jun-2026,3.4,3.23,3.23,3.23,3.23,3.23,3.23,55084,1.78,104,55061.0, 99.96,2026-06-03
GRANDOAK, EQ, 03-Jun-2026,25.22,24.0,25.32,24.0,24.8,24.64,24.86,910,0.23,73,772.0, 84.84,2026-06-03
GRANULES, EQ, 03-Jun-2026,777.55,782.0,797.0,780.45,793.0,793.8,789.66,769581,6077.08,21736,329548.0, 42.82,2026-06-03
GRAPHISAD, SM, 03-Jun-2026,30.05,31.5,31.5,30.05,30.05,30.05,30.78,2400,0.74,2,2400.0, 100.00,2026-06-03
GRAPHITE, EQ, 03-Jun-2026,721.35,721.4,739.4,712.8,730.2,730.05,725.74,895481,6498.85,23733,207839.0, 23.21,2026-06-03
GRASIM, EQ, 03-Jun-2026,3097.6,3099.0,3114.9,3060.0,3097.5,3101.6,3090.4,460368,14227.23,39529,282232.0, 61.31,2026-06-03
GRAUWEIL, EQ, 03-Jun-2026,71.63,72.7,73.19,69.06,70.5,70.17,71.23,233094,166.03,2457,155674.0, 66.79,2026-06-03
GRAVISSHO, EQ, 03-Jun-2026,29.93,30.0,30.0,28.3,29.77,29.77,29.3,1192,0.35,24,1138.0, 95.47,2026-06-03
GRAVITA, EQ, 03-Jun-2026,1624.0,1620.0,1630.5,1597.0,1626.0,1624.5,1614.14,102982,1662.28,9317,44269.0, 42.99,2026-06-03
GRCL, ST, 03-Jun-2026,506.35,481.25,505.5,481.25,505.5,503.75,495.14,1250,6.19,5,1000.0, 80.00,2026-06-03
GREAVESCOT, EQ, 03-Jun-2026,180.91,180.55,184.79,177.52,183.02,183.73,181.04,977413,1769.51,11235,361154.0, 36.95,2026-06-03
GREENCHEF, SM, 03-Jun-2026,55.55,52.85,53.75,52.8,52.8,52.8,52.85,30400,16.07,38,20000.0, 65.79,2026-06-03
GREENLAM, EQ, 03-Jun-2026,229.3,230.9,235.96,223.7,224.75,225.12,226.33,321815,728.35,6996,189361.0, 58.84,2026-06-03
GREENLEAF, SM, 03-Jun-2026,66.5,66.5,66.5,63.2,63.2,63.2,64.15,22000,14.11,18,13000.0, 59.09,2026-06-03
GREENPANEL, EQ, 03-Jun-2026,189.64,189.6,189.64,183.07,188.0,187.08,186.32,124618,232.19,3546,64453.0, 51.72,2026-06-03
GREENPLY, EQ, 03-Jun-2026,256.59,254.11,264.9,252.35,262.8,264.03,261.15,224284,585.72,3845,91244.0, 40.68,2026-06-03
GREENPOWER, EQ, 03-Jun-2026,11.5,11.47,11.47,11.22,11.3,11.33,11.32,2441510,276.42,3774,1275781.0, 52.25,2026-06-03
GRETEX, ST, 03-Jun-2026,233.75,223.0,235.0,223.0,235.0,235.0,225.3,22500,50.69,7,22500.0, 100.00,2026-06-03
GRINDWELL, EQ, 03-Jun-2026,1859.0,1849.8,1889.3,1849.8,1859.3,1867.0,1868.13,92642,1730.67,19681,60770.0, 65.60,2026-06-03
GRINFRA, EQ, 03-Jun-2026,890.85,900.0,900.0,873.15,879.0,880.25,878.33,12416,109.05,1318,7162.0, 57.68,2026-06-03
GRMOVER, EQ, 03-Jun-2026,155.67,155.43,155.66,150.66,154.8,153.62,153.28,2468653,3783.89,10732,594789.0, 24.09,2026-06-03
GROBTEA, EQ, 03-Jun-2026,903.8,920.0,920.0,908.9,909.0,908.9,914.41,16,0.15,12,11.0, 68.75,2026-06-03
GROWW, EQ, 03-Jun-2026,190.81,191.8,192.76,187.5,188.5,188.9,190.2,24496015,46592.31,128875,12295184.0, 50.19,2026-06-03
GROWWCAPM, EQ, 03-Jun-2026,11.3,11.3,11.46,10.93,11.24,11.18,11.09,843079,93.49,1805,579435.0, 68.73,2026-06-03
GROWWCHEM, EQ, 03-Jun-2026,29.15,28.78,29.38,28.78,29.04,29.11,29.01,24556,7.12,244,16055.0, 65.38,2026-06-03
GROWWDEFNC, EQ, 03-Jun-2026,90.24,89.24,91.49,89.06,91.22,90.39,89.99,216842,195.14,3552,102311.0, 47.18,2026-06-03
GROWWEV, EQ, 03-Jun-2026,30.66,30.66,30.98,30.13,30.61,30.59,30.45,153664,46.79,1781,73772.0, 48.01,2026-06-03
GROWWGOLD, EQ, 03-Jun-2026,15.2,15.12,15.15,15.04,15.08,15.07,15.08,3729011,562.5,3985,764794.0, 20.51,2026-06-03
GROWWHOSPI, EQ, 03-Jun-2026,49.71,50.7,50.7,49.52,50.15,50.18,50.08,121820,61.01,802,86573.0, 71.07,2026-06-03
GROWWLIQID, EQ, 03-Jun-2026,109.3,109.31,109.32,109.31,109.32,109.31,109.31,378645,413.9,230,321302.0, 84.86,2026-06-03
GROWWLOVOL, EQ, 03-Jun-2026,10.1,10.25,10.25,10.0,10.15,10.1,10.08,27424,2.76,137,7208.0, 26.28,2026-06-03
GROWWMC150, EQ, 03-Jun-2026,223.83,219.35,224.0,219.35,221.35,221.35,221.92,728,1.62,39,477.0, 65.52,2026-06-03
GROWWMETAL, EQ, 03-Jun-2026,12.87,13.08,13.08,12.7,12.82,12.81,12.83,473151,60.72,1595,197828.0, 41.81,2026-06-03
GROWWMOM50, EQ, 03-Jun-2026,10.46,10.59,10.59,10.36,10.51,10.5,10.47,162948,17.05,569,129870.0, 79.70,2026-06-03
GROWWN200, EQ, 03-Jun-2026,11.04,11.25,11.25,10.86,10.99,10.99,10.94,32921,3.6,393,30451.0, 92.50,2026-06-03
GROWWNET, EQ, 03-Jun-2026,8.96,8.78,9.12,8.74,9.12,8.85,8.81,234294,20.63,902,212098.0, 90.53,2026-06-03
GROWWNIFTY, EQ, 03-Jun-2026,9.45,9.68,9.68,9.33,9.4,9.39,9.37,790378,74.09,2185,505565.0, 63.96,2026-06-03
GROWWNXT50, EQ, 03-Jun-2026,70.55,69.14,71.14,68.63,70.28,69.72,69.56,80109,55.72,160,6063.0, 7.57,2026-06-03
GROWWPOWER, EQ, 03-Jun-2026,12.2,12.11,12.3,12.05,12.2,12.2,12.15,3415717,414.89,3092,1792032.0, 52.46,2026-06-03
GROWWPSE, EQ, 03-Jun-2026,101.0,100.0,101.87,99.96,101.66,101.79,100.86,13180,13.29,151,6781.0, 51.45,2026-06-03
GROWWPSUBK, EQ, 03-Jun-2026,80.94,80.94,82.74,79.21,82.69,82.26,80.97,4822,3.9,135,2360.0, 48.94,2026-06-03
GROWWRAIL, EQ, 03-Jun-2026,29.82,29.98,30.4,29.22,29.7,29.57,29.5,808501,238.5,4470,609783.0, 75.42,2026-06-03
GROWWRLTY, EQ, 03-Jun-2026,8.65,8.85,8.85,8.43,8.51,8.55,8.52,216856,18.47,683,179677.0, 82.86,2026-06-03
GROWWSC250, EQ, 03-Jun-2026,9.81,9.81,9.89,9.67,9.67,9.72,9.73,102632,9.98,510,72408.0, 70.55,2026-06-03
GROWWSLVR, EQ, 03-Jun-2026,25.75,25.51,25.6,25.24,25.27,25.27,25.38,1875766,476.16,3077,552045.0, 29.43,2026-06-03
GRPLTD, EQ, 03-Jun-2026,1805.7,1820.0,1849.9,1765.1,1821.0,1831.2,1811.89,1232,22.32,276,780.0, 63.31,2026-06-03
GRSE, EQ, 03-Jun-2026,2614.9,2614.9,2633.7,2575.0,2612.0,2608.2,2599.88,528597,13742.89,30658,104283.0, 19.73,2026-06-03
GRWRHITECH, EQ, 03-Jun-2026,5894.5,5894.5,5949.5,5480.0,5699.0,5713.5,5677.67,102102,5797.01,22048,41562.0, 40.71,2026-06-03
GSEC10IETF, EQ, 03-Jun-2026,257.09,257.5,259.55,257.5,259.22,259.22,258.95,1210,3.13,5,1021.0, 84.38,2026-06-03
GSEC10YEAR, EQ, 03-Jun-2026,29.68,29.66,29.74,29.61,29.7,29.7,29.7,10495,3.12,16,10495.0, 100.00,2026-06-03
GSEC5IETF, EQ, 03-Jun-2026,64.5,64.82,64.85,64.31,64.31,64.31,64.41,2364,1.52,23,1934.0, 81.81,2026-06-03
GSFC, EQ, 03-Jun-2026,163.77,163.99,164.0,159.97,162.13,162.0,161.66,510065,824.59,8113,267328.0, 52.41,2026-06-03
GSLSU, EQ, 03-Jun-2026,54.49,54.0,57.21,53.92,55.93,55.92,55.44,3152417,1747.78,2999,1206771.0, 38.28,2026-06-03
GSMFOILS, SM, 03-Jun-2026,209.05,209.4,211.5,205.4,206.0,205.65,207.6,32000,66.43,62,24000.0, 75.00,2026-06-03
GSPCROP, EQ, 03-Jun-2026,426.65,426.6,444.0,420.0,441.0,435.6,431.73,175876,759.31,3505,26129.0, 14.86,2026-06-03
GSS, BE, 03-Jun-2026,13.42,13.06,13.99,13.06,13.45,13.44,13.53,32600,4.41,81,, -,2026-06-03
GSTL, ST, 03-Jun-2026,20.85,20.45,20.45,20.45,20.45,20.45,20.45,1000,0.2,1,1000.0, 100.00,2026-06-03
GTECJAINX, EQ, 03-Jun-2026,24.02,27.03,28.82,27.03,28.82,28.82,28.47,365031,103.93,1389,154598.0, 42.35,2026-06-03
GTL, EQ, 03-Jun-2026,7.39,7.53,7.53,7.35,7.42,7.41,7.41,135416,10.03,373,109404.0, 80.79,2026-06-03
GTLINFRA, EQ, 03-Jun-2026,1.43,1.43,1.51,1.43,1.49,1.48,1.47,123296892,1807.51,19314,49636457.0, 40.26,2026-06-03
GTPL, EQ, 03-Jun-2026,64.38,64.02,65.99,64.02,64.9,65.57,65.15,9296,6.06,168,5628.0, 60.54,2026-06-03
GUFICBIO, EQ, 03-Jun-2026,349.15,350.2,373.9,343.0,362.0,361.95,363.9,260028,946.24,8297,99049.0, 38.09,2026-06-03
GUJALKALI, EQ, 03-Jun-2026,664.85,665.95,699.0,664.55,671.6,670.75,681.74,202532,1380.73,9100,31273.0, 15.44,2026-06-03
GUJAPOLLO, EQ, 03-Jun-2026,389.3,385.0,394.95,380.15,389.15,392.55,385.91,21164,81.67,685,14116.0, 66.70,2026-06-03
GUJGASLTD, EQ, 03-Jun-2026,396.95,399.9,403.8,391.7,394.4,397.75,398.36,716318,2853.52,35696,360456.0, 50.32,2026-06-03
GUJRAFFIA, EQ, 03-Jun-2026,42.69,42.7,42.7,41.8,42.69,42.06,42.27,633,0.27,24,508.0, 80.25,2026-06-03
GUJTHEM, EQ, 03-Jun-2026,395.0,391.5,412.7,388.65,403.0,401.8,399.6,229461,916.94,6850,97059.0, 42.30,2026-06-03
GULFOILLUB, EQ, 03-Jun-2026,924.8,930.0,930.8,913.2,923.85,926.75,922.22,80626,743.55,6348,44329.0, 54.98,2026-06-03
GULFPETRO, EQ, 03-Jun-2026,40.26,40.46,42.5,40.06,41.7,41.98,41.44,431047,178.61,3042,273506.0, 63.45,2026-06-03
GULPOLY, EQ, 03-Jun-2026,183.03,183.0,188.0,179.0,182.11,183.49,183.21,168714,309.11,2587,90576.0, 53.69,2026-06-03
GURUNANAK, ST, 03-Jun-2026,36.45,34.65,34.65,34.65,34.65,34.65,34.65,1600,0.55,1,1600.0, 100.00,2026-06-03
GVKPIL, BE, 03-Jun-2026,2.97,2.97,2.97,2.92,2.95,2.92,2.92,654954,19.16,955,, -,2026-06-03
GVPIL, EQ, 03-Jun-2026,858.95,876.0,893.95,850.0,868.85,868.45,878.11,554623,4870.22,14050,291039.0, 52.48,2026-06-03
GVPTECH, EQ, 03-Jun-2026,6.5,6.38,6.57,6.31,6.46,6.49,6.42,25511,1.64,219,15866.0, 62.19,2026-06-03
GVPTECHPP, E1, 03-Jun-2026,2.95,3.01,3.01,2.6,2.8,2.84,2.74,2227,0.06,11,1226.0, 55.05,2026-06-03
GVT&D, EQ, 03-Jun-2026,4781.0,4799.5,5070.0,4783.5,4970.0,4964.5,4978.54,1305674,65003.57,115546,571136.0, 43.74,2026-06-03
HAL, EQ, 03-Jun-2026,4278.5,4295.5,4296.8,4209.6,4268.1,4264.1,4251.22,1122282,47710.69,57600,601136.0, 53.56,2026-06-03
HALDER, EQ, 03-Jun-2026,228.79,244.0,251.66,239.0,246.0,250.47,250.79,9600,24.08,240,6500.0, 67.71,2026-06-03
HALDYNGL, EQ, 03-Jun-2026,111.62,110.55,115.0,110.55,112.0,112.17,112.47,81608,91.79,1086,46791.0, 57.34,2026-06-03
HALEOSLABS, EQ, 03-Jun-2026,1443.9,1499.1,1499.1,1401.0,1401.0,1431.7,1438.08,1443,20.75,134,1154.0, 79.97,2026-06-03
HAPPSTMNDS, EQ, 03-Jun-2026,378.5,379.65,380.4,365.0,369.0,370.1,369.74,947285,3502.53,24848,318042.0, 33.57,2026-06-03
HAPPYFORGE, EQ, 03-Jun-2026,1409.0,1409.0,1438.9,1369.0,1405.0,1403.9,1410.32,71135,1003.23,13252,33703.0, 47.38,2026-06-03
HARDWYN, EQ, 03-Jun-2026,25.44,25.51,25.71,25.03,25.42,25.31,25.22,3479230,877.56,3208,1683292.0, 48.38,2026-06-03
HARIOMPIPE, EQ, 03-Jun-2026,398.85,403.65,413.0,395.7,409.9,409.6,406.69,340348,1384.17,9424,144668.0, 42.51,2026-06-03
HARRMALAYA, EQ, 03-Jun-2026,194.09,191.42,199.49,191.42,198.0,197.79,196.06,5963,11.69,469,3413.0, 57.24,2026-06-03
HARSHA, EQ, 03-Jun-2026,394.8,397.7,408.9,392.6,397.5,398.6,400.09,188371,753.65,6409,82667.0, 43.89,2026-06-03
HATHWAY, EQ, 03-Jun-2026,10.68,10.57,10.65,10.4,10.46,10.51,10.52,1535672,161.62,2573,598164.0, 38.95,2026-06-03
HATSUN, EQ, 03-Jun-2026,922.85,922.8,923.9,910.5,914.5,914.1,914.97,9231,84.46,861,4384.0, 47.49,2026-06-03
HAVELLS, EQ, 03-Jun-2026,1174.6,1184.2,1184.2,1153.3,1155.5,1156.4,1163.98,873609,10168.62,35546,462071.0, 52.89,2026-06-03
HAVISHA, EQ, 03-Jun-2026,1.49,1.5,1.5,1.46,1.49,1.49,1.49,3073,0.05,30,1963.0, 63.88,2026-06-03
HAWKINCOOK, EQ, 03-Jun-2026,7458.0,7494.5,7494.5,7335.0,7491.0,7454.0,7426.69,497,36.91,280,302.0, 60.76,2026-06-03
HBESD, EQ, 03-Jun-2026,72.38,74.7,74.7,70.0,72.11,71.89,72.01,1209,0.87,44,1194.0, 98.76,2026-06-03
HBLENGINE, EQ, 03-Jun-2026,802.7,804.0,805.6,781.05,786.5,786.25,787.88,987669,7781.65,27094,392589.0, 39.75,2026-06-03
HBSL, BE, 03-Jun-2026,53.75,54.01,54.99,52.05,53.1,53.1,53.11,2481,1.32,26,, -,2026-06-03
HCC, EQ, 03-Jun-2026,23.42,23.5,23.75,22.85,23.5,23.51,23.36,44570311,10413.36,38907,15160409.0, 34.01,2026-06-03
HCG, EQ, 03-Jun-2026,631.65,632.05,638.9,625.0,633.05,634.75,630.88,152750,963.67,8571,108864.0, 71.27,2026-06-03
HCL-INSYS, EQ, 03-Jun-2026,13.48,13.46,13.8,13.0,13.08,13.11,13.24,853132,112.98,2243,511462.0, 59.95,2026-06-03
HCLTECH, EQ, 03-Jun-2026,1243.5,1228.8,1230.0,1176.8,1177.5,1179.0,1193.69,4800922,57308.1,159882,1984393.0, 41.33,2026-06-03
HDBFS, EQ, 03-Jun-2026,648.7,651.9,654.05,645.6,649.0,648.45,649.33,294819,1914.36,29653,187454.0, 63.58,2026-06-03
HDFCAMC, EQ, 03-Jun-2026,2583.5,2583.5,2583.6,2463.5,2509.3,2510.0,2509.34,1184566,29724.79,78561,627481.0, 52.97,2026-06-03
HDFCBANK, EQ, 03-Jun-2026,748.25,744.45,756.9,742.6,753.0,753.65,748.83,36109480,270397.36,555057,19128489.0, 52.97,2026-06-03
HDFCBSE500, EQ, 03-Jun-2026,36.24,36.64,37.2,35.61,35.9,36.32,35.78,21572,7.72,265,16679.0, 77.32,2026-06-03
HDFCGOLD, EQ, 03-Jun-2026,133.8,132.5,132.7,131.61,132.05,131.93,132.05,3996241,5277.19,12188,2126339.0, 53.21,2026-06-03
HDFCGROWTH, EQ, 03-Jun-2026,114.21,114.21,114.21,111.51,111.85,111.98,111.97,25920,29.02,388,23435.0, 90.41,2026-06-03
HDFCLIFE, EQ, 03-Jun-2026,579.9,581.4,581.4,570.25,574.6,574.4,574.13,2055060,11798.81,39972,1048832.0, 51.04,2026-06-03
HDFCLIQUID, EQ, 03-Jun-2026,1063.1,1063.24,1063.26,1063.24,1063.26,1063.25,1063.25,11065,117.65,43,6137.0, 55.46,2026-06-03
HDFCLOWVOL, EQ, 03-Jun-2026,19.92,19.71,19.86,19.63,19.83,19.83,19.78,11148,2.2,97,10806.0, 96.93,2026-06-03
HDFCMID150, EQ, 03-Jun-2026,22.6,22.71,22.71,22.24,22.64,22.47,22.39,706253,158.13,2187,502241.0, 71.11,2026-06-03
HDFCMOMENT, EQ, 03-Jun-2026,30.25,30.7,30.89,29.86,30.33,30.49,30.04,310234,93.19,949,165511.0, 53.35,2026-06-03
HDFCNEXT50, EQ, 03-Jun-2026,71.95,70.15,72.0,70.15,71.95,71.51,71.02,102830,73.03,856,62367.0, 60.65,2026-06-03
HDFCNIF100, EQ, 03-Jun-2026,25.21,25.71,26.25,24.91,25.11,25.52,25.06,21660,5.43,319,17155.0, 79.20,2026-06-03
HDFCNIFBAN, EQ, 03-Jun-2026,55.24,55.21,55.75,54.52,55.74,55.61,54.94,425233,233.63,775,247389.0, 58.18,2026-06-03
HDFCNIFIT, EQ, 03-Jun-2026,33.19,33.17,33.17,30.9,33.1,31.65,31.69,330667,104.79,946,231280.0, 69.94,2026-06-03
HDFCNIFTY, EQ, 03-Jun-2026,263.7,266.4,266.4,260.0,262.05,262.89,261.75,316888,829.46,2695,228364.0, 72.06,2026-06-03
HDFCPSUBK, EQ, 03-Jun-2026,81.6,81.05,82.94,80.5,82.79,82.75,81.17,16476,13.37,227,10807.0, 65.59,2026-06-03
HDFCPVTBAN, EQ, 03-Jun-2026,26.58,26.84,26.84,26.18,26.43,26.55,26.33,167091,43.99,502,82286.0, 49.25,2026-06-03
HDFCQUAL, EQ, 03-Jun-2026,57.48,57.48,57.48,56.64,56.95,57.03,56.86,18000,10.23,133,7359.0, 40.88,2026-06-03
HDFCSENSEX, EQ, 03-Jun-2026,84.2,84.03,84.39,82.6,83.0,83.44,83.62,187512,156.8,1183,111674.0, 59.56,2026-06-03
HDFCSILVER, EQ, 03-Jun-2026,251.7,249.94,249.94,246.3,246.5,246.77,247.6,2687593,6654.42,13266,1194086.0, 44.43,2026-06-03
HDFCSML250, EQ, 03-Jun-2026,170.88,171.18,171.95,168.15,170.89,170.59,169.13,3513252,5941.89,13256,2878378.0, 81.93,2026-06-03
HDFCVALUE, EQ, 03-Jun-2026,127.48,127.0,127.0,125.21,126.37,126.41,125.75,4872,6.13,129,3810.0, 78.20,2026-06-03
HDIL, BZ, 03-Jun-2026,1.93,1.93,1.99,1.91,1.93,1.92,1.94,154749,3.0,171,, -,2026-06-03
HEADSUP, EQ, 03-Jun-2026,7.12,7.26,7.4,7.08,7.3,7.24,7.25,38155,2.77,219,22385.0, 58.67,2026-06-03
HEALTHADD, EQ, 03-Jun-2026,153.62,152.85,154.31,152.11,154.26,154.24,153.52,6712,10.3,37,3304.0, 49.23,2026-06-03
HEALTHCARE, EQ, 03-Jun-2026,19.64,19.55,19.79,19.55,19.75,19.75,19.68,34678,6.82,149,29290.0, 84.46,2026-06-03
HEALTHIETF, EQ, 03-Jun-2026,156.02,156.02,158.75,154.9,158.5,156.85,156.16,308800,482.22,1681,224929.0, 72.84,2026-06-03
HEALTHX, EQ, 03-Jun-2026,301.45,303.45,316.0,300.0,300.8,302.1,301.06,151790,456.98,551,143122.0, 94.29,2026-06-03
HEALTHY, EQ, 03-Jun-2026,15.66,16.05,16.05,15.4,15.75,15.71,15.62,204832,32.0,1038,151169.0, 73.80,2026-06-03
HECPROJECT, EQ, 03-Jun-2026,126.1,126.76,126.76,118.93,121.7,120.99,121.34,14760,17.91,574,7719.0, 52.30,2026-06-03
HEG, EQ, 03-Jun-2026,550.15,553.2,563.45,544.4,552.5,553.05,552.58,929414,5135.77,23291,246374.0, 26.51,2026-06-03
HEIDELBERG, EQ, 03-Jun-2026,154.86,154.3,155.09,149.8,151.75,151.57,151.14,287017,433.81,8117,96474.0, 33.61,2026-06-03
HEMIPROP, EQ, 03-Jun-2026,140.34,140.2,140.36,137.1,139.5,139.27,138.65,437656,606.81,4033,201987.0, 46.15,2026-06-03
HERANBA, EQ, 03-Jun-2026,178.41,180.87,180.87,174.76,178.3,178.49,176.21,61693,108.71,1255,36408.0, 59.01,2026-06-03
HERITGFOOD, EQ, 03-Jun-2026,322.95,320.0,323.0,317.75,320.65,319.3,320.18,204130,653.58,4338,97289.0, 47.66,2026-06-03
HEROMOTOCO, EQ, 03-Jun-2026,4875.0,4856.0,4873.8,4815.0,4840.0,4840.9,4844.33,571637,27692.0,83383,324412.0, 56.75,2026-06-03
HESTERBIO, EQ, 03-Jun-2026,2015.4,2030.2,2032.1,1925.0,1950.0,1956.9,1970.4,8024,158.1,1717,4133.0, 51.51,2026-06-03
HEXATRADEX, EQ, 03-Jun-2026,161.13,164.64,165.0,160.98,162.0,162.1,162.39,3269,5.31,150,1226.0, 37.50,2026-06-03
HEXT, EQ, 03-Jun-2026,549.65,546.8,547.5,526.4,534.4,537.5,533.94,682593,3644.65,24879,282198.0, 41.34,2026-06-03
HFCL, EQ, 03-Jun-2026,189.94,189.9,199.43,189.0,199.43,199.41,196.59,65716679,129192.95,185685,25465217.0, 38.75,2026-06-03
HGINFRA, EQ, 03-Jun-2026,575.6,575.6,575.6,558.5,559.0,559.6,561.87,106025,595.73,4515,60523.0, 57.08,2026-06-03
HGM, EQ, 03-Jun-2026,61.65,62.8,64.0,59.0,63.58,63.17,61.85,13456,8.32,209,7337.0, 54.53,2026-06-03
HGS, EQ, 03-Jun-2026,403.0,403.0,409.1,395.0,409.0,404.95,401.85,15574,62.58,963,7887.0, 50.64,2026-06-03
HIGREEN, SM, 03-Jun-2026,118.9,122.7,124.45,119.35,121.0,121.8,121.62,36000,43.78,39,23200.0, 64.44,2026-06-03
HIKAL, EQ, 03-Jun-2026,191.42,191.42,192.99,186.94,188.29,187.98,188.58,112207,211.6,2407,51433.0, 45.84,2026-06-03
HILINFRA, BE, 03-Jun-2026,48.01,48.3,48.5,47.24,48.0,48.04,47.87,18897,9.05,272,, -,2026-06-03
HILTON, BE, 03-Jun-2026,19.97,20.34,20.39,19.2,19.4,19.47,19.52,143760,28.06,441,, -,2026-06-03
HIMATSEIDE, EQ, 03-Jun-2026,77.37,77.5,78.15,75.25,77.95,77.91,77.06,758487,584.51,4193,409659.0, 54.01,2026-06-03
HINDALCO, EQ, 03-Jun-2026,1146.3,1155.0,1159.9,1126.6,1139.9,1138.9,1139.78,4865978,55461.3,123492,2806419.0, 57.67,2026-06-03
HINDCOMPOS, EQ, 03-Jun-2026,409.05,409.1,412.0,401.35,405.0,405.9,406.23,1955,7.94,162,930.0, 47.57,2026-06-03
HINDCON, BE, 03-Jun-2026,22.26,22.26,23.34,22.2,22.69,22.68,22.59,48979,11.06,149,, -,2026-06-03
HINDCOPPER, EQ, 03-Jun-2026,546.2,550.0,551.5,535.05,546.3,545.4,543.85,3349872,18218.44,50564,1060186.0, 31.65,2026-06-03
HINDOILEXP, EQ, 03-Jun-2026,171.79,173.0,174.0,168.73,169.25,169.71,171.13,508820,870.76,6115,186643.0, 36.68,2026-06-03
HINDPETRO, EQ, 03-Jun-2026,383.75,378.9,386.4,378.65,383.0,384.1,382.94,4660225,17845.67,42791,2189196.0, 46.98,2026-06-03
HINDUNILVR, EQ, 03-Jun-2026,2093.7,2092.0,2099.6,2072.2,2086.9,2090.6,2086.29,1544973,32232.55,49641,967562.0, 62.63,2026-06-03
HINDWAREAP, EQ, 03-Jun-2026,228.06,224.65,228.93,221.21,227.0,226.25,225.49,52618,118.65,1648,28429.0, 54.03,2026-06-03
HINDZINC, EQ, 03-Jun-2026,625.1,622.0,628.0,607.25,610.3,610.55,613.8,3429070,21047.56,61057,1593031.0, 46.46,2026-06-03
HIRECT, EQ, 03-Jun-2026,1109.5,1116.0,1138.9,1086.0,1125.0,1118.3,1112.94,103107,1147.51,8670,31665.0, 30.71,2026-06-03
HISARMETAL, EQ, 03-Jun-2026,143.14,143.14,143.72,140.8,143.7,143.7,141.7,561,0.79,24,552.0, 98.40,2026-06-03
HITECH, EQ, 03-Jun-2026,86.33,86.55,88.2,85.13,87.4,87.71,86.78,944728,819.84,5616,377420.0, 39.95,2026-06-03
HITECHCORP, BE, 03-Jun-2026,279.7,293.68,293.68,293.68,293.68,293.68,293.68,15008,44.08,95,, -,2026-06-03
HITECHGEAR, BE, 03-Jun-2026,576.0,576.0,578.85,559.35,574.0,570.65,564.52,1408,7.95,60,, -,2026-06-03
HLEGLAS, EQ, 03-Jun-2026,361.65,364.9,409.8,364.9,390.4,391.6,394.95,10812385,42703.21,163964,525672.0, 4.86,2026-06-03
HLVLTD, EQ, 03-Jun-2026,7.89,7.8,8.0,7.8,7.94,7.87,7.87,113372,8.92,630,78558.0, 69.29,2026-06-03
HMAAGRO, EQ, 03-Jun-2026,23.83,23.8,24.07,23.4,23.55,23.54,23.71,154318,36.58,507,115464.0, 74.82,2026-06-03
HMT, BZ, 03-Jun-2026,55.84,55.5,56.49,54.66,55.5,55.5,55.33,6226,3.44,97,, -,2026-06-03
HMVL, EQ, 03-Jun-2026,74.39,74.39,77.3,70.05,75.21,76.11,74.39,34841,25.92,364,27769.0, 79.70,2026-06-03
HNDFDS, EQ, 03-Jun-2026,540.25,540.25,545.0,531.0,535.0,536.7,539.11,76735,413.69,4014,24355.0, 31.74,2026-06-03
HNGSNGBEES, EQ, 03-Jun-2026,522.21,535.26,535.26,511.0,513.9,512.14,514.32,185852,955.88,8137,139751.0, 75.19,2026-06-03
HOACFOODS, SM, 03-Jun-2026,595.0,595.0,610.0,595.0,610.0,609.95,606.76,3375,20.48,9,2625.0, 77.78,2026-06-03
HOLMARC, SM, 03-Jun-2026,103.25,106.0,107.0,106.0,107.0,107.0,106.5,1500,1.6,2,1500.0, 100.00,2026-06-03
HOMEFIRST, EQ, 03-Jun-2026,1069.6,1059.9,1071.0,1058.6,1071.0,1064.4,1064.19,107348,1142.39,9217,70330.0, 65.52,2026-06-03
HOMESFY, SM, 03-Jun-2026,100.95,105.95,105.95,105.95,105.95,105.95,105.95,600,0.64,2,600.0, 100.00,2026-06-03
HONASA, EQ, 03-Jun-2026,407.05,402.05,409.0,399.35,402.6,402.1,404.51,715535,2894.44,14355,307869.0, 43.03,2026-06-03
HONAUT, EQ, 03-Jun-2026,34895.0,35180.0,35295.0,34260.0,34830.0,34750.0,34723.95,4528,1572.3,2550,1496.0, 33.04,2026-06-03
HONDAPOWER, EQ, 03-Jun-2026,2287.3,2283.8,2307.2,2206.7,2225.0,2238.9,2251.23,5110,115.04,955,2056.0, 40.23,2026-06-03
HPAL, EQ, 03-Jun-2026,35.9,35.8,36.56,35.01,35.5,35.62,35.51,34794,12.36,510,21190.0, 60.90,2026-06-03
HPIL, EQ, 03-Jun-2026,128.97,128.59,134.95,126.0,130.0,130.01,128.45,5356,6.88,131,3055.0, 57.04,2026-06-03
HPL, EQ, 03-Jun-2026,344.25,347.0,347.0,336.05,340.05,341.25,339.52,138527,470.33,3623,50758.0, 36.64,2026-06-03
HRHNEXT, SM, 03-Jun-2026,28.0,28.5,28.75,28.45,28.45,28.45,28.54,6000,1.71,4,4500.0, 75.00,2026-06-03
HSBCGOLD, EQ, 03-Jun-2026,134.83,135.5,135.5,133.76,134.6,134.5,134.51,41386,55.67,29,41026.0, 99.13,2026-06-03
HSCL, EQ, 03-Jun-2026,607.1,609.0,614.7,580.9,602.0,602.05,598.03,11405271,68206.55,78239,1129083.0, 9.90,2026-06-03
HTMEDIA, EQ, 03-Jun-2026,22.15,22.5,22.7,22.22,22.5,22.5,22.48,81437,18.3,153,66721.0, 81.93,2026-06-03
HUBTOWN, EQ, 03-Jun-2026,206.92,206.0,206.95,202.6,204.5,205.46,204.73,270153,553.1,2677,140265.0, 51.92,2026-06-03
HUDCO, EQ, 03-Jun-2026,202.76,203.0,204.1,199.73,203.45,202.63,201.37,1796078,3616.71,19821,723540.0, 40.28,2026-06-03
HUHTAMAKI, EQ, 03-Jun-2026,167.31,167.25,167.25,161.1,166.05,165.54,164.42,112437,184.87,1437,57421.0, 51.07,2026-06-03
HVAX, SM, 03-Jun-2026,663.05,666.0,666.0,646.0,646.0,646.0,663.36,1650,10.95,3,1650.0, 100.00,2026-06-03
HYBRIDFIN, EQ, 03-Jun-2026,16.86,17.2,17.3,16.21,17.2,16.69,16.62,6158,1.02,112,4905.0, 79.65,2026-06-03
HYUNDAI, EQ, 03-Jun-2026,1871.8,1871.7,1894.0,1861.2,1865.0,1866.4,1874.31,1395924,26163.93,27947,795873.0, 57.01,2026-06-03
IBULLSLTD, BE, 03-Jun-2026,23.18,23.17,24.33,22.03,24.33,24.33,23.34,20613396,4811.61,10013,, -,2026-06-03
ICDSLTD, EQ, 03-Jun-2026,43.61,43.4,43.4,43.39,43.4,43.4,43.4,110,0.05,3,110.0, 100.00,2026-06-03
ICEMAKE, EQ, 03-Jun-2026,770.6,772.0,785.9,743.2,780.0,779.5,765.16,58566,448.12,3368,33588.0, 57.35,2026-06-03
ICICIAMC, EQ, 03-Jun-2026,3322.1,3328.0,3374.9,3230.0,3340.1,3342.9,3307.78,329221,10889.91,35192,171613.0, 52.13,2026-06-03
ICICIB22, EQ, 03-Jun-2026,118.57,117.0,118.75,117.0,118.44,118.37,118.2,1110858,1313.07,4707,832207.0, 74.92,2026-06-03
ICICIBANK, EQ, 03-Jun-2026,1226.6,1219.9,1248.3,1213.7,1243.4,1242.0,1231.5,13934754,171605.9,373364,6710297.0, 48.16,2026-06-03
ICICIGI, EQ, 03-Jun-2026,1746.5,1730.2,1745.0,1720.0,1740.0,1740.8,1736.18,711061,12345.27,34663,463590.0, 65.20,2026-06-03
ICICIPRULI, EQ, 03-Jun-2026,482.45,483.0,483.05,473.05,478.8,476.9,477.04,856884,4087.64,29696,387341.0, 45.20,2026-06-03
ICIL, EQ, 03-Jun-2026,346.25,343.45,360.4,341.75,342.1,344.65,351.33,1037221,3644.04,28357,316148.0, 30.48,2026-06-03
ICRA, EQ, 03-Jun-2026,5153.5,5121.0,5204.5,5121.0,5150.0,5140.0,5142.17,3796,195.2,1021,2474.0, 65.17,2026-06-03
IDBI, EQ, 03-Jun-2026,73.19,73.4,73.8,71.7,73.49,73.41,72.78,4852952,3531.87,20816,1670851.0, 34.43,2026-06-03
IDEA, EQ, 03-Jun-2026,14.16,14.18,15.09,14.06,14.91,14.85,14.59,1132162694,165221.56,617062,279693981.0, 24.70,2026-06-03
IDEAFORGE, BE, 03-Jun-2026,828.9,839.0,870.0,806.8,860.0,857.15,842.04,329383,2773.52,7130,, -,2026-06-03
IDEALTECHO, SM, 03-Jun-2026,187.95,188.85,190.0,188.85,190.0,190.0,189.43,1000,1.89,2,500.0, 50.00,2026-06-03
IDENTICAL, ST, 03-Jun-2026,17.0,16.5,16.5,16.5,16.5,16.5,16.5,2000,0.33,1,2000.0, 100.00,2026-06-03
IDFCFIRSTB, EQ, 03-Jun-2026,71.59,71.35,72.07,69.76,71.9,71.78,71.21,23974665,17071.19,49745,12199342.0, 50.88,2026-06-03
IDFNIFTYET, EQ, 03-Jun-2026,257.8,257.8,257.8,255.0,256.58,256.74,256.31,346,0.89,31,325.0, 93.93,2026-06-03
IEML, SM, 03-Jun-2026,41.85,43.9,43.9,43.9,43.9,43.9,43.9,44000,19.32,31,44000.0, 100.00,2026-06-03
IEX, EQ, 03-Jun-2026,125.25,125.5,125.96,122.5,123.42,123.28,123.25,4330386,5337.14,33093,1760343.0, 40.65,2026-06-03
IFBAGRO, BE, 03-Jun-2026,978.7,997.7,997.7,931.0,969.9,959.2,942.99,8811,83.09,360,, -,2026-06-03
IFBIND, EQ, 03-Jun-2026,1317.8,1333.3,1333.3,1260.1,1287.0,1279.7,1279.54,123570,1581.12,12928,47616.0, 38.53,2026-06-03
IFCI, EQ, 03-Jun-2026,71.64,72.3,81.9,71.78,80.4,80.42,78.4,322483580,252833.27,551004,40319410.0, 12.50,2026-06-03
IFGLEXPOR, EQ, 03-Jun-2026,194.46,196.0,203.97,193.5,197.0,197.51,198.1,242911,481.21,4952,80356.0, 33.08,2026-06-03
IGARASHI, EQ, 03-Jun-2026,378.75,379.75,379.75,370.85,372.0,372.85,374.19,21577,80.74,1031,13642.0, 63.22,2026-06-03
IGCL, EQ, 03-Jun-2026,57.96,57.13,58.58,57.13,58.0,57.49,57.69,112242,64.75,1124,74408.0, 66.29,2026-06-03
IGIL, EQ, 03-Jun-2026,362.4,362.0,362.0,353.3,358.1,360.1,358.18,173881,622.8,9753,86696.0, 49.86,2026-06-03
IGL, EQ, 03-Jun-2026,160.85,161.25,162.62,159.34,161.34,161.48,161.43,2599029,4195.54,18567,1574455.0, 60.58,2026-06-03
IGPL, EQ, 03-Jun-2026,437.75,437.75,443.8,426.15,442.5,439.95,434.34,46894,203.68,1383,33657.0, 71.77,2026-06-03
IIFL, EQ, 03-Jun-2026,479.45,485.35,502.5,482.85,499.0,498.8,493.27,6957591,34319.99,116197,2720075.0, 39.10,2026-06-03
IIFLCAPS, EQ, 03-Jun-2026,338.15,337.2,340.0,337.2,338.2,338.6,338.26,155412,525.69,2979,100378.0, 64.59,2026-06-03
IITL, EQ, 03-Jun-2026,141.28,140.79,144.95,135.15,135.15,140.07,141.85,100822,143.01,933,14427.0, 14.31,2026-06-03
IKIO, EQ, 03-Jun-2026,154.36,155.12,156.0,150.44,154.2,155.12,153.93,56807,87.44,1656,25465.0, 44.83,2026-06-03
IKS, EQ, 03-Jun-2026,1670.2,1672.4,1714.9,1653.0,1707.0,1706.0,1689.47,159895,2701.38,10582,85377.0, 53.40,2026-06-03
IL&FSENGG, BZ, 03-Jun-2026,27.79,27.8,28.5,26.41,26.41,26.43,27.12,20242,5.49,113,, -,2026-06-03
IL&FSTRANS, BZ, 03-Jun-2026,2.31,2.36,2.36,2.26,2.35,2.33,2.32,13464,0.31,48,, -,2026-06-03
IMAGICAA, EQ, 03-Jun-2026,44.73,45.0,45.0,43.75,44.28,44.43,44.17,418574,184.88,1575,199864.0, 47.75,2026-06-03
IMFA, EQ, 03-Jun-2026,1461.5,1465.0,1520.0,1440.2,1499.0,1501.9,1490.07,243058,3621.72,18142,105930.0, 43.58,2026-06-03
IMPAL, EQ, 03-Jun-2026,1047.2,1046.3,1088.0,1046.3,1079.9,1068.8,1059.36,1040,11.02,206,577.0, 55.48,2026-06-03
IMPEXFERRO, BZ, 03-Jun-2026,2.0,2.1,2.1,1.9,2.1,2.1,2.1,49632,1.04,48,, -,2026-06-03
INA, EQ, 03-Jun-2026,124.11,125.1,125.55,119.0,121.79,121.26,120.79,1037423,1253.07,7247,585625.0, 56.45,2026-06-03
INCREDIBLE, EQ, 03-Jun-2026,34.78,37.0,37.0,34.52,35.0,35.01,35.29,1925,0.68,49,797.0, 41.40,2026-06-03
INDBANK, EQ, 03-Jun-2026,32.66,32.52,33.0,32.5,32.7,32.8,32.74,21579,7.07,308,11232.0, 52.05,2026-06-03
INDGN, EQ, 03-Jun-2026,518.45,518.05,521.3,504.9,520.0,519.95,514.33,202647,1042.28,14166,123095.0, 60.74,2026-06-03
INDHOTEL, EQ, 03-Jun-2026,661.65,661.55,661.55,649.05,654.2,656.3,656.06,1595640,10468.36,39540,780341.0, 48.90,2026-06-03
INDIACEM, EQ, 03-Jun-2026,384.0,385.0,385.0,376.5,382.5,383.25,380.75,150608,573.44,10581,55360.0, 36.76,2026-06-03
INDIAGLYCO, EQ, 03-Jun-2026,981.55,980.0,1004.75,973.1,985.0,986.5,988.15,55774,551.13,4691,20611.0, 36.95,2026-06-03
INDIAMART, EQ, 03-Jun-2026,1971.4,1990.0,1998.9,1965.1,1973.0,1980.0,1977.73,33078,654.19,6154,18240.0, 55.14,2026-06-03
INDIANB, EQ, 03-Jun-2026,825.55,829.5,851.0,815.6,849.0,847.9,838.01,2814036,23581.96,57426,1079913.0, 38.38,2026-06-03
INDIANCARD, EQ, 03-Jun-2026,217.45,217.45,217.9,209.0,217.9,210.5,211.13,1343,2.84,100,837.0, 62.32,2026-06-03
INDIANHUME, EQ, 03-Jun-2026,306.4,304.9,307.0,300.0,300.2,303.15,301.93,44261,133.64,1618,27635.0, 62.44,2026-06-03
INDIASHLTR, EQ, 03-Jun-2026,772.6,769.0,788.0,755.15,786.0,780.65,772.97,51938,401.47,5403,28595.0, 55.06,2026-06-03
INDIFRA, SM, 03-Jun-2026,14.15,13.9,13.9,13.9,13.9,13.9,13.9,2000,0.28,1,2000.0, 100.00,2026-06-03
INDIGO, EQ, 03-Jun-2026,4466.1,4440.1,4565.0,4390.0,4550.1,4512.1,4467.93,808155,36107.84,60438,346181.0, 42.84,2026-06-03
INDIGOPNTS, EQ, 03-Jun-2026,977.0,977.0,982.1,945.4,966.0,964.7,961.92,76623,737.05,7194,32348.0, 42.22,2026-06-03
INDIGRID, IV, 03-Jun-2026,172.0,172.48,172.5,171.9,172.22,172.21,172.2,426186,733.9,6761,351603.0, 82.50,2026-06-03
INDIQUBE, EQ, 03-Jun-2026,157.52,157.26,160.97,154.61,160.01,160.04,157.19,55256,86.85,596,44274.0, 80.13,2026-06-03
INDNIPPON, EQ, 03-Jun-2026,895.7,899.95,915.0,888.85,895.05,900.5,901.46,37732,340.14,3067,15442.0, 40.93,2026-06-03
INDOAMIN, EQ, 03-Jun-2026,134.83,134.61,143.7,133.25,136.75,135.98,139.22,730169,1016.51,10467,199296.0, 27.29,2026-06-03
INDOBORAX, EQ, 03-Jun-2026,345.9,347.5,348.9,341.1,347.0,346.1,344.88,51555,177.8,2665,30047.0, 58.28,2026-06-03
INDOCO, EQ, 03-Jun-2026,207.25,207.25,210.72,206.1,206.89,207.43,209.47,133854,280.39,2667,98562.0, 73.63,2026-06-03
INDOFARM, EQ, 03-Jun-2026,126.83,128.7,128.7,124.35,126.15,126.45,126.09,81545,102.82,2034,26899.0, 32.99,2026-06-03
INDORAMA, EQ, 03-Jun-2026,42.82,44.0,44.84,42.4,44.1,43.78,43.36,211867,91.86,1196,119427.0, 56.37,2026-06-03
INDOSTAR, EQ, 03-Jun-2026,227.0,225.45,228.72,222.3,225.0,226.55,225.08,50631,113.96,1464,20489.0, 40.47,2026-06-03
INDOTECH, BE, 03-Jun-2026,2722.8,2772.0,2830.0,2645.0,2779.0,2811.7,2755.0,34521,951.05,1601,, -,2026-06-03
INDOTHAI, EQ, 03-Jun-2026,228.66,230.9,230.9,222.57,227.0,226.87,226.37,516708,1169.66,5959,293088.0, 56.72,2026-06-03
INDOUS, EQ, 03-Jun-2026,97.9,96.45,99.0,94.82,94.82,95.57,97.19,49267,47.88,512,33013.0, 67.01,2026-06-03
INDOWIND, BE, 03-Jun-2026,9.7,9.8,9.8,9.35,9.45,9.43,9.55,227336,21.72,603,, -,2026-06-03
INDPRUD, EQ, 03-Jun-2026,6500.0,6251.0,6447.0,6251.0,6447.0,6443.5,6371.4,5,0.32,5,3.0, 60.00,2026-06-03
INDRAMEDCO, EQ, 03-Jun-2026,375.75,374.0,404.85,374.0,400.0,401.45,395.6,1249498,4943.05,28051,499312.0, 39.96,2026-06-03
INDSWFTLAB, EQ, 03-Jun-2026,162.1,163.4,163.4,155.0,155.6,157.11,158.38,862853,1366.6,9216,377079.0, 43.70,2026-06-03
INDTERRAIN, EQ, 03-Jun-2026,32.99,32.26,33.67,32.25,32.28,32.5,32.89,11854,3.9,147,8499.0, 71.70,2026-06-03
INDUSINDBK, EQ, 03-Jun-2026,912.5,907.1,907.9,884.05,899.4,899.95,893.63,2302274,20573.88,60261,789932.0, 34.31,2026-06-03
INDUSINVIT, IV, 03-Jun-2026,125.05,126.4,126.4,124.15,125.0,124.8,124.99,121707,152.12,5834,95842.0, 78.75,2026-06-03
INDUSTOWER, EQ, 03-Jun-2026,429.15,429.25,433.6,424.9,427.7,429.2,428.91,3891924,16692.72,44557,1949603.0, 50.09,2026-06-03
INFINIUM, SM, 03-Jun-2026,210.0,216.0,216.0,213.8,213.8,213.85,214.66,2000,4.29,4,1500.0, 75.00,2026-06-03
INFLUX, SM, 03-Jun-2026,237.9,236.0,250.0,236.0,249.8,248.3,244.19,23400,57.14,38,16200.0, 69.23,2026-06-03
INFOBEAN, EQ, 03-Jun-2026,178.35,176.5,176.5,164.71,170.0,170.66,170.25,1744724,2970.39,16995,427363.0, 24.49,2026-06-03
INFOLLION, SM, 03-Jun-2026,176.5,175.0,184.0,175.0,183.95,183.95,178.3,10800,19.26,24,7200.0, 66.67,2026-06-03
INFOMEDIA, EQ, 03-Jun-2026,5.37,5.81,5.81,5.31,5.68,5.48,5.65,25196,1.42,101,17453.0, 69.27,2026-06-03
INFRA, EQ, 03-Jun-2026,11.99,11.99,11.99,11.81,11.93,11.94,11.92,46944,5.59,168,39451.0, 84.04,2026-06-03
INFRABEES, EQ, 03-Jun-2026,953.78,953.2,956.91,943.0,956.9,953.54,950.06,9115,86.6,650,4410.0, 48.38,2026-06-03
INFRAIETF, EQ, 03-Jun-2026,94.96,95.43,95.92,93.9,95.92,94.89,94.68,146053,138.29,6460,77449.0, 53.03,2026-06-03
INFY, EQ, 03-Jun-2026,1270.8,1242.1,1249.9,1216.0,1220.5,1222.6,1225.95,18534303,227221.2,353815,10626302.0, 57.33,2026-06-03
INGERRAND, EQ, 03-Jun-2026,3728.7,3753.6,3772.0,3700.0,3759.0,3752.9,3742.28,24396,912.97,4827,13500.0, 55.34,2026-06-03
INM, SM, 03-Jun-2026,161.3,162.0,162.0,158.0,158.0,158.0,160.0,1200,1.92,2,1200.0, 100.00,2026-06-03
INNOMET, ST, 03-Jun-2026,87.15,91.45,91.45,87.15,88.1,88.05,90.57,9000,8.15,13,9000.0, 100.00,2026-06-03
INNOVACAP, EQ, 03-Jun-2026,862.4,874.8,874.8,851.05,857.0,857.0,859.07,16106,138.36,1091,8900.0, 55.26,2026-06-03
INNOVANA, EQ, 03-Jun-2026,332.0,337.8,337.8,322.4,325.0,327.1,330.55,1106,3.66,136,814.0, 73.60,2026-06-03
INNOVISION, EQ, 03-Jun-2026,298.7,297.0,299.45,288.0,288.0,289.05,292.26,30966,90.5,1914,17710.0, 57.19,2026-06-03
INOXGREEN, EQ, 03-Jun-2026,173.09,174.39,174.8,168.01,168.5,169.41,169.52,1569858,2661.25,14852,772003.0, 49.18,2026-06-03
INOXINDIA, EQ, 03-Jun-2026,1452.2,1457.7,1484.7,1431.5,1470.1,1476.6,1461.45,82867,1211.06,8318,37116.0, 44.79,2026-06-03
INOXWIND, EQ, 03-Jun-2026,84.28,84.3,84.8,81.61,83.2,83.01,82.82,14392013,11919.36,69679,4530309.0, 31.48,2026-06-03
INSECTICID, EQ, 03-Jun-2026,729.8,729.8,730.85,713.85,728.0,725.7,723.37,10745,77.73,1027,5772.0, 53.72,2026-06-03
INSPIRISYS, BE, 03-Jun-2026,125.1,128.9,128.9,119.11,123.0,122.44,123.09,7695,9.47,100,, -,2026-06-03
INTEGRITY, SM, 03-Jun-2026,175.35,166.6,166.6,166.6,166.6,166.6,166.6,1200,2.0,1,1200.0, 100.00,2026-06-03
INTELLECT, EQ, 03-Jun-2026,748.25,746.95,748.0,720.2,746.5,744.95,732.2,423506,3100.93,31154,164309.0, 38.80,2026-06-03
INTENTECH, EQ, 03-Jun-2026,95.48,98.8,98.8,94.22,95.45,94.97,95.23,16158,15.39,269,10133.0, 62.71,2026-06-03
INTERARCH, EQ, 03-Jun-2026,1733.0,1720.9,1767.9,1705.0,1753.5,1760.8,1737.78,53661,932.51,5212,24216.0, 45.13,2026-06-03
INTERNET, EQ, 03-Jun-2026,12.05,11.98,11.98,11.77,11.89,11.89,11.86,111045,13.17,299,77340.0, 69.65,2026-06-03
INTLCONV, EQ, 03-Jun-2026,81.7,82.45,82.45,78.72,79.9,80.66,80.53,31852,25.65,1347,16922.0, 53.13,2026-06-03
INVENTURE, EQ, 03-Jun-2026,0.96,0.95,0.97,0.94,0.96,0.96,0.96,1215841,11.62,455,733315.0, 60.31,2026-06-03
INVICTA, ST, 03-Jun-2026,65.0,65.0,65.9,61.8,65.9,65.45,62.7,99200,62.2,40,96000.0, 96.77,2026-06-03
INVPRECQ, EQ, 03-Jun-2026,608.8,605.55,610.0,598.8,610.0,607.75,607.72,1944,11.81,170,1581.0, 81.33,2026-06-03
IOB, EQ, 03-Jun-2026,32.82,32.9,33.14,32.6,33.08,33.01,32.81,2748284,901.75,10251,1029148.0, 37.45,2026-06-03
IOC, EQ, 03-Jun-2026,138.83,138.19,138.33,136.6,137.4,137.38,137.41,14280727,19623.53,100629,8486021.0, 59.42,2026-06-03
IOLCP, EQ, 03-Jun-2026,131.42,130.9,134.29,128.65,131.84,130.97,131.08,1772252,2323.06,17711,645674.0, 36.43,2026-06-03
IONEXCHANG, EQ, 03-Jun-2026,360.2,361.5,363.25,351.65,355.0,353.75,355.28,230813,820.03,15855,125361.0, 54.31,2026-06-03
IPCALAB, EQ, 03-Jun-2026,1507.7,1507.7,1562.1,1499.1,1552.0,1554.7,1533.05,274172,4203.19,23156,134533.0, 49.07,2026-06-03
IPHL, SM, 03-Jun-2026,64.25,64.55,67.5,63.5,63.5,63.9,65.57,49200,32.26,37,44400.0, 90.24,2026-06-03
IPL, EQ, 03-Jun-2026,157.87,157.87,158.86,154.4,157.35,157.34,156.53,154934,242.52,2492,66987.0, 43.24,2026-06-03
IPSL, SM, 03-Jun-2026,200.0,200.0,240.0,195.0,230.0,230.45,225.42,56000,126.23,58,45500.0, 81.25,2026-06-03
IRB, EQ, 03-Jun-2026,21.56,21.5,21.56,21.12,21.27,21.28,21.28,9669422,2057.73,17983,3182783.0, 32.92,2026-06-03
IRBINVIT, IV, 03-Jun-2026,60.58,60.58,60.58,60.1,60.34,60.27,60.32,709787,428.14,5132,651859.0, 91.84,2026-06-03
IRCON, EQ, 03-Jun-2026,135.97,135.0,135.9,132.66,135.8,135.32,134.31,1565553,2102.77,17886,426228.0, 27.23,2026-06-03
IRCTC, EQ, 03-Jun-2026,516.9,516.0,519.55,510.0,510.45,510.8,512.51,802284,4111.77,31217,442169.0, 55.11,2026-06-03
IREDA, EQ, 03-Jun-2026,124.93,124.88,124.9,121.55,122.7,122.83,122.74,8224643,10094.83,48246,2364313.0, 28.75,2026-06-03
IRFC, EQ, 03-Jun-2026,96.67,96.67,96.72,94.64,95.74,95.75,95.44,9801364,9354.58,49146,2931848.0, 29.91,2026-06-03
IRIS, EQ, 03-Jun-2026,262.4,262.4,266.95,241.15,243.25,249.0,255.51,27480,70.21,1295,13769.0, 50.11,2026-06-03
IRISDOREME, EQ, 03-Jun-2026,35.61,35.75,36.99,35.0,36.94,36.86,36.02,271837,97.92,1187,26805.0, 9.86,2026-06-03
IRMENERGY, EQ, 03-Jun-2026,268.4,268.0,274.4,260.1,261.2,261.5,263.19,273128,718.84,4907,74390.0, 27.24,2026-06-03
ISFT, EQ, 03-Jun-2026,85.48,84.0,87.8,83.36,86.0,85.08,85.48,17160,14.67,582,9063.0, 52.81,2026-06-03
ISGEC, EQ, 03-Jun-2026,899.45,903.9,924.15,882.0,908.5,917.75,905.49,52850,478.55,7139,28035.0, 53.05,2026-06-03
ISHANCH, EQ, 03-Jun-2026,61.66,61.5,61.5,57.33,59.99,60.52,59.79,39805,23.8,410,21418.0, 53.81,2026-06-03
IT, EQ, 03-Jun-2026,34.42,34.39,34.47,32.48,32.61,32.57,32.86,1720539,565.31,3645,1164955.0, 67.71,2026-06-03
ITADD, EQ, 03-Jun-2026,32.99,32.99,32.99,31.01,31.5,31.11,31.3,248789,77.87,557,159955.0, 64.29,2026-06-03
ITBEES, EQ, 03-Jun-2026,34.53,34.4,34.43,32.55,32.62,32.64,32.95,39866977,13136.89,51900,23619113.0, 59.24,2026-06-03
ITBETA, EQ, 03-Jun-2026,325.09,314.47,314.52,307.36,307.53,307.52,308.56,6869,21.19,77,3433.0, 49.98,2026-06-03
ITC, EQ, 03-Jun-2026,283.25,282.35,282.35,275.2,276.75,277.0,277.04,28001438,77576.12,428631,15108700.0, 53.96,2026-06-03
ITCHOTELS, EQ, 03-Jun-2026,152.63,152.5,152.8,150.26,152.16,152.4,151.56,2033014,3081.17,32084,1052077.0, 51.75,2026-06-03
ITDC, EQ, 03-Jun-2026,542.1,542.7,544.45,532.5,537.0,535.6,536.15,17703,94.91,1019,7002.0, 39.55,2026-06-03
ITETF, EQ, 03-Jun-2026,32.86,32.69,32.78,31.01,31.06,31.1,31.33,916810,287.23,2576,656885.0, 71.65,2026-06-03
ITI, EQ, 03-Jun-2026,296.6,296.5,298.8,292.3,297.0,297.55,296.1,388430,1150.13,10834,128681.0, 33.13,2026-06-03
ITIETF, EQ, 03-Jun-2026,34.46,34.46,35.15,32.53,32.6,32.63,32.9,1824092,600.06,4665,1485236.0, 81.42,2026-06-03
ITTL, ST, 03-Jun-2026,81.45,79.85,79.85,79.85,79.85,79.85,79.85,315,0.25,3,315.0, 100.00,2026-06-03
IVALUE, EQ, 03-Jun-2026,236.35,241.49,241.49,230.0,232.01,232.71,233.29,103403,241.23,1899,75563.0, 73.08,2026-06-03
IVC, EQ, 03-Jun-2026,8.12,8.12,8.21,8.1,8.15,8.12,8.15,185736,15.15,664,161633.0, 87.02,2026-06-03
IVP, EQ, 03-Jun-2026,174.47,176.0,176.0,172.7,173.1,173.23,173.91,9354,16.27,259,6239.0, 66.70,2026-06-03
IVZINGOLD, EQ, 03-Jun-2026,135.1,135.05,135.05,133.5,134.05,134.2,134.18,20358,27.32,177,7342.0, 36.06,2026-06-03
IVZINNIFTY, EQ, 03-Jun-2026,2687.84,2675.58,2675.58,2651.74,2674.93,2674.93,2656.21,706,18.75,19,663.0, 93.91,2026-06-03
IWARE, ST, 03-Jun-2026,342.5,344.0,344.0,340.0,340.0,340.0,342.0,1200,4.1,2,1200.0, 100.00,2026-06-03
IWP, EQ, 03-Jun-2026,34.44,36.24,36.4,33.36,34.0,34.13,35.35,9072,3.21,105,1945.0, 21.44,2026-06-03
IXIGO, EQ, 03-Jun-2026,159.6,160.0,160.48,151.61,153.4,153.37,153.71,2100684,3229.02,30128,834200.0, 39.71,2026-06-03
IZMO, EQ, 03-Jun-2026,827.8,869.15,869.15,850.0,869.15,869.15,868.29,243644,2115.55,2116,118584.0, 48.67,2026-06-03
J&KBANK, EQ, 03-Jun-2026,141.92,141.92,149.31,141.92,148.97,148.65,146.58,13152376,19278.79,77730,5033046.0, 38.27,2026-06-03
JAGRAN, EQ, 03-Jun-2026,76.99,78.2,78.9,77.11,77.6,77.44,77.55,2975250,2307.24,18002,1909364.0, 64.17,2026-06-03
JAGSNPHARM, EQ, 03-Jun-2026,201.74,201.74,206.19,200.5,202.0,201.99,202.5,44137,89.38,1305,18296.0, 41.45,2026-06-03
JAIBALAJI, BE, 03-Jun-2026,70.04,69.69,70.0,67.01,69.3,68.92,68.49,428253,293.32,1326,, -,2026-06-03
JAICORPLTD, EQ, 03-Jun-2026,114.99,115.3,115.9,111.14,112.8,113.84,113.04,323165,365.32,4418,119074.0, 36.85,2026-06-03
JAINAM, SM, 03-Jun-2026,238.0,249.0,249.9,249.0,249.9,249.9,249.45,2000,4.99,3,2000.0, 100.00,2026-06-03
JAINIK, SM, 03-Jun-2026,149.5,145.1,147.0,142.05,142.05,142.05,143.6,36000,51.7,19,36000.0, 100.00,2026-06-03
JAINREC, EQ, 03-Jun-2026,365.65,365.65,368.7,347.9,354.8,355.0,354.9,2706975,9606.97,39220,947114.0, 34.99,2026-06-03
JAIPURKURT, EQ, 03-Jun-2026,31.57,31.57,31.96,31.0,31.51,31.83,31.34,3233,1.01,82,2758.0, 85.31,2026-06-03
JAMNAAUTO, EQ, 03-Jun-2026,120.67,121.02,122.75,118.48,121.3,121.66,120.27,1571478,1890.02,11301,631859.0, 40.21,2026-06-03
JARO, EQ, 03-Jun-2026,576.0,577.0,604.9,570.0,603.45,596.6,589.6,176223,1039.01,5047,92729.0, 52.62,2026-06-03
JASH, EQ, 03-Jun-2026,426.55,426.55,430.0,413.9,419.8,414.9,421.18,76877,323.79,2849,39495.0, 51.37,2026-06-03
JAYAGROGN, EQ, 03-Jun-2026,235.63,235.9,236.5,227.22,228.11,229.71,230.58,6543,15.09,345,3232.0, 49.40,2026-06-03
JAYBARMARU, EQ, 03-Jun-2026,126.14,126.0,132.5,123.45,127.25,127.71,128.57,4481875,5762.28,36125,1112323.0, 24.82,2026-06-03
JAYBEE, ST, 03-Jun-2026,90.95,89.8,90.35,88.15,88.15,88.15,89.63,10500,9.41,21,9500.0, 90.48,2026-06-03
JAYKAY, EQ, 03-Jun-2026,177.81,177.86,184.0,175.06,182.95,181.66,179.52,319802,574.11,4704,133509.0, 41.75,2026-06-03
JAYNECOIND, EQ, 03-Jun-2026,99.52,99.65,100.47,94.89,97.1,97.1,97.04,5366249,5207.16,28854,2382416.0, 44.40,2026-06-03
JAYSREETEA, EQ, 03-Jun-2026,82.21,82.0,88.0,81.01,86.05,86.12,84.57,58110,49.14,394,41406.0, 71.25,2026-06-03
JBCHEPHARM, EQ, 03-Jun-2026,2129.6,2121.0,2149.2,2104.0,2140.1,2140.0,2133.5,250200,5338.01,25780,188676.0, 75.41,2026-06-03
JBMA, EQ, 03-Jun-2026,647.35,646.4,679.0,636.9,671.4,669.25,662.51,1347352,8926.35,34938,384390.0, 28.53,2026-06-03
JETFREIGHT, EQ, 03-Jun-2026,21.89,22.07,22.2,21.13,21.24,21.32,21.56,145074,31.27,1046,90046.0, 62.07,2026-06-03
JEYYAM, SM, 03-Jun-2026,27.55,27.0,28.35,26.5,27.25,27.15,27.09,54000,14.63,24,44000.0, 81.48,2026-06-03
JFLLIFE, SM, 03-Jun-2026,9.9,9.9,10.35,9.9,10.35,10.35,10.13,12000,1.22,2,12000.0, 100.00,2026-06-03
JGCHEM, EQ, 03-Jun-2026,431.25,433.0,439.8,418.05,433.5,432.45,426.86,59528,254.1,3586,22293.0, 37.45,2026-06-03
JHS, EQ, 03-Jun-2026,8.67,8.65,8.99,8.56,8.86,8.83,8.75,16723,1.46,82,12207.0, 73.00,2026-06-03
JINDALPHOT, EQ, 03-Jun-2026,995.4,995.4,1003.8,971.1,1003.8,1000.7,988.92,7052,69.74,487,3522.0, 49.94,2026-06-03
JINDALPOLY, EQ, 03-Jun-2026,655.15,662.0,662.0,636.2,645.4,651.4,650.6,34302,223.17,2115,21723.0, 63.33,2026-06-03
JINDALSAW, EQ, 03-Jun-2026,241.12,243.0,252.7,237.0,251.0,250.87,247.81,4135336,10247.66,56114,1471880.0, 35.59,2026-06-03
JINDALSTEL, EQ, 03-Jun-2026,1203.4,1213.2,1218.9,1190.0,1210.1,1211.3,1204.84,489001,5891.66,20870,144247.0, 29.50,2026-06-03
JINDRILL, EQ, 03-Jun-2026,606.9,611.0,635.9,606.05,626.0,628.1,624.77,965297,6030.86,22683,185372.0, 19.20,2026-06-03
JINDWORLD, EQ, 03-Jun-2026,29.84,29.9,30.54,28.81,29.25,29.26,29.35,1109351,325.59,4591,279209.0, 25.17,2026-06-03
JIOFIN, EQ, 03-Jun-2026,237.64,237.4,237.4,231.59,234.85,235.03,233.98,12256871,28678.08,84311,4881163.0, 39.82,2026-06-03
JISLDVREQS, EQ, 03-Jun-2026,22.6,23.38,23.38,22.1,22.49,22.23,22.38,19781,4.43,150,16791.0, 84.88,2026-06-03
JISLJALEQS, EQ, 03-Jun-2026,29.47,29.47,29.69,28.33,28.81,29.12,28.73,3803678,1092.86,8609,2423932.0, 63.73,2026-06-03
JITFINFRA, EQ, 03-Jun-2026,319.6,320.9,321.0,310.2,314.0,315.05,315.14,21919,69.08,337,18711.0, 85.36,2026-06-03
JIWANRAM, SM, 03-Jun-2026,5.1,5.1,5.1,5.0,5.0,5.05,5.05,12000,0.61,2,12000.0, 100.00,2026-06-03
JKCEMENT, EQ, 03-Jun-2026,5068.5,5068.0,5100.0,4865.5,4875.5,4877.0,4928.19,95853,4723.82,23282,53534.0, 55.85,2026-06-03
JKIL, EQ, 03-Jun-2026,501.25,503.9,509.85,490.6,496.0,495.35,494.5,42596,210.64,2697,25123.0, 58.98,2026-06-03
JKIPL, BE, 03-Jun-2026,93.38,90.0,92.7,89.01,89.8,90.47,89.84,6692,6.01,420,, -,2026-06-03
JKLAKSHMI, EQ, 03-Jun-2026,603.1,604.8,608.8,594.5,602.5,607.2,603.43,90458,545.85,7191,52358.0, 57.88,2026-06-03
JKPAPER, EQ, 03-Jun-2026,361.85,360.8,360.8,354.05,355.0,355.05,356.19,260393,927.49,11786,138585.0, 53.22,2026-06-03
JKTYRE, EQ, 03-Jun-2026,388.4,386.0,387.6,380.15,385.3,386.0,383.3,1072135,4109.48,22734,511995.0, 47.75,2026-06-03
JLHL, EQ, 03-Jun-2026,1314.6,1321.9,1329.1,1304.1,1329.0,1319.1,1314.97,5812,76.43,990,2755.0, 47.40,2026-06-03
JMA, EQ, 03-Jun-2026,88.0,89.86,89.86,87.0,89.19,87.87,88.49,4523,4.0,163,3511.0, 77.63,2026-06-03
JMFINANCIL, EQ, 03-Jun-2026,129.16,129.16,129.42,121.86,123.0,122.67,123.83,5560345,6885.55,46528,2111702.0, 37.98,2026-06-03
JNKINDIA, EQ, 03-Jun-2026,361.4,368.55,386.75,355.0,385.5,383.3,372.58,361196,1345.75,9718,172503.0, 47.76,2026-06-03
JOCIL, BE, 03-Jun-2026,149.0,155.5,155.5,146.5,151.1,152.59,150.64,7222,10.88,65,, -,2026-06-03
JPOLYINVST, EQ, 03-Jun-2026,998.2,994.5,1000.2,973.4,994.0,983.4,984.28,6658,65.53,956,4015.0, 60.30,2026-06-03
JPPOWER, EQ, 03-Jun-2026,18.99,19.07,19.64,18.68,19.23,19.33,19.14,226258109,43296.6,110224,53618777.0, 23.70,2026-06-03
JSFB, EQ, 03-Jun-2026,490.75,484.0,494.0,477.75,480.6,483.75,486.07,491117,2387.18,11128,253199.0, 51.56,2026-06-03
JSL, EQ, 03-Jun-2026,686.3,686.75,689.85,662.9,678.0,681.65,675.89,1058062,7151.36,55040,450228.0, 42.55,2026-06-03
JSLL, EQ, 03-Jun-2026,590.6,605.0,708.7,605.0,699.9,692.3,666.76,19402077,129364.82,319985,1854357.0, 9.56,2026-06-03
JSWCEMENT, EQ, 03-Jun-2026,130.23,130.83,130.89,127.36,128.8,128.8,128.54,1383177,1777.87,14393,509559.0, 36.84,2026-06-03
JSWDULUX, EQ, 03-Jun-2026,3126.2,3126.2,3249.8,3093.7,3119.0,3119.6,3183.36,57011,1814.87,17544,25968.0, 45.55,2026-06-03
JSWENERGY, EQ, 03-Jun-2026,588.55,589.9,590.45,571.4,580.0,580.2,578.17,1997491,11548.94,43387,732512.0, 36.67,2026-06-03
JSWHL, EQ, 03-Jun-2026,12521.0,12600.0,12754.0,12320.0,12533.0,12423.0,12500.75,2303,287.89,1037,914.0, 39.69,2026-06-03
JSWINFRA, EQ, 03-Jun-2026,275.7,275.0,276.0,268.05,269.85,270.3,271.69,1177489,3199.17,25116,642695.0, 54.58,2026-06-03
JSWSTEEL, EQ, 03-Jun-2026,1310.8,1315.0,1318.5,1297.3,1306.9,1312.9,1309.28,814920,10669.6,59001,343122.0, 42.10,2026-06-03
JTEKTINDIA, EQ, 03-Jun-2026,125.54,126.2,126.2,123.0,123.99,123.85,124.31,168291,209.2,2290,110064.0, 65.40,2026-06-03
JTLIND, EQ, 03-Jun-2026,66.79,67.2,67.2,64.9,66.09,65.88,65.79,1142787,751.83,6386,476430.0, 41.69,2026-06-03
JUBLCPL, EQ, 03-Jun-2026,1776.6,1795.6,1795.6,1728.0,1746.0,1743.0,1744.89,4730,82.53,657,2833.0, 59.89,2026-06-03
JUBLFOOD, EQ, 03-Jun-2026,430.7,430.75,437.4,427.2,431.0,432.3,432.02,3809632,16458.36,44843,2190800.0, 57.51,2026-06-03
JUBLINGREA, EQ, 03-Jun-2026,637.2,637.2,637.2,615.65,630.1,631.05,623.57,484576,3021.68,14875,301636.0, 62.25,2026-06-03
JUBLPHARMA, EQ, 03-Jun-2026,975.05,975.05,980.95,964.2,979.0,978.85,973.56,36683,357.13,4538,14697.0, 40.06,2026-06-03
JUNIORBEES, EQ, 03-Jun-2026,757.31,761.3,761.3,746.53,753.83,753.78,751.18,538082,4041.98,12366,334456.0, 62.16,2026-06-03
JUNIPER, EQ, 03-Jun-2026,193.46,193.0,195.89,190.73,195.13,194.11,193.05,50456,97.4,2004,23267.0, 46.11,2026-06-03
JUSTDIAL, EQ, 03-Jun-2026,529.5,532.1,533.0,521.3,528.45,530.1,526.15,69066,363.39,3528,32301.0, 46.77,2026-06-03
JWL, EQ, 03-Jun-2026,284.1,281.1,283.95,276.35,281.0,280.35,280.16,1164518,3262.49,19428,259401.0, 22.28,2026-06-03
JYOTHYLAB, EQ, 03-Jun-2026,199.99,200.98,201.96,199.17,200.0,199.98,199.94,538608,1076.87,11004,321025.0, 59.60,2026-06-03
JYOTICNC, EQ, 03-Jun-2026,600.0,597.05,598.1,584.1,588.65,592.7,590.6,1397701,8254.79,44076,624680.0, 44.69,2026-06-03
JYOTIGLOBL, ST, 03-Jun-2026,39.85,39.85,41.7,38.2,41.7,41.7,40.21,12000,4.83,6,10000.0, 83.33,2026-06-03
JYOTISTRUC, EQ, 03-Jun-2026,12.4,12.43,12.89,12.33,12.8,12.76,12.63,6683473,844.17,5298,2819479.0, 42.19,2026-06-03
K2INFRA, SM, 03-Jun-2026,51.0,50.95,51.05,44.3,47.85,47.55,47.24,95400,45.06,136,70800.0, 74.21,2026-06-03
KABRAEXTRU, EQ, 03-Jun-2026,230.48,231.63,244.38,228.5,236.5,236.2,237.39,38405,91.17,1312,17669.0, 46.01,2026-06-03
KAJARIACER, EQ, 03-Jun-2026,1116.4,1125.0,1125.0,1094.2,1102.0,1110.2,1110.09,253504,2814.12,12264,177748.0, 70.12,2026-06-03
KAKATCEM, BE, 03-Jun-2026,125.15,127.0,131.0,124.5,128.9,127.73,129.44,11470,14.85,55,, -,2026-06-03
KALAMANDIR, EQ, 03-Jun-2026,107.12,108.0,108.0,102.55,105.5,105.87,104.7,607659,636.23,5051,248165.0, 40.84,2026-06-03
KALPATARU, EQ, 03-Jun-2026,320.1,315.6,319.7,312.5,315.0,314.5,315.4,41482,130.83,1420,21105.0, 50.88,2026-06-03
KALYANIFRG, EQ, 03-Jun-2026,605.0,617.1,618.0,601.95,601.95,606.45,607.7,385,2.34,59,224.0, 58.18,2026-06-03
KALYANKJIL, EQ, 03-Jun-2026,353.1,352.5,354.95,343.6,354.8,353.0,348.48,8384944,29219.51,58823,4078916.0, 48.65,2026-06-03
KAMAHOLD, EQ, 03-Jun-2026,2650.6,2627.8,2705.0,2627.8,2630.0,2647.2,2663.96,3386,90.2,460,1789.0, 52.84,2026-06-03
KAMATHOTEL, EQ, 03-Jun-2026,180.45,179.55,185.94,177.61,183.0,182.38,181.52,57640,104.63,1517,34387.0, 59.66,2026-06-03
KAMDHENU, EQ, 03-Jun-2026,23.64,23.52,24.55,23.31,24.55,24.41,23.9,520970,124.53,1388,307664.0, 59.06,2026-06-03
KAMOPAINTS, EQ, 03-Jun-2026,5.21,5.3,5.3,5.07,5.17,5.15,5.16,198557,10.24,598,126119.0, 63.52,2026-06-03
KANANIIND, EQ, 03-Jun-2026,1.55,1.58,1.58,1.5,1.51,1.51,1.53,230882,3.54,227,181079.0, 78.43,2026-06-03
KANCHI, BE, 03-Jun-2026,363.65,365.0,367.0,360.0,366.5,365.65,364.02,284,1.03,13,, -,2026-06-03
KANDARP, SM, 03-Jun-2026,152.5,156.95,156.95,148.1,149.0,149.0,150.2,5000,7.51,5,3000.0, 60.00,2026-06-03
KANORICHEM, BE, 03-Jun-2026,97.2,95.05,97.0,93.51,96.35,96.35,95.13,5495,5.23,64,, -,2026-06-03
KANPRPLA, EQ, 03-Jun-2026,186.78,190.0,194.48,185.0,187.5,189.54,189.31,15755,29.83,1140,4595.0, 29.17,2026-06-03
KANSAINER, EQ, 03-Jun-2026,215.01,215.01,217.0,213.15,214.25,214.86,214.48,136858,293.54,4671,73098.0, 53.41,2026-06-03
KAPSTON, EQ, 03-Jun-2026,336.65,339.0,339.0,326.4,331.05,333.25,332.06,16822,55.86,738,11001.0, 65.40,2026-06-03
KARMAENG, EQ, 03-Jun-2026,43.98,43.8,44.0,42.55,43.9,43.8,43.48,2736,1.19,87,2153.0, 78.69,2026-06-03
KARNIKA, SM, 03-Jun-2026,138.0,139.4,139.4,136.0,136.0,136.0,137.69,6000,8.26,6,4000.0, 66.67,2026-06-03
KARURVYSYA, EQ, 03-Jun-2026,293.05,293.05,293.05,284.8,290.0,289.1,288.01,1508239,4343.95,30996,682591.0, 45.26,2026-06-03
KATARIA, SM, 03-Jun-2026,98.8,99.05,99.75,99.05,99.75,99.75,99.28,1800,1.79,3,1200.0, 66.67,2026-06-03
KAUSHALYA, EQ, 03-Jun-2026,862.35,860.0,860.0,856.0,860.0,858.0,858.78,9,0.08,7,6.0, 66.67,2026-06-03
KAVDEFENCE, EQ, 03-Jun-2026,61.39,60.17,62.45,59.63,61.0,60.33,60.83,96349,58.61,1509,58199.0, 60.40,2026-06-03
KAYA, EQ, 03-Jun-2026,231.69,232.98,235.87,224.06,225.12,227.1,228.54,14343,32.78,384,8360.0, 58.29,2026-06-03
KAYNES, EQ, 03-Jun-2026,3169.1,3173.0,3226.0,3132.0,3220.0,3214.4,3181.62,900927,28664.06,52503,223471.0, 24.80,2026-06-03
KAYTEX, SM, 03-Jun-2026,62.75,62.75,62.85,62.75,62.85,62.85,62.8,2400,1.51,3,2400.0, 100.00,2026-06-03
KCEIL, ST, 03-Jun-2026,96.05,95.55,95.95,92.0,92.0,93.0,93.49,29500,27.58,48,26500.0, 89.83,2026-06-03
KCK, SM, 03-Jun-2026,13.6,13.85,13.85,12.8,13.55,13.55,13.22,67500,8.92,18,57500.0, 85.19,2026-06-03
KCP, EQ, 03-Jun-2026,163.14,162.73,165.8,160.2,161.92,161.7,162.31,144573,234.66,1980,81137.0, 56.12,2026-06-03
KCPSUGIND, EQ, 03-Jun-2026,23.92,24.01,24.5,23.35,23.86,23.9,23.65,131211,31.03,610,72529.0, 55.28,2026-06-03
KDDL, EQ, 03-Jun-2026,2831.6,2824.7,2850.9,2755.6,2786.0,2782.6,2789.95,28024,781.85,4896,14984.0, 53.47,2026-06-03
KDL, SM, 03-Jun-2026,122.95,116.85,116.85,116.85,116.85,116.85,116.85,5400,6.31,27,5400.0, 100.00,2026-06-03
KEC, EQ, 03-Jun-2026,498.65,497.05,502.0,487.4,496.1,498.05,493.86,659881,3258.86,17593,219296.0, 33.23,2026-06-03
KECL, BE, 03-Jun-2026,113.06,110.8,110.8,110.8,110.8,110.8,110.8,7117,7.89,151,, -,2026-06-03
KEEPLEARN, EQ, 03-Jun-2026,2.11,2.16,2.16,2.06,2.12,2.12,2.11,10046,0.21,50,8194.0, 81.56,2026-06-03
KEI, EQ, 03-Jun-2026,5261.5,5299.0,5347.5,5204.5,5221.5,5222.0,5245.14,265111,13905.44,23112,132183.0, 49.86,2026-06-03
KEL, SM, 03-Jun-2026,84.6,84.6,85.0,83.95,83.95,83.95,84.46,7200,6.08,6,7200.0, 100.00,2026-06-03
KELLTONTEC, EQ, 03-Jun-2026,16.82,17.26,17.5,16.2,16.4,16.41,16.7,6628631,1106.89,11442,2249479.0, 33.94,2026-06-03
KEN, SM, 03-Jun-2026,35.15,35.0,35.0,34.1,34.1,34.1,34.37,6000,2.06,5,6000.0, 100.00,2026-06-03
KENNAMET, EQ, 03-Jun-2026,2879.5,2890.0,2933.3,2824.1,2897.0,2875.2,2862.8,4171,119.41,1034,2517.0, 60.35,2026-06-03
KERNEX, EQ, 03-Jun-2026,1804.7,1827.0,1893.7,1745.0,1880.0,1877.9,1834.0,535959,9829.47,26732,170455.0, 31.80,2026-06-03
KESORAMIND, BE, 03-Jun-2026,11.98,11.98,12.17,11.46,12.0,11.87,11.85,816863,96.84,1725,, -,2026-06-03
KEYFINSERV, EQ, 03-Jun-2026,259.7,260.0,264.3,250.1,250.75,251.8,253.97,5209,13.23,210,3662.0, 70.30,2026-06-03
KFINTECH, EQ, 03-Jun-2026,858.75,863.45,863.45,833.1,836.9,837.35,841.59,1120027,9426.0,43164,486185.0, 43.41,2026-06-03
KHADIM, EQ, 03-Jun-2026,99.82,101.4,101.4,99.0,99.65,99.65,99.76,30785,30.71,668,19612.0, 63.71,2026-06-03
KHAICHEM, BE, 03-Jun-2026,53.54,53.54,54.49,53.1,53.5,53.85,53.87,49008,26.4,214,, -,2026-06-03
KHAITANLTD, BE, 03-Jun-2026,130.8,128.25,135.95,128.0,129.1,128.79,128.45,1924,2.47,34,, -,2026-06-03
KHANDSE, EQ, 03-Jun-2026,18.76,18.2,20.5,18.2,19.4,19.46,19.7,38746,7.63,228,18413.0, 47.52,2026-06-03
KHFM, SM, 03-Jun-2026,64.8,57.0,62.95,57.0,57.05,57.05,58.74,6200,3.64,4,4650.0, 75.00,2026-06-03
KICL, EQ, 03-Jun-2026,4957.5,4960.5,5017.0,4900.5,4950.5,4973.0,4954.16,558,27.64,129,379.0, 67.92,2026-06-03
KILITCH, EQ, 03-Jun-2026,178.6,178.96,180.8,171.15,174.01,172.66,175.05,69291,121.29,1578,32473.0, 46.86,2026-06-03
KIMS, EQ, 03-Jun-2026,746.4,749.9,752.25,735.3,736.75,737.45,740.51,188948,1399.18,11108,92034.0, 48.71,2026-06-03
KINGFA, EQ, 03-Jun-2026,5340.0,5325.0,5454.5,5225.0,5243.0,5274.0,5268.09,7305,384.83,2227,4449.0, 60.90,2026-06-03
KIOCL, EQ, 03-Jun-2026,388.1,386.5,389.65,375.8,384.0,383.7,382.38,215093,822.47,7462,66601.0, 30.96,2026-06-03
KIRANVYPAR, EQ, 03-Jun-2026,158.6,155.0,164.7,148.27,152.55,156.75,152.28,25596,38.98,613,21855.0, 85.38,2026-06-03
KIRIINDUS, EQ, 03-Jun-2026,392.4,393.0,396.85,383.1,394.0,394.4,390.39,156178,609.71,3531,74939.0, 47.98,2026-06-03
KIRLFER, EQ, 03-Jun-2026,431.35,427.05,431.95,416.6,422.0,423.2,422.28,24851,104.94,2972,17632.0, 70.95,2026-06-03
KIRLOSBROS, EQ, 03-Jun-2026,1619.5,1620.4,1633.6,1596.4,1616.0,1614.1,1610.04,29561,475.94,4851,11114.0, 37.60,2026-06-03
KIRLOSENG, EQ, 03-Jun-2026,1856.9,1872.1,1913.4,1855.0,1890.0,1889.5,1883.84,250338,4715.96,28057,101935.0, 40.72,2026-06-03
KIRLOSIND, EQ, 03-Jun-2026,3135.4,3120.0,3166.8,3090.0,3102.0,3136.0,3118.79,3062,95.5,841,1357.0, 44.32,2026-06-03
KIRLPNU, EQ, 03-Jun-2026,1578.5,1578.0,1594.0,1557.2,1584.0,1579.5,1577.69,51072,805.76,7182,23455.0, 45.93,2026-06-03
KISSHT, EQ, 03-Jun-2026,275.55,277.3,279.85,263.0,266.0,264.75,271.89,2986730,8120.5,28764,1020768.0, 34.18,2026-06-03
KITEX, EQ, 03-Jun-2026,160.89,160.25,162.7,158.18,161.03,162.13,160.38,660992,1060.11,5603,300063.0, 45.40,2026-06-03
KKCL, EQ, 03-Jun-2026,434.0,432.05,437.1,431.0,437.0,434.45,434.06,8818,38.28,650,5319.0, 60.32,2026-06-03
KKJEWELS, SM, 03-Jun-2026,105.1,108.0,109.0,107.0,107.0,108.35,108.11,14000,15.14,13,9000.0, 64.29,2026-06-03
KLBRENG-B, EQ, 03-Jun-2026,495.95,499.95,499.95,478.75,493.2,493.8,489.28,32089,157.0,2383,16251.0, 50.64,2026-06-03
KLL, SM, 03-Jun-2026,37.85,36.1,38.0,35.55,37.9,37.9,37.56,22400,8.41,16,20800.0, 92.86,2026-06-03
KMEW, EQ, 03-Jun-2026,1780.5,1799.0,1821.9,1760.3,1809.9,1800.5,1796.63,67929,1220.43,6711,23818.0, 35.06,2026-06-03
KMSUGAR, EQ, 03-Jun-2026,26.74,26.21,26.74,26.21,26.69,26.48,26.51,48313,12.81,496,30340.0, 62.80,2026-06-03
KNAGRI, EQ, 03-Jun-2026,187.0,186.87,193.48,185.91,192.4,191.2,189.64,13558,25.71,1011,4685.0, 34.56,2026-06-03
KNRCON, EQ, 03-Jun-2026,131.98,133.0,134.99,128.2,130.11,130.34,130.16,1101933,1434.28,10444,483853.0, 43.91,2026-06-03
KODYTECH, SM, 03-Jun-2026,830.0,829.0,829.75,806.5,829.75,829.75,819.97,2400,19.68,22,2200.0, 91.67,2026-06-03
KOHINOOR, EQ, 03-Jun-2026,25.07,25.8,25.8,24.6,24.78,24.83,25.02,81477,20.39,1860,23989.0, 29.44,2026-06-03
KOKUYOCMLN, EQ, 03-Jun-2026,83.58,83.9,84.39,82.0,82.15,82.64,83.06,38786,32.22,1298,12091.0, 31.17,2026-06-03
KOLTEPATIL, EQ, 03-Jun-2026,366.9,367.05,369.85,359.3,365.0,364.65,364.06,26586,96.79,986,14323.0, 53.87,2026-06-03
KONSTELEC, ST, 03-Jun-2026,49.95,47.65,47.65,47.5,47.5,47.5,47.58,3000,1.43,3,3000.0, 100.00,2026-06-03
KONTOR, SM, 03-Jun-2026,69.65,69.45,76.0,69.45,71.95,71.55,72.62,11400,8.28,16,8400.0, 73.68,2026-06-03
KOPRAN, BE, 03-Jun-2026,195.92,186.25,194.4,186.13,187.79,186.43,187.76,226423,425.13,1472,, -,2026-06-03
KORE, SM, 03-Jun-2026,131.25,126.55,137.5,126.55,137.5,137.5,132.03,500,0.66,2,500.0, 100.00,2026-06-03
KOTAKBANK, EQ, 03-Jun-2026,379.05,377.6,383.45,375.1,382.45,381.0,379.38,14844206,56315.36,107837,9509100.0, 64.06,2026-06-03
KOTARISUG, EQ, 03-Jun-2026,24.75,25.3,25.9,24.21,25.47,25.16,24.67,39394,9.72,360,29116.0, 73.91,2026-06-03
KOTHARIPET, EQ, 03-Jun-2026,121.14,121.0,122.0,117.0,118.39,118.98,118.91,63385,75.37,1087,35729.0, 56.37,2026-06-03
KOTHARIPRO, EQ, 03-Jun-2026,73.03,73.9,73.9,71.05,72.15,72.2,72.44,6767,4.9,130,4945.0, 73.08,2026-06-03
KOTIC, EQ, 03-Jun-2026,158.03,158.0,168.99,153.75,158.91,155.79,156.77,1131,1.77,139,845.0, 74.71,2026-06-03
KOTYARK, EQ, 03-Jun-2026,420.45,414.9,420.0,414.9,420.0,418.15,416.89,7315,30.5,354,5044.0, 68.95,2026-06-03
KOVAI, EQ, 03-Jun-2026,5342.0,5390.5,5400.0,5350.5,5400.0,5369.0,5379.59,1483,79.78,441,892.0, 60.15,2026-06-03
KPEL, EQ, 03-Jun-2026,357.55,356.75,356.75,348.05,353.0,353.25,351.89,145471,511.9,4376,66192.0, 45.50,2026-06-03
KPIGREEN, EQ, 03-Jun-2026,420.6,419.0,421.8,411.05,414.4,414.9,414.61,602740,2499.04,17256,261007.0, 43.30,2026-06-03
KPIL, EQ, 03-Jun-2026,1290.8,1296.7,1296.7,1240.1,1290.4,1287.8,1271.69,142476,1811.86,16059,50889.0, 35.72,2026-06-03
KPITTECH, EQ, 03-Jun-2026,809.25,800.8,800.8,770.6,771.85,774.25,778.3,2235273,17397.09,54067,608781.0, 27.24,2026-06-03
KPL, EQ, 03-Jun-2026,2298.8,2333.3,2366.0,2289.1,2333.4,2345.1,2330.36,24210,564.18,3594,13285.0, 54.87,2026-06-03
KPRMILL, EQ, 03-Jun-2026,999.1,1000.0,1110.0,995.6,1100.0,1085.8,1060.5,1459589,15478.9,61215,472715.0, 32.39,2026-06-03
KRBL, EQ, 03-Jun-2026,347.1,348.1,352.9,342.15,349.4,350.15,346.95,448473,1555.99,11930,253864.0, 56.61,2026-06-03
KREBSBIO, EQ, 03-Jun-2026,64.89,64.78,66.4,63.1,65.3,63.9,64.48,2182,1.41,32,1657.0, 75.94,2026-06-03
KRIDHANINF, EQ, 03-Jun-2026,3.09,3.1,3.1,2.95,2.97,2.97,2.97,101819,3.03,145,66526.0, 65.34,2026-06-03
KRISHANA, EQ, 03-Jun-2026,686.45,694.0,698.7,675.0,683.95,682.65,683.29,190922,1304.55,6658,76521.0, 40.08,2026-06-03
KRISHCA, SM, 03-Jun-2026,179.6,184.0,184.0,175.55,175.55,175.55,178.92,38000,67.99,47,35000.0, 92.11,2026-06-03
KRISHIVAL, EQ, 03-Jun-2026,399.3,400.0,402.15,399.85,399.85,400.05,400.29,3659,14.65,96,3180.0, 86.91,2026-06-03
KRISHNADEF, EQ, 03-Jun-2026,1148.8,1156.5,1158.0,1115.0,1127.5,1134.6,1132.46,86228,976.49,5802,31465.0, 36.49,2026-06-03
KRISHPP, E1, 03-Jun-2026,118.0,118.0,119.95,118.0,119.95,119.9,118.55,35,0.04,3,35.0, 100.00,2026-06-03
KRITI, BE, 03-Jun-2026,74.62,74.51,75.6,73.5,75.1,75.51,74.83,15315,11.46,101,, -,2026-06-03
KRITIKA, EQ, 03-Jun-2026,6.17,6.2,6.25,6.0,6.11,6.06,6.09,94674,5.77,448,65965.0, 69.68,2026-06-03
KRITINUT, BE, 03-Jun-2026,89.47,89.4,91.5,89.0,90.0,89.66,90.03,4586,4.13,72,, -,2026-06-03
KRMAYURVED, ST, 03-Jun-2026,254.8,251.0,252.0,245.05,246.15,245.9,248.98,21000,52.29,18,17000.0, 80.95,2026-06-03
KRN, BE, 03-Jun-2026,1104.6,1159.8,1159.8,1130.0,1159.8,1159.8,1158.89,186036,2155.94,3207,, -,2026-06-03
KRONOX, EQ, 03-Jun-2026,133.15,134.0,134.86,131.82,132.75,133.74,133.0,29203,38.84,896,13096.0, 44.84,2026-06-03
KROSS, EQ, 03-Jun-2026,192.48,193.0,193.0,188.21,191.3,190.63,190.22,151227,287.67,2061,72324.0, 47.82,2026-06-03
KRSNAA, EQ, 03-Jun-2026,544.7,544.7,547.95,533.1,540.75,541.0,538.64,36535,196.79,3134,20224.0, 55.36,2026-06-03
KRT, RR, 03-Jun-2026,116.49,116.73,116.73,115.49,116.52,116.39,116.23,319186,371.0,7903,229374.0, 71.86,2026-06-03
KRYSTAL, EQ, 03-Jun-2026,583.25,585.55,599.9,579.15,582.3,585.4,588.86,34429,202.74,990,16538.0, 48.04,2026-06-03
KSB, EQ, 03-Jun-2026,771.1,771.1,773.05,756.0,767.0,769.0,764.93,132441,1013.08,11295,75181.0, 56.77,2026-06-03
KSCL, EQ, 03-Jun-2026,856.8,855.45,863.55,842.3,858.0,858.1,853.84,68663,586.27,5497,27365.0, 39.85,2026-06-03
KSHINTL, EQ, 03-Jun-2026,814.75,827.7,867.7,800.0,840.0,849.2,838.84,770986,6467.31,40459,351053.0, 45.53,2026-06-03
KSHITIJPOL, BE, 03-Jun-2026,5.19,5.43,5.44,5.43,5.44,5.43,5.44,8057970,438.2,7689,, -,2026-06-03
KSL, EQ, 03-Jun-2026,854.8,845.95,856.6,832.6,850.0,848.7,845.39,31491,266.22,1798,17302.0, 54.94,2026-06-03
KSOLVES, EQ, 03-Jun-2026,286.45,285.75,285.75,279.7,281.4,281.8,281.69,24206,68.19,1216,12785.0, 52.82,2026-06-03
KSR, BE, 03-Jun-2026,33.91,33.06,34.45,32.57,33.3,33.42,32.94,4542,1.5,58,, -,2026-06-03
KTKBANK, EQ, 03-Jun-2026,264.0,264.1,269.65,257.15,266.6,267.6,263.94,2909567,7679.57,27925,1241698.0, 42.68,2026-06-03
KUANTUM, EQ, 03-Jun-2026,74.58,73.5,77.79,73.5,77.0,76.84,75.88,129166,98.02,1730,76721.0, 59.40,2026-06-03
KWIL, EQ, 03-Jun-2026,29.6,29.6,30.95,29.3,30.45,30.59,30.11,20757642,6250.92,41071,8633438.0, 41.59,2026-06-03
LAGNAM, EQ, 03-Jun-2026,80.3,80.41,83.9,78.8,79.5,80.68,80.35,6934,5.57,156,3686.0, 53.16,2026-06-03
LAHOTIOV, EQ, 03-Jun-2026,42.31,42.4,44.78,40.45,43.6,41.27,42.23,21760,9.19,401,14069.0, 64.66,2026-06-03
LAKPRE, BZ, 03-Jun-2026,5.37,5.4,5.4,5.11,5.4,5.4,5.3,175,0.01,7,, -,2026-06-03
LAKSHYA, ST, 03-Jun-2026,115.8,110.05,110.05,110.05,110.05,110.05,110.05,12000,13.21,15,12000.0, 100.00,2026-06-03
LAL, EQ, 03-Jun-2026,7.69,7.85,7.85,7.45,7.6,7.51,7.63,41491,3.17,144,32678.0, 78.76,2026-06-03
LALPATHLAB, EQ, 03-Jun-2026,1561.0,1565.1,1593.4,1563.9,1566.0,1569.6,1577.48,108328,1708.85,14761,41322.0, 38.15,2026-06-03
LAMBODHARA, EQ, 03-Jun-2026,112.26,112.9,114.99,108.15,111.0,110.21,111.9,47512,53.17,971,21110.0, 44.43,2026-06-03
LAMOSAIC, SM, 03-Jun-2026,24.75,25.9,29.7,25.45,29.7,29.7,28.64,102000,29.21,110,80400.0, 78.82,2026-06-03
LANCORHOL, EQ, 03-Jun-2026,24.2,24.32,25.4,23.34,23.85,23.83,24.04,21761,5.23,158,15144.0, 69.59,2026-06-03
LANDMARK, EQ, 03-Jun-2026,373.3,374.5,397.65,374.5,390.0,391.35,386.27,461403,1782.28,10663,220460.0, 47.78,2026-06-03
LANDSMILL, EQ, 03-Jun-2026,0.88,0.88,0.91,0.87,0.89,0.89,0.89,4540187,40.29,961,1713647.0, 37.74,2026-06-03
LAOPALA, EQ, 03-Jun-2026,173.86,173.86,179.79,172.35,175.4,177.3,175.43,111491,195.59,2402,60630.0, 54.38,2026-06-03
LASA, EQ, 03-Jun-2026,7.68,7.98,7.98,7.62,7.66,7.67,7.75,13726,1.06,89,13047.0, 95.05,2026-06-03
LATENTVIEW, EQ, 03-Jun-2026,325.3,324.3,324.3,311.25,314.15,314.05,314.66,809907,2548.44,20221,316810.0, 39.12,2026-06-03
LATTEYS, BE, 03-Jun-2026,22.86,22.83,23.5,22.0,23.0,23.06,22.74,34451,7.83,150,, -,2026-06-03
LAURUSLABS, EQ, 03-Jun-2026,1382.6,1382.0,1396.8,1371.0,1394.0,1394.3,1388.7,1443846,20050.64,47488,727539.0, 50.39,2026-06-03
LAXMICOT, EQ, 03-Jun-2026,13.7,13.7,14.65,13.25,14.41,14.42,14.02,10170,1.43,81,7977.0, 78.44,2026-06-03
LAXMIDENTL, EQ, 03-Jun-2026,236.92,238.99,240.74,232.35,234.0,234.15,234.63,123518,289.81,4957,61023.0, 49.40,2026-06-03
LAXMIINDIA, BE, 03-Jun-2026,108.7,108.5,109.99,105.55,109.99,109.02,107.94,26241,28.32,227,, -,2026-06-03
LCCINFOTEC, BE, 03-Jun-2026,4.29,4.47,4.47,4.08,4.08,4.08,4.35,8622,0.38,14,, -,2026-06-03
LEMERITE, EQ, 03-Jun-2026,34.35,32.64,32.64,32.64,32.64,32.64,32.64,75387,24.61,233,75387.0, 100.00,2026-06-03
LEMONTREE, EQ, 03-Jun-2026,111.16,111.16,111.27,109.53,110.88,110.56,110.36,1642406,1812.55,30543,850923.0, 51.81,2026-06-03
LENSKART, EQ, 03-Jun-2026,524.2,529.0,532.0,513.1,515.9,516.15,518.61,6405531,33219.77,105527,3284454.0, 51.28,2026-06-03
LEXUS, EQ, 03-Jun-2026,18.05,17.99,17.99,17.15,17.15,17.15,17.19,97592,16.77,243,53447.0, 54.77,2026-06-03
LFIC, EQ, 03-Jun-2026,142.55,143.01,143.01,136.57,141.1,141.1,139.83,664,0.93,46,453.0, 68.22,2026-06-03
LGBBROSLTD, EQ, 03-Jun-2026,1499.2,1514.0,1548.7,1475.0,1539.0,1536.7,1502.18,78745,1182.89,3005,52763.0, 67.00,2026-06-03
LGEINDIA, EQ, 03-Jun-2026,1542.9,1549.9,1549.9,1505.0,1522.0,1518.2,1524.06,447928,6826.7,33157,257886.0, 57.57,2026-06-03
LGHL, EQ, 03-Jun-2026,234.35,239.05,239.05,231.51,232.1,233.22,234.91,27306,64.14,2308,2035.0, 7.45,2026-06-03
LIBAS, EQ, 03-Jun-2026,12.82,12.96,13.45,12.07,12.16,12.2,12.59,147811,18.62,663,79178.0, 53.57,2026-06-03
LIBERTSHOE, EQ, 03-Jun-2026,241.96,242.0,242.0,235.55,238.2,237.92,238.19,14748,35.13,438,6876.0, 46.62,2026-06-03
LICHSGFIN, EQ, 03-Jun-2026,535.0,535.0,544.55,523.55,542.45,541.25,535.53,1832015,9810.94,22997,743924.0, 40.61,2026-06-03
LICI, EQ, 03-Jun-2026,400.7,400.7,404.8,397.5,404.5,402.9,400.47,4244501,16998.02,49938,2165283.0, 51.01,2026-06-03
LICMFGOLD, EQ, 03-Jun-2026,139.9,138.55,139.75,138.55,139.6,139.1,139.36,296875,413.73,942,266845.0, 89.88,2026-06-03
LICNETFGSC, EQ, 03-Jun-2026,28.74,28.8,28.8,28.66,28.74,28.71,28.71,6326,1.82,107,5734.0, 90.64,2026-06-03
LICNETFN50, EQ, 03-Jun-2026,262.37,260.78,262.63,259.0,261.94,261.94,260.95,2394,6.25,32,2061.0, 86.09,2026-06-03
LICNETFSEN, EQ, 03-Jun-2026,842.28,832.55,839.26,828.0,839.26,839.26,836.21,21,0.18,9,20.0, 95.24,2026-06-03
LICNFNHGP, EQ, 03-Jun-2026,267.8,265.64,267.14,264.57,267.14,266.84,266.01,190,0.51,25,183.0, 96.32,2026-06-03
LICNMID100, EQ, 03-Jun-2026,61.45,61.07,61.43,60.06,61.19,61.19,60.45,8719,5.27,109,6063.0, 69.54,2026-06-03
LIKHITHA, BE, 03-Jun-2026,192.21,192.05,201.82,192.05,201.81,199.96,199.04,49944,99.41,570,, -,2026-06-03
LINC, EQ, 03-Jun-2026,100.6,101.04,101.6,98.05,100.88,100.21,99.71,20645,20.59,768,10708.0, 51.87,2026-06-03
LINCOLN, EQ, 03-Jun-2026,590.0,590.0,599.45,585.1,586.0,589.55,590.79,86037,508.3,3468,42506.0, 49.40,2026-06-03
LINDEINDIA, EQ, 03-Jun-2026,6940.0,6949.0,7145.0,6881.0,7139.5,7110.5,7039.71,47427,3338.72,11239,22207.0, 46.82,2026-06-03
LIQGRWBEES, EQ, 03-Jun-2026,1041.81,1047.02,1047.02,1041.93,1041.95,1041.93,1041.93,66641,694.35,199,57503.0, 86.29,2026-06-03
LIQUID, EQ, 03-Jun-2026,999.99,1000.0,1000.0,999.99,999.99,999.99,1000.0,104642,1046.42,244,71974.0, 68.78,2026-06-03
LIQUID1, EQ, 03-Jun-2026,1106.99,1107.0,1107.16,1107.0,1107.15,1107.15,1107.15,204836,2267.84,476,122038.0, 59.58,2026-06-03
LIQUIDADD, EQ, 03-Jun-2026,1129.17,1129.31,1129.33,1129.31,1129.31,1129.32,1129.33,298839,3374.86,247,249903.0, 83.62,2026-06-03
LIQUIDBEES, EQ, 03-Jun-2026,1000.0,1000.0,1000.01,997.0,1000.01,1000.0,1000.0,2660112,26601.15,4964,2174406.0, 81.74,2026-06-03
LIQUIDBETF, EQ, 03-Jun-2026,1084.1,1084.24,1084.24,1084.22,1084.23,1084.23,1084.23,246858,2676.52,199,141113.0, 57.16,2026-06-03
LIQUIDCASE, EQ, 03-Jun-2026,114.33,114.35,114.37,114.35,114.36,114.35,114.36,14771717,16892.58,18160,11596956.0, 78.51,2026-06-03
LIQUIDETF, EQ, 03-Jun-2026,1000.0,997.55,1000.01,997.55,1000.0,1000.0,1000.0,75427,754.27,240,46021.0, 61.01,2026-06-03
LIQUIDIETF, EQ, 03-Jun-2026,999.99,1000.0,1000.01,999.99,1000.0,999.99,1000.0,268809,2688.09,226,214644.0, 79.85,2026-06-03
LIQUIDPLUS, EQ, 03-Jun-2026,1087.99,1088.14,1088.16,1088.14,1088.16,1088.15,1088.15,126388,1375.29,240,77252.0, 61.12,2026-06-03
LIQUIDSBI, EQ, 03-Jun-2026,1000.0,1000.0,1000.01,999.99,999.99,999.99,999.99,1935,19.35,27,1718.0, 88.79,2026-06-03
LIQUIDSHRI, EQ, 03-Jun-2026,1106.87,1107.01,1107.03,1107.01,1107.01,1107.01,1107.02,10831,119.9,26,6351.0, 58.64,2026-06-03
LLOYDSENGG, EQ, 03-Jun-2026,72.13,72.72,72.72,68.9,70.9,70.91,70.26,7412626,5208.22,28519,2023445.0, 27.30,2026-06-03
LLOYDSENT, EQ, 03-Jun-2026,68.6,68.7,68.78,66.1,67.2,67.51,67.02,1904784,1276.58,10008,828626.0, 43.50,2026-06-03
LLOYDSME, EQ, 03-Jun-2026,1821.7,1799.9,1813.7,1777.6,1788.0,1792.8,1797.21,447376,8040.27,21108,217325.0, 48.58,2026-06-03
LMW, EQ, 03-Jun-2026,15843.0,15864.0,16101.0,15762.0,15918.0,15899.0,15923.96,1912,304.47,797,898.0, 46.97,2026-06-03
LODHA, EQ, 03-Jun-2026,903.8,903.8,903.8,871.55,877.0,879.2,879.22,1938065,17039.94,39249,840565.0, 43.37,2026-06-03
LOKESHMACH, BE, 03-Jun-2026,248.95,244.5,253.0,242.05,252.6,251.35,248.85,16236,40.4,120,, -,2026-06-03
LORDSCHLO, EQ, 03-Jun-2026,136.51,136.0,136.05,126.15,130.94,129.39,131.39,25303,33.25,967,14601.0, 57.70,2026-06-03
LOTUSDEV, EQ, 03-Jun-2026,139.36,140.3,140.3,136.6,137.0,137.18,137.91,210948,290.92,3536,111170.0, 52.70,2026-06-03
LOTUSEYE, EQ, 03-Jun-2026,108.37,109.49,112.0,107.75,112.0,110.04,109.04,7927,8.64,124,5714.0, 72.08,2026-06-03
LOVABLE, EQ, 03-Jun-2026,69.9,70.0,70.93,69.0,69.5,69.72,69.76,11800,8.23,345,7168.0, 60.75,2026-06-03
LOWVOL, EQ, 03-Jun-2026,199.45,197.67,198.54,196.73,198.54,198.54,197.89,377,0.75,17,353.0, 93.63,2026-06-03
LOWVOL1, EQ, 03-Jun-2026,20.44,20.44,20.85,20.07,20.28,20.28,20.15,1629511,328.27,224,1582320.0, 97.10,2026-06-03
LOWVOLIETF, EQ, 03-Jun-2026,21.31,21.39,21.39,21.0,21.18,21.19,21.11,1374778,290.25,1289,1089527.0, 79.25,2026-06-03
LOYALTEX, BE, 03-Jun-2026,216.05,213.0,213.0,212.05,212.05,212.05,212.66,47,0.1,4,, -,2026-06-03
LPDC, EQ, 03-Jun-2026,6.93,6.94,6.99,6.7,6.72,6.8,6.77,9024,0.61,56,7740.0, 85.77,2026-06-03
LRRPL, SM, 03-Jun-2026,81.75,79.9,82.55,77.7,81.9,82.2,79.07,15000,11.86,8,13500.0, 90.00,2026-06-03
LT, EQ, 03-Jun-2026,4000.9,4000.9,4008.0,3894.0,3946.9,3953.2,3941.52,1872929,73821.94,138677,849027.0, 45.33,2026-06-03
LTF, EQ, 03-Jun-2026,270.7,270.8,270.8,263.6,267.6,267.85,266.36,4135606,11015.53,43746,1460538.0, 35.32,2026-06-03
LTFOODS, EQ, 03-Jun-2026,391.6,390.8,390.8,377.0,379.5,380.95,381.11,552694,2106.36,24167,234127.0, 42.36,2026-06-03
LTGILTBEES, EQ, 03-Jun-2026,29.23,29.26,29.26,29.17,29.19,29.2,29.2,875115,255.51,576,768682.0, 87.84,2026-06-03
LTGILTCASE, EQ, 03-Jun-2026,29.84,30.44,30.44,29.75,29.77,29.79,29.79,88374,26.33,248,63835.0, 72.23,2026-06-03
LTM, EQ, 03-Jun-2026,4341.7,4292.7,4293.1,3993.0,4054.0,4052.7,4058.51,1066491,43283.64,82209,352564.0, 33.06,2026-06-03
LTTS, EQ, 03-Jun-2026,3508.3,3490.0,3490.0,3275.3,3297.0,3299.2,3323.8,148396,4932.39,27185,73324.0, 49.41,2026-06-03
LUMAXIND, EQ, 03-Jun-2026,5448.0,5450.0,5609.5,5382.0,5432.0,5427.0,5489.86,18668,1024.85,5561,7871.0, 42.16,2026-06-03
LUMAXTECH, EQ, 03-Jun-2026,1746.8,1746.8,1782.4,1691.3,1771.5,1771.9,1748.03,193931,3389.98,18814,73695.0, 38.00,2026-06-03
LUPIN, EQ, 03-Jun-2026,2249.8,2248.6,2265.0,2235.0,2260.0,2261.2,2249.42,570270,12827.74,28309,329071.0, 57.70,2026-06-03
LUXIND, EQ, 03-Jun-2026,1432.7,1448.7,1451.9,1380.1,1393.0,1389.6,1400.35,75334,1054.94,4746,35522.0, 47.15,2026-06-03
LXCHEM, EQ, 03-Jun-2026,150.67,151.06,176.0,151.06,165.0,164.55,168.47,46585577,78480.94,255216,2336214.0, 5.01,2026-06-03
LYKALABS, EQ, 03-Jun-2026,57.93,58.5,58.88,57.16,57.84,57.49,57.53,8706,5.01,107,5714.0, 65.63,2026-06-03
LYPSAGEMS, EQ, 03-Jun-2026,5.01,5.11,5.2,4.95,5.01,4.98,5.01,12024,0.6,228,7648.0, 63.61,2026-06-03
M&M, EQ, 03-Jun-2026,2998.3,2996.0,3029.5,2965.0,3007.0,3011.1,3006.8,3110137,93515.63,151483,1684444.0, 54.16,2026-06-03
M&MFIN, EQ, 03-Jun-2026,294.3,294.3,294.85,283.0,290.0,290.55,287.51,2723815,7831.35,46402,1434009.0, 52.65,2026-06-03
MAANALU, EQ, 03-Jun-2026,128.57,128.25,134.6,125.0,129.15,130.08,129.21,120356,155.51,1860,59410.0, 49.36,2026-06-03
MACPOWER, EQ, 03-Jun-2026,931.25,955.0,984.6,933.0,933.0,948.3,961.36,79814,767.3,5120,35402.0, 44.36,2026-06-03
MADHAV, EQ, 03-Jun-2026,36.32,37.0,37.82,37.0,37.82,37.77,37.78,95,0.04,4,50.0, 52.63,2026-06-03
MADHAVBAUG, SM, 03-Jun-2026,186.8,190.5,190.95,190.5,190.95,190.95,190.61,1600,3.05,4,1600.0, 100.00,2026-06-03
MADHAVIPL, EQ, 03-Jun-2026,8.59,8.59,8.8,8.35,8.5,8.47,8.53,112559,9.61,365,72239.0, 64.18,2026-06-03
MADHUCON, EQ, 03-Jun-2026,5.35,5.37,5.42,5.24,5.33,5.28,5.32,6934,0.37,54,5716.0, 82.43,2026-06-03
MADHUSUDAN, SM, 03-Jun-2026,155.0,155.0,160.0,155.0,157.5,157.5,158.49,5000,7.92,5,5000.0, 100.00,2026-06-03
MADRASFERT, EQ, 03-Jun-2026,66.66,67.49,72.29,66.2,69.69,69.7,69.42,261739,181.7,2739,138242.0, 52.82,2026-06-03
MAFANG, EQ, 03-Jun-2026,206.62,208.38,208.38,208.38,208.38,208.38,208.38,655073,1365.04,6622,614231.0, 93.77,2026-06-03
MAFATIND, EQ, 03-Jun-2026,130.78,130.8,133.84,130.6,131.8,131.6,131.64,11339,14.93,431,5545.0, 48.90,2026-06-03
MAGADSUGAR, EQ, 03-Jun-2026,450.3,450.0,451.15,437.4,449.2,447.75,445.24,8162,36.34,724,3269.0, 40.05,2026-06-03
MAGNUM, EQ, 03-Jun-2026,20.15,20.95,20.95,19.61,19.86,19.87,20.12,12317,2.48,104,8561.0, 69.51,2026-06-03
MAHABANK, EQ, 03-Jun-2026,78.91,79.0,79.99,78.04,79.93,79.7,79.14,11016774,8718.55,40715,4913021.0, 44.60,2026-06-03
MAHAPEXLTD, EQ, 03-Jun-2026,48.26,48.5,49.75,48.3,49.6,49.3,49.01,3877,1.9,82,2938.0, 75.78,2026-06-03
MAHASTEEL, BE, 03-Jun-2026,953.9,953.9,953.9,912.1,947.95,945.7,932.45,2271,21.18,87,, -,2026-06-03
MAHEPC, EQ, 03-Jun-2026,117.27,116.0,117.79,112.99,113.99,114.21,114.42,58282,66.69,665,41504.0, 71.21,2026-06-03
MAHESHWARI, EQ, 03-Jun-2026,59.67,59.67,64.9,58.37,63.1,63.56,62.41,126459,78.92,1103,96787.0, 76.54,2026-06-03
MAHICKRA, ST, 03-Jun-2026,240.0,243.95,251.95,243.95,251.95,251.95,245.98,6000,14.76,8,6000.0, 100.00,2026-06-03
MAHKTECH, EQ, 03-Jun-2026,23.8,24.19,24.19,24.19,24.19,24.19,24.19,373035,90.24,343,373035.0, 100.00,2026-06-03
MAHLIFE, EQ, 03-Jun-2026,337.2,335.2,340.9,330.45,335.8,334.7,334.63,94897,317.55,4751,61590.0, 64.90,2026-06-03
MAHLOG, EQ, 03-Jun-2026,348.6,350.05,354.8,345.0,349.0,350.4,348.67,108265,377.49,2654,62654.0, 57.87,2026-06-03
MAHSCOOTER, EQ, 03-Jun-2026,12755.0,12652.0,12782.0,12541.0,12550.0,12593.0,12617.41,1399,176.52,529,813.0, 58.11,2026-06-03
MAHSEAMLES, EQ, 03-Jun-2026,609.8,605.0,613.4,600.2,609.0,610.6,606.5,95386,578.52,7527,44440.0, 46.59,2026-06-03
MAITHANALL, EQ, 03-Jun-2026,1050.7,1050.0,1088.0,1048.0,1072.0,1070.8,1067.09,119418,1274.3,9125,56408.0, 47.24,2026-06-03
MAJESAUT, EQ, 03-Jun-2026,328.55,328.6,335.5,325.5,330.0,328.75,329.16,1569,5.16,77,1414.0, 90.12,2026-06-03
MAKEINDIA, EQ, 03-Jun-2026,159.79,159.54,160.37,158.55,160.0,160.12,159.75,21556,34.44,362,15693.0, 72.80,2026-06-03
MAL, SM, 03-Jun-2026,35.1,34.0,35.5,34.0,35.5,35.5,34.5,4800,1.66,3,4800.0, 100.00,2026-06-03
MALLCOM, EQ, 03-Jun-2026,973.0,972.6,979.85,960.0,978.35,974.9,965.26,4835,46.67,198,4321.0, 89.37,2026-06-03
MALUPAPER, EQ, 03-Jun-2026,32.51,32.8,33.34,32.51,32.52,32.53,32.76,755,0.25,16,555.0, 73.51,2026-06-03
MAMATA, EQ, 03-Jun-2026,373.6,375.6,383.15,371.35,379.0,378.95,377.54,131416,496.15,4371,34601.0, 26.33,2026-06-03
MANAKALUCO, EQ, 03-Jun-2026,35.42,35.42,35.68,34.65,35.15,34.99,34.93,30834,10.77,456,21818.0, 70.76,2026-06-03
MANAKCOAT, EQ, 03-Jun-2026,104.53,105.2,105.99,102.63,105.0,104.81,104.09,157188,163.61,1452,96035.0, 61.10,2026-06-03
MANAKSIA, EQ, 03-Jun-2026,58.4,58.4,60.5,57.65,59.0,59.48,59.2,17025,10.08,276,11754.0, 69.04,2026-06-03
MANAKSTEEL, BE, 03-Jun-2026,66.85,67.0,67.84,64.52,66.1,66.11,65.8,13972,9.19,155,, -,2026-06-03
MANALIPETC, EQ, 03-Jun-2026,59.55,60.45,65.2,58.2,64.1,64.14,63.8,2619962,1671.57,12656,574874.0, 21.94,2026-06-03
MANAPPURAM, EQ, 03-Jun-2026,313.55,312.0,313.35,300.1,313.0,311.95,307.05,2921182,8969.46,30367,690963.0, 23.65,2026-06-03
MANBA, EQ, 03-Jun-2026,112.99,113.0,114.08,110.21,113.45,113.06,112.39,78514,88.24,847,21226.0, 27.03,2026-06-03
MANCREDIT, EQ, 03-Jun-2026,206.33,208.3,209.83,198.12,200.6,201.36,201.79,163113,329.14,826,30530.0, 18.72,2026-06-03
MANDEEP, SM, 03-Jun-2026,18.9,18.15,19.8,18.0,19.8,19.8,18.78,20000,3.76,9,16000.0, 80.00,2026-06-03
MANGALAM, BE, 03-Jun-2026,28.29,28.35,29.2,27.98,28.35,28.24,28.48,19839,5.65,115,, -,2026-06-03
MANGLMCEM, EQ, 03-Jun-2026,841.65,840.0,847.45,832.05,845.7,841.7,841.56,33356,280.71,2624,16827.0, 50.45,2026-06-03
MANILAM, SM, 03-Jun-2026,60.15,58.3,61.0,58.0,61.0,60.95,59.57,32000,19.06,15,26000.0, 81.25,2026-06-03
MANINDS, EQ, 03-Jun-2026,501.15,503.45,511.0,484.0,495.0,496.15,494.36,871071,4306.25,15152,419480.0, 48.16,2026-06-03
MANINFRA, EQ, 03-Jun-2026,118.3,119.0,120.95,114.49,115.19,115.02,117.74,1483997,1747.23,7424,523979.0, 35.31,2026-06-03
MANKIND, EQ, 03-Jun-2026,2299.0,2320.0,2383.5,2285.1,2375.0,2369.5,2327.36,1012891,23573.62,41008,522378.0, 51.57,2026-06-03
MANOMAY, EQ, 03-Jun-2026,176.54,177.44,177.45,171.0,175.99,173.97,173.49,14848,25.76,290,10468.0, 70.50,2026-06-03
MANORAMA, EQ, 03-Jun-2026,1481.4,1493.5,1493.5,1440.0,1465.0,1469.6,1459.2,82160,1198.88,9254,33147.0, 40.34,2026-06-03
MANORG, BE, 03-Jun-2026,521.15,505.05,505.05,495.1,495.1,495.1,495.33,4198,20.79,103,, -,2026-06-03
MANUFGBEES, EQ, 03-Jun-2026,157.86,157.57,160.46,156.36,157.65,157.65,157.12,1580,2.48,82,1054.0, 66.71,2026-06-03
MANUGRAPH, EQ, 03-Jun-2026,14.38,15.3,15.8,14.8,15.5,15.52,15.44,46536,7.19,525,29027.0, 62.38,2026-06-03
MANYAVAR, EQ, 03-Jun-2026,402.95,402.95,407.8,392.0,405.0,398.5,396.9,159753,634.05,9335,77152.0, 48.29,2026-06-03
MAPMYINDIA, EQ, 03-Jun-2026,825.6,827.05,829.95,805.0,815.8,815.9,813.5,194042,1578.54,11577,76549.0, 39.45,2026-06-03
MARALOVER, BE, 03-Jun-2026,57.7,58.74,58.74,56.5,58.32,58.07,57.69,6731,3.88,40,, -,2026-06-03
MARATHON, EQ, 03-Jun-2026,432.7,432.6,438.75,417.7,418.0,421.45,426.96,30068,128.38,1625,19207.0, 63.88,2026-06-03
MARC, ST, 03-Jun-2026,81.05,81.5,81.7,81.5,81.55,81.6,81.56,4800,3.92,4,4800.0, 100.00,2026-06-03
MARCO, SM, 03-Jun-2026,34.5,34.5,34.5,31.8,33.55,33.55,33.54,15000,5.03,10,9000.0, 60.00,2026-06-03
MARICO, EQ, 03-Jun-2026,810.95,806.85,814.85,801.55,808.2,811.25,809.99,1106240,8960.42,53615,624217.0, 56.43,2026-06-03
MARINE, EQ, 03-Jun-2026,258.1,261.95,263.7,245.3,252.35,252.45,251.38,866478,2178.11,14400,351846.0, 40.61,2026-06-03
MARKOLINES, EQ, 03-Jun-2026,164.8,165.7,167.55,162.11,163.89,163.71,164.34,355910,584.91,2788,161843.0, 45.47,2026-06-03
MARKSANS, EQ, 03-Jun-2026,241.19,241.6,248.1,241.19,242.9,242.37,244.18,2709024,6614.94,54670,1075625.0, 39.71,2026-06-03
MARSONS, EQ, 03-Jun-2026,141.61,141.42,142.63,130.11,130.68,131.25,135.31,1489056,2014.84,13751,346304.0, 23.26,2026-06-03
MARUSHIKA, SM, 03-Jun-2026,82.05,82.5,83.0,81.9,83.0,83.0,82.47,18000,14.84,9,16800.0, 93.33,2026-06-03
MARUTI, EQ, 03-Jun-2026,13022.0,13014.0,13206.0,12911.0,13038.0,13044.0,13103.84,607808,79646.19,81557,322230.0, 53.02,2026-06-03
MASFIN, EQ, 03-Jun-2026,309.4,309.5,309.5,303.0,307.0,306.8,305.88,74625,228.26,2273,37583.0, 50.36,2026-06-03
MASKINVEST, BE, 03-Jun-2026,150.49,158.01,158.01,157.9,158.0,158.0,158.0,627,0.99,23,, -,2026-06-03
MASON, SM, 03-Jun-2026,121.6,118.1,118.1,117.45,117.45,117.45,117.85,1500,1.77,3,1500.0, 100.00,2026-06-03
MASPTOP50, EQ, 03-Jun-2026,82.53,82.39,82.39,82.39,82.39,82.39,82.39,46236,38.09,294,45560.0, 98.54,2026-06-03
MASTEK, EQ, 03-Jun-2026,1727.9,1731.0,1731.0,1660.7,1677.0,1682.3,1684.28,87926,1480.92,11125,32739.0, 37.23,2026-06-03
MASTER, SM, 03-Jun-2026,339.95,334.0,337.75,323.0,337.75,337.75,329.73,2000,6.59,4,1000.0, 50.00,2026-06-03
MASTERTR, EQ, 03-Jun-2026,81.28,80.96,81.51,80.15,81.49,81.13,80.66,94066,75.87,482,18984.0, 20.18,2026-06-03
MATRIMONY, EQ, 03-Jun-2026,414.9,414.9,417.7,407.8,408.5,410.25,413.14,25617,105.83,585,20176.0, 78.76,2026-06-03
MAWANASUG, BE, 03-Jun-2026,97.76,97.28,97.99,95.55,96.0,96.45,96.69,22208,21.47,116,, -,2026-06-03
MAXESTATES, EQ, 03-Jun-2026,445.4,442.15,451.85,434.7,450.0,450.1,445.39,67729,301.66,2717,37834.0, 55.86,2026-06-03
MAXHEALTH, EQ, 03-Jun-2026,948.7,941.2,967.75,935.85,965.0,965.55,957.79,2609191,24990.49,87605,1469787.0, 56.33,2026-06-03
MAXIND, EQ, 03-Jun-2026,162.92,163.22,166.4,157.01,158.1,159.48,159.7,44152,70.51,1293,22230.0, 50.35,2026-06-03
MAXPOSURE, SM, 03-Jun-2026,33.05,34.0,34.5,34.0,34.5,34.3,34.32,5000,1.72,3,5000.0, 100.00,2026-06-03
MAXVOLT, ST, 03-Jun-2026,413.35,402.0,407.0,392.7,399.0,396.6,395.89,44400,175.78,106,35600.0, 80.18,2026-06-03
MAYASHEEL, SM, 03-Jun-2026,46.5,52.0,52.0,52.0,52.0,52.0,52.0,3000,1.56,1,3000.0, 100.00,2026-06-03
MAYURUNIQ, EQ, 03-Jun-2026,745.25,758.7,758.7,723.55,736.0,735.05,733.61,125593,921.36,6423,60719.0, 48.35,2026-06-03
MAZDA, EQ, 03-Jun-2026,234.68,233.34,233.5,227.0,229.1,231.06,230.04,22084,50.8,862,10380.0, 47.00,2026-06-03
MAZDOCK, EQ, 03-Jun-2026,2444.9,2450.0,2458.4,2387.0,2443.2,2441.8,2421.11,752970,18230.27,31603,138741.0, 18.43,2026-06-03
MBAPL, EQ, 03-Jun-2026,543.25,543.5,553.55,536.0,536.0,539.75,546.12,207690,1134.24,3492,93318.0, 44.93,2026-06-03
MBEL, EQ, 03-Jun-2026,295.25,296.55,296.55,289.0,290.4,289.85,290.83,99213,288.54,5984,54391.0, 54.82,2026-06-03
MBLINFRA, EQ, 03-Jun-2026,28.66,29.9,29.9,27.94,28.13,28.18,28.8,106266,30.6,516,61268.0, 57.66,2026-06-03
MCCHRLS-B, EQ, 03-Jun-2026,681.5,710.0,710.0,650.05,700.0,690.2,687.72,90,0.62,25,88.0, 97.78,2026-06-03
MCL, EQ, 03-Jun-2026,61.59,63.56,63.6,60.02,61.45,60.78,61.16,48716,29.79,660,32086.0, 65.86,2026-06-03
MCLEODRUSS, BE, 03-Jun-2026,75.32,73.82,73.82,73.82,73.82,73.82,73.82,124129,91.63,192,, -,2026-06-03
MCLOUD, EQ, 03-Jun-2026,25.79,25.85,26.06,25.28,25.52,25.59,25.57,2118502,541.65,6997,769179.0, 36.31,2026-06-03
MCON, SM, 03-Jun-2026,43.2,45.35,45.35,45.35,45.35,45.35,45.35,1000,0.45,1,1000.0, 100.00,2026-06-03
MCX, EQ, 03-Jun-2026,2878.7,2886.0,2904.2,2797.5,2839.0,2833.6,2833.95,3605952,102190.8,152988,1441606.0, 39.98,2026-06-03
MDL, SM, 03-Jun-2026,52.9,54.5,59.0,54.5,59.0,57.45,56.73,16000,9.08,16,15000.0, 93.75,2026-06-03
MEDANTA, EQ, 03-Jun-2026,1198.8,1209.0,1218.3,1195.0,1200.0,1201.3,1208.92,406713,4916.82,10189,312233.0, 76.77,2026-06-03
MEDIASSIST, EQ, 03-Jun-2026,366.95,369.6,369.6,360.0,365.15,365.05,363.7,47418,172.46,2743,24631.0, 51.94,2026-06-03
MEDICAMEQ, EQ, 03-Jun-2026,272.7,271.35,275.9,264.0,266.8,265.7,269.8,12157,32.8,516,7389.0, 60.78,2026-06-03
MEDICO, EQ, 03-Jun-2026,47.47,47.81,47.81,46.11,46.44,46.36,46.6,83203,38.77,952,36488.0, 43.85,2026-06-03
MEDIORG, SM, 03-Jun-2026,21.1,21.05,23.2,21.05,23.15,23.15,22.38,10000,2.24,5,8000.0, 80.00,2026-06-03
MEDPLUS, EQ, 03-Jun-2026,900.15,899.95,900.45,887.15,900.0,895.4,894.51,68505,612.78,7431,39653.0, 57.88,2026-06-03
MEESHO, EQ, 03-Jun-2026,177.39,177.35,183.0,174.1,174.89,175.4,177.43,5719204,10147.34,40452,1795433.0, 31.39,2026-06-03
MEGASTAR, EQ, 03-Jun-2026,308.9,313.65,317.15,302.05,310.0,311.05,312.61,61841,193.32,629,47665.0, 77.08,2026-06-03
MEGATHERM, SM, 03-Jun-2026,226.1,228.75,247.0,228.7,246.5,246.0,236.93,38000,90.03,76,28000.0, 73.68,2026-06-03
MEIL, BE, 03-Jun-2026,322.3,324.7,326.4,315.0,320.0,319.55,319.41,12801,40.89,284,, -,2026-06-03
MENNPIS, EQ, 03-Jun-2026,54.09,54.6,55.94,53.85,54.5,54.49,54.52,5888,3.21,88,5399.0, 91.69,2026-06-03
MENONBE, EQ, 03-Jun-2026,142.28,143.3,143.3,141.08,141.5,141.9,141.97,42413,60.21,843,23563.0, 55.56,2026-06-03
MEP, BZ, 03-Jun-2026,0.9,0.89,0.89,0.89,0.89,0.89,0.89,96709,0.86,48,, -,2026-06-03
MERCANTILE, EQ, 03-Jun-2026,26.62,26.62,31.39,24.65,28.85,27.43,27.41,48812,13.38,314,43236.0, 88.58,2026-06-03
MERCURYEV, BE, 03-Jun-2026,36.13,35.41,35.41,35.41,35.41,35.41,35.41,14166,5.02,99,, -,2026-06-03
METAL, EQ, 03-Jun-2026,13.66,13.76,13.76,13.47,13.63,13.65,13.61,4061622,552.83,5851,2758809.0, 67.92,2026-06-03
METALIETF, EQ, 03-Jun-2026,13.62,13.96,13.96,13.24,13.61,13.62,13.58,5625705,763.78,11509,3026587.0, 53.80,2026-06-03
METROBRAND, EQ, 03-Jun-2026,1027.6,1024.0,1043.9,1015.2,1030.0,1034.7,1028.19,23519,241.82,2616,11172.0, 47.50,2026-06-03
METROGLOBL, EQ, 03-Jun-2026,130.85,121.0,130.85,121.0,125.01,125.01,124.15,715,0.89,17,713.0, 99.72,2026-06-03
METROPOLIS, EQ, 03-Jun-2026,541.5,538.0,541.7,527.05,536.0,536.15,532.93,72278,385.19,4821,38062.0, 52.66,2026-06-03
MFML, EQ, 03-Jun-2026,24.28,24.01,24.94,23.11,24.05,24.32,23.76,4913,1.17,94,3571.0, 72.68,2026-06-03
MFSL, EQ, 03-Jun-2026,1595.4,1588.6,1588.6,1541.0,1557.1,1559.6,1554.76,882314,13717.91,58348,441806.0, 50.07,2026-06-03
MGEL, EQ, 03-Jun-2026,15.21,15.38,15.51,14.85,15.05,15.04,15.08,463747,69.92,1349,317642.0, 68.49,2026-06-03
MGL, EQ, 03-Jun-2026,1092.2,1092.2,1094.4,1070.0,1070.1,1080.8,1082.66,106792,1156.19,14469,51888.0, 48.59,2026-06-03
MGSL, SM, 03-Jun-2026,75.4,75.95,75.95,72.0,73.4,73.45,73.82,16800,12.4,14,14400.0, 85.71,2026-06-03
MHLXMIRU, EQ, 03-Jun-2026,181.04,177.02,181.0,174.0,179.85,177.76,177.61,1535,2.73,85,622.0, 40.52,2026-06-03
MHRIL, EQ, 03-Jun-2026,214.55,217.49,217.49,208.3,210.75,211.98,210.93,262841,554.4,8532,170875.0, 65.01,2026-06-03
MICEL, EQ, 03-Jun-2026,43.57,43.5,43.98,42.66,43.28,43.18,43.03,400575,172.38,2463,185600.0, 46.33,2026-06-03
MICROPRO, SM, 03-Jun-2026,19.0,20.0,20.0,19.0,19.0,19.0,19.5,3200,0.62,2,3200.0, 100.00,2026-06-03
MID150, EQ, 03-Jun-2026,22.6,22.6,22.66,22.35,22.5,22.54,22.47,40002,8.99,202,21107.0, 52.76,2026-06-03
MID150BEES, EQ, 03-Jun-2026,230.4,231.99,231.99,227.18,229.6,229.83,228.84,653583,1495.64,8186,421613.0, 64.51,2026-06-03
MID150CASE, EQ, 03-Jun-2026,11.19,11.22,11.22,11.01,11.11,11.14,11.11,1891053,210.06,4730,1114348.0, 58.93,2026-06-03
MIDCAP, EQ, 03-Jun-2026,17.66,17.88,17.93,17.36,17.59,17.53,17.5,489041,85.56,1220,267329.0, 54.66,2026-06-03
MIDCAPADD, EQ, 03-Jun-2026,22.35,22.36,22.36,21.96,22.29,22.29,22.03,10781,2.38,49,10248.0, 95.06,2026-06-03
MIDCAPBETA, EQ, 03-Jun-2026,224.49,223.76,224.49,222.0,224.49,224.49,223.38,483,1.08,33,483.0, 100.00,2026-06-03
MIDCAPETF, EQ, 03-Jun-2026,22.79,22.9,22.9,22.43,22.7,22.68,22.62,3556697,804.59,10879,2489253.0, 69.99,2026-06-03
MIDCAPIETF, EQ, 03-Jun-2026,23.09,22.89,23.17,22.71,23.01,23.01,22.9,1061683,243.12,2774,583221.0, 54.93,2026-06-03
MIDHANI, EQ, 03-Jun-2026,410.75,412.05,421.9,408.1,417.0,417.0,415.41,1007668,4185.99,24486,357135.0, 35.44,2026-06-03
MIDQ50ADD, EQ, 03-Jun-2026,246.78,243.05,248.5,240.61,241.83,242.52,242.39,4021,9.75,156,2818.0, 70.08,2026-06-03
MIDSELIETF, EQ, 03-Jun-2026,18.32,18.36,18.6,17.97,18.59,18.24,18.09,135506,24.52,843,91587.0, 67.59,2026-06-03
MIDSMALL, EQ, 03-Jun-2026,50.3,50.36,50.36,49.56,50.11,50.1,49.84,259932,129.55,958,166318.0, 63.99,2026-06-03
MIDWESTLTD, EQ, 03-Jun-2026,1258.7,1236.0,1270.0,1236.0,1253.0,1255.3,1252.96,24153,302.63,3133,13374.0, 55.37,2026-06-03
MINDACORP, EQ, 03-Jun-2026,629.85,629.85,642.0,622.05,627.0,626.4,631.54,679928,4294.05,25276,238503.0, 35.08,2026-06-03
MINDSPACE, RR, 03-Jun-2026,465.25,464.01,465.25,457.05,460.88,460.23,459.67,277933,1277.57,8954,238708.0, 85.89,2026-06-03
MINDTECK, EQ, 03-Jun-2026,215.12,214.0,216.84,209.0,210.5,212.16,212.15,70086,148.69,1591,25507.0, 36.39,2026-06-03
MIRCELECTR, BE, 03-Jun-2026,41.04,41.0,41.44,40.1,40.9,40.72,40.86,266994,109.09,558,, -,2026-06-03
MIRZAINT, EQ, 03-Jun-2026,30.64,30.25,30.78,29.6,30.0,29.96,30.03,107319,32.22,901,65472.0, 61.01,2026-06-03
MITCON, EQ, 03-Jun-2026,87.64,88.75,91.7,87.0,88.5,87.75,88.9,13225,11.76,338,10129.0, 76.59,2026-06-03
MITTAL, EQ, 03-Jun-2026,0.99,0.98,1.01,0.98,0.99,0.98,0.99,317791,3.14,292,185231.0, 58.29,2026-06-03
MKPL, EQ, 03-Jun-2026,4.98,5.03,5.03,4.9,4.94,4.94,4.94,115166,5.69,308,87061.0, 75.60,2026-06-03
MMEL, ST, 03-Jun-2026,33.45,35.1,35.1,35.0,35.0,35.0,35.05,4000,1.4,2,4000.0, 100.00,2026-06-03
MMFL, EQ, 03-Jun-2026,442.55,444.9,453.65,432.0,435.75,439.45,437.77,60537,265.01,2601,29222.0, 48.27,2026-06-03
MMP, EQ, 03-Jun-2026,268.2,267.0,269.85,261.0,264.9,263.6,264.05,21127,55.79,760,10895.0, 51.57,2026-06-03
MMTC, EQ, 03-Jun-2026,64.81,65.71,66.74,63.72,64.9,65.18,65.11,2257611,1470.0,13430,551744.0, 24.44,2026-06-03
MMWL, BE, 03-Jun-2026,13.49,14.1,14.1,13.24,13.5,13.44,13.6,20005,2.72,79,, -,2026-06-03
MNC, EQ, 03-Jun-2026,32.59,32.58,32.65,32.4,32.42,32.49,32.51,49045,15.94,324,32243.0, 65.74,2026-06-03
MOALPHA50, EQ, 03-Jun-2026,51.75,51.75,51.98,51.08,51.94,51.94,51.41,3055,1.57,40,1620.0, 53.03,2026-06-03
MOBANK10, EQ, 03-Jun-2026,15.93,15.9,15.91,15.75,15.91,15.91,15.83,2610,0.41,43,2610.0, 100.00,2026-06-03
MOBIKWIK, EQ, 03-Jun-2026,194.44,196.0,196.0,191.08,194.4,194.35,193.51,625826,1211.06,6865,137438.0, 21.96,2026-06-03
MOCAPITAL, EQ, 03-Jun-2026,53.88,54.43,54.43,52.05,53.14,53.14,52.8,1346559,711.01,6493,861174.0, 63.95,2026-06-03
MODEFENCE, EQ, 03-Jun-2026,98.86,96.38,99.99,96.38,99.01,99.13,98.73,1628893,1608.16,8058,873630.0, 53.63,2026-06-03
MODINATUR, BE, 03-Jun-2026,472.25,472.0,489.7,469.0,476.0,476.15,472.24,3169,14.97,58,, -,2026-06-03
MODIRUBBER, EQ, 03-Jun-2026,128.43,128.43,128.43,123.11,126.88,124.91,126.13,4706,5.94,396,2556.0, 54.31,2026-06-03
MODIS, EQ, 03-Jun-2026,335.4,321.1,353.25,321.1,353.0,344.9,348.34,771712,2688.17,2354,627933.0, 81.37,2026-06-03
MODISONLTD, BE, 03-Jun-2026,313.7,329.35,329.35,316.6,327.0,329.0,328.76,200782,660.08,1409,, -,2026-06-03
MODTHREAD, EQ, 03-Jun-2026,48.36,48.32,49.5,45.95,46.33,46.52,47.77,1418,0.68,54,1097.0, 77.36,2026-06-03
MOENERGY, EQ, 03-Jun-2026,41.45,41.35,41.35,40.0,40.1,40.36,40.3,388107,156.4,1965,306767.0, 79.04,2026-06-03
MOGOLD, EQ, 03-Jun-2026,153.55,153.1,153.5,152.0,152.05,152.35,152.93,77503,118.52,397,61345.0, 79.15,2026-06-03
MOGSEC, EQ, 03-Jun-2026,63.35,63.5,63.7,63.37,63.49,63.44,63.63,203375,129.4,236,161367.0, 79.34,2026-06-03
MOHEALTH, EQ, 03-Jun-2026,46.78,47.0,47.49,46.7,47.49,47.24,46.94,53795,25.25,515,29058.0, 54.02,2026-06-03
MOHITIND, EQ, 03-Jun-2026,24.0,24.0,24.0,20.7,22.3,22.24,21.91,120015,26.3,910,66445.0, 55.36,2026-06-03
MOIL, EQ, 03-Jun-2026,296.3,296.3,298.95,292.4,296.0,295.65,295.9,513143,1518.4,15585,139822.0, 27.25,2026-06-03
MOINFRA, EQ, 03-Jun-2026,61.83,62.07,62.9,61.1,62.9,62.0,61.59,2599,1.6,64,933.0, 35.90,2026-06-03
MOIPO, EQ, 03-Jun-2026,43.0,42.77,42.88,42.55,42.78,42.78,42.78,1585,0.68,10,1276.0, 80.50,2026-06-03
MOKSH, EQ, 03-Jun-2026,11.7,11.97,11.97,11.51,11.66,11.59,11.6,85897,9.96,145,79301.0, 92.32,2026-06-03
MOL, EQ, 03-Jun-2026,47.31,47.4,49.55,47.16,48.6,48.76,48.29,626133,302.33,4120,208867.0, 33.36,2026-06-03
MOLDTECH, EQ, 03-Jun-2026,118.4,122.0,122.0,118.5,119.0,118.91,119.06,27187,32.37,341,20595.0, 75.75,2026-06-03
MOLDTKPAC, EQ, 03-Jun-2026,707.05,708.1,724.4,700.9,705.0,706.45,710.65,111584,792.97,5830,44236.0, 39.64,2026-06-03
MOLOWVOL, EQ, 03-Jun-2026,35.76,35.76,35.83,35.4,35.75,35.75,35.59,45769,16.29,48,45680.0, 99.81,2026-06-03
MOM100, EQ, 03-Jun-2026,65.62,65.65,65.97,64.5,65.43,65.46,65.08,565761,368.2,3478,305850.0, 54.06,2026-06-03
MOM30IETF, EQ, 03-Jun-2026,30.59,30.77,30.77,30.13,30.55,30.47,30.38,5559987,1688.94,3606,4679690.0, 84.17,2026-06-03
MOM50, EQ, 03-Jun-2026,244.67,243.5,245.54,242.0,244.42,244.31,242.97,3171,7.7,135,2810.0, 88.62,2026-06-03
MOMENTUM, EQ, 03-Jun-2026,30.4,30.35,30.96,29.76,30.1,30.11,30.22,65851,19.9,313,37638.0, 57.16,2026-06-03
MOMENTUM30, EQ, 03-Jun-2026,30.1,29.87,30.09,29.64,30.09,29.95,29.81,45961,13.7,158,25233.0, 54.90,2026-06-03
MOMENTUM50, EQ, 03-Jun-2026,51.62,51.9,52.1,51.01,51.68,51.72,51.5,714312,367.86,2206,363370.0, 50.87,2026-06-03
MOMGF, EQ, 03-Jun-2026,157.23,156.64,157.06,156.0,157.0,157.0,156.96,1426,2.24,23,1311.0, 91.94,2026-06-03
MOMIDMTM, EQ, 03-Jun-2026,63.28,64.07,64.75,62.1,63.2,63.15,62.71,65510,41.08,457,51993.0, 79.37,2026-06-03
MOMNC, EQ, 03-Jun-2026,31.6,31.6,31.69,31.45,31.65,31.65,31.59,217,0.07,12,182.0, 83.87,2026-06-03
MOMOMENTUM, EQ, 03-Jun-2026,60.74,60.74,61.24,59.91,61.24,60.78,60.38,41789,25.23,537,27594.0, 66.03,2026-06-03
MON100, EQ, 03-Jun-2026,337.4,339.36,339.36,339.36,339.36,339.36,339.36,704780,2391.74,2427,440968.0, 62.57,2026-06-03
MON50EQUAL, EQ, 03-Jun-2026,32.67,32.67,32.67,32.18,32.54,32.39,32.34,11945,3.86,67,7093.0, 59.38,2026-06-03
MONARCH, EQ, 03-Jun-2026,340.4,339.85,343.0,332.9,338.0,338.8,337.6,69899,235.98,3257,16947.0, 24.24,2026-06-03
MONEXT50, EQ, 03-Jun-2026,69.93,69.46,69.72,69.0,69.61,69.64,69.29,5904,4.09,45,4904.0, 83.06,2026-06-03
MONEYBOXX, EQ, 03-Jun-2026,71.84,73.61,73.61,70.31,72.0,71.42,71.63,7776,5.57,204,2774.0, 35.67,2026-06-03
MONIFTY100, EQ, 03-Jun-2026,24.63,25.12,25.12,24.3,24.55,24.53,24.38,40952,9.99,76,40762.0, 99.54,2026-06-03
MONIFTY500, EQ, 03-Jun-2026,23.03,23.6,23.6,22.69,22.95,22.95,22.83,4722863,1078.1,2169,4459023.0, 94.41,2026-06-03
MONOLITH, SM, 03-Jun-2026,572.95,571.0,611.0,556.05,605.5,602.0,589.02,112500,662.64,338,72500.0, 64.44,2026-06-03
MONOPHARMA, SM, 03-Jun-2026,12.0,11.45,11.45,11.4,11.4,11.4,11.43,4000,0.46,2,4000.0, 100.00,2026-06-03
MONQ50, EQ, 03-Jun-2026,144.02,144.93,144.93,144.93,144.93,144.93,144.93,8682,12.58,143,8682.0, 100.00,2026-06-03
MONTECARLO, EQ, 03-Jun-2026,546.9,546.9,558.0,541.0,548.4,552.9,548.48,14124,77.47,809,6065.0, 42.94,2026-06-03
MOPSE, EQ, 03-Jun-2026,102.27,101.95,102.76,101.47,102.61,102.61,102.14,698,0.71,20,552.0, 79.08,2026-06-03
MOQUALITY, EQ, 03-Jun-2026,201.26,201.26,201.26,198.49,199.25,199.25,199.62,9323,18.61,30,9295.0, 99.70,2026-06-03
MORARJEE, BZ, 03-Jun-2026,7.02,6.67,7.01,6.67,7.01,7.0,6.88,31360,2.16,49,, -,2026-06-03
MOREALTY, EQ, 03-Jun-2026,77.36,77.69,77.69,75.4,76.29,76.24,75.96,460293,349.63,3049,232072.0, 50.42,2026-06-03
MOREPENLAB, EQ, 03-Jun-2026,45.79,46.0,46.1,44.11,45.3,45.4,45.03,3585149,1614.37,11033,1099811.0, 30.68,2026-06-03
MOS, SM, 03-Jun-2026,15.25,15.3,15.65,15.2,15.6,15.5,15.46,360000,55.65,80,304000.0, 84.44,2026-06-03
MOSCHIP, EQ, 03-Jun-2026,218.28,218.28,219.22,211.22,215.3,215.15,214.41,1801853,3863.44,21608,587148.0, 32.59,2026-06-03
MOSERVICE, EQ, 03-Jun-2026,29.65,29.41,30.29,29.29,30.29,30.12,29.39,4046,1.19,49,3320.0, 82.06,2026-06-03
MOSILVER, EQ, 03-Jun-2026,259.66,259.0,259.0,254.58,255.49,254.96,255.67,18714,47.85,1594,8732.0, 46.66,2026-06-03
MOSMALL250, EQ, 03-Jun-2026,17.03,17.23,17.23,16.8,17.1,17.05,16.94,1534354,259.99,2836,541127.0, 35.27,2026-06-03
MOTHERSON, EQ, 03-Jun-2026,144.89,144.68,146.25,141.75,145.05,145.61,144.19,19595325,28254.04,68205,6606964.0, 33.72,2026-06-03
MOTILALOFS, EQ, 03-Jun-2026,865.95,868.8,869.8,838.4,855.0,855.55,851.36,566985,4827.06,21410,200593.0, 35.38,2026-06-03
MOTISONS, EQ, 03-Jun-2026,11.43,11.45,12.05,11.25,11.97,11.87,11.67,3430252,400.37,3800,1908561.0, 55.64,2026-06-03
MOTOGENFIN, BE, 03-Jun-2026,25.77,25.77,27.05,25.0,27.05,26.68,26.48,54838,14.52,93,, -,2026-06-03
MOTOUR, EQ, 03-Jun-2026,72.35,72.35,73.4,71.28,73.22,72.42,71.87,8972,6.45,230,6508.0, 72.54,2026-06-03
MOVALUE, EQ, 03-Jun-2026,116.37,116.36,117.26,115.3,117.2,117.06,116.15,76632,89.01,807,49229.0, 64.24,2026-06-03
MOXSH, ST, 03-Jun-2026,107.9,112.8,112.8,112.8,112.8,112.8,112.8,1600,1.8,1,1600.0, 100.00,2026-06-03
MPEL, SM, 03-Jun-2026,45.5,43.3,45.0,43.25,45.0,45.0,44.69,17600,7.86,5,17600.0, 100.00,2026-06-03
MPHASIS, EQ, 03-Jun-2026,2387.7,2336.7,2358.0,2281.0,2281.1,2288.5,2302.77,595642,13716.26,41214,193971.0, 32.57,2026-06-03
MPSLTD, EQ, 03-Jun-2026,1851.0,1832.6,1854.0,1810.1,1854.0,1841.1,1832.2,11257,206.25,1854,5273.0, 46.84,2026-06-03
MPTODAY, SM, 03-Jun-2026,43.6,41.45,45.75,41.45,45.75,45.75,43.6,4000,1.74,2,4000.0, 100.00,2026-06-03
MRF, EQ, 03-Jun-2026,124695.0,124950.0,125395.0,124075.0,125000.0,124790.0,124908.36,3216,4017.05,2422,1468.0, 45.65,2026-06-03
MRIL, SM, 03-Jun-2026,43.9,42.25,42.35,41.75,42.0,42.0,41.99,12800,5.38,8,11200.0, 87.50,2026-06-03
MRPL, EQ, 03-Jun-2026,147.02,147.0,157.5,147.0,154.0,154.16,153.94,26026182,40064.36,143508,3321175.0, 12.76,2026-06-03
MSCI360, EQ, 03-Jun-2026,9.77,9.75,11.6,9.72,9.81,9.97,9.93,7547,0.75,36,6881.0, 91.18,2026-06-03
MSCIADD, EQ, 03-Jun-2026,28.64,28.52,28.67,28.44,28.62,28.62,28.52,4837,1.38,9,4837.0, 100.00,2026-06-03
MSCIINDIA, EQ, 03-Jun-2026,28.87,29.43,29.43,28.53,28.92,28.9,28.62,10511,3.01,96,8351.0, 79.45,2026-06-03
MSPL, EQ, 03-Jun-2026,40.97,41.06,41.79,40.2,41.03,41.15,41.02,2625980,1077.17,11301,1717354.0, 65.40,2026-06-03
MSTCLTD, EQ, 03-Jun-2026,451.3,451.55,454.15,442.0,446.0,446.45,446.52,164283,733.56,4334,83331.0, 50.72,2026-06-03
MSUMI, EQ, 03-Jun-2026,38.2,38.29,38.68,37.75,38.29,38.18,38.16,6828863,2605.58,28632,3618135.0, 52.98,2026-06-03
MTARTECH, EQ, 03-Jun-2026,7216.0,7360.5,7612.5,7311.5,7450.0,7468.0,7440.95,1337901,99552.57,143233,246035.0, 18.39,2026-06-03
MTEDUCARE, BE, 03-Jun-2026,1.57,1.6,1.64,1.57,1.64,1.63,1.63,19718,0.32,45,, -,2026-06-03
MTNL, EQ, 03-Jun-2026,30.4,30.55,30.95,29.65,30.41,30.48,30.39,1470319,446.88,6866,369634.0, 25.14,2026-06-03
MUFIN, EQ, 03-Jun-2026,122.5,123.5,123.83,119.6,121.95,122.48,121.8,1191621,1451.38,4298,369301.0, 30.99,2026-06-03
MUFTI, EQ, 03-Jun-2026,89.04,90.37,93.0,88.1,89.02,89.38,89.53,219081,196.14,2697,78147.0, 35.67,2026-06-03
MUKANDLTD, EQ, 03-Jun-2026,140.78,140.08,141.01,137.05,139.2,139.64,138.65,104830,145.35,1138,40750.0, 38.87,2026-06-03
MUKKA, EQ, 03-Jun-2026,22.38,22.6,22.6,21.91,22.36,22.45,22.23,199705,44.4,812,113180.0, 56.67,2026-06-03
MUKTAARTS, EQ, 03-Jun-2026,64.06,67.8,67.8,61.6,63.0,62.51,62.9,6604,4.15,130,4600.0, 69.65,2026-06-03
MULTICAP, EQ, 03-Jun-2026,16.38,16.37,16.37,15.81,15.99,15.98,15.92,1472706,234.43,1652,877890.0, 59.61,2026-06-03
MUNISH, ST, 03-Jun-2026,65.55,66.7,66.7,62.3,62.3,63.2,62.48,110400,68.98,42,100800.0, 91.30,2026-06-03
MUNJALAU, EQ, 03-Jun-2026,86.87,87.35,88.98,85.42,87.85,87.03,86.93,116916,101.63,1655,48173.0, 41.20,2026-06-03
MUNJALSHOW, EQ, 03-Jun-2026,127.26,128.5,129.98,127.0,128.0,127.58,128.39,31367,40.27,697,19789.0, 63.09,2026-06-03
MURUDCERA, EQ, 03-Jun-2026,31.58,31.58,31.9,30.6,31.48,31.47,31.17,28946,9.02,277,20056.0, 69.29,2026-06-03
MUTHOOTCAP, EQ, 03-Jun-2026,198.57,197.7,199.54,196.15,198.91,197.46,197.88,5975,11.82,295,4311.0, 72.15,2026-06-03
MUTHOOTFIN, EQ, 03-Jun-2026,3262.1,3262.1,3266.8,3148.5,3219.0,3218.3,3191.27,515696,16457.25,44344,198339.0, 38.46,2026-06-03
MUTHOOTMF, EQ, 03-Jun-2026,179.6,180.0,181.5,175.55,180.1,180.1,178.55,303475,541.84,3304,199721.0, 65.81,2026-06-03
MVGJL, EQ, 03-Jun-2026,155.02,155.02,158.98,152.22,154.75,154.43,154.07,19049,29.35,705,8519.0, 44.72,2026-06-03
MVKAGRO, SM, 03-Jun-2026,493.8,491.9,493.8,462.4,487.0,487.0,475.87,6900,32.84,22,4200.0, 60.87,2026-06-03
MWL, EQ, 03-Jun-2026,380.5,380.9,388.0,378.7,381.5,380.65,382.29,15684,59.96,602,9921.0, 63.26,2026-06-03
MYMUDRA, SM, 03-Jun-2026,76.0,76.25,79.85,75.1,79.85,79.85,76.13,144000,109.63,18,129600.0, 90.00,2026-06-03
NACLIND, EQ, 03-Jun-2026,157.37,160.0,160.0,150.0,152.95,152.55,154.34,286630,442.38,4776,160919.0, 56.14,2026-06-03
NAGREEKCAP, BE, 03-Jun-2026,27.97,26.72,28.44,26.72,28.37,28.25,27.44,9148,2.51,44,, -,2026-06-03
NAGREEKEXP, EQ, 03-Jun-2026,27.37,28.2,28.95,27.22,28.18,27.8,28.4,10598,3.01,149,6897.0, 65.08,2026-06-03
NAHARCAP, EQ, 03-Jun-2026,259.25,255.25,256.1,252.4,252.5,252.6,253.77,956,2.43,82,291.0, 30.44,2026-06-03
NAHARINDUS, EQ, 03-Jun-2026,122.21,124.0,124.0,119.0,119.54,119.96,120.35,28286,34.04,764,15259.0, 53.95,2026-06-03
NAHARPOLY, EQ, 03-Jun-2026,256.8,256.85,257.0,251.05,251.7,252.55,253.94,6432,16.33,468,4430.0, 68.87,2026-06-03
NAHARSPING, BE, 03-Jun-2026,275.0,275.5,279.0,275.5,278.0,278.0,278.26,12994,36.16,84,, -,2026-06-03
NAM-INDIA, EQ, 03-Jun-2026,1089.9,1094.3,1094.3,1045.3,1075.9,1077.8,1068.41,973915,10405.37,42529,261265.0, 26.83,2026-06-03
NAMAN, SM, 03-Jun-2026,47.6,51.9,51.9,44.65,46.2,46.2,46.24,11200,5.18,12,6400.0, 57.14,2026-06-03
NAMOEWASTE, SM, 03-Jun-2026,247.65,245.7,248.5,241.1,247.0,247.65,246.22,24800,61.06,29,16000.0, 64.52,2026-06-03
NARMADA, EQ, 03-Jun-2026,36.54,36.49,36.94,36.31,36.35,36.49,36.51,115384,42.13,657,56216.0, 48.72,2026-06-03
NATCAPSUQ, EQ, 03-Jun-2026,158.67,155.5,160.0,151.2,157.95,156.53,155.89,6385,9.95,112,5761.0, 90.23,2026-06-03
NATCOPHARM, EQ, 03-Jun-2026,939.3,922.2,942.5,885.4,931.0,934.5,914.21,2605418,23819.08,96262,820022.0, 31.47,2026-06-03
NATHBIOGEN, EQ, 03-Jun-2026,174.97,174.59,176.99,171.0,172.55,172.85,172.8,11539,19.94,560,6818.0, 59.09,2026-06-03
NATIONALUM, EQ, 03-Jun-2026,434.4,437.2,441.95,431.3,436.5,436.9,436.69,7827914,34183.5,77470,3406684.0, 43.52,2026-06-03
NATIONSTD, EQ, 03-Jun-2026,1240.0,1252.0,1252.0,1240.0,1240.0,1240.0,1248.0,3,0.04,2,3.0, 100.00,2026-06-03
NAUKRI, EQ, 03-Jun-2026,1015.7,1010.1,1020.0,989.4,1005.7,1006.05,1005.21,2369632,23819.67,140124,1260229.0, 53.18,2026-06-03
NAVA, EQ, 03-Jun-2026,601.6,602.25,611.75,597.9,605.0,605.2,603.97,437580,2642.85,16785,228200.0, 52.15,2026-06-03
NAVINFLUOR, EQ, 03-Jun-2026,7052.0,7050.5,7179.5,7000.0,7026.0,7035.5,7076.96,82526,5840.33,17168,40767.0, 49.40,2026-06-03
NAVKARCORP, EQ, 03-Jun-2026,95.87,95.6,96.84,94.33,96.31,96.15,95.52,239833,229.08,1609,110172.0, 45.94,2026-06-03
NAVKARURB, EQ, 03-Jun-2026,1.06,1.11,1.11,1.01,1.01,1.01,1.05,6712946,70.28,1013,2641248.0, 39.35,2026-06-03
NAVNETEDUL, EQ, 03-Jun-2026,140.86,140.16,142.85,137.79,141.0,141.58,140.2,124248,174.19,2491,52034.0, 41.88,2026-06-03
NAZARA, EQ, 03-Jun-2026,274.85,274.0,275.3,267.7,270.6,271.75,270.61,1451104,3926.85,16005,700639.0, 48.28,2026-06-03
NBCC, EQ, 03-Jun-2026,104.11,104.15,104.19,100.03,102.09,102.24,101.75,17666047,17975.46,55883,5197897.0, 29.42,2026-06-03
NBIFIN, EQ, 03-Jun-2026,1868.6,1950.0,1950.0,1840.0,1841.2,1842.9,1871.88,324,6.06,30,246.0, 75.93,2026-06-03
NCC, EQ, 03-Jun-2026,150.64,150.0,150.47,146.31,147.07,147.24,148.3,1946186,2886.28,22518,975687.0, 50.13,2026-06-03
NCLIND, EQ, 03-Jun-2026,185.67,185.67,185.67,180.05,184.8,182.55,181.83,45515,82.76,1452,26809.0, 58.90,2026-06-03
NDGL, EQ, 03-Jun-2026,2500.3,2460.0,2549.0,2451.1,2548.0,2543.0,2512.04,68,1.71,30,54.0, 79.41,2026-06-03
NDL, EQ, 03-Jun-2026,2.49,2.51,2.72,2.48,2.56,2.57,2.53,1148161,29.04,1242,570890.0, 49.72,2026-06-03
NDLVENTURE, EQ, 03-Jun-2026,133.54,135.95,137.0,129.15,131.75,130.32,130.54,12774,16.68,442,6842.0, 53.56,2026-06-03
NDRAUTO, EQ, 03-Jun-2026,804.15,791.1,824.5,780.0,784.9,782.8,786.92,29502,232.16,1893,16420.0, 55.66,2026-06-03
NDTV, EQ, 03-Jun-2026,82.24,82.0,83.1,80.14,81.7,81.95,81.66,281674,230.0,3369,85619.0, 30.40,2026-06-03
NECCLTD, EQ, 03-Jun-2026,15.28,15.28,15.28,15.02,15.15,15.16,15.13,11179,1.69,76,9983.0, 89.30,2026-06-03
NECLIFE, BE, 03-Jun-2026,12.01,12.0,12.39,11.9,12.15,12.08,12.11,223193,27.02,293,, -,2026-06-03
NELCAST, EQ, 03-Jun-2026,139.87,140.2,141.01,135.46,137.0,137.13,137.5,108773,149.56,1837,54254.0, 49.88,2026-06-03
NELCO, EQ, 03-Jun-2026,699.8,704.15,711.0,684.55,700.0,701.35,694.4,62033,430.76,3072,21075.0, 33.97,2026-06-03
NEOCHEM, ST, 03-Jun-2026,99.15,95.0,99.5,95.0,95.05,95.05,96.48,16800,16.21,14,14400.0, 85.71,2026-06-03
NEOGEN, EQ, 03-Jun-2026,1876.9,1888.1,1929.5,1859.4,1900.3,1901.2,1891.42,130474,2467.82,15572,72788.0, 55.79,2026-06-03
NEPHROCARE, ST, 03-Jun-2026,68.85,68.75,72.0,65.45,72.0,71.65,67.62,13200,8.93,33,10800.0, 81.82,2026-06-03
NEPHROPLUS, EQ, 03-Jun-2026,660.45,662.65,671.95,638.05,660.0,660.3,655.42,148647,974.26,11047,58926.0, 39.64,2026-06-03
NEPTUNE, SM, 03-Jun-2026,198.0,198.0,198.0,198.0,198.0,198.0,198.0,500,0.99,1,500.0, 100.00,2026-06-03
NESCO, EQ, 03-Jun-2026,1176.2,1178.0,1178.1,1131.7,1158.9,1156.6,1147.7,35880,411.8,4660,7919.0, 22.07,2026-06-03
NESTLEIND, EQ, 03-Jun-2026,1398.7,1405.0,1417.2,1385.3,1387.1,1391.5,1395.32,1725869,24081.46,53322,1081022.0, 62.64,2026-06-03
NETF, EQ, 03-Jun-2026,254.53,251.0,254.5,250.91,252.85,252.86,253.02,3029,7.66,174,1776.0, 58.63,2026-06-03
NETWEB, EQ, 03-Jun-2026,4782.8,4800.0,4944.8,4630.0,4694.4,4705.3,4763.07,2662374,126810.71,213890,391463.0, 14.70,2026-06-03
NETWORK18, EQ, 03-Jun-2026,30.27,30.51,30.51,28.86,29.83,29.79,29.51,8115944,2394.64,25010,3350715.0, 41.29,2026-06-03
NEULANDLAB, EQ, 03-Jun-2026,16909.0,16993.0,17380.0,16925.0,16925.0,16992.0,17128.13,26919,4610.72,9125,8469.0, 31.46,2026-06-03
NEWGEN, EQ, 03-Jun-2026,518.1,528.0,538.0,504.1,512.7,518.2,519.68,16036497,83338.4,204825,1304399.0, 8.13,2026-06-03
NEWJAISA, ST, 03-Jun-2026,18.85,17.95,17.95,17.95,17.95,17.95,17.95,7500,1.35,5,7500.0, 100.00,2026-06-03
NEXT30ADD, EQ, 03-Jun-2026,42.23,42.09,42.19,41.7,42.09,42.14,41.88,4266,1.79,84,2780.0, 65.17,2026-06-03
NEXT50, EQ, 03-Jun-2026,722.82,722.83,722.83,712.5,720.1,719.2,717.33,27331,196.05,1013,15964.0, 58.41,2026-06-03
NEXT50ADD, EQ, 03-Jun-2026,70.43,69.93,70.32,69.45,70.19,70.19,69.71,4562,3.18,35,3187.0, 69.86,2026-06-03
NEXT50BETA, EQ, 03-Jun-2026,76.04,76.44,76.44,74.6,75.68,75.35,75.26,404903,304.74,1015,375742.0, 92.80,2026-06-03
NEXT50ETF, EQ, 03-Jun-2026,70.7,70.21,71.25,69.56,70.1,70.43,70.06,50499,35.38,168,37180.0, 73.63,2026-06-03
NEXT50IETF, EQ, 03-Jun-2026,74.25,74.25,74.25,72.9,73.8,73.74,73.13,2105858,1540.12,8472,1194419.0, 56.72,2026-06-03
NEXTMEDIA, EQ, 03-Jun-2026,4.0,4.08,4.09,3.96,4.03,4.03,4.01,5853,0.23,53,5852.0, 99.98,2026-06-03
NFL, EQ, 03-Jun-2026,75.29,75.3,75.9,74.1,75.2,75.27,75.06,751158,563.8,6954,342923.0, 45.65,2026-06-03
NFPSAMPOOR, ST, 03-Jun-2026,42.3,40.2,40.2,40.2,40.2,40.2,40.2,2000,0.8,1,2000.0, 100.00,2026-06-03
NGIL, BE, 03-Jun-2026,41.75,41.75,42.99,40.04,42.0,40.73,41.86,11245,4.71,71,, -,2026-06-03
NGLFINE, EQ, 03-Jun-2026,2654.5,2654.5,2717.0,2551.6,2650.0,2645.1,2623.5,17530,459.9,2024,9247.0, 52.75,2026-06-03
NH, EQ, 03-Jun-2026,1934.2,1933.0,1989.0,1920.5,1984.9,1980.6,1960.98,428361,8400.06,31227,217023.0, 50.66,2026-06-03
NHIT, IV, 03-Jun-2026,168.5,166.3,166.3,166.3,166.3,166.3,166.3,600000,997.8,2,600000.0, 100.00,2026-06-03
NHPC, EQ, 03-Jun-2026,72.29,75.56,76.17,74.5,74.74,75.1,75.32,170970500,128772.6,172925,44247371.0, 25.88,2026-06-03
NIACL, EQ, 03-Jun-2026,149.32,148.25,149.57,145.58,146.71,147.18,147.12,715611,1052.8,15972,216758.0, 30.29,2026-06-03
NIBE, EQ, 03-Jun-2026,1541.0,1554.9,1558.9,1469.0,1509.9,1502.1,1505.84,183530,2763.67,9574,72832.0, 39.68,2026-06-03
NIBL, EQ, 03-Jun-2026,30.18,30.3,31.38,29.58,29.93,29.94,30.06,9278,2.79,134,7670.0, 82.67,2026-06-03
NIDAN, SM, 03-Jun-2026,14.2,14.25,14.25,14.25,14.25,14.25,14.25,1000,0.14,1,1000.0, 100.00,2026-06-03
NIF100BEES, EQ, 03-Jun-2026,259.37,265.85,265.85,255.62,259.98,258.38,257.27,61182,157.4,1201,35821.0, 58.55,2026-06-03
NIF100IETF, EQ, 03-Jun-2026,27.21,27.21,27.48,26.91,27.13,27.21,27.11,175024,47.45,1167,96378.0, 55.07,2026-06-03
NIFTY1, EQ, 03-Jun-2026,259.75,259.75,260.31,256.1,258.98,258.77,257.89,206228,531.84,1759,168794.0, 81.85,2026-06-03
NIFTY100EW, EQ, 03-Jun-2026,34.15,34.57,34.8,33.6,33.88,34.32,33.77,42926,14.5,256,31344.0, 73.02,2026-06-03
NIFTYADD, EQ, 03-Jun-2026,246.19,244.39,246.18,242.93,245.73,245.76,244.21,21474,52.44,448,13799.0, 64.26,2026-06-03
NIFTYBEES, EQ, 03-Jun-2026,266.02,265.7,266.19,262.9,265.2,265.55,264.4,13762829,36389.47,82487,6583716.0, 47.84,2026-06-03
NIFTYBETA, EQ, 03-Jun-2026,259.09,258.5,259.12,255.95,258.77,258.52,257.75,248731,641.11,912,240461.0, 96.68,2026-06-03
NIFTYBETF, EQ, 03-Jun-2026,240.0,239.59,240.47,237.71,240.0,239.96,238.7,7293,17.41,81,6916.0, 94.83,2026-06-03
NIFTYCASE, EQ, 03-Jun-2026,9.38,9.61,9.61,9.23,9.36,9.36,9.29,2031153,188.69,3075,1074775.0, 52.91,2026-06-03
NIFTYETF, EQ, 03-Jun-2026,253.86,253.5,254.18,250.9,253.16,253.65,252.58,241251,609.35,1615,177263.0, 73.48,2026-06-03
NIFTYIETF, EQ, 03-Jun-2026,264.46,265.38,265.38,261.55,264.1,264.26,263.29,1425271,3752.57,12305,751678.0, 52.74,2026-06-03
NIFTYQLITY, EQ, 03-Jun-2026,21.13,21.22,21.22,20.7,20.82,20.81,20.83,22676,4.72,328,20122.0, 88.74,2026-06-03
NIITLTD, EQ, 03-Jun-2026,89.59,89.4,94.5,86.5,92.5,92.6,91.19,11257610,10265.83,54449,1451092.0, 12.89,2026-06-03
NIITMTS, EQ, 03-Jun-2026,219.21,218.9,220.54,211.13,211.25,212.37,214.66,522576,1121.75,25763,283285.0, 54.21,2026-06-03
NIKITA, SM, 03-Jun-2026,76.05,78.95,83.65,78.95,83.65,82.6,82.62,24000,19.83,17,24000.0, 100.00,2026-06-03
NILAINFRA, EQ, 03-Jun-2026,7.9,7.86,8.07,7.86,7.99,7.97,7.96,153904,12.25,440,94632.0, 61.49,2026-06-03
NILASPACES, EQ, 03-Jun-2026,12.84,13.25,13.25,12.46,12.62,12.55,12.66,401008,50.76,1066,272288.0, 67.90,2026-06-03
NILE, EQ, 03-Jun-2026,1767.4,1758.0,1817.0,1750.0,1765.0,1769.3,1766.98,1563,27.62,354,889.0, 56.88,2026-06-03
NILKAMAL, EQ, 03-Jun-2026,1294.8,1283.0,1286.2,1252.1,1258.0,1257.2,1266.12,3484,44.11,495,2379.0, 68.28,2026-06-03
NIMBSPROJ, BE, 03-Jun-2026,210.26,213.7,215.0,206.5,215.0,213.91,214.05,7822,16.74,60,, -,2026-06-03
NINSYS, BE, 03-Jun-2026,721.35,703.0,736.0,703.0,722.0,722.9,716.89,3755,26.92,233,, -,2026-06-03
NIPPOBATRY, EQ, 03-Jun-2026,367.85,358.2,371.45,358.2,363.8,363.6,365.71,2183,7.98,307,1021.0, 46.77,2026-06-03
NIRAJ, BE, 03-Jun-2026,28.73,29.47,30.0,28.1,29.0,28.99,29.33,78921,23.15,168,, -,2026-06-03
NIRAJISPAT, EQ, 03-Jun-2026,217.3,207.4,207.41,207.4,207.41,207.41,207.41,5,0.01,3,3.0, 60.00,2026-06-03
NIRLON, EQ, 03-Jun-2026,606.05,610.55,625.0,605.1,619.0,611.9,610.26,5256,32.08,365,3807.0, 72.43,2026-06-03
NIRMAN, SM, 03-Jun-2026,48.3,47.1,49.6,46.05,47.95,47.95,47.29,15300,7.24,41,11100.0, 72.55,2026-06-03
NITCO, EQ, 03-Jun-2026,98.07,99.0,100.01,93.5,95.0,95.84,95.44,1979120,1888.83,5259,1273470.0, 64.35,2026-06-03
NITINSPIN, EQ, 03-Jun-2026,507.3,508.0,514.85,498.75,506.5,507.8,506.21,87914,445.03,2557,42968.0, 48.88,2026-06-03
NITIRAJ, EQ, 03-Jun-2026,194.52,199.0,199.0,185.52,186.5,187.74,191.6,3040,5.82,142,2037.0, 67.01,2026-06-03
NITTAGELA, EQ, 03-Jun-2026,1642.0,1642.0,1870.0,1621.0,1813.9,1806.2,1784.21,84590,1509.27,8466,23929.0, 28.29,2026-06-03
NIVABUPA, EQ, 03-Jun-2026,84.03,83.1,85.04,82.81,83.9,84.03,84.16,727216,612.01,10232,336801.0, 46.31,2026-06-03
NKIND, EQ, 03-Jun-2026,64.5,65.22,65.95,65.2,65.2,65.2,65.33,330,0.22,11,322.0, 97.58,2026-06-03
NLCINDIA, EQ, 03-Jun-2026,349.1,349.5,352.85,338.65,345.8,346.0,345.67,3487960,12056.96,63672,1412331.0, 40.49,2026-06-03
NMDC, EQ, 03-Jun-2026,95.31,96.1,97.49,95.07,96.0,96.04,96.24,48441070,46621.21,105736,15515893.0, 32.03,2026-06-03
NMSTEEL, SM, 03-Jun-2026,25.75,23.3,23.3,23.3,23.3,23.3,23.3,1600,0.37,1,1600.0, 100.00,2026-06-03
NOCIL, EQ, 03-Jun-2026,163.87,164.19,164.5,161.51,162.35,162.82,163.12,104223,170.01,1951,55434.0, 53.19,2026-06-03
NOIDATOLL, BE, 03-Jun-2026,5.3,5.04,5.04,5.04,5.04,5.04,5.04,139866,7.05,209,, -,2026-06-03
NORBTEAEXP, EQ, 03-Jun-2026,82.85,84.5,84.5,80.0,82.79,82.3,81.55,1318,1.07,29,966.0, 73.29,2026-06-03
NORTHARC, EQ, 03-Jun-2026,287.4,288.0,298.95,280.0,294.4,293.05,287.82,1042554,3000.7,21744,563617.0, 54.06,2026-06-03
NOVAAGRI, EQ, 03-Jun-2026,26.49,26.42,26.8,26.12,26.5,26.52,26.44,73040,19.31,1252,42801.0, 58.60,2026-06-03
NOVARTIND, EQ, 03-Jun-2026,1465.5,1449.9,1449.9,1301.3,1316.0,1323.1,1362.44,53812,733.15,3939,26078.0, 48.46,2026-06-03
NPBET, EQ, 03-Jun-2026,273.94,268.46,277.6,266.05,270.01,270.01,270.26,10017,27.07,77,2516.0, 25.12,2026-06-03
NPST, EQ, 03-Jun-2026,1331.3,1351.3,1408.0,1301.3,1408.0,1389.8,1352.02,97384,1316.65,8949,38011.0, 39.03,2026-06-03
NRAIL, EQ, 03-Jun-2026,460.65,458.85,468.0,447.85,468.0,460.85,456.63,1992,9.1,230,1227.0, 61.60,2026-06-03
NRBBEARING, EQ, 03-Jun-2026,356.45,354.55,361.2,349.45,356.55,357.35,355.97,267676,952.85,7191,149414.0, 55.82,2026-06-03
NRL, EQ, 03-Jun-2026,65.57,66.81,73.4,65.55,71.85,71.51,70.13,277787,194.8,1810,172666.0, 62.16,2026-06-03
NRVANDANA, ST, 03-Jun-2026,74.5,75.0,75.5,70.8,75.0,75.0,72.86,153000,111.48,28,93000.0, 60.78,2026-06-03
NSIL, EQ, 03-Jun-2026,5611.0,5575.0,5637.5,5450.0,5617.0,5581.5,5567.2,3501,194.91,561,2117.0, 60.47,2026-06-03
NSLNISP, EQ, 03-Jun-2026,52.55,51.73,53.25,50.76,52.22,52.45,52.15,21011794,10956.9,62015,6038137.0, 28.74,2026-06-03
NTPC, EQ, 03-Jun-2026,367.4,368.05,371.5,363.7,366.35,366.8,366.44,10825715,39669.22,115648,6779210.0, 62.62,2026-06-03
NTPCGREEN, EQ, 03-Jun-2026,101.34,101.3,102.7,100.02,101.05,101.06,101.2,2633548,2665.06,24207,827883.0, 31.44,2026-06-03
NUCLEUS, EQ, 03-Jun-2026,734.7,736.0,743.3,722.9,727.45,727.05,726.35,21131,153.49,1843,12612.0, 59.68,2026-06-03
NURECA, EQ, 03-Jun-2026,237.25,237.25,240.1,232.3,235.0,234.9,235.31,14196,33.41,536,9719.0, 68.46,2026-06-03
NUVAMA, EQ, 03-Jun-2026,1573.4,1568.0,1574.2,1525.9,1539.8,1558.1,1543.38,773233,11933.89,28254,371201.0, 48.01,2026-06-03
NUVOCO, EQ, 03-Jun-2026,336.1,334.0,334.0,326.35,328.0,328.65,328.94,315880,1039.04,11694,166245.0, 52.63,2026-06-03
NV20, EQ, 03-Jun-2026,14.13,14.13,14.33,13.87,14.05,14.05,13.96,227792,31.81,275,53418.0, 23.45,2026-06-03
NV20BEES, EQ, 03-Jun-2026,142.1,144.2,144.2,139.11,140.89,140.62,140.11,22762,31.89,395,10139.0, 44.54,2026-06-03
NV20IETF, EQ, 03-Jun-2026,13.79,13.79,13.79,13.52,13.66,13.68,13.6,451875,61.45,2392,279765.0, 61.91,2026-06-03
NXST, RR, 03-Jun-2026,154.78,154.98,155.1,153.8,154.69,154.9,154.24,143872,221.91,5118,109941.0, 76.42,2026-06-03
NXT-INFRA, IV, 03-Jun-2026,98.0,96.0,96.0,96.0,96.0,96.0,96.0,525000,504.0,2,525000.0, 100.00,2026-06-03
NYKAA, EQ, 03-Jun-2026,269.55,268.85,270.4,263.9,269.15,269.4,267.48,4025633,10767.59,56040,2071974.0, 51.47,2026-06-03
OAL, EQ, 03-Jun-2026,315.3,315.35,315.35,302.0,310.0,310.9,308.26,12196,37.6,530,7330.0, 60.10,2026-06-03
OBCL, EQ, 03-Jun-2026,52.03,51.77,51.77,49.0,50.5,50.87,50.47,9413,4.75,243,7162.0, 76.09,2026-06-03
OBEROIRLTY, EQ, 03-Jun-2026,1674.7,1670.0,1670.0,1618.2,1635.0,1637.4,1637.63,280743,4597.54,16947,115929.0, 41.29,2026-06-03
OBSCP, SM, 03-Jun-2026,482.45,481.5,481.95,454.0,470.0,468.45,470.9,51200,241.1,106,36800.0, 71.88,2026-06-03
OCCLLTD, EQ, 03-Jun-2026,113.17,113.17,114.02,110.0,110.65,111.15,111.62,57175,63.82,798,39911.0, 69.80,2026-06-03
ODIGMA, EQ, 03-Jun-2026,21.21,20.8,21.19,20.15,20.65,20.46,20.38,168194,34.29,1303,116850.0, 69.47,2026-06-03
OFSS, EQ, 03-Jun-2026,10344.5,10300.0,10300.5,9933.5,9960.0,9997.5,10092.4,235347,23752.15,39671,93590.0, 39.77,2026-06-03
OIL, EQ, 03-Jun-2026,484.1,487.35,495.4,485.8,491.0,490.95,491.75,3895881,19157.94,51862,1452389.0, 37.28,2026-06-03
OILCOUNTUB, BE, 03-Jun-2026,54.49,54.49,55.9,53.7,55.75,55.59,54.58,24571,13.41,142,, -,2026-06-03
OILIETF, EQ, 03-Jun-2026,11.3,11.34,11.34,11.22,11.32,11.31,11.28,1630140,183.85,2421,639765.0, 39.25,2026-06-03
OLAELEC, EQ, 03-Jun-2026,39.83,40.0,43.81,39.14,43.81,43.74,41.89,266948059,111837.29,249992,65069815.0, 24.38,2026-06-03
OLECTRA, EQ, 03-Jun-2026,1285.2,1298.1,1336.9,1262.0,1331.0,1321.2,1300.95,1294151,16836.21,44901,389075.0, 30.06,2026-06-03
OLIL, ST, 03-Jun-2026,438.1,438.0,438.0,422.5,422.5,422.5,430.25,800,3.44,2,800.0, 100.00,2026-06-03
OMAXAUTO, BE, 03-Jun-2026,244.3,240.0,244.75,232.09,239.0,237.3,236.02,79756,188.24,978,, -,2026-06-03
OMAXE, EQ, 03-Jun-2026,76.86,75.4,76.66,74.83,76.1,76.23,75.82,45980,34.86,794,21830.0, 47.48,2026-06-03
OMFREIGHT, EQ, 03-Jun-2026,83.86,81.8,84.07,81.8,83.0,83.23,82.63,35149,29.05,414,24721.0, 70.33,2026-06-03
OMFURN, ST, 03-Jun-2026,56.35,56.35,56.35,56.35,56.35,56.35,56.35,1200,0.68,1,1200.0, 100.00,2026-06-03
OMINFRAL, EQ, 03-Jun-2026,87.05,86.05,86.54,84.8,85.25,85.43,85.62,58522,50.1,900,27290.0, 46.63,2026-06-03
OMNI, EQ, 03-Jun-2026,504.15,508.3,518.1,495.0,507.0,507.1,503.6,343186,1728.3,15660,82108.0, 23.93,2026-06-03
OMPOWER, EQ, 03-Jun-2026,170.12,173.3,174.42,167.0,169.34,168.45,170.15,708110,1204.82,4122,426262.0, 60.20,2026-06-03
ONDOOR, ST, 03-Jun-2026,172.05,175.0,179.9,165.0,178.2,178.2,173.44,68100,118.11,63,59400.0, 87.22,2026-06-03
ONELIFECAP, BE, 03-Jun-2026,27.53,28.89,28.89,26.16,26.8,26.38,27.24,53957,14.7,188,, -,2026-06-03
ONEPOINT, EQ, 03-Jun-2026,58.78,58.19,59.15,57.41,57.41,57.97,58.57,1671808,979.23,4364,296587.0, 17.74,2026-06-03
ONESOURCE, EQ, 03-Jun-2026,1828.6,1815.1,1834.6,1802.1,1809.1,1810.5,1815.93,62889,1142.02,8667,23006.0, 36.58,2026-06-03
ONGC, EQ, 03-Jun-2026,265.05,265.15,268.7,264.3,268.25,267.75,267.04,14618721,39037.34,77949,7412658.0, 50.71,2026-06-03
ONMOBILE, EQ, 03-Jun-2026,51.07,51.4,51.4,50.05,50.9,50.86,50.64,91001,46.08,784,44645.0, 49.06,2026-06-03
ONWARDTEC, EQ, 03-Jun-2026,269.25,267.1,271.0,258.0,259.2,259.8,264.02,53550,141.38,1763,35231.0, 65.79,2026-06-03
ONYX, SM, 03-Jun-2026,38.0,40.0,45.0,40.0,42.9,44.0,42.86,60000,25.72,27,54000.0, 90.00,2026-06-03
OPTIEMUS, EQ, 03-Jun-2026,419.15,419.15,419.15,405.0,416.0,414.0,410.7,102916,422.68,2904,54748.0, 53.20,2026-06-03
OPTIVALUE, SM, 03-Jun-2026,83.0,82.0,85.9,81.25,85.9,83.55,83.09,12800,10.64,6,9600.0, 75.00,2026-06-03
ORBTEXP, EQ, 03-Jun-2026,178.74,183.0,186.0,176.01,185.0,184.97,182.37,15158,27.64,270,13282.0, 87.62,2026-06-03
ORCHASP, EQ, 03-Jun-2026,1.95,1.95,1.98,1.92,1.97,1.95,1.95,238849,4.66,225,218088.0, 91.31,2026-06-03
ORCHPHARMA, EQ, 03-Jun-2026,824.8,822.25,852.5,817.75,830.85,836.85,841.51,248298,2089.45,9926,85075.0, 34.26,2026-06-03
ORIANA, SM, 03-Jun-2026,1695.55,1682.0,1713.95,1660.5,1680.0,1680.75,1680.29,43950,738.49,448,28875.0, 65.70,2026-06-03
ORICONENT, EQ, 03-Jun-2026,61.6,60.68,62.79,59.72,60.54,60.27,60.43,71206,43.03,876,39253.0, 55.13,2026-06-03
ORIENTALTL, EQ, 03-Jun-2026,6.32,6.45,6.45,6.32,6.39,6.37,6.38,51532,3.29,171,45340.0, 87.98,2026-06-03
ORIENTBELL, EQ, 03-Jun-2026,334.5,337.1,337.95,326.6,329.0,332.05,333.08,5482,18.26,318,3941.0, 71.89,2026-06-03
ORIENTCEM, EQ, 03-Jun-2026,137.56,137.56,137.7,134.81,135.16,135.11,135.54,194306,263.36,2423,111670.0, 57.47,2026-06-03
ORIENTCER, EQ, 03-Jun-2026,40.68,41.5,41.5,39.71,40.0,39.93,40.19,35207,14.15,423,28162.0, 79.99,2026-06-03
ORIENTELEC, EQ, 03-Jun-2026,183.07,185.0,185.26,180.31,181.5,181.58,181.9,69721,126.82,2445,27177.0, 38.98,2026-06-03
ORIENTHOT, EQ, 03-Jun-2026,99.78,99.7,102.19,98.56,101.0,101.08,100.93,207710,209.64,1802,107895.0, 51.95,2026-06-03
ORIENTLTD, EQ, 03-Jun-2026,61.48,66.8,66.8,58.0,59.4,58.89,60.57,15448,9.36,334,9803.0, 63.46,2026-06-03
ORIENTPPR, EQ, 03-Jun-2026,17.89,17.99,17.99,17.5,17.7,17.7,17.69,122832,21.73,721,71016.0, 57.82,2026-06-03
ORIENTTECH, EQ, 03-Jun-2026,269.25,268.95,269.2,263.1,265.6,265.35,265.28,93783,248.79,2750,41105.0, 43.83,2026-06-03
ORISSAMINE, EQ, 03-Jun-2026,4066.6,4051.2,4103.6,3979.6,4055.0,4036.3,4034.71,6633,267.62,1421,2470.0, 37.24,2026-06-03
ORKLAINDIA, EQ, 03-Jun-2026,619.6,619.6,624.85,613.55,620.0,619.3,619.5,20775,128.7,1265,13584.0, 65.39,2026-06-03
ORTEL, BZ, 03-Jun-2026,1.6,1.68,1.68,1.6,1.6,1.6,1.62,97,0.0,6,, -,2026-06-03
ORTINGLOBE, EQ, 03-Jun-2026,15.74,16.5,16.52,14.96,15.97,15.69,15.38,35223,5.42,104,27313.0, 77.54,2026-06-03
OSELDEVICE, SM, 03-Jun-2026,471.7,480.95,512.9,477.1,506.2,502.75,497.43,43400,215.88,194,29600.0, 68.20,2026-06-03
OSIAHYPER, BE, 03-Jun-2026,3.51,3.67,3.67,3.37,3.63,3.62,3.54,1337512,47.4,999,, -,2026-06-03
OSWALAGRO, BE, 03-Jun-2026,43.1,42.9,42.97,42.0,42.72,42.47,42.43,12832,5.45,103,, -,2026-06-03
OSWALGREEN, EQ, 03-Jun-2026,24.07,24.38,24.38,23.45,23.8,23.83,23.77,72067,17.13,742,39352.0, 54.60,2026-06-03
OSWALPUMPS, EQ, 03-Jun-2026,363.65,365.0,381.8,356.0,381.8,379.4,371.7,632340,2350.41,9848,319579.0, 50.54,2026-06-03
OSWALSEEDS, EQ, 03-Jun-2026,11.05,11.2,11.2,10.82,11.15,11.13,11.04,22674,2.5,124,20067.0, 88.50,2026-06-03
OWAIS, SM, 03-Jun-2026,115.95,110.2,110.2,110.2,110.2,110.2,110.2,12200,13.44,60,12200.0, 100.00,2026-06-03
PACEDIGITK, EQ, 03-Jun-2026,192.73,193.9,193.9,187.2,191.28,191.04,190.65,1179371,2248.44,12572,426337.0, 36.15,2026-06-03
PAGEIND, EQ, 03-Jun-2026,37365.0,37220.0,37820.0,37140.0,37600.0,37565.0,37556.81,10391,3902.53,5303,3921.0, 37.73,2026-06-03
PAISALO, EQ, 03-Jun-2026,52.69,52.7,54.94,51.16,53.93,53.92,53.26,15717266,8371.16,21058,7309969.0, 46.51,2026-06-03
PAKKA, EQ, 03-Jun-2026,87.73,87.01,88.67,83.0,83.0,83.27,84.86,139252,118.16,2042,82960.0, 59.58,2026-06-03
PALASHSECU, EQ, 03-Jun-2026,96.07,99.8,99.8,98.78,99.64,99.21,99.5,59,0.06,6,34.0, 57.63,2026-06-03
PALREDTEC, BE, 03-Jun-2026,47.7,48.0,48.6,45.86,48.0,48.0,47.46,2577,1.22,20,, -,2026-06-03
PANACEABIO, EQ, 03-Jun-2026,430.6,426.0,437.5,423.7,434.2,433.6,432.92,142116,615.25,3926,74523.0, 52.44,2026-06-03
PANACHE, EQ, 03-Jun-2026,362.7,359.0,359.0,344.6,344.6,344.6,348.55,11703,40.79,260,8420.0, 71.95,2026-06-03
PANAMAPET, EQ, 03-Jun-2026,315.55,317.9,340.5,311.4,337.05,337.8,327.85,319477,1047.42,7308,158388.0, 49.58,2026-06-03
PANSARI, EQ, 03-Jun-2026,274.8,283.95,300.0,270.05,277.1,277.15,287.73,38411,110.52,779,2902.0, 7.56,2026-06-03
PAR, EQ, 03-Jun-2026,89.47,89.21,89.69,86.43,87.35,87.79,87.57,5479,4.8,109,3375.0, 61.60,2026-06-03
PARACABLES, EQ, 03-Jun-2026,65.9,66.0,66.93,62.62,64.0,64.25,64.61,3240166,2093.4,14114,1264105.0, 39.01,2026-06-03
PARADEEP, EQ, 03-Jun-2026,124.29,124.34,126.99,122.5,126.3,126.27,124.9,2388139,2982.78,18981,762951.0, 31.95,2026-06-03
PARAGMILK, EQ, 03-Jun-2026,241.08,242.0,246.59,236.75,243.67,243.97,242.44,1757496,4260.88,19681,844467.0, 48.05,2026-06-03
PARAGON, SM, 03-Jun-2026,51.0,50.0,50.0,48.0,48.5,48.5,48.69,10800,5.26,7,9600.0, 88.89,2026-06-03
PARAMATRIX, SM, 03-Jun-2026,64.0,63.75,63.75,63.75,63.75,63.75,63.75,1200,0.77,1,1200.0, 100.00,2026-06-03
PARAS, EQ, 03-Jun-2026,853.7,860.7,864.15,825.05,838.9,839.35,838.38,1214263,10180.18,34181,341186.0, 28.10,2026-06-03
PARASPETRO, EQ, 03-Jun-2026,1.98,2.04,2.04,1.97,1.98,1.97,1.99,57612,1.14,204,53735.0, 93.27,2026-06-03
PARIN, SM, 03-Jun-2026,697.15,690.0,711.0,676.0,699.0,697.1,696.72,39250,273.46,120,8750.0, 22.29,2026-06-03
PARKHOSPS, EQ, 03-Jun-2026,282.65,284.6,288.8,278.1,286.0,287.15,283.17,384738,1089.46,9901,143473.0, 37.29,2026-06-03
PARKHOTELS, EQ, 03-Jun-2026,116.4,116.95,116.95,114.22,116.0,115.15,115.19,84812,97.7,2425,40655.0, 47.94,2026-06-03
PARSVNATH, BE, 03-Jun-2026,3.86,3.79,3.79,3.79,3.79,3.79,3.79,102756,3.89,164,, -,2026-06-03
PARTH, ST, 03-Jun-2026,440.2,429.1,439.95,429.05,431.0,431.0,432.2,5600,24.2,13,4800.0, 85.71,2026-06-03
PARTYCRUS, SM, 03-Jun-2026,96.9,97.9,99.0,95.0,97.0,95.65,95.92,19000,18.23,18,16000.0, 84.21,2026-06-03
PASHUPATI, EQ, 03-Jun-2026,93.47,93.99,94.5,92.0,92.23,93.46,93.23,14001,13.05,745,6446.0, 46.04,2026-06-03
PASUPTAC, EQ, 03-Jun-2026,68.09,68.15,69.5,66.05,66.85,67.29,67.54,483957,326.84,5900,222827.0, 46.04,2026-06-03
PATANJALI, EQ, 03-Jun-2026,451.55,451.0,451.75,430.35,440.0,441.65,440.6,6827656,30082.72,48637,2354876.0, 34.49,2026-06-03
PATELENG, EQ, 03-Jun-2026,26.25,26.26,26.49,25.82,26.28,26.31,26.13,2598512,678.86,8642,1249935.0, 48.10,2026-06-03
PATELRMART, EQ, 03-Jun-2026,182.53,180.71,188.0,179.0,187.0,185.78,183.88,54971,101.08,871,37409.0, 68.05,2026-06-03
PATILAUTOM, ST, 03-Jun-2026,188.1,190.0,190.0,183.0,183.0,183.9,188.66,27000,50.94,42,25800.0, 95.56,2026-06-03
PATINTLOG, EQ, 03-Jun-2026,13.62,13.62,13.79,13.5,13.64,13.54,13.55,94373,12.79,235,67508.0, 71.53,2026-06-03
PAUSHAKLTD, EQ, 03-Jun-2026,450.75,445.0,510.0,445.0,492.0,496.15,487.39,81079,395.17,4646,37782.0, 46.60,2026-06-03
PAVNAIND, BE, 03-Jun-2026,16.77,16.65,16.65,16.25,16.4,16.4,16.41,31337,5.14,204,, -,2026-06-03
PAYTM, EQ, 03-Jun-2026,1070.9,1071.5,1074.9,1036.2,1062.9,1062.7,1054.24,2111502,22260.3,53714,617646.0, 29.25,2026-06-03
PCBL, EQ, 03-Jun-2026,291.25,292.9,293.65,285.35,289.3,290.9,288.71,912821,2635.39,18678,204405.0, 22.39,2026-06-03
PCCL, SM, 03-Jun-2026,290.95,309.0,312.0,297.4,302.0,302.0,302.65,46400,140.43,69,38400.0, 82.76,2026-06-03
PCJEWELLER, EQ, 03-Jun-2026,9.26,9.26,9.26,9.02,9.13,9.11,9.11,33088929,3014.32,18375,12637736.0, 38.19,2026-06-03
PDMJEPAPER, EQ, 03-Jun-2026,84.41,85.48,85.48,83.1,83.95,83.77,83.69,36327,30.4,667,21086.0, 58.04,2026-06-03
PDSL, EQ, 03-Jun-2026,301.8,300.0,306.9,293.65,306.0,303.3,298.64,96337,287.7,2217,58025.0, 60.23,2026-06-03
PEARLPOLY, BE, 03-Jun-2026,18.59,18.4,19.19,17.81,19.19,19.05,18.67,2189,0.41,31,, -,2026-06-03
PELATRO, SM, 03-Jun-2026,261.5,261.5,261.5,260.0,260.0,260.0,260.5,900,2.34,3,600.0, 66.67,2026-06-03
PENIND, EQ, 03-Jun-2026,160.22,161.0,161.24,156.55,159.49,159.12,158.37,309056,489.46,5404,124121.0, 40.16,2026-06-03
PENINLAND, BE, 03-Jun-2026,16.42,16.73,16.73,16.01,16.01,16.07,16.22,76377,12.38,227,, -,2026-06-03
PENTAGON, SM, 03-Jun-2026,57.2,56.5,56.5,56.5,56.5,56.5,56.5,1000,0.57,1,1000.0, 100.00,2026-06-03
PERSISTENT, EQ, 03-Jun-2026,5470.5,5380.0,5380.0,5076.0,5080.0,5097.5,5173.09,768497,39755.03,93273,276477.0, 35.98,2026-06-03
PETRONET, EQ, 03-Jun-2026,269.0,269.8,272.75,266.55,270.25,269.95,269.67,1870667,5044.6,21379,1065924.0, 56.98,2026-06-03
PFC, EQ, 03-Jun-2026,413.05,413.0,418.55,408.45,418.0,416.6,413.47,5373519,22217.91,53168,2962314.0, 55.13,2026-06-03
PFIZER, EQ, 03-Jun-2026,4514.5,4501.6,4510.4,4449.2,4472.0,4465.5,4478.28,18017,806.85,3686,12422.0, 68.95,2026-06-03
PFOCUS, BE, 03-Jun-2026,228.51,231.95,233.0,222.5,224.0,224.21,225.82,129324,292.04,2103,, -,2026-06-03
PFS, EQ, 03-Jun-2026,30.74,30.61,30.89,30.56,30.68,30.78,30.65,317471,97.3,988,211830.0, 66.72,2026-06-03
PGEL, EQ, 03-Jun-2026,480.4,480.4,481.35,465.35,470.95,471.45,471.62,1861741,8780.27,32095,370837.0, 19.92,2026-06-03
PGHH, EQ, 03-Jun-2026,9384.5,9384.5,9400.0,9250.0,9349.5,9299.0,9294.33,5869,545.48,2230,3133.0, 53.38,2026-06-03
PGHL, EQ, 03-Jun-2026,6030.5,6000.0,6129.5,5993.5,6100.0,6108.5,6065.7,13938,845.44,3146,8598.0, 61.69,2026-06-03
PGIL, EQ, 03-Jun-2026,1645.1,1644.9,1646.3,1608.0,1645.0,1635.3,1624.61,22673,368.35,4850,9174.0, 40.46,2026-06-03
PGINVIT, IV, 03-Jun-2026,92.72,92.75,92.95,92.69,92.77,92.77,92.75,1291343,1197.73,7584,1131936.0, 87.66,2026-06-03
PHANTOMFX, SM, 03-Jun-2026,178.45,180.0,183.9,178.5,183.9,182.6,181.87,7500,13.64,22,6900.0, 92.00,2026-06-03
PHARMABEES, EQ, 03-Jun-2026,24.67,24.4,24.92,24.4,24.72,24.76,24.64,4249091,1047.13,9651,2483979.0, 58.46,2026-06-03
PHOENIXLTD, EQ, 03-Jun-2026,1706.8,1699.9,1721.5,1675.0,1714.4,1710.4,1698.05,280481,4762.72,20406,118058.0, 42.09,2026-06-03
PHOGLOBAL, SM, 03-Jun-2026,18.15,18.0,18.0,18.0,18.0,18.0,18.0,8000,1.44,4,8000.0, 100.00,2026-06-03
PICCADIL, EQ, 03-Jun-2026,586.8,586.8,586.8,575.0,579.8,578.45,578.7,106460,616.08,6518,50470.0, 47.41,2026-06-03
PIDILITIND, EQ, 03-Jun-2026,1454.6,1450.0,1473.2,1444.5,1469.0,1469.2,1463.22,836338,12237.45,25322,459093.0, 54.89,2026-06-03
PIGL, EQ, 03-Jun-2026,98.23,100.0,112.7,99.95,105.26,107.42,106.99,515267,551.3,7148,143958.0, 27.94,2026-06-03
PIIND, EQ, 03-Jun-2026,2739.8,2731.0,2755.2,2690.1,2741.0,2738.3,2723.2,305817,8328.0,13411,166014.0, 54.29,2026-06-03
PILANIINVS, EQ, 03-Jun-2026,4361.9,4401.2,4401.2,4285.2,4300.0,4322.5,4320.28,1692,73.1,427,870.0, 51.42,2026-06-03
PILITA, BE, 03-Jun-2026,8.33,8.02,8.5,7.96,8.01,8.09,8.08,52299,4.23,142,, -,2026-06-03
PINELABS, EQ, 03-Jun-2026,142.82,143.5,144.1,139.55,143.5,143.04,141.54,19663572,27831.74,163610,7960319.0, 40.48,2026-06-03
PIONEEREMB, EQ, 03-Jun-2026,24.61,25.3,25.5,23.81,24.44,24.44,24.17,32683,7.9,140,29373.0, 89.87,2026-06-03
PIONRINV, EQ, 03-Jun-2026,106.38,112.98,112.98,100.0,108.25,107.82,105.9,1648,1.75,118,1116.0, 67.72,2026-06-03
PIRAMALFIN, EQ, 03-Jun-2026,1908.3,1915.0,1940.0,1886.0,1933.0,1928.8,1906.8,217562,4148.47,25017,140582.0, 64.62,2026-06-03
PITTIENG, EQ, 03-Jun-2026,941.5,941.5,946.95,920.05,934.0,938.7,932.81,24956,232.79,1616,14479.0, 58.02,2026-06-03
PIXTRANS, EQ, 03-Jun-2026,1608.9,1598.0,1639.8,1581.1,1630.0,1632.5,1617.48,14541,235.2,1605,8972.0, 61.70,2026-06-03
PKTEA, EQ, 03-Jun-2026,780.1,780.1,790.0,778.1,783.75,783.75,780.11,209,1.63,19,205.0, 98.09,2026-06-03
PLADAINFO, SM, 03-Jun-2026,11.6,12.15,12.15,12.15,12.15,12.15,12.15,3000,0.36,1,3000.0, 100.00,2026-06-03
PLASTIBLEN, EQ, 03-Jun-2026,177.41,178.7,180.3,174.01,176.2,177.9,176.57,18052,31.87,604,8139.0, 45.09,2026-06-03
PLATIND, EQ, 03-Jun-2026,220.41,223.7,223.7,216.72,220.0,218.97,219.16,47259,103.57,1213,21409.0, 45.30,2026-06-03
PLAZACABLE, BE, 03-Jun-2026,47.88,47.7,48.11,46.0,46.77,46.91,46.7,59213,27.65,347,, -,2026-06-03
PML, EQ, 03-Jun-2026,519.85,520.0,520.0,503.1,510.0,511.55,512.76,520,2.67,73,361.0, 69.42,2026-06-03
PNB, EQ, 03-Jun-2026,104.09,104.01,106.11,102.9,105.8,105.8,104.44,15562385,16253.5,52776,5262801.0, 33.82,2026-06-03
PNBGILTS, EQ, 03-Jun-2026,79.23,78.53,90.9,77.01,83.8,86.02,86.06,23547795,20264.89,112994,1915488.0, 8.13,2026-06-03
PNBHOUSING, EQ, 03-Jun-2026,996.5,1006.0,1008.0,961.1,991.9,993.0,980.1,608418,5963.08,29047,218223.0, 35.87,2026-06-03
PNC, EQ, 03-Jun-2026,19.98,20.5,20.9,19.06,20.0,20.26,19.83,6771,1.34,319,4529.0, 66.89,2026-06-03
PNCINFRA, EQ, 03-Jun-2026,210.24,210.0,213.32,206.8,212.0,212.07,211.17,476699,1006.64,11466,145803.0, 30.59,2026-06-03
PNGJL, EQ, 03-Jun-2026,548.3,545.6,553.7,543.35,551.55,552.1,548.55,114455,627.85,2771,63678.0, 55.64,2026-06-03
PNGSREVA, EQ, 03-Jun-2026,376.25,375.0,378.45,373.0,375.0,375.6,375.41,86486,324.68,2579,61133.0, 70.69,2026-06-03
POCL, EQ, 03-Jun-2026,1337.4,1345.0,1365.0,1294.8,1317.0,1315.9,1327.09,350847,4656.05,14969,131546.0, 37.49,2026-06-03
PODDARMENT, EQ, 03-Jun-2026,249.3,247.0,258.9,244.0,258.9,255.2,250.7,2833,7.1,99,2177.0, 76.84,2026-06-03
POKARNA, EQ, 03-Jun-2026,830.3,830.3,834.65,810.0,826.0,824.2,821.07,30247,248.35,2048,14286.0, 47.23,2026-06-03
POLICYBZR, EQ, 03-Jun-2026,1644.2,1653.0,1661.4,1551.6,1580.0,1578.5,1584.13,3301345,52297.58,113849,1898703.0, 57.51,2026-06-03
POLYCAB, EQ, 03-Jun-2026,9531.5,9525.0,9640.0,9479.5,9585.0,9571.5,9559.6,162922,15574.7,30471,62934.0, 38.63,2026-06-03
POLYMED, EQ, 03-Jun-2026,1321.4,1321.4,1358.9,1311.0,1341.8,1339.2,1339.55,152398,2041.44,16073,69897.0, 45.86,2026-06-03
POLYPLEX, EQ, 03-Jun-2026,935.8,935.8,938.05,920.05,929.0,927.0,928.12,38042,353.08,1681,20317.0, 53.41,2026-06-03
POLYSIL, ST, 03-Jun-2026,142.5,136.0,145.0,136.0,145.0,145.0,139.17,1500,2.09,3,1500.0, 100.00,2026-06-03
PONNIERODE, EQ, 03-Jun-2026,307.15,310.0,312.0,304.1,307.05,306.45,306.99,6296,19.33,322,3200.0, 50.83,2026-06-03
POONAWALLA, EQ, 03-Jun-2026,397.8,399.7,403.3,388.8,399.0,399.3,396.64,1515836,6012.4,38711,728662.0, 48.07,2026-06-03
POSITRON, ST, 03-Jun-2026,189.65,188.0,190.2,188.0,190.15,190.2,189.62,4200,7.96,9,4200.0, 100.00,2026-06-03
POWERGRID, EQ, 03-Jun-2026,282.15,282.0,286.0,280.35,284.75,285.05,283.85,13002063,36905.74,101892,8054881.0, 61.95,2026-06-03
POWERICA, EQ, 03-Jun-2026,543.75,549.4,552.4,532.0,542.0,542.3,540.83,151018,816.75,7213,58649.0, 38.84,2026-06-03
POWERINDIA, EQ, 03-Jun-2026,35105.0,35350.0,36110.0,35010.0,35240.0,35190.0,35572.37,235330,83712.46,74702,86778.0, 36.88,2026-06-03
POWERMECH, EQ, 03-Jun-2026,2488.5,2488.5,2543.5,2468.4,2519.1,2524.8,2505.74,95784,2400.1,14439,25982.0, 27.13,2026-06-03
PPAP, EQ, 03-Jun-2026,206.52,206.5,215.8,205.0,215.8,213.41,209.46,11780,24.67,484,7507.0, 63.73,2026-06-03
PPL, EQ, 03-Jun-2026,203.37,203.37,204.78,196.0,198.9,198.59,199.24,66509,132.51,2097,29481.0, 44.33,2026-06-03
PPLPHARMA, EQ, 03-Jun-2026,166.92,168.0,169.3,164.71,166.99,167.01,166.92,2300391,3839.72,33772,486635.0, 21.15,2026-06-03
PRABHA, EQ, 03-Jun-2026,157.83,155.0,163.0,155.0,163.0,162.17,160.2,40316,64.59,685,22319.0, 55.36,2026-06-03
PRADPME, EQ, 03-Jun-2026,446.45,449.5,450.1,441.2,441.35,443.9,446.93,13059,58.36,707,9625.0, 73.70,2026-06-03
PRAENG, EQ, 03-Jun-2026,21.44,21.44,21.8,21.0,21.53,21.5,21.34,22528,4.81,135,19290.0, 85.63,2026-06-03
PRAJIND, EQ, 03-Jun-2026,348.55,349.5,350.75,340.2,344.1,344.55,343.2,548847,1883.63,14646,170243.0, 31.02,2026-06-03
PRAKASH, EQ, 03-Jun-2026,147.25,148.55,148.8,144.03,144.4,145.75,145.87,209152,305.08,2545,92419.0, 44.19,2026-06-03
PRAKASHSTL, EQ, 03-Jun-2026,4.35,4.44,4.5,4.28,4.35,4.32,4.35,133367,5.8,274,93574.0, 70.16,2026-06-03
PRAMARA, SM, 03-Jun-2026,129.8,136.25,136.25,132.0,136.25,136.25,135.29,81500,110.26,61,62500.0, 76.69,2026-06-03
PRATHAM, SM, 03-Jun-2026,129.95,130.0,130.9,128.1,130.9,130.9,129.35,2400,3.1,5,2000.0, 83.33,2026-06-03
PRAVEG, EQ, 03-Jun-2026,241.6,242.0,245.9,230.35,231.6,231.65,235.98,65714,155.07,1851,38193.0, 58.12,2026-06-03
PRAXIS, BE, 03-Jun-2026,6.59,6.59,6.79,6.55,6.69,6.69,6.62,35522,2.35,73,, -,2026-06-03
PRECAM, EQ, 03-Jun-2026,150.32,150.05,150.51,147.0,148.11,149.14,148.75,142351,211.74,2333,62696.0, 44.04,2026-06-03
PRECISION, SM, 03-Jun-2026,8.0,8.0,8.05,8.0,8.05,8.05,8.02,6000,0.48,3,6000.0, 100.00,2026-06-03
PRECOT, EQ, 03-Jun-2026,766.7,769.7,769.7,728.4,728.5,733.55,744.72,5878,43.77,273,4462.0, 75.91,2026-06-03
PRECWIRE, EQ, 03-Jun-2026,428.45,429.85,439.0,427.75,437.0,436.7,434.53,305731,1328.49,12690,114619.0, 37.49,2026-06-03
PREMCO, EQ, 03-Jun-2026,370.4,381.95,381.95,370.0,374.05,379.0,375.26,130,0.49,31,110.0, 84.62,2026-06-03
PREMEXPLN, EQ, 03-Jun-2026,651.85,655.0,670.0,630.0,662.0,654.55,646.23,463987,2998.43,9793,184020.0, 39.66,2026-06-03
PREMIER, BE, 03-Jun-2026,2.93,2.94,2.94,2.88,2.91,2.91,2.91,9502,0.28,32,, -,2026-06-03
PREMIERENE, EQ, 03-Jun-2026,1074.4,1075.7,1095.7,1063.0,1084.5,1089.0,1080.69,2316777,25037.18,60271,858418.0, 37.05,2026-06-03
PREMIERPOL, BE, 03-Jun-2026,55.85,55.75,55.9,55.0,55.35,55.4,55.42,37335,20.69,200,, -,2026-06-03
PREMIUM, SM, 03-Jun-2026,36.45,36.45,37.95,36.0,37.7,37.7,36.82,15000,5.52,5,12000.0, 80.00,2026-06-03
PRESSTONIC, SM, 03-Jun-2026,32.95,33.85,34.0,33.85,34.0,34.0,33.95,13600,4.62,12,12800.0, 94.12,2026-06-03
PRESTIGE, EQ, 03-Jun-2026,1395.0,1399.0,1399.0,1336.2,1343.3,1345.6,1348.65,630966,8509.51,24734,311145.0, 49.31,2026-06-03
PRICOLLTD, EQ, 03-Jun-2026,565.85,565.65,572.8,559.5,568.2,571.15,566.97,203071,1151.34,11140,92893.0, 45.74,2026-06-03
PRIMECAB, ST, 03-Jun-2026,107.9,112.0,113.25,110.6,112.5,112.1,112.68,41600,46.87,26,41600.0, 100.00,2026-06-03
PRIMESECU, EQ, 03-Jun-2026,278.65,280.55,280.55,273.15,275.0,276.6,276.22,34044,94.04,462,28734.0, 84.40,2026-06-03
PRIMO, EQ, 03-Jun-2026,22.75,23.0,23.0,21.92,22.43,22.13,22.05,122700,27.05,488,61565.0, 50.18,2026-06-03
PRINCEPIPE, EQ, 03-Jun-2026,272.75,274.6,280.8,267.9,275.0,273.25,273.25,709902,1939.84,13384,238762.0, 33.63,2026-06-03
PRITI, EQ, 03-Jun-2026,42.21,40.5,43.27,40.5,41.8,41.89,41.97,8781,3.69,133,6151.0, 70.05,2026-06-03
PRITIKAUTO, EQ, 03-Jun-2026,13.56,13.7,13.7,13.33,13.49,13.45,13.46,90742,12.21,527,70829.0, 78.06,2026-06-03
PRIVISCL, EQ, 03-Jun-2026,3284.4,3298.0,3347.0,3239.0,3250.0,3256.4,3300.05,59866,1975.61,12518,31289.0, 52.27,2026-06-03
PRIZOR, ST, 03-Jun-2026,726.2,762.5,762.5,731.6,762.5,762.5,761.23,76000,578.54,143,69600.0, 91.58,2026-06-03
PRLIND, SM, 03-Jun-2026,50.05,50.0,50.0,47.95,48.5,48.7,48.6,57000,27.7,41,41000.0, 71.93,2026-06-03
PROFX, SM, 03-Jun-2026,86.5,85.0,85.7,85.0,85.65,85.65,85.46,6400,5.47,4,6400.0, 100.00,2026-06-03
PROLIFE, SM, 03-Jun-2026,59.85,62.8,62.8,62.8,62.8,62.8,62.8,1500,0.94,3,1500.0, 100.00,2026-06-03
PROPEQUITY, SM, 03-Jun-2026,215.0,225.0,225.0,200.0,220.0,220.0,209.36,21000,43.97,32,14400.0, 68.57,2026-06-03
PROSTARM, EQ, 03-Jun-2026,137.88,138.8,142.9,137.44,137.55,137.93,138.38,156760,216.92,2238,72950.0, 46.54,2026-06-03
PROTEAN, EQ, 03-Jun-2026,599.25,599.25,603.0,577.35,587.8,590.8,587.0,304299,1786.25,10251,125575.0, 41.27,2026-06-03
PROZONER, EQ, 03-Jun-2026,50.75,51.51,52.0,49.54,51.99,51.51,50.9,187618,95.5,1533,85903.0, 45.79,2026-06-03
PRSMJOHNSN, EQ, 03-Jun-2026,121.28,121.5,121.92,117.65,119.15,118.81,118.66,396987,471.07,12389,216078.0, 54.43,2026-06-03
PRUDENT, EQ, 03-Jun-2026,2708.2,2717.2,2717.2,2627.4,2650.0,2650.5,2651.2,55538,1472.43,2453,47699.0, 85.89,2026-06-03
PRUDMOULI, EQ, 03-Jun-2026,15.93,16.4,16.4,15.14,15.2,15.41,15.38,9433,1.45,50,3175.0, 33.66,2026-06-03
PSB, EQ, 03-Jun-2026,23.68,23.68,23.7,23.33,23.44,23.41,23.43,1487512,348.54,3596,868455.0, 58.38,2026-06-03
PSFL, SM, 03-Jun-2026,29.0,29.0,29.05,29.0,29.05,29.05,29.02,6000,1.74,3,6000.0, 100.00,2026-06-03
PSPPROJECT, EQ, 03-Jun-2026,842.65,849.7,852.4,808.05,819.0,820.05,819.45,189429,1552.27,6865,115275.0, 60.85,2026-06-03
PSRAJ, SM, 03-Jun-2026,407.0,390.0,405.0,390.0,405.0,393.0,391.35,8500,33.27,8,8500.0, 100.00,2026-06-03
PSUBANK, EQ, 03-Jun-2026,807.16,786.98,825.0,786.98,825.0,819.57,811.7,53749,436.28,942,31911.0, 59.37,2026-06-03
PSUBANKADD, EQ, 03-Jun-2026,81.21,81.1,83.03,80.33,82.84,82.67,81.21,65978,53.58,326,46776.0, 70.90,2026-06-03
PSUBNKBEES, EQ, 03-Jun-2026,90.11,92.3,92.3,89.04,91.8,91.62,90.77,2904231,2636.07,9179,1205348.0, 41.50,2026-06-03
PSUBNKIETF, EQ, 03-Jun-2026,82.0,79.95,83.61,79.95,83.0,83.36,82.07,293213,240.65,2024,103787.0, 35.40,2026-06-03
PTC, EQ, 03-Jun-2026,188.46,188.46,188.65,184.01,185.0,185.2,185.4,645421,1196.61,9008,327956.0, 50.81,2026-06-03
PTCIL, EQ, 03-Jun-2026,19380.0,19379.0,19851.0,18700.0,18900.0,18919.0,19159.16,56063,10741.2,19363,13092.0, 23.35,2026-06-03
PTL, EQ, 03-Jun-2026,38.9,39.0,40.49,38.15,40.15,39.83,39.59,55145,21.83,656,44577.0, 80.84,2026-06-03
PULZ, SM, 03-Jun-2026,22.45,23.0,23.0,23.0,23.0,23.0,23.0,2000,0.46,1,2000.0, 100.00,2026-06-03
PUNJABCHEM, EQ, 03-Jun-2026,955.6,965.0,975.0,951.1,959.9,964.2,962.07,18388,176.9,944,13541.0, 73.64,2026-06-03
PURPLEUTED, SM, 03-Jun-2026,378.3,378.3,378.3,359.4,359.4,359.55,360.28,62000,223.37,119,48000.0, 77.42,2026-06-03
PURVA, EQ, 03-Jun-2026,215.11,216.99,216.99,210.1,212.0,212.86,212.77,86540,184.13,2187,38814.0, 44.85,2026-06-03
PURVFLEXI, ST, 03-Jun-2026,52.0,52.0,53.8,52.0,52.0,52.0,52.36,4000,2.09,4,3200.0, 80.00,2026-06-03
PUSHPA, SM, 03-Jun-2026,116.2,116.2,119.85,116.2,119.0,118.95,119.61,48000,57.41,8,48000.0, 100.00,2026-06-03
PVP, EQ, 03-Jun-2026,29.75,30.0,30.8,28.88,29.85,30.1,29.82,932785,278.19,3878,386670.0, 41.45,2026-06-03
PVRINOX, EQ, 03-Jun-2026,986.85,985.2,985.8,965.05,978.0,978.9,976.14,111783,1091.16,8237,57327.0, 51.28,2026-06-03
PVSL, EQ, 03-Jun-2026,98.82,98.53,101.35,96.31,98.0,97.88,97.66,30999,30.27,686,21638.0, 69.80,2026-06-03
PVTBANIETF, EQ, 03-Jun-2026,26.23,26.21,26.45,25.93,26.45,26.37,26.17,1598879,418.37,1591,1180767.0, 73.85,2026-06-03
PVTBANKADD, EQ, 03-Jun-2026,26.34,26.35,26.75,26.06,26.32,26.5,26.35,682147,179.77,1085,666009.0, 97.63,2026-06-03
PVTBKGROWW, EQ, 03-Jun-2026,26.11,26.42,26.87,25.67,26.38,26.24,25.93,17322,4.49,250,10425.0, 60.18,2026-06-03
PWL, EQ, 03-Jun-2026,96.79,96.99,96.99,91.01,91.51,92.04,92.33,7758600,7163.22,43968,2329904.0, 30.03,2026-06-03
PYRAMID, EQ, 03-Jun-2026,164.65,162.0,165.0,161.28,165.0,164.66,163.51,22849,37.36,1247,9378.0, 41.04,2026-06-03
QGOLDHALF, EQ, 03-Jun-2026,128.81,132.03,132.03,127.62,128.0,127.99,128.0,121248,155.19,686,98751.0, 81.45,2026-06-03
QLINE, ST, 03-Jun-2026,468.5,469.85,476.0,454.0,462.75,460.65,466.45,180800,843.34,333,155200.0, 85.84,2026-06-03
QMSMEDI, SM, 03-Jun-2026,85.0,84.0,85.25,83.0,85.25,85.05,84.99,54000,45.9,14,53000.0, 98.15,2026-06-03
QNIFTY, EQ, 03-Jun-2026,257.69,257.0,257.7,254.2,256.6,256.73,255.97,5567,14.25,106,4272.0, 76.74,2026-06-03
QPOWER, BE, 03-Jun-2026,1040.5,1040.5,1062.0,1013.0,1043.0,1041.2,1032.06,179477,1852.3,6826,, -,2026-06-03
QUADFUTURE, EQ, 03-Jun-2026,320.0,322.55,326.1,313.95,322.0,321.05,319.69,449247,1436.19,9029,100390.0, 22.35,2026-06-03
QUADPRO, SM, 03-Jun-2026,2.1,2.2,2.2,2.1,2.1,2.1,2.15,24000,0.52,2,24000.0, 100.00,2026-06-03
QUAL30IETF, EQ, 03-Jun-2026,20.87,20.87,20.88,20.48,20.88,20.61,20.59,101410,20.88,334,74612.0, 73.57,2026-06-03
QUALITY30, EQ, 03-Jun-2026,20.5,20.45,20.45,20.08,20.19,20.18,20.2,28763,5.81,69,21274.0, 73.96,2026-06-03
QUESS, EQ, 03-Jun-2026,212.88,212.8,212.9,207.95,210.65,211.12,210.54,245642,517.17,4625,172085.0, 70.06,2026-06-03
QUESTLAB, SM, 03-Jun-2026,101.1,100.6,102.5,100.1,102.5,100.85,100.86,6000,6.05,4,6000.0, 100.00,2026-06-03
QUICKHEAL, EQ, 03-Jun-2026,191.91,190.51,191.94,178.0,181.68,181.71,183.38,710016,1302.04,10365,261236.0, 36.79,2026-06-03
QUICKTOUCH, SM, 03-Jun-2026,25.0,25.05,26.2,24.15,24.15,24.15,25.4,2000,0.51,4,1000.0, 50.00,2026-06-03
QUINT, EQ, 03-Jun-2026,39.88,40.0,40.0,39.87,39.9,39.9,39.92,409,0.16,12,409.0, 100.00,2026-06-03
QVCEL, SM, 03-Jun-2026,24.75,25.7,25.7,23.85,23.85,23.85,24.78,3200,0.79,2,3200.0, 100.00,2026-06-03
RACE, BE, 03-Jun-2026,114.33,116.0,116.0,113.6,114.0,114.0,114.68,1146,1.31,37,, -,2026-06-03
RACLGEAR, EQ, 03-Jun-2026,1255.1,1260.0,1285.9,1251.6,1276.4,1276.1,1271.52,11452,145.61,1245,5417.0, 47.30,2026-06-03
RADAAN, EQ, 03-Jun-2026,3.14,3.15,3.17,3.03,3.06,3.07,3.09,11251,0.35,92,8784.0, 78.07,2026-06-03
RADHIKAJWE, EQ, 03-Jun-2026,56.91,57.0,58.3,55.4,57.65,57.58,56.72,190150,107.85,2167,87258.0, 45.89,2026-06-03
RADIANTCMS, EQ, 03-Jun-2026,38.4,38.25,38.46,37.46,38.03,38.09,37.9,189505,71.82,1740,105470.0, 55.66,2026-06-03
RADICO, EQ, 03-Jun-2026,3487.5,3485.0,3509.6,3451.0,3468.0,3464.1,3479.94,159441,5548.46,29846,85402.0, 53.56,2026-06-03
RADIOCITY, EQ, 03-Jun-2026,6.1,6.19,6.2,5.96,6.11,6.1,6.1,38426,2.35,108,33223.0, 86.46,2026-06-03
RAILTEL, EQ, 03-Jun-2026,316.0,316.0,319.25,309.2,318.5,317.3,314.35,652085,2049.83,13184,219751.0, 33.70,2026-06-03
RAIN, EQ, 03-Jun-2026,197.9,198.99,207.3,197.52,200.65,200.47,202.64,12216194,24755.04,83348,2955478.0, 24.19,2026-06-03
RAINBOW, EQ, 03-Jun-2026,1341.4,1340.0,1364.9,1311.0,1359.0,1354.2,1337.16,68546,916.57,7702,35090.0, 51.19,2026-06-03
RAJESHEXPO, BZ, 03-Jun-2026,106.8,102.5,110.4,102.5,109.99,109.38,105.3,198748,209.29,2443,, -,2026-06-03
RAJINDLTD, SM, 03-Jun-2026,78.0,77.0,77.0,74.0,75.95,75.1,75.06,10500,7.88,7,7500.0, 71.43,2026-06-03
RAJMET, EQ, 03-Jun-2026,3.85,3.85,3.9,3.78,3.89,3.88,3.84,525255,20.18,673,359828.0, 68.51,2026-06-03
RAJOOENG, EQ, 03-Jun-2026,54.45,55.27,56.57,54.01,54.5,54.93,55.51,343876,190.88,3199,104318.0, 30.34,2026-06-03
RAJPALAYAM, EQ, 03-Jun-2026,848.85,857.9,857.9,831.25,840.0,840.45,841.87,2252,18.96,244,1678.0, 74.51,2026-06-03
RAJPUTANA, SM, 03-Jun-2026,220.0,220.0,220.0,220.0,220.0,220.0,220.0,2000,4.4,4,2000.0, 100.00,2026-06-03
RAJRATAN, EQ, 03-Jun-2026,415.3,411.15,419.3,406.2,410.3,412.65,414.56,24070,99.79,1807,12673.0, 52.65,2026-06-03
RAJRILTD, BE, 03-Jun-2026,20.25,20.64,20.65,19.86,20.13,20.24,20.53,7112,1.46,96,, -,2026-06-03
RAJSREESUG, EQ, 03-Jun-2026,34.57,34.57,34.77,32.99,33.55,33.78,34.0,62267,21.17,517,35500.0, 57.01,2026-06-03
RAJTV, EQ, 03-Jun-2026,15.45,15.83,15.83,14.68,14.68,14.68,14.82,136789,20.28,416,113055.0, 82.65,2026-06-03
RALLIS, EQ, 03-Jun-2026,237.9,237.92,240.0,234.1,237.1,237.14,236.74,466476,1104.34,14264,220351.0, 47.24,2026-06-03
RAMANEWS, EQ, 03-Jun-2026,29.49,29.55,29.8,28.97,29.4,29.05,29.16,28810,8.4,115,23998.0, 83.30,2026-06-03
RAMAPHO, EQ, 03-Jun-2026,120.1,120.11,122.19,118.05,118.6,119.07,119.32,23007,27.45,563,14918.0, 64.84,2026-06-03
RAMASTEEL, EQ, 03-Jun-2026,5.33,5.3,5.33,5.25,5.3,5.29,5.28,2497763,131.77,3883,1548620.0, 62.00,2026-06-03
RAMCOCEM, EQ, 03-Jun-2026,871.4,871.4,875.95,852.0,858.0,859.85,859.14,103844,892.16,7310,57255.0, 55.14,2026-06-03
RAMCOIND, EQ, 03-Jun-2026,291.35,294.1,307.4,288.85,304.0,303.15,298.76,119090,355.79,3023,60355.0, 50.68,2026-06-03
RAMCOSYS, EQ, 03-Jun-2026,461.05,461.0,461.0,441.65,448.95,448.05,448.7,76012,341.06,3235,28205.0, 37.11,2026-06-03
RAMKY, EQ, 03-Jun-2026,440.5,445.0,450.0,430.1,436.0,435.15,435.82,37566,163.72,1401,19635.0, 52.27,2026-06-03
RAMRAT, EQ, 03-Jun-2026,395.9,398.9,402.8,388.8,401.0,400.15,395.89,197317,781.16,7390,80392.0, 40.74,2026-06-03
RANASUG, EQ, 03-Jun-2026,12.35,12.35,12.52,12.21,12.4,12.38,12.34,120632,14.89,435,78809.0, 65.33,2026-06-03
RANEHOLDIN, EQ, 03-Jun-2026,1462.0,1474.5,1511.0,1445.6,1490.1,1483.8,1473.38,9023,132.94,1141,4982.0, 55.21,2026-06-03
RAPPID, SM, 03-Jun-2026,222.5,222.5,222.5,213.0,218.0,216.65,215.85,9000,19.43,14,6600.0, 73.33,2026-06-03
RATEGAIN, EQ, 03-Jun-2026,774.8,774.8,774.8,752.2,765.1,765.25,763.57,213632,1631.24,9028,90106.0, 42.18,2026-06-03
RATNAMANI, EQ, 03-Jun-2026,2543.8,2543.8,2580.0,2522.0,2578.0,2568.2,2562.74,18738,480.21,2735,9783.0, 52.21,2026-06-03
RATNAVEER, EQ, 03-Jun-2026,171.52,171.4,171.49,166.7,168.3,167.67,168.3,429548,722.91,4997,172806.0, 40.23,2026-06-03
RAYMOND, EQ, 03-Jun-2026,531.9,533.7,536.7,512.9,513.5,514.95,519.8,431005,2240.37,10379,152282.0, 35.33,2026-06-03
RAYMONDLSL, EQ, 03-Jun-2026,752.45,751.0,752.45,715.35,737.85,739.0,732.16,262686,1923.27,12685,113810.0, 43.33,2026-06-03
RAYMONDREL, EQ, 03-Jun-2026,581.1,580.6,610.0,562.5,592.0,594.25,592.42,815295,4829.98,20637,254842.0, 31.26,2026-06-03
RBA, EQ, 03-Jun-2026,68.74,68.74,68.74,67.5,68.04,68.01,67.9,1596517,1084.05,5853,1143529.0, 71.63,2026-06-03
RBLBANK, EQ, 03-Jun-2026,344.15,344.15,351.7,337.05,348.3,348.2,344.39,4863148,16748.43,38633,1947842.0, 40.05,2026-06-03
RBMINFRA, SM, 03-Jun-2026,287.75,293.9,324.9,284.0,299.95,304.65,305.45,97400,297.51,294,54200.0, 55.65,2026-06-03
RBZJEWEL, EQ, 03-Jun-2026,125.44,126.98,126.98,122.5,125.0,125.64,124.4,43564,54.2,1250,19840.0, 45.54,2026-06-03
RCDL, SM, 03-Jun-2026,24.0,24.95,27.45,24.3,27.45,27.3,26.01,30000,7.8,10,30000.0, 100.00,2026-06-03
RCF, EQ, 03-Jun-2026,126.99,127.13,128.9,124.63,127.5,128.12,127.02,1179199,1497.83,12858,296601.0, 25.15,2026-06-03
RCOM, BE, 03-Jun-2026,0.9,0.9,0.91,0.89,0.91,0.9,0.9,2292346,20.66,1340,, -,2026-06-03
READYMIX, SM, 03-Jun-2026,78.0,75.0,79.9,75.0,78.0,78.0,77.65,6000,4.66,6,5000.0, 83.33,2026-06-03
RECLTD, EQ, 03-Jun-2026,325.05,325.8,327.5,322.6,326.0,325.65,325.0,4526029,14709.64,40505,1945242.0, 42.98,2026-06-03
REDINGTON, EQ, 03-Jun-2026,238.75,239.85,244.0,236.43,242.3,242.25,240.4,4693025,11282.01,50184,1843349.0, 39.28,2026-06-03
REDTAPE, EQ, 03-Jun-2026,137.99,137.99,139.89,135.06,137.0,137.03,136.63,770730,1053.02,10350,405224.0, 52.58,2026-06-03
REFEX, EQ, 03-Jun-2026,316.95,317.3,318.6,310.1,314.55,314.6,313.99,739005,2320.38,11997,260270.0, 35.22,2026-06-03
REFRACTORY, SM, 03-Jun-2026,31.3,32.8,32.85,32.8,32.85,32.85,32.85,11000,3.61,11,8000.0, 72.73,2026-06-03
REGAAL, BE, 03-Jun-2026,84.85,84.85,87.9,83.0,85.5,85.49,85.92,130828,112.41,370,, -,2026-06-03
REGENCERAM, EQ, 03-Jun-2026,41.74,41.74,41.74,39.5,39.5,40.49,41.45,388,0.16,18,384.0, 98.97,2026-06-03
RELAXO, EQ, 03-Jun-2026,328.25,328.25,348.0,324.7,336.0,337.6,338.6,1207005,4086.97,37209,166863.0, 13.82,2026-06-03
RELCHEMQ, EQ, 03-Jun-2026,121.11,125.9,125.9,118.01,120.0,121.06,122.07,3557,4.34,69,2267.0, 63.73,2026-06-03
RELIABLE, EQ, 03-Jun-2026,137.74,138.14,139.33,133.25,137.0,137.52,136.62,28580,39.05,952,8475.0, 29.65,2026-06-03
RELIANCE, EQ, 03-Jun-2026,1314.6,1315.0,1324.0,1301.0,1312.6,1313.2,1309.61,20012293,262082.26,380780,10865825.0, 54.30,2026-06-03
RELIGARE, EQ, 03-Jun-2026,235.73,235.0,235.74,228.3,231.52,232.79,231.31,562929,1302.12,9479,260840.0, 46.34,2026-06-03
RELINFRA, BE, 03-Jun-2026,70.64,74.17,74.17,74.17,74.17,74.17,74.17,129896,96.34,724,, -,2026-06-03
RELTD, EQ, 03-Jun-2026,124.31,124.0,125.78,119.89,123.62,123.35,121.96,651255,794.3,4201,425499.0, 65.34,2026-06-03
REMSONSIND, EQ, 03-Jun-2026,89.05,89.0,89.64,85.1,85.5,86.19,86.84,125085,108.62,2490,71737.0, 57.35,2026-06-03
REMUS, SM, 03-Jun-2026,715.0,720.0,735.0,700.05,725.0,728.75,715.14,1800,12.87,15,1500.0, 83.33,2026-06-03
RENUKA, EQ, 03-Jun-2026,22.21,22.25,22.4,21.05,21.49,21.49,21.49,12752617,2739.99,19935,5928286.0, 46.49,2026-06-03
REPCOHOME, EQ, 03-Jun-2026,373.8,373.7,374.85,366.5,369.85,369.1,370.43,96717,358.27,5178,55817.0, 57.71,2026-06-03
REPL, EQ, 03-Jun-2026,67.16,64.01,66.99,63.87,66.6,65.16,64.72,10086,6.53,154,7352.0, 72.89,2026-06-03
REPRO, EQ, 03-Jun-2026,346.75,347.3,362.75,340.1,361.0,360.75,350.46,23648,82.88,1011,13374.0, 56.55,2026-06-03
RESPONIND, EQ, 03-Jun-2026,189.39,189.95,194.45,185.0,192.7,192.42,188.71,167876,316.79,3979,93505.0, 55.70,2026-06-03
RETAIL, EQ, 03-Jun-2026,20.32,20.33,21.98,20.33,21.3,21.21,20.93,1850,0.39,41,1360.0, 73.51,2026-06-03
REXPRO, SM, 03-Jun-2026,39.85,39.0,39.0,39.0,39.0,39.0,39.0,2000,0.78,2,2000.0, 100.00,2026-06-03
RFBL, SM, 03-Jun-2026,63.2,66.0,72.0,66.0,68.05,68.25,68.59,450000,308.67,127,285000.0, 63.33,2026-06-03
RGL, EQ, 03-Jun-2026,103.54,102.92,103.55,101.15,102.09,103.13,102.32,236015,241.48,2076,99234.0, 42.05,2026-06-03
RHETAN, EQ, 03-Jun-2026,30.34,30.15,30.53,29.96,30.42,30.41,30.26,6152770,1862.11,2244,2636754.0, 42.85,2026-06-03
RHFL, BZ, 03-Jun-2026,2.16,2.18,2.19,2.14,2.17,2.16,2.16,385262,8.32,700,, -,2026-06-03
RHIM, EQ, 03-Jun-2026,344.65,342.05,380.0,342.05,376.95,377.45,371.91,7688522,28594.71,110524,440711.0, 5.73,2026-06-03
RHL, EQ, 03-Jun-2026,183.16,182.09,184.16,180.25,180.25,181.96,181.73,1983,3.6,28,1369.0, 69.04,2026-06-03
RICHA, SM, 03-Jun-2026,90.0,86.05,90.0,85.9,90.0,90.0,87.59,5000,4.38,5,4000.0, 80.00,2026-06-03
RICOAUTO, EQ, 03-Jun-2026,114.46,114.26,116.75,113.55,116.26,116.31,115.76,1163447,1346.77,9682,414354.0, 35.61,2026-06-03
RIIL, EQ, 03-Jun-2026,744.35,751.0,755.5,741.65,751.6,752.55,749.89,49007,367.5,1950,12007.0, 24.50,2026-06-03
RIIT, IV, 03-Jun-2026,110.78,110.6,111.47,110.6,111.0,111.0,110.99,57865,64.23,1397,52987.0, 91.57,2026-06-03
RILINFRA, SM, 03-Jun-2026,38.3,37.5,37.7,36.0,36.4,36.6,37.07,14000,5.19,70,11800.0, 84.29,2026-06-03
RISHABH, EQ, 03-Jun-2026,516.8,519.95,530.0,511.3,522.0,522.35,523.08,129967,679.84,6717,42115.0, 32.40,2026-06-03
RITCO, EQ, 03-Jun-2026,264.65,266.05,275.0,253.25,262.25,261.15,263.78,131793,347.64,2899,37767.0, 28.66,2026-06-03
RITES, EQ, 03-Jun-2026,202.58,202.21,202.21,199.1,199.85,199.79,200.22,457522,916.05,10152,223108.0, 48.76,2026-06-03
RKDL, EQ, 03-Jun-2026,20.15,20.15,20.67,20.0,20.3,20.32,20.2,7722,1.56,75,4397.0, 56.94,2026-06-03
RKEC, EQ, 03-Jun-2026,31.42,31.42,32.94,30.51,31.49,31.26,31.35,14940,4.68,254,9086.0, 60.82,2026-06-03
RKFORGE, EQ, 03-Jun-2026,569.0,569.0,569.0,548.8,556.6,554.9,554.68,321893,1785.48,9754,152413.0, 47.35,2026-06-03
RKSWAMY, EQ, 03-Jun-2026,100.66,101.4,101.4,95.43,98.0,98.09,97.9,58915,57.67,1088,30026.0, 50.96,2026-06-03
RMC, BE, 03-Jun-2026,350.8,333.3,333.3,333.3,333.3,333.3,333.3,40062,133.53,399,, -,2026-06-03
RMDRIP, EQ, 03-Jun-2026,16.2,16.2,16.74,15.4,15.48,15.49,15.78,808553,127.56,2629,497122.0, 61.48,2026-06-03
RML, EQ, 03-Jun-2026,918.35,913.75,916.95,900.0,905.9,905.75,906.29,9467,85.8,766,4905.0, 51.81,2026-06-03
RNBDENIMS, EQ, 03-Jun-2026,10.92,11.18,11.18,10.38,10.45,10.38,10.44,1032463,107.8,2025,636675.0, 61.67,2026-06-03
RNFI, SM, 03-Jun-2026,260.3,260.95,261.95,252.5,257.0,258.75,257.08,34800,89.46,47,19200.0, 55.17,2026-06-03
RNPL, SM, 03-Jun-2026,75.35,71.6,79.1,71.6,79.1,79.1,74.59,81600,60.87,62,61200.0, 75.00,2026-06-03
ROCKINGDCE, SM, 03-Jun-2026,203.95,205.0,205.0,185.0,185.5,187.15,191.79,5500,10.55,18,3750.0, 68.18,2026-06-03
ROHLTD, EQ, 03-Jun-2026,331.35,334.6,334.6,319.6,329.95,326.3,325.19,94435,307.09,4059,19655.0, 20.81,2026-06-03
ROLEXRINGS, EQ, 03-Jun-2026,140.58,140.51,140.69,136.9,138.2,137.77,138.33,1148661,1588.99,10573,665419.0, 57.93,2026-06-03
ROLLT, BE, 03-Jun-2026,2.14,2.15,2.24,2.15,2.24,2.23,2.24,518104,11.58,261,, -,2026-06-03
ROML, EQ, 03-Jun-2026,46.83,46.4,47.3,45.0,47.0,46.69,45.96,8315,3.82,124,4729.0, 56.87,2026-06-03
ROSSARI, EQ, 03-Jun-2026,543.65,545.0,545.0,523.05,525.5,528.25,533.35,153777,820.16,7624,67247.0, 43.73,2026-06-03
ROSSELLIND, EQ, 03-Jun-2026,54.62,54.6,55.5,53.42,53.93,54.62,54.03,23209,12.54,546,13773.0, 59.34,2026-06-03
ROSSTECH, EQ, 03-Jun-2026,1080.5,1075.2,1122.0,1045.0,1079.9,1073.8,1067.89,109096,1165.03,7328,44418.0, 40.71,2026-06-03
ROTO, EQ, 03-Jun-2026,56.02,56.5,58.19,55.56,57.6,57.7,56.95,279473,159.16,2399,124873.0, 44.68,2026-06-03
ROUTE, EQ, 03-Jun-2026,536.1,541.45,541.95,520.0,523.55,527.65,530.93,230325,1222.86,12141,96126.0, 41.73,2026-06-03
ROXHITECH, ST, 03-Jun-2026,35.0,36.0,36.2,35.95,35.95,35.95,36.07,8000,2.89,5,8000.0, 100.00,2026-06-03
RPEL, EQ, 03-Jun-2026,1009.2,1018.0,1040.9,982.0,988.0,992.7,1003.2,68259,684.77,4567,32088.0, 47.01,2026-06-03
RPGLIFE, EQ, 03-Jun-2026,2192.7,2190.0,2257.5,2185.0,2194.1,2198.2,2212.17,5434,120.21,938,2328.0, 42.84,2026-06-03
RPOWER, EQ, 03-Jun-2026,26.97,27.05,27.2,26.28,27.12,27.08,26.71,28985660,7741.19,40218,5955973.0, 20.55,2026-06-03
RPPINFRA, EQ, 03-Jun-2026,61.26,61.0,62.2,58.91,61.38,60.4,59.95,200704,120.31,2347,109707.0, 54.66,2026-06-03
RPPL, EQ, 03-Jun-2026,18.93,19.0,19.0,18.11,18.7,18.52,18.42,65173,12.01,265,46367.0, 71.14,2026-06-03
RPSGVENT, EQ, 03-Jun-2026,918.0,929.0,929.0,907.95,924.9,923.8,920.74,10535,97.0,1068,5716.0, 54.26,2026-06-03
RPTECH, EQ, 03-Jun-2026,554.2,556.0,556.0,532.6,543.0,542.25,542.84,114532,621.73,5039,58530.0, 51.10,2026-06-03
RRIL, EQ, 03-Jun-2026,20.11,19.72,20.49,19.72,19.95,20.04,19.99,31217,6.24,107,19921.0, 63.81,2026-06-03
RRKABEL, EQ, 03-Jun-2026,2023.8,2025.0,2169.0,2020.1,2168.5,2155.9,2119.06,1528524,32390.36,83308,496037.0, 32.45,2026-06-03
RSDFIN, EQ, 03-Jun-2026,76.78,79.0,81.39,74.0,75.05,75.05,75.87,473,0.36,47,438.0, 92.60,2026-06-03
RSL, EQ, 03-Jun-2026,125.78,126.0,129.94,126.0,128.95,128.97,128.39,412910,530.12,2577,171773.0, 41.60,2026-06-03
RSSOFTWARE, BE, 03-Jun-2026,32.75,32.9,33.5,32.5,32.6,32.64,32.75,11448,3.75,84,, -,2026-06-03
RSWM, EQ, 03-Jun-2026,171.46,171.1,176.59,168.32,173.15,173.24,172.73,59035,101.97,1377,35205.0, 59.63,2026-06-03
RSYSTEMS, EQ, 03-Jun-2026,272.35,272.35,272.35,258.3,259.95,259.6,262.17,445480,1167.9,9258,260925.0, 58.57,2026-06-03
RTNINDIA, EQ, 03-Jun-2026,35.46,35.79,35.8,34.51,35.36,35.32,35.13,1306978,459.16,7558,541779.0, 41.45,2026-06-03
RTNPOWER, EQ, 03-Jun-2026,9.63,9.63,9.67,9.35,9.53,9.55,9.48,14818987,1404.55,14004,4482932.0, 30.25,2026-06-03
RUBFILA, EQ, 03-Jun-2026,78.01,76.84,77.79,74.8,75.01,75.07,75.73,18716,14.17,441,11619.0, 62.08,2026-06-03
RUBICON, EQ, 03-Jun-2026,1302.6,1270.0,1338.8,1260.4,1270.0,1272.0,1292.13,1872793,24198.88,88606,287779.0, 15.37,2026-06-03
RUBYMILLS, EQ, 03-Jun-2026,279.05,275.0,285.6,270.0,284.0,284.0,279.19,152102,424.65,6191,49358.0, 32.45,2026-06-03
RUCHINFRA, EQ, 03-Jun-2026,6.2,6.4,6.4,6.13,6.28,6.23,6.23,15763,0.98,210,12464.0, 79.07,2026-06-03
RUCHIRA, EQ, 03-Jun-2026,115.46,117.9,117.9,112.43,113.5,113.3,113.92,24499,27.91,743,15434.0, 63.00,2026-06-03
RUDRA, BE, 03-Jun-2026,18.21,17.9,18.4,17.9,18.02,18.13,18.11,28768,5.21,63,, -,2026-06-03
RULKA, SM, 03-Jun-2026,91.7,96.9,96.9,85.0,89.0,88.45,88.32,9600,8.48,32,4800.0, 50.00,2026-06-03
RUPA, EQ, 03-Jun-2026,158.99,159.0,159.0,152.21,154.45,154.72,154.74,190280,294.44,2667,70381.0, 36.99,2026-06-03
RUSHIL, EQ, 03-Jun-2026,15.19,15.05,15.45,14.76,15.11,15.14,15.03,391394,58.83,688,237113.0, 60.58,2026-06-03
RUSTOMJEE, EQ, 03-Jun-2026,394.8,394.8,394.9,388.1,390.5,391.45,391.55,15286,59.85,1493,9490.0, 62.08,2026-06-03
RVHL, EQ, 03-Jun-2026,36.35,36.36,36.74,35.11,36.48,36.41,36.1,16792,6.06,307,12423.0, 73.98,2026-06-03
RVNL, EQ, 03-Jun-2026,240.75,241.4,241.52,233.05,238.64,239.02,236.67,13120281,31052.01,87235,4450161.0, 33.92,2026-06-03
RVTH, EQ, 03-Jun-2026,739.25,742.95,742.95,699.95,716.5,712.85,719.33,771,5.55,81,652.0, 84.57,2026-06-03
S&SPOWER, BE, 03-Jun-2026,406.0,400.0,400.0,397.9,397.9,397.9,398.1,832,3.31,13,, -,2026-06-03
SAAKSHI, SM, 03-Jun-2026,248.1,249.0,249.0,237.1,248.5,248.5,244.07,10200,24.9,14,7800.0, 76.47,2026-06-03
SAATVIKGL, EQ, 03-Jun-2026,447.4,454.95,467.35,448.05,464.9,464.85,459.43,178747,821.21,5861,74283.0, 41.56,2026-06-03
SABAR, SM, 03-Jun-2026,5.35,5.35,5.6,5.35,5.6,5.6,5.48,10000,0.55,2,10000.0, 100.00,2026-06-03
SABEVENTS, BE, 03-Jun-2026,8.74,9.17,9.17,8.31,8.31,8.33,8.85,21221,1.88,67,, -,2026-06-03
SACHEEROME, SM, 03-Jun-2026,314.35,308.1,315.0,305.2,305.55,307.15,309.84,32100,99.46,63,24600.0, 76.64,2026-06-03
SADBHAV, EQ, 03-Jun-2026,9.41,9.21,9.55,9.21,9.35,9.38,9.34,69327,6.47,159,60341.0, 87.04,2026-06-03
SADBHIN, EQ, 03-Jun-2026,2.88,2.92,3.01,2.83,2.95,2.97,2.94,429276,12.62,325,320284.0, 74.61,2026-06-03
SADHAV, SM, 03-Jun-2026,111.4,112.0,119.0,109.95,113.0,113.45,116.3,95400,110.95,47,79800.0, 83.65,2026-06-03
SADHNANIQ, BE, 03-Jun-2026,2.5,2.5,2.5,2.45,2.45,2.45,2.46,3119402,76.77,560,, -,2026-06-03
SAFARI, EQ, 03-Jun-2026,1629.0,1629.0,1630.0,1554.7,1563.0,1573.8,1577.52,87113,1374.22,7992,39443.0, 45.28,2026-06-03
SAFEENTP, SM, 03-Jun-2026,268.6,270.0,270.0,264.0,270.0,269.75,266.87,23000,61.38,40,15500.0, 67.39,2026-06-03
SAGARDEEP, EQ, 03-Jun-2026,25.64,25.28,25.75,25.0,25.24,25.16,25.23,3319,0.84,141,1988.0, 59.90,2026-06-03
SAGCEM, EQ, 03-Jun-2026,180.35,178.81,180.84,176.07,180.05,179.81,178.36,34853,62.16,936,11526.0, 33.07,2026-06-03
SAGILITY, EQ, 03-Jun-2026,41.6,41.45,41.5,39.79,40.09,40.13,40.47,19925077,8063.03,50494,11541012.0, 57.92,2026-06-03
SAHAJSOLAR, SM, 03-Jun-2026,141.5,142.0,142.0,137.0,141.4,141.35,139.79,9600,13.42,24,6400.0, 66.67,2026-06-03
SAHANA, SM, 03-Jun-2026,814.2,810.0,817.9,793.0,800.0,800.65,804.18,11500,92.48,79,8375.0, 72.83,2026-06-03
SAHASRA, ST, 03-Jun-2026,312.8,311.05,311.05,297.2,300.0,298.15,298.74,58400,174.47,121,50000.0, 85.62,2026-06-03
SAHLIBHFI, EQ, 03-Jun-2026,82.71,82.71,82.71,75.3,78.9,78.35,79.71,14924,11.9,256,7798.0, 52.25,2026-06-03
SAHYADRI, EQ, 03-Jun-2026,291.2,294.0,296.5,274.65,275.7,276.45,280.76,7558,21.22,343,5120.0, 67.74,2026-06-03
SAIFL, SM, 03-Jun-2026,5.15,5.25,5.35,5.05,5.05,5.1,5.16,620000,31.97,123,420000.0, 67.74,2026-06-03
SAIL, EQ, 03-Jun-2026,205.85,206.69,206.9,200.71,203.93,203.87,203.61,10280547,20932.63,61337,3879448.0, 37.74,2026-06-03
SAILIFE, EQ, 03-Jun-2026,1128.3,1126.0,1150.5,1109.2,1130.7,1137.7,1132.47,330755,3745.69,31121,165852.0, 50.14,2026-06-03
SAIPARENT, EQ, 03-Jun-2026,501.4,505.0,505.0,492.0,499.95,499.6,499.25,213146,1064.13,10301,118126.0, 55.42,2026-06-03
SAKAR, EQ, 03-Jun-2026,834.6,835.0,838.0,778.85,810.0,812.85,804.97,140577,1131.6,7263,57730.0, 41.07,2026-06-03
SAKHTISUG, EQ, 03-Jun-2026,17.91,17.75,17.76,16.66,17.26,17.28,17.24,189551,32.69,1102,102292.0, 53.97,2026-06-03
SAKSOFT, EQ, 03-Jun-2026,147.63,148.0,148.8,143.5,145.95,145.37,145.19,253906,368.63,4940,102044.0, 40.19,2026-06-03
SAKUMA, BE, 03-Jun-2026,1.98,1.93,1.93,1.89,1.92,1.89,1.89,788905,14.93,970,, -,2026-06-03
SALASAR, EQ, 03-Jun-2026,6.85,6.9,6.98,6.72,6.97,6.94,6.83,3477541,237.54,3328,1811383.0, 52.09,2026-06-03
SALONA, EQ, 03-Jun-2026,291.9,291.9,297.0,279.0,290.8,285.45,286.26,947,2.71,103,461.0, 48.68,2026-06-03
SALSTEEL, BE, 03-Jun-2026,61.67,62.0,62.4,59.1,62.4,62.13,61.61,118244,72.85,384,, -,2026-06-03
SALZERELEC, EQ, 03-Jun-2026,643.05,643.05,646.95,622.1,633.0,629.3,630.92,44568,281.19,2443,21662.0, 48.60,2026-06-03
SAMBHAAV, EQ, 03-Jun-2026,6.62,6.62,6.72,6.56,6.6,6.58,6.62,12883,0.85,135,9077.0, 70.46,2026-06-03
SAMBHV, EQ, 03-Jun-2026,104.57,104.57,106.7,102.85,105.5,105.63,104.68,756377,791.78,7438,321888.0, 42.56,2026-06-03
SAMHI, EQ, 03-Jun-2026,169.53,170.55,170.67,167.01,168.5,168.22,168.68,433254,730.82,6327,211378.0, 48.79,2026-06-03
SAMMAANCAP, EQ, 03-Jun-2026,178.91,178.88,180.1,172.2,176.85,177.92,175.68,17811574,31291.27,46926,5069605.0, 28.46,2026-06-03
SAMPANN, EQ, 03-Jun-2026,26.8,26.85,28.34,26.35,27.05,26.96,27.25,133214,36.3,751,59224.0, 44.46,2026-06-03
SANATHAN, EQ, 03-Jun-2026,407.85,407.75,408.25,400.0,406.5,407.2,404.78,8426,34.11,893,5467.0, 64.88,2026-06-03
SANCO, BZ, 03-Jun-2026,2.95,2.81,3.09,2.81,3.07,3.05,2.89,41822,1.21,84,, -,2026-06-03
SANDESH, EQ, 03-Jun-2026,945.2,947.0,954.9,935.0,937.1,948.0,945.0,305,2.88,57,162.0, 53.11,2026-06-03
SANDHAR, EQ, 03-Jun-2026,697.15,696.9,733.75,685.5,719.95,718.25,717.26,1154289,8279.3,37125,403049.0, 34.92,2026-06-03
SANDUMA, EQ, 03-Jun-2026,229.2,229.0,229.76,223.2,226.33,226.86,226.21,755688,1709.46,10368,323762.0, 42.84,2026-06-03
SANGAMIND, EQ, 03-Jun-2026,527.2,527.2,535.15,516.0,531.3,532.05,524.72,34349,180.23,1610,18714.0, 54.48,2026-06-03
SANGANI, SM, 03-Jun-2026,46.65,45.0,45.0,45.0,45.0,45.0,45.0,6000,2.7,2,6000.0, 100.00,2026-06-03
SANGHVIMOV, EQ, 03-Jun-2026,357.45,358.5,362.9,350.1,360.8,359.3,356.96,204256,729.11,6076,91023.0, 44.56,2026-06-03
SANGINITA, BE, 03-Jun-2026,29.77,30.36,30.36,30.36,30.36,30.36,30.36,67560,20.51,121,, -,2026-06-03
SANOFI, EQ, 03-Jun-2026,3169.2,3178.0,3230.0,3145.3,3211.0,3212.9,3194.89,22359,714.35,5739,12786.0, 57.19,2026-06-03
SANOFICONR, EQ, 03-Jun-2026,4670.9,4644.0,4795.5,4620.1,4756.0,4769.8,4735.5,6231,295.07,1387,3368.0, 54.05,2026-06-03
SANSERA, EQ, 03-Jun-2026,2953.3,2953.2,2992.0,2892.4,2905.8,2914.8,2945.03,301913,8891.44,48414,128462.0, 42.55,2026-06-03
SANSTAR, EQ, 03-Jun-2026,115.77,115.7,120.49,114.5,119.0,118.27,118.02,735135,867.59,10577,326455.0, 44.41,2026-06-03
SANWARIA, BZ, 03-Jun-2026,0.24,0.25,0.25,0.23,0.25,0.24,0.24,679038,1.65,155,, -,2026-06-03
SAPPHIRE, EQ, 03-Jun-2026,174.12,174.12,177.53,170.57,173.6,176.38,173.98,261107,454.26,9935,121147.0, 46.40,2026-06-03
SAPPL, EQ, 03-Jun-2026,269.75,275.0,279.95,274.95,279.95,279.95,275.27,36,0.1,6,36.0, 100.00,2026-06-03
SARDAEN, EQ, 03-Jun-2026,520.3,520.3,524.25,512.35,518.4,520.7,519.45,254056,1319.69,8634,95822.0, 37.72,2026-06-03
SAREGAMA, EQ, 03-Jun-2026,457.6,457.6,469.9,443.1,459.0,462.3,454.38,1874240,8516.15,36449,507421.0, 27.07,2026-06-03
SARLAPOLY, EQ, 03-Jun-2026,98.01,97.74,98.99,96.18,97.85,97.06,97.04,92707,89.97,1046,66907.0, 72.17,2026-06-03
SAROJA, SM, 03-Jun-2026,32.5,32.5,32.5,32.5,32.5,32.5,32.5,3200,1.04,2,3200.0, 100.00,2026-06-03
SARTELE, SM, 03-Jun-2026,129.75,131.65,132.05,126.05,129.7,128.75,128.26,45000,57.72,88,26500.0, 58.89,2026-06-03
SARVESHWAR, BE, 03-Jun-2026,3.71,3.77,3.77,3.65,3.72,3.7,3.69,573335,21.17,1066,, -,2026-06-03
SASKEN, EQ, 03-Jun-2026,2338.5,2344.0,2344.0,2154.8,2202.0,2207.0,2260.11,126144,2850.99,12105,39558.0, 31.36,2026-06-03
SATECH, SM, 03-Jun-2026,42.0,40.25,42.25,40.25,40.65,41.3,41.3,12000,4.96,12,9000.0, 75.00,2026-06-03
SATIA, EQ, 03-Jun-2026,55.99,55.71,56.9,55.4,56.25,56.19,56.07,99816,55.97,2190,33772.0, 33.83,2026-06-03
SATIN, EQ, 03-Jun-2026,231.12,231.12,236.3,225.8,235.4,235.25,231.15,624651,1443.88,7904,337273.0, 53.99,2026-06-03
SATKARTAR, ST, 03-Jun-2026,168.05,168.0,173.7,165.0,173.7,172.45,167.38,9600,16.07,11,8800.0, 91.67,2026-06-03
SATTVAENGG, SM, 03-Jun-2026,61.0,61.1,62.2,61.1,62.2,62.2,61.65,3200,1.97,2,1600.0, 50.00,2026-06-03
SAURASHCEM, EQ, 03-Jun-2026,59.27,59.99,59.99,58.5,59.0,59.32,59.05,39216,23.16,452,25847.0, 65.91,2026-06-03
SAVY, SM, 03-Jun-2026,139.0,143.8,143.8,143.8,143.8,143.8,143.8,2400,3.45,2,0.0, 0.00,2026-06-03
SAWALIYA, SM, 03-Jun-2026,287.7,290.0,307.4,287.0,302.0,302.85,297.06,66600,197.84,57,39600.0, 59.46,2026-06-03
SAYAJIHOTL, EQ, 03-Jun-2026,299.0,265.5,275.9,265.5,275.5,275.5,273.43,100,0.27,18,73.0, 73.00,2026-06-03
SBC, EQ, 03-Jun-2026,36.81,36.76,37.27,36.6,36.83,36.74,36.82,9322993,3432.39,4738,3614436.0, 38.77,2026-06-03
SBCL, EQ, 03-Jun-2026,734.55,740.55,761.35,714.6,727.0,723.9,725.99,231427,1680.15,12331,109372.0, 47.26,2026-06-03
SBFC, EQ, 03-Jun-2026,92.22,92.58,93.12,91.16,92.14,92.87,91.63,2845782,2607.64,4954,2597578.0, 91.28,2026-06-03
SBGLP, EQ, 03-Jun-2026,26.19,26.6,26.97,25.0,25.99,25.99,26.01,157484,40.96,647,130399.0, 82.80,2026-06-03
SBIBPB, EQ, 03-Jun-2026,46.89,46.1,47.68,46.1,47.5,47.51,46.93,136773,64.19,534,69744.0, 50.99,2026-06-03
SBICARD, EQ, 03-Jun-2026,605.5,608.0,608.0,594.45,596.1,596.55,597.59,1151872,6883.43,22527,509445.0, 44.23,2026-06-03
SBIETFCON, EQ, 03-Jun-2026,114.79,115.94,115.94,113.6,114.75,114.6,114.37,2795,3.2,105,1351.0, 48.34,2026-06-03
SBIETFIT, EQ, 03-Jun-2026,343.27,342.27,342.27,324.0,325.85,325.54,327.89,57606,188.88,1533,47717.0, 82.83,2026-06-03
SBIETFPB, EQ, 03-Jun-2026,269.43,269.37,269.44,262.2,269.44,267.31,264.96,11230,29.76,189,9577.0, 85.28,2026-06-03
SBIETFQLTY, EQ, 03-Jun-2026,220.45,214.93,218.82,214.93,217.57,216.7,216.78,11979,25.97,90,11973.0, 99.95,2026-06-03
SBILIFE, EQ, 03-Jun-2026,1801.7,1801.7,1809.9,1759.0,1781.6,1784.2,1782.41,784328,13979.91,46893,458195.0, 58.42,2026-06-03
SBILIQETF, EQ, 03-Jun-2026,1041.36,1041.48,1041.5,1041.48,1041.48,1041.49,1041.48,152863,1592.04,71,148329.0, 97.03,2026-06-03
SBIMIDMOM, EQ, 03-Jun-2026,62.14,62.45,62.87,61.3,62.1,62.19,61.79,9252,5.72,103,8324.0, 89.97,2026-06-03
SBIN, EQ, 03-Jun-2026,956.65,953.75,974.0,937.2,971.5,970.45,948.57,27947005,265095.99,251452,14338937.0, 51.31,2026-06-03
SBINEQWETF, EQ, 03-Jun-2026,32.67,32.83,32.83,32.18,32.6,32.54,32.33,220345,71.24,579,182133.0, 82.66,2026-06-03
SBINMID150, EQ, 03-Jun-2026,22.38,22.05,22.6,22.0,22.28,22.23,22.18,21269,4.72,144,16556.0, 77.84,2026-06-03
SBISILVER, EQ, 03-Jun-2026,257.57,257.64,257.64,252.22,252.8,252.79,253.4,871724,2208.97,7183,377476.0, 43.30,2026-06-03
SBISMLETF, EQ, 03-Jun-2026,17.03,17.11,17.31,16.71,16.9,17.13,16.93,16652,2.82,96,11345.0, 68.13,2026-06-03
SBIVALETF, EQ, 03-Jun-2026,15.3,15.61,15.61,15.19,15.35,15.35,15.28,11754,1.8,54,7398.0, 62.94,2026-06-03
SCANSTL, EQ, 03-Jun-2026,37.48,37.48,37.9,37.1,37.12,37.18,37.43,8030,3.01,81,6093.0, 75.88,2026-06-03
SCHAEFFLER, EQ, 03-Jun-2026,4071.6,4072.0,4118.3,4002.0,4049.9,4049.9,4051.98,310410,12577.75,17033,282877.0, 91.13,2026-06-03
SCHAND, EQ, 03-Jun-2026,154.29,152.7,155.18,152.28,153.0,153.07,153.27,47121,72.22,1711,33321.0, 70.71,2026-06-03
SCHNEIDER, EQ, 03-Jun-2026,1181.3,1122.3,1122.3,1122.3,1122.3,1122.3,1122.3,52580,590.11,2320,52528.0, 99.90,2026-06-03
SCI, EQ, 03-Jun-2026,302.7,303.0,306.65,297.6,303.5,303.4,302.08,5035461,15211.23,47384,1325906.0, 26.33,2026-06-03
SCILAL, EQ, 03-Jun-2026,44.44,44.84,44.9,43.37,44.15,43.96,43.97,274161,120.55,1626,131179.0, 47.85,2026-06-03
SCML, SM, 03-Jun-2026,76.0,76.5,76.9,73.0,76.9,74.85,75.21,22000,16.55,19,21000.0, 95.45,2026-06-03
SCODATUBES, EQ, 03-Jun-2026,122.88,122.85,129.25,119.65,124.0,123.68,124.37,672242,836.05,5718,319675.0, 47.55,2026-06-03
SCPL, BE, 03-Jun-2026,456.2,459.0,473.0,446.0,460.0,467.4,463.96,11603,53.83,243,, -,2026-06-03
SDBL, EQ, 03-Jun-2026,77.33,77.33,77.33,75.25,75.69,75.65,75.74,350118,265.16,3693,183847.0, 52.51,2026-06-03
SDREAMS, SM, 03-Jun-2026,86.0,84.0,86.0,84.0,86.0,86.0,85.46,8000,6.84,7,6000.0, 75.00,2026-06-03
SEAMECLTD, EQ, 03-Jun-2026,1643.3,1643.3,1670.0,1605.0,1618.5,1617.3,1641.04,184075,3020.75,6975,139275.0, 75.66,2026-06-03
SECMARK, EQ, 03-Jun-2026,128.92,129.45,130.0,125.4,130.0,129.48,129.15,1093,1.41,30,826.0, 75.57,2026-06-03
SECURKLOUD, EQ, 03-Jun-2026,20.03,20.85,20.85,19.15,19.65,19.58,19.72,24572,4.85,131,20646.0, 84.02,2026-06-03
SEDEMAC, EQ, 03-Jun-2026,2326.0,2345.0,2407.0,2280.1,2390.0,2386.5,2350.82,116273,2733.37,13455,47723.0, 41.04,2026-06-03
SEIL, EQ, 03-Jun-2026,185.38,185.6,187.09,183.1,184.85,185.18,185.18,646184,1196.59,8345,495933.0, 76.75,2026-06-03
SEITINVIT, IV, 03-Jun-2026,119.0,119.0,121.0,119.0,121.0,120.0,120.0,100000,120.0,4,100000.0, 100.00,2026-06-03
SEJALLTD, BE, 03-Jun-2026,773.05,785.95,785.95,750.05,759.7,757.15,762.87,3985,30.4,171,, -,2026-06-03
SEL, ST, 03-Jun-2026,200.0,200.0,200.0,197.0,197.0,197.0,198.33,600,1.19,3,600.0, 100.00,2026-06-03
SELECTIPO, EQ, 03-Jun-2026,43.0,42.85,42.99,42.38,42.8,42.91,42.74,15401,6.58,105,13227.0, 85.88,2026-06-03
SELMC, EQ, 03-Jun-2026,29.21,29.21,30.4,29.0,30.1,30.13,29.62,6594,1.95,101,5901.0, 89.49,2026-06-03
SEMAC, BE, 03-Jun-2026,335.05,341.0,351.8,341.0,351.8,351.8,351.72,672,2.36,25,, -,2026-06-03
SENCO, EQ, 03-Jun-2026,345.35,345.8,346.3,340.65,342.55,343.4,343.15,273482,938.46,6396,145915.0, 53.35,2026-06-03
SENORES, EQ, 03-Jun-2026,1033.5,1042.0,1061.0,1015.1,1054.9,1045.1,1033.81,307255,3176.44,11869,124776.0, 40.61,2026-06-03
SENSEXADD, EQ, 03-Jun-2026,76.47,74.55,76.48,74.55,76.48,76.25,75.94,1466,1.11,55,1269.0, 86.56,2026-06-03
SENSEXBETA, EQ, 03-Jun-2026,828.26,830.49,830.49,812.0,822.0,820.96,815.76,3503,28.58,239,3086.0, 88.10,2026-06-03
SENSEXETF, EQ, 03-Jun-2026,76.77,77.15,77.15,75.58,76.42,76.39,76.01,135316,102.86,638,71857.0, 53.10,2026-06-03
SENSEXIETF, EQ, 03-Jun-2026,861.24,861.24,861.24,842.05,842.85,848.35,849.87,96466,819.83,1817,69140.0, 71.67,2026-06-03
SEPC, EQ, 03-Jun-2026,7.0,7.05,7.14,6.7,7.02,7.0,6.88,51011774,3511.3,18927,11630414.0, 22.80,2026-06-03
SERVOTECH, EQ, 03-Jun-2026,100.91,104.5,115.8,102.2,112.09,112.24,108.87,13559359,14762.45,77821,3078881.0, 22.71,2026-06-03
SESHAPAPER, EQ, 03-Jun-2026,232.48,235.0,235.0,226.02,228.21,229.37,229.91,24808,57.04,1087,14257.0, 57.47,2026-06-03
SETCO, BE, 03-Jun-2026,15.93,16.24,16.24,16.24,16.24,16.24,16.24,109644,17.81,37,, -,2026-06-03
SETF10GILT, EQ, 03-Jun-2026,258.95,257.66,259.1,257.3,259.1,258.28,257.66,3762,9.69,40,3127.0, 83.12,2026-06-03
SETFGOLD, EQ, 03-Jun-2026,132.77,136.08,136.08,131.28,131.65,131.7,131.71,3851112,5072.18,11757,2494008.0, 64.76,2026-06-03
SETFNIF50, EQ, 03-Jun-2026,251.54,251.52,251.69,248.5,250.75,250.66,249.96,1755182,4387.31,8628,977069.0, 55.67,2026-06-03
SETFNIFBK, EQ, 03-Jun-2026,551.05,551.05,556.19,543.53,556.15,555.59,549.74,101199,556.33,982,34811.0, 34.40,2026-06-03
SETFNN50, EQ, 03-Jun-2026,749.82,754.29,754.29,740.0,753.99,748.28,748.14,153030,1144.87,1584,139095.0, 90.89,2026-06-03
SETL, EQ, 03-Jun-2026,139.71,139.75,140.45,136.78,138.75,138.27,138.37,100933,139.66,892,57579.0, 57.05,2026-06-03
SETUINFRA, BZ, 03-Jun-2026,0.52,0.52,0.52,0.5,0.5,0.5,0.5,72302,0.36,52,, -,2026-06-03
SEYAIND, BE, 03-Jun-2026,14.99,15.26,15.26,14.7,14.7,14.7,14.77,729,0.11,23,, -,2026-06-03
SFL, EQ, 03-Jun-2026,604.95,605.3,605.3,591.8,597.5,599.35,598.16,165896,992.33,7246,83221.0, 50.16,2026-06-03
SGBAPR28I, GB, 03-Jun-2026,15410.23,15410.23,15410.23,15285.0,15325.0,15303.26,15318.22,99,15.17,34,64.0, 64.65,2026-06-03
SGBAUG27, GB, 03-Jun-2026,15400.0,15400.1,15400.1,15301.01,15326.87,15318.58,15341.23,29,4.45,15,22.0, 75.86,2026-06-03
SGBAUG28V, GB, 03-Jun-2026,15441.23,15400.0,15439.99,15311.0,15329.0,15320.62,15339.17,431,66.11,84,368.0, 85.38,2026-06-03
SGBAUG29V, GB, 03-Jun-2026,15450.18,15430.0,15430.0,15325.01,15335.0,15344.67,15363.99,246,37.8,51,199.0, 80.89,2026-06-03
SGBAUG30, GB, 03-Jun-2026,15440.04,15440.04,15479.37,15321.0,15380.0,15353.69,15395.71,58,8.93,31,48.0, 82.76,2026-06-03
SGBD29VIII, GB, 03-Jun-2026,15432.68,15312.1,15400.0,15307.01,15360.0,15364.85,15375.04,172,26.45,34,168.0, 97.67,2026-06-03
SGBDC27VII, GB, 03-Jun-2026,15420.0,15400.0,16774.99,15310.0,15389.0,15389.0,15404.18,61,9.4,21,44.0, 72.13,2026-06-03
SGBDE30III, GB, 03-Jun-2026,15476.37,15405.0,15568.53,15401.0,15440.0,15440.55,15470.52,200,30.94,67,148.0, 74.00,2026-06-03
SGBDE31III, GB, 03-Jun-2026,15611.95,15619.0,15619.99,15506.01,15551.0,15569.93,15587.5,687,107.09,179,549.0, 79.91,2026-06-03
SGBDEC26, GB, 03-Jun-2026,15501.0,15351.0,15361.0,15351.0,15361.0,15361.0,15359.57,7,1.08,2,7.0, 100.00,2026-06-03
SGBFEB27, GB, 03-Jun-2026,15400.75,15400.75,15400.75,15315.0,15370.0,15370.0,15360.28,36,5.53,12,18.0, 50.00,2026-06-03
SGBFEB28IX, GB, 03-Jun-2026,15400.0,15350.0,15365.92,15252.0,15305.0,15305.0,15298.88,26,3.98,4,25.0, 96.15,2026-06-03
SGBFEB29XI, GB, 03-Jun-2026,15406.0,15400.0,15401.0,15310.0,15310.0,15310.93,15315.5,226,34.61,26,219.0, 96.90,2026-06-03
SGBFEB32IV, GB, 03-Jun-2026,15756.74,15800.0,15800.0,15650.0,15670.0,15686.43,15700.22,515,80.86,182,372.0, 72.23,2026-06-03
SGBJAN27, GB, 03-Jun-2026,15551.81,15459.0,15459.0,15430.0,15430.0,15430.0,15442.43,7,1.08,3,7.0, 100.00,2026-06-03
SGBJAN29IX, GB, 03-Jun-2026,15503.74,15401.0,15448.9,15390.0,15390.0,15390.0,15399.39,720,110.88,36,659.0, 91.53,2026-06-03
SGBJAN29X, GB, 03-Jun-2026,15500.1,15401.0,15489.0,15370.0,15370.0,15370.0,15400.19,299,46.05,11,298.0, 99.67,2026-06-03
SGBJAN30IX, GB, 03-Jun-2026,15449.0,15400.0,15481.91,15283.2,15400.9,15307.75,15331.62,156,23.92,64,142.0, 91.03,2026-06-03
SGBJU29III, GB, 03-Jun-2026,15434.57,15400.0,15400.0,15333.0,15360.0,15364.65,15379.73,82,12.61,12,80.0, 97.56,2026-06-03
SGBJUL27, GB, 03-Jun-2026,15548.38,15400.0,15400.0,15400.0,15400.0,15400.0,15400.0,22,3.39,1,22.0, 100.00,2026-06-03
SGBJUL28IV, GB, 03-Jun-2026,15507.19,15499.0,15499.0,15375.0,15375.0,15375.0,15399.69,349,53.74,23,348.0, 99.71,2026-06-03
SGBJUL29IV, GB, 03-Jun-2026,15500.18,15500.0,15500.0,15366.0,15370.0,15378.95,15392.1,284,43.71,33,168.0, 59.15,2026-06-03
SGBJUN28, GB, 03-Jun-2026,15534.66,15411.0,15416.0,15407.0,15414.0,15414.0,15412.24,49,7.55,10,49.0, 100.00,2026-06-03
SGBJUN29II, GB, 03-Jun-2026,15421.17,15400.0,15424.0,15307.0,15398.0,15398.0,15402.23,107,16.48,25,102.0, 95.33,2026-06-03
SGBJUN30, GB, 03-Jun-2026,15580.2,15559.0,15560.0,15341.0,15502.13,15501.78,15497.73,89,13.79,39,71.0, 79.78,2026-06-03
SGBJUN31I, GB, 03-Jun-2026,15558.94,15947.91,15947.91,15464.85,15519.0,15512.26,15516.45,231,35.84,89,186.0, 80.52,2026-06-03
SGBMAR30X, GB, 03-Jun-2026,15463.0,15450.0,15739.0,15321.0,15359.0,15359.0,15401.78,23,3.54,10,21.0, 91.30,2026-06-03
SGBMAR31IV, GB, 03-Jun-2026,15535.33,15472.0,15487.5,15316.08,15316.08,15438.29,15464.49,45,6.96,25,37.0, 82.22,2026-06-03
SGBMAY28, GB, 03-Jun-2026,15402.84,15258.03,15350.0,15258.03,15297.35,15299.12,15318.54,69,10.57,27,40.0, 57.97,2026-06-03
SGBMAY29I, GB, 03-Jun-2026,15415.71,15399.0,15399.0,15290.0,15328.0,15308.57,15322.08,161,24.67,55,135.0, 83.85,2026-06-03
SGBMR29XII, GB, 03-Jun-2026,15408.83,15393.0,15421.0,15300.01,15312.0,15312.5,15345.81,101,15.5,20,90.0, 89.11,2026-06-03
SGBN28VIII, GB, 03-Jun-2026,15412.0,15412.0,15412.0,15412.0,15412.0,15412.0,15412.0,2,0.31,1,2.0, 100.00,2026-06-03
SGBNOV26, GB, 03-Jun-2026,15251.18,15106.01,15702.21,15106.01,15702.21,15702.21,15565.03,12,1.87,3,11.0, 91.67,2026-06-03
SGBNV29VII, GB, 03-Jun-2026,15443.41,15443.41,15443.41,15320.0,15404.99,15355.76,15356.63,126,19.35,33,87.0, 69.05,2026-06-03
SGBOC28VII, GB, 03-Jun-2026,15412.6,15303.01,15530.0,15205.01,15340.0,15313.1,15345.97,484,74.27,69,159.0, 32.85,2026-06-03
SGBOCT26, GB, 03-Jun-2026,15470.0,15302.01,15302.01,15251.0,15299.0,15299.0,15275.33,12,1.83,4,7.0, 58.33,2026-06-03
SGBOCT27, GB, 03-Jun-2026,15437.5,15257.11,15351.0,15257.11,15300.0,15286.14,15314.19,33,5.05,8,27.0, 81.82,2026-06-03
SGBOCT27VI, GB, 03-Jun-2026,15470.67,15400.0,15400.0,15311.0,15311.0,15311.94,15328.2,65,9.96,6,65.0, 100.00,2026-06-03
SGBSEP27, GB, 03-Jun-2026,15400.0,15399.54,15399.54,15399.54,15399.54,15399.54,15399.54,1,0.15,1,1.0, 100.00,2026-06-03
SGBSEP28VI, GB, 03-Jun-2026,15423.64,15313.2,15484.92,15305.01,15342.0,15341.5,15328.64,227,34.8,40,199.0, 87.67,2026-06-03
SGBSEP29VI, GB, 03-Jun-2026,15440.0,15549.0,15549.0,15212.01,15360.0,15360.0,15343.49,301,46.18,49,194.0, 64.45,2026-06-03
SGBSEP31II, GB, 03-Jun-2026,15578.19,15466.2,15600.0,15433.08,15548.0,15511.42,15545.1,1075,167.11,195,767.0, 71.35,2026-06-03
SGFIN, EQ, 03-Jun-2026,567.9,575.0,582.0,560.05,580.65,577.95,571.43,199908,1142.33,7237,66941.0, 33.49,2026-06-03
SGIL, EQ, 03-Jun-2026,591.9,594.3,600.8,551.55,553.3,557.85,570.91,26523,151.42,1391,13678.0, 51.57,2026-06-03
SGL, EQ, 03-Jun-2026,11.77,11.9,11.99,10.8,11.65,11.73,11.31,127834,14.45,511,43226.0, 33.81,2026-06-03
SGMART, EQ, 03-Jun-2026,578.2,570.05,576.55,560.25,566.0,570.65,568.81,69626,396.04,3429,38035.0, 54.63,2026-06-03
SHADOWFAX, EQ, 03-Jun-2026,191.03,192.59,198.95,190.42,195.05,195.33,194.44,1469239,2856.85,24841,659400.0, 44.88,2026-06-03
SHAH, EQ, 03-Jun-2026,4.81,4.97,5.32,4.68,5.3,5.29,5.1,20698069,1055.87,7109,4725138.0, 22.83,2026-06-03
SHAHALLOYS, EQ, 03-Jun-2026,68.84,68.56,70.9,68.0,69.45,68.06,69.02,7842,5.41,119,4957.0, 63.21,2026-06-03
SHAILY, EQ, 03-Jun-2026,3038.0,3023.0,3186.9,3007.4,3060.0,3070.7,3108.26,224422,6975.63,26680,56034.0, 24.97,2026-06-03
SHAKTIPUMP, EQ, 03-Jun-2026,514.75,515.85,517.15,505.5,511.25,510.4,510.11,358125,1826.82,12701,124986.0, 34.90,2026-06-03
SHALBY, EQ, 03-Jun-2026,176.84,176.5,182.27,173.25,175.16,176.21,177.84,316525,562.9,5771,88715.0, 28.03,2026-06-03
SHALPAINTS, EQ, 03-Jun-2026,50.32,50.58,50.58,47.0,48.0,48.17,48.51,45768,22.2,682,33301.0, 72.76,2026-06-03
SHANKARA, BE, 03-Jun-2026,117.0,118.5,118.5,115.0,115.17,115.17,118.1,7271,8.59,49,, -,2026-06-03
SHANTHALA, SM, 03-Jun-2026,22.7,22.7,22.7,22.0,22.0,22.0,22.18,4800,1.06,4,4800.0, 100.00,2026-06-03
SHANTI, EQ, 03-Jun-2026,6.51,6.74,6.74,6.3,6.38,6.37,6.35,36170,2.3,102,25296.0, 69.94,2026-06-03
SHANTIGEAR, EQ, 03-Jun-2026,440.25,440.25,444.05,440.05,442.55,442.5,441.69,7990,35.29,280,3341.0, 41.81,2026-06-03
SHANTIGOLD, EQ, 03-Jun-2026,230.62,231.4,232.0,221.2,222.0,223.0,224.62,381724,857.42,4663,211937.0, 55.52,2026-06-03
SHARDACROP, EQ, 03-Jun-2026,908.0,913.9,924.0,883.45,917.95,918.4,904.44,306930,2775.98,15231,114405.0, 37.27,2026-06-03
SHARDAMOTR, EQ, 03-Jun-2026,842.8,849.0,849.0,825.5,826.7,828.3,833.05,60487,503.89,4176,37585.0, 62.14,2026-06-03
SHARDUL, EQ, 03-Jun-2026,28.45,26.5,28.41,26.5,26.86,27.24,27.25,897,0.24,33,872.0, 97.21,2026-06-03
SHAREINDIA, EQ, 03-Jun-2026,138.35,138.15,142.4,135.89,138.63,136.79,137.75,572275,788.32,4476,266458.0, 46.56,2026-06-03
SHARIABEES, EQ, 03-Jun-2026,471.83,477.0,477.0,460.05,464.05,463.82,463.27,9153,42.4,682,5065.0, 55.34,2026-06-03
SHBAJRG, EQ, 03-Jun-2026,181.18,179.6,183.7,173.6,177.26,177.49,179.06,5844,10.46,251,3816.0, 65.30,2026-06-03
SHEEL, SM, 03-Jun-2026,42.55,44.3,44.6,44.3,44.6,44.6,44.53,16000,7.12,8,14000.0, 87.50,2026-06-03
SHEETAL, SM, 03-Jun-2026,297.0,296.0,296.0,296.0,296.0,296.0,296.0,10500,31.08,19,10500.0, 100.00,2026-06-03
SHEKHAWATI, BE, 03-Jun-2026,14.47,14.71,14.95,13.95,13.95,14.17,14.26,9354,1.33,72,, -,2026-06-03
SHEMAROO, EQ, 03-Jun-2026,105.45,108.7,112.95,104.0,112.95,112.44,110.16,50991,56.17,311,44729.0, 87.72,2026-06-03
SHERA, ST, 03-Jun-2026,162.0,163.85,165.5,162.55,163.05,163.05,164.19,19000,31.2,12,16000.0, 84.21,2026-06-03
SHETHJI, ST, 03-Jun-2026,161.5,160.0,161.0,160.0,160.0,160.0,160.05,22000,35.21,10,22000.0, 100.00,2026-06-03
SHIGAN, ST, 03-Jun-2026,76.05,73.1,73.1,73.1,73.1,73.1,73.1,3000,2.19,2,3000.0, 100.00,2026-06-03
SHILCTECH, EQ, 03-Jun-2026,4057.2,4097.0,4111.0,4010.0,4055.0,4057.7,4062.52,12707,516.22,2682,6218.0, 48.93,2026-06-03
SHILPAMED, EQ, 03-Jun-2026,517.35,521.0,525.0,502.4,515.4,515.4,515.77,1776974,9165.11,39575,631985.0, 35.57,2026-06-03
SHINDL, EQ, 03-Jun-2026,155.14,156.88,157.32,155.0,155.15,156.28,156.04,110174,171.91,245,3674.0, 3.33,2026-06-03
SHIVALIK, BE, 03-Jun-2026,252.5,248.0,254.4,239.9,244.95,241.75,244.15,83457,203.76,776,, -,2026-06-03
SHIVAMAUTO, BE, 03-Jun-2026,17.31,17.88,17.88,17.0,17.11,17.4,17.28,17171,2.97,114,, -,2026-06-03
SHIVAMILLS, BE, 03-Jun-2026,66.0,62.9,65.99,62.9,63.06,63.06,62.97,205,0.13,5,, -,2026-06-03
SHIVASHRIT, SM, 03-Jun-2026,120.8,121.0,121.0,119.0,119.0,120.1,120.13,8000,9.61,8,7000.0, 87.50,2026-06-03
SHIVATEX, EQ, 03-Jun-2026,147.12,147.85,153.0,145.3,149.98,151.23,148.8,2729,4.06,65,2374.0, 86.99,2026-06-03
SHIVAUM, EQ, 03-Jun-2026,318.0,318.0,318.0,318.0,318.0,318.0,318.0,10,0.03,1,10.0, 100.00,2026-06-03
SHK, EQ, 03-Jun-2026,128.29,127.55,129.1,125.32,127.0,126.25,126.47,257405,325.54,4718,121008.0, 47.01,2026-06-03
SHKSIL, SM, 03-Jun-2026,39.75,37.1,39.9,36.5,37.0,37.0,36.97,20000,7.39,7,18000.0, 90.00,2026-06-03
SHOPERSTOP, EQ, 03-Jun-2026,367.05,364.0,372.0,361.25,368.55,367.3,367.57,123665,454.56,4449,81857.0, 66.19,2026-06-03
SHRADHA, EQ, 03-Jun-2026,35.44,35.0,35.5,33.5,34.6,34.6,34.8,25433,8.85,156,19755.0, 77.67,2026-06-03
SHREDIGCEM, EQ, 03-Jun-2026,73.0,73.0,73.09,71.42,72.35,72.22,72.06,27899,20.1,542,17047.0, 61.10,2026-06-03
SHREECEM, EQ, 03-Jun-2026,24995.0,24950.0,24960.0,24500.0,24810.0,24775.0,24769.77,26132,6472.84,7541,16109.0, 61.64,2026-06-03
SHREEJISPG, EQ, 03-Jun-2026,465.65,465.65,470.5,460.0,460.0,462.7,465.12,603380,2806.41,4758,147076.0, 24.38,2026-06-03
SHREEKARNI, SM, 03-Jun-2026,415.0,420.25,420.25,420.0,420.0,420.0,420.13,600,2.52,2,600.0, 100.00,2026-06-03
SHREEOSFM, SM, 03-Jun-2026,56.0,54.6,56.0,53.0,53.0,53.0,54.54,14000,7.64,11,14000.0, 100.00,2026-06-03
SHREEPUSHK, EQ, 03-Jun-2026,363.3,364.0,368.45,357.6,365.05,364.7,361.62,24229,87.62,1000,9828.0, 40.56,2026-06-03
SHREERAMA, EQ, 03-Jun-2026,46.22,44.7,45.79,43.4,44.5,44.25,44.66,46534,20.78,523,26687.0, 57.35,2026-06-03
SHRENIK, BZ, 03-Jun-2026,0.37,0.37,0.38,0.36,0.37,0.37,0.37,293049,1.08,161,, -,2026-06-03
SHREYANIND, EQ, 03-Jun-2026,144.53,146.5,146.5,142.27,145.9,142.51,143.07,1034,1.48,46,953.0, 92.17,2026-06-03
SHRIAHIMSA, SM, 03-Jun-2026,318.7,316.75,324.95,315.0,322.0,321.3,319.19,19200,61.29,31,15000.0, 78.13,2026-06-03
SHRIKANHA, ST, 03-Jun-2026,29.1,30.4,30.55,29.1,30.55,30.55,30.26,67200,20.33,34,65600.0, 97.62,2026-06-03
SHRIKRISH, EQ, 03-Jun-2026,40.55,44.5,44.5,40.0,42.0,42.16,41.79,2791,1.17,80,1818.0, 65.14,2026-06-03
SHRINGARMS, EQ, 03-Jun-2026,209.23,209.89,210.87,206.3,208.95,209.35,208.41,229674,478.66,2292,54127.0, 23.57,2026-06-03
SHRIPISTON, EQ, 03-Jun-2026,3452.1,3452.0,3488.0,3380.1,3463.0,3469.9,3445.16,34100,1174.8,7030,15350.0, 45.01,2026-06-03
SHRIRAMFIN, EQ, 03-Jun-2026,911.7,912.65,915.9,888.9,914.0,912.95,901.45,6951317,62662.34,139353,3649753.0, 52.50,2026-06-03
SHRIRAMPPS, EQ, 03-Jun-2026,88.57,88.0,91.7,87.36,89.6,89.77,89.23,1252828,1117.93,8068,499587.0, 39.88,2026-06-03
SHUBHLAXMI, SM, 03-Jun-2026,20.45,19.45,20.5,19.45,20.5,20.45,20.14,11000,2.22,9,9000.0, 81.82,2026-06-03
SHUBHSHREE, SM, 03-Jun-2026,300.0,300.0,300.0,295.0,295.0,295.0,298.0,900,2.68,3,600.0, 66.67,2026-06-03
SHYAMCENT, EQ, 03-Jun-2026,5.01,5.21,5.21,4.9,5.03,5.01,5.0,20450,1.02,177,14213.0, 69.50,2026-06-03
SHYAMDHANI, SM, 03-Jun-2026,67.75,67.7,67.7,65.0,65.0,65.0,66.13,18000,11.9,8,18000.0, 100.00,2026-06-03
SHYAMMETL, EQ, 03-Jun-2026,984.65,989.0,991.45,973.25,980.0,979.95,980.76,286092,2805.87,6459,93310.0, 32.62,2026-06-03
SHYAMTEL, BE, 03-Jun-2026,17.48,17.14,17.14,17.14,17.14,17.14,17.14,160,0.03,5,, -,2026-06-03
SICAGEN, EQ, 03-Jun-2026,57.04,57.05,59.44,55.44,57.5,57.48,57.02,12102,6.9,127,7345.0, 60.69,2026-06-03
SICALLOG, BE, 03-Jun-2026,64.64,64.64,66.0,64.0,65.0,65.53,65.5,69816,45.73,167,, -,2026-06-03
SIDDHICOTS, SM, 03-Jun-2026,28.15,27.85,27.85,27.0,27.0,27.15,27.18,20400,5.54,16,20400.0, 100.00,2026-06-03
SIDDHIKA, SM, 03-Jun-2026,219.6,230.0,230.0,220.05,220.05,222.0,226.08,3000,6.78,6,2000.0, 66.67,2026-06-03
SIEMENS, EQ, 03-Jun-2026,3729.7,3728.1,3755.0,3665.0,3709.0,3709.6,3705.72,464320,17206.4,35609,206437.0, 44.46,2026-06-03
SIGACHI, BE, 03-Jun-2026,21.88,22.0,22.0,21.3,21.84,21.61,21.55,390966,84.26,1078,, -,2026-06-03
SIGIND, EQ, 03-Jun-2026,49.1,50.9,50.9,48.77,49.74,49.31,49.22,7546,3.71,123,6522.0, 86.43,2026-06-03
SIGMA, EQ, 03-Jun-2026,40.79,40.99,40.99,39.51,40.1,40.0,40.15,92165,37.0,1095,63193.0, 68.57,2026-06-03
SIGMAADV, EQ, 03-Jun-2026,416.1,414.4,436.9,406.1,436.9,436.9,432.93,840720,3639.75,6719,468304.0, 55.70,2026-06-03
SIGNATURE, EQ, 03-Jun-2026,827.0,827.2,836.95,813.0,816.0,818.75,819.81,190005,1557.69,4331,12433.0, 6.54,2026-06-03
SIGNORIA, SM, 03-Jun-2026,62.75,65.85,65.85,61.0,61.0,61.0,64.73,12000,7.77,11,7000.0, 58.33,2026-06-03
SIGNPOST, EQ, 03-Jun-2026,275.0,275.25,275.25,258.55,268.5,270.4,264.65,202404,535.67,4047,98816.0, 48.82,2026-06-03
SIKA, EQ, 03-Jun-2026,897.8,904.4,908.0,885.0,907.8,903.6,896.0,8307,74.43,1261,3867.0, 46.55,2026-06-03
SIKKO, EQ, 03-Jun-2026,4.07,4.01,4.1,4.01,4.08,4.07,4.06,223820,9.09,437,174001.0, 77.74,2026-06-03
SIL, EQ, 03-Jun-2026,16.29,16.25,16.35,15.81,15.93,16.01,16.04,15126,2.43,179,12094.0, 79.96,2026-06-03
SILGO, EQ, 03-Jun-2026,82.82,83.84,85.0,77.5,82.35,80.85,82.61,336091,277.65,1554,92432.0, 27.50,2026-06-03
SILINV, EQ, 03-Jun-2026,426.55,412.55,428.9,412.55,420.0,420.0,420.46,1352,5.68,96,1089.0, 80.55,2026-06-03
SILKFLEX, ST, 03-Jun-2026,157.95,150.1,165.8,150.1,165.8,165.8,152.51,11000,16.78,9,10000.0, 90.91,2026-06-03
SILKY, SM, 03-Jun-2026,113.45,110.0,113.0,104.95,112.9,112.9,110.01,4000,4.4,5,800.0, 20.00,2026-06-03
SILLYMONKS, EQ, 03-Jun-2026,17.01,17.6,17.6,16.25,16.99,16.7,16.58,19665,3.26,64,18312.0, 93.12,2026-06-03
SILVER, EQ, 03-Jun-2026,262.48,259.92,260.64,257.08,257.59,257.68,258.29,896194,2314.82,8751,280938.0, 31.35,2026-06-03
SILVER1, EQ, 03-Jun-2026,25.53,25.6,25.6,24.98,25.02,25.01,25.08,9055967,2270.8,5673,4988515.0, 55.09,2026-06-03
SILVER360, EQ, 03-Jun-2026,258.61,255.37,256.42,253.0,253.66,253.5,254.46,22825,58.08,465,10010.0, 43.86,2026-06-03
SILVERADD, EQ, 03-Jun-2026,253.76,252.94,252.94,248.43,249.5,248.96,249.53,293440,732.22,3022,142759.0, 48.65,2026-06-03
SILVERAG, EQ, 03-Jun-2026,256.0,256.0,256.0,250.62,250.8,251.16,251.76,143666,361.69,2152,81289.0, 56.58,2026-06-03
SILVERBEES, EQ, 03-Jun-2026,251.56,249.2,249.9,246.5,246.75,246.79,247.76,18463657,45744.9,77093,6096739.0, 33.02,2026-06-03
SILVERBETA, EQ, 03-Jun-2026,254.3,251.44,252.16,248.8,249.45,249.21,249.7,523172,1306.35,4008,365502.0, 69.86,2026-06-03
SILVERBND, EQ, 03-Jun-2026,262.89,259.94,260.93,257.2,258.59,258.24,258.53,46547,120.34,360,37054.0, 79.61,2026-06-03
SILVERCASE, EQ, 03-Jun-2026,26.7,26.8,26.8,26.12,26.21,26.21,26.31,6994465,1840.03,10327,1446910.0, 20.69,2026-06-03
SILVERIETF, EQ, 03-Jun-2026,262.69,259.83,260.78,257.23,257.24,257.9,258.76,2753901,7125.88,19707,1267350.0, 46.02,2026-06-03
SILVERTUC, EQ, 03-Jun-2026,174.83,176.0,180.94,171.0,175.5,175.13,176.18,527804,929.87,5752,201014.0, 38.08,2026-06-03
SIMBHALS, BZ, 03-Jun-2026,7.58,7.21,7.58,7.21,7.21,7.21,7.23,18695,1.35,64,, -,2026-06-03
SIMCA, SM, 03-Jun-2026,141.15,142.55,142.55,133.6,136.5,136.15,135.77,98400,133.59,118,73200.0, 74.39,2026-06-03
SIMPLEXINF, EQ, 03-Jun-2026,237.95,236.0,239.85,232.05,235.0,237.2,235.44,82347,193.88,2093,43197.0, 52.46,2026-06-03
SINCLAIR, EQ, 03-Jun-2026,75.02,75.5,76.38,73.31,75.59,74.47,74.52,58351,43.48,1257,28629.0, 49.06,2026-06-03
SINDHUTRAD, EQ, 03-Jun-2026,26.35,26.4,26.69,25.9,25.91,25.99,26.19,502800,131.7,864,137405.0, 27.33,2026-06-03
SINGERIND, EQ, 03-Jun-2026,69.82,70.77,71.6,68.8,69.07,69.41,70.16,39953,28.03,537,20932.0, 52.39,2026-06-03
SINTERCOM, EQ, 03-Jun-2026,73.4,73.04,74.69,72.41,74.64,73.81,73.68,797,0.59,104,395.0, 49.56,2026-06-03
SIRCA, EQ, 03-Jun-2026,420.35,420.35,426.8,415.6,418.35,419.65,419.32,221155,927.35,2817,77383.0, 34.99,2026-06-03
SIS, EQ, 03-Jun-2026,412.5,413.0,425.45,399.2,421.0,419.4,419.57,428422,1797.55,19360,219701.0, 51.28,2026-06-03
SITINET, BZ, 03-Jun-2026,0.35,0.36,0.36,0.35,0.36,0.36,0.36,470831,1.69,127,, -,2026-06-03
SIYSIL, EQ, 03-Jun-2026,584.15,589.0,594.05,580.35,594.0,592.3,586.81,60827,356.94,2541,35514.0, 58.39,2026-06-03
SJLOGISTIC, SM, 03-Jun-2026,334.4,341.4,341.4,326.8,328.1,329.4,333.07,20500,68.28,73,11500.0, 56.10,2026-06-03
SJS, EQ, 03-Jun-2026,2018.2,2018.2,2050.9,1949.5,1969.8,1970.6,1973.07,111134,2192.75,14968,59616.0, 53.64,2026-06-03
SJVN, EQ, 03-Jun-2026,72.04,72.35,73.55,71.95,73.14,73.23,72.91,3543740,2583.71,22887,967144.0, 27.29,2026-06-03
SKFINDIA, EQ, 03-Jun-2026,1612.0,1630.0,1636.2,1580.0,1608.9,1606.5,1601.09,39811,637.41,4938,15115.0, 37.97,2026-06-03
SKFINDUS, EQ, 03-Jun-2026,2172.3,2161.5,2397.3,2161.2,2327.0,2324.9,2341.92,266082,6231.43,30740,49079.0, 18.45,2026-06-03
SKIPPER, EQ, 03-Jun-2026,572.4,569.0,574.7,558.05,565.1,570.5,567.22,1743919,9891.92,36565,798322.0, 45.78,2026-06-03
SKMEGGPROD, EQ, 03-Jun-2026,232.77,235.0,247.9,228.04,247.0,243.51,237.41,2661942,6319.59,32033,576466.0, 21.66,2026-06-03
SKP, SM, 03-Jun-2026,162.0,165.0,166.95,155.55,159.75,159.75,159.93,5500,8.8,11,2500.0, 45.45,2026-06-03
SKYGOLD, EQ, 03-Jun-2026,559.7,566.8,575.0,552.85,561.3,563.25,563.8,1758735,9915.78,29884,580442.0, 33.00,2026-06-03
SLONE, SM, 03-Jun-2026,157.8,155.05,155.85,152.0,155.0,155.0,154.97,13200,20.46,10,12400.0, 93.94,2026-06-03
SMALL250, EQ, 03-Jun-2026,16.99,17.33,17.33,16.75,16.97,16.99,16.99,1358710,230.79,952,896739.0, 66.00,2026-06-03
SMALLADD, EQ, 03-Jun-2026,17.04,17.04,17.04,16.79,16.97,17.0,16.85,37432,6.31,140,20485.0, 54.73,2026-06-03
SMALLCAP, EQ, 03-Jun-2026,44.99,44.81,45.19,44.31,44.76,44.73,44.63,1931298,862.01,3598,1165651.0, 60.36,2026-06-03
SMARTEN, SM, 03-Jun-2026,46.05,45.15,47.2,45.15,46.7,46.7,46.52,7200,3.35,6,4800.0, 66.67,2026-06-03
SMARTLINK, BE, 03-Jun-2026,153.62,154.0,154.0,148.0,153.1,153.11,151.27,6609,10.0,116,, -,2026-06-03
SMARTWORKS, EQ, 03-Jun-2026,442.35,436.65,455.0,433.1,451.45,450.9,449.8,99522,447.65,3338,70833.0, 71.17,2026-06-03
SMCGLOBAL, EQ, 03-Jun-2026,60.26,60.86,60.86,58.5,60.0,60.07,59.48,231372,137.62,2524,122800.0, 53.07,2026-06-03
SML100CASE, EQ, 03-Jun-2026,10.22,10.28,10.28,10.06,10.24,10.21,10.15,1006094,102.11,1333,553545.0, 55.02,2026-06-03
SMLMAH, EQ, 03-Jun-2026,3713.5,3700.0,3857.3,3649.9,3793.0,3813.4,3750.75,78020,2926.34,9921,25976.0, 33.29,2026-06-03
SMLT, EQ, 03-Jun-2026,73.11,72.0,73.0,71.02,71.3,71.77,71.55,6093,4.36,158,4472.0, 73.40,2026-06-03
SMSPHARMA, EQ, 03-Jun-2026,363.95,364.2,364.6,352.7,356.25,356.5,356.71,163360,582.72,4737,74527.0, 45.62,2026-06-03
SNEHAA, ST, 03-Jun-2026,46.5,46.5,46.5,46.5,46.5,46.5,46.5,8000,3.72,5,8000.0, 100.00,2026-06-03
SNOWMAN, EQ, 03-Jun-2026,36.92,36.9,37.45,36.34,37.0,37.29,36.89,119245,43.99,1108,64600.0, 54.17,2026-06-03
SNXT30BEES, EQ, 03-Jun-2026,42.0,41.79,42.19,41.7,42.07,41.92,41.89,1519,0.64,78,1224.0, 80.58,2026-06-03
SNXT50BETA, EQ, 03-Jun-2026,90.6,91.05,91.05,88.53,90.2,90.23,89.73,2494,2.24,83,1388.0, 55.65,2026-06-03
SOBHA, EQ, 03-Jun-2026,1387.0,1398.8,1398.9,1365.0,1382.0,1382.0,1374.99,39288,540.2,4005,12943.0, 32.94,2026-06-03
SOCL, ST, 03-Jun-2026,29.0,29.05,29.9,29.05,29.9,29.9,29.48,3200,0.94,2,3200.0, 100.00,2026-06-03
SOFTTECH, BE, 03-Jun-2026,463.0,463.55,463.55,455.0,456.0,456.0,461.26,1835,8.46,19,, -,2026-06-03
SOLARA, EQ, 03-Jun-2026,543.05,542.05,545.45,534.05,540.0,538.85,538.34,82577,444.54,5555,37752.0, 45.72,2026-06-03
SOLARINDS, EQ, 03-Jun-2026,18386.0,18396.0,18737.0,18285.0,18500.0,18577.0,18536.91,266212,49347.48,35563,159673.0, 59.98,2026-06-03
SOLARWORLD, EQ, 03-Jun-2026,204.02,205.0,208.5,197.34,198.8,198.26,200.98,295552,593.99,4059,161704.0, 54.71,2026-06-03
SOLEX, EQ, 03-Jun-2026,1213.1,1224.0,1224.0,1137.0,1137.0,1149.9,1165.2,64149,747.46,5357,40200.0, 62.67,2026-06-03
SOMANYCERA, EQ, 03-Jun-2026,518.05,522.0,526.45,501.65,518.6,517.75,512.16,148617,761.16,7449,56878.0, 38.27,2026-06-03
SOMATEX, EQ, 03-Jun-2026,105.95,106.48,106.48,101.01,102.98,101.95,103.36,25380,26.23,410,15065.0, 59.36,2026-06-03
SOMICONVEY, EQ, 03-Jun-2026,99.58,100.0,102.5,98.0,101.49,100.37,99.85,8396,8.38,176,5814.0, 69.25,2026-06-03
SONACOMS, EQ, 03-Jun-2026,611.35,615.0,615.15,599.55,603.75,603.45,607.42,1008198,6123.96,22448,417076.0, 41.37,2026-06-03
SONAMAC, ST, 03-Jun-2026,36.6,36.25,38.25,36.2,36.5,36.5,36.62,8000,2.93,8,7000.0, 87.50,2026-06-03
SONAMLTD, EQ, 03-Jun-2026,57.08,59.5,60.35,56.71,59.34,59.07,59.28,207878,123.23,1094,150502.0, 72.40,2026-06-03
SONATSOFTW, EQ, 03-Jun-2026,278.35,277.95,277.95,261.8,267.5,267.35,266.97,1607373,4291.2,27274,464453.0, 28.90,2026-06-03
SONUINFRA, SM, 03-Jun-2026,46.45,44.25,45.95,44.25,45.95,45.1,45.1,3000,1.35,2,1500.0, 50.00,2026-06-03
SOTL, EQ, 03-Jun-2026,437.75,439.95,525.3,436.0,525.3,514.6,492.32,4841240,23834.17,87863,457937.0, 9.46,2026-06-03
SOUTHBANK, EQ, 03-Jun-2026,42.08,42.28,44.3,42.0,43.7,43.6,43.14,32825203,14160.4,53740,15661773.0, 47.71,2026-06-03
SOUTHWEST, EQ, 03-Jun-2026,265.0,267.0,271.95,257.05,262.8,262.5,262.26,167281,438.71,4440,82515.0, 49.33,2026-06-03
SPAL, EQ, 03-Jun-2026,807.1,805.1,849.5,797.7,844.5,843.9,835.41,50111,418.63,3417,21911.0, 43.72,2026-06-03
SPANDANA, EQ, 03-Jun-2026,255.3,254.05,259.0,249.5,254.1,256.95,253.99,150935,383.36,4926,70670.0, 46.82,2026-06-03
SPARC, EQ, 03-Jun-2026,204.24,205.67,210.59,196.5,208.7,208.5,204.66,4848519,9922.76,33488,1200574.0, 24.76,2026-06-03
SPCENET, EQ, 03-Jun-2026,3.56,3.59,3.65,3.51,3.61,3.61,3.62,437857,15.86,645,351822.0, 80.35,2026-06-03
SPCL, SM, 03-Jun-2026,74.2,74.0,74.5,71.0,71.0,71.9,73.03,24000,17.53,37,12600.0, 52.50,2026-06-03
SPEB, ST, 03-Jun-2026,97.0,95.5,96.5,93.0,96.5,95.85,94.47,18000,17.01,9,18000.0, 100.00,2026-06-03
SPECIALITY, EQ, 03-Jun-2026,108.38,109.89,109.89,105.93,106.7,106.95,107.15,15629,16.75,170,11716.0, 74.96,2026-06-03
SPECTRUM, EQ, 03-Jun-2026,1473.7,1479.9,1687.9,1473.7,1605.0,1621.1,1609.77,273765,4406.99,21126,38531.0, 14.07,2026-06-03
SPECTSTM, ST, 03-Jun-2026,71.95,70.0,70.0,68.4,70.0,70.0,68.84,15200,10.46,18,14400.0, 94.74,2026-06-03
SPENCERS, EQ, 03-Jun-2026,34.8,34.8,35.41,34.22,34.64,34.88,34.9,46934,16.38,726,21959.0, 46.79,2026-06-03
SPIC, EQ, 03-Jun-2026,68.53,68.33,71.19,68.0,70.3,70.62,69.64,882595,614.64,7176,341992.0, 38.75,2026-06-03
SPLIL, EQ, 03-Jun-2026,30.35,30.31,30.79,30.3,30.3,30.44,30.41,1459,0.44,30,788.0, 54.01,2026-06-03
SPLPETRO, EQ, 03-Jun-2026,702.3,703.8,710.0,687.0,704.95,706.35,700.23,30784,215.56,4344,10826.0, 35.17,2026-06-03
SPMLINFRA, EQ, 03-Jun-2026,206.61,205.75,206.0,199.1,202.0,201.97,201.1,256427,515.68,4793,120455.0, 46.97,2026-06-03
SPORTKING, EQ, 03-Jun-2026,190.64,187.4,189.64,181.0,182.87,182.43,183.76,376789,692.37,5606,188130.0, 49.93,2026-06-03
SPPPOLY, SM, 03-Jun-2026,12.75,12.15,12.15,12.15,12.15,12.15,12.15,2000,0.24,1,2000.0, 100.00,2026-06-03
SPUNWEB, SM, 03-Jun-2026,110.0,110.0,110.0,107.0,107.0,107.0,108.5,2400,2.6,2,2400.0, 100.00,2026-06-03
SRD, EQ, 03-Jun-2026,40.61,40.49,41.59,39.65,39.8,40.16,40.42,34248,13.84,267,12658.0, 36.96,2026-06-03
SREEL, EQ, 03-Jun-2026,200.63,201.09,204.8,199.02,201.0,200.48,200.99,3821,7.68,160,2838.0, 74.27,2026-06-03
SRF, EQ, 03-Jun-2026,2745.3,2740.1,2758.0,2711.6,2712.0,2718.4,2728.44,530894,14485.11,14120,324397.0, 61.10,2026-06-03
SRGHFL, EQ, 03-Jun-2026,288.6,284.9,288.55,277.95,279.2,279.45,282.04,74913,211.29,62,73932.0, 98.69,2026-06-03
SRHHYPOLTD, EQ, 03-Jun-2026,510.95,512.0,516.7,501.0,510.0,511.5,507.51,11007,55.86,626,5628.0, 51.13,2026-06-03
SRIVASAVI, SM, 03-Jun-2026,51.0,49.2,49.2,49.2,49.2,49.2,49.2,1000,0.49,1,1000.0, 100.00,2026-06-03
SRM, EQ, 03-Jun-2026,509.35,506.0,508.75,485.65,488.6,489.6,494.83,151556,749.94,5296,78457.0, 51.77,2026-06-03
SRTL, EQ, 03-Jun-2026,41.94,42.34,42.38,41.1,42.2,41.97,41.65,65594,27.32,622,47259.0, 72.05,2026-06-03
SSDL, EQ, 03-Jun-2026,59.03,58.11,59.89,57.42,58.4,58.24,58.25,27274,15.89,575,17677.0, 64.81,2026-06-03
SSEGL, SM, 03-Jun-2026,361.35,361.0,367.95,353.4,353.5,354.05,356.49,18800,67.02,89,12200.0, 64.89,2026-06-03
SSFL, SM, 03-Jun-2026,167.2,168.0,171.3,164.0,168.5,167.7,167.56,55500,92.99,93,27500.0, 49.55,2026-06-03
SSFLPP, E1, 03-Jun-2026,121.9,122.0,126.0,120.2,126.0,126.0,121.63,1149,1.4,64,1143.0, 99.48,2026-06-03
SSWL, EQ, 03-Jun-2026,209.59,211.0,219.4,207.18,217.0,217.2,214.23,1139176,2440.44,15593,637394.0, 55.95,2026-06-03
STALLION, EQ, 03-Jun-2026,177.91,179.49,195.02,178.79,193.6,193.5,189.19,7695544,14559.17,65768,2107568.0, 27.39,2026-06-03
STANLEY, EQ, 03-Jun-2026,147.2,148.11,148.21,142.5,143.15,143.59,144.65,239022,345.75,3960,162769.0, 68.10,2026-06-03
STAR, EQ, 03-Jun-2026,1075.0,1080.0,1086.5,1066.1,1079.1,1081.2,1077.11,131665,1418.18,10654,55582.0, 42.21,2026-06-03
STARCEMENT, EQ, 03-Jun-2026,211.41,210.0,210.78,208.25,209.0,209.0,209.16,356834,746.35,5447,251994.0, 70.62,2026-06-03
STARHEALTH, EQ, 03-Jun-2026,533.7,533.95,539.45,525.8,528.9,530.05,531.34,381004,2024.42,12473,198882.0, 52.20,2026-06-03
STARPAPER, EQ, 03-Jun-2026,138.69,139.94,143.11,139.61,142.39,141.94,141.78,20484,29.04,338,14131.0, 68.99,2026-06-03
STARTECK, EQ, 03-Jun-2026,267.65,266.2,268.0,265.0,265.0,265.0,266.6,5869,15.65,90,195.0, 3.32,2026-06-03
STCINDIA, EQ, 03-Jun-2026,118.38,118.1,121.44,118.01,120.0,119.95,119.95,44845,53.79,1086,15274.0, 34.06,2026-06-03
STEELCAS, EQ, 03-Jun-2026,273.5,271.0,285.0,270.15,275.1,278.7,278.03,58480,162.59,2378,24353.0, 41.64,2026-06-03
STEELCITY, EQ, 03-Jun-2026,78.83,78.5,78.83,75.0,77.5,76.92,76.75,6395,4.91,210,4489.0, 70.20,2026-06-03
STEELXIND, EQ, 03-Jun-2026,12.14,12.19,12.68,11.72,12.3,12.33,12.18,5339875,650.14,7128,2450747.0, 45.90,2026-06-03
STEL, EQ, 03-Jun-2026,485.4,495.5,495.9,484.05,495.0,490.45,489.26,7467,36.53,459,4999.0, 66.95,2026-06-03
STERTOOLS, EQ, 03-Jun-2026,231.7,231.0,232.7,222.61,224.2,225.01,225.56,63550,143.34,1544,36771.0, 57.86,2026-06-03
STLNETWORK, BE, 03-Jun-2026,28.58,28.29,30.0,27.61,29.52,29.75,28.91,1717152,496.45,3135,, -,2026-06-03
STLTECH, BE, 03-Jun-2026,591.05,610.0,620.6,603.2,620.6,620.6,619.3,3222970,19959.79,23490,, -,2026-06-03
STOVEKRAFT, EQ, 03-Jun-2026,622.9,618.05,626.2,612.2,619.4,619.45,618.47,129820,802.89,7490,80501.0, 62.01,2026-06-03
STRIDERS, SM, 03-Jun-2026,51.5,54.9,61.8,54.9,61.8,61.8,58.45,68800,40.21,41,54400.0, 79.07,2026-06-03
STUDDS, EQ, 03-Jun-2026,450.45,443.95,453.45,438.55,439.0,441.9,444.44,35198,156.44,1422,20873.0, 59.30,2026-06-03
STUDIOLSD, ST, 03-Jun-2026,10.3,10.0,10.0,9.9,9.9,9.9,9.96,40000,3.98,16,36000.0, 90.00,2026-06-03
STYL, EQ, 03-Jun-2026,271.75,273.55,279.5,263.05,275.35,275.55,271.48,148287,402.57,2953,67468.0, 45.50,2026-06-03
STYLAMIND, EQ, 03-Jun-2026,2957.9,2989.0,3002.0,2914.3,2982.0,2989.8,2957.05,35488,1049.4,6968,19520.0, 55.00,2026-06-03
STYLEBAAZA, BE, 03-Jun-2026,326.8,320.9,331.0,320.6,328.95,328.85,327.95,105729,346.74,967,, -,2026-06-03
STYRENIX, EQ, 03-Jun-2026,2263.1,2254.3,2259.9,2225.4,2229.9,2231.7,2238.65,7727,172.98,1192,3946.0, 51.07,2026-06-03
SUBAHOTELS, SM, 03-Jun-2026,120.25,121.0,121.0,115.0,116.95,116.4,117.14,48000,56.23,36,37200.0, 77.50,2026-06-03
SUBEXLTD, BE, 03-Jun-2026,10.69,11.05,11.05,10.61,10.87,10.75,10.78,694414,74.87,1228,, -,2026-06-03
SUBROS, EQ, 03-Jun-2026,721.35,722.0,727.0,710.95,727.0,721.2,717.72,23999,172.25,1447,12362.0, 51.51,2026-06-03
SUDARCOLOR, EQ, 03-Jun-2026,362.0,356.55,361.15,356.55,357.0,358.0,358.68,666,2.39,54,395.0, 59.31,2026-06-03
SUDARSCHEM, EQ, 03-Jun-2026,897.25,899.0,906.7,877.9,883.0,885.9,888.01,126620,1124.4,8541,60463.0, 47.75,2026-06-03
SUDEEPPHRM, EQ, 03-Jun-2026,776.9,777.6,790.0,760.7,766.0,764.6,770.58,237771,1832.21,14077,115747.0, 48.68,2026-06-03
SUKHJITS, EQ, 03-Jun-2026,175.62,176.89,178.99,171.03,171.03,172.86,175.43,26679,46.8,1395,5858.0, 21.96,2026-06-03
SULA, EQ, 03-Jun-2026,158.31,159.0,159.0,153.54,156.74,156.04,155.86,186044,289.97,4964,93768.0, 50.40,2026-06-03
SUMEETINDS, EQ, 03-Jun-2026,29.32,29.35,29.54,28.27,28.8,29.3,29.0,250751,72.71,982,147908.0, 58.99,2026-06-03
SUMICHEM, EQ, 03-Jun-2026,487.75,487.7,488.0,472.5,480.75,482.8,479.48,79375,380.59,4211,40575.0, 51.12,2026-06-03
SUMIT, BE, 03-Jun-2026,44.46,44.0,45.4,42.25,43.38,43.16,43.11,41053,17.7,118,, -,2026-06-03
SUMMITSEC, EQ, 03-Jun-2026,1540.0,1540.1,1545.4,1508.0,1537.6,1537.9,1523.53,2237,34.08,333,1202.0, 53.73,2026-06-03
SUNCLAY, EQ, 03-Jun-2026,1300.0,1281.8,1349.0,1281.8,1310.0,1322.4,1314.32,6370,83.72,716,3478.0, 54.60,2026-06-03
SUNDARAM, EQ, 03-Jun-2026,1.37,1.38,1.4,1.35,1.36,1.36,1.37,309471,4.23,318,250593.0, 80.97,2026-06-03
SUNDARMFIN, EQ, 03-Jun-2026,4250.2,4245.0,4250.0,4115.0,4180.0,4169.5,4176.92,83380,3482.72,16733,48276.0, 57.90,2026-06-03
SUNDRMBRAK, EQ, 03-Jun-2026,692.7,697.0,697.4,676.8,689.85,687.35,688.69,2299,15.83,108,1735.0, 75.47,2026-06-03
SUNDRMFAST, EQ, 03-Jun-2026,835.25,834.0,838.8,821.15,831.2,834.05,829.31,34361,284.96,5320,18655.0, 54.29,2026-06-03
SUNDROP, EQ, 03-Jun-2026,654.25,655.55,658.9,650.2,650.2,652.4,654.52,6222,40.72,230,4354.0, 69.98,2026-06-03
SUNFLAG, EQ, 03-Jun-2026,375.85,379.0,387.15,370.2,380.2,383.0,379.64,499290,1895.51,9769,183498.0, 36.75,2026-06-03
SUNLITE, ST, 03-Jun-2026,419.1,413.0,440.05,413.0,440.05,440.05,430.94,21900,94.37,70,20700.0, 94.52,2026-06-03
SUNPHARMA, EQ, 03-Jun-2026,1789.9,1781.0,1796.3,1756.8,1787.0,1788.5,1775.57,4209769,74747.35,151218,2957252.0, 70.25,2026-06-03
SUNREST, SM, 03-Jun-2026,35.0,34.0,34.0,34.0,34.0,34.0,34.0,4800,1.63,1,4800.0, 100.00,2026-06-03
SUNTECH, ST, 03-Jun-2026,37.05,38.7,38.75,36.9,36.9,36.95,38.01,8000,3.04,5,8000.0, 100.00,2026-06-03
SUNTECK, EQ, 03-Jun-2026,288.15,288.2,289.0,276.15,280.5,281.4,280.23,414289,1160.98,11608,242746.0, 58.59,2026-06-03
SUNTV, EQ, 03-Jun-2026,517.9,514.9,517.25,507.5,513.0,515.25,513.22,166416,854.07,5549,59165.0, 35.55,2026-06-03
SUPERHOUSE, EQ, 03-Jun-2026,151.09,151.26,154.0,149.0,150.16,152.87,152.42,2570,3.92,162,1375.0, 53.50,2026-06-03
SUPERSPIN, EQ, 03-Jun-2026,5.11,5.12,5.12,4.61,5.02,5.02,4.82,87257,4.21,252,49858.0, 57.14,2026-06-03
SUPRAJIT, EQ, 03-Jun-2026,459.25,463.4,473.9,460.4,464.0,465.45,467.06,190228,888.48,8313,64885.0, 34.11,2026-06-03
SUPREME, EQ, 03-Jun-2026,47.2,47.9,47.9,46.23,47.29,47.0,46.96,75105,35.27,730,63438.0, 84.47,2026-06-03
SUPREMEENG, BZ, 03-Jun-2026,0.95,0.95,0.99,0.91,0.96,0.94,0.93,196736,1.83,124,, -,2026-06-03
SUPREMEIND, EQ, 03-Jun-2026,3553.1,3560.0,3585.0,3514.0,3562.0,3572.9,3555.48,67033,2383.34,14005,28269.0, 42.17,2026-06-03
SUPREMEINF, EQ, 03-Jun-2026,82.18,78.08,78.08,78.08,78.08,78.08,78.08,19418,15.16,30,19418.0, 100.00,2026-06-03
SUPREMEPWR, ST, 03-Jun-2026,246.25,258.55,258.55,252.95,258.55,258.55,257.78,168500,434.36,262,161500.0, 95.85,2026-06-03
SUPRIYA, EQ, 03-Jun-2026,917.25,917.3,935.0,881.45,901.95,900.95,904.89,999067,9040.46,41612,236222.0, 23.64,2026-06-03
SURAJEST, EQ, 03-Jun-2026,196.49,196.49,198.4,188.05,188.05,189.76,191.45,243025,465.26,2946,182634.0, 75.15,2026-06-03
SURAJLTD, EQ, 03-Jun-2026,230.17,227.0,232.0,227.0,230.0,230.0,229.48,82,0.19,10,66.0, 80.49,2026-06-03
SURAKSHA, EQ, 03-Jun-2026,290.25,290.25,293.85,286.8,292.4,291.25,289.91,14982,43.43,710,6224.0, 41.54,2026-06-03
SURANASOL, EQ, 03-Jun-2026,26.87,26.85,28.5,26.3,27.2,26.98,27.21,75447,20.53,681,43281.0, 57.37,2026-06-03
SURANAT&P, EQ, 03-Jun-2026,18.16,18.3,18.39,17.31,17.99,17.94,17.82,70459,12.55,580,51630.0, 73.28,2026-06-03
SURANI, ST, 03-Jun-2026,132.5,127.0,138.0,125.9,134.0,134.0,133.16,2200,2.93,6,2200.0, 100.00,2026-06-03
SURYALA, EQ, 03-Jun-2026,462.7,460.0,473.3,451.2,452.25,453.5,457.89,2672,12.23,163,1921.0, 71.89,2026-06-03
SURYALAXMI, EQ, 03-Jun-2026,57.45,58.48,58.48,57.48,57.49,57.49,58.34,58,0.03,4,58.0, 100.00,2026-06-03
SURYAROSNI, EQ, 03-Jun-2026,249.94,250.75,257.5,246.1,251.3,253.63,252.03,1416060,3568.94,18333,740227.0, 52.27,2026-06-03
SURYODAY, EQ, 03-Jun-2026,168.92,167.2,172.9,165.12,168.1,169.67,170.32,436485,743.41,6504,194093.0, 44.47,2026-06-03
SUTLEJTEX, EQ, 03-Jun-2026,35.66,36.05,36.05,34.78,35.2,35.22,35.17,18868,6.63,376,8985.0, 47.62,2026-06-03
SUVEN, EQ, 03-Jun-2026,275.2,277.0,278.5,269.15,275.8,275.35,274.66,1030873,2831.4,16195,443495.0, 43.02,2026-06-03
SUVIDHAA, EQ, 03-Jun-2026,2.68,2.72,2.73,2.57,2.62,2.62,2.64,145312,3.83,240,70461.0, 48.49,2026-06-03
SUYOG, EQ, 03-Jun-2026,770.2,767.8,777.6,741.1,768.0,759.55,761.59,15891,121.02,1600,4975.0, 31.31,2026-06-03
SUZLON, EQ, 03-Jun-2026,54.52,54.52,55.04,53.25,54.3,54.4,54.09,90350201,48871.41,107346,22070407.0, 24.43,2026-06-03
SVLL, EQ, 03-Jun-2026,655.6,679.0,709.0,659.6,690.0,687.95,690.45,5576,38.5,302,2613.0, 46.86,2026-06-03
SVPGLOB, BE, 03-Jun-2026,3.99,3.94,4.09,3.81,4.08,4.08,3.92,25577,1.0,49,, -,2026-06-03
SWANCORP, EQ, 03-Jun-2026,315.3,315.0,327.35,308.5,323.05,324.95,316.61,877380,2777.85,15397,330673.0, 37.69,2026-06-03
SWANDEF, BE, 03-Jun-2026,2038.3,2035.0,2035.0,1936.4,1997.7,1978.8,1968.47,14644,288.26,1022,, -,2026-06-03
SWARAJ, SM, 03-Jun-2026,237.9,241.8,241.8,235.2,238.5,237.4,239.19,19000,45.45,36,13000.0, 68.42,2026-06-03
SWARAJENG, EQ, 03-Jun-2026,3797.8,3779.0,3797.0,3752.0,3760.1,3778.3,3773.03,6871,259.24,1224,2210.0, 32.16,2026-06-03
SWELECTES, EQ, 03-Jun-2026,651.4,650.0,675.0,642.5,651.1,661.95,653.8,30138,197.04,1596,18075.0, 59.97,2026-06-03
SWIGGY, EQ, 03-Jun-2026,254.15,254.0,254.65,248.25,251.5,251.9,251.1,3860529,9693.77,26706,978300.0, 25.34,2026-06-03
SWSOLAR, EQ, 03-Jun-2026,191.59,192.0,196.9,180.0,194.02,194.75,188.2,4006488,7540.4,33709,1364830.0, 34.07,2026-06-03
SYMPHONY, EQ, 03-Jun-2026,692.7,695.0,699.0,683.55,690.45,690.2,688.82,52946,364.7,2867,25257.0, 47.70,2026-06-03
SYNCOMF, EQ, 03-Jun-2026,14.93,14.88,14.93,14.4,14.75,14.68,14.65,2064761,302.53,3555,963913.0, 46.68,2026-06-03
SYNGENE, EQ, 03-Jun-2026,440.85,444.0,444.0,432.15,437.35,438.1,436.32,319473,1393.92,11881,115891.0, 36.28,2026-06-03
SYNOPTICS, SM, 03-Jun-2026,48.45,48.45,50.85,48.45,50.85,50.85,49.65,1200,0.6,2,1200.0, 100.00,2026-06-03
SYRMA, EQ, 03-Jun-2026,1166.8,1172.0,1214.8,1156.7,1195.1,1195.3,1187.65,2008192,23850.38,75150,683868.0, 34.05,2026-06-03
SYSTANGO, SM, 03-Jun-2026,228.85,226.4,236.85,225.55,235.8,233.7,231.69,31600,73.21,77,23200.0, 73.42,2026-06-03
SYSTMTXC, EQ, 03-Jun-2026,64.74,67.8,67.8,64.41,66.62,66.7,66.13,55496,36.7,284,5637.0, 10.16,2026-06-03
TAALTECH, EQ, 03-Jun-2026,3607.9,3610.0,3690.0,3550.0,3625.0,3584.5,3605.39,2318,83.57,397,1854.0, 79.98,2026-06-03
TAC, SM, 03-Jun-2026,385.2,383.0,387.0,372.0,382.0,378.3,377.9,59600,225.23,237,34000.0, 57.05,2026-06-03
TAINWALCHM, EQ, 03-Jun-2026,196.07,191.15,201.91,186.61,193.0,192.94,191.16,2815,5.38,45,2259.0, 80.25,2026-06-03
TAJGVK, EQ, 03-Jun-2026,340.5,343.5,347.45,335.35,338.6,339.2,340.81,87460,298.07,3326,34163.0, 39.06,2026-06-03
TAKE, BE, 03-Jun-2026,30.62,30.86,30.86,29.27,30.2,30.02,30.01,398281,119.54,6047,, -,2026-06-03
TALBROAUTO, EQ, 03-Jun-2026,342.35,340.2,357.85,330.25,352.0,352.95,346.03,227685,787.85,7675,112220.0, 49.29,2026-06-03
TAMBOLIIN, EQ, 03-Jun-2026,180.0,185.0,185.0,167.33,169.75,173.27,170.54,5844,9.97,105,5370.0, 91.89,2026-06-03
TANKUP, ST, 03-Jun-2026,824.25,830.0,865.45,830.0,865.45,865.45,859.29,5000,42.96,14,5000.0, 100.00,2026-06-03
TANLA, EQ, 03-Jun-2026,543.05,542.7,542.7,518.55,528.5,528.3,525.68,625073,3285.87,19466,264259.0, 42.28,2026-06-03
TARACHAND, EQ, 03-Jun-2026,60.24,61.4,61.4,57.11,58.7,58.62,58.37,261599,152.69,2821,141505.0, 54.09,2026-06-03
TARAPUR, EQ, 03-Jun-2026,18.82,18.81,18.81,17.88,18.16,17.97,18.04,71129,12.83,456,46388.0, 65.22,2026-06-03
TARC, EQ, 03-Jun-2026,131.15,131.19,132.0,128.62,130.7,130.28,130.07,271597,353.26,2896,114135.0, 42.02,2026-06-03
TARIL, EQ, 03-Jun-2026,312.35,312.9,314.9,305.55,311.95,311.75,310.23,976076,3028.13,19474,338819.0, 34.71,2026-06-03
TARMAT, EQ, 03-Jun-2026,51.95,52.1,53.4,51.56,51.56,51.92,52.08,5548,2.89,62,4014.0, 72.35,2026-06-03
TARSONS, EQ, 03-Jun-2026,207.54,205.69,208.39,203.46,205.9,206.48,205.88,41461,85.36,1070,19855.0, 47.89,2026-06-03
TASTYBITE, EQ, 03-Jun-2026,7569.5,7421.0,8002.5,7421.0,7708.0,7716.5,7721.2,4530,349.77,1455,1404.0, 30.99,2026-06-03
TATACAP, EQ, 03-Jun-2026,300.75,300.75,310.1,298.05,309.6,309.1,305.96,2647388,8099.85,46562,1171676.0, 44.26,2026-06-03
TATACHEM, EQ, 03-Jun-2026,738.1,738.1,740.0,715.0,719.0,719.75,722.1,461010,3328.96,16283,192327.0, 41.72,2026-06-03
TATACOMM, EQ, 03-Jun-2026,1906.2,1906.2,1960.0,1905.9,1955.0,1933.7,1930.77,764419,14759.19,44553,381166.0, 49.86,2026-06-03
TATACONSUM, EQ, 03-Jun-2026,1154.7,1160.0,1163.9,1140.5,1143.2,1144.0,1149.86,1872463,21530.79,42292,988676.0, 52.80,2026-06-03
TATAELXSI, EQ, 03-Jun-2026,4530.3,4496.1,4497.9,4287.0,4341.0,4347.0,4349.42,498745,21692.53,43770,149678.0, 30.01,2026-06-03
TATAGOLD, EQ, 03-Jun-2026,15.09,15.2,15.2,14.95,14.99,14.98,15.0,51680110,7752.71,63473,12749209.0, 24.67,2026-06-03
TATAINVEST, EQ, 03-Jun-2026,670.55,670.55,673.85,656.2,666.0,665.2,663.6,238063,1579.78,10736,84564.0, 35.52,2026-06-03
TATAPOWER, EQ, 03-Jun-2026,414.9,414.45,414.95,407.25,411.95,411.75,410.52,3650477,14985.8,42353,1126995.0, 30.87,2026-06-03
TATASTEEL, EQ, 03-Jun-2026,210.6,210.71,212.49,207.6,211.6,211.89,210.21,23198930,48765.41,152345,10482481.0, 45.19,2026-06-03
TATATECH, EQ, 03-Jun-2026,737.95,741.0,741.0,705.8,730.0,731.05,721.15,1460058,10529.18,38860,519537.0, 35.58,2026-06-03
TATSILV, EQ, 03-Jun-2026,25.52,25.15,25.35,25.0,25.03,25.03,25.14,43377655,10903.74,55598,15676446.0, 36.14,2026-06-03
TATVA, EQ, 03-Jun-2026,1214.4,1210.0,1239.5,1202.6,1216.1,1222.4,1220.3,37807,461.36,3666,16946.0, 44.82,2026-06-03
TAURIAN, SM, 03-Jun-2026,276.9,274.5,286.0,265.15,265.15,268.55,275.06,44000,121.03,52,29600.0, 67.27,2026-06-03
TBI, SM, 03-Jun-2026,68.75,67.05,72.0,67.05,72.0,71.65,70.1,45600,31.97,57,37800.0, 82.89,2026-06-03
TBOTEK, EQ, 03-Jun-2026,1229.6,1244.1,1244.1,1163.5,1200.5,1193.9,1186.01,93637,1110.55,14547,47649.0, 50.89,2026-06-03
TBZ, EQ, 03-Jun-2026,178.84,178.84,183.59,174.85,178.5,177.49,178.26,770397,1373.27,9892,294630.0, 38.24,2026-06-03
TCC, EQ, 03-Jun-2026,374.55,376.15,377.2,363.2,370.0,368.9,369.75,14852,54.92,197,13553.0, 91.25,2026-06-03
TCI, EQ, 03-Jun-2026,919.1,919.1,934.5,915.0,933.05,931.5,925.9,33715,312.17,2758,19454.0, 57.70,2026-06-03
TCIEXP, EQ, 03-Jun-2026,495.35,495.0,518.8,494.0,518.0,516.7,508.46,16021,81.46,887,10438.0, 65.15,2026-06-03
TCIFINANCE, EQ, 03-Jun-2026,13.17,13.03,13.29,13.0,13.2,13.16,13.13,3381,0.44,76,2401.0, 71.01,2026-06-03
TCPLPACK, EQ, 03-Jun-2026,2580.9,2580.0,2581.0,2500.1,2570.0,2524.8,2537.74,982,24.92,352,474.0, 48.27,2026-06-03
TCS, EQ, 03-Jun-2026,2446.9,2393.0,2393.0,2224.8,2245.0,2241.7,2267.78,15660062,355136.38,502630,6971192.0, 44.52,2026-06-03
TDPOWERSYS, EQ, 03-Jun-2026,1235.0,1244.0,1309.5,1241.4,1288.0,1286.3,1283.73,1309216,16806.77,60525,521452.0, 39.83,2026-06-03
TEAMGTY, EQ, 03-Jun-2026,250.05,281.75,281.75,247.0,250.6,255.5,259.55,6772,17.58,243,1535.0, 22.67,2026-06-03
TEAMLEASE, EQ, 03-Jun-2026,1381.7,1386.7,1386.7,1372.2,1379.0,1377.3,1378.19,18571,255.94,2498,12366.0, 66.59,2026-06-03
TEAMTECH, ST, 03-Jun-2026,70.0,69.5,73.5,68.25,73.5,72.85,70.7,112000,79.19,53,108000.0, 96.43,2026-06-03
TECH, EQ, 03-Jun-2026,33.96,33.74,33.74,32.01,32.08,32.17,32.28,408857,131.99,1510,374286.0, 91.54,2026-06-03
TECHD, ST, 03-Jun-2026,624.85,611.35,655.5,611.35,650.0,646.4,640.48,14100,90.31,44,12000.0, 85.11,2026-06-03
TECHERA, SM, 03-Jun-2026,165.85,157.6,157.6,157.6,157.6,157.6,157.6,33600,52.95,22,33600.0, 100.00,2026-06-03
TECHLABS, ST, 03-Jun-2026,170.7,162.2,162.2,162.2,162.2,162.2,162.2,12375,20.07,57,12375.0, 100.00,2026-06-03
TECHM, EQ, 03-Jun-2026,1571.4,1549.1,1554.7,1467.6,1470.0,1472.3,1493.06,3493572,52160.99,120613,1506444.0, 43.12,2026-06-03
TECHNOE, EQ, 03-Jun-2026,1065.8,1065.8,1066.1,1042.4,1045.3,1047.1,1051.78,205467,2161.07,12189,98275.0, 47.83,2026-06-03
TECHNVISN, EQ, 03-Jun-2026,5400.0,5390.0,5420.0,5000.0,5100.0,5105.5,5223.29,204,10.66,103,180.0, 88.24,2026-06-03
TECILCHEM, EQ, 03-Jun-2026,11.87,12.25,12.25,11.4,11.6,11.62,11.67,8717,1.02,75,5556.0, 63.74,2026-06-03
TEGA, EQ, 03-Jun-2026,1827.1,1840.5,1845.6,1790.1,1830.0,1821.1,1811.64,109380,1981.58,9445,37131.0, 33.95,2026-06-03
TEJASCARGO, SM, 03-Jun-2026,380.0,390.0,390.0,390.0,390.0,390.0,390.0,2800,10.92,7,2800.0, 100.00,2026-06-03
TEJASNET, EQ, 03-Jun-2026,537.3,544.0,582.4,538.55,565.3,569.25,563.13,32816753,184802.33,382947,2856659.0, 8.70,2026-06-03
TEMBO, EQ, 03-Jun-2026,592.5,596.0,596.0,568.05,571.9,571.15,574.11,122439,702.94,3789,50547.0, 41.28,2026-06-03
TENNIND, EQ, 03-Jun-2026,578.25,580.0,587.45,565.4,570.95,570.25,574.82,379621,2182.12,19302,169607.0, 44.68,2026-06-03
TERASOFT, EQ, 03-Jun-2026,430.1,439.7,451.6,424.0,451.6,451.6,443.71,50933,226.0,1706,28182.0, 55.33,2026-06-03
TEXINFRA, EQ, 03-Jun-2026,96.02,96.24,99.7,95.31,98.6,98.79,97.36,109234,106.35,1025,66798.0, 61.15,2026-06-03
TEXMOPIPES, EQ, 03-Jun-2026,42.91,42.91,43.9,42.0,42.45,42.28,42.74,26969,11.53,375,18789.0, 69.67,2026-06-03
TEXRAIL, EQ, 03-Jun-2026,104.19,104.17,104.17,101.15,102.85,102.85,102.31,1910049,1954.22,15068,711813.0, 37.27,2026-06-03
TFCILTD, EQ, 03-Jun-2026,75.5,75.7,76.9,74.25,75.65,75.91,75.85,5855346,4441.51,12404,2206937.0, 37.69,2026-06-03
TFL, EQ, 03-Jun-2026,12.3,12.21,12.75,11.82,12.01,12.24,12.25,1410,0.17,48,1157.0, 82.06,2026-06-03
TGBHOTELS, EQ, 03-Jun-2026,9.03,9.21,9.21,8.98,9.06,9.11,9.09,7783,0.71,67,6074.0, 78.04,2026-06-03
TGL, ST, 03-Jun-2026,22.3,23.25,23.4,22.3,23.0,23.0,23.11,20600,4.76,51,20400.0, 99.03,2026-06-03
THACKER, EQ, 03-Jun-2026,1435.2,1497.0,1689.9,1451.0,1530.6,1566.8,1609.85,8378,134.87,1216,2274.0, 27.14,2026-06-03
THAKDEV, EQ, 03-Jun-2026,123.65,123.0,123.0,123.0,123.0,123.0,123.0,15,0.02,1,15.0, 100.00,2026-06-03
THANGAMAYL, EQ, 03-Jun-2026,4590.7,4618.0,4819.1,4600.0,4800.1,4795.0,4697.55,224232,10533.4,30464,63676.0, 28.40,2026-06-03
THEINVEST, EQ, 03-Jun-2026,98.92,99.0,102.0,95.65,97.0,97.63,97.6,10276,10.03,336,4974.0, 48.40,2026-06-03
THEJO, EQ, 03-Jun-2026,1554.6,1544.6,1568.0,1511.1,1530.0,1548.8,1547.95,4368,67.61,542,2013.0, 46.09,2026-06-03
THELEELA, EQ, 03-Jun-2026,409.45,409.45,429.45,403.05,423.0,424.2,419.68,412203,1729.92,16737,235341.0, 57.09,2026-06-03
THEMISMED, EQ, 03-Jun-2026,108.12,107.58,110.0,103.29,108.1,109.46,107.27,98668,105.84,1448,49812.0, 50.48,2026-06-03
THERMAX, EQ, 03-Jun-2026,4969.7,4959.0,4959.0,4722.1,4780.0,4784.5,4796.45,323481,15515.59,58211,143717.0, 44.43,2026-06-03
THOMASCOOK, EQ, 03-Jun-2026,91.97,91.97,92.17,90.65,91.45,91.44,91.21,800125,729.83,7389,475111.0, 59.38,2026-06-03
THOMASCOTT, EQ, 03-Jun-2026,278.4,287.0,294.0,266.1,266.1,268.1,278.27,93244,259.47,2696,52926.0, 56.76,2026-06-03
THYROCARE, EQ, 03-Jun-2026,521.65,522.5,529.7,512.05,526.05,525.2,522.69,312888,1635.42,13505,151550.0, 48.44,2026-06-03
TI, EQ, 03-Jun-2026,427.35,427.0,429.4,418.6,421.8,420.6,422.07,584202,2465.75,12458,306796.0, 52.52,2026-06-03
TICL, EQ, 03-Jun-2026,22.69,22.88,22.89,21.72,22.5,22.44,22.35,3265963,729.96,2256,1477473.0, 45.24,2026-06-03
TIGERLOGS, BE, 03-Jun-2026,33.02,32.94,33.24,31.5,31.5,32.05,32.18,46355,14.92,269,, -,2026-06-03
TIIL, EQ, 03-Jun-2026,2461.1,2470.9,2488.9,2421.0,2440.0,2453.4,2452.41,13825,339.05,1740,8447.0, 61.10,2026-06-03
TIINDIA, EQ, 03-Jun-2026,3110.7,3131.0,3131.0,3030.5,3059.5,3070.2,3067.23,194889,5977.7,20889,76716.0, 39.36,2026-06-03
TIJARIA, EQ, 03-Jun-2026,4.36,4.74,4.74,4.38,4.59,4.58,4.58,4458,0.2,45,4237.0, 95.04,2026-06-03
TIL, EQ, 03-Jun-2026,174.68,174.99,182.45,174.99,179.51,180.4,179.51,94485,169.61,2031,51755.0, 54.78,2026-06-03
TIMESCAN, SM, 03-Jun-2026,41.25,39.55,39.55,39.55,39.55,39.55,39.55,2000,0.79,1,2000.0, 100.00,2026-06-03
TIMETECHNO, EQ, 03-Jun-2026,172.24,172.25,175.95,167.5,171.09,171.27,169.88,3011734,5116.39,18087,628442.0, 20.87,2026-06-03
TIMEX, EQ, 03-Jun-2026,435.6,437.65,448.4,425.1,433.0,433.2,437.61,623727,2729.52,13553,370774.0, 59.44,2026-06-03
TIMKEN, EQ, 03-Jun-2026,3529.2,3527.9,3577.9,3478.6,3479.1,3491.9,3520.96,25850,910.17,6183,11471.0, 44.38,2026-06-03
TINNARUBR, EQ, 03-Jun-2026,829.55,827.0,844.0,814.95,834.0,832.55,831.62,48953,407.1,3168,18149.0, 37.07,2026-06-03
TIPSFILMS, EQ, 03-Jun-2026,376.2,376.3,376.3,365.0,374.0,371.8,371.61,3091,11.49,216,2515.0, 81.37,2026-06-03
TIPSMUSIC, EQ, 03-Jun-2026,672.3,674.0,674.0,647.4,653.0,659.85,658.1,116411,766.1,9036,49625.0, 42.63,2026-06-03
TIRUMALCHM, EQ, 03-Jun-2026,186.44,187.0,187.47,178.1,182.8,182.25,181.37,253892,460.49,4579,124052.0, 48.86,2026-06-03
TIRUPATIFL, BE, 03-Jun-2026,45.05,45.8,46.99,45.01,45.72,45.75,45.76,149101,68.23,532,, -,2026-06-03
TITAGARH, EQ, 03-Jun-2026,834.4,837.0,857.1,837.0,852.5,853.35,849.05,1497714,12716.4,49834,455884.0, 30.44,2026-06-03
TITAN, EQ, 03-Jun-2026,4078.1,4057.0,4103.8,4002.0,4082.1,4088.8,4050.54,959352,38858.9,64455,511380.0, 53.30,2026-06-03
TMB, EQ, 03-Jun-2026,739.75,745.0,750.95,724.1,740.0,740.45,738.56,269115,1987.57,11762,123547.0, 45.91,2026-06-03
TMCV, EQ, 03-Jun-2026,370.55,368.8,377.1,363.0,374.1,373.95,371.28,9637658,35782.82,114590,4179565.0, 43.37,2026-06-03
TMPV, EQ, 03-Jun-2026,390.2,392.05,399.8,384.85,398.0,398.15,393.02,8638483,33951.17,78515,3388139.0, 39.22,2026-06-03
TNIDETF, EQ, 03-Jun-2026,83.63,83.18,84.3,80.75,82.0,81.36,81.53,73298,59.76,1105,58566.0, 79.90,2026-06-03
TNPETRO, EQ, 03-Jun-2026,88.06,87.16,88.8,86.63,87.0,87.53,87.58,69586,60.94,1121,18377.0, 26.41,2026-06-03
TNPL, EQ, 03-Jun-2026,147.88,146.1,147.93,145.8,146.43,147.09,146.96,39959,58.72,1011,21217.0, 53.10,2026-06-03
TNTELE, EQ, 03-Jun-2026,9.46,9.88,9.88,9.06,9.39,9.26,9.23,10097,0.93,115,6706.0, 66.42,2026-06-03
TOKYOPLAST, BE, 03-Jun-2026,86.14,85.71,85.71,82.11,85.28,85.23,83.0,1805,1.5,32,, -,2026-06-03
TOLINS, EQ, 03-Jun-2026,101.05,101.05,101.64,98.0,98.71,98.55,98.98,184629,182.75,2803,116927.0, 63.33,2026-06-03
TOP100CASE, EQ, 03-Jun-2026,10.26,10.44,10.72,10.11,10.25,10.21,10.2,1009187,102.91,1859,782491.0, 77.54,2026-06-03
TOP10ADD, EQ, 03-Jun-2026,86.82,86.83,86.84,84.81,86.49,85.76,85.49,407349,348.23,2234,311035.0, 76.36,2026-06-03
TOP15IETF, EQ, 03-Jun-2026,9.55,9.55,9.58,9.39,9.55,9.49,9.42,416425,39.23,632,208846.0, 50.15,2026-06-03
TOP20, EQ, 03-Jun-2026,8.47,8.42,8.46,8.31,8.39,8.38,8.35,203272,16.98,320,184972.0, 91.00,2026-06-03
TORNTPHARM, EQ, 03-Jun-2026,4317.9,4317.9,4389.9,4284.1,4370.0,4368.5,4347.55,405210,17616.72,40552,217989.0, 53.80,2026-06-03
TORNTPOWER, EQ, 03-Jun-2026,1423.9,1424.0,1452.7,1416.1,1439.0,1436.7,1431.89,394473,5648.44,42362,189603.0, 48.06,2026-06-03
TOTAL, EQ, 03-Jun-2026,53.57,53.48,53.6,51.6,52.31,52.44,52.66,2585,1.36,92,1667.0, 64.49,2026-06-03
TOUCHWOOD, EQ, 03-Jun-2026,70.04,69.3,72.45,68.21,71.89,71.89,69.05,7431,5.13,67,6982.0, 93.96,2026-06-03
TPHQ, EQ, 03-Jun-2026,0.5,0.51,0.51,0.49,0.5,0.5,0.5,638636,3.2,324,574825.0, 90.01,2026-06-03
TPLPLASTEH, EQ, 03-Jun-2026,71.21,70.9,70.9,67.5,69.75,69.36,69.2,74001,51.21,1341,38821.0, 52.46,2026-06-03
TRACXN, EQ, 03-Jun-2026,31.72,32.49,32.49,30.54,31.0,31.17,31.11,82624,25.71,1009,45272.0, 54.79,2026-06-03
TRANSPEK, EQ, 03-Jun-2026,1000.1,1029.9,1029.9,979.0,998.0,984.2,991.69,2533,25.12,281,1630.0, 64.35,2026-06-03
TRANSRAILL, EQ, 03-Jun-2026,488.2,492.0,496.35,488.75,494.6,494.8,493.2,661968,3264.85,16223,224685.0, 33.94,2026-06-03
TRANSTEEL, SM, 03-Jun-2026,117.15,117.95,119.25,117.45,118.05,118.45,118.55,16000,18.97,15,13000.0, 81.25,2026-06-03
TRANSWORLD, EQ, 03-Jun-2026,164.65,163.3,165.56,158.0,160.0,161.21,162.78,18160,29.56,433,11448.0, 63.04,2026-06-03
TRAVELFOOD, EQ, 03-Jun-2026,1234.4,1234.0,1259.0,1223.2,1250.0,1251.4,1249.75,35583,444.7,4149,22102.0, 62.11,2026-06-03
TREEHOUSE, EQ, 03-Jun-2026,6.76,6.77,6.98,6.51,6.74,6.78,6.76,31083,2.1,79,14477.0, 46.58,2026-06-03
TREJHARA, EQ, 03-Jun-2026,144.36,146.5,146.5,138.29,139.0,139.25,140.29,19082,26.77,441,14404.0, 75.48,2026-06-03
TREL, EQ, 03-Jun-2026,26.2,25.55,26.2,25.37,25.6,25.59,25.6,47186,12.08,578,32512.0, 68.90,2026-06-03
TRENT, EQ, 03-Jun-2026,4210.4,4220.0,4284.8,4165.0,4242.0,4257.6,4239.67,544842,23099.51,64916,167423.0, 30.73,2026-06-03
TRF, EQ, 03-Jun-2026,233.86,234.19,234.19,230.46,232.99,232.49,231.89,3747,8.69,170,2814.0, 75.10,2026-06-03
TRIDENT, EQ, 03-Jun-2026,24.32,24.33,24.35,24.0,24.18,24.15,24.09,5258338,1266.85,14183,1986408.0, 37.78,2026-06-03
TRIDHYA, SM, 03-Jun-2026,9.0,8.9,8.9,8.9,8.9,8.9,8.9,3000,0.27,1,3000.0, 100.00,2026-06-03
TRIGYN, EQ, 03-Jun-2026,58.58,58.13,59.9,56.61,57.05,57.58,57.83,15428,8.92,377,6813.0, 44.16,2026-06-03
TRITURBINE, EQ, 03-Jun-2026,689.25,690.0,699.9,664.45,671.0,668.85,673.25,831599,5598.78,29189,287257.0, 34.54,2026-06-03
TRIVENI, EQ, 03-Jun-2026,366.65,364.55,378.9,358.1,362.5,362.2,361.72,309045,1117.89,11250,159971.0, 51.76,2026-06-03
TROM, ST, 03-Jun-2026,57.2,59.8,59.9,59.8,59.9,59.9,59.85,1200,0.72,2,1200.0, 100.00,2026-06-03
TRU, EQ, 03-Jun-2026,5.94,5.9,5.97,5.65,5.94,5.71,5.76,120441,6.94,159,113880.0, 94.55,2026-06-03
TRUALT, EQ, 03-Jun-2026,506.55,510.0,513.0,484.1,501.0,505.7,504.96,1095585,5532.32,14084,778027.0, 71.01,2026-06-03
TRUST, SM, 03-Jun-2026,30.35,30.9,33.1,30.0,32.5,32.55,32.28,22200,7.17,33,16800.0, 75.68,2026-06-03
TSC, SM, 03-Jun-2026,30.3,33.7,33.7,27.95,27.95,27.95,28.53,24000,6.85,11,14000.0, 58.33,2026-06-03
TSFINV, EQ, 03-Jun-2026,406.8,405.8,407.8,397.05,401.0,401.15,401.24,47319,189.86,2185,27473.0, 58.06,2026-06-03
TTKHLTCARE, EQ, 03-Jun-2026,924.5,940.0,940.0,901.25,905.7,916.75,916.09,3102,28.42,449,1765.0, 56.90,2026-06-03
TTKPRESTIG, EQ, 03-Jun-2026,539.2,540.0,551.2,533.0,539.0,544.25,543.32,69052,375.17,3529,18153.0, 26.29,2026-06-03
TTL, EQ, 03-Jun-2026,7.31,7.6,7.6,7.25,7.31,7.32,7.32,58715,4.3,115,52564.0, 89.52,2026-06-03
TTML, EQ, 03-Jun-2026,43.15,42.85,43.94,42.2,43.55,43.59,43.2,2554744,1103.64,11325,845099.0, 33.08,2026-06-03
TUNWAL, SM, 03-Jun-2026,29.55,31.4,31.4,29.7,30.3,30.3,30.39,74000,22.49,37,44000.0, 59.46,2026-06-03
TVSELECT, EQ, 03-Jun-2026,485.6,488.85,503.0,475.95,488.4,488.05,488.42,73525,359.11,3211,25354.0, 34.48,2026-06-03
TVSHLTD, EQ, 03-Jun-2026,13549.0,13400.0,13600.0,13360.0,13560.0,13530.0,13497.52,1739,234.72,978,839.0, 48.25,2026-06-03
TVSINVIT, IV, 03-Jun-2026,117.0,117.0,117.0,117.0,117.0,117.0,117.0,25000,29.25,1,25000.0, 100.00,2026-06-03
TVSMOTOR, EQ, 03-Jun-2026,3366.9,3360.0,3366.8,3301.4,3315.1,3316.9,3326.6,846948,28174.54,58026,546272.0, 64.50,2026-06-03
TVSSCS, EQ, 03-Jun-2026,114.05,112.61,118.8,112.61,116.27,116.81,115.87,437784,507.25,4082,250024.0, 57.11,2026-06-03
TVSSRICHAK, EQ, 03-Jun-2026,3955.2,3964.0,3999.9,3880.0,3974.9,3968.9,3940.78,3439,135.52,821,1861.0, 54.11,2026-06-03
TVTODAY, EQ, 03-Jun-2026,113.15,112.0,113.87,110.16,110.5,111.41,111.53,24348,27.15,621,12449.0, 51.13,2026-06-03
TVVISION, EQ, 03-Jun-2026,5.3,5.49,5.49,5.2,5.41,5.29,5.28,4684,0.25,43,3868.0, 82.58,2026-06-03
TWCGOLDETF, EQ, 03-Jun-2026,154.52,158.7,158.7,152.85,153.13,153.1,153.16,3298,5.05,55,3086.0, 93.57,2026-06-03
UBL, EQ, 03-Jun-2026,1318.8,1325.0,1344.9,1313.7,1339.8,1340.0,1331.54,217313,2893.61,19840,104871.0, 48.26,2026-06-03
UCAL, EQ, 03-Jun-2026,98.56,98.56,99.9,96.0,97.02,97.04,97.54,17981,17.54,121,17186.0, 95.58,2026-06-03
UCOBANK, EQ, 03-Jun-2026,24.83,24.89,25.19,24.5,25.17,25.1,24.82,3868584,960.33,10711,1102643.0, 28.50,2026-06-03
UDS, EQ, 03-Jun-2026,179.75,180.0,183.59,178.2,181.0,181.17,180.87,255158,461.51,2305,148732.0, 58.29,2026-06-03
UEL, EQ, 03-Jun-2026,137.94,144.66,145.99,137.7,143.89,141.92,140.92,17092,24.09,1033,4758.0, 27.84,2026-06-03
UFBL, EQ, 03-Jun-2026,487.2,499.95,499.95,466.5,473.0,474.85,474.67,190107,902.38,7340,70674.0, 37.18,2026-06-03
UFLEX, EQ, 03-Jun-2026,446.1,447.4,447.4,436.2,440.7,439.45,440.82,97374,429.25,3152,32240.0, 33.11,2026-06-03
UFO, EQ, 03-Jun-2026,74.11,72.51,74.4,72.51,74.28,73.79,73.6,31388,23.1,441,19793.0, 63.06,2026-06-03
UGARSUGAR, EQ, 03-Jun-2026,40.18,40.96,41.0,39.67,40.0,40.24,40.06,57967,23.22,1150,29237.0, 50.44,2026-06-03
UGROCAP, EQ, 03-Jun-2026,95.15,94.1,95.1,92.5,92.5,93.02,93.3,683932,638.11,3851,545164.0, 79.71,2026-06-03
UHTL, SM, 03-Jun-2026,90.05,95.0,99.05,86.5,88.1,90.95,96.41,672000,647.88,282,340000.0, 50.60,2026-06-03
UJJIVANSFB, EQ, 03-Jun-2026,53.18,53.0,54.13,52.34,53.8,53.79,53.2,14910937,7932.56,41173,8177838.0, 54.84,2026-06-03
ULTRACEMCO, EQ, 03-Jun-2026,11165.0,11180.0,11239.0,11020.0,11066.0,11101.0,11092.17,412934,45803.33,44958,267893.0, 64.88,2026-06-03
ULTRAMAR, EQ, 03-Jun-2026,397.0,407.8,408.9,395.0,395.0,396.0,399.52,4295,17.16,346,2192.0, 51.04,2026-06-03
UMA, SM, 03-Jun-2026,19.75,19.35,19.35,19.35,19.35,19.35,19.35,4000,0.77,1,4000.0, 100.00,2026-06-03
UMAEXPORTS, EQ, 03-Jun-2026,25.19,26.15,26.15,25.1,25.5,25.5,25.66,11247,2.89,190,8973.0, 79.78,2026-06-03
UMESLTD, BE, 03-Jun-2026,5.56,5.82,5.82,5.35,5.46,5.45,5.62,7067,0.4,40,, -,2026-06-03
UMIYA-MRO, EQ, 03-Jun-2026,87.34,86.95,89.0,83.75,85.0,86.1,85.67,14855,12.73,138,10502.0, 70.70,2026-06-03
UNICHEMLAB, EQ, 03-Jun-2026,364.9,363.1,374.7,355.85,373.0,372.2,366.84,33360,122.38,2028,18722.0, 56.12,2026-06-03
UNIDT, EQ, 03-Jun-2026,243.27,242.54,253.7,241.0,251.0,250.22,249.83,72416,180.91,1244,42594.0, 58.82,2026-06-03
UNIECOM, EQ, 03-Jun-2026,87.58,86.8,88.6,86.2,87.64,87.32,87.2,203195,177.19,1936,87385.0, 43.01,2026-06-03
UNIENTER, EQ, 03-Jun-2026,104.79,106.97,107.0,104.52,105.0,105.0,105.13,2191,2.3,50,1871.0, 85.39,2026-06-03
UNIHEALTH, ST, 03-Jun-2026,398.25,397.45,417.95,378.35,417.95,417.65,391.73,128000,501.42,178,116500.0, 91.02,2026-06-03
UNIINFO, BE, 03-Jun-2026,11.94,12.1,12.1,11.35,11.35,11.35,11.37,10483,1.19,59,, -,2026-06-03
UNILEX, SM, 03-Jun-2026,27.5,28.15,28.15,28.15,28.15,28.15,28.15,1600,0.45,1,1600.0, 100.00,2026-06-03
UNIMECH, EQ, 03-Jun-2026,993.15,1014.95,1042.8,1009.55,1042.8,1042.8,1037.15,96241,998.16,1842,52187.0, 54.23,2026-06-03
UNIONBANK, EQ, 03-Jun-2026,162.68,164.01,167.5,160.55,167.29,166.7,164.55,10405094,17121.65,52744,3527483.0, 33.90,2026-06-03
UNIONGOLD, EQ, 03-Jun-2026,151.9,152.65,155.9,149.9,155.9,150.45,150.84,425,0.64,48,198.0, 46.59,2026-06-03
UNIPARTS, EQ, 03-Jun-2026,599.2,600.0,629.0,595.0,628.0,625.65,618.74,354943,2196.18,12521,176019.0, 49.59,2026-06-03
UNITDSPR, EQ, 03-Jun-2026,1275.0,1280.0,1280.0,1250.5,1258.0,1262.9,1263.69,600804,7592.31,19504,364929.0, 60.74,2026-06-03
UNITECH, EQ, 03-Jun-2026,4.77,4.79,4.88,4.73,4.85,4.84,4.79,3880139,185.74,12358,2449244.0, 63.12,2026-06-03
UNITEDPOLY, BE, 03-Jun-2026,33.74,34.0,34.0,33.1,33.74,33.71,33.55,5612,1.88,86,, -,2026-06-03
UNITEDTEA, EQ, 03-Jun-2026,528.9,534.0,560.1,517.0,520.2,524.15,539.24,4353,23.47,245,2768.0, 63.59,2026-06-03
UNIVASTU, EQ, 03-Jun-2026,77.68,77.13,81.95,77.01,79.8,80.7,79.66,201843,160.8,1234,139180.0, 68.95,2026-06-03
UNIVCABLES, EQ, 03-Jun-2026,1239.2,1299.9,1302.5,1152.9,1182.4,1189.9,1205.52,730688,8808.6,36579,181232.0, 24.80,2026-06-03
UNIVPHOTO, BE, 03-Jun-2026,403.95,395.9,395.9,395.9,395.9,395.9,395.9,63,0.25,7,, -,2026-06-03
UNOMINDA, EQ, 03-Jun-2026,1089.8,1088.3,1093.6,1068.4,1080.0,1082.7,1081.55,988559,10691.8,51803,633245.0, 64.06,2026-06-03
UPL, EQ, 03-Jun-2026,641.65,641.3,648.0,634.5,648.0,646.05,640.11,2055293,13156.19,37867,1254781.0, 61.05,2026-06-03
URAVIDEF, EQ, 03-Jun-2026,116.61,122.0,122.0,114.1,115.9,115.81,116.29,4590,5.34,71,3880.0, 84.53,2026-06-03
URBAN, SM, 03-Jun-2026,135.0,136.45,136.45,131.25,134.9,134.9,133.85,3200,4.28,4,1600.0, 50.00,2026-06-03
URBANCO, EQ, 03-Jun-2026,121.16,121.66,124.0,121.14,123.49,123.56,122.71,2315789,2841.8,19544,977428.0, 42.21,2026-06-03
URJA, EQ, 03-Jun-2026,10.69,10.8,10.89,10.5,10.84,10.81,10.68,1086959,116.11,3242,393075.0, 36.16,2026-06-03
USASEEDS, SM, 03-Jun-2026,99.75,104.7,104.7,94.8,95.1,95.1,98.2,1284,1.26,3,856.0, 66.67,2026-06-03
USHAFIN, SM, 03-Jun-2026,34.0,32.5,32.5,32.5,32.5,32.5,32.5,1600,0.52,1,1600.0, 100.00,2026-06-03
USHAMART, EQ, 03-Jun-2026,492.0,492.1,503.5,485.25,496.0,497.95,495.12,574928,2846.57,16356,256262.0, 44.57,2026-06-03
USK, EQ, 03-Jun-2026,23.45,23.9,23.9,22.75,23.44,23.24,23.28,18824,4.38,85,16229.0, 86.21,2026-06-03
UTIAMC, EQ, 03-Jun-2026,929.55,929.9,935.0,923.0,924.95,924.7,925.82,82150,760.56,5621,51243.0, 62.38,2026-06-03
UTKARSHBNK, EQ, 03-Jun-2026,13.06,13.22,13.22,12.65,12.78,12.79,12.84,7682379,986.17,7201,4049624.0, 52.71,2026-06-03
UTLSOLAR, EQ, 03-Jun-2026,319.8,335.75,335.75,335.75,335.75,335.75,335.75,119079,399.81,815,99078.0, 83.20,2026-06-03
UTSSAV, SM, 03-Jun-2026,301.05,302.0,303.6,297.0,302.8,302.0,300.18,71400,214.33,63,47400.0, 66.39,2026-06-03
UTTAMSUGAR, EQ, 03-Jun-2026,231.66,233.0,239.0,229.2,231.0,230.71,231.63,36147,83.73,949,16788.0, 46.44,2026-06-03
UYFINCORP, EQ, 03-Jun-2026,14.84,14.98,15.19,14.41,14.5,14.64,14.55,77534,11.28,210,61373.0, 79.16,2026-06-03
V2RETAIL, EQ, 03-Jun-2026,240.32,239.1,247.5,234.63,245.0,245.65,243.08,2722841,6618.59,29339,1360858.0, 49.98,2026-06-03
VADILALIND, EQ, 03-Jun-2026,5384.9,5390.1,5440.0,5340.0,5404.9,5393.9,5397.37,35478,1914.88,5133,17224.0, 48.55,2026-06-03
VAIBHAVGBL, EQ, 03-Jun-2026,234.74,237.0,237.6,224.25,229.9,230.9,229.27,534581,1225.65,6830,253640.0, 47.45,2026-06-03
VAISHALI, BE, 03-Jun-2026,6.98,7.28,7.28,7.01,7.18,7.17,7.19,319082,22.95,201,, -,2026-06-03
VAKRANGEE, EQ, 03-Jun-2026,6.49,6.5,6.59,6.35,6.46,6.45,6.43,1545594,99.45,1828,691875.0, 44.76,2026-06-03
VAL30IETF, EQ, 03-Jun-2026,15.64,15.57,15.79,15.48,15.79,15.74,15.6,240169,37.48,714,132795.0, 55.29,2026-06-03
VALIANTLAB, BE, 03-Jun-2026,76.76,79.0,79.0,73.01,74.5,74.58,75.46,6831,5.15,75,, -,2026-06-03
VALIANTORG, EQ, 03-Jun-2026,286.2,283.8,306.0,273.35,299.0,300.55,296.78,318189,944.34,8005,74151.0, 23.30,2026-06-03
VALUE, EQ, 03-Jun-2026,16.53,16.72,16.72,16.44,16.66,16.64,16.49,7179,1.18,85,6531.0, 90.97,2026-06-03
VALUE360, SM, 03-Jun-2026,70.6,72.6,74.0,69.0,71.0,71.45,71.26,42000,29.93,34,26400.0, 62.86,2026-06-03
VARDHACRLC, EQ, 03-Jun-2026,44.03,43.2,43.92,43.0,43.12,43.25,43.23,55437,23.97,839,32525.0, 58.67,2026-06-03
VARDMNPOLY, BE, 03-Jun-2026,6.92,7.2,7.2,6.8,7.0,6.99,7.02,182581,12.82,275,, -,2026-06-03
VARROC, EQ, 03-Jun-2026,574.3,576.0,595.0,566.9,593.2,593.6,583.64,197257,1151.27,11228,75889.0, 38.47,2026-06-03
VASCONEQ, BE, 03-Jun-2026,32.31,32.31,32.66,31.26,32.2,32.35,31.91,272328,86.9,782,, -,2026-06-03
VASWANI, EQ, 03-Jun-2026,55.29,56.0,59.8,55.0,58.8,58.95,57.58,170622,98.25,1926,102328.0, 59.97,2026-06-03
VBL, EQ, 03-Jun-2026,537.0,538.95,539.65,528.5,534.0,533.4,534.17,4501572,24046.01,56581,2690397.0, 59.77,2026-06-03
VCL, EQ, 03-Jun-2026,1.39,1.38,1.4,1.34,1.4,1.39,1.38,142484,1.96,199,110430.0, 77.50,2026-06-03
VDEAL, SM, 03-Jun-2026,162.0,160.0,176.0,160.0,176.0,176.0,164.75,2400,3.95,4,2400.0, 100.00,2026-06-03
VEDL, EQ, 03-Jun-2026,333.55,333.55,334.0,325.0,328.4,328.2,329.07,20194365,66453.04,206799,8410270.0, 41.65,2026-06-03
VEEDOL, EQ, 03-Jun-2026,1419.7,1420.0,1437.0,1401.0,1406.0,1413.8,1410.93,5185,73.16,1056,2992.0, 57.70,2026-06-03
VEEKAYEM, ST, 03-Jun-2026,138.0,136.0,136.0,136.0,136.0,136.0,136.0,500,0.68,1,500.0, 100.00,2026-06-03
VELJAN, EQ, 03-Jun-2026,1065.1,1047.0,1130.0,1047.0,1109.6,1102.8,1110.54,2920,32.43,138,2791.0, 95.58,2026-06-03
VENKEYS, EQ, 03-Jun-2026,1449.1,1457.8,1457.8,1391.0,1452.0,1444.4,1417.01,42116,596.79,5576,16557.0, 39.31,2026-06-03
VENTIVE, EQ, 03-Jun-2026,634.15,627.0,648.0,627.0,643.0,641.6,638.25,46951,299.66,2360,24456.0, 52.09,2026-06-03
VENUSPIPES, EQ, 03-Jun-2026,1418.8,1424.7,1450.0,1388.4,1414.3,1419.4,1418.7,101822,1444.55,5696,54231.0, 53.26,2026-06-03
VENUSREM, EQ, 03-Jun-2026,1411.3,1481.8,1481.8,1481.8,1481.8,1481.8,1481.8,49108,727.68,353,48300.0, 98.35,2026-06-03
VERANDA, EQ, 03-Jun-2026,234.29,233.59,237.9,229.14,231.55,232.99,231.85,217170,503.51,2770,132236.0, 60.89,2026-06-03
VERTIS, IV, 03-Jun-2026,107.99,108.0,108.2,108.0,108.2,108.2,108.16,500000,540.8,4,500000.0, 100.00,2026-06-03
VERTOZ, BE, 03-Jun-2026,45.23,45.23,45.23,42.97,42.97,42.97,43.24,105741,45.72,637,, -,2026-06-03
VESUVIUS, EQ, 03-Jun-2026,468.05,472.25,484.9,465.3,482.0,481.15,478.19,112546,538.18,5427,46581.0, 41.39,2026-06-03
VETO, EQ, 03-Jun-2026,122.74,123.0,125.59,120.6,121.77,121.59,122.59,32250,39.54,747,21107.0, 65.45,2026-06-03
VGINFOTECH, SM, 03-Jun-2026,140.95,140.0,150.0,137.0,141.0,143.3,144.33,168000,242.47,145,115000.0, 68.45,2026-06-03
VGL, EQ, 03-Jun-2026,66.9,66.5,66.78,65.4,66.08,65.93,65.91,20784,13.7,403,12560.0, 60.43,2026-06-03
VGUARD, EQ, 03-Jun-2026,303.75,304.3,304.3,297.05,301.2,300.7,300.26,167620,503.3,8258,87903.0, 52.44,2026-06-03
VHL, EQ, 03-Jun-2026,3370.3,3373.7,3410.0,3322.2,3365.0,3373.5,3365.78,411,13.83,111,334.0, 81.27,2026-06-03
VHLTD, BE, 03-Jun-2026,139.99,140.94,140.94,139.0,139.7,139.82,139.71,2378,3.32,52,, -,2026-06-03
VICTORYEV, ST, 03-Jun-2026,17.8,17.55,17.55,16.95,17.35,17.25,17.17,36000,6.18,12,30000.0, 83.33,2026-06-03
VIDHIING, EQ, 03-Jun-2026,296.8,300.0,300.05,294.0,294.4,297.45,296.89,2559,7.6,233,1670.0, 65.26,2026-06-03
VIDYAWIRES, EQ, 03-Jun-2026,109.16,109.16,109.16,103.71,103.71,103.71,104.8,4151501,4350.72,15644,1983438.0, 47.78,2026-06-03
VIESL, SM, 03-Jun-2026,289.2,293.0,300.0,291.0,294.0,294.6,295.82,31200,92.29,37,22400.0, 71.79,2026-06-03
VIGOR, SM, 03-Jun-2026,70.8,73.0,79.5,72.1,76.0,77.0,76.66,156800,120.2,85,107200.0, 68.37,2026-06-03
VIJAYA, EQ, 03-Jun-2026,1317.0,1327.8,1333.0,1262.1,1275.4,1279.4,1282.4,109859,1408.83,9603,45084.0, 41.04,2026-06-03
VIJAYPD, ST, 03-Jun-2026,89.9,94.3,94.3,88.1,88.1,88.1,91.58,8000,7.33,4,8000.0, 100.00,2026-06-03
VIJIFIN, BE, 03-Jun-2026,3.83,3.9,3.99,3.74,3.78,3.8,3.85,125948,4.85,168,, -,2026-06-03
VIKASECO, EQ, 03-Jun-2026,1.28,1.29,1.32,1.28,1.3,1.29,1.29,1442439,18.64,1017,949314.0, 65.81,2026-06-03
VIKASLIFE, EQ, 03-Jun-2026,1.48,1.48,1.49,1.46,1.48,1.48,1.48,1560025,23.05,7734,865595.0, 55.49,2026-06-03
VIKRAMSOLR, EQ, 03-Jun-2026,197.72,199.7,207.0,197.58,205.9,205.33,203.82,3373091,6875.17,33743,1303785.0, 38.65,2026-06-03
VIKRAN, EQ, 03-Jun-2026,71.33,71.75,71.85,69.55,71.38,71.26,70.61,1938309,1368.55,9123,632614.0, 32.64,2026-06-03
VILAS, SM, 03-Jun-2026,350.85,352.0,360.0,346.0,354.05,357.25,355.52,20250,71.99,63,15500.0, 76.54,2026-06-03
VIMTALABS, EQ, 03-Jun-2026,469.7,468.85,522.55,463.5,510.6,513.25,501.42,977529,4901.53,30607,245900.0, 25.16,2026-06-03
VINATIORGA, EQ, 03-Jun-2026,1314.3,1316.6,1317.7,1295.7,1298.0,1304.5,1305.66,71113,928.49,10498,45413.0, 63.86,2026-06-03
VINCOFE, EQ, 03-Jun-2026,147.11,146.7,149.9,144.25,148.0,148.81,146.93,1168791,1717.29,7634,332829.0, 28.48,2026-06-03
VINDHYATEL, EQ, 03-Jun-2026,2117.9,2120.0,2255.0,2088.1,2219.0,2200.0,2187.7,202231,4424.21,18967,46517.0, 23.00,2026-06-03
VINEETLAB, BE, 03-Jun-2026,34.8,34.8,34.8,34.0,34.5,34.39,34.43,125268,43.13,151,, -,2026-06-03
VINNY, EQ, 03-Jun-2026,1.08,1.08,1.1,1.07,1.08,1.08,1.08,169020,1.82,114,105381.0, 62.35,2026-06-03
VINSYS, SM, 03-Jun-2026,390.45,405.0,405.0,385.0,390.0,390.0,391.13,13750,53.78,24,2500.0, 18.18,2026-06-03
VINYAS, SM, 03-Jun-2026,1178.0,1113.5,1169.95,1113.5,1121.0,1133.25,1141.77,4600,52.52,38,2800.0, 60.87,2026-06-03
VINYLINDIA, EQ, 03-Jun-2026,251.65,255.55,255.55,245.15,250.85,248.4,250.05,70314,175.82,3775,11352.0, 16.14,2026-06-03
VIPCLOTHNG, BE, 03-Jun-2026,25.5,25.8,26.28,25.5,26.2,25.82,25.67,47948,12.31,86,, -,2026-06-03
VIPIND, EQ, 03-Jun-2026,318.15,318.0,336.95,311.35,331.0,332.45,325.59,1705200,5551.96,25723,390473.0, 22.90,2026-06-03
VIPULLTD, EQ, 03-Jun-2026,8.9,9.18,9.18,8.86,8.95,8.97,9.05,26527,2.4,82,16107.0, 60.72,2026-06-03
VIRINCHI, EQ, 03-Jun-2026,15.8,15.8,16.3,15.47,15.68,15.72,15.61,118654,18.52,489,85707.0, 72.23,2026-06-03
VISACHROME, BE, 03-Jun-2026,54.4,52.01,54.3,51.68,53.55,52.58,52.01,45794,23.82,115,, -,2026-06-03
VISAKAIND, EQ, 03-Jun-2026,71.37,72.0,72.65,70.67,71.39,71.29,71.41,47706,34.07,724,28212.0, 59.14,2026-06-03
VISHNU, EQ, 03-Jun-2026,626.7,626.45,633.55,607.6,616.0,615.3,617.5,141623,874.52,7664,54828.0, 38.71,2026-06-03
VISHNUINFR, SM, 03-Jun-2026,159.95,160.0,160.0,159.0,159.0,159.4,159.42,2500,3.99,5,2500.0, 100.00,2026-06-03
VISHWARAJ, EQ, 03-Jun-2026,5.87,5.9,5.9,5.61,5.71,5.75,5.71,292246,16.67,524,182463.0, 62.43,2026-06-03
VITAL, BE, 03-Jun-2026,50.03,50.46,52.53,50.46,52.53,52.5,52.19,5825,3.04,54,, -,2026-06-03
VIVIANA, BE, 03-Jun-2026,909.2,909.2,910.0,870.0,879.95,876.7,882.49,20221,178.45,523,, -,2026-06-03
VIVIDEL, ST, 03-Jun-2026,917.65,914.0,920.0,899.0,910.0,906.4,911.91,6960,63.47,27,6720.0, 96.55,2026-06-03
VIVIDHA, EQ, 03-Jun-2026,0.55,0.55,0.58,0.55,0.58,0.57,0.56,167444,0.94,157,146455.0, 87.47,2026-06-03
VIVIMEDLAB, BE, 03-Jun-2026,6.45,6.49,6.7,6.24,6.36,6.39,6.39,84138,5.38,121,, -,2026-06-03
VIVO, SM, 03-Jun-2026,81.8,77.75,77.75,77.75,77.75,77.75,77.75,6400,4.98,2,6400.0, 100.00,2026-06-03
VIYASH, EQ, 03-Jun-2026,249.95,250.55,251.25,241.3,250.0,248.0,248.03,2593757,6433.37,31834,1476938.0, 56.94,2026-06-03
VLEGOV, BE, 03-Jun-2026,13.64,13.26,14.18,13.26,13.77,13.93,13.87,244026,33.85,406,, -,2026-06-03
VLINFRA, ST, 03-Jun-2026,30.35,31.85,31.85,31.85,31.85,31.85,31.85,4500,1.43,3,4500.0, 100.00,2026-06-03
VLSFINANCE, EQ, 03-Jun-2026,228.98,225.6,234.0,222.11,231.0,230.97,228.2,25005,57.06,627,4835.0, 19.34,2026-06-03
VMARCIND, SM, 03-Jun-2026,1436.65,1439.0,1460.0,1400.1,1449.0,1440.25,1424.17,38250,544.74,146,19000.0, 49.67,2026-06-03
VMART, EQ, 03-Jun-2026,690.25,693.75,693.85,680.1,680.1,684.95,685.31,288991,1980.49,12668,214938.0, 74.38,2026-06-03
VMM, EQ, 03-Jun-2026,119.28,119.4,121.39,117.5,120.01,120.29,119.42,7474505,8925.89,93790,3995502.0, 53.46,2026-06-03
VMSTMT, BE, 03-Jun-2026,46.42,46.5,47.44,46.0,47.22,46.93,46.45,10714,4.98,143,, -,2026-06-03
VOLERCAR, SM, 03-Jun-2026,225.0,225.0,234.95,212.5,212.5,218.55,225.96,24800,56.04,23,5600.0, 22.58,2026-06-03
VOLTAMP, EQ, 03-Jun-2026,9127.0,9200.0,9414.0,9101.0,9373.0,9375.0,9270.01,39915,3700.12,10753,18333.0, 45.93,2026-06-03
VOLTAS, EQ, 03-Jun-2026,1240.4,1239.8,1241.4,1207.6,1235.3,1235.0,1225.52,562073,6888.34,21519,178766.0, 31.80,2026-06-03
VPRPL, BE, 03-Jun-2026,36.03,34.23,34.23,34.23,34.23,34.23,34.23,148781,50.93,1093,, -,2026-06-03
VRAJ, EQ, 03-Jun-2026,125.73,124.65,128.9,121.71,123.76,123.2,124.44,29415,36.6,807,12631.0, 42.94,2026-06-03
VRLLOG, EQ, 03-Jun-2026,241.61,241.61,241.61,234.72,235.0,235.35,236.93,325702,771.69,9733,252818.0, 77.62,2026-06-03
VSCL, SM, 03-Jun-2026,25.25,25.25,25.25,25.25,25.25,25.25,25.25,3000,0.76,1,3000.0, 100.00,2026-06-03
VSSL, EQ, 03-Jun-2026,270.15,271.4,273.55,266.25,272.45,271.4,269.8,31842,85.91,1027,18472.0, 58.01,2026-06-03
VSTIND, EQ, 03-Jun-2026,255.0,256.0,256.0,251.55,253.5,253.5,253.41,161521,409.3,3366,97059.0, 60.09,2026-06-03
VSTL, EQ, 03-Jun-2026,115.07,113.65,115.9,113.0,113.0,113.44,114.34,6760,7.73,238,4922.0, 72.81,2026-06-03
VSTTILLERS, EQ, 03-Jun-2026,4613.6,4613.6,4698.0,4511.5,4694.0,4663.7,4611.56,8466,390.41,1908,4935.0, 58.29,2026-06-03
VTL, EQ, 03-Jun-2026,613.85,613.85,624.6,604.1,621.0,620.15,614.95,256100,1574.89,11764,98455.0, 38.44,2026-06-03
WAAREEENER, EQ, 03-Jun-2026,3099.8,3110.8,3129.7,3028.9,3087.0,3084.5,3073.58,821381,25245.84,42265,238227.0, 29.00,2026-06-03
WAAREEINDO, EQ, 03-Jun-2026,422.9,420.95,432.0,410.05,420.0,418.15,418.23,67035,280.36,1813,36140.0, 53.91,2026-06-03
WAAREERTL, EQ, 03-Jun-2026,977.7,980.0,986.0,960.75,985.0,976.7,968.36,158416,1534.04,10466,53948.0, 34.05,2026-06-03
WABAG, EQ, 03-Jun-2026,1551.8,1551.6,1560.9,1542.2,1558.0,1557.9,1553.28,230885,3586.3,20991,127651.0, 55.29,2026-06-03
WAKEFIT, EQ, 03-Jun-2026,121.3,120.74,120.89,114.41,116.0,116.59,116.83,2505865,2927.56,12642,1687372.0, 67.34,2026-06-03
WALCHANNAG, EQ, 03-Jun-2026,238.75,240.7,242.0,230.1,237.8,238.25,235.68,1347435,3175.67,16063,442343.0, 32.83,2026-06-03
WALPAR, SM, 03-Jun-2026,29.95,29.95,29.95,28.5,29.95,29.95,29.66,10000,2.97,5,10000.0, 100.00,2026-06-03
WANBURY, EQ, 03-Jun-2026,258.0,262.95,265.0,254.0,259.0,256.25,258.77,76564,198.12,1660,44798.0, 58.51,2026-06-03
WCIL, EQ, 03-Jun-2026,94.03,94.01,94.89,91.83,93.13,93.41,93.31,57994,54.12,1176,28685.0, 49.46,2026-06-03
WEALTH, EQ, 03-Jun-2026,936.3,955.05,968.95,925.1,934.0,935.9,944.81,1578,14.91,273,817.0, 51.77,2026-06-03
WEBELSOLAR, EQ, 03-Jun-2026,106.47,107.98,108.5,104.82,107.35,107.32,106.57,2304909,2456.44,13645,1082020.0, 46.94,2026-06-03
WEIZMANIND, EQ, 03-Jun-2026,80.43,81.25,81.25,81.25,81.25,81.25,81.25,1,0.0,1,1.0, 100.00,2026-06-03
WEL, EQ, 03-Jun-2026,93.72,93.0,94.37,92.02,92.4,92.77,92.92,72611,67.47,746,34278.0, 47.21,2026-06-03
WELCORP, EQ, 03-Jun-2026,1386.8,1385.1,1425.0,1373.4,1421.0,1413.6,1399.05,1901113,26597.46,42205,1210077.0, 63.65,2026-06-03
WELENT, EQ, 03-Jun-2026,517.5,517.5,523.0,502.9,518.0,518.6,515.24,174319,898.17,5126,100998.0, 57.94,2026-06-03
WELINV, BE, 03-Jun-2026,1859.0,1858.9,1859.0,1770.0,1857.9,1857.9,1839.71,122,2.24,25,, -,2026-06-03
WELSPLSOL, EQ, 03-Jun-2026,42.22,42.78,49.38,41.7,44.99,44.58,47.13,9274680,4371.05,29454,1488687.0, 16.05,2026-06-03
WELSPUNLIV, EQ, 03-Jun-2026,143.65,144.0,145.95,142.36,145.3,145.57,144.42,1396222,2016.43,15500,604561.0, 43.30,2026-06-03
WENDT, EQ, 03-Jun-2026,6837.5,6845.0,6879.5,6750.5,6864.0,6832.0,6797.65,2951,200.6,922,1365.0, 46.26,2026-06-03
WESTLIFE, EQ, 03-Jun-2026,419.85,422.1,434.0,410.7,434.0,429.15,419.19,158950,666.3,6393,67499.0, 42.47,2026-06-03
WEWIN, BE, 03-Jun-2026,58.3,58.0,59.58,56.42,59.58,58.88,58.11,4115,2.39,31,, -,2026-06-03
WEWORK, EQ, 03-Jun-2026,617.4,617.0,622.5,607.0,608.0,613.6,615.62,89964,553.84,6115,35594.0, 39.56,2026-06-03
WHEELS, EQ, 03-Jun-2026,1517.9,1517.7,1536.0,1468.4,1498.4,1497.7,1498.5,80547,1206.99,7830,42280.0, 52.49,2026-06-03
WHIRLPOOL, EQ, 03-Jun-2026,829.5,829.0,829.45,808.45,815.05,818.5,817.27,91944,751.43,8789,34374.0, 37.39,2026-06-03
WILLAMAGOR, EQ, 03-Jun-2026,26.48,27.01,27.01,25.76,26.0,26.0,26.12,5322,1.39,75,3454.0, 64.90,2026-06-03
WIMPLAST, EQ, 03-Jun-2026,323.7,329.0,329.0,321.0,329.0,328.65,325.2,5723,18.61,325,4379.0, 76.52,2026-06-03
WINDLAS, EQ, 03-Jun-2026,812.3,812.3,819.45,798.2,803.1,805.85,805.09,25044,201.63,1619,13742.0, 54.87,2026-06-03
WINDMACHIN, EQ, 03-Jun-2026,281.3,281.0,284.9,278.2,279.9,279.85,280.5,32604,91.45,734,16651.0, 51.07,2026-06-03
WINSOL, SM, 03-Jun-2026,120.0,120.0,122.65,113.1,116.0,116.95,116.12,24800,28.8,36,21200.0, 85.48,2026-06-03
WINSOME, BZ, 03-Jun-2026,2.49,2.53,2.53,2.45,2.53,2.53,2.5,56526,1.42,79,, -,2026-06-03
WIPL, EQ, 03-Jun-2026,152.06,153.0,157.39,152.0,152.53,152.5,152.76,476,0.73,26,322.0, 67.65,2026-06-03
WIPRO, EQ, 03-Jun-2026,209.84,208.0,208.4,202.0,203.9,204.1,204.92,62282204,127625.62,337929,29708601.0, 47.70,2026-06-03
WOCKPHARMA, EQ, 03-Jun-2026,1966.2,1978.0,2150.0,1960.1,2084.0,2073.9,2066.02,7368265,152229.59,254278,1211120.0, 16.44,2026-06-03
WOL3D, ST, 03-Jun-2026,183.35,174.2,174.2,174.2,174.2,174.2,174.2,193000,336.21,14,193000.0, 100.00,2026-06-03
WOMANCART, SM, 03-Jun-2026,108.9,111.8,112.75,108.6,110.8,110.65,110.35,10000,11.03,25,7200.0, 72.00,2026-06-03
WONDERLA, EQ, 03-Jun-2026,474.35,472.7,475.7,468.65,473.9,474.15,471.83,26664,125.81,1444,15070.0, 56.52,2026-06-03
WORTHPERI, EQ, 03-Jun-2026,128.91,131.89,131.89,126.0,128.0,128.88,128.95,9965,12.85,31,9755.0, 97.89,2026-06-03
WPIL, EQ, 03-Jun-2026,437.0,436.7,436.85,427.2,430.1,430.35,431.14,17037,73.45,1037,10277.0, 60.32,2026-06-03
WSI, EQ, 03-Jun-2026,68.03,70.0,70.0,67.75,69.0,68.59,68.6,18489,12.68,184,12597.0, 68.13,2026-06-03
WSTCSTPAPR, EQ, 03-Jun-2026,520.75,527.0,527.0,510.05,520.85,520.6,516.79,160491,829.41,4278,104936.0, 65.38,2026-06-03
WTICAB, SM, 03-Jun-2026,98.6,99.95,100.0,95.6,99.3,97.45,98.62,8500,8.38,13,5000.0, 58.82,2026-06-03
XCHANGING, EQ, 03-Jun-2026,66.84,66.02,67.49,64.5,65.2,65.36,65.51,82468,54.03,1242,42085.0, 51.03,2026-06-03
XELPMOC, EQ, 03-Jun-2026,94.79,98.97,98.97,95.11,97.8,97.66,96.95,11273,10.93,326,6707.0, 59.50,2026-06-03
XPROINDIA, EQ, 03-Jun-2026,1152.9,1150.1,1175.0,1117.6,1175.0,1152.6,1152.21,79054,910.87,1926,70043.0, 88.60,2026-06-03
XTGLOBAL, EQ, 03-Jun-2026,31.48,31.3,31.4,30.7,30.75,31.05,30.98,19775,6.13,267,13961.0, 70.60,2026-06-03
YAAP, ST, 03-Jun-2026,198.55,204.0,208.4,200.0,200.05,200.5,202.18,59000,119.29,26,54000.0, 91.53,2026-06-03
YASHO, EQ, 03-Jun-2026,2168.0,2190.0,2250.0,2062.2,2242.0,2241.1,2186.65,18485,404.2,2458,9614.0, 52.01,2026-06-03
YASHOPTICS, SM, 03-Jun-2026,126.6,124.2,125.0,121.5,124.65,123.45,123.5,24000,29.64,30,14400.0, 60.00,2026-06-03
YATHARTH, EQ, 03-Jun-2026,812.95,812.0,815.0,802.55,810.0,810.5,807.97,175217,1415.7,7619,86878.0, 49.58,2026-06-03
YATRA, EQ, 03-Jun-2026,97.21,97.8,97.8,94.4,96.45,96.35,95.5,1293482,1235.23,8573,444295.0, 34.35,2026-06-03
YCCL, SM, 03-Jun-2026,9.0,9.1,9.1,9.1,9.1,9.1,9.1,3000,0.27,1,3000.0, 100.00,2026-06-03
YESBANK, EQ, 03-Jun-2026,22.83,22.81,23.03,22.2,22.92,22.93,22.6,111470651,25193.66,85797,27415784.0, 24.59,2026-06-03
YUDIZ, SM, 03-Jun-2026,25.5,26.6,26.7,25.0,25.0,25.0,26.0,4000,1.04,5,3200.0, 80.00,2026-06-03
YUKEN, EQ, 03-Jun-2026,678.7,680.05,708.7,675.0,690.1,694.25,691.67,5795,40.08,390,3438.0, 59.33,2026-06-03
ZAGGLE, EQ, 03-Jun-2026,200.23,202.0,207.86,194.5,201.67,203.15,200.43,1693526,3394.32,23507,708776.0, 41.85,2026-06-03
ZEAL, SM, 03-Jun-2026,69.0,69.0,69.0,69.0,69.0,69.0,69.0,1200,0.83,2,1200.0, 100.00,2026-06-03
ZEEL, EQ, 03-Jun-2026,94.32,94.2,95.2,91.32,94.36,94.5,93.54,21003654,19647.78,60311,4351916.0, 20.72,2026-06-03
ZEELEARN, EQ, 03-Jun-2026,7.01,7.01,7.12,6.82,7.01,6.94,6.96,817395,56.88,1184,521036.0, 63.74,2026-06-03
ZEEMEDIA, EQ, 03-Jun-2026,8.19,8.15,8.16,7.98,8.07,8.05,8.03,758965,60.98,1305,525303.0, 69.21,2026-06-03
ZENITHDRUG, SM, 03-Jun-2026,41.9,41.9,43.0,38.25,40.0,40.1,40.73,24000,9.78,27,16000.0, 66.67,2026-06-03
ZENITHEXPO, EQ, 03-Jun-2026,204.5,200.0,204.49,196.0,196.0,199.61,199.86,67,0.13,14,67.0, 100.00,2026-06-03
ZENITHSTL, EQ, 03-Jun-2026,5.9,5.76,5.99,5.61,5.79,5.78,5.69,229036,13.04,344,142148.0, 62.06,2026-06-03
ZENSARTECH, EQ, 03-Jun-2026,519.95,519.85,519.85,500.0,509.5,509.75,506.91,562118,2849.42,17945,179496.0, 31.93,2026-06-03
ZENTEC, EQ, 03-Jun-2026,1672.4,1678.0,1710.0,1669.9,1686.0,1688.1,1688.9,613409,10359.89,36989,188590.0, 30.74,2026-06-03
ZFCVINDIA, EQ, 03-Jun-2026,14289.0,14425.0,14592.0,14226.0,14505.0,14557.0,14506.47,7822,1134.7,3545,3415.0, 43.66,2026-06-03
ZFSTEERING, EQ, 03-Jun-2026,648.95,649.0,671.0,620.65,666.0,663.85,641.27,3905,25.04,432,2604.0, 66.68,2026-06-03
ZIMLAB, BE, 03-Jun-2026,103.91,104.0,109.0,102.1,106.4,107.89,106.45,47939,51.03,278,, -,2026-06-03
ZODIAC, BE, 03-Jun-2026,287.95,294.75,294.75,290.0,290.8,290.75,290.9,10983,31.95,191,, -,2026-06-03
ZODIACLOTH, EQ, 03-Jun-2026,75.56,76.0,76.7,74.92,74.92,75.29,75.33,4052,3.05,72,3012.0, 74.33,2026-06-03
ZOTA, EQ, 03-Jun-2026,1143.3,1142.8,1230.0,1136.2,1230.0,1225.6,1198.71,129962,1557.87,5121,79556.0, 61.21,2026-06-03
ZSARACOM, EQ, 03-Jun-2026,9521.5,9331.0,9331.0,9195.0,9208.0,9208.0,9225.5,6,0.55,6,6.0, 100.00,2026-06-03
ZTECH, SM, 03-Jun-2026,581.0,583.0,605.0,561.15,605.0,597.75,582.39,95700,557.35,52,92400.0, 96.55,2026-06-03
ZUARI, EQ, 03-Jun-2026,220.73,219.2,220.4,213.0,220.4,218.97,216.76,144188,312.54,3503,58649.0, 40.68,2026-06-03
ZUARIIND, EQ, 03-Jun-2026,248.65,248.6,258.75,245.8,258.75,257.25,252.29,32282,81.44,1191,14815.0, 45.89,2026-06-03
ZYDUSLIFE, EQ, 03-Jun-2026,1078.3,1078.1,1081.1,1048.9,1076.0,1076.6,1067.63,1403453,14983.67,34622,663747.0, 47.29,2026-06-03
ZYDUSWELL, EQ, 03-Jun-2026,497.8,498.95,505.8,489.4,505.45,502.65,498.29,186246,928.04,11252,71016.0, 38.13,2026-06-03
