SYMBOL,SERIES,DATE1,PREV_CLOSE,OPEN_PRICE,HIGH_PRICE,LOW_PRICE,LAST_PRICE,CLOSE_PRICE,AVG_PRICE,TTL_TRD_QNTY,TURNOVER_LACS,NO_OF_TRADES,DELIV_QTY,DELIV_PER,DATE
1018GS2026, GS, 09-Jun-2026,104.99,102.36,106.36,102.36,102.51,102.64,102.77,352,0.36,11,307.0, 87.22,2026-06-09
20MICRONS, EQ, 09-Jun-2026,185.14,188.0,190.35,185.4,187.5,187.83,187.46,101163,189.64,2867,38259.0, 37.82,2026-06-09
21STCENMGM, EQ, 09-Jun-2026,33.32,33.32,33.95,32.75,33.88,32.83,32.82,5104,1.68,18,4961.0, 97.20,2026-06-09
360ONE, EQ, 09-Jun-2026,1054.9,1056.4,1083.0,1056.4,1080.0,1075.0,1069.86,384782,4116.63,14923,212586.0, 55.25,2026-06-09
3BBLACKBIO, EQ, 09-Jun-2026,1154.4,1154.4,1219.1,1147.0,1206.7,1201.5,1193.81,23670,282.57,2414,17511.0, 73.98,2026-06-09
3IINFOLTD, EQ, 09-Jun-2026,16.49,16.51,17.17,16.51,16.92,16.8,16.78,156307,26.23,813,113121.0, 72.37,2026-06-09
3MINDIA, EQ, 09-Jun-2026,31540.0,31925.0,32095.0,31620.0,31850.0,31785.0,31788.98,1671,531.19,1174,620.0, 37.10,2026-06-09
3PLAND, EQ, 09-Jun-2026,32.76,32.76,35.11,31.8,33.15,33.23,33.26,2247,0.75,160,1419.0, 63.15,2026-06-09
574GS2026, GS, 09-Jun-2026,99.61,100.4,100.4,99.57,99.57,99.57,99.99,10,0.01,2,5.0, 50.00,2026-06-09
5PAISA, EQ, 09-Jun-2026,307.1,307.4,312.45,304.2,312.45,311.3,309.4,23587,72.98,1197,8623.0, 36.56,2026-06-09
601GS2030, GS, 09-Jun-2026,98.3,98.3,98.3,98.3,98.3,98.3,98.3,300,0.29,1,300.0, 100.00,2026-06-09
603GS2029, GS, 09-Jun-2026,99.31,99.31,99.31,99.31,99.31,99.31,99.31,200,0.2,1,200.0, 100.00,2026-06-09
610GS2031, GS, 09-Jun-2026,102.9,99.0,103.0,99.0,103.0,103.0,100.0,4,0.0,2,4.0, 100.00,2026-06-09
636GS2031, GS, 09-Jun-2026,99.0,99.0,99.0,98.31,98.31,98.31,98.48,400,0.39,2,400.0, 100.00,2026-06-09
63MOONS, EQ, 09-Jun-2026,633.85,636.05,668.0,636.0,654.8,652.45,653.22,180464,1178.83,7480,81323.0, 45.06,2026-06-09
648GS2035, GS, 09-Jun-2026,97.4,97.4,97.4,97.4,97.4,97.4,97.4,109,0.11,1,109.0, 100.00,2026-06-09
664GS2027, GS, 09-Jun-2026,102.26,100.15,100.15,100.15,100.15,100.15,100.15,10,0.01,1,10.0, 100.00,2026-06-09
667GS2050, GS, 09-Jun-2026,94.45,94.4,94.4,94.3,94.3,94.3,94.38,106,0.1,2,106.0, 100.00,2026-06-09
668GS2040, GS, 09-Jun-2026,96.75,97.5,97.5,96.0,96.0,96.16,96.72,654,0.63,14,641.0, 98.01,2026-06-09
676GS2061, GS, 09-Jun-2026,90.01,90.4,90.6,90.32,90.6,90.6,90.45,27472,24.85,21,27442.0, 99.89,2026-06-09
68GS2060, GS, 09-Jun-2026,93.9,91.0,93.9,91.0,93.49,93.49,92.08,5239,4.82,15,5016.0, 95.74,2026-06-09
690GS2065, GS, 09-Jun-2026,91.99,91.6,92.2,91.3,92.19,92.19,91.8,19882,18.25,20,17215.0, 86.59,2026-06-09
694GS2036, GS, 09-Jun-2026,99.1,98.01,100.98,98.01,100.98,99.4,99.05,740,0.73,12,620.0, 83.78,2026-06-09
695GS2061, GS, 09-Jun-2026,95.0,96.0,96.0,94.0,94.01,94.01,94.07,2179,2.05,6,2104.0, 96.56,2026-06-09
698GR2054, GS, 09-Jun-2026,91.5,95.5,95.5,95.5,95.5,95.5,95.5,100,0.1,1,100.0, 100.00,2026-06-09
699GS2051, GS, 09-Jun-2026,99.1,97.5,100.0,97.5,100.0,100.0,98.58,231,0.23,3,191.0, 82.68,2026-06-09
702GS2027, GS, 09-Jun-2026,102.0,100.06,101.45,99.8,101.45,99.86,99.96,5101,5.1,6,5101.0, 100.00,2026-06-09
702GS2031, GS, 09-Jun-2026,103.25,102.1,102.8,102.01,102.8,102.8,102.16,6000,6.13,5,6000.0, 100.00,2026-06-09
706GS2028, GS, 09-Jun-2026,101.2,101.38,101.94,101.37,101.94,101.94,101.37,1004,1.02,3,1000.0, 99.60,2026-06-09
709GS2054, GS, 09-Jun-2026,96.5,96.5,96.5,96.0,96.5,96.5,96.36,1868,1.8,8,1868.0, 100.00,2026-06-09
709GS2074, GS, 09-Jun-2026,93.38,93.9,93.9,93.3,93.68,93.62,93.55,7566,7.08,15,7562.0, 99.95,2026-06-09
710GS2029, GS, 09-Jun-2026,103.8,103.5,103.55,103.5,103.5,103.5,103.51,6010,6.22,4,6010.0, 100.00,2026-06-09
716GS2050, GS, 09-Jun-2026,99.09,100.01,100.01,100.01,100.01,100.01,100.01,91,0.09,1,91.0, 100.00,2026-06-09
717GS2028, GS, 09-Jun-2026,103.91,103.93,103.93,103.93,103.93,103.93,103.93,200,0.21,1,200.0, 100.00,2026-06-09
717GS2030, GS, 09-Jun-2026,101.2,101.0,101.5,101.0,101.5,101.5,101.3,22800,23.1,6,22800.0, 100.00,2026-06-09
718GS2037, GS, 09-Jun-2026,103.1,103.75,103.75,103.16,103.21,103.21,103.16,10401,10.73,3,10401.0, 100.00,2026-06-09
719GS2060, GS, 09-Jun-2026,98.95,95.75,98.0,95.75,98.0,98.0,97.82,660,0.65,5,630.0, 95.45,2026-06-09
71GS2034, GS, 09-Jun-2026,100.5,101.0,101.0,101.0,101.0,101.0,101.0,1000,1.01,1,1000.0, 100.00,2026-06-09
723GS2039, GS, 09-Jun-2026,99.5,100.01,100.01,100.01,100.01,100.01,100.01,100,0.1,1,100.0, 100.00,2026-06-09
724GS2055, GS, 09-Jun-2026,98.23,98.1,98.5,98.0,98.48,98.46,98.42,58730,57.8,41,54212.0, 92.31,2026-06-09
725GS2063, GS, 09-Jun-2026,98.53,98.75,98.94,98.45,98.7,98.81,98.78,131099,129.49,53,114087.0, 87.02,2026-06-09
726GS2032, GS, 09-Jun-2026,103.5,103.0,103.5,103.0,103.5,103.5,103.47,1600,1.66,2,1600.0, 100.00,2026-06-09
733GS2026, GS, 09-Jun-2026,101.0,101.0,101.0,100.61,100.61,100.61,100.99,2600,2.63,2,2600.0, 100.00,2026-06-09
734GS2064, GS, 09-Jun-2026,96.91,96.8,97.54,96.8,97.22,97.2,97.36,35964,35.02,32,33758.0, 93.87,2026-06-09
735NABAR31, N1, 09-Jun-2026,1084.0,1084.0,1084.0,1084.0,1084.0,1084.0,1084.0,1,0.01,1,1.0, 100.00,2026-06-09
737GS2028, GS, 09-Jun-2026,101.97,101.85,102.87,101.75,101.79,101.79,101.85,415,0.42,7,306.0, 73.73,2026-06-09
738GS2027, GS, 09-Jun-2026,104.16,104.2,104.5,104.2,104.2,104.2,104.2,6332,6.6,7,6321.0, 99.83,2026-06-09
73GS2053, GS, 09-Jun-2026,99.99,99.55,99.9,99.5,99.9,99.9,99.57,651,0.65,5,551.0, 84.64,2026-06-09
741GS2036, GS, 09-Jun-2026,106.46,105.15,106.75,105.15,105.5,105.5,105.36,6893,7.26,8,6889.0, 99.94,2026-06-09
743GS2076, GS, 09-Jun-2026,100.0,100.0,100.0,99.8,99.8,99.8,99.9,199,0.2,3,199.0, 100.00,2026-06-09
746GS2073, GS, 09-Jun-2026,98.98,98.98,99.0,98.9,98.9,98.9,98.98,7181,7.11,20,7181.0, 100.00,2026-06-09
74GS2035, GS, 09-Jun-2026,103.0,103.5,103.5,103.5,103.5,103.5,103.5,1000,1.04,1,1000.0, 100.00,2026-06-09
74GS2062, GS, 09-Jun-2026,101.55,98.02,101.0,98.02,100.0,100.0,100.01,7764,7.76,14,7749.0, 99.81,2026-06-09
750GS2056, GS, 09-Jun-2026,97.51,99.5,99.5,99.5,99.5,99.5,99.5,100,0.1,1,100.0, 100.00,2026-06-09
754GS2036, GS, 09-Jun-2026,103.95,104.0,104.75,103.9,104.2,104.19,104.13,196792,204.92,112,186942.0, 94.99,2026-06-09
763GS2059, GS, 09-Jun-2026,102.6,105.5,105.5,105.5,105.5,105.5,105.5,125,0.13,1,125.0, 100.00,2026-06-09
771GS2066, GS, 09-Jun-2026,103.11,101.0,103.11,101.0,103.11,103.11,102.92,1100,1.13,3,1100.0, 100.00,2026-06-09
795GS2032, GS, 09-Jun-2026,108.48,104.95,105.2,104.95,105.2,105.2,105.08,20,0.02,3,10.0, 50.00,2026-06-09
824GS2027, GS, 09-Jun-2026,104.04,104.04,104.04,104.02,104.02,104.02,104.04,1178,1.23,7,1178.0, 100.00,2026-06-09
86GS2028, GS, 09-Jun-2026,108.39,108.39,108.39,108.39,108.39,108.39,108.39,500,0.54,1,500.0, 100.00,2026-06-09
92GS2030, GS, 09-Jun-2026,110.22,110.3,110.5,110.08,110.5,110.5,110.37,11136,12.29,16,10700.0, 96.08,2026-06-09
A2ZINFRA, EQ, 09-Jun-2026,14.21,14.88,14.89,14.04,14.6,14.56,14.42,112917,16.29,300,69436.0, 61.49,2026-06-09
AAATECH, EQ, 09-Jun-2026,91.82,92.89,100.0,92.0,95.5,95.11,96.74,42159,40.78,666,27470.0, 65.16,2026-06-09
AADHARHFC, EQ, 09-Jun-2026,460.45,461.0,469.0,460.35,468.65,467.85,466.27,120500,561.86,10379,82043.0, 68.09,2026-06-09
AAKAAR, SM, 09-Jun-2026,69.95,68.9,68.9,66.5,66.5,66.5,67.13,12800,8.59,8,11200.0, 87.50,2026-06-09
AAKASH, BE, 09-Jun-2026,9.85,9.79,9.97,9.62,9.88,9.88,9.84,184436,18.14,309,, -,2026-06-09
AARADHYA, SM, 09-Jun-2026,80.0,82.0,82.0,82.0,82.0,82.0,82.0,1200,0.98,1,1200.0, 100.00,2026-06-09
AAREYDRUGS, BE, 09-Jun-2026,79.91,81.0,81.0,78.22,80.0,80.24,80.16,55402,44.41,199,, -,2026-06-09
AARNAV, EQ, 09-Jun-2026,24.55,24.75,25.45,24.41,24.67,24.98,24.8,31688,7.86,197,25066.0, 79.10,2026-06-09
AARON, EQ, 09-Jun-2026,114.17,113.6,116.49,112.02,114.95,114.59,114.16,8952,10.22,436,6401.0, 71.50,2026-06-09
AARTECH, EQ, 09-Jun-2026,41.23,41.23,42.35,40.24,41.35,41.14,41.23,29922,12.34,1039,13536.0, 45.24,2026-06-09
AARTIDRUGS, EQ, 09-Jun-2026,366.05,365.6,379.85,365.15,374.05,376.1,375.86,158021,593.94,4362,71104.0, 45.00,2026-06-09
AARTIIND, EQ, 09-Jun-2026,432.55,433.0,442.95,431.35,439.0,440.4,437.16,449383,1964.54,17918,198284.0, 44.12,2026-06-09
AARTIPHARM, EQ, 09-Jun-2026,606.35,609.05,628.0,607.0,626.95,625.25,619.5,113051,700.35,7829,58697.0, 51.92,2026-06-09
AARTISURF, EQ, 09-Jun-2026,359.25,356.25,366.8,356.25,365.0,364.75,362.96,9837,35.7,330,7528.0, 76.53,2026-06-09
AARVI, EQ, 09-Jun-2026,130.89,131.0,133.0,128.0,131.16,131.39,130.65,28078,36.68,1045,10589.0, 37.71,2026-06-09
AATMAJ, SM, 09-Jun-2026,18.75,19.0,19.5,18.75,19.2,19.2,19.01,12000,2.28,6,8000.0, 66.67,2026-06-09
AAVAS, EQ, 09-Jun-2026,1259.3,1260.0,1284.5,1247.6,1260.0,1256.9,1258.1,136094,1712.2,9962,106777.0, 78.46,2026-06-09
ABANSENT, BE, 09-Jun-2026,26.91,26.49,26.91,25.6,26.48,26.48,26.21,4615,1.21,51,, -,2026-06-09
ABB, EQ, 09-Jun-2026,6958.0,7000.0,7063.5,6908.0,6931.0,6931.0,6969.61,254364,17728.19,26620,99446.0, 39.10,2026-06-09
ABBOTINDIA, EQ, 09-Jun-2026,25780.0,25805.0,26240.0,25760.0,26220.0,26105.0,26055.5,11204,2919.26,2709,8492.0, 75.79,2026-06-09
ABCAPITAL, EQ, 09-Jun-2026,344.0,344.9,352.45,343.9,351.05,351.35,349.24,2368143,8270.39,29411,1235215.0, 52.16,2026-06-09
ABCOTS, EQ, 09-Jun-2026,204.56,205.9,207.97,202.3,203.25,202.83,205.01,40182,82.38,1147,21885.0, 54.46,2026-06-09
ABDL, EQ, 09-Jun-2026,567.65,565.4,584.85,565.3,583.0,583.1,579.84,258823,1500.75,9669,148904.0, 57.53,2026-06-09
ABFRL, EQ, 09-Jun-2026,59.29,59.32,61.15,59.32,60.39,60.45,60.3,3307280,1994.45,17097,1654123.0, 50.01,2026-06-09
ABGSEC, EQ, 09-Jun-2026,112.0,112.0,112.94,112.0,112.55,112.53,112.08,268,0.3,9,240.0, 89.55,2026-06-09
ABHAPOWER, SM, 09-Jun-2026,28.0,29.0,29.0,27.0,27.5,27.5,27.69,12800,3.54,8,9600.0, 75.00,2026-06-09
ABINFRA, EQ, 09-Jun-2026,10.35,10.48,10.55,10.01,10.24,10.13,10.27,669839,68.78,1812,203311.0, 30.35,2026-06-09
ABLBL, EQ, 09-Jun-2026,97.5,97.57,99.31,97.57,99.09,98.73,98.73,5011673,4947.94,5834,3937269.0, 78.56,2026-06-09
ABMINTLLTD, EQ, 09-Jun-2026,42.95,42.95,43.22,39.15,42.0,39.41,41.96,58,0.02,7,40.0, 68.97,2026-06-09
ABMKNO, EQ, 09-Jun-2026,215.0,210.0,215.0,198.01,210.0,208.4,205.44,5588,11.48,142,4511.0, 80.73,2026-06-09
ABREL, EQ, 09-Jun-2026,1215.7,1216.6,1235.6,1215.5,1219.0,1218.8,1224.33,68237,835.44,7300,29536.0, 43.28,2026-06-09
ABSL10BANK, EQ, 09-Jun-2026,159.48,160.39,164.0,159.91,160.94,161.29,161.1,896,1.44,19,848.0, 94.64,2026-06-09
ABSLAMC, EQ, 09-Jun-2026,1044.2,1044.0,1066.7,1041.0,1063.1,1062.4,1056.18,996871,10528.77,31045,827474.0, 83.01,2026-06-09
ABSLBANETF, EQ, 09-Jun-2026,55.28,55.82,56.5,55.33,56.35,56.37,56.23,120316,67.65,303,83409.0, 69.32,2026-06-09
ABSLLIQUID, EQ, 09-Jun-2026,1000.0,999.99,1000.0,999.99,1000.0,1000.0,1000.0,272,2.72,4,213.0, 78.31,2026-06-09
ABSLMSCIN, EQ, 09-Jun-2026,28.32,28.36,28.36,28.3,28.3,28.3,28.32,202,0.06,8,202.0, 100.00,2026-06-09
ABSLNN50ET, EQ, 09-Jun-2026,72.4,72.4,73.54,72.4,73.5,73.35,73.03,4383,3.2,617,2793.0, 63.72,2026-06-09
ABSLPSE, EQ, 09-Jun-2026,10.38,10.63,10.63,10.38,10.49,10.42,10.41,119498,12.45,333,95234.0, 79.70,2026-06-09
ABSMARINE, ST, 09-Jun-2026,244.15,233.5,250.7,233.5,241.5,241.55,241.68,137000,331.1,213,123000.0, 89.78,2026-06-09
ACC, EQ, 09-Jun-2026,1319.7,1322.1,1330.4,1311.1,1321.9,1324.7,1320.07,150356,1984.81,12662,88583.0, 58.92,2026-06-09
ACCELYA, EQ, 09-Jun-2026,1108.3,1101.0,1125.0,1101.0,1120.0,1118.1,1114.64,6423,71.59,814,4160.0, 64.77,2026-06-09
ACCENTMIC, SM, 09-Jun-2026,475.7,477.1,487.4,469.0,475.1,475.85,476.9,686000,3271.55,290,615500.0, 89.72,2026-06-09
ACCORD, ST, 09-Jun-2026,70.9,74.4,74.4,74.4,74.4,74.4,74.4,4000,2.98,2,4000.0, 100.00,2026-06-09
ACCPL, ST, 09-Jun-2026,138.0,136.6,136.6,131.15,133.5,134.3,134.06,14400,19.3,12,13200.0, 91.67,2026-06-09
ACCURACY, EQ, 09-Jun-2026,5.44,5.52,5.58,5.2,5.23,5.24,5.33,144817,7.71,584,111309.0, 76.86,2026-06-09
ACE, EQ, 09-Jun-2026,883.95,883.95,915.4,879.15,895.0,894.15,899.32,388287,3491.94,22922,145212.0, 37.40,2026-06-09
ACEINTEG, EQ, 09-Jun-2026,20.66,20.72,20.81,19.77,20.0,19.99,20.01,1414,0.28,52,864.0, 61.10,2026-06-09
ACETEC, SM, 09-Jun-2026,128.0,123.0,123.0,123.0,123.0,123.0,123.0,1200,1.48,1,1200.0, 100.00,2026-06-09
ACI, EQ, 09-Jun-2026,514.55,515.2,547.3,511.5,545.3,544.3,526.05,2189567,11518.2,37598,1454980.0, 66.45,2026-06-09
ACL, EQ, 09-Jun-2026,53.1,53.1,54.8,53.1,54.0,53.99,54.19,9390,5.09,247,7004.0, 74.59,2026-06-09
ACMESOLAR, EQ, 09-Jun-2026,352.25,352.25,357.7,346.05,348.0,348.7,351.43,1558201,5475.92,44925,570107.0, 36.59,2026-06-09
ACSTECH, EQ, 09-Jun-2026,36.1,37.9,37.9,37.9,37.9,37.9,37.9,71558,27.12,71,71542.0, 99.98,2026-06-09
ACTIVEINFR, SM, 09-Jun-2026,182.5,173.55,177.05,173.55,176.0,176.0,175.93,3000,5.28,5,1200.0, 40.00,2026-06-09
ACUTAAS, EQ, 09-Jun-2026,3316.2,3300.0,3311.6,3181.1,3190.0,3198.7,3219.36,378466,12184.18,35081,175508.0, 46.37,2026-06-09
ADANIENSOL, EQ, 09-Jun-2026,1570.4,1597.4,1599.0,1558.0,1571.0,1579.2,1579.8,3013275,47603.74,63477,1165928.0, 38.69,2026-06-09
ADANIENT, EQ, 09-Jun-2026,2970.0,2985.9,2998.7,2935.9,2973.6,2979.9,2975.24,1841620,54792.57,69459,577178.0, 31.34,2026-06-09
ADANIGREEN, EQ, 09-Jun-2026,1490.5,1518.8,1544.8,1490.3,1532.0,1534.5,1519.47,4557152,69244.68,77880,1326043.0, 29.10,2026-06-09
ADANIPORTS, EQ, 09-Jun-2026,1805.0,1828.0,1832.6,1792.4,1825.4,1826.4,1812.98,1776339,32204.67,59953,783525.0, 44.11,2026-06-09
ADANIPOWER, EQ, 09-Jun-2026,225.85,229.77,229.88,224.0,226.1,226.14,226.81,26466973,60030.63,123460,8842219.0, 33.41,2026-06-09
ADDICTIVE, SM, 09-Jun-2026,57.8,60.3,60.65,57.0,59.8,59.8,59.47,39000,23.19,26,35000.0, 89.74,2026-06-09
ADFFOODS, EQ, 09-Jun-2026,278.85,279.95,287.95,279.95,286.7,286.45,285.35,117076,334.07,4247,54985.0, 46.97,2026-06-09
ADISOFT, SM, 09-Jun-2026,206.85,214.45,220.0,209.4,215.6,216.15,214.78,76800,164.95,81,60000.0, 78.13,2026-06-09
ADL, EQ, 09-Jun-2026,69.1,66.2,72.4,66.2,72.4,72.4,69.38,20,0.01,3,20.0, 100.00,2026-06-09
ADOR, EQ, 09-Jun-2026,1128.5,1135.0,1145.9,1115.0,1136.0,1138.4,1133.68,15728,178.3,1327,7747.0, 49.26,2026-06-09
ADROITINFO, EQ, 09-Jun-2026,9.19,9.19,9.41,9.02,9.3,9.23,9.1,12927,1.18,80,10488.0, 81.13,2026-06-09
ADSL, EQ, 09-Jun-2026,118.97,120.0,120.72,116.9,119.89,119.12,118.34,100892,119.39,1993,43973.0, 43.58,2026-06-09
ADVAIT, EQ, 09-Jun-2026,2148.0,2148.0,2375.0,2148.0,2305.0,2346.2,2302.96,242848,5592.7,20357,77045.0, 31.73,2026-06-09
ADVANCE, EQ, 09-Jun-2026,98.55,98.56,100.89,97.99,100.0,100.49,99.12,451500,447.52,1115,406594.0, 90.05,2026-06-09
ADVANIHOTR, EQ, 09-Jun-2026,52.26,52.3,54.0,52.27,53.5,53.36,53.1,32980,17.51,514,21396.0, 64.88,2026-06-09
ADVENTHTL, EQ, 09-Jun-2026,128.14,128.5,136.34,128.4,130.0,130.44,131.21,182898,239.98,2821,119635.0, 65.41,2026-06-09
ADVENZYMES, EQ, 09-Jun-2026,372.0,374.0,378.2,366.55,373.3,372.15,370.36,80113,296.71,3339,40788.0, 50.91,2026-06-09
AEGISLOG, EQ, 09-Jun-2026,755.55,759.25,785.5,754.05,781.0,782.65,774.8,508770,3941.93,17773,221915.0, 43.62,2026-06-09
AEGISVOPAK, EQ, 09-Jun-2026,184.26,185.0,194.69,184.32,192.7,191.67,190.36,376371,716.45,8010,124029.0, 32.95,2026-06-09
AEPL, EQ, 09-Jun-2026,16.34,16.34,16.62,16.06,16.3,16.19,16.22,11127,1.8,78,9298.0, 83.56,2026-06-09
AEQUS, EQ, 09-Jun-2026,187.01,188.01,189.0,182.16,183.85,184.11,184.95,3323204,6146.42,76604,1409816.0, 42.42,2026-06-09
AEROENTER, EQ, 09-Jun-2026,100.72,100.72,106.78,100.72,105.1,105.05,104.66,745426,780.19,5105,347440.0, 46.61,2026-06-09
AEROFLEX, EQ, 09-Jun-2026,399.0,404.95,433.05,404.95,427.0,425.7,423.02,2062063,8723.01,27328,632680.0, 30.68,2026-06-09
AERON, SM, 09-Jun-2026,80.0,84.7,84.7,83.05,83.05,83.05,83.91,5000,4.2,4,4000.0, 80.00,2026-06-09
AERONEU, EQ, 09-Jun-2026,87.04,86.61,88.9,86.01,86.76,86.78,87.47,53599,46.89,299,6405.0, 11.95,2026-06-09
AETHER, EQ, 09-Jun-2026,1136.5,1139.7,1142.1,1115.0,1135.7,1135.0,1127.31,169693,1912.96,15424,76107.0, 44.85,2026-06-09
AFCONS, EQ, 09-Jun-2026,312.2,313.25,318.7,313.25,316.5,315.5,316.14,204726,647.21,6470,72678.0, 35.50,2026-06-09
AFFLE, EQ, 09-Jun-2026,1496.3,1495.9,1510.0,1459.0,1505.2,1502.2,1484.17,189607,2814.08,21044,77990.0, 41.13,2026-06-09
AFFORDABLE, BE, 09-Jun-2026,171.29,171.99,179.85,168.7,179.85,178.82,174.11,20095,34.99,203,, -,2026-06-09
AFIL, BE, 09-Jun-2026,10.21,10.22,10.44,9.82,10.0,10.01,10.03,593958,59.55,567,, -,2026-06-09
AFSL, EQ, 09-Jun-2026,201.0,201.5,202.01,201.0,201.0,201.0,201.04,14190,28.53,89,11585.0, 81.64,2026-06-09
AGARIND, EQ, 09-Jun-2026,470.35,477.4,484.7,458.2,477.5,479.3,472.96,113864,538.53,4225,33078.0, 29.05,2026-06-09
AGARWALEYE, EQ, 09-Jun-2026,451.6,451.0,454.5,445.3,445.55,448.5,450.72,22011,99.21,1629,9084.0, 41.27,2026-06-09
AGARWALTUF, SM, 09-Jun-2026,117.4,118.05,127.0,117.15,125.0,125.05,123.02,151200,186.01,63,121200.0, 80.16,2026-06-09
AGI, EQ, 09-Jun-2026,599.9,600.0,623.65,600.0,618.55,618.5,616.72,176319,1087.39,7558,91672.0, 51.99,2026-06-09
AGIIL, EQ, 09-Jun-2026,369.05,369.4,376.0,363.9,376.0,373.3,371.03,2226240,8260.09,9588,663000.0, 29.78,2026-06-09
AGNI, SM, 09-Jun-2026,17.45,17.5,18.3,17.5,18.3,18.3,18.04,15000,2.71,6,10000.0, 66.67,2026-06-09
AGRITECH, EQ, 09-Jun-2026,152.16,149.9,149.99,136.95,136.95,136.95,139.85,113238,158.36,1647,38774.0, 34.24,2026-06-09
AGROPHOS, EQ, 09-Jun-2026,30.62,30.62,31.38,30.02,30.2,30.23,30.52,16674,5.09,149,14156.0, 84.90,2026-06-09
AHCL, EQ, 09-Jun-2026,14.06,14.17,15.29,14.01,15.12,15.14,14.6,27568229,4024.6,14849,17750833.0, 64.39,2026-06-09
AHLADA, EQ, 09-Jun-2026,40.97,42.0,42.65,40.01,40.7,40.99,41.25,6403,2.64,120,3334.0, 52.07,2026-06-09
AHLEAST, EQ, 09-Jun-2026,155.52,155.1,158.3,155.0,155.16,155.3,155.31,5177,8.04,105,3140.0, 60.65,2026-06-09
AHLUCONT, EQ, 09-Jun-2026,783.7,779.65,806.7,779.65,798.0,797.7,794.81,32449,257.91,5891,18181.0, 56.03,2026-06-09
AHLWEST, BE, 09-Jun-2026,576.3,560.15,580.0,560.0,574.0,574.05,572.21,1515,8.67,45,, -,2026-06-09
AIAENG, EQ, 09-Jun-2026,4545.5,4548.5,4578.6,4443.3,4495.0,4489.1,4499.51,79733,3587.59,9506,50649.0, 63.52,2026-06-09
AIIL, EQ, 09-Jun-2026,456.6,457.9,473.5,456.0,473.4,470.7,468.05,182182,852.71,10575,90696.0, 49.78,2026-06-09
AILIMITED, ST, 09-Jun-2026,37.9,36.1,36.1,36.05,36.05,36.05,36.07,4500,1.62,3,4500.0, 100.00,2026-06-09
AIMTRON, SM, 09-Jun-2026,1205.85,1180.5,1229.9,1180.5,1220.0,1212.2,1199.27,47600,570.85,191,22400.0, 47.06,2026-06-09
AIRAN, EQ, 09-Jun-2026,16.38,16.74,16.74,16.05,16.59,16.47,16.43,30551,5.02,166,20222.0, 66.19,2026-06-09
AIROLAM, EQ, 09-Jun-2026,79.0,79.0,87.5,79.0,85.0,85.13,84.11,5464,4.6,101,3949.0, 72.27,2026-06-09
AISL, SM, 09-Jun-2026,57.15,54.55,54.55,54.55,54.55,54.55,54.55,600,0.33,1,600.0, 100.00,2026-06-09
AJANTPHARM, EQ, 09-Jun-2026,2968.8,3027.3,3084.7,3000.8,3008.9,3017.2,3028.32,199046,6027.74,25245,92377.0, 46.41,2026-06-09
AJAXENGG, EQ, 09-Jun-2026,563.4,571.9,585.0,565.55,580.0,581.9,576.07,30569,176.1,3375,13306.0, 43.53,2026-06-09
AJMERA, EQ, 09-Jun-2026,116.21,116.8,119.53,116.1,118.55,118.43,117.6,330306,388.43,3492,106822.0, 32.34,2026-06-09
AJOONI, EQ, 09-Jun-2026,3.78,3.71,3.94,3.53,3.94,3.92,3.81,282085,10.76,557,164231.0, 58.22,2026-06-09
AKASH, EQ, 09-Jun-2026,27.11,27.01,27.49,26.7,26.72,26.71,26.95,1008,0.27,28,969.0, 96.13,2026-06-09
AKCAPIT, EQ, 09-Jun-2026,1695.5,1744.0,1744.0,1693.9,1738.0,1730.9,1728.18,58,1.0,8,58.0, 100.00,2026-06-09
AKG, EQ, 09-Jun-2026,10.82,11.04,11.04,10.82,11.0,10.97,10.97,6412,0.7,68,6294.0, 98.16,2026-06-09
AKI, EQ, 09-Jun-2026,4.83,4.83,4.92,4.8,4.89,4.88,4.87,22992,1.12,150,13498.0, 58.71,2026-06-09
AKIKO, ST, 09-Jun-2026,241.8,244.0,253.85,242.0,251.5,250.15,250.47,8800,22.04,11,8000.0, 90.91,2026-06-09
AKSHAR, EQ, 09-Jun-2026,0.45,0.45,0.46,0.44,0.44,0.44,0.45,1051010,4.7,284,976588.0, 92.92,2026-06-09
AKSHARCHEM, EQ, 09-Jun-2026,211.54,210.0,216.9,208.02,210.32,211.94,212.75,7126,15.16,448,3357.0, 47.11,2026-06-09
AKSHOPTFBR, BE, 09-Jun-2026,6.84,6.97,6.97,6.97,6.97,6.97,6.97,60474,4.22,56,, -,2026-06-09
AKUMS, EQ, 09-Jun-2026,545.35,545.35,560.75,543.75,544.45,548.25,550.17,388076,2135.09,18154,275658.0, 71.03,2026-06-09
ALANKIT, EQ, 09-Jun-2026,8.21,8.47,8.47,8.05,8.27,8.25,8.24,142557,11.75,631,85107.0, 59.70,2026-06-09
ALBERTDAVD, EQ, 09-Jun-2026,691.4,710.1,720.0,686.8,710.0,696.15,699.76,2132,14.92,242,898.0, 42.12,2026-06-09
ALCODIS, ST, 09-Jun-2026,72.2,72.2,72.2,72.2,72.2,72.2,72.2,1250,0.9,2,1250.0, 100.00,2026-06-09
ALEMBICLTD, EQ, 09-Jun-2026,85.73,85.75,87.68,85.56,87.34,86.73,86.7,154241,133.73,1655,63210.0, 40.98,2026-06-09
ALGOQUANT, EQ, 09-Jun-2026,53.35,54.15,54.5,52.21,52.3,52.53,53.56,1346926,721.41,7309,136395.0, 10.13,2026-06-09
ALICON, EQ, 09-Jun-2026,634.25,642.05,664.0,630.05,658.0,653.75,652.16,13082,85.32,1235,6359.0, 48.61,2026-06-09
ALIVUS, EQ, 09-Jun-2026,1002.0,1002.0,1038.1,1002.0,1032.0,1035.0,1024.37,50378,516.06,6476,26990.0, 53.57,2026-06-09
ALKALI, BE, 09-Jun-2026,87.06,87.06,91.41,83.6,89.0,89.85,88.97,6990,6.22,192,, -,2026-06-09
ALKEM, EQ, 09-Jun-2026,5356.5,5405.0,5407.0,5318.5,5322.5,5355.5,5363.28,177273,9507.65,21435,93442.0, 52.71,2026-06-09
ALKYLAMINE, EQ, 09-Jun-2026,1788.8,1814.0,1876.9,1777.2,1853.0,1851.4,1844.61,265276,4893.31,28437,68003.0, 25.63,2026-06-09
ALLCARGO, EQ, 09-Jun-2026,8.61,8.66,9.12,8.66,8.91,9.0,8.99,4816626,433.11,6795,1860033.0, 38.62,2026-06-09
ALLDIGI, EQ, 09-Jun-2026,825.95,827.0,844.0,819.05,827.0,827.25,830.26,7898,65.57,542,5467.0, 69.22,2026-06-09
ALLETEC, ST, 09-Jun-2026,142.3,142.3,143.0,135.55,143.0,141.1,139.05,21600,30.04,52,19600.0, 90.74,2026-06-09
ALLTIME, EQ, 09-Jun-2026,221.17,225.33,233.25,224.41,229.31,227.94,227.95,36390,82.95,1171,18317.0, 50.34,2026-06-09
ALMONDZ, EQ, 09-Jun-2026,13.52,13.57,13.93,12.96,13.41,13.17,13.2,76113,10.04,582,58221.0, 76.49,2026-06-09
ALOKINDS, EQ, 09-Jun-2026,11.97,11.99,12.23,11.99,12.13,12.11,12.15,6374379,774.63,10848,3321782.0, 52.11,2026-06-09
ALPA, EQ, 09-Jun-2026,68.24,69.5,70.68,68.75,69.8,69.36,69.64,5650,3.93,105,3834.0, 67.86,2026-06-09
ALPEXSOLAR, SM, 09-Jun-2026,972.25,980.95,985.8,960.0,980.0,972.95,976.12,34700,338.71,248,23900.0, 68.88,2026-06-09
ALPHA, EQ, 09-Jun-2026,48.91,49.41,49.95,48.96,49.85,49.83,49.64,461029,228.85,1911,267101.0, 57.94,2026-06-09
ALPHAETF, EQ, 09-Jun-2026,25.19,24.94,25.57,24.9,25.57,25.53,25.43,109909,27.95,505,59568.0, 54.20,2026-06-09
ALPHAGEO, EQ, 09-Jun-2026,205.29,211.81,212.79,201.1,202.2,202.36,204.26,4869,9.95,308,2619.0, 53.79,2026-06-09
ALPL30IETF, EQ, 09-Jun-2026,26.06,26.48,26.48,26.07,26.25,26.24,26.21,190938,50.05,835,105533.0, 55.27,2026-06-09
ALUWIND, SM, 09-Jun-2026,50.0,49.0,50.0,49.0,50.0,50.0,49.38,6000,2.96,4,6000.0, 100.00,2026-06-09
AMAGI, EQ, 09-Jun-2026,409.05,408.85,419.65,400.5,400.5,404.05,405.66,37304,151.33,3048,16907.0, 45.32,2026-06-09
AMANTA, EQ, 09-Jun-2026,130.85,132.49,137.5,130.61,136.48,135.46,135.03,102557,138.48,1820,52375.0, 51.07,2026-06-09
AMBAAUTO, SM, 09-Jun-2026,84.75,91.0,91.0,76.3,79.0,78.65,78.97,61000,48.17,57,38000.0, 62.30,2026-06-09
AMBALALSA, EQ, 09-Jun-2026,34.62,35.49,35.49,33.94,34.3,34.06,34.46,161329,55.6,657,110592.0, 68.55,2026-06-09
AMBER, EQ, 09-Jun-2026,7750.0,7780.0,7800.0,7650.0,7730.0,7726.0,7712.97,237226,18297.16,26688,93778.0, 39.53,2026-06-09
AMBICAAGAR, EQ, 09-Jun-2026,23.83,24.7,24.88,23.92,24.45,24.44,24.68,3379,0.83,20,2559.0, 75.73,2026-06-09
AMBIKCO, EQ, 09-Jun-2026,1620.2,1621.8,1645.2,1594.9,1615.0,1611.8,1611.31,13161,212.06,994,9670.0, 73.47,2026-06-09
AMBUJACEM, EQ, 09-Jun-2026,415.3,416.5,417.75,412.6,415.25,416.0,415.54,1816420,7547.86,30793,814670.0, 44.85,2026-06-09
AMCL, SM, 09-Jun-2026,505.05,480.05,500.0,480.05,500.0,494.65,490.58,5600,27.47,11,3600.0, 64.29,2026-06-09
AMDIND, EQ, 09-Jun-2026,46.84,47.16,48.2,46.35,46.55,47.2,47.06,4844,2.28,250,2743.0, 56.63,2026-06-09
AMIRCHAND, EQ, 09-Jun-2026,119.49,120.06,123.4,119.5,123.0,123.0,121.82,257112,313.21,2860,155345.0, 60.42,2026-06-09
AMJLAND, EQ, 09-Jun-2026,35.81,36.16,36.51,36.01,36.5,36.3,36.34,4966,1.8,47,4965.0, 99.98,2026-06-09
AMNPLST, EQ, 09-Jun-2026,186.39,188.2,204.8,188.2,204.8,197.68,194.89,21606,42.11,574,9916.0, 45.89,2026-06-09
AMRUTANJAN, EQ, 09-Jun-2026,556.95,557.0,565.0,550.1,563.9,561.05,557.53,8279,46.16,884,4023.0, 48.59,2026-06-09
ANANDRATHI, EQ, 09-Jun-2026,1754.0,1765.0,1765.0,1710.6,1730.0,1730.7,1729.49,635798,10996.03,23677,335196.0, 52.72,2026-06-09
ANANTAM, IV, 09-Jun-2026,103.99,105.0,105.0,103.95,104.05,103.95,104.01,17726,18.44,83,17718.0, 99.95,2026-06-09
ANANTRAJ, EQ, 09-Jun-2026,537.3,540.8,552.9,535.0,541.45,540.75,542.78,2494493,13539.49,43996,769840.0, 30.86,2026-06-09
ANDHRAPAP, EQ, 09-Jun-2026,60.58,61.35,61.7,60.75,61.5,61.4,61.13,16212,9.91,371,9179.0, 56.62,2026-06-09
ANDHRSUGAR, EQ, 09-Jun-2026,77.87,77.5,89.64,77.5,85.39,85.82,84.67,1479672,1252.83,14835,329279.0, 22.25,2026-06-09
ANGELONE, EQ, 09-Jun-2026,325.7,327.9,339.2,326.75,338.95,337.55,332.53,3829623,12734.71,31633,1260611.0, 32.92,2026-06-09
ANIKINDS, BE, 09-Jun-2026,42.7,42.49,44.72,42.49,43.96,43.65,43.61,3295,1.44,25,, -,2026-06-09
ANKITMETAL, BZ, 09-Jun-2026,1.54,1.57,1.57,1.53,1.55,1.54,1.56,15607,0.24,27,, -,2026-06-09
ANLON, ST, 09-Jun-2026,696.85,720.0,731.45,691.1,691.1,691.1,716.24,8400,60.16,20,8400.0, 100.00,2026-06-09
ANMOL, EQ, 09-Jun-2026,11.08,11.08,11.62,10.86,11.08,11.07,11.14,58682,6.54,640,46745.0, 79.66,2026-06-09
ANNAPURNA, SM, 09-Jun-2026,136.8,138.05,139.8,137.0,138.1,139.1,138.48,168250,232.99,90,62750.0, 37.30,2026-06-09
ANONDITA, SM, 09-Jun-2026,1195.6,1201.0,1237.0,1179.0,1190.0,1183.45,1202.38,22200,266.93,100,17400.0, 78.38,2026-06-09
ANSALAPI, BZ, 09-Jun-2026,3.57,3.5,3.57,3.5,3.5,3.5,3.52,3750,0.13,9,, -,2026-06-09
ANTELOPUS, EQ, 09-Jun-2026,898.75,905.0,905.0,853.85,853.85,853.85,865.47,126668,1096.27,4374,68751.0, 54.28,2026-06-09
ANTGRAPHIC, EQ, 09-Jun-2026,0.81,0.85,0.85,0.79,0.8,0.8,0.81,192939,1.56,181,125351.0, 64.97,2026-06-09
ANTHEM, EQ, 09-Jun-2026,773.1,784.95,784.95,769.0,775.0,778.25,776.18,357036,2771.25,39314,208146.0, 58.30,2026-06-09
ANUHPHR, EQ, 09-Jun-2026,75.53,75.9,78.49,75.27,77.63,77.55,77.29,48862,37.76,866,35114.0, 71.86,2026-06-09
ANUP, EQ, 09-Jun-2026,1902.0,1902.0,1927.9,1849.0,1870.0,1874.0,1875.15,29135,546.33,4705,14001.0, 48.06,2026-06-09
ANURAS, EQ, 09-Jun-2026,1302.0,1291.1,1302.8,1261.2,1267.4,1267.2,1288.14,179657,2314.24,7345,38947.0, 21.68,2026-06-09
ANYA, SM, 09-Jun-2026,16.5,16.5,16.5,16.05,16.35,16.35,16.23,30000,4.87,5,25000.0, 83.33,2026-06-09
AONEGOLD, EQ, 09-Jun-2026,14.05,14.16,14.39,14.12,14.16,14.15,14.18,252129,35.74,1255,202142.0, 80.17,2026-06-09
AONELIQUID, EQ, 09-Jun-2026,1062.84,1063.0,1063.0,1062.98,1062.99,1062.99,1062.99,25023,265.99,145,20770.0, 83.00,2026-06-09
AONENIFTY, EQ, 09-Jun-2026,9.5,9.51,9.62,9.51,9.55,9.56,9.54,299553,28.59,1253,270236.0, 90.21,2026-06-09
AONESILVER, EQ, 09-Jun-2026,9.14,9.32,9.99,9.09,9.3,9.28,9.28,414026,38.4,1133,241312.0, 58.28,2026-06-09
AONETMMQ50, EQ, 09-Jun-2026,9.98,10.11,10.11,9.99,10.1,10.09,10.05,42198,4.24,322,24050.0, 56.99,2026-06-09
AONETOTAL, EQ, 09-Jun-2026,11.28,11.56,11.56,11.3,11.37,11.36,11.35,135047,15.33,986,87486.0, 64.78,2026-06-09
APARINDS, EQ, 09-Jun-2026,13276.0,13399.0,13799.0,13286.0,13610.0,13609.0,13557.52,80251,10880.05,22875,24852.0, 30.97,2026-06-09
APCL, EQ, 09-Jun-2026,117.22,121.0,121.0,116.1,116.25,116.63,117.62,1039,1.22,32,985.0, 94.80,2026-06-09
APCOTEXIND, EQ, 09-Jun-2026,516.75,518.85,548.95,518.6,539.0,539.0,538.61,151749,817.34,6933,66540.0, 43.85,2026-06-09
APEX, EQ, 09-Jun-2026,388.95,391.95,419.7,386.0,412.0,409.8,404.61,628905,2544.62,16954,89455.0, 14.22,2026-06-09
APEXECO, ST, 09-Jun-2026,188.0,188.0,190.0,185.15,190.0,190.0,186.69,13600,25.39,9,13600.0, 100.00,2026-06-09
APLAPOLLO, EQ, 09-Jun-2026,1817.7,1816.0,1829.6,1792.2,1799.0,1799.0,1804.55,379643,6850.85,27294,219748.0, 57.88,2026-06-09
APLLTD, EQ, 09-Jun-2026,745.5,750.0,750.0,725.35,732.6,731.5,735.52,231744,1704.52,13369,171087.0, 73.83,2026-06-09
APOLLO, EQ, 09-Jun-2026,407.0,412.05,419.7,405.4,414.7,413.05,413.07,25552550,105549.78,213587,3588241.0, 14.04,2026-06-09
APOLLOHOSP, EQ, 09-Jun-2026,8358.5,8420.0,8538.5,8365.5,8530.0,8524.0,8485.39,818210,69428.34,65541,571715.0, 69.87,2026-06-09
APOLLOPIPE, EQ, 09-Jun-2026,473.9,481.0,505.0,475.0,501.0,501.75,494.91,248317,1228.95,9228,68359.0, 27.53,2026-06-09
APOLLOTYRE, EQ, 09-Jun-2026,384.85,388.65,392.2,385.35,391.5,391.35,388.78,309451,1203.09,9812,128140.0, 41.41,2026-06-09
APOLSINHOT, EQ, 09-Jun-2026,1260.9,1263.0,1360.0,1261.8,1300.0,1301.7,1313.32,1864,24.48,131,1510.0, 81.01,2026-06-09
APRAMEYA, SM, 09-Jun-2026,159.05,159.5,159.5,154.05,157.15,157.95,156.24,57500,89.84,40,55500.0, 96.52,2026-06-09
APS, SM, 09-Jun-2026,304.9,305.1,308.7,303.0,307.8,306.1,306.24,11250,34.45,44,7000.0, 62.22,2026-06-09
APSISAERO, ST, 09-Jun-2026,288.0,292.0,293.75,292.0,293.75,293.75,293.17,3600,10.55,3,3600.0, 100.00,2026-06-09
APTECHT, EQ, 09-Jun-2026,101.79,103.32,112.6,102.1,109.85,110.18,109.78,1561233,1713.99,18095,412710.0, 26.43,2026-06-09
APTUS, EQ, 09-Jun-2026,256.0,256.0,256.95,248.0,252.5,253.05,251.25,1015458,2551.35,18141,428610.0, 42.21,2026-06-09
AQYLON, EQ, 09-Jun-2026,57.76,57.76,59.0,56.69,58.15,58.56,58.16,7413250,4311.29,9776,4475337.0, 60.37,2026-06-09
ARABIAN, SM, 09-Jun-2026,67.0,69.95,70.0,69.95,70.0,70.0,69.98,4000,2.8,2,4000.0, 100.00,2026-06-09
ARCHIDPLY, EQ, 09-Jun-2026,77.68,76.14,79.68,76.14,78.49,78.46,78.22,2572,2.01,73,2195.0, 85.34,2026-06-09
ARCHIES, EQ, 09-Jun-2026,14.12,14.12,14.47,14.05,14.15,14.31,14.2,5542,0.79,50,4151.0, 74.90,2026-06-09
ARCIIL, ST, 09-Jun-2026,40.9,38.9,42.9,38.9,42.9,42.9,41.39,35000,14.49,32,31000.0, 88.57,2026-06-09
ARE&M, EQ, 09-Jun-2026,824.65,826.9,836.8,826.05,832.0,831.7,830.03,297309,2467.77,17016,137232.0, 46.16,2026-06-09
ARENTERP, EQ, 09-Jun-2026,37.0,35.38,36.97,35.38,36.11,36.3,35.97,1860,0.67,22,960.0, 51.61,2026-06-09
ARFIN, EQ, 09-Jun-2026,86.97,87.97,88.5,82.99,83.45,85.71,86.75,2134431,1851.56,7269,287316.0, 13.46,2026-06-09
ARHAM, SM, 09-Jun-2026,138.1,142.0,142.0,138.1,138.1,138.1,140.87,11000,15.5,11,3000.0, 27.27,2026-06-09
ARIES, EQ, 09-Jun-2026,322.65,332.65,332.65,316.5,316.55,319.25,319.83,25516,81.61,1352,16593.0, 65.03,2026-06-09
ARIHANT, EQ, 09-Jun-2026,822.65,819.0,855.0,810.0,855.0,828.75,823.47,1406,11.58,115,946.0, 67.28,2026-06-09
ARIHANTACA, SM, 09-Jun-2026,458.0,469.0,469.0,468.0,468.0,468.0,468.5,800,3.75,2,400.0, 50.00,2026-06-09
ARIHANTCAP, EQ, 09-Jun-2026,63.43,63.43,65.4,63.43,65.29,64.87,64.81,132302,85.75,1537,67832.0, 51.27,2026-06-09
ARIHANTSUP, EQ, 09-Jun-2026,248.9,251.75,257.0,250.35,254.0,253.2,253.21,11919,30.18,382,5884.0, 49.37,2026-06-09
ARIS, EQ, 09-Jun-2026,113.53,113.53,116.77,113.22,116.3,115.61,114.99,233110,268.04,2342,119392.0, 51.22,2026-06-09
ARISTO, ST, 09-Jun-2026,94.3,94.3,94.3,94.3,94.3,94.3,94.3,800,0.75,1,800.0, 100.00,2026-06-09
ARKADE, EQ, 09-Jun-2026,111.7,112.0,113.49,111.2,112.5,112.63,112.17,74310,83.36,1344,41001.0, 55.18,2026-06-09
ARMANFIN, EQ, 09-Jun-2026,1554.8,1555.0,1624.4,1554.8,1580.1,1609.1,1591.53,21417,340.86,2277,11724.0, 54.74,2026-06-09
ARMOUR, SM, 09-Jun-2026,22.4,22.0,22.0,21.95,22.0,22.0,21.99,12000,2.64,5,12000.0, 100.00,2026-06-09
AROGRANITE, EQ, 09-Jun-2026,25.06,25.06,25.58,24.6,24.76,24.76,24.77,1380,0.34,59,722.0, 52.32,2026-06-09
ARROWGREEN, EQ, 09-Jun-2026,532.35,533.75,616.45,525.6,605.0,600.6,599.47,2020643,12113.17,48753,186186.0, 9.21,2026-06-09
ARSHIYA, BZ, 09-Jun-2026,1.16,1.2,1.2,1.14,1.17,1.17,1.16,53768,0.62,59,, -,2026-06-09
ARSSBL, EQ, 09-Jun-2026,509.15,514.9,528.0,511.0,528.0,524.85,519.44,151638,787.67,7399,72360.0, 47.72,2026-06-09
ARTEMISMED, EQ, 09-Jun-2026,257.75,258.3,264.8,256.1,258.0,258.15,259.01,96940,251.08,3753,60941.0, 62.86,2026-06-09
ARTNIRMAN, EQ, 09-Jun-2026,39.08,36.62,41.8,36.62,39.61,40.59,41.71,1651,0.69,24,1595.0, 96.61,2026-06-09
ARUNAYA, ST, 09-Jun-2026,19.95,19.95,19.95,19.0,19.0,19.0,19.09,22000,4.2,11,18000.0, 81.82,2026-06-09
ARVEE, EQ, 09-Jun-2026,159.85,157.2,189.89,157.2,160.25,163.57,172.97,35078,60.67,944,7941.0, 22.64,2026-06-09
ARVIND, EQ, 09-Jun-2026,492.8,495.0,502.6,495.0,498.85,500.1,499.8,261582,1307.38,19118,124889.0, 47.74,2026-06-09
ARVINDFASN, EQ, 09-Jun-2026,463.85,464.2,468.8,445.9,455.9,453.05,453.38,165605,750.81,12231,83732.0, 50.56,2026-06-09
ARVINDPORT, ST, 09-Jun-2026,27.6,28.95,28.95,28.0,28.95,28.95,28.78,15000,4.32,9,15000.0, 100.00,2026-06-09
ARVSMART, EQ, 09-Jun-2026,579.25,584.6,584.6,575.4,583.95,579.35,578.96,10907,63.15,651,6598.0, 60.49,2026-06-09
ASAHIINDIA, EQ, 09-Jun-2026,877.4,877.0,886.45,870.75,885.55,881.9,880.32,41665,366.79,5723,20776.0, 49.86,2026-06-09
ASAHISONG, EQ, 09-Jun-2026,245.49,248.78,273.3,248.78,264.1,262.8,266.48,80349,214.11,2877,28921.0, 35.99,2026-06-09
ASAL, EQ, 09-Jun-2026,494.9,494.8,509.8,492.05,502.9,501.0,501.47,12238,61.37,753,5312.0, 43.41,2026-06-09
ASALCBR, EQ, 09-Jun-2026,831.15,822.15,838.2,818.45,824.0,823.0,823.92,11863,97.74,1110,7354.0, 61.99,2026-06-09
ASCOM, ST, 09-Jun-2026,247.0,247.0,247.0,234.7,234.7,234.7,237.78,2000,4.76,4,2000.0, 100.00,2026-06-09
ASHALOG, SM, 09-Jun-2026,56.9,56.6,57.15,53.0,55.0,55.0,54.69,7000,3.83,7,6000.0, 85.71,2026-06-09
ASHAPURMIN, EQ, 09-Jun-2026,670.7,677.0,692.75,676.0,687.0,686.3,686.54,420178,2884.67,15504,136893.0, 32.58,2026-06-09
ASHIANA, EQ, 09-Jun-2026,359.45,365.3,369.0,358.4,362.0,362.2,361.22,38344,138.5,1948,21933.0, 57.20,2026-06-09
ASHIKA, EQ, 09-Jun-2026,376.7,381.55,382.0,362.95,375.5,373.95,367.0,90293,331.38,992,14038.0, 15.55,2026-06-09
ASHIMASYN, EQ, 09-Jun-2026,16.28,16.8,16.8,16.14,16.2,16.17,16.24,29144,4.73,120,25270.0, 86.71,2026-06-09
ASHOKA, EQ, 09-Jun-2026,118.29,118.4,121.89,117.78,121.49,121.18,119.56,709588,848.4,9874,253807.0, 35.77,2026-06-09
ASHOKAMET, EQ, 09-Jun-2026,15.32,15.32,15.58,15.11,15.58,15.57,15.33,10174,1.56,56,7238.0, 71.14,2026-06-09
ASHOKLEY, EQ, 09-Jun-2026,141.02,141.75,144.38,141.02,144.2,143.8,143.17,24754008,35439.1,83764,13875807.0, 56.05,2026-06-09
ASHWINI, SM, 09-Jun-2026,141.5,142.75,143.5,139.9,139.9,139.95,140.56,625000,878.52,29,624000.0, 99.84,2026-06-09
ASIANENE, EQ, 09-Jun-2026,376.6,381.85,392.0,377.15,382.0,383.8,385.27,572276,2204.78,13420,190853.0, 33.35,2026-06-09
ASIANHOTNR, EQ, 09-Jun-2026,296.95,296.95,304.45,296.0,304.0,303.85,300.81,8169,24.57,702,3346.0, 40.96,2026-06-09
ASIANPAINT, EQ, 09-Jun-2026,2659.2,2666.2,2719.0,2661.5,2707.0,2708.1,2698.14,1416560,38220.77,84818,882234.0, 62.28,2026-06-09
ASIANTILES, EQ, 09-Jun-2026,58.14,58.34,58.99,57.26,57.98,58.27,58.03,1657881,962.06,7066,499351.0, 30.12,2026-06-09
ASKAUTOLTD, EQ, 09-Jun-2026,425.4,426.15,432.1,424.85,427.8,428.8,427.91,47383,202.75,2620,22717.0, 47.94,2026-06-09
ASMS, EQ, 09-Jun-2026,7.24,7.39,7.39,7.18,7.27,7.27,7.25,544198,39.44,1037,364070.0, 66.90,2026-06-09
ASPINWALL, EQ, 09-Jun-2026,236.12,242.05,242.05,230.6,233.0,234.26,234.25,560,1.31,38,477.0, 85.18,2026-06-09
ASPIRE, SM, 09-Jun-2026,14.6,15.0,15.0,15.0,15.0,15.0,15.0,4000,0.6,2,4000.0, 100.00,2026-06-09
ASTEC, EQ, 09-Jun-2026,771.25,774.9,815.0,774.9,794.8,794.75,795.41,103633,824.31,5995,35605.0, 34.36,2026-06-09
ASTERDM, EQ, 09-Jun-2026,766.15,770.0,807.0,769.95,792.5,790.35,793.7,2322732,18435.44,69840,908702.0, 39.12,2026-06-09
ASTRAL, EQ, 09-Jun-2026,1511.2,1520.0,1531.0,1511.6,1531.0,1526.0,1522.03,360987,5494.31,21999,178342.0, 49.40,2026-06-09
ASTRAMICRO, EQ, 09-Jun-2026,1412.2,1424.0,1463.7,1403.0,1462.5,1457.7,1441.13,1067886,15389.6,37734,398136.0, 37.28,2026-06-09
ASTRAZEN, EQ, 09-Jun-2026,8343.5,8370.0,8550.0,8344.0,8382.5,8453.0,8454.37,4261,360.24,2011,1712.0, 40.18,2026-06-09
ASTRON, BE, 09-Jun-2026,3.82,3.7,3.94,3.7,3.79,3.78,3.83,10427,0.4,79,, -,2026-06-09
ATALREAL, EQ, 09-Jun-2026,28.18,28.34,29.09,22.93,25.41,24.72,26.75,13281071,3552.92,18057,2792035.0, 21.02,2026-06-09
ATAM, EQ, 09-Jun-2026,70.38,70.38,73.35,70.31,72.98,72.27,71.94,9575,6.89,142,4833.0, 50.48,2026-06-09
ATCENERGY, ST, 09-Jun-2026,22.4,23.35,23.45,23.35,23.45,23.45,23.43,6000,1.41,5,6000.0, 100.00,2026-06-09
ATGL, EQ, 09-Jun-2026,734.2,740.0,758.25,738.0,752.25,752.15,748.52,6426128,48100.8,93522,1561470.0, 24.30,2026-06-09
ATHERENERG, EQ, 09-Jun-2026,1002.25,1011.0,1036.65,1001.15,1033.0,1032.8,1018.64,3338410,34006.38,96049,739782.0, 22.16,2026-06-09
ATL, EQ, 09-Jun-2026,24.03,24.69,24.69,24.07,24.34,24.51,24.43,93639,22.88,571,66872.0, 71.41,2026-06-09
ATLANTAA, EQ, 09-Jun-2026,41.13,40.7,42.48,39.99,40.21,40.33,40.57,51174,20.76,543,31997.0, 62.53,2026-06-09
ATLANTAELE, BE, 09-Jun-2026,1954.6,1944.0,1993.0,1872.1,1895.0,1890.7,1909.77,49415,943.71,4353,, -,2026-06-09
ATLASCYCLE, EQ, 09-Jun-2026,99.02,99.9,101.8,98.05,99.42,99.0,98.88,5722,5.66,119,3334.0, 58.27,2026-06-09
ATLPP, E1, 09-Jun-2026,9.95,9.95,10.45,9.3,9.45,9.66,9.69,697,0.07,21,573.0, 82.21,2026-06-09
ATMASTCO, ST, 09-Jun-2026,169.5,169.5,173.85,168.0,173.85,173.85,168.73,8000,13.5,18,8000.0, 100.00,2026-06-09
ATUL, EQ, 09-Jun-2026,6592.5,6679.0,6688.0,6603.5,6674.0,6654.0,6645.25,4728,314.19,1926,2025.0, 42.83,2026-06-09
ATULAUTO, EQ, 09-Jun-2026,456.65,456.0,464.0,455.0,462.45,461.35,458.93,73778,338.59,2265,26358.0, 35.73,2026-06-09
AUBANK, EQ, 09-Jun-2026,958.9,960.0,980.45,959.05,980.0,978.5,973.77,886909,8636.41,22551,436028.0, 49.16,2026-06-09
AURIGROW, EQ, 09-Jun-2026,0.35,0.36,0.38,0.36,0.38,0.38,0.37,41608714,155.62,2141,13048724.0, 31.36,2026-06-09
AURIONPRO, EQ, 09-Jun-2026,743.1,777.0,777.0,748.1,765.0,766.4,759.56,117755,894.42,6505,36902.0, 31.34,2026-06-09
AUROIMPEX, SM, 09-Jun-2026,28.45,27.2,27.9,27.2,27.9,27.9,27.47,4800,1.32,3,3200.0, 66.67,2026-06-09
AUROPHARMA, EQ, 09-Jun-2026,1451.8,1451.8,1469.0,1438.0,1440.0,1449.0,1454.2,1263926,18379.99,19717,851394.0, 67.36,2026-06-09
AURUM, EQ, 09-Jun-2026,184.06,182.01,187.32,182.01,186.0,185.92,184.94,104692,193.62,1862,68748.0, 65.67,2026-06-09
AUSL, SM, 09-Jun-2026,22.05,22.05,22.05,21.9,21.9,21.9,21.95,6000,1.32,2,6000.0, 100.00,2026-06-09
AUSOMENT, BE, 09-Jun-2026,118.23,114.01,121.9,113.15,119.65,116.43,117.05,2484,2.91,43,, -,2026-06-09
AUTOAXLES, EQ, 09-Jun-2026,1666.4,1667.0,1708.3,1667.0,1695.0,1691.6,1690.91,6883,116.39,780,4387.0, 63.74,2026-06-09
AUTOBEES, EQ, 09-Jun-2026,264.76,267.41,268.6,265.63,267.76,267.68,267.19,103068,275.39,1766,48751.0, 47.30,2026-06-09
AUTOIETF, EQ, 09-Jun-2026,26.49,26.49,27.86,26.49,27.0,26.97,26.81,3338976,895.3,1477,2016286.0, 60.39,2026-06-09
AUTOIND, BE, 09-Jun-2026,77.91,77.91,79.8,75.22,76.95,76.42,76.62,36290,27.81,238,, -,2026-06-09
AVADHSUGAR, BE, 09-Jun-2026,471.5,471.0,471.85,455.2,466.0,465.6,465.54,12014,55.93,137,, -,2026-06-09
AVALON, EQ, 09-Jun-2026,1605.1,1615.0,1669.9,1610.3,1642.0,1639.5,1650.93,351670,5805.82,28391,132806.0, 37.76,2026-06-09
AVANTEL, EQ, 09-Jun-2026,160.97,162.3,170.0,162.3,168.6,167.98,167.59,1844065,3090.44,17199,495368.0, 26.86,2026-06-09
AVANTIFEED, EQ, 09-Jun-2026,1068.8,1071.2,1083.7,1020.5,1031.0,1027.0,1039.56,677445,7042.43,44683,253021.0, 37.35,2026-06-09
AVG, EQ, 09-Jun-2026,147.86,146.0,151.67,145.01,148.0,148.7,148.1,37887,56.11,1116,23762.0, 62.72,2026-06-09
AVIANSH, SM, 09-Jun-2026,111.5,111.25,112.0,109.35,111.45,111.45,111.06,5000,5.55,5,3000.0, 60.00,2026-06-09
AVL, EQ, 09-Jun-2026,537.1,540.0,555.45,529.5,537.0,538.1,536.47,62936,337.63,6037,21726.0, 34.52,2026-06-09
AVONMORE, EQ, 09-Jun-2026,9.79,9.72,10.1,9.72,10.0,9.95,9.93,116209,11.54,349,84930.0, 73.08,2026-06-09
AVPINFRA, SM, 09-Jun-2026,72.0,72.0,74.0,72.0,72.0,72.4,73.01,32000,23.36,33,23200.0, 72.50,2026-06-09
AVROIND, EQ, 09-Jun-2026,11.97,12.64,12.67,11.51,11.51,11.6,12.16,371804,45.19,1420,166729.0, 44.84,2026-06-09
AVTNPL, EQ, 09-Jun-2026,71.16,72.0,72.77,70.36,72.5,72.41,71.7,93053,66.72,1846,43989.0, 47.27,2026-06-09
AWFIS, EQ, 09-Jun-2026,297.2,297.0,301.0,292.0,299.7,296.9,295.29,301295,889.69,8329,111976.0, 37.16,2026-06-09
AWHCL, EQ, 09-Jun-2026,438.4,439.15,450.95,437.8,447.9,446.05,444.16,65549,291.14,3618,28893.0, 44.08,2026-06-09
AWL, EQ, 09-Jun-2026,185.71,185.75,189.5,185.75,188.69,188.7,188.27,742733,1398.32,11541,343036.0, 46.19,2026-06-09
AXISBANK, EQ, 09-Jun-2026,1268.1,1275.9,1298.4,1271.5,1294.4,1292.4,1286.43,7533504,96913.42,122277,4687036.0, 62.22,2026-06-09
AXISBNKETF, EQ, 09-Jun-2026,556.01,558.0,567.71,558.0,567.41,567.33,565.41,4522,25.57,51,4387.0, 97.01,2026-06-09
AXISCADES, EQ, 09-Jun-2026,1844.3,1860.0,1936.5,1845.3,1936.5,1935.5,1901.89,211387,4020.35,10592,115183.0, 54.49,2026-06-09
AXISCETF, EQ, 09-Jun-2026,113.49,114.05,114.71,114.05,114.71,114.71,114.43,354,0.41,7,354.0, 100.00,2026-06-09
AXISGOLD, EQ, 09-Jun-2026,124.43,125.91,126.9,125.91,126.37,126.26,126.53,1650531,2088.49,5264,1257109.0, 76.16,2026-06-09
AXISHCETF, EQ, 09-Jun-2026,156.74,158.13,158.57,157.2,158.23,158.24,158.15,1953,3.09,60,1113.0, 56.99,2026-06-09
AXISILVER, EQ, 09-Jun-2026,237.53,239.97,242.29,239.02,241.95,241.27,240.72,379206,912.82,4396,81749.0, 21.56,2026-06-09
AXISNIFTY, EQ, 09-Jun-2026,255.11,257.89,257.89,254.67,256.59,256.42,255.96,86215,220.68,185,83693.0, 97.07,2026-06-09
AXISTECETF, EQ, 09-Jun-2026,314.95,316.85,316.85,311.45,313.0,313.66,312.92,1807,5.65,98,566.0, 31.32,2026-06-09
AXISVALUE, EQ, 09-Jun-2026,33.33,33.77,33.98,33.29,33.74,33.55,33.58,110785,37.2,375,55756.0, 50.33,2026-06-09
AXITA, EQ, 09-Jun-2026,7.77,7.99,7.99,7.75,7.79,7.77,7.79,177871,13.85,701,127417.0, 71.63,2026-06-09
AXSENSEX, EQ, 09-Jun-2026,76.18,77.28,77.28,75.99,76.57,76.57,76.17,3811,2.9,53,3366.0, 88.32,2026-06-09
AYE, EQ, 09-Jun-2026,139.89,141.1,154.5,141.1,154.5,152.03,147.94,1203419,1780.38,14388,302862.0, 25.17,2026-06-09
AYMSYNTEX, EQ, 09-Jun-2026,218.05,224.7,225.0,215.45,217.01,218.49,219.68,27986,61.48,1723,9881.0, 35.31,2026-06-09
AZAD, EQ, 09-Jun-2026,2175.8,2185.0,2272.0,2160.8,2272.0,2230.0,2202.31,475043,10461.92,24007,217344.0, 45.75,2026-06-09
BAFNAPH, EQ, 09-Jun-2026,193.97,209.7,213.36,174.58,174.58,174.58,195.77,283731,555.47,3141,155198.0, 54.70,2026-06-09
BAGFILMS, EQ, 09-Jun-2026,4.96,4.96,5.56,4.89,5.06,4.96,5.07,66631,3.38,188,55239.0, 82.90,2026-06-09
BAGMANE, RR, 09-Jun-2026,103.73,103.73,103.84,103.22,103.5,103.38,103.48,301715,312.21,1830,199367.0, 66.08,2026-06-09
BAHETI, SM, 09-Jun-2026,611.95,619.0,619.0,585.0,597.15,597.15,597.14,25875,154.51,63,14625.0, 56.52,2026-06-09
BAIDFIN, EQ, 09-Jun-2026,9.98,10.22,10.22,9.99,10.06,10.17,10.15,48085,4.88,165,39575.0, 82.30,2026-06-09
BAJAJ-AUTO, EQ, 09-Jun-2026,10231.0,10280.0,10344.0,10150.0,10200.0,10184.0,10260.28,313286,32144.02,43180,188600.0, 60.20,2026-06-09
BAJAJCON, EQ, 09-Jun-2026,575.35,583.6,591.9,570.05,586.0,582.2,583.54,653187,3811.58,28805,229146.0, 35.08,2026-06-09
BAJAJELEC, EQ, 09-Jun-2026,306.4,310.0,314.2,306.05,312.15,312.3,310.08,137776,427.22,5913,54626.0, 39.65,2026-06-09
BAJAJFINSV, EQ, 09-Jun-2026,1674.6,1682.7,1696.8,1673.1,1689.2,1693.1,1689.64,567616,9590.67,49866,218950.0, 38.57,2026-06-09
BAJAJHCARE, EQ, 09-Jun-2026,290.55,289.1,293.25,288.35,290.05,292.1,290.72,112369,326.68,1907,56616.0, 50.38,2026-06-09
BAJAJHFL, EQ, 09-Jun-2026,82.53,82.8,84.44,82.57,84.04,84.02,83.39,8384256,6991.57,35696,6364138.0, 75.91,2026-06-09
BAJAJHIND, EQ, 09-Jun-2026,19.44,19.46,19.56,18.95,19.28,19.31,19.19,6618226,1269.88,11319,2630869.0, 39.75,2026-06-09
BAJAJHLDNG, EQ, 09-Jun-2026,9868.0,9938.0,10280.0,9870.0,10220.0,10253.0,10140.77,57488,5829.72,13114,27153.0, 47.23,2026-06-09
BAJAJINDEF, EQ, 09-Jun-2026,228.0,234.4,242.25,228.0,241.95,240.45,237.91,29130,69.3,1004,14300.0, 49.09,2026-06-09
BAJAJST, EQ, 09-Jun-2026,379.4,373.7,382.0,369.0,372.5,373.6,375.4,21786,81.78,1175,11384.0, 52.25,2026-06-09
BAJEL, EQ, 09-Jun-2026,191.99,194.81,207.3,191.5,201.11,200.5,197.26,323397,637.94,4884,143766.0, 44.45,2026-06-09
BAJFINANCE, EQ, 09-Jun-2026,871.1,886.0,888.75,872.1,886.9,886.9,882.76,9183355,81066.71,102212,5630883.0, 61.32,2026-06-09
BALAJEE, EQ, 09-Jun-2026,28.57,28.25,29.35,27.0,28.25,28.44,28.11,31632,8.89,428,20241.0, 63.99,2026-06-09
BALAJITELE, EQ, 09-Jun-2026,85.73,86.24,87.9,85.35,86.32,86.56,86.23,97424,84.01,1507,37195.0, 38.18,2026-06-09
BALAMINES, EQ, 09-Jun-2026,2090.9,2110.0,2262.5,2076.1,2258.0,2242.1,2210.08,895023,19780.75,59156,183763.0, 20.53,2026-06-09
BALAXI, BE, 09-Jun-2026,24.5,24.0,24.85,24.0,24.67,24.22,24.24,32308,7.83,99,, -,2026-06-09
BALKRISHNA, EQ, 09-Jun-2026,18.26,18.13,18.58,18.04,18.18,18.15,18.17,12851,2.33,59,6661.0, 51.83,2026-06-09
BALKRISIND, EQ, 09-Jun-2026,2094.6,2096.1,2155.5,2096.1,2130.0,2127.8,2132.84,64424,1374.06,9338,32133.0, 49.88,2026-06-09
BALMLAWRIE, EQ, 09-Jun-2026,171.21,173.2,174.25,171.5,172.55,173.02,172.75,174582,301.6,2909,96194.0, 55.10,2026-06-09
BALPHARMA, EQ, 09-Jun-2026,85.04,86.0,89.9,86.0,87.06,87.79,88.16,28770,25.36,1360,7497.0, 26.06,2026-06-09
BALRAMCHIN, EQ, 09-Jun-2026,550.4,547.9,548.25,527.0,535.5,536.95,534.27,897785,4796.61,23685,361519.0, 40.27,2026-06-09
BALUFORGE, EQ, 09-Jun-2026,457.85,460.9,465.8,446.3,450.5,448.75,452.21,1717194,7765.38,24273,515775.0, 30.04,2026-06-09
BANARBEADS, EQ, 09-Jun-2026,102.52,101.0,105.99,98.7,100.0,99.7,99.89,14941,14.92,268,12498.0, 83.65,2026-06-09
BANARISUG, EQ, 09-Jun-2026,3613.0,3613.0,3631.2,3600.0,3600.0,3600.0,3601.95,449,16.17,63,293.0, 65.26,2026-06-09
BANCOINDIA, EQ, 09-Jun-2026,627.8,631.1,688.0,630.7,681.0,681.45,671.5,581437,3904.35,24314,222569.0, 38.28,2026-06-09
BANDHANBNK, EQ, 09-Jun-2026,202.91,203.92,208.94,203.71,208.24,206.94,206.19,9997536,20613.46,47235,4045230.0, 40.46,2026-06-09
BANG, EQ, 09-Jun-2026,37.21,37.05,40.95,37.05,38.51,39.06,39.63,71574,28.37,603,33113.0, 46.26,2026-06-09
BANK10ADD, EQ, 09-Jun-2026,15.92,15.99,16.25,15.99,16.22,16.22,16.12,99118,15.98,120,85722.0, 86.48,2026-06-09
BANKA, BE, 09-Jun-2026,90.65,89.0,89.0,88.84,88.84,88.84,88.94,2483,2.21,16,, -,2026-06-09
BANKADD, EQ, 09-Jun-2026,55.2,55.79,56.51,55.61,56.31,56.26,55.93,34060,19.05,97,30786.0, 90.39,2026-06-09
BANKBARODA, EQ, 09-Jun-2026,259.25,260.4,274.2,260.4,273.5,273.75,269.86,32633870,88067.08,147439,17653842.0, 54.10,2026-06-09
BANKBEES, EQ, 09-Jun-2026,558.71,562.0,570.2,558.92,570.0,569.3,566.77,1172516,6645.46,11591,700523.0, 59.75,2026-06-09
BANKBETA, EQ, 09-Jun-2026,55.83,55.89,57.0,55.89,56.91,56.88,56.72,1209707,686.2,731,1072127.0, 88.63,2026-06-09
BANKBETF, EQ, 09-Jun-2026,54.83,54.78,55.98,54.78,55.91,55.81,55.66,29417,16.37,155,25774.0, 87.62,2026-06-09
BANKETF, EQ, 09-Jun-2026,549.64,554.07,561.46,553.37,561.46,560.94,559.54,33356,186.64,259,27225.0, 81.62,2026-06-09
BANKIETF, EQ, 09-Jun-2026,55.46,55.76,56.63,55.62,56.62,56.47,56.22,1593253,895.8,1848,1055869.0, 66.27,2026-06-09
BANKINDIA, EQ, 09-Jun-2026,140.08,140.2,148.0,140.2,147.6,147.72,145.63,22007536,32049.52,59884,11322467.0, 51.45,2026-06-09
BANKNIFTY1, EQ, 09-Jun-2026,56.08,56.34,57.2,56.25,57.09,57.09,56.86,1437982,817.64,739,1078897.0, 75.03,2026-06-09
BANKPSU, EQ, 09-Jun-2026,82.72,83.55,85.99,83.48,85.98,85.85,85.67,72213,61.87,342,53388.0, 73.93,2026-06-09
BANSALWIRE, EQ, 09-Jun-2026,292.3,295.1,304.0,293.0,299.2,302.0,297.99,36791,109.63,904,19248.0, 52.32,2026-06-09
BANSWRAS, EQ, 09-Jun-2026,117.98,121.99,134.84,121.64,131.0,130.12,129.54,181883,235.61,2422,94581.0, 52.00,2026-06-09
BARFLEX, SM, 09-Jun-2026,57.2,57.5,57.5,55.0,55.0,55.0,55.87,22000,12.29,11,22000.0, 100.00,2026-06-09
BASF, EQ, 09-Jun-2026,3334.7,3364.0,3368.0,3272.1,3350.1,3358.1,3321.79,19243,639.21,4878,8544.0, 44.40,2026-06-09
BASILIC, SM, 09-Jun-2026,201.6,205.0,205.0,200.0,204.0,203.95,202.17,9300,18.8,24,7800.0, 83.87,2026-06-09
BASML, EQ, 09-Jun-2026,24.81,24.01,27.47,24.01,26.7,26.84,26.59,426163,113.31,2394,270468.0, 63.47,2026-06-09
BATAINDIA, EQ, 09-Jun-2026,658.55,660.4,669.9,656.8,667.0,668.3,663.78,80116,531.8,6041,44075.0, 55.01,2026-06-09
BATLIBOI, EQ, 09-Jun-2026,73.12,74.9,74.9,72.38,73.0,73.03,73.41,41947,30.79,356,28768.0, 68.58,2026-06-09
BAWEJA, ST, 09-Jun-2026,30.05,30.05,30.05,30.05,30.05,30.05,30.05,1600,0.48,2,1600.0, 100.00,2026-06-09
BAYERCROP, EQ, 09-Jun-2026,4284.8,4277.0,4316.2,4232.0,4265.0,4272.2,4273.59,186628,7975.72,5766,171341.0, 91.81,2026-06-09
BBETF0432, EQ, 09-Jun-2026,1319.94,1321.49,1325.0,1319.41,1320.44,1321.6,1320.47,2405,31.76,102,2071.0, 86.11,2026-06-09
BBL, EQ, 09-Jun-2026,2808.5,2795.0,2865.0,2795.0,2855.0,2851.5,2848.97,18975,540.59,2568,11023.0, 58.09,2026-06-09
BBNPNBETF, EQ, 09-Jun-2026,54.33,55.68,55.73,54.83,55.64,55.63,55.27,4311,2.38,31,3070.0, 71.21,2026-06-09
BBNPPGOLD, EQ, 09-Jun-2026,144.85,146.25,147.25,146.0,146.15,146.15,146.24,7052,10.31,75,3795.0, 53.81,2026-06-09
BBOX, EQ, 09-Jun-2026,1006.2,1008.3,1021.8,946.9,977.4,970.1,977.64,777623,7602.36,30039,270969.0, 34.85,2026-06-09
BBTC, EQ, 09-Jun-2026,1482.2,1482.2,1535.0,1479.1,1535.0,1527.2,1508.41,60207,908.17,7421,25745.0, 42.76,2026-06-09
BBTCL, EQ, 09-Jun-2026,221.83,228.0,240.0,221.83,227.05,228.49,231.81,40942,94.91,1055,23320.0, 56.96,2026-06-09
BCG, EQ, 09-Jun-2026,11.12,10.93,11.36,10.57,10.7,10.73,10.89,18406012,2004.43,16405,6840455.0, 37.16,2026-06-09
BCLIND, EQ, 09-Jun-2026,37.02,37.76,38.9,36.54,38.24,38.14,37.8,5464401,2065.33,21769,1094935.0, 20.04,2026-06-09
BCONCEPTS, EQ, 09-Jun-2026,190.06,189.95,192.0,185.0,185.1,185.97,187.8,16652,31.27,1089,8766.0, 52.64,2026-06-09
BCPL, EQ, 09-Jun-2026,78.13,78.0,79.69,77.0,77.5,77.77,78.12,16877,13.18,1002,7271.0, 43.08,2026-06-09
BDL, EQ, 09-Jun-2026,1187.0,1190.1,1209.9,1189.0,1206.8,1202.8,1196.7,711552,8515.14,23298,231387.0, 32.52,2026-06-09
BEACON, ST, 09-Jun-2026,88.2,89.9,91.5,88.1,91.5,91.5,90.43,8000,7.23,7,7000.0, 87.50,2026-06-09
BEARDSELL, EQ, 09-Jun-2026,29.4,29.0,30.0,29.0,29.75,29.3,29.31,25650,7.52,339,17965.0, 70.04,2026-06-09
BECTORFOOD, EQ, 09-Jun-2026,169.0,171.03,173.8,169.05,170.1,170.18,170.5,769580,1312.16,39961,425090.0, 55.24,2026-06-09
BEDMUTHA, EQ, 09-Jun-2026,108.0,106.0,112.0,102.6,111.2,110.55,108.55,35402,38.43,212,27841.0, 78.64,2026-06-09
BEEKAY, EQ, 09-Jun-2026,390.85,391.05,411.0,391.05,410.95,410.85,408.45,536,2.19,55,387.0, 72.20,2026-06-09
BEL, EQ, 09-Jun-2026,412.95,417.0,417.0,410.0,412.55,412.05,412.03,10996007,45306.74,130894,6308104.0, 57.37,2026-06-09
BELLACASA, EQ, 09-Jun-2026,234.35,234.21,239.07,227.51,235.5,232.97,232.76,62243,144.88,438,57741.0, 92.77,2026-06-09
BELRISE, EQ, 09-Jun-2026,215.72,221.28,236.5,221.28,235.6,234.73,230.53,35598970,82067.71,241273,4667128.0, 13.11,2026-06-09
BEML, EQ, 09-Jun-2026,1741.4,1747.4,1774.0,1740.3,1766.6,1764.2,1756.96,137992,2424.47,10981,58465.0, 42.37,2026-06-09
BENGALASM, EQ, 09-Jun-2026,6839.0,6820.0,6894.0,6525.5,6600.0,6621.5,6685.09,357,23.87,229,240.0, 67.23,2026-06-09
BEPL, EQ, 09-Jun-2026,97.76,98.27,99.19,96.44,97.01,97.22,97.49,372834,363.48,5354,184403.0, 49.46,2026-06-09
BERGEPAINT, EQ, 09-Jun-2026,491.9,495.8,504.7,493.0,502.0,501.9,500.09,259875,1299.61,18513,139998.0, 53.87,2026-06-09
BESTAGRO, EQ, 09-Jun-2026,15.95,16.4,16.4,15.9,16.09,16.07,16.06,166710,26.77,816,113742.0, 68.23,2026-06-09
BETA, EQ, 09-Jun-2026,1430.1,1500.0,1536.1,1430.0,1535.0,1522.9,1509.52,18440,278.36,2121,9842.0, 53.37,2026-06-09
BEWLTD, SM, 09-Jun-2026,62.05,62.1,62.1,59.15,60.15,60.45,60.43,26000,15.71,40,19500.0, 75.00,2026-06-09
BFINVEST, EQ, 09-Jun-2026,424.9,428.85,435.05,426.95,432.9,432.45,431.62,22202,95.83,1187,9090.0, 40.94,2026-06-09
BFSI, EQ, 09-Jun-2026,25.64,26.28,26.28,25.74,26.09,26.01,25.95,529998,137.51,657,363714.0, 68.63,2026-06-09
BFUTILITIE, EQ, 09-Jun-2026,610.55,616.5,644.0,597.9,611.7,612.05,619.25,281894,1745.62,9486,101029.0, 35.84,2026-06-09
BGRENERGY, BE, 09-Jun-2026,332.85,335.0,349.45,335.0,349.45,349.45,345.76,110172,380.93,934,, -,2026-06-09
BHADORA, SM, 09-Jun-2026,60.35,60.15,63.0,59.7,60.5,60.5,61.28,21600,13.24,17,14400.0, 66.67,2026-06-09
BHAGCHEM, EQ, 09-Jun-2026,234.84,237.67,267.7,235.17,259.5,257.89,251.08,120189,301.77,1811,78615.0, 65.41,2026-06-09
BHAGERIA, EQ, 09-Jun-2026,210.93,214.0,220.0,213.0,215.9,216.4,216.5,230008,497.96,2988,141378.0, 61.47,2026-06-09
BHAGYANGR, BE, 09-Jun-2026,293.15,295.0,307.8,295.0,307.8,307.8,302.82,104446,316.28,1186,, -,2026-06-09
BHANDARI, BE, 09-Jun-2026,3.09,3.09,3.13,3.0,3.09,3.06,3.04,190322,5.78,292,, -,2026-06-09
BHARATCOAL, EQ, 09-Jun-2026,39.08,39.4,40.92,38.92,40.45,40.4,40.06,38705841,15504.08,56176,9082946.0, 23.47,2026-06-09
BHARATFORG, EQ, 09-Jun-2026,1893.1,1908.0,1954.6,1903.4,1920.1,1925.4,1933.16,1005803,19443.79,41291,448728.0, 44.61,2026-06-09
BHARATGEAR, EQ, 09-Jun-2026,109.98,110.75,113.74,110.66,111.01,111.66,111.81,20725,23.17,503,8838.0, 42.64,2026-06-09
BHARATRAS, EQ, 09-Jun-2026,1379.4,1390.1,1412.0,1375.6,1400.5,1408.1,1399.15,6353,88.89,817,3203.0, 50.42,2026-06-09
BHARATSE, EQ, 09-Jun-2026,180.05,180.05,188.55,180.05,185.97,186.54,185.12,145661,269.65,3174,58942.0, 40.47,2026-06-09
BHARATWIRE, EQ, 09-Jun-2026,203.26,207.11,213.0,204.0,212.35,212.44,208.56,146628,305.8,4023,56983.0, 38.86,2026-06-09
BHARTIARTL, EQ, 09-Jun-2026,1813.3,1837.0,1837.0,1789.2,1798.0,1799.0,1804.44,10377475,187255.19,195166,5876724.0, 56.63,2026-06-09
BHARTIHEXA, EQ, 09-Jun-2026,1454.8,1474.9,1487.1,1466.0,1472.1,1475.8,1476.51,52933,781.56,8463,27508.0, 51.97,2026-06-09
BHEL, EQ, 09-Jun-2026,386.3,388.25,397.4,385.05,395.8,396.55,391.83,9498965,37220.08,84186,4514847.0, 47.53,2026-06-09
BI, EQ, 09-Jun-2026,62.82,61.0,63.0,60.0,63.0,62.78,61.76,7855,4.85,153,6580.0, 83.77,2026-06-09
BIGBLOC, EQ, 09-Jun-2026,48.94,48.9,50.1,48.9,49.62,49.88,49.76,45334,22.56,506,26131.0, 57.64,2026-06-09
BIKAJI, EQ, 09-Jun-2026,653.65,652.0,656.0,647.0,656.0,652.85,651.76,35248,229.73,3297,12162.0, 34.50,2026-06-09
BIKEWO, SM, 09-Jun-2026,26.05,27.7,27.75,26.05,26.05,26.05,27.3,8000,2.18,4,6000.0, 75.00,2026-06-09
BIL, EQ, 09-Jun-2026,698.05,722.5,722.5,684.05,694.0,692.65,698.67,1750,12.23,160,909.0, 51.94,2026-06-09
BILVYAPAR, BE, 09-Jun-2026,4.21,4.21,4.21,4.05,4.11,4.1,4.12,15436,0.64,68,, -,2026-06-09
BIMETAL, EQ, 09-Jun-2026,618.95,616.5,650.0,611.0,640.0,641.25,632.12,976,6.17,48,777.0, 79.61,2026-06-09
BIOCON, EQ, 09-Jun-2026,409.25,411.6,417.5,410.0,417.2,416.35,414.72,3205041,13292.03,39249,1861211.0, 58.07,2026-06-09
BIOFILCHEM, EQ, 09-Jun-2026,35.3,35.75,39.0,35.01,36.05,36.21,36.86,168758,62.2,1614,45538.0, 26.98,2026-06-09
BIOPOL, SM, 09-Jun-2026,103.95,105.0,105.0,96.0,102.75,100.2,100.69,104400,105.12,84,61200.0, 58.62,2026-06-09
BIRET, RR, 09-Jun-2026,319.02,318.98,320.25,318.76,319.5,319.25,319.64,171986,549.74,7978,153496.0, 89.25,2026-06-09
BIRLACABLE, BE, 09-Jun-2026,212.71,202.08,219.0,202.08,207.0,203.7,206.76,187559,387.8,2056,, -,2026-06-09
BIRLACORPN, EQ, 09-Jun-2026,957.75,955.0,970.9,950.0,955.0,954.6,956.06,37722,360.65,2333,22625.0, 59.98,2026-06-09
BIRLAMONEY, EQ, 09-Jun-2026,130.64,130.01,134.01,129.0,130.4,130.91,130.88,58174,76.14,2333,27088.0, 46.56,2026-06-09
BIRLANU, EQ, 09-Jun-2026,1295.8,1292.8,1319.5,1259.5,1267.0,1274.2,1278.07,10946,139.9,1595,6383.0, 58.31,2026-06-09
BIRLAPREC, EQ, 09-Jun-2026,36.91,36.91,37.5,36.52,36.64,36.64,36.81,35454,13.05,451,27188.0, 76.69,2026-06-09
BLACKBUCK, EQ, 09-Jun-2026,512.35,518.0,520.0,506.45,508.0,509.35,509.32,487173,2481.27,14881,377699.0, 77.53,2026-06-09
BLACKROSE, EQ, 09-Jun-2026,93.09,93.09,94.72,93.0,93.26,93.87,93.71,5698,5.34,224,3638.0, 63.85,2026-06-09
BLAL, EQ, 09-Jun-2026,180.92,184.9,184.9,179.01,181.9,181.48,181.11,32217,58.35,552,23788.0, 73.84,2026-06-09
BLBLIMITED, EQ, 09-Jun-2026,16.55,16.56,16.79,16.45,16.45,16.58,16.6,12651,2.1,81,9751.0, 77.08,2026-06-09
BLIL, EQ, 09-Jun-2026,71.32,71.32,71.99,71.0,71.04,71.18,71.28,68456,48.8,1200,50599.0, 73.91,2026-06-09
BLISSGVS, EQ, 09-Jun-2026,419.6,424.8,428.75,415.6,421.15,421.6,421.69,618672,2608.86,9172,257334.0, 41.59,2026-06-09
BLKASHYAP, EQ, 09-Jun-2026,52.95,52.71,54.8,52.71,54.43,54.13,53.77,143552,77.19,1299,72991.0, 50.85,2026-06-09
BLS, EQ, 09-Jun-2026,262.0,264.85,269.4,261.45,264.0,264.05,264.14,1285468,3395.48,32942,492094.0, 38.28,2026-06-09
BLSE, EQ, 09-Jun-2026,227.53,225.21,234.0,225.21,229.2,231.23,231.12,195683,452.27,3112,80046.0, 40.91,2026-06-09
BLUECOAST, BE, 09-Jun-2026,29.48,30.77,30.77,28.01,29.99,29.99,28.25,520,0.15,11,, -,2026-06-09
BLUEDART, EQ, 09-Jun-2026,4647.4,4660.9,4729.0,4651.1,4729.0,4691.0,4684.99,5514,258.33,2047,2107.0, 38.21,2026-06-09
BLUEJET, EQ, 09-Jun-2026,450.85,450.85,472.0,450.85,472.0,467.9,464.16,284547,1320.76,6401,137816.0, 48.43,2026-06-09
BLUEPEBBLE, SM, 09-Jun-2026,93.9,90.0,90.0,84.1,84.1,85.05,86.39,5600,4.84,14,4000.0, 71.43,2026-06-09
BLUESTARCO, EQ, 09-Jun-2026,1552.2,1555.8,1574.8,1550.8,1571.1,1570.8,1562.81,248363,3881.44,13957,121972.0, 49.11,2026-06-09
BLUESTONE, EQ, 09-Jun-2026,549.5,545.0,545.0,512.45,527.0,528.1,526.96,4556830,24012.73,70158,1774272.0, 38.94,2026-06-09
BLUEWATER, ST, 09-Jun-2026,298.45,313.0,313.35,303.0,313.0,313.0,310.27,30000,93.08,28,29000.0, 96.67,2026-06-09
BLUSPRING, EQ, 09-Jun-2026,91.0,92.01,93.0,86.2,89.3,90.01,90.04,556628,501.2,4685,274359.0, 49.29,2026-06-09
BMETRICS, SM, 09-Jun-2026,36.9,35.55,35.7,35.55,35.7,35.7,35.63,1600,0.57,2,1600.0, 100.00,2026-06-09
BMLL, ST, 09-Jun-2026,128.6,133.95,133.95,125.0,130.85,130.15,129.96,46000,59.78,41,37000.0, 80.43,2026-06-09
BMWVENTLTD, EQ, 09-Jun-2026,60.12,61.47,61.89,60.11,60.3,60.83,60.9,36617,22.3,722,19043.0, 52.01,2026-06-09
BNAGROCHEM, BE, 09-Jun-2026,276.45,262.65,273.7,262.65,262.65,262.65,262.82,2059,5.41,33,, -,2026-06-09
BNALTD, EQ, 09-Jun-2026,337.05,338.3,338.3,337.0,337.0,337.0,337.01,188,0.63,5,188.0, 100.00,2026-06-09
BODALCHEM, BE, 09-Jun-2026,69.33,69.37,71.5,65.88,68.69,68.45,68.46,126046,86.29,834,, -,2026-06-09
BOHRAIND, EQ, 09-Jun-2026,16.99,16.89,17.83,16.62,17.83,17.82,17.81,58459,10.41,33,57204.0, 97.85,2026-06-09
BOMDYEING, EQ, 09-Jun-2026,125.19,126.04,128.6,125.0,128.21,128.19,126.93,917840,1165.01,9507,334141.0, 36.41,2026-06-09
BONLON, EQ, 09-Jun-2026,40.92,42.76,42.76,39.8,42.43,42.16,42.15,3765,1.59,115,3102.0, 82.39,2026-06-09
BORANA, EQ, 09-Jun-2026,316.95,321.7,322.95,319.0,319.9,320.55,320.45,11875,38.05,515,6159.0, 51.87,2026-06-09
BOROLTD, EQ, 09-Jun-2026,219.26,220.7,222.38,218.11,219.0,220.23,220.14,57318,126.18,1651,33788.0, 58.95,2026-06-09
BORORENEW, EQ, 09-Jun-2026,513.75,530.0,530.0,515.55,526.0,525.05,520.87,324649,1691.01,10830,145015.0, 44.67,2026-06-09
BOROSCI, EQ, 09-Jun-2026,150.95,152.4,154.84,150.83,154.0,153.69,152.57,59670,91.04,912,43643.0, 73.14,2026-06-09
BOSCH-HCIL, EQ, 09-Jun-2026,1342.9,1355.8,1415.0,1328.5,1392.0,1384.0,1368.65,16765,229.45,1067,10043.0, 59.90,2026-06-09
BOSCHLTD, EQ, 09-Jun-2026,36610.0,36855.0,37990.0,36745.0,37820.0,37820.0,37636.93,46439,17478.21,17214,18547.0, 39.94,2026-06-09
BPCL, EQ, 09-Jun-2026,285.15,288.75,290.15,285.25,288.9,289.1,287.93,5025923,14471.16,48558,2434962.0, 48.45,2026-06-09
BPL, EQ, 09-Jun-2026,51.47,52.5,52.5,51.66,52.19,52.01,52.07,36633,19.07,781,20558.0, 56.12,2026-06-09
BRACEPORT, SM, 09-Jun-2026,53.95,54.5,54.5,54.5,54.5,54.5,54.5,1600,0.87,1,1600.0, 100.00,2026-06-09
BRANDMAN, ST, 09-Jun-2026,152.1,152.1,152.1,144.5,152.0,152.0,145.72,28000,40.8,25,24000.0, 85.71,2026-06-09
BRIGADE, EQ, 09-Jun-2026,643.15,648.6,654.6,641.6,649.5,649.5,648.8,206205,1337.86,8557,92577.0, 44.90,2026-06-09
BRIGHOTEL, EQ, 09-Jun-2026,63.32,63.78,64.65,62.32,64.65,63.13,62.88,89129,56.04,1388,52387.0, 58.78,2026-06-09
BRITANNIA, EQ, 09-Jun-2026,5078.5,5079.5,5125.0,5063.5,5122.5,5107.5,5085.56,277222,14098.3,18050,214842.0, 77.50,2026-06-09
BRNL, EQ, 09-Jun-2026,18.78,19.4,19.4,18.8,19.07,19.04,18.98,40113,7.61,212,29686.0, 74.01,2026-06-09
BROOKS, BE, 09-Jun-2026,66.66,67.9,69.99,67.0,69.0,68.23,68.75,54749,37.64,281,, -,2026-06-09
BSE, EQ, 09-Jun-2026,3916.8,3955.8,4032.9,3950.8,3998.0,3996.3,3996.61,3318707,132635.86,134698,885423.0, 26.68,2026-06-09
BSE500IETF, EQ, 09-Jun-2026,37.45,37.6,37.8,37.45,37.79,37.76,37.66,37517,14.13,1141,28735.0, 76.59,2026-06-09
BSHSL, BE, 09-Jun-2026,94.02,94.49,96.0,92.5,96.0,96.0,93.7,1063,1.0,27,, -,2026-06-09
BSL, EQ, 09-Jun-2026,125.69,123.21,128.5,123.21,125.05,125.06,125.2,1527,1.91,72,841.0, 55.08,2026-06-09
BSLGOLDETF, EQ, 09-Jun-2026,132.03,135.33,135.33,132.69,134.75,133.3,133.32,381625,508.77,2958,163001.0, 42.71,2026-06-09
BSLNIFTY, EQ, 09-Jun-2026,27.02,26.86,27.69,26.86,27.16,27.14,27.08,693353,187.74,4575,588102.0, 84.82,2026-06-09
BSLSENETFG, EQ, 09-Jun-2026,73.96,75.24,75.24,73.72,73.97,74.07,74.09,1039,0.77,106,568.0, 54.67,2026-06-09
BSOFT, EQ, 09-Jun-2026,324.2,326.05,328.8,318.3,319.5,319.35,321.11,664390,2133.44,14730,298744.0, 44.97,2026-06-09
BTML, EQ, 09-Jun-2026,6.46,6.58,6.58,6.3,6.49,6.51,6.46,167265,10.81,315,127642.0, 76.31,2026-06-09
BTTL, EQ, 09-Jun-2026,34.69,34.65,35.0,34.5,34.5,34.62,34.81,1155,0.4,31,857.0, 74.20,2026-06-09
BUILDPRO, EQ, 09-Jun-2026,1070.2,1086.3,1111.7,1071.8,1099.0,1086.7,1088.38,23227,252.8,1916,11309.0, 48.69,2026-06-09
BUTTERFLY, EQ, 09-Jun-2026,652.85,654.05,664.2,645.2,648.0,648.05,653.14,16699,109.07,1832,6440.0, 38.57,2026-06-09
BVCL, EQ, 09-Jun-2026,41.25,41.0,41.92,40.43,41.8,41.03,41.35,8337,3.45,122,6334.0, 75.97,2026-06-09
BYKE, EQ, 09-Jun-2026,34.5,34.34,35.45,34.23,34.7,34.71,34.76,12220,4.25,77,8686.0, 71.08,2026-06-09
C2C, SM, 09-Jun-2026,346.7,354.9,363.95,346.7,359.25,356.5,353.27,83850,296.22,416,55350.0, 66.01,2026-06-09
CALSOFT, BE, 09-Jun-2026,19.86,20.22,20.75,19.6,20.45,20.36,20.45,67979,13.9,254,, -,2026-06-09
CAMLINFINE, EQ, 09-Jun-2026,127.33,129.11,135.44,128.11,132.6,133.05,132.15,1679776,2219.89,16558,567328.0, 33.77,2026-06-09
CAMPUS, EQ, 09-Jun-2026,237.8,238.25,239.7,235.0,237.55,237.2,237.53,251959,598.47,8769,111967.0, 44.44,2026-06-09
CAMS, EQ, 09-Jun-2026,740.15,741.2,754.15,739.25,751.5,749.7,747.51,717276,5361.72,20103,288150.0, 40.17,2026-06-09
CANARYS, SM, 09-Jun-2026,19.5,19.0,20.0,19.0,19.25,19.4,19.44,64000,12.44,13,48000.0, 75.00,2026-06-09
CANBK, EQ, 09-Jun-2026,131.91,131.4,137.8,131.4,137.8,137.51,135.5,57740162,78240.55,126562,27103027.0, 46.94,2026-06-09
CANFINHOME, EQ, 09-Jun-2026,822.75,827.9,829.0,812.15,829.0,827.0,823.88,279605,2303.62,24891,184207.0, 65.88,2026-06-09
CANHLIFE, EQ, 09-Jun-2026,140.04,139.9,141.56,137.61,140.14,140.33,140.5,1292468,1815.91,8569,987160.0, 76.38,2026-06-09
CANTABIL, EQ, 09-Jun-2026,214.38,214.0,217.36,212.86,214.27,215.57,214.89,67887,145.88,1283,39361.0, 57.98,2026-06-09
CAPACITE, EQ, 09-Jun-2026,215.67,217.25,221.5,216.2,221.0,220.52,218.77,139251,304.64,2715,82226.0, 59.05,2026-06-09
CAPILLARY, EQ, 09-Jun-2026,499.95,505.1,505.1,497.7,500.0,500.05,500.73,10734,53.75,674,5849.0, 54.49,2026-06-09
CAPINVIT, IV, 09-Jun-2026,71.2,71.13,71.59,71.05,71.48,71.53,71.43,239420,171.03,1313,188015.0, 78.53,2026-06-09
CAPITALSFB, EQ, 09-Jun-2026,268.2,273.0,275.8,269.5,273.0,273.05,272.47,20105,54.78,1122,7869.0, 39.14,2026-06-09
CAPLIPOINT, EQ, 09-Jun-2026,2111.0,2122.3,2286.0,2121.3,2260.0,2255.2,2210.31,614724,13587.33,49899,148607.0, 24.17,2026-06-09
CAPTRUST, BE, 09-Jun-2026,13.37,13.97,13.97,13.21,13.8,13.78,13.6,2915,0.4,38,, -,2026-06-09
CARBORUNIV, EQ, 09-Jun-2026,1054.5,1065.0,1076.3,1031.0,1036.0,1040.1,1053.45,113780,1198.62,13128,45845.0, 40.29,2026-06-09
CARERATING, EQ, 09-Jun-2026,1597.4,1613.4,1630.0,1595.0,1630.0,1625.0,1614.09,20203,326.09,2509,11261.0, 55.74,2026-06-09
CARRARO, EQ, 09-Jun-2026,516.65,520.0,527.7,516.9,524.0,520.4,520.8,46382,241.56,3554,20492.0, 44.18,2026-06-09
CARTRADE, EQ, 09-Jun-2026,2069.8,2069.8,2214.0,2057.6,2178.0,2187.6,2164.52,1932675,41833.19,116781,474961.0, 24.58,2026-06-09
CARYSIL, EQ, 09-Jun-2026,1056.2,1059.9,1135.0,1059.8,1128.0,1123.6,1105.11,149543,1652.62,11181,58732.0, 39.27,2026-06-09
CASHIETF, EQ, 09-Jun-2026,1065.49,1065.62,1065.64,1065.62,1065.64,1065.62,1065.62,567124,6043.41,112,457258.0, 80.63,2026-06-09
CASTROLIND, EQ, 09-Jun-2026,183.06,183.2,183.82,182.11,182.51,182.51,182.77,628086,1147.96,12592,433495.0, 69.02,2026-06-09
CCAVENUE, EQ, 09-Jun-2026,13.79,13.89,13.92,13.62,13.74,13.7,13.73,5993915,823.25,11737,3403712.0, 56.79,2026-06-09
CCCL, EQ, 09-Jun-2026,14.57,14.35,15.15,14.35,15.09,15.07,14.94,152792,22.83,539,113521.0, 74.30,2026-06-09
CCHHL, EQ, 09-Jun-2026,12.79,12.99,13.0,12.72,12.95,12.88,12.82,4836,0.62,64,4189.0, 86.62,2026-06-09
CCL, EQ, 09-Jun-2026,1173.0,1173.0,1190.6,1137.5,1149.5,1149.1,1162.44,798485,9281.93,41047,117496.0, 14.71,2026-06-09
CDSL, EQ, 09-Jun-2026,1193.4,1196.0,1215.0,1196.0,1213.7,1212.3,1206.46,792606,9562.45,24655,284300.0, 35.87,2026-06-09
CEATLTD, EQ, 09-Jun-2026,3106.1,3119.7,3170.0,3111.0,3146.1,3137.3,3127.38,55980,1750.71,7394,24135.0, 43.11,2026-06-09
CEDAAR, SM, 09-Jun-2026,24.05,24.8,24.8,22.85,24.75,23.8,23.63,5000,1.18,5,4000.0, 80.00,2026-06-09
CEIGALL, EQ, 09-Jun-2026,350.4,346.2,370.0,346.2,369.2,366.4,361.06,1199672,4331.49,16482,388140.0, 32.35,2026-06-09
CEINSYS, EQ, 09-Jun-2026,922.8,942.0,950.0,920.0,949.5,940.55,933.96,32696,305.37,1866,15848.0, 48.47,2026-06-09
CELEBRITY, EQ, 09-Jun-2026,7.54,7.55,7.78,7.32,7.6,7.5,7.48,45947,3.44,189,33946.0, 73.88,2026-06-09
CELLECOR, ST, 09-Jun-2026,35.8,35.5,36.6,34.7,36.5,36.5,36.04,672000,242.16,56,645000.0, 95.98,2026-06-09
CELLO, EQ, 09-Jun-2026,380.4,382.4,383.65,378.4,380.75,381.25,381.3,70350,268.24,6383,32482.0, 46.17,2026-06-09
CELLPOINT, SM, 09-Jun-2026,15.75,15.1,15.1,15.1,15.1,15.1,15.1,1200,0.18,1,1200.0, 100.00,2026-06-09
CEMPRO, EQ, 09-Jun-2026,1094.4,1116.3,1203.8,1104.5,1203.8,1203.8,1177.41,1749059,20593.53,51813,403903.0, 23.09,2026-06-09
CENTENKA, EQ, 09-Jun-2026,496.7,502.65,509.9,495.0,507.1,507.85,503.49,34669,174.56,1460,23362.0, 67.39,2026-06-09
CENTEXT, EQ, 09-Jun-2026,19.21,19.05,19.7,19.05,19.64,19.54,19.41,62659,12.16,381,36927.0, 58.93,2026-06-09
CENTRALBK, EQ, 09-Jun-2026,30.43,30.52,31.15,30.52,31.0,31.08,30.97,17675326,5474.17,23745,9867313.0, 55.83,2026-06-09
CENTRUM, EQ, 09-Jun-2026,21.44,21.55,23.4,21.55,21.79,21.77,21.93,196169,43.01,650,96188.0, 49.03,2026-06-09
CENTUM, EQ, 09-Jun-2026,3303.0,3335.0,3379.0,3262.0,3370.0,3355.2,3322.53,63167,2098.74,7789,31571.0, 49.98,2026-06-09
CENTURYPLY, EQ, 09-Jun-2026,750.4,750.0,767.1,746.95,751.0,749.7,751.49,72085,541.71,3942,55548.0, 77.06,2026-06-09
CERA, EQ, 09-Jun-2026,5473.0,5502.0,5930.0,5502.0,5830.0,5835.0,5796.88,219376,12716.96,39279,24446.0, 11.14,2026-06-09
CEREBRAINT, BZ, 09-Jun-2026,3.44,3.51,3.6,3.5,3.6,3.59,3.56,76408,2.72,320,, -,2026-06-09
CESC, EQ, 09-Jun-2026,174.49,175.5,175.97,171.1,171.87,171.68,172.57,1150340,1985.1,18080,646913.0, 56.24,2026-06-09
CEWATER, EQ, 09-Jun-2026,249.5,253.25,259.0,250.15,258.0,258.1,256.41,49918,128.0,2159,24219.0, 48.52,2026-06-09
CGCL, EQ, 09-Jun-2026,198.62,198.5,203.7,198.0,203.2,203.2,202.45,2034770,4119.32,16914,601034.0, 29.54,2026-06-09
CGPOWER, EQ, 09-Jun-2026,903.4,910.2,921.0,905.3,911.0,911.2,912.52,3404934,31070.68,65390,1715378.0, 50.38,2026-06-09
CGRAPHICS, SM, 09-Jun-2026,146.6,148.0,153.2,148.0,149.0,149.0,150.73,31200,47.03,34,24800.0, 79.49,2026-06-09
CHALET, EQ, 09-Jun-2026,750.65,752.4,763.65,748.75,763.65,759.6,754.14,214396,1616.85,5081,189823.0, 88.54,2026-06-09
CHAMBLFERT, EQ, 09-Jun-2026,448.7,450.85,455.8,449.2,454.95,454.75,452.78,367250,1662.82,17278,169123.0, 46.05,2026-06-09
CHAMUNDA, SM, 09-Jun-2026,39.2,39.6,39.6,39.6,39.6,39.6,39.6,3000,1.19,1,3000.0, 100.00,2026-06-09
CHANDAN, SM, 09-Jun-2026,236.5,241.75,242.1,234.0,237.5,237.25,236.83,19200,45.47,24,9600.0, 50.00,2026-06-09
CHAVDA, SM, 09-Jun-2026,88.25,88.0,90.0,88.0,88.15,88.2,88.75,6000,5.33,6,4000.0, 66.67,2026-06-09
CHEMBOND, BE, 09-Jun-2026,156.01,155.99,159.99,149.0,156.0,155.71,153.62,5487,8.43,124,, -,2026-06-09
CHEMBONDCH, BE, 09-Jun-2026,173.22,176.0,178.95,169.25,170.51,170.7,173.47,10764,18.67,105,, -,2026-06-09
CHEMCON, EQ, 09-Jun-2026,197.9,195.89,209.4,195.89,206.75,205.94,203.38,190752,387.95,5649,46677.0, 24.47,2026-06-09
CHEMFAB, BE, 09-Jun-2026,407.35,418.7,418.7,390.0,405.0,405.0,402.95,936,3.77,49,, -,2026-06-09
CHEMICAL, EQ, 09-Jun-2026,28.57,28.82,31.0,28.69,29.1,29.28,28.9,613516,177.31,929,392587.0, 63.99,2026-06-09
CHEMPLASTS, EQ, 09-Jun-2026,196.09,197.0,201.83,196.21,197.01,197.48,198.27,236565,469.04,4779,157172.0, 66.44,2026-06-09
CHENNPETRO, EQ, 09-Jun-2026,1191.3,1191.0,1238.0,1185.1,1234.9,1226.4,1212.45,1050287,12734.21,35302,377616.0, 35.95,2026-06-09
CHETANA, ST, 09-Jun-2026,46.85,49.15,49.15,48.0,49.0,49.0,49.04,54400,26.68,25,52800.0, 97.06,2026-06-09
CHEVIOT, EQ, 09-Jun-2026,1072.4,1077.9,1094.0,1072.4,1094.0,1085.7,1084.95,785,8.52,134,404.0, 51.46,2026-06-09
CHOICEGOLD, EQ, 09-Jun-2026,149.48,149.48,151.06,149.48,150.1,150.08,150.22,1813,2.72,98,1419.0, 78.27,2026-06-09
CHOICEIN, EQ, 09-Jun-2026,648.1,649.95,657.7,649.95,653.0,652.85,653.51,376402,2459.84,9368,63695.0, 16.92,2026-06-09
CHOLAFIN, EQ, 09-Jun-2026,1456.0,1464.6,1500.0,1459.1,1499.8,1495.4,1483.81,1430472,21225.48,38687,860267.0, 60.14,2026-06-09
CHOLAHLDNG, EQ, 09-Jun-2026,1412.3,1415.9,1461.0,1415.9,1455.0,1458.1,1442.67,91972,1326.86,9079,44758.0, 48.66,2026-06-09
CIEINDIA, EQ, 09-Jun-2026,437.9,437.0,442.95,436.9,442.2,440.4,440.51,86837,382.53,6472,49711.0, 57.25,2026-06-09
CIFL, EQ, 09-Jun-2026,23.2,23.2,23.8,22.68,23.6,23.36,23.24,238286,55.38,459,170924.0, 71.73,2026-06-09
CINELINE, EQ, 09-Jun-2026,77.66,77.66,80.95,77.66,78.03,78.55,78.79,12138,9.56,250,7439.0, 61.29,2026-06-09
CINEVISTA, EQ, 09-Jun-2026,15.71,16.29,16.29,15.51,16.21,16.2,16.15,28193,4.55,130,25371.0, 89.99,2026-06-09
CIPLA, EQ, 09-Jun-2026,1387.9,1383.1,1398.8,1373.6,1374.0,1376.5,1383.19,1419845,19639.09,73351,890650.0, 62.73,2026-06-09
CITIUSINVT, IV, 09-Jun-2026,106.0,107.19,107.5,106.21,106.3,106.33,107.03,199667,213.71,821,147995.0, 74.12,2026-06-09
CKKRETAIL, SM, 09-Jun-2026,147.0,140.3,149.85,140.0,144.95,140.45,140.33,39200,55.01,28,30400.0, 77.55,2026-06-09
CLASSICEIL, ST, 09-Jun-2026,45.7,44.0,46.0,43.45,43.6,44.35,44.22,22400,9.9,14,17600.0, 78.57,2026-06-09
CLEAN, EQ, 09-Jun-2026,768.8,766.65,775.0,757.0,772.75,767.5,764.46,148839,1137.81,13423,54474.0, 36.60,2026-06-09
CLEANMAX, EQ, 09-Jun-2026,1222.2,1222.2,1240.0,1168.6,1225.0,1232.4,1208.11,237813,2873.04,23795,147772.0, 62.14,2026-06-09
CLEDUCATE, BE, 09-Jun-2026,56.46,57.58,57.58,55.99,56.08,56.08,57.04,22967,13.1,75,, -,2026-06-09
CLSEL, EQ, 09-Jun-2026,267.55,269.4,274.4,267.05,273.6,272.25,270.96,37518,101.66,1060,12752.0, 33.99,2026-06-09
CMNL, SM, 09-Jun-2026,105.6,107.0,107.0,102.6,106.35,106.35,104.02,50250,52.27,18,48750.0, 97.01,2026-06-09
CMPDI, EQ, 09-Jun-2026,234.75,236.95,247.4,234.81,244.24,244.18,242.19,5828874,14117.1,62615,2086061.0, 35.79,2026-06-09
CMSINFO, EQ, 09-Jun-2026,298.3,300.0,300.0,291.6,294.25,294.6,293.71,352132,1034.24,19372,203732.0, 57.86,2026-06-09
CNL, EQ, 09-Jun-2026,719.2,726.25,729.8,686.1,700.0,696.45,709.09,80664,571.98,2525,37493.0, 46.48,2026-06-09
COALINDIA, EQ, 09-Jun-2026,464.9,464.9,467.55,458.4,466.15,466.9,464.01,10972434,50913.12,101483,6136697.0, 55.93,2026-06-09
COASTCORP, EQ, 09-Jun-2026,47.76,48.0,48.71,47.51,48.48,48.43,48.15,52052,25.06,632,34271.0, 65.84,2026-06-09
COCHINSHIP, EQ, 09-Jun-2026,1407.1,1410.0,1446.1,1407.2,1445.0,1441.2,1424.99,698428,9952.54,27404,192386.0, 27.55,2026-06-09
COCKERILL, EQ, 09-Jun-2026,9101.5,9190.0,10011.5,9101.0,10011.5,9883.5,9531.16,48768,4648.16,10137,15300.0, 31.37,2026-06-09
COFFEEDAY, BE, 09-Jun-2026,36.51,34.91,36.51,34.69,34.72,34.76,35.0,2970137,1039.45,3590,, -,2026-06-09
COFORGE, EQ, 09-Jun-2026,1421.1,1439.9,1439.9,1393.5,1410.0,1412.0,1413.07,1845056,26071.97,68715,832819.0, 45.14,2026-06-09
COHANCE, EQ, 09-Jun-2026,424.3,423.85,434.5,423.85,432.4,431.9,430.82,302908,1304.99,21755,116885.0, 38.59,2026-06-09
COLPAL, EQ, 09-Jun-2026,2005.5,2005.1,2028.8,2001.0,2021.9,2023.4,2014.82,138499,2790.51,11849,75894.0, 54.80,2026-06-09
COMFINTE, EQ, 09-Jun-2026,6.02,6.08,6.08,5.95,6.07,5.99,5.99,220555,13.21,1094,143435.0, 65.03,2026-06-09
COMMOIETF, EQ, 09-Jun-2026,101.06,101.66,102.0,100.85,102.0,101.39,101.22,32729,33.13,730,15159.0, 46.32,2026-06-09
COMPINFO, BZ, 09-Jun-2026,1.31,1.31,1.37,1.25,1.37,1.37,1.35,49152,0.66,37,, -,2026-06-09
COMPUSOFT, EQ, 09-Jun-2026,13.58,13.64,13.97,13.53,13.96,13.91,13.86,13130,1.82,106,10921.0, 83.18,2026-06-09
COMSYN, EQ, 09-Jun-2026,153.01,153.09,163.99,151.5,163.0,161.89,156.75,1044596,1637.39,2943,527670.0, 50.51,2026-06-09
CONCOR, EQ, 09-Jun-2026,445.35,446.9,453.95,444.75,452.9,452.95,449.17,1217998,5470.84,17396,579341.0, 47.57,2026-06-09
CONCORDBIO, EQ, 09-Jun-2026,1196.7,1197.8,1281.5,1195.1,1280.3,1272.2,1246.04,507373,6322.07,33758,159486.0, 31.43,2026-06-09
CONFIPET, EQ, 09-Jun-2026,77.4,77.0,78.2,75.0,75.65,75.5,76.31,1574677,1201.67,8997,632695.0, 40.18,2026-06-09
CONNPLEX, SM, 09-Jun-2026,221.5,223.0,223.0,220.15,220.15,221.1,221.96,14400,31.96,18,10400.0, 72.22,2026-06-09
CONS, EQ, 09-Jun-2026,11.29,11.43,11.45,11.35,11.45,11.44,11.4,9708,1.11,78,7685.0, 79.16,2026-06-09
CONSOFINVT, EQ, 09-Jun-2026,231.44,234.52,239.8,226.0,226.58,226.44,228.98,11996,27.47,304,7979.0, 66.51,2026-06-09
CONSUMBEES, EQ, 09-Jun-2026,123.3,123.88,124.34,123.26,124.0,123.83,123.73,37713,46.66,901,22634.0, 60.02,2026-06-09
CONSUMER, EQ, 09-Jun-2026,10.73,10.79,10.86,10.76,10.85,10.83,10.83,216799,23.48,216,194480.0, 89.71,2026-06-09
CONSUMIETF, EQ, 09-Jun-2026,114.28,115.21,115.49,114.52,114.76,114.89,114.96,14506,16.68,361,8750.0, 60.32,2026-06-09
CONTROLPR, EQ, 09-Jun-2026,600.75,601.35,607.3,596.0,598.0,599.05,601.38,13066,78.58,1758,7604.0, 58.20,2026-06-09
COOLCAPS, SM, 09-Jun-2026,23.6,24.4,25.95,23.55,24.95,25.2,24.96,162500,40.56,89,131250.0, 80.77,2026-06-09
CORALFINAC, EQ, 09-Jun-2026,31.57,31.6,32.38,30.99,31.97,31.56,31.5,10188,3.21,218,7718.0, 75.76,2026-06-09
CORDSCABLE, BE, 09-Jun-2026,213.45,211.0,216.0,207.15,210.5,209.42,212.22,39813,84.49,561,, -,2026-06-09
COROMANDEL, EQ, 09-Jun-2026,1751.1,1751.1,1820.0,1745.5,1815.5,1807.1,1801.87,298605,5380.46,38535,162324.0, 54.36,2026-06-09
CORONA, EQ, 09-Jun-2026,1740.6,1752.2,1797.6,1745.0,1774.0,1770.9,1776.19,15862,281.74,2663,8400.0, 52.96,2026-06-09
COSMOFIRST, EQ, 09-Jun-2026,718.1,712.4,744.65,712.4,744.05,741.35,732.37,25168,184.32,1902,13580.0, 53.96,2026-06-09
COUNCODOS, EQ, 09-Jun-2026,4.8,5.0,5.0,4.83,4.94,4.93,4.92,16137,0.79,82,14413.0, 89.32,2026-06-09
CPCAP, BE, 09-Jun-2026,90.7,91.49,91.5,89.0,91.44,91.44,90.14,5960,5.37,66,, -,2026-06-09
CPEDU, EQ, 09-Jun-2026,176.36,178.0,180.0,174.0,174.0,175.75,178.45,3596,6.42,115,2898.0, 80.59,2026-06-09
CPPLUS, EQ, 09-Jun-2026,3423.6,3429.0,3550.0,3425.0,3499.1,3482.2,3492.06,283399,9896.46,34192,131810.0, 46.51,2026-06-09
CPS, SM, 09-Jun-2026,1000.0,960.55,975.0,960.0,975.0,975.0,964.09,1200,11.57,7,750.0, 62.50,2026-06-09
CPSEETF, EQ, 09-Jun-2026,100.14,100.9,101.35,99.11,99.35,99.21,99.39,1402538,1393.92,12335,847761.0, 60.44,2026-06-09
CRAFTSMAN, EQ, 09-Jun-2026,8976.0,8976.0,9200.5,8900.0,9154.0,9126.5,9045.0,66943,6054.99,11549,38091.0, 56.90,2026-06-09
CRAMC, EQ, 09-Jun-2026,241.79,243.0,246.5,240.51,245.0,245.23,242.75,210814,511.75,5220,104499.0, 49.57,2026-06-09
CRAYONS, SM, 09-Jun-2026,31.05,31.0,31.0,29.5,29.5,29.5,29.57,46000,13.6,19,46000.0, 100.00,2026-06-09
CREATIVEYE, EQ, 09-Jun-2026,6.73,6.7,6.74,6.11,6.35,6.43,6.49,16047,1.04,100,15709.0, 97.89,2026-06-09
CREDITACC, EQ, 09-Jun-2026,1243.2,1253.2,1274.9,1246.1,1272.0,1270.4,1265.97,202950,2569.29,11864,144578.0, 71.24,2026-06-09
CREST, EQ, 09-Jun-2026,359.9,362.75,366.0,355.05,363.85,362.4,360.17,43705,157.41,352,38563.0, 88.23,2026-06-09
CRISIL, EQ, 09-Jun-2026,3806.0,3814.9,3876.4,3801.5,3840.0,3859.2,3844.91,26600,1022.75,6400,15698.0, 59.02,2026-06-09
CRIZAC, EQ, 09-Jun-2026,210.76,214.1,214.84,211.1,213.99,212.26,212.58,129144,274.54,6688,58275.0, 45.12,2026-06-09
CROMPTON, EQ, 09-Jun-2026,256.9,257.3,264.25,257.3,260.2,260.45,260.83,1823528,4756.37,20678,858576.0, 47.08,2026-06-09
CROWN, EQ, 09-Jun-2026,112.2,112.24,112.78,108.12,109.98,110.07,110.99,15167,16.83,288,12268.0, 80.89,2026-06-09
CSBBANK, EQ, 09-Jun-2026,354.0,355.9,358.9,350.65,353.0,353.05,353.58,448359,1585.3,13225,250181.0, 55.80,2026-06-09
CSLFINANCE, EQ, 09-Jun-2026,220.03,226.0,226.0,219.22,223.8,222.7,221.59,9061,20.08,296,4716.0, 52.05,2026-06-09
CSSL, SM, 09-Jun-2026,102.25,102.5,102.5,98.0,100.0,99.6,100.15,13000,13.02,13,11000.0, 84.62,2026-06-09
CTE, EQ, 09-Jun-2026,31.89,31.36,32.7,30.9,32.34,32.33,31.68,9286,2.94,126,8338.0, 89.79,2026-06-09
CUB, EQ, 09-Jun-2026,247.0,247.8,258.1,246.05,256.95,256.4,253.88,4631410,11758.2,46839,3237294.0, 69.90,2026-06-09
CUBEINVIT, IV, 09-Jun-2026,148.5,148.5,148.5,148.5,148.5,148.5,148.5,125000,185.63,3,125000.0, 100.00,2026-06-09
CUBEXTUB, EQ, 09-Jun-2026,86.1,85.1,87.5,85.0,85.1,85.57,86.37,33649,29.06,820,17694.0, 52.58,2026-06-09
CUDML, ST, 09-Jun-2026,165.75,168.5,174.0,168.5,174.0,174.0,172.34,33000,56.87,31,33000.0, 100.00,2026-06-09
CUMMINSIND, EQ, 09-Jun-2026,5610.5,5635.0,5691.0,5561.0,5641.0,5625.5,5612.24,485174,27229.15,31360,277766.0, 57.25,2026-06-09
CUPID, EQ, 09-Jun-2026,140.37,141.34,146.0,141.2,146.0,145.86,144.22,22355705,32241.14,66708,8358166.0, 37.39,2026-06-09
CURAA, EQ, 09-Jun-2026,84.0,76.5,88.4,76.5,85.4,78.58,81.23,565,0.46,27,476.0, 84.25,2026-06-09
CURIS, SM, 09-Jun-2026,110.0,110.0,110.0,110.0,110.0,110.0,110.0,1000,1.1,1,1000.0, 100.00,2026-06-09
CYBERMEDIA, BE, 09-Jun-2026,16.4,16.0,17.22,16.0,16.43,16.42,16.48,11526,1.9,76,, -,2026-06-09
CYBERTECH, EQ, 09-Jun-2026,138.08,136.06,140.25,135.5,138.45,137.71,137.51,25430,34.97,713,12841.0, 50.50,2026-06-09
CYIENT, EQ, 09-Jun-2026,862.3,869.45,874.0,862.0,864.0,864.0,865.2,317767,2749.32,9850,235393.0, 74.08,2026-06-09
CYIENTDLM, EQ, 09-Jun-2026,435.2,439.85,447.35,436.75,443.5,443.65,440.61,199510,879.06,4994,123412.0, 61.86,2026-06-09
DABUR, EQ, 09-Jun-2026,419.75,422.0,427.0,420.35,427.0,426.15,424.77,915087,3887.05,16983,481878.0, 52.66,2026-06-09
DAICHI, EQ, 09-Jun-2026,232.86,232.0,233.2,230.0,230.25,231.99,230.43,8230,18.96,364,7588.0, 92.20,2026-06-09
DALBHARAT, EQ, 09-Jun-2026,1664.0,1671.8,1684.9,1643.2,1649.2,1651.7,1656.15,334126,5533.62,15628,225300.0, 67.43,2026-06-09
DALMIASUG, EQ, 09-Jun-2026,340.95,341.3,344.0,332.8,335.9,335.65,336.45,84263,283.5,3414,38142.0, 45.27,2026-06-09
DAMCAPITAL, EQ, 09-Jun-2026,147.1,147.1,150.7,147.1,148.6,148.75,148.9,209730,312.28,2862,116270.0, 55.44,2026-06-09
DAMODARIND, EQ, 09-Jun-2026,30.16,31.0,31.2,29.71,30.49,30.15,30.18,3759,1.13,49,2426.0, 64.54,2026-06-09
DANGEE, EQ, 09-Jun-2026,3.23,3.23,3.34,3.12,3.24,3.28,3.22,66369,2.14,118,28688.0, 43.22,2026-06-09
DANISH, SM, 09-Jun-2026,872.3,885.0,919.8,885.0,907.8,906.2,903.57,18450,166.71,102,14100.0, 76.42,2026-06-09
DATAMATICS, EQ, 09-Jun-2026,768.8,769.9,789.4,769.9,779.9,776.25,776.89,60482,469.88,2731,21970.0, 36.32,2026-06-09
DATAPATTNS, EQ, 09-Jun-2026,4141.3,4165.3,4620.0,4156.3,4589.5,4558.5,4434.19,4127623,183026.79,261355,658925.0, 15.96,2026-06-09
DAVANGERE, EQ, 09-Jun-2026,3.56,3.58,3.83,3.55,3.68,3.7,3.69,20664603,763.55,3782,10563253.0, 51.12,2026-06-09
DBCORP, EQ, 09-Jun-2026,201.81,203.34,203.84,202.0,203.75,203.42,203.37,30290,61.6,1368,20436.0, 67.47,2026-06-09
DBEIL, BE, 09-Jun-2026,80.03,82.0,82.42,78.53,81.0,81.0,80.85,9004,7.28,112,, -,2026-06-09
DBL, EQ, 09-Jun-2026,420.6,421.35,437.7,421.35,437.5,436.5,432.87,125511,543.3,4996,60631.0, 48.31,2026-06-09
DBOL, BE, 09-Jun-2026,109.5,110.96,110.96,108.12,110.0,109.72,109.62,33734,36.98,180,, -,2026-06-09
DBREALTY, BE, 09-Jun-2026,109.98,110.05,112.79,110.0,112.35,111.29,111.35,234164,260.75,1226,, -,2026-06-09
DBSTOCKBRO, EQ, 09-Jun-2026,31.55,31.55,31.59,29.65,29.71,30.17,30.41,4277,1.3,147,1913.0, 44.73,2026-06-09
DCAL, EQ, 09-Jun-2026,184.37,186.89,189.9,180.2,189.0,187.92,185.01,320447,592.87,5490,175501.0, 54.77,2026-06-09
DCBBANK, EQ, 09-Jun-2026,172.93,174.0,178.0,173.7,177.8,177.61,176.21,938931,1654.46,17883,483149.0, 51.46,2026-06-09
DCCL, SM, 09-Jun-2026,41.5,41.5,41.9,41.5,41.7,41.8,41.7,6000,2.5,3,4000.0, 66.67,2026-06-09
DCG, SM, 09-Jun-2026,56.5,52.4,57.75,52.4,55.5,55.5,54.23,18000,9.76,13,13200.0, 73.33,2026-06-09
DCI, BE, 09-Jun-2026,265.4,267.0,272.9,263.0,269.0,269.5,267.81,2922,7.83,193,, -,2026-06-09
DCM, EQ, 09-Jun-2026,95.08,97.49,97.49,92.0,93.1,93.25,92.97,8000,7.44,140,7047.0, 88.09,2026-06-09
DCMFINSERV, BE, 09-Jun-2026,5.68,5.7,5.7,5.57,5.6,5.6,5.6,1590,0.09,15,, -,2026-06-09
DCMNVL, BE, 09-Jun-2026,160.0,164.9,166.0,163.0,166.0,166.0,164.31,12388,20.35,97,, -,2026-06-09
DCMSHRIRAM, EQ, 09-Jun-2026,997.2,995.9,1029.0,992.2,1020.2,1025.2,1017.98,71791,730.82,13262,45239.0, 63.01,2026-06-09
DCMSIL, BE, 09-Jun-2026,68.6,67.9,69.39,66.26,68.9,68.83,68.01,88902,60.46,365,, -,2026-06-09
DCMSRIND, EQ, 09-Jun-2026,39.95,40.34,41.8,39.6,40.6,40.45,40.91,103743,42.44,938,63417.0, 61.13,2026-06-09
DCW, EQ, 09-Jun-2026,46.0,46.0,47.52,46.0,47.51,47.37,47.11,712715,335.76,4124,310953.0, 43.63,2026-06-09
DCXINDIA, EQ, 09-Jun-2026,183.51,183.99,190.95,183.99,190.95,189.97,188.17,668759,1258.43,10887,233685.0, 34.94,2026-06-09
DDEVPLSTIK, EQ, 09-Jun-2026,245.08,248.5,255.0,245.89,252.25,253.16,251.32,203831,512.27,2568,158161.0, 77.59,2026-06-09
DECCANCE, EQ, 09-Jun-2026,585.75,585.0,591.95,575.0,581.0,577.0,579.49,15838,91.78,549,12533.0, 79.13,2026-06-09
DECCANTRAN, SM, 09-Jun-2026,24.0,23.8,23.8,23.0,23.0,23.0,23.4,2400,0.56,2,1200.0, 50.00,2026-06-09
DECNGOLD, EQ, 09-Jun-2026,161.55,162.48,168.0,156.56,167.9,166.75,163.73,1871682,3064.48,16173,641723.0, 34.29,2026-06-09
DEEDEV, BE, 09-Jun-2026,704.7,693.4,704.0,669.5,689.0,688.7,688.39,243448,1675.87,3764,, -,2026-06-09
DEEPAKFERT, EQ, 09-Jun-2026,1451.6,1455.0,1525.0,1452.2,1524.7,1518.6,1493.6,584139,8724.69,30121,254744.0, 43.61,2026-06-09
DEEPAKNTR, EQ, 09-Jun-2026,1664.8,1675.0,1684.8,1645.0,1683.0,1678.3,1669.21,74996,1251.84,8187,32986.0, 43.98,2026-06-09
DEEPINDS, EQ, 09-Jun-2026,511.0,513.8,522.25,508.55,519.0,519.3,516.29,184443,952.27,7000,85716.0, 46.47,2026-06-09
DEFENCE, EQ, 09-Jun-2026,75.05,76.55,76.55,75.05,76.26,76.21,76.14,197787,150.6,425,180395.0, 91.21,2026-06-09
DELAPLEX, SM, 09-Jun-2026,96.1,96.0,101.7,95.4,101.7,101.7,98.09,4800,4.71,7,4200.0, 87.50,2026-06-09
DELHIVERY, EQ, 09-Jun-2026,439.35,439.45,444.5,431.05,439.0,439.4,438.13,1930620,8458.56,21089,1004207.0, 52.01,2026-06-09
DELPHIFX, EQ, 09-Jun-2026,9.05,9.05,9.4,9.01,9.2,9.11,9.13,66805,6.1,218,54746.0, 81.95,2026-06-09
DELTACORP, EQ, 09-Jun-2026,65.43,66.01,66.09,65.02,65.23,65.36,65.43,2479117,1622.07,9467,687537.0, 27.73,2026-06-09
DELTAMAGNT, EQ, 09-Jun-2026,59.89,61.99,61.99,59.8,60.8,60.8,60.53,1169,0.71,26,1144.0, 97.86,2026-06-09
DELTIC, ST, 09-Jun-2026,37.55,39.0,39.4,39.0,39.0,39.0,39.28,54000,21.21,32,52000.0, 96.30,2026-06-09
DEN, EQ, 09-Jun-2026,27.0,27.0,27.44,26.75,27.2,27.12,27.06,349417,94.56,1909,150273.0, 43.01,2026-06-09
DENEERS, SM, 09-Jun-2026,218.0,214.0,230.0,214.0,225.95,225.95,224.1,6000,13.45,10,1800.0, 30.00,2026-06-09
DENORA, EQ, 09-Jun-2026,755.35,765.3,780.0,749.3,751.5,767.1,762.75,4906,37.42,453,3099.0, 63.17,2026-06-09
DENTA, EQ, 09-Jun-2026,243.75,248.9,248.9,244.3,247.0,246.6,246.18,49250,121.25,1587,20804.0, 42.24,2026-06-09
DENTALKART, SM, 09-Jun-2026,416.5,413.1,415.0,396.5,398.0,399.9,402.69,30250,121.81,74,24000.0, 79.34,2026-06-09
DEVIT, EQ, 09-Jun-2026,26.81,26.82,28.9,26.82,28.9,28.65,28.3,65085,18.42,1327,35711.0, 54.87,2026-06-09
DEVX, EQ, 09-Jun-2026,36.64,37.37,37.4,36.22,36.55,36.62,36.76,40885,15.03,176,29369.0, 71.83,2026-06-09
DEVYANI, EQ, 09-Jun-2026,110.5,110.56,113.3,109.67,111.52,111.06,110.62,778357,860.99,11689,343094.0, 44.08,2026-06-09
DGCONTENT, EQ, 09-Jun-2026,26.73,26.8,27.48,26.75,26.75,26.77,26.79,1000,0.27,27,993.0, 99.30,2026-06-09
DHAMPURSUG, EQ, 09-Jun-2026,144.96,144.7,145.0,141.62,143.47,143.76,143.02,128197,183.35,1967,59823.0, 46.66,2026-06-09
DHANBANK, EQ, 09-Jun-2026,31.45,31.88,33.75,31.57,33.0,33.08,32.68,916084,299.4,3913,345681.0, 37.73,2026-06-09
DHANLAXMI, SM, 09-Jun-2026,28.7,28.1,28.1,28.0,28.0,28.05,28.05,4000,1.12,2,4000.0, 100.00,2026-06-09
DHANSA, ST, 09-Jun-2026,22.8,22.8,22.8,22.8,22.8,22.8,22.8,2000,0.46,1,2000.0, 100.00,2026-06-09
DHANUKA, EQ, 09-Jun-2026,1077.1,1077.9,1091.0,1070.1,1088.0,1087.1,1082.06,23969,259.36,1958,8731.0, 36.43,2026-06-09
DHARAN, BZ, 09-Jun-2026,0.14,0.14,0.15,0.14,0.15,0.14,0.15,13723542,19.96,1844,, -,2026-06-09
DHARARAIL, SM, 09-Jun-2026,158.6,162.0,169.5,160.0,168.25,169.0,166.44,137000,228.03,118,102000.0, 74.45,2026-06-09
DHARIWAL, SM, 09-Jun-2026,30.3,30.3,32.45,30.3,32.1,31.95,31.34,63000,19.74,18,48000.0, 76.19,2026-06-09
DHARMAJ, EQ, 09-Jun-2026,275.05,279.2,279.2,269.95,272.0,274.25,273.82,42560,116.54,1702,26984.0, 63.40,2026-06-09
DHRUV, BE, 09-Jun-2026,28.5,28.45,29.67,27.5,27.51,27.51,28.08,27636,7.76,43,, -,2026-06-09
DHTL, SM, 09-Jun-2026,46.05,43.75,43.75,43.75,43.75,43.75,43.75,800,0.35,1,800.0, 100.00,2026-06-09
DHUNINV, EQ, 09-Jun-2026,771.05,798.0,798.0,783.0,790.0,788.3,789.26,354,2.79,53,168.0, 47.46,2026-06-09
DIACABS, EQ, 09-Jun-2026,198.24,201.9,204.85,198.77,202.65,202.47,202.02,2690747,5435.79,18164,864896.0, 32.14,2026-06-09
DIAMINESQ, EQ, 09-Jun-2026,248.97,249.78,251.88,242.9,251.0,248.39,248.25,3967,9.85,284,2743.0, 69.15,2026-06-09
DIAMONDYD, EQ, 09-Jun-2026,1128.1,1130.0,1146.9,1130.0,1135.5,1132.3,1136.95,9660,109.83,710,6035.0, 62.47,2026-06-09
DICIND, EQ, 09-Jun-2026,503.85,518.0,518.0,490.0,507.95,507.95,497.44,259,1.29,18,190.0, 73.36,2026-06-09
DIFFNKG, EQ, 09-Jun-2026,326.25,327.05,334.85,325.0,331.9,330.8,331.09,68947,228.27,1791,38363.0, 55.64,2026-06-09
DIGIDRIVE, EQ, 09-Jun-2026,18.3,18.15,19.3,18.15,18.79,18.75,18.72,14119,2.64,161,8337.0, 59.05,2026-06-09
DIGIKORE, SM, 09-Jun-2026,56.0,55.55,59.95,55.0,57.7,57.5,58.55,46400,27.17,82,34000.0, 73.28,2026-06-09
DIGISPICE, BE, 09-Jun-2026,20.24,20.24,20.67,19.67,20.5,20.46,20.12,85796,17.27,178,, -,2026-06-09
DIGITIDE, EQ, 09-Jun-2026,84.49,84.5,87.68,84.41,85.49,85.2,85.26,116881,99.66,2168,63600.0, 54.41,2026-06-09
DIGJAMLMTD, EQ, 09-Jun-2026,43.67,45.19,45.19,43.61,45.0,44.98,44.29,4370,1.94,44,2944.0, 67.37,2026-06-09
DISAQ, EQ, 09-Jun-2026,11091.0,11000.0,11345.0,11000.0,11221.0,11212.0,11180.19,580,64.85,540,50.0, 8.62,2026-06-09
DISHTV, BE, 09-Jun-2026,3.01,3.01,3.03,2.96,3.0,2.99,2.99,1330494,39.84,1188,, -,2026-06-09
DIVGIITTS, EQ, 09-Jun-2026,773.15,784.75,800.2,774.6,781.3,788.75,787.98,33843,266.68,2622,20380.0, 60.22,2026-06-09
DIVIDEND, EQ, 09-Jun-2026,35.23,35.27,35.31,35.08,35.26,35.3,35.16,5177,1.82,101,4351.0, 84.04,2026-06-09
DIVINEHIRA, ST, 09-Jun-2026,320.0,326.0,326.0,318.0,323.5,323.5,323.0,1600,5.17,4,1200.0, 75.00,2026-06-09
DIVISLAB, EQ, 09-Jun-2026,6521.0,6535.0,6790.0,6535.0,6757.0,6753.0,6727.04,912179,61362.67,80814,519574.0, 56.96,2026-06-09
DIVOPPBEES, EQ, 09-Jun-2026,76.08,77.55,77.55,75.0,77.23,76.55,76.23,29633,22.59,782,16799.0, 56.69,2026-06-09
DIVYADHAN, ST, 09-Jun-2026,33.75,35.4,35.4,35.0,35.0,35.35,35.38,58000,20.52,22,56000.0, 96.55,2026-06-09
DIXON, EQ, 09-Jun-2026,11392.0,11450.0,11660.0,11403.0,11616.0,11611.0,11563.0,298170,34477.39,45419,79328.0, 26.60,2026-06-09
DJML, EQ, 09-Jun-2026,107.0,107.0,109.9,106.3,108.0,107.25,107.73,434654,468.26,4049,69115.0, 15.90,2026-06-09
DLF, EQ, 09-Jun-2026,561.3,564.0,577.1,563.0,574.6,575.15,571.26,2432848,13897.78,27823,966563.0, 39.73,2026-06-09
DLINKINDIA, EQ, 09-Jun-2026,490.1,492.1,498.6,489.0,493.0,493.25,493.74,148379,732.61,4934,69442.0, 46.80,2026-06-09
DMART, EQ, 09-Jun-2026,4063.3,4092.0,4150.0,4070.0,4078.4,4092.0,4101.59,336805,13814.37,35868,168445.0, 50.01,2026-06-09
DMCC, EQ, 09-Jun-2026,245.5,245.0,252.3,244.1,249.95,248.3,246.94,18305,45.2,794,10134.0, 55.36,2026-06-09
DNAMEDIA, EQ, 09-Jun-2026,2.82,2.8,2.96,2.8,2.95,2.9,2.9,37258,1.08,135,12412.0, 33.31,2026-06-09
DODLA, EQ, 09-Jun-2026,1077.8,1077.8,1087.8,1068.1,1080.3,1080.3,1079.9,24325,262.69,3106,16101.0, 66.19,2026-06-09
DOLATALGO, EQ, 09-Jun-2026,72.26,72.45,75.25,72.11,73.31,73.78,73.7,179257,132.11,1955,75458.0, 42.09,2026-06-09
DOLLAR, EQ, 09-Jun-2026,245.9,247.9,247.9,243.3,246.1,246.4,245.97,159773,392.99,4270,97301.0, 60.90,2026-06-09
DOLLEX, SM, 09-Jun-2026,31.6,31.95,31.95,29.85,29.85,30.2,30.46,32000,9.75,8,20000.0, 62.50,2026-06-09
DOLPHIN, EQ, 09-Jun-2026,391.55,390.0,396.3,388.25,390.0,391.55,392.1,2506,9.83,336,1695.0, 67.64,2026-06-09
DOMS, EQ, 09-Jun-2026,2086.3,2100.0,2108.7,2086.3,2090.0,2090.8,2092.48,22096,462.36,3912,11249.0, 50.91,2026-06-09
DONEAR, EQ, 09-Jun-2026,89.32,90.51,91.0,88.6,90.9,89.44,89.76,26748,24.01,1733,6876.0, 25.71,2026-06-09
DPABHUSHAN, EQ, 09-Jun-2026,908.35,914.85,924.95,895.95,901.4,900.1,904.56,11244,101.71,1265,5830.0, 51.85,2026-06-09
DPEL, SM, 09-Jun-2026,494.0,495.0,495.0,491.0,495.0,493.0,493.48,9500,46.88,18,5500.0, 57.89,2026-06-09
DPSCLTD, BE, 09-Jun-2026,7.64,7.89,7.89,7.44,7.6,7.58,7.63,193920,14.8,1221,, -,2026-06-09
DPWIRES, EQ, 09-Jun-2026,176.17,175.0,181.0,175.0,178.57,177.54,178.45,8828,15.75,422,4275.0, 48.43,2026-06-09
DRAGARWQ, EQ, 09-Jun-2026,4990.0,5078.8,5090.0,4963.6,4977.0,4989.7,5010.03,956,47.9,521,461.0, 48.22,2026-06-09
DRCSYSTEMS, EQ, 09-Jun-2026,14.27,14.88,14.88,14.05,14.2,14.08,14.23,50574,7.2,247,35001.0, 69.21,2026-06-09
DREAMFOLKS, EQ, 09-Jun-2026,72.29,72.72,73.22,67.88,69.9,69.65,69.53,245658,170.81,4444,140134.0, 57.04,2026-06-09
DREDGECORP, EQ, 09-Jun-2026,1111.3,1124.8,1195.2,1122.1,1149.0,1140.4,1140.45,372242,4245.25,14871,120728.0, 32.43,2026-06-09
DRONE, ST, 09-Jun-2026,39.8,41.0,41.75,39.25,41.55,41.55,41.21,75000,30.91,121,72000.0, 96.00,2026-06-09
DRREDDY, EQ, 09-Jun-2026,1275.6,1277.0,1287.6,1261.4,1270.3,1268.5,1271.8,871896,11088.77,32788,522339.0, 59.91,2026-06-09
DRSDILIP, SM, 09-Jun-2026,113.55,110.0,110.0,110.0,110.0,110.0,110.0,800,0.88,1,800.0, 100.00,2026-06-09
DSFCL, EQ, 09-Jun-2026,24.07,24.89,24.89,23.6,24.25,23.92,24.05,63704,15.32,536,57892.0, 90.88,2026-06-09
DSSL, EQ, 09-Jun-2026,1247.0,1260.0,1309.3,1260.0,1309.3,1309.3,1300.84,39546,514.43,1350,24213.0, 61.23,2026-06-09
DTIL, EQ, 09-Jun-2026,130.32,132.1,134.84,130.0,132.7,133.3,132.68,2096,2.78,64,1737.0, 82.87,2026-06-09
DUCOL, SM, 09-Jun-2026,114.4,115.0,119.4,114.0,114.0,114.0,115.48,15200,17.55,15,15200.0, 100.00,2026-06-09
DUCON, BE, 09-Jun-2026,3.33,3.37,3.49,3.25,3.49,3.49,3.47,270338,9.38,211,, -,2026-06-09
DUGLOBAL, ST, 09-Jun-2026,33.1,31.45,31.45,31.45,31.45,31.45,31.45,5000,1.57,2,5000.0, 100.00,2026-06-09
DURLAX, ST, 09-Jun-2026,53.35,53.5,53.5,53.3,53.5,53.5,53.47,14000,7.49,3,14000.0, 100.00,2026-06-09
DVL, EQ, 09-Jun-2026,236.64,237.93,239.78,228.1,235.0,234.81,233.57,19119,44.66,548,13092.0, 68.48,2026-06-09
DWARKESH, EQ, 09-Jun-2026,45.76,45.58,45.99,44.75,45.34,45.44,45.31,986765,447.12,4331,385638.0, 39.08,2026-06-09
DYCL, EQ, 09-Jun-2026,313.0,315.05,321.85,314.0,317.1,317.2,317.32,128765,408.59,3546,55987.0, 43.48,2026-06-09
DYNAMATECH, EQ, 09-Jun-2026,10174.0,10225.0,10356.0,10021.0,10168.0,10138.0,10179.12,12074,1229.03,4485,4879.0, 40.41,2026-06-09
DYNAMIC, SM, 09-Jun-2026,149.2,145.0,145.0,144.0,144.0,144.0,144.04,20000,28.81,10,19000.0, 95.00,2026-06-09
DYNPRO, EQ, 09-Jun-2026,245.0,246.1,249.95,246.1,249.95,249.05,247.78,4635,11.48,171,2951.0, 63.67,2026-06-09
E2E, EQ, 09-Jun-2026,430.3,408.8,425.9,408.8,408.8,408.8,413.19,3491521,14426.46,24749,1613232.0, 46.20,2026-06-09
E2ERAIL, ST, 09-Jun-2026,281.8,282.0,282.0,269.05,276.0,278.9,278.1,6400,17.8,8,6400.0, 100.00,2026-06-09
EASEMYTRIP, EQ, 09-Jun-2026,6.7,6.76,8.02,6.71,7.97,7.87,7.6,181809082,13825.51,31734,51863101.0, 28.53,2026-06-09
EASTSILK, BE, 09-Jun-2026,53.99,55.07,55.07,52.0,53.7,53.7,52.6,448,0.24,30,, -,2026-06-09
EBANKNIFTY, EQ, 09-Jun-2026,54.35,54.62,55.55,54.61,55.55,55.52,55.28,5190,2.87,35,5186.0, 99.92,2026-06-09
EBBETF0430, EQ, 09-Jun-2026,1586.01,1592.8,1592.8,1571.96,1585.5,1586.65,1586.51,22863,362.72,534,20193.0, 88.32,2026-06-09
EBBETF0431, EQ, 09-Jun-2026,1407.14,1408.56,1415.5,1408.56,1412.0,1414.13,1412.73,6312,89.17,170,4712.0, 74.65,2026-06-09
EBBETF0433, EQ, 09-Jun-2026,1280.98,1284.82,1285.0,1282.71,1285.0,1283.95,1283.93,1812,23.26,75,1668.0, 92.05,2026-06-09
EBGNG, EQ, 09-Jun-2026,399.85,399.85,412.0,399.85,410.5,411.1,406.46,105344,428.18,3875,48630.0, 46.16,2026-06-09
ECAPINSURE, EQ, 09-Jun-2026,23.21,23.49,23.68,23.31,23.68,23.42,23.42,23905,5.6,182,14814.0, 61.97,2026-06-09
ECLERX, EQ, 09-Jun-2026,1384.8,1384.8,1421.8,1362.0,1413.1,1415.1,1397.41,241360,3372.8,26850,99441.0, 41.20,2026-06-09
ECOLINE, SM, 09-Jun-2026,180.05,181.95,185.5,177.0,177.6,178.45,181.73,42000,76.32,39,23000.0, 54.76,2026-06-09
ECOSMOBLTY, BE, 09-Jun-2026,125.44,127.0,128.3,122.5,125.55,126.14,125.41,42704,53.55,862,, -,2026-06-09
EDELWEISS, EQ, 09-Jun-2026,107.62,109.12,110.19,108.24,109.85,109.66,109.5,3965050,4341.9,27380,1923233.0, 48.50,2026-06-09
EEPL, SM, 09-Jun-2026,96.8,99.0,99.0,98.55,98.55,98.55,98.78,2000,1.98,2,2000.0, 100.00,2026-06-09
EFACTOR, SM, 09-Jun-2026,176.5,180.0,185.0,174.0,185.0,185.0,178.48,50800,90.67,30,48400.0, 95.28,2026-06-09
EFCIL, EQ, 09-Jun-2026,186.96,189.44,192.95,184.81,186.0,186.42,187.1,594840,1112.97,4783,281256.0, 47.28,2026-06-09
EFFWA, ST, 09-Jun-2026,310.25,319.75,324.1,295.0,321.95,316.3,311.85,48000,149.69,97,46000.0, 95.83,2026-06-09
EGOLD, EQ, 09-Jun-2026,150.4,151.8,152.45,150.8,150.8,151.3,151.54,22696,34.39,325,8259.0, 36.39,2026-06-09
EICHERMOT, EQ, 09-Jun-2026,7050.0,7137.5,7299.0,7050.0,7185.0,7203.0,7200.35,547103,39393.36,68395,246367.0, 45.03,2026-06-09
EIDPARRY, EQ, 09-Jun-2026,721.2,721.9,745.0,715.6,738.5,735.9,726.93,1476987,10736.59,27971,1175152.0, 79.56,2026-06-09
EIEL, EQ, 09-Jun-2026,180.48,180.41,185.89,180.41,185.0,184.55,184.18,831529,1531.54,9242,228088.0, 27.43,2026-06-09
EIFFL, EQ, 09-Jun-2026,229.08,229.9,233.5,227.64,228.2,229.03,229.0,18206,41.69,372,14477.0, 79.52,2026-06-09
EIHAHOTELS, EQ, 09-Jun-2026,296.1,299.0,301.5,291.1,297.5,299.25,297.27,17546,52.16,917,10286.0, 58.62,2026-06-09
EIHOTEL, EQ, 09-Jun-2026,285.55,287.6,292.0,285.1,291.0,291.15,288.34,141318,407.47,5999,76311.0, 54.00,2026-06-09
EIMCOELECO, EQ, 09-Jun-2026,1547.4,1555.7,1610.0,1543.5,1570.0,1566.5,1569.12,46550,730.42,2170,33193.0, 71.31,2026-06-09
EKC, EQ, 09-Jun-2026,108.36,108.5,109.99,105.9,109.5,107.44,107.42,277405,297.98,2880,172368.0, 62.14,2026-06-09
ELANTAS, EQ, 09-Jun-2026,9644.5,9760.0,9841.0,9532.0,9720.0,9652.5,9768.84,414,40.44,333,45.0, 10.87,2026-06-09
ELCIDIN, EQ, 09-Jun-2026,116470.0,115305.0,117775.0,115305.0,117495.0,117495.0,116701.36,11,12.84,9,8.0, 72.73,2026-06-09
ELDEHSG, EQ, 09-Jun-2026,768.6,768.6,819.8,768.6,814.95,810.7,806.96,925,7.46,91,646.0, 69.84,2026-06-09
ELECON, EQ, 09-Jun-2026,521.1,524.6,541.0,522.0,532.0,532.85,534.25,726820,3883.06,26508,255348.0, 35.13,2026-06-09
ELECTCAST, EQ, 09-Jun-2026,71.94,72.0,74.36,72.0,73.21,73.24,73.26,1958681,1435.02,14896,874939.0, 44.67,2026-06-09
ELECTHERM, EQ, 09-Jun-2026,886.45,874.05,1063.7,870.0,1028.0,1018.85,1029.83,258161,2658.61,7933,80733.0, 31.27,2026-06-09
ELGIEQUIP, EQ, 09-Jun-2026,597.05,595.55,608.15,594.1,604.0,604.7,603.37,274437,1655.88,19598,158949.0, 57.92,2026-06-09
ELGIRUBCO, EQ, 09-Jun-2026,44.88,45.88,46.2,44.1,45.1,45.12,45.37,66641,30.24,1377,33478.0, 50.24,2026-06-09
ELGNZ, SM, 09-Jun-2026,78.15,79.0,79.0,73.0,74.0,73.8,74.86,53000,39.68,40,43000.0, 81.13,2026-06-09
ELIN, EQ, 09-Jun-2026,105.26,105.26,109.0,105.26,107.8,107.38,107.17,97368,104.35,2002,56217.0, 57.74,2026-06-09
ELIQUID, EQ, 09-Jun-2026,1034.11,1034.26,1034.26,1034.24,1034.26,1034.25,1034.26,12852,132.92,8,11900.0, 92.59,2026-06-09
ELITECON, EQ, 09-Jun-2026,26.79,27.27,27.5,26.04,27.15,27.01,26.98,1920168,518.07,4767,1309253.0, 68.18,2026-06-09
ELLEN, EQ, 09-Jun-2026,261.65,264.8,275.0,262.0,270.0,268.85,269.69,349884,943.6,5979,115114.0, 32.90,2026-06-09
ELM250, EQ, 09-Jun-2026,15.89,15.89,16.07,15.88,15.92,15.93,15.93,3152034,502.12,125,3144346.0, 99.76,2026-06-09
ELPROINTL, EQ, 09-Jun-2026,166.77,167.4,167.51,166.0,167.15,166.77,166.73,37893,63.18,348,32702.0, 86.30,2026-06-09
EMAMILTD, EQ, 09-Jun-2026,385.0,385.0,394.95,382.65,393.0,390.9,387.24,334514,1295.36,21312,164508.0, 49.18,2026-06-09
EMAMIPAP, EQ, 09-Jun-2026,84.8,84.36,86.18,84.22,84.95,85.53,85.45,15963,13.64,260,11029.0, 69.09,2026-06-09
EMAMIREAL, BE, 09-Jun-2026,83.92,85.58,85.58,83.95,84.15,84.15,85.42,68486,58.5,25,, -,2026-06-09
EMAPARTNER, SM, 09-Jun-2026,86.3,83.05,85.0,83.05,85.0,85.0,83.93,8000,6.71,8,5000.0, 62.50,2026-06-09
EMBASSY, RR, 09-Jun-2026,426.11,427.5,430.5,426.26,429.99,429.94,429.35,225588,968.56,8042,197853.0, 87.71,2026-06-09
EMBDL, EQ, 09-Jun-2026,57.16,56.51,61.65,56.51,60.94,60.9,59.38,2986962,1773.58,10997,1312104.0, 43.93,2026-06-09
EMCURE, EQ, 09-Jun-2026,1719.6,1750.0,1794.8,1735.4,1743.0,1744.6,1765.42,329696,5820.51,26415,72819.0, 22.09,2026-06-09
EMIL, EQ, 09-Jun-2026,107.52,108.95,108.95,106.0,106.0,106.67,106.92,350225,374.44,4936,159189.0, 45.45,2026-06-09
EMKAY, EQ, 09-Jun-2026,277.86,276.71,286.76,274.21,280.45,283.74,282.57,66944,189.16,1361,31186.0, 46.59,2026-06-09
EMKAYTOOLS, SM, 09-Jun-2026,95.2,93.6,97.0,93.0,93.0,93.3,93.92,2700,2.54,14,1800.0, 66.67,2026-06-09
EMMBI, EQ, 09-Jun-2026,83.24,84.85,85.81,83.96,85.35,84.8,84.71,7194,6.09,98,4987.0, 69.32,2026-06-09
EMMIL, SM, 09-Jun-2026,126.3,126.25,127.5,123.0,126.0,126.0,126.04,4500,5.67,13,4250.0, 94.44,2026-06-09
EMMVEE, EQ, 09-Jun-2026,330.05,335.0,343.5,326.55,334.25,335.2,333.85,3598619,12013.87,40567,1179089.0, 32.77,2026-06-09
EMPOWER, BE, 09-Jun-2026,2.06,2.02,2.02,2.02,2.02,2.02,2.02,361973,7.31,263,, -,2026-06-09
EMSLIMITED, EQ, 09-Jun-2026,320.95,325.7,326.2,313.05,314.65,316.0,320.62,463695,1486.68,10673,77223.0, 16.65,2026-06-09
EMUDHRA, EQ, 09-Jun-2026,465.35,467.8,487.0,464.65,487.0,483.35,477.51,47941,228.92,2158,29726.0, 62.01,2026-06-09
EMULTIMQ, EQ, 09-Jun-2026,41.23,41.74,42.37,41.31,41.86,41.85,41.53,5056,2.1,84,3288.0, 65.03,2026-06-09
ENCOMPAS, SM, 09-Jun-2026,224.0,226.15,229.0,216.0,216.0,219.8,222.34,5600,12.45,13,2800.0, 50.00,2026-06-09
ENDURANCE, EQ, 09-Jun-2026,2513.5,2501.0,2535.9,2485.0,2521.1,2518.0,2517.79,148017,3726.75,14412,110936.0, 74.95,2026-06-09
ENERGY, EQ, 09-Jun-2026,39.79,39.8,40.2,39.72,39.97,39.96,39.86,197166,78.6,1015,122231.0, 61.99,2026-06-09
ENERGYDEV, EQ, 09-Jun-2026,16.64,17.2,17.89,16.3,16.72,16.69,16.8,84876,14.26,530,31711.0, 37.36,2026-06-09
ENEXT50, EQ, 09-Jun-2026,69.29,69.87,70.06,69.39,69.74,69.74,69.75,857,0.6,9,530.0, 61.84,2026-06-09
ENFUSE, SM, 09-Jun-2026,170.0,174.95,182.0,160.0,160.0,160.5,169.2,11400,19.29,17,4800.0, 42.11,2026-06-09
ENGINERSIN, EQ, 09-Jun-2026,239.37,241.1,242.37,236.38,238.5,239.37,239.0,1954446,4671.05,25995,702123.0, 35.92,2026-06-09
ENIFTY, EQ, 09-Jun-2026,23.18,23.75,23.75,23.14,23.3,23.29,23.22,590967,137.25,95,472880.0, 80.02,2026-06-09
ENIL, EQ, 09-Jun-2026,115.68,117.99,117.99,113.01,115.0,115.12,114.58,8855,10.15,303,5593.0, 63.16,2026-06-09
ENRIN, EQ, 09-Jun-2026,3501.0,3501.0,3577.7,3501.0,3557.0,3547.5,3543.94,231456,8202.67,27950,96279.0, 41.60,2026-06-09
ENSER, ST, 09-Jun-2026,14.9,14.2,14.5,14.2,14.5,14.5,14.35,10000,1.44,2,10000.0, 100.00,2026-06-09
ENTERO, EQ, 09-Jun-2026,1119.1,1135.9,1166.0,1122.1,1155.0,1147.3,1145.36,91744,1050.8,5058,48111.0, 52.44,2026-06-09
ENVIRO, SM, 09-Jun-2026,77.0,77.2,79.0,75.0,78.6,78.6,76.83,23000,17.67,22,19000.0, 82.61,2026-06-09
EPACK, EQ, 09-Jun-2026,223.7,225.5,227.38,223.87,226.1,226.54,225.46,287402,647.98,3896,87791.0, 30.55,2026-06-09
EPACKPEB, EQ, 09-Jun-2026,200.61,201.0,212.55,200.07,211.5,211.62,208.03,889949,1851.38,11516,330512.0, 37.14,2026-06-09
EPIGRAL, EQ, 09-Jun-2026,1118.0,1134.8,1156.4,1120.0,1147.0,1149.7,1135.77,21762,247.17,1944,10745.0, 49.38,2026-06-09
EPL, EQ, 09-Jun-2026,208.34,209.0,217.89,208.0,216.74,216.69,213.57,475511,1015.53,10720,208332.0, 43.81,2026-06-09
EPWINDIA, ST, 09-Jun-2026,144.0,145.0,151.2,136.8,144.0,144.0,143.83,25200,36.24,20,14400.0, 57.14,2026-06-09
EQUAL200, EQ, 09-Jun-2026,13.1,13.22,13.29,13.2,13.24,13.25,13.24,3165,0.42,38,2336.0, 73.81,2026-06-09
EQUAL50, EQ, 09-Jun-2026,319.57,321.07,321.62,320.23,320.43,320.43,320.69,335,1.07,10,235.0, 70.15,2026-06-09
EQUAL50ADD, EQ, 09-Jun-2026,329.59,330.72,332.26,330.05,332.12,331.81,330.87,9115,30.16,272,7253.0, 79.57,2026-06-09
EQUIPPP, BE, 09-Jun-2026,16.64,16.21,17.39,16.01,17.39,17.15,16.45,7431,1.22,44,, -,2026-06-09
EQUITASBNK, EQ, 09-Jun-2026,74.83,75.2,76.93,74.67,74.98,74.98,75.69,7486921,5666.78,39659,3582366.0, 47.85,2026-06-09
ERIS, EQ, 09-Jun-2026,1365.1,1370.0,1380.8,1362.0,1371.0,1373.7,1369.04,41351,566.11,6547,25704.0, 62.16,2026-06-09
ESABINDIA, EQ, 09-Jun-2026,5748.5,5787.0,5838.0,5676.5,5701.0,5715.0,5721.83,3946,225.78,1385,2129.0, 53.95,2026-06-09
ESAFSFB, EQ, 09-Jun-2026,27.47,27.6,27.95,27.3,27.42,27.45,27.51,357798,98.44,1237,266804.0, 74.57,2026-06-09
ESCONET, ST, 09-Jun-2026,119.0,119.0,119.0,115.05,115.6,115.6,116.97,10400,12.16,22,10400.0, 100.00,2026-06-09
ESCORTS, EQ, 09-Jun-2026,2798.7,2803.0,2832.4,2761.0,2776.1,2789.9,2795.35,97353,2721.36,14289,48772.0, 50.10,2026-06-09
ESENSEX, EQ, 09-Jun-2026,73.93,73.93,73.93,73.8,73.8,73.8,73.87,2,0.0,2,2.0, 100.00,2026-06-09
ESFL, ST, 09-Jun-2026,123.45,121.0,123.35,119.0,121.45,120.9,120.16,10080,12.11,17,9360.0, 92.86,2026-06-09
ESG, EQ, 09-Jun-2026,39.55,40.53,40.53,39.5,39.8,39.78,39.68,9166,3.64,230,5697.0, 62.15,2026-06-09
ESILVER, EQ, 09-Jun-2026,238.2,240.8,243.24,240.03,242.0,241.85,241.63,13934,33.67,1942,4196.0, 30.11,2026-06-09
ESPRIT, SM, 09-Jun-2026,70.0,69.5,69.9,65.95,66.0,66.0,66.72,54400,36.29,20,36800.0, 67.65,2026-06-09
ESSARSHPNG, EQ, 09-Jun-2026,22.61,22.61,23.27,22.52,22.9,23.05,22.84,122627,28.01,665,68957.0, 56.23,2026-06-09
ESSENTIA, BE, 09-Jun-2026,1.67,1.67,1.73,1.65,1.73,1.69,1.68,6179136,104.03,1404,, -,2026-06-09
ESTER, EQ, 09-Jun-2026,88.56,89.4,90.0,87.79,88.7,88.42,89.05,85074,75.76,1298,51222.0, 60.21,2026-06-09
ETERNAL, EQ, 09-Jun-2026,248.3,250.9,251.9,243.45,245.45,245.65,245.84,33327569,81932.2,166668,18808090.0, 56.43,2026-06-09
ETHOSLTD, EQ, 09-Jun-2026,2351.1,2381.0,2454.8,2362.9,2421.0,2416.7,2415.5,14845,358.58,2548,7150.0, 48.16,2026-06-09
ETML, SM, 09-Jun-2026,77.35,80.8,82.3,79.0,82.2,82.2,79.36,176400,139.99,32,139200.0, 78.91,2026-06-09
EUREKAFORB, EQ, 09-Jun-2026,434.85,435.05,442.45,434.2,436.55,439.55,438.82,111582,489.64,3926,67344.0, 60.35,2026-06-09
EUROBOND, EQ, 09-Jun-2026,172.49,178.5,182.99,172.5,175.0,176.46,176.44,7874,13.89,335,4985.0, 63.31,2026-06-09
EUROPRATIK, EQ, 09-Jun-2026,250.8,248.35,267.55,248.35,263.1,263.65,264.54,278616,737.04,5307,112360.0, 40.33,2026-06-09
EUROTEXIND, EQ, 09-Jun-2026,15.52,18.6,18.62,15.23,18.62,18.62,18.11,39877,7.22,191,24264.0, 60.85,2026-06-09
EVEREADY, EQ, 09-Jun-2026,322.35,323.1,325.9,317.45,320.95,320.9,320.73,124365,398.88,3537,67686.0, 54.43,2026-06-09
EVERESTIND, EQ, 09-Jun-2026,346.55,357.45,357.65,338.5,345.2,347.4,344.31,9026,31.08,457,5874.0, 65.08,2026-06-09
EVIETF, EQ, 09-Jun-2026,30.19,30.47,30.67,30.22,30.55,30.59,30.44,143321,43.63,402,69500.0, 48.49,2026-06-09
EVINDIA, EQ, 09-Jun-2026,30.15,30.15,30.8,29.55,30.65,30.59,30.44,145348,44.24,2390,85160.0, 58.59,2026-06-09
EXCELINDUS, EQ, 09-Jun-2026,904.95,909.2,917.95,904.65,907.85,909.65,910.86,3677,33.49,375,2115.0, 57.52,2026-06-09
EXCELLENT, ST, 09-Jun-2026,177.3,176.0,180.0,176.0,180.0,180.0,178.86,33600,60.1,14,30400.0, 90.48,2026-06-09
EXCELSOFT, EQ, 09-Jun-2026,83.82,84.49,85.74,82.3,83.3,82.99,83.43,568553,474.35,3988,349043.0, 61.39,2026-06-09
EXICOM, EQ, 09-Jun-2026,150.53,150.51,151.13,144.11,146.9,147.37,147.93,12706226,18796.29,75394,1344224.0, 10.58,2026-06-09
EXIDEIND, EQ, 09-Jun-2026,385.9,387.8,394.0,387.8,392.4,392.95,391.16,1250072,4889.83,21815,500541.0, 40.04,2026-06-09
EXIMROUTES, SM, 09-Jun-2026,115.0,115.0,117.2,111.2,111.2,111.2,115.13,3200,3.68,4,3200.0, 100.00,2026-06-09
EXPLEOSOL, EQ, 09-Jun-2026,826.05,827.0,839.0,809.0,830.0,823.95,821.52,28962,237.93,1784,15837.0, 54.68,2026-06-09
EXXARO, EQ, 09-Jun-2026,6.53,6.63,6.69,6.55,6.63,6.59,6.61,87937,5.81,208,72211.0, 82.12,2026-06-09
FABTECH, EQ, 09-Jun-2026,146.78,148.98,148.98,143.91,144.5,145.02,145.23,102126,148.32,2034,52380.0, 51.29,2026-06-09
FACT, EQ, 09-Jun-2026,866.35,870.0,879.9,867.0,872.0,876.05,873.33,77478,676.64,4361,25630.0, 33.08,2026-06-09
FAIRCHEMOR, EQ, 09-Jun-2026,595.05,590.3,607.85,585.0,589.0,588.1,589.1,7397,43.58,633,5019.0, 67.85,2026-06-09
FALCONTECH, SM, 09-Jun-2026,13.35,13.0,13.45,12.9,13.45,13.45,13.18,10800,1.42,9,6000.0, 55.56,2026-06-09
FAZE3Q, EQ, 09-Jun-2026,545.3,556.9,556.9,541.0,548.9,547.8,547.88,6820,37.37,413,4146.0, 60.79,2026-06-09
FCL, EQ, 09-Jun-2026,38.14,39.0,40.2,38.5,39.9,39.86,39.44,15127722,5966.28,27132,3670349.0, 24.26,2026-06-09
FCSSOFT, BE, 09-Jun-2026,1.77,1.74,1.74,1.74,1.74,1.74,1.74,366151,6.37,349,, -,2026-06-09
FDC, EQ, 09-Jun-2026,381.25,383.15,397.7,383.0,394.0,393.5,392.21,281725,1104.94,14617,143003.0, 50.76,2026-06-09
FEDDERSHOL, EQ, 09-Jun-2026,34.69,35.21,35.43,34.3,35.05,34.75,34.7,625939,217.21,932,512172.0, 81.82,2026-06-09
FEDERALBNK, EQ, 09-Jun-2026,304.6,306.7,315.9,306.35,315.7,315.1,312.3,14386417,44929.38,85762,6730233.0, 46.78,2026-06-09
FEDFINA, EQ, 09-Jun-2026,153.4,153.51,157.5,153.51,156.9,155.99,155.78,371890,579.34,8272,177628.0, 47.76,2026-06-09
FEL, BZ, 09-Jun-2026,0.43,0.43,0.44,0.43,0.44,0.43,0.43,86220,0.37,70,, -,2026-06-09
FELDVR, BZ, 09-Jun-2026,2.6,2.62,2.73,2.48,2.6,2.58,2.51,2700,0.07,19,, -,2026-06-09
FELIX, SM, 09-Jun-2026,188.3,188.3,194.0,186.0,190.05,190.75,190.27,34000,64.69,63,17000.0, 50.00,2026-06-09
FERMENTA, EQ, 09-Jun-2026,343.85,349.0,350.0,331.5,342.6,341.5,339.08,96613,327.59,2685,63415.0, 65.64,2026-06-09
FIBERWEB, EQ, 09-Jun-2026,28.18,28.5,28.5,27.7,28.0,28.0,28.05,11485,3.22,120,10342.0, 90.05,2026-06-09
FIDEL, SM, 09-Jun-2026,151.0,150.0,162.5,150.0,162.5,162.5,156.67,10000,15.67,8,9000.0, 90.00,2026-06-09
FIEMIND, EQ, 09-Jun-2026,2277.9,2284.4,2308.5,2272.5,2294.5,2297.8,2293.53,31816,729.71,6341,19445.0, 61.12,2026-06-09
FILATEX, EQ, 09-Jun-2026,52.48,52.55,53.55,51.53,52.57,52.38,52.44,1660734,870.89,9394,769763.0, 46.35,2026-06-09
FILATFASH, BE, 09-Jun-2026,0.19,0.19,0.2,0.18,0.2,0.2,0.19,54669436,104.3,2670,, -,2026-06-09
FINBUD, SM, 09-Jun-2026,122.5,123.5,127.0,122.5,124.0,125.0,123.84,32000,39.63,28,27000.0, 84.38,2026-06-09
FINCABLES, EQ, 09-Jun-2026,1019.6,1022.9,1046.7,1018.9,1030.7,1032.1,1034.65,413389,4277.13,24455,214954.0, 52.00,2026-06-09
FINEORG, EQ, 09-Jun-2026,4692.9,4726.0,4750.0,4667.2,4746.9,4737.4,4721.16,6595,311.36,1855,2809.0, 42.59,2026-06-09
FINIETF, EQ, 09-Jun-2026,30.29,31.04,31.04,30.25,30.87,30.74,30.67,798158,244.8,1198,577275.0, 72.33,2026-06-09
FINKURVE, EQ, 09-Jun-2026,61.72,63.9,65.09,61.2,62.3,62.33,62.67,7290,4.57,281,4290.0, 58.85,2026-06-09
FINOPB, EQ, 09-Jun-2026,127.73,130.44,141.8,129.02,139.1,139.88,138.11,3993043,5514.74,33052,440791.0, 11.04,2026-06-09
FINPIPE, EQ, 09-Jun-2026,168.9,168.94,173.85,168.94,173.85,173.03,172.26,422857,728.41,10464,204986.0, 48.48,2026-06-09
FIRSTCRY, EQ, 09-Jun-2026,218.65,221.7,225.8,218.01,220.0,219.17,220.94,1242268,2744.64,24738,463734.0, 37.33,2026-06-09
FISCHER, EQ, 09-Jun-2026,32.31,32.99,32.99,31.05,31.3,31.21,31.76,1163141,369.41,2759,433843.0, 37.30,2026-06-09
FIVESTAR, EQ, 09-Jun-2026,421.1,422.55,448.0,422.2,429.7,430.95,432.27,2277452,9844.7,60557,460731.0, 20.23,2026-06-09
FLAIR, EQ, 09-Jun-2026,285.05,289.5,291.5,285.0,289.5,289.8,287.61,48254,138.78,1031,23071.0, 47.81,2026-06-09
FLEXIADD, EQ, 09-Jun-2026,9.56,9.61,9.63,9.53,9.59,9.6,9.55,201798,19.27,277,157184.0, 77.89,2026-06-09
FLEXITUFF, EQ, 09-Jun-2026,6.83,6.86,7.1,6.86,7.0,6.99,6.9,2325,0.16,30,2254.0, 96.95,2026-06-09
FLFL, BZ, 09-Jun-2026,1.36,1.37,1.38,1.32,1.38,1.34,1.35,28811,0.39,42,, -,2026-06-09
FLUOROCHEM, EQ, 09-Jun-2026,3492.6,3492.6,3633.9,3451.2,3629.0,3578.8,3547.52,66342,2353.49,8506,34640.0, 52.21,2026-06-09
FLYSBS, SM, 09-Jun-2026,400.65,401.0,408.45,400.0,407.0,406.55,403.4,20200,81.49,91,13200.0, 65.35,2026-06-09
FMCGADD, EQ, 09-Jun-2026,48.05,48.37,48.6,48.2,48.4,48.4,48.41,10589,5.13,29,9869.0, 93.20,2026-06-09
FMCGIETF, EQ, 09-Jun-2026,51.47,51.47,51.99,51.47,51.8,51.85,51.68,360062,186.08,2182,176182.0, 48.93,2026-06-09
FMGOETZE, EQ, 09-Jun-2026,421.15,425.0,431.9,419.75,426.0,421.6,424.03,32283,136.89,1210,19469.0, 60.31,2026-06-09
FMNL, BE, 09-Jun-2026,10.22,10.68,10.68,10.01,10.38,10.3,10.09,23270,2.35,57,, -,2026-06-09
FOCUS, EQ, 09-Jun-2026,92.52,94.45,95.49,92.29,94.12,93.28,94.08,61642,57.99,1319,33416.0, 54.21,2026-06-09
FOODSIN, EQ, 09-Jun-2026,54.97,56.35,56.35,54.11,55.15,55.33,55.08,42551,23.44,1491,19416.0, 45.63,2026-06-09
FORCAS, SM, 09-Jun-2026,102.7,103.0,103.0,99.0,99.0,99.2,100.62,48000,48.3,25,43200.0, 90.00,2026-06-09
FORCEMOT, EQ, 09-Jun-2026,17286.0,17420.0,17800.0,17210.0,17785.0,17643.0,17446.79,108726,18969.2,31581,32603.0, 29.99,2026-06-09
FORTIS, EQ, 09-Jun-2026,989.1,995.0,996.25,983.1,986.4,989.75,990.94,1649601,16346.59,38177,772372.0, 46.82,2026-06-09
FOSECOIND, EQ, 09-Jun-2026,4728.0,4738.4,4804.5,4710.5,4726.0,4728.5,4735.74,2812,133.17,563,1767.0, 62.84,2026-06-09
FRACTAL, EQ, 09-Jun-2026,943.9,948.7,995.6,946.1,974.9,982.8,968.25,493269,4776.06,22778,217180.0, 44.03,2026-06-09
FRESHARA, SM, 09-Jun-2026,217.75,218.1,232.0,218.0,230.0,228.85,227.32,70200,159.58,84,52800.0, 75.21,2026-06-09
FROG, ST, 09-Jun-2026,169.8,174.95,175.8,166.0,167.1,166.35,170.26,25600,43.59,47,23200.0, 90.63,2026-06-09
FRONTSP, EQ, 09-Jun-2026,1449.2,1468.0,1522.5,1468.0,1482.0,1484.3,1492.29,13794,205.85,1762,6843.0, 49.61,2026-06-09
FSL, EQ, 09-Jun-2026,252.0,253.05,254.85,248.2,251.9,251.0,251.18,1313527,3299.27,28040,437184.0, 33.28,2026-06-09
FUSION, EQ, 09-Jun-2026,164.79,165.61,169.42,164.1,166.5,167.96,166.81,557437,929.85,7706,334226.0, 59.96,2026-06-09
FWSTC, SM, 09-Jun-2026,164.25,164.0,164.95,158.4,164.95,164.95,161.84,2400,3.88,4,1200.0, 50.00,2026-06-09
GABRIEL, EQ, 09-Jun-2026,981.0,1005.0,1061.9,990.4,1053.0,1054.3,1034.65,863773,8937.02,51577,216345.0, 25.05,2026-06-09
GAEL, EQ, 09-Jun-2026,158.55,159.55,161.2,157.04,160.5,160.27,159.09,712399,1133.36,14532,332948.0, 46.74,2026-06-09
GAIL, EQ, 09-Jun-2026,168.6,169.0,169.14,165.56,167.62,167.59,167.23,5976753,9995.03,43779,3008054.0, 50.33,2026-06-09
GALAPREC, EQ, 09-Jun-2026,872.95,875.25,909.1,875.25,898.3,903.7,894.65,14186,126.92,1231,7721.0, 54.43,2026-06-09
GALAXYSURF, EQ, 09-Jun-2026,1733.9,1721.0,1743.2,1712.6,1717.2,1730.1,1724.97,31158,537.47,3314,22322.0, 71.64,2026-06-09
GALLANTT, EQ, 09-Jun-2026,621.05,621.1,638.9,621.1,630.0,628.45,628.6,110660,695.6,5644,54694.0, 49.43,2026-06-09
GANDHAR, EQ, 09-Jun-2026,157.58,158.0,159.99,155.91,159.85,159.34,158.26,254894,403.4,3604,92332.0, 36.22,2026-06-09
GANDHITUBE, EQ, 09-Jun-2026,844.15,850.0,854.8,841.0,849.7,847.1,846.61,5330,45.12,457,3569.0, 66.96,2026-06-09
GANECOS, EQ, 09-Jun-2026,919.5,932.0,932.0,910.0,922.0,925.65,920.82,68551,631.23,4488,32510.0, 47.42,2026-06-09
GANESHBE, EQ, 09-Jun-2026,107.88,108.78,112.75,108.64,109.7,110.61,111.2,659892,733.8,7745,324287.0, 49.14,2026-06-09
GANESHCP, EQ, 09-Jun-2026,204.18,204.2,209.8,202.44,209.0,204.57,204.28,68142,139.2,1099,42117.0, 61.81,2026-06-09
GANESHHOU, EQ, 09-Jun-2026,754.35,763.4,792.45,756.8,773.0,769.8,775.34,54344,421.35,5065,26841.0, 49.39,2026-06-09
GANESHIN, ST, 09-Jun-2026,82.45,83.0,84.0,82.0,83.0,82.4,82.5,140800,116.15,36,138400.0, 98.30,2026-06-09
GANGABATH, SM, 09-Jun-2026,22.45,21.55,23.9,21.55,23.7,23.75,23.11,96000,22.18,22,69000.0, 71.88,2026-06-09
GANGAFORGE, EQ, 09-Jun-2026,2.28,2.31,2.34,2.28,2.34,2.31,2.31,108018,2.49,181,100665.0, 93.19,2026-06-09
GANGESSECU, EQ, 09-Jun-2026,120.94,122.8,134.8,120.06,121.0,121.39,123.21,2435,3.0,133,1473.0, 60.49,2026-06-09
GARFIBRES, EQ, 09-Jun-2026,655.9,655.9,693.95,653.0,689.0,688.3,679.74,103392,702.8,7703,58144.0, 56.24,2026-06-09
GARUDA, EQ, 09-Jun-2026,163.22,165.59,168.08,163.04,166.0,165.1,165.4,255847,423.17,4695,92604.0, 36.20,2026-06-09
GATECH, EQ, 09-Jun-2026,0.53,0.54,0.54,0.52,0.53,0.52,0.53,4100189,21.74,773,1693941.0, 41.31,2026-06-09
GATECHDVR, EQ, 09-Jun-2026,0.47,0.47,0.48,0.45,0.47,0.47,0.47,416217,1.94,148,228446.0, 54.89,2026-06-09
GATEWAY, EQ, 09-Jun-2026,56.52,56.99,59.35,56.01,57.95,57.97,58.25,1266246,737.64,8607,579931.0, 45.80,2026-06-09
GAUDIUMIVF, BE, 09-Jun-2026,103.69,104.25,105.76,104.25,105.75,105.75,105.44,255348,269.24,617,, -,2026-06-09
GAYAHWS, EQ, 09-Jun-2026,2.23,2.25,2.29,2.02,2.18,2.17,2.11,723214,15.24,1330,406623.0, 56.22,2026-06-09
GAYAPROJ, BE, 09-Jun-2026,20.58,20.68,21.4,20.61,21.4,21.33,21.17,571666,120.99,557,, -,2026-06-09
GCHOTELS, SM, 09-Jun-2026,129.75,131.95,132.0,127.2,131.3,130.7,130.61,35400,46.24,56,27000.0, 76.27,2026-06-09
GCSL, EQ, 09-Jun-2026,411.15,414.3,419.5,411.0,414.7,414.65,415.29,224242,931.25,3000,18365.0, 8.19,2026-06-09
GEECEE, EQ, 09-Jun-2026,325.4,330.0,330.0,320.05,325.9,324.75,324.78,1956,6.35,167,1015.0, 51.89,2026-06-09
GEEKAYWIRE, EQ, 09-Jun-2026,22.62,23.0,23.48,22.37,22.86,22.76,22.86,81574,18.65,962,44721.0, 54.82,2026-06-09
GEMAROMA, BE, 09-Jun-2026,163.3,162.5,170.98,159.99,166.5,165.25,166.29,110975,184.54,722,, -,2026-06-09
GENCON, EQ, 09-Jun-2026,39.28,39.87,40.09,37.71,39.45,38.8,39.45,485290,191.43,1122,218138.0, 44.95,2026-06-09
GENESYS, EQ, 09-Jun-2026,265.9,268.8,286.9,266.5,283.0,283.1,280.36,763029,2139.23,16596,228616.0, 29.96,2026-06-09
GENUSPAPER, EQ, 09-Jun-2026,12.09,12.3,12.35,11.9,12.35,12.31,12.18,41237,5.02,336,30208.0, 73.25,2026-06-09
GENUSPOWER, EQ, 09-Jun-2026,300.8,301.9,304.95,298.6,304.95,303.8,301.89,355458,1073.1,11612,165394.0, 46.53,2026-06-09
GEOJITFSL, EQ, 09-Jun-2026,72.86,72.9,74.63,72.9,74.1,73.89,73.8,151601,111.89,2016,65290.0, 43.07,2026-06-09
GESHIP, EQ, 09-Jun-2026,1432.5,1439.1,1463.2,1425.1,1443.0,1442.2,1439.53,372153,5357.25,19573,178303.0, 47.91,2026-06-09
GFLLIMITED, EQ, 09-Jun-2026,45.1,44.64,45.88,44.32,44.5,44.77,45.07,39761,17.92,980,19644.0, 49.41,2026-06-09
GGBL, SM, 09-Jun-2026,318.35,317.05,321.2,309.0,312.05,312.95,312.1,74400,232.2,128,59100.0, 79.44,2026-06-09
GHCL, EQ, 09-Jun-2026,428.8,429.0,439.9,429.0,438.8,438.15,435.19,196617,855.66,18926,129912.0, 66.07,2026-06-09
GHCLTEXTIL, EQ, 09-Jun-2026,96.43,96.5,97.79,95.71,97.0,96.88,96.86,193945,187.86,3200,101605.0, 52.39,2026-06-09
GICHSGFIN, EQ, 09-Jun-2026,147.73,147.95,151.35,147.95,150.8,150.3,149.75,109115,163.4,2467,54932.0, 50.34,2026-06-09
GICL, EQ, 09-Jun-2026,22.65,21.25,22.47,20.39,21.69,21.55,21.3,1434580,305.59,3281,641579.0, 44.72,2026-06-09
GICRE, EQ, 09-Jun-2026,384.95,386.8,389.5,383.25,388.0,388.0,386.77,166816,645.19,5943,81543.0, 48.88,2026-06-09
GILLANDERS, EQ, 09-Jun-2026,87.01,87.44,89.9,85.26,89.9,89.5,87.47,2438,2.13,44,1875.0, 76.91,2026-06-09
GILLETTE, EQ, 09-Jun-2026,7621.5,7660.0,7794.5,7620.0,7683.0,7657.5,7689.97,33690,2590.75,8151,22656.0, 67.25,2026-06-09
GILT10BETA, EQ, 09-Jun-2026,25.94,26.35,26.35,25.82,26.04,26.04,26.04,233,0.06,17,192.0, 82.40,2026-06-09
GILT5BETA, EQ, 09-Jun-2026,64.5,64.82,65.26,64.62,65.26,65.26,64.75,7,0.0,5,7.0, 100.00,2026-06-09
GILT5YBEES, EQ, 09-Jun-2026,65.16,65.49,65.54,65.17,65.3,65.31,65.35,201220,131.49,506,155977.0, 77.52,2026-06-09
GINNIFILA, EQ, 09-Jun-2026,41.08,42.45,42.5,40.56,42.5,42.23,41.87,36345,15.22,431,21059.0, 57.94,2026-06-09
GIPCL, EQ, 09-Jun-2026,163.45,165.1,166.9,163.8,166.3,166.28,165.33,252045,416.7,4560,129235.0, 51.27,2026-06-09
GIRIRAJ, ST, 09-Jun-2026,150.0,145.0,145.0,145.0,145.0,145.0,145.0,500,0.73,2,500.0, 100.00,2026-06-09
GJL, ST, 09-Jun-2026,125.3,130.45,131.55,130.45,131.55,131.55,130.99,12000,15.72,10,12000.0, 100.00,2026-06-09
GKENERGY, EQ, 09-Jun-2026,134.82,137.37,145.5,135.6,140.88,141.27,142.71,1630395,2326.77,20019,635052.0, 38.95,2026-06-09
GKSL, EQ, 09-Jun-2026,131.57,133.57,133.57,128.05,129.44,129.29,130.05,245053,318.69,3506,105895.0, 43.21,2026-06-09
GKWLIMITED, EQ, 09-Jun-2026,1804.0,1867.1,1930.0,1810.0,1840.0,1828.7,1843.48,725,13.37,92,270.0, 37.24,2026-06-09
GLAND, EQ, 09-Jun-2026,2247.8,2257.0,2314.9,2256.9,2288.0,2288.5,2288.97,521987,11948.11,32593,315056.0, 60.36,2026-06-09
GLAXO, EQ, 09-Jun-2026,2183.8,2195.0,2216.0,2186.0,2200.0,2194.7,2201.61,84767,1866.24,8163,47344.0, 55.85,2026-06-09
GLENMARK, EQ, 09-Jun-2026,2176.5,2176.5,2221.0,2164.1,2204.4,2209.6,2203.52,561403,12370.61,35038,243865.0, 43.44,2026-06-09
GLFL, BE, 09-Jun-2026,5.79,5.79,6.07,5.7,5.91,5.92,5.98,13939,0.83,29,, -,2026-06-09
GLOBAL, EQ, 09-Jun-2026,105.26,106.59,106.77,102.01,103.02,103.36,103.59,58556,60.66,961,35171.0, 60.06,2026-06-09
GLOBALE, BE, 09-Jun-2026,12.79,12.99,12.99,12.16,12.5,12.5,12.34,5844,0.72,28,, -,2026-06-09
GLOBALPET, ST, 09-Jun-2026,153.0,152.95,158.5,152.5,158.5,158.5,153.99,3750,5.77,4,3750.0, 100.00,2026-06-09
GLOBALVECT, EQ, 09-Jun-2026,160.1,159.0,165.12,157.44,162.0,161.42,162.03,4225,6.85,241,1332.0, 31.53,2026-06-09
GLOBE, EQ, 09-Jun-2026,2.25,2.3,2.4,2.21,2.3,2.29,2.28,513108,11.68,304,399529.0, 77.86,2026-06-09
GLOBECIVIL, BE, 09-Jun-2026,40.79,41.9,41.9,39.95,40.6,40.13,40.33,32865,13.26,188,, -,2026-06-09
GLOBUSSPR, EQ, 09-Jun-2026,843.9,856.55,857.85,839.5,849.5,846.1,846.47,47561,402.59,2626,27341.0, 57.49,2026-06-09
GLOSTERLTD, EQ, 09-Jun-2026,657.35,661.0,678.0,661.0,678.0,670.75,671.15,1339,8.99,82,1049.0, 78.34,2026-06-09
GLOTTIS, BE, 09-Jun-2026,66.54,65.21,67.95,65.0,66.5,66.89,67.06,74266,49.8,2256,, -,2026-06-09
GMBREW, EQ, 09-Jun-2026,863.7,866.65,899.5,866.45,898.0,894.25,887.29,41400,367.34,2729,20692.0, 49.98,2026-06-09
GMDCLTD, EQ, 09-Jun-2026,609.65,610.95,629.9,608.75,629.0,627.8,620.77,1700315,10555.04,35135,542578.0, 31.91,2026-06-09
GML, SM, 09-Jun-2026,19.25,18.5,18.5,18.3,18.3,18.3,18.37,6000,1.1,3,4000.0, 66.67,2026-06-09
GMMPFAUDLR, EQ, 09-Jun-2026,764.2,774.75,779.95,765.0,769.85,771.75,772.94,60285,465.97,4447,33723.0, 55.94,2026-06-09
GMRAIRPORT, EQ, 09-Jun-2026,100.32,100.94,103.23,100.78,102.6,102.61,102.21,19675384,20109.32,68054,12392580.0, 62.99,2026-06-09
GMRP&UI, EQ, 09-Jun-2026,105.38,105.45,107.87,105.45,107.05,107.16,107.0,905265,968.6,7199,356966.0, 39.43,2026-06-09
GNA, EQ, 09-Jun-2026,371.45,372.0,377.75,347.2,348.5,348.8,355.42,453831,1612.99,13040,270551.0, 59.61,2026-06-09
GNFC, EQ, 09-Jun-2026,486.05,487.1,512.0,485.65,501.0,498.85,492.4,199011,979.92,8199,90514.0, 45.48,2026-06-09
GNRL, EQ, 09-Jun-2026,92.97,93.7,94.2,91.0,93.8,93.06,93.52,93727,87.66,1194,71534.0, 76.32,2026-06-09
GOACARBON, EQ, 09-Jun-2026,385.95,388.75,398.0,388.75,397.5,396.0,395.0,8632,34.1,457,6940.0, 80.40,2026-06-09
GOCLCORP, EQ, 09-Jun-2026,396.35,397.0,404.0,392.6,396.2,398.85,398.01,90364,359.66,2595,44864.0, 49.65,2026-06-09
GOCOLORS, EQ, 09-Jun-2026,405.3,402.0,421.45,386.05,390.25,391.0,406.94,3275832,13330.54,29684,380883.0, 11.63,2026-06-09
GODAVARIB, EQ, 09-Jun-2026,276.4,280.55,285.0,276.3,285.0,283.7,280.3,64592,181.05,1696,37461.0, 58.00,2026-06-09
GODFRYPHLP, EQ, 09-Jun-2026,2183.9,2186.0,2278.0,2186.0,2270.0,2263.2,2235.14,363095,8115.67,17770,129075.0, 35.55,2026-06-09
GODIGIT, EQ, 09-Jun-2026,303.85,303.95,305.0,299.05,303.5,300.95,301.02,296853,893.58,15219,127596.0, 42.98,2026-06-09
GODREJAGRO, EQ, 09-Jun-2026,567.3,567.7,573.35,567.1,568.0,568.5,570.17,54608,311.36,3830,26629.0, 48.76,2026-06-09
GODREJCP, EQ, 09-Jun-2026,997.0,998.2,1016.3,995.6,1012.5,1013.2,1008.25,975781,9838.34,19294,582273.0, 59.67,2026-06-09
GODREJIND, EQ, 09-Jun-2026,1033.4,1033.4,1052.9,1016.0,1047.0,1046.2,1033.03,123540,1276.21,9615,51430.0, 41.63,2026-06-09
GODREJPROP, EQ, 09-Jun-2026,1654.6,1657.5,1688.0,1656.0,1683.0,1684.3,1672.08,351928,5884.51,18138,116533.0, 33.11,2026-06-09
GOKEX, EQ, 09-Jun-2026,676.25,678.0,689.4,662.5,675.2,679.0,675.37,408044,2755.8,17216,167306.0, 41.00,2026-06-09
GOKUL, EQ, 09-Jun-2026,40.34,40.95,41.7,40.21,40.27,40.68,40.81,150619,61.46,844,21085.0, 14.00,2026-06-09
GOKULAGRO, EQ, 09-Jun-2026,229.58,231.8,236.0,227.56,232.5,233.9,231.92,157096,364.33,5292,59018.0, 37.57,2026-06-09
GOLD1, EQ, 09-Jun-2026,125.07,127.57,127.57,125.07,126.76,126.42,126.52,1135467,1436.64,5369,613229.0, 54.01,2026-06-09
GOLD360, EQ, 09-Jun-2026,146.1,147.55,148.4,146.45,148.0,147.5,147.51,20650,30.46,234,13585.0, 65.79,2026-06-09
GOLDADD, EQ, 09-Jun-2026,145.95,145.73,147.99,145.71,147.49,147.25,147.36,101287,149.26,1152,57530.0, 56.80,2026-06-09
GOLDBEES, EQ, 09-Jun-2026,124.16,126.64,126.64,124.3,125.4,125.39,125.55,18409128,23112.96,66183,8724135.0, 47.39,2026-06-09
GOLDBETA, EQ, 09-Jun-2026,126.65,127.05,128.15,127.05,127.7,127.55,127.63,343102,437.91,2287,194126.0, 56.58,2026-06-09
GOLDBND, EQ, 09-Jun-2026,149.86,149.86,153.72,149.05,151.89,151.51,151.57,56178,85.15,167,54572.0, 97.14,2026-06-09
GOLDCASE, EQ, 09-Jun-2026,23.67,23.2,23.99,23.2,23.9,23.85,23.88,6096851,1456.2,11156,2529490.0, 41.49,2026-06-09
GOLDENTOBC, BZ, 09-Jun-2026,26.13,25.06,26.1,25.06,25.34,25.59,25.68,2262,0.58,24,, -,2026-06-09
GOLDETF, EQ, 09-Jun-2026,145.63,146.68,147.83,146.66,147.3,147.12,147.32,1101563,1622.78,4206,817177.0, 74.18,2026-06-09
GOLDIAM, EQ, 09-Jun-2026,410.35,411.0,438.0,411.0,437.0,434.45,430.09,1049106,4512.09,17969,381261.0, 36.34,2026-06-09
GOLDIETF, EQ, 09-Jun-2026,128.37,128.0,130.49,125.16,129.96,129.91,130.03,3765057,4895.67,25357,2117360.0, 56.24,2026-06-09
GOLDSTAR, SM, 09-Jun-2026,8.1,7.7,8.0,7.7,8.0,8.0,7.86,78750,6.19,6,67500.0, 85.71,2026-06-09
GOLDTECH, EQ, 09-Jun-2026,42.53,42.65,43.7,42.01,42.94,42.81,42.47,16056,6.82,542,8129.0, 50.63,2026-06-09
GOODLUCK, EQ, 09-Jun-2026,1322.3,1325.8,1342.9,1312.0,1328.3,1332.7,1329.23,99289,1319.78,4670,66694.0, 67.17,2026-06-09
GOODYEAR, EQ, 09-Jun-2026,727.4,725.0,737.95,725.0,737.7,732.0,732.04,1794,13.13,220,1279.0, 71.29,2026-06-09
GOPAL, EQ, 09-Jun-2026,282.65,282.65,285.2,279.6,282.9,282.25,283.01,75336,213.21,1549,40695.0, 54.02,2026-06-09
GOYALALUM, EQ, 09-Jun-2026,6.95,6.92,7.12,6.92,7.0,6.98,7.04,103474,7.28,424,70204.0, 67.85,2026-06-09
GPECO, ST, 09-Jun-2026,463.95,468.0,474.0,456.0,469.0,466.0,469.41,13400,62.9,45,12600.0, 94.03,2026-06-09
GPIL, EQ, 09-Jun-2026,278.7,278.7,280.15,274.0,276.0,274.95,276.14,1242320,3430.49,17509,742624.0, 59.78,2026-06-09
GPPL, EQ, 09-Jun-2026,153.34,153.97,155.79,153.31,155.0,154.33,154.13,973259,1500.1,16529,559587.0, 57.50,2026-06-09
GPTHEALTH, EQ, 09-Jun-2026,147.2,147.2,152.5,147.2,150.5,149.98,149.65,208974,312.73,2999,88032.0, 42.13,2026-06-09
GPTINFRA, EQ, 09-Jun-2026,113.12,113.41,115.9,113.31,114.65,114.21,114.12,60554,69.1,896,31593.0, 52.17,2026-06-09
GRADIENTE, EQ, 09-Jun-2026,2.78,2.65,2.65,2.65,2.65,2.65,2.65,138834,3.68,111,138834.0, 100.00,2026-06-09
GRANDOAK, EQ, 09-Jun-2026,27.08,26.9,32.49,25.62,32.49,31.61,30.44,400319,121.85,1329,35081.0, 8.76,2026-06-09
GRANULES, EQ, 09-Jun-2026,766.35,767.0,779.0,757.1,766.6,765.05,767.34,595417,4568.89,22802,325253.0, 54.63,2026-06-09
GRAPHISAD, SM, 09-Jun-2026,30.1,29.2,30.0,29.1,30.0,30.0,29.43,3600,1.06,3,3600.0, 100.00,2026-06-09
GRAPHITE, EQ, 09-Jun-2026,672.15,672.25,679.95,661.15,670.5,667.1,667.95,656100,4382.45,22122,269771.0, 41.12,2026-06-09
GRASIM, EQ, 09-Jun-2026,3050.1,3070.2,3109.5,3067.8,3096.0,3095.5,3096.87,923351,28594.95,72081,535881.0, 58.04,2026-06-09
GRAUWEIL, EQ, 09-Jun-2026,73.35,74.07,76.22,73.58,74.9,74.42,74.69,176731,132.0,3695,107894.0, 61.05,2026-06-09
GRAVISSHO, EQ, 09-Jun-2026,28.5,30.65,32.4,28.55,30.6,30.36,31.18,80887,25.22,696,24223.0, 29.95,2026-06-09
GRAVITA, EQ, 09-Jun-2026,1544.5,1546.0,1593.3,1546.0,1587.3,1587.0,1582.3,100389,1588.46,13560,45251.0, 45.08,2026-06-09
GRCL, ST, 09-Jun-2026,519.9,525.0,540.0,525.0,540.0,540.0,529.99,3000,15.9,5,3000.0, 100.00,2026-06-09
GREAVESCOT, EQ, 09-Jun-2026,189.25,189.25,192.61,187.57,190.25,190.23,190.15,985867,1874.68,9965,333711.0, 33.85,2026-06-09
GREENCHEF, SM, 09-Jun-2026,49.15,47.0,48.0,46.7,47.85,47.8,46.85,54400,25.48,43,48000.0, 88.24,2026-06-09
GREENLAM, EQ, 09-Jun-2026,229.79,232.5,238.0,229.59,236.0,234.47,232.81,73670,171.51,3273,40444.0, 54.90,2026-06-09
GREENLEAF, SM, 09-Jun-2026,60.55,61.85,63.55,60.0,60.0,60.2,61.21,33000,20.2,24,28000.0, 84.85,2026-06-09
GREENPANEL, EQ, 09-Jun-2026,195.14,197.0,199.5,194.89,197.0,196.65,196.73,65104,128.08,2193,35774.0, 54.95,2026-06-09
GREENPLY, EQ, 09-Jun-2026,286.89,286.89,293.4,285.0,288.73,288.68,288.99,240741,695.71,5602,124879.0, 51.87,2026-06-09
GREENPOWER, EQ, 09-Jun-2026,10.9,11.0,11.35,10.9,11.32,11.26,11.14,2769189,308.49,4889,1049549.0, 37.90,2026-06-09
GRINDWELL, EQ, 09-Jun-2026,1955.6,1968.9,1968.9,1917.1,1931.5,1933.2,1934.59,22893,442.89,5528,12984.0, 56.72,2026-06-09
GRINFRA, EQ, 09-Jun-2026,864.35,864.5,884.95,857.15,861.5,862.3,861.33,16559,142.63,2561,8987.0, 54.27,2026-06-09
GRMOVER, EQ, 09-Jun-2026,121.75,123.45,129.8,97.4,99.82,98.33,111.0,26718017,29657.98,406807,6297472.0, 23.57,2026-06-09
GROBTEA, EQ, 09-Jun-2026,900.95,929.0,975.0,882.1,917.0,893.5,915.93,190,1.74,66,151.0, 79.47,2026-06-09
GROWW, EQ, 09-Jun-2026,189.86,191.5,195.9,188.61,195.26,195.25,192.77,25365911,48897.44,137864,9116778.0, 35.94,2026-06-09
GROWWCAPM, EQ, 09-Jun-2026,11.01,11.2,11.23,10.95,11.12,11.2,11.16,362120,40.41,635,194562.0, 53.73,2026-06-09
GROWWCHEM, EQ, 09-Jun-2026,28.59,28.74,29.24,28.7,29.11,28.95,28.93,22610,6.54,164,14066.0, 62.21,2026-06-09
GROWWDEFNC, EQ, 09-Jun-2026,89.96,90.85,91.7,90.01,91.61,91.42,91.01,246548,224.38,3364,148530.0, 60.24,2026-06-09
GROWWEV, EQ, 09-Jun-2026,30.16,30.16,30.65,29.55,30.62,30.6,30.4,241441,73.39,2487,157614.0, 65.28,2026-06-09
GROWWGOLD, EQ, 09-Jun-2026,14.68,14.85,14.89,14.79,14.82,14.82,14.84,1677249,248.87,2906,708863.0, 42.26,2026-06-09
GROWWHOSPI, EQ, 09-Jun-2026,51.74,51.74,52.25,51.71,51.77,52.05,51.99,158725,82.53,1200,98631.0, 62.14,2026-06-09
GROWWLIQID, EQ, 09-Jun-2026,109.38,109.4,109.4,109.39,109.4,109.39,109.39,156705,171.42,165,128315.0, 81.88,2026-06-09
GROWWLOVOL, EQ, 09-Jun-2026,10.05,9.85,10.13,9.85,10.1,10.06,10.06,9659,0.97,97,7476.0, 77.40,2026-06-09
GROWWMC150, EQ, 09-Jun-2026,220.15,213.55,223.9,213.55,222.38,221.83,221.75,183,0.41,26,111.0, 60.66,2026-06-09
GROWWMETAL, EQ, 09-Jun-2026,12.29,12.49,12.49,12.22,12.29,12.32,12.3,1240597,152.65,1537,1010898.0, 81.48,2026-06-09
GROWWMOM50, EQ, 09-Jun-2026,10.32,10.42,10.52,10.35,10.44,10.51,10.44,71142,7.43,481,43967.0, 61.80,2026-06-09
GROWWN200, EQ, 09-Jun-2026,10.85,10.81,11.03,10.81,10.86,10.92,10.91,23948,2.61,240,21597.0, 90.18,2026-06-09
GROWWNET, EQ, 09-Jun-2026,8.68,8.68,8.86,8.51,8.82,8.8,8.76,126016,11.03,391,81421.0, 64.61,2026-06-09
GROWWNIFTY, EQ, 09-Jun-2026,9.32,9.32,9.55,9.3,9.33,9.33,9.34,442391,41.3,1560,285819.0, 64.61,2026-06-09
GROWWNXT50, EQ, 09-Jun-2026,69.6,68.5,70.48,68.5,70.0,69.99,69.74,2316,1.62,66,1376.0, 59.41,2026-06-09
GROWWPOWER, EQ, 09-Jun-2026,12.07,12.37,12.37,12.0,12.07,12.07,12.04,7695768,926.84,3517,6300701.0, 81.87,2026-06-09
GROWWPSE, EQ, 09-Jun-2026,101.05,101.5,105.6,99.98,101.1,100.71,101.03,25087,25.35,109,6243.0, 24.89,2026-06-09
GROWWPSUBK, EQ, 09-Jun-2026,81.99,82.88,85.82,81.0,85.65,85.45,84.46,47407,40.04,455,26089.0, 55.03,2026-06-09
GROWWRAIL, EQ, 09-Jun-2026,29.14,29.14,29.59,29.14,29.58,29.41,29.29,504541,147.76,2693,238268.0, 47.22,2026-06-09
GROWWRLTY, EQ, 09-Jun-2026,8.36,8.5,8.56,8.35,8.5,8.5,8.47,216093,18.3,412,184414.0, 85.34,2026-06-09
GROWWSC250, EQ, 09-Jun-2026,9.64,9.65,9.8,9.51,9.71,9.74,9.75,83536,8.15,396,54662.0, 65.44,2026-06-09
GROWWSLVR, EQ, 09-Jun-2026,23.32,23.61,23.91,23.58,23.82,23.76,23.75,1409583,334.72,2931,357847.0, 25.39,2026-06-09
GRPLTD, EQ, 09-Jun-2026,1757.2,1764.4,1764.9,1725.0,1764.9,1739.8,1738.45,955,16.6,207,610.0, 63.87,2026-06-09
GRSE, EQ, 09-Jun-2026,2611.0,2621.1,2688.2,2612.5,2685.6,2672.6,2645.55,692367,18316.93,34473,233686.0, 33.75,2026-06-09
GRWRHITECH, EQ, 09-Jun-2026,5841.0,5894.0,6280.0,5868.0,6250.5,6225.0,6146.09,136093,8364.39,17970,74664.0, 54.86,2026-06-09
GSEC10IETF, EQ, 09-Jun-2026,260.16,260.15,260.15,258.85,259.99,259.99,259.63,341,0.89,9,310.0, 90.91,2026-06-09
GSEC10YEAR, EQ, 09-Jun-2026,29.88,29.9,30.2,29.79,29.92,30.15,30.1,4320,1.3,23,4197.0, 97.15,2026-06-09
GSEC5IETF, EQ, 09-Jun-2026,65.16,65.15,65.45,64.96,65.45,65.41,65.27,25103,16.39,42,13155.0, 52.40,2026-06-09
GSFC, EQ, 09-Jun-2026,160.32,161.41,163.47,160.66,163.24,163.07,161.89,359146,581.44,7563,210847.0, 58.71,2026-06-09
GSLSU, EQ, 09-Jun-2026,53.65,54.97,54.98,53.36,53.99,53.82,53.82,5660,3.05,312,2337.0, 41.29,2026-06-09
GSMFOILS, SM, 09-Jun-2026,203.2,203.25,204.25,200.4,203.0,203.45,202.37,50000,101.18,73,31000.0, 62.00,2026-06-09
GSPCROP, EQ, 09-Jun-2026,436.05,440.0,443.9,428.55,431.6,435.5,439.86,150690,662.82,2201,26491.0, 17.58,2026-06-09
GSS, BE, 09-Jun-2026,12.98,12.51,13.18,12.51,12.8,12.74,12.75,29668,3.78,124,, -,2026-06-09
GSTL, ST, 09-Jun-2026,20.4,20.0,20.0,20.0,20.0,20.0,20.0,1000,0.2,1,1000.0, 100.00,2026-06-09
GTECJAINX, BE, 09-Jun-2026,38.35,36.44,36.44,36.44,36.44,36.44,36.44,16687,6.08,115,, -,2026-06-09
GTL, EQ, 09-Jun-2026,8.82,8.8,9.32,8.5,8.69,8.62,8.85,1324285,117.2,2385,762375.0, 57.57,2026-06-09
GTLINFRA, EQ, 09-Jun-2026,1.51,1.52,1.56,1.49,1.54,1.54,1.53,99904354,1524.06,17878,27428641.0, 27.45,2026-06-09
GTPL, EQ, 09-Jun-2026,63.5,63.53,65.4,62.6,63.91,63.44,63.4,11873,7.53,299,7372.0, 62.09,2026-06-09
GUFICBIO, EQ, 09-Jun-2026,376.7,379.0,392.95,377.8,384.5,386.8,384.43,123212,473.66,5398,54642.0, 44.35,2026-06-09
GUJALKALI, EQ, 09-Jun-2026,626.8,626.1,640.45,625.5,632.5,633.25,632.3,51997,328.78,2983,12935.0, 24.88,2026-06-09
GUJAPOLLO, EQ, 09-Jun-2026,380.2,374.5,382.0,370.0,372.0,371.65,374.91,6576,24.65,402,4411.0, 67.08,2026-06-09
GUJGASLTD, EQ, 09-Jun-2026,400.0,400.0,400.0,390.1,393.8,392.15,392.3,379144,1487.38,17655,214999.0, 56.71,2026-06-09
GUJRAFFIA, EQ, 09-Jun-2026,41.53,41.0,42.89,41.0,41.2,41.2,41.47,3285,1.36,46,2324.0, 70.75,2026-06-09
GUJTHEM, EQ, 09-Jun-2026,401.95,402.1,409.9,397.55,397.55,401.15,402.52,75405,303.52,1971,43437.0, 57.60,2026-06-09
GULFOILLUB, EQ, 09-Jun-2026,899.8,905.0,919.95,901.0,913.1,914.2,912.06,53408,487.11,4298,30027.0, 56.22,2026-06-09
GULFPETRO, EQ, 09-Jun-2026,39.97,39.32,40.7,39.18,40.26,40.26,40.0,71160,28.46,715,40289.0, 56.62,2026-06-09
GULPOLY, EQ, 09-Jun-2026,213.38,215.0,221.75,211.5,214.7,214.95,217.45,1155180,2511.94,19118,337925.0, 29.25,2026-06-09
GURUNANAK, ST, 09-Jun-2026,36.0,36.0,36.4,36.0,36.4,36.4,36.08,8000,2.89,5,8000.0, 100.00,2026-06-09
GVKPIL, BE, 09-Jun-2026,2.95,2.95,2.98,2.9,2.92,2.93,2.92,649254,18.97,934,, -,2026-06-09
GVPIL, EQ, 09-Jun-2026,862.4,873.95,905.5,871.6,905.5,905.5,901.54,583783,5263.01,9633,294258.0, 50.41,2026-06-09
GVPTECH, EQ, 09-Jun-2026,6.48,6.64,6.64,6.31,6.4,6.41,6.43,17057,1.1,143,13038.0, 76.44,2026-06-09
GVPTECHPP, E1, 09-Jun-2026,2.65,2.71,2.96,2.2,2.38,2.38,2.42,1721,0.04,19,1532.0, 89.02,2026-06-09
GVT&D, EQ, 09-Jun-2026,4744.0,4800.0,4966.0,4781.5,4939.0,4931.0,4901.58,747212,36625.19,70714,401949.0, 53.79,2026-06-09
HAL, EQ, 09-Jun-2026,4238.0,4238.0,4271.9,4188.0,4270.8,4263.8,4242.91,662719,28118.59,44198,252694.0, 38.13,2026-06-09
HALDER, EQ, 09-Jun-2026,238.92,238.0,244.0,231.5,236.0,232.36,238.01,25416,60.49,112,4781.0, 18.81,2026-06-09
HALDYNGL, EQ, 09-Jun-2026,114.46,118.0,129.8,115.22,124.0,123.89,123.12,1171374,1442.18,15053,273704.0, 23.37,2026-06-09
HALEOSLABS, EQ, 09-Jun-2026,1356.7,1384.1,1450.0,1356.0,1405.0,1407.9,1421.63,1287,18.3,124,919.0, 71.41,2026-06-09
HAPPSTMNDS, EQ, 09-Jun-2026,353.2,358.1,358.85,349.0,353.5,352.8,351.69,508178,1787.2,20779,217533.0, 42.81,2026-06-09
HAPPYFORGE, EQ, 09-Jun-2026,1351.2,1356.0,1376.4,1345.0,1365.0,1363.0,1361.11,51274,697.89,10549,28055.0, 54.72,2026-06-09
HARDWYN, EQ, 09-Jun-2026,24.43,24.57,24.9,24.48,24.82,24.73,24.74,2980748,737.35,3171,586738.0, 19.68,2026-06-09
HARIOMPIPE, EQ, 09-Jun-2026,405.35,410.0,435.5,408.2,429.0,427.55,425.83,670943,2857.06,15634,186051.0, 27.73,2026-06-09
HARRMALAYA, EQ, 09-Jun-2026,197.52,200.0,200.0,193.01,195.32,195.66,196.45,7320,14.38,550,4020.0, 54.92,2026-06-09
HARSHA, EQ, 09-Jun-2026,399.55,404.4,407.55,393.5,394.75,395.95,398.73,547928,2184.77,9077,383626.0, 70.01,2026-06-09
HATHWAY, EQ, 09-Jun-2026,10.8,10.96,11.08,10.68,11.0,10.82,10.78,2150541,231.81,3181,818671.0, 38.07,2026-06-09
HATSUN, EQ, 09-Jun-2026,891.8,885.65,932.3,885.65,913.5,914.7,914.3,27615,252.48,2501,11407.0, 41.31,2026-06-09
HAVELLS, EQ, 09-Jun-2026,1140.3,1144.9,1154.0,1138.1,1150.1,1150.5,1147.24,692180,7940.99,26725,392367.0, 56.69,2026-06-09
HAVISHA, EQ, 09-Jun-2026,1.45,1.57,1.57,1.42,1.46,1.47,1.47,8101,0.12,66,6694.0, 82.63,2026-06-09
HAWKINCOOK, EQ, 09-Jun-2026,7585.0,7596.5,7850.0,7596.5,7750.0,7742.0,7728.58,3896,301.11,1263,1939.0, 49.77,2026-06-09
HBESD, EQ, 09-Jun-2026,75.7,77.98,77.98,72.7,76.6,76.56,74.54,267,0.2,37,197.0, 73.78,2026-06-09
HBLENGINE, EQ, 09-Jun-2026,766.5,768.0,784.75,768.0,782.95,781.4,777.46,780393,6067.21,26039,285044.0, 36.53,2026-06-09
HBSL, BE, 09-Jun-2026,53.48,51.4,53.68,51.25,53.68,53.36,52.79,1653,0.87,45,, -,2026-06-09
HCC, EQ, 09-Jun-2026,22.84,23.0,23.58,22.96,23.46,23.42,23.31,22652328,5279.63,23590,7682797.0, 33.92,2026-06-09
HCG, EQ, 09-Jun-2026,627.9,627.1,639.0,627.1,639.0,634.95,635.69,32522,206.74,3681,16095.0, 49.49,2026-06-09
HCL-INSYS, EQ, 09-Jun-2026,12.81,13.0,13.17,12.56,12.85,12.79,12.76,265174,33.83,1427,196505.0, 74.10,2026-06-09
HCLTECH, EQ, 09-Jun-2026,1151.3,1158.7,1159.0,1136.4,1148.3,1146.3,1143.49,2225582,25449.32,83896,1305118.0, 58.64,2026-06-09
HDBFS, EQ, 09-Jun-2026,627.0,631.95,631.95,622.8,629.0,627.3,626.71,198583,1244.54,15723,125502.0, 63.20,2026-06-09
HDFCAMC, EQ, 09-Jun-2026,2453.0,2468.0,2509.2,2447.1,2502.8,2503.3,2474.44,994452,24607.1,50201,598891.0, 60.22,2026-06-09
HDFCBANK, EQ, 09-Jun-2026,738.65,739.45,743.95,732.3,739.7,738.35,738.36,38539563,284562.51,346855,15214315.0, 39.48,2026-06-09
HDFCBSE500, EQ, 09-Jun-2026,35.51,36.14,39.0,35.59,36.96,36.98,35.89,407751,146.34,241,399890.0, 98.07,2026-06-09
HDFCGOLD, EQ, 09-Jun-2026,128.42,128.92,130.04,128.92,129.37,129.49,129.64,3639312,4718.05,10047,1796357.0, 49.36,2026-06-09
HDFCGROWTH, EQ, 09-Jun-2026,111.17,111.79,112.65,111.03,112.65,111.73,111.49,13819,15.41,183,4930.0, 35.68,2026-06-09
HDFCLIFE, EQ, 09-Jun-2026,564.55,564.55,572.0,557.75,560.0,560.6,563.14,3463876,19506.46,56975,2087375.0, 60.26,2026-06-09
HDFCLIQUID, EQ, 09-Jun-2026,1063.96,1064.09,1064.11,1064.09,1064.11,1064.09,1064.09,12057,128.3,55,9844.0, 81.65,2026-06-09
HDFCLOWVOL, EQ, 09-Jun-2026,19.61,19.42,19.74,19.41,19.74,19.67,19.62,2868,0.56,74,1992.0, 69.46,2026-06-09
HDFCMID150, EQ, 09-Jun-2026,22.19,21.63,22.62,21.63,22.62,22.5,22.45,420912,94.49,1207,291617.0, 69.28,2026-06-09
HDFCMOMENT, EQ, 09-Jun-2026,29.88,30.18,30.4,30.0,30.16,30.32,30.21,257871,77.9,492,187414.0, 72.68,2026-06-09
HDFCNEXT50, EQ, 09-Jun-2026,70.41,70.95,71.61,70.67,71.61,71.44,71.18,40097,28.54,604,27301.0, 68.09,2026-06-09
HDFCNIF100, EQ, 09-Jun-2026,24.75,24.87,25.08,24.87,24.9,24.96,24.97,19453,4.86,217,13308.0, 68.41,2026-06-09
HDFCNIFBAN, EQ, 09-Jun-2026,55.5,56.88,56.88,55.46,56.54,56.58,56.37,1046155,589.75,692,705763.0, 67.46,2026-06-09
HDFCNIFIT, EQ, 09-Jun-2026,30.56,31.0,31.0,30.23,30.52,30.39,30.35,114228,34.67,408,64553.0, 56.51,2026-06-09
HDFCNIFTY, EQ, 09-Jun-2026,259.84,261.94,261.94,259.61,260.89,261.22,260.52,122640,319.5,879,87218.0, 71.12,2026-06-09
HDFCPSUBK, EQ, 09-Jun-2026,82.98,82.57,86.43,82.57,86.42,86.21,85.31,111699,95.29,398,53864.0, 48.22,2026-06-09
HDFCPVTBAN, EQ, 09-Jun-2026,26.53,26.6,27.35,26.55,26.91,27.0,26.95,81889,22.07,256,65923.0, 80.50,2026-06-09
HDFCQUAL, EQ, 09-Jun-2026,56.19,56.49,56.72,56.17,56.7,56.7,56.48,1935,1.09,77,975.0, 50.39,2026-06-09
HDFCSENSEX, EQ, 09-Jun-2026,83.25,83.19,83.99,83.0,83.99,83.66,83.43,40440,33.74,549,30799.0, 76.16,2026-06-09
HDFCSILVER, EQ, 09-Jun-2026,227.58,231.4,233.5,229.18,232.48,232.11,231.98,3306417,7670.35,14881,1364717.0, 41.27,2026-06-09
HDFCSML250, EQ, 09-Jun-2026,168.57,168.57,171.88,168.57,171.88,170.86,169.91,2286732,3885.3,9133,1866587.0, 81.63,2026-06-09
HDFCVALUE, EQ, 09-Jun-2026,125.5,125.9,126.41,125.02,126.15,126.23,125.7,3493,4.39,66,3105.0, 88.89,2026-06-09
HDIL, BZ, 09-Jun-2026,1.92,1.96,1.97,1.89,1.93,1.93,1.92,132313,2.54,526,, -,2026-06-09
HEADSUP, EQ, 09-Jun-2026,7.06,7.3,7.3,7.0,7.19,7.19,7.16,8535,0.61,149,6301.0, 73.83,2026-06-09
HEALTHADD, EQ, 09-Jun-2026,155.57,156.34,156.83,155.81,156.61,156.76,156.49,1635,2.56,10,978.0, 59.82,2026-06-09
HEALTHCARE, EQ, 09-Jun-2026,19.96,20.06,20.15,19.95,20.05,20.05,20.08,34627,6.95,123,21602.0, 62.38,2026-06-09
HEALTHIETF, EQ, 09-Jun-2026,158.43,158.43,160.0,158.25,160.0,159.31,159.34,85319,135.94,1184,50142.0, 58.77,2026-06-09
HEALTHX, EQ, 09-Jun-2026,300.55,297.1,300.15,290.0,294.3,293.2,293.72,5510,16.18,254,3154.0, 57.24,2026-06-09
HEALTHY, EQ, 09-Jun-2026,15.89,15.49,16.1,15.49,16.0,15.99,15.97,220434,35.2,878,146724.0, 66.56,2026-06-09
HECPROJECT, EQ, 09-Jun-2026,121.55,125.79,125.79,120.3,122.0,121.83,123.32,12170,15.01,425,3979.0, 32.70,2026-06-09
HEG, EQ, 09-Jun-2026,526.55,527.3,529.9,517.0,528.0,527.75,521.82,887770,4632.53,24854,377925.0, 42.57,2026-06-09
HEIDELBERG, EQ, 09-Jun-2026,150.02,150.0,151.77,148.43,149.4,149.35,149.49,101257,151.37,2187,67226.0, 66.39,2026-06-09
HEMIPROP, EQ, 09-Jun-2026,136.11,136.55,143.89,136.55,142.4,142.98,141.9,1070045,1518.35,8529,547904.0, 51.20,2026-06-09
HERANBA, EQ, 09-Jun-2026,172.61,172.0,184.0,172.0,181.89,181.35,180.25,135480,244.2,2155,51639.0, 38.12,2026-06-09
HERITGFOOD, EQ, 09-Jun-2026,315.2,315.2,323.85,315.2,320.0,319.85,319.54,137690,439.98,3911,64516.0, 46.86,2026-06-09
HEROMOTOCO, EQ, 09-Jun-2026,4775.5,4791.6,4872.2,4768.6,4850.0,4855.4,4824.54,481952,23251.97,45625,280730.0, 58.25,2026-06-09
HESTERBIO, EQ, 09-Jun-2026,1963.2,1941.0,1970.0,1916.0,1920.0,1942.4,1941.08,8795,170.72,1160,3348.0, 38.07,2026-06-09
HEXATRADEX, EQ, 09-Jun-2026,162.92,165.0,166.0,161.05,162.0,162.01,162.75,1991,3.24,75,1476.0, 74.13,2026-06-09
HEXT, EQ, 09-Jun-2026,520.25,525.0,533.85,517.4,523.0,521.6,522.86,445149,2327.49,18296,233175.0, 52.38,2026-06-09
HFCL, EQ, 09-Jun-2026,177.87,173.0,184.7,171.1,177.2,178.01,178.06,66709753,118780.8,202614,20925203.0, 31.37,2026-06-09
HGINFRA, EQ, 09-Jun-2026,564.25,570.0,580.95,565.0,567.35,568.3,572.34,330942,1894.1,13488,56508.0, 17.07,2026-06-09
HGM, EQ, 09-Jun-2026,55.34,56.5,57.99,56.5,57.0,56.74,56.91,3801,2.16,43,2716.0, 71.45,2026-06-09
HGS, EQ, 09-Jun-2026,402.3,398.0,406.4,395.1,398.0,400.25,399.5,16685,66.66,1256,10748.0, 64.42,2026-06-09
HIGREEN, SM, 09-Jun-2026,124.75,124.9,124.9,120.0,120.0,120.45,121.78,34400,41.89,41,28000.0, 81.40,2026-06-09
HIKAL, EQ, 09-Jun-2026,179.78,181.3,181.84,177.24,181.69,181.32,179.95,185995,334.7,3306,94508.0, 50.81,2026-06-09
HILINFRA, BE, 09-Jun-2026,47.36,47.36,48.16,47.02,47.6,47.48,47.67,37919,18.08,256,, -,2026-06-09
HILTON, BE, 09-Jun-2026,19.38,19.5,19.82,18.91,19.45,19.45,19.31,72954,14.09,194,, -,2026-06-09
HIMATSEIDE, EQ, 09-Jun-2026,74.73,75.6,77.33,74.86,77.3,76.88,76.07,352414,268.08,2914,168663.0, 47.86,2026-06-09
HINDALCO, EQ, 09-Jun-2026,1062.4,1074.0,1082.5,1053.8,1074.0,1076.7,1071.03,5880133,62978.19,131853,3601476.0, 61.25,2026-06-09
HINDCOMPOS, EQ, 09-Jun-2026,412.9,416.85,420.0,408.0,415.0,419.4,416.31,4758,19.81,241,3699.0, 77.74,2026-06-09
HINDCON, BE, 09-Jun-2026,21.9,21.9,21.9,20.91,21.2,21.17,21.27,26603,5.66,222,, -,2026-06-09
HINDCOPPER, EQ, 09-Jun-2026,506.15,509.7,522.2,509.25,522.0,519.6,517.32,2628178,13596.09,46814,648437.0, 24.67,2026-06-09
HINDOILEXP, EQ, 09-Jun-2026,177.03,180.0,188.65,177.0,183.4,183.03,184.55,2301752,4247.8,21450,935275.0, 40.63,2026-06-09
HINDPETRO, EQ, 09-Jun-2026,372.75,376.0,383.25,372.2,382.65,382.0,379.32,6667087,25289.33,46080,3829573.0, 57.44,2026-06-09
HINDUNILVR, EQ, 09-Jun-2026,2110.1,2119.7,2138.6,2110.1,2134.9,2132.8,2127.29,1460636,31071.99,76973,942538.0, 64.53,2026-06-09
HINDWAREAP, EQ, 09-Jun-2026,214.93,216.0,221.32,215.0,217.35,218.95,218.76,55800,122.07,1453,27893.0, 49.99,2026-06-09
HINDZINC, EQ, 09-Jun-2026,556.0,557.0,572.75,556.4,564.8,563.65,564.64,2919999,16487.52,42824,1194802.0, 40.92,2026-06-09
HIRECT, EQ, 09-Jun-2026,1081.2,1086.1,1112.2,1060.2,1096.0,1098.2,1087.49,155016,1685.78,11787,47149.0, 30.42,2026-06-09
HISARMETAL, EQ, 09-Jun-2026,148.25,149.0,151.0,144.25,149.0,149.06,149.52,988,1.48,27,694.0, 70.24,2026-06-09
HITECH, EQ, 09-Jun-2026,85.08,85.49,86.8,85.43,86.3,86.28,86.12,310149,267.1,3295,161103.0, 51.94,2026-06-09
HITECHCORP, BE, 09-Jun-2026,305.85,300.0,319.99,300.0,314.5,309.32,312.1,82357,257.03,398,, -,2026-06-09
HITECHGEAR, BE, 09-Jun-2026,589.4,599.0,599.0,580.5,592.0,581.0,584.46,3061,17.89,63,, -,2026-06-09
HLEGLAS, EQ, 09-Jun-2026,366.05,368.75,373.9,360.8,368.1,371.85,368.21,140255,516.44,5726,46026.0, 32.82,2026-06-09
HLVLTD, EQ, 09-Jun-2026,7.8,7.9,7.95,7.61,7.85,7.8,7.78,163690,12.74,527,113902.0, 69.58,2026-06-09
HMAAGRO, EQ, 09-Jun-2026,23.3,23.31,23.81,22.9,23.24,23.28,23.26,122195,28.42,1004,78084.0, 63.90,2026-06-09
HMT, BZ, 09-Jun-2026,54.51,55.05,55.4,53.0,54.0,53.38,53.8,5119,2.75,97,, -,2026-06-09
HMVL, EQ, 09-Jun-2026,84.65,87.4,87.4,81.3,84.98,84.86,84.2,35637,30.01,542,26351.0, 73.94,2026-06-09
HNDFDS, EQ, 09-Jun-2026,526.25,523.5,533.75,521.0,529.45,530.35,527.24,37163,195.94,2484,19324.0, 52.00,2026-06-09
HNGSNGBEES, EQ, 09-Jun-2026,488.84,499.0,499.5,483.95,499.5,498.66,496.86,106618,529.74,5484,68129.0, 63.90,2026-06-09
HOACFOODS, ST, 09-Jun-2026,649.95,649.95,649.95,649.95,649.95,649.95,649.95,750,4.87,2,750.0, 100.00,2026-06-09
HOLMARC, SM, 09-Jun-2026,107.0,102.0,102.0,101.65,101.65,101.65,101.75,5250,5.34,7,3000.0, 57.14,2026-06-09
HOMEFIRST, EQ, 09-Jun-2026,1046.7,1046.7,1084.0,1046.7,1080.0,1080.1,1078.34,232188,2503.77,9313,175577.0, 75.62,2026-06-09
HONASA, EQ, 09-Jun-2026,414.9,415.2,420.0,404.45,409.0,407.95,411.91,2102855,8661.86,28507,1507766.0, 71.70,2026-06-09
HONAUT, EQ, 09-Jun-2026,34540.0,34800.0,35250.0,34780.0,35120.0,35125.0,35074.09,3132,1098.52,1591,1127.0, 35.98,2026-06-09
HONDAPOWER, EQ, 09-Jun-2026,2192.0,2192.0,2270.0,2192.0,2207.7,2227.9,2220.37,5902,131.05,1091,2620.0, 44.39,2026-06-09
HPAL, EQ, 09-Jun-2026,35.53,36.98,36.98,34.25,35.01,35.06,35.17,58244,20.48,996,32870.0, 56.43,2026-06-09
HPIL, EQ, 09-Jun-2026,128.94,128.1,132.4,128.0,132.4,132.4,128.95,126,0.16,12,121.0, 96.03,2026-06-09
HPL, EQ, 09-Jun-2026,343.95,347.9,365.65,345.7,363.25,362.8,359.46,236781,851.12,6816,87077.0, 36.78,2026-06-09
HPTL, SM, 09-Jun-2026,279.75,279.0,279.0,271.0,271.0,271.0,274.99,2400,6.6,4,2400.0, 100.00,2026-06-09
HRHNEXT, SM, 09-Jun-2026,29.2,29.2,30.65,27.75,30.65,29.7,28.57,13500,3.86,9,7500.0, 55.56,2026-06-09
HSBCGOLD, EQ, 09-Jun-2026,131.28,132.51,132.51,131.28,131.85,131.52,131.57,150182,197.59,36,150173.0, 99.99,2026-06-09
HSCL, EQ, 09-Jun-2026,667.2,663.0,683.2,647.4,679.0,679.5,664.53,14690494,97622.8,118257,1171581.0, 7.98,2026-06-09
HTMEDIA, EQ, 09-Jun-2026,22.57,22.35,22.86,22.1,22.5,22.52,22.56,88599,19.99,200,70232.0, 79.27,2026-06-09
HUBTOWN, EQ, 09-Jun-2026,197.1,193.55,198.4,192.5,197.0,196.93,194.53,505851,984.04,3751,344547.0, 68.11,2026-06-09
HUDCO, EQ, 09-Jun-2026,204.12,205.1,209.8,204.11,208.0,208.98,207.55,2250936,4671.73,23461,1051745.0, 46.72,2026-06-09
HUHTAMAKI, EQ, 09-Jun-2026,165.89,168.23,174.5,168.23,171.4,171.14,170.88,216753,370.38,4649,123478.0, 56.97,2026-06-09
HVAX, SM, 09-Jun-2026,664.05,632.75,663.0,632.75,656.0,656.0,648.9,750,4.87,4,450.0, 60.00,2026-06-09
HYBRIDFIN, EQ, 09-Jun-2026,16.49,16.51,16.99,15.63,16.13,16.52,16.31,9836,1.6,128,8889.0, 90.37,2026-06-09
HYUNDAI, EQ, 09-Jun-2026,1894.7,1902.3,1920.0,1878.7,1894.0,1898.6,1899.52,482035,9156.37,18647,266988.0, 55.39,2026-06-09
IBLFL, SM, 09-Jun-2026,57.55,57.5,57.5,57.5,57.5,57.5,57.5,6000,3.45,3,6000.0, 100.00,2026-06-09
IBULLSLTD, BE, 09-Jun-2026,23.32,23.47,24.48,23.47,24.48,24.47,24.28,6375666,1547.74,6446,, -,2026-06-09
ICDSLTD, EQ, 09-Jun-2026,43.11,45.0,45.8,42.11,45.56,45.18,43.82,2229,0.98,34,1571.0, 70.48,2026-06-09
ICEMAKE, EQ, 09-Jun-2026,741.35,750.0,767.9,748.05,760.0,755.05,755.28,20544,155.17,1283,10790.0, 52.52,2026-06-09
ICICIAMC, EQ, 09-Jun-2026,3233.5,3270.0,3309.8,3238.0,3249.0,3248.0,3255.04,319892,10412.61,34624,202606.0, 63.34,2026-06-09
ICICIB22, EQ, 09-Jun-2026,117.5,116.5,119.85,116.5,117.91,117.79,117.53,714780,840.11,3022,458845.0, 64.19,2026-06-09
ICICIBANK, EQ, 09-Jun-2026,1250.2,1255.0,1279.9,1252.7,1276.0,1275.0,1271.49,22368579,284414.92,295130,12042919.0, 53.84,2026-06-09
ICICIGI, EQ, 09-Jun-2026,1738.4,1738.4,1802.4,1738.4,1772.0,1777.7,1784.54,1059311,18903.82,48162,463332.0, 43.74,2026-06-09
ICICIPRULI, EQ, 09-Jun-2026,475.4,481.65,482.75,473.4,474.65,474.75,476.18,804767,3832.15,21429,465796.0, 57.88,2026-06-09
ICIL, EQ, 09-Jun-2026,321.8,321.8,340.9,321.3,335.85,336.5,334.45,569546,1904.85,19406,187136.0, 32.86,2026-06-09
ICRA, EQ, 09-Jun-2026,5119.5,5094.5,5198.0,5094.5,5133.5,5138.0,5151.34,4065,209.4,809,2345.0, 57.69,2026-06-09
IDBI, EQ, 09-Jun-2026,71.85,72.5,75.89,72.25,75.75,75.37,74.47,15955375,11882.67,49023,7509136.0, 47.06,2026-06-09
IDEA, EQ, 09-Jun-2026,14.4,14.8,14.85,14.03,14.21,14.14,14.41,958236360,138119.46,1096107,190659953.0, 19.90,2026-06-09
IDEAFORGE, BE, 09-Jun-2026,938.75,920.0,985.35,913.0,970.0,964.9,962.78,466199,4488.47,10548,, -,2026-06-09
IDEALTECHO, SM, 09-Jun-2026,190.0,170.05,185.0,170.05,185.0,185.0,176.68,1500,2.65,3,500.0, 33.33,2026-06-09
IDENTICAL, ST, 09-Jun-2026,17.3,16.6,17.65,16.45,17.65,17.65,16.71,12000,2.01,6,12000.0, 100.00,2026-06-09
IDFCFIRSTB, EQ, 09-Jun-2026,71.43,72.33,74.5,72.05,73.7,73.69,73.76,42291787,31196.4,105583,13109603.0, 31.00,2026-06-09
IDFNIFTYET, EQ, 09-Jun-2026,254.8,255.95,256.43,254.44,255.2,255.69,255.14,658,1.68,337,353.0, 53.65,2026-06-09
IEML, SM, 09-Jun-2026,47.2,47.85,47.85,44.85,46.15,46.7,45.27,225500,102.09,153,195500.0, 86.70,2026-06-09
IEX, EQ, 09-Jun-2026,118.96,119.55,120.65,118.8,120.5,120.06,119.44,5687146,6792.61,31764,3097599.0, 54.47,2026-06-09
IFBAGRO, BE, 09-Jun-2026,896.7,895.4,908.0,881.1,908.0,885.5,893.16,5961,53.24,317,, -,2026-06-09
IFBIND, EQ, 09-Jun-2026,1239.2,1250.0,1292.4,1243.1,1282.2,1286.0,1276.85,59047,753.94,7409,27246.0, 46.14,2026-06-09
IFCI, EQ, 09-Jun-2026,73.8,74.03,77.39,73.69,77.0,77.07,76.03,47703896,36266.96,104966,8334742.0, 17.47,2026-06-09
IFGLEXPOR, EQ, 09-Jun-2026,190.6,195.87,202.7,192.01,199.95,198.2,197.88,55165,109.16,1860,26516.0, 48.07,2026-06-09
IGARASHI, EQ, 09-Jun-2026,364.55,368.15,381.8,363.1,378.95,375.05,374.88,31138,116.73,1460,14596.0, 46.88,2026-06-09
IGCL, EQ, 09-Jun-2026,55.04,56.77,59.51,55.43,59.51,59.05,57.6,102929,59.28,894,64061.0, 62.24,2026-06-09
IGIL, EQ, 09-Jun-2026,365.3,365.3,377.0,358.25,376.0,372.05,369.01,1115979,4118.03,22729,737216.0, 66.06,2026-06-09
IGL, EQ, 09-Jun-2026,163.62,163.54,163.62,161.0,162.6,162.5,162.37,1879850,3052.36,31188,1068544.0, 56.84,2026-06-09
IGPL, EQ, 09-Jun-2026,438.85,436.95,440.4,428.0,435.6,435.6,433.72,24196,104.94,1347,11358.0, 46.94,2026-06-09
IIFL, EQ, 09-Jun-2026,491.85,493.0,511.8,491.55,506.6,508.05,504.72,1823823,9205.23,42021,684067.0, 37.51,2026-06-09
IIFLCAPS, EQ, 09-Jun-2026,340.0,340.2,346.0,340.2,344.2,344.85,343.62,803987,2762.65,9062,590105.0, 73.40,2026-06-09
IITL, EQ, 09-Jun-2026,137.46,134.99,140.0,134.0,139.9,136.73,138.84,89224,123.88,873,7920.0, 8.88,2026-06-09
IKIO, EQ, 09-Jun-2026,150.55,152.0,155.05,148.0,153.45,154.58,153.03,33759,51.66,1157,18591.0, 55.07,2026-06-09
IKS, EQ, 09-Jun-2026,1658.8,1678.3,1696.8,1653.5,1674.2,1683.5,1673.13,83221,1392.39,9718,39871.0, 47.91,2026-06-09
IL&FSENGG, BZ, 09-Jun-2026,29.01,30.0,30.0,28.5,29.0,29.0,29.07,48528,14.11,102,, -,2026-06-09
IL&FSTRANS, BZ, 09-Jun-2026,2.32,2.32,2.43,2.31,2.34,2.34,2.38,17217,0.41,44,, -,2026-06-09
IMAGICAA, EQ, 09-Jun-2026,42.89,43.5,43.81,42.5,43.09,42.87,42.89,475468,203.94,1285,334959.0, 70.45,2026-06-09
IMFA, EQ, 09-Jun-2026,1449.1,1444.0,1459.8,1415.2,1427.7,1419.6,1431.03,104891,1501.02,9007,56023.0, 53.41,2026-06-09
IMPAL, EQ, 09-Jun-2026,1045.8,1064.0,1080.0,1060.2,1075.0,1073.0,1071.24,1273,13.64,195,939.0, 73.76,2026-06-09
IMPEXFERRO, BZ, 09-Jun-2026,2.42,2.54,2.54,2.54,2.54,2.54,2.54,39707,1.01,16,, -,2026-06-09
INA, EQ, 09-Jun-2026,115.89,117.48,119.4,115.29,118.99,118.43,117.23,686421,804.72,5756,286934.0, 41.80,2026-06-09
INCREDIBLE, EQ, 09-Jun-2026,34.55,35.49,35.96,34.01,35.96,34.25,34.79,3337,1.16,54,1884.0, 56.46,2026-06-09
INDBANK, EQ, 09-Jun-2026,33.1,34.0,34.0,33.1,33.4,33.39,33.51,34581,11.59,254,16289.0, 47.10,2026-06-09
INDGN, EQ, 09-Jun-2026,512.15,515.1,527.5,515.1,525.0,523.4,522.49,227404,1188.16,15046,137053.0, 60.27,2026-06-09
INDHOTEL, EQ, 09-Jun-2026,652.25,657.0,668.0,656.25,666.05,666.7,663.29,1655964,10983.8,29179,935399.0, 56.49,2026-06-09
INDIACEM, EQ, 09-Jun-2026,371.8,372.0,379.9,370.5,376.1,378.05,374.64,99209,371.68,5235,35968.0, 36.25,2026-06-09
INDIAGLYCO, EQ, 09-Jun-2026,977.85,990.0,992.3,975.05,975.05,978.05,980.68,43454,426.14,2870,26234.0, 60.37,2026-06-09
INDIAMART, EQ, 09-Jun-2026,2008.4,2011.9,2022.3,2000.1,2012.0,2010.7,2010.53,58429,1174.73,13251,40014.0, 68.48,2026-06-09
INDIANB, EQ, 09-Jun-2026,843.0,849.95,878.0,847.25,877.0,874.95,866.39,3638354,31522.26,55679,1444075.0, 39.69,2026-06-09
INDIANCARD, EQ, 09-Jun-2026,223.36,229.0,229.0,213.0,214.0,215.25,216.86,1661,3.6,233,947.0, 57.01,2026-06-09
INDIANHUME, EQ, 09-Jun-2026,290.8,291.8,300.35,291.05,297.0,297.0,296.49,39966,118.5,1342,18794.0, 47.02,2026-06-09
INDIASHLTR, EQ, 09-Jun-2026,740.7,744.8,758.0,734.9,744.0,740.2,742.28,24353,180.77,2317,11634.0, 47.77,2026-06-09
INDIGO, EQ, 09-Jun-2026,4359.7,4375.0,4547.9,4375.0,4531.7,4537.6,4488.46,1000203,44893.71,66216,406336.0, 40.63,2026-06-09
INDIGOPNTS, EQ, 09-Jun-2026,930.65,940.65,977.1,934.0,976.85,974.2,963.37,70717,681.27,7373,35183.0, 49.75,2026-06-09
INDIGRID, IV, 09-Jun-2026,171.58,171.98,172.58,171.65,172.0,172.19,172.3,603052,1039.07,6682,525922.0, 87.21,2026-06-09
INDIQUBE, EQ, 09-Jun-2026,157.03,159.6,161.0,153.2,155.25,157.11,157.9,24601,38.85,578,15640.0, 63.57,2026-06-09
INDNIPPON, EQ, 09-Jun-2026,885.2,898.5,901.0,885.45,895.0,895.6,893.25,19718,176.13,1423,10375.0, 52.62,2026-06-09
INDOAMIN, EQ, 09-Jun-2026,129.55,129.2,137.0,128.99,133.92,134.08,134.27,209123,280.79,4305,62776.0, 30.02,2026-06-09
INDOBORAX, EQ, 09-Jun-2026,371.45,374.0,377.0,352.85,363.0,359.1,361.78,102042,369.17,3709,59431.0, 58.24,2026-06-09
INDOCO, EQ, 09-Jun-2026,199.53,202.65,208.0,199.29,207.0,205.86,203.13,111058,225.6,3524,63006.0, 56.73,2026-06-09
INDOFARM, EQ, 09-Jun-2026,128.86,128.76,133.0,128.76,131.2,132.32,131.84,95963,126.52,2034,45552.0, 47.47,2026-06-09
INDORAMA, EQ, 09-Jun-2026,43.83,44.5,49.52,44.5,47.02,46.96,47.15,535236,252.35,4828,206277.0, 38.54,2026-06-09
INDOSTAR, EQ, 09-Jun-2026,240.64,239.89,259.35,239.89,250.15,253.59,250.5,293063,734.14,5249,163762.0, 55.88,2026-06-09
INDOTECH, BE, 09-Jun-2026,2586.9,2616.8,2650.0,2550.0,2599.9,2595.5,2604.88,8364,217.87,589,, -,2026-06-09
INDOTHAI, EQ, 09-Jun-2026,233.76,235.0,239.5,226.05,227.65,227.14,231.82,1333469,3091.31,11721,656423.0, 49.23,2026-06-09
INDOUS, EQ, 09-Jun-2026,96.02,99.4,99.4,94.01,95.8,95.58,95.74,33154,31.74,408,18324.0, 55.27,2026-06-09
INDOWIND, BE, 09-Jun-2026,9.33,9.3,9.35,9.05,9.24,9.23,9.24,150390,13.9,455,, -,2026-06-09
INDPRUD, EQ, 09-Jun-2026,6191.5,6497.0,6497.0,6444.0,6450.0,6448.0,6453.38,20,1.29,14,16.0, 80.00,2026-06-09
INDRAMEDCO, EQ, 09-Jun-2026,389.65,390.0,400.0,388.1,393.7,393.8,393.36,209285,823.24,7055,86491.0, 41.33,2026-06-09
INDSWFTLAB, EQ, 09-Jun-2026,156.74,157.03,165.9,156.71,163.7,161.87,162.61,1700677,2765.44,17920,644125.0, 37.87,2026-06-09
INDTERRAIN, EQ, 09-Jun-2026,32.25,32.25,33.24,32.1,32.25,32.32,32.37,9715,3.14,79,7060.0, 72.67,2026-06-09
INDUSINDBK, EQ, 09-Jun-2026,895.05,896.05,928.0,896.05,925.0,922.8,916.38,1694676,15529.62,43359,550580.0, 32.49,2026-06-09
INDUSINVIT, IV, 09-Jun-2026,125.0,125.8,125.8,124.91,124.96,124.99,125.43,471374,591.24,4018,459919.0, 97.57,2026-06-09
INDUSTOWER, EQ, 09-Jun-2026,426.15,430.0,432.05,417.95,419.6,419.4,423.05,10047596,42506.03,71845,5571510.0, 55.45,2026-06-09
INFINIUM, SM, 09-Jun-2026,203.9,211.0,211.0,206.75,206.75,206.75,208.88,1000,2.09,2,1000.0, 100.00,2026-06-09
INFLUX, SM, 09-Jun-2026,232.65,236.9,237.4,231.05,233.05,232.9,233.82,31200,72.95,49,16200.0, 51.92,2026-06-09
INFOBEAN, EQ, 09-Jun-2026,168.99,169.19,175.5,169.19,173.8,174.56,173.23,502017,869.62,6297,160844.0, 32.04,2026-06-09
INFOLLION, SM, 09-Jun-2026,178.5,178.45,186.8,178.45,186.8,186.8,181.18,2400,4.35,4,2400.0, 100.00,2026-06-09
INFOMEDIA, EQ, 09-Jun-2026,5.57,5.74,5.9,5.66,5.88,5.84,5.82,11232,0.65,113,5632.0, 50.14,2026-06-09
INFRA, EQ, 09-Jun-2026,11.82,12.11,12.11,11.82,11.89,11.89,11.85,28270,3.35,114,21099.0, 74.63,2026-06-09
INFRABEES, EQ, 09-Jun-2026,940.01,944.97,945.0,938.01,942.25,943.73,942.25,3920,36.94,413,2065.0, 52.68,2026-06-09
INFRAIETF, EQ, 09-Jun-2026,93.58,93.68,94.41,93.42,94.41,93.98,93.78,493325,462.66,6552,464224.0, 94.10,2026-06-09
INFY, EQ, 09-Jun-2026,1187.6,1193.6,1193.6,1167.3,1181.7,1180.3,1176.06,10984054,129179.04,190190,5396204.0, 49.13,2026-06-09
INGERRAND, EQ, 09-Jun-2026,3913.3,3949.9,3970.0,3905.0,3957.5,3955.5,3944.33,31263,1233.12,6660,19033.0, 60.88,2026-06-09
INM, SM, 09-Jun-2026,164.85,164.85,165.0,164.85,165.0,165.0,164.93,1200,1.98,2,1200.0, 100.00,2026-06-09
INNOMET, ST, 09-Jun-2026,94.5,99.2,99.2,96.1,96.1,96.1,98.7,12600,12.44,16,12600.0, 100.00,2026-06-09
INNOVACAP, EQ, 09-Jun-2026,870.05,883.1,918.2,874.6,918.2,914.7,903.81,71460,645.87,5160,41939.0, 58.69,2026-06-09
INNOVANA, EQ, 09-Jun-2026,313.05,320.45,320.55,292.8,310.0,300.55,301.57,24246,73.12,1156,18629.0, 76.83,2026-06-09
INNOVISION, EQ, 09-Jun-2026,293.95,298.5,298.5,292.0,293.9,293.65,293.92,22790,66.99,961,10363.0, 45.47,2026-06-09
INOXGREEN, EQ, 09-Jun-2026,170.92,171.5,178.0,171.11,177.9,175.5,174.02,876097,1524.55,10575,424626.0, 48.47,2026-06-09
INOXINDIA, EQ, 09-Jun-2026,1665.1,1675.1,1753.0,1655.8,1682.0,1686.7,1693.2,594115,10059.54,36507,153740.0, 25.88,2026-06-09
INOXWIND, EQ, 09-Jun-2026,84.51,85.0,86.43,84.5,86.02,86.14,85.32,8040524,6859.91,32824,2665831.0, 33.15,2026-06-09
INSECTICID, EQ, 09-Jun-2026,704.6,711.1,727.0,705.45,722.4,724.85,719.85,14456,104.06,819,7026.0, 48.60,2026-06-09
INSPIRISYS, BE, 09-Jun-2026,118.44,123.0,123.0,113.9,116.98,115.73,116.29,6323,7.35,61,, -,2026-06-09
INTELLECT, EQ, 09-Jun-2026,722.0,727.9,756.0,722.0,750.2,751.9,741.88,503191,3733.08,21620,198832.0, 39.51,2026-06-09
INTENTECH, EQ, 09-Jun-2026,90.66,92.6,97.0,90.61,95.1,95.83,94.85,91370,86.66,801,56025.0, 61.32,2026-06-09
INTERARCH, EQ, 09-Jun-2026,1703.8,1724.2,1740.0,1705.0,1730.0,1723.1,1719.76,49783,856.15,5262,18554.0, 37.27,2026-06-09
INTERNET, EQ, 09-Jun-2026,11.73,11.82,11.86,11.74,11.85,11.85,11.82,11050,1.31,114,8550.0, 77.38,2026-06-09
INTLCONV, EQ, 09-Jun-2026,79.49,79.2,81.75,79.2,80.75,80.15,79.97,47603,38.07,1256,30272.0, 63.59,2026-06-09
INVENTURE, EQ, 09-Jun-2026,0.95,0.96,0.96,0.94,0.96,0.95,0.95,626952,5.98,352,449139.0, 71.64,2026-06-09
INVICTA, ST, 09-Jun-2026,64.25,62.95,64.0,61.2,61.2,61.2,62.12,49600,30.81,30,48000.0, 96.77,2026-06-09
INVPRECQ, EQ, 09-Jun-2026,591.15,604.95,620.0,585.25,592.0,613.3,604.6,5059,30.59,290,3874.0, 76.58,2026-06-09
IOB, EQ, 09-Jun-2026,32.71,32.75,33.59,32.75,33.4,33.43,33.28,5238165,1743.31,13802,2489222.0, 47.52,2026-06-09
IOC, EQ, 09-Jun-2026,135.6,137.0,138.44,136.35,138.28,138.13,137.46,12417792,17069.94,75789,6510624.0, 52.43,2026-06-09
IOLCP, EQ, 09-Jun-2026,126.92,128.1,133.5,128.0,133.0,132.84,131.55,1335676,1757.11,11125,703121.0, 52.64,2026-06-09
IONEXCHANG, EQ, 09-Jun-2026,340.8,345.0,348.15,336.9,346.95,346.85,341.17,180506,615.84,7214,95018.0, 52.64,2026-06-09
IPCALAB, EQ, 09-Jun-2026,1649.4,1649.4,1670.0,1626.0,1635.0,1634.0,1643.41,116776,1919.11,15131,55350.0, 47.40,2026-06-09
IPHL, SM, 09-Jun-2026,59.75,59.0,59.0,57.55,57.55,57.55,58.28,2400,1.4,2,2400.0, 100.00,2026-06-09
IPL, EQ, 09-Jun-2026,153.84,154.9,163.28,154.0,161.19,161.69,158.82,238681,379.07,4443,107038.0, 44.85,2026-06-09
IPSL, SM, 09-Jun-2026,254.65,260.0,260.0,260.0,260.0,260.0,260.0,500,1.3,1,500.0, 100.00,2026-06-09
IRB, EQ, 09-Jun-2026,20.65,21.15,21.52,20.38,20.38,20.51,20.84,34325323,7155.09,54641,11847939.0, 34.52,2026-06-09
IRBINVIT, IV, 09-Jun-2026,60.66,60.82,60.88,60.51,60.6,60.59,60.66,394913,239.55,4629,355413.0, 90.00,2026-06-09
IRCON, EQ, 09-Jun-2026,133.55,134.18,137.0,134.18,137.0,136.29,135.63,1525617,2069.25,19230,425022.0, 27.86,2026-06-09
IRCTC, EQ, 09-Jun-2026,516.1,517.0,520.0,515.5,518.5,517.85,517.36,323769,1675.05,15101,164138.0, 50.70,2026-06-09
IREDA, EQ, 09-Jun-2026,120.16,120.01,123.17,120.0,122.51,122.47,122.04,6352175,7751.94,36292,1553129.0, 24.45,2026-06-09
IRFC, EQ, 09-Jun-2026,94.7,95.21,96.2,95.0,96.02,96.01,95.67,6794999,6500.68,35620,2231859.0, 32.85,2026-06-09
IRIS, EQ, 09-Jun-2026,237.0,235.0,244.45,233.4,234.0,237.65,238.43,19638,46.82,660,11939.0, 60.80,2026-06-09
IRISDOREME, EQ, 09-Jun-2026,36.06,35.57,36.32,35.57,36.19,36.03,35.99,228680,82.29,285,15777.0, 6.90,2026-06-09
IRMENERGY, EQ, 09-Jun-2026,258.35,258.35,261.95,255.0,257.05,256.85,257.01,116151,298.52,2058,30132.0, 25.94,2026-06-09
ISFT, EQ, 09-Jun-2026,85.34,85.7,86.0,84.1,85.98,85.06,85.29,7379,6.29,155,4768.0, 64.62,2026-06-09
ISGEC, EQ, 09-Jun-2026,900.9,909.8,909.8,889.9,899.0,900.25,898.44,44012,395.42,5602,25778.0, 58.57,2026-06-09
ISHAN, SM, 09-Jun-2026,0.6,0.6,0.6,0.6,0.6,0.6,0.6,48000,0.29,1,48000.0, 100.00,2026-06-09
ISHANCH, EQ, 09-Jun-2026,61.38,60.5,60.5,58.6,58.6,59.32,59.33,9817,5.82,110,6411.0, 65.31,2026-06-09
IT, EQ, 09-Jun-2026,31.77,31.78,32.05,31.33,31.6,31.55,31.48,754161,237.42,1633,233497.0, 30.96,2026-06-09
ITADD, EQ, 09-Jun-2026,30.18,30.4,31.44,29.99,30.0,30.22,30.13,24459,7.37,146,12824.0, 52.43,2026-06-09
ITBEES, EQ, 09-Jun-2026,31.73,32.36,32.36,31.43,31.72,31.68,31.61,10843556,3427.98,21839,6177735.0, 56.97,2026-06-09
ITBETA, EQ, 09-Jun-2026,301.3,302.24,302.24,296.65,299.0,299.0,299.03,1077,3.22,48,650.0, 60.35,2026-06-09
ITC, EQ, 09-Jun-2026,279.45,281.7,281.7,277.15,280.0,280.0,279.45,12302522,34379.66,253064,6283872.0, 51.08,2026-06-09
ITCHOTELS, EQ, 09-Jun-2026,150.36,152.0,152.08,149.32,150.95,150.87,150.61,2895360,4360.78,38531,1501645.0, 51.86,2026-06-09
ITDC, EQ, 09-Jun-2026,599.7,595.9,603.0,587.15,594.2,593.9,593.77,578152,3432.87,23224,109881.0, 19.01,2026-06-09
ITETF, EQ, 09-Jun-2026,30.28,30.31,30.38,29.95,30.2,30.17,30.11,354595,106.77,1116,235859.0, 66.52,2026-06-09
ITI, EQ, 09-Jun-2026,296.3,296.95,302.25,295.65,301.0,300.2,298.37,299267,892.91,7753,96283.0, 32.17,2026-06-09
ITIETF, EQ, 09-Jun-2026,31.79,32.01,32.01,31.42,31.7,31.68,31.59,479050,151.33,1792,306039.0, 63.88,2026-06-09
IVALUE, EQ, 09-Jun-2026,230.1,230.3,238.0,229.83,238.0,236.13,232.2,185896,431.64,1756,111560.0, 60.01,2026-06-09
IVC, EQ, 09-Jun-2026,8.02,8.05,8.28,8.03,8.23,8.11,8.14,253619,20.65,812,191768.0, 75.61,2026-06-09
IVP, EQ, 09-Jun-2026,166.98,169.0,173.0,165.0,170.51,170.7,168.3,5549,9.34,156,3281.0, 59.13,2026-06-09
IVZINGOLD, EQ, 09-Jun-2026,130.4,132.35,132.5,131.45,132.0,132.0,131.99,14231,18.78,84,8156.0, 57.31,2026-06-09
IVZINNIFTY, EQ, 09-Jun-2026,2637.1,2703.02,2703.02,2643.2,2653.8,2653.8,2652.09,109,2.89,14,71.0, 65.14,2026-06-09
IWARE, ST, 09-Jun-2026,339.0,339.5,340.0,330.0,330.0,330.0,333.3,7200,24.0,11,7200.0, 100.00,2026-06-09
IWP, EQ, 09-Jun-2026,34.52,33.25,35.51,32.51,35.39,34.75,33.84,7857,2.66,199,4810.0, 61.22,2026-06-09
IXIGO, EQ, 09-Jun-2026,151.68,152.0,159.85,151.68,155.8,156.16,156.93,2707756,4249.32,39044,1451504.0, 53.61,2026-06-09
IZMO, EQ, 09-Jun-2026,963.25,1011.4,1011.4,952.65,990.0,992.9,998.08,410737,4099.48,9458,180091.0, 43.85,2026-06-09
J&KBANK, EQ, 09-Jun-2026,148.16,148.3,157.89,148.3,157.2,156.98,154.58,10294037,15912.52,56880,4207949.0, 40.88,2026-06-09
JAGRAN, EQ, 09-Jun-2026,63.39,63.89,64.62,63.39,64.39,64.05,64.01,449674,287.83,3126,243397.0, 54.13,2026-06-09
JAGSNPHARM, EQ, 09-Jun-2026,198.62,201.4,203.0,199.5,203.0,201.75,201.35,16444,33.11,582,7297.0, 44.37,2026-06-09
JAIBALAJI, BE, 09-Jun-2026,66.82,67.34,67.79,65.1,67.0,67.24,66.67,163749,109.17,1044,, -,2026-06-09
JAICORPLTD, EQ, 09-Jun-2026,110.14,111.79,113.9,110.36,113.8,113.33,112.29,413519,464.34,5299,162269.0, 39.24,2026-06-09
JAINIK, SM, 09-Jun-2026,128.5,128.0,134.8,126.0,129.3,129.3,129.45,14400,18.64,11,10800.0, 75.00,2026-06-09
JAINREC, EQ, 09-Jun-2026,339.3,341.65,379.8,336.4,372.0,368.7,366.07,20590766,75377.26,282875,1553083.0, 7.54,2026-06-09
JAIPURKURT, EQ, 09-Jun-2026,28.83,29.55,29.79,28.3,28.89,29.33,29.41,20450,6.01,141,16138.0, 78.91,2026-06-09
JALAN, SM, 09-Jun-2026,2.1,2.1,2.2,2.0,2.15,2.15,2.13,27000,0.58,8,27000.0, 100.00,2026-06-09
JAMNAAUTO, EQ, 09-Jun-2026,117.38,118.0,119.9,117.51,119.8,119.41,118.51,1089086,1290.68,9340,513058.0, 47.11,2026-06-09
JARO, EQ, 09-Jun-2026,549.9,555.05,556.0,532.05,532.1,533.7,542.24,112797,611.63,2876,29647.0, 26.28,2026-06-09
JASH, EQ, 09-Jun-2026,433.3,437.55,449.0,434.55,448.0,446.85,442.36,115921,512.79,4997,66628.0, 57.48,2026-06-09
JAYAGROGN, EQ, 09-Jun-2026,219.8,221.49,226.79,219.4,219.65,220.38,221.88,2463,5.46,152,1395.0, 56.64,2026-06-09
JAYBARMARU, EQ, 09-Jun-2026,140.76,143.0,144.5,134.01,139.68,138.82,138.7,2243485,3111.78,24032,594053.0, 26.48,2026-06-09
JAYBEE, ST, 09-Jun-2026,88.7,86.1,89.95,85.0,85.0,86.75,87.93,31000,27.26,50,27000.0, 87.10,2026-06-09
JAYESH, SM, 09-Jun-2026,165.0,165.0,165.0,165.0,165.0,165.0,165.0,21000,34.65,15,21000.0, 100.00,2026-06-09
JAYKAY, EQ, 09-Jun-2026,177.41,179.54,182.49,178.21,180.7,179.9,180.62,147430,266.28,2270,62470.0, 42.37,2026-06-09
JAYNECOIND, EQ, 09-Jun-2026,89.0,89.05,93.72,89.05,90.74,90.5,91.41,4750538,4342.66,33191,2052598.0, 43.21,2026-06-09
JAYSREETEA, EQ, 09-Jun-2026,83.2,83.44,84.86,82.24,83.26,83.11,83.11,15696,13.05,312,10202.0, 65.00,2026-06-09
JBCHEPHARM, EQ, 09-Jun-2026,2172.8,2197.5,2216.1,2165.6,2211.5,2210.2,2201.39,190472,4193.02,14465,129111.0, 67.78,2026-06-09
JBMA, EQ, 09-Jun-2026,652.55,656.2,681.9,654.2,678.95,676.75,667.36,878368,5861.89,29732,190838.0, 21.73,2026-06-09
JETFREIGHT, EQ, 09-Jun-2026,22.66,22.67,23.39,21.7,21.95,21.88,22.25,275128,61.21,1187,190818.0, 69.36,2026-06-09
JEYYAM, SM, 09-Jun-2026,28.55,28.55,28.65,27.55,28.6,28.6,28.26,12000,3.39,4,10000.0, 83.33,2026-06-09
JFLLIFE, SM, 09-Jun-2026,9.5,9.9,9.9,9.9,9.9,9.9,9.9,12000,1.19,2,12000.0, 100.00,2026-06-09
JGCHEM, EQ, 09-Jun-2026,424.6,427.0,452.85,424.25,438.0,438.1,441.72,292968,1294.09,8931,120142.0, 41.01,2026-06-09
JHS, EQ, 09-Jun-2026,7.92,7.92,8.2,7.6,8.02,8.02,7.97,80517,6.41,322,69250.0, 86.01,2026-06-09
JINDALPHOT, EQ, 09-Jun-2026,1133.6,1133.6,1183.4,1131.2,1141.1,1146.9,1152.8,20784,239.6,2184,5607.0, 26.98,2026-06-09
JINDALPOLY, EQ, 09-Jun-2026,638.0,643.9,669.9,637.55,669.9,669.9,662.56,61620,408.27,2615,30252.0, 49.09,2026-06-09
JINDALSAW, EQ, 09-Jun-2026,236.1,236.1,242.0,236.1,241.7,239.81,239.5,1095617,2623.99,19559,354642.0, 32.37,2026-06-09
JINDALSTEL, EQ, 09-Jun-2026,1156.3,1157.8,1168.4,1143.5,1148.0,1149.9,1151.44,745517,8584.19,22499,352340.0, 47.26,2026-06-09
JINDRILL, EQ, 09-Jun-2026,612.2,612.2,620.0,603.85,617.7,614.7,610.95,338573,2068.52,8393,58551.0, 17.29,2026-06-09
JINDWORLD, EQ, 09-Jun-2026,27.64,27.9,29.5,27.88,29.2,28.97,28.63,1207143,345.54,4530,195295.0, 16.18,2026-06-09
JIOFIN, EQ, 09-Jun-2026,228.86,229.57,234.49,229.57,234.2,234.21,233.15,9959663,23221.31,75513,4207981.0, 42.25,2026-06-09
JISLDVREQS, EQ, 09-Jun-2026,22.85,22.39,23.29,22.39,23.08,23.07,22.89,4021,0.92,58,3359.0, 83.54,2026-06-09
JISLJALEQS, EQ, 09-Jun-2026,30.57,30.59,30.99,30.38,30.97,30.86,30.69,1502287,461.0,5278,760803.0, 50.64,2026-06-09
JITFINFRA, EQ, 09-Jun-2026,295.95,297.5,304.35,294.1,300.0,297.5,299.05,10762,32.18,379,6766.0, 62.87,2026-06-09
JIWANRAM, SM, 09-Jun-2026,5.2,5.15,5.15,5.15,5.15,5.15,5.15,6000,0.31,1,6000.0, 100.00,2026-06-09
JKCEMENT, EQ, 09-Jun-2026,4767.0,4784.0,4850.0,4751.0,4815.0,4822.0,4804.16,53669,2578.35,10694,24972.0, 46.53,2026-06-09
JKIL, EQ, 09-Jun-2026,467.5,468.9,476.5,466.0,475.0,475.45,471.84,53782,253.77,3242,27045.0, 50.29,2026-06-09
JKIPL, BE, 09-Jun-2026,98.31,94.4,100.0,94.4,96.6,99.09,97.33,11969,11.65,115,, -,2026-06-09
JKLAKSHMI, EQ, 09-Jun-2026,591.3,591.25,596.5,589.0,593.0,590.15,592.56,49337,292.35,3869,25393.0, 51.47,2026-06-09
JKPAPER, EQ, 09-Jun-2026,349.55,355.0,357.25,348.9,354.2,355.7,352.56,105663,372.52,4107,53455.0, 50.59,2026-06-09
JKTYRE, EQ, 09-Jun-2026,365.7,370.9,372.0,366.0,370.7,370.8,369.53,691279,2554.49,20525,264426.0, 38.25,2026-06-09
JLHL, EQ, 09-Jun-2026,1333.2,1350.0,1355.0,1325.0,1343.0,1336.6,1337.9,16521,221.03,2334,10236.0, 61.96,2026-06-09
JMA, EQ, 09-Jun-2026,92.94,93.7,94.5,92.0,94.17,93.9,93.59,19780,18.51,296,14557.0, 73.59,2026-06-09
JMFINANCIL, EQ, 09-Jun-2026,117.8,118.91,120.4,118.6,119.25,119.22,119.25,2321948,2768.96,19788,1344769.0, 57.92,2026-06-09
JNKINDIA, EQ, 09-Jun-2026,418.35,450.15,502.0,430.0,496.0,484.05,464.96,22223455,103330.78,348860,886207.0, 3.99,2026-06-09
JOCIL, BE, 09-Jun-2026,148.0,148.0,154.7,148.0,154.0,154.0,152.97,3195,4.89,56,, -,2026-06-09
JPOLYINVST, EQ, 09-Jun-2026,1088.7,1089.7,1132.8,1085.6,1127.0,1115.0,1108.88,16034,177.8,1606,6638.0, 41.40,2026-06-09
JPPOWER, EQ, 09-Jun-2026,18.51,18.65,18.8,18.39,18.58,18.58,18.57,69948844,12986.16,44739,21867808.0, 31.26,2026-06-09
JSFB, EQ, 09-Jun-2026,471.9,470.0,480.5,470.0,473.0,475.15,476.98,326811,1558.83,7097,193704.0, 59.27,2026-06-09
JSL, EQ, 09-Jun-2026,665.7,668.0,672.55,662.1,669.8,665.55,667.4,540517,3607.39,38671,292154.0, 54.05,2026-06-09
JSLL, EQ, 09-Jun-2026,614.25,623.45,629.4,592.9,609.0,602.35,601.34,1720796,10347.88,38567,408430.0, 23.73,2026-06-09
JSWCEMENT, EQ, 09-Jun-2026,126.49,127.1,127.2,126.06,126.73,126.77,126.68,751462,951.97,9297,323259.0, 43.02,2026-06-09
JSWDULUX, EQ, 09-Jun-2026,3168.1,3181.0,3200.0,3080.7,3115.1,3116.8,3124.48,12195,381.03,4086,5400.0, 44.28,2026-06-09
JSWENERGY, EQ, 09-Jun-2026,570.95,580.55,583.45,567.55,570.85,570.4,572.44,1964709,11246.83,39394,784521.0, 39.93,2026-06-09
JSWHL, EQ, 09-Jun-2026,12282.0,12282.0,12506.0,12161.0,12281.0,12405.0,12315.13,2761,340.02,1086,1501.0, 54.36,2026-06-09
JSWINFRA, EQ, 09-Jun-2026,268.45,271.0,285.55,270.35,285.25,282.8,279.34,3072705,8583.2,39589,1599471.0, 52.05,2026-06-09
JSWSTEEL, EQ, 09-Jun-2026,1260.7,1265.0,1273.0,1257.1,1259.1,1261.7,1264.04,1070798,13535.33,51510,545380.0, 50.93,2026-06-09
JTEKTINDIA, EQ, 09-Jun-2026,119.43,119.98,122.36,119.46,121.0,120.83,120.76,600416,725.09,4857,425456.0, 70.86,2026-06-09
JTLIND, EQ, 09-Jun-2026,70.06,70.48,75.2,68.89,75.12,74.38,73.1,6129091,4480.64,29858,2072831.0, 33.82,2026-06-09
JUBLCPL, EQ, 09-Jun-2026,1816.8,1833.3,1850.1,1790.0,1801.0,1811.6,1813.99,4071,73.85,551,2660.0, 65.34,2026-06-09
JUBLFOOD, EQ, 09-Jun-2026,414.6,415.2,424.5,411.95,423.0,422.8,419.27,2037113,8541.1,38724,900435.0, 44.20,2026-06-09
JUBLINGREA, EQ, 09-Jun-2026,618.0,618.5,638.15,618.5,628.65,625.6,627.84,157536,989.07,16335,74646.0, 47.38,2026-06-09
JUBLPHARMA, EQ, 09-Jun-2026,957.35,956.85,980.05,954.6,966.5,971.95,967.5,53063,513.39,4501,24719.0, 46.58,2026-06-09
JUNIORBEES, EQ, 09-Jun-2026,744.88,752.0,756.0,744.73,755.99,755.35,752.65,226454,1704.4,8098,116053.0, 51.25,2026-06-09
JUNIPER, EQ, 09-Jun-2026,201.65,201.65,201.65,195.1,196.3,196.82,197.32,146178,288.44,2788,91426.0, 62.54,2026-06-09
JUSTDIAL, EQ, 09-Jun-2026,517.2,523.55,533.6,515.1,528.05,529.85,522.09,200500,1046.79,6326,141678.0, 70.66,2026-06-09
JWL, EQ, 09-Jun-2026,275.65,278.0,279.8,275.05,278.2,278.85,277.46,665714,1847.09,14348,215749.0, 32.41,2026-06-09
JYOTHYLAB, EQ, 09-Jun-2026,198.43,198.55,200.88,197.91,199.4,199.47,199.48,325618,649.55,9932,187313.0, 57.53,2026-06-09
JYOTICNC, EQ, 09-Jun-2026,609.95,614.95,638.0,611.6,636.05,636.0,630.88,1685717,10634.9,43832,488584.0, 28.98,2026-06-09
JYOTIGLOBL, ST, 09-Jun-2026,39.9,39.0,39.0,39.0,39.0,39.0,39.0,2000,0.78,1,2000.0, 100.00,2026-06-09
JYOTISTRUC, EQ, 09-Jun-2026,12.62,12.71,12.98,12.66,12.95,12.89,12.84,4751479,609.97,4211,2053680.0, 43.22,2026-06-09
K2INFRA, SM, 09-Jun-2026,49.3,49.0,50.8,49.0,50.8,50.8,49.78,7200,3.58,12,6600.0, 91.67,2026-06-09
KABRAEXTRU, EQ, 09-Jun-2026,237.65,244.0,244.0,235.03,236.5,237.73,238.88,16011,38.25,565,8165.0, 51.00,2026-06-09
KAJARIACER, EQ, 09-Jun-2026,1074.8,1070.5,1086.6,1070.5,1083.0,1080.4,1077.51,65359,704.25,5164,35027.0, 53.59,2026-06-09
KAKATCEM, BE, 09-Jun-2026,118.41,120.0,124.0,120.0,124.0,123.4,122.42,1075,1.32,24,, -,2026-06-09
KALAMANDIR, EQ, 09-Jun-2026,103.93,104.15,109.9,104.15,108.7,108.82,108.13,607460,656.84,5870,247901.0, 40.81,2026-06-09
KALANA, SM, 09-Jun-2026,20.8,20.8,20.8,20.8,20.8,20.8,20.8,2000,0.42,1,2000.0, 100.00,2026-06-09
KALPATARU, EQ, 09-Jun-2026,312.65,314.25,319.8,313.75,314.0,314.45,314.76,19112,60.16,593,13825.0, 72.34,2026-06-09
KALYANIFRG, EQ, 09-Jun-2026,600.6,601.0,614.4,593.0,595.6,595.5,598.27,425,2.54,82,313.0, 73.65,2026-06-09
KALYANKJIL, EQ, 09-Jun-2026,354.2,358.35,363.75,351.05,355.3,355.05,355.25,4648249,16513.01,50638,1436160.0, 30.90,2026-06-09
KAMAHOLD, EQ, 09-Jun-2026,2557.9,2559.6,2600.0,2550.1,2562.5,2555.4,2577.85,2110,54.39,275,1591.0, 75.40,2026-06-09
KAMATHOTEL, EQ, 09-Jun-2026,168.95,168.03,173.55,168.03,170.0,170.34,170.84,35357,60.4,1175,23191.0, 65.59,2026-06-09
KAMDHENU, EQ, 09-Jun-2026,25.76,26.0,27.5,26.0,27.39,27.28,26.91,6355996,1710.7,10453,2628990.0, 41.36,2026-06-09
KAMOPAINTS, EQ, 09-Jun-2026,5.05,5.15,5.24,5.05,5.12,5.13,5.15,123278,6.35,456,88903.0, 72.12,2026-06-09
KANANIIND, EQ, 09-Jun-2026,1.56,1.65,1.65,1.55,1.57,1.55,1.57,69085,1.08,146,61993.0, 89.73,2026-06-09
KANCHI, BE, 09-Jun-2026,346.75,353.0,353.0,345.6,351.0,345.8,347.24,377,1.31,22,, -,2026-06-09
KANDARP, SM, 09-Jun-2026,147.35,141.2,144.5,117.9,117.9,119.85,122.3,94000,114.96,62,81000.0, 86.17,2026-06-09
KANORICHEM, BE, 09-Jun-2026,91.98,91.99,93.99,89.12,90.57,90.43,91.57,4451,4.08,41,, -,2026-06-09
KANPRPLA, EQ, 09-Jun-2026,200.18,197.97,202.79,194.51,194.8,196.13,197.66,7850,15.52,388,5310.0, 67.64,2026-06-09
KANSAINER, EQ, 09-Jun-2026,210.67,211.0,211.99,207.46,210.0,209.73,209.43,209543,438.84,8329,133471.0, 63.70,2026-06-09
KAPSTON, EQ, 09-Jun-2026,329.7,338.5,342.0,332.0,342.0,337.5,334.91,7671,25.69,368,4969.0, 64.78,2026-06-09
KARMAENG, EQ, 09-Jun-2026,39.99,39.98,43.53,39.96,41.97,41.98,41.41,6956,2.88,218,3683.0, 52.95,2026-06-09
KARNIKA, SM, 09-Jun-2026,133.5,135.0,135.0,135.0,135.0,135.0,135.0,1000,1.35,1,1000.0, 100.00,2026-06-09
KARURVYSYA, EQ, 09-Jun-2026,281.4,282.95,288.2,281.6,287.0,285.6,284.94,3920864,11172.26,61786,2620363.0, 66.83,2026-06-09
KATARIA, SM, 09-Jun-2026,94.3,97.5,97.95,96.2,96.2,96.2,97.09,4800,4.66,8,2400.0, 50.00,2026-06-09
KAUSHALYA, EQ, 09-Jun-2026,844.05,845.15,859.4,844.0,845.0,845.0,848.43,68,0.58,25,50.0, 73.53,2026-06-09
KAVDEFENCE, EQ, 09-Jun-2026,59.78,59.51,61.45,59.51,61.0,60.44,60.51,80652,48.8,991,56663.0, 70.26,2026-06-09
KAYA, EQ, 09-Jun-2026,239.0,239.8,248.96,239.8,246.5,245.43,244.6,5611,13.72,282,3885.0, 69.24,2026-06-09
KAYNES, EQ, 09-Jun-2026,3027.5,3065.0,3102.6,3051.9,3079.0,3072.8,3075.74,401079,12336.14,27722,94110.0, 23.46,2026-06-09
KAYTEX, SM, 09-Jun-2026,61.0,61.0,61.0,61.0,61.0,61.0,61.0,4000,2.44,4,4000.0, 100.00,2026-06-09
KCEIL, ST, 09-Jun-2026,91.55,88.25,93.9,88.25,92.95,92.8,91.06,27500,25.04,50,19000.0, 69.09,2026-06-09
KCK, SM, 09-Jun-2026,13.45,13.5,14.45,13.0,13.15,13.25,13.85,467500,64.73,107,182500.0, 39.04,2026-06-09
KCP, EQ, 09-Jun-2026,156.73,156.89,165.48,156.89,164.15,164.71,162.35,176963,287.3,3279,90759.0, 51.29,2026-06-09
KCPSUGIND, EQ, 09-Jun-2026,23.89,23.61,24.44,23.08,23.24,23.2,23.32,323605,75.47,1839,218787.0, 67.61,2026-06-09
KDDL, EQ, 09-Jun-2026,2944.8,2980.0,3030.0,2882.0,3027.1,3014.1,2965.11,37251,1104.53,5789,18320.0, 49.18,2026-06-09
KDL, SM, 09-Jun-2026,110.8,111.0,114.0,106.0,109.85,108.85,108.91,18900,20.58,96,14100.0, 74.60,2026-06-09
KEC, EQ, 09-Jun-2026,483.0,487.5,492.25,485.05,491.0,489.05,489.33,344990,1688.15,13720,157269.0, 45.59,2026-06-09
KECL, BE, 09-Jun-2026,105.17,105.17,105.17,103.6,103.6,103.6,104.0,22206,23.1,162,, -,2026-06-09
KEEPLEARN, EQ, 09-Jun-2026,2.0,2.1,2.1,1.98,2.02,2.01,2.01,70826,1.42,70,61869.0, 87.35,2026-06-09
KEI, EQ, 09-Jun-2026,5148.0,5218.0,5308.0,5131.0,5276.5,5281.0,5230.68,204371,10689.98,21784,54649.0, 26.74,2026-06-09
KEL, SM, 09-Jun-2026,80.0,82.9,83.0,81.35,82.0,82.0,82.31,4800,3.95,4,4800.0, 100.00,2026-06-09
KELLTONTEC, EQ, 09-Jun-2026,15.23,15.26,15.9,14.84,15.21,15.2,15.4,4540440,699.29,8298,1620292.0, 35.69,2026-06-09
KEN, SM, 09-Jun-2026,33.25,32.15,35.0,29.4,33.5,33.5,32.3,96000,31.01,63,57600.0, 60.00,2026-06-09
KENNAMET, EQ, 09-Jun-2026,2759.9,2801.3,2828.3,2752.2,2790.0,2793.7,2791.21,3429,95.71,952,2417.0, 70.49,2026-06-09
KERNEX, EQ, 09-Jun-2026,1887.0,1900.0,1939.5,1851.9,1891.0,1889.9,1900.4,178702,3396.05,11190,65663.0, 36.74,2026-06-09
KESORAMIND, BE, 09-Jun-2026,11.12,11.26,11.43,10.66,10.95,10.85,10.99,800605,87.97,2120,, -,2026-06-09
KEYFINSERV, EQ, 09-Jun-2026,253.0,254.25,261.9,251.25,254.15,255.85,256.31,1974,5.06,40,638.0, 32.32,2026-06-09
KFINTECH, EQ, 09-Jun-2026,837.25,841.95,845.95,832.0,843.9,843.95,840.39,752873,6327.07,23745,402910.0, 53.52,2026-06-09
KHADIM, EQ, 09-Jun-2026,100.11,103.4,103.4,99.52,100.0,100.0,100.15,50673,50.75,1310,37129.0, 73.27,2026-06-09
KHAICHEM, BE, 09-Jun-2026,54.55,55.48,55.6,54.21,55.2,55.03,55.01,34884,19.19,387,, -,2026-06-09
KHAITANLTD, BE, 09-Jun-2026,131.05,132.99,134.99,130.31,134.0,133.43,132.63,3140,4.16,51,, -,2026-06-09
KHANDSE, EQ, 09-Jun-2026,18.5,18.9,18.9,17.86,18.0,18.23,18.29,1763,0.32,42,1462.0, 82.93,2026-06-09
KHFM, SM, 09-Jun-2026,60.6,60.9,60.9,60.9,60.9,60.9,60.9,1550,0.94,1,1550.0, 100.00,2026-06-09
KICL, EQ, 09-Jun-2026,4909.5,4888.0,5049.5,4888.0,4951.0,4995.5,4977.64,870,43.31,223,613.0, 70.46,2026-06-09
KILITCH, EQ, 09-Jun-2026,167.12,169.61,190.8,169.55,188.8,187.01,183.44,333257,611.34,3868,82811.0, 24.85,2026-06-09
KIMS, EQ, 09-Jun-2026,801.2,806.0,806.0,778.1,781.0,781.6,790.06,983941,7773.73,40092,446114.0, 45.34,2026-06-09
KINGFA, EQ, 09-Jun-2026,5269.0,5270.0,5385.0,5166.0,5212.0,5196.0,5219.5,4855,253.41,1465,2703.0, 55.67,2026-06-09
KIOCL, EQ, 09-Jun-2026,388.0,391.25,414.0,391.25,411.5,411.25,407.84,595207,2427.47,20553,160181.0, 26.91,2026-06-09
KIRANVYPAR, EQ, 09-Jun-2026,172.19,166.41,190.03,164.98,189.0,186.82,174.2,33579,58.49,864,27109.0, 80.73,2026-06-09
KIRIINDUS, EQ, 09-Jun-2026,400.25,404.45,410.0,399.0,407.95,406.5,404.06,228145,921.85,7696,78952.0, 34.61,2026-06-09
KIRLFER, EQ, 09-Jun-2026,420.35,426.65,426.65,419.95,420.2,420.35,421.49,22577,95.16,1515,16604.0, 73.54,2026-06-09
KIRLOSBROS, EQ, 09-Jun-2026,1700.3,1711.0,1725.0,1696.4,1714.5,1716.8,1711.46,33548,574.16,5464,15425.0, 45.98,2026-06-09
KIRLOSENG, EQ, 09-Jun-2026,1854.0,1859.9,1877.7,1831.4,1858.0,1851.3,1851.42,110895,2053.14,15789,54414.0, 49.07,2026-06-09
KIRLOSIND, EQ, 09-Jun-2026,3120.7,3101.6,3168.4,3087.1,3165.0,3148.8,3132.97,2680,83.96,617,1006.0, 37.54,2026-06-09
KIRLPNU, EQ, 09-Jun-2026,1595.0,1600.0,1680.0,1600.0,1650.0,1645.0,1652.17,227807,3763.76,22417,102379.0, 44.94,2026-06-09
KISSHT, EQ, 09-Jun-2026,270.35,273.0,288.8,273.0,282.9,284.1,281.23,5475316,15398.19,43659,2161306.0, 39.47,2026-06-09
KITEX, EQ, 09-Jun-2026,163.57,164.5,164.71,145.0,146.55,146.17,150.65,3581187,5394.95,29464,1535117.0, 42.87,2026-06-09
KKCL, EQ, 09-Jun-2026,433.45,434.6,440.0,430.0,440.0,436.2,433.84,30327,131.57,995,23173.0, 76.41,2026-06-09
KKJEWELS, SM, 09-Jun-2026,113.95,113.75,117.0,113.75,117.0,116.65,115.65,16000,18.5,14,16000.0, 100.00,2026-06-09
KLBRENG-B, EQ, 09-Jun-2026,478.2,475.0,484.4,465.65,468.9,470.75,474.24,54919,260.45,2059,40908.0, 74.49,2026-06-09
KLL, SM, 09-Jun-2026,35.6,35.9,36.75,32.4,32.4,33.5,34.46,30400,10.47,38,28800.0, 94.74,2026-06-09
KMEW, EQ, 09-Jun-2026,1884.0,1899.0,1968.0,1876.2,1959.1,1959.8,1929.09,73702,1421.77,7268,36821.0, 49.96,2026-06-09
KMSUGAR, EQ, 09-Jun-2026,27.05,27.01,27.5,26.83,27.2,27.17,27.17,114714,31.17,604,79932.0, 69.68,2026-06-09
KNAGRI, EQ, 09-Jun-2026,191.42,194.0,195.98,190.0,193.95,192.62,192.81,12218,23.56,825,5191.0, 42.49,2026-06-09
KNRCON, EQ, 09-Jun-2026,126.87,127.25,128.63,126.3,126.95,127.02,127.25,1298968,1652.97,17058,354953.0, 27.33,2026-06-09
KODYTECH, SM, 09-Jun-2026,832.25,833.0,885.0,820.0,885.0,884.85,864.83,11900,102.91,87,8700.0, 73.11,2026-06-09
KOHINOOR, EQ, 09-Jun-2026,23.83,23.96,24.26,23.7,24.05,23.97,23.94,42077,10.07,1123,18720.0, 44.49,2026-06-09
KOKUYOCMLN, EQ, 09-Jun-2026,82.8,84.85,84.85,82.4,83.5,83.03,83.01,12869,10.68,560,7134.0, 55.44,2026-06-09
KOLTEPATIL, EQ, 09-Jun-2026,360.25,360.05,365.0,351.0,365.0,360.15,357.91,94795,339.28,2392,63454.0, 66.94,2026-06-09
KONSTELEC, ST, 09-Jun-2026,44.45,42.3,42.7,42.3,42.7,42.7,42.54,7000,2.98,5,7000.0, 100.00,2026-06-09
KONTOR, SM, 09-Jun-2026,63.5,60.6,62.0,58.1,58.1,59.05,60.33,34200,20.63,36,30600.0, 89.47,2026-06-09
KOPRAN, BE, 09-Jun-2026,182.0,183.35,185.98,175.15,183.25,183.65,183.03,52810,96.66,631,, -,2026-06-09
KORE, SM, 09-Jun-2026,136.5,136.5,136.5,131.5,131.5,134.0,134.0,500,0.67,2,500.0, 100.00,2026-06-09
KOTAKBANK, EQ, 09-Jun-2026,377.1,379.7,382.45,377.3,382.15,381.7,380.38,13987913,53207.37,93474,8552151.0, 61.14,2026-06-09
KOTARISUG, EQ, 09-Jun-2026,25.03,25.03,25.48,24.61,24.82,25.01,25.04,14468,3.62,202,11088.0, 76.64,2026-06-09
KOTHARIPET, EQ, 09-Jun-2026,114.61,113.52,119.09,113.52,117.75,117.56,117.39,53338,62.61,1334,24253.0, 45.47,2026-06-09
KOTHARIPRO, EQ, 09-Jun-2026,71.1,72.8,75.0,71.0,72.0,71.48,71.93,11801,8.49,171,9940.0, 84.23,2026-06-09
KOTIC, EQ, 09-Jun-2026,158.34,160.0,164.09,153.2,163.0,161.84,161.81,2396,3.88,95,2238.0, 93.41,2026-06-09
KOTYARK, EQ, 09-Jun-2026,402.25,403.0,414.35,403.0,408.6,407.2,408.69,10045,41.05,596,5099.0, 50.76,2026-06-09
KOVAI, EQ, 09-Jun-2026,5517.5,5631.0,5816.5,5555.0,5770.0,5746.0,5710.02,14365,820.24,3611,9208.0, 64.10,2026-06-09
KPEL, EQ, 09-Jun-2026,340.15,341.7,348.8,333.15,348.2,345.5,340.6,213430,726.95,6048,101096.0, 47.37,2026-06-09
KPIGREEN, EQ, 09-Jun-2026,389.75,389.75,395.8,388.6,395.0,394.05,392.67,541676,2126.99,18319,239730.0, 44.26,2026-06-09
KPIL, EQ, 09-Jun-2026,1266.9,1266.9,1315.7,1260.0,1308.0,1306.5,1291.8,94500,1220.75,12727,55349.0, 58.57,2026-06-09
KPITTECH, EQ, 09-Jun-2026,755.3,756.0,773.0,746.05,756.0,756.15,752.67,683944,5147.86,18673,187125.0, 27.36,2026-06-09
KPL, EQ, 09-Jun-2026,2270.8,2271.0,2358.0,2245.3,2342.0,2338.6,2317.89,22503,521.59,3069,12253.0, 54.45,2026-06-09
KPRMILL, EQ, 09-Jun-2026,1037.85,1037.85,1041.3,1019.3,1031.0,1029.75,1028.12,404356,4157.27,35437,271569.0, 67.16,2026-06-09
KRBL, EQ, 09-Jun-2026,343.5,347.6,351.85,344.1,349.8,348.2,347.35,271508,943.07,9702,133509.0, 49.17,2026-06-09
KREBSBIO, EQ, 09-Jun-2026,67.15,67.5,70.4,65.55,67.68,67.02,68.39,12794,8.75,551,7182.0, 56.14,2026-06-09
KRIDHANINF, BE, 09-Jun-2026,3.0,3.01,3.03,2.92,2.99,2.93,2.96,11673,0.35,35,, -,2026-06-09
KRISHANA, EQ, 09-Jun-2026,660.95,670.0,679.5,650.0,677.95,677.65,666.73,106900,712.74,3621,47985.0, 44.89,2026-06-09
KRISHCA, SM, 09-Jun-2026,176.0,175.9,182.0,175.65,182.0,181.55,179.32,18000,32.28,30,11500.0, 63.89,2026-06-09
KRISHIVAL, EQ, 09-Jun-2026,402.85,404.5,404.5,402.9,404.0,403.7,403.57,1513,6.11,84,1347.0, 89.03,2026-06-09
KRISHNADEF, EQ, 09-Jun-2026,1158.2,1167.0,1257.9,1158.3,1243.8,1240.8,1227.73,235365,2889.66,16546,112839.0, 47.94,2026-06-09
KRITI, BE, 09-Jun-2026,73.05,75.0,75.0,73.05,73.05,73.05,73.24,2114,1.55,36,, -,2026-06-09
KRITIKA, EQ, 09-Jun-2026,6.01,6.02,6.09,5.91,6.03,5.98,5.99,124249,7.44,423,85129.0, 68.51,2026-06-09
KRITINUT, BE, 09-Jun-2026,87.22,87.65,88.8,85.33,87.0,86.52,86.35,9425,8.14,73,, -,2026-06-09
KRMAYURVED, ST, 09-Jun-2026,233.95,238.0,238.0,231.15,232.2,232.05,232.7,12000,27.92,10,11000.0, 91.67,2026-06-09
KRN, BE, 09-Jun-2026,1173.4,1180.0,1232.0,1136.0,1232.0,1232.0,1201.0,116226,1395.88,2209,, -,2026-06-09
KRONOX, EQ, 09-Jun-2026,132.29,135.2,139.75,131.12,138.7,138.32,135.1,118784,160.48,1402,54222.0, 45.65,2026-06-09
KROSS, EQ, 09-Jun-2026,181.43,184.0,186.0,181.43,184.4,184.11,184.03,288640,531.17,4536,123130.0, 42.66,2026-06-09
KRSNAA, EQ, 09-Jun-2026,535.5,534.2,555.1,534.2,543.75,544.35,544.2,54103,294.43,3738,26551.0, 49.07,2026-06-09
KRT, RR, 09-Jun-2026,116.53,116.53,117.2,116.21,117.18,116.98,116.86,373540,436.52,18668,288298.0, 77.18,2026-06-09
KRYSTAL, EQ, 09-Jun-2026,576.0,587.0,587.0,576.8,580.5,579.35,579.47,2553,14.79,239,1497.0, 58.64,2026-06-09
KSB, EQ, 09-Jun-2026,804.65,804.65,821.1,795.4,820.0,818.75,807.36,236072,1905.96,13936,148356.0, 62.84,2026-06-09
KSCL, EQ, 09-Jun-2026,845.55,845.0,875.0,845.0,875.0,869.15,861.36,59525,512.72,3445,28609.0, 48.06,2026-06-09
KSHINTL, EQ, 09-Jun-2026,749.8,765.0,828.0,765.0,819.5,819.9,802.94,609473,4893.72,35283,270606.0, 44.40,2026-06-09
KSHITIJPOL, BE, 09-Jun-2026,6.24,6.55,6.55,6.54,6.55,6.54,6.55,10409974,681.8,10025,, -,2026-06-09
KSL, EQ, 09-Jun-2026,793.2,793.05,812.0,793.05,812.0,805.9,803.24,15651,125.71,1640,8341.0, 53.29,2026-06-09
KSOLVES, EQ, 09-Jun-2026,274.45,275.5,279.35,274.65,279.0,276.85,276.96,37880,104.91,3426,20764.0, 54.82,2026-06-09
KSR, BE, 09-Jun-2026,32.17,33.76,33.76,32.41,32.62,32.63,33.38,22713,7.58,45,, -,2026-06-09
KTKBANK, EQ, 09-Jun-2026,256.6,257.55,271.8,257.55,269.3,270.6,267.05,3892012,10393.69,36882,1622960.0, 41.70,2026-06-09
KUANTUM, EQ, 09-Jun-2026,74.13,74.01,76.0,73.07,73.61,73.9,74.13,75008,55.6,1226,52393.0, 69.85,2026-06-09
KWIL, EQ, 09-Jun-2026,32.55,32.99,33.65,32.5,32.9,32.81,32.99,11887544,3921.73,29215,5998031.0, 50.46,2026-06-09
LAGNAM, EQ, 09-Jun-2026,80.27,79.07,81.0,76.51,80.71,80.63,79.82,7286,5.82,120,3894.0, 53.44,2026-06-09
LAHOTIOV, EQ, 09-Jun-2026,42.74,42.74,45.4,42.5,45.2,45.12,44.23,138737,61.37,646,36859.0, 26.57,2026-06-09
LAKPRE, BZ, 09-Jun-2026,5.05,5.05,5.05,4.8,4.8,4.94,4.95,1301,0.06,11,, -,2026-06-09
LAKSHYA, ST, 09-Jun-2026,110.0,105.65,110.0,105.6,110.0,110.0,107.02,4800,5.14,6,4000.0, 83.33,2026-06-09
LAL, EQ, 09-Jun-2026,7.4,7.35,7.6,7.35,7.45,7.46,7.51,9726,0.73,103,6883.0, 70.77,2026-06-09
LALPATHLAB, EQ, 09-Jun-2026,1545.9,1555.0,1585.3,1543.0,1565.0,1575.8,1564.31,126213,1974.36,23698,74490.0, 59.02,2026-06-09
LAMBODHARA, EQ, 09-Jun-2026,103.91,106.7,107.49,104.5,106.0,106.5,106.03,10044,10.65,255,4645.0, 46.25,2026-06-09
LAMOSAIC, SM, 09-Jun-2026,28.75,29.0,30.6,25.65,27.8,27.85,27.81,57600,16.02,41,43800.0, 76.04,2026-06-09
LANCORHOL, EQ, 09-Jun-2026,23.64,23.61,25.15,23.61,24.5,24.51,24.71,35555,8.78,116,31527.0, 88.67,2026-06-09
LANDMARK, EQ, 09-Jun-2026,414.5,410.7,423.0,410.7,419.9,418.8,418.19,86161,360.31,3432,49142.0, 57.04,2026-06-09
LANDSMILL, EQ, 09-Jun-2026,0.87,0.89,0.91,0.87,0.88,0.88,0.89,3531711,31.34,815,1372086.0, 38.85,2026-06-09
LAOPALA, EQ, 09-Jun-2026,171.41,172.5,173.26,170.5,172.0,172.32,171.63,44677,76.68,1072,20133.0, 45.06,2026-06-09
LASA, EQ, 09-Jun-2026,7.66,7.91,7.91,7.2,7.61,7.67,7.54,13070,0.99,128,7685.0, 58.80,2026-06-09
LATENTVIEW, EQ, 09-Jun-2026,300.15,304.0,305.5,299.0,304.8,304.5,303.4,489732,1485.87,12899,186957.0, 38.18,2026-06-09
LATTEYS, BE, 09-Jun-2026,22.97,22.9,22.9,21.84,22.72,22.5,22.25,49293,10.97,230,, -,2026-06-09
LAURUSLABS, EQ, 09-Jun-2026,1404.7,1415.0,1440.0,1399.8,1419.0,1424.4,1421.56,1727331,24555.12,44756,817571.0, 47.33,2026-06-09
LAXMICOT, EQ, 09-Jun-2026,14.74,14.74,15.3,14.01,14.56,14.27,14.45,18251,2.64,475,9618.0, 52.70,2026-06-09
LAXMIDENTL, EQ, 09-Jun-2026,223.45,226.0,228.14,221.82,225.0,224.45,223.8,73791,165.15,2092,29976.0, 40.62,2026-06-09
LAXMIINDIA, BE, 09-Jun-2026,102.85,101.01,102.85,97.97,99.88,98.3,99.74,121594,121.28,711,, -,2026-06-09
LCCINFOTEC, EQ, 09-Jun-2026,4.28,4.49,4.49,4.49,4.49,4.49,4.49,743,0.03,8,743.0, 100.00,2026-06-09
LEMERITE, EQ, 09-Jun-2026,27.99,26.6,26.6,26.6,26.6,26.6,26.6,117498,31.25,189,117498.0, 100.00,2026-06-09
LEMONTREE, EQ, 09-Jun-2026,107.09,108.58,108.96,107.5,108.0,107.99,108.2,1836253,1986.86,24066,1056931.0, 57.56,2026-06-09
LENSKART, EQ, 09-Jun-2026,504.65,507.15,511.5,499.75,504.3,503.4,503.78,4204323,21180.64,58969,2586464.0, 61.52,2026-06-09
LEXUS, EQ, 09-Jun-2026,16.3,17.0,17.0,15.5,15.5,15.55,15.83,28117,4.45,128,19601.0, 69.71,2026-06-09
LFIC, EQ, 09-Jun-2026,142.05,142.2,143.94,142.0,142.06,142.05,142.05,2450,3.48,24,2100.0, 85.71,2026-06-09
LGBBROSLTD, EQ, 09-Jun-2026,1483.8,1470.0,1497.8,1460.2,1472.0,1479.6,1479.15,38822,574.24,3573,21396.0, 55.11,2026-06-09
LGEINDIA, EQ, 09-Jun-2026,1519.9,1529.0,1546.0,1509.9,1543.0,1541.5,1526.52,379564,5794.13,23942,200505.0, 52.83,2026-06-09
LGHL, EQ, 09-Jun-2026,231.69,234.52,235.5,231.25,234.0,233.06,233.49,25333,59.15,485,2260.0, 8.92,2026-06-09
LIBAS, EQ, 09-Jun-2026,12.06,11.93,12.39,11.9,12.18,12.06,12.1,28260,3.42,163,23631.0, 83.62,2026-06-09
LIBERTSHOE, EQ, 09-Jun-2026,240.59,239.05,242.0,235.56,236.8,236.69,237.1,30251,71.73,523,20666.0, 68.32,2026-06-09
LICHSGFIN, EQ, 09-Jun-2026,541.0,541.15,554.0,540.05,552.0,552.75,549.63,589940,3242.47,14256,254865.0, 43.20,2026-06-09
LICI, EQ, 09-Jun-2026,395.5,396.65,404.75,396.15,403.1,403.9,401.35,3137828,12593.56,33594,1639297.0, 52.24,2026-06-09
LICMFGOLD, EQ, 09-Jun-2026,135.65,137.75,139.9,135.35,136.45,136.5,136.8,66643,91.17,856,38059.0, 57.11,2026-06-09
LICNETFGSC, EQ, 09-Jun-2026,28.86,28.86,29.07,28.86,29.02,29.0,29.04,18503,5.37,96,17837.0, 96.40,2026-06-09
LICNETFN50, EQ, 09-Jun-2026,258.96,260.1,260.19,258.16,259.63,259.63,259.45,144,0.37,20,127.0, 88.19,2026-06-09
LICNETFSEN, EQ, 09-Jun-2026,827.0,833.81,833.81,826.86,826.86,826.86,830.82,14,0.12,5,13.0, 92.86,2026-06-09
LICNFNHGP, EQ, 09-Jun-2026,264.48,265.42,265.69,264.47,265.69,265.69,264.98,113,0.3,16,113.0, 100.00,2026-06-09
LICNMID100, EQ, 09-Jun-2026,60.46,60.52,61.9,60.52,61.21,60.88,60.9,4205,2.56,97,2823.0, 67.13,2026-06-09
LIKHITHA, BE, 09-Jun-2026,227.2,238.0,238.0,222.0,229.0,227.11,231.32,60874,140.81,660,, -,2026-06-09
LINC, EQ, 09-Jun-2026,97.35,98.0,99.97,97.0,99.92,98.8,98.35,16968,16.69,375,11501.0, 67.78,2026-06-09
LINCOLN, EQ, 09-Jun-2026,619.8,625.0,649.0,618.0,635.5,637.8,634.7,114243,725.1,3984,69094.0, 60.48,2026-06-09
LINDEINDIA, EQ, 09-Jun-2026,6869.5,6948.5,6974.0,6835.0,6868.0,6855.0,6880.86,16557,1139.26,3581,8719.0, 52.66,2026-06-09
LIQGRWBEES, EQ, 09-Jun-2026,1042.61,1042.55,1042.75,1040.71,1042.75,1042.74,1042.75,56175,585.76,154,50508.0, 89.91,2026-06-09
LIQUID, EQ, 09-Jun-2026,999.99,1000.0,1000.0,999.99,999.99,999.99,999.99,281167,2811.65,170,190174.0, 67.64,2026-06-09
LIQUID1, EQ, 09-Jun-2026,1107.9,1108.04,1108.06,1108.04,1108.06,1108.05,1108.05,377324,4180.93,415,190292.0, 50.43,2026-06-09
LIQUIDADD, EQ, 09-Jun-2026,1130.06,1130.21,1130.23,1130.21,1130.23,1130.22,1130.22,409485,4628.07,545,252446.0, 61.65,2026-06-09
LIQUIDBEES, EQ, 09-Jun-2026,999.99,999.0,1000.01,998.06,999.99,1000.0,1000.0,2213442,22134.42,4077,1504840.0, 67.99,2026-06-09
LIQUIDBETF, EQ, 09-Jun-2026,1084.93,1085.06,1085.08,1085.06,1085.07,1085.07,1085.07,468233,5080.66,155,370542.0, 79.14,2026-06-09
LIQUIDCASE, EQ, 09-Jun-2026,114.42,114.44,114.46,114.44,114.46,114.45,114.45,13450897,15394.59,14613,9014479.0, 67.02,2026-06-09
LIQUIDETF, EQ, 09-Jun-2026,999.99,1000.0,1000.01,999.99,999.99,999.99,1000.0,54227,542.27,181,35249.0, 65.00,2026-06-09
LIQUIDIETF, EQ, 09-Jun-2026,999.99,999.99,1000.01,999.99,1000.0,999.99,1000.0,386589,3865.89,182,343496.0, 88.85,2026-06-09
LIQUIDPLUS, EQ, 09-Jun-2026,1088.88,1089.02,1089.04,1089.02,1089.02,1089.02,1089.03,658170,7167.7,563,488943.0, 74.29,2026-06-09
LIQUIDSBI, EQ, 09-Jun-2026,1000.01,999.99,1000.01,999.99,999.99,999.99,999.99,5701,57.01,22,5434.0, 95.32,2026-06-09
LIQUIDSHRI, EQ, 09-Jun-2026,1107.71,1107.87,1107.87,1107.85,1107.85,1107.85,1107.85,3301,36.57,19,3271.0, 99.09,2026-06-09
LLOYDSENGG, EQ, 09-Jun-2026,69.95,70.93,72.45,69.1,72.15,71.78,70.71,7877241,5569.75,32494,3036314.0, 38.55,2026-06-09
LLOYDSENT, EQ, 09-Jun-2026,64.1,65.0,68.2,64.22,67.8,67.9,66.8,3070054,2050.9,14734,1383539.0, 45.07,2026-06-09
LLOYDSME, EQ, 09-Jun-2026,1711.2,1728.0,1730.0,1705.0,1719.9,1717.2,1718.01,254274,4368.44,13698,115054.0, 45.25,2026-06-09
LMW, EQ, 09-Jun-2026,15580.0,15505.0,15780.0,15505.0,15780.0,15712.0,15673.76,1221,191.38,592,577.0, 47.26,2026-06-09
LODHA, EQ, 09-Jun-2026,870.9,862.4,895.0,862.2,889.85,887.9,886.78,1245149,11041.69,26455,447617.0, 35.95,2026-06-09
LOKESHMACH, BE, 09-Jun-2026,252.55,252.55,265.15,246.15,265.15,265.15,260.36,47196,122.88,373,, -,2026-06-09
LORDSCHLO, EQ, 09-Jun-2026,128.18,128.49,131.69,128.45,130.5,130.93,130.2,4946,6.44,337,2108.0, 42.62,2026-06-09
LOTUSDEV, EQ, 09-Jun-2026,134.19,133.85,139.15,133.85,137.1,137.07,137.56,890204,1224.53,3774,729857.0, 81.99,2026-06-09
LOTUSEYE, EQ, 09-Jun-2026,117.92,117.79,129.0,114.5,122.0,122.39,124.25,103841,129.02,1603,32189.0, 31.00,2026-06-09
LOVABLE, EQ, 09-Jun-2026,71.24,71.0,73.0,70.9,71.65,71.3,71.31,3669,2.62,187,2299.0, 62.66,2026-06-09
LOWVOL, EQ, 09-Jun-2026,196.0,196.98,197.32,196.74,197.32,197.3,196.99,296,0.58,9,179.0, 60.47,2026-06-09
LOWVOL1, EQ, 09-Jun-2026,20.07,20.06,20.59,20.03,20.59,20.34,20.12,755642,152.02,145,712381.0, 94.27,2026-06-09
LOWVOLIETF, EQ, 09-Jun-2026,21.06,21.26,21.26,21.0,21.21,21.2,21.16,439703,93.04,811,250690.0, 57.01,2026-06-09
LPDC, EQ, 09-Jun-2026,6.83,6.7,7.04,6.5,6.61,6.64,6.71,11267,0.76,75,5709.0, 50.67,2026-06-09
LRRPL, SM, 09-Jun-2026,78.5,84.0,84.0,78.5,78.5,78.5,81.25,3000,2.44,2,3000.0, 100.00,2026-06-09
LT, EQ, 09-Jun-2026,3875.5,3924.9,3924.9,3885.0,3904.0,3900.6,3902.93,1506501,58797.69,86389,764030.0, 50.72,2026-06-09
LTF, EQ, 09-Jun-2026,261.7,262.95,266.6,261.95,266.25,265.55,264.03,3578915,9449.42,32367,1465283.0, 40.94,2026-06-09
LTFOODS, EQ, 09-Jun-2026,372.85,372.85,379.85,372.05,376.5,375.95,375.05,237265,889.85,14252,96501.0, 40.67,2026-06-09
LTGILTBEES, EQ, 09-Jun-2026,29.38,29.87,29.87,29.36,29.49,29.49,29.45,1366577,402.43,567,1236170.0, 90.46,2026-06-09
LTGILTCASE, EQ, 09-Jun-2026,29.93,30.53,30.53,29.7,30.0,30.03,30.01,133981,40.2,635,92595.0, 69.11,2026-06-09
LTM, EQ, 09-Jun-2026,3977.7,3995.9,4012.0,3961.1,4007.1,3999.9,3986.25,213453,8508.76,21045,95140.0, 44.57,2026-06-09
LTTS, EQ, 09-Jun-2026,3165.2,3209.2,3448.0,3168.1,3413.5,3417.7,3354.1,331860,11130.92,37947,103765.0, 31.27,2026-06-09
LUMAXIND, EQ, 09-Jun-2026,5265.5,5268.0,5350.5,5265.5,5300.0,5291.5,5293.59,6766,358.16,2053,2852.0, 42.15,2026-06-09
LUMAXTECH, EQ, 09-Jun-2026,1609.0,1609.0,1660.0,1591.4,1660.0,1643.4,1633.89,145541,2377.98,16524,68279.0, 46.91,2026-06-09
LUPIN, EQ, 09-Jun-2026,2254.5,2261.7,2271.4,2247.3,2263.0,2264.2,2263.15,732939,16587.49,21999,496796.0, 67.78,2026-06-09
LUXIND, EQ, 09-Jun-2026,1312.0,1322.0,1332.0,1291.1,1332.0,1317.7,1309.55,60316,789.87,2971,40290.0, 66.80,2026-06-09
LXCHEM, EQ, 09-Jun-2026,151.34,151.87,156.1,151.34,155.24,155.54,154.69,589067,911.23,6880,186321.0, 31.63,2026-06-09
LYKALABS, EQ, 09-Jun-2026,63.69,64.95,70.05,63.42,70.05,70.05,67.98,221017,150.25,1693,151198.0, 68.41,2026-06-09
LYPSAGEMS, EQ, 09-Jun-2026,4.95,4.95,5.12,4.81,4.99,4.93,5.0,32071,1.6,182,25693.0, 80.11,2026-06-09
M&M, EQ, 09-Jun-2026,2966.0,2995.9,3015.9,2974.0,2997.9,2990.1,2996.89,2527267,75739.52,120075,1561077.0, 61.77,2026-06-09
M&MFIN, EQ, 09-Jun-2026,280.75,282.8,285.95,281.75,285.5,285.0,283.92,1066725,3028.6,23814,503471.0, 47.20,2026-06-09
MAANALU, EQ, 09-Jun-2026,125.78,125.9,128.44,125.15,126.9,126.41,126.83,46142,58.52,971,23795.0, 51.57,2026-06-09
MACOBSTECH, SM, 09-Jun-2026,213.75,224.0,224.0,219.0,224.0,224.0,222.61,9600,21.37,12,1600.0, 16.67,2026-06-09
MACPOWER, EQ, 09-Jun-2026,970.25,970.25,1030.45,962.8,1010.0,1014.25,989.56,15538,153.76,1748,7658.0, 49.29,2026-06-09
MADHAV, EQ, 09-Jun-2026,36.55,37.7,37.7,37.0,37.47,37.05,37.01,608,0.23,24,574.0, 94.41,2026-06-09
MADHAVBAUG, SM, 09-Jun-2026,186.8,199.95,199.95,180.0,181.25,180.7,186.13,12400,23.08,27,11200.0, 90.32,2026-06-09
MADHAVIPL, EQ, 09-Jun-2026,8.31,8.2,8.63,8.2,8.44,8.49,8.51,215610,18.35,357,105517.0, 48.94,2026-06-09
MADHUCON, EQ, 09-Jun-2026,5.47,5.47,5.59,5.11,5.29,5.33,5.31,9055,0.48,51,7399.0, 81.71,2026-06-09
MADHUSUDAN, SM, 09-Jun-2026,155.05,155.0,155.0,149.15,149.15,149.15,151.91,7000,10.63,7,5000.0, 71.43,2026-06-09
MADRASFERT, EQ, 09-Jun-2026,66.32,66.99,69.0,66.32,68.02,68.55,68.0,71430,48.57,928,28543.0, 39.96,2026-06-09
MAFANG, EQ, 09-Jun-2026,202.2,190.84,190.84,190.84,190.84,190.84,190.84,228922,436.87,838,228922.0, 100.00,2026-06-09
MAFATIND, EQ, 09-Jun-2026,125.05,127.41,129.0,124.5,128.96,127.86,126.6,27514,34.83,951,14418.0, 52.40,2026-06-09
MAGADSUGAR, EQ, 09-Jun-2026,447.35,450.0,457.8,448.2,452.0,452.25,450.77,1183,5.33,161,951.0, 80.39,2026-06-09
MAGNUM, EQ, 09-Jun-2026,19.66,20.88,20.88,19.42,19.94,19.91,19.75,41836,8.26,173,31993.0, 76.47,2026-06-09
MAGSON, ST, 09-Jun-2026,170.0,170.0,170.0,161.5,161.5,161.5,162.56,29000,47.14,10,28000.0, 96.55,2026-06-09
MAHABANK, EQ, 09-Jun-2026,79.61,80.01,84.25,79.6,84.01,83.97,82.88,37941831,31446.18,105089,16899773.0, 44.54,2026-06-09
MAHAPEXLTD, EQ, 09-Jun-2026,47.38,47.49,48.6,46.73,46.9,47.02,47.34,4121,1.95,94,3256.0, 79.01,2026-06-09
MAHASTEEL, BE, 09-Jun-2026,913.25,885.1,916.2,885.0,915.0,895.95,891.27,746,6.65,60,, -,2026-06-09
MAHEPC, EQ, 09-Jun-2026,106.22,108.48,108.48,105.51,106.22,106.24,106.4,51880,55.2,1135,32845.0, 63.31,2026-06-09
MAHESHWARI, BE, 09-Jun-2026,66.58,67.0,69.8,65.0,69.75,69.39,67.69,21978,14.88,110,, -,2026-06-09
MAHICKRA, ST, 09-Jun-2026,245.0,249.0,252.0,249.0,252.0,252.0,250.5,1500,3.76,2,1500.0, 100.00,2026-06-09
MAHKTECH, EQ, 09-Jun-2026,24.45,23.82,23.82,23.82,23.82,23.82,23.82,212422,50.6,752,211549.0, 99.59,2026-06-09
MAHLIFE, EQ, 09-Jun-2026,334.45,332.95,339.0,332.9,338.0,334.7,334.78,43255,144.81,3670,25657.0, 59.32,2026-06-09
MAHLOG, EQ, 09-Jun-2026,337.95,339.0,347.0,336.6,347.0,345.3,340.72,114982,391.77,2503,62385.0, 54.26,2026-06-09
MAHSCOOTER, EQ, 09-Jun-2026,12167.0,12322.0,12654.0,12201.0,12230.0,12287.0,12300.76,1844,226.83,1147,698.0, 37.85,2026-06-09
MAHSEAMLES, EQ, 09-Jun-2026,614.8,619.0,619.0,607.1,610.25,610.05,610.1,47959,292.6,4951,21392.0, 44.60,2026-06-09
MAITHANALL, EQ, 09-Jun-2026,982.6,981.0,1006.8,981.0,1004.0,1002.0,997.06,21547,214.84,1533,8965.0, 41.61,2026-06-09
MAITREYA, SM, 09-Jun-2026,157.2,154.0,154.0,154.0,154.0,154.0,154.0,400,0.62,1,400.0, 100.00,2026-06-09
MAJESAUT, EQ, 09-Jun-2026,334.1,320.05,340.0,320.05,331.15,331.3,332.29,2194,7.29,154,1486.0, 67.73,2026-06-09
MAKEINDIA, EQ, 09-Jun-2026,157.36,157.3,158.79,157.3,158.69,158.39,158.19,17793,28.15,297,13501.0, 75.88,2026-06-09
MAL, SM, 09-Jun-2026,32.0,30.5,32.0,30.4,30.4,30.4,30.58,32000,9.78,18,25600.0, 80.00,2026-06-09
MALLCOM, EQ, 09-Jun-2026,999.7,1001.45,1002.2,960.0,977.0,965.15,974.12,8981,87.49,793,6234.0, 69.41,2026-06-09
MALUPAPER, EQ, 09-Jun-2026,31.78,31.86,33.4,31.86,32.5,32.53,32.84,5670,1.86,137,4280.0, 75.49,2026-06-09
MAMATA, EQ, 09-Jun-2026,362.05,365.0,370.35,363.25,369.8,367.05,366.26,39332,144.06,1922,14571.0, 37.05,2026-06-09
MANAKALUCO, EQ, 09-Jun-2026,34.31,34.55,40.95,34.32,40.8,40.12,38.35,505130,193.71,3026,267141.0, 52.89,2026-06-09
MANAKCOAT, EQ, 09-Jun-2026,103.64,105.41,106.9,102.56,106.0,105.63,104.5,122668,128.18,1423,82010.0, 66.86,2026-06-09
MANAKSIA, EQ, 09-Jun-2026,58.06,59.7,59.7,57.52,58.03,58.28,58.07,7410,4.3,303,5257.0, 70.94,2026-06-09
MANAKSTEEL, BE, 09-Jun-2026,67.34,67.0,67.4,65.0,67.4,66.81,66.41,5445,3.62,79,, -,2026-06-09
MANALIPETC, EQ, 09-Jun-2026,62.33,62.5,62.99,61.61,62.81,62.52,62.3,192878,120.17,1914,92878.0, 48.15,2026-06-09
MANAPPURAM, EQ, 09-Jun-2026,299.2,299.2,308.5,299.2,308.0,307.25,304.94,1762490,5374.53,21107,807573.0, 45.82,2026-06-09
MANBA, EQ, 09-Jun-2026,117.01,117.5,120.39,116.5,119.99,118.22,117.89,37229,43.89,516,17029.0, 45.74,2026-06-09
MANCREDIT, EQ, 09-Jun-2026,206.18,209.27,211.9,206.16,210.0,209.07,209.46,230002,481.76,692,79612.0, 34.61,2026-06-09
MANGALAM, EQ, 09-Jun-2026,28.45,28.45,29.5,28.0,28.4,28.33,28.35,19795,5.61,209,12938.0, 65.36,2026-06-09
MANGLMCEM, EQ, 09-Jun-2026,841.95,838.85,849.0,836.45,837.0,844.25,844.69,19547,165.11,1678,11318.0, 57.90,2026-06-09
MANILAM, SM, 09-Jun-2026,62.0,59.8,63.0,59.5,63.0,61.9,61.34,16000,9.82,8,14000.0, 87.50,2026-06-09
MANINDS, EQ, 09-Jun-2026,506.0,504.9,524.45,502.05,517.0,519.1,516.49,642143,3316.62,12631,224611.0, 34.98,2026-06-09
MANINFRA, EQ, 09-Jun-2026,111.33,111.33,116.19,111.32,114.9,115.03,114.56,1305460,1495.49,8634,413550.0, 31.68,2026-06-09
MANKIND, EQ, 09-Jun-2026,2357.4,2380.0,2397.7,2359.0,2393.0,2391.0,2382.45,313423,7467.15,31542,156670.0, 49.99,2026-06-09
MANOMAY, EQ, 09-Jun-2026,170.34,172.0,197.89,167.31,182.0,184.37,175.38,51348,90.05,842,17809.0, 34.68,2026-06-09
MANORAMA, EQ, 09-Jun-2026,1511.5,1515.0,1544.9,1480.1,1490.0,1490.8,1504.75,107130,1612.04,8962,58355.0, 54.47,2026-06-09
MANORG, BE, 09-Jun-2026,472.15,472.15,479.0,456.5,464.0,459.9,467.68,9481,44.34,161,, -,2026-06-09
MANUFGBEES, EQ, 09-Jun-2026,155.39,156.15,156.75,155.7,155.96,156.62,156.31,1648,2.58,87,1263.0, 76.64,2026-06-09
MANUGRAPH, EQ, 09-Jun-2026,16.33,16.35,18.8,16.3,17.48,17.42,17.96,259512,46.62,899,87221.0, 33.61,2026-06-09
MANYAVAR, EQ, 09-Jun-2026,397.35,398.95,406.5,396.55,400.8,404.0,402.07,54906,220.76,4239,30634.0, 55.79,2026-06-09
MAPMYINDIA, EQ, 09-Jun-2026,840.85,845.0,885.0,837.75,883.8,877.55,865.13,228117,1973.52,11846,105259.0, 46.14,2026-06-09
MARALOVER, BE, 09-Jun-2026,55.93,58.5,58.5,54.0,57.0,57.0,56.84,10489,5.96,69,, -,2026-06-09
MARATHON, EQ, 09-Jun-2026,401.6,402.35,410.0,401.8,404.0,407.5,406.87,64133,260.94,1389,49677.0, 77.46,2026-06-09
MARC, ST, 09-Jun-2026,76.9,76.9,76.9,76.0,76.0,76.0,76.3,3600,2.75,3,3600.0, 100.00,2026-06-09
MARCO, SM, 09-Jun-2026,32.95,34.45,34.45,32.95,32.95,33.0,33.29,7500,2.5,5,6000.0, 80.00,2026-06-09
MARICO, EQ, 09-Jun-2026,809.0,809.55,814.7,804.65,813.5,813.2,809.52,1004237,8129.47,38394,587650.0, 58.52,2026-06-09
MARINE, EQ, 09-Jun-2026,231.95,233.7,245.7,233.7,244.3,243.95,240.04,501191,1203.08,6963,198881.0, 39.68,2026-06-09
MARKOLINES, EQ, 09-Jun-2026,162.84,164.5,167.16,162.75,166.7,166.54,165.61,190782,315.95,1984,37271.0, 19.54,2026-06-09
MARKSANS, EQ, 09-Jun-2026,236.06,238.95,254.0,237.02,253.68,252.75,249.72,6801842,16985.6,70937,2196896.0, 32.30,2026-06-09
MARSONS, EQ, 09-Jun-2026,120.4,121.7,136.94,121.4,124.7,123.16,130.34,8894268,11592.4,68978,882320.0, 9.92,2026-06-09
MARUSHIKA, SM, 09-Jun-2026,85.0,83.0,83.0,82.25,82.25,82.25,82.48,4800,3.96,4,3600.0, 75.00,2026-06-09
MARUTI, EQ, 09-Jun-2026,12912.0,13079.0,13157.0,12851.0,13119.0,13120.0,12990.3,428323,55640.43,54402,232776.0, 54.35,2026-06-09
MASFIN, EQ, 09-Jun-2026,296.35,297.0,304.5,297.0,302.0,303.25,299.93,65458,196.33,2739,27278.0, 41.67,2026-06-09
MASKINVEST, BE, 09-Jun-2026,146.38,143.45,153.0,143.45,153.0,148.02,147.87,212,0.31,6,, -,2026-06-09
MASON, SM, 09-Jun-2026,118.0,119.8,126.5,119.8,126.5,124.45,124.04,7500,9.3,15,7000.0, 93.33,2026-06-09
MASPTOP50, EQ, 09-Jun-2026,82.27,79.75,79.75,79.75,79.75,79.75,79.75,120754,96.3,251,120754.0, 100.00,2026-06-09
MASTEK, EQ, 09-Jun-2026,1613.5,1623.7,1663.8,1606.0,1629.8,1622.1,1616.5,26072,421.45,3291,8686.0, 33.32,2026-06-09
MASTER, SM, 09-Jun-2026,350.55,348.9,349.0,348.9,349.0,349.0,348.95,1000,3.49,2,1000.0, 100.00,2026-06-09
MASTERTR, EQ, 09-Jun-2026,92.02,96.14,106.67,73.62,75.3,75.04,90.38,34763363,31420.83,168722,2715274.0, 7.81,2026-06-09
MATRIMONY, EQ, 09-Jun-2026,404.8,397.1,421.65,397.1,401.0,405.85,407.79,58213,237.39,1726,42240.0, 72.56,2026-06-09
MAWANASUG, BE, 09-Jun-2026,106.45,108.0,108.0,101.13,103.8,103.35,102.48,63172,64.74,455,, -,2026-06-09
MAXESTATES, EQ, 09-Jun-2026,437.15,436.0,443.4,436.0,442.0,441.5,440.76,19850,87.49,602,10878.0, 54.80,2026-06-09
MAXHEALTH, EQ, 09-Jun-2026,1007.45,1011.7,1012.1,995.75,1003.0,1003.1,1004.11,3057440,30699.93,64726,1691862.0, 55.34,2026-06-09
MAXIND, EQ, 09-Jun-2026,155.95,155.5,161.78,155.5,159.89,159.04,158.37,47520,75.26,3158,13551.0, 28.52,2026-06-09
MAXPOSURE, SM, 09-Jun-2026,33.5,32.6,32.6,32.05,32.6,32.6,32.46,12000,3.9,12,7000.0, 58.33,2026-06-09
MAXVOLT, ST, 09-Jun-2026,365.35,369.65,383.6,369.65,383.6,383.6,380.91,14000,53.33,34,14000.0, 100.00,2026-06-09
MAYURUNIQ, EQ, 09-Jun-2026,719.6,720.0,813.4,720.0,799.0,798.85,786.42,1125753,8853.18,37105,419429.0, 37.26,2026-06-09
MAZDA, EQ, 09-Jun-2026,222.03,224.88,232.0,224.88,231.99,229.94,228.78,14062,32.17,594,9904.0, 70.43,2026-06-09
MAZDOCK, EQ, 09-Jun-2026,2389.0,2400.0,2444.0,2395.1,2441.0,2435.3,2424.81,590864,14327.33,28217,152247.0, 25.77,2026-06-09
MBAPL, EQ, 09-Jun-2026,546.15,543.0,564.95,541.1,549.9,553.9,556.52,202095,1124.69,3628,109349.0, 54.11,2026-06-09
MBEL, EQ, 09-Jun-2026,270.35,272.0,277.95,270.35,274.0,275.8,273.78,77489,212.15,3527,41602.0, 53.69,2026-06-09
MBLINFRA, EQ, 09-Jun-2026,28.88,29.05,30.21,27.0,28.45,27.44,28.36,181949,51.6,1069,98637.0, 54.21,2026-06-09
MCCHRLS-B, EQ, 09-Jun-2026,678.55,702.0,702.0,580.0,699.95,690.95,683.72,360,2.46,20,256.0, 71.11,2026-06-09
MCL, EQ, 09-Jun-2026,58.99,59.14,60.17,58.52,59.76,59.07,59.44,28595,17.0,531,19692.0, 68.87,2026-06-09
MCLEODRUSS, BE, 09-Jun-2026,69.5,68.11,68.11,68.11,68.11,68.11,68.11,83843,57.11,139,, -,2026-06-09
MCLOUD, EQ, 09-Jun-2026,24.58,24.95,24.99,24.36,24.5,24.51,24.51,2282656,559.49,4063,1103783.0, 48.36,2026-06-09
MCON, SM, 09-Jun-2026,52.4,55.0,55.0,49.8,49.8,49.8,51.04,19000,9.7,15,17000.0, 89.47,2026-06-09
MCX, EQ, 09-Jun-2026,2823.8,2852.0,2915.0,2795.3,2827.0,2824.8,2851.75,3778873,107764.15,194040,1498985.0, 39.67,2026-06-09
MDL, SM, 09-Jun-2026,70.0,70.0,73.95,66.7,73.95,73.95,70.11,6000,4.21,3,6000.0, 100.00,2026-06-09
MEDANTA, EQ, 09-Jun-2026,1210.4,1213.9,1245.8,1212.9,1242.0,1242.1,1229.47,344622,4237.01,14832,252449.0, 73.25,2026-06-09
MEDIASSIST, EQ, 09-Jun-2026,349.5,348.95,357.65,346.0,353.6,350.85,351.28,56067,196.95,2364,34580.0, 61.68,2026-06-09
MEDICAMEQ, EQ, 09-Jun-2026,223.5,222.0,241.9,222.0,241.0,239.75,233.04,82242,191.66,4200,21201.0, 25.78,2026-06-09
MEDICO, EQ, 09-Jun-2026,43.67,43.98,45.37,41.51,42.82,43.42,43.23,636801,275.28,3803,263545.0, 41.39,2026-06-09
MEDIORG, SM, 09-Jun-2026,21.0,20.3,20.3,20.0,20.0,20.0,20.17,6000,1.21,3,4000.0, 66.67,2026-06-09
MEDPLUS, EQ, 09-Jun-2026,851.9,852.1,862.8,851.9,861.0,861.0,858.2,55865,479.43,10173,32997.0, 59.07,2026-06-09
MEESHO, EQ, 09-Jun-2026,167.96,168.3,169.6,163.12,168.35,166.73,165.79,11136661,18462.94,54893,4036766.0, 36.25,2026-06-09
MEGASTAR, EQ, 09-Jun-2026,301.3,307.55,308.55,290.1,290.1,296.65,297.33,5612,16.69,231,2656.0, 47.33,2026-06-09
MEGATHERM, SM, 09-Jun-2026,222.4,222.4,225.0,212.6,215.0,214.85,217.11,30400,66.0,40,26000.0, 85.53,2026-06-09
MEIL, BE, 09-Jun-2026,311.85,313.0,317.85,306.2,311.9,316.15,313.04,8952,28.02,213,, -,2026-06-09
MENNPIS, EQ, 09-Jun-2026,53.39,53.19,55.75,52.35,54.44,54.25,54.55,28020,15.28,360,19334.0, 69.00,2026-06-09
MENONBE, EQ, 09-Jun-2026,142.42,144.0,170.9,142.15,170.9,169.81,164.5,2890818,4755.47,29144,709372.0, 24.54,2026-06-09
MEP, BZ, 09-Jun-2026,0.86,0.86,0.86,0.85,0.85,0.85,0.85,71952,0.61,36,, -,2026-06-09
MERCANTILE, EQ, 09-Jun-2026,26.39,27.3,27.3,24.37,25.39,25.11,25.45,6712,1.71,116,4328.0, 64.48,2026-06-09
MERCURYEV, BE, 09-Jun-2026,33.34,32.68,32.68,32.68,32.68,32.68,32.68,11665,3.81,116,, -,2026-06-09
METAL, EQ, 09-Jun-2026,13.01,13.33,13.33,12.97,13.08,13.08,13.05,2895438,377.75,7196,1847009.0, 63.79,2026-06-09
METALIETF, EQ, 09-Jun-2026,12.99,13.31,13.31,12.11,13.09,13.08,13.02,23476356,3056.92,11001,15930878.0, 67.86,2026-06-09
METROBRAND, EQ, 09-Jun-2026,991.0,996.2,1005.1,992.6,1001.0,999.5,998.9,13612,135.97,2448,5808.0, 42.67,2026-06-09
METROGLOBL, EQ, 09-Jun-2026,125.83,128.3,130.39,127.0,130.39,127.87,127.78,881,1.13,23,730.0, 82.86,2026-06-09
METROPOLIS, EQ, 09-Jun-2026,529.65,537.05,539.0,529.4,534.0,535.55,534.66,54225,289.92,4394,29528.0, 54.45,2026-06-09
MFML, EQ, 09-Jun-2026,23.84,24.59,24.59,23.11,23.5,23.5,23.96,5105,1.22,30,3679.0, 72.07,2026-06-09
MFSL, EQ, 09-Jun-2026,1577.5,1584.3,1600.9,1573.7,1600.5,1594.1,1591.5,613802,9768.64,30864,353668.0, 57.62,2026-06-09
MGEL, BE, 09-Jun-2026,15.93,15.9,16.6,15.5,16.24,16.48,16.34,1146309,187.35,676,, -,2026-06-09
MGL, EQ, 09-Jun-2026,1069.7,1070.5,1071.9,1044.0,1060.5,1059.1,1054.03,196293,2068.99,17642,84843.0, 43.22,2026-06-09
MGSL, SM, 09-Jun-2026,70.0,71.0,72.0,67.05,68.55,68.1,69.31,38400,26.61,30,28800.0, 75.00,2026-06-09
MHLXMIRU, EQ, 09-Jun-2026,176.55,176.5,176.5,174.0,174.0,174.0,176.33,811,1.43,14,811.0, 100.00,2026-06-09
MHRIL, EQ, 09-Jun-2026,210.4,210.4,243.5,209.29,232.0,231.08,236.2,9356314,22099.68,85153,566825.0, 6.06,2026-06-09
MICEL, EQ, 09-Jun-2026,42.45,42.8,43.33,42.1,43.0,43.0,42.95,1723190,740.15,3015,1417244.0, 82.25,2026-06-09
MID150, EQ, 09-Jun-2026,22.35,22.36,22.62,22.36,22.5,22.6,22.5,21556,4.85,146,13050.0, 60.54,2026-06-09
MID150BEES, EQ, 09-Jun-2026,226.84,228.94,229.69,226.84,229.55,229.38,228.59,628698,1437.12,6613,442384.0, 70.37,2026-06-09
MID150CASE, EQ, 09-Jun-2026,11.01,11.01,13.0,11.01,11.15,11.14,11.12,1894624,210.61,3501,925909.0, 48.87,2026-06-09
MIDCAP, EQ, 09-Jun-2026,17.41,17.46,17.67,17.46,17.66,17.61,17.57,162361,28.53,612,112212.0, 69.11,2026-06-09
MIDCAPADD, EQ, 09-Jun-2026,22.01,22.06,22.3,22.06,22.29,22.29,22.21,13230,2.94,27,7135.0, 53.93,2026-06-09
MIDCAPBETA, EQ, 09-Jun-2026,219.9,223.04,224.79,221.22,224.0,223.79,223.44,7430,16.6,79,5162.0, 69.48,2026-06-09
MIDCAPETF, EQ, 09-Jun-2026,22.37,22.42,22.74,22.42,22.66,22.7,22.64,1493977,338.28,7882,1173880.0, 78.57,2026-06-09
MIDCAPIETF, EQ, 09-Jun-2026,22.69,22.94,23.02,22.68,22.97,22.99,22.93,472449,108.33,1989,306007.0, 64.77,2026-06-09
MIDHANI, EQ, 09-Jun-2026,420.85,426.0,454.0,420.05,450.5,450.35,443.09,3208621,14217.15,59294,1069809.0, 33.34,2026-06-09
MIDQ50ADD, EQ, 09-Jun-2026,240.09,241.78,243.13,241.12,243.13,242.95,242.17,934,2.26,44,790.0, 84.58,2026-06-09
MIDSELIETF, EQ, 09-Jun-2026,18.04,18.22,18.36,18.11,18.36,18.32,18.27,622496,113.75,565,580222.0, 93.21,2026-06-09
MIDSMALL, EQ, 09-Jun-2026,49.39,49.58,50.08,49.51,50.04,50.04,49.84,263782,131.47,839,218003.0, 82.65,2026-06-09
MIDWESTLTD, EQ, 09-Jun-2026,1239.2,1234.0,1270.0,1229.1,1261.0,1262.3,1256.84,16215,203.8,1657,8664.0, 53.43,2026-06-09
MIEL, SM, 09-Jun-2026,13.9,13.5,14.25,13.5,14.25,14.25,14.0,6000,0.84,3,6000.0, 100.00,2026-06-09
MINDACORP, EQ, 09-Jun-2026,633.6,642.0,656.85,633.55,647.95,647.15,644.92,511047,3295.86,29153,219343.0, 42.92,2026-06-09
MINDSPACE, RR, 09-Jun-2026,459.94,460.98,465.0,460.0,460.7,461.92,464.39,383680,1781.78,8282,348435.0, 90.81,2026-06-09
MINDTECK, EQ, 09-Jun-2026,205.72,208.77,213.14,206.5,210.0,209.84,209.94,66214,139.01,1309,18447.0, 27.86,2026-06-09
MIRCELECTR, BE, 09-Jun-2026,37.92,37.41,38.74,37.41,38.2,38.09,38.28,354912,135.86,1419,, -,2026-06-09
MIRZAINT, EQ, 09-Jun-2026,29.86,29.95,30.36,29.61,29.81,29.93,29.91,70987,21.23,514,50135.0, 70.63,2026-06-09
MITCON, BE, 09-Jun-2026,85.5,86.35,86.7,82.05,86.7,82.38,82.51,2409,1.99,28,, -,2026-06-09
MITTAL, EQ, 09-Jun-2026,0.98,1.0,1.04,0.99,1.02,1.01,1.02,473512,4.82,276,322420.0, 68.09,2026-06-09
MKPL, EQ, 09-Jun-2026,4.91,4.85,4.98,4.85,4.91,4.92,4.9,85148,4.17,337,59873.0, 70.32,2026-06-09
MMEL, ST, 09-Jun-2026,36.2,35.0,38.0,34.4,37.9,35.35,36.42,24000,8.74,12,18000.0, 75.00,2026-06-09
MMFL, EQ, 09-Jun-2026,452.3,453.05,455.05,448.1,452.9,451.9,451.08,22684,102.32,1535,12086.0, 53.28,2026-06-09
MMP, EQ, 09-Jun-2026,259.9,264.9,269.5,257.2,268.85,268.4,262.69,23925,62.85,789,12949.0, 54.12,2026-06-09
MMTC, EQ, 09-Jun-2026,65.35,65.7,67.38,65.42,67.03,66.88,66.51,2566646,1707.02,15672,700855.0, 27.31,2026-06-09
MMWL, BE, 09-Jun-2026,13.17,13.46,13.46,12.93,13.05,13.18,13.2,8054,1.06,57,, -,2026-06-09
MNC, EQ, 09-Jun-2026,32.01,32.3,32.58,31.83,32.58,32.33,32.19,37144,11.96,420,19579.0, 52.71,2026-06-09
MOALPHA50, EQ, 09-Jun-2026,50.77,51.48,51.77,51.33,51.73,51.73,51.48,3514,1.81,35,1997.0, 56.83,2026-06-09
MOBANK10, EQ, 09-Jun-2026,15.97,16.04,16.22,16.04,16.22,16.22,16.14,35217,5.68,20,30943.0, 87.86,2026-06-09
MOBIKWIK, EQ, 09-Jun-2026,191.54,191.54,195.31,189.54,191.8,191.49,192.06,986489,1894.6,9594,352008.0, 35.68,2026-06-09
MOBILISE, ST, 09-Jun-2026,107.0,107.0,110.0,105.0,108.0,108.0,106.93,48000,51.33,7,48000.0, 100.00,2026-06-09
MOCAPITAL, EQ, 09-Jun-2026,52.43,52.42,53.5,52.42,53.5,53.27,53.09,503694,267.4,2086,349689.0, 69.42,2026-06-09
MODEFENCE, EQ, 09-Jun-2026,98.38,98.99,100.45,98.38,100.2,100.1,99.68,1475753,1470.97,6495,816612.0, 55.34,2026-06-09
MODINATUR, BE, 09-Jun-2026,440.45,434.0,450.0,418.5,436.75,423.0,427.78,7569,32.38,116,, -,2026-06-09
MODIRUBBER, EQ, 09-Jun-2026,125.58,126.8,129.99,125.0,126.12,126.12,127.07,2431,3.09,59,1966.0, 80.87,2026-06-09
MODIS, EQ, 09-Jun-2026,343.8,344.1,350.0,342.85,344.8,345.0,347.04,20525,71.23,335,12888.0, 62.79,2026-06-09
MODISONLTD, BE, 09-Jun-2026,344.6,327.4,327.4,327.4,327.4,327.4,327.4,12149,39.78,221,, -,2026-06-09
MODTHREAD, EQ, 09-Jun-2026,46.67,43.25,48.24,43.25,45.2,44.83,45.92,1509,0.69,24,1245.0, 82.50,2026-06-09
MOENERGY, EQ, 09-Jun-2026,39.88,39.88,40.03,39.47,39.89,39.76,39.79,298076,118.59,1022,221783.0, 74.40,2026-06-09
MOGOLD, EQ, 09-Jun-2026,148.05,150.0,150.8,149.5,150.2,149.8,150.22,43978,66.06,505,21337.0, 48.52,2026-06-09
MOGSEC, EQ, 09-Jun-2026,64.09,64.1,64.4,64.1,64.4,64.39,64.3,5321,3.42,70,4767.0, 89.59,2026-06-09
MOHEALTH, EQ, 09-Jun-2026,47.55,47.5,48.4,47.02,48.3,48.18,47.91,49247,23.6,436,32515.0, 66.02,2026-06-09
MOHITIND, EQ, 09-Jun-2026,21.98,22.0,22.48,21.98,22.01,22.01,22.08,625,0.14,16,505.0, 80.80,2026-06-09
MOIL, EQ, 09-Jun-2026,290.85,290.9,292.8,288.5,292.6,291.8,291.02,419194,1219.96,11726,149871.0, 35.75,2026-06-09
MOINFRA, EQ, 09-Jun-2026,61.26,61.72,61.88,61.17,61.88,61.85,61.4,2417,1.48,50,1764.0, 72.98,2026-06-09
MOIPO, EQ, 09-Jun-2026,42.49,42.95,43.09,42.66,43.09,43.09,42.93,2511,1.08,20,1993.0, 79.37,2026-06-09
MOKSH, EQ, 09-Jun-2026,11.59,11.5,11.8,11.42,11.55,11.52,11.55,48768,5.63,121,40878.0, 83.82,2026-06-09
MOL, EQ, 09-Jun-2026,47.23,47.94,48.34,47.1,48.02,47.98,47.7,274124,130.77,2624,133527.0, 48.71,2026-06-09
MOLDTECH, EQ, 09-Jun-2026,115.51,117.0,120.5,116.41,119.66,119.6,119.54,45993,54.98,464,35154.0, 76.43,2026-06-09
MOLDTKPAC, EQ, 09-Jun-2026,687.1,697.4,697.4,682.85,693.0,693.7,691.99,52845,365.68,2746,30944.0, 58.56,2026-06-09
MOLOWVOL, EQ, 09-Jun-2026,35.45,35.67,35.67,35.43,35.63,35.63,35.55,8995,3.2,53,7491.0, 83.28,2026-06-09
MOM100, EQ, 09-Jun-2026,64.64,64.41,65.53,64.41,65.47,65.44,65.26,542133,353.79,2540,368075.0, 67.89,2026-06-09
MOM30IETF, EQ, 09-Jun-2026,30.04,30.29,30.66,30.26,30.65,30.59,30.48,313615,95.6,1311,206054.0, 65.70,2026-06-09
MOM50, EQ, 09-Jun-2026,241.44,242.61,244.4,241.07,242.0,242.68,242.4,356176,863.36,134,355546.0, 99.82,2026-06-09
MOMENTUM, EQ, 09-Jun-2026,29.98,30.28,30.53,30.11,30.5,30.52,30.34,22712,6.89,161,15025.0, 66.15,2026-06-09
MOMENTUM30, EQ, 09-Jun-2026,29.39,29.8,30.15,29.74,29.97,30.04,30.01,33411,10.03,63,24884.0, 74.48,2026-06-09
MOMENTUM50, EQ, 09-Jun-2026,50.92,51.37,52.04,51.25,51.7,51.89,51.58,422275,217.82,1635,226621.0, 53.67,2026-06-09
MOMGF, EQ, 09-Jun-2026,154.62,155.69,156.03,155.57,155.97,155.94,155.9,321,0.5,13,321.0, 100.00,2026-06-09
MOMIDMTM, EQ, 09-Jun-2026,62.1,62.43,63.11,62.32,62.55,62.89,62.6,97115,60.8,201,75447.0, 77.69,2026-06-09
MOMNC, EQ, 09-Jun-2026,31.17,31.17,31.41,31.01,31.01,31.13,31.18,273,0.09,10,236.0, 86.45,2026-06-09
MOMOMENTUM, EQ, 09-Jun-2026,60.02,60.62,61.07,60.22,61.07,60.85,60.56,26677,16.16,391,16109.0, 60.39,2026-06-09
MON100, EQ, 09-Jun-2026,330.89,321.98,321.98,321.98,321.98,321.98,321.98,465060,1497.4,2393,465060.0, 100.00,2026-06-09
MON50EQUAL, EQ, 09-Jun-2026,32.06,32.3,32.31,32.04,32.19,32.19,32.09,4929,1.58,35,3201.0, 64.94,2026-06-09
MONARCH, EQ, 09-Jun-2026,335.15,341.85,344.95,333.95,335.9,336.1,336.11,58053,195.12,708,39993.0, 68.89,2026-06-09
MONEXT50, EQ, 09-Jun-2026,68.91,69.38,69.8,69.21,69.77,69.77,69.53,1526,1.06,44,1478.0, 96.85,2026-06-09
MONEYBOXX, EQ, 09-Jun-2026,72.53,71.8,73.39,70.24,73.11,72.45,72.23,63785,46.07,193,57380.0, 89.96,2026-06-09
MONIFTY100, EQ, 09-Jun-2026,24.21,24.37,24.43,24.21,24.41,24.4,24.29,24486,5.95,48,24157.0, 98.66,2026-06-09
MONIFTY500, EQ, 09-Jun-2026,22.68,23.24,23.24,22.73,22.88,22.89,22.85,404336,92.4,1159,342007.0, 84.58,2026-06-09
MONOLITH, SM, 09-Jun-2026,674.35,676.0,710.0,670.0,693.5,698.35,695.36,96250,669.29,293,64750.0, 67.27,2026-06-09
MONOPHARMA, SM, 09-Jun-2026,11.8,11.8,11.8,11.8,11.8,11.8,11.8,2000,0.24,1,2000.0, 100.00,2026-06-09
MONQ50, EQ, 09-Jun-2026,147.03,139.21,139.21,139.21,139.21,139.21,139.21,73930,102.92,283,73930.0, 100.00,2026-06-09
MONTECARLO, EQ, 09-Jun-2026,535.95,537.0,544.4,532.0,538.25,538.45,537.14,23095,124.05,1185,12606.0, 54.58,2026-06-09
MOPSE, EQ, 09-Jun-2026,102.01,102.04,102.05,102.04,102.05,102.05,102.05,343,0.35,3,343.0, 100.00,2026-06-09
MOQUALITY, EQ, 09-Jun-2026,196.54,197.96,198.57,196.8,198.57,198.57,197.28,2950,5.82,15,1570.0, 53.22,2026-06-09
MORARJEE, BZ, 09-Jun-2026,7.14,7.1,7.14,6.84,6.85,6.85,7.03,7751,0.55,16,, -,2026-06-09
MOREALTY, EQ, 09-Jun-2026,74.9,74.9,76.25,74.9,76.25,75.99,75.69,254383,192.54,1765,126425.0, 49.70,2026-06-09
MOREPENLAB, EQ, 09-Jun-2026,42.87,43.15,49.5,43.06,48.76,48.65,48.36,50122925,24240.28,109912,8008857.0, 15.98,2026-06-09
MOS, SM, 09-Jun-2026,16.9,16.45,16.65,16.25,16.25,16.35,16.39,260000,42.6,49,248000.0, 95.38,2026-06-09
MOSCHIP, EQ, 09-Jun-2026,208.1,210.47,216.49,209.25,214.76,214.11,213.08,2997555,6387.12,26273,826590.0, 27.58,2026-06-09
MOSERVICE, EQ, 09-Jun-2026,29.41,29.55,29.56,29.33,29.56,29.56,29.45,5387,1.59,26,5261.0, 97.66,2026-06-09
MOSILVER, EQ, 09-Jun-2026,236.11,237.99,240.66,237.75,240.61,239.32,239.34,40603,97.18,1011,18655.0, 45.94,2026-06-09
MOSMALL250, EQ, 09-Jun-2026,16.76,17.17,17.17,16.63,17.11,17.06,16.98,1421079,241.37,1751,1006343.0, 70.82,2026-06-09
MOTHERSON, EQ, 09-Jun-2026,139.01,141.7,144.4,140.5,143.6,144.06,142.79,19014375,27150.49,101630,9174694.0, 48.25,2026-06-09
MOTILALOFS, EQ, 09-Jun-2026,821.15,826.15,868.8,826.15,867.5,864.3,853.71,1784522,15234.63,52150,331943.0, 18.60,2026-06-09
MOTISONS, EQ, 09-Jun-2026,11.42,11.45,12.11,11.43,12.03,12.03,11.92,3409807,406.33,4861,1669792.0, 48.97,2026-06-09
MOTOGENFIN, BE, 09-Jun-2026,28.98,28.8,30.34,28.01,30.15,30.0,29.8,123599,36.83,226,, -,2026-06-09
MOTOUR, EQ, 09-Jun-2026,71.6,71.91,72.95,71.86,72.9,72.92,72.37,8822,6.38,85,7999.0, 90.67,2026-06-09
MOVALUE, EQ, 09-Jun-2026,115.68,116.49,117.19,115.61,117.09,116.93,116.09,44004,51.08,723,31986.0, 72.69,2026-06-09
MPEL, SM, 09-Jun-2026,42.1,42.5,42.5,42.0,42.0,42.0,42.25,3200,1.35,2,3200.0, 100.00,2026-06-09
MPHASIS, EQ, 09-Jun-2026,2334.1,2346.0,2364.0,2304.5,2336.0,2340.5,2334.93,232521,5429.19,17261,95599.0, 41.11,2026-06-09
MPSLTD, EQ, 09-Jun-2026,1759.5,1761.0,1880.0,1761.0,1846.0,1842.3,1827.11,19690,359.76,2468,7415.0, 37.66,2026-06-09
MRF, EQ, 09-Jun-2026,122820.0,123390.0,123680.0,122595.0,122625.0,122750.0,122992.03,4774,5871.64,3359,2736.0, 57.31,2026-06-09
MRIL, SM, 09-Jun-2026,42.5,41.5,41.5,41.5,41.5,41.5,41.5,1600,0.66,1,1600.0, 100.00,2026-06-09
MRPL, EQ, 09-Jun-2026,151.55,152.5,161.45,150.81,161.4,160.34,157.75,11033411,17405.02,62652,3556572.0, 32.23,2026-06-09
MSCI360, EQ, 09-Jun-2026,9.68,9.75,9.75,9.73,9.75,9.75,9.74,517,0.05,6,517.0, 100.00,2026-06-09
MSCIADD, EQ, 09-Jun-2026,28.21,28.23,28.42,28.23,28.35,28.35,28.37,451,0.13,6,351.0, 77.83,2026-06-09
MSCIINDIA, EQ, 09-Jun-2026,28.59,28.7,29.09,28.51,29.09,28.79,28.61,7136,2.04,67,5767.0, 80.82,2026-06-09
MSPL, EQ, 09-Jun-2026,40.56,40.9,41.35,40.0,40.12,40.28,40.63,5789581,2352.03,25960,3051615.0, 52.71,2026-06-09
MSTCLTD, EQ, 09-Jun-2026,490.15,499.8,572.0,491.1,543.6,544.95,546.49,9233742,50461.42,154979,1038258.0, 11.24,2026-06-09
MSUMI, EQ, 09-Jun-2026,37.47,38.0,38.28,37.6,38.2,38.16,38.02,13389537,5091.29,33797,8751240.0, 65.36,2026-06-09
MTARTECH, EQ, 09-Jun-2026,7052.0,7173.5,7499.0,7003.0,7465.0,7458.0,7343.68,1560178,114574.44,163527,250480.0, 16.05,2026-06-09
MTEDUCARE, BE, 09-Jun-2026,1.8,1.71,1.89,1.71,1.89,1.88,1.84,13731,0.25,65,, -,2026-06-09
MTNL, EQ, 09-Jun-2026,29.77,30.29,30.3,29.86,30.08,30.14,30.09,660346,198.72,2857,270512.0, 40.97,2026-06-09
MUFIN, EQ, 09-Jun-2026,118.65,119.75,122.0,118.5,120.99,120.66,120.98,1095886,1325.76,5276,488031.0, 44.53,2026-06-09
MUFTI, EQ, 09-Jun-2026,86.58,87.88,89.35,85.24,88.0,88.33,87.6,58312,51.08,1080,23904.0, 40.99,2026-06-09
MUKANDLTD, EQ, 09-Jun-2026,137.15,137.2,138.78,136.55,137.98,137.59,137.44,42538,58.46,1336,18945.0, 44.54,2026-06-09
MUKKA, EQ, 09-Jun-2026,21.64,21.55,21.99,21.55,21.77,21.74,21.71,101540,22.04,582,71392.0, 70.31,2026-06-09
MUKTAARTS, EQ, 09-Jun-2026,61.37,63.7,64.0,61.0,61.02,61.02,61.14,431,0.26,17,275.0, 63.81,2026-06-09
MULTICAP, EQ, 09-Jun-2026,15.77,16.16,16.16,15.84,15.97,15.94,15.87,329464,52.29,390,239796.0, 72.78,2026-06-09
MUNISH, ST, 09-Jun-2026,61.8,64.3,64.85,58.75,58.75,59.45,61.37,33600,20.62,23,28800.0, 85.71,2026-06-09
MUNJALAU, EQ, 09-Jun-2026,92.03,92.79,97.8,90.72,96.9,96.99,95.29,627203,597.65,6043,258742.0, 41.25,2026-06-09
MUNJALSHOW, EQ, 09-Jun-2026,127.85,128.05,129.8,127.42,129.8,129.4,128.93,10179,13.12,268,6020.0, 59.14,2026-06-09
MURUDCERA, EQ, 09-Jun-2026,32.62,33.65,34.25,32.0,32.2,32.37,33.1,38501,12.74,367,28669.0, 74.46,2026-06-09
MUTHOOTCAP, EQ, 09-Jun-2026,195.88,196.8,201.0,195.0,195.99,195.6,196.86,20903,41.15,398,13621.0, 65.16,2026-06-09
MUTHOOTFIN, EQ, 09-Jun-2026,2964.7,2971.0,3008.0,2941.3,3000.9,2991.1,2978.34,699009,20818.86,48674,321172.0, 45.95,2026-06-09
MUTHOOTMF, EQ, 09-Jun-2026,180.29,180.0,185.02,179.0,184.8,183.4,181.5,180471,327.56,2967,99403.0, 55.08,2026-06-09
MVGJL, EQ, 09-Jun-2026,149.71,147.5,153.5,147.5,150.58,150.0,149.55,12896,19.29,599,7632.0, 59.18,2026-06-09
MVKAGRO, SM, 09-Jun-2026,462.3,463.0,463.85,446.0,453.0,455.35,455.73,5700,25.98,17,3900.0, 68.42,2026-06-09
MWL, EQ, 09-Jun-2026,373.6,372.4,379.25,371.8,378.9,377.5,375.92,21507,80.85,362,10632.0, 49.44,2026-06-09
MYMUDRA, SM, 09-Jun-2026,74.0,77.0,77.0,77.0,77.0,77.0,77.0,2400,1.85,2,2400.0, 100.00,2026-06-09
NACLIND, EQ, 09-Jun-2026,169.36,174.49,176.55,169.21,172.09,171.42,172.64,535911,925.21,8786,210916.0, 39.36,2026-06-09
NAGREEKCAP, BE, 09-Jun-2026,27.56,26.51,28.24,26.51,28.1,28.01,28.05,43150,12.1,57,, -,2026-06-09
NAGREEKEXP, EQ, 09-Jun-2026,26.72,26.55,27.95,26.07,26.87,26.63,27.07,5980,1.62,61,4392.0, 73.44,2026-06-09
NAHARCAP, EQ, 09-Jun-2026,247.9,254.8,257.0,249.3,254.95,252.7,254.25,4900,12.46,106,4212.0, 85.96,2026-06-09
NAHARINDUS, EQ, 09-Jun-2026,115.81,115.81,118.39,115.21,116.8,117.08,117.13,21508,25.19,930,11220.0, 52.17,2026-06-09
NAHARPOLY, EQ, 09-Jun-2026,244.3,247.6,249.85,240.35,246.7,245.65,244.75,7307,17.88,435,4643.0, 63.54,2026-06-09
NAHARSPING, BE, 09-Jun-2026,274.45,269.0,271.0,269.0,269.9,269.9,269.33,8060,21.71,33,, -,2026-06-09
NAM-INDIA, EQ, 09-Jun-2026,1055.2,1055.2,1088.6,1055.2,1085.0,1084.8,1070.9,1593023,17059.76,41431,752435.0, 47.23,2026-06-09
NAMAN, SM, 09-Jun-2026,46.5,45.05,47.95,45.05,45.45,45.45,46.28,7200,3.33,8,4800.0, 66.67,2026-06-09
NAMOEWASTE, SM, 09-Jun-2026,226.25,229.95,230.0,224.6,225.5,225.8,227.51,21600,49.14,27,16800.0, 77.78,2026-06-09
NARMADA, EQ, 09-Jun-2026,36.54,36.61,38.22,36.6,38.2,37.77,37.5,415340,155.74,1981,213926.0, 51.51,2026-06-09
NATCAPSUQ, EQ, 09-Jun-2026,157.9,159.0,160.0,155.4,156.0,158.85,158.16,2515,3.98,51,2340.0, 93.04,2026-06-09
NATCOPHARM, EQ, 09-Jun-2026,868.3,871.3,878.6,856.8,867.9,865.0,865.4,864594,7482.23,47783,386439.0, 44.70,2026-06-09
NATHBIOGEN, EQ, 09-Jun-2026,166.17,165.1,171.28,165.1,168.15,169.37,168.37,9551,16.08,295,5490.0, 57.48,2026-06-09
NATIONALUM, EQ, 09-Jun-2026,378.2,378.45,385.3,370.2,385.0,383.9,378.22,12056098,45599.1,112934,5087360.0, 42.20,2026-06-09
NATIONSTD, EQ, 09-Jun-2026,1200.0,1248.0,1270.0,1242.0,1242.0,1242.0,1267.27,99,1.25,15,99.0, 100.00,2026-06-09
NAUKRI, EQ, 09-Jun-2026,999.2,1011.85,1011.85,972.4,982.0,982.6,987.94,915803,9047.62,37066,428633.0, 46.80,2026-06-09
NAVA, EQ, 09-Jun-2026,586.15,587.45,596.3,581.6,596.2,594.6,588.93,308630,1817.61,16272,136009.0, 44.07,2026-06-09
NAVINFLUOR, EQ, 09-Jun-2026,6863.5,6930.0,6967.0,6786.0,6845.5,6828.5,6842.93,82138,5620.64,16028,43727.0, 53.24,2026-06-09
NAVKARCORP, EQ, 09-Jun-2026,95.47,96.2,98.0,95.72,97.4,97.67,96.78,177244,171.53,1683,99908.0, 56.37,2026-06-09
NAVKARURB, EQ, 09-Jun-2026,0.95,0.96,0.96,0.93,0.95,0.95,0.94,3684224,34.75,288,3449383.0, 93.63,2026-06-09
NAVNETEDUL, EQ, 09-Jun-2026,139.73,139.75,141.0,137.5,139.99,140.41,139.26,74992,104.43,1584,43960.0, 58.62,2026-06-09
NAZARA, EQ, 09-Jun-2026,268.05,271.8,281.5,270.7,278.5,278.55,277.55,2213761,6144.31,17991,1110605.0, 50.17,2026-06-09
NBCC, EQ, 09-Jun-2026,103.46,104.0,106.31,103.1,106.01,105.83,104.56,11519116,12044.86,47172,2928739.0, 25.43,2026-06-09
NBIFIN, EQ, 09-Jun-2026,1898.7,1920.0,1940.0,1607.0,1800.0,1811.8,1760.48,1605,28.26,191,725.0, 45.17,2026-06-09
NCC, EQ, 09-Jun-2026,143.46,144.7,145.69,142.5,143.6,143.72,143.9,1622291,2334.5,18150,854404.0, 52.67,2026-06-09
NCLIND, EQ, 09-Jun-2026,182.52,180.1,185.79,180.1,185.4,184.97,184.31,49435,91.11,1135,30321.0, 61.34,2026-06-09
NDGL, EQ, 09-Jun-2026,2454.4,2425.1,2470.0,2425.1,2465.0,2467.5,2460.97,23,0.57,10,18.0, 78.26,2026-06-09
NDL, EQ, 09-Jun-2026,2.51,2.57,2.57,2.5,2.57,2.56,2.54,320643,8.14,1855,267654.0, 83.47,2026-06-09
NDLVENTURE, EQ, 09-Jun-2026,128.93,129.28,136.2,129.28,132.68,130.03,131.43,52134,68.52,1109,33832.0, 64.89,2026-06-09
NDRAUTO, EQ, 09-Jun-2026,805.65,806.0,812.4,796.1,809.95,803.8,804.19,8575,68.96,753,4039.0, 47.10,2026-06-09
NDTV, EQ, 09-Jun-2026,81.53,82.0,83.18,81.1,81.99,81.91,82.09,418404,343.45,2754,252423.0, 60.33,2026-06-09
NEAGI, EQ, 09-Jun-2026,3135.5,3150.0,3150.0,3060.0,3130.0,3130.0,3101.47,165,5.12,21,165.0, 100.00,2026-06-09
NECCLTD, EQ, 09-Jun-2026,14.96,15.25,15.25,14.82,15.1,15.01,15.09,22858,3.45,664,13375.0, 58.51,2026-06-09
NECLIFE, BE, 09-Jun-2026,11.64,11.78,12.0,11.6,11.6,11.83,11.71,182303,21.35,361,, -,2026-06-09
NEELAM, SM, 09-Jun-2026,12.35,12.95,12.95,11.8,11.8,11.8,12.53,36000,4.51,6,30000.0, 83.33,2026-06-09
NELCAST, EQ, 09-Jun-2026,141.81,141.51,148.79,141.51,143.43,143.63,146.04,248765,363.29,4061,90538.0, 36.39,2026-06-09
NELCO, EQ, 09-Jun-2026,683.3,684.0,704.95,684.0,700.9,699.8,696.92,50841,354.32,2808,20855.0, 41.02,2026-06-09
NEOCHEM, ST, 09-Jun-2026,92.75,92.75,97.35,92.75,97.35,97.35,95.97,9600,9.21,8,9600.0, 100.00,2026-06-09
NEOGEN, EQ, 09-Jun-2026,1909.8,1909.8,1957.2,1901.6,1940.0,1938.8,1934.01,42116,814.53,8615,17869.0, 42.43,2026-06-09
NEPHROCARE, ST, 09-Jun-2026,74.0,74.0,76.15,70.8,76.15,74.05,73.46,3600,2.64,9,2800.0, 77.78,2026-06-09
NEPHROPLUS, EQ, 09-Jun-2026,665.05,671.55,724.0,662.25,721.0,709.25,694.7,371524,2580.98,11924,233305.0, 62.80,2026-06-09
NESCO, EQ, 09-Jun-2026,1084.3,1084.8,1101.0,1074.8,1084.0,1082.4,1089.53,130473,1421.54,7680,108956.0, 83.51,2026-06-09
NESTLEIND, EQ, 09-Jun-2026,1398.9,1399.9,1414.6,1399.4,1409.9,1410.4,1407.81,1298664,18282.66,50253,820484.0, 63.18,2026-06-09
NETF, EQ, 09-Jun-2026,250.8,252.5,252.79,250.0,251.62,252.31,252.05,1036,2.61,100,556.0, 53.67,2026-06-09
NETWEB, EQ, 09-Jun-2026,4264.5,4340.0,4460.0,4276.9,4440.0,4428.2,4379.65,2805015,122849.76,206338,254881.0, 9.09,2026-06-09
NETWORK18, EQ, 09-Jun-2026,31.87,32.04,32.39,31.4,32.14,31.92,31.85,9877722,3146.22,22327,3209531.0, 32.49,2026-06-09
NEULANDLAB, EQ, 09-Jun-2026,16964.0,17100.0,17348.0,16906.0,17200.0,17188.0,17172.77,30364,5214.34,8788,16680.0, 54.93,2026-06-09
NEWGEN, EQ, 09-Jun-2026,478.3,483.9,492.0,476.9,491.0,487.35,483.14,650729,3143.94,15950,114679.0, 17.62,2026-06-09
NEWJAISA, ST, 09-Jun-2026,15.45,14.7,14.7,14.7,14.7,14.7,14.7,15000,2.21,7,15000.0, 100.00,2026-06-09
NEXT30ADD, EQ, 09-Jun-2026,41.56,41.73,41.86,41.61,41.64,41.8,41.71,960,0.4,40,786.0, 81.88,2026-06-09
NEXT50, EQ, 09-Jun-2026,710.8,714.43,721.76,714.43,721.23,720.0,717.39,8561,61.42,463,5723.0, 66.85,2026-06-09
NEXT50ADD, EQ, 09-Jun-2026,69.28,69.76,70.31,69.49,70.01,70.26,70.19,2029,1.42,27,796.0, 39.23,2026-06-09
NEXT50BETA, EQ, 09-Jun-2026,74.39,75.88,75.88,74.61,74.9,75.11,74.95,30323,22.73,438,19301.0, 63.65,2026-06-09
NEXT50ETF, EQ, 09-Jun-2026,69.72,69.72,71.0,69.72,70.76,70.47,70.06,9030,6.33,81,6620.0, 73.31,2026-06-09
NEXT50IETF, EQ, 09-Jun-2026,72.79,73.37,73.79,73.12,73.75,73.72,73.44,386744,284.04,4273,208483.0, 53.91,2026-06-09
NEXTMEDIA, EQ, 09-Jun-2026,3.84,3.99,3.99,3.67,3.8,3.72,3.78,13452,0.51,108,12538.0, 93.21,2026-06-09
NFL, EQ, 09-Jun-2026,72.44,72.74,74.6,72.74,74.4,74.36,73.88,1012635,748.14,8686,370811.0, 36.62,2026-06-09
NFPSAMPOOR, SM, 09-Jun-2026,34.5,27.6,28.05,27.6,27.6,27.6,27.63,364000,100.57,109,334000.0, 91.76,2026-06-09
NGIL, BE, 09-Jun-2026,41.41,40.58,41.9,39.45,40.5,40.5,40.02,5915,2.37,39,, -,2026-06-09
NGLFINE, EQ, 09-Jun-2026,2653.3,2685.1,2946.8,2637.1,2830.0,2820.7,2843.43,33201,944.05,7048,10046.0, 30.26,2026-06-09
NH, EQ, 09-Jun-2026,1921.4,1923.2,1954.8,1908.4,1925.0,1934.3,1933.74,294870,5702.02,45145,169708.0, 57.55,2026-06-09
NHPC, EQ, 09-Jun-2026,73.51,74.07,74.28,73.33,73.9,74.0,73.86,21321638,15749.1,43999,12340779.0, 57.88,2026-06-09
NIACL, EQ, 09-Jun-2026,149.54,149.1,151.66,149.01,150.5,150.9,150.43,306662,461.32,5058,125533.0, 40.94,2026-06-09
NIBE, EQ, 09-Jun-2026,1469.2,1497.9,1555.0,1457.2,1541.0,1541.3,1514.13,198510,3005.69,12007,72604.0, 36.57,2026-06-09
NIBL, EQ, 09-Jun-2026,30.47,31.5,31.5,30.0,31.4,31.12,30.81,12523,3.86,158,9505.0, 75.90,2026-06-09
NIDAN, SM, 09-Jun-2026,14.0,14.0,14.0,14.0,14.0,14.0,14.0,1000,0.14,1,1000.0, 100.00,2026-06-09
NIF100BEES, EQ, 09-Jun-2026,254.72,257.72,257.72,255.22,257.2,257.13,256.54,21429,54.97,771,11914.0, 55.60,2026-06-09
NIF100IETF, EQ, 09-Jun-2026,26.89,27.43,27.82,26.87,27.82,27.06,27.03,65624,17.74,1310,36900.0, 56.23,2026-06-09
NIFTY1, EQ, 09-Jun-2026,255.9,262.29,262.29,253.5,257.9,257.18,256.66,49027,125.83,1408,26841.0, 54.75,2026-06-09
NIFTY100EW, EQ, 09-Jun-2026,34.1,34.1,34.1,33.45,34.05,33.89,33.61,256098,86.08,381,182540.0, 71.28,2026-06-09
NIFTYADD, EQ, 09-Jun-2026,243.11,243.65,244.44,242.77,244.21,244.18,243.61,6312,15.38,212,3752.0, 59.44,2026-06-09
NIFTYBEES, EQ, 09-Jun-2026,262.56,264.37,264.38,262.41,264.02,263.88,263.4,5347766,14085.97,43416,2735633.0, 51.15,2026-06-09
NIFTYBETA, EQ, 09-Jun-2026,255.43,258.02,258.02,255.44,257.02,256.87,256.25,23087,59.16,1624,15747.0, 68.21,2026-06-09
NIFTYBETF, EQ, 09-Jun-2026,237.07,237.34,238.83,236.9,237.89,238.06,238.06,885,2.11,47,827.0, 93.45,2026-06-09
NIFTYCASE, EQ, 09-Jun-2026,9.23,9.46,9.46,9.23,9.29,9.28,9.27,974378,90.31,1562,520976.0, 53.47,2026-06-09
NIFTYETF, EQ, 09-Jun-2026,250.59,251.39,252.31,250.51,252.12,251.82,251.6,75360,189.6,970,52328.0, 69.44,2026-06-09
NIFTYIETF, EQ, 09-Jun-2026,261.2,264.31,264.31,260.89,262.6,262.52,262.04,523071,1370.65,12294,252111.0, 48.20,2026-06-09
NIFTYQLITY, EQ, 09-Jun-2026,20.68,21.01,21.47,20.55,21.29,20.79,20.68,28922,5.98,237,17987.0, 62.19,2026-06-09
NIITLTD, EQ, 09-Jun-2026,93.03,93.03,98.8,92.35,98.21,98.09,97.08,2510579,2437.22,20047,657968.0, 26.21,2026-06-09
NIITMTS, EQ, 09-Jun-2026,224.98,224.7,232.43,222.32,230.0,230.27,228.14,285059,650.33,11756,133727.0, 46.91,2026-06-09
NIKITA, SM, 09-Jun-2026,80.7,79.0,79.0,79.0,79.0,79.0,79.0,2400,1.9,2,2400.0, 100.00,2026-06-09
NILAINFRA, EQ, 09-Jun-2026,7.98,7.86,8.21,7.86,8.02,7.99,8.08,124405,10.05,451,84960.0, 68.29,2026-06-09
NILASPACES, EQ, 09-Jun-2026,12.05,12.05,12.44,12.0,12.09,12.06,12.11,209201,25.32,700,133284.0, 63.71,2026-06-09
NILE, EQ, 09-Jun-2026,1681.7,1690.2,1740.0,1681.6,1710.0,1693.8,1712.59,1134,19.42,262,729.0, 64.29,2026-06-09
NILKAMAL, EQ, 09-Jun-2026,1269.5,1252.0,1279.9,1250.0,1270.0,1259.6,1262.04,4058,51.21,411,2063.0, 50.84,2026-06-09
NIMBSPROJ, BE, 09-Jun-2026,204.23,208.5,211.0,196.5,210.9,209.8,209.18,2840,5.94,54,, -,2026-06-09
NINSYS, BE, 09-Jun-2026,716.4,716.0,745.9,692.0,718.0,718.9,714.17,8508,60.76,323,, -,2026-06-09
NIPPOBATRY, EQ, 09-Jun-2026,354.1,366.0,366.0,346.1,352.6,352.85,350.88,2897,10.16,242,2006.0, 69.24,2026-06-09
NIRAJ, BE, 09-Jun-2026,27.82,27.83,28.44,27.82,27.9,28.09,28.21,7904,2.23,32,, -,2026-06-09
NIRAJISPAT, EQ, 09-Jun-2026,213.0,215.0,215.0,213.0,214.97,214.97,214.91,57,0.12,9,57.0, 100.00,2026-06-09
NIRLON, EQ, 09-Jun-2026,615.05,612.0,620.0,612.0,618.9,617.15,615.32,6684,41.13,292,5994.0, 89.68,2026-06-09
NIRMAN, SM, 09-Jun-2026,41.15,40.15,45.25,40.15,45.25,45.25,44.6,57900,25.82,96,36300.0, 62.69,2026-06-09
NITCO, EQ, 09-Jun-2026,94.05,95.0,99.8,93.7,97.6,97.04,97.63,1346941,1315.02,9185,473686.0, 35.17,2026-06-09
NITINSPIN, EQ, 09-Jun-2026,524.4,526.0,543.5,526.0,542.0,539.0,536.19,110069,590.18,4026,56245.0, 51.10,2026-06-09
NITIRAJ, EQ, 09-Jun-2026,177.26,176.5,188.79,168.0,171.5,171.85,172.19,8826,15.2,331,5771.0, 65.39,2026-06-09
NITTAGELA, EQ, 09-Jun-2026,1443.9,1420.2,1525.0,1405.0,1475.0,1471.0,1473.19,42745,629.72,4304,15391.0, 36.01,2026-06-09
NIVABUPA, EQ, 09-Jun-2026,81.52,81.52,83.96,81.5,83.81,83.27,82.81,882553,730.86,11280,416406.0, 47.18,2026-06-09
NKIND, EQ, 09-Jun-2026,63.95,63.95,64.2,63.95,64.2,64.2,64.2,375,0.24,5,375.0, 100.00,2026-06-09
NLCINDIA, EQ, 09-Jun-2026,335.75,327.2,333.2,320.0,328.6,327.75,326.33,25378370,82816.64,158523,7529847.0, 29.67,2026-06-09
NMDC, EQ, 09-Jun-2026,89.59,90.18,90.77,89.2,90.09,90.04,89.9,32876138,29556.2,64478,16639455.0, 50.61,2026-06-09
NMSTEEL, SM, 09-Jun-2026,23.05,25.6,25.85,24.0,25.5,25.5,25.19,11200,2.82,7,6400.0, 57.14,2026-06-09
NOCIL, EQ, 09-Jun-2026,155.92,157.5,158.08,154.31,156.4,156.44,155.85,320701,499.82,3611,183781.0, 57.31,2026-06-09
NOIDATOLL, BE, 09-Jun-2026,4.73,4.51,4.65,4.5,4.51,4.54,4.54,351461,15.95,456,, -,2026-06-09
NORBTEAEXP, EQ, 09-Jun-2026,80.78,80.8,81.0,77.1,77.52,77.51,77.87,1341,1.04,45,869.0, 64.80,2026-06-09
NORTHARC, EQ, 09-Jun-2026,285.85,286.5,304.0,285.9,302.0,299.95,296.4,703621,2085.54,12103,349079.0, 49.61,2026-06-09
NOVAAGRI, EQ, 09-Jun-2026,26.37,26.6,28.5,26.29,27.91,27.78,27.46,147004,40.37,1255,78594.0, 53.46,2026-06-09
NOVARTIND, EQ, 09-Jun-2026,1351.3,1364.5,1374.8,1308.6,1315.0,1331.4,1347.24,10452,140.81,1048,6597.0, 63.12,2026-06-09
NPBET, EQ, 09-Jun-2026,269.51,270.0,275.02,270.0,274.46,274.44,271.37,2718,7.38,24,2637.0, 97.02,2026-06-09
NPST, EQ, 09-Jun-2026,1468.3,1468.3,1598.0,1455.4,1590.0,1572.8,1541.51,103888,1601.45,6767,57825.0, 55.66,2026-06-09
NRAIL, EQ, 09-Jun-2026,453.6,457.95,460.05,453.5,455.0,455.15,455.84,907,4.13,114,632.0, 69.68,2026-06-09
NRBBEARING, EQ, 09-Jun-2026,428.35,434.95,447.3,415.2,440.0,438.95,433.55,3552328,15401.16,76334,653992.0, 18.41,2026-06-09
NRL, EQ, 09-Jun-2026,74.45,74.4,77.0,72.1,75.94,76.19,76.23,164902,125.7,1091,116834.0, 70.85,2026-06-09
NRVANDANA, ST, 09-Jun-2026,73.95,73.0,74.4,72.9,74.4,74.3,73.45,114000,83.74,15,84000.0, 73.68,2026-06-09
NSIL, EQ, 09-Jun-2026,5461.5,5500.0,5532.0,5448.5,5476.0,5500.5,5482.84,856,46.93,323,486.0, 56.78,2026-06-09
NSLNISP, EQ, 09-Jun-2026,48.31,48.75,49.79,48.25,49.36,49.32,49.04,7588141,3721.35,28971,2827165.0, 37.26,2026-06-09
NTPC, EQ, 09-Jun-2026,362.4,362.8,363.7,355.0,355.95,355.65,356.86,14246656,50841.31,196744,9571753.0, 67.19,2026-06-09
NTPCGREEN, EQ, 09-Jun-2026,99.78,99.95,100.95,99.5,100.8,100.41,100.07,2155589,2157.19,20390,792179.0, 36.75,2026-06-09
NUCLEUS, EQ, 09-Jun-2026,695.4,695.0,708.0,694.0,700.0,700.8,699.61,16914,118.33,1584,7782.0, 46.01,2026-06-09
NURECA, EQ, 09-Jun-2026,229.25,234.95,234.95,230.95,234.1,231.8,232.13,6774,15.72,221,4784.0, 70.62,2026-06-09
NUVAMA, EQ, 09-Jun-2026,1539.8,1539.0,1572.0,1527.5,1560.0,1556.8,1551.45,322056,4996.54,18559,165654.0, 51.44,2026-06-09
NUVOCO, EQ, 09-Jun-2026,310.75,313.7,318.6,305.05,315.4,315.05,311.76,306940,956.92,14608,125252.0, 40.81,2026-06-09
NV20, EQ, 09-Jun-2026,13.92,13.6,14.2,13.52,14.2,13.95,13.94,196063,27.33,201,149726.0, 76.37,2026-06-09
NV20BEES, EQ, 09-Jun-2026,139.55,139.55,140.56,139.0,140.0,140.01,139.49,6329,8.83,177,4021.0, 63.53,2026-06-09
NV20IETF, EQ, 09-Jun-2026,13.59,13.4,13.87,13.3,13.72,13.67,13.62,216441,29.48,1767,115092.0, 53.17,2026-06-09
NXST, RR, 09-Jun-2026,156.54,156.54,156.54,154.91,155.91,155.85,155.46,199478,310.12,6040,141332.0, 70.85,2026-06-09
NXT-INFRA, IV, 09-Jun-2026,97.0,98.0,98.0,98.0,98.0,98.0,98.0,125000,122.5,5,125000.0, 100.00,2026-06-09
NYKAA, EQ, 09-Jun-2026,260.3,262.0,268.8,260.6,266.95,267.05,266.68,6196671,16525.1,35844,4180540.0, 67.46,2026-06-09
OAL, EQ, 09-Jun-2026,314.65,321.0,333.95,315.0,330.25,331.7,327.01,20755,67.87,936,14406.0, 69.41,2026-06-09
OBCL, EQ, 09-Jun-2026,53.73,54.9,59.0,54.5,58.68,58.71,57.4,59381,34.09,293,53307.0, 89.77,2026-06-09
OBEROIRLTY, EQ, 09-Jun-2026,1600.4,1604.5,1639.0,1604.5,1639.0,1632.5,1629.61,331753,5406.27,15448,156223.0, 47.09,2026-06-09
OBSCP, SM, 09-Jun-2026,481.25,492.4,507.8,481.0,492.5,495.4,495.23,53200,263.46,123,35200.0, 66.17,2026-06-09
OCCLLTD, EQ, 09-Jun-2026,134.42,137.0,144.0,131.55,138.5,139.92,137.07,1556834,2133.9,18129,380957.0, 24.47,2026-06-09
ODIGMA, EQ, 09-Jun-2026,20.93,20.7,21.43,20.51,21.38,21.25,21.13,18277,3.86,439,15822.0, 86.57,2026-06-09
OFSS, EQ, 09-Jun-2026,9756.0,9841.0,9862.0,9434.0,9661.0,9639.5,9594.21,252133,24190.18,38187,111181.0, 44.10,2026-06-09
OIL, EQ, 09-Jun-2026,481.0,483.0,483.45,469.15,476.0,475.95,474.84,2629524,12485.93,26134,1168134.0, 44.42,2026-06-09
OILCOUNTUB, BE, 09-Jun-2026,58.38,58.0,60.9,56.01,56.5,56.84,57.86,44791,25.92,277,, -,2026-06-09
OILIETF, EQ, 09-Jun-2026,11.11,11.38,11.43,11.08,11.38,11.22,11.14,1545462,172.22,2686,916757.0, 59.32,2026-06-09
OLAELEC, EQ, 09-Jun-2026,44.43,45.83,49.05,44.62,47.0,47.34,47.58,494797034,235434.5,610778,71717229.0, 14.49,2026-06-09
OLECTRA, EQ, 09-Jun-2026,1240.0,1249.0,1308.0,1246.2,1300.0,1300.0,1285.2,788243,10130.47,38998,231978.0, 29.43,2026-06-09
OLIL, ST, 09-Jun-2026,435.0,446.9,446.9,440.0,440.0,440.0,444.93,2800,12.46,3,2800.0, 100.00,2026-06-09
OMAXAUTO, BE, 09-Jun-2026,222.99,215.55,221.9,212.2,217.5,216.79,216.7,45953,99.58,649,, -,2026-06-09
OMAXE, EQ, 09-Jun-2026,73.57,75.0,77.0,73.78,74.35,74.69,74.8,32316,24.17,689,15818.0, 48.95,2026-06-09
OMFREIGHT, EQ, 09-Jun-2026,81.48,82.92,82.92,80.49,81.2,81.24,81.5,11825,9.64,336,5201.0, 43.98,2026-06-09
OMFURN, ST, 09-Jun-2026,55.0,57.45,57.75,57.45,57.75,57.75,57.6,4800,2.76,4,4800.0, 100.00,2026-06-09
OMINFRAL, EQ, 09-Jun-2026,82.92,83.88,84.77,80.5,81.79,82.67,82.23,116973,96.19,2057,61324.0, 52.43,2026-06-09
OMNI, EQ, 09-Jun-2026,493.1,500.0,512.0,492.1,494.75,494.45,498.84,203035,1012.83,9377,88218.0, 43.45,2026-06-09
OMPOWER, EQ, 09-Jun-2026,183.12,182.75,185.49,180.16,181.1,181.08,182.51,200565,366.06,3152,88845.0, 44.30,2026-06-09
ONDOOR, ST, 09-Jun-2026,162.85,164.0,170.65,155.3,170.5,170.45,166.28,51000,84.8,79,44700.0, 87.65,2026-06-09
ONELIFECAP, BE, 09-Jun-2026,26.31,25.52,27.5,25.52,26.95,26.49,26.34,24368,6.42,99,, -,2026-06-09
ONEPOINT, EQ, 09-Jun-2026,54.65,54.25,55.6,52.57,55.12,53.99,54.14,3874310,2097.71,12481,1663020.0, 42.92,2026-06-09
ONESOURCE, EQ, 09-Jun-2026,1737.8,1725.0,1733.9,1703.0,1712.9,1715.4,1714.93,143763,2465.43,13846,64304.0, 44.73,2026-06-09
ONGC, EQ, 09-Jun-2026,264.65,264.15,265.5,258.3,259.55,259.0,261.06,10796349,28185.37,97690,5583848.0, 51.72,2026-06-09
ONMOBILE, EQ, 09-Jun-2026,49.97,50.9,50.9,49.1,50.6,50.24,49.88,142827,71.24,1190,80172.0, 56.13,2026-06-09
ONWARDTEC, EQ, 09-Jun-2026,258.2,259.2,264.6,254.05,255.15,255.75,257.13,28562,73.44,989,18088.0, 63.33,2026-06-09
ONYX, SM, 09-Jun-2026,42.0,42.0,42.0,42.0,42.0,42.0,42.0,2000,0.84,1,2000.0, 100.00,2026-06-09
OPTIEMUS, EQ, 09-Jun-2026,417.85,421.0,431.4,418.85,426.0,426.9,425.4,104209,443.31,4842,49581.0, 47.58,2026-06-09
OPTIVALUE, SM, 09-Jun-2026,78.3,78.0,79.0,76.95,79.0,78.35,78.22,126400,98.87,17,121600.0, 96.20,2026-06-09
ORBTEXP, EQ, 09-Jun-2026,185.0,185.01,222.0,185.0,222.0,216.85,209.12,135192,282.71,2483,85815.0, 63.48,2026-06-09
ORCHASP, EQ, 09-Jun-2026,1.96,2.0,2.0,1.9,1.94,1.94,1.95,98831,1.93,170,76144.0, 77.04,2026-06-09
ORCHPHARMA, EQ, 09-Jun-2026,842.55,844.0,862.0,841.0,861.0,859.8,853.6,40587,346.45,2353,17393.0, 42.85,2026-06-09
ORIANA, SM, 09-Jun-2026,1681.55,1683.35,1725.0,1681.55,1706.0,1711.65,1704.8,24525,418.1,265,16275.0, 66.36,2026-06-09
ORICONENT, EQ, 09-Jun-2026,58.1,58.1,59.47,57.03,58.3,57.64,58.24,92067,53.62,1734,38491.0, 41.81,2026-06-09
ORIENTALTL, EQ, 09-Jun-2026,6.45,6.58,6.58,6.17,6.32,6.37,6.39,72755,4.65,257,52906.0, 72.72,2026-06-09
ORIENTBELL, EQ, 09-Jun-2026,310.3,312.0,323.1,311.2,321.0,319.95,318.93,4298,13.71,227,2622.0, 61.01,2026-06-09
ORIENTCEM, EQ, 09-Jun-2026,131.63,132.3,133.65,132.12,133.52,133.44,133.07,80310,106.87,1575,39652.0, 49.37,2026-06-09
ORIENTCER, EQ, 09-Jun-2026,37.91,37.93,38.74,37.4,38.2,38.07,37.9,51503,19.52,1457,26681.0, 51.80,2026-06-09
ORIENTELEC, EQ, 09-Jun-2026,172.96,173.1,178.47,173.1,176.99,176.49,176.94,311219,550.67,7550,223070.0, 71.68,2026-06-09
ORIENTHOT, EQ, 09-Jun-2026,105.01,105.01,105.54,102.31,102.6,103.0,103.52,125964,130.39,1864,52606.0, 41.76,2026-06-09
ORIENTLTD, EQ, 09-Jun-2026,58.92,58.63,60.3,58.5,59.0,58.81,58.78,8947,5.26,55,8054.0, 90.02,2026-06-09
ORIENTPPR, EQ, 09-Jun-2026,17.44,17.45,17.8,17.4,17.71,17.67,17.53,99733,17.49,441,49091.0, 49.22,2026-06-09
ORIENTTECH, EQ, 09-Jun-2026,254.85,254.85,258.95,250.0,256.95,255.35,252.68,171496,433.34,3731,69222.0, 40.36,2026-06-09
ORISSAMINE, EQ, 09-Jun-2026,3961.8,3985.0,4010.0,3950.0,4005.0,3999.8,3987.97,5034,200.75,1041,3211.0, 63.79,2026-06-09
ORKLAINDIA, EQ, 09-Jun-2026,625.25,623.3,628.0,617.15,621.25,620.15,622.64,24964,155.43,2619,12516.0, 50.14,2026-06-09
ORTEL, BZ, 09-Jun-2026,1.75,1.75,1.83,1.67,1.67,1.67,1.73,7947,0.14,38,, -,2026-06-09
ORTINGLOBE, EQ, 09-Jun-2026,19.92,20.51,21.3,17.93,17.93,17.93,18.71,87561,16.39,751,58680.0, 67.02,2026-06-09
OSELDEVICE, SM, 09-Jun-2026,453.05,460.0,469.5,452.0,454.95,455.55,460.18,28200,129.77,109,19800.0, 70.21,2026-06-09
OSIAHYPER, BE, 09-Jun-2026,3.26,3.32,3.33,3.1,3.1,3.1,3.12,1956847,61.0,1583,, -,2026-06-09
OSWALAGRO, BE, 09-Jun-2026,42.0,40.81,42.77,40.81,42.7,42.16,41.98,11088,4.65,186,, -,2026-06-09
OSWALGREEN, EQ, 09-Jun-2026,22.81,23.0,23.56,22.66,23.05,23.21,23.16,143570,33.25,1033,76994.0, 53.63,2026-06-09
OSWALPUMPS, EQ, 09-Jun-2026,396.3,401.05,408.0,398.4,400.2,401.6,403.08,331647,1336.79,7395,161619.0, 48.73,2026-06-09
OSWALSEEDS, EQ, 09-Jun-2026,11.05,11.01,11.25,11.01,11.06,11.09,11.11,25065,2.79,149,19187.0, 76.55,2026-06-09
OWAIS, SM, 09-Jun-2026,96.8,99.0,100.35,92.25,95.5,96.3,95.92,83500,80.09,396,38300.0, 45.87,2026-06-09
PACEDIGITK, EQ, 09-Jun-2026,178.93,180.71,184.99,179.14,182.06,181.98,181.49,1008762,1830.85,12962,420656.0, 41.70,2026-06-09
PAGEIND, EQ, 09-Jun-2026,38550.0,38415.0,39000.0,38325.0,38940.0,38905.0,38806.83,18287,7096.61,9326,10413.0, 56.94,2026-06-09
PAISALO, EQ, 09-Jun-2026,59.34,60.09,61.0,58.66,60.2,60.18,60.15,18001478,10827.9,29329,9347091.0, 51.92,2026-06-09
PAKKA, EQ, 09-Jun-2026,80.2,80.0,82.79,79.21,81.48,81.0,80.96,113752,92.09,1762,37709.0, 33.15,2026-06-09
PALASHSECU, EQ, 09-Jun-2026,99.1,99.05,99.05,95.4,95.7,95.97,95.88,229,0.22,21,133.0, 58.08,2026-06-09
PALREDTEC, BE, 09-Jun-2026,47.0,47.04,47.04,44.65,44.65,44.75,45.53,6032,2.75,53,, -,2026-06-09
PANACEABIO, EQ, 09-Jun-2026,552.9,575.85,647.0,575.85,610.0,607.75,623.37,17423617,108612.89,315199,780799.0, 4.48,2026-06-09
PANACHE, EQ, 09-Jun-2026,354.05,354.1,378.85,346.55,366.95,364.45,359.97,19309,69.51,352,13727.0, 71.09,2026-06-09
PANAMAPET, EQ, 09-Jun-2026,334.75,350.55,370.15,348.3,351.2,351.85,357.74,616504,2205.48,15072,167275.0, 27.13,2026-06-09
PANSARI, EQ, 09-Jun-2026,277.8,279.95,288.95,272.05,272.05,273.05,277.67,2121,5.89,108,1476.0, 69.59,2026-06-09
PAR, EQ, 09-Jun-2026,85.0,85.0,87.56,84.58,85.5,85.65,86.1,2138,1.84,48,1358.0, 63.52,2026-06-09
PARACABLES, EQ, 09-Jun-2026,63.33,63.99,67.74,63.99,66.91,66.75,66.52,3473197,2310.39,14421,1099411.0, 31.65,2026-06-09
PARADEEP, EQ, 09-Jun-2026,124.0,124.5,126.64,123.88,126.4,126.26,125.59,1749728,2197.57,17326,639448.0, 36.55,2026-06-09
PARAGMILK, EQ, 09-Jun-2026,233.66,236.0,246.0,233.77,244.25,243.41,241.75,779271,1883.85,13215,332637.0, 42.69,2026-06-09
PARAGON, SM, 09-Jun-2026,49.2,47.45,48.45,47.0,48.45,48.35,47.72,12000,5.73,10,9600.0, 80.00,2026-06-09
PARAMATRIX, SM, 09-Jun-2026,60.8,62.6,64.7,61.0,61.0,61.0,62.33,8400,5.24,7,7200.0, 85.71,2026-06-09
PARAMOUNT, ST, 09-Jun-2026,42.25,42.25,42.25,42.25,42.25,42.25,42.25,1200,0.51,1,1200.0, 100.00,2026-06-09
PARAS, EQ, 09-Jun-2026,964.75,968.05,1047.95,961.0,1039.0,1039.15,1019.15,8486137,86486.46,213267,1404619.0, 16.55,2026-06-09
PARASPETRO, EQ, 09-Jun-2026,1.9,2.02,2.02,1.91,1.94,1.93,1.93,69398,1.34,205,56313.0, 81.14,2026-06-09
PARIN, SM, 09-Jun-2026,704.5,704.5,725.0,684.0,709.2,718.55,697.06,44500,310.19,99,18250.0, 41.01,2026-06-09
PARKHOSPS, EQ, 09-Jun-2026,283.05,284.5,293.8,282.15,293.3,292.5,289.05,614682,1776.72,10569,313135.0, 50.94,2026-06-09
PARKHOTELS, EQ, 09-Jun-2026,113.31,114.0,118.19,114.0,117.89,117.87,116.96,220781,258.22,2677,112859.0, 51.12,2026-06-09
PARSVNATH, BE, 09-Jun-2026,3.58,3.51,3.51,3.51,3.51,3.51,3.51,65080,2.28,166,, -,2026-06-09
PARTH, ST, 09-Jun-2026,427.2,429.5,442.0,429.5,434.0,434.0,435.55,4400,19.16,11,3600.0, 81.82,2026-06-09
PARTYCRUS, SM, 09-Jun-2026,100.0,100.0,102.5,100.0,102.5,102.5,101.29,5000,5.06,4,4000.0, 80.00,2026-06-09
PASHUPATI, EQ, 09-Jun-2026,89.22,92.8,93.0,86.5,89.5,88.67,89.37,29551,26.41,1420,10991.0, 37.19,2026-06-09
PASUPTAC, EQ, 09-Jun-2026,74.34,77.5,78.69,72.15,73.9,73.37,75.22,845342,635.88,7835,304496.0, 36.02,2026-06-09
PATANJALI, EQ, 09-Jun-2026,419.95,422.95,425.4,420.1,422.35,422.05,422.15,1068516,4510.74,12670,397648.0, 37.21,2026-06-09
PATELENG, EQ, 09-Jun-2026,26.31,26.5,27.95,26.5,27.74,27.7,27.52,7578969,2085.96,15608,3428854.0, 45.24,2026-06-09
PATELRMART, EQ, 09-Jun-2026,185.31,184.55,216.0,184.55,213.5,210.11,208.97,3061124,6396.92,30049,215511.0, 7.04,2026-06-09
PATILAUTOM, ST, 09-Jun-2026,186.1,184.3,190.0,183.5,183.55,183.55,186.43,18600,34.68,24,18000.0, 96.77,2026-06-09
PATINTLOG, EQ, 09-Jun-2026,13.2,13.4,13.4,13.1,13.11,13.15,13.26,73628,9.76,303,36874.0, 50.08,2026-06-09
PATTECH, ST, 09-Jun-2026,116.85,120.0,120.0,114.85,114.85,114.85,118.28,4500,5.32,3,4500.0, 100.00,2026-06-09
PAUSHAKLTD, EQ, 09-Jun-2026,466.15,469.8,478.45,462.0,466.35,466.7,468.96,11407,53.49,798,6297.0, 55.20,2026-06-09
PAVNAIND, BE, 09-Jun-2026,16.39,16.55,16.67,16.12,16.23,16.19,16.2,40842,6.62,180,, -,2026-06-09
PAYTM, EQ, 09-Jun-2026,1031.7,1037.7,1075.4,1034.3,1073.0,1072.0,1060.35,1157015,12268.39,28701,404267.0, 34.94,2026-06-09
PCBL, EQ, 09-Jun-2026,280.0,280.0,286.05,279.05,285.8,283.9,282.46,421683,1191.09,10300,116360.0, 27.59,2026-06-09
PCCL, SM, 09-Jun-2026,294.95,284.3,289.0,270.0,277.95,275.05,277.46,26400,73.25,24,22400.0, 84.85,2026-06-09
PCJEWELLER, EQ, 09-Jun-2026,8.85,8.87,8.99,8.82,8.86,8.86,8.9,30206625,2688.34,18003,14877728.0, 49.25,2026-06-09
PDMJEPAPER, EQ, 09-Jun-2026,80.98,81.0,83.15,80.74,83.1,82.51,81.55,41652,33.97,1472,18422.0, 44.23,2026-06-09
PDSL, EQ, 09-Jun-2026,309.25,307.0,312.1,299.5,309.0,306.0,303.8,125311,380.69,2726,79674.0, 63.58,2026-06-09
PEARLPOLY, BE, 09-Jun-2026,18.27,18.86,19.14,18.36,18.36,18.37,18.49,4012,0.74,21,, -,2026-06-09
PELATRO, SM, 09-Jun-2026,263.0,265.0,268.95,258.0,258.0,261.1,261.7,8700,22.77,28,7200.0, 82.76,2026-06-09
PENIND, EQ, 09-Jun-2026,150.56,151.6,155.9,151.22,154.0,154.57,153.96,256365,394.71,3692,111126.0, 43.35,2026-06-09
PENINLAND, BE, 09-Jun-2026,15.4,15.5,15.51,14.75,14.98,14.87,14.95,236948,35.41,474,, -,2026-06-09
PERSISTENT, EQ, 09-Jun-2026,5065.0,5145.0,5145.0,4961.0,5023.0,5018.0,5025.95,438124,22019.87,39719,167596.0, 38.25,2026-06-09
PETRONET, EQ, 09-Jun-2026,267.35,269.2,270.2,266.55,268.4,268.8,268.69,1837634,4937.53,25652,1069870.0, 58.22,2026-06-09
PFC, EQ, 09-Jun-2026,428.4,430.3,438.0,429.7,435.7,435.6,435.38,5861502,25520.04,55738,2526054.0, 43.10,2026-06-09
PFIZER, EQ, 09-Jun-2026,4527.9,4527.9,4648.9,4510.0,4576.0,4592.5,4577.71,21357,977.66,5648,9505.0, 44.51,2026-06-09
PFOCUS, BE, 09-Jun-2026,247.52,242.5,245.04,235.15,238.29,235.68,237.54,530507,1260.15,1877,, -,2026-06-09
PFS, EQ, 09-Jun-2026,31.13,31.08,32.35,31.0,31.5,31.42,31.7,2199823,697.43,9564,784366.0, 35.66,2026-06-09
PGEL, EQ, 09-Jun-2026,470.4,475.0,484.6,470.65,480.0,479.8,476.79,1870093,8916.43,22833,407878.0, 21.81,2026-06-09
PGHH, EQ, 09-Jun-2026,9135.5,9185.5,9200.5,9001.0,9020.0,9032.5,9057.37,15659,1418.29,5535,7389.0, 47.19,2026-06-09
PGHL, EQ, 09-Jun-2026,6199.5,6211.0,6260.5,6199.0,6200.5,6212.5,6213.24,6633,412.12,1856,3708.0, 55.90,2026-06-09
PGIL, EQ, 09-Jun-2026,1627.0,1631.7,1750.0,1631.7,1682.6,1685.5,1694.97,79548,1348.32,10506,39424.0, 49.56,2026-06-09
PGINVIT, IV, 09-Jun-2026,93.37,93.3,94.2,93.3,93.65,93.57,93.59,2008288,1879.53,8506,1723887.0, 85.84,2026-06-09
PHANTOMFX, SM, 09-Jun-2026,172.5,172.5,173.0,165.0,166.0,166.5,167.63,28200,47.27,76,22800.0, 80.85,2026-06-09
PHARMABEES, EQ, 09-Jun-2026,24.8,25.42,25.42,24.56,25.01,24.98,24.99,4477646,1118.83,9055,2865864.0, 64.00,2026-06-09
PHOENIXLTD, EQ, 09-Jun-2026,1741.5,1745.9,1768.7,1728.7,1750.1,1754.1,1748.83,338619,5921.86,26175,187374.0, 55.33,2026-06-09
PICCADIL, EQ, 09-Jun-2026,583.85,584.0,589.85,582.0,585.0,586.4,586.28,56435,330.87,4179,23260.0, 41.22,2026-06-09
PIDILITIND, EQ, 09-Jun-2026,1459.8,1466.4,1488.8,1465.0,1485.0,1481.8,1479.98,536175,7935.29,35193,337507.0, 62.95,2026-06-09
PIGL, EQ, 09-Jun-2026,97.24,97.46,103.0,97.46,98.5,99.02,99.0,35719,35.36,562,16914.0, 47.35,2026-06-09
PIIND, EQ, 09-Jun-2026,2680.8,2695.0,2874.0,2692.5,2865.5,2866.4,2822.91,1648437,46533.82,123306,555817.0, 33.72,2026-06-09
PILANIINVS, EQ, 09-Jun-2026,4182.7,4185.0,4234.9,4185.0,4210.0,4218.5,4213.33,1483,62.48,397,986.0, 66.49,2026-06-09
PILITA, BE, 09-Jun-2026,8.07,7.72,8.46,7.72,8.21,8.27,8.34,103588,8.63,185,, -,2026-06-09
PINELABS, EQ, 09-Jun-2026,142.75,144.4,154.64,141.86,152.38,152.36,149.33,71971522,107474.95,317021,25190173.0, 35.00,2026-06-09
PIONEEREMB, EQ, 09-Jun-2026,23.99,23.99,24.7,23.51,24.5,24.33,23.71,2693,0.64,41,2059.0, 76.46,2026-06-09
PIONRINV, EQ, 09-Jun-2026,102.68,102.71,114.59,98.01,100.0,99.14,103.41,1802,1.86,51,1217.0, 67.54,2026-06-09
PIRAMALFIN, EQ, 09-Jun-2026,1964.4,1975.0,2002.2,1960.0,1995.0,1993.7,1979.76,208336,4124.56,12475,130245.0, 62.52,2026-06-09
PITTIENG, EQ, 09-Jun-2026,915.05,910.8,924.2,905.0,908.0,908.0,909.28,45005,409.22,2052,32821.0, 72.93,2026-06-09
PIXTRANS, EQ, 09-Jun-2026,1580.6,1586.7,1608.0,1580.8,1608.0,1603.2,1593.6,4861,77.47,604,3000.0, 61.72,2026-06-09
PKTEA, EQ, 09-Jun-2026,784.35,783.0,798.0,778.0,798.0,798.0,780.23,109,0.85,11,107.0, 98.17,2026-06-09
PLADAINFO, SM, 09-Jun-2026,11.45,11.15,11.15,10.95,10.95,10.95,11.05,15000,1.66,5,15000.0, 100.00,2026-06-09
PLASTIBLEN, EQ, 09-Jun-2026,170.8,170.9,172.99,170.22,170.5,171.01,171.32,7411,12.7,254,5439.0, 73.39,2026-06-09
PLATIND, EQ, 09-Jun-2026,212.27,213.5,216.0,211.1,214.05,214.78,213.09,31830,67.83,1102,13881.0, 43.61,2026-06-09
PLAZACABLE, BE, 09-Jun-2026,47.31,47.78,48.58,46.2,47.98,47.85,47.65,12105,5.77,159,, -,2026-06-09
PML, EQ, 09-Jun-2026,505.9,523.6,523.6,500.5,507.7,505.7,507.62,230,1.17,41,216.0, 93.91,2026-06-09
PNB, EQ, 09-Jun-2026,105.71,106.0,109.98,106.0,109.9,109.65,108.75,38219915,41562.63,91485,18719522.0, 48.98,2026-06-09
PNBGILTS, EQ, 09-Jun-2026,92.83,93.5,94.5,90.3,92.57,93.13,92.21,2106628,1942.5,14037,405849.0, 19.27,2026-06-09
PNBHOUSING, EQ, 09-Jun-2026,970.1,976.2,998.5,974.5,987.0,989.0,988.13,648241,6405.48,22720,329665.0, 50.86,2026-06-09
PNC, EQ, 09-Jun-2026,20.03,20.63,20.65,19.9,20.39,20.16,20.25,6894,1.4,96,6028.0, 87.44,2026-06-09
PNCINFRA, EQ, 09-Jun-2026,204.59,204.6,206.0,202.33,202.8,203.04,203.12,341945,694.56,5116,226705.0, 66.30,2026-06-09
PNGJL, EQ, 09-Jun-2026,559.05,567.5,567.5,541.5,548.0,543.9,548.05,264610,1450.2,7299,148238.0, 56.02,2026-06-09
PNGSREVA, EQ, 09-Jun-2026,386.25,391.25,398.25,387.05,390.2,389.1,391.09,83737,327.48,4321,34679.0, 41.41,2026-06-09
POCL, EQ, 09-Jun-2026,1229.8,1230.2,1248.2,1217.6,1243.0,1234.1,1230.05,172267,2118.97,10767,78827.0, 45.76,2026-06-09
PODDARMENT, EQ, 09-Jun-2026,247.0,248.3,265.0,248.3,258.0,258.4,259.91,7442,19.34,148,5469.0, 73.49,2026-06-09
POKARNA, EQ, 09-Jun-2026,808.2,812.9,825.0,811.0,822.05,821.7,818.65,28575,233.93,2007,11861.0, 41.51,2026-06-09
POLICYBZR, EQ, 09-Jun-2026,1511.9,1514.0,1524.7,1478.3,1506.0,1497.3,1495.01,3138282,46917.6,65537,2028343.0, 64.63,2026-06-09
POLYCAB, EQ, 09-Jun-2026,9495.0,9502.0,9698.0,9423.5,9644.5,9615.5,9617.23,232863,22394.97,40017,84497.0, 36.29,2026-06-09
POLYMED, EQ, 09-Jun-2026,1382.8,1389.9,1467.0,1389.9,1467.0,1458.8,1429.02,300893,4299.82,25122,182658.0, 60.71,2026-06-09
POLYPLEX, EQ, 09-Jun-2026,889.4,899.45,906.0,892.05,893.0,898.65,897.7,16760,150.46,1161,8739.0, 52.14,2026-06-09
POLYSIL, ST, 09-Jun-2026,143.0,144.0,144.0,135.85,139.9,136.45,138.25,6500,8.99,12,6000.0, 92.31,2026-06-09
PONNIERODE, EQ, 09-Jun-2026,326.85,330.05,332.3,321.0,323.4,322.6,324.75,13114,42.59,596,6511.0, 49.65,2026-06-09
POONAWALLA, EQ, 09-Jun-2026,381.05,384.85,386.6,381.45,384.95,383.7,383.84,835780,3208.07,21112,486240.0, 58.18,2026-06-09
POSITRON, ST, 09-Jun-2026,193.0,192.0,193.8,183.35,188.0,188.0,190.87,7500,14.32,16,7200.0, 96.00,2026-06-09
POWERGRID, EQ, 09-Jun-2026,290.3,292.9,293.05,284.75,285.5,285.7,287.06,7973130,22887.4,74410,4542328.0, 56.97,2026-06-09
POWERICA, EQ, 09-Jun-2026,496.6,495.0,504.55,474.4,483.4,482.25,485.13,252561,1225.25,13227,133814.0, 52.98,2026-06-09
POWERINDIA, EQ, 09-Jun-2026,35010.0,35200.0,35210.0,34050.0,34650.0,34610.0,34550.24,205184,70891.56,56529,81736.0, 39.84,2026-06-09
POWERMECH, EQ, 09-Jun-2026,2486.8,2512.0,2577.7,2495.8,2550.0,2553.2,2547.92,52980,1349.89,8313,22917.0, 43.26,2026-06-09
PPAP, EQ, 09-Jun-2026,208.72,212.3,212.42,208.0,209.0,208.32,209.36,7733,16.19,299,5055.0, 65.37,2026-06-09
PPL, EQ, 09-Jun-2026,230.13,230.13,241.76,227.71,237.45,239.43,235.54,331855,781.66,6201,159504.0, 48.06,2026-06-09
PPLPHARMA, EQ, 09-Jun-2026,165.34,166.3,173.25,165.6,169.0,168.87,170.11,3787557,6442.88,46922,896419.0, 23.67,2026-06-09
PPSL, ST, 09-Jun-2026,5.75,5.75,6.0,5.5,6.0,6.0,5.63,51000,2.87,13,48000.0, 94.12,2026-06-09
PRABHA, EQ, 09-Jun-2026,155.52,156.71,160.0,156.42,160.0,157.6,157.5,7842,12.35,237,5251.0, 66.96,2026-06-09
PRADPME, EQ, 09-Jun-2026,438.45,438.45,482.9,420.55,469.95,465.35,465.74,36820,171.49,2154,23034.0, 62.56,2026-06-09
PRAENG, EQ, 09-Jun-2026,20.76,20.72,21.26,20.1,20.6,20.63,20.58,56547,11.64,279,44033.0, 77.87,2026-06-09
PRAJIND, EQ, 09-Jun-2026,358.1,358.6,361.9,355.0,355.9,356.25,357.73,463340,1657.49,14248,170613.0, 36.82,2026-06-09
PRAKASH, EQ, 09-Jun-2026,138.99,139.99,142.59,139.93,142.25,142.03,141.51,164456,232.73,2267,71092.0, 43.23,2026-06-09
PRAKASHSTL, EQ, 09-Jun-2026,4.35,4.35,4.53,4.35,4.45,4.39,4.4,90551,3.99,273,48821.0, 53.92,2026-06-09
PRAMARA, SM, 09-Jun-2026,147.7,151.0,151.0,140.35,140.35,140.35,142.62,46000,65.61,69,28500.0, 61.96,2026-06-09
PRANIK, SM, 09-Jun-2026,51.0,50.0,51.0,50.0,51.0,51.0,50.75,6400,3.25,3,6400.0, 100.00,2026-06-09
PRATHAM, SM, 09-Jun-2026,115.8,120.5,120.5,116.0,119.0,117.0,117.26,8800,10.32,22,7200.0, 81.82,2026-06-09
PRAVEG, EQ, 09-Jun-2026,222.75,224.0,233.95,213.15,220.7,219.8,220.53,144402,318.45,4083,66249.0, 45.88,2026-06-09
PRAXIS, BE, 09-Jun-2026,7.11,7.17,7.37,7.17,7.33,7.31,7.23,193246,13.98,75,, -,2026-06-09
PRECAM, EQ, 09-Jun-2026,143.45,145.76,146.8,141.57,142.6,143.71,143.81,225010,323.59,2522,135761.0, 60.34,2026-06-09
PRECISION, SM, 09-Jun-2026,7.8,8.1,8.15,8.1,8.15,8.15,8.11,8000,0.65,4,6000.0, 75.00,2026-06-09
PRECOT, EQ, 09-Jun-2026,720.35,716.35,749.7,684.35,684.35,686.1,696.99,10084,70.28,497,6610.0, 65.55,2026-06-09
PRECWIRE, EQ, 09-Jun-2026,395.75,396.0,414.0,396.0,412.55,410.85,408.01,249588,1018.35,11269,108458.0, 43.45,2026-06-09
PREMCO, EQ, 09-Jun-2026,364.8,375.8,375.8,361.0,369.95,369.95,363.96,324,1.18,39,288.0, 88.89,2026-06-09
PREMEXPLN, EQ, 09-Jun-2026,688.05,690.0,732.0,690.0,725.0,721.95,719.24,1568787,11283.32,38364,493647.0, 31.47,2026-06-09
PREMIER, BE, 09-Jun-2026,2.9,2.9,3.04,2.9,2.92,2.94,3.0,2608,0.08,33,, -,2026-06-09
PREMIERENE, EQ, 09-Jun-2026,1090.5,1099.0,1103.9,1079.0,1085.0,1086.7,1090.18,1034928,11282.57,38481,445565.0, 43.05,2026-06-09
PREMIERPOL, BE, 09-Jun-2026,55.54,55.01,56.49,55.01,55.99,55.51,55.5,225457,125.14,190,, -,2026-06-09
PRESSTONIC, SM, 09-Jun-2026,31.75,30.0,31.95,28.6,31.95,31.95,30.03,35200,10.57,33,27200.0, 77.27,2026-06-09
PRESTIGE, EQ, 09-Jun-2026,1327.6,1339.0,1360.0,1333.3,1346.6,1354.0,1349.27,351677,4745.06,13606,137214.0, 39.02,2026-06-09
PRICOLLTD, EQ, 09-Jun-2026,552.05,552.05,557.8,538.0,547.0,544.65,545.28,445838,2431.09,16178,265102.0, 59.46,2026-06-09
PRIMECAB, ST, 09-Jun-2026,109.9,109.9,111.5,108.1,111.5,111.35,109.63,30400,33.33,17,25600.0, 84.21,2026-06-09
PRIMESECU, EQ, 09-Jun-2026,291.0,287.6,297.05,280.05,296.5,293.85,290.24,42111,122.22,1254,18473.0, 43.87,2026-06-09
PRIMO, EQ, 09-Jun-2026,24.8,25.01,25.47,24.48,24.5,24.67,24.79,203544,50.45,1152,130959.0, 64.34,2026-06-09
PRINCEPIPE, EQ, 09-Jun-2026,266.6,267.2,289.0,267.2,283.85,283.2,281.1,1357701,3816.49,21308,512047.0, 37.71,2026-06-09
PRITI, BE, 09-Jun-2026,40.45,41.0,41.0,39.5,39.98,39.81,39.76,2858,1.14,83,, -,2026-06-09
PRITIKAUTO, EQ, 09-Jun-2026,13.25,13.48,14.14,13.37,14.1,14.07,13.91,367296,51.11,924,273389.0, 74.43,2026-06-09
PRIVISCL, EQ, 09-Jun-2026,3241.4,3254.0,3272.0,3168.0,3191.9,3174.8,3198.72,84173,2692.46,9240,59460.0, 70.64,2026-06-09
PRIZOR, ST, 09-Jun-2026,749.95,752.0,787.4,751.0,787.4,787.4,782.48,20400,159.63,44,17200.0, 84.31,2026-06-09
PRLIND, SM, 09-Jun-2026,45.75,45.75,48.0,45.0,48.0,48.0,46.58,12000,5.59,11,11000.0, 91.67,2026-06-09
PROFX, SM, 09-Jun-2026,81.7,83.95,83.95,79.95,80.0,80.0,80.51,12800,10.3,7,11200.0, 87.50,2026-06-09
PROSTARM, EQ, 09-Jun-2026,141.28,142.95,143.4,140.0,140.3,140.49,141.39,122175,172.75,1587,54618.0, 44.70,2026-06-09
PROTEAN, EQ, 09-Jun-2026,595.15,600.15,616.0,596.05,612.15,611.0,604.81,184625,1116.63,7178,73524.0, 39.82,2026-06-09
PROV, SM, 09-Jun-2026,1450.0,1479.0,1480.0,1470.0,1480.0,1480.0,1476.6,400,5.91,5,320.0, 80.00,2026-06-09
PROZONER, EQ, 09-Jun-2026,51.13,50.73,51.43,50.25,50.25,50.43,50.65,84691,42.89,1085,53542.0, 63.22,2026-06-09
PRSMJOHNSN, EQ, 09-Jun-2026,118.11,118.5,119.84,118.09,118.35,118.58,118.67,99704,118.32,4222,54023.0, 54.18,2026-06-09
PRUDENT, EQ, 09-Jun-2026,2613.8,2659.9,2691.6,2612.4,2665.0,2661.4,2636.48,8624,227.37,1552,3704.0, 42.95,2026-06-09
PRUDMOULI, EQ, 09-Jun-2026,15.32,15.32,15.84,14.65,15.84,14.96,14.98,1814,0.27,28,1241.0, 68.41,2026-06-09
PSB, EQ, 09-Jun-2026,23.19,23.2,24.42,23.2,24.31,24.21,23.94,2287112,547.58,8610,1134189.0, 49.59,2026-06-09
PSFL, SM, 09-Jun-2026,29.05,30.5,30.5,29.5,29.5,29.5,30.0,4000,1.2,2,2000.0, 50.00,2026-06-09
PSPPROJECT, EQ, 09-Jun-2026,852.6,862.0,925.0,858.05,921.0,917.7,907.06,451879,4098.82,18111,216493.0, 47.91,2026-06-09
PSUBANK, EQ, 09-Jun-2026,822.44,829.81,860.0,827.62,855.27,853.45,844.29,332670,2808.7,2735,310039.0, 93.20,2026-06-09
PSUBANKADD, EQ, 09-Jun-2026,82.99,83.49,86.1,83.49,86.1,85.94,85.78,255551,219.2,428,195539.0, 76.52,2026-06-09
PSUBNKBEES, EQ, 09-Jun-2026,91.58,91.7,95.0,91.0,94.99,94.91,94.12,5507552,5183.58,11031,3598992.0, 65.35,2026-06-09
PSUBNKIETF, EQ, 09-Jun-2026,83.28,83.52,86.45,83.49,86.3,86.2,85.42,328477,280.57,2315,225458.0, 68.64,2026-06-09
PTC, EQ, 09-Jun-2026,193.06,194.0,194.5,186.4,187.4,187.0,188.32,1444045,2719.36,23383,702081.0, 48.62,2026-06-09
PTCIL, EQ, 09-Jun-2026,18272.0,18385.0,19178.0,18310.0,18630.0,18692.0,18793.8,25415,4776.44,8635,9771.0, 38.45,2026-06-09
PTL, EQ, 09-Jun-2026,39.77,39.98,40.73,39.61,40.48,40.38,40.27,40138,16.16,941,30749.0, 76.61,2026-06-09
PULZ, SM, 09-Jun-2026,24.6,23.4,23.4,23.4,23.4,23.4,23.4,8000,1.87,3,6000.0, 75.00,2026-06-09
PUNJABCHEM, EQ, 09-Jun-2026,928.3,927.6,956.0,927.6,948.0,947.7,941.57,4296,40.45,528,2060.0, 47.95,2026-06-09
PURPLEUTED, SM, 09-Jun-2026,394.1,399.0,400.0,378.0,394.0,395.75,393.96,26750,105.38,91,23250.0, 86.92,2026-06-09
PURVA, EQ, 09-Jun-2026,203.42,203.42,214.0,203.42,210.89,208.82,207.36,123772,256.65,2375,59879.0, 48.38,2026-06-09
PUSHPA, SM, 09-Jun-2026,120.0,112.5,114.0,111.55,111.55,112.4,112.35,12000,13.48,10,8000.0, 66.67,2026-06-09
PVP, EQ, 09-Jun-2026,31.77,32.16,33.25,32.01,32.68,32.8,32.74,643265,210.6,2676,338721.0, 52.66,2026-06-09
PVRINOX, EQ, 09-Jun-2026,966.4,970.0,973.6,961.4,967.5,966.75,967.32,69017,667.62,6586,46575.0, 67.48,2026-06-09
PVSL, EQ, 09-Jun-2026,95.2,94.11,97.9,94.11,95.68,94.96,95.47,39776,37.98,1406,23288.0, 58.55,2026-06-09
PVTBANIETF, EQ, 09-Jun-2026,26.33,25.67,26.8,25.67,26.76,26.76,26.66,1940605,517.27,1522,1350640.0, 69.60,2026-06-09
PVTBANKADD, EQ, 09-Jun-2026,26.42,26.77,26.9,26.59,26.82,26.85,26.78,36348,9.74,74,31948.0, 87.89,2026-06-09
PVTBKGROWW, EQ, 09-Jun-2026,26.04,26.97,26.97,25.52,26.63,26.53,26.41,43786,11.57,167,15185.0, 34.68,2026-06-09
PWL, EQ, 09-Jun-2026,105.53,106.0,107.62,103.15,106.1,106.26,105.12,8694879,9140.33,38275,950417.0, 10.93,2026-06-09
PYRAMID, EQ, 09-Jun-2026,161.62,161.62,172.8,160.08,165.35,164.48,168.18,68401,115.03,1676,30106.0, 44.01,2026-06-09
QFIL, SM, 09-Jun-2026,46.05,48.35,48.35,46.05,46.1,46.1,46.83,6000,2.81,5,4000.0, 66.67,2026-06-09
QGOLDHALF, EQ, 09-Jun-2026,124.54,122.56,126.54,122.56,125.75,125.49,125.8,37144,46.73,700,10151.0, 27.33,2026-06-09
QLINE, ST, 09-Jun-2026,514.55,510.15,528.9,495.3,508.95,508.75,511.62,155600,796.07,318,138800.0, 89.20,2026-06-09
QMSMEDI, SM, 09-Jun-2026,91.0,91.9,93.35,91.55,93.35,93.35,92.17,13000,11.98,11,12000.0, 92.31,2026-06-09
QNIFTY, EQ, 09-Jun-2026,253.6,254.8,255.0,253.6,255.0,255.0,254.71,693,1.77,24,650.0, 93.80,2026-06-09
QPOWER, BE, 09-Jun-2026,1125.6,1120.0,1178.0,1105.7,1145.0,1133.7,1144.77,286446,3279.15,7787,, -,2026-06-09
QUADFUTURE, EQ, 09-Jun-2026,342.65,342.65,348.95,336.6,342.75,343.05,342.42,290398,994.38,7921,92400.0, 31.82,2026-06-09
QUAL30IETF, EQ, 09-Jun-2026,20.34,20.0,20.56,19.85,20.52,20.49,20.39,102381,20.87,255,65675.0, 64.15,2026-06-09
QUALITY30, EQ, 09-Jun-2026,20.05,20.11,20.3,19.93,20.3,20.15,20.06,11293,2.27,41,8846.0, 78.33,2026-06-09
QUESS, EQ, 09-Jun-2026,236.06,237.24,245.0,234.93,236.05,237.17,240.24,942681,2264.7,17795,331460.0, 35.16,2026-06-09
QUESTLAB, SM, 09-Jun-2026,101.15,101.05,101.7,98.1,99.0,99.0,99.4,60000,59.64,37,48000.0, 80.00,2026-06-09
QUICKHEAL, BE, 09-Jun-2026,174.58,172.6,179.2,169.0,176.0,173.96,174.46,121349,211.71,1158,, -,2026-06-09
QUICKTOUCH, SM, 09-Jun-2026,23.85,23.9,23.9,23.85,23.85,23.85,23.86,2000,0.48,3,2000.0, 100.00,2026-06-09
QUINT, EQ, 09-Jun-2026,41.68,41.76,42.78,41.0,42.4,42.4,42.37,11835,5.01,57,9055.0, 76.51,2026-06-09
QVCEL, SM, 09-Jun-2026,22.95,22.4,22.4,22.4,22.4,22.4,22.4,1600,0.36,1,1600.0, 100.00,2026-06-09
RACE, BE, 09-Jun-2026,108.0,107.5,111.0,105.31,107.0,107.26,109.7,51045,56.0,91,, -,2026-06-09
RACLGEAR, EQ, 09-Jun-2026,1216.3,1205.6,1284.2,1205.6,1241.0,1251.7,1243.97,14496,180.33,1156,7273.0, 50.17,2026-06-09
RADAAN, EQ, 09-Jun-2026,3.05,3.0,3.28,2.95,3.19,3.11,3.08,10895,0.34,86,7563.0, 69.42,2026-06-09
RADHIKAJWE, EQ, 09-Jun-2026,56.03,56.85,57.49,55.77,56.4,56.88,56.41,86234,48.65,1068,38816.0, 45.01,2026-06-09
RADIANTCMS, EQ, 09-Jun-2026,38.1,38.29,38.29,37.46,37.76,38.0,37.88,182804,69.24,4604,108698.0, 59.46,2026-06-09
RADICO, EQ, 09-Jun-2026,3484.9,3501.0,3524.0,3464.0,3501.2,3500.7,3495.29,162504,5679.99,19644,98410.0, 60.56,2026-06-09
RADIOCITY, EQ, 09-Jun-2026,6.07,6.19,6.3,6.05,6.1,6.1,6.11,66495,4.06,1324,62444.0, 93.91,2026-06-09
RAILTEL, EQ, 09-Jun-2026,303.6,305.0,312.9,305.0,312.0,311.95,309.82,620425,1922.22,13915,191130.0, 30.81,2026-06-09
RAIN, EQ, 09-Jun-2026,192.6,194.09,205.45,192.5,204.99,203.97,200.31,7319995,14662.84,50093,2247863.0, 30.71,2026-06-09
RAINBOW, EQ, 09-Jun-2026,1343.2,1361.2,1361.2,1318.0,1320.0,1326.7,1333.22,112703,1502.58,14293,66411.0, 58.93,2026-06-09
RAJESHEXPO, BZ, 09-Jun-2026,93.8,89.11,89.11,89.11,89.11,89.11,89.11,78805,70.22,1445,, -,2026-06-09
RAJINDLTD, SM, 09-Jun-2026,72.05,73.4,73.4,73.0,73.0,73.0,73.27,4500,3.3,3,3000.0, 66.67,2026-06-09
RAJMET, EQ, 09-Jun-2026,3.82,3.85,3.87,3.79,3.82,3.8,3.82,207953,7.94,479,155464.0, 74.76,2026-06-09
RAJOOENG, EQ, 09-Jun-2026,52.87,53.0,54.7,52.99,53.45,53.21,53.37,220777,117.82,2114,105976.0, 48.00,2026-06-09
RAJPALAYAM, EQ, 09-Jun-2026,808.0,809.8,824.5,809.8,824.4,821.45,820.11,1091,8.95,61,934.0, 85.61,2026-06-09
RAJPUTANA, SM, 09-Jun-2026,212.0,212.0,213.0,212.0,213.0,213.0,212.89,4500,9.58,9,4500.0, 100.00,2026-06-09
RAJRATAN, EQ, 09-Jun-2026,427.45,432.55,448.5,426.55,443.0,445.6,441.45,105839,467.22,5299,60895.0, 57.54,2026-06-09
RAJRILTD, BE, 09-Jun-2026,20.26,20.5,20.66,20.15,20.4,20.37,20.58,6504,1.34,90,, -,2026-06-09
RAJSREESUG, EQ, 09-Jun-2026,33.39,33.98,34.48,33.0,33.65,33.4,33.61,21382,7.19,443,11814.0, 55.25,2026-06-09
RAJTV, EQ, 09-Jun-2026,12.6,12.04,13.19,11.97,11.97,11.97,12.18,177343,21.61,452,159216.0, 89.78,2026-06-09
RALLIS, EQ, 09-Jun-2026,226.66,229.85,231.85,226.51,231.0,230.79,229.02,288434,660.58,12191,120341.0, 41.72,2026-06-09
RAMANEWS, EQ, 09-Jun-2026,29.74,28.85,29.99,28.85,29.15,29.03,29.11,13304,3.87,90,12061.0, 90.66,2026-06-09
RAMAPHO, EQ, 09-Jun-2026,119.91,119.95,121.0,118.38,119.0,119.53,119.8,18548,22.22,191,15322.0, 82.61,2026-06-09
RAMASTEEL, EQ, 09-Jun-2026,5.19,5.16,5.4,5.16,5.23,5.22,5.25,4836820,253.92,4734,2217098.0, 45.84,2026-06-09
RAMCOCEM, EQ, 09-Jun-2026,855.0,860.0,864.0,847.0,849.5,851.65,852.27,146674,1250.06,9211,94757.0, 64.60,2026-06-09
RAMCOIND, EQ, 09-Jun-2026,300.7,300.7,311.5,295.8,299.0,299.25,301.56,50613,152.63,2144,20889.0, 41.27,2026-06-09
RAMCOSYS, EQ, 09-Jun-2026,563.0,555.0,562.5,526.0,540.6,540.55,547.53,600786,3289.48,18174,118965.0, 19.80,2026-06-09
RAMKY, EQ, 09-Jun-2026,428.3,434.7,447.0,430.0,447.0,440.45,436.07,37950,165.49,1354,23365.0, 61.57,2026-06-09
RAMRAT, EQ, 09-Jun-2026,373.65,373.5,380.35,365.75,370.0,368.0,370.14,174177,644.7,7201,89197.0, 51.21,2026-06-09
RANASUG, EQ, 09-Jun-2026,12.51,12.5,13.14,12.5,12.92,12.84,12.82,276750,35.47,675,152566.0, 55.13,2026-06-09
RANEHOLDIN, EQ, 09-Jun-2026,1424.4,1424.9,1446.9,1411.6,1413.1,1415.3,1419.13,7232,102.63,641,5660.0, 78.26,2026-06-09
RAPPID, SM, 09-Jun-2026,230.45,225.05,234.9,223.3,230.5,230.35,228.98,6600,15.11,11,4800.0, 72.73,2026-06-09
RATEGAIN, EQ, 09-Jun-2026,745.75,750.5,763.8,744.15,749.0,750.5,751.13,442616,3324.62,18738,297595.0, 67.24,2026-06-09
RATNAMANI, EQ, 09-Jun-2026,2551.7,2551.7,2575.0,2536.1,2570.4,2564.2,2561.36,12525,320.81,1946,7529.0, 60.11,2026-06-09
RATNAVEER, EQ, 09-Jun-2026,162.7,164.95,170.6,164.5,167.3,167.38,167.59,545525,914.24,7151,189149.0, 34.67,2026-06-09
RAYMOND, EQ, 09-Jun-2026,510.45,511.1,539.4,511.1,539.0,536.0,528.51,785097,4149.31,15865,310333.0, 39.53,2026-06-09
RAYMONDLSL, EQ, 09-Jun-2026,741.55,748.0,796.0,743.8,777.0,780.6,780.07,431462,3365.7,17918,165756.0, 38.42,2026-06-09
RAYMONDREL, EQ, 09-Jun-2026,573.15,577.45,594.0,575.0,588.0,589.5,583.95,392133,2289.87,10629,119376.0, 30.44,2026-06-09
RBA, EQ, 09-Jun-2026,68.69,68.74,68.95,68.4,68.7,68.71,68.7,2137594,1468.56,12878,1729501.0, 80.91,2026-06-09
RBLBANK, EQ, 09-Jun-2026,344.95,347.0,362.0,345.95,361.5,361.0,355.97,4649319,16550.4,41785,1546153.0, 33.26,2026-06-09
RBMINFRA, SM, 09-Jun-2026,322.8,329.95,329.95,316.0,316.0,318.0,324.01,28200,91.37,96,20600.0, 73.05,2026-06-09
RBS, ST, 09-Jun-2026,93.0,92.0,92.0,90.0,90.0,90.0,90.33,4800,4.34,6,4800.0, 100.00,2026-06-09
RBZJEWEL, EQ, 09-Jun-2026,128.91,127.25,139.48,127.25,135.4,135.68,135.04,119016,160.72,2544,54308.0, 45.63,2026-06-09
RCDL, SM, 09-Jun-2026,26.9,26.85,26.85,26.85,26.85,26.85,26.85,3000,0.81,1,3000.0, 100.00,2026-06-09
RCF, EQ, 09-Jun-2026,123.05,123.45,126.2,123.31,126.0,125.85,124.99,1213459,1516.66,15995,454242.0, 37.43,2026-06-09
RCOM, BE, 09-Jun-2026,0.98,1.0,1.01,0.97,0.98,0.97,0.99,2431415,23.97,1728,, -,2026-06-09
READYMIX, SM, 09-Jun-2026,77.5,77.0,78.0,77.0,78.0,78.0,77.8,5000,3.89,5,5000.0, 100.00,2026-06-09
RECLTD, EQ, 09-Jun-2026,343.4,344.25,352.8,343.45,352.0,352.1,349.79,6850589,23962.52,48681,3839331.0, 56.04,2026-06-09
REDINGTON, EQ, 09-Jun-2026,229.54,230.58,245.9,230.58,240.95,240.3,240.34,8333460,20028.41,102077,1264965.0, 15.18,2026-06-09
REDTAPE, EQ, 09-Jun-2026,132.66,132.38,134.25,132.38,133.08,133.81,133.38,262866,350.6,4961,116238.0, 44.22,2026-06-09
REFEX, EQ, 09-Jun-2026,298.3,302.45,310.75,300.0,309.55,309.25,306.88,525809,1613.62,9396,222458.0, 42.31,2026-06-09
REFRACTORY, SM, 09-Jun-2026,32.0,32.0,32.0,32.0,32.0,32.0,32.0,1000,0.32,1,1000.0, 100.00,2026-06-09
REGAAL, BE, 09-Jun-2026,82.48,82.15,84.5,81.55,83.8,83.5,83.03,61255,50.86,295,, -,2026-06-09
REGENCERAM, EQ, 09-Jun-2026,39.74,39.96,40.55,39.56,39.56,39.76,39.92,737,0.29,12,737.0, 100.00,2026-06-09
RELAXO, EQ, 09-Jun-2026,319.15,321.05,350.75,321.05,349.0,347.1,341.0,1177266,4014.47,35760,161482.0, 13.72,2026-06-09
RELCHEMQ, EQ, 09-Jun-2026,121.01,122.8,124.0,120.0,123.9,122.9,121.07,5107,6.18,205,2506.0, 49.07,2026-06-09
RELIABLE, EQ, 09-Jun-2026,145.23,149.95,149.95,137.5,146.1,141.41,144.26,43521,62.78,580,16700.0, 38.37,2026-06-09
RELIANCE, EQ, 09-Jun-2026,1263.3,1269.0,1274.2,1257.5,1272.3,1269.2,1264.75,23620214,298737.31,273651,11824048.0, 50.06,2026-06-09
RELIGARE, EQ, 09-Jun-2026,224.7,223.55,228.4,223.55,226.0,226.7,226.0,1448351,3273.31,6440,1235847.0, 85.33,2026-06-09
RELTD, EQ, 09-Jun-2026,122.15,123.03,134.87,120.49,128.98,128.63,128.35,1361490,1747.48,14125,353334.0, 25.95,2026-06-09
REMSONSIND, EQ, 09-Jun-2026,82.76,83.9,84.3,80.5,81.25,81.1,82.08,181390,148.88,1928,136556.0, 75.28,2026-06-09
REMUS, SM, 09-Jun-2026,708.85,692.05,694.05,687.85,690.0,690.25,691.0,2800,19.35,28,2000.0, 71.43,2026-06-09
RENUKA, EQ, 09-Jun-2026,21.95,21.99,22.18,21.83,22.12,22.09,22.03,4301313,947.58,10526,1432657.0, 33.31,2026-06-09
REPCOHOME, EQ, 09-Jun-2026,358.4,357.6,377.0,357.6,375.0,374.0,368.15,160777,591.9,3788,97013.0, 60.34,2026-06-09
REPL, EQ, 09-Jun-2026,66.79,66.79,73.46,66.13,73.09,73.42,69.96,13370,9.35,134,11757.0, 87.94,2026-06-09
REPRO, EQ, 09-Jun-2026,349.75,355.05,364.25,346.75,361.95,359.85,355.77,27677,98.47,870,22129.0, 79.95,2026-06-09
RESPONIND, EQ, 09-Jun-2026,169.93,171.25,174.86,169.0,172.0,171.41,171.14,139226,238.26,2278,73274.0, 52.63,2026-06-09
RETAIL, EQ, 09-Jun-2026,18.1,18.1,18.42,16.92,17.34,17.12,17.57,10113,1.78,316,9203.0, 91.00,2026-06-09
REXPRO, SM, 09-Jun-2026,39.35,39.35,39.35,39.35,39.35,39.35,39.35,1000,0.39,1,1000.0, 100.00,2026-06-09
RFBL, SM, 09-Jun-2026,71.45,72.5,72.9,72.05,72.05,72.3,72.19,57000,41.15,18,42000.0, 73.68,2026-06-09
RGL, EQ, 09-Jun-2026,100.77,101.29,101.75,98.6,100.1,100.07,99.78,372388,371.58,2760,200404.0, 53.82,2026-06-09
RHETAN, EQ, 09-Jun-2026,29.88,29.7,30.5,29.7,30.42,30.44,30.23,1182114,357.33,1589,652396.0, 55.19,2026-06-09
RHFL, BZ, 09-Jun-2026,2.18,2.18,2.22,2.15,2.2,2.18,2.19,866206,19.0,878,, -,2026-06-09
RHIM, EQ, 09-Jun-2026,377.25,380.0,385.0,374.5,380.4,382.6,380.72,218143,830.51,7008,48551.0, 22.26,2026-06-09
RHL, EQ, 09-Jun-2026,176.92,183.1,185.0,181.0,184.0,184.0,182.68,115,0.21,7,66.0, 57.39,2026-06-09
RICHA, SM, 09-Jun-2026,89.9,88.0,93.0,88.0,93.0,91.45,89.59,91000,81.53,46,85000.0, 93.41,2026-06-09
RICOAUTO, EQ, 09-Jun-2026,132.12,133.75,136.99,132.44,134.05,133.58,134.65,2846917,3833.32,17884,635762.0, 22.33,2026-06-09
RIIL, EQ, 09-Jun-2026,753.35,760.0,784.0,755.0,777.0,778.1,772.19,127490,984.47,5914,41788.0, 32.78,2026-06-09
RIIT, IV, 09-Jun-2026,110.99,111.5,111.5,110.88,110.88,111.29,111.16,766081,851.59,1701,745575.0, 97.32,2026-06-09
RILINFRA, SM, 09-Jun-2026,36.05,36.2,36.2,34.15,34.15,34.9,35.2,11200,3.94,70,8900.0, 79.46,2026-06-09
RISHABH, EQ, 09-Jun-2026,508.95,511.0,527.5,510.55,526.0,525.2,520.26,87596,455.73,4418,34221.0, 39.07,2026-06-09
RITCO, EQ, 09-Jun-2026,250.1,250.0,257.3,250.0,255.0,253.55,254.04,35519,90.23,953,15932.0, 44.85,2026-06-09
RITES, EQ, 09-Jun-2026,203.65,205.0,206.88,202.51,204.7,204.42,204.3,407541,832.62,11866,152523.0, 37.43,2026-06-09
RKDL, EQ, 09-Jun-2026,20.01,20.47,20.47,19.01,19.1,19.39,19.55,59077,11.55,314,48569.0, 82.21,2026-06-09
RKEC, EQ, 09-Jun-2026,30.2,31.49,31.49,29.9,30.42,29.99,30.38,7531,2.29,128,5822.0, 77.31,2026-06-09
RKFORGE, EQ, 09-Jun-2026,534.6,540.0,546.0,532.75,544.0,541.8,540.14,216690,1170.43,8565,124580.0, 57.49,2026-06-09
RKSWAMY, EQ, 09-Jun-2026,98.35,99.06,102.0,98.42,101.5,101.39,100.57,29751,29.92,791,14781.0, 49.68,2026-06-09
RMC, BE, 09-Jun-2026,312.15,309.3,325.0,303.0,321.0,315.75,310.72,36720,114.1,436,, -,2026-06-09
RMDRIP, EQ, 09-Jun-2026,15.65,15.65,16.43,14.87,16.42,16.05,15.4,4301068,662.35,3522,3362393.0, 78.18,2026-06-09
RML, EQ, 09-Jun-2026,885.95,883.1,932.0,883.1,929.0,927.5,921.25,29666,273.3,2296,15837.0, 53.38,2026-06-09
RNBDENIMS, EQ, 09-Jun-2026,9.68,9.31,9.67,9.2,9.41,9.29,9.32,930709,86.73,1757,565020.0, 60.71,2026-06-09
RNFI, SM, 09-Jun-2026,247.7,246.05,252.95,244.5,248.0,248.05,248.06,156600,388.45,66,148200.0, 94.64,2026-06-09
RNPL, SM, 09-Jun-2026,90.15,89.0,89.0,85.65,85.65,85.65,85.97,15600,13.41,11,14400.0, 92.31,2026-06-09
ROCKINGDCE, SM, 09-Jun-2026,187.5,187.7,195.0,187.7,195.0,195.0,193.18,1000,1.93,3,1000.0, 100.00,2026-06-09
ROHLTD, EQ, 09-Jun-2026,311.9,314.75,329.9,312.7,319.5,320.3,317.61,31572,100.28,1323,6168.0, 19.54,2026-06-09
ROLEXRINGS, EQ, 09-Jun-2026,138.04,138.43,142.94,137.2,141.75,141.5,140.71,1839350,2588.23,13435,936183.0, 50.90,2026-06-09
ROLLT, BE, 09-Jun-2026,2.32,2.4,2.43,2.4,2.43,2.43,2.43,355630,8.63,204,, -,2026-06-09
ROML, EQ, 09-Jun-2026,46.0,46.99,46.99,45.11,46.5,46.42,46.3,2422,1.12,55,1423.0, 58.75,2026-06-09
ROSSARI, EQ, 09-Jun-2026,511.85,516.0,518.0,505.5,513.5,515.6,514.0,48999,251.86,3359,23589.0, 48.14,2026-06-09
ROSSELLIND, EQ, 09-Jun-2026,54.68,54.68,56.38,53.82,54.33,54.47,54.79,23087,12.65,200,18525.0, 80.24,2026-06-09
ROSSTECH, EQ, 09-Jun-2026,998.0,1006.0,1055.0,1006.0,1050.0,1050.3,1043.91,82948,865.9,5817,39913.0, 48.12,2026-06-09
ROTO, EQ, 09-Jun-2026,61.21,61.6,62.7,60.66,61.7,61.4,61.65,315704,194.63,2975,133198.0, 42.19,2026-06-09
ROUTE, EQ, 09-Jun-2026,511.0,511.0,539.7,509.45,534.25,533.05,529.21,218903,1158.45,10550,77457.0, 35.38,2026-06-09
ROXHITECH, ST, 09-Jun-2026,31.6,32.25,33.15,32.15,33.15,33.15,32.7,35200,11.51,14,32000.0, 90.91,2026-06-09
ROYALARC, SM, 09-Jun-2026,150.0,148.1,149.0,148.1,149.0,149.0,148.55,2400,3.57,2,2400.0, 100.00,2026-06-09
RPEL, EQ, 09-Jun-2026,1090.25,1090.3,1174.9,1090.3,1172.8,1170.5,1138.69,298820,3402.64,23428,132458.0, 44.33,2026-06-09
RPGLIFE, EQ, 09-Jun-2026,2089.0,2089.0,2119.5,2081.7,2111.0,2117.1,2108.04,3798,80.06,831,2032.0, 53.50,2026-06-09
RPOWER, EQ, 09-Jun-2026,27.25,27.6,27.9,26.9,27.86,27.78,27.41,42150173,11554.88,47450,7918012.0, 18.79,2026-06-09
RPPINFRA, EQ, 09-Jun-2026,59.33,60.5,62.0,60.04,62.0,61.57,60.82,43737,26.6,849,25652.0, 58.65,2026-06-09
RPPL, EQ, 09-Jun-2026,17.34,17.69,18.38,17.44,17.9,17.78,17.92,57897,10.37,155,53355.0, 92.16,2026-06-09
RPSGVENT, EQ, 09-Jun-2026,895.6,900.0,909.5,878.05,884.0,882.0,892.37,20556,183.44,1123,13786.0, 67.07,2026-06-09
RPTECH, EQ, 09-Jun-2026,545.05,551.6,556.5,544.05,554.95,552.65,552.07,124553,687.62,5140,65100.0, 52.27,2026-06-09
RRIL, EQ, 09-Jun-2026,20.39,20.5,20.5,19.61,20.48,20.42,20.3,25768,5.23,88,21096.0, 81.87,2026-06-09
RRKABEL, EQ, 09-Jun-2026,2154.6,2149.8,2208.0,2129.9,2179.0,2177.0,2165.99,368490,7981.47,30990,144966.0, 39.34,2026-06-09
RSDFIN, EQ, 09-Jun-2026,79.7,73.0,79.0,73.0,78.0,78.0,78.28,144,0.11,4,94.0, 65.28,2026-06-09
RSL, EQ, 09-Jun-2026,127.83,128.3,133.4,128.29,130.0,130.25,130.85,1035843,1355.39,5119,269446.0, 26.01,2026-06-09
RSSOFTWARE, BE, 09-Jun-2026,31.47,32.7,32.74,31.55,32.5,32.21,32.33,12675,4.1,102,, -,2026-06-09
RSWM, EQ, 09-Jun-2026,204.37,204.37,215.0,204.37,214.0,213.4,210.86,549599,1158.87,8753,206201.0, 37.52,2026-06-09
RSYSTEMS, EQ, 09-Jun-2026,243.55,244.95,250.0,243.5,247.0,247.35,246.64,138328,341.17,3764,76520.0, 55.32,2026-06-09
RTL, ST, 09-Jun-2026,85.3,81.1,81.1,81.1,81.1,81.1,81.1,2000,1.62,1,2000.0, 100.00,2026-06-09
RTNINDIA, EQ, 09-Jun-2026,36.49,36.9,37.62,36.67,37.4,37.37,37.18,2739530,1018.56,12292,666855.0, 24.34,2026-06-09
RTNPOWER, EQ, 09-Jun-2026,9.46,9.47,9.6,9.41,9.44,9.44,9.47,13705771,1298.47,11444,7109084.0, 51.87,2026-06-09
RUBFILA, EQ, 09-Jun-2026,72.25,72.5,73.6,72.02,72.98,72.43,72.81,12314,8.97,296,9500.0, 77.15,2026-06-09
RUBICON, EQ, 09-Jun-2026,1181.4,1192.0,1237.2,1163.6,1173.7,1170.5,1189.24,335838,3993.91,25066,121836.0, 36.28,2026-06-09
RUBYMILLS, BE, 09-Jun-2026,328.3,321.0,344.7,321.0,344.7,344.7,338.95,50376,170.75,460,, -,2026-06-09
RUCHINFRA, EQ, 09-Jun-2026,6.28,6.22,6.49,6.22,6.22,6.27,6.31,80112,5.05,165,50899.0, 63.53,2026-06-09
RUCHIRA, EQ, 09-Jun-2026,110.28,111.9,113.75,111.41,112.5,112.49,112.38,8998,10.11,188,6745.0, 74.96,2026-06-09
RUDRA, BE, 09-Jun-2026,17.84,17.84,17.98,17.52,17.92,17.69,17.78,24384,4.34,106,, -,2026-06-09
RULKA, SM, 09-Jun-2026,93.0,92.0,92.95,92.0,92.95,92.95,92.48,600,0.55,2,600.0, 100.00,2026-06-09
RUPA, EQ, 09-Jun-2026,147.57,148.6,150.94,148.19,150.94,149.84,149.25,37790,56.4,1035,18408.0, 48.71,2026-06-09
RUSHIL, EQ, 09-Jun-2026,14.17,14.3,15.6,14.17,15.45,15.28,15.05,628531,94.58,1231,431421.0, 68.64,2026-06-09
RUSTOMJEE, EQ, 09-Jun-2026,381.15,381.15,385.65,377.4,383.9,381.95,381.63,15479,59.07,1111,8272.0, 53.44,2026-06-09
RVHL, EQ, 09-Jun-2026,41.46,42.9,45.8,41.46,45.0,44.92,43.98,87466,38.47,668,68809.0, 78.67,2026-06-09
RVNL, EQ, 09-Jun-2026,228.23,232.0,236.4,231.25,234.3,233.89,233.63,11229522,26235.22,78898,2018721.0, 17.98,2026-06-09
RVTH, EQ, 09-Jun-2026,709.95,715.0,715.0,692.1,710.0,698.0,701.17,744,5.22,58,729.0, 97.98,2026-06-09
S&SPOWER, BE, 09-Jun-2026,401.15,410.0,421.2,400.0,405.0,408.5,413.18,7539,31.15,127,, -,2026-06-09
SAAKSHI, SM, 09-Jun-2026,246.0,250.9,259.0,245.0,255.0,252.95,251.23,21000,52.76,28,17400.0, 82.86,2026-06-09
SAATVIKGL, EQ, 09-Jun-2026,460.15,460.15,481.55,460.15,469.6,468.4,472.66,123943,585.82,4391,63282.0, 51.06,2026-06-09
SABAR, SM, 09-Jun-2026,5.35,5.6,5.6,5.6,5.6,5.6,5.6,100000,5.6,14,100000.0, 100.00,2026-06-09
SABEVENTS, BE, 09-Jun-2026,7.16,6.85,7.39,6.81,7.2,7.09,6.95,8309,0.58,33,, -,2026-06-09
SACHEEROME, SM, 09-Jun-2026,334.65,340.5,354.9,337.0,349.0,349.0,345.95,27900,96.52,86,12300.0, 44.09,2026-06-09
SADBHAV, EQ, 09-Jun-2026,9.28,9.2,9.49,9.02,9.45,9.25,9.24,38038,3.51,187,29106.0, 76.52,2026-06-09
SADBHIN, EQ, 09-Jun-2026,3.0,3.02,3.11,2.95,3.11,3.09,3.04,186307,5.66,208,159168.0, 85.43,2026-06-09
SADHAV, SM, 09-Jun-2026,124.8,124.8,125.0,121.0,121.0,121.0,123.22,12000,14.79,19,9000.0, 75.00,2026-06-09
SADHNANIQ, BE, 09-Jun-2026,2.35,2.35,2.35,2.31,2.31,2.31,2.32,1933872,44.79,471,, -,2026-06-09
SAFARI, EQ, 09-Jun-2026,1556.5,1567.0,1584.5,1548.5,1577.0,1571.1,1564.09,77371,1210.15,6131,49644.0, 64.16,2026-06-09
SAFEENTP, SM, 09-Jun-2026,269.85,270.0,270.05,264.0,267.0,267.4,268.48,57500,154.37,79,51000.0, 88.70,2026-06-09
SAGARDEEP, EQ, 09-Jun-2026,24.98,25.6,25.6,24.18,25.29,25.26,24.94,4820,1.2,69,3032.0, 62.90,2026-06-09
SAGCEM, EQ, 09-Jun-2026,179.75,180.0,180.8,172.0,172.98,172.98,174.69,88020,153.76,1409,69282.0, 78.71,2026-06-09
SAGILITY, EQ, 09-Jun-2026,39.0,39.2,40.2,39.2,40.17,40.01,39.83,10975680,4371.75,25790,5239497.0, 47.74,2026-06-09
SAHAJSOLAR, SM, 09-Jun-2026,135.0,135.5,135.5,129.85,133.0,133.0,131.3,16400,21.53,37,14000.0, 85.37,2026-06-09
SAHANA, SM, 09-Jun-2026,754.7,759.0,760.15,730.0,730.1,734.55,742.29,10000,74.23,72,7750.0, 77.50,2026-06-09
SAHASRA, ST, 09-Jun-2026,283.25,283.25,297.4,280.05,295.0,296.4,292.54,43600,127.55,93,36400.0, 83.49,2026-06-09
SAHLIBHFI, EQ, 09-Jun-2026,74.56,74.56,79.0,74.49,76.75,77.89,77.29,35687,27.58,371,29352.0, 82.25,2026-06-09
SAHYADRI, EQ, 09-Jun-2026,269.3,274.9,275.0,266.05,274.95,274.5,270.34,3494,9.45,249,2151.0, 61.56,2026-06-09
SAIFL, SM, 09-Jun-2026,5.1,5.15,5.2,5.05,5.1,5.1,5.12,180000,9.22,33,144000.0, 80.00,2026-06-09
SAIL, EQ, 09-Jun-2026,183.78,186.0,187.45,184.31,186.0,185.99,185.94,18783847,34926.77,75954,9417480.0, 50.14,2026-06-09
SAILIFE, EQ, 09-Jun-2026,1194.6,1194.0,1234.4,1185.1,1232.0,1229.7,1211.53,667376,8085.43,31553,367943.0, 55.13,2026-06-09
SAIPARENT, EQ, 09-Jun-2026,550.9,552.05,571.8,552.05,558.75,560.05,561.99,201813,1134.16,6499,98695.0, 48.90,2026-06-09
SAJHOTELS, SM, 09-Jun-2026,37.95,34.55,36.0,34.55,36.0,36.0,35.56,10000,3.56,5,6000.0, 60.00,2026-06-09
SAKAR, EQ, 09-Jun-2026,767.6,783.95,822.0,773.55,822.0,813.6,801.81,115693,927.64,4882,69361.0, 59.95,2026-06-09
SAKHTISUG, EQ, 09-Jun-2026,17.42,17.73,17.73,17.3,17.66,17.54,17.46,66790,11.66,364,43479.0, 65.10,2026-06-09
SAKSOFT, EQ, 09-Jun-2026,139.36,141.41,142.83,139.01,141.6,140.77,140.2,124379,174.38,2714,64210.0, 51.62,2026-06-09
SAKUMA, BE, 09-Jun-2026,1.92,1.92,1.99,1.91,1.93,1.92,1.96,1035759,20.32,909,, -,2026-06-09
SALASAR, EQ, 09-Jun-2026,6.81,6.9,6.9,6.74,6.87,6.82,6.82,2209418,150.69,2887,1321086.0, 59.79,2026-06-09
SALONA, EQ, 09-Jun-2026,263.6,263.6,270.95,263.6,268.95,268.85,268.7,45,0.12,9,42.0, 93.33,2026-06-09
SALSTEEL, BE, 09-Jun-2026,62.46,62.45,63.5,59.34,60.49,59.52,60.88,143838,87.57,525,, -,2026-06-09
SALZERELEC, EQ, 09-Jun-2026,626.9,626.0,650.0,626.0,644.1,645.95,643.79,45135,290.57,2532,22420.0, 49.67,2026-06-09
SAMAY, SM, 09-Jun-2026,42.25,41.0,41.0,41.0,41.0,41.0,41.0,4000,1.64,1,4000.0, 100.00,2026-06-09
SAMBHAAV, EQ, 09-Jun-2026,6.3,6.3,6.65,6.28,6.32,6.38,6.35,21992,1.4,98,16886.0, 76.78,2026-06-09
SAMBHV, EQ, 09-Jun-2026,106.66,106.9,107.49,105.2,106.85,106.36,106.2,517053,549.13,5006,275349.0, 53.25,2026-06-09
SAMHI, EQ, 09-Jun-2026,159.28,157.5,162.48,157.5,161.39,160.66,160.73,411906,662.06,9461,233982.0, 56.80,2026-06-09
SAMMAANCAP, EQ, 09-Jun-2026,176.73,177.5,181.4,175.81,181.1,180.65,179.04,16858483,30182.95,68287,7950547.0, 47.16,2026-06-09
SAMPANN, EQ, 09-Jun-2026,26.98,26.9,27.7,26.61,27.16,27.26,27.28,22678,6.19,141,20955.0, 92.40,2026-06-09
SANATHAN, EQ, 09-Jun-2026,414.55,427.3,438.0,414.95,416.3,419.75,424.6,22556,95.77,1233,12766.0, 56.60,2026-06-09
SANDESH, EQ, 09-Jun-2026,939.7,948.4,953.9,925.4,946.9,946.9,936.1,253,2.37,46,169.0, 66.80,2026-06-09
SANDHAR, EQ, 09-Jun-2026,693.35,694.0,732.35,694.0,708.0,708.9,715.47,399157,2855.86,11757,187984.0, 47.10,2026-06-09
SANDUMA, EQ, 09-Jun-2026,212.92,214.8,219.52,213.65,218.29,218.59,217.25,683753,1485.46,12844,220683.0, 32.28,2026-06-09
SANGAMIND, EQ, 09-Jun-2026,523.6,531.45,534.2,520.5,531.95,531.45,528.54,19857,104.95,842,13677.0, 68.88,2026-06-09
SANGHVIMOV, EQ, 09-Jun-2026,376.05,376.05,393.5,376.05,392.0,391.7,387.57,422132,1636.07,14026,217513.0, 51.53,2026-06-09
SANGINITA, BE, 09-Jun-2026,32.2,32.84,32.84,32.84,32.84,32.84,32.84,39752,13.05,96,, -,2026-06-09
SANOFI, EQ, 09-Jun-2026,3163.0,3180.0,3199.9,3140.1,3169.0,3151.8,3165.36,14000,443.15,4411,8065.0, 57.61,2026-06-09
SANOFICONR, EQ, 09-Jun-2026,4719.8,4708.0,4771.5,4706.0,4706.0,4713.3,4728.19,1330,62.88,404,775.0, 58.27,2026-06-09
SANSERA, EQ, 09-Jun-2026,2905.9,2920.4,2995.0,2910.0,2960.0,2961.4,2965.26,255760,7583.95,28543,123266.0, 48.20,2026-06-09
SANSTAR, EQ, 09-Jun-2026,114.14,115.85,116.89,113.13,113.45,113.61,114.64,287725,329.85,3650,134917.0, 46.89,2026-06-09
SANWARIA, BZ, 09-Jun-2026,0.22,0.22,0.23,0.22,0.22,0.22,0.23,771779,1.76,1133,, -,2026-06-09
SAPPHIRE, EQ, 09-Jun-2026,177.29,177.51,179.6,174.28,177.3,177.25,176.22,171114,301.54,5554,57215.0, 33.44,2026-06-09
SAPPL, EQ, 09-Jun-2026,279.95,288.0,288.95,288.0,288.95,288.95,288.06,320,0.92,3,320.0, 100.00,2026-06-09
SARDAEN, EQ, 09-Jun-2026,537.85,538.25,541.2,528.2,532.0,532.95,532.68,229774,1223.95,12682,87015.0, 37.87,2026-06-09
SAREGAMA, EQ, 09-Jun-2026,456.9,458.0,460.15,445.3,449.9,449.3,451.98,1334143,6030.02,27024,384224.0, 28.80,2026-06-09
SARLAPOLY, EQ, 09-Jun-2026,99.98,99.21,101.01,99.21,100.7,100.46,100.48,62113,62.41,837,47676.0, 76.76,2026-06-09
SARTELE, SM, 09-Jun-2026,122.9,125.8,125.8,117.5,118.65,119.15,119.94,101500,121.74,146,69500.0, 68.47,2026-06-09
SARVESHWAR, BE, 09-Jun-2026,3.66,3.75,3.75,3.65,3.66,3.67,3.67,707738,25.97,1065,, -,2026-06-09
SASKEN, EQ, 09-Jun-2026,2131.5,2160.0,2344.6,2132.5,2344.6,2314.4,2237.49,89443,2001.28,8752,33751.0, 37.73,2026-06-09
SATECH, SM, 09-Jun-2026,39.15,39.5,39.85,38.5,39.85,39.85,39.2,5000,1.96,5,3000.0, 60.00,2026-06-09
SATIA, EQ, 09-Jun-2026,54.32,55.1,55.98,54.12,54.88,54.71,54.62,62635,34.21,1115,31094.0, 49.64,2026-06-09
SATIN, EQ, 09-Jun-2026,237.29,239.9,243.8,237.72,242.5,242.1,240.59,584296,1405.77,6764,325806.0, 55.76,2026-06-09
SATIPOLY, SM, 09-Jun-2026,37.95,38.75,39.8,38.75,39.8,39.8,39.68,12000,4.76,12,12000.0, 100.00,2026-06-09
SATKARTAR, ST, 09-Jun-2026,166.0,164.0,164.0,158.5,160.2,160.2,162.07,15200,24.63,19,15200.0, 100.00,2026-06-09
SATTVAENGG, SM, 09-Jun-2026,64.65,64.15,64.15,63.0,63.0,63.0,63.83,8000,5.11,3,6400.0, 80.00,2026-06-09
SAURASHCEM, EQ, 09-Jun-2026,58.66,59.72,59.75,58.01,58.27,58.23,58.51,58105,34.0,1063,40303.0, 69.36,2026-06-09
SAVY, SM, 09-Jun-2026,140.85,135.05,140.0,135.0,135.0,135.0,136.68,3600,4.92,3,2400.0, 66.67,2026-06-09
SAWALIYA, SM, 09-Jun-2026,301.0,308.0,308.0,287.95,287.95,289.9,299.43,25800,77.25,32,10800.0, 41.86,2026-06-09
SAYAJIHOTL, EQ, 09-Jun-2026,290.9,290.0,290.0,290.0,290.0,290.0,290.0,2,0.01,2,2.0, 100.00,2026-06-09
SBC, EQ, 09-Jun-2026,36.59,36.61,37.24,36.01,37.0,37.04,36.95,14999295,5541.93,5219,4856470.0, 32.38,2026-06-09
SBCL, EQ, 09-Jun-2026,731.6,735.25,747.0,710.1,728.5,731.3,728.03,501542,3651.36,29625,225265.0, 44.91,2026-06-09
SBFC, EQ, 09-Jun-2026,91.28,91.4,92.48,90.91,91.77,91.79,91.58,326176,298.71,4698,169023.0, 51.82,2026-06-09
SBGLP, EQ, 09-Jun-2026,25.03,25.02,26.45,24.7,25.5,25.08,25.09,70646,17.72,785,42197.0, 59.73,2026-06-09
SBIBPB, EQ, 09-Jun-2026,47.76,48.46,49.47,47.49,49.44,49.41,48.74,207833,101.3,680,152563.0, 73.41,2026-06-09
SBICARD, EQ, 09-Jun-2026,574.55,577.4,585.75,575.7,585.55,584.95,581.44,506900,2947.31,17665,197903.0, 39.04,2026-06-09
SBIETFCON, EQ, 09-Jun-2026,114.28,116.48,116.48,114.18,114.86,114.74,114.86,2657,3.05,104,2276.0, 85.66,2026-06-09
SBIETFIT, EQ, 09-Jun-2026,318.03,314.84,327.0,313.53,316.0,315.96,315.54,5501,17.36,331,3932.0, 71.48,2026-06-09
SBIETFPB, EQ, 09-Jun-2026,266.56,269.9,270.99,266.96,270.66,270.19,269.92,6518,17.59,111,5947.0, 91.24,2026-06-09
SBIETFQLTY, EQ, 09-Jun-2026,214.64,214.81,217.9,214.39,216.2,216.2,215.5,1344,2.9,58,1137.0, 84.60,2026-06-09
SBILIFE, EQ, 09-Jun-2026,1764.4,1755.0,1782.1,1754.7,1768.0,1769.1,1773.92,857754,15215.9,65826,550227.0, 64.15,2026-06-09
SBILIQETF, EQ, 09-Jun-2026,1042.18,1042.31,1042.33,1042.31,1042.31,1042.31,1042.31,72187,752.41,46,71171.0, 98.59,2026-06-09
SBIMIDMOM, EQ, 09-Jun-2026,61.29,60.99,62.27,60.99,62.14,61.76,61.56,27982,17.23,93,20937.0, 74.82,2026-06-09
SBIN, EQ, 09-Jun-2026,981.95,985.0,1009.0,983.0,1004.1,1002.7,998.02,22142480,220986.42,270891,12680438.0, 57.27,2026-06-09
SBINEQWETF, EQ, 09-Jun-2026,32.18,32.18,32.45,32.17,32.3,32.22,32.27,24478,7.9,637,9509.0, 38.85,2026-06-09
SBINMID150, EQ, 09-Jun-2026,21.99,22.05,22.49,22.0,22.28,22.29,22.18,8387,1.86,76,7477.0, 89.15,2026-06-09
SBISILVER, EQ, 09-Jun-2026,233.57,239.6,239.6,230.55,237.84,237.53,237.39,1175708,2790.97,7822,426072.0, 36.24,2026-06-09
SBISMLETF, EQ, 09-Jun-2026,16.76,16.84,17.17,16.79,16.91,16.9,16.89,12519,2.11,75,7244.0, 57.86,2026-06-09
SBIVALETF, EQ, 09-Jun-2026,15.24,15.25,15.4,15.25,15.33,15.33,15.29,11325,1.73,25,6080.0, 53.69,2026-06-09
SCANSTL, EQ, 09-Jun-2026,35.61,36.88,37.0,35.78,35.8,36.07,36.15,9314,3.37,66,5577.0, 59.88,2026-06-09
SCHAEFFLER, EQ, 09-Jun-2026,4006.2,4036.0,4144.9,3994.1,4070.0,4081.0,4096.65,41013,1680.16,7606,20913.0, 50.99,2026-06-09
SCHAND, EQ, 09-Jun-2026,146.18,146.18,148.4,144.85,146.0,146.08,146.3,70589,103.27,1763,43164.0, 61.15,2026-06-09
SCHNEIDER, EQ, 09-Jun-2026,1142.9,1160.4,1160.4,1087.7,1100.0,1097.8,1114.52,418302,4662.05,31245,207340.0, 49.57,2026-06-09
SCI, EQ, 09-Jun-2026,293.1,295.0,299.15,291.55,297.5,297.15,295.6,3783621,11184.37,33577,1027374.0, 27.15,2026-06-09
SCILAL, EQ, 09-Jun-2026,44.71,44.75,45.31,44.38,45.1,44.79,44.71,150409,67.24,1419,78724.0, 52.34,2026-06-09
SCML, SM, 09-Jun-2026,79.5,78.15,78.2,77.0,77.25,77.25,77.73,10000,7.77,9,7000.0, 70.00,2026-06-09
SCODATUBES, EQ, 09-Jun-2026,120.9,122.47,125.75,122.0,125.0,124.63,124.07,142394,176.67,1913,74672.0, 52.44,2026-06-09
SCPL, BE, 09-Jun-2026,460.5,465.0,471.0,438.95,450.0,445.55,454.32,26701,121.31,231,, -,2026-06-09
SDBL, EQ, 09-Jun-2026,70.45,70.64,74.85,70.64,74.68,74.39,73.61,634979,467.42,6283,274723.0, 43.26,2026-06-09
SDREAMS, SM, 09-Jun-2026,90.0,90.0,91.0,90.0,91.0,91.0,90.5,2000,1.81,2,2000.0, 100.00,2026-06-09
SEAMECLTD, EQ, 09-Jun-2026,1600.2,1587.8,1630.0,1586.1,1610.0,1612.8,1610.49,27551,443.7,3160,12533.0, 45.49,2026-06-09
SECMARK, EQ, 09-Jun-2026,127.0,126.8,127.0,119.1,119.56,121.18,125.12,291,0.36,17,234.0, 80.41,2026-06-09
SECURKLOUD, EQ, 09-Jun-2026,20.19,20.69,20.79,19.95,20.5,20.49,20.33,4600,0.94,83,3602.0, 78.30,2026-06-09
SEDEMAC, EQ, 09-Jun-2026,2366.7,2404.0,2659.9,2400.0,2635.0,2624.9,2592.01,534904,13864.75,50072,127630.0, 23.86,2026-06-09
SEIL, EQ, 09-Jun-2026,178.7,181.91,199.99,181.68,198.5,198.73,193.01,1182211,2281.78,10943,596207.0, 50.43,2026-06-09
SEJALLTD, BE, 09-Jun-2026,700.45,695.0,709.75,665.45,665.45,667.8,681.3,20414,139.08,426,, -,2026-06-09
SELECTIPO, EQ, 09-Jun-2026,42.26,42.7,42.99,42.56,42.99,42.89,42.83,15884,6.8,57,14173.0, 89.23,2026-06-09
SELLOWRAP, SM, 09-Jun-2026,68.5,71.5,71.5,66.5,66.5,66.5,69.4,6400,4.44,4,1600.0, 25.00,2026-06-09
SELMC, EQ, 09-Jun-2026,30.11,30.11,32.81,29.11,29.6,29.82,30.17,9288,2.8,115,8185.0, 88.12,2026-06-09
SEMAC, BE, 09-Jun-2026,352.4,336.0,336.0,334.8,334.8,334.8,335.0,304,1.02,17,, -,2026-06-09
SENCO, EQ, 09-Jun-2026,343.1,345.0,349.0,342.6,345.05,345.7,345.15,255861,883.1,7805,91556.0, 35.78,2026-06-09
SENORES, EQ, 09-Jun-2026,1007.0,1020.5,1099.9,1012.3,1099.9,1094.5,1074.77,688568,7400.53,21681,398445.0, 57.87,2026-06-09
SENSEXADD, EQ, 09-Jun-2026,75.73,76.04,76.04,75.62,76.03,75.86,75.73,2152,1.63,30,1774.0, 82.43,2026-06-09
SENSEXBETA, EQ, 09-Jun-2026,811.46,814.99,817.41,810.08,816.34,816.31,814.02,1847,15.03,103,1455.0, 78.78,2026-06-09
SENSEXETF, EQ, 09-Jun-2026,75.6,75.98,76.15,75.53,75.9,75.99,75.81,23481,17.8,228,15053.0, 64.11,2026-06-09
SENSEXIETF, EQ, 09-Jun-2026,843.06,847.28,849.79,841.51,846.9,845.66,844.84,10090,85.24,512,4444.0, 44.04,2026-06-09
SEPC, EQ, 09-Jun-2026,6.62,6.67,6.84,6.61,6.65,6.65,6.69,29136735,1949.18,10172,6161143.0, 21.15,2026-06-09
SERVOTECH, EQ, 09-Jun-2026,99.67,100.1,104.0,100.1,102.8,103.51,102.71,1421288,1459.81,11528,480857.0, 33.83,2026-06-09
SESHAPAPER, EQ, 09-Jun-2026,228.77,230.0,236.96,228.01,229.4,229.89,229.59,9802,22.5,404,4592.0, 46.85,2026-06-09
SETCO, BE, 09-Jun-2026,17.22,17.56,17.56,17.56,17.56,17.56,17.56,72353,12.71,16,, -,2026-06-09
SETF10GILT, EQ, 09-Jun-2026,258.76,260.4,260.55,259.0,259.04,260.13,259.49,20028,51.97,58,19519.0, 97.46,2026-06-09
SETFGOLD, EQ, 09-Jun-2026,128.11,130.2,130.2,128.5,129.11,129.4,129.44,2925106,3786.38,9391,1425653.0, 48.74,2026-06-09
SETFNIF50, EQ, 09-Jun-2026,248.19,249.0,249.89,248.02,249.7,249.49,248.92,720135,1792.59,6570,461825.0, 64.13,2026-06-09
SETFNIFBK, EQ, 09-Jun-2026,554.14,553.87,565.77,553.87,565.0,564.76,561.98,156681,880.52,1160,100715.0, 64.28,2026-06-09
SETFNN50, EQ, 09-Jun-2026,737.84,741.5,749.5,738.65,749.5,747.76,744.29,21422,159.44,2223,13286.0, 62.02,2026-06-09
SETL, EQ, 09-Jun-2026,154.09,154.09,158.0,152.0,156.02,156.54,154.84,221384,342.79,2581,104985.0, 47.42,2026-06-09
SETUINFRA, BZ, 09-Jun-2026,0.44,0.44,0.45,0.42,0.45,0.42,0.44,255231,1.12,54,, -,2026-06-09
SEYAIND, BE, 09-Jun-2026,13.85,13.58,13.58,13.58,13.58,13.58,13.58,1677,0.23,28,, -,2026-06-09
SFL, EQ, 09-Jun-2026,671.35,677.7,687.95,668.75,681.5,680.9,679.1,541395,3676.62,32521,227412.0, 42.00,2026-06-09
SFML, SM, 09-Jun-2026,22.3,22.3,22.3,22.3,22.3,22.3,22.3,3200,0.71,2,3200.0, 100.00,2026-06-09
SGBAPR28I, GB, 09-Jun-2026,14871.16,14990.0,15030.0,14935.1,14950.0,14950.0,14985.6,116,17.38,40,100.0, 86.21,2026-06-09
SGBAUG27, GB, 09-Jun-2026,14854.5,15021.94,15022.0,14920.0,14985.0,14985.0,14967.26,92,13.77,23,68.0, 73.91,2026-06-09
SGBAUG28V, GB, 09-Jun-2026,14875.22,14909.0,15028.0,14902.0,14970.0,14988.48,14977.32,1791,268.24,190,1373.0, 76.66,2026-06-09
SGBAUG29V, GB, 09-Jun-2026,14868.74,14951.0,15040.0,14951.0,15009.0,15004.25,15026.5,52,7.81,19,47.0, 90.38,2026-06-09
SGBAUG30, GB, 09-Jun-2026,14976.59,15066.0,15238.98,14980.0,14980.0,14984.45,15042.57,159,23.92,58,134.0, 84.28,2026-06-09
SGBD29VIII, GB, 09-Jun-2026,14851.0,15190.0,15190.0,14922.07,14975.0,14954.54,14957.89,672,100.52,60,571.0, 84.97,2026-06-09
SGBDE30III, GB, 09-Jun-2026,14964.29,15043.12,15195.96,14970.01,15035.0,15016.07,15047.33,229,34.46,75,130.0, 56.77,2026-06-09
SGBDE31III, GB, 09-Jun-2026,15078.64,15115.0,15329.99,15115.0,15125.0,15126.23,15150.25,1322,200.29,222,959.0, 72.54,2026-06-09
SGBDEC26, GB, 09-Jun-2026,15480.0,15050.0,15051.0,15050.0,15051.0,15051.0,15050.07,74,11.14,2,74.0, 100.00,2026-06-09
SGBFEB27, GB, 09-Jun-2026,14920.0,14999.99,14999.99,14974.99,14974.99,14974.99,14990.37,13,1.95,6,8.0, 61.54,2026-06-09
SGBFEB28IX, GB, 09-Jun-2026,15280.0,15100.0,15100.0,14952.01,14952.01,14953.55,15045.18,9,1.35,6,9.0, 100.00,2026-06-09
SGBFEB29XI, GB, 09-Jun-2026,14870.0,14851.0,15094.0,14851.0,14957.0,14957.0,15002.17,48,7.2,19,42.0, 87.50,2026-06-09
SGBFEB32IV, GB, 09-Jun-2026,15247.67,15250.0,15489.99,15250.0,15366.0,15344.59,15335.55,873,133.88,240,556.0, 63.69,2026-06-09
SGBJ28VIII, GB, 09-Jun-2026,14979.0,15001.0,15001.0,15000.0,15000.0,15000.0,15000.5,2,0.3,2,2.0, 100.00,2026-06-09
SGBJAN27, GB, 09-Jun-2026,15400.0,15190.0,15190.0,15190.0,15190.0,15190.0,15190.0,2,0.3,2,2.0, 100.00,2026-06-09
SGBJAN29IX, GB, 09-Jun-2026,14916.2,15011.0,15100.0,15010.0,15021.01,15046.73,15050.73,431,64.87,40,401.0, 93.04,2026-06-09
SGBJAN29X, GB, 09-Jun-2026,14900.0,15001.0,15100.01,15000.0,15008.01,15012.0,15095.97,941,142.05,59,896.0, 95.22,2026-06-09
SGBJAN30IX, GB, 09-Jun-2026,14849.52,14851.01,15099.0,14851.01,15027.0,15028.5,14987.12,74,11.09,36,53.0, 71.62,2026-06-09
SGBJU29III, GB, 09-Jun-2026,14900.0,15048.99,15048.99,14911.0,14950.0,14950.0,14966.33,527,78.87,41,518.0, 98.29,2026-06-09
SGBJUL27, GB, 09-Jun-2026,15349.0,15003.0,15190.0,15002.0,15051.0,15120.5,15026.03,38,5.71,8,36.0, 94.74,2026-06-09
SGBJUL28IV, GB, 09-Jun-2026,14907.33,15001.0,15100.01,15000.0,15090.0,15071.09,15088.01,813,122.67,39,789.0, 97.05,2026-06-09
SGBJUL29IV, GB, 09-Jun-2026,14913.4,15026.0,15100.0,15000.01,15024.5,15040.38,15081.8,294,44.34,20,289.0, 98.30,2026-06-09
SGBJUN27, GB, 09-Jun-2026,14900.0,15147.99,15147.99,14975.0,14975.0,14975.0,15022.69,14,2.1,8,14.0, 100.00,2026-06-09
SGBJUN28, GB, 09-Jun-2026,14993.68,14993.68,15090.0,14993.68,15000.0,14998.45,15007.11,38,5.7,19,36.0, 94.74,2026-06-09
SGBJUN29II, GB, 09-Jun-2026,14861.74,15000.0,15100.0,14931.01,14931.01,14934.69,14973.27,114,17.07,40,92.0, 80.70,2026-06-09
SGBJUN30, GB, 09-Jun-2026,15025.07,14927.0,15100.99,14927.0,15035.51,15035.5,15037.66,169,25.41,44,126.0, 74.56,2026-06-09
SGBJUN31I, GB, 09-Jun-2026,15002.95,15061.01,15242.99,15016.01,15080.0,15058.88,15102.02,372,56.18,100,240.0, 64.52,2026-06-09
SGBMAR30X, GB, 09-Jun-2026,15040.54,15001.0,15010.0,15000.0,15000.0,15000.0,15003.79,19,2.85,9,19.0, 100.00,2026-06-09
SGBMAR31IV, GB, 09-Jun-2026,15037.13,15050.0,15151.0,14980.0,14980.0,15002.33,15059.58,105,15.81,38,64.0, 60.95,2026-06-09
SGBMAY28, GB, 09-Jun-2026,14869.72,14950.0,14997.01,14940.0,14960.0,14961.6,14976.47,149,22.31,34,133.0, 89.26,2026-06-09
SGBMAY29I, GB, 09-Jun-2026,14867.0,14901.0,14994.98,14901.0,14970.0,14968.14,14948.57,468,69.96,83,268.0, 57.26,2026-06-09
SGBMR29XII, GB, 09-Jun-2026,14888.0,14995.0,15024.89,14925.1,14940.0,14940.0,14945.2,92,13.75,33,73.0, 79.35,2026-06-09
SGBN28VIII, GB, 09-Jun-2026,14930.53,14931.53,15000.01,14920.0,14963.28,14963.28,14962.97,139,20.8,51,78.0, 56.12,2026-06-09
SGBNOV26, GB, 09-Jun-2026,14944.0,14944.0,15409.96,14944.0,15409.96,15409.96,15094.68,12,1.81,8,11.0, 91.67,2026-06-09
SGBNV29VII, GB, 09-Jun-2026,14852.66,14865.0,14988.0,14865.0,14974.99,14974.99,14952.53,171,25.57,30,124.0, 72.51,2026-06-09
SGBOC28VII, GB, 09-Jun-2026,14866.76,14955.8,14999.99,14879.0,14950.0,14950.0,14962.71,75,11.22,15,63.0, 84.00,2026-06-09
SGBOCT27VI, GB, 09-Jun-2026,14898.97,14890.0,14999.0,14890.0,14921.01,14921.01,14942.93,14,2.09,8,10.0, 71.43,2026-06-09
SGBSEP27, GB, 09-Jun-2026,14898.0,14900.01,14993.34,14900.01,14974.79,14974.79,14983.65,25,3.75,6,23.0, 92.00,2026-06-09
SGBSEP28VI, GB, 09-Jun-2026,14870.0,14860.0,14999.99,14860.0,14999.99,14988.7,14973.18,100,14.97,29,79.0, 79.00,2026-06-09
SGBSEP29VI, GB, 09-Jun-2026,14885.16,14812.0,15095.0,14812.0,14999.99,14962.34,14964.51,548,82.01,69,470.0, 85.77,2026-06-09
SGBSEP31II, GB, 09-Jun-2026,15009.5,15384.73,15384.73,15005.01,15067.99,15064.77,15108.84,725,109.54,160,409.0, 56.41,2026-06-09
SGFIN, EQ, 09-Jun-2026,569.65,574.2,612.0,570.45,605.8,606.15,601.55,412139,2479.24,11891,205231.0, 49.80,2026-06-09
SGIL, EQ, 09-Jun-2026,553.35,556.1,571.2,551.6,560.0,556.65,563.91,6275,35.39,421,3565.0, 56.81,2026-06-09
SGL, EQ, 09-Jun-2026,10.75,10.75,11.24,10.75,10.8,10.87,10.88,16483,1.79,67,9407.0, 57.07,2026-06-09
SGMART, EQ, 09-Jun-2026,576.85,585.4,628.0,585.4,621.95,619.4,614.58,638963,3926.96,18127,296665.0, 46.43,2026-06-09
SHADOWFAX, EQ, 09-Jun-2026,203.1,204.9,219.0,203.11,219.0,216.9,214.28,4259498,9127.15,51603,1857142.0, 43.60,2026-06-09
SHAH, EQ, 09-Jun-2026,4.77,5.1,5.2,4.63,4.77,4.72,4.81,8514516,409.65,3327,1733545.0, 20.36,2026-06-09
SHAHALLOYS, EQ, 09-Jun-2026,69.27,67.88,73.0,67.88,69.0,69.02,70.83,11739,8.31,196,9028.0, 76.91,2026-06-09
SHAILY, EQ, 09-Jun-2026,3079.1,3100.0,3159.0,3048.1,3159.0,3132.6,3097.13,151432,4690.05,14407,58801.0, 38.83,2026-06-09
SHAKTIPUMP, EQ, 09-Jun-2026,517.75,522.0,527.15,518.9,525.8,524.75,523.26,353866,1851.62,12155,138714.0, 39.20,2026-06-09
SHALBY, EQ, 09-Jun-2026,171.35,173.91,173.91,168.0,170.1,169.09,170.66,127024,216.78,2027,82002.0, 64.56,2026-06-09
SHALPAINTS, EQ, 09-Jun-2026,48.57,49.98,49.98,49.0,49.5,49.54,49.52,18584,9.2,298,12855.0, 69.17,2026-06-09
SHANKARA, BE, 09-Jun-2026,112.75,112.75,112.8,110.55,110.55,110.55,110.74,14062,15.57,78,, -,2026-06-09
SHANTHALA, SM, 09-Jun-2026,22.0,22.2,22.2,22.2,22.2,22.2,22.2,3600,0.8,2,3600.0, 100.00,2026-06-09
SHANTI, EQ, 09-Jun-2026,6.49,6.28,6.68,6.28,6.55,6.54,6.53,9968,0.65,48,9486.0, 95.16,2026-06-09
SHANTIGEAR, EQ, 09-Jun-2026,440.3,440.3,444.05,440.0,440.0,441.05,441.54,4089,18.05,315,2101.0, 51.38,2026-06-09
SHANTIGOLD, EQ, 09-Jun-2026,219.87,223.91,229.0,217.5,220.4,218.36,223.58,3303892,7387.0,18078,1008689.0, 30.53,2026-06-09
SHARDACROP, EQ, 09-Jun-2026,867.95,870.0,888.7,861.65,885.1,885.3,873.14,258576,2257.72,14565,99221.0, 38.37,2026-06-09
SHARDAMOTR, EQ, 09-Jun-2026,781.5,790.0,803.0,785.8,800.0,796.05,792.3,30032,237.94,2877,17379.0, 57.87,2026-06-09
SHARDUL, EQ, 09-Jun-2026,28.03,29.0,29.0,27.5,28.4,28.4,28.1,2803,0.79,16,1909.0, 68.11,2026-06-09
SHAREINDIA, EQ, 09-Jun-2026,131.6,133.57,134.7,131.31,132.53,132.84,132.67,429716,570.12,3550,177096.0, 41.21,2026-06-09
SHARIABEES, EQ, 09-Jun-2026,457.9,457.0,463.92,452.43,456.27,456.02,455.26,3791,17.26,443,1848.0, 48.75,2026-06-09
SHBAJRG, EQ, 09-Jun-2026,200.42,207.4,212.0,195.0,202.0,203.95,202.29,12231,24.74,387,5079.0, 41.53,2026-06-09
SHEEL, SM, 09-Jun-2026,49.45,51.2,51.9,49.5,51.9,51.9,51.68,38000,19.64,17,38000.0, 100.00,2026-06-09
SHEETAL, SM, 09-Jun-2026,292.45,294.0,295.0,294.0,295.0,294.6,294.58,17000,50.08,20,11500.0, 67.65,2026-06-09
SHEKHAWATI, BE, 09-Jun-2026,14.24,14.95,14.95,14.33,14.5,14.5,14.86,9267,1.38,69,, -,2026-06-09
SHEMAROO, EQ, 09-Jun-2026,109.35,112.79,113.0,107.6,108.0,109.53,110.91,13108,14.54,155,8000.0, 61.03,2026-06-09
SHERA, ST, 09-Jun-2026,159.0,159.0,163.85,156.05,157.0,156.55,159.08,14000,22.27,14,11000.0, 78.57,2026-06-09
SHETHJI, ST, 09-Jun-2026,164.0,162.0,162.0,160.0,160.0,160.0,161.04,5000,8.05,5,5000.0, 100.00,2026-06-09
SHILCTECH, EQ, 09-Jun-2026,3965.6,4010.0,4038.9,3802.0,3819.0,3820.0,3866.0,42092,1627.28,8723,24577.0, 58.39,2026-06-09
SHILPAMED, EQ, 09-Jun-2026,532.5,536.9,578.8,533.0,569.0,569.15,557.95,1408216,7857.16,30085,597212.0, 42.41,2026-06-09
SHINDL, EQ, 09-Jun-2026,154.48,156.6,157.19,154.0,154.11,155.12,155.56,114487,178.09,613,5309.0, 4.64,2026-06-09
SHIVALIK, BE, 09-Jun-2026,236.9,236.0,240.0,233.0,236.65,237.7,237.84,33846,80.5,303,, -,2026-06-09
SHIVAMAUTO, BE, 09-Jun-2026,17.08,17.01,17.9,16.85,17.27,17.05,17.26,46809,8.08,181,, -,2026-06-09
SHIVAMILLS, BE, 09-Jun-2026,63.95,67.12,67.12,61.07,66.88,66.88,66.58,230,0.15,5,, -,2026-06-09
SHIVASHRIT, SM, 09-Jun-2026,116.9,119.75,119.75,114.5,115.1,115.15,117.09,14000,16.39,14,9000.0, 64.29,2026-06-09
SHIVATEX, EQ, 09-Jun-2026,149.7,150.0,152.0,146.51,151.9,151.87,148.84,1061,1.58,33,862.0, 81.24,2026-06-09
SHIVAUM, EQ, 09-Jun-2026,334.0,344.0,355.75,344.0,355.75,355.75,349.08,66,0.23,7,46.0, 69.70,2026-06-09
SHK, EQ, 09-Jun-2026,123.18,123.2,124.95,122.03,124.75,123.98,123.49,289122,357.03,4194,182703.0, 63.19,2026-06-09
SHKSIL, SM, 09-Jun-2026,38.0,38.0,38.0,38.0,38.0,38.0,38.0,30000,11.4,6,30000.0, 100.00,2026-06-09
SHOPERSTOP, EQ, 09-Jun-2026,346.75,347.0,354.95,346.95,354.85,353.05,351.08,13473,47.3,925,6405.0, 47.54,2026-06-09
SHRADHA, EQ, 09-Jun-2026,34.31,34.31,34.94,33.51,34.7,34.7,34.06,5841,1.99,65,4824.0, 82.59,2026-06-09
SHREDIGCEM, EQ, 09-Jun-2026,69.82,70.0,71.58,69.63,70.4,70.07,70.3,58562,41.17,923,23593.0, 40.29,2026-06-09
SHREECEM, EQ, 09-Jun-2026,23535.0,23535.0,23625.0,23290.0,23390.0,23415.0,23470.97,51825,12163.83,9357,32697.0, 63.09,2026-06-09
SHREEJISPG, EQ, 09-Jun-2026,459.6,461.25,469.4,458.0,461.0,461.9,463.84,1369217,6350.92,7317,500137.0, 36.53,2026-06-09
SHREEKARNI, SM, 09-Jun-2026,415.55,424.0,424.0,424.0,424.0,424.0,424.0,300,1.27,1,300.0, 100.00,2026-06-09
SHREEOSFM, SM, 09-Jun-2026,51.9,51.0,51.8,50.55,51.5,51.3,51.14,9000,4.6,9,7000.0, 77.78,2026-06-09
SHREEPUSHK, EQ, 09-Jun-2026,353.65,353.0,358.8,350.15,351.0,353.15,353.94,18298,64.76,935,9006.0, 49.22,2026-06-09
SHREERAMA, EQ, 09-Jun-2026,42.56,43.38,43.97,42.7,43.0,43.38,43.3,39600,17.15,570,19872.0, 50.18,2026-06-09
SHREMINVIT, IV, 09-Jun-2026,102.0,102.0,102.3,102.0,102.0,102.0,102.06,250000,255.15,7,250000.0, 100.00,2026-06-09
SHRENIK, BZ, 09-Jun-2026,0.37,0.37,0.38,0.36,0.38,0.37,0.38,240502,0.91,140,, -,2026-06-09
SHREYANIND, EQ, 09-Jun-2026,137.19,138.99,140.4,137.0,137.0,137.37,137.8,3082,4.25,117,2305.0, 74.79,2026-06-09
SHRIAHIMSA, ST, 09-Jun-2026,375.0,390.0,390.0,356.25,365.0,364.0,361.38,33000,119.25,53,28200.0, 85.45,2026-06-09
SHRIKRISH, EQ, 09-Jun-2026,43.51,43.4,43.4,42.01,43.14,42.96,43.16,145,0.06,8,78.0, 53.79,2026-06-09
SHRINGARMS, EQ, 09-Jun-2026,204.98,205.99,208.3,205.3,207.31,207.81,206.89,364272,753.63,3481,128481.0, 35.27,2026-06-09
SHRIPISTON, EQ, 09-Jun-2026,3292.5,3330.0,3343.8,3265.0,3304.0,3301.4,3311.72,16127,534.08,6053,8931.0, 55.38,2026-06-09
SHRIRAMFIN, EQ, 09-Jun-2026,896.65,908.4,915.0,896.75,912.1,911.7,907.6,5892611,53481.23,89408,3270031.0, 55.49,2026-06-09
SHRIRAMPPS, EQ, 09-Jun-2026,85.24,85.3,86.85,85.3,86.5,86.58,86.26,340406,293.65,2825,160469.0, 47.14,2026-06-09
SHRITECH, SM, 09-Jun-2026,69.4,69.4,69.4,63.0,63.0,63.0,65.24,32000,20.88,15,24000.0, 75.00,2026-06-09
SHUBHLAXMI, SM, 09-Jun-2026,23.1,24.25,24.25,24.25,24.25,24.25,24.25,15000,3.64,14,14000.0, 93.33,2026-06-09
SHYAMCENT, EQ, 09-Jun-2026,4.9,4.9,4.98,4.85,4.91,4.9,4.9,40509,1.98,142,33616.0, 82.98,2026-06-09
SHYAMDHANI, SM, 09-Jun-2026,66.8,68.0,68.0,68.0,68.0,68.0,68.0,2000,1.36,1,2000.0, 100.00,2026-06-09
SHYAMMETL, EQ, 09-Jun-2026,975.85,975.85,993.0,967.8,970.35,973.3,972.15,745810,7250.37,9401,324273.0, 43.48,2026-06-09
SHYAMTEL, BE, 09-Jun-2026,16.15,15.83,15.83,15.83,15.83,15.83,15.83,134,0.02,7,, -,2026-06-09
SICAGEN, EQ, 09-Jun-2026,53.84,54.9,55.0,52.8,54.0,53.7,54.2,13472,7.3,89,9470.0, 70.29,2026-06-09
SICALLOG, BE, 09-Jun-2026,75.85,79.64,79.64,78.0,79.64,79.57,79.61,233130,185.59,276,, -,2026-06-09
SIDDHICOTS, SM, 09-Jun-2026,26.6,26.6,27.0,26.6,27.0,26.85,26.72,9600,2.57,8,7200.0, 75.00,2026-06-09
SIDDHIKA, SM, 09-Jun-2026,205.25,205.25,205.25,200.05,205.0,205.0,203.43,1500,3.05,3,1500.0, 100.00,2026-06-09
SIEMENS, EQ, 09-Jun-2026,3624.0,3623.9,3630.0,3573.1,3619.5,3619.8,3609.04,323100,11660.82,23849,96016.0, 29.72,2026-06-09
SIGACHI, BE, 09-Jun-2026,21.11,21.11,21.99,21.06,21.27,21.17,21.29,369839,78.74,2030,, -,2026-06-09
SIGIND, EQ, 09-Jun-2026,48.26,49.9,50.29,46.32,47.98,48.08,47.99,19056,9.15,199,13365.0, 70.14,2026-06-09
SIGMA, EQ, 09-Jun-2026,40.08,40.08,41.0,39.31,40.0,39.53,39.91,58290,23.26,967,26818.0, 46.01,2026-06-09
SIGMAADV, BE, 09-Jun-2026,416.65,425.0,437.45,425.0,437.45,437.45,435.93,127502,555.81,970,, -,2026-06-09
SIGNATURE, EQ, 09-Jun-2026,806.15,817.3,836.0,803.1,809.4,806.8,819.66,304093,2492.53,9609,79411.0, 26.11,2026-06-09
SIGNORIA, SM, 09-Jun-2026,59.85,62.8,62.8,62.8,62.8,62.8,62.8,3000,1.88,3,3000.0, 100.00,2026-06-09
SIGNPOST, EQ, 09-Jun-2026,260.2,260.25,271.35,260.25,269.15,270.05,267.54,50593,135.36,1373,24000.0, 47.44,2026-06-09
SIKA, EQ, 09-Jun-2026,915.3,915.3,928.0,900.0,916.75,914.2,914.11,11155,101.97,1314,6083.0, 54.53,2026-06-09
SIKKO, EQ, 09-Jun-2026,3.98,4.0,4.04,3.92,3.98,3.98,3.97,319325,12.69,554,258583.0, 80.98,2026-06-09
SIL, EQ, 09-Jun-2026,15.42,15.7,15.75,15.39,15.6,15.55,15.53,16569,2.57,125,14526.0, 87.67,2026-06-09
SILGO, EQ, 09-Jun-2026,75.41,76.0,77.45,74.5,77.45,76.89,75.4,283928,214.08,1575,37490.0, 13.20,2026-06-09
SILINV, EQ, 09-Jun-2026,416.2,430.8,430.8,406.0,410.0,410.8,414.39,3189,13.21,115,2297.0, 72.03,2026-06-09
SILKFLEX, ST, 09-Jun-2026,190.0,199.5,199.5,199.0,199.5,199.5,199.48,39000,77.8,35,36000.0, 92.31,2026-06-09
SILKY, SM, 09-Jun-2026,120.4,119.95,119.95,118.0,118.0,119.55,119.56,4000,4.78,2,4000.0, 100.00,2026-06-09
SILLYMONKS, EQ, 09-Jun-2026,16.66,17.0,17.0,16.6,16.6,16.6,16.62,902,0.15,12,877.0, 97.23,2026-06-09
SILVER, EQ, 09-Jun-2026,238.37,238.22,243.4,238.02,242.35,241.95,241.82,806619,1950.59,8037,185796.0, 23.03,2026-06-09
SILVER1, EQ, 09-Jun-2026,23.11,23.68,23.69,23.14,23.61,23.55,23.5,10200888,2396.99,7565,6541314.0, 64.12,2026-06-09
SILVER360, EQ, 09-Jun-2026,234.76,237.77,239.69,236.6,238.99,238.51,237.83,43928,104.47,455,30366.0, 69.13,2026-06-09
SILVERADD, EQ, 09-Jun-2026,229.55,231.46,235.8,231.03,235.8,233.66,233.99,370024,865.81,4193,114314.0, 30.89,2026-06-09
SILVERAG, EQ, 09-Jun-2026,232.84,234.05,237.44,233.17,236.13,236.15,235.74,136241,321.17,2499,53177.0, 39.03,2026-06-09
SILVERBEES, EQ, 09-Jun-2026,227.93,228.0,233.29,227.99,232.22,231.9,231.79,21678738,50250.0,70347,7235397.0, 33.38,2026-06-09
SILVERBETA, EQ, 09-Jun-2026,229.97,230.44,235.58,230.43,234.46,234.09,233.98,568717,1330.69,4833,250315.0, 44.01,2026-06-09
SILVERBND, EQ, 09-Jun-2026,237.58,241.91,244.41,240.91,242.43,243.29,242.51,36249,87.91,372,19114.0, 52.73,2026-06-09
SILVERCASE, EQ, 09-Jun-2026,24.28,23.79,24.88,23.79,24.64,24.6,24.6,10503732,2583.83,13386,2440136.0, 23.23,2026-06-09
SILVERIETF, EQ, 09-Jun-2026,238.4,237.99,243.5,237.98,242.46,242.07,241.89,3558688,8608.0,23532,1240352.0, 34.85,2026-06-09
SILVERTUC, EQ, 09-Jun-2026,187.77,187.77,194.33,182.0,186.8,185.98,186.79,680594,1271.28,11508,249933.0, 36.72,2026-06-09
SIMBHALS, BZ, 09-Jun-2026,7.03,7.17,7.37,6.85,7.0,7.03,7.15,24065,1.72,188,, -,2026-06-09
SIMCA, SM, 09-Jun-2026,133.45,133.7,138.9,133.7,136.0,136.0,135.54,74400,100.84,74,66600.0, 89.52,2026-06-09
SIMPLEXINF, EQ, 09-Jun-2026,249.0,252.25,269.0,247.5,267.0,267.3,261.28,472686,1235.02,6184,277234.0, 58.65,2026-06-09
SINCLAIR, EQ, 09-Jun-2026,75.12,74.14,77.25,74.14,77.0,76.67,76.46,31977,24.45,772,23454.0, 73.35,2026-06-09
SINDHUTRAD, EQ, 09-Jun-2026,24.91,24.91,25.2,24.75,25.1,25.06,24.95,301723,75.29,762,120624.0, 39.98,2026-06-09
SINGERIND, EQ, 09-Jun-2026,69.27,69.31,70.9,68.52,68.85,68.98,69.52,43417,30.18,1002,28375.0, 65.35,2026-06-09
SINTERCOM, EQ, 09-Jun-2026,73.58,73.6,74.0,71.68,71.78,72.2,72.81,2608,1.9,91,2275.0, 87.23,2026-06-09
SIRCA, EQ, 09-Jun-2026,416.15,417.5,420.25,415.95,417.8,418.65,418.11,139237,582.17,1918,32767.0, 23.53,2026-06-09
SIS, EQ, 09-Jun-2026,406.5,410.0,427.45,408.5,419.0,421.2,422.11,123712,522.2,10242,52961.0, 42.81,2026-06-09
SITINET, BZ, 09-Jun-2026,0.37,0.38,0.38,0.36,0.36,0.36,0.37,474898,1.75,503,, -,2026-06-09
SIYSIL, EQ, 09-Jun-2026,605.95,606.55,637.7,606.55,626.0,628.85,628.55,109681,689.4,5000,61954.0, 56.49,2026-06-09
SJLOGISTIC, SM, 09-Jun-2026,371.5,367.8,379.9,360.25,372.95,373.25,370.81,17000,63.04,49,9750.0, 57.35,2026-06-09
SJS, EQ, 09-Jun-2026,2061.2,2084.0,2113.0,2060.4,2080.0,2078.2,2083.45,98606,2054.4,8978,55395.0, 56.18,2026-06-09
SJVN, EQ, 09-Jun-2026,72.29,73.0,73.16,71.88,72.7,72.79,72.58,2180975,1582.87,17654,835153.0, 38.29,2026-06-09
SKFINDIA, EQ, 09-Jun-2026,1603.5,1604.3,1619.4,1588.5,1594.0,1593.1,1599.13,26759,427.91,6111,18589.0, 69.47,2026-06-09
SKFINDUS, EQ, 09-Jun-2026,2382.8,2390.1,2444.9,2344.7,2423.3,2379.2,2372.76,23936,567.94,3491,16518.0, 69.01,2026-06-09
SKIPPER, EQ, 09-Jun-2026,533.95,537.95,555.25,537.95,548.6,544.55,546.16,555068,3031.59,17200,242827.0, 43.75,2026-06-09
SKMEGGPROD, EQ, 09-Jun-2026,241.34,243.15,251.39,240.52,247.77,247.57,246.36,540565,1331.76,6937,185864.0, 34.38,2026-06-09
SKP, SM, 09-Jun-2026,150.25,148.0,148.05,145.35,148.0,147.5,147.16,6000,8.83,12,4500.0, 75.00,2026-06-09
SKYGOLD, EQ, 09-Jun-2026,492.25,499.95,521.9,497.2,516.0,513.05,510.34,977294,4987.57,19949,394386.0, 40.35,2026-06-09
SLONE, SM, 09-Jun-2026,141.0,135.05,136.25,133.0,133.5,133.5,134.61,3200,4.31,8,2400.0, 75.00,2026-06-09
SMALL250, EQ, 09-Jun-2026,16.75,16.9,17.1,16.83,17.03,17.01,16.92,405604,68.63,471,298762.0, 73.66,2026-06-09
SMALLADD, EQ, 09-Jun-2026,16.8,16.88,17.05,16.88,17.03,17.04,16.95,11382,1.93,62,8202.0, 72.06,2026-06-09
SMALLCAP, EQ, 09-Jun-2026,44.12,45.0,45.0,44.03,44.75,44.66,44.38,1905358,845.63,2719,1331442.0, 69.88,2026-06-09
SMARTEN, SM, 09-Jun-2026,43.0,45.5,45.5,44.1,45.0,45.0,45.06,24000,10.81,19,20400.0, 85.00,2026-06-09
SMARTLINK, BE, 09-Jun-2026,164.35,170.0,170.0,162.0,162.02,162.3,164.65,2461,4.05,42,, -,2026-06-09
SMARTWORKS, EQ, 09-Jun-2026,451.35,447.2,458.75,446.0,455.45,453.9,452.91,12074,54.68,1287,4683.0, 38.79,2026-06-09
SMCGLOBAL, EQ, 09-Jun-2026,64.88,65.8,68.0,64.22,65.9,66.0,66.05,1928367,1273.78,8968,1152547.0, 59.77,2026-06-09
SML100CASE, EQ, 09-Jun-2026,10.05,10.35,10.35,10.06,10.23,10.22,10.18,601309,61.21,1008,335771.0, 55.84,2026-06-09
SMLMAH, EQ, 09-Jun-2026,3716.0,3771.7,3834.8,3753.1,3790.0,3789.4,3792.49,41562,1576.23,8392,18359.0, 44.17,2026-06-09
SMLT, EQ, 09-Jun-2026,69.85,69.85,70.98,68.51,69.4,69.46,69.56,8498,5.91,139,6315.0, 74.31,2026-06-09
SMSPHARMA, EQ, 09-Jun-2026,368.8,367.6,389.4,367.6,380.0,377.45,381.16,334777,1276.03,8643,125319.0, 37.43,2026-06-09
SNOWMAN, EQ, 09-Jun-2026,36.51,36.81,37.15,36.19,37.0,36.99,36.7,124061,45.53,1195,67626.0, 54.51,2026-06-09
SNXT30BEES, EQ, 09-Jun-2026,41.45,41.86,41.86,41.49,41.56,41.58,41.59,4491,1.87,55,1584.0, 35.27,2026-06-09
SNXT50BETA, EQ, 09-Jun-2026,89.25,90.14,90.7,88.9,89.25,90.35,89.86,1635,1.47,90,708.0, 43.30,2026-06-09
SOBHA, EQ, 09-Jun-2026,1292.7,1293.2,1310.0,1282.6,1304.0,1300.4,1297.64,136494,1771.21,11097,47144.0, 34.54,2026-06-09
SOCL, ST, 09-Jun-2026,30.45,28.95,28.95,28.95,28.95,28.95,28.95,4800,1.39,3,4800.0, 100.00,2026-06-09
SOFTTECH, BE, 09-Jun-2026,441.0,432.2,432.2,432.2,432.2,432.2,432.2,275,1.19,4,, -,2026-06-09
SOLARA, EQ, 09-Jun-2026,524.9,525.15,605.0,525.15,574.0,580.0,586.83,2590677,15202.79,59257,336835.0, 13.00,2026-06-09
SOLARINDS, EQ, 09-Jun-2026,18114.0,18293.0,18386.0,18147.0,18250.0,18267.0,18272.37,93809,17141.13,31179,44642.0, 47.59,2026-06-09
SOLARWORLD, EQ, 09-Jun-2026,182.76,183.95,191.7,182.51,188.8,189.92,188.94,216481,409.02,4040,97250.0, 44.92,2026-06-09
SOLEX, EQ, 09-Jun-2026,1056.9,1069.9,1094.9,1050.0,1074.9,1066.9,1068.07,50843,543.04,4267,21475.0, 42.24,2026-06-09
SOMANYCERA, EQ, 09-Jun-2026,495.6,498.2,507.85,495.0,498.05,498.3,499.22,93393,466.23,2025,66761.0, 71.48,2026-06-09
SOMATEX, EQ, 09-Jun-2026,97.91,99.88,103.99,99.13,100.71,100.25,100.97,9610,9.7,275,5746.0, 59.79,2026-06-09
SOMICONVEY, EQ, 09-Jun-2026,97.5,97.1,100.0,95.4,97.5,97.2,97.13,3941,3.83,111,2450.0, 62.17,2026-06-09
SONACOMS, EQ, 09-Jun-2026,588.25,593.4,607.35,588.5,599.5,601.85,598.44,1820577,10895.1,26151,1030897.0, 56.62,2026-06-09
SONAMAC, ST, 09-Jun-2026,35.45,35.0,35.0,35.0,35.0,35.0,35.0,1000,0.35,1,1000.0, 100.00,2026-06-09
SONAMLTD, EQ, 09-Jun-2026,54.69,56.5,56.7,54.51,56.5,56.49,55.88,80153,44.79,1342,55083.0, 68.72,2026-06-09
SONATSOFTW, EQ, 09-Jun-2026,260.9,263.8,265.85,260.1,264.6,263.05,262.3,336655,883.04,6933,155146.0, 46.08,2026-06-09
SONUINFRA, SM, 09-Jun-2026,45.9,43.65,45.0,43.65,44.1,44.1,43.95,9000,3.96,5,6000.0, 66.67,2026-06-09
SOTL, EQ, 09-Jun-2026,543.45,543.0,594.4,543.0,572.0,568.05,573.6,691589,3966.98,20844,148532.0, 21.48,2026-06-09
SOUTHBANK, EQ, 09-Jun-2026,43.79,44.03,46.19,44.01,45.79,45.74,45.62,32575452,14859.45,56498,13435292.0, 41.24,2026-06-09
SOUTHWEST, EQ, 09-Jun-2026,249.65,253.0,264.0,244.05,261.95,260.15,254.49,931460,2370.5,15161,159842.0, 17.16,2026-06-09
SPAL, EQ, 09-Jun-2026,814.6,811.35,830.0,810.0,827.8,824.95,818.35,9421,77.1,1316,3338.0, 35.43,2026-06-09
SPANDANA, EQ, 09-Jun-2026,233.35,236.9,243.45,232.2,238.35,240.55,239.0,280437,670.26,7366,120702.0, 43.04,2026-06-09
SPARC, EQ, 09-Jun-2026,203.6,204.8,209.93,204.0,209.6,209.19,206.32,3306719,6822.47,16062,1955879.0, 59.15,2026-06-09
SPCENET, EQ, 09-Jun-2026,3.53,3.6,3.6,3.34,3.39,3.37,3.42,829913,28.42,936,589051.0, 70.98,2026-06-09
SPCL, SM, 09-Jun-2026,69.0,70.5,70.95,68.55,68.55,69.1,69.63,13800,9.61,20,7800.0, 56.52,2026-06-09
SPCON, SM, 09-Jun-2026,145.0,142.0,142.95,142.0,142.95,142.95,142.19,6000,8.53,2,6000.0, 100.00,2026-06-09
SPEB, ST, 09-Jun-2026,95.3,93.0,93.9,93.0,93.9,93.9,93.45,4000,3.74,2,4000.0, 100.00,2026-06-09
SPECIALITY, EQ, 09-Jun-2026,106.26,106.79,108.85,105.0,108.85,108.22,107.62,5467,5.88,136,2728.0, 49.90,2026-06-09
SPECTRUM, EQ, 09-Jun-2026,1680.2,1690.0,1725.0,1660.0,1690.0,1683.3,1694.75,12170,206.25,1378,5031.0, 41.34,2026-06-09
SPECTSTM, ST, 09-Jun-2026,69.0,70.5,70.5,65.55,65.55,65.55,67.79,21600,14.64,18,21600.0, 100.00,2026-06-09
SPENCERS, EQ, 09-Jun-2026,36.3,36.58,36.87,34.61,36.15,35.57,35.65,91037,32.46,1185,40005.0, 43.94,2026-06-09
SPIC, EQ, 09-Jun-2026,66.47,67.27,69.14,67.25,69.14,68.88,68.32,430089,293.82,3235,200135.0, 46.53,2026-06-09
SPLIL, EQ, 09-Jun-2026,30.39,30.03,30.95,30.03,30.13,30.15,30.4,3749,1.14,34,3204.0, 85.46,2026-06-09
SPLPETRO, EQ, 09-Jun-2026,668.0,668.0,690.95,667.4,673.0,676.7,678.74,65585,445.15,5027,29154.0, 44.45,2026-06-09
SPMLINFRA, EQ, 09-Jun-2026,189.13,191.78,194.99,189.81,194.8,193.65,192.1,149644,287.47,2722,71639.0, 47.87,2026-06-09
SPORTKING, EQ, 09-Jun-2026,174.72,176.99,181.07,176.0,178.01,177.84,178.13,139869,249.14,3543,58001.0, 41.47,2026-06-09
SPUNWEB, SM, 09-Jun-2026,112.9,113.0,114.9,110.0,110.0,110.0,113.12,14400,16.29,9,13200.0, 91.67,2026-06-09
SRD, EQ, 09-Jun-2026,37.87,39.2,39.2,37.3,38.45,38.26,38.21,22468,8.59,245,19222.0, 85.55,2026-06-09
SREEL, EQ, 09-Jun-2026,195.83,199.7,199.7,195.17,195.32,196.96,197.24,2698,5.32,176,1125.0, 41.70,2026-06-09
SRF, EQ, 09-Jun-2026,2674.4,2674.9,2733.6,2673.0,2688.1,2689.6,2702.04,463994,12537.28,25837,264948.0, 57.10,2026-06-09
SRGHFL, EQ, 09-Jun-2026,279.95,276.35,285.0,276.35,282.0,282.85,283.3,715,2.03,36,590.0, 82.52,2026-06-09
SRHHYPOLTD, EQ, 09-Jun-2026,501.8,506.9,512.95,499.0,501.0,500.3,501.52,8502,42.64,280,6649.0, 78.21,2026-06-09
SRIVASAVI, SM, 09-Jun-2026,50.0,50.0,52.0,49.5,52.0,52.0,50.05,15000,7.51,9,14000.0, 93.33,2026-06-09
SRM, EQ, 09-Jun-2026,485.05,489.95,501.5,482.55,485.0,487.6,489.63,81009,396.64,2991,43345.0, 53.51,2026-06-09
SRTL, EQ, 09-Jun-2026,41.24,41.69,42.15,41.24,42.0,41.99,41.74,23734,9.91,307,17584.0, 74.09,2026-06-09
SSDL, EQ, 09-Jun-2026,55.88,55.88,56.99,53.91,54.78,54.23,54.82,41552,22.78,1033,34271.0, 82.48,2026-06-09
SSEGL, SM, 09-Jun-2026,340.0,340.1,347.25,333.0,335.2,338.5,341.23,12400,42.31,60,8800.0, 70.97,2026-06-09
SSFL, SM, 09-Jun-2026,193.3,198.0,212.6,198.0,212.6,212.6,208.41,133500,278.23,231,83000.0, 62.17,2026-06-09
SSFLPP, E1, 09-Jun-2026,115.0,117.9,121.65,114.6,120.0,119.1,116.87,2317,2.71,67,2246.0, 96.94,2026-06-09
SSWL, EQ, 09-Jun-2026,222.78,223.0,236.45,223.0,234.99,234.6,233.32,826769,1929.03,11663,324500.0, 39.25,2026-06-09
STALLION, EQ, 09-Jun-2026,178.73,181.22,188.9,178.5,187.0,186.84,185.46,1515753,2811.12,18186,448930.0, 29.62,2026-06-09
STANLEY, EQ, 09-Jun-2026,140.63,141.0,144.48,141.0,143.1,143.17,142.43,178890,254.79,5848,107093.0, 59.87,2026-06-09
STAR, EQ, 09-Jun-2026,1005.7,1018.7,1022.0,999.0,1021.5,1017.0,1012.43,146493,1483.14,9593,60471.0, 41.28,2026-06-09
STARCEMENT, EQ, 09-Jun-2026,208.61,208.0,209.4,207.0,207.45,207.51,207.8,233946,486.15,2621,171523.0, 73.32,2026-06-09
STARHEALTH, EQ, 09-Jun-2026,518.75,516.0,525.0,515.15,523.8,521.4,519.52,546209,2837.69,13952,384720.0, 70.43,2026-06-09
STARPAPER, EQ, 09-Jun-2026,135.04,135.04,138.48,133.55,134.0,134.75,134.61,5467,7.36,142,4342.0, 79.42,2026-06-09
STARTECK, EQ, 09-Jun-2026,269.8,283.95,283.95,263.0,265.3,265.95,273.87,6494,17.79,164,279.0, 4.30,2026-06-09
STCINDIA, EQ, 09-Jun-2026,119.05,119.06,122.58,119.06,121.85,121.22,121.17,38434,46.57,637,12336.0, 32.10,2026-06-09
STEELCAS, EQ, 09-Jun-2026,285.05,285.05,289.95,284.05,289.0,288.6,287.48,21517,61.86,929,11274.0, 52.40,2026-06-09
STEELCITY, EQ, 09-Jun-2026,76.83,78.7,78.7,76.84,76.84,77.19,77.45,1542,1.19,84,1250.0, 81.06,2026-06-09
STEELXIND, EQ, 09-Jun-2026,12.02,12.01,12.2,11.9,12.0,11.96,12.06,1693916,204.27,2979,932885.0, 55.07,2026-06-09
STEL, EQ, 09-Jun-2026,506.75,501.45,544.9,501.45,530.0,524.85,529.73,20755,109.95,1714,8226.0, 39.63,2026-06-09
STERTOOLS, EQ, 09-Jun-2026,210.99,210.39,216.9,210.39,214.2,215.43,214.68,29560,63.46,1156,15667.0, 53.00,2026-06-09
STLNETWORK, BE, 09-Jun-2026,26.95,26.95,28.29,26.95,28.0,27.71,27.75,688911,191.19,1951,, -,2026-06-09
STLTECH, BE, 09-Jun-2026,588.3,586.0,617.7,567.0,612.0,613.0,603.53,3622107,21860.54,56175,, -,2026-06-09
STOVEKRAFT, EQ, 09-Jun-2026,625.95,627.95,673.05,626.55,664.05,664.5,657.62,376226,2474.14,14174,145816.0, 38.76,2026-06-09
STRIDERS, SM, 09-Jun-2026,63.6,65.1,65.1,61.0,61.0,61.0,62.69,6400,4.01,4,4800.0, 75.00,2026-06-09
STUDDS, EQ, 09-Jun-2026,439.3,443.0,527.15,440.35,527.15,520.95,501.48,4778521,23963.49,94494,411604.0, 8.61,2026-06-09
STUDIOLSD, ST, 09-Jun-2026,10.15,10.1,10.35,10.1,10.35,10.35,10.18,6000,0.61,3,6000.0, 100.00,2026-06-09
STYL, EQ, 09-Jun-2026,262.65,258.0,267.75,257.2,267.0,267.15,264.9,67826,179.67,1523,32330.0, 47.67,2026-06-09
STYLAMIND, EQ, 09-Jun-2026,3101.3,3077.5,3183.2,3075.9,3158.0,3103.5,3122.72,36846,1150.6,8619,18369.0, 49.85,2026-06-09
STYLEBAAZA, BE, 09-Jun-2026,329.25,329.55,337.8,325.0,328.9,328.05,328.21,77545,254.51,592,, -,2026-06-09
STYRENIX, EQ, 09-Jun-2026,2142.0,2149.1,2178.0,2135.7,2166.0,2157.6,2158.78,10020,216.31,1436,5056.0, 50.46,2026-06-09
SUBAHOTELS, SM, 09-Jun-2026,114.05,118.0,119.0,113.55,119.0,117.75,116.36,32400,37.7,25,25200.0, 77.78,2026-06-09
SUBEXLTD, BE, 09-Jun-2026,10.58,10.55,10.72,10.25,10.35,10.37,10.43,724728,75.57,1386,, -,2026-06-09
SUBROS, EQ, 09-Jun-2026,703.2,703.2,734.9,703.2,731.1,730.0,719.8,40099,288.63,2446,21297.0, 53.11,2026-06-09
SUDARCOLOR, EQ, 09-Jun-2026,359.65,360.1,368.4,360.1,360.1,361.2,361.51,1678,6.07,85,937.0, 55.84,2026-06-09
SUDARSCHEM, EQ, 09-Jun-2026,862.95,864.15,898.0,863.0,896.75,893.25,887.47,62578,555.36,5766,21851.0, 34.92,2026-06-09
SUDEEPPHRM, EQ, 09-Jun-2026,729.9,735.05,751.1,727.3,741.0,741.6,740.15,198700,1470.68,13445,117063.0, 58.91,2026-06-09
SUKHJITS, EQ, 09-Jun-2026,169.11,169.11,172.99,167.62,169.0,169.18,170.49,22991,39.2,780,11444.0, 49.78,2026-06-09
SULA, EQ, 09-Jun-2026,154.27,154.27,156.25,154.0,156.0,155.49,155.32,153502,238.42,3351,79582.0, 51.84,2026-06-09
SUMEETINDS, EQ, 09-Jun-2026,27.18,27.9,28.3,26.1,26.11,26.4,27.06,986502,266.91,2536,620851.0, 62.93,2026-06-09
SUMICHEM, EQ, 09-Jun-2026,460.15,462.05,464.9,456.35,463.1,461.75,460.14,67793,311.94,4215,32641.0, 48.15,2026-06-09
SUMIT, BE, 09-Jun-2026,40.21,40.01,42.19,40.01,42.09,41.9,41.59,250546,104.2,118,, -,2026-06-09
SUMMITSEC, EQ, 09-Jun-2026,1496.9,1501.4,1524.9,1477.8,1489.9,1487.5,1491.46,4851,72.35,463,3660.0, 75.45,2026-06-09
SUNCLAY, EQ, 09-Jun-2026,1329.8,1350.0,1350.0,1305.1,1320.0,1313.5,1315.27,2349,30.9,484,1033.0, 43.98,2026-06-09
SUNDARAM, EQ, 09-Jun-2026,1.37,1.4,1.42,1.37,1.38,1.38,1.4,263474,3.68,279,223683.0, 84.90,2026-06-09
SUNDARMFIN, EQ, 09-Jun-2026,4069.1,4081.0,4199.9,4081.0,4199.0,4178.6,4172.36,66447,2772.41,15771,37929.0, 57.08,2026-06-09
SUNDRMBRAK, EQ, 09-Jun-2026,731.85,724.95,738.45,711.85,730.0,732.35,728.66,2193,15.98,135,1724.0, 78.61,2026-06-09
SUNDRMFAST, EQ, 09-Jun-2026,818.6,816.6,830.0,816.6,830.0,825.65,824.07,35637,293.67,4138,21326.0, 59.84,2026-06-09
SUNDROP, EQ, 09-Jun-2026,662.85,662.0,674.0,658.05,660.0,663.15,663.08,6722,44.57,356,5285.0, 78.62,2026-06-09
SUNFLAG, EQ, 09-Jun-2026,350.25,354.9,364.85,341.5,357.0,357.1,354.17,475829,1685.25,9645,158739.0, 33.36,2026-06-09
SUNLITE, ST, 09-Jun-2026,406.4,406.25,426.0,402.0,426.0,424.0,414.46,26700,110.66,69,24900.0, 93.26,2026-06-09
SUNPHARMA, EQ, 09-Jun-2026,1788.8,1787.7,1796.6,1766.1,1780.0,1779.0,1780.02,3756570,66867.87,96916,2746757.0, 73.12,2026-06-09
SUNTECH, ST, 09-Jun-2026,37.0,37.0,37.0,37.0,37.0,37.0,37.0,1600,0.59,1,1600.0, 100.00,2026-06-09
SUNTECK, EQ, 09-Jun-2026,274.15,274.15,285.0,274.15,285.0,281.95,279.07,281514,785.63,4615,145977.0, 51.85,2026-06-09
SUNTV, EQ, 09-Jun-2026,507.5,505.5,519.0,505.5,515.0,513.95,512.72,123633,633.89,8304,57168.0, 46.24,2026-06-09
SUPERHOUSE, EQ, 09-Jun-2026,151.41,151.1,170.0,151.1,159.66,159.63,158.77,28820,45.76,485,13543.0, 46.99,2026-06-09
SUPERSPIN, EQ, 09-Jun-2026,4.78,4.9,5.07,4.9,5.07,5.05,5.01,14423,0.72,98,12934.0, 89.68,2026-06-09
SUPRAJIT, EQ, 09-Jun-2026,461.8,463.7,470.15,463.7,466.0,465.95,466.47,86491,403.46,6699,48765.0, 56.38,2026-06-09
SUPREME, EQ, 09-Jun-2026,44.98,46.79,46.79,44.0,44.02,44.46,44.89,17785,7.98,300,9749.0, 54.82,2026-06-09
SUPREMEENG, BZ, 09-Jun-2026,1.05,1.1,1.1,1.01,1.1,1.08,1.1,339069,3.72,156,, -,2026-06-09
SUPREMEIND, EQ, 09-Jun-2026,3491.1,3530.0,3538.4,3472.3,3498.8,3499.7,3497.95,260175,9100.8,18254,165519.0, 63.62,2026-06-09
SUPREMEINF, EQ, 09-Jun-2026,77.39,78.43,78.45,71.0,78.45,76.87,77.68,22198,17.24,354,17835.0, 80.35,2026-06-09
SUPREMEPWR, ST, 09-Jun-2026,252.95,260.0,260.7,252.75,254.5,253.8,255.49,27000,68.98,51,25000.0, 92.59,2026-06-09
SUPRIYA, EQ, 09-Jun-2026,919.1,923.95,967.0,923.95,961.1,962.9,953.02,335994,3202.09,15864,128840.0, 38.35,2026-06-09
SURAJEST, EQ, 09-Jun-2026,183.78,184.0,195.15,182.0,189.7,193.17,187.47,323711,606.88,2917,225716.0, 69.73,2026-06-09
SURAJLTD, EQ, 09-Jun-2026,228.0,230.0,233.39,227.0,230.0,230.0,229.08,238,0.55,22,184.0, 77.31,2026-06-09
SURAKSHA, EQ, 09-Jun-2026,275.7,280.8,280.85,268.15,270.0,269.65,271.76,35239,95.76,1023,26105.0, 74.08,2026-06-09
SURANASOL, EQ, 09-Jun-2026,26.89,27.25,27.25,25.7,26.85,26.9,26.8,65191,17.47,778,46175.0, 70.83,2026-06-09
SURANAT&P, EQ, 09-Jun-2026,17.91,18.13,18.95,17.8,18.29,18.35,18.4,56660,10.42,394,45471.0, 80.25,2026-06-09
SURANI, ST, 09-Jun-2026,131.9,130.0,130.0,130.0,130.0,130.0,130.0,200,0.26,1,200.0, 100.00,2026-06-09
SURYALA, EQ, 09-Jun-2026,441.5,457.0,457.0,435.05,435.05,438.15,444.07,1464,6.5,56,1016.0, 69.40,2026-06-09
SURYALAXMI, EQ, 09-Jun-2026,55.37,57.3,58.39,55.62,55.95,55.84,56.4,7158,4.04,66,5675.0, 79.28,2026-06-09
SURYAROSNI, EQ, 09-Jun-2026,246.81,248.5,253.45,248.5,250.3,249.95,250.27,396640,992.68,9782,198145.0, 49.96,2026-06-09
SURYODAY, EQ, 09-Jun-2026,170.27,170.27,176.0,170.27,175.45,174.97,173.57,255833,444.05,4403,129856.0, 50.76,2026-06-09
SUTLEJTEX, EQ, 09-Jun-2026,36.25,36.25,38.08,36.25,37.12,36.81,36.86,21726,8.01,857,10322.0, 47.51,2026-06-09
SUVEN, EQ, 09-Jun-2026,233.55,236.8,267.65,235.9,266.25,264.45,256.65,4249211,10905.43,64244,626028.0, 14.73,2026-06-09
SUVIDHAA, EQ, 09-Jun-2026,2.66,2.7,2.75,2.63,2.64,2.69,2.68,118854,3.18,173,83901.0, 70.59,2026-06-09
SUYOG, EQ, 09-Jun-2026,695.65,709.95,758.8,697.45,698.5,699.95,719.16,50761,365.05,3296,21596.0, 42.54,2026-06-09
SUZLON, EQ, 09-Jun-2026,54.43,54.6,55.39,54.47,55.12,55.23,54.99,64855680,35667.19,77483,27753785.0, 42.79,2026-06-09
SVLL, EQ, 09-Jun-2026,849.15,888.9,889.0,722.2,754.25,758.8,793.47,106927,848.43,5150,21822.0, 20.41,2026-06-09
SVPGLOB, BE, 09-Jun-2026,3.83,3.68,3.96,3.68,3.8,3.75,3.77,6919,0.26,41,, -,2026-06-09
SWANCORP, EQ, 09-Jun-2026,305.95,306.65,312.0,306.65,310.75,310.55,309.75,415763,1287.82,9100,200582.0, 48.24,2026-06-09
SWANDEF, BE, 09-Jun-2026,2022.9,1985.0,2040.0,1985.0,2009.9,1996.8,2015.84,6168,124.34,464,, -,2026-06-09
SWARAJ, SM, 09-Jun-2026,235.1,235.15,240.65,227.7,231.65,231.65,230.76,16000,36.92,28,10500.0, 65.63,2026-06-09
SWARAJENG, EQ, 09-Jun-2026,3732.7,3750.0,3788.3,3733.0,3788.0,3780.2,3768.93,5756,216.94,777,3651.0, 63.43,2026-06-09
SWASTIK, ST, 09-Jun-2026,22.2,21.8,21.8,21.8,21.8,21.8,21.8,1200,0.26,1,1200.0, 100.00,2026-06-09
SWELECTES, EQ, 09-Jun-2026,629.65,641.5,655.0,632.35,645.0,649.7,643.28,10949,70.43,990,6038.0, 55.15,2026-06-09
SWIGGY, EQ, 09-Jun-2026,241.2,243.25,250.7,238.5,250.0,249.95,245.5,10629068,26094.66,51513,3945682.0, 37.12,2026-06-09
SWSOLAR, EQ, 09-Jun-2026,196.67,198.0,203.5,197.02,201.8,200.94,200.31,1411515,2827.41,18869,484273.0, 34.31,2026-06-09
SYLVANPLY, SM, 09-Jun-2026,54.0,52.0,52.0,52.0,52.0,52.0,52.0,2000,1.04,1,2000.0, 100.00,2026-06-09
SYMPHONY, EQ, 09-Jun-2026,670.55,674.1,685.1,665.8,684.9,673.6,674.05,115403,777.87,5475,27870.0, 24.15,2026-06-09
SYNCOMF, EQ, 09-Jun-2026,14.15,14.15,14.67,14.15,14.53,14.55,14.51,1816055,263.42,3356,920970.0, 50.71,2026-06-09
SYNGENE, EQ, 09-Jun-2026,449.5,455.1,458.8,442.25,444.3,444.3,447.64,1234725,5527.17,34742,504505.0, 40.86,2026-06-09
SYNOPTICS, SM, 09-Jun-2026,58.35,61.2,61.25,55.6,61.25,61.25,59.99,5400,3.24,9,4800.0, 88.89,2026-06-09
SYRMA, EQ, 09-Jun-2026,1201.2,1200.1,1260.4,1195.0,1258.5,1256.8,1245.54,1232816,15355.27,51658,372250.0, 30.20,2026-06-09
SYSTANGO, SM, 09-Jun-2026,227.25,228.7,230.0,226.0,230.0,229.65,228.63,14400,32.92,34,10000.0, 69.44,2026-06-09
SYSTMTXC, EQ, 09-Jun-2026,65.52,68.7,68.7,64.11,66.55,65.11,65.55,61140,40.08,332,7015.0, 11.47,2026-06-09
TAALTECH, EQ, 09-Jun-2026,3320.6,3322.1,3429.9,3322.1,3357.6,3379.1,3360.61,576,19.36,99,400.0, 69.44,2026-06-09
TAC, SM, 09-Jun-2026,366.3,375.0,375.0,366.0,370.0,369.85,370.02,32200,119.15,121,24200.0, 75.16,2026-06-09
TAINWALCHM, EQ, 09-Jun-2026,193.13,198.88,198.88,193.14,193.14,198.4,198.44,278,0.55,11,272.0, 97.84,2026-06-09
TAJGVK, EQ, 09-Jun-2026,321.55,326.5,332.9,321.8,331.4,330.5,326.66,140716,459.66,5075,46973.0, 33.38,2026-06-09
TAKE, BE, 09-Jun-2026,29.46,29.7,30.4,29.01,29.95,29.59,29.57,83082,24.56,5864,, -,2026-06-09
TALBROAUTO, EQ, 09-Jun-2026,362.5,367.95,379.7,355.4,358.05,360.05,368.45,522707,1925.93,14192,155045.0, 29.66,2026-06-09
TAMBOLIIN, EQ, 09-Jun-2026,180.94,184.56,189.6,181.0,184.0,184.07,185.21,12562,23.27,134,11692.0, 93.07,2026-06-09
TANKUP, ST, 09-Jun-2026,1001.8,1051.85,1051.85,1000.0,1001.0,1020.4,1031.62,6500,67.06,25,6500.0, 100.00,2026-06-09
TANLA, EQ, 09-Jun-2026,502.6,508.4,520.95,503.8,519.0,518.45,512.38,249786,1279.86,9966,89166.0, 35.70,2026-06-09
TARACHAND, EQ, 09-Jun-2026,55.63,55.37,57.0,55.21,55.51,55.9,55.89,56525,31.59,832,33247.0, 58.82,2026-06-09
TARAPUR, EQ, 09-Jun-2026,18.99,18.8,19.25,18.2,19.0,18.63,18.54,31005,5.75,206,25712.0, 82.93,2026-06-09
TARC, EQ, 09-Jun-2026,123.07,126.0,129.04,124.0,126.26,127.24,126.66,248323,314.53,2802,122715.0, 49.42,2026-06-09
TARIL, EQ, 09-Jun-2026,309.6,312.0,320.6,308.7,320.0,319.5,315.38,1751620,5524.21,26418,649528.0, 37.08,2026-06-09
TARMAT, EQ, 09-Jun-2026,51.99,52.24,52.59,51.33,51.66,51.94,51.57,2003,1.03,29,1776.0, 88.67,2026-06-09
TARSONS, EQ, 09-Jun-2026,206.97,206.0,216.79,205.22,216.7,215.66,211.01,71812,151.53,2118,34165.0, 47.58,2026-06-09
TASTYBITE, EQ, 09-Jun-2026,7965.5,7966.0,8061.0,7883.5,8001.0,7972.0,7966.19,1717,136.78,769,816.0, 47.52,2026-06-09
TATACAP, EQ, 09-Jun-2026,312.55,311.0,324.85,311.0,324.15,322.85,319.04,2565174,8184.0,49728,1554477.0, 60.60,2026-06-09
TATACHEM, EQ, 09-Jun-2026,718.0,719.1,734.0,712.5,733.0,726.45,721.04,548435,3954.42,17896,251054.0, 45.78,2026-06-09
TATACOMM, EQ, 09-Jun-2026,1905.8,1920.1,1994.9,1905.8,1972.0,1975.8,1979.08,721557,14280.16,39009,200386.0, 27.77,2026-06-09
TATACONSUM, EQ, 09-Jun-2026,1107.0,1117.0,1117.0,1093.6,1106.9,1106.5,1103.26,757420,8356.29,44717,328695.0, 43.40,2026-06-09
TATAELXSI, EQ, 09-Jun-2026,4255.4,4285.0,4285.9,4205.0,4260.5,4257.2,4234.95,162583,6885.32,17558,62018.0, 38.15,2026-06-09
TATAGOLD, EQ, 09-Jun-2026,14.58,14.94,14.99,14.66,14.73,14.71,14.74,57323657,8447.86,62342,23512269.0, 41.02,2026-06-09
TATAINVEST, EQ, 09-Jun-2026,648.5,650.15,665.5,650.15,664.35,662.65,659.45,246581,1626.09,13247,98779.0, 40.06,2026-06-09
TATAPOWER, EQ, 09-Jun-2026,404.2,404.35,406.6,396.55,397.85,398.65,399.74,5796055,23169.03,89002,3005445.0, 51.85,2026-06-09
TATASTEEL, EQ, 09-Jun-2026,202.72,203.0,204.0,200.34,203.49,203.18,202.03,42111455,85078.6,224933,23703482.0, 56.29,2026-06-09
TATATECH, EQ, 09-Jun-2026,779.6,780.0,784.0,741.0,744.7,745.1,751.07,1783652,13396.56,48159,538579.0, 30.20,2026-06-09
TATSILV, EQ, 09-Jun-2026,23.08,23.52,23.7,23.08,23.59,23.55,23.54,44879137,10565.06,55894,12047479.0, 26.84,2026-06-09
TATVA, EQ, 09-Jun-2026,1140.2,1141.0,1164.8,1138.3,1163.7,1160.0,1151.98,23751,273.61,2786,10619.0, 44.71,2026-06-09
TAURIAN, SM, 09-Jun-2026,257.45,263.95,280.0,261.0,280.0,278.65,271.57,34400,93.42,36,20000.0, 58.14,2026-06-09
TBI, SM, 09-Jun-2026,71.0,71.0,74.0,71.0,74.0,73.25,72.6,22200,16.12,32,19800.0, 89.19,2026-06-09
TBOTEK, EQ, 09-Jun-2026,1189.1,1203.9,1218.9,1185.0,1212.0,1213.5,1203.19,31648,380.79,3978,14761.0, 46.64,2026-06-09
TBZ, EQ, 09-Jun-2026,163.11,165.78,171.0,164.26,170.4,169.63,168.38,344290,579.73,4278,172139.0, 50.00,2026-06-09
TCC, EQ, 09-Jun-2026,366.4,369.0,372.8,365.8,368.0,368.6,369.13,3344,12.34,167,1662.0, 49.70,2026-06-09
TCI, EQ, 09-Jun-2026,965.15,965.15,979.2,955.35,975.0,974.9,972.54,51038,496.36,8183,29512.0, 57.82,2026-06-09
TCIEXP, EQ, 09-Jun-2026,513.05,524.6,539.05,508.6,529.8,530.95,520.44,16837,87.63,914,9235.0, 54.85,2026-06-09
TCIFINANCE, EQ, 09-Jun-2026,17.43,18.3,20.91,18.3,20.91,20.91,20.15,439430,88.57,945,218277.0, 49.67,2026-06-09
TCL, SM, 09-Jun-2026,96.95,94.15,97.0,93.5,97.0,97.0,96.49,25600,24.7,17,21600.0, 84.38,2026-06-09
TCPLPACK, EQ, 09-Jun-2026,2605.2,2595.6,2614.3,2580.1,2590.0,2596.4,2596.22,674,17.5,190,459.0, 68.10,2026-06-09
TCS, EQ, 09-Jun-2026,2151.4,2174.0,2174.0,2132.8,2152.0,2151.0,2148.74,4148655,89143.99,137800,1893020.0, 45.63,2026-06-09
TDPOWERSYS, EQ, 09-Jun-2026,1225.8,1234.9,1241.5,1201.0,1232.1,1231.0,1222.81,978105,11960.38,51535,440732.0, 45.06,2026-06-09
TEAMGTY, EQ, 09-Jun-2026,249.3,253.15,253.15,241.4,241.4,242.85,243.28,477,1.16,32,277.0, 58.07,2026-06-09
TEAMLEASE, EQ, 09-Jun-2026,1383.3,1379.0,1399.8,1379.0,1390.1,1391.8,1391.43,11863,165.07,2468,8003.0, 67.46,2026-06-09
TEAMTECH, ST, 09-Jun-2026,75.2,74.0,78.95,74.0,78.95,78.95,78.45,102000,80.02,44,84000.0, 82.35,2026-06-09
TECH, EQ, 09-Jun-2026,31.26,31.57,31.57,30.86,31.13,31.03,31.01,38316,11.88,241,25857.0, 67.48,2026-06-09
TECHD, ST, 09-Jun-2026,610.0,615.0,615.0,610.0,614.95,612.9,613.41,5700,34.96,16,5700.0, 100.00,2026-06-09
TECHERA, SM, 09-Jun-2026,135.3,133.45,134.8,128.55,128.55,130.2,130.34,264000,344.11,279,145600.0, 55.15,2026-06-09
TECHLABS, ST, 09-Jun-2026,158.15,150.25,150.25,150.25,150.25,150.25,150.25,20375,30.61,101,20375.0, 100.00,2026-06-09
TECHM, EQ, 09-Jun-2026,1503.4,1516.5,1518.4,1473.2,1486.5,1483.8,1484.45,1330108,19744.85,78898,625220.0, 47.01,2026-06-09
TECHNOE, EQ, 09-Jun-2026,1009.0,1018.0,1030.0,994.4,1004.0,998.5,1004.34,334749,3362.01,18658,182215.0, 54.43,2026-06-09
TECHNVISN, EQ, 09-Jun-2026,5489.5,5500.0,5500.0,5230.0,5470.0,5470.0,5470.37,87,4.76,19,65.0, 74.71,2026-06-09
TECILCHEM, EQ, 09-Jun-2026,10.97,11.4,11.85,10.91,11.0,11.0,11.13,4373,0.49,35,4020.0, 91.93,2026-06-09
TEGA, EQ, 09-Jun-2026,1772.2,1783.0,1825.0,1772.2,1794.8,1799.3,1799.13,128094,2304.58,7839,75483.0, 58.93,2026-06-09
TEJASCARGO, SM, 09-Jun-2026,390.0,390.0,390.0,390.0,390.0,390.0,390.0,1200,4.68,3,1200.0, 100.00,2026-06-09
TEJASNET, EQ, 09-Jun-2026,542.5,544.0,551.35,527.3,542.2,540.55,537.03,7585669,40737.19,115578,1312488.0, 17.30,2026-06-09
TEMBO, EQ, 09-Jun-2026,572.6,572.6,580.5,550.1,559.8,557.6,563.02,181497,1021.87,4823,72488.0, 39.94,2026-06-09
TENNIND, EQ, 09-Jun-2026,575.9,583.95,589.0,577.2,585.0,585.5,584.6,393631,2301.17,17626,265086.0, 67.34,2026-06-09
TERASOFT, EQ, 09-Jun-2026,436.35,442.75,458.15,436.65,454.45,448.45,452.76,26476,119.87,1395,12579.0, 47.51,2026-06-09
TEXINFRA, EQ, 09-Jun-2026,99.7,100.9,100.9,99.1,99.16,99.37,99.62,75890,75.6,1875,47222.0, 62.22,2026-06-09
TEXMOPIPES, EQ, 09-Jun-2026,46.84,47.0,48.49,46.72,47.08,47.79,47.88,100205,47.98,1290,63702.0, 63.57,2026-06-09
TEXRAIL, EQ, 09-Jun-2026,103.04,103.56,105.94,103.3,105.82,105.37,104.73,1390026,1455.71,10129,574360.0, 41.32,2026-06-09
TFCILTD, EQ, 09-Jun-2026,74.18,74.3,77.0,74.21,74.75,74.48,75.45,5943412,4484.12,13046,3124389.0, 52.57,2026-06-09
TFL, EQ, 09-Jun-2026,12.22,12.0,12.2,11.82,12.2,12.2,12.17,4150,0.51,25,4077.0, 98.24,2026-06-09
TGBHOTELS, EQ, 09-Jun-2026,9.0,9.15,9.2,9.0,9.11,9.09,9.03,6168,0.56,58,4448.0, 72.11,2026-06-09
TGL, SM, 09-Jun-2026,22.0,22.5,22.5,20.9,21.0,21.05,20.97,47200,9.9,62,44800.0, 94.92,2026-06-09
THACKER, BE, 09-Jun-2026,1322.8,1264.0,1264.0,1256.7,1256.7,1256.7,1257.72,154,1.94,23,, -,2026-06-09
THANGAMAYL, EQ, 09-Jun-2026,5491.7,5500.0,5583.6,5340.0,5456.0,5469.5,5476.87,265109,14519.68,38571,56377.0, 21.27,2026-06-09
THEINVEST, EQ, 09-Jun-2026,95.18,95.0,99.6,92.05,93.0,92.85,94.03,25286,23.78,644,16527.0, 65.36,2026-06-09
THEJO, EQ, 09-Jun-2026,1531.6,1503.0,1559.9,1503.0,1559.0,1542.7,1541.37,4692,72.32,350,3314.0, 70.63,2026-06-09
THELEELA, EQ, 09-Jun-2026,409.2,409.3,416.45,405.7,411.0,412.85,412.2,100884,415.85,8831,53270.0, 52.80,2026-06-09
THEMISMED, EQ, 09-Jun-2026,103.67,103.5,108.4,103.5,106.9,105.93,106.21,51255,54.44,1335,24849.0, 48.48,2026-06-09
THERMAX, EQ, 09-Jun-2026,4696.4,4760.3,4796.8,4698.8,4739.9,4739.9,4740.34,180682,8564.95,19575,110622.0, 61.22,2026-06-09
THESL, SM, 09-Jun-2026,12.95,12.65,13.0,12.35,13.0,12.95,12.55,96000,12.05,25,75000.0, 78.13,2026-06-09
THOMASCOOK, EQ, 09-Jun-2026,104.82,105.91,114.85,105.3,114.14,112.84,111.06,48043157,53354.34,183703,3672567.0, 7.64,2026-06-09
THOMASCOTT, EQ, 09-Jun-2026,255.45,255.45,276.95,255.45,258.0,259.35,266.06,59055,157.12,1745,26029.0, 44.08,2026-06-09
THYROCARE, EQ, 09-Jun-2026,541.35,542.0,578.25,538.0,549.0,547.95,556.8,1409203,7846.45,56037,380948.0, 27.03,2026-06-09
TI, EQ, 09-Jun-2026,430.45,429.5,441.75,429.5,439.05,439.95,436.73,489541,2137.95,12293,227874.0, 46.55,2026-06-09
TICL, EQ, 09-Jun-2026,22.92,23.39,23.39,20.63,20.63,20.72,22.25,2725521,606.49,2464,1029848.0, 37.79,2026-06-09
TIGERLOGS, BE, 09-Jun-2026,34.78,34.78,35.89,34.68,35.6,35.5,35.24,32850,11.58,258,, -,2026-06-09
TIIL, EQ, 09-Jun-2026,2496.5,2508.1,2512.8,2462.0,2500.0,2505.2,2502.01,2679,67.03,478,1727.0, 64.46,2026-06-09
TIINDIA, EQ, 09-Jun-2026,3056.1,3072.6,3170.1,3060.1,3118.0,3105.5,3122.29,776614,24248.11,27180,538362.0, 69.32,2026-06-09
TIJARIA, EQ, 09-Jun-2026,4.53,4.5,4.5,4.24,4.47,4.36,4.39,6757,0.3,49,4501.0, 66.61,2026-06-09
TIL, EQ, 09-Jun-2026,174.32,173.09,185.0,173.09,176.2,178.04,178.91,151736,271.47,2362,62381.0, 41.11,2026-06-09
TIMETECHNO, EQ, 09-Jun-2026,168.0,168.1,173.45,168.1,172.15,172.03,172.1,2077635,3575.52,16332,351008.0, 16.89,2026-06-09
TIMEX, EQ, 09-Jun-2026,441.85,445.7,466.4,441.9,461.7,460.3,455.92,710695,3240.22,18750,356295.0, 50.13,2026-06-09
TIMKEN, EQ, 09-Jun-2026,3574.9,3630.1,3645.9,3518.0,3529.9,3538.2,3573.54,40521,1448.04,4752,30172.0, 74.46,2026-06-09
TINNARUBR, EQ, 09-Jun-2026,845.05,846.0,888.0,842.55,866.0,871.0,868.19,64119,556.67,4639,31320.0, 48.85,2026-06-09
TIPSFILMS, EQ, 09-Jun-2026,356.85,362.0,362.0,348.25,352.0,355.8,354.92,5061,17.96,494,3333.0, 65.86,2026-06-09
TIPSMUSIC, EQ, 09-Jun-2026,656.3,669.0,679.6,657.65,669.0,673.25,668.66,120170,803.53,7071,50227.0, 41.80,2026-06-09
TIRUMALCHM, EQ, 09-Jun-2026,167.74,167.88,175.19,167.87,174.81,173.9,171.74,107066,183.88,2318,56779.0, 53.03,2026-06-09
TIRUPATIFL, BE, 09-Jun-2026,42.63,42.49,44.49,42.3,44.49,43.99,43.22,174722,75.51,457,, -,2026-06-09
TITAGARH, EQ, 09-Jun-2026,838.15,854.0,854.0,839.1,846.0,846.2,845.04,417969,3532.02,16415,119376.0, 28.56,2026-06-09
TITAN, EQ, 09-Jun-2026,4192.4,4190.9,4217.0,4087.2,4100.0,4104.9,4125.34,1284964,53009.16,97736,690856.0, 53.76,2026-06-09
TMB, EQ, 09-Jun-2026,738.95,750.0,784.8,745.75,780.0,780.55,772.38,443017,3421.78,18509,208472.0, 47.06,2026-06-09
TMCV, EQ, 09-Jun-2026,363.0,365.0,370.3,362.05,365.45,363.3,364.61,6512292,23744.41,97867,3333601.0, 51.19,2026-06-09
TMPV, EQ, 09-Jun-2026,389.0,393.95,395.45,386.8,387.9,387.8,389.2,8550946,33280.68,87064,4446305.0, 52.00,2026-06-09
TNIDETF, EQ, 09-Jun-2026,79.78,79.18,80.54,79.15,79.9,79.95,79.66,26708,21.28,454,15788.0, 59.11,2026-06-09
TNPETRO, EQ, 09-Jun-2026,85.26,86.0,87.5,85.41,87.0,86.0,85.92,51580,44.32,1075,29001.0, 56.23,2026-06-09
TNPL, EQ, 09-Jun-2026,144.31,146.0,148.5,143.12,148.5,147.93,146.08,60908,88.98,1292,37738.0, 61.96,2026-06-09
TNTELE, EQ, 09-Jun-2026,9.27,9.23,9.37,9.1,9.25,9.24,9.2,2218,0.2,42,1151.0, 51.89,2026-06-09
TOKYOPLAST, BE, 09-Jun-2026,84.0,83.0,85.9,80.2,84.89,84.89,83.38,1428,1.19,32,, -,2026-06-09
TOLINS, EQ, 09-Jun-2026,96.68,98.53,99.83,96.9,99.8,99.34,98.62,77007,75.94,1668,46196.0, 59.99,2026-06-09
TOP100CASE, EQ, 09-Jun-2026,10.1,10.25,10.25,10.11,10.17,10.16,10.15,356922,36.22,998,186940.0, 52.38,2026-06-09
TOP10ADD, EQ, 09-Jun-2026,84.64,84.87,86.0,84.5,85.49,85.1,84.84,89056,75.55,488,59791.0, 67.14,2026-06-09
TOP15IETF, EQ, 09-Jun-2026,9.39,9.43,9.55,9.4,9.53,9.48,9.44,81515,7.7,188,45636.0, 55.98,2026-06-09
TOP20, EQ, 09-Jun-2026,8.32,8.35,8.45,8.31,8.35,8.36,8.34,35390,2.95,147,31880.0, 90.08,2026-06-09
TORNTPHARM, EQ, 09-Jun-2026,4410.4,4442.8,4497.3,4413.0,4466.1,4472.9,4465.47,221954,9911.28,32064,113641.0, 51.20,2026-06-09
TORNTPOWER, EQ, 09-Jun-2026,1454.4,1455.5,1464.0,1423.2,1430.5,1427.8,1434.6,189796,2722.82,17496,95486.0, 50.31,2026-06-09
TOTAL, EQ, 09-Jun-2026,48.59,52.59,52.59,48.4,50.1,50.25,50.13,4884,2.45,92,3058.0, 62.61,2026-06-09
TOUCHWOOD, EQ, 09-Jun-2026,70.0,72.0,72.49,69.5,70.0,69.98,70.58,2035,1.44,73,1325.0, 65.11,2026-06-09
TPHQ, EQ, 09-Jun-2026,0.5,0.5,0.51,0.49,0.51,0.49,0.5,1007504,5.03,316,689308.0, 68.42,2026-06-09
TPLPLASTEH, EQ, 09-Jun-2026,64.61,65.61,66.44,65.03,66.06,65.88,65.62,25600,16.8,481,12942.0, 50.55,2026-06-09
TRACXN, EQ, 09-Jun-2026,31.44,31.0,31.79,31.0,31.6,31.54,31.46,64352,20.25,3545,40819.0, 63.43,2026-06-09
TRANSPEK, EQ, 09-Jun-2026,979.2,980.9,996.4,969.0,995.0,983.1,977.84,2242,21.92,209,1847.0, 82.38,2026-06-09
TRANSRAILL, EQ, 09-Jun-2026,480.7,481.15,487.65,480.85,483.95,483.05,483.7,255153,1234.18,8956,129859.0, 50.89,2026-06-09
TRANSTEEL, SM, 09-Jun-2026,118.5,117.0,119.5,116.25,118.95,118.25,117.63,13000,15.29,13,7000.0, 53.85,2026-06-09
TRANSWORLD, EQ, 09-Jun-2026,163.29,163.96,167.89,161.8,165.1,166.96,165.2,16916,27.95,301,11785.0, 69.67,2026-06-09
TRAVELFOOD, EQ, 09-Jun-2026,1206.3,1209.9,1241.0,1168.0,1188.7,1184.2,1187.32,155157,1842.21,6048,131267.0, 84.60,2026-06-09
TREEHOUSE, EQ, 09-Jun-2026,6.86,7.0,7.17,6.81,7.0,7.0,7.05,6147,0.43,59,4197.0, 68.28,2026-06-09
TREJHARA, EQ, 09-Jun-2026,137.42,143.9,143.9,130.38,137.6,136.4,135.29,32927,44.55,714,21843.0, 66.34,2026-06-09
TREL, EQ, 09-Jun-2026,25.41,26.2,26.2,24.67,25.5,25.68,25.54,149536,38.19,1063,84664.0, 56.62,2026-06-09
TRENT, EQ, 09-Jun-2026,2724.1,2731.2,2803.8,2731.2,2766.6,2771.3,2775.52,1496702,41541.22,72125,495978.0, 33.14,2026-06-09
TRF, EQ, 09-Jun-2026,218.8,226.9,229.62,221.11,229.5,226.66,225.14,15365,34.59,848,8308.0, 54.07,2026-06-09
TRIDENT, EQ, 09-Jun-2026,24.03,24.1,24.29,24.06,24.24,24.2,24.17,2718209,656.88,10185,1172662.0, 43.14,2026-06-09
TRIDHYA, SM, 09-Jun-2026,8.9,8.75,8.8,8.55,8.8,8.8,8.73,27000,2.36,5,27000.0, 100.00,2026-06-09
TRIGYN, EQ, 09-Jun-2026,53.84,53.78,55.49,53.78,54.5,54.19,54.33,30795,16.73,553,15359.0, 49.87,2026-06-09
TRITURBINE, EQ, 09-Jun-2026,663.6,665.0,679.0,662.95,670.9,673.2,671.34,376681,2528.82,17392,119901.0, 31.83,2026-06-09
TRIVENI, EQ, 09-Jun-2026,365.35,370.0,384.0,363.3,375.95,375.9,375.57,651325,2446.2,18381,187347.0, 28.76,2026-06-09
TROM, ST, 09-Jun-2026,54.35,54.35,56.0,54.35,56.0,56.0,55.46,2400,1.33,4,2400.0, 100.00,2026-06-09
TRU, EQ, 09-Jun-2026,5.49,5.61,5.76,5.43,5.52,5.52,5.55,36987,2.05,347,27586.0, 74.58,2026-06-09
TRUALT, EQ, 09-Jun-2026,515.9,521.0,536.9,513.3,532.6,531.95,530.04,1015431,5382.18,21414,604339.0, 59.52,2026-06-09
TRUST, SM, 09-Jun-2026,31.55,31.5,32.5,31.5,32.5,32.4,32.09,7800,2.5,12,7800.0, 100.00,2026-06-09
TSC, SM, 09-Jun-2026,28.2,31.9,31.9,28.2,28.2,28.2,29.78,8000,2.38,4,6000.0, 75.00,2026-06-09
TSFINV, EQ, 09-Jun-2026,392.8,393.5,399.0,392.65,399.0,396.9,397.56,134731,535.64,2952,104293.0, 77.41,2026-06-09
TTKHLTCARE, EQ, 09-Jun-2026,896.4,896.65,916.7,896.4,896.45,899.35,902.37,480,4.33,124,237.0, 49.38,2026-06-09
TTKPRESTIG, EQ, 09-Jun-2026,518.5,521.95,548.5,521.95,543.35,544.05,541.54,112402,608.71,5401,50173.0, 44.64,2026-06-09
TTL, EQ, 09-Jun-2026,7.43,7.43,7.76,7.35,7.6,7.53,7.52,39935,3.0,141,28356.0, 71.01,2026-06-09
TTML, EQ, 09-Jun-2026,43.48,43.8,43.8,42.46,43.4,43.35,43.04,3822280,1645.02,19107,1589632.0, 41.59,2026-06-09
TUNWAL, SM, 09-Jun-2026,28.55,28.8,28.95,28.5,28.7,28.65,28.65,140000,40.12,42,88000.0, 62.86,2026-06-09
TVSELECT, EQ, 09-Jun-2026,456.1,457.5,470.0,456.05,464.9,463.35,460.79,43538,200.62,1869,12651.0, 29.06,2026-06-09
TVSHLTD, EQ, 09-Jun-2026,13356.0,13423.0,13686.0,13277.0,13490.0,13565.0,13422.23,1932,259.32,903,956.0, 49.48,2026-06-09
TVSINVIT, IV, 09-Jun-2026,116.9,116.0,116.0,116.0,116.0,116.0,116.0,1000000,1160.0,2,1000000.0, 100.00,2026-06-09
TVSMOTOR, EQ, 09-Jun-2026,3317.6,3357.0,3372.7,3325.0,3358.0,3358.0,3353.18,797346,26736.41,45605,515438.0, 64.64,2026-06-09
TVSSCS, EQ, 09-Jun-2026,124.97,126.0,130.1,124.53,128.1,128.47,127.75,694091,886.68,7206,319163.0, 45.98,2026-06-09
TVSSRICHAK, EQ, 09-Jun-2026,3954.1,3982.5,4025.5,3959.0,3970.0,3976.9,3983.24,1999,79.62,613,1169.0, 58.48,2026-06-09
TVTODAY, EQ, 09-Jun-2026,110.1,114.08,114.08,109.5,110.75,110.49,110.71,64739,71.67,511,50648.0, 78.23,2026-06-09
TVVISION, EQ, 09-Jun-2026,4.98,4.98,5.25,4.98,5.2,5.19,5.07,26088,1.32,81,23133.0, 88.67,2026-06-09
TWCGOLDETF, EQ, 09-Jun-2026,149.64,151.93,151.93,150.09,150.78,150.71,150.76,6319,9.53,330,6042.0, 95.62,2026-06-09
UBL, EQ, 09-Jun-2026,1314.3,1315.0,1338.0,1315.0,1332.0,1329.0,1330.43,40958,544.92,5476,20225.0, 49.38,2026-06-09
UCAL, EQ, 09-Jun-2026,98.34,98.17,99.5,97.4,99.4,98.88,98.31,5025,4.94,138,3074.0, 61.17,2026-06-09
UCOBANK, EQ, 09-Jun-2026,25.03,25.01,26.1,25.01,26.09,26.04,25.7,9143165,2349.57,19980,4602613.0, 50.34,2026-06-09
UDS, EQ, 09-Jun-2026,183.06,185.44,189.69,182.1,182.25,182.92,185.55,211724,392.86,5927,109658.0, 51.79,2026-06-09
UEL, EQ, 09-Jun-2026,133.7,133.7,136.98,131.0,131.5,132.39,132.32,9009,11.92,1120,2680.0, 29.75,2026-06-09
UFBL, EQ, 09-Jun-2026,541.95,531.5,574.7,531.5,551.0,549.95,552.79,338926,1873.56,9042,114262.0, 33.71,2026-06-09
UFLEX, EQ, 09-Jun-2026,420.9,428.4,432.0,415.0,416.0,417.1,420.98,89910,378.5,2821,43251.0, 48.10,2026-06-09
UFO, EQ, 09-Jun-2026,72.2,72.2,74.39,71.71,74.3,72.84,72.6,54007,39.21,545,37698.0, 69.80,2026-06-09
UGARSUGAR, EQ, 09-Jun-2026,40.66,40.71,41.1,40.22,40.78,40.65,40.64,62803,25.52,904,33221.0, 52.90,2026-06-09
UGROCAP, EQ, 09-Jun-2026,92.7,92.79,95.11,92.79,95.1,94.77,94.03,66811,62.83,1018,33082.0, 49.52,2026-06-09
UHTL, ST, 09-Jun-2026,86.25,89.95,90.55,88.0,90.0,89.65,89.53,138000,123.56,40,132000.0, 95.65,2026-06-09
UJJIVANSFB, EQ, 09-Jun-2026,52.33,52.49,54.6,52.49,54.0,53.95,53.96,12798913,6906.13,43537,7462278.0, 58.30,2026-06-09
ULTRACEMCO, EQ, 09-Jun-2026,10795.0,10811.0,10983.0,10772.0,10925.0,10911.0,10889.37,257371,28026.07,42198,171527.0, 66.65,2026-06-09
ULTRAMAR, EQ, 09-Jun-2026,380.4,381.95,400.35,381.95,397.95,394.8,396.86,25113,99.66,4317,12738.0, 50.72,2026-06-09
UMA, SM, 09-Jun-2026,19.5,18.15,18.15,18.15,18.15,18.15,18.15,8000,1.45,2,8000.0, 100.00,2026-06-09
UMAEXPORTS, BE, 09-Jun-2026,22.73,22.7,23.86,21.6,22.89,22.93,22.54,87161,19.65,300,, -,2026-06-09
UMESLTD, BE, 09-Jun-2026,5.53,5.78,5.78,5.32,5.55,5.47,5.53,6014,0.33,36,, -,2026-06-09
UMIYA-MRO, EQ, 09-Jun-2026,88.2,88.2,88.2,84.4,86.0,86.5,86.19,31969,27.55,501,21714.0, 67.92,2026-06-09
UNICHEMLAB, EQ, 09-Jun-2026,356.9,363.4,383.0,359.6,378.2,379.65,375.45,50851,190.92,2265,25694.0, 50.53,2026-06-09
UNIDT, BE, 09-Jun-2026,240.74,247.8,247.8,230.0,243.1,243.1,236.82,10079,23.87,133,, -,2026-06-09
UNIECOM, EQ, 09-Jun-2026,84.05,85.29,85.98,83.11,85.98,85.4,84.22,245857,207.05,2776,117272.0, 47.70,2026-06-09
UNIENTER, EQ, 09-Jun-2026,105.35,106.0,106.97,104.01,104.2,104.22,104.39,802,0.84,32,518.0, 64.59,2026-06-09
UNIHEALTH, ST, 09-Jun-2026,462.1,474.0,475.0,440.0,463.0,460.7,455.45,30000,136.63,49,27000.0, 90.00,2026-06-09
UNIINFO, BE, 09-Jun-2026,11.66,11.66,11.66,11.6,11.66,11.66,11.65,1357,0.16,13,, -,2026-06-09
UNILEX, SM, 09-Jun-2026,27.0,28.0,28.0,28.0,28.0,28.0,28.0,1600,0.45,1,1600.0, 100.00,2026-06-09
UNIMECH, EQ, 09-Jun-2026,1045.25,1051.1,1149.75,1051.1,1149.75,1149.75,1124.63,257970,2901.21,12305,125546.0, 48.67,2026-06-09
UNIONBANK, EQ, 09-Jun-2026,165.18,165.64,170.96,165.31,170.28,170.44,168.67,16722972,28207.08,71377,8907489.0, 53.26,2026-06-09
UNIONGOLD, EQ, 09-Jun-2026,147.35,150.3,150.3,147.9,148.15,148.2,148.91,5359,7.98,87,4711.0, 87.91,2026-06-09
UNIPARTS, EQ, 09-Jun-2026,633.05,636.05,649.0,635.0,643.0,640.3,642.54,146524,941.47,5299,79543.0, 54.29,2026-06-09
UNITDSPR, EQ, 09-Jun-2026,1238.5,1239.9,1262.5,1239.1,1253.6,1257.2,1252.64,555079,6953.17,16194,345749.0, 62.29,2026-06-09
UNITECH, EQ, 09-Jun-2026,4.84,4.89,4.99,4.84,4.96,4.94,4.92,2472054,121.66,7161,1549881.0, 62.70,2026-06-09
UNITEDPOLY, BE, 09-Jun-2026,33.16,33.0,34.49,32.0,34.0,33.99,33.81,139247,47.07,181,, -,2026-06-09
UNITEDTEA, EQ, 09-Jun-2026,508.3,500.0,522.0,500.0,514.85,514.85,509.25,1900,9.68,117,1721.0, 90.58,2026-06-09
UNIVASTU, EQ, 09-Jun-2026,78.45,78.1,81.25,78.1,80.8,80.57,79.96,153589,122.81,1819,75962.0, 49.46,2026-06-09
UNIVCABLES, EQ, 09-Jun-2026,1158.3,1173.5,1248.0,1168.5,1235.0,1223.4,1218.91,390636,4761.49,22823,118640.0, 30.37,2026-06-09
UNIVPHOTO, BE, 09-Jun-2026,372.65,365.3,366.0,365.2,365.2,365.2,365.24,303,1.11,16,, -,2026-06-09
UNOMINDA, EQ, 09-Jun-2026,1053.1,1059.4,1097.4,1057.7,1091.0,1094.0,1077.09,822653,8860.68,23123,515849.0, 62.71,2026-06-09
UPL, EQ, 09-Jun-2026,624.95,625.5,630.65,622.0,630.5,628.4,626.12,1324061,8290.27,31021,813153.0, 61.41,2026-06-09
URAVIDEF, EQ, 09-Jun-2026,115.7,117.0,120.49,116.0,119.9,119.26,118.1,2791,3.3,95,2301.0, 82.44,2026-06-09
URBAN, SM, 09-Jun-2026,131.6,131.6,132.1,131.0,131.05,131.05,131.62,7200,9.48,9,6400.0, 88.89,2026-06-09
URBANCO, EQ, 09-Jun-2026,120.25,121.36,123.98,120.36,123.69,123.57,122.15,1821225,2224.7,13765,814150.0, 44.70,2026-06-09
URJA, EQ, 09-Jun-2026,10.36,10.39,10.72,10.36,10.58,10.56,10.49,1137635,119.32,2648,364883.0, 32.07,2026-06-09
USHAFIN, SM, 09-Jun-2026,33.95,33.95,36.4,33.95,36.4,36.25,35.87,24000,8.61,13,24000.0, 100.00,2026-06-09
USHAMART, EQ, 09-Jun-2026,493.8,494.7,500.8,491.35,494.45,496.05,496.92,342167,1700.31,11034,145477.0, 42.52,2026-06-09
USK, EQ, 09-Jun-2026,26.08,25.02,25.95,24.17,24.75,24.35,24.78,82565,20.46,507,55149.0, 66.79,2026-06-09
UTIAMC, EQ, 09-Jun-2026,913.95,925.15,930.4,911.5,930.0,926.85,919.17,49586,455.78,6600,25206.0, 50.83,2026-06-09
UTKARSHBNK, EQ, 09-Jun-2026,12.35,12.41,12.95,12.41,12.91,12.9,12.77,5385317,687.77,5208,2472680.0, 45.92,2026-06-09
UTLSOLAR, EQ, 09-Jun-2026,312.8,312.5,322.2,281.55,314.5,314.25,305.2,1127624,3441.46,30267,446789.0, 39.62,2026-06-09
UTSSAV, ST, 09-Jun-2026,315.35,308.0,327.65,306.0,320.0,322.3,320.79,40200,128.96,59,31800.0, 79.10,2026-06-09
UTTAMSUGAR, EQ, 09-Jun-2026,237.92,239.7,239.7,233.5,234.4,234.79,235.37,74585,175.55,1481,33757.0, 45.26,2026-06-09
UYFINCORP, EQ, 09-Jun-2026,14.21,14.4,14.66,13.73,14.3,14.02,14.21,62931,8.94,322,43455.0, 69.05,2026-06-09
V2RETAIL, EQ, 09-Jun-2026,236.95,237.0,243.34,233.22,240.5,238.89,237.49,1154178,2741.07,18144,446502.0, 38.69,2026-06-09
VADILALIND, EQ, 09-Jun-2026,5632.9,5749.0,6000.0,5660.0,5826.0,5757.6,5824.72,43303,2522.28,6995,16737.0, 38.65,2026-06-09
VAIBHAVGBL, EQ, 09-Jun-2026,223.33,223.33,229.61,223.33,229.0,228.39,227.32,111011,252.35,3108,56831.0, 51.19,2026-06-09
VAISHALI, BE, 09-Jun-2026,7.3,7.3,7.64,7.02,7.25,7.25,7.35,80690,5.93,141,, -,2026-06-09
VAKRANGEE, EQ, 09-Jun-2026,6.23,6.3,6.3,6.14,6.22,6.22,6.2,1715390,106.31,1919,1016125.0, 59.24,2026-06-09
VAL30IETF, EQ, 09-Jun-2026,15.52,15.59,15.7,15.5,15.6,15.63,15.56,298095,46.37,595,177957.0, 59.70,2026-06-09
VALIANTLAB, BE, 09-Jun-2026,73.94,73.94,73.95,70.25,73.0,72.82,71.69,6644,4.76,84,, -,2026-06-09
VALIANTORG, EQ, 09-Jun-2026,269.7,272.3,283.0,270.15,283.0,279.9,277.07,35974,99.67,1102,14758.0, 41.02,2026-06-09
VALUE, EQ, 09-Jun-2026,16.42,16.43,16.51,16.36,16.51,16.51,16.43,44080,7.24,63,42395.0, 96.18,2026-06-09
VALUE360, SM, 09-Jun-2026,72.5,74.0,74.5,71.0,71.0,71.45,72.98,70800,51.67,52,43200.0, 61.02,2026-06-09
VARDHACRLC, EQ, 09-Jun-2026,45.49,47.0,47.0,44.62,45.2,45.06,45.23,50080,22.65,757,29962.0, 59.83,2026-06-09
VARDMNPOLY, EQ, 09-Jun-2026,6.92,6.9,7.47,6.9,7.35,7.27,7.19,282047,20.27,353,239393.0, 84.88,2026-06-09
VARROC, EQ, 09-Jun-2026,571.1,576.8,584.8,571.0,581.65,580.05,575.65,28555,164.38,2385,12072.0, 42.28,2026-06-09
VASCONEQ, BE, 09-Jun-2026,31.09,30.27,31.83,30.27,31.55,31.51,31.43,220724,69.38,523,, -,2026-06-09
VASWANI, EQ, 09-Jun-2026,58.93,58.95,63.4,58.3,61.62,62.25,61.7,169052,104.31,2454,82234.0, 48.64,2026-06-09
VBL, EQ, 09-Jun-2026,522.15,524.0,531.25,523.85,528.8,529.75,527.76,4547800,24001.59,59017,3024777.0, 66.51,2026-06-09
VCL, EQ, 09-Jun-2026,1.44,1.44,1.44,1.36,1.42,1.41,1.4,267164,3.73,260,176855.0, 66.20,2026-06-09
VDEAL, SM, 09-Jun-2026,168.9,154.05,165.9,154.05,165.9,159.95,159.98,1200,1.92,2,1200.0, 100.00,2026-06-09
VEDL, EQ, 09-Jun-2026,304.25,305.0,309.8,303.25,306.45,306.25,306.38,12416474,38041.21,125761,4362937.0, 35.14,2026-06-09
VEEDOL, EQ, 09-Jun-2026,1443.2,1443.2,1467.0,1442.1,1465.2,1454.1,1448.31,5424,78.56,886,3133.0, 57.76,2026-06-09
VEEKAYEM, ST, 09-Jun-2026,138.0,138.0,138.0,133.05,133.05,133.05,136.35,1500,2.05,3,1000.0, 66.67,2026-06-09
VELJAN, EQ, 09-Jun-2026,1267.7,1289.0,1326.6,1267.0,1305.0,1297.5,1298.64,1281,16.64,178,1111.0, 86.73,2026-06-09
VENKEYS, EQ, 09-Jun-2026,1362.9,1378.9,1410.0,1369.0,1409.0,1405.2,1392.61,29933,416.85,2917,14627.0, 48.87,2026-06-09
VENTIVE, EQ, 09-Jun-2026,627.2,634.0,634.0,618.7,630.0,625.95,624.51,24930,155.69,1426,14479.0, 58.08,2026-06-09
VENUSPIPES, EQ, 09-Jun-2026,1407.9,1415.0,1448.8,1401.1,1414.0,1411.1,1413.02,34739,490.87,3052,17423.0, 50.15,2026-06-09
VENUSREM, EQ, 09-Jun-2026,1695.4,1696.1,1736.9,1610.7,1610.7,1610.7,1629.7,460566,7505.82,12167,172306.0, 37.41,2026-06-09
VERANDA, EQ, 09-Jun-2026,224.77,226.0,229.8,221.65,227.9,226.25,225.84,281124,634.89,4279,152869.0, 54.38,2026-06-09
VERTEXPLUS, SM, 09-Jun-2026,66.0,64.0,64.0,62.7,62.7,62.7,63.57,1800,1.14,2,1800.0, 100.00,2026-06-09
VERTIS, IV, 09-Jun-2026,107.55,107.99,108.0,107.99,108.0,108.0,108.0,300000,324.0,6,300000.0, 100.00,2026-06-09
VERTOZ, BE, 09-Jun-2026,40.65,42.6,42.68,40.7,42.68,42.68,42.62,424944,181.13,500,, -,2026-06-09
VESUVIUS, EQ, 09-Jun-2026,467.95,467.95,469.45,458.0,462.1,462.55,462.41,59100,273.29,4633,35754.0, 60.50,2026-06-09
VETO, EQ, 09-Jun-2026,140.56,140.5,153.95,140.5,148.5,148.45,149.54,1050842,1571.46,13658,332155.0, 31.61,2026-06-09
VGINFOTECH, SM, 09-Jun-2026,157.0,163.0,165.0,152.15,152.5,153.4,158.9,87000,138.24,83,45000.0, 51.72,2026-06-09
VGL, EQ, 09-Jun-2026,69.16,69.5,74.8,68.29,73.0,72.95,70.94,368326,261.28,2488,82139.0, 22.30,2026-06-09
VGUARD, EQ, 09-Jun-2026,300.75,302.95,304.05,300.25,302.15,301.6,301.6,83231,251.02,3483,34191.0, 41.08,2026-06-09
VHL, EQ, 09-Jun-2026,3410.2,3311.0,3436.9,3311.0,3395.0,3400.0,3399.13,497,16.89,70,423.0, 85.11,2026-06-09
VHLTD, BE, 09-Jun-2026,137.22,140.44,140.44,135.0,137.7,138.12,137.08,3412,4.68,78,, -,2026-06-09
VIAZ, SM, 09-Jun-2026,61.25,58.2,63.6,58.2,63.45,63.45,59.19,32000,18.94,11,26000.0, 81.25,2026-06-09
VICTORYEV, ST, 09-Jun-2026,17.35,17.35,18.2,17.35,18.2,18.2,17.84,27000,4.82,8,27000.0, 100.00,2026-06-09
VIDHIING, EQ, 09-Jun-2026,291.15,289.95,290.0,282.55,282.55,285.1,287.24,4072,11.7,250,2580.0, 63.36,2026-06-09
VIDYAWIRES, EQ, 09-Jun-2026,93.61,95.16,96.95,92.68,94.1,94.0,95.34,2925859,2789.5,15883,965832.0, 33.01,2026-06-09
VIESL, SM, 09-Jun-2026,303.0,297.0,323.0,297.0,315.1,312.75,306.6,43200,132.45,48,24000.0, 55.56,2026-06-09
VIGOR, ST, 09-Jun-2026,81.2,81.2,85.25,81.2,85.25,85.15,83.89,94400,79.19,50,94400.0, 100.00,2026-06-09
VIJAYA, EQ, 09-Jun-2026,1307.6,1314.1,1317.1,1287.0,1295.0,1296.2,1300.32,83863,1090.49,7467,39040.0, 46.55,2026-06-09
VIJAYPD, ST, 09-Jun-2026,86.6,83.75,89.0,82.3,82.3,82.3,82.83,42000,34.79,21,36000.0, 85.71,2026-06-09
VIJIFIN, BE, 09-Jun-2026,3.99,3.95,4.06,3.9,4.05,4.03,4.0,134502,5.38,228,, -,2026-06-09
VIKASECO, EQ, 09-Jun-2026,1.27,1.3,1.3,1.26,1.28,1.27,1.27,1464768,18.66,841,801817.0, 54.74,2026-06-09
VIKASLIFE, EQ, 09-Jun-2026,1.47,1.49,1.53,1.48,1.49,1.48,1.49,1126448,16.8,7173,702826.0, 62.39,2026-06-09
VIKRAMSOLR, EQ, 09-Jun-2026,209.17,211.0,218.35,209.2,216.5,215.84,214.9,4016607,8631.58,40386,2238745.0, 55.74,2026-06-09
VIKRAN, EQ, 09-Jun-2026,69.0,70.1,72.45,69.9,71.99,71.69,71.24,2145347,1528.43,10729,758520.0, 35.36,2026-06-09
VILAS, SM, 09-Jun-2026,355.8,367.95,367.95,351.0,360.0,361.05,361.99,25750,93.21,83,19250.0, 74.76,2026-06-09
VIMTALABS, EQ, 09-Jun-2026,526.95,525.1,536.0,524.1,529.95,527.85,529.98,170357,902.86,7640,67831.0, 39.82,2026-06-09
VINATIORGA, EQ, 09-Jun-2026,1288.1,1292.5,1306.9,1284.0,1295.0,1301.7,1294.45,53757,695.86,7357,32614.0, 60.67,2026-06-09
VINCOFE, EQ, 09-Jun-2026,150.02,150.39,157.5,150.39,153.5,152.79,154.49,1721233,2659.17,20632,463654.0, 26.94,2026-06-09
VINDHYATEL, EQ, 09-Jun-2026,1905.2,1931.7,2150.0,1930.0,2135.0,2134.7,2059.99,177365,3653.7,15943,45941.0, 25.90,2026-06-09
VINEETLAB, BE, 09-Jun-2026,33.39,33.39,34.17,33.39,33.5,33.71,33.77,13503,4.56,56,, -,2026-06-09
VINNY, EQ, 09-Jun-2026,1.07,1.06,1.12,1.06,1.11,1.1,1.08,942388,10.2,187,817258.0, 86.72,2026-06-09
VINYAS, SM, 09-Jun-2026,1332.95,1368.0,1499.0,1353.25,1390.0,1388.6,1402.05,23300,326.68,171,17700.0, 75.97,2026-06-09
VINYLINDIA, EQ, 09-Jun-2026,242.5,244.55,250.75,244.55,249.0,246.65,246.96,8522,21.05,685,4281.0, 50.23,2026-06-09
VIPCLOTHNG, BE, 09-Jun-2026,25.99,26.35,26.35,25.5,25.56,25.63,25.65,21818,5.6,94,, -,2026-06-09
VIPIND, EQ, 09-Jun-2026,315.75,319.0,321.3,314.4,316.7,316.25,317.3,169829,538.87,4722,68104.0, 40.10,2026-06-09
VIPULLTD, EQ, 09-Jun-2026,10.1,10.7,10.7,9.21,10.1,10.12,9.95,284626,28.32,634,172296.0, 60.53,2026-06-09
VIRINCHI, EQ, 09-Jun-2026,15.27,15.27,15.7,15.0,15.05,15.08,15.18,104806,15.91,472,82337.0, 78.56,2026-06-09
VISACHROME, BE, 09-Jun-2026,46.46,46.0,48.4,44.14,44.9,44.54,45.33,28748,13.03,109,, -,2026-06-09
VISAKAIND, EQ, 09-Jun-2026,71.52,71.52,73.9,71.52,73.9,73.28,73.09,125700,91.87,1207,87757.0, 69.81,2026-06-09
VISHNU, EQ, 09-Jun-2026,586.55,593.0,600.8,588.45,595.95,594.2,593.42,44252,262.6,2681,24027.0, 54.30,2026-06-09
VISHNUINFR, SM, 09-Jun-2026,156.8,149.55,155.95,149.55,155.95,155.95,153.09,4000,6.12,7,2500.0, 62.50,2026-06-09
VISHWARAJ, EQ, 09-Jun-2026,5.63,5.58,5.85,5.41,5.74,5.74,5.63,313810,17.68,719,128271.0, 40.88,2026-06-09
VISHWAS, SM, 09-Jun-2026,47.0,47.0,47.0,47.0,47.0,47.0,47.0,1600,0.75,1,1600.0, 100.00,2026-06-09
VITAL, BE, 09-Jun-2026,54.99,57.5,57.5,54.9,56.1,56.1,56.61,659,0.37,11,, -,2026-06-09
VIVIANA, BE, 09-Jun-2026,845.55,807.0,840.0,807.0,820.0,821.5,821.85,22043,181.16,512,, -,2026-06-09
VIVIDEL, ST, 09-Jun-2026,952.5,965.0,1000.1,946.0,1000.1,1000.1,989.65,29040,287.4,66,27120.0, 93.39,2026-06-09
VIVIDHA, EQ, 09-Jun-2026,0.55,0.56,0.56,0.54,0.55,0.54,0.55,124469,0.68,142,80737.0, 64.87,2026-06-09
VIVIMEDLAB, BE, 09-Jun-2026,6.23,6.23,6.35,6.13,6.16,6.15,6.25,80812,5.05,102,, -,2026-06-09
VIYASH, EQ, 09-Jun-2026,251.8,254.0,263.85,251.05,260.0,257.4,258.97,3370863,8729.48,55699,1744736.0, 51.76,2026-06-09
VLEGOV, BE, 09-Jun-2026,13.74,13.8,14.1,13.8,14.0,13.92,13.98,25296,3.54,162,, -,2026-06-09
VLINFRA, ST, 09-Jun-2026,28.75,29.55,29.55,28.75,28.75,28.75,29.07,7500,2.18,5,6000.0, 80.00,2026-06-09
VLSFINANCE, EQ, 09-Jun-2026,230.48,230.45,232.88,227.8,231.0,228.89,229.77,7648,17.57,263,4419.0, 57.78,2026-06-09
VMARCIND, SM, 09-Jun-2026,1382.5,1397.5,1459.0,1382.25,1400.0,1396.85,1412.13,67000,946.12,232,32000.0, 47.76,2026-06-09
VMART, EQ, 09-Jun-2026,652.9,655.0,697.0,655.0,695.0,690.95,679.08,181978,1235.77,10194,56747.0, 31.18,2026-06-09
VMM, EQ, 09-Jun-2026,117.35,117.0,118.6,116.89,118.0,118.26,117.82,6453834,7603.68,30562,3122552.0, 48.38,2026-06-09
VMSTMT, BE, 09-Jun-2026,45.04,45.2,45.67,45.1,45.67,45.39,45.41,12567,5.71,102,, -,2026-06-09
VOLERCAR, SM, 09-Jun-2026,259.7,260.5,286.9,232.6,235.0,236.9,252.74,297600,752.14,259,71200.0, 23.92,2026-06-09
VOLTAMP, EQ, 09-Jun-2026,9613.5,9610.0,10143.0,9551.0,10000.0,10004.0,9948.51,88740,8828.3,23520,42354.0, 47.73,2026-06-09
VOLTAS, EQ, 09-Jun-2026,1276.2,1278.8,1312.0,1278.8,1300.5,1304.4,1301.43,883516,11498.31,22311,372280.0, 42.14,2026-06-09
VPRPL, BE, 09-Jun-2026,29.36,27.9,27.9,27.9,27.9,27.9,27.9,162427,45.32,1287,, -,2026-06-09
VRAJ, EQ, 09-Jun-2026,120.27,121.8,124.98,120.23,121.0,121.36,121.98,21317,26.0,532,10201.0, 47.85,2026-06-09
VRLLOG, EQ, 09-Jun-2026,234.7,235.9,242.0,233.67,240.88,241.22,240.04,134677,323.27,5149,79510.0, 59.04,2026-06-09
VSSL, EQ, 09-Jun-2026,272.25,274.1,274.1,271.0,271.3,271.65,271.88,14164,38.51,632,9967.0, 70.37,2026-06-09
VSTIND, EQ, 09-Jun-2026,257.4,259.6,260.5,257.85,258.0,259.45,259.49,347832,902.6,4145,222387.0, 63.94,2026-06-09
VSTL, EQ, 09-Jun-2026,116.8,119.0,120.9,115.55,116.66,118.39,117.21,10693,12.53,215,8112.0, 75.86,2026-06-09
VSTTILLERS, EQ, 09-Jun-2026,4621.6,4649.0,4649.0,4568.1,4624.9,4592.3,4596.23,3999,183.8,1231,2182.0, 54.56,2026-06-09
VTL, EQ, 09-Jun-2026,618.85,620.65,638.0,618.95,620.0,620.85,622.79,86910,541.27,6248,33721.0, 38.80,2026-06-09
WAAREEENER, EQ, 09-Jun-2026,3003.8,3040.0,3070.0,3006.3,3041.3,3040.8,3038.17,697669,21196.37,27736,294562.0, 42.22,2026-06-09
WAAREEINDO, EQ, 09-Jun-2026,389.8,398.95,399.5,381.2,385.0,384.3,388.11,49709,192.93,1781,34519.0, 69.44,2026-06-09
WAAREERTL, EQ, 09-Jun-2026,947.35,954.65,973.95,949.0,969.1,968.75,959.63,155332,1490.61,10080,67451.0, 43.42,2026-06-09
WABAG, EQ, 09-Jun-2026,1544.3,1585.0,1603.3,1563.0,1581.0,1586.3,1583.64,412115,6526.4,24505,132300.0, 32.10,2026-06-09
WAKEFIT, EQ, 09-Jun-2026,113.04,113.05,121.0,112.51,121.0,118.02,116.19,2195196,2550.56,10588,1490271.0, 67.89,2026-06-09
WALCHANNAG, EQ, 09-Jun-2026,239.6,242.25,258.0,239.1,255.0,254.7,249.46,2571372,6414.55,29428,871091.0, 33.88,2026-06-09
WALPAR, SM, 09-Jun-2026,25.75,24.5,24.5,24.5,24.5,24.5,24.5,14000,3.43,7,14000.0, 100.00,2026-06-09
WANBURY, EQ, 09-Jun-2026,252.4,255.35,272.0,255.3,266.0,265.75,264.15,196704,519.6,3792,94359.0, 47.97,2026-06-09
WCIL, EQ, 09-Jun-2026,93.66,93.7,94.95,93.05,94.68,94.47,93.95,28913,27.16,835,15596.0, 53.94,2026-06-09
WEALTH, EQ, 09-Jun-2026,908.4,908.4,947.45,901.0,943.9,940.2,933.48,2499,23.33,329,1813.0, 72.55,2026-06-09
WEBELSOLAR, EQ, 09-Jun-2026,105.3,106.4,108.0,103.05,106.3,106.12,105.38,3119782,3287.72,16160,1517311.0, 48.64,2026-06-09
WEIZMANIND, EQ, 09-Jun-2026,81.2,81.01,84.58,81.01,83.99,83.99,83.63,26,0.02,6,22.0, 84.62,2026-06-09
WEL, EQ, 09-Jun-2026,92.86,92.41,94.19,92.41,92.5,92.93,93.25,41215,38.43,577,16917.0, 41.05,2026-06-09
WELCORP, EQ, 09-Jun-2026,1346.6,1348.0,1414.8,1348.0,1410.0,1411.6,1397.84,677222,9466.51,31048,283682.0, 41.89,2026-06-09
WELENT, EQ, 09-Jun-2026,531.0,532.0,546.25,532.0,538.25,540.6,541.0,194453,1051.99,6396,107206.0, 55.13,2026-06-09
WELINV, BE, 09-Jun-2026,1800.0,1800.0,1855.0,1800.0,1850.0,1851.8,1849.74,4529,83.77,21,, -,2026-06-09
WELSPLSOL, EQ, 09-Jun-2026,54.68,55.9,60.5,55.37,59.6,59.25,58.39,5884595,3435.75,27851,1376187.0, 23.39,2026-06-09
WELSPUNLIV, EQ, 09-Jun-2026,142.39,142.8,145.11,141.31,142.69,142.44,144.22,1897841,2736.99,16393,1464879.0, 77.19,2026-06-09
WENDT, EQ, 09-Jun-2026,6650.5,6652.5,6830.0,6652.0,6828.0,6770.5,6710.31,2338,156.89,663,1256.0, 53.72,2026-06-09
WESTLIFE, EQ, 09-Jun-2026,432.1,432.0,439.5,430.05,439.5,437.35,434.66,14001,60.86,1808,5521.0, 39.43,2026-06-09
WEWIN, BE, 09-Jun-2026,57.23,57.23,58.95,54.37,57.44,54.69,54.83,6588,3.61,47,, -,2026-06-09
WEWORK, EQ, 09-Jun-2026,648.1,650.0,657.3,641.0,647.0,647.5,648.35,196501,1274.01,12270,95141.0, 48.42,2026-06-09
WHEELS, EQ, 09-Jun-2026,1480.3,1499.0,1517.9,1475.0,1505.0,1507.6,1501.57,82198,1234.26,5922,55404.0, 67.40,2026-06-09
WHIRLPOOL, EQ, 09-Jun-2026,779.55,780.7,786.45,771.05,777.0,773.75,775.65,170248,1320.53,12275,92693.0, 54.45,2026-06-09
WHITEFORCE, ST, 09-Jun-2026,34.0,32.5,35.7,32.3,32.3,32.3,34.48,35200,12.14,11,30400.0, 86.36,2026-06-09
WILLAMAGOR, EQ, 09-Jun-2026,26.1,27.79,27.79,26.12,26.12,26.12,27.23,75,0.02,7,65.0, 86.67,2026-06-09
WINDLAS, EQ, 09-Jun-2026,814.2,810.0,842.95,810.0,837.0,835.4,829.72,46334,384.44,2352,29556.0, 63.79,2026-06-09
WINDMACHIN, EQ, 09-Jun-2026,284.65,284.35,332.0,284.15,315.0,313.7,302.49,1497535,4529.87,18304,709683.0, 47.39,2026-06-09
WINSOL, SM, 09-Jun-2026,122.0,122.0,123.0,122.0,123.0,123.0,122.5,1600,1.96,3,1600.0, 100.00,2026-06-09
WINSOME, BZ, 09-Jun-2026,2.6,2.55,2.55,2.55,2.55,2.55,2.55,74882,1.91,10,, -,2026-06-09
WIPL, EQ, 09-Jun-2026,147.99,153.2,155.9,148.0,148.0,148.0,149.9,5081,7.62,109,4428.0, 87.15,2026-06-09
WIPRO, EQ, 09-Jun-2026,181.76,183.97,184.35,180.6,181.9,181.67,182.12,28381665,51688.88,182899,9768828.0, 34.42,2026-06-09
WOCKPHARMA, EQ, 09-Jun-2026,1892.9,1907.0,1978.0,1874.1,1886.6,1887.6,1909.49,2067688,39482.31,80919,524370.0, 25.36,2026-06-09
WOL3D, ST, 09-Jun-2026,150.4,150.4,150.4,142.9,142.9,142.9,143.7,55000,79.04,25,55000.0, 100.00,2026-06-09
WOMANCART, SM, 09-Jun-2026,114.8,115.25,116.0,109.0,109.8,109.9,110.73,41200,45.62,53,31600.0, 76.70,2026-06-09
WONDERLA, EQ, 09-Jun-2026,468.25,468.7,488.0,466.0,483.0,477.55,471.18,28350,133.58,2317,12755.0, 44.99,2026-06-09
WORTHPERI, EQ, 09-Jun-2026,128.8,127.99,129.0,124.01,126.99,125.28,125.46,549,0.69,37,502.0, 91.44,2026-06-09
WPIL, EQ, 09-Jun-2026,418.45,418.0,425.1,417.85,422.0,422.55,421.42,14582,61.45,1367,6678.0, 45.80,2026-06-09
WSI, EQ, 09-Jun-2026,69.26,70.0,71.2,68.05,68.06,68.31,68.7,18394,12.64,261,13588.0, 73.87,2026-06-09
WSTCSTPAPR, EQ, 09-Jun-2026,498.95,504.8,511.5,502.3,507.0,507.25,507.94,64707,328.67,2841,38743.0, 59.87,2026-06-09
WTICAB, SM, 09-Jun-2026,100.0,105.0,106.0,100.25,104.0,104.4,103.21,30500,31.48,52,19000.0, 62.30,2026-06-09
XCHANGING, EQ, 09-Jun-2026,64.48,65.12,65.66,63.9,65.66,64.98,64.49,40920,26.39,622,26194.0, 64.01,2026-06-09
XELPMOC, EQ, 09-Jun-2026,89.03,89.57,94.4,86.01,94.4,92.79,89.79,39096,35.1,810,21053.0, 53.85,2026-06-09
XPROINDIA, EQ, 09-Jun-2026,1165.0,1150.1,1199.9,1150.1,1189.0,1188.7,1178.29,25549,301.04,1912,14678.0, 57.45,2026-06-09
XTGLOBAL, EQ, 09-Jun-2026,28.79,29.25,29.58,28.85,29.4,29.37,29.24,33080,9.67,212,14774.0, 44.66,2026-06-09
YASHO, EQ, 09-Jun-2026,2475.2,2476.0,2575.0,2476.0,2555.1,2543.6,2527.86,20046,506.73,2504,10968.0, 54.71,2026-06-09
YASHOPTICS, SM, 09-Jun-2026,124.65,124.3,125.25,122.35,124.0,124.0,124.21,4000,4.97,5,2400.0, 60.00,2026-06-09
YATHARTH, EQ, 09-Jun-2026,817.0,820.95,841.0,820.95,840.25,839.1,834.7,312019,2604.43,14324,171913.0, 55.10,2026-06-09
YATRA, EQ, 09-Jun-2026,96.4,97.29,99.0,96.25,98.08,98.6,97.7,696494,680.5,5433,195522.0, 28.07,2026-06-09
YCCL, SM, 09-Jun-2026,10.95,11.4,11.9,10.1,10.1,10.1,10.9,15000,1.64,5,9000.0, 60.00,2026-06-09
YESBANK, EQ, 09-Jun-2026,23.0,23.06,23.53,23.06,23.38,23.37,23.37,100528684,23494.59,78271,43230080.0, 43.00,2026-06-09
YUDIZ, SM, 09-Jun-2026,24.7,24.7,24.7,24.7,24.7,24.7,24.7,800,0.2,1,800.0, 100.00,2026-06-09
YUKEN, EQ, 09-Jun-2026,680.0,680.0,687.95,675.45,675.5,677.8,681.29,1507,10.27,125,1191.0, 79.03,2026-06-09
ZAGGLE, EQ, 09-Jun-2026,196.33,198.95,202.99,196.01,198.3,197.73,198.97,791567,1574.98,10120,332041.0, 41.95,2026-06-09
ZEAL, SM, 09-Jun-2026,69.0,65.4,69.0,65.4,69.0,69.0,65.75,7200,4.73,3,6600.0, 91.67,2026-06-09
ZEEL, EQ, 09-Jun-2026,111.09,111.11,111.9,106.66,107.09,107.62,108.37,42715992,46289.49,131967,9639691.0, 22.57,2026-06-09
ZEELEARN, EQ, 09-Jun-2026,7.55,7.69,7.9,7.36,7.47,7.43,7.58,917407,69.5,2486,530425.0, 57.82,2026-06-09
ZEEMEDIA, EQ, 09-Jun-2026,8.51,8.52,8.58,8.32,8.53,8.47,8.42,909991,76.65,1427,623797.0, 68.55,2026-06-09
ZENITHDRUG, SM, 09-Jun-2026,42.6,42.8,42.95,41.0,42.95,42.95,41.57,22400,9.31,16,12000.0, 53.57,2026-06-09
ZENITHEXPO, EQ, 09-Jun-2026,214.0,214.0,214.0,204.99,205.0,205.22,205.54,615,1.26,21,578.0, 93.98,2026-06-09
ZENITHSTL, EQ, 09-Jun-2026,5.87,5.87,6.12,5.87,6.0,5.99,5.97,61913,3.69,127,45523.0, 73.53,2026-06-09
ZENSARTECH, EQ, 09-Jun-2026,474.7,475.0,479.8,459.55,468.2,464.15,466.52,807576,3767.52,30227,398714.0, 49.37,2026-06-09
ZENTEC, EQ, 09-Jun-2026,1753.1,1760.9,1816.0,1746.5,1794.9,1782.5,1789.13,819642,14664.48,42558,267300.0, 32.61,2026-06-09
ZFCVINDIA, EQ, 09-Jun-2026,14216.0,14301.0,14550.0,14225.0,14235.0,14309.0,14357.12,9977,1432.41,4327,5962.0, 59.76,2026-06-09
ZFSTEERING, EQ, 09-Jun-2026,647.15,648.7,664.5,648.05,659.0,657.35,652.58,1063,6.94,79,854.0, 80.34,2026-06-09
ZIMLAB, BE, 09-Jun-2026,107.67,109.89,113.05,104.5,113.05,113.05,111.47,93832,104.59,444,, -,2026-06-09
ZODIAC, BE, 09-Jun-2026,278.15,276.8,285.0,276.8,280.25,280.75,279.92,6248,17.49,220,, -,2026-06-09
ZODIACLOTH, EQ, 09-Jun-2026,73.95,74.5,75.0,72.32,74.91,74.88,73.83,3319,2.45,111,2637.0, 79.45,2026-06-09
ZOTA, EQ, 09-Jun-2026,1204.1,1201.0,1226.9,1201.0,1214.0,1211.2,1210.75,52034,630.0,1642,41392.0, 79.55,2026-06-09
ZSARACOM, EQ, 09-Jun-2026,9175.0,9200.0,9537.5,9200.0,9537.5,9537.5,9404.79,7,0.66,7,7.0, 100.00,2026-06-09
ZTECH, SM, 09-Jun-2026,582.6,596.0,596.0,580.0,581.2,581.25,584.91,6300,36.85,16,5100.0, 80.95,2026-06-09
ZUARI, EQ, 09-Jun-2026,212.76,214.0,215.6,211.75,215.6,214.99,214.03,67527,144.53,1969,35390.0, 52.41,2026-06-09
ZUARIIND, EQ, 09-Jun-2026,245.7,246.0,251.0,246.0,249.5,250.15,249.52,31202,77.86,703,20160.0, 64.61,2026-06-09
ZYDUSLIFE, EQ, 09-Jun-2026,1087.6,1087.6,1111.0,1085.5,1103.4,1105.6,1104.82,1299872,14361.3,35362,642500.0, 49.43,2026-06-09
ZYDUSWELL, EQ, 09-Jun-2026,523.5,531.0,535.45,506.3,508.0,509.25,515.54,765584,3946.86,37624,218342.0, 28.52,2026-06-09
