SYMBOL,SERIES,DATE1,PREV_CLOSE,OPEN_PRICE,HIGH_PRICE,LOW_PRICE,LAST_PRICE,CLOSE_PRICE,AVG_PRICE,TTL_TRD_QNTY,TURNOVER_LACS,NO_OF_TRADES,DELIV_QTY,DELIV_PER,DATE
1018GS2026, GS, 10-Jun-2026,102.64,102.58,105.99,102.58,103.5,103.48,103.47,181,0.19,6,173.0, 95.58,2026-06-10
20MICRONS, EQ, 10-Jun-2026,187.83,188.76,188.77,184.0,184.37,184.98,185.8,65258,121.25,1800,37480.0, 57.43,2026-06-10
21STCENMGM, EQ, 10-Jun-2026,32.83,32.83,33.48,32.32,32.32,32.37,32.78,1937,0.63,31,1898.0, 97.99,2026-06-10
360ONE, EQ, 10-Jun-2026,1075.0,1080.0,1080.0,1048.0,1054.6,1052.0,1064.93,947964,10095.17,19154,631101.0, 66.57,2026-06-10
3BBLACKBIO, EQ, 10-Jun-2026,1201.5,1228.0,1441.5,1199.9,1242.0,1253.4,1287.59,52053,670.23,3585,32735.0, 62.89,2026-06-10
3IINFOLTD, EQ, 10-Jun-2026,16.8,17.0,17.0,16.25,16.64,16.43,16.62,123420,20.51,981,76783.0, 62.21,2026-06-10
3MINDIA, EQ, 10-Jun-2026,31785.0,31850.0,31990.0,31530.0,31780.0,31580.0,31699.54,1234,391.17,717,641.0, 51.94,2026-06-10
3PLAND, EQ, 10-Jun-2026,33.23,33.0,33.1,32.0,32.0,32.5,32.74,1557,0.51,103,1118.0, 71.80,2026-06-10
574GS2026, GS, 10-Jun-2026,99.57,100.05,100.05,100.05,100.05,100.05,100.05,416,0.42,3,416.0, 100.00,2026-06-10
585GS2030, GS, 10-Jun-2026,95.05,95.66,95.9,95.66,95.9,95.9,95.78,1000,0.96,2,500.0, 50.00,2026-06-10
5PAISA, EQ, 10-Jun-2026,311.3,311.3,314.35,299.6,306.05,302.7,304.08,50036,152.15,1350,30225.0, 60.41,2026-06-10
601GS2028, GS, 10-Jun-2026,98.25,99.84,100.5,99.84,100.5,100.46,100.38,3458,3.47,3,3000.0, 86.76,2026-06-10
603GS2029, GS, 10-Jun-2026,99.31,99.96,99.96,99.96,99.96,99.96,99.96,100,0.1,1,100.0, 100.00,2026-06-10
610GS2031, GS, 10-Jun-2026,103.0,102.0,102.0,102.0,102.0,102.0,102.0,1,0.0,1,1.0, 100.00,2026-06-10
628GS2032, GS, 10-Jun-2026,98.9,99.0,99.0,99.0,99.0,99.0,99.0,1000,0.99,1,1000.0, 100.00,2026-06-10
63MOONS, EQ, 10-Jun-2026,652.45,656.8,666.9,626.4,635.35,642.45,639.57,202331,1294.05,6587,74475.0, 36.81,2026-06-10
645GS2029, GS, 10-Jun-2026,104.85,99.73,99.73,99.73,99.73,99.73,99.73,2,0.0,1,2.0, 100.00,2026-06-10
648GS2035, GS, 10-Jun-2026,97.4,97.4,97.4,97.4,97.4,97.4,97.4,100,0.1,1,100.0, 100.00,2026-06-10
667GS2035, GS, 10-Jun-2026,104.99,110.0,110.0,110.0,110.0,110.0,110.0,1,0.0,1,1.0, 100.00,2026-06-10
667GS2050, GS, 10-Jun-2026,94.3,91.63,94.3,91.63,94.3,94.3,91.77,982,0.9,3,492.0, 50.10,2026-06-10
668GS2033, GS, 10-Jun-2026,99.25,100.11,100.4,100.11,100.4,100.4,100.26,200,0.2,3,200.0, 100.00,2026-06-10
668GS2040, GS, 10-Jun-2026,96.16,97.0,97.45,97.0,97.45,97.45,97.08,602,0.58,2,500.0, 83.06,2026-06-10
676GS2061, GS, 10-Jun-2026,90.6,90.6,90.8,90.6,90.8,90.78,90.65,12444,11.28,20,12444.0, 100.00,2026-06-10
68GS2060, GS, 10-Jun-2026,93.49,93.95,94.09,93.8,93.8,93.8,94.05,12,0.01,5,11.0, 91.67,2026-06-10
690GS2065, GS, 10-Jun-2026,92.19,92.2,92.35,92.0,92.2,92.2,92.18,109725,101.14,26,109725.0, 100.00,2026-06-10
692GS2039, GS, 10-Jun-2026,95.5,96.66,96.66,96.66,96.66,96.66,96.66,50,0.05,1,50.0, 100.00,2026-06-10
694GS2036, GS, 10-Jun-2026,99.4,99.51,99.51,99.5,99.5,99.5,99.5,381,0.38,5,381.0, 100.00,2026-06-10
695GS2061, GS, 10-Jun-2026,94.01,95.5,95.5,95.5,95.5,95.5,95.5,15,0.01,2,15.0, 100.00,2026-06-10
697GR2034, GS, 10-Jun-2026,99.0,99.0,99.0,98.0,98.0,98.0,98.01,738,0.72,2,738.0, 100.00,2026-06-10
699GS2051, GS, 10-Jun-2026,100.0,96.12,99.5,96.12,99.5,99.5,99.49,13625,13.56,8,13625.0, 100.00,2026-06-10
702GS2027, GS, 10-Jun-2026,99.86,100.85,100.85,99.91,100.85,100.85,100.85,1609,1.62,9,1609.0, 100.00,2026-06-10
702GS2031, GS, 10-Jun-2026,102.8,103.5,103.5,103.31,103.31,103.31,103.47,3017,3.12,4,3017.0, 100.00,2026-06-10
706GS2028, GS, 10-Jun-2026,101.94,101.55,101.55,101.55,101.55,101.55,101.55,1300,1.32,1,1300.0, 100.00,2026-06-10
709GS2054, GS, 10-Jun-2026,96.5,97.5,97.5,95.5,96.0,96.05,95.53,509,0.49,6,501.0, 98.43,2026-06-10
709GS2074, GS, 10-Jun-2026,93.62,94.0,94.1,93.21,94.0,94.0,93.81,34370,32.24,30,28866.0, 83.99,2026-06-10
710GS2029, GS, 10-Jun-2026,103.5,103.1,103.1,103.1,103.1,103.1,103.1,1290,1.33,1,1290.0, 100.00,2026-06-10
716GS2050, GS, 10-Jun-2026,100.01,99.09,99.09,99.09,99.09,99.09,99.09,101,0.1,1,101.0, 100.00,2026-06-10
717GS2030, GS, 10-Jun-2026,101.5,101.51,101.51,101.51,101.51,101.51,101.51,5000,5.08,1,5000.0, 100.00,2026-06-10
718GS2037, GS, 10-Jun-2026,103.21,103.25,103.68,103.25,103.68,103.67,103.27,2675,2.76,5,2608.0, 97.50,2026-06-10
71GS2034, GS, 10-Jun-2026,101.0,100.7,100.7,100.7,100.7,100.7,100.7,4,0.0,1,4.0, 100.00,2026-06-10
723GS2039, GS, 10-Jun-2026,100.01,100.01,101.5,100.01,100.03,100.03,100.01,10501,10.5,8,10501.0, 100.00,2026-06-10
724GS2055, GS, 10-Jun-2026,98.46,98.48,98.48,98.25,98.48,98.48,98.44,2798,2.75,22,2683.0, 95.89,2026-06-10
725GS2063, GS, 10-Jun-2026,98.81,99.0,99.0,98.72,98.97,98.93,98.9,136620,135.12,60,130678.0, 95.65,2026-06-10
726GS2032, GS, 10-Jun-2026,103.5,103.7,103.7,103.7,103.7,103.7,103.7,2900,3.01,1,2900.0, 100.00,2026-06-10
733GS2026, GS, 10-Jun-2026,100.61,100.65,100.65,100.65,100.65,100.65,100.65,10,0.01,1,10.0, 100.00,2026-06-10
734GS2064, GS, 10-Jun-2026,97.2,97.78,97.78,97.5,97.5,97.5,97.63,27431,26.78,22,27429.0, 99.99,2026-06-10
736GS2052, GS, 10-Jun-2026,97.8,98.1,98.1,98.1,98.1,98.1,98.1,53,0.05,3,53.0, 100.00,2026-06-10
737GS2028, GS, 10-Jun-2026,101.79,102.5,102.75,102.5,102.75,102.75,102.61,28199,28.93,21,28197.0, 99.99,2026-06-10
738GS2027, GS, 10-Jun-2026,104.2,104.24,104.8,104.21,104.4,104.69,104.55,13375,13.98,23,10913.0, 81.59,2026-06-10
73GS2053, GS, 10-Jun-2026,99.9,101.47,101.48,101.47,101.48,101.47,101.48,10,0.01,2,5.0, 50.00,2026-06-10
741GS2036, GS, 10-Jun-2026,105.5,105.5,105.75,105.5,105.75,105.75,105.59,23100,24.39,2,23100.0, 100.00,2026-06-10
743GS2076, GS, 10-Jun-2026,99.8,101.0,102.44,101.0,101.0,101.0,101.01,102937,103.98,13,102014.0, 99.10,2026-06-10
746GS2073, GS, 10-Jun-2026,98.9,99.39,99.39,98.5,98.65,98.65,98.52,5209,5.13,20,5200.0, 99.83,2026-06-10
74GS2035, GS, 10-Jun-2026,103.5,104.0,104.0,104.0,104.0,104.0,104.0,2000,2.08,2,2000.0, 100.00,2026-06-10
74GS2062, GS, 10-Jun-2026,100.0,100.0,100.9,100.0,100.0,100.0,100.14,66,0.07,3,66.0, 100.00,2026-06-10
750GS2056, GS, 10-Jun-2026,99.5,99.5,99.5,99.25,99.5,99.5,99.49,2287,2.28,3,2287.0, 100.00,2026-06-10
754GS2036, GS, 10-Jun-2026,104.19,104.45,104.65,104.0,104.4,104.52,104.43,293542,306.55,155,271376.0, 92.45,2026-06-10
75GS2034, GS, 10-Jun-2026,103.11,104.21,104.21,104.21,104.21,104.21,104.21,2000,2.08,1,2000.0, 100.00,2026-06-10
771GS2066, GS, 10-Jun-2026,103.11,103.11,103.11,103.0,103.11,103.09,103.11,4570,4.71,5,4570.0, 100.00,2026-06-10
824GS2027, GS, 10-Jun-2026,104.02,103.72,103.75,103.51,103.51,103.57,103.73,3613,3.75,37,3605.0, 99.78,2026-06-10
833GS2036, GS, 10-Jun-2026,114.55,108.9,108.9,108.9,108.9,108.9,108.9,1,0.0,1,1.0, 100.00,2026-06-10
83GS2042, GS, 10-Jun-2026,112.0,108.2,108.2,108.2,108.2,108.2,108.2,1,0.0,1,1.0, 100.00,2026-06-10
897GS2030, GS, 10-Jun-2026,115.0,110.0,110.0,110.0,110.0,110.0,110.0,1001,1.1,2,1001.0, 100.00,2026-06-10
92GS2030, GS, 10-Jun-2026,110.5,110.65,111.0,110.65,111.0,110.99,110.85,3102,3.44,8,3101.0, 99.97,2026-06-10
A2ZINFRA, EQ, 10-Jun-2026,14.56,14.9,14.9,14.27,14.4,14.32,14.47,141905,20.54,352,117754.0, 82.98,2026-06-10
AAATECH, EQ, 10-Jun-2026,95.11,96.02,96.02,94.0,96.0,94.71,94.52,8671,8.2,330,6601.0, 76.13,2026-06-10
AADHARHFC, EQ, 10-Jun-2026,467.85,471.7,475.9,467.65,468.7,469.85,471.16,299107,1409.26,15663,168342.0, 56.28,2026-06-10
AAKAAR, SM, 10-Jun-2026,66.5,64.5,64.75,63.2,64.75,64.75,63.93,32000,20.46,19,20800.0, 65.00,2026-06-10
AAKASH, BE, 10-Jun-2026,9.88,9.85,10.0,9.77,9.87,9.87,9.87,119351,11.78,303,, -,2026-06-10
AARADHYA, SM, 10-Jun-2026,82.0,82.05,82.05,81.75,81.75,81.75,81.95,3600,2.95,3,2400.0, 66.67,2026-06-10
AAREYDRUGS, BE, 10-Jun-2026,80.24,80.24,80.24,78.0,79.74,78.22,79.79,69446,55.41,89,, -,2026-06-10
AARNAV, EQ, 10-Jun-2026,24.98,24.98,25.48,24.76,24.8,24.93,25.05,14100,3.53,68,10994.0, 77.97,2026-06-10
AARON, EQ, 10-Jun-2026,114.59,114.9,115.04,113.3,114.5,114.64,114.26,6080,6.95,263,4166.0, 68.52,2026-06-10
AARTECH, EQ, 10-Jun-2026,41.14,41.1,42.89,40.35,41.25,40.71,41.42,16473,6.82,767,5831.0, 35.40,2026-06-10
AARTIDRUGS, EQ, 10-Jun-2026,376.1,377.95,380.9,370.2,372.5,371.9,375.09,66283,248.62,2403,31457.0, 47.46,2026-06-10
AARTIIND, EQ, 10-Jun-2026,440.4,440.4,442.4,431.0,433.0,433.65,435.55,333323,1451.78,16741,174680.0, 52.41,2026-06-10
AARTIPHARM, EQ, 10-Jun-2026,625.25,624.6,633.3,618.05,628.3,622.25,625.25,146474,915.83,9350,70383.0, 48.05,2026-06-10
AARTISURF, EQ, 10-Jun-2026,364.75,365.0,370.7,360.2,361.0,362.15,365.72,2820,10.31,303,1614.0, 57.23,2026-06-10
AARVI, EQ, 10-Jun-2026,131.39,132.5,140.5,132.5,135.6,135.92,136.76,81120,110.94,1635,53100.0, 65.46,2026-06-10
AAVAS, EQ, 10-Jun-2026,1256.9,1263.4,1311.8,1256.9,1300.0,1299.6,1298.98,155946,2025.7,27993,72102.0, 46.24,2026-06-10
ABANSENT, BE, 10-Jun-2026,26.48,25.71,27.5,25.7,26.69,25.84,26.06,7968,2.08,52,, -,2026-06-10
ABB, EQ, 10-Jun-2026,6931.0,6905.5,6951.5,6769.0,6800.0,6801.0,6818.47,463997,31637.49,52136,213144.0, 45.94,2026-06-10
ABBOTINDIA, EQ, 10-Jun-2026,26105.0,26110.0,26770.0,25800.0,26465.0,26455.0,26379.38,9513,2509.47,5168,4049.0, 42.56,2026-06-10
ABCAPITAL, EQ, 10-Jun-2026,351.35,351.35,353.25,341.0,344.05,342.7,347.54,1768444,6146.01,29623,757293.0, 42.82,2026-06-10
ABCOTS, EQ, 10-Jun-2026,202.83,203.1,206.69,197.69,199.8,199.78,201.77,245030,494.41,3732,170650.0, 69.64,2026-06-10
ABDL, EQ, 10-Jun-2026,583.1,588.8,589.65,569.25,573.0,571.7,578.05,170415,985.08,6880,89714.0, 52.64,2026-06-10
ABFRL, EQ, 10-Jun-2026,60.45,60.5,61.17,58.52,58.7,58.76,59.77,2390910,1428.93,12568,1120321.0, 46.86,2026-06-10
ABGSEC, EQ, 10-Jun-2026,112.53,113.09,113.84,112.55,113.84,113.82,113.78,862,0.98,11,860.0, 99.77,2026-06-10
ABHAPOWER, SM, 10-Jun-2026,27.5,27.0,27.55,26.3,27.0,27.0,26.98,9600,2.59,6,8000.0, 83.33,2026-06-10
ABINFRA, EQ, 10-Jun-2026,10.13,10.08,10.52,9.61,9.82,9.8,10.1,641408,64.77,1498,167137.0, 26.06,2026-06-10
ABLBL, EQ, 10-Jun-2026,98.73,98.73,100.61,96.91,97.5,97.37,98.66,373854,368.85,6006,204319.0, 54.65,2026-06-10
ABMINTLLTD, EQ, 10-Jun-2026,39.41,39.52,42.93,39.41,41.5,42.31,41.54,1313,0.55,23,737.0, 56.13,2026-06-10
ABMKNO, EQ, 10-Jun-2026,208.4,210.0,224.3,210.0,217.0,219.55,218.84,4280,9.37,90,3689.0, 86.19,2026-06-10
ABREL, EQ, 10-Jun-2026,1218.8,1219.1,1231.0,1184.4,1185.0,1194.3,1202.64,120874,1453.68,10450,62269.0, 51.52,2026-06-10
ABSL10BANK, EQ, 10-Jun-2026,161.29,162.85,163.61,162.07,162.07,162.5,162.49,4518,7.34,21,377.0, 8.34,2026-06-10
ABSLAMC, EQ, 10-Jun-2026,1062.4,1065.0,1118.4,1062.5,1110.0,1110.3,1102.15,626477,6904.71,37931,235865.0, 37.65,2026-06-10
ABSLBANETF, EQ, 10-Jun-2026,56.37,56.62,56.97,56.19,56.52,56.24,56.34,141140,79.52,338,34334.0, 24.33,2026-06-10
ABSLLIQUID, EQ, 10-Jun-2026,1000.0,1000.0,1000.01,999.99,1000.0,1000.0,1000.0,8250,82.5,21,6928.0, 83.98,2026-06-10
ABSLMSCIN, EQ, 10-Jun-2026,28.3,28.49,28.54,28.37,28.37,28.37,28.48,70,0.02,6,70.0, 100.00,2026-06-10
ABSLNN50ET, EQ, 10-Jun-2026,73.35,71.51,74.61,71.51,73.95,72.8,73.15,16888,12.35,236,7727.0, 45.75,2026-06-10
ABSLPSE, EQ, 10-Jun-2026,10.42,10.47,10.48,10.25,10.34,10.27,10.34,400759,41.43,962,291600.0, 72.76,2026-06-10
ABSMARINE, ST, 10-Jun-2026,241.55,240.0,240.0,229.5,229.5,229.5,230.84,114500,264.31,187,107500.0, 93.89,2026-06-10
ACC, EQ, 10-Jun-2026,1324.7,1321.7,1324.7,1311.0,1319.0,1316.2,1317.9,253241,3337.47,20589,137288.0, 54.21,2026-06-10
ACCELYA, EQ, 10-Jun-2026,1118.1,1128.8,1137.8,1096.6,1125.0,1120.1,1117.34,5903,65.96,831,3512.0, 59.50,2026-06-10
ACCENTMIC, SM, 10-Jun-2026,475.85,476.1,476.1,456.1,461.95,460.95,466.59,27000,125.98,50,19500.0, 72.22,2026-06-10
ACCORD, ST, 10-Jun-2026,74.4,78.1,78.1,78.1,78.1,78.1,78.1,8000,6.25,3,8000.0, 100.00,2026-06-10
ACCPL, ST, 10-Jun-2026,134.3,133.0,141.0,131.2,140.0,140.35,138.98,24000,33.35,19,21600.0, 90.00,2026-06-10
ACCURACY, EQ, 10-Jun-2026,5.24,5.3,5.3,5.17,5.22,5.23,5.23,65038,3.4,265,57258.0, 88.04,2026-06-10
ACE, EQ, 10-Jun-2026,894.15,893.0,906.0,875.0,881.5,877.8,889.53,398979,3549.02,19071,202140.0, 50.66,2026-06-10
ACEINTEG, EQ, 10-Jun-2026,19.99,19.94,20.7,19.31,20.0,19.55,19.74,1769,0.35,49,1618.0, 91.46,2026-06-10
ACETEC, SM, 10-Jun-2026,123.0,124.05,124.05,124.05,124.05,124.05,124.05,2400,2.98,2,1200.0, 50.00,2026-06-10
ACI, EQ, 10-Jun-2026,544.3,547.05,559.6,533.6,535.0,536.95,546.09,189323,1033.88,12367,70831.0, 37.41,2026-06-10
ACL, EQ, 10-Jun-2026,53.99,54.5,54.9,52.7,52.7,52.91,53.32,32331,17.24,376,23579.0, 72.93,2026-06-10
ACMESOLAR, EQ, 10-Jun-2026,348.7,350.0,353.05,334.1,338.45,336.9,341.97,1647829,5635.04,30007,792127.0, 48.07,2026-06-10
ACSTECH, EQ, 10-Jun-2026,37.9,39.79,39.79,36.53,36.6,37.91,39.25,340703,133.73,670,251332.0, 73.77,2026-06-10
ACTIVEINFR, SM, 10-Jun-2026,176.0,172.0,172.0,172.0,172.0,172.0,172.0,1200,2.06,2,1200.0, 100.00,2026-06-10
ACUTAAS, EQ, 10-Jun-2026,3198.7,3201.0,3295.0,3150.9,3199.0,3207.0,3230.81,390988,12632.08,32097,139630.0, 35.71,2026-06-10
ADANIENSOL, EQ, 10-Jun-2026,1579.2,1580.0,1580.7,1521.4,1536.1,1535.6,1545.19,2286852,35336.25,61801,564485.0, 24.68,2026-06-10
ADANIENT, EQ, 10-Jun-2026,2979.9,2977.0,2994.9,2918.0,2940.0,2931.1,2964.15,1475029,43722.03,57005,301712.0, 20.45,2026-06-10
ADANIGREEN, EQ, 10-Jun-2026,1534.5,1535.0,1537.3,1477.4,1486.0,1483.0,1504.11,3132337,47113.66,93827,1008735.0, 32.20,2026-06-10
ADANIPORTS, EQ, 10-Jun-2026,1826.4,1826.0,1857.8,1812.2,1820.0,1821.2,1836.6,2933100,53869.45,90568,1231358.0, 41.98,2026-06-10
ADANIPOWER, EQ, 10-Jun-2026,226.14,227.3,227.3,220.05,220.6,220.58,223.41,21659105,48387.82,111901,6802193.0, 31.41,2026-06-10
ADDICTIVE, SM, 10-Jun-2026,59.8,59.0,59.9,57.25,57.3,58.9,59.37,34500,20.48,38,25500.0, 73.91,2026-06-10
ADFFOODS, EQ, 10-Jun-2026,286.45,285.95,291.2,279.0,281.95,280.2,284.19,95458,271.28,4954,41946.0, 43.94,2026-06-10
ADISOFT, SM, 10-Jun-2026,216.15,217.0,217.1,200.4,201.0,202.35,208.14,81600,169.85,95,61600.0, 75.49,2026-06-10
ADL, EQ, 10-Jun-2026,72.4,74.9,74.9,70.1,72.29,72.29,71.72,1008,0.72,26,735.0, 72.92,2026-06-10
ADOR, EQ, 10-Jun-2026,1138.4,1131.1,1149.0,1112.5,1118.0,1116.9,1130.82,11343,128.27,1371,4905.0, 43.24,2026-06-10
ADROITINFO, EQ, 10-Jun-2026,9.23,9.23,9.29,9.01,9.29,9.27,9.15,5914,0.54,61,4903.0, 82.90,2026-06-10
ADSL, EQ, 10-Jun-2026,119.12,119.12,120.7,116.12,118.0,117.07,117.94,85035,100.29,1815,37405.0, 43.99,2026-06-10
ADVAIT, EQ, 10-Jun-2026,2346.2,2360.2,2360.2,2230.0,2245.0,2245.8,2301.37,67867,1561.87,9130,29496.0, 43.46,2026-06-10
ADVANCE, EQ, 10-Jun-2026,100.49,102.25,102.25,98.1,98.13,99.1,100.14,273173,273.55,1030,239840.0, 87.80,2026-06-10
ADVANIHOTR, EQ, 10-Jun-2026,53.36,52.52,53.8,51.8,52.2,52.03,52.48,41754,21.91,728,26284.0, 62.95,2026-06-10
ADVENTHTL, EQ, 10-Jun-2026,130.44,130.4,131.9,123.82,124.8,124.73,126.47,164283,207.77,2910,103057.0, 62.73,2026-06-10
ADVENZYMES, EQ, 10-Jun-2026,372.15,373.9,382.0,367.75,370.0,371.3,375.09,151875,569.66,4585,47086.0, 31.00,2026-06-10
AEGISLOG, EQ, 10-Jun-2026,782.65,792.0,832.9,787.1,800.15,801.0,816.9,5001137,40854.09,124381,746686.0, 14.93,2026-06-10
AEGISVOPAK, EQ, 10-Jun-2026,191.67,196.48,203.04,194.68,198.4,197.85,199.78,1883109,3762.17,29431,443366.0, 23.54,2026-06-10
AEPL, EQ, 10-Jun-2026,16.19,15.91,16.55,15.91,16.38,16.38,16.19,6434,1.04,86,4640.0, 72.12,2026-06-10
AEQUS, EQ, 10-Jun-2026,184.11,185.94,185.94,174.15,174.99,175.42,179.85,6476181,11647.52,57644,2777960.0, 42.90,2026-06-10
AEROENTER, EQ, 10-Jun-2026,105.05,105.1,109.7,104.02,105.0,105.25,107.28,1303705,1398.62,8953,634703.0, 48.68,2026-06-10
AEROFLEX, EQ, 10-Jun-2026,425.7,430.55,430.55,412.2,414.5,414.1,420.93,1235075,5198.78,18771,385120.0, 31.18,2026-06-10
AERON, SM, 10-Jun-2026,83.05,81.05,82.2,81.0,81.0,81.25,81.51,5000,4.08,5,4000.0, 80.00,2026-06-10
AERONEU, EQ, 10-Jun-2026,86.78,88.91,89.44,84.0,84.1,85.96,88.26,60238,53.16,935,5052.0, 8.39,2026-06-10
AESTHETIK, SM, 10-Jun-2026,75.0,78.0,78.0,71.0,71.5,71.65,72.21,11000,7.94,8,10000.0, 90.91,2026-06-10
AETHER, EQ, 10-Jun-2026,1135.0,1135.0,1178.1,1121.5,1122.4,1124.6,1145.59,234316,2684.31,20509,88784.0, 37.89,2026-06-10
AFCONS, EQ, 10-Jun-2026,315.5,335.0,346.5,326.05,329.35,330.05,335.9,28248047,94884.54,268350,1676727.0, 5.94,2026-06-10
AFFLE, EQ, 10-Jun-2026,1502.2,1509.7,1514.9,1458.0,1461.6,1462.1,1484.27,120216,1784.33,13607,48383.0, 40.25,2026-06-10
AFFORDABLE, BE, 10-Jun-2026,178.82,183.0,184.8,175.5,180.0,178.44,181.5,15159,27.51,195,, -,2026-06-10
AFIL, BE, 10-Jun-2026,10.01,10.0,10.17,9.54,9.62,9.68,9.8,889345,87.12,1067,, -,2026-06-10
AFSL, EQ, 10-Jun-2026,201.0,201.01,202.95,201.0,201.0,201.03,201.49,5319,10.72,87,2287.0, 43.00,2026-06-10
AGARIND, EQ, 10-Jun-2026,479.3,478.9,487.45,459.4,463.8,462.4,470.93,61129,287.88,2413,25792.0, 42.19,2026-06-10
AGARWALEYE, EQ, 10-Jun-2026,448.5,448.5,454.0,443.0,449.0,449.0,447.74,104736,468.95,3374,64798.0, 61.87,2026-06-10
AGARWALTUF, SM, 10-Jun-2026,125.05,126.95,126.95,122.0,123.0,122.75,123.56,33600,41.52,27,32400.0, 96.43,2026-06-10
AGI, EQ, 10-Jun-2026,618.5,621.45,624.0,610.1,618.55,615.2,617.95,102591,633.96,4560,63563.0, 61.96,2026-06-10
AGIIL, EQ, 10-Jun-2026,373.3,373.0,385.0,367.15,369.8,370.3,377.71,3129418,11820.0,12454,739055.0, 23.62,2026-06-10
AGNI, SM, 10-Jun-2026,18.3,17.65,18.1,17.65,17.8,17.8,17.87,22500,4.02,8,10000.0, 44.44,2026-06-10
AGRITECH, EQ, 10-Jun-2026,136.95,130.6,136.0,123.26,123.26,123.26,125.12,58517,73.21,1147,24600.0, 42.04,2026-06-10
AGROPHOS, EQ, 10-Jun-2026,30.23,31.0,31.05,30.1,30.5,30.22,30.52,16716,5.1,173,9748.0, 58.32,2026-06-10
AHCL, EQ, 10-Jun-2026,15.14,15.33,15.99,14.3,14.5,14.42,14.93,15127377,2258.75,19820,6294354.0, 41.61,2026-06-10
AHLADA, EQ, 10-Jun-2026,40.99,40.99,41.89,39.8,39.84,39.85,40.05,12199,4.89,95,9769.0, 80.08,2026-06-10
AHLEAST, EQ, 10-Jun-2026,155.3,155.3,157.51,151.7,153.95,154.08,154.88,1433,2.22,104,941.0, 65.67,2026-06-10
AHLUCONT, EQ, 10-Jun-2026,797.7,800.0,800.3,778.3,778.3,788.25,793.64,76286,605.44,4725,26519.0, 34.76,2026-06-10
AHLWEST, BE, 10-Jun-2026,574.05,575.0,587.95,561.3,561.3,566.9,572.52,1061,6.07,24,, -,2026-06-10
AIAENG, EQ, 10-Jun-2026,4489.1,4475.7,4555.0,4410.5,4444.0,4439.0,4483.8,167126,7493.59,14500,128710.0, 77.01,2026-06-10
AIIL, EQ, 10-Jun-2026,470.7,473.5,479.0,462.3,471.0,465.15,471.72,142747,673.36,11307,60700.0, 42.52,2026-06-10
AIMTRON, SM, 10-Jun-2026,1212.2,1224.0,1300.0,1200.0,1288.0,1280.05,1254.68,54400,682.55,261,27400.0, 50.37,2026-06-10
AIRAN, EQ, 10-Jun-2026,16.47,16.77,16.77,16.31,16.33,16.39,16.5,42200,6.96,239,29178.0, 69.14,2026-06-10
AIROLAM, EQ, 10-Jun-2026,85.13,87.0,89.6,82.0,88.0,87.48,85.72,8049,6.9,85,6190.0, 76.90,2026-06-10
AISL, SM, 10-Jun-2026,54.55,57.15,57.15,57.15,57.15,57.15,57.15,600,0.34,1,600.0, 100.00,2026-06-10
AJANTPHARM, EQ, 10-Jun-2026,3017.2,3040.8,3089.2,2982.0,3077.0,3074.9,3062.28,182466,5587.62,29648,92813.0, 50.87,2026-06-10
AJAXENGG, EQ, 10-Jun-2026,581.9,583.0,589.3,560.1,567.75,563.5,571.05,22144,126.45,2073,12537.0, 56.62,2026-06-10
AJMERA, EQ, 10-Jun-2026,118.43,118.0,119.15,114.01,115.62,114.78,115.89,309155,358.28,4095,163127.0, 52.77,2026-06-10
AJOONI, EQ, 10-Jun-2026,3.92,3.92,3.98,3.9,3.92,3.95,3.94,180820,7.13,329,148294.0, 82.01,2026-06-10
AKANKSHA, ST, 10-Jun-2026,83.0,80.1,86.95,80.1,86.95,86.95,82.68,3000,2.48,3,3000.0, 100.00,2026-06-10
AKASH, EQ, 10-Jun-2026,26.71,26.71,28.0,26.56,27.29,26.95,27.27,5270,1.44,124,3075.0, 58.35,2026-06-10
AKCAPIT, EQ, 10-Jun-2026,1730.9,1731.9,1732.0,1683.0,1725.0,1712.5,1711.56,238,4.07,40,199.0, 83.61,2026-06-10
AKG, EQ, 10-Jun-2026,10.97,11.02,11.04,10.55,10.89,10.68,10.87,15475,1.68,122,11557.0, 74.68,2026-06-10
AKI, EQ, 10-Jun-2026,4.88,4.96,4.98,4.56,4.82,4.81,4.85,80285,3.89,172,22044.0, 27.46,2026-06-10
AKIKO, ST, 10-Jun-2026,250.15,252.1,257.9,252.0,252.0,252.0,253.5,3200,8.11,3,3200.0, 100.00,2026-06-10
AKSHAR, EQ, 10-Jun-2026,0.44,0.44,0.46,0.44,0.45,0.45,0.45,1534001,6.93,302,985344.0, 64.23,2026-06-10
AKSHARCHEM, EQ, 10-Jun-2026,211.94,211.9,216.47,209.0,211.0,210.46,212.51,4054,8.62,288,1652.0, 40.75,2026-06-10
AKSHOPTFBR, BE, 10-Jun-2026,6.97,7.1,7.1,7.1,7.1,7.1,7.1,183751,13.05,91,, -,2026-06-10
AKUMS, EQ, 10-Jun-2026,548.25,546.0,595.9,545.0,592.0,592.1,583.97,1389151,8112.22,41855,494748.0, 35.62,2026-06-10
ALANKIT, EQ, 10-Jun-2026,8.25,8.27,8.42,8.0,8.15,8.15,8.15,150283,12.25,589,112876.0, 75.11,2026-06-10
ALBERTDAVD, EQ, 10-Jun-2026,696.15,707.2,709.7,700.0,700.0,700.4,705.1,784,5.53,144,551.0, 70.28,2026-06-10
ALCODIS, ST, 10-Jun-2026,72.2,70.0,70.0,70.0,70.0,70.0,70.0,1250,0.88,1,1250.0, 100.00,2026-06-10
ALEMBICLTD, EQ, 10-Jun-2026,86.73,87.0,88.3,86.0,86.0,86.16,87.28,179207,156.41,2209,69622.0, 38.85,2026-06-10
ALGOQUANT, EQ, 10-Jun-2026,52.53,52.95,53.99,52.11,53.2,53.09,52.87,1908886,1009.28,6995,154334.0, 8.09,2026-06-10
ALICON, EQ, 10-Jun-2026,653.75,653.75,665.45,635.0,648.0,644.55,651.13,4920,32.04,607,2779.0, 56.48,2026-06-10
ALIVUS, EQ, 10-Jun-2026,1035.0,1035.0,1053.0,1022.2,1026.0,1031.4,1039.51,96314,1001.19,9504,52013.0, 54.00,2026-06-10
ALKALI, BE, 10-Jun-2026,89.85,89.85,90.0,86.1,87.0,87.02,87.78,3175,2.79,80,, -,2026-06-10
ALKEM, EQ, 10-Jun-2026,5355.5,5355.0,5470.0,5286.0,5286.5,5299.5,5375.87,117951,6340.89,18586,31412.0, 26.63,2026-06-10
ALKYLAMINE, EQ, 10-Jun-2026,1851.4,1855.0,1893.5,1780.0,1823.7,1796.9,1840.34,130165,2395.48,16637,45798.0, 35.18,2026-06-10
ALLCARGO, EQ, 10-Jun-2026,9.0,9.09,9.09,8.81,8.86,8.87,8.92,1802507,160.77,2891,1048558.0, 58.17,2026-06-10
ALLDIGI, EQ, 10-Jun-2026,827.25,826.05,839.9,820.0,835.0,826.6,829.97,3518,29.2,313,2209.0, 62.79,2026-06-10
ALLETEC, ST, 10-Jun-2026,141.1,141.1,144.0,137.6,142.0,141.5,142.18,9200,13.08,23,8400.0, 91.30,2026-06-10
ALLTIME, EQ, 10-Jun-2026,227.94,228.94,228.94,222.95,223.0,223.42,224.71,20578,46.24,837,12270.0, 59.63,2026-06-10
ALMONDZ, EQ, 10-Jun-2026,13.17,13.58,14.77,13.11,13.65,13.58,13.82,102796,14.21,390,72765.0, 70.79,2026-06-10
ALOKINDS, EQ, 10-Jun-2026,12.11,12.18,12.3,11.86,11.89,11.94,12.06,7228828,871.95,10866,3168045.0, 43.83,2026-06-10
ALPA, EQ, 10-Jun-2026,69.36,69.36,69.75,67.35,68.0,68.0,68.14,5759,3.92,140,4496.0, 78.07,2026-06-10
ALPEXSOLAR, SM, 10-Jun-2026,972.95,970.0,975.0,942.0,950.0,945.55,957.97,45500,435.87,352,32700.0, 71.87,2026-06-10
ALPHA, EQ, 10-Jun-2026,49.83,51.07,51.07,48.92,49.0,49.07,49.47,1125923,557.01,2815,869497.0, 77.23,2026-06-10
ALPHAETF, EQ, 10-Jun-2026,25.53,24.96,25.65,24.96,25.13,25.1,25.18,349455,87.98,813,234417.0, 67.08,2026-06-10
ALPHAGEO, EQ, 10-Jun-2026,202.36,202.12,209.5,192.81,196.49,195.71,199.01,8326,16.57,526,4758.0, 57.15,2026-06-10
ALPL30IETF, EQ, 10-Jun-2026,26.24,26.24,26.48,26.22,26.24,26.28,26.41,671225,177.3,934,338562.0, 50.44,2026-06-10
ALUWIND, SM, 10-Jun-2026,50.0,49.0,52.0,47.65,49.5,49.85,50.56,73500,37.16,43,63000.0, 85.71,2026-06-10
AMAGI, EQ, 10-Jun-2026,404.05,404.0,427.75,396.85,421.0,414.35,417.24,157072,655.36,7349,54271.0, 34.55,2026-06-10
AMANTA, EQ, 10-Jun-2026,135.46,135.14,148.4,134.81,141.32,140.92,144.18,913081,1316.5,10233,248520.0, 27.22,2026-06-10
AMBAAUTO, SM, 10-Jun-2026,78.65,79.0,81.95,75.25,78.75,78.75,78.73,23000,18.11,19,15000.0, 65.22,2026-06-10
AMBALALSA, EQ, 10-Jun-2026,34.06,34.7,34.7,33.0,33.0,33.05,33.51,34126,11.44,356,20969.0, 61.45,2026-06-10
AMBER, EQ, 10-Jun-2026,7726.0,7739.5,7815.0,7570.5,7649.5,7625.0,7718.44,270541,20881.54,19146,120633.0, 44.59,2026-06-10
AMBICAAGAR, EQ, 10-Jun-2026,24.44,24.75,24.75,24.5,24.5,24.5,24.58,3638,0.89,19,3638.0, 100.00,2026-06-10
AMBIKCO, EQ, 10-Jun-2026,1611.8,1611.8,1637.8,1560.5,1570.0,1571.4,1597.54,9628,153.81,1491,6286.0, 65.29,2026-06-10
AMBUJACEM, EQ, 10-Jun-2026,416.0,416.0,417.65,408.25,409.2,409.8,413.89,2195127,9085.48,38717,1072285.0, 48.85,2026-06-10
AMCL, SM, 10-Jun-2026,494.65,500.0,523.0,491.0,501.95,494.65,498.33,6400,31.89,11,5200.0, 81.25,2026-06-10
AMDIND, EQ, 10-Jun-2026,47.2,48.14,48.14,45.79,46.9,46.28,46.6,6449,3.01,136,5370.0, 83.27,2026-06-10
AMIRCHAND, EQ, 10-Jun-2026,123.0,121.76,123.59,119.2,120.3,119.7,121.45,101912,123.77,1564,66439.0, 65.19,2026-06-10
AMJLAND, EQ, 10-Jun-2026,36.3,36.25,36.98,35.72,36.79,36.06,36.16,11210,4.05,89,7727.0, 68.93,2026-06-10
AMNPLST, EQ, 10-Jun-2026,197.68,202.7,202.8,190.63,192.0,192.26,196.43,8528,16.75,345,4215.0, 49.43,2026-06-10
AMRUTANJAN, EQ, 10-Jun-2026,561.05,561.05,577.45,558.6,567.15,569.0,569.26,37444,213.16,2105,26271.0, 70.16,2026-06-10
ANANDRATHI, EQ, 10-Jun-2026,1730.7,1725.1,1745.0,1725.1,1738.5,1737.5,1734.99,229752,3986.17,11734,123774.0, 53.87,2026-06-10
ANANTAM, IV, 10-Jun-2026,103.95,104.99,104.99,103.5,103.99,103.96,103.85,13953,14.49,90,13565.0, 97.22,2026-06-10
ANANTRAJ, EQ, 10-Jun-2026,540.75,541.35,543.7,517.0,519.0,519.35,528.03,1783778,9418.91,33073,788913.0, 44.23,2026-06-10
ANDHRAPAP, EQ, 10-Jun-2026,61.4,61.4,61.99,61.2,61.86,61.57,61.52,49329,30.35,360,40835.0, 82.78,2026-06-10
ANDHRSUGAR, EQ, 10-Jun-2026,85.82,85.98,88.3,80.15,82.59,81.86,84.47,854503,721.76,9442,305917.0, 35.80,2026-06-10
ANGELONE, EQ, 10-Jun-2026,337.55,339.9,340.0,328.4,330.4,329.85,334.21,4260935,14240.51,32903,1718723.0, 40.34,2026-06-10
ANIKINDS, BE, 10-Jun-2026,43.65,43.65,44.2,42.5,42.55,42.56,42.71,4344,1.86,43,, -,2026-06-10
ANKITMETAL, BZ, 10-Jun-2026,1.54,1.6,1.61,1.54,1.56,1.56,1.58,14625,0.23,23,, -,2026-06-10
ANLON, ST, 10-Jun-2026,691.1,691.1,716.9,691.1,696.0,699.35,709.83,17200,122.09,37,16800.0, 97.67,2026-06-10
ANMOL, EQ, 10-Jun-2026,11.07,11.07,11.34,10.91,11.07,11.05,11.08,12900,1.43,96,10027.0, 77.73,2026-06-10
ANNAPURNA, SM, 10-Jun-2026,139.1,138.0,138.95,136.0,137.0,137.3,137.2,78500,107.7,159,60750.0, 77.39,2026-06-10
ANONDITA, SM, 10-Jun-2026,1183.45,1180.0,1185.0,1131.0,1145.0,1148.05,1151.74,52800,608.12,80,48800.0, 92.42,2026-06-10
ANSALAPI, BZ, 10-Jun-2026,3.5,3.45,3.57,3.43,3.57,3.54,3.51,23079,0.81,38,, -,2026-06-10
ANTELOPUS, EQ, 10-Jun-2026,853.85,832.6,863.95,811.2,821.0,818.8,832.08,144826,1205.07,8608,69879.0, 48.25,2026-06-10
ANTGRAPHIC, EQ, 10-Jun-2026,0.8,0.8,0.82,0.8,0.8,0.8,0.81,65829,0.53,140,44341.0, 67.36,2026-06-10
ANTHEM, EQ, 10-Jun-2026,778.25,780.0,780.0,764.0,765.0,766.05,769.24,126217,970.91,12323,71220.0, 56.43,2026-06-10
ANUHPHR, EQ, 10-Jun-2026,77.55,78.65,78.65,75.7,75.7,75.87,77.0,46199,35.57,1468,22977.0, 49.73,2026-06-10
ANUP, EQ, 10-Jun-2026,1874.0,1874.0,1904.9,1802.5,1826.4,1816.2,1850.31,24375,451.01,4076,10979.0, 45.04,2026-06-10
ANURAS, EQ, 10-Jun-2026,1267.2,1255.4,1288.0,1255.4,1270.0,1272.3,1273.46,243340,3098.84,6214,69045.0, 28.37,2026-06-10
ANYA, SM, 10-Jun-2026,16.35,16.3,16.3,15.6,16.3,15.95,15.97,50000,7.99,9,35000.0, 70.00,2026-06-10
ANZEN, IV, 10-Jun-2026,127.0,126.0,126.0,126.0,126.0,126.0,126.0,25000,31.5,1,25000.0, 100.00,2026-06-10
AONEGOLD, EQ, 10-Jun-2026,14.15,13.99,13.99,13.68,13.72,13.71,13.75,686310,94.36,2148,545313.0, 79.46,2026-06-10
AONELIQUID, EQ, 10-Jun-2026,1062.99,1063.13,1063.15,1063.13,1063.15,1063.14,1063.14,12188,129.58,86,8901.0, 73.03,2026-06-10
AONENIFTY, EQ, 10-Jun-2026,9.56,9.79,9.79,9.52,9.57,9.56,9.6,141157,13.55,1198,105681.0, 74.87,2026-06-10
AONESILVER, EQ, 10-Jun-2026,9.28,9.15,9.15,8.82,8.86,8.84,8.89,1662634,147.89,2413,1220317.0, 73.40,2026-06-10
AONETMMQ50, EQ, 10-Jun-2026,10.09,10.14,10.14,9.95,10.0,9.98,10.03,30591,3.07,329,25602.0, 83.69,2026-06-10
AONETOTAL, EQ, 10-Jun-2026,11.36,11.36,11.43,11.3,11.3,11.3,11.37,97623,11.1,1125,73112.0, 74.89,2026-06-10
APARINDS, EQ, 10-Jun-2026,13609.0,13743.0,14246.0,13552.0,14065.0,14085.0,14007.26,192063,26902.76,48849,51089.0, 26.60,2026-06-10
APCL, EQ, 10-Jun-2026,116.63,120.6,126.0,116.0,118.0,116.44,119.3,5814,6.94,117,4018.0, 69.11,2026-06-10
APCOTEXIND, EQ, 10-Jun-2026,539.0,538.8,557.8,531.45,537.0,534.85,545.64,203313,1109.36,8781,76105.0, 37.43,2026-06-10
APEX, EQ, 10-Jun-2026,409.8,412.0,412.5,401.5,403.6,404.2,404.95,156265,632.79,4498,37310.0, 23.88,2026-06-10
APEXECO, ST, 10-Jun-2026,190.0,181.0,191.85,180.55,191.85,186.95,182.2,10400,18.95,13,10400.0, 100.00,2026-06-10
APLAPOLLO, EQ, 10-Jun-2026,1799.0,1790.0,1802.3,1757.3,1763.9,1762.4,1784.52,411076,7335.73,31592,252734.0, 61.48,2026-06-10
APLLTD, EQ, 10-Jun-2026,731.5,733.95,752.4,732.65,736.0,737.2,740.08,223213,1651.96,11428,154390.0, 69.17,2026-06-10
APOLLO, EQ, 10-Jun-2026,413.05,415.5,418.3,395.1,398.8,398.05,407.03,13662921,55611.97,112120,3407357.0, 24.94,2026-06-10
APOLLOHOSP, EQ, 10-Jun-2026,8524.0,8527.0,8624.0,8470.5,8480.0,8488.5,8571.11,487815,41811.15,48876,266493.0, 54.63,2026-06-10
APOLLOPIPE, EQ, 10-Jun-2026,501.75,500.0,505.0,487.4,492.75,491.0,494.99,87093,431.1,3247,41784.0, 47.98,2026-06-10
APOLLOTYRE, EQ, 10-Jun-2026,391.35,392.5,392.5,384.35,385.0,385.85,388.65,317467,1233.82,10504,148718.0, 46.85,2026-06-10
APOLSINHOT, EQ, 10-Jun-2026,1301.7,1301.7,1350.0,1280.1,1331.3,1323.4,1333.04,3231,43.07,196,2758.0, 85.36,2026-06-10
APRAMEYA, SM, 10-Jun-2026,157.95,159.0,162.5,158.0,159.0,160.0,159.74,12000,19.17,15,11500.0, 95.83,2026-06-10
APS, SM, 10-Jun-2026,306.1,307.6,310.0,300.35,301.0,303.2,305.63,13000,39.73,47,7500.0, 57.69,2026-06-10
APSISAERO, ST, 10-Jun-2026,293.75,299.6,299.6,299.6,299.6,299.6,299.6,1200,3.6,1,1200.0, 100.00,2026-06-10
APTECHT, EQ, 10-Jun-2026,110.18,110.5,114.0,106.1,107.27,106.91,110.28,965825,1065.11,10166,353826.0, 36.63,2026-06-10
APTUS, EQ, 10-Jun-2026,253.05,253.05,253.65,249.0,253.2,252.55,250.77,1188398,2980.14,13422,745493.0, 62.73,2026-06-10
AQYLON, EQ, 10-Jun-2026,58.56,58.56,58.75,56.65,57.05,56.99,57.18,6375310,3645.59,6204,4123016.0, 64.67,2026-06-10
ARABIAN, SM, 10-Jun-2026,70.0,67.0,68.0,67.0,68.0,68.0,67.5,4000,2.7,2,2000.0, 50.00,2026-06-10
ARCHIDPLY, EQ, 10-Jun-2026,78.46,78.0,80.1,76.16,79.0,78.82,78.35,8304,6.51,99,5890.0, 70.93,2026-06-10
ARCHIES, EQ, 10-Jun-2026,14.31,14.27,14.59,13.82,13.86,13.85,14.09,4395,0.62,104,4191.0, 95.36,2026-06-10
ARCIIL, ST, 10-Jun-2026,42.9,44.5,45.0,42.9,45.0,45.0,44.8,37000,16.58,32,30000.0, 81.08,2026-06-10
ARE&M, EQ, 10-Jun-2026,831.7,832.1,833.0,807.1,809.0,811.05,819.26,459652,3765.74,25231,219854.0, 47.83,2026-06-10
ARENTERP, EQ, 10-Jun-2026,36.3,37.59,37.59,36.1,36.1,36.1,36.95,469,0.17,11,294.0, 62.69,2026-06-10
ARFIN, EQ, 10-Jun-2026,85.71,83.85,85.51,80.8,81.0,82.06,83.8,2363234,1980.3,5974,466305.0, 19.73,2026-06-10
ARHAM, SM, 10-Jun-2026,138.1,138.1,138.5,137.8,137.8,137.85,138.01,33000,45.54,27,16000.0, 48.48,2026-06-10
ARIES, EQ, 10-Jun-2026,319.25,324.0,333.5,316.05,330.8,326.65,326.12,41631,135.77,2254,20116.0, 48.32,2026-06-10
ARIHANT, EQ, 10-Jun-2026,828.75,857.8,929.4,857.8,906.5,882.95,904.47,34423,311.34,2631,4643.0, 13.49,2026-06-10
ARIHANTACA, SM, 10-Jun-2026,468.0,465.0,465.0,465.0,465.0,465.0,465.0,1600,7.44,4,1600.0, 100.00,2026-06-10
ARIHANTCAP, EQ, 10-Jun-2026,64.87,65.36,65.4,63.7,63.7,63.86,64.56,81165,52.4,966,46548.0, 57.35,2026-06-10
ARIHANTSUP, EQ, 10-Jun-2026,253.2,253.2,256.4,248.4,251.3,250.6,252.13,15227,38.39,535,8186.0, 53.76,2026-06-10
ARIS, EQ, 10-Jun-2026,115.61,115.99,116.59,112.05,114.26,113.4,114.09,214403,244.62,1995,107883.0, 50.32,2026-06-10
ARISTO, ST, 10-Jun-2026,94.3,94.3,94.3,91.0,91.0,91.0,93.2,2400,2.24,3,2400.0, 100.00,2026-06-10
ARKADE, EQ, 10-Jun-2026,112.63,112.1,114.7,111.5,111.79,111.73,113.14,255507,289.09,1587,61584.0, 24.10,2026-06-10
ARMANFIN, EQ, 10-Jun-2026,1609.1,1603.0,1651.7,1582.8,1588.6,1603.5,1620.23,36484,591.12,3702,22910.0, 62.79,2026-06-10
ARMOUR, SM, 10-Jun-2026,22.0,22.0,22.05,22.0,22.0,22.0,22.02,6000,1.32,3,6000.0, 100.00,2026-06-10
AROGRANITE, EQ, 10-Jun-2026,24.76,25.5,25.5,24.78,24.78,24.83,24.96,1860,0.46,54,1748.0, 93.98,2026-06-10
ARROWGREEN, EQ, 10-Jun-2026,600.6,598.0,616.0,580.1,587.1,591.0,598.88,227396,1361.83,8342,57113.0, 25.12,2026-06-10
ARSHIYA, BZ, 10-Jun-2026,1.17,1.15,1.19,1.12,1.16,1.12,1.12,2783405,31.19,122,, -,2026-06-10
ARSSBL, EQ, 10-Jun-2026,524.85,523.85,531.2,511.1,512.9,515.4,523.24,160548,840.06,5344,78109.0, 48.65,2026-06-10
ARTEMISMED, EQ, 10-Jun-2026,258.15,259.4,262.55,257.0,257.25,258.25,258.93,93726,242.69,3210,56685.0, 60.48,2026-06-10
ARTNIRMAN, EQ, 10-Jun-2026,40.59,40.59,40.59,38.61,39.2,39.31,39.2,2003,0.79,10,1010.0, 50.42,2026-06-10
ARUNAYA, ST, 10-Jun-2026,19.0,18.1,19.0,18.05,18.05,18.05,18.15,58000,10.53,25,48000.0, 82.76,2026-06-10
ARVEE, EQ, 10-Jun-2026,163.57,161.9,171.3,158.4,162.9,162.31,164.91,2986,4.92,130,1064.0, 35.63,2026-06-10
ARVIND, EQ, 10-Jun-2026,500.1,500.0,506.5,490.9,493.25,493.4,497.71,316360,1574.56,14761,137515.0, 43.47,2026-06-10
ARVINDFASN, EQ, 10-Jun-2026,453.05,459.0,459.0,444.3,447.95,447.35,448.51,124250,557.28,10106,66190.0, 53.27,2026-06-10
ARVINDPORT, ST, 10-Jun-2026,28.95,27.65,27.95,27.55,27.95,27.8,27.61,18000,4.97,10,16500.0, 91.67,2026-06-10
ARVSMART, EQ, 10-Jun-2026,579.35,579.0,587.65,572.0,576.95,574.35,578.31,16509,95.47,1301,8426.0, 51.04,2026-06-10
ASAHIINDIA, EQ, 10-Jun-2026,881.9,889.0,889.05,865.1,866.0,873.2,879.73,46894,412.54,5918,13641.0, 29.09,2026-06-10
ASAHISONG, EQ, 10-Jun-2026,262.8,265.91,268.38,255.01,259.0,257.72,264.79,14477,38.33,1065,7788.0, 53.80,2026-06-10
ASAL, EQ, 10-Jun-2026,501.0,501.0,505.9,485.0,488.0,490.6,494.05,29146,143.99,1149,13266.0, 45.52,2026-06-10
ASALCBR, EQ, 10-Jun-2026,823.0,821.0,835.2,810.0,815.0,814.2,822.88,14629,120.38,1061,9420.0, 64.39,2026-06-10
ASHALOG, SM, 10-Jun-2026,55.0,53.05,54.5,52.0,54.5,53.55,52.81,7000,3.7,7,6000.0, 85.71,2026-06-10
ASHAPURMIN, EQ, 10-Jun-2026,686.3,687.5,690.0,660.0,661.0,663.0,674.21,386528,2606.02,13495,159973.0, 41.39,2026-06-10
ASHIANA, EQ, 10-Jun-2026,362.2,365.8,367.6,350.35,355.0,355.7,357.32,60469,216.07,2252,30286.0, 50.09,2026-06-10
ASHIKA, EQ, 10-Jun-2026,373.95,375.8,389.7,371.5,371.6,375.8,381.68,126417,482.5,2668,42601.0, 33.70,2026-06-10
ASHIMASYN, EQ, 10-Jun-2026,16.17,16.1,16.65,16.0,16.06,16.07,16.1,12947,2.09,89,9916.0, 76.59,2026-06-10
ASHOKA, EQ, 10-Jun-2026,121.18,121.18,121.85,117.5,118.05,117.81,119.22,513607,612.32,5875,265107.0, 51.62,2026-06-10
ASHOKAMET, EQ, 10-Jun-2026,15.57,15.27,15.54,15.2,15.29,15.29,15.32,4309,0.66,51,3740.0, 86.80,2026-06-10
ASHOKLEY, EQ, 10-Jun-2026,143.8,145.1,145.3,141.0,141.49,141.54,143.44,15750037,22591.55,107030,7325965.0, 46.51,2026-06-10
ASHWINI, SM, 10-Jun-2026,139.95,141.0,141.0,137.0,137.0,137.0,140.13,8000,11.21,6,8000.0, 100.00,2026-06-10
ASIANENE, EQ, 10-Jun-2026,383.8,387.4,387.4,365.3,366.0,368.0,373.84,297703,1112.92,8718,134416.0, 45.15,2026-06-10
ASIANHOTNR, EQ, 10-Jun-2026,303.85,309.95,310.1,296.25,300.0,300.35,301.34,17397,52.42,1693,8041.0, 46.22,2026-06-10
ASIANPAINT, EQ, 10-Jun-2026,2708.1,2711.1,2744.0,2700.0,2700.0,2715.1,2727.98,1395772,38076.37,98510,976365.0, 69.95,2026-06-10
ASIANTILES, EQ, 10-Jun-2026,58.27,58.14,60.4,57.41,57.93,58.61,58.97,5131769,3026.38,13399,1318709.0, 25.70,2026-06-10
ASKAUTOLTD, EQ, 10-Jun-2026,428.8,432.0,433.05,425.8,427.7,427.95,428.17,84448,361.58,3975,44607.0, 52.82,2026-06-10
ASMS, EQ, 10-Jun-2026,7.27,7.43,7.43,7.2,7.25,7.23,7.27,183556,13.35,595,138927.0, 75.69,2026-06-10
ASPINWALL, EQ, 10-Jun-2026,234.26,231.5,236.0,231.5,236.0,236.0,235.29,438,1.03,22,395.0, 90.18,2026-06-10
ASPIRE, SM, 10-Jun-2026,15.0,14.35,14.35,14.25,14.25,14.25,14.29,8000,1.14,4,8000.0, 100.00,2026-06-10
ASTAR, EQ, 10-Jun-2026,612.8,612.0,612.0,606.0,606.0,606.0,607.28,8,0.05,4,8.0, 100.00,2026-06-10
ASTEC, EQ, 10-Jun-2026,794.75,789.0,809.9,769.4,772.8,775.95,790.84,78105,617.69,3590,39054.0, 50.00,2026-06-10
ASTERDM, EQ, 10-Jun-2026,790.35,792.5,824.9,792.5,810.0,812.9,813.83,2258113,18377.15,59765,965522.0, 42.76,2026-06-10
ASTRAL, EQ, 10-Jun-2026,1526.0,1527.9,1554.0,1495.4,1503.0,1501.5,1521.43,260088,3957.07,15493,94048.0, 36.16,2026-06-10
ASTRAMICRO, EQ, 10-Jun-2026,1457.7,1469.8,1474.9,1415.1,1427.0,1424.4,1445.98,866021,12522.48,37319,270907.0, 31.28,2026-06-10
ASTRAZEN, EQ, 10-Jun-2026,8453.0,8480.0,8546.0,8250.0,8322.5,8288.5,8438.94,8521,719.08,2501,3790.0, 44.48,2026-06-10
ASTRON, BE, 10-Jun-2026,3.78,3.79,3.96,3.62,3.88,3.86,3.81,32011,1.22,124,, -,2026-06-10
ATALREAL, EQ, 10-Jun-2026,24.72,25.47,29.66,25.47,29.65,29.65,27.9,25928984,7233.99,23471,5314785.0, 20.50,2026-06-10
ATAM, EQ, 10-Jun-2026,72.27,73.0,73.0,70.4,70.4,70.56,70.93,3435,2.44,87,2446.0, 71.21,2026-06-10
ATCENERGY, ST, 10-Jun-2026,23.45,24.6,24.6,23.25,24.6,24.6,24.45,10800,2.64,9,10800.0, 100.00,2026-06-10
ATGL, EQ, 10-Jun-2026,752.15,755.0,763.0,724.1,730.0,728.4,737.98,5348345,39469.76,85842,1476440.0, 27.61,2026-06-10
ATHERENERG, EQ, 10-Jun-2026,1032.8,1036.8,1067.0,1002.95,1043.4,1042.0,1042.97,4651982,48518.58,116978,1171240.0, 25.18,2026-06-10
ATL, EQ, 10-Jun-2026,24.51,24.66,24.96,24.12,24.26,24.29,24.58,67568,16.61,564,45072.0, 66.71,2026-06-10
ATLANTAA, EQ, 10-Jun-2026,40.33,40.45,41.59,40.07,40.75,40.47,40.72,79217,32.26,648,55253.0, 69.75,2026-06-10
ATLANTAELE, BE, 10-Jun-2026,1890.7,1890.7,1929.9,1830.1,1855.0,1855.5,1867.67,34410,642.67,2715,, -,2026-06-10
ATLASCYCLE, EQ, 10-Jun-2026,99.0,97.38,100.0,97.25,97.25,97.39,97.63,5750,5.61,171,4564.0, 79.37,2026-06-10
ATLPP, E1, 10-Jun-2026,9.66,9.7,9.7,9.28,9.66,9.42,9.39,122,0.01,6,122.0, 100.00,2026-06-10
ATMASTCO, ST, 10-Jun-2026,173.85,170.0,180.0,165.2,174.0,173.9,172.48,47600,82.1,80,41600.0, 87.39,2026-06-10
ATUL, EQ, 10-Jun-2026,6654.0,6632.0,6678.5,6593.0,6629.0,6641.5,6638.04,13123,871.11,4691,7103.0, 54.13,2026-06-10
ATULAUTO, EQ, 10-Jun-2026,461.35,462.4,465.4,446.0,450.8,449.6,453.69,97401,441.89,3610,39057.0, 40.10,2026-06-10
AUBANK, EQ, 10-Jun-2026,978.5,981.9,981.9,956.65,958.5,959.2,969.68,1740578,16878.0,30153,1043651.0, 59.96,2026-06-10
AURIGROW, EQ, 10-Jun-2026,0.38,0.39,0.39,0.37,0.37,0.37,0.37,21487544,80.21,1118,8365464.0, 38.93,2026-06-10
AURIONPRO, EQ, 10-Jun-2026,766.4,766.0,773.9,742.0,742.0,746.6,756.09,78863,596.28,4622,37189.0, 47.16,2026-06-10
AUROIMPEX, SM, 10-Jun-2026,27.9,27.9,28.0,27.9,28.0,28.0,27.97,4800,1.34,3,4800.0, 100.00,2026-06-10
AUROPHARMA, EQ, 10-Jun-2026,1449.0,1443.8,1468.4,1437.1,1460.0,1453.6,1451.22,1123785,16308.54,53869,470776.0, 41.89,2026-06-10
AURUM, EQ, 10-Jun-2026,185.92,185.92,186.39,181.01,181.3,183.48,183.06,70746,129.51,1351,51665.0, 73.03,2026-06-10
AUSL, SM, 10-Jun-2026,21.9,20.85,20.85,20.85,20.85,20.85,20.85,2000,0.42,1,2000.0, 100.00,2026-06-10
AUSOMENT, BE, 10-Jun-2026,116.43,119.65,119.65,112.54,116.94,116.71,115.21,431,0.5,25,, -,2026-06-10
AUTOAXLES, EQ, 10-Jun-2026,1691.6,1691.6,1709.8,1675.0,1688.0,1679.0,1690.81,4447,75.19,820,1987.0, 44.68,2026-06-10
AUTOBEES, EQ, 10-Jun-2026,267.68,267.68,268.82,265.2,266.04,265.78,267.13,74572,199.2,2111,35336.0, 47.39,2026-06-10
AUTOIETF, EQ, 10-Jun-2026,26.97,26.98,26.98,26.5,26.58,26.56,26.74,1208081,323.06,2202,829551.0, 68.67,2026-06-10
AUTOIND, BE, 10-Jun-2026,76.42,76.4,76.4,73.23,73.6,73.67,74.71,41629,31.1,350,, -,2026-06-10
AVADHSUGAR, BE, 10-Jun-2026,465.6,458.3,467.8,452.0,452.0,455.8,458.73,12490,57.3,131,, -,2026-06-10
AVALON, EQ, 10-Jun-2026,1639.5,1639.9,1656.9,1509.8,1539.0,1532.5,1571.67,428724,6738.11,37337,207086.0, 48.30,2026-06-10
AVANA, ST, 10-Jun-2026,136.0,132.5,132.5,129.2,129.2,129.2,129.93,12000,15.59,6,10000.0, 83.33,2026-06-10
AVANTEL, EQ, 10-Jun-2026,167.98,167.7,168.9,161.03,162.2,161.97,163.96,1041166,1707.07,10456,385569.0, 37.03,2026-06-10
AVANTIFEED, EQ, 10-Jun-2026,1027.0,1038.0,1039.0,1000.0,1007.0,1005.3,1017.74,426508,4340.76,29405,152999.0, 35.87,2026-06-10
AVATAR, ST, 10-Jun-2026,147.4,150.3,150.3,150.3,150.3,150.3,150.3,2000,3.01,1,2000.0, 100.00,2026-06-10
AVG, EQ, 10-Jun-2026,148.7,146.4,159.5,146.4,156.36,156.76,154.29,116577,179.87,2447,67483.0, 57.89,2026-06-10
AVIANSH, SM, 10-Jun-2026,111.45,111.25,112.0,111.25,112.0,112.0,111.5,3000,3.35,3,3000.0, 100.00,2026-06-10
AVL, EQ, 10-Jun-2026,538.1,538.1,549.95,529.0,535.0,535.35,541.58,368800,1997.36,13704,262434.0, 71.16,2026-06-10
AVONMORE, EQ, 10-Jun-2026,9.95,10.04,10.19,9.65,10.0,9.78,9.95,128861,12.82,542,96905.0, 75.20,2026-06-10
AVPINFRA, SM, 10-Jun-2026,72.4,72.0,75.55,72.0,72.75,73.1,74.07,70400,52.15,62,48800.0, 69.32,2026-06-10
AVROIND, EQ, 10-Jun-2026,11.6,11.85,12.1,10.53,10.73,10.77,11.07,276676,30.63,740,137095.0, 49.55,2026-06-10
AVTNPL, EQ, 10-Jun-2026,72.41,72.5,73.0,70.15,70.4,70.57,71.1,72479,51.53,1373,36904.0, 50.92,2026-06-10
AWFIS, EQ, 10-Jun-2026,296.9,295.0,299.85,288.0,288.9,291.35,295.09,245552,724.59,6474,107106.0, 43.62,2026-06-10
AWHCL, EQ, 10-Jun-2026,446.05,449.15,450.9,440.1,442.0,442.85,444.75,48322,214.91,2843,21938.0, 45.40,2026-06-10
AWL, EQ, 10-Jun-2026,188.7,188.7,192.75,186.04,186.99,187.14,190.05,2893648,5499.39,29252,1187451.0, 41.04,2026-06-10
AXISBANK, EQ, 10-Jun-2026,1292.4,1283.5,1326.5,1283.5,1314.0,1314.5,1314.2,12262606,161155.26,218357,8566780.0, 69.86,2026-06-10
AXISBNKETF, EQ, 10-Jun-2026,567.33,570.16,570.29,565.77,567.06,566.56,568.81,826,4.7,45,530.0, 64.16,2026-06-10
AXISCADES, EQ, 10-Jun-2026,1935.5,1939.4,2022.0,1907.5,1924.9,1924.1,1984.28,197415,3917.26,11371,112559.0, 57.02,2026-06-10
AXISCETF, EQ, 10-Jun-2026,114.71,117.0,117.0,113.66,114.75,114.53,115.23,6847,7.89,47,4974.0, 72.64,2026-06-10
AXISGOLD, EQ, 10-Jun-2026,126.26,123.65,123.65,121.2,121.57,121.52,122.14,6538568,7985.95,18976,4633292.0, 70.86,2026-06-10
AXISHCETF, EQ, 10-Jun-2026,158.24,159.9,160.0,156.69,157.45,157.14,158.69,4440,7.05,83,2812.0, 63.33,2026-06-10
AXISILVER, EQ, 10-Jun-2026,241.27,231.82,232.94,228.49,229.6,229.41,231.19,5394029,12470.35,10485,3709552.0, 68.77,2026-06-10
AXISNIFTY, EQ, 10-Jun-2026,256.42,254.97,258.16,254.97,255.23,255.23,256.39,6334,16.24,171,4883.0, 77.09,2026-06-10
AXISTECETF, EQ, 10-Jun-2026,313.66,313.66,317.39,308.48,310.39,308.87,311.92,3679,11.48,101,2505.0, 68.09,2026-06-10
AXISVALUE, EQ, 10-Jun-2026,33.55,33.77,33.77,33.02,33.35,33.08,33.3,102281,34.06,565,56922.0, 55.65,2026-06-10
AXITA, EQ, 10-Jun-2026,7.77,7.88,7.88,6.57,7.68,7.6,7.59,277560,21.08,1173,168353.0, 60.65,2026-06-10
AXSENSEX, EQ, 10-Jun-2026,76.57,77.38,77.38,76.2,76.2,76.53,76.6,12478,9.56,62,8747.0, 70.10,2026-06-10
AYE, EQ, 10-Jun-2026,152.03,153.25,153.25,141.5,142.5,142.94,145.98,924832,1350.04,13225,368994.0, 39.90,2026-06-10
AYMSYNTEX, EQ, 10-Jun-2026,218.49,224.5,230.0,215.0,215.41,218.67,221.31,29035,64.26,1914,9793.0, 33.73,2026-06-10
AZAD, EQ, 10-Jun-2026,2230.0,2260.9,2291.3,2143.0,2168.0,2159.5,2216.02,553986,12276.41,34517,209655.0, 37.84,2026-06-10
BABAFP, SM, 10-Jun-2026,25.0,24.3,24.3,23.5,23.5,23.5,23.93,6400,1.53,4,6400.0, 100.00,2026-06-10
BAFNAPH, BE, 10-Jun-2026,174.58,165.86,165.86,165.86,165.86,165.86,165.86,24824,41.17,167,, -,2026-06-10
BAGDIGITAL, SM, 10-Jun-2026,108.6,108.6,108.6,107.6,107.6,107.6,107.93,4800,5.18,3,4800.0, 100.00,2026-06-10
BAGFILMS, EQ, 10-Jun-2026,4.96,4.96,5.05,4.96,4.96,4.97,4.98,20815,1.04,114,18319.0, 88.01,2026-06-10
BAGMANE, RR, 10-Jun-2026,103.38,103.74,103.74,103.2,103.3,103.29,103.48,1274848,1319.25,4117,1186743.0, 93.09,2026-06-10
BAHETI, SM, 10-Jun-2026,597.15,600.0,611.0,597.0,599.0,599.25,604.45,27375,165.47,63,12000.0, 43.84,2026-06-10
BAIDFIN, EQ, 10-Jun-2026,10.17,9.92,10.48,9.92,10.11,10.06,10.13,40459,4.1,200,35058.0, 86.65,2026-06-10
BAJAJ-AUTO, EQ, 10-Jun-2026,10184.0,10229.0,10293.0,10124.0,10130.0,10144.0,10183.29,293698,29908.12,44555,173884.0, 59.21,2026-06-10
BAJAJCON, EQ, 10-Jun-2026,582.2,584.3,585.95,560.75,566.85,562.8,568.29,635027,3608.8,26863,332742.0, 52.40,2026-06-10
BAJAJELEC, EQ, 10-Jun-2026,312.3,313.0,320.0,307.0,308.9,309.0,311.67,118516,369.38,5057,52672.0, 44.44,2026-06-10
BAJAJFINSV, EQ, 10-Jun-2026,1693.1,1689.2,1699.9,1660.4,1663.0,1664.2,1681.2,525263,8830.71,46995,265616.0, 50.57,2026-06-10
BAJAJHCARE, EQ, 10-Jun-2026,292.1,292.1,297.0,288.1,290.05,291.15,292.91,53774,157.51,1225,27878.0, 51.84,2026-06-10
BAJAJHFL, EQ, 10-Jun-2026,84.02,84.0,84.59,82.6,82.73,82.74,83.63,2707931,2264.76,28828,1473025.0, 54.40,2026-06-10
BAJAJHIND, EQ, 10-Jun-2026,19.31,19.31,19.44,18.7,18.75,18.79,19.02,4215495,801.9,7835,2026821.0, 48.08,2026-06-10
BAJAJHLDNG, EQ, 10-Jun-2026,10253.0,10280.0,10283.0,9974.0,10050.0,10035.0,10158.21,32889,3340.93,7763,17112.0, 52.03,2026-06-10
BAJAJINDEF, EQ, 10-Jun-2026,240.45,242.9,242.95,230.0,235.0,233.75,237.63,14671,34.86,508,9851.0, 67.15,2026-06-10
BAJAJST, EQ, 10-Jun-2026,373.6,373.65,374.95,365.15,369.2,369.85,370.36,12439,46.07,1109,4985.0, 40.08,2026-06-10
BAJEL, EQ, 10-Jun-2026,200.5,201.0,205.76,198.0,198.9,201.27,202.08,533432,1077.96,9653,221828.0, 41.59,2026-06-10
BAJFINANCE, EQ, 10-Jun-2026,886.9,890.1,894.7,880.1,885.05,884.1,887.7,6939714,61603.83,113106,4126966.0, 59.47,2026-06-10
BALAJEE, EQ, 10-Jun-2026,28.44,29.75,29.76,28.21,28.5,28.32,28.7,11314,3.25,166,7898.0, 69.81,2026-06-10
BALAJIPHOS, SM, 10-Jun-2026,98.0,94.0,94.0,90.0,90.5,92.35,90.15,260000,234.38,139,243000.0, 93.46,2026-06-10
BALAJITELE, EQ, 10-Jun-2026,86.56,86.56,88.24,84.01,85.03,85.04,85.65,87621,75.05,1515,46550.0, 53.13,2026-06-10
BALAMINES, EQ, 10-Jun-2026,2242.1,2254.9,2257.0,2114.0,2118.0,2131.1,2182.87,340226,7426.69,26422,95676.0, 28.12,2026-06-10
BALAXI, BE, 10-Jun-2026,24.22,24.34,24.69,23.51,24.38,24.31,24.25,13818,3.35,106,, -,2026-06-10
BALCO, ST, 10-Jun-2026,17.75,16.9,16.9,16.9,16.9,16.9,16.9,2400,0.41,2,1200.0, 50.00,2026-06-10
BALKRISHNA, EQ, 10-Jun-2026,18.15,18.15,18.5,17.81,17.98,17.98,18.19,6622,1.2,67,6453.0, 97.45,2026-06-10
BALKRISIND, EQ, 10-Jun-2026,2127.8,2130.0,2149.9,2075.5,2082.2,2083.2,2099.65,134815,2830.64,20686,66720.0, 49.49,2026-06-10
BALMLAWRIE, EQ, 10-Jun-2026,173.02,172.0,175.4,171.5,172.0,172.33,173.46,134286,232.94,2496,75902.0, 56.52,2026-06-10
BALPHARMA, EQ, 10-Jun-2026,87.79,87.0,89.46,86.11,86.7,86.15,87.43,14282,12.49,329,7383.0, 51.69,2026-06-10
BALRAMCHIN, EQ, 10-Jun-2026,536.95,542.0,542.4,533.6,535.05,536.55,536.87,253239,1359.56,9215,89701.0, 35.42,2026-06-10
BALUFORGE, EQ, 10-Jun-2026,448.75,451.05,455.0,437.8,440.5,439.55,446.2,473886,2114.46,14331,224620.0, 47.40,2026-06-10
BANARBEADS, EQ, 10-Jun-2026,99.7,103.1,103.1,96.05,98.84,98.3,99.51,3646,3.63,181,2671.0, 73.26,2026-06-10
BANARISUG, EQ, 10-Jun-2026,3600.0,3618.0,3624.0,3600.0,3600.0,3600.3,3602.59,128,4.61,21,104.0, 81.25,2026-06-10
BANCOINDIA, EQ, 10-Jun-2026,681.45,684.0,684.7,653.5,654.7,656.6,664.58,204483,1358.95,11390,98841.0, 48.34,2026-06-10
BANDHANBNK, EQ, 10-Jun-2026,206.94,206.93,208.77,198.84,200.59,199.76,203.02,6029012,12240.14,33517,2097626.0, 34.79,2026-06-10
BANG, EQ, 10-Jun-2026,39.06,38.65,40.2,37.0,37.27,37.25,38.38,31102,11.94,326,16732.0, 53.80,2026-06-10
BANK10ADD, EQ, 10-Jun-2026,16.22,16.21,16.41,16.21,16.29,16.29,16.31,22991,3.75,94,15170.0, 65.98,2026-06-10
BANKA, BE, 10-Jun-2026,88.84,90.61,90.61,90.61,90.61,90.61,90.61,4021,3.64,25,, -,2026-06-10
BANKADD, EQ, 10-Jun-2026,56.26,56.45,56.7,56.15,56.15,56.2,56.6,732540,414.64,252,689760.0, 94.16,2026-06-10
BANKBARODA, EQ, 10-Jun-2026,273.75,273.4,275.0,268.5,269.0,269.3,271.81,11888452,32314.16,56115,5487483.0, 46.16,2026-06-10
BANKBEES, EQ, 10-Jun-2026,569.3,569.29,572.6,566.74,568.0,567.99,570.61,1007861,5751.01,8701,543258.0, 53.90,2026-06-10
BANKBETA, EQ, 10-Jun-2026,56.88,56.56,57.24,56.56,56.84,56.78,57.02,169174,96.46,498,81626.0, 48.25,2026-06-10
BANKBETF, EQ, 10-Jun-2026,55.81,55.93,56.24,55.68,55.87,55.76,56.01,15508,8.69,148,9136.0, 58.91,2026-06-10
BANKETF, EQ, 10-Jun-2026,560.94,560.94,563.67,558.58,559.03,559.17,561.64,50758,285.08,342,49182.0, 96.90,2026-06-10
BANKIETF, EQ, 10-Jun-2026,56.47,57.6,57.6,56.26,56.45,56.32,56.6,702577,397.69,1463,306551.0, 43.63,2026-06-10
BANKINDIA, EQ, 10-Jun-2026,147.72,147.32,149.19,144.15,144.71,144.86,146.87,12647039,18574.6,53516,5378954.0, 42.53,2026-06-10
BANKNIFTY1, EQ, 10-Jun-2026,57.09,57.49,57.49,56.9,57.06,57.17,57.29,458182,262.48,672,211481.0, 46.16,2026-06-10
BANKPSU, EQ, 10-Jun-2026,85.85,85.95,86.0,84.35,84.35,84.49,85.44,20769,17.75,152,14864.0, 71.57,2026-06-10
BANSALWIRE, EQ, 10-Jun-2026,302.0,297.15,304.0,291.2,292.15,293.5,296.13,18302,54.2,706,10939.0, 59.77,2026-06-10
BANSWRAS, EQ, 10-Jun-2026,130.12,130.12,136.0,128.16,128.16,129.29,132.66,73554,97.58,1149,47408.0, 64.45,2026-06-10
BARFLEX, SM, 10-Jun-2026,55.0,56.95,56.95,56.95,56.95,56.95,56.95,2000,1.14,1,2000.0, 100.00,2026-06-10
BASF, EQ, 10-Jun-2026,3358.1,3358.1,3385.9,3250.0,3298.0,3286.0,3325.16,14355,477.33,3870,7341.0, 51.14,2026-06-10
BASILIC, SM, 10-Jun-2026,203.95,204.0,214.9,204.0,210.0,209.0,209.6,24900,52.19,57,20400.0, 81.93,2026-06-10
BASML, EQ, 10-Jun-2026,26.84,26.8,27.89,24.74,25.25,25.11,25.85,306271,79.17,2170,164983.0, 53.87,2026-06-10
BATAINDIA, EQ, 10-Jun-2026,668.3,668.3,681.45,656.5,662.5,664.05,671.12,118629,796.14,7141,40503.0, 34.14,2026-06-10
BATLIBOI, EQ, 10-Jun-2026,73.03,73.05,78.3,72.9,77.49,76.63,74.96,31992,23.98,421,19316.0, 60.38,2026-06-10
BAWEJA, ST, 10-Jun-2026,30.05,29.1,29.1,29.05,29.05,29.05,29.09,3200,0.93,4,3200.0, 100.00,2026-06-10
BAYERCROP, EQ, 10-Jun-2026,4272.2,4297.0,4310.5,4262.0,4309.2,4298.4,4288.35,18396,788.89,3039,10370.0, 56.37,2026-06-10
BBETF0432, EQ, 10-Jun-2026,1321.6,1325.64,1331.42,1322.92,1329.77,1329.76,1323.85,8709,115.29,91,8261.0, 94.86,2026-06-10
BBL, EQ, 10-Jun-2026,2851.5,2873.0,2888.4,2734.3,2743.0,2743.1,2794.15,25507,712.7,3339,14920.0, 58.49,2026-06-10
BBNPNBETF, EQ, 10-Jun-2026,55.63,55.67,55.85,55.31,55.56,55.56,55.6,1246,0.69,25,1137.0, 91.25,2026-06-10
BBNPPGOLD, EQ, 10-Jun-2026,146.15,146.0,146.0,141.1,142.1,142.05,141.15,224487,316.86,153,210771.0, 93.89,2026-06-10
BBOX, EQ, 10-Jun-2026,970.1,980.1,1067.1,980.1,1009.9,1012.7,1038.34,1479111,15358.27,44215,491879.0, 33.26,2026-06-10
BBTC, EQ, 10-Jun-2026,1527.2,1533.9,1549.0,1505.5,1507.5,1520.2,1530.43,36724,562.03,4523,16309.0, 44.41,2026-06-10
BBTCL, EQ, 10-Jun-2026,228.49,228.49,236.0,217.15,230.7,230.01,227.87,15009,34.2,418,11428.0, 76.14,2026-06-10
BCG, EQ, 10-Jun-2026,10.73,10.95,10.95,10.25,10.34,10.3,10.49,7257351,761.49,6750,3431828.0, 47.29,2026-06-10
BCLIND, EQ, 10-Jun-2026,38.14,38.25,38.9,36.6,37.4,37.14,37.84,1790608,677.6,7748,633675.0, 35.39,2026-06-10
BCONCEPTS, EQ, 10-Jun-2026,185.97,185.35,190.78,185.35,186.05,187.38,187.17,9179,17.18,634,4989.0, 54.35,2026-06-10
BCPL, EQ, 10-Jun-2026,77.77,79.0,79.0,77.01,77.15,77.51,77.76,9750,7.58,428,5117.0, 52.48,2026-06-10
BDL, EQ, 10-Jun-2026,1202.8,1202.8,1211.9,1177.6,1185.5,1183.8,1195.38,786809,9405.33,29474,191673.0, 24.36,2026-06-10
BEACON, ST, 10-Jun-2026,91.5,88.0,88.0,86.95,86.95,86.95,87.34,9000,7.86,9,9000.0, 100.00,2026-06-10
BEARDSELL, EQ, 10-Jun-2026,29.3,29.85,29.85,27.56,28.41,28.13,28.61,47763,13.66,443,27198.0, 56.94,2026-06-10
BECTORFOOD, EQ, 10-Jun-2026,170.18,170.18,183.24,170.0,179.0,178.47,179.9,3617237,6507.29,43504,684729.0, 18.93,2026-06-10
BEDMUTHA, EQ, 10-Jun-2026,110.55,107.5,111.0,107.5,108.01,108.1,108.12,2200,2.38,36,1982.0, 90.09,2026-06-10
BEEKAY, EQ, 10-Jun-2026,410.85,396.0,445.0,390.05,405.0,415.3,417.43,1471,6.14,100,761.0, 51.73,2026-06-10
BEL, EQ, 10-Jun-2026,412.05,413.0,415.25,407.1,408.15,408.35,411.67,5371511,22112.86,79772,2704827.0, 50.36,2026-06-10
BELLACASA, EQ, 10-Jun-2026,232.97,239.5,239.9,225.64,227.05,229.9,232.66,3336,7.76,193,2531.0, 75.87,2026-06-10
BELRISE, EQ, 10-Jun-2026,234.73,235.9,235.96,225.1,225.5,227.13,231.33,4999472,11565.52,50728,1640711.0, 32.82,2026-06-10
BEML, EQ, 10-Jun-2026,1764.2,1768.9,1818.0,1749.4,1774.3,1770.6,1782.4,232757,4148.67,18809,74243.0, 31.90,2026-06-10
BENGALASM, EQ, 10-Jun-2026,6621.5,6500.5,6890.0,6480.5,6505.5,6512.5,6594.0,179,11.8,106,106.0, 59.22,2026-06-10
BEPL, EQ, 10-Jun-2026,97.22,97.0,97.79,95.66,96.38,95.71,96.27,230331,221.73,2490,145904.0, 63.35,2026-06-10
BERGEPAINT, EQ, 10-Jun-2026,501.9,504.15,522.9,502.0,518.75,516.7,516.29,660384,3409.49,34061,304949.0, 46.18,2026-06-10
BESTAGRO, EQ, 10-Jun-2026,16.07,16.01,16.45,15.51,15.86,15.75,15.89,176700,28.08,892,109517.0, 61.98,2026-06-10
BETA, EQ, 10-Jun-2026,1522.9,1540.0,1550.0,1490.0,1490.5,1503.3,1517.01,9557,144.98,1356,3918.0, 41.00,2026-06-10
BEWLTD, SM, 10-Jun-2026,60.45,61.45,63.9,60.5,60.5,60.5,62.3,11000,6.85,21,9000.0, 81.82,2026-06-10
BFINVEST, EQ, 10-Jun-2026,432.45,433.0,435.35,421.05,422.05,424.65,428.6,13387,57.38,869,7120.0, 53.19,2026-06-10
BFSI, EQ, 10-Jun-2026,26.01,26.04,26.34,26.01,26.12,26.08,26.18,286815,75.09,856,208816.0, 72.81,2026-06-10
BFUTILITIE, EQ, 10-Jun-2026,612.05,612.05,619.65,591.2,592.2,596.2,605.89,69823,423.05,3713,34536.0, 49.46,2026-06-10
BGRENERGY, BE, 10-Jun-2026,349.45,349.45,350.1,332.1,336.3,334.0,342.97,87623,300.52,1062,, -,2026-06-10
BHADORA, SM, 10-Jun-2026,60.5,60.7,62.3,58.0,58.0,58.4,59.44,54000,32.1,39,36000.0, 66.67,2026-06-10
BHAGCHEM, EQ, 10-Jun-2026,257.89,260.5,274.9,255.81,263.35,267.69,267.87,340295,911.56,5459,130381.0, 38.31,2026-06-10
BHAGERIA, EQ, 10-Jun-2026,216.4,215.65,215.65,206.5,209.0,207.85,208.9,133265,278.39,1803,84176.0, 63.16,2026-06-10
BHAGYANGR, BE, 10-Jun-2026,307.8,314.0,323.15,311.6,316.95,315.2,319.2,159506,509.14,1913,, -,2026-06-10
BHANDARI, BE, 10-Jun-2026,3.06,3.02,3.08,3.02,3.05,3.02,3.04,169463,5.16,234,, -,2026-06-10
BHARATCOAL, EQ, 10-Jun-2026,40.4,40.64,40.7,37.75,38.05,37.99,38.9,29698850,11552.57,52689,11054420.0, 37.22,2026-06-10
BHARATFORG, EQ, 10-Jun-2026,1925.4,1925.4,1975.4,1877.0,1957.7,1949.2,1929.36,1923743,37116.0,99437,841711.0, 43.75,2026-06-10
BHARATGEAR, EQ, 10-Jun-2026,111.66,111.66,113.84,110.4,110.4,110.86,111.95,10034,11.23,429,5753.0, 57.34,2026-06-10
BHARATRAS, EQ, 10-Jun-2026,1408.1,1376.1,1418.1,1371.2,1391.0,1384.4,1395.42,4322,60.31,686,2268.0, 52.48,2026-06-10
BHARATSE, EQ, 10-Jun-2026,186.54,185.97,188.37,178.69,181.9,180.6,182.97,95222,174.23,2086,49824.0, 52.32,2026-06-10
BHARATWIRE, EQ, 10-Jun-2026,212.44,213.5,214.7,205.01,205.01,206.64,209.35,97645,204.42,2278,37617.0, 38.52,2026-06-10
BHARTIARTL, EQ, 10-Jun-2026,1799.0,1799.0,1807.7,1771.0,1776.9,1775.2,1789.19,7999362,143123.46,223009,5324215.0, 66.56,2026-06-10
BHARTIHEXA, EQ, 10-Jun-2026,1475.8,1490.0,1508.8,1447.5,1448.0,1457.2,1475.63,192290,2837.48,24628,96974.0, 50.43,2026-06-10
BHEL, EQ, 10-Jun-2026,396.55,397.0,397.2,375.75,377.3,377.3,385.39,11028183,42501.35,96109,4645005.0, 42.12,2026-06-10
BI, EQ, 10-Jun-2026,62.78,61.25,63.99,61.13,61.46,61.52,61.64,1335,0.82,30,1236.0, 92.58,2026-06-10
BIGBLOC, EQ, 10-Jun-2026,49.88,49.64,50.49,48.5,49.08,48.78,49.27,53392,26.3,774,38419.0, 71.96,2026-06-10
BIKAJI, EQ, 10-Jun-2026,652.85,654.7,675.45,650.0,670.5,670.15,668.55,154783,1034.81,9654,74173.0, 47.92,2026-06-10
BIKEWO, SM, 10-Jun-2026,26.05,28.4,29.2,27.6,27.65,27.65,28.4,20000,5.68,10,12000.0, 60.00,2026-06-10
BIL, EQ, 10-Jun-2026,692.65,694.0,710.0,674.5,678.05,681.8,691.03,2043,14.12,155,1544.0, 75.58,2026-06-10
BILVYAPAR, BE, 10-Jun-2026,4.1,4.1,4.11,4.0,4.02,4.02,4.07,16210,0.66,59,, -,2026-06-10
BIMETAL, EQ, 10-Jun-2026,641.25,655.9,655.9,615.1,640.0,640.0,637.61,1131,7.21,52,975.0, 86.21,2026-06-10
BIOCON, EQ, 10-Jun-2026,416.35,416.55,421.55,412.8,414.95,414.6,417.56,3001231,12532.08,38470,1630362.0, 54.32,2026-06-10
BIOFILCHEM, EQ, 10-Jun-2026,36.21,36.0,38.0,35.81,35.81,36.39,37.26,238591,88.9,1329,170185.0, 71.33,2026-06-10
BIOPOL, SM, 10-Jun-2026,100.2,102.8,102.8,93.0,93.0,94.6,98.66,68400,67.48,41,56400.0, 82.46,2026-06-10
BIRET, RR, 10-Jun-2026,319.25,319.3,320.0,319.02,319.2,319.2,319.26,334691,1068.52,9614,298742.0, 89.26,2026-06-10
BIRLACABLE, BE, 10-Jun-2026,203.7,199.0,204.8,193.52,193.52,193.52,196.43,119680,235.09,1514,, -,2026-06-10
BIRLACORPN, EQ, 10-Jun-2026,954.6,960.0,960.0,925.25,930.0,932.35,938.47,50790,476.65,3658,29180.0, 57.45,2026-06-10
BIRLAMONEY, EQ, 10-Jun-2026,130.91,132.9,134.9,126.63,128.0,128.35,130.18,34567,45.0,926,21923.0, 63.42,2026-06-10
BIRLANU, EQ, 10-Jun-2026,1274.2,1290.3,1307.9,1241.0,1264.8,1248.2,1258.55,15936,200.56,1702,10919.0, 68.52,2026-06-10
BIRLAPREC, EQ, 10-Jun-2026,36.64,37.0,37.39,36.0,36.01,36.81,36.96,27725,10.25,333,16345.0, 58.95,2026-06-10
BLACKBUCK, EQ, 10-Jun-2026,509.35,514.35,540.25,508.95,531.95,530.45,531.46,1080082,5740.25,36679,530736.0, 49.14,2026-06-10
BLACKROSE, EQ, 10-Jun-2026,93.87,94.79,95.74,92.0,92.6,93.4,93.73,19486,18.26,452,6650.0, 34.13,2026-06-10
BLAL, EQ, 10-Jun-2026,181.48,181.48,185.88,179.5,183.98,183.88,182.79,43094,78.77,1517,13870.0, 32.19,2026-06-10
BLBLIMITED, EQ, 10-Jun-2026,16.58,16.31,16.61,16.11,16.3,16.17,16.28,87411,14.23,164,76854.0, 87.92,2026-06-10
BLIL, EQ, 10-Jun-2026,71.18,71.9,71.9,70.0,70.9,70.48,70.83,65754,46.57,1446,49248.0, 74.90,2026-06-10
BLISSGVS, EQ, 10-Jun-2026,421.6,422.0,428.8,408.05,423.45,424.65,421.15,1580660,6656.91,22054,767766.0, 48.57,2026-06-10
BLKASHYAP, EQ, 10-Jun-2026,54.13,54.0,54.62,53.1,54.35,53.63,53.8,134831,72.54,1035,87507.0, 64.90,2026-06-10
BLS, EQ, 10-Jun-2026,264.05,265.5,275.9,251.5,254.25,253.65,263.88,3930795,10372.68,58477,1524255.0, 38.78,2026-06-10
BLSE, EQ, 10-Jun-2026,231.23,231.23,232.7,225.0,225.15,225.9,226.91,207227,470.22,3674,68226.0, 32.92,2026-06-10
BLUECOAST, BE, 10-Jun-2026,29.99,30.7,30.7,28.51,30.5,30.5,30.4,779,0.24,14,, -,2026-06-10
BLUEDART, EQ, 10-Jun-2026,4691.0,4715.9,4869.8,4690.1,4786.0,4756.6,4815.81,24519,1180.79,6149,7006.0, 28.57,2026-06-10
BLUEJET, EQ, 10-Jun-2026,467.9,472.1,488.5,465.35,469.1,469.75,476.63,562850,2682.74,19065,229660.0, 40.80,2026-06-10
BLUEPEBBLE, SM, 10-Jun-2026,85.05,84.1,84.1,77.0,77.6,77.9,79.78,5600,4.47,14,4800.0, 85.71,2026-06-10
BLUESTARCO, EQ, 10-Jun-2026,1570.8,1570.9,1612.4,1566.5,1577.4,1581.7,1588.43,470394,7471.86,27126,230019.0, 48.90,2026-06-10
BLUESTONE, EQ, 10-Jun-2026,528.1,529.85,538.5,518.9,525.7,521.95,531.57,478736,2544.8,11779,194295.0, 40.58,2026-06-10
BLUEWATER, ST, 10-Jun-2026,313.0,306.0,311.9,297.35,311.9,302.95,305.06,20000,61.01,19,19000.0, 95.00,2026-06-10
BLUSPRING, EQ, 10-Jun-2026,90.01,89.9,91.0,85.99,86.08,86.08,87.44,222925,194.93,2847,123840.0, 55.55,2026-06-10
BMETRICS, SM, 10-Jun-2026,35.7,35.15,35.15,35.15,35.15,35.15,35.15,800,0.28,1,800.0, 100.00,2026-06-10
BMLL, ST, 10-Jun-2026,130.15,132.85,132.85,123.65,123.65,124.8,126.75,303000,384.07,65,300000.0, 99.01,2026-06-10
BMWVENTLTD, EQ, 10-Jun-2026,60.83,60.79,61.47,59.51,59.6,59.64,60.04,67142,40.31,450,56680.0, 84.42,2026-06-10
BNAGROCHEM, BE, 10-Jun-2026,262.65,249.55,275.75,249.55,273.0,273.75,268.72,1908,5.13,78,, -,2026-06-10
BODALCHEM, BE, 10-Jun-2026,68.45,68.36,70.95,68.0,68.8,68.98,69.44,81356,56.5,428,, -,2026-06-10
BOHRAIND, EQ, 10-Jun-2026,17.82,18.71,18.71,17.06,17.25,17.79,18.6,1336,0.25,29,1217.0, 91.09,2026-06-10
BOMDYEING, EQ, 10-Jun-2026,128.19,128.19,128.95,123.94,124.3,124.85,126.37,566257,715.59,6730,245755.0, 43.40,2026-06-10
BONLON, EQ, 10-Jun-2026,42.16,43.99,43.99,40.38,40.81,41.16,42.02,8373,3.52,247,5069.0, 60.54,2026-06-10
BORANA, EQ, 10-Jun-2026,320.55,324.1,327.0,318.1,319.95,319.9,322.27,21964,70.78,629,13122.0, 59.74,2026-06-10
BOROLTD, EQ, 10-Jun-2026,220.23,220.99,230.0,218.5,221.0,219.83,222.72,173432,386.26,3408,70509.0, 40.66,2026-06-10
BORORENEW, EQ, 10-Jun-2026,525.05,525.0,542.35,520.0,531.0,531.05,534.24,1134029,6058.39,23271,436654.0, 38.50,2026-06-10
BOROSCI, EQ, 10-Jun-2026,153.69,153.28,157.3,150.46,151.5,151.65,153.54,160786,246.87,2140,71487.0, 44.46,2026-06-10
BOSCH-HCIL, EQ, 10-Jun-2026,1384.0,1384.0,1393.4,1347.1,1350.0,1350.1,1356.03,9432,127.9,778,5004.0, 53.05,2026-06-10
BOSCHLTD, EQ, 10-Jun-2026,37820.0,37800.0,38250.0,37500.0,37800.0,37790.0,37844.41,48524,18363.62,15933,24537.0, 50.57,2026-06-10
BPCL, EQ, 10-Jun-2026,289.1,289.0,290.2,286.3,288.6,288.0,288.29,6874985,19819.94,53330,4103587.0, 59.69,2026-06-10
BPL, EQ, 10-Jun-2026,52.01,51.5,52.49,51.41,51.88,51.56,51.86,20712,10.74,599,10937.0, 52.81,2026-06-10
BRACEPORT, SM, 10-Jun-2026,54.5,52.0,52.0,50.0,50.0,51.0,51.0,3200,1.63,2,3200.0, 100.00,2026-06-10
BRANDMAN, ST, 10-Jun-2026,152.0,151.95,159.5,144.4,158.75,156.65,150.2,53600,80.51,41,44000.0, 82.09,2026-06-10
BRIGADE, EQ, 10-Jun-2026,649.5,649.5,660.0,646.05,647.45,648.2,654.67,137101,897.56,7900,64867.0, 47.31,2026-06-10
BRIGHOTEL, EQ, 10-Jun-2026,63.13,62.89,64.77,62.55,62.99,62.65,62.78,58970,37.02,1013,38040.0, 64.51,2026-06-10
BRITANNIA, EQ, 10-Jun-2026,5107.5,5110.0,5232.0,5103.5,5160.0,5171.0,5192.03,322498,16744.19,35595,151309.0, 46.92,2026-06-10
BRNL, EQ, 10-Jun-2026,19.04,19.04,19.55,18.66,19.05,18.99,19.01,32259,6.13,225,25768.0, 79.88,2026-06-10
BROOKS, BE, 10-Jun-2026,68.23,71.0,71.0,66.55,68.25,67.74,69.25,29803,20.64,239,, -,2026-06-10
BSE, EQ, 10-Jun-2026,3996.3,4012.0,4029.0,3913.1,3935.0,3929.5,3981.99,3009982,119857.2,106264,1029907.0, 34.22,2026-06-10
BSE500IETF, EQ, 10-Jun-2026,37.76,37.79,37.91,37.5,37.55,37.53,37.72,107410,40.51,1419,60223.0, 56.07,2026-06-10
BSHSL, BE, 10-Jun-2026,96.0,96.0,96.75,93.05,94.0,94.01,94.85,3113,2.95,48,, -,2026-06-10
BSL, EQ, 10-Jun-2026,125.06,126.0,127.71,121.5,123.5,122.92,124.23,8635,10.73,217,6152.0, 71.24,2026-06-10
BSLGOLDETF, EQ, 10-Jun-2026,133.3,130.07,130.65,128.8,128.8,129.44,129.53,662840,858.55,3335,455897.0, 68.78,2026-06-10
BSLNIFTY, EQ, 10-Jun-2026,27.14,27.39,27.39,26.91,27.16,27.05,27.19,262314,71.31,5388,141339.0, 53.88,2026-06-10
BSLSENETFG, EQ, 10-Jun-2026,74.07,75.47,75.47,73.11,74.42,74.4,74.75,8940,6.68,152,1604.0, 17.94,2026-06-10
BSOFT, EQ, 10-Jun-2026,319.35,319.35,322.85,314.0,315.0,315.55,318.52,497789,1585.54,12703,191590.0, 38.49,2026-06-10
BTML, EQ, 10-Jun-2026,6.51,6.34,6.66,6.34,6.6,6.61,6.59,170807,11.26,233,124394.0, 72.83,2026-06-10
BTTL, EQ, 10-Jun-2026,34.62,34.5,35.34,34.49,34.5,34.5,34.52,1559,0.54,22,1555.0, 99.74,2026-06-10
BUILDPRO, EQ, 10-Jun-2026,1086.7,1095.4,1120.0,1081.6,1099.1,1085.4,1086.36,15621,169.7,715,11463.0, 73.38,2026-06-10
BUTTERFLY, EQ, 10-Jun-2026,648.05,651.95,658.45,625.0,628.9,630.85,639.52,20201,129.19,1469,8957.0, 44.34,2026-06-10
BVCL, EQ, 10-Jun-2026,41.03,41.8,42.0,41.01,41.5,41.45,41.26,2495,1.03,34,2297.0, 92.06,2026-06-10
BYKE, EQ, 10-Jun-2026,34.71,34.88,35.46,34.34,34.5,34.49,34.75,11359,3.95,93,7657.0, 67.41,2026-06-10
C2C, SM, 10-Jun-2026,356.5,356.5,362.5,347.0,355.8,352.0,356.62,56250,200.6,309,35850.0, 63.73,2026-06-10
CALSOFT, BE, 10-Jun-2026,20.36,20.36,20.88,19.9,20.4,20.37,20.4,51629,10.53,241,, -,2026-06-10
CAMLINFINE, EQ, 10-Jun-2026,133.05,134.96,135.06,126.79,127.5,127.41,130.74,833066,1089.17,9120,381023.0, 45.74,2026-06-10
CAMPUS, EQ, 10-Jun-2026,237.2,238.0,242.05,233.3,235.5,235.15,237.68,207726,493.72,7320,101994.0, 49.10,2026-06-10
CAMS, EQ, 10-Jun-2026,749.7,751.05,754.05,736.35,740.95,741.1,745.97,732480,5464.09,26023,389259.0, 53.14,2026-06-10
CANARYS, SM, 10-Jun-2026,19.4,19.35,19.5,18.95,18.95,19.1,19.26,52000,10.02,12,40000.0, 76.92,2026-06-10
CANBK, EQ, 10-Jun-2026,137.51,137.51,138.26,133.11,133.3,133.46,135.62,39658979,53786.57,91229,21711474.0, 54.75,2026-06-10
CANFINHOME, EQ, 10-Jun-2026,827.0,827.95,851.0,822.65,845.0,845.9,839.81,297828,2501.18,35620,175161.0, 58.81,2026-06-10
CANHLIFE, EQ, 10-Jun-2026,140.33,140.33,142.37,138.31,139.7,140.95,140.56,399545,561.59,7777,177059.0, 44.32,2026-06-10
CANTABIL, EQ, 10-Jun-2026,215.57,215.57,222.0,213.36,219.3,219.96,218.88,122818,268.83,2942,82670.0, 67.31,2026-06-10
CAPACITE, EQ, 10-Jun-2026,220.52,220.25,223.28,215.0,216.6,215.78,218.71,133315,291.57,3153,68462.0, 51.35,2026-06-10
CAPILLARY, EQ, 10-Jun-2026,500.05,500.05,508.0,500.0,505.95,504.35,503.32,12478,62.8,521,7580.0, 60.75,2026-06-10
CAPINVIT, IV, 10-Jun-2026,71.53,71.59,72.2,71.11,71.65,71.64,71.78,292160,209.72,1383,277588.0, 95.01,2026-06-10
CAPITALSFB, EQ, 10-Jun-2026,273.05,274.85,282.95,274.4,276.0,275.2,278.88,25475,71.04,1096,14461.0, 56.77,2026-06-10
CAPLIPOINT, EQ, 10-Jun-2026,2255.2,2260.8,2409.0,2240.4,2325.0,2309.4,2363.91,861544,20366.1,71298,168740.0, 19.59,2026-06-10
CAPTRUST, BE, 10-Jun-2026,13.78,13.78,13.78,13.1,13.1,13.1,13.23,13054,1.73,128,, -,2026-06-10
CARBORUNIV, EQ, 10-Jun-2026,1040.1,1030.2,1050.0,1001.1,1025.0,1016.4,1020.63,114586,1169.5,8886,55447.0, 48.39,2026-06-10
CARERATING, EQ, 10-Jun-2026,1625.0,1630.0,1661.7,1615.1,1619.9,1629.0,1642.67,32054,526.54,3599,12740.0, 39.75,2026-06-10
CARRARO, EQ, 10-Jun-2026,520.4,524.55,524.55,510.5,513.0,515.75,518.54,39386,204.23,2570,19990.0, 50.75,2026-06-10
CARTRADE, EQ, 10-Jun-2026,2187.6,2190.6,2494.9,2160.8,2432.0,2451.4,2411.99,7677237,185173.84,350355,624218.0, 8.13,2026-06-10
CARYSIL, EQ, 10-Jun-2026,1123.6,1127.8,1200.0,1101.3,1199.9,1191.9,1175.04,665811,7823.57,32061,269733.0, 40.51,2026-06-10
CASHIETF, EQ, 10-Jun-2026,1065.62,1065.76,1065.78,1065.76,1065.78,1065.77,1065.78,134550,1434.0,149,117984.0, 87.69,2026-06-10
CASTROLIND, EQ, 10-Jun-2026,182.51,182.1,183.38,182.1,182.25,182.59,182.66,614955,1123.27,12510,451357.0, 73.40,2026-06-10
CBAZAAR, SM, 10-Jun-2026,4.0,4.05,4.05,4.05,4.05,4.05,4.05,8000,0.32,1,8000.0, 100.00,2026-06-10
CCAVENUE, EQ, 10-Jun-2026,13.7,13.75,13.79,13.55,13.57,13.58,13.65,4856279,662.8,9222,2932360.0, 60.38,2026-06-10
CCCL, EQ, 10-Jun-2026,15.07,15.17,15.17,14.62,14.99,14.86,14.88,126141,18.78,435,101331.0, 80.33,2026-06-10
CCHHL, EQ, 10-Jun-2026,12.88,12.64,13.67,12.64,12.93,13.05,13.06,48457,6.33,166,44220.0, 91.26,2026-06-10
CCL, EQ, 10-Jun-2026,1149.1,1151.9,1236.2,1151.9,1191.0,1193.4,1207.6,2727692,32939.73,117576,315920.0, 11.58,2026-06-10
CDSL, EQ, 10-Jun-2026,1212.3,1212.3,1221.0,1197.1,1200.5,1200.9,1209.43,1060031,12820.32,30841,352452.0, 33.25,2026-06-10
CEATLTD, EQ, 10-Jun-2026,3137.3,3150.0,3169.0,3102.0,3121.0,3117.6,3127.39,67226,2102.42,11350,30315.0, 45.09,2026-06-10
CEDAAR, SM, 10-Jun-2026,23.8,23.5,23.5,22.65,23.0,23.0,22.94,12000,2.75,11,12000.0, 100.00,2026-06-10
CEIGALL, EQ, 10-Jun-2026,366.4,368.0,374.85,356.45,363.0,360.85,366.72,856782,3141.96,16456,187883.0, 21.93,2026-06-10
CEINSYS, EQ, 10-Jun-2026,940.55,940.0,954.15,916.0,917.3,920.8,925.73,37629,348.34,2032,22779.0, 60.54,2026-06-10
CELEBRITY, EQ, 10-Jun-2026,7.5,7.51,7.85,7.37,7.44,7.46,7.58,37898,2.87,168,20515.0, 54.13,2026-06-10
CELLECOR, ST, 10-Jun-2026,36.5,36.0,36.25,35.45,35.5,35.75,35.81,78000,27.93,24,66000.0, 84.62,2026-06-10
CELLO, EQ, 10-Jun-2026,381.25,380.05,385.8,375.0,375.45,376.6,379.44,73895,280.39,6394,33822.0, 45.77,2026-06-10
CELLPOINT, SM, 10-Jun-2026,15.1,15.25,15.6,15.25,15.6,15.4,15.43,2400,0.37,2,2400.0, 100.00,2026-06-10
CEMPRO, EQ, 10-Jun-2026,1203.8,1240.0,1257.4,1211.1,1234.0,1237.1,1236.26,2035514,25164.16,82310,635732.0, 31.23,2026-06-10
CENTENKA, EQ, 10-Jun-2026,507.85,513.0,513.0,500.0,504.95,502.5,503.7,38770,195.28,1458,21440.0, 55.30,2026-06-10
CENTEXT, EQ, 10-Jun-2026,19.54,19.21,20.3,19.21,19.51,19.53,19.75,107315,21.2,974,49760.0, 46.37,2026-06-10
CENTRALBK, EQ, 10-Jun-2026,31.08,31.17,31.38,30.62,30.79,30.76,31.03,9926690,3080.4,23563,5051955.0, 50.89,2026-06-10
CENTRUM, EQ, 10-Jun-2026,21.77,22.3,22.3,21.61,21.96,21.75,21.84,166467,36.36,546,139303.0, 83.68,2026-06-10
CENTUM, EQ, 10-Jun-2026,3355.2,3378.0,3399.0,3250.0,3320.1,3304.0,3325.04,51772,1721.44,9600,18531.0, 35.79,2026-06-10
CENTURYPLY, EQ, 10-Jun-2026,749.7,750.0,767.75,739.95,744.05,743.0,748.05,88771,664.05,6877,35620.0, 40.13,2026-06-10
CERA, EQ, 10-Jun-2026,5835.0,5835.0,5989.0,5770.0,5845.0,5869.5,5919.61,38007,2249.86,8921,15991.0, 42.07,2026-06-10
CEREBRAINT, BZ, 10-Jun-2026,3.59,3.75,3.75,3.65,3.71,3.67,3.69,105040,3.87,203,, -,2026-06-10
CESC, EQ, 10-Jun-2026,171.68,172.0,172.52,167.0,167.5,168.2,169.37,1011220,1712.69,15648,570820.0, 56.45,2026-06-10
CEWATER, EQ, 10-Jun-2026,258.1,257.05,280.0,255.0,255.0,257.0,268.43,229435,615.88,8647,50475.0, 22.00,2026-06-10
CGCL, EQ, 10-Jun-2026,203.2,203.5,204.64,200.48,201.0,201.72,202.2,1570719,3175.94,13284,463481.0, 29.51,2026-06-10
CGPOWER, EQ, 10-Jun-2026,911.2,911.2,924.5,899.15,908.0,908.1,912.46,3175483,28974.98,71204,1312378.0, 41.33,2026-06-10
CGRAPHICS, SM, 10-Jun-2026,149.0,149.7,150.0,146.5,148.8,147.65,148.62,16800,24.97,19,14400.0, 85.71,2026-06-10
CHALET, EQ, 10-Jun-2026,759.6,764.7,774.3,741.0,741.0,743.9,752.53,72467,545.33,9058,33919.0, 46.81,2026-06-10
CHAMBLFERT, EQ, 10-Jun-2026,454.75,461.0,479.9,460.0,477.05,477.65,476.02,4969287,23655.0,67051,1303241.0, 26.23,2026-06-10
CHAMUNDA, SM, 10-Jun-2026,39.6,39.0,39.8,38.7,39.05,39.05,39.1,21000,8.21,7,18000.0, 85.71,2026-06-10
CHANDAN, SM, 10-Jun-2026,237.25,238.5,238.5,225.25,229.95,228.65,230.99,29600,68.37,31,20000.0, 67.57,2026-06-10
CHAVDA, SM, 10-Jun-2026,88.2,88.0,88.0,86.0,87.0,86.8,87.2,9000,7.85,9,8000.0, 88.89,2026-06-10
CHEMBOND, BE, 10-Jun-2026,155.71,156.0,156.0,150.3,155.98,154.04,154.88,1664,2.58,57,, -,2026-06-10
CHEMBONDCH, BE, 10-Jun-2026,170.7,174.99,175.0,170.15,174.75,174.72,173.11,3740,6.47,78,, -,2026-06-10
CHEMCON, EQ, 10-Jun-2026,205.94,205.0,207.89,195.0,196.4,195.78,198.81,109110,216.92,3776,42310.0, 38.78,2026-06-10
CHEMFAB, BE, 10-Jun-2026,405.0,395.0,410.0,395.0,404.95,404.95,395.57,546,2.16,27,, -,2026-06-10
CHEMICAL, EQ, 10-Jun-2026,29.28,29.29,29.58,29.04,29.28,29.12,29.31,847847,248.52,934,726197.0, 85.65,2026-06-10
CHEMPLASTS, EQ, 10-Jun-2026,197.48,200.0,209.25,197.86,198.5,200.22,203.89,438233,893.5,10747,169144.0, 38.60,2026-06-10
CHENNPETRO, EQ, 10-Jun-2026,1226.4,1231.2,1249.0,1175.7,1180.0,1184.3,1217.31,1398690,17026.35,45829,437601.0, 31.29,2026-06-10
CHETANA, ST, 10-Jun-2026,49.0,49.0,49.0,46.55,46.55,46.55,46.91,24000,11.26,14,22400.0, 93.33,2026-06-10
CHEVIOT, EQ, 10-Jun-2026,1085.7,1089.9,1096.0,1083.0,1083.0,1083.5,1086.92,784,8.52,139,542.0, 69.13,2026-06-10
CHOICEGOLD, EQ, 10-Jun-2026,150.08,150.08,150.08,145.46,145.74,145.64,146.18,7921,11.58,294,4076.0, 51.46,2026-06-10
CHOICEIN, EQ, 10-Jun-2026,652.85,652.95,656.8,637.3,638.1,640.8,647.51,419654,2717.32,11786,115486.0, 27.52,2026-06-10
CHOLAFIN, EQ, 10-Jun-2026,1495.4,1489.7,1517.4,1466.2,1473.7,1472.6,1493.8,1771871,26468.29,54893,1039955.0, 58.69,2026-06-10
CHOLAHLDNG, EQ, 10-Jun-2026,1458.1,1447.9,1465.0,1425.0,1437.4,1431.3,1436.81,78624,1129.68,24671,40248.0, 51.19,2026-06-10
CIEINDIA, EQ, 10-Jun-2026,440.4,442.5,442.5,432.05,435.05,435.25,437.69,92846,406.38,11094,51738.0, 55.72,2026-06-10
CIFL, EQ, 10-Jun-2026,23.36,24.85,24.85,23.19,23.54,23.24,23.31,24181,5.64,374,13018.0, 53.84,2026-06-10
CINELINE, EQ, 10-Jun-2026,78.55,78.55,79.99,78.01,78.37,78.37,79.06,8672,6.86,159,7326.0, 84.48,2026-06-10
CINEVISTA, EQ, 10-Jun-2026,16.2,16.19,16.4,15.7,16.0,15.71,15.96,7377,1.18,99,6246.0, 84.67,2026-06-10
CIPLA, EQ, 10-Jun-2026,1376.5,1374.0,1391.4,1371.1,1375.6,1377.0,1381.04,962642,13294.49,37993,528419.0, 54.89,2026-06-10
CITIUSINVT, IV, 10-Jun-2026,106.33,107.24,107.24,106.17,106.5,106.2,106.52,31273,33.31,250,22344.0, 71.45,2026-06-10
CKKRETAIL, SM, 10-Jun-2026,140.45,144.5,144.5,140.0,140.0,140.0,140.38,48000,67.38,35,39200.0, 81.67,2026-06-10
CLASSICEIL, ST, 10-Jun-2026,44.35,45.75,45.85,42.5,42.55,43.3,43.69,14400,6.29,8,14400.0, 100.00,2026-06-10
CLEAN, EQ, 10-Jun-2026,767.5,770.0,781.7,743.35,749.0,752.55,765.77,116627,893.1,7217,49086.0, 42.09,2026-06-10
CLEANMAX, EQ, 10-Jun-2026,1232.4,1350.0,1421.2,1261.1,1364.9,1335.5,1332.87,2507353,33419.67,124000,411823.0, 16.42,2026-06-10
CLEDUCATE, BE, 10-Jun-2026,56.08,56.0,56.0,56.0,56.0,56.0,56.0,16070,9.0,47,, -,2026-06-10
CLSEL, EQ, 10-Jun-2026,272.25,272.25,272.95,266.3,268.95,267.9,269.19,29977,80.7,700,21036.0, 70.17,2026-06-10
CMNL, SM, 10-Jun-2026,106.35,106.35,106.35,106.0,106.0,106.0,106.09,3000,3.18,3,3000.0, 100.00,2026-06-10
CMPDI, EQ, 10-Jun-2026,244.18,245.0,248.26,229.0,230.69,230.39,237.8,3198840,7606.72,26700,1438837.0, 44.98,2026-06-10
CMRGREEN, EQ, 10-Jun-2026,192.0,268.0,268.96,241.2,241.2,241.2,256.51,39084092,100255.66,358104,17597835.0, 45.03,2026-06-10
CMRSL, SM, 10-Jun-2026,65.0,68.25,68.25,68.25,68.25,68.25,68.25,4800,3.28,6,4800.0, 100.00,2026-06-10
CMSINFO, EQ, 10-Jun-2026,294.6,295.3,297.7,290.1,294.5,290.85,292.93,276791,810.79,17238,162913.0, 58.86,2026-06-10
CNL, EQ, 10-Jun-2026,696.45,696.45,750.1,686.35,691.35,693.95,721.7,84008,606.28,3997,40218.0, 47.87,2026-06-10
COALINDIA, EQ, 10-Jun-2026,466.9,465.2,467.4,450.2,451.3,451.0,457.9,8127902,37217.43,93837,4778491.0, 58.79,2026-06-10
COASTCORP, EQ, 10-Jun-2026,48.43,48.78,48.78,46.1,46.7,46.41,47.16,111358,52.51,1709,50442.0, 45.30,2026-06-10
COCHINSHIP, EQ, 10-Jun-2026,1441.2,1439.9,1449.1,1400.0,1405.0,1404.2,1424.09,730390,10401.42,29962,271735.0, 37.20,2026-06-10
COCKERILL, EQ, 10-Jun-2026,9883.5,10012.0,10871.5,10012.0,10401.0,10290.5,10429.7,92584,9656.23,23748,23358.0, 25.23,2026-06-10
COFFEEDAY, BE, 10-Jun-2026,34.76,34.3,34.8,33.03,33.03,33.13,33.73,1179943,397.97,2678,, -,2026-06-10
COFORGE, EQ, 10-Jun-2026,1412.0,1414.9,1434.6,1398.3,1400.8,1402.7,1412.48,1190652,16817.66,47996,403183.0, 33.86,2026-06-10
COHANCE, EQ, 10-Jun-2026,431.9,436.0,440.95,424.65,432.2,430.5,434.58,573417,2491.97,24472,225880.0, 39.39,2026-06-10
COLPAL, EQ, 10-Jun-2026,2023.4,2024.3,2100.0,2024.3,2058.3,2056.3,2076.73,1111107,23074.71,51139,339841.0, 30.59,2026-06-10
COMFINTE, EQ, 10-Jun-2026,5.99,6.01,6.09,5.9,6.02,5.97,6.02,88335,5.31,303,74711.0, 84.58,2026-06-10
COMMOIETF, EQ, 10-Jun-2026,101.39,101.31,101.39,99.56,100.1,99.81,100.61,96038,96.63,3205,42190.0, 43.93,2026-06-10
COMPINFO, BZ, 10-Jun-2026,1.37,1.31,1.43,1.31,1.32,1.32,1.38,117267,1.62,75,, -,2026-06-10
COMPUSOFT, EQ, 10-Jun-2026,13.91,13.9,13.97,13.52,13.67,13.63,13.68,9443,1.29,107,8256.0, 87.43,2026-06-10
COMSYN, EQ, 10-Jun-2026,161.89,164.9,171.0,161.41,168.05,169.05,166.81,159306,265.74,1813,105635.0, 66.31,2026-06-10
CONCOR, EQ, 10-Jun-2026,452.95,454.0,454.2,442.8,443.8,445.5,448.34,1089181,4883.19,27573,617021.0, 56.65,2026-06-10
CONCORDBIO, EQ, 10-Jun-2026,1272.2,1284.0,1349.9,1282.6,1319.8,1330.7,1331.06,1214704,16168.44,73415,259375.0, 21.35,2026-06-10
CONFIPET, EQ, 10-Jun-2026,75.5,75.98,75.98,71.61,73.1,72.92,73.38,3058277,2244.27,13949,1371830.0, 44.86,2026-06-10
CONNPLEX, SM, 10-Jun-2026,221.1,228.0,228.0,220.0,220.5,221.55,221.33,72000,159.36,29,64000.0, 88.89,2026-06-10
CONS, EQ, 10-Jun-2026,11.44,11.44,11.53,11.37,11.53,11.41,11.49,13438,1.54,137,7841.0, 58.35,2026-06-10
CONSOFINVT, EQ, 10-Jun-2026,226.44,237.0,237.0,212.9,216.5,221.27,226.88,13494,30.62,350,8151.0, 60.40,2026-06-10
CONSUMBEES, EQ, 10-Jun-2026,123.83,123.82,124.78,123.04,123.24,123.23,124.06,94109,116.75,892,55188.0, 58.64,2026-06-10
CONSUMER, EQ, 10-Jun-2026,10.83,10.82,10.89,10.69,10.73,10.72,10.79,43549,4.7,338,30035.0, 68.97,2026-06-10
CONSUMIETF, EQ, 10-Jun-2026,114.89,115.45,115.91,114.48,115.5,114.58,115.34,12623,14.56,261,9281.0, 73.52,2026-06-10
CONTROLPR, EQ, 10-Jun-2026,599.05,599.05,615.25,598.95,608.75,606.55,607.16,14067,85.41,1439,6831.0, 48.56,2026-06-10
COOLCAPS, SM, 10-Jun-2026,25.2,26.9,26.9,23.0,25.5,25.45,25.52,163750,41.79,92,115000.0, 70.23,2026-06-10
CORALFINAC, EQ, 10-Jun-2026,31.56,31.95,32.37,31.04,31.8,31.5,31.57,7567,2.39,128,4360.0, 57.62,2026-06-10
CORDSCABLE, BE, 10-Jun-2026,209.42,208.39,211.5,202.6,203.0,203.54,206.63,17484,36.13,329,, -,2026-06-10
COROMANDEL, EQ, 10-Jun-2026,1807.1,1815.5,1889.9,1809.8,1882.0,1880.7,1871.68,623772,11675.01,44079,287576.0, 46.10,2026-06-10
CORONA, EQ, 10-Jun-2026,1770.9,1783.7,1803.9,1726.0,1740.0,1734.4,1765.62,14159,249.99,2785,6970.0, 49.23,2026-06-10
COSMOFIRST, EQ, 10-Jun-2026,741.35,746.5,774.85,737.05,746.95,747.0,755.88,94011,710.61,4186,40330.0, 42.90,2026-06-10
COUNCODOS, EQ, 10-Jun-2026,4.93,4.99,5.0,4.67,4.7,4.85,4.93,10448,0.52,123,6360.0, 60.87,2026-06-10
CPCAP, BE, 10-Jun-2026,91.44,95.49,95.49,89.0,91.15,91.68,91.87,96040,88.23,201,, -,2026-06-10
CPEDU, EQ, 10-Jun-2026,175.75,176.11,180.0,173.0,174.99,174.46,176.33,5185,9.14,127,4159.0, 80.21,2026-06-10
CPPLUS, EQ, 10-Jun-2026,3482.2,3502.0,3545.0,3425.0,3430.0,3437.0,3475.42,186996,6498.89,34711,83595.0, 44.70,2026-06-10
CPS, SM, 10-Jun-2026,975.0,945.0,951.0,940.0,940.0,940.0,941.83,1800,16.95,10,1800.0, 100.00,2026-06-10
CPSEETF, EQ, 10-Jun-2026,99.21,101.69,101.69,97.54,97.9,97.69,98.36,1497383,1472.76,13443,1044343.0, 69.74,2026-06-10
CRAFTSMAN, EQ, 10-Jun-2026,9126.5,9154.0,9154.0,8934.0,8971.0,8986.5,9017.11,63168,5695.93,7408,44548.0, 70.52,2026-06-10
CRAMC, EQ, 10-Jun-2026,245.23,245.23,249.75,240.25,241.48,241.72,244.96,166980,409.04,5470,79030.0, 47.33,2026-06-10
CRAYONS, SM, 10-Jun-2026,29.5,29.5,30.95,29.5,30.95,30.65,30.75,39000,11.99,17,39000.0, 100.00,2026-06-10
CREATIVEYE, EQ, 10-Jun-2026,6.43,6.43,6.45,5.56,6.32,6.04,6.0,28517,1.71,103,21774.0, 76.35,2026-06-10
CREDITACC, EQ, 10-Jun-2026,1270.4,1268.1,1273.9,1263.0,1268.0,1267.8,1268.63,96747,1227.36,17340,62467.0, 64.57,2026-06-10
CREST, EQ, 10-Jun-2026,362.4,364.95,381.65,361.0,379.0,379.7,375.36,18956,71.15,500,10420.0, 54.97,2026-06-10
CRISIL, EQ, 10-Jun-2026,3859.2,3825.5,4077.0,3825.5,3992.0,4003.3,4011.57,158230,6347.5,28854,53574.0, 33.86,2026-06-10
CRIZAC, EQ, 10-Jun-2026,212.26,210.22,215.83,207.0,207.0,207.89,210.91,136719,288.35,4243,72801.0, 53.25,2026-06-10
CROMPTON, EQ, 10-Jun-2026,260.45,261.0,262.3,254.0,255.2,254.65,257.23,2749733,7073.25,28707,1625120.0, 59.10,2026-06-10
CROWN, EQ, 10-Jun-2026,110.07,112.0,112.0,108.0,108.0,109.14,109.08,6093,6.65,179,4185.0, 68.69,2026-06-10
CSBBANK, EQ, 10-Jun-2026,353.05,354.1,371.8,354.05,360.0,362.05,366.14,731586,2678.63,18273,336184.0, 45.95,2026-06-10
CSLFINANCE, EQ, 10-Jun-2026,222.7,222.66,224.99,222.0,224.9,223.36,223.55,3572,7.99,143,2163.0, 60.55,2026-06-10
CSSL, SM, 10-Jun-2026,99.6,101.0,101.5,100.0,100.0,100.1,100.78,6000,6.05,6,5000.0, 83.33,2026-06-10
CTE, EQ, 10-Jun-2026,32.33,33.32,33.32,31.62,31.62,31.67,32.44,3257,1.06,33,3203.0, 98.34,2026-06-10
CUB, EQ, 10-Jun-2026,256.4,258.95,262.4,250.2,253.75,253.15,254.56,3538216,9006.83,54095,2338972.0, 66.11,2026-06-10
CUBEINVIT, IV, 10-Jun-2026,148.5,148.01,148.25,148.01,148.25,148.25,148.23,300000,444.69,4,300000.0, 100.00,2026-06-10
CUBEXTUB, EQ, 10-Jun-2026,85.57,85.1,86.46,83.9,84.5,84.74,85.26,32927,28.07,817,19669.0, 59.74,2026-06-10
CUDML, ST, 10-Jun-2026,174.0,182.7,182.7,182.7,182.7,182.7,182.7,25000,45.68,25,25000.0, 100.00,2026-06-10
CUMMINSIND, EQ, 10-Jun-2026,5625.5,5626.0,5699.0,5560.0,5620.0,5609.5,5627.4,276872,15580.69,29029,121031.0, 43.71,2026-06-10
CUPID, EQ, 10-Jun-2026,145.86,147.0,151.0,146.72,150.98,150.59,149.87,23289241,34904.14,95290,8210058.0, 35.25,2026-06-10
CURAA, EQ, 10-Jun-2026,78.58,84.4,85.0,78.58,79.5,79.17,83.29,2354,1.96,51,1898.0, 80.63,2026-06-10
CURIS, SM, 10-Jun-2026,110.0,106.75,109.5,106.75,109.5,109.45,108.33,4000,4.33,4,1000.0, 25.00,2026-06-10
CURRENT, SM, 10-Jun-2026,113.5,111.65,111.65,111.65,111.65,111.65,111.65,3200,3.57,2,1600.0, 50.00,2026-06-10
CYBERMEDIA, BE, 10-Jun-2026,16.42,17.19,17.19,16.01,16.91,16.96,16.84,4448,0.75,46,, -,2026-06-10
CYBERTECH, EQ, 10-Jun-2026,137.71,139.0,140.0,135.05,137.0,136.12,136.93,22729,31.12,613,12860.0, 56.58,2026-06-10
CYIENT, EQ, 10-Jun-2026,864.0,865.6,873.85,845.35,849.85,848.9,858.77,349230,2999.08,24446,233655.0, 66.91,2026-06-10
CYIENTDLM, EQ, 10-Jun-2026,443.65,446.0,452.35,431.8,439.0,436.55,439.34,206316,906.42,9476,115423.0, 55.94,2026-06-10
DABUR, EQ, 10-Jun-2026,426.15,427.0,438.75,426.7,426.9,427.9,432.89,2288936,9908.63,35800,579462.0, 25.32,2026-06-10
DAICHI, EQ, 10-Jun-2026,231.99,234.95,239.99,229.9,230.0,232.5,233.95,2554,5.98,105,2050.0, 80.27,2026-06-10
DALBHARAT, EQ, 10-Jun-2026,1651.7,1651.7,1670.8,1629.9,1634.0,1637.9,1652.98,177500,2934.04,10694,96398.0, 54.31,2026-06-10
DALMIASUG, EQ, 10-Jun-2026,335.65,335.65,337.85,328.1,329.6,330.65,332.31,78461,260.73,2349,35706.0, 45.51,2026-06-10
DAMCAPITAL, EQ, 10-Jun-2026,148.75,148.75,149.87,143.66,144.9,144.59,146.39,144086,210.93,3184,62622.0, 43.46,2026-06-10
DAMODARIND, EQ, 10-Jun-2026,30.15,31.15,31.15,29.35,30.05,30.28,30.26,1845,0.56,74,990.0, 53.66,2026-06-10
DANGEE, EQ, 10-Jun-2026,3.28,3.33,3.33,3.16,3.24,3.23,3.22,69324,2.23,114,30700.0, 44.28,2026-06-10
DANISH, SM, 10-Jun-2026,906.2,900.0,900.0,847.05,850.25,852.75,867.67,23250,201.73,132,16950.0, 72.90,2026-06-10
DATAMATICS, EQ, 10-Jun-2026,776.25,782.5,799.0,762.0,764.0,766.2,784.49,77824,610.52,2974,29459.0, 37.85,2026-06-10
DATAPATTNS, EQ, 10-Jun-2026,4558.5,4600.0,4722.0,4335.0,4358.0,4353.8,4461.54,2525116,112659.06,185459,460050.0, 18.22,2026-06-10
DAVANGERE, EQ, 10-Jun-2026,3.7,3.7,3.75,3.54,3.58,3.56,3.6,9531590,343.01,3235,6839743.0, 71.76,2026-06-10
DBCORP, EQ, 10-Jun-2026,203.42,203.0,203.01,200.55,201.5,201.57,201.88,38657,78.04,1446,18711.0, 48.40,2026-06-10
DBEIL, BE, 10-Jun-2026,81.0,80.99,81.73,79.01,80.0,79.43,80.01,11100,8.88,132,, -,2026-06-10
DBL, EQ, 10-Jun-2026,436.5,436.5,447.9,430.35,432.5,432.15,437.06,164067,717.06,5871,91606.0, 55.83,2026-06-10
DBOL, BE, 10-Jun-2026,109.72,111.95,111.95,106.15,108.44,107.07,108.44,20536,22.27,179,, -,2026-06-10
DBREALTY, BE, 10-Jun-2026,111.29,112.68,112.79,105.73,106.5,105.8,107.84,585494,631.42,2496,, -,2026-06-10
DBSTOCKBRO, EQ, 10-Jun-2026,30.17,30.17,36.2,30.0,31.0,31.42,31.83,13906,4.43,260,9927.0, 71.39,2026-06-10
DCAL, EQ, 10-Jun-2026,187.92,191.1,191.1,180.25,180.25,181.41,185.16,215626,399.26,3720,119749.0, 55.54,2026-06-10
DCBBANK, EQ, 10-Jun-2026,177.61,177.48,180.85,176.4,177.71,177.02,178.83,704151,1259.21,17250,371882.0, 52.81,2026-06-10
DCCL, SM, 10-Jun-2026,41.8,43.5,43.5,43.4,43.4,43.4,43.47,6000,2.61,3,6000.0, 100.00,2026-06-10
DCG, SM, 10-Jun-2026,55.5,54.15,60.9,54.15,59.2,59.8,58.66,20400,11.97,17,16800.0, 82.35,2026-06-10
DCI, BE, 10-Jun-2026,269.5,269.5,276.0,265.2,265.2,267.75,273.78,21971,60.15,90,, -,2026-06-10
DCM, EQ, 10-Jun-2026,93.25,93.25,95.0,92.0,92.99,92.85,93.1,9824,9.15,105,7450.0, 75.83,2026-06-10
DCMFINSERV, BE, 10-Jun-2026,5.6,5.5,5.62,5.5,5.62,5.62,5.51,471,0.03,10,, -,2026-06-10
DCMNVL, BE, 10-Jun-2026,166.0,165.8,170.0,162.1,165.0,163.96,166.44,5696,9.48,52,, -,2026-06-10
DCMSHRIRAM, EQ, 10-Jun-2026,1025.2,1020.1,1040.9,1016.7,1029.0,1032.5,1030.8,34880,359.54,4190,23149.0, 66.37,2026-06-10
DCMSIL, BE, 10-Jun-2026,68.83,67.46,67.46,67.46,67.46,67.46,67.46,8691,5.86,40,, -,2026-06-10
DCMSRIND, EQ, 10-Jun-2026,40.45,41.44,41.44,37.79,37.9,38.13,38.69,154682,59.84,797,117758.0, 76.13,2026-06-10
DCW, EQ, 10-Jun-2026,47.37,47.51,47.9,45.7,46.0,46.02,46.57,752445,350.41,3109,376648.0, 50.06,2026-06-10
DCXINDIA, EQ, 10-Jun-2026,189.97,190.74,191.98,181.1,182.09,181.87,184.17,880070,1620.8,12003,388291.0, 44.12,2026-06-10
DDEVPLSTIK, EQ, 10-Jun-2026,253.16,253.0,261.95,249.98,251.0,250.85,253.36,217860,551.97,3194,148228.0, 68.04,2026-06-10
DECCANCE, EQ, 10-Jun-2026,577.0,577.85,581.4,571.05,575.0,572.95,576.0,4875,28.08,260,3093.0, 63.45,2026-06-10
DECCANTRAN, SM, 10-Jun-2026,23.0,23.8,26.0,23.8,23.8,23.8,25.19,16800,4.23,14,13200.0, 78.57,2026-06-10
DECNGOLD, EQ, 10-Jun-2026,166.75,169.0,174.4,156.6,157.49,158.56,165.27,2592555,4284.63,22545,999776.0, 38.56,2026-06-10
DEEDEV, BE, 10-Jun-2026,688.7,688.0,688.0,654.3,654.3,654.3,657.39,200815,1320.15,2842,, -,2026-06-10
DEEM, SM, 10-Jun-2026,52.6,50.25,50.25,50.25,50.25,50.25,50.25,1000,0.5,1,1000.0, 100.00,2026-06-10
DEEPAKFERT, EQ, 10-Jun-2026,1518.6,1531.9,1556.2,1475.0,1497.9,1494.9,1520.73,629479,9572.69,37539,254155.0, 40.38,2026-06-10
DEEPAKNTR, EQ, 10-Jun-2026,1678.3,1692.0,1702.0,1657.1,1670.0,1664.7,1674.23,69608,1165.4,9156,25403.0, 36.49,2026-06-10
DEEPINDS, EQ, 10-Jun-2026,519.3,524.45,524.45,494.5,498.0,497.55,504.33,220477,1111.94,7675,116714.0, 52.94,2026-06-10
DEFENCE, EQ, 10-Jun-2026,76.21,76.52,76.69,74.5,74.8,74.98,75.24,248670,187.09,823,217531.0, 87.48,2026-06-10
DELAPLEX, SM, 10-Jun-2026,101.7,97.05,98.15,97.0,97.4,97.85,97.55,7200,7.02,10,6000.0, 83.33,2026-06-10
DELHIVERY, EQ, 10-Jun-2026,439.4,438.8,441.45,429.3,432.0,431.1,434.99,2213551,9628.74,20468,1164910.0, 52.63,2026-06-10
DELPHIFX, EQ, 10-Jun-2026,9.11,8.99,8.99,7.29,8.1,8.19,8.36,1638077,136.87,1581,1258799.0, 76.85,2026-06-10
DELTACORP, EQ, 10-Jun-2026,65.36,65.78,66.0,63.12,63.33,64.0,64.43,2914024,1877.54,11231,1038447.0, 35.64,2026-06-10
DELTAMAGNT, EQ, 10-Jun-2026,60.8,59.0,61.92,58.2,58.2,58.6,58.86,4879,2.87,80,4133.0, 84.71,2026-06-10
DELTIC, ST, 10-Jun-2026,39.0,37.95,39.8,37.95,39.55,39.55,39.49,13000,5.13,5,13000.0, 100.00,2026-06-10
DEN, EQ, 10-Jun-2026,27.12,27.12,27.38,26.8,26.93,26.91,26.97,245703,66.26,1139,138927.0, 56.54,2026-06-10
DENEERS, SM, 10-Jun-2026,225.95,225.0,237.0,222.0,226.0,226.0,229.95,30000,68.98,36,18600.0, 62.00,2026-06-10
DENORA, EQ, 10-Jun-2026,767.1,755.3,780.9,755.0,756.1,757.15,768.34,5239,40.25,437,3640.0, 69.48,2026-06-10
DENTA, EQ, 10-Jun-2026,246.6,246.5,248.0,243.0,243.05,243.45,244.5,53902,131.79,1531,28169.0, 52.26,2026-06-10
DENTALKART, SM, 10-Jun-2026,399.9,399.9,401.0,385.0,385.0,386.3,390.74,29500,115.27,67,21500.0, 72.88,2026-06-10
DEVIT, EQ, 10-Jun-2026,28.65,28.89,28.89,27.5,27.8,27.89,27.98,31792,8.89,838,19186.0, 60.35,2026-06-10
DEVX, EQ, 10-Jun-2026,36.62,37.19,37.8,36.0,36.0,36.71,36.9,102677,37.89,415,72860.0, 70.96,2026-06-10
DEVYANI, EQ, 10-Jun-2026,111.06,111.42,114.39,108.31,108.8,109.47,111.31,1316980,1465.98,18545,483309.0, 36.70,2026-06-10
DGCONTENT, EQ, 10-Jun-2026,26.77,26.5,26.5,25.41,25.5,25.53,25.6,115336,29.53,173,107168.0, 92.92,2026-06-10
DHAMPURSUG, EQ, 10-Jun-2026,143.76,143.99,145.9,140.65,141.0,141.33,142.23,113541,161.49,2035,47860.0, 42.15,2026-06-10
DHANBANK, EQ, 10-Jun-2026,33.08,33.49,33.49,31.8,31.8,32.06,32.43,762890,247.38,2985,378249.0, 49.58,2026-06-10
DHANLAXMI, SM, 10-Jun-2026,28.05,29.45,29.45,29.45,29.45,29.45,29.45,2000,0.59,1,2000.0, 100.00,2026-06-10
DHANSA, ST, 10-Jun-2026,22.8,21.7,21.75,21.7,21.7,21.7,21.71,10000,2.17,5,8000.0, 80.00,2026-06-10
DHANUKA, EQ, 10-Jun-2026,1087.1,1087.1,1106.7,1055.0,1055.6,1062.5,1077.58,33747,363.65,2362,13453.0, 39.86,2026-06-10
DHARAN, BZ, 10-Jun-2026,0.14,0.15,0.15,0.14,0.15,0.14,0.15,11017339,16.23,1417,, -,2026-06-10
DHARARAIL, SM, 10-Jun-2026,169.0,168.95,172.5,154.0,156.45,156.05,161.48,91000,146.95,84,63000.0, 69.23,2026-06-10
DHARMAJ, EQ, 10-Jun-2026,274.25,273.2,277.65,273.2,275.0,275.05,275.09,10017,27.56,758,6376.0, 63.65,2026-06-10
DHRUV, BE, 10-Jun-2026,27.51,27.51,27.97,27.0,27.5,27.5,27.45,3779,1.04,29,, -,2026-06-10
DHUNINV, EQ, 10-Jun-2026,788.3,780.0,797.0,777.0,777.0,781.5,784.97,629,4.94,80,500.0, 79.49,2026-06-10
DIACABS, EQ, 10-Jun-2026,202.47,204.99,205.65,195.82,198.69,197.0,200.67,3311996,6646.14,24258,1077763.0, 32.54,2026-06-10
DIAMINESQ, EQ, 10-Jun-2026,248.39,248.43,249.6,240.1,248.9,247.71,244.46,2433,5.95,210,1538.0, 63.21,2026-06-10
DIAMONDYD, EQ, 10-Jun-2026,1132.3,1132.2,1136.9,1125.0,1134.9,1126.3,1128.55,5123,57.82,436,3516.0, 68.63,2026-06-10
DICIND, EQ, 10-Jun-2026,507.95,514.95,514.95,480.0,501.0,494.8,489.56,682,3.34,60,468.0, 68.62,2026-06-10
DIFFNKG, EQ, 10-Jun-2026,330.8,338.0,359.6,337.0,346.5,346.5,351.39,898608,3157.66,15502,232125.0, 25.83,2026-06-10
DIGIDRIVE, EQ, 10-Jun-2026,18.75,18.97,19.3,18.21,18.45,18.47,18.52,35576,6.59,550,30212.0, 84.92,2026-06-10
DIGIKORE, SM, 10-Jun-2026,57.5,57.5,58.0,55.55,55.55,56.25,56.7,6800,3.86,15,4400.0, 64.71,2026-06-10
DIGISPICE, BE, 10-Jun-2026,20.46,20.44,20.7,20.0,20.59,20.34,20.47,61127,12.52,265,, -,2026-06-10
DIGITIDE, EQ, 10-Jun-2026,85.2,84.61,86.55,83.4,83.4,83.9,84.72,129610,109.8,1966,70580.0, 54.46,2026-06-10
DIGJAMLMTD, EQ, 10-Jun-2026,44.98,44.0,45.48,43.51,44.9,44.9,44.22,2794,1.24,24,2691.0, 96.31,2026-06-10
DISAQ, EQ, 10-Jun-2026,11212.0,11260.0,11366.0,11096.0,11214.0,11154.0,11264.89,464,52.27,416,53.0, 11.42,2026-06-10
DISHTV, BE, 10-Jun-2026,2.99,2.98,2.99,2.87,2.88,2.87,2.92,1912383,55.75,1911,, -,2026-06-10
DIVGIITTS, EQ, 10-Jun-2026,788.75,794.5,798.1,770.1,776.1,778.55,779.92,38205,297.97,2798,25964.0, 67.96,2026-06-10
DIVIDEND, EQ, 10-Jun-2026,35.3,35.3,35.33,34.81,34.83,34.83,35.05,11864,4.16,176,9364.0, 78.93,2026-06-10
DIVINEHIRA, ST, 10-Jun-2026,323.5,322.9,332.0,310.6,323.9,323.9,322.19,5600,18.04,13,4000.0, 71.43,2026-06-10
DIVISLAB, EQ, 10-Jun-2026,6753.0,6750.0,6815.0,6610.0,6665.0,6638.5,6741.13,405743,27351.65,49045,232585.0, 57.32,2026-06-10
DIVOPPBEES, EQ, 10-Jun-2026,76.55,77.5,77.5,75.9,76.7,76.42,76.39,50283,38.41,880,26253.0, 52.21,2026-06-10
DIXON, EQ, 10-Jun-2026,11611.0,11670.0,11944.0,11438.0,11470.0,11487.0,11698.06,659488,77147.28,78580,123552.0, 18.73,2026-06-10
DJML, EQ, 10-Jun-2026,107.25,109.0,112.05,108.01,109.9,109.32,110.29,355503,392.09,5379,43750.0, 12.31,2026-06-10
DLF, EQ, 10-Jun-2026,575.15,573.0,577.65,560.6,564.6,563.2,569.68,1260168,7178.94,26662,472706.0, 37.51,2026-06-10
DLINKINDIA, EQ, 10-Jun-2026,493.25,498.0,519.8,495.0,500.4,501.45,508.27,585794,2977.4,14876,217340.0, 37.10,2026-06-10
DMART, EQ, 10-Jun-2026,4092.0,4078.4,4208.8,4031.0,4050.0,4043.4,4131.77,604571,24979.46,56463,298178.0, 49.32,2026-06-10
DMCC, EQ, 10-Jun-2026,248.3,246.85,253.35,244.0,244.8,245.3,247.45,16650,41.2,646,8509.0, 51.11,2026-06-10
DNAMEDIA, EQ, 10-Jun-2026,2.9,2.96,2.96,2.8,2.86,2.85,2.86,13256,0.38,98,10638.0, 80.25,2026-06-10
DODLA, EQ, 10-Jun-2026,1080.3,1080.3,1086.6,1065.2,1068.0,1071.7,1072.6,15548,166.77,2074,9280.0, 59.69,2026-06-10
DOLATALGO, EQ, 10-Jun-2026,73.78,73.5,74.4,72.12,72.3,72.37,73.42,59810,43.91,904,29838.0, 49.89,2026-06-10
DOLLAR, EQ, 10-Jun-2026,246.4,247.4,254.0,246.0,247.1,248.65,249.18,194145,483.77,5316,99659.0, 51.33,2026-06-10
DOLLEX, SM, 10-Jun-2026,30.2,31.1,31.45,29.3,31.45,30.55,30.18,52000,15.69,13,28000.0, 53.85,2026-06-10
DOLPHIN, EQ, 10-Jun-2026,391.55,399.9,401.0,388.0,388.0,392.65,393.04,3208,12.61,197,2079.0, 64.81,2026-06-10
DOMS, EQ, 10-Jun-2026,2090.8,2089.7,2237.7,2089.7,2100.0,2118.6,2182.6,393904,8597.36,35195,63613.0, 16.15,2026-06-10
DONEAR, EQ, 10-Jun-2026,89.44,90.9,90.9,89.05,89.05,89.24,89.94,16849,15.15,371,7423.0, 44.06,2026-06-10
DPABHUSHAN, EQ, 10-Jun-2026,900.1,900.1,919.8,893.1,893.35,896.95,901.66,9519,85.83,789,4529.0, 47.58,2026-06-10
DPEL, SM, 10-Jun-2026,493.0,495.0,495.0,485.0,490.75,490.0,489.3,27000,132.11,43,18500.0, 68.52,2026-06-10
DPSCLTD, BE, 10-Jun-2026,7.58,7.58,7.94,7.51,7.6,7.74,7.77,172834,13.43,542,, -,2026-06-10
DPWIRES, EQ, 10-Jun-2026,177.54,176.5,178.19,176.05,176.05,176.09,177.15,2429,4.3,150,1637.0, 67.39,2026-06-10
DRAGARWQ, EQ, 10-Jun-2026,4989.7,4980.0,4980.0,4919.0,4940.0,4938.4,4948.65,769,38.06,331,444.0, 57.74,2026-06-10
DRCSYSTEMS, EQ, 10-Jun-2026,14.08,14.2,14.45,14.08,14.17,14.34,14.27,21521,3.07,161,15554.0, 72.27,2026-06-10
DREAMFOLKS, EQ, 10-Jun-2026,69.65,70.8,71.0,67.6,68.1,67.95,68.75,94883,65.23,2095,59913.0, 63.14,2026-06-10
DREDGECORP, EQ, 10-Jun-2026,1140.4,1144.0,1149.9,1075.3,1083.5,1083.3,1105.4,299514,3310.82,14830,107371.0, 35.85,2026-06-10
DRONE, ST, 10-Jun-2026,41.55,41.7,42.8,41.5,41.5,41.5,42.12,34000,14.32,58,30500.0, 89.71,2026-06-10
DRREDDY, EQ, 10-Jun-2026,1268.5,1268.6,1283.7,1266.7,1272.0,1271.7,1273.85,1172155,14931.45,37131,655147.0, 55.89,2026-06-10
DSFCL, EQ, 10-Jun-2026,23.92,23.8,24.79,23.53,23.55,23.67,23.76,35298,8.39,880,29243.0, 82.85,2026-06-10
DSSL, EQ, 10-Jun-2026,1309.3,1355.2,1374.7,1336.0,1374.7,1374.7,1361.68,98937,1347.2,2730,44513.0, 44.99,2026-06-10
DTIL, EQ, 10-Jun-2026,133.3,131.0,134.5,130.4,131.0,131.06,132.51,1556,2.06,107,858.0, 55.14,2026-06-10
DUCOL, SM, 10-Jun-2026,114.0,112.0,112.0,107.0,107.0,107.0,109.5,3200,3.5,3,3200.0, 100.00,2026-06-10
DUCON, BE, 10-Jun-2026,3.49,3.66,3.66,3.55,3.65,3.65,3.65,625969,22.87,397,, -,2026-06-10
DUGLOBAL, ST, 10-Jun-2026,31.45,33.0,33.0,33.0,33.0,33.0,33.0,160000,52.8,45,160000.0, 100.00,2026-06-10
DURLAX, ST, 10-Jun-2026,53.5,52.55,52.75,50.85,50.85,50.85,51.4,106000,54.49,37,106000.0, 100.00,2026-06-10
DVL, EQ, 10-Jun-2026,234.81,234.81,241.0,234.81,241.0,239.89,239.08,4271,10.21,235,2355.0, 55.14,2026-06-10
DWARKESH, EQ, 10-Jun-2026,45.44,45.45,45.62,43.16,43.2,43.58,44.28,759625,336.38,3110,356390.0, 46.92,2026-06-10
DYCL, EQ, 10-Jun-2026,317.2,316.2,319.7,306.6,309.9,307.95,311.51,150740,469.58,4181,69241.0, 45.93,2026-06-10
DYNAMATECH, EQ, 10-Jun-2026,10138.0,10163.0,10279.0,9853.0,9906.0,9943.0,10017.03,10603,1062.11,4222,4556.0, 42.97,2026-06-10
DYNAMIC, SM, 10-Jun-2026,144.0,155.7,163.0,153.0,156.8,155.0,156.97,21500,33.75,42,13500.0, 62.79,2026-06-10
DYNPRO, EQ, 10-Jun-2026,249.05,249.05,251.4,244.0,244.0,246.25,248.51,6493,16.14,221,5017.0, 77.27,2026-06-10
E2E, EQ, 10-Jun-2026,408.8,402.2,408.0,388.4,388.4,388.4,396.58,1751202,6944.92,18944,955572.0, 54.57,2026-06-10
E2ERAIL, ST, 10-Jun-2026,278.9,273.5,275.0,268.0,274.0,274.0,272.32,10400,28.32,13,9600.0, 92.31,2026-06-10
EASEMYTRIP, EQ, 10-Jun-2026,7.87,7.97,9.14,7.85,8.79,8.82,8.66,655345089,56727.76,147837,66448510.0, 10.14,2026-06-10
EASTSILK, BE, 10-Jun-2026,53.7,53.69,53.69,53.69,53.69,53.69,53.69,57,0.03,1,, -,2026-06-10
EBANKNIFTY, EQ, 10-Jun-2026,55.52,55.52,55.82,55.21,55.26,55.21,55.3,7211,3.99,36,7176.0, 99.51,2026-06-10
EBBETF0430, EQ, 10-Jun-2026,1586.65,1591.07,1594.39,1576.13,1591.5,1591.38,1588.43,5615,89.19,368,4624.0, 82.35,2026-06-10
EBBETF0431, EQ, 10-Jun-2026,1414.13,1416.0,1421.48,1415.01,1418.9,1418.81,1418.49,4517,64.07,139,3213.0, 71.13,2026-06-10
EBBETF0433, EQ, 10-Jun-2026,1283.95,1285.0,1289.0,1285.0,1286.36,1285.88,1286.97,6026,77.55,116,5786.0, 96.02,2026-06-10
EBGNG, EQ, 10-Jun-2026,411.1,416.65,416.65,390.0,395.0,392.6,396.54,411411,1631.42,11595,244918.0, 59.53,2026-06-10
ECAPINSURE, EQ, 10-Jun-2026,23.42,23.53,23.71,23.0,23.0,23.1,23.3,30491,7.1,370,28895.0, 94.77,2026-06-10
ECLERX, EQ, 10-Jun-2026,1415.1,1415.0,1424.9,1354.0,1361.0,1359.8,1390.77,148597,2066.64,14673,73204.0, 49.26,2026-06-10
ECOLINE, SM, 10-Jun-2026,178.45,178.05,180.0,175.0,178.0,175.55,177.61,27000,47.95,19,22000.0, 81.48,2026-06-10
ECOSMOBLTY, BE, 10-Jun-2026,126.14,127.85,127.85,125.0,125.5,125.82,126.36,27131,34.28,406,, -,2026-06-10
EDELWEISS, EQ, 10-Jun-2026,109.66,109.51,109.76,106.67,107.08,107.18,108.06,1835316,1983.23,14164,1067845.0, 58.18,2026-06-10
EEPL, SM, 10-Jun-2026,98.55,99.0,99.0,96.05,96.75,96.75,96.84,8000,7.75,8,5000.0, 62.50,2026-06-10
EFACTOR, SM, 10-Jun-2026,185.0,188.0,188.0,182.05,186.0,186.0,184.97,4800,8.88,8,800.0, 16.67,2026-06-10
EFCIL, EQ, 10-Jun-2026,186.42,187.91,193.98,183.85,186.0,185.72,188.96,1355198,2560.76,8506,576315.0, 42.53,2026-06-10
EFFWA, ST, 10-Jun-2026,316.3,316.05,316.3,307.2,310.0,310.0,310.18,20800,64.52,40,20000.0, 96.15,2026-06-10
EGOLD, EQ, 10-Jun-2026,151.3,148.95,148.95,145.6,146.7,146.4,146.72,67679,99.3,696,30932.0, 45.70,2026-06-10
EICHERMOT, EQ, 10-Jun-2026,7203.0,7171.0,7268.0,7155.5,7205.0,7219.5,7232.16,480600,34757.74,47694,292050.0, 60.77,2026-06-10
EIDPARRY, EQ, 10-Jun-2026,735.9,741.0,747.55,716.7,722.0,723.25,734.12,241429,1772.37,17288,117880.0, 48.83,2026-06-10
EIEL, EQ, 10-Jun-2026,184.55,185.15,187.7,180.0,180.25,181.21,182.24,493908,900.08,6920,199559.0, 40.40,2026-06-10
EIFFL, EQ, 10-Jun-2026,229.03,229.03,233.5,227.5,233.5,228.55,228.19,13154,30.02,160,11258.0, 85.59,2026-06-10
EIHAHOTELS, EQ, 10-Jun-2026,299.25,303.9,303.9,296.0,296.1,296.7,298.31,9317,27.79,594,5937.0, 63.72,2026-06-10
EIHOTEL, EQ, 10-Jun-2026,291.15,292.55,295.8,289.1,293.15,293.3,293.01,173524,508.44,6148,100741.0, 58.06,2026-06-10
EIMCOELECO, EQ, 10-Jun-2026,1566.5,1566.5,1570.3,1538.0,1544.0,1546.3,1552.18,22784,353.65,1248,14623.0, 64.18,2026-06-10
EKC, EQ, 10-Jun-2026,107.44,108.52,111.69,106.01,106.7,106.75,109.2,303244,331.14,3822,120110.0, 39.61,2026-06-10
ELANTAS, EQ, 10-Jun-2026,9652.5,9792.0,9795.0,9351.5,9351.5,9475.5,9639.16,965,93.02,762,182.0, 18.86,2026-06-10
ELCIDIN, EQ, 10-Jun-2026,117495.0,116995.0,117495.0,116995.0,117495.0,117245.0,117246.25,8,9.38,6,8.0, 100.00,2026-06-10
ELDEHSG, EQ, 10-Jun-2026,810.7,811.0,845.0,780.2,845.0,829.55,817.76,1389,11.36,181,957.0, 68.90,2026-06-10
ELECON, EQ, 10-Jun-2026,532.85,536.8,545.65,519.2,529.0,522.95,533.06,584395,3115.19,22524,225108.0, 38.52,2026-06-10
ELECTCAST, EQ, 10-Jun-2026,73.24,73.56,74.29,70.2,70.87,70.74,72.03,2092296,1507.03,13050,1127083.0, 53.87,2026-06-10
ELECTHERM, EQ, 10-Jun-2026,1018.85,1015.0,1179.9,981.25,1149.95,1146.8,1138.45,1603382,18253.75,61706,122990.0, 7.67,2026-06-10
ELGIEQUIP, EQ, 10-Jun-2026,604.7,606.15,612.45,599.25,602.0,602.85,604.45,263193,1590.87,18165,148167.0, 56.30,2026-06-10
ELGIRUBCO, EQ, 10-Jun-2026,45.12,45.97,51.57,44.8,48.55,48.92,49.17,129833,63.84,1938,69159.0, 53.27,2026-06-10
ELGNZ, SM, 10-Jun-2026,73.8,73.7,75.9,73.5,75.9,75.9,74.37,3000,2.23,3,1000.0, 33.33,2026-06-10
ELIN, EQ, 10-Jun-2026,107.38,108.9,109.48,106.12,107.0,106.94,107.39,95801,102.88,1848,54188.0, 56.56,2026-06-10
ELIQUID, EQ, 10-Jun-2026,1034.25,1034.38,1034.4,1034.38,1034.4,1034.39,1034.4,3156,32.65,8,2656.0, 84.16,2026-06-10
ELITECON, EQ, 10-Jun-2026,27.01,27.54,32.41,26.82,32.41,32.19,30.86,7529857,2324.08,18653,2539392.0, 33.72,2026-06-10
ELLEN, EQ, 10-Jun-2026,268.85,271.55,276.55,265.1,268.0,266.7,271.63,398003,1081.08,9025,202818.0, 50.96,2026-06-10
ELM250, EQ, 10-Jun-2026,15.93,16.0,16.09,15.86,15.86,15.86,15.96,636658,101.61,124,633610.0, 99.52,2026-06-10
ELPROINTL, EQ, 10-Jun-2026,166.77,166.35,167.7,166.0,166.65,166.05,166.36,35776,59.52,468,31056.0, 86.81,2026-06-10
EMAMILTD, EQ, 10-Jun-2026,390.9,391.0,404.8,390.0,394.3,394.85,396.45,935150,3707.38,34549,398499.0, 42.61,2026-06-10
EMAMIPAP, EQ, 10-Jun-2026,85.53,85.53,86.95,85.0,85.0,85.01,85.59,16906,14.47,407,13001.0, 76.90,2026-06-10
EMAMIREAL, BE, 10-Jun-2026,84.15,84.16,84.55,84.16,84.16,84.16,84.2,12773,10.76,29,, -,2026-06-10
EMAPARTNER, SM, 10-Jun-2026,85.0,85.0,88.0,84.0,88.0,88.0,86.25,4000,3.45,3,4000.0, 100.00,2026-06-10
EMBASSY, RR, 10-Jun-2026,429.94,429.99,432.8,427.39,430.0,429.53,430.27,1001798,4310.48,6158,985661.0, 98.39,2026-06-10
EMBDL, EQ, 10-Jun-2026,60.9,61.5,61.89,58.01,58.19,58.2,59.63,1126595,671.75,9202,565830.0, 50.22,2026-06-10
EMCURE, EQ, 10-Jun-2026,1744.6,1755.4,1818.0,1722.5,1732.0,1731.2,1777.0,348020,6184.31,27486,117205.0, 33.68,2026-06-10
EMIL, EQ, 10-Jun-2026,106.67,107.0,107.63,104.07,105.0,104.96,105.63,339703,358.83,6381,178894.0, 52.66,2026-06-10
EMKAY, EQ, 10-Jun-2026,283.74,283.74,287.15,262.0,263.0,264.6,272.09,108148,294.26,2894,45782.0, 42.33,2026-06-10
EMKAYTOOLS, SM, 10-Jun-2026,93.3,93.5,97.8,93.5,97.8,97.8,94.95,450,0.43,3,300.0, 66.67,2026-06-10
EMMBI, EQ, 10-Jun-2026,84.8,85.22,86.01,83.6,83.6,83.66,84.79,6921,5.87,195,4714.0, 68.11,2026-06-10
EMMIL, SM, 10-Jun-2026,126.0,125.6,126.0,124.5,125.0,125.0,125.65,2750,3.46,7,2500.0, 90.91,2026-06-10
EMMVEE, EQ, 10-Jun-2026,335.2,335.9,337.05,329.1,331.0,330.4,331.72,1705282,5656.82,22854,772301.0, 45.29,2026-06-10
EMPOWER, BE, 10-Jun-2026,2.02,1.98,1.98,1.98,1.98,1.98,1.98,1085324,21.49,300,, -,2026-06-10
EMSLIMITED, EQ, 10-Jun-2026,316.0,312.1,316.0,300.2,303.0,301.85,305.79,284557,870.14,8094,97321.0, 34.20,2026-06-10
EMUDHRA, EQ, 10-Jun-2026,483.35,485.0,487.0,467.2,467.2,469.4,475.47,35520,168.89,2102,16802.0, 47.30,2026-06-10
EMULTIMQ, EQ, 10-Jun-2026,41.85,41.85,41.96,41.26,41.49,41.41,41.32,59354,24.52,143,57877.0, 97.51,2026-06-10
ENCOMPAS, SM, 10-Jun-2026,219.8,222.0,234.95,212.0,227.05,228.55,221.06,19600,43.33,39,13200.0, 67.35,2026-06-10
ENDURANCE, EQ, 10-Jun-2026,2518.0,2520.0,2547.5,2478.6,2520.0,2502.5,2504.0,232108,5811.98,24012,174774.0, 75.30,2026-06-10
ENERGY, EQ, 10-Jun-2026,39.96,39.97,39.97,38.86,39.15,39.02,39.46,409521,161.58,2001,267097.0, 65.22,2026-06-10
ENERGYDEV, EQ, 10-Jun-2026,16.69,17.3,17.3,16.5,16.52,16.58,16.67,31789,5.3,248,24688.0, 77.66,2026-06-10
ENEXT50, EQ, 10-Jun-2026,69.74,69.6,69.85,69.31,69.31,69.32,69.59,6043,4.21,11,5836.0, 96.57,2026-06-10
ENFUSE, SM, 10-Jun-2026,160.5,160.05,169.95,160.05,169.95,166.0,164.02,1800,2.95,3,1200.0, 66.67,2026-06-10
ENGINERSIN, EQ, 10-Jun-2026,239.37,238.5,239.9,231.0,232.4,232.05,234.37,2000951,4689.7,23667,920054.0, 45.98,2026-06-10
ENIFTY, EQ, 10-Jun-2026,23.29,23.88,23.88,23.29,23.29,23.29,23.38,2960,0.69,37,2694.0, 91.01,2026-06-10
ENIL, EQ, 10-Jun-2026,115.12,114.23,114.99,111.35,112.5,112.17,113.63,2724,3.1,153,1604.0, 58.88,2026-06-10
ENRIN, EQ, 10-Jun-2026,3547.5,3559.0,3576.1,3415.2,3439.6,3424.8,3477.85,394299,13713.12,52740,146720.0, 37.21,2026-06-10
ENSER, ST, 10-Jun-2026,14.5,14.6,15.2,14.6,15.2,15.2,14.96,45000,6.73,7,45000.0, 100.00,2026-06-10
ENTERO, EQ, 10-Jun-2026,1147.3,1153.0,1199.9,1130.0,1130.0,1135.4,1166.94,167487,1954.46,12134,86926.0, 51.90,2026-06-10
ENVIRO, SM, 10-Jun-2026,78.6,77.55,77.55,73.0,75.5,74.35,75.36,30000,22.61,25,25000.0, 83.33,2026-06-10
EPACK, EQ, 10-Jun-2026,226.54,227.99,227.99,220.4,220.9,222.31,223.58,226502,506.41,3250,95534.0, 42.18,2026-06-10
EPACKPEB, EQ, 10-Jun-2026,211.62,212.0,212.64,207.0,208.6,208.12,209.09,577917,1208.35,8262,231844.0, 40.12,2026-06-10
EPIGRAL, EQ, 10-Jun-2026,1149.7,1135.0,1140.0,1110.0,1112.0,1113.8,1120.9,33337,373.67,3005,19067.0, 57.19,2026-06-10
EPL, EQ, 10-Jun-2026,216.69,215.99,216.13,211.3,211.5,214.22,214.42,359196,770.18,14749,213720.0, 59.50,2026-06-10
EPWINDIA, ST, 10-Jun-2026,144.0,144.0,144.0,144.0,144.0,144.0,144.0,1200,1.73,1,1200.0, 100.00,2026-06-10
EQUAL200, EQ, 10-Jun-2026,13.25,13.25,13.3,13.13,13.13,13.14,13.16,53114,6.99,55,51906.0, 97.73,2026-06-10
EQUAL50, EQ, 10-Jun-2026,320.43,322.08,322.63,321.1,321.1,321.1,321.63,472,1.52,14,430.0, 91.10,2026-06-10
EQUAL50ADD, EQ, 10-Jun-2026,331.81,331.64,332.99,329.5,332.9,330.51,332.36,33938,112.8,265,28953.0, 85.31,2026-06-10
EQUIPPP, BE, 10-Jun-2026,17.15,17.49,17.49,16.51,17.24,17.19,16.85,8598,1.45,44,, -,2026-06-10
EQUITASBNK, EQ, 10-Jun-2026,74.98,75.4,75.49,73.07,73.41,73.52,74.09,2397543,1776.35,17615,1384015.0, 57.73,2026-06-10
ERIS, EQ, 10-Jun-2026,1373.7,1371.0,1384.0,1363.2,1365.0,1366.9,1372.23,43873,602.04,9896,23398.0, 53.33,2026-06-10
ESABINDIA, EQ, 10-Jun-2026,5715.0,5745.0,5749.0,5590.0,5590.0,5620.5,5663.77,2547,144.26,868,1419.0, 55.71,2026-06-10
ESAFSFB, EQ, 10-Jun-2026,27.45,27.5,27.8,27.25,27.43,27.3,27.42,312412,85.67,1289,191195.0, 61.20,2026-06-10
ESCONET, ST, 10-Jun-2026,115.6,115.5,117.75,110.75,110.95,111.3,112.64,14800,16.67,37,13600.0, 91.89,2026-06-10
ESCORTS, EQ, 10-Jun-2026,2789.9,2800.0,2825.5,2730.5,2736.0,2740.6,2774.29,116616,3235.26,18091,64289.0, 55.13,2026-06-10
ESENSEX, EQ, 10-Jun-2026,73.8,75.28,75.28,73.9,73.9,74.06,74.64,403,0.3,25,232.0, 57.57,2026-06-10
ESFL, ST, 10-Jun-2026,120.9,118.6,122.0,118.6,119.25,119.25,120.94,3240,3.92,7,2520.0, 77.78,2026-06-10
ESG, EQ, 10-Jun-2026,39.78,39.78,40.02,39.61,39.63,39.64,39.78,7820,3.11,92,7183.0, 91.85,2026-06-10
ESILVER, EQ, 10-Jun-2026,241.85,232.06,233.93,230.08,230.95,230.95,231.0,578476,1336.26,1839,549345.0, 94.96,2026-06-10
ESPRIT, SM, 10-Jun-2026,66.0,67.25,71.75,67.0,67.5,67.5,68.69,25600,17.58,15,11200.0, 43.75,2026-06-10
ESSARSHPNG, EQ, 10-Jun-2026,23.05,23.49,23.59,22.7,22.89,22.85,23.05,136468,31.45,597,84159.0, 61.67,2026-06-10
ESSENTIA, BE, 10-Jun-2026,1.69,1.69,1.71,1.63,1.64,1.63,1.65,2450925,40.56,816,, -,2026-06-10
ESTER, EQ, 10-Jun-2026,88.42,88.42,89.86,87.05,87.06,87.53,88.06,44520,39.21,1248,26189.0, 58.83,2026-06-10
ETERNAL, EQ, 10-Jun-2026,245.65,247.0,247.0,239.0,239.85,239.8,242.81,23687653,57514.83,146177,13111837.0, 55.35,2026-06-10
ETHOSLTD, EQ, 10-Jun-2026,2416.7,2416.7,2433.9,2344.0,2385.0,2384.8,2383.09,8713,207.64,1887,4941.0, 56.71,2026-06-10
ETL, SM, 10-Jun-2026,1025.0,1025.0,1025.0,955.0,955.0,955.0,983.33,450,4.43,3,450.0, 100.00,2026-06-10
ETML, SM, 10-Jun-2026,82.2,81.0,84.9,81.0,82.0,82.0,82.6,85200,70.38,23,85200.0, 100.00,2026-06-10
EUREKAFORB, EQ, 10-Jun-2026,439.55,439.55,446.0,430.6,430.75,431.65,440.59,110448,486.62,5779,59013.0, 53.43,2026-06-10
EUROBOND, EQ, 10-Jun-2026,176.46,182.6,182.6,171.98,172.0,173.15,174.01,8810,15.33,304,6628.0, 75.23,2026-06-10
EUROPRATIK, EQ, 10-Jun-2026,263.65,265.75,265.75,256.05,260.9,258.7,260.79,186587,486.61,1990,14825.0, 7.95,2026-06-10
EUROTEXIND, EQ, 10-Jun-2026,18.62,21.9,22.34,21.5,22.34,22.34,22.14,47105,10.43,189,42367.0, 89.94,2026-06-10
EVEREADY, EQ, 10-Jun-2026,320.9,320.95,340.15,320.95,334.65,334.15,333.98,465207,1553.72,10419,185349.0, 39.84,2026-06-10
EVERESTIND, EQ, 10-Jun-2026,347.4,348.0,352.95,338.25,338.4,341.0,346.15,6727,23.29,540,4586.0, 68.17,2026-06-10
EVIETF, EQ, 10-Jun-2026,30.59,30.74,30.74,30.31,30.38,30.35,30.49,118621,36.17,546,56503.0, 47.63,2026-06-10
EVINDIA, EQ, 10-Jun-2026,30.59,30.59,30.64,30.28,30.39,30.33,30.48,142337,43.39,1377,90506.0, 63.59,2026-06-10
EXCELINDUS, EQ, 10-Jun-2026,909.65,913.45,943.2,905.0,909.9,909.1,922.96,7763,71.65,1055,4364.0, 56.22,2026-06-10
EXCELLENT, ST, 10-Jun-2026,180.0,182.5,183.0,182.0,183.0,183.0,182.67,51200,93.53,16,51200.0, 100.00,2026-06-10
EXCELSOFT, EQ, 10-Jun-2026,82.99,82.99,85.5,80.0,81.4,80.8,82.9,603840,500.59,5770,266808.0, 44.19,2026-06-10
EXICOM, EQ, 10-Jun-2026,147.37,148.76,150.77,141.57,149.7,149.53,147.85,9543247,14109.23,53733,1201996.0, 12.60,2026-06-10
EXIDEIND, EQ, 10-Jun-2026,392.95,392.95,393.8,385.15,387.3,386.35,389.24,911449,3547.74,16795,383636.0, 42.09,2026-06-10
EXPLEOSOL, EQ, 10-Jun-2026,823.95,824.75,826.0,787.0,791.0,793.4,807.03,31586,254.91,1933,22826.0, 72.27,2026-06-10
EXXARO, EQ, 10-Jun-2026,6.59,6.59,6.63,6.51,6.52,6.53,6.55,103652,6.79,243,87909.0, 84.81,2026-06-10
FABTECH, EQ, 10-Jun-2026,145.02,145.99,149.64,143.36,145.0,144.8,147.33,64198,94.58,1711,30880.0, 48.10,2026-06-10
FACT, EQ, 10-Jun-2026,876.05,888.25,929.0,888.25,900.15,901.35,911.01,1968434,17932.6,68500,188793.0, 9.59,2026-06-10
FAIRCHEMOR, EQ, 10-Jun-2026,588.1,585.2,599.95,566.25,575.0,572.55,574.98,9429,54.21,757,5540.0, 58.75,2026-06-10
FALCONTECH, SM, 10-Jun-2026,13.45,13.45,14.0,12.75,13.15,13.15,13.23,21600,2.86,18,6000.0, 27.78,2026-06-10
FAZE3Q, EQ, 10-Jun-2026,547.8,540.0,550.95,538.1,543.0,542.4,544.59,7125,38.8,777,3648.0, 51.20,2026-06-10
FCL, EQ, 10-Jun-2026,39.86,40.18,40.69,37.16,37.99,38.1,38.94,18694898,7280.24,35915,5098265.0, 27.27,2026-06-10
FCSSOFT, BE, 10-Jun-2026,1.74,1.71,1.71,1.71,1.71,1.71,1.71,226755,3.88,302,, -,2026-06-10
FDC, EQ, 10-Jun-2026,393.5,390.0,395.25,379.1,381.0,380.75,385.8,181547,700.41,11082,90886.0, 50.06,2026-06-10
FEDDERSHOL, EQ, 10-Jun-2026,34.75,35.48,35.48,34.22,34.22,34.64,34.81,74150,25.81,321,7177.0, 9.68,2026-06-10
FEDERALBNK, EQ, 10-Jun-2026,315.1,315.1,316.7,309.85,311.4,311.1,312.68,7015128,21934.65,67535,3755952.0, 53.54,2026-06-10
FEDFINA, EQ, 10-Jun-2026,155.99,157.74,157.74,145.56,150.0,149.18,149.48,1654493,2473.12,21659,784902.0, 47.44,2026-06-10
FEL, BZ, 10-Jun-2026,0.43,0.44,0.44,0.42,0.43,0.42,0.43,104555,0.45,90,, -,2026-06-10
FELDVR, BZ, 10-Jun-2026,2.58,2.7,2.7,2.46,2.46,2.46,2.46,9594,0.24,32,, -,2026-06-10
FELIX, SM, 10-Jun-2026,190.75,190.75,192.65,185.0,185.0,185.55,190.19,12000,22.82,22,9500.0, 79.17,2026-06-10
FERMENTA, EQ, 10-Jun-2026,341.5,344.0,347.55,321.25,330.0,327.95,335.97,46107,154.91,1381,19778.0, 42.90,2026-06-10
FIBERWEB, EQ, 10-Jun-2026,28.0,28.68,28.68,27.76,28.0,27.99,28.08,10774,3.02,110,7540.0, 69.98,2026-06-10
FICRF3GP, MF, 10-Jun-2026,218.0,237.0,237.0,237.0,237.0,237.0,237.0,1,0.0,1,1.0, 100.00,2026-06-10
FIDEL, SM, 10-Jun-2026,162.5,166.5,167.0,164.3,164.7,164.7,165.63,4000,6.63,4,4000.0, 100.00,2026-06-10
FIEMIND, EQ, 10-Jun-2026,2297.8,2308.3,2320.0,2230.0,2235.0,2238.0,2260.44,38736,875.6,5505,25042.0, 64.65,2026-06-10
FILATEX, EQ, 10-Jun-2026,52.38,52.5,52.98,50.12,50.68,50.5,51.62,948094,489.42,5373,399083.0, 42.09,2026-06-10
FILATFASH, BE, 10-Jun-2026,0.2,0.21,0.21,0.19,0.2,0.19,0.2,47230158,95.59,2559,, -,2026-06-10
FINBUD, SM, 10-Jun-2026,125.0,124.0,124.0,118.0,120.0,119.95,119.65,14000,16.75,14,9000.0, 64.29,2026-06-10
FINCABLES, EQ, 10-Jun-2026,1032.1,1030.3,1047.6,991.0,996.0,994.5,1010.94,248266,2509.81,17669,112729.0, 45.41,2026-06-10
FINEORG, EQ, 10-Jun-2026,4737.4,4705.6,4791.5,4700.0,4706.8,4716.4,4734.1,9371,443.63,2233,5464.0, 58.31,2026-06-10
FINIETF, EQ, 10-Jun-2026,30.74,31.5,31.5,30.2,30.5,30.28,30.46,291701,88.85,1359,172238.0, 59.05,2026-06-10
FINKURVE, EQ, 10-Jun-2026,62.33,63.62,68.0,62.95,65.0,64.36,64.5,100975,65.13,646,75141.0, 74.42,2026-06-10
FINOPB, EQ, 10-Jun-2026,139.88,141.0,141.8,132.01,133.84,132.98,136.45,362124,494.13,5184,156629.0, 43.25,2026-06-10
FINPIPE, EQ, 10-Jun-2026,173.03,173.95,174.83,170.0,172.0,171.0,171.96,328094,564.2,6757,160793.0, 49.01,2026-06-10
FIRSTCRY, EQ, 10-Jun-2026,219.17,220.0,221.8,213.95,215.0,215.92,216.31,1371181,2966.07,17399,463037.0, 33.77,2026-06-10
FISCHER, EQ, 10-Jun-2026,31.21,32.09,32.34,31.3,31.9,31.82,31.83,815768,259.69,1583,149083.0, 18.28,2026-06-10
FIVESTAR, EQ, 10-Jun-2026,430.95,431.0,440.0,425.85,430.0,430.15,431.66,455567,1966.51,17710,126069.0, 27.67,2026-06-10
FLAIR, EQ, 10-Jun-2026,289.8,289.9,290.95,280.6,281.0,282.4,286.38,90432,258.98,1936,32876.0, 36.35,2026-06-10
FLEXIADD, EQ, 10-Jun-2026,9.6,9.8,9.8,9.54,9.7,9.56,9.61,224022,21.52,224,191188.0, 85.34,2026-06-10
FLEXITUFF, EQ, 10-Jun-2026,6.99,7.09,7.09,6.71,6.99,6.98,6.88,5758,0.4,35,3832.0, 66.55,2026-06-10
FLFL, BZ, 10-Jun-2026,1.34,1.34,1.35,1.3,1.32,1.32,1.32,14760,0.2,51,, -,2026-06-10
FLUOROCHEM, EQ, 10-Jun-2026,3578.8,3600.0,3679.7,3542.1,3654.9,3641.0,3608.94,80689,2912.02,10709,41809.0, 51.81,2026-06-10
FLYSBS, SM, 10-Jun-2026,406.55,406.0,411.3,395.0,397.7,401.25,403.09,14600,58.85,67,10200.0, 69.86,2026-06-10
FMCGADD, EQ, 10-Jun-2026,48.4,49.29,49.45,48.03,48.2,48.27,48.8,12914,6.3,64,5853.0, 45.32,2026-06-10
FMCGIETF, EQ, 10-Jun-2026,51.85,51.86,52.88,51.85,52.5,52.46,52.65,1143394,601.95,3077,657542.0, 57.51,2026-06-10
FMGOETZE, EQ, 10-Jun-2026,421.6,424.0,436.0,422.95,424.5,424.7,428.51,43615,186.89,1625,21225.0, 48.66,2026-06-10
FMNL, BE, 10-Jun-2026,10.3,10.0,10.48,10.0,10.01,10.01,10.14,9505,0.96,47,, -,2026-06-10
FOCE, SM, 10-Jun-2026,590.0,598.0,619.5,581.0,603.0,603.0,599.69,4320,25.91,8,240.0, 5.56,2026-06-10
FOCUS, EQ, 10-Jun-2026,93.28,94.12,95.85,91.12,92.25,93.21,93.76,151338,141.89,2051,63465.0, 41.94,2026-06-10
FONEBOX, SM, 10-Jun-2026,85.0,84.0,84.0,84.0,84.0,84.0,84.0,5000,4.2,2,5000.0, 100.00,2026-06-10
FOODSIN, EQ, 10-Jun-2026,55.33,55.99,55.99,53.25,54.3,53.99,54.82,123468,67.68,1601,76819.0, 62.22,2026-06-10
FORCAS, SM, 10-Jun-2026,99.2,101.0,101.0,92.0,95.0,93.25,93.98,153600,144.35,68,88000.0, 57.29,2026-06-10
FORCEMOT, EQ, 10-Jun-2026,17643.0,17800.0,17845.0,17276.0,17340.0,17363.0,17608.06,75626,13316.27,17943,19221.0, 25.42,2026-06-10
FORGEAUTO, SM, 10-Jun-2026,94.5,91.0,98.0,91.0,98.0,97.0,95.0,3600,3.42,3,2400.0, 66.67,2026-06-10
FORTIS, EQ, 10-Jun-2026,989.75,993.0,1010.1,983.1,983.15,989.0,996.04,1909993,19024.33,59847,929870.0, 48.68,2026-06-10
FOSECOIND, EQ, 10-Jun-2026,4728.5,4738.3,4782.8,4646.1,4671.0,4699.8,4713.48,3763,177.37,814,2861.0, 76.03,2026-06-10
FRACTAL, EQ, 10-Jun-2026,982.8,979.0,979.0,925.0,932.7,930.2,938.97,542179,5090.9,21345,272657.0, 50.29,2026-06-10
FRESHARA, SM, 10-Jun-2026,228.85,228.85,234.9,228.85,233.0,232.2,232.83,51600,120.14,65,32400.0, 62.79,2026-06-10
FROG, ST, 10-Jun-2026,166.35,167.55,174.65,167.55,174.65,174.0,172.43,14400,24.83,25,14400.0, 100.00,2026-06-10
FRONTSP, EQ, 10-Jun-2026,1484.3,1484.0,1498.8,1455.0,1470.0,1476.8,1472.72,20615,303.6,2277,13051.0, 63.31,2026-06-10
FSL, EQ, 10-Jun-2026,251.0,251.9,259.6,248.15,249.0,250.25,254.37,1246537,3170.86,24978,332107.0, 26.64,2026-06-10
FUSION, EQ, 10-Jun-2026,167.96,167.0,169.0,164.0,166.0,167.24,167.15,470022,785.66,7925,265871.0, 56.57,2026-06-10
FWSTC, SM, 10-Jun-2026,164.95,164.0,164.0,164.0,164.0,164.0,164.0,13200,21.65,3,12600.0, 95.45,2026-06-10
GABRIEL, EQ, 10-Jun-2026,1054.3,1054.3,1054.4,1011.0,1013.0,1014.6,1032.16,153660,1586.02,13565,57942.0, 37.71,2026-06-10
GAEL, EQ, 10-Jun-2026,160.27,161.3,161.8,155.1,157.2,156.94,158.33,534519,846.32,9134,330626.0, 61.85,2026-06-10
GAIL, EQ, 10-Jun-2026,167.59,166.62,169.8,166.25,168.2,168.01,167.8,11363717,19068.14,51902,6569175.0, 57.81,2026-06-10
GAJANAND, SM, 10-Jun-2026,8.25,8.3,8.4,8.3,8.4,8.4,8.35,6000,0.5,2,6000.0, 100.00,2026-06-10
GALAPREC, EQ, 10-Jun-2026,903.7,907.95,907.95,886.65,900.0,894.6,894.22,9826,87.87,1156,4252.0, 43.27,2026-06-10
GALAXYSURF, EQ, 10-Jun-2026,1730.1,1730.0,1747.9,1681.3,1720.1,1696.0,1704.98,26040,443.98,3384,14556.0, 55.90,2026-06-10
GALLANTT, EQ, 10-Jun-2026,628.45,628.5,645.0,627.05,642.0,640.8,636.66,133944,852.76,5898,64317.0, 48.02,2026-06-10
GANDHAR, EQ, 10-Jun-2026,159.34,160.8,161.7,154.2,155.45,156.08,157.67,234704,370.06,3192,98487.0, 41.96,2026-06-10
GANDHITUBE, EQ, 10-Jun-2026,847.1,842.05,855.0,842.05,854.6,849.25,849.19,6611,56.14,452,3893.0, 58.89,2026-06-10
GANECOS, EQ, 10-Jun-2026,925.65,932.95,937.6,908.95,914.45,912.25,915.27,140472,1285.7,4565,102290.0, 72.82,2026-06-10
GANESHBE, EQ, 10-Jun-2026,110.61,110.99,111.83,106.1,106.75,106.77,108.14,210566,227.72,2015,122467.0, 58.16,2026-06-10
GANESHCP, EQ, 10-Jun-2026,204.57,206.47,210.2,200.2,201.79,200.85,205.43,64767,133.05,2059,29688.0, 45.84,2026-06-10
GANESHHOU, EQ, 10-Jun-2026,769.8,761.15,782.35,760.05,765.0,766.75,769.23,29427,226.36,2759,15480.0, 52.60,2026-06-10
GANESHIN, ST, 10-Jun-2026,82.4,82.0,85.65,80.0,84.5,85.05,83.86,256000,214.69,121,246400.0, 96.25,2026-06-10
GANGABATH, SM, 10-Jun-2026,23.75,22.55,24.0,22.55,23.7,23.7,23.09,42000,9.7,14,12000.0, 28.57,2026-06-10
GANGAFORGE, EQ, 10-Jun-2026,2.31,2.33,2.45,2.1,2.43,2.42,2.31,687226,15.86,587,245588.0, 35.74,2026-06-10
GANGESSECU, EQ, 10-Jun-2026,121.39,121.39,124.4,121.39,123.0,122.91,122.95,381,0.47,15,225.0, 59.06,2026-06-10
GARFIBRES, EQ, 10-Jun-2026,688.3,691.75,697.8,681.6,690.0,689.9,690.46,43380,299.52,4286,21526.0, 49.62,2026-06-10
GARUDA, EQ, 10-Jun-2026,165.1,165.6,168.78,162.55,162.97,164.25,166.35,262417,436.54,4803,87780.0, 33.45,2026-06-10
GATECH, EQ, 10-Jun-2026,0.52,0.52,0.53,0.52,0.53,0.52,0.53,2271136,11.95,649,1432230.0, 63.06,2026-06-10
GATECHDVR, EQ, 10-Jun-2026,0.47,0.48,0.49,0.46,0.48,0.48,0.48,418575,2.0,143,290866.0, 69.49,2026-06-10
GATEWAY, EQ, 10-Jun-2026,57.97,58.5,58.75,57.49,57.86,57.7,58.19,629245,366.14,5085,348791.0, 55.43,2026-06-10
GAUDIUMIVF, BE, 10-Jun-2026,105.75,105.65,105.65,103.64,103.64,103.64,104.27,68546,71.48,378,, -,2026-06-10
GAYAHWS, EQ, 10-Jun-2026,2.17,2.16,2.18,2.11,2.13,2.13,2.14,116404,2.49,310,82893.0, 71.21,2026-06-10
GAYAPROJ, BE, 10-Jun-2026,21.33,21.33,22.0,21.33,21.85,21.75,21.78,682045,148.54,975,, -,2026-06-10
GCHOTELS, SM, 10-Jun-2026,130.7,131.0,134.4,128.7,130.95,130.65,132.9,34200,45.45,47,24600.0, 71.93,2026-06-10
GCSL, EQ, 10-Jun-2026,414.65,416.8,421.4,405.0,411.0,413.3,414.01,246331,1019.82,4865,50679.0, 20.57,2026-06-10
GEECEE, EQ, 10-Jun-2026,324.75,332.85,335.0,322.05,330.5,330.2,329.5,7093,23.37,176,4976.0, 70.15,2026-06-10
GEEKAYWIRE, EQ, 10-Jun-2026,22.76,23.44,23.72,22.01,22.47,22.18,22.68,102018,23.13,720,69804.0, 68.42,2026-06-10
GEMAROMA, BE, 10-Jun-2026,165.25,164.0,167.8,164.0,164.5,164.66,165.1,44054,72.73,314,, -,2026-06-10
GENCON, EQ, 10-Jun-2026,38.8,38.8,39.91,38.8,39.67,39.33,39.42,291754,115.0,2121,34225.0, 11.73,2026-06-10
GENESYS, EQ, 10-Jun-2026,283.1,286.0,335.65,284.3,331.7,329.55,322.57,19282916,62200.4,186052,1142996.0, 5.93,2026-06-10
GENUSPAPER, EQ, 10-Jun-2026,12.31,12.27,12.46,12.0,12.12,12.11,12.2,22616,2.76,225,16686.0, 73.78,2026-06-10
GENUSPOWER, EQ, 10-Jun-2026,303.8,308.0,326.15,303.7,308.0,308.3,317.3,1804401,5725.45,31635,593024.0, 32.87,2026-06-10
GEOJITFSL, EQ, 10-Jun-2026,73.89,73.8,75.34,71.09,72.3,72.24,73.27,269011,197.11,2445,129290.0, 48.06,2026-06-10
GESHIP, EQ, 10-Jun-2026,1442.2,1448.0,1458.0,1360.0,1367.0,1367.8,1390.34,926647,12883.58,41700,435332.0, 46.98,2026-06-10
GFLLIMITED, EQ, 10-Jun-2026,44.77,44.5,46.63,44.5,46.35,46.38,45.91,35734,16.4,836,21047.0, 58.90,2026-06-10
GGBL, SM, 10-Jun-2026,312.95,311.55,315.0,301.65,305.5,303.65,306.94,33300,102.21,89,24300.0, 72.97,2026-06-10
GHCL, EQ, 10-Jun-2026,438.15,441.5,446.95,431.4,432.1,432.95,438.64,287226,1259.89,15159,174620.0, 60.80,2026-06-10
GHCLTEXTIL, EQ, 10-Jun-2026,96.88,96.74,97.9,93.5,93.5,94.1,95.31,290443,276.82,3620,170759.0, 58.79,2026-06-10
GICHSGFIN, EQ, 10-Jun-2026,150.3,149.99,159.3,149.15,153.9,154.29,156.05,784474,1224.21,9722,220215.0, 28.07,2026-06-10
GICL, EQ, 10-Jun-2026,21.55,21.6,22.68,20.85,22.48,22.18,21.72,439368,95.45,1754,205952.0, 46.87,2026-06-10
GICRE, EQ, 10-Jun-2026,388.0,388.0,388.0,378.3,379.75,380.05,382.44,273030,1044.16,9781,156237.0, 57.22,2026-06-10
GILLANDERS, EQ, 10-Jun-2026,89.5,88.5,90.75,87.34,88.47,88.06,88.27,2289,2.02,40,1835.0, 80.17,2026-06-10
GILLETTE, EQ, 10-Jun-2026,7657.5,7680.0,7945.0,7673.0,7726.0,7701.5,7825.67,35295,2762.07,11355,12388.0, 35.10,2026-06-10
GILT10BETA, EQ, 10-Jun-2026,26.04,26.01,26.01,25.92,25.93,25.92,25.96,557,0.14,20,303.0, 54.40,2026-06-10
GILT5BETA, EQ, 10-Jun-2026,65.26,65.74,65.74,64.87,65.19,65.19,65.07,754,0.49,15,480.0, 63.66,2026-06-10
GILT5YBEES, EQ, 10-Jun-2026,65.31,65.49,65.5,65.08,65.25,65.2,65.35,188059,122.9,600,153469.0, 81.61,2026-06-10
GINNIFILA, EQ, 10-Jun-2026,42.23,42.22,43.39,41.0,43.29,42.96,41.99,96159,40.38,1456,46189.0, 48.03,2026-06-10
GIPCL, EQ, 10-Jun-2026,166.28,165.9,168.68,159.06,160.23,160.21,162.68,368721,599.83,5669,222159.0, 60.25,2026-06-10
GIRIRAJ, ST, 10-Jun-2026,145.0,140.0,140.0,140.0,140.0,140.0,140.0,250,0.35,1,250.0, 100.00,2026-06-10
GJL, ST, 10-Jun-2026,131.55,130.0,138.1,130.0,138.1,138.1,135.24,13600,18.39,12,13600.0, 100.00,2026-06-10
GKENERGY, EQ, 10-Jun-2026,141.27,142.8,144.4,136.1,138.4,137.01,140.89,797776,1123.98,10698,352378.0, 44.17,2026-06-10
GKSL, EQ, 10-Jun-2026,129.29,130.99,132.5,122.24,124.5,124.27,125.76,407704,512.73,4172,181635.0, 44.55,2026-06-10
GKWLIMITED, EQ, 10-Jun-2026,1828.7,1880.0,1880.0,1777.0,1810.0,1824.4,1843.82,676,12.46,73,502.0, 74.26,2026-06-10
GLAND, EQ, 10-Jun-2026,2288.5,2299.0,2341.5,2250.0,2270.0,2267.8,2300.31,320379,7369.7,25371,135858.0, 42.41,2026-06-10
GLAXO, EQ, 10-Jun-2026,2194.7,2204.8,2210.0,2164.0,2171.0,2174.9,2179.23,68793,1499.16,8653,38874.0, 56.51,2026-06-10
GLENMARK, EQ, 10-Jun-2026,2209.6,2232.0,2252.5,2137.1,2146.0,2144.4,2198.57,1127230,24782.97,41165,349638.0, 31.02,2026-06-10
GLFL, BE, 10-Jun-2026,5.92,5.72,6.03,5.72,6.02,6.02,5.99,2831,0.17,6,, -,2026-06-10
GLOBAL, EQ, 10-Jun-2026,103.36,102.27,105.5,102.1,102.3,102.53,103.78,46477,48.23,618,25977.0, 55.89,2026-06-10
GLOBALE, BE, 10-Jun-2026,12.5,12.1,12.85,11.88,11.88,11.88,12.05,17572,2.12,53,, -,2026-06-10
GLOBALVECT, EQ, 10-Jun-2026,161.42,164.7,169.99,161.33,162.4,162.53,166.05,7211,11.97,446,4387.0, 60.84,2026-06-10
GLOBE, EQ, 10-Jun-2026,2.29,2.3,2.38,2.26,2.3,2.29,2.3,91299,2.1,138,70074.0, 76.75,2026-06-10
GLOBECIVIL, BE, 10-Jun-2026,40.13,39.0,40.87,39.0,39.58,39.53,39.64,16149,6.4,147,, -,2026-06-10
GLOBUSSPR, EQ, 10-Jun-2026,846.1,852.9,852.9,836.0,836.0,838.9,844.2,36053,304.36,2301,20680.0, 57.36,2026-06-10
GLOSTERLTD, EQ, 10-Jun-2026,670.75,677.95,679.4,661.5,666.0,668.8,671.44,6194,41.59,272,5234.0, 84.50,2026-06-10
GLOTTIS, BE, 10-Jun-2026,66.89,65.39,67.89,65.39,67.49,66.59,66.83,131131,87.64,1543,, -,2026-06-10
GMBREW, EQ, 10-Jun-2026,894.25,900.0,911.05,877.0,877.0,879.8,893.13,26597,237.54,2211,11559.0, 43.46,2026-06-10
GMDCLTD, EQ, 10-Jun-2026,627.8,630.0,630.45,602.0,603.7,604.3,612.04,1919699,11749.28,37053,771808.0, 40.20,2026-06-10
GML, SM, 10-Jun-2026,18.3,18.0,18.3,18.0,18.3,18.3,18.15,4000,0.73,2,4000.0, 100.00,2026-06-10
GMMPFAUDLR, EQ, 10-Jun-2026,771.75,774.8,778.95,756.05,759.0,757.6,765.95,91080,697.62,5594,54867.0, 60.24,2026-06-10
GMRAIRPORT, EQ, 10-Jun-2026,102.61,103.0,103.29,100.6,101.01,100.92,102.16,16309179,16661.01,49871,8842155.0, 54.22,2026-06-10
GMRP&UI, EQ, 10-Jun-2026,107.16,107.12,107.9,104.6,104.75,104.85,106.06,1113349,1180.81,7561,700438.0, 62.91,2026-06-10
GNA, EQ, 10-Jun-2026,348.8,348.6,371.95,347.5,356.0,357.25,360.71,325223,1173.12,8209,113390.0, 34.87,2026-06-10
GNFC, EQ, 10-Jun-2026,498.85,502.0,509.4,491.1,492.0,493.6,500.52,405859,2031.39,14411,170733.0, 42.07,2026-06-10
GNRL, EQ, 10-Jun-2026,93.06,94.92,94.92,90.92,93.9,93.31,92.59,105256,97.46,1542,62635.0, 59.51,2026-06-10
GOACARBON, EQ, 10-Jun-2026,396.0,398.0,398.8,387.0,387.0,389.75,392.35,3974,15.59,312,2874.0, 72.32,2026-06-10
GOCLCORP, EQ, 10-Jun-2026,398.85,399.9,401.85,383.5,383.5,386.25,391.32,60997,238.69,2541,34209.0, 56.08,2026-06-10
GOCOLORS, EQ, 10-Jun-2026,391.0,393.75,398.0,356.55,359.9,362.1,375.94,1885952,7090.0,21912,242060.0, 12.83,2026-06-10
GODAVARIB, EQ, 10-Jun-2026,283.7,285.0,285.5,276.05,279.5,276.95,280.99,53657,150.77,1476,29339.0, 54.68,2026-06-10
GODFRYPHLP, EQ, 10-Jun-2026,2263.2,2269.0,2282.3,2224.4,2232.9,2234.6,2260.84,221599,5010.0,14160,55826.0, 25.19,2026-06-10
GODIGIT, EQ, 10-Jun-2026,300.95,298.5,304.85,290.8,292.0,293.65,296.24,827651,2451.85,17736,555845.0, 67.16,2026-06-10
GODREJAGRO, EQ, 10-Jun-2026,568.5,568.5,572.0,559.7,560.1,560.65,564.61,146316,826.11,7306,93001.0, 63.56,2026-06-10
GODREJCP, EQ, 10-Jun-2026,1013.2,1018.0,1039.5,1010.1,1029.0,1027.6,1031.55,1601364,16518.95,35453,923899.0, 57.69,2026-06-10
GODREJIND, EQ, 10-Jun-2026,1046.2,1050.0,1070.8,1021.0,1026.3,1033.0,1051.75,123725,1301.28,9723,27929.0, 22.57,2026-06-10
GODREJPROP, EQ, 10-Jun-2026,1684.3,1684.3,1687.8,1632.9,1643.0,1641.5,1665.46,371125,6180.96,15582,109897.0, 29.61,2026-06-10
GOKEX, EQ, 10-Jun-2026,679.0,675.6,678.0,665.0,666.0,667.05,669.38,194906,1304.66,10285,82434.0, 42.29,2026-06-10
GOKUL, EQ, 10-Jun-2026,40.68,40.92,41.25,40.58,41.0,40.94,40.93,121538,49.75,438,9276.0, 7.63,2026-06-10
GOKULAGRO, EQ, 10-Jun-2026,233.9,233.44,238.02,231.2,233.0,232.97,234.93,321895,756.22,9386,111132.0, 34.52,2026-06-10
GOLD1, EQ, 10-Jun-2026,126.42,123.89,124.95,120.01,122.04,121.99,122.31,2441302,2986.02,12901,1107807.0, 45.38,2026-06-10
GOLD360, EQ, 10-Jun-2026,147.5,145.0,145.9,142.15,143.3,142.7,143.29,113468,162.58,690,56212.0, 49.54,2026-06-10
GOLDADD, EQ, 10-Jun-2026,147.25,143.0,143.6,141.88,142.3,142.57,142.55,2228413,3176.56,5483,1512482.0, 67.87,2026-06-10
GOLDBEES, EQ, 10-Jun-2026,125.39,121.96,122.65,120.9,121.3,121.15,121.6,46789693,56893.97,204492,24927534.0, 53.28,2026-06-10
GOLDBETA, EQ, 10-Jun-2026,127.55,126.15,126.15,123.15,123.7,123.55,123.83,683183,845.95,4947,409088.0, 59.88,2026-06-10
GOLDBND, EQ, 10-Jun-2026,151.51,149.5,149.5,146.04,146.47,146.34,146.94,7419,10.9,272,2709.0, 36.51,2026-06-10
GOLDCASE, EQ, 10-Jun-2026,23.85,24.33,24.33,23.02,23.04,23.07,23.14,12940789,2994.02,22064,5576977.0, 43.10,2026-06-10
GOLDENTOBC, BZ, 10-Jun-2026,25.59,25.34,26.11,24.92,26.0,26.0,25.54,507,0.13,21,, -,2026-06-10
GOLDETF, EQ, 10-Jun-2026,147.12,143.73,144.2,142.05,142.13,142.24,142.83,2784755,3977.39,20136,1795328.0, 64.47,2026-06-10
GOLDIAM, EQ, 10-Jun-2026,434.45,438.1,458.0,427.1,430.0,431.6,446.65,2181166,9742.18,42838,640993.0, 29.39,2026-06-10
GOLDIETF, EQ, 10-Jun-2026,129.91,127.48,127.48,125.09,125.45,125.45,125.79,8369066,10527.5,53930,4841164.0, 57.85,2026-06-10
GOLDSTAR, SM, 10-Jun-2026,8.0,7.6,7.6,7.6,7.6,7.6,7.6,78750,5.99,4,78750.0, 100.00,2026-06-10
GOLDTECH, EQ, 10-Jun-2026,42.81,42.96,44.1,41.15,42.0,41.72,43.42,254563,110.52,725,230578.0, 90.58,2026-06-10
GOODLUCK, EQ, 10-Jun-2026,1332.7,1324.9,1350.0,1295.1,1304.0,1302.3,1321.97,78318,1035.34,5081,44812.0, 57.22,2026-06-10
GOODYEAR, EQ, 10-Jun-2026,732.0,732.0,748.4,722.0,731.05,734.8,732.29,8211,60.13,808,5014.0, 61.06,2026-06-10
GOPAL, EQ, 10-Jun-2026,282.25,282.25,286.95,275.1,278.85,278.35,280.48,102205,286.66,2411,40160.0, 39.29,2026-06-10
GOYALALUM, EQ, 10-Jun-2026,6.98,7.0,7.15,6.68,6.88,6.92,6.94,143746,9.97,836,114209.0, 79.45,2026-06-10
GPECO, ST, 10-Jun-2026,466.0,465.0,471.0,455.0,465.0,462.4,465.02,11000,51.15,48,9800.0, 89.09,2026-06-10
GPIL, EQ, 10-Jun-2026,274.95,275.1,279.0,274.8,277.6,277.1,277.01,1110552,3076.29,13469,624765.0, 56.26,2026-06-10
GPPL, EQ, 10-Jun-2026,154.33,154.0,156.1,151.5,152.0,152.1,153.62,886492,1361.84,12411,573203.0, 64.66,2026-06-10
GPTHEALTH, EQ, 10-Jun-2026,149.98,151.3,152.03,146.1,148.0,148.25,149.78,71857,107.63,1177,36880.0, 51.32,2026-06-10
GPTINFRA, EQ, 10-Jun-2026,114.21,113.7,115.39,111.23,111.97,112.35,113.38,111480,126.4,1575,56015.0, 50.25,2026-06-10
GRADIENTE, EQ, 10-Jun-2026,2.65,2.52,2.52,2.52,2.52,2.52,2.52,332462,8.38,131,332462.0, 100.00,2026-06-10
GRANDOAK, EQ, 10-Jun-2026,31.61,33.99,37.93,32.51,37.93,37.93,37.23,1569589,584.35,5417,318740.0, 20.31,2026-06-10
GRANULES, EQ, 10-Jun-2026,765.05,769.9,780.0,760.0,763.95,760.8,769.65,1563748,12035.39,27423,654919.0, 41.88,2026-06-10
GRAPHISAD, SM, 10-Jun-2026,30.0,29.2,29.2,29.15,29.2,29.2,29.18,3600,1.05,3,2400.0, 66.67,2026-06-10
GRAPHITE, EQ, 10-Jun-2026,667.1,674.0,675.95,633.15,634.9,637.05,648.39,984152,6381.11,26024,427617.0, 43.45,2026-06-10
GRASIM, EQ, 10-Jun-2026,3095.5,3090.0,3132.0,3065.5,3077.3,3071.2,3102.62,792811,24597.91,45903,443201.0, 55.90,2026-06-10
GRAUWEIL, EQ, 10-Jun-2026,74.42,74.9,75.0,71.5,72.0,71.88,72.62,182135,132.27,1935,132079.0, 72.52,2026-06-10
GRAVISSHO, EQ, 10-Jun-2026,30.36,29.26,30.85,28.21,28.55,29.11,29.39,39762,11.69,335,37264.0, 93.72,2026-06-10
GRAVITA, EQ, 10-Jun-2026,1587.0,1584.9,1588.5,1561.0,1565.7,1579.9,1576.24,77359,1219.37,11594,36074.0, 46.63,2026-06-10
GRCL, ST, 10-Jun-2026,540.0,557.9,557.9,535.0,535.0,535.0,543.63,750,4.08,3,750.0, 100.00,2026-06-10
GREAVESCOT, EQ, 10-Jun-2026,190.23,191.27,191.29,179.05,179.5,180.03,184.48,1139782,2102.64,13388,527386.0, 46.27,2026-06-10
GREENCHEF, SM, 10-Jun-2026,47.8,48.7,50.15,48.7,50.15,50.15,49.68,15200,7.55,16,8800.0, 57.89,2026-06-10
GREENLAM, EQ, 10-Jun-2026,234.47,234.01,251.38,234.01,240.65,239.68,243.15,449634,1093.27,11419,135148.0, 30.06,2026-06-10
GREENLEAF, SM, 10-Jun-2026,60.2,62.0,62.0,57.2,57.2,57.45,59.09,48000,28.37,43,41000.0, 85.42,2026-06-10
GREENPANEL, EQ, 10-Jun-2026,196.65,197.7,200.19,189.08,190.0,189.93,193.71,73218,141.83,3038,36491.0, 49.84,2026-06-10
GREENPLY, EQ, 10-Jun-2026,288.68,292.0,294.0,279.1,282.99,281.21,287.07,232137,666.4,13750,112785.0, 48.59,2026-06-10
GREENPOWER, EQ, 10-Jun-2026,11.26,11.3,11.35,11.02,11.07,11.09,11.12,2025302,225.27,3477,908367.0, 44.85,2026-06-10
GRINDWELL, EQ, 10-Jun-2026,1933.2,1932.3,1967.0,1900.1,1929.9,1914.8,1936.95,24917,482.63,4868,13301.0, 53.38,2026-06-10
GRINFRA, EQ, 10-Jun-2026,862.3,868.7,869.2,851.55,861.0,859.55,859.22,46029,395.49,5245,16428.0, 35.69,2026-06-10
GRMOVER, EQ, 10-Jun-2026,98.33,100.0,102.51,89.1,90.8,91.05,94.07,19311850,18166.49,79973,6230838.0, 32.26,2026-06-10
GROBTEA, EQ, 10-Jun-2026,893.5,924.8,939.4,900.0,921.0,926.4,917.75,84,0.77,16,40.0, 47.62,2026-06-10
GROWW, EQ, 10-Jun-2026,195.25,195.25,196.64,190.66,191.1,191.6,193.56,17594092,34054.59,129546,7277509.0, 41.36,2026-06-10
GROWWCAPM, EQ, 10-Jun-2026,11.2,11.39,11.39,10.91,11.15,10.96,11.06,432102,47.79,964,348877.0, 80.74,2026-06-10
GROWWCHEM, EQ, 10-Jun-2026,28.95,29.14,29.38,28.73,28.73,28.95,29.16,41110,11.99,254,22238.0, 54.09,2026-06-10
GROWWDEFNC, EQ, 10-Jun-2026,91.42,92.32,92.33,89.3,89.75,89.9,90.65,177279,160.7,2504,90201.0, 50.88,2026-06-10
GROWWEV, EQ, 10-Jun-2026,30.6,30.75,30.94,30.12,30.49,30.29,30.38,180945,54.98,1671,86799.0, 47.97,2026-06-10
GROWWGOLD, EQ, 10-Jun-2026,14.82,14.41,14.49,14.28,14.34,14.34,14.38,3799124,546.16,5310,1835279.0, 48.31,2026-06-10
GROWWHOSPI, EQ, 10-Jun-2026,52.05,51.43,52.51,51.43,52.5,51.89,52.23,313216,163.59,1385,191258.0, 61.06,2026-06-10
GROWWLIQID, EQ, 10-Jun-2026,109.39,109.41,109.42,109.41,109.42,109.41,109.41,162277,177.55,218,109762.0, 67.64,2026-06-10
GROWWLOVOL, EQ, 10-Jun-2026,10.06,10.06,10.2,9.99,10.03,10.0,10.12,44695,4.52,146,10340.0, 23.13,2026-06-10
GROWWMC150, EQ, 10-Jun-2026,221.83,225.02,225.02,219.0,219.0,219.39,221.41,526,1.16,36,321.0, 61.03,2026-06-10
GROWWMETAL, EQ, 10-Jun-2026,12.32,12.07,12.57,12.07,12.11,12.09,12.18,565822,68.93,1995,265113.0, 46.85,2026-06-10
GROWWMOM50, EQ, 10-Jun-2026,10.51,10.54,10.63,10.32,10.45,10.35,10.42,204337,21.29,526,60009.0, 29.37,2026-06-10
GROWWN200, EQ, 10-Jun-2026,10.92,10.6,11.03,10.6,11.03,10.89,10.9,49553,5.4,272,33212.0, 67.02,2026-06-10
GROWWNET, EQ, 10-Jun-2026,8.8,8.96,8.96,8.65,8.78,8.71,8.76,91373,8.01,506,63645.0, 69.65,2026-06-10
GROWWNIFTY, EQ, 10-Jun-2026,9.33,9.56,9.56,9.31,9.36,9.32,9.37,359883,33.71,1453,205875.0, 57.21,2026-06-10
GROWWNXT50, EQ, 10-Jun-2026,69.99,69.99,70.34,68.97,68.97,69.46,69.96,18667,13.06,85,8808.0, 47.18,2026-06-10
GROWWPOWER, EQ, 10-Jun-2026,12.07,12.13,12.18,11.79,11.92,11.85,11.93,3525085,420.41,3924,2397297.0, 68.01,2026-06-10
GROWWPSE, EQ, 10-Jun-2026,100.71,99.7,101.47,99.15,99.46,99.49,100.04,2843,2.84,105,1346.0, 47.34,2026-06-10
GROWWPSUBK, EQ, 10-Jun-2026,85.45,87.88,87.88,83.58,87.0,83.76,84.64,53019,44.88,443,6893.0, 13.00,2026-06-10
GROWWRAIL, EQ, 10-Jun-2026,29.41,29.56,29.7,28.9,29.16,28.96,29.19,582176,169.92,3438,414521.0, 71.20,2026-06-10
GROWWRLTY, EQ, 10-Jun-2026,8.5,8.5,8.7,8.36,8.51,8.38,8.45,109036,9.22,492,76549.0, 70.21,2026-06-10
GROWWSC250, EQ, 10-Jun-2026,9.74,9.84,9.84,9.62,9.79,9.66,9.78,212401,20.76,461,121300.0, 57.11,2026-06-10
GROWWSLVR, EQ, 10-Jun-2026,23.76,23.05,23.05,22.52,22.68,22.58,22.72,5024207,1141.39,7754,1506884.0, 29.99,2026-06-10
GRPLTD, EQ, 10-Jun-2026,1739.8,1740.7,1750.0,1652.6,1665.0,1667.1,1712.32,3772,64.59,570,2670.0, 70.78,2026-06-10
GRSE, EQ, 10-Jun-2026,2672.6,2685.0,2693.4,2593.3,2598.0,2604.0,2639.95,504556,13320.0,30699,177317.0, 35.14,2026-06-10
GRWRHITECH, EQ, 10-Jun-2026,6225.0,6255.0,6315.0,6120.0,6175.0,6208.0,6222.36,75224,4680.71,15232,31114.0, 41.36,2026-06-10
GSEC10IETF, EQ, 10-Jun-2026,259.99,259.06,260.35,259.06,260.07,260.07,259.14,132,0.34,7,132.0, 100.00,2026-06-10
GSEC10YEAR, EQ, 10-Jun-2026,30.15,30.31,30.31,29.98,29.99,29.99,30.05,17156,5.16,23,11136.0, 64.91,2026-06-10
GSEC5IETF, EQ, 10-Jun-2026,65.41,65.73,65.91,65.2,65.85,65.34,65.52,44209,28.97,45,21202.0, 47.96,2026-06-10
GSFC, EQ, 10-Jun-2026,163.07,164.09,167.68,162.9,163.0,163.04,164.91,1177707,1942.14,13658,413929.0, 35.15,2026-06-10
GSLSU, EQ, 10-Jun-2026,53.82,52.78,53.69,52.11,52.55,52.59,52.82,19506,10.3,730,10528.0, 53.97,2026-06-10
GSMFOILS, SM, 10-Jun-2026,203.45,202.0,207.85,202.0,203.0,203.0,203.76,30000,61.13,51,18500.0, 61.67,2026-06-10
GSPCROP, EQ, 10-Jun-2026,435.5,439.0,440.0,424.85,426.5,428.95,433.4,200025,866.9,4404,46824.0, 23.41,2026-06-10
GSS, BE, 10-Jun-2026,12.74,12.71,12.71,12.5,12.65,12.62,12.56,4181,0.53,66,, -,2026-06-10
GTECJAINX, BE, 10-Jun-2026,36.44,34.62,34.62,34.62,34.62,34.62,34.62,1605,0.56,40,, -,2026-06-10
GTL, EQ, 10-Jun-2026,8.62,8.45,8.75,8.25,8.3,8.3,8.35,482389,40.3,1046,350758.0, 72.71,2026-06-10
GTLINFRA, EQ, 10-Jun-2026,1.54,1.55,1.57,1.43,1.46,1.44,1.48,102601723,1521.24,20085,44004201.0, 42.89,2026-06-10
GTPL, EQ, 10-Jun-2026,63.44,66.3,66.3,63.5,63.5,63.62,64.58,16929,10.93,474,9805.0, 57.92,2026-06-10
GUFICBIO, EQ, 10-Jun-2026,386.8,385.0,388.15,358.5,363.0,364.05,370.22,135096,500.15,5313,68455.0, 50.67,2026-06-10
GUJALKALI, EQ, 10-Jun-2026,633.25,632.5,649.0,613.65,617.6,619.65,634.42,57441,364.41,3327,18202.0, 31.69,2026-06-10
GUJAPOLLO, EQ, 10-Jun-2026,371.65,374.85,377.0,366.1,367.0,369.65,373.07,3915,14.61,344,3196.0, 81.63,2026-06-10
GUJGASLTD, EQ, 10-Jun-2026,392.15,393.8,395.0,379.0,380.0,381.3,385.16,263057,1013.18,14819,148967.0, 56.63,2026-06-10
GUJRAFFIA, EQ, 10-Jun-2026,41.2,41.0,42.0,40.01,41.0,41.76,41.37,439,0.18,16,373.0, 84.97,2026-06-10
GUJTHEM, EQ, 10-Jun-2026,401.15,401.15,410.0,380.5,381.25,384.05,390.77,126650,494.91,4913,60663.0, 47.90,2026-06-10
GULFOILLUB, EQ, 10-Jun-2026,914.2,915.0,929.9,903.55,916.0,917.95,914.45,72818,665.88,5183,40990.0, 56.29,2026-06-10
GULFPETRO, BE, 10-Jun-2026,40.26,40.17,40.17,38.25,38.25,38.25,38.35,118669,45.51,298,, -,2026-06-10
GULPOLY, EQ, 10-Jun-2026,214.95,214.98,216.76,203.6,207.7,204.85,210.89,457133,964.06,8685,202975.0, 44.40,2026-06-10
GURUNANAK, ST, 10-Jun-2026,36.4,35.7,36.0,35.7,36.0,36.0,35.85,3200,1.15,2,3200.0, 100.00,2026-06-10
GVKPIL, BE, 10-Jun-2026,2.93,2.94,2.94,2.88,2.9,2.9,2.89,933341,26.95,929,, -,2026-06-10
GVPIL, EQ, 10-Jun-2026,905.5,912.2,935.95,898.0,910.0,909.6,919.67,407376,3746.51,11718,208456.0, 51.17,2026-06-10
GVPTECH, EQ, 10-Jun-2026,6.41,6.45,6.55,6.21,6.3,6.35,6.41,16053,1.03,127,11364.0, 70.79,2026-06-10
GVPTECHPP, E1, 10-Jun-2026,2.38,2.5,2.85,2.5,2.69,2.83,2.75,8975,0.25,46,6595.0, 73.48,2026-06-10
GVT&D, EQ, 10-Jun-2026,4931.0,4950.0,5014.0,4810.0,4870.0,4866.0,4892.69,680233,33281.7,69067,402073.0, 59.11,2026-06-10
HAL, EQ, 10-Jun-2026,4263.8,4284.5,4321.0,4197.6,4220.0,4219.2,4264.2,674281,28752.71,41428,328534.0, 48.72,2026-06-10
HALDER, EQ, 10-Jun-2026,232.36,230.0,240.0,223.0,227.0,227.5,236.27,28162,66.54,77,5371.0, 19.07,2026-06-10
HALDYNGL, EQ, 10-Jun-2026,123.89,124.49,125.72,121.11,124.0,123.7,123.55,174186,215.2,4252,81280.0, 46.66,2026-06-10
HALEOSLABS, EQ, 10-Jun-2026,1407.9,1372.7,1405.8,1369.2,1401.0,1400.5,1391.75,562,7.82,77,441.0, 78.47,2026-06-10
HAPPSTMNDS, EQ, 10-Jun-2026,352.8,353.5,355.5,346.05,347.0,348.85,350.63,549579,1926.99,19644,224421.0, 40.84,2026-06-10
HAPPYFORGE, EQ, 10-Jun-2026,1363.0,1354.3,1369.2,1345.0,1358.0,1351.4,1356.21,51877,703.56,7748,29234.0, 56.35,2026-06-10
HARDWYN, EQ, 10-Jun-2026,24.73,24.73,25.1,23.8,24.0,24.02,24.55,3949610,969.77,4642,829869.0, 21.01,2026-06-10
HARIOMPIPE, EQ, 10-Jun-2026,427.55,431.9,440.0,392.1,394.55,395.1,410.04,562407,2306.08,16991,237123.0, 42.16,2026-06-10
HARRMALAYA, EQ, 10-Jun-2026,195.66,200.97,214.11,199.93,202.7,202.41,207.47,61245,127.07,1882,23507.0, 38.38,2026-06-10
HARSHA, EQ, 10-Jun-2026,395.95,396.55,414.7,396.55,400.0,401.0,405.81,333907,1355.02,9088,162449.0, 48.65,2026-06-10
HATHWAY, EQ, 10-Jun-2026,10.82,10.9,10.91,10.56,10.62,10.66,10.74,1541329,165.57,2330,858391.0, 55.69,2026-06-10
HATSUN, EQ, 10-Jun-2026,914.7,917.95,917.95,891.0,892.0,892.1,901.62,13350,120.37,1177,8375.0, 62.73,2026-06-10
HAVELLS, EQ, 10-Jun-2026,1150.5,1150.4,1165.9,1147.8,1155.2,1155.5,1156.68,673056,7785.08,32305,390510.0, 58.02,2026-06-10
HAVISHA, EQ, 10-Jun-2026,1.47,1.5,1.5,1.33,1.47,1.45,1.43,42776,0.61,133,29206.0, 68.28,2026-06-10
HAWKINCOOK, EQ, 10-Jun-2026,7742.0,7800.0,7856.0,7669.0,7700.0,7708.5,7762.34,1376,106.81,602,954.0, 69.33,2026-06-10
HBESD, EQ, 10-Jun-2026,76.56,76.56,76.56,71.0,75.49,74.84,74.3,397,0.29,18,232.0, 58.44,2026-06-10
HBLENGINE, EQ, 10-Jun-2026,781.4,780.55,781.9,750.0,752.5,753.95,762.5,975424,7437.62,31180,503091.0, 51.58,2026-06-10
HBSL, BE, 10-Jun-2026,53.36,53.0,54.0,52.36,52.7,52.7,53.46,579,0.31,19,, -,2026-06-10
HCC, EQ, 10-Jun-2026,23.42,23.55,23.7,22.2,22.32,22.35,22.85,27660853,6319.33,27703,12057093.0, 43.59,2026-06-10
HCG, EQ, 10-Jun-2026,634.95,638.3,642.95,631.6,638.0,636.0,636.99,65009,414.1,5253,41647.0, 64.06,2026-06-10
HCL-INSYS, EQ, 10-Jun-2026,12.79,12.79,12.95,11.5,12.12,12.16,12.37,475364,58.81,1951,267809.0, 56.34,2026-06-10
HCLTECH, EQ, 10-Jun-2026,1146.3,1140.8,1152.0,1130.0,1130.9,1132.1,1141.62,1600595,18272.78,59740,990407.0, 61.88,2026-06-10
HDBFS, EQ, 10-Jun-2026,627.3,627.55,628.5,613.2,620.75,620.1,620.63,463626,2877.38,17670,276434.0, 59.62,2026-06-10
HDFCAMC, EQ, 10-Jun-2026,2503.3,2503.3,2510.4,2436.3,2446.5,2447.8,2469.14,673825,16637.7,62854,372118.0, 55.22,2026-06-10
HDFCBANK, EQ, 10-Jun-2026,738.35,736.5,755.95,736.4,747.8,746.85,744.98,44458159,331206.48,323114,23670967.0, 53.24,2026-06-10
HDFCBSE500, EQ, 10-Jun-2026,36.98,36.7,36.7,35.36,35.74,35.74,35.92,167000,59.98,1072,149345.0, 89.43,2026-06-10
HDFCGOLD, EQ, 10-Jun-2026,129.49,132.72,132.72,125.0,125.3,125.31,125.62,5743573,7215.16,21140,2889989.0, 50.32,2026-06-10
HDFCGROWTH, EQ, 10-Jun-2026,111.73,112.28,112.45,110.82,111.14,111.16,111.72,7778,8.69,176,4793.0, 61.62,2026-06-10
HDFCLIFE, EQ, 10-Jun-2026,560.6,560.5,567.1,547.5,550.1,549.55,554.95,3075495,17067.44,58592,2004897.0, 65.19,2026-06-10
HDFCLIQUID, EQ, 10-Jun-2026,1064.09,1064.26,1064.26,1064.24,1064.26,1064.25,1064.25,16057,170.89,48,11387.0, 70.92,2026-06-10
HDFCLOWVOL, EQ, 10-Jun-2026,19.67,19.87,19.89,19.7,19.76,19.77,19.81,2966,0.59,74,2110.0, 71.14,2026-06-10
HDFCMID150, EQ, 10-Jun-2026,22.5,22.64,22.64,22.12,22.2,22.19,22.41,408081,91.47,1654,245533.0, 60.17,2026-06-10
HDFCMOMENT, EQ, 10-Jun-2026,30.32,29.7,30.46,29.7,30.42,29.96,30.17,63186,19.06,637,34551.0, 54.68,2026-06-10
HDFCNEXT50, EQ, 10-Jun-2026,71.44,71.65,71.65,70.51,71.44,70.73,71.11,39173,27.86,558,30292.0, 77.33,2026-06-10
HDFCNIF100, EQ, 10-Jun-2026,24.96,24.87,25.23,24.84,25.15,24.95,25.12,36526,9.18,245,22453.0, 61.47,2026-06-10
HDFCNIFBAN, EQ, 10-Jun-2026,56.58,56.57,56.94,56.38,56.38,56.45,56.75,1254756,712.12,682,857309.0, 68.32,2026-06-10
HDFCNIFIT, EQ, 10-Jun-2026,30.39,30.75,30.75,30.09,30.13,30.12,30.25,118023,35.71,361,81991.0, 69.47,2026-06-10
HDFCNIFTY, EQ, 10-Jun-2026,261.22,262.16,262.49,260.11,261.08,260.54,261.61,54443,142.43,1083,32890.0, 60.41,2026-06-10
HDFCPSUBK, EQ, 10-Jun-2026,86.21,86.5,86.5,84.8,84.8,84.98,85.51,53130,45.43,287,45800.0, 86.20,2026-06-10
HDFCPVTBAN, EQ, 10-Jun-2026,27.0,27.7,27.7,26.97,27.07,27.14,27.21,120139,32.69,337,70769.0, 58.91,2026-06-10
HDFCQUAL, EQ, 10-Jun-2026,56.7,56.7,57.02,56.11,56.3,56.13,56.62,4497,2.55,87,2781.0, 61.84,2026-06-10
HDFCSENSEX, EQ, 10-Jun-2026,83.66,83.99,84.3,83.58,84.2,83.8,84.02,63284,53.17,854,31252.0, 49.38,2026-06-10
HDFCSILVER, EQ, 10-Jun-2026,232.11,226.3,226.3,219.62,220.2,220.26,221.32,10232024,22645.72,35845,5182399.0, 50.65,2026-06-10
HDFCSML250, EQ, 10-Jun-2026,170.86,171.01,172.0,168.37,168.6,168.66,169.87,1694481,2878.45,11088,923932.0, 54.53,2026-06-10
HDFCVALUE, EQ, 10-Jun-2026,126.23,126.66,127.1,126.22,126.25,126.37,126.58,1683,2.13,63,1130.0, 67.14,2026-06-10
HDIL, BZ, 10-Jun-2026,1.93,1.91,2.0,1.88,1.9,1.89,1.92,253424,4.87,210,, -,2026-06-10
HEADSUP, EQ, 10-Jun-2026,7.19,7.16,7.25,6.96,7.0,7.01,7.05,9868,0.7,145,8452.0, 85.65,2026-06-10
HEALTHADD, EQ, 10-Jun-2026,156.76,156.89,157.95,155.98,155.98,156.19,156.69,1048,1.64,29,722.0, 68.89,2026-06-10
HEALTHCARE, EQ, 10-Jun-2026,20.05,20.15,20.27,19.95,20.0,19.97,20.17,49041,9.89,138,34189.0, 69.72,2026-06-10
HEALTHIETF, EQ, 10-Jun-2026,159.31,160.08,160.75,157.83,158.7,158.4,159.63,83840,133.83,1246,57862.0, 69.01,2026-06-10
HEALTHX, EQ, 10-Jun-2026,293.2,290.25,298.95,286.0,286.0,286.5,290.8,9181,26.7,602,5486.0, 59.75,2026-06-10
HEALTHY, EQ, 10-Jun-2026,15.99,16.18,16.18,15.63,15.89,15.9,16.0,297198,47.56,1021,163219.0, 54.92,2026-06-10
HECPROJECT, EQ, 10-Jun-2026,121.83,121.4,125.37,118.12,121.3,120.15,121.39,3815,4.63,218,2449.0, 64.19,2026-06-10
HEG, EQ, 10-Jun-2026,527.75,532.9,535.9,515.0,516.65,518.35,523.03,586430,3067.19,18309,247436.0, 42.19,2026-06-10
HEIDELBERG, EQ, 10-Jun-2026,149.35,149.05,151.59,147.82,147.9,148.07,149.58,160191,239.62,2345,107101.0, 66.86,2026-06-10
HEMIPROP, EQ, 10-Jun-2026,142.98,141.8,142.79,137.6,138.4,138.27,139.77,460632,643.82,4803,276993.0, 60.13,2026-06-10
HERANBA, EQ, 10-Jun-2026,181.35,177.0,199.25,177.0,185.0,187.08,192.73,1228863,2368.4,16235,123428.0, 10.04,2026-06-10
HERITGFOOD, EQ, 10-Jun-2026,319.85,319.75,320.45,315.1,315.1,317.4,318.54,171814,547.29,3700,86007.0, 50.06,2026-06-10
HEROMOTOCO, EQ, 10-Jun-2026,4855.4,4850.6,4985.0,4842.3,4860.0,4856.7,4905.37,632203,31011.91,46912,295014.0, 46.66,2026-06-10
HESTERBIO, EQ, 10-Jun-2026,1942.4,1926.0,1993.1,1924.0,1955.0,1939.2,1943.6,4493,87.33,648,1581.0, 35.19,2026-06-10
HEXATRADEX, EQ, 10-Jun-2026,162.01,163.0,164.91,162.0,162.0,162.35,163.74,1910,3.13,99,1255.0, 65.71,2026-06-10
HEXT, EQ, 10-Jun-2026,521.6,521.0,530.95,511.0,519.0,515.45,518.36,327047,1695.28,21971,160439.0, 49.06,2026-06-10
HFCL, EQ, 10-Jun-2026,178.01,176.08,176.4,169.11,169.11,169.11,170.55,15620529,26640.99,32432,7715874.0, 49.40,2026-06-10
HGINFRA, EQ, 10-Jun-2026,568.3,568.3,572.6,555.2,555.5,557.25,559.38,124680,697.43,7180,44348.0, 35.57,2026-06-10
HGM, EQ, 10-Jun-2026,56.74,57.0,57.0,55.22,55.24,55.69,56.08,1867,1.05,31,1030.0, 55.17,2026-06-10
HGS, EQ, 10-Jun-2026,400.25,415.0,470.0,415.0,444.9,450.35,457.31,1267445,5796.17,27779,129417.0, 10.21,2026-06-10
HIGREEN, SM, 10-Jun-2026,120.45,118.9,118.9,115.05,115.25,115.7,116.74,29600,34.56,35,20000.0, 67.57,2026-06-10
HIKAL, EQ, 10-Jun-2026,181.32,181.32,184.39,177.93,178.52,178.31,181.01,160170,289.92,2609,89183.0, 55.68,2026-06-10
HILINFRA, BE, 10-Jun-2026,47.48,47.6,48.2,47.05,47.5,47.55,47.86,38781,18.56,263,, -,2026-06-10
HILTON, BE, 10-Jun-2026,19.45,19.47,19.55,19.17,19.34,19.21,19.32,47927,9.26,185,, -,2026-06-10
HIMATSEIDE, EQ, 10-Jun-2026,76.88,77.21,78.1,75.5,75.79,75.6,76.66,402996,308.92,2132,228255.0, 56.64,2026-06-10
HINDALCO, EQ, 10-Jun-2026,1076.7,1066.9,1066.9,1034.2,1040.0,1039.3,1044.09,8048339,84032.25,139632,4468088.0, 55.52,2026-06-10
HINDCOMPOS, EQ, 10-Jun-2026,419.4,427.95,427.95,409.95,411.5,412.25,415.39,2515,10.45,255,1574.0, 62.58,2026-06-10
HINDCON, BE, 10-Jun-2026,21.17,21.16,21.57,21.0,21.1,21.15,21.17,7499,1.59,138,, -,2026-06-10
HINDCOPPER, EQ, 10-Jun-2026,519.6,521.0,521.5,506.0,510.8,510.7,510.19,3012690,15370.54,53197,1117895.0, 37.11,2026-06-10
HINDOILEXP, EQ, 10-Jun-2026,183.03,183.01,184.49,174.14,177.8,178.45,177.81,1395290,2480.96,14416,492166.0, 35.27,2026-06-10
HINDPETRO, EQ, 10-Jun-2026,382.0,381.55,384.9,373.75,374.7,374.4,377.34,4575738,17266.02,43365,2219297.0, 48.50,2026-06-10
HINDUNILVR, EQ, 10-Jun-2026,2132.8,2134.9,2204.9,2133.5,2172.3,2169.5,2183.22,2325534,50771.64,109116,855695.0, 36.80,2026-06-10
HINDWAREAP, EQ, 10-Jun-2026,218.95,218.95,220.78,215.5,218.0,218.07,217.82,45423,98.94,1027,31470.0, 69.28,2026-06-10
HINDZINC, EQ, 10-Jun-2026,563.65,554.65,554.85,541.25,548.3,547.55,547.47,7206504,39453.46,93336,2558273.0, 35.50,2026-06-10
HIRECT, EQ, 10-Jun-2026,1098.2,1106.0,1109.5,1046.2,1072.0,1053.3,1077.44,72499,781.13,6022,27133.0, 37.43,2026-06-10
HISARMETAL, EQ, 10-Jun-2026,149.06,148.0,149.0,146.0,146.0,146.0,147.57,748,1.1,21,692.0, 92.51,2026-06-10
HITECH, EQ, 10-Jun-2026,86.28,86.7,89.04,85.71,86.8,86.9,87.47,557255,487.42,4929,225225.0, 40.42,2026-06-10
HITECHCORP, BE, 10-Jun-2026,309.32,319.0,320.0,311.05,314.93,314.65,315.43,40950,129.17,291,, -,2026-06-10
HITECHGEAR, BE, 10-Jun-2026,581.0,583.9,591.5,580.5,580.5,580.55,583.87,1853,10.82,76,, -,2026-06-10
HLEGLAS, EQ, 10-Jun-2026,371.85,375.55,380.8,363.0,365.1,367.5,368.98,105451,389.09,4703,41816.0, 39.65,2026-06-10
HLVLTD, EQ, 10-Jun-2026,7.8,7.65,7.9,7.65,7.71,7.73,7.78,124921,9.72,445,87308.0, 69.89,2026-06-10
HMAAGRO, EQ, 10-Jun-2026,23.28,23.14,23.54,22.62,22.88,22.7,22.99,377440,86.76,1101,270807.0, 71.75,2026-06-10
HMT, BZ, 10-Jun-2026,53.38,54.0,56.0,53.0,55.86,55.87,54.55,7654,4.18,89,, -,2026-06-10
HMVL, EQ, 10-Jun-2026,84.86,84.86,84.86,79.5,84.0,83.88,82.58,87850,72.55,743,58104.0, 66.14,2026-06-10
HNDFDS, EQ, 10-Jun-2026,530.35,530.35,534.0,522.0,522.0,523.85,527.7,19997,105.52,1145,8290.0, 41.46,2026-06-10
HNGSNGBEES, EQ, 10-Jun-2026,498.66,509.0,509.0,480.1,481.0,484.07,489.62,221526,1084.63,12180,166226.0, 75.04,2026-06-10
HOACFOODS, ST, 10-Jun-2026,649.95,649.95,649.95,618.05,618.05,618.05,627.49,2625,16.47,7,2625.0, 100.00,2026-06-10
HOLMARC, SM, 10-Jun-2026,101.65,105.0,106.7,105.0,106.7,106.7,106.22,3750,3.98,5,3750.0, 100.00,2026-06-10
HOMEFIRST, EQ, 10-Jun-2026,1080.1,1080.0,1080.4,1040.0,1045.0,1049.1,1057.22,153066,1618.24,9670,88566.0, 57.86,2026-06-10
HONASA, EQ, 10-Jun-2026,407.95,412.0,419.9,407.65,412.0,414.6,413.56,734236,3036.49,19999,295463.0, 40.24,2026-06-10
HONAUT, EQ, 10-Jun-2026,35125.0,35250.0,36700.0,34950.0,36110.0,36130.0,36166.99,13857,5011.66,6548,5548.0, 40.04,2026-06-10
HONDAPOWER, EQ, 10-Jun-2026,2227.9,2239.0,2252.8,2164.0,2191.5,2182.0,2205.37,3207,70.73,740,1712.0, 53.38,2026-06-10
HPAL, EQ, 10-Jun-2026,35.06,34.81,35.66,34.81,35.01,35.07,35.17,26137,9.19,470,15960.0, 61.06,2026-06-10
HPIL, EQ, 10-Jun-2026,132.4,131.0,131.0,126.6,128.0,128.41,128.51,768,0.99,23,733.0, 95.44,2026-06-10
HPL, EQ, 10-Jun-2026,362.8,363.0,369.7,350.0,351.7,350.7,355.67,120849,429.82,3959,58558.0, 48.46,2026-06-10
HPTL, SM, 10-Jun-2026,271.0,284.0,284.0,284.0,284.0,284.0,284.0,600,1.7,1,600.0, 100.00,2026-06-10
HRHNEXT, SM, 10-Jun-2026,29.7,28.35,31.15,28.35,28.5,28.5,29.68,28500,8.46,19,21000.0, 73.68,2026-06-10
HSBCGOLD, EQ, 10-Jun-2026,131.52,131.5,131.5,126.6,126.6,126.63,128.15,1793,2.3,92,824.0, 45.96,2026-06-10
HSCL, EQ, 10-Jun-2026,679.5,682.0,707.45,663.0,694.75,693.0,691.09,21296979,147180.82,189231,2249326.0, 10.56,2026-06-10
HTMEDIA, EQ, 10-Jun-2026,22.52,22.7,22.8,22.23,22.45,22.3,22.49,31133,7.0,149,23398.0, 75.15,2026-06-10
HUBTOWN, EQ, 10-Jun-2026,196.93,196.8,198.39,187.98,188.95,189.16,193.04,466587,900.69,3916,241126.0, 51.68,2026-06-10
HUDCO, EQ, 10-Jun-2026,208.98,208.88,208.88,202.82,203.0,205.56,205.77,1591409,3274.59,20567,810391.0, 50.92,2026-06-10
HUHTAMAKI, EQ, 10-Jun-2026,171.14,172.34,173.97,169.8,171.0,170.91,170.98,124247,212.44,3310,82219.0, 66.17,2026-06-10
HVAX, SM, 10-Jun-2026,656.0,631.55,631.55,623.2,623.2,623.2,627.77,3300,20.72,20,2250.0, 68.18,2026-06-10
HYBRIDFIN, EQ, 10-Jun-2026,16.52,16.44,16.99,15.7,15.7,16.04,16.15,5116,0.83,65,3477.0, 67.96,2026-06-10
HYUNDAI, EQ, 10-Jun-2026,1898.6,1894.4,1919.0,1885.0,1897.0,1891.0,1899.85,1304593,24785.3,52721,797707.0, 61.15,2026-06-10
IBLFL, SM, 10-Jun-2026,57.5,57.5,57.5,57.5,57.5,57.5,57.5,2000,1.15,1,2000.0, 100.00,2026-06-10
IBULLSLTD, BE, 10-Jun-2026,24.47,25.0,25.5,24.55,24.73,24.68,25.11,5472011,1374.29,5827,, -,2026-06-10
ICDSLTD, EQ, 10-Jun-2026,45.18,45.0,45.0,41.5,44.75,42.13,43.17,580,0.25,15,576.0, 99.31,2026-06-10
ICEMAKE, EQ, 10-Jun-2026,755.05,746.2,773.2,746.2,765.0,761.5,764.77,26602,203.44,1726,14087.0, 52.95,2026-06-10
ICICIAMC, EQ, 10-Jun-2026,3248.0,3245.0,3338.4,3195.0,3201.0,3203.8,3253.22,355234,11556.53,67331,203725.0, 57.35,2026-06-10
ICICIB22, EQ, 10-Jun-2026,117.79,118.73,118.73,117.17,117.44,117.36,118.06,324348,382.94,3434,200670.0, 61.87,2026-06-10
ICICIBANK, EQ, 10-Jun-2026,1275.0,1271.3,1306.0,1271.3,1293.0,1293.3,1294.82,25951584,336027.25,317951,17041675.0, 65.67,2026-06-10
ICICIGI, EQ, 10-Jun-2026,1777.7,1777.2,1790.0,1728.0,1735.0,1732.2,1755.1,556318,9763.96,24216,330531.0, 59.41,2026-06-10
ICICIPRULI, EQ, 10-Jun-2026,474.75,476.0,478.45,464.55,466.5,465.8,470.28,657078,3090.1,22961,358730.0, 54.59,2026-06-10
ICIL, EQ, 10-Jun-2026,336.5,336.35,341.5,322.3,324.75,325.85,330.79,365659,1209.55,11683,190531.0, 52.11,2026-06-10
ICRA, EQ, 10-Jun-2026,5138.0,5173.5,5173.5,5106.0,5145.0,5147.5,5144.31,3724,191.57,779,2397.0, 64.37,2026-06-10
IDBI, EQ, 10-Jun-2026,75.37,76.9,77.42,74.45,75.0,74.93,75.94,15871263,12052.19,56710,4358107.0, 27.46,2026-06-10
IDEA, EQ, 10-Jun-2026,14.14,14.2,14.21,13.75,13.87,13.88,13.93,739573180,103058.02,721000,202705196.0, 27.41,2026-06-10
IDEAFORGE, BE, 10-Jun-2026,964.9,976.0,987.9,916.7,916.7,916.7,937.12,324588,3041.79,9662,, -,2026-06-10
IDENTICAL, ST, 10-Jun-2026,17.65,17.7,17.7,16.85,17.55,17.55,17.17,28000,4.81,12,26000.0, 92.86,2026-06-10
IDFCFIRSTB, EQ, 10-Jun-2026,73.69,73.9,74.17,72.74,73.15,72.99,73.23,20284845,14854.28,50645,11451460.0, 56.45,2026-06-10
IDFNIFTYET, EQ, 10-Jun-2026,255.69,256.96,257.59,254.47,254.98,255.13,256.69,255,0.65,40,132.0, 51.76,2026-06-10
IEML, SM, 10-Jun-2026,46.7,47.0,48.95,45.0,45.65,45.55,47.54,198500,94.37,179,128500.0, 64.74,2026-06-10
IEX, EQ, 10-Jun-2026,120.06,120.66,121.0,118.34,118.85,118.75,119.97,3530844,4236.01,22280,1211003.0, 34.30,2026-06-10
IFBAGRO, BE, 10-Jun-2026,885.5,898.0,929.7,890.0,923.1,929.5,923.62,6994,64.6,349,, -,2026-06-10
IFBIND, EQ, 10-Jun-2026,1286.0,1295.7,1295.7,1242.0,1255.0,1251.6,1265.05,34288,433.76,7254,15925.0, 46.44,2026-06-10
IFCI, EQ, 10-Jun-2026,77.07,77.35,77.49,71.51,71.71,71.83,73.84,35150395,25956.52,81657,10875148.0, 30.94,2026-06-10
IFGLEXPOR, EQ, 10-Jun-2026,198.2,200.31,204.0,190.0,192.5,191.37,194.85,28107,54.77,1087,13850.0, 49.28,2026-06-10
IGARASHI, EQ, 10-Jun-2026,375.05,373.6,380.0,366.0,371.0,370.25,371.22,29141,108.18,1011,18677.0, 64.09,2026-06-10
IGCL, EQ, 10-Jun-2026,59.05,60.0,60.45,57.62,57.62,58.05,58.93,64598,38.07,3002,23292.0, 36.06,2026-06-10
IGIL, EQ, 10-Jun-2026,372.05,375.05,378.0,358.0,358.0,360.2,365.69,711928,2603.43,21674,437412.0, 61.44,2026-06-10
IGL, EQ, 10-Jun-2026,162.5,162.5,163.19,160.9,162.1,162.17,162.05,1178998,1910.61,29761,672786.0, 57.06,2026-06-10
IGPL, EQ, 10-Jun-2026,435.6,437.2,440.2,432.55,437.5,438.4,437.87,16336,71.53,616,9894.0, 60.57,2026-06-10
IIFL, EQ, 10-Jun-2026,508.05,508.45,508.6,493.2,498.75,496.3,497.97,1935559,9638.44,28727,1227548.0, 63.42,2026-06-10
IIFLCAPS, EQ, 10-Jun-2026,344.85,344.0,346.55,342.2,342.2,343.5,343.86,430321,1479.7,5130,319256.0, 74.19,2026-06-10
IITL, EQ, 10-Jun-2026,136.73,137.02,142.0,136.39,141.8,141.34,139.93,91508,128.05,758,9473.0, 10.35,2026-06-10
IKIO, EQ, 10-Jun-2026,154.58,154.58,156.0,151.82,155.0,154.24,154.27,66446,102.51,1522,37386.0, 56.27,2026-06-10
IKS, EQ, 10-Jun-2026,1683.5,1685.5,1692.4,1663.6,1672.0,1678.5,1676.21,90810,1522.17,9349,43383.0, 47.77,2026-06-10
IL&FSENGG, BZ, 10-Jun-2026,29.0,29.03,29.99,29.0,29.0,29.06,29.04,5091,1.48,20,, -,2026-06-10
IL&FSTRANS, BZ, 10-Jun-2026,2.34,2.39,2.45,2.29,2.3,2.3,2.34,30943,0.73,57,, -,2026-06-10
IMAGICAA, EQ, 10-Jun-2026,42.87,43.09,43.3,42.0,42.15,42.06,42.39,282798,119.87,1426,181223.0, 64.08,2026-06-10
IMFA, EQ, 10-Jun-2026,1419.6,1423.0,1430.7,1343.4,1350.0,1351.1,1383.86,190109,2630.83,13498,98299.0, 51.71,2026-06-10
IMPAL, EQ, 10-Jun-2026,1073.0,1080.0,1085.0,1052.4,1054.1,1054.1,1071.47,1056,11.31,161,656.0, 62.12,2026-06-10
IMPEXFERRO, BZ, 10-Jun-2026,2.54,2.66,2.66,2.66,2.66,2.66,2.66,14859,0.4,13,, -,2026-06-10
INA, EQ, 10-Jun-2026,118.43,118.43,119.84,114.56,115.6,115.42,117.44,354396,416.19,3526,187359.0, 52.87,2026-06-10
INCREDIBLE, EQ, 10-Jun-2026,34.25,35.4,35.4,34.06,34.15,34.31,34.59,1754,0.61,52,820.0, 46.75,2026-06-10
INDBANK, EQ, 10-Jun-2026,33.39,33.9,33.9,33.02,33.65,33.39,33.45,25774,8.62,249,19381.0, 75.20,2026-06-10
INDGN, EQ, 10-Jun-2026,523.4,521.0,536.45,516.75,521.2,518.5,526.99,436496,2300.28,23138,250771.0, 57.45,2026-06-10
INDHOTEL, EQ, 10-Jun-2026,666.7,664.1,679.75,661.65,667.7,665.85,672.78,2263436,15228.0,35301,960262.0, 42.42,2026-06-10
INDIACEM, EQ, 10-Jun-2026,378.05,378.8,381.25,373.0,375.0,375.9,376.48,94076,354.18,4663,39880.0, 42.39,2026-06-10
INDIAGLYCO, EQ, 10-Jun-2026,978.05,976.0,992.0,949.9,959.9,961.4,965.83,70164,677.66,4517,37141.0, 52.93,2026-06-10
INDIAMART, EQ, 10-Jun-2026,2010.7,2012.1,2021.0,2002.5,2010.0,2010.0,2010.55,55822,1122.33,8317,38235.0, 68.49,2026-06-10
INDIANB, EQ, 10-Jun-2026,874.95,856.75,862.9,830.5,838.0,833.45,844.03,3806779,32130.54,72245,1678672.0, 44.10,2026-06-10
INDIANCARD, EQ, 10-Jun-2026,215.25,215.0,217.0,213.0,214.9,214.9,215.42,377,0.81,21,365.0, 96.82,2026-06-10
INDIANHUME, EQ, 10-Jun-2026,297.0,297.0,298.9,283.35,287.0,286.05,290.0,75368,218.57,2572,46203.0, 61.30,2026-06-10
INDIASHLTR, EQ, 10-Jun-2026,740.2,745.0,754.15,734.9,745.0,737.35,741.88,25986,192.79,2729,14471.0, 55.69,2026-06-10
INDIGO, EQ, 10-Jun-2026,4537.6,4511.0,4579.5,4504.5,4525.0,4524.9,4544.06,540246,24549.08,60440,185935.0, 34.42,2026-06-10
INDIGOPNTS, EQ, 10-Jun-2026,974.2,974.2,996.6,964.6,985.0,976.55,983.48,62545,615.12,7493,28453.0, 45.49,2026-06-10
INDIGRID, IV, 10-Jun-2026,172.19,172.0,172.78,171.85,172.0,172.07,172.19,609793,1050.0,7276,540316.0, 88.61,2026-06-10
INDIQUBE, EQ, 10-Jun-2026,157.11,157.11,157.79,151.4,153.0,153.07,155.42,32182,50.02,1491,18716.0, 58.16,2026-06-10
INDNIPPON, EQ, 10-Jun-2026,895.6,901.75,909.4,871.65,872.5,876.0,886.62,24136,214.0,1846,12500.0, 51.79,2026-06-10
INDOAMIN, EQ, 10-Jun-2026,134.08,135.05,136.38,130.44,130.5,131.0,133.29,89400,119.16,1785,42305.0, 47.32,2026-06-10
INDOBORAX, EQ, 10-Jun-2026,359.1,361.95,374.25,357.25,366.0,361.35,366.68,98594,361.53,3991,42649.0, 43.26,2026-06-10
INDOCO, EQ, 10-Jun-2026,205.86,206.0,209.31,202.15,205.0,204.96,206.41,101738,210.0,2390,49248.0, 48.41,2026-06-10
INDOFARM, EQ, 10-Jun-2026,132.32,133.35,133.64,126.15,127.97,127.56,129.29,82547,106.72,1894,44415.0, 53.81,2026-06-10
INDORAMA, EQ, 10-Jun-2026,46.96,47.69,49.45,45.23,45.6,45.68,47.22,236148,111.51,2318,131932.0, 55.87,2026-06-10
INDOSTAR, EQ, 10-Jun-2026,253.59,253.0,254.0,239.71,241.0,240.92,245.48,122342,300.33,2883,53919.0, 44.07,2026-06-10
INDOTECH, BE, 10-Jun-2026,2595.5,2570.0,2639.0,2550.0,2567.5,2569.9,2578.94,8154,210.29,490,, -,2026-06-10
INDOTHAI, EQ, 10-Jun-2026,227.14,229.37,234.15,225.62,229.35,229.7,229.45,558064,1280.48,5434,215891.0, 38.69,2026-06-10
INDOUS, EQ, 10-Jun-2026,95.58,98.35,98.35,88.13,89.95,92.76,94.38,71701,67.67,503,51032.0, 71.17,2026-06-10
INDOWIND, BE, 10-Jun-2026,9.23,9.32,9.35,9.11,9.3,9.25,9.24,143799,13.29,311,, -,2026-06-10
INDPRUD, EQ, 10-Jun-2026,6448.0,6450.0,6450.0,6450.0,6450.0,6450.0,6450.0,1,0.06,1,1.0, 100.00,2026-06-10
INDRAMEDCO, EQ, 10-Jun-2026,393.8,393.7,399.6,377.1,383.0,380.8,387.99,215912,837.71,6300,105703.0, 48.96,2026-06-10
INDSWFTLAB, EQ, 10-Jun-2026,161.87,163.4,169.9,162.5,162.8,162.86,166.3,1351221,2247.13,16398,567559.0, 42.00,2026-06-10
INDTERRAIN, EQ, 10-Jun-2026,32.32,32.6,32.94,31.12,31.2,31.7,32.08,13817,4.43,198,10489.0, 75.91,2026-06-10
INDUSINDBK, EQ, 10-Jun-2026,922.8,922.85,923.75,881.85,885.0,883.95,898.28,1993081,17903.5,52365,877851.0, 44.04,2026-06-10
INDUSINVIT, IV, 10-Jun-2026,124.99,125.73,128.88,125.01,125.3,125.17,125.63,101986,128.12,2199,77786.0, 76.27,2026-06-10
INDUSTOWER, EQ, 10-Jun-2026,419.4,416.8,417.7,408.55,411.5,413.15,413.46,4202786,17376.73,58425,1977162.0, 47.04,2026-06-10
INFINIUM, SM, 10-Jun-2026,206.75,210.5,210.5,210.5,210.5,210.5,210.5,500,1.05,1,500.0, 100.00,2026-06-10
INFLUX, SM, 10-Jun-2026,232.9,237.0,237.0,226.05,228.5,228.45,229.85,27000,62.06,45,18600.0, 68.89,2026-06-10
INFOBEAN, EQ, 10-Jun-2026,174.56,175.93,176.9,167.3,168.0,169.15,170.98,405417,693.19,7240,97070.0, 23.94,2026-06-10
INFOLLION, SM, 10-Jun-2026,186.8,181.0,181.0,175.5,175.5,175.95,177.7,4400,7.82,11,4000.0, 90.91,2026-06-10
INFOMEDIA, EQ, 10-Jun-2026,5.84,6.0,6.0,5.6,5.6,5.61,5.76,4371,0.25,93,3282.0, 75.09,2026-06-10
INFRA, EQ, 10-Jun-2026,11.89,11.92,11.92,11.74,11.75,11.75,11.87,38679,4.59,182,31933.0, 82.56,2026-06-10
INFRABEES, EQ, 10-Jun-2026,943.73,943.7,947.62,934.9,934.9,936.87,941.29,3853,36.27,446,2404.0, 62.39,2026-06-10
INFRAIETF, EQ, 10-Jun-2026,93.98,91.63,94.41,91.63,94.41,93.26,93.74,109640,102.78,33579,87079.0, 79.42,2026-06-10
INFY, EQ, 10-Jun-2026,1180.3,1160.1,1171.4,1143.3,1144.0,1145.3,1154.24,8887626,102584.51,174623,4258395.0, 47.91,2026-06-10
INGERRAND, EQ, 10-Jun-2026,3955.5,3946.9,3979.2,3900.0,3950.0,3921.6,3933.95,40328,1586.48,4751,28194.0, 69.91,2026-06-10
INM, SM, 10-Jun-2026,165.0,168.0,170.0,168.0,170.0,170.0,169.0,1200,2.03,2,1200.0, 100.00,2026-06-10
INNOMET, ST, 10-Jun-2026,96.1,99.0,100.9,96.55,96.55,96.55,100.14,23400,23.43,21,23400.0, 100.00,2026-06-10
INNOVACAP, EQ, 10-Jun-2026,914.7,920.7,942.0,905.1,905.3,910.1,924.02,123555,1141.67,10067,59334.0, 48.02,2026-06-10
INNOVANA, EQ, 10-Jun-2026,300.55,319.9,350.0,319.8,329.0,335.4,341.74,190634,651.48,5139,23305.0, 12.22,2026-06-10
INNOVISION, EQ, 10-Jun-2026,293.65,295.0,297.15,285.05,286.0,287.35,292.24,32966,96.34,1021,14399.0, 43.68,2026-06-10
INOXGREEN, EQ, 10-Jun-2026,175.5,176.0,187.45,175.27,179.0,178.31,182.52,3005802,5486.29,32530,985439.0, 32.78,2026-06-10
INOXINDIA, EQ, 10-Jun-2026,1686.7,1699.0,1980.0,1692.0,1860.0,1891.6,1866.97,4034181,75317.07,210795,855484.0, 21.21,2026-06-10
INOXWIND, EQ, 10-Jun-2026,86.14,86.68,86.68,82.38,82.75,82.73,84.35,9903196,8353.12,34820,4171591.0, 42.12,2026-06-10
INSECTICID, EQ, 10-Jun-2026,724.85,724.0,742.3,705.0,706.1,707.45,720.72,38066,274.35,1939,18549.0, 48.73,2026-06-10
INSPIRE, ST, 10-Jun-2026,9.85,9.7,9.7,9.7,9.7,9.7,9.7,6000,0.58,3,4000.0, 66.67,2026-06-10
INSPIRISYS, BE, 10-Jun-2026,115.73,116.97,120.0,114.35,117.74,115.1,115.42,6662,7.69,78,, -,2026-06-10
INTELLECT, EQ, 10-Jun-2026,751.9,756.2,790.95,743.35,750.7,746.45,769.71,1252071,9637.36,42135,300164.0, 23.97,2026-06-10
INTENTECH, EQ, 10-Jun-2026,95.83,95.58,110.7,93.26,102.4,102.63,104.51,302182,315.81,4560,112216.0, 37.14,2026-06-10
INTERARCH, EQ, 10-Jun-2026,1723.1,1740.0,1745.0,1651.2,1738.0,1683.7,1694.46,87118,1476.18,6656,43785.0, 50.26,2026-06-10
INTERNET, EQ, 10-Jun-2026,11.85,11.87,11.94,11.71,11.75,11.74,11.83,182082,21.55,177,112342.0, 61.70,2026-06-10
INTLCONV, EQ, 10-Jun-2026,80.15,81.21,81.21,78.15,78.99,78.7,79.76,25560,20.39,937,16367.0, 64.03,2026-06-10
INVENTURE, EQ, 10-Jun-2026,0.95,0.96,0.96,0.93,0.94,0.93,0.95,1311494,12.43,436,985651.0, 75.15,2026-06-10
INVICTA, ST, 10-Jun-2026,61.2,58.7,62.95,58.7,62.0,62.0,60.53,16000,9.68,10,14400.0, 90.00,2026-06-10
INVPRECQ, EQ, 10-Jun-2026,613.3,627.9,627.9,594.4,604.8,602.4,607.21,1393,8.46,164,873.0, 62.67,2026-06-10
IOB, EQ, 10-Jun-2026,33.43,33.5,33.9,33.15,33.25,33.26,33.62,4202331,1412.91,13753,1946633.0, 46.32,2026-06-10
IOC, EQ, 10-Jun-2026,138.13,138.13,139.72,136.5,136.89,136.88,137.9,10347575,14269.02,66106,4681721.0, 45.24,2026-06-10
IOLCP, EQ, 10-Jun-2026,132.84,133.5,136.5,128.75,129.84,129.54,132.95,2078781,2763.68,16005,902504.0, 43.42,2026-06-10
IONEXCHANG, EQ, 10-Jun-2026,346.85,346.95,349.2,335.4,336.9,336.65,341.96,213688,730.73,9239,124106.0, 58.08,2026-06-10
IPCALAB, EQ, 10-Jun-2026,1634.0,1641.5,1658.9,1621.0,1627.0,1630.2,1643.75,172179,2830.19,13805,110064.0, 63.92,2026-06-10
IPHL, SM, 10-Jun-2026,57.55,58.0,58.0,56.4,56.4,56.5,57.48,13200,7.59,9,12000.0, 90.91,2026-06-10
IPL, EQ, 10-Jun-2026,161.69,161.19,166.69,158.11,158.5,159.69,162.19,245165,397.62,4311,83833.0, 34.19,2026-06-10
IRB, EQ, 10-Jun-2026,20.51,20.65,20.73,20.41,20.49,20.52,20.57,10245684,2107.96,22134,3785584.0, 36.95,2026-06-10
IRBINVIT, IV, 10-Jun-2026,60.59,60.79,60.88,60.0,60.45,60.45,60.44,954241,576.79,6778,843671.0, 88.41,2026-06-10
IRCON, EQ, 10-Jun-2026,136.29,135.8,137.88,132.36,132.75,133.01,134.49,1262926,1698.55,16957,427202.0, 33.83,2026-06-10
IRCTC, EQ, 10-Jun-2026,517.85,518.5,519.3,511.0,513.1,512.35,514.59,448764,2309.28,18639,226733.0, 50.52,2026-06-10
IREDA, EQ, 10-Jun-2026,122.47,123.24,123.5,120.25,120.5,120.58,121.5,4124541,5011.15,23850,1269481.0, 30.78,2026-06-10
IRFC, EQ, 10-Jun-2026,96.01,97.0,98.0,94.5,94.65,94.8,96.22,14178158,13641.65,56819,4252511.0, 29.99,2026-06-10
IRIS, EQ, 10-Jun-2026,237.65,235.35,242.8,226.2,227.0,232.85,236.1,25383,59.93,770,15915.0, 62.70,2026-06-10
IRISDOREME, EQ, 10-Jun-2026,36.03,35.53,36.95,34.71,36.95,35.71,35.68,367821,131.24,1741,91043.0, 24.75,2026-06-10
IRMENERGY, EQ, 10-Jun-2026,256.85,261.95,261.95,250.0,256.95,252.55,254.66,140499,357.79,2863,39351.0, 28.01,2026-06-10
ISFT, EQ, 10-Jun-2026,85.06,84.51,86.5,84.01,85.7,85.73,85.79,8234,7.06,190,5580.0, 67.77,2026-06-10
ISGEC, EQ, 10-Jun-2026,900.25,907.0,910.95,877.7,883.0,882.6,894.77,38698,346.26,4061,21911.0, 56.62,2026-06-10
ISHANCH, EQ, 10-Jun-2026,59.32,61.0,61.5,57.5,59.48,59.0,59.53,5766,3.43,472,3125.0, 54.20,2026-06-10
IT, EQ, 10-Jun-2026,31.55,32.18,32.18,31.25,31.73,31.29,31.47,1211308,381.22,1317,540335.0, 44.61,2026-06-10
ITADD, EQ, 10-Jun-2026,30.22,30.26,30.47,29.95,30.23,29.99,30.05,33398,10.04,116,17414.0, 52.14,2026-06-10
ITBEES, EQ, 10-Jun-2026,31.68,32.47,32.47,31.4,31.57,31.42,31.69,10264473,3252.58,17146,6233092.0, 60.72,2026-06-10
ITBETA, EQ, 10-Jun-2026,299.0,300.49,300.88,297.28,297.28,297.41,299.01,244,0.73,22,193.0, 79.10,2026-06-10
ITC, EQ, 10-Jun-2026,280.0,280.0,285.85,278.65,283.3,283.65,283.69,19823743,56238.9,296092,11335170.0, 57.18,2026-06-10
ITCHOTELS, EQ, 10-Jun-2026,150.87,150.9,153.57,150.25,150.44,150.48,151.63,1957932,2968.81,36168,1120181.0, 57.21,2026-06-10
ITDC, EQ, 10-Jun-2026,593.9,596.7,632.9,592.0,596.0,600.75,613.01,1692229,10373.61,64422,168273.0, 9.94,2026-06-10
ITETF, EQ, 10-Jun-2026,30.17,30.21,30.43,29.9,29.91,29.92,30.11,236418,71.2,825,136959.0, 57.93,2026-06-10
ITI, EQ, 10-Jun-2026,300.2,302.0,303.65,292.0,292.75,293.75,296.89,249396,740.44,7002,113928.0, 45.68,2026-06-10
ITIETF, EQ, 10-Jun-2026,31.68,31.28,31.96,31.28,31.39,31.41,31.59,388279,122.65,1521,188241.0, 48.48,2026-06-10
IVALUE, EQ, 10-Jun-2026,236.13,233.31,240.0,231.05,231.08,232.69,235.2,129378,304.3,2450,63669.0, 49.21,2026-06-10
IVC, EQ, 10-Jun-2026,8.11,8.19,9.2,8.12,8.4,8.44,8.39,576291,48.34,1785,275854.0, 47.87,2026-06-10
IVP, EQ, 10-Jun-2026,170.7,170.7,171.13,165.04,165.04,166.34,167.75,11856,19.89,284,8021.0, 67.65,2026-06-10
IVZINGOLD, EQ, 10-Jun-2026,132.0,130.8,130.8,126.3,126.75,126.75,127.18,31375,39.9,472,19944.0, 63.57,2026-06-10
IVZINNIFTY, EQ, 10-Jun-2026,2653.8,2654.7,2669.88,2649.24,2649.24,2649.24,2663.14,11,0.29,7,9.0, 81.82,2026-06-10
IWARE, ST, 10-Jun-2026,330.0,338.95,345.0,330.0,345.0,345.0,338.53,7800,26.41,12,7200.0, 92.31,2026-06-10
IWP, EQ, 10-Jun-2026,34.75,34.3,35.44,33.55,34.97,34.37,34.09,2718,0.93,187,1869.0, 68.76,2026-06-10
IXIGO, EQ, 10-Jun-2026,156.16,157.41,158.19,153.65,153.9,155.83,156.55,615985,964.35,12402,342794.0, 55.65,2026-06-10
IZMO, EQ, 10-Jun-2026,992.9,991.1,991.1,943.3,943.3,943.3,952.89,183068,1744.44,7973,88941.0, 48.58,2026-06-10
J&KBANK, EQ, 10-Jun-2026,156.98,156.98,158.4,153.0,153.5,154.31,155.78,4052951,6313.85,51563,1867201.0, 46.07,2026-06-10
JAGRAN, EQ, 10-Jun-2026,64.05,64.03,64.4,62.4,62.99,62.62,63.12,536414,338.58,3993,329113.0, 61.35,2026-06-10
JAGSNPHARM, EQ, 10-Jun-2026,201.75,205.0,206.18,201.01,205.0,204.53,204.56,58039,118.72,5054,31290.0, 53.91,2026-06-10
JAIBALAJI, BE, 10-Jun-2026,67.24,66.9,67.9,65.5,65.65,66.05,66.61,167371,111.49,974,, -,2026-06-10
JAICORPLTD, EQ, 10-Jun-2026,113.33,113.2,114.45,110.5,110.53,111.19,112.54,403401,453.99,4723,142615.0, 35.35,2026-06-10
JAINAM, SM, 10-Jun-2026,251.0,263.0,263.0,261.0,262.95,262.95,262.96,26500,69.68,7,26000.0, 98.11,2026-06-10
JAINIK, SM, 10-Jun-2026,129.3,136.5,136.5,128.8,133.9,133.9,132.24,7200,9.52,6,7200.0, 100.00,2026-06-10
JAINREC, EQ, 10-Jun-2026,368.7,368.0,370.05,336.5,338.4,337.95,349.27,3716905,12982.07,59292,1295323.0, 34.85,2026-06-10
JAIPURKURT, EQ, 10-Jun-2026,29.33,30.0,30.0,28.7,28.82,29.0,29.09,2781,0.81,38,2147.0, 77.20,2026-06-10
JALAN, SM, 10-Jun-2026,2.15,2.15,2.15,2.15,2.15,2.15,2.15,3000,0.06,1,3000.0, 100.00,2026-06-10
JAMNAAUTO, EQ, 10-Jun-2026,119.41,119.3,122.2,118.58,119.29,119.25,120.5,1174672,1415.48,9821,445889.0, 37.96,2026-06-10
JARO, EQ, 10-Jun-2026,533.7,534.95,552.8,528.0,538.6,541.15,537.97,112970,607.75,3341,36327.0, 32.16,2026-06-10
JASH, EQ, 10-Jun-2026,446.85,450.0,453.15,438.8,449.9,447.25,447.75,155072,694.33,6246,95095.0, 61.32,2026-06-10
JAYAGROGN, EQ, 10-Jun-2026,220.38,220.38,227.5,220.38,223.0,222.06,224.81,8763,19.7,502,4478.0, 51.10,2026-06-10
JAYBARMARU, EQ, 10-Jun-2026,138.82,141.28,141.79,129.99,134.0,133.17,135.47,1208272,1636.84,12198,400547.0, 33.15,2026-06-10
JAYBEE, ST, 10-Jun-2026,86.75,86.0,87.7,82.6,83.3,84.05,85.33,25000,21.33,47,21500.0, 86.00,2026-06-10
JAYKAY, EQ, 10-Jun-2026,179.9,180.03,182.49,172.15,173.41,173.79,177.22,125424,222.27,2450,67601.0, 53.90,2026-06-10
JAYNECOIND, EQ, 10-Jun-2026,90.5,91.3,91.3,88.0,89.0,88.89,89.13,3538833,3154.27,23058,1787175.0, 50.50,2026-06-10
JAYSREETEA, EQ, 10-Jun-2026,83.11,82.75,85.5,82.47,83.6,82.72,83.58,30244,25.28,634,13262.0, 43.85,2026-06-10
JBCHEPHARM, EQ, 10-Jun-2026,2210.2,2209.9,2250.3,2190.1,2195.1,2201.5,2226.51,277256,6173.13,17178,192028.0, 69.26,2026-06-10
JBMA, EQ, 10-Jun-2026,676.75,676.75,690.55,662.55,669.25,666.9,676.56,846838,5729.35,31412,151309.0, 17.87,2026-06-10
JETFREIGHT, EQ, 10-Jun-2026,21.88,22.21,23.0,21.85,21.86,21.86,22.07,89085,19.66,435,57797.0, 64.88,2026-06-10
JEYYAM, SM, 10-Jun-2026,28.6,28.6,29.7,28.6,29.65,29.65,28.98,12000,3.48,5,6000.0, 50.00,2026-06-10
JGCHEM, EQ, 10-Jun-2026,438.1,441.6,447.4,426.35,429.0,430.1,437.8,96426,422.15,3859,36331.0, 37.68,2026-06-10
JHS, EQ, 10-Jun-2026,8.02,8.19,8.19,7.89,7.98,7.92,7.96,32424,2.58,200,26732.0, 82.45,2026-06-10
JINDALPHOT, EQ, 10-Jun-2026,1146.9,1155.0,1155.0,1092.0,1120.0,1117.1,1113.99,9454,105.32,1027,3198.0, 33.83,2026-06-10
JINDALPOLY, EQ, 10-Jun-2026,669.9,675.0,703.35,669.9,700.0,700.4,697.09,105245,733.65,4023,32663.0, 31.04,2026-06-10
JINDALSAW, EQ, 10-Jun-2026,239.81,241.0,242.85,224.1,226.4,225.16,229.78,2607834,5992.22,34698,1120877.0, 42.98,2026-06-10
JINDALSTEL, EQ, 10-Jun-2026,1149.9,1147.0,1147.6,1118.3,1120.8,1121.1,1130.68,1344851,15206.02,34547,499741.0, 37.16,2026-06-10
JINDRILL, EQ, 10-Jun-2026,614.7,620.5,620.5,600.2,600.85,604.45,608.15,165687,1007.62,4569,54496.0, 32.89,2026-06-10
JINDWORLD, EQ, 10-Jun-2026,28.97,28.7,29.16,27.8,27.8,28.12,28.46,566811,161.34,2574,200059.0, 35.30,2026-06-10
JIOFIN, EQ, 10-Jun-2026,234.21,234.2,234.95,229.55,230.5,230.17,232.36,8453644,19642.51,76185,4059132.0, 48.02,2026-06-10
JISLDVREQS, EQ, 10-Jun-2026,23.07,23.09,24.2,22.25,22.76,22.95,23.22,15521,3.6,124,9958.0, 64.16,2026-06-10
JISLJALEQS, EQ, 10-Jun-2026,30.86,31.0,31.3,30.0,30.24,30.08,30.4,1333273,405.35,4256,792799.0, 59.46,2026-06-10
JITFINFRA, EQ, 10-Jun-2026,297.5,299.1,305.95,290.1,290.5,293.9,297.31,12271,36.48,388,8026.0, 65.41,2026-06-10
JKCEMENT, EQ, 10-Jun-2026,4822.0,4815.0,4868.5,4772.0,4781.0,4815.0,4813.87,108186,5207.93,14088,76532.0, 70.74,2026-06-10
JKIL, EQ, 10-Jun-2026,475.45,475.0,477.8,465.0,472.0,468.95,468.07,76603,358.55,4267,43502.0, 56.79,2026-06-10
JKIPL, BE, 10-Jun-2026,99.09,99.0,99.0,96.0,96.21,97.99,97.13,11671,11.34,108,, -,2026-06-10
JKLAKSHMI, EQ, 10-Jun-2026,590.15,595.0,595.0,588.25,590.55,589.3,590.57,41670,246.09,3051,23163.0, 55.59,2026-06-10
JKPAPER, EQ, 10-Jun-2026,355.7,357.8,358.3,346.05,349.0,348.2,351.09,168302,590.89,7155,96976.0, 57.62,2026-06-10
JKTYRE, EQ, 10-Jun-2026,370.8,368.55,370.2,362.5,363.0,363.7,365.33,1047782,3827.89,29522,499792.0, 47.70,2026-06-10
JLHL, EQ, 10-Jun-2026,1336.6,1346.3,1352.6,1306.0,1318.9,1313.3,1333.75,14758,196.84,1914,8495.0, 57.56,2026-06-10
JMA, EQ, 10-Jun-2026,93.9,94.3,97.25,93.5,93.9,93.91,95.03,45057,42.82,527,30850.0, 68.47,2026-06-10
JMFINANCIL, EQ, 10-Jun-2026,119.22,119.25,120.5,117.5,118.08,117.95,118.82,1792994,2130.49,18503,793745.0, 44.27,2026-06-10
JNKINDIA, EQ, 10-Jun-2026,484.05,479.75,511.0,472.65,482.5,498.0,497.83,17266620,85958.62,274014,782818.0, 4.53,2026-06-10
JOCIL, BE, 10-Jun-2026,154.0,154.0,154.0,147.25,148.05,148.24,148.95,837,1.25,23,, -,2026-06-10
JPOLYINVST, EQ, 10-Jun-2026,1115.0,1125.0,1140.7,1080.3,1119.0,1105.2,1107.15,11072,122.58,1274,4260.0, 38.48,2026-06-10
JPPOWER, EQ, 10-Jun-2026,18.58,18.69,18.69,17.91,17.99,18.0,18.27,61196255,11179.95,45723,24574370.0, 40.16,2026-06-10
JSFB, EQ, 10-Jun-2026,475.15,475.15,479.15,461.35,461.75,466.8,469.35,93809,440.29,3037,56635.0, 60.37,2026-06-10
JSL, EQ, 10-Jun-2026,665.55,667.75,671.25,659.8,662.8,661.9,663.84,410281,2723.6,25953,248231.0, 60.50,2026-06-10
JSLL, EQ, 10-Jun-2026,602.35,608.3,615.8,571.8,583.95,581.85,595.76,1038213,6185.3,26343,211040.0, 20.33,2026-06-10
JSWCEMENT, EQ, 10-Jun-2026,126.77,126.77,130.75,125.95,127.2,126.82,127.95,3965650,5074.06,38620,1480893.0, 37.34,2026-06-10
JSWDULUX, EQ, 10-Jun-2026,3116.8,3103.0,3209.0,3103.0,3164.9,3175.6,3178.99,15804,502.41,4741,7800.0, 49.35,2026-06-10
JSWENERGY, EQ, 10-Jun-2026,570.4,571.9,575.8,557.15,565.75,560.65,568.54,2717089,15447.72,46283,1576033.0, 58.00,2026-06-10
JSWHL, EQ, 10-Jun-2026,12405.0,12305.0,12478.0,12050.0,12280.0,12177.0,12228.0,2508,306.68,1365,1287.0, 51.32,2026-06-10
JSWINFRA, EQ, 10-Jun-2026,282.8,282.8,288.4,277.25,278.0,278.6,282.83,4467812,12636.26,65258,1995956.0, 44.67,2026-06-10
JSWSTEEL, EQ, 10-Jun-2026,1261.7,1266.0,1292.0,1252.5,1277.2,1269.8,1278.17,3053155,39024.59,102009,1805664.0, 59.14,2026-06-10
JTEKTINDIA, EQ, 10-Jun-2026,120.83,121.4,127.97,121.39,124.0,123.87,125.0,469226,586.54,5904,197710.0, 42.14,2026-06-10
JTLIND, EQ, 10-Jun-2026,74.38,75.25,75.25,69.71,70.99,70.94,71.91,2645291,1902.14,16822,1116145.0, 42.19,2026-06-10
JUBLCPL, EQ, 10-Jun-2026,1811.6,1831.5,1889.0,1810.0,1830.0,1823.3,1840.98,4644,85.5,696,2501.0, 53.85,2026-06-10
JUBLFOOD, EQ, 10-Jun-2026,422.8,424.0,430.0,420.65,425.0,425.05,425.61,2811676,11966.89,40182,1791140.0, 63.70,2026-06-10
JUBLINGREA, EQ, 10-Jun-2026,625.6,629.2,630.6,615.75,621.35,619.6,621.43,163538,1016.27,13229,99696.0, 60.96,2026-06-10
JUBLPHARMA, EQ, 10-Jun-2026,971.95,963.05,974.95,956.0,964.0,964.45,964.28,55499,535.16,6368,27000.0, 48.65,2026-06-10
JUNIORBEES, EQ, 10-Jun-2026,755.35,752.64,757.63,743.0,748.52,746.62,751.35,261961,1968.23,11383,133064.0, 50.80,2026-06-10
JUNIPER, EQ, 10-Jun-2026,196.82,199.1,202.59,197.0,197.51,198.38,198.58,249684,495.83,3427,172228.0, 68.98,2026-06-10
JUSTDIAL, EQ, 10-Jun-2026,529.85,529.95,542.85,520.0,535.0,535.15,535.83,131653,705.43,5027,79496.0, 60.38,2026-06-10
JWL, EQ, 10-Jun-2026,278.85,278.75,279.95,269.25,270.05,270.85,274.11,608588,1668.21,13617,270357.0, 44.42,2026-06-10
JYOTHYLAB, EQ, 10-Jun-2026,199.47,199.98,205.0,198.3,198.69,198.7,201.07,944882,1899.92,18261,367020.0, 38.84,2026-06-10
JYOTICNC, EQ, 10-Jun-2026,636.0,639.0,654.4,634.1,637.0,639.85,644.51,1617409,10424.39,42622,605360.0, 37.43,2026-06-10
JYOTIGLOBL, ST, 10-Jun-2026,39.0,40.0,40.0,40.0,40.0,40.0,40.0,4000,1.6,2,4000.0, 100.00,2026-06-10
JYOTISTRUC, EQ, 10-Jun-2026,12.89,12.91,12.98,12.04,12.15,12.24,12.4,10556089,1308.65,8089,6877213.0, 65.15,2026-06-10
K2INFRA, SM, 10-Jun-2026,50.8,51.0,51.0,47.75,47.85,47.95,48.9,27000,13.2,30,19800.0, 73.33,2026-06-10
KABRAEXTRU, EQ, 10-Jun-2026,237.73,236.0,238.89,233.0,233.0,234.36,235.46,13140,30.94,916,8440.0, 64.23,2026-06-10
KAJARIACER, EQ, 10-Jun-2026,1080.4,1075.2,1093.4,1065.0,1066.0,1067.4,1076.27,116498,1253.83,7638,61288.0, 52.61,2026-06-10
KAKATCEM, BE, 10-Jun-2026,123.4,120.6,124.95,118.7,124.8,124.04,121.64,4134,5.03,77,, -,2026-06-10
KALAMANDIR, EQ, 10-Jun-2026,108.82,108.82,109.88,104.51,104.55,104.86,106.64,730963,779.5,4094,428184.0, 58.58,2026-06-10
KALPATARU, EQ, 10-Jun-2026,314.45,314.45,318.0,310.0,316.2,311.6,314.39,26599,83.63,836,13124.0, 49.34,2026-06-10
KALYANIFRG, EQ, 10-Jun-2026,595.5,607.95,607.95,593.0,599.3,596.55,600.27,406,2.44,56,274.0, 67.49,2026-06-10
KALYANKJIL, EQ, 10-Jun-2026,355.05,356.0,356.1,337.3,338.2,338.7,344.29,6571988,22626.96,78406,2748070.0, 41.81,2026-06-10
KAMAHOLD, EQ, 10-Jun-2026,2555.4,2596.0,2624.0,2556.2,2582.0,2592.8,2589.22,3545,91.79,475,2557.0, 72.13,2026-06-10
KAMATHOTEL, EQ, 10-Jun-2026,170.34,170.0,173.01,162.0,163.01,163.89,167.8,69439,116.52,2301,42692.0, 61.48,2026-06-10
KAMDHENU, EQ, 10-Jun-2026,27.28,27.79,27.9,26.83,27.38,27.22,27.33,3730867,1019.52,6142,1314445.0, 35.23,2026-06-10
KAMOPAINTS, EQ, 10-Jun-2026,5.13,5.01,5.2,5.01,5.09,5.09,5.1,87820,4.48,326,67582.0, 76.96,2026-06-10
KANANIIND, EQ, 10-Jun-2026,1.55,1.59,1.59,1.53,1.54,1.55,1.56,93992,1.46,168,63652.0, 67.72,2026-06-10
KANCHI, BE, 10-Jun-2026,345.8,358.0,358.0,352.2,352.2,352.2,356.96,52,0.19,6,, -,2026-06-10
KANDARP, SM, 10-Jun-2026,119.85,95.9,117.95,95.9,98.0,99.7,103.05,278000,286.47,197,139000.0, 50.00,2026-06-10
KANORICHEM, BE, 10-Jun-2026,90.43,90.47,93.0,90.0,90.0,90.0,91.16,5503,5.02,48,, -,2026-06-10
KANPRPLA, EQ, 10-Jun-2026,196.13,197.67,199.48,190.35,196.8,192.7,195.38,4104,8.02,300,1756.0, 42.79,2026-06-10
KANSAINER, EQ, 10-Jun-2026,209.73,209.73,217.5,209.73,214.5,214.4,215.36,1088173,2343.54,18162,769216.0, 70.69,2026-06-10
KAPSTON, EQ, 10-Jun-2026,337.5,347.9,349.15,331.2,333.0,335.75,339.65,9694,32.93,471,5452.0, 56.24,2026-06-10
KARMAENG, EQ, 10-Jun-2026,41.98,43.35,43.35,39.51,41.99,41.45,40.92,4005,1.64,92,2647.0, 66.09,2026-06-10
KARURVYSYA, EQ, 10-Jun-2026,285.6,286.7,288.5,271.5,274.0,272.7,276.55,4925560,13621.76,94976,3125151.0, 63.45,2026-06-10
KATARIA, SM, 10-Jun-2026,96.2,98.95,98.95,96.2,96.2,96.25,96.64,4200,4.06,3,4200.0, 100.00,2026-06-10
KAUSHALYA, EQ, 10-Jun-2026,845.0,850.0,850.0,835.0,838.1,838.1,845.01,51,0.43,23,37.0, 72.55,2026-06-10
KAVDEFENCE, EQ, 10-Jun-2026,60.44,61.9,61.9,58.5,59.4,59.15,60.04,89188,53.55,1194,41376.0, 46.39,2026-06-10
KAYA, EQ, 10-Jun-2026,245.43,246.51,246.51,234.8,235.5,236.81,240.26,7246,17.41,324,3995.0, 55.13,2026-06-10
KAYNES, EQ, 10-Jun-2026,3072.8,3079.9,3093.5,3052.3,3075.5,3073.0,3074.14,454026,13957.39,30438,135044.0, 29.74,2026-06-10
KAYTEX, SM, 10-Jun-2026,61.0,61.0,62.95,61.0,62.0,62.0,62.23,3200,1.99,4,3200.0, 100.00,2026-06-10
KCEIL, ST, 10-Jun-2026,92.8,92.3,92.3,89.0,90.1,89.8,89.75,26500,23.78,51,21000.0, 79.25,2026-06-10
KCK, SM, 10-Jun-2026,13.25,13.25,13.75,13.25,13.65,13.6,13.49,615000,82.95,103,595000.0, 96.75,2026-06-10
KCP, EQ, 10-Jun-2026,164.71,163.89,164.69,161.0,161.38,161.49,162.41,89590,145.5,1529,49514.0, 55.27,2026-06-10
KCPSUGIND, EQ, 10-Jun-2026,23.2,23.5,23.5,22.8,22.85,22.88,23.01,146541,33.72,773,91649.0, 62.54,2026-06-10
KDDL, EQ, 10-Jun-2026,3014.1,3010.0,3024.1,2855.1,2870.0,2868.8,2922.46,25022,731.26,4325,11732.0, 46.89,2026-06-10
KDL, SM, 10-Jun-2026,108.85,108.0,114.25,107.05,114.25,114.2,112.61,53700,60.47,162,39900.0, 74.30,2026-06-10
KEC, EQ, 10-Jun-2026,489.05,492.0,499.55,486.25,489.4,494.75,494.03,886413,4379.19,25584,424132.0, 47.85,2026-06-10
KECL, BE, 10-Jun-2026,103.6,101.6,103.0,101.53,101.53,101.53,101.87,26124,26.61,200,, -,2026-06-10
KEEPLEARN, EQ, 10-Jun-2026,2.01,2.03,2.03,1.81,1.99,1.97,1.92,71651,1.38,92,64411.0, 89.90,2026-06-10
KEI, EQ, 10-Jun-2026,5281.0,5295.0,5333.0,5152.0,5179.0,5166.5,5216.57,152639,7962.51,19922,56788.0, 37.20,2026-06-10
KEL, SM, 10-Jun-2026,82.0,83.75,86.5,83.75,86.5,86.5,85.8,4800,4.12,4,3600.0, 75.00,2026-06-10
KELLTONTEC, EQ, 10-Jun-2026,15.2,15.2,15.49,15.1,15.3,15.23,15.29,1702528,260.33,3179,700846.0, 41.17,2026-06-10
KEN, SM, 10-Jun-2026,33.5,32.9,33.95,29.0,33.45,33.45,31.86,69600,22.18,56,30000.0, 43.10,2026-06-10
KENNAMET, EQ, 10-Jun-2026,2793.7,2810.4,2843.0,2735.0,2750.0,2744.0,2763.41,5370,148.4,964,3920.0, 73.00,2026-06-10
KERNEX, EQ, 10-Jun-2026,1889.9,1901.2,1980.0,1860.0,1922.0,1924.9,1945.41,377193,7337.93,22286,117191.0, 31.07,2026-06-10
KESORAMIND, BE, 10-Jun-2026,10.85,10.85,11.2,10.66,10.89,10.87,10.99,669733,73.6,1144,, -,2026-06-10
KEYFINSERV, EQ, 10-Jun-2026,255.85,263.95,263.95,250.05,250.05,251.3,253.25,257,0.65,23,199.0, 77.43,2026-06-10
KFINTECH, EQ, 10-Jun-2026,843.95,845.0,848.35,815.5,818.0,819.2,831.8,776437,6458.39,29458,407760.0, 52.52,2026-06-10
KHADIM, EQ, 10-Jun-2026,100.0,102.8,102.8,97.01,97.01,97.92,99.7,68212,68.01,2583,47964.0, 70.32,2026-06-10
KHAICHEM, BE, 10-Jun-2026,55.03,55.4,55.4,54.4,55.08,54.82,54.82,28046,15.37,150,, -,2026-06-10
KHAITANLTD, BE, 10-Jun-2026,133.43,132.01,133.19,132.0,132.01,132.21,132.18,1556,2.06,24,, -,2026-06-10
KHANDSE, EQ, 10-Jun-2026,18.23,18.89,18.89,17.75,18.0,18.35,18.44,2112,0.39,104,1979.0, 93.70,2026-06-10
KHFM, SM, 10-Jun-2026,60.9,60.6,64.8,60.1,62.9,62.9,62.42,7750,4.84,5,7750.0, 100.00,2026-06-10
KICL, EQ, 10-Jun-2026,4995.5,4994.5,5009.0,4917.5,4952.0,4983.0,4972.6,1078,53.6,202,720.0, 66.79,2026-06-10
KILITCH, EQ, 10-Jun-2026,187.01,190.0,197.0,182.55,182.61,183.42,189.69,385340,730.96,5754,99270.0, 25.76,2026-06-10
KIMS, EQ, 10-Jun-2026,781.6,782.4,791.0,760.1,765.0,763.15,775.27,686603,5323.0,19348,409566.0, 59.65,2026-06-10
KINGFA, EQ, 10-Jun-2026,5196.0,5196.0,5249.5,5041.0,5050.0,5060.0,5149.41,5360,276.01,1463,2926.0, 54.59,2026-06-10
KIOCL, EQ, 10-Jun-2026,411.25,415.0,419.0,395.75,398.0,398.2,404.64,154809,626.42,5866,76848.0, 49.64,2026-06-10
KIRANVYPAR, EQ, 10-Jun-2026,186.82,180.26,197.85,180.25,195.0,191.83,190.76,13815,26.35,407,11200.0, 81.07,2026-06-10
KIRIINDUS, EQ, 10-Jun-2026,406.5,404.6,410.0,394.15,398.5,396.7,400.42,134714,539.43,4063,67090.0, 49.80,2026-06-10
KIRLFER, EQ, 10-Jun-2026,420.35,420.35,427.35,410.7,416.4,416.8,417.68,74130,309.62,4163,50021.0, 67.48,2026-06-10
KIRLOSBROS, EQ, 10-Jun-2026,1716.8,1720.9,1745.0,1705.5,1725.0,1724.8,1722.42,64675,1113.97,7155,28458.0, 44.00,2026-06-10
KIRLOSENG, EQ, 10-Jun-2026,1851.3,1860.0,1871.5,1807.7,1816.0,1817.8,1830.95,151597,2775.66,19516,70538.0, 46.53,2026-06-10
KIRLOSIND, EQ, 10-Jun-2026,3148.8,3164.5,3177.5,3081.6,3083.0,3108.1,3126.92,2744,85.8,535,1378.0, 50.22,2026-06-10
KIRLPNU, EQ, 10-Jun-2026,1645.0,1661.2,1661.2,1601.1,1614.0,1625.7,1637.84,126637,2074.11,15685,69457.0, 54.85,2026-06-10
KISSHT, EQ, 10-Jun-2026,284.1,283.4,283.4,265.0,271.0,269.65,271.98,3265045,8880.22,29069,1129070.0, 34.58,2026-06-10
KITEX, EQ, 10-Jun-2026,146.17,147.7,150.55,142.2,143.0,142.79,145.07,3114326,4517.86,19828,1228006.0, 39.43,2026-06-10
KKCL, EQ, 10-Jun-2026,436.2,436.25,440.0,433.1,435.5,434.85,436.29,15838,69.1,562,11764.0, 74.28,2026-06-10
KKJEWELS, SM, 10-Jun-2026,116.65,115.0,116.9,115.0,116.9,116.05,116.04,20000,23.21,14,19000.0, 95.00,2026-06-10
KLBRENG-B, EQ, 10-Jun-2026,470.75,470.2,472.65,461.5,464.95,463.55,468.63,28720,134.59,1778,19816.0, 69.00,2026-06-10
KLL, SM, 10-Jun-2026,33.5,34.0,35.65,34.0,35.0,35.0,34.97,6400,2.24,7,6400.0, 100.00,2026-06-10
KMEW, EQ, 10-Jun-2026,1959.8,1978.3,1978.3,1851.1,1880.0,1863.2,1898.18,59860,1136.25,6127,30166.0, 50.39,2026-06-10
KMSUGAR, EQ, 10-Jun-2026,27.17,27.02,27.39,26.62,26.75,26.85,26.92,83907,22.58,671,48661.0, 57.99,2026-06-10
KNAGRI, EQ, 10-Jun-2026,192.62,193.0,194.0,190.01,190.3,190.61,191.73,1354,2.6,50,643.0, 47.49,2026-06-10
KNRCON, EQ, 10-Jun-2026,127.02,128.27,128.35,120.5,121.5,122.3,124.13,1631571,2025.32,22891,739638.0, 45.33,2026-06-10
KODYTECH, SM, 10-Jun-2026,884.85,885.0,893.95,872.05,890.0,887.85,886.73,6600,58.52,43,6000.0, 90.91,2026-06-10
KOHINOOR, EQ, 10-Jun-2026,23.97,23.55,24.3,23.31,23.31,23.52,23.72,21090,5.0,311,13588.0, 64.43,2026-06-10
KOKUYOCMLN, EQ, 10-Jun-2026,83.03,84.6,84.8,83.22,83.5,83.87,84.01,35802,30.08,694,25591.0, 71.48,2026-06-10
KOLTEPATIL, EQ, 10-Jun-2026,360.15,362.0,368.0,354.0,357.0,355.9,360.56,38427,138.55,1522,18311.0, 47.65,2026-06-10
KONSTELEC, ST, 10-Jun-2026,42.7,42.7,42.7,42.7,42.7,42.7,42.7,1000,0.43,1,1000.0, 100.00,2026-06-10
KONTOR, SM, 10-Jun-2026,59.05,59.05,61.8,59.05,59.05,59.05,59.96,3600,2.16,6,3600.0, 100.00,2026-06-10
KOPRAN, BE, 10-Jun-2026,183.65,182.05,184.99,180.0,181.49,181.79,182.34,70057,127.74,518,, -,2026-06-10
KORE, SM, 10-Jun-2026,134.0,146.95,146.95,121.0,142.8,142.8,134.59,2500,3.36,10,2250.0, 90.00,2026-06-10
KOTAKBANK, EQ, 10-Jun-2026,381.7,380.5,391.2,380.5,388.0,388.1,388.44,21427363,83231.46,198706,13103701.0, 61.15,2026-06-10
KOTARISUG, EQ, 10-Jun-2026,25.01,25.0,25.48,24.6,25.12,24.72,24.98,23455,5.86,222,15131.0, 64.51,2026-06-10
KOTHARIPET, EQ, 10-Jun-2026,117.56,117.56,122.0,114.61,118.0,116.61,119.33,76673,91.49,1693,33339.0, 43.48,2026-06-10
KOTHARIPRO, EQ, 10-Jun-2026,71.48,71.48,72.0,70.0,70.35,70.15,71.47,11188,8.0,273,9640.0, 86.16,2026-06-10
KOTIC, EQ, 10-Jun-2026,161.84,165.75,177.0,153.3,158.5,157.56,164.71,35705,58.81,1043,21573.0, 60.42,2026-06-10
KOTYARK, EQ, 10-Jun-2026,407.2,407.2,412.55,405.0,407.0,407.0,407.18,4789,19.5,322,3362.0, 70.20,2026-06-10
KOVAI, EQ, 10-Jun-2026,5746.0,5751.0,5946.0,5751.0,5868.0,5856.5,5839.87,7372,430.52,2399,3885.0, 52.70,2026-06-10
KPEL, EQ, 10-Jun-2026,345.5,345.5,350.0,338.7,341.95,340.9,341.99,122770,419.86,3628,60038.0, 48.90,2026-06-10
KPIGREEN, EQ, 10-Jun-2026,394.05,394.8,398.1,387.0,389.05,388.45,389.88,555224,2164.71,16001,298344.0, 53.73,2026-06-10
KPIL, EQ, 10-Jun-2026,1306.5,1310.0,1323.9,1265.0,1271.8,1273.3,1289.9,143452,1850.39,15286,87973.0, 61.33,2026-06-10
KPITTECH, EQ, 10-Jun-2026,756.15,751.5,760.4,730.0,733.6,732.95,743.64,700519,5209.35,22698,231208.0, 33.01,2026-06-10
KPL, EQ, 10-Jun-2026,2338.6,2363.9,2600.0,2338.1,2498.0,2506.6,2520.98,175777,4431.3,18058,43901.0, 24.98,2026-06-10
KPRMILL, EQ, 10-Jun-2026,1029.75,1030.0,1070.05,1029.5,1050.0,1045.55,1050.98,530120,5571.45,42911,314448.0, 59.32,2026-06-10
KRBL, EQ, 10-Jun-2026,348.2,346.05,352.2,340.65,341.55,341.85,345.62,235292,813.22,7810,140467.0, 59.70,2026-06-10
KREBSBIO, EQ, 10-Jun-2026,67.02,67.0,68.84,65.7,65.86,66.01,66.62,3757,2.5,253,2355.0, 62.68,2026-06-10
KRIDHANINF, BE, 10-Jun-2026,2.93,2.99,3.06,2.79,2.96,2.95,2.95,44562,1.31,49,, -,2026-06-10
KRISHANA, EQ, 10-Jun-2026,677.65,679.0,691.0,663.0,666.0,665.5,678.25,156245,1059.74,4543,63531.0, 40.66,2026-06-10
KRISHCA, SM, 10-Jun-2026,181.55,181.2,182.0,178.0,178.0,179.45,180.04,8000,14.4,15,7000.0, 87.50,2026-06-10
KRISHIVAL, EQ, 10-Jun-2026,403.7,405.3,407.0,401.8,405.0,406.95,406.1,14433,58.61,227,13882.0, 96.18,2026-06-10
KRISHNADEF, EQ, 10-Jun-2026,1240.8,1249.0,1288.0,1207.7,1219.0,1217.3,1250.15,170211,2127.89,14098,62969.0, 36.99,2026-06-10
KRISHPP, E1, 10-Jun-2026,125.0,128.95,128.95,128.95,128.95,128.95,128.95,1,0.0,1,1.0, 100.00,2026-06-10
KRITI, BE, 10-Jun-2026,73.05,73.05,73.05,72.55,72.6,72.59,72.7,1655,1.2,24,, -,2026-06-10
KRITIKA, EQ, 10-Jun-2026,5.98,6.08,6.08,5.96,6.05,6.0,6.01,73963,4.44,316,51977.0, 70.27,2026-06-10
KRITINUT, BE, 10-Jun-2026,86.52,86.52,86.52,82.4,83.0,83.77,84.27,9710,8.18,107,, -,2026-06-10
KRMAYURVED, ST, 10-Jun-2026,232.05,231.65,234.9,228.0,228.0,228.0,229.84,21000,48.27,15,21000.0, 100.00,2026-06-10
KRN, BE, 10-Jun-2026,1232.0,1234.0,1293.6,1234.0,1275.0,1255.7,1277.44,390454,4987.8,8799,, -,2026-06-10
KRONOX, EQ, 10-Jun-2026,138.32,136.1,139.59,132.41,132.87,132.91,135.63,28623,38.82,713,13045.0, 45.58,2026-06-10
KROSS, EQ, 10-Jun-2026,184.11,185.89,185.89,178.27,180.0,180.04,181.77,158947,288.92,2484,90374.0, 56.86,2026-06-10
KRSNAA, EQ, 10-Jun-2026,544.35,544.35,550.6,533.1,536.0,534.8,541.47,45253,245.03,3291,27769.0, 61.36,2026-06-10
KRT, RR, 10-Jun-2026,116.98,116.98,118.1,116.6,117.4,117.37,117.48,326870,384.02,13579,250832.0, 76.74,2026-06-10
KRYSTAL, EQ, 10-Jun-2026,579.35,584.65,584.65,575.0,577.2,575.1,576.24,9007,51.9,247,7188.0, 79.80,2026-06-10
KSB, EQ, 10-Jun-2026,818.75,820.5,833.0,808.05,810.5,819.9,821.73,206489,1696.79,17713,116587.0, 56.46,2026-06-10
KSCL, EQ, 10-Jun-2026,869.15,869.15,898.05,861.75,873.0,876.1,884.1,63330,559.9,3537,32003.0, 50.53,2026-06-10
KSHINTL, EQ, 10-Jun-2026,819.9,807.5,835.0,787.8,835.0,826.05,813.71,468235,3810.09,21398,231184.0, 49.37,2026-06-10
KSHITIJPOL, BE, 10-Jun-2026,6.54,6.85,6.86,6.85,6.86,6.86,6.86,11427517,783.77,10418,, -,2026-06-10
KSL, EQ, 10-Jun-2026,805.9,801.05,821.95,776.0,782.0,784.4,796.02,45429,361.63,2651,21174.0, 46.61,2026-06-10
KSOLVES, EQ, 10-Jun-2026,276.85,277.95,297.85,275.0,283.4,283.35,287.78,105460,303.49,4441,30662.0, 29.07,2026-06-10
KSR, BE, 10-Jun-2026,32.63,32.79,33.1,32.12,32.35,32.43,32.43,5465,1.77,34,, -,2026-06-10
KTKBANK, EQ, 10-Jun-2026,270.6,270.5,272.95,263.4,265.35,265.15,267.79,1824690,4886.31,20906,934712.0, 51.23,2026-06-10
KUANTUM, EQ, 10-Jun-2026,73.9,74.0,75.91,73.34,74.09,73.68,74.49,81676,60.84,1147,48301.0, 59.14,2026-06-10
KWIL, EQ, 10-Jun-2026,32.81,32.99,34.39,32.67,33.15,33.01,33.68,14031893,4726.06,36024,5329849.0, 37.98,2026-06-10
LAGNAM, EQ, 10-Jun-2026,80.63,81.95,81.95,79.0,79.99,79.19,79.26,409,0.32,29,314.0, 76.77,2026-06-10
LAHOTIOV, EQ, 10-Jun-2026,45.12,45.44,50.8,43.61,44.51,44.91,47.14,196720,92.73,984,130623.0, 66.40,2026-06-10
LAKPRE, BZ, 10-Jun-2026,4.94,4.89,5.0,4.89,4.9,4.9,4.97,36,0.0,3,, -,2026-06-10
LAKSHYA, ST, 10-Jun-2026,110.0,114.0,115.5,111.55,115.5,115.5,114.46,14400,16.48,18,12000.0, 83.33,2026-06-10
LAL, EQ, 10-Jun-2026,7.46,7.68,7.68,7.12,7.31,7.31,7.32,6328,0.46,72,4634.0, 73.23,2026-06-10
LALPATHLAB, EQ, 10-Jun-2026,1575.8,1570.1,1602.9,1562.1,1564.3,1568.7,1588.78,184518,2931.59,33852,110618.0, 59.95,2026-06-10
LAMBODHARA, EQ, 10-Jun-2026,106.5,106.5,107.7,102.11,102.9,103.14,104.39,21454,22.4,310,13258.0, 61.80,2026-06-10
LAMOSAIC, SM, 10-Jun-2026,27.85,29.1,30.0,28.2,28.25,28.2,28.89,156000,45.07,26,151800.0, 97.31,2026-06-10
LANCORHOL, EQ, 10-Jun-2026,24.51,25.0,25.98,24.06,24.5,24.91,25.02,65783,16.46,407,45042.0, 68.47,2026-06-10
LANDMARK, EQ, 10-Jun-2026,418.8,419.3,434.0,411.0,417.0,420.4,424.74,250188,1062.64,8933,89348.0, 35.71,2026-06-10
LANDSMILL, EQ, 10-Jun-2026,0.88,0.89,0.91,0.88,0.89,0.88,0.89,2148324,19.15,769,1277007.0, 59.44,2026-06-10
LAOPALA, EQ, 10-Jun-2026,172.32,172.32,179.0,172.0,176.45,176.97,176.72,306440,541.55,4032,82574.0, 26.95,2026-06-10
LASA, EQ, 10-Jun-2026,7.67,7.8,7.8,7.52,7.68,7.6,7.64,7973,0.61,55,6600.0, 82.78,2026-06-10
LATENTVIEW, EQ, 10-Jun-2026,304.5,304.5,305.0,289.3,290.0,293.35,298.47,446521,1332.72,11511,243744.0, 54.59,2026-06-10
LATTEYS, BE, 10-Jun-2026,22.5,22.47,22.47,21.84,22.14,22.02,22.02,40347,8.88,190,, -,2026-06-10
LAURUSLABS, EQ, 10-Jun-2026,1424.4,1424.4,1427.0,1380.5,1389.1,1385.7,1402.78,1334485,18719.86,53360,707065.0, 52.98,2026-06-10
LAXMICOT, EQ, 10-Jun-2026,14.27,14.77,15.44,14.27,14.27,14.87,14.94,25861,3.86,246,22189.0, 85.80,2026-06-10
LAXMIDENTL, EQ, 10-Jun-2026,224.45,227.62,227.72,217.1,221.0,218.13,221.67,102562,227.35,2366,52804.0, 51.48,2026-06-10
LAXMIINDIA, BE, 10-Jun-2026,98.3,98.75,103.21,98.3,102.05,102.11,101.53,72808,73.92,422,, -,2026-06-10
LCCINFOTEC, EQ, 10-Jun-2026,4.49,4.69,4.71,4.49,4.71,4.71,4.69,62733,2.94,56,58615.0, 93.44,2026-06-10
LEMERITE, EQ, 10-Jun-2026,26.6,25.27,25.27,25.27,25.27,25.27,25.27,354372,89.55,259,354372.0, 100.00,2026-06-10
LEMONTREE, EQ, 10-Jun-2026,107.99,108.01,108.45,106.41,106.97,106.83,107.44,1612876,1732.88,24122,927598.0, 57.51,2026-06-10
LENSKART, EQ, 10-Jun-2026,503.4,508.0,509.5,498.55,500.5,500.15,503.37,4464274,22471.81,66950,2707421.0, 60.65,2026-06-10
LEXUS, EQ, 10-Jun-2026,15.55,16.02,16.68,14.8,15.0,15.06,15.36,22370,3.44,156,20912.0, 93.48,2026-06-10
LFIC, EQ, 10-Jun-2026,142.05,142.1,144.99,140.3,143.0,142.93,142.08,1583,2.25,28,1523.0, 96.21,2026-06-10
LGBBROSLTD, EQ, 10-Jun-2026,1479.6,1479.6,1490.0,1454.0,1465.0,1458.1,1472.61,16729,246.35,2510,9692.0, 57.94,2026-06-10
LGEINDIA, EQ, 10-Jun-2026,1541.5,1531.2,1555.7,1531.2,1540.0,1540.4,1540.64,360392,5552.33,20771,220032.0, 61.05,2026-06-10
LGHL, EQ, 10-Jun-2026,233.06,237.89,237.89,224.0,231.4,228.55,234.19,32469,76.04,639,2605.0, 8.02,2026-06-10
LIBAS, EQ, 10-Jun-2026,12.06,12.15,12.44,12.1,12.29,12.3,12.31,30653,3.77,155,25247.0, 82.36,2026-06-10
LIBERTSHOE, EQ, 10-Jun-2026,236.69,236.6,239.89,231.51,232.07,233.17,235.96,14017,33.07,608,8296.0, 59.19,2026-06-10
LICHSGFIN, EQ, 10-Jun-2026,552.75,554.0,554.0,539.4,542.0,541.0,546.27,505435,2761.06,13175,240432.0, 47.57,2026-06-10
LICI, EQ, 10-Jun-2026,403.9,404.1,406.2,395.0,395.6,395.95,399.76,2722258,10882.45,36158,1213648.0, 44.58,2026-06-10
LICMFGOLD, EQ, 10-Jun-2026,136.5,135.0,135.0,131.85,133.65,132.55,132.87,67335,89.47,972,38712.0, 57.49,2026-06-10
LICNETFGSC, EQ, 10-Jun-2026,29.0,29.05,29.05,28.96,28.96,28.98,28.98,2557,0.74,76,2017.0, 78.88,2026-06-10
LICNETFN50, EQ, 10-Jun-2026,259.63,261.25,261.96,258.61,258.61,258.69,259.94,343,0.89,24,190.0, 55.39,2026-06-10
LICNETFSEN, EQ, 10-Jun-2026,826.86,838.29,838.29,830.6,834.4,834.4,834.6,4,0.03,4,3.0, 75.00,2026-06-10
LICNFNHGP, EQ, 10-Jun-2026,265.69,265.69,266.82,263.94,264.91,264.83,265.8,69,0.18,17,60.0, 86.96,2026-06-10
LICNMID100, EQ, 10-Jun-2026,60.88,60.88,61.22,59.79,60.37,60.13,60.42,8535,5.16,112,6121.0, 71.72,2026-06-10
LIKHITHA, BE, 10-Jun-2026,227.11,233.8,235.0,225.0,225.0,228.16,229.42,39182,89.89,400,, -,2026-06-10
LINC, EQ, 10-Jun-2026,98.8,99.99,100.6,98.02,100.15,99.68,99.66,23524,23.44,301,19633.0, 83.46,2026-06-10
LINCOLN, EQ, 10-Jun-2026,637.8,635.05,643.8,628.05,634.7,633.3,633.6,38622,244.71,1965,17380.0, 45.00,2026-06-10
LINDEINDIA, EQ, 10-Jun-2026,6855.0,6855.0,6928.5,6725.0,6735.0,6750.5,6809.93,18126,1234.37,3977,9494.0, 52.38,2026-06-10
LIQGRWBEES, EQ, 10-Jun-2026,1042.74,1042.88,1042.88,1042.86,1042.86,1042.86,1042.87,50430,525.92,176,31752.0, 62.96,2026-06-10
LIQUID, EQ, 10-Jun-2026,999.99,999.99,1000.0,999.99,999.99,999.99,1000.0,571305,5713.03,232,345708.0, 60.51,2026-06-10
LIQUID1, EQ, 10-Jun-2026,1108.05,1108.05,1108.21,1108.05,1108.2,1108.19,1108.2,1637771,18149.77,560,778290.0, 47.52,2026-06-10
LIQUIDADD, EQ, 10-Jun-2026,1130.22,1130.36,1130.38,1130.36,1130.36,1130.37,1130.36,391463,4424.95,977,364970.0, 93.23,2026-06-10
LIQUIDBEES, EQ, 10-Jun-2026,1000.0,1000.0,1000.01,999.99,1000.0,999.99,1000.0,2392444,23924.44,4522,1604062.0, 67.05,2026-06-10
LIQUIDBETF, EQ, 10-Jun-2026,1085.07,1085.21,1085.22,1085.2,1085.2,1085.21,1085.21,192624,2090.38,112,168407.0, 87.43,2026-06-10
LIQUIDCASE, EQ, 10-Jun-2026,114.45,114.45,114.47,114.45,114.47,114.46,114.46,15075010,17255.28,16362,12965561.0, 86.01,2026-06-10
LIQUIDETF, EQ, 10-Jun-2026,999.99,1000.0,1000.01,999.99,1000.0,999.99,1000.0,80686,806.86,200,50032.0, 62.01,2026-06-10
LIQUIDIETF, EQ, 10-Jun-2026,999.99,1000.0,1000.01,999.99,1000.0,999.99,1000.0,233957,2339.57,206,199473.0, 85.26,2026-06-10
LIQUIDPLUS, EQ, 10-Jun-2026,1089.02,1089.06,1089.18,1089.06,1089.16,1089.17,1089.17,268503,2924.45,269,229494.0, 85.47,2026-06-10
LIQUIDSBI, EQ, 10-Jun-2026,999.99,974.99,1000.01,974.99,999.99,999.99,999.05,2656,26.53,28,1655.0, 62.31,2026-06-10
LIQUIDSHRI, EQ, 10-Jun-2026,1107.85,1107.99,1108.01,1107.99,1107.99,1107.99,1107.99,2694,29.85,24,2437.0, 90.46,2026-06-10
LLOYDS, ST, 10-Jun-2026,93.15,88.5,88.5,88.5,88.5,88.5,88.5,110000,97.35,26,110000.0, 100.00,2026-06-10
LLOYDSENGG, EQ, 10-Jun-2026,71.78,72.32,72.32,68.8,69.25,69.27,69.77,7440120,5190.92,29990,2635772.0, 35.43,2026-06-10
LLOYDSENT, EQ, 10-Jun-2026,67.9,68.54,68.54,65.74,66.1,66.38,66.65,1659004,1105.73,10543,829192.0, 49.98,2026-06-10
LLOYDSME, EQ, 10-Jun-2026,1717.2,1724.4,1727.0,1678.0,1699.0,1703.8,1693.16,476060,8060.43,21020,269762.0, 56.67,2026-06-10
LMW, EQ, 10-Jun-2026,15712.0,15777.0,15854.0,15549.0,15551.0,15562.0,15633.69,1668,260.77,692,1001.0, 60.01,2026-06-10
LODHA, EQ, 10-Jun-2026,887.9,888.0,890.6,856.4,862.0,862.0,870.74,747498,6508.73,18390,389727.0, 52.14,2026-06-10
LOKESHMACH, BE, 10-Jun-2026,265.15,265.0,278.4,255.2,264.0,263.45,268.78,25510,68.57,369,, -,2026-06-10
LORDSCHLO, EQ, 10-Jun-2026,130.93,129.17,131.99,128.0,128.55,128.57,129.78,5967,7.74,289,3749.0, 62.83,2026-06-10
LOTUSDEV, EQ, 10-Jun-2026,137.07,136.1,137.8,134.0,135.99,135.54,135.69,241809,328.12,3546,142586.0, 58.97,2026-06-10
LOTUSEYE, EQ, 10-Jun-2026,122.39,120.2,127.5,120.2,123.0,122.42,124.33,14591,18.14,372,7489.0, 51.33,2026-06-10
LOVABLE, EQ, 10-Jun-2026,71.3,70.15,72.4,69.4,69.4,69.74,70.33,5100,3.59,251,3661.0, 71.78,2026-06-10
LOWVOL, EQ, 10-Jun-2026,197.3,198.49,198.49,197.91,197.91,197.91,198.4,130,0.26,5,104.0, 80.00,2026-06-10
LOWVOL1, EQ, 10-Jun-2026,20.34,19.83,21.3,19.83,20.2,20.17,20.32,701260,142.5,204,660934.0, 94.25,2026-06-10
LOWVOLIETF, EQ, 10-Jun-2026,21.2,21.34,21.38,21.13,21.18,21.16,21.31,874348,186.3,1035,465414.0, 53.23,2026-06-10
LOYALTEX, BE, 10-Jun-2026,204.0,204.5,204.5,204.5,204.5,204.5,204.5,4,0.01,3,, -,2026-06-10
LPDC, EQ, 10-Jun-2026,6.64,6.61,6.94,6.6,6.64,6.62,6.63,28617,1.9,107,22369.0, 78.17,2026-06-10
LRRPL, SM, 10-Jun-2026,78.5,78.5,83.85,78.5,82.0,82.0,81.77,13500,11.04,7,13500.0, 100.00,2026-06-10
LT, EQ, 10-Jun-2026,3900.6,3904.0,3962.8,3900.0,3931.0,3917.5,3935.66,2033070,80014.82,114568,1274884.0, 62.71,2026-06-10
LTF, EQ, 10-Jun-2026,265.55,266.0,268.0,259.2,260.95,260.35,263.46,2859603,7533.78,24471,1067325.0, 37.32,2026-06-10
LTFOODS, EQ, 10-Jun-2026,375.95,375.0,382.9,365.1,365.6,367.9,373.45,298476,1114.65,10705,129570.0, 43.41,2026-06-10
LTGILTBEES, EQ, 10-Jun-2026,29.49,29.54,29.6,29.45,29.45,29.46,29.47,996069,293.55,622,824646.0, 82.79,2026-06-10
LTGILTCASE, EQ, 10-Jun-2026,30.03,30.63,30.63,29.92,30.05,30.04,30.02,32566,9.78,161,23166.0, 71.14,2026-06-10
LTM, EQ, 10-Jun-2026,3999.9,4000.0,4023.2,3938.0,3948.8,3944.1,3972.69,190198,7555.97,20988,77919.0, 40.97,2026-06-10
LTTS, EQ, 10-Jun-2026,3417.7,3420.0,3444.0,3315.1,3325.5,3328.0,3374.02,79646,2687.27,14806,24773.0, 31.10,2026-06-10
LUMAXIND, EQ, 10-Jun-2026,5291.5,5292.0,5321.0,5132.0,5200.0,5169.5,5212.49,6501,338.86,1941,3526.0, 54.24,2026-06-10
LUMAXTECH, EQ, 10-Jun-2026,1643.4,1645.0,1657.0,1605.7,1618.0,1612.8,1630.6,86418,1409.13,12377,32585.0, 37.71,2026-06-10
LUPIN, EQ, 10-Jun-2026,2264.2,2264.2,2280.5,2242.1,2247.9,2247.2,2265.35,734927,16648.65,59814,419233.0, 57.04,2026-06-10
LUXIND, EQ, 10-Jun-2026,1317.7,1316.0,1341.8,1280.3,1290.0,1286.0,1302.04,28532,371.5,2556,15710.0, 55.06,2026-06-10
LXCHEM, EQ, 10-Jun-2026,155.54,154.99,157.2,149.72,150.0,149.95,152.62,490118,748.0,6354,207275.0, 42.29,2026-06-10
LYKALABS, EQ, 10-Jun-2026,70.05,73.8,77.05,71.0,72.0,71.94,75.58,389608,294.48,2847,195451.0, 50.17,2026-06-10
LYPSAGEMS, EQ, 10-Jun-2026,4.93,4.86,4.99,4.81,4.95,4.93,4.92,19375,0.95,210,8221.0, 42.43,2026-06-10
M&M, EQ, 10-Jun-2026,2990.1,2980.0,3000.0,2943.2,2952.9,2952.5,2976.13,2281551,67901.86,108603,1310474.0, 57.44,2026-06-10
M&MFIN, EQ, 10-Jun-2026,285.0,285.5,287.4,276.3,277.0,277.25,280.72,1432711,4021.92,28282,786966.0, 54.93,2026-06-10
MAANALU, EQ, 10-Jun-2026,126.41,126.9,127.09,122.05,122.05,122.92,123.92,94707,117.36,1362,59205.0, 62.51,2026-06-10
MACPOWER, EQ, 10-Jun-2026,1014.25,1014.25,1021.4,970.05,972.05,974.15,991.08,12782,126.68,1333,7391.0, 57.82,2026-06-10
MADHAV, EQ, 10-Jun-2026,37.05,36.5,37.0,36.4,36.45,36.45,36.53,509,0.19,19,403.0, 79.17,2026-06-10
MADHAVBAUG, SM, 10-Jun-2026,180.7,182.0,183.9,181.0,183.9,182.55,181.61,11200,20.34,17,10800.0, 96.43,2026-06-10
MADHAVIPL, EQ, 10-Jun-2026,8.49,8.33,9.42,8.33,8.7,8.75,8.98,1161616,104.28,1567,557274.0, 47.97,2026-06-10
MADHUCON, EQ, 10-Jun-2026,5.33,5.24,5.86,5.12,5.24,5.64,5.48,22264,1.22,118,19977.0, 89.73,2026-06-10
MADHUSUDAN, SM, 10-Jun-2026,149.15,149.05,150.0,148.5,148.5,148.5,149.14,4000,5.97,4,3000.0, 75.00,2026-06-10
MADRASFERT, EQ, 10-Jun-2026,68.55,69.0,72.8,67.01,67.1,67.93,69.94,260154,181.96,2667,85049.0, 32.69,2026-06-10
MAFANG, EQ, 10-Jun-2026,190.84,194.26,194.26,194.0,194.26,194.26,194.26,422253,820.27,8298,411335.0, 97.41,2026-06-10
MAFATIND, EQ, 10-Jun-2026,127.86,128.55,129.78,126.0,127.0,126.85,128.07,19539,25.02,1121,9937.0, 50.86,2026-06-10
MAGADSUGAR, EQ, 10-Jun-2026,452.25,460.0,463.8,446.25,446.25,448.1,451.34,4507,20.34,412,3025.0, 67.12,2026-06-10
MAGNUM, EQ, 10-Jun-2026,19.91,20.2,20.2,19.34,19.73,19.72,19.87,1064,0.21,32,1055.0, 99.15,2026-06-10
MAGSON, ST, 10-Jun-2026,161.5,162.3,164.9,162.3,164.9,164.9,163.17,3000,4.9,3,3000.0, 100.00,2026-06-10
MAHABANK, EQ, 10-Jun-2026,83.97,84.25,85.08,83.41,84.0,84.18,84.37,19378667,16349.22,60735,8107240.0, 41.84,2026-06-10
MAHAPEXLTD, EQ, 10-Jun-2026,47.02,48.0,50.98,46.61,49.0,48.8,48.7,20596,10.03,285,16061.0, 77.98,2026-06-10
MAHASTEEL, BE, 10-Jun-2026,895.95,894.0,910.0,868.2,888.55,899.1,895.62,1098,9.83,87,, -,2026-06-10
MAHEPC, EQ, 10-Jun-2026,106.24,108.4,108.4,105.61,107.5,107.23,107.23,18249,19.57,594,11775.0, 64.52,2026-06-10
MAHESHWARI, BE, 10-Jun-2026,69.39,69.05,70.95,67.1,69.0,69.23,69.24,45357,31.41,153,, -,2026-06-10
MAHICKRA, ST, 10-Jun-2026,252.0,242.0,248.95,239.5,243.0,243.0,243.18,6000,14.59,8,5250.0, 87.50,2026-06-10
MAHKTECH, EQ, 10-Jun-2026,23.82,23.36,23.36,23.36,23.36,23.36,23.36,269995,63.07,2219,269960.0, 99.99,2026-06-10
MAHLIFE, EQ, 10-Jun-2026,334.7,336.7,336.9,322.25,324.9,324.25,327.45,52220,171.0,2869,35612.0, 68.20,2026-06-10
MAHLOG, EQ, 10-Jun-2026,345.3,342.3,352.0,336.6,338.0,338.45,341.81,86962,297.24,2601,45862.0, 52.74,2026-06-10
MAHSCOOTER, EQ, 10-Jun-2026,12287.0,12287.0,12378.0,12045.0,12220.0,12172.0,12254.87,2410,295.34,841,1302.0, 54.02,2026-06-10
MAHSEAMLES, EQ, 10-Jun-2026,610.05,610.05,612.4,592.65,600.0,598.6,603.44,63740,384.63,7457,36109.0, 56.65,2026-06-10
MAITHANALL, EQ, 10-Jun-2026,1002.0,1007.0,1007.5,957.7,971.2,967.2,975.29,47296,461.27,3623,29810.0, 63.03,2026-06-10
MAJESAUT, EQ, 10-Jun-2026,331.3,331.15,338.0,327.4,332.4,335.0,334.97,2527,8.46,107,1975.0, 78.16,2026-06-10
MAKEINDIA, EQ, 10-Jun-2026,158.39,158.39,158.85,156.56,157.37,157.03,157.8,402687,635.43,733,380162.0, 94.41,2026-06-10
MAL, SM, 10-Jun-2026,30.4,31.8,31.8,30.45,30.45,30.45,30.9,4800,1.48,3,4800.0, 100.00,2026-06-10
MALLCOM, EQ, 10-Jun-2026,965.15,978.55,994.0,972.1,977.0,975.55,980.19,4214,41.31,278,3411.0, 80.94,2026-06-10
MALUPAPER, EQ, 10-Jun-2026,32.53,32.15,33.09,30.25,30.8,31.03,31.41,40430,12.7,405,14354.0, 35.50,2026-06-10
MAMATA, EQ, 10-Jun-2026,367.05,371.8,371.8,354.1,355.85,356.5,361.01,61913,223.51,2673,30831.0, 49.80,2026-06-10
MANAKALUCO, EQ, 10-Jun-2026,40.12,40.12,45.5,39.54,41.1,41.21,42.85,983540,421.44,6363,394783.0, 40.14,2026-06-10
MANAKCOAT, EQ, 10-Jun-2026,105.63,106.2,110.03,104.05,105.99,104.38,107.26,356927,382.85,5068,102581.0, 28.74,2026-06-10
MANAKSIA, EQ, 10-Jun-2026,58.28,58.29,59.7,57.51,57.6,57.62,58.19,19047,11.08,224,15201.0, 79.81,2026-06-10
MANAKSTEEL, BE, 10-Jun-2026,66.81,69.8,69.8,66.15,67.99,67.33,68.74,27192,18.69,128,, -,2026-06-10
MANALIPETC, EQ, 10-Jun-2026,62.52,62.83,64.2,60.0,60.0,60.53,61.86,261210,161.6,2692,105915.0, 40.55,2026-06-10
MANAPPURAM, EQ, 10-Jun-2026,307.25,304.95,304.95,287.0,289.4,288.25,293.63,4677142,13733.69,50281,1383697.0, 29.58,2026-06-10
MANBA, EQ, 10-Jun-2026,118.22,119.16,119.36,115.0,116.0,115.43,116.66,56606,66.03,464,18722.0, 33.07,2026-06-10
MANCREDIT, EQ, 10-Jun-2026,209.07,213.29,213.51,205.91,207.9,207.84,211.22,201051,424.66,672,54362.0, 27.04,2026-06-10
MANGALAM, EQ, 10-Jun-2026,28.33,28.19,28.99,28.01,28.1,28.3,28.34,19302,5.47,155,13232.0, 68.55,2026-06-10
MANGLMCEM, EQ, 10-Jun-2026,844.25,820.05,847.8,820.05,840.0,833.65,838.08,35236,295.31,2188,20261.0, 57.50,2026-06-10
MANILAM, SM, 10-Jun-2026,61.9,61.0,61.0,61.0,61.0,61.0,61.0,2000,1.22,1,2000.0, 100.00,2026-06-10
MANINDS, EQ, 10-Jun-2026,519.1,519.45,554.4,519.0,534.9,528.75,538.62,1056904,5692.68,23329,334512.0, 31.65,2026-06-10
MANINFRA, EQ, 10-Jun-2026,115.03,115.03,117.4,112.54,113.5,112.97,115.71,2901758,3357.71,10071,372299.0, 12.83,2026-06-10
MANKIND, EQ, 10-Jun-2026,2391.0,2399.0,2410.6,2366.0,2373.6,2376.2,2393.65,363531,8701.67,16965,202859.0, 55.80,2026-06-10
MANOMAY, EQ, 10-Jun-2026,184.37,187.0,200.78,175.25,192.0,195.73,189.15,138205,261.42,2209,71207.0, 51.52,2026-06-10
MANORAMA, EQ, 10-Jun-2026,1490.8,1498.0,1555.0,1484.0,1553.0,1540.7,1526.07,310920,4744.86,18421,177245.0, 57.01,2026-06-10
MANORG, BE, 10-Jun-2026,459.9,460.1,474.5,445.0,450.0,449.75,457.52,10890,49.82,218,, -,2026-06-10
MANUFGBEES, EQ, 10-Jun-2026,156.62,156.32,156.66,154.52,156.49,155.13,155.9,4390,6.84,88,3645.0, 83.03,2026-06-10
MANUGRAPH, EQ, 10-Jun-2026,17.42,16.7,17.75,16.6,16.74,16.71,17.11,19305,3.3,246,15889.0, 82.31,2026-06-10
MANYAVAR, EQ, 10-Jun-2026,404.0,404.0,411.45,392.2,399.0,397.05,400.04,184825,739.37,8501,87288.0, 47.23,2026-06-10
MAPMYINDIA, EQ, 10-Jun-2026,877.55,882.0,900.8,851.0,855.2,860.35,877.39,209357,1836.87,11616,82438.0, 39.38,2026-06-10
MARALOVER, BE, 10-Jun-2026,57.0,57.0,57.0,55.06,55.08,55.09,56.08,6500,3.65,40,, -,2026-06-10
MARATHON, EQ, 10-Jun-2026,407.5,407.5,412.95,387.0,393.8,395.45,394.58,115105,454.18,4326,65831.0, 57.19,2026-06-10
MARC, ST, 10-Jun-2026,76.0,75.0,75.0,75.0,75.0,75.0,75.0,1200,0.9,1,1200.0, 100.00,2026-06-10
MARCO, SM, 10-Jun-2026,33.0,33.0,33.0,31.5,31.5,31.5,32.23,7500,2.42,5,6000.0, 80.00,2026-06-10
MARICO, EQ, 10-Jun-2026,813.2,814.35,832.95,809.15,822.0,819.9,824.19,2365760,19498.47,53024,1309276.0, 55.34,2026-06-10
MARINE, EQ, 10-Jun-2026,243.95,245.4,249.3,237.0,237.7,239.1,241.79,546827,1322.16,9227,222433.0, 40.68,2026-06-10
MARKOLINES, EQ, 10-Jun-2026,166.54,167.0,169.45,165.25,165.8,166.59,167.91,252896,424.65,2430,64942.0, 25.68,2026-06-10
MARKSANS, EQ, 10-Jun-2026,252.75,253.7,255.5,245.55,248.0,246.92,251.38,2443581,6142.67,35408,847105.0, 34.67,2026-06-10
MARSONS, EQ, 10-Jun-2026,123.16,124.15,125.4,118.6,119.88,119.91,122.61,2302402,2823.06,16605,877186.0, 38.10,2026-06-10
MARUSHIKA, SM, 10-Jun-2026,82.25,83.0,83.0,83.0,83.0,83.0,83.0,7200,5.98,1,7200.0, 100.00,2026-06-10
MARUTI, EQ, 10-Jun-2026,13120.0,13118.0,13205.0,13050.0,13072.0,13073.0,13133.95,203885,26778.16,36688,98360.0, 48.24,2026-06-10
MASFIN, EQ, 10-Jun-2026,303.25,304.15,306.95,296.15,297.75,297.0,299.7,48590,145.62,2369,32218.0, 66.31,2026-06-10
MASKINVEST, BE, 10-Jun-2026,148.02,153.0,155.42,148.02,148.02,148.03,152.8,498,0.76,21,, -,2026-06-10
MASON, SM, 10-Jun-2026,124.45,129.5,129.5,124.35,124.35,124.35,126.93,1000,1.27,2,1000.0, 100.00,2026-06-10
MASPTOP50, EQ, 10-Jun-2026,79.75,79.99,79.99,79.55,79.99,79.99,79.99,288243,230.56,3641,285912.0, 99.19,2026-06-10
MASTEK, EQ, 10-Jun-2026,1622.1,1622.5,1637.7,1572.8,1590.0,1583.6,1603.27,24585,394.16,3980,11888.0, 48.35,2026-06-10
MASTERTR, EQ, 10-Jun-2026,75.04,76.0,81.9,70.25,78.51,75.17,76.39,18793853,14356.46,74651,1017765.0, 5.42,2026-06-10
MATRIMONY, EQ, 10-Jun-2026,405.85,404.15,409.8,393.2,395.0,395.05,397.68,45010,178.99,1721,36724.0, 81.59,2026-06-10
MAWANASUG, BE, 10-Jun-2026,103.35,104.5,104.5,101.0,102.9,101.97,102.85,26658,27.42,352,, -,2026-06-10
MAXESTATES, EQ, 10-Jun-2026,441.5,440.0,445.6,436.0,440.0,442.35,442.86,36221,160.41,1336,23911.0, 66.01,2026-06-10
MAXHEALTH, EQ, 10-Jun-2026,1003.1,1003.0,1025.4,1000.15,1008.0,1010.1,1017.3,3028517,30809.07,62720,1771362.0, 58.49,2026-06-10
MAXIND, EQ, 10-Jun-2026,159.04,160.0,161.69,157.35,158.0,157.79,158.33,16946,26.83,578,10793.0, 63.69,2026-06-10
MAXPOSURE, SM, 10-Jun-2026,32.6,31.7,32.0,31.05,31.9,31.6,31.58,76000,24.0,64,43000.0, 56.58,2026-06-10
MAXVOLT, ST, 10-Jun-2026,383.6,400.0,402.75,385.0,399.95,394.35,398.56,32800,130.73,76,29600.0, 90.24,2026-06-10
MAYASHEEL, SM, 10-Jun-2026,51.05,50.0,50.35,48.45,50.35,50.35,49.6,15000,7.44,5,3000.0, 20.00,2026-06-10
MAYURUNIQ, EQ, 10-Jun-2026,798.85,803.1,849.15,798.55,806.65,811.25,831.23,1015825,8443.79,36207,368145.0, 36.24,2026-06-10
MAZDA, EQ, 10-Jun-2026,229.94,229.92,237.99,227.0,231.5,228.1,231.32,32271,74.65,970,19416.0, 60.17,2026-06-10
MAZDOCK, EQ, 10-Jun-2026,2435.3,2437.0,2450.0,2357.6,2365.0,2367.6,2409.44,653893,15755.14,30937,211499.0, 32.34,2026-06-10
MBAPL, EQ, 10-Jun-2026,553.9,555.0,571.0,552.0,555.0,556.9,561.37,151935,852.91,4230,75083.0, 49.42,2026-06-10
MBEL, EQ, 10-Jun-2026,275.8,275.8,278.8,268.0,268.5,269.55,272.78,63969,174.49,3447,40206.0, 62.85,2026-06-10
MBLINFRA, EQ, 10-Jun-2026,27.44,27.89,28.3,25.69,26.3,25.98,26.77,156837,41.99,973,102322.0, 65.24,2026-06-10
MCCHRLS-B, EQ, 10-Jun-2026,690.95,714.9,714.9,662.05,695.0,690.1,680.42,104,0.71,26,99.0, 95.19,2026-06-10
MCL, EQ, 10-Jun-2026,59.07,58.0,59.79,55.0,55.0,57.52,58.55,36570,21.41,696,28969.0, 79.22,2026-06-10
MCLEODRUSS, BE, 10-Jun-2026,68.11,66.75,66.75,66.75,66.75,66.75,66.75,60919,40.66,130,, -,2026-06-10
MCLOUD, EQ, 10-Jun-2026,24.51,24.5,24.78,24.22,24.25,24.33,24.34,1553831,378.18,3583,302015.0, 19.44,2026-06-10
MCON, SM, 10-Jun-2026,49.8,47.6,49.5,47.35,47.35,47.35,48.19,16000,7.71,15,13000.0, 81.25,2026-06-10
MCX, EQ, 10-Jun-2026,2824.8,2830.0,2830.0,2732.4,2748.0,2743.8,2775.28,2377745,65989.04,116007,983632.0, 41.37,2026-06-10
MDL, SM, 10-Jun-2026,73.95,73.95,75.95,73.9,75.95,75.95,74.44,4000,2.98,4,3000.0, 75.00,2026-06-10
MEDANTA, EQ, 10-Jun-2026,1242.1,1245.0,1256.2,1215.1,1227.0,1225.5,1233.42,90871,1120.82,12620,46508.0, 51.18,2026-06-10
MEDIASSIST, EQ, 10-Jun-2026,350.85,353.0,355.75,342.9,348.6,346.7,348.2,86746,302.05,3352,47484.0, 54.74,2026-06-10
MEDICAMEQ, EQ, 10-Jun-2026,239.75,241.8,243.8,227.9,229.5,230.1,233.89,44041,103.01,2166,15251.0, 34.63,2026-06-10
MEDICO, EQ, 10-Jun-2026,43.42,43.85,44.84,42.5,43.75,43.34,43.32,140722,60.96,1206,76146.0, 54.11,2026-06-10
MEDIORG, SM, 10-Jun-2026,20.0,21.0,21.0,20.0,20.85,20.85,20.54,10000,2.05,4,10000.0, 100.00,2026-06-10
MEDISTEP, SM, 10-Jun-2026,19.55,19.5,19.5,19.5,19.5,19.5,19.5,3000,0.59,1,3000.0, 100.00,2026-06-10
MEDPLUS, EQ, 10-Jun-2026,861.0,863.0,868.95,845.4,857.3,859.45,859.25,106917,918.68,9834,48848.0, 45.69,2026-06-10
MEESHO, EQ, 10-Jun-2026,166.73,173.0,174.86,165.05,166.16,166.06,166.63,187247895,312017.39,369908,90714244.0, 48.45,2026-06-10
MEGASTAR, EQ, 10-Jun-2026,296.65,296.7,308.3,288.6,306.0,306.15,298.99,17745,53.06,454,7900.0, 44.52,2026-06-10
MEGATHERM, SM, 10-Jun-2026,214.85,215.0,215.0,201.0,201.3,201.35,207.74,50800,105.53,100,42000.0, 82.68,2026-06-10
MEIL, BE, 10-Jun-2026,316.15,314.6,314.6,303.5,305.2,306.25,307.46,16180,49.75,382,, -,2026-06-10
MENNPIS, EQ, 10-Jun-2026,54.25,55.83,57.1,54.5,55.89,55.34,56.14,67435,37.86,828,49800.0, 73.85,2026-06-10
MENONBE, EQ, 10-Jun-2026,169.81,172.69,183.0,161.5,163.0,163.2,173.63,2895887,5028.08,42222,496014.0, 17.13,2026-06-10
MEP, BZ, 10-Jun-2026,0.85,0.85,0.86,0.84,0.84,0.84,0.84,146406,1.23,79,, -,2026-06-10
MERCANTILE, EQ, 10-Jun-2026,25.11,26.0,26.95,25.0,25.48,25.47,25.35,344,0.09,23,278.0, 80.81,2026-06-10
MERCURYEV, BE, 10-Jun-2026,32.68,32.03,32.03,32.03,32.03,32.03,32.03,11973,3.83,87,, -,2026-06-10
METAL, EQ, 10-Jun-2026,13.08,13.09,13.09,12.8,12.85,12.84,12.89,4632356,596.98,11203,2743747.0, 59.23,2026-06-10
METALIETF, EQ, 10-Jun-2026,13.08,13.38,13.38,12.79,12.82,12.8,12.89,13812377,1780.93,15494,8001866.0, 57.93,2026-06-10
METROBRAND, EQ, 10-Jun-2026,999.5,999.6,1001.0,986.0,991.9,988.8,994.72,24805,246.74,2872,11335.0, 45.70,2026-06-10
METROGLOBL, EQ, 10-Jun-2026,127.87,130.0,130.0,130.0,130.0,130.0,130.0,9,0.01,1,9.0, 100.00,2026-06-10
METROPOLIS, EQ, 10-Jun-2026,535.55,538.7,539.65,522.05,530.0,524.45,529.59,63362,335.56,6846,37533.0, 59.24,2026-06-10
MFML, EQ, 10-Jun-2026,23.5,24.2,24.2,23.8,23.8,23.8,23.92,1431,0.34,6,1431.0, 100.00,2026-06-10
MFSL, EQ, 10-Jun-2026,1594.1,1606.1,1627.0,1585.1,1599.9,1598.3,1612.55,857632,13829.74,34810,530974.0, 61.91,2026-06-10
MGEL, BE, 10-Jun-2026,16.48,16.65,17.25,15.82,16.7,16.51,16.73,649221,108.59,584,, -,2026-06-10
MGL, EQ, 10-Jun-2026,1059.1,1059.4,1086.1,1055.0,1080.0,1080.5,1073.36,139737,1499.88,12296,70470.0, 50.43,2026-06-10
MGSL, SM, 10-Jun-2026,68.1,66.3,66.55,62.0,66.35,65.0,64.66,25200,16.29,21,16800.0, 66.67,2026-06-10
MHLXMIRU, EQ, 10-Jun-2026,174.0,175.0,178.44,174.02,174.06,174.06,176.6,471,0.83,16,465.0, 98.73,2026-06-10
MHRIL, EQ, 10-Jun-2026,231.08,232.0,242.74,228.65,235.6,235.49,237.78,1709393,4064.64,22759,652029.0, 38.14,2026-06-10
MICEL, EQ, 10-Jun-2026,43.0,42.7,43.46,41.81,42.48,42.01,42.88,1950079,836.26,4122,1478590.0, 75.82,2026-06-10
MICROPRO, SM, 10-Jun-2026,19.6,18.05,19.45,18.05,19.45,19.45,18.75,3200,0.6,2,1600.0, 50.00,2026-06-10
MID150, EQ, 10-Jun-2026,22.6,22.6,22.6,22.25,22.29,22.27,22.48,15397,3.46,195,9891.0, 64.24,2026-06-10
MID150BEES, EQ, 10-Jun-2026,229.38,231.99,231.99,223.39,226.5,226.03,227.98,651692,1485.7,9676,375703.0, 57.65,2026-06-10
MID150CASE, EQ, 10-Jun-2026,11.14,11.36,11.36,10.97,11.02,11.0,11.09,1454956,161.39,4351,912551.0, 62.72,2026-06-10
MIDCAP, EQ, 10-Jun-2026,17.61,17.58,17.67,17.34,17.55,17.41,17.53,483318,84.74,1002,215293.0, 44.54,2026-06-10
MIDCAPADD, EQ, 10-Jun-2026,22.29,22.29,22.32,21.95,21.99,22.03,22.05,7227,1.59,42,6966.0, 96.39,2026-06-10
MIDCAPBETA, EQ, 10-Jun-2026,223.79,223.79,224.88,221.07,221.59,221.54,224.09,1500,3.36,53,1240.0, 82.67,2026-06-10
MIDCAPETF, EQ, 10-Jun-2026,22.7,22.81,22.81,22.35,22.43,22.4,22.57,1993062,449.88,13003,1437463.0, 72.12,2026-06-10
MIDCAPIETF, EQ, 10-Jun-2026,22.99,23.11,23.11,22.63,22.87,22.68,22.88,1997582,457.03,3201,1203488.0, 60.25,2026-06-10
MIDHANI, EQ, 10-Jun-2026,450.35,451.0,454.8,430.1,433.0,433.4,438.22,1674508,7338.04,34363,534779.0, 31.94,2026-06-10
MIDQ50ADD, EQ, 10-Jun-2026,242.95,243.56,248.0,239.0,248.0,243.19,242.32,7714,18.69,98,5345.0, 69.29,2026-06-10
MIDSELIETF, EQ, 10-Jun-2026,18.32,18.65,18.65,17.85,17.94,17.96,18.05,245482,44.31,806,137546.0, 56.03,2026-06-10
MIDSMALL, EQ, 10-Jun-2026,50.04,50.05,50.11,49.11,49.34,49.37,49.59,230115,114.1,889,202628.0, 88.06,2026-06-10
MIDWESTLTD, EQ, 10-Jun-2026,1262.3,1245.0,1275.0,1225.0,1233.1,1229.4,1248.09,115988,1447.64,1521,107139.0, 92.37,2026-06-10
MIEL, SM, 10-Jun-2026,14.25,13.6,14.95,13.6,14.25,14.25,14.7,52000,7.64,18,46000.0, 88.46,2026-06-10
MINDACORP, EQ, 10-Jun-2026,647.15,648.0,654.2,640.95,648.0,648.1,646.78,326968,2114.78,16473,159559.0, 48.80,2026-06-10
MINDSPACE, RR, 10-Jun-2026,461.92,461.0,463.1,460.0,463.1,462.33,461.28,126895,585.35,10165,102961.0, 81.14,2026-06-10
MINDTECK, EQ, 10-Jun-2026,209.84,209.01,213.58,206.11,207.68,206.78,210.33,63975,134.56,1268,16572.0, 25.90,2026-06-10
MIRCELECTR, BE, 10-Jun-2026,38.09,38.09,38.5,36.19,36.19,36.37,36.9,468202,172.78,1517,, -,2026-06-10
MIRZAINT, EQ, 10-Jun-2026,29.93,29.83,30.24,29.45,29.75,29.71,29.79,42691,12.72,495,24046.0, 56.33,2026-06-10
MITCON, BE, 10-Jun-2026,82.38,85.85,86.49,82.55,82.6,82.6,85.69,88316,75.68,93,, -,2026-06-10
MITTAL, EQ, 10-Jun-2026,1.01,1.04,1.04,1.02,1.03,1.02,1.03,243386,2.5,230,231838.0, 95.26,2026-06-10
MKPL, EQ, 10-Jun-2026,4.92,4.85,4.9,4.58,4.83,4.81,4.76,241690,11.52,762,162768.0, 67.35,2026-06-10
MMEL, ST, 10-Jun-2026,35.35,33.85,36.85,33.85,36.85,36.85,35.08,10000,3.51,5,8000.0, 80.00,2026-06-10
MMFL, EQ, 10-Jun-2026,451.9,454.0,462.0,438.9,441.3,440.5,448.8,40023,179.63,3075,16879.0, 42.17,2026-06-10
MMP, EQ, 10-Jun-2026,268.4,270.0,270.0,259.0,259.95,260.65,262.6,11146,29.27,506,7699.0, 69.07,2026-06-10
MMTC, EQ, 10-Jun-2026,66.88,66.79,67.03,64.35,64.55,64.69,65.49,1693956,1109.35,9654,811813.0, 47.92,2026-06-10
MMWL, BE, 10-Jun-2026,13.18,13.04,13.28,12.65,12.65,12.7,12.93,22447,2.9,81,, -,2026-06-10
MNC, EQ, 10-Jun-2026,32.33,32.03,32.67,32.03,32.33,32.16,32.34,46370,14.99,455,32243.0, 69.53,2026-06-10
MOALPHA50, EQ, 10-Jun-2026,51.73,51.98,51.98,50.96,51.01,51.04,51.38,3641,1.87,56,2410.0, 66.19,2026-06-10
MOBANK10, EQ, 10-Jun-2026,16.22,16.29,16.43,16.24,16.32,16.26,16.35,20638,3.37,50,18500.0, 89.64,2026-06-10
MOBIKWIK, EQ, 10-Jun-2026,191.49,192.09,200.7,190.6,192.05,192.36,195.78,3081369,6032.76,27908,527445.0, 17.12,2026-06-10
MOBILISE, ST, 10-Jun-2026,108.0,108.0,108.0,102.6,102.6,102.6,104.9,20800,21.82,4,20800.0, 100.00,2026-06-10
MOCAPITAL, EQ, 10-Jun-2026,53.27,53.59,53.59,52.2,52.3,52.31,52.76,562624,296.86,3108,375175.0, 66.68,2026-06-10
MODEFENCE, EQ, 10-Jun-2026,100.1,100.2,100.88,98.59,98.85,98.87,99.54,1111185,1106.07,7618,542420.0, 48.81,2026-06-10
MODINATUR, BE, 10-Jun-2026,423.0,422.0,422.0,401.85,411.15,406.95,406.68,7898,32.12,161,, -,2026-06-10
MODIRUBBER, EQ, 10-Jun-2026,126.12,125.05,128.48,125.05,127.25,126.63,126.54,2968,3.76,268,788.0, 26.55,2026-06-10
MODIS, EQ, 10-Jun-2026,345.0,346.1,347.95,343.05,345.0,345.05,345.09,10709,36.96,204,3916.0, 36.57,2026-06-10
MODISONLTD, BE, 10-Jun-2026,327.4,311.05,311.05,311.05,311.05,311.05,311.05,37289,115.99,282,, -,2026-06-10
MODTHREAD, EQ, 10-Jun-2026,44.83,45.5,45.56,45.5,45.56,45.56,45.51,291,0.13,5,259.0, 89.00,2026-06-10
MOENERGY, EQ, 10-Jun-2026,39.76,39.96,40.18,38.9,39.03,38.97,39.28,345248,135.61,1443,274956.0, 79.64,2026-06-10
MOGOLD, EQ, 10-Jun-2026,149.8,146.0,149.95,145.05,145.95,145.65,145.69,362685,528.39,1021,337981.0, 93.19,2026-06-10
MOGSEC, EQ, 10-Jun-2026,64.39,64.28,64.49,64.11,64.45,64.11,64.31,13939,8.96,40,13939.0, 100.00,2026-06-10
MOHEALTH, EQ, 10-Jun-2026,48.18,48.3,48.68,47.32,47.72,47.61,48.06,107131,51.48,744,68221.0, 63.68,2026-06-10
MOHITIND, EQ, 10-Jun-2026,22.01,21.76,23.29,21.76,22.3,22.36,22.52,2509,0.57,74,1641.0, 65.40,2026-06-10
MOIL, EQ, 10-Jun-2026,291.8,292.8,294.45,284.6,284.9,285.35,288.77,396786,1145.79,12762,161301.0, 40.65,2026-06-10
MOINFRA, EQ, 10-Jun-2026,61.85,62.19,62.19,60.66,61.8,60.95,61.39,25116,15.42,91,19709.0, 78.47,2026-06-10
MOIPO, EQ, 10-Jun-2026,43.09,43.04,43.17,42.31,42.55,42.41,42.81,495,0.21,29,372.0, 75.15,2026-06-10
MOKSH, EQ, 10-Jun-2026,11.52,11.46,11.74,11.46,11.56,11.54,11.55,35098,4.05,88,28420.0, 80.97,2026-06-10
MOL, EQ, 10-Jun-2026,47.98,48.0,48.4,46.5,46.88,46.64,47.13,445589,209.99,3117,258110.0, 57.93,2026-06-10
MOLDTECH, EQ, 10-Jun-2026,119.6,120.19,130.9,119.21,125.45,126.45,125.91,183252,230.73,2794,93903.0, 51.24,2026-06-10
MOLDTKPAC, EQ, 10-Jun-2026,693.7,694.0,699.0,653.5,657.15,658.2,670.91,180591,1211.6,8704,75284.0, 41.69,2026-06-10
MOLOWVOL, EQ, 10-Jun-2026,35.63,35.72,35.98,35.55,35.66,35.55,35.92,214748,77.14,46,210770.0, 98.15,2026-06-10
MOM100, EQ, 10-Jun-2026,65.44,65.55,65.74,64.37,64.6,64.53,65.05,243059,158.1,2706,167423.0, 68.88,2026-06-10
MOM30IETF, EQ, 10-Jun-2026,30.59,30.77,30.77,30.2,30.27,30.26,30.5,425516,129.77,2042,281281.0, 66.10,2026-06-10
MOM50, EQ, 10-Jun-2026,242.68,243.72,247.46,242.0,247.46,244.48,244.35,328860,803.58,131,328388.0, 99.86,2026-06-10
MOMENTUM, EQ, 10-Jun-2026,30.52,30.3,30.58,30.05,30.48,30.17,30.37,23377,7.1,265,15429.0, 66.00,2026-06-10
MOMENTUM30, EQ, 10-Jun-2026,30.04,29.89,30.17,29.64,29.81,29.81,30.0,25589,7.68,93,13113.0, 51.24,2026-06-10
MOMENTUM50, EQ, 10-Jun-2026,51.89,51.58,52.14,51.0,51.77,51.12,51.55,679968,350.53,2224,544592.0, 80.09,2026-06-10
MOMGF, EQ, 10-Jun-2026,155.94,155.48,156.16,153.92,154.42,154.14,155.19,683,1.06,25,672.0, 98.39,2026-06-10
MOMIDMTM, EQ, 10-Jun-2026,62.89,63.3,63.3,62.1,63.0,62.32,62.66,23170,14.52,253,17321.0, 74.76,2026-06-10
MOMNC, EQ, 10-Jun-2026,31.13,31.39,31.53,31.35,31.35,31.35,31.38,61,0.02,3,51.0, 83.61,2026-06-10
MOMOMENTUM, EQ, 10-Jun-2026,60.85,60.78,61.07,60.1,60.98,60.26,60.6,33850,20.51,419,17991.0, 53.15,2026-06-10
MON100, EQ, 10-Jun-2026,321.98,329.67,329.67,323.66,324.79,324.4,328.15,1687625,5537.94,34516,1262696.0, 74.82,2026-06-10
MON50EQUAL, EQ, 10-Jun-2026,32.19,32.35,32.43,31.99,32.1,32.01,32.37,2203,0.71,43,2165.0, 98.28,2026-06-10
MONARCH, EQ, 10-Jun-2026,336.1,336.1,339.9,330.5,336.5,335.7,335.06,76977,257.92,1384,39079.0, 50.77,2026-06-10
MONEXT50, EQ, 10-Jun-2026,69.77,69.55,69.86,68.84,69.82,68.94,69.68,3815,2.66,57,3689.0, 96.70,2026-06-10
MONEYBOXX, EQ, 10-Jun-2026,72.45,71.0,72.38,69.49,70.05,70.12,71.28,99517,70.93,559,84837.0, 85.25,2026-06-10
MONIFTY100, EQ, 10-Jun-2026,24.4,24.41,24.54,24.23,24.23,24.27,24.48,24672,6.04,50,24018.0, 97.35,2026-06-10
MONIFTY500, EQ, 10-Jun-2026,22.89,23.46,23.46,22.63,22.72,22.72,22.89,374884,85.82,1492,277883.0, 74.13,2026-06-10
MONOLITH, SM, 10-Jun-2026,698.35,699.0,729.0,681.25,681.25,697.9,709.59,49250,349.47,176,30500.0, 61.93,2026-06-10
MONOPHARMA, SM, 10-Jun-2026,11.8,11.3,11.3,11.25,11.25,11.25,11.27,6000,0.68,3,4000.0, 66.67,2026-06-10
MONQ50, EQ, 10-Jun-2026,139.21,141.0,141.0,141.0,141.0,141.0,141.0,100410,141.58,703,100329.0, 99.92,2026-06-10
MONTECARLO, EQ, 10-Jun-2026,538.45,538.45,555.3,530.55,538.0,535.6,540.74,75111,406.16,3253,24495.0, 32.61,2026-06-10
MOPSE, EQ, 10-Jun-2026,102.05,101.98,102.18,100.23,100.23,100.37,101.11,372,0.38,20,333.0, 89.52,2026-06-10
MOQUALITY, EQ, 10-Jun-2026,198.57,199.21,199.58,196.81,197.53,197.06,199.15,40978,81.61,24,40747.0, 99.44,2026-06-10
MORARJEE, BZ, 10-Jun-2026,6.85,6.85,6.85,6.85,6.85,6.85,6.85,425,0.03,3,, -,2026-06-10
MOREALTY, EQ, 10-Jun-2026,75.99,76.23,76.25,74.51,74.82,74.75,75.36,366202,275.99,1994,190391.0, 51.99,2026-06-10
MOREPENLAB, EQ, 10-Jun-2026,48.65,48.9,51.8,47.71,49.02,49.37,50.34,49657252,24996.34,117426,7823218.0, 15.75,2026-06-10
MOS, SM, 10-Jun-2026,16.35,16.1,16.8,16.05,16.35,16.45,16.46,432000,71.12,67,376000.0, 87.04,2026-06-10
MOSCHIP, EQ, 10-Jun-2026,214.11,215.19,216.28,203.7,204.85,204.72,209.68,2299666,4821.95,23761,1037254.0, 45.10,2026-06-10
MOSERVICE, EQ, 10-Jun-2026,29.56,29.66,29.83,29.55,29.55,29.58,29.76,3451,1.03,34,3451.0, 100.00,2026-06-10
MOSILVER, EQ, 10-Jun-2026,239.32,230.02,233.23,227.62,232.43,229.19,229.25,48109,110.29,1956,23649.0, 49.16,2026-06-10
MOSMALL250, EQ, 10-Jun-2026,17.06,17.14,17.14,16.83,16.87,16.86,17.0,657548,111.79,2280,447048.0, 67.99,2026-06-10
MOTHERSON, EQ, 10-Jun-2026,144.06,144.52,144.52,140.72,142.0,142.21,142.51,18703442,26654.74,60441,9680881.0, 51.76,2026-06-10
MOTILALOFS, EQ, 10-Jun-2026,864.3,862.0,863.45,838.0,843.2,841.0,851.62,468100,3986.42,19868,201317.0, 43.01,2026-06-10
MOTISONS, EQ, 10-Jun-2026,12.03,12.25,12.79,12.0,12.25,12.29,12.42,8510166,1056.69,8397,2703883.0, 31.77,2026-06-10
MOTOGENFIN, BE, 10-Jun-2026,30.0,29.87,30.26,29.25,30.0,30.0,30.04,53092,15.95,110,, -,2026-06-10
MOTOUR, EQ, 10-Jun-2026,72.92,73.28,73.28,72.44,72.53,72.5,72.9,6262,4.56,106,6174.0, 98.59,2026-06-10
MOVALUE, EQ, 10-Jun-2026,116.93,117.51,117.51,114.82,115.21,115.12,116.16,137164,159.33,1192,99117.0, 72.26,2026-06-10
MPHASIS, EQ, 10-Jun-2026,2340.5,2340.5,2361.0,2294.0,2299.0,2297.8,2325.98,317814,7392.29,16393,159890.0, 50.31,2026-06-10
MPSLTD, EQ, 10-Jun-2026,1842.3,1842.3,1848.0,1800.0,1816.6,1806.7,1818.77,5676,103.23,947,3193.0, 56.25,2026-06-10
MRF, EQ, 10-Jun-2026,122750.0,123000.0,123300.0,122140.0,122500.0,122595.0,122856.72,4721,5800.07,3826,2532.0, 53.63,2026-06-10
MRIL, SM, 10-Jun-2026,41.5,40.5,43.55,40.5,43.55,43.55,43.05,17600,7.58,11,17600.0, 100.00,2026-06-10
MRPL, EQ, 10-Jun-2026,160.34,160.81,169.82,160.02,163.3,163.62,166.41,28549878,47510.5,143794,5523599.0, 19.35,2026-06-10
MSCI360, EQ, 10-Jun-2026,9.75,9.75,9.75,9.7,9.7,9.71,9.72,653,0.06,10,653.0, 100.00,2026-06-10
MSCIADD, EQ, 10-Jun-2026,28.35,28.49,28.58,28.35,28.35,28.35,28.48,526,0.15,18,302.0, 57.41,2026-06-10
MSCIINDIA, EQ, 10-Jun-2026,28.79,28.33,29.29,28.33,28.62,28.49,28.62,7756,2.22,86,7478.0, 96.42,2026-06-10
MSPL, EQ, 10-Jun-2026,40.28,40.54,41.49,39.79,40.25,40.01,40.74,5571206,2269.88,21311,2963592.0, 53.19,2026-06-10
MSTCLTD, EQ, 10-Jun-2026,544.95,538.8,568.0,532.2,551.05,555.75,554.87,3952050,21928.85,79629,653942.0, 16.55,2026-06-10
MSUMI, EQ, 10-Jun-2026,38.16,38.2,38.26,37.27,37.35,37.38,37.6,5530609,2079.63,29715,3526670.0, 63.77,2026-06-10
MTARTECH, EQ, 10-Jun-2026,7458.0,7484.0,7536.5,7053.0,7109.0,7106.5,7215.63,1215492,87705.35,140128,311240.0, 25.61,2026-06-10
MTEDUCARE, BE, 10-Jun-2026,1.88,1.92,1.96,1.79,1.79,1.79,1.84,34485,0.64,68,, -,2026-06-10
MTNL, EQ, 10-Jun-2026,30.14,29.95,30.2,29.0,29.07,29.15,29.61,905964,268.23,3816,471542.0, 52.05,2026-06-10
MUFIN, EQ, 10-Jun-2026,120.66,121.0,122.5,119.05,119.2,120.03,121.16,597862,724.37,3052,210936.0, 35.28,2026-06-10
MUFTI, EQ, 10-Jun-2026,88.33,88.0,89.66,85.15,86.5,85.99,87.05,65257,56.81,1614,32275.0, 49.46,2026-06-10
MUKANDLTD, EQ, 10-Jun-2026,137.59,137.56,138.35,135.0,135.99,135.37,136.27,40785,55.58,962,26159.0, 64.14,2026-06-10
MUKKA, EQ, 10-Jun-2026,21.74,21.75,22.05,21.15,21.38,21.24,21.52,220955,47.55,1260,146954.0, 66.51,2026-06-10
MUKTAARTS, EQ, 10-Jun-2026,61.02,61.4,62.04,60.05,60.74,60.14,60.65,2976,1.8,80,2358.0, 79.23,2026-06-10
MULTICAP, EQ, 10-Jun-2026,15.94,16.33,16.33,15.77,15.83,15.82,15.92,66328,10.56,545,40454.0, 60.99,2026-06-10
MUNISH, ST, 10-Jun-2026,59.45,58.2,58.2,58.1,58.1,58.1,58.16,6000,3.49,5,6000.0, 100.00,2026-06-10
MUNJALAU, EQ, 10-Jun-2026,96.99,98.0,104.5,96.5,97.65,98.46,101.35,3117152,3159.34,21399,733310.0, 23.52,2026-06-10
MUNJALSHOW, EQ, 10-Jun-2026,129.4,129.4,133.0,129.04,130.5,130.22,131.15,57879,75.91,944,19193.0, 33.16,2026-06-10
MURUDCERA, EQ, 10-Jun-2026,32.37,32.22,32.94,30.15,30.54,30.74,31.03,57428,17.82,346,38559.0, 67.14,2026-06-10
MUTHOOTCAP, EQ, 10-Jun-2026,195.6,196.6,199.58,192.0,193.98,193.51,195.85,9671,18.94,300,6434.0, 66.53,2026-06-10
MUTHOOTFIN, EQ, 10-Jun-2026,2991.1,2959.9,2960.0,2870.0,2913.0,2898.8,2895.01,1359025,39343.91,81341,417881.0, 30.75,2026-06-10
MUTHOOTMF, EQ, 10-Jun-2026,183.4,185.0,189.85,180.02,186.5,186.31,185.4,277661,514.77,3971,108006.0, 38.90,2026-06-10
MVGJL, EQ, 10-Jun-2026,150.0,154.0,154.0,146.2,147.0,147.64,148.26,54788,81.23,1299,35353.0, 64.53,2026-06-10
MVKAGRO, SM, 10-Jun-2026,455.35,461.8,461.8,454.95,456.05,457.5,455.37,11700,53.28,10,10800.0, 92.31,2026-06-10
MWL, EQ, 10-Jun-2026,377.5,377.5,379.35,370.0,373.0,375.05,375.06,43504,163.17,697,21502.0, 49.43,2026-06-10
MYMUDRA, SM, 10-Jun-2026,77.0,73.05,74.8,71.05,74.0,72.7,72.68,116400,84.6,14,110400.0, 94.85,2026-06-10
NACLIND, EQ, 10-Jun-2026,171.42,172.97,175.97,163.52,164.5,164.99,169.92,344274,584.99,5812,166321.0, 48.31,2026-06-10
NAGREEKCAP, BE, 10-Jun-2026,28.01,27.25,28.7,27.2,28.49,28.49,27.89,8095,2.26,36,, -,2026-06-10
NAGREEKEXP, EQ, 10-Jun-2026,26.63,25.6,27.47,25.6,27.3,27.01,26.78,7147,1.91,78,3081.0, 43.11,2026-06-10
NAHARCAP, EQ, 10-Jun-2026,252.7,249.4,252.85,245.0,245.1,248.4,249.94,945,2.36,88,563.0, 59.58,2026-06-10
NAHARINDUS, EQ, 10-Jun-2026,117.08,116.42,119.14,116.05,116.1,116.2,117.68,14390,16.93,320,10076.0, 70.02,2026-06-10
NAHARPOLY, EQ, 10-Jun-2026,245.65,240.25,247.0,236.65,240.0,239.7,242.6,12044,29.22,635,6681.0, 55.47,2026-06-10
NAHARSPING, BE, 10-Jun-2026,269.9,267.0,267.0,264.55,264.55,264.55,265.56,3926,10.43,32,, -,2026-06-10
NAM-INDIA, EQ, 10-Jun-2026,1084.8,1084.7,1092.0,1058.1,1064.0,1061.5,1069.36,1489745,15930.77,44720,687291.0, 46.13,2026-06-10
NAMAN, SM, 10-Jun-2026,45.45,45.0,45.25,45.0,45.0,45.0,45.09,7200,3.25,9,4800.0, 66.67,2026-06-10
NAMOEWASTE, SM, 10-Jun-2026,225.8,221.05,243.0,221.05,233.0,234.2,233.98,112000,262.06,126,72800.0, 65.00,2026-06-10
NARMADA, EQ, 10-Jun-2026,37.77,39.0,45.17,37.81,43.05,43.56,40.88,9130258,3732.14,32546,1565345.0, 17.14,2026-06-10
NATCAPSUQ, EQ, 10-Jun-2026,158.85,159.64,159.64,154.06,154.2,154.2,156.02,2185,3.41,32,1993.0, 91.21,2026-06-10
NATCOPHARM, EQ, 10-Jun-2026,865.0,866.7,876.8,851.1,855.5,854.6,861.27,499666,4303.45,35551,249028.0, 49.84,2026-06-10
NATHBIOGEN, EQ, 10-Jun-2026,169.37,169.1,171.0,167.8,170.0,169.61,169.66,13425,22.78,334,5099.0, 37.98,2026-06-10
NATIONALUM, EQ, 10-Jun-2026,383.9,383.1,383.9,372.1,377.25,376.15,376.88,10055912,37898.57,72877,4421948.0, 43.97,2026-06-10
NATIONSTD, EQ, 10-Jun-2026,1242.0,1240.0,1240.0,1190.0,1190.0,1190.0,1215.0,2,0.02,2,2.0, 100.00,2026-06-10
NAUKRI, EQ, 10-Jun-2026,982.6,982.6,986.95,965.0,967.6,971.25,977.15,1186017,11589.19,31074,742294.0, 62.59,2026-06-10
NAVA, EQ, 10-Jun-2026,594.6,598.05,598.95,567.65,572.0,570.35,579.07,412967,2391.36,17127,225577.0, 54.62,2026-06-10
NAVINFLUOR, EQ, 10-Jun-2026,6828.5,6870.0,7149.0,6790.0,7020.0,7046.5,6994.72,317983,22242.02,39091,154682.0, 48.64,2026-06-10
NAVKARCORP, EQ, 10-Jun-2026,97.67,97.5,98.9,93.8,94.5,94.32,95.48,391346,373.65,2783,234710.0, 59.98,2026-06-10
NAVKARURB, EQ, 10-Jun-2026,0.95,0.95,0.95,0.92,0.94,0.93,0.94,3386722,31.81,215,3027520.0, 89.39,2026-06-10
NAVNETEDUL, EQ, 10-Jun-2026,140.41,140.0,146.0,139.06,142.35,141.9,143.53,377444,541.73,5538,71971.0, 19.07,2026-06-10
NAZARA, EQ, 10-Jun-2026,278.55,280.0,289.5,274.0,279.95,279.95,283.18,2404952,6810.39,25030,919402.0, 38.23,2026-06-10
NBCC, EQ, 10-Jun-2026,105.83,106.25,107.4,102.5,103.27,103.0,105.08,13555314,14243.59,57090,3693721.0, 27.25,2026-06-10
NBIFIN, EQ, 10-Jun-2026,1811.8,1820.0,1862.0,1780.0,1819.0,1804.4,1831.38,418,7.66,87,292.0, 69.86,2026-06-10
NCC, EQ, 10-Jun-2026,143.72,144.0,147.65,142.62,145.62,144.74,144.65,3864099,5589.57,26792,1754387.0, 45.40,2026-06-10
NCLIND, EQ, 10-Jun-2026,184.97,185.0,188.18,182.0,185.73,182.7,185.94,68066,126.56,1303,39504.0, 58.04,2026-06-10
NDGL, EQ, 10-Jun-2026,2467.5,2467.6,2540.0,2400.0,2410.0,2408.8,2457.23,48,1.18,27,35.0, 72.92,2026-06-10
NDL, EQ, 10-Jun-2026,2.56,2.64,2.64,2.53,2.53,2.54,2.57,393452,10.1,794,303500.0, 77.14,2026-06-10
NDLVENTURE, EQ, 10-Jun-2026,130.03,133.0,133.0,126.12,127.2,128.11,128.61,21388,27.51,658,16464.0, 76.98,2026-06-10
NDRAUTO, EQ, 10-Jun-2026,803.8,803.8,804.05,780.0,780.0,784.65,793.76,13109,104.05,1028,5530.0, 42.18,2026-06-10
NDTV, EQ, 10-Jun-2026,81.91,82.48,83.48,78.01,79.0,78.35,79.89,597184,477.07,3788,245638.0, 41.13,2026-06-10
NEAGI, EQ, 10-Jun-2026,3130.0,3061.0,3080.0,3051.2,3080.0,3080.0,3058.6,13,0.4,7,13.0, 100.00,2026-06-10
NECCLTD, EQ, 10-Jun-2026,15.01,15.3,18.01,15.3,18.01,18.01,17.67,1008340,178.2,2486,540582.0, 53.61,2026-06-10
NECLIFE, BE, 10-Jun-2026,11.83,11.75,11.77,11.5,11.5,11.51,11.6,112494,13.05,362,, -,2026-06-10
NELCAST, EQ, 10-Jun-2026,143.63,144.5,147.99,136.35,137.05,137.74,142.02,273208,388.0,3756,89933.0, 32.92,2026-06-10
NELCO, EQ, 10-Jun-2026,699.8,705.0,724.8,694.6,714.35,712.4,714.11,159750,1140.79,6204,51513.0, 32.25,2026-06-10
NEOCHEM, ST, 10-Jun-2026,97.35,99.75,102.1,97.35,98.0,98.0,99.4,16800,16.7,14,15600.0, 92.86,2026-06-10
NEOGEN, EQ, 10-Jun-2026,1938.8,1948.3,2035.8,1925.1,1982.0,1995.3,1995.93,235358,4697.58,28527,112507.0, 47.80,2026-06-10
NEPHROCARE, ST, 10-Jun-2026,74.05,75.9,75.9,70.8,71.05,71.05,73.11,6800,4.97,16,4800.0, 70.59,2026-06-10
NEPHROPLUS, EQ, 10-Jun-2026,709.25,719.9,741.8,701.6,728.0,723.15,723.41,377430,2730.37,19597,154812.0, 41.02,2026-06-10
NEPTUNE, SM, 10-Jun-2026,188.0,184.5,190.0,182.1,182.1,184.8,184.83,2000,3.7,4,2000.0, 100.00,2026-06-10
NESCO, EQ, 10-Jun-2026,1082.4,1082.4,1095.0,1067.4,1082.3,1084.5,1084.11,61141,662.84,7269,36683.0, 60.00,2026-06-10
NESTLEIND, EQ, 10-Jun-2026,1410.4,1414.8,1454.9,1409.3,1437.9,1438.3,1441.15,2288648,32982.83,76554,1105295.0, 48.29,2026-06-10
NETF, EQ, 10-Jun-2026,252.31,254.5,254.5,252.01,252.01,252.16,252.75,2114,5.34,138,1325.0, 62.68,2026-06-10
NETWEB, EQ, 10-Jun-2026,4428.2,4400.0,4410.9,4260.0,4299.9,4295.6,4324.27,1549203,66991.68,114230,239015.0, 15.43,2026-06-10
NETWORK18, EQ, 10-Jun-2026,31.92,32.11,32.35,30.3,30.36,30.4,31.03,9006388,2795.02,22228,4021583.0, 44.65,2026-06-10
NEULANDLAB, EQ, 10-Jun-2026,17188.0,17280.0,17333.0,16881.0,16908.0,16946.0,17085.0,17369,2967.49,6726,7145.0, 41.14,2026-06-10
NEWGEN, EQ, 10-Jun-2026,487.35,480.0,492.0,466.0,466.65,471.1,479.34,864863,4145.65,28212,215300.0, 24.89,2026-06-10
NEWJAISA, ST, 10-Jun-2026,14.7,14.0,15.4,14.0,15.4,15.4,14.36,304500,43.73,44,270000.0, 88.67,2026-06-10
NEXT30ADD, EQ, 10-Jun-2026,41.8,41.82,41.95,41.25,41.3,41.47,41.55,10697,4.44,80,9247.0, 86.44,2026-06-10
NEXT50, EQ, 10-Jun-2026,720.0,720.15,721.74,711.43,713.24,712.93,717.11,5705,40.91,621,4512.0, 79.09,2026-06-10
NEXT50ADD, EQ, 10-Jun-2026,70.26,70.01,70.29,69.26,69.3,69.26,69.65,5200,3.62,22,2740.0, 52.69,2026-06-10
NEXT50BETA, EQ, 10-Jun-2026,75.11,75.44,75.68,74.25,75.1,74.66,75.1,143080,107.46,675,113506.0, 79.33,2026-06-10
NEXT50ETF, EQ, 10-Jun-2026,70.47,70.45,70.52,69.49,69.5,69.62,70.0,8959,6.27,139,4883.0, 54.50,2026-06-10
NEXT50IETF, EQ, 10-Jun-2026,73.72,73.99,73.99,72.8,73.04,72.98,73.46,417825,306.92,4877,231996.0, 55.52,2026-06-10
NEXTMEDIA, EQ, 10-Jun-2026,3.72,3.67,4.44,3.67,3.85,3.86,4.0,106503,4.26,235,57787.0, 54.26,2026-06-10
NFL, EQ, 10-Jun-2026,74.36,75.3,77.93,75.0,75.45,75.41,76.51,3461024,2648.14,20573,771361.0, 22.29,2026-06-10
NFPSAMPOOR, SM, 10-Jun-2026,27.6,22.15,26.45,22.1,22.9,22.8,23.48,1122000,263.49,481,626000.0, 55.79,2026-06-10
NGIL, BE, 10-Jun-2026,40.5,40.5,40.5,39.01,39.25,39.28,39.81,6767,2.69,37,, -,2026-06-10
NGLFINE, EQ, 10-Jun-2026,2820.7,2834.0,2894.9,2732.9,2799.9,2811.8,2841.51,18459,524.52,2713,8165.0, 44.23,2026-06-10
NH, EQ, 10-Jun-2026,1934.3,1926.3,1951.0,1897.2,1905.0,1906.8,1926.77,253997,4893.94,26395,149357.0, 58.80,2026-06-10
NHPC, EQ, 10-Jun-2026,74.0,73.8,74.48,72.5,72.8,72.67,73.6,27403224,20168.4,56380,9604593.0, 35.05,2026-06-10
NIACL, EQ, 10-Jun-2026,150.9,151.0,153.27,149.32,150.0,150.19,151.57,366042,554.82,7191,124238.0, 33.94,2026-06-10
NIBE, EQ, 10-Jun-2026,1541.3,1549.0,1562.8,1491.0,1494.0,1502.7,1523.48,154242,2349.84,8598,67159.0, 43.54,2026-06-10
NIBL, EQ, 10-Jun-2026,31.12,31.0,33.0,30.02,31.0,31.12,31.91,70070,22.36,1024,36477.0, 52.06,2026-06-10
NIDAN, SM, 10-Jun-2026,14.0,14.05,14.5,13.65,13.65,13.65,14.23,5000,0.71,5,4000.0, 80.00,2026-06-10
NIF100BEES, EQ, 10-Jun-2026,257.13,257.32,258.44,255.18,257.8,256.34,257.45,25271,65.06,615,16758.0, 66.31,2026-06-10
NIF100IETF, EQ, 10-Jun-2026,27.06,27.29,27.29,26.9,26.95,26.93,27.09,63326,17.15,1692,39097.0, 61.74,2026-06-10
NIFTY1, EQ, 10-Jun-2026,257.18,255.57,258.71,255.57,257.06,256.83,257.93,85513,220.56,1939,61864.0, 72.34,2026-06-10
NIFTY100EW, EQ, 10-Jun-2026,33.89,34.57,34.58,33.39,33.96,33.42,33.87,74729,25.31,253,43610.0, 58.36,2026-06-10
NIFTYADD, EQ, 10-Jun-2026,244.18,246.62,246.62,242.84,243.2,243.38,244.15,11592,28.3,261,8125.0, 70.09,2026-06-10
NIFTYBEES, EQ, 10-Jun-2026,263.88,264.0,265.35,262.87,263.09,263.08,264.29,5342089,14118.6,47039,2705973.0, 50.65,2026-06-10
NIFTYBETA, EQ, 10-Jun-2026,256.87,255.14,258.35,255.14,256.19,256.06,256.95,98619,253.4,518,67554.0, 68.50,2026-06-10
NIFTYBETF, EQ, 10-Jun-2026,238.06,238.9,240.22,237.7,237.81,237.8,238.98,2127,5.08,54,1711.0, 80.44,2026-06-10
NIFTYCASE, EQ, 10-Jun-2026,9.28,9.28,9.35,9.25,9.29,9.28,9.3,1021695,95.06,1562,869184.0, 85.07,2026-06-10
NIFTYETF, EQ, 10-Jun-2026,251.82,252.14,253.36,251.11,251.64,251.32,252.11,92735,233.8,960,48434.0, 52.23,2026-06-10
NIFTYIETF, EQ, 10-Jun-2026,262.52,263.99,264.0,261.45,262.22,261.75,263.24,834514,2196.75,13276,456414.0, 54.69,2026-06-10
NIFTYQLITY, EQ, 10-Jun-2026,20.79,20.79,21.21,20.47,20.84,20.68,20.9,56278,11.76,236,33552.0, 59.62,2026-06-10
NIITLTD, EQ, 10-Jun-2026,98.09,98.99,99.4,91.12,91.97,93.52,95.52,1037146,990.71,9825,325294.0, 31.36,2026-06-10
NIITMTS, EQ, 10-Jun-2026,230.27,232.46,232.46,215.0,215.5,216.78,220.9,412033,910.18,13291,178910.0, 43.42,2026-06-10
NIKITA, SM, 10-Jun-2026,79.0,79.9,79.9,79.0,79.0,79.25,79.49,4800,3.82,4,2400.0, 50.00,2026-06-10
NILAINFRA, EQ, 10-Jun-2026,7.99,8.01,8.07,7.71,7.86,7.81,7.89,132187,10.43,526,90788.0, 68.68,2026-06-10
NILASPACES, EQ, 10-Jun-2026,12.06,12.29,12.29,11.62,11.99,11.9,12.0,490369,58.87,1189,319563.0, 65.17,2026-06-10
NILE, EQ, 10-Jun-2026,1693.8,1693.9,1740.0,1655.0,1740.0,1682.6,1675.7,4623,77.47,794,2295.0, 49.64,2026-06-10
NILKAMAL, EQ, 10-Jun-2026,1259.6,1269.0,1281.9,1250.2,1251.0,1252.3,1257.88,1405,17.67,251,826.0, 58.79,2026-06-10
NIMBSPROJ, BE, 10-Jun-2026,209.8,209.1,210.9,199.31,207.0,206.35,202.54,1254,2.54,68,, -,2026-06-10
NINSYS, BE, 10-Jun-2026,718.9,729.3,744.8,692.6,713.0,709.45,708.53,4142,29.35,233,, -,2026-06-10
NIPPOBATRY, EQ, 10-Jun-2026,352.85,362.5,363.55,340.0,342.0,347.5,351.95,3634,12.79,347,2280.0, 62.74,2026-06-10
NIRAJ, BE, 10-Jun-2026,28.09,27.9,29.29,27.9,28.31,28.4,28.68,5043,1.45,49,, -,2026-06-10
NIRAJISPAT, EQ, 10-Jun-2026,214.97,217.11,217.11,215.0,215.0,215.0,215.11,39,0.08,2,39.0, 100.00,2026-06-10
NIRLON, EQ, 10-Jun-2026,617.15,620.0,623.95,619.25,620.0,620.05,620.05,11402,70.7,389,9975.0, 87.48,2026-06-10
NIRMAN, SM, 10-Jun-2026,45.25,46.2,48.3,45.4,46.1,46.1,46.82,28500,13.34,72,21000.0, 73.68,2026-06-10
NITCO, EQ, 10-Jun-2026,97.04,97.82,101.5,96.0,97.01,97.25,98.16,1137617,1116.67,8572,545532.0, 47.95,2026-06-10
NITINSPIN, EQ, 10-Jun-2026,539.0,542.95,543.9,522.0,523.3,524.1,531.64,111714,593.92,4143,66168.0, 59.23,2026-06-10
NITIRAJ, EQ, 10-Jun-2026,171.85,171.85,206.22,170.5,180.1,184.63,194.48,77453,150.63,1124,23247.0, 30.01,2026-06-10
NITTAGELA, EQ, 10-Jun-2026,1471.0,1498.8,1523.0,1432.6,1455.0,1456.0,1484.39,8888,131.93,1163,4753.0, 53.48,2026-06-10
NIVABUPA, EQ, 10-Jun-2026,83.27,84.1,85.27,83.21,84.0,84.19,84.29,1264146,1065.55,17439,613310.0, 48.52,2026-06-10
NKIND, EQ, 10-Jun-2026,64.2,64.2,64.2,64.2,64.2,64.2,64.2,150,0.1,2,150.0, 100.00,2026-06-10
NLCINDIA, EQ, 10-Jun-2026,327.75,325.0,326.35,307.6,307.85,309.6,317.31,36594772,116120.65,140366,17317345.0, 47.32,2026-06-10
NMDC, EQ, 10-Jun-2026,90.04,90.0,90.25,87.91,88.57,88.45,88.91,29633090,26346.4,67315,11804640.0, 39.84,2026-06-10
NOCIL, EQ, 10-Jun-2026,156.44,156.44,163.0,155.95,161.11,161.55,159.88,799812,1278.72,9882,220739.0, 27.60,2026-06-10
NOIDATOLL, BE, 10-Jun-2026,4.54,4.52,4.76,4.35,4.75,4.75,4.62,206782,9.56,573,, -,2026-06-10
NORBTEAEXP, EQ, 10-Jun-2026,77.51,75.57,77.2,75.57,76.7,76.7,76.85,1213,0.93,28,1113.0, 91.76,2026-06-10
NORTHARC, EQ, 10-Jun-2026,299.95,299.95,301.45,285.0,285.1,287.4,290.02,472793,1371.18,9573,266335.0, 56.33,2026-06-10
NOVAAGRI, EQ, 10-Jun-2026,27.78,28.3,28.59,27.92,28.07,28.14,28.27,63947,18.08,472,41844.0, 65.44,2026-06-10
NOVARTIND, EQ, 10-Jun-2026,1331.4,1317.7,1352.2,1305.0,1331.0,1321.1,1316.77,11939,157.21,1688,6335.0, 53.06,2026-06-10
NPBET, EQ, 10-Jun-2026,274.44,275.81,278.11,274.88,276.6,276.63,276.21,1399,3.86,24,1364.0, 97.50,2026-06-10
NPST, EQ, 10-Jun-2026,1572.8,1576.7,1670.7,1576.7,1655.0,1650.7,1640.58,79294,1300.88,5916,36017.0, 45.42,2026-06-10
NRAIL, EQ, 10-Jun-2026,455.15,453.5,459.95,444.15,447.1,453.85,452.81,1178,5.33,102,767.0, 65.11,2026-06-10
NRBBEARING, EQ, 10-Jun-2026,438.95,440.0,455.8,433.5,436.15,436.2,446.28,1775425,7923.32,30029,558591.0, 31.46,2026-06-10
NRL, EQ, 10-Jun-2026,76.19,77.15,78.94,74.2,74.55,75.27,76.72,228038,174.96,2477,138764.0, 60.85,2026-06-10
NRVANDANA, ST, 10-Jun-2026,74.3,74.75,74.75,72.0,72.0,72.0,72.35,159000,115.03,21,105000.0, 66.04,2026-06-10
NSIL, EQ, 10-Jun-2026,5500.5,5470.0,5520.0,5450.0,5460.0,5462.0,5477.09,593,32.48,201,374.0, 63.07,2026-06-10
NSLNISP, EQ, 10-Jun-2026,49.32,49.2,49.53,47.1,47.21,47.36,48.14,7344449,3535.68,25353,3005837.0, 40.93,2026-06-10
NTPC, EQ, 10-Jun-2026,355.65,359.0,359.0,351.1,351.55,351.65,354.66,14939921,52986.62,145163,10133093.0, 67.83,2026-06-10
NTPCGREEN, EQ, 10-Jun-2026,100.41,100.8,101.21,98.0,98.5,98.32,99.31,2284185,2268.44,31547,1236298.0, 54.12,2026-06-10
NUCLEUS, EQ, 10-Jun-2026,700.8,700.8,827.3,696.4,785.0,802.85,791.59,2257187,17867.57,66481,116514.0, 5.16,2026-06-10
NURECA, EQ, 10-Jun-2026,231.8,232.2,238.5,228.05,228.05,229.7,232.08,13170,30.57,700,7051.0, 53.54,2026-06-10
NUVAMA, EQ, 10-Jun-2026,1556.8,1570.0,1600.0,1515.2,1519.0,1522.2,1554.78,506210,7870.43,28952,182478.0, 36.05,2026-06-10
NUVOCO, EQ, 10-Jun-2026,315.05,310.05,322.2,307.1,307.5,309.7,314.68,230552,725.5,8243,76706.0, 33.27,2026-06-10
NV20, EQ, 10-Jun-2026,13.95,14.07,14.11,13.96,14.1,13.97,14.02,28917,4.05,157,19718.0, 68.19,2026-06-10
NV20BEES, EQ, 10-Jun-2026,140.01,142.98,142.98,138.3,140.4,139.77,140.59,6648,9.35,182,4171.0, 62.74,2026-06-10
NV20IETF, EQ, 10-Jun-2026,13.67,13.67,13.94,13.59,13.8,13.68,13.72,291360,39.97,1799,123603.0, 42.42,2026-06-10
NXST, RR, 10-Jun-2026,155.85,155.9,156.3,154.1,154.76,154.84,154.98,240255,372.34,8931,167552.0, 69.74,2026-06-10
NYKAA, EQ, 10-Jun-2026,267.05,267.05,268.5,261.55,262.0,262.4,263.71,12206001,32188.39,54200,8797839.0, 72.08,2026-06-10
OAL, EQ, 10-Jun-2026,331.7,333.95,350.0,332.25,336.9,339.35,340.92,51844,176.75,1975,28802.0, 55.56,2026-06-10
OBCL, EQ, 10-Jun-2026,58.71,58.45,59.0,55.5,56.5,57.37,57.16,25893,14.8,337,19618.0, 75.77,2026-06-10
OBEROIRLTY, EQ, 10-Jun-2026,1632.5,1639.0,1640.3,1586.4,1590.0,1591.6,1608.4,204605,3290.86,14944,106982.0, 52.29,2026-06-10
OBSCP, SM, 10-Jun-2026,495.4,499.0,527.6,499.0,514.0,514.8,515.7,128000,660.09,261,90800.0, 70.94,2026-06-10
OCCLLTD, EQ, 10-Jun-2026,139.92,139.92,139.92,125.68,128.5,128.44,133.54,381003,508.8,7041,179477.0, 47.11,2026-06-10
ODIGMA, EQ, 10-Jun-2026,21.25,21.5,21.88,20.2,20.4,20.5,20.64,33595,6.93,312,28658.0, 85.30,2026-06-10
OFSS, EQ, 10-Jun-2026,9639.5,9701.5,9757.0,9440.0,9494.5,9470.0,9558.64,147749,14122.8,24180,54293.0, 36.75,2026-06-10
OIL, EQ, 10-Jun-2026,475.95,467.0,467.6,422.55,430.95,427.35,440.28,18169302,79995.53,161564,7157943.0, 39.40,2026-06-10
OILCOUNTUB, BE, 10-Jun-2026,56.84,55.81,57.97,55.81,56.0,56.15,56.58,14570,8.24,141,, -,2026-06-10
OILIETF, EQ, 10-Jun-2026,11.22,11.5,11.5,10.95,10.99,10.99,11.06,3197660,353.78,5227,2079494.0, 65.03,2026-06-10
OLAELEC, EQ, 10-Jun-2026,47.34,47.17,48.16,46.03,47.06,47.32,47.18,244993870,115596.34,321769,38121432.0, 15.56,2026-06-10
OLECTRA, EQ, 10-Jun-2026,1300.0,1300.0,1327.8,1270.1,1280.0,1276.4,1303.5,653413,8517.21,33799,199616.0, 30.55,2026-06-10
OLIL, ST, 10-Jun-2026,440.0,440.0,440.0,437.0,437.5,437.5,438.63,1600,7.02,4,1200.0, 75.00,2026-06-10
OMAXAUTO, BE, 10-Jun-2026,216.79,213.0,227.62,213.0,227.62,227.62,225.9,81830,184.85,607,, -,2026-06-10
OMAXE, EQ, 10-Jun-2026,74.69,75.9,75.9,73.9,74.0,74.58,74.56,43374,32.34,728,30286.0, 69.83,2026-06-10
OMFREIGHT, EQ, 10-Jun-2026,81.24,82.95,83.95,81.24,83.9,82.45,82.66,17613,14.56,757,5368.0, 30.48,2026-06-10
OMFURN, ST, 10-Jun-2026,57.75,54.95,54.95,54.95,54.95,54.95,54.95,2400,1.32,2,1200.0, 50.00,2026-06-10
OMINFRAL, EQ, 10-Jun-2026,82.67,82.77,84.3,81.11,81.11,81.37,82.71,34218,28.3,888,22811.0, 66.66,2026-06-10
OMNI, EQ, 10-Jun-2026,494.45,499.7,519.45,488.0,491.85,492.3,505.76,607519,3072.59,22300,213012.0, 35.06,2026-06-10
OMPOWER, EQ, 10-Jun-2026,181.08,180.95,182.94,174.11,174.11,175.09,177.56,140559,249.58,2229,73880.0, 52.56,2026-06-10
ONDOOR, ST, 10-Jun-2026,170.45,167.9,175.0,163.2,175.0,174.15,172.22,30000,51.67,47,25800.0, 86.00,2026-06-10
ONELIFECAP, BE, 10-Jun-2026,26.49,26.49,27.45,26.0,26.0,26.03,26.15,17603,4.6,62,, -,2026-06-10
ONEPOINT, EQ, 10-Jun-2026,53.99,54.31,57.76,53.9,56.44,55.98,55.55,2693172,1496.07,12112,1134176.0, 42.11,2026-06-10
ONESOURCE, EQ, 10-Jun-2026,1715.4,1707.9,1717.3,1646.0,1704.4,1699.6,1686.64,308053,5195.76,28740,134602.0, 43.69,2026-06-10
ONGC, EQ, 10-Jun-2026,259.0,259.0,261.85,251.35,251.9,251.9,255.83,10176332,26033.97,86004,3885974.0, 38.19,2026-06-10
ONMOBILE, EQ, 10-Jun-2026,50.24,50.2,50.8,49.1,49.82,49.55,49.68,71003,35.27,1071,31319.0, 44.11,2026-06-10
ONWARDTEC, EQ, 10-Jun-2026,255.75,257.3,260.9,251.0,252.05,252.95,254.55,36916,93.97,1509,19085.0, 51.70,2026-06-10
ONYX, SM, 10-Jun-2026,42.0,40.2,40.2,40.0,40.0,40.0,40.13,8000,3.21,4,8000.0, 100.00,2026-06-10
OPTIEMUS, EQ, 10-Jun-2026,426.9,430.0,435.8,420.2,423.95,421.9,429.1,132917,570.35,4102,62709.0, 47.18,2026-06-10
OPTIVALUE, SM, 10-Jun-2026,78.35,79.5,81.0,76.5,76.5,78.95,78.64,43200,33.97,20,32000.0, 74.07,2026-06-10
ORBTEXP, EQ, 10-Jun-2026,216.85,218.9,218.9,192.0,197.0,194.96,205.13,36132,74.12,1121,15196.0, 42.06,2026-06-10
ORCHASP, EQ, 10-Jun-2026,1.94,1.94,2.04,1.89,1.98,1.97,1.95,270631,5.27,259,216239.0, 79.90,2026-06-10
ORCHPHARMA, EQ, 10-Jun-2026,859.8,866.8,871.95,850.05,850.15,850.95,855.81,46365,396.8,2688,26416.0, 56.97,2026-06-10
ORIANA, SM, 10-Jun-2026,1711.65,1720.0,1728.6,1599.0,1611.0,1616.3,1641.76,116625,1914.7,1244,64575.0, 55.37,2026-06-10
ORICONENT, EQ, 10-Jun-2026,57.64,57.64,60.5,55.0,55.02,55.28,58.39,301022,175.76,2947,169171.0, 56.20,2026-06-10
ORIENTALTL, EQ, 10-Jun-2026,6.37,6.55,6.55,6.22,6.42,6.38,6.37,96476,6.15,290,68103.0, 70.59,2026-06-10
ORIENTBELL, EQ, 10-Jun-2026,319.95,321.0,327.0,317.05,324.9,320.7,321.63,7490,24.09,316,4073.0, 54.38,2026-06-10
ORIENTCEM, EQ, 10-Jun-2026,133.44,134.1,134.1,130.33,130.55,130.84,132.06,109204,144.22,1984,56227.0, 51.49,2026-06-10
ORIENTCER, EQ, 10-Jun-2026,38.07,38.5,39.18,37.5,37.92,38.19,38.18,45100,17.22,674,21072.0, 46.72,2026-06-10
ORIENTELEC, EQ, 10-Jun-2026,176.49,177.37,178.67,172.31,174.82,173.4,175.19,70699,123.86,2124,32425.0, 45.86,2026-06-10
ORIENTHOT, EQ, 10-Jun-2026,103.0,103.62,103.62,100.6,101.0,101.5,102.09,120362,122.88,1364,76702.0, 63.73,2026-06-10
ORIENTLTD, EQ, 10-Jun-2026,58.81,60.4,60.4,59.0,59.0,59.04,59.11,5046,2.98,22,5013.0, 99.35,2026-06-10
ORIENTPPR, EQ, 10-Jun-2026,17.67,17.71,18.06,17.2,17.3,17.27,17.47,128397,22.43,652,72482.0, 56.45,2026-06-10
ORIENTTECH, EQ, 10-Jun-2026,255.35,255.1,256.95,248.0,249.3,249.15,251.29,97985,246.22,2608,51013.0, 52.06,2026-06-10
ORISSAMINE, EQ, 10-Jun-2026,3999.8,3999.0,4044.7,3926.0,3926.0,3948.5,3981.72,4117,163.93,1085,2246.0, 54.55,2026-06-10
ORKLAINDIA, EQ, 10-Jun-2026,620.15,622.1,622.65,609.75,615.9,613.45,613.93,27027,165.93,2760,13606.0, 50.34,2026-06-10
ORTEL, BZ, 10-Jun-2026,1.67,1.67,1.75,1.6,1.7,1.7,1.7,13565,0.23,37,, -,2026-06-10
ORTINGLOBE, EQ, 10-Jun-2026,17.93,17.7,18.41,16.6,17.61,18.02,17.55,48801,8.56,345,29846.0, 61.16,2026-06-10
OSELDEVICE, SM, 10-Jun-2026,455.55,450.0,455.75,448.0,452.75,451.0,451.34,17400,78.53,77,12400.0, 71.26,2026-06-10
OSIAHYPER, BE, 10-Jun-2026,3.1,2.95,3.05,2.95,2.95,2.95,2.95,1883923,55.66,1407,, -,2026-06-10
OSWALAGRO, BE, 10-Jun-2026,42.16,41.73,42.9,41.5,42.5,42.45,42.42,6245,2.65,65,, -,2026-06-10
OSWALGREEN, EQ, 10-Jun-2026,23.21,23.4,23.75,22.56,22.9,22.75,23.07,102560,23.66,818,65685.0, 64.05,2026-06-10
OSWALPUMPS, EQ, 10-Jun-2026,401.6,402.0,405.9,384.35,388.5,387.35,391.6,398856,1561.91,8704,229912.0, 57.64,2026-06-10
OSWALSEEDS, EQ, 10-Jun-2026,11.09,11.09,11.2,10.75,10.96,10.92,10.92,103854,11.35,225,94570.0, 91.06,2026-06-10
OWAIS, SM, 10-Jun-2026,96.3,99.4,99.4,93.0,94.9,94.15,96.08,36600,35.16,200,24600.0, 67.21,2026-06-10
PACEDIGITK, EQ, 10-Jun-2026,181.98,182.5,191.76,181.16,187.0,187.34,188.41,3233538,6092.38,32166,967164.0, 29.91,2026-06-10
PAGEIND, EQ, 10-Jun-2026,38905.0,38760.0,39370.0,37890.0,37980.0,37955.0,38511.54,17640,6793.44,7419,7371.0, 41.79,2026-06-10
PAISALO, EQ, 10-Jun-2026,60.18,59.99,61.0,59.02,59.12,59.51,60.01,9409872,5646.71,20790,5613482.0, 59.66,2026-06-10
PAKKA, EQ, 10-Jun-2026,81.0,81.45,82.72,79.56,80.56,80.19,81.4,69684,56.72,908,48110.0, 69.04,2026-06-10
PALASHSECU, EQ, 10-Jun-2026,95.97,95.2,97.0,92.5,92.51,92.57,93.46,1338,1.25,59,1074.0, 80.27,2026-06-10
PALREDTEC, BE, 10-Jun-2026,44.75,44.75,46.94,42.6,45.0,45.0,44.9,5852,2.63,40,, -,2026-06-10
PANACEABIO, EQ, 10-Jun-2026,607.75,595.0,595.0,547.0,547.0,547.0,564.26,1922029,10845.32,37065,420587.0, 21.88,2026-06-10
PANACHE, EQ, 10-Jun-2026,364.45,374.95,380.0,362.8,376.0,370.1,370.55,17683,65.52,674,6917.0, 39.12,2026-06-10
PANAMAPET, EQ, 10-Jun-2026,351.85,351.9,408.85,348.6,372.9,381.55,392.95,13801295,54231.69,157661,784097.0, 5.68,2026-06-10
PANSARI, EQ, 10-Jun-2026,273.05,272.05,281.95,272.05,272.05,277.3,275.99,392,1.08,28,264.0, 67.35,2026-06-10
PAR, EQ, 10-Jun-2026,85.65,87.4,90.65,85.15,88.2,87.81,88.8,2962,2.63,77,2210.0, 74.61,2026-06-10
PARACABLES, EQ, 10-Jun-2026,66.75,67.25,67.52,62.11,62.95,62.66,64.06,2713411,1738.19,11211,1547794.0, 57.04,2026-06-10
PARADEEP, EQ, 10-Jun-2026,126.26,126.6,129.3,123.0,123.5,123.81,125.93,2672227,3365.16,24584,948130.0, 35.48,2026-06-10
PARAGMILK, EQ, 10-Jun-2026,243.41,244.8,244.8,236.33,236.9,237.74,239.81,402486,965.2,6072,219582.0, 54.56,2026-06-10
PARAGON, SM, 10-Jun-2026,48.35,48.35,48.35,46.0,46.0,46.0,46.58,7200,3.35,6,4800.0, 66.67,2026-06-10
PARAS, EQ, 10-Jun-2026,1039.15,1045.0,1066.75,1001.05,1034.15,1040.5,1040.96,5841234,60805.13,159171,990836.0, 16.96,2026-06-10
PARASPETRO, EQ, 10-Jun-2026,1.93,2.0,2.0,1.85,1.92,1.89,1.91,83062,1.59,178,70414.0, 84.77,2026-06-10
PARIN, SM, 10-Jun-2026,718.55,710.0,729.0,703.05,719.0,716.5,717.46,34000,243.94,114,8250.0, 24.26,2026-06-10
PARKHOSPS, EQ, 10-Jun-2026,292.5,294.0,297.0,277.65,280.0,280.1,286.16,604660,1730.3,12099,339337.0, 56.12,2026-06-10
PARKHOTELS, EQ, 10-Jun-2026,117.87,117.87,118.2,115.0,115.47,115.56,116.43,176317,205.29,3062,105044.0, 59.58,2026-06-10
PARSVNATH, BE, 10-Jun-2026,3.51,3.44,3.44,3.44,3.44,3.44,3.44,2248428,77.35,232,, -,2026-06-10
PARTH, ST, 10-Jun-2026,434.0,434.0,444.8,427.1,427.1,427.1,435.3,1200,5.22,3,800.0, 66.67,2026-06-10
PARTYCRUS, SM, 10-Jun-2026,102.5,100.0,101.0,100.0,100.0,100.0,100.1,10000,10.01,3,10000.0, 100.00,2026-06-10
PASHUPATI, EQ, 10-Jun-2026,88.67,91.3,91.3,86.8,87.89,87.9,87.89,441431,387.97,3674,200626.0, 45.45,2026-06-10
PASUPTAC, EQ, 10-Jun-2026,73.37,73.37,73.78,70.8,71.45,71.03,71.83,351307,252.33,3800,198989.0, 56.64,2026-06-10
PATANJALI, EQ, 10-Jun-2026,422.05,421.0,428.7,416.6,418.3,419.6,421.4,3020116,12726.76,17102,1209511.0, 40.05,2026-06-10
PATELENG, EQ, 10-Jun-2026,27.7,27.7,27.81,26.85,26.93,26.92,27.21,2123465,577.8,6580,1169239.0, 55.06,2026-06-10
PATELRMART, EQ, 10-Jun-2026,210.11,210.11,222.0,204.99,205.05,205.92,215.59,724492,1561.93,15298,94135.0, 12.99,2026-06-10
PATILAUTOM, ST, 10-Jun-2026,183.55,184.5,187.5,180.0,180.0,181.15,183.99,18000,33.12,28,18000.0, 100.00,2026-06-10
PATINTLOG, EQ, 10-Jun-2026,13.15,13.4,13.6,13.11,13.35,13.43,13.45,112969,15.2,222,103115.0, 91.28,2026-06-10
PAUSHAKLTD, EQ, 10-Jun-2026,466.7,479.0,479.0,452.0,456.0,453.85,460.52,11332,52.19,824,7895.0, 69.67,2026-06-10
PAVNAIND, BE, 10-Jun-2026,16.19,16.19,16.48,15.75,16.25,16.25,16.22,35275,5.72,99,, -,2026-06-10
PAYTM, EQ, 10-Jun-2026,1072.0,1073.0,1122.4,1062.7,1068.6,1066.3,1088.63,4467778,48637.56,93193,1014527.0, 22.71,2026-06-10
PCBL, EQ, 10-Jun-2026,283.9,284.0,289.45,284.0,286.1,287.15,286.51,524941,1504.01,10424,218934.0, 41.71,2026-06-10
PCCL, SM, 10-Jun-2026,275.05,278.0,279.0,275.0,279.0,279.0,275.64,11200,30.87,6,11200.0, 100.00,2026-06-10
PCJEWELLER, EQ, 10-Jun-2026,8.86,8.86,8.99,8.6,8.62,8.65,8.7,37185448,3236.28,24980,17747160.0, 47.73,2026-06-10
PDMJEPAPER, EQ, 10-Jun-2026,82.51,82.0,82.88,80.0,80.8,80.61,81.75,32324,26.43,967,17737.0, 54.87,2026-06-10
PDSL, EQ, 10-Jun-2026,306.0,308.15,308.4,301.0,304.0,302.25,303.94,100983,306.93,4784,56504.0, 55.95,2026-06-10
PEARLPOLY, BE, 10-Jun-2026,18.37,19.14,19.14,17.72,18.5,18.49,18.09,7282,1.32,29,, -,2026-06-10
PELATRO, SM, 10-Jun-2026,261.1,258.0,261.95,254.0,256.5,256.5,256.29,4200,10.76,13,3300.0, 78.57,2026-06-10
PENIND, EQ, 10-Jun-2026,154.57,153.99,155.55,151.07,151.5,151.8,153.59,297657,457.18,3441,167565.0, 56.29,2026-06-10
PENINLAND, BE, 10-Jun-2026,14.87,14.87,14.99,14.71,14.94,14.88,14.86,77891,11.58,213,, -,2026-06-10
PENTAGON, SM, 10-Jun-2026,56.5,58.0,58.1,58.0,58.1,58.1,58.05,2000,1.16,2,2000.0, 100.00,2026-06-10
PERSISTENT, EQ, 10-Jun-2026,5018.0,5023.0,5070.0,4917.0,4925.0,4928.0,4987.39,254180,12676.96,27008,105449.0, 41.49,2026-06-10
PETRONET, EQ, 10-Jun-2026,268.8,267.1,269.95,266.9,268.4,268.3,269.0,3188028,8575.82,39685,2274961.0, 71.36,2026-06-10
PFC, EQ, 10-Jun-2026,435.6,435.6,440.65,429.9,430.55,431.3,435.87,4359935,19003.83,46338,1817922.0, 41.70,2026-06-10
PFIZER, EQ, 10-Jun-2026,4592.5,4600.0,4600.0,4527.5,4528.1,4537.8,4551.97,13983,636.5,4126,6586.0, 47.10,2026-06-10
PFOCUS, BE, 10-Jun-2026,235.68,235.0,239.7,226.0,228.0,227.28,230.75,189577,437.45,1335,, -,2026-06-10
PFS, EQ, 10-Jun-2026,31.42,31.55,31.56,30.6,30.6,30.62,30.91,543403,167.94,2719,379892.0, 69.91,2026-06-10
PGEL, EQ, 10-Jun-2026,479.8,479.8,479.8,463.4,465.0,465.9,472.91,1466643,6935.92,25214,415914.0, 28.36,2026-06-10
PGHH, EQ, 10-Jun-2026,9032.5,9032.5,9139.5,9001.0,9040.0,9030.5,9055.69,19751,1788.59,4522,13970.0, 70.73,2026-06-10
PGHL, EQ, 10-Jun-2026,6212.5,6198.0,6299.0,6198.0,6242.5,6235.0,6237.43,10670,665.53,3163,5712.0, 53.53,2026-06-10
PGIL, EQ, 10-Jun-2026,1685.5,1685.0,1693.6,1630.1,1649.0,1641.7,1649.73,38920,642.07,3649,23739.0, 60.99,2026-06-10
PGINVIT, IV, 10-Jun-2026,93.57,93.57,93.8,93.52,93.8,93.79,93.73,984010,922.33,5237,886050.0, 90.04,2026-06-10
PHANTOMFX, SM, 10-Jun-2026,166.5,166.1,169.0,165.0,167.0,167.35,168.24,23100,38.86,25,21300.0, 92.21,2026-06-10
PHARMABEES, EQ, 10-Jun-2026,24.98,25.28,25.28,24.75,24.85,24.79,24.97,3981351,994.17,9228,2411971.0, 60.58,2026-06-10
PHOENIXLTD, EQ, 10-Jun-2026,1754.1,1754.0,1814.2,1748.8,1763.9,1765.7,1782.8,737262,13143.88,41490,401219.0, 54.42,2026-06-10
PHOGLOBAL, SM, 10-Jun-2026,18.1,17.75,17.75,17.55,17.55,17.65,17.65,4000,0.71,2,4000.0, 100.00,2026-06-10
PICCADIL, EQ, 10-Jun-2026,586.4,590.0,590.0,575.0,575.5,576.3,583.52,60788,354.71,4659,34953.0, 57.50,2026-06-10
PIDILITIND, EQ, 10-Jun-2026,1481.8,1485.0,1535.8,1482.9,1508.0,1506.5,1515.48,1866212,28282.04,77508,778626.0, 41.72,2026-06-10
PIGL, EQ, 10-Jun-2026,99.02,98.51,101.0,97.2,98.98,98.01,98.56,32358,31.89,649,15975.0, 49.37,2026-06-10
PIIND, EQ, 10-Jun-2026,2866.4,2866.4,2880.0,2796.7,2804.5,2807.7,2833.86,373601,10587.33,24897,121676.0, 32.57,2026-06-10
PILANIINVS, EQ, 10-Jun-2026,4218.5,4218.5,4334.8,4216.5,4241.0,4248.7,4289.89,2997,128.57,661,1694.0, 56.52,2026-06-10
PILITA, BE, 10-Jun-2026,8.27,8.46,8.46,8.02,8.15,8.25,8.24,22434,1.85,94,, -,2026-06-10
PINELABS, EQ, 10-Jun-2026,152.36,153.0,156.1,149.21,150.15,150.32,152.65,44545213,67998.34,212870,11931533.0, 26.79,2026-06-10
PIONEEREMB, EQ, 10-Jun-2026,24.33,24.5,24.79,23.75,24.79,24.2,24.12,2453,0.59,36,1894.0, 77.21,2026-06-10
PIONRINV, EQ, 10-Jun-2026,99.14,114.98,114.98,98.5,98.5,99.35,104.42,1703,1.78,77,553.0, 32.47,2026-06-10
PIRAMALFIN, EQ, 10-Jun-2026,1993.7,1993.7,2010.0,1962.6,1980.0,1983.5,1986.18,278152,5524.6,18472,165747.0, 59.59,2026-06-10
PITTIENG, EQ, 10-Jun-2026,908.0,912.8,947.9,899.7,920.5,928.0,928.92,36539,339.42,2555,15954.0, 43.66,2026-06-10
PIXTRANS, EQ, 10-Jun-2026,1603.2,1603.0,1604.1,1572.2,1590.0,1591.9,1587.12,5465,86.74,714,2932.0, 53.65,2026-06-10
PKTEA, EQ, 10-Jun-2026,798.0,791.0,791.0,791.0,791.0,791.0,791.0,9,0.07,3,9.0, 100.00,2026-06-10
PLASTIBLEN, EQ, 10-Jun-2026,171.01,171.32,172.09,170.0,170.2,170.13,170.61,10121,17.27,290,7736.0, 76.44,2026-06-10
PLATIND, EQ, 10-Jun-2026,214.78,214.98,215.93,210.0,211.05,210.27,212.93,43085,91.74,1137,23472.0, 54.48,2026-06-10
PLAZACABLE, BE, 10-Jun-2026,47.85,47.85,47.99,46.35,46.35,46.82,46.99,22010,10.34,159,, -,2026-06-10
PML, EQ, 10-Jun-2026,505.7,523.35,523.35,500.1,506.95,506.95,514.64,291,1.5,21,250.0, 85.91,2026-06-10
PNB, EQ, 10-Jun-2026,109.65,110.0,110.5,106.93,107.2,107.17,108.69,27530407,29923.36,59356,14380416.0, 52.23,2026-06-10
PNBGILTS, EQ, 10-Jun-2026,93.13,92.9,93.35,87.65,88.0,89.05,90.64,1545776,1401.16,8894,603748.0, 39.06,2026-06-10
PNBHOUSING, EQ, 10-Jun-2026,989.0,987.0,989.6,962.0,970.9,968.5,975.14,524650,5116.06,24859,239751.0, 45.70,2026-06-10
PNC, EQ, 10-Jun-2026,20.16,20.0,20.39,19.5,19.8,19.8,19.76,783,0.15,49,625.0, 79.82,2026-06-10
PNCINFRA, EQ, 10-Jun-2026,203.04,204.0,205.8,200.0,200.5,200.97,202.48,131524,266.31,3224,69008.0, 52.47,2026-06-10
PNGJL, EQ, 10-Jun-2026,543.9,547.0,553.75,536.4,537.9,537.7,540.47,121201,655.06,5933,78710.0, 64.94,2026-06-10
PNGSREVA, EQ, 10-Jun-2026,389.1,392.2,394.45,378.15,380.0,381.05,383.39,59321,227.43,2722,42646.0, 71.89,2026-06-10
POCL, EQ, 10-Jun-2026,1234.1,1234.1,1244.8,1210.0,1210.0,1215.1,1222.37,118266,1445.65,7051,55813.0, 47.19,2026-06-10
PODDARMENT, EQ, 10-Jun-2026,258.4,258.4,261.4,251.0,251.0,251.0,254.33,1405,3.57,113,1117.0, 79.50,2026-06-10
POKARNA, EQ, 10-Jun-2026,821.7,830.0,849.75,807.25,810.0,812.6,831.59,72454,602.52,3855,26647.0, 36.78,2026-06-10
POLICYBZR, EQ, 10-Jun-2026,1497.3,1500.0,1542.4,1495.4,1515.0,1509.6,1518.2,1809006,27464.41,61498,1007753.0, 55.71,2026-06-10
POLYCAB, EQ, 10-Jun-2026,9615.5,9621.0,9684.5,9478.5,9540.0,9523.5,9559.49,391667,37441.37,45886,235226.0, 60.06,2026-06-10
POLYMED, EQ, 10-Jun-2026,1458.8,1470.0,1470.0,1396.9,1416.9,1417.5,1415.9,384827,5448.77,19068,259068.0, 67.32,2026-06-10
POLYPLEX, EQ, 10-Jun-2026,898.65,899.95,906.95,886.1,896.0,889.6,894.59,38069,340.56,2032,18622.0, 48.92,2026-06-10
POLYSIL, ST, 10-Jun-2026,136.45,129.7,139.7,129.7,138.0,138.0,137.81,25500,35.14,9,25000.0, 98.04,2026-06-10
PONNIERODE, EQ, 10-Jun-2026,322.6,323.4,331.95,313.75,314.1,314.2,318.95,25172,80.29,765,16469.0, 65.43,2026-06-10
POONAWALLA, EQ, 10-Jun-2026,383.7,384.95,385.8,378.2,378.9,380.2,381.92,543144,2074.38,17578,318118.0, 58.57,2026-06-10
POSITRON, ST, 10-Jun-2026,188.0,183.5,195.9,180.2,191.05,192.0,184.31,6900,12.72,10,6600.0, 95.65,2026-06-10
POWERGRID, EQ, 10-Jun-2026,285.7,285.0,289.5,284.05,287.05,287.2,287.47,8330040,23946.27,88588,5543062.0, 66.54,2026-06-10
POWERICA, EQ, 10-Jun-2026,482.25,482.3,488.0,452.0,468.0,466.8,463.69,427827,1983.77,16116,222758.0, 52.07,2026-06-10
POWERINDIA, EQ, 10-Jun-2026,34610.0,34845.0,34980.0,33080.0,33375.0,33265.0,33700.03,217325,73238.6,60594,86573.0, 39.84,2026-06-10
POWERMECH, EQ, 10-Jun-2026,2553.2,2570.0,2605.0,2522.8,2555.0,2546.0,2564.83,76449,1960.79,12847,31434.0, 41.12,2026-06-10
PPAP, EQ, 10-Jun-2026,208.32,209.85,209.85,205.11,205.5,205.76,206.61,10791,22.3,372,6617.0, 61.32,2026-06-10
PPL, EQ, 10-Jun-2026,239.43,237.24,244.0,233.61,234.5,236.49,239.39,322879,772.95,5957,164461.0, 50.94,2026-06-10
PPLPHARMA, EQ, 10-Jun-2026,168.87,169.0,170.36,162.15,163.99,164.07,166.94,1299547,2169.46,19878,571537.0, 43.98,2026-06-10
PPSL, ST, 10-Jun-2026,6.0,6.2,6.2,5.8,5.8,5.85,6.08,18000,1.1,6,18000.0, 100.00,2026-06-10
PRABHA, EQ, 10-Jun-2026,157.6,157.0,160.96,156.0,158.8,157.12,158.23,17510,27.71,307,11057.0, 63.15,2026-06-10
PRADPME, EQ, 10-Jun-2026,465.35,470.0,511.0,467.05,485.0,497.75,492.8,160437,790.63,4971,55039.0, 34.31,2026-06-10
PRAENG, EQ, 10-Jun-2026,20.63,20.99,21.7,20.2,20.61,20.5,20.81,61443,12.78,261,36524.0, 59.44,2026-06-10
PRAJIND, EQ, 10-Jun-2026,356.25,356.9,360.0,341.1,342.9,343.75,349.73,640405,2239.69,16698,260400.0, 40.66,2026-06-10
PRAKASH, EQ, 10-Jun-2026,142.03,142.05,143.39,137.1,139.0,140.47,139.9,476544,666.68,5006,241664.0, 50.71,2026-06-10
PRAKASHSTL, EQ, 10-Jun-2026,4.39,4.5,4.5,4.32,4.39,4.37,4.41,111581,4.93,270,53920.0, 48.32,2026-06-10
PRAMARA, SM, 10-Jun-2026,140.35,136.65,142.4,133.35,139.9,137.25,136.31,127500,173.79,165,59500.0, 46.67,2026-06-10
PRANIK, SM, 10-Jun-2026,51.0,45.25,47.5,45.2,47.5,47.5,46.39,8000,3.71,5,4800.0, 60.00,2026-06-10
PRATHAM, SM, 10-Jun-2026,117.0,117.0,118.3,117.0,118.3,118.3,117.7,2000,2.35,5,1600.0, 80.00,2026-06-10
PRAVEG, EQ, 10-Jun-2026,219.8,220.1,229.75,219.3,221.7,220.5,222.71,107868,240.23,2420,63389.0, 58.77,2026-06-10
PRAXIS, BE, 10-Jun-2026,7.31,7.45,7.5,7.05,7.4,7.46,7.44,48381,3.6,83,, -,2026-06-10
PRECAM, EQ, 10-Jun-2026,143.71,144.0,145.74,140.0,140.3,140.66,142.55,119109,169.79,2185,59114.0, 49.63,2026-06-10
PRECOT, EQ, 10-Jun-2026,686.1,682.0,694.85,652.1,666.95,670.75,674.95,16323,110.17,613,11223.0, 68.76,2026-06-10
PRECWIRE, EQ, 10-Jun-2026,410.85,412.55,415.9,390.2,395.0,393.7,399.4,339660,1356.6,15263,134581.0, 39.62,2026-06-10
PREMCO, EQ, 10-Jun-2026,369.95,376.9,376.9,366.7,369.15,373.6,374.66,300,1.12,35,259.0, 86.33,2026-06-10
PREMEXPLN, EQ, 10-Jun-2026,721.95,724.0,728.75,678.0,685.7,685.5,701.58,804515,5644.28,19741,304211.0, 37.81,2026-06-10
PREMIER, BE, 10-Jun-2026,2.94,2.94,2.94,2.9,2.9,2.9,2.91,3138,0.09,23,, -,2026-06-10
PREMIERENE, EQ, 10-Jun-2026,1086.7,1087.9,1094.7,1061.2,1069.0,1065.9,1076.89,802759,8644.81,21566,371541.0, 46.28,2026-06-10
PREMIERPOL, BE, 10-Jun-2026,55.51,55.88,56.88,54.0,55.8,55.24,55.34,40998,22.69,214,, -,2026-06-10
PRESSTONIC, SM, 10-Jun-2026,31.95,30.4,31.4,30.4,30.7,30.85,30.88,21600,6.67,26,16800.0, 77.78,2026-06-10
PRESTIGE, EQ, 10-Jun-2026,1354.0,1347.0,1359.2,1320.0,1322.6,1328.0,1342.8,186545,2504.92,13091,81801.0, 43.85,2026-06-10
PRICOLLTD, EQ, 10-Jun-2026,544.65,544.65,550.25,536.2,541.5,543.05,542.21,303964,1648.13,13600,138727.0, 45.64,2026-06-10
PRIMECAB, ST, 10-Jun-2026,111.35,110.0,110.0,110.0,110.0,110.0,110.0,11200,12.32,6,11200.0, 100.00,2026-06-10
PRIMESECU, EQ, 10-Jun-2026,293.85,291.85,291.85,280.5,280.65,281.85,285.8,7455,21.31,363,3266.0, 43.81,2026-06-10
PRIMO, EQ, 10-Jun-2026,24.67,24.3,25.0,24.0,24.4,24.26,24.31,149747,36.4,771,97349.0, 65.01,2026-06-10
PRINCEPIPE, EQ, 10-Jun-2026,283.2,285.0,286.2,270.1,271.75,272.25,276.94,436009,1207.48,11133,216303.0, 49.61,2026-06-10
PRITI, BE, 10-Jun-2026,39.81,39.5,39.81,39.0,39.75,39.06,39.34,6766,2.66,103,, -,2026-06-10
PRITIKA, SM, 10-Jun-2026,64.55,65.65,65.65,65.65,65.65,65.65,65.65,16000,10.5,2,8000.0, 50.00,2026-06-10
PRITIKAUTO, EQ, 10-Jun-2026,14.07,14.0,14.94,13.86,14.27,14.28,14.53,381899,55.48,1409,262401.0, 68.71,2026-06-10
PRIVISCL, EQ, 10-Jun-2026,3174.8,3174.8,3205.0,3110.0,3144.7,3131.6,3148.4,98370,3097.08,14858,63253.0, 64.30,2026-06-10
PRIZOR, ST, 10-Jun-2026,787.4,796.0,826.75,788.0,826.75,826.75,818.5,39600,324.12,82,35600.0, 89.90,2026-06-10
PRLIND, SM, 10-Jun-2026,48.0,48.8,50.0,46.7,46.7,46.7,48.79,36000,17.57,23,24000.0, 66.67,2026-06-10
PROPEQUITY, SM, 10-Jun-2026,215.0,219.9,219.9,219.9,219.9,219.9,219.9,600,1.32,1,600.0, 100.00,2026-06-10
PROSTARM, EQ, 10-Jun-2026,140.49,140.3,142.4,138.51,140.0,140.35,140.34,107415,150.75,1298,64955.0, 60.47,2026-06-10
PROTEAN, EQ, 10-Jun-2026,611.0,612.95,613.95,600.0,600.2,602.8,607.87,161856,983.87,7315,67468.0, 41.68,2026-06-10
PROZONER, EQ, 10-Jun-2026,50.43,50.43,51.06,49.08,49.9,49.37,49.91,109511,54.66,772,78396.0, 71.59,2026-06-10
PRSMJOHNSN, EQ, 10-Jun-2026,118.58,118.5,120.0,117.5,117.55,118.04,118.67,142922,169.6,5263,75108.0, 52.55,2026-06-10
PRUDENT, EQ, 10-Jun-2026,2661.4,2673.8,2749.0,2640.1,2705.1,2722.4,2695.9,12703,342.46,2232,6117.0, 48.15,2026-06-10
PRUDMOULI, EQ, 10-Jun-2026,14.96,15.8,15.8,14.51,15.0,15.4,14.95,10076,1.51,40,8085.0, 80.24,2026-06-10
PSB, EQ, 10-Jun-2026,24.21,24.25,24.54,23.61,23.82,23.74,24.2,1786629,432.35,7506,880789.0, 49.30,2026-06-10
PSPPROJECT, EQ, 10-Jun-2026,917.7,922.3,940.0,882.8,900.0,888.1,916.4,228598,2094.86,13253,96373.0, 42.16,2026-06-10
PSUBANK, EQ, 10-Jun-2026,853.45,874.78,874.78,838.01,852.0,840.06,851.82,179907,1532.48,2432,161875.0, 89.98,2026-06-10
PSUBANKADD, EQ, 10-Jun-2026,85.94,86.9,86.9,84.0,84.85,84.73,85.66,41190,35.28,305,27680.0, 67.20,2026-06-10
PSUBNKBEES, EQ, 10-Jun-2026,94.91,97.28,97.28,93.0,93.55,93.76,94.59,4111726,3889.14,8867,2391571.0, 58.16,2026-06-10
PSUBNKIETF, EQ, 10-Jun-2026,86.2,84.04,86.65,84.04,84.86,84.93,85.87,425017,364.96,1339,275559.0, 64.83,2026-06-10
PTC, EQ, 10-Jun-2026,187.0,187.0,188.36,181.0,181.1,181.49,183.99,1152615,2120.71,16518,747144.0, 64.82,2026-06-10
PTCIL, EQ, 10-Jun-2026,18692.0,18692.0,18897.0,18455.0,18460.0,18571.0,18685.31,11801,2205.05,4076,5651.0, 47.89,2026-06-10
PTL, EQ, 10-Jun-2026,40.38,40.38,40.75,39.85,40.02,40.24,40.06,49956,20.01,954,40006.0, 80.08,2026-06-10
PUNJABCHEM, EQ, 10-Jun-2026,947.7,952.4,1039.0,952.4,998.0,999.2,1004.02,38998,391.55,3237,11634.0, 29.83,2026-06-10
PURPLEUTED, SM, 10-Jun-2026,395.75,394.0,404.0,391.0,397.0,394.45,398.65,26000,103.65,100,24250.0, 93.27,2026-06-10
PURVA, EQ, 10-Jun-2026,208.82,210.49,210.5,202.86,206.0,205.43,206.95,94052,194.64,2923,42481.0, 45.17,2026-06-10
PURVFLEXI, ST, 10-Jun-2026,52.95,51.0,51.0,51.0,51.0,51.0,51.0,800,0.41,1,800.0, 100.00,2026-06-10
PUSHPA, SM, 10-Jun-2026,112.4,111.0,111.0,108.0,108.0,108.0,109.5,27000,29.56,23,25000.0, 92.59,2026-06-10
PVP, EQ, 10-Jun-2026,32.8,32.77,33.5,32.3,32.53,32.61,32.92,504432,166.05,1797,244547.0, 48.48,2026-06-10
PVRINOX, EQ, 10-Jun-2026,966.75,974.95,977.8,951.0,958.0,957.7,957.54,202239,1936.51,13272,117362.0, 58.03,2026-06-10
PVSL, EQ, 10-Jun-2026,94.96,94.98,97.7,94.98,95.15,95.35,95.83,22056,21.14,3148,9702.0, 43.99,2026-06-10
PVTBANIETF, EQ, 10-Jun-2026,26.76,26.72,27.12,26.68,26.95,26.92,26.97,1707664,460.57,1866,869896.0, 50.94,2026-06-10
PVTBANKADD, EQ, 10-Jun-2026,26.85,26.9,27.29,26.9,26.95,27.07,27.08,159226,43.12,146,137493.0, 86.35,2026-06-10
PVTBKGROWW, EQ, 10-Jun-2026,26.53,26.06,26.88,26.06,26.57,26.6,26.7,49793,13.29,180,23511.0, 47.22,2026-06-10
PWL, EQ, 10-Jun-2026,106.26,107.5,109.58,105.61,107.5,107.1,107.21,10411836,11162.98,42742,1024395.0, 9.84,2026-06-10
PYRAMID, EQ, 10-Jun-2026,164.48,164.98,167.68,161.94,164.9,163.27,164.82,14052,23.16,884,5796.0, 41.25,2026-06-10
QFIL, SM, 10-Jun-2026,46.1,48.4,48.4,48.4,48.4,48.4,48.4,3000,1.45,3,3000.0, 100.00,2026-06-10
QGOLDHALF, EQ, 10-Jun-2026,125.49,122.78,122.79,121.22,121.34,121.37,121.55,129814,157.79,969,77388.0, 59.61,2026-06-10
QLINE, ST, 10-Jun-2026,508.75,508.95,519.0,483.35,483.35,483.35,502.89,134400,675.89,293,122400.0, 91.07,2026-06-10
QMSMEDI, SM, 10-Jun-2026,93.35,94.0,94.0,91.8,91.8,91.9,93.53,13000,12.16,13,12000.0, 92.31,2026-06-10
QNIFTY, EQ, 10-Jun-2026,255.0,248.62,256.81,248.62,254.6,254.6,255.93,1306,3.34,50,843.0, 64.55,2026-06-10
QPOWER, BE, 10-Jun-2026,1133.7,1185.0,1185.0,1120.0,1147.0,1147.9,1156.97,235108,2720.14,6923,, -,2026-06-10
QUADFUTURE, EQ, 10-Jun-2026,343.05,342.0,345.9,335.3,340.15,338.4,339.24,205593,697.46,4177,73484.0, 35.74,2026-06-10
QUADPRO, SM, 10-Jun-2026,2.2,2.25,2.3,2.25,2.3,2.25,2.28,24000,0.55,2,24000.0, 100.00,2026-06-10
QUAL30IETF, EQ, 10-Jun-2026,20.49,20.65,20.69,20.37,20.69,20.4,20.56,27120,5.58,203,21057.0, 77.64,2026-06-10
QUALITY30, EQ, 10-Jun-2026,20.15,20.18,20.27,20.0,20.19,20.06,20.14,13545,2.73,37,9837.0, 72.62,2026-06-10
QUESS, EQ, 10-Jun-2026,237.17,239.2,249.9,233.0,240.5,238.11,243.48,1781228,4336.98,24330,523555.0, 29.39,2026-06-10
QUESTLAB, SM, 10-Jun-2026,99.0,99.05,101.95,99.0,100.0,100.0,99.44,111600,110.97,26,103200.0, 92.47,2026-06-10
QUICKHEAL, BE, 10-Jun-2026,173.96,172.01,179.0,172.0,173.0,173.04,175.3,53128,93.13,791,, -,2026-06-10
QUICKTOUCH, SM, 10-Jun-2026,23.85,25.0,25.0,25.0,25.0,25.0,25.0,3000,0.75,5,3000.0, 100.00,2026-06-10
QUINT, EQ, 10-Jun-2026,42.4,42.5,43.65,41.94,43.0,42.95,42.45,6551,2.78,69,4951.0, 75.58,2026-06-10
QVCEL, SM, 10-Jun-2026,22.4,23.5,23.5,23.5,23.5,23.5,23.5,6400,1.5,4,6400.0, 100.00,2026-06-10
RACE, BE, 10-Jun-2026,107.26,106.1,112.5,105.25,110.0,110.0,109.84,31256,34.33,56,, -,2026-06-10
RACLGEAR, EQ, 10-Jun-2026,1251.7,1254.0,1278.0,1228.0,1247.0,1238.8,1250.86,11024,137.9,1453,5049.0, 45.80,2026-06-10
RADAAN, EQ, 10-Jun-2026,3.11,3.15,3.15,3.01,3.03,3.07,3.05,17899,0.55,89,13080.0, 73.08,2026-06-10
RADHIKAJWE, EQ, 10-Jun-2026,56.88,56.88,56.93,55.0,55.82,55.55,56.09,80401,45.1,912,38659.0, 48.08,2026-06-10
RADIANTCMS, EQ, 10-Jun-2026,38.0,38.2,38.64,37.8,38.38,38.23,38.14,77107,29.4,1300,44463.0, 57.66,2026-06-10
RADICO, EQ, 10-Jun-2026,3500.7,3499.9,3509.5,3467.1,3478.2,3477.1,3478.22,119101,4142.59,17803,58847.0, 49.41,2026-06-10
RADIOCITY, EQ, 10-Jun-2026,6.1,6.1,6.4,6.01,6.1,6.1,6.17,93473,5.76,135,88857.0, 95.06,2026-06-10
RADIOWALLA, SM, 10-Jun-2026,28.5,28.0,28.0,27.1,27.1,27.1,27.4,4800,1.32,3,4800.0, 100.00,2026-06-10
RAILTEL, EQ, 10-Jun-2026,311.95,310.0,312.0,300.5,302.0,302.75,305.78,554807,1696.48,12341,236932.0, 42.71,2026-06-10
RAIN, EQ, 10-Jun-2026,203.97,205.4,209.68,196.06,197.8,198.33,203.62,6391604,13014.32,40335,1985473.0, 31.06,2026-06-10
RAINBOW, EQ, 10-Jun-2026,1326.7,1320.0,1354.9,1313.5,1334.8,1340.6,1340.32,127201,1704.89,12627,44621.0, 35.08,2026-06-10
RAJESHEXPO, BZ, 10-Jun-2026,89.11,84.66,84.66,84.66,84.66,84.66,84.66,117590,99.55,1309,, -,2026-06-10
RAJINDLTD, SM, 10-Jun-2026,73.0,73.0,74.0,72.05,72.95,72.95,72.98,12000,8.76,8,10500.0, 87.50,2026-06-10
RAJMET, EQ, 10-Jun-2026,3.8,3.78,3.85,3.77,3.79,3.79,3.8,153766,5.84,483,114478.0, 74.45,2026-06-10
RAJOOENG, EQ, 10-Jun-2026,53.21,54.87,56.23,52.85,53.59,53.74,55.07,438970,241.73,4574,108256.0, 24.66,2026-06-10
RAJPALAYAM, EQ, 10-Jun-2026,821.45,824.3,824.4,801.25,803.0,804.15,814.41,1770,14.42,81,1425.0, 80.51,2026-06-10
RAJPUTANA, SM, 10-Jun-2026,213.0,213.0,213.0,208.1,208.1,208.75,209.64,4000,8.39,6,4000.0, 100.00,2026-06-10
RAJRATAN, EQ, 10-Jun-2026,445.6,446.1,473.95,434.5,444.85,441.45,454.07,160653,729.48,6577,63754.0, 39.68,2026-06-10
RAJRILTD, BE, 10-Jun-2026,20.37,20.37,20.45,19.97,20.28,20.15,20.04,9865,1.98,107,, -,2026-06-10
RAJSREESUG, EQ, 10-Jun-2026,33.4,33.97,33.97,32.2,32.31,32.41,32.9,25859,8.51,504,19555.0, 75.62,2026-06-10
RAJTV, EQ, 10-Jun-2026,11.97,11.61,12.38,11.41,12.0,11.99,11.94,199014,23.77,627,133750.0, 67.21,2026-06-10
RALLIS, EQ, 10-Jun-2026,230.79,231.86,233.39,225.61,228.8,226.99,229.2,305296,699.73,8866,154614.0, 50.64,2026-06-10
RAMANEWS, EQ, 10-Jun-2026,29.03,28.5,30.1,28.5,29.58,29.54,29.27,19011,5.56,133,16769.0, 88.21,2026-06-10
RAMAPHO, EQ, 10-Jun-2026,119.53,119.05,123.45,119.05,121.75,121.01,121.61,60238,73.26,2421,22507.0, 37.36,2026-06-10
RAMASTEEL, EQ, 10-Jun-2026,5.22,5.21,5.28,5.19,5.23,5.21,5.22,5913929,308.45,4387,3834379.0, 64.84,2026-06-10
RAMCOCEM, EQ, 10-Jun-2026,851.65,852.0,855.45,838.3,854.45,851.45,845.58,208224,1760.7,13407,93923.0, 45.11,2026-06-10
RAMCOIND, EQ, 10-Jun-2026,299.25,300.25,302.55,286.1,289.8,287.55,292.81,71844,210.37,1624,47121.0, 65.59,2026-06-10
RAMCOSYS, EQ, 10-Jun-2026,540.55,538.0,573.95,536.55,547.0,542.8,557.11,513781,2862.34,20362,79108.0, 15.40,2026-06-10
RAMKY, EQ, 10-Jun-2026,440.45,435.0,451.0,427.0,430.5,430.65,434.93,88885,386.58,1542,56791.0, 63.89,2026-06-10
RAMRAT, EQ, 10-Jun-2026,368.0,368.0,373.5,358.0,361.35,359.6,365.41,125332,457.98,4765,52314.0, 41.74,2026-06-10
RANASUG, EQ, 10-Jun-2026,12.84,13.08,13.08,12.42,12.51,12.55,12.7,281505,35.76,936,173419.0, 61.60,2026-06-10
RANEHOLDIN, EQ, 10-Jun-2026,1415.3,1408.2,1456.7,1377.0,1379.0,1383.4,1402.69,12121,170.02,1110,7255.0, 59.85,2026-06-10
RAPPID, SM, 10-Jun-2026,230.35,230.5,235.9,230.35,230.35,230.35,231.35,4200,9.72,7,3000.0, 71.43,2026-06-10
RATEGAIN, EQ, 10-Jun-2026,750.5,749.9,790.0,737.0,783.55,783.6,772.94,766286,5922.97,18575,414939.0, 54.15,2026-06-10
RATNAMANI, EQ, 10-Jun-2026,2564.2,2571.9,2572.1,2503.0,2520.0,2516.7,2532.44,66292,1678.81,3014,57076.0, 86.10,2026-06-10
RATNAVEER, EQ, 10-Jun-2026,167.38,167.5,169.6,162.0,163.5,163.0,165.0,349871,577.3,4411,202043.0, 57.75,2026-06-10
RAYMOND, EQ, 10-Jun-2026,536.0,537.9,565.0,537.9,558.0,552.9,554.72,1148209,6369.29,24972,412546.0, 35.93,2026-06-10
RAYMONDLSL, EQ, 10-Jun-2026,780.6,772.05,782.05,752.2,758.5,756.2,769.05,123375,948.81,6247,58839.0, 47.69,2026-06-10
RAYMONDREL, EQ, 10-Jun-2026,589.5,595.0,604.6,571.8,576.05,577.05,591.1,371163,2193.93,10952,105470.0, 28.42,2026-06-10
RBA, EQ, 10-Jun-2026,68.71,68.73,68.94,68.02,68.14,68.2,68.51,2056050,1408.59,8008,1558698.0, 75.81,2026-06-10
RBLBANK, EQ, 10-Jun-2026,361.0,361.0,362.9,354.8,358.25,356.95,359.57,5685303,20442.4,45217,2107184.0, 37.06,2026-06-10
RBMINFRA, SM, 10-Jun-2026,318.0,323.8,323.8,305.1,311.8,307.85,309.34,11200,34.65,51,7000.0, 62.50,2026-06-10
RBS, ST, 10-Jun-2026,90.0,89.5,89.5,85.5,85.5,87.6,88.0,4000,3.52,5,4000.0, 100.00,2026-06-10
RBZJEWEL, EQ, 10-Jun-2026,135.68,135.68,137.0,131.67,133.34,134.44,134.2,48938,65.68,1106,28140.0, 57.50,2026-06-10
RCF, EQ, 10-Jun-2026,125.85,127.7,130.6,124.12,125.6,125.66,127.82,3106282,3970.51,29478,664895.0, 21.40,2026-06-10
RCOM, BE, 10-Jun-2026,0.97,0.97,0.98,0.93,0.95,0.94,0.95,2869873,27.28,1884,, -,2026-06-10
READYMIX, SM, 10-Jun-2026,78.0,78.0,78.0,78.0,78.0,78.0,78.0,1000,0.78,1,1000.0, 100.00,2026-06-10
RECLTD, EQ, 10-Jun-2026,352.1,352.0,354.8,347.8,348.45,348.8,350.87,4341800,15234.02,41693,2256696.0, 51.98,2026-06-10
REDINGTON, EQ, 10-Jun-2026,240.3,240.25,240.25,228.8,230.24,229.74,233.44,2447657,5713.75,34681,915574.0, 37.41,2026-06-10
REDTAPE, EQ, 10-Jun-2026,133.81,137.7,137.7,129.02,132.0,130.85,131.9,480075,633.21,6658,229793.0, 47.87,2026-06-10
REFEX, EQ, 10-Jun-2026,309.25,309.0,315.45,302.0,303.75,303.3,308.24,653084,2013.07,11496,249037.0, 38.13,2026-06-10
REFRACTORY, SM, 10-Jun-2026,32.0,32.0,32.0,32.0,32.0,32.0,32.0,1000,0.32,1,1000.0, 100.00,2026-06-10
REGAAL, BE, 10-Jun-2026,83.5,83.35,84.35,80.0,81.99,81.23,82.65,56279,46.52,350,, -,2026-06-10
REGENCERAM, EQ, 10-Jun-2026,39.76,40.8,42.0,40.0,40.8,40.75,40.81,120,0.05,5,102.0, 85.00,2026-06-10
RELAXO, EQ, 10-Jun-2026,347.1,348.8,354.2,339.1,341.0,344.6,346.95,324888,1127.2,19421,81398.0, 25.05,2026-06-10
RELCHEMQ, EQ, 10-Jun-2026,122.9,121.5,122.87,120.53,121.8,121.79,121.39,1321,1.6,93,784.0, 59.35,2026-06-10
RELIABLE, EQ, 10-Jun-2026,141.41,142.0,144.59,138.04,142.5,142.54,142.26,39090,55.61,896,16012.0, 40.96,2026-06-10
RELIANCE, EQ, 10-Jun-2026,1269.2,1275.0,1300.5,1254.4,1258.7,1258.8,1274.15,21012796,267734.75,307301,9317948.0, 44.34,2026-06-10
RELIGARE, EQ, 10-Jun-2026,226.7,225.11,232.99,225.1,228.9,228.17,229.1,620259,1420.98,11562,297605.0, 47.98,2026-06-10
RELTD, EQ, 10-Jun-2026,128.63,129.0,130.82,125.2,127.0,126.93,128.07,198354,254.03,3436,69978.0, 35.28,2026-06-10
REMSONSIND, EQ, 10-Jun-2026,81.1,82.39,83.19,81.61,81.85,81.93,82.36,81550,67.17,1368,46561.0, 57.10,2026-06-10
REMUS, SM, 10-Jun-2026,690.25,694.0,694.0,680.0,680.0,680.5,686.23,2400,16.47,22,2300.0, 95.83,2026-06-10
RENUKA, EQ, 10-Jun-2026,22.09,22.09,22.3,21.75,21.84,21.84,21.99,3275334,720.27,7355,1400020.0, 42.74,2026-06-10
REPCOHOME, EQ, 10-Jun-2026,374.0,375.85,387.1,368.85,374.1,374.1,374.68,131965,494.45,4731,70925.0, 53.75,2026-06-10
REPL, EQ, 10-Jun-2026,73.42,73.46,78.8,73.45,73.45,73.84,76.43,6366,4.87,146,5406.0, 84.92,2026-06-10
REPRO, EQ, 10-Jun-2026,359.85,367.0,367.0,352.0,352.05,354.3,356.15,3411,12.15,306,2134.0, 62.56,2026-06-10
RESPONIND, EQ, 10-Jun-2026,171.41,171.41,172.0,163.52,165.0,164.99,166.8,52749,87.99,1496,31140.0, 59.03,2026-06-10
RETAIL, EQ, 10-Jun-2026,17.12,17.7,18.49,17.35,17.35,17.43,17.6,8485,1.49,133,5801.0, 68.37,2026-06-10
REXPRO, SM, 10-Jun-2026,39.35,38.65,39.4,38.65,39.4,39.4,39.03,2000,0.78,2,2000.0, 100.00,2026-06-10
RFBL, SM, 10-Jun-2026,72.3,73.1,73.5,73.05,73.05,73.15,73.14,27000,19.75,9,12000.0, 44.44,2026-06-10
RGL, EQ, 10-Jun-2026,100.07,100.0,100.4,92.8,96.6,96.14,95.72,1112179,1064.53,7293,467990.0, 42.08,2026-06-10
RHETAN, EQ, 10-Jun-2026,30.44,30.4,30.97,30.28,30.8,30.83,30.8,3295952,1015.1,1925,1848475.0, 56.08,2026-06-10
RHFL, BZ, 10-Jun-2026,2.18,2.21,2.21,2.1,2.17,2.18,2.16,599949,12.97,801,, -,2026-06-10
RHIM, EQ, 10-Jun-2026,382.6,374.0,384.5,365.2,368.0,368.85,370.81,289411,1073.17,14029,89666.0, 30.98,2026-06-10
RHL, EQ, 10-Jun-2026,184.0,182.0,184.0,177.0,183.0,178.16,179.22,736,1.32,20,579.0, 78.67,2026-06-10
RICHA, ST, 10-Jun-2026,91.45,93.0,93.0,90.0,92.65,92.65,90.6,22000,19.93,13,21000.0, 95.45,2026-06-10
RICOAUTO, EQ, 10-Jun-2026,133.58,134.6,141.8,130.76,134.5,134.76,137.73,10656749,14677.18,64768,2031559.0, 19.06,2026-06-10
RIIL, EQ, 10-Jun-2026,778.1,775.0,817.0,773.1,779.8,792.1,794.76,339967,2701.92,14213,72681.0, 21.38,2026-06-10
RIIT, IV, 10-Jun-2026,111.29,111.5,112.19,110.98,111.42,111.46,111.83,274646,307.13,2653,246776.0, 89.85,2026-06-10
RILINFRA, SM, 10-Jun-2026,34.9,36.0,36.0,34.6,35.25,35.3,35.31,1700,0.6,16,1500.0, 88.24,2026-06-10
RISHABH, EQ, 10-Jun-2026,525.2,530.65,558.9,524.05,532.0,533.8,544.95,281566,1534.38,9231,132098.0, 46.92,2026-06-10
RITCO, EQ, 10-Jun-2026,253.55,254.1,256.0,245.15,250.75,249.0,249.04,63858,159.03,1785,35609.0, 55.76,2026-06-10
RITES, EQ, 10-Jun-2026,204.42,205.1,205.89,202.18,202.5,202.78,203.2,324152,658.69,9612,145853.0, 45.00,2026-06-10
RKDL, EQ, 10-Jun-2026,19.39,19.01,19.99,19.01,19.15,19.15,19.41,17494,3.39,162,9149.0, 52.30,2026-06-10
RKEC, EQ, 10-Jun-2026,29.99,30.57,30.66,30.0,30.0,30.1,30.17,10052,3.03,101,8789.0, 87.44,2026-06-10
RKFORGE, EQ, 10-Jun-2026,541.8,544.25,571.5,543.95,558.9,556.1,561.3,665168,3733.61,23274,248503.0, 37.36,2026-06-10
RKSWAMY, EQ, 10-Jun-2026,101.39,102.99,102.99,97.6,99.85,98.24,99.32,18722,18.59,607,12935.0, 69.09,2026-06-10
RMC, BE, 10-Jun-2026,315.75,319.0,319.0,300.0,300.0,300.0,306.68,19768,60.62,417,, -,2026-06-10
RMDRIP, EQ, 10-Jun-2026,16.05,16.42,16.85,16.41,16.85,16.85,16.82,364657,61.35,478,308629.0, 84.64,2026-06-10
RML, EQ, 10-Jun-2026,927.5,927.5,930.75,900.3,913.5,907.7,912.73,8342,76.14,741,4834.0, 57.95,2026-06-10
RNBDENIMS, EQ, 10-Jun-2026,9.29,9.4,9.75,9.03,9.75,9.75,9.48,694743,65.87,873,502398.0, 72.31,2026-06-10
RNFI, SM, 10-Jun-2026,248.05,248.0,252.0,244.0,249.0,249.0,247.88,8400,20.82,13,6600.0, 78.57,2026-06-10
RNPL, SM, 10-Jun-2026,85.65,81.4,81.4,81.4,81.4,81.4,81.4,16800,13.68,13,13200.0, 78.57,2026-06-10
ROCKINGDCE, SM, 10-Jun-2026,195.0,200.95,202.0,200.95,202.0,201.5,201.49,1000,2.01,4,1000.0, 100.00,2026-06-10
ROHLTD, EQ, 10-Jun-2026,320.3,322.7,322.7,310.05,317.5,312.35,314.86,24296,76.5,1065,12361.0, 50.88,2026-06-10
ROLEXRINGS, EQ, 10-Jun-2026,141.5,141.5,143.24,139.01,139.4,139.53,141.15,965193,1362.39,8205,473522.0, 49.06,2026-06-10
ROLLT, BE, 10-Jun-2026,2.43,2.5,2.55,2.35,2.55,2.55,2.53,420713,10.64,215,, -,2026-06-10
ROML, EQ, 10-Jun-2026,46.42,46.5,46.5,45.51,45.6,45.61,45.6,1467,0.67,19,1410.0, 96.11,2026-06-10
ROSSARI, EQ, 10-Jun-2026,515.6,517.0,517.0,505.2,505.2,510.4,511.35,43714,223.53,2541,20627.0, 47.19,2026-06-10
ROSSELLIND, EQ, 10-Jun-2026,54.47,54.2,56.38,54.2,55.0,54.55,54.6,34190,18.67,613,21868.0, 63.96,2026-06-10
ROSSTECH, EQ, 10-Jun-2026,1050.3,1057.7,1064.9,1010.0,1013.0,1017.2,1022.98,67723,692.79,4949,24844.0, 36.68,2026-06-10
ROTO, EQ, 10-Jun-2026,61.4,61.91,62.08,59.53,60.47,60.32,60.83,301045,183.13,2364,164240.0, 54.56,2026-06-10
ROUTE, EQ, 10-Jun-2026,533.05,533.05,534.9,517.0,520.8,518.35,523.98,82762,433.66,3980,50057.0, 60.48,2026-06-10
ROXHITECH, ST, 10-Jun-2026,33.15,34.7,34.7,34.7,34.7,34.7,34.7,1600,0.56,1,1600.0, 100.00,2026-06-10
RPEL, EQ, 10-Jun-2026,1170.5,1166.05,1210.0,1144.6,1165.0,1150.6,1175.19,225879,2654.51,15347,99326.0, 43.97,2026-06-10
RPGLIFE, EQ, 10-Jun-2026,2117.1,2121.0,2138.9,2090.4,2125.7,2108.2,2115.9,4836,102.33,1234,2862.0, 59.18,2026-06-10
RPOWER, EQ, 10-Jun-2026,27.78,27.7,28.1,26.32,26.6,26.67,27.13,40894457,11093.86,52049,12811061.0, 31.33,2026-06-10
RPPINFRA, EQ, 10-Jun-2026,61.57,62.39,62.39,59.8,61.02,60.15,60.59,38102,23.09,946,20140.0, 52.86,2026-06-10
RPPL, EQ, 10-Jun-2026,17.78,18.0,18.37,17.8,18.0,17.85,17.9,22830,4.09,97,21013.0, 92.04,2026-06-10
RPSGVENT, EQ, 10-Jun-2026,882.0,882.0,899.5,861.15,861.15,868.5,879.75,13978,122.97,786,8201.0, 58.67,2026-06-10
RPTECH, EQ, 10-Jun-2026,552.65,559.5,559.5,526.1,534.0,529.15,538.06,133374,717.64,5876,67124.0, 50.33,2026-06-10
RRIL, EQ, 10-Jun-2026,20.42,20.5,20.6,20.17,20.3,20.24,20.47,116614,23.87,110,105244.0, 90.25,2026-06-10
RRKABEL, EQ, 10-Jun-2026,2177.0,2177.0,2207.4,2125.1,2156.0,2167.5,2164.45,391527,8474.39,35830,188949.0, 48.26,2026-06-10
RSDFIN, EQ, 10-Jun-2026,78.0,85.99,85.99,77.0,79.8,79.8,81.67,413,0.34,22,340.0, 82.32,2026-06-10
RSL, EQ, 10-Jun-2026,130.25,130.65,131.18,126.85,127.9,128.02,128.67,82684,106.39,909,51424.0, 62.19,2026-06-10
RSSOFTWARE, BE, 10-Jun-2026,32.21,32.49,32.49,31.5,31.7,31.84,32.0,23549,7.54,75,, -,2026-06-10
RSWM, EQ, 10-Jun-2026,213.4,222.99,224.0,201.15,207.0,205.85,214.2,501411,1074.02,9051,159622.0, 31.83,2026-06-10
RSYSTEMS, EQ, 10-Jun-2026,247.35,247.75,249.45,239.45,240.3,240.65,244.17,109161,266.54,3758,56277.0, 51.55,2026-06-10
RTL, ST, 10-Jun-2026,81.1,84.7,85.0,83.0,84.75,84.75,84.36,8000,6.75,4,8000.0, 100.00,2026-06-10
RTNINDIA, EQ, 10-Jun-2026,37.37,37.37,37.64,35.4,35.88,35.57,36.17,2415637,873.74,13861,953410.0, 39.47,2026-06-10
RTNPOWER, EQ, 10-Jun-2026,9.44,9.45,9.54,9.14,9.19,9.19,9.28,13038924,1210.08,13080,6204453.0, 47.58,2026-06-10
RUBFILA, EQ, 10-Jun-2026,72.43,73.0,74.0,71.0,71.0,71.04,72.07,24144,17.4,354,17055.0, 70.64,2026-06-10
RUBICON, EQ, 10-Jun-2026,1170.5,1178.7,1229.9,1165.6,1192.4,1188.1,1197.02,378426,4529.84,32882,110225.0, 29.13,2026-06-10
RUBYMILLS, BE, 10-Jun-2026,344.7,347.8,361.9,344.7,353.0,353.25,355.27,62684,222.7,779,, -,2026-06-10
RUCHINFRA, EQ, 10-Jun-2026,6.27,6.2,6.27,6.1,6.17,6.15,6.16,109358,6.74,296,93970.0, 85.93,2026-06-10
RUCHIRA, EQ, 10-Jun-2026,112.49,112.97,113.35,111.41,112.79,112.38,112.7,12213,13.76,301,8511.0, 69.69,2026-06-10
RUDRA, BE, 10-Jun-2026,17.69,17.61,17.89,17.52,17.74,17.73,17.67,12488,2.21,54,, -,2026-06-10
RULKA, SM, 10-Jun-2026,92.95,89.1,94.7,89.1,91.7,91.7,91.74,2100,1.93,7,1500.0, 71.43,2026-06-10
RUPA, EQ, 10-Jun-2026,149.84,150.34,151.53,146.1,146.1,146.62,148.28,49361,73.19,1275,26264.0, 53.21,2026-06-10
RUSHIL, EQ, 10-Jun-2026,15.28,15.45,15.59,14.61,14.61,14.73,15.03,721566,108.47,1014,406939.0, 56.40,2026-06-10
RUSTOMJEE, EQ, 10-Jun-2026,381.95,382.0,388.65,378.55,379.0,381.05,381.88,15569,59.46,1554,7256.0, 46.61,2026-06-10
RVHL, EQ, 10-Jun-2026,44.92,45.1,51.27,45.1,49.0,48.64,48.9,172793,84.5,1586,80969.0, 46.86,2026-06-10
RVNL, EQ, 10-Jun-2026,233.89,234.5,235.6,227.56,228.29,228.17,230.75,5304890,12241.13,47900,1651439.0, 31.13,2026-06-10
RVTH, EQ, 10-Jun-2026,698.0,698.0,718.75,687.45,688.0,688.25,692.65,1266,8.77,62,1149.0, 90.76,2026-06-10
S&SPOWER, BE, 10-Jun-2026,408.5,411.0,428.75,411.0,424.7,416.45,423.35,9219,39.03,121,, -,2026-06-10
SAAKSHI, SM, 10-Jun-2026,252.95,251.25,251.25,245.0,245.0,245.0,247.62,10800,26.74,17,9600.0, 88.89,2026-06-10
SAATVIKGL, EQ, 10-Jun-2026,468.4,467.25,474.2,461.95,469.5,468.3,468.07,62524,292.66,3833,34377.0, 54.98,2026-06-10
SABAR, SM, 10-Jun-2026,5.6,5.85,5.85,5.8,5.8,5.8,5.83,30000,1.75,6,30000.0, 100.00,2026-06-10
SABEVENTS, BE, 10-Jun-2026,7.09,7.06,7.08,6.8,6.86,6.86,7.0,24367,1.7,21,, -,2026-06-10
SACHEEROME, SM, 10-Jun-2026,349.0,350.7,350.7,331.0,335.75,335.9,337.24,12600,42.49,40,8700.0, 69.05,2026-06-10
SADBHAV, EQ, 10-Jun-2026,9.25,9.25,10.1,8.66,10.0,9.4,9.36,384031,35.96,439,322286.0, 83.92,2026-06-10
SADBHIN, EQ, 10-Jun-2026,3.09,3.06,3.2,3.0,3.18,3.16,3.12,318625,9.93,254,265530.0, 83.34,2026-06-10
SADHAV, SM, 10-Jun-2026,121.0,121.0,122.95,120.0,120.0,120.0,121.51,10200,12.39,15,7200.0, 70.59,2026-06-10
SADHNANIQ, BE, 10-Jun-2026,2.31,2.29,2.29,2.27,2.27,2.27,2.27,698413,15.88,337,, -,2026-06-10
SAFARI, EQ, 10-Jun-2026,1571.1,1579.0,1617.9,1550.0,1555.0,1555.1,1578.4,30653,483.83,5080,10527.0, 34.34,2026-06-10
SAFEENTP, SM, 10-Jun-2026,267.4,270.0,279.85,268.0,274.0,272.95,274.08,49500,135.67,93,31500.0, 63.64,2026-06-10
SAGARDEEP, EQ, 10-Jun-2026,25.26,25.29,25.5,24.81,24.81,24.82,25.06,1612,0.4,42,1388.0, 86.10,2026-06-10
SAGCEM, EQ, 10-Jun-2026,172.98,172.05,175.0,171.36,172.24,171.95,172.68,69496,120.01,1841,48364.0, 69.59,2026-06-10
SAGILITY, EQ, 10-Jun-2026,40.01,40.1,40.55,39.72,40.1,40.14,40.16,11131522,4470.51,32008,5945722.0, 53.41,2026-06-10
SAHAJSOLAR, SM, 10-Jun-2026,133.0,132.0,132.0,128.8,129.0,129.15,130.26,11600,15.11,27,10000.0, 86.21,2026-06-10
SAHANA, SM, 10-Jun-2026,734.55,736.0,765.0,730.0,730.0,731.05,743.58,9375,69.71,71,7625.0, 81.33,2026-06-10
SAHASRA, ST, 10-Jun-2026,296.4,298.0,298.0,282.6,288.0,285.8,287.33,29200,83.9,63,24000.0, 82.19,2026-06-10
SAHLIBHFI, EQ, 10-Jun-2026,77.89,77.89,77.89,75.51,75.6,76.39,75.99,3032,2.3,90,2602.0, 85.82,2026-06-10
SAHYADRI, EQ, 10-Jun-2026,274.5,272.1,274.5,267.1,271.7,268.65,271.52,2518,6.84,182,1948.0, 77.36,2026-06-10
SAIFL, SM, 10-Jun-2026,5.1,5.15,5.2,5.05,5.05,5.05,5.11,320000,16.35,66,244000.0, 76.25,2026-06-10
SAIL, EQ, 10-Jun-2026,185.99,186.0,186.77,180.89,181.98,181.72,183.11,10702500,19597.51,57246,4290542.0, 40.09,2026-06-10
SAILIFE, EQ, 10-Jun-2026,1229.7,1235.6,1239.5,1164.5,1181.2,1188.1,1221.52,636693,7777.33,24338,378078.0, 59.38,2026-06-10
SAIPARENT, EQ, 10-Jun-2026,560.05,562.85,573.8,546.65,552.0,550.65,559.21,248463,1389.43,5431,153400.0, 61.74,2026-06-10
SAJHOTELS, SM, 10-Jun-2026,36.0,36.0,36.0,36.0,36.0,36.0,36.0,2000,0.72,1,2000.0, 100.00,2026-06-10
SAKAR, EQ, 10-Jun-2026,813.6,817.2,852.0,817.2,840.1,839.0,839.28,253504,2127.61,8385,138373.0, 54.58,2026-06-10
SAKHTISUG, EQ, 10-Jun-2026,17.54,17.66,17.78,17.18,17.2,17.3,17.42,57635,10.04,386,37934.0, 65.82,2026-06-10
SAKSOFT, EQ, 10-Jun-2026,140.77,141.0,143.1,138.51,141.75,142.28,140.99,193697,273.08,3102,86449.0, 44.63,2026-06-10
SAKUMA, BE, 10-Jun-2026,1.92,1.95,1.96,1.86,1.91,1.91,1.93,661325,12.74,702,, -,2026-06-10
SALASAR, EQ, 10-Jun-2026,6.82,6.86,6.92,6.75,6.8,6.77,6.82,1826844,124.57,2640,958888.0, 52.49,2026-06-10
SALONA, EQ, 10-Jun-2026,268.85,268.7,273.9,264.05,269.95,266.65,268.97,212,0.57,19,198.0, 93.40,2026-06-10
SALSTEEL, BE, 10-Jun-2026,59.52,58.99,60.79,58.51,58.9,59.21,59.6,94098,56.09,285,, -,2026-06-10
SALZERELEC, EQ, 10-Jun-2026,645.95,645.95,657.0,632.0,633.0,634.15,643.23,46234,297.39,2427,18621.0, 40.28,2026-06-10
SAMBHAAV, EQ, 10-Jun-2026,6.38,6.44,6.58,6.08,6.3,6.26,6.25,15739,0.98,75,11933.0, 75.82,2026-06-10
SAMBHV, EQ, 10-Jun-2026,106.36,106.4,107.37,104.25,104.8,104.75,105.65,384814,406.55,3757,232629.0, 60.45,2026-06-10
SAMHI, EQ, 10-Jun-2026,160.66,162.0,162.0,158.28,160.0,159.94,159.97,665526,1064.62,18208,452018.0, 67.92,2026-06-10
SAMMAANCAP, EQ, 10-Jun-2026,180.65,181.19,181.19,173.36,173.9,174.02,176.61,8813802,15566.07,37446,3565613.0, 40.45,2026-06-10
SAMPANN, EQ, 10-Jun-2026,27.26,27.5,27.7,26.73,26.73,26.8,27.06,19146,5.18,141,16333.0, 85.31,2026-06-10
SANATHAN, EQ, 10-Jun-2026,419.75,412.8,429.75,412.0,412.0,414.3,419.89,9776,41.05,403,7129.0, 72.92,2026-06-10
SANDESH, EQ, 10-Jun-2026,946.9,942.2,969.4,908.8,930.0,928.7,927.54,1138,10.56,202,798.0, 70.12,2026-06-10
SANDHAR, EQ, 10-Jun-2026,708.9,715.85,742.9,710.0,718.6,718.45,726.71,791992,5755.48,25939,245212.0, 30.96,2026-06-10
SANDUMA, EQ, 10-Jun-2026,218.59,217.67,218.3,209.02,211.0,210.05,211.87,1156169,2449.61,15939,575552.0, 49.78,2026-06-10
SANGAMIND, EQ, 10-Jun-2026,531.45,531.45,549.95,525.0,529.0,528.15,533.03,29569,157.61,1549,18023.0, 60.95,2026-06-10
SANGANI, SM, 10-Jun-2026,45.0,42.75,44.75,42.75,44.75,44.75,43.15,7500,3.24,5,6000.0, 80.00,2026-06-10
SANGHVIMOV, EQ, 10-Jun-2026,391.7,395.4,399.5,374.35,377.8,376.35,384.71,405968,1561.79,9385,196477.0, 48.40,2026-06-10
SANGINITA, BE, 10-Jun-2026,32.84,33.49,33.49,33.49,33.49,33.49,33.49,52089,17.44,108,, -,2026-06-10
SANOFI, EQ, 10-Jun-2026,3151.8,3175.0,3232.3,3166.9,3180.0,3176.6,3195.99,14498,463.36,3738,7034.0, 48.52,2026-06-10
SANOFICONR, EQ, 10-Jun-2026,4713.3,4718.8,4731.2,4660.0,4718.0,4675.0,4693.29,1391,65.28,445,887.0, 63.77,2026-06-10
SANSERA, EQ, 10-Jun-2026,2961.4,2980.0,2989.0,2861.1,2899.0,2881.3,2911.2,228544,6653.37,30761,107987.0, 47.25,2026-06-10
SANSTAR, EQ, 10-Jun-2026,113.61,113.12,116.69,112.2,115.37,115.52,114.86,423751,486.71,5015,145985.0, 34.45,2026-06-10
SANWARIA, BZ, 10-Jun-2026,0.22,0.22,0.23,0.21,0.22,0.22,0.22,825046,1.79,178,, -,2026-06-10
SAPPHIRE, EQ, 10-Jun-2026,177.25,178.2,183.23,173.11,174.5,174.9,179.19,5851860,10486.1,23121,4111233.0, 70.26,2026-06-10
SAPPL, EQ, 10-Jun-2026,288.95,299.0,299.0,287.0,287.0,287.0,290.71,20,0.06,4,19.0, 95.00,2026-06-10
SARDAEN, EQ, 10-Jun-2026,532.95,532.95,536.2,523.15,526.0,524.3,527.11,176238,928.98,7998,93762.0, 53.20,2026-06-10
SAREGAMA, EQ, 10-Jun-2026,449.3,449.3,453.45,435.45,438.0,438.05,446.67,647593,2892.59,15454,144989.0, 22.39,2026-06-10
SARLAPOLY, EQ, 10-Jun-2026,100.46,100.46,100.9,98.1,98.3,98.97,99.57,99517,99.09,1067,73921.0, 74.28,2026-06-10
SARTELE, SM, 10-Jun-2026,119.15,121.0,121.0,115.5,115.85,115.95,117.13,58500,68.52,110,34500.0, 58.97,2026-06-10
SARVESHWAR, BE, 10-Jun-2026,3.67,3.71,3.71,3.5,3.53,3.52,3.58,1274224,45.66,1789,, -,2026-06-10
SASKEN, EQ, 10-Jun-2026,2314.4,2336.4,2440.0,2225.5,2252.0,2261.6,2338.89,187681,4389.66,19774,45376.0, 24.18,2026-06-10
SATIA, EQ, 10-Jun-2026,54.71,55.99,55.99,52.62,53.72,53.49,54.36,172747,93.91,1868,73193.0, 42.37,2026-06-10
SATIN, EQ, 10-Jun-2026,242.1,244.75,244.75,230.0,234.8,233.83,236.89,451865,1070.42,7512,199529.0, 44.16,2026-06-10
SATIPOLY, SM, 10-Jun-2026,39.8,41.0,41.75,40.95,40.95,40.95,41.3,3500,1.45,6,2000.0, 57.14,2026-06-10
SATKARTAR, ST, 10-Jun-2026,160.2,160.2,168.2,152.2,165.0,165.0,158.64,38400,60.92,41,36800.0, 95.83,2026-06-10
SATTVAENGG, SM, 10-Jun-2026,63.0,65.35,65.35,61.7,64.95,64.95,64.0,4800,3.07,3,1600.0, 33.33,2026-06-10
SAURASHCEM, EQ, 10-Jun-2026,58.23,58.03,58.5,57.47,57.95,57.61,57.91,65848,38.13,732,43012.0, 65.32,2026-06-10
SAVY, SM, 10-Jun-2026,135.0,139.95,139.95,139.95,139.95,139.95,139.95,2400,3.36,2,0.0, 0.00,2026-06-10
SAWALIYA, SM, 10-Jun-2026,289.9,303.75,303.75,270.0,280.0,282.75,284.04,76200,216.43,78,56400.0, 74.02,2026-06-10
SBC, EQ, 10-Jun-2026,37.04,37.2,37.3,36.66,36.75,36.83,37.05,10802540,4002.64,4750,3385644.0, 31.34,2026-06-10
SBCL, EQ, 10-Jun-2026,731.3,731.3,739.5,710.0,714.0,714.5,719.98,313484,2257.03,15453,185029.0, 59.02,2026-06-10
SBFC, EQ, 10-Jun-2026,91.79,91.95,92.58,91.12,91.12,91.63,91.98,206073,189.54,3867,95056.0, 46.13,2026-06-10
SBGLP, EQ, 10-Jun-2026,25.08,25.15,26.85,25.1,26.2,26.3,25.97,78069,20.28,617,57473.0, 73.62,2026-06-10
SBIBPB, EQ, 10-Jun-2026,49.41,49.65,49.82,48.38,49.39,48.86,49.23,745568,367.04,718,686346.0, 92.06,2026-06-10
SBICARD, EQ, 10-Jun-2026,584.95,585.6,591.5,579.15,579.15,580.7,585.92,434413,2545.3,16285,162288.0, 37.36,2026-06-10
SBIETFCON, EQ, 10-Jun-2026,114.74,116.45,116.48,114.18,114.53,114.48,115.29,5157,5.95,221,3086.0, 59.84,2026-06-10
SBIETFIT, EQ, 10-Jun-2026,315.96,319.97,319.97,312.67,319.8,313.18,315.82,6005,18.96,348,2973.0, 49.51,2026-06-10
SBIETFPB, EQ, 10-Jun-2026,270.19,274.89,274.89,270.6,272.9,272.67,272.37,8590,23.4,235,5757.0, 67.02,2026-06-10
SBIETFQLTY, EQ, 10-Jun-2026,216.2,216.4,217.92,214.46,215.27,215.06,216.07,554,1.2,49,507.0, 91.52,2026-06-10
SBILIFE, EQ, 10-Jun-2026,1769.1,1756.9,1774.0,1722.2,1728.0,1728.7,1756.47,1149490,20190.46,45193,692078.0, 60.21,2026-06-10
SBILIQETF, EQ, 10-Jun-2026,1042.31,1042.47,1042.47,1042.45,1042.47,1042.47,1042.46,7481,77.99,32,5154.0, 68.89,2026-06-10
SBIMIDMOM, EQ, 10-Jun-2026,61.76,62.06,62.7,61.2,61.2,61.32,61.76,13892,8.58,92,8258.0, 59.44,2026-06-10
SBIN, EQ, 10-Jun-2026,1002.7,1002.7,1012.4,999.5,1000.85,1003.25,1006.59,19122317,192483.43,215158,13087660.0, 68.44,2026-06-10
SBINEQWETF, EQ, 10-Jun-2026,32.22,32.39,32.51,31.9,32.03,32.12,32.42,82087,26.61,338,38009.0, 46.30,2026-06-10
SBINMID150, EQ, 10-Jun-2026,22.29,22.4,22.54,21.83,21.83,21.98,22.25,34819,7.75,141,27401.0, 78.70,2026-06-10
SBISILVER, EQ, 10-Jun-2026,237.53,229.9,229.9,225.09,226.1,226.25,226.91,2854775,6477.89,17966,1478432.0, 51.79,2026-06-10
SBISMLETF, EQ, 10-Jun-2026,16.9,16.9,17.04,16.81,16.84,16.81,16.97,74304,12.61,75,74279.0, 99.97,2026-06-10
SBIVALETF, EQ, 10-Jun-2026,15.33,15.53,15.53,15.03,15.12,15.03,15.2,11226,1.71,66,4828.0, 43.01,2026-06-10
SCANSTL, EQ, 10-Jun-2026,36.07,36.5,37.5,34.58,35.0,34.97,35.62,52461,18.69,325,41411.0, 78.94,2026-06-10
SCHAEFFLER, EQ, 10-Jun-2026,4081.0,4072.0,4078.4,3990.0,4000.0,4009.9,4032.22,20613,831.16,4255,10594.0, 51.39,2026-06-10
SCHAND, EQ, 10-Jun-2026,146.08,146.96,148.75,145.25,145.43,146.06,146.83,36556,53.67,1390,21168.0, 57.91,2026-06-10
SCHNEIDER, EQ, 10-Jun-2026,1097.8,1099.9,1120.2,1076.2,1085.0,1082.9,1092.97,508589,5558.74,40325,265224.0, 52.15,2026-06-10
SCI, EQ, 10-Jun-2026,297.15,297.7,300.0,286.25,287.2,287.5,291.5,3553111,10357.2,31066,1354848.0, 38.13,2026-06-10
SCILAL, EQ, 10-Jun-2026,44.79,45.08,45.08,43.8,44.49,44.06,44.36,208983,92.7,1462,99191.0, 47.46,2026-06-10
SCML, SM, 10-Jun-2026,77.25,77.25,77.25,77.25,77.25,77.25,77.25,1000,0.77,1,1000.0, 100.00,2026-06-10
SCODATUBES, EQ, 10-Jun-2026,124.63,125.0,125.4,120.36,121.0,121.12,122.3,148378,181.46,1580,110841.0, 74.70,2026-06-10
SCPL, BE, 10-Jun-2026,445.55,445.55,461.0,444.0,446.45,445.1,448.37,4740,21.25,140,, -,2026-06-10
SDBL, EQ, 10-Jun-2026,74.39,74.59,74.59,71.05,71.65,71.53,72.6,429685,311.94,3846,243528.0, 56.68,2026-06-10
SEAMECLTD, EQ, 10-Jun-2026,1612.8,1620.9,1629.9,1574.0,1597.0,1584.8,1603.19,27619,442.78,2940,15798.0, 57.20,2026-06-10
SECMARK, EQ, 10-Jun-2026,121.18,127.0,130.0,121.1,127.0,127.71,127.09,909,1.16,47,771.0, 84.82,2026-06-10
SECURKLOUD, EQ, 10-Jun-2026,20.49,20.99,21.0,19.95,20.44,20.41,20.51,10888,2.23,136,8830.0, 81.10,2026-06-10
SEDEMAC, EQ, 10-Jun-2026,2624.9,2622.0,2677.9,2530.0,2553.7,2544.7,2606.87,269583,7027.69,26951,102522.0, 38.03,2026-06-10
SEIL, EQ, 10-Jun-2026,198.73,201.0,207.67,195.0,198.0,197.2,202.29,674578,1364.58,10926,311758.0, 46.22,2026-06-10
SEJALLTD, BE, 10-Jun-2026,667.8,643.05,701.15,634.45,701.15,686.25,654.16,34595,226.31,577,, -,2026-06-10
SEL, ST, 10-Jun-2026,185.4,184.0,194.65,184.0,194.65,194.65,192.51,1000,1.93,5,1000.0, 100.00,2026-06-10
SELECTIPO, EQ, 10-Jun-2026,42.89,42.92,43.06,42.31,42.45,42.41,42.66,18098,7.72,93,9869.0, 54.53,2026-06-10
SELMC, EQ, 10-Jun-2026,29.82,30.85,31.49,29.3,31.3,29.85,29.81,20992,6.26,145,16697.0, 79.54,2026-06-10
SEMAC, BE, 10-Jun-2026,334.8,320.0,320.0,318.1,318.1,318.1,318.36,471,1.5,24,, -,2026-06-10
SENCO, EQ, 10-Jun-2026,345.7,348.0,348.6,328.1,332.65,330.2,335.8,730349,2452.48,13006,455526.0, 62.37,2026-06-10
SENORES, EQ, 10-Jun-2026,1094.5,1105.4,1150.0,1081.9,1122.0,1112.6,1125.06,491501,5529.66,31529,214085.0, 43.56,2026-06-10
SENSEXADD, EQ, 10-Jun-2026,75.86,77.38,77.38,75.81,76.19,75.9,76.23,15397,11.74,48,10631.0, 69.05,2026-06-10
SENSEXBETA, EQ, 10-Jun-2026,816.31,817.0,823.74,816.01,823.5,820.47,820.87,1141,9.37,99,774.0, 67.84,2026-06-10
SENSEXETF, EQ, 10-Jun-2026,75.99,76.16,76.63,75.83,76.11,75.95,76.33,18641,14.23,210,12519.0, 67.16,2026-06-10
SENSEXIETF, EQ, 10-Jun-2026,845.66,841.55,853.79,835.0,844.01,846.01,849.61,9774,83.04,668,6137.0, 62.79,2026-06-10
SEPC, EQ, 10-Jun-2026,6.65,6.65,6.73,6.35,6.4,6.43,6.59,32803211,2160.33,11178,8312863.0, 25.34,2026-06-10
SERVICE, SM, 10-Jun-2026,50.65,50.65,50.65,49.0,49.0,49.25,49.91,8000,3.99,4,8000.0, 100.00,2026-06-10
SERVOTECH, EQ, 10-Jun-2026,103.51,102.72,103.99,99.13,99.6,99.82,100.99,936916,946.2,8972,481053.0, 51.34,2026-06-10
SESHAPAPER, EQ, 10-Jun-2026,229.89,229.65,234.3,226.1,228.0,227.32,228.74,14693,33.61,303,10621.0, 72.29,2026-06-10
SETCO, BE, 10-Jun-2026,17.56,17.91,17.91,17.91,17.91,17.91,17.91,100294,17.96,26,, -,2026-06-10
SETF10GILT, EQ, 10-Jun-2026,260.13,260.49,260.5,259.03,260.44,260.09,260.18,6877,17.89,38,6431.0, 93.51,2026-06-10
SETFGOLD, EQ, 10-Jun-2026,129.4,126.96,126.96,124.61,124.9,125.0,125.24,7823069,9797.74,23553,4306743.0, 55.05,2026-06-10
SETFNIF50, EQ, 10-Jun-2026,249.49,255.72,255.72,248.5,248.77,248.65,249.84,806709,2015.45,5772,576119.0, 71.42,2026-06-10
SETFNIFBK, EQ, 10-Jun-2026,564.76,578.87,578.87,562.79,564.31,563.61,566.51,71463,404.84,594,28542.0, 39.94,2026-06-10
SETFNN50, EQ, 10-Jun-2026,747.76,750.88,750.89,737.31,742.0,738.85,744.03,25707,191.27,1349,18112.0, 70.46,2026-06-10
SETL, EQ, 10-Jun-2026,156.54,156.0,157.5,152.23,155.5,154.08,155.14,240732,373.46,2456,119260.0, 49.54,2026-06-10
SETUINFRA, BZ, 10-Jun-2026,0.42,0.44,0.44,0.4,0.42,0.42,0.43,50912,0.22,23,, -,2026-06-10
SEYAIND, BE, 10-Jun-2026,13.58,13.31,13.5,13.31,13.31,13.31,13.34,1216,0.16,18,, -,2026-06-10
SFL, EQ, 10-Jun-2026,680.9,681.0,713.7,680.95,696.0,696.55,702.34,682837,4795.82,35975,280319.0, 41.05,2026-06-10
SFML, SM, 10-Jun-2026,22.3,22.5,22.5,22.5,22.5,22.5,22.5,1600,0.36,1,1600.0, 100.00,2026-06-10
SGBAPR28I, GB, 10-Jun-2026,14950.0,14880.0,14880.0,14551.0,14551.0,14576.76,14623.61,141,20.62,56,111.0, 78.72,2026-06-10
SGBAUG27, GB, 10-Jun-2026,14985.0,14840.89,14840.89,14570.0,14570.0,14587.57,14610.04,238,34.77,63,203.0, 85.29,2026-06-10
SGBAUG28V, GB, 10-Jun-2026,14988.48,14800.0,14800.0,14575.0,14579.0,14585.49,14634.02,1302,190.54,318,1087.0, 83.49,2026-06-10
SGBAUG29V, GB, 10-Jun-2026,15004.25,14787.99,14787.99,14627.0,14640.0,14645.89,14657.73,253,37.08,81,212.0, 83.79,2026-06-10
SGBAUG30, GB, 10-Jun-2026,14984.45,14925.0,14925.0,14620.0,14680.0,14666.38,14711.96,424,62.38,128,322.0, 75.94,2026-06-10
SGBD29VIII, GB, 10-Jun-2026,14954.54,14890.0,14890.0,14553.0,14553.0,14557.69,14601.76,437,63.81,134,394.0, 90.16,2026-06-10
SGBDC27VII, GB, 10-Jun-2026,14865.0,14865.0,14865.0,14421.0,14530.0,14530.0,14533.24,108,15.7,21,69.0, 63.89,2026-06-10
SGBDE30III, GB, 10-Jun-2026,15016.07,14603.0,14850.0,14602.0,14696.0,14642.47,14731.51,632,93.1,207,457.0, 72.31,2026-06-10
SGBDE31III, GB, 10-Jun-2026,15126.23,14914.7,14999.0,14720.0,14828.0,14781.69,14836.31,2373,352.07,653,1636.0, 68.94,2026-06-10
SGBDEC26, GB, 10-Jun-2026,15051.0,14999.0,15000.0,14790.0,14790.0,14790.0,14958.31,26,3.89,6,26.0, 100.00,2026-06-10
SGBFEB27, GB, 10-Jun-2026,14974.99,15124.73,15124.73,14451.0,14500.0,14481.9,14556.27,36,5.24,17,26.0, 72.22,2026-06-10
SGBFEB28IX, GB, 10-Jun-2026,14953.55,14531.0,14599.94,14402.0,14551.0,14567.31,14522.6,35,5.08,11,21.0, 60.00,2026-06-10
SGBFEB29XI, GB, 10-Jun-2026,14957.0,14525.01,14709.0,14525.01,14572.0,14583.55,14609.01,390,56.98,44,270.0, 69.23,2026-06-10
SGBFEB32IV, GB, 10-Jun-2026,15344.59,15189.69,15298.0,15070.1,15190.0,15157.5,15170.26,1867,283.23,434,1232.0, 65.99,2026-06-10
SGBJ28VIII, GB, 10-Jun-2026,15000.0,14600.0,14673.0,14600.0,14600.0,14600.0,14607.93,46,6.72,3,23.0, 50.00,2026-06-10
SGBJAN27, GB, 10-Jun-2026,15190.0,15189.0,15189.0,14550.0,14580.0,14587.93,14626.54,206,30.13,31,152.0, 73.79,2026-06-10
SGBJAN29IX, GB, 10-Jun-2026,15046.73,14602.0,14799.0,14600.07,14600.21,14609.39,14660.23,1738,254.79,69,1687.0, 97.07,2026-06-10
SGBJAN29X, GB, 10-Jun-2026,15012.0,14800.0,14800.0,14601.0,14650.0,14610.8,14642.79,84,12.3,34,52.0, 61.90,2026-06-10
SGBJAN30IX, GB, 10-Jun-2026,15028.5,14725.0,14799.0,14649.99,14670.0,14669.6,14693.87,182,26.74,77,116.0, 63.74,2026-06-10
SGBJU29III, GB, 10-Jun-2026,14950.0,14800.0,14800.0,14550.0,14550.0,14555.92,14618.28,308,45.02,105,263.0, 85.39,2026-06-10
SGBJUL27, GB, 10-Jun-2026,15120.5,14661.0,14661.0,14601.0,14607.0,14607.0,14616.43,47,6.87,9,44.0, 93.62,2026-06-10
SGBJUL28IV, GB, 10-Jun-2026,15071.09,14849.0,14849.0,14600.01,14620.0,14611.19,14635.88,225,32.93,52,220.0, 97.78,2026-06-10
SGBJUL29IV, GB, 10-Jun-2026,15040.38,14898.0,14947.99,14603.33,14648.5,14615.42,14746.11,56,8.26,23,41.0, 73.21,2026-06-10
SGBJUN27, GB, 10-Jun-2026,14975.0,14501.01,14599.9,14501.0,14589.99,14589.99,14542.82,58,8.43,14,35.0, 60.34,2026-06-10
SGBJUN28, GB, 10-Jun-2026,14998.45,14623.48,14844.0,14512.0,14565.0,14582.0,14613.42,254,37.12,60,192.0, 75.59,2026-06-10
SGBJUN29II, GB, 10-Jun-2026,14934.69,14817.69,14817.69,14544.0,14544.0,14557.14,14634.8,269,39.37,79,184.0, 68.40,2026-06-10
SGBJUN30, GB, 10-Jun-2026,15035.5,14912.9,14912.9,14652.03,14720.0,14719.54,14795.6,140,20.71,53,119.0, 85.00,2026-06-10
SGBJUN31I, GB, 10-Jun-2026,15058.88,14914.69,14914.69,14612.0,14749.96,14688.65,14751.4,1271,187.49,384,1013.0, 79.70,2026-06-10
SGBMAR28X, GB, 10-Jun-2026,15349.78,14516.01,14600.0,14500.0,14550.0,14559.35,14533.47,296,43.02,39,172.0, 58.11,2026-06-10
SGBMAR30X, GB, 10-Jun-2026,15000.0,14805.0,14998.99,14800.0,14920.0,14920.0,14927.05,66,9.85,27,50.0, 75.76,2026-06-10
SGBMAR31IV, GB, 10-Jun-2026,15002.33,14898.68,14898.68,14700.0,14720.0,14725.46,14765.17,81,11.96,47,76.0, 93.83,2026-06-10
SGBMAY28, GB, 10-Jun-2026,14961.6,14774.94,14774.94,14302.0,14556.0,14561.03,14543.2,1816,264.1,184,1282.0, 70.59,2026-06-10
SGBMAY29I, GB, 10-Jun-2026,14968.14,14965.0,14965.0,14572.0,14574.0,14573.97,14663.27,1311,192.24,197,1057.0, 80.63,2026-06-10
SGBMR29XII, GB, 10-Jun-2026,14940.0,14700.0,14700.0,14552.0,14598.99,14594.49,14611.71,322,47.05,77,288.0, 89.44,2026-06-10
SGBN28VIII, GB, 10-Jun-2026,14963.28,14740.0,14740.0,14535.0,14535.0,14545.0,14632.62,124,18.14,47,80.0, 64.52,2026-06-10
SGBNOV26, GB, 10-Jun-2026,15409.96,14899.0,14899.0,14542.01,14542.01,14542.01,14662.21,10,1.47,6,9.0, 90.00,2026-06-10
SGBNV29VII, GB, 10-Jun-2026,14974.99,14800.0,14805.0,14510.01,14560.0,14568.37,14635.74,270,39.52,81,242.0, 89.63,2026-06-10
SGBOC28VII, GB, 10-Jun-2026,14950.0,14734.9,14734.9,14552.03,14560.0,14560.0,14592.79,230,33.56,40,168.0, 73.04,2026-06-10
SGBOCT26, GB, 10-Jun-2026,15073.55,14672.0,14672.0,14411.0,14500.0,14500.0,14525.13,15,2.18,6,10.0, 66.67,2026-06-10
SGBOCT27, GB, 10-Jun-2026,14836.51,14426.11,14649.9,14425.0,14639.93,14639.93,14554.87,234,34.06,23,133.0, 56.84,2026-06-10
SGBOCT27VI, GB, 10-Jun-2026,14921.01,14633.0,14633.0,14520.0,14611.51,14553.75,14556.62,154,22.42,19,137.0, 88.96,2026-06-10
SGBSEP27, GB, 10-Jun-2026,14974.79,14514.0,14579.8,14514.0,14579.8,14579.8,14529.46,41,5.96,10,31.0, 75.61,2026-06-10
SGBSEP28VI, GB, 10-Jun-2026,14988.7,14924.0,14924.0,14406.0,14590.0,14562.88,14599.74,586,85.55,134,364.0, 62.12,2026-06-10
SGBSEP29VI, GB, 10-Jun-2026,14962.34,14663.1,14842.47,14561.0,14600.0,14600.0,14643.73,616,90.21,130,466.0, 75.65,2026-06-10
SGBSEP31II, GB, 10-Jun-2026,15064.77,14900.0,14900.0,14699.0,14740.0,14717.2,14779.75,1965,290.42,448,1381.0, 70.28,2026-06-10
SGFIN, EQ, 10-Jun-2026,606.15,609.0,613.0,585.0,586.7,589.95,597.03,152222,908.81,6006,82141.0, 53.96,2026-06-10
SGIL, EQ, 10-Jun-2026,556.65,551.9,564.7,545.6,550.0,550.7,550.55,30522,168.04,737,25552.0, 83.72,2026-06-10
SGL, EQ, 10-Jun-2026,10.87,10.87,11.24,10.8,11.0,10.83,10.91,11243,1.23,51,8563.0, 76.16,2026-06-10
SGMART, EQ, 10-Jun-2026,619.4,615.0,633.0,589.35,594.0,594.8,604.12,132151,798.35,5872,66394.0, 50.24,2026-06-10
SHADOWFAX, EQ, 10-Jun-2026,216.9,218.4,223.0,210.05,213.78,212.22,218.78,3692555,8078.75,74167,1766487.0, 47.84,2026-06-10
SHAH, EQ, 10-Jun-2026,4.72,4.98,4.98,4.64,4.67,4.65,4.75,14965353,710.23,12507,2614237.0, 17.47,2026-06-10
SHAHALLOYS, EQ, 10-Jun-2026,69.02,69.21,71.39,68.1,69.0,68.27,69.01,4421,3.05,54,3895.0, 88.10,2026-06-10
SHAILY, EQ, 10-Jun-2026,3132.6,3169.0,3233.9,2982.0,2987.0,3018.2,3122.37,202117,6310.84,21685,64019.0, 31.67,2026-06-10
SHAKTIPUMP, EQ, 10-Jun-2026,524.75,525.75,528.65,512.1,516.0,516.15,518.69,348703,1808.7,11590,147221.0, 42.22,2026-06-10
SHALBY, EQ, 10-Jun-2026,169.09,170.22,172.55,165.0,165.0,165.87,168.55,75897,127.93,1479,48176.0, 63.48,2026-06-10
SHALPAINTS, EQ, 10-Jun-2026,49.54,49.79,54.68,49.79,53.45,53.28,52.9,177385,93.83,1772,79012.0, 44.54,2026-06-10
SHANKARA, BE, 10-Jun-2026,110.55,110.55,112.76,110.55,112.76,112.76,112.3,11761,13.21,63,, -,2026-06-10
SHANTHALA, SM, 10-Jun-2026,22.2,22.2,25.5,22.05,25.5,25.5,22.95,4800,1.1,4,4800.0, 100.00,2026-06-10
SHANTI, EQ, 10-Jun-2026,6.54,6.41,6.59,6.41,6.5,6.47,6.5,5186,0.34,54,3899.0, 75.18,2026-06-10
SHANTIGEAR, EQ, 10-Jun-2026,441.05,441.05,442.75,440.0,440.1,440.05,440.41,5551,24.45,240,3679.0, 66.28,2026-06-10
SHANTIGOLD, EQ, 10-Jun-2026,218.36,222.25,230.9,218.36,223.68,223.19,225.4,3393193,7648.34,13311,1134606.0, 33.44,2026-06-10
SHARDACROP, EQ, 10-Jun-2026,885.3,888.0,925.65,885.35,896.0,902.85,912.94,403981,3688.08,20882,139251.0, 34.47,2026-06-10
SHARDAMOTR, EQ, 10-Jun-2026,796.05,796.05,800.0,781.05,781.5,783.1,786.92,29233,230.04,2354,18815.0, 64.36,2026-06-10
SHARDUL, EQ, 10-Jun-2026,28.4,28.0,29.5,27.5,29.5,29.37,28.67,6413,1.84,76,6159.0, 96.04,2026-06-10
SHAREINDIA, EQ, 10-Jun-2026,132.84,132.85,133.9,130.31,130.89,130.83,132.16,305064,403.18,2231,167236.0, 54.82,2026-06-10
SHARIABEES, EQ, 10-Jun-2026,456.02,456.02,459.78,454.23,458.99,454.52,456.1,4646,21.19,412,2377.0, 51.16,2026-06-10
SHBAJRG, EQ, 10-Jun-2026,203.95,200.0,204.9,200.0,200.21,200.68,200.55,16754,33.6,207,14683.0, 87.64,2026-06-10
SHEEL, SM, 10-Jun-2026,51.9,54.35,54.45,54.35,54.45,54.45,54.44,20000,10.89,9,20000.0, 100.00,2026-06-10
SHEETAL, SM, 10-Jun-2026,294.6,294.6,296.5,290.0,294.9,295.05,294.99,9000,26.55,17,6500.0, 72.22,2026-06-10
SHEKHAWATI, BE, 10-Jun-2026,14.5,15.2,15.2,14.11,14.2,14.23,14.42,7564,1.09,57,, -,2026-06-10
SHEMAROO, EQ, 10-Jun-2026,109.53,107.2,116.0,107.2,114.9,114.19,111.94,40228,45.03,295,29683.0, 73.79,2026-06-10
SHERA, ST, 10-Jun-2026,156.55,156.0,159.95,153.0,153.0,154.2,156.56,23000,36.01,20,19000.0, 82.61,2026-06-10
SHETHJI, ST, 10-Jun-2026,160.0,161.0,162.0,156.25,159.1,159.1,160.18,36000,57.66,11,34000.0, 94.44,2026-06-10
SHIGAN, ST, 10-Jun-2026,69.1,69.0,69.0,69.0,69.0,69.0,69.0,3000,2.07,2,3000.0, 100.00,2026-06-10
SHILCTECH, EQ, 10-Jun-2026,3820.0,3819.3,3895.0,3800.0,3830.0,3821.8,3838.98,22348,857.94,4853,8512.0, 38.09,2026-06-10
SHILPAMED, EQ, 10-Jun-2026,569.15,572.0,581.0,555.55,559.25,558.8,568.47,1008532,5733.21,25328,405804.0, 40.24,2026-06-10
SHINDL, EQ, 10-Jun-2026,155.12,156.3,159.97,154.31,159.97,157.25,155.61,138120,214.93,1643,9798.0, 7.09,2026-06-10
SHIVALIK, BE, 10-Jun-2026,237.7,240.0,245.7,238.0,240.3,239.8,240.94,12302,29.64,175,, -,2026-06-10
SHIVAMAUTO, BE, 10-Jun-2026,17.05,17.05,17.62,16.92,17.1,17.13,17.2,17992,3.1,99,, -,2026-06-10
SHIVAMILLS, BE, 10-Jun-2026,66.88,66.15,66.2,63.54,65.87,65.87,65.27,753,0.49,23,, -,2026-06-10
SHIVASHRIT, SM, 10-Jun-2026,115.15,118.0,122.45,116.65,116.65,116.65,119.51,60000,71.71,27,45000.0, 75.00,2026-06-10
SHIVATEX, EQ, 10-Jun-2026,151.87,152.8,155.9,148.13,152.0,151.5,151.37,4571,6.92,132,4382.0, 95.87,2026-06-10
SHIVAUM, EQ, 10-Jun-2026,355.75,355.75,355.75,355.75,355.75,355.75,355.75,33,0.12,2,33.0, 100.00,2026-06-10
SHK, EQ, 10-Jun-2026,123.98,123.98,125.69,121.5,123.5,122.49,124.24,238105,295.83,4932,129594.0, 54.43,2026-06-10
SHOPERSTOP, EQ, 10-Jun-2026,353.05,349.9,363.4,349.9,355.0,356.75,357.63,25322,90.56,1279,9065.0, 35.80,2026-06-10
SHRADHA, EQ, 10-Jun-2026,34.7,34.69,34.69,32.5,32.6,33.17,33.4,15048,5.03,123,11494.0, 76.38,2026-06-10
SHREDIGCEM, EQ, 10-Jun-2026,70.07,70.99,70.99,69.25,69.25,69.65,70.03,28110,19.69,581,16968.0, 60.36,2026-06-10
SHREECEM, EQ, 10-Jun-2026,23415.0,23415.0,24125.0,23290.0,23780.0,23850.0,23570.44,55011,12966.34,12006,34589.0, 62.88,2026-06-10
SHREEJISPG, EQ, 10-Jun-2026,461.9,464.35,464.95,449.9,449.9,450.7,455.74,548599,2500.17,6657,167730.0, 30.57,2026-06-10
SHREEKARNI, SM, 10-Jun-2026,424.0,421.0,421.0,410.0,415.05,415.05,415.15,1050,4.36,5,1050.0, 100.00,2026-06-10
SHREEOSFM, SM, 10-Jun-2026,51.3,50.5,50.9,50.35,50.35,50.35,50.54,8000,4.04,7,6000.0, 75.00,2026-06-10
SHREEPUSHK, EQ, 10-Jun-2026,353.15,354.15,359.0,352.05,356.0,355.55,355.46,23624,83.97,1022,9092.0, 38.49,2026-06-10
SHREERAMA, EQ, 10-Jun-2026,43.38,43.38,44.4,39.55,41.42,41.0,41.26,193838,79.97,1892,99961.0, 51.57,2026-06-10
SHREMINVIT, IV, 10-Jun-2026,102.0,102.0,102.0,100.0,100.0,100.0,101.71,175000,178.0,3,175000.0, 100.00,2026-06-10
SHRENIK, BZ, 10-Jun-2026,0.37,0.37,0.38,0.37,0.38,0.37,0.37,337024,1.26,127,, -,2026-06-10
SHREYANIND, EQ, 10-Jun-2026,137.37,140.0,143.72,133.1,134.14,135.73,136.64,5639,7.71,188,4014.0, 71.18,2026-06-10
SHRIAHIMSA, ST, 10-Jun-2026,364.0,365.0,381.0,365.0,372.0,372.05,376.7,39600,149.17,63,33600.0, 84.85,2026-06-10
SHRIKANHA, ST, 10-Jun-2026,28.0,26.85,26.85,26.85,26.85,26.85,26.85,1600,0.43,1,1600.0, 100.00,2026-06-10
SHRIKRISH, EQ, 10-Jun-2026,42.96,43.5,43.5,42.8,43.0,42.82,43.07,87,0.04,11,50.0, 57.47,2026-06-10
SHRINGARMS, EQ, 10-Jun-2026,207.81,208.89,209.0,202.25,203.66,204.2,204.85,515948,1056.9,3589,267432.0, 51.83,2026-06-10
SHRIPISTON, EQ, 10-Jun-2026,3301.4,3302.2,3459.8,3274.1,3430.0,3424.8,3325.47,241256,8022.9,13252,200687.0, 83.18,2026-06-10
SHRIRAMFIN, EQ, 10-Jun-2026,911.7,907.85,914.75,894.2,897.75,897.35,905.6,4026258,36461.98,74723,2508927.0, 62.31,2026-06-10
SHRIRAMPPS, EQ, 10-Jun-2026,86.58,86.58,86.97,84.0,84.2,84.35,85.09,449780,382.73,2603,302539.0, 67.26,2026-06-10
SHUBHLAXMI, SM, 10-Jun-2026,24.25,24.25,25.35,23.05,25.35,25.3,24.8,16000,3.97,15,11000.0, 68.75,2026-06-10
SHUBHSHREE, SM, 10-Jun-2026,309.0,301.0,301.0,300.0,300.0,300.0,300.09,3600,10.8,12,3300.0, 91.67,2026-06-10
SHYAMCENT, EQ, 10-Jun-2026,4.9,5.28,5.28,4.76,4.96,4.82,4.87,107173,5.22,517,82082.0, 76.59,2026-06-10
SHYAMMETL, EQ, 10-Jun-2026,973.3,961.0,984.8,961.0,967.0,968.85,969.95,434911,4218.41,9248,168693.0, 38.79,2026-06-10
SHYAMTEL, BE, 10-Jun-2026,15.83,15.52,15.52,15.52,15.52,15.52,15.52,248,0.04,10,, -,2026-06-10
SICAGEN, EQ, 10-Jun-2026,53.7,53.7,54.43,53.5,53.94,53.68,53.74,2242,1.2,46,1684.0, 75.11,2026-06-10
SICALLOG, BE, 10-Jun-2026,79.57,82.98,83.54,78.5,79.01,79.61,82.53,153721,126.86,287,, -,2026-06-10
SIDDHICOTS, SM, 10-Jun-2026,26.85,26.8,26.95,26.7,26.95,26.95,26.83,7200,1.93,5,4800.0, 66.67,2026-06-10
SIEMENS, EQ, 10-Jun-2026,3619.8,3634.0,3635.7,3555.1,3555.1,3582.7,3591.06,600841,21576.57,41365,308886.0, 51.41,2026-06-10
SIGACHI, BE, 10-Jun-2026,21.17,21.14,21.52,21.0,21.15,21.12,21.21,270514,57.38,765,, -,2026-06-10
SIGIND, EQ, 10-Jun-2026,48.08,49.5,49.5,48.0,48.0,48.12,48.51,14721,7.14,152,11834.0, 80.39,2026-06-10
SIGMA, EQ, 10-Jun-2026,39.53,40.8,41.1,39.2,40.0,40.58,40.06,50720,20.32,480,32195.0, 63.48,2026-06-10
SIGMAADV, BE, 10-Jun-2026,437.45,459.3,459.3,459.3,459.3,459.3,459.3,143436,658.8,705,, -,2026-06-10
SIGNATURE, EQ, 10-Jun-2026,806.8,813.25,816.95,775.4,779.9,779.0,791.16,349507,2765.15,12981,110471.0, 31.61,2026-06-10
SIGNORIA, SM, 10-Jun-2026,62.8,65.0,65.9,65.0,65.9,65.9,65.45,2000,1.31,2,2000.0, 100.00,2026-06-10
SIGNPOST, EQ, 10-Jun-2026,270.05,270.7,277.95,262.05,266.0,265.05,268.29,41876,112.35,992,14633.0, 34.94,2026-06-10
SIKA, EQ, 10-Jun-2026,914.2,914.2,933.0,901.0,910.0,904.75,916.09,6496,59.51,846,3999.0, 61.56,2026-06-10
SIKKO, EQ, 10-Jun-2026,3.98,4.02,4.04,3.96,3.97,3.96,3.99,201099,8.02,357,177819.0, 88.42,2026-06-10
SIL, EQ, 10-Jun-2026,15.55,15.86,15.86,14.6,15.19,14.91,15.05,33893,5.1,743,19410.0, 57.27,2026-06-10
SILGO, EQ, 10-Jun-2026,76.89,77.0,77.97,73.05,74.8,74.43,75.56,295947,223.63,1339,63493.0, 21.45,2026-06-10
SILINV, EQ, 10-Jun-2026,410.8,410.0,428.0,409.0,419.0,413.2,419.12,1590,6.66,99,1098.0, 69.06,2026-06-10
SILKFLEX, ST, 10-Jun-2026,199.5,209.45,209.45,207.35,209.45,209.45,209.33,63000,131.88,53,58000.0, 92.06,2026-06-10
SILKY, SM, 10-Jun-2026,119.55,121.0,126.8,121.0,126.8,126.2,126.22,8000,10.1,2,8000.0, 100.00,2026-06-10
SILLYMONKS, EQ, 10-Jun-2026,16.6,17.4,19.0,16.61,18.48,18.38,18.15,134914,24.49,473,63540.0, 47.10,2026-06-10
SILVER, EQ, 10-Jun-2026,241.95,235.99,235.99,229.68,230.25,230.65,231.44,2141009,4955.11,19961,836438.0, 39.07,2026-06-10
SILVER1, EQ, 10-Jun-2026,23.55,22.82,22.82,22.28,22.37,22.35,22.48,9835658,2210.75,11245,4614723.0, 46.92,2026-06-10
SILVER360, EQ, 10-Jun-2026,238.51,236.9,236.9,226.66,227.0,227.16,229.71,89260,205.04,1252,72615.0, 81.35,2026-06-10
SILVERADD, EQ, 10-Jun-2026,233.66,224.72,225.74,221.3,221.81,222.01,223.16,614376,1371.03,7554,191108.0, 31.11,2026-06-10
SILVERAG, EQ, 10-Jun-2026,236.15,226.76,228.03,223.53,224.38,224.77,225.51,1553182,3502.54,9852,1171379.0, 75.42,2026-06-10
SILVERBEES, EQ, 10-Jun-2026,231.9,228.0,228.0,220.0,220.5,220.59,221.75,51693465,114630.47,209101,22137487.0, 42.82,2026-06-10
SILVERBETA, EQ, 10-Jun-2026,234.09,225.5,226.11,221.75,223.15,222.64,223.63,1044246,2335.29,9975,398108.0, 38.12,2026-06-10
SILVERBND, EQ, 10-Jun-2026,243.29,236.05,236.05,230.5,231.58,231.27,232.44,46560,108.22,1086,24796.0, 53.26,2026-06-10
SILVERCASE, EQ, 10-Jun-2026,24.6,24.1,24.1,23.34,23.45,23.45,23.53,17395152,4092.36,22084,6156113.0, 35.39,2026-06-10
SILVERIETF, EQ, 10-Jun-2026,242.07,234.6,234.6,229.93,230.5,230.82,231.54,7118981,16483.6,42887,3174231.0, 44.59,2026-06-10
SILVERTUC, EQ, 10-Jun-2026,185.98,187.26,194.7,183.0,187.89,184.93,188.46,560029,1055.41,7876,241097.0, 43.05,2026-06-10
SIMBHALS, BZ, 10-Jun-2026,7.03,7.35,7.35,6.7,7.04,6.89,6.86,40121,2.75,74,, -,2026-06-10
SIMCA, SM, 10-Jun-2026,136.0,136.1,139.65,136.1,138.0,138.05,137.75,13800,19.01,22,10200.0, 73.91,2026-06-10
SIMPLEXINF, EQ, 10-Jun-2026,267.3,267.3,269.45,258.0,262.0,260.25,263.48,120316,317.01,2615,74085.0, 61.58,2026-06-10
SINCLAIR, EQ, 10-Jun-2026,76.67,78.15,78.15,74.5,74.5,74.97,76.44,91330,69.81,1331,44434.0, 48.65,2026-06-10
SINDHUTRAD, EQ, 10-Jun-2026,25.06,25.0,25.25,24.52,24.98,24.83,24.8,1091963,270.78,1430,437828.0, 40.10,2026-06-10
SINGERIND, EQ, 10-Jun-2026,68.98,70.0,70.72,69.11,69.91,69.48,69.87,23227,16.23,641,15388.0, 66.25,2026-06-10
SINTERCOM, EQ, 10-Jun-2026,72.2,72.2,73.8,70.22,71.5,71.7,71.75,1815,1.3,73,1124.0, 61.93,2026-06-10
SIRCA, EQ, 10-Jun-2026,418.65,421.0,421.05,414.1,415.0,415.45,416.94,164146,684.39,1927,45362.0, 27.64,2026-06-10
SIS, EQ, 10-Jun-2026,421.2,421.2,428.0,409.2,411.0,415.45,420.72,119493,502.73,9455,73642.0, 61.63,2026-06-10
SITINET, BZ, 10-Jun-2026,0.36,0.37,0.37,0.35,0.36,0.36,0.37,417194,1.53,150,, -,2026-06-10
SIYSIL, EQ, 10-Jun-2026,628.85,628.85,638.8,602.4,611.5,606.35,617.34,91828,566.89,4327,37159.0, 40.47,2026-06-10
SJLOGISTIC, SM, 10-Jun-2026,373.25,372.95,378.95,345.2,350.0,353.75,362.96,26000,94.37,85,13000.0, 50.00,2026-06-10
SJS, EQ, 10-Jun-2026,2078.2,2077.5,2129.0,2060.8,2096.0,2077.8,2101.8,91448,1922.05,13869,47284.0, 51.71,2026-06-10
SJVN, EQ, 10-Jun-2026,72.79,72.84,73.19,71.31,71.74,71.81,72.17,1725173,1244.98,14628,842678.0, 48.85,2026-06-10
SKFINDIA, EQ, 10-Jun-2026,1593.1,1606.0,1615.1,1553.0,1565.0,1573.6,1590.06,21331,339.18,2858,13691.0, 64.18,2026-06-10
SKFINDUS, EQ, 10-Jun-2026,2379.2,2403.0,2470.0,2391.3,2419.0,2419.6,2435.13,16178,393.96,3974,8140.0, 50.32,2026-06-10
SKIPPER, EQ, 10-Jun-2026,544.55,547.8,551.0,532.0,536.0,535.0,543.03,498522,2707.13,20878,201897.0, 40.50,2026-06-10
SKMEGGPROD, EQ, 10-Jun-2026,247.57,249.0,253.0,239.0,239.83,241.24,243.58,314638,766.4,4337,139843.0, 44.45,2026-06-10
SKP, SM, 10-Jun-2026,147.5,150.0,154.9,148.05,150.0,150.0,151.69,3000,4.55,6,2500.0, 83.33,2026-06-10
SKYGOLD, EQ, 10-Jun-2026,513.05,519.0,521.0,496.8,502.0,502.6,504.79,582901,2942.42,11457,261384.0, 44.84,2026-06-10
SLONE, SM, 10-Jun-2026,133.5,133.55,133.55,130.0,130.0,130.0,132.65,1600,2.12,3,1600.0, 100.00,2026-06-10
SMALL250, EQ, 10-Jun-2026,17.01,17.03,17.08,16.78,16.8,16.81,16.93,195394,33.08,630,136481.0, 69.85,2026-06-10
SMALLADD, EQ, 10-Jun-2026,17.04,17.04,17.55,16.85,17.02,16.97,17.12,51863,8.88,96,35678.0, 68.79,2026-06-10
SMALLCAP, EQ, 10-Jun-2026,44.66,44.89,44.89,43.92,44.09,44.03,44.22,1777134,785.77,4316,1233995.0, 69.44,2026-06-10
SMARTEN, SM, 10-Jun-2026,45.0,45.0,46.5,45.0,46.25,46.25,45.53,12000,5.46,10,10800.0, 90.00,2026-06-10
SMARTLINK, BE, 10-Jun-2026,162.3,165.0,167.0,162.01,164.44,163.02,165.48,3389,5.61,58,, -,2026-06-10
SMARTWORKS, EQ, 10-Jun-2026,453.9,450.1,457.3,442.6,445.0,448.7,449.78,12310,55.37,681,8736.0, 70.97,2026-06-10
SMCGLOBAL, EQ, 10-Jun-2026,66.0,66.53,69.89,65.1,67.25,68.01,68.3,1114941,761.49,6679,493285.0, 44.24,2026-06-10
SML100CASE, EQ, 10-Jun-2026,10.22,10.45,10.45,10.07,10.1,10.1,10.19,513752,52.33,1173,349226.0, 67.98,2026-06-10
SMLMAH, EQ, 10-Jun-2026,3789.4,3789.4,3844.5,3732.0,3768.9,3765.4,3791.54,38425,1456.9,6696,19693.0, 51.25,2026-06-10
SMLT, EQ, 10-Jun-2026,69.46,70.1,74.93,69.12,71.5,71.87,71.91,13213,9.5,218,8709.0, 65.91,2026-06-10
SMSPHARMA, EQ, 10-Jun-2026,377.45,377.9,399.9,376.25,383.0,381.55,388.69,471048,1830.9,11035,166332.0, 35.31,2026-06-10
SNEHAA, ST, 10-Jun-2026,46.0,43.75,45.0,43.75,45.0,45.0,44.84,8000,3.59,7,8000.0, 100.00,2026-06-10
SNOWMAN, EQ, 10-Jun-2026,36.99,37.01,37.7,36.66,36.97,37.09,37.24,130726,48.68,1217,77653.0, 59.40,2026-06-10
SNXT30BEES, EQ, 10-Jun-2026,41.58,41.74,41.84,41.23,41.23,41.38,41.68,19281,8.04,64,13022.0, 67.54,2026-06-10
SNXT50BETA, EQ, 10-Jun-2026,90.35,91.28,91.28,89.31,90.5,89.59,90.59,4046,3.67,125,1731.0, 42.78,2026-06-10
SOBHA, EQ, 10-Jun-2026,1300.4,1299.8,1310.0,1287.0,1308.0,1296.8,1296.83,53616,695.31,5952,23565.0, 43.95,2026-06-10
SOCL, ST, 10-Jun-2026,28.95,29.0,29.0,29.0,29.0,29.0,29.0,1600,0.46,1,1600.0, 100.00,2026-06-10
SOFTTECH, BE, 10-Jun-2026,432.2,425.1,425.1,425.1,425.1,425.1,425.1,1100,4.68,6,, -,2026-06-10
SOLARA, EQ, 10-Jun-2026,580.0,574.0,584.6,563.3,574.3,572.8,572.66,350913,2009.53,16096,101135.0, 28.82,2026-06-10
SOLARINDS, EQ, 10-Jun-2026,18267.0,18274.0,18418.0,17634.0,17655.0,17697.0,17989.2,95976,17265.31,24660,40878.0, 42.59,2026-06-10
SOLARWORLD, EQ, 10-Jun-2026,189.92,189.92,197.0,185.49,187.0,186.96,191.01,262360,501.13,6086,85527.0, 32.60,2026-06-10
SOLEX, EQ, 10-Jun-2026,1066.9,1070.0,1078.8,1025.1,1038.0,1040.5,1052.98,30417,320.28,2757,18874.0, 62.05,2026-06-10
SOMANYCERA, EQ, 10-Jun-2026,498.3,498.3,519.9,497.25,501.0,501.05,510.42,64118,327.27,3823,25897.0, 40.39,2026-06-10
SOMATEX, EQ, 10-Jun-2026,100.25,99.0,100.04,92.0,93.98,93.53,96.99,31284,30.34,442,24544.0, 78.46,2026-06-10
SOMICONVEY, EQ, 10-Jun-2026,97.2,98.0,98.0,95.61,97.66,96.25,96.7,2881,2.79,94,2575.0, 89.38,2026-06-10
SONACOMS, EQ, 10-Jun-2026,601.85,598.55,600.15,586.55,588.3,589.25,592.87,1348178,7992.91,78005,739995.0, 54.89,2026-06-10
SONAMAC, ST, 10-Jun-2026,35.0,33.3,35.0,33.3,35.0,35.0,33.74,5000,1.69,5,4000.0, 80.00,2026-06-10
SONAMLTD, EQ, 10-Jun-2026,56.49,56.49,56.49,53.12,54.75,53.71,54.32,89904,48.83,1501,50898.0, 56.61,2026-06-10
SONATSOFTW, EQ, 10-Jun-2026,263.05,264.35,265.0,260.25,262.0,261.0,261.55,450261,1177.64,7319,207356.0, 46.05,2026-06-10
SONUINFRA, SM, 10-Jun-2026,44.1,45.0,45.0,42.75,42.75,42.75,43.88,3000,1.32,2,1500.0, 50.00,2026-06-10
SOTL, EQ, 10-Jun-2026,568.05,571.25,586.2,540.3,554.0,550.55,560.79,214445,1202.59,8974,67742.0, 31.59,2026-06-10
SOUTHBANK, EQ, 10-Jun-2026,45.74,45.6,46.19,44.8,45.3,45.13,45.18,15930905,7196.92,40483,6467775.0, 40.60,2026-06-10
SOUTHWEST, EQ, 10-Jun-2026,260.15,260.6,271.9,253.05,264.0,267.75,264.55,1247291,3299.7,12726,263797.0, 21.15,2026-06-10
SPAL, EQ, 10-Jun-2026,824.95,831.1,832.55,790.0,800.0,798.45,805.6,16681,134.38,1496,10100.0, 60.55,2026-06-10
SPANDANA, EQ, 10-Jun-2026,240.55,240.3,244.25,231.15,234.0,233.7,238.65,161137,384.56,7487,72867.0, 45.22,2026-06-10
SPARC, EQ, 10-Jun-2026,209.19,210.26,214.8,204.2,205.67,205.92,210.16,2080904,4373.25,19081,566432.0, 27.22,2026-06-10
SPCENET, EQ, 10-Jun-2026,3.37,3.4,3.42,3.33,3.39,3.36,3.37,407104,13.74,842,325827.0, 80.04,2026-06-10
SPCL, SM, 10-Jun-2026,69.1,69.0,70.15,67.2,67.2,67.5,68.04,21600,14.7,36,12000.0, 55.56,2026-06-10
SPCON, SM, 10-Jun-2026,142.95,140.0,140.0,135.0,135.0,135.0,137.5,2400,3.3,2,2400.0, 100.00,2026-06-10
SPEB, ST, 10-Jun-2026,93.9,93.6,94.25,93.5,94.25,93.8,93.74,8000,7.5,4,8000.0, 100.00,2026-06-10
SPECIALITY, EQ, 10-Jun-2026,108.22,108.75,109.9,106.29,106.35,106.4,108.29,11732,12.7,189,9379.0, 79.94,2026-06-10
SPECTRUM, EQ, 10-Jun-2026,1683.3,1699.9,1699.9,1601.5,1619.8,1621.0,1654.59,16661,275.67,1771,6714.0, 40.30,2026-06-10
SPECTSTM, ST, 10-Jun-2026,65.55,65.4,67.65,62.3,62.3,62.3,62.6,25600,16.02,25,23200.0, 90.63,2026-06-10
SPENCERS, EQ, 10-Jun-2026,35.57,36.23,37.3,35.6,35.61,35.95,36.66,102664,37.64,1418,35311.0, 34.39,2026-06-10
SPIC, EQ, 10-Jun-2026,68.88,69.25,70.88,67.21,67.23,67.42,68.83,758897,522.37,3701,312098.0, 41.13,2026-06-10
SPLIL, EQ, 10-Jun-2026,30.15,30.15,30.88,28.71,28.71,28.72,29.15,10991,3.2,121,10259.0, 93.34,2026-06-10
SPLPETRO, EQ, 10-Jun-2026,676.7,676.7,693.9,673.7,676.95,675.9,679.85,39348,267.51,2780,24004.0, 61.00,2026-06-10
SPMLINFRA, EQ, 10-Jun-2026,193.65,194.9,195.15,185.1,185.8,186.01,189.13,166871,315.61,3409,78254.0, 46.89,2026-06-10
SPORTKING, EQ, 10-Jun-2026,177.84,179.0,179.16,168.1,168.5,170.03,172.07,294327,506.46,5043,154268.0, 52.41,2026-06-10
SPPPOLY, SM, 10-Jun-2026,12.4,11.8,11.8,11.8,11.8,11.8,11.8,4000,0.47,2,2000.0, 50.00,2026-06-10
SPRL, SM, 10-Jun-2026,82.75,83.0,86.0,83.0,83.0,83.0,83.43,5600,4.67,6,5600.0, 100.00,2026-06-10
SPUNWEB, SM, 10-Jun-2026,110.0,107.5,109.0,107.05,107.05,108.0,107.85,3600,3.88,3,3600.0, 100.00,2026-06-10
SRD, EQ, 10-Jun-2026,38.26,38.01,39.99,37.8,39.74,39.54,39.14,33871,13.26,178,29884.0, 88.23,2026-06-10
SREEL, EQ, 10-Jun-2026,196.96,201.96,201.96,196.0,196.52,197.16,198.46,4807,9.54,261,2816.0, 58.58,2026-06-10
SRF, EQ, 10-Jun-2026,2689.6,2699.0,2754.8,2699.0,2739.9,2734.1,2735.56,482986,13212.35,29430,238225.0, 49.32,2026-06-10
SRGHFL, EQ, 10-Jun-2026,282.85,281.0,281.0,280.0,280.0,280.0,280.09,1072,3.0,13,1069.0, 99.72,2026-06-10
SRHHYPOLTD, EQ, 10-Jun-2026,500.3,500.25,507.0,490.1,499.8,494.25,498.48,4600,22.93,231,3379.0, 73.46,2026-06-10
SRIVASAVI, SM, 10-Jun-2026,52.0,53.9,53.9,51.0,51.0,51.0,52.45,2000,1.05,2,2000.0, 100.00,2026-06-10
SRM, EQ, 10-Jun-2026,487.6,489.5,491.3,474.0,479.0,476.85,481.96,83152,400.76,2725,43807.0, 52.68,2026-06-10
SRTL, EQ, 10-Jun-2026,41.99,42.0,42.4,41.2,41.72,41.35,41.6,44808,18.64,608,28326.0, 63.22,2026-06-10
SSDL, EQ, 10-Jun-2026,54.23,53.52,56.79,53.52,54.1,54.22,55.4,59430,32.92,1086,40773.0, 68.61,2026-06-10
SSEGL, SM, 10-Jun-2026,338.5,333.55,342.9,331.0,335.0,331.9,336.12,22800,76.64,92,16000.0, 70.18,2026-06-10
SSFL, ST, 10-Jun-2026,212.6,222.7,223.2,219.5,223.2,223.2,222.69,56500,125.82,81,53000.0, 93.81,2026-06-10
SSFLPP, E1, 10-Jun-2026,119.1,119.0,125.9,116.0,118.0,118.0,121.93,7432,9.06,130,4978.0, 66.98,2026-06-10
SSWL, EQ, 10-Jun-2026,234.6,234.99,235.78,225.0,228.5,227.09,231.24,444414,1027.65,8139,199412.0, 44.87,2026-06-10
STALLION, EQ, 10-Jun-2026,186.84,188.45,189.6,178.8,180.99,180.68,184.95,990867,1832.62,12954,398438.0, 40.21,2026-06-10
STANLEY, EQ, 10-Jun-2026,143.17,143.17,145.08,139.6,142.0,140.33,141.52,157660,223.12,4920,93896.0, 59.56,2026-06-10
STAR, EQ, 10-Jun-2026,1017.0,1017.3,1029.5,970.0,976.9,978.2,992.08,271741,2695.88,13348,131781.0, 48.50,2026-06-10
STARCEMENT, EQ, 10-Jun-2026,207.51,207.2,212.38,207.2,207.7,207.84,208.16,1011392,2105.35,13444,772770.0, 76.41,2026-06-10
STARHEALTH, EQ, 10-Jun-2026,521.4,522.15,533.45,521.3,522.0,524.4,526.53,418145,2201.67,21101,262607.0, 62.80,2026-06-10
STARPAPER, EQ, 10-Jun-2026,134.75,134.79,134.99,132.5,132.65,132.86,133.46,9770,13.04,215,7255.0, 74.26,2026-06-10
STARTECK, EQ, 10-Jun-2026,265.95,265.85,269.8,263.1,267.35,264.0,266.99,5992,16.0,105,426.0, 7.11,2026-06-10
STCINDIA, EQ, 10-Jun-2026,121.22,121.83,122.78,117.0,117.5,117.75,119.21,26372,31.44,639,15408.0, 58.43,2026-06-10
STEELCAS, EQ, 10-Jun-2026,288.6,286.45,293.0,283.2,285.35,284.9,287.48,46159,132.7,1567,23773.0, 51.50,2026-06-10
STEELCITY, EQ, 10-Jun-2026,77.19,77.57,77.57,75.51,76.45,75.88,76.64,7124,5.46,139,4222.0, 59.26,2026-06-10
STEELXIND, EQ, 10-Jun-2026,11.96,11.96,12.45,11.51,11.65,11.72,12.01,3781031,454.2,3699,2187895.0, 57.87,2026-06-10
STEL, EQ, 10-Jun-2026,524.85,529.8,540.0,521.1,536.0,533.75,533.24,11612,61.92,807,7534.0, 64.88,2026-06-10
STERTOOLS, EQ, 10-Jun-2026,215.43,215.43,216.7,207.0,207.0,208.57,212.3,34075,72.34,1418,16860.0, 49.48,2026-06-10
STLNETWORK, BE, 10-Jun-2026,27.71,27.77,28.0,27.0,27.2,27.29,27.51,733134,201.71,1616,, -,2026-06-10
STLTECH, BE, 10-Jun-2026,613.0,598.0,607.6,582.35,582.35,582.35,584.0,2342640,13681.09,11887,, -,2026-06-10
STOVEKRAFT, EQ, 10-Jun-2026,664.5,667.0,668.95,648.0,651.0,652.05,656.84,123264,809.65,5715,40866.0, 33.15,2026-06-10
STUDDS, EQ, 10-Jun-2026,520.95,528.05,559.9,498.7,525.0,525.4,528.56,6438604,34031.59,135869,488963.0, 7.59,2026-06-10
STUDIOLSD, ST, 10-Jun-2026,10.35,10.0,10.35,10.0,10.2,10.2,10.21,14000,1.43,7,12000.0, 85.71,2026-06-10
STYL, EQ, 10-Jun-2026,267.15,269.0,270.85,261.1,263.0,262.45,266.86,87590,233.74,2390,51136.0, 58.38,2026-06-10
STYLAMIND, EQ, 10-Jun-2026,3103.5,3131.3,3189.0,3103.5,3116.9,3117.0,3144.53,28810,905.94,8446,13956.0, 48.44,2026-06-10
STYLEBAAZA, BE, 10-Jun-2026,328.05,327.8,336.0,326.0,328.35,330.9,331.89,79016,262.25,582,, -,2026-06-10
STYRENIX, EQ, 10-Jun-2026,2157.6,2172.0,2196.2,2148.2,2161.0,2172.3,2174.65,14115,306.95,1806,7883.0, 55.85,2026-06-10
SUBAHOTELS, SM, 10-Jun-2026,117.75,118.5,123.95,118.5,121.0,121.05,121.38,55200,67.0,37,48000.0, 86.96,2026-06-10
SUBEXLTD, BE, 10-Jun-2026,10.37,10.44,10.44,9.91,10.12,10.08,10.17,435595,44.28,1026,, -,2026-06-10
SUBROS, EQ, 10-Jun-2026,730.0,731.1,732.65,707.3,712.0,709.85,716.76,24482,175.48,2163,15091.0, 61.64,2026-06-10
SUDARCOLOR, EQ, 10-Jun-2026,361.2,361.2,384.8,359.0,368.0,365.55,370.26,22883,84.73,781,10246.0, 44.78,2026-06-10
SUDARSCHEM, EQ, 10-Jun-2026,893.25,890.0,908.9,851.1,855.25,854.05,875.5,187447,1641.1,11931,86007.0, 45.88,2026-06-10
SUDEEPPHRM, EQ, 10-Jun-2026,741.6,745.0,774.85,725.0,734.75,731.4,750.6,289057,2169.66,20546,140572.0, 48.63,2026-06-10
SUKHJITS, EQ, 10-Jun-2026,169.18,170.15,170.88,166.1,166.1,167.33,168.03,15768,26.49,289,10671.0, 67.68,2026-06-10
SULA, EQ, 10-Jun-2026,155.49,156.26,157.49,154.0,154.32,154.09,155.34,173021,268.78,4216,88730.0, 51.28,2026-06-10
SUMEETINDS, EQ, 10-Jun-2026,26.4,26.5,27.72,26.3,27.71,27.44,26.98,933601,251.84,2535,595985.0, 63.84,2026-06-10
SUMICHEM, EQ, 10-Jun-2026,461.75,465.0,469.15,455.0,455.0,456.65,463.65,134725,624.65,4370,90507.0, 67.18,2026-06-10
SUMIT, BE, 10-Jun-2026,41.9,42.68,42.68,41.1,42.21,41.93,41.64,250236,104.2,105,, -,2026-06-10
SUMMITSEC, EQ, 10-Jun-2026,1487.5,1485.0,1505.9,1462.0,1475.0,1471.1,1483.41,1998,29.64,359,1346.0, 67.37,2026-06-10
SUNCLAY, EQ, 10-Jun-2026,1313.5,1321.7,1333.9,1288.0,1291.0,1292.1,1302.82,2782,36.24,608,1500.0, 53.92,2026-06-10
SUNDARAM, EQ, 10-Jun-2026,1.38,1.39,1.4,1.35,1.37,1.37,1.37,187569,2.58,290,130437.0, 69.54,2026-06-10
SUNDARMFIN, EQ, 10-Jun-2026,4178.6,4199.0,4302.0,4140.0,4212.4,4203.2,4258.98,188882,8044.45,22440,143248.0, 75.84,2026-06-10
SUNDRMBRAK, EQ, 10-Jun-2026,732.35,730.0,740.0,730.0,737.95,732.15,733.82,1590,11.67,120,1217.0, 76.54,2026-06-10
SUNDRMFAST, EQ, 10-Jun-2026,825.65,825.1,841.35,824.0,828.05,830.4,831.54,33982,282.57,3867,18565.0, 54.63,2026-06-10
SUNDROP, EQ, 10-Jun-2026,663.15,669.9,669.9,650.05,658.0,658.2,660.91,4141,27.37,169,2821.0, 68.12,2026-06-10
SUNFLAG, EQ, 10-Jun-2026,357.1,357.0,357.0,338.55,342.5,343.85,346.62,277380,961.44,5327,115397.0, 41.60,2026-06-10
SUNLITE, ST, 10-Jun-2026,424.0,424.0,426.0,402.8,402.8,402.85,407.93,37200,151.75,103,34500.0, 92.74,2026-06-10
SUNPHARMA, EQ, 10-Jun-2026,1779.0,1779.6,1797.6,1771.0,1787.1,1786.4,1786.39,1882009,33620.07,93883,1274540.0, 67.72,2026-06-10
SUNREST, SM, 10-Jun-2026,34.0,33.55,33.95,32.15,32.15,32.15,33.21,9600,3.19,6,6400.0, 66.67,2026-06-10
SUNTECH, ST, 10-Jun-2026,37.0,35.55,35.55,35.15,35.15,35.15,35.21,44800,15.78,11,43200.0, 96.43,2026-06-10
SUNTECK, EQ, 10-Jun-2026,281.95,282.0,286.4,278.3,281.0,279.15,282.35,236500,667.76,4657,128025.0, 54.13,2026-06-10
SUNTV, EQ, 10-Jun-2026,513.95,514.0,518.9,502.3,506.95,506.05,510.09,164275,837.95,10814,69335.0, 42.21,2026-06-10
SUPERHOUSE, EQ, 10-Jun-2026,159.63,157.95,161.0,152.35,155.69,153.69,153.89,4125,6.35,165,3374.0, 81.79,2026-06-10
SUPERSPIN, EQ, 10-Jun-2026,5.05,5.05,5.2,4.73,4.83,4.92,4.96,91437,4.54,210,72829.0, 79.65,2026-06-10
SUPRAJIT, EQ, 10-Jun-2026,465.95,466.0,472.0,456.4,461.9,459.15,461.7,98519,454.87,5963,36922.0, 37.48,2026-06-10
SUPREME, EQ, 10-Jun-2026,44.46,45.88,45.88,44.46,45.06,44.91,44.97,8900,4.0,158,5164.0, 58.02,2026-06-10
SUPREMEENG, BZ, 10-Jun-2026,1.08,1.13,1.13,1.1,1.13,1.13,1.13,435702,4.92,84,, -,2026-06-10
SUPREMEIND, EQ, 10-Jun-2026,3499.7,3501.3,3537.6,3474.0,3475.0,3488.5,3500.56,144420,5055.51,21587,84379.0, 58.43,2026-06-10
SUPREMEINF, EQ, 10-Jun-2026,76.87,83.29,83.29,72.0,72.0,72.61,74.69,12391,9.25,393,5886.0, 47.50,2026-06-10
SUPREMEPWR, ST, 10-Jun-2026,253.8,254.5,254.5,241.15,241.5,241.75,243.96,62500,152.47,91,61500.0, 98.40,2026-06-10
SUPRIYA, EQ, 10-Jun-2026,962.9,960.0,997.4,943.05,975.0,952.4,972.97,713702,6944.12,34642,192419.0, 26.96,2026-06-10
SURAJEST, EQ, 10-Jun-2026,193.17,193.4,194.33,188.0,188.0,189.19,190.55,29309,55.85,889,19043.0, 64.97,2026-06-10
SURAJLTD, EQ, 10-Jun-2026,230.0,234.25,234.25,227.0,227.0,227.0,227.32,149,0.34,10,142.0, 95.30,2026-06-10
SURAKSHA, EQ, 10-Jun-2026,269.65,270.0,278.0,264.55,267.35,270.8,271.1,51943,140.82,1488,20158.0, 38.81,2026-06-10
SURANASOL, EQ, 10-Jun-2026,26.9,27.19,27.19,26.5,27.1,27.03,27.03,46054,12.45,573,39053.0, 84.80,2026-06-10
SURANAT&P, EQ, 10-Jun-2026,18.35,18.07,18.4,17.98,18.1,18.07,18.15,24128,4.38,260,16585.0, 68.74,2026-06-10
SURANI, ST, 10-Jun-2026,130.0,123.5,123.5,123.5,123.5,123.5,123.5,400,0.49,2,400.0, 100.00,2026-06-10
SURYALA, EQ, 10-Jun-2026,438.15,440.05,452.0,425.0,426.0,426.45,438.47,2214,9.71,103,1733.0, 78.27,2026-06-10
SURYALAXMI, EQ, 10-Jun-2026,55.84,56.01,57.6,55.95,55.95,56.01,56.64,708,0.4,14,580.0, 81.92,2026-06-10
SURYAROSNI, EQ, 10-Jun-2026,249.95,250.5,255.8,245.3,246.9,247.61,250.31,553799,1386.2,11661,258477.0, 46.67,2026-06-10
SURYODAY, EQ, 10-Jun-2026,174.97,174.0,178.0,169.0,169.02,170.0,173.56,220372,382.47,3737,120249.0, 54.57,2026-06-10
SUTLEJTEX, EQ, 10-Jun-2026,36.81,37.1,38.0,36.15,36.9,36.93,37.14,51577,19.15,944,33638.0, 65.22,2026-06-10
SUVEN, EQ, 10-Jun-2026,264.45,264.75,271.6,258.0,269.95,268.8,265.29,1588525,4214.26,27985,308049.0, 19.39,2026-06-10
SUVIDHAA, EQ, 10-Jun-2026,2.69,2.65,2.7,2.61,2.65,2.63,2.63,70890,1.86,204,44436.0, 62.68,2026-06-10
SUYOG, EQ, 10-Jun-2026,699.95,695.0,710.95,685.0,691.0,698.45,702.07,28205,198.02,1737,17998.0, 63.81,2026-06-10
SUZLON, EQ, 10-Jun-2026,55.23,55.22,55.45,53.81,54.0,54.08,54.58,55567213,30330.69,76189,21230999.0, 38.21,2026-06-10
SVLL, EQ, 10-Jun-2026,758.8,769.0,776.7,732.05,745.0,740.05,751.49,10344,77.73,905,3862.0, 37.34,2026-06-10
SVPGLOB, BE, 10-Jun-2026,3.75,3.8,3.92,3.76,3.8,3.8,3.82,11770,0.45,34,, -,2026-06-10
SWANCORP, EQ, 10-Jun-2026,310.55,311.0,315.0,303.1,310.6,311.5,309.3,846975,2619.68,17198,311253.0, 36.75,2026-06-10
SWANDEF, BE, 10-Jun-2026,1996.8,1970.0,2022.0,1970.0,1999.0,1997.9,2001.41,4092,81.9,325,, -,2026-06-10
SWARAJ, SM, 10-Jun-2026,231.65,227.05,243.95,227.05,243.0,240.6,238.13,58000,138.12,84,32500.0, 56.03,2026-06-10
SWARAJENG, EQ, 10-Jun-2026,3780.2,3789.0,3869.8,3762.1,3766.0,3777.9,3812.41,14419,549.71,2104,6902.0, 47.87,2026-06-10
SWELECTES, EQ, 10-Jun-2026,649.7,649.7,650.95,625.25,639.95,627.65,635.31,17814,113.17,1143,8745.0, 49.09,2026-06-10
SWIGGY, EQ, 10-Jun-2026,249.95,250.0,252.35,241.05,241.7,242.3,247.86,12045645,29856.38,55361,5517619.0, 45.81,2026-06-10
SWSOLAR, EQ, 10-Jun-2026,200.94,201.0,203.5,196.01,202.0,199.53,199.34,1819952,3627.88,18028,884348.0, 48.59,2026-06-10
SYMPHONY, EQ, 10-Jun-2026,673.6,679.65,689.35,676.05,680.0,682.1,681.8,51961,354.27,2951,24980.0, 48.07,2026-06-10
SYNCOMF, EQ, 10-Jun-2026,14.55,14.54,14.79,14.05,14.15,14.12,14.34,1343247,192.63,3199,849468.0, 63.24,2026-06-10
SYNGENE, EQ, 10-Jun-2026,444.3,446.6,462.15,446.2,455.8,454.65,456.57,1532282,6995.87,54196,654620.0, 42.72,2026-06-10
SYNOPTICS, SM, 10-Jun-2026,61.25,64.3,64.3,63.6,64.2,64.2,64.03,26400,16.9,20,25200.0, 95.45,2026-06-10
SYRMA, EQ, 10-Jun-2026,1256.8,1268.0,1268.0,1202.2,1227.0,1225.8,1230.87,1016245,12508.66,54644,328413.0, 32.32,2026-06-10
SYSTANGO, SM, 10-Jun-2026,229.65,230.0,230.0,222.0,222.0,222.7,226.18,7200,16.28,18,6400.0, 88.89,2026-06-10
SYSTMTXC, EQ, 10-Jun-2026,65.11,67.95,67.95,63.02,66.9,66.01,65.31,81431,53.18,1796,10694.0, 13.13,2026-06-10
TAALTECH, EQ, 10-Jun-2026,3379.1,3403.9,3491.0,3361.0,3418.9,3379.0,3399.19,893,30.35,200,720.0, 80.63,2026-06-10
TAC, SM, 10-Jun-2026,369.85,371.0,378.95,365.0,365.0,365.65,369.19,48200,177.95,175,32600.0, 67.63,2026-06-10
TAINWALCHM, EQ, 10-Jun-2026,198.4,199.9,200.0,195.75,195.75,195.75,199.82,1077,2.15,34,1051.0, 97.59,2026-06-10
TAJGVK, EQ, 10-Jun-2026,330.5,328.0,334.1,321.35,326.45,324.05,327.97,76454,250.74,3441,28620.0, 37.43,2026-06-10
TAKE, BE, 10-Jun-2026,29.59,30.0,30.0,28.13,29.87,29.57,28.77,324301,93.31,5523,, -,2026-06-10
TALBROAUTO, EQ, 10-Jun-2026,360.05,360.05,363.95,348.15,352.4,351.7,356.98,127064,453.6,3776,64179.0, 50.51,2026-06-10
TAMBOLIIN, EQ, 10-Jun-2026,184.07,185.0,188.9,180.01,180.51,184.69,185.21,2128,3.94,60,1742.0, 81.86,2026-06-10
TANKUP, ST, 10-Jun-2026,1020.4,1000.0,1071.4,1000.0,1071.4,1071.4,1062.96,6500,69.09,26,5000.0, 76.92,2026-06-10
TANLA, EQ, 10-Jun-2026,518.45,518.0,529.45,507.1,510.0,510.6,519.15,374076,1942.01,13900,133377.0, 35.66,2026-06-10
TARACHAND, EQ, 10-Jun-2026,55.9,55.9,56.94,55.0,56.0,55.66,55.77,91839,51.22,1444,30142.0, 32.82,2026-06-10
TARAPUR, EQ, 10-Jun-2026,18.63,19.1,19.53,18.39,18.5,19.0,19.11,14704,2.81,166,8918.0, 60.65,2026-06-10
TARC, EQ, 10-Jun-2026,127.24,127.25,128.9,123.41,124.9,123.8,125.27,242941,304.33,2692,134738.0, 55.46,2026-06-10
TARIL, EQ, 10-Jun-2026,319.5,319.05,323.5,307.95,310.1,309.5,315.04,1287886,4057.38,22819,556330.0, 43.20,2026-06-10
TARMAT, EQ, 10-Jun-2026,51.94,52.94,52.94,51.21,51.44,51.45,51.68,11087,5.73,125,7841.0, 70.72,2026-06-10
TARSONS, EQ, 10-Jun-2026,215.66,213.71,217.01,205.16,206.9,206.71,210.15,30146,63.35,1144,15470.0, 51.32,2026-06-10
TASTYBITE, EQ, 10-Jun-2026,7972.0,7923.5,8265.0,7923.5,8199.0,8149.5,8113.43,5124,415.73,1244,3025.0, 59.04,2026-06-10
TATACAP, EQ, 10-Jun-2026,322.85,322.85,327.2,319.0,320.0,321.3,323.78,2360844,7643.87,45535,1215681.0, 51.49,2026-06-10
TATACHEM, EQ, 10-Jun-2026,726.45,717.1,755.9,715.05,719.0,720.4,739.56,1797412,13292.92,52588,565288.0, 31.45,2026-06-10
TATACOMM, EQ, 10-Jun-2026,1975.8,1974.2,1993.0,1954.0,1958.1,1978.6,1976.31,678230,13403.9,42969,379072.0, 55.89,2026-06-10
TATACONSUM, EQ, 10-Jun-2026,1106.5,1103.9,1134.3,1101.0,1111.0,1108.0,1116.35,2202915,24592.17,54586,912641.0, 41.43,2026-06-10
TATAELXSI, EQ, 10-Jun-2026,4257.2,4205.2,4215.4,4075.8,4092.6,4092.2,4144.9,265490,11004.28,27697,104956.0, 39.53,2026-06-10
TATAGOLD, EQ, 10-Jun-2026,14.71,14.4,14.41,14.22,14.26,14.25,14.3,75994755,10863.5,103926,29733856.0, 39.13,2026-06-10
TATAINVEST, EQ, 10-Jun-2026,662.65,662.0,665.0,647.1,650.0,649.7,652.96,272030,1776.25,11111,131141.0, 48.21,2026-06-10
TATAPOWER, EQ, 10-Jun-2026,398.65,398.65,402.95,393.35,394.85,394.75,398.17,3489888,13895.8,43396,1060212.0, 30.38,2026-06-10
TATASTEEL, EQ, 10-Jun-2026,203.18,203.0,203.4,198.0,198.75,199.31,200.51,34008938,68192.85,232738,17975410.0, 52.85,2026-06-10
TATATECH, EQ, 10-Jun-2026,745.1,745.2,762.0,735.7,758.0,758.2,751.67,1378399,10361.05,37032,574212.0, 41.66,2026-06-10
TATSILV, EQ, 10-Jun-2026,23.55,23.0,23.08,22.32,22.36,22.38,22.5,111851053,25167.46,127652,50397504.0, 45.06,2026-06-10
TATVA, EQ, 10-Jun-2026,1160.0,1163.7,1168.7,1101.0,1116.5,1113.7,1131.93,48137,544.88,3990,28050.0, 58.27,2026-06-10
TAURIAN, SM, 10-Jun-2026,278.65,277.0,282.0,267.55,275.0,271.45,273.51,15200,41.57,18,9600.0, 63.16,2026-06-10
TBI, SM, 10-Jun-2026,73.25,73.6,73.95,69.95,71.95,71.95,72.06,16800,12.11,26,12600.0, 75.00,2026-06-10
TBOTEK, EQ, 10-Jun-2026,1213.5,1230.0,1238.0,1195.0,1233.0,1228.2,1223.8,123189,1507.59,6935,96502.0, 78.34,2026-06-10
TBZ, EQ, 10-Jun-2026,169.63,169.5,175.7,165.0,165.0,167.9,171.13,484722,829.5,5993,201101.0, 41.49,2026-06-10
TCC, EQ, 10-Jun-2026,368.6,373.0,374.35,365.0,374.0,368.45,369.42,821,3.03,119,522.0, 63.58,2026-06-10
TCI, EQ, 10-Jun-2026,974.9,974.25,974.7,943.0,943.5,945.05,950.76,29081,276.49,5533,16770.0, 57.67,2026-06-10
TCIEXP, EQ, 10-Jun-2026,530.95,529.8,538.15,515.0,515.0,515.85,525.83,8875,46.67,770,3652.0, 41.15,2026-06-10
TCIFINANCE, EQ, 10-Jun-2026,20.91,23.0,23.0,21.0,23.0,23.0,22.86,878367,200.76,1465,394218.0, 44.88,2026-06-10
TCL, SM, 10-Jun-2026,97.0,97.0,97.1,94.7,94.7,95.1,96.89,52000,50.38,21,49600.0, 95.38,2026-06-10
TCPLPACK, EQ, 10-Jun-2026,2596.4,2596.4,2615.0,2465.0,2465.0,2488.7,2522.49,3105,78.32,649,1747.0, 56.26,2026-06-10
TCS, EQ, 10-Jun-2026,2151.0,2151.3,2180.8,2144.8,2151.8,2153.9,2162.42,2848650,61599.64,109866,1374325.0, 48.24,2026-06-10
TDPOWERSYS, EQ, 10-Jun-2026,1231.0,1230.0,1230.0,1141.0,1150.9,1153.3,1171.06,1880631,22023.3,90146,986586.0, 52.46,2026-06-10
TEAMGTY, EQ, 10-Jun-2026,242.85,240.0,248.75,240.0,245.95,243.0,243.01,1328,3.23,42,983.0, 74.02,2026-06-10
TEAMLEASE, EQ, 10-Jun-2026,1391.8,1395.0,1397.9,1368.7,1387.0,1384.8,1385.92,14723,204.05,1592,8473.0, 57.55,2026-06-10
TEAMTECH, SM, 10-Jun-2026,78.95,81.95,88.75,81.0,82.25,82.55,85.14,320000,272.46,157,170000.0, 53.13,2026-06-10
TECH, EQ, 10-Jun-2026,31.03,31.03,31.44,30.63,31.26,31.07,31.17,18312,5.71,188,14778.0, 80.70,2026-06-10
TECHD, ST, 10-Jun-2026,612.9,615.9,623.6,582.8,600.0,591.8,598.13,12300,73.57,41,11100.0, 90.24,2026-06-10
TECHERA, SM, 10-Jun-2026,130.2,128.0,136.7,127.55,136.7,136.7,133.22,59200,78.87,64,42400.0, 71.62,2026-06-10
TECHLABS, ST, 10-Jun-2026,150.25,142.75,142.75,142.75,142.75,142.75,142.75,16250,23.2,59,16250.0, 100.00,2026-06-10
TECHM, EQ, 10-Jun-2026,1483.8,1480.0,1496.3,1471.2,1479.0,1478.9,1482.8,1082678,16053.9,62431,576528.0, 53.25,2026-06-10
TECHNOE, EQ, 10-Jun-2026,998.5,1003.9,1014.6,986.0,992.3,991.7,997.09,195638,1950.68,13864,90070.0, 46.04,2026-06-10
TECHNVISN, EQ, 10-Jun-2026,5470.0,5467.5,5467.5,5200.0,5420.0,5420.0,5313.22,46,2.44,15,33.0, 71.74,2026-06-10
TECILCHEM, EQ, 10-Jun-2026,11.0,11.4,11.67,10.81,11.0,11.03,11.28,16593,1.87,107,11519.0, 69.42,2026-06-10
TEGA, EQ, 10-Jun-2026,1799.3,1800.1,1827.9,1728.1,1732.5,1738.9,1778.84,53338,948.8,4313,25613.0, 48.02,2026-06-10
TEJASCARGO, SM, 10-Jun-2026,390.0,390.0,390.0,390.0,390.0,390.0,390.0,800,3.12,2,800.0, 100.00,2026-06-10
TEJASNET, EQ, 10-Jun-2026,540.55,541.0,563.0,525.6,556.5,550.8,550.39,14126489,77750.44,195317,2153872.0, 15.25,2026-06-10
TEMBO, EQ, 10-Jun-2026,557.6,562.95,582.0,535.0,535.0,545.6,558.7,185973,1039.03,5355,83139.0, 44.70,2026-06-10
TENNIND, EQ, 10-Jun-2026,585.5,590.1,594.8,572.2,578.0,578.35,580.44,429824,2494.85,26012,238195.0, 55.42,2026-06-10
TERASOFT, EQ, 10-Jun-2026,448.45,448.45,465.5,435.0,436.0,437.35,449.89,26801,120.57,984,16762.0, 62.54,2026-06-10
TEXINFRA, EQ, 10-Jun-2026,99.37,100.34,100.35,98.93,98.93,98.95,99.19,56805,56.35,716,29899.0, 52.63,2026-06-10
TEXMOPIPES, EQ, 10-Jun-2026,47.79,47.5,47.5,45.3,45.5,45.57,46.62,62964,29.35,639,37404.0, 59.41,2026-06-10
TEXRAIL, EQ, 10-Jun-2026,105.37,105.25,105.82,101.77,102.15,102.85,103.84,1129631,1173.06,9166,573512.0, 50.77,2026-06-10
TFCILTD, EQ, 10-Jun-2026,74.48,74.35,75.49,73.22,73.83,74.2,74.44,2953724,2198.83,8970,1214348.0, 41.11,2026-06-10
TFL, EQ, 10-Jun-2026,12.2,12.0,12.47,11.51,11.95,11.94,11.9,2568,0.31,60,1762.0, 68.61,2026-06-10
TGBHOTELS, EQ, 10-Jun-2026,9.09,9.3,9.3,9.01,9.16,9.05,9.16,7907,0.72,47,5383.0, 68.08,2026-06-10
TGL, SM, 10-Jun-2026,21.05,20.95,21.45,20.0,21.05,21.05,20.51,24800,5.09,75,17600.0, 70.97,2026-06-10
THACKER, BE, 10-Jun-2026,1256.7,1194.1,1244.1,1193.9,1193.9,1197.6,1195.2,236,2.82,49,, -,2026-06-10
THAKDEV, EQ, 10-Jun-2026,121.0,115.1,115.11,115.1,115.1,115.1,115.11,31,0.04,4,31.0, 100.00,2026-06-10
THANGAMAYL, EQ, 10-Jun-2026,5469.5,5520.0,5552.1,5400.0,5405.0,5444.1,5476.21,107590,5891.86,14203,30083.0, 27.96,2026-06-10
THEINVEST, EQ, 10-Jun-2026,92.85,92.15,95.5,90.5,92.32,91.54,91.85,15076,13.85,468,10928.0, 72.49,2026-06-10
THEJO, EQ, 10-Jun-2026,1542.7,1544.4,1548.8,1520.0,1524.9,1522.7,1532.26,2883,44.18,323,1899.0, 65.87,2026-06-10
THELEELA, EQ, 10-Jun-2026,412.85,413.0,415.0,406.7,407.7,409.95,410.07,219795,901.3,4658,202092.0, 91.95,2026-06-10
THEMISMED, EQ, 10-Jun-2026,105.93,107.95,107.95,102.11,103.99,103.14,104.79,36627,38.38,705,19781.0, 54.01,2026-06-10
THERMAX, EQ, 10-Jun-2026,4739.9,4750.0,4826.0,4676.6,4715.0,4698.8,4739.64,282455,13387.36,31035,155519.0, 55.06,2026-06-10
THESL, SM, 10-Jun-2026,12.95,13.05,13.1,13.05,13.1,13.1,13.06,45000,5.88,9,45000.0, 100.00,2026-06-10
THOMASCOOK, EQ, 10-Jun-2026,112.84,113.38,115.99,111.2,115.05,115.08,114.82,15635817,17952.37,78286,2534171.0, 16.21,2026-06-10
THOMASCOTT, EQ, 10-Jun-2026,259.35,261.3,263.95,253.15,257.0,255.5,257.53,19118,49.23,1042,12192.0, 63.77,2026-06-10
THYROCARE, EQ, 10-Jun-2026,547.95,546.55,559.0,530.0,534.0,532.8,542.91,336527,1827.04,18137,135111.0, 40.15,2026-06-10
TI, EQ, 10-Jun-2026,439.95,439.9,442.9,432.0,432.1,433.9,436.98,287910,1258.1,11043,152093.0, 52.83,2026-06-10
TICL, EQ, 10-Jun-2026,20.72,20.59,21.47,20.0,21.1,21.08,20.91,2315943,484.19,5050,1005288.0, 43.41,2026-06-10
TIGERLOGS, BE, 10-Jun-2026,35.5,35.99,37.26,34.37,36.16,36.41,35.91,67151,24.12,238,, -,2026-06-10
TIIL, EQ, 10-Jun-2026,2505.2,2473.2,2555.0,2456.7,2460.0,2484.1,2490.97,8257,205.68,1519,4276.0, 51.79,2026-06-10
TIINDIA, EQ, 10-Jun-2026,3105.5,3127.0,3136.5,3030.5,3062.0,3062.3,3094.05,211730,6551.03,18849,85730.0, 40.49,2026-06-10
TIJARIA, EQ, 10-Jun-2026,4.36,4.34,4.66,4.34,4.5,4.43,4.46,13426,0.6,58,11320.0, 84.31,2026-06-10
TIL, EQ, 10-Jun-2026,178.04,179.46,189.8,178.04,182.86,182.83,185.51,187981,348.72,3084,85412.0, 45.44,2026-06-10
TIMESCAN, SM, 10-Jun-2026,41.5,42.95,42.95,42.95,42.95,42.95,42.95,2000,0.86,1,2000.0, 100.00,2026-06-10
TIMETECHNO, EQ, 10-Jun-2026,172.03,172.2,173.2,168.1,168.36,168.69,170.92,2044128,3493.87,15142,606504.0, 29.67,2026-06-10
TIMEX, EQ, 10-Jun-2026,460.3,464.85,475.0,453.55,458.15,460.85,467.98,885948,4146.05,20239,372489.0, 42.04,2026-06-10
TIMKEN, EQ, 10-Jun-2026,3538.2,3555.0,3599.0,3521.8,3560.0,3549.6,3558.86,35762,1272.72,5757,22786.0, 63.72,2026-06-10
TINNARUBR, EQ, 10-Jun-2026,871.0,880.0,888.9,858.0,865.0,867.9,869.79,27433,238.61,2220,12949.0, 47.20,2026-06-10
TIPSFILMS, EQ, 10-Jun-2026,355.8,355.95,355.95,350.0,350.0,350.75,351.38,1736,6.1,163,1164.0, 67.05,2026-06-10
TIPSMUSIC, EQ, 10-Jun-2026,673.25,668.75,668.75,639.75,646.0,642.7,650.99,175194,1140.49,8091,89378.0, 51.02,2026-06-10
TIRUMALCHM, EQ, 10-Jun-2026,173.9,173.38,173.38,166.52,167.8,167.19,169.6,160665,272.49,3193,86291.0, 53.71,2026-06-10
TIRUPATIFL, BE, 10-Jun-2026,43.99,43.87,45.5,43.0,43.6,43.41,44.13,103267,45.57,382,, -,2026-06-10
TITAGARH, EQ, 10-Jun-2026,846.2,847.0,850.45,830.1,837.3,833.75,837.68,449387,3764.43,18408,192432.0, 42.82,2026-06-10
TITAN, EQ, 10-Jun-2026,4104.9,4104.9,4119.1,4035.0,4041.0,4042.1,4076.92,613629,25017.16,56573,281771.0, 45.92,2026-06-10
TMB, EQ, 10-Jun-2026,780.55,779.8,791.95,767.25,773.8,774.6,776.42,194001,1506.27,10011,88074.0, 45.40,2026-06-10
TMCV, EQ, 10-Jun-2026,363.3,365.3,370.0,362.2,365.9,364.9,366.43,6580451,24113.03,84926,3069431.0, 46.64,2026-06-10
TMPV, EQ, 10-Jun-2026,387.8,388.0,388.8,380.0,380.4,381.0,383.96,7251442,27842.77,67197,3464593.0, 47.78,2026-06-10
TNIDETF, EQ, 10-Jun-2026,79.95,80.34,80.34,79.0,79.0,79.18,79.47,58481,46.48,543,47253.0, 80.80,2026-06-10
TNPETRO, EQ, 10-Jun-2026,86.0,86.7,87.0,85.0,85.08,85.36,86.08,55787,48.02,1122,25940.0, 46.50,2026-06-10
TNPL, EQ, 10-Jun-2026,147.93,148.79,150.0,144.1,144.1,144.33,147.03,46949,69.03,1178,26590.0, 56.64,2026-06-10
TNTELE, EQ, 10-Jun-2026,9.24,9.25,9.3,8.38,9.13,9.05,8.92,15690,1.4,131,12771.0, 81.40,2026-06-10
TOKYOPLAST, BE, 10-Jun-2026,84.89,84.9,86.95,81.3,82.0,82.0,82.04,2654,2.18,43,, -,2026-06-10
TOLINS, EQ, 10-Jun-2026,99.34,98.0,99.8,98.0,99.8,99.38,99.16,35992,35.69,988,20303.0, 56.41,2026-06-10
TOP100CASE, EQ, 10-Jun-2026,10.16,10.41,10.41,10.12,10.2,10.13,10.17,411823,41.89,1208,205823.0, 49.98,2026-06-10
TOP10ADD, EQ, 10-Jun-2026,85.1,85.46,86.1,85.1,86.06,85.57,85.71,184154,157.85,419,138156.0, 75.02,2026-06-10
TOP15IETF, EQ, 10-Jun-2026,9.48,9.52,9.55,9.47,9.55,9.48,9.52,101651,9.68,169,74566.0, 73.35,2026-06-10
TOP20, EQ, 10-Jun-2026,8.36,8.36,8.42,8.34,8.35,8.35,8.37,29378,2.46,121,24583.0, 83.68,2026-06-10
TORNTPHARM, EQ, 10-Jun-2026,4472.9,4490.0,4560.1,4452.2,4455.0,4463.7,4509.75,349028,15740.27,32413,158124.0, 45.30,2026-06-10
TORNTPOWER, EQ, 10-Jun-2026,1427.8,1434.5,1454.9,1391.0,1405.9,1399.1,1422.33,231415,3291.48,21317,106192.0, 45.89,2026-06-10
TOTAL, EQ, 10-Jun-2026,50.25,49.0,50.0,48.12,48.2,48.57,48.94,1733,0.85,80,1230.0, 70.98,2026-06-10
TOUCHWOOD, EQ, 10-Jun-2026,69.98,71.9,71.9,69.01,69.01,69.04,69.61,1339,0.93,39,900.0, 67.21,2026-06-10
TPHQ, EQ, 10-Jun-2026,0.49,0.5,0.51,0.5,0.51,0.5,0.51,494785,2.51,267,462658.0, 93.51,2026-06-10
TPLPLASTEH, EQ, 10-Jun-2026,65.88,65.91,66.39,64.52,64.88,64.91,65.32,40505,26.46,493,22775.0, 56.23,2026-06-10
TRACXN, EQ, 10-Jun-2026,31.54,31.65,32.05,31.12,31.73,31.38,31.6,73992,23.38,3167,42893.0, 57.97,2026-06-10
TRANSPEK, EQ, 10-Jun-2026,983.1,995.4,1002.1,970.2,970.2,980.5,987.96,1396,13.79,203,993.0, 71.13,2026-06-10
TRANSRAILL, EQ, 10-Jun-2026,483.05,486.0,489.0,476.0,478.5,478.25,482.8,330226,1594.33,9731,144097.0, 43.64,2026-06-10
TRANSTEEL, SM, 10-Jun-2026,118.25,117.25,119.45,117.25,119.45,119.45,118.35,2000,2.37,2,1000.0, 50.00,2026-06-10
TRANSWORLD, EQ, 10-Jun-2026,166.96,167.0,169.99,164.33,166.65,165.72,167.39,7062,11.82,279,3699.0, 52.38,2026-06-10
TRAVELFOOD, EQ, 10-Jun-2026,1184.2,1175.0,1249.5,1175.0,1215.0,1235.7,1229.02,176721,2171.94,17106,49017.0, 27.74,2026-06-10
TREEHOUSE, EQ, 10-Jun-2026,7.0,7.0,7.17,6.36,6.7,6.62,6.79,33823,2.3,109,29619.0, 87.57,2026-06-10
TREJHARA, EQ, 10-Jun-2026,136.4,139.87,139.87,132.5,132.6,133.79,133.88,36797,49.26,439,28619.0, 77.78,2026-06-10
TREL, EQ, 10-Jun-2026,25.68,25.03,26.2,25.03,25.7,25.84,25.56,119589,30.56,1072,92665.0, 77.49,2026-06-10
TRENT, EQ, 10-Jun-2026,2771.3,2785.2,2845.5,2743.3,2751.0,2754.7,2799.09,1588046,44450.84,86950,564709.0, 35.56,2026-06-10
TRF, EQ, 10-Jun-2026,226.66,220.35,227.69,220.35,224.0,222.35,224.23,7200,16.14,370,5394.0, 74.92,2026-06-10
TRIDENT, EQ, 10-Jun-2026,24.2,24.32,24.38,23.71,23.89,23.88,24.07,3268063,786.53,11727,1496773.0, 45.80,2026-06-10
TRIDHYA, SM, 10-Jun-2026,8.8,9.0,9.2,9.0,9.2,9.2,9.13,18000,1.64,6,18000.0, 100.00,2026-06-10
TRIGYN, EQ, 10-Jun-2026,54.19,53.75,55.62,53.75,55.25,54.93,54.95,27859,15.31,583,21092.0, 75.71,2026-06-10
TRITURBINE, EQ, 10-Jun-2026,673.2,673.9,676.5,646.8,653.7,652.05,656.93,452314,2971.4,18515,160572.0, 35.50,2026-06-10
TRIVENI, EQ, 10-Jun-2026,375.9,374.0,377.7,368.1,373.0,373.25,372.43,360045,1340.91,8913,149984.0, 41.66,2026-06-10
TROM, ST, 10-Jun-2026,56.0,56.0,56.0,55.85,55.85,55.85,55.89,2400,1.34,4,2400.0, 100.00,2026-06-10
TRU, EQ, 10-Jun-2026,5.52,5.79,5.79,5.57,5.78,5.68,5.76,64757,3.73,139,41714.0, 64.42,2026-06-10
TRUALT, EQ, 10-Jun-2026,531.95,538.7,542.0,501.5,511.1,510.25,525.81,615721,3237.55,15939,375226.0, 60.94,2026-06-10
TRUST, SM, 10-Jun-2026,32.4,32.5,32.5,32.5,32.5,32.5,32.5,1200,0.39,2,1200.0, 100.00,2026-06-10
TSC, SM, 10-Jun-2026,28.2,29.95,29.95,29.45,29.45,29.45,29.7,4000,1.19,2,2000.0, 50.00,2026-06-10
TSFINV, EQ, 10-Jun-2026,396.9,400.0,403.1,387.0,388.5,388.6,396.81,84560,335.54,2912,51169.0, 60.51,2026-06-10
TTKHLTCARE, EQ, 10-Jun-2026,899.35,916.7,917.35,875.05,877.2,881.4,893.95,1666,14.89,344,999.0, 59.96,2026-06-10
TTKPRESTIG, EQ, 10-Jun-2026,544.05,541.35,554.7,540.2,541.4,544.7,546.81,62854,343.69,2869,25801.0, 41.05,2026-06-10
TTL, EQ, 10-Jun-2026,7.53,7.7,7.7,6.93,6.93,7.0,7.14,277936,19.84,459,173670.0, 62.49,2026-06-10
TTML, EQ, 10-Jun-2026,43.35,43.01,44.12,42.11,42.38,42.5,42.87,2590466,1110.66,12352,1115313.0, 43.05,2026-06-10
TUNWAL, SM, 10-Jun-2026,28.65,28.65,28.95,27.9,27.9,27.9,28.23,108000,30.49,50,86000.0, 79.63,2026-06-10
TVSELECT, EQ, 10-Jun-2026,463.35,463.35,468.2,442.65,444.0,446.2,453.96,56271,255.45,2509,32349.0, 57.49,2026-06-10
TVSHLTD, EQ, 10-Jun-2026,13565.0,13530.0,13598.0,13322.0,13501.0,13500.0,13461.41,2163,291.17,1231,1073.0, 49.61,2026-06-10
TVSMOTOR, EQ, 10-Jun-2026,3358.0,3350.0,3381.2,3323.0,3335.0,3334.9,3352.39,843833,28288.54,56771,492292.0, 58.34,2026-06-10
TVSSCS, EQ, 10-Jun-2026,128.47,129.9,129.9,123.75,124.0,124.14,126.0,495126,623.86,5111,286987.0, 57.96,2026-06-10
TVSSRICHAK, EQ, 10-Jun-2026,3976.9,4000.8,4016.8,3921.0,3921.0,3938.6,3965.55,1941,76.97,536,1114.0, 57.39,2026-06-10
TVTODAY, EQ, 10-Jun-2026,110.49,108.31,110.82,108.31,109.3,109.4,109.9,36397,40.0,577,21227.0, 58.32,2026-06-10
TVVISION, EQ, 10-Jun-2026,5.19,5.19,5.25,5.03,5.24,5.19,5.19,12896,0.67,47,12846.0, 99.61,2026-06-10
TWCGOLDETF, EQ, 10-Jun-2026,150.71,146.99,147.0,145.81,145.87,145.93,145.98,5720,8.35,141,5484.0, 95.87,2026-06-10
UBL, EQ, 10-Jun-2026,1329.0,1327.2,1351.5,1320.0,1324.5,1327.3,1332.41,150222,2001.57,7283,103745.0, 69.06,2026-06-10
UCAL, EQ, 10-Jun-2026,98.88,97.13,101.16,97.13,100.78,99.31,100.27,11985,12.02,250,7338.0, 61.23,2026-06-10
UCOBANK, EQ, 10-Jun-2026,26.04,26.24,26.34,25.55,25.72,25.75,26.06,8100647,2110.96,20563,3093807.0, 38.19,2026-06-10
UDS, EQ, 10-Jun-2026,182.92,182.0,182.89,177.0,180.9,181.34,180.25,421496,759.76,7297,217247.0, 51.54,2026-06-10
UEL, EQ, 10-Jun-2026,132.39,135.0,146.8,132.56,142.0,143.21,138.09,10491,14.49,981,4343.0, 41.40,2026-06-10
UFBL, EQ, 10-Jun-2026,549.95,557.6,570.0,552.7,563.0,560.4,560.12,182391,1021.61,4871,80361.0, 44.06,2026-06-10
UFLEX, EQ, 10-Jun-2026,417.1,427.7,434.0,412.1,413.25,413.5,422.56,73177,309.22,2308,27173.0, 37.13,2026-06-10
UFO, EQ, 10-Jun-2026,72.84,73.8,73.8,71.55,71.85,71.98,72.29,48663,35.18,448,32984.0, 67.78,2026-06-10
UGARSUGAR, EQ, 10-Jun-2026,40.65,40.85,40.99,39.45,39.5,39.9,40.27,101761,40.98,1249,53414.0, 52.49,2026-06-10
UGROCAP, EQ, 10-Jun-2026,94.77,94.77,95.37,92.81,94.14,93.69,94.09,56620,53.28,1041,27570.0, 48.69,2026-06-10
UHTL, ST, 10-Jun-2026,89.65,90.0,94.1,86.6,94.1,94.1,93.03,64000,59.54,31,64000.0, 100.00,2026-06-10
UJJIVANSFB, EQ, 10-Jun-2026,53.95,54.09,54.09,52.81,53.03,52.94,53.52,7379543,3949.69,28612,4068861.0, 55.14,2026-06-10
ULTRACEMCO, EQ, 10-Jun-2026,10911.0,10924.0,10957.0,10814.0,10860.0,10866.0,10892.52,470400,51238.42,51014,289819.0, 61.61,2026-06-10
ULTRAMAR, EQ, 10-Jun-2026,394.8,389.0,395.0,381.0,382.0,383.65,386.06,6783,26.19,681,5054.0, 74.51,2026-06-10
UMAEXPORTS, BE, 10-Jun-2026,22.93,21.85,22.88,21.85,21.91,21.98,22.04,63361,13.97,302,, -,2026-06-10
UMESLTD, BE, 10-Jun-2026,5.47,5.23,5.69,5.23,5.5,5.5,5.45,20119,1.1,58,, -,2026-06-10
UMIYA-MRO, EQ, 10-Jun-2026,86.5,86.0,88.6,85.2,85.65,87.56,87.23,10080,8.79,201,7664.0, 76.03,2026-06-10
UNICHEMLAB, EQ, 10-Jun-2026,379.65,379.0,455.55,376.6,455.55,437.4,434.93,4305491,18725.93,62308,327108.0, 7.60,2026-06-10
UNIDT, BE, 10-Jun-2026,243.1,241.89,243.0,233.01,240.3,240.0,238.99,4312,10.31,112,, -,2026-06-10
UNIECOM, EQ, 10-Jun-2026,85.4,85.0,86.39,84.01,84.1,84.67,85.32,262430,223.9,3174,104037.0, 39.64,2026-06-10
UNIENTER, EQ, 10-Jun-2026,104.22,104.52,106.9,101.95,102.0,102.89,104.75,1937,2.03,54,1098.0, 56.69,2026-06-10
UNIHEALTH, ST, 10-Jun-2026,460.7,456.0,474.0,439.0,474.0,466.55,457.46,54000,247.03,78,47000.0, 87.04,2026-06-10
UNIINFO, BE, 10-Jun-2026,11.66,11.66,11.66,11.08,11.08,11.14,11.27,1666,0.19,15,, -,2026-06-10
UNIMECH, EQ, 10-Jun-2026,1149.75,1173.95,1199.95,1122.4,1157.0,1148.9,1166.21,360736,4206.94,21773,108989.0, 30.21,2026-06-10
UNIONBANK, EQ, 10-Jun-2026,170.44,170.0,170.73,166.0,166.48,166.45,167.89,12209748,20499.19,56116,5631945.0, 46.13,2026-06-10
UNIONGOLD, EQ, 10-Jun-2026,148.2,148.2,151.8,142.5,142.5,143.35,144.01,3681,5.3,89,2384.0, 64.77,2026-06-10
UNIPARTS, EQ, 10-Jun-2026,640.3,641.0,670.7,634.05,643.0,641.95,654.94,267656,1752.98,9951,116451.0, 43.51,2026-06-10
UNITDSPR, EQ, 10-Jun-2026,1257.2,1260.5,1275.9,1253.2,1263.0,1259.9,1267.12,902528,11436.08,27377,522560.0, 57.90,2026-06-10
UNITECH, EQ, 10-Jun-2026,4.94,4.87,4.95,4.8,4.84,4.81,4.84,1864560,90.31,1947,1292063.0, 69.30,2026-06-10
UNITEDPOLY, BE, 10-Jun-2026,33.99,33.65,35.0,32.61,33.5,33.22,34.02,75644,25.73,188,, -,2026-06-10
UNITEDTEA, EQ, 10-Jun-2026,514.85,515.0,515.0,506.15,514.0,507.35,509.48,2639,13.45,38,2600.0, 98.52,2026-06-10
UNIVASTU, EQ, 10-Jun-2026,80.57,81.0,81.8,77.11,78.1,78.31,79.26,77165,61.16,711,59013.0, 76.48,2026-06-10
UNIVCABLES, EQ, 10-Jun-2026,1223.4,1228.0,1255.2,1179.1,1182.0,1190.9,1203.66,175614,2113.79,11272,59100.0, 33.65,2026-06-10
UNIVPHOTO, BE, 10-Jun-2026,365.2,358.0,358.85,358.0,358.7,358.7,358.75,239,0.86,11,, -,2026-06-10
UNOMINDA, EQ, 10-Jun-2026,1094.0,1092.0,1096.1,1072.4,1074.5,1080.5,1085.43,466748,5066.2,28117,236177.0, 50.60,2026-06-10
UPL, EQ, 10-Jun-2026,628.4,631.7,636.2,606.05,610.3,611.0,624.16,2242695,13998.07,41976,1191102.0, 53.11,2026-06-10
URAVIDEF, EQ, 10-Jun-2026,119.26,118.67,120.0,114.01,116.98,115.3,117.24,12366,14.5,219,6828.0, 55.22,2026-06-10
URBAN, SM, 10-Jun-2026,131.05,130.35,132.0,130.0,130.3,130.3,130.83,4800,6.28,6,2400.0, 50.00,2026-06-10
URBANCO, EQ, 10-Jun-2026,123.57,123.0,129.96,122.26,122.5,122.67,127.04,9327627,11849.73,67748,2313088.0, 24.80,2026-06-10
URJA, EQ, 10-Jun-2026,10.56,10.56,10.7,10.03,10.38,10.26,10.42,1123892,117.1,2829,393905.0, 35.05,2026-06-10
USASEEDS, SM, 10-Jun-2026,96.0,98.0,99.9,98.0,99.9,99.9,98.95,856,0.85,2,856.0, 100.00,2026-06-10
USHAFIN, SM, 10-Jun-2026,36.25,36.25,37.0,36.25,37.0,37.0,36.9,20800,7.68,8,20800.0, 100.00,2026-06-10
USHAMART, EQ, 10-Jun-2026,496.05,494.55,497.8,475.95,480.5,480.65,482.69,627474,3028.78,20832,297548.0, 47.42,2026-06-10
USK, EQ, 10-Jun-2026,24.35,25.6,25.6,23.99,24.8,24.6,24.35,47101,11.47,257,33291.0, 70.68,2026-06-10
UTIAMC, EQ, 10-Jun-2026,926.85,926.85,938.9,925.95,926.65,930.1,931.41,38296,356.69,3432,19055.0, 49.76,2026-06-10
UTKARSHBNK, EQ, 10-Jun-2026,12.9,12.85,12.99,12.48,12.57,12.54,12.68,3139633,398.11,4549,1838256.0, 58.55,2026-06-10
UTLSOLAR, EQ, 10-Jun-2026,314.25,315.0,330.0,315.0,319.85,320.4,322.8,403988,1304.08,16952,230042.0, 56.94,2026-06-10
UTSSAV, ST, 10-Jun-2026,322.3,321.0,321.0,316.0,316.0,316.5,319.01,24000,76.56,32,21600.0, 90.00,2026-06-10
UTTAMSUGAR, EQ, 10-Jun-2026,234.79,234.1,238.35,230.11,230.31,232.13,233.02,63496,147.96,1507,24827.0, 39.10,2026-06-10
UYFINCORP, EQ, 10-Jun-2026,14.02,14.3,14.69,14.0,14.01,14.11,14.21,55956,7.95,193,38458.0, 68.73,2026-06-10
V2RETAIL, EQ, 10-Jun-2026,238.89,239.0,240.48,221.51,224.7,224.94,227.43,2333954,5308.01,35354,989876.0, 42.41,2026-06-10
VADILALIND, EQ, 10-Jun-2026,5757.6,5816.0,6008.0,5704.4,6008.0,5926.8,5873.13,56325,3308.04,7823,24199.0, 42.96,2026-06-10
VAIBHAVGBL, EQ, 10-Jun-2026,228.39,228.4,229.7,222.0,223.1,223.59,224.7,139075,312.5,3131,75362.0, 54.19,2026-06-10
VAISHALI, BE, 10-Jun-2026,7.25,7.25,7.35,7.07,7.29,7.13,7.15,52076,3.72,114,, -,2026-06-10
VAKRANGEE, EQ, 10-Jun-2026,6.22,6.28,6.28,6.08,6.16,6.11,6.14,1822335,111.87,1919,1247897.0, 68.48,2026-06-10
VAL30IETF, EQ, 10-Jun-2026,15.63,15.7,15.7,15.37,15.52,15.4,15.49,172096,26.65,681,120379.0, 69.95,2026-06-10
VALIANTLAB, BE, 10-Jun-2026,72.82,72.4,72.4,69.18,69.2,69.18,69.93,21651,15.14,180,, -,2026-06-10
VALIANTORG, EQ, 10-Jun-2026,279.9,279.9,284.7,269.0,270.0,270.45,275.86,39042,107.7,1810,19919.0, 51.02,2026-06-10
VALUE, EQ, 10-Jun-2026,16.51,16.45,16.47,16.22,16.24,16.23,16.31,30608,4.99,128,23478.0, 76.71,2026-06-10
VALUE360, SM, 10-Jun-2026,71.45,71.05,72.65,68.25,69.0,69.0,70.42,57600,40.56,42,28800.0, 50.00,2026-06-10
VARDHACRLC, EQ, 10-Jun-2026,45.06,45.2,46.59,44.06,44.18,44.17,44.96,47330,21.28,482,32099.0, 67.82,2026-06-10
VARDMNPOLY, EQ, 10-Jun-2026,7.27,7.35,7.49,7.03,7.04,7.06,7.2,202630,14.59,281,163261.0, 80.57,2026-06-10
VARROC, EQ, 10-Jun-2026,580.05,577.1,578.0,563.35,577.0,575.1,572.3,80763,462.21,8538,45529.0, 56.37,2026-06-10
VASCONEQ, BE, 10-Jun-2026,31.51,31.1,33.08,31.1,33.08,33.08,32.78,178326,58.46,519,, -,2026-06-10
VASWANI, EQ, 10-Jun-2026,62.25,61.95,62.23,59.22,59.23,59.52,60.54,80433,48.69,2429,35521.0, 44.16,2026-06-10
VBL, EQ, 10-Jun-2026,529.75,530.0,538.6,524.35,527.8,526.25,533.02,3150329,16791.86,58733,1283725.0, 40.75,2026-06-10
VCL, EQ, 10-Jun-2026,1.41,1.38,1.43,1.38,1.42,1.4,1.41,93576,1.32,159,76019.0, 81.24,2026-06-10
VDEAL, SM, 10-Jun-2026,159.95,165.1,166.0,165.1,166.0,166.0,165.55,1200,1.99,2,1200.0, 100.00,2026-06-10
VEDL, EQ, 10-Jun-2026,306.25,306.3,306.4,296.4,300.0,299.3,300.06,13610674,40840.02,140201,4323391.0, 31.76,2026-06-10
VEEDOL, EQ, 10-Jun-2026,1454.1,1462.8,1465.8,1425.0,1432.0,1428.4,1442.71,7601,109.66,1259,3907.0, 51.40,2026-06-10
VEEKAYEM, ST, 10-Jun-2026,133.05,126.5,133.8,126.4,133.8,133.8,127.9,2500,3.2,5,2000.0, 80.00,2026-06-10
VELJAN, EQ, 10-Jun-2026,1297.5,1305.0,1329.8,1273.3,1273.3,1282.8,1300.74,788,10.25,76,696.0, 88.32,2026-06-10
VENKEYS, EQ, 10-Jun-2026,1405.2,1400.0,1409.9,1374.0,1376.0,1376.8,1385.12,36942,511.69,2492,24112.0, 65.27,2026-06-10
VENTIVE, EQ, 10-Jun-2026,625.95,636.0,636.0,615.8,620.0,618.8,622.78,8094,50.41,657,4625.0, 57.14,2026-06-10
VENUSPIPES, EQ, 10-Jun-2026,1411.1,1408.0,1422.3,1364.3,1375.0,1374.4,1382.63,55257,764.0,3658,35446.0, 64.15,2026-06-10
VENUSREM, EQ, 10-Jun-2026,1610.7,1571.0,1691.2,1571.0,1625.6,1633.5,1660.05,278150,4617.42,10690,121723.0, 43.76,2026-06-10
VERANDA, EQ, 10-Jun-2026,226.25,227.25,232.99,218.5,220.01,221.66,225.49,198696,448.05,3312,105812.0, 53.25,2026-06-10
VERTEXPLUS, SM, 10-Jun-2026,62.7,60.0,60.0,59.6,59.6,59.6,59.8,1200,0.72,2,1200.0, 100.00,2026-06-10
VERTIS, IV, 10-Jun-2026,108.0,108.0,108.0,106.75,106.75,106.75,107.5,550000,591.25,13,550000.0, 100.00,2026-06-10
VERTOZ, BE, 10-Jun-2026,42.68,41.87,44.81,41.29,44.81,44.81,44.51,494922,220.27,599,, -,2026-06-10
VESUVIUS, EQ, 10-Jun-2026,462.55,462.55,465.15,446.0,451.0,449.15,456.51,53383,243.7,4143,34089.0, 63.86,2026-06-10
VETO, EQ, 10-Jun-2026,148.45,148.5,149.58,144.1,145.0,144.57,145.82,251829,367.22,4163,145100.0, 57.62,2026-06-10
VGINFOTECH, SM, 10-Jun-2026,153.4,153.05,166.5,153.05,161.0,160.95,161.54,93000,150.23,84,49000.0, 52.69,2026-06-10
VGL, EQ, 10-Jun-2026,72.95,74.0,78.7,70.26,70.89,70.9,74.82,616647,461.36,3006,116435.0, 18.88,2026-06-10
VGUARD, EQ, 10-Jun-2026,301.6,302.1,303.2,297.0,298.0,297.4,299.9,95497,286.4,3706,56283.0, 58.94,2026-06-10
VHL, EQ, 10-Jun-2026,3400.0,3440.0,3446.5,3330.0,3336.0,3378.0,3407.48,286,9.75,107,156.0, 54.55,2026-06-10
VHLTD, BE, 10-Jun-2026,138.12,139.8,139.8,135.9,135.9,136.94,137.98,6566,9.06,73,, -,2026-06-10
VIAZ, SM, 10-Jun-2026,63.45,63.5,63.5,63.5,63.5,63.5,63.5,10000,6.35,1,10000.0, 100.00,2026-06-10
VICTORYEV, ST, 10-Jun-2026,18.2,18.2,18.2,18.15,18.15,18.15,18.19,12000,2.18,4,12000.0, 100.00,2026-06-10
VIDHIING, EQ, 10-Jun-2026,285.1,285.0,289.8,285.0,285.0,286.15,287.6,4865,13.99,162,3276.0, 67.34,2026-06-10
VIDYAWIRES, EQ, 10-Jun-2026,94.0,94.5,95.28,89.3,89.3,89.3,91.53,1975460,1808.24,11844,1198812.0, 60.69,2026-06-10
VIESL, SM, 10-Jun-2026,312.75,313.1,322.1,312.0,312.0,316.75,318.2,50400,160.37,58,31200.0, 61.90,2026-06-10
VIGOR, ST, 10-Jun-2026,85.15,83.45,89.4,83.45,85.0,85.0,87.17,48000,41.84,30,48000.0, 100.00,2026-06-10
VIJAYA, EQ, 10-Jun-2026,1296.2,1299.9,1307.7,1261.4,1275.0,1269.7,1284.6,105673,1357.48,11482,36958.0, 34.97,2026-06-10
VIJAYPD, ST, 10-Jun-2026,82.3,84.0,84.0,78.2,78.2,78.2,79.94,26000,20.79,13,22000.0, 84.62,2026-06-10
VIJIFIN, BE, 10-Jun-2026,4.03,4.14,4.14,3.9,3.95,3.95,3.98,77429,3.08,124,, -,2026-06-10
VIKASECO, EQ, 10-Jun-2026,1.27,1.29,1.29,1.25,1.26,1.25,1.27,1373055,17.45,807,981910.0, 71.51,2026-06-10
VIKASLIFE, EQ, 10-Jun-2026,1.48,1.5,1.51,1.46,1.47,1.46,1.48,1256196,18.58,9176,752000.0, 59.86,2026-06-10
VIKRAMSOLR, EQ, 10-Jun-2026,215.84,216.5,221.9,213.0,213.25,213.28,215.68,3248187,7005.65,33077,1612849.0, 49.65,2026-06-10
VIKRAN, EQ, 10-Jun-2026,71.69,71.8,72.12,67.6,67.99,67.96,69.31,2534842,1756.83,11432,1277538.0, 50.40,2026-06-10
VILAS, SM, 10-Jun-2026,361.05,365.0,370.0,355.0,370.0,362.45,362.89,34250,124.29,93,26500.0, 77.37,2026-06-10
VILINBIO, ST, 10-Jun-2026,48.7,48.7,48.7,48.0,48.0,48.0,48.35,8000,3.87,2,8000.0, 100.00,2026-06-10
VIMTALABS, EQ, 10-Jun-2026,527.85,530.05,548.0,517.0,520.0,519.35,534.02,337829,1804.08,14022,96457.0, 28.55,2026-06-10
VINATIORGA, EQ, 10-Jun-2026,1301.7,1292.5,1323.2,1292.5,1307.4,1309.5,1311.41,64244,842.5,7649,38681.0, 60.21,2026-06-10
VINCOFE, EQ, 10-Jun-2026,152.79,153.72,160.8,153.21,157.0,156.22,157.68,2444036,3853.85,20839,679779.0, 27.81,2026-06-10
VINDHYATEL, EQ, 10-Jun-2026,2134.7,2112.7,2140.0,2036.3,2045.8,2061.1,2075.09,58784,1219.82,6488,19772.0, 33.64,2026-06-10
VINEETLAB, BE, 10-Jun-2026,33.71,33.87,34.2,33.1,33.28,33.25,33.68,10060,3.39,25,, -,2026-06-10
VINNY, EQ, 10-Jun-2026,1.1,1.1,1.11,1.05,1.05,1.05,1.07,254055,2.72,154,213379.0, 83.99,2026-06-10
VINYAS, SM, 10-Jun-2026,1388.6,1410.0,1430.0,1311.0,1330.1,1336.75,1370.12,9100,124.68,60,7000.0, 76.92,2026-06-10
VINYLINDIA, EQ, 10-Jun-2026,246.65,246.65,251.6,240.9,244.0,242.4,245.26,11767,28.86,831,4514.0, 38.36,2026-06-10
VIPCLOTHNG, BE, 10-Jun-2026,25.63,25.36,25.99,25.3,25.34,25.39,25.39,44009,11.17,89,, -,2026-06-10
VIPIND, EQ, 10-Jun-2026,316.25,316.8,318.3,306.3,307.0,308.95,311.64,149149,464.81,4113,63359.0, 42.48,2026-06-10
VIPULLTD, EQ, 10-Jun-2026,10.12,10.12,10.49,9.86,10.02,10.03,10.12,191050,19.33,210,156612.0, 81.97,2026-06-10
VIRINCHI, EQ, 10-Jun-2026,15.08,15.08,15.49,14.76,14.96,14.85,15.1,115029,17.37,346,100601.0, 87.46,2026-06-10
VISACHROME, BE, 10-Jun-2026,44.54,44.99,44.99,42.32,43.7,42.95,42.85,79105,33.9,191,, -,2026-06-10
VISAKAIND, EQ, 10-Jun-2026,73.28,74.4,79.9,74.0,77.9,77.92,78.04,703981,549.37,7301,319718.0, 45.42,2026-06-10
VISHNU, EQ, 10-Jun-2026,594.2,595.5,597.75,578.55,581.55,580.15,587.82,41826,245.86,1892,21928.0, 52.43,2026-06-10
VISHNUINFR, SM, 10-Jun-2026,155.95,153.6,153.6,153.6,153.6,153.6,153.6,500,0.77,1,500.0, 100.00,2026-06-10
VISHWARAJ, EQ, 10-Jun-2026,5.74,5.8,5.8,5.4,5.49,5.47,5.53,260339,14.4,586,186508.0, 71.64,2026-06-10
VITAL, BE, 10-Jun-2026,56.1,54.9,57.9,53.3,55.9,54.33,53.94,4871,2.63,38,, -,2026-06-10
VIVIANA, BE, 10-Jun-2026,821.5,823.0,839.0,801.0,819.95,818.1,818.59,14590,119.43,443,, -,2026-06-10
VIVIDEL, ST, 10-Jun-2026,1000.1,1048.0,1050.1,1000.2,1050.1,1050.1,1048.77,36960,387.63,95,35040.0, 94.81,2026-06-10
VIVIDHA, EQ, 10-Jun-2026,0.54,0.54,0.55,0.54,0.54,0.54,0.54,84664,0.46,122,72643.0, 85.80,2026-06-10
VIVIMEDLAB, BE, 10-Jun-2026,6.15,6.18,6.37,5.95,6.21,6.22,6.16,101079,6.22,192,, -,2026-06-10
VIYASH, EQ, 10-Jun-2026,257.4,259.95,263.7,251.05,252.6,252.3,258.1,1817257,4690.26,28262,963937.0, 53.04,2026-06-10
VLEGOV, BE, 10-Jun-2026,13.92,14.05,14.05,13.54,13.54,13.61,13.69,34338,4.7,236,, -,2026-06-10
VLINFRA, ST, 10-Jun-2026,28.75,29.4,30.0,29.4,29.5,29.5,29.53,13500,3.99,6,13500.0, 100.00,2026-06-10
VLSFINANCE, EQ, 10-Jun-2026,228.89,230.1,233.28,226.6,228.0,228.0,229.77,9934,22.82,442,6054.0, 60.94,2026-06-10
VMARCIND, SM, 10-Jun-2026,1396.85,1410.0,1428.75,1392.15,1400.0,1397.25,1403.3,47250,663.06,152,30000.0, 63.49,2026-06-10
VMART, EQ, 10-Jun-2026,690.95,690.95,708.65,682.1,687.0,690.85,696.7,222765,1552.01,15079,72775.0, 32.67,2026-06-10
VMM, EQ, 10-Jun-2026,118.26,118.26,121.7,118.2,118.85,118.84,120.07,7548292,9062.98,39566,3283587.0, 43.50,2026-06-10
VMSTMT, BE, 10-Jun-2026,45.39,45.05,45.98,44.9,45.25,45.08,45.33,8367,3.79,135,, -,2026-06-10
VOLERCAR, SM, 10-Jun-2026,236.9,232.5,239.7,225.5,225.5,228.8,229.45,60000,137.67,36,46400.0, 77.33,2026-06-10
VOLTAMP, EQ, 10-Jun-2026,10004.0,10004.0,10044.5,9700.0,9701.5,9754.0,9879.82,38331,3787.04,9539,23326.0, 60.85,2026-06-10
VOLTAS, EQ, 10-Jun-2026,1304.4,1300.5,1318.7,1285.0,1292.0,1290.0,1304.48,578749,7549.64,22342,145057.0, 25.06,2026-06-10
VPRPL, BE, 10-Jun-2026,27.9,26.51,29.29,26.51,26.51,26.51,26.7,3689868,985.09,5537,, -,2026-06-10
VRAJ, EQ, 10-Jun-2026,121.36,121.59,124.27,121.0,121.0,121.47,122.42,11871,14.53,878,4328.0, 36.46,2026-06-10
VRLLOG, EQ, 10-Jun-2026,241.22,241.22,242.95,233.0,234.0,234.44,236.23,126510,298.86,4078,66479.0, 52.55,2026-06-10
VSSL, EQ, 10-Jun-2026,271.65,271.65,277.0,260.15,262.0,264.6,267.9,96882,259.54,2728,48625.0, 50.19,2026-06-10
VSTIND, EQ, 10-Jun-2026,259.45,259.4,266.0,256.15,257.7,257.0,261.42,619991,1620.8,7135,276688.0, 44.63,2026-06-10
VSTL, EQ, 10-Jun-2026,118.39,118.39,120.95,116.35,120.9,120.26,118.89,15820,18.81,515,9342.0, 59.05,2026-06-10
VSTTILLERS, EQ, 10-Jun-2026,4592.3,4580.0,4606.1,4485.1,4515.2,4531.0,4543.92,5872,266.82,1993,3138.0, 53.44,2026-06-10
VTL, EQ, 10-Jun-2026,620.85,620.0,624.1,602.5,612.75,613.45,614.53,183151,1125.53,14378,87914.0, 48.00,2026-06-10
WAAREEENER, EQ, 10-Jun-2026,3040.8,3040.8,3074.8,3008.1,3019.0,3017.2,3043.54,498505,15172.18,28501,155077.0, 31.11,2026-06-10
WAAREEINDO, EQ, 10-Jun-2026,384.3,394.7,394.7,375.0,377.8,378.15,380.28,48540,184.59,1166,35325.0, 72.78,2026-06-10
WAAREERTL, EQ, 10-Jun-2026,968.75,974.0,981.55,946.8,953.0,953.6,961.43,126582,1216.99,8538,56144.0, 44.35,2026-06-10
WABAG, EQ, 10-Jun-2026,1586.3,1590.0,1596.3,1541.0,1558.0,1550.0,1559.59,228655,3566.09,16171,117856.0, 51.54,2026-06-10
WAKEFIT, EQ, 10-Jun-2026,118.02,120.99,131.94,115.81,117.65,118.12,124.28,6295183,7823.85,52712,711430.0, 11.30,2026-06-10
WALCHANNAG, EQ, 10-Jun-2026,254.7,256.0,257.7,241.9,243.1,243.25,247.13,1961010,4846.21,22205,673292.0, 34.33,2026-06-10
WALPAR, SM, 10-Jun-2026,24.5,23.3,23.3,23.3,23.3,23.3,23.3,22000,5.13,11,22000.0, 100.00,2026-06-10
WANBURY, EQ, 10-Jun-2026,265.75,265.75,269.0,258.3,259.15,259.85,263.67,112518,296.68,2074,50293.0, 44.70,2026-06-10
WCIL, EQ, 10-Jun-2026,94.47,93.8,95.35,91.82,92.3,92.04,93.35,60781,56.74,1196,35180.0, 57.88,2026-06-10
WEALTH, EQ, 10-Jun-2026,940.2,964.0,964.0,911.0,911.05,915.7,930.54,2907,27.05,297,1870.0, 64.33,2026-06-10
WEBELSOLAR, EQ, 10-Jun-2026,106.12,104.0,107.0,103.3,103.92,103.57,104.7,1607408,1682.97,10430,927065.0, 57.67,2026-06-10
WEIZMANIND, EQ, 10-Jun-2026,83.99,83.99,83.99,80.0,81.87,81.87,81.21,6435,5.23,83,6017.0, 93.50,2026-06-10
WEL, EQ, 10-Jun-2026,92.93,93.58,93.77,92.41,92.41,92.44,92.69,71496,66.27,627,41678.0, 58.29,2026-06-10
WELCORP, EQ, 10-Jun-2026,1411.6,1418.0,1418.0,1320.0,1370.0,1370.4,1355.3,1054605,14293.04,38446,432487.0, 41.01,2026-06-10
WELENT, EQ, 10-Jun-2026,540.6,540.0,566.8,540.0,555.0,556.1,554.49,801537,4444.46,18141,476746.0, 59.48,2026-06-10
WELINV, BE, 10-Jun-2026,1851.8,1788.9,1809.0,1765.2,1800.0,1800.0,1799.75,7101,127.8,23,, -,2026-06-10
WELSPLSOL, EQ, 10-Jun-2026,59.25,59.89,61.75,55.1,55.3,55.66,59.01,3666008,2163.37,15806,1250137.0, 34.10,2026-06-10
WELSPUNLIV, EQ, 10-Jun-2026,142.44,142.0,143.03,138.83,139.79,140.21,141.09,899782,1269.48,8589,578064.0, 64.24,2026-06-10
WENDT, EQ, 10-Jun-2026,6770.5,6879.0,6879.0,6660.0,6672.0,6767.5,6787.58,2833,192.29,714,1461.0, 51.57,2026-06-10
WESTLIFE, EQ, 10-Jun-2026,437.35,437.35,450.55,427.05,427.15,429.4,437.73,26986,118.13,2457,8655.0, 32.07,2026-06-10
WEWIN, BE, 10-Jun-2026,54.69,54.96,56.94,52.45,52.45,53.3,54.51,4041,2.2,33,, -,2026-06-10
WEWORK, EQ, 10-Jun-2026,647.5,644.9,654.3,632.85,639.75,643.75,646.61,96800,625.92,7406,44692.0, 46.17,2026-06-10
WHEELS, EQ, 10-Jun-2026,1507.6,1514.0,1614.8,1486.5,1603.0,1583.6,1563.66,306591,4794.05,24883,110406.0, 36.01,2026-06-10
WHIRLPOOL, EQ, 10-Jun-2026,773.75,779.3,793.85,775.25,785.45,781.05,782.58,132626,1037.91,8139,60432.0, 45.57,2026-06-10
WHITEFORCE, ST, 10-Jun-2026,32.3,33.9,33.9,30.75,33.5,33.5,32.36,11200,3.62,7,8000.0, 71.43,2026-06-10
WILLAMAGOR, EQ, 10-Jun-2026,26.12,26.26,26.98,26.25,26.98,26.4,26.35,24,0.01,5,14.0, 58.33,2026-06-10
WINDLAS, EQ, 10-Jun-2026,835.4,841.75,841.75,812.55,817.9,819.75,824.51,40704,335.61,4019,23376.0, 57.43,2026-06-10
WINDMACHIN, EQ, 10-Jun-2026,313.7,324.75,343.9,323.75,327.9,327.9,335.66,1285135,4313.7,21836,269600.0, 20.98,2026-06-10
WINSOL, SM, 10-Jun-2026,123.0,128.9,129.9,125.0,125.05,125.05,126.82,7200,9.13,18,4800.0, 66.67,2026-06-10
WIPL, EQ, 10-Jun-2026,148.0,150.0,152.4,147.99,148.0,148.0,149.28,2145,3.2,24,1811.0, 84.43,2026-06-10
WIPRO, EQ, 10-Jun-2026,181.67,182.1,182.29,178.5,178.64,178.93,180.44,16935979,30560.04,157206,7380598.0, 43.58,2026-06-10
WOCKPHARMA, EQ, 10-Jun-2026,1887.6,1900.0,1911.7,1820.0,1842.7,1833.0,1866.87,1411114,26343.61,51751,450265.0, 31.91,2026-06-10
WOL3D, ST, 10-Jun-2026,142.9,135.8,139.7,135.8,135.8,136.55,136.27,80000,109.02,67,73000.0, 91.25,2026-06-10
WOMANCART, SM, 10-Jun-2026,109.9,111.95,111.95,106.0,108.1,108.0,108.22,20000,21.64,48,14800.0, 74.00,2026-06-10
WONDERLA, EQ, 10-Jun-2026,477.55,478.0,479.0,470.65,478.0,473.4,475.49,21899,104.13,1763,12209.0, 55.75,2026-06-10
WORTHPERI, EQ, 10-Jun-2026,125.28,126.99,127.95,124.5,124.99,124.98,125.02,2417,3.02,32,2212.0, 91.52,2026-06-10
WPIL, EQ, 10-Jun-2026,422.55,424.2,429.0,420.0,420.0,422.3,425.03,10992,46.72,751,7681.0, 69.88,2026-06-10
WSI, EQ, 10-Jun-2026,68.31,69.89,71.99,68.25,70.75,71.11,70.58,39499,27.88,350,33010.0, 83.57,2026-06-10
WSTCSTPAPR, EQ, 10-Jun-2026,507.25,504.5,509.75,494.6,496.15,498.7,499.76,58583,292.78,2236,36004.0, 61.46,2026-06-10
WTICAB, SM, 10-Jun-2026,104.4,104.4,104.4,97.45,97.6,98.75,100.21,23500,23.55,31,14500.0, 61.70,2026-06-10
XCHANGING, EQ, 10-Jun-2026,64.98,65.0,65.85,62.75,62.99,63.02,64.03,88992,56.98,1105,55759.0, 62.66,2026-06-10
XELPMOC, EQ, 10-Jun-2026,92.79,92.79,93.39,89.04,90.0,90.46,91.27,13126,11.98,320,9535.0, 72.64,2026-06-10
XPROINDIA, EQ, 10-Jun-2026,1188.7,1186.2,1210.0,1159.2,1175.0,1166.2,1179.67,28837,340.18,2976,13963.0, 48.42,2026-06-10
XTGLOBAL, EQ, 10-Jun-2026,29.37,29.7,30.15,28.85,28.85,29.26,29.51,41071,12.12,579,20479.0, 49.86,2026-06-10
YAAP, ST, 10-Jun-2026,193.8,195.0,195.0,195.0,195.0,195.0,195.0,1000,1.95,1,1000.0, 100.00,2026-06-10
YASHO, EQ, 10-Jun-2026,2543.6,2564.5,2698.0,2451.2,2505.6,2475.1,2594.6,66067,1714.17,7736,23476.0, 35.53,2026-06-10
YASHOPTICS, SM, 10-Jun-2026,124.0,123.05,125.0,122.0,123.0,123.0,123.02,8800,10.83,11,7200.0, 81.82,2026-06-10
YATHARTH, EQ, 10-Jun-2026,839.1,840.0,847.65,822.25,826.0,830.05,835.41,183090,1529.55,9663,73184.0, 39.97,2026-06-10
YATRA, EQ, 10-Jun-2026,98.6,97.6,99.99,95.5,96.5,96.45,97.73,677185,661.83,5010,224905.0, 33.21,2026-06-10
YCCL, SM, 10-Jun-2026,10.1,10.2,10.2,10.2,10.2,10.2,10.2,6000,0.61,2,6000.0, 100.00,2026-06-10
YESBANK, EQ, 10-Jun-2026,23.37,23.4,23.52,22.52,22.64,22.6,22.93,97611104,22378.6,81175,37180115.0, 38.09,2026-06-10
YUDIZ, SM, 10-Jun-2026,24.7,24.7,24.7,23.5,24.5,24.5,23.98,4800,1.15,6,4000.0, 83.33,2026-06-10
YUKEN, EQ, 10-Jun-2026,677.8,691.05,692.3,670.1,670.1,671.55,679.24,4978,33.81,335,4240.0, 85.17,2026-06-10
ZAGGLE, EQ, 10-Jun-2026,197.73,197.72,202.4,196.0,197.8,196.98,198.99,628828,1251.27,8979,222613.0, 35.40,2026-06-10
ZEAL, SM, 10-Jun-2026,69.0,69.0,69.0,65.0,65.4,65.4,65.55,4800,3.15,5,4200.0, 87.50,2026-06-10
ZEEL, EQ, 10-Jun-2026,107.62,108.25,110.49,102.25,102.7,102.93,105.14,49980653,52548.43,137470,12648794.0, 25.31,2026-06-10
ZEELEARN, BE, 10-Jun-2026,7.43,7.54,7.59,7.06,7.06,7.08,7.14,810917,57.86,625,, -,2026-06-10
ZEEMEDIA, EQ, 10-Jun-2026,8.47,8.53,8.68,8.2,8.33,8.26,8.4,1432866,120.32,1797,1022303.0, 71.35,2026-06-10
ZENITHDRUG, SM, 10-Jun-2026,42.95,43.8,44.0,40.5,43.5,43.5,43.12,21600,9.31,26,10400.0, 48.15,2026-06-10
ZENITHEXPO, EQ, 10-Jun-2026,205.22,213.99,214.6,206.0,206.0,206.05,213.53,119,0.25,9,118.0, 99.16,2026-06-10
ZENITHSTL, EQ, 10-Jun-2026,5.99,5.99,6.22,5.65,5.83,5.76,5.85,163747,9.59,417,95163.0, 58.12,2026-06-10
ZENSARTECH, EQ, 10-Jun-2026,464.15,467.75,472.9,455.85,457.25,457.25,463.48,480774,2228.3,19671,243903.0, 50.73,2026-06-10
ZENTEC, EQ, 10-Jun-2026,1782.5,1790.1,1810.0,1754.0,1760.0,1761.8,1780.82,603771,10752.07,28813,171987.0, 28.49,2026-06-10
ZFCVINDIA, EQ, 10-Jun-2026,14309.0,14256.0,14969.0,14256.0,14700.0,14714.0,14688.51,14425,2118.82,4977,7263.0, 50.35,2026-06-10
ZFSTEERING, EQ, 10-Jun-2026,657.35,657.7,669.95,651.25,663.0,661.45,661.45,789,5.22,114,464.0, 58.81,2026-06-10
ZIMLAB, BE, 10-Jun-2026,113.05,113.1,115.0,110.1,111.0,111.66,113.29,74288,84.16,351,, -,2026-06-10
ZODIAC, BE, 10-Jun-2026,280.75,278.7,281.9,270.55,274.9,274.2,274.78,6601,18.14,301,, -,2026-06-10
ZODIACLOTH, EQ, 10-Jun-2026,74.88,74.99,75.0,71.1,73.2,73.46,72.74,13688,9.96,373,8167.0, 59.67,2026-06-10
ZOTA, EQ, 10-Jun-2026,1211.2,1224.9,1224.9,1200.2,1212.0,1214.2,1215.12,23813,289.36,1778,11809.0, 49.59,2026-06-10
ZSARACOM, EQ, 10-Jun-2026,9537.5,9500.0,9500.0,9300.5,9300.5,9304.5,9389.13,23,2.16,13,15.0, 65.22,2026-06-10
ZTECH, SM, 10-Jun-2026,581.25,583.5,595.0,581.0,582.2,581.4,584.98,7800,45.63,25,5400.0, 69.23,2026-06-10
ZUARI, EQ, 10-Jun-2026,214.99,216.0,223.9,214.0,214.05,215.4,219.43,217427,477.1,3603,56630.0, 26.05,2026-06-10
ZUARIIND, EQ, 10-Jun-2026,250.15,249.75,257.0,244.0,244.05,244.9,248.54,40920,101.7,1329,24512.0, 59.90,2026-06-10
ZYDUSLIFE, EQ, 10-Jun-2026,1105.6,1109.5,1119.8,1095.1,1097.0,1098.3,1108.52,598159,6630.7,20085,267729.0, 44.76,2026-06-10
ZYDUSWELL, EQ, 10-Jun-2026,509.25,509.65,514.8,495.1,499.0,496.75,505.78,256883,1299.26,12592,104509.0, 40.68,2026-06-10
