SYMBOL,SERIES,DATE1,PREV_CLOSE,OPEN_PRICE,HIGH_PRICE,LOW_PRICE,LAST_PRICE,CLOSE_PRICE,AVG_PRICE,TTL_TRD_QNTY,TURNOVER_LACS,NO_OF_TRADES,DELIV_QTY,DELIV_PER,DATE
1018GS2026, GS, 08-May-2026,104.5,101.18,103.5,101.18,103.5,103.5,101.99,1027,1.05,8,564.0, 54.92,2026-05-08
20MICRONS, EQ, 08-May-2026,184.2,185.0,187.04,180.65,182.89,181.81,183.55,87277,160.19,2410,35673.0, 40.87,2026-05-08
21STCENMGM, EQ, 08-May-2026,34.7,34.5,35.31,34.25,34.39,34.65,34.79,3128,1.09,45,3123.0, 99.84,2026-05-08
360ONE, EQ, 08-May-2026,1111.7,1112.9,1134.9,1105.7,1114.4,1118.5,1121.41,732727,8216.9,20616,337781.0, 46.10,2026-05-08
3BBLACKBIO, EQ, 08-May-2026,1299.6,1308.3,1308.3,1261.6,1299.0,1294.1,1294.72,6570,85.06,352,5811.0, 88.45,2026-05-08
3IINFOLTD, EQ, 08-May-2026,17.67,17.67,18.95,17.5,18.29,18.11,18.31,956978,175.19,2860,492551.0, 51.47,2026-05-08
3MINDIA, EQ, 08-May-2026,32650.0,32700.0,32700.0,32000.0,32070.0,32045.0,32178.89,2139,688.31,1306,1097.0, 51.29,2026-05-08
3PLAND, EQ, 08-May-2026,36.0,36.05,36.3,34.0,36.3,36.18,35.09,6600,2.32,149,4952.0, 75.03,2026-05-08
574GS2026, GS, 08-May-2026,103.9,103.9,103.9,103.9,103.9,103.9,103.9,1,0.0,1,1.0, 100.00,2026-05-08
579GS2030, GS, 08-May-2026,100.37,97.04,97.04,97.04,97.04,97.04,97.04,20,0.02,1,20.0, 100.00,2026-05-08
5PAISA, EQ, 08-May-2026,339.95,342.8,342.8,332.0,335.5,335.05,335.41,29285,98.22,1265,15375.0, 52.50,2026-05-08
601GS2028, GS, 08-May-2026,98.8,100.08,100.08,98.78,99.2,99.2,99.35,60,0.06,3,0.0, 0.00,2026-05-08
601GS2030, GS, 08-May-2026,98.5,98.11,99.25,98.11,99.25,99.25,98.68,200,0.2,2,100.0, 50.00,2026-05-08
610GS2031, GS, 08-May-2026,102.0,102.0,102.0,102.0,102.0,102.0,102.0,1,0.0,1,1.0, 100.00,2026-05-08
63MOONS, EQ, 08-May-2026,741.0,741.0,753.0,715.35,723.45,723.65,730.46,68535,500.62,2953,46863.0, 68.38,2026-05-08
648GS2035, GS, 08-May-2026,97.17,97.0,97.1,97.0,97.1,97.1,97.07,300,0.29,4,300.0, 100.00,2026-05-08
664GS2027, GS, 08-May-2026,101.91,101.91,102.25,101.91,102.25,102.25,102.08,200,0.2,2,100.0, 50.00,2026-05-08
668GS2040, GS, 08-May-2026,96.99,97.0,97.0,96.95,96.95,96.95,96.95,100,0.1,2,100.0, 100.00,2026-05-08
675GS2029, GS, 08-May-2026,102.05,103.2,103.2,103.2,103.2,103.2,103.2,11500,11.87,1,11500.0, 100.00,2026-05-08
676GS2061, GS, 08-May-2026,91.2,91.8,91.8,91.5,91.79,91.79,91.71,5519,5.06,8,5519.0, 100.00,2026-05-08
679GS2034, GS, 08-May-2026,98.75,100.25,100.25,99.25,99.25,99.25,100.16,18100,18.13,7,18100.0, 100.00,2026-05-08
679GS2034A, GS, 08-May-2026,96.0,96.0,96.0,96.0,96.0,96.0,96.0,100,0.1,1,100.0, 100.00,2026-05-08
68GS2060, GS, 08-May-2026,95.79,95.79,95.79,95.79,95.79,95.79,95.79,2,0.0,2,2.0, 100.00,2026-05-08
690GS2065, GS, 08-May-2026,91.8,91.8,91.97,91.23,91.94,91.94,91.81,42990,39.47,33,39587.0, 92.08,2026-05-08
695GS2061, GS, 08-May-2026,94.5,94.5,94.5,94.5,94.5,94.5,94.5,2648,2.5,6,2648.0, 100.00,2026-05-08
699GS2051, GS, 08-May-2026,96.03,97.95,97.95,96.11,96.11,96.12,97.54,435,0.42,7,403.0, 92.64,2026-05-08
706GS2028, GS, 08-May-2026,101.55,101.9,101.9,101.9,101.9,101.9,101.9,500,0.51,1,500.0, 100.00,2026-05-08
709GS2054, GS, 08-May-2026,97.5,97.51,97.51,96.7,96.7,97.14,97.27,76349,74.26,28,76345.0, 99.99,2026-05-08
709GS2074, GS, 08-May-2026,96.91,96.4,97.5,96.4,97.4,97.4,96.6,1116,1.08,8,1114.0, 99.82,2026-05-08
710GS2029, GS, 08-May-2026,101.99,101.86,101.86,101.86,101.86,101.86,101.86,10000,10.19,1,10000.0, 100.00,2026-05-08
716GS2050, GS, 08-May-2026,99.2,99.2,99.2,99.2,99.2,99.2,99.2,18,0.02,1,18.0, 100.00,2026-05-08
717GS2030, GS, 08-May-2026,103.0,102.1,102.5,102.1,102.1,102.1,102.1,24800,25.32,12,24800.0, 100.00,2026-05-08
718GS2033, GS, 08-May-2026,102.4,103.5,103.5,103.25,103.25,103.25,103.47,17000,17.59,13,17000.0, 100.00,2026-05-08
718GS2037, GS, 08-May-2026,103.4,103.58,103.7,103.55,103.65,103.59,103.6,51502,53.35,12,51002.0, 99.03,2026-05-08
719GS2060, GS, 08-May-2026,98.0,100.41,100.41,100.41,100.41,100.41,100.41,1,0.0,1,1.0, 100.00,2026-05-08
71GS2034, GS, 08-May-2026,101.9,100.05,100.05,100.05,100.05,100.05,100.05,112,0.11,4,106.0, 94.64,2026-05-08
723GS2039, GS, 08-May-2026,99.6,100.0,100.0,100.0,100.0,100.0,100.0,100,0.1,1,100.0, 100.00,2026-05-08
724GS2055, GS, 08-May-2026,98.5,98.9,98.9,98.55,98.66,98.67,98.72,5027,4.96,8,4527.0, 90.05,2026-05-08
725GS2063, GS, 08-May-2026,99.1,99.7,99.7,98.75,98.78,98.8,98.86,315145,311.54,114,283808.0, 90.06,2026-05-08
726GS2032, GS, 08-May-2026,103.59,103.0,103.0,103.0,103.0,103.0,103.0,1,0.0,1,1.0, 100.00,2026-05-08
734GS2064, GS, 08-May-2026,97.28,97.5,97.5,96.65,97.26,97.21,97.12,7700,7.48,23,6690.0, 86.88,2026-05-08
736GS2052, GS, 08-May-2026,101.0,97.0,97.0,97.0,97.0,97.0,97.0,99,0.1,1,99.0, 100.00,2026-05-08
737GR2054, GS, 08-May-2026,102.0,102.0,102.0,102.0,102.0,102.0,102.0,200,0.2,2,200.0, 100.00,2026-05-08
737GS2028, GS, 08-May-2026,102.6,102.0,102.5,102.0,102.11,102.11,102.43,1105,1.13,5,1025.0, 92.76,2026-05-08
738GS2027, GS, 08-May-2026,104.15,104.1,104.15,104.05,104.15,104.15,104.12,15383,16.02,10,15383.0, 100.00,2026-05-08
73GS2053, GS, 08-May-2026,101.99,101.0,101.0,101.0,101.0,101.0,101.0,1000,1.01,2,1000.0, 100.00,2026-05-08
741GS2036, GS, 08-May-2026,105.5,105.52,105.52,105.0,105.5,105.47,105.16,19118,20.1,13,18510.0, 96.82,2026-05-08
743GS2076, GS, 08-May-2026,100.5,98.85,101.1,98.85,101.1,101.1,98.86,25108,24.82,2,25108.0, 100.00,2026-05-08
746GS2073, GS, 08-May-2026,99.75,100.5,100.5,100.01,100.01,100.01,100.04,3100,3.1,6,3100.0, 100.00,2026-05-08
74GS2035, GS, 08-May-2026,101.84,102.0,102.0,102.0,102.0,102.0,102.0,76,0.08,1,76.0, 100.00,2026-05-08
750GS2056, GS, 08-May-2026,100.0,100.0,100.0,98.9,98.9,98.9,98.93,284,0.28,4,284.0, 100.00,2026-05-08
754GS2036, GS, 08-May-2026,107.62,107.62,107.65,107.15,107.4,107.4,107.44,773387,830.89,143,640633.0, 82.83,2026-05-08
832GS2032, GS, 08-May-2026,109.0,109.0,109.0,108.98,108.98,108.98,109.0,20100,21.91,47,16350.0, 81.34,2026-05-08
833GS2026, GS, 08-May-2026,103.0,103.0,103.0,103.0,103.0,103.0,103.0,1,0.0,1,1.0, 100.00,2026-05-08
883GS2041, GS, 08-May-2026,115.09,120.0,120.0,120.0,120.0,120.0,120.0,250,0.3,1,250.0, 100.00,2026-05-08
897GS2030, GS, 08-May-2026,115.0,114.2,114.9,114.2,114.9,114.9,114.73,2000,2.29,5,2000.0, 100.00,2026-05-08
92GS2030, GS, 08-May-2026,112.49,112.5,112.5,111.59,112.49,111.98,112.46,14821,16.67,12,14320.0, 96.62,2026-05-08
A2ZINFRA, BE, 08-May-2026,16.61,16.84,16.84,16.13,16.5,16.18,16.42,220487,36.19,442,, -,2026-05-08
AAATECH, EQ, 08-May-2026,100.99,101.8,101.88,98.26,99.95,99.34,100.61,14103,14.19,308,9653.0, 68.45,2026-05-08
AADHARHFC, EQ, 08-May-2026,500.45,501.5,506.25,497.3,502.75,501.4,502.25,301895,1516.27,10295,170844.0, 56.59,2026-05-08
AAKASH, BE, 08-May-2026,8.2,8.2,8.29,8.1,8.19,8.11,8.14,129827,10.57,307,, -,2026-05-08
AARADHYA, SM, 08-May-2026,107.8,107.0,107.0,107.0,107.0,107.0,107.0,1200,1.28,1,1200.0, 100.00,2026-05-08
AAREYDRUGS, BE, 08-May-2026,88.0,89.58,92.4,86.2,92.0,92.12,91.76,280597,257.47,504,, -,2026-05-08
AARNAV, EQ, 08-May-2026,23.22,23.33,24.0,22.52,22.52,22.86,23.88,453681,108.34,427,421356.0, 92.87,2026-05-08
AARON, EQ, 08-May-2026,138.74,136.15,139.69,136.15,139.39,138.74,138.28,7971,11.02,359,4592.0, 57.61,2026-05-08
AARTECH, EQ, 08-May-2026,45.05,44.5,45.43,44.0,45.0,45.0,44.54,90776,40.43,743,53597.0, 59.04,2026-05-08
AARTIDRUGS, EQ, 08-May-2026,397.65,395.25,399.9,385.1,386.5,387.9,392.55,132473,520.02,5572,63119.0, 47.65,2026-05-08
AARTIIND, EQ, 08-May-2026,488.15,485.0,490.55,484.1,487.0,485.45,486.51,577067,2807.5,14867,258515.0, 44.80,2026-05-08
AARTIPHARM, EQ, 08-May-2026,777.65,777.65,789.0,762.6,767.0,766.2,774.95,145918,1130.79,12860,73529.0, 50.39,2026-05-08
AARTISURF, EQ, 08-May-2026,448.2,453.0,465.0,445.0,459.0,461.6,458.1,21591,98.91,1351,12706.0, 58.85,2026-05-08
AARVI, EQ, 08-May-2026,128.44,126.5,129.58,126.0,127.2,128.1,127.4,12850,16.37,312,7200.0, 56.03,2026-05-08
AATMAJ, SM, 08-May-2026,20.3,21.45,22.5,21.2,22.5,22.45,21.81,26000,5.67,13,24000.0, 92.31,2026-05-08
AAVAS, EQ, 08-May-2026,1419.6,1419.9,1460.0,1415.0,1445.0,1443.6,1440.76,82898,1194.36,11448,44710.0, 53.93,2026-05-08
ABAN, BE, 08-May-2026,16.26,17.07,17.07,17.07,17.07,17.07,17.07,61940,10.57,71,, -,2026-05-08
ABANSENT, BE, 08-May-2026,41.14,39.09,39.09,39.09,39.09,39.09,39.09,3631,1.42,57,, -,2026-05-08
ABB, EQ, 08-May-2026,7188.0,7210.0,7210.0,6991.5,7010.0,7012.5,7074.9,443952,31409.16,44521,168621.0, 37.98,2026-05-08
ABBOTINDIA, EQ, 08-May-2026,26700.0,26840.0,26880.0,26550.0,26850.0,26700.0,26708.38,11131,2972.91,3958,6881.0, 61.82,2026-05-08
ABCAPITAL, EQ, 08-May-2026,369.0,369.0,369.85,361.35,362.3,362.95,364.6,2976183,10851.16,43688,1275328.0, 42.85,2026-05-08
ABCOTS, EQ, 08-May-2026,227.15,229.0,231.89,225.01,225.9,226.73,229.0,36454,83.48,1266,14725.0, 40.39,2026-05-08
ABDL, EQ, 08-May-2026,572.0,572.0,600.0,562.35,593.3,591.3,588.65,900364,5300.02,17497,428066.0, 47.54,2026-05-08
ABFRL, EQ, 08-May-2026,67.79,67.7,67.7,66.09,66.4,66.33,66.7,4480246,2988.23,22179,2041189.0, 45.56,2026-05-08
ABGSEC, EQ, 08-May-2026,113.1,111.38,112.93,111.38,111.59,111.59,112.21,85,0.1,14,62.0, 72.94,2026-05-08
ABHAPOWER, SM, 08-May-2026,32.0,32.35,32.35,31.25,31.5,31.5,31.7,11200,3.55,7,8000.0, 71.43,2026-05-08
ABINFRA, EQ, 08-May-2026,15.52,15.7,16.09,14.6,14.74,14.81,15.1,2075540,313.33,3608,1235660.0, 59.53,2026-05-08
ABLBL, EQ, 08-May-2026,118.21,107.01,114.5,104.99,114.0,114.06,112.29,7630719,8568.71,52470,2252888.0, 29.52,2026-05-08
ABMINTLLTD, BE, 08-May-2026,43.81,43.81,43.81,43.81,43.81,43.81,43.81,270,0.12,3,, -,2026-05-08
ABMKNO, EQ, 08-May-2026,224.95,225.0,233.0,217.99,230.99,227.36,228.86,5169,11.83,53,5076.0, 98.20,2026-05-08
ABREL, EQ, 08-May-2026,1591.2,1590.0,1593.8,1470.0,1479.0,1485.8,1511.87,553663,8370.66,33879,249328.0, 45.03,2026-05-08
ABSL10BANK, EQ, 08-May-2026,166.58,164.81,166.58,163.5,164.04,164.3,164.56,687,1.13,37,385.0, 56.04,2026-05-08
ABSLAMC, EQ, 08-May-2026,1088.6,1088.6,1088.9,1063.9,1075.0,1072.4,1076.48,1079673,11622.48,46111,882867.0, 81.77,2026-05-08
ABSLBANETF, EQ, 08-May-2026,57.15,57.23,57.23,56.3,56.59,56.45,56.61,43926,24.87,472,24784.0, 56.42,2026-05-08
ABSLLIQUID, EQ, 08-May-2026,1000.0,1000.0,1000.01,999.99,1000.01,1000.01,1000.0,2813,28.13,14,2560.0, 91.01,2026-05-08
ABSLMSCIN, EQ, 08-May-2026,29.67,29.56,29.56,29.48,29.51,29.51,29.51,123,0.04,7,122.0, 99.19,2026-05-08
ABSLNN50ET, EQ, 08-May-2026,75.29,75.6,75.75,74.66,75.75,75.21,75.24,9488,7.14,216,5127.0, 54.04,2026-05-08
ABSLPSE, EQ, 08-May-2026,11.14,11.14,11.21,11.07,11.12,11.1,11.1,260516,28.93,578,126361.0, 48.50,2026-05-08
ABSMARINE, SM, 08-May-2026,243.15,246.0,251.95,240.0,247.05,248.25,247.83,108000,267.66,157,83500.0, 77.31,2026-05-08
ACC, EQ, 08-May-2026,1414.6,1416.8,1432.9,1387.7,1393.0,1391.9,1407.25,507255,7138.36,21385,341189.0, 67.26,2026-05-08
ACCELYA, EQ, 08-May-2026,1163.8,1170.0,1178.0,1163.8,1176.3,1172.4,1172.33,11725,137.46,1035,8746.0, 74.59,2026-05-08
ACCENTMIC, SM, 08-May-2026,459.95,456.55,474.2,453.05,470.0,470.0,462.81,40500,187.44,75,30500.0, 75.31,2026-05-08
ACCPL, ST, 08-May-2026,112.5,111.15,118.1,110.0,118.1,117.75,115.95,42000,48.7,33,39600.0, 94.29,2026-05-08
ACCURACY, BE, 08-May-2026,5.24,5.14,5.36,5.14,5.2,5.19,5.24,92616,4.85,243,, -,2026-05-08
ACE, EQ, 08-May-2026,905.55,909.0,966.75,845.55,948.05,947.25,915.06,4413015,40381.76,128289,1011209.0, 22.91,2026-05-08
ACEINTEG, EQ, 08-May-2026,21.17,21.18,21.34,20.28,20.32,20.4,20.8,3047,0.63,96,2264.0, 74.30,2026-05-08
ACETEC, SM, 08-May-2026,121.05,124.0,124.05,115.0,122.1,122.1,120.56,13200,15.91,11,9600.0, 72.73,2026-05-08
ACI, EQ, 08-May-2026,624.7,626.0,626.0,606.55,607.8,608.25,613.45,92096,564.96,7666,51813.0, 56.26,2026-05-08
ACL, EQ, 08-May-2026,56.55,57.0,57.74,56.22,57.39,57.62,57.26,15577,8.92,338,8782.0, 56.38,2026-05-08
ACMESOLAR, EQ, 08-May-2026,298.55,307.0,307.4,278.1,283.0,282.8,285.96,5356990,15319.1,70475,2808479.0, 52.43,2026-05-08
ACSTECH, EQ, 08-May-2026,37.32,38.0,38.0,36.58,36.9,36.64,36.94,45127,16.67,327,34083.0, 75.53,2026-05-08
ACUTAAS, EQ, 08-May-2026,2725.7,2700.2,2759.0,2700.0,2745.1,2734.3,2732.43,268791,7344.52,23802,134283.0, 49.96,2026-05-08
ADANIENSOL, EQ, 08-May-2026,1387.1,1390.0,1397.0,1346.0,1354.9,1353.6,1370.63,3113343,42672.56,64320,1733858.0, 55.69,2026-05-08
ADANIENT, EQ, 08-May-2026,2513.7,2519.0,2546.1,2500.0,2502.0,2505.9,2521.01,1499613,37805.33,50320,445832.0, 29.73,2026-05-08
ADANIGREEN, EQ, 08-May-2026,1365.0,1364.1,1373.0,1349.5,1350.0,1355.8,1363.76,2014853,27477.74,45592,532607.0, 26.43,2026-05-08
ADANIPORTS, EQ, 08-May-2026,1732.8,1740.4,1792.0,1727.7,1760.0,1760.4,1761.21,4984856,87793.9,113348,1858466.0, 37.28,2026-05-08
ADANIPOWER, EQ, 08-May-2026,230.19,231.0,231.43,224.03,225.25,225.33,227.74,27156296,61845.56,138191,9115670.0, 33.57,2026-05-08
ADDICTIVE, SM, 08-May-2026,87.8,84.05,86.0,83.9,85.0,85.0,85.25,10000,8.52,15,8500.0, 85.00,2026-05-08
ADFFOODS, EQ, 08-May-2026,266.8,265.0,280.0,264.55,272.3,273.35,274.48,464336,1274.49,9834,212788.0, 45.83,2026-05-08
ADISOFT, ST, 08-May-2026,235.6,233.0,239.0,223.85,225.1,227.0,227.4,340000,773.17,353,287200.0, 84.47,2026-05-08
ADL, EQ, 08-May-2026,74.09,72.21,76.8,72.21,74.9,73.99,74.54,483,0.36,31,282.0, 58.39,2026-05-08
ADOR, EQ, 08-May-2026,1086.6,1080.0,1096.8,1070.3,1086.8,1078.0,1081.06,18742,202.61,2181,8923.0, 47.61,2026-05-08
ADROITINFO, EQ, 08-May-2026,9.97,9.95,10.7,9.86,10.7,10.16,10.06,24454,2.46,210,22098.0, 90.37,2026-05-08
ADSL, EQ, 08-May-2026,133.93,133.8,144.9,131.25,140.6,140.02,140.73,1622542,2283.48,17893,437697.0, 26.98,2026-05-08
ADVAIT, EQ, 08-May-2026,2040.9,2040.9,2121.0,2002.0,2090.0,2096.6,2093.81,68139,1426.7,6698,31908.0, 46.83,2026-05-08
ADVANCE, EQ, 08-May-2026,112.81,113.38,116.99,112.11,112.32,112.78,114.31,282284,322.67,1889,120609.0, 42.73,2026-05-08
ADVANIHOTR, EQ, 08-May-2026,55.09,55.1,55.54,54.47,55.54,55.2,54.91,25068,13.77,628,15910.0, 63.47,2026-05-08
ADVENTHTL, EQ, 08-May-2026,165.09,166.74,166.74,158.8,159.5,159.8,161.42,95202,153.68,2559,55852.0, 58.67,2026-05-08
ADVENZYMES, EQ, 08-May-2026,359.85,359.8,372.0,353.4,361.75,357.25,362.82,421044,1527.62,15004,214879.0, 51.03,2026-05-08
AEGISLOG, EQ, 08-May-2026,739.65,739.7,741.0,714.7,724.0,720.9,724.74,575332,4169.67,28079,320204.0, 55.66,2026-05-08
AEGISVOPAK, EQ, 08-May-2026,216.12,216.0,216.45,208.06,211.15,211.24,212.04,1180713,2503.61,21428,594341.0, 50.34,2026-05-08
AEPL, BE, 08-May-2026,17.84,17.77,17.8,17.4,17.74,17.69,17.66,17665,3.12,112,, -,2026-05-08
AEQUS, EQ, 08-May-2026,202.68,204.7,209.0,199.24,203.5,204.93,204.52,3539315,7238.67,65005,1190412.0, 33.63,2026-05-08
AEROENTER, EQ, 08-May-2026,111.29,110.5,113.0,107.0,109.89,109.45,109.98,844534,928.81,6876,385369.0, 45.63,2026-05-08
AEROFLEX, EQ, 08-May-2026,413.6,399.95,458.7,398.0,421.45,439.35,426.31,18112356,77215.58,252959,2807022.0, 15.50,2026-05-08
AERON, SM, 08-May-2026,100.0,99.0,99.0,96.0,96.0,96.15,97.23,15000,14.59,15,11000.0, 73.33,2026-05-08
AERONEU, EQ, 08-May-2026,91.35,92.9,94.9,90.25,90.72,90.98,92.71,77294,71.66,940,14053.0, 18.18,2026-05-08
AESTHETIK, SM, 08-May-2026,73.15,75.0,76.5,75.0,76.5,76.5,75.5,3000,2.27,3,3000.0, 100.00,2026-05-08
AETHER, EQ, 08-May-2026,1214.8,1217.0,1240.0,1209.1,1213.0,1213.4,1225.21,163061,1997.83,18786,79742.0, 48.90,2026-05-08
AFCONS, EQ, 08-May-2026,336.85,337.5,347.9,336.2,341.4,340.7,343.07,625584,2146.22,12940,245362.0, 39.22,2026-05-08
AFFLE, EQ, 08-May-2026,1488.7,1495.0,1532.6,1488.7,1510.0,1506.3,1514.39,462532,7004.53,30169,189057.0, 40.87,2026-05-08
AFFORDABLE, BE, 08-May-2026,174.12,174.95,177.0,173.0,175.99,175.94,175.28,4882,8.56,110,, -,2026-05-08
AFIL, BE, 08-May-2026,8.99,9.24,9.39,9.2,9.25,9.28,9.31,1504979,140.04,1235,, -,2026-05-08
AFSL, EQ, 08-May-2026,206.99,206.98,208.02,202.0,202.1,202.45,204.78,18413,37.71,579,10485.0, 56.94,2026-05-08
AGARIND, EQ, 08-May-2026,473.9,473.9,474.9,454.9,455.55,457.15,463.63,61901,286.99,2180,30254.0, 48.87,2026-05-08
AGARWALEYE, EQ, 08-May-2026,449.5,449.0,462.95,448.0,453.5,454.6,456.08,71158,324.54,4119,34957.0, 49.13,2026-05-08
AGARWALFT, ST, 08-May-2026,39.6,39.6,39.6,39.6,39.6,39.6,39.6,1500,0.59,1,1500.0, 100.00,2026-05-08
AGARWALTUF, SM, 08-May-2026,124.6,125.0,127.5,123.9,126.8,126.15,125.51,49200,61.75,39,42000.0, 85.37,2026-05-08
AGI, EQ, 08-May-2026,634.5,640.8,640.8,627.0,630.0,629.2,631.37,155658,982.77,7208,78354.0, 50.34,2026-05-08
AGIIL, EQ, 08-May-2026,370.8,370.5,374.25,365.7,370.15,371.1,370.56,815245,3020.99,7621,319097.0, 39.14,2026-05-08
AGRITECH, EQ, 08-May-2026,111.94,111.0,112.79,108.4,111.5,111.98,111.02,2194,2.44,71,1209.0, 55.10,2026-05-08
AGROPHOS, EQ, 08-May-2026,31.62,32.69,32.69,30.51,32.18,32.03,31.59,10587,3.34,176,6170.0, 58.28,2026-05-08
AGUL, SM, 08-May-2026,58.85,58.85,59.95,55.95,59.95,59.95,56.72,18000,10.21,8,10000.0, 55.56,2026-05-08
AHCL, EQ, 08-May-2026,13.16,13.3,14.9,13.14,14.0,14.08,14.07,7789579,1096.09,9687,2428628.0, 31.18,2026-05-08
AHLADA, EQ, 08-May-2026,45.49,46.0,46.49,45.2,45.85,45.7,46.11,12049,5.56,106,8418.0, 69.86,2026-05-08
AHLEAST, EQ, 08-May-2026,167.05,165.37,168.5,163.05,167.0,165.5,164.92,1460,2.41,39,1201.0, 82.26,2026-05-08
AHLUCONT, EQ, 08-May-2026,851.7,847.0,860.0,841.05,845.4,847.55,852.05,27342,232.97,2275,16212.0, 59.29,2026-05-08
AHLWEST, BE, 08-May-2026,439.55,461.5,461.5,461.5,461.5,461.5,461.5,27991,129.18,161,, -,2026-05-08
AIAENG, EQ, 08-May-2026,4005.5,4021.4,4049.9,3955.0,3973.5,3971.9,4003.49,24345,974.65,4696,13308.0, 54.66,2026-05-08
AIIL, EQ, 08-May-2026,490.05,487.6,504.95,485.0,494.8,494.9,492.09,846489,4165.46,13609,664098.0, 78.45,2026-05-08
AIMTRON, SM, 08-May-2026,1097.9,1098.0,1111.55,1015.05,1110.0,1091.9,1065.73,119600,1274.61,428,69600.0, 58.19,2026-05-08
AIRAN, EQ, 08-May-2026,17.13,17.5,17.85,17.11,17.64,17.61,17.48,60959,10.66,446,44472.0, 72.95,2026-05-08
AIROLAM, EQ, 08-May-2026,87.51,89.0,89.0,85.81,88.5,88.4,87.11,119,0.1,23,110.0, 92.44,2026-05-08
AJANTPHARM, EQ, 08-May-2026,3078.4,3079.8,3095.0,3027.7,3033.0,3035.0,3050.58,55924,1706.01,12350,30543.0, 54.62,2026-05-08
AJAXENGG, EQ, 08-May-2026,550.1,553.0,556.55,545.0,555.0,555.0,553.89,37038,205.15,2852,25580.0, 69.06,2026-05-08
AJMERA, EQ, 08-May-2026,133.94,133.5,133.5,129.16,129.99,129.72,130.62,403291,526.78,2626,206046.0, 51.09,2026-05-08
AJOONI, EQ, 08-May-2026,4.3,4.25,4.34,4.23,4.32,4.3,4.28,360697,15.44,521,214886.0, 59.58,2026-05-08
AKANKSHA, ST, 08-May-2026,97.0,95.0,95.0,92.8,92.8,92.8,93.54,6000,5.61,6,6000.0, 100.00,2026-05-08
AKASH, EQ, 08-May-2026,27.03,27.01,27.25,27.0,27.25,27.22,27.09,4611,1.25,49,3932.0, 85.27,2026-05-08
AKCAPIT, EQ, 08-May-2026,1613.0,1613.0,1613.0,1565.3,1604.0,1603.8,1600.22,227,3.63,28,219.0, 96.48,2026-05-08
AKG, EQ, 08-May-2026,11.64,11.32,11.75,11.06,11.5,11.52,11.4,34459,3.93,250,30263.0, 87.82,2026-05-08
AKI, EQ, 08-May-2026,5.11,5.24,5.28,4.8,5.17,5.16,5.12,212056,10.85,437,97446.0, 45.95,2026-05-08
AKIKO, ST, 08-May-2026,281.6,290.05,295.65,290.05,295.65,295.65,295.34,20000,59.07,23,17600.0, 88.00,2026-05-08
AKSHAR, EQ, 08-May-2026,0.5,0.5,0.51,0.49,0.51,0.5,0.5,1049663,5.28,351,1044913.0, 99.55,2026-05-08
AKSHARCHEM, EQ, 08-May-2026,212.75,214.95,216.79,207.1,207.1,208.44,211.56,3221,6.81,147,1717.0, 53.31,2026-05-08
AKSHOPTFBR, BE, 08-May-2026,7.0,7.35,7.35,7.35,7.35,7.35,7.35,406934,29.91,158,, -,2026-05-08
AKUMS, EQ, 08-May-2026,548.0,546.8,561.0,546.8,558.05,557.1,555.09,161814,898.21,7153,92612.0, 57.23,2026-05-08
ALANKIT, EQ, 08-May-2026,9.42,9.49,9.49,9.2,9.25,9.32,9.42,161661,15.23,680,126157.0, 78.04,2026-05-08
ALBERTDAVD, EQ, 08-May-2026,789.75,805.85,819.6,783.15,800.8,796.0,804.35,7736,62.22,710,4765.0, 61.60,2026-05-08
ALCODIS, ST, 08-May-2026,82.5,82.25,82.25,82.25,82.25,82.25,82.25,625,0.51,1,625.0, 100.00,2026-05-08
ALEMBICLTD, EQ, 08-May-2026,95.34,95.42,95.5,94.35,94.82,94.89,94.89,160433,152.23,1526,58238.0, 36.30,2026-05-08
ALGOQUANT, EQ, 08-May-2026,58.48,59.36,60.0,57.75,57.87,58.18,58.28,883560,514.94,1612,165822.0, 18.77,2026-05-08
ALICON, EQ, 08-May-2026,732.95,732.9,750.1,725.0,744.0,746.9,744.41,14189,105.62,1481,8745.0, 61.63,2026-05-08
ALIVUS, EQ, 08-May-2026,1121.1,1129.0,1133.5,1114.3,1123.0,1121.3,1123.9,60208,676.68,6519,31609.0, 52.50,2026-05-08
ALKALI, EQ, 08-May-2026,68.49,69.0,69.0,67.1,67.75,67.49,67.71,7639,5.17,94,5434.0, 71.13,2026-05-08
ALKEM, EQ, 08-May-2026,5590.5,5588.0,5665.5,5550.0,5560.0,5585.5,5606.88,55727,3124.55,16155,22596.0, 40.55,2026-05-08
ALKYLAMINE, EQ, 08-May-2026,1735.0,1734.6,1749.0,1698.3,1701.1,1707.3,1724.82,52770,910.19,9333,18771.0, 35.57,2026-05-08
ALLCARGO, EQ, 08-May-2026,9.84,9.84,9.94,9.76,9.9,9.81,9.83,2579932,253.62,3734,1317286.0, 51.06,2026-05-08
ALLDIGI, EQ, 08-May-2026,831.05,847.0,866.05,830.45,840.0,835.95,841.16,15714,132.18,1434,9707.0, 61.77,2026-05-08
ALLETEC, SM, 08-May-2026,162.45,167.0,167.0,160.0,160.2,161.2,162.22,26400,42.83,59,16800.0, 63.64,2026-05-08
ALLTIME, EQ, 08-May-2026,270.18,270.0,273.91,260.7,262.1,264.11,268.32,69574,186.68,1523,40947.0, 58.85,2026-05-08
ALMONDZ, EQ, 08-May-2026,17.05,16.75,17.44,16.75,17.11,17.08,17.24,46295,7.98,216,35243.0, 76.13,2026-05-08
ALOKINDS, EQ, 08-May-2026,14.36,14.3,14.37,14.01,14.08,14.09,14.17,4635440,656.8,7733,2004891.0, 43.25,2026-05-08
ALPA, EQ, 08-May-2026,70.13,69.0,71.49,69.0,71.0,70.76,70.24,11781,8.27,128,7919.0, 67.22,2026-05-08
ALPEXSOLAR, SM, 08-May-2026,1053.25,1048.0,1084.9,1042.05,1054.0,1054.45,1061.89,30200,320.69,242,16700.0, 55.30,2026-05-08
ALPHA, EQ, 08-May-2026,50.87,49.59,51.24,49.59,50.72,50.74,50.75,1069176,542.59,3220,573484.0, 53.64,2026-05-08
ALPHAETF, EQ, 08-May-2026,25.99,25.98,26.05,25.88,25.9,25.93,25.95,275828,71.58,908,175385.0, 63.58,2026-05-08
ALPHAGEO, EQ, 08-May-2026,225.95,224.82,226.02,221.11,221.3,221.43,223.6,5954,13.31,188,4669.0, 78.42,2026-05-08
ALPL30IETF, EQ, 08-May-2026,27.17,27.04,27.25,27.04,27.09,27.1,27.12,453233,122.91,918,345507.0, 76.23,2026-05-08
ALUWIND, SM, 08-May-2026,52.0,51.0,51.5,50.1,50.8,50.4,50.54,54000,27.29,32,46500.0, 86.11,2026-05-08
AMAGI, EQ, 08-May-2026,435.75,438.45,441.4,420.65,427.0,425.45,430.08,125296,538.87,6445,71418.0, 57.00,2026-05-08
AMANTA, EQ, 08-May-2026,135.73,135.73,140.0,135.73,137.5,138.76,137.95,69293,95.59,993,40803.0, 58.88,2026-05-08
AMBAAUTO, ST, 08-May-2026,130.65,129.5,134.0,129.0,130.0,131.3,131.26,141000,185.08,42,140000.0, 99.29,2026-05-08
AMBALALSA, EQ, 08-May-2026,31.71,32.2,33.33,31.52,33.25,33.17,32.8,87667,28.76,1152,51721.0, 59.00,2026-05-08
AMBANIORGO, ST, 08-May-2026,137.95,135.2,140.4,135.2,140.4,140.4,137.8,2000,2.76,2,2000.0, 100.00,2026-05-08
AMBER, EQ, 08-May-2026,8842.5,8800.0,8919.0,8714.0,8853.0,8824.5,8799.19,330982,29123.73,43642,128657.0, 38.87,2026-05-08
AMBEY, ST, 08-May-2026,30.75,30.1,30.15,30.1,30.15,30.15,30.13,4000,1.21,2,4000.0, 100.00,2026-05-08
AMBICAAGAR, EQ, 08-May-2026,23.95,24.84,24.84,23.95,24.52,24.52,24.5,1325,0.32,32,1046.0, 78.94,2026-05-08
AMBIKCO, EQ, 08-May-2026,1655.3,1655.3,1661.8,1601.0,1616.5,1620.7,1632.4,10197,166.46,1322,6015.0, 58.99,2026-05-08
AMBUJACEM, EQ, 08-May-2026,450.65,449.0,457.95,442.5,443.9,444.3,450.59,5045246,22733.55,54845,2271788.0, 45.03,2026-05-08
AMCL, SM, 08-May-2026,514.0,523.0,523.0,500.0,512.7,512.7,506.81,2800,14.19,4,2400.0, 85.71,2026-05-08
AMDIND, EQ, 08-May-2026,47.37,47.37,49.9,47.37,48.75,49.03,48.76,31261,15.24,319,23016.0, 73.63,2026-05-08
AMEYA, SM, 08-May-2026,115.5,120.8,121.0,116.35,121.0,121.0,119.42,18000,21.5,17,12000.0, 66.67,2026-05-08
AMIRCHAND, EQ, 08-May-2026,133.73,133.6,133.9,131.01,131.45,131.56,132.4,561837,743.87,4208,148891.0, 26.50,2026-05-08
AMJLAND, EQ, 08-May-2026,42.31,42.0,42.4,41.1,42.2,41.77,41.94,4039,1.69,95,3685.0, 91.24,2026-05-08
AMNPLST, EQ, 08-May-2026,171.87,174.0,176.0,170.05,171.0,172.21,172.73,1281,2.21,46,776.0, 60.58,2026-05-08
AMRUTANJAN, EQ, 08-May-2026,558.05,555.0,570.0,542.0,545.0,548.55,555.72,17862,99.26,1615,9444.0, 52.87,2026-05-08
ANANDRATHI, EQ, 08-May-2026,3614.2,3634.0,3634.0,3600.0,3602.3,3608.8,3612.49,110847,4004.33,13022,72327.0, 65.25,2026-05-08
ANANTAM, IV, 08-May-2026,110.33,114.0,114.0,109.56,110.56,110.5,112.47,5574,6.27,57,5245.0, 94.10,2026-05-08
ANANTRAJ, EQ, 08-May-2026,555.9,556.0,564.85,548.0,561.75,560.85,557.53,2279805,12710.56,40139,831279.0, 36.46,2026-05-08
ANDHRAPAP, EQ, 08-May-2026,69.34,69.3,69.79,67.81,69.49,69.2,68.8,155181,106.76,2806,107452.0, 69.24,2026-05-08
ANDHRSUGAR, EQ, 08-May-2026,102.31,101.8,103.05,99.4,100.01,100.07,100.7,296090,298.16,3212,162221.0, 54.79,2026-05-08
ANGELONE, EQ, 08-May-2026,322.6,322.0,334.95,319.0,326.0,326.0,328.51,12373135,40646.59,107540,3664406.0, 29.62,2026-05-08
ANIKINDS, BE, 08-May-2026,47.95,47.9,47.95,45.61,46.99,46.95,46.67,5350,2.5,30,, -,2026-05-08
ANKITMETAL, BZ, 08-May-2026,1.63,1.64,1.66,1.6,1.6,1.6,1.63,31868,0.52,41,, -,2026-05-08
ANLON, ST, 08-May-2026,586.55,580.0,580.0,560.0,563.0,563.0,565.31,23200,131.15,33,22800.0, 98.28,2026-05-08
ANMOL, EQ, 08-May-2026,12.02,12.2,12.2,11.7,12.04,11.94,11.9,20174,2.4,161,14598.0, 72.36,2026-05-08
ANNAPURNA, SM, 08-May-2026,157.85,160.0,160.0,155.0,156.9,156.45,156.87,65500,102.75,138,53250.0, 81.30,2026-05-08
ANONDITA, SM, 08-May-2026,979.45,980.0,980.0,953.0,953.0,957.85,967.63,6600,63.86,28,5400.0, 81.82,2026-05-08
ANSALAPI, BZ, 08-May-2026,4.06,4.14,4.14,4.02,4.1,4.03,4.13,69230,2.86,114,, -,2026-05-08
ANTELOPUS, EQ, 08-May-2026,669.05,674.0,679.9,640.0,665.0,663.1,664.85,181031,1203.59,7561,86387.0, 47.72,2026-05-08
ANTGRAPHIC, EQ, 08-May-2026,0.85,0.85,0.86,0.84,0.86,0.85,0.85,149949,1.28,180,90142.0, 60.12,2026-05-08
ANTHEM, EQ, 08-May-2026,779.45,783.2,805.0,779.45,784.4,784.65,790.03,429574,3393.76,30390,211472.0, 49.23,2026-05-08
ANUHPHR, EQ, 08-May-2026,82.98,83.0,84.7,82.51,83.95,83.66,83.6,45936,38.4,730,25758.0, 56.07,2026-05-08
ANUP, EQ, 08-May-2026,2184.8,2184.8,2199.6,2130.1,2150.0,2161.9,2160.97,30559,660.37,5526,12143.0, 39.74,2026-05-08
ANURAS, EQ, 08-May-2026,1367.0,1370.0,1382.0,1354.3,1369.0,1372.1,1367.28,482841,6601.8,19111,133736.0, 27.70,2026-05-08
ANYA, SM, 08-May-2026,17.4,17.4,17.4,17.4,17.4,17.4,17.4,5000,0.87,1,5000.0, 100.00,2026-05-08
ANZEN, IV, 08-May-2026,122.25,126.0,126.0,126.0,126.0,126.0,126.0,50000,63.0,2,50000.0, 100.00,2026-05-08
AONEGOLD, EQ, 08-May-2026,14.03,14.1,14.15,13.97,14.02,14.0,14.01,338366,47.4,1572,262930.0, 77.71,2026-05-08
AONELIQUID, EQ, 08-May-2026,1058.29,1058.73,1058.74,1058.71,1058.74,1058.73,1058.74,63301,670.19,448,62709.0, 99.06,2026-05-08
AONENIFTY, EQ, 08-May-2026,9.97,10.21,10.25,9.9,9.94,9.93,9.93,212873,21.15,1337,101199.0, 47.54,2026-05-08
AONESILVER, EQ, 08-May-2026,9.5,9.73,9.73,9.31,9.58,9.58,9.58,793534,76.05,961,383860.0, 48.37,2026-05-08
AONETMMQ50, EQ, 08-May-2026,10.36,10.41,10.41,10.29,10.34,10.34,10.35,53141,5.5,231,39558.0, 74.44,2026-05-08
AONETOTAL, EQ, 08-May-2026,11.79,11.99,11.99,11.7,11.78,11.75,11.76,252080,29.64,1528,154395.0, 61.25,2026-05-08
APARINDS, EQ, 08-May-2026,12801.0,12850.0,12890.0,12723.0,12760.0,12810.0,12816.1,51050,6542.62,12366,19221.0, 37.65,2026-05-08
APCL, EQ, 08-May-2026,116.69,116.69,118.0,114.0,114.0,114.01,115.15,5100,5.87,152,3073.0, 60.25,2026-05-08
APCOTEXIND, EQ, 08-May-2026,511.35,540.0,559.9,516.2,525.45,520.65,537.16,1483788,7970.34,36356,277800.0, 18.72,2026-05-08
APEX, EQ, 08-May-2026,501.3,505.0,512.0,488.2,493.1,492.8,501.35,765169,3836.2,18011,250505.0, 32.74,2026-05-08
APEXECO, SM, 08-May-2026,169.9,187.0,200.0,171.0,173.0,174.1,181.12,362400,656.38,399,192800.0, 53.20,2026-05-08
APLAPOLLO, EQ, 08-May-2026,1973.7,1986.8,2011.7,1943.4,1951.0,1948.6,1963.37,639610,12557.9,38376,307843.0, 48.13,2026-05-08
APLLTD, EQ, 08-May-2026,776.55,773.0,801.0,772.95,786.9,787.05,791.97,407954,3230.87,12823,252552.0, 61.91,2026-05-08
APOLLO, EQ, 08-May-2026,314.55,313.15,337.8,313.15,325.0,324.85,326.54,19953918,65157.85,159670,4866188.0, 24.39,2026-05-08
APOLLOHOSP, EQ, 08-May-2026,7837.0,7837.0,8115.0,7812.5,8105.0,8097.0,8029.79,922866,74104.21,109795,467835.0, 50.69,2026-05-08
APOLLOPIPE, EQ, 08-May-2026,498.8,502.8,514.8,485.1,493.75,497.0,498.32,1019228,5078.97,23734,262738.0, 25.78,2026-05-08
APOLLOTYRE, EQ, 08-May-2026,410.05,412.05,413.25,407.55,408.55,409.25,409.66,1177811,4825.01,33000,624716.0, 53.04,2026-05-08
APOLSINHOT, EQ, 08-May-2026,1176.8,1171.0,1196.7,1171.0,1180.0,1176.9,1178.21,113,1.33,29,65.0, 57.52,2026-05-08
APRAMEYA, SM, 08-May-2026,243.15,245.0,245.0,230.0,236.0,233.5,235.58,6000,14.14,12,4000.0, 66.67,2026-05-08
APS, SM, 08-May-2026,364.6,369.95,372.0,360.0,365.05,366.0,366.07,20000,73.21,73,12000.0, 60.00,2026-05-08
APSISAERO, ST, 08-May-2026,273.4,285.0,287.05,284.0,287.05,287.05,285.53,45600,130.2,26,44400.0, 97.37,2026-05-08
APTECHT, EQ, 08-May-2026,109.56,109.56,111.9,108.68,109.78,109.47,109.82,324940,356.84,2399,203957.0, 62.77,2026-05-08
APTUS, EQ, 08-May-2026,275.05,277.35,285.7,276.5,282.5,282.8,283.03,2347454,6644.11,28416,935486.0, 39.85,2026-05-08
AQYLON, EQ, 08-May-2026,51.14,51.8,51.86,50.01,51.46,51.5,51.19,3642037,1864.33,6646,1103885.0, 30.31,2026-05-08
ARABIAN, SM, 08-May-2026,69.95,70.15,74.0,70.15,73.7,73.7,72.98,20000,14.6,10,14000.0, 70.00,2026-05-08
ARCHIDPLY, EQ, 08-May-2026,90.2,92.5,97.0,88.25,88.61,89.91,92.66,58577,54.28,871,26935.0, 45.98,2026-05-08
ARCHIES, EQ, 08-May-2026,15.82,15.82,15.99,15.36,15.5,15.45,15.57,9684,1.51,148,8301.0, 85.72,2026-05-08
ARCIIL, ST, 08-May-2026,64.5,64.5,64.5,61.3,62.3,62.3,62.1,17000,10.56,17,15000.0, 88.24,2026-05-08
ARE&M, EQ, 08-May-2026,897.4,897.4,904.7,885.5,890.85,888.85,892.99,423453,3781.41,21885,162511.0, 38.38,2026-05-08
ARENTERP, EQ, 08-May-2026,39.0,38.81,41.0,37.23,39.05,39.1,39.66,752,0.3,22,524.0, 69.68,2026-05-08
ARFIN, EQ, 08-May-2026,95.39,95.0,97.0,94.52,96.15,96.49,96.17,1738825,1672.22,4929,235424.0, 13.54,2026-05-08
ARHAM, SM, 08-May-2026,144.9,144.25,144.85,143.95,143.95,144.4,144.31,7000,10.1,7,4000.0, 57.14,2026-05-08
ARIES, EQ, 08-May-2026,380.05,380.05,382.0,367.1,367.1,369.25,374.14,22260,83.28,1028,10063.0, 45.21,2026-05-08
ARIHANT, EQ, 08-May-2026,913.1,900.1,914.95,893.0,913.0,909.3,905.62,980,8.88,76,602.0, 61.43,2026-05-08
ARIHANTACA, SM, 08-May-2026,480.0,451.3,470.0,451.3,470.0,470.0,460.65,800,3.69,2,400.0, 50.00,2026-05-08
ARIHANTCAP, EQ, 08-May-2026,74.37,76.0,76.8,73.61,74.45,74.92,74.91,339748,254.49,2949,115792.0, 34.08,2026-05-08
ARIHANTSUP, EQ, 08-May-2026,271.75,270.65,278.75,270.65,276.3,277.15,276.21,10131,27.98,358,6308.0, 62.26,2026-05-08
ARIS, EQ, 08-May-2026,145.52,149.49,156.99,147.1,154.0,154.2,152.43,4863512,7413.62,30274,1487855.0, 30.59,2026-05-08
ARKADE, EQ, 08-May-2026,125.65,125.1,126.9,123.02,123.5,123.66,124.96,238091,297.53,1882,97875.0, 41.11,2026-05-08
ARMANFIN, EQ, 08-May-2026,1778.8,1759.9,1783.4,1719.1,1780.0,1753.6,1753.94,44330,777.52,5903,22958.0, 51.79,2026-05-08
AROGRANITE, EQ, 08-May-2026,27.99,28.7,28.79,27.26,28.39,27.66,28.05,7270,2.04,97,4973.0, 68.40,2026-05-08
ARROWGREEN, EQ, 08-May-2026,554.5,554.0,594.0,545.0,585.0,580.85,578.06,66201,382.68,4522,27622.0, 41.72,2026-05-08
ARSHIYA, BZ, 08-May-2026,1.34,1.34,1.35,1.3,1.32,1.33,1.34,37886,0.51,59,, -,2026-05-08
ARSSBL, EQ, 08-May-2026,586.95,582.75,605.2,578.05,588.0,590.55,592.85,525618,3116.1,11703,150537.0, 28.64,2026-05-08
ARTEMISMED, EQ, 08-May-2026,264.81,263.75,271.0,258.6,266.0,265.67,265.27,202431,536.99,6321,108556.0, 53.63,2026-05-08
ARTNIRMAN, BE, 08-May-2026,40.28,40.28,41.99,40.28,40.5,40.5,40.77,4488,1.83,27,, -,2026-05-08
ARUNAYA, SM, 08-May-2026,18.25,18.3,18.3,18.1,18.1,18.1,18.2,4000,0.73,2,4000.0, 100.00,2026-05-08
ARVEE, EQ, 08-May-2026,169.0,168.9,168.9,165.41,165.61,168.32,168.41,275,0.46,22,170.0, 61.82,2026-05-08
ARVIND, EQ, 08-May-2026,447.9,449.0,451.0,429.0,435.0,435.0,438.29,1642959,7201.0,38116,534169.0, 32.51,2026-05-08
ARVINDFASN, EQ, 08-May-2026,457.6,456.0,463.85,450.0,460.05,460.05,458.37,290862,1333.22,13985,131791.0, 45.31,2026-05-08
ARVINDPORT, ST, 08-May-2026,35.4,37.15,37.15,35.8,37.15,37.15,36.88,7500,2.77,5,7500.0, 100.00,2026-05-08
ARVSMART, EQ, 08-May-2026,646.3,643.05,652.0,632.0,634.5,633.7,641.27,25889,166.02,1294,14093.0, 54.44,2026-05-08
ASAHIINDIA, EQ, 08-May-2026,845.45,846.0,852.2,835.0,836.3,836.1,840.8,51896,436.34,7106,30108.0, 58.02,2026-05-08
ASAHISONG, EQ, 08-May-2026,262.25,260.0,262.34,244.03,254.0,255.91,255.11,17226,43.94,680,8077.0, 46.89,2026-05-08
ASAL, EQ, 08-May-2026,556.6,565.0,574.2,545.0,546.0,549.15,559.4,81637,456.67,3829,31599.0, 38.71,2026-05-08
ASALCBR, EQ, 08-May-2026,912.8,916.0,926.9,895.0,899.0,899.3,909.77,24782,225.46,1605,12128.0, 48.94,2026-05-08
ASHALOG, SM, 08-May-2026,67.15,64.4,64.55,64.35,64.55,64.55,64.43,4000,2.58,4,3000.0, 75.00,2026-05-08
ASHAPURMIN, EQ, 08-May-2026,664.25,660.5,699.25,658.65,684.95,683.9,687.56,1316364,9050.86,37542,508610.0, 38.64,2026-05-08
ASHIANA, EQ, 08-May-2026,373.5,380.8,389.4,370.95,376.0,375.0,378.72,205468,778.15,5809,77435.0, 37.69,2026-05-08
ASHIKA, EQ, 08-May-2026,392.35,394.05,410.95,388.8,396.0,396.55,399.0,83492,333.13,1443,64742.0, 77.54,2026-05-08
ASHIMASYN, EQ, 08-May-2026,16.91,16.41,17.35,16.41,17.13,17.1,17.09,107324,18.34,504,66613.0, 62.07,2026-05-08
ASHOKA, EQ, 08-May-2026,140.05,140.61,141.19,136.53,137.2,137.21,138.32,1101598,1523.79,13161,538308.0, 48.87,2026-05-08
ASHOKAMET, EQ, 08-May-2026,17.17,17.0,17.24,16.72,17.0,16.91,16.9,18215,3.08,207,9994.0, 54.87,2026-05-08
ASHOKLEY, EQ, 08-May-2026,170.78,170.0,170.0,167.27,168.77,168.57,168.34,15023366,25290.76,122025,7097580.0, 47.24,2026-05-08
ASHWINI, SM, 08-May-2026,159.0,159.0,159.0,158.5,158.5,158.5,158.88,4000,6.36,4,4000.0, 100.00,2026-05-08
ASIANENE, EQ, 08-May-2026,296.15,296.6,305.0,296.25,300.0,298.7,299.28,204129,610.92,2841,142279.0, 69.70,2026-05-08
ASIANHOTNR, EQ, 08-May-2026,290.1,292.95,300.0,289.35,300.0,296.15,294.59,3438,10.13,121,2240.0, 65.15,2026-05-08
ASIANPAINT, EQ, 08-May-2026,2530.6,2540.0,2607.4,2515.4,2600.0,2599.9,2587.57,2327900,60235.99,122821,1245711.0, 53.51,2026-05-08
ASIANTILES, EQ, 08-May-2026,63.89,63.8,64.04,62.8,63.23,63.02,63.34,1087253,688.67,5499,451655.0, 41.54,2026-05-08
ASKAUTOLTD, EQ, 08-May-2026,455.2,453.0,459.8,450.35,458.85,456.15,455.94,140556,640.85,8507,67842.0, 48.27,2026-05-08
ASMS, EQ, 08-May-2026,7.96,8.0,8.36,7.92,8.03,8.01,8.11,1639257,132.99,2646,460189.0, 28.07,2026-05-08
ASPINWALL, EQ, 08-May-2026,238.22,239.99,256.0,239.99,246.65,252.25,250.2,7404,18.52,175,5967.0, 80.59,2026-05-08
ASTAR, EQ, 08-May-2026,649.4,649.4,663.8,626.0,663.8,663.8,657.57,63,0.41,6,63.0, 100.00,2026-05-08
ASTEC, EQ, 08-May-2026,715.25,715.25,717.45,703.3,709.9,710.7,710.79,27291,193.98,2039,9190.0, 33.67,2026-05-08
ASTERDM, EQ, 08-May-2026,738.55,739.4,748.15,730.1,742.0,742.4,741.91,698355,5181.14,30074,417740.0, 59.82,2026-05-08
ASTRAL, EQ, 08-May-2026,1569.1,1565.2,1594.6,1565.2,1573.0,1569.8,1579.53,488596,7717.54,27892,255971.0, 52.39,2026-05-08
ASTRAMICRO, EQ, 08-May-2026,1162.5,1170.0,1179.0,1142.2,1154.3,1147.4,1159.59,534180,6194.32,26645,249013.0, 46.62,2026-05-08
ASTRAZEN, EQ, 08-May-2026,8549.0,8538.0,8670.5,8452.5,8499.0,8493.0,8540.83,4155,354.87,1440,1406.0, 33.84,2026-05-08
ASTRON, BE, 08-May-2026,4.29,4.3,4.3,4.19,4.25,4.25,4.23,23185,0.98,61,, -,2026-05-08
ATALREAL, EQ, 08-May-2026,28.47,28.4,28.55,28.24,28.55,28.44,28.37,2032207,576.54,1363,139837.0, 6.88,2026-05-08
ATAM, EQ, 08-May-2026,77.63,79.0,79.79,78.0,79.0,79.09,78.98,9907,7.82,129,7570.0, 76.41,2026-05-08
ATCENERGY, ST, 08-May-2026,32.0,32.95,33.0,31.05,32.75,32.3,31.97,12000,3.84,10,8400.0, 70.00,2026-05-08
ATGL, EQ, 08-May-2026,644.25,643.95,648.95,629.3,632.9,633.05,637.93,1237721,7895.77,23259,352645.0, 28.49,2026-05-08
ATHERENERG, EQ, 08-May-2026,907.2,911.75,939.0,903.15,916.9,915.05,921.81,3689273,34007.98,96262,1139823.0, 30.90,2026-05-08
ATL, EQ, 08-May-2026,27.29,27.0,28.29,26.7,27.99,28.02,27.76,354827,98.5,2503,145958.0, 41.13,2026-05-08
ATLANTAA, EQ, 08-May-2026,43.41,43.41,43.77,42.48,43.35,42.79,43.04,32182,13.85,403,23222.0, 72.16,2026-05-08
ATLANTAELE, BE, 08-May-2026,1617.6,1635.0,1698.3,1570.0,1680.0,1646.1,1661.73,71140,1182.16,4522,, -,2026-05-08
ATLASCYCLE, EQ, 08-May-2026,102.97,103.7,103.7,100.23,101.52,101.88,101.84,15834,16.13,165,10787.0, 68.13,2026-05-08
ATLPP, E1, 08-May-2026,10.43,10.87,10.87,9.74,10.46,10.65,10.47,14683,1.54,59,13384.0, 91.15,2026-05-08
ATMASTCO, SM, 08-May-2026,178.5,178.5,196.35,174.5,192.0,194.9,189.19,168000,317.85,309,134800.0, 80.24,2026-05-08
ATUL, EQ, 08-May-2026,7033.5,7025.0,7112.0,7016.5,7090.0,7088.5,7081.11,33172,2348.95,12534,19271.0, 58.09,2026-05-08
ATULAUTO, EQ, 08-May-2026,493.3,486.0,506.45,486.0,497.5,498.75,499.97,338073,1690.25,10792,115688.0, 34.22,2026-05-08
AUBANK, EQ, 08-May-2026,1032.4,1032.4,1052.3,1026.3,1051.0,1050.4,1044.01,2406953,25128.76,78642,1518422.0, 63.08,2026-05-08
AURIGROW, EQ, 08-May-2026,0.34,0.35,0.35,0.34,0.35,0.35,0.35,15953732,55.68,1740,10194948.0, 63.90,2026-05-08
AURIONPRO, EQ, 08-May-2026,869.55,869.55,904.5,862.1,900.0,896.05,891.28,445351,3969.33,17757,193766.0, 43.51,2026-05-08
AUROPHARMA, EQ, 08-May-2026,1478.7,1485.0,1513.4,1480.1,1485.1,1487.3,1496.08,1018078,15231.31,77911,465805.0, 45.75,2026-05-08
AURUM, EQ, 08-May-2026,177.67,177.55,179.1,176.52,177.0,177.08,177.46,71373,126.66,990,56431.0, 79.06,2026-05-08
AUSL, SM, 08-May-2026,22.85,21.75,21.75,21.75,21.75,21.75,21.75,2000,0.44,1,2000.0, 100.00,2026-05-08
AUSOMENT, EQ, 08-May-2026,150.78,154.2,158.0,149.03,152.0,152.2,152.66,27438,41.89,564,8905.0, 32.45,2026-05-08
AUTOAXLES, EQ, 08-May-2026,1822.3,1829.0,1863.9,1812.2,1840.0,1837.3,1842.52,5311,97.86,832,2588.0, 48.73,2026-05-08
AUTOBEES, EQ, 08-May-2026,280.6,280.0,281.44,277.79,279.62,279.9,280.2,258512,724.36,3373,129342.0, 50.03,2026-05-08
AUTOIETF, EQ, 08-May-2026,28.08,27.93,28.14,27.82,27.98,28.01,28.03,448345,125.67,2074,311231.0, 69.42,2026-05-08
AUTOIND, EQ, 08-May-2026,80.83,80.2,81.83,78.11,78.25,78.53,79.75,152043,121.25,1603,88497.0, 58.21,2026-05-08
AVADHSUGAR, BE, 08-May-2026,523.3,531.85,531.9,507.0,509.1,509.3,511.71,16236,83.08,421,, -,2026-05-08
AVAILFC, EQ, 08-May-2026,159.3,157.0,159.89,154.74,156.25,156.45,156.11,982,1.53,35,817.0, 83.20,2026-05-08
AVALON, EQ, 08-May-2026,1255.5,1271.6,1427.8,1271.6,1390.0,1387.0,1392.21,4128121,57472.05,177290,591335.0, 14.32,2026-05-08
AVANA, ST, 08-May-2026,140.0,144.0,144.0,140.8,141.5,141.5,142.26,10000,14.23,5,10000.0, 100.00,2026-05-08
AVANTEL, EQ, 08-May-2026,156.98,157.0,166.1,154.7,165.9,164.34,161.21,5098880,8220.06,31174,2050611.0, 40.22,2026-05-08
AVANTIFEED, EQ, 08-May-2026,1450.3,1453.9,1464.7,1425.0,1428.2,1435.2,1444.41,421487,6088.0,24003,162254.0, 38.50,2026-05-08
AVATAR, ST, 08-May-2026,120.0,124.95,124.95,124.95,124.95,124.95,124.95,2000,2.5,1,2000.0, 100.00,2026-05-08
AVG, EQ, 08-May-2026,173.63,179.0,179.0,171.32,174.4,174.26,174.26,16852,29.37,533,10709.0, 63.55,2026-05-08
AVIANSH, SM, 08-May-2026,113.75,114.0,114.0,111.0,111.0,111.0,112.13,4000,4.49,4,3000.0, 75.00,2026-05-08
AVL, EQ, 08-May-2026,556.2,556.2,564.7,543.0,555.0,556.3,555.47,868753,4825.63,11856,720381.0, 82.92,2026-05-08
AVONMORE, EQ, 08-May-2026,12.2,12.07,12.32,12.07,12.17,12.16,12.18,126669,15.43,336,85023.0, 67.12,2026-05-08
AVPINFRA, SM, 08-May-2026,89.5,89.5,90.0,88.9,88.9,89.0,89.31,61600,55.01,67,39200.0, 63.64,2026-05-08
AVROIND, EQ, 08-May-2026,12.21,12.6,12.6,11.52,12.23,12.06,12.22,208391,25.46,537,118360.0, 56.80,2026-05-08
AVTNPL, EQ, 08-May-2026,68.83,69.45,70.47,67.3,67.57,68.44,68.93,35299,24.33,447,17255.0, 48.88,2026-05-08
AWFIS, EQ, 08-May-2026,366.4,364.7,384.8,355.25,375.0,379.15,375.95,442986,1665.41,9332,214195.0, 48.35,2026-05-08
AWHCL, EQ, 08-May-2026,527.1,530.0,530.85,510.8,513.0,513.9,519.36,92793,481.93,4467,49749.0, 53.61,2026-05-08
AWL, EQ, 08-May-2026,211.94,211.5,211.5,205.0,206.0,206.78,207.49,3660874,7596.02,33481,1964450.0, 53.66,2026-05-08
AXISBANK, EQ, 08-May-2026,1292.7,1280.0,1282.0,1264.6,1270.0,1268.3,1270.96,6358595,80815.15,206694,4372727.0, 68.77,2026-05-08
AXISBNKETF, EQ, 08-May-2026,574.7,572.43,572.43,566.84,568.39,568.66,569.04,733,4.17,47,602.0, 82.13,2026-05-08
AXISCADES, EQ, 08-May-2026,2132.7,2144.0,2198.0,2135.6,2175.0,2173.6,2176.51,101921,2218.32,8058,54301.0, 53.28,2026-05-08
AXISCETF, EQ, 08-May-2026,119.46,119.45,120.22,118.7,119.1,119.7,119.5,963,1.15,43,722.0, 74.97,2026-05-08
AXISGOLD, EQ, 08-May-2026,125.55,122.41,125.77,122.41,125.47,125.42,125.4,435569,546.19,3722,208977.0, 47.98,2026-05-08
AXISHCETF, EQ, 08-May-2026,156.4,158.96,158.96,156.4,156.4,157.05,157.23,3741,5.88,100,2240.0, 59.88,2026-05-08
AXISILVER, EQ, 08-May-2026,248.52,254.73,254.73,246.97,248.65,249.64,249.29,398863,994.31,4625,142410.0, 35.70,2026-05-08
AXISNIFTY, EQ, 08-May-2026,267.89,272.3,272.3,264.96,266.33,266.22,265.9,17458,46.42,279,4707.0, 26.96,2026-05-08
AXISTECETF, EQ, 08-May-2026,319.04,322.98,323.0,319.68,322.31,322.36,321.7,1848,5.94,65,1387.0, 75.05,2026-05-08
AXISVALUE, EQ, 08-May-2026,34.47,34.64,34.64,33.91,34.05,34.02,34.13,101687,34.71,516,73544.0, 72.32,2026-05-08
AXITA, EQ, 08-May-2026,8.17,8.2,8.44,8.12,8.17,8.18,8.24,295615,24.37,994,182038.0, 61.58,2026-05-08
AXSENSEX, EQ, 08-May-2026,80.43,80.98,80.98,79.65,80.04,79.89,79.9,1159,0.93,58,1149.0, 99.14,2026-05-08
AYE, EQ, 08-May-2026,141.78,142.65,157.9,142.48,150.5,150.55,151.34,4884918,7393.0,40443,1359683.0, 27.83,2026-05-08
AYMSYNTEX, EQ, 08-May-2026,231.42,232.98,238.79,230.0,230.0,231.17,234.11,10512,24.61,476,5723.0, 54.44,2026-05-08
AZAD, EQ, 08-May-2026,2244.6,2249.0,2350.0,2234.9,2308.0,2315.6,2311.09,746143,17244.07,62537,339828.0, 45.54,2026-05-08
BAFNAPH, BE, 08-May-2026,131.22,132.0,132.0,131.0,132.0,132.0,131.21,430,0.56,11,, -,2026-05-08
BAGDIGITAL, SM, 08-May-2026,114.6,113.0,120.95,113.0,120.95,118.9,117.2,51200,60.01,28,46400.0, 90.63,2026-05-08
BAGFILMS, EQ, 08-May-2026,5.22,5.29,5.3,5.16,5.24,5.23,5.23,46403,2.43,188,37901.0, 81.68,2026-05-08
BAHETI, SM, 08-May-2026,604.6,607.0,608.0,590.0,608.0,605.65,599.51,39000,233.81,73,23625.0, 60.58,2026-05-08
BAIDFIN, EQ, 08-May-2026,11.28,11.3,11.74,11.05,11.7,11.61,11.42,142550,16.28,323,110257.0, 77.35,2026-05-08
BAJAJ-AUTO, EQ, 08-May-2026,10605.0,10625.0,10785.0,10540.0,10696.5,10711.5,10698.82,375627,40187.66,55106,134524.0, 35.81,2026-05-08
BAJAJCON, EQ, 08-May-2026,521.35,521.0,548.8,511.6,547.0,546.25,535.79,2090399,11200.16,68812,765695.0, 36.63,2026-05-08
BAJAJELEC, EQ, 08-May-2026,415.55,415.55,415.95,403.35,406.4,405.95,409.33,109230,447.11,4157,56151.0, 51.41,2026-05-08
BAJAJFINSV, EQ, 08-May-2026,1824.5,1824.5,1827.2,1802.5,1814.0,1818.3,1814.06,719570,13053.44,43104,377812.0, 52.51,2026-05-08
BAJAJHCARE, EQ, 08-May-2026,339.7,339.95,340.5,326.95,338.45,336.55,333.29,416278,1387.4,8057,190588.0, 45.78,2026-05-08
BAJAJHFL, EQ, 08-May-2026,87.97,87.8,87.97,86.88,87.6,87.55,87.38,3911351,3417.65,28701,1913009.0, 48.91,2026-05-08
BAJAJHIND, EQ, 08-May-2026,20.23,20.15,20.23,19.64,19.73,19.77,19.86,7980526,1584.89,10936,4164479.0, 52.18,2026-05-08
BAJAJHLDNG, EQ, 08-May-2026,10597.0,10545.0,10840.0,10342.0,10678.0,10632.0,10598.7,79849,8462.96,18357,21089.0, 26.41,2026-05-08
BAJAJINDEF, EQ, 08-May-2026,303.55,305.0,309.75,302.1,306.0,306.05,305.88,16256,49.72,651,8682.0, 53.41,2026-05-08
BAJAJST, EQ, 08-May-2026,443.8,449.9,449.9,437.0,440.3,440.25,442.0,4455,19.69,417,2939.0, 65.97,2026-05-08
BAJEL, EQ, 08-May-2026,183.83,183.83,186.59,180.6,180.9,181.24,182.62,146339,267.24,2522,68393.0, 46.74,2026-05-08
BAJFINANCE, EQ, 08-May-2026,972.75,971.0,971.95,951.0,954.5,955.35,957.84,5555386,53211.8,134582,2869459.0, 51.65,2026-05-08
BALAJEE, EQ, 08-May-2026,33.04,33.7,33.95,32.1,32.9,32.82,32.97,23109,7.62,309,11450.0, 49.55,2026-05-08
BALAJITELE, EQ, 08-May-2026,122.94,121.97,126.0,118.14,123.69,123.23,122.36,2263116,2769.14,19070,540806.0, 23.90,2026-05-08
BALAMINES, EQ, 08-May-2026,1526.3,1514.1,1538.0,1482.7,1484.0,1487.2,1502.0,125285,1881.78,9002,55563.0, 44.35,2026-05-08
BALAXI, BE, 08-May-2026,28.52,29.1,29.3,28.7,29.1,29.12,28.99,97126,28.16,196,, -,2026-05-08
BALCO, ST, 08-May-2026,24.9,26.0,26.0,24.05,25.7,24.85,25.25,3600,0.91,3,2400.0, 66.67,2026-05-08
BALKRISHNA, EQ, 08-May-2026,18.65,19.35,19.35,17.91,19.0,18.99,18.83,5687,1.07,108,4473.0, 78.65,2026-05-08
BALKRISIND, EQ, 08-May-2026,2258.4,2264.0,2300.0,2237.3,2265.1,2262.5,2277.73,154989,3530.22,18484,61190.0, 39.48,2026-05-08
BALMLAWRIE, EQ, 08-May-2026,196.77,197.0,199.5,195.98,196.49,196.3,197.25,226329,446.43,3863,118401.0, 52.31,2026-05-08
BALPHARMA, EQ, 08-May-2026,78.52,78.05,82.5,78.05,80.28,80.15,80.67,33226,26.8,473,21924.0, 65.98,2026-05-08
BALRAMCHIN, EQ, 08-May-2026,525.5,525.4,525.4,517.2,522.0,522.75,521.03,304056,1584.21,10423,147817.0, 48.62,2026-05-08
BALUFORGE, EQ, 08-May-2026,557.65,553.0,562.1,547.25,548.6,550.05,553.81,367691,2036.3,13304,185596.0, 50.48,2026-05-08
BANARBEADS, EQ, 08-May-2026,113.76,112.22,123.9,112.22,122.0,121.34,120.43,20343,24.5,294,11682.0, 57.43,2026-05-08
BANARISUG, EQ, 08-May-2026,3685.7,3685.7,3715.0,3605.0,3639.0,3609.0,3626.67,554,20.09,225,217.0, 39.17,2026-05-08
BANCOINDIA, EQ, 08-May-2026,640.3,640.3,652.6,633.2,635.15,636.25,642.11,165125,1060.28,8857,72565.0, 43.95,2026-05-08
BANDHANBNK, EQ, 08-May-2026,207.63,207.44,207.95,203.68,206.25,206.11,205.49,10392299,21355.25,71046,4307077.0, 41.44,2026-05-08
BANG, EQ, 08-May-2026,40.76,41.79,41.79,39.21,40.23,39.97,40.35,9822,3.96,105,7291.0, 74.23,2026-05-08
BANK10ADD, EQ, 08-May-2026,16.67,16.54,16.85,16.33,16.85,16.42,16.45,3279421,539.34,1002,3140871.0, 95.78,2026-05-08
BANKA, BE, 08-May-2026,82.5,82.5,84.15,82.5,84.15,84.15,84.13,6814,5.73,31,, -,2026-05-08
BANKADD, EQ, 08-May-2026,57.16,56.88,56.88,56.23,56.48,56.44,56.61,15076,8.53,179,12129.0, 80.45,2026-05-08
BANKBARODA, EQ, 08-May-2026,270.35,269.75,269.75,259.3,263.5,263.9,264.84,16922683,44818.19,218671,7891985.0, 46.64,2026-05-08
BANKBEES, EQ, 08-May-2026,577.66,577.44,577.44,568.6,571.53,570.99,571.69,1427240,8159.42,18995,847668.0, 59.39,2026-05-08
BANKBETA, EQ, 08-May-2026,57.61,57.27,57.38,56.82,57.08,57.07,57.15,1240597,709.02,1928,1146544.0, 92.42,2026-05-08
BANKBETF, EQ, 08-May-2026,56.73,56.49,56.5,55.8,56.12,56.06,56.15,16151,9.07,288,15947.0, 98.74,2026-05-08
BANKETF, EQ, 08-May-2026,568.08,564.98,565.68,559.6,561.0,561.58,562.99,9836,55.38,319,8720.0, 88.65,2026-05-08
BANKIETF, EQ, 08-May-2026,57.21,56.91,57.34,56.4,56.65,56.64,56.7,2564278,1453.98,3211,2432236.0, 94.85,2026-05-08
BANKINDIA, EQ, 08-May-2026,140.37,140.25,140.25,138.16,139.9,139.77,139.55,10454713,14589.62,48531,3896727.0, 37.27,2026-05-08
BANKNIFTY1, EQ, 08-May-2026,57.8,57.4,57.54,57.02,57.5,57.28,57.31,1282948,735.3,2926,1127112.0, 87.85,2026-05-08
BANKPSU, EQ, 08-May-2026,86.68,86.26,86.47,83.6,84.05,84.05,84.49,39901,33.71,400,34181.0, 85.66,2026-05-08
BANSALWIRE, EQ, 08-May-2026,326.35,326.85,328.2,317.75,320.0,319.1,321.16,71765,230.48,2056,37473.0, 52.22,2026-05-08
BANSWRAS, EQ, 08-May-2026,124.42,123.05,125.7,122.9,123.6,123.64,123.65,20708,25.61,456,12856.0, 62.08,2026-05-08
BARFLEX, SM, 08-May-2026,62.0,63.9,63.9,61.0,61.0,61.0,62.23,8000,4.98,4,8000.0, 100.00,2026-05-08
BASF, EQ, 08-May-2026,3857.2,3882.0,4090.0,3815.0,4026.0,4029.8,3986.3,105032,4186.89,14841,42846.0, 40.79,2026-05-08
BASILIC, SM, 08-May-2026,240.4,241.0,241.0,235.0,240.0,239.05,237.23,7500,17.79,25,5100.0, 68.00,2026-05-08
BASML, EQ, 08-May-2026,25.88,26.0,26.19,25.16,25.42,25.37,25.65,62781,16.1,705,30193.0, 48.09,2026-05-08
BATAINDIA, EQ, 08-May-2026,728.15,728.15,730.2,716.0,723.0,721.75,721.31,99527,717.89,8360,42994.0, 43.20,2026-05-08
BATLIBOI, EQ, 08-May-2026,84.04,83.99,84.8,83.0,83.25,83.39,83.52,16721,13.97,348,11296.0, 67.56,2026-05-08
BAWEJA, SM, 08-May-2026,31.65,32.95,32.95,31.1,31.8,31.8,31.73,9600,3.05,11,8000.0, 83.33,2026-05-08
BAYERCROP, EQ, 08-May-2026,4636.9,4659.0,4667.7,4600.0,4600.1,4610.0,4618.98,11570,534.42,3157,6256.0, 54.07,2026-05-08
BBETF0432, EQ, 08-May-2026,1311.5,1318.05,1319.56,1313.0,1313.0,1315.38,1313.56,1913,25.13,55,1689.0, 88.29,2026-05-08
BBL, EQ, 08-May-2026,2808.4,2807.0,2874.3,2778.0,2778.0,2793.1,2818.13,42034,1184.57,5441,20723.0, 49.30,2026-05-08
BBNPNBETF, EQ, 08-May-2026,56.49,56.11,56.11,55.6,55.72,55.75,55.71,2149,1.2,48,2008.0, 93.44,2026-05-08
BBNPPGOLD, EQ, 08-May-2026,146.1,146.1,146.4,145.05,146.2,145.7,145.86,19133,27.91,100,17444.0, 91.17,2026-05-08
BBOX, EQ, 08-May-2026,736.65,740.9,762.0,740.0,749.0,748.4,750.54,627528,4709.85,20069,211662.0, 33.73,2026-05-08
BBTC, EQ, 08-May-2026,1564.3,1560.0,1610.8,1554.3,1563.3,1561.5,1585.96,247338,3922.69,18322,85697.0, 34.65,2026-05-08
BBTCL, EQ, 08-May-2026,197.69,197.69,201.89,195.1,196.5,197.95,196.49,1061,2.08,55,732.0, 68.99,2026-05-08
BCG, BE, 08-May-2026,9.61,9.58,9.63,9.42,9.6,9.59,9.57,2791812,267.27,2459,, -,2026-05-08
BCLIND, EQ, 08-May-2026,36.14,36.1,36.38,35.5,36.01,36.04,35.92,580904,208.65,2535,317698.0, 54.69,2026-05-08
BCONCEPTS, EQ, 08-May-2026,243.15,243.13,251.0,240.41,241.0,242.72,246.32,7571,18.65,547,1640.0, 21.66,2026-05-08
BCPL, EQ, 08-May-2026,83.89,84.21,86.5,81.1,81.18,82.1,84.06,86081,72.36,1604,34034.0, 39.54,2026-05-08
BDL, EQ, 08-May-2026,1466.9,1474.0,1481.2,1439.1,1449.4,1448.6,1457.82,1508547,21991.85,52381,578254.0, 38.33,2026-05-08
BEACON, SM, 08-May-2026,104.0,124.65,124.8,109.05,110.0,111.35,119.09,165000,196.5,137,85000.0, 51.52,2026-05-08
BEARDSELL, EQ, 08-May-2026,27.15,27.5,28.0,26.2,27.15,26.72,26.96,27147,7.32,504,14265.0, 52.55,2026-05-08
BECTORFOOD, EQ, 08-May-2026,203.89,203.94,206.63,200.35,202.8,202.39,203.58,657284,1338.11,14277,296462.0, 45.10,2026-05-08
BEDMUTHA, BE, 08-May-2026,112.66,113.5,114.99,111.0,111.25,111.26,111.31,4162,4.63,52,, -,2026-05-08
BEEKAY, EQ, 08-May-2026,434.1,439.85,440.0,425.0,428.05,427.0,434.8,3318,14.43,93,2403.0, 72.42,2026-05-08
BEL, EQ, 08-May-2026,439.45,439.0,443.8,437.8,439.6,439.7,440.64,11164661,49195.55,118187,4779612.0, 42.81,2026-05-08
BELLACASA, EQ, 08-May-2026,267.6,274.8,274.8,260.1,263.0,265.6,266.39,5879,15.66,262,4435.0, 75.44,2026-05-08
BELRISE, EQ, 08-May-2026,227.94,228.05,228.8,222.0,222.3,222.39,224.46,2152180,4830.8,21200,1077343.0, 50.06,2026-05-08
BEML, EQ, 08-May-2026,2000.2,2005.0,2037.1,1932.0,1951.0,1950.9,1980.79,492320,9751.81,28690,199990.0, 40.62,2026-05-08
BENGALASM, EQ, 08-May-2026,6555.5,6565.0,6650.0,6450.0,6650.0,6650.0,6593.76,153,10.09,34,127.0, 83.01,2026-05-08
BEPL, EQ, 08-May-2026,98.36,97.38,98.87,97.13,97.54,97.35,97.99,253375,248.29,3027,136985.0, 54.06,2026-05-08
BERGEPAINT, EQ, 08-May-2026,488.25,490.0,521.95,488.05,515.0,515.75,513.61,2002819,10286.65,60428,501591.0, 25.04,2026-05-08
BESTAGRO, EQ, 08-May-2026,19.75,20.0,20.0,19.5,19.56,19.64,19.7,427192,84.17,1635,278260.0, 65.14,2026-05-08
BETA, EQ, 08-May-2026,1359.1,1389.9,1410.5,1175.0,1350.0,1322.3,1359.72,15434,209.86,800,7623.0, 49.39,2026-05-08
BEWLTD, SM, 08-May-2026,87.65,88.0,89.2,86.5,89.2,87.55,87.46,10000,8.75,12,9500.0, 95.00,2026-05-08
BFINVEST, EQ, 08-May-2026,449.35,454.5,454.5,441.0,444.9,443.9,447.19,30714,137.35,1528,15064.0, 49.05,2026-05-08
BFSI, EQ, 08-May-2026,27.36,28.04,28.04,26.85,26.89,26.9,27.0,441239,119.12,1648,334857.0, 75.89,2026-05-08
BFUTILITIE, EQ, 08-May-2026,605.95,609.85,614.75,580.0,585.0,586.65,595.15,30354,180.65,1282,20894.0, 68.83,2026-05-08
BGRENERGY, BE, 08-May-2026,283.25,275.0,284.4,275.0,278.0,279.5,279.74,50219,140.48,866,, -,2026-05-08
BHADORA, SM, 08-May-2026,70.1,70.1,71.0,70.1,70.1,70.1,70.5,14400,10.15,11,13200.0, 91.67,2026-05-08
BHAGCHEM, EQ, 08-May-2026,261.65,263.0,263.05,256.0,257.0,257.0,259.3,64578,167.45,453,55332.0, 85.68,2026-05-08
BHAGERIA, EQ, 08-May-2026,166.99,166.06,168.57,166.0,166.5,166.48,167.16,18231,30.47,415,13137.0, 72.06,2026-05-08
BHAGYANGR, BE, 08-May-2026,304.7,310.0,318.0,303.0,312.0,311.45,312.8,281281,879.85,3129,, -,2026-05-08
BHANDARI, EQ, 08-May-2026,3.38,3.48,3.57,3.33,3.5,3.51,3.45,938937,32.37,814,641439.0, 68.32,2026-05-08
BHARATCOAL, EQ, 08-May-2026,33.35,33.35,33.48,33.04,33.11,33.09,33.18,3782544,1255.18,11874,2016006.0, 53.30,2026-05-08
BHARATFORG, EQ, 08-May-2026,1992.9,2009.4,2044.0,1975.1,1984.0,1989.7,2009.73,3399059,68311.81,145457,1623490.0, 47.76,2026-05-08
BHARATGEAR, EQ, 08-May-2026,117.25,118.4,121.05,116.0,120.5,119.86,119.4,84688,101.12,1252,52284.0, 61.74,2026-05-08
BHARATRAS, EQ, 08-May-2026,1456.9,1464.0,1468.7,1421.2,1460.0,1442.9,1436.2,10200,146.49,1568,5432.0, 53.25,2026-05-08
BHARATSE, EQ, 08-May-2026,200.69,200.69,209.0,196.69,204.0,203.97,204.31,352421,720.02,7399,133166.0, 37.79,2026-05-08
BHARATWIRE, EQ, 08-May-2026,237.11,238.0,257.0,236.09,251.5,250.78,251.46,2673044,6721.6,33220,939341.0, 35.14,2026-05-08
BHARTIARTL, EQ, 08-May-2026,1826.6,1820.0,1840.8,1815.2,1834.7,1834.5,1830.73,4839183,88592.53,184261,3282768.0, 67.84,2026-05-08
BHARTIHEXA, EQ, 08-May-2026,1515.6,1521.6,1521.6,1490.0,1499.9,1498.0,1498.02,102617,1537.22,8771,66414.0, 64.72,2026-05-08
BHEL, EQ, 08-May-2026,406.45,406.1,408.9,400.1,403.5,404.6,404.87,17888566,72425.15,126475,7556279.0, 42.24,2026-05-08
BI, EQ, 08-May-2026,69.11,69.11,75.0,66.0,72.0,72.1,71.92,39631,28.5,1121,23341.0, 58.90,2026-05-08
BIGBLOC, EQ, 08-May-2026,55.73,56.58,59.27,56.2,57.21,58.13,58.08,660360,383.55,5384,291742.0, 44.18,2026-05-08
BIKAJI, EQ, 08-May-2026,674.3,670.0,678.5,668.25,670.2,671.75,674.29,36505,246.15,3610,15740.0, 43.12,2026-05-08
BIKEWO, SM, 08-May-2026,23.25,24.75,24.95,23.65,23.65,23.7,24.15,112000,27.05,9,108000.0, 96.43,2026-05-08
BIL, EQ, 08-May-2026,759.55,761.7,761.7,724.4,725.0,728.4,736.18,5183,38.16,335,3996.0, 77.10,2026-05-08
BIMETAL, EQ, 08-May-2026,600.0,614.05,631.0,578.0,583.5,583.5,609.37,369,2.25,28,315.0, 85.37,2026-05-08
BIOCON, EQ, 08-May-2026,382.25,379.0,396.4,377.25,378.7,380.4,388.88,5679695,22087.05,61307,1319492.0, 23.23,2026-05-08
BIOFILCHEM, EQ, 08-May-2026,34.63,34.04,35.0,33.5,33.99,34.17,34.14,16321,5.57,273,9098.0, 55.74,2026-05-08
BIOPOL, SM, 08-May-2026,111.0,111.3,114.5,109.0,111.0,112.1,111.45,38400,42.8,28,32400.0, 84.38,2026-05-08
BIRDYS, ST, 08-May-2026,128.0,125.0,125.0,125.0,125.0,125.0,125.0,1200,1.5,1,1200.0, 100.00,2026-05-08
BIRET, RR, 08-May-2026,323.66,326.46,327.0,323.15,326.5,326.54,326.23,370088,1207.32,18606,302491.0, 81.73,2026-05-08
BIRLACABLE, BE, 08-May-2026,164.52,172.74,172.74,167.81,172.74,172.74,172.61,107937,186.31,606,, -,2026-05-08
BIRLACORPN, EQ, 08-May-2026,986.05,986.0,1009.0,981.05,995.0,995.0,996.71,93965,936.56,7010,51631.0, 54.95,2026-05-08
BIRLAMONEY, EQ, 08-May-2026,148.47,148.06,148.06,145.0,146.0,145.87,146.33,41660,60.96,698,22873.0, 54.90,2026-05-08
BIRLANU, EQ, 08-May-2026,1591.1,1590.0,1598.0,1530.7,1593.0,1592.4,1586.36,5360,85.03,1034,2750.0, 51.31,2026-05-08
BIRLAPREC, EQ, 08-May-2026,35.44,36.6,42.0,35.57,41.0,40.45,39.43,234500,92.47,902,189407.0, 80.77,2026-05-08
BLACKBUCK, EQ, 08-May-2026,560.5,564.25,583.55,561.4,577.2,579.1,575.79,632803,3643.59,23548,272595.0, 43.08,2026-05-08
BLACKROSE, EQ, 08-May-2026,90.13,90.0,92.2,89.01,92.0,91.13,90.41,12464,11.27,328,9868.0, 79.17,2026-05-08
BLAL, EQ, 08-May-2026,206.98,208.6,214.98,205.12,207.0,207.22,210.48,89034,187.4,1352,40903.0, 45.94,2026-05-08
BLBLIMITED, BE, 08-May-2026,16.91,17.44,17.44,16.6,17.04,16.83,16.88,36845,6.22,111,, -,2026-05-08
BLIL, EQ, 08-May-2026,77.53,78.9,79.0,77.06,77.45,77.13,77.82,85695,66.69,1791,60404.0, 70.49,2026-05-08
BLISSGVS, EQ, 08-May-2026,272.0,271.6,275.45,269.1,270.0,269.65,272.19,718702,1956.22,12158,394609.0, 54.91,2026-05-08
BLKASHYAP, EQ, 08-May-2026,62.28,61.41,62.41,59.73,60.15,60.21,60.89,755194,459.83,3504,483599.0, 64.04,2026-05-08
BLS, EQ, 08-May-2026,291.9,293.0,295.2,288.15,289.0,289.3,291.38,595987,1736.58,14957,298557.0, 50.09,2026-05-08
BLSE, EQ, 08-May-2026,200.81,198.01,209.0,198.0,201.0,200.17,201.8,220672,445.31,2457,77365.0, 35.06,2026-05-08
BLUECHIP, BE, 08-May-2026,1.83,1.83,1.86,1.8,1.8,1.8,1.81,53298,0.96,145,, -,2026-05-08
BLUECOAST, BE, 08-May-2026,31.29,31.48,32.35,30.0,31.78,31.78,31.74,3019,0.96,37,, -,2026-05-08
BLUEDART, EQ, 08-May-2026,5662.5,5707.5,5775.5,5642.0,5695.0,5682.0,5703.3,12577,717.3,3516,5273.0, 41.93,2026-05-08
BLUEJET, EQ, 08-May-2026,490.35,490.35,501.6,488.45,491.0,490.45,495.93,375755,1863.5,14398,149998.0, 39.92,2026-05-08
BLUEPEBBLE, ST, 08-May-2026,116.85,116.0,118.5,111.05,118.5,118.5,112.46,5600,6.3,13,4800.0, 85.71,2026-05-08
BLUESTARCO, EQ, 08-May-2026,1748.6,1728.0,1736.8,1690.0,1691.8,1692.8,1707.76,1025677,17516.09,45453,304159.0, 29.65,2026-05-08
BLUESTONE, EQ, 08-May-2026,502.75,502.75,510.6,499.75,503.0,504.05,505.97,133378,674.85,6919,53471.0, 40.09,2026-05-08
BLUEWATER, ST, 08-May-2026,260.5,260.0,260.0,252.0,260.0,260.0,257.06,8000,20.57,8,8000.0, 100.00,2026-05-08
BLUSPRING, EQ, 08-May-2026,68.14,68.0,69.8,67.0,69.2,68.85,68.65,126888,87.11,799,62883.0, 49.56,2026-05-08
BMETRICS, SM, 08-May-2026,40.8,41.05,41.05,40.25,40.25,40.25,40.87,4000,1.63,5,4000.0, 100.00,2026-05-08
BMWVENTLTD, EQ, 08-May-2026,64.76,64.44,65.64,64.33,65.05,64.99,64.96,107848,70.06,1421,77131.0, 71.52,2026-05-08
BNAGROCHEM, EQ, 08-May-2026,289.66,294.0,305.0,288.6,297.61,296.7,296.52,3691,10.94,207,1570.0, 42.54,2026-05-08
BODALCHEM, EQ, 08-May-2026,73.09,74.48,76.4,72.66,73.75,73.15,74.42,840141,625.22,4916,441464.0, 52.55,2026-05-08
BOHRAIND, BE, 08-May-2026,20.07,20.07,20.27,20.0,20.0,20.0,20.03,3160,0.63,11,, -,2026-05-08
BOMDYEING, EQ, 08-May-2026,135.83,136.0,139.49,133.7,134.4,135.46,136.33,2152188,2934.03,18359,718722.0, 33.39,2026-05-08
BONLON, EQ, 08-May-2026,53.05,55.6,55.7,53.05,55.7,55.7,55.36,49690,27.51,269,47039.0, 94.66,2026-05-08
BORANA, EQ, 08-May-2026,349.0,356.8,356.8,342.0,342.05,343.0,346.45,24822,86.0,806,14207.0, 57.24,2026-05-08
BOROLTD, EQ, 08-May-2026,259.77,260.0,265.6,256.1,258.68,257.16,261.37,87377,228.37,3071,43525.0, 49.81,2026-05-08
BORORENEW, EQ, 08-May-2026,565.55,564.45,574.7,555.55,564.0,561.75,567.34,726571,4122.11,22398,359775.0, 49.52,2026-05-08
BOROSCI, EQ, 08-May-2026,123.45,123.7,123.7,120.1,120.99,120.62,121.86,30223,36.83,830,17449.0, 57.73,2026-05-08
BOSCH-HCIL, EQ, 08-May-2026,1446.3,1436.0,1457.4,1425.0,1442.0,1447.7,1440.73,8325,119.94,740,5849.0, 70.26,2026-05-08
BOSCHLTD, EQ, 08-May-2026,37895.0,37750.0,38855.0,37650.0,38050.0,38145.0,38303.61,30045,11508.32,13259,11040.0, 36.74,2026-05-08
BPCL, EQ, 08-May-2026,307.6,306.0,306.35,301.4,303.2,302.75,303.5,11782486,35760.02,87388,6478166.0, 54.98,2026-05-08
BPL, EQ, 08-May-2026,59.03,59.0,61.11,58.15,60.5,59.98,59.77,111058,66.38,1678,62772.0, 56.52,2026-05-08
BRANDMAN, ST, 08-May-2026,209.9,205.2,205.2,199.5,200.5,200.5,201.31,18400,37.04,22,16800.0, 91.30,2026-05-08
BRIGADE, EQ, 08-May-2026,773.15,773.15,777.0,756.25,760.25,758.25,766.58,291777,2236.7,14877,103367.0, 35.43,2026-05-08
BRIGHOTEL, EQ, 08-May-2026,64.83,65.16,65.69,63.9,64.36,64.19,64.36,93978,60.48,1383,63650.0, 67.73,2026-05-08
BRITANNIA, EQ, 08-May-2026,5814.0,5634.0,5654.0,5503.0,5516.0,5520.0,5552.97,3173832,176242.0,176877,1742561.0, 54.90,2026-05-08
BRNL, EQ, 08-May-2026,22.05,21.6,22.73,21.6,21.75,21.85,22.05,55774,12.3,312,45956.0, 82.40,2026-05-08
BROOKS, BE, 08-May-2026,52.55,53.38,53.75,49.93,49.93,49.93,50.68,218698,110.83,766,, -,2026-05-08
BSE, EQ, 08-May-2026,3963.6,3963.6,3994.0,3832.3,3905.0,3907.4,3921.29,9146079,358644.26,375525,1712518.0, 18.72,2026-05-08
BSE500IETF, EQ, 08-May-2026,38.92,39.89,39.89,38.77,38.9,39.0,39.02,171398,66.88,1199,101253.0, 59.07,2026-05-08
BSHSL, EQ, 08-May-2026,98.16,99.5,99.5,97.82,98.25,98.42,98.4,14468,14.24,228,10636.0, 73.51,2026-05-08
BSL, EQ, 08-May-2026,129.02,131.59,131.59,125.61,130.0,130.01,130.24,2473,3.22,107,1989.0, 80.43,2026-05-08
BSLGOLDETF, EQ, 08-May-2026,132.18,134.04,134.04,131.83,132.22,132.28,132.17,545245,720.63,2096,374676.0, 68.72,2026-05-08
BSLNIFTY, EQ, 08-May-2026,28.31,28.06,29.01,28.06,28.22,28.2,28.23,790502,223.16,4294,661283.0, 83.65,2026-05-08
BSLSENETFG, EQ, 08-May-2026,78.19,78.95,78.95,77.06,77.66,77.47,77.7,2392,1.86,144,2055.0, 85.91,2026-05-08
BSOFT, EQ, 08-May-2026,362.2,363.2,367.95,361.55,362.1,362.15,364.29,898133,3271.8,21821,384969.0, 42.86,2026-05-08
BTML, EQ, 08-May-2026,6.33,6.57,6.57,6.26,6.42,6.38,6.42,48940,3.14,157,24753.0, 50.58,2026-05-08
BTTL, EQ, 08-May-2026,32.57,34.0,35.0,33.3,34.0,34.17,34.22,12408,4.25,233,10196.0, 82.17,2026-05-08
BUILDPRO, EQ, 08-May-2026,1139.9,1146.0,1155.8,1097.1,1118.0,1117.0,1136.16,96439,1095.7,3972,64326.0, 66.70,2026-05-08
BULKCORP, SM, 08-May-2026,46.0,44.85,44.85,44.5,44.5,44.5,44.72,3600,1.61,3,3600.0, 100.00,2026-05-08
BUTTERFLY, EQ, 08-May-2026,629.95,630.0,633.95,621.8,624.1,624.4,625.82,16731,104.71,870,10820.0, 64.67,2026-05-08
BVCL, EQ, 08-May-2026,46.88,47.49,47.49,45.31,46.0,46.0,46.5,16315,7.59,123,12725.0, 78.00,2026-05-08
BYKE, BE, 08-May-2026,38.18,38.65,38.65,37.12,38.0,38.14,38.13,22878,8.72,122,, -,2026-05-08
C2C, SM, 08-May-2026,452.5,452.5,462.0,448.2,461.85,457.95,457.43,46350,212.02,243,29850.0, 64.40,2026-05-08
CADSYS, ST, 08-May-2026,69.95,72.5,72.5,71.0,71.0,71.0,71.75,1000,0.72,2,1000.0, 100.00,2026-05-08
CALSOFT, EQ, 08-May-2026,22.91,24.05,24.05,24.05,24.05,24.05,24.05,365569,87.92,393,365046.0, 99.86,2026-05-08
CAMLINFINE, EQ, 08-May-2026,136.25,135.06,137.2,130.99,132.19,131.99,133.45,948405,1265.67,9632,454039.0, 47.87,2026-05-08
CAMPUS, EQ, 08-May-2026,249.26,249.99,253.5,247.12,249.58,250.89,250.44,229878,575.7,7127,99062.0, 43.09,2026-05-08
CAMS, EQ, 08-May-2026,835.9,835.9,844.9,830.45,836.5,836.3,838.09,1801484,15098.12,50747,853743.0, 47.39,2026-05-08
CANARYS, SM, 08-May-2026,19.0,19.0,19.0,18.25,18.8,18.8,18.61,128000,23.82,32,84000.0, 65.63,2026-05-08
CANBK, EQ, 08-May-2026,135.93,135.0,135.7,133.8,134.13,134.34,134.68,16998224,22892.55,87267,7739393.0, 45.53,2026-05-08
CANFINHOME, EQ, 08-May-2026,886.3,890.0,894.8,877.2,878.1,879.55,884.94,169606,1500.91,17374,95906.0, 56.55,2026-05-08
CANHLIFE, EQ, 08-May-2026,142.63,141.63,144.15,141.33,142.36,141.73,142.47,367083,522.98,8798,162044.0, 44.14,2026-05-08
CANTABIL, EQ, 08-May-2026,238.71,237.04,242.29,236.79,241.66,241.09,239.87,84150,201.85,2837,49550.0, 58.88,2026-05-08
CAPACITE, EQ, 08-May-2026,252.9,251.7,253.95,245.55,252.2,252.5,250.13,316946,792.78,6429,148897.0, 46.98,2026-05-08
CAPILLARY, EQ, 08-May-2026,553.55,554.65,590.0,546.75,573.0,572.9,570.87,184440,1052.92,6013,62662.0, 33.97,2026-05-08
CAPINVIT, IV, 08-May-2026,69.96,70.0,70.35,69.95,70.0,70.0,70.0,577524,404.29,9024,559081.0, 96.81,2026-05-08
CAPITALSFB, EQ, 08-May-2026,275.7,323.7,323.7,290.5,292.05,295.0,298.31,506780,1511.8,10433,185595.0, 36.62,2026-05-08
CAPLIPOINT, EQ, 08-May-2026,1866.6,1870.0,1870.6,1845.5,1856.0,1856.3,1859.42,54449,1012.43,7104,24622.0, 45.22,2026-05-08
CAPTRUST, BE, 08-May-2026,13.47,13.73,13.73,13.55,13.55,13.55,13.71,19898,2.73,35,, -,2026-05-08
CARBORUNIV, EQ, 08-May-2026,1003.4,1003.4,1037.55,1001.0,1020.2,1027.7,1026.84,441675,4535.31,24488,285768.0, 64.70,2026-05-08
CARERATING, EQ, 08-May-2026,1650.8,1645.0,1693.4,1645.0,1648.0,1650.3,1656.53,60193,997.11,5910,44052.0, 73.18,2026-05-08
CARRARO, EQ, 08-May-2026,587.25,583.05,593.65,576.3,576.3,579.9,585.13,103104,603.3,5025,57810.0, 56.07,2026-05-08
CARTRADE, EQ, 08-May-2026,1921.8,1926.2,2012.2,1916.6,1945.0,1954.9,1960.92,1489488,29207.61,89133,600033.0, 40.28,2026-05-08
CARYSIL, EQ, 08-May-2026,956.3,963.7,963.7,938.35,958.0,951.6,948.23,59419,563.43,3428,29319.0, 49.34,2026-05-08
CASHIETF, EQ, 08-May-2026,1060.9,1061.35,1061.35,1061.33,1061.35,1061.33,1061.34,135764,1440.92,91,86332.0, 63.59,2026-05-08
CASTROLIND, EQ, 08-May-2026,185.52,185.0,186.9,184.6,185.48,184.88,185.25,2051302,3800.09,26114,1324058.0, 64.55,2026-05-08
CBAZAAR, SM, 08-May-2026,4.95,4.75,4.8,4.75,4.75,4.75,4.76,64000,3.04,7,32000.0, 50.00,2026-05-08
CCAVENUE, EQ, 08-May-2026,14.1,14.11,14.18,13.86,14.02,13.95,13.96,15419143,2152.72,15001,9343401.0, 60.60,2026-05-08
CCCL, EQ, 08-May-2026,15.94,16.32,16.32,15.85,15.97,15.9,16.01,192373,30.8,567,129760.0, 67.45,2026-05-08
CCHHL, EQ, 08-May-2026,13.98,13.98,14.5,13.89,14.06,14.26,14.17,17554,2.49,196,13938.0, 79.40,2026-05-08
CCL, EQ, 08-May-2026,1207.8,1200.0,1200.0,1111.2,1122.0,1123.1,1136.11,1093185,12419.76,50843,420987.0, 38.51,2026-05-08
CDSL, EQ, 08-May-2026,1269.8,1270.0,1274.4,1250.2,1261.0,1259.3,1258.16,2883848,36283.4,66345,1444585.0, 50.09,2026-05-08
CEATLTD, EQ, 08-May-2026,3357.7,3360.0,3367.6,3315.0,3326.0,3323.8,3327.04,196738,6545.55,13339,125528.0, 63.80,2026-05-08
CEDAAR, SM, 08-May-2026,32.05,30.7,32.75,30.7,32.75,32.75,31.73,2000,0.63,2,2000.0, 100.00,2026-05-08
CEIGALL, EQ, 08-May-2026,366.15,367.9,386.4,363.85,376.0,376.8,378.04,2549247,9637.19,38732,1010202.0, 39.63,2026-05-08
CEINSYS, EQ, 08-May-2026,995.4,995.1,1114.0,995.0,1093.0,1092.4,1068.05,208301,2224.77,11709,85502.0, 41.05,2026-05-08
CELEBRITY, EQ, 08-May-2026,8.13,8.13,8.28,8.08,8.15,8.14,8.19,17867,1.46,86,12808.0, 71.69,2026-05-08
CELLECOR, SM, 08-May-2026,41.3,41.95,43.75,40.8,43.4,43.25,43.06,2496000,1074.76,422,1107000.0, 44.35,2026-05-08
CELLO, EQ, 08-May-2026,422.85,419.9,428.5,417.8,425.0,423.65,422.46,228975,967.32,6957,135915.0, 59.36,2026-05-08
CELLPOINT, SM, 08-May-2026,17.0,16.7,16.7,16.7,16.7,16.7,16.7,1200,0.2,1,1200.0, 100.00,2026-05-08
CEMPRO, EQ, 08-May-2026,970.3,960.0,975.0,951.6,955.2,956.15,963.33,555095,5347.4,19214,201955.0, 36.38,2026-05-08
CENTENKA, EQ, 08-May-2026,449.0,449.0,449.0,439.85,442.0,441.5,442.62,23681,104.82,717,18190.0, 76.81,2026-05-08
CENTEXT, EQ, 08-May-2026,21.73,21.91,22.2,21.5,21.6,21.62,21.85,141799,30.98,804,81775.0, 57.67,2026-05-08
CENTRALBK, EQ, 08-May-2026,37.24,36.84,36.93,36.36,36.54,36.51,36.63,3872917,1418.7,15250,1951656.0, 50.39,2026-05-08
CENTRUM, EQ, 08-May-2026,24.16,24.0,25.95,24.0,24.46,24.35,25.0,1068196,267.03,3404,681959.0, 63.84,2026-05-08
CENTUM, EQ, 08-May-2026,2946.2,2980.0,3198.8,2930.5,3125.0,3104.7,3094.72,203314,6292.0,22045,77449.0, 38.09,2026-05-08
CENTURYPLY, EQ, 08-May-2026,799.9,799.9,800.0,788.0,795.0,795.15,794.69,21173,168.26,2757,9833.0, 46.44,2026-05-08
CERA, EQ, 08-May-2026,5456.5,5488.5,5849.0,5404.0,5825.0,5782.0,5610.56,163846,9192.67,23901,30235.0, 18.45,2026-05-08
CEREBRAINT, BZ, 08-May-2026,4.18,4.34,4.38,4.2,4.38,4.26,4.27,132524,5.65,279,, -,2026-05-08
CESC, EQ, 08-May-2026,186.61,186.46,187.45,183.92,185.0,184.41,185.19,2029703,3758.78,22603,1027856.0, 50.64,2026-05-08
CEWATER, EQ, 08-May-2026,319.7,322.0,332.9,304.05,311.55,313.15,317.66,92607,294.17,3170,31951.0, 34.50,2026-05-08
CGCL, EQ, 08-May-2026,200.14,200.0,202.0,196.35,197.75,197.97,199.28,1782716,3552.63,15188,764911.0, 42.91,2026-05-08
CGPOWER, EQ, 08-May-2026,859.1,860.35,875.8,852.0,875.1,873.55,864.89,3998673,34584.31,93415,1504494.0, 37.62,2026-05-08
CGRAPHICS, SM, 08-May-2026,165.2,164.0,165.0,159.05,161.5,162.45,163.09,32000,52.19,33,19200.0, 60.00,2026-05-08
CHALET, EQ, 08-May-2026,791.15,791.15,794.0,778.15,787.0,789.2,787.38,54870,432.03,7771,27186.0, 49.55,2026-05-08
CHAMBLFERT, EQ, 08-May-2026,453.95,456.45,460.15,451.55,455.8,455.8,455.78,783892,3572.82,15154,384492.0, 49.05,2026-05-08
CHAMUNDA, SM, 08-May-2026,45.75,45.2,46.55,45.2,46.55,46.55,45.55,12000,5.47,4,9000.0, 75.00,2026-05-08
CHANDAN, SM, 08-May-2026,250.55,253.7,256.0,251.0,253.0,254.4,253.25,24000,60.78,26,19200.0, 80.00,2026-05-08
CHAVDA, SM, 08-May-2026,106.7,105.15,106.95,105.0,105.1,105.1,105.86,23000,24.35,21,20000.0, 86.96,2026-05-08
CHEMBOND, EQ, 08-May-2026,202.56,198.33,203.0,187.15,189.3,191.18,194.29,36960,71.81,910,19835.0, 53.67,2026-05-08
CHEMBONDCH, EQ, 08-May-2026,201.82,205.0,205.0,187.0,187.0,187.28,194.46,31656,61.56,1011,15462.0, 48.84,2026-05-08
CHEMCON, EQ, 08-May-2026,170.53,170.6,184.44,168.13,178.67,178.48,178.68,188694,337.17,4451,66877.0, 35.44,2026-05-08
CHEMFAB, EQ, 08-May-2026,433.45,433.45,518.0,433.45,469.05,470.85,487.14,105253,512.73,6366,27359.0, 25.99,2026-05-08
CHEMICAL, EQ, 08-May-2026,29.65,30.39,30.39,29.6,29.72,29.71,29.77,2235725,665.6,1748,2066654.0, 92.44,2026-05-08
CHEMPLASTS, EQ, 08-May-2026,233.69,233.0,256.0,232.5,243.2,241.55,246.47,963104,2373.74,15142,341871.0, 35.50,2026-05-08
CHENNPETRO, EQ, 08-May-2026,1076.2,1081.6,1110.9,1074.0,1079.9,1076.9,1088.1,1439352,15661.55,37810,345460.0, 24.00,2026-05-08
CHETANA, SM, 08-May-2026,39.35,40.65,47.2,40.65,47.2,47.2,46.56,185600,86.42,95,155200.0, 83.62,2026-05-08
CHEVIOT, EQ, 08-May-2026,1358.6,1343.0,1360.0,1305.0,1313.2,1307.8,1316.29,8141,107.16,1155,4478.0, 55.01,2026-05-08
CHOICEGOLD, EQ, 08-May-2026,149.45,149.45,149.5,147.13,148.9,148.71,148.87,3135,4.67,130,2145.0, 68.42,2026-05-08
CHOICEIN, EQ, 08-May-2026,689.95,688.8,691.0,679.95,687.0,688.85,684.79,1270069,8697.28,11387,778722.0, 61.31,2026-05-08
CHOLAFIN, EQ, 08-May-2026,1689.2,1688.1,1694.9,1670.6,1671.0,1674.1,1679.97,919240,15442.93,47639,571679.0, 62.19,2026-05-08
CHOLAHLDNG, EQ, 08-May-2026,1755.0,1764.0,1809.9,1757.0,1785.0,1780.7,1786.01,349136,6235.59,17118,181919.0, 52.11,2026-05-08
CIEINDIA, EQ, 08-May-2026,481.35,484.55,484.55,474.1,475.5,474.85,478.18,252582,1207.79,8485,145367.0, 57.55,2026-05-08
CIFL, EQ, 08-May-2026,30.13,30.61,30.62,29.86,30.25,30.1,30.15,184230,55.55,1053,84471.0, 45.85,2026-05-08
CIGNITITEC, EQ, 08-May-2026,1279.2,1275.1,1369.5,1269.0,1360.8,1360.0,1340.53,151681,2033.33,6904,49762.0, 32.81,2026-05-08
CINELINE, EQ, 08-May-2026,85.93,85.3,87.0,85.02,85.03,85.07,85.85,13493,11.58,291,8607.0, 63.79,2026-05-08
CINEVISTA, EQ, 08-May-2026,15.73,15.82,16.14,15.46,15.6,15.51,15.65,29574,4.63,93,27010.0, 91.33,2026-05-08
CIPLA, EQ, 08-May-2026,1362.3,1355.0,1366.7,1341.3,1348.0,1347.0,1350.12,1044824,14106.33,36384,534463.0, 51.15,2026-05-08
CITIUSINVT, IV, 08-May-2026,104.63,104.53,105.51,104.52,105.0,105.04,104.98,1089755,1144.05,16821,1050839.0, 96.43,2026-05-08
CKKRETAIL, ST, 08-May-2026,124.65,119.55,121.85,119.05,119.05,119.2,119.95,44800,53.74,55,36000.0, 80.36,2026-05-08
CLASSICEIL, ST, 08-May-2026,56.75,57.0,58.65,57.0,58.4,58.4,57.79,11200,6.47,7,11200.0, 100.00,2026-05-08
CLEAN, EQ, 08-May-2026,876.9,876.05,899.5,867.55,891.9,893.1,886.65,623835,5531.22,29489,270268.0, 43.32,2026-05-08
CLEANMAX, EQ, 08-May-2026,1166.4,1162.0,1199.0,1148.0,1189.9,1188.6,1174.69,322425,3787.49,14727,232954.0, 72.25,2026-05-08
CLEDUCATE, BE, 08-May-2026,38.62,38.96,40.3,38.03,40.0,39.82,38.87,115024,44.71,307,, -,2026-05-08
CLSEL, EQ, 08-May-2026,298.45,299.8,299.8,287.55,288.0,289.35,291.04,120982,352.11,2025,52862.0, 43.69,2026-05-08
CLSL, SM, 08-May-2026,45.0,44.05,44.6,44.0,44.6,44.6,44.22,6000,2.65,3,6000.0, 100.00,2026-05-08
CMNL, SM, 08-May-2026,130.15,131.05,131.05,126.1,127.5,127.7,128.74,15000,19.31,20,12750.0, 85.00,2026-05-08
CMPDI, EQ, 08-May-2026,208.35,208.15,225.98,206.49,219.85,219.33,217.64,8390266,18260.18,74592,3254769.0, 38.79,2026-05-08
CMRSL, SM, 08-May-2026,80.4,84.3,84.3,81.05,81.05,81.05,83.0,2400,1.99,3,800.0, 33.33,2026-05-08
CMSINFO, EQ, 08-May-2026,287.8,288.75,294.2,285.7,290.5,289.6,289.8,488924,1416.88,12414,277643.0, 56.79,2026-05-08
CNL, EQ, 08-May-2026,631.05,659.0,659.0,624.8,629.5,631.95,633.38,5921,37.5,453,3808.0, 64.31,2026-05-08
COALINDIA, EQ, 08-May-2026,466.65,461.2,463.35,454.9,457.0,456.4,457.84,15767759,72190.79,229810,9080824.0, 57.59,2026-05-08
COASTCORP, EQ, 08-May-2026,62.93,63.5,64.7,61.25,63.0,62.38,62.99,236812,149.17,2696,127723.0, 53.93,2026-05-08
COCHINSHIP, EQ, 08-May-2026,1814.7,1830.0,1842.8,1767.9,1769.4,1776.7,1798.91,2677634,48168.29,83200,897965.0, 33.54,2026-05-08
COCKERILL, EQ, 08-May-2026,5579.5,5596.5,5715.0,5479.5,5575.0,5540.5,5611.24,4622,259.35,1077,2485.0, 53.76,2026-05-08
COFFEEDAY, EQ, 08-May-2026,26.78,26.78,26.94,25.92,26.35,26.33,26.38,944830,249.22,4191,492532.0, 52.13,2026-05-08
COFORGE, EQ, 08-May-2026,1285.3,1279.1,1374.0,1275.0,1365.2,1368.1,1346.94,9375709,126285.57,218329,3081154.0, 32.86,2026-05-08
COHANCE, EQ, 08-May-2026,484.85,484.85,502.35,481.0,487.0,488.2,492.07,2338347,11506.32,62683,946950.0, 40.50,2026-05-08
COLPAL, EQ, 08-May-2026,2167.0,2161.2,2205.9,2157.3,2193.7,2197.4,2188.3,273342,5981.54,17151,128710.0, 47.09,2026-05-08
COMFINTE, EQ, 08-May-2026,7.48,7.3,8.2,7.3,7.85,7.99,7.85,1226919,96.34,854,831059.0, 67.74,2026-05-08
COMMITTED, SM, 08-May-2026,293.0,296.0,300.0,285.0,288.0,288.0,292.69,12000,35.12,15,10400.0, 86.67,2026-05-08
COMMOIETF, EQ, 08-May-2026,106.03,106.42,106.99,104.93,106.97,105.26,105.44,60043,63.31,697,30911.0, 51.48,2026-05-08
COMPINFO, BZ, 08-May-2026,1.32,1.37,1.38,1.37,1.38,1.38,1.38,25683,0.35,41,, -,2026-05-08
COMPUSOFT, EQ, 08-May-2026,14.56,14.56,15.05,14.13,14.36,14.32,14.35,37361,5.36,229,22183.0, 59.37,2026-05-08
COMSYN, EQ, 08-May-2026,153.29,153.29,154.18,153.0,153.0,153.02,153.13,31243,47.84,215,11463.0, 36.69,2026-05-08
CONCOR, EQ, 08-May-2026,526.7,526.65,537.0,524.25,533.35,534.75,533.2,1130482,6027.74,39020,496743.0, 43.94,2026-05-08
CONCORDBIO, EQ, 08-May-2026,1198.7,1198.1,1202.4,1168.0,1170.0,1173.9,1184.38,155756,1844.74,15179,82047.0, 52.68,2026-05-08
CONFIPET, EQ, 08-May-2026,55.01,55.01,55.41,53.65,54.6,54.72,54.43,1122772,611.14,4491,551594.0, 49.13,2026-05-08
CONNPLEX, SM, 08-May-2026,269.85,279.0,297.8,276.0,296.1,293.65,286.28,232800,666.45,269,140800.0, 60.48,2026-05-08
CONS, EQ, 08-May-2026,11.87,11.84,11.96,11.81,11.96,11.91,11.9,30042,3.58,102,27738.0, 92.33,2026-05-08
CONSOFINVT, BE, 08-May-2026,228.64,227.0,228.66,224.0,226.0,226.74,225.19,3265,7.35,36,, -,2026-05-08
CONSUMBEES, EQ, 08-May-2026,128.89,129.11,129.5,128.2,129.0,128.98,128.88,71413,92.03,1061,41978.0, 58.78,2026-05-08
CONSUMER, EQ, 08-May-2026,11.28,11.28,11.33,11.2,11.27,11.28,11.27,137856,15.53,321,88758.0, 64.38,2026-05-08
CONSUMIETF, EQ, 08-May-2026,120.18,120.18,121.5,119.31,121.5,120.05,119.88,18531,22.21,327,11083.0, 59.81,2026-05-08
CONTROLPR, EQ, 08-May-2026,672.15,674.0,680.9,662.25,671.75,669.8,670.61,12082,81.02,1202,7329.0, 60.66,2026-05-08
COOLCAPS, SM, 08-May-2026,25.2,24.85,25.95,24.25,24.5,24.5,24.6,95000,23.37,55,60000.0, 63.16,2026-05-08
CORALFINAC, EQ, 08-May-2026,34.58,34.75,35.2,34.05,34.75,34.43,34.66,4224,1.46,120,3377.0, 79.95,2026-05-08
CORDSCABLE, EQ, 08-May-2026,214.75,212.01,230.92,210.31,215.5,217.27,223.32,489441,1093.01,7370,163997.0, 33.51,2026-05-08
COROMANDEL, EQ, 08-May-2026,1965.0,1961.7,1984.3,1901.8,1928.9,1927.6,1927.99,557581,10750.09,45746,257971.0, 46.27,2026-05-08
CORONA, EQ, 08-May-2026,1742.9,1760.0,1760.0,1679.9,1685.2,1712.3,1724.09,12742,219.68,1896,7708.0, 60.49,2026-05-08
COSMOFIRST, EQ, 08-May-2026,769.05,772.0,822.8,757.0,811.25,815.45,797.25,375599,2994.45,12575,181184.0, 48.24,2026-05-08
COUNCODOS, EQ, 08-May-2026,5.2,5.34,5.34,5.18,5.2,5.21,5.21,29751,1.55,111,24177.0, 81.26,2026-05-08
CPCAP, BE, 08-May-2026,95.49,96.9,98.7,94.3,95.0,94.97,95.3,17897,17.06,157,, -,2026-05-08
CPEDU, EQ, 08-May-2026,204.96,200.6,205.95,183.0,192.0,193.62,193.19,8845,17.09,662,6706.0, 75.82,2026-05-08
CPPLUS, EQ, 08-May-2026,2463.1,2450.0,2527.3,2422.2,2500.0,2508.3,2486.03,200748,4990.66,16552,98060.0, 48.85,2026-05-08
CPSEETF, EQ, 08-May-2026,106.94,107.27,107.27,106.1,106.48,106.44,106.45,1083581,1153.46,9206,596689.0, 55.07,2026-05-08
CRAFTSMAN, EQ, 08-May-2026,8637.0,8657.5,9738.0,8657.5,8990.0,8981.5,9283.79,2259509,209768.12,307346,238555.0, 10.56,2026-05-08
CRAMC, EQ, 08-May-2026,252.05,252.0,253.0,248.5,249.0,249.2,249.75,619332,1546.78,16608,417493.0, 67.41,2026-05-08
CRAYONS, SM, 08-May-2026,36.05,36.95,37.0,36.0,36.0,36.0,36.65,3000,1.1,3,3000.0, 100.00,2026-05-08
CREATIVEYE, EQ, 08-May-2026,7.03,7.15,7.15,6.92,7.0,7.0,6.99,2469,0.17,47,1460.0, 59.13,2026-05-08
CREDITACC, EQ, 08-May-2026,1490.4,1488.0,1514.1,1482.1,1497.0,1497.0,1500.56,277518,4164.32,16273,103709.0, 37.37,2026-05-08
CREST, EQ, 08-May-2026,377.75,377.0,388.7,374.75,388.55,386.45,382.61,8250,31.57,180,6090.0, 73.82,2026-05-08
CRISIL, EQ, 08-May-2026,4152.0,4176.9,4208.8,4125.4,4160.7,4162.3,4174.99,31928,1332.99,7790,16560.0, 51.87,2026-05-08
CRIZAC, EQ, 08-May-2026,220.02,220.0,221.67,216.01,217.0,217.88,219.01,204122,447.06,7500,109236.0, 53.52,2026-05-08
CROMPTON, EQ, 08-May-2026,290.75,290.9,299.15,289.35,293.15,293.3,294.19,8477610,24940.32,74316,4173377.0, 49.23,2026-05-08
CROWN, EQ, 08-May-2026,151.37,151.0,151.0,146.0,147.8,147.32,147.39,10197,15.03,420,5895.0, 57.81,2026-05-08
CSBBANK, EQ, 08-May-2026,356.95,359.35,365.95,354.0,365.0,365.05,361.3,1065911,3851.17,23784,534494.0, 50.14,2026-05-08
CSLFINANCE, EQ, 08-May-2026,237.02,237.88,239.4,235.0,235.45,235.72,236.98,15486,36.7,538,9821.0, 63.42,2026-05-08
CSSL, SM, 08-May-2026,98.5,102.0,103.0,100.0,100.75,100.75,101.39,20000,20.28,20,13000.0, 65.00,2026-05-08
CTE, BE, 08-May-2026,32.92,32.95,34.12,32.0,32.21,32.56,32.65,33975,11.09,73,, -,2026-05-08
CUB, EQ, 08-May-2026,270.85,271.05,271.55,258.15,258.95,260.35,262.44,5432812,14257.99,76352,2712931.0, 49.94,2026-05-08
CUBEINVIT, IV, 08-May-2026,147.94,148.0,148.0,148.0,148.0,148.0,148.0,700000,1036.0,3,700000.0, 100.00,2026-05-08
CUBEXTUB, EQ, 08-May-2026,104.24,105.8,107.25,101.71,101.99,102.55,104.35,250591,261.5,2794,93895.0, 37.47,2026-05-08
CUDML, SM, 08-May-2026,155.0,153.0,157.9,152.0,157.9,156.7,156.43,51000,79.78,18,50000.0, 98.04,2026-05-08
CUMMINSIND, EQ, 08-May-2026,5403.0,5415.0,5470.5,5381.0,5391.0,5401.0,5425.93,528649,28684.14,53256,293265.0, 55.47,2026-05-08
CUPID, EQ, 08-May-2026,131.14,131.0,133.92,129.59,133.25,133.56,132.26,13727472,18155.38,46670,4934767.0, 35.95,2026-05-08
CURAA, BE, 08-May-2026,88.17,92.57,92.57,92.0,92.57,92.57,92.33,1956,1.81,42,, -,2026-05-08
CURIS, SM, 08-May-2026,130.35,125.0,130.0,125.0,129.7,129.7,128.23,3000,3.85,3,3000.0, 100.00,2026-05-08
CURRENT, SM, 08-May-2026,125.25,126.25,137.65,126.25,130.0,130.0,131.3,4800,6.3,3,3200.0, 66.67,2026-05-08
CYBERMEDIA, EQ, 08-May-2026,19.3,20.75,21.43,17.71,17.86,17.89,19.34,340302,65.83,1533,155141.0, 45.59,2026-05-08
CYBERTECH, EQ, 08-May-2026,126.41,136.0,151.69,134.2,144.55,143.83,146.89,883036,1297.12,9187,234189.0, 26.52,2026-05-08
CYIENT, EQ, 08-May-2026,894.4,896.0,919.5,894.0,902.5,904.7,907.7,376693,3419.26,18670,146994.0, 39.02,2026-05-08
CYIENTDLM, EQ, 08-May-2026,424.8,424.8,439.4,424.0,432.1,432.9,432.97,286356,1239.83,7246,142878.0, 49.90,2026-05-08
DABUR, EQ, 08-May-2026,470.0,485.0,490.5,469.1,487.0,487.7,482.36,11860370,57209.67,127442,2295782.0, 19.36,2026-05-08
DAICHI, EQ, 08-May-2026,269.8,273.7,273.7,252.2,261.2,257.5,260.83,13269,34.61,270,9875.0, 74.42,2026-05-08
DALBHARAT, EQ, 08-May-2026,1974.3,1974.3,1977.5,1813.6,1840.0,1823.6,1849.56,1694264,31336.38,69798,789472.0, 46.60,2026-05-08
DALMIASUG, EQ, 08-May-2026,388.4,391.9,391.9,378.6,386.0,385.25,383.47,125537,481.4,5128,43263.0, 34.46,2026-05-08
DAMCAPITAL, EQ, 08-May-2026,164.0,163.25,163.8,160.3,160.37,160.7,161.66,246653,398.74,4234,120486.0, 48.85,2026-05-08
DAMODARIND, EQ, 08-May-2026,31.91,31.5,31.86,30.3,30.89,30.89,31.09,5459,1.7,93,3720.0, 68.14,2026-05-08
DANGEE, EQ, 08-May-2026,3.54,3.57,3.59,3.55,3.59,3.57,3.57,26788,0.96,81,23748.0, 88.65,2026-05-08
DANISH, SM, 08-May-2026,858.15,865.0,878.65,825.0,845.0,838.4,848.91,28650,243.21,162,16350.0, 57.07,2026-05-08
DATAMATICS, EQ, 08-May-2026,823.1,820.85,830.0,807.55,811.05,818.4,819.91,159263,1305.81,7513,42883.0, 26.93,2026-05-08
DATAPATTNS, EQ, 08-May-2026,4250.1,4239.9,4287.0,4085.1,4119.7,4103.4,4148.9,814195,33780.12,62946,268514.0, 32.98,2026-05-08
DAVANGERE, EQ, 08-May-2026,3.69,3.68,3.7,3.66,3.7,3.68,3.68,2489260,91.63,1264,1281514.0, 51.48,2026-05-08
DBCORP, EQ, 08-May-2026,231.04,230.45,237.0,229.14,234.0,231.47,232.96,82220,191.54,2238,41787.0, 50.82,2026-05-08
DBEIL, EQ, 08-May-2026,84.3,84.0,85.4,82.5,83.8,83.61,83.74,29795,24.95,962,17702.0, 59.41,2026-05-08
DBL, EQ, 08-May-2026,481.1,479.8,483.0,478.0,479.0,478.75,480.14,73526,353.03,3870,40410.0, 54.96,2026-05-08
DBOL, BE, 08-May-2026,120.13,119.1,120.5,116.02,119.0,118.78,117.9,47943,56.53,338,, -,2026-05-08
DBREALTY, EQ, 08-May-2026,140.35,138.0,148.3,135.0,141.0,141.99,141.51,4963686,7024.05,34260,1926288.0, 38.81,2026-05-08
DBSTOCKBRO, EQ, 08-May-2026,27.41,27.12,27.89,27.0,27.8,27.79,27.59,21351,5.89,321,14252.0, 66.75,2026-05-08
DCAL, EQ, 08-May-2026,192.23,191.45,193.5,186.7,186.7,187.25,189.66,193741,367.46,3231,95307.0, 49.19,2026-05-08
DCBBANK, EQ, 08-May-2026,186.36,186.35,186.35,176.0,180.8,180.84,179.88,3480025,6260.01,32959,1811272.0, 52.05,2026-05-08
DCG, SM, 08-May-2026,72.75,71.25,73.25,68.0,72.0,71.95,70.78,19200,13.59,16,15600.0, 81.25,2026-05-08
DCI, BE, 08-May-2026,277.1,279.7,282.85,273.0,280.0,279.85,277.24,17129,47.49,189,, -,2026-05-08
DCM, EQ, 08-May-2026,83.34,83.2,83.2,80.5,82.0,82.14,81.98,3494,2.86,89,2836.0, 81.17,2026-05-08
DCMFINSERV, BE, 08-May-2026,4.78,4.85,4.87,4.85,4.87,4.87,4.86,3974,0.19,18,, -,2026-05-08
DCMNVL, EQ, 08-May-2026,157.92,159.0,162.4,155.0,155.0,156.04,157.42,13699,21.56,220,9170.0, 66.94,2026-05-08
DCMSHRIRAM, EQ, 08-May-2026,1260.5,1255.0,1272.9,1230.0,1237.0,1231.8,1247.82,47705,595.27,6372,22639.0, 47.46,2026-05-08
DCMSIL, BE, 08-May-2026,73.8,73.01,74.5,70.16,71.9,71.26,71.94,63620,45.77,351,, -,2026-05-08
DCMSRIND, EQ, 08-May-2026,47.19,47.2,49.5,46.4,46.57,46.57,46.82,107418,50.29,883,64946.0, 60.46,2026-05-08
DCW, EQ, 08-May-2026,51.76,51.6,51.6,50.11,51.05,51.11,50.85,1780809,905.59,5553,808955.0, 45.43,2026-05-08
DCXINDIA, EQ, 08-May-2026,220.92,222.27,225.96,216.27,221.5,222.85,221.63,2158358,4783.51,22374,657832.0, 30.48,2026-05-08
DDEVPLSTIK, EQ, 08-May-2026,248.6,249.0,251.8,247.0,249.9,249.3,249.56,89715,223.9,2245,49818.0, 55.53,2026-05-08
DECCANCE, EQ, 08-May-2026,652.1,665.0,665.0,642.6,644.55,646.4,646.67,10782,69.72,491,6126.0, 56.82,2026-05-08
DECNGOLD, EQ, 08-May-2026,125.08,124.9,127.5,120.5,120.7,120.93,123.63,628417,776.93,6614,328069.0, 52.21,2026-05-08
DEEDEV, EQ, 08-May-2026,457.7,457.0,480.55,456.0,467.5,469.25,472.59,933479,4411.49,14773,415850.0, 44.55,2026-05-08
DEEPAKFERT, EQ, 08-May-2026,1338.4,1346.0,1364.4,1325.0,1341.5,1342.0,1340.62,393844,5279.95,22808,155054.0, 39.37,2026-05-08
DEEPAKNTR, EQ, 08-May-2026,1854.4,1854.4,1888.0,1842.0,1867.7,1875.9,1865.19,254014,4737.84,21381,135489.0, 53.34,2026-05-08
DEEPINDS, EQ, 08-May-2026,465.35,468.15,471.25,451.35,459.0,456.95,462.57,176807,817.86,4841,75256.0, 42.56,2026-05-08
DEFENCE, EQ, 08-May-2026,77.3,79.23,79.23,76.7,77.0,76.98,77.04,407424,313.86,1069,306155.0, 75.14,2026-05-08
DELAPLEX, SM, 08-May-2026,137.75,127.0,138.0,127.0,138.0,138.0,135.19,3600,4.87,5,3000.0, 83.33,2026-05-08
DELHIVERY, EQ, 08-May-2026,481.75,484.95,487.5,475.85,479.0,479.1,481.33,2827517,13609.83,46634,953166.0, 33.71,2026-05-08
DELPHIFX, EQ, 08-May-2026,11.46,11.69,12.09,11.4,11.99,11.92,11.79,723357,85.26,1159,545894.0, 75.47,2026-05-08
DELTACORP, EQ, 08-May-2026,79.82,79.0,79.77,76.3,77.48,77.65,77.92,4483640,3493.67,19997,1184177.0, 26.41,2026-05-08
DELTAMAGNT, EQ, 08-May-2026,62.33,66.0,66.0,62.42,64.35,64.22,64.15,2018,1.29,65,1275.0, 63.18,2026-05-08
DELTIC, ST, 08-May-2026,42.95,43.65,44.75,41.4,44.35,44.35,43.5,13000,5.66,12,11000.0, 84.62,2026-05-08
DEN, EQ, 08-May-2026,28.18,28.18,28.29,27.6,27.73,27.7,27.81,467621,130.06,1942,271597.0, 58.08,2026-05-08
DENEERS, ST, 08-May-2026,202.75,209.4,209.4,199.0,209.0,206.65,204.54,44400,90.82,48,42600.0, 95.95,2026-05-08
DENORA, EQ, 08-May-2026,755.0,746.0,772.95,746.0,756.0,757.85,761.64,11304,86.1,969,5255.0, 46.49,2026-05-08
DENTA, EQ, 08-May-2026,296.35,296.0,297.95,292.3,295.0,293.7,294.2,81404,239.49,2293,38178.0, 46.90,2026-05-08
DENTALKART, SM, 08-May-2026,430.1,424.0,443.75,424.0,434.0,436.25,434.14,3750,16.28,14,2750.0, 73.33,2026-05-08
DEVIT, EQ, 08-May-2026,30.98,30.71,31.48,30.5,30.55,30.64,30.77,85654,26.36,2070,45530.0, 53.16,2026-05-08
DEVX, EQ, 08-May-2026,42.3,42.0,42.8,41.21,42.75,41.69,41.9,118233,49.54,634,62211.0, 52.62,2026-05-08
DEVYANI, EQ, 08-May-2026,118.89,119.11,119.7,116.55,118.45,118.47,118.22,1832842,2166.82,21786,852350.0, 46.50,2026-05-08
DGCONTENT, EQ, 08-May-2026,31.64,32.49,34.3,31.67,32.99,32.4,32.84,8831,2.9,195,5425.0, 61.43,2026-05-08
DHAMPURSUG, EQ, 08-May-2026,153.69,153.7,154.89,151.0,151.0,151.25,152.79,405820,620.05,7806,149868.0, 36.93,2026-05-08
DHANBANK, EQ, 08-May-2026,32.2,32.5,33.22,32.09,32.24,32.16,32.59,2084967,679.51,5372,985371.0, 47.26,2026-05-08
DHANLAXMI, SM, 08-May-2026,35.8,37.0,37.0,35.0,35.95,35.95,35.98,6000,2.16,3,4000.0, 66.67,2026-05-08
DHANUKA, EQ, 08-May-2026,1094.3,1086.1,1105.0,1083.0,1100.1,1100.0,1096.17,28998,317.87,2478,15620.0, 53.87,2026-05-08
DHARARAIL, SM, 08-May-2026,129.7,129.05,137.75,129.0,135.0,134.55,132.82,76000,100.95,58,63000.0, 82.89,2026-05-08
DHARIWAL, ST, 08-May-2026,37.05,37.85,38.0,35.2,37.9,37.9,36.51,63000,23.0,21,48000.0, 76.19,2026-05-08
DHARMAJ, EQ, 08-May-2026,276.45,277.5,278.05,260.1,270.1,269.5,268.24,82895,222.36,2831,36527.0, 44.06,2026-05-08
DHRUV, BE, 08-May-2026,33.07,33.07,33.07,31.42,31.42,31.42,31.85,29223,9.31,82,, -,2026-05-08
DHUNINV, EQ, 08-May-2026,954.75,962.9,964.5,937.9,956.0,953.3,952.65,387,3.69,109,260.0, 67.18,2026-05-08
DIACABS, EQ, 08-May-2026,169.9,171.0,184.75,168.45,174.2,172.85,176.66,14765497,26084.85,82146,3404309.0, 23.06,2026-05-08
DIAMINESQ, EQ, 08-May-2026,276.4,276.4,282.25,270.5,280.6,279.35,276.66,6084,16.83,446,3353.0, 55.11,2026-05-08
DIAMONDYD, EQ, 08-May-2026,1009.45,994.3,1020.0,989.35,1010.0,1009.15,1009.91,16922,170.9,1144,9041.0, 53.43,2026-05-08
DICIND, EQ, 08-May-2026,554.0,557.0,557.0,536.0,549.0,548.3,543.46,409,2.22,38,346.0, 84.60,2026-05-08
DIFFNKG, EQ, 08-May-2026,315.75,315.75,320.95,309.15,315.5,316.45,314.98,88880,279.95,2758,43078.0, 48.47,2026-05-08
DIGIDRIVE, EQ, 08-May-2026,22.77,22.77,23.84,22.45,22.8,22.8,22.93,39397,9.04,140,37288.0, 94.65,2026-05-08
DIGIKORE, SM, 08-May-2026,72.35,73.3,73.3,69.4,70.0,69.95,70.54,42400,29.91,67,36400.0, 85.85,2026-05-08
DIGISPICE, BE, 08-May-2026,21.12,21.54,21.54,20.55,20.8,21.02,20.97,30216,6.34,161,, -,2026-05-08
DIGITIDE, EQ, 08-May-2026,100.83,100.83,102.25,99.0,99.0,99.75,100.63,169039,170.1,1685,86744.0, 51.32,2026-05-08
DIGJAMLMTD, EQ, 08-May-2026,46.36,46.36,48.49,45.82,48.05,48.1,47.33,22429,10.62,458,13683.0, 61.01,2026-05-08
DIRL, SM, 08-May-2026,11.8,11.3,12.35,11.3,12.3,12.3,12.08,24000,2.9,4,12000.0, 50.00,2026-05-08
DISAQ, EQ, 08-May-2026,12226.0,12499.0,12499.0,12175.0,12175.0,12268.0,12331.51,77,9.5,45,50.0, 64.94,2026-05-08
DISHTV, BE, 08-May-2026,3.74,3.74,3.92,3.71,3.88,3.86,3.82,3376482,129.12,1500,, -,2026-05-08
DIVGIITTS, EQ, 08-May-2026,727.2,719.95,750.0,717.35,740.0,741.0,737.86,18078,133.39,1723,10521.0, 58.20,2026-05-08
DIVIDEND, EQ, 08-May-2026,36.99,36.87,37.01,36.78,36.89,36.89,36.85,50789,18.72,91,44871.0, 88.35,2026-05-08
DIVINEHIRA, ST, 08-May-2026,327.0,325.0,330.0,325.0,330.0,330.0,326.81,6400,20.92,14,6400.0, 100.00,2026-05-08
DIVISLAB, EQ, 08-May-2026,6702.5,6700.0,6759.0,6675.0,6705.0,6710.5,6708.14,155071,10402.39,19923,74353.0, 47.95,2026-05-08
DIVOPPBEES, EQ, 08-May-2026,80.32,81.5,81.5,79.5,79.75,79.73,79.85,42378,33.84,941,29900.0, 70.56,2026-05-08
DIXON, EQ, 08-May-2026,11048.0,11040.0,11265.0,10580.0,10825.0,10803.0,10913.55,817765,89247.21,100824,251210.0, 30.72,2026-05-08
DJML, BE, 08-May-2026,98.46,98.46,98.5,96.0,97.99,97.92,97.49,38224,37.26,85,, -,2026-05-08
DLF, EQ, 08-May-2026,618.85,617.1,619.95,606.0,606.3,608.25,612.39,3094759,18952.08,43548,1324695.0, 42.80,2026-05-08
DLINKINDIA, EQ, 08-May-2026,465.7,468.0,478.35,460.55,465.0,466.75,468.54,237011,1110.5,6741,103573.0, 43.70,2026-05-08
DMART, EQ, 08-May-2026,4386.5,4410.2,4448.0,4382.4,4396.1,4402.1,4416.58,266657,11777.12,24906,128857.0, 48.32,2026-05-08
DMCC, EQ, 08-May-2026,312.4,315.4,332.9,315.4,321.6,320.25,323.09,232532,751.28,4975,114408.0, 49.20,2026-05-08
DNAMEDIA, EQ, 08-May-2026,2.98,2.98,3.04,2.89,3.0,2.95,2.92,53665,1.57,154,49209.0, 91.70,2026-05-08
DODLA, EQ, 08-May-2026,1140.6,1119.4,1153.9,1115.5,1127.0,1127.3,1134.34,25963,294.51,3988,13403.0, 51.62,2026-05-08
DOLATALGO, EQ, 08-May-2026,76.98,77.1,81.5,76.25,79.0,78.94,79.6,625830,498.16,4475,211600.0, 33.81,2026-05-08
DOLLAR, EQ, 08-May-2026,300.3,302.0,302.65,292.0,294.4,293.4,295.82,105108,310.93,3500,70859.0, 67.42,2026-05-08
DOLLEX, SM, 08-May-2026,31.85,31.45,31.6,31.0,31.0,31.4,31.43,24000,7.54,6,24000.0, 100.00,2026-05-08
DOLPHIN, EQ, 08-May-2026,427.9,426.5,428.15,420.0,420.0,422.55,423.97,7116,30.17,308,4039.0, 56.76,2026-05-08
DOMS, EQ, 08-May-2026,2356.8,2354.0,2372.8,2325.0,2340.0,2342.2,2345.02,24528,575.19,4989,11528.0, 47.00,2026-05-08
DONEAR, EQ, 08-May-2026,92.86,94.75,94.75,92.37,93.6,93.51,93.76,11906,11.16,523,6372.0, 53.52,2026-05-08
DPABHUSHAN, EQ, 08-May-2026,1083.2,1072.5,1115.0,1072.5,1100.2,1105.6,1094.34,14420,157.8,985,7601.0, 52.71,2026-05-08
DPEL, SM, 08-May-2026,510.6,510.6,525.0,508.0,521.0,520.45,516.77,46500,240.3,85,31000.0, 66.67,2026-05-08
DPSCLTD, EQ, 08-May-2026,10.42,10.54,10.54,10.1,10.3,10.29,10.25,179084,18.36,726,142759.0, 79.72,2026-05-08
DPWIRES, EQ, 08-May-2026,184.13,184.9,184.9,180.32,183.6,182.71,182.87,9848,18.01,403,5675.0, 57.63,2026-05-08
DRAGARWQ, EQ, 08-May-2026,5072.9,5040.0,5142.8,5017.1,5123.4,5104.0,5077.43,525,26.66,260,308.0, 58.67,2026-05-08
DRCSYSTEMS, EQ, 08-May-2026,15.13,15.37,15.37,14.97,15.15,15.13,15.07,197466,29.75,243,188063.0, 95.24,2026-05-08
DREAMFOLKS, EQ, 08-May-2026,83.85,84.6,84.6,82.0,84.0,83.18,82.9,68441,56.74,1299,36260.0, 52.98,2026-05-08
DREDGECORP, EQ, 08-May-2026,964.3,960.0,965.65,947.05,954.0,953.5,956.15,84457,807.53,4364,39608.0, 46.90,2026-05-08
DRONE, ST, 08-May-2026,48.2,48.1,50.6,48.0,48.35,48.85,49.87,51500,25.68,89,44500.0, 86.41,2026-05-08
DRREDDY, EQ, 08-May-2026,1307.6,1303.5,1310.2,1290.0,1295.0,1293.9,1297.71,964903,12521.61,45836,422342.0, 43.77,2026-05-08
DSFCL, EQ, 08-May-2026,30.1,31.3,31.35,28.71,28.91,29.0,29.51,221332,65.31,2059,142926.0, 64.58,2026-05-08
DSSL, EQ, 08-May-2026,1364.9,1358.2,1379.5,1289.5,1308.9,1304.8,1329.79,108376,1441.18,7173,43415.0, 40.06,2026-05-08
DTIL, EQ, 08-May-2026,151.06,153.99,154.0,150.31,152.95,151.86,152.76,3598,5.5,152,2337.0, 64.95,2026-05-08
DTL, SM, 08-May-2026,126.05,124.0,124.0,124.0,124.0,124.0,124.0,1200,1.49,1,1200.0, 100.00,2026-05-08
DUCOL, SM, 08-May-2026,114.7,112.55,117.4,110.0,117.4,116.55,113.59,6400,7.27,8,4800.0, 75.00,2026-05-08
DUCON, BE, 08-May-2026,3.31,3.37,3.4,3.27,3.4,3.39,3.36,207820,6.99,247,, -,2026-05-08
DUGLOBAL, ST, 08-May-2026,43.15,41.0,43.75,41.0,43.65,43.5,43.47,157500,68.46,6,157500.0, 100.00,2026-05-08
DURLAX, ST, 08-May-2026,49.9,50.0,51.3,49.3,51.05,51.1,50.37,96000,48.36,40,90000.0, 93.75,2026-05-08
DVL, EQ, 08-May-2026,257.45,257.45,266.39,257.2,260.0,260.39,261.91,19152,50.16,457,12344.0, 64.45,2026-05-08
DWARKESH, EQ, 08-May-2026,48.59,48.64,49.07,46.86,46.95,46.99,47.7,2072994,988.87,8731,896702.0, 43.26,2026-05-08
DYCL, EQ, 08-May-2026,416.05,416.05,425.85,414.95,421.0,421.9,420.65,362583,1525.22,7670,218179.0, 60.17,2026-05-08
DYNAMATECH, EQ, 08-May-2026,12405.0,12449.0,12875.0,12275.0,12570.0,12530.0,12642.31,32379,4093.45,10194,8982.0, 27.74,2026-05-08
DYNAMIC, SM, 08-May-2026,125.6,126.0,126.0,119.0,120.2,120.2,122.26,7500,9.17,14,6500.0, 86.67,2026-05-08
DYNPRO, EQ, 08-May-2026,237.93,235.32,243.4,234.74,237.0,238.02,237.08,14670,34.78,581,9475.0, 64.59,2026-05-08
E2E, BE, 08-May-2026,3277.4,3370.0,3441.2,3201.0,3434.0,3434.5,3409.79,168808,5756.0,9508,, -,2026-05-08
E2ERAIL, SM, 08-May-2026,315.4,320.8,336.0,301.0,301.0,306.3,319.43,604000,1929.34,401,122400.0, 20.26,2026-05-08
EASEMYTRIP, EQ, 08-May-2026,8.02,7.98,8.04,7.91,7.99,7.96,7.97,7321659,583.23,6439,3237768.0, 44.22,2026-05-08
EASTSILK, BE, 08-May-2026,61.0,61.0,61.0,59.78,59.78,59.78,60.97,243,0.15,6,, -,2026-05-08
EBANKNIFTY, EQ, 08-May-2026,56.21,56.15,56.15,55.5,55.7,55.7,55.99,4644,2.6,34,4644.0, 100.00,2026-05-08
EBBETF0430, EQ, 08-May-2026,1571.08,1578.0,1578.0,1548.96,1574.0,1573.29,1573.41,34540,543.46,1747,30574.0, 88.52,2026-05-08
EBBETF0431, EQ, 08-May-2026,1402.76,1395.75,1409.95,1395.75,1402.6,1402.99,1405.56,2837,39.88,71,1922.0, 67.75,2026-05-08
EBBETF0433, EQ, 08-May-2026,1273.45,1293.81,1293.81,1273.7,1275.0,1274.77,1274.86,4169,53.15,93,3934.0, 94.36,2026-05-08
EBGNG, EQ, 08-May-2026,441.7,447.25,453.0,417.35,420.7,421.25,433.64,534995,2319.93,21484,278898.0, 52.13,2026-05-08
ECAPINSURE, EQ, 08-May-2026,24.79,24.91,25.27,24.79,25.1,24.95,24.93,61397,15.31,308,45986.0, 74.90,2026-05-08
ECLERX, EQ, 08-May-2026,1593.7,1590.0,1692.4,1589.2,1668.0,1668.7,1659.34,661747,10980.62,46462,269782.0, 40.77,2026-05-08
ECOLINE, SM, 08-May-2026,142.25,142.9,147.0,133.0,133.0,135.4,139.08,132000,183.58,87,118000.0, 89.39,2026-05-08
ECOSMOBLTY, EQ, 08-May-2026,143.74,142.75,153.9,142.24,147.94,147.83,148.64,604866,899.09,7251,213236.0, 35.25,2026-05-08
EDELWEISS, EQ, 08-May-2026,119.96,119.0,126.38,118.25,125.68,125.14,124.07,9124446,11320.25,68941,3824470.0, 41.91,2026-05-08
EEPL, SM, 08-May-2026,114.8,114.0,114.0,111.0,113.0,112.5,112.68,13000,14.65,13,10000.0, 76.92,2026-05-08
EFACTOR, SM, 08-May-2026,248.0,247.0,247.0,235.1,245.0,245.0,244.29,2800,6.84,7,1600.0, 57.14,2026-05-08
EFCIL, EQ, 08-May-2026,193.77,194.28,195.4,188.31,188.31,189.87,190.5,736311,1402.66,9253,428164.0, 58.15,2026-05-08
EFFWA, SM, 08-May-2026,274.95,274.95,279.15,269.75,272.0,271.3,273.72,12400,33.94,31,8800.0, 70.97,2026-05-08
EFORCE, ST, 08-May-2026,27.0,27.0,27.0,26.85,26.85,26.9,26.93,7200,1.94,6,7200.0, 100.00,2026-05-08
EGOLD, EQ, 08-May-2026,150.85,154.6,154.6,149.1,149.9,150.85,150.83,472716,713.01,613,402280.0, 85.10,2026-05-08
EICHERMOT, EQ, 08-May-2026,7327.5,7299.5,7370.0,7228.0,7315.0,7302.5,7314.71,259522,18983.28,31870,117249.0, 45.18,2026-05-08
EIDPARRY, EQ, 08-May-2026,847.35,847.95,852.85,831.85,835.0,834.3,838.57,237610,1992.53,11142,136331.0, 57.38,2026-05-08
EIEL, EQ, 08-May-2026,219.33,220.0,221.66,215.3,217.2,217.18,217.59,1155978,2515.27,12658,444869.0, 38.48,2026-05-08
EIFFL, EQ, 08-May-2026,247.5,245.07,250.19,243.0,249.9,247.42,243.49,135757,330.56,882,125852.0, 92.70,2026-05-08
EIHAHOTELS, EQ, 08-May-2026,335.1,332.6,337.1,331.0,332.35,332.95,333.79,14608,48.76,884,5745.0, 39.33,2026-05-08
EIHOTEL, EQ, 08-May-2026,334.95,337.0,337.05,332.7,336.0,335.4,335.32,85499,286.7,3984,40292.0, 47.13,2026-05-08
EIMCOELECO, EQ, 08-May-2026,1607.8,1607.8,1609.9,1569.7,1578.0,1578.2,1581.75,11435,180.87,1216,6725.0, 58.81,2026-05-08
EKC, EQ, 08-May-2026,123.58,123.68,125.0,121.01,123.9,124.14,123.58,292170,361.06,3131,146356.0, 50.09,2026-05-08
ELANTAS, EQ, 08-May-2026,9729.0,9725.5,10150.0,9725.5,10150.0,10024.5,9965.68,515,51.32,243,416.0, 80.78,2026-05-08
ELCIDIN, EQ, 08-May-2026,124100.0,122770.0,124100.0,122770.0,123500.0,123600.0,123581.43,7,8.65,7,6.0, 85.71,2026-05-08
ELDEHSG, EQ, 08-May-2026,868.45,869.0,874.8,836.3,869.0,859.55,864.63,1175,10.16,41,1038.0, 88.34,2026-05-08
ELECON, EQ, 08-May-2026,562.65,564.1,566.85,554.05,562.4,557.65,559.95,809818,4534.61,26837,474738.0, 58.62,2026-05-08
ELECTCAST, EQ, 08-May-2026,91.35,91.8,93.4,90.25,92.49,92.29,91.9,2987755,2745.81,22765,1032359.0, 34.55,2026-05-08
ELECTHERM, EQ, 08-May-2026,787.75,791.7,793.4,751.1,752.3,758.5,775.66,12865,99.79,646,7354.0, 57.16,2026-05-08
ELGIEQUIP, EQ, 08-May-2026,562.35,561.25,571.8,556.35,560.7,559.1,566.58,368477,2087.7,15387,161656.0, 43.87,2026-05-08
ELGIRUBCO, EQ, 08-May-2026,55.25,53.1,56.0,52.9,54.35,53.69,54.27,57629,31.27,822,30024.0, 52.10,2026-05-08
ELGNZ, SM, 08-May-2026,81.45,81.2,81.45,78.0,80.95,81.25,79.73,8000,6.38,8,6000.0, 75.00,2026-05-08
ELIN, EQ, 08-May-2026,130.25,130.25,133.99,127.25,132.7,131.59,131.98,194591,256.82,2725,77332.0, 39.74,2026-05-08
ELIQUID, EQ, 08-May-2026,1029.65,1030.06,1030.08,1030.06,1030.08,1030.08,1030.08,5658,58.28,13,5148.0, 90.99,2026-05-08
ELITECON, EQ, 08-May-2026,36.36,36.19,38.17,36.16,36.7,36.79,37.53,2083043,781.81,7767,813129.0, 39.04,2026-05-08
ELLEN, EQ, 08-May-2026,291.55,291.0,294.8,282.0,283.5,284.55,286.97,1136523,3261.46,26961,667683.0, 58.75,2026-05-08
ELM250, EQ, 08-May-2026,16.55,16.63,16.63,16.39,16.54,16.5,16.53,1357173,224.35,193,1249806.0, 92.09,2026-05-08
ELPROINTL, EQ, 08-May-2026,128.0,127.1,151.0,126.11,142.6,143.96,139.72,1533256,2142.27,16012,897632.0, 58.54,2026-05-08
EMAMILTD, EQ, 08-May-2026,454.4,456.85,459.5,449.6,456.5,456.95,455.75,284568,1296.92,14468,139773.0, 49.12,2026-05-08
EMAMIPAP, EQ, 08-May-2026,81.72,80.22,82.0,80.22,81.45,81.46,81.25,8908,7.24,152,5375.0, 60.34,2026-05-08
EMAMIREAL, BE, 08-May-2026,109.83,112.0,115.3,104.34,105.62,105.26,108.19,171885,185.96,676,, -,2026-05-08
EMAPARTNER, SM, 08-May-2026,90.2,90.2,93.75,89.1,91.0,91.9,90.64,11000,9.97,11,8000.0, 72.73,2026-05-08
EMBASSY, RR, 08-May-2026,421.11,423.4,423.4,418.21,422.0,421.52,421.73,773641,3262.65,17133,693150.0, 89.60,2026-05-08
EMBDL, EQ, 08-May-2026,69.96,71.0,72.8,66.64,69.5,69.98,69.91,11802635,8250.84,40904,5375331.0, 45.54,2026-05-08
EMCURE, EQ, 08-May-2026,1664.8,1675.0,1675.0,1630.0,1646.0,1643.0,1651.4,263230,4346.99,28843,112234.0, 42.64,2026-05-08
EMIL, EQ, 08-May-2026,121.21,122.15,124.38,118.73,119.2,119.23,121.24,629512,763.22,7079,222868.0, 35.40,2026-05-08
EMKAY, EQ, 08-May-2026,239.2,239.39,239.39,225.5,227.97,227.3,231.22,40521,93.69,1359,24470.0, 60.39,2026-05-08
EMKAYTOOLS, SM, 08-May-2026,105.95,107.0,114.95,107.0,114.7,113.05,112.41,1950,2.19,12,1350.0, 69.23,2026-05-08
EMMBI, EQ, 08-May-2026,85.59,86.01,86.01,81.59,83.38,82.84,83.27,13743,11.44,415,7946.0, 57.82,2026-05-08
EMMIL, SM, 08-May-2026,153.0,150.3,154.9,150.0,150.0,150.0,150.38,7500,11.28,27,6000.0, 80.00,2026-05-08
EMMVEE, EQ, 08-May-2026,264.9,263.75,272.8,261.1,268.8,267.8,267.19,6230836,16648.0,74678,2801933.0, 44.97,2026-05-08
EMPOWER, BE, 08-May-2026,2.35,2.46,2.46,2.46,2.46,2.46,2.46,6047793,148.78,2290,, -,2026-05-08
EMSLIMITED, EQ, 08-May-2026,369.3,368.0,369.4,363.05,364.45,363.7,365.92,139592,510.79,4145,61450.0, 44.02,2026-05-08
EMUDHRA, EQ, 08-May-2026,536.5,536.5,537.95,518.2,518.4,519.45,523.9,158756,831.72,6062,88627.0, 55.83,2026-05-08
EMULTIMQ, EQ, 08-May-2026,43.24,43.24,43.35,43.04,43.2,43.11,43.2,38391,16.59,282,36397.0, 94.81,2026-05-08
ENCOMPAS, SM, 08-May-2026,256.1,259.0,269.85,258.0,263.9,263.95,258.47,57200,147.85,15,56400.0, 98.60,2026-05-08
ENDURANCE, EQ, 08-May-2026,2536.2,2530.0,2569.8,2506.2,2508.2,2528.9,2534.97,138984,3523.21,18727,72845.0, 52.41,2026-05-08
ENERGY, EQ, 08-May-2026,41.33,41.49,41.78,40.77,41.02,40.93,41.03,723002,296.66,1682,507118.0, 70.14,2026-05-08
ENERGYDEV, EQ, 08-May-2026,17.68,18.3,18.3,17.1,17.12,17.34,17.64,55986,9.88,543,39918.0, 71.30,2026-05-08
ENFUSE, SM, 08-May-2026,206.0,200.0,200.0,196.0,196.0,196.0,198.67,1800,3.58,3,1800.0, 100.00,2026-05-08
ENGINERSIN, EQ, 08-May-2026,261.35,261.1,263.0,256.0,256.5,256.45,258.84,2288709,5924.2,27956,971519.0, 42.45,2026-05-08
ENIFTY, EQ, 08-May-2026,24.34,24.94,24.94,24.15,24.25,24.25,24.25,23025,5.58,60,23023.0, 99.99,2026-05-08
ENIL, EQ, 08-May-2026,121.38,121.8,124.9,120.15,124.9,122.6,121.54,6763,8.22,184,5054.0, 74.73,2026-05-08
ENRIN, EQ, 08-May-2026,3139.5,3152.2,3260.7,3152.2,3186.0,3183.2,3194.06,513010,16385.84,50710,269442.0, 52.52,2026-05-08
ENSER, ST, 08-May-2026,15.65,15.1,16.4,15.1,16.4,16.05,15.9,70000,11.13,14,65000.0, 92.86,2026-05-08
ENTERO, EQ, 08-May-2026,1265.7,1274.0,1284.0,1216.0,1221.0,1224.6,1258.76,219649,2764.86,7493,181539.0, 82.65,2026-05-08
ENVIRO, SM, 08-May-2026,112.75,113.3,114.7,110.35,114.7,114.7,113.07,10000,11.31,9,8000.0, 80.00,2026-05-08
EPACK, EQ, 08-May-2026,275.0,275.0,275.0,262.55,263.65,263.5,267.29,853301,2280.75,12086,388887.0, 45.57,2026-05-08
EPACKPEB, EQ, 08-May-2026,213.11,214.89,217.0,206.0,207.02,207.6,210.74,507737,1070.01,7680,260873.0, 51.38,2026-05-08
EPIGRAL, EQ, 08-May-2026,1369.8,1365.0,1382.9,1324.0,1330.0,1327.1,1348.3,52831,712.32,5853,26688.0, 50.52,2026-05-08
EPL, EQ, 08-May-2026,234.36,233.0,245.45,232.79,237.95,238.76,240.66,1634661,3934.0,24609,714402.0, 43.70,2026-05-08
EQUAL200, EQ, 08-May-2026,13.69,13.68,13.69,13.61,13.67,13.67,13.64,201178,27.43,60,199502.0, 99.17,2026-05-08
EQUAL50, EQ, 08-May-2026,331.0,330.96,331.42,329.63,330.99,330.99,330.99,24249,80.26,34,23782.0, 98.07,2026-05-08
EQUAL50ADD, EQ, 08-May-2026,340.64,340.64,343.9,339.6,343.9,341.12,341.09,861720,2939.24,413,856216.0, 99.36,2026-05-08
EQUIPPP, BE, 08-May-2026,16.58,16.5,17.3,15.77,16.21,16.28,16.23,26950,4.37,80,, -,2026-05-08
EQUITASBNK, EQ, 08-May-2026,73.28,72.8,73.71,72.18,72.65,72.45,72.85,2735211,1992.63,27383,1274757.0, 46.61,2026-05-08
ERIS, EQ, 08-May-2026,1383.2,1383.0,1410.0,1381.6,1396.2,1386.1,1395.06,49771,694.34,6178,17253.0, 34.66,2026-05-08
ESABINDIA, EQ, 08-May-2026,7086.0,7033.0,7173.0,6879.5,6901.0,6936.0,6972.52,5091,354.97,1795,2076.0, 40.78,2026-05-08
ESAFSFB, EQ, 08-May-2026,27.52,27.6,29.94,27.41,29.64,29.51,28.82,2983740,859.77,6706,1288150.0, 43.17,2026-05-08
ESCONET, ST, 08-May-2026,150.9,153.95,155.0,145.05,147.1,148.55,151.52,9200,13.94,20,8400.0, 91.30,2026-05-08
ESCORTS, EQ, 08-May-2026,3345.9,3345.9,3345.9,3137.5,3149.8,3146.6,3187.68,379151,12086.11,38511,195652.0, 51.60,2026-05-08
ESENSEX, EQ, 08-May-2026,78.03,77.56,77.66,77.29,77.3,77.37,77.55,2053,1.59,21,1991.0, 96.98,2026-05-08
ESFL, ST, 08-May-2026,131.5,131.1,131.1,128.0,128.4,128.4,129.55,11160,14.46,27,9720.0, 87.10,2026-05-08
ESG, EQ, 08-May-2026,41.59,41.59,41.59,41.26,41.45,41.44,41.4,14917,6.18,159,14292.0, 95.81,2026-05-08
ESILVER, EQ, 08-May-2026,249.2,250.7,252.6,247.82,250.05,250.53,250.55,86748,217.35,1839,34924.0, 40.26,2026-05-08
ESPRIT, SM, 08-May-2026,70.0,72.0,72.0,72.0,72.0,72.0,72.0,3200,2.3,2,3200.0, 100.00,2026-05-08
ESSARSHPNG, EQ, 08-May-2026,25.66,25.81,26.19,25.35,25.54,25.55,25.85,747453,193.22,2299,445232.0, 59.57,2026-05-08
ESSENTIA, EQ, 08-May-2026,1.67,1.7,1.76,1.6,1.71,1.72,1.71,11254608,191.95,4162,5805738.0, 51.59,2026-05-08
ESTER, EQ, 08-May-2026,98.81,98.8,105.94,97.51,102.3,102.6,102.94,989443,1018.5,9539,514879.0, 52.04,2026-05-08
ETERNAL, EQ, 08-May-2026,257.42,255.81,257.4,252.6,256.15,256.39,255.14,17618369,44951.22,130654,7380610.0, 41.89,2026-05-08
ETHOSLTD, EQ, 08-May-2026,2387.0,2399.0,2437.6,2344.2,2415.0,2404.6,2392.79,23567,563.91,3659,12290.0, 52.15,2026-05-08
ETL, SM, 08-May-2026,1028.0,1024.0,1024.0,1024.0,1024.0,1024.0,1024.0,150,1.54,1,150.0, 100.00,2026-05-08
ETML, SM, 08-May-2026,83.7,84.0,85.0,83.7,85.0,85.0,84.1,4800,4.04,4,4800.0, 100.00,2026-05-08
EUREKAFORB, EQ, 08-May-2026,517.4,517.4,517.4,508.6,516.0,513.4,512.86,69010,353.93,3246,38862.0, 56.31,2026-05-08
EUROBOND, EQ, 08-May-2026,170.25,171.0,178.38,165.0,173.82,175.45,170.74,5090,8.69,72,4495.0, 88.31,2026-05-08
EUROPRATIK, EQ, 08-May-2026,277.75,277.0,279.75,274.35,278.35,277.6,276.72,188615,521.94,1776,32421.0, 17.19,2026-05-08
EUROTEXIND, EQ, 08-May-2026,16.82,15.8,17.85,15.5,17.69,17.06,16.76,2362,0.4,42,1140.0, 48.26,2026-05-08
EVEREADY, EQ, 08-May-2026,335.7,335.6,335.6,329.1,330.0,331.1,331.22,73754,244.29,3283,32963.0, 44.69,2026-05-08
EVERESTIND, EQ, 08-May-2026,414.55,418.0,428.0,406.1,408.0,407.85,415.72,17514,72.81,1277,9164.0, 52.32,2026-05-08
EVIETF, EQ, 08-May-2026,31.17,31.27,31.29,30.9,31.15,31.19,31.18,378790,118.1,728,156989.0, 41.44,2026-05-08
EVINDIA, EQ, 08-May-2026,31.09,31.24,31.28,30.96,31.21,31.22,31.15,214622,66.85,1368,139054.0, 64.79,2026-05-08
EXCELINDUS, EQ, 08-May-2026,1037.6,1044.0,1056.05,1015.0,1016.0,1024.55,1039.05,15213,158.07,1273,10076.0, 66.23,2026-05-08
EXCELLENT, ST, 08-May-2026,131.55,133.95,133.95,133.95,133.95,133.95,133.95,1600,2.14,1,1600.0, 100.00,2026-05-08
EXCELSOFT, EQ, 08-May-2026,92.33,92.9,96.45,91.06,93.5,93.02,94.4,1159646,1094.74,8886,435992.0, 37.60,2026-05-08
EXICOM, EQ, 08-May-2026,122.69,121.9,123.14,118.5,119.3,119.35,120.62,243098,293.24,2708,104004.0, 42.78,2026-05-08
EXIDEIND, EQ, 08-May-2026,364.45,366.0,366.8,360.35,360.55,362.25,363.61,3429012,12468.37,28164,2052835.0, 59.87,2026-05-08
EXIMROUTES, SM, 08-May-2026,136.3,126.65,133.0,126.65,131.9,129.45,129.54,28800,37.31,19,26400.0, 91.67,2026-05-08
EXPLEOSOL, EQ, 08-May-2026,835.3,842.0,851.3,834.95,843.95,842.5,842.64,17789,149.9,1802,11087.0, 62.33,2026-05-08
EXXARO, EQ, 08-May-2026,6.94,6.94,7.05,6.83,7.0,6.92,6.94,72778,5.05,231,54234.0, 74.52,2026-05-08
FABTECH, EQ, 08-May-2026,165.11,165.01,165.07,161.5,161.5,162.95,163.3,110926,181.14,1844,46918.0, 42.30,2026-05-08
FACT, EQ, 08-May-2026,917.05,923.4,933.9,902.1,902.1,904.6,914.08,220830,2018.57,8682,75452.0, 34.17,2026-05-08
FAIRCHEMOR, EQ, 08-May-2026,625.6,630.05,630.3,616.1,617.15,619.4,620.18,17762,110.16,680,13184.0, 74.23,2026-05-08
FALCONTECH, SM, 08-May-2026,13.95,15.1,15.1,13.1,14.45,13.7,13.92,28800,4.01,22,26400.0, 91.67,2026-05-08
FAZE3Q, BE, 08-May-2026,457.1,449.0,464.5,449.0,453.5,453.5,454.57,3670,16.68,112,, -,2026-05-08
FCL, EQ, 08-May-2026,27.75,27.75,28.87,27.4,28.16,28.15,28.15,11216853,3157.15,22804,4513217.0, 40.24,2026-05-08
FCSSOFT, BE, 08-May-2026,1.68,1.68,1.7,1.66,1.69,1.69,1.68,965245,16.19,978,, -,2026-05-08
FDC, EQ, 08-May-2026,375.55,376.5,388.65,374.6,380.25,380.2,381.81,130703,499.03,4861,63652.0, 48.70,2026-05-08
FEDDERSHOL, EQ, 08-May-2026,34.44,34.44,35.3,33.97,34.75,34.72,34.73,364928,126.75,986,223778.0, 61.32,2026-05-08
FEDERALBNK, EQ, 08-May-2026,297.05,297.0,298.45,291.45,297.4,297.25,294.46,6129346,18048.18,62958,2965686.0, 48.39,2026-05-08
FEDFINA, EQ, 08-May-2026,151.48,151.7,151.92,143.5,148.23,147.38,146.66,1442507,2115.54,18835,758137.0, 52.56,2026-05-08
FEL, BZ, 08-May-2026,0.46,0.47,0.47,0.46,0.47,0.46,0.46,263521,1.22,108,, -,2026-05-08
FELDVR, BZ, 08-May-2026,3.0,2.99,3.13,2.87,2.87,2.93,2.96,4622,0.14,18,, -,2026-05-08
FELIX, SM, 08-May-2026,216.35,223.0,223.0,212.0,214.6,214.85,215.83,30500,65.83,52,22000.0, 72.13,2026-05-08
FERMENTA, EQ, 08-May-2026,300.35,300.6,302.95,285.0,287.0,288.65,292.33,17413,50.9,940,10136.0, 58.21,2026-05-08
FIBERWEB, BE, 08-May-2026,37.3,36.3,37.99,36.0,37.6,37.6,36.83,13824,5.09,89,, -,2026-05-08
FIDEL, SM, 08-May-2026,190.0,191.0,195.0,191.0,195.0,195.0,194.17,5000,9.71,5,4000.0, 80.00,2026-05-08
FIEMIND, EQ, 08-May-2026,2261.4,2273.6,2325.0,2260.0,2270.0,2267.0,2285.66,136339,3116.25,13542,92267.0, 67.67,2026-05-08
FILATEX, EQ, 08-May-2026,45.32,45.2,45.51,43.98,44.83,44.59,44.51,705322,313.92,4211,333165.0, 47.24,2026-05-08
FILATFASH, BE, 08-May-2026,0.26,0.27,0.27,0.27,0.27,0.27,0.27,13302232,35.92,632,, -,2026-05-08
FINBUD, SM, 08-May-2026,129.75,133.5,133.5,127.0,127.0,127.0,130.13,51000,66.37,45,38000.0, 74.51,2026-05-08
FINCABLES, EQ, 08-May-2026,1087.9,1097.0,1172.8,1093.75,1144.95,1141.3,1146.73,1953206,22397.91,90134,614973.0, 31.49,2026-05-08
FINEORG, EQ, 08-May-2026,4658.8,4661.0,4815.9,4612.0,4655.0,4653.9,4706.94,12494,588.09,3764,6575.0, 52.63,2026-05-08
FINIETF, EQ, 08-May-2026,33.0,33.82,33.82,32.76,33.1,32.94,32.93,1255150,413.32,1648,1116459.0, 88.95,2026-05-08
FINKURVE, EQ, 08-May-2026,72.07,72.08,73.18,67.5,69.02,69.28,71.11,74920,53.28,424,61432.0, 82.00,2026-05-08
FINOPB, EQ, 08-May-2026,136.25,136.0,137.2,131.7,132.6,132.41,133.65,242253,323.77,3843,125553.0, 51.83,2026-05-08
FINPIPE, EQ, 08-May-2026,177.42,177.25,180.48,177.19,178.3,177.85,178.61,371269,663.11,7581,207578.0, 55.91,2026-05-08
FIRSTCRY, EQ, 08-May-2026,238.71,239.5,239.5,234.15,236.0,235.28,236.64,624823,1478.58,9571,229635.0, 36.75,2026-05-08
FISCHER, EQ, 08-May-2026,37.72,37.72,37.74,37.06,37.38,37.39,37.45,1015433,380.31,1382,241468.0, 23.78,2026-05-08
FIVESTAR, EQ, 08-May-2026,473.25,474.8,476.65,460.1,462.6,462.25,465.59,676271,3148.66,23144,292356.0, 43.23,2026-05-08
FLAIR, EQ, 08-May-2026,333.05,333.05,345.0,333.05,338.9,337.55,340.11,260627,886.42,4618,113344.0, 43.49,2026-05-08
FLEXIADD, EQ, 08-May-2026,9.89,9.94,9.97,9.89,9.96,9.94,9.92,119454,11.85,230,110395.0, 92.42,2026-05-08
FLEXITUFF, EQ, 08-May-2026,7.1,7.35,7.35,6.77,7.0,7.0,6.98,25569,1.78,112,18345.0, 71.75,2026-05-08
FLFL, BZ, 08-May-2026,1.7,1.78,1.78,1.63,1.78,1.78,1.75,147482,2.59,123,, -,2026-05-08
FLUOROCHEM, EQ, 08-May-2026,3798.4,3790.0,3826.2,3740.0,3760.2,3769.1,3773.76,78743,2971.57,8739,42655.0, 54.17,2026-05-08
FLYSBS, SM, 08-May-2026,456.55,458.8,458.8,445.0,449.0,448.4,449.11,15200,68.27,67,11600.0, 76.32,2026-05-08
FMCGIETF, EQ, 08-May-2026,54.71,55.31,55.31,54.37,54.7,54.8,54.74,995077,544.66,5452,588801.0, 59.17,2026-05-08
FMGOETZE, EQ, 08-May-2026,475.55,475.55,483.3,470.05,472.1,475.25,475.87,47000,223.66,2310,24292.0, 51.69,2026-05-08
FMNL, EQ, 08-May-2026,9.48,9.48,10.2,9.48,10.1,9.94,9.94,66131,6.57,183,57414.0, 86.82,2026-05-08
FOCE, SM, 08-May-2026,558.0,556.0,559.9,556.0,558.0,558.0,557.2,2880,16.05,6,240.0, 8.33,2026-05-08
FOCUS, EQ, 08-May-2026,85.78,85.9,87.5,84.82,86.5,86.27,86.27,81631,70.42,1762,36298.0, 44.47,2026-05-08
FOODSIN, EQ, 08-May-2026,64.02,64.02,64.09,62.21,63.27,62.86,63.05,68410,43.14,2009,42192.0, 61.68,2026-05-08
FORCEMOT, EQ, 08-May-2026,20702.0,20696.0,21180.0,20415.0,20821.0,20877.0,20817.63,123886,25790.13,37383,34621.0, 27.95,2026-05-08
FORGEAUTO, SM, 08-May-2026,90.0,87.0,94.0,87.0,94.0,92.3,90.79,8400,7.63,7,8400.0, 100.00,2026-05-08
FORTIS, EQ, 08-May-2026,947.7,949.4,966.7,947.0,951.3,952.35,956.21,2211990,21151.21,53858,1178369.0, 53.27,2026-05-08
FOSECOIND, EQ, 08-May-2026,4956.9,4956.9,5094.9,4885.6,5060.0,5051.6,4997.37,4171,208.44,1352,2312.0, 55.43,2026-05-08
FRACTAL, EQ, 08-May-2026,1101.55,1108.4,1115.0,1065.0,1070.0,1071.55,1084.73,632524,6861.2,32311,230346.0, 36.42,2026-05-08
FRESHARA, ST, 08-May-2026,211.05,207.05,211.9,205.45,207.3,208.25,208.91,11400,23.82,18,10200.0, 89.47,2026-05-08
FROG, SM, 08-May-2026,158.1,161.5,189.7,158.4,189.7,189.7,183.3,70400,129.05,144,60800.0, 86.36,2026-05-08
FRONTSP, EQ, 08-May-2026,1581.4,1581.4,1869.0,1581.4,1700.0,1740.4,1763.33,126500,2230.62,12695,51297.0, 40.55,2026-05-08
FSL, EQ, 08-May-2026,235.18,235.18,280.85,234.01,272.4,274.26,266.9,85477453,228140.06,639879,5647413.0, 6.61,2026-05-08
FUSION, EQ, 08-May-2026,221.46,219.6,219.97,206.26,217.0,216.55,215.47,600295,1293.47,9506,330959.0, 55.13,2026-05-08
FWSTC, SM, 08-May-2026,179.0,179.0,179.0,173.0,173.0,173.0,175.0,1800,3.15,3,1800.0, 100.00,2026-05-08
GABRIEL, EQ, 08-May-2026,1126.6,1131.0,1154.0,1125.0,1134.0,1131.9,1142.62,392268,4482.14,23102,183257.0, 46.72,2026-05-08
GAEL, EQ, 08-May-2026,163.08,163.95,168.95,162.62,167.5,166.46,165.93,2368945,3930.71,32483,1272907.0, 53.73,2026-05-08
GAIL, EQ, 08-May-2026,167.26,167.4,168.09,165.9,166.59,166.49,166.75,3887936,6483.12,28734,1961818.0, 50.46,2026-05-08
GAJANAND, SM, 08-May-2026,8.65,8.35,8.35,8.3,8.3,8.3,8.33,6000,0.5,2,6000.0, 100.00,2026-05-08
GALAPREC, EQ, 08-May-2026,812.0,824.9,872.0,808.35,852.0,857.0,851.71,80188,682.97,6333,30241.0, 37.71,2026-05-08
GALAXYSURF, EQ, 08-May-2026,1923.9,1920.0,1934.0,1910.0,1921.9,1920.7,1921.26,7223,138.77,1848,4049.0, 56.06,2026-05-08
GALLANTT, EQ, 08-May-2026,866.5,870.7,889.2,850.65,865.0,869.25,875.67,539972,4728.39,22811,124355.0, 23.03,2026-05-08
GANDHAR, EQ, 08-May-2026,153.0,153.0,159.4,150.15,151.74,151.45,154.44,746507,1152.92,10226,205855.0, 27.58,2026-05-08
GANDHITUBE, EQ, 08-May-2026,863.55,860.0,882.0,859.6,874.05,875.0,868.28,3440,29.87,317,2607.0, 75.78,2026-05-08
GANECOS, EQ, 08-May-2026,1034.2,1045.0,1109.0,1045.0,1064.0,1063.6,1067.06,379364,4048.05,25567,158839.0, 41.87,2026-05-08
GANESHBE, EQ, 08-May-2026,100.98,101.88,101.99,94.61,95.5,95.34,97.21,417809,406.17,3521,249820.0, 59.79,2026-05-08
GANESHCP, EQ, 08-May-2026,210.41,208.79,227.0,206.04,218.5,219.22,220.49,263067,580.03,5859,103000.0, 39.15,2026-05-08
GANESHHOU, EQ, 08-May-2026,698.15,695.0,736.3,690.0,712.6,714.35,720.63,124388,896.38,6890,45833.0, 36.85,2026-05-08
GANESHIN, ST, 08-May-2026,82.5,82.05,83.1,80.75,82.5,82.45,81.8,52000,42.53,49,47200.0, 90.77,2026-05-08
GANGABATH, ST, 08-May-2026,24.45,23.5,24.15,23.5,24.15,24.15,23.83,6000,1.43,2,6000.0, 100.00,2026-05-08
GANGAFORGE, EQ, 08-May-2026,2.65,2.65,2.68,2.58,2.59,2.61,2.61,395606,10.32,436,272450.0, 68.87,2026-05-08
GANGESSECU, EQ, 08-May-2026,128.78,128.7,133.0,126.3,130.0,130.01,128.83,2055,2.65,53,1035.0, 50.36,2026-05-08
GARFIBRES, EQ, 08-May-2026,672.45,677.85,685.6,630.15,650.0,641.15,653.72,308268,2015.21,18808,88333.0, 28.65,2026-05-08
GARUDA, EQ, 08-May-2026,201.64,201.63,203.5,198.1,199.0,199.44,200.65,988830,1984.06,12734,416077.0, 42.08,2026-05-08
GATECH, EQ, 08-May-2026,0.48,0.48,0.54,0.48,0.52,0.51,0.5,7341935,36.64,1167,5009360.0, 68.23,2026-05-08
GATECHDVR, EQ, 08-May-2026,0.49,0.49,0.51,0.49,0.51,0.5,0.5,656707,3.29,215,466670.0, 71.06,2026-05-08
GATEWAY, EQ, 08-May-2026,60.28,60.0,61.72,59.2,59.59,59.96,60.63,1579619,957.8,8126,878262.0, 55.60,2026-05-08
GAUDIUMIVF, BE, 08-May-2026,120.02,118.16,121.89,115.51,118.8,117.27,118.16,184513,218.02,1566,, -,2026-05-08
GAYAHWS, EQ, 08-May-2026,2.37,2.43,2.48,2.37,2.45,2.47,2.46,618523,15.19,525,453293.0, 73.29,2026-05-08
GAYAPROJ, BE, 08-May-2026,19.52,19.78,19.78,18.65,18.76,19.15,19.24,781665,150.36,1573,, -,2026-05-08
GCHOTELS, SM, 08-May-2026,105.9,105.0,107.75,104.0,104.0,104.0,105.04,15600,16.39,17,13800.0, 88.46,2026-05-08
GCSL, EQ, 08-May-2026,384.65,395.5,397.95,370.6,374.05,377.95,380.91,779712,2969.98,3862,323061.0, 41.43,2026-05-08
GEECEE, EQ, 08-May-2026,301.45,305.05,308.1,291.5,295.0,298.2,298.76,6482,19.37,425,2787.0, 43.00,2026-05-08
GEEKAYWIRE, EQ, 08-May-2026,27.58,28.0,28.74,27.25,28.2,27.97,28.06,179617,50.4,1066,77554.0, 43.18,2026-05-08
GEMAROMA, BE, 08-May-2026,166.52,165.01,168.8,164.5,167.0,166.06,166.62,26176,43.61,285,, -,2026-05-08
GENCON, EQ, 08-May-2026,41.08,41.08,41.08,40.05,40.31,40.24,40.36,30825,12.44,321,22837.0, 74.09,2026-05-08
GENESYS, EQ, 08-May-2026,272.3,271.9,271.9,261.15,262.9,263.3,265.39,223305,592.62,5665,113019.0, 50.61,2026-05-08
GENUSPAPER, EQ, 08-May-2026,13.21,13.34,13.45,13.0,13.01,13.22,13.27,101458,13.47,311,77915.0, 76.80,2026-05-08
GENUSPOWER, EQ, 08-May-2026,332.0,333.0,335.3,322.85,328.0,326.85,328.81,652595,2145.79,17906,291353.0, 44.65,2026-05-08
GEOJITFSL, EQ, 08-May-2026,68.43,68.77,72.23,68.43,71.21,71.43,70.96,1216268,863.02,6518,668335.0, 54.95,2026-05-08
GESHIP, EQ, 08-May-2026,1552.4,1557.4,1618.9,1538.0,1587.0,1588.3,1595.26,1104209,17614.96,59639,381894.0, 34.59,2026-05-08
GFLLIMITED, EQ, 08-May-2026,48.56,49.53,53.0,48.67,50.95,50.57,50.82,229925,116.85,3563,105099.0, 45.71,2026-05-08
GGBL, SM, 08-May-2026,335.5,335.5,351.3,335.0,346.8,347.0,345.03,31800,109.72,91,24000.0, 75.47,2026-05-08
GHCL, EQ, 08-May-2026,527.0,527.0,527.0,508.1,512.0,510.9,514.79,181509,934.38,18031,112577.0, 62.02,2026-05-08
GHCLTEXTIL, EQ, 08-May-2026,93.13,92.0,94.53,91.1,91.15,91.47,92.67,244897,226.95,2511,135142.0, 55.18,2026-05-08
GICHSGFIN, EQ, 08-May-2026,157.33,158.35,158.35,153.1,154.0,153.82,155.03,100833,156.32,2840,64603.0, 64.07,2026-05-08
GICL, EQ, 08-May-2026,40.84,41.05,41.19,40.8,40.98,40.84,40.9,521144,213.15,478,262810.0, 50.43,2026-05-08
GICRE, EQ, 08-May-2026,399.35,399.0,401.5,394.0,394.05,395.25,397.99,295637,1176.61,9678,141136.0, 47.74,2026-05-08
GILLANDERS, EQ, 08-May-2026,108.3,108.0,110.8,106.1,106.17,106.77,108.09,3386,3.66,89,2555.0, 75.46,2026-05-08
GILLETTE, EQ, 08-May-2026,7932.5,7999.0,8195.0,7942.5,8187.0,8148.0,8057.75,59383,4784.93,8413,44167.0, 74.38,2026-05-08
GILT10BETA, EQ, 08-May-2026,26.3,26.43,26.49,25.73,25.73,25.8,25.97,508,0.13,23,326.0, 64.17,2026-05-08
GILT5BETA, EQ, 08-May-2026,64.83,65.15,65.82,65.15,65.8,65.8,65.82,245,0.16,7,245.0, 100.00,2026-05-08
GILT5YBEES, EQ, 08-May-2026,64.55,64.78,64.78,64.43,64.53,64.52,64.53,262552,169.42,428,179769.0, 68.47,2026-05-08
GINNIFILA, EQ, 08-May-2026,46.21,46.19,46.71,44.3,44.99,44.85,45.36,141372,64.13,2263,97769.0, 69.16,2026-05-08
GIPCL, EQ, 08-May-2026,158.61,159.0,160.0,156.15,156.85,157.01,158.21,230550,364.75,4792,126811.0, 55.00,2026-05-08
GJL, ST, 08-May-2026,155.0,147.25,147.25,147.25,147.25,147.25,147.25,800,1.18,1,800.0, 100.00,2026-05-08
GKENERGY, EQ, 08-May-2026,134.81,135.5,135.8,126.5,128.19,127.57,128.66,1682075,2164.16,19583,922795.0, 54.86,2026-05-08
GKSL, EQ, 08-May-2026,130.76,130.0,140.5,130.0,139.9,139.99,137.25,1617061,2219.41,10460,555122.0, 34.33,2026-05-08
GKWLIMITED, EQ, 08-May-2026,1795.4,1792.0,1792.0,1754.0,1775.0,1763.8,1776.16,272,4.83,45,210.0, 77.21,2026-05-08
GLAND, EQ, 08-May-2026,1870.6,1870.9,1922.7,1866.2,1906.0,1904.4,1903.08,272307,5182.23,15436,194529.0, 71.44,2026-05-08
GLAXO, EQ, 08-May-2026,2481.3,2481.3,2504.9,2441.0,2480.4,2476.9,2483.28,68013,1688.95,7967,39307.0, 57.79,2026-05-08
GLENMARK, EQ, 08-May-2026,2371.6,2350.0,2384.9,2315.8,2368.0,2366.4,2353.45,702435,16531.43,49327,285798.0, 40.69,2026-05-08
GLFL, BE, 08-May-2026,7.0,7.0,7.14,7.0,7.14,7.14,7.11,7400,0.53,13,, -,2026-05-08
GLOBAL, EQ, 08-May-2026,116.5,118.9,121.9,114.3,120.01,119.95,118.04,276581,326.47,2014,161219.0, 58.29,2026-05-08
GLOBALE, BE, 08-May-2026,14.0,14.0,14.5,14.0,14.0,14.0,14.07,2655,0.37,17,, -,2026-05-08
GLOBALPET, SM, 08-May-2026,135.7,134.5,138.95,134.5,136.0,136.0,136.34,5250,7.16,5,5250.0, 100.00,2026-05-08
GLOBALVECT, EQ, 08-May-2026,187.88,187.88,187.89,179.25,186.0,184.52,182.97,14321,26.2,572,7120.0, 49.72,2026-05-08
GLOBE, EQ, 08-May-2026,2.54,2.53,2.57,2.39,2.5,2.48,2.49,915567,22.75,455,581724.0, 63.54,2026-05-08
GLOBECIVIL, BE, 08-May-2026,49.0,48.5,50.0,48.0,48.6,48.6,48.77,40100,19.56,199,, -,2026-05-08
GLOBUSSPR, EQ, 08-May-2026,1126.8,1115.0,1115.0,989.5,993.2,997.1,1017.93,961301,9785.37,42206,389060.0, 40.47,2026-05-08
GLOSTERLTD, EQ, 08-May-2026,668.7,652.2,673.5,652.2,663.3,665.25,663.84,4565,30.3,299,2932.0, 64.23,2026-05-08
GLOTTIS, EQ, 08-May-2026,57.94,58.0,62.95,58.0,61.3,61.19,61.2,505673,309.47,3561,255341.0, 50.50,2026-05-08
GMBREW, EQ, 08-May-2026,970.0,970.0,975.0,965.25,966.6,967.8,969.78,40667,394.38,2170,20083.0, 49.38,2026-05-08
GMDCLTD, EQ, 08-May-2026,703.7,704.45,707.45,682.2,686.0,684.7,690.29,2412337,16652.07,41260,1069715.0, 44.34,2026-05-08
GML, SM, 08-May-2026,19.15,19.15,19.85,19.15,19.8,19.8,19.6,6000,1.18,3,6000.0, 100.00,2026-05-08
GMMPFAUDLR, EQ, 08-May-2026,914.9,905.75,918.45,888.55,893.55,894.1,898.6,89336,802.77,6773,56955.0, 63.75,2026-05-08
GMRAIRPORT, EQ, 08-May-2026,100.66,100.66,101.79,100.0,101.25,101.32,101.23,19610249,19851.62,83361,10308327.0, 52.57,2026-05-08
GMRP&UI, EQ, 08-May-2026,110.83,109.72,110.78,107.61,108.5,108.29,109.01,1843094,2009.2,8475,1283223.0, 69.62,2026-05-08
GNA, EQ, 08-May-2026,440.95,446.0,446.0,386.95,399.95,405.55,413.58,702232,2904.3,11980,233110.0, 33.20,2026-05-08
GNFC, EQ, 08-May-2026,501.15,502.0,506.7,492.9,495.0,496.15,500.27,364536,1823.66,10566,153703.0, 42.16,2026-05-08
GNRL, EQ, 08-May-2026,102.73,103.99,103.99,98.5,99.8,99.98,100.06,45217,45.24,2126,23864.0, 52.78,2026-05-08
GOACARBON, EQ, 08-May-2026,385.8,424.0,448.0,415.25,427.0,424.85,428.5,359409,1540.05,11444,84531.0, 23.52,2026-05-08
GOCLCORP, EQ, 08-May-2026,332.2,332.2,332.4,326.1,328.9,329.6,328.75,21909,72.03,1661,10206.0, 46.58,2026-05-08
GOCOLORS, EQ, 08-May-2026,285.2,285.2,294.95,281.5,292.6,293.15,289.82,124924,362.05,3645,61491.0, 49.22,2026-05-08
GODAVARIB, EQ, 08-May-2026,309.4,310.0,314.05,307.4,313.0,313.0,310.67,145345,451.55,3272,70938.0, 48.81,2026-05-08
GODFRYPHLP, EQ, 08-May-2026,2340.4,2334.0,2484.7,2328.3,2424.0,2424.8,2422.2,1761466,42666.27,76772,450805.0, 25.59,2026-05-08
GODIGIT, EQ, 08-May-2026,315.4,315.4,320.9,312.45,313.05,314.35,315.39,227304,716.89,10129,126914.0, 55.83,2026-05-08
GODREJAGRO, EQ, 08-May-2026,586.4,586.4,601.0,580.9,592.0,591.2,592.16,545639,3231.07,42696,259128.0, 47.49,2026-05-08
GODREJCP, EQ, 08-May-2026,1036.6,1038.1,1049.8,1026.9,1041.9,1042.4,1039.68,2088081,21709.31,69715,1209293.0, 57.91,2026-05-08
GODREJIND, EQ, 08-May-2026,1226.85,1241.0,1260.65,1185.25,1205.0,1218.25,1219.3,1622649,19785.02,79061,195193.0, 12.03,2026-05-08
GODREJPROP, EQ, 08-May-2026,1878.6,1869.9,1889.2,1847.0,1874.7,1873.6,1868.5,760692,14213.49,31776,277250.0, 36.45,2026-05-08
GOKEX, EQ, 08-May-2026,727.75,731.0,752.75,724.15,730.0,732.45,737.34,692015,5102.51,26117,239547.0, 34.62,2026-05-08
GOKUL, EQ, 08-May-2026,39.64,39.64,40.5,39.02,39.64,39.64,40.01,43629,17.45,289,15251.0, 34.96,2026-05-08
GOKULAGRO, EQ, 08-May-2026,237.0,238.03,244.7,236.55,238.55,238.74,239.5,597722,1431.54,14063,317900.0, 53.19,2026-05-08
GOLD1, EQ, 08-May-2026,125.65,125.5,125.86,124.54,125.5,125.46,125.5,1768210,2219.08,6584,1069769.0, 60.50,2026-05-08
GOLD360, EQ, 08-May-2026,147.45,146.4,151.0,145.55,146.0,146.55,147.62,42560,62.83,595,19911.0, 46.78,2026-05-08
GOLDADD, EQ, 08-May-2026,146.08,146.24,146.58,145.67,146.15,146.12,146.15,336975,492.48,1521,200137.0, 59.39,2026-05-08
GOLDBEES, EQ, 08-May-2026,124.47,124.55,124.72,124.0,124.39,124.31,124.35,23188221,28834.74,75694,12257189.0, 52.86,2026-05-08
GOLDBETA, EQ, 08-May-2026,126.6,123.45,126.85,123.45,126.55,126.55,126.52,503030,636.42,2907,285322.0, 56.72,2026-05-08
GOLDBND, EQ, 08-May-2026,150.35,150.13,153.49,149.49,153.49,151.62,150.58,5260,7.92,91,2582.0, 49.09,2026-05-08
GOLDCASE, EQ, 08-May-2026,23.68,23.75,24.39,23.61,23.66,23.66,23.67,7975931,1888.11,11848,3241116.0, 40.64,2026-05-08
GOLDENTOBC, BZ, 08-May-2026,27.86,27.86,28.35,26.5,27.79,27.7,26.76,14862,3.98,84,, -,2026-05-08
GOLDETF, EQ, 08-May-2026,146.12,146.27,146.35,145.64,146.0,145.9,145.94,705400,1029.47,4291,236169.0, 33.48,2026-05-08
GOLDIAM, EQ, 08-May-2026,417.35,418.7,448.65,418.7,433.8,435.95,433.16,1958141,8481.97,31101,709398.0, 36.23,2026-05-08
GOLDIETF, EQ, 08-May-2026,128.94,130.0,130.0,128.47,128.73,128.92,128.85,4195204,5405.6,26028,2671751.0, 63.69,2026-05-08
GOLDSTAR, ST, 08-May-2026,7.0,7.15,7.15,7.15,7.15,7.15,7.15,11250,0.8,1,11250.0, 100.00,2026-05-08
GOLDTECH, EQ, 08-May-2026,42.52,41.2,43.8,41.2,43.11,43.18,42.98,58298,25.06,678,40282.0, 69.10,2026-05-08
GOODLUCK, EQ, 08-May-2026,1405.1,1409.8,1475.0,1409.8,1427.8,1427.6,1445.33,457748,6615.98,18848,206719.0, 45.16,2026-05-08
GOODYEAR, EQ, 08-May-2026,786.3,789.8,796.95,782.2,784.8,784.65,786.53,4041,31.78,388,2581.0, 63.87,2026-05-08
GOPAL, EQ, 08-May-2026,333.6,330.0,343.0,326.2,333.95,333.0,333.38,242825,809.53,4756,112698.0, 46.41,2026-05-08
GOYALALUM, EQ, 08-May-2026,7.09,7.19,7.2,7.0,7.12,7.11,7.12,84861,6.04,282,55057.0, 64.88,2026-05-08
GOYALSALT, SM, 08-May-2026,124.5,124.0,128.0,124.0,128.0,128.0,126.42,8400,10.62,10,8400.0, 100.00,2026-05-08
GPECO, SM, 08-May-2026,375.55,371.0,377.5,364.95,365.0,365.0,367.77,32200,118.42,70,30400.0, 94.41,2026-05-08
GPIL, EQ, 08-May-2026,304.35,304.35,305.0,292.1,295.0,294.35,297.39,2311010,6872.74,31128,1138581.0, 49.27,2026-05-08
GPPL, EQ, 08-May-2026,160.72,160.85,160.85,158.29,159.0,158.9,159.16,854249,1359.64,21324,549934.0, 64.38,2026-05-08
GPTHEALTH, EQ, 08-May-2026,142.47,143.5,147.28,141.68,144.25,144.12,145.02,157821,228.86,2306,78070.0, 49.47,2026-05-08
GPTINFRA, EQ, 08-May-2026,117.65,117.14,121.0,116.2,118.25,117.62,118.99,251786,299.6,3854,148654.0, 59.04,2026-05-08
GRADIENTE, BE, 08-May-2026,9.41,9.4,9.4,8.93,8.93,8.93,9.21,38047,3.5,71,, -,2026-05-08
GRANDOAK, EQ, 08-May-2026,31.63,30.95,31.34,28.8,28.95,29.15,29.31,9037,2.65,76,3695.0, 40.89,2026-05-08
GRANULES, EQ, 08-May-2026,743.5,738.0,761.4,738.0,753.3,752.95,753.29,989643,7454.84,32376,489414.0, 49.45,2026-05-08
GRAPHISAD, ST, 08-May-2026,34.7,34.65,36.4,34.65,36.4,36.35,35.8,3600,1.29,3,3600.0, 100.00,2026-05-08
GRAPHITE, EQ, 08-May-2026,728.55,727.9,764.7,725.55,752.0,751.75,751.64,3574767,26869.37,67440,998648.0, 27.94,2026-05-08
GRASIM, EQ, 08-May-2026,2960.6,2960.6,2980.4,2932.1,2966.0,2968.6,2962.64,505248,14968.67,48689,245690.0, 48.63,2026-05-08
GRAUWEIL, EQ, 08-May-2026,70.04,70.5,70.74,69.06,70.44,70.14,70.05,122758,85.99,1187,92448.0, 75.31,2026-05-08
GRAVISSHO, EQ, 08-May-2026,27.38,27.93,27.93,27.17,27.6,27.59,27.44,4105,1.13,29,3096.0, 75.42,2026-05-08
GRAVITA, EQ, 08-May-2026,1798.9,1725.0,1818.9,1706.6,1762.0,1763.0,1772.83,670475,11886.4,46038,270212.0, 40.30,2026-05-08
GRCL, SM, 08-May-2026,511.55,530.0,537.1,515.0,537.1,536.5,526.08,12000,63.13,43,10500.0, 87.50,2026-05-08
GREAVESCOT, EQ, 08-May-2026,168.01,168.0,173.94,166.8,171.8,171.36,170.25,1441876,2454.76,13091,541144.0, 37.53,2026-05-08
GREENCHEF, SM, 08-May-2026,52.5,54.7,55.1,54.45,55.1,55.1,54.9,14400,7.91,18,12800.0, 88.89,2026-05-08
GREENLAM, EQ, 08-May-2026,228.0,227.3,229.5,223.0,223.5,225.42,226.04,393379,889.19,2268,354621.0, 90.15,2026-05-08
GREENLEAF, SM, 08-May-2026,83.1,86.95,87.25,84.0,87.25,86.7,86.85,32000,27.79,32,21000.0, 65.63,2026-05-08
GREENPANEL, EQ, 08-May-2026,230.05,230.05,236.89,224.0,226.35,225.44,231.04,197309,455.87,4324,105618.0, 53.53,2026-05-08
GREENPLY, EQ, 08-May-2026,266.65,265.4,285.0,265.4,272.0,272.85,277.41,1149140,3187.84,15224,380786.0, 33.14,2026-05-08
GREENPOWER, EQ, 08-May-2026,12.27,12.26,12.39,12.01,12.11,12.1,12.11,5344936,647.38,7645,2446732.0, 45.78,2026-05-08
GRINDWELL, EQ, 08-May-2026,1659.4,1655.4,1735.8,1655.4,1680.0,1684.8,1698.35,81885,1390.7,12278,36159.0, 44.16,2026-05-08
GRINFRA, EQ, 08-May-2026,998.8,1004.0,1004.0,975.2,983.4,979.9,984.79,36690,361.32,4396,15915.0, 43.38,2026-05-08
GRMOVER, EQ, 08-May-2026,164.54,166.0,166.8,159.01,162.0,160.92,163.79,2469164,4044.26,22911,517723.0, 20.97,2026-05-08
GROBTEA, EQ, 08-May-2026,943.05,947.75,947.75,925.0,925.0,926.25,926.98,68,0.63,11,52.0, 76.47,2026-05-08
GROWW, EQ, 08-May-2026,208.03,208.1,210.2,204.0,204.45,204.59,206.62,16913949,34947.27,104983,6820809.0, 40.33,2026-05-08
GROWWCAPM, EQ, 08-May-2026,11.6,11.6,12.22,11.44,11.79,11.69,11.72,1043564,122.27,945,764531.0, 73.26,2026-05-08
GROWWCHEM, EQ, 08-May-2026,29.49,29.49,30.95,29.49,29.7,29.7,29.76,122440,36.44,443,109668.0, 89.57,2026-05-08
GROWWDEFNC, EQ, 08-May-2026,93.73,94.43,95.0,93.05,94.3,94.13,94.43,687912,649.57,4969,432120.0, 62.82,2026-05-08
GROWWEV, EQ, 08-May-2026,30.96,31.19,31.21,30.79,31.21,31.13,31.05,241542,75.0,1524,166821.0, 69.07,2026-05-08
GROWWGOLD, EQ, 08-May-2026,14.7,14.71,14.73,14.65,14.7,14.68,14.69,1500314,220.42,3180,593427.0, 39.55,2026-05-08
GROWWHOSPI, EQ, 08-May-2026,49.81,50.05,50.38,49.2,50.29,50.28,50.2,262553,131.79,845,203768.0, 77.61,2026-05-08
GROWWLIQID, EQ, 08-May-2026,108.94,108.99,108.99,108.98,108.98,108.98,108.98,120479,131.3,200,81874.0, 67.96,2026-05-08
GROWWLOVOL, EQ, 08-May-2026,10.5,10.51,10.52,10.41,10.5,10.48,10.48,6034,0.63,98,5293.0, 87.72,2026-05-08
GROWWMC150, EQ, 08-May-2026,228.64,224.07,229.55,224.07,228.01,227.72,227.98,1396,3.18,66,1201.0, 86.03,2026-05-08
GROWWMETAL, EQ, 08-May-2026,12.53,12.53,12.59,12.35,12.48,12.42,12.47,638469,79.6,1776,321180.0, 50.30,2026-05-08
GROWWMOM50, EQ, 08-May-2026,10.76,11.02,11.02,10.53,10.69,10.73,10.76,162455,17.48,543,100903.0, 62.11,2026-05-08
GROWWN200, EQ, 08-May-2026,11.34,11.48,11.48,11.2,11.33,11.3,11.29,51169,5.78,316,46139.0, 90.17,2026-05-08
GROWWNET, EQ, 08-May-2026,9.33,9.3,9.4,9.22,9.31,9.25,9.29,399313,37.08,473,217095.0, 54.37,2026-05-08
GROWWNIFTY, EQ, 08-May-2026,9.76,9.92,9.92,9.65,9.7,9.72,9.72,544937,52.97,1674,430336.0, 78.97,2026-05-08
GROWWNXT50, EQ, 08-May-2026,72.04,72.04,72.04,71.42,71.88,71.87,71.72,12960,9.29,129,12423.0, 95.86,2026-05-08
GROWWPOWER, EQ, 08-May-2026,12.53,12.68,12.68,12.42,12.52,12.51,12.47,5669844,707.09,3540,3970523.0, 70.03,2026-05-08
GROWWPSE, EQ, 08-May-2026,108.28,106.3,108.26,106.15,107.42,107.11,107.41,1400,1.5,65,783.0, 55.93,2026-05-08
GROWWPSUBK, EQ, 08-May-2026,86.41,87.18,87.18,83.4,83.63,83.97,84.34,22711,19.15,201,17548.0, 77.27,2026-05-08
GROWWRAIL, EQ, 08-May-2026,33.63,33.79,34.47,33.38,33.47,33.45,33.54,367564,123.28,1793,259333.0, 70.55,2026-05-08
GROWWRLTY, EQ, 08-May-2026,9.26,9.4,9.4,9.18,9.18,9.2,9.22,304585,28.09,562,198134.0, 65.05,2026-05-08
GROWWSC250, EQ, 08-May-2026,10.05,10.3,10.3,10.02,10.08,10.06,10.07,259877,26.16,634,221244.0, 85.13,2026-05-08
GROWWSLVR, EQ, 08-May-2026,24.52,24.73,24.75,24.37,24.6,24.6,24.6,2835143,697.37,3757,986078.0, 34.78,2026-05-08
GRPLTD, EQ, 08-May-2026,1896.3,1919.5,1919.5,1880.0,1880.0,1895.3,1903.53,537,10.22,144,364.0, 67.78,2026-05-08
GRSE, EQ, 08-May-2026,3093.8,3101.1,3129.8,3035.0,3043.9,3051.3,3070.02,1371456,42103.94,72027,393046.0, 28.66,2026-05-08
GRWRHITECH, EQ, 08-May-2026,5451.4,5425.1,5434.0,5225.0,5385.9,5290.3,5339.34,97162,5187.81,13515,37024.0, 38.11,2026-05-08
GSEC10IETF, EQ, 08-May-2026,258.14,259.43,259.43,259.43,259.43,259.43,259.43,1,0.0,1,1.0, 100.00,2026-05-08
GSEC10YEAR, EQ, 08-May-2026,30.0,29.98,29.98,29.6,29.75,29.75,29.71,2243,0.67,30,1799.0, 80.21,2026-05-08
GSEC5IETF, EQ, 08-May-2026,64.74,65.0,65.0,64.62,64.99,64.99,64.92,4196,2.72,32,3423.0, 81.58,2026-05-08
GSFC, EQ, 08-May-2026,177.71,177.71,178.6,175.31,175.88,175.95,176.98,401523,710.6,5507,199652.0, 49.72,2026-05-08
GSLSU, EQ, 08-May-2026,58.2,58.0,59.88,57.73,59.0,59.32,58.9,24985,14.71,1703,8532.0, 34.15,2026-05-08
GSMFOILS, SM, 08-May-2026,207.7,205.2,210.8,204.6,205.0,205.0,207.05,36500,75.57,66,29000.0, 79.45,2026-05-08
GSPCROP, EQ, 08-May-2026,431.8,430.0,450.0,415.75,424.5,421.55,434.58,329270,1430.96,8606,79638.0, 24.19,2026-05-08
GSPL, EQ, 08-May-2026,296.75,297.35,299.7,287.2,288.8,288.95,289.68,1517698,4396.41,19947,1067958.0, 70.37,2026-05-08
GSS, BE, 08-May-2026,14.48,14.77,14.77,13.86,14.0,13.9,14.08,94735,13.33,286,, -,2026-05-08
GSTL, ST, 08-May-2026,25.75,24.5,24.5,24.5,24.5,24.5,24.5,6000,1.47,6,6000.0, 100.00,2026-05-08
GTECJAINX, EQ, 08-May-2026,19.65,19.88,20.88,19.21,19.86,19.86,19.52,2465,0.48,29,1167.0, 47.34,2026-05-08
GTL, BE, 08-May-2026,7.71,7.51,8.09,7.51,7.98,7.94,7.88,596846,47.0,795,, -,2026-05-08
GTLINFRA, EQ, 08-May-2026,1.41,1.44,1.45,1.36,1.39,1.38,1.39,121330902,1692.38,18044,50248330.0, 41.41,2026-05-08
GTPL, EQ, 08-May-2026,68.73,68.73,71.02,68.5,69.47,69.25,69.58,62172,43.26,1040,27310.0, 43.93,2026-05-08
GUFICBIO, EQ, 08-May-2026,299.05,299.7,307.0,294.3,305.0,302.45,300.85,431852,1299.23,6725,284240.0, 65.82,2026-05-08
GUJALKALI, EQ, 08-May-2026,790.5,795.5,800.25,728.65,741.95,746.55,764.94,312471,2390.23,9776,90459.0, 28.95,2026-05-08
GUJAPOLLO, EQ, 08-May-2026,436.8,445.0,446.4,430.15,432.0,431.45,433.84,10375,45.01,903,6797.0, 65.51,2026-05-08
GUJGASLTD, EQ, 08-May-2026,408.95,408.9,408.9,393.5,396.55,396.45,398.51,385335,1535.59,13218,181840.0, 47.19,2026-05-08
GUJRAFFIA, EQ, 08-May-2026,40.35,40.55,41.19,39.62,39.62,39.64,39.96,2563,1.02,40,2166.0, 84.51,2026-05-08
GUJTHEM, EQ, 08-May-2026,399.15,399.15,412.45,390.25,399.0,398.5,404.89,132933,538.23,4392,54885.0, 41.29,2026-05-08
GULFOILLUB, EQ, 08-May-2026,1006.75,1006.75,1006.75,987.2,1003.95,1000.8,998.66,40854,407.99,4488,23648.0, 57.88,2026-05-08
GULFPETRO, EQ, 08-May-2026,35.34,36.0,36.0,34.5,35.5,35.55,35.4,87835,31.09,889,59122.0, 67.31,2026-05-08
GULPOLY, EQ, 08-May-2026,188.12,187.0,195.8,186.24,188.98,187.53,191.15,420931,804.61,5437,179813.0, 42.72,2026-05-08
GURUNANAK, SM, 08-May-2026,46.9,47.7,49.2,44.6,44.6,44.6,46.3,107200,49.64,61,83200.0, 77.61,2026-05-08
GVKPIL, BE, 08-May-2026,3.58,3.65,3.65,3.51,3.51,3.51,3.58,1714121,61.41,1562,, -,2026-05-08
GVPIL, BE, 08-May-2026,667.65,667.65,677.4,635.0,635.0,646.35,660.42,196909,1300.43,7470,, -,2026-05-08
GVPTECH, EQ, 08-May-2026,7.04,7.04,7.15,6.9,6.94,6.97,7.01,65253,4.57,249,37158.0, 56.94,2026-05-08
GVPTECHPP, E1, 08-May-2026,3.05,3.08,3.15,2.8,3.08,3.08,3.03,1223,0.04,14,687.0, 56.17,2026-05-08
GVT&D, EQ, 08-May-2026,4768.2,4780.0,4849.0,4610.4,4630.0,4625.5,4663.87,516589,24093.04,65271,296480.0, 57.39,2026-05-08
HAL, EQ, 08-May-2026,4782.1,4794.0,4836.3,4733.0,4791.0,4788.1,4785.04,1674686,80134.46,102004,907879.0, 54.21,2026-05-08
HALDER, EQ, 08-May-2026,238.02,238.02,239.99,233.0,239.99,234.31,235.71,414,0.98,35,409.0, 98.79,2026-05-08
HALDYNGL, EQ, 08-May-2026,111.57,112.0,119.9,110.81,113.7,114.49,116.27,252288,293.34,2210,114865.0, 45.53,2026-05-08
HALEOSLABS, EQ, 08-May-2026,1616.0,1616.0,1679.0,1570.0,1675.0,1643.3,1615.99,2588,41.82,181,2132.0, 82.38,2026-05-08
HAPPSTMNDS, EQ, 08-May-2026,388.25,387.55,394.7,382.2,389.75,390.55,389.39,1051985,4096.33,40821,358454.0, 34.07,2026-05-08
HAPPYFORGE, EQ, 08-May-2026,1412.2,1429.4,1462.0,1415.5,1443.5,1443.6,1442.93,114418,1650.97,13877,59596.0, 52.09,2026-05-08
HARDWYN, EQ, 08-May-2026,23.93,23.94,25.04,23.94,24.58,24.55,24.42,4787329,1169.09,4577,742813.0, 15.52,2026-05-08
HARIOMPIPE, EQ, 08-May-2026,327.15,327.1,350.0,316.35,340.5,341.1,338.64,506390,1714.85,12111,208996.0, 41.27,2026-05-08
HARRMALAYA, EQ, 08-May-2026,222.58,228.75,228.75,222.0,223.1,224.17,224.22,13271,29.76,303,10800.0, 81.38,2026-05-08
HARSHA, EQ, 08-May-2026,438.75,435.0,452.5,420.25,427.0,426.1,442.02,1068698,4723.9,17797,547654.0, 51.24,2026-05-08
HATHWAY, EQ, 08-May-2026,11.19,11.08,11.16,11.02,11.09,11.08,11.09,1143377,126.8,3060,617911.0, 54.04,2026-05-08
HATSUN, EQ, 08-May-2026,984.55,984.6,994.4,969.8,985.2,988.85,979.59,19428,190.31,1648,9125.0, 46.97,2026-05-08
HAVELLS, EQ, 08-May-2026,1268.9,1268.9,1274.7,1252.0,1253.0,1255.2,1262.45,606893,7661.73,18520,348850.0, 57.48,2026-05-08
HAVISHA, BE, 08-May-2026,1.51,1.58,1.58,1.53,1.54,1.57,1.57,12957,0.2,39,, -,2026-05-08
HAWKINCOOK, EQ, 08-May-2026,7417.0,7415.0,7500.0,7381.0,7495.0,7494.5,7461.21,427,31.86,213,275.0, 64.40,2026-05-08
HBESD, EQ, 08-May-2026,84.06,83.0,87.99,77.0,81.4,79.48,81.97,8352,6.85,267,5491.0, 65.74,2026-05-08
HBLENGINE, EQ, 08-May-2026,848.2,848.0,859.5,841.0,850.05,848.15,850.41,1164465,9902.7,32734,443643.0, 38.10,2026-05-08
HBSL, BE, 08-May-2026,63.07,65.0,66.22,64.0,65.0,64.83,65.67,5706,3.75,89,, -,2026-05-08
HCC, EQ, 08-May-2026,24.35,24.28,24.34,23.05,23.35,23.3,23.66,34092199,8066.31,39576,15288707.0, 44.85,2026-05-08
HCG, EQ, 08-May-2026,614.05,610.0,625.8,601.45,606.0,603.8,610.82,114468,699.19,7625,64916.0, 56.71,2026-05-08
HCL-INSYS, EQ, 08-May-2026,12.22,12.32,12.38,12.21,12.25,12.23,12.27,159301,19.54,601,114089.0, 71.62,2026-05-08
HCLTECH, EQ, 08-May-2026,1183.4,1179.8,1202.8,1176.8,1199.0,1198.4,1194.9,2813749,33621.35,79508,1451556.0, 51.59,2026-05-08
HDBFS, EQ, 08-May-2026,700.55,700.5,705.0,696.0,700.0,699.65,702.04,348150,2444.16,17261,209346.0, 60.13,2026-05-08
HDFCAMC, EQ, 08-May-2026,2834.6,2820.0,2872.4,2815.3,2847.0,2854.0,2849.1,1044961,29771.98,40433,752843.0, 72.05,2026-05-08
HDFCBANK, EQ, 08-May-2026,796.05,784.0,788.75,777.2,781.0,780.85,781.63,38016841,297152.55,386448,25403985.0, 66.82,2026-05-08
HDFCBSE500, EQ, 08-May-2026,37.06,37.44,37.44,36.52,37.44,37.09,37.01,15240,5.64,194,12510.0, 82.09,2026-05-08
HDFCGOLD, EQ, 08-May-2026,128.56,128.83,128.83,128.05,128.58,128.5,128.41,9131514,11725.88,13787,5922870.0, 64.86,2026-05-08
HDFCGROWTH, EQ, 08-May-2026,115.55,116.12,118.0,115.5,117.8,116.47,116.65,103318,120.52,412,87311.0, 84.51,2026-05-08
HDFCLIFE, EQ, 08-May-2026,625.4,625.5,628.0,618.3,620.0,621.7,623.33,2352588,14664.28,57487,1239581.0, 52.69,2026-05-08
HDFCLIQUID, EQ, 08-May-2026,1059.4,1059.81,1059.83,1059.81,1059.83,1059.82,1059.82,6375,67.56,81,3972.0, 62.31,2026-05-08
HDFCLOWVOL, EQ, 08-May-2026,20.47,20.47,20.51,20.29,20.44,20.46,20.43,14440,2.95,92,12832.0, 88.86,2026-05-08
HDFCMID150, EQ, 08-May-2026,23.04,23.61,23.61,22.94,23.16,23.04,23.05,374126,86.22,1683,223637.0, 59.78,2026-05-08
HDFCMOMENT, EQ, 08-May-2026,31.63,30.83,31.73,30.83,31.7,31.46,31.51,119912,37.79,672,83402.0, 69.55,2026-05-08
HDFCNEXT50, EQ, 08-May-2026,73.21,75.04,75.04,72.5,73.23,72.9,73.1,73722,53.89,681,56712.0, 76.93,2026-05-08
HDFCNIF100, EQ, 08-May-2026,26.1,26.05,26.09,25.88,26.0,25.97,25.98,26769,6.96,239,21191.0, 79.16,2026-05-08
HDFCNIFBAN, EQ, 08-May-2026,57.37,57.38,57.38,56.55,56.85,56.78,56.87,1128488,641.76,1254,1110673.0, 98.42,2026-05-08
HDFCNIFIT, EQ, 08-May-2026,30.92,31.34,31.34,30.92,31.3,31.26,31.05,183219,56.89,317,67790.0, 37.00,2026-05-08
HDFCNIFTY, EQ, 08-May-2026,272.45,272.44,272.45,270.5,271.13,271.06,271.1,113697,308.23,1188,100205.0, 88.13,2026-05-08
HDFCPSUBK, EQ, 08-May-2026,87.16,86.84,86.87,83.98,85.0,84.41,84.78,95481,80.95,818,73056.0, 76.51,2026-05-08
HDFCPVTBAN, EQ, 08-May-2026,27.32,26.63,27.41,26.63,27.04,27.02,26.95,140563,37.88,556,114013.0, 81.11,2026-05-08
HDFCQUAL, EQ, 08-May-2026,58.04,58.29,58.38,58.0,58.32,58.21,58.21,6120,3.56,103,5137.0, 83.94,2026-05-08
HDFCSENSEX, EQ, 08-May-2026,87.63,89.8,89.8,87.07,87.65,87.34,87.33,35287,30.82,813,24739.0, 70.11,2026-05-08
HDFCSILVER, EQ, 08-May-2026,239.51,240.54,241.89,238.1,240.17,240.22,240.24,4710063,11315.41,17647,1440709.0, 30.59,2026-05-08
HDFCSML250, EQ, 08-May-2026,175.95,176.71,176.72,175.05,175.5,175.53,175.79,1772862,3116.44,11582,1190550.0, 67.15,2026-05-08
HDFCVALUE, EQ, 08-May-2026,129.84,129.31,131.0,128.38,131.0,128.64,128.86,3308,4.26,105,2723.0, 82.32,2026-05-08
HDIL, BZ, 08-May-2026,2.06,2.01,2.08,2.0,2.08,2.06,2.05,80505,1.65,198,, -,2026-05-08
HEADSUP, EQ, 08-May-2026,7.75,7.95,7.95,7.6,7.82,7.81,7.8,7765,0.61,111,6527.0, 84.06,2026-05-08
HEALTHADD, EQ, 08-May-2026,155.06,155.83,156.68,155.06,155.75,155.75,156.19,2392,3.74,24,2271.0, 94.94,2026-05-08
HEALTHCARE, EQ, 08-May-2026,19.78,19.87,19.94,19.72,19.83,19.83,19.84,110203,21.87,184,65662.0, 59.58,2026-05-08
HEALTHIETF, EQ, 08-May-2026,157.97,158.18,159.3,157.47,159.3,158.06,158.58,156719,248.53,1535,122059.0, 77.88,2026-05-08
HEALTHX, EQ, 08-May-2026,289.95,284.05,306.0,284.05,299.1,300.55,296.93,24639,73.16,933,15809.0, 64.16,2026-05-08
HEALTHY, EQ, 08-May-2026,15.78,15.38,15.92,15.38,15.85,15.83,15.85,737745,116.94,1261,456181.0, 61.83,2026-05-08
HECPROJECT, EQ, 08-May-2026,126.49,127.9,127.9,123.0,124.51,124.47,125.03,14672,18.34,1066,6326.0, 43.12,2026-05-08
HEG, EQ, 08-May-2026,594.15,595.0,609.5,591.3,596.1,597.7,600.27,1499643,9001.9,32951,353890.0, 23.60,2026-05-08
HEIDELBERG, EQ, 08-May-2026,163.04,162.8,164.0,161.61,162.0,162.01,162.6,54106,87.98,1500,40400.0, 74.67,2026-05-08
HEMIPROP, EQ, 08-May-2026,147.11,148.2,158.9,147.1,154.1,154.21,155.05,4164410,6457.04,31314,1693503.0, 40.67,2026-05-08
HERANBA, EQ, 08-May-2026,225.2,227.8,230.0,220.35,223.0,222.24,224.39,58395,131.03,1401,31755.0, 54.38,2026-05-08
HERITGFOOD, EQ, 08-May-2026,364.75,361.05,365.2,359.0,362.55,362.6,361.69,186399,674.19,4617,101354.0, 54.37,2026-05-08
HEROMOTOCO, EQ, 08-May-2026,5343.0,5341.0,5398.5,5265.0,5325.0,5322.0,5343.11,558660,29849.84,51875,241514.0, 43.23,2026-05-08
HESTERBIO, EQ, 08-May-2026,1638.0,1626.0,1667.3,1625.0,1625.0,1646.3,1646.37,3001,49.41,771,1987.0, 66.21,2026-05-08
HEXATRADEX, EQ, 08-May-2026,167.48,172.0,172.0,167.1,169.0,168.22,170.17,2578,4.39,52,2172.0, 84.25,2026-05-08
HEXT, EQ, 08-May-2026,460.55,467.6,487.5,461.1,485.0,485.7,479.58,1694671,8127.28,63756,854195.0, 50.40,2026-05-08
HFCL, EQ, 08-May-2026,146.24,146.0,146.95,137.8,139.7,141.15,142.54,71352732,101704.63,211175,21309035.0, 29.86,2026-05-08
HGINFRA, EQ, 08-May-2026,628.9,627.95,636.95,622.1,626.0,626.65,627.89,114167,716.84,5893,59208.0, 51.86,2026-05-08
HGM, EQ, 08-May-2026,61.28,61.0,62.99,60.5,62.44,61.42,61.67,3865,2.38,86,2593.0, 67.09,2026-05-08
HGS, EQ, 08-May-2026,422.0,422.0,448.6,419.55,446.75,446.0,442.06,84802,374.88,3789,38448.0, 45.34,2026-05-08
HIGREEN, SM, 08-May-2026,136.75,138.0,145.0,138.0,144.05,144.7,143.33,47200,67.65,55,35200.0, 74.58,2026-05-08
HIKAL, EQ, 08-May-2026,212.9,212.95,218.0,210.09,210.75,210.75,213.93,344225,736.4,5587,146443.0, 42.54,2026-05-08
HILINFRA, BE, 08-May-2026,52.72,52.7,53.99,50.75,53.73,53.34,52.74,64159,33.84,436,, -,2026-05-08
HILTON, EQ, 08-May-2026,24.09,24.5,24.5,23.38,23.7,23.62,23.67,261911,61.99,882,158436.0, 60.49,2026-05-08
HIMATSEIDE, EQ, 08-May-2026,86.86,87.4,88.2,85.37,85.38,85.48,86.33,1373248,1185.48,9503,884122.0, 64.38,2026-05-08
HINDALCO, EQ, 08-May-2026,1055.7,1048.4,1058.0,1035.3,1044.7,1044.4,1044.56,3065690,32023.02,71715,1805930.0, 58.91,2026-05-08
HINDCOMPOS, EQ, 08-May-2026,471.4,476.0,477.0,456.1,463.0,462.25,467.96,7300,34.16,753,2678.0, 36.68,2026-05-08
HINDCON, BE, 08-May-2026,23.35,23.35,24.0,23.22,24.0,23.85,23.65,27948,6.61,194,, -,2026-05-08
HINDCOPPER, EQ, 08-May-2026,568.6,570.0,575.0,559.1,568.9,569.2,568.31,5071226,28820.45,69059,1458360.0, 28.76,2026-05-08
HINDOILEXP, EQ, 08-May-2026,164.21,165.0,168.74,162.2,164.41,164.19,164.75,868289,1430.49,9895,354789.0, 40.86,2026-05-08
HINDPETRO, EQ, 08-May-2026,396.5,393.5,395.1,385.0,387.5,387.0,389.8,7720086,30092.76,91844,4609322.0, 59.71,2026-05-08
HINDUNILVR, EQ, 08-May-2026,2272.2,2272.2,2297.3,2256.0,2286.0,2287.7,2284.18,1104526,25229.32,63218,640761.0, 58.01,2026-05-08
HINDWAREAP, EQ, 08-May-2026,244.62,245.0,245.0,233.7,237.94,236.13,237.7,87346,207.62,1929,56419.0, 64.59,2026-05-08
HINDZINC, EQ, 08-May-2026,636.55,634.75,642.5,629.15,635.0,635.1,636.43,3564594,22686.3,66190,1487444.0, 41.73,2026-05-08
HIRECT, EQ, 08-May-2026,948.45,948.4,956.9,930.1,935.85,935.2,940.42,64688,608.34,4738,33658.0, 52.03,2026-05-08
HISARMETAL, EQ, 08-May-2026,158.65,158.65,159.55,151.4,155.55,155.55,155.79,2279,3.55,90,1554.0, 68.19,2026-05-08
HITECH, EQ, 08-May-2026,91.83,91.83,92.54,90.1,91.2,90.59,91.23,771135,703.5,6079,403716.0, 52.35,2026-05-08
HITECHCORP, EQ, 08-May-2026,147.61,146.3,151.5,139.05,141.21,140.6,145.65,37324,54.36,2084,19200.0, 51.44,2026-05-08
HITECHGEAR, BE, 08-May-2026,614.8,613.0,614.0,596.1,614.0,614.0,605.22,573,3.47,36,, -,2026-05-08
HLEGLAS, EQ, 08-May-2026,358.85,356.4,362.5,350.1,352.0,352.65,354.58,85158,301.95,3138,49149.0, 57.72,2026-05-08
HLVLTD, EQ, 08-May-2026,8.89,8.99,9.25,8.88,9.09,9.05,9.04,342216,30.93,792,230549.0, 67.37,2026-05-08
HMAAGRO, EQ, 08-May-2026,24.65,24.87,24.87,24.33,24.63,24.57,24.55,165852,40.71,866,98693.0, 59.51,2026-05-08
HMT, BZ, 08-May-2026,62.05,60.1,63.8,60.1,60.8,61.13,61.05,20664,12.62,214,, -,2026-05-08
HMVL, EQ, 08-May-2026,66.61,67.49,67.5,65.61,66.4,66.54,66.57,1869,1.24,97,1315.0, 70.36,2026-05-08
HNDFDS, EQ, 08-May-2026,547.65,546.15,547.95,535.05,545.15,545.1,541.87,40579,219.89,3721,22491.0, 55.43,2026-05-08
HNGSNGBEES, EQ, 08-May-2026,531.56,533.12,533.12,525.0,529.8,528.92,528.9,107432,568.2,4668,60157.0, 56.00,2026-05-08
HOACFOODS, SM, 08-May-2026,484.45,508.65,508.65,490.0,508.65,508.65,502.58,3375,16.96,8,2625.0, 77.78,2026-05-08
HOLMARC, SM, 08-May-2026,101.65,99.65,102.6,99.65,102.6,102.6,101.15,5250,5.31,7,5250.0, 100.00,2026-05-08
HOMEFIRST, EQ, 08-May-2026,1217.5,1215.0,1215.6,1190.0,1200.6,1200.3,1201.17,148116,1779.13,11776,70538.0, 47.62,2026-05-08
HOMESFY, SM, 08-May-2026,114.35,118.3,120.05,114.4,120.05,120.05,119.38,4200,5.01,14,3900.0, 92.86,2026-05-08
HONASA, EQ, 08-May-2026,354.6,357.9,362.8,352.45,357.4,359.25,357.03,917487,3275.72,19313,504259.0, 54.96,2026-05-08
HONAUT, EQ, 08-May-2026,30605.0,30650.0,30885.0,30110.0,30210.0,30170.0,30356.91,2514,763.17,1382,1339.0, 53.26,2026-05-08
HONDAPOWER, EQ, 08-May-2026,2314.3,2315.0,2325.8,2290.0,2290.0,2297.6,2306.64,1697,39.14,336,898.0, 52.92,2026-05-08
HPAL, EQ, 08-May-2026,40.29,40.29,44.25,39.3,44.0,43.8,42.82,260021,111.33,2792,149736.0, 57.59,2026-05-08
HPIL, EQ, 08-May-2026,139.44,139.03,142.25,137.41,137.67,137.77,138.49,1799,2.49,48,1222.0, 67.93,2026-05-08
HPL, EQ, 08-May-2026,384.4,386.3,393.55,376.2,387.5,387.95,385.55,475807,1834.46,11957,182066.0, 38.26,2026-05-08
HSBCGOLD, EQ, 08-May-2026,130.63,131.28,132.0,129.0,132.0,130.85,130.6,1300,1.7,30,963.0, 74.08,2026-05-08
HSCL, EQ, 08-May-2026,614.9,618.0,646.9,611.1,630.0,637.65,628.83,12389012,77905.8,77226,1406531.0, 11.35,2026-05-08
HTMEDIA, EQ, 08-May-2026,22.29,22.14,22.55,21.55,22.5,22.39,22.28,59320,13.21,168,44888.0, 75.67,2026-05-08
HUBTOWN, EQ, 08-May-2026,218.66,219.0,228.0,216.45,226.2,226.51,224.65,1704770,3829.78,17602,863263.0, 50.64,2026-05-08
HUDCO, EQ, 08-May-2026,228.01,226.8,235.5,225.36,231.9,231.98,231.89,8461676,19621.79,72759,2881829.0, 34.06,2026-05-08
HUHTAMAKI, EQ, 08-May-2026,186.37,184.48,185.8,181.0,182.0,181.83,182.67,218585,399.3,2513,132650.0, 60.69,2026-05-08
HVAX, SM, 08-May-2026,843.75,805.0,805.0,805.0,805.0,805.0,805.0,300,2.42,1,300.0, 100.00,2026-05-08
HYBRIDFIN, EQ, 08-May-2026,19.64,19.65,21.4,19.18,19.18,19.64,20.09,21074,4.23,191,10150.0, 48.16,2026-05-08
HYUNDAI, EQ, 08-May-2026,1835.8,1844.0,1863.9,1830.0,1833.1,1852.8,1847.23,846450,15635.88,32453,347064.0, 41.00,2026-05-08
IBLFL, SM, 08-May-2026,67.0,63.65,63.65,63.65,63.65,63.65,63.65,24000,15.28,11,22000.0, 91.67,2026-05-08
IBULLSLTD, EQ, 08-May-2026,20.0,20.08,21.0,19.8,20.1,19.93,20.82,25431240,5294.99,15103,14278878.0, 56.15,2026-05-08
ICDSLTD, BE, 08-May-2026,46.9,44.65,47.0,44.61,47.0,47.0,44.7,523,0.23,9,, -,2026-05-08
ICEMAKE, EQ, 08-May-2026,793.75,790.6,822.0,788.05,792.5,794.0,800.57,40726,326.04,2284,17007.0, 41.76,2026-05-08
ICICIAMC, EQ, 08-May-2026,3301.7,3301.7,3306.0,3216.0,3240.0,3233.1,3251.53,187466,6095.52,27744,105153.0, 56.09,2026-05-08
ICICIB22, EQ, 08-May-2026,124.32,124.74,124.74,122.65,123.25,122.91,123.43,524033,646.8,4753,390598.0, 74.54,2026-05-08
ICICIBANK, EQ, 08-May-2026,1279.0,1279.6,1279.6,1261.2,1267.8,1264.8,1266.0,11137424,140999.56,185392,7574037.0, 68.01,2026-05-08
ICICIGI, EQ, 08-May-2026,1850.2,1858.0,1861.2,1792.3,1820.0,1828.0,1821.85,1151253,20974.11,45887,837333.0, 72.73,2026-05-08
ICICIPRULI, EQ, 08-May-2026,562.9,565.95,572.0,557.85,566.0,567.25,567.63,1641427,9317.29,31383,938208.0, 57.16,2026-05-08
ICIL, EQ, 08-May-2026,291.1,290.0,311.85,290.0,307.0,306.0,305.9,1215194,3717.26,38573,394990.0, 32.50,2026-05-08
ICRA, EQ, 08-May-2026,5407.5,5474.5,5480.0,5390.0,5480.0,5456.0,5431.46,3466,188.25,852,2062.0, 59.49,2026-05-08
IDBI, EQ, 08-May-2026,75.76,75.5,75.68,74.52,74.84,74.72,74.89,4127892,3091.41,17179,2239562.0, 54.25,2026-05-08
IDEA, EQ, 08-May-2026,11.23,11.17,11.44,11.01,11.24,11.24,11.22,552801225,62039.05,373939,121478896.0, 21.98,2026-05-08
IDEAFORGE, EQ, 08-May-2026,792.25,795.0,832.0,758.45,812.8,814.15,804.85,2928289,23568.34,69493,569700.0, 19.46,2026-05-08
IDENTICAL, ST, 08-May-2026,18.0,18.9,18.9,18.9,18.9,18.9,18.9,6000,1.13,3,6000.0, 100.00,2026-05-08
IDFCFIRSTB, EQ, 08-May-2026,70.39,70.39,71.45,69.91,71.19,71.27,70.79,21083557,14924.87,65113,8941000.0, 42.41,2026-05-08
IDFNIFTYET, EQ, 08-May-2026,267.42,266.49,266.49,265.17,265.89,265.75,265.71,1823,4.84,41,1406.0, 77.13,2026-05-08
IEML, SM, 08-May-2026,82.8,82.0,83.0,79.5,82.0,82.0,81.35,15000,12.2,26,12500.0, 83.33,2026-05-08
IEX, EQ, 08-May-2026,133.81,134.15,134.82,132.6,134.0,134.12,133.76,5502299,7359.62,27135,2247416.0, 40.85,2026-05-08
IFBAGRO, EQ, 08-May-2026,1077.55,1079.0,1134.05,1079.0,1103.0,1097.8,1111.05,39806,442.26,3797,13218.0, 33.21,2026-05-08
IFBIND, EQ, 08-May-2026,1209.8,1213.9,1213.9,1181.5,1189.0,1188.6,1193.83,42819,511.19,4340,28527.0, 66.62,2026-05-08
IFCI, EQ, 08-May-2026,63.88,64.25,66.0,63.75,64.39,64.45,64.86,49212170,31916.93,98412,13217034.0, 26.86,2026-05-08
IFGLEXPOR, EQ, 08-May-2026,188.23,188.23,192.0,185.0,187.38,189.32,188.34,47872,90.16,1486,23776.0, 49.67,2026-05-08
IGARASHI, EQ, 08-May-2026,397.55,399.7,442.3,398.5,433.1,435.5,430.64,934692,4025.13,23297,282010.0, 30.17,2026-05-08
IGCL, EQ, 08-May-2026,70.53,71.6,73.5,68.79,69.0,69.18,71.34,145243,103.61,1538,71191.0, 49.02,2026-05-08
IGIL, EQ, 08-May-2026,364.15,363.85,363.85,351.55,354.7,354.25,355.73,442504,1574.13,11117,221676.0, 50.10,2026-05-08
IGL, EQ, 08-May-2026,169.84,168.95,168.95,165.08,165.99,165.99,166.1,3164858,5256.97,48712,1496814.0, 47.29,2026-05-08
IGPL, EQ, 08-May-2026,460.95,454.05,469.0,452.0,460.95,465.35,463.46,41864,194.02,1655,24914.0, 59.51,2026-05-08
IIFL, EQ, 08-May-2026,464.2,464.2,471.4,459.2,460.1,461.3,465.06,1416179,6586.12,30769,658728.0, 46.51,2026-05-08
IIFLCAPS, EQ, 08-May-2026,350.45,355.0,368.4,347.75,356.0,356.3,358.18,1935240,6931.73,38286,1013021.0, 52.35,2026-05-08
IITL, EQ, 08-May-2026,162.83,164.3,167.44,159.1,159.6,160.47,165.39,92232,152.55,687,10002.0, 10.84,2026-05-08
IKIO, EQ, 08-May-2026,173.26,174.7,181.9,169.61,176.1,177.98,177.36,698413,1238.74,12128,174829.0, 25.03,2026-05-08
IKS, EQ, 08-May-2026,1695.7,1695.7,1714.6,1683.0,1686.0,1696.4,1701.68,70505,1199.77,8033,28702.0, 40.71,2026-05-08
IL&FSENGG, BZ, 08-May-2026,28.1,28.1,29.48,27.5,29.05,28.34,28.55,13888,3.97,66,, -,2026-05-08
IL&FSTRANS, BZ, 08-May-2026,2.47,2.59,2.59,2.53,2.59,2.58,2.58,55962,1.44,88,, -,2026-05-08
IMAGICAA, EQ, 08-May-2026,47.37,47.3,47.66,46.6,46.9,46.85,47.04,213034,100.22,1548,143397.0, 67.31,2026-05-08
IMFA, EQ, 08-May-2026,1467.5,1468.9,1579.5,1458.2,1550.0,1548.1,1536.08,473123,7267.53,37754,157730.0, 33.34,2026-05-08
IMPAL, EQ, 08-May-2026,1021.6,1021.6,1064.9,1019.0,1027.0,1022.1,1037.37,16641,172.63,1465,4697.0, 28.23,2026-05-08
IMPEXFERRO, BZ, 08-May-2026,1.69,1.73,1.73,1.64,1.71,1.67,1.68,16611,0.28,45,, -,2026-05-08
INA, EQ, 08-May-2026,138.82,139.9,142.9,137.0,137.96,138.62,140.28,797342,1118.49,5551,425188.0, 53.33,2026-05-08
INCREDIBLE, EQ, 08-May-2026,34.97,35.98,38.6,35.1,37.2,37.34,37.09,55340,20.52,401,41209.0, 74.47,2026-05-08
INDBANK, EQ, 08-May-2026,35.22,35.49,35.49,34.5,34.75,34.58,34.84,39902,13.9,352,29573.0, 74.11,2026-05-08
INDGN, EQ, 08-May-2026,531.4,531.4,535.0,528.1,530.0,530.0,530.42,155892,826.89,8351,95933.0, 61.54,2026-05-08
INDHOTEL, EQ, 08-May-2026,669.1,670.45,678.5,663.15,673.2,673.05,668.76,1914787,12805.4,36310,1001397.0, 52.30,2026-05-08
INDIACEM, EQ, 08-May-2026,411.3,412.45,413.8,404.8,408.0,408.8,408.39,118904,485.6,5559,47925.0, 40.31,2026-05-08
INDIAGLYCO, EQ, 08-May-2026,1140.3,1145.0,1175.2,1127.0,1155.9,1150.4,1154.54,309332,3571.36,18700,149851.0, 48.44,2026-05-08
INDIAMART, EQ, 08-May-2026,2091.0,2104.9,2122.2,2075.0,2092.8,2091.8,2091.82,52221,1092.37,8449,26153.0, 50.08,2026-05-08
INDIANB, EQ, 08-May-2026,860.75,857.05,867.9,848.0,863.0,865.55,858.25,3357826,28818.69,91562,1764267.0, 52.54,2026-05-08
INDIANCARD, EQ, 08-May-2026,205.21,205.0,211.89,205.0,208.95,209.04,208.52,1614,3.37,217,1371.0, 84.94,2026-05-08
INDIANHUME, EQ, 08-May-2026,344.2,344.55,345.6,334.35,340.0,340.8,341.82,55352,189.21,1626,25948.0, 46.88,2026-05-08
INDIASHLTR, EQ, 08-May-2026,840.0,838.0,853.95,833.0,840.1,836.3,842.36,160370,1350.89,7598,113233.0, 70.61,2026-05-08
INDIGO, EQ, 08-May-2026,4506.9,4488.0,4545.8,4465.7,4522.0,4522.7,4518.82,827316,37384.92,58027,383366.0, 46.34,2026-05-08
INDIGOPNTS, EQ, 08-May-2026,924.7,920.45,980.0,915.0,978.0,974.15,958.75,344453,3302.45,21758,132077.0, 38.34,2026-05-08
INDIGRID, IV, 08-May-2026,173.43,173.1,174.18,173.1,174.1,173.74,173.53,354309,614.83,9022,319892.0, 90.29,2026-05-08
INDIQUBE, EQ, 08-May-2026,172.65,173.21,174.29,166.54,168.62,168.93,169.67,62762,106.49,1264,37113.0, 59.13,2026-05-08
INDNIPPON, EQ, 08-May-2026,810.85,818.05,825.0,805.0,816.3,818.5,817.93,23465,191.93,1444,13188.0, 56.20,2026-05-08
INDOAMIN, EQ, 08-May-2026,122.22,121.61,125.8,121.01,123.0,123.04,123.3,102269,126.09,1468,52084.0, 50.93,2026-05-08
INDOBORAX, EQ, 08-May-2026,268.75,270.0,278.1,267.6,270.0,271.2,272.5,40976,111.66,1098,27049.0, 66.01,2026-05-08
INDOCO, EQ, 08-May-2026,250.65,242.0,242.0,226.75,227.9,227.91,232.82,287884,670.25,7959,128392.0, 44.60,2026-05-08
INDOFARM, EQ, 08-May-2026,149.57,150.0,150.77,147.09,148.0,148.4,148.63,124310,184.77,2042,55546.0, 44.68,2026-05-08
INDORAMA, EQ, 08-May-2026,39.4,38.6,39.59,38.6,39.34,39.29,39.13,59084,23.12,531,36962.0, 62.56,2026-05-08
INDOSTAR, EQ, 08-May-2026,225.55,224.01,225.39,218.0,219.9,219.64,221.23,205141,453.83,4028,94092.0, 45.87,2026-05-08
INDOTECH, EQ, 08-May-2026,2700.9,2748.0,2835.9,2720.5,2835.9,2835.9,2818.92,46971,1324.08,1716,35438.0, 75.45,2026-05-08
INDOTHAI, EQ, 08-May-2026,305.75,320.0,320.0,291.1,296.85,297.05,300.35,1777778,5339.62,16692,631739.0, 35.54,2026-05-08
INDOUS, EQ, 08-May-2026,112.58,112.55,114.0,110.3,112.4,111.96,111.51,13927,15.53,265,7718.0, 55.42,2026-05-08
INDOWIND, BE, 08-May-2026,10.68,10.56,10.7,10.4,10.6,10.58,10.51,128645,13.52,498,, -,2026-05-08
INDPRUD, EQ, 08-May-2026,6843.0,6950.0,6950.0,6850.0,6850.0,6850.0,6900.0,3,0.21,3,2.0, 66.67,2026-05-08
INDRAMEDCO, EQ, 08-May-2026,416.5,417.0,434.0,416.5,425.05,425.3,427.56,568232,2429.51,10753,236684.0, 41.65,2026-05-08
INDSWFTLAB, EQ, 08-May-2026,139.75,139.1,140.84,136.86,138.1,138.16,138.73,450173,624.54,5209,183720.0, 40.81,2026-05-08
INDTERRAIN, EQ, 08-May-2026,32.24,32.3,32.68,31.3,32.25,32.01,32.08,8429,2.7,116,6999.0, 83.03,2026-05-08
INDUSINDBK, EQ, 08-May-2026,946.95,946.0,957.9,940.5,950.0,950.75,948.25,1604266,15212.5,41514,801676.0, 49.97,2026-05-08
INDUSINVIT, IV, 08-May-2026,126.48,126.7,127.05,124.6,125.48,125.49,125.47,125317,157.24,10199,103517.0, 82.60,2026-05-08
INDUSTOWER, EQ, 08-May-2026,402.9,403.9,406.55,397.6,402.8,404.3,401.36,11930810,47885.7,114159,7720673.0, 64.71,2026-05-08
INFINIUM, SM, 08-May-2026,214.5,218.5,218.5,213.0,215.0,215.0,215.68,2500,5.39,5,2000.0, 80.00,2026-05-08
INFLUX, SM, 08-May-2026,282.65,280.0,282.95,273.0,280.0,278.1,277.13,25800,71.5,33,16200.0, 62.79,2026-05-08
INFOBEAN, EQ, 08-May-2026,173.89,172.6,174.74,170.5,171.49,171.96,172.15,367186,632.13,4840,143555.0, 39.10,2026-05-08
INFOLLION, SM, 08-May-2026,215.4,213.75,224.45,213.75,216.0,219.0,219.87,9600,21.11,23,4800.0, 50.00,2026-05-08
INFOMEDIA, EQ, 08-May-2026,5.63,5.98,5.98,5.71,5.91,5.78,5.86,6602,0.39,59,3617.0, 54.79,2026-05-08
INFRA, EQ, 08-May-2026,12.3,12.6,12.6,12.2,12.27,12.26,12.27,79368,9.74,182,43381.0, 54.66,2026-05-08
INFRABEES, EQ, 08-May-2026,978.38,978.38,982.0,972.21,972.21,977.4,976.52,16286,159.04,744,9383.0, 57.61,2026-05-08
INFRAIETF, EQ, 08-May-2026,97.78,97.77,98.91,96.91,97.51,97.58,97.44,95532,93.09,2378,60807.0, 63.65,2026-05-08
INFY, EQ, 08-May-2026,1162.7,1161.0,1183.5,1158.8,1179.5,1179.2,1174.01,7582770,89022.54,148760,4285714.0, 56.52,2026-05-08
INGERRAND, EQ, 08-May-2026,4558.8,4565.0,4605.0,4459.7,4577.7,4575.3,4547.27,27083,1231.54,6188,10542.0, 38.92,2026-05-08
INM, SM, 08-May-2026,170.0,165.0,169.9,160.0,169.9,162.45,164.58,14400,23.7,5,14400.0, 100.00,2026-05-08
INNOMET, SM, 08-May-2026,106.0,111.2,115.0,102.0,102.0,102.0,109.09,31200,34.04,40,19200.0, 61.54,2026-05-08
INNOVACAP, EQ, 08-May-2026,863.65,850.75,900.0,830.0,877.2,875.75,870.57,155822,1356.53,9888,70444.0, 45.21,2026-05-08
INNOVANA, EQ, 08-May-2026,396.65,397.3,399.45,390.0,390.6,391.45,395.31,1233,4.87,122,766.0, 62.12,2026-05-08
INNOVISION, EQ, 08-May-2026,326.9,325.0,328.9,322.0,323.0,323.5,325.82,32707,106.57,1651,14258.0, 43.59,2026-05-08
INOXGREEN, EQ, 08-May-2026,192.8,192.1,193.95,189.11,190.7,190.61,191.19,1148573,2196.01,12452,518521.0, 45.14,2026-05-08
INOXINDIA, EQ, 08-May-2026,1554.5,1558.5,1579.2,1408.0,1478.0,1483.2,1480.92,843810,12496.16,68739,255688.0, 30.30,2026-05-08
INOXWIND, EQ, 08-May-2026,106.65,107.0,108.27,103.22,103.65,103.6,105.2,17961525,18894.75,56264,6967097.0, 38.79,2026-05-08
INSECTICID, EQ, 08-May-2026,719.9,723.0,726.5,709.55,716.0,720.25,717.09,28325,203.12,1779,16365.0, 57.78,2026-05-08
INSPIRE, ST, 08-May-2026,11.65,11.45,11.45,11.45,11.45,11.45,11.45,2000,0.23,1,2000.0, 100.00,2026-05-08
INSPIRISYS, BE, 08-May-2026,87.06,87.79,89.0,86.0,89.0,87.89,87.37,5841,5.1,51,, -,2026-05-08
INTEGRITY, SM, 08-May-2026,152.25,158.95,159.0,158.95,159.0,159.0,158.98,2400,3.82,2,1200.0, 50.00,2026-05-08
INTELLECT, EQ, 08-May-2026,782.15,792.1,834.4,775.15,804.0,806.8,811.67,4767464,38696.3,143820,976992.0, 20.49,2026-05-08
INTENTECH, EQ, 08-May-2026,104.92,105.0,113.42,104.25,107.51,108.55,108.81,325977,354.69,2938,202582.0, 62.15,2026-05-08
INTERARCH, EQ, 08-May-2026,2178.7,2197.7,2198.9,2126.5,2142.5,2134.9,2156.34,36790,793.32,4234,18557.0, 50.44,2026-05-08
INTERNET, EQ, 08-May-2026,12.57,12.57,12.57,12.48,12.5,12.5,12.53,128006,16.04,171,98736.0, 77.13,2026-05-08
INTLCONV, EQ, 08-May-2026,82.2,83.0,84.85,81.5,83.3,82.46,82.39,72815,59.99,999,45927.0, 63.07,2026-05-08
INVENTURE, EQ, 08-May-2026,1.04,1.02,1.03,1.01,1.03,1.02,1.02,1440699,14.71,435,901061.0, 62.54,2026-05-08
INVICTA, ST, 08-May-2026,90.0,90.0,90.3,86.9,90.3,90.3,89.04,8000,7.12,5,6400.0, 80.00,2026-05-08
INVPRECQ, EQ, 08-May-2026,625.95,626.0,645.0,598.05,600.05,608.35,624.68,4294,26.82,431,2470.0, 57.52,2026-05-08
IOB, EQ, 08-May-2026,35.17,35.17,35.2,34.62,34.75,34.82,34.87,3552311,1238.52,12043,2149816.0, 60.52,2026-05-08
IOC, EQ, 08-May-2026,146.89,145.8,146.3,144.19,144.88,144.69,145.09,9904272,14369.7,91369,4837056.0, 48.84,2026-05-08
IOLCP, EQ, 08-May-2026,97.81,98.3,99.24,96.27,97.49,96.89,97.77,1035468,1012.35,8083,545726.0, 52.70,2026-05-08
IONEXCHANG, EQ, 08-May-2026,426.5,426.5,432.8,418.0,420.0,419.25,424.75,238486,1012.97,12571,108274.0, 45.40,2026-05-08
IPCALAB, EQ, 08-May-2026,1560.1,1560.1,1610.5,1545.6,1553.3,1552.6,1569.63,247633,3886.93,22041,114326.0, 46.17,2026-05-08
IPHL, SM, 08-May-2026,57.5,59.6,60.0,57.85,57.85,57.85,59.24,9600,5.69,8,7200.0, 75.00,2026-05-08
IPL, EQ, 08-May-2026,162.47,163.49,194.0,161.77,177.0,177.41,182.04,12692997,23106.31,104539,1288430.0, 10.15,2026-05-08
IRB, EQ, 08-May-2026,21.67,21.67,21.77,21.34,21.48,21.42,21.47,9711888,2085.44,20658,4774969.0, 49.17,2026-05-08
IRBINVIT, IV, 08-May-2026,61.64,62.26,62.26,61.0,61.2,61.29,61.46,1009542,620.5,5082,900512.0, 89.20,2026-05-08
IRCON, EQ, 08-May-2026,161.35,161.0,161.85,157.52,158.5,158.34,159.13,3276408,5213.65,26824,1136813.0, 34.70,2026-05-08
IRCTC, EQ, 08-May-2026,568.5,566.05,570.85,564.0,565.45,564.9,566.32,675440,3825.17,22201,319763.0, 47.34,2026-05-08
IREDA, EQ, 08-May-2026,135.56,135.0,135.99,133.7,134.65,134.6,134.56,6088689,8193.21,34630,1805563.0, 29.65,2026-05-08
IRFC, EQ, 08-May-2026,106.77,106.67,106.9,105.65,106.01,106.03,106.15,6764649,7180.65,36391,2159449.0, 31.92,2026-05-08
IRIS, EQ, 08-May-2026,245.58,247.9,252.0,240.0,246.3,245.04,243.77,23937,58.35,830,9454.0, 39.50,2026-05-08
IRISDOREME, EQ, 08-May-2026,37.16,37.95,37.95,37.0,37.5,37.33,37.39,255510,95.54,624,70297.0, 27.51,2026-05-08
IRMENERGY, EQ, 08-May-2026,320.5,322.55,323.55,308.3,315.3,314.55,316.82,1565969,4961.24,13789,246425.0, 15.74,2026-05-08
ISFT, EQ, 08-May-2026,77.9,78.99,79.25,75.55,78.0,77.94,77.62,5088,3.95,299,3087.0, 60.67,2026-05-08
ISGEC, EQ, 08-May-2026,1076.0,1084.7,1084.7,1069.0,1075.0,1075.1,1075.86,36293,390.46,3823,21107.0, 58.16,2026-05-08
ISHAN, ST, 08-May-2026,0.7,0.7,0.7,0.7,0.7,0.7,0.7,48000,0.34,1,48000.0, 100.00,2026-05-08
ISHANCH, EQ, 08-May-2026,60.55,60.79,62.85,59.12,62.0,61.94,61.49,13409,8.25,65,8287.0, 61.80,2026-05-08
IT, EQ, 08-May-2026,32.11,31.15,32.51,31.15,32.42,32.38,32.34,501996,162.36,1008,351257.0, 69.97,2026-05-08
ITADD, EQ, 08-May-2026,30.64,30.73,31.13,30.23,31.13,30.8,30.87,36904,11.39,121,17394.0, 47.13,2026-05-08
ITBEES, EQ, 08-May-2026,32.17,32.28,32.55,32.03,32.44,32.46,32.39,9648500,3124.7,15576,5600440.0, 58.04,2026-05-08
ITBETA, EQ, 08-May-2026,304.42,305.94,308.89,305.45,308.06,308.2,306.32,1182,3.62,42,700.0, 59.22,2026-05-08
ITC, EQ, 08-May-2026,307.4,308.9,308.9,305.7,307.2,307.45,307.26,17739844,54506.9,156205,10921346.0, 61.56,2026-05-08
ITCHOTELS, EQ, 08-May-2026,166.18,166.0,166.5,163.4,164.61,164.5,164.9,2346643,3869.65,29602,1235904.0, 52.67,2026-05-08
ITDC, EQ, 08-May-2026,593.5,593.0,599.0,581.0,581.0,584.15,588.77,61494,362.06,2822,19749.0, 32.12,2026-05-08
ITETF, EQ, 08-May-2026,30.64,30.65,31.07,30.6,31.02,31.0,30.87,638254,197.01,925,313687.0, 49.15,2026-05-08
ITI, EQ, 08-May-2026,303.65,303.65,304.6,299.3,300.5,300.05,300.55,491285,1476.55,8468,180183.0, 36.68,2026-05-08
ITIETF, EQ, 08-May-2026,32.17,32.97,32.97,32.04,32.5,32.52,32.5,3032849,985.62,1359,2738555.0, 90.30,2026-05-08
ITTL, ST, 08-May-2026,92.8,91.0,91.0,90.95,90.95,90.95,90.96,420,0.38,4,420.0, 100.00,2026-05-08
IVALUE, EQ, 08-May-2026,254.1,254.1,265.0,251.25,254.3,255.05,258.92,99965,258.83,4794,58203.0, 58.22,2026-05-08
IVC, EQ, 08-May-2026,7.99,8.0,8.04,7.88,7.91,7.91,7.94,76811,6.1,467,60678.0, 79.00,2026-05-08
IVP, EQ, 08-May-2026,154.11,154.11,160.0,153.48,156.5,157.58,156.77,23803,37.32,364,18730.0, 78.69,2026-05-08
IVZINGOLD, EQ, 08-May-2026,131.15,130.5,131.2,130.4,130.75,130.75,130.81,14687,19.21,148,8891.0, 60.54,2026-05-08
IVZINNIFTY, EQ, 08-May-2026,2768.0,2837.2,2837.2,2752.19,2756.5,2756.5,2759.8,121,3.34,12,120.0, 99.17,2026-05-08
IWARE, ST, 08-May-2026,380.0,376.0,384.3,362.0,374.0,371.35,376.4,15600,58.72,25,14400.0, 92.31,2026-05-08
IWP, EQ, 08-May-2026,35.76,35.75,37.0,35.41,35.86,35.85,36.16,4303,1.56,97,2888.0, 67.12,2026-05-08
IXIGO, EQ, 08-May-2026,169.31,170.0,170.49,167.1,168.9,168.38,168.38,594649,1001.25,7848,248547.0, 41.80,2026-05-08
IZMO, BE, 08-May-2026,710.65,710.75,716.0,685.55,710.5,703.85,707.81,28715,203.25,790,, -,2026-05-08
J&KBANK, EQ, 08-May-2026,139.63,142.5,142.51,139.1,141.1,141.76,141.04,5838443,8234.71,33700,2553922.0, 43.74,2026-05-08
JAGRAN, EQ, 08-May-2026,67.68,67.69,68.24,67.0,67.27,67.29,67.47,183146,123.57,2010,89062.0, 48.63,2026-05-08
JAGSNPHARM, EQ, 08-May-2026,214.03,211.6,225.12,211.59,217.28,217.34,220.26,257185,566.48,5963,117875.0, 45.83,2026-05-08
JAIBALAJI, EQ, 08-May-2026,84.18,85.19,85.19,82.1,83.5,83.53,83.53,2924805,2443.14,21735,1012932.0, 34.63,2026-05-08
JAICORPLTD, EQ, 08-May-2026,121.64,121.49,122.39,119.0,120.2,119.75,120.55,419356,505.53,4500,171924.0, 41.00,2026-05-08
JAINAM, SM, 08-May-2026,281.8,281.85,295.0,281.85,295.0,295.0,289.19,2000,5.78,4,2000.0, 100.00,2026-05-08
JAINIK, SM, 08-May-2026,144.95,144.95,144.95,144.95,144.95,144.95,144.95,1200,1.74,1,1200.0, 100.00,2026-05-08
JAINREC, EQ, 08-May-2026,504.2,506.85,593.95,506.0,565.3,571.5,560.16,19134565,107184.72,305160,2476790.0, 12.94,2026-05-08
JAIPURKURT, EQ, 08-May-2026,32.93,33.9,33.9,32.29,32.3,32.64,33.28,4899,1.63,89,4588.0, 93.65,2026-05-08
JALAN, SM, 08-May-2026,1.75,1.7,1.75,1.7,1.75,1.75,1.72,9000,0.15,3,9000.0, 100.00,2026-05-08
JAMNAAUTO, EQ, 08-May-2026,131.11,133.53,134.45,130.5,131.0,131.65,132.12,3598542,4754.56,29986,1373337.0, 38.16,2026-05-08
JARO, EQ, 08-May-2026,418.7,404.0,409.0,396.0,398.9,398.25,402.6,248128,998.95,5875,133330.0, 53.73,2026-05-08
JASH, EQ, 08-May-2026,420.8,412.0,420.0,402.7,420.0,418.35,410.84,214509,881.3,10140,115877.0, 54.02,2026-05-08
JAYAGROGN, EQ, 08-May-2026,203.64,203.98,204.0,202.0,203.0,202.78,203.19,1950,3.96,46,1566.0, 80.31,2026-05-08
JAYBARMARU, EQ, 08-May-2026,95.84,96.55,96.55,93.5,95.4,94.4,94.67,120742,114.31,1676,59673.0, 49.42,2026-05-08
JAYBEE, ST, 08-May-2026,88.8,90.75,90.9,87.65,90.0,90.0,89.69,40000,35.88,67,37000.0, 92.50,2026-05-08
JAYESH, SM, 08-May-2026,178.0,178.5,183.0,178.5,179.0,179.0,180.07,59000,106.24,24,36000.0, 61.02,2026-05-08
JAYKAY, EQ, 08-May-2026,170.18,171.99,179.8,167.8,175.05,175.83,174.76,172234,301.0,3077,89267.0, 51.83,2026-05-08
JAYNECOIND, EQ, 08-May-2026,114.93,115.2,117.0,113.7,114.4,114.69,115.67,4595299,5315.3,23709,1873748.0, 40.78,2026-05-08
JAYSREETEA, EQ, 08-May-2026,97.23,96.5,98.23,95.41,96.22,96.32,96.52,32172,31.05,334,21865.0, 67.96,2026-05-08
JBCHEPHARM, EQ, 08-May-2026,2143.2,2143.3,2164.0,2134.9,2152.5,2149.8,2150.26,135870,2921.56,17062,80937.0, 59.57,2026-05-08
JBMA, EQ, 08-May-2026,624.2,623.0,663.5,616.0,649.0,649.9,647.73,3113866,20169.48,77279,658597.0, 21.15,2026-05-08
JETFREIGHT, EQ, 08-May-2026,19.93,20.0,20.0,19.35,19.35,19.42,19.52,32040,6.26,254,22243.0, 69.42,2026-05-08
JEYYAM, SM, 08-May-2026,34.75,35.35,35.45,34.55,34.7,34.7,34.97,20000,6.99,8,10000.0, 50.00,2026-05-08
JFLLIFE, SM, 08-May-2026,9.5,9.25,9.35,9.25,9.25,9.25,9.29,24000,2.23,4,24000.0, 100.00,2026-05-08
JGCHEM, EQ, 08-May-2026,422.9,425.0,427.9,415.0,418.9,417.75,419.74,47252,198.33,1857,21866.0, 46.28,2026-05-08
JHS, BE, 08-May-2026,9.12,9.3,9.3,8.81,8.9,8.96,9.1,12807,1.17,69,, -,2026-05-08
JINDALPHOT, EQ, 08-May-2026,1127.2,1124.0,1131.5,1107.3,1118.0,1116.9,1121.18,1438,16.12,225,934.0, 64.95,2026-05-08
JINDALPOLY, EQ, 08-May-2026,724.75,724.75,724.75,704.1,710.5,710.6,711.65,23667,168.43,1467,15123.0, 63.90,2026-05-08
JINDALSAW, EQ, 08-May-2026,242.46,242.0,249.45,239.9,243.6,243.96,245.45,2306043,5660.09,33511,897436.0, 38.92,2026-05-08
JINDALSTEL, EQ, 08-May-2026,1258.2,1258.2,1260.0,1239.2,1246.2,1248.4,1246.28,995187,12402.8,35556,459271.0, 46.15,2026-05-08
JINDRILL, EQ, 08-May-2026,534.6,537.6,548.85,531.4,534.5,535.1,540.72,147173,795.8,5451,56314.0, 38.26,2026-05-08
JINDWORLD, EQ, 08-May-2026,26.97,27.04,27.39,26.75,27.0,26.83,26.94,385306,103.8,2025,183127.0, 47.53,2026-05-08
JIOFIN, EQ, 08-May-2026,251.02,250.98,251.49,248.3,249.01,249.34,249.63,11367680,28377.48,64119,4363903.0, 38.39,2026-05-08
JISLDVREQS, EQ, 08-May-2026,24.97,24.97,25.35,23.49,23.99,23.76,24.12,59111,14.26,396,46179.0, 78.12,2026-05-08
JISLJALEQS, EQ, 08-May-2026,36.0,36.25,36.4,34.91,35.2,35.06,35.42,3664389,1298.0,11041,1639524.0, 44.74,2026-05-08
JITFINFRA, BE, 08-May-2026,304.05,310.0,310.1,310.0,310.1,310.1,310.09,13177,40.86,60,, -,2026-05-08
JIWANRAM, SM, 08-May-2026,5.45,5.7,5.95,5.7,5.95,5.95,5.83,12000,0.7,2,12000.0, 100.00,2026-05-08
JKCEMENT, EQ, 08-May-2026,5626.0,5626.0,5642.0,5536.0,5563.5,5571.5,5570.19,30404,1693.56,8652,18312.0, 60.23,2026-05-08
JKIL, EQ, 08-May-2026,517.75,517.0,520.0,509.45,512.5,511.65,513.52,70964,364.42,3688,42434.0, 59.80,2026-05-08
JKIPL, BE, 08-May-2026,90.31,89.89,91.49,87.5,90.99,89.05,89.8,15752,14.15,204,, -,2026-05-08
JKLAKSHMI, EQ, 08-May-2026,668.85,673.0,673.45,662.0,667.2,664.4,666.58,48470,323.09,4846,29584.0, 61.04,2026-05-08
JKPAPER, EQ, 08-May-2026,373.0,373.8,381.7,366.45,379.0,379.0,375.2,503980,1890.92,17534,234608.0, 46.55,2026-05-08
JKTYRE, EQ, 08-May-2026,410.25,410.05,410.35,405.55,406.4,405.95,407.24,526734,2145.06,15052,243625.0, 46.25,2026-05-08
JLHL, EQ, 08-May-2026,1256.6,1268.9,1272.9,1242.7,1251.0,1249.2,1258.04,13857,174.33,2646,8250.0, 59.54,2026-05-08
JMA, EQ, 08-May-2026,89.44,90.97,91.0,88.5,89.74,89.74,89.7,8654,7.76,186,5689.0, 65.74,2026-05-08
JMFINANCIL, EQ, 08-May-2026,142.85,142.85,147.2,142.09,145.37,145.25,145.19,3008373,4367.81,24376,1067212.0, 35.47,2026-05-08
JNKINDIA, EQ, 08-May-2026,362.1,358.0,372.85,358.0,362.75,359.7,363.39,97689,354.99,2836,47316.0, 48.44,2026-05-08
JOCIL, EQ, 08-May-2026,141.49,141.49,144.42,138.09,138.1,138.12,139.12,959,1.33,42,586.0, 61.11,2026-05-08
JPOLYINVST, EQ, 08-May-2026,1134.0,1115.1,1140.9,1115.1,1137.7,1129.7,1126.66,5262,59.28,891,2431.0, 46.20,2026-05-08
JPPOWER, EQ, 08-May-2026,19.39,19.3,19.42,19.0,19.01,19.08,19.15,54256190,10390.86,34382,20274314.0, 37.37,2026-05-08
JSFB, EQ, 08-May-2026,470.7,470.0,475.0,451.0,458.05,455.05,460.28,663778,3055.2,11410,401065.0, 60.42,2026-05-08
JSL, EQ, 08-May-2026,766.6,771.7,773.8,750.3,754.4,754.8,759.8,409968,3114.95,20756,245678.0, 59.93,2026-05-08
JSLL, EQ, 08-May-2026,738.45,738.95,763.8,730.0,748.0,748.25,753.89,409889,3090.11,18553,213184.0, 52.01,2026-05-08
JSWCEMENT, EQ, 08-May-2026,125.01,124.78,125.6,124.2,124.32,124.53,124.84,639424,798.24,7783,333306.0, 52.13,2026-05-08
JSWDULUX, EQ, 08-May-2026,2966.4,2953.0,2983.8,2935.0,2950.0,2949.4,2955.21,28718,848.68,5767,22579.0, 78.62,2026-05-08
JSWENERGY, EQ, 08-May-2026,575.9,576.0,577.8,563.3,574.95,571.2,570.58,2726922,15559.15,49935,1210761.0, 44.40,2026-05-08
JSWHL, EQ, 08-May-2026,12992.0,12992.0,13150.0,12891.0,13100.0,12984.0,13052.39,2622,342.23,1234,1279.0, 48.78,2026-05-08
JSWINFRA, EQ, 08-May-2026,281.2,282.45,284.9,279.5,284.5,283.65,282.64,1858989,5254.33,22829,780869.0, 42.01,2026-05-08
JSWSTEEL, EQ, 08-May-2026,1283.4,1283.4,1284.9,1266.8,1277.0,1277.8,1276.67,811858,10364.76,36280,335367.0, 41.31,2026-05-08
JTEKTINDIA, EQ, 08-May-2026,140.97,140.12,146.5,140.12,144.96,144.95,144.46,180346,260.53,3100,83424.0, 46.26,2026-05-08
JTLIND, EQ, 08-May-2026,82.23,82.02,82.67,80.76,81.5,81.6,81.49,3209616,2615.5,6694,969195.0, 30.20,2026-05-08
JUBLCPL, EQ, 08-May-2026,1807.3,1807.3,1851.9,1800.0,1810.1,1816.4,1819.86,4724,85.97,513,3153.0, 66.74,2026-05-08
JUBLFOOD, EQ, 08-May-2026,479.0,479.05,482.4,471.5,473.45,473.3,475.08,1392176,6613.98,31460,639588.0, 45.94,2026-05-08
JUBLINGREA, EQ, 08-May-2026,756.85,764.05,764.7,739.35,742.0,742.6,749.1,212971,1595.36,12010,92644.0, 43.50,2026-05-08
JUBLPHARMA, EQ, 08-May-2026,981.15,981.15,1019.9,980.0,1009.0,1008.2,1005.96,140406,1412.43,11235,55740.0, 39.70,2026-05-08
JUNIORBEES, EQ, 08-May-2026,774.97,760.02,777.22,760.02,772.0,771.73,772.72,313544,2422.83,9820,176050.0, 56.15,2026-05-08
JUNIPER, EQ, 08-May-2026,212.9,212.9,214.1,210.0,211.5,212.15,212.24,42180,89.52,1345,23289.0, 55.21,2026-05-08
JUSTDIAL, EQ, 08-May-2026,544.85,545.0,551.0,542.0,543.55,544.75,545.75,144832,790.42,6367,56551.0, 39.05,2026-05-08
JWL, EQ, 08-May-2026,303.75,301.0,305.55,297.6,298.8,298.9,300.76,1532180,4608.14,20372,511915.0, 33.41,2026-05-08
JYOTHYLAB, EQ, 08-May-2026,258.5,259.35,263.15,256.85,261.0,261.4,260.46,286758,746.9,9023,130146.0, 45.39,2026-05-08
JYOTICNC, EQ, 08-May-2026,773.2,777.0,778.0,764.1,766.0,766.35,771.27,439611,3390.6,14830,217785.0, 49.54,2026-05-08
JYOTIGLOBL, ST, 08-May-2026,48.1,49.75,50.3,49.7,50.0,50.0,49.88,16000,7.98,8,16000.0, 100.00,2026-05-08
JYOTISTRUC, EQ, 08-May-2026,14.03,14.05,14.15,13.7,13.94,13.87,13.89,11271748,1566.14,9249,4531378.0, 40.20,2026-05-08
K2INFRA, SM, 08-May-2026,63.1,61.0,63.1,59.0,60.05,60.6,60.54,35400,21.43,53,26400.0, 74.58,2026-05-08
KABRAEXTRU, EQ, 08-May-2026,245.72,244.83,246.9,240.42,242.95,241.97,243.42,6188,15.06,336,4012.0, 64.84,2026-05-08
KAJARIACER, EQ, 08-May-2026,1098.8,1098.8,1108.8,1092.1,1105.0,1104.1,1102.04,116749,1286.62,10269,59133.0, 50.65,2026-05-08
KAKATCEM, BE, 08-May-2026,136.0,133.25,135.99,131.52,134.5,134.87,132.92,4139,5.5,45,, -,2026-05-08
KALAMANDIR, EQ, 08-May-2026,119.67,119.5,123.74,116.7,117.0,117.31,119.92,1110538,1331.72,7785,466701.0, 42.02,2026-05-08
KALANA, ST, 08-May-2026,23.75,23.3,23.3,23.3,23.3,23.3,23.3,2000,0.47,1,2000.0, 100.00,2026-05-08
KALPATARU, EQ, 08-May-2026,372.55,375.0,401.0,370.3,384.1,385.15,388.94,567391,2206.78,10354,198483.0, 34.98,2026-05-08
KALYANIFRG, EQ, 08-May-2026,624.25,620.4,629.4,614.45,622.0,621.15,622.31,588,3.66,115,396.0, 67.35,2026-05-08
KALYANKJIL, EQ, 08-May-2026,411.15,413.9,428.8,407.15,425.0,424.55,419.37,20957288,87889.28,203631,5070073.0, 24.19,2026-05-08
KAMAHOLD, EQ, 08-May-2026,2696.2,2690.0,2731.0,2672.4,2730.9,2711.2,2704.75,3022,81.74,477,2124.0, 70.28,2026-05-08
KAMATHOTEL, EQ, 08-May-2026,176.5,178.0,178.0,173.01,174.5,175.24,175.21,26652,46.7,887,18502.0, 69.42,2026-05-08
KAMDHENU, EQ, 08-May-2026,25.35,25.46,27.0,24.98,26.75,26.68,26.56,3664459,973.41,7355,1862582.0, 50.83,2026-05-08
KAMOPAINTS, BE, 08-May-2026,5.46,5.4,5.52,5.31,5.46,5.45,5.45,139727,7.62,547,, -,2026-05-08
KANANIIND, EQ, 08-May-2026,1.65,1.66,1.66,1.63,1.65,1.64,1.65,63031,1.04,142,53426.0, 84.76,2026-05-08
KANCHI, BE, 08-May-2026,403.25,402.8,409.0,402.8,409.0,408.0,405.78,602,2.44,25,, -,2026-05-08
KANDARP, SM, 08-May-2026,150.0,154.0,154.1,149.0,151.0,151.0,151.15,47000,71.04,20,22000.0, 46.81,2026-05-08
KANORICHEM, EQ, 08-May-2026,99.03,97.0,98.69,94.11,94.3,95.22,96.08,43623,41.91,696,24943.0, 57.18,2026-05-08
KANPRPLA, EQ, 08-May-2026,219.89,221.0,221.0,212.17,217.0,216.19,216.74,22089,47.87,787,10737.0, 48.61,2026-05-08
KANSAINER, EQ, 08-May-2026,211.55,213.0,223.0,211.1,220.0,220.35,217.62,1553578,3380.96,25952,809727.0, 52.12,2026-05-08
KAPSTON, EQ, 08-May-2026,340.8,347.0,347.0,340.35,344.0,342.75,343.13,12789,43.88,420,8270.0, 64.66,2026-05-08
KARMAENG, EQ, 08-May-2026,51.1,52.0,53.39,50.99,51.5,51.5,52.13,8604,4.49,55,6095.0, 70.84,2026-05-08
KARNIKA, SM, 08-May-2026,132.6,131.0,131.0,129.5,130.0,130.0,129.97,17000,22.1,9,15000.0, 88.24,2026-05-08
KARURVYSYA, EQ, 08-May-2026,313.55,319.35,319.35,302.2,305.0,304.65,307.77,9434199,29035.96,113503,4682541.0, 49.63,2026-05-08
KATARIA, SM, 08-May-2026,103.4,104.95,105.0,102.0,102.0,102.65,104.29,37200,38.8,48,32400.0, 87.10,2026-05-08
KAUSHALYA, EQ, 08-May-2026,930.35,930.0,930.0,911.0,930.0,930.0,928.36,40,0.37,11,39.0, 97.50,2026-05-08
KAVDEFENCE, BE, 08-May-2026,67.29,70.65,70.65,66.5,69.44,69.38,69.26,282312,195.54,1049,, -,2026-05-08
KAYA, EQ, 08-May-2026,261.05,260.0,268.0,258.45,259.0,260.15,262.41,27692,72.67,1066,12363.0, 44.64,2026-05-08
KAYNES, EQ, 08-May-2026,4379.7,4360.0,4538.6,4341.8,4497.0,4507.5,4456.15,1481029,65996.93,93329,353011.0, 23.84,2026-05-08
KAYTEX, SM, 08-May-2026,73.05,75.9,75.9,70.25,70.5,70.5,71.95,11200,8.06,14,8800.0, 78.57,2026-05-08
KCEIL, ST, 08-May-2026,119.9,121.0,123.7,119.0,119.0,119.9,121.64,14000,17.03,26,13000.0, 92.86,2026-05-08
KCK, SM, 08-May-2026,15.25,15.05,16.25,15.0,15.4,15.75,15.72,577500,90.76,107,380000.0, 65.80,2026-05-08
KCP, EQ, 08-May-2026,179.81,180.34,180.51,177.5,177.51,177.63,178.6,65428,116.85,932,45825.0, 70.04,2026-05-08
KCPSUGIND, EQ, 08-May-2026,27.06,27.48,27.48,26.58,27.0,26.98,26.82,91810,24.62,447,62669.0, 68.26,2026-05-08
KDDL, EQ, 08-May-2026,2427.7,2427.7,2547.0,2416.2,2460.0,2456.2,2486.22,30591,760.56,4231,10845.0, 35.45,2026-05-08
KDL, SM, 08-May-2026,161.9,162.15,162.5,157.6,157.6,157.6,160.8,10050,16.16,49,8100.0, 80.60,2026-05-08
KEC, EQ, 08-May-2026,612.45,612.0,615.0,597.0,597.9,598.05,603.45,1345009,8116.39,33475,672588.0, 50.01,2026-05-08
KECL, BE, 08-May-2026,129.11,129.11,129.11,124.8,126.0,125.04,126.25,62143,78.45,546,, -,2026-05-08
KEEPLEARN, EQ, 08-May-2026,2.08,2.09,2.13,2.05,2.08,2.07,2.08,17828,0.37,66,14475.0, 81.19,2026-05-08
KEI, EQ, 08-May-2026,5110.2,5126.0,5179.9,5064.3,5117.0,5099.6,5111.14,361665,18485.19,32308,166086.0, 45.92,2026-05-08
KEL, SM, 08-May-2026,81.7,81.7,85.0,81.7,85.0,85.0,83.34,12000,10.0,7,10800.0, 90.00,2026-05-08
KELLTONTEC, EQ, 08-May-2026,16.2,16.17,16.31,16.04,16.14,16.15,16.15,1546876,249.77,2705,784972.0, 50.75,2026-05-08
KEN, SM, 08-May-2026,36.65,36.65,37.0,34.85,35.6,35.65,36.22,10800,3.91,8,8400.0, 77.78,2026-05-08
KENNAMET, EQ, 08-May-2026,2833.6,3375.0,3400.3,3121.2,3139.0,3128.3,3269.19,170666,5579.4,12736,82048.0, 48.08,2026-05-08
KERNEX, EQ, 08-May-2026,1518.5,1535.0,1626.0,1534.1,1580.1,1583.8,1583.7,725481,11489.44,37329,295208.0, 40.69,2026-05-08
KESORAMIND, EQ, 08-May-2026,11.29,11.5,11.85,11.44,11.85,11.85,11.78,1595480,188.0,1710,1182574.0, 74.12,2026-05-08
KEYFINSERV, EQ, 08-May-2026,294.85,294.95,301.6,292.5,295.2,295.95,296.62,2561,7.6,90,1148.0, 44.83,2026-05-08
KFINTECH, EQ, 08-May-2026,927.55,926.5,927.95,912.35,918.0,916.3,918.59,1307295,12008.7,29233,667711.0, 51.08,2026-05-08
KHADIM, EQ, 08-May-2026,112.24,112.24,114.0,108.81,109.69,109.26,110.08,81829,90.08,2008,54082.0, 66.09,2026-05-08
KHAICHEM, BE, 08-May-2026,60.71,60.69,60.71,59.0,59.5,59.22,59.74,94903,56.69,505,, -,2026-05-08
KHAITANLTD, BE, 08-May-2026,132.2,132.2,138.0,128.2,128.2,131.19,134.25,3959,5.32,49,, -,2026-05-08
KHANDSE, EQ, 08-May-2026,17.49,17.92,18.37,17.21,17.75,17.48,17.49,2144,0.38,26,1951.0, 91.00,2026-05-08
KHFM, SM, 08-May-2026,50.0,48.0,48.0,48.0,48.0,48.0,48.0,1550,0.74,1,1550.0, 100.00,2026-05-08
KICL, EQ, 08-May-2026,5103.5,5078.0,5199.0,5001.1,5055.0,5064.2,5127.12,2347,120.33,468,1361.0, 57.99,2026-05-08
KILITCH, EQ, 08-May-2026,157.68,160.0,170.5,159.0,161.5,160.07,164.6,151453,249.29,2620,47882.0, 31.62,2026-05-08
KIMS, EQ, 08-May-2026,706.85,706.6,721.2,705.65,717.0,717.6,716.82,364830,2615.16,13631,231212.0, 63.38,2026-05-08
KINGFA, EQ, 08-May-2026,4959.7,4958.5,5399.4,4897.0,5390.0,5374.9,5257.23,42902,2255.46,5092,28068.0, 65.42,2026-05-08
KIOCL, EQ, 08-May-2026,408.45,407.5,408.65,396.6,402.15,401.7,402.34,277702,1117.31,9629,100824.0, 36.31,2026-05-08
KIRANVYPAR, EQ, 08-May-2026,195.26,195.0,199.0,190.2,192.87,194.05,196.06,667,1.31,133,590.0, 88.46,2026-05-08
KIRIINDUS, EQ, 08-May-2026,432.4,429.75,433.65,418.0,420.5,422.2,426.31,261026,1112.78,5212,121088.0, 46.39,2026-05-08
KIRLFER, EQ, 08-May-2026,453.1,487.0,487.0,441.0,444.0,449.7,463.75,255832,1186.41,9194,121081.0, 47.33,2026-05-08
KIRLOSBROS, EQ, 08-May-2026,1762.1,1760.3,1768.9,1722.1,1723.5,1733.1,1745.34,55978,977.01,7831,25212.0, 45.04,2026-05-08
KIRLOSENG, EQ, 08-May-2026,1727.9,1729.8,1749.9,1722.0,1736.0,1728.9,1734.91,124199,2154.75,15987,59428.0, 47.85,2026-05-08
KIRLOSIND, EQ, 08-May-2026,3356.0,3386.4,3399.8,3341.9,3393.8,3375.8,3364.11,3652,122.86,733,2067.0, 56.60,2026-05-08
KIRLPNU, EQ, 08-May-2026,1590.8,1599.7,1613.8,1550.1,1560.0,1560.2,1584.57,129465,2051.46,13897,64662.0, 49.95,2026-05-08
KISSHT, EQ, 08-May-2026,171.0,190.0,227.4,190.0,209.02,208.63,203.29,64104155,130319.68,361097,30630369.0, 47.78,2026-05-08
KITEX, EQ, 08-May-2026,171.38,171.38,174.85,170.1,170.55,171.08,172.35,494986,853.12,4575,207512.0, 41.92,2026-05-08
KKCL, EQ, 08-May-2026,496.65,496.65,506.15,480.5,493.5,489.35,495.16,37077,183.59,1603,20680.0, 55.78,2026-05-08
KKJEWELS, SM, 08-May-2026,110.3,110.3,112.8,108.35,112.8,112.8,110.8,12000,13.3,11,10000.0, 83.33,2026-05-08
KKVAPOW, SM, 08-May-2026,614.0,644.0,644.0,644.0,644.0,644.0,644.0,171,1.1,1,171.0, 100.00,2026-05-08
KLBRENG-B, EQ, 08-May-2026,519.85,520.0,522.5,512.0,516.95,516.75,518.03,26369,136.6,1123,20090.0, 76.19,2026-05-08
KLL, SM, 08-May-2026,41.0,41.0,41.0,39.75,40.05,40.05,40.28,8800,3.54,9,8800.0, 100.00,2026-05-08
KMEW, EQ, 08-May-2026,2161.4,2165.0,2207.9,2101.0,2141.0,2126.9,2144.2,67326,1443.61,9349,29897.0, 44.41,2026-05-08
KMSUGAR, EQ, 08-May-2026,31.02,31.29,31.29,29.71,30.0,30.0,30.28,204698,61.97,1529,128158.0, 62.61,2026-05-08
KNAGRI, EQ, 08-May-2026,191.02,196.9,197.88,183.4,187.0,185.09,188.95,67542,127.62,4032,17265.0, 25.56,2026-05-08
KNRCON, EQ, 08-May-2026,134.95,134.8,135.18,131.5,132.0,131.94,132.93,1175082,1562.05,11536,544680.0, 46.35,2026-05-08
KODYTECH, ST, 08-May-2026,756.0,771.1,771.1,771.1,771.1,771.1,771.1,3600,27.76,26,3600.0, 100.00,2026-05-08
KOHINOOR, EQ, 08-May-2026,26.36,26.49,26.82,26.01,26.26,26.52,26.48,83148,22.02,797,17549.0, 21.11,2026-05-08
KOKUYOCMLN, EQ, 08-May-2026,94.91,94.91,96.98,93.26,96.4,96.49,95.62,65352,62.49,914,46116.0, 70.57,2026-05-08
KOLTEPATIL, EQ, 08-May-2026,384.25,383.0,390.5,380.6,382.0,382.1,383.95,32069,123.13,1629,15530.0, 48.43,2026-05-08
KONSTELEC, ST, 08-May-2026,46.4,44.6,46.4,44.6,46.4,45.5,45.5,2000,0.91,2,2000.0, 100.00,2026-05-08
KOPRAN, EQ, 08-May-2026,164.49,164.7,166.79,161.0,161.55,162.02,163.13,175161,285.73,2937,81615.0, 46.59,2026-05-08
KORE, SM, 08-May-2026,141.05,147.0,147.0,144.0,144.0,144.0,144.76,1000,1.45,3,1000.0, 100.00,2026-05-08
KOTAKBANK, EQ, 08-May-2026,379.4,379.0,381.5,374.0,381.0,380.8,378.41,16183126,61239.16,133788,11333684.0, 70.03,2026-05-08
KOTARISUG, EQ, 08-May-2026,28.14,27.78,28.19,27.02,27.38,27.35,27.42,66852,18.33,658,35197.0, 52.65,2026-05-08
KOTHARIPET, EQ, 08-May-2026,136.99,137.0,142.5,136.99,140.0,140.74,140.23,162147,227.39,2842,84744.0, 52.26,2026-05-08
KOTHARIPRO, EQ, 08-May-2026,75.86,76.0,76.8,74.01,75.62,75.92,75.96,7898,6.0,264,5672.0, 71.82,2026-05-08
KOTIC, EQ, 08-May-2026,180.88,176.0,184.9,176.0,180.0,180.43,180.32,7666,13.82,295,3559.0, 46.43,2026-05-08
KOTYARK, EQ, 08-May-2026,405.25,407.25,416.5,401.0,411.9,407.6,405.21,97742,396.06,1168,80474.0, 82.33,2026-05-08
KOVAI, EQ, 08-May-2026,5716.0,5770.5,5789.0,5600.0,5645.0,5689.5,5692.77,4610,262.44,1809,2925.0, 63.45,2026-05-08
KPEL, EQ, 08-May-2026,409.0,428.0,434.0,397.7,406.8,405.2,416.85,3156387,13157.37,51053,1086104.0, 34.41,2026-05-08
KPIGREEN, EQ, 08-May-2026,488.25,489.9,492.55,474.0,478.55,476.2,482.22,1565374,7548.59,29850,546751.0, 34.93,2026-05-08
KPIL, EQ, 08-May-2026,1297.9,1304.8,1329.0,1270.1,1277.2,1275.7,1290.61,233212,3009.86,26681,138959.0, 59.58,2026-05-08
KPITTECH, EQ, 08-May-2026,722.65,722.6,735.8,704.0,725.0,729.15,722.15,4551374,32867.69,89146,1091169.0, 23.97,2026-05-08
KPL, EQ, 08-May-2026,1727.0,1735.0,1768.1,1714.0,1725.0,1743.8,1734.41,9603,166.56,1191,5155.0, 53.68,2026-05-08
KPRMILL, EQ, 08-May-2026,978.0,975.0,989.15,951.0,955.0,955.75,966.53,183928,1777.72,10616,75178.0, 40.87,2026-05-08
KRBL, EQ, 08-May-2026,377.95,377.95,382.5,370.75,373.5,373.15,376.08,398482,1498.61,12018,150969.0, 37.89,2026-05-08
KREBSBIO, BE, 08-May-2026,62.0,62.0,62.31,60.2,60.2,60.2,62.07,255,0.16,9,, -,2026-05-08
KRIDHANINF, EQ, 08-May-2026,2.87,3.01,3.01,3.01,3.01,3.01,3.01,76275,2.3,34,76275.0, 100.00,2026-05-08
KRISHANA, EQ, 08-May-2026,680.5,682.1,703.95,682.1,702.5,702.05,696.07,619046,4309.01,9021,376003.0, 60.74,2026-05-08
KRISHCA, SM, 08-May-2026,179.75,179.75,184.9,174.8,182.0,182.0,181.82,32000,58.18,43,27000.0, 84.38,2026-05-08
KRISHIVAL, EQ, 08-May-2026,367.85,370.0,370.0,367.15,367.15,367.85,368.37,3347,12.33,277,2679.0, 80.04,2026-05-08
KRISHNADEF, EQ, 08-May-2026,1146.6,1160.0,1243.0,1146.7,1190.0,1193.5,1193.94,216798,2588.43,13897,84660.0, 39.05,2026-05-08
KRITI, BE, 08-May-2026,88.96,88.95,90.99,85.0,87.2,86.49,86.58,28406,24.59,151,, -,2026-05-08
KRITIKA, EQ, 08-May-2026,6.15,6.27,6.37,6.18,6.36,6.32,6.31,238640,15.07,658,167997.0, 70.40,2026-05-08
KRITINUT, BE, 08-May-2026,93.82,94.49,94.98,90.0,92.45,91.39,91.64,17189,15.75,208,, -,2026-05-08
KRMAYURVED, ST, 08-May-2026,260.95,265.0,270.0,260.0,260.0,261.05,264.02,60000,158.41,60,54000.0, 90.00,2026-05-08
KRN, EQ, 08-May-2026,1329.2,1326.1,1350.0,1279.5,1304.0,1300.2,1308.81,459756,6017.31,20094,130435.0, 28.37,2026-05-08
KRONOX, EQ, 08-May-2026,142.19,141.1,143.02,139.05,141.0,140.72,140.87,24235,34.14,516,15855.0, 65.42,2026-05-08
KROSS, EQ, 08-May-2026,215.94,217.9,230.0,217.12,225.33,225.74,225.72,5009811,11308.33,45343,760896.0, 15.19,2026-05-08
KRSNAA, EQ, 08-May-2026,603.8,609.5,622.0,597.1,598.0,599.5,609.99,241088,1470.62,7221,165789.0, 68.77,2026-05-08
KRT, RR, 08-May-2026,117.95,118.4,118.8,116.65,117.98,117.98,117.62,313467,368.69,9393,256113.0, 81.70,2026-05-08
KRYSTAL, EQ, 08-May-2026,614.35,614.35,620.0,593.35,596.5,598.4,602.04,57238,344.59,2069,35218.0, 61.53,2026-05-08
KSB, EQ, 08-May-2026,895.25,886.3,894.15,872.5,885.0,877.35,879.69,165423,1455.2,16108,101679.0, 61.47,2026-05-08
KSCL, EQ, 08-May-2026,1003.8,1009.65,1009.65,985.5,993.0,992.6,994.07,110308,1096.53,6406,57413.0, 52.05,2026-05-08
KSHINTL, EQ, 08-May-2026,630.0,634.9,647.45,618.0,626.0,624.65,635.2,279138,1773.08,9757,115325.0, 41.31,2026-05-08
KSHITIJPOL, BE, 08-May-2026,3.97,4.16,4.16,4.04,4.16,4.16,4.16,2030390,84.45,277,, -,2026-05-08
KSL, EQ, 08-May-2026,894.35,901.8,904.9,845.0,856.0,862.5,877.81,80575,707.29,3704,46503.0, 57.71,2026-05-08
KSOLVES, EQ, 08-May-2026,294.7,296.0,299.0,290.4,294.25,294.45,293.75,47744,140.25,1742,24954.0, 52.27,2026-05-08
KSR, BE, 08-May-2026,36.0,35.1,37.7,35.1,36.55,37.25,35.72,20255,7.23,536,, -,2026-05-08
KTKBANK, EQ, 08-May-2026,266.8,265.95,265.95,258.3,259.95,259.35,261.92,1337905,3504.23,19646,693810.0, 51.86,2026-05-08
KUANTUM, EQ, 08-May-2026,80.32,80.32,81.88,78.36,78.65,79.84,80.42,63232,50.85,1116,42589.0, 67.35,2026-05-08
KWIL, EQ, 08-May-2026,28.97,29.0,29.85,28.54,29.1,29.18,29.27,10254703,3001.19,22997,4372593.0, 42.64,2026-05-08
LAGNAM, EQ, 08-May-2026,85.25,88.4,88.4,82.4,83.5,83.83,84.07,18364,15.44,263,15557.0, 84.71,2026-05-08
LAHOTIOV, EQ, 08-May-2026,46.7,48.3,50.8,46.0,46.94,46.73,47.75,103245,49.3,485,46796.0, 45.33,2026-05-08
LAKPRE, BZ, 08-May-2026,5.38,5.38,5.64,5.33,5.63,5.63,5.58,11823,0.66,21,, -,2026-05-08
LAKSHYA, ST, 08-May-2026,147.45,141.05,145.1,141.05,143.0,143.0,142.63,10400,14.83,13,8800.0, 84.62,2026-05-08
LAL, EQ, 08-May-2026,7.19,7.35,7.35,7.2,7.2,7.21,7.27,16602,1.21,87,12913.0, 77.78,2026-05-08
LALPATHLAB, EQ, 08-May-2026,1565.5,1558.0,1660.0,1551.9,1655.0,1649.8,1625.53,885886,14400.33,53065,390216.0, 44.05,2026-05-08
LAMBODHARA, EQ, 08-May-2026,114.89,116.0,116.0,112.0,112.0,112.35,113.04,8145,9.21,252,4860.0, 59.67,2026-05-08
LAMOSAIC, SM, 08-May-2026,23.85,23.8,23.95,23.5,23.5,23.5,23.78,6600,1.57,10,5400.0, 81.82,2026-05-08
LANCORHOL, BE, 08-May-2026,24.12,24.9,24.9,24.0,24.3,24.3,24.18,10336,2.5,30,, -,2026-05-08
LANDMARK, EQ, 08-May-2026,408.5,409.0,411.8,401.2,402.0,402.7,407.19,77111,313.99,2698,40509.0, 52.53,2026-05-08
LANDSMILL, EQ, 08-May-2026,0.96,0.97,0.97,0.95,0.96,0.95,0.96,1944951,18.66,1011,1019267.0, 52.41,2026-05-08
LAOPALA, EQ, 08-May-2026,185.79,185.31,186.89,181.8,183.2,184.23,183.97,133664,245.9,3322,69267.0, 51.82,2026-05-08
LASA, BE, 08-May-2026,8.03,8.07,8.29,8.0,8.18,8.21,8.07,26562,2.14,61,, -,2026-05-08
LATENTVIEW, EQ, 08-May-2026,310.6,310.1,322.1,307.1,313.6,314.75,316.03,1636045,5170.37,34298,530688.0, 32.44,2026-05-08
LATTEYS, EQ, 08-May-2026,21.79,21.15,22.19,21.15,21.89,21.83,21.73,67373,14.64,175,61735.0, 91.63,2026-05-08
LAURUSLABS, EQ, 08-May-2026,1206.5,1206.0,1237.9,1206.0,1225.2,1228.3,1227.44,1958542,24039.9,59153,746394.0, 38.11,2026-05-08
LAXMICOT, BE, 08-May-2026,14.11,14.04,14.51,13.97,14.16,14.2,14.31,5942,0.85,33,, -,2026-05-08
LAXMIDENTL, EQ, 08-May-2026,217.68,217.5,219.5,214.75,215.2,215.1,216.63,84713,183.51,1719,44402.0, 52.41,2026-05-08
LAXMIINDIA, EQ, 08-May-2026,136.79,137.0,137.0,128.0,129.39,129.45,131.92,345278,455.5,3774,169654.0, 49.14,2026-05-08
LCCINFOTEC, BE, 08-May-2026,4.64,4.55,4.87,4.46,4.87,4.87,4.84,12473,0.6,22,, -,2026-05-08
LEMERITE, EQ, 08-May-2026,442.5,444.75,446.95,437.15,439.9,439.7,442.9,171998,761.78,763,139734.0, 81.24,2026-05-08
LEMONTREE, EQ, 08-May-2026,121.81,120.8,122.1,120.0,120.54,120.41,120.67,1981025,2390.43,15511,1062472.0, 53.63,2026-05-08
LENSKART, EQ, 08-May-2026,487.75,487.0,498.7,473.4,490.8,489.25,483.79,54291417,262654.88,505177,27706287.0, 51.03,2026-05-08
LEXUS, BE, 08-May-2026,18.97,18.6,19.85,18.55,19.43,19.4,19.31,34992,6.76,144,, -,2026-05-08
LFIC, EQ, 08-May-2026,145.01,145.0,151.99,145.0,150.0,150.42,149.24,4059,6.06,106,3110.0, 76.62,2026-05-08
LGBBROSLTD, EQ, 08-May-2026,1725.5,1725.5,1760.9,1672.8,1692.4,1683.8,1694.99,34537,585.4,4327,16887.0, 48.90,2026-05-08
LGEINDIA, EQ, 08-May-2026,1542.6,1553.6,1553.6,1496.5,1508.9,1505.3,1510.99,1236612,18685.03,52167,860204.0, 69.56,2026-05-08
LGHL, EQ, 08-May-2026,259.95,260.0,264.4,245.65,250.0,252.3,256.74,24706,63.43,393,2130.0, 8.62,2026-05-08
LIBAS, EQ, 08-May-2026,12.66,12.5,12.83,12.29,12.59,12.62,12.62,16382,2.07,65,15503.0, 94.63,2026-05-08
LIBERTSHOE, EQ, 08-May-2026,254.4,254.4,257.5,252.65,255.0,255.5,255.29,22592,57.68,824,12644.0, 55.97,2026-05-08
LICHSGFIN, EQ, 08-May-2026,586.35,586.35,587.5,578.05,581.85,581.5,582.27,654532,3811.14,15480,203691.0, 31.12,2026-05-08
LICI, EQ, 08-May-2026,811.15,810.0,810.0,800.65,802.2,802.15,803.67,963403,7742.6,27220,466315.0, 48.40,2026-05-08
LICMFGOLD, EQ, 08-May-2026,135.45,135.8,136.1,135.2,135.95,135.75,135.71,48608,65.97,729,23910.0, 49.19,2026-05-08
LICNETFGSC, EQ, 08-May-2026,28.75,28.89,28.98,28.55,28.76,28.77,28.78,30435,8.76,102,30261.0, 99.43,2026-05-08
LICNETFN50, EQ, 08-May-2026,270.64,270.41,270.52,268.3,270.13,270.13,269.46,382,1.03,26,382.0, 100.00,2026-05-08
LICNETFSEN, EQ, 08-May-2026,873.64,871.34,871.34,869.89,870.41,870.41,870.0,69,0.6,7,69.0, 100.00,2026-05-08
LICNFNHGP, EQ, 08-May-2026,276.66,275.64,283.35,273.82,275.1,275.06,275.11,218,0.6,29,203.0, 93.12,2026-05-08
LICNMID100, EQ, 08-May-2026,62.28,62.28,62.68,61.92,62.36,62.28,62.23,8549,5.32,199,6668.0, 78.00,2026-05-08
LIKHITHA, BE, 08-May-2026,223.91,224.45,224.45,215.0,217.8,216.48,216.36,40096,86.75,566,, -,2026-05-08
LINC, EQ, 08-May-2026,108.44,109.52,109.52,105.0,105.1,105.65,106.93,32249,34.48,609,21670.0, 67.20,2026-05-08
LINCOLN, EQ, 08-May-2026,670.65,668.0,683.7,660.2,668.5,674.9,674.55,46289,312.24,2030,17852.0, 38.57,2026-05-08
LINDEINDIA, EQ, 08-May-2026,7847.5,7859.5,8005.0,7752.0,7793.0,7808.5,7878.97,80469,6340.13,15648,36297.0, 45.11,2026-05-08
LIQGRWBEES, EQ, 08-May-2026,1038.36,1038.74,1038.76,1038.74,1038.76,1038.74,1038.75,17092,177.54,146,11685.0, 68.37,2026-05-08
LIQUID, EQ, 08-May-2026,999.99,999.99,1000.0,999.99,999.99,999.99,1000.0,128579,1285.79,196,100285.0, 77.99,2026-05-08
LIQUID1, EQ, 08-May-2026,1103.09,1136.18,1136.18,1103.53,1103.55,1103.54,1103.54,700788,7733.49,753,479300.0, 68.39,2026-05-08
LIQUIDADD, EQ, 08-May-2026,1125.27,1125.27,1125.77,1125.27,1125.71,1125.71,1125.72,435379,4901.15,502,302934.0, 69.58,2026-05-08
LIQUIDBEES, EQ, 08-May-2026,1000.0,999.99,1000.01,999.99,1000.01,1000.0,1000.0,2516506,25165.08,6014,1643173.0, 65.30,2026-05-08
LIQUIDBETF, EQ, 08-May-2026,1080.42,1080.83,1080.85,1080.83,1080.85,1080.84,1080.84,192483,2080.43,141,114295.0, 59.38,2026-05-08
LIQUIDCASE, EQ, 08-May-2026,113.94,113.98,114.0,113.98,113.98,113.99,113.99,17651049,20120.89,10636,14875720.0, 84.28,2026-05-08
LIQUIDETF, EQ, 08-May-2026,1000.0,1000.0,1000.01,999.99,1000.0,1000.0,1000.0,51879,518.79,148,33284.0, 64.16,2026-05-08
LIQUIDIETF, EQ, 08-May-2026,999.99,999.99,1000.05,999.99,1000.0,999.99,1000.0,359364,3593.64,387,178864.0, 49.77,2026-05-08
LIQUIDPLUS, EQ, 08-May-2026,1084.16,1084.59,1084.61,1084.59,1084.6,1084.6,1084.6,119511,1296.22,276,86124.0, 72.06,2026-05-08
LIQUIDSBI, EQ, 08-May-2026,1000.0,1000.0,1000.01,999.99,1000.01,1000.0,1000.0,6364,63.64,41,4688.0, 73.66,2026-05-08
LIQUIDSHRI, EQ, 08-May-2026,1103.21,1103.62,1103.64,1103.62,1103.62,1103.63,1103.63,7440,82.11,27,5340.0, 71.77,2026-05-08
LLOYDSENGG, EQ, 08-May-2026,61.27,61.88,64.5,61.54,63.2,62.87,63.46,15065164,9560.41,47269,5128300.0, 34.04,2026-05-08
LLOYDSENT, EQ, 08-May-2026,69.88,69.75,73.73,69.5,71.02,71.64,72.15,8711758,6285.53,34126,2121472.0, 24.35,2026-05-08
LLOYDSME, EQ, 08-May-2026,1726.7,1726.2,1755.0,1702.7,1740.0,1736.3,1730.13,510382,8830.29,25003,243521.0, 47.71,2026-05-08
LMW, EQ, 08-May-2026,15010.0,14980.0,15246.0,14831.0,15029.0,14972.0,15014.33,3296,494.87,1147,1552.0, 47.09,2026-05-08
LODHA, EQ, 08-May-2026,967.35,967.35,974.9,956.35,960.6,962.1,965.29,1812273,17493.69,41440,851998.0, 47.01,2026-05-08
LOKESHMACH, BE, 08-May-2026,265.31,265.0,268.0,255.6,268.0,267.14,264.13,13933,36.8,191,, -,2026-05-08
LORDSCHLO, EQ, 08-May-2026,147.18,147.92,148.0,142.52,146.0,145.86,146.08,7188,10.5,229,5510.0, 76.66,2026-05-08
LOTUSDEV, EQ, 08-May-2026,147.19,148.0,148.65,144.79,146.68,146.83,146.9,621067,912.32,6032,309712.0, 49.87,2026-05-08
LOTUSEYE, EQ, 08-May-2026,116.99,116.1,117.69,115.2,115.65,116.39,115.68,7651,8.85,145,6654.0, 86.97,2026-05-08
LOVABLE, EQ, 08-May-2026,74.72,74.71,75.95,74.02,74.7,74.63,74.97,9647,7.23,145,6126.0, 63.50,2026-05-08
LOWVOL, EQ, 08-May-2026,204.85,204.36,204.42,203.23,204.42,204.42,203.78,155,0.32,6,82.0, 52.90,2026-05-08
LOWVOL1, EQ, 08-May-2026,20.83,20.7,21.09,20.55,21.08,20.78,20.8,108801,22.64,141,100988.0, 92.82,2026-05-08
LOWVOLIETF, EQ, 08-May-2026,21.88,22.54,22.54,21.71,21.89,21.85,21.86,423254,92.51,1059,325661.0, 76.94,2026-05-08
LOYALTEX, BE, 08-May-2026,234.87,233.7,244.9,232.0,232.0,232.03,234.34,404,0.95,19,, -,2026-05-08
LPDC, BE, 08-May-2026,7.78,7.75,7.8,7.5,7.52,7.52,7.62,17224,1.31,62,, -,2026-05-08
LRRPL, SM, 08-May-2026,74.05,74.75,77.25,74.0,77.25,77.25,75.49,15000,11.32,10,13500.0, 90.00,2026-05-08
LT, EQ, 08-May-2026,4023.0,4010.0,4014.0,3960.0,3978.0,3974.5,3978.94,1620273,64469.67,115318,889072.0, 54.87,2026-05-08
LTF, EQ, 08-May-2026,303.65,303.0,305.2,300.7,302.85,303.4,302.98,2525155,7650.82,29295,1049103.0, 41.55,2026-05-08
LTFOODS, EQ, 08-May-2026,432.2,432.2,432.25,427.0,427.9,429.9,429.99,202846,872.22,11070,101924.0, 50.25,2026-05-08
LTGILTBEES, EQ, 08-May-2026,29.27,28.39,29.32,28.39,29.22,29.23,29.24,1136460,332.33,600,624322.0, 54.94,2026-05-08
LTGILTCASE, EQ, 08-May-2026,29.86,30.3,30.3,29.4,29.82,29.81,29.82,129660,38.67,186,127992.0, 98.71,2026-05-08
LTM, EQ, 08-May-2026,4250.0,4254.5,4374.4,4239.2,4360.0,4349.8,4328.14,287392,12438.72,27409,102209.0, 35.56,2026-05-08
LTTS, EQ, 08-May-2026,3772.9,3795.0,3847.9,3774.1,3816.0,3802.6,3807.72,88953,3387.08,17529,25568.0, 28.74,2026-05-08
LUMAXIND, EQ, 08-May-2026,5424.0,5342.5,5820.0,5342.5,5631.0,5760.0,5636.81,68156,3841.83,12157,32771.0, 48.08,2026-05-08
LUMAXTECH, EQ, 08-May-2026,1707.3,1707.3,1759.7,1700.0,1741.8,1736.1,1736.48,210446,3654.35,17877,80131.0, 38.08,2026-05-08
LUPIN, EQ, 08-May-2026,2460.1,2425.0,2475.0,2347.9,2373.0,2379.5,2406.07,3207239,77168.45,169452,1057473.0, 32.97,2026-05-08
LUXIND, EQ, 08-May-2026,1508.9,1584.3,1584.3,1539.1,1562.9,1563.1,1578.59,222085,3505.82,4100,90317.0, 40.67,2026-05-08
LXCHEM, EQ, 08-May-2026,163.92,162.05,172.34,162.05,165.0,164.84,167.63,2672576,4479.96,22368,1052450.0, 39.38,2026-05-08
LYKALABS, BE, 08-May-2026,62.27,62.27,65.38,62.27,65.38,65.38,65.0,26774,17.4,188,, -,2026-05-08
LYPSAGEMS, EQ, 08-May-2026,5.3,5.4,5.4,5.27,5.3,5.3,5.32,15296,0.81,65,12240.0, 80.02,2026-05-08
M&M, EQ, 08-May-2026,3370.7,3357.8,3363.0,3317.6,3331.5,3330.4,3342.84,2071348,69241.8,123714,1203830.0, 58.12,2026-05-08
M&MFIN, EQ, 08-May-2026,328.45,327.0,341.0,323.8,337.2,339.1,335.74,3837350,12883.57,48108,1835508.0, 47.83,2026-05-08
MAANALU, EQ, 08-May-2026,149.52,148.11,151.4,148.11,148.5,148.47,149.4,88527,132.26,1417,51818.0, 58.53,2026-05-08
MACOBSTECH, SM, 08-May-2026,223.8,224.0,243.0,224.0,242.0,241.6,238.96,197600,472.19,80,128000.0, 64.78,2026-05-08
MACPOWER, EQ, 08-May-2026,1235.1,1241.3,1250.0,1204.5,1217.0,1215.5,1222.68,17802,217.66,1857,9332.0, 52.42,2026-05-08
MADHAV, EQ, 08-May-2026,38.49,37.51,39.9,37.0,39.85,38.9,38.36,6728,2.58,133,3771.0, 56.05,2026-05-08
MADHAVBAUG, SM, 08-May-2026,258.8,255.0,255.0,244.3,253.0,253.0,252.07,6800,17.14,13,5200.0, 76.47,2026-05-08
MADHAVIPL, EQ, 08-May-2026,9.24,9.4,9.4,9.15,9.29,9.23,9.24,161129,14.88,422,131704.0, 81.74,2026-05-08
MADHUCON, BE, 08-May-2026,6.02,6.15,6.28,5.77,6.24,6.17,6.1,54549,3.33,115,, -,2026-05-08
MADHUSUDAN, SM, 08-May-2026,158.0,150.2,160.0,150.2,160.0,160.0,157.98,20000,31.6,20,12000.0, 60.00,2026-05-08
MADRASFERT, EQ, 08-May-2026,70.15,69.66,71.44,69.46,69.46,69.64,70.03,73402,51.4,861,37017.0, 50.43,2026-05-08
MAFANG, EQ, 08-May-2026,187.05,182.37,189.54,182.37,189.54,189.54,189.54,626727,1187.9,9107,620737.0, 99.04,2026-05-08
MAFATIND, EQ, 08-May-2026,142.77,142.77,144.3,141.26,143.0,142.91,142.95,29544,42.23,844,21184.0, 71.70,2026-05-08
MAGADSUGAR, EQ, 08-May-2026,530.7,525.55,531.75,508.0,512.0,512.25,517.85,27805,143.99,1406,16896.0, 60.77,2026-05-08
MAGNUM, BE, 08-May-2026,21.39,21.49,21.8,20.7,21.0,21.14,21.24,12002,2.55,74,, -,2026-05-08
MAGSON, ST, 08-May-2026,179.0,179.0,179.0,179.0,179.0,179.0,179.0,2000,3.58,1,2000.0, 100.00,2026-05-08
MAHABANK, EQ, 08-May-2026,85.31,85.31,85.31,82.67,83.9,83.9,83.75,19633062,16443.24,78678,8883554.0, 45.25,2026-05-08
MAHAPEXLTD, EQ, 08-May-2026,54.78,54.35,54.75,52.23,53.0,53.34,53.28,25399,13.53,637,15469.0, 60.90,2026-05-08
MAHASTEEL, BE, 08-May-2026,837.25,839.95,839.95,811.5,818.1,822.5,819.98,635,5.21,53,, -,2026-05-08
MAHEPC, EQ, 08-May-2026,121.69,120.2,125.0,120.2,123.5,123.91,123.23,95991,118.29,1761,48139.0, 50.15,2026-05-08
MAHESHWARI, EQ, 08-May-2026,54.11,53.11,54.9,52.9,54.9,54.16,54.28,15020,8.15,139,12836.0, 85.46,2026-05-08
MAHICKRA, ST, 08-May-2026,244.35,232.25,252.0,232.25,252.0,252.0,240.13,5250,12.61,7,5250.0, 100.00,2026-05-08
MAHKTECH, EQ, 08-May-2026,24.09,24.12,24.12,24.12,24.12,24.12,24.12,108528,26.18,280,108528.0, 100.00,2026-05-08
MAHLIFE, EQ, 08-May-2026,345.05,344.9,344.9,331.0,333.0,334.7,334.68,260325,871.26,10550,133886.0, 51.43,2026-05-08
MAHLOG, EQ, 08-May-2026,400.85,398.5,402.0,396.0,396.0,397.15,398.45,68348,272.33,2574,35204.0, 51.51,2026-05-08
MAHSCOOTER, EQ, 08-May-2026,12817.0,12918.0,13075.0,12589.0,12920.0,12920.0,12885.18,5122,659.98,1775,2515.0, 49.10,2026-05-08
MAHSEAMLES, EQ, 08-May-2026,652.5,652.5,662.0,641.3,655.0,650.25,652.42,118881,775.6,7994,58116.0, 48.89,2026-05-08
MAITHANALL, EQ, 08-May-2026,1023.55,1015.1,1050.0,1015.1,1030.0,1024.9,1031.07,54091,557.71,3007,29521.0, 54.58,2026-05-08
MAITREYA, SM, 08-May-2026,182.9,205.0,205.0,177.0,177.5,177.5,183.29,7200,13.2,18,4000.0, 55.56,2026-05-08
MAJESAUT, EQ, 08-May-2026,321.3,321.3,321.3,314.05,321.0,320.15,317.88,384,1.22,33,340.0, 88.54,2026-05-08
MAKEINDIA, EQ, 08-May-2026,163.68,167.77,167.77,162.48,162.88,163.01,163.07,39723,64.78,503,32893.0, 82.81,2026-05-08
MAKS, SM, 08-May-2026,26.0,26.0,26.0,26.0,26.0,26.0,26.0,3000,0.78,2,3000.0, 100.00,2026-05-08
MALLCOM, EQ, 08-May-2026,1082.9,1096.8,1111.0,1068.8,1094.0,1082.8,1093.96,4049,44.29,449,2114.0, 52.21,2026-05-08
MALUPAPER, EQ, 08-May-2026,34.37,34.5,34.5,33.5,34.0,34.0,33.9,3345,1.13,71,2509.0, 75.01,2026-05-08
MAMATA, EQ, 08-May-2026,431.95,431.5,434.15,421.0,422.0,422.1,426.44,67534,287.99,1598,37674.0, 55.79,2026-05-08
MANAKALUCO, EQ, 08-May-2026,35.75,38.0,38.29,36.5,36.99,36.79,37.19,152759,56.81,1157,85814.0, 56.18,2026-05-08
MANAKCOAT, EQ, 08-May-2026,102.77,103.8,106.79,101.04,105.3,105.01,103.95,372835,387.58,2644,114575.0, 30.73,2026-05-08
MANAKSIA, EQ, 08-May-2026,62.08,62.2,63.0,60.51,61.99,61.46,61.6,14515,8.94,342,11444.0, 78.84,2026-05-08
MANAKSTEEL, BE, 08-May-2026,66.34,66.01,66.79,65.1,66.0,66.29,65.88,10901,7.18,99,, -,2026-05-08
MANALIPETC, EQ, 08-May-2026,56.65,56.65,57.42,55.1,56.6,56.7,56.74,170312,96.63,1835,95269.0, 55.94,2026-05-08
MANAPPURAM, EQ, 08-May-2026,316.3,317.0,317.75,311.5,315.0,316.0,315.19,2596438,8183.71,24615,1034484.0, 39.84,2026-05-08
MANAV, ST, 08-May-2026,39.75,41.5,41.5,41.5,41.5,41.5,41.5,4000,1.66,1,4000.0, 100.00,2026-05-08
MANBA, EQ, 08-May-2026,116.33,116.0,117.18,115.3,115.95,116.39,116.04,53655,62.26,749,22709.0, 42.32,2026-05-08
MANCREDIT, EQ, 08-May-2026,170.56,171.99,173.0,169.05,169.4,170.19,171.21,23638,40.47,289,1993.0, 8.43,2026-05-08
MANDEEP, SM, 08-May-2026,22.0,22.95,22.95,21.9,21.9,21.9,22.43,4000,0.9,2,2000.0, 50.00,2026-05-08
MANGALAM, BE, 08-May-2026,29.73,30.32,30.32,30.32,30.32,30.32,30.32,43916,13.32,31,, -,2026-05-08
MANGLMCEM, EQ, 08-May-2026,925.7,921.3,937.9,918.7,933.5,932.8,929.29,59332,551.37,1882,37130.0, 62.58,2026-05-08
MANILAM, SM, 08-May-2026,62.15,59.0,67.0,59.0,64.25,65.85,64.63,90000,58.17,38,78000.0, 86.67,2026-05-08
MANINDS, EQ, 08-May-2026,534.5,541.9,547.0,522.8,530.0,529.8,534.75,435456,2328.58,8891,208723.0, 47.93,2026-05-08
MANINFRA, EQ, 08-May-2026,134.76,134.61,138.69,134.0,134.2,134.73,136.87,3998025,5472.08,18648,1154918.0, 28.89,2026-05-08
MANKIND, EQ, 08-May-2026,2375.2,2377.8,2464.9,2377.8,2423.0,2430.8,2435.16,1078929,26273.59,60915,463993.0, 43.00,2026-05-08
MANOMAY, EQ, 08-May-2026,193.17,199.8,202.99,189.5,190.0,191.64,194.74,100647,196.0,1627,46882.0, 46.58,2026-05-08
MANORAMA, EQ, 08-May-2026,1607.5,1616.2,1617.0,1569.2,1575.0,1576.2,1585.74,168012,2664.23,12681,100785.0, 59.99,2026-05-08
MANORG, EQ, 08-May-2026,572.75,572.75,615.15,572.75,595.0,600.35,598.77,17066,102.19,1472,10311.0, 60.42,2026-05-08
MANUFGBEES, EQ, 08-May-2026,161.26,161.0,161.41,160.32,160.65,160.67,160.9,3965,6.38,122,3907.0, 98.54,2026-05-08
MANUGRAPH, EQ, 08-May-2026,14.32,14.32,14.88,13.98,14.1,14.3,14.58,21484,3.13,244,13361.0, 62.19,2026-05-08
MANYAVAR, EQ, 08-May-2026,446.1,447.0,465.95,441.0,458.0,457.75,453.29,1023812,4640.85,28814,299326.0, 29.24,2026-05-08
MAPMYINDIA, EQ, 08-May-2026,968.1,970.0,970.4,953.35,957.0,956.45,960.73,68883,661.78,6562,30310.0, 44.00,2026-05-08
MARALOVER, EQ, 08-May-2026,47.89,51.4,57.46,50.5,57.46,57.46,55.75,336560,187.62,2085,201875.0, 59.98,2026-05-08
MARATHON, EQ, 08-May-2026,518.85,518.0,520.0,508.75,510.0,511.25,513.79,83099,426.95,1228,65967.0, 79.38,2026-05-08
MARC, ST, 08-May-2026,92.75,92.4,93.05,90.55,93.05,92.8,92.32,18000,16.62,14,15600.0, 86.67,2026-05-08
MARCO, SM, 08-May-2026,40.45,39.0,39.0,38.8,38.8,38.9,38.95,6000,2.34,4,3000.0, 50.00,2026-05-08
MARICO, EQ, 08-May-2026,832.15,832.15,836.5,825.1,830.5,831.3,830.75,1489246,12371.92,43514,1072725.0, 72.03,2026-05-08
MARINE, EQ, 08-May-2026,235.72,235.03,249.25,231.93,243.0,242.92,243.73,1099175,2679.06,14381,565756.0, 51.47,2026-05-08
MARKOLINES, EQ, 08-May-2026,158.59,160.0,162.24,158.95,159.0,160.16,160.98,426824,687.11,2462,139650.0, 32.72,2026-05-08
MARKSANS, EQ, 08-May-2026,203.02,204.0,205.9,197.22,197.5,197.76,200.6,1564453,3138.26,28307,777063.0, 49.67,2026-05-08
MARSONS, EQ, 08-May-2026,170.76,171.4,175.0,160.0,160.94,160.59,166.79,3370643,5621.98,15839,739961.0, 21.95,2026-05-08
MARUSHIKA, SM, 08-May-2026,93.5,92.3,92.3,90.0,90.0,90.4,91.59,25200,23.08,13,22800.0, 90.48,2026-05-08
MARUTI, EQ, 08-May-2026,13770.0,13672.0,13789.0,13626.0,13722.0,13726.0,13705.93,270505,37075.21,49282,130911.0, 48.40,2026-05-08
MASFIN, EQ, 08-May-2026,347.25,347.6,349.75,342.5,347.0,346.75,347.05,89868,311.89,5776,52170.0, 58.05,2026-05-08
MASKINVEST, BE, 08-May-2026,160.93,152.89,165.98,152.89,152.9,152.9,153.61,1395,2.14,42,, -,2026-05-08
MASON, SM, 08-May-2026,128.0,127.25,133.75,127.1,129.7,129.25,128.43,25500,32.75,40,21000.0, 82.35,2026-05-08
MASPTOP50, EQ, 08-May-2026,78.7,79.86,79.86,78.7,79.86,79.86,79.86,543799,434.27,3791,539492.0, 99.21,2026-05-08
MASTEK, EQ, 08-May-2026,1687.3,1690.0,1715.0,1680.1,1680.1,1683.1,1698.47,43838,744.58,6803,19547.0, 44.59,2026-05-08
MASTER, SM, 08-May-2026,368.2,360.0,360.0,349.8,349.8,349.9,350.91,5000,17.55,10,3000.0, 60.00,2026-05-08
MASTERTR, EQ, 08-May-2026,86.82,86.82,91.33,86.62,88.51,90.18,89.25,299921,267.67,2547,55936.0, 18.65,2026-05-08
MATRIMONY, EQ, 08-May-2026,433.1,433.2,458.1,427.1,449.0,445.65,440.07,5418,23.84,375,3919.0, 72.33,2026-05-08
MAWANASUG, BE, 08-May-2026,114.45,109.15,115.0,109.15,110.7,111.41,111.78,62298,69.64,456,, -,2026-05-08
MAXESTATES, EQ, 08-May-2026,418.9,418.75,419.0,403.0,403.5,408.05,412.28,21974,90.59,1706,10113.0, 46.02,2026-05-08
MAXHEALTH, EQ, 08-May-2026,1015.3,1013.6,1024.6,1007.4,1013.0,1012.5,1014.89,1835293,18626.17,63338,1133871.0, 61.78,2026-05-08
MAXIND, EQ, 08-May-2026,173.03,173.87,181.9,172.01,178.0,179.68,177.62,80446,142.89,1304,43774.0, 54.41,2026-05-08
MAXPOSURE, SM, 08-May-2026,39.75,40.85,41.0,40.85,41.0,40.9,40.9,4000,1.64,4,4000.0, 100.00,2026-05-08
MAXVOLT, SM, 08-May-2026,428.95,438.0,450.35,435.0,444.95,443.8,444.69,90000,400.22,189,57200.0, 63.56,2026-05-08
MAYURUNIQ, EQ, 08-May-2026,605.1,607.0,637.0,601.0,630.0,629.4,621.88,436259,2713.01,11326,260347.0, 59.68,2026-05-08
MAZDA, EQ, 08-May-2026,216.3,217.3,217.3,210.6,210.81,212.27,213.87,14553,31.12,766,8650.0, 59.44,2026-05-08
MAZDOCK, EQ, 08-May-2026,2683.3,2683.3,2698.4,2641.1,2656.8,2657.3,2664.81,1381127,36804.46,47936,399980.0, 28.96,2026-05-08
MBAPL, EQ, 08-May-2026,576.7,570.05,585.0,569.95,569.95,574.2,578.85,105128,608.54,4298,50640.0, 48.17,2026-05-08
MBEL, EQ, 08-May-2026,326.5,326.0,328.65,320.4,322.6,322.1,322.74,86000,277.56,3855,50502.0, 58.72,2026-05-08
MBLINFRA, BE, 08-May-2026,27.88,27.88,29.0,27.6,28.0,27.98,28.33,198468,56.23,211,, -,2026-05-08
MCCHRLS-B, EQ, 08-May-2026,690.0,690.0,690.0,630.0,689.0,687.65,650.02,421,2.74,58,357.0, 84.80,2026-05-08
MCL, BE, 08-May-2026,59.97,61.16,61.16,61.16,61.16,61.16,61.16,14649,8.96,108,, -,2026-05-08
MCLEODRUSS, BE, 08-May-2026,60.57,60.6,60.6,58.8,59.15,59.6,59.54,268807,160.04,615,, -,2026-05-08
MCLOUD, EQ, 08-May-2026,27.27,27.05,28.75,27.05,27.4,27.34,27.92,2849550,795.68,8263,1051540.0, 36.90,2026-05-08
MCON, SM, 08-May-2026,57.05,57.05,57.05,57.0,57.0,57.0,57.04,4000,2.28,4,4000.0, 100.00,2026-05-08
MCX, EQ, 08-May-2026,3042.6,3069.0,3136.0,3022.4,3098.0,3097.8,3097.6,3775007,116934.51,158485,1552674.0, 41.13,2026-05-08
MDL, SM, 08-May-2026,46.7,45.05,46.15,43.7,46.15,46.15,45.13,8000,3.61,7,7000.0, 87.50,2026-05-08
MEDANTA, EQ, 08-May-2026,1206.9,1213.9,1214.9,1182.8,1202.0,1200.6,1195.14,227835,2722.94,36484,138972.0, 61.00,2026-05-08
MEDIASSIST, EQ, 08-May-2026,377.65,377.0,384.7,374.9,376.0,376.8,379.52,153883,584.01,5162,79280.0, 51.52,2026-05-08
MEDICAMEQ, EQ, 08-May-2026,294.25,294.9,299.7,283.2,292.5,294.3,289.83,11812,34.23,523,7409.0, 62.72,2026-05-08
MEDICO, EQ, 08-May-2026,42.03,42.6,42.6,41.16,41.6,41.87,41.87,110492,46.26,345,94999.0, 85.98,2026-05-08
MEDIORG, SM, 08-May-2026,29.2,27.0,29.2,26.75,29.0,29.0,27.94,14000,3.91,7,8000.0, 57.14,2026-05-08
MEDISTEP, ST, 08-May-2026,23.15,22.0,22.05,22.0,22.0,22.0,22.01,15000,3.3,5,9000.0, 60.00,2026-05-08
MEDPLUS, EQ, 08-May-2026,881.5,880.85,880.85,863.65,874.1,874.7,871.49,49265,429.34,7276,28966.0, 58.80,2026-05-08
MEESHO, EQ, 08-May-2026,198.79,198.79,202.0,193.26,200.5,200.02,198.25,34647811,68689.53,189737,4743864.0, 13.69,2026-05-08
MEGAFLEX, ST, 08-May-2026,151.0,148.0,148.0,148.0,148.0,148.0,148.0,1000,1.48,1,1000.0, 100.00,2026-05-08
MEGASTAR, EQ, 08-May-2026,298.95,289.1,312.0,282.0,311.45,308.7,299.74,84919,254.54,834,55675.0, 65.56,2026-05-08
MEGATHERM, SM, 08-May-2026,256.55,256.55,290.0,256.55,290.0,285.95,271.93,52000,141.4,83,37600.0, 72.31,2026-05-08
MEIL, BE, 08-May-2026,342.65,345.6,353.7,336.0,349.0,341.6,344.18,72103,248.17,967,, -,2026-05-08
MENNPIS, EQ, 08-May-2026,58.67,59.0,59.35,57.51,58.67,58.46,58.42,4085,2.39,207,3583.0, 87.71,2026-05-08
MENONBE, EQ, 08-May-2026,137.02,136.3,143.0,135.41,141.93,141.31,140.31,213752,299.91,4310,115741.0, 54.15,2026-05-08
MEP, BZ, 08-May-2026,1.08,1.1,1.1,1.08,1.1,1.09,1.1,90418,0.99,56,, -,2026-05-08
MERCANTILE, EQ, 08-May-2026,24.85,25.99,29.82,23.42,27.25,29.0,27.22,111705,30.41,915,32319.0, 28.93,2026-05-08
METAL, EQ, 08-May-2026,13.27,13.27,13.45,13.1,13.15,13.12,13.17,3767105,496.21,6422,2572594.0, 68.29,2026-05-08
METALIETF, EQ, 08-May-2026,13.24,12.9,13.34,12.9,13.13,13.15,13.17,7394408,973.91,11318,3609029.0, 48.81,2026-05-08
METROBRAND, EQ, 08-May-2026,1030.4,1025.0,1073.9,1022.0,1027.5,1032.1,1048.11,57324,600.82,7453,23689.0, 41.32,2026-05-08
METROGLOBL, EQ, 08-May-2026,126.03,126.03,133.08,126.03,130.0,130.92,130.12,456,0.59,22,456.0, 100.00,2026-05-08
METROPOLIS, EQ, 08-May-2026,505.6,511.0,574.9,511.0,549.0,549.5,555.31,9341039,51871.94,211743,1279017.0, 13.69,2026-05-08
MFML, EQ, 08-May-2026,24.58,24.58,25.87,24.58,25.86,25.21,25.04,2775,0.69,76,2710.0, 97.66,2026-05-08
MFSL, EQ, 08-May-2026,1707.4,1718.8,1718.8,1686.1,1695.0,1699.7,1697.21,634495,10768.72,40682,377308.0, 59.47,2026-05-08
MGEL, EQ, 08-May-2026,14.17,14.17,14.34,14.01,14.18,14.23,14.2,257881,36.61,1307,107889.0, 41.84,2026-05-08
MGL, EQ, 08-May-2026,1179.8,1140.0,1179.2,1131.1,1173.5,1172.9,1159.06,360589,4179.43,18360,105160.0, 29.16,2026-05-08
MGSL, SM, 08-May-2026,82.5,82.5,82.5,82.5,82.5,82.5,82.5,2400,1.98,2,2400.0, 100.00,2026-05-08
MHHL, SM, 08-May-2026,42.55,43.0,43.0,43.0,43.0,43.0,43.0,1500,0.65,1,1500.0, 100.00,2026-05-08
MHLXMIRU, EQ, 08-May-2026,181.98,182.0,188.0,181.0,187.0,186.09,184.69,2743,5.07,138,1663.0, 60.63,2026-05-08
MHRIL, EQ, 08-May-2026,241.97,243.3,244.25,239.11,239.99,239.46,240.75,161482,388.76,6275,110846.0, 68.64,2026-05-08
MICEL, EQ, 08-May-2026,52.5,52.44,57.6,51.22,55.05,55.07,55.73,14822459,8259.98,40108,2946384.0, 19.88,2026-05-08
MID150, EQ, 08-May-2026,23.15,23.13,23.23,22.92,23.2,23.1,23.09,68318,15.78,240,58502.0, 85.63,2026-05-08
MID150BEES, EQ, 08-May-2026,235.68,234.56,236.75,234.5,235.35,235.44,235.52,860127,2025.81,7203,610888.0, 71.02,2026-05-08
MID150CASE, EQ, 08-May-2026,11.43,11.47,11.48,11.28,11.44,11.42,11.42,1898059,216.8,4011,1223730.0, 64.47,2026-05-08
MIDCAP, EQ, 08-May-2026,17.99,18.1,18.14,17.86,18.09,18.0,17.99,567560,102.13,1003,397072.0, 69.96,2026-05-08
MIDCAPADD, EQ, 08-May-2026,22.76,22.76,22.89,22.73,22.89,22.77,22.81,7715,1.76,45,6651.0, 86.21,2026-05-08
MIDCAPBETA, EQ, 08-May-2026,230.1,230.5,230.71,229.0,230.22,229.09,230.02,10231,23.53,57,7506.0, 73.37,2026-05-08
MIDCAPETF, EQ, 08-May-2026,23.29,23.29,23.33,23.2,23.23,23.27,23.27,3002187,698.53,6802,2186793.0, 72.84,2026-05-08
MIDCAPIETF, EQ, 08-May-2026,23.6,23.75,23.77,23.5,23.57,23.55,23.58,942445,222.23,3102,580088.0, 61.55,2026-05-08
MIDHANI, EQ, 08-May-2026,413.7,414.5,438.7,406.1,421.85,421.25,423.21,3084149,13052.51,56909,1058344.0, 34.32,2026-05-08
MIDQ50ADD, EQ, 08-May-2026,246.88,247.11,248.09,244.03,245.0,246.7,247.54,5585,13.83,105,4916.0, 88.02,2026-05-08
MIDSELIETF, EQ, 08-May-2026,18.51,18.58,18.6,18.45,18.55,18.53,18.51,214614,39.73,684,149997.0, 69.89,2026-05-08
MIDSMALL, EQ, 08-May-2026,51.5,51.5,51.57,51.29,51.44,51.38,51.46,400844,206.28,1064,269615.0, 67.26,2026-05-08
MIDWESTLTD, EQ, 08-May-2026,1379.3,1398.0,1423.0,1370.0,1388.0,1387.9,1392.4,55039,766.36,3084,26087.0, 47.40,2026-05-08
MIEL, SM, 08-May-2026,16.55,17.3,17.35,17.3,17.35,17.35,17.34,16000,2.77,6,14000.0, 87.50,2026-05-08
MILTON, SM, 08-May-2026,49.85,50.0,50.0,47.4,47.4,47.4,48.7,8800,4.29,3,8800.0, 100.00,2026-05-08
MINDACORP, EQ, 08-May-2026,536.7,536.7,542.8,531.6,537.8,537.5,537.23,207988,1117.38,11208,102518.0, 49.29,2026-05-08
MINDSPACE, RR, 08-May-2026,462.23,464.39,469.95,458.57,464.0,464.91,463.18,205556,952.1,8467,168057.0, 81.76,2026-05-08
MINDTECK, EQ, 08-May-2026,215.39,210.0,224.4,210.0,220.0,219.93,220.74,173665,383.35,2645,78575.0, 45.25,2026-05-08
MIRCELECTR, EQ, 08-May-2026,39.75,41.75,44.75,40.5,42.44,42.73,42.94,31100799,13353.87,101875,4178316.0, 13.43,2026-05-08
MIRZAINT, EQ, 08-May-2026,33.54,33.5,33.8,33.21,33.54,33.52,33.5,60149,20.15,688,29372.0, 48.83,2026-05-08
MITCON, EQ, 08-May-2026,87.76,84.4,89.9,83.35,83.5,84.0,85.25,8559,7.3,124,6365.0, 74.37,2026-05-08
MITTAL, EQ, 08-May-2026,0.9,0.9,0.97,0.9,0.96,0.95,0.94,805863,7.57,438,598622.0, 74.28,2026-05-08
MKPL, EQ, 08-May-2026,5.22,5.29,5.29,5.2,5.26,5.25,5.25,106670,5.6,347,92963.0, 87.15,2026-05-08
MMFL, EQ, 08-May-2026,496.5,495.5,501.0,490.0,494.0,493.7,496.7,35659,177.12,1712,18812.0, 52.76,2026-05-08
MMP, EQ, 08-May-2026,295.98,295.78,295.78,288.1,291.44,289.22,290.51,28469,82.71,860,15299.0, 53.74,2026-05-08
MMTC, EQ, 08-May-2026,66.82,66.99,69.34,66.83,68.15,67.79,67.91,4884361,3317.13,17761,1622468.0, 33.22,2026-05-08
MMWL, EQ, 08-May-2026,16.16,15.77,15.85,14.76,15.22,15.15,15.17,519462,78.82,1009,247709.0, 47.69,2026-05-08
MNC, EQ, 08-May-2026,34.45,34.45,34.45,33.25,33.85,33.43,33.41,586841,196.08,1560,400854.0, 68.31,2026-05-08
MOALPHA50, EQ, 08-May-2026,52.87,52.69,52.97,52.62,52.83,52.81,52.82,7797,4.12,49,7462.0, 95.70,2026-05-08
MOBANK10, EQ, 08-May-2026,16.65,16.65,16.65,16.34,16.38,16.39,16.42,10309,1.69,55,6000.0, 58.20,2026-05-08
MOBIKWIK, EQ, 08-May-2026,214.74,214.39,220.89,212.25,218.01,217.8,217.19,2388317,5187.17,20748,710488.0, 29.75,2026-05-08
MOBILISE, ST, 08-May-2026,102.25,107.35,107.35,107.0,107.35,107.35,107.27,84800,90.96,33,81600.0, 96.23,2026-05-08
MOCAPITAL, EQ, 08-May-2026,55.51,55.77,56.15,55.0,55.7,55.66,55.69,1302846,725.57,3879,881833.0, 67.69,2026-05-08
MODEFENCE, EQ, 08-May-2026,103.57,103.57,104.44,102.83,103.4,103.28,103.69,3049791,3162.48,12479,1714910.0, 56.23,2026-05-08
MODINATUR, EQ, 08-May-2026,370.8,370.0,376.0,367.5,370.35,374.2,373.93,10057,37.61,420,7785.0, 77.41,2026-05-08
MODIRUBBER, EQ, 08-May-2026,142.48,143.99,152.0,140.1,142.11,142.86,146.91,32559,47.83,727,7823.0, 24.03,2026-05-08
MODIS, EQ, 08-May-2026,370.05,371.1,385.4,363.0,367.85,368.85,370.81,317989,1179.13,3102,273247.0, 85.93,2026-05-08
MODISONLTD, EQ, 08-May-2026,163.54,165.17,167.0,163.01,167.0,166.06,164.68,50963,83.92,1344,26282.0, 51.57,2026-05-08
MODTHREAD, EQ, 08-May-2026,47.19,45.56,49.09,45.5,46.8,46.8,45.94,110,0.05,12,58.0, 52.73,2026-05-08
MOENERGY, EQ, 08-May-2026,41.3,41.7,42.05,40.74,40.9,40.9,40.95,198905,81.45,1320,145501.0, 73.15,2026-05-08
MOGOLD, EQ, 08-May-2026,149.3,149.85,150.5,148.25,150.5,149.1,148.83,59395,88.39,712,8125.0, 13.68,2026-05-08
MOGSEC, EQ, 08-May-2026,63.86,63.8,63.86,63.65,63.8,63.8,63.79,401,0.26,30,400.0, 99.75,2026-05-08
MOHEALTH, EQ, 08-May-2026,46.82,47.1,47.26,46.12,46.98,47.01,47.11,133150,62.73,853,110040.0, 82.64,2026-05-08
MOHITIND, EQ, 08-May-2026,24.5,24.8,25.0,24.2,24.8,24.74,24.71,5580,1.38,82,2780.0, 49.82,2026-05-08
MOIL, EQ, 08-May-2026,316.6,316.25,321.5,311.35,314.65,315.35,315.79,916030,2892.77,17293,289034.0, 31.55,2026-05-08
MOINFRA, EQ, 08-May-2026,65.09,65.03,65.2,64.51,64.86,64.74,64.8,3301,2.14,63,2215.0, 67.10,2026-05-08
MOIPO, EQ, 08-May-2026,44.35,44.48,44.64,44.38,44.45,44.54,44.43,1599,0.71,22,1459.0, 91.24,2026-05-08
MOKSH, EQ, 08-May-2026,13.79,14.0,14.2,13.5,13.5,13.54,13.71,94368,12.94,431,66541.0, 70.51,2026-05-08
MOL, EQ, 08-May-2026,59.9,60.15,60.15,58.25,58.8,58.5,58.79,792521,465.91,5099,348254.0, 43.94,2026-05-08
MOLDTECH, EQ, 08-May-2026,131.8,131.17,131.95,128.01,130.84,130.18,129.79,19789,25.68,672,11537.0, 58.30,2026-05-08
MOLDTKPAC, EQ, 08-May-2026,597.15,586.1,605.4,586.1,590.0,589.95,592.08,128695,761.97,5631,93384.0, 72.56,2026-05-08
MOLOWVOL, EQ, 08-May-2026,37.18,37.06,37.23,37.0,37.18,37.17,37.12,343865,127.63,63,228764.0, 66.53,2026-05-08
MOM100, EQ, 08-May-2026,66.71,67.0,67.0,66.45,66.7,66.63,66.66,407281,271.5,2856,226545.0, 55.62,2026-05-08
MOM30IETF, EQ, 08-May-2026,31.83,31.6,31.94,31.6,31.65,31.67,31.71,703392,223.06,2314,490450.0, 69.73,2026-05-08
MOM50, EQ, 08-May-2026,253.11,252.85,252.85,250.69,251.87,251.46,251.7,2928,7.37,171,2067.0, 70.59,2026-05-08
MOMENTUM, EQ, 08-May-2026,31.77,31.86,32.52,31.44,31.99,31.74,31.6,350505,110.74,354,215209.0, 61.40,2026-05-08
MOMENTUM30, EQ, 08-May-2026,31.22,31.6,31.6,31.14,31.2,31.17,31.23,18130,5.66,76,10626.0, 58.61,2026-05-08
MOMENTUM50, EQ, 08-May-2026,53.37,53.03,53.44,53.03,53.33,53.32,53.3,510072,271.88,1757,370042.0, 72.55,2026-05-08
MOMGF, EQ, 08-May-2026,160.26,160.26,160.76,157.53,157.53,158.48,159.68,529,0.84,31,408.0, 77.13,2026-05-08
MOMIDMTM, EQ, 08-May-2026,64.87,64.87,65.84,64.52,64.72,64.71,64.79,102356,66.32,421,81402.0, 79.53,2026-05-08
MOMNC, EQ, 08-May-2026,32.28,32.31,32.44,32.23,32.32,32.32,32.38,3737,1.21,16,3621.0, 96.90,2026-05-08
MOMOMENTUM, EQ, 08-May-2026,63.54,63.54,63.54,62.59,63.11,63.07,63.14,76418,48.25,517,51066.0, 66.82,2026-05-08
MON100, EQ, 08-May-2026,312.5,316.77,316.77,314.43,316.77,316.77,316.76,1264135,4004.23,16881,1230279.0, 97.32,2026-05-08
MON50EQUAL, EQ, 08-May-2026,33.07,33.23,33.23,33.03,33.15,33.17,33.13,4673,1.55,46,3951.0, 84.55,2026-05-08
MONARCH, EQ, 08-May-2026,314.05,315.0,317.0,307.35,309.5,310.1,312.86,37437,117.13,1015,19933.0, 53.24,2026-05-08
MONEXT50, EQ, 08-May-2026,71.66,71.66,71.67,71.08,71.08,71.09,71.33,939,0.67,51,823.0, 87.65,2026-05-08
MONEYBOXX, EQ, 08-May-2026,76.0,75.9,77.97,75.21,76.5,76.97,76.59,33344,25.54,359,23602.0, 70.78,2026-05-08
MONIFTY100, EQ, 08-May-2026,25.43,25.43,25.43,25.23,25.24,25.25,25.28,12894,3.26,70,12893.0, 99.99,2026-05-08
MONIFTY500, EQ, 08-May-2026,23.6,23.71,23.71,23.44,23.5,23.53,23.6,610159,143.99,2009,430403.0, 70.54,2026-05-08
MONOLITH, SM, 08-May-2026,566.75,562.75,579.95,557.0,559.0,564.5,568.58,20750,117.98,75,15000.0, 72.29,2026-05-08
MONQ50, EQ, 08-May-2026,130.65,133.79,133.92,131.3,133.92,133.92,133.91,245744,329.07,2714,238933.0, 97.23,2026-05-08
MONTECARLO, EQ, 08-May-2026,589.0,586.05,589.9,581.7,584.25,584.8,585.68,11567,67.75,996,7080.0, 61.21,2026-05-08
MOPSE, EQ, 08-May-2026,109.62,109.22,109.42,107.0,108.72,108.72,108.77,3703,4.03,34,2147.0, 57.98,2026-05-08
MOQUALITY, EQ, 08-May-2026,206.98,206.63,206.68,205.46,206.2,206.18,206.16,25073,51.69,40,24556.0, 97.94,2026-05-08
MOREALTY, EQ, 08-May-2026,82.64,82.63,82.84,81.96,82.3,82.36,82.41,507564,418.3,2541,259858.0, 51.20,2026-05-08
MOREPENLAB, EQ, 08-May-2026,44.03,44.15,46.56,44.1,45.72,45.64,45.79,9260962,4240.91,27228,3375240.0, 36.45,2026-05-08
MOS, SM, 08-May-2026,12.45,12.5,13.05,12.5,13.05,13.05,12.88,52000,6.7,13,44000.0, 84.62,2026-05-08
MOSCHIP, EQ, 08-May-2026,228.06,226.41,236.7,225.4,227.29,227.65,230.66,6345015,14635.29,57795,1740996.0, 27.44,2026-05-08
MOSERVICE, EQ, 08-May-2026,30.95,30.95,30.95,30.39,30.43,30.44,30.51,13492,4.12,126,13492.0, 100.00,2026-05-08
MOSILVER, EQ, 08-May-2026,246.76,251.75,251.75,243.12,246.51,247.47,247.69,39551,97.96,1431,10771.0, 27.23,2026-05-08
MOSMALL250, EQ, 08-May-2026,17.45,17.57,17.58,17.45,17.52,17.51,17.52,1821329,319.07,2900,1198408.0, 65.80,2026-05-08
MOTHERSON, EQ, 08-May-2026,130.43,130.99,132.76,130.52,131.57,132.03,131.98,17361170,22912.95,167837,7128079.0, 41.06,2026-05-08
MOTILALOFS, EQ, 08-May-2026,891.3,891.3,902.0,880.0,882.0,882.0,890.98,1401493,12487.03,32497,716661.0, 51.14,2026-05-08
MOTISONS, EQ, 08-May-2026,13.25,13.25,13.4,13.16,13.29,13.28,13.26,3147208,417.47,3651,1209914.0, 38.44,2026-05-08
MOTOGENFIN, EQ, 08-May-2026,24.42,24.42,24.42,22.67,23.6,23.61,23.66,30093,7.12,128,20450.0, 67.96,2026-05-08
MOTOUR, EQ, 08-May-2026,75.56,75.56,75.7,75.18,75.59,75.52,75.43,11582,8.74,208,9085.0, 78.44,2026-05-08
MOVALUE, EQ, 08-May-2026,119.38,122.36,122.36,117.25,117.58,117.55,118.06,191461,226.04,1597,154012.0, 80.44,2026-05-08
MPEL, SM, 08-May-2026,45.6,45.9,45.9,45.7,45.7,45.7,45.89,57600,26.44,2,57600.0, 100.00,2026-05-08
MPHASIS, EQ, 08-May-2026,2193.1,2199.0,2228.0,2182.9,2211.5,2214.2,2208.89,271921,6006.44,22399,89021.0, 32.74,2026-05-08
MPSLTD, EQ, 08-May-2026,1645.2,1659.5,1724.0,1645.0,1693.0,1699.0,1695.11,16584,281.12,2433,7699.0, 46.42,2026-05-08
MRF, EQ, 08-May-2026,129965.0,131745.0,132000.0,130135.0,130490.0,130425.0,130713.03,6385,8346.03,4632,2137.0, 33.47,2026-05-08
MRPL, EQ, 08-May-2026,155.35,157.0,169.9,156.9,167.97,167.94,166.81,66142408,110331.66,308248,8876573.0, 13.42,2026-05-08
MSCIADD, EQ, 08-May-2026,29.69,29.5,29.54,29.3,29.3,29.3,29.39,1334,0.39,8,1334.0, 100.00,2026-05-08
MSCIINDIA, EQ, 08-May-2026,29.85,29.86,29.9,29.65,29.82,29.82,29.79,44672,13.31,78,24006.0, 53.74,2026-05-08
MSPL, EQ, 08-May-2026,40.18,41.0,42.18,40.4,42.18,42.18,41.91,1073311,449.84,1081,876706.0, 81.68,2026-05-08
MSTCLTD, EQ, 08-May-2026,454.65,454.7,464.0,454.0,454.0,455.9,458.59,242564,1112.39,5871,122230.0, 50.39,2026-05-08
MSUMI, EQ, 08-May-2026,42.83,42.9,43.2,42.23,42.56,42.5,42.59,7012661,2986.41,40118,3556554.0, 50.72,2026-05-08
MTARTECH, EQ, 08-May-2026,6677.0,6686.0,6759.5,6411.0,6505.0,6470.0,6584.8,602991,39705.77,68429,183502.0, 30.43,2026-05-08
MTEDUCARE, BE, 08-May-2026,1.63,1.7,1.7,1.55,1.56,1.56,1.61,11010,0.18,37,, -,2026-05-08
MTNL, EQ, 08-May-2026,32.39,32.38,33.97,31.5,32.06,32.09,32.69,3005068,982.4,9708,940280.0, 31.29,2026-05-08
MUFIN, EQ, 08-May-2026,118.62,118.8,121.0,117.55,118.52,118.46,118.95,1866203,2219.93,8029,755701.0, 40.49,2026-05-08
MUFTI, EQ, 08-May-2026,82.75,82.74,84.5,82.06,83.68,82.61,83.22,126525,105.3,1641,62930.0, 49.74,2026-05-08
MUKANDLTD, EQ, 08-May-2026,139.28,139.3,140.27,137.26,140.27,139.29,138.98,159901,222.24,1741,81137.0, 50.74,2026-05-08
MUKKA, EQ, 08-May-2026,24.59,24.6,25.1,24.22,24.7,24.63,24.79,376308,93.27,1522,213065.0, 56.62,2026-05-08
MUKTAARTS, EQ, 08-May-2026,57.72,58.5,59.4,56.53,57.0,57.07,57.29,7152,4.1,39,5380.0, 75.22,2026-05-08
MULTICAP, EQ, 08-May-2026,16.45,16.42,16.49,16.39,16.43,16.43,16.45,245659,40.42,486,225497.0, 91.79,2026-05-08
MUNISH, SM, 08-May-2026,75.0,76.0,77.0,68.25,73.5,73.15,74.46,34800,25.91,18,28800.0, 82.76,2026-05-08
MUNJALAU, EQ, 08-May-2026,85.81,86.5,86.7,84.8,85.3,85.35,85.75,86872,74.49,1251,45328.0, 52.18,2026-05-08
MUNJALSHOW, EQ, 08-May-2026,142.47,143.0,144.8,139.0,139.01,139.8,141.32,66002,93.27,1237,38348.0, 58.10,2026-05-08
MURUDCERA, EQ, 08-May-2026,33.89,33.89,34.58,33.42,33.55,33.62,33.87,16051,5.44,163,12066.0, 75.17,2026-05-08
MUTHOOTCAP, EQ, 08-May-2026,228.19,228.0,229.7,223.1,223.36,224.63,224.9,27196,61.16,694,17632.0, 64.83,2026-05-08
MUTHOOTFIN, EQ, 08-May-2026,3584.3,3594.0,3594.0,3514.1,3535.0,3528.9,3525.03,750383,26451.26,35884,521919.0, 69.55,2026-05-08
MUTHOOTMF, EQ, 08-May-2026,208.5,209.0,209.99,199.0,200.49,200.52,203.23,578322,1175.32,7677,281126.0, 48.61,2026-05-08
MVGJL, EQ, 08-May-2026,181.44,183.6,185.05,179.1,179.1,180.4,182.13,55812,101.65,1619,27614.0, 49.48,2026-05-08
MVKAGRO, SM, 08-May-2026,513.85,512.0,530.0,502.35,507.0,506.5,516.59,12000,61.99,37,8400.0, 70.00,2026-05-08
MWL, EQ, 08-May-2026,355.7,361.0,361.0,348.1,348.65,351.25,354.82,28341,100.56,429,18902.0, 66.69,2026-05-08
MYMUDRA, SM, 08-May-2026,79.9,77.05,77.05,77.05,77.05,77.05,77.05,1200,0.92,1,1200.0, 100.00,2026-05-08
NACLIND, EQ, 08-May-2026,180.43,184.7,184.7,176.61,178.5,177.41,180.38,471671,850.82,6663,267437.0, 56.70,2026-05-08
NAGAFERT, BZ, 08-May-2026,3.92,4.0,4.0,3.8,3.89,3.88,3.93,365941,14.39,454,, -,2026-05-08
NAGREEKCAP, BE, 08-May-2026,29.85,30.48,30.48,28.71,30.0,30.0,29.72,3643,1.08,34,, -,2026-05-08
NAGREEKEXP, EQ, 08-May-2026,27.76,28.29,28.4,27.26,28.3,27.95,28.12,2435,0.68,42,1573.0, 64.60,2026-05-08
NAHARCAP, EQ, 08-May-2026,270.0,276.75,281.8,269.0,269.15,269.95,271.92,14172,38.54,274,10825.0, 76.38,2026-05-08
NAHARINDUS, EQ, 08-May-2026,117.56,117.7,122.0,117.7,119.2,119.46,119.84,38000,45.54,1029,21035.0, 55.36,2026-05-08
NAHARPOLY, EQ, 08-May-2026,269.5,269.5,273.55,266.25,267.15,267.7,269.52,9188,24.76,600,5895.0, 64.16,2026-05-08
NAHARSPING, BE, 08-May-2026,281.03,275.41,275.41,275.41,275.41,275.41,275.41,954,2.63,18,, -,2026-05-08
NAM-INDIA, EQ, 08-May-2026,1107.4,1107.4,1117.9,1095.0,1101.9,1103.4,1106.0,803299,8884.47,33460,460466.0, 57.32,2026-05-08
NAMAN, SM, 08-May-2026,57.1,55.05,55.65,52.2,53.0,52.8,53.62,7200,3.86,8,4800.0, 66.67,2026-05-08
NAMOEWASTE, SM, 08-May-2026,248.3,248.9,249.0,238.0,238.5,240.4,243.09,34400,83.62,42,24000.0, 69.77,2026-05-08
NARMADA, EQ, 08-May-2026,37.37,37.37,37.59,36.83,37.26,37.02,37.19,375214,139.56,1013,143352.0, 38.21,2026-05-08
NATCAPSUQ, EQ, 08-May-2026,161.3,162.95,182.8,157.1,167.2,169.64,168.77,9683,16.34,335,6254.0, 64.59,2026-05-08
NATCOPHARM, EQ, 08-May-2026,1155.2,1155.2,1218.0,1152.1,1174.9,1174.7,1188.76,1337529,15900.05,52960,427590.0, 31.97,2026-05-08
NATHBIOGEN, EQ, 08-May-2026,174.37,176.0,176.98,170.6,172.1,171.21,173.18,28517,49.39,727,19433.0, 68.15,2026-05-08
NATIONALUM, EQ, 08-May-2026,403.5,403.2,403.9,396.15,402.0,401.95,400.01,5777370,23110.17,64253,2543817.0, 44.03,2026-05-08
NATIONSTD, EQ, 08-May-2026,1372.7,1380.1,1419.7,1368.0,1368.0,1376.4,1387.23,101,1.4,26,84.0, 83.17,2026-05-08
NAUKRI, EQ, 08-May-2026,981.85,981.85,988.8,973.3,978.0,978.35,979.3,1597738,15646.66,36110,929358.0, 58.17,2026-05-08
NAVA, EQ, 08-May-2026,715.8,721.0,736.35,718.0,727.5,727.05,727.13,1038131,7548.55,24290,441212.0, 42.50,2026-05-08
NAVINFLUOR, EQ, 08-May-2026,7085.0,7049.0,7095.5,6996.5,7039.5,7041.5,7035.16,173361,12196.23,25441,104443.0, 60.25,2026-05-08
NAVKARCORP, EQ, 08-May-2026,98.97,99.21,104.95,98.82,101.2,101.14,101.83,1313277,1337.29,11046,594631.0, 45.28,2026-05-08
NAVKARURB, EQ, 08-May-2026,0.84,0.87,0.88,0.85,0.88,0.86,0.88,3702686,32.44,495,2210660.0, 59.70,2026-05-08
NAVNETEDUL, EQ, 08-May-2026,149.28,151.08,151.31,145.75,147.71,147.42,147.74,127912,188.97,1211,76230.0, 59.60,2026-05-08
NAZARA, EQ, 08-May-2026,274.35,274.0,277.0,267.0,269.0,268.6,271.27,3726260,10108.16,31535,2254435.0, 60.50,2026-05-08
NBCC, EQ, 08-May-2026,96.85,97.4,101.95,96.7,101.01,100.64,100.26,45653530,45773.48,143868,12267767.0, 26.87,2026-05-08
NBIFIN, EQ, 08-May-2026,2130.7,2130.7,2225.0,2074.9,2100.0,2087.4,2118.82,1382,29.28,206,908.0, 65.70,2026-05-08
NCC, EQ, 08-May-2026,170.08,170.19,171.6,168.75,170.1,170.04,169.89,2359164,4008.04,22797,1172403.0, 49.70,2026-05-08
NCLIND, EQ, 08-May-2026,176.3,176.25,179.89,174.64,178.45,178.09,177.57,81730,145.12,1636,50279.0, 61.52,2026-05-08
NDGL, EQ, 08-May-2026,2756.3,2756.3,2850.0,2756.3,2765.1,2824.3,2813.95,99,2.79,47,82.0, 82.83,2026-05-08
NDL, EQ, 08-May-2026,2.88,2.98,2.98,2.88,2.91,2.9,2.91,1606359,46.8,1285,1123509.0, 69.94,2026-05-08
NDLVENTURE, EQ, 08-May-2026,122.23,123.5,126.0,122.0,125.84,125.79,124.93,22853,28.55,444,17287.0, 75.64,2026-05-08
NDRAUTO, EQ, 08-May-2026,809.9,822.0,838.0,808.0,821.05,821.9,827.39,33423,276.54,2273,16967.0, 50.76,2026-05-08
NDRINVIT, IV, 08-May-2026,137.0,136.75,136.89,136.75,136.75,136.75,136.89,1925000,2635.06,5,1925000.0, 100.00,2026-05-08
NDTV, EQ, 08-May-2026,80.16,80.04,80.66,79.09,79.9,79.7,79.91,127863,102.18,977,59891.0, 46.84,2026-05-08
NEAGI, EQ, 08-May-2026,3350.0,3350.0,3350.0,3350.0,3350.0,3350.0,3350.0,3,0.1,1,3.0, 100.00,2026-05-08
NECCLTD, EQ, 08-May-2026,16.87,16.87,17.34,16.37,16.78,16.56,16.73,59422,9.94,554,38639.0, 65.02,2026-05-08
NECLIFE, EQ, 08-May-2026,13.56,13.77,14.91,13.77,14.38,14.36,14.51,2355962,341.74,3412,1508059.0, 64.01,2026-05-08
NELCAST, EQ, 08-May-2026,144.34,144.48,173.2,142.21,161.8,160.22,163.46,2801577,4579.48,18619,418683.0, 14.94,2026-05-08
NELCO, EQ, 08-May-2026,732.3,737.7,741.85,724.0,726.2,727.55,732.29,97924,717.09,5094,41710.0, 42.59,2026-05-08
NEOCHEM, SM, 08-May-2026,86.5,90.95,91.0,86.5,86.5,86.6,88.86,28800,25.59,22,22800.0, 79.17,2026-05-08
NEOGEN, EQ, 08-May-2026,1730.1,1764.2,1883.0,1760.0,1765.0,1772.4,1833.01,218590,4006.78,22880,73182.0, 33.48,2026-05-08
NEPHROCARE, SM, 08-May-2026,87.7,87.7,87.95,86.05,86.1,86.3,86.96,11600,10.09,27,7200.0, 62.07,2026-05-08
NEPHROPLUS, EQ, 08-May-2026,545.0,545.75,550.0,540.15,543.0,544.95,543.75,94062,511.46,5420,56422.0, 59.98,2026-05-08
NEPTUNE, ST, 08-May-2026,202.35,202.0,202.0,202.0,202.0,202.0,202.0,500,1.01,1,500.0, 100.00,2026-05-08
NESCO, EQ, 08-May-2026,1303.8,1305.0,1323.9,1282.3,1295.5,1311.3,1309.16,49543,648.6,4666,23356.0, 47.14,2026-05-08
NESTLEIND, EQ, 08-May-2026,1476.0,1476.6,1496.3,1470.0,1475.3,1482.4,1485.17,1471411,21852.92,63760,916541.0, 62.29,2026-05-08
NETF, EQ, 08-May-2026,263.26,256.67,264.57,256.67,261.79,262.23,262.03,5028,13.17,116,3720.0, 73.99,2026-05-08
NETWEB, EQ, 08-May-2026,4302.7,4330.0,4492.0,4330.0,4420.0,4422.2,4417.8,1991503,87980.58,144825,328744.0, 16.51,2026-05-08
NETWORK18, EQ, 08-May-2026,34.93,34.9,34.95,34.25,34.55,34.42,34.48,4827186,1664.26,13176,2973103.0, 61.59,2026-05-08
NEUEON, BE, 08-May-2026,23.68,24.86,24.86,24.86,24.86,24.86,24.86,41402,10.29,41,, -,2026-05-08
NEULANDLAB, EQ, 08-May-2026,17285.0,17286.0,17765.0,17222.0,17750.0,17666.0,17591.17,89796,15796.17,20940,33660.0, 37.48,2026-05-08
NEWGEN, EQ, 08-May-2026,500.65,499.85,514.0,497.3,506.4,504.85,506.29,980555,4964.43,28720,334165.0, 34.08,2026-05-08
NEWJAISA, ST, 08-May-2026,25.4,25.4,25.4,24.2,24.2,24.2,24.83,18000,4.47,11,18000.0, 100.00,2026-05-08
NEXT30ADD, EQ, 08-May-2026,42.79,42.8,42.92,42.54,42.79,42.71,42.72,3725,1.59,73,2824.0, 75.81,2026-05-08
NEXT50, EQ, 08-May-2026,740.31,739.93,740.8,736.0,736.55,737.02,738.26,13924,102.8,582,12285.0, 88.23,2026-05-08
NEXT50ADD, EQ, 08-May-2026,72.0,71.0,72.26,71.0,71.83,71.83,71.81,5210,3.74,34,5056.0, 97.04,2026-05-08
NEXT50BETA, EQ, 08-May-2026,77.31,76.64,77.81,76.55,77.39,77.12,77.21,195598,151.03,702,157933.0, 80.74,2026-05-08
NEXT50ETF, EQ, 08-May-2026,72.39,72.32,72.39,71.81,71.99,72.04,72.09,16291,11.74,106,13229.0, 81.20,2026-05-08
NEXT50IETF, EQ, 08-May-2026,75.58,75.97,75.97,75.15,75.37,75.4,75.51,630021,475.71,4700,453846.0, 72.04,2026-05-08
NEXTMEDIA, EQ, 08-May-2026,4.49,4.31,4.54,4.05,4.34,4.35,4.33,38962,1.69,132,18172.0, 46.64,2026-05-08
NFL, EQ, 08-May-2026,78.77,78.69,79.95,78.4,78.72,78.63,78.92,1143578,902.52,5900,465697.0, 40.72,2026-05-08
NGIL, EQ, 08-May-2026,37.0,37.0,37.74,36.55,37.0,37.0,36.99,39909,14.76,344,13882.0, 34.78,2026-05-08
NGLFINE, EQ, 08-May-2026,2656.6,2630.0,2656.6,2283.1,2365.0,2340.7,2429.77,36577,888.74,6608,20417.0, 55.82,2026-05-08
NH, EQ, 08-May-2026,1856.2,1841.2,1884.0,1814.0,1820.0,1820.3,1834.03,365040,6694.96,36698,207265.0, 56.78,2026-05-08
NHPC, EQ, 08-May-2026,81.58,81.65,82.19,80.6,80.7,80.77,81.19,15750498,12787.57,46582,8447128.0, 53.63,2026-05-08
NIACL, EQ, 08-May-2026,164.99,164.99,165.99,163.0,163.38,164.1,164.1,509483,836.04,8369,175371.0, 34.42,2026-05-08
NIBE, EQ, 08-May-2026,1058.5,1054.1,1069.9,1039.0,1061.0,1057.5,1050.13,33232,348.98,2350,17614.0, 53.00,2026-05-08
NIBL, EQ, 08-May-2026,31.31,31.02,34.4,31.02,32.16,32.56,32.81,68828,22.58,720,45233.0, 65.72,2026-05-08
NIDAN, SM, 08-May-2026,14.65,14.0,14.45,13.95,14.0,14.0,14.07,17000,2.39,13,12000.0, 70.59,2026-05-08
NIF100BEES, EQ, 08-May-2026,267.59,265.18,267.7,265.04,265.8,265.7,265.88,49175,130.75,742,39020.0, 79.35,2026-05-08
NIF100IETF, EQ, 08-May-2026,28.15,28.5,28.5,27.88,28.03,27.97,28.0,171303,47.96,1585,119694.0, 69.87,2026-05-08
NIFTY1, EQ, 08-May-2026,267.92,267.91,267.91,265.89,266.93,266.69,266.68,59280,158.09,1298,41713.0, 70.37,2026-05-08
NIFTY100EW, EQ, 08-May-2026,34.74,34.72,34.72,34.31,34.33,34.39,34.57,457854,158.28,289,245597.0, 53.64,2026-05-08
NIFTYADD, EQ, 08-May-2026,254.45,253.62,254.07,252.8,253.63,253.34,253.25,6816,17.26,168,4620.0, 67.78,2026-05-08
NIFTYBEES, EQ, 08-May-2026,275.17,273.62,274.68,272.0,274.1,273.94,273.96,6950558,19041.68,51590,4102288.0, 59.02,2026-05-08
NIFTYBETA, EQ, 08-May-2026,267.8,266.99,267.42,266.0,266.69,266.62,266.73,73249,195.37,511,69728.0, 95.19,2026-05-08
NIFTYBETF, EQ, 08-May-2026,248.47,248.01,248.28,247.04,247.63,247.6,247.91,1825,4.52,64,1721.0, 94.30,2026-05-08
NIFTYCASE, EQ, 08-May-2026,9.69,9.73,9.73,9.62,9.66,9.65,9.64,1064722,102.66,1789,858516.0, 80.63,2026-05-08
NIFTYETF, EQ, 08-May-2026,262.58,263.15,263.16,261.02,261.58,261.39,261.58,106274,277.99,1031,59368.0, 55.86,2026-05-08
NIFTYIETF, EQ, 08-May-2026,273.82,273.94,273.94,271.9,272.75,272.31,272.47,836019,2277.89,13891,464541.0, 55.57,2026-05-08
NIFTYQLITY, EQ, 08-May-2026,21.43,21.53,21.57,21.33,21.41,21.45,21.46,378145,81.14,224,370012.0, 97.85,2026-05-08
NIITLTD, EQ, 08-May-2026,74.39,74.0,76.31,73.47,74.85,74.89,74.9,567547,425.07,5363,254787.0, 44.89,2026-05-08
NIITMTS, EQ, 08-May-2026,321.4,324.85,327.85,313.3,317.6,317.05,316.48,60911,192.77,3356,34616.0, 56.83,2026-05-08
NIKITA, SM, 08-May-2026,101.75,105.45,113.0,100.0,102.0,101.0,103.31,205200,211.99,136,147600.0, 71.93,2026-05-08
NILAINFRA, EQ, 08-May-2026,8.88,9.1,9.4,8.94,9.09,9.03,9.12,641256,58.49,1430,369237.0, 57.58,2026-05-08
NILASPACES, EQ, 08-May-2026,15.1,15.1,15.61,14.68,15.6,15.49,15.27,1112565,169.9,2282,680013.0, 61.12,2026-05-08
NILE, EQ, 08-May-2026,1774.0,1774.1,1904.9,1774.1,1850.5,1853.5,1857.21,10294,191.18,1928,5204.0, 50.55,2026-05-08
NILKAMAL, EQ, 08-May-2026,1298.5,1288.0,1302.0,1286.2,1301.0,1297.0,1298.93,4970,64.56,290,4245.0, 85.41,2026-05-08
NIMBSPROJ, EQ, 08-May-2026,185.21,181.81,194.4,175.5,194.3,187.34,177.78,122626,218.0,1025,10252.0, 8.36,2026-05-08
NINSYS, BE, 08-May-2026,541.15,548.0,562.8,532.5,560.0,560.0,554.08,10034,55.6,226,, -,2026-05-08
NIPPOBATRY, EQ, 08-May-2026,445.0,448.0,469.0,439.0,441.0,440.55,448.35,36723,164.65,1799,21421.0, 58.33,2026-05-08
NIRAJ, EQ, 08-May-2026,33.68,36.45,36.85,34.5,34.7,34.68,35.72,457481,163.39,1523,286146.0, 62.55,2026-05-08
NIRAJISPAT, BE, 08-May-2026,255.0,257.55,257.55,250.74,250.74,250.74,251.4,450,1.13,9,, -,2026-05-08
NIRLON, EQ, 08-May-2026,581.7,584.0,589.0,584.0,584.05,585.4,585.14,5250,30.72,293,4370.0, 83.24,2026-05-08
NIRMAN, ST, 08-May-2026,53.4,54.45,55.0,52.0,52.0,52.3,53.46,31500,16.84,58,27000.0, 85.71,2026-05-08
NITCO, EQ, 08-May-2026,101.74,102.6,109.0,102.6,107.48,107.52,106.2,1969228,2091.37,12508,992765.0, 50.41,2026-05-08
NITINSPIN, EQ, 08-May-2026,493.0,486.0,515.0,474.0,482.95,480.7,492.75,512409,2524.89,13501,155269.0, 30.30,2026-05-08
NITIRAJ, EQ, 08-May-2026,206.23,206.0,210.95,204.8,206.0,206.0,205.75,742,1.53,29,570.0, 76.82,2026-05-08
NITTAGELA, EQ, 08-May-2026,1216.5,1223.9,1297.0,1215.0,1260.0,1271.55,1252.38,26182,327.9,2634,15188.0, 58.01,2026-05-08
NIVABUPA, EQ, 08-May-2026,80.04,80.05,81.8,79.75,81.29,81.29,81.2,3136498,2546.89,21243,1552811.0, 49.51,2026-05-08
NKIND, EQ, 08-May-2026,66.2,66.4,69.0,66.4,66.4,66.4,66.51,626,0.42,21,475.0, 75.88,2026-05-08
NLCINDIA, EQ, 08-May-2026,328.7,328.7,329.9,322.4,327.3,328.2,325.66,3872028,12609.73,33503,1501256.0, 38.77,2026-05-08
NMDC, EQ, 08-May-2026,90.14,90.05,90.5,88.67,88.75,88.8,89.23,12944581,11549.89,45804,6226793.0, 48.10,2026-05-08
NOCIL, EQ, 08-May-2026,188.84,184.17,185.57,178.25,182.0,182.48,182.11,1153858,2101.24,9220,410073.0, 35.54,2026-05-08
NOIDATOLL, EQ, 08-May-2026,3.73,3.81,3.81,3.71,3.76,3.77,3.77,24147,0.91,236,19190.0, 79.47,2026-05-08
NORBTEAEXP, EQ, 08-May-2026,72.55,76.1,76.17,76.1,76.17,76.17,76.15,6025,4.59,41,6025.0, 100.00,2026-05-08
NORTHARC, EQ, 08-May-2026,284.55,284.3,292.8,284.3,288.0,287.3,288.24,652053,1879.47,12951,371198.0, 56.93,2026-05-08
NOVAAGRI, EQ, 08-May-2026,29.41,29.9,29.91,28.4,29.4,29.46,29.47,175602,51.76,978,116662.0, 66.44,2026-05-08
NOVARTIND, EQ, 08-May-2026,1066.3,1066.3,1125.0,1060.2,1114.9,1112.5,1105.16,26837,296.59,2795,18105.0, 67.46,2026-05-08
NPBET, EQ, 08-May-2026,276.5,275.0,276.5,273.13,274.84,274.83,274.67,733,2.01,29,712.0, 97.14,2026-05-08
NPST, EQ, 08-May-2026,1235.5,1235.5,1259.4,1230.1,1247.0,1244.3,1243.49,7960,98.98,919,3482.0, 43.74,2026-05-08
NRAIL, EQ, 08-May-2026,505.3,504.85,507.0,500.0,506.9,506.0,505.02,12055,60.88,228,10069.0, 83.53,2026-05-08
NRBBEARING, EQ, 08-May-2026,300.15,309.0,350.0,303.6,319.5,318.0,330.44,6760525,22339.25,101419,1333478.0, 19.72,2026-05-08
NRL, EQ, 08-May-2026,56.55,57.25,57.4,56.0,56.9,56.74,56.84,68364,38.86,861,42536.0, 62.22,2026-05-08
NRVANDANA, SM, 08-May-2026,63.95,64.15,66.1,63.05,64.0,65.15,65.16,54000,35.19,16,30000.0, 55.56,2026-05-08
NSIL, EQ, 08-May-2026,5955.0,5892.0,5997.5,5861.5,5890.0,5874.0,5905.24,1615,95.37,581,826.0, 51.15,2026-05-08
NSLNISP, EQ, 08-May-2026,44.24,44.37,44.8,43.5,43.6,43.66,43.97,4296953,1889.22,16430,1930398.0, 44.92,2026-05-08
NTPC, EQ, 08-May-2026,400.35,398.0,405.1,397.15,402.25,402.15,401.03,4740939,19012.56,73357,2632332.0, 55.52,2026-05-08
NTPCGREEN, EQ, 08-May-2026,109.26,108.75,109.25,107.02,107.6,107.53,107.88,4316929,4657.2,25041,2047542.0, 47.43,2026-05-08
NUCLEUS, EQ, 08-May-2026,811.95,812.75,844.8,807.0,816.5,817.05,825.16,39325,324.5,2855,12672.0, 32.22,2026-05-08
NURECA, EQ, 08-May-2026,289.95,291.0,300.0,284.8,294.0,293.15,292.58,12841,37.57,504,7916.0, 61.65,2026-05-08
NUVAMA, EQ, 08-May-2026,1474.5,1474.5,1647.9,1462.3,1631.1,1631.5,1611.2,5943190,95756.78,192386,1122704.0, 18.89,2026-05-08
NUVOCO, EQ, 08-May-2026,336.45,338.1,338.8,325.05,328.0,329.75,329.12,487691,1605.09,15768,204658.0, 41.96,2026-05-08
NV20, EQ, 08-May-2026,14.43,14.43,14.43,14.23,14.24,14.24,14.3,67880,9.71,319,64270.0, 94.68,2026-05-08
NV20BEES, EQ, 08-May-2026,144.41,144.43,144.43,142.56,143.29,143.04,143.21,38079,54.53,419,30392.0, 79.81,2026-05-08
NV20IETF, EQ, 08-May-2026,14.08,14.38,14.38,13.91,14.14,13.93,13.97,752221,105.1,2589,571633.0, 75.99,2026-05-08
NXST, RR, 08-May-2026,154.69,154.69,157.48,154.2,157.08,156.88,156.09,248496,387.88,6657,198946.0, 80.06,2026-05-08
NXT-INFRA, IV, 08-May-2026,100.0,97.0,97.0,97.0,97.0,97.0,97.0,1200000,1164.0,8,1200000.0, 100.00,2026-05-08
NYKAA, EQ, 08-May-2026,269.85,269.85,274.0,269.25,272.5,272.8,271.99,1681989,4574.8,34367,829418.0, 49.31,2026-05-08
OAL, EQ, 08-May-2026,319.95,323.75,323.75,316.0,316.0,316.8,318.86,8783,28.01,593,3344.0, 38.07,2026-05-08
OBCL, EQ, 08-May-2026,56.87,56.0,56.77,55.21,55.22,55.33,55.36,2814,1.56,48,2742.0, 97.44,2026-05-08
OBEROIRLTY, EQ, 08-May-2026,1675.0,1681.0,1715.0,1666.9,1705.0,1703.0,1697.16,467360,7931.83,26722,200447.0, 42.89,2026-05-08
OBSCP, SM, 08-May-2026,391.85,391.85,397.9,375.2,383.3,380.8,388.06,27200,105.55,63,16400.0, 60.29,2026-05-08
OCCLLTD, EQ, 08-May-2026,104.12,103.0,108.6,101.5,102.5,102.17,102.72,44531,45.74,3040,28599.0, 64.22,2026-05-08
ODIGMA, BE, 08-May-2026,27.36,27.25,28.72,27.25,28.72,28.72,28.58,32471,9.28,334,, -,2026-05-08
OFSS, EQ, 08-May-2026,9498.5,9500.5,9580.0,9301.0,9330.0,9345.5,9414.62,198264,18665.8,36689,91773.0, 46.29,2026-05-08
OIL, EQ, 08-May-2026,452.85,455.05,456.8,451.7,454.0,454.2,454.13,2276506,10338.37,24456,998195.0, 43.85,2026-05-08
OILCOUNTUB, BE, 08-May-2026,59.58,60.75,60.75,57.0,58.56,58.46,58.14,50942,29.62,254,, -,2026-05-08
OILIETF, EQ, 08-May-2026,11.87,11.87,11.88,11.73,11.79,11.78,11.78,4123944,485.73,3388,2390733.0, 57.97,2026-05-08
OLAELEC, EQ, 08-May-2026,35.09,34.6,36.64,34.41,36.01,36.08,35.73,87200801,31154.12,112967,18457927.0, 21.17,2026-05-08
OLECTRA, EQ, 08-May-2026,1269.8,1269.0,1397.9,1255.6,1344.2,1340.7,1348.49,3369526,45437.76,122398,709115.0, 21.04,2026-05-08
OLIL, ST, 08-May-2026,478.0,470.0,470.0,454.1,460.0,456.3,456.57,20400,93.14,35,15600.0, 76.47,2026-05-08
OMAXAUTO, BE, 08-May-2026,226.65,235.35,235.35,224.15,235.35,235.35,234.55,254424,596.75,1447,, -,2026-05-08
OMAXE, EQ, 08-May-2026,87.03,88.8,93.7,87.0,88.82,89.03,90.68,662238,600.54,4190,349891.0, 52.83,2026-05-08
OMFREIGHT, EQ, 08-May-2026,90.66,87.66,93.0,85.5,88.5,88.41,90.08,161333,145.33,1517,56887.0, 35.26,2026-05-08
OMFURN, ST, 08-May-2026,65.5,67.0,67.0,67.0,67.0,67.0,67.0,1200,0.8,1,1200.0, 100.00,2026-05-08
OMINFRAL, EQ, 08-May-2026,99.67,99.67,99.67,96.51,98.5,97.77,97.75,78800,77.03,613,55169.0, 70.01,2026-05-08
OMNI, EQ, 08-May-2026,431.8,430.75,443.75,422.6,434.55,437.95,438.21,229454,1005.5,7173,65693.0, 28.63,2026-05-08
OMPOWER, EQ, 08-May-2026,189.05,188.5,189.93,177.25,178.81,178.58,181.83,579165,1053.08,11836,305118.0, 52.68,2026-05-08
ONDOOR, ST, 08-May-2026,178.35,178.0,182.0,176.0,182.0,182.0,180.2,24600,44.33,24,24300.0, 98.78,2026-05-08
ONELIFECAP, EQ, 08-May-2026,18.41,18.9,19.33,18.2,19.33,19.33,19.25,172096,33.13,242,141476.0, 82.21,2026-05-08
ONEPOINT, EQ, 08-May-2026,59.55,59.5,63.9,59.5,61.2,61.04,62.04,5915884,3670.18,54008,2936560.0, 49.64,2026-05-08
ONESOURCE, EQ, 08-May-2026,1815.9,1800.0,1848.0,1792.9,1848.0,1835.2,1828.03,264468,4834.55,21789,144535.0, 54.65,2026-05-08
ONGC, EQ, 08-May-2026,283.9,283.6,284.0,278.6,279.3,279.2,280.31,9290168,26041.41,73595,4504834.0, 48.49,2026-05-08
ONMOBILE, EQ, 08-May-2026,58.62,58.01,58.63,57.1,57.22,57.22,57.88,99988,57.87,1123,52318.0, 52.32,2026-05-08
ONWARDTEC, EQ, 08-May-2026,248.95,255.0,280.0,255.0,277.0,276.27,271.06,1076184,2917.05,16621,384270.0, 35.71,2026-05-08
OPTIEMUS, EQ, 08-May-2026,443.35,442.6,468.35,438.0,463.5,462.5,448.25,403530,1808.82,7661,281654.0, 69.80,2026-05-08
OPTIVALUE, SM, 08-May-2026,85.1,85.55,86.0,85.0,85.0,85.0,85.65,14400,12.33,9,12800.0, 88.89,2026-05-08
ORBTEXP, EQ, 08-May-2026,169.02,169.0,173.0,165.0,168.99,166.92,167.81,6147,10.32,155,3994.0, 64.97,2026-05-08
ORCHASP, EQ, 08-May-2026,2.1,2.18,2.18,1.98,1.98,2.04,2.1,1045105,21.93,549,775591.0, 74.21,2026-05-08
ORCHPHARMA, EQ, 08-May-2026,682.05,676.0,706.0,674.55,702.0,703.45,694.62,88814,616.92,3162,45963.0, 51.75,2026-05-08
ORIANA, SM, 08-May-2026,2034.35,2016.0,2065.0,1986.0,1999.5,2001.75,2014.3,50175,1010.68,561,33000.0, 65.77,2026-05-08
ORICONENT, EQ, 08-May-2026,64.52,65.0,65.0,64.05,64.5,64.5,64.36,147982,95.24,639,111503.0, 75.35,2026-05-08
ORIENTALTL, EQ, 08-May-2026,6.94,7.06,7.06,6.8,7.05,7.02,6.99,94600,6.61,240,75452.0, 79.76,2026-05-08
ORIENTBELL, EQ, 08-May-2026,358.1,360.9,360.95,343.6,343.6,347.8,354.67,17373,61.62,600,11138.0, 64.11,2026-05-08
ORIENTCEM, EQ, 08-May-2026,144.22,144.22,145.78,141.0,141.08,141.47,142.94,298983,427.37,3338,167737.0, 56.10,2026-05-08
ORIENTCER, EQ, 08-May-2026,42.11,42.95,42.95,41.11,41.3,41.44,41.62,33611,13.99,398,21228.0, 63.16,2026-05-08
ORIENTELEC, EQ, 08-May-2026,192.09,193.9,196.89,183.01,188.5,188.34,190.7,1820965,3472.53,29120,537502.0, 29.52,2026-05-08
ORIENTHOT, EQ, 08-May-2026,108.41,108.95,109.5,105.63,108.42,108.05,107.62,180803,194.58,1971,85798.0, 47.45,2026-05-08
ORIENTLTD, EQ, 08-May-2026,66.3,66.3,67.5,66.0,66.04,66.17,66.27,2436,1.61,77,1293.0, 53.08,2026-05-08
ORIENTPPR, EQ, 08-May-2026,19.82,19.7,20.34,19.18,19.22,19.31,19.49,462516,90.15,1370,197183.0, 42.63,2026-05-08
ORIENTTECH, EQ, 08-May-2026,311.85,318.95,322.85,311.2,316.8,316.65,317.01,677435,2147.52,11591,217451.0, 32.10,2026-05-08
ORISSAMINE, EQ, 08-May-2026,4261.3,4250.0,4478.1,4220.3,4314.0,4303.8,4357.9,37048,1614.52,6687,9886.0, 26.68,2026-05-08
ORKLAINDIA, EQ, 08-May-2026,644.05,644.05,650.0,640.2,648.2,646.25,646.34,38572,249.31,2995,19520.0, 50.61,2026-05-08
ORTEL, BZ, 08-May-2026,1.75,1.75,1.83,1.69,1.77,1.77,1.76,6756,0.12,33,, -,2026-05-08
ORTINGLOBE, BE, 08-May-2026,14.87,15.0,15.0,14.25,14.99,14.99,14.33,9424,1.35,10,, -,2026-05-08
OSELDEVICE, SM, 08-May-2026,544.25,544.25,572.5,544.25,565.0,566.5,565.76,28600,161.81,110,23800.0, 83.22,2026-05-08
OSIAHYPER, BE, 08-May-2026,5.6,5.32,5.32,5.32,5.32,5.32,5.32,397782,21.16,664,, -,2026-05-08
OSWALAGRO, BE, 08-May-2026,48.69,48.69,49.48,47.75,48.89,48.85,48.52,12030,5.84,94,, -,2026-05-08
OSWALGREEN, EQ, 08-May-2026,28.05,27.91,28.24,27.5,27.52,27.65,27.89,156615,43.68,1203,109799.0, 70.11,2026-05-08
OSWALPUMPS, EQ, 08-May-2026,431.95,424.95,424.95,410.4,410.4,410.6,413.28,834192,3447.59,12312,495697.0, 59.42,2026-05-08
OSWALSEEDS, EQ, 08-May-2026,12.95,12.62,12.99,12.33,12.93,12.78,12.83,11148,1.43,141,7686.0, 68.95,2026-05-08
OWAIS, SM, 08-May-2026,189.35,185.3,196.0,185.0,185.5,188.0,190.7,47900,91.34,215,37800.0, 78.91,2026-05-08
PACEDIGITK, EQ, 08-May-2026,185.18,194.4,195.39,187.1,189.5,189.15,191.37,4837409,9257.19,32802,1537834.0, 31.79,2026-05-08
PAGEIND, EQ, 08-May-2026,37345.0,37200.0,37500.0,36840.0,37500.0,37365.0,37121.14,17425,6468.36,8098,7387.0, 42.39,2026-05-08
PAISALO, EQ, 08-May-2026,49.55,49.58,50.53,49.21,49.49,49.51,49.85,15268122,7611.27,15493,9367388.0, 61.35,2026-05-08
PAKKA, EQ, 08-May-2026,94.83,94.83,96.75,93.7,95.7,95.74,95.23,162027,154.3,2250,100432.0, 61.98,2026-05-08
PALASHSECU, EQ, 08-May-2026,99.69,98.6,99.85,97.2,97.6,97.61,98.32,571,0.56,49,455.0, 79.68,2026-05-08
PALREDTEC, BE, 08-May-2026,40.28,38.5,40.27,38.27,38.27,38.54,38.87,4299,1.67,55,, -,2026-05-08
PANACEABIO, EQ, 08-May-2026,403.75,404.8,405.8,385.0,389.9,388.75,393.11,92398,363.22,3061,49062.0, 53.10,2026-05-08
PANACHE, BE, 08-May-2026,342.45,353.9,353.9,328.6,337.0,331.3,333.16,15898,52.97,208,, -,2026-05-08
PANAMAPET, EQ, 08-May-2026,298.3,296.0,308.5,293.55,307.0,305.35,300.95,81794,246.16,2351,48779.0, 59.64,2026-05-08
PANSARI, EQ, 08-May-2026,321.85,321.15,321.15,321.15,321.15,321.15,321.15,100,0.32,1,100.0, 100.00,2026-05-08
PAR, EQ, 08-May-2026,93.88,93.42,95.55,93.11,94.0,94.08,94.23,4285,4.04,131,3516.0, 82.05,2026-05-08
PARACABLES, EQ, 08-May-2026,46.38,47.5,55.65,47.5,55.65,55.13,52.31,20451840,10697.97,58420,5640002.0, 27.58,2026-05-08
PARADEEP, EQ, 08-May-2026,127.39,126.98,129.3,124.59,125.05,124.88,126.02,4847056,6108.12,27466,2340793.0, 48.29,2026-05-08
PARAGMILK, EQ, 08-May-2026,230.52,226.0,228.0,220.0,222.8,221.78,222.71,1074790,2393.61,12053,413414.0, 38.46,2026-05-08
PARAGON, SM, 08-May-2026,50.25,48.3,48.4,45.1,45.5,45.5,46.76,22800,10.66,19,18000.0, 78.95,2026-05-08
PARAMATRIX, SM, 08-May-2026,67.35,68.0,68.0,67.5,67.5,67.5,67.75,2400,1.63,2,2400.0, 100.00,2026-05-08
PARAMOUNT, SM, 08-May-2026,50.4,53.5,60.45,53.5,60.45,60.45,59.76,49200,29.4,38,34800.0, 70.73,2026-05-08
PARAS, EQ, 08-May-2026,869.5,873.75,888.0,859.25,865.0,866.6,874.08,2331063,20375.28,58636,667387.0, 28.63,2026-05-08
PARASPETRO, BE, 08-May-2026,2.16,2.16,2.24,2.16,2.22,2.21,2.2,112262,2.47,162,, -,2026-05-08
PARIN, SM, 08-May-2026,638.7,648.25,648.25,622.1,633.0,633.8,634.52,9250,58.69,16,4750.0, 51.35,2026-05-08
PARKHOSPS, EQ, 08-May-2026,245.99,246.79,252.0,244.06,250.0,249.75,249.17,663733,1653.85,7817,388008.0, 58.46,2026-05-08
PARKHOTELS, EQ, 08-May-2026,132.01,131.0,133.0,128.75,129.5,129.73,130.28,150023,195.45,1967,85314.0, 56.87,2026-05-08
PARSVNATH, BE, 08-May-2026,6.48,6.48,6.8,6.36,6.8,6.8,6.72,813198,54.63,476,, -,2026-05-08
PARTH, ST, 08-May-2026,361.85,379.0,379.9,366.2,366.2,367.4,371.88,16400,60.99,29,15200.0, 92.68,2026-05-08
PARTYCRUS, SM, 08-May-2026,94.25,95.8,99.7,95.8,99.7,99.65,98.92,17000,16.82,17,15000.0, 88.24,2026-05-08
PASHUPATI, EQ, 08-May-2026,87.72,88.69,89.0,87.0,87.05,87.06,87.58,25391,22.24,488,16953.0, 66.77,2026-05-08
PASUPTAC, EQ, 08-May-2026,54.02,53.2,55.34,53.01,54.7,54.6,54.18,177890,96.37,1719,99744.0, 56.07,2026-05-08
PATANJALI, EQ, 08-May-2026,460.35,460.0,463.75,457.1,460.05,461.6,461.21,1284672,5925.07,15524,592624.0, 46.13,2026-05-08
PATELENG, EQ, 08-May-2026,29.15,29.13,29.37,28.66,28.9,28.82,28.9,3267338,944.24,7723,1682809.0, 51.50,2026-05-08
PATELRMART, EQ, 08-May-2026,211.65,209.5,218.88,209.1,209.2,210.88,214.58,172481,370.11,1951,34852.0, 20.21,2026-05-08
PATILAUTOM, SM, 08-May-2026,189.5,192.9,211.0,183.2,198.1,198.7,197.1,262200,516.8,326,165600.0, 63.16,2026-05-08
PATINTLOG, EQ, 08-May-2026,11.76,11.98,12.2,11.79,12.14,12.04,11.93,38550,4.6,254,32845.0, 85.20,2026-05-08
PAUSHAKLTD, EQ, 08-May-2026,514.6,518.7,518.7,500.05,509.0,504.75,507.44,10490,53.23,794,6742.0, 64.27,2026-05-08
PAVNAIND, BE, 08-May-2026,19.62,19.6,19.6,18.75,19.5,19.43,19.29,23850,4.6,129,, -,2026-05-08
PAYTM, EQ, 08-May-2026,1197.4,1195.0,1223.0,1184.1,1188.0,1187.1,1202.61,3536318,42528.09,117114,730268.0, 20.65,2026-05-08
PCBL, EQ, 08-May-2026,304.45,304.05,313.0,303.6,305.95,306.15,307.66,1667689,5130.84,29352,554170.0, 33.23,2026-05-08
PCCL, SM, 08-May-2026,294.15,298.0,298.0,296.0,296.0,296.0,297.67,2400,7.14,2,2400.0, 100.00,2026-05-08
PCJEWELLER, EQ, 08-May-2026,9.47,9.5,9.55,9.37,9.5,9.5,9.45,26441796,2498.94,15749,10102142.0, 38.21,2026-05-08
PDMJEPAPER, EQ, 08-May-2026,87.29,86.2,88.05,85.6,86.0,86.24,86.41,64260,55.53,1060,33684.0, 52.42,2026-05-08
PDSL, EQ, 08-May-2026,300.2,298.0,303.8,295.2,300.0,300.65,300.66,56635,170.28,2681,30762.0, 54.32,2026-05-08
PEARLPOLY, BE, 08-May-2026,20.55,19.7,20.83,19.7,20.5,20.14,20.38,4170,0.85,65,, -,2026-05-08
PELATRO, SM, 08-May-2026,286.0,285.0,285.0,275.0,280.1,280.7,278.62,7200,20.06,20,6000.0, 83.33,2026-05-08
PENIND, EQ, 08-May-2026,171.2,171.0,173.2,169.01,169.7,169.72,170.75,289272,493.94,4793,148330.0, 51.28,2026-05-08
PENINLAND, BE, 08-May-2026,17.19,17.2,18.04,17.19,18.02,18.0,17.93,609157,109.24,807,, -,2026-05-08
PENTAGON, SM, 08-May-2026,69.95,65.15,65.15,65.0,65.0,65.0,65.05,3000,1.95,3,2000.0, 66.67,2026-05-08
PERSISTENT, EQ, 08-May-2026,4984.0,4990.0,5137.0,4960.0,5115.0,5113.6,5096.14,633097,32263.5,47115,254991.0, 40.28,2026-05-08
PETRONET, EQ, 08-May-2026,282.1,282.1,286.25,278.95,283.3,283.8,283.42,1964345,5567.36,59493,1040456.0, 52.97,2026-05-08
PFC, EQ, 08-May-2026,457.55,458.0,467.25,455.55,461.6,461.35,462.16,8789899,40623.16,167949,5618780.0, 63.92,2026-05-08
PFIZER, EQ, 08-May-2026,4750.6,4772.2,4850.0,4756.3,4831.0,4818.8,4822.63,17742,855.63,4669,9111.0, 51.35,2026-05-08
PFOCUS, EQ, 08-May-2026,307.8,298.0,309.45,296.1,300.0,300.9,303.04,2575377,7804.39,21128,1785593.0, 69.33,2026-05-08
PFS, EQ, 08-May-2026,31.38,31.17,31.36,30.56,31.15,31.12,31.05,621375,192.93,2388,330529.0, 53.19,2026-05-08
PGEL, EQ, 08-May-2026,535.5,536.0,536.0,524.65,530.4,530.35,528.95,1809874,9573.4,29374,493977.0, 27.29,2026-05-08
PGHH, EQ, 08-May-2026,9894.0,9900.0,9996.0,9881.0,9942.0,9937.0,9940.69,6971,692.97,2884,3739.0, 53.64,2026-05-08
PGHL, EQ, 08-May-2026,5320.5,5320.5,5368.0,5286.0,5368.0,5355.0,5339.77,10955,584.97,2014,5693.0, 51.97,2026-05-08
PGIL, EQ, 08-May-2026,1583.8,1570.0,1628.0,1555.0,1605.0,1604.7,1603.54,36492,585.16,5700,21979.0, 60.23,2026-05-08
PGINVIT, IV, 08-May-2026,93.15,93.3,93.3,93.05,93.06,93.11,93.16,1872887,1744.86,10085,1720200.0, 91.85,2026-05-08
PHANTOMFX, SM, 08-May-2026,208.65,213.35,217.0,202.7,210.0,210.0,210.06,30000,63.02,68,21000.0, 70.00,2026-05-08
PHARMABEES, EQ, 08-May-2026,24.79,24.81,24.96,24.6,24.89,24.78,24.84,7292625,1811.59,10713,5108757.0, 70.05,2026-05-08
PHOENIXLTD, EQ, 08-May-2026,1829.5,1840.0,1845.0,1810.2,1845.0,1829.3,1827.92,144521,2641.73,11890,73329.0, 50.74,2026-05-08
PHOGLOBAL, SM, 08-May-2026,18.8,18.5,18.9,18.2,18.7,18.7,18.59,20000,3.72,10,14000.0, 70.00,2026-05-08
PICCADIL, EQ, 08-May-2026,634.4,616.3,635.4,616.3,621.8,621.1,623.51,131503,819.93,6795,59461.0, 45.22,2026-05-08
PIDILITIND, EQ, 08-May-2026,1450.4,1503.6,1515.0,1470.0,1472.0,1476.0,1489.47,5494105,81833.29,151596,1302219.0, 23.70,2026-05-08
PIGL, EQ, 08-May-2026,116.53,117.96,124.02,112.02,117.59,120.3,117.01,141373,165.42,2205,77059.0, 54.51,2026-05-08
PIIND, EQ, 08-May-2026,3101.5,3099.0,3134.7,3067.5,3103.6,3110.8,3103.32,164302,5098.81,17159,79082.0, 48.13,2026-05-08
PILANIINVS, EQ, 08-May-2026,4837.0,4850.0,4891.9,4756.5,4801.7,4816.5,4824.41,5427,261.82,998,2485.0, 45.79,2026-05-08
PILITA, EQ, 08-May-2026,8.9,9.05,9.61,8.9,9.1,9.2,9.14,256086,23.41,686,225821.0, 88.18,2026-05-08
PINELABS, EQ, 08-May-2026,201.62,202.96,207.5,195.5,196.6,196.14,200.98,1186927,2385.5,18262,499193.0, 42.06,2026-05-08
PIONEEREMB, EQ, 08-May-2026,27.9,27.9,27.9,26.6,27.0,26.96,26.93,21741,5.86,154,19255.0, 88.57,2026-05-08
PIONRINV, EQ, 08-May-2026,105.0,105.0,113.95,95.32,109.8,100.05,105.9,2298,2.43,25,649.0, 28.24,2026-05-08
PIRAMALFIN, EQ, 08-May-2026,1915.6,1918.0,2031.0,1918.0,2018.3,2017.6,2007.72,1071460,21511.91,55076,490262.0, 45.76,2026-05-08
PITTIENG, EQ, 08-May-2026,997.5,997.5,1012.0,978.1,979.0,982.9,994.27,45434,451.74,4667,21687.0, 47.73,2026-05-08
PIXTRANS, EQ, 08-May-2026,1513.1,1513.1,1535.9,1496.3,1525.1,1526.2,1515.52,11270,170.8,969,7486.0, 66.42,2026-05-08
PKTEA, EQ, 08-May-2026,879.1,880.0,884.9,857.0,860.0,861.1,865.34,151,1.31,50,104.0, 68.87,2026-05-08
PLADAINFO, SM, 08-May-2026,10.7,11.2,11.2,11.2,11.2,11.2,11.2,3000,0.34,1,3000.0, 100.00,2026-05-08
PLASTIBLEN, EQ, 08-May-2026,173.1,173.53,179.59,171.61,176.7,177.52,175.34,49039,85.99,748,30540.0, 62.28,2026-05-08
PLATIND, EQ, 08-May-2026,257.25,258.0,262.29,252.01,260.01,260.04,256.64,145465,373.33,3206,94854.0, 65.21,2026-05-08
PLAZACABLE, EQ, 08-May-2026,56.0,55.98,65.0,53.53,60.21,60.55,60.93,1220805,743.85,13643,383357.0, 31.40,2026-05-08
PML, EQ, 08-May-2026,597.95,597.0,597.0,575.15,589.95,583.95,587.65,81,0.48,16,73.0, 90.12,2026-05-08
PNB, EQ, 08-May-2026,109.11,108.9,108.9,106.62,107.2,107.24,107.62,26751702,28791.38,176402,13801267.0, 51.59,2026-05-08
PNBGILTS, EQ, 08-May-2026,72.88,72.7,73.8,72.0,72.4,72.27,72.73,265074,192.8,1591,81474.0, 30.74,2026-05-08
PNBHOUSING, EQ, 08-May-2026,1051.6,1059.1,1095.8,1053.3,1089.0,1091.2,1080.77,2066157,22330.37,78528,876024.0, 42.40,2026-05-08
PNC, BE, 08-May-2026,21.02,21.01,22.02,20.53,21.07,21.07,21.33,2371,0.51,23,, -,2026-05-08
PNCINFRA, EQ, 08-May-2026,223.76,226.54,228.63,222.1,223.85,224.69,224.69,847479,1904.19,14868,280424.0, 33.09,2026-05-08
PNGJL, EQ, 08-May-2026,711.35,719.4,736.4,710.85,727.5,727.9,727.07,469098,3410.66,20453,275840.0, 58.80,2026-05-08
PNGSREVA, EQ, 08-May-2026,457.9,458.95,472.8,451.4,460.0,456.25,459.87,252835,1162.71,6839,161290.0, 63.79,2026-05-08
POCL, EQ, 08-May-2026,1436.3,1445.0,1480.0,1414.9,1430.5,1431.5,1450.61,341838,4958.73,21596,154488.0, 45.19,2026-05-08
PODDARMENT, EQ, 08-May-2026,260.15,264.15,264.8,258.0,258.65,262.7,263.2,2695,7.09,57,2012.0, 74.66,2026-05-08
POKARNA, EQ, 08-May-2026,894.0,890.0,900.45,882.15,886.0,884.7,889.63,21267,189.2,1626,11966.0, 56.27,2026-05-08
POLICYBZR, EQ, 08-May-2026,1684.1,1685.1,1711.8,1633.6,1647.9,1645.1,1654.53,1950285,32268.13,101662,1002119.0, 51.38,2026-05-08
POLYCAB, EQ, 08-May-2026,9003.0,9030.0,9159.0,8952.5,9080.0,9083.0,9104.2,613457,55850.38,67875,238719.0, 38.91,2026-05-08
POLYMED, EQ, 08-May-2026,1679.9,1684.9,1684.9,1648.0,1649.5,1652.1,1658.96,57575,955.15,6351,25578.0, 44.43,2026-05-08
POLYPLEX, EQ, 08-May-2026,940.45,940.15,954.65,930.9,948.0,950.1,943.01,40025,377.44,2236,21550.0, 53.84,2026-05-08
POLYSIL, ST, 08-May-2026,148.1,151.05,151.05,151.05,151.05,151.05,151.05,2000,3.02,4,2000.0, 100.00,2026-05-08
PONNIERODE, EQ, 08-May-2026,316.0,318.0,321.25,314.1,316.8,319.6,317.98,22982,73.08,633,13119.0, 57.08,2026-05-08
POONAWALLA, EQ, 08-May-2026,455.7,457.75,468.3,451.8,461.5,462.3,461.98,3051588,14097.84,41992,1606212.0, 52.64,2026-05-08
POSITRON, ST, 08-May-2026,201.6,211.6,211.65,211.6,211.65,211.65,211.64,6300,13.33,17,6300.0, 100.00,2026-05-08
POWERGRID, EQ, 08-May-2026,313.8,315.2,315.2,310.6,313.85,313.95,313.2,7929393,24834.82,73553,4951172.0, 62.44,2026-05-08
POWERICA, EQ, 08-May-2026,492.05,493.8,523.0,493.8,507.0,509.5,509.81,747768,3812.21,30948,422074.0, 56.44,2026-05-08
POWERINDIA, EQ, 08-May-2026,34875.0,34950.0,35095.0,33445.0,33990.0,34005.0,33987.83,169469,57598.83,49725,66328.0, 39.14,2026-05-08
POWERMECH, EQ, 08-May-2026,2577.6,2584.8,2645.2,2566.0,2610.7,2605.8,2608.69,104927,2737.22,14271,56129.0, 53.49,2026-05-08
PPAP, EQ, 08-May-2026,217.6,216.5,237.0,212.5,235.95,232.25,225.03,70463,158.56,2146,36262.0, 51.46,2026-05-08
PPL, EQ, 08-May-2026,217.58,220.0,220.0,210.0,213.99,213.56,212.73,98445,209.42,5920,61040.0, 62.00,2026-05-08
PPLPHARMA, EQ, 08-May-2026,183.73,183.5,185.47,178.3,179.58,179.85,182.02,6184773,11257.37,52416,1748767.0, 28.28,2026-05-08
PPSL, ST, 08-May-2026,6.95,6.75,6.8,6.75,6.8,6.8,6.79,12000,0.81,4,12000.0, 100.00,2026-05-08
PRABHA, EQ, 08-May-2026,161.33,165.7,165.7,157.52,161.44,159.67,162.54,46876,76.19,689,29465.0, 62.86,2026-05-08
PRADPME, EQ, 08-May-2026,388.5,392.5,411.0,384.0,405.0,403.4,402.12,48129,193.54,1456,33091.0, 68.75,2026-05-08
PRAENG, EQ, 08-May-2026,22.9,23.01,24.99,23.01,24.15,23.9,24.18,178300,43.11,1446,95201.0, 53.39,2026-05-08
PRAJIND, EQ, 08-May-2026,403.6,405.9,406.7,399.0,403.05,403.45,402.25,852339,3428.54,16325,306374.0, 35.95,2026-05-08
PRAKASH, EQ, 08-May-2026,153.47,153.5,155.88,151.5,151.55,152.2,153.52,293650,450.81,4282,137011.0, 46.66,2026-05-08
PRAKASHSTL, EQ, 08-May-2026,4.62,4.73,4.73,4.28,4.6,4.55,4.53,243780,11.04,491,183145.0, 75.13,2026-05-08
PRAMARA, SM, 08-May-2026,343.95,345.0,352.0,340.0,346.0,348.7,343.96,173500,596.76,206,85000.0, 48.99,2026-05-08
PRATHAM, SM, 08-May-2026,142.9,147.45,149.8,143.0,147.35,146.15,147.13,13200,19.42,28,9600.0, 72.73,2026-05-08
PRAVEG, EQ, 08-May-2026,304.7,310.0,310.0,302.9,303.05,303.55,304.83,21671,66.06,583,16416.0, 75.75,2026-05-08
PRAXIS, BE, 08-May-2026,7.66,7.69,7.77,7.5,7.7,7.71,7.66,45995,3.52,84,, -,2026-05-08
PRECAM, EQ, 08-May-2026,163.17,162.1,171.0,160.22,170.0,168.26,167.09,680503,1137.02,6295,311832.0, 45.82,2026-05-08
PRECISION, SM, 08-May-2026,8.0,7.75,8.0,7.65,8.0,8.0,7.85,14000,1.1,7,12000.0, 85.71,2026-05-08
PRECOT, BE, 08-May-2026,626.7,601.2,641.7,601.2,635.95,620.35,627.85,5319,33.4,120,, -,2026-05-08
PRECWIRE, EQ, 08-May-2026,405.7,407.6,423.5,405.9,421.0,421.15,416.13,518597,2158.02,14922,209318.0, 40.36,2026-05-08
PREMCO, EQ, 08-May-2026,460.7,484.9,484.9,455.9,480.0,469.6,467.82,3747,17.53,261,2969.0, 79.24,2026-05-08
PREMEXPLN, EQ, 08-May-2026,559.45,560.1,569.0,548.1,549.7,550.35,554.78,308861,1713.49,6827,129248.0, 41.85,2026-05-08
PREMIER, BE, 08-May-2026,2.98,2.98,2.98,2.88,2.97,2.9,2.92,4599,0.13,28,, -,2026-05-08
PREMIERENE, EQ, 08-May-2026,1018.5,1020.0,1040.0,1008.6,1014.9,1011.6,1022.36,795310,8130.95,20571,265856.0, 33.43,2026-05-08
PREMIERPOL, BE, 08-May-2026,56.52,56.89,57.4,55.52,56.9,56.61,56.62,43242,24.48,282,, -,2026-05-08
PREMIUM, SM, 08-May-2026,38.9,38.9,38.9,38.9,38.9,38.9,38.9,3000,1.17,1,3000.0, 100.00,2026-05-08
PRESSTONIC, ST, 08-May-2026,41.85,41.85,41.85,40.45,40.75,40.75,41.05,18400,7.55,16,16800.0, 91.30,2026-05-08
PRESTIGE, EQ, 08-May-2026,1483.5,1480.0,1514.7,1477.8,1495.5,1507.3,1502.09,918187,13792.04,33439,531127.0, 57.85,2026-05-08
PRICOLLTD, EQ, 08-May-2026,618.8,620.7,636.35,608.5,624.0,622.25,626.37,771979,4835.47,36204,330589.0, 42.82,2026-05-08
PRIMECAB, SM, 08-May-2026,110.7,114.4,114.4,109.0,111.75,111.65,110.89,32000,35.48,20,25600.0, 80.00,2026-05-08
PRIMESECU, EQ, 08-May-2026,283.75,282.35,288.9,280.15,288.9,285.75,285.4,18517,52.85,228,15984.0, 86.32,2026-05-08
PRIMO, EQ, 08-May-2026,25.07,25.19,25.29,24.56,24.97,24.89,25.11,136853,34.37,1179,92087.0, 67.29,2026-05-08
PRINCEPIPE, EQ, 08-May-2026,265.95,264.65,269.85,258.2,259.85,259.65,262.11,210640,552.12,3938,113810.0, 54.03,2026-05-08
PRITI, BE, 08-May-2026,45.39,45.7,46.9,44.03,45.95,45.59,45.49,7388,3.36,86,, -,2026-05-08
PRITIKA, SM, 08-May-2026,70.9,70.9,71.9,70.9,71.9,71.9,71.23,6000,4.27,3,6000.0, 100.00,2026-05-08
PRITIKAUTO, EQ, 08-May-2026,14.0,14.2,14.95,13.91,14.7,14.75,14.66,431904,63.34,1499,296687.0, 68.69,2026-05-08
PRIVISCL, EQ, 08-May-2026,3493.5,3515.0,3515.0,3414.9,3498.2,3487.9,3472.38,109355,3797.22,12745,57009.0, 52.13,2026-05-08
PRIZOR, ST, 08-May-2026,715.15,728.95,728.95,680.05,708.95,708.4,694.82,16000,111.17,36,14800.0, 92.50,2026-05-08
PROFX, SM, 08-May-2026,72.0,71.0,73.0,70.5,73.0,72.1,71.55,8000,5.72,5,8000.0, 100.00,2026-05-08
PROLIFE, SM, 08-May-2026,61.85,58.8,58.8,58.8,58.8,58.8,58.8,1000,0.59,2,1000.0, 100.00,2026-05-08
PROPEQUITY, SM, 08-May-2026,214.95,215.55,215.55,215.55,215.55,215.55,215.55,600,1.29,1,600.0, 100.00,2026-05-08
PROSTARM, EQ, 08-May-2026,170.05,169.0,179.0,167.0,169.6,168.14,173.32,1090589,1890.17,11922,359292.0, 32.94,2026-05-08
PROTEAN, EQ, 08-May-2026,601.45,596.95,601.05,582.55,587.0,587.65,590.4,375033,2214.19,15049,173906.0, 46.37,2026-05-08
PROV, SM, 08-May-2026,1320.0,1320.0,1320.0,1320.0,1320.0,1320.0,1320.0,160,2.11,2,160.0, 100.00,2026-05-08
PROZONER, EQ, 08-May-2026,52.76,52.76,53.01,51.3,51.3,52.38,52.29,220235,115.17,1003,106775.0, 48.48,2026-05-08
PRSMJOHNSN, EQ, 08-May-2026,133.55,133.55,134.4,131.41,131.85,131.85,132.47,275070,364.39,7586,166251.0, 60.44,2026-05-08
PRUDENT, EQ, 08-May-2026,2937.2,2937.2,2937.2,2780.0,2830.0,2829.1,2842.44,87311,2481.76,13754,63742.0, 73.01,2026-05-08
PRUDMOULI, EQ, 08-May-2026,17.31,17.79,17.79,16.74,17.6,17.13,17.38,20345,3.54,104,12900.0, 63.41,2026-05-08
PSB, EQ, 08-May-2026,26.01,26.19,26.33,25.0,25.1,25.06,25.24,5012580,1265.32,9336,3023877.0, 60.33,2026-05-08
PSFL, SM, 08-May-2026,32.4,32.1,32.1,32.1,32.1,32.1,32.1,2000,0.64,1,2000.0, 100.00,2026-05-08
PSPPROJECT, EQ, 08-May-2026,850.95,850.0,863.0,826.2,828.95,833.15,847.72,105950,898.16,5466,64226.0, 60.62,2026-05-08
PSRAJ, SM, 08-May-2026,337.0,347.0,348.5,335.0,348.0,345.95,343.41,17000,58.38,29,14000.0, 82.35,2026-05-08
PSUBANK, EQ, 08-May-2026,862.37,862.01,864.23,830.5,837.0,837.23,845.34,46901,396.47,1250,33828.0, 72.13,2026-05-08
PSUBANKADD, EQ, 08-May-2026,86.93,89.1,89.1,83.85,84.5,84.32,85.73,383484,328.77,983,270825.0, 70.62,2026-05-08
PSUBNKBEES, EQ, 08-May-2026,96.16,96.16,96.33,92.75,93.39,93.28,94.02,4992805,4694.05,23165,2785833.0, 55.80,2026-05-08
PSUBNKIETF, EQ, 08-May-2026,87.25,86.51,87.35,84.21,85.0,84.76,85.24,409131,348.72,2660,191880.0, 46.90,2026-05-08
PTC, EQ, 08-May-2026,227.38,227.0,229.38,222.0,222.1,222.81,225.07,1727878,3889.01,19516,880981.0, 50.99,2026-05-08
PTCIL, EQ, 08-May-2026,16814.0,16775.0,17100.0,16715.0,16770.0,16786.0,16878.7,8039,1356.88,2600,4216.0, 52.44,2026-05-08
PTL, EQ, 08-May-2026,40.56,40.55,41.0,40.16,40.58,40.72,40.64,65824,26.75,788,46375.0, 70.45,2026-05-08
PUNJABCHEM, EQ, 08-May-2026,1112.9,1113.5,1134.8,1113.1,1118.2,1123.2,1123.78,3152,35.42,341,2043.0, 64.82,2026-05-08
PURPLEUTED, SM, 08-May-2026,311.4,313.5,342.5,296.05,342.5,342.5,327.14,118500,387.66,316,92000.0, 77.64,2026-05-08
PURVA, EQ, 08-May-2026,221.82,222.45,222.45,217.04,219.0,218.73,218.95,95515,209.13,2996,45218.0, 47.34,2026-05-08
PURVFLEXI, ST, 08-May-2026,63.0,65.4,65.4,65.4,65.4,65.4,65.4,800,0.52,1,800.0, 100.00,2026-05-08
PUSHPA, SM, 08-May-2026,129.5,128.0,128.0,128.0,128.0,128.0,128.0,5000,6.4,5,5000.0, 100.00,2026-05-08
PVP, EQ, 08-May-2026,31.8,31.81,32.34,30.6,30.6,30.9,31.59,3994180,1261.63,9581,691264.0, 17.31,2026-05-08
PVRINOX, EQ, 08-May-2026,1066.1,1061.1,1077.1,1061.1,1075.5,1073.8,1070.88,144843,1551.1,17217,83203.0, 57.44,2026-05-08
PVSL, EQ, 08-May-2026,106.33,106.33,115.5,105.01,115.5,113.28,111.64,211176,235.76,2804,122230.0, 57.88,2026-05-08
PVTBANIETF, EQ, 08-May-2026,26.99,26.18,26.9,26.18,26.75,26.68,26.63,12401224,3301.84,5780,10446388.0, 84.24,2026-05-08
PVTBANKADD, EQ, 08-May-2026,27.0,26.93,26.95,26.5,26.92,26.93,26.87,160435,43.1,234,107530.0, 67.02,2026-05-08
PWL, EQ, 08-May-2026,109.94,109.01,110.79,108.01,108.28,108.53,109.18,1463011,1597.25,19328,669402.0, 45.76,2026-05-08
PYRAMID, EQ, 08-May-2026,174.42,173.69,180.0,173.14,175.01,178.18,176.34,35398,62.42,745,27947.0, 78.95,2026-05-08
QGOLDHALF, EQ, 08-May-2026,124.84,121.85,125.43,121.85,124.5,124.48,124.68,41551,51.81,961,19288.0, 46.42,2026-05-08
QMSMEDI, SM, 08-May-2026,89.0,89.0,89.0,89.0,89.0,89.0,89.0,3000,2.67,3,3000.0, 100.00,2026-05-08
QNIFTY, EQ, 08-May-2026,266.28,265.0,265.4,264.59,264.6,264.69,265.03,1157,3.07,75,566.0, 48.92,2026-05-08
QPOWER, EQ, 08-May-2026,1279.2,1279.1,1314.0,1255.4,1265.2,1265.7,1285.04,646697,8310.29,29434,191492.0, 29.61,2026-05-08
QUADFUTURE, EQ, 08-May-2026,326.85,324.0,325.85,318.55,320.1,321.75,322.64,196385,633.62,6274,76075.0, 38.74,2026-05-08
QUADPRO, SM, 08-May-2026,1.95,2.0,2.0,2.0,2.0,2.0,2.0,12000,0.24,1,12000.0, 100.00,2026-05-08
QUAL30IETF, EQ, 08-May-2026,21.24,21.24,21.63,20.99,21.58,21.33,21.31,77451,16.5,235,56343.0, 72.75,2026-05-08
QUALITY30, EQ, 08-May-2026,20.76,20.7,20.96,20.7,20.8,20.8,20.87,10232,2.14,39,6867.0, 67.11,2026-05-08
QUESS, EQ, 08-May-2026,226.86,225.9,230.55,222.51,223.75,223.59,225.43,472693,1065.59,8627,191939.0, 40.61,2026-05-08
QUESTLAB, ST, 08-May-2026,136.65,137.0,141.95,129.85,129.85,129.85,132.38,91200,120.73,56,80400.0, 88.16,2026-05-08
QUICKHEAL, EQ, 08-May-2026,179.38,179.69,215.25,179.69,215.25,214.51,206.96,9152347,18942.06,61573,1434552.0, 15.67,2026-05-08
QUICKTOUCH, SM, 08-May-2026,27.5,26.55,27.45,26.55,27.0,27.2,27.11,2000,0.54,4,1500.0, 75.00,2026-05-08
QUINT, EQ, 08-May-2026,43.24,43.24,45.0,41.2,42.4,41.94,42.81,2316,0.99,51,1932.0, 83.42,2026-05-08
RACE, BE, 08-May-2026,125.43,127.94,128.49,124.71,126.8,126.44,126.47,88357,111.74,65,, -,2026-05-08
RACLGEAR, EQ, 08-May-2026,1323.3,1285.0,1298.0,1243.9,1270.0,1268.7,1275.11,45427,579.24,4158,21430.0, 47.17,2026-05-08
RADAAN, EQ, 08-May-2026,3.24,3.29,3.32,3.25,3.29,3.28,3.28,15809,0.52,79,10925.0, 69.11,2026-05-08
RADHIKAJWE, EQ, 08-May-2026,66.46,66.11,71.22,65.76,69.25,69.54,69.21,1104581,764.43,9568,465281.0, 42.12,2026-05-08
RADIANTCMS, EQ, 08-May-2026,44.83,45.04,45.3,44.13,44.94,44.66,44.58,92178,41.09,997,49330.0, 53.52,2026-05-08
RADICO, EQ, 08-May-2026,3407.0,3420.8,3522.0,3414.3,3481.9,3477.2,3485.98,866740,30214.42,62133,459163.0, 52.98,2026-05-08
RADIOCITY, BE, 08-May-2026,5.99,6.11,6.2,5.99,6.2,6.16,6.14,118770,7.29,83,, -,2026-05-08
RADIOWALLA, SM, 08-May-2026,38.35,36.65,36.65,36.45,36.6,36.55,36.55,24000,8.77,14,14400.0, 60.00,2026-05-08
RAILTEL, EQ, 08-May-2026,348.25,348.0,349.5,341.2,343.45,342.6,344.62,1324435,4564.26,23232,529717.0, 40.00,2026-05-08
RAIN, EQ, 08-May-2026,134.61,135.0,144.88,134.61,143.5,143.82,140.57,10277955,14447.86,40466,4959177.0, 48.25,2026-05-08
RAINBOW, EQ, 08-May-2026,1292.2,1289.1,1335.0,1276.6,1303.0,1304.5,1311.56,802279,10522.4,31350,564831.0, 70.40,2026-05-08
RAJESHEXPO, BZ, 08-May-2026,122.24,123.87,124.0,121.0,122.9,121.99,122.38,77574,94.93,1462,, -,2026-05-08
RAJINDLTD, SM, 08-May-2026,75.95,71.2,74.8,71.2,73.05,73.05,73.28,13500,9.89,9,7500.0, 55.56,2026-05-08
RAJMET, BE, 08-May-2026,3.99,3.96,4.1,3.96,4.07,4.06,4.03,315562,12.71,614,, -,2026-05-08
RAJOOENG, EQ, 08-May-2026,59.52,59.89,63.0,59.06,61.18,61.55,61.51,931552,573.0,4601,499334.0, 53.60,2026-05-08
RAJPALAYAM, EQ, 08-May-2026,830.05,821.0,853.95,821.0,849.0,848.4,841.86,948,7.98,78,881.0, 92.93,2026-05-08
RAJPUTANA, SM, 08-May-2026,231.65,232.8,232.8,232.8,232.8,232.8,232.8,500,1.16,1,500.0, 100.00,2026-05-08
RAJRATAN, EQ, 08-May-2026,451.7,455.0,460.8,445.0,448.0,446.2,451.6,64197,289.91,3409,32986.0, 51.38,2026-05-08
RAJRILTD, BE, 08-May-2026,21.04,21.04,21.2,20.8,21.0,20.99,21.01,6899,1.45,99,, -,2026-05-08
RAJSREESUG, EQ, 08-May-2026,36.52,36.0,37.96,35.55,35.8,36.24,36.47,40890,14.91,421,27885.0, 68.20,2026-05-08
RAJTV, EQ, 08-May-2026,23.99,24.0,24.48,23.56,23.79,23.72,23.87,17231,4.11,167,7965.0, 46.22,2026-05-08
RALLIS, EQ, 08-May-2026,264.7,264.7,269.8,261.3,267.0,267.95,264.81,393520,1042.1,9575,187553.0, 47.66,2026-05-08
RAMANEWS, EQ, 08-May-2026,32.23,32.0,32.4,31.35,31.76,32.1,31.86,63901,20.36,111,18235.0, 28.54,2026-05-08
RAMAPHO, EQ, 08-May-2026,141.68,143.0,143.0,137.51,138.0,138.0,139.11,42027,58.47,936,26402.0, 62.82,2026-05-08
RAMASTEEL, EQ, 08-May-2026,5.82,5.82,5.88,5.76,5.8,5.78,5.79,3921603,227.19,4866,2907880.0, 74.15,2026-05-08
RAMCOCEM, EQ, 08-May-2026,959.95,964.2,970.0,949.5,953.0,959.5,958.56,485039,4649.41,10331,375258.0, 77.37,2026-05-08
RAMCOIND, EQ, 08-May-2026,287.8,285.0,288.3,282.0,285.0,285.75,285.12,23592,67.27,814,14940.0, 63.33,2026-05-08
RAMCOSYS, EQ, 08-May-2026,414.7,417.0,420.35,409.55,414.0,412.1,414.29,37077,153.61,1351,19765.0, 53.31,2026-05-08
RAMKY, EQ, 08-May-2026,512.15,513.0,513.15,500.45,506.95,503.1,505.88,46144,233.43,1007,27780.0, 60.20,2026-05-08
RAMRAT, EQ, 08-May-2026,454.0,458.5,464.2,440.6,448.0,444.75,453.02,196218,888.9,6847,95982.0, 48.92,2026-05-08
RANASUG, EQ, 08-May-2026,13.9,14.1,14.1,13.55,13.69,13.65,13.79,513636,70.81,1507,366282.0, 71.31,2026-05-08
RANEHOLDIN, EQ, 08-May-2026,1179.5,1165.5,1187.8,1150.0,1177.0,1175.7,1170.32,16393,191.85,1431,9782.0, 59.67,2026-05-08
RAPPID, SM, 08-May-2026,265.75,265.35,265.35,256.3,262.0,262.0,261.19,7800,20.37,13,6000.0, 76.92,2026-05-08
RATEGAIN, EQ, 08-May-2026,634.2,634.0,645.0,629.1,629.25,634.75,636.37,180047,1145.77,10249,96293.0, 53.48,2026-05-08
RATNAMANI, EQ, 08-May-2026,2827.1,2845.0,2881.4,2791.0,2859.0,2869.4,2856.79,60553,1729.87,8968,33358.0, 55.09,2026-05-08
RATNAVEER, EQ, 08-May-2026,178.37,178.8,180.88,175.6,176.0,176.12,177.92,1134008,2017.6,11186,548145.0, 48.34,2026-05-08
RAYMOND, EQ, 08-May-2026,513.8,513.8,521.6,505.6,514.5,515.7,513.62,904451,4645.4,20270,249755.0, 27.61,2026-05-08
RAYMONDLSL, EQ, 08-May-2026,812.15,808.75,819.3,786.0,792.0,788.65,800.38,202114,1617.69,8461,120797.0, 59.77,2026-05-08
RAYMONDREL, EQ, 08-May-2026,635.2,629.95,650.0,614.7,626.65,629.6,630.72,2936677,18522.2,59782,413593.0, 14.08,2026-05-08
RBA, EQ, 08-May-2026,67.66,67.52,68.2,67.0,68.2,68.09,67.88,7090650,4813.07,7077,5799373.0, 81.79,2026-05-08
RBLBANK, EQ, 08-May-2026,345.75,348.0,349.7,339.4,342.4,343.45,345.09,6162654,21266.85,52791,1492199.0, 24.21,2026-05-08
RBMINFRA, SM, 08-May-2026,381.75,381.75,383.65,377.5,380.0,378.9,380.74,11200,42.64,44,9600.0, 85.71,2026-05-08
RBS, ST, 08-May-2026,104.0,104.8,104.8,102.0,102.0,102.0,102.5,6400,6.56,8,5600.0, 87.50,2026-05-08
RBZJEWEL, EQ, 08-May-2026,143.48,145.5,153.0,142.21,151.0,152.0,149.43,139535,208.51,2679,80528.0, 57.71,2026-05-08
RCDL, SM, 08-May-2026,22.05,24.0,24.0,24.0,24.0,24.0,24.0,3000,0.72,1,3000.0, 100.00,2026-05-08
RCF, EQ, 08-May-2026,131.75,131.0,133.7,130.31,130.7,130.58,131.39,1214573,1595.88,11880,491753.0, 40.49,2026-05-08
RCOM, BE, 08-May-2026,0.97,0.97,0.98,0.96,0.98,0.97,0.97,2438062,23.7,1730,, -,2026-05-08
READYMIX, SM, 08-May-2026,92.85,90.0,92.95,89.05,92.95,92.95,90.78,5000,4.54,5,4000.0, 80.00,2026-05-08
RECLTD, EQ, 08-May-2026,359.75,359.75,363.6,356.15,359.25,359.4,359.97,5059153,18211.52,45187,2186130.0, 43.21,2026-05-08
REDINGTON, EQ, 08-May-2026,224.49,224.49,226.45,221.39,223.4,223.02,223.18,1919442,4283.76,40798,879364.0, 45.81,2026-05-08
REDTAPE, EQ, 08-May-2026,130.58,130.02,135.0,129.5,133.55,133.83,133.06,638868,850.05,7443,343612.0, 53.78,2026-05-08
REFEX, EQ, 08-May-2026,264.6,264.6,273.55,262.0,262.3,263.0,266.78,687213,1833.35,9304,346903.0, 50.48,2026-05-08
REFRACTORY, SM, 08-May-2026,39.75,41.3,41.7,41.0,41.7,41.55,41.43,7000,2.9,7,7000.0, 100.00,2026-05-08
REGAAL, EQ, 08-May-2026,87.21,87.49,96.1,85.85,95.55,95.59,93.23,4611854,4299.64,22471,1822036.0, 39.51,2026-05-08
REGENCERAM, EQ, 08-May-2026,44.74,49.76,49.76,43.96,45.0,44.93,45.77,2092,0.96,67,858.0, 41.01,2026-05-08
RELAXO, EQ, 08-May-2026,305.25,306.7,312.1,305.35,310.0,308.85,308.2,163827,504.92,13742,78222.0, 47.75,2026-05-08
RELCHEMQ, EQ, 08-May-2026,125.38,126.0,129.87,124.04,124.55,124.85,125.98,4143,5.22,294,2100.0, 50.69,2026-05-08
RELIABLE, EQ, 08-May-2026,132.42,133.9,133.9,128.0,128.0,130.42,130.69,15509,20.27,284,9959.0, 64.21,2026-05-08
RELIANCE, EQ, 08-May-2026,1436.2,1426.0,1442.8,1417.5,1436.0,1435.2,1428.37,8663105,123741.31,173992,4635608.0, 53.51,2026-05-08
RELIGARE, EQ, 08-May-2026,223.51,223.05,225.45,222.18,223.26,223.0,223.38,1062597,2373.63,9049,619789.0, 58.33,2026-05-08
RELTD, EQ, 08-May-2026,139.61,139.0,140.0,136.92,138.0,138.41,138.52,95445,132.21,1412,56377.0, 59.07,2026-05-08
REMSONSIND, EQ, 08-May-2026,115.21,117.0,125.0,114.0,114.0,115.09,117.69,1292755,1521.38,7837,290082.0, 22.44,2026-05-08
REMUS, SM, 08-May-2026,746.9,755.0,782.85,737.95,776.85,773.95,769.01,9500,73.06,79,6800.0, 71.58,2026-05-08
RENUKA, EQ, 08-May-2026,28.55,28.62,28.74,27.41,27.61,27.59,27.84,8726534,2429.65,22899,4577095.0, 52.45,2026-05-08
REPCOHOME, EQ, 08-May-2026,414.05,413.0,415.95,403.0,405.05,404.4,406.37,116129,471.92,3674,70984.0, 61.13,2026-05-08
REPL, BE, 08-May-2026,78.5,76.8,80.0,76.5,76.8,77.04,77.88,5561,4.33,116,, -,2026-05-08
REPRO, EQ, 08-May-2026,386.85,390.0,393.0,377.35,378.0,382.15,387.87,15764,61.14,649,7679.0, 48.71,2026-05-08
RESPONIND, EQ, 08-May-2026,183.07,183.98,185.82,174.8,175.12,176.31,180.41,117827,212.57,2281,31572.0, 26.80,2026-05-08
RETAIL, EQ, 08-May-2026,21.05,20.95,21.01,20.61,21.0,20.8,20.92,285,0.06,26,227.0, 79.65,2026-05-08
REXPRO, SM, 08-May-2026,43.1,45.25,45.25,43.0,43.0,43.0,44.13,2000,0.88,2,2000.0, 100.00,2026-05-08
RGL, EQ, 08-May-2026,111.42,112.87,115.0,111.97,112.5,113.87,113.72,1464896,1665.88,5930,834746.0, 56.98,2026-05-08
RHETAN, EQ, 08-May-2026,26.81,26.88,27.0,26.5,26.8,26.8,26.77,3744579,1002.46,2670,743404.0, 19.85,2026-05-08
RHFL, BZ, 08-May-2026,2.2,2.31,2.31,2.2,2.31,2.3,2.31,4513326,104.11,2429,, -,2026-05-08
RHIM, EQ, 08-May-2026,411.7,410.0,414.75,407.3,410.9,410.45,410.31,78906,323.76,4055,42248.0, 53.54,2026-05-08
RHL, EQ, 08-May-2026,182.5,182.8,183.0,180.0,182.2,182.98,180.65,2535,4.58,62,2442.0, 96.33,2026-05-08
RICOAUTO, EQ, 08-May-2026,124.1,124.1,128.45,121.81,126.0,126.44,125.97,3701310,4662.37,24820,1252757.0, 33.85,2026-05-08
RIIL, EQ, 08-May-2026,801.7,798.1,806.0,790.0,795.0,794.45,794.5,78073,620.29,3281,28512.0, 36.52,2026-05-08
RIIT, IV, 08-May-2026,110.27,110.27,111.05,110.1,111.0,110.99,110.85,278127,308.3,16248,268809.0, 96.65,2026-05-08
RILINFRA, SM, 08-May-2026,33.9,33.5,34.2,33.5,34.1,34.0,33.97,8100,2.75,32,6700.0, 82.72,2026-05-08
RISHABH, EQ, 08-May-2026,502.5,506.9,543.2,506.0,528.0,527.15,527.59,338385,1785.27,11104,168776.0, 49.88,2026-05-08
RITCO, EQ, 08-May-2026,241.94,244.9,253.44,242.85,246.5,248.09,247.87,66153,163.98,1228,28739.0, 43.44,2026-05-08
RITES, EQ, 08-May-2026,228.82,228.6,230.85,226.54,226.8,227.15,228.02,484092,1103.8,10236,210535.0, 43.49,2026-05-08
RITEZONE, ST, 08-May-2026,26.0,25.9,27.3,25.9,27.3,27.3,27.17,17600,4.78,11,16000.0, 90.91,2026-05-08
RKDL, EQ, 08-May-2026,22.07,21.79,22.5,21.51,21.95,22.22,21.98,16936,3.72,242,8615.0, 50.87,2026-05-08
RKEC, EQ, 08-May-2026,38.14,38.79,38.79,36.37,36.37,37.05,37.56,18814,7.07,445,10332.0, 54.92,2026-05-08
RKFORGE, EQ, 08-May-2026,622.0,623.5,625.0,605.2,607.7,610.25,615.75,643253,3960.81,12000,386921.0, 60.15,2026-05-08
RKSWAMY, EQ, 08-May-2026,93.01,94.99,95.8,93.0,94.4,94.04,94.07,33522,31.53,796,20186.0, 60.22,2026-05-08
RMC, BE, 08-May-2026,461.55,464.0,464.0,439.1,452.4,446.25,452.1,17422,78.76,320,, -,2026-05-08
RMDRIP, EQ, 08-May-2026,19.99,20.0,20.1,19.27,19.54,19.46,19.6,412502,80.83,1860,272101.0, 65.96,2026-05-08
RML, EQ, 08-May-2026,938.7,944.0,945.05,911.0,914.9,917.3,930.16,39037,363.11,2413,15459.0, 39.60,2026-05-08
RNBDENIMS, BE, 08-May-2026,13.55,13.74,13.74,13.14,13.34,13.32,13.38,331530,44.37,818,, -,2026-05-08
RNFI, SM, 08-May-2026,295.0,299.7,302.95,286.5,293.0,290.6,289.76,39600,114.75,51,25200.0, 63.64,2026-05-08
RNPL, SM, 08-May-2026,137.9,135.05,137.0,135.0,135.1,135.1,136.03,7200,9.79,4,7200.0, 100.00,2026-05-08
ROCKINGDCE, SM, 08-May-2026,199.0,199.0,207.0,192.0,207.0,206.55,204.56,5000,10.23,20,4000.0, 80.00,2026-05-08
ROHLTD, EQ, 08-May-2026,344.55,344.55,345.95,340.0,340.5,340.5,342.57,15399,52.75,792,9596.0, 62.32,2026-05-08
ROLEXRINGS, EQ, 08-May-2026,148.08,147.52,154.0,146.51,152.0,150.84,151.21,2944052,4451.84,19079,955801.0, 32.47,2026-05-08
ROLLT, BE, 08-May-2026,2.1,2.0,2.2,2.0,2.2,2.2,2.1,528506,11.09,236,, -,2026-05-08
ROML, EQ, 08-May-2026,44.59,46.39,46.8,45.41,45.71,45.8,46.27,6618,3.06,76,6067.0, 91.67,2026-05-08
ROSSARI, EQ, 08-May-2026,539.3,540.9,560.0,534.0,544.0,544.0,547.27,323346,1769.57,12827,127493.0, 39.43,2026-05-08
ROSSELLIND, EQ, 08-May-2026,58.84,59.42,60.01,56.9,58.19,57.79,57.49,67759,38.95,1258,46274.0, 68.29,2026-05-08
ROSSTECH, EQ, 08-May-2026,1043.05,1034.05,1034.05,901.0,916.0,910.55,954.15,269605,2572.43,14420,151463.0, 56.18,2026-05-08
ROTO, EQ, 08-May-2026,60.77,60.9,60.92,59.3,59.5,59.46,60.01,352277,211.39,3174,181003.0, 51.38,2026-05-08
ROUTE, EQ, 08-May-2026,577.65,575.0,577.5,550.6,552.0,552.5,560.48,572927,3211.15,16786,232408.0, 40.57,2026-05-08
ROXHITECH, ST, 08-May-2026,35.3,34.55,34.55,33.55,33.55,33.55,34.18,12800,4.38,8,12800.0, 100.00,2026-05-08
RPEL, EQ, 08-May-2026,764.7,773.4,809.0,767.0,774.0,794.6,797.83,423933,3382.26,10524,277015.0, 65.34,2026-05-08
RPGLIFE, EQ, 08-May-2026,2492.0,2500.0,2503.3,2434.1,2477.0,2463.1,2462.35,15609,384.35,2761,6208.0, 39.77,2026-05-08
RPOWER, EQ, 08-May-2026,29.12,29.12,29.19,28.6,28.74,28.7,28.78,24546660,7065.33,34696,8833941.0, 35.99,2026-05-08
RPPINFRA, EQ, 08-May-2026,81.05,81.0,81.38,78.32,78.51,79.36,79.87,21087,16.84,546,11169.0, 52.97,2026-05-08
RPPL, EQ, 08-May-2026,17.07,17.2,18.9,17.07,18.41,18.18,18.18,340490,61.91,1151,239588.0, 70.37,2026-05-08
RPSGVENT, EQ, 08-May-2026,984.6,995.0,1083.05,962.05,1083.0,1083.05,1030.51,622985,6419.91,18174,291103.0, 46.73,2026-05-08
RPTECH, EQ, 08-May-2026,511.95,511.8,538.0,510.65,529.85,530.6,528.56,323780,1711.38,10145,173117.0, 53.47,2026-05-08
RRIL, EQ, 08-May-2026,20.24,20.32,20.35,19.71,20.1,20.14,20.18,69781,14.08,199,48184.0, 69.05,2026-05-08
RRKABEL, EQ, 08-May-2026,1927.0,1933.9,1984.0,1907.0,1945.0,1942.4,1937.01,681938,13209.19,34997,311634.0, 45.70,2026-05-08
RSDFIN, EQ, 08-May-2026,85.0,85.0,85.0,85.0,85.0,85.0,85.0,11,0.01,3,11.0, 100.00,2026-05-08
RSL, EQ, 08-May-2026,137.37,137.99,139.9,134.05,134.44,135.09,136.52,255901,349.37,2345,112614.0, 44.01,2026-05-08
RSSOFTWARE, BE, 08-May-2026,36.66,34.83,36.0,34.83,35.15,34.86,35.07,88685,31.1,512,, -,2026-05-08
RSWM, EQ, 08-May-2026,168.99,170.74,173.48,164.01,165.26,166.83,168.61,80706,136.08,1347,44032.0, 54.56,2026-05-08
RSYSTEMS, EQ, 08-May-2026,302.75,303.0,324.7,300.6,308.5,309.05,312.76,1391214,4351.12,24770,399727.0, 28.73,2026-05-08
RTL, ST, 08-May-2026,83.5,82.0,85.9,82.0,85.9,85.9,85.39,54000,46.11,8,54000.0, 100.00,2026-05-08
RTNINDIA, EQ, 08-May-2026,39.72,39.72,39.84,37.67,37.86,37.79,38.42,3816911,1466.32,15126,1803356.0, 47.25,2026-05-08
RTNPOWER, EQ, 08-May-2026,10.29,10.09,10.13,9.92,10.03,10.02,10.02,23689645,2374.01,17649,12637669.0, 53.35,2026-05-08
RUBFILA, EQ, 08-May-2026,74.58,74.58,75.48,73.5,73.66,74.25,74.24,27968,20.76,351,21954.0, 78.50,2026-05-08
RUBICON, EQ, 08-May-2026,951.35,951.35,965.95,935.35,949.05,955.8,950.76,203826,1937.91,17087,89143.0, 43.73,2026-05-08
RUBYMILLS, EQ, 08-May-2026,245.37,245.37,247.0,236.4,238.0,238.37,241.52,16029,38.71,511,9271.0, 57.84,2026-05-08
RUCHINFRA, EQ, 08-May-2026,6.26,6.39,6.39,6.2,6.32,6.27,6.27,43068,2.7,194,28055.0, 65.14,2026-05-08
RUCHIRA, EQ, 08-May-2026,125.52,123.2,125.0,123.0,123.0,123.21,123.54,16683,20.61,266,13347.0, 80.00,2026-05-08
RUDRA, BE, 08-May-2026,20.29,20.74,20.75,20.4,20.55,20.57,20.65,20109,4.15,57,, -,2026-05-08
RULKA, SM, 08-May-2026,116.55,119.0,121.0,116.05,121.0,120.95,120.0,4500,5.4,15,4200.0, 93.33,2026-05-08
RUPA, EQ, 08-May-2026,153.92,153.97,155.39,152.0,152.5,152.45,153.16,83284,127.56,1366,44707.0, 53.68,2026-05-08
RUSHIL, EQ, 08-May-2026,17.46,17.49,17.5,15.78,16.9,16.9,16.87,826346,139.41,2475,337150.0, 40.80,2026-05-08
RUSTOMJEE, EQ, 08-May-2026,429.7,429.6,438.0,424.0,435.0,434.1,433.57,78063,338.46,3418,35311.0, 45.23,2026-05-08
RVHL, EQ, 08-May-2026,41.88,41.88,42.8,40.0,41.87,41.08,40.98,20218,8.28,217,15999.0, 79.13,2026-05-08
RVNL, EQ, 08-May-2026,308.7,308.4,309.35,303.5,305.15,305.0,305.87,5172774,15822.15,41725,1754713.0, 33.92,2026-05-08
RVTH, EQ, 08-May-2026,629.8,629.85,710.0,629.8,710.0,681.0,664.0,2190,14.54,273,1952.0, 89.13,2026-05-08
S&SPOWER, BE, 08-May-2026,405.0,397.0,397.0,396.9,396.9,396.9,396.93,215,0.85,8,, -,2026-05-08
SAAKSHI, SM, 08-May-2026,264.05,264.1,273.5,262.9,268.15,269.05,266.81,17400,46.43,25,14400.0, 82.76,2026-05-08
SAATVIKGL, EQ, 08-May-2026,478.0,475.0,491.9,470.1,471.8,471.15,480.33,93575,449.47,3833,41917.0, 44.80,2026-05-08
SACHEEROME, SM, 08-May-2026,357.95,350.55,361.0,346.1,346.3,350.0,353.22,9900,34.97,30,5700.0, 57.58,2026-05-08
SADBHAV, BE, 08-May-2026,9.05,9.0,9.0,8.9,8.9,8.9,8.93,121187,10.82,106,, -,2026-05-08
SADBHIN, EQ, 08-May-2026,2.89,2.88,2.9,2.78,2.84,2.81,2.82,255945,7.21,293,231077.0, 90.28,2026-05-08
SADHAV, SM, 08-May-2026,116.1,118.7,118.7,114.85,118.0,118.0,116.54,5400,6.29,8,4200.0, 77.78,2026-05-08
SADHNANIQ, BE, 08-May-2026,2.73,2.68,2.68,2.68,2.68,2.68,2.68,6178205,165.58,1061,, -,2026-05-08
SAFARI, EQ, 08-May-2026,1537.9,1537.9,1543.8,1509.0,1520.1,1524.4,1522.32,149635,2277.93,11861,88238.0, 58.97,2026-05-08
SAFEENTP, SM, 08-May-2026,279.65,284.95,284.95,265.1,270.0,268.95,272.78,74000,201.85,134,56500.0, 76.35,2026-05-08
SAGARDEEP, EQ, 08-May-2026,24.44,24.44,24.44,23.8,24.0,24.01,23.99,913,0.22,83,787.0, 86.20,2026-05-08
SAGCEM, EQ, 08-May-2026,193.36,195.0,199.39,187.7,188.1,189.48,193.34,221409,428.06,5367,74126.0, 33.48,2026-05-08
SAGILITY, EQ, 08-May-2026,42.81,42.81,45.14,42.61,44.39,44.19,44.19,41832444,18487.78,88622,17790539.0, 42.53,2026-05-08
SAHAJSOLAR, SM, 08-May-2026,149.3,151.0,158.6,149.3,155.0,154.75,154.95,14000,21.69,34,8800.0, 62.86,2026-05-08
SAHANA, SM, 08-May-2026,814.95,807.25,851.0,807.25,815.0,820.0,829.23,11875,98.47,67,5625.0, 47.37,2026-05-08
SAHASRA, SM, 08-May-2026,337.55,339.0,347.9,331.3,337.0,337.6,339.92,68800,233.86,148,41200.0, 59.88,2026-05-08
SAHLIBHFI, EQ, 08-May-2026,79.81,81.99,81.99,73.0,74.75,75.02,76.18,61256,46.66,1099,46601.0, 76.08,2026-05-08
SAHYADRI, EQ, 08-May-2026,300.25,297.6,314.9,289.95,305.0,304.5,298.48,23243,69.38,719,14513.0, 62.44,2026-05-08
SAIFL, SM, 08-May-2026,8.1,8.0,8.25,7.9,8.25,8.2,8.13,1548000,125.81,219,1280000.0, 82.69,2026-05-08
SAIL, EQ, 08-May-2026,187.28,187.0,187.7,184.15,184.8,184.88,185.85,9202608,17102.98,41281,3433057.0, 37.31,2026-05-08
SAILIFE, EQ, 08-May-2026,1089.7,1085.0,1124.0,1080.0,1117.9,1115.6,1110.17,537579,5968.02,31744,267309.0, 49.72,2026-05-08
SAIPARENT, EQ, 08-May-2026,497.1,504.85,505.1,487.8,490.0,489.85,490.9,147748,725.3,4623,103567.0, 70.10,2026-05-08
SAJHOTELS, SM, 08-May-2026,39.85,40.95,40.95,39.7,39.7,39.7,40.12,6000,2.41,3,6000.0, 100.00,2026-05-08
SAKAR, EQ, 08-May-2026,555.0,550.0,568.85,537.1,542.0,545.5,554.53,94070,521.65,3968,42521.0, 45.20,2026-05-08
SAKHTISUG, EQ, 08-May-2026,19.35,19.6,19.6,18.5,18.8,18.68,18.87,151324,28.56,864,100831.0, 66.63,2026-05-08
SAKSOFT, EQ, 08-May-2026,147.29,146.88,153.19,145.0,148.95,148.78,148.88,384923,573.06,6456,152011.0, 39.49,2026-05-08
SAKUMA, BE, 08-May-2026,1.89,1.92,1.92,1.88,1.92,1.9,1.91,480029,9.17,729,, -,2026-05-08
SALASAR, EQ, 08-May-2026,7.8,7.8,7.8,7.63,7.71,7.68,7.69,2789903,214.51,3644,993105.0, 35.60,2026-05-08
SALONA, EQ, 08-May-2026,293.45,291.0,297.0,280.1,295.0,294.35,291.95,2895,8.45,234,1927.0, 66.56,2026-05-08
SALSTEEL, BE, 08-May-2026,56.99,56.68,57.9,54.66,56.98,56.35,55.97,82020,45.91,497,, -,2026-05-08
SALZERELEC, EQ, 08-May-2026,700.3,699.95,748.0,695.0,735.0,734.4,732.47,385768,2825.64,13464,119730.0, 31.04,2026-05-08
SAMAY, SM, 08-May-2026,39.45,39.45,39.45,39.45,39.45,39.45,39.45,4000,1.58,1,4000.0, 100.00,2026-05-08
SAMBHAAV, BE, 08-May-2026,7.08,7.43,7.43,6.85,7.16,7.18,7.3,55221,4.03,71,, -,2026-05-08
SAMBHV, EQ, 08-May-2026,129.0,129.81,135.0,126.9,130.0,129.57,132.08,3445624,4550.99,27011,1495899.0, 43.41,2026-05-08
SAMHI, EQ, 08-May-2026,158.36,158.39,158.87,155.58,158.58,157.46,156.67,681107,1067.08,5747,339888.0, 49.90,2026-05-08
SAMMAANCAP, EQ, 08-May-2026,151.78,152.75,153.0,147.91,148.78,148.78,149.66,10807016,16173.94,28353,4709695.0, 43.58,2026-05-08
SAMPANN, EQ, 08-May-2026,28.18,28.18,28.5,27.73,28.25,28.0,28.08,43994,12.36,462,33878.0, 77.01,2026-05-08
SANATHAN, EQ, 08-May-2026,457.85,457.85,466.0,450.0,451.1,453.4,458.04,14615,66.94,1280,5991.0, 40.99,2026-05-08
SANCO, BZ, 08-May-2026,3.09,3.23,3.24,2.94,3.24,3.19,3.14,26080,0.82,62,, -,2026-05-08
SANDESH, EQ, 08-May-2026,1095.6,1062.1,1113.0,1062.1,1101.0,1098.3,1083.93,1311,14.21,171,820.0, 62.55,2026-05-08
SANDHAR, EQ, 08-May-2026,528.3,530.0,543.0,515.0,536.5,534.95,535.47,137404,735.76,6093,66253.0, 48.22,2026-05-08
SANDUMA, EQ, 08-May-2026,216.96,230.0,253.9,227.05,242.0,241.11,241.2,31359588,75639.73,280146,4429857.0, 14.13,2026-05-08
SANGAMIND, EQ, 08-May-2026,527.5,530.15,535.0,520.1,523.0,523.0,525.56,28204,148.23,1777,10509.0, 37.26,2026-05-08
SANGHVIMOV, EQ, 08-May-2026,337.75,336.5,345.6,333.2,337.5,338.65,341.22,257214,877.67,5891,126835.0, 49.31,2026-05-08
SANGINITA, BE, 08-May-2026,23.45,24.62,24.62,24.62,24.62,24.62,24.62,48021,11.82,120,, -,2026-05-08
SANOFI, EQ, 08-May-2026,3390.6,3393.5,3400.8,3323.0,3332.9,3330.6,3345.88,35014,1171.53,5745,22563.0, 64.44,2026-05-08
SANOFICONR, EQ, 08-May-2026,4760.7,4708.7,4798.9,4684.2,4775.0,4767.7,4751.14,4754,225.87,1219,2625.0, 55.22,2026-05-08
SANSERA, EQ, 08-May-2026,2548.1,2559.5,2587.9,2510.0,2521.8,2519.8,2555.25,146416,3741.3,22590,84668.0, 57.83,2026-05-08
SANSTAR, EQ, 08-May-2026,92.45,92.4,96.0,91.9,95.0,95.46,94.63,375948,355.74,4894,192418.0, 51.18,2026-05-08
SANWARIA, BZ, 08-May-2026,0.24,0.25,0.25,0.24,0.25,0.24,0.25,2683479,6.66,540,, -,2026-05-08
SAPPHIRE, EQ, 08-May-2026,187.99,185.2,187.05,182.52,183.6,183.72,184.37,830544,1531.24,12138,381170.0, 45.89,2026-05-08
SAPPL, EQ, 08-May-2026,312.95,301.0,318.85,300.45,314.55,309.45,312.57,2067,6.46,44,2043.0, 98.84,2026-05-08
SARDAEN, EQ, 08-May-2026,593.95,594.05,605.85,586.4,591.9,589.15,594.14,396450,2355.46,16551,152600.0, 38.49,2026-05-08
SAREGAMA, EQ, 08-May-2026,349.85,349.85,375.0,346.8,360.0,360.4,362.05,927400,3357.66,29290,288865.0, 31.15,2026-05-08
SARLAPOLY, EQ, 08-May-2026,94.87,95.0,95.59,92.5,93.9,93.04,93.55,67663,63.3,952,48205.0, 71.24,2026-05-08
SARTELE, SM, 08-May-2026,153.45,154.8,155.3,151.4,153.0,152.85,152.62,50000,76.31,83,29500.0, 59.00,2026-05-08
SARVESHWAR, BE, 08-May-2026,3.95,3.96,3.97,3.91,3.96,3.95,3.94,709189,27.97,1210,, -,2026-05-08
SASKEN, EQ, 08-May-2026,1342.7,1355.0,1384.8,1342.7,1360.7,1362.2,1370.29,24786,339.64,1578,10278.0, 41.47,2026-05-08
SATECH, ST, 08-May-2026,50.75,48.3,48.3,48.25,48.25,48.25,48.28,3000,1.45,3,3000.0, 100.00,2026-05-08
SATIA, EQ, 08-May-2026,71.3,71.5,71.89,69.62,71.25,70.92,70.44,82035,57.78,740,57859.0, 70.53,2026-05-08
SATIN, EQ, 08-May-2026,203.79,200.73,215.5,200.73,211.0,212.72,208.75,1150232,2401.05,11077,676753.0, 58.84,2026-05-08
SATIPOLY, SM, 08-May-2026,40.0,41.4,41.4,41.0,41.0,41.0,41.23,1500,0.62,3,1500.0, 100.00,2026-05-08
SATKARTAR, ST, 08-May-2026,197.2,199.0,207.0,199.0,200.0,201.15,202.49,49600,100.43,60,46400.0, 93.55,2026-05-08
SATTVAENGG, SM, 08-May-2026,70.0,68.55,72.2,68.55,71.9,71.9,69.81,16000,11.17,10,9600.0, 60.00,2026-05-08
SAURASHCEM, EQ, 08-May-2026,64.61,64.29,65.09,63.0,64.34,64.16,63.86,106120,67.77,1259,68527.0, 64.58,2026-05-08
SAVY, SM, 08-May-2026,132.1,132.0,132.2,130.0,132.2,132.05,130.95,16800,22.0,10,13200.0, 78.57,2026-05-08
SAWALIYA, SM, 08-May-2026,284.75,299.9,299.9,283.0,284.9,284.9,286.87,3000,8.61,5,1800.0, 60.00,2026-05-08
SAYAJIHOTL, EQ, 08-May-2026,274.8,278.0,285.0,275.0,285.0,285.0,276.6,62,0.17,10,61.0, 98.39,2026-05-08
SBC, EQ, 08-May-2026,33.99,34.22,34.64,34.07,34.46,34.27,34.28,17674962,6059.36,7553,6353247.0, 35.94,2026-05-08
SBCL, EQ, 08-May-2026,621.6,638.25,655.0,583.65,637.0,636.65,634.83,981565,6231.32,39703,355979.0, 36.27,2026-05-08
SBFC, EQ, 08-May-2026,96.76,96.76,101.19,96.19,98.79,98.77,99.6,5618479,5595.92,35199,2983924.0, 53.11,2026-05-08
SBGLP, EQ, 08-May-2026,26.92,27.59,27.6,26.8,26.85,27.0,26.99,128390,34.65,411,109175.0, 85.03,2026-05-08
SBIBPB, EQ, 08-May-2026,49.58,49.72,49.72,47.9,48.31,48.43,48.25,813204,392.4,1385,574183.0, 70.61,2026-05-08
SBICARD, EQ, 08-May-2026,648.15,649.95,650.75,643.8,645.45,645.4,646.19,1302941,8419.44,23464,774891.0, 59.47,2026-05-08
SBIETFCON, EQ, 08-May-2026,119.75,120.95,120.95,118.82,119.87,119.81,119.53,4005,4.79,86,3315.0, 82.77,2026-05-08
SBIETFIT, EQ, 08-May-2026,321.14,324.93,325.2,321.67,324.16,324.84,324.15,8705,28.22,226,6318.0, 72.58,2026-05-08
SBIETFPB, EQ, 08-May-2026,272.17,271.38,271.38,268.34,269.86,269.91,269.25,3074,8.28,97,2392.0, 77.81,2026-05-08
SBIETFQLTY, EQ, 08-May-2026,223.3,224.38,224.96,223.27,224.25,224.18,224.24,1446,3.24,56,1234.0, 85.34,2026-05-08
SBILIFE, EQ, 08-May-2026,1872.2,1874.9,1885.0,1865.2,1875.6,1872.1,1874.55,673259,12620.58,46277,442381.0, 65.71,2026-05-08
SBILIQETF, EQ, 08-May-2026,1037.75,1038.16,1038.18,1038.16,1038.18,1038.18,1038.18,220851,2292.83,91,220002.0, 99.62,2026-05-08
SBIMIDMOM, EQ, 08-May-2026,63.81,64.44,64.5,63.38,63.83,63.79,63.76,17630,11.24,78,9340.0, 52.98,2026-05-08
SBIN, EQ, 08-May-2026,1092.0,1090.0,1095.0,1010.9,1018.4,1019.3,1037.45,48065909,498658.88,592384,21794655.0, 45.34,2026-05-08
SBINEQWETF, EQ, 08-May-2026,33.15,33.31,33.31,32.91,32.91,33.05,33.12,16450,5.45,200,11465.0, 69.70,2026-05-08
SBINMID150, EQ, 08-May-2026,22.76,22.5,22.98,22.5,22.8,22.86,22.81,31463,7.18,114,25586.0, 81.32,2026-05-08
SBISILVER, EQ, 08-May-2026,244.97,245.9,247.34,243.6,245.92,245.53,245.68,1594518,3917.35,10167,680841.0, 42.70,2026-05-08
SCANSTL, EQ, 08-May-2026,38.4,39.65,40.0,38.3,39.5,39.61,39.56,116024,45.9,485,90393.0, 77.91,2026-05-08
SCHAEFFLER, EQ, 08-May-2026,4247.3,4240.1,4260.0,4180.7,4240.0,4247.9,4228.48,73577,3111.19,12296,39636.0, 53.87,2026-05-08
SCHAND, EQ, 08-May-2026,168.13,167.0,175.0,167.0,173.0,172.18,172.87,46491,80.37,830,28804.0, 61.96,2026-05-08
SCHNEIDER, BE, 08-May-2026,1343.4,1336.0,1359.8,1310.0,1348.0,1344.6,1343.38,168452,2262.94,13877,, -,2026-05-08
SCI, EQ, 08-May-2026,319.6,319.5,345.0,318.75,339.1,339.05,337.2,33413486,112670.64,254035,7328776.0, 21.93,2026-05-08
SCILAL, EQ, 08-May-2026,52.07,53.0,54.5,52.26,52.8,52.94,53.34,5392955,2876.75,17205,1357392.0, 25.17,2026-05-08
SCML, SM, 08-May-2026,138.95,138.95,138.95,135.0,135.2,135.3,136.02,8000,10.88,8,6000.0, 75.00,2026-05-08
SCODATUBES, EQ, 08-May-2026,148.23,148.5,161.97,146.76,155.7,155.21,157.48,2233643,3517.54,15674,1112429.0, 49.80,2026-05-08
SCPL, BE, 08-May-2026,464.6,465.3,475.0,445.0,450.1,459.15,468.68,17283,81.0,466,, -,2026-05-08
SDBL, EQ, 08-May-2026,95.26,95.65,98.45,95.26,96.2,96.24,96.76,1240227,1200.02,9679,572344.0, 46.15,2026-05-08
SEAMECLTD, EQ, 08-May-2026,1558.2,1559.7,1576.5,1473.0,1503.0,1501.3,1504.83,66578,1001.89,7099,34829.0, 52.31,2026-05-08
SECMARK, BE, 08-May-2026,138.0,132.6,137.31,132.5,136.55,134.74,135.92,4742,6.45,25,, -,2026-05-08
SECURKLOUD, BE, 08-May-2026,22.98,23.59,23.59,22.37,22.99,22.93,23.08,17815,4.11,83,, -,2026-05-08
SEDEMAC, EQ, 08-May-2026,1935.2,1968.0,2046.0,1950.0,2015.1,2026.1,2011.12,248801,5003.69,45203,126576.0, 50.87,2026-05-08
SEIL, EQ, 08-May-2026,204.7,207.77,213.29,206.07,209.9,211.01,210.25,699640,1471.01,3295,494430.0, 70.67,2026-05-08
SEJALLTD, BE, 08-May-2026,801.65,801.65,830.0,791.0,823.0,819.65,816.19,16131,131.66,303,, -,2026-05-08
SEL, ST, 08-May-2026,196.35,206.15,206.15,206.0,206.15,206.15,206.08,1200,2.47,6,1200.0, 100.00,2026-05-08
SELECTIPO, EQ, 08-May-2026,44.29,44.51,44.52,44.32,44.46,44.46,44.46,20767,9.23,80,17986.0, 86.61,2026-05-08
SELLOWRAP, SM, 08-May-2026,73.0,72.9,73.0,71.0,71.0,71.0,72.3,4800,3.47,3,4800.0, 100.00,2026-05-08
SELMC, EQ, 08-May-2026,31.34,31.0,31.44,30.51,30.51,30.58,30.71,6086,1.87,124,3687.0, 60.58,2026-05-08
SEMAC, EQ, 08-May-2026,280.3,280.3,308.3,280.3,308.3,308.3,305.95,1710,5.23,207,1221.0, 71.40,2026-05-08
SENCO, EQ, 08-May-2026,343.7,343.7,369.0,342.4,368.0,365.4,357.48,2921471,10443.8,53364,1066222.0, 36.50,2026-05-08
SENORES, EQ, 08-May-2026,931.8,939.0,976.0,929.9,969.0,965.55,956.19,363666,3477.34,12631,166331.0, 45.74,2026-05-08
SENSEXADD, EQ, 08-May-2026,80.76,81.78,81.78,79.0,79.63,79.27,79.42,7538,5.99,111,7133.0, 94.63,2026-05-08
SENSEXBETA, EQ, 08-May-2026,857.55,857.0,863.9,851.0,860.9,857.7,853.75,1092,9.32,137,913.0, 83.61,2026-05-08
SENSEXETF, EQ, 08-May-2026,79.8,79.42,79.61,79.1,79.35,79.35,79.38,18209,14.45,335,15049.0, 82.65,2026-05-08
SENSEXIETF, EQ, 08-May-2026,888.61,888.03,892.0,882.83,892.0,885.46,885.23,10304,91.21,785,6431.0, 62.41,2026-05-08
SEPC, EQ, 08-May-2026,8.15,8.09,8.17,8.03,8.08,8.05,8.08,6602454,533.73,4337,3862957.0, 58.51,2026-05-08
SERVICE, ST, 08-May-2026,53.0,53.25,53.5,53.25,53.5,53.35,53.38,12000,6.41,6,12000.0, 100.00,2026-05-08
SERVOTECH, EQ, 08-May-2026,95.91,96.4,97.42,94.0,94.88,95.05,95.8,795938,762.47,5650,346594.0, 43.55,2026-05-08
SESHAPAPER, EQ, 08-May-2026,272.6,273.7,274.65,264.15,266.0,265.05,267.42,18940,50.65,990,14034.0, 74.10,2026-05-08
SETCO, BE, 08-May-2026,26.9,26.37,26.37,26.37,26.37,26.37,26.37,156710,41.32,88,, -,2026-05-08
SETF10GILT, EQ, 08-May-2026,259.59,259.89,259.99,258.56,259.79,259.17,258.83,33547,86.83,78,30540.0, 91.04,2026-05-08
SETFGOLD, EQ, 08-May-2026,128.29,129.82,129.82,127.9,128.07,128.19,128.21,2999173,3845.1,11229,1960941.0, 65.38,2026-05-08
SETFNIF50, EQ, 08-May-2026,259.99,259.69,259.7,258.05,259.0,258.72,258.96,572245,1481.88,7976,369052.0, 64.49,2026-05-08
SETFNIFBK, EQ, 08-May-2026,572.65,571.0,571.0,564.0,566.78,566.23,566.61,277660,1573.24,2377,219978.0, 79.23,2026-05-08
SETFNN50, EQ, 08-May-2026,769.12,771.49,771.5,762.68,767.49,765.35,765.88,27604,211.41,1210,20258.0, 73.39,2026-05-08
SETL, EQ, 08-May-2026,143.03,143.03,145.0,139.05,139.61,139.75,141.29,118304,167.15,1605,73582.0, 62.20,2026-05-08
SEYAIND, BE, 08-May-2026,15.01,15.31,15.31,15.31,15.31,15.31,15.31,5152,0.79,37,, -,2026-05-08
SFL, EQ, 08-May-2026,573.3,579.0,594.0,570.6,577.85,580.85,583.85,197385,1152.43,12416,103297.0, 52.33,2026-05-08
SFML, SM, 08-May-2026,24.6,23.0,25.45,23.0,23.75,23.75,23.77,12800,3.04,8,9600.0, 75.00,2026-05-08
SGBAPR28I, GB, 08-May-2026,15181.11,15180.15,15180.15,15070.0,15140.0,15124.12,15112.33,159,24.03,42,90.0, 56.60,2026-05-08
SGBAUG27, GB, 08-May-2026,15115.5,15115.0,15150.0,15100.0,15100.0,15100.0,15135.15,33,4.99,8,28.0, 84.85,2026-05-08
SGBAUG28V, GB, 08-May-2026,15165.4,15165.0,15200.0,15111.0,15155.0,15149.81,15145.93,971,147.07,99,805.0, 82.90,2026-05-08
SGBAUG29V, GB, 08-May-2026,15245.0,15549.9,15549.9,15150.0,15170.02,15170.02,15215.45,53,8.06,27,34.0, 64.15,2026-05-08
SGBAUG30, GB, 08-May-2026,15362.25,15445.99,15445.99,15210.02,15259.24,15256.07,15278.82,148,22.61,75,108.0, 72.97,2026-05-08
SGBD29VIII, GB, 08-May-2026,15246.08,15199.0,15247.0,15161.0,15247.0,15247.0,15200.17,107,16.26,38,82.0, 76.64,2026-05-08
SGBDC27VII, GB, 08-May-2026,15155.01,15150.0,15150.0,15120.0,15120.0,15120.0,15140.0,3,0.45,3,3.0, 100.00,2026-05-08
SGBDE30III, GB, 08-May-2026,15413.33,15459.56,15494.98,15360.0,15415.0,15405.93,15413.17,125,19.27,46,72.0, 57.60,2026-05-08
SGBDE31III, GB, 08-May-2026,15699.19,15701.01,15773.99,15601.01,15700.0,15678.99,15685.24,692,108.54,134,509.0, 73.55,2026-05-08
SGBDEC26, GB, 08-May-2026,15100.63,15270.0,15270.0,15270.0,15270.0,15270.0,15270.0,2,0.31,1,2.0, 100.00,2026-05-08
SGBFEB27, GB, 08-May-2026,15167.8,15100.0,15100.0,15100.0,15100.0,15100.0,15100.0,42,6.34,3,42.0, 100.00,2026-05-08
SGBFEB28IX, GB, 08-May-2026,15170.0,15018.3,15175.0,15010.0,15101.16,15101.16,15050.78,79,11.89,17,56.0, 70.89,2026-05-08
SGBFEB29XI, GB, 08-May-2026,15170.14,15150.0,15190.0,15100.5,15177.92,15177.94,15161.16,283,42.91,35,135.0, 47.70,2026-05-08
SGBFEB32IV, GB, 08-May-2026,16156.64,16086.01,16218.99,16011.0,16074.0,16063.03,16103.6,1294,208.38,313,648.0, 50.08,2026-05-08
SGBJ28VIII, GB, 08-May-2026,15090.0,15001.0,15180.0,15001.0,15180.0,15140.55,15094.03,3,0.45,3,2.0, 66.67,2026-05-08
SGBJAN29IX, GB, 08-May-2026,15170.0,15170.0,15170.0,15116.51,15145.0,15145.0,15137.85,58,8.78,21,35.0, 60.34,2026-05-08
SGBJAN29X, GB, 08-May-2026,15170.0,15152.0,15177.97,15051.0,15150.0,15158.4,15096.08,155,23.4,28,100.0, 64.52,2026-05-08
SGBJAN30IX, GB, 08-May-2026,15256.99,15300.0,15300.0,15205.0,15205.0,15230.3,15253.74,218,33.25,48,167.0, 76.61,2026-05-08
SGBJU29III, GB, 08-May-2026,15180.0,15152.0,15175.0,15150.0,15170.0,15170.0,15167.64,14,2.12,8,12.0, 85.71,2026-05-08
SGBJUL27, GB, 08-May-2026,15000.0,15100.0,15199.99,15066.03,15066.03,15066.03,15126.42,5,0.76,5,3.0, 60.00,2026-05-08
SGBJUL28IV, GB, 08-May-2026,15147.4,15147.4,15159.99,15037.44,15139.2,15126.3,15082.76,370,55.81,54,326.0, 88.11,2026-05-08
SGBJUL29IV, GB, 08-May-2026,15199.99,15199.99,15199.99,15110.0,15171.0,15171.0,15161.16,224,33.96,18,165.0, 73.66,2026-05-08
SGBJUN27, GB, 08-May-2026,15149.27,15106.0,15106.0,15106.0,15106.0,15106.0,15106.0,1,0.15,1,1.0, 100.00,2026-05-08
SGBJUN28, GB, 08-May-2026,15199.0,15101.0,15150.0,15101.0,15120.03,15120.03,15119.64,57,8.62,16,56.0, 98.25,2026-05-08
SGBJUN29II, GB, 08-May-2026,15177.63,15155.0,15225.0,15130.01,15163.05,15163.05,15169.79,2428,368.32,28,2426.0, 99.92,2026-05-08
SGBJUN30, GB, 08-May-2026,15306.66,15230.0,15431.0,15211.07,15392.0,15295.82,15266.39,317,48.39,91,260.0, 82.02,2026-05-08
SGBJUN31I, GB, 08-May-2026,15587.1,15631.0,15666.0,15550.0,15600.0,15574.84,15610.69,192,29.97,45,117.0, 60.94,2026-05-08
SGBMAR28X, GB, 08-May-2026,15125.0,15110.0,15110.0,15050.12,15080.05,15080.05,15075.2,50,7.54,8,33.0, 66.00,2026-05-08
SGBMAR30X, GB, 08-May-2026,15374.0,15350.0,15350.0,15176.0,15202.0,15202.0,15220.22,9,1.37,6,8.0, 88.89,2026-05-08
SGBMAR31IV, GB, 08-May-2026,15495.49,15700.0,15700.0,15426.2,15499.0,15463.75,15496.59,106,16.43,42,73.0, 68.87,2026-05-08
SGBMAY28, GB, 08-May-2026,15162.0,15100.01,15245.0,15100.01,15170.0,15170.05,15167.4,67,10.16,15,65.0, 97.01,2026-05-08
SGBMAY29I, GB, 08-May-2026,15187.44,15300.0,15300.0,15150.0,15191.0,15186.2,15169.86,1335,202.52,74,1243.0, 93.11,2026-05-08
SGBMR29XII, GB, 08-May-2026,15142.72,15100.0,15235.0,15051.01,15179.99,15135.68,15120.12,640,96.77,84,425.0, 66.41,2026-05-08
SGBN28VIII, GB, 08-May-2026,15198.81,15198.81,15242.0,15152.06,15190.0,15190.0,15168.56,48,7.28,30,44.0, 91.67,2026-05-08
SGBNV29VII, GB, 08-May-2026,15185.36,15112.0,15208.13,15096.0,15200.0,15194.0,15149.79,234,35.45,59,173.0, 73.93,2026-05-08
SGBOC28VII, GB, 08-May-2026,15213.43,15115.3,15115.3,15115.0,15115.0,15115.16,15115.16,5,0.76,3,5.0, 100.00,2026-05-08
SGBOCT27, GB, 08-May-2026,15100.0,15100.0,15100.0,15100.0,15100.0,15100.0,15100.0,7,1.06,3,7.0, 100.00,2026-05-08
SGBSEP27, GB, 08-May-2026,15070.0,15081.0,15081.0,15080.03,15080.03,15080.03,15080.7,16,2.41,3,11.0, 68.75,2026-05-08
SGBSEP28VI, GB, 08-May-2026,15175.0,15160.0,15160.0,15113.2,15113.2,15113.2,15136.6,10,1.51,5,8.0, 80.00,2026-05-08
SGBSEP29VI, GB, 08-May-2026,15228.8,15136.2,15350.0,15068.28,15350.0,15276.36,15141.51,376,56.93,61,228.0, 60.64,2026-05-08
SGBSEP31II, GB, 08-May-2026,15578.22,15649.0,15649.0,15560.0,15560.0,15570.38,15587.26,508,79.18,112,363.0, 71.46,2026-05-08
SGFIN, EQ, 08-May-2026,605.15,602.0,611.95,593.0,600.75,598.65,600.73,344132,2067.3,9742,162892.0, 47.33,2026-05-08
SGIL, EQ, 08-May-2026,561.75,562.0,585.0,560.0,580.0,582.05,576.38,17125,98.71,627,10831.0, 63.25,2026-05-08
SGL, EQ, 08-May-2026,11.76,12.2,12.2,11.76,11.99,12.03,11.95,2042,0.24,25,1532.0, 75.02,2026-05-08
SGMART, EQ, 08-May-2026,553.8,556.0,618.0,556.0,602.9,599.5,598.72,1654781,9907.56,32618,895075.0, 54.09,2026-05-08
SHADOWFAX, EQ, 08-May-2026,170.02,170.02,177.01,167.01,169.09,169.48,172.27,1289599,2221.63,15977,494236.0, 38.32,2026-05-08
SHAH, EQ, 08-May-2026,5.74,5.75,5.8,5.67,5.79,5.78,5.72,2061647,117.95,902,1461269.0, 70.88,2026-05-08
SHAHALLOYS, EQ, 08-May-2026,72.28,71.0,73.75,70.0,73.75,73.75,71.52,2797,2.0,47,1843.0, 65.89,2026-05-08
SHAILY, EQ, 08-May-2026,2673.8,2665.0,2720.0,2621.3,2670.0,2679.2,2675.0,208686,5582.35,18900,67767.0, 32.47,2026-05-08
SHAKTIPUMP, EQ, 08-May-2026,595.4,560.0,561.35,545.9,549.5,550.05,553.07,4053393,22417.98,81028,1571015.0, 38.76,2026-05-08
SHALBY, EQ, 08-May-2026,167.19,166.0,172.0,166.0,170.0,168.6,168.94,89429,151.08,1630,43241.0, 48.35,2026-05-08
SHALPAINTS, EQ, 08-May-2026,56.19,56.7,56.89,55.0,55.69,55.13,55.61,55743,31.0,634,30445.0, 54.62,2026-05-08
SHANKARA, BE, 08-May-2026,113.11,113.95,114.4,109.1,111.97,110.97,112.28,44282,49.72,645,, -,2026-05-08
SHANTHALA, SM, 08-May-2026,26.05,26.0,26.0,26.0,26.0,26.0,26.0,1200,0.31,1,1200.0, 100.00,2026-05-08
SHANTI, EQ, 08-May-2026,7.12,7.27,7.27,6.85,7.2,7.04,7.06,28548,2.01,110,18529.0, 64.90,2026-05-08
SHANTIGEAR, EQ, 08-May-2026,461.0,459.15,465.95,457.05,461.0,462.7,462.76,8721,40.36,466,4651.0, 53.33,2026-05-08
SHANTIGOLD, EQ, 08-May-2026,229.62,229.99,235.62,226.01,226.12,227.22,231.18,615401,1422.71,7772,302848.0, 49.21,2026-05-08
SHARDACROP, EQ, 08-May-2026,1132.2,1132.2,1139.8,1111.2,1126.0,1122.4,1124.68,161195,1812.92,12101,78579.0, 48.75,2026-05-08
SHARDAMOTR, EQ, 08-May-2026,907.8,907.8,923.95,905.0,917.5,909.55,916.32,60053,550.28,4663,26682.0, 44.43,2026-05-08
SHARDUL, EQ, 08-May-2026,30.8,29.4,32.75,25.0,32.45,31.18,29.19,9260,2.7,109,5585.0, 60.31,2026-05-08
SHAREINDIA, EQ, 08-May-2026,148.43,146.0,149.75,146.0,147.85,147.5,148.27,397496,589.37,4390,181670.0, 45.70,2026-05-08
SHARIABEES, EQ, 08-May-2026,467.51,467.51,469.85,465.12,468.65,468.47,468.21,4130,19.34,377,2880.0, 69.73,2026-05-08
SHBAJRG, EQ, 08-May-2026,168.04,168.04,177.0,165.0,177.0,177.0,166.88,1343,2.24,35,1343.0, 100.00,2026-05-08
SHEEL, SM, 08-May-2026,45.75,44.5,44.5,44.5,44.5,44.5,44.5,2000,0.89,1,2000.0, 100.00,2026-05-08
SHEETAL, SM, 08-May-2026,260.6,261.1,270.0,261.1,268.95,268.9,268.42,5500,14.76,8,5500.0, 100.00,2026-05-08
SHEKHAWATI, BE, 08-May-2026,15.3,14.54,15.3,14.54,14.54,14.61,14.71,29318,4.31,133,, -,2026-05-08
SHEMAROO, EQ, 08-May-2026,102.42,103.0,104.7,101.31,103.45,103.4,103.7,5666,5.88,175,3837.0, 67.72,2026-05-08
SHERA, SM, 08-May-2026,160.5,159.7,161.95,155.0,157.15,156.2,158.03,29000,45.83,27,20000.0, 68.97,2026-05-08
SHETHJI, SM, 08-May-2026,125.3,125.5,125.85,124.5,125.3,124.55,125.07,71000,88.8,30,46000.0, 64.79,2026-05-08
SHIGAN, ST, 08-May-2026,72.55,72.0,72.1,72.0,72.1,72.1,72.05,3000,2.16,2,3000.0, 100.00,2026-05-08
SHILCTECH, EQ, 08-May-2026,4389.5,4389.5,4460.0,4255.0,4341.0,4315.0,4324.4,61654,2666.16,9799,24599.0, 39.90,2026-05-08
SHILPAMED, EQ, 08-May-2026,441.7,438.0,447.7,432.05,434.0,437.0,440.36,692480,3049.42,23236,345489.0, 49.89,2026-05-08
SHINDL, EQ, 08-May-2026,152.93,156.0,157.19,151.01,151.22,153.49,155.31,146282,227.2,777,12468.0, 8.52,2026-05-08
SHIVALIK, EQ, 08-May-2026,276.7,280.05,292.0,276.45,281.7,283.6,285.63,93011,265.67,2487,47776.0, 51.37,2026-05-08
SHIVAMAUTO, BE, 08-May-2026,20.19,20.17,20.2,19.3,19.5,19.58,19.7,45204,8.9,175,, -,2026-05-08
SHIVAMILLS, EQ, 08-May-2026,62.64,64.85,68.9,61.0,67.65,68.0,66.63,42816,28.53,340,27047.0, 63.17,2026-05-08
SHIVASHRIT, SM, 08-May-2026,128.9,132.0,135.0,127.55,129.1,129.1,132.45,74000,98.01,66,60000.0, 81.08,2026-05-08
SHIVATEX, EQ, 08-May-2026,175.1,179.0,179.0,172.2,173.57,175.69,175.61,842,1.48,63,381.0, 45.25,2026-05-08
SHK, EQ, 08-May-2026,155.63,155.0,156.53,151.9,152.8,152.83,154.05,263086,405.28,3555,143686.0, 54.62,2026-05-08
SHKSIL, SM, 08-May-2026,46.0,45.0,45.0,45.0,45.0,45.0,45.0,4000,1.8,2,4000.0, 100.00,2026-05-08
SHOPERSTOP, EQ, 08-May-2026,358.5,352.0,364.65,351.5,358.0,357.2,356.34,125366,446.73,4789,31684.0, 25.27,2026-05-08
SHRADHA, EQ, 08-May-2026,38.34,38.1,38.93,36.33,37.19,36.8,36.98,8007,2.96,95,5868.0, 73.29,2026-05-08
SHREDIGCEM, EQ, 08-May-2026,78.78,78.6,80.0,77.66,78.36,78.15,78.98,121460,95.93,1052,81722.0, 67.28,2026-05-08
SHREECEM, EQ, 08-May-2026,25595.0,25590.0,25590.0,25165.0,25280.0,25435.0,25351.45,30524,7738.28,8381,15776.0, 51.68,2026-05-08
SHREEJISPG, EQ, 08-May-2026,420.1,419.5,428.25,414.15,417.0,417.05,423.53,660451,2797.22,5882,163558.0, 24.76,2026-05-08
SHREEKARNI, SM, 08-May-2026,452.05,443.5,444.0,442.0,442.0,442.0,443.01,1050,4.65,4,1050.0, 100.00,2026-05-08
SHREEOSFM, SM, 08-May-2026,69.0,69.0,71.9,69.0,69.6,69.6,70.13,17000,11.92,11,9000.0, 52.94,2026-05-08
SHREEPUSHK, EQ, 08-May-2026,388.05,389.6,423.0,387.95,410.0,411.8,412.13,358723,1478.41,9952,103523.0, 28.86,2026-05-08
SHREERAMA, EQ, 08-May-2026,49.41,49.65,52.1,49.5,50.59,50.28,50.44,160295,80.86,1367,85472.0, 53.32,2026-05-08
SHREMINVIT, IV, 08-May-2026,101.0,101.05,101.05,100.0,100.0,100.0,100.42,125000,125.53,5,125000.0, 100.00,2026-05-08
SHRENIK, BZ, 08-May-2026,0.41,0.41,0.41,0.4,0.41,0.4,0.4,105102,0.43,131,, -,2026-05-08
SHREYANIND, EQ, 08-May-2026,168.75,170.58,171.95,166.12,171.8,170.79,169.45,2423,4.11,99,1683.0, 69.46,2026-05-08
SHRIAHIMSA, SM, 08-May-2026,263.0,265.0,275.0,260.0,260.3,261.7,272.19,148800,405.01,94,124800.0, 83.87,2026-05-08
SHRIKANHA, ST, 08-May-2026,27.1,26.0,26.0,25.75,25.8,25.85,25.86,6400,1.66,4,4800.0, 75.00,2026-05-08
SHRIKRISH, EQ, 08-May-2026,46.29,46.65,47.88,42.06,45.34,45.45,45.75,3035,1.39,59,2208.0, 72.75,2026-05-08
SHRINGARMS, EQ, 08-May-2026,216.92,217.7,227.0,217.08,224.8,225.5,224.03,2028638,4544.7,14026,659555.0, 32.51,2026-05-08
SHRIPISTON, EQ, 08-May-2026,3605.4,3600.0,3626.9,3556.7,3600.0,3604.4,3592.0,35967,1291.93,7861,15624.0, 43.44,2026-05-08
SHRIRAMFIN, EQ, 08-May-2026,1015.65,1013.0,1013.35,1001.25,1003.05,1007.75,1006.63,5755029,57931.98,95155,4134519.0, 71.84,2026-05-08
SHRIRAMPPS, EQ, 08-May-2026,91.52,91.45,98.89,91.1,96.9,96.89,96.38,4390641,4231.72,19492,2161885.0, 49.24,2026-05-08
SHUBHLAXMI, SM, 08-May-2026,23.15,24.0,24.0,23.1,23.8,23.8,23.66,4000,0.95,4,3000.0, 75.00,2026-05-08
SHUBHSHREE, SM, 08-May-2026,330.0,330.1,330.1,325.0,330.0,330.0,328.88,2100,6.91,7,2100.0, 100.00,2026-05-08
SHYAMCENT, EQ, 08-May-2026,5.94,5.8,5.98,5.75,5.8,5.77,5.8,137737,7.99,398,116634.0, 84.68,2026-05-08
SHYAMDHANI, SM, 08-May-2026,70.05,70.0,70.0,70.0,70.0,70.0,70.0,6000,4.2,3,6000.0, 100.00,2026-05-08
SHYAMMETL, EQ, 08-May-2026,884.05,883.0,926.9,879.9,905.9,903.5,913.4,1446963,13216.55,33999,618899.0, 42.77,2026-05-08
SHYAMTEL, BE, 08-May-2026,24.55,24.06,24.07,24.06,24.07,24.07,24.06,1559,0.38,14,, -,2026-05-08
SICAGEN, EQ, 08-May-2026,57.34,57.34,59.5,53.31,55.0,54.74,55.58,47920,26.63,577,31106.0, 64.91,2026-05-08
SICALLOG, BE, 08-May-2026,66.47,66.5,67.92,66.0,67.0,66.68,66.73,9943,6.63,53,, -,2026-05-08
SIDDHICOTS, ST, 08-May-2026,31.0,30.5,31.0,30.15,30.15,30.15,30.49,7200,2.2,6,7200.0, 100.00,2026-05-08
SIDDHIKA, SM, 08-May-2026,232.0,230.0,231.9,230.0,231.9,231.9,230.95,1000,2.31,2,1000.0, 100.00,2026-05-08
SIEMENS, EQ, 08-May-2026,3871.5,3871.6,3906.9,3786.0,3834.0,3822.6,3823.31,366353,14006.81,34564,149788.0, 40.89,2026-05-08
SIGACHI, BE, 08-May-2026,20.9,20.82,21.94,20.75,21.94,21.94,21.73,1188466,258.24,1599,, -,2026-05-08
SIGIND, EQ, 08-May-2026,51.99,53.7,53.7,50.93,52.87,51.8,51.51,10806,5.57,187,6372.0, 58.97,2026-05-08
SIGMA, EQ, 08-May-2026,46.56,46.5,46.98,45.72,46.59,46.41,46.36,45745,21.21,719,31154.0, 68.10,2026-05-08
SIGMAADV, BE, 08-May-2026,307.5,310.1,322.85,308.0,322.85,322.85,321.06,395403,1269.48,1837,, -,2026-05-08
SIGNATURE, EQ, 08-May-2026,903.75,903.0,910.0,894.0,903.0,905.25,899.55,217244,1954.21,5598,35943.0, 16.54,2026-05-08
SIGNPOST, EQ, 08-May-2026,298.35,298.35,298.5,291.0,296.95,296.25,294.74,28120,82.88,804,13906.0, 49.45,2026-05-08
SIKA, EQ, 08-May-2026,1094.8,1107.5,1199.8,1075.0,1159.0,1159.7,1149.97,76567,880.5,5366,30355.0, 39.65,2026-05-08
SIKKO, EQ, 08-May-2026,4.75,4.82,4.85,4.67,4.7,4.7,4.77,410587,19.57,826,280261.0, 68.26,2026-05-08
SIL, EQ, 08-May-2026,15.99,16.25,16.49,15.36,16.32,16.28,16.08,23551,3.79,376,16507.0, 70.09,2026-05-08
SILGO, EQ, 08-May-2026,79.66,80.37,83.51,77.0,77.25,79.18,81.58,936691,764.18,3789,438947.0, 46.86,2026-05-08
SILINV, EQ, 08-May-2026,469.0,464.75,480.85,462.15,466.85,467.15,472.45,2386,11.27,215,1481.0, 62.07,2026-05-08
SILKFLEX, ST, 08-May-2026,204.0,202.0,202.0,193.8,201.0,200.25,195.47,28000,54.73,19,26000.0, 92.86,2026-05-08
SILKY, SM, 08-May-2026,135.0,135.0,135.0,134.0,134.0,134.0,134.67,2400,3.23,2,2400.0, 100.00,2026-05-08
SILLYMONKS, EQ, 08-May-2026,17.16,17.9,17.9,16.7,16.98,17.0,17.1,1602,0.27,124,1244.0, 77.65,2026-05-08
SILVER, EQ, 08-May-2026,249.56,250.36,251.99,248.2,250.5,250.36,250.42,1900017,4758.07,12960,554628.0, 29.19,2026-05-08
SILVER1, EQ, 08-May-2026,24.3,24.32,24.56,24.15,24.35,24.37,24.38,7878917,1920.57,6307,3897183.0, 49.46,2026-05-08
SILVER360, EQ, 08-May-2026,245.09,245.7,249.71,243.99,246.1,248.17,246.86,67426,166.45,1050,46708.0, 69.27,2026-05-08
SILVERADD, EQ, 08-May-2026,241.6,242.07,243.69,239.9,242.0,242.11,242.0,356626,863.02,3685,194836.0, 54.63,2026-05-08
SILVERAG, EQ, 08-May-2026,243.55,244.47,245.8,242.1,244.45,244.52,244.3,293790,717.72,3670,127297.0, 43.33,2026-05-08
SILVERBEES, EQ, 08-May-2026,239.44,240.03,241.7,238.02,240.0,240.17,240.2,35037585,84161.33,87992,12708487.0, 36.27,2026-05-08
SILVERBETA, EQ, 08-May-2026,241.77,243.99,244.09,240.26,242.45,242.49,242.36,622948,1509.78,6408,255968.0, 41.09,2026-05-08
SILVERBND, EQ, 08-May-2026,250.23,250.55,252.79,248.42,250.55,250.76,250.83,74419,186.66,783,43327.0, 58.22,2026-05-08
SILVERCASE, EQ, 08-May-2026,25.38,25.39,25.64,25.29,25.46,25.47,25.47,14170671,3609.05,10228,5048009.0, 35.62,2026-05-08
SILVERIETF, EQ, 08-May-2026,249.8,244.4,255.4,244.4,250.6,250.9,250.66,5023693,12592.17,24155,2082893.0, 41.46,2026-05-08
SILVERTUC, EQ, 08-May-2026,167.78,168.2,168.8,163.0,163.8,163.63,166.34,611221,1016.7,4362,208001.0, 34.03,2026-05-08
SIMPLEXINF, EQ, 08-May-2026,228.44,230.03,230.03,220.2,223.0,223.3,223.82,56437,126.32,713,35785.0, 63.41,2026-05-08
SINCLAIR, EQ, 08-May-2026,81.37,82.63,82.95,81.01,81.6,81.8,81.86,17017,13.93,765,7406.0, 43.52,2026-05-08
SINDHUTRAD, EQ, 08-May-2026,23.48,23.55,24.4,23.26,23.5,23.41,23.64,2481368,586.59,2259,1303939.0, 52.55,2026-05-08
SINGERIND, EQ, 08-May-2026,73.27,72.54,74.38,71.0,73.5,71.82,72.68,31560,22.94,654,18407.0, 58.32,2026-05-08
SINTERCOM, EQ, 08-May-2026,78.51,80.47,80.47,78.0,79.0,78.97,78.99,238590,188.46,257,235133.0, 98.55,2026-05-08
SIRCA, EQ, 08-May-2026,425.35,438.9,444.7,417.05,424.9,423.1,426.57,3486664,14873.08,28255,1595982.0, 45.77,2026-05-08
SIS, EQ, 08-May-2026,398.15,400.4,409.25,386.0,387.0,390.25,397.81,127757,508.23,6240,61456.0, 48.10,2026-05-08
SITINET, BZ, 08-May-2026,0.36,0.37,0.37,0.35,0.37,0.36,0.36,422426,1.54,203,, -,2026-05-08
SIYSIL, EQ, 08-May-2026,601.15,607.0,612.0,592.35,593.0,594.55,601.17,93773,563.74,3611,40084.0, 42.75,2026-05-08
SJLOGISTIC, SM, 08-May-2026,320.75,325.0,325.0,312.55,315.0,316.4,317.0,22250,70.53,69,16500.0, 74.16,2026-05-08
SJS, EQ, 08-May-2026,1996.9,1990.0,2033.5,1971.4,2007.0,2012.5,2006.43,264250,5301.98,15630,164371.0, 62.20,2026-05-08
SJVN, EQ, 08-May-2026,79.89,79.5,80.09,78.5,78.7,78.79,79.23,2986750,2366.38,17491,1301428.0, 43.57,2026-05-08
SKFINDIA, EQ, 08-May-2026,1730.0,1743.5,1777.1,1726.9,1770.0,1764.9,1756.34,44533,782.15,6364,22509.0, 50.54,2026-05-08
SKFINDUS, EQ, 08-May-2026,2158.0,2160.0,2194.0,2140.2,2151.0,2153.1,2172.85,21325,463.36,4197,14647.0, 68.68,2026-05-08
SKIPPER, EQ, 08-May-2026,482.3,474.5,477.45,461.0,466.9,466.2,469.07,1147949,5384.7,38884,553709.0, 48.23,2026-05-08
SKMEGGPROD, EQ, 08-May-2026,179.24,180.7,184.5,177.05,184.0,183.71,181.06,189298,342.75,2852,95520.0, 50.46,2026-05-08
SKP, SM, 08-May-2026,160.0,159.0,160.0,153.0,160.0,160.0,157.03,5500,8.64,9,4500.0, 81.82,2026-05-08
SKYGOLD, EQ, 08-May-2026,497.05,496.25,549.9,489.95,541.0,541.25,529.33,3802176,20126.22,64203,1414260.0, 37.20,2026-05-08
SLONE, SM, 08-May-2026,200.0,200.0,200.0,195.0,195.0,197.5,197.5,800,1.58,2,800.0, 100.00,2026-05-08
SMALL250, EQ, 08-May-2026,17.45,17.88,17.88,17.02,17.47,17.47,17.47,541402,94.58,767,329271.0, 60.82,2026-05-08
SMALLADD, EQ, 08-May-2026,17.41,17.49,17.6,17.42,17.55,17.5,17.5,35822,6.27,114,33107.0, 92.42,2026-05-08
SMALLCAP, EQ, 08-May-2026,46.0,45.7,46.49,45.7,46.19,46.12,46.13,2293409,1057.94,4394,1643612.0, 71.67,2026-05-08
SMARTEN, SM, 08-May-2026,51.2,53.0,53.0,51.0,52.45,52.45,51.87,19200,9.96,15,13200.0, 68.75,2026-05-08
SMARTLINK, EQ, 08-May-2026,150.37,154.0,154.0,148.9,151.0,149.83,150.63,7201,10.85,172,6360.0, 88.32,2026-05-08
SMARTWORKS, EQ, 08-May-2026,461.5,461.0,479.7,455.0,457.0,459.8,467.06,135221,631.56,4594,63431.0, 46.91,2026-05-08
SMCGLOBAL, EQ, 08-May-2026,66.48,67.0,67.2,64.37,65.36,65.49,65.62,262453,172.21,2584,132493.0, 50.48,2026-05-08
SML100CASE, EQ, 08-May-2026,10.57,10.7,10.7,10.56,10.63,10.59,10.62,2152316,228.56,1883,1185375.0, 55.07,2026-05-08
SMLMAH, EQ, 08-May-2026,3888.4,3867.0,3885.8,3790.0,3807.0,3801.2,3828.83,54497,2086.6,6032,28675.0, 52.62,2026-05-08
SMLT, EQ, 08-May-2026,72.54,73.5,74.0,72.62,73.78,73.68,73.37,5463,4.01,143,3671.0, 67.20,2026-05-08
SMSPHARMA, EQ, 08-May-2026,421.5,414.65,427.4,411.0,413.0,416.35,419.42,257978,1082.01,6074,123017.0, 47.69,2026-05-08
SNEHAA, ST, 08-May-2026,46.7,47.0,47.0,45.6,45.75,45.75,46.45,9000,4.18,6,9000.0, 100.00,2026-05-08
SNOWMAN, EQ, 08-May-2026,42.26,42.26,43.0,40.71,41.72,41.76,41.87,298723,125.09,2955,125449.0, 42.00,2026-05-08
SNXT30BEES, EQ, 08-May-2026,42.89,43.75,43.75,42.3,42.77,42.71,42.67,9420,4.02,109,7471.0, 79.31,2026-05-08
SNXT50BETA, EQ, 08-May-2026,92.79,91.32,93.47,91.32,92.42,92.73,92.75,4413,4.09,116,2410.0, 54.61,2026-05-08
SOBHA, EQ, 08-May-2026,1451.0,1454.0,1454.0,1417.1,1425.0,1425.4,1434.64,151942,2179.83,8916,62966.0, 41.44,2026-05-08
SOCL, ST, 08-May-2026,31.65,31.55,32.6,31.5,32.6,32.6,31.88,4800,1.53,3,4800.0, 100.00,2026-05-08
SOFTTECH, BE, 08-May-2026,408.45,414.0,428.85,409.1,427.0,426.2,422.74,75938,321.02,271,, -,2026-05-08
SOLARA, EQ, 08-May-2026,514.85,517.45,547.7,513.65,522.5,525.35,531.93,312368,1661.59,9835,111126.0, 35.58,2026-05-08
SOLARINDS, EQ, 08-May-2026,15887.0,15945.0,16199.0,15900.0,16120.0,16105.0,16084.16,135424,21781.82,27218,51417.0, 37.97,2026-05-08
SOLARWORLD, EQ, 08-May-2026,213.21,215.0,216.38,210.0,213.0,211.21,213.14,160622,342.35,4351,72568.0, 45.18,2026-05-08
SOLEX, EQ, 08-May-2026,1329.2,1339.9,1400.1,1272.0,1288.0,1281.0,1343.2,159054,2136.41,9924,59037.0, 37.12,2026-05-08
SOMANYCERA, EQ, 08-May-2026,472.4,469.0,477.95,460.5,477.0,475.25,472.62,27688,130.86,1119,15447.0, 55.79,2026-05-08
SOMATEX, EQ, 08-May-2026,118.77,121.15,122.02,116.01,116.05,117.05,118.03,10944,12.92,190,6596.0, 60.27,2026-05-08
SOMICONVEY, EQ, 08-May-2026,112.9,110.8,118.0,110.5,114.01,115.23,115.37,43606,50.31,695,22607.0, 51.84,2026-05-08
SONACOMS, EQ, 08-May-2026,578.65,578.65,581.9,574.7,579.65,579.3,579.17,1244286,7206.51,26367,719822.0, 57.85,2026-05-08
SONAL, EQ, 08-May-2026,97.51,96.5,96.5,96.5,96.5,96.5,96.5,1,0.0,1,1.0, 100.00,2026-05-08
SONAMAC, ST, 08-May-2026,39.9,41.0,41.5,37.95,39.0,39.0,38.64,20000,7.73,19,14000.0, 70.00,2026-05-08
SONAMLTD, EQ, 08-May-2026,50.77,50.26,51.29,49.12,50.0,49.94,50.12,9491,4.76,238,6733.0, 70.94,2026-05-08
SONATSOFTW, EQ, 08-May-2026,270.75,275.0,307.9,274.7,296.65,297.15,296.96,29635371,88004.26,272418,1745245.0, 5.89,2026-05-08
SOTAC, SM, 08-May-2026,106.0,106.0,106.0,106.0,106.0,106.0,106.0,1200,1.27,1,1200.0, 100.00,2026-05-08
SOTL, EQ, 08-May-2026,420.15,437.6,455.0,424.35,438.9,438.85,441.6,601402,2655.8,15654,212283.0, 35.30,2026-05-08
SOUTHBANK, EQ, 08-May-2026,41.76,42.1,42.1,40.81,40.96,40.91,41.11,14362817,5904.26,28282,6509493.0, 45.32,2026-05-08
SOUTHWEST, EQ, 08-May-2026,221.81,220.5,223.9,210.5,216.8,216.09,216.22,425968,921.04,7780,198246.0, 46.54,2026-05-08
SPAL, EQ, 08-May-2026,820.8,825.35,830.05,808.7,815.0,812.75,820.64,22546,185.02,1486,12273.0, 54.44,2026-05-08
SPANDANA, EQ, 08-May-2026,279.05,283.0,294.08,281.1,290.0,286.26,287.96,1334395,3842.58,23751,460365.0, 34.50,2026-05-08
SPARC, EQ, 08-May-2026,166.85,167.2,182.59,167.0,173.2,173.09,176.79,8738847,15449.46,86579,2484913.0, 28.44,2026-05-08
SPCENET, EQ, 08-May-2026,4.06,4.08,4.14,3.98,4.02,4.0,4.04,834567,33.73,710,551607.0, 66.09,2026-05-08
SPCL, SM, 08-May-2026,81.55,82.0,83.55,80.1,83.55,82.5,82.17,31200,25.64,49,22200.0, 71.15,2026-05-08
SPEB, SM, 08-May-2026,65.6,68.5,77.8,68.45,76.15,76.15,73.61,112000,82.45,46,78000.0, 69.64,2026-05-08
SPECIALITY, EQ, 08-May-2026,104.02,104.02,108.9,103.82,108.0,107.87,107.32,80090,85.95,1312,38206.0, 47.70,2026-05-08
SPECTRUM, EQ, 08-May-2026,1220.6,1245.0,1263.2,1204.6,1244.0,1252.4,1240.66,15247,189.16,965,10108.0, 66.30,2026-05-08
SPECTSTM, ST, 08-May-2026,60.0,58.7,61.1,57.0,61.1,60.95,57.97,68800,39.88,85,57600.0, 83.72,2026-05-08
SPENCERS, EQ, 08-May-2026,40.53,40.99,41.95,40.1,40.8,40.62,40.94,236919,96.99,1348,162928.0, 68.77,2026-05-08
SPIC, EQ, 08-May-2026,71.69,71.69,72.43,70.42,70.56,70.71,71.22,362791,258.38,2205,179206.0, 49.40,2026-05-08
SPLIL, EQ, 08-May-2026,33.1,33.45,34.25,32.25,33.18,33.17,33.37,2899,0.97,107,1717.0, 59.23,2026-05-08
SPLPETRO, EQ, 08-May-2026,741.0,744.35,749.75,732.65,738.4,739.9,740.74,101186,749.52,4272,71467.0, 70.63,2026-05-08
SPMLINFRA, EQ, 08-May-2026,221.68,223.3,224.9,216.24,218.53,218.37,218.76,312911,684.52,5736,138493.0, 44.26,2026-05-08
SPORTKING, EQ, 08-May-2026,155.64,154.64,156.09,148.56,150.3,150.84,151.47,292830,443.55,5377,149370.0, 51.01,2026-05-08
SPPPOLY, SM, 08-May-2026,14.7,14.75,14.75,14.0,14.0,14.0,14.25,6000,0.86,3,4000.0, 66.67,2026-05-08
SPUNWEB, SM, 08-May-2026,129.4,129.0,129.0,125.0,126.0,126.0,127.33,7200,9.17,6,7200.0, 100.00,2026-05-08
SRD, EQ, 08-May-2026,44.49,45.9,45.9,43.66,44.48,44.02,44.37,33747,14.97,347,19151.0, 56.75,2026-05-08
SREEL, EQ, 08-May-2026,183.5,186.8,186.8,182.99,184.0,183.94,183.77,5831,10.72,152,5184.0, 88.90,2026-05-08
SRF, EQ, 08-May-2026,2771.3,2775.4,2819.3,2770.0,2778.0,2780.8,2791.41,516387,14414.47,43112,235160.0, 45.54,2026-05-08
SRGHFL, EQ, 08-May-2026,299.9,311.0,311.0,295.0,300.15,300.15,304.76,3181,9.69,86,2728.0, 85.76,2026-05-08
SRHHYPOLTD, EQ, 08-May-2026,546.0,558.35,558.35,542.05,545.0,546.75,547.45,14087,77.12,637,9758.0, 69.27,2026-05-08
SRIVASAVI, SM, 08-May-2026,61.75,61.75,61.75,58.5,58.5,58.5,59.88,8000,4.79,6,8000.0, 100.00,2026-05-08
SRM, EQ, 08-May-2026,520.55,516.0,532.0,511.55,515.0,513.25,518.89,131871,684.27,3185,66028.0, 50.07,2026-05-08
SRTL, EQ, 08-May-2026,48.67,48.52,48.52,46.0,48.0,47.84,47.76,59047,28.2,763,31704.0, 53.69,2026-05-08
SSDL, EQ, 08-May-2026,64.29,64.98,64.98,63.1,64.29,64.33,64.18,8434,5.41,258,6338.0, 75.15,2026-05-08
SSEGL, SM, 08-May-2026,403.15,404.0,409.0,397.0,400.0,399.3,403.64,60200,242.99,210,38400.0, 63.79,2026-05-08
SSFL, SM, 08-May-2026,99.9,99.9,99.95,97.5,97.5,98.45,98.92,12500,12.37,25,10500.0, 84.00,2026-05-08
SSFLPP, E1, 08-May-2026,141.8,143.9,157.0,143.9,151.0,147.85,150.39,26894,40.45,1262,22396.0, 83.28,2026-05-08
SSWL, EQ, 08-May-2026,213.86,213.5,213.8,210.66,211.9,211.65,212.13,152720,323.97,6488,69048.0, 45.21,2026-05-08
STALLION, EQ, 08-May-2026,166.49,166.25,166.9,157.3,160.95,160.95,161.86,895083,1448.76,8489,445730.0, 49.80,2026-05-08
STANLEY, EQ, 08-May-2026,173.82,175.5,175.5,169.7,172.88,172.12,173.28,114655,198.67,2134,37140.0, 32.39,2026-05-08
STAR, EQ, 08-May-2026,1146.8,1150.8,1169.8,1144.0,1169.0,1156.9,1154.64,261184,3015.72,15454,117212.0, 44.88,2026-05-08
STARCEMENT, EQ, 08-May-2026,238.56,237.9,239.63,234.53,236.0,236.45,236.9,184396,436.83,3511,105490.0, 57.21,2026-05-08
STARHEALTH, EQ, 08-May-2026,517.45,515.05,532.35,515.05,519.05,520.15,523.64,617480,3233.37,32131,319719.0, 51.78,2026-05-08
STARPAPER, EQ, 08-May-2026,145.68,143.77,145.1,143.77,144.0,144.07,143.97,16250,23.4,120,15187.0, 93.46,2026-05-08
STARTECK, EQ, 08-May-2026,250.41,251.0,255.5,250.0,250.0,251.14,253.34,12705,32.19,528,1361.0, 10.71,2026-05-08
STCINDIA, EQ, 08-May-2026,122.61,122.9,125.39,121.83,122.8,122.41,123.2,53390,65.78,933,18700.0, 35.03,2026-05-08
STEELCAS, EQ, 08-May-2026,293.3,294.9,295.9,286.5,287.25,287.55,289.6,30612,88.65,1135,20576.0, 67.22,2026-05-08
STEELCITY, EQ, 08-May-2026,83.62,82.58,83.84,81.75,82.0,81.99,82.56,11077,9.15,164,8830.0, 79.71,2026-05-08
STEELXIND, EQ, 08-May-2026,10.83,10.81,10.82,10.6,10.66,10.68,10.68,1490347,159.13,2098,962895.0, 64.61,2026-05-08
STEL, EQ, 08-May-2026,491.85,497.0,498.95,486.1,491.95,490.05,491.01,9211,45.23,1182,2628.0, 28.53,2026-05-08
STERTOOLS, EQ, 08-May-2026,259.43,263.8,269.25,259.81,260.26,261.76,264.83,83239,220.44,1969,39891.0, 47.92,2026-05-08
STLNETWORK, EQ, 08-May-2026,30.11,27.38,28.3,27.1,27.1,27.1,27.27,14609654,3983.77,11159,6989874.0, 47.84,2026-05-08
STLTECH, EQ, 08-May-2026,358.05,375.95,375.95,375.95,375.95,375.95,375.95,5664498,21295.68,7370,4242053.0, 74.89,2026-05-08
STOVEKRAFT, EQ, 08-May-2026,549.1,549.1,552.0,542.3,546.5,546.85,546.89,64083,350.46,2630,31870.0, 49.73,2026-05-08
STRIDERS, SM, 08-May-2026,67.3,67.3,67.3,67.3,67.3,67.3,67.3,1600,1.08,1,1600.0, 100.00,2026-05-08
STUDDS, EQ, 08-May-2026,481.4,478.1,481.2,465.0,465.65,466.45,471.05,37498,176.64,2213,22792.0, 60.78,2026-05-08
STUDIOLSD, ST, 08-May-2026,11.0,10.9,11.15,10.9,11.15,11.15,10.97,18000,1.97,9,10000.0, 55.56,2026-05-08
STYL, EQ, 08-May-2026,268.21,266.0,281.9,264.0,270.7,271.95,274.12,821815,2252.74,14160,332794.0, 40.50,2026-05-08
STYLAMIND, EQ, 08-May-2026,2634.8,2700.0,2740.0,2526.0,2529.1,2548.0,2648.82,102152,2705.82,11483,27927.0, 27.34,2026-05-08
STYLEBAAZA, EQ, 08-May-2026,416.95,418.5,425.25,410.3,416.95,414.1,419.24,766341,3212.79,10339,442072.0, 57.69,2026-05-08
STYRENIX, EQ, 08-May-2026,2320.7,2320.7,2360.7,2269.1,2329.0,2334.3,2332.13,27024,630.24,4109,16726.0, 61.89,2026-05-08
SUBAHOTELS, SM, 08-May-2026,148.3,147.0,150.0,144.0,144.85,144.45,147.01,21600,31.75,18,16800.0, 77.78,2026-05-08
SUBEXLTD, EQ, 08-May-2026,10.56,10.55,12.67,10.48,11.56,11.58,11.89,27167088,3230.07,15869,6723408.0, 24.75,2026-05-08
SUBROS, EQ, 08-May-2026,804.9,813.7,819.0,795.45,795.45,800.35,805.75,62539,503.91,4730,27430.0, 43.86,2026-05-08
SUDARCOLOR, EQ, 08-May-2026,366.2,353.05,382.0,353.05,380.7,377.2,374.12,12965,48.5,659,9502.0, 73.29,2026-05-08
SUDARSCHEM, EQ, 08-May-2026,966.05,965.0,966.0,945.2,948.75,947.35,953.89,87144,831.26,6636,35294.0, 40.50,2026-05-08
SUDEEPPHRM, EQ, 08-May-2026,672.3,676.95,679.8,655.1,660.0,658.0,664.46,80018,531.69,2064,47847.0, 59.80,2026-05-08
SUKHJITS, EQ, 08-May-2026,184.78,184.78,192.68,184.69,190.75,190.88,188.99,18957,35.83,1086,8662.0, 45.69,2026-05-08
SULA, EQ, 08-May-2026,176.28,179.7,183.49,176.86,179.21,179.22,179.58,784726,1409.21,15366,323219.0, 41.19,2026-05-08
SUMEETINDS, EQ, 08-May-2026,30.38,30.11,31.0,30.09,30.15,30.16,30.41,73973,22.49,419,45413.0, 61.39,2026-05-08
SUMICHEM, EQ, 08-May-2026,498.9,495.0,498.5,484.0,485.9,485.55,489.65,213040,1043.16,8767,75744.0, 35.55,2026-05-08
SUMIT, BE, 08-May-2026,49.94,49.95,51.45,49.16,49.49,49.53,50.01,23847,11.93,94,, -,2026-05-08
SUMMITSEC, EQ, 08-May-2026,1646.6,1667.0,1690.0,1610.0,1690.0,1667.3,1655.32,7938,131.4,778,4797.0, 60.43,2026-05-08
SUNCLAY, EQ, 08-May-2026,1495.6,1495.6,1507.6,1490.0,1490.0,1492.4,1496.31,3202,47.91,329,2043.0, 63.80,2026-05-08
SUNDARAM, EQ, 08-May-2026,1.38,1.41,1.64,1.38,1.42,1.44,1.46,5553534,81.22,1354,3613341.0, 65.06,2026-05-08
SUNDARMFIN, EQ, 08-May-2026,4739.0,4738.0,4790.0,4693.3,4700.1,4746.4,4744.59,59526,2824.27,9520,32963.0, 55.38,2026-05-08
SUNDRMBRAK, EQ, 08-May-2026,662.75,674.95,674.95,641.0,647.4,641.95,649.92,2154,14.0,187,1647.0, 76.46,2026-05-08
SUNDRMFAST, EQ, 08-May-2026,868.5,869.3,874.9,844.05,846.55,845.45,853.32,58489,499.1,7661,38966.0, 66.62,2026-05-08
SUNDROP, EQ, 08-May-2026,669.95,695.0,695.0,655.5,669.0,670.15,674.19,44179,297.85,1704,23794.0, 53.86,2026-05-08
SUNFLAG, EQ, 08-May-2026,412.3,403.05,423.9,403.05,412.45,415.85,415.2,1347667,5595.48,24184,330022.0, 24.49,2026-05-08
SUNLITE, ST, 08-May-2026,479.15,488.0,503.1,486.0,503.1,503.1,499.1,62400,311.44,160,56700.0, 90.87,2026-05-08
SUNPHARMA, EQ, 08-May-2026,1834.4,1822.0,1857.5,1819.2,1845.0,1847.9,1846.76,2837885,52408.95,80927,1893788.0, 66.73,2026-05-08
SUNREST, SM, 08-May-2026,35.5,37.9,37.9,37.9,37.9,37.9,37.9,1600,0.61,1,1600.0, 100.00,2026-05-08
SUNTECH, SM, 08-May-2026,39.65,39.65,41.3,39.65,39.9,39.9,39.94,99200,39.62,4,99200.0, 100.00,2026-05-08
SUNTECK, EQ, 08-May-2026,348.15,346.0,349.0,343.15,345.05,345.0,345.02,176274,608.19,6796,79264.0, 44.97,2026-05-08
SUNTV, EQ, 08-May-2026,571.1,574.0,575.45,569.0,572.15,573.55,572.25,147822,845.91,6504,46951.0, 31.76,2026-05-08
SUPERHOUSE, EQ, 08-May-2026,155.78,155.0,159.0,153.0,156.4,153.04,155.33,3525,5.48,70,1490.0, 42.27,2026-05-08
SUPERSPIN, EQ, 08-May-2026,5.57,5.58,5.78,5.52,5.6,5.62,5.61,41092,2.31,120,32504.0, 79.10,2026-05-08
SUPRAJIT, EQ, 08-May-2026,433.65,435.95,450.0,431.0,445.95,446.1,443.25,274168,1215.26,7923,96698.0, 35.27,2026-05-08
SUPREME, EQ, 08-May-2026,51.95,52.54,52.54,51.65,52.13,51.82,51.93,7661,3.98,157,4231.0, 55.23,2026-05-08
SUPREMEENG, BZ, 08-May-2026,1.07,1.07,1.07,1.02,1.05,1.04,1.05,70601,0.74,90,, -,2026-05-08
SUPREMEIND, EQ, 08-May-2026,3664.9,3675.0,3693.8,3637.8,3654.0,3654.9,3660.86,138853,5083.21,14771,85342.0, 61.46,2026-05-08
SUPREMEINF, EQ, 08-May-2026,85.01,85.4,86.0,84.14,84.9,84.46,85.25,10311,8.79,118,8074.0, 78.30,2026-05-08
SUPREMEPWR, ST, 08-May-2026,266.15,253.0,253.0,252.85,252.85,252.85,252.87,31000,78.39,45,31000.0, 100.00,2026-05-08
SUPRIYA, EQ, 08-May-2026,701.05,710.1,711.8,698.85,705.0,706.7,705.64,91117,642.95,6658,46103.0, 50.60,2026-05-08
SURAJEST, EQ, 08-May-2026,241.11,242.99,243.04,235.0,239.0,237.58,238.1,54258,129.19,1680,31339.0, 57.76,2026-05-08
SURAJLTD, EQ, 08-May-2026,244.08,245.0,248.99,240.0,245.01,245.07,242.62,1227,2.98,160,361.0, 29.42,2026-05-08
SURAKSHA, EQ, 08-May-2026,287.15,287.95,299.0,285.45,299.0,292.25,289.69,24773,71.76,789,16648.0, 67.20,2026-05-08
SURANASOL, EQ, 08-May-2026,27.69,27.7,29.94,27.51,27.75,27.77,28.39,109473,31.08,908,72244.0, 65.99,2026-05-08
SURANAT&P, EQ, 08-May-2026,19.06,19.06,19.37,18.96,19.09,19.09,19.13,39134,7.49,392,24624.0, 62.92,2026-05-08
SURANI, ST, 08-May-2026,136.0,136.0,136.0,136.0,136.0,136.0,136.0,2800,3.81,8,2800.0, 100.00,2026-05-08
SURYALA, EQ, 08-May-2026,361.8,362.05,380.65,361.2,363.1,365.9,375.07,215,0.81,31,199.0, 92.56,2026-05-08
SURYALAXMI, EQ, 08-May-2026,62.62,63.74,63.74,61.0,61.12,61.35,62.43,10165,6.35,317,6155.0, 60.55,2026-05-08
SURYAROSNI, EQ, 08-May-2026,269.65,268.0,271.2,264.25,265.2,266.0,267.32,739784,1977.58,17232,374460.0, 50.62,2026-05-08
SURYODAY, EQ, 08-May-2026,161.36,168.0,184.79,161.5,179.0,179.93,176.35,9230868,16278.61,63120,1497060.0, 16.22,2026-05-08
SUTLEJTEX, EQ, 08-May-2026,37.99,38.85,38.85,37.55,38.6,38.55,38.45,56181,21.6,153,48500.0, 86.33,2026-05-08
SUVEN, EQ, 08-May-2026,220.4,217.76,226.25,217.76,222.87,222.98,223.2,389715,869.83,8016,233455.0, 59.90,2026-05-08
SUVIDHAA, BE, 08-May-2026,2.93,2.99,3.02,2.93,2.93,2.94,2.96,66414,1.97,159,, -,2026-05-08
SUYOG, EQ, 08-May-2026,796.2,799.9,838.0,799.9,824.95,828.85,823.1,47834,393.72,1994,24405.0, 51.02,2026-05-08
SUZLON, EQ, 08-May-2026,55.65,55.9,55.92,54.57,54.9,54.97,55.36,56797248,31442.35,90538,18410538.0, 32.41,2026-05-08
SVLL, EQ, 08-May-2026,598.35,595.0,598.0,541.0,580.0,580.0,574.18,887,5.09,27,708.0, 79.82,2026-05-08
SVPGLOB, EQ, 08-May-2026,4.08,4.28,4.28,4.14,4.28,4.27,4.27,240827,10.29,205,206494.0, 85.74,2026-05-08
SWANCORP, EQ, 08-May-2026,355.4,354.15,361.7,351.0,353.45,353.05,355.32,1154055,4100.64,23411,354794.0, 30.74,2026-05-08
SWANDEF, BE, 08-May-2026,1867.3,1875.0,1879.7,1831.0,1877.5,1865.7,1859.94,9049,168.31,653,, -,2026-05-08
SWARAJ, SM, 08-May-2026,288.85,289.0,290.0,285.1,285.1,286.1,287.44,65500,188.27,58,41000.0, 62.60,2026-05-08
SWARAJENG, EQ, 08-May-2026,3998.7,4014.0,4039.7,3980.0,3990.0,3999.2,4000.16,11746,469.86,2308,7207.0, 61.36,2026-05-08
SWASTIK, ST, 08-May-2026,24.0,23.55,23.55,23.55,23.55,23.55,23.55,6000,1.41,3,6000.0, 100.00,2026-05-08
SWELECTES, EQ, 08-May-2026,688.6,686.0,691.9,678.25,686.0,682.5,685.36,21480,147.21,1027,9812.0, 45.68,2026-05-08
SWIGGY, EQ, 08-May-2026,279.5,279.95,284.0,275.5,282.8,280.5,280.12,8765662,24554.29,56517,3413805.0, 38.95,2026-05-08
SWSOLAR, EQ, 08-May-2026,219.34,219.3,224.7,216.25,216.85,217.26,219.24,1949676,4274.56,18155,663939.0, 34.05,2026-05-08
SYMPHONY, EQ, 08-May-2026,808.9,808.9,809.05,791.2,792.0,794.3,797.04,118769,946.64,8047,64792.0, 54.55,2026-05-08
SYNCOMF, EQ, 08-May-2026,14.96,14.98,15.14,14.59,14.77,14.67,14.76,2004849,295.94,3966,1192441.0, 59.48,2026-05-08
SYNGENE, EQ, 08-May-2026,467.35,466.6,469.9,456.15,460.75,458.1,462.77,650201,3008.92,16951,234414.0, 36.05,2026-05-08
SYNOPTICS, SM, 08-May-2026,52.8,52.8,55.4,52.8,55.4,55.4,54.58,2400,1.31,4,2400.0, 100.00,2026-05-08
SYRMA, EQ, 08-May-2026,1093.4,1097.0,1136.45,1082.3,1101.0,1100.15,1116.25,1231265,13743.96,58630,432197.0, 35.10,2026-05-08
SYSTANGO, SM, 08-May-2026,280.25,277.95,277.95,271.0,276.55,276.55,272.98,10400,28.39,23,9600.0, 92.31,2026-05-08
SYSTMTXC, EQ, 08-May-2026,68.74,68.5,70.39,66.0,68.0,67.9,68.67,62445,42.88,834,10112.0, 16.19,2026-05-08
TAALTECH, EQ, 08-May-2026,2966.3,2951.5,2996.9,2941.0,2941.0,2953.0,2960.16,816,24.15,90,687.0, 84.19,2026-05-08
TAC, SM, 08-May-2026,485.45,485.45,485.45,463.65,464.0,466.35,469.43,100200,470.37,409,69200.0, 69.06,2026-05-08
TAINWALCHM, EQ, 08-May-2026,205.69,205.0,218.65,205.0,206.5,206.46,209.86,4307,9.04,237,2024.0, 46.99,2026-05-08
TAJGVK, EQ, 08-May-2026,337.75,336.1,336.1,326.9,329.4,328.9,330.4,113039,373.48,2406,60922.0, 53.89,2026-05-08
TAKE, BE, 08-May-2026,34.79,33.06,33.06,33.06,33.06,33.06,33.06,63483,20.99,222,, -,2026-05-08
TALBROAUTO, EQ, 08-May-2026,330.15,330.0,337.0,323.1,323.75,324.7,330.55,85836,283.73,2450,52370.0, 61.01,2026-05-08
TAMBOLIIN, EQ, 08-May-2026,186.87,199.0,213.6,187.01,194.5,192.64,199.15,76351,152.05,1281,42064.0, 55.09,2026-05-08
TANKUP, SM, 08-May-2026,601.0,610.0,631.05,605.0,631.05,631.05,620.67,2250,13.97,9,2250.0, 100.00,2026-05-08
TANLA, EQ, 08-May-2026,574.0,569.85,574.9,561.2,561.95,564.8,567.76,526396,2988.65,19594,180735.0, 34.33,2026-05-08
TARACHAND, EQ, 08-May-2026,65.64,66.6,66.6,58.61,61.18,60.98,61.96,413583,256.28,4158,226719.0, 54.82,2026-05-08
TARAPUR, EQ, 08-May-2026,24.15,23.56,24.79,22.95,23.23,23.06,23.24,82181,19.1,383,57076.0, 69.45,2026-05-08
TARC, EQ, 08-May-2026,140.05,139.9,140.41,135.8,136.21,136.69,137.23,596495,818.59,5076,362950.0, 60.85,2026-05-08
TARIL, EQ, 08-May-2026,328.25,328.0,331.2,322.3,325.05,324.6,325.9,1983527,6464.41,27205,773418.0, 38.99,2026-05-08
TARMAT, BE, 08-May-2026,53.18,53.44,53.44,52.25,53.35,53.15,52.61,5870,3.09,57,, -,2026-05-08
TARSONS, EQ, 08-May-2026,228.53,231.25,233.48,227.07,228.8,227.75,230.1,67991,156.44,1625,35235.0, 51.82,2026-05-08
TASTYBITE, EQ, 08-May-2026,8405.0,8450.0,8924.0,8200.0,8420.0,8425.0,8574.05,19012,1630.1,4816,5935.0, 31.22,2026-05-08
TATACAP, EQ, 08-May-2026,325.8,325.75,325.75,321.1,321.3,321.7,322.61,1318431,4253.39,31956,878610.0, 66.64,2026-05-08
TATACHEM, EQ, 08-May-2026,805.35,805.35,809.7,778.0,782.0,781.55,785.58,1543692,12126.95,34146,577601.0, 37.42,2026-05-08
TATACOMM, EQ, 08-May-2026,1593.5,1593.9,1609.4,1575.1,1582.6,1592.3,1594.46,369396,5889.88,27895,199156.0, 53.91,2026-05-08
TATACONSUM, EQ, 08-May-2026,1151.7,1155.0,1194.0,1155.0,1176.6,1176.2,1175.59,3672201,43170.03,89892,1763552.0, 48.02,2026-05-08
TATAELXSI, EQ, 08-May-2026,4297.4,4275.0,4347.4,4271.0,4321.8,4319.6,4325.09,204444,8842.38,18522,67065.0, 32.80,2026-05-08
TATAGOLD, EQ, 08-May-2026,14.6,14.69,14.69,14.56,14.61,14.59,14.6,56646400,8269.44,71404,18654920.0, 32.93,2026-05-08
TATAINVEST, EQ, 08-May-2026,732.5,734.0,735.25,716.0,719.0,717.6,722.39,439287,3173.35,16014,189044.0, 43.03,2026-05-08
TATAPOWER, EQ, 08-May-2026,439.25,438.1,440.6,434.7,435.5,436.0,436.69,4061354,17735.61,57986,1967620.0, 48.45,2026-05-08
TATASTEEL, EQ, 08-May-2026,217.09,217.0,217.4,214.25,214.6,214.49,215.54,17760366,38280.93,123462,8088633.0, 45.54,2026-05-08
TATATECH, EQ, 08-May-2026,629.25,629.0,636.0,624.75,632.05,630.95,631.3,925870,5844.97,24335,298769.0, 32.27,2026-05-08
TATSILV, EQ, 08-May-2026,24.3,24.54,24.54,24.15,24.39,24.37,24.37,71296545,17375.78,62892,22811952.0, 32.00,2026-05-08
TATVA, EQ, 08-May-2026,1362.3,1370.0,1420.0,1345.1,1354.0,1352.0,1383.13,76846,1062.88,6982,29003.0, 37.74,2026-05-08
TAURIAN, SM, 08-May-2026,275.95,273.5,275.95,273.5,274.6,275.0,275.0,3200,8.8,4,3200.0, 100.00,2026-05-08
TBI, SM, 08-May-2026,67.2,67.15,68.4,66.0,66.45,66.15,67.08,58800,39.44,71,48000.0, 81.63,2026-05-08
TBOTEK, EQ, 08-May-2026,1265.2,1265.2,1280.8,1216.7,1227.0,1238.2,1247.51,57685,719.63,5056,29815.0, 51.69,2026-05-08
TBZ, EQ, 08-May-2026,148.08,147.84,157.0,146.69,154.65,154.01,153.54,760026,1166.93,8927,260774.0, 34.31,2026-05-08
TCC, EQ, 08-May-2026,381.2,390.0,395.0,360.2,372.0,376.65,375.7,13297,49.96,609,6899.0, 51.88,2026-05-08
TCI, EQ, 08-May-2026,979.55,971.0,983.6,966.6,970.8,970.6,974.94,20584,200.68,2546,9066.0, 44.04,2026-05-08
TCIEXP, EQ, 08-May-2026,573.6,566.0,593.55,565.0,568.0,566.5,579.36,47240,273.69,2077,23512.0, 49.77,2026-05-08
TCIFINANCE, EQ, 08-May-2026,14.13,14.95,14.95,14.13,14.38,14.28,14.38,18685,2.69,152,13208.0, 70.69,2026-05-08
TCL, SM, 08-May-2026,96.3,95.0,97.45,95.0,97.45,97.1,96.59,3200,3.09,4,3200.0, 100.00,2026-05-08
TCPLPACK, EQ, 08-May-2026,2809.0,2795.0,2869.9,2785.2,2829.8,2846.2,2814.21,1758,49.47,406,1034.0, 58.82,2026-05-08
TCS, EQ, 08-May-2026,2401.4,2398.0,2407.0,2375.1,2397.2,2394.4,2387.75,3792199,90548.24,184241,2153814.0, 56.80,2026-05-08
TDPOWERSYS, EQ, 08-May-2026,1245.3,1249.7,1277.9,1213.0,1227.9,1219.6,1239.11,947980,11746.5,50665,383540.0, 40.46,2026-05-08
TEAMGTY, EQ, 08-May-2026,260.25,253.0,259.0,250.0,254.0,253.4,253.31,3710,9.4,149,3294.0, 88.79,2026-05-08
TEAMLEASE, EQ, 08-May-2026,1346.4,1340.0,1372.9,1337.1,1344.0,1354.1,1355.26,21179,287.03,2519,9865.0, 46.58,2026-05-08
TECH, EQ, 08-May-2026,31.74,32.08,32.31,31.5,32.1,31.96,31.77,137452,43.67,230,117139.0, 85.22,2026-05-08
TECHD, SM, 08-May-2026,541.9,543.0,554.4,535.2,545.6,547.05,542.23,17100,92.72,50,14100.0, 82.46,2026-05-08
TECHERA, SM, 08-May-2026,215.9,218.0,218.5,213.0,213.0,214.15,215.44,34400,74.11,37,26400.0, 76.74,2026-05-08
TECHLABS, ST, 08-May-2026,234.5,223.05,242.0,223.05,240.0,238.5,233.94,14250,33.34,37,13875.0, 97.37,2026-05-08
TECHM, EQ, 08-May-2026,1448.2,1453.5,1469.8,1448.4,1460.9,1463.0,1463.73,1360644,19916.14,65285,681153.0, 50.06,2026-05-08
TECHNOE, EQ, 08-May-2026,1282.2,1276.8,1289.3,1246.5,1266.0,1257.2,1260.44,281086,3542.91,14938,148037.0, 52.67,2026-05-08
TECHNVISN, EQ, 08-May-2026,5500.0,5500.0,5852.0,5350.0,5482.0,5482.5,5492.19,58,3.19,26,48.0, 82.76,2026-05-08
TECILCHEM, EQ, 08-May-2026,13.43,14.0,14.0,12.5,13.4,13.41,13.27,9165,1.22,78,5597.0, 61.07,2026-05-08
TEGA, EQ, 08-May-2026,1646.3,1646.3,1678.0,1635.0,1659.0,1662.0,1656.62,45549,754.57,4694,25689.0, 56.40,2026-05-08
TEJASNET, EQ, 08-May-2026,533.4,538.4,550.0,510.2,515.5,514.4,521.29,9933676,51783.32,140692,1664449.0, 16.76,2026-05-08
TEMBO, EQ, 08-May-2026,605.95,615.0,615.0,601.1,601.1,605.7,608.35,43742,266.1,1548,23701.0, 54.18,2026-05-08
TENNIND, EQ, 08-May-2026,649.15,643.0,654.45,639.05,640.2,640.45,645.74,340932,2201.53,14988,151741.0, 44.51,2026-05-08
TERASOFT, EQ, 08-May-2026,338.7,331.0,353.0,331.0,349.0,348.1,347.68,18646,64.83,587,10572.0, 56.70,2026-05-08
TEXINFRA, EQ, 08-May-2026,101.92,101.78,103.99,101.2,102.05,102.36,102.81,111171,114.29,764,75572.0, 67.98,2026-05-08
TEXMOPIPES, EQ, 08-May-2026,47.92,47.2,48.28,47.02,47.02,47.07,47.38,22857,10.83,467,13775.0, 60.27,2026-05-08
TEXRAIL, EQ, 08-May-2026,114.89,114.0,116.6,112.9,114.37,114.97,114.57,2324327,2662.87,19436,785407.0, 33.79,2026-05-08
TFCILTD, EQ, 08-May-2026,83.69,83.79,84.61,82.1,83.6,83.48,83.28,6429051,5353.96,13630,4091946.0, 63.65,2026-05-08
TFL, EQ, 08-May-2026,12.28,13.7,13.7,12.16,12.72,12.61,12.49,17149,2.14,96,14727.0, 85.88,2026-05-08
TGBHOTELS, EQ, 08-May-2026,9.48,9.8,9.8,9.31,9.5,9.49,9.47,20849,1.97,73,20525.0, 98.45,2026-05-08
TGL, ST, 08-May-2026,24.7,25.15,25.15,24.6,24.6,24.6,24.86,75600,18.79,107,75600.0, 100.00,2026-05-08
THACKER, EQ, 08-May-2026,1155.0,1155.0,1170.0,1005.0,1170.0,1168.2,1036.98,131,1.36,12,119.0, 90.84,2026-05-08
THAKDEV, EQ, 08-May-2026,134.4,141.12,141.12,141.12,141.12,141.12,141.12,10,0.01,1,10.0, 100.00,2026-05-08
THANGAMAYL, EQ, 08-May-2026,4110.4,4110.4,4299.5,4086.9,4230.0,4246.7,4209.63,186120,7834.96,28280,84070.0, 45.17,2026-05-08
THEINVEST, EQ, 08-May-2026,122.33,124.78,131.0,121.5,122.06,122.7,124.61,29837,37.18,876,15904.0, 53.30,2026-05-08
THEJO, EQ, 08-May-2026,1854.2,1852.9,1859.8,1811.0,1811.1,1817.3,1828.66,2072,37.89,401,878.0, 42.37,2026-05-08
THELEELA, EQ, 08-May-2026,420.75,420.75,425.0,416.95,421.3,423.45,422.44,244186,1031.55,9477,146154.0, 59.85,2026-05-08
THEMISMED, EQ, 08-May-2026,98.94,99.0,100.0,97.1,97.1,97.49,98.47,30460,29.99,653,20320.0, 66.71,2026-05-08
THERMAX, EQ, 08-May-2026,4182.3,4370.0,4759.0,4306.0,4707.0,4677.5,4621.79,3661500,169227.0,276705,547941.0, 14.96,2026-05-08
THOMASCOOK, EQ, 08-May-2026,99.69,100.0,100.52,96.4,97.0,96.76,97.87,959184,938.72,8653,550739.0, 57.42,2026-05-08
THOMASCOTT, EQ, 08-May-2026,309.85,314.0,320.0,301.1,306.05,304.5,309.56,44802,138.69,1812,24188.0, 53.99,2026-05-08
THYROCARE, EQ, 08-May-2026,470.7,493.0,526.0,478.0,486.0,486.5,502.59,10925739,54911.27,252702,1402309.0, 12.83,2026-05-08
TI, EQ, 08-May-2026,469.55,470.0,470.35,458.1,461.4,459.65,464.12,490972,2278.72,11967,286037.0, 58.26,2026-05-08
TICL, EQ, 08-May-2026,23.29,23.6,23.6,22.97,23.2,23.23,23.21,42705,9.91,230,20252.0, 47.42,2026-05-08
TIGERLOGS, EQ, 08-May-2026,41.57,40.05,47.8,40.05,47.05,47.14,45.37,1583613,718.54,5982,699344.0, 44.16,2026-05-08
TIIL, EQ, 08-May-2026,2497.8,2534.9,2534.9,2490.0,2517.3,2501.6,2506.71,3546,88.89,679,2084.0, 58.77,2026-05-08
TIINDIA, EQ, 08-May-2026,3015.5,3008.9,3066.0,2980.0,3032.7,3049.8,3026.84,376943,11409.48,16850,266463.0, 70.69,2026-05-08
TIJARIA, BE, 08-May-2026,4.39,4.4,4.47,4.4,4.4,4.4,4.41,6186,0.27,17,, -,2026-05-08
TIL, EQ, 08-May-2026,216.45,216.45,216.45,202.16,204.51,206.36,209.21,63365,132.56,1473,40733.0, 64.28,2026-05-08
TILPP, E1, 08-May-2026,164.5,166.4,166.4,161.5,162.0,162.08,163.2,3467,5.66,26,3427.0, 98.85,2026-05-08
TIMESCAN, SM, 08-May-2026,42.0,42.0,42.0,42.0,42.0,42.0,42.0,2000,0.84,1,2000.0, 100.00,2026-05-08
TIMETECHNO, EQ, 08-May-2026,187.09,186.1,188.04,182.74,187.2,187.08,185.8,3058243,5682.17,31409,1256775.0, 41.09,2026-05-08
TIMEX, EQ, 08-May-2026,369.0,367.2,373.75,365.15,366.6,369.45,370.02,94744,350.58,2803,63213.0, 66.72,2026-05-08
TIMKEN, EQ, 08-May-2026,3460.1,3460.5,3637.9,3460.5,3599.6,3595.0,3580.17,107649,3854.01,16634,46876.0, 43.55,2026-05-08
TINNARUBR, EQ, 08-May-2026,822.95,834.95,879.65,809.0,831.0,836.7,850.3,80322,682.98,6189,32628.0, 40.62,2026-05-08
TIPSFILMS, EQ, 08-May-2026,387.2,389.25,390.0,379.0,385.75,386.55,384.01,3124,12.0,266,2049.0, 65.59,2026-05-08
TIPSMUSIC, EQ, 08-May-2026,643.2,645.0,654.95,640.8,649.5,648.35,647.53,267825,1734.26,17537,145993.0, 54.51,2026-05-08
TIRUMALCHM, EQ, 08-May-2026,222.04,220.88,222.59,216.0,216.25,217.18,219.23,246621,540.66,4691,122121.0, 49.52,2026-05-08
TIRUPATIFL, BE, 08-May-2026,42.95,42.9,43.99,40.91,43.9,43.57,42.62,325487,138.73,623,, -,2026-05-08
TITAGARH, EQ, 08-May-2026,844.3,842.1,852.0,835.0,840.9,839.95,841.11,779477,6556.22,28576,296717.0, 38.07,2026-05-08
TITAN, EQ, 08-May-2026,4307.5,4314.0,4605.0,4213.4,4517.0,4509.0,4479.27,4777990,214019.18,246822,1388565.0, 29.06,2026-05-08
TMB, EQ, 08-May-2026,743.65,738.9,751.25,725.05,734.4,730.15,738.63,282369,2085.66,12122,156806.0, 55.53,2026-05-08
TMCV, EQ, 08-May-2026,434.05,430.0,437.5,426.0,431.35,431.0,432.92,6852510,29666.05,96287,3101151.0, 45.26,2026-05-08
TMPV, EQ, 08-May-2026,359.25,356.0,357.45,353.7,355.5,355.45,355.56,4615800,16411.9,61257,1634551.0, 35.41,2026-05-08
TNIDETF, EQ, 08-May-2026,81.71,82.11,82.46,81.51,82.46,82.09,81.94,47731,39.11,766,39569.0, 82.90,2026-05-08
TNPETRO, EQ, 08-May-2026,89.42,89.0,90.0,88.01,88.02,88.38,88.78,104119,92.43,1542,55510.0, 53.31,2026-05-08
TNPL, EQ, 08-May-2026,157.0,157.0,158.0,154.4,156.9,156.37,156.0,92303,143.99,1900,56923.0, 61.67,2026-05-08
TNTELE, EQ, 08-May-2026,9.46,9.68,9.69,9.27,9.3,9.37,9.41,13803,1.3,85,11117.0, 80.54,2026-05-08
TOKYOPLAST, BE, 08-May-2026,88.0,87.8,89.7,86.0,86.0,86.6,87.03,3422,2.98,61,, -,2026-05-08
TOLINS, EQ, 08-May-2026,111.59,111.36,112.99,109.11,109.59,110.25,110.2,71229,78.5,1090,39839.0, 55.93,2026-05-08
TOP100CASE, EQ, 08-May-2026,10.58,10.66,10.66,10.45,10.54,10.51,10.53,609599,64.16,1344,479834.0, 78.71,2026-05-08
TOP10ADD, EQ, 08-May-2026,88.27,88.37,88.37,87.51,88.2,87.87,87.73,196630,172.51,1124,144547.0, 73.51,2026-05-08
TOP15IETF, EQ, 08-May-2026,9.97,9.97,9.97,9.86,9.89,9.87,9.89,949508,93.95,408,630998.0, 66.46,2026-05-08
TOP20, EQ, 08-May-2026,8.78,8.78,8.79,8.73,8.77,8.76,8.76,65777,5.76,178,62574.0, 95.13,2026-05-08
TORNTPHARM, EQ, 08-May-2026,4362.7,4350.0,4398.4,4336.7,4385.0,4380.8,4376.21,116850,5113.6,18163,58708.0, 50.24,2026-05-08
TORNTPOWER, EQ, 08-May-2026,1712.5,1715.1,1734.9,1710.0,1717.5,1724.4,1725.73,210301,3629.23,24682,95139.0, 45.24,2026-05-08
TOTAL, EQ, 08-May-2026,59.99,61.78,61.78,58.15,58.25,58.37,60.16,1178,0.71,43,742.0, 62.99,2026-05-08
TOUCHWOOD, EQ, 08-May-2026,78.74,75.31,81.79,75.31,77.6,77.51,78.33,1886,1.48,110,1072.0, 56.84,2026-05-08
TPHQ, EQ, 08-May-2026,0.58,0.58,0.59,0.57,0.58,0.57,0.58,974040,5.67,414,551445.0, 56.61,2026-05-08
TPLPLASTEH, EQ, 08-May-2026,67.04,67.8,67.8,66.26,67.5,66.8,67.07,165268,110.84,744,35253.0, 21.33,2026-05-08
TRACXN, EQ, 08-May-2026,36.21,36.25,36.44,35.35,35.75,35.61,35.91,173365,62.26,14869,83229.0, 48.01,2026-05-08
TRANSPEK, EQ, 08-May-2026,1216.1,1216.0,1250.0,1200.2,1228.0,1244.3,1237.18,2224,27.51,313,1901.0, 85.48,2026-05-08
TRANSRAILL, EQ, 08-May-2026,586.5,581.0,589.45,563.0,569.7,566.8,577.39,963929,5565.65,37622,430112.0, 44.62,2026-05-08
TRANSTEEL, SM, 08-May-2026,139.2,139.2,144.85,138.0,138.6,138.65,141.27,118000,166.7,106,78000.0, 66.10,2026-05-08
TRANSWIND, SM, 08-May-2026,15.25,15.0,15.0,14.5,14.5,14.5,14.75,8000,1.18,2,8000.0, 100.00,2026-05-08
TRANSWORLD, EQ, 08-May-2026,168.4,168.13,169.5,167.0,167.35,167.8,168.07,10241,17.21,287,5756.0, 56.21,2026-05-08
TRAVELFOOD, EQ, 08-May-2026,1250.2,1250.0,1255.7,1242.0,1250.0,1248.0,1247.72,16812,209.77,2718,9188.0, 54.65,2026-05-08
TREEHOUSE, BE, 08-May-2026,7.91,7.7,8.2,7.7,8.14,8.09,7.99,15983,1.28,48,, -,2026-05-08
TREJHARA, EQ, 08-May-2026,173.51,172.03,179.05,169.96,174.39,174.21,174.27,17053,29.72,691,5642.0, 33.09,2026-05-08
TREL, EQ, 08-May-2026,28.08,28.1,29.25,27.9,29.0,28.62,28.54,138095,39.41,892,86929.0, 62.95,2026-05-08
TRENT, EQ, 08-May-2026,4294.1,4283.2,4318.9,4221.9,4245.0,4242.3,4256.72,541763,23061.34,52866,243170.0, 44.88,2026-05-08
TRF, EQ, 08-May-2026,272.2,272.6,277.0,269.1,269.1,272.05,273.74,5799,15.87,259,3282.0, 56.60,2026-05-08
TRIDENT, EQ, 08-May-2026,26.82,26.9,27.11,26.5,26.6,26.57,26.77,6351674,1700.28,16075,2439027.0, 38.40,2026-05-08
TRIGYN, EQ, 08-May-2026,60.58,60.88,63.5,59.51,62.15,63.03,61.79,73930,45.68,1108,43807.0, 59.25,2026-05-08
TRITURBINE, EQ, 08-May-2026,574.1,575.25,604.65,564.3,598.1,597.9,591.68,2294453,13575.88,58999,864710.0, 37.69,2026-05-08
TRIVENI, EQ, 08-May-2026,403.4,406.0,411.0,396.4,402.5,402.4,401.92,449605,1807.07,13779,228401.0, 50.80,2026-05-08
TROM, ST, 08-May-2026,69.05,68.0,68.0,65.6,65.6,65.6,66.36,4200,2.79,7,4200.0, 100.00,2026-05-08
TRU, EQ, 08-May-2026,6.25,6.39,6.54,6.26,6.38,6.42,6.38,121591,7.76,193,82844.0, 68.13,2026-05-08
TRUALT, EQ, 08-May-2026,477.05,479.0,490.0,475.5,483.3,484.8,482.26,351412,1694.71,12958,182129.0, 51.83,2026-05-08
TSFINV, EQ, 08-May-2026,427.6,429.0,429.0,416.35,423.0,421.0,423.11,40834,172.77,2289,23279.0, 57.01,2026-05-08
TTKHLTCARE, EQ, 08-May-2026,935.45,942.0,942.0,920.0,938.35,926.85,933.39,1420,13.25,194,779.0, 54.86,2026-05-08
TTKPRESTIG, EQ, 08-May-2026,533.7,533.0,534.35,517.45,525.0,518.85,523.5,43789,229.23,2895,23265.0, 53.13,2026-05-08
TTL, BE, 08-May-2026,7.51,7.77,7.88,7.41,7.88,7.88,7.82,222594,17.41,173,, -,2026-05-08
TTML, EQ, 08-May-2026,44.86,44.78,44.79,43.7,44.1,44.1,44.14,2235649,986.77,10102,897789.0, 40.16,2026-05-08
TUNWAL, SM, 08-May-2026,35.1,34.35,35.05,34.25,34.3,34.55,34.62,44000,15.23,22,28000.0, 63.64,2026-05-08
TVSELECT, EQ, 08-May-2026,510.75,514.7,518.4,501.75,511.0,505.7,510.25,68654,350.31,2428,31164.0, 45.39,2026-05-08
TVSHLTD, EQ, 08-May-2026,14632.0,14577.0,14672.0,14370.0,14392.0,14430.0,14521.62,2149,312.07,1241,1025.0, 47.70,2026-05-08
TVSMOTOR, EQ, 08-May-2026,3706.7,3654.5,3718.7,3633.1,3701.0,3695.2,3693.05,365671,13504.43,38030,182771.0, 49.98,2026-05-08
TVSSCS, BE, 08-May-2026,122.06,121.5,127.5,120.97,124.88,125.29,124.9,475433,593.81,3441,, -,2026-05-08
TVSSRICHAK, EQ, 08-May-2026,3925.9,3925.9,3965.0,3905.2,3948.5,3942.3,3936.15,2135,84.04,605,1208.0, 56.58,2026-05-08
TVTODAY, EQ, 08-May-2026,118.36,119.9,129.98,119.37,124.0,124.2,125.4,247329,310.15,3497,96809.0, 39.14,2026-05-08
TVVISION, EQ, 08-May-2026,5.38,5.5,5.59,5.22,5.4,5.39,5.37,29636,1.59,141,21152.0, 71.37,2026-05-08
TWCGOLDETF, EQ, 08-May-2026,150.01,153.8,159.9,148.89,154.34,150.14,150.2,2275,3.42,24,2131.0, 93.67,2026-05-08
UBL, EQ, 08-May-2026,1428.2,1429.0,1441.9,1415.5,1417.3,1419.8,1425.0,353212,5033.26,11784,275257.0, 77.93,2026-05-08
UCAL, EQ, 08-May-2026,103.2,103.99,109.0,102.8,108.5,108.8,107.52,19653,21.13,476,15613.0, 79.44,2026-05-08
UCL, ST, 08-May-2026,132.5,133.0,135.15,133.0,135.15,135.15,134.43,6000,8.07,3,6000.0, 100.00,2026-05-08
UCOBANK, EQ, 08-May-2026,27.29,27.34,27.34,26.67,26.79,26.78,26.93,6254419,1684.38,14025,3135966.0, 50.14,2026-05-08
UDS, EQ, 08-May-2026,164.44,169.0,179.9,167.8,177.2,177.0,174.83,1761620,3079.82,18545,718690.0, 40.80,2026-05-08
UEL, EQ, 08-May-2026,160.8,159.1,161.66,156.0,157.21,156.99,159.08,12260,19.5,415,8216.0, 67.01,2026-05-08
UFBL, EQ, 08-May-2026,372.65,368.05,393.95,356.65,384.8,384.2,374.91,98691,370.01,2161,61783.0, 62.60,2026-05-08
UFLEX, EQ, 08-May-2026,445.1,445.9,446.95,436.6,438.0,438.25,439.23,28573,125.5,931,20286.0, 71.00,2026-05-08
UFO, EQ, 08-May-2026,74.18,73.81,79.08,73.12,73.73,74.26,75.96,232223,176.39,2797,100616.0, 43.33,2026-05-08
UGARSUGAR, EQ, 08-May-2026,44.99,44.81,44.94,43.2,43.31,43.66,43.98,167172,73.52,1476,80814.0, 48.34,2026-05-08
UGROCAP, EQ, 08-May-2026,110.1,110.1,110.11,105.25,106.46,106.32,107.53,449744,483.63,5040,295690.0, 65.75,2026-05-08
UHTL, SM, 08-May-2026,50.1,50.0,57.9,50.0,56.0,56.75,55.78,156000,87.01,69,96000.0, 61.54,2026-05-08
UJJIVANSFB, EQ, 08-May-2026,62.67,62.99,65.46,62.0,62.4,62.4,63.62,51422213,32715.4,145420,14439446.0, 28.08,2026-05-08
ULTRACEMCO, EQ, 08-May-2026,12146.0,12090.0,12110.0,11877.0,11951.0,11950.0,11952.48,258727,30924.28,41458,142437.0, 55.05,2026-05-08
ULTRAMAR, EQ, 08-May-2026,414.75,410.0,436.75,410.0,436.75,433.8,426.15,22723,96.83,723,19152.0, 84.28,2026-05-08
UMAEXPORTS, BE, 08-May-2026,25.58,25.58,26.78,25.06,26.13,25.87,25.88,16181,4.19,115,, -,2026-05-08
UMESLTD, BE, 08-May-2026,5.74,5.68,5.75,5.46,5.46,5.46,5.46,45318,2.47,76,, -,2026-05-08
UMIYA-MRO, EQ, 08-May-2026,88.43,88.0,91.5,86.25,89.5,90.48,89.94,33851,30.44,492,20340.0, 60.09,2026-05-08
UNICHEMLAB, EQ, 08-May-2026,392.35,390.0,395.95,383.0,388.0,385.8,387.28,15556,60.25,1150,6993.0, 44.95,2026-05-08
UNIDT, EQ, 08-May-2026,205.91,203.0,206.69,201.02,202.0,202.79,203.76,5495,11.2,240,3530.0, 64.24,2026-05-08
UNIECOM, EQ, 08-May-2026,91.88,91.7,95.5,91.05,95.02,95.06,94.06,664353,624.9,5176,292106.0, 43.97,2026-05-08
UNIENTER, EQ, 08-May-2026,107.11,107.66,109.55,107.01,107.1,107.95,107.98,1955,2.11,41,1379.0, 70.54,2026-05-08
UNIHEALTH, ST, 08-May-2026,436.9,435.85,448.0,415.1,448.0,441.0,428.52,46500,199.26,63,43000.0, 92.47,2026-05-08
UNIINFO, BE, 08-May-2026,12.98,12.98,13.2,12.34,13.0,12.46,12.42,15326,1.9,79,, -,2026-05-08
UNILEX, SM, 08-May-2026,28.0,28.1,28.1,28.1,28.1,28.1,28.1,1600,0.45,1,1600.0, 100.00,2026-05-08
UNIMECH, EQ, 08-May-2026,1064.3,1083.0,1083.0,1040.0,1044.0,1043.9,1055.17,52591,554.92,3593,24273.0, 46.15,2026-05-08
UNIONBANK, EQ, 08-May-2026,167.28,166.5,167.28,164.5,166.5,166.24,165.42,15053176,24901.07,70637,8241101.0, 54.75,2026-05-08
UNIONGOLD, EQ, 08-May-2026,147.7,148.5,148.5,145.15,145.15,146.6,147.09,1933,2.84,70,1412.0, 73.05,2026-05-08
UNIPARTS, EQ, 08-May-2026,558.0,561.0,581.95,555.9,562.6,565.75,571.25,275700,1574.95,7928,108022.0, 39.18,2026-05-08
UNITDSPR, EQ, 08-May-2026,1279.8,1285.0,1291.9,1273.9,1284.0,1280.8,1282.63,1284584,16476.5,49671,690742.0, 53.77,2026-05-08
UNITECH, EQ, 08-May-2026,4.96,4.98,4.99,4.86,4.9,4.89,4.9,3783515,185.52,8631,2518767.0, 66.57,2026-05-08
UNITEDPOLY, EQ, 08-May-2026,33.22,33.38,34.0,32.82,33.0,33.09,33.19,121696,40.39,502,78718.0, 64.68,2026-05-08
UNITEDTEA, EQ, 08-May-2026,547.95,547.95,549.75,539.05,546.0,545.65,543.22,801,4.35,104,509.0, 63.55,2026-05-08
UNIVASTU, EQ, 08-May-2026,74.54,76.0,76.0,73.3,73.49,73.61,74.2,59315,44.01,475,48524.0, 81.81,2026-05-08
UNIVCABLES, EQ, 08-May-2026,1076.1,1065.0,1234.0,1056.15,1145.0,1139.45,1165.77,1390630,16211.6,61326,310278.0, 22.31,2026-05-08
UNIVPHOTO, BE, 08-May-2026,480.2,475.0,475.0,475.0,475.0,475.0,475.0,32,0.15,2,, -,2026-05-08
UNOMINDA, EQ, 08-May-2026,1145.7,1143.0,1189.7,1141.4,1179.9,1178.9,1172.68,1117899,13109.36,46311,461659.0, 41.30,2026-05-08
UPL, EQ, 08-May-2026,650.45,653.65,654.3,643.5,644.5,646.0,647.67,1751781,11345.82,56115,996617.0, 56.89,2026-05-08
URAVIDEF, BE, 08-May-2026,133.29,133.29,137.29,132.0,133.0,133.42,133.61,7153,9.56,126,, -,2026-05-08
URBAN, SM, 08-May-2026,157.05,161.4,161.4,145.6,149.0,148.7,151.01,62400,94.23,73,46400.0, 74.36,2026-05-08
URBANCO, EQ, 08-May-2026,146.62,145.99,147.45,137.55,137.8,139.67,141.94,6734709,9559.12,50669,3268028.0, 48.53,2026-05-08
URJA, EQ, 08-May-2026,11.28,11.27,11.36,11.09,11.28,11.22,11.19,1183626,132.49,2887,505841.0, 42.74,2026-05-08
USHAFIN, SM, 08-May-2026,31.65,31.4,31.5,31.2,31.5,31.35,31.34,8000,2.51,5,8000.0, 100.00,2026-05-08
USHAMART, EQ, 08-May-2026,477.4,479.9,490.0,470.2,471.8,472.85,483.12,1339536,6471.61,33387,640332.0, 47.80,2026-05-08
USK, BE, 08-May-2026,23.4,23.4,23.77,23.2,23.68,23.36,23.49,17629,4.14,96,, -,2026-05-08
UTIAMC, EQ, 08-May-2026,974.95,974.95,980.4,970.0,973.15,975.65,976.14,78184,763.18,5406,42475.0, 54.33,2026-05-08
UTKARSHBNK, EQ, 08-May-2026,15.55,15.57,15.64,15.32,15.53,15.49,15.45,6542188,1010.99,6637,3197315.0, 48.87,2026-05-08
UTLSOLAR, EQ, 08-May-2026,286.35,283.4,285.45,272.05,272.05,272.05,275.73,269112,742.02,5880,160350.0, 59.58,2026-05-08
UTSSAV, SM, 08-May-2026,254.65,254.65,255.6,248.1,255.6,254.85,253.59,72000,182.58,79,50400.0, 70.00,2026-05-08
UTTAMSUGAR, EQ, 08-May-2026,253.5,253.1,256.4,250.1,250.1,252.15,253.43,75116,190.37,1894,36520.0, 48.62,2026-05-08
UYFINCORP, EQ, 08-May-2026,14.56,14.97,14.97,14.26,14.7,14.59,14.58,66357,9.67,146,55982.0, 84.36,2026-05-08
V2RETAIL, EQ, 08-May-2026,215.92,214.1,223.38,212.25,217.75,219.64,219.21,1223999,2683.16,20141,564238.0, 46.10,2026-05-08
VADILALIND, EQ, 08-May-2026,4637.2,4685.0,4685.0,4585.0,4630.0,4603.2,4616.83,7340,338.88,1378,3713.0, 50.59,2026-05-08
VAIBHAVGBL, EQ, 08-May-2026,233.49,232.5,237.53,230.01,233.7,235.08,233.65,310459,725.39,5175,114092.0, 36.75,2026-05-08
VAISHALI, BE, 08-May-2026,7.46,7.46,7.83,7.22,7.56,7.47,7.56,98612,7.46,181,, -,2026-05-08
VAKRANGEE, EQ, 08-May-2026,6.89,6.89,6.97,6.85,6.9,6.9,6.89,941349,64.85,1639,523744.0, 55.64,2026-05-08
VAL30IETF, EQ, 08-May-2026,16.09,16.05,16.09,15.81,15.95,15.87,15.92,422021,67.17,1000,368087.0, 87.22,2026-05-08
VALIANTLAB, BE, 08-May-2026,79.94,79.9,81.0,78.0,79.15,79.11,79.45,9672,7.68,69,, -,2026-05-08
VALIANTORG, EQ, 08-May-2026,298.6,300.85,307.0,292.0,300.0,297.65,298.03,39242,116.95,1062,22435.0, 57.17,2026-05-08
VALUE, EQ, 08-May-2026,16.9,16.84,16.84,16.68,16.72,16.72,16.75,23364,3.91,103,18644.0, 79.80,2026-05-08
VARDHACRLC, EQ, 08-May-2026,42.15,42.1,42.32,40.56,41.39,41.13,41.59,85459,35.54,528,57622.0, 67.43,2026-05-08
VARDMNPOLY, BE, 08-May-2026,6.91,6.99,6.99,6.7,6.99,6.95,6.93,181221,12.56,208,, -,2026-05-08
VARROC, EQ, 08-May-2026,565.0,568.0,571.45,556.55,561.8,559.85,563.39,75864,427.41,4968,37166.0, 48.99,2026-05-08
VASCONEQ, BE, 08-May-2026,40.21,40.41,40.88,39.0,39.72,39.67,39.96,278674,111.35,827,, -,2026-05-08
VASWANI, EQ, 08-May-2026,58.17,59.35,59.35,56.16,56.91,56.92,57.01,51519,29.37,1030,26806.0, 52.03,2026-05-08
VBL, EQ, 08-May-2026,510.6,511.0,514.5,506.6,508.4,508.85,509.44,1878374,9569.27,37781,901999.0, 48.02,2026-05-08
VCL, EQ, 08-May-2026,1.51,1.56,1.56,1.44,1.52,1.49,1.49,308958,4.61,292,212442.0, 68.76,2026-05-08
VDEAL, SM, 08-May-2026,183.0,180.0,180.0,176.05,176.05,176.05,177.71,3000,5.33,5,3000.0, 100.00,2026-05-08
VEDL, EQ, 08-May-2026,305.4,305.65,306.4,295.9,297.0,296.45,300.65,32681575,98255.84,279240,13046262.0, 39.92,2026-05-08
VEEDOL, EQ, 08-May-2026,1475.7,1484.0,1528.0,1453.2,1527.0,1518.5,1502.31,35395,531.74,2655,18800.0, 53.11,2026-05-08
VEEKAYEM, ST, 08-May-2026,149.9,142.45,142.45,142.45,142.45,142.45,142.45,500,0.71,1,500.0, 100.00,2026-05-08
VELJAN, EQ, 08-May-2026,1059.1,1059.0,1065.0,1025.0,1025.0,1025.0,1042.84,165,1.72,33,154.0, 93.33,2026-05-08
VELS, SM, 08-May-2026,71.75,75.0,75.0,73.5,73.5,73.5,74.25,2400,1.78,2,1200.0, 50.00,2026-05-08
VENKEYS, EQ, 08-May-2026,1615.8,1620.1,1639.0,1604.9,1632.5,1631.0,1620.83,33765,547.27,2571,17619.0, 52.18,2026-05-08
VENTIVE, EQ, 08-May-2026,654.65,654.65,682.0,648.6,682.0,673.8,663.37,111789,741.58,3877,81744.0, 73.12,2026-05-08
VENUSPIPES, EQ, 08-May-2026,1421.2,1438.0,1450.0,1391.4,1409.0,1403.0,1422.68,51090,726.85,3600,30078.0, 58.87,2026-05-08
VENUSREM, EQ, 08-May-2026,967.8,973.0,1016.15,972.7,1016.15,1006.75,1008.16,80385,810.41,3085,51870.0, 64.53,2026-05-08
VERANDA, EQ, 08-May-2026,222.8,221.0,223.7,215.25,216.1,217.76,218.11,154632,337.27,2357,82455.0, 53.32,2026-05-08
VERTEXPLUS, SM, 08-May-2026,85.0,84.95,84.95,80.75,80.75,80.75,81.81,2400,1.96,4,2400.0, 100.00,2026-05-08
VERTIS, IV, 08-May-2026,110.0,108.0,110.0,108.0,108.0,108.04,108.43,900000,975.83,25,900000.0, 100.00,2026-05-08
VERTOZ, EQ, 08-May-2026,49.76,49.8,50.42,47.63,48.31,47.92,48.67,144261,70.21,1272,73512.0, 50.96,2026-05-08
VESUVIUS, EQ, 08-May-2026,529.35,493.0,512.3,485.55,505.5,506.1,499.82,533158,2664.82,18024,224000.0, 42.01,2026-05-08
VETO, EQ, 08-May-2026,117.07,117.0,120.0,113.05,114.69,114.59,115.75,53440,61.85,1458,24931.0, 46.65,2026-05-08
VGINFOTECH, SM, 08-May-2026,150.95,150.85,153.95,150.85,153.95,153.45,152.79,4000,6.11,4,3000.0, 75.00,2026-05-08
VGL, EQ, 08-May-2026,60.14,61.99,61.99,59.2,60.5,60.79,60.69,91605,55.6,891,56469.0, 61.64,2026-05-08
VGUARD, EQ, 08-May-2026,331.95,331.95,334.7,329.05,332.1,331.4,331.91,154456,512.65,9193,80150.0, 51.89,2026-05-08
VHL, EQ, 08-May-2026,3688.6,3651.0,3689.3,3601.0,3611.8,3606.5,3629.04,1060,38.47,189,706.0, 66.60,2026-05-08
VHLTD, BE, 08-May-2026,139.34,141.0,141.0,138.0,138.0,138.43,139.9,2176,3.04,35,, -,2026-05-08
VIAZ, SM, 08-May-2026,62.95,59.85,63.95,59.85,59.85,61.9,61.22,6000,3.67,3,4000.0, 66.67,2026-05-08
VICTORYEV, SM, 08-May-2026,15.45,15.45,16.45,15.45,15.5,15.5,15.73,30000,4.72,10,18000.0, 60.00,2026-05-08
VIDHIING, EQ, 08-May-2026,294.9,295.1,300.0,291.0,299.0,299.2,295.97,19182,56.77,538,11888.0, 61.97,2026-05-08
VIDYAWIRES, EQ, 08-May-2026,89.63,89.4,94.39,88.9,91.9,91.34,92.45,4344832,4016.83,18279,1284882.0, 29.57,2026-05-08
VIESL, SM, 08-May-2026,326.9,326.8,370.0,326.8,355.1,360.85,350.07,156000,546.11,183,108800.0, 69.74,2026-05-08
VIGOR, SM, 08-May-2026,64.45,66.0,68.25,66.0,67.05,67.2,66.79,41600,27.79,16,41600.0, 100.00,2026-05-08
VIJAYA, EQ, 08-May-2026,1208.1,1269.0,1299.9,1223.3,1275.0,1278.9,1262.17,1257895,15876.76,62359,148703.0, 11.82,2026-05-08
VIJAYPD, ST, 08-May-2026,98.85,95.0,100.0,93.95,93.95,93.95,95.25,124000,118.11,49,118000.0, 95.16,2026-05-08
VIJIFIN, BE, 08-May-2026,4.42,4.62,4.64,4.23,4.54,4.53,4.51,546311,24.64,996,, -,2026-05-08
VIKASECO, BE, 08-May-2026,1.41,1.43,1.43,1.39,1.41,1.41,1.41,990133,13.98,1025,, -,2026-05-08
VIKASLIFE, BE, 08-May-2026,1.59,1.59,1.61,1.57,1.61,1.6,1.59,1049010,16.72,1306,, -,2026-05-08
VIKRAMSOLR, EQ, 08-May-2026,225.25,225.0,225.24,214.01,214.7,214.74,217.41,5789973,12587.7,59074,2966752.0, 51.24,2026-05-08
VIKRAN, EQ, 08-May-2026,76.93,76.5,78.35,76.02,76.39,76.29,76.84,1940567,1491.21,10409,820739.0, 42.29,2026-05-08
VILAS, SM, 08-May-2026,451.7,452.0,474.0,452.0,455.0,460.25,463.73,61000,282.87,185,47250.0, 77.46,2026-05-08
VILINBIO, ST, 08-May-2026,47.05,49.4,49.4,48.0,49.4,49.4,49.29,56000,27.6,14,56000.0, 100.00,2026-05-08
VIMTALABS, EQ, 08-May-2026,506.2,505.85,530.7,505.0,513.15,512.2,519.67,711593,3697.92,22645,229760.0, 32.29,2026-05-08
VINATIORGA, EQ, 08-May-2026,1403.7,1410.5,1415.0,1390.1,1392.1,1395.1,1403.28,45834,643.18,5044,22572.0, 49.25,2026-05-08
VINCOFE, EQ, 08-May-2026,139.65,139.0,140.69,133.3,134.77,134.78,134.95,1754860,2368.19,12502,561530.0, 32.00,2026-05-08
VINDHYATEL, EQ, 08-May-2026,1678.6,1689.9,1884.9,1683.4,1792.0,1797.2,1807.13,306060,5530.89,24330,88714.0, 28.99,2026-05-08
VINEETLAB, BE, 08-May-2026,39.59,40.9,40.99,38.75,39.25,39.25,40.05,57723,23.12,191,, -,2026-05-08
VINNY, EQ, 08-May-2026,1.18,1.22,1.22,1.17,1.19,1.18,1.18,168458,1.99,151,129432.0, 76.83,2026-05-08
VINYAS, SM, 08-May-2026,1111.0,1126.1,1149.0,1081.0,1081.0,1091.35,1119.7,6100,68.3,38,5300.0, 86.89,2026-05-08
VINYLINDIA, EQ, 08-May-2026,248.4,250.0,266.0,250.0,261.6,262.1,262.33,38455,100.88,1299,23101.0, 60.07,2026-05-08
VIPCLOTHNG, EQ, 08-May-2026,22.32,22.5,23.0,22.11,22.85,22.58,22.59,82100,18.55,481,60874.0, 74.15,2026-05-08
VIPIND, EQ, 08-May-2026,322.8,324.0,324.0,308.0,308.55,309.0,313.44,694876,2177.99,12622,384003.0, 55.26,2026-05-08
VIPULLTD, BE, 08-May-2026,9.51,9.7,9.85,9.5,9.51,9.63,9.63,117787,11.35,152,, -,2026-05-08
VIRINCHI, BE, 08-May-2026,17.47,17.65,17.78,17.35,17.68,17.7,17.62,63637,11.21,166,, -,2026-05-08
VISAKAIND, EQ, 08-May-2026,71.24,71.1,74.21,71.06,74.2,73.75,73.31,232893,170.73,2098,141178.0, 60.62,2026-05-08
VISASTEEL, EQ, 08-May-2026,48.15,50.5,50.55,50.5,50.55,50.55,50.53,15105,7.63,53,14487.0, 95.91,2026-05-08
VISHNU, EQ, 08-May-2026,597.8,597.8,603.6,589.05,595.1,598.5,596.82,67406,402.29,3626,37144.0, 55.10,2026-05-08
VISHNUINFR, SM, 08-May-2026,177.7,173.0,173.0,171.0,171.0,171.0,171.67,1500,2.58,3,1500.0, 100.00,2026-05-08
VISHWARAJ, BE, 08-May-2026,5.85,5.95,5.95,5.75,5.89,5.84,5.86,104462,6.12,262,, -,2026-05-08
VISHWAS, SM, 08-May-2026,56.2,56.3,56.3,55.45,56.3,56.3,56.07,9600,5.38,6,9600.0, 100.00,2026-05-08
VITAL, BE, 08-May-2026,60.0,60.0,60.0,59.4,60.0,59.98,59.89,6572,3.94,13,, -,2026-05-08
VIVIANA, SM, 08-May-2026,809.55,805.0,822.6,801.0,814.5,814.45,811.27,25000,202.82,116,15800.0, 63.20,2026-05-08
VIVIDEL, SM, 08-May-2026,734.1,734.1,780.0,731.0,754.95,754.3,753.95,49440,372.75,136,41760.0, 84.47,2026-05-08
VIVIDHA, EQ, 08-May-2026,0.55,0.56,0.56,0.54,0.55,0.54,0.55,299887,1.65,252,238739.0, 79.61,2026-05-08
VIVIMEDLAB, BE, 08-May-2026,6.97,7.0,7.0,6.78,6.86,6.87,6.87,81866,5.62,118,, -,2026-05-08
VIYASH, EQ, 08-May-2026,221.75,221.75,225.37,218.0,220.0,219.6,220.08,861133,1895.15,16643,478208.0, 55.53,2026-05-08
VLEGOV, BE, 08-May-2026,14.92,14.92,15.2,14.75,15.0,14.97,14.98,52792,7.91,413,, -,2026-05-08
VLSFINANCE, EQ, 08-May-2026,248.72,249.45,250.4,245.05,247.97,247.38,248.12,7388,18.33,349,4569.0, 61.84,2026-05-08
VMARCIND, SM, 08-May-2026,1006.4,1023.0,1023.0,990.0,1018.8,1019.0,1013.16,27250,276.08,85,21000.0, 77.06,2026-05-08
VMART, EQ, 08-May-2026,665.6,670.0,689.9,643.05,674.0,677.8,672.32,1723813,11589.57,61243,468942.0, 27.20,2026-05-08
VMM, EQ, 08-May-2026,125.42,125.39,125.96,123.53,124.1,123.93,124.18,4380035,5439.12,26955,2248249.0, 51.33,2026-05-08
VMSTMT, BE, 08-May-2026,49.59,50.2,50.56,48.6,49.49,49.28,49.49,32162,15.92,241,, -,2026-05-08
VOLERCAR, SM, 08-May-2026,239.75,240.1,246.5,239.0,241.0,240.45,240.63,96800,232.93,45,65600.0, 67.77,2026-05-08
VOLTAMP, EQ, 08-May-2026,9638.0,9548.0,9780.0,9458.0,9549.0,9535.0,9558.74,149593,14299.21,43105,70525.0, 47.14,2026-05-08
VOLTAS, EQ, 08-May-2026,1363.9,1363.0,1363.0,1321.0,1322.9,1324.8,1333.39,1133112,15108.86,40594,396143.0, 34.96,2026-05-08
VPRPL, BE, 08-May-2026,46.17,46.17,46.17,44.1,45.05,45.12,45.24,259208,117.25,1136,, -,2026-05-08
VRAJ, EQ, 08-May-2026,133.18,132.0,134.72,132.0,133.16,133.41,133.4,29278,39.06,731,19654.0, 67.13,2026-05-08
VRLLOG, EQ, 08-May-2026,267.9,267.9,269.8,263.3,263.8,264.75,265.61,78607,208.79,3749,37216.0, 47.34,2026-05-08
VSCL, SM, 08-May-2026,22.95,21.95,21.95,21.95,21.95,21.95,21.95,3000,0.66,1,3000.0, 100.00,2026-05-08
VSSL, EQ, 08-May-2026,276.45,274.9,277.75,274.0,275.0,275.0,275.13,29448,81.02,816,16211.0, 55.05,2026-05-08
VSTIND, EQ, 08-May-2026,259.0,260.85,265.3,258.05,264.75,264.4,263.14,720485,1895.87,9302,361673.0, 50.20,2026-05-08
VSTL, EQ, 08-May-2026,130.9,133.0,133.0,128.0,130.0,128.86,129.53,19882,25.75,920,8663.0, 43.57,2026-05-08
VSTTILLERS, EQ, 08-May-2026,5183.5,5183.5,5200.5,5151.0,5155.0,5160.0,5183.46,7506,389.07,1351,5528.0, 73.65,2026-05-08
VTL, EQ, 08-May-2026,596.45,596.9,600.0,562.3,582.05,580.7,579.6,780987,4526.63,36433,305386.0, 39.10,2026-05-08
WAAREEENER, EQ, 08-May-2026,3226.6,3250.0,3292.8,3220.3,3229.0,3230.1,3260.12,1287553,41975.83,58116,432716.0, 33.61,2026-05-08
WAAREEINDO, BE, 08-May-2026,427.2,429.9,434.8,421.2,423.45,424.85,427.4,30739,131.38,771,, -,2026-05-08
WAAREERTL, EQ, 08-May-2026,1051.8,1042.4,1049.7,1025.0,1031.0,1028.3,1037.17,282379,2928.74,12880,102974.0, 36.47,2026-05-08
WABAG, EQ, 08-May-2026,1499.5,1499.5,1503.2,1473.7,1477.0,1478.0,1483.24,125352,1859.27,9804,60515.0, 48.28,2026-05-08
WAKEFIT, EQ, 08-May-2026,132.37,132.5,133.11,126.65,126.86,127.8,128.83,471678,607.68,11203,276470.0, 58.61,2026-05-08
WALCHANNAG, EQ, 08-May-2026,254.99,254.66,263.7,252.77,254.0,254.72,257.02,1208146,3105.24,13689,572093.0, 47.35,2026-05-08
WALPAR, SM, 08-May-2026,37.25,36.5,36.5,36.5,36.5,36.5,36.5,2000,0.73,1,2000.0, 100.00,2026-05-08
WANBURY, BE, 08-May-2026,253.35,253.3,256.0,250.1,254.3,253.05,252.71,12255,30.97,186,, -,2026-05-08
WCIL, EQ, 08-May-2026,109.19,108.9,110.36,108.25,108.25,109.32,109.31,68989,75.41,979,39740.0, 57.60,2026-05-08
WEALTH, EQ, 08-May-2026,958.15,962.9,963.0,930.0,940.0,938.6,941.44,2185,20.57,235,1750.0, 80.09,2026-05-08
WEBELSOLAR, EQ, 08-May-2026,114.83,114.83,118.0,112.0,115.01,114.94,115.47,3671633,4239.6,18052,1536366.0, 41.84,2026-05-08
WEIZMANIND, EQ, 08-May-2026,92.56,94.0,94.0,90.15,92.0,91.12,91.36,1442,1.32,57,1329.0, 92.16,2026-05-08
WEL, EQ, 08-May-2026,107.14,107.0,107.65,102.76,104.0,103.97,104.89,184882,193.92,1767,84342.0, 45.62,2026-05-08
WELCORP, EQ, 08-May-2026,1299.2,1299.0,1315.0,1281.1,1281.1,1291.9,1298.45,365530,4746.21,17204,142055.0, 38.86,2026-05-08
WELENT, EQ, 08-May-2026,524.45,523.9,530.75,520.1,522.75,522.2,524.82,145133,761.68,4561,70721.0, 48.73,2026-05-08
WELINV, EQ, 08-May-2026,1650.1,1687.0,1687.0,1630.0,1630.0,1639.2,1640.01,175,2.87,32,124.0, 70.86,2026-05-08
WELSPLSOL, EQ, 08-May-2026,42.86,43.98,47.2,43.5,44.48,43.93,44.72,2146254,959.9,7040,1544382.0, 71.96,2026-05-08
WELSPUNLIV, EQ, 08-May-2026,132.24,132.9,139.0,132.9,134.07,133.8,136.19,5101008,6947.25,48895,1818319.0, 35.65,2026-05-08
WENDT, EQ, 08-May-2026,7029.0,7029.0,7844.0,7029.0,7600.0,7585.5,7582.2,40098,3040.31,9870,13091.0, 32.65,2026-05-08
WESTLIFE, EQ, 08-May-2026,500.95,504.0,511.1,485.0,505.0,505.2,501.94,261884,1314.49,13767,98538.0, 37.63,2026-05-08
WEWIN, EQ, 08-May-2026,60.58,62.92,72.69,62.3,71.7,71.59,70.43,357537,251.81,5323,107722.0, 30.13,2026-05-08
WEWORK, EQ, 08-May-2026,539.65,539.0,541.45,530.5,532.0,533.2,537.25,81530,438.02,5090,56851.0, 69.73,2026-05-08
WHEELS, EQ, 08-May-2026,1327.6,1335.0,1359.2,1313.2,1331.0,1329.6,1337.79,114934,1537.57,9971,44984.0, 39.14,2026-05-08
WHIRLPOOL, EQ, 08-May-2026,978.65,978.65,978.65,951.0,955.0,955.8,959.54,223125,2140.98,11207,131208.0, 58.80,2026-05-08
WILLAMAGOR, EQ, 08-May-2026,28.14,29.3,29.3,27.72,28.0,28.0,28.37,1978,0.56,24,1580.0, 79.88,2026-05-08
WIMPLAST, EQ, 08-May-2026,380.55,384.0,387.5,377.7,379.0,384.2,383.5,4548,17.44,264,3708.0, 81.53,2026-05-08
WINDLAS, EQ, 08-May-2026,854.55,854.0,854.0,815.35,826.0,822.8,832.44,66455,553.2,3411,36761.0, 55.32,2026-05-08
WINDMACHIN, EQ, 08-May-2026,316.5,315.1,323.0,315.0,316.4,320.1,319.45,119463,381.62,2138,62744.0, 52.52,2026-05-08
WINSOL, SM, 08-May-2026,148.0,152.0,156.45,148.0,148.0,148.0,150.67,6800,10.25,16,6400.0, 94.12,2026-05-08
WINSOME, BZ, 08-May-2026,2.0,2.04,2.04,2.04,2.04,2.04,2.04,61958,1.26,10,, -,2026-05-08
WIPL, EQ, 08-May-2026,156.37,156.0,159.4,155.0,159.4,159.4,155.77,234,0.36,8,232.0, 99.15,2026-05-08
WIPRO, EQ, 08-May-2026,197.36,198.0,198.94,196.7,197.88,197.91,197.6,15970687,31558.74,117925,8214736.0, 51.44,2026-05-08
WOCKPHARMA, EQ, 08-May-2026,1637.5,1637.9,1649.0,1600.3,1610.5,1606.5,1616.74,1109475,17937.38,38602,399910.0, 36.04,2026-05-08
WOMANCART, SM, 08-May-2026,120.6,120.6,122.0,115.0,116.75,116.55,117.31,32400,38.01,70,24400.0, 75.31,2026-05-08
WONDERLA, EQ, 08-May-2026,526.55,530.75,533.9,498.7,508.85,507.45,510.51,422691,2157.87,11314,204382.0, 48.35,2026-05-08
WORTHPERI, EQ, 08-May-2026,141.0,141.0,142.3,139.1,140.1,140.35,139.43,3474,4.84,25,3438.0, 98.96,2026-05-08
WPIL, EQ, 08-May-2026,439.4,439.4,441.55,428.0,438.9,439.1,435.71,19128,83.34,1126,12083.0, 63.17,2026-05-08
WSI, EQ, 08-May-2026,72.56,74.0,75.0,71.2,72.0,72.0,73.4,52484,38.52,1035,32625.0, 62.16,2026-05-08
WSTCSTPAPR, EQ, 08-May-2026,520.15,517.0,536.0,514.0,522.6,523.7,527.24,157073,828.16,6772,79921.0, 50.88,2026-05-08
WTICAB, SM, 08-May-2026,103.85,102.95,102.95,100.1,102.0,101.35,101.24,20500,20.75,37,15500.0, 75.61,2026-05-08
XCHANGING, EQ, 08-May-2026,69.05,69.39,70.45,68.46,68.75,69.31,69.42,100727,69.93,1523,50612.0, 50.25,2026-05-08
XELPMOC, EQ, 08-May-2026,97.16,101.25,103.5,91.2,93.8,93.12,95.19,63272,60.23,994,49897.0, 78.86,2026-05-08
XPROINDIA, EQ, 08-May-2026,1173.8,1163.0,1168.8,1134.4,1160.0,1153.4,1150.63,20333,233.96,2255,10966.0, 53.93,2026-05-08
XTGLOBAL, EQ, 08-May-2026,32.47,33.0,33.0,31.75,32.4,32.27,32.38,51158,16.57,565,34185.0, 66.82,2026-05-08
YAAP, ST, 08-May-2026,213.55,207.1,210.0,207.0,210.0,209.65,208.35,6000,12.5,6,6000.0, 100.00,2026-05-08
YASHO, EQ, 08-May-2026,1555.6,1555.7,1625.0,1545.0,1550.0,1551.6,1587.61,17075,271.08,2439,8136.0, 47.65,2026-05-08
YASHOPTICS, SM, 08-May-2026,127.5,126.25,129.0,125.0,128.5,128.25,126.41,11200,14.16,11,8800.0, 78.57,2026-05-08
YATHARTH, EQ, 08-May-2026,822.25,825.0,866.95,825.0,862.0,862.2,849.06,835351,7092.61,21985,414092.0, 49.57,2026-05-08
YATRA, EQ, 08-May-2026,109.95,110.0,113.54,107.58,108.2,108.15,110.02,2400686,2641.25,18003,688535.0, 28.68,2026-05-08
YESBANK, EQ, 08-May-2026,22.51,22.47,23.05,22.04,22.9,22.94,22.64,202807789,45913.67,127193,74089228.0, 36.53,2026-05-08
YUDIZ, ST, 08-May-2026,27.35,28.6,28.7,28.6,28.7,28.7,28.66,4800,1.38,6,4000.0, 83.33,2026-05-08
YUKEN, EQ, 08-May-2026,734.5,739.5,739.9,714.5,733.0,727.35,724.44,17610,127.57,1702,10209.0, 57.97,2026-05-08
ZAGGLE, EQ, 08-May-2026,255.66,255.8,261.9,251.66,261.0,259.11,256.06,937618,2400.83,11004,493471.0, 52.63,2026-05-08
ZEEL, EQ, 08-May-2026,94.58,94.2,96.25,93.94,95.2,95.11,95.19,15670286,14916.13,33205,3923713.0, 25.04,2026-05-08
ZEELEARN, EQ, 08-May-2026,6.18,6.39,6.39,6.02,6.19,6.12,6.16,922029,56.79,1550,613439.0, 66.53,2026-05-08
ZEEMEDIA, BE, 08-May-2026,8.39,8.37,8.42,8.2,8.34,8.33,8.32,593813,49.39,662,, -,2026-05-08
ZENITHDRUG, SM, 08-May-2026,42.95,42.9,43.25,39.8,40.8,40.7,41.2,17600,7.25,18,16000.0, 90.91,2026-05-08
ZENITHEXPO, EQ, 08-May-2026,204.0,204.01,211.4,204.01,205.51,205.51,210.37,30,0.06,6,28.0, 93.33,2026-05-08
ZENITHSTL, EQ, 08-May-2026,6.41,6.69,6.69,6.25,6.36,6.32,6.34,79090,5.01,225,56204.0, 71.06,2026-05-08
ZENSARTECH, EQ, 08-May-2026,520.4,520.95,537.0,520.55,525.0,525.4,529.12,808063,4275.65,31027,335182.0, 41.48,2026-05-08
ZENTEC, EQ, 08-May-2026,1621.6,1617.0,1672.2,1605.5,1626.0,1625.1,1646.15,834640,13739.45,49383,300240.0, 35.97,2026-05-08
ZFCVINDIA, EQ, 08-May-2026,14544.0,14544.0,14692.0,14531.0,14532.0,14571.0,14587.34,9109,1328.76,4124,5964.0, 65.47,2026-05-08
ZFSTEERING, EQ, 08-May-2026,811.05,815.1,817.0,774.65,796.05,796.9,799.8,614,4.91,58,452.0, 73.62,2026-05-08
ZIMLAB, EQ, 08-May-2026,94.69,98.5,109.5,96.1,102.5,103.14,104.61,623115,651.84,6034,300477.0, 48.22,2026-05-08
ZODIAC, BE, 08-May-2026,321.6,315.25,329.95,315.0,318.0,320.2,322.13,8288,26.7,335,, -,2026-05-08
ZODIACLOTH, EQ, 08-May-2026,81.26,83.0,83.0,81.01,82.5,82.1,81.97,5683,4.66,92,3495.0, 61.50,2026-05-08
ZOTA, EQ, 08-May-2026,1304.8,1304.0,1315.9,1281.3,1292.7,1288.1,1297.18,25074,325.25,2048,15326.0, 61.12,2026-05-08
ZSARACOM, EQ, 08-May-2026,10000.0,9999.5,9999.5,9850.0,9900.0,9900.0,9923.88,12,1.19,9,12.0, 100.00,2026-05-08
ZTECH, SM, 08-May-2026,619.3,610.0,621.8,601.15,621.0,620.3,612.29,13500,82.66,43,10200.0, 75.56,2026-05-08
ZUARI, EQ, 08-May-2026,246.99,245.37,248.39,241.02,241.5,242.13,243.37,79032,192.34,1585,40508.0, 51.26,2026-05-08
ZUARIIND, EQ, 08-May-2026,280.5,279.35,279.35,270.0,273.5,273.1,273.74,38666,105.84,1838,20495.0, 53.01,2026-05-08
ZYDUSLIFE, EQ, 08-May-2026,940.3,938.05,953.0,935.55,940.0,940.05,943.78,644125,6079.12,32305,234481.0, 36.40,2026-05-08
ZYDUSWELL, EQ, 08-May-2026,503.75,504.25,523.05,501.55,518.5,517.5,515.06,464842,2394.2,14238,208918.0, 44.94,2026-05-08
