SYMBOL,SERIES,DATE1,PREV_CLOSE,OPEN_PRICE,HIGH_PRICE,LOW_PRICE,LAST_PRICE,CLOSE_PRICE,AVG_PRICE,TTL_TRD_QNTY,TURNOVER_LACS,NO_OF_TRADES,DELIV_QTY,DELIV_PER,DATE
1018GS2026, GS, 21-May-2026,103.3,104.74,104.74,104.74,104.74,104.74,104.74,1242,1.3,2,1242.0, 100.00,2026-05-21
20MICRONS, EQ, 21-May-2026,179.36,182.05,182.05,174.0,178.4,174.96,177.4,113230,200.87,2493,56060.0, 49.51,2026-05-21
21STCENMGM, EQ, 21-May-2026,31.49,32.0,32.11,31.54,31.61,31.61,32.0,1268,0.41,19,1267.0, 99.92,2026-05-21
360ONE, EQ, 21-May-2026,1107.4,1118.8,1131.0,1105.2,1112.6,1111.8,1121.48,833753,9350.39,26567,393221.0, 47.16,2026-05-21
3BBLACKBIO, EQ, 21-May-2026,1263.0,1245.8,1291.2,1176.1,1200.0,1201.8,1219.86,15062,183.74,2204,7669.0, 50.92,2026-05-21
3IINFOLTD, EQ, 21-May-2026,17.64,17.7,17.74,17.52,17.6,17.62,17.67,281039,49.65,681,223777.0, 79.62,2026-05-21
3MINDIA, EQ, 21-May-2026,31140.0,31425.0,32650.0,30800.0,32240.0,32200.0,31769.05,9817,3118.77,5068,2726.0, 27.77,2026-05-21
3PLAND, EQ, 21-May-2026,32.49,32.7,32.7,31.0,31.64,31.66,31.94,6646,2.12,155,4774.0, 71.83,2026-05-21
574GS2026, GS, 21-May-2026,100.22,101.0,101.0,99.45,99.45,99.45,99.99,3,0.0,3,1.0, 33.33,2026-05-21
5PAISA, EQ, 21-May-2026,310.6,315.8,323.9,310.65,322.0,318.65,318.62,37332,118.95,1830,13764.0, 36.87,2026-05-21
601GS2030, GS, 21-May-2026,101.0,101.0,101.0,98.61,99.3,99.3,99.21,1400,1.39,4,1200.0, 85.71,2026-05-21
610GS2031, GS, 21-May-2026,98.0,99.5,99.5,99.5,99.5,99.5,99.5,1,0.0,1,1.0, 100.00,2026-05-21
628GS2032, GS, 21-May-2026,98.15,98.15,98.15,98.15,98.15,98.15,98.15,200,0.2,1,200.0, 100.00,2026-05-21
636GS2031, GS, 21-May-2026,99.9,99.9,100.0,99.9,100.0,100.0,99.94,1031,1.03,6,1031.0, 100.00,2026-05-21
63MOONS, EQ, 21-May-2026,688.5,695.1,701.75,680.0,681.0,682.7,690.22,51430,354.98,3125,27067.0, 52.63,2026-05-21
648GS2035, GS, 21-May-2026,96.4,96.4,96.76,96.1,96.76,96.76,96.76,800501,774.56,4,800501.0, 100.00,2026-05-21
654GS2032, GS, 21-May-2026,99.16,100.1,100.1,100.1,100.1,100.1,100.1,5000,5.01,3,5000.0, 100.00,2026-05-21
667GS2050, GS, 21-May-2026,93.5,93.5,93.5,93.5,93.5,93.5,93.5,1232,1.15,1,1232.0, 100.00,2026-05-21
668GS2033, GS, 21-May-2026,99.8,99.8,99.8,98.8,98.8,98.8,98.85,200,0.2,2,200.0, 100.00,2026-05-21
668GS2040, GS, 21-May-2026,96.32,96.42,96.75,96.42,96.42,96.62,96.66,3333,3.22,15,3100.0, 93.01,2026-05-21
675GS2029, GS, 21-May-2026,103.0,103.0,103.0,101.97,101.97,101.97,101.99,610,0.62,3,610.0, 100.00,2026-05-21
676GS2061, GS, 21-May-2026,89.89,89.9,90.0,89.83,89.83,89.83,89.94,7284,6.55,22,7284.0, 100.00,2026-05-21
679GS2034, GS, 21-May-2026,100.0,98.0,98.0,97.65,97.65,97.68,97.78,1712,1.67,8,1712.0, 100.00,2026-05-21
68GS2060, GS, 21-May-2026,94.4,94.4,94.4,92.2,92.2,92.2,92.2,4424,4.08,13,4424.0, 100.00,2026-05-21
690GS2065, GS, 21-May-2026,90.4,90.9,90.9,90.25,90.25,90.26,90.3,401931,362.93,63,401563.0, 99.91,2026-05-21
694GS2036, GS, 21-May-2026,99.0,99.8,99.8,99.0,99.01,99.01,99.12,1800,1.78,4,1800.0, 100.00,2026-05-21
695GS2061, GS, 21-May-2026,94.0,95.0,95.0,92.0,94.79,94.79,92.6,10049,9.3,20,10000.0, 99.51,2026-05-21
697GR2034, GS, 21-May-2026,95.0,95.15,95.15,95.15,95.15,95.15,95.15,400,0.38,2,400.0, 100.00,2026-05-21
698GR2054, GS, 21-May-2026,95.0,95.0,95.0,95.0,95.0,95.0,95.0,11,0.01,2,11.0, 100.00,2026-05-21
699GS2051, GS, 21-May-2026,94.5,95.5,95.89,95.5,95.89,95.89,95.5,8021,7.66,9,8021.0, 100.00,2026-05-21
702GS2027, GS, 21-May-2026,103.51,103.56,104.0,103.52,104.0,104.0,103.76,246,0.26,4,123.0, 50.00,2026-05-21
704GS2029, GS, 21-May-2026,103.61,103.61,103.61,103.61,103.61,103.61,103.61,100,0.1,1,100.0, 100.00,2026-05-21
706GS2028, GS, 21-May-2026,101.43,101.3,101.3,101.3,101.3,101.3,101.3,500,0.51,1,500.0, 100.00,2026-05-21
706GS2046, GS, 21-May-2026,98.0,98.95,99.0,98.9,99.0,99.0,98.92,7200,7.12,6,7200.0, 100.00,2026-05-21
709GS2054, GS, 21-May-2026,95.4,95.7,95.75,95.4,95.4,95.4,95.67,13317,12.74,12,13263.0, 99.59,2026-05-21
709GS2074, GS, 21-May-2026,96.37,96.95,96.95,95.61,96.35,96.25,96.07,24869,23.89,51,19485.0, 78.35,2026-05-21
716GS2050, GS, 21-May-2026,98.76,98.76,98.76,98.76,98.76,98.76,98.76,100,0.1,1,100.0, 100.00,2026-05-21
717GS2030, GS, 21-May-2026,101.4,101.4,101.4,101.0,101.0,101.0,101.1,5690,5.75,10,5690.0, 100.00,2026-05-21
718GS2033, GS, 21-May-2026,101.5,101.06,102.0,101.06,101.22,101.22,101.48,4176,4.24,6,4176.0, 100.00,2026-05-21
718GS2037, GS, 21-May-2026,102.24,102.2,102.2,102.01,102.01,102.01,102.14,15758,16.1,9,15758.0, 100.00,2026-05-21
719GS2060, GS, 21-May-2026,96.5,96.95,96.95,96.0,96.0,96.0,96.64,1526,1.47,6,1526.0, 100.00,2026-05-21
71GS2034, GS, 21-May-2026,102.0,102.0,102.0,102.0,102.0,102.0,102.0,10,0.01,1,10.0, 100.00,2026-05-21
723GS2039, GS, 21-May-2026,104.5,104.5,104.5,103.46,103.46,103.46,103.98,20,0.02,2,10.0, 50.00,2026-05-21
724GS2055, GS, 21-May-2026,96.86,97.1,98.0,96.75,97.99,97.99,97.08,648821,629.87,43,648821.0, 100.00,2026-05-21
725GS2063, GS, 21-May-2026,97.35,97.8,97.99,97.06,97.45,97.33,97.38,40261,39.21,95,38100.0, 94.63,2026-05-21
726GS2029, GS, 21-May-2026,103.16,104.01,104.01,104.01,104.01,104.01,104.01,1,0.0,1,1.0, 100.00,2026-05-21
726GS2032, GS, 21-May-2026,103.1,102.8,103.25,102.0,103.25,103.24,102.71,44889,46.1,22,28000.0, 62.38,2026-05-21
726GS2033, GS, 21-May-2026,102.01,102.2,102.2,102.2,102.2,102.2,102.2,8000,8.18,3,8000.0, 100.00,2026-05-21
732GS2030, GS, 21-May-2026,101.5,102.2,102.2,102.2,102.2,102.2,102.2,250,0.26,1,250.0, 100.00,2026-05-21
733GS2026, GS, 21-May-2026,101.1,100.53,100.55,100.53,100.55,100.55,100.53,254,0.26,5,250.0, 98.43,2026-05-21
734GS2064, GS, 21-May-2026,96.11,96.48,96.48,95.96,96.47,96.09,96.15,1431225,1376.18,1075,1428013.0, 99.78,2026-05-21
736GS2052, GS, 21-May-2026,107.1,102.0,102.0,102.0,102.0,102.0,102.0,21,0.02,3,21.0, 100.00,2026-05-21
737GS2028, GS, 21-May-2026,102.2,102.5,102.5,101.8,101.8,101.8,102.08,3801,3.88,9,2801.0, 73.69,2026-05-21
738GS2027, GS, 21-May-2026,104.38,104.0,104.18,104.0,104.18,104.07,104.08,22234,23.14,20,22234.0, 100.00,2026-05-21
73GS2053, GS, 21-May-2026,100.13,99.75,99.75,99.75,99.75,99.75,99.75,1141,1.14,6,1141.0, 100.00,2026-05-21
741GS2036, GS, 21-May-2026,103.95,104.5,104.5,104.48,104.48,104.48,104.49,2100,2.19,2,2100.0, 100.00,2026-05-21
743GS2076, GS, 21-May-2026,100.0,100.45,100.45,99.0,99.0,99.0,99.49,1001,1.0,6,1001.0, 100.00,2026-05-21
746GS2073, GS, 21-May-2026,98.07,99.0,99.0,97.25,98.4,98.4,97.84,29834,29.19,125,24019.0, 80.51,2026-05-21
74GS2062, GS, 21-May-2026,101.4,101.5,101.5,101.4,101.4,101.4,101.5,2010,2.04,2,2010.0, 100.00,2026-05-21
750GS2056, GS, 21-May-2026,98.5,98.5,98.5,98.5,98.5,98.5,98.5,200,0.2,1,200.0, 100.00,2026-05-21
754GS2036, GS, 21-May-2026,106.87,106.95,107.0,106.81,106.97,106.98,106.94,142251,152.12,113,132596.0, 93.21,2026-05-21
75GS2034, GS, 21-May-2026,104.8,103.0,104.8,102.98,104.8,104.8,103.01,24302,25.03,13,24200.0, 99.58,2026-05-21
771GS2066, GS, 21-May-2026,100.48,100.47,101.4,99.0,101.4,101.4,100.86,14800,14.93,8,14800.0, 100.00,2026-05-21
92GS2030, GS, 21-May-2026,111.99,112.01,112.01,111.0,111.5,111.48,111.77,34897,39.0,40,34879.0, 99.95,2026-05-21
A2ZINFRA, EQ, 21-May-2026,14.34,14.34,15.05,14.34,15.05,15.05,14.99,293904,44.06,358,179671.0, 61.13,2026-05-21
AAATECH, EQ, 21-May-2026,93.71,94.0,94.41,91.43,93.0,92.18,92.8,8890,8.25,274,6064.0, 68.21,2026-05-21
AADHARHFC, EQ, 21-May-2026,479.7,482.7,485.3,471.0,471.1,474.7,476.88,196565,937.37,15992,101354.0, 51.56,2026-05-21
AAKAAR, SM, 21-May-2026,63.05,66.2,66.2,66.2,66.2,66.2,66.2,4800,3.18,3,4800.0, 100.00,2026-05-21
AAKASH, BE, 21-May-2026,9.0,9.2,9.29,8.95,8.98,8.97,9.06,108382,9.82,373,, -,2026-05-21
AARADHYA, SM, 21-May-2026,94.0,88.0,88.0,87.5,87.5,87.5,87.75,2400,2.11,2,2400.0, 100.00,2026-05-21
AAREYDRUGS, BE, 21-May-2026,85.06,85.0,85.99,81.3,82.5,82.03,83.22,20489,17.05,163,, -,2026-05-21
AARNAV, EQ, 21-May-2026,22.55,23.7,24.18,22.8,23.4,23.85,23.97,200234,48.0,429,181274.0, 90.53,2026-05-21
AARON, EQ, 21-May-2026,122.51,120.0,124.49,120.0,120.05,120.44,120.85,17654,21.34,541,10444.0, 59.16,2026-05-21
AARTECH, EQ, 21-May-2026,41.81,42.86,42.9,41.15,42.0,41.97,42.04,97515,40.99,195,84559.0, 86.71,2026-05-21
AARTIDRUGS, EQ, 21-May-2026,381.65,384.95,384.95,378.3,380.05,380.4,381.09,51470,196.15,2996,25211.0, 48.98,2026-05-21
AARTIIND, EQ, 21-May-2026,463.35,465.7,484.8,465.7,481.0,482.75,479.95,1122452,5387.18,27273,393137.0, 35.02,2026-05-21
AARTIPHARM, EQ, 21-May-2026,700.75,710.8,711.4,701.0,705.0,703.5,706.1,78237,552.43,6809,40467.0, 51.72,2026-05-21
AARTISURF, EQ, 21-May-2026,383.75,394.4,397.0,383.0,383.2,384.85,386.53,8490,32.82,718,6217.0, 73.23,2026-05-21
AARVI, EQ, 21-May-2026,124.94,126.0,129.45,125.0,127.51,128.11,126.81,16548,20.98,234,9942.0, 60.08,2026-05-21
AAVAS, EQ, 21-May-2026,1358.2,1369.6,1384.0,1350.1,1360.0,1374.8,1369.52,43450,595.06,9013,21530.0, 49.55,2026-05-21
ABANSENT, BE, 21-May-2026,25.97,25.2,27.26,24.76,27.0,25.75,26.51,37642,9.98,204,, -,2026-05-21
ABB, EQ, 21-May-2026,6605.0,6673.0,6718.0,6566.0,6594.0,6598.0,6629.84,498808,33070.18,46650,197216.0, 39.54,2026-05-21
ABBOTINDIA, EQ, 21-May-2026,27445.0,27495.0,27880.0,27495.0,27780.0,27715.0,27682.01,6955,1925.28,3025,4099.0, 58.94,2026-05-21
ABCAPITAL, EQ, 21-May-2026,353.1,358.85,363.0,348.1,348.15,349.4,353.33,4428896,15648.65,73808,1688401.0, 38.12,2026-05-21
ABCOTS, EQ, 21-May-2026,218.64,221.59,221.59,213.2,214.98,217.25,217.59,42111,91.63,1230,15406.0, 36.58,2026-05-21
ABDL, EQ, 21-May-2026,532.25,539.85,539.85,525.4,537.0,536.95,533.49,244733,1305.62,7956,99467.0, 40.64,2026-05-21
ABFRL, EQ, 21-May-2026,62.53,62.87,67.21,62.8,67.1,66.76,65.47,8099577,5302.76,28453,3694835.0, 45.62,2026-05-21
ABGSEC, EQ, 21-May-2026,110.77,110.9,112.11,110.11,110.4,110.4,111.22,1086,1.21,15,126.0, 11.60,2026-05-21
ABHAPOWER, SM, 21-May-2026,34.35,34.0,35.75,34.0,35.35,35.3,34.88,12800,4.46,8,9600.0, 75.00,2026-05-21
ABINFRA, EQ, 21-May-2026,12.92,13.2,13.45,12.73,12.89,12.88,13.09,990877,129.68,2257,212868.0, 21.48,2026-05-21
ABLBL, EQ, 21-May-2026,101.46,102.25,104.37,101.92,103.85,103.4,103.08,473945,488.55,10831,213499.0, 45.05,2026-05-21
ABMINTLLTD, EQ, 21-May-2026,44.84,47.0,47.0,44.02,44.02,45.5,46.22,298,0.14,16,237.0, 79.53,2026-05-21
ABMKNO, EQ, 21-May-2026,226.0,227.0,236.0,220.0,220.01,220.46,231.88,3050,7.07,48,2945.0, 96.56,2026-05-21
ABREL, EQ, 21-May-2026,1279.0,1285.7,1295.9,1251.5,1257.0,1254.7,1269.7,138054,1752.87,8937,62326.0, 45.15,2026-05-21
ABSL10BANK, EQ, 21-May-2026,158.88,159.94,160.65,158.7,159.68,159.68,159.73,283,0.45,11,248.0, 87.63,2026-05-21
ABSLAMC, EQ, 21-May-2026,1021.1,1030.0,1037.2,1010.2,1016.9,1021.5,1023.67,113012,1156.87,11417,51336.0, 45.43,2026-05-21
ABSLBANETF, EQ, 21-May-2026,54.79,55.22,55.33,54.35,54.76,54.67,54.75,201327,110.23,310,184116.0, 91.45,2026-05-21
ABSLLIQUID, EQ, 21-May-2026,1000.0,1000.0,1000.01,999.99,1000.0,1000.0,1000.0,1151,11.51,16,664.0, 57.69,2026-05-21
ABSLMSCIN, EQ, 21-May-2026,28.68,28.92,28.99,28.82,28.99,28.99,28.87,226,0.07,6,225.0, 99.56,2026-05-21
ABSLNN50ET, EQ, 21-May-2026,72.87,72.51,73.66,72.51,73.49,73.12,73.33,2724,2.0,148,1957.0, 71.84,2026-05-21
ABSLPSE, EQ, 21-May-2026,10.76,10.98,10.98,10.68,10.7,10.82,10.82,118300,12.81,330,74776.0, 63.21,2026-05-21
ABSMARINE, SM, 21-May-2026,234.65,240.0,269.1,240.0,264.5,262.95,255.49,263500,673.22,437,182500.0, 69.26,2026-05-21
ACC, EQ, 21-May-2026,1351.6,1358.0,1365.0,1354.7,1359.5,1360.8,1359.95,119454,1624.51,7762,68945.0, 57.72,2026-05-21
ACCELYA, EQ, 21-May-2026,1106.4,1125.0,1125.0,1108.1,1122.0,1120.6,1116.86,6682,74.63,679,4088.0, 61.18,2026-05-21
ACCENTMIC, SM, 21-May-2026,418.6,420.0,424.95,418.0,422.0,423.25,421.3,30000,126.39,43,20000.0, 66.67,2026-05-21
ACCPL, ST, 21-May-2026,113.0,113.6,116.0,112.65,114.5,115.1,114.29,24000,27.43,16,24000.0, 100.00,2026-05-21
ACCURACY, EQ, 21-May-2026,5.29,5.35,5.55,5.21,5.55,5.55,5.49,130172,7.15,294,116646.0, 89.61,2026-05-21
ACE, EQ, 21-May-2026,896.85,889.05,889.05,861.0,875.0,867.7,870.74,608360,5297.21,24587,262790.0, 43.20,2026-05-21
ACEINTEG, EQ, 21-May-2026,19.83,19.9,20.2,19.51,20.04,19.79,19.7,1972,0.39,46,834.0, 42.29,2026-05-21
ACI, EQ, 21-May-2026,521.5,526.0,529.0,517.3,520.0,521.85,522.98,88282,461.7,5558,27967.0, 31.68,2026-05-21
ACL, EQ, 21-May-2026,55.23,55.23,56.5,55.19,56.5,56.05,55.89,12126,6.78,137,8784.0, 72.44,2026-05-21
ACMESOLAR, EQ, 21-May-2026,281.65,284.3,285.5,278.7,281.9,282.65,282.21,825045,2328.35,12478,334669.0, 40.56,2026-05-21
ACSTECH, EQ, 21-May-2026,33.18,33.52,33.84,32.99,33.84,33.81,33.67,107536,36.21,269,79936.0, 74.33,2026-05-21
ACUTAAS, EQ, 21-May-2026,2880.6,2890.0,3025.0,2875.3,2997.0,3000.4,2977.53,825155,24569.2,50622,427032.0, 51.75,2026-05-21
ADANIENSOL, EQ, 21-May-2026,1346.1,1356.0,1395.0,1332.1,1339.0,1342.2,1362.8,3223315,43927.43,75571,1107728.0, 34.37,2026-05-21
ADANIENT, EQ, 21-May-2026,2704.8,2727.9,2770.0,2684.0,2690.0,2697.6,2727.69,1606690,43825.54,60673,340547.0, 21.20,2026-05-21
ADANIGREEN, EQ, 21-May-2026,1363.2,1381.5,1401.0,1351.6,1356.0,1358.2,1379.4,2772832,38248.33,57298,479263.0, 17.28,2026-05-21
ADANIPORTS, EQ, 21-May-2026,1772.6,1781.4,1800.8,1776.8,1790.0,1793.3,1790.39,1628329,29153.42,50066,554802.0, 34.07,2026-05-21
ADANIPOWER, EQ, 21-May-2026,220.24,222.3,226.4,218.5,219.8,219.33,222.75,34984894,77929.72,173433,9001930.0, 25.73,2026-05-21
ADDICTIVE, SM, 21-May-2026,70.5,68.5,70.1,68.0,70.0,70.05,69.15,2000,1.38,4,2000.0, 100.00,2026-05-21
ADFFOODS, EQ, 21-May-2026,263.8,266.9,273.45,259.4,264.35,263.85,266.69,215341,574.29,5787,83718.0, 38.88,2026-05-21
ADISOFT, SM, 21-May-2026,205.55,206.0,206.9,196.0,197.5,197.85,201.95,53600,108.24,64,40800.0, 76.12,2026-05-21
ADL, EQ, 21-May-2026,77.71,77.0,80.0,73.84,78.78,78.27,76.57,1993,1.53,56,1281.0, 64.27,2026-05-21
ADOR, EQ, 21-May-2026,1056.1,1070.0,1100.0,1068.6,1099.3,1091.2,1086.17,39182,425.58,2715,19855.0, 50.67,2026-05-21
ADROITINFO, EQ, 21-May-2026,8.96,8.98,9.45,8.76,8.9,8.87,8.99,80534,7.24,336,59585.0, 73.99,2026-05-21
ADSL, EQ, 21-May-2026,124.22,126.99,136.8,125.02,128.5,129.68,131.23,655288,859.96,6881,146692.0, 22.39,2026-05-21
ADVAIT, EQ, 21-May-2026,1992.2,2033.9,2141.7,2002.8,2080.0,2090.2,2085.63,89668,1870.15,10561,41978.0, 46.81,2026-05-21
ADVANCE, EQ, 21-May-2026,101.67,102.0,105.18,102.0,102.82,102.95,103.58,77554,80.33,1097,29407.0, 37.92,2026-05-21
ADVANIHOTR, EQ, 21-May-2026,53.2,53.0,53.83,52.8,53.03,53.02,53.09,12908,6.85,354,8881.0, 68.80,2026-05-21
ADVENTHTL, EQ, 21-May-2026,141.69,143.0,143.98,138.0,139.99,141.06,139.97,150667,210.88,2752,92165.0, 61.17,2026-05-21
ADVENZYMES, EQ, 21-May-2026,388.9,393.7,393.7,380.15,384.45,386.2,386.9,175854,680.38,5888,85154.0, 48.42,2026-05-21
AEGISLOG, EQ, 21-May-2026,709.95,709.0,731.6,709.0,726.0,727.85,726.22,477961,3471.04,19000,231213.0, 48.37,2026-05-21
AEGISVOPAK, EQ, 21-May-2026,199.65,202.7,208.01,201.12,204.6,205.05,205.07,402568,825.55,8932,186405.0, 46.30,2026-05-21
AEPL, EQ, 21-May-2026,16.69,17.0,17.0,16.25,16.58,16.48,16.46,41079,6.76,640,33721.0, 82.09,2026-05-21
AEQUS, EQ, 21-May-2026,206.19,209.2,219.5,203.14,216.2,214.75,213.15,6654794,14184.73,92912,1840331.0, 27.65,2026-05-21
AEROENTER, EQ, 21-May-2026,99.24,101.03,101.85,97.5,97.6,98.08,98.83,247894,245.0,1799,64504.0, 26.02,2026-05-21
AEROFLEX, EQ, 21-May-2026,391.05,395.95,397.75,378.1,379.45,379.95,385.56,1663081,6412.24,19701,571055.0, 34.34,2026-05-21
AERON, SM, 21-May-2026,98.0,84.0,91.4,79.05,90.0,90.0,85.36,165000,140.85,145,83000.0, 50.30,2026-05-21
AERONEU, EQ, 21-May-2026,92.41,93.77,93.89,86.75,91.7,91.52,91.0,119774,109.0,2659,12218.0, 10.20,2026-05-21
AETHER, EQ, 21-May-2026,1085.5,1103.1,1103.1,1076.0,1081.4,1082.8,1083.82,390439,4231.67,22045,268731.0, 68.83,2026-05-21
AFCONS, EQ, 21-May-2026,305.4,305.45,308.4,299.15,300.0,301.15,302.98,684275,2073.18,14398,269998.0, 39.46,2026-05-21
AFFLE, EQ, 21-May-2026,1443.9,1445.0,1457.2,1415.5,1445.9,1442.2,1434.24,223840,3210.41,19596,102050.0, 45.59,2026-05-21
AFFORDABLE, BE, 21-May-2026,164.26,164.85,172.0,161.6,169.8,168.94,168.67,10163,17.14,163,, -,2026-05-21
AFIL, BE, 21-May-2026,9.12,9.12,9.39,8.77,8.95,8.99,9.02,4285146,386.66,593,, -,2026-05-21
AFSL, EQ, 21-May-2026,201.02,201.12,202.85,200.76,201.0,201.25,201.07,449924,904.68,289,442526.0, 98.36,2026-05-21
AGARIND, EQ, 21-May-2026,400.55,405.95,419.95,402.8,411.5,412.8,412.78,53413,220.48,2371,19737.0, 36.95,2026-05-21
AGARWALEYE, EQ, 21-May-2026,459.7,461.0,490.95,461.0,482.0,481.1,478.04,471891,2255.84,17732,137337.0, 29.10,2026-05-21
AGARWALTUF, SM, 21-May-2026,125.15,125.15,128.0,125.05,125.05,127.2,126.79,6000,7.61,5,3600.0, 60.00,2026-05-21
AGI, EQ, 21-May-2026,574.4,582.95,587.25,578.1,584.0,584.35,582.91,90136,525.41,4525,47889.0, 53.13,2026-05-21
AGIIL, EQ, 21-May-2026,381.7,390.0,399.0,377.4,382.5,380.5,386.58,2208143,8536.19,17399,440691.0, 19.96,2026-05-21
AGNI, SM, 21-May-2026,20.0,20.0,20.0,20.0,20.0,20.0,20.0,2500,0.5,1,2500.0, 100.00,2026-05-21
AGRITECH, EQ, 21-May-2026,107.52,107.6,109.7,106.5,106.99,106.99,107.29,3047,3.27,96,1823.0, 59.83,2026-05-21
AGROPHOS, EQ, 21-May-2026,30.49,30.22,30.96,29.5,30.4,30.12,30.39,17261,5.25,148,8487.0, 49.17,2026-05-21
AHCL, EQ, 21-May-2026,13.31,13.44,14.4,13.35,14.2,13.89,13.87,4173135,578.86,5511,1047275.0, 25.10,2026-05-21
AHLADA, EQ, 21-May-2026,39.5,40.0,40.0,38.75,38.75,39.17,39.76,12868,5.12,82,8023.0, 62.35,2026-05-21
AHLEAST, EQ, 21-May-2026,169.5,172.9,172.9,166.4,169.0,168.11,169.9,2514,4.27,112,1747.0, 69.49,2026-05-21
AHLUCONT, EQ, 21-May-2026,789.95,789.4,800.85,776.9,776.9,782.25,788.21,16068,126.65,2278,9389.0, 58.43,2026-05-21
AHLWEST, BE, 21-May-2026,681.6,715.65,715.65,715.65,715.65,715.65,715.65,2295,16.42,19,, -,2026-05-21
AIAENG, EQ, 21-May-2026,3962.2,3962.2,4042.1,3962.2,3966.0,3995.4,3998.4,31651,1265.53,5019,23323.0, 73.69,2026-05-21
AIIL, EQ, 21-May-2026,507.85,511.7,534.2,509.4,525.2,527.2,525.19,721963,3791.64,28027,270695.0, 37.49,2026-05-21
AIMTRON, SM, 21-May-2026,1078.95,1081.9,1145.35,1060.4,1145.0,1133.8,1109.91,71000,788.04,293,41600.0, 58.59,2026-05-21
AIRAN, EQ, 21-May-2026,16.38,16.18,16.55,16.15,16.37,16.28,16.3,47990,7.82,256,34742.0, 72.39,2026-05-21
AIROLAM, EQ, 21-May-2026,82.86,83.01,85.38,81.84,83.1,83.08,82.91,1636,1.36,72,1295.0, 79.16,2026-05-21
AISL, SM, 21-May-2026,59.4,60.85,60.85,59.85,59.85,59.85,60.35,1200,0.72,2,1200.0, 100.00,2026-05-21
AJANTPHARM, EQ, 21-May-2026,3188.8,3213.5,3220.0,3140.1,3148.0,3149.2,3157.88,54083,1707.88,10459,31056.0, 57.42,2026-05-21
AJAXENGG, EQ, 21-May-2026,569.35,569.1,574.9,561.3,569.9,567.55,569.73,34094,194.24,3161,18464.0, 54.16,2026-05-21
AJMERA, EQ, 21-May-2026,122.04,122.19,123.9,117.5,122.0,118.46,119.62,219690,262.8,2593,118867.0, 54.11,2026-05-21
AJOONI, EQ, 21-May-2026,4.16,4.16,4.19,4.1,4.11,4.1,4.15,293128,12.16,309,260642.0, 88.92,2026-05-21
AKANKSHA, ST, 21-May-2026,95.0,90.5,90.5,90.25,90.25,90.25,90.3,6000,5.42,6,6000.0, 100.00,2026-05-21
AKASH, EQ, 21-May-2026,27.47,27.8,27.9,26.5,27.9,27.79,27.24,19886,5.42,94,7574.0, 38.09,2026-05-21
AKCAPIT, EQ, 21-May-2026,1589.3,1636.0,1640.0,1590.1,1619.9,1595.2,1615.05,1061,17.14,62,557.0, 52.50,2026-05-21
AKG, EQ, 21-May-2026,11.31,11.12,11.45,11.05,11.22,11.23,11.25,5803,0.65,93,4740.0, 81.68,2026-05-21
AKI, EQ, 21-May-2026,4.88,4.9,5.09,4.84,4.9,4.91,4.95,53419,2.64,180,35666.0, 66.77,2026-05-21
AKIKO, ST, 21-May-2026,282.0,271.9,275.0,267.9,275.0,275.0,269.14,16800,45.22,19,16800.0, 100.00,2026-05-21
AKSHAR, EQ, 21-May-2026,0.49,0.49,0.5,0.48,0.49,0.48,0.49,661682,3.24,273,369419.0, 55.83,2026-05-21
AKSHARCHEM, EQ, 21-May-2026,195.53,204.95,209.98,193.51,208.02,206.2,198.77,3734,7.42,92,3468.0, 92.88,2026-05-21
AKSHOPTFBR, BE, 21-May-2026,6.29,6.17,6.17,6.17,6.17,6.17,6.17,17823,1.1,43,, -,2026-05-21
AKUMS, EQ, 21-May-2026,514.95,516.0,527.4,509.15,523.5,521.35,519.86,221302,1150.46,11729,122064.0, 55.16,2026-05-21
ALANKIT, EQ, 21-May-2026,8.61,8.55,8.81,8.55,8.68,8.62,8.67,94765,8.22,496,73167.0, 77.21,2026-05-21
ALBERTDAVD, EQ, 21-May-2026,708.35,715.2,715.5,704.5,705.0,706.3,706.36,1239,8.75,85,1027.0, 82.89,2026-05-21
ALCODIS, ST, 21-May-2026,78.6,78.0,78.0,75.0,76.0,76.0,76.06,3125,2.38,4,3125.0, 100.00,2026-05-21
ALEMBICLTD, EQ, 21-May-2026,87.27,88.75,89.76,87.06,87.45,87.41,87.91,172234,151.41,2103,84368.0, 48.98,2026-05-21
ALGOQUANT, EQ, 21-May-2026,58.26,59.15,59.8,58.06,58.95,58.83,58.7,1027877,603.39,1923,202775.0, 19.73,2026-05-21
ALICON, EQ, 21-May-2026,656.55,656.85,665.0,651.1,655.5,658.3,659.5,6609,43.59,955,3227.0, 48.83,2026-05-21
ALIVUS, EQ, 21-May-2026,1060.8,1069.1,1074.3,1048.3,1060.0,1056.5,1062.45,38056,404.32,4604,20745.0, 54.51,2026-05-21
ALKALI, EQ, 21-May-2026,67.02,69.0,72.1,67.11,70.9,69.91,69.7,32381,22.57,411,18533.0, 57.23,2026-05-21
ALKEM, EQ, 21-May-2026,5436.5,5465.0,5604.0,5416.0,5515.0,5501.5,5514.57,100493,5541.76,19520,26987.0, 26.85,2026-05-21
ALKYLAMINE, EQ, 21-May-2026,1776.6,1782.0,1807.9,1727.0,1748.0,1742.4,1764.31,91765,1619.02,13110,29443.0, 32.09,2026-05-21
ALLCARGO, EQ, 21-May-2026,8.63,8.75,8.82,8.6,8.65,8.66,8.66,3244164,280.85,3822,1842879.0, 56.81,2026-05-21
ALLDIGI, EQ, 21-May-2026,821.2,825.4,827.85,814.15,825.0,826.45,823.49,4161,34.27,286,2683.0, 64.48,2026-05-21
ALLETEC, SM, 21-May-2026,148.7,149.0,154.65,148.7,152.9,152.95,151.85,14800,22.47,37,9200.0, 62.16,2026-05-21
ALLTIME, EQ, 21-May-2026,240.39,244.65,247.58,240.91,244.0,244.7,244.93,32039,78.47,832,17375.0, 54.23,2026-05-21
ALMONDZ, EQ, 21-May-2026,15.13,15.98,15.98,13.65,14.18,14.22,14.46,183554,26.54,595,120394.0, 65.59,2026-05-21
ALOKINDS, EQ, 21-May-2026,12.49,12.58,12.67,12.34,12.39,12.38,12.43,7623649,947.29,16686,3984034.0, 52.26,2026-05-21
ALPA, EQ, 21-May-2026,68.22,69.5,69.7,68.1,69.7,69.56,68.94,3771,2.6,92,2720.0, 72.13,2026-05-21
ALPEXSOLAR, SM, 21-May-2026,1009.85,1012.5,1047.0,996.0,1000.0,1014.05,1025.42,82200,842.89,628,49500.0, 60.22,2026-05-21
ALPHA, EQ, 21-May-2026,49.87,48.62,50.48,48.62,50.2,50.08,50.15,1024355,513.67,2163,455227.0, 44.44,2026-05-21
ALPHAETF, EQ, 21-May-2026,25.67,25.79,26.08,25.6,25.66,25.62,25.77,566401,145.94,848,441161.0, 77.89,2026-05-21
ALPHAGEO, EQ, 21-May-2026,224.84,226.01,230.61,221.0,224.45,223.36,224.0,4663,10.44,256,3753.0, 80.48,2026-05-21
ALPL30IETF, EQ, 21-May-2026,26.57,26.56,26.86,26.47,26.47,26.47,26.5,2510660,665.4,1061,2244765.0, 89.41,2026-05-21
ALUWIND, SM, 21-May-2026,51.9,50.3,52.55,50.0,52.55,52.55,50.73,6000,3.04,4,6000.0, 100.00,2026-05-21
AMAGI, EQ, 21-May-2026,410.1,419.55,422.2,393.1,399.0,396.85,406.26,96296,391.21,6002,35001.0, 36.35,2026-05-21
AMANTA, EQ, 21-May-2026,126.35,127.62,129.1,125.41,125.8,126.24,126.6,46513,58.88,774,22056.0, 47.42,2026-05-21
AMBAAUTO, SM, 21-May-2026,123.05,126.25,127.7,110.0,112.0,113.45,119.2,45000,53.64,32,40000.0, 88.89,2026-05-21
AMBALALSA, EQ, 21-May-2026,32.84,32.46,34.5,31.85,32.81,32.75,33.13,161871,53.62,1772,87110.0, 53.81,2026-05-21
AMBER, EQ, 21-May-2026,7049.5,7150.0,7634.5,7120.0,7500.0,7537.0,7451.89,1293057,96357.16,121320,263710.0, 20.39,2026-05-21
AMBEY, ST, 21-May-2026,24.65,24.7,25.8,24.7,25.8,25.8,25.07,6000,1.5,3,6000.0, 100.00,2026-05-21
AMBICAAGAR, EQ, 21-May-2026,23.55,23.44,24.48,23.33,23.89,23.77,23.71,6099,1.45,148,5237.0, 85.87,2026-05-21
AMBIKCO, EQ, 21-May-2026,1520.2,1542.3,1542.3,1512.9,1531.0,1530.5,1529.5,2439,37.3,393,1556.0, 63.80,2026-05-21
AMBUJACEM, EQ, 21-May-2026,430.25,435.0,438.0,430.95,437.2,436.45,434.87,2915980,12680.85,23570,1258222.0, 43.15,2026-05-21
AMCL, SM, 21-May-2026,509.0,529.0,529.0,500.0,513.3,504.75,504.94,18400,92.91,31,17200.0, 93.48,2026-05-21
AMDIND, EQ, 21-May-2026,45.45,45.5,46.5,45.2,46.0,45.95,45.93,8612,3.96,127,4768.0, 55.36,2026-05-21
AMIRCHAND, EQ, 21-May-2026,128.9,130.5,131.1,127.7,129.09,128.34,129.12,164787,212.77,2176,91606.0, 55.59,2026-05-21
AMJLAND, EQ, 21-May-2026,39.61,38.71,40.0,38.71,39.01,39.09,39.27,6779,2.66,108,5471.0, 80.71,2026-05-21
AMNPLST, EQ, 21-May-2026,194.79,199.95,203.0,193.0,197.0,196.02,195.86,9025,17.68,177,3511.0, 38.90,2026-05-21
AMRUTANJAN, EQ, 21-May-2026,550.5,555.95,555.95,547.0,548.0,549.25,550.57,17963,98.9,884,13155.0, 73.23,2026-05-21
ANANDRATHI, EQ, 21-May-2026,3533.7,3520.0,3644.1,3511.6,3601.1,3595.6,3591.54,265622,9539.91,23995,126973.0, 47.80,2026-05-21
ANANTAM, IV, 21-May-2026,107.56,109.4,109.4,107.05,107.35,107.5,107.88,11701,12.62,78,11255.0, 96.19,2026-05-21
ANANTRAJ, EQ, 21-May-2026,488.7,496.0,513.0,490.0,509.3,510.25,501.71,2044302,10256.4,32423,719622.0, 35.20,2026-05-21
ANDHRAPAP, EQ, 21-May-2026,63.58,63.95,64.05,63.12,63.25,63.35,63.6,32479,20.66,389,23019.0, 70.87,2026-05-21
ANDHRSUGAR, EQ, 21-May-2026,90.73,91.01,91.78,88.1,89.25,89.3,90.23,186823,168.57,2415,98200.0, 52.56,2026-05-21
ANGELONE, EQ, 21-May-2026,325.0,327.8,343.3,327.0,339.8,339.65,338.94,25211127,85451.43,200024,6348502.0, 25.18,2026-05-21
ANIKINDS, BE, 21-May-2026,43.73,43.69,43.69,42.12,43.46,43.46,43.04,291,0.13,14,, -,2026-05-21
ANKITMETAL, BZ, 21-May-2026,1.6,1.56,1.65,1.56,1.63,1.62,1.58,16843,0.27,30,, -,2026-05-21
ANLON, ST, 21-May-2026,569.0,545.1,560.0,545.1,560.0,560.0,556.94,2800,15.59,7,2800.0, 100.00,2026-05-21
ANMOL, EQ, 21-May-2026,11.21,11.58,11.58,11.27,11.3,11.29,11.36,13332,1.51,144,8697.0, 65.23,2026-05-21
ANNAPURNA, SM, 21-May-2026,144.15,143.0,147.0,136.75,137.9,138.45,141.24,20750,29.31,75,18750.0, 90.36,2026-05-21
ANONDITA, SM, 21-May-2026,1000.05,1002.0,1074.9,1001.0,1070.0,1066.15,1041.61,21000,218.74,98,15000.0, 71.43,2026-05-21
ANSALAPI, BZ, 21-May-2026,4.34,4.3,4.3,4.26,4.26,4.26,4.3,10301,0.44,3,, -,2026-05-21
ANTELOPUS, EQ, 21-May-2026,746.05,738.5,749.05,708.75,708.75,708.95,717.43,125329,899.15,4044,72059.0, 57.50,2026-05-21
ANTGRAPHIC, EQ, 21-May-2026,0.85,0.83,0.89,0.83,0.87,0.86,0.86,172296,1.49,163,133272.0, 77.35,2026-05-21
ANTHEM, EQ, 21-May-2026,780.5,789.5,794.35,763.5,769.8,769.1,778.2,337313,2624.96,19184,186433.0, 55.27,2026-05-21
ANUHPHR, EQ, 21-May-2026,81.19,80.81,80.81,75.51,76.5,76.17,77.14,156645,120.83,2084,102765.0, 65.60,2026-05-21
ANUP, EQ, 21-May-2026,1952.0,1955.0,1986.0,1952.0,1986.0,1978.4,1969.23,15264,300.58,2498,8401.0, 55.04,2026-05-21
ANURAS, EQ, 21-May-2026,1371.5,1372.0,1387.8,1360.3,1370.7,1374.2,1373.16,198362,2723.82,6941,83947.0, 42.32,2026-05-21
ANYA, SM, 21-May-2026,17.0,17.0,17.1,17.0,17.1,17.1,17.08,50000,8.54,6,50000.0, 100.00,2026-05-21
AONEGOLD, EQ, 21-May-2026,14.68,14.68,14.88,14.61,14.75,14.75,14.76,440879,65.06,1223,352789.0, 80.02,2026-05-21
AONELIQUID, EQ, 21-May-2026,1060.12,1060.25,1060.27,1060.25,1060.25,1060.25,1060.25,20714,219.62,76,18273.0, 88.22,2026-05-21
AONENIFTY, EQ, 21-May-2026,9.7,9.94,9.94,9.68,9.74,9.68,9.72,231762,22.52,1164,137679.0, 59.41,2026-05-21
AONESILVER, EQ, 21-May-2026,10.07,10.19,10.19,9.96,10.07,10.06,10.05,568462,57.14,864,358134.0, 63.00,2026-05-21
AONETMMQ50, EQ, 21-May-2026,10.22,10.27,10.42,10.22,10.35,10.27,10.3,36974,3.81,255,30760.0, 83.19,2026-05-21
AONETOTAL, EQ, 21-May-2026,11.44,11.78,11.78,11.43,11.45,11.44,11.49,114908,13.2,1332,73799.0, 64.22,2026-05-21
APARINDS, EQ, 21-May-2026,12676.0,12726.0,12888.0,12591.0,12870.0,12855.0,12796.05,67277,8608.8,15173,23974.0, 35.63,2026-05-21
APCL, EQ, 21-May-2026,113.0,116.0,119.0,114.18,117.0,115.18,116.2,7146,8.3,163,2982.0, 41.73,2026-05-21
APCOTEXIND, EQ, 21-May-2026,503.7,506.0,508.45,490.0,493.1,493.3,497.23,98939,491.95,3888,42318.0, 42.77,2026-05-21
APEX, EQ, 21-May-2026,447.3,450.25,461.6,443.8,445.25,447.75,451.13,379016,1709.84,10607,99078.0, 26.14,2026-05-21
APEXECO, ST, 21-May-2026,192.2,185.0,190.0,184.0,188.0,187.5,186.38,18400,34.29,22,18400.0, 100.00,2026-05-21
APLAPOLLO, EQ, 21-May-2026,1857.1,1879.2,1882.9,1842.3,1870.0,1860.6,1857.07,458591,8516.36,29765,253898.0, 55.36,2026-05-21
APLLTD, EQ, 21-May-2026,752.35,755.85,756.1,745.0,749.0,748.9,749.41,98559,738.61,4164,66196.0, 67.16,2026-05-21
APOLLO, EQ, 21-May-2026,356.7,362.5,377.7,353.0,356.25,358.6,366.36,53090161,194502.89,381705,6269585.0, 11.81,2026-05-21
APOLLOHOSP, EQ, 21-May-2026,8078.5,8198.5,8388.0,8051.5,8330.0,8308.5,8253.86,1425124,117627.74,134706,391712.0, 27.49,2026-05-21
APOLLOPIPE, EQ, 21-May-2026,507.6,514.0,554.0,507.25,549.15,547.75,536.79,1247507,6696.45,26645,379303.0, 30.40,2026-05-21
APOLLOTYRE, EQ, 21-May-2026,375.9,379.5,379.55,370.4,372.85,371.9,373.28,1347201,5028.88,31930,654430.0, 48.58,2026-05-21
APOLSINHOT, EQ, 21-May-2026,1137.1,1121.2,1150.0,1116.2,1132.2,1133.8,1137.11,853,9.7,81,550.0, 64.48,2026-05-21
APRAMEYA, SM, 21-May-2026,192.9,192.9,195.0,192.9,194.0,194.5,194.23,2000,3.88,4,2000.0, 100.00,2026-05-21
APS, SM, 21-May-2026,355.75,357.1,366.0,355.0,366.0,364.1,360.65,20250,73.03,68,17750.0, 87.65,2026-05-21
APSISAERO, ST, 21-May-2026,282.9,297.0,297.0,297.0,297.0,297.0,297.0,3600,10.69,3,3600.0, 100.00,2026-05-21
APTECHT, EQ, 21-May-2026,95.4,95.85,97.22,94.39,94.97,94.88,95.52,288963,276.0,3346,121963.0, 42.21,2026-05-21
APTUS, EQ, 21-May-2026,269.1,269.5,271.0,262.0,265.0,265.1,265.1,687721,1823.17,21526,200941.0, 29.22,2026-05-21
AQYLON, EQ, 21-May-2026,60.3,61.5,61.5,57.53,59.5,59.32,58.38,15637178,9129.49,14377,8093431.0, 51.76,2026-05-21
ARABIAN, SM, 21-May-2026,67.2,70.0,70.0,69.55,69.55,69.55,69.73,10000,6.97,5,8000.0, 80.00,2026-05-21
ARCHIDPLY, EQ, 21-May-2026,80.01,84.0,84.0,78.02,79.15,79.02,80.19,11914,9.55,373,5820.0, 48.85,2026-05-21
ARCHIES, EQ, 21-May-2026,14.39,14.92,14.92,14.41,14.55,14.51,14.71,4109,0.6,33,2756.0, 67.07,2026-05-21
ARCIIL, ST, 21-May-2026,54.0,54.0,56.0,54.0,56.0,56.0,54.67,3000,1.64,3,3000.0, 100.00,2026-05-21
ARE&M, EQ, 21-May-2026,814.65,820.65,831.4,818.0,819.0,821.45,824.65,276850,2283.04,14325,101472.0, 36.65,2026-05-21
ARENTERP, EQ, 21-May-2026,37.0,36.3,37.8,36.0,36.18,36.71,36.91,6721,2.48,51,5938.0, 88.35,2026-05-21
ARFIN, EQ, 21-May-2026,91.82,91.5,94.44,89.31,91.0,92.51,92.0,2201767,2025.64,6353,321217.0, 14.59,2026-05-21
ARHAM, SM, 21-May-2026,140.9,140.05,141.0,139.0,139.0,139.0,139.85,17000,23.77,16,7000.0, 41.18,2026-05-21
ARIES, EQ, 21-May-2026,354.8,359.95,361.0,351.95,353.1,355.3,355.78,16069,57.17,981,5754.0, 35.81,2026-05-21
ARIHANT, EQ, 21-May-2026,865.9,918.9,918.9,867.1,900.0,899.35,898.74,3189,28.66,237,2154.0, 67.54,2026-05-21
ARIHANTCAP, EQ, 21-May-2026,69.49,70.69,72.27,69.06,69.95,70.04,70.65,232611,164.33,1964,111731.0, 48.03,2026-05-21
ARIHANTSUP, EQ, 21-May-2026,239.45,243.8,247.0,237.5,245.5,242.7,242.28,118946,288.19,2680,28411.0, 23.89,2026-05-21
ARIS, EQ, 21-May-2026,122.5,123.2,123.89,112.11,119.0,118.97,118.05,3032124,3579.54,21920,1329379.0, 43.84,2026-05-21
ARISTO, ST, 21-May-2026,115.9,121.6,121.6,121.6,121.6,121.6,121.6,800,0.97,1,800.0, 100.00,2026-05-21
ARKADE, EQ, 21-May-2026,115.09,115.99,116.66,114.32,114.32,114.94,115.1,85217,98.08,1212,41790.0, 49.04,2026-05-21
ARMANFIN, EQ, 21-May-2026,1713.1,1729.3,1740.9,1695.0,1698.0,1701.8,1714.85,32992,565.76,2751,21235.0, 64.36,2026-05-21
ARMOUR, SM, 21-May-2026,20.9,21.5,22.0,21.5,22.0,22.0,21.83,6000,1.31,3,6000.0, 100.00,2026-05-21
AROGRANITE, EQ, 21-May-2026,25.3,26.47,26.47,25.01,25.15,25.24,25.4,3687,0.94,62,2478.0, 67.21,2026-05-21
ARROWGREEN, EQ, 21-May-2026,479.8,494.0,494.0,473.0,489.9,478.15,481.07,19764,95.08,1395,8752.0, 44.28,2026-05-21
ARSHIYA, BZ, 21-May-2026,1.19,1.2,1.2,1.16,1.2,1.19,1.19,30216,0.36,41,, -,2026-05-21
ARSSBL, EQ, 21-May-2026,517.1,525.5,541.05,521.6,540.0,537.7,533.04,451519,2406.78,9325,138036.0, 30.57,2026-05-21
ARTEMISMED, EQ, 21-May-2026,279.53,283.4,284.79,276.28,279.6,279.31,280.93,113349,318.43,3449,63037.0, 55.61,2026-05-21
ARTNIRMAN, EQ, 21-May-2026,42.08,43.4,43.5,41.1,41.1,41.1,43.29,1491,0.65,11,1491.0, 100.00,2026-05-21
ARUNAYA, ST, 21-May-2026,29.15,28.0,28.0,27.7,27.7,27.7,27.83,36000,10.02,15,36000.0, 100.00,2026-05-21
ARVEE, EQ, 21-May-2026,161.66,160.2,165.39,160.0,161.0,161.0,161.22,726,1.17,46,555.0, 76.45,2026-05-21
ARVIND, EQ, 21-May-2026,487.45,490.95,498.35,483.0,488.2,490.15,489.61,958244,4691.7,23735,415638.0, 43.37,2026-05-21
ARVINDFASN, EQ, 21-May-2026,429.05,429.05,445.35,429.05,443.35,443.15,438.97,149896,658.01,8305,66571.0, 44.41,2026-05-21
ARVINDPORT, ST, 21-May-2026,35.4,35.5,36.4,33.65,33.65,33.7,34.36,10500,3.61,7,10500.0, 100.00,2026-05-21
ARVSMART, EQ, 21-May-2026,602.6,616.0,659.0,611.3,620.9,615.05,632.14,1135051,7175.09,27040,108331.0, 9.54,2026-05-21
ASAHIINDIA, EQ, 21-May-2026,828.95,834.5,860.95,832.15,851.0,852.7,851.12,105953,901.79,8825,49736.0, 46.94,2026-05-21
ASAHISONG, EQ, 21-May-2026,237.39,240.0,249.88,236.59,243.0,241.17,243.07,50117,121.82,1193,26966.0, 53.81,2026-05-21
ASAL, EQ, 21-May-2026,477.75,479.0,494.85,479.0,482.6,480.95,481.79,12335,59.43,725,7199.0, 58.36,2026-05-21
ASALCBR, EQ, 21-May-2026,817.8,824.4,833.1,805.0,820.1,820.15,815.92,30220,246.57,1834,14280.0, 47.25,2026-05-21
ASCOM, ST, 21-May-2026,256.2,243.4,263.0,243.4,263.0,263.0,247.44,2500,6.19,4,2500.0, 100.00,2026-05-21
ASHALOG, SM, 21-May-2026,62.0,62.55,62.55,62.55,62.55,62.55,62.55,1000,0.63,1,1000.0, 100.00,2026-05-21
ASHAPURMIN, EQ, 21-May-2026,634.35,639.9,653.3,631.85,634.0,636.4,642.28,399114,2563.42,11268,164172.0, 41.13,2026-05-21
ASHIANA, EQ, 21-May-2026,378.7,380.0,384.0,375.3,380.0,377.4,379.19,68962,261.5,2337,40254.0, 58.37,2026-05-21
ASHIKA, EQ, 21-May-2026,382.65,379.0,385.9,379.0,385.9,380.45,381.14,137907,525.62,1280,10989.0, 7.97,2026-05-21
ASHIMASYN, EQ, 21-May-2026,16.39,16.41,16.93,16.41,16.6,16.51,16.65,50982,8.49,398,32908.0, 64.55,2026-05-21
ASHOKA, EQ, 21-May-2026,126.48,127.6,130.95,127.12,128.05,128.44,128.9,826256,1065.06,8906,293179.0, 35.48,2026-05-21
ASHOKAMET, EQ, 21-May-2026,15.79,16.64,16.64,15.7,15.72,15.86,16.0,15202,2.43,194,4675.0, 30.75,2026-05-21
ASHOKLEY, EQ, 21-May-2026,153.61,156.0,158.48,153.75,154.4,154.48,155.21,23665678,36731.17,90866,10224910.0, 43.21,2026-05-21
ASHWINI, SM, 21-May-2026,146.0,146.0,147.0,138.0,143.0,143.0,144.13,16000,23.06,11,11000.0, 68.75,2026-05-21
ASIANENE, EQ, 21-May-2026,354.75,355.0,372.4,347.2,364.0,363.55,362.43,1064077,3856.52,24812,385686.0, 36.25,2026-05-21
ASIANHOTNR, EQ, 21-May-2026,299.75,300.6,308.0,296.4,298.15,300.2,301.8,31518,95.12,857,23711.0, 75.23,2026-05-21
ASIANPAINT, EQ, 21-May-2026,2598.6,2625.0,2648.3,2590.8,2597.0,2598.8,2616.59,1031843,26999.11,102329,589414.0, 57.12,2026-05-21
ASIANTILES, EQ, 21-May-2026,63.05,62.55,64.19,61.54,62.4,63.46,63.06,2052200,1294.09,8261,990998.0, 48.29,2026-05-21
ASKAUTOLTD, EQ, 21-May-2026,444.5,452.2,452.2,443.0,445.3,446.1,447.18,92902,415.44,5002,42301.0, 45.53,2026-05-21
ASMS, EQ, 21-May-2026,7.35,7.5,7.5,7.29,7.3,7.31,7.37,353021,26.01,841,213983.0, 60.61,2026-05-21
ASPINWALL, EQ, 21-May-2026,227.96,233.0,233.0,227.0,227.39,227.39,228.11,349,0.8,18,328.0, 93.98,2026-05-21
ASTAR, EQ, 21-May-2026,619.0,671.6,678.0,623.0,670.0,670.0,661.73,534,3.53,33,315.0, 58.99,2026-05-21
ASTEC, EQ, 21-May-2026,751.55,758.0,758.95,731.0,743.0,736.65,744.49,41584,309.59,3118,10700.0, 25.73,2026-05-21
ASTERDM, EQ, 21-May-2026,764.85,774.85,776.55,752.35,757.9,759.25,762.13,625618,4768.05,24715,298786.0, 47.76,2026-05-21
ASTRAL, EQ, 21-May-2026,1443.7,1468.0,1488.9,1459.0,1481.8,1480.0,1475.13,862861,12728.34,41447,366170.0, 42.44,2026-05-21
ASTRAMICRO, EQ, 21-May-2026,1154.1,1160.0,1189.0,1150.0,1187.6,1184.5,1178.44,604898,7128.33,26011,271624.0, 44.90,2026-05-21
ASTRAZEN, EQ, 21-May-2026,8609.5,8708.0,8708.0,8574.5,8577.0,8589.5,8637.62,4397,379.8,1496,1847.0, 42.01,2026-05-21
ASTRON, BE, 21-May-2026,4.27,4.44,4.44,4.11,4.27,4.15,4.18,22504,0.94,96,, -,2026-05-21
ATALREAL, EQ, 21-May-2026,28.42,28.79,28.9,27.9,28.4,28.05,28.48,2286281,651.21,1037,331699.0, 14.51,2026-05-21
ATAM, EQ, 21-May-2026,70.34,70.2,74.78,70.2,70.6,71.22,72.66,4382,3.18,136,2176.0, 49.66,2026-05-21
ATCENERGY, ST, 21-May-2026,29.7,30.0,30.45,28.25,29.2,29.2,28.71,31200,8.96,26,26400.0, 84.62,2026-05-21
ATGL, EQ, 21-May-2026,610.6,616.0,654.7,614.3,638.0,638.1,643.02,11446003,73600.12,157491,1733480.0, 15.14,2026-05-21
ATHERENERG, EQ, 21-May-2026,909.05,916.0,921.0,885.0,890.0,889.3,901.02,3264904,29417.29,97356,1027222.0, 31.46,2026-05-21
ATL, EQ, 21-May-2026,24.62,24.93,25.2,23.2,24.35,24.19,24.58,143182,35.2,1126,87268.0, 60.95,2026-05-21
ATLANTAA, EQ, 21-May-2026,41.16,41.35,44.2,41.2,41.98,41.81,42.23,207565,87.66,2001,107010.0, 51.55,2026-05-21
ATLANTAELE, EQ, 21-May-2026,1645.2,1645.2,1680.0,1631.1,1643.0,1640.9,1651.54,74990,1238.49,8069,36529.0, 48.71,2026-05-21
ATLASCYCLE, EQ, 21-May-2026,100.45,101.18,102.18,98.65,100.49,99.24,100.54,8042,8.09,146,5287.0, 65.74,2026-05-21
ATMASTCO, ST, 21-May-2026,184.7,181.05,190.0,179.55,187.8,186.9,185.96,18000,33.47,44,17200.0, 95.56,2026-05-21
ATUL, EQ, 21-May-2026,6992.0,7028.5,7170.0,6980.5,7065.0,7057.0,7092.49,27345,1939.44,12135,15637.0, 57.18,2026-05-21
ATULAUTO, EQ, 21-May-2026,485.0,488.0,493.65,485.55,489.0,487.75,488.97,115112,562.86,3339,41617.0, 36.15,2026-05-21
AUBANK, EQ, 21-May-2026,974.0,982.0,984.8,953.4,964.4,958.7,965.95,1349805,13038.5,44347,672126.0, 49.79,2026-05-21
AURIGROW, EQ, 21-May-2026,0.31,0.32,0.32,0.3,0.32,0.31,0.31,6110786,19.11,1073,3182215.0, 52.08,2026-05-21
AURIONPRO, EQ, 21-May-2026,788.95,792.0,830.1,790.0,827.0,819.5,814.75,504640,4111.58,21987,136513.0, 27.05,2026-05-21
AUROPHARMA, EQ, 21-May-2026,1517.5,1523.0,1550.0,1515.5,1549.5,1546.7,1540.17,1013775,15613.9,32986,446490.0, 44.04,2026-05-21
AURUM, EQ, 21-May-2026,175.97,176.83,183.99,176.41,177.52,178.96,180.78,290872,525.83,4006,121217.0, 41.67,2026-05-21
AUSL, SM, 21-May-2026,20.95,20.95,20.95,20.95,20.95,20.95,20.95,2000,0.42,1,2000.0, 100.00,2026-05-21
AUSOMENT, BE, 21-May-2026,122.56,124.0,128.68,123.01,128.68,128.68,126.88,1795,2.28,28,, -,2026-05-21
AUTOAXLES, EQ, 21-May-2026,1755.6,1787.2,1793.8,1748.1,1764.0,1764.2,1771.39,11525,204.15,1223,4885.0, 42.39,2026-05-21
AUTOBEES, EQ, 21-May-2026,266.41,268.63,269.99,266.34,267.6,267.26,267.91,192133,514.74,2011,73204.0, 38.10,2026-05-21
AUTOIETF, EQ, 21-May-2026,26.72,27.26,27.26,26.7,26.76,26.8,26.82,259737,69.66,1424,106418.0, 40.97,2026-05-21
AUTOIND, EQ, 21-May-2026,85.31,85.2,89.45,84.12,87.89,86.99,87.42,360096,314.79,4693,161719.0, 44.91,2026-05-21
AVADHSUGAR, BE, 21-May-2026,474.4,472.05,479.85,470.75,474.0,473.4,476.25,9221,43.91,189,, -,2026-05-21
AVAILFC, EQ, 21-May-2026,158.24,159.01,161.78,155.5,156.75,156.83,158.4,18432,29.2,613,9951.0, 53.99,2026-05-21
AVALON, EQ, 21-May-2026,1464.4,1468.1,1512.3,1451.8,1455.5,1461.8,1475.6,695194,10258.27,42224,194314.0, 27.95,2026-05-21
AVANA, ST, 21-May-2026,149.0,149.9,152.0,149.0,151.8,151.8,150.9,38000,57.34,16,36000.0, 94.74,2026-05-21
AVANTEL, EQ, 21-May-2026,154.68,155.9,165.47,155.9,161.55,162.16,162.13,3926799,6366.4,29095,1486205.0, 37.85,2026-05-21
AVANTIFEED, EQ, 21-May-2026,1267.5,1280.2,1319.2,1271.1,1290.6,1297.5,1292.85,371369,4801.24,21352,93159.0, 25.09,2026-05-21
AVG, EQ, 21-May-2026,170.8,168.0,168.0,160.0,162.09,161.31,162.43,58062,94.31,1741,34036.0, 58.62,2026-05-21
AVIANSH, SM, 21-May-2026,111.25,111.5,112.5,111.5,112.5,112.5,112.0,3000,3.36,3,3000.0, 100.00,2026-05-21
AVL, EQ, 21-May-2026,541.35,541.3,547.95,523.5,532.0,530.85,530.65,352629,1871.21,10298,251352.0, 71.28,2026-05-21
AVONMORE, EQ, 21-May-2026,10.72,10.99,11.22,10.77,11.0,10.99,10.98,136624,15.01,1145,66526.0, 48.69,2026-05-21
AVPINFRA, SM, 21-May-2026,78.0,77.95,81.9,74.1,74.1,74.1,76.4,284800,217.59,252,190400.0, 66.85,2026-05-21
AVROIND, EQ, 21-May-2026,10.31,10.65,10.65,10.0,10.41,10.37,10.39,308363,32.03,823,256302.0, 83.12,2026-05-21
AVTNPL, EQ, 21-May-2026,67.38,66.5,68.0,65.93,67.0,66.41,66.66,42449,28.3,584,29576.0, 69.67,2026-05-21
AWFIS, EQ, 21-May-2026,313.75,314.4,346.45,314.4,339.1,341.15,332.88,635159,2114.33,13447,183578.0, 28.90,2026-05-21
AWHCL, EQ, 21-May-2026,462.75,469.95,470.8,459.05,466.5,466.5,465.22,84246,391.93,4306,36391.0, 43.20,2026-05-21
AWL, EQ, 21-May-2026,196.73,199.01,200.0,196.09,198.63,198.24,197.79,1566676,3098.66,18781,617891.0, 39.44,2026-05-21
AXISBANK, EQ, 21-May-2026,1249.8,1256.9,1262.7,1244.8,1252.0,1253.3,1254.69,5171528,64886.7,153908,2847783.0, 55.07,2026-05-21
AXISBNKETF, EQ, 21-May-2026,551.09,553.0,554.78,546.9,550.22,550.19,551.59,267,1.47,27,188.0, 70.41,2026-05-21
AXISCADES, EQ, 21-May-2026,2065.5,2098.0,2139.0,2035.2,2050.8,2045.9,2077.69,114629,2381.64,8984,57641.0, 50.28,2026-05-21
AXISCETF, EQ, 21-May-2026,115.83,116.4,117.06,115.75,116.37,115.94,116.57,1035,1.21,21,301.0, 29.08,2026-05-21
AXISGOLD, EQ, 21-May-2026,131.19,132.78,132.78,131.56,131.56,131.78,131.78,859793,1133.08,3362,370592.0, 43.10,2026-05-21
AXISHCETF, EQ, 21-May-2026,161.07,161.0,162.93,160.77,161.25,162.3,162.01,5942,9.63,95,4101.0, 69.02,2026-05-21
AXISILVER, EQ, 21-May-2026,262.33,263.01,263.11,259.85,260.8,261.52,262.38,1453949,3814.88,4407,1140410.0, 78.44,2026-05-21
AXISNIFTY, EQ, 21-May-2026,260.74,266.3,266.3,259.52,259.75,260.08,260.95,7188,18.76,202,4421.0, 61.51,2026-05-21
AXISTECETF, EQ, 21-May-2026,320.89,320.92,321.81,317.0,317.7,317.65,317.66,354822,1127.14,94,353858.0, 99.73,2026-05-21
AXISVALUE, EQ, 21-May-2026,33.62,33.78,35.27,33.66,34.2,34.08,33.91,169429,57.46,389,81096.0, 47.86,2026-05-21
AXITA, EQ, 21-May-2026,7.85,7.94,7.94,7.7,7.89,7.91,7.81,348765,27.23,1163,194820.0, 55.86,2026-05-21
AXSENSEX, EQ, 21-May-2026,77.78,77.78,78.26,77.39,77.74,77.69,77.7,3595,2.79,54,2609.0, 72.57,2026-05-21
AYE, EQ, 21-May-2026,141.22,141.83,144.81,136.35,138.0,138.2,140.59,1158487,1628.7,16153,301980.0, 26.07,2026-05-21
AYMSYNTEX, EQ, 21-May-2026,218.51,228.0,229.8,208.75,210.0,209.86,214.73,62691,134.62,1929,42626.0, 67.99,2026-05-21
AZAD, EQ, 21-May-2026,2007.6,2020.4,2090.0,1992.8,2020.0,2024.0,2031.04,408028,8287.2,27859,160851.0, 39.42,2026-05-21
BAFNAPH, EQ, 21-May-2026,138.36,139.05,140.0,133.41,136.0,135.84,139.24,2143,2.98,28,2033.0, 94.87,2026-05-21
BAGFILMS, EQ, 21-May-2026,4.92,4.92,5.08,4.75,4.91,4.91,4.94,78958,3.9,304,51335.0, 65.02,2026-05-21
BAGMANE, RR, 21-May-2026,104.0,104.0,104.39,103.81,103.81,103.89,104.06,1285922,1338.1,9264,1111380.0, 86.43,2026-05-21
BAHETI, SM, 21-May-2026,601.95,607.0,608.5,598.0,605.9,603.35,605.23,19500,118.02,40,6750.0, 34.62,2026-05-21
BAIDFIN, EQ, 21-May-2026,10.04,10.35,10.47,10.09,10.26,10.33,10.31,39734,4.1,448,31664.0, 79.69,2026-05-21
BAJAJ-AUTO, EQ, 21-May-2026,10462.5,10544.5,10735.0,10493.5,10650.0,10667.0,10645.36,522986,55673.76,77292,310250.0, 59.32,2026-05-21
BAJAJCON, EQ, 21-May-2026,549.85,549.0,567.95,542.55,546.3,546.65,554.78,1010991,5608.76,32809,287184.0, 28.41,2026-05-21
BAJAJELEC, EQ, 21-May-2026,342.6,343.1,346.8,338.0,338.9,340.1,341.15,214642,732.24,7751,98872.0, 46.06,2026-05-21
BAJAJFINSV, EQ, 21-May-2026,1772.0,1781.0,1784.4,1746.0,1750.0,1752.2,1760.61,479195,8436.76,31997,203641.0, 42.50,2026-05-21
BAJAJHCARE, EQ, 21-May-2026,298.7,303.5,307.5,297.45,303.45,304.45,303.11,198667,602.19,5151,85788.0, 43.18,2026-05-21
BAJAJHFL, EQ, 21-May-2026,82.65,83.14,83.53,82.6,82.7,82.72,82.96,2674101,2218.37,19406,1597445.0, 59.74,2026-05-21
BAJAJHIND, EQ, 21-May-2026,18.08,18.22,18.95,18.15,18.5,18.52,18.64,9226516,1719.54,12431,3014409.0, 32.67,2026-05-21
BAJAJHLDNG, EQ, 21-May-2026,10468.0,10540.0,10685.0,10200.0,10389.0,10402.0,10549.66,78531,8284.75,19584,39916.0, 50.83,2026-05-21
BAJAJINDEF, EQ, 21-May-2026,270.05,276.3,280.0,270.0,278.0,276.05,274.74,30245,83.09,1164,18371.0, 60.74,2026-05-21
BAJAJST, EQ, 21-May-2026,417.6,417.8,430.0,417.1,429.8,428.05,426.24,6373,27.16,490,3412.0, 53.54,2026-05-21
BAJEL, EQ, 21-May-2026,176.45,178.0,184.65,176.93,182.0,182.22,181.57,342905,622.61,5071,128263.0, 37.40,2026-05-21
BAJFINANCE, EQ, 21-May-2026,923.1,933.0,934.9,903.25,908.1,907.65,912.52,9713326,88636.46,118898,4674137.0, 48.12,2026-05-21
BALAJEE, EQ, 21-May-2026,30.85,30.8,31.49,30.3,30.58,30.38,30.67,179814,55.14,396,162453.0, 90.35,2026-05-21
BALAJIPHOS, SM, 21-May-2026,98.45,97.05,99.9,78.8,96.1,96.0,85.57,82000,70.17,71,54000.0, 65.85,2026-05-21
BALAJITELE, EQ, 21-May-2026,90.5,91.4,93.2,90.01,92.63,92.55,91.63,363180,332.8,3893,171110.0, 47.11,2026-05-21
BALAMINES, EQ, 21-May-2026,1833.3,1845.1,1896.6,1811.0,1816.0,1836.9,1865.09,373026,6957.26,19967,126905.0, 34.02,2026-05-21
BALAXI, BE, 21-May-2026,24.49,24.5,25.58,24.5,24.71,25.04,25.01,16268,4.07,101,, -,2026-05-21
BALKRISHNA, EQ, 21-May-2026,18.74,18.85,19.3,18.36,18.63,18.7,18.7,13246,2.48,116,9404.0, 71.00,2026-05-21
BALKRISIND, EQ, 21-May-2026,2155.0,2177.0,2220.0,2170.0,2205.0,2205.4,2205.48,79073,1743.94,9333,38630.0, 48.85,2026-05-21
BALMLAWRIE, EQ, 21-May-2026,182.12,183.8,184.33,182.21,183.0,183.24,183.18,107467,196.86,1936,59574.0, 55.43,2026-05-21
BALPHARMA, EQ, 21-May-2026,79.88,80.25,87.11,80.25,84.51,85.13,84.68,78277,66.29,1077,46897.0, 59.91,2026-05-21
BALRAMCHIN, EQ, 21-May-2026,530.75,535.5,541.7,532.5,537.5,537.45,537.07,257585,1383.42,8147,101664.0, 39.47,2026-05-21
BALUFORGE, EQ, 21-May-2026,472.8,480.5,498.9,480.1,481.0,482.5,487.94,407884,1990.23,14211,146244.0, 35.85,2026-05-21
BANARBEADS, EQ, 21-May-2026,110.18,113.0,115.0,109.0,109.0,110.38,110.5,2410,2.66,108,1224.0, 50.79,2026-05-21
BANARISUG, EQ, 21-May-2026,3607.9,3600.0,3655.9,3600.0,3600.0,3600.5,3606.96,798,28.78,104,550.0, 68.92,2026-05-21
BANCOINDIA, EQ, 21-May-2026,590.65,595.5,602.95,592.25,602.95,600.65,598.66,111978,670.37,8350,52288.0, 46.69,2026-05-21
BANDHANBNK, EQ, 21-May-2026,192.15,193.01,194.3,190.5,191.25,191.08,191.72,7549122,14473.52,34319,3968260.0, 52.57,2026-05-21
BANG, EQ, 21-May-2026,37.27,37.3,39.24,36.46,37.2,37.06,37.19,6149,2.29,123,2907.0, 47.28,2026-05-21
BANK10ADD, EQ, 21-May-2026,15.96,16.07,16.84,15.63,16.82,15.92,15.95,16295,2.6,101,10500.0, 64.44,2026-05-21
BANKA, BE, 21-May-2026,83.5,83.5,83.5,81.83,81.83,81.83,83.37,2175,1.81,6,, -,2026-05-21
BANKADD, EQ, 21-May-2026,54.73,55.3,55.3,54.39,54.65,54.61,54.99,334264,183.81,118,281526.0, 84.22,2026-05-21
BANKBARODA, EQ, 21-May-2026,263.55,265.95,267.4,262.5,263.0,263.1,264.19,8207070,21681.97,54048,4410988.0, 53.75,2026-05-21
BANKBEES, EQ, 21-May-2026,553.13,557.01,559.53,548.85,552.85,552.4,552.81,1398195,7729.41,15604,809718.0, 57.91,2026-05-21
BANKBETA, EQ, 21-May-2026,55.24,55.24,55.88,54.75,55.22,55.13,55.15,6074736,3349.94,4412,5826319.0, 95.91,2026-05-21
BANKBETF, EQ, 21-May-2026,54.34,54.61,54.85,53.97,54.5,54.23,54.43,19559,10.65,194,17063.0, 87.24,2026-05-21
BANKETF, EQ, 21-May-2026,544.45,548.9,548.9,540.0,543.08,543.42,543.76,19951,108.48,493,13565.0, 67.99,2026-05-21
BANKIETF, EQ, 21-May-2026,54.86,55.29,55.4,54.45,54.91,54.8,54.89,379549,208.33,1592,195980.0, 51.63,2026-05-21
BANKINDIA, EQ, 21-May-2026,139.17,141.25,141.7,138.8,139.15,139.23,139.67,7439205,10390.54,31108,3105648.0, 41.75,2026-05-21
BANKNIFTY1, EQ, 21-May-2026,55.43,56.0,56.0,55.09,55.44,55.22,55.43,289087,160.23,678,253366.0, 87.64,2026-05-21
BANKPSU, EQ, 21-May-2026,80.57,81.32,81.48,80.52,80.69,80.95,80.93,260239,210.62,323,253743.0, 97.50,2026-05-21
BANSALWIRE, EQ, 21-May-2026,317.1,320.25,323.0,319.0,320.25,320.3,320.63,78442,251.51,1499,48268.0, 61.53,2026-05-21
BANSWRAS, EQ, 21-May-2026,123.28,122.6,125.45,121.81,124.5,124.77,124.06,20918,25.95,323,17317.0, 82.79,2026-05-21
BARFLEX, SM, 21-May-2026,59.5,60.9,60.9,58.1,59.3,59.3,58.42,258000,150.72,10,252000.0, 97.67,2026-05-21
BASF, EQ, 21-May-2026,3623.5,3658.5,3658.5,3560.6,3570.9,3583.3,3614.09,24787,895.82,4349,13668.0, 55.14,2026-05-21
BASILIC, SM, 21-May-2026,215.2,219.7,221.0,214.05,214.05,214.15,215.33,12000,25.84,35,9300.0, 77.50,2026-05-21
BASML, EQ, 21-May-2026,23.52,24.09,24.09,21.98,23.35,23.45,23.27,124188,28.89,518,81136.0, 65.33,2026-05-21
BATAINDIA, EQ, 21-May-2026,686.9,690.05,700.0,687.0,688.05,688.8,691.53,152024,1051.29,8690,81414.0, 53.55,2026-05-21
BATLIBOI, EQ, 21-May-2026,80.96,80.25,81.54,79.2,79.5,80.13,80.19,34313,27.52,709,23038.0, 67.14,2026-05-21
BAWEJA, SM, 21-May-2026,31.5,31.5,31.5,30.5,30.5,30.5,30.99,5600,1.74,6,5600.0, 100.00,2026-05-21
BAYERCROP, EQ, 21-May-2026,4315.5,4341.5,4374.9,4309.0,4327.0,4323.4,4329.15,7387,319.79,2252,4206.0, 56.94,2026-05-21
BBETF0432, EQ, 21-May-2026,1302.11,1303.11,1306.01,1296.21,1302.99,1302.85,1299.37,976,12.68,70,886.0, 90.78,2026-05-21
BBL, EQ, 21-May-2026,2717.1,2750.0,2826.6,2672.2,2685.0,2690.0,2734.37,90739,2481.14,9608,44345.0, 48.87,2026-05-21
BBNPNBETF, EQ, 21-May-2026,54.06,55.0,55.0,53.56,53.9,53.9,54.1,481,0.26,25,426.0, 88.57,2026-05-21
BBNPPGOLD, EQ, 21-May-2026,152.55,151.8,153.95,151.8,153.25,153.2,153.06,1762,2.7,53,1522.0, 86.38,2026-05-21
BBOX, EQ, 21-May-2026,944.15,954.8,958.3,932.95,954.0,952.05,949.61,498376,4732.61,14196,139055.0, 27.90,2026-05-21
BBTC, EQ, 21-May-2026,1518.2,1528.4,1540.0,1518.3,1521.0,1523.6,1526.49,10606,161.9,1244,5292.0, 49.90,2026-05-21
BBTCL, EQ, 21-May-2026,189.03,189.11,194.0,187.01,194.0,194.0,192.25,5325,10.24,71,4364.0, 81.95,2026-05-21
BCG, EQ, 21-May-2026,10.01,10.51,10.51,10.43,10.51,10.51,10.51,2456917,258.21,1014,1756330.0, 71.49,2026-05-21
BCLIND, EQ, 21-May-2026,34.16,34.11,34.66,34.0,34.01,34.08,34.26,331055,113.43,1640,185836.0, 56.13,2026-05-21
BCONCEPTS, EQ, 21-May-2026,226.06,227.2,227.2,207.25,207.25,208.89,211.91,32509,68.89,1150,18617.0, 57.27,2026-05-21
BCPL, EQ, 21-May-2026,70.54,74.99,77.94,72.05,74.99,75.2,75.58,58429,44.16,2646,17881.0, 30.60,2026-05-21
BDL, EQ, 21-May-2026,1303.8,1311.8,1338.9,1300.0,1301.5,1303.8,1318.81,990418,13061.73,30165,243631.0, 24.60,2026-05-21
BEACON, ST, 21-May-2026,97.1,101.55,101.55,97.0,97.0,97.0,97.84,18000,17.61,18,17000.0, 94.44,2026-05-21
BEARDSELL, EQ, 21-May-2026,24.74,24.26,25.39,24.0,24.27,24.07,24.4,42432,10.35,482,27334.0, 64.42,2026-05-21
BECTORFOOD, EQ, 21-May-2026,178.57,181.5,186.02,178.0,179.06,178.59,180.54,2342456,4229.15,17626,1781424.0, 76.05,2026-05-21
BEDMUTHA, EQ, 21-May-2026,107.28,109.45,110.89,107.0,110.79,110.23,109.96,2142,2.36,66,2094.0, 97.76,2026-05-21
BEEKAY, EQ, 21-May-2026,400.3,413.95,413.95,384.15,399.0,398.35,397.48,2422,9.63,141,1857.0, 76.67,2026-05-21
BEL, EQ, 21-May-2026,413.3,420.0,426.1,418.05,420.1,420.4,421.4,19789651,83393.81,221174,8933595.0, 45.14,2026-05-21
BELLACASA, EQ, 21-May-2026,236.6,240.0,240.0,231.35,233.0,233.05,235.23,3452,8.12,244,2293.0, 66.43,2026-05-21
BELRISE, EQ, 21-May-2026,209.98,212.2,216.5,211.05,212.0,212.21,213.57,2934499,6267.09,37350,1095435.0, 37.33,2026-05-21
BEML, EQ, 21-May-2026,1828.8,1840.5,1884.0,1832.1,1841.0,1841.5,1860.04,196152,3648.5,15856,56421.0, 28.76,2026-05-21
BENGALASM, EQ, 21-May-2026,6174.5,6174.5,6506.0,6006.0,6300.0,6252.5,6190.77,510,31.57,168,174.0, 34.12,2026-05-21
BEPL, EQ, 21-May-2026,95.25,95.5,96.0,93.67,93.9,93.91,94.59,210111,198.75,2423,101365.0, 48.24,2026-05-21
BERGEPAINT, EQ, 21-May-2026,508.45,513.95,529.0,496.25,498.2,499.35,502.86,440704,2216.11,19918,189760.0, 43.06,2026-05-21
BESTAGRO, EQ, 21-May-2026,16.83,16.82,17.24,16.73,16.98,16.95,16.88,150973,25.48,842,95595.0, 63.32,2026-05-21
BETA, EQ, 21-May-2026,1215.0,1231.8,1243.2,1215.0,1230.1,1237.1,1229.74,9743,119.81,697,6313.0, 64.80,2026-05-21
BEWLTD, SM, 21-May-2026,61.3,58.5,60.7,58.25,58.25,58.25,58.42,80500,47.03,119,58500.0, 72.67,2026-05-21
BFINVEST, EQ, 21-May-2026,394.95,397.9,404.0,387.5,391.9,390.05,395.37,35062,138.62,984,22773.0, 64.95,2026-05-21
BFSI, EQ, 21-May-2026,26.19,26.36,26.4,26.03,26.14,26.13,26.22,189982,49.81,704,110210.0, 58.01,2026-05-21
BFUTILITIE, EQ, 21-May-2026,517.6,539.8,543.45,527.0,543.45,543.45,539.09,16302,87.88,591,10532.0, 64.61,2026-05-21
BGRENERGY, BE, 21-May-2026,281.5,295.55,295.55,295.55,295.55,295.55,295.55,46199,136.54,575,, -,2026-05-21
BHADORA, SM, 21-May-2026,71.0,73.5,77.0,73.5,74.1,74.05,74.61,16800,12.53,14,16800.0, 100.00,2026-05-21
BHAGCHEM, EQ, 21-May-2026,249.7,253.85,255.0,246.8,253.4,252.6,251.62,48197,121.27,1048,20718.0, 42.99,2026-05-21
BHAGERIA, EQ, 21-May-2026,152.71,153.1,155.14,151.8,153.0,152.14,152.9,22288,34.08,727,12208.0, 54.77,2026-05-21
BHAGYANGR, BE, 21-May-2026,291.5,294.4,297.8,276.95,276.95,277.6,281.25,149541,420.58,1816,, -,2026-05-21
BHANDARI, BE, 21-May-2026,3.2,3.26,3.26,3.14,3.2,3.19,3.22,283500,9.12,288,, -,2026-05-21
BHARATCOAL, EQ, 21-May-2026,36.11,36.4,37.84,36.3,36.42,36.42,37.0,25229679,9335.84,41480,6559616.0, 26.00,2026-05-21
BHARATFORG, EQ, 21-May-2026,1888.2,1902.0,1931.9,1892.2,1895.0,1898.8,1907.88,589383,11244.71,27940,228418.0, 38.76,2026-05-21
BHARATGEAR, EQ, 21-May-2026,113.83,114.9,117.5,112.5,112.5,113.38,114.53,36833,42.18,933,22243.0, 60.39,2026-05-21
BHARATRAS, EQ, 21-May-2026,1395.7,1400.1,1407.9,1380.4,1400.0,1393.7,1395.7,5241,73.15,886,2788.0, 53.20,2026-05-21
BHARATSE, EQ, 21-May-2026,183.89,185.15,194.0,185.15,192.86,190.11,190.8,399047,761.37,6497,103585.0, 25.96,2026-05-21
BHARATWIRE, EQ, 21-May-2026,218.8,222.0,224.0,216.54,216.6,218.08,220.17,134937,297.09,2268,66206.0, 49.06,2026-05-21
BHARTIARTL, EQ, 21-May-2026,1904.9,1911.0,1915.3,1880.8,1884.0,1885.3,1896.55,6419014,121739.5,171442,3137474.0, 48.88,2026-05-21
BHARTIHEXA, EQ, 21-May-2026,1595.7,1618.5,1618.5,1560.5,1562.2,1568.9,1577.76,59422,937.54,6221,32898.0, 55.36,2026-05-21
BHEL, EQ, 21-May-2026,408.4,412.0,414.7,406.3,407.0,408.15,409.23,8203336,33570.78,85031,2515724.0, 30.67,2026-05-21
BI, EQ, 21-May-2026,62.61,64.2,64.3,62.5,62.5,62.56,63.98,300,0.19,30,280.0, 93.33,2026-05-21
BIGBLOC, EQ, 21-May-2026,54.35,54.3,56.0,54.2,54.28,54.53,54.99,86887,47.78,1067,36515.0, 42.03,2026-05-21
BIKAJI, EQ, 21-May-2026,676.8,686.95,689.0,656.05,662.8,664.45,664.02,153003,1015.98,11826,48110.0, 31.44,2026-05-21
BIKEWO, SM, 21-May-2026,25.95,25.85,25.85,25.25,25.25,25.75,25.73,10000,2.57,4,10000.0, 100.00,2026-05-21
BIL, EQ, 21-May-2026,718.0,728.0,729.2,709.0,720.0,720.45,719.29,1404,10.1,119,1005.0, 71.58,2026-05-21
BIMETAL, EQ, 21-May-2026,552.0,560.05,572.85,550.0,572.0,571.45,564.31,178,1.0,24,103.0, 57.87,2026-05-21
BIOCON, EQ, 21-May-2026,432.7,436.0,436.75,429.1,430.0,430.85,432.44,2683900,11606.27,31197,1404160.0, 52.32,2026-05-21
BIOFILCHEM, EQ, 21-May-2026,31.56,31.55,32.49,31.1,31.32,31.55,31.66,4534,1.44,98,1929.0, 42.55,2026-05-21
BIOPOL, SM, 21-May-2026,122.0,125.0,126.0,121.1,121.1,121.5,123.02,33600,41.33,20,27600.0, 82.14,2026-05-21
BIRDYS, ST, 21-May-2026,137.0,130.15,130.15,130.15,130.15,130.15,130.15,1200,1.56,1,1200.0, 100.00,2026-05-21
BIRET, RR, 21-May-2026,320.16,321.3,322.01,319.0,320.33,319.93,320.07,598788,1916.53,12256,523539.0, 87.43,2026-05-21
BIRLACABLE, BE, 21-May-2026,155.04,150.0,157.0,150.0,153.9,151.96,153.53,98245,150.84,825,, -,2026-05-21
BIRLACORPN, EQ, 21-May-2026,981.3,993.9,1034.85,992.6,1011.0,1014.45,1016.63,110512,1123.49,9834,40019.0, 36.21,2026-05-21
BIRLAMONEY, EQ, 21-May-2026,134.85,135.9,139.0,134.05,134.1,134.68,136.16,41635,56.69,938,17625.0, 42.33,2026-05-21
BIRLANU, EQ, 21-May-2026,1351.7,1357.3,1397.0,1350.0,1394.0,1378.6,1372.29,6792,93.21,997,3129.0, 46.07,2026-05-21
BIRLAPREC, EQ, 21-May-2026,37.62,37.5,40.6,36.53,38.52,37.67,38.5,230868,88.89,1278,143532.0, 62.17,2026-05-21
BLACKBUCK, EQ, 21-May-2026,531.2,531.65,532.9,504.65,521.0,517.1,515.81,1580198,8150.81,41443,723175.0, 45.76,2026-05-21
BLACKROSE, EQ, 21-May-2026,100.24,100.24,102.49,97.66,98.4,98.45,99.43,26738,26.58,632,20580.0, 76.97,2026-05-21
BLAL, EQ, 21-May-2026,186.38,190.3,191.5,187.71,188.0,188.65,189.62,19993,37.91,437,12626.0, 63.15,2026-05-21
BLBLIMITED, BE, 21-May-2026,15.32,15.03,15.75,15.03,15.7,15.66,15.57,33934,5.28,128,, -,2026-05-21
BLIL, EQ, 21-May-2026,73.22,73.11,74.5,73.11,74.2,74.01,74.04,57465,42.55,946,38641.0, 67.24,2026-05-21
BLISSGVS, EQ, 21-May-2026,290.05,292.0,301.45,287.85,295.0,295.2,294.45,2683229,7900.65,22610,1424961.0, 53.11,2026-05-21
BLKASHYAP, EQ, 21-May-2026,56.51,57.36,58.15,55.93,57.03,57.07,57.2,293203,167.7,1940,189468.0, 64.62,2026-05-21
BLS, EQ, 21-May-2026,268.4,275.0,275.45,266.05,268.75,268.65,269.88,2585854,6978.61,30642,586585.0, 22.68,2026-05-21
BLSE, EQ, 21-May-2026,205.51,205.01,209.65,203.22,208.0,208.07,207.01,287391,594.93,4018,169918.0, 59.12,2026-05-21
BLUECHIP, EQ, 21-May-2026,2.05,2.09,2.09,2.09,2.09,2.09,2.09,24978,0.52,34,24978.0, 100.00,2026-05-21
BLUECOAST, BE, 21-May-2026,32.5,32.0,32.48,30.95,32.48,31.55,31.48,1794,0.56,17,, -,2026-05-21
BLUEDART, EQ, 21-May-2026,4839.5,4841.0,4920.0,4841.0,4860.0,4872.5,4881.9,7241,353.5,2788,2764.0, 38.17,2026-05-21
BLUEJET, EQ, 21-May-2026,437.55,440.15,451.1,434.15,441.3,439.95,442.43,224382,992.74,6791,91630.0, 40.84,2026-05-21
BLUEPEBBLE, ST, 21-May-2026,94.7,99.4,99.4,97.0,97.0,97.0,99.03,10400,10.3,20,9200.0, 88.46,2026-05-21
BLUESTARCO, EQ, 21-May-2026,1678.1,1690.1,1710.6,1652.3,1663.0,1662.5,1670.76,231969,3875.64,14480,83312.0, 35.92,2026-05-21
BLUESTONE, EQ, 21-May-2026,462.75,466.0,469.0,458.65,462.85,461.35,463.4,76976,356.71,4973,28400.0, 36.89,2026-05-21
BLUEWATER, ST, 21-May-2026,292.0,303.0,303.0,277.4,278.0,278.0,285.45,21000,59.94,20,19000.0, 90.48,2026-05-21
BLUSPRING, EQ, 21-May-2026,73.51,74.49,75.0,69.0,70.27,69.62,71.97,392329,282.36,3083,205460.0, 52.37,2026-05-21
BMETRICS, SM, 21-May-2026,37.5,37.5,37.5,37.5,37.5,37.5,37.5,800,0.3,1,800.0, 100.00,2026-05-21
BMWVENTLTD, EQ, 21-May-2026,61.17,62.09,62.18,60.82,61.02,61.41,61.49,56871,34.97,488,30168.0, 53.05,2026-05-21
BNAGROCHEM, BE, 21-May-2026,307.59,322.0,322.0,303.0,306.0,312.11,309.74,1731,5.36,51,, -,2026-05-21
BNALTD, EQ, 21-May-2026,364.8,364.7,368.9,364.7,367.9,367.9,367.68,82,0.3,5,82.0, 100.00,2026-05-21
BODALCHEM, EQ, 21-May-2026,68.68,69.85,81.9,68.05,77.7,78.99,77.93,4719488,3677.68,19479,1012666.0, 21.46,2026-05-21
BOMDYEING, EQ, 21-May-2026,120.98,122.2,123.9,120.25,120.36,120.83,121.93,640758,781.27,6492,261843.0, 40.86,2026-05-21
BONLON, EQ, 21-May-2026,45.43,46.93,46.93,43.91,44.97,44.95,45.51,4441,2.02,163,3526.0, 79.40,2026-05-21
BORANA, EQ, 21-May-2026,327.05,327.05,331.2,322.15,326.0,323.95,325.54,13899,45.25,575,9784.0, 70.39,2026-05-21
BOROLTD, EQ, 21-May-2026,229.04,232.48,232.48,227.75,228.5,229.04,229.19,56196,128.8,1899,28073.0, 49.96,2026-05-21
BORORENEW, EQ, 21-May-2026,515.25,520.0,525.0,508.05,511.95,511.9,514.1,553854,2847.38,16606,263101.0, 47.50,2026-05-21
BOROSCI, EQ, 21-May-2026,142.49,146.0,148.8,139.5,141.99,141.27,143.96,1520211,2188.49,13578,495661.0, 32.60,2026-05-21
BOSCH-HCIL, EQ, 21-May-2026,1332.4,1355.0,1382.8,1351.2,1371.0,1370.1,1369.96,22253,304.86,1814,12709.0, 57.11,2026-05-21
BOSCHLTD, EQ, 21-May-2026,36830.0,37190.0,37600.0,34830.0,35115.0,35210.0,35548.47,115544,41074.12,40242,34990.0, 30.28,2026-05-21
BPCL, EQ, 21-May-2026,293.75,295.0,298.5,294.75,296.3,296.4,296.74,10786772,32008.57,85291,5656940.0, 52.44,2026-05-21
BPL, EQ, 21-May-2026,54.62,53.52,55.0,53.52,54.5,54.66,54.49,36561,19.92,1071,12493.0, 34.17,2026-05-21
BRACEPORT, SM, 21-May-2026,54.9,54.5,54.5,52.1,52.55,52.55,53.05,4800,2.55,3,3200.0, 66.67,2026-05-21
BRANDMAN, ST, 21-May-2026,184.8,184.8,184.8,175.6,175.6,175.6,176.3,23200,40.9,17,20000.0, 86.21,2026-05-21
BRIGADE, EQ, 21-May-2026,679.75,683.35,686.4,665.4,666.9,668.5,670.87,189971,1274.46,10527,64813.0, 34.12,2026-05-21
BRIGHOTEL, EQ, 21-May-2026,59.67,60.65,61.78,59.06,60.3,60.8,60.65,34132,20.7,788,22275.0, 65.26,2026-05-21
BRITANNIA, EQ, 21-May-2026,5344.5,5361.5,5373.0,5292.0,5342.0,5333.0,5341.34,485793,25947.86,34380,350137.0, 72.08,2026-05-21
BRNL, EQ, 21-May-2026,20.11,20.48,20.48,19.97,20.21,20.19,20.2,13051,2.64,276,10949.0, 83.89,2026-05-21
BROOKS, BE, 21-May-2026,49.51,50.64,51.5,49.0,51.34,51.18,50.59,44589,22.56,268,, -,2026-05-21
BSE, EQ, 21-May-2026,4218.6,4270.0,4293.8,4153.2,4188.9,4186.9,4220.4,3507063,148012.07,156830,876450.0, 24.99,2026-05-21
BSE500IETF, EQ, 21-May-2026,37.96,37.96,38.72,37.96,38.13,38.12,38.17,86066,32.85,1093,64833.0, 75.33,2026-05-21
BSHSL, BE, 21-May-2026,98.64,97.15,99.0,97.15,97.8,97.8,97.6,3354,3.27,50,, -,2026-05-21
BSL, EQ, 21-May-2026,122.51,123.12,126.09,122.31,122.6,122.6,123.75,2018,2.5,67,1406.0, 69.67,2026-05-21
BSLGOLDETF, EQ, 21-May-2026,138.42,138.92,139.38,138.61,138.76,138.96,138.96,84311,117.16,1318,33736.0, 40.01,2026-05-21
BSLNIFTY, EQ, 21-May-2026,27.57,27.2,28.25,27.2,27.6,27.55,27.63,235668,65.11,4172,127972.0, 54.30,2026-05-21
BSLSENETFG, EQ, 21-May-2026,75.56,75.98,76.6,75.0,75.0,75.39,75.74,1963,1.49,82,1125.0, 57.31,2026-05-21
BSOFT, EQ, 21-May-2026,319.6,320.85,326.5,315.15,322.5,321.35,320.45,879912,2819.68,20594,359187.0, 40.82,2026-05-21
BTML, EQ, 21-May-2026,6.38,6.51,6.87,6.11,6.67,6.65,6.57,370208,24.34,723,243241.0, 65.70,2026-05-21
BTTL, EQ, 21-May-2026,36.16,37.0,37.72,34.93,36.47,36.2,36.03,20430,7.36,312,10486.0, 51.33,2026-05-21
BUILDPRO, EQ, 21-May-2026,1094.0,1115.0,1115.9,1045.0,1052.0,1058.0,1081.42,67865,733.91,4090,43363.0, 63.90,2026-05-21
BULKCORP, SM, 21-May-2026,41.0,39.65,43.05,39.65,43.05,43.05,42.19,4800,2.03,4,3600.0, 75.00,2026-05-21
BUTTERFLY, EQ, 21-May-2026,667.25,679.0,682.65,665.1,666.5,667.85,673.32,18785,126.48,1778,5955.0, 31.70,2026-05-21
BVCL, EQ, 21-May-2026,42.09,42.1,43.78,42.1,42.3,42.84,42.77,6334,2.71,112,4361.0, 68.85,2026-05-21
BYKE, EQ, 21-May-2026,34.93,35.93,36.67,35.11,35.85,35.95,35.68,64842,23.14,322,48208.0, 74.35,2026-05-21
C2C, SM, 21-May-2026,411.5,414.0,436.0,407.5,434.0,430.65,425.93,85350,363.53,435,57150.0, 66.96,2026-05-21
CALSOFT, BE, 21-May-2026,21.57,20.66,22.63,20.66,21.2,21.28,21.96,374743,82.3,802,, -,2026-05-21
CAMLINFINE, EQ, 21-May-2026,121.21,122.05,124.79,121.05,122.75,122.54,122.76,468495,575.11,5002,189990.0, 40.55,2026-05-21
CAMPUS, EQ, 21-May-2026,231.97,235.0,240.75,233.11,236.1,236.98,236.59,184558,436.64,5950,82905.0, 44.92,2026-05-21
CAMS, EQ, 21-May-2026,780.4,785.0,792.5,765.35,767.0,769.1,774.22,1090490,8442.75,27414,523782.0, 48.03,2026-05-21
CANARYS, SM, 21-May-2026,20.05,21.0,21.0,19.5,19.5,19.85,20.24,76000,15.39,19,56000.0, 73.68,2026-05-21
CANBK, EQ, 21-May-2026,127.66,129.0,129.57,127.3,128.15,127.97,128.06,18615692,23838.58,90306,8934774.0, 48.00,2026-05-21
CANFINHOME, EQ, 21-May-2026,838.5,846.0,849.4,841.0,845.0,845.4,845.09,78658,664.73,7051,47908.0, 60.91,2026-05-21
CANHLIFE, EQ, 21-May-2026,138.47,139.2,140.14,138.09,139.0,139.21,139.07,122670,170.6,4621,65933.0, 53.75,2026-05-21
CANTABIL, EQ, 21-May-2026,219.37,220.14,223.0,216.1,217.95,216.75,218.4,100769,220.08,2341,60786.0, 60.32,2026-05-21
CAPACITE, EQ, 21-May-2026,221.8,221.8,232.75,214.9,215.3,215.6,222.68,907993,2021.9,16978,323185.0, 35.59,2026-05-21
CAPILLARY, EQ, 21-May-2026,517.55,524.95,527.0,510.35,512.0,514.3,517.5,14639,75.76,856,6456.0, 44.10,2026-05-21
CAPINVIT, IV, 21-May-2026,71.7,71.98,72.7,71.05,72.45,72.46,72.25,527488,381.12,16682,463728.0, 87.91,2026-05-21
CAPITALSFB, EQ, 21-May-2026,281.1,281.1,284.15,277.5,280.5,280.4,280.44,14104,39.55,601,8108.0, 57.49,2026-05-21
CAPLIPOINT, EQ, 21-May-2026,2016.6,2016.6,2050.0,1998.0,2027.0,2025.9,2023.79,97506,1973.32,11620,44062.0, 45.19,2026-05-21
CAPTRUST, BE, 21-May-2026,13.39,14.0,14.05,13.62,14.05,13.98,13.96,30085,4.2,133,, -,2026-05-21
CARBORUNIV, EQ, 21-May-2026,1059.15,1058.55,1075.0,1048.25,1059.0,1062.4,1062.16,128566,1365.57,9484,66883.0, 52.02,2026-05-21
CARERATING, EQ, 21-May-2026,1720.2,1749.0,1749.0,1710.0,1717.0,1717.0,1722.88,27260,469.66,5197,13336.0, 48.92,2026-05-21
CARRARO, EQ, 21-May-2026,564.05,574.45,592.9,567.2,582.95,577.25,582.44,193648,1127.88,6638,127821.0, 66.01,2026-05-21
CARTRADE, EQ, 21-May-2026,1824.2,1825.6,1855.6,1750.0,1760.0,1767.0,1802.28,285100,5138.3,25813,124548.0, 43.69,2026-05-21
CARYSIL, EQ, 21-May-2026,1022.3,1040.0,1074.0,1028.0,1053.5,1049.95,1054.21,843836,8895.81,35542,236553.0, 28.03,2026-05-21
CASHIETF, EQ, 21-May-2026,1062.74,1062.87,1062.89,1062.87,1062.87,1062.87,1062.88,162344,1725.53,69,119577.0, 73.66,2026-05-21
CASTROLIND, EQ, 21-May-2026,182.32,182.34,183.49,182.16,182.2,182.24,182.65,524532,958.08,12516,317737.0, 60.58,2026-05-21
CBAZAAR, SM, 21-May-2026,3.95,3.95,4.1,3.9,3.9,3.9,4.04,48000,1.94,6,40000.0, 83.33,2026-05-21
CCAVENUE, EQ, 21-May-2026,13.84,13.95,13.99,13.77,13.92,13.92,13.91,5460873,759.36,5814,2904646.0, 53.19,2026-05-21
CCCL, EQ, 21-May-2026,14.91,15.43,16.33,14.95,15.43,15.5,15.68,438166,68.72,1028,246858.0, 56.34,2026-05-21
CCHHL, EQ, 21-May-2026,13.4,13.09,13.77,13.09,13.4,13.41,13.45,11937,1.61,115,7864.0, 65.88,2026-05-21
CCL, EQ, 21-May-2026,1096.0,1098.0,1112.0,1094.0,1110.0,1107.6,1102.78,115635,1275.2,13650,58520.0, 50.61,2026-05-21
CDSL, EQ, 21-May-2026,1224.6,1228.0,1234.3,1196.0,1197.9,1199.8,1209.9,2489809,30124.15,68809,1033578.0, 41.51,2026-05-21
CEATLTD, EQ, 21-May-2026,3167.4,3200.0,3228.1,3160.0,3191.0,3180.4,3186.26,87513,2788.39,9276,36104.0, 41.26,2026-05-21
CEDAAR, SM, 21-May-2026,26.1,26.5,26.5,26.5,26.5,26.5,26.5,1000,0.27,1,1000.0, 100.00,2026-05-21
CEIGALL, EQ, 21-May-2026,319.15,323.0,336.0,322.55,328.25,331.1,330.64,378651,1251.99,7883,184757.0, 48.79,2026-05-21
CEINSYS, EQ, 21-May-2026,920.2,940.0,957.0,907.6,919.0,916.1,927.84,54687,507.41,3409,31612.0, 57.81,2026-05-21
CELEBRITY, EQ, 21-May-2026,7.67,7.67,7.85,7.53,7.63,7.66,7.62,8928,0.68,83,6444.0, 72.18,2026-05-21
CELLECOR, ST, 21-May-2026,41.1,41.1,42.1,40.5,40.5,40.5,41.45,270000,111.9,49,258000.0, 95.56,2026-05-21
CELLO, EQ, 21-May-2026,385.35,389.9,389.9,385.05,387.1,387.8,386.95,98503,381.16,9896,50668.0, 51.44,2026-05-21
CELLPOINT, SM, 21-May-2026,16.45,16.3,16.3,16.3,16.3,16.3,16.3,1200,0.2,1,1200.0, 100.00,2026-05-21
CEMPRO, EQ, 21-May-2026,851.55,864.95,884.8,858.0,872.45,878.25,873.54,368038,3214.97,17986,145532.0, 39.54,2026-05-21
CENTENKA, EQ, 21-May-2026,450.1,451.6,540.1,450.15,540.1,539.65,520.71,989143,5150.57,17465,203525.0, 20.58,2026-05-21
CENTEXT, EQ, 21-May-2026,19.72,19.75,20.37,19.75,20.06,20.06,20.04,74145,14.86,509,43352.0, 58.47,2026-05-21
CENTRALBK, EQ, 21-May-2026,33.85,34.19,34.44,33.82,33.94,33.92,34.07,2536077,864.16,9175,1512223.0, 59.63,2026-05-21
CENTRUM, EQ, 21-May-2026,23.39,23.45,23.73,22.91,23.0,23.03,23.38,364976,85.33,745,252895.0, 69.29,2026-05-21
CENTUM, EQ, 21-May-2026,2998.2,3022.2,3289.9,3010.2,3199.0,3233.2,3197.37,346502,11078.93,26664,199709.0, 57.64,2026-05-21
CENTURYPLY, EQ, 21-May-2026,763.25,774.8,774.8,752.0,767.75,766.5,760.18,29601,225.02,3481,16041.0, 54.19,2026-05-21
CERA, EQ, 21-May-2026,5748.5,5789.5,5938.0,5770.5,5776.0,5788.0,5856.83,9521,557.63,3172,4403.0, 46.25,2026-05-21
CEREBRAINT, BZ, 21-May-2026,3.13,3.01,3.19,2.98,3.11,3.14,3.05,263645,8.03,379,, -,2026-05-21
CESC, EQ, 21-May-2026,180.65,181.2,182.48,179.16,179.45,179.84,180.55,1821751,3289.11,30125,1053846.0, 57.85,2026-05-21
CEWATER, EQ, 21-May-2026,279.75,283.0,285.05,271.4,274.0,273.1,277.36,53016,147.04,3000,29538.0, 55.72,2026-05-21
CGCL, EQ, 21-May-2026,185.93,187.0,189.19,184.5,184.52,185.37,186.94,1630845,3048.78,13341,412182.0, 25.27,2026-05-21
CGPOWER, EQ, 21-May-2026,853.25,865.0,870.3,857.05,864.25,864.9,863.58,2811644,24280.72,47838,1321658.0, 47.01,2026-05-21
CGRAPHICS, SM, 21-May-2026,151.25,158.0,158.0,150.0,150.0,150.15,152.03,26400,40.14,32,15200.0, 57.58,2026-05-21
CHALET, EQ, 21-May-2026,800.1,809.5,809.5,795.3,802.9,801.4,802.37,97510,782.39,8277,59183.0, 60.69,2026-05-21
CHAMBLFERT, EQ, 21-May-2026,444.2,451.0,454.8,445.0,446.0,446.45,449.15,451956,2029.96,12433,209653.0, 46.39,2026-05-21
CHAMUNDA, SM, 21-May-2026,43.7,43.1,43.15,43.0,43.15,43.15,43.08,9000,3.88,3,9000.0, 100.00,2026-05-21
CHANDAN, SM, 21-May-2026,236.2,227.2,243.4,227.2,235.0,235.2,236.57,56800,134.37,41,43200.0, 76.06,2026-05-21
CHAVDA, SM, 21-May-2026,95.65,95.0,96.0,93.7,96.0,95.95,95.08,10000,9.51,10,6000.0, 60.00,2026-05-21
CHEMBOND, BE, 21-May-2026,173.49,176.96,181.96,165.0,178.0,180.41,174.88,42872,74.97,179,, -,2026-05-21
CHEMBONDCH, BE, 21-May-2026,187.24,188.4,193.4,183.3,190.0,191.76,190.67,12393,23.63,126,, -,2026-05-21
CHEMCON, EQ, 21-May-2026,180.73,180.89,182.01,175.1,178.0,177.1,178.09,67100,119.5,1271,38487.0, 57.36,2026-05-21
CHEMFAB, BE, 21-May-2026,406.15,410.0,421.0,407.0,414.2,414.55,415.75,1425,5.92,63,, -,2026-05-21
CHEMICAL, EQ, 21-May-2026,29.12,29.4,29.46,29.07,29.21,29.2,29.28,587549,172.02,967,434739.0, 73.99,2026-05-21
CHEMPLASTS, EQ, 21-May-2026,225.54,228.5,231.53,224.25,225.5,226.98,227.13,148046,336.26,5886,68808.0, 46.48,2026-05-21
CHENNPETRO, EQ, 21-May-2026,1012.2,1012.3,1032.5,1008.1,1009.0,1011.5,1020.74,619098,6319.41,18708,155213.0, 25.07,2026-05-21
CHETANA, ST, 21-May-2026,48.9,50.6,51.2,46.5,46.5,46.9,48.81,51200,24.99,25,44800.0, 87.50,2026-05-21
CHEVIOT, EQ, 21-May-2026,1222.9,1222.9,1274.0,1201.0,1220.0,1207.5,1233.27,5983,73.79,718,3195.0, 53.40,2026-05-21
CHOICEGOLD, EQ, 21-May-2026,155.97,155.97,158.5,155.97,156.65,156.74,156.78,17819,27.94,225,14465.0, 81.18,2026-05-21
CHOICEIN, EQ, 21-May-2026,664.85,665.25,679.0,665.25,671.0,674.55,674.43,617869,4167.12,10139,227777.0, 36.86,2026-05-21
CHOLAFIN, EQ, 21-May-2026,1518.9,1532.0,1540.5,1498.9,1504.0,1504.0,1509.83,1311311,19798.63,53231,647202.0, 49.36,2026-05-21
CHOLAHLDNG, EQ, 21-May-2026,1631.3,1657.8,1657.8,1600.0,1608.9,1606.1,1616.09,70341,1136.78,12744,36115.0, 51.34,2026-05-21
CIEINDIA, EQ, 21-May-2026,462.9,464.95,471.65,460.15,462.15,462.8,465.33,413299,1923.21,22020,215052.0, 52.03,2026-05-21
CIFL, EQ, 21-May-2026,25.98,26.1,26.22,25.21,25.26,25.28,25.6,59991,15.36,718,38169.0, 63.62,2026-05-21
CINELINE, EQ, 21-May-2026,80.77,83.0,83.0,80.4,80.65,80.63,80.88,3732,3.02,129,2938.0, 78.72,2026-05-21
CINEVISTA, EQ, 21-May-2026,15.99,16.39,16.39,15.76,16.1,15.88,15.88,3415,0.54,39,1590.0, 46.56,2026-05-21
CIPLA, EQ, 21-May-2026,1399.5,1406.5,1415.9,1397.7,1397.7,1401.9,1405.41,1145360,16096.99,39106,699312.0, 61.06,2026-05-21
CITIUSINVT, IV, 21-May-2026,104.9,105.9,105.9,103.75,103.85,104.17,104.49,164991,172.4,19110,132928.0, 80.57,2026-05-21
CKKRETAIL, ST, 21-May-2026,122.55,126.2,128.65,126.2,128.6,128.6,128.54,71200,91.52,24,38400.0, 53.93,2026-05-21
CLASSICEIL, ST, 21-May-2026,48.45,50.75,50.85,50.75,50.85,50.85,50.83,8000,4.07,5,6400.0, 80.00,2026-05-21
CLEAN, EQ, 21-May-2026,754.75,761.3,772.0,752.5,753.5,760.7,761.51,117432,894.26,11350,44760.0, 38.12,2026-05-21
CLEANMAX, EQ, 21-May-2026,1205.2,1225.0,1234.2,1160.5,1200.0,1172.1,1186.44,150268,1782.85,18341,66306.0, 44.13,2026-05-21
CLEDUCATE, EQ, 21-May-2026,43.92,43.92,45.97,43.41,45.3,45.66,44.63,15764,7.04,221,9946.0, 63.09,2026-05-21
CLSEL, EQ, 21-May-2026,262.85,265.65,266.4,261.55,264.85,263.75,263.38,27648,72.82,890,13509.0, 48.86,2026-05-21
CLSL, SM, 21-May-2026,42.5,42.65,42.7,41.5,41.5,41.5,42.46,12000,5.1,6,10000.0, 83.33,2026-05-21
CMNL, SM, 21-May-2026,120.35,121.0,121.0,120.0,120.0,120.0,120.5,1500,1.81,2,1500.0, 100.00,2026-05-21
CMPDI, EQ, 21-May-2026,228.59,230.7,241.7,230.7,236.0,235.52,237.6,5198553,12351.67,44107,1430273.0, 27.51,2026-05-21
CMSINFO, EQ, 21-May-2026,305.95,306.9,309.7,300.8,304.0,303.0,304.18,800288,2434.3,23120,468790.0, 58.58,2026-05-21
CNL, EQ, 21-May-2026,643.35,651.9,662.0,637.1,647.0,648.4,652.59,19869,129.66,1273,11859.0, 59.69,2026-05-21
COALINDIA, EQ, 21-May-2026,458.7,458.7,465.25,457.25,457.25,460.2,461.42,7425043,34260.8,62540,4180147.0, 56.30,2026-05-21
COASTCORP, EQ, 21-May-2026,59.66,59.75,60.68,57.62,58.22,57.82,58.63,143419,84.09,1647,88042.0, 61.39,2026-05-21
COCHINSHIP, EQ, 21-May-2026,1507.8,1526.2,1552.9,1523.0,1530.0,1531.0,1537.58,1576652,24242.34,47705,445588.0, 28.26,2026-05-21
COCKERILL, EQ, 21-May-2026,5473.5,5523.0,5600.0,5350.5,5350.5,5373.0,5434.09,2987,162.32,831,1572.0, 52.63,2026-05-21
COFFEEDAY, EQ, 21-May-2026,24.27,24.89,24.89,24.15,24.34,24.27,24.41,448075,109.38,1949,219788.0, 49.05,2026-05-21
COFORGE, EQ, 21-May-2026,1402.3,1404.9,1423.5,1366.1,1377.9,1377.0,1390.61,2273142,31610.51,64168,1062093.0, 46.72,2026-05-21
COHANCE, EQ, 21-May-2026,420.15,424.2,429.2,417.35,420.35,419.9,422.48,702715,2968.86,24100,289187.0, 41.15,2026-05-21
COLPAL, EQ, 21-May-2026,2185.4,2195.0,2210.0,2153.5,2166.0,2164.9,2176.12,329867,7178.32,18879,150132.0, 45.51,2026-05-21
COMFINTE, EQ, 21-May-2026,7.02,6.89,7.2,6.85,6.87,6.88,6.96,423697,29.48,1022,317165.0, 74.86,2026-05-21
COMMITTED, ST, 21-May-2026,290.0,282.0,282.0,280.0,280.0,280.0,280.75,3200,8.98,4,3200.0, 100.00,2026-05-21
COMMOIETF, EQ, 21-May-2026,103.46,104.15,104.81,103.63,104.36,104.14,104.22,41962,43.73,499,20334.0, 48.46,2026-05-21
COMPINFO, BZ, 21-May-2026,1.39,1.39,1.43,1.33,1.43,1.4,1.4,13420,0.19,21,, -,2026-05-21
COMPUSOFT, EQ, 21-May-2026,13.3,13.2,13.65,13.2,13.35,13.35,13.42,8140,1.09,104,5806.0, 71.33,2026-05-21
COMSYN, EQ, 21-May-2026,155.29,157.89,159.18,155.0,155.0,156.63,157.61,21380,33.7,289,11652.0, 54.50,2026-05-21
CONCOR, EQ, 21-May-2026,504.15,506.65,510.5,497.5,510.0,505.9,503.66,2978741,15002.67,51630,1653721.0, 55.52,2026-05-21
CONCORDBIO, EQ, 21-May-2026,1116.0,1116.5,1137.9,1110.1,1121.0,1123.3,1123.08,43441,487.88,5389,18528.0, 42.65,2026-05-21
CONFIPET, EQ, 21-May-2026,63.57,63.6,64.2,57.22,59.96,58.6,59.9,5195387,3112.13,18836,2539447.0, 48.88,2026-05-21
CONNPLEX, SM, 21-May-2026,218.3,220.0,235.65,220.0,223.0,225.6,227.49,147200,334.86,103,129600.0, 88.04,2026-05-21
CONS, EQ, 21-May-2026,11.75,11.97,11.97,11.57,11.68,11.62,11.65,82412,9.6,493,31562.0, 38.30,2026-05-21
CONSOFINVT, EQ, 21-May-2026,232.38,237.0,237.0,226.22,226.26,227.85,228.59,4113,9.4,89,3530.0, 85.83,2026-05-21
CONSUMBEES, EQ, 21-May-2026,125.46,124.4,126.53,124.4,125.45,125.5,125.76,62062,78.05,800,31842.0, 51.31,2026-05-21
CONSUMER, EQ, 21-May-2026,10.85,10.98,10.98,10.88,10.91,10.93,10.94,129095,14.12,224,116278.0, 90.07,2026-05-21
CONSUMIETF, EQ, 21-May-2026,116.6,118.22,118.72,115.53,115.6,116.56,116.98,7151,8.36,288,4778.0, 66.82,2026-05-21
CONTROLPR, EQ, 21-May-2026,643.2,639.0,639.0,619.95,623.0,623.45,625.76,27081,169.46,1698,16592.0, 61.27,2026-05-21
COOLCAPS, SM, 21-May-2026,22.85,22.55,23.9,22.55,23.9,23.9,23.54,27500,6.47,17,25000.0, 90.91,2026-05-21
CORALFINAC, EQ, 21-May-2026,32.79,33.2,33.25,32.16,32.8,32.76,32.65,5139,1.68,192,2498.0, 48.61,2026-05-21
CORDSCABLE, EQ, 21-May-2026,195.92,198.88,206.3,198.88,201.0,201.26,202.82,37289,75.63,1281,17417.0, 46.71,2026-05-21
COROMANDEL, EQ, 21-May-2026,1871.6,1880.4,1896.4,1854.1,1879.0,1882.7,1880.27,515835,9699.09,25345,331733.0, 64.31,2026-05-21
CORONA, EQ, 21-May-2026,1731.8,1760.0,1760.0,1703.1,1720.0,1706.4,1715.52,27164,466.0,2975,17989.0, 66.22,2026-05-21
COSMOFIRST, EQ, 21-May-2026,797.5,835.0,865.0,794.0,796.0,799.75,830.1,1082916,8989.32,35695,278771.0, 25.74,2026-05-21
COUNCODOS, EQ, 21-May-2026,4.9,4.9,5.14,4.68,4.75,4.82,4.86,23686,1.15,139,18819.0, 79.45,2026-05-21
CPCAP, BE, 21-May-2026,92.6,93.9,97.2,92.6,95.0,95.23,95.39,10088,9.62,52,, -,2026-05-21
CPEDU, EQ, 21-May-2026,179.58,180.0,189.0,176.1,179.0,178.65,179.47,9312,16.71,81,9138.0, 98.13,2026-05-21
CPPLUS, EQ, 21-May-2026,2400.4,2438.0,2465.1,2401.0,2414.0,2416.3,2436.2,128880,3139.78,13548,43452.0, 33.72,2026-05-21
CPSEETF, EQ, 21-May-2026,104.67,106.47,106.47,104.5,104.6,104.68,105.19,668347,703.02,6054,288552.0, 43.17,2026-05-21
CRAFTSMAN, EQ, 21-May-2026,8575.0,8620.0,8650.0,8520.0,8560.0,8543.0,8587.22,35973,3089.08,7988,13916.0, 38.68,2026-05-21
CRAMC, EQ, 21-May-2026,237.4,240.3,243.0,236.25,237.6,238.45,239.25,161974,387.53,4567,99280.0, 61.29,2026-05-21
CREATIVEYE, EQ, 21-May-2026,6.9,7.0,7.0,6.8,6.9,6.9,6.89,9389,0.65,139,6670.0, 71.04,2026-05-21
CREDITACC, EQ, 21-May-2026,1293.9,1301.5,1326.6,1284.1,1288.9,1289.1,1302.13,253261,3297.78,16793,104542.0, 41.28,2026-05-21
CREST, EQ, 21-May-2026,355.5,353.55,356.0,345.0,348.4,352.55,351.85,7075,24.89,212,3377.0, 47.73,2026-05-21
CRISIL, EQ, 21-May-2026,4213.7,4225.0,4250.0,4155.4,4165.7,4173.4,4190.89,39540,1657.08,5698,23186.0, 58.64,2026-05-21
CRIZAC, EQ, 21-May-2026,201.21,203.2,212.79,202.35,206.8,204.61,207.18,189011,391.58,7940,79041.0, 41.82,2026-05-21
CROMPTON, EQ, 21-May-2026,290.6,291.9,293.95,289.6,292.5,291.85,291.75,1355199,3953.78,17192,564294.0, 41.64,2026-05-21
CROWN, EQ, 21-May-2026,120.19,125.0,133.99,120.32,125.6,124.4,125.91,43720,55.05,1822,16754.0, 38.32,2026-05-21
CSBBANK, EQ, 21-May-2026,363.85,366.35,366.55,359.1,363.9,364.05,363.4,565452,2054.84,16107,243854.0, 43.13,2026-05-21
CSLFINANCE, EQ, 21-May-2026,223.58,223.25,227.0,222.1,222.1,222.66,223.82,7250,16.23,288,4325.0, 59.66,2026-05-21
CSSL, SM, 21-May-2026,94.0,92.0,93.0,92.0,92.3,92.3,92.32,5000,4.62,5,4000.0, 80.00,2026-05-21
CTE, EQ, 21-May-2026,31.53,31.53,32.3,30.5,30.65,30.81,31.09,20847,6.48,176,12150.0, 58.28,2026-05-21
CUB, EQ, 21-May-2026,250.05,251.5,253.3,246.85,252.35,252.15,251.03,1386922,3481.55,25563,768768.0, 55.43,2026-05-21
CUBEINVIT, IV, 21-May-2026,148.0,150.0,150.0,150.0,150.0,150.0,150.0,25000,37.5,1,25000.0, 100.00,2026-05-21
CUBEXTUB, EQ, 21-May-2026,89.38,89.31,94.4,89.31,90.05,90.36,91.75,266620,244.61,2462,53436.0, 20.04,2026-05-21
CUDML, SM, 21-May-2026,144.1,150.9,160.0,150.9,160.0,159.5,156.6,31000,48.55,24,29000.0, 93.55,2026-05-21
CUMMINSIND, EQ, 21-May-2026,5399.5,5427.0,5454.0,5361.0,5390.0,5390.0,5398.32,338858,18292.64,27816,170252.0, 50.24,2026-05-21
CUPID, EQ, 21-May-2026,119.44,120.4,122.94,119.65,120.5,120.16,121.22,14484922,17558.42,50493,5410150.0, 37.35,2026-05-21
CURAA, BE, 21-May-2026,91.2,87.35,87.35,86.64,86.64,86.64,86.89,405,0.35,28,, -,2026-05-21
CURIS, SM, 21-May-2026,122.0,120.0,123.9,120.0,123.5,123.5,121.21,9000,10.91,9,8000.0, 88.89,2026-05-21
CURRENT, SM, 21-May-2026,119.35,111.5,116.9,111.5,116.9,116.9,114.2,3200,3.65,2,3200.0, 100.00,2026-05-21
CYBERMEDIA, BE, 21-May-2026,17.32,18.08,18.08,17.38,17.61,17.62,17.43,11588,2.02,55,, -,2026-05-21
CYBERTECH, EQ, 21-May-2026,141.33,142.0,146.85,141.0,146.8,145.01,144.24,153660,221.64,2841,74584.0, 48.54,2026-05-21
CYIENT, EQ, 21-May-2026,905.05,909.0,912.5,897.5,903.9,902.25,901.98,108610,979.64,9978,51459.0, 47.38,2026-05-21
CYIENTDLM, EQ, 21-May-2026,412.85,417.0,421.5,412.0,412.0,413.6,415.67,71438,296.95,3589,30109.0, 42.15,2026-05-21
DABUR, EQ, 21-May-2026,450.9,453.0,454.1,443.6,445.15,446.85,447.11,2589322,11577.1,56130,1325070.0, 51.17,2026-05-21
DAICHI, EQ, 21-May-2026,251.95,249.15,255.65,249.15,255.0,254.45,253.98,392,1.0,19,387.0, 98.72,2026-05-21
DALBHARAT, EQ, 21-May-2026,1706.8,1725.0,1754.1,1708.6,1745.0,1747.8,1734.75,293692,5094.81,20964,102686.0, 34.96,2026-05-21
DALMIASUG, EQ, 21-May-2026,350.95,353.4,353.95,344.1,347.6,345.95,348.67,89508,312.08,2706,45494.0, 50.83,2026-05-21
DAMCAPITAL, EQ, 21-May-2026,152.04,153.66,156.45,152.5,154.24,154.59,154.21,308306,475.44,15849,132163.0, 42.87,2026-05-21
DAMODARIND, EQ, 21-May-2026,29.96,30.88,31.49,29.51,31.0,30.53,30.82,11219,3.46,113,7193.0, 64.11,2026-05-21
DANGEE, EQ, 21-May-2026,3.2,3.2,3.3,3.06,3.16,3.12,3.14,91580,2.88,166,75327.0, 82.25,2026-05-21
DANISH, SM, 21-May-2026,844.85,855.0,879.9,834.0,835.0,837.7,860.49,35400,304.61,192,24600.0, 69.49,2026-05-21
DATAMATICS, EQ, 21-May-2026,766.2,777.8,814.65,777.8,810.9,809.45,801.22,405598,3249.73,13855,133067.0, 32.81,2026-05-21
DATAPATTNS, EQ, 21-May-2026,3834.1,3910.0,4007.9,3872.1,3956.0,3934.5,3941.89,983950,38786.19,72920,171645.0, 17.44,2026-05-21
DAVANGERE, EQ, 21-May-2026,4.15,4.22,4.34,4.2,4.27,4.26,4.26,15636000,666.72,3882,7283518.0, 46.58,2026-05-21
DBCORP, EQ, 21-May-2026,206.7,209.44,209.89,206.21,207.1,208.76,208.06,49486,102.96,3454,23804.0, 48.10,2026-05-21
DBEIL, EQ, 21-May-2026,75.85,76.56,77.36,73.81,76.0,74.93,75.88,26188,19.87,555,15119.0, 57.73,2026-05-21
DBL, EQ, 21-May-2026,436.85,440.7,441.45,430.0,432.05,432.85,434.56,113427,492.91,5958,57569.0, 50.75,2026-05-21
DBOL, BE, 21-May-2026,107.11,108.7,108.84,104.58,105.5,106.32,106.02,49766,52.76,297,, -,2026-05-21
DBREALTY, BE, 21-May-2026,112.73,114.45,116.95,112.0,114.5,114.29,114.64,671418,769.68,2764,, -,2026-05-21
DBSTOCKBRO, EQ, 21-May-2026,29.64,29.95,29.95,29.0,29.03,29.56,29.45,11045,3.25,236,10326.0, 93.49,2026-05-21
DCAL, EQ, 21-May-2026,211.2,214.6,224.4,210.01,210.85,211.88,217.52,2226966,4844.06,27450,372331.0, 16.72,2026-05-21
DCBBANK, EQ, 21-May-2026,181.26,181.27,183.96,179.05,180.9,182.05,181.6,710998,1291.18,12878,268862.0, 37.81,2026-05-21
DCG, SM, 21-May-2026,63.2,64.5,65.0,64.5,65.0,65.0,64.75,2400,1.55,2,2400.0, 100.00,2026-05-21
DCI, BE, 21-May-2026,298.35,303.9,306.0,293.05,300.0,298.9,300.89,4715,14.19,146,, -,2026-05-21
DCM, EQ, 21-May-2026,82.2,82.95,84.0,82.0,82.1,82.18,82.72,2208,1.83,121,1471.0, 66.62,2026-05-21
DCMFINSERV, BE, 21-May-2026,4.87,4.89,4.96,4.89,4.96,4.96,4.92,2302,0.11,15,, -,2026-05-21
DCMNVL, BE, 21-May-2026,143.24,142.98,150.4,141.6,145.7,145.7,147.79,13191,19.49,63,, -,2026-05-21
DCMSHRIRAM, EQ, 21-May-2026,1098.1,1115.5,1124.0,1101.0,1103.0,1108.8,1111.53,21535,239.37,4430,11069.0, 51.40,2026-05-21
DCMSIL, BE, 21-May-2026,60.45,60.47,63.47,59.0,62.95,62.28,61.32,81092,49.72,379,, -,2026-05-21
DCMSRIND, EQ, 21-May-2026,41.65,41.2,42.94,41.2,42.9,42.71,42.39,136788,57.99,975,91193.0, 66.67,2026-05-21
DCW, EQ, 21-May-2026,46.66,47.55,47.55,46.55,46.72,46.76,46.97,577908,271.45,2790,219426.0, 37.97,2026-05-21
DCXINDIA, EQ, 21-May-2026,193.98,197.14,206.88,196.1,200.5,200.67,201.92,1537177,3103.85,16158,424881.0, 27.64,2026-05-21
DDEVPLSTIK, EQ, 21-May-2026,237.7,241.25,248.3,234.0,235.75,235.0,237.99,125097,297.71,2367,70999.0, 56.76,2026-05-21
DECCANCE, EQ, 21-May-2026,592.05,596.4,610.85,593.55,600.0,602.9,604.08,5822,35.17,569,2008.0, 34.49,2026-05-21
DECCANTRAN, SM, 21-May-2026,20.6,21.95,23.4,21.85,23.4,23.4,22.48,18000,4.05,15,14400.0, 80.00,2026-05-21
DECNGOLD, EQ, 21-May-2026,150.54,153.54,159.0,142.5,144.17,144.78,151.76,3134095,4756.42,27434,1131497.0, 36.10,2026-05-21
DEEDEV, BE, 21-May-2026,475.15,494.9,498.9,451.4,498.9,498.9,485.9,853700,4148.15,3909,, -,2026-05-21
DEEPAKFERT, EQ, 21-May-2026,1317.8,1323.1,1395.0,1322.5,1392.0,1383.7,1365.58,736148,10052.71,35229,331617.0, 45.05,2026-05-21
DEEPAKNTR, EQ, 21-May-2026,1824.0,1826.0,1854.8,1758.4,1786.0,1785.3,1789.62,229989,4115.92,17029,130588.0, 56.78,2026-05-21
DEEPINDS, EQ, 21-May-2026,470.55,475.0,485.0,465.05,468.6,469.75,473.34,241238,1141.87,7448,104015.0, 43.12,2026-05-21
DEFENCE, EQ, 21-May-2026,74.41,75.27,76.24,74.86,75.26,75.45,75.48,234114,176.71,724,116303.0, 49.68,2026-05-21
DELAPLEX, SM, 21-May-2026,121.0,116.4,125.0,116.4,125.0,125.0,120.7,1200,1.45,2,1200.0, 100.00,2026-05-21
DELHIVERY, EQ, 21-May-2026,456.8,459.65,464.3,451.45,452.5,452.75,455.27,2471320,11251.17,30167,1292357.0, 52.29,2026-05-21
DELPHIFX, EQ, 21-May-2026,10.91,10.98,11.39,10.56,10.9,10.67,10.74,174987,18.79,406,122431.0, 69.97,2026-05-21
DELTACORP, EQ, 21-May-2026,71.13,71.95,73.99,70.92,72.9,73.16,72.61,2509214,1822.0,14287,654280.0, 26.08,2026-05-21
DELTAMAGNT, EQ, 21-May-2026,61.25,63.9,63.9,59.11,62.0,59.95,61.13,7231,4.42,148,5549.0, 76.74,2026-05-21
DELTIC, ST, 21-May-2026,40.8,40.8,41.0,39.4,39.45,39.45,40.07,7000,2.81,7,7000.0, 100.00,2026-05-21
DEN, EQ, 21-May-2026,26.7,26.69,28.39,26.01,27.1,27.14,27.44,958347,262.96,3935,381824.0, 39.84,2026-05-21
DENEERS, SM, 21-May-2026,238.35,239.5,240.0,232.0,235.0,235.0,236.31,31800,75.15,42,20400.0, 64.15,2026-05-21
DENORA, EQ, 21-May-2026,717.95,722.15,724.25,705.0,706.5,709.3,715.17,3908,27.95,490,1705.0, 43.63,2026-05-21
DENTA, EQ, 21-May-2026,263.85,264.25,272.7,264.25,272.5,271.75,269.91,118927,321.0,3289,51966.0, 43.70,2026-05-21
DENTALKART, SM, 21-May-2026,414.45,414.0,414.0,401.75,404.0,408.0,409.92,33000,135.27,82,29250.0, 88.64,2026-05-21
DEVIT, EQ, 21-May-2026,29.24,30.0,31.0,29.52,30.0,29.84,30.16,38269,11.54,709,22491.0, 58.77,2026-05-21
DEVX, EQ, 21-May-2026,39.98,40.69,40.69,39.4,39.95,39.93,39.89,265328,105.83,509,243665.0, 91.84,2026-05-21
DEVYANI, EQ, 21-May-2026,116.22,117.0,117.49,114.02,114.02,114.64,115.31,1261959,1455.13,13433,566174.0, 44.86,2026-05-21
DGCONTENT, EQ, 21-May-2026,26.96,28.0,28.99,25.71,27.19,26.62,27.02,19971,5.4,259,9989.0, 50.02,2026-05-21
DHAMPURSUG, EQ, 21-May-2026,144.34,146.94,147.0,144.0,146.5,146.11,145.49,177841,258.74,2316,56675.0, 31.87,2026-05-21
DHANBANK, EQ, 21-May-2026,32.73,33.42,34.86,32.84,34.31,34.42,34.07,3877770,1321.08,9738,1677211.0, 43.25,2026-05-21
DHANUKA, EQ, 21-May-2026,1150.8,1173.7,1173.7,1148.0,1162.0,1161.7,1160.09,113454,1316.17,13905,47380.0, 41.76,2026-05-21
DHARARAIL, SM, 21-May-2026,121.05,125.0,127.85,122.9,122.9,122.9,126.27,18000,22.73,18,16000.0, 88.89,2026-05-21
DHARIWAL, SM, 21-May-2026,33.35,33.2,35.0,33.0,34.9,34.9,33.85,111000,37.58,34,75000.0, 67.57,2026-05-21
DHARMAJ, EQ, 21-May-2026,265.1,265.45,272.0,264.05,272.0,270.4,267.87,28457,76.23,1003,16845.0, 59.19,2026-05-21
DHRUV, BE, 21-May-2026,32.6,31.0,31.5,31.0,31.0,31.0,31.01,2280,0.71,17,, -,2026-05-21
DHUNINV, EQ, 21-May-2026,844.9,868.65,868.9,837.0,851.0,845.4,846.14,301,2.55,77,242.0, 80.40,2026-05-21
DIACABS, EQ, 21-May-2026,195.1,198.8,202.4,192.5,194.0,193.8,196.79,4576648,9006.4,32305,1731738.0, 37.84,2026-05-21
DIAMINESQ, EQ, 21-May-2026,253.95,259.65,259.8,244.0,248.0,245.35,249.07,11291,28.12,448,9075.0, 80.37,2026-05-21
DIAMONDYD, EQ, 21-May-2026,977.7,972.85,997.85,972.85,975.0,983.2,983.6,5681,55.88,398,3077.0, 54.16,2026-05-21
DICIND, EQ, 21-May-2026,507.85,507.85,516.95,504.35,506.5,507.8,514.81,2206,11.36,25,2156.0, 97.73,2026-05-21
DIFFNKG, EQ, 21-May-2026,330.55,336.65,337.45,319.75,321.0,321.55,329.16,95080,312.97,2508,44258.0, 46.55,2026-05-21
DIGIDRIVE, EQ, 21-May-2026,21.83,22.27,22.27,18.95,20.03,19.97,20.01,321005,64.23,1897,162380.0, 50.58,2026-05-21
DIGIKORE, SM, 21-May-2026,56.95,58.95,58.95,48.5,50.05,50.3,52.16,190000,99.11,299,116000.0, 61.05,2026-05-21
DIGISPICE, BE, 21-May-2026,19.19,18.7,19.86,18.31,19.27,19.19,18.81,49964,9.4,216,, -,2026-05-21
DIGITIDE, EQ, 21-May-2026,85.34,85.9,87.9,84.4,86.9,86.39,85.96,150086,129.02,1814,52104.0, 34.72,2026-05-21
DIGJAMLMTD, EQ, 21-May-2026,46.94,47.01,48.0,46.5,47.9,47.87,47.54,4948,2.35,68,4491.0, 90.76,2026-05-21
DISAQ, EQ, 21-May-2026,11612.0,11611.0,11744.0,11500.0,11600.0,11593.0,11648.79,504,58.71,404,149.0, 29.56,2026-05-21
DISHTV, BE, 21-May-2026,3.36,3.37,3.52,3.36,3.52,3.52,3.48,1238630,43.14,1101,, -,2026-05-21
DIVGIITTS, EQ, 21-May-2026,663.8,666.75,698.0,665.4,697.0,692.4,681.74,10142,69.14,1073,5409.0, 53.33,2026-05-21
DIVIDEND, EQ, 21-May-2026,36.09,36.27,36.41,36.05,36.13,36.13,36.23,5476,1.98,61,4248.0, 77.57,2026-05-21
DIVINEHIRA, ST, 21-May-2026,329.5,329.5,329.5,314.1,324.7,324.7,323.33,3200,10.35,7,2400.0, 75.00,2026-05-21
DIVISLAB, EQ, 21-May-2026,6893.0,6905.0,6925.0,6829.0,6867.0,6858.0,6865.47,151586,10407.09,14084,82896.0, 54.69,2026-05-21
DIVOPPBEES, EQ, 21-May-2026,77.92,79.19,79.19,77.13,78.0,77.77,77.96,22972,17.91,622,12456.0, 54.22,2026-05-21
DIXON, EQ, 21-May-2026,10997.0,11010.0,11325.0,10911.0,11230.0,11258.0,11161.45,705488,78742.68,83762,172344.0, 24.43,2026-05-21
DJML, EQ, 21-May-2026,96.58,101.0,101.0,95.22,97.6,97.39,97.84,571293,558.97,2117,197368.0, 34.55,2026-05-21
DLF, EQ, 21-May-2026,583.3,589.8,591.9,582.85,588.25,587.95,586.91,2819385,16547.29,61847,1159061.0, 41.11,2026-05-21
DLINKINDIA, EQ, 21-May-2026,460.55,468.0,468.0,459.05,460.85,460.75,463.0,63311,293.13,2710,36012.0, 56.88,2026-05-21
DMART, EQ, 21-May-2026,4144.2,4167.4,4253.0,4122.3,4130.0,4137.2,4164.14,498131,20742.86,34260,276051.0, 55.42,2026-05-21
DMCC, EQ, 21-May-2026,282.9,288.0,291.0,272.05,275.5,274.5,282.13,123911,349.59,3145,73305.0, 59.16,2026-05-21
DNAMEDIA, EQ, 21-May-2026,3.02,2.9,3.08,2.9,3.02,3.0,2.97,20499,0.61,157,12061.0, 58.84,2026-05-21
DODLA, EQ, 21-May-2026,1024.8,1040.4,1041.0,1023.4,1033.3,1038.8,1036.07,14934,154.73,3344,8809.0, 58.99,2026-05-21
DOLATALGO, EQ, 21-May-2026,78.8,79.49,80.39,78.69,78.93,79.16,79.37,128387,101.9,1183,69209.0, 53.91,2026-05-21
DOLLAR, EQ, 21-May-2026,276.45,277.9,282.3,273.95,279.5,278.45,278.41,72200,201.01,2286,32347.0, 44.80,2026-05-21
DOLPHIN, EQ, 21-May-2026,412.35,413.45,417.8,406.0,408.1,409.6,410.54,9062,37.2,681,4436.0, 48.95,2026-05-21
DOMS, EQ, 21-May-2026,2263.0,2295.0,2295.0,2225.0,2235.0,2239.4,2243.24,53816,1207.22,13588,21993.0, 40.87,2026-05-21
DONEAR, EQ, 21-May-2026,89.71,90.09,91.47,90.06,90.35,90.36,90.6,8965,8.12,144,5091.0, 56.79,2026-05-21
DPABHUSHAN, EQ, 21-May-2026,895.6,895.6,943.7,890.0,920.0,927.4,919.92,98197,903.34,4911,13648.0, 13.90,2026-05-21
DPEL, SM, 21-May-2026,498.4,514.95,523.3,510.0,521.0,521.1,520.47,56000,291.46,88,33500.0, 59.82,2026-05-21
DPSCLTD, BE, 21-May-2026,8.91,8.47,8.73,8.47,8.47,8.47,8.48,157117,13.33,633,, -,2026-05-21
DPWIRES, EQ, 21-May-2026,170.91,171.84,173.11,168.06,168.06,169.08,170.2,8658,14.74,470,4824.0, 55.72,2026-05-21
DRAGARWQ, EQ, 21-May-2026,5159.6,5170.1,6059.7,4600.0,5050.5,5031.7,5078.84,5018,254.86,1547,1698.0, 33.84,2026-05-21
DRCSYSTEMS, EQ, 21-May-2026,15.18,15.11,15.97,14.84,15.35,15.36,15.34,137372,21.07,270,123750.0, 90.08,2026-05-21
DREAMFOLKS, EQ, 21-May-2026,75.28,75.25,78.5,75.25,76.55,77.22,76.97,86159,66.32,1450,55000.0, 63.84,2026-05-21
DREDGECORP, EQ, 21-May-2026,1088.0,1092.9,1172.0,1092.9,1097.85,1105.25,1135.18,1542995,17515.72,61117,251425.0, 16.29,2026-05-21
DRONE, ST, 21-May-2026,40.3,40.45,41.5,40.0,41.35,41.1,40.56,28000,11.36,47,24000.0, 85.71,2026-05-21
DRREDDY, EQ, 21-May-2026,1321.9,1325.0,1331.6,1314.2,1320.0,1318.5,1323.47,2183121,28892.9,42779,1369316.0, 62.72,2026-05-21
DSFCL, EQ, 21-May-2026,26.8,26.0,28.0,26.0,27.33,27.47,26.95,88984,23.98,492,67815.0, 76.21,2026-05-21
DSSL, EQ, 21-May-2026,1489.4,1523.8,1755.0,1500.0,1667.0,1640.6,1664.11,795498,13237.98,52566,151909.0, 19.10,2026-05-21
DTIL, EQ, 21-May-2026,136.22,133.0,142.85,132.5,134.39,133.18,134.08,3320,4.45,159,1931.0, 58.16,2026-05-21
DTL, SM, 21-May-2026,130.0,122.05,139.5,122.05,139.5,139.5,131.17,3600,4.72,3,0.0, 0.00,2026-05-21
DUCOL, SM, 21-May-2026,111.1,109.15,113.05,109.1,111.0,111.8,111.44,8800,9.81,9,7200.0, 81.82,2026-05-21
DUCON, BE, 21-May-2026,3.19,3.25,3.26,3.19,3.2,3.2,3.23,113003,3.65,155,, -,2026-05-21
DUGLOBAL, ST, 21-May-2026,39.95,38.25,38.25,38.25,38.25,38.25,38.25,5000,1.91,2,5000.0, 100.00,2026-05-21
DURLAX, ST, 21-May-2026,59.3,61.35,62.2,56.35,57.1,57.3,59.81,166000,99.29,64,146000.0, 87.95,2026-05-21
DVL, EQ, 21-May-2026,243.21,243.17,249.6,242.09,248.0,245.76,245.98,6407,15.76,359,3993.0, 62.32,2026-05-21
DWARKESH, EQ, 21-May-2026,42.97,43.5,44.92,42.8,44.55,44.5,43.81,1298696,568.95,5319,424789.0, 32.71,2026-05-21
DYCL, EQ, 21-May-2026,297.9,299.9,306.65,298.9,303.75,304.35,302.89,241612,731.81,6110,104156.0, 43.11,2026-05-21
DYNAMATECH, EQ, 21-May-2026,10441.0,10500.0,11099.0,10500.0,10904.0,10933.0,10811.56,26324,2846.04,8705,7324.0, 27.82,2026-05-21
DYNAMIC, SM, 21-May-2026,112.55,114.7,127.7,114.7,123.45,124.35,121.13,17000,20.59,30,13500.0, 79.41,2026-05-21
DYNPRO, EQ, 21-May-2026,227.67,227.68,229.91,226.1,227.9,227.1,227.85,2966,6.76,170,1892.0, 63.79,2026-05-21
E2E, EQ, 21-May-2026,3331.4,3395.5,3496.0,3335.0,3415.0,3409.3,3416.12,140353,4794.62,11401,64765.0, 46.14,2026-05-21
E2ERAIL, ST, 21-May-2026,274.0,274.5,280.0,269.0,269.0,273.75,274.04,20800,57.0,25,19200.0, 92.31,2026-05-21
EASEMYTRIP, EQ, 21-May-2026,8.02,8.0,8.18,7.95,7.99,7.98,8.03,8003195,642.94,6980,2526248.0, 31.57,2026-05-21
EASTSILK, BE, 21-May-2026,59.29,56.33,61.4,56.33,58.56,57.88,57.6,1088,0.63,9,, -,2026-05-21
EBANKNIFTY, EQ, 21-May-2026,54.05,54.24,54.32,53.43,53.62,53.78,53.99,997,0.54,31,958.0, 96.09,2026-05-21
EBBETF0430, EQ, 21-May-2026,1567.3,1540.73,1576.8,1540.73,1560.0,1560.82,1562.86,5342,83.49,337,3795.0, 71.04,2026-05-21
EBBETF0431, EQ, 21-May-2026,1390.66,1389.78,1394.89,1389.3,1389.73,1394.03,1391.31,2645,36.8,70,2118.0, 80.08,2026-05-21
EBBETF0433, EQ, 21-May-2026,1270.34,1271.0,1271.0,1266.0,1269.0,1266.37,1267.85,831,10.54,73,592.0, 71.24,2026-05-21
EBGNG, EQ, 21-May-2026,426.35,428.0,453.3,426.05,440.6,443.75,442.57,1006814,4455.9,22136,597556.0, 59.35,2026-05-21
ECAPINSURE, EQ, 21-May-2026,24.5,24.65,24.79,24.22,24.5,24.3,24.62,24055,5.92,213,14648.0, 60.89,2026-05-21
ECLERX, EQ, 21-May-2026,1518.1,1531.0,1562.6,1519.1,1540.1,1537.0,1536.55,187361,2878.89,12884,83855.0, 44.76,2026-05-21
ECOLINE, SM, 21-May-2026,149.6,154.0,163.8,150.0,153.5,152.6,157.87,276000,435.73,248,187000.0, 67.75,2026-05-21
ECOSMOBLTY, EQ, 21-May-2026,129.4,131.35,132.97,129.25,129.5,130.03,130.5,109330,142.67,2014,43339.0, 39.64,2026-05-21
EDELWEISS, EQ, 21-May-2026,111.0,112.0,112.75,109.0,109.25,109.43,110.33,3091180,3410.55,17479,1577828.0, 51.04,2026-05-21
EEPL, SM, 21-May-2026,103.75,106.25,108.7,105.1,105.1,106.0,106.22,10000,10.62,10,6000.0, 60.00,2026-05-21
EFACTOR, SM, 21-May-2026,200.1,200.0,200.0,200.0,200.0,200.0,200.0,400,0.8,1,400.0, 100.00,2026-05-21
EFCIL, EQ, 21-May-2026,187.25,190.61,191.7,185.59,191.5,190.99,189.69,470256,892.03,4636,227531.0, 48.38,2026-05-21
EFFWA, SM, 21-May-2026,240.7,246.0,262.0,243.0,253.35,255.2,257.22,27600,70.99,55,20400.0, 73.91,2026-05-21
EFORCE, SM, 21-May-2026,22.25,21.85,22.55,21.85,22.55,22.55,22.03,4800,1.06,4,3600.0, 75.00,2026-05-21
EGOLD, EQ, 21-May-2026,157.5,158.35,158.65,157.6,158.1,157.85,158.01,28699,45.35,533,14174.0, 49.39,2026-05-21
EICHERMOT, EQ, 21-May-2026,6849.5,6902.0,6945.5,6863.0,6912.0,6892.0,6903.17,491206,33908.8,61358,265019.0, 53.95,2026-05-21
EIDPARRY, EQ, 21-May-2026,798.05,801.95,801.95,787.0,788.6,789.5,792.22,94087,745.37,10892,46051.0, 48.95,2026-05-21
EIEL, EQ, 21-May-2026,188.26,189.45,194.54,186.1,186.8,187.17,189.88,1111115,2109.73,11210,449681.0, 40.47,2026-05-21
EIFFL, EQ, 21-May-2026,231.39,228.02,247.4,228.02,246.0,243.79,241.9,24602,59.51,1132,15875.0, 64.53,2026-05-21
EIHAHOTELS, EQ, 21-May-2026,324.15,326.1,334.0,322.35,328.0,327.9,326.28,10292,33.58,789,4534.0, 44.05,2026-05-21
EIHOTEL, EQ, 21-May-2026,322.5,322.0,325.8,317.55,320.6,319.5,320.86,101773,326.54,4456,54510.0, 53.56,2026-05-21
EIMCOELECO, EQ, 21-May-2026,1609.6,1620.0,1690.0,1619.3,1638.0,1642.7,1657.04,30189,500.24,2316,17772.0, 58.87,2026-05-21
EKC, EQ, 21-May-2026,114.99,116.0,117.72,114.16,115.2,115.36,116.04,102024,118.39,1562,44964.0, 44.07,2026-05-21
ELANTAS, EQ, 21-May-2026,9340.5,9106.5,9385.5,9015.0,9150.5,9210.0,9207.97,1905,175.41,497,1562.0, 81.99,2026-05-21
ELCIDIN, EQ, 21-May-2026,118205.0,118795.0,122000.0,118305.0,119200.0,119200.0,119682.0,10,11.97,10,8.0, 80.00,2026-05-21
ELDEHSG, EQ, 21-May-2026,850.0,830.05,870.2,830.05,865.0,865.0,866.89,773,6.7,43,689.0, 89.13,2026-05-21
ELECON, EQ, 21-May-2026,486.25,490.0,520.35,488.05,510.0,504.15,507.0,1484242,7525.11,43436,411837.0, 27.75,2026-05-21
ELECTCAST, EQ, 21-May-2026,78.01,79.0,79.4,76.85,77.82,78.16,77.93,2159418,1682.84,11237,955551.0, 44.25,2026-05-21
ELECTHERM, EQ, 21-May-2026,708.85,680.1,850.6,680.1,850.6,850.6,813.4,161995,1317.67,4444,62403.0, 38.52,2026-05-21
ELGIEQUIP, EQ, 21-May-2026,565.25,569.95,574.95,559.0,567.0,567.4,566.54,453648,2570.11,25221,258800.0, 57.05,2026-05-21
ELGIRUBCO, EQ, 21-May-2026,47.4,47.7,48.85,46.5,47.4,47.18,47.91,35177,16.85,604,19176.0, 54.51,2026-05-21
ELGNZ, SM, 21-May-2026,81.6,84.75,84.95,82.0,84.95,84.95,83.98,12000,10.08,8,10000.0, 83.33,2026-05-21
ELIN, EQ, 21-May-2026,119.78,121.0,122.04,118.55,119.0,119.33,119.67,98412,117.77,1695,59190.0, 60.15,2026-05-21
ELIQUID, EQ, 21-May-2026,1031.43,1031.57,1031.58,1031.57,1031.58,1031.58,1031.57,909,9.38,8,909.0, 100.00,2026-05-21
ELITECON, EQ, 21-May-2026,31.67,32.27,33.25,31.81,32.0,32.92,32.97,5168358,1703.88,5569,3846133.0, 74.42,2026-05-21
ELLEN, EQ, 21-May-2026,282.2,281.55,293.4,281.35,286.5,287.7,288.48,334281,964.32,6972,163351.0, 48.87,2026-05-21
ELM250, EQ, 21-May-2026,16.2,16.28,16.35,16.12,16.25,16.24,16.25,14292,2.32,104,7338.0, 51.34,2026-05-21
ELPROINTL, EQ, 21-May-2026,164.93,164.05,166.0,164.05,165.0,165.51,165.18,45917,75.85,433,36160.0, 78.75,2026-05-21
EMAMILTD, EQ, 21-May-2026,428.8,431.95,438.0,410.1,413.9,415.65,418.24,2130268,8909.72,50563,787778.0, 36.98,2026-05-21
EMAMIPAP, EQ, 21-May-2026,79.73,81.45,81.9,79.04,79.5,79.42,79.65,10535,8.39,150,6697.0, 63.57,2026-05-21
EMAMIREAL, BE, 21-May-2026,89.62,87.83,87.83,87.83,87.83,87.83,87.83,8796,7.73,32,, -,2026-05-21
EMAPARTNER, SM, 21-May-2026,92.0,89.1,89.1,88.5,88.5,88.5,88.87,3000,2.67,3,3000.0, 100.00,2026-05-21
EMBASSY, RR, 21-May-2026,434.45,434.79,438.35,429.5,435.52,434.33,434.73,231669,1007.13,13615,160529.0, 69.29,2026-05-21
EMBDL, EQ, 21-May-2026,66.35,65.81,67.42,64.36,64.69,64.6,65.62,3538556,2322.02,23946,2122363.0, 59.98,2026-05-21
EMCURE, EQ, 21-May-2026,1734.0,1752.0,1757.9,1721.0,1751.3,1751.5,1738.97,72517,1261.05,8621,37852.0, 52.20,2026-05-21
EMIL, EQ, 21-May-2026,115.68,117.0,117.51,113.2,115.4,115.95,115.45,1387655,1602.1,8758,848982.0, 61.18,2026-05-21
EMKAY, EQ, 21-May-2026,219.86,223.0,231.9,221.15,221.5,223.03,226.73,52000,117.9,1420,27962.0, 53.77,2026-05-21
EMKAYTOOLS, SM, 21-May-2026,98.85,102.45,103.0,102.45,103.0,102.75,102.58,750,0.77,5,750.0, 100.00,2026-05-21
EMMBI, EQ, 21-May-2026,83.9,83.9,84.31,82.25,82.25,82.65,82.96,6297,5.22,175,4351.0, 69.10,2026-05-21
EMMIL, SM, 21-May-2026,142.0,142.0,146.95,141.0,141.0,143.95,142.35,4250,6.05,16,4000.0, 94.12,2026-05-21
EMMVEE, EQ, 21-May-2026,260.55,262.6,265.5,253.05,261.25,261.25,259.0,3426212,8873.86,37801,1440863.0, 42.05,2026-05-21
EMPOWER, BE, 21-May-2026,2.56,2.51,2.51,2.51,2.51,2.51,2.51,350182,8.79,308,, -,2026-05-21
EMSLIMITED, EQ, 21-May-2026,316.55,321.9,323.4,310.85,317.3,317.0,318.98,112087,357.53,3982,43675.0, 38.97,2026-05-21
EMUDHRA, EQ, 21-May-2026,463.3,469.95,476.0,464.3,475.0,471.2,469.82,46126,216.71,2890,23372.0, 50.67,2026-05-21
EMULTIMQ, EQ, 21-May-2026,42.69,42.75,43.08,41.45,42.0,41.84,42.33,32617,13.81,210,20736.0, 63.57,2026-05-21
ENCOMPAS, SM, 21-May-2026,216.0,222.0,239.5,215.0,232.1,231.25,235.51,64800,152.61,43,42000.0, 64.81,2026-05-21
ENDURANCE, EQ, 21-May-2026,2552.3,2552.9,2636.4,2552.3,2620.0,2623.0,2602.76,93093,2422.99,12574,53304.0, 57.26,2026-05-21
ENERGY, EQ, 21-May-2026,40.38,41.37,41.37,40.36,40.4,40.46,40.55,685900,278.1,1411,381931.0, 55.68,2026-05-21
ENERGYDEV, EQ, 21-May-2026,16.72,16.72,17.34,16.53,16.58,16.63,16.92,37268,6.31,367,22776.0, 61.11,2026-05-21
ENFUSE, SM, 21-May-2026,179.9,175.0,192.0,174.0,192.0,192.0,184.44,10800,19.92,16,6600.0, 61.11,2026-05-21
ENGINERSIN, EQ, 21-May-2026,241.4,243.7,247.7,235.35,237.95,237.2,240.04,3083203,7401.02,33804,1406281.0, 45.61,2026-05-21
ENIFTY, EQ, 21-May-2026,23.73,24.32,24.32,23.66,23.8,23.8,23.78,2004,0.48,32,2002.0, 99.90,2026-05-21
ENIL, EQ, 21-May-2026,111.04,111.18,111.18,109.8,110.0,110.03,110.17,5349,5.89,99,4269.0, 79.81,2026-05-21
ENRIN, EQ, 21-May-2026,3459.6,3485.0,3684.6,3480.0,3546.0,3574.5,3609.76,2115768,76374.06,136664,509046.0, 24.06,2026-05-21
ENTERO, EQ, 21-May-2026,1254.7,1262.0,1318.6,1255.8,1295.0,1299.9,1287.5,391526,5040.9,15789,263020.0, 67.18,2026-05-21
ENVIRO, SM, 21-May-2026,101.5,104.95,104.95,99.3,99.3,99.3,100.95,23000,23.22,21,17000.0, 73.91,2026-05-21
EPACK, EQ, 21-May-2026,259.2,237.55,244.0,229.15,232.35,232.8,236.54,3910658,9250.16,41553,927994.0, 23.73,2026-05-21
EPACKPEB, EQ, 21-May-2026,189.5,192.3,197.26,188.0,190.0,189.09,191.75,552996,1060.36,11235,218787.0, 39.56,2026-05-21
EPIGRAL, EQ, 21-May-2026,1240.4,1252.0,1283.0,1237.8,1269.0,1270.1,1266.26,35798,453.29,4898,18875.0, 52.73,2026-05-21
EPL, EQ, 21-May-2026,215.66,216.5,218.28,213.5,216.4,214.65,215.84,336564,726.44,7256,181654.0, 53.97,2026-05-21
EPWINDIA, ST, 21-May-2026,138.5,138.0,138.0,138.0,138.0,138.0,138.0,1200,1.66,1,1200.0, 100.00,2026-05-21
EQUAL200, EQ, 21-May-2026,13.33,13.42,13.44,13.33,13.38,13.37,13.38,66020,8.83,70,62058.0, 94.00,2026-05-21
EQUAL50, EQ, 21-May-2026,324.96,325.52,326.62,324.99,325.64,326.0,325.98,5900,19.23,13,5654.0, 95.83,2026-05-21
EQUAL50ADD, EQ, 21-May-2026,335.02,337.04,339.07,335.19,336.1,336.54,336.71,5904,19.88,202,3095.0, 52.42,2026-05-21
EQUIPPP, BE, 21-May-2026,14.75,14.99,14.99,14.35,14.79,14.53,14.49,1364,0.2,21,, -,2026-05-21
EQUITASBNK, EQ, 21-May-2026,68.04,68.39,69.39,67.6,68.32,68.96,68.71,2220212,1525.59,17786,1405202.0, 63.29,2026-05-21
ERIS, EQ, 21-May-2026,1458.2,1489.1,1530.0,1372.3,1388.0,1385.9,1435.71,665511,9554.83,37964,132354.0, 19.89,2026-05-21
ESABINDIA, EQ, 21-May-2026,6646.0,6700.0,6883.5,6700.0,6815.5,6802.0,6812.45,5753,391.92,1765,2522.0, 43.84,2026-05-21
ESAFSFB, EQ, 21-May-2026,27.6,27.8,28.17,27.58,27.62,27.67,27.85,574661,160.06,2196,278071.0, 48.39,2026-05-21
ESCONET, ST, 21-May-2026,129.6,135.95,136.05,127.0,135.9,134.95,131.31,24800,32.57,51,24000.0, 96.77,2026-05-21
ESCORTS, EQ, 21-May-2026,2895.6,2930.0,2938.6,2879.8,2908.9,2904.1,2902.82,194552,5647.49,15685,136426.0, 70.12,2026-05-21
ESENSEX, EQ, 21-May-2026,75.13,75.52,75.73,75.34,75.35,75.35,75.5,1423,1.07,9,1020.0, 71.68,2026-05-21
ESFL, ST, 21-May-2026,128.1,130.4,130.4,129.95,129.95,129.95,130.19,2520,3.28,7,2520.0, 100.00,2026-05-21
ESG, EQ, 21-May-2026,40.34,40.53,40.55,40.22,40.3,40.3,40.39,3815,1.54,81,3082.0, 80.79,2026-05-21
ESILVER, EQ, 21-May-2026,263.75,265.06,265.11,260.9,263.98,262.32,262.85,33916,89.15,1439,10193.0, 30.05,2026-05-21
ESPRIT, SM, 21-May-2026,73.5,72.0,72.0,70.0,70.0,70.0,70.63,6400,4.52,4,6400.0, 100.00,2026-05-21
ESSARSHPNG, EQ, 21-May-2026,23.49,23.49,24.83,23.39,24.17,23.8,23.77,401654,95.47,1841,182602.0, 45.46,2026-05-21
ESSENTIA, BE, 21-May-2026,1.6,1.6,1.68,1.55,1.66,1.66,1.63,1974492,32.09,932,, -,2026-05-21
ESTER, EQ, 21-May-2026,96.46,97.38,98.18,95.6,95.61,96.38,97.07,53510,51.94,1462,22329.0, 41.73,2026-05-21
ETERNAL, EQ, 21-May-2026,243.34,245.7,247.91,241.56,241.8,242.05,244.19,21676835,52933.61,187804,10267872.0, 47.37,2026-05-21
ETHOSLTD, EQ, 21-May-2026,2356.3,2380.6,2397.9,2327.1,2360.0,2355.2,2353.5,8231,193.72,1779,4025.0, 48.90,2026-05-21
ETL, SM, 21-May-2026,911.5,950.0,950.0,905.0,945.0,945.0,918.33,1800,16.53,8,1500.0, 83.33,2026-05-21
ETML, SM, 21-May-2026,85.25,86.25,86.3,83.0,84.1,84.1,85.34,69600,59.4,32,64800.0, 93.10,2026-05-21
EUREKAFORB, EQ, 21-May-2026,473.45,478.5,481.0,465.05,468.15,469.2,470.78,261797,1232.48,18025,123368.0, 47.12,2026-05-21
EUROBOND, EQ, 21-May-2026,177.88,178.76,181.8,175.5,181.3,180.24,179.04,5398,9.66,190,3878.0, 71.84,2026-05-21
EUROPRATIK, EQ, 21-May-2026,269.15,269.15,278.65,262.0,262.0,265.0,270.94,1405170,3807.1,10653,1070660.0, 76.19,2026-05-21
EUROTEXIND, EQ, 21-May-2026,15.87,16.9,16.9,15.01,15.01,15.55,16.05,5996,0.96,55,2723.0, 45.41,2026-05-21
EVEREADY, EQ, 21-May-2026,318.55,324.0,324.7,318.25,321.0,320.65,321.53,42836,137.73,1757,21054.0, 49.15,2026-05-21
EVERESTIND, EQ, 21-May-2026,375.65,386.0,399.2,385.9,390.0,390.75,392.93,17865,70.2,779,8946.0, 50.08,2026-05-21
EVIETF, EQ, 21-May-2026,29.93,30.9,30.9,29.95,30.01,30.11,30.1,120904,36.4,482,54449.0, 45.03,2026-05-21
EVINDIA, EQ, 21-May-2026,29.91,30.33,30.33,29.97,30.04,30.08,30.1,228247,68.7,1124,171511.0, 75.14,2026-05-21
EXCELINDUS, EQ, 21-May-2026,956.75,975.8,1014.85,968.0,998.05,1006.05,996.46,30909,307.99,1718,16848.0, 54.51,2026-05-21
EXCELLENT, ST, 21-May-2026,151.0,151.55,153.5,151.55,153.5,153.5,152.53,6400,9.76,4,6400.0, 100.00,2026-05-21
EXCELSOFT, EQ, 21-May-2026,88.81,89.1,91.85,88.15,88.2,88.63,90.09,786514,708.55,6053,289720.0, 36.84,2026-05-21
EXICOM, EQ, 21-May-2026,114.93,116.35,137.91,116.35,137.91,137.91,134.06,10428662,13980.3,45992,2516369.0, 24.13,2026-05-21
EXIDEIND, EQ, 21-May-2026,339.55,343.85,346.3,340.0,340.45,340.8,342.84,1078372,3697.14,21631,420487.0, 38.99,2026-05-21
EXIMROUTES, SM, 21-May-2026,122.3,121.0,121.0,121.0,121.0,121.0,121.0,800,0.97,1,800.0, 100.00,2026-05-21
EXPLEOSOL, EQ, 21-May-2026,931.45,945.0,977.7,945.0,959.0,954.6,963.48,91253,879.2,5119,44484.0, 48.75,2026-05-21
EXXARO, EQ, 21-May-2026,6.53,6.6,6.66,6.5,6.6,6.55,6.58,101612,6.69,276,82371.0, 81.06,2026-05-21
FABTECH, EQ, 21-May-2026,151.89,153.0,156.53,151.51,154.1,153.55,153.47,58368,89.57,1662,18252.0, 31.27,2026-05-21
FACT, EQ, 21-May-2026,867.3,872.2,895.4,861.4,866.0,868.05,879.03,147421,1295.87,9102,32114.0, 21.78,2026-05-21
FAIRCHEMOR, EQ, 21-May-2026,600.55,599.95,609.95,596.15,605.1,604.7,603.32,9064,54.69,484,7158.0, 78.97,2026-05-21
FAZE3Q, EQ, 21-May-2026,478.7,478.7,498.95,471.5,495.0,492.05,489.91,27973,137.04,1033,15000.0, 53.62,2026-05-21
FCL, EQ, 21-May-2026,34.12,34.0,34.12,30.64,31.45,31.59,32.62,31253961,10196.6,45379,7306802.0, 23.38,2026-05-21
FCSSOFT, BE, 21-May-2026,1.51,1.54,1.54,1.5,1.51,1.5,1.52,959340,14.58,862,, -,2026-05-21
FDC, EQ, 21-May-2026,363.6,363.1,375.0,353.8,363.0,362.4,359.26,169075,607.43,15921,106415.0, 62.94,2026-05-21
FEDDERSHOL, EQ, 21-May-2026,33.08,33.0,33.8,32.82,33.25,32.94,33.48,148209,49.62,351,25122.0, 16.95,2026-05-21
FEDERALBNK, EQ, 21-May-2026,289.9,290.5,292.5,283.05,284.0,283.75,285.89,6916472,19773.33,72069,2747663.0, 39.73,2026-05-21
FEDFINA, EQ, 21-May-2026,150.85,151.68,156.42,150.02,155.35,155.22,154.13,998354,1538.77,14529,520609.0, 52.15,2026-05-21
FEL, BZ, 21-May-2026,0.44,0.45,0.45,0.44,0.45,0.45,0.45,43226,0.19,50,, -,2026-05-21
FELDVR, BZ, 21-May-2026,2.55,2.44,2.67,2.43,2.55,2.55,2.56,2074,0.05,12,, -,2026-05-21
FELIX, SM, 21-May-2026,200.55,198.0,198.6,195.0,195.0,195.75,196.09,14500,28.43,27,10000.0, 68.97,2026-05-21
FERMENTA, EQ, 21-May-2026,306.35,314.85,314.85,301.0,306.2,306.2,306.4,10654,32.64,380,8478.0, 79.58,2026-05-21
FIBERWEB, EQ, 21-May-2026,29.77,29.0,30.64,28.35,29.99,29.34,29.01,129701,37.62,861,84613.0, 65.24,2026-05-21
FICRF3GP, MF, 21-May-2026,210.0,189.0,228.9,189.0,189.0,189.0,194.94,47,0.09,5,47.0, 100.00,2026-05-21
FIDEL, SM, 21-May-2026,164.0,167.5,167.5,163.95,163.95,163.95,165.47,3000,4.96,3,3000.0, 100.00,2026-05-21
FIEMIND, EQ, 21-May-2026,2151.2,2174.7,2232.0,2154.0,2232.0,2219.3,2194.96,49084,1077.38,7103,25959.0, 52.89,2026-05-21
FILATEX, EQ, 21-May-2026,42.18,42.48,42.94,42.13,42.54,42.38,42.47,287346,122.03,2269,131752.0, 45.85,2026-05-21
FILATFASH, BE, 21-May-2026,0.23,0.24,0.24,0.23,0.24,0.23,0.23,11470461,26.88,1729,, -,2026-05-21
FINBUD, SM, 21-May-2026,114.0,114.0,119.0,114.0,114.15,115.3,116.21,11000,12.78,9,10000.0, 90.91,2026-05-21
FINCABLES, EQ, 21-May-2026,1039.7,1050.0,1074.1,1037.05,1043.0,1043.1,1056.25,298344,3151.25,24002,149134.0, 49.99,2026-05-21
FINEORG, EQ, 21-May-2026,4594.1,4594.1,4648.3,4551.0,4599.9,4607.3,4603.83,5868,270.15,1748,2570.0, 43.80,2026-05-21
FINIETF, EQ, 21-May-2026,32.16,32.96,32.96,31.84,31.98,31.9,32.08,236371,75.83,1278,155159.0, 65.64,2026-05-21
FINKURVE, EQ, 21-May-2026,69.68,71.99,74.99,67.7,68.4,68.13,70.64,56949,40.23,1014,23831.0, 41.85,2026-05-21
FINOPB, EQ, 21-May-2026,121.44,126.95,126.95,120.5,120.75,120.86,121.98,256024,312.29,2787,117649.0, 45.95,2026-05-21
FINPIPE, EQ, 21-May-2026,167.5,168.0,173.75,168.0,168.79,169.16,171.07,377899,646.47,8694,141238.0, 37.37,2026-05-21
FIRSTCRY, EQ, 21-May-2026,220.89,222.93,237.7,220.55,234.5,234.09,232.56,10835468,25198.81,106371,786865.0, 7.26,2026-05-21
FISCHER, EQ, 21-May-2026,35.04,35.74,36.49,34.6,34.95,34.76,35.6,979448,348.69,2101,300317.0, 30.66,2026-05-21
FIVESTAR, EQ, 21-May-2026,444.05,444.75,453.4,440.4,444.5,445.1,447.3,994313,4447.55,25418,449412.0, 45.20,2026-05-21
FLAIR, EQ, 21-May-2026,337.5,337.0,342.0,313.3,319.0,318.45,326.64,306344,1000.64,4456,165141.0, 53.91,2026-05-21
FLEXIADD, EQ, 21-May-2026,9.66,9.73,9.79,9.67,9.79,9.74,9.73,126695,12.33,215,118275.0, 93.35,2026-05-21
FLEXITUFF, EQ, 21-May-2026,6.92,6.99,7.45,6.75,7.3,7.19,7.19,18449,1.33,58,14275.0, 77.38,2026-05-21
FLFL, BZ, 21-May-2026,1.51,1.53,1.58,1.44,1.58,1.58,1.52,31268,0.48,69,, -,2026-05-21
FLUOROCHEM, EQ, 21-May-2026,3750.8,3750.0,3846.0,3728.3,3820.5,3827.4,3790.62,120954,4584.9,20941,65925.0, 54.50,2026-05-21
FLYSBS, SM, 21-May-2026,401.45,404.0,417.8,404.0,407.0,407.0,410.16,9600,39.38,47,6000.0, 62.50,2026-05-21
FMCGIETF, EQ, 21-May-2026,54.11,54.39,54.54,53.76,53.98,53.83,53.96,527188,284.49,2945,290767.0, 55.15,2026-05-21
FMGOETZE, EQ, 21-May-2026,450.95,458.5,467.75,447.3,452.5,454.2,458.36,47285,216.73,1697,27728.0, 58.64,2026-05-21
FMNL, EQ, 21-May-2026,11.9,11.31,11.9,11.31,11.31,11.31,11.33,116262,13.18,118,92664.0, 79.70,2026-05-21
FOCE, SM, 21-May-2026,561.0,567.0,567.0,553.0,553.0,555.0,560.8,2400,13.46,6,240.0, 10.00,2026-05-21
FOCUS, EQ, 21-May-2026,85.69,87.0,87.8,83.75,85.77,84.82,85.56,107591,92.06,1696,45650.0, 42.43,2026-05-21
FONEBOX, SM, 21-May-2026,71.0,71.5,76.0,71.5,76.0,76.0,74.86,11000,8.24,11,9000.0, 81.82,2026-05-21
FOODSIN, EQ, 21-May-2026,55.23,57.64,57.64,55.11,55.55,55.88,55.83,38593,21.55,900,22551.0, 58.43,2026-05-21
FORCAS, SM, 21-May-2026,105.95,105.0,105.45,103.5,105.45,105.45,104.3,8000,8.34,5,8000.0, 100.00,2026-05-21
FORCEMOT, EQ, 21-May-2026,19083.0,19482.0,19717.0,19302.0,19306.0,19339.0,19487.84,122198,23813.75,33150,32447.0, 26.55,2026-05-21
FORTIS, EQ, 21-May-2026,974.6,980.9,992.7,965.2,971.0,967.3,975.18,1472617,14360.6,44385,658827.0, 44.74,2026-05-21
FOSECOIND, EQ, 21-May-2026,5279.3,5300.0,5300.0,5120.0,5153.0,5188.6,5179.21,3920,203.03,1206,2079.0, 53.04,2026-05-21
FRACTAL, EQ, 21-May-2026,933.65,938.0,943.0,910.0,913.0,917.25,926.36,376610,3488.77,19257,170931.0, 45.39,2026-05-21
FRESHARA, ST, 21-May-2026,202.7,205.95,212.8,200.6,212.7,212.65,208.74,75600,157.81,105,73800.0, 97.62,2026-05-21
FROG, ST, 21-May-2026,168.15,168.9,169.4,168.9,169.4,169.4,169.24,2400,4.06,6,2400.0, 100.00,2026-05-21
FRONTSP, EQ, 21-May-2026,1654.2,1659.9,1740.0,1635.3,1640.0,1659.9,1691.48,17579,297.34,2508,9284.0, 52.81,2026-05-21
FSL, EQ, 21-May-2026,247.32,250.0,257.39,248.5,254.0,253.77,253.16,2652448,6714.93,56155,1071178.0, 40.38,2026-05-21
FUSION, EQ, 21-May-2026,180.43,183.7,184.0,178.5,179.5,179.73,180.48,364899,658.57,6864,186672.0, 51.16,2026-05-21
FWSTC, SM, 21-May-2026,161.05,162.2,162.2,162.2,162.2,162.2,162.2,600,0.97,1,600.0, 100.00,2026-05-21
GABRIEL, EQ, 21-May-2026,1089.1,1100.0,1117.0,1092.1,1101.3,1106.4,1106.07,228202,2524.08,14267,90327.0, 39.58,2026-05-21
GAEL, EQ, 21-May-2026,164.98,167.0,168.15,162.8,164.89,165.32,165.33,1165824,1927.43,16448,528021.0, 45.29,2026-05-21
GAIL, EQ, 21-May-2026,155.64,156.5,157.54,154.9,155.8,155.9,156.12,11448733,17873.2,55420,6652541.0, 58.11,2026-05-21
GAJANAND, SM, 21-May-2026,8.8,8.8,8.85,8.4,8.85,8.85,8.73,12000,1.05,3,9000.0, 75.00,2026-05-21
GALAPREC, EQ, 21-May-2026,827.95,833.75,853.25,830.0,846.0,847.6,841.84,9639,81.14,981,4340.0, 45.03,2026-05-21
GALAXYSURF, EQ, 21-May-2026,1825.8,1822.3,1832.9,1814.5,1820.0,1821.2,1821.87,5388,98.16,970,2768.0, 51.37,2026-05-21
GALLANTT, EQ, 21-May-2026,669.85,678.0,680.2,660.55,665.0,666.25,668.0,136676,913.0,5851,57927.0, 42.38,2026-05-21
GANDHAR, EQ, 21-May-2026,158.86,160.33,166.8,159.61,163.16,163.78,163.81,749808,1228.24,9021,357761.0, 47.71,2026-05-21
GANDHITUBE, EQ, 21-May-2026,878.0,930.0,955.55,922.05,931.0,929.35,937.24,62980,590.27,4146,23870.0, 37.90,2026-05-21
GANECOS, EQ, 21-May-2026,1021.9,1037.2,1069.5,1019.2,1068.9,1049.5,1037.83,214682,2228.04,7690,110972.0, 51.69,2026-05-21
GANESHBE, EQ, 21-May-2026,100.68,101.5,103.0,98.0,98.65,98.65,99.89,369006,368.6,5034,209650.0, 56.81,2026-05-21
GANESHCP, EQ, 21-May-2026,192.39,191.72,212.0,191.72,203.01,205.91,206.12,149516,308.18,3727,63709.0, 42.61,2026-05-21
GANESHHOU, EQ, 21-May-2026,704.45,715.95,719.9,696.0,708.0,699.85,706.82,29628,209.42,2028,16208.0, 54.71,2026-05-21
GANESHIN, ST, 21-May-2026,80.3,78.0,82.5,77.0,82.2,81.45,79.02,48000,37.93,45,36000.0, 75.00,2026-05-21
GANGABATH, SM, 21-May-2026,23.4,23.55,23.55,23.55,23.55,23.55,23.55,3000,0.71,1,3000.0, 100.00,2026-05-21
GANGAFORGE, EQ, 21-May-2026,2.46,2.51,2.51,2.4,2.46,2.43,2.45,216642,5.3,239,150822.0, 69.62,2026-05-21
GANGESSECU, EQ, 21-May-2026,123.11,124.6,125.99,120.7,122.0,121.9,123.0,2758,3.39,157,1727.0, 62.62,2026-05-21
GARFIBRES, EQ, 21-May-2026,635.2,630.2,634.75,608.2,615.2,622.1,618.96,116775,722.79,12108,54505.0, 46.68,2026-05-21
GARUDA, EQ, 21-May-2026,172.14,174.94,175.48,169.96,170.47,170.93,172.15,554144,953.94,6454,196068.0, 35.38,2026-05-21
GATECH, EQ, 21-May-2026,0.52,0.53,0.53,0.51,0.52,0.51,0.52,6185770,32.16,926,1701073.0, 27.50,2026-05-21
GATECHDVR, EQ, 21-May-2026,0.5,0.51,0.52,0.5,0.5,0.51,0.51,305256,1.57,155,234564.0, 76.84,2026-05-21
GATEWAY, EQ, 21-May-2026,54.93,55.89,56.04,55.24,55.46,55.53,55.63,302236,168.12,2310,172111.0, 56.95,2026-05-21
GAUDIUMIVF, BE, 21-May-2026,112.93,116.4,118.0,114.5,116.02,116.74,116.66,281848,328.79,1799,, -,2026-05-21
GAYAHWS, EQ, 21-May-2026,2.31,2.39,2.39,2.27,2.3,2.29,2.32,188792,4.38,306,145185.0, 76.90,2026-05-21
GAYAPROJ, BE, 21-May-2026,16.5,16.42,17.11,16.02,16.5,16.84,16.49,165977,27.38,328,, -,2026-05-21
GCHOTELS, SM, 21-May-2026,85.55,85.0,92.0,83.0,89.0,90.0,86.53,33000,28.55,41,22200.0, 67.27,2026-05-21
GCSL, EQ, 21-May-2026,386.35,393.0,397.7,386.65,393.85,395.3,393.9,461583,1818.17,3865,138396.0, 29.98,2026-05-21
GEECEE, EQ, 21-May-2026,337.15,338.9,346.7,333.0,335.25,335.35,339.37,5212,17.69,196,3149.0, 60.42,2026-05-21
GEEKAYWIRE, EQ, 21-May-2026,24.28,24.28,25.6,23.82,24.3,24.32,24.66,110695,27.3,918,52285.0, 47.23,2026-05-21
GEMAROMA, BE, 21-May-2026,158.45,160.0,165.0,153.61,159.5,160.05,160.84,63179,101.61,555,, -,2026-05-21
GENCON, EQ, 21-May-2026,38.73,39.1,39.46,38.02,38.84,38.74,38.62,35848,13.84,424,29139.0, 81.28,2026-05-21
GENESYS, EQ, 21-May-2026,201.3,204.8,241.55,202.15,241.55,241.55,229.51,4617501,10597.51,49450,1038184.0, 22.48,2026-05-21
GENUSPAPER, EQ, 21-May-2026,12.76,13.23,13.8,12.81,12.81,12.81,13.0,116428,15.14,269,42632.0, 36.62,2026-05-21
GENUSPOWER, EQ, 21-May-2026,309.95,316.8,322.6,310.0,313.35,313.1,315.06,727163,2291.03,17029,275267.0, 37.85,2026-05-21
GEOJITFSL, EQ, 21-May-2026,74.67,74.94,76.25,74.01,74.95,74.78,75.07,370694,278.29,4163,178532.0, 48.16,2026-05-21
GESHIP, EQ, 21-May-2026,1665.4,1672.4,1745.0,1672.4,1718.5,1719.6,1709.09,2606607,44549.17,109334,759294.0, 29.13,2026-05-21
GFLLIMITED, EQ, 21-May-2026,45.91,46.26,46.78,43.0,46.02,45.04,44.87,49285,22.12,1710,19645.0, 39.86,2026-05-21
GGBL, SM, 21-May-2026,339.5,344.8,371.9,344.8,349.95,352.75,357.48,215400,770.02,543,144000.0, 66.85,2026-05-21
GHCL, EQ, 21-May-2026,455.4,456.0,458.25,450.0,453.0,454.15,452.65,185298,838.76,18479,112226.0, 60.57,2026-05-21
GHCLTEXTIL, EQ, 21-May-2026,91.24,92.3,95.5,90.05,92.76,92.65,93.12,1348172,1255.47,4460,1020600.0, 75.70,2026-05-21
GICHSGFIN, EQ, 21-May-2026,149.14,153.0,153.0,149.1,149.76,149.77,150.38,89167,134.09,1672,44057.0, 49.41,2026-05-21
GICL, EQ, 21-May-2026,40.24,40.36,40.91,40.34,40.76,40.59,40.55,356644,144.62,770,197408.0, 55.35,2026-05-21
GICRE, EQ, 21-May-2026,386.4,387.9,395.0,384.95,385.0,388.25,389.23,365919,1424.28,7414,250181.0, 68.37,2026-05-21
GILLANDERS, EQ, 21-May-2026,88.29,91.01,92.9,87.2,90.0,90.0,90.28,5919,5.34,244,2567.0, 43.37,2026-05-21
GILLETTE, EQ, 21-May-2026,7684.5,7691.0,7779.5,7642.0,7658.0,7655.0,7678.41,14246,1093.87,5303,8982.0, 63.05,2026-05-21
GILT10BETA, EQ, 21-May-2026,26.15,26.15,26.5,25.95,26.5,26.17,26.03,397,0.1,13,147.0, 37.03,2026-05-21
GILT5YBEES, EQ, 21-May-2026,64.08,64.19,64.63,63.85,64.13,64.09,64.11,370326,237.41,495,305932.0, 82.61,2026-05-21
GINNIFILA, EQ, 21-May-2026,41.42,42.3,43.9,41.24,43.9,43.11,42.81,92696,39.68,774,60818.0, 65.61,2026-05-21
GIPCL, EQ, 21-May-2026,143.77,145.99,152.99,145.9,147.33,147.75,149.96,420759,630.96,5419,193686.0, 46.03,2026-05-21
GIRIRAJ, ST, 21-May-2026,150.15,157.65,157.65,152.0,157.65,157.65,156.71,1500,2.35,5,1500.0, 100.00,2026-05-21
GJL, ST, 21-May-2026,127.5,133.85,133.85,130.05,133.85,133.85,133.09,4000,5.32,5,4000.0, 100.00,2026-05-21
GKENERGY, EQ, 21-May-2026,126.04,128.99,128.99,122.2,123.9,123.54,125.25,394039,493.55,4393,182789.0, 46.39,2026-05-21
GKSL, EQ, 21-May-2026,140.39,141.79,141.79,139.0,139.0,139.48,139.93,101978,142.7,1780,42756.0, 41.93,2026-05-21
GKWLIMITED, EQ, 21-May-2026,1666.4,1666.4,1689.9,1620.0,1655.0,1658.0,1662.11,191,3.17,31,123.0, 64.40,2026-05-21
GLAND, EQ, 21-May-2026,2221.8,2230.0,2370.0,2230.0,2338.0,2331.0,2299.48,1019484,23442.86,57384,534050.0, 52.38,2026-05-21
GLAXO, EQ, 21-May-2026,2346.8,2379.0,2379.2,2314.0,2314.5,2320.7,2331.1,106325,2478.54,12353,69308.0, 65.19,2026-05-21
GLENMARK, EQ, 21-May-2026,2379.0,2395.0,2407.8,2372.0,2385.0,2393.0,2395.39,381349,9134.79,24008,150723.0, 39.52,2026-05-21
GLFL, BE, 21-May-2026,6.59,6.46,6.46,6.46,6.46,6.46,6.46,716,0.05,4,, -,2026-05-21
GLOBAL, EQ, 21-May-2026,102.36,102.0,103.74,98.45,100.4,100.22,100.34,136077,136.54,1490,89124.0, 65.50,2026-05-21
GLOBALE, BE, 21-May-2026,12.39,12.99,12.99,11.92,12.05,12.05,12.83,10283,1.32,34,, -,2026-05-21
GLOBALPET, ST, 21-May-2026,136.85,133.05,133.05,133.05,133.05,133.05,133.05,750,1.0,1,750.0, 100.00,2026-05-21
GLOBALVECT, EQ, 21-May-2026,166.24,169.1,174.38,166.0,170.0,167.3,169.41,6654,11.27,366,3528.0, 53.02,2026-05-21
GLOBE, EQ, 21-May-2026,2.46,2.45,2.5,2.44,2.45,2.45,2.46,185340,4.56,215,155563.0, 83.93,2026-05-21
GLOBECIVIL, BE, 21-May-2026,43.26,44.12,45.42,43.16,44.5,44.52,44.51,25330,11.27,181,, -,2026-05-21
GLOBUSSPR, EQ, 21-May-2026,877.6,890.0,894.7,868.4,870.0,871.0,879.01,110064,967.48,5833,58256.0, 52.93,2026-05-21
GLOSTERLTD, EQ, 21-May-2026,647.65,649.0,666.3,625.35,633.6,633.4,638.7,7610,48.6,609,4005.0, 52.63,2026-05-21
GLOTTIS, EQ, 21-May-2026,70.31,70.9,73.92,68.4,68.4,69.19,70.41,1417443,997.99,12460,378547.0, 26.71,2026-05-21
GMBREW, EQ, 21-May-2026,924.0,930.0,950.45,920.5,937.9,940.9,934.77,72447,677.22,3760,20669.0, 28.53,2026-05-21
GMDCLTD, EQ, 21-May-2026,642.8,648.2,668.75,647.05,650.95,652.2,657.99,2298754,15125.5,38731,562551.0, 24.47,2026-05-21
GML, SM, 21-May-2026,19.35,19.15,19.15,19.0,19.0,19.0,19.1,6000,1.15,3,6000.0, 100.00,2026-05-21
GMMPFAUDLR, EQ, 21-May-2026,863.5,865.0,870.3,850.55,851.5,855.0,859.87,92470,795.12,6610,51623.0, 55.83,2026-05-21
GMRAIRPORT, EQ, 21-May-2026,94.5,95.0,97.11,94.81,96.91,96.87,95.92,13703695,13144.16,41261,6294316.0, 45.93,2026-05-21
GMRP&UI, EQ, 21-May-2026,112.13,113.24,117.9,111.76,116.25,116.13,114.44,3378593,3866.36,17850,1689469.0, 50.01,2026-05-21
GNA, EQ, 21-May-2026,364.95,367.0,375.0,362.35,368.6,371.5,369.41,70593,260.78,3221,31334.0, 44.39,2026-05-21
GNFC, EQ, 21-May-2026,520.45,522.0,526.8,508.7,520.0,522.2,516.89,826335,4271.24,21541,265810.0, 32.17,2026-05-21
GNRL, EQ, 21-May-2026,96.44,96.2,96.7,94.9,96.0,96.3,96.08,53556,51.46,989,33958.0, 63.41,2026-05-21
GOACARBON, EQ, 21-May-2026,395.85,401.95,403.9,393.1,398.0,396.8,398.09,9134,36.36,494,3240.0, 35.47,2026-05-21
GOCLCORP, EQ, 21-May-2026,298.25,303.0,312.8,299.4,305.85,306.7,307.68,76813,236.34,4236,24570.0, 31.99,2026-05-21
GOCOLORS, EQ, 21-May-2026,254.4,260.0,305.25,256.15,300.7,301.45,294.08,8323686,24478.36,75203,563000.0, 6.76,2026-05-21
GODAVARIB, EQ, 21-May-2026,326.35,332.0,332.0,320.7,324.2,325.05,326.36,217940,711.28,5552,107905.0, 49.51,2026-05-21
GODFRYPHLP, EQ, 21-May-2026,2305.3,2330.0,2375.4,2284.8,2314.8,2312.1,2325.31,1002246,23305.31,47350,182923.0, 18.25,2026-05-21
GODIGIT, EQ, 21-May-2026,311.1,313.9,313.9,308.6,309.95,309.85,310.97,107468,334.19,5862,55732.0, 51.86,2026-05-21
GODREJAGRO, EQ, 21-May-2026,574.2,582.95,599.5,578.75,586.45,587.9,590.16,169739,1001.74,11209,78061.0, 45.99,2026-05-21
GODREJCP, EQ, 21-May-2026,1022.9,1029.0,1032.7,1012.1,1023.0,1017.3,1019.04,1956260,19935.07,43683,1221635.0, 62.45,2026-05-21
GODREJIND, EQ, 21-May-2026,1124.15,1129.95,1144.1,1105.5,1115.0,1111.45,1122.65,79298,890.24,7424,29059.0, 36.65,2026-05-21
GODREJPROP, EQ, 21-May-2026,1719.4,1740.0,1762.9,1717.2,1732.9,1736.9,1738.5,760318,13218.12,27251,340290.0, 44.76,2026-05-21
GOKEX, EQ, 21-May-2026,681.4,685.0,693.0,680.0,689.05,686.65,687.04,195418,1342.6,7496,77463.0, 39.64,2026-05-21
GOKUL, EQ, 21-May-2026,41.11,41.11,41.87,39.5,39.82,39.82,40.64,217618,88.44,1477,59133.0, 27.17,2026-05-21
GOKULAGRO, EQ, 21-May-2026,232.61,233.29,237.99,220.0,220.5,222.77,226.33,811430,1836.52,17207,310745.0, 38.30,2026-05-21
GOLD1, EQ, 21-May-2026,131.41,128.12,132.99,128.12,131.8,132.08,132.1,1421593,1877.88,6115,730852.0, 51.41,2026-05-21
GOLD360, EQ, 21-May-2026,153.6,154.05,154.7,153.0,154.2,154.0,154.12,13929,21.47,229,11334.0, 81.37,2026-05-21
GOLDADD, EQ, 21-May-2026,152.93,153.24,156.0,153.1,155.48,153.7,153.73,352986,542.66,1716,331716.0, 93.97,2026-05-21
GOLDBEES, EQ, 21-May-2026,130.2,132.8,132.8,130.25,130.65,130.74,130.83,18076252,23649.0,62763,9812696.0, 54.29,2026-05-21
GOLDBETA, EQ, 21-May-2026,132.55,129.25,133.5,129.25,132.9,132.95,133.06,405280,539.25,2144,236550.0, 58.37,2026-05-21
GOLDBND, EQ, 21-May-2026,156.91,157.01,158.66,157.01,157.47,157.99,157.98,18802,29.7,95,15354.0, 81.66,2026-05-21
GOLDCASE, EQ, 21-May-2026,24.78,24.78,25.52,24.71,24.88,24.89,24.91,7818172,1947.2,9007,2052884.0, 26.26,2026-05-21
GOLDENTOBC, BZ, 21-May-2026,26.39,26.39,27.1,25.5,26.03,26.02,26.36,1691,0.45,44,, -,2026-05-21
GOLDETF, EQ, 21-May-2026,152.91,153.41,153.94,153.13,153.44,153.51,153.56,1312312,2015.17,7383,698154.0, 53.20,2026-05-21
GOLDIAM, EQ, 21-May-2026,380.55,384.0,389.4,380.4,381.5,383.35,385.09,211973,816.29,5601,70694.0, 33.35,2026-05-21
GOLDIETF, EQ, 21-May-2026,134.73,134.73,135.75,134.72,135.3,135.42,135.46,3249375,4401.7,22727,1536397.0, 47.28,2026-05-21
GOLDKART, SM, 21-May-2026,159.6,151.65,151.65,151.65,151.65,151.65,151.65,625,0.95,1,625.0, 100.00,2026-05-21
GOLDSTAR, ST, 21-May-2026,6.75,6.9,7.05,6.9,7.05,7.05,6.94,45000,3.12,4,45000.0, 100.00,2026-05-21
GOLDTECH, EQ, 21-May-2026,40.08,41.94,41.94,39.0,40.8,40.22,40.1,18767,7.52,464,10036.0, 53.48,2026-05-21
GOODLUCK, EQ, 21-May-2026,1348.6,1368.9,1450.0,1360.9,1423.3,1437.4,1420.19,582297,8269.73,21400,372288.0, 63.93,2026-05-21
GOODYEAR, EQ, 21-May-2026,736.25,727.15,740.95,727.15,736.0,736.9,736.16,7231,53.23,592,5719.0, 79.09,2026-05-21
GOPAL, EQ, 21-May-2026,291.6,293.0,296.15,291.15,292.6,293.05,293.22,53652,157.32,2007,17201.0, 32.06,2026-05-21
GOYALALUM, EQ, 21-May-2026,6.76,6.79,6.91,6.65,6.76,6.7,6.79,56405,3.83,348,43258.0, 76.69,2026-05-21
GOYALSALT, SM, 21-May-2026,110.7,111.0,114.45,110.0,110.0,110.9,111.23,10800,12.01,9,10200.0, 94.44,2026-05-21
GPECO, SM, 21-May-2026,358.8,360.1,380.0,358.6,375.0,374.85,368.11,23000,84.67,89,19800.0, 86.09,2026-05-21
GPIL, EQ, 21-May-2026,305.85,308.0,308.4,295.7,296.9,297.75,301.56,5553472,16747.33,50439,1903868.0, 34.28,2026-05-21
GPPL, EQ, 21-May-2026,154.2,155.78,155.78,152.9,153.2,153.67,153.97,482054,742.2,11991,259602.0, 53.85,2026-05-21
GPTHEALTH, EQ, 21-May-2026,141.91,142.88,143.35,140.0,140.98,140.65,141.45,75215,106.39,1739,42563.0, 56.59,2026-05-21
GPTINFRA, EQ, 21-May-2026,119.85,125.0,129.47,117.26,118.6,119.22,123.53,1416753,1750.08,10626,332339.0, 23.46,2026-05-21
GRADIENTE, BE, 21-May-2026,5.96,5.67,5.67,5.67,5.67,5.67,5.67,77747,4.41,51,, -,2026-05-21
GRANDOAK, EQ, 21-May-2026,26.71,29.38,29.38,26.9,27.15,27.28,28.37,2456,0.7,46,1855.0, 75.53,2026-05-21
GRANULES, EQ, 21-May-2026,758.65,763.9,769.3,757.0,765.2,764.2,763.88,499967,3819.14,18989,240032.0, 48.01,2026-05-21
GRAPHISAD, SM, 21-May-2026,36.0,34.2,34.2,34.2,34.2,34.2,34.2,2400,0.82,2,2400.0, 100.00,2026-05-21
GRAPHITE, EQ, 21-May-2026,740.55,746.0,767.95,741.0,743.6,744.25,756.42,1436398,10865.21,28354,256290.0, 17.84,2026-05-21
GRASIM, EQ, 21-May-2026,2971.1,3060.7,3180.0,3021.0,3162.0,3154.5,3122.73,4417489,137946.08,191573,1367953.0, 30.97,2026-05-21
GRAUWEIL, EQ, 21-May-2026,64.04,64.11,68.28,64.11,65.45,65.6,65.88,108424,71.43,1541,60218.0, 55.54,2026-05-21
GRAVISSHO, EQ, 21-May-2026,29.59,30.8,30.8,29.0,29.39,29.36,29.46,12928,3.81,62,10812.0, 83.63,2026-05-21
GRAVITA, EQ, 21-May-2026,1615.3,1630.0,1652.0,1607.0,1645.4,1643.8,1628.91,143155,2331.86,14148,58465.0, 40.84,2026-05-21
GRCL, ST, 21-May-2026,579.5,552.05,552.1,550.55,550.55,550.55,551.81,1750,9.66,7,1750.0, 100.00,2026-05-21
GREAVESCOT, EQ, 21-May-2026,168.04,168.04,172.05,168.04,169.0,169.25,170.19,624007,1061.97,10361,259908.0, 41.65,2026-05-21
GREENCHEF, SM, 21-May-2026,54.85,54.6,55.95,52.15,52.15,52.45,52.66,18400,9.69,15,16800.0, 91.30,2026-05-21
GREENLAM, EQ, 21-May-2026,235.93,238.0,238.0,231.25,234.09,233.49,233.45,52476,122.51,3455,24512.0, 46.71,2026-05-21
GREENLEAF, SM, 21-May-2026,70.95,73.0,73.0,71.15,71.15,71.15,71.77,3000,2.15,3,3000.0, 100.00,2026-05-21
GREENPANEL, EQ, 21-May-2026,183.33,185.3,187.89,179.1,181.0,180.44,182.22,909440,1657.21,8474,672248.0, 73.92,2026-05-21
GREENPLY, EQ, 21-May-2026,253.5,253.25,256.7,251.0,251.0,252.5,253.76,100397,254.77,3606,33695.0, 33.56,2026-05-21
GREENPOWER, EQ, 21-May-2026,11.02,11.12,11.27,10.8,10.88,10.86,11.01,4247943,467.55,5971,1648208.0, 38.80,2026-05-21
GRINDWELL, EQ, 21-May-2026,1928.8,1929.0,1999.0,1903.1,1936.0,1962.5,1946.49,73006,1421.05,10531,37733.0, 51.68,2026-05-21
GRINFRA, EQ, 21-May-2026,940.2,953.95,953.95,941.0,947.75,945.85,945.51,38001,359.3,3176,19205.0, 50.54,2026-05-21
GRMOVER, EQ, 21-May-2026,165.23,167.92,167.92,163.4,163.41,164.13,164.77,1612295,2656.62,6359,226605.0, 14.05,2026-05-21
GROBTEA, EQ, 21-May-2026,871.5,899.4,901.0,898.35,901.0,900.95,899.71,88,0.79,18,59.0, 67.05,2026-05-21
GROWW, EQ, 21-May-2026,188.5,190.51,193.38,186.8,187.89,188.37,190.02,34865685,66251.75,198203,14736407.0, 42.27,2026-05-21
GROWWCAPM, EQ, 21-May-2026,11.82,12.11,12.11,11.71,11.77,11.82,11.87,845663,100.39,1011,499111.0, 59.02,2026-05-21
GROWWCHEM, EQ, 21-May-2026,28.99,29.49,29.49,28.73,29.16,29.06,29.11,538512,156.74,341,479463.0, 89.03,2026-05-21
GROWWDEFNC, EQ, 21-May-2026,89.9,90.88,92.18,90.02,90.5,91.4,91.44,428913,392.19,3462,196815.0, 45.89,2026-05-21
GROWWEV, EQ, 21-May-2026,29.9,30.05,30.4,29.79,30.12,29.9,29.99,250577,75.14,1469,118014.0, 47.10,2026-05-21
GROWWGOLD, EQ, 21-May-2026,15.37,15.49,15.49,15.4,15.43,15.43,15.45,1471860,227.35,2580,716706.0, 48.69,2026-05-21
GROWWHOSPI, EQ, 21-May-2026,51.64,51.98,52.8,51.54,52.0,52.26,52.19,266727,139.21,1033,140896.0, 52.82,2026-05-21
GROWWLIQID, EQ, 21-May-2026,109.12,109.13,109.14,109.13,109.14,109.13,109.13,294331,321.21,204,207584.0, 70.53,2026-05-21
GROWWLOVOL, EQ, 21-May-2026,10.26,10.34,10.42,10.25,10.32,10.31,10.28,4051,0.42,86,3526.0, 87.04,2026-05-21
GROWWMC150, EQ, 21-May-2026,225.2,229.55,229.55,222.21,224.5,224.56,225.05,1949,4.39,46,1475.0, 75.68,2026-05-21
GROWWMETAL, EQ, 21-May-2026,12.5,12.54,12.96,12.5,12.6,12.56,12.61,314338,39.63,1306,189552.0, 60.30,2026-05-21
GROWWMOM50, EQ, 21-May-2026,10.6,10.61,10.7,10.5,10.67,10.58,10.59,126755,13.42,484,65012.0, 51.29,2026-05-21
GROWWN200, EQ, 21-May-2026,11.07,11.1,11.25,10.97,11.15,11.09,11.08,51490,5.71,280,43059.0, 83.63,2026-05-21
GROWWNET, EQ, 21-May-2026,9.06,9.24,9.24,9.01,9.06,9.07,9.08,113992,10.35,364,86446.0, 75.84,2026-05-21
GROWWNIFTY, EQ, 21-May-2026,9.51,9.27,9.65,9.27,9.47,9.5,9.55,248481,23.72,1482,159468.0, 64.18,2026-05-21
GROWWNXT50, EQ, 21-May-2026,69.38,69.58,70.7,69.4,69.7,69.91,70.03,7633,5.35,108,4064.0, 53.24,2026-05-21
GROWWPOWER, EQ, 21-May-2026,12.18,12.2,12.36,12.1,12.21,12.2,12.27,3578124,438.86,3226,2544721.0, 71.12,2026-05-21
GROWWPSE, EQ, 21-May-2026,103.99,104.78,106.5,103.99,104.0,105.57,105.05,1541,1.62,47,1147.0, 74.43,2026-05-21
GROWWPSUBK, EQ, 21-May-2026,80.35,80.96,81.0,79.87,80.5,80.74,80.51,5566,4.48,74,4033.0, 72.46,2026-05-21
GROWWRAIL, EQ, 21-May-2026,31.17,31.51,31.9,31.26,31.84,31.55,31.52,629254,198.31,3183,415085.0, 65.96,2026-05-21
GROWWRLTY, EQ, 21-May-2026,8.57,8.84,8.84,8.54,8.61,8.64,8.66,115515,10.01,419,72162.0, 62.47,2026-05-21
GROWWSC250, EQ, 21-May-2026,9.61,9.5,9.8,9.5,9.72,9.66,9.7,105457,10.23,396,58516.0, 55.49,2026-05-21
GROWWSLVR, EQ, 21-May-2026,25.89,25.81,25.97,25.63,25.76,25.81,25.81,2396906,618.66,3086,446644.0, 18.63,2026-05-21
GRPLTD, EQ, 21-May-2026,1594.8,1627.0,1730.0,1596.0,1700.0,1687.3,1662.47,7978,132.63,1127,6600.0, 82.73,2026-05-21
GRSE, EQ, 21-May-2026,2647.4,2710.0,2743.9,2675.4,2688.5,2690.6,2707.74,1328528,35973.1,65891,327342.0, 24.64,2026-05-21
GRWRHITECH, EQ, 21-May-2026,5635.3,5655.0,5699.0,5486.5,5499.0,5524.5,5587.0,95275,5323.02,17193,39772.0, 41.74,2026-05-21
GSEC10ABSL, EQ, 21-May-2026,109.0,109.0,110.09,108.01,110.09,110.09,108.13,100,0.11,3,99.0, 99.00,2026-05-21
GSEC10YEAR, EQ, 21-May-2026,29.42,29.56,29.7,29.4,29.4,29.4,29.44,3286,0.97,18,2494.0, 75.90,2026-05-21
GSEC5IETF, EQ, 21-May-2026,64.05,64.37,64.5,64.05,64.34,64.34,64.26,10289,6.61,35,7167.0, 69.66,2026-05-21
GSFC, EQ, 21-May-2026,177.3,178.8,180.59,173.26,174.69,174.7,176.53,1310418,2313.24,15800,631198.0, 48.17,2026-05-21
GSLSU, EQ, 21-May-2026,54.7,56.0,56.0,54.86,54.9,55.28,55.18,38236,21.1,1412,7599.0, 19.87,2026-05-21
GSMFOILS, SM, 21-May-2026,197.0,198.0,201.0,196.7,198.2,200.35,198.63,24500,48.67,40,19000.0, 77.55,2026-05-21
GSPCROP, EQ, 21-May-2026,440.95,444.0,444.0,431.9,433.9,435.65,440.02,120694,531.08,957,10649.0, 8.82,2026-05-21
GSS, BE, 21-May-2026,13.72,13.99,14.35,13.68,13.71,13.77,14.03,59336,8.33,86,, -,2026-05-21
GSTL, ST, 21-May-2026,16.3,15.5,17.1,15.5,17.1,17.1,16.3,50000,8.15,34,42000.0, 84.00,2026-05-21
GTECJAINX, EQ, 21-May-2026,18.61,18.63,19.65,18.63,19.4,19.36,19.05,2945,0.56,29,1412.0, 47.95,2026-05-21
GTL, EQ, 21-May-2026,7.35,7.3,7.7,7.3,7.61,7.61,7.63,265795,20.27,452,154161.0, 58.00,2026-05-21
GTLINFRA, EQ, 21-May-2026,1.31,1.32,1.35,1.3,1.31,1.3,1.32,36015052,477.15,12034,13955482.0, 38.75,2026-05-21
GTPL, EQ, 21-May-2026,67.84,68.8,68.8,67.0,67.0,67.1,67.54,11920,8.05,328,6176.0, 51.81,2026-05-21
GUFICBIO, EQ, 21-May-2026,285.65,284.4,290.15,284.4,287.25,288.7,287.86,13772,39.64,806,6271.0, 45.53,2026-05-21
GUJALKALI, EQ, 21-May-2026,717.25,725.0,727.95,700.1,700.1,708.9,717.13,132157,947.74,6616,23667.0, 17.91,2026-05-21
GUJAPOLLO, EQ, 21-May-2026,378.95,380.25,390.95,373.2,377.05,376.75,380.16,6737,25.61,506,3898.0, 57.86,2026-05-21
GUJGASLTD, EQ, 21-May-2026,372.6,373.05,381.75,366.0,375.2,374.0,372.95,373242,1392.02,12719,139830.0, 37.46,2026-05-21
GUJRAFFIA, EQ, 21-May-2026,37.28,38.98,39.45,37.5,37.5,37.5,38.65,2962,1.14,73,1571.0, 53.04,2026-05-21
GUJTHEM, EQ, 21-May-2026,355.6,358.0,361.4,354.05,358.25,357.1,357.7,56938,203.67,1218,39689.0, 69.71,2026-05-21
GULFOILLUB, EQ, 21-May-2026,901.65,910.2,915.2,890.0,898.0,896.5,900.21,86065,774.77,14765,57843.0, 67.21,2026-05-21
GULFPETRO, EQ, 21-May-2026,32.96,33.09,33.7,32.22,32.8,32.88,33.08,22020,7.29,297,18829.0, 85.51,2026-05-21
GULPOLY, EQ, 21-May-2026,197.81,202.25,209.4,198.39,205.0,203.72,202.93,847794,1720.44,8794,405430.0, 47.82,2026-05-21
GVKPIL, BE, 21-May-2026,3.13,3.19,3.19,3.17,3.19,3.19,3.19,633522,20.21,637,, -,2026-05-21
GVPIL, EQ, 21-May-2026,664.35,679.0,697.55,678.95,697.55,697.55,691.25,139248,962.55,1628,81283.0, 58.37,2026-05-21
GVPTECH, EQ, 21-May-2026,6.52,6.52,6.73,6.51,6.65,6.64,6.66,52666,3.51,181,34987.0, 66.43,2026-05-21
GVPTECHPP, E1, 21-May-2026,3.0,2.87,3.08,2.87,2.87,2.87,2.87,22505,0.65,26,22194.0, 98.62,2026-05-21
GVT&D, EQ, 21-May-2026,4679.4,4749.0,4962.4,4700.0,4790.0,4794.6,4843.52,1086952,52646.72,117909,514206.0, 47.31,2026-05-21
HAL, EQ, 21-May-2026,4326.5,4363.0,4420.9,4344.4,4364.0,4370.4,4380.14,1106287,48456.91,56640,548420.0, 49.57,2026-05-21
HALDYNGL, EQ, 21-May-2026,102.77,102.77,118.0,102.77,110.0,109.32,110.48,252870,279.38,2547,98811.0, 39.08,2026-05-21
HALEOSLABS, EQ, 21-May-2026,1608.7,1639.9,1699.0,1577.6,1690.0,1686.2,1659.8,2789,46.29,358,1791.0, 64.22,2026-05-21
HAPPSTMNDS, EQ, 21-May-2026,374.15,374.15,377.0,370.0,370.15,371.75,372.94,377395,1407.44,12201,138024.0, 36.57,2026-05-21
HAPPYFORGE, EQ, 21-May-2026,1380.2,1399.0,1470.0,1370.0,1452.0,1450.0,1432.36,157730,2259.26,14170,63309.0, 40.14,2026-05-21
HARDWYN, EQ, 21-May-2026,26.29,26.34,26.49,25.3,26.03,25.83,25.97,4719782,1225.7,6051,1103246.0, 23.37,2026-05-21
HARIOMPIPE, EQ, 21-May-2026,311.8,312.25,343.0,306.3,340.0,333.8,324.31,404168,1310.77,8959,196690.0, 48.67,2026-05-21
HARRMALAYA, EQ, 21-May-2026,212.22,219.0,228.0,215.93,217.0,218.54,221.31,42270,93.55,1048,26074.0, 61.68,2026-05-21
HARSHA, EQ, 21-May-2026,404.35,405.95,414.8,403.9,406.3,405.6,408.15,101694,415.06,2159,48256.0, 47.45,2026-05-21
HATHWAY, EQ, 21-May-2026,10.15,10.15,10.33,10.13,10.25,10.17,10.21,1893969,193.4,5327,510648.0, 26.96,2026-05-21
HATSUN, EQ, 21-May-2026,939.0,926.0,948.8,917.8,923.4,921.2,931.09,32568,303.24,2346,18965.0, 58.23,2026-05-21
HAVELLS, EQ, 21-May-2026,1207.8,1209.9,1216.9,1200.3,1212.2,1209.7,1208.26,853872,10316.96,32916,564661.0, 66.13,2026-05-21
HAVISHA, EQ, 21-May-2026,1.58,1.58,1.61,1.53,1.59,1.56,1.59,18347,0.29,48,15976.0, 87.08,2026-05-21
HAWKINCOOK, EQ, 21-May-2026,7206.0,7242.5,7250.0,7111.0,7165.0,7171.5,7171.44,894,64.11,291,723.0, 80.87,2026-05-21
HBESD, EQ, 21-May-2026,75.21,75.21,77.55,73.0,74.05,74.05,73.99,300,0.22,15,250.0, 83.33,2026-05-21
HBLENGINE, EQ, 21-May-2026,767.65,773.95,797.25,773.9,782.0,784.3,786.58,1455727,11450.47,43705,542015.0, 37.23,2026-05-21
HBSL, BE, 21-May-2026,60.0,63.0,63.0,59.45,61.69,61.84,62.56,1059,0.66,25,, -,2026-05-21
HCC, EQ, 21-May-2026,20.9,21.1,21.26,20.35,20.49,20.48,20.75,23234133,4821.22,38905,9929536.0, 42.74,2026-05-21
HCG, EQ, 21-May-2026,652.05,652.05,655.0,614.15,631.95,627.0,625.09,730722,4567.68,22385,467552.0, 63.98,2026-05-21
HCL-INSYS, EQ, 21-May-2026,11.53,11.74,12.15,11.6,11.81,11.76,11.82,341513,40.36,924,175362.0, 51.35,2026-05-21
HCLTECH, EQ, 21-May-2026,1169.8,1173.7,1180.6,1163.2,1168.0,1168.2,1170.33,2245247,26276.72,73843,1135307.0, 50.56,2026-05-21
HDBFS, EQ, 21-May-2026,673.4,673.5,676.8,662.5,662.8,664.4,667.11,141774,945.78,9988,75623.0, 53.34,2026-05-21
HDFCAMC, EQ, 21-May-2026,2685.3,2711.0,2774.2,2705.0,2728.0,2727.9,2742.85,898831,24653.6,59106,455499.0, 50.68,2026-05-21
HDFCBANK, EQ, 21-May-2026,759.5,767.0,768.25,755.15,758.8,759.15,760.54,34664725,263639.66,300382,16778236.0, 48.40,2026-05-21
HDFCBSE500, EQ, 21-May-2026,36.21,36.0,36.93,35.6,36.26,36.1,36.32,9872,3.59,167,8097.0, 82.02,2026-05-21
HDFCGOLD, EQ, 21-May-2026,134.56,135.15,135.45,134.71,134.99,135.03,135.09,2007024,2711.36,7508,957063.0, 47.69,2026-05-21
HDFCGROWTH, EQ, 21-May-2026,113.46,113.82,114.96,112.94,114.96,113.26,113.25,10198,11.55,187,5166.0, 50.66,2026-05-21
HDFCLIFE, EQ, 21-May-2026,605.1,612.0,616.5,605.65,615.0,614.35,612.06,3625135,22187.86,71395,2416372.0, 66.66,2026-05-21
HDFCLIQUID, EQ, 21-May-2026,1061.22,1056.0,1061.37,1055.55,1061.37,1061.37,1061.36,17008,180.52,41,10653.0, 62.64,2026-05-21
HDFCLOWVOL, EQ, 21-May-2026,20.06,20.56,20.56,19.95,20.04,19.96,20.0,11303,2.26,70,9250.0, 81.84,2026-05-21
HDFCMID150, EQ, 21-May-2026,22.67,22.79,22.96,22.53,22.64,22.78,22.79,600133,136.78,1313,390611.0, 65.09,2026-05-21
HDFCMOMENT, EQ, 21-May-2026,30.4,30.63,30.79,30.27,30.7,30.34,30.53,266485,81.36,714,206650.0, 77.55,2026-05-21
HDFCNEXT50, EQ, 21-May-2026,70.58,71.44,71.44,70.69,71.06,70.96,71.16,40674,28.94,443,26171.0, 64.34,2026-05-21
HDFCNIF100, EQ, 21-May-2026,25.36,25.36,25.54,25.27,25.35,25.34,25.41,18885,4.8,231,13664.0, 72.35,2026-05-21
HDFCNIFBAN, EQ, 21-May-2026,55.01,55.69,55.69,54.6,55.08,54.95,55.1,761417,419.56,1275,503480.0, 66.12,2026-05-21
HDFCNIFIT, EQ, 21-May-2026,30.92,31.04,31.12,30.77,31.1,30.88,30.95,76178,23.58,291,57424.0, 75.38,2026-05-21
HDFCNIFTY, EQ, 21-May-2026,265.33,258.69,268.19,258.69,264.36,264.82,265.5,187647,498.2,1467,87513.0, 46.64,2026-05-21
HDFCPSUBK, EQ, 21-May-2026,80.91,81.81,82.5,80.0,80.0,81.6,81.5,96323,78.5,302,83823.0, 87.02,2026-05-21
HDFCPVTBAN, EQ, 21-May-2026,26.38,26.91,26.91,26.23,26.7,26.36,26.4,142090,37.51,315,64311.0, 45.26,2026-05-21
HDFCQUAL, EQ, 21-May-2026,57.06,57.06,57.58,57.0,57.17,57.09,57.09,4202,2.4,78,1898.0, 45.17,2026-05-21
HDFCSENSEX, EQ, 21-May-2026,84.94,85.43,85.55,84.52,84.9,84.63,84.99,195382,166.05,643,160748.0, 82.27,2026-05-21
HDFCSILVER, EQ, 21-May-2026,252.85,255.48,255.48,250.2,251.69,251.9,251.94,3910179,9851.5,14107,1897227.0, 48.52,2026-05-21
HDFCSML250, EQ, 21-May-2026,168.18,169.07,170.65,168.51,168.85,168.97,169.33,1350717,2287.23,7870,631848.0, 46.78,2026-05-21
HDFCVALUE, EQ, 21-May-2026,127.1,127.25,127.62,126.32,127.11,127.1,126.92,11704,14.85,76,6236.0, 53.28,2026-05-21
HDIL, BZ, 21-May-2026,1.94,2.01,2.01,1.94,1.98,1.98,1.98,120252,2.39,162,, -,2026-05-21
HEADSUP, EQ, 21-May-2026,7.13,7.57,7.57,7.12,7.29,7.19,7.23,27603,1.99,127,21468.0, 77.77,2026-05-21
HEALTHADD, EQ, 21-May-2026,159.95,163.15,163.15,159.52,160.62,160.85,160.2,5726,9.17,42,4451.0, 77.73,2026-05-21
HEALTHCARE, EQ, 21-May-2026,20.33,20.46,20.49,20.33,20.43,20.41,20.42,115793,23.64,171,87765.0, 75.79,2026-05-21
HEALTHIETF, EQ, 21-May-2026,162.68,163.55,164.0,162.69,163.31,163.31,163.33,148428,242.43,1361,113617.0, 76.55,2026-05-21
HEALTHX, EQ, 21-May-2026,288.15,298.0,298.0,280.5,284.0,284.75,284.65,7426,21.14,377,3949.0, 53.18,2026-05-21
HEALTHY, EQ, 21-May-2026,16.32,16.72,16.72,15.93,16.42,16.38,16.36,268308,43.9,1041,147758.0, 55.07,2026-05-21
HECPROJECT, EQ, 21-May-2026,121.69,123.0,127.88,123.0,124.5,123.56,124.75,10542,13.15,633,5376.0, 51.00,2026-05-21
HEG, EQ, 21-May-2026,593.05,598.0,615.0,590.05,592.0,592.3,603.31,1050623,6338.54,26594,315249.0, 30.01,2026-05-21
HEIDELBERG, EQ, 21-May-2026,157.94,159.0,159.98,157.1,157.99,157.77,157.99,35356,55.86,1449,22375.0, 63.28,2026-05-21
HEMIPROP, EQ, 21-May-2026,144.91,151.0,153.54,148.76,149.0,149.12,150.73,1871691,2821.22,14608,803144.0, 42.91,2026-05-21
HERANBA, EQ, 21-May-2026,189.03,190.05,193.15,187.9,190.3,189.78,189.9,33374,63.38,1302,18581.0, 55.68,2026-05-21
HERITGFOOD, EQ, 21-May-2026,328.45,328.3,333.15,326.05,326.5,326.65,329.23,161470,531.61,4712,70867.0, 43.89,2026-05-21
HEROMOTOCO, EQ, 21-May-2026,4968.0,5020.0,5039.5,4955.5,4976.0,4969.5,4983.5,335986,16743.87,33984,145800.0, 43.39,2026-05-21
HESTERBIO, EQ, 21-May-2026,1839.1,1878.1,1918.0,1869.7,1885.0,1881.9,1886.96,19295,364.09,1596,8998.0, 46.63,2026-05-21
HEXATRADEX, EQ, 21-May-2026,165.27,168.58,168.58,164.0,164.0,164.08,165.84,1575,2.61,83,965.0, 61.27,2026-05-21
HEXT, EQ, 21-May-2026,512.2,517.1,520.7,500.6,505.25,502.9,507.51,286205,1452.53,13992,121256.0, 42.37,2026-05-21
HFCL, EQ, 21-May-2026,139.34,140.9,146.2,138.95,141.56,141.75,143.47,40951694,58751.89,145618,9981831.0, 24.37,2026-05-21
HGINFRA, EQ, 21-May-2026,594.75,583.0,611.15,572.5,606.0,603.35,585.59,287786,1685.24,13491,56386.0, 19.59,2026-05-21
HGM, EQ, 21-May-2026,61.0,62.99,62.99,59.1,61.93,60.59,61.45,4728,2.91,65,2784.0, 58.88,2026-05-21
HGS, EQ, 21-May-2026,401.1,403.0,406.45,401.05,405.8,404.65,404.79,11922,48.26,705,8549.0, 71.71,2026-05-21
HIGREEN, SM, 21-May-2026,148.6,153.0,153.0,140.1,140.1,144.3,146.77,20800,30.53,25,17600.0, 84.62,2026-05-21
HIKAL, EQ, 21-May-2026,204.69,205.98,209.36,203.65,205.11,205.5,206.06,190261,392.04,4384,77620.0, 40.80,2026-05-21
HILINFRA, BE, 21-May-2026,47.5,48.0,48.39,47.1,48.24,48.18,47.86,26058,12.47,321,, -,2026-05-21
HILTON, EQ, 21-May-2026,21.44,21.7,21.7,21.2,21.45,21.3,21.48,125400,26.93,587,82658.0, 65.92,2026-05-21
HIMATSEIDE, EQ, 21-May-2026,76.64,76.99,78.3,76.99,77.54,77.63,77.74,474428,368.82,4271,230890.0, 48.67,2026-05-21
HINDALCO, EQ, 21-May-2026,1085.5,1098.7,1110.9,1089.3,1100.0,1099.3,1099.56,4584559,50409.82,104410,2253093.0, 49.15,2026-05-21
HINDCOMPOS, EQ, 21-May-2026,405.55,406.45,416.8,400.1,406.65,404.3,406.82,13545,55.1,483,9770.0, 72.13,2026-05-21
HINDCON, BE, 21-May-2026,23.0,23.5,23.5,22.5,22.86,22.86,23.06,12230,2.82,129,, -,2026-05-21
HINDCOPPER, EQ, 21-May-2026,554.6,563.0,566.75,550.1,552.6,552.15,558.02,3540089,19754.49,51420,1172638.0, 33.12,2026-05-21
HINDOILEXP, EQ, 21-May-2026,165.57,165.0,174.4,163.49,170.8,170.87,170.89,875350,1495.87,10009,311308.0, 35.56,2026-05-21
HINDPETRO, EQ, 21-May-2026,382.75,386.75,391.4,384.55,388.45,388.8,388.54,7148227,27773.68,74935,3494321.0, 48.88,2026-05-21
HINDUNILVR, EQ, 21-May-2026,2209.3,2224.0,2229.0,2176.0,2178.4,2179.0,2191.06,1581812,34658.43,78825,921424.0, 58.25,2026-05-21
HINDWAREAP, EQ, 21-May-2026,216.63,215.2,248.69,215.2,242.5,243.02,237.54,720499,1711.46,14083,215547.0, 29.92,2026-05-21
HINDZINC, EQ, 21-May-2026,630.45,634.0,638.0,625.6,628.0,628.05,631.36,4109787,25947.67,48270,2302156.0, 56.02,2026-05-21
HIRECT, EQ, 21-May-2026,973.6,985.0,1020.0,968.25,990.0,990.4,992.54,195577,1941.18,11235,51169.0, 26.16,2026-05-21
HISARMETAL, EQ, 21-May-2026,147.4,148.0,153.0,148.0,151.0,150.93,150.96,1644,2.48,34,1517.0, 92.27,2026-05-21
HITECH, EQ, 21-May-2026,85.58,86.19,87.18,85.05,85.7,85.57,86.16,360745,310.82,2984,166316.0, 46.10,2026-05-21
HITECHCORP, EQ, 21-May-2026,140.88,155.01,169.05,155.01,169.05,169.05,165.68,54220,89.83,299,51465.0, 94.92,2026-05-21
HITECHGEAR, BE, 21-May-2026,577.7,575.0,591.45,570.0,585.0,586.25,584.04,2956,17.26,52,, -,2026-05-21
HLEGLAS, EQ, 21-May-2026,306.2,307.35,332.5,307.15,323.15,326.0,323.22,218536,706.35,7847,77654.0, 35.53,2026-05-21
HLVLTD, EQ, 21-May-2026,7.83,7.94,7.99,7.71,7.78,7.76,7.87,199326,15.7,549,146787.0, 73.64,2026-05-21
HMAAGRO, EQ, 21-May-2026,24.01,24.55,24.55,24.04,24.29,24.27,24.27,101827,24.71,332,80078.0, 78.64,2026-05-21
HMT, BZ, 21-May-2026,56.65,58.0,58.45,57.0,57.3,57.28,57.7,7284,4.2,88,, -,2026-05-21
HMVL, EQ, 21-May-2026,64.46,62.4,63.52,62.05,62.97,62.75,62.64,95700,59.95,851,59886.0, 62.58,2026-05-21
HNDFDS, EQ, 21-May-2026,522.2,528.0,531.95,521.6,527.0,527.45,526.78,32302,170.16,1820,16189.0, 50.12,2026-05-21
HNGSNGBEES, EQ, 21-May-2026,536.76,550.17,550.17,528.0,532.9,532.06,533.07,156187,832.59,6134,99390.0, 63.64,2026-05-21
HOACFOODS, SM, 21-May-2026,514.85,540.55,540.55,489.15,520.0,513.45,528.24,13125,69.33,32,9750.0, 74.29,2026-05-21
HOLMARC, SM, 21-May-2026,99.75,99.75,104.0,99.75,104.0,104.0,102.94,3000,3.09,4,3000.0, 100.00,2026-05-21
HOMEFIRST, EQ, 21-May-2026,1079.1,1087.5,1089.2,1065.2,1073.5,1072.4,1079.0,155585,1678.77,10940,104742.0, 67.32,2026-05-21
HONASA, EQ, 21-May-2026,356.75,361.0,363.8,352.85,361.7,360.5,358.78,935801,3357.47,23817,476353.0, 50.90,2026-05-21
HONAUT, EQ, 21-May-2026,30180.0,31500.0,35735.0,31385.0,34800.0,34965.0,34078.34,190673,64978.19,73582,24373.0, 12.78,2026-05-21
HONDAPOWER, EQ, 21-May-2026,2187.6,2206.2,2250.0,2202.1,2211.0,2213.8,2226.18,2857,63.6,748,1279.0, 44.77,2026-05-21
HPAL, EQ, 21-May-2026,34.76,35.1,36.68,34.86,36.1,36.22,35.89,85562,30.71,941,55417.0, 64.77,2026-05-21
HPIL, EQ, 21-May-2026,129.13,134.0,134.0,131.55,131.55,131.55,131.96,235,0.31,6,234.0, 99.57,2026-05-21
HPL, EQ, 21-May-2026,358.05,361.05,367.0,353.1,357.8,356.0,358.64,133344,478.22,4380,54188.0, 40.64,2026-05-21
HPTL, SM, 21-May-2026,267.0,257.1,257.1,253.65,253.65,253.65,255.5,3000,7.67,5,2400.0, 80.00,2026-05-21
HRHNEXT, SM, 21-May-2026,27.9,26.75,26.75,26.55,26.55,26.55,26.62,9000,2.4,6,7500.0, 83.33,2026-05-21
HSBCGOLD, EQ, 21-May-2026,137.5,135.23,138.47,135.23,138.24,138.23,137.77,1191,1.64,45,440.0, 36.94,2026-05-21
HSCL, EQ, 21-May-2026,581.4,584.0,607.95,577.1,590.9,590.55,592.85,11914065,70632.78,89585,978422.0, 8.21,2026-05-21
HTMEDIA, EQ, 21-May-2026,20.98,20.98,21.9,20.67,20.85,20.83,20.88,42810,8.94,186,35402.0, 82.70,2026-05-21
HUBTOWN, EQ, 21-May-2026,207.1,210.0,211.05,204.19,204.6,204.97,206.88,361827,748.56,5272,206332.0, 57.03,2026-05-21
HUDCO, EQ, 21-May-2026,205.93,206.8,208.5,204.5,205.0,206.1,206.81,2334800,4828.69,18092,658557.0, 28.21,2026-05-21
HUHTAMAKI, EQ, 21-May-2026,165.27,165.77,169.9,165.0,169.8,169.64,167.84,64250,107.83,1255,38688.0, 60.21,2026-05-21
HVAX, SM, 21-May-2026,809.0,780.0,780.0,773.0,775.0,775.0,776.0,450,3.49,3,450.0, 100.00,2026-05-21
HYBRIDFIN, EQ, 21-May-2026,18.43,19.49,20.0,18.3,18.89,18.84,18.84,4510,0.85,128,2425.0, 53.77,2026-05-21
HYUNDAI, EQ, 21-May-2026,1787.4,1797.9,1854.3,1792.1,1850.0,1845.2,1835.48,1864385,34220.45,57539,1119660.0, 60.06,2026-05-21
IBLFL, SM, 21-May-2026,57.05,59.25,59.8,59.25,59.8,59.45,59.43,6000,3.57,3,6000.0, 100.00,2026-05-21
IBULLSLTD, BE, 21-May-2026,17.41,17.89,18.28,17.5,18.28,18.2,18.0,3191571,574.51,3414,, -,2026-05-21
ICDSLTD, EQ, 21-May-2026,43.09,43.3,44.7,43.1,43.1,43.1,43.73,258,0.11,8,208.0, 80.62,2026-05-21
ICEMAKE, EQ, 21-May-2026,751.25,751.25,795.95,751.25,777.1,778.95,781.55,41897,327.45,2110,21627.0, 51.62,2026-05-21
ICICIAMC, EQ, 21-May-2026,3137.4,3155.0,3249.9,3152.0,3177.1,3199.7,3205.8,262149,8403.97,33810,130666.0, 49.84,2026-05-21
ICICIB22, EQ, 21-May-2026,120.34,121.59,121.59,120.02,120.5,120.61,121.03,588531,712.3,2964,336686.0, 57.21,2026-05-21
ICICIBANK, EQ, 21-May-2026,1237.3,1245.3,1248.3,1234.4,1244.4,1242.8,1242.5,14394386,178849.97,179763,6472295.0, 44.96,2026-05-21
ICICIGI, EQ, 21-May-2026,1784.8,1791.9,1805.0,1767.2,1801.6,1801.0,1794.16,387656,6955.16,31582,212415.0, 54.79,2026-05-21
ICICIPRULI, EQ, 21-May-2026,509.25,513.45,517.9,507.75,511.0,510.1,512.92,1474562,7563.31,32369,734605.0, 49.82,2026-05-21
ICIL, EQ, 21-May-2026,305.5,307.95,318.85,305.5,306.0,307.05,312.93,439283,1374.66,11912,222857.0, 50.73,2026-05-21
ICRA, EQ, 21-May-2026,5419.5,5360.0,5498.5,5360.0,5490.0,5461.5,5440.36,2771,150.75,790,1213.0, 43.77,2026-05-21
IDBI, EQ, 21-May-2026,73.3,73.74,74.4,72.6,72.73,72.9,73.28,8032650,5886.45,32406,2218007.0, 27.61,2026-05-21
IDEA, EQ, 21-May-2026,13.58,13.65,13.88,13.51,13.53,13.62,13.72,769010637,105482.81,526265,200135231.0, 26.03,2026-05-21
IDEAFORGE, BE, 21-May-2026,753.35,756.0,769.5,727.0,739.05,739.0,745.65,276663,2062.95,7915,, -,2026-05-21
IDFCFIRSTB, EQ, 21-May-2026,68.21,68.76,68.98,67.72,68.38,68.3,68.33,12011357,8207.45,49305,5327217.0, 44.35,2026-05-21
IDFNIFTYET, EQ, 21-May-2026,260.29,261.59,262.0,259.08,259.15,259.78,260.29,360,0.94,34,280.0, 77.78,2026-05-21
IEML, SM, 21-May-2026,52.2,52.2,53.85,51.35,52.0,52.45,52.72,74000,39.02,105,54000.0, 72.97,2026-05-21
IEX, EQ, 21-May-2026,125.62,126.21,127.25,125.78,126.99,127.05,126.56,2692159,3407.32,19319,989221.0, 36.74,2026-05-21
IFBAGRO, BE, 21-May-2026,888.3,892.75,932.7,892.75,932.7,932.7,928.51,3737,34.7,242,, -,2026-05-21
IFBIND, EQ, 21-May-2026,1044.8,1050.8,1069.8,1037.2,1042.9,1042.0,1047.91,35914,376.35,2690,22207.0, 61.83,2026-05-21
IFCI, EQ, 21-May-2026,61.41,62.78,62.78,60.75,60.82,61.02,61.64,9562648,5894.3,24478,3779806.0, 39.53,2026-05-21
IFGLEXPOR, EQ, 21-May-2026,166.23,168.05,170.0,165.0,165.5,167.69,167.28,9586,16.04,441,4305.0, 44.91,2026-05-21
IGARASHI, EQ, 21-May-2026,400.55,405.0,407.05,374.05,385.0,384.9,385.03,564255,2172.54,11466,233120.0, 41.31,2026-05-21
IGCL, EQ, 21-May-2026,61.44,62.67,62.67,61.41,61.55,62.09,61.84,19141,11.84,211,16171.0, 84.48,2026-05-21
IGIL, EQ, 21-May-2026,352.3,359.0,378.5,359.0,374.75,375.25,372.79,5496201,20489.16,79205,1204858.0, 21.92,2026-05-21
IGL, EQ, 21-May-2026,154.8,155.0,156.61,153.72,154.91,154.81,154.87,7290980,11291.45,34986,5541801.0, 76.01,2026-05-21
IGPL, EQ, 21-May-2026,434.1,434.0,442.5,427.55,427.55,428.95,435.18,18853,82.04,743,8219.0, 43.60,2026-05-21
IIFL, EQ, 21-May-2026,464.0,468.0,468.25,459.15,461.75,462.1,463.59,1338338,6204.46,22192,740426.0, 55.32,2026-05-21
IIFLCAPS, EQ, 21-May-2026,341.8,343.3,345.45,340.0,341.9,341.75,342.62,892539,3058.0,12053,420177.0, 47.08,2026-05-21
IITL, EQ, 21-May-2026,162.38,164.0,166.99,161.2,166.0,162.77,164.28,97051,159.44,2249,7629.0, 7.86,2026-05-21
IKIO, EQ, 21-May-2026,154.17,156.79,159.1,152.1,153.06,153.43,155.37,98588,153.18,2146,38583.0, 39.14,2026-05-21
IKS, EQ, 21-May-2026,1628.6,1640.6,1645.0,1594.4,1625.0,1619.2,1613.32,71743,1157.45,9626,30891.0, 43.06,2026-05-21
IL&FSENGG, BZ, 21-May-2026,26.0,25.55,27.3,25.0,27.3,27.3,26.4,33425,8.82,52,, -,2026-05-21
IL&FSTRANS, BZ, 21-May-2026,2.37,2.35,2.48,2.32,2.42,2.4,2.42,54604,1.32,66,, -,2026-05-21
IMAGICAA, EQ, 21-May-2026,42.34,42.56,42.98,42.05,42.35,42.43,42.44,379960,161.27,2029,197111.0, 51.88,2026-05-21
IMFA, EQ, 21-May-2026,1440.2,1447.7,1459.9,1401.0,1425.1,1412.8,1420.33,133213,1892.06,10142,68971.0, 51.77,2026-05-21
IMPAL, EQ, 21-May-2026,1013.5,1020.0,1176.9,1018.0,1135.0,1117.4,1130.75,79318,896.89,2484,61909.0, 78.05,2026-05-21
IMPEXFERRO, BZ, 21-May-2026,1.77,1.85,1.85,1.69,1.69,1.69,1.71,71016,1.21,132,, -,2026-05-21
INA, EQ, 21-May-2026,135.53,138.8,141.5,134.31,139.5,138.84,137.94,907355,1251.64,11075,405212.0, 44.66,2026-05-21
INCREDIBLE, EQ, 21-May-2026,34.18,35.99,37.0,34.35,36.85,36.85,36.3,11407,4.14,82,6998.0, 61.35,2026-05-21
INDBANK, EQ, 21-May-2026,33.82,34.42,34.42,33.51,33.86,33.84,33.89,9967,3.38,97,6856.0, 68.79,2026-05-21
INDGN, EQ, 21-May-2026,513.6,510.15,517.85,507.15,508.15,509.25,511.13,72486,370.5,5635,36997.0, 51.04,2026-05-21
INDHOTEL, EQ, 21-May-2026,659.6,662.0,666.7,652.35,657.5,657.4,659.66,1878182,12389.66,35948,758471.0, 40.38,2026-05-21
INDIACEM, EQ, 21-May-2026,400.25,401.25,405.0,398.45,404.0,403.3,402.45,126457,508.93,7048,43872.0, 34.69,2026-05-21
INDIAGLYCO, EQ, 21-May-2026,993.2,1002.0,1038.3,991.0,991.4,997.2,1017.68,96191,978.91,7728,45902.0, 47.72,2026-05-21
INDIAMART, EQ, 21-May-2026,1998.0,1999.9,2037.2,1995.0,2030.0,2030.2,2021.09,50216,1014.91,6846,32064.0, 63.85,2026-05-21
INDIANB, EQ, 21-May-2026,810.2,820.85,829.85,814.5,817.95,818.95,820.45,1742234,14294.1,38279,702214.0, 40.31,2026-05-21
INDIANCARD, EQ, 21-May-2026,203.12,202.95,213.89,202.94,211.0,209.39,208.41,3766,7.85,82,3275.0, 86.96,2026-05-21
INDIANHUME, EQ, 21-May-2026,305.9,306.7,314.0,305.9,313.0,311.85,310.3,104102,323.03,2103,68703.0, 66.00,2026-05-21
INDIASHLTR, EQ, 21-May-2026,779.75,775.0,800.0,775.0,800.0,790.1,782.88,146199,1144.57,5117,117459.0, 80.34,2026-05-21
INDIGO, EQ, 21-May-2026,4264.6,4305.0,4452.2,4305.0,4400.0,4403.0,4408.82,1656192,73018.58,89253,686182.0, 41.43,2026-05-21
INDIGOPNTS, EQ, 21-May-2026,983.75,988.0,995.0,972.0,991.7,991.6,986.45,92581,913.26,8052,38419.0, 41.50,2026-05-21
INDIGRID, IV, 21-May-2026,168.98,169.4,169.56,168.5,169.56,169.48,169.27,399547,676.3,2991,355934.0, 89.08,2026-05-21
INDIQUBE, EQ, 21-May-2026,173.52,165.0,173.52,162.5,164.0,164.06,166.35,341326,567.79,4267,160067.0, 46.90,2026-05-21
INDNIPPON, EQ, 21-May-2026,782.25,794.5,805.0,787.0,791.0,794.05,795.14,16641,132.32,1235,8808.0, 52.93,2026-05-21
INDOAMIN, EQ, 21-May-2026,126.92,127.75,129.95,125.1,125.1,125.92,127.36,69846,88.96,1423,32358.0, 46.33,2026-05-21
INDOBORAX, EQ, 21-May-2026,274.95,275.2,329.9,275.2,321.6,324.35,318.65,2228243,7100.4,22587,528101.0, 23.70,2026-05-21
INDOCO, EQ, 21-May-2026,211.72,212.01,212.99,203.23,204.8,204.29,207.02,94751,196.15,3278,66682.0, 70.38,2026-05-21
INDOFARM, EQ, 21-May-2026,128.33,129.11,131.98,127.41,129.7,128.65,129.17,114367,147.73,1766,60346.0, 52.77,2026-05-21
INDORAMA, EQ, 21-May-2026,35.46,36.45,36.45,34.5,35.44,35.34,35.36,110696,39.15,807,65579.0, 59.24,2026-05-21
INDOSTAR, EQ, 21-May-2026,194.32,199.0,212.89,196.24,211.0,211.13,207.43,163570,339.3,3759,72369.0, 44.24,2026-05-21
INDOTECH, BE, 21-May-2026,2454.9,2499.9,2537.0,2360.0,2375.0,2381.1,2434.98,36167,880.66,1341,, -,2026-05-21
INDOTHAI, EQ, 21-May-2026,272.2,273.9,274.8,266.4,267.55,270.05,269.73,1337576,3607.87,7027,1029809.0, 76.99,2026-05-21
INDOUS, EQ, 21-May-2026,101.91,103.88,104.56,100.26,101.7,101.67,101.94,39930,40.7,1044,17033.0, 42.66,2026-05-21
INDOWIND, BE, 21-May-2026,9.77,9.8,10.0,9.62,9.74,9.69,9.75,111624,10.89,400,, -,2026-05-21
INDPRUD, EQ, 21-May-2026,6800.0,6649.0,6799.5,6495.0,6495.0,6625.0,6687.17,6,0.4,5,4.0, 66.67,2026-05-21
INDRAMEDCO, EQ, 21-May-2026,359.8,367.05,372.5,352.6,357.3,355.45,360.59,623151,2246.99,18506,294287.0, 47.23,2026-05-21
INDSWFTLAB, EQ, 21-May-2026,135.88,137.45,138.0,134.99,135.1,135.35,136.26,151809,206.86,2264,65864.0, 43.39,2026-05-21
INDTERRAIN, EQ, 21-May-2026,31.63,31.62,33.8,31.62,32.7,33.17,33.0,19351,6.39,189,14322.0, 74.01,2026-05-21
INDUSINDBK, EQ, 21-May-2026,897.15,905.5,913.9,892.3,903.0,899.95,900.15,2144884,19307.11,47235,1093295.0, 50.97,2026-05-21
INDUSINVIT, IV, 21-May-2026,123.4,124.58,124.6,123.02,123.1,123.32,123.55,81919,101.21,1544,66947.0, 81.72,2026-05-21
INDUSTOWER, EQ, 21-May-2026,427.85,431.0,439.1,429.3,432.0,431.8,435.07,7212754,31380.44,51779,4389567.0, 60.86,2026-05-21
INFINIUM, SM, 21-May-2026,205.1,214.75,214.75,210.9,210.9,210.9,212.83,1000,2.13,2,1000.0, 100.00,2026-05-21
INFLUX, SM, 21-May-2026,279.4,255.0,256.0,228.0,236.75,233.3,238.7,399600,953.86,588,225600.0, 56.46,2026-05-21
INFOBEAN, EQ, 21-May-2026,150.5,151.5,156.59,151.5,152.01,152.36,153.63,250196,384.37,4061,91259.0, 36.48,2026-05-21
INFOLLION, SM, 21-May-2026,196.0,195.9,202.0,195.0,202.0,200.45,197.67,11200,22.14,22,9200.0, 82.14,2026-05-21
INFOMEDIA, EQ, 21-May-2026,5.98,6.0,6.0,5.61,6.0,5.88,5.81,7540,0.44,53,4044.0, 53.63,2026-05-21
INFRA, EQ, 21-May-2026,11.88,12.04,12.05,11.98,11.99,11.98,12.01,27167,3.26,131,24788.0, 91.24,2026-05-21
INFRABEES, EQ, 21-May-2026,962.92,969.9,974.05,963.23,968.0,965.27,968.17,8067,78.1,558,3778.0, 46.83,2026-05-21
INFRAIETF, EQ, 21-May-2026,96.02,96.51,96.79,96.05,96.1,96.3,96.44,102539,98.89,7646,55218.0, 53.85,2026-05-21
INFY, EQ, 21-May-2026,1193.7,1196.1,1201.8,1177.0,1178.2,1181.2,1185.68,10021033,118817.71,192009,5205193.0, 51.94,2026-05-21
INGERRAND, EQ, 21-May-2026,4430.8,4440.8,4493.9,4436.1,4440.0,4448.0,4450.56,29416,1309.18,4344,23088.0, 78.49,2026-05-21
INNOMET, ST, 21-May-2026,96.0,99.0,99.0,97.0,97.0,97.0,98.56,12600,12.42,15,12600.0, 100.00,2026-05-21
INNOVACAP, EQ, 21-May-2026,880.2,894.7,894.7,867.0,870.5,872.25,874.69,33116,289.66,2109,20245.0, 61.13,2026-05-21
INNOVANA, EQ, 21-May-2026,368.15,350.25,371.0,350.2,365.0,361.7,364.32,6715,24.46,392,2783.0, 41.44,2026-05-21
INNOVISION, EQ, 21-May-2026,311.5,311.5,314.4,308.2,309.15,309.4,310.9,72773,226.25,2002,26119.0, 35.89,2026-05-21
INOXGREEN, EQ, 21-May-2026,180.42,180.2,183.4,179.42,179.5,180.18,181.42,367739,667.14,5337,170668.0, 46.41,2026-05-21
INOXINDIA, EQ, 21-May-2026,1449.2,1454.9,1495.9,1443.0,1464.0,1463.2,1472.33,211019,3106.9,16865,68076.0, 32.26,2026-05-21
INOXWIND, EQ, 21-May-2026,95.27,96.53,97.13,94.72,94.85,95.0,95.89,5172076,4959.45,23262,1580390.0, 30.56,2026-05-21
INSECTICID, EQ, 21-May-2026,746.15,750.0,750.0,725.0,737.65,738.7,734.68,26707,196.21,1680,13933.0, 52.17,2026-05-21
INSPIRE, ST, 21-May-2026,11.25,11.05,11.05,11.05,11.05,11.05,11.05,2000,0.22,1,2000.0, 100.00,2026-05-21
INSPIRISYS, EQ, 21-May-2026,125.77,132.05,132.05,127.9,132.05,132.05,131.52,108276,142.41,866,69975.0, 64.63,2026-05-21
INTELLECT, EQ, 21-May-2026,689.95,692.7,705.2,690.2,695.55,696.4,697.39,253098,1765.07,13570,92230.0, 36.44,2026-05-21
INTENTECH, EQ, 21-May-2026,100.92,101.96,102.0,99.2,99.2,100.06,100.99,24340,24.58,349,16451.0, 67.59,2026-05-21
INTERARCH, EQ, 21-May-2026,1678.9,1725.0,1765.5,1694.1,1762.0,1758.3,1735.23,149098,2587.2,10328,76145.0, 51.07,2026-05-21
INTERNET, EQ, 21-May-2026,12.2,12.29,12.32,12.15,12.15,12.18,12.26,60685,7.44,134,38851.0, 64.02,2026-05-21
INTLCONV, EQ, 21-May-2026,79.45,80.1,80.52,77.23,77.4,77.44,78.3,88445,69.25,1839,53105.0, 60.04,2026-05-21
INVENTURE, EQ, 21-May-2026,0.96,0.97,0.98,0.96,0.97,0.97,0.97,569804,5.54,399,393847.0, 69.12,2026-05-21
INVICTA, ST, 21-May-2026,76.8,73.0,74.5,73.0,73.0,74.05,73.28,102400,75.04,50,99200.0, 96.88,2026-05-21
INVPRECQ, EQ, 21-May-2026,612.4,617.3,628.0,605.0,616.0,610.1,614.63,3190,19.61,324,1986.0, 62.26,2026-05-21
IOB, EQ, 21-May-2026,33.49,33.9,34.07,33.62,33.8,33.77,33.79,2664971,900.45,8316,1352723.0, 50.76,2026-05-21
IOC, EQ, 21-May-2026,138.04,139.6,141.0,138.24,140.36,140.53,140.0,26345901,36884.69,187549,13106139.0, 49.75,2026-05-21
IOLCP, EQ, 21-May-2026,119.54,118.81,126.72,114.47,121.11,121.17,121.71,17647224,21477.77,104806,4079581.0, 23.12,2026-05-21
IONEXCHANG, EQ, 21-May-2026,389.75,392.9,398.15,387.9,389.55,389.1,391.81,63350,248.21,5107,28686.0, 45.28,2026-05-21
IPCALAB, EQ, 21-May-2026,1646.6,1650.0,1660.0,1619.0,1651.5,1637.0,1634.69,220532,3605.02,20310,124076.0, 56.26,2026-05-21
IPHL, SM, 21-May-2026,53.5,53.5,53.5,53.0,53.35,53.35,53.31,6000,3.2,5,6000.0, 100.00,2026-05-21
IPL, EQ, 21-May-2026,167.67,169.25,170.12,163.2,164.6,164.02,166.28,180826,300.68,3585,92520.0, 51.17,2026-05-21
IPSL, SM, 21-May-2026,210.0,214.5,214.5,214.5,214.5,214.5,214.5,6000,12.87,12,6000.0, 100.00,2026-05-21
IRB, EQ, 21-May-2026,21.13,21.15,23.95,21.13,22.56,22.84,23.05,428946595,98870.53,316396,51436587.0, 11.99,2026-05-21
IRBINVIT, IV, 21-May-2026,59.87,59.99,60.25,59.87,60.13,60.18,60.03,534573,320.92,4391,493172.0, 92.26,2026-05-21
IRCON, EQ, 21-May-2026,141.08,144.0,144.57,141.69,142.07,142.15,142.98,1945575,2781.8,21809,544710.0, 28.00,2026-05-21
IRCTC, EQ, 21-May-2026,527.85,530.0,534.2,526.0,526.95,527.15,529.12,695613,3680.65,26759,343890.0, 49.44,2026-05-21
IREDA, EQ, 21-May-2026,126.77,128.0,129.55,127.21,127.52,127.87,128.22,5175967,6636.54,28288,1370912.0, 26.49,2026-05-21
IRFC, EQ, 21-May-2026,97.13,98.0,98.53,97.56,97.99,98.17,98.06,8098653,7941.79,33429,2212234.0, 27.32,2026-05-21
IRIS, EQ, 21-May-2026,240.76,242.0,249.0,241.98,244.0,245.32,245.45,20540,50.42,679,13876.0, 67.56,2026-05-21
IRISDOREME, EQ, 21-May-2026,36.32,36.32,37.0,35.15,35.15,35.35,36.33,176518,64.14,1040,18942.0, 10.73,2026-05-21
IRMENERGY, EQ, 21-May-2026,275.35,271.0,281.35,270.95,278.75,277.75,277.04,493178,1366.29,6778,69992.0, 14.19,2026-05-21
ISFT, EQ, 21-May-2026,82.04,83.68,86.29,80.0,86.19,85.45,84.74,41354,35.04,558,29482.0, 71.29,2026-05-21
ISGEC, EQ, 21-May-2026,1060.3,1080.0,1113.9,1063.0,1064.0,1073.6,1090.6,123153,1343.11,8694,53211.0, 43.21,2026-05-21
ISHAN, SM, 21-May-2026,0.65,0.65,0.65,0.65,0.65,0.65,0.65,48000,0.31,1,48000.0, 100.00,2026-05-21
ISHANCH, EQ, 21-May-2026,62.12,61.4,63.19,59.25,60.0,61.12,60.4,30505,18.42,255,16751.0, 54.91,2026-05-21
IT, EQ, 21-May-2026,32.18,32.42,32.43,31.91,32.03,31.99,32.09,190824,61.24,910,86962.0, 45.57,2026-05-21
ITADD, EQ, 21-May-2026,30.7,30.79,31.15,30.59,31.15,30.76,30.69,26137,8.02,116,13722.0, 52.50,2026-05-21
ITBEES, EQ, 21-May-2026,32.28,32.0,32.7,31.9,32.14,32.08,32.16,6939444,2231.83,15404,3693322.0, 53.22,2026-05-21
ITBETA, EQ, 21-May-2026,304.33,305.85,305.91,303.23,303.23,303.23,304.9,275,0.84,13,255.0, 92.73,2026-05-21
ITC, EQ, 21-May-2026,307.55,309.85,311.3,305.8,307.65,308.05,307.94,21868988,67343.49,230048,12288224.0, 56.19,2026-05-21
ITCHOTELS, EQ, 21-May-2026,153.52,154.2,155.97,153.98,154.49,154.5,154.76,1593826,2466.63,21466,756594.0, 47.47,2026-05-21
ITDC, EQ, 21-May-2026,543.8,550.0,556.95,541.0,541.0,548.55,551.09,37500,206.66,1889,14279.0, 38.08,2026-05-21
ITETF, EQ, 21-May-2026,30.73,30.83,30.88,30.52,30.52,30.56,30.66,320859,98.38,688,160815.0, 50.12,2026-05-21
ITI, EQ, 21-May-2026,286.0,289.9,292.2,286.15,286.7,287.2,288.69,334795,966.5,8958,90041.0, 26.89,2026-05-21
ITIETF, EQ, 21-May-2026,32.32,32.32,32.48,32.04,32.06,32.11,32.2,269030,86.63,1388,125070.0, 46.49,2026-05-21
IVALUE, EQ, 21-May-2026,246.9,245.7,250.0,240.85,243.0,244.5,246.98,35598,87.92,1373,18884.0, 53.05,2026-05-21
IVC, EQ, 21-May-2026,7.45,7.59,7.6,7.36,7.4,7.39,7.51,174347,13.09,580,151651.0, 86.98,2026-05-21
IVP, EQ, 21-May-2026,157.06,155.1,169.15,155.1,167.37,164.35,164.71,20344,33.51,362,16997.0, 83.55,2026-05-21
IVZINGOLD, EQ, 21-May-2026,136.8,137.9,137.95,136.6,137.55,137.4,137.12,27537,37.76,135,21788.0, 79.12,2026-05-21
IVZINNIFTY, EQ, 21-May-2026,2692.4,2713.2,2713.2,2696.5,2700.5,2700.5,2702.14,29,0.78,11,29.0, 100.00,2026-05-21
IWARE, ST, 21-May-2026,343.85,341.0,350.0,336.1,341.0,342.0,342.13,14400,49.27,19,14400.0, 100.00,2026-05-21
IWP, EQ, 21-May-2026,34.74,35.43,36.0,34.09,36.0,35.49,35.14,2527,0.89,53,1450.0, 57.38,2026-05-21
IXIGO, EQ, 21-May-2026,161.87,162.0,167.0,162.0,163.1,163.65,165.3,1203539,1989.51,23840,618075.0, 51.35,2026-05-21
IZMO, EQ, 21-May-2026,699.3,713.4,734.25,710.0,717.5,720.45,729.09,190746,1390.71,3478,102958.0, 53.98,2026-05-21
J&KBANK, EQ, 21-May-2026,134.33,136.01,141.29,135.6,140.3,140.06,139.39,6759325,9421.66,49272,3600180.0, 53.26,2026-05-21
JAGRAN, EQ, 21-May-2026,67.64,67.64,69.95,67.51,69.0,68.92,68.79,333551,229.47,2363,195510.0, 58.61,2026-05-21
JAGSNPHARM, EQ, 21-May-2026,199.31,198.6,214.05,196.97,212.0,211.84,208.08,391333,814.29,6327,161741.0, 41.33,2026-05-21
JAIBALAJI, BE, 21-May-2026,75.03,75.76,76.49,72.0,73.31,73.54,73.53,693186,509.69,1597,, -,2026-05-21
JAICORPLTD, EQ, 21-May-2026,113.15,113.56,116.5,113.56,115.67,115.58,115.42,398794,460.28,4725,145979.0, 36.61,2026-05-21
JAINAM, SM, 21-May-2026,290.0,285.0,285.0,277.05,277.05,277.05,281.03,1000,2.81,2,1000.0, 100.00,2026-05-21
JAINIK, SM, 21-May-2026,145.0,140.05,140.05,140.0,140.0,140.0,140.03,2400,3.36,2,2400.0, 100.00,2026-05-21
JAINREC, EQ, 21-May-2026,391.9,397.0,398.65,380.5,380.55,383.9,389.81,2817383,10982.31,42201,919571.0, 32.64,2026-05-21
JAIPURKURT, EQ, 21-May-2026,29.5,29.5,30.85,29.07,29.11,29.25,29.8,18188,5.42,245,14413.0, 79.24,2026-05-21
JALAN, SM, 21-May-2026,1.8,1.75,1.85,1.75,1.85,1.85,1.81,54000,0.98,9,54000.0, 100.00,2026-05-21
JAMNAAUTO, EQ, 21-May-2026,111.6,113.5,115.45,112.69,113.86,114.08,113.71,1204186,1369.3,9781,557625.0, 46.31,2026-05-21
JARO, EQ, 21-May-2026,520.75,528.0,557.0,516.9,556.9,552.6,541.5,354817,1921.33,11923,194059.0, 54.69,2026-05-21
JASH, EQ, 21-May-2026,377.45,380.0,394.0,375.0,383.1,388.6,385.26,173607,668.84,4110,72826.0, 41.95,2026-05-21
JAYAGROGN, EQ, 21-May-2026,211.35,215.4,221.19,210.35,220.0,219.15,216.4,12397,26.83,384,7775.0, 62.72,2026-05-21
JAYBARMARU, EQ, 21-May-2026,103.27,111.9,122.2,111.6,116.6,117.35,117.34,28409663,33336.68,134438,2311812.0, 8.14,2026-05-21
JAYBEE, ST, 21-May-2026,92.85,97.45,97.45,97.45,97.45,97.45,97.45,23500,22.9,27,23500.0, 100.00,2026-05-21
JAYESH, SM, 21-May-2026,168.5,170.0,171.0,168.5,168.5,168.5,169.57,98000,166.18,9,98000.0, 100.00,2026-05-21
JAYKAY, EQ, 21-May-2026,158.5,160.87,175.77,160.86,170.05,170.21,170.81,541361,924.72,11362,151985.0, 28.07,2026-05-21
JAYNECOIND, EQ, 21-May-2026,103.02,104.0,109.0,103.22,105.8,106.49,107.14,7509029,8045.02,39640,3081321.0, 41.03,2026-05-21
JAYSREETEA, EQ, 21-May-2026,84.01,85.02,86.79,84.24,85.1,85.24,85.43,27710,23.67,550,14896.0, 53.76,2026-05-21
JBCHEPHARM, EQ, 21-May-2026,2163.6,2166.0,2194.9,2154.5,2181.7,2178.9,2176.73,417886,9096.27,19269,293821.0, 70.31,2026-05-21
JBMA, EQ, 21-May-2026,643.6,647.0,652.0,640.1,640.95,642.55,645.82,378338,2443.38,14874,109774.0, 29.01,2026-05-21
JETFREIGHT, EQ, 21-May-2026,20.69,20.69,20.99,20.2,20.56,20.37,20.66,55821,11.53,276,27100.0, 48.55,2026-05-21
JEYYAM, SM, 21-May-2026,32.0,32.85,32.85,32.3,32.3,32.3,32.67,6000,1.96,3,6000.0, 100.00,2026-05-21
JGCHEM, EQ, 21-May-2026,396.05,395.2,399.25,388.5,391.8,390.6,393.21,37394,147.04,1601,16976.0, 45.40,2026-05-21
JHS, EQ, 21-May-2026,8.55,8.97,8.97,8.25,8.5,8.37,8.45,31555,2.67,108,25256.0, 80.04,2026-05-21
JINDALPHOT, EQ, 21-May-2026,1004.1,1042.9,1042.9,990.0,1014.0,1005.6,1005.13,2943,29.58,341,1532.0, 52.06,2026-05-21
JINDALPOLY, EQ, 21-May-2026,704.45,715.0,715.0,690.0,695.2,691.85,697.3,10522,73.37,1190,5980.0, 56.83,2026-05-21
JINDALSAW, EQ, 21-May-2026,219.54,222.0,224.99,218.13,219.0,219.08,221.37,967043,2140.71,16134,392250.0, 40.56,2026-05-21
JINDALSTEL, EQ, 21-May-2026,1223.1,1243.0,1243.0,1194.0,1197.5,1196.8,1209.12,963285,11647.28,35875,378731.0, 39.32,2026-05-21
JINDRILL, EQ, 21-May-2026,657.9,659.95,676.75,635.5,650.0,645.25,647.23,2768641,17919.37,41204,204586.0, 7.39,2026-05-21
JINDWORLD, EQ, 21-May-2026,26.45,26.6,26.75,26.0,26.3,26.16,26.36,214569,56.55,1864,98260.0, 45.79,2026-05-21
JIOFIN, EQ, 21-May-2026,234.67,236.5,238.3,235.06,235.8,235.78,236.55,12084486,28585.45,78589,4847643.0, 40.11,2026-05-21
JISLDVREQS, EQ, 21-May-2026,22.11,22.6,22.9,21.5,21.91,21.95,22.22,14627,3.25,136,4805.0, 32.85,2026-05-21
JISLJALEQS, EQ, 21-May-2026,29.04,29.33,29.64,28.86,29.0,28.98,29.09,1815191,528.07,8158,919987.0, 50.68,2026-05-21
JITFINFRA, BE, 21-May-2026,283.3,282.95,293.35,280.0,290.0,286.7,286.07,14112,40.37,243,, -,2026-05-21
JKCEMENT, EQ, 21-May-2026,5344.5,5370.5,5580.5,5370.5,5530.0,5546.5,5494.15,113357,6228.01,15804,52325.0, 46.16,2026-05-21
JKIL, EQ, 21-May-2026,473.3,475.35,487.0,471.5,479.0,481.1,478.17,92823,443.85,4498,52911.0, 57.00,2026-05-21
JKIPL, BE, 21-May-2026,84.71,84.0,85.99,83.99,85.5,85.94,85.44,10713,9.15,289,, -,2026-05-21
JKLAKSHMI, EQ, 21-May-2026,636.05,630.5,635.35,601.9,618.0,619.8,619.97,1678961,10409.02,19094,1299653.0, 77.41,2026-05-21
JKPAPER, EQ, 21-May-2026,380.95,386.5,387.55,379.75,382.0,382.95,383.03,309087,1183.9,11825,120382.0, 38.95,2026-05-21
JKTYRE, EQ, 21-May-2026,361.05,368.25,371.6,363.0,364.0,364.4,366.36,830355,3042.08,21421,315968.0, 38.05,2026-05-21
JLHL, EQ, 21-May-2026,1318.2,1344.9,1365.0,1306.7,1306.7,1312.0,1332.7,14336,191.06,2764,5284.0, 36.86,2026-05-21
JMA, EQ, 21-May-2026,83.2,84.98,87.0,83.2,84.94,84.13,84.79,2140,1.81,130,1116.0, 52.15,2026-05-21
JMFINANCIL, EQ, 21-May-2026,128.1,129.7,131.98,128.42,129.4,129.65,130.04,1651304,2147.32,30118,747903.0, 45.29,2026-05-21
JNKINDIA, EQ, 21-May-2026,373.15,410.45,410.45,394.0,410.45,409.9,409.12,1458707,5967.92,7111,780706.0, 53.52,2026-05-21
JOCIL, EQ, 21-May-2026,133.51,133.81,136.99,130.91,135.0,135.4,133.42,5665,7.56,94,5181.0, 91.46,2026-05-21
JPOLYINVST, EQ, 21-May-2026,1015.7,1016.2,1035.7,1003.0,1005.1,1006.8,1014.75,5566,56.48,975,2855.0, 51.29,2026-05-21
JPPOWER, EQ, 21-May-2026,18.31,18.9,19.38,18.42,18.6,18.56,18.89,186605793,35246.39,92233,48421308.0, 25.95,2026-05-21
JSFB, EQ, 21-May-2026,453.25,453.5,455.95,450.0,450.5,450.5,451.54,355132,1603.56,4207,235725.0, 66.38,2026-05-21
JSL, EQ, 21-May-2026,736.95,742.0,743.75,732.1,737.9,736.75,738.14,296812,2190.89,16466,169573.0, 57.13,2026-05-21
JSLL, EQ, 21-May-2026,650.6,660.0,680.2,642.0,658.8,654.2,662.91,363972,2412.82,18683,149341.0, 41.03,2026-05-21
JSWCEMENT, EQ, 21-May-2026,120.91,121.28,132.13,121.28,127.99,127.46,129.13,41116895,53094.24,214083,5111891.0, 12.43,2026-05-21
JSWDULUX, EQ, 21-May-2026,2928.2,2941.9,2954.7,2876.0,2880.0,2902.3,2900.45,67219,1949.65,9532,56776.0, 84.46,2026-05-21
JSWENERGY, EQ, 21-May-2026,537.1,545.0,553.3,543.05,547.05,548.45,547.98,3079588,16875.47,59685,1066402.0, 34.63,2026-05-21
JSWHL, EQ, 21-May-2026,12612.0,12600.0,12831.0,12500.0,12675.0,12693.0,12695.5,2292,290.98,969,1237.0, 53.97,2026-05-21
JSWINFRA, EQ, 21-May-2026,262.9,263.95,268.85,262.55,268.0,265.45,264.94,1501180,3977.2,15866,936107.0, 62.36,2026-05-21
JSWSTEEL, EQ, 21-May-2026,1283.2,1293.0,1293.0,1272.8,1280.6,1281.3,1280.82,5339554,68390.1,53588,4016453.0, 75.22,2026-05-21
JTEKTINDIA, EQ, 21-May-2026,125.77,126.6,130.49,126.16,126.9,126.98,127.9,318605,407.51,4751,171284.0, 53.76,2026-05-21
JTLIND, EQ, 21-May-2026,66.17,66.99,69.74,66.81,68.85,69.16,68.39,2213881,1514.09,9067,980501.0, 44.29,2026-05-21
JUBLCPL, EQ, 21-May-2026,1712.7,1712.7,1775.0,1700.0,1775.0,1762.5,1754.32,6316,110.8,455,4864.0, 77.01,2026-05-21
JUBLFOOD, EQ, 21-May-2026,472.55,449.3,449.3,433.55,434.95,435.65,439.08,18865418,82833.87,169259,7397790.0, 39.21,2026-05-21
JUBLINGREA, EQ, 21-May-2026,735.45,733.65,769.5,733.65,748.0,748.3,756.69,574599,4347.91,33774,205280.0, 35.73,2026-05-21
JUBLPHARMA, EQ, 21-May-2026,1014.2,1022.0,1023.3,999.3,1011.0,1011.65,1008.28,90789,915.4,14250,41784.0, 46.02,2026-05-21
JUNIORBEES, EQ, 21-May-2026,747.49,756.3,756.3,748.15,748.15,749.58,751.82,259355,1949.88,6668,119455.0, 46.06,2026-05-21
JUNIPER, EQ, 21-May-2026,200.02,200.1,205.19,199.0,200.5,199.89,201.25,100523,202.3,4134,56037.0, 55.75,2026-05-21
JUSTDIAL, EQ, 21-May-2026,513.2,515.0,526.0,513.8,520.4,520.95,520.35,98104,510.49,10133,47588.0, 48.51,2026-05-21
JWL, EQ, 21-May-2026,273.05,278.95,280.0,275.15,275.9,276.3,277.35,789857,2190.7,14373,210310.0, 26.63,2026-05-21
JYOTHYLAB, EQ, 21-May-2026,209.6,210.7,212.4,206.0,207.4,206.55,207.98,971263,2020.03,21533,515468.0, 53.07,2026-05-21
JYOTICNC, EQ, 21-May-2026,669.95,679.95,687.95,662.0,666.95,668.95,669.19,831690,5565.57,25132,506657.0, 60.92,2026-05-21
JYOTIGLOBL, ST, 21-May-2026,46.85,46.85,48.85,46.05,48.85,48.85,46.58,16000,7.45,7,12000.0, 75.00,2026-05-21
JYOTISTRUC, EQ, 21-May-2026,12.19,12.45,12.48,12.01,12.18,12.13,12.27,3755008,460.67,3993,1627955.0, 43.35,2026-05-21
K2INFRA, SM, 21-May-2026,53.95,53.95,54.8,52.9,53.35,54.05,53.62,6600,3.54,10,5400.0, 81.82,2026-05-21
KABRAEXTRU, EQ, 21-May-2026,226.03,227.0,230.1,223.0,224.02,225.79,226.21,10559,23.89,538,6097.0, 57.74,2026-05-21
KAJARIACER, EQ, 21-May-2026,1053.7,1062.9,1073.3,1053.0,1063.3,1061.3,1063.34,147924,1572.93,17190,86167.0, 58.25,2026-05-21
KAKATCEM, BE, 21-May-2026,123.0,120.1,125.0,120.1,120.7,121.38,121.88,1138,1.39,27,, -,2026-05-21
KALAMANDIR, EQ, 21-May-2026,102.57,103.5,107.95,103.06,103.84,103.68,105.16,822941,865.37,5807,291930.0, 35.47,2026-05-21
KALANA, ST, 21-May-2026,21.7,22.7,22.75,21.7,21.7,21.7,22.43,14000,3.14,7,10000.0, 71.43,2026-05-21
KALPATARU, EQ, 21-May-2026,319.85,320.6,335.0,315.0,331.05,331.75,325.53,158153,514.83,5694,56740.0, 35.88,2026-05-21
KALYANIFRG, EQ, 21-May-2026,610.3,624.5,629.4,611.0,624.0,624.0,621.42,225,1.4,34,129.0, 57.33,2026-05-21
KALYANKJIL, EQ, 21-May-2026,343.55,347.0,353.85,343.15,353.1,353.0,348.98,5540790,19335.99,54644,1186366.0, 21.41,2026-05-21
KAMAHOLD, EQ, 21-May-2026,2568.4,2604.2,2608.3,2552.1,2560.0,2560.2,2588.9,1849,47.87,160,1454.0, 78.64,2026-05-21
KAMATHOTEL, EQ, 21-May-2026,164.16,165.36,170.0,164.47,166.0,167.22,166.66,40933,68.22,1103,19856.0, 48.51,2026-05-21
KAMDHENU, EQ, 21-May-2026,24.17,24.29,24.7,24.17,24.61,24.47,24.48,603307,147.68,2041,280210.0, 46.45,2026-05-21
KAMOPAINTS, EQ, 21-May-2026,5.27,5.2,5.41,5.2,5.22,5.26,5.29,206644,10.94,425,162874.0, 78.82,2026-05-21
KANANIIND, EQ, 21-May-2026,1.51,1.53,1.66,1.5,1.66,1.65,1.62,829806,13.44,573,559560.0, 67.43,2026-05-21
KANCHI, BE, 21-May-2026,370.65,370.0,386.45,363.0,382.95,382.95,382.3,728,2.78,32,, -,2026-05-21
KANDARP, SM, 21-May-2026,140.0,148.95,148.95,148.95,148.95,148.95,148.95,1000,1.49,1,1000.0, 100.00,2026-05-21
KANORICHEM, BE, 21-May-2026,91.0,94.7,94.7,90.0,90.0,90.1,92.01,3053,2.81,52,, -,2026-05-21
KANPRPLA, EQ, 21-May-2026,203.99,200.6,211.88,200.6,205.0,206.48,207.46,9498,19.7,303,5043.0, 53.10,2026-05-21
KANSAINER, EQ, 21-May-2026,214.61,216.0,220.95,215.42,219.85,217.97,218.14,350375,764.31,11146,211580.0, 60.39,2026-05-21
KAPSTON, EQ, 21-May-2026,328.15,329.9,329.95,327.1,328.8,327.6,328.02,5407,17.74,239,3877.0, 71.70,2026-05-21
KARMAENG, EQ, 21-May-2026,46.29,44.35,46.8,44.35,45.48,45.29,45.55,3622,1.65,98,2192.0, 60.52,2026-05-21
KARNIKA, SM, 21-May-2026,126.1,130.95,140.0,128.5,140.0,136.9,134.46,66000,88.75,38,58000.0, 87.88,2026-05-21
KARURVYSYA, EQ, 21-May-2026,286.55,288.0,292.1,286.6,288.5,288.1,288.94,1434427,4144.68,21074,658989.0, 45.94,2026-05-21
KATARIA, SM, 21-May-2026,100.8,100.8,101.2,100.2,100.2,100.2,100.72,3000,3.02,4,3000.0, 100.00,2026-05-21
KAUSHALYA, EQ, 21-May-2026,873.1,899.0,899.0,852.4,887.4,886.1,880.0,25,0.22,14,21.0, 84.00,2026-05-21
KAVDEFENCE, EQ, 21-May-2026,62.14,63.3,65.24,61.85,62.56,62.63,63.61,96381,61.31,953,41061.0, 42.60,2026-05-21
KAYA, EQ, 21-May-2026,248.4,249.0,256.95,243.2,252.0,248.35,248.82,18160,45.19,482,12842.0, 70.72,2026-05-21
KAYNES, EQ, 21-May-2026,3001.0,3048.0,3190.0,3030.4,3190.0,3174.9,3116.46,2230040,69498.21,116636,475462.0, 21.32,2026-05-21
KAYTEX, SM, 21-May-2026,69.1,68.5,71.65,68.1,68.1,68.1,69.79,6400,4.47,8,3200.0, 50.00,2026-05-21
KCEIL, ST, 21-May-2026,109.0,103.55,111.6,103.55,103.55,103.55,104.58,191000,199.74,178,187000.0, 97.91,2026-05-21
KCK, SM, 21-May-2026,14.15,14.6,14.8,12.8,13.2,13.2,13.53,315000,42.63,114,200000.0, 63.49,2026-05-21
KCP, EQ, 21-May-2026,158.65,162.12,162.52,157.9,158.68,159.68,159.23,164535,261.99,1593,98527.0, 59.88,2026-05-21
KCPSUGIND, EQ, 21-May-2026,24.18,24.67,24.67,24.21,24.47,24.34,24.41,57055,13.92,310,37502.0, 65.73,2026-05-21
KDDL, EQ, 21-May-2026,2614.2,2815.0,2952.8,2773.9,2890.0,2883.7,2870.99,833141,23919.38,63753,99719.0, 11.97,2026-05-21
KDL, SM, 21-May-2026,129.7,125.35,136.15,125.35,134.55,134.95,135.27,17100,23.13,75,13050.0, 76.32,2026-05-21
KEC, EQ, 21-May-2026,471.7,475.0,490.55,474.6,484.6,486.05,482.33,1895224,9141.27,37618,751447.0, 39.65,2026-05-21
KECL, BE, 21-May-2026,108.57,109.6,113.99,109.0,113.99,113.99,112.43,70689,79.48,473,, -,2026-05-21
KEEPLEARN, EQ, 21-May-2026,2.08,2.16,2.23,2.11,2.17,2.15,2.15,16348,0.35,63,11585.0, 70.86,2026-05-21
KEI, EQ, 21-May-2026,5119.8,5146.2,5295.0,5146.2,5220.0,5237.0,5231.3,550071,28775.87,44985,245702.0, 44.67,2026-05-21
KELLTONTEC, EQ, 21-May-2026,15.22,15.34,15.7,15.15,15.23,15.23,15.38,1933458,297.4,4712,884826.0, 45.76,2026-05-21
KEN, SM, 21-May-2026,34.0,34.0,34.3,31.65,34.3,33.4,33.31,8400,2.8,7,6000.0, 71.43,2026-05-21
KENNAMET, EQ, 21-May-2026,2794.1,2859.0,2918.9,2806.1,2840.0,2835.1,2848.01,9242,263.21,3402,5484.0, 59.34,2026-05-21
KERNEX, EQ, 21-May-2026,1353.2,1365.0,1407.9,1359.0,1365.9,1363.8,1376.81,95623,1316.55,6243,34829.0, 36.42,2026-05-21
KESORAMIND, BE, 21-May-2026,11.84,12.0,12.43,11.84,12.43,12.43,12.31,1154801,142.11,1481,, -,2026-05-21
KEYFINSERV, EQ, 21-May-2026,267.35,282.0,282.0,266.05,278.8,273.9,275.16,1327,3.65,46,1015.0, 76.49,2026-05-21
KFINTECH, EQ, 21-May-2026,828.05,835.0,842.0,811.25,831.85,831.5,827.45,1463545,12110.09,33712,616091.0, 42.10,2026-05-21
KHADIM, EQ, 21-May-2026,107.37,107.37,109.23,104.2,105.85,105.46,106.66,63707,67.95,1152,36762.0, 57.70,2026-05-21
KHAICHEM, BE, 21-May-2026,56.0,56.1,56.8,55.25,56.28,56.03,55.96,30444,17.04,166,, -,2026-05-21
KHAITANLTD, BE, 21-May-2026,133.88,133.88,136.25,130.81,136.0,130.84,133.1,1295,1.72,40,, -,2026-05-21
KHANDSE, EQ, 21-May-2026,16.91,17.0,17.59,17.0,17.55,17.55,17.5,1794,0.31,19,1459.0, 81.33,2026-05-21
KHFM, SM, 21-May-2026,62.8,61.7,62.75,61.7,62.75,62.75,62.23,3100,1.93,2,3100.0, 100.00,2026-05-21
KICL, EQ, 21-May-2026,5066.6,5097.9,5099.9,4956.1,5011.0,4980.3,5013.41,1244,62.37,318,774.0, 62.22,2026-05-21
KILITCH, EQ, 21-May-2026,183.8,184.2,188.8,179.83,183.5,183.06,184.64,177267,327.3,3007,66261.0, 37.38,2026-05-21
KIMS, EQ, 21-May-2026,755.8,756.0,771.0,747.5,769.85,769.15,764.52,229698,1756.09,17424,98231.0, 42.77,2026-05-21
KINGFA, EQ, 21-May-2026,5231.9,5289.8,5314.8,5131.0,5146.4,5172.2,5213.89,2818,146.93,849,1780.0, 63.17,2026-05-21
KIOCL, EQ, 21-May-2026,376.6,380.0,390.2,378.5,382.0,381.65,383.8,106595,409.11,4786,34749.0, 32.60,2026-05-21
KIRANVYPAR, EQ, 21-May-2026,186.7,183.0,184.9,177.06,177.45,177.84,181.19,3622,6.56,169,3302.0, 91.17,2026-05-21
KIRIINDUS, EQ, 21-May-2026,393.35,398.0,401.55,393.85,397.0,396.35,396.53,173402,687.6,3159,116635.0, 67.26,2026-05-21
KIRLFER, EQ, 21-May-2026,422.5,425.0,440.0,423.1,434.4,436.2,436.64,67946,296.68,4573,47767.0, 70.30,2026-05-21
KIRLOSBROS, EQ, 21-May-2026,1605.8,1610.7,1658.4,1610.7,1622.0,1622.2,1635.18,38209,624.79,6549,15829.0, 41.43,2026-05-21
KIRLOSENG, EQ, 21-May-2026,1663.1,1682.9,1698.9,1653.8,1671.9,1674.7,1673.69,174854,2926.51,12030,97881.0, 55.98,2026-05-21
KIRLOSIND, EQ, 21-May-2026,3175.9,3185.0,3220.0,3128.2,3159.0,3163.8,3178.36,11860,376.95,2357,4581.0, 38.63,2026-05-21
KIRLPNU, EQ, 21-May-2026,1618.2,1644.5,1661.3,1590.0,1604.0,1611.8,1623.16,135986,2207.26,14806,65179.0, 47.93,2026-05-21
KISSHT, EQ, 21-May-2026,247.41,249.0,259.5,241.12,245.02,244.52,249.7,5785648,14447.05,54102,1376549.0, 23.79,2026-05-21
KITEX, EQ, 21-May-2026,156.42,157.58,158.75,156.0,156.0,157.14,157.47,256633,404.12,2688,126511.0, 49.30,2026-05-21
KKCL, EQ, 21-May-2026,439.8,447.6,448.85,437.0,439.0,439.75,440.67,14774,65.1,573,10497.0, 71.05,2026-05-21
KKJEWELS, SM, 21-May-2026,96.0,98.3,98.3,93.5,93.5,94.25,95.32,6000,5.72,6,3000.0, 50.00,2026-05-21
KLBRENG-B, EQ, 21-May-2026,479.5,487.75,487.75,472.0,476.65,474.7,479.41,22384,107.31,1046,15577.0, 69.59,2026-05-21
KLL, SM, 21-May-2026,38.0,38.05,38.95,34.0,36.0,35.7,36.54,19200,7.01,22,14400.0, 75.00,2026-05-21
KMEW, EQ, 21-May-2026,2070.9,2104.2,2175.0,2066.5,2163.0,2161.4,2129.13,134073,2854.58,16519,50746.0, 37.85,2026-05-21
KMSUGAR, EQ, 21-May-2026,27.83,27.83,28.32,27.66,28.0,27.84,27.88,47741,13.31,464,30980.0, 64.89,2026-05-21
KNAGRI, EQ, 21-May-2026,198.48,200.0,201.99,194.01,198.0,195.9,198.54,7540,14.97,560,3646.0, 48.36,2026-05-21
KNRCON, EQ, 21-May-2026,128.17,128.24,136.5,128.24,133.0,132.72,132.85,6496064,8629.85,39345,3711231.0, 57.13,2026-05-21
KODYTECH, ST, 21-May-2026,878.0,898.0,898.0,866.1,897.0,889.25,884.26,5400,47.75,23,5400.0, 100.00,2026-05-21
KOHINOOR, EQ, 21-May-2026,24.9,24.9,25.33,24.9,25.19,25.13,25.08,14191,3.56,172,8081.0, 56.94,2026-05-21
KOKUYOCMLN, EQ, 21-May-2026,86.16,85.73,87.49,85.65,86.4,86.33,86.55,20209,17.49,427,12221.0, 60.47,2026-05-21
KOLTEPATIL, EQ, 21-May-2026,388.05,389.9,397.0,387.1,393.5,393.85,391.69,46555,182.35,1926,25443.0, 54.65,2026-05-21
KONSTELEC, ST, 21-May-2026,35.5,33.75,37.25,33.75,37.25,37.25,36.38,4000,1.46,4,3000.0, 75.00,2026-05-21
KONTOR, SM, 21-May-2026,72.25,70.55,70.55,70.55,70.55,70.55,70.55,600,0.42,1,600.0, 100.00,2026-05-21
KOPRAN, EQ, 21-May-2026,167.17,169.0,175.49,166.1,166.36,167.25,170.81,672996,1149.57,7772,264800.0, 39.35,2026-05-21
KORE, SM, 21-May-2026,122.65,116.55,116.55,116.55,116.55,116.55,116.55,2500,2.91,7,2500.0, 100.00,2026-05-21
KOTAKBANK, EQ, 21-May-2026,383.2,384.7,386.45,377.9,381.5,380.85,381.6,10133840,38670.93,131415,5761299.0, 56.85,2026-05-21
KOTARISUG, EQ, 21-May-2026,25.08,25.3,25.59,25.0,25.28,25.23,25.23,26003,6.56,272,21769.0, 83.72,2026-05-21
KOTHARIPET, EQ, 21-May-2026,126.66,127.09,130.88,124.0,125.18,124.78,126.57,65118,82.42,1246,39265.0, 60.30,2026-05-21
KOTHARIPRO, EQ, 21-May-2026,73.15,73.99,74.0,72.36,73.99,73.6,73.55,8324,6.12,92,7259.0, 87.21,2026-05-21
KOTIC, EQ, 21-May-2026,169.12,169.12,169.12,163.0,167.65,166.77,165.9,3098,5.14,187,2065.0, 66.66,2026-05-21
KOTYARK, EQ, 21-May-2026,456.1,462.9,464.0,439.55,464.0,460.1,456.93,147771,675.2,1975,111320.0, 75.33,2026-05-21
KOVAI, EQ, 21-May-2026,5339.0,5389.0,5480.0,5351.0,5392.0,5398.0,5390.49,5805,312.92,1306,4779.0, 82.33,2026-05-21
KPEL, EQ, 21-May-2026,356.25,359.0,363.0,353.4,355.0,356.1,357.39,199769,713.96,4904,97636.0, 48.87,2026-05-21
KPIGREEN, EQ, 21-May-2026,433.7,440.75,446.9,428.05,430.1,430.45,435.3,589291,2565.19,15045,240407.0, 40.80,2026-05-21
KPIL, EQ, 21-May-2026,1243.4,1254.7,1283.9,1237.0,1278.3,1276.8,1257.43,222560,2798.53,21571,119087.0, 53.51,2026-05-21
KPITTECH, EQ, 21-May-2026,750.8,755.6,756.95,742.5,749.0,750.9,751.02,2354499,17682.77,33248,1402229.0, 59.56,2026-05-21
KPL, EQ, 21-May-2026,2055.9,2097.0,2150.0,2036.1,2093.0,2087.0,2095.08,57856,1212.13,5569,26834.0, 46.38,2026-05-21
KPRMILL, EQ, 21-May-2026,958.55,958.7,975.95,946.15,948.0,951.7,964.43,179112,1727.41,15690,56462.0, 31.52,2026-05-21
KRBL, EQ, 21-May-2026,329.95,335.0,339.0,331.95,335.5,337.8,335.16,301592,1010.82,7002,163133.0, 54.09,2026-05-21
KREBSBIO, EQ, 21-May-2026,55.16,56.39,57.0,54.32,56.0,56.07,55.43,1781,0.99,45,1608.0, 90.29,2026-05-21
KRIDHANINF, EQ, 21-May-2026,3.05,3.01,3.2,3.01,3.19,3.18,3.16,126670,4.0,138,100123.0, 79.04,2026-05-21
KRISHANA, EQ, 21-May-2026,684.35,692.0,704.0,676.05,702.85,702.5,695.75,618608,4303.95,12315,325158.0, 52.56,2026-05-21
KRISHCA, SM, 21-May-2026,187.0,183.15,190.9,183.15,190.0,190.0,188.98,6000,11.34,10,4500.0, 75.00,2026-05-21
KRISHIVAL, EQ, 21-May-2026,377.75,376.75,378.05,374.0,374.45,375.45,376.32,3567,13.42,124,3008.0, 84.33,2026-05-21
KRISHNADEF, EQ, 21-May-2026,1188.0,1249.0,1299.0,1130.0,1155.0,1159.0,1214.15,510673,6200.33,31426,153470.0, 30.05,2026-05-21
KRISHPP, E1, 21-May-2026,115.0,115.0,115.0,115.0,115.0,115.0,115.0,199,0.23,2,199.0, 100.00,2026-05-21
KRITI, BE, 21-May-2026,70.19,70.9,72.0,70.0,70.81,70.77,71.31,7841,5.59,81,, -,2026-05-21
KRITIKA, EQ, 21-May-2026,5.87,5.88,6.0,5.84,5.97,5.91,5.93,121438,7.2,551,90134.0, 74.22,2026-05-21
KRITINUT, BE, 21-May-2026,84.06,84.45,88.26,83.0,86.7,88.08,86.5,21251,18.38,170,, -,2026-05-21
KRMAYURVED, ST, 21-May-2026,241.35,241.5,241.5,235.05,236.05,238.2,237.38,16000,37.98,16,15000.0, 93.75,2026-05-21
KRN, BE, 21-May-2026,1045.8,1055.0,1098.0,1030.0,1098.0,1098.0,1062.99,173876,1848.29,5682,, -,2026-05-21
KRONOX, EQ, 21-May-2026,132.14,133.93,136.0,128.65,136.0,134.25,132.65,31505,41.79,1235,17628.0, 55.95,2026-05-21
KROSS, EQ, 21-May-2026,191.0,193.99,197.95,190.25,190.25,191.55,193.95,349620,678.1,4738,120297.0, 34.41,2026-05-21
KRSNAA, EQ, 21-May-2026,562.8,562.8,569.95,560.0,563.0,561.9,563.71,32981,185.92,2294,19015.0, 57.65,2026-05-21
KRT, RR, 21-May-2026,117.39,117.6,117.92,116.26,116.52,116.65,116.97,267075,312.39,5299,165706.0, 62.04,2026-05-21
KRYSTAL, EQ, 21-May-2026,581.4,580.25,589.9,575.5,579.55,578.75,580.58,8411,48.83,658,3853.0, 45.81,2026-05-21
KSB, EQ, 21-May-2026,827.8,828.2,847.9,813.15,818.0,819.35,826.0,220960,1825.14,19324,113414.0, 51.33,2026-05-21
KSCL, EQ, 21-May-2026,949.15,950.0,950.0,910.0,913.0,916.3,924.2,168157,1554.1,9549,78155.0, 46.48,2026-05-21
KSHINTL, EQ, 21-May-2026,653.9,665.0,697.8,651.2,694.95,694.0,683.44,601710,4112.34,21420,203428.0, 33.81,2026-05-21
KSHITIJPOL, BE, 21-May-2026,3.86,3.67,3.97,3.67,3.89,3.79,3.81,547034,20.86,443,, -,2026-05-21
KSL, EQ, 21-May-2026,818.2,821.55,835.0,810.2,811.55,812.15,816.98,21930,179.16,2010,9725.0, 44.35,2026-05-21
KSOLVES, EQ, 21-May-2026,278.15,278.6,281.9,278.0,278.55,279.45,279.28,17296,48.31,993,10834.0, 62.64,2026-05-21
KSR, BE, 21-May-2026,36.57,36.5,36.54,35.35,35.71,35.75,36.17,6710,2.43,29,, -,2026-05-21
KTKBANK, EQ, 21-May-2026,263.8,267.0,273.75,262.2,270.65,270.85,269.67,4554046,12280.96,36427,1663614.0, 36.53,2026-05-21
KUANTUM, EQ, 21-May-2026,77.0,78.0,80.36,77.98,78.5,78.8,79.29,62305,49.4,1066,38371.0, 61.59,2026-05-21
KWIL, EQ, 21-May-2026,26.35,26.15,26.48,25.5,25.71,25.57,25.84,9944511,2569.9,23448,5305042.0, 53.35,2026-05-21
LAGNAM, EQ, 21-May-2026,79.57,80.34,82.0,80.34,81.99,81.45,81.59,12141,9.91,182,11073.0, 91.20,2026-05-21
LAHOTIOV, EQ, 21-May-2026,42.45,43.59,44.7,42.1,44.0,43.79,43.01,13327,5.73,153,7156.0, 53.70,2026-05-21
LAKPRE, BZ, 21-May-2026,6.21,6.4,6.4,5.9,6.2,6.2,6.19,953,0.06,19,, -,2026-05-21
LAKSHYA, ST, 21-May-2026,133.0,135.0,135.0,135.0,135.0,135.0,135.0,1600,2.16,2,1600.0, 100.00,2026-05-21
LAL, EQ, 21-May-2026,7.02,6.85,7.15,6.85,6.94,6.95,7.01,12302,0.86,100,10266.0, 83.45,2026-05-21
LALPATHLAB, EQ, 21-May-2026,1668.6,1668.8,1717.1,1668.8,1674.0,1680.8,1689.52,177452,2998.09,25239,80491.0, 45.36,2026-05-21
LAMBODHARA, EQ, 21-May-2026,101.32,104.8,104.8,101.62,103.0,103.0,102.92,4386,4.51,98,2900.0, 66.12,2026-05-21
LAMOSAIC, SM, 21-May-2026,27.3,27.45,27.45,26.1,26.1,26.1,26.64,5400,1.44,8,4800.0, 88.89,2026-05-21
LANCORHOL, EQ, 21-May-2026,24.42,25.41,25.41,24.2,24.25,24.38,24.31,8881,2.16,72,8279.0, 93.22,2026-05-21
LANDMARK, EQ, 21-May-2026,361.25,363.1,364.75,353.1,355.0,358.3,358.47,61801,221.54,2360,30167.0, 48.81,2026-05-21
LANDSMILL, EQ, 21-May-2026,0.9,0.93,1.06,0.91,0.99,1.0,0.99,11789721,116.91,1902,5158596.0, 43.76,2026-05-21
LAOPALA, EQ, 21-May-2026,168.33,173.0,173.0,167.8,168.77,168.96,168.89,55224,93.27,2150,31664.0, 57.34,2026-05-21
LASA, EQ, 21-May-2026,8.17,8.49,8.49,7.93,8.2,8.1,8.1,9615,0.78,54,7342.0, 76.36,2026-05-21
LATENTVIEW, EQ, 21-May-2026,317.95,322.3,330.15,316.25,320.9,321.25,323.94,873338,2829.07,20067,217165.0, 24.87,2026-05-21
LATTEYS, BE, 21-May-2026,23.71,24.7,24.7,23.1,24.14,23.7,24.1,31359,7.56,220,, -,2026-05-21
LAURUSLABS, EQ, 21-May-2026,1361.1,1373.9,1373.9,1342.2,1348.0,1351.0,1352.73,2056966,27825.23,52699,1188546.0, 57.78,2026-05-21
LAXMICOT, BE, 21-May-2026,14.37,14.99,14.99,14.13,14.51,14.57,14.71,4203,0.62,26,, -,2026-05-21
LAXMIDENTL, EQ, 21-May-2026,203.03,203.9,215.0,200.33,209.5,207.74,208.82,271266,566.45,3969,97546.0, 35.96,2026-05-21
LAXMIINDIA, BE, 21-May-2026,116.77,115.0,122.6,115.0,118.0,117.99,120.76,122274,147.65,484,, -,2026-05-21
LCCINFOTEC, BE, 21-May-2026,4.5,4.41,4.71,4.31,4.7,4.7,4.43,6807,0.3,15,, -,2026-05-21
LEMERITE, EQ, 21-May-2026,416.95,429.0,430.0,333.6,333.6,341.2,378.02,506290,1913.86,9206,311493.0, 61.52,2026-05-21
LEMONTREE, EQ, 21-May-2026,111.14,112.01,113.5,111.36,112.0,112.03,112.23,1485401,1667.06,24204,650539.0, 43.80,2026-05-21
LENSKART, EQ, 21-May-2026,486.85,513.0,517.0,490.0,498.0,498.5,499.55,43786428,218736.4,384913,21600139.0, 49.33,2026-05-21
LEXUS, EQ, 21-May-2026,18.39,18.75,19.19,18.5,19.0,18.7,18.7,27217,5.09,79,23317.0, 85.67,2026-05-21
LFIC, EQ, 21-May-2026,137.48,143.49,143.49,137.5,137.5,137.5,138.56,8,0.01,3,6.0, 75.00,2026-05-21
LGBBROSLTD, EQ, 21-May-2026,1545.2,1560.5,1578.7,1545.0,1550.0,1552.6,1559.57,32564,507.86,2097,22462.0, 68.98,2026-05-21
LGEINDIA, EQ, 21-May-2026,1523.9,1537.9,1544.7,1523.5,1527.3,1530.2,1534.67,287987,4419.65,25868,121467.0, 42.18,2026-05-21
LGHL, EQ, 21-May-2026,231.25,234.9,234.9,227.7,227.75,229.75,230.4,3994,9.2,379,1795.0, 44.94,2026-05-21
LIBAS, EQ, 21-May-2026,12.46,12.4,12.6,12.25,12.47,12.44,12.45,31526,3.92,104,18875.0, 59.87,2026-05-21
LIBERTSHOE, EQ, 21-May-2026,237.75,238.25,246.9,238.25,242.0,242.0,242.43,17132,41.53,723,8648.0, 50.48,2026-05-21
LICHSGFIN, EQ, 21-May-2026,546.8,549.5,552.75,535.3,537.05,537.95,541.73,929145,5033.44,16595,403621.0, 43.44,2026-05-21
LICI, EQ, 21-May-2026,800.55,808.0,812.0,798.9,804.0,800.2,803.92,4073575,32748.3,50839,2442317.0, 59.96,2026-05-21
LICMFGOLD, EQ, 21-May-2026,141.45,141.45,142.6,141.45,141.8,142.15,141.99,43075,61.16,505,25083.0, 58.23,2026-05-21
LICNETFGSC, EQ, 21-May-2026,28.36,28.95,28.95,28.4,28.57,28.56,28.52,57275,16.33,97,49272.0, 86.03,2026-05-21
LICNETFN50, EQ, 21-May-2026,263.79,257.19,265.48,257.19,263.49,263.49,264.26,242,0.64,26,241.0, 99.59,2026-05-21
LICNETFSEN, EQ, 21-May-2026,844.91,845.0,846.19,840.87,841.15,841.9,843.01,45,0.38,8,21.0, 46.67,2026-05-21
LICNFNHGP, EQ, 21-May-2026,268.68,269.87,270.0,267.28,269.03,269.03,269.55,260,0.7,13,246.0, 94.62,2026-05-21
LICNMID100, EQ, 21-May-2026,61.44,61.44,62.29,61.44,61.76,61.67,61.94,6814,4.22,105,4754.0, 69.77,2026-05-21
LIKHITHA, BE, 21-May-2026,198.13,199.5,201.8,192.2,198.96,198.01,197.33,19046,37.58,339,, -,2026-05-21
LINC, EQ, 21-May-2026,97.97,96.1,100.4,95.21,99.9,99.66,99.21,46230,45.86,451,32024.0, 69.27,2026-05-21
LINCOLN, EQ, 21-May-2026,705.2,710.8,735.0,700.1,734.85,732.15,722.63,134718,973.51,6112,69473.0, 51.57,2026-05-21
LINDEINDIA, EQ, 21-May-2026,7256.5,7302.0,7485.0,7252.5,7300.0,7276.5,7354.72,29517,2170.89,5706,14325.0, 48.53,2026-05-21
LIQGRWBEES, EQ, 21-May-2026,1040.05,1040.18,1040.2,1040.18,1040.2,1040.19,1040.19,22343,232.41,121,14359.0, 64.27,2026-05-21
LIQUID, EQ, 21-May-2026,999.99,999.99,1000.0,999.99,1000.0,999.99,999.99,79733,797.32,147,47679.0, 59.80,2026-05-21
LIQUID1, EQ, 21-May-2026,1105.01,1105.19,1105.19,1105.01,1105.17,1105.16,1105.16,646438,7144.2,585,381132.0, 58.96,2026-05-21
LIQUIDADD, EQ, 21-May-2026,1127.19,1127.33,1127.35,1127.33,1127.35,1127.34,1127.34,296853,3346.54,6784,203853.0, 68.67,2026-05-21
LIQUIDBEES, EQ, 21-May-2026,999.99,999.99,1000.01,999.99,1000.01,1000.0,1000.0,1745942,17459.42,3659,1011063.0, 57.91,2026-05-21
LIQUIDBETF, EQ, 21-May-2026,1082.22,1082.35,1082.37,1082.35,1082.36,1082.36,1082.36,570636,6176.34,209,300117.0, 52.59,2026-05-21
LIQUIDCASE, EQ, 21-May-2026,114.14,114.16,114.16,114.14,114.16,114.15,114.15,14418924,16459.51,8028,10932000.0, 75.82,2026-05-21
LIQUIDETF, EQ, 21-May-2026,1000.0,1000.0,1000.01,999.99,1000.0,999.99,1000.0,110004,1100.04,170,37876.0, 34.43,2026-05-21
LIQUIDIETF, EQ, 21-May-2026,999.99,1000.01,1000.01,999.99,1000.0,999.99,1000.0,650289,6502.89,433,473268.0, 72.78,2026-05-21
LIQUIDPLUS, EQ, 21-May-2026,1086.05,1086.18,1086.2,1086.18,1086.2,1086.19,1086.19,208644,2266.27,235,125668.0, 60.23,2026-05-21
LIQUIDSBI, EQ, 21-May-2026,1000.0,1000.0,1000.01,999.99,999.99,1000.0,999.99,27053,270.53,35,25262.0, 93.38,2026-05-21
LIQUIDSHRI, EQ, 21-May-2026,1105.0,1105.14,1105.16,1105.14,1105.14,1105.14,1105.14,3500,38.68,18,3251.0, 92.89,2026-05-21
LLOYDSENGG, EQ, 21-May-2026,67.8,68.91,69.72,67.51,67.91,67.81,68.37,5681839,3884.62,28809,1810647.0, 31.87,2026-05-21
LLOYDSENT, EQ, 21-May-2026,69.6,70.0,70.99,68.42,68.53,68.7,69.63,1851482,1289.27,7922,864659.0, 46.70,2026-05-21
LLOYDSME, EQ, 21-May-2026,1654.9,1651.1,1721.0,1651.0,1717.0,1714.1,1687.51,567204,9571.61,27261,299273.0, 52.76,2026-05-21
LMW, EQ, 21-May-2026,14395.0,14888.0,15208.0,14101.0,14125.0,14212.0,14436.74,8985,1297.14,2535,4568.0, 50.84,2026-05-21
LODHA, EQ, 21-May-2026,880.0,882.65,903.35,878.65,883.0,883.75,888.54,1339789,11904.52,33322,510136.0, 38.08,2026-05-21
LOKESHMACH, BE, 21-May-2026,244.0,249.0,256.2,245.77,256.2,255.95,253.28,22494,56.97,227,, -,2026-05-21
LORDSCHLO, EQ, 21-May-2026,137.07,134.38,142.69,132.0,133.87,134.25,136.27,21425,29.19,653,14460.0, 67.49,2026-05-21
LOTUSDEV, EQ, 21-May-2026,137.06,139.09,142.25,137.98,141.0,141.18,140.25,360512,505.62,3052,143338.0, 39.76,2026-05-21
LOTUSEYE, EQ, 21-May-2026,109.22,107.15,109.89,106.3,107.7,107.83,107.61,2876,3.09,117,1716.0, 59.67,2026-05-21
LOVABLE, EQ, 21-May-2026,71.67,73.9,73.95,70.15,72.0,71.0,72.25,11521,8.32,279,5594.0, 48.55,2026-05-21
LOWVOL, EQ, 21-May-2026,200.63,200.71,201.46,200.59,200.68,200.68,200.86,791,1.59,12,508.0, 64.22,2026-05-21
LOWVOL1, EQ, 21-May-2026,20.42,20.42,20.88,20.4,20.86,20.59,20.5,451147,92.48,240,356251.0, 78.97,2026-05-21
LOWVOLIETF, EQ, 21-May-2026,21.46,21.89,21.89,21.45,21.5,21.46,21.5,222616,47.87,772,144267.0, 64.81,2026-05-21
LPDC, EQ, 21-May-2026,6.99,7.33,7.33,6.95,7.13,7.21,7.14,34486,2.46,113,27166.0, 78.77,2026-05-21
LRRPL, SM, 21-May-2026,91.5,95.55,96.05,89.05,95.5,95.5,95.35,42000,40.05,27,36000.0, 85.71,2026-05-21
LT, EQ, 21-May-2026,3910.7,3970.0,3970.0,3912.7,3931.0,3928.5,3936.41,1624945,63964.55,95809,562577.0, 34.62,2026-05-21
LTF, EQ, 21-May-2026,275.65,279.05,281.2,268.1,269.1,269.85,271.58,6141512,16679.38,47325,2625076.0, 42.74,2026-05-21
LTFOODS, EQ, 21-May-2026,403.9,407.0,409.0,399.7,401.0,402.3,403.85,160188,646.91,7531,64160.0, 40.05,2026-05-21
LTGILTBEES, EQ, 21-May-2026,29.02,29.15,29.15,28.99,29.04,29.03,29.03,1407767,408.65,673,1248875.0, 88.71,2026-05-21
LTGILTCASE, EQ, 21-May-2026,29.59,29.11,29.9,29.11,29.58,29.6,29.59,43183,12.78,136,28458.0, 65.90,2026-05-21
LTM, EQ, 21-May-2026,4143.0,4177.9,4177.9,4100.2,4134.9,4129.7,4127.15,193777,7997.46,19457,70889.0, 36.58,2026-05-21
LTTS, EQ, 21-May-2026,3580.6,3601.0,3647.8,3551.0,3598.2,3587.3,3586.98,53667,1925.02,8015,23063.0, 42.97,2026-05-21
LUMAXIND, EQ, 21-May-2026,5364.0,5449.0,5719.5,5380.0,5688.0,5660.5,5563.17,37085,2063.1,6934,18100.0, 48.81,2026-05-21
LUMAXTECH, EQ, 21-May-2026,1649.8,1672.7,1672.7,1613.1,1642.0,1629.6,1632.45,85426,1394.53,9709,34875.0, 40.82,2026-05-21
LUPIN, EQ, 21-May-2026,2285.5,2297.1,2304.3,2269.6,2285.0,2284.5,2286.01,1224058,27982.14,46369,688552.0, 56.25,2026-05-21
LUXIND, EQ, 21-May-2026,1361.1,1370.0,1399.0,1323.3,1337.0,1341.6,1370.03,39717,544.13,2711,19513.0, 49.13,2026-05-21
LXCHEM, EQ, 21-May-2026,158.48,161.95,163.0,158.0,158.4,158.9,160.12,751922,1203.94,7963,318319.0, 42.33,2026-05-21
LYKALABS, EQ, 21-May-2026,60.67,61.67,61.91,60.26,61.91,61.27,60.95,4052,2.47,173,3234.0, 79.81,2026-05-21
LYPSAGEMS, EQ, 21-May-2026,4.98,4.9,5.07,4.9,5.0,4.96,4.97,6972,0.35,197,4378.0, 62.79,2026-05-21
M&M, EQ, 21-May-2026,3122.2,3147.0,3157.7,3079.8,3099.0,3099.0,3106.24,1877207,58310.61,97804,622188.0, 33.14,2026-05-21
M&MFIN, EQ, 21-May-2026,309.0,312.0,312.0,301.0,302.45,301.95,305.49,2143055,6546.79,33854,1113193.0, 51.94,2026-05-21
M&MFIN, N3, 21-May-2026,2341.4,2307.0,2340.0,2301.01,2302.3,2308.08,2312.92,561,12.98,19,551.0, 98.22,2026-05-21
MAANALU, EQ, 21-May-2026,139.65,142.27,143.13,139.94,142.83,140.84,141.36,37315,52.75,936,19655.0, 52.67,2026-05-21
MACOBSTECH, SM, 21-May-2026,228.0,227.0,240.0,226.3,239.0,239.0,238.11,167200,398.12,24,152000.0, 90.91,2026-05-21
MACPOWER, EQ, 21-May-2026,1160.6,1192.0,1192.0,1142.1,1168.0,1159.3,1163.09,9317,108.37,961,5954.0, 63.90,2026-05-21
MADHAV, EQ, 21-May-2026,36.31,35.5,36.95,35.4,36.35,36.35,36.39,4633,1.69,33,4210.0, 90.87,2026-05-21
MADHAVBAUG, SM, 21-May-2026,190.0,195.0,195.0,190.05,193.6,193.4,192.07,14400,27.66,31,10800.0, 75.00,2026-05-21
MADHAVIPL, EQ, 21-May-2026,8.37,8.37,8.64,8.37,8.4,8.44,8.48,51497,4.37,286,31359.0, 60.89,2026-05-21
MADHUCON, EQ, 21-May-2026,6.02,6.06,6.06,5.72,5.72,5.72,5.76,35689,2.06,198,33119.0, 92.80,2026-05-21
MADHUSUDAN, SM, 21-May-2026,167.95,168.0,170.95,164.1,164.1,164.1,168.46,4000,6.74,4,4000.0, 100.00,2026-05-21
MADRASFERT, EQ, 21-May-2026,66.25,67.0,68.2,66.38,67.0,66.8,67.21,73754,49.57,936,34663.0, 47.00,2026-05-21
MAFANG, EQ, 21-May-2026,193.95,192.61,192.61,192.61,192.61,192.61,192.61,91855,176.92,573,91855.0, 100.00,2026-05-21
MAFATIND, EQ, 21-May-2026,127.09,128.01,130.0,126.16,127.85,127.38,129.23,18222,23.55,513,11925.0, 65.44,2026-05-21
MAGADSUGAR, EQ, 21-May-2026,479.75,482.15,482.8,466.85,478.5,473.55,477.19,6814,32.52,579,3042.0, 44.64,2026-05-21
MAGNUM, EQ, 21-May-2026,20.56,20.75,21.49,20.1,20.27,20.31,20.81,11535,2.4,82,7786.0, 67.50,2026-05-21
MAGSON, ST, 21-May-2026,179.0,187.0,187.0,182.0,185.0,184.5,184.67,6000,11.08,6,6000.0, 100.00,2026-05-21
MAHABANK, EQ, 21-May-2026,78.75,79.9,80.34,79.35,79.68,79.76,79.77,11883310,9478.79,40034,5178975.0, 43.58,2026-05-21
MAHAPEXLTD, EQ, 21-May-2026,48.1,48.0,48.29,47.0,47.9,47.53,47.51,20814,9.89,291,15624.0, 75.06,2026-05-21
MAHASTEEL, BE, 21-May-2026,779.1,773.5,814.95,762.05,810.95,808.65,794.33,7885,62.63,159,, -,2026-05-21
MAHEPC, EQ, 21-May-2026,119.14,121.0,121.0,118.07,118.51,119.14,119.27,13434,16.02,400,5798.0, 43.16,2026-05-21
MAHESHWARI, EQ, 21-May-2026,55.79,55.0,55.95,54.28,54.58,55.03,55.26,1378,0.76,70,735.0, 53.34,2026-05-21
MAHICKRA, ST, 21-May-2026,245.0,245.0,245.0,232.9,232.9,232.9,234.87,6750,15.85,9,6750.0, 100.00,2026-05-21
MAHKTECH, EQ, 21-May-2026,23.97,24.07,24.07,24.07,24.07,24.07,24.07,145125,34.93,260,145125.0, 100.00,2026-05-21
MAHLIFE, EQ, 21-May-2026,326.7,330.85,334.95,328.65,334.9,333.6,332.37,91755,304.96,4466,48425.0, 52.78,2026-05-21
MAHLOG, EQ, 21-May-2026,354.5,356.45,359.5,347.0,359.5,355.85,354.75,183722,651.75,6184,74818.0, 40.72,2026-05-21
MAHSCOOTER, EQ, 21-May-2026,11510.0,11650.0,11891.0,11513.0,11743.0,11652.0,11704.25,5477,641.04,2078,2086.0, 38.09,2026-05-21
MAHSEAMLES, EQ, 21-May-2026,640.7,642.0,653.9,636.1,637.25,638.8,645.01,69647,449.23,5921,36738.0, 52.75,2026-05-21
MAITHANALL, EQ, 21-May-2026,961.65,965.0,974.95,948.5,954.0,952.5,956.12,39002,372.9,2588,24251.0, 62.18,2026-05-21
MAITREYA, SM, 21-May-2026,174.5,174.95,174.95,172.0,172.0,172.0,173.48,800,1.39,2,400.0, 50.00,2026-05-21
MAJESAUT, EQ, 21-May-2026,304.3,312.0,321.0,310.0,319.95,319.35,317.14,3975,12.61,180,3087.0, 77.66,2026-05-21
MAKEINDIA, EQ, 21-May-2026,159.51,160.66,160.78,159.78,159.79,159.92,160.4,11498,18.44,265,8315.0, 72.32,2026-05-21
MAL, SM, 21-May-2026,37.2,39.05,39.05,39.05,39.05,39.05,39.05,1600,0.62,1,1600.0, 100.00,2026-05-21
MALLCOM, EQ, 21-May-2026,1032.7,1034.0,1035.0,1011.0,1011.0,1023.8,1026.64,1278,13.12,290,785.0, 61.42,2026-05-21
MALUPAPER, EQ, 21-May-2026,32.12,32.7,33.2,31.9,32.15,32.03,32.19,6808,2.19,80,4272.0, 62.75,2026-05-21
MAMATA, EQ, 21-May-2026,400.8,406.0,410.65,401.55,402.0,405.55,406.27,31253,126.97,1962,15079.0, 48.25,2026-05-21
MANAKALUCO, EQ, 21-May-2026,33.25,34.45,34.45,33.23,33.93,33.9,33.89,49839,16.89,542,28853.0, 57.89,2026-05-21
MANAKCOAT, EQ, 21-May-2026,99.57,99.6,101.84,98.78,99.2,100.06,100.37,174391,175.04,1764,114601.0, 65.71,2026-05-21
MANAKSIA, EQ, 21-May-2026,59.2,59.4,60.89,58.2,58.5,58.54,58.99,10319,6.09,179,8321.0, 80.64,2026-05-21
MANAKSTEEL, BE, 21-May-2026,64.07,64.98,66.5,62.66,66.29,66.22,65.35,15698,10.26,119,, -,2026-05-21
MANALIPETC, EQ, 21-May-2026,56.38,58.0,58.0,55.0,55.65,55.52,56.14,228457,128.26,1759,140589.0, 61.54,2026-05-21
MANAPPURAM, EQ, 21-May-2026,319.15,322.8,324.45,318.05,323.5,322.4,321.53,7531083,24214.58,43960,4354451.0, 57.82,2026-05-21
MANBA, EQ, 21-May-2026,106.51,108.1,108.53,105.25,106.45,106.39,106.76,33591,35.86,421,6636.0, 19.76,2026-05-21
MANCREDIT, EQ, 21-May-2026,169.57,171.0,171.3,167.1,167.23,168.05,168.06,53451,89.83,245,35764.0, 66.91,2026-05-21
MANGALAM, BE, 21-May-2026,30.76,31.49,31.49,29.5,30.5,30.51,30.33,35619,10.8,128,, -,2026-05-21
MANGLMCEM, EQ, 21-May-2026,798.7,803.5,851.0,789.8,846.0,836.55,831.31,412044,3425.35,7199,319643.0, 77.57,2026-05-21
MANILAM, SM, 21-May-2026,62.0,61.75,62.9,61.75,62.9,62.1,62.11,8000,4.97,4,8000.0, 100.00,2026-05-21
MANINDS, EQ, 21-May-2026,592.55,600.0,606.4,533.3,564.0,562.35,561.85,3251897,18270.75,48804,940113.0, 28.91,2026-05-21
MANINFRA, EQ, 21-May-2026,119.82,120.58,124.0,117.56,118.0,118.19,119.37,1284589,1533.47,5804,309097.0, 24.06,2026-05-21
MANKIND, EQ, 21-May-2026,2583.9,2613.0,2638.6,2497.7,2519.3,2514.1,2544.12,1813187,46129.63,86474,877391.0, 48.39,2026-05-21
MANOMAY, EQ, 21-May-2026,177.72,177.02,183.0,177.02,179.01,180.78,179.79,15295,27.5,318,8337.0, 54.51,2026-05-21
MANORAMA, EQ, 21-May-2026,1386.3,1399.3,1414.0,1360.1,1374.9,1368.2,1379.64,124303,1714.94,11729,53239.0, 42.83,2026-05-21
MANORG, BE, 21-May-2026,570.75,573.6,592.0,565.0,570.0,569.45,577.42,7449,43.01,129,, -,2026-05-21
MANUFGBEES, EQ, 21-May-2026,157.59,158.37,158.83,157.03,158.2,158.28,157.74,15904,25.09,58,14818.0, 93.17,2026-05-21
MANUGRAPH, EQ, 21-May-2026,14.82,16.3,16.3,16.0,16.3,16.3,16.29,78653,12.81,310,56377.0, 71.68,2026-05-21
MANYAVAR, EQ, 21-May-2026,415.05,425.05,428.8,418.0,428.05,422.2,424.61,173588,737.07,7788,76792.0, 44.24,2026-05-21
MAPMYINDIA, EQ, 21-May-2026,911.95,913.0,929.4,886.35,891.0,895.95,909.76,408766,3718.77,18002,140958.0, 34.48,2026-05-21
MARALOVER, BE, 21-May-2026,54.36,56.5,57.07,56.25,57.07,57.07,56.75,12443,7.06,96,, -,2026-05-21
MARATHON, EQ, 21-May-2026,495.3,499.8,499.8,486.05,486.05,487.65,490.17,43813,214.76,765,29636.0, 67.64,2026-05-21
MARC, ST, 21-May-2026,90.9,88.2,88.2,88.2,88.2,88.2,88.2,1200,1.06,1,1200.0, 100.00,2026-05-21
MARCO, SM, 21-May-2026,35.4,35.45,35.45,35.45,35.45,35.45,35.45,3000,1.06,2,3000.0, 100.00,2026-05-21
MARICO, EQ, 21-May-2026,838.45,843.85,845.85,829.85,834.0,831.85,833.43,1305803,10882.9,39853,868749.0, 66.53,2026-05-21
MARINE, EQ, 21-May-2026,224.65,228.4,239.78,228.4,232.5,232.37,234.43,865734,2029.54,10254,366082.0, 42.29,2026-05-21
MARKOLINES, EQ, 21-May-2026,162.02,162.51,164.43,161.51,162.88,162.25,163.14,236132,385.22,1818,57264.0, 24.25,2026-05-21
MARKSANS, EQ, 21-May-2026,217.42,219.98,221.27,214.37,217.4,216.17,216.95,1016639,2205.61,16725,347443.0, 34.18,2026-05-21
MARSONS, EQ, 21-May-2026,150.8,151.8,155.9,151.25,152.0,151.81,153.77,1308820,2012.55,9585,366707.0, 28.02,2026-05-21
MARUTI, EQ, 21-May-2026,13003.0,13103.0,13150.0,12933.0,12995.0,13010.0,13025.3,213095,27756.26,38947,80341.0, 37.70,2026-05-21
MASFIN, EQ, 21-May-2026,309.7,314.95,314.95,305.0,306.0,306.0,308.95,107343,331.63,4560,54179.0, 50.47,2026-05-21
MASKINVEST, BE, 21-May-2026,148.99,148.99,150.59,148.99,149.1,149.12,149.17,500,0.75,12,, -,2026-05-21
MASON, SM, 21-May-2026,132.0,132.0,132.0,123.35,125.5,126.0,125.97,22000,27.71,27,19500.0, 88.64,2026-05-21
MASPTOP50, EQ, 21-May-2026,82.24,81.63,81.63,81.63,81.63,81.63,81.63,125346,102.32,223,125346.0, 100.00,2026-05-21
MASTEK, EQ, 21-May-2026,1619.3,1625.0,1657.1,1616.3,1638.3,1642.0,1636.81,43232,707.63,4440,19027.0, 44.01,2026-05-21
MASTERTR, EQ, 21-May-2026,92.69,92.52,94.75,92.52,93.99,93.66,93.57,123178,115.26,1231,42885.0, 34.82,2026-05-21
MATRIMONY, EQ, 21-May-2026,422.05,422.8,426.85,415.0,419.0,417.4,419.9,38977,163.66,433,34583.0, 88.73,2026-05-21
MAWANASUG, BE, 21-May-2026,103.0,103.0,105.9,101.0,101.98,101.5,102.31,33881,34.67,212,, -,2026-05-21
MAXESTATES, EQ, 21-May-2026,406.0,413.0,413.0,407.8,411.55,410.45,410.63,14865,61.04,856,9399.0, 63.23,2026-05-21
MAXHEALTH, EQ, 21-May-2026,1075.7,1086.9,1111.0,1079.05,1093.15,1091.1,1096.57,2764467,30314.29,109655,1322592.0, 47.84,2026-05-21
MAXIND, EQ, 21-May-2026,155.46,155.2,162.85,155.2,159.5,157.59,159.36,43776,69.76,2542,22788.0, 52.06,2026-05-21
MAXPOSURE, SM, 21-May-2026,39.0,37.65,37.65,37.65,37.65,37.65,37.65,1000,0.38,1,1000.0, 100.00,2026-05-21
MAXVOLT, ST, 21-May-2026,413.25,413.25,433.9,413.25,433.9,433.9,431.82,42000,181.36,88,38800.0, 92.38,2026-05-21
MAYURUNIQ, EQ, 21-May-2026,692.25,718.0,738.3,670.1,683.0,677.0,706.62,1450111,10246.71,40504,286106.0, 19.73,2026-05-21
MAZDA, EQ, 21-May-2026,198.64,207.0,207.0,197.0,197.86,199.73,199.62,15704,31.35,274,11560.0, 73.61,2026-05-21
MAZDOCK, EQ, 21-May-2026,2437.8,2452.0,2496.0,2441.3,2454.8,2454.8,2471.97,825634,20409.44,33515,177191.0, 21.46,2026-05-21
MBAPL, EQ, 21-May-2026,541.55,549.0,552.0,540.2,545.0,546.35,546.78,151376,827.69,3621,72223.0, 47.71,2026-05-21
MBEL, EQ, 21-May-2026,294.85,298.85,300.0,289.0,291.0,291.4,295.02,102596,302.68,3992,41378.0, 40.33,2026-05-21
MBLINFRA, EQ, 21-May-2026,24.56,25.45,25.45,24.5,24.55,25.08,24.98,19134,4.78,122,16081.0, 84.04,2026-05-21
MCCHRLS-B, EQ, 21-May-2026,663.7,710.0,710.0,655.0,680.0,670.25,682.24,85,0.58,23,57.0, 67.06,2026-05-21
MCL, BE, 21-May-2026,62.86,62.0,62.82,61.0,62.39,61.72,61.76,34552,21.34,466,, -,2026-05-21
MCLEODRUSS, BE, 21-May-2026,72.5,71.05,73.8,71.05,71.05,71.05,71.7,987426,708.02,739,, -,2026-05-21
MCLOUD, EQ, 21-May-2026,25.08,25.08,26.0,25.08,25.85,25.77,25.67,1451610,372.58,4405,401855.0, 27.68,2026-05-21
MCON, SM, 21-May-2026,44.85,45.0,45.0,42.65,45.0,44.85,44.29,15000,6.64,14,13000.0, 86.67,2026-05-21
MCX, EQ, 21-May-2026,3441.7,3470.0,3480.0,3308.0,3316.0,3322.8,3372.63,3460281,116702.56,156906,1549946.0, 44.79,2026-05-21
MDL, SM, 21-May-2026,50.0,50.0,50.15,49.9,49.9,49.9,50.0,13000,6.5,4,13000.0, 100.00,2026-05-21
MEDANTA, EQ, 21-May-2026,1240.1,1254.5,1255.0,1228.2,1241.0,1240.2,1239.63,77180,956.75,9301,37751.0, 48.91,2026-05-21
MEDIASSIST, EQ, 21-May-2026,375.15,379.6,384.8,370.35,377.0,374.05,376.9,67497,254.4,4001,35236.0, 52.20,2026-05-21
MEDICAMEQ, EQ, 21-May-2026,274.45,277.0,281.6,264.15,265.35,266.85,272.73,13292,36.25,555,7165.0, 53.90,2026-05-21
MEDICO, EQ, 21-May-2026,45.96,46.6,48.0,45.0,46.53,47.12,45.96,367903,169.08,1042,85979.0, 23.37,2026-05-21
MEDIORG, SM, 21-May-2026,27.0,27.0,27.0,27.0,27.0,27.0,27.0,6000,1.62,3,6000.0, 100.00,2026-05-21
MEDISTEP, SM, 21-May-2026,18.0,18.2,21.0,18.0,21.0,21.0,18.56,18000,3.34,5,18000.0, 100.00,2026-05-21
MEDPLUS, EQ, 21-May-2026,910.8,975.0,1022.2,941.2,950.3,953.9,983.39,2058973,20247.83,93262,385306.0, 18.71,2026-05-21
MEESHO, EQ, 21-May-2026,193.95,195.0,201.99,191.0,191.89,192.49,197.09,17069953,33643.17,90317,4495408.0, 26.34,2026-05-21
MEGAFLEX, ST, 21-May-2026,140.6,133.6,133.6,133.6,133.6,133.6,133.6,2000,2.67,2,2000.0, 100.00,2026-05-21
MEGASTAR, EQ, 21-May-2026,314.3,317.75,318.3,300.15,308.0,308.85,306.04,106651,326.39,1875,46334.0, 43.44,2026-05-21
MEGATHERM, SM, 21-May-2026,250.7,250.0,250.0,243.0,243.0,243.0,246.18,6400,15.76,11,6000.0, 93.75,2026-05-21
MEIL, BE, 21-May-2026,320.55,322.0,328.0,319.2,324.0,323.3,324.69,28463,92.42,428,, -,2026-05-21
MENNPIS, EQ, 21-May-2026,59.79,61.11,61.86,59.13,60.9,60.03,60.64,18111,10.98,205,12058.0, 66.58,2026-05-21
MENONBE, EQ, 21-May-2026,150.61,152.0,152.78,146.52,148.15,148.65,148.5,183946,273.17,3198,90721.0, 49.32,2026-05-21
MEP, BZ, 21-May-2026,0.98,0.97,0.97,0.97,0.97,0.97,0.97,136775,1.33,37,, -,2026-05-21
MERCANTILE, EQ, 21-May-2026,24.8,26.85,26.98,24.0,25.73,25.26,25.61,10606,2.72,217,5733.0, 54.05,2026-05-21
METAL, EQ, 21-May-2026,13.27,13.54,13.54,13.25,13.3,13.29,13.32,2666815,355.21,4901,1967851.0, 73.79,2026-05-21
METALIETF, EQ, 21-May-2026,13.26,13.49,13.49,13.26,13.3,13.3,13.34,5055456,674.28,8465,2674181.0, 52.90,2026-05-21
METROBRAND, EQ, 21-May-2026,1042.8,1087.9,1128.1,1067.1,1101.1,1108.0,1100.57,294140,3237.2,17393,65314.0, 22.21,2026-05-21
METROGLOBL, EQ, 21-May-2026,131.0,125.1,131.5,118.66,130.0,130.31,128.79,251,0.32,34,230.0, 91.63,2026-05-21
METROPOLIS, EQ, 21-May-2026,518.3,525.05,537.35,525.05,525.5,528.8,530.76,436186,2315.09,15507,293962.0, 67.39,2026-05-21
MFML, EQ, 21-May-2026,24.79,25.75,25.75,24.31,24.5,24.49,24.65,2645,0.65,27,1804.0, 68.20,2026-05-21
MFSL, EQ, 21-May-2026,1625.4,1632.4,1648.7,1602.3,1634.3,1626.0,1621.5,446480,7239.68,34220,201091.0, 45.04,2026-05-21
MGEL, EQ, 21-May-2026,13.11,13.35,13.4,13.02,13.04,13.08,13.22,141412,18.69,1064,62380.0, 44.11,2026-05-21
MGL, EQ, 21-May-2026,1075.6,1075.0,1079.6,1052.0,1053.8,1053.8,1066.0,121613,1296.4,11691,58363.0, 47.99,2026-05-21
MGSL, SM, 21-May-2026,77.4,75.0,78.0,74.5,75.0,75.0,76.11,20400,15.53,17,18000.0, 88.24,2026-05-21
MHHL, SM, 21-May-2026,40.0,39.0,39.0,39.0,39.0,39.0,39.0,1500,0.59,1,1500.0, 100.00,2026-05-21
MHLXMIRU, EQ, 21-May-2026,170.89,170.89,175.47,169.0,172.0,172.01,170.95,1326,2.27,47,860.0, 64.86,2026-05-21
MHRIL, EQ, 21-May-2026,220.72,220.75,222.42,218.65,219.82,219.32,220.02,193333,425.38,10416,105709.0, 54.68,2026-05-21
MICEL, EQ, 21-May-2026,43.48,44.0,45.05,43.02,43.3,43.32,43.92,1063730,467.24,3802,441892.0, 41.54,2026-05-21
MID150, EQ, 21-May-2026,22.81,22.99,22.99,22.75,22.87,22.81,22.88,37535,8.59,165,26780.0, 71.35,2026-05-21
MID150BEES, EQ, 21-May-2026,231.93,234.75,234.75,232.03,232.78,232.4,232.89,882237,2054.63,6255,652608.0, 73.97,2026-05-21
MID150CASE, EQ, 21-May-2026,11.25,11.25,11.48,11.25,11.26,11.26,11.3,1078721,121.88,3223,498027.0, 46.17,2026-05-21
MIDCAP, EQ, 21-May-2026,17.89,17.89,18.1,17.77,17.85,17.84,17.88,316874,56.65,702,158651.0, 50.07,2026-05-21
MIDCAPADD, EQ, 21-May-2026,22.45,22.57,22.66,22.42,22.54,22.54,22.56,7111,1.6,24,7039.0, 98.99,2026-05-21
MIDCAPBETA, EQ, 21-May-2026,226.43,227.56,228.55,226.22,226.22,227.3,227.71,982,2.24,32,663.0, 67.52,2026-05-21
MIDCAPETF, EQ, 21-May-2026,22.89,23.12,23.12,22.89,22.95,22.95,23.02,1764086,406.06,7224,1145588.0, 64.94,2026-05-21
MIDCAPIETF, EQ, 21-May-2026,23.18,23.75,23.75,23.15,23.23,23.22,23.29,589113,137.18,2343,338255.0, 57.42,2026-05-21
MIDHANI, EQ, 21-May-2026,398.65,405.0,416.9,399.0,401.15,402.35,407.32,916469,3732.94,25047,269824.0, 29.44,2026-05-21
MIDQ50ADD, EQ, 21-May-2026,242.56,244.0,244.91,240.02,243.25,242.67,243.46,3236,7.88,79,2843.0, 87.86,2026-05-21
MIDSELIETF, EQ, 21-May-2026,18.24,18.33,18.4,18.2,18.2,18.27,18.34,129561,23.76,659,99795.0, 77.03,2026-05-21
MIDSMALL, EQ, 21-May-2026,50.84,51.39,51.39,50.7,50.79,50.79,51.02,561807,286.65,3420,428933.0, 76.35,2026-05-21
MIDWESTLTD, EQ, 21-May-2026,1339.1,1336.0,1370.0,1325.6,1360.0,1344.6,1345.49,20934,281.67,1789,9632.0, 46.01,2026-05-21
MIEL, SM, 21-May-2026,15.2,15.25,15.25,15.25,15.25,15.25,15.25,2000,0.31,1,2000.0, 100.00,2026-05-21
MINDACORP, EQ, 21-May-2026,517.4,519.8,549.65,515.5,534.0,536.85,535.43,657876,3522.47,29083,233315.0, 35.46,2026-05-21
MINDSPACE, RR, 21-May-2026,462.06,462.0,462.0,458.26,459.68,459.89,460.3,675720,3110.37,10779,652923.0, 96.63,2026-05-21
MINDTECK, EQ, 21-May-2026,206.77,207.0,210.9,199.21,201.5,200.86,204.63,90294,184.77,1754,40892.0, 45.29,2026-05-21
MIRCELECTR, BE, 21-May-2026,37.87,36.8,39.2,36.25,38.7,38.61,37.92,1288106,488.48,2089,, -,2026-05-21
MIRZAINT, EQ, 21-May-2026,29.39,29.5,30.6,29.5,30.16,30.14,29.9,97106,29.03,907,46404.0, 47.79,2026-05-21
MITCON, EQ, 21-May-2026,78.01,78.04,79.0,77.37,79.0,77.65,78.34,3985,3.12,48,3334.0, 83.66,2026-05-21
MITTAL, EQ, 21-May-2026,0.99,1.04,1.05,1.0,1.02,1.01,1.03,2365563,24.25,789,2029268.0, 85.78,2026-05-21
MKPL, EQ, 21-May-2026,5.04,5.19,5.19,4.97,5.02,5.02,5.04,201508,10.16,487,143855.0, 71.39,2026-05-21
MMEL, ST, 21-May-2026,34.9,36.6,36.6,36.6,36.6,36.6,36.6,6000,2.2,3,4000.0, 66.67,2026-05-21
MMFL, EQ, 21-May-2026,453.0,455.0,480.6,453.05,462.0,458.7,467.49,271421,1268.86,12279,157968.0, 58.20,2026-05-21
MMP, EQ, 21-May-2026,287.77,288.0,290.0,282.04,283.0,284.53,285.64,30363,86.73,919,15981.0, 52.63,2026-05-21
MMTC, EQ, 21-May-2026,63.93,64.13,64.84,63.7,63.8,64.02,64.19,1230889,790.09,7662,374561.0, 30.43,2026-05-21
MMWL, BE, 21-May-2026,14.33,14.87,14.87,13.66,14.01,14.0,14.28,13400,1.91,56,, -,2026-05-21
MNC, EQ, 21-May-2026,32.63,32.87,33.03,32.61,33.0,32.78,32.75,43025,14.09,326,32806.0, 76.25,2026-05-21
MOALPHA50, EQ, 21-May-2026,52.52,52.39,53.1,51.73,51.75,52.11,51.96,4465,2.32,64,3310.0, 74.13,2026-05-21
MOBANK10, EQ, 21-May-2026,15.98,15.98,15.99,15.94,15.97,15.96,15.95,10384,1.66,18,10354.0, 99.71,2026-05-21
MOBIKWIK, EQ, 21-May-2026,196.48,198.04,204.4,191.05,192.45,193.03,197.96,3719590,7363.2,24922,873207.0, 23.48,2026-05-21
MOBILISE, ST, 21-May-2026,105.2,110.25,110.45,110.25,110.45,110.45,110.4,14400,15.9,8,14400.0, 100.00,2026-05-21
MOCAPITAL, EQ, 21-May-2026,56.17,56.24,57.02,55.78,56.05,56.02,56.45,1073470,606.01,3292,686904.0, 63.99,2026-05-21
MODEFENCE, EQ, 21-May-2026,98.9,100.77,101.28,99.4,100.39,100.18,100.4,2837902,2849.39,8544,1225139.0, 43.17,2026-05-21
MODINATUR, EQ, 21-May-2026,405.05,407.8,486.05,407.8,486.05,484.75,467.76,164376,768.88,7398,67511.0, 41.07,2026-05-21
MODIRUBBER, EQ, 21-May-2026,128.65,127.08,133.34,127.08,132.34,130.58,130.12,3862,5.03,469,1697.0, 43.94,2026-05-21
MODIS, EQ, 21-May-2026,348.8,354.85,354.85,343.3,347.0,346.0,347.28,6044,20.99,243,3469.0, 57.40,2026-05-21
MODISONLTD, EQ, 21-May-2026,172.18,175.45,178.5,171.0,174.55,175.71,174.96,133543,233.64,2105,73915.0, 55.35,2026-05-21
MODTHREAD, EQ, 21-May-2026,43.29,45.39,45.4,43.5,43.51,43.63,44.23,1134,0.5,39,738.0, 65.08,2026-05-21
MOENERGY, EQ, 21-May-2026,40.34,40.85,40.85,40.0,40.49,40.42,40.54,362889,147.11,946,237549.0, 65.46,2026-05-21
MOGOLD, EQ, 21-May-2026,155.3,156.15,157.0,155.7,156.1,156.35,156.36,15038,23.51,348,7036.0, 46.79,2026-05-21
MOGSEC, EQ, 21-May-2026,63.28,63.56,63.56,63.08,63.2,63.34,63.21,5102,3.23,86,4750.0, 93.10,2026-05-21
MOHEALTH, EQ, 21-May-2026,48.13,48.37,48.94,48.33,48.43,48.49,48.49,70790,34.32,633,49219.0, 69.53,2026-05-21
MOHITIND, EQ, 21-May-2026,23.15,23.15,24.39,22.6,23.69,23.69,23.16,3482,0.81,60,2302.0, 66.11,2026-05-21
MOIL, EQ, 21-May-2026,298.8,301.8,307.5,296.9,297.85,298.35,302.21,532555,1609.43,13401,181883.0, 34.15,2026-05-21
MOINFRA, EQ, 21-May-2026,62.15,62.7,63.19,62.67,62.75,62.67,62.85,4531,2.85,39,2899.0, 63.98,2026-05-21
MOIPO, EQ, 21-May-2026,43.2,43.33,43.46,43.06,43.08,43.08,43.09,8235,3.55,13,8185.0, 99.39,2026-05-21
MOKSH, EQ, 21-May-2026,12.35,12.15,12.58,12.05,12.08,12.11,12.38,55469,6.86,1480,13063.0, 23.55,2026-05-21
MOL, EQ, 21-May-2026,48.98,49.01,50.56,48.61,48.98,48.87,49.29,874514,431.03,9254,422390.0, 48.30,2026-05-21
MOLDTECH, EQ, 21-May-2026,120.75,120.07,123.99,120.07,121.05,121.08,121.48,22601,27.46,400,12315.0, 54.49,2026-05-21
MOLDTKPAC, EQ, 21-May-2026,671.85,676.9,693.0,672.1,687.0,686.1,682.91,78829,538.33,5041,36276.0, 46.02,2026-05-21
MOLOWVOL, EQ, 21-May-2026,36.34,36.52,36.6,36.35,36.5,36.5,36.46,539,0.2,33,378.0, 70.13,2026-05-21
MOM100, EQ, 21-May-2026,66.0,66.9,66.9,65.89,65.91,65.94,66.18,389416,257.72,2264,213660.0, 54.87,2026-05-21
MOM30IETF, EQ, 21-May-2026,30.67,30.86,31.12,30.57,30.8,30.6,30.75,365705,112.47,1839,202282.0, 55.31,2026-05-21
MOM50, EQ, 21-May-2026,246.27,251.2,251.2,245.63,246.84,246.49,246.99,1518,3.75,81,1199.0, 78.99,2026-05-21
MOMENTUM, EQ, 21-May-2026,30.41,30.41,30.77,30.18,30.44,30.31,30.51,20802,6.35,182,12204.0, 58.67,2026-05-21
MOMENTUM30, EQ, 21-May-2026,30.39,30.9,30.9,30.0,30.85,30.09,30.21,45343,13.7,133,37549.0, 82.81,2026-05-21
MOMENTUM50, EQ, 21-May-2026,52.15,52.59,52.77,51.6,52.2,52.02,52.29,270441,141.43,1463,145877.0, 53.94,2026-05-21
MOMGF, EQ, 21-May-2026,156.46,157.24,157.81,156.92,157.58,157.58,157.57,682,1.07,9,681.0, 99.85,2026-05-21
MOMIDMTM, EQ, 21-May-2026,63.48,64.6,64.6,62.9,62.9,63.14,63.56,67402,42.84,253,36740.0, 54.51,2026-05-21
MOMNC, EQ, 21-May-2026,31.82,31.82,31.82,31.8,31.8,31.8,31.8,85,0.03,3,85.0, 100.00,2026-05-21
MOMOMENTUM, EQ, 21-May-2026,60.91,60.8,62.06,60.8,61.13,60.96,61.17,26484,16.2,358,14431.0, 54.49,2026-05-21
MON100, EQ, 21-May-2026,327.09,325.74,325.74,325.74,325.74,325.74,325.74,368534,1200.46,1898,368534.0, 100.00,2026-05-21
MON50EQUAL, EQ, 21-May-2026,32.6,32.76,32.84,32.68,32.76,32.76,32.76,197,0.06,17,196.0, 99.49,2026-05-21
MONARCH, EQ, 21-May-2026,311.65,313.0,322.0,311.55,315.9,315.65,317.87,103978,330.51,2724,49090.0, 47.21,2026-05-21
MONEXT50, EQ, 21-May-2026,69.24,69.75,69.75,69.28,69.28,69.28,69.4,4152,2.88,32,4117.0, 99.16,2026-05-21
MONEYBOXX, EQ, 21-May-2026,70.55,73.5,73.6,68.31,71.0,70.33,70.05,29961,20.99,405,19693.0, 65.73,2026-05-21
MONIFTY100, EQ, 21-May-2026,24.72,24.72,25.38,24.23,24.71,24.66,24.77,18885,4.68,82,5124.0, 27.13,2026-05-21
MONIFTY500, EQ, 21-May-2026,22.99,23.28,23.28,22.86,23.03,22.97,23.09,242472,55.99,1572,140877.0, 58.10,2026-05-21
MONOLITH, SM, 21-May-2026,567.65,574.0,579.5,545.0,546.5,546.65,557.99,22750,126.94,79,18250.0, 80.22,2026-05-21
MONQ50, EQ, 21-May-2026,131.2,131.08,131.08,131.08,131.08,131.08,131.08,32214,42.23,176,32214.0, 100.00,2026-05-21
MONTECARLO, EQ, 21-May-2026,563.65,574.55,574.55,558.05,563.0,561.05,563.2,27938,157.35,1737,19041.0, 68.15,2026-05-21
MOPSE, EQ, 21-May-2026,105.15,106.0,106.78,105.7,105.96,105.96,106.06,1881,1.99,14,1555.0, 82.67,2026-05-21
MOQUALITY, EQ, 21-May-2026,200.58,202.17,202.82,201.0,201.58,201.15,201.56,1648,3.32,30,1312.0, 79.61,2026-05-21
MORARJEE, BZ, 21-May-2026,9.68,10.09,10.16,9.26,10.16,9.99,9.98,53327,5.32,84,, -,2026-05-21
MOREALTY, EQ, 21-May-2026,76.62,77.1,77.89,77.0,77.2,77.4,77.46,298810,231.46,1674,128735.0, 43.08,2026-05-21
MOREPENLAB, EQ, 21-May-2026,42.52,43.44,43.76,42.82,42.9,42.98,43.24,2235567,966.67,8750,923883.0, 41.33,2026-05-21
MOS, SM, 21-May-2026,13.0,12.85,12.85,12.4,12.45,12.65,12.64,92000,11.63,14,76000.0, 82.61,2026-05-21
MOSCHIP, EQ, 21-May-2026,210.19,209.0,209.0,200.1,200.7,201.55,203.57,2742900,5583.72,26290,1136835.0, 41.45,2026-05-21
MOSERVICE, EQ, 21-May-2026,29.93,29.93,30.59,29.68,30.59,29.84,29.85,1382,0.41,29,1330.0, 96.24,2026-05-21
MOSILVER, EQ, 21-May-2026,260.54,261.27,262.13,258.63,258.63,259.4,260.88,19894,51.9,816,10231.0, 51.43,2026-05-21
MOSMALL250, EQ, 21-May-2026,16.74,16.81,16.95,16.75,16.86,16.84,16.86,1007744,169.92,2359,496247.0, 49.24,2026-05-21
MOTHERSON, EQ, 21-May-2026,132.17,136.02,138.4,133.36,136.89,137.0,136.38,65674007,89568.64,236599,17340937.0, 26.40,2026-05-21
MOTILALOFS, EQ, 21-May-2026,846.45,852.95,865.35,835.85,841.95,843.2,851.51,900029,7663.88,26317,289048.0, 32.12,2026-05-21
MOTISONS, EQ, 21-May-2026,11.89,11.9,12.24,11.88,11.96,11.99,12.01,1103372,132.55,2352,522983.0, 47.40,2026-05-21
MOTOGENFIN, EQ, 21-May-2026,24.66,25.49,25.49,24.0,24.55,24.55,24.36,4649,1.13,53,3462.0, 74.47,2026-05-21
MOTOUR, EQ, 21-May-2026,72.14,72.2,72.63,72.04,72.32,72.36,72.33,8412,6.08,112,7045.0, 83.75,2026-05-21
MOVALUE, EQ, 21-May-2026,115.29,115.89,116.66,115.3,115.36,115.73,116.16,37713,43.81,614,23410.0, 62.07,2026-05-21
MPEL, SM, 21-May-2026,47.95,47.0,47.0,47.0,47.0,47.0,47.0,4800,2.26,2,4800.0, 100.00,2026-05-21
MPHASIS, EQ, 21-May-2026,2228.0,2241.0,2256.7,2215.6,2218.2,2227.6,2234.39,209269,4675.89,19273,65928.0, 31.50,2026-05-21
MPSLTD, EQ, 21-May-2026,1835.8,1835.9,1847.9,1770.0,1777.0,1782.5,1804.24,12299,221.9,1512,4924.0, 40.04,2026-05-21
MPTODAY, SM, 21-May-2026,43.7,41.55,41.55,41.55,41.55,41.55,41.55,2000,0.83,1,2000.0, 100.00,2026-05-21
MRF, EQ, 21-May-2026,127125.0,127660.0,127990.0,125630.0,125935.0,126070.0,126871.44,5263,6677.24,3917,2547.0, 48.39,2026-05-21
MRPL, EQ, 21-May-2026,148.13,150.5,152.8,148.7,150.12,150.17,150.94,4607443,6954.44,34687,1261438.0, 27.38,2026-05-21
MSCIINDIA, EQ, 21-May-2026,29.14,29.28,29.32,29.04,29.15,29.15,29.16,5988,1.75,51,4987.0, 83.28,2026-05-21
MSPL, EQ, 21-May-2026,41.06,41.25,43.11,41.25,43.11,43.07,42.69,3208619,1369.77,5374,1873057.0, 58.38,2026-05-21
MSTCLTD, EQ, 21-May-2026,419.1,423.3,430.45,421.5,424.15,426.25,425.8,82559,351.54,3211,33062.0, 40.05,2026-05-21
MSUMI, EQ, 21-May-2026,39.72,39.9,40.45,39.5,40.05,39.9,40.06,3744828,1500.02,19555,1363648.0, 36.41,2026-05-21
MTARTECH, EQ, 21-May-2026,7457.0,7531.0,8025.0,7370.0,7950.0,7947.5,7813.97,4822435,376823.45,408635,767653.0, 15.92,2026-05-21
MTEDUCARE, BE, 21-May-2026,1.69,1.61,1.74,1.61,1.61,1.62,1.64,28592,0.47,39,, -,2026-05-21
MTNL, EQ, 21-May-2026,28.74,29.4,29.47,28.75,28.8,28.94,29.09,915576,266.34,3116,354103.0, 38.68,2026-05-21
MUFIN, EQ, 21-May-2026,121.02,122.65,123.0,120.5,121.6,121.89,121.9,2772657,3379.75,9338,1092649.0, 39.41,2026-05-21
MUFTI, EQ, 21-May-2026,77.34,79.0,85.55,77.25,85.0,81.98,80.73,359415,290.14,2559,195136.0, 54.29,2026-05-21
MUKANDLTD, EQ, 21-May-2026,141.03,142.7,145.0,140.5,141.45,140.9,142.64,186516,266.04,2601,86002.0, 46.11,2026-05-21
MUKKA, EQ, 21-May-2026,22.69,22.71,23.13,22.55,22.65,22.67,22.81,176114,40.18,850,112759.0, 64.03,2026-05-21
MUKTAARTS, EQ, 21-May-2026,52.0,52.01,60.7,52.0,59.6,59.52,57.85,28062,16.23,407,19066.0, 67.94,2026-05-21
MULTICAP, EQ, 21-May-2026,15.98,16.1,16.15,16.01,16.02,16.04,16.08,252551,40.61,350,193391.0, 76.58,2026-05-21
MUNISH, ST, 21-May-2026,71.85,72.0,72.0,72.0,72.0,72.0,72.0,1200,0.86,1,1200.0, 100.00,2026-05-21
MUNJALAU, EQ, 21-May-2026,87.79,88.99,90.5,87.5,88.35,88.09,88.77,156233,138.68,2086,69122.0, 44.24,2026-05-21
MUNJALSHOW, EQ, 21-May-2026,133.87,132.85,135.85,132.85,135.0,134.89,134.72,18533,24.97,463,10367.0, 55.94,2026-05-21
MURUDCERA, EQ, 21-May-2026,33.65,33.55,34.15,32.8,34.15,33.68,33.57,21125,7.09,319,15474.0, 73.25,2026-05-21
MUTHOOTCAP, EQ, 21-May-2026,203.5,204.0,207.62,198.0,198.54,198.62,201.14,17847,35.9,497,10405.0, 58.30,2026-05-21
MUTHOOTFIN, EQ, 21-May-2026,3309.3,3331.0,3348.2,3267.0,3273.5,3272.7,3294.68,512509,16885.52,31257,260158.0, 50.76,2026-05-21
MUTHOOTMF, EQ, 21-May-2026,179.61,184.9,184.9,180.0,181.49,181.33,182.24,164113,299.07,3398,75688.0, 46.12,2026-05-21
MVGJL, EQ, 21-May-2026,164.76,168.7,173.19,166.0,169.0,170.04,171.16,101291,173.37,1820,57289.0, 56.56,2026-05-21
MVKAGRO, SM, 21-May-2026,491.9,491.0,491.0,485.1,485.1,485.1,489.28,1200,5.87,4,1200.0, 100.00,2026-05-21
MWL, EQ, 21-May-2026,374.1,377.0,377.0,362.3,370.0,369.0,369.99,127057,470.1,1228,65134.0, 51.26,2026-05-21
MYMUDRA, SM, 21-May-2026,74.85,72.1,74.45,72.05,72.5,72.7,72.12,68400,49.33,8,67200.0, 98.25,2026-05-21
NACLIND, EQ, 21-May-2026,161.71,164.39,167.79,162.74,162.74,164.0,165.49,162611,269.11,2520,81290.0, 49.99,2026-05-21
NAGAFERT, BZ, 21-May-2026,3.77,3.85,3.85,3.59,3.75,3.75,3.72,189476,7.04,314,, -,2026-05-21
NAGREEKCAP, BE, 21-May-2026,28.43,28.0,29.49,27.4,29.4,29.16,28.43,7132,2.03,42,, -,2026-05-21
NAGREEKEXP, EQ, 21-May-2026,26.38,25.56,27.0,25.56,26.16,26.16,26.33,5255,1.38,53,4522.0, 86.05,2026-05-21
NAHARCAP, EQ, 21-May-2026,248.9,249.7,257.8,249.6,251.1,251.3,252.86,6711,16.97,495,4499.0, 67.04,2026-05-21
NAHARINDUS, EQ, 21-May-2026,108.23,111.59,113.37,108.42,110.9,110.72,111.63,11895,13.28,339,5256.0, 44.19,2026-05-21
NAHARPOLY, EQ, 21-May-2026,249.0,249.1,268.0,249.1,253.65,253.4,258.1,27550,71.11,1503,12914.0, 46.87,2026-05-21
NAHARSPING, BE, 21-May-2026,258.0,263.16,263.16,263.16,263.16,263.16,263.16,4348,11.44,37,, -,2026-05-21
NAM-INDIA, EQ, 21-May-2026,1103.0,1110.0,1125.0,1074.1,1078.5,1078.8,1093.86,920224,10065.99,43128,397420.0, 43.19,2026-05-21
NAMAN, SM, 21-May-2026,49.05,49.05,50.45,48.0,50.45,50.45,48.17,16800,8.09,14,16000.0, 95.24,2026-05-21
NAMOEWASTE, SM, 21-May-2026,226.35,226.35,234.15,181.1,187.5,194.8,204.94,292000,598.42,312,157600.0, 53.97,2026-05-21
NARMADA, EQ, 21-May-2026,34.95,34.9,36.1,34.75,35.5,35.8,35.4,555195,196.54,1234,221621.0, 39.92,2026-05-21
NATCAPSUQ, EQ, 21-May-2026,154.38,152.5,162.45,150.5,151.75,151.72,152.68,4579,6.99,144,3570.0, 77.96,2026-05-21
NATCOPHARM, EQ, 21-May-2026,1156.3,1170.0,1192.5,1149.9,1175.0,1174.3,1172.09,544230,6378.86,29673,212343.0, 39.02,2026-05-21
NATHBIOGEN, EQ, 21-May-2026,166.88,168.54,176.02,166.92,170.5,170.53,171.74,129936,223.15,4223,19129.0, 14.72,2026-05-21
NATIONALUM, EQ, 21-May-2026,402.4,407.0,410.95,404.35,406.5,406.4,406.83,5309235,21599.33,65037,2095134.0, 39.46,2026-05-21
NATIONSTD, EQ, 21-May-2026,1123.7,1160.0,1200.0,1135.0,1199.0,1167.3,1164.56,207,2.41,52,122.0, 58.94,2026-05-21
NAUKRI, EQ, 21-May-2026,942.25,941.0,951.3,921.5,921.5,926.25,929.72,2267419,21080.72,65182,1413264.0, 62.33,2026-05-21
NAVA, EQ, 21-May-2026,627.35,631.0,632.75,606.0,607.2,608.25,615.51,424327,2611.77,10881,210399.0, 49.58,2026-05-21
NAVINFLUOR, EQ, 21-May-2026,7046.5,7090.0,7229.0,7075.5,7080.5,7118.5,7150.74,167825,12000.74,27398,80073.0, 47.71,2026-05-21
NAVKARCORP, EQ, 21-May-2026,95.48,96.03,97.0,94.7,95.89,95.4,95.69,270637,258.97,2789,117819.0, 43.53,2026-05-21
NAVKARURB, EQ, 21-May-2026,0.8,0.8,0.83,0.79,0.82,0.81,0.81,1137468,9.21,268,772595.0, 67.92,2026-05-21
NAVNETEDUL, EQ, 21-May-2026,141.79,142.05,150.9,142.05,147.2,146.88,147.77,918725,1357.6,10358,176084.0, 19.17,2026-05-21
NAZARA, EQ, 21-May-2026,291.05,293.8,294.0,283.8,284.95,285.2,287.35,1563302,4492.12,14298,728481.0, 46.60,2026-05-21
NBCC, EQ, 21-May-2026,93.01,94.0,94.62,92.8,93.09,93.07,93.63,5505477,5155.03,22019,1717670.0, 31.20,2026-05-21
NBIFIN, EQ, 21-May-2026,1876.2,1885.5,1915.0,1855.0,1855.0,1861.2,1890.51,354,6.69,37,140.0, 39.55,2026-05-21
NCC, EQ, 21-May-2026,146.67,148.0,151.14,146.8,146.9,147.27,149.16,1939761,2893.26,16776,810595.0, 41.79,2026-05-21
NCLIND, EQ, 21-May-2026,168.19,168.49,172.45,168.49,171.75,171.52,170.84,40069,68.45,947,20763.0, 51.82,2026-05-21
NDGL, EQ, 21-May-2026,2510.6,2599.4,2600.0,2526.0,2600.0,2579.7,2568.45,40,1.03,19,30.0, 75.00,2026-05-21
NDL, EQ, 21-May-2026,2.64,2.62,2.68,2.61,2.65,2.62,2.64,854556,22.55,1009,516767.0, 60.47,2026-05-21
NDLVENTURE, EQ, 21-May-2026,131.04,131.04,133.5,126.26,127.0,127.2,128.53,23304,29.95,455,14104.0, 60.52,2026-05-21
NDRAUTO, EQ, 21-May-2026,811.45,815.55,827.6,800.0,817.9,816.35,814.21,24024,195.61,1877,10976.0, 45.69,2026-05-21
NDTV, EQ, 21-May-2026,76.58,76.66,78.08,76.66,77.0,77.31,77.41,310280,240.18,2820,117052.0, 37.72,2026-05-21
NEAGI, EQ, 21-May-2026,3340.0,3320.0,3320.0,3200.0,3200.0,3200.0,3206.39,21,0.67,5,21.0, 100.00,2026-05-21
NECCLTD, EQ, 21-May-2026,15.17,15.44,15.44,15.23,15.44,15.39,15.38,30643,4.71,123,24715.0, 80.65,2026-05-21
NECLIFE, BE, 21-May-2026,12.27,12.4,12.55,12.1,12.13,12.21,12.32,90589,11.16,360,, -,2026-05-21
NELCAST, EQ, 21-May-2026,134.7,135.0,139.85,133.5,133.5,135.08,137.04,195173,267.47,3331,77159.0, 39.53,2026-05-21
NELCO, EQ, 21-May-2026,669.7,676.0,688.0,662.25,663.85,665.35,674.36,50122,338.0,2828,18984.0, 37.88,2026-05-21
NEOCHEM, SM, 21-May-2026,101.85,101.85,105.0,97.2,98.0,98.0,100.74,25200,25.39,21,15600.0, 61.90,2026-05-21
NEOGEN, EQ, 21-May-2026,1695.7,1717.8,1717.8,1673.7,1690.0,1687.1,1690.9,41669,704.58,5566,16370.0, 39.29,2026-05-21
NEPHROCARE, SM, 21-May-2026,78.95,78.95,81.0,78.95,81.0,80.85,80.52,12400,9.98,21,10400.0, 83.87,2026-05-21
NEPHROPLUS, EQ, 21-May-2026,614.1,618.0,625.8,583.1,588.2,585.45,597.94,312211,1866.85,17199,172072.0, 55.11,2026-05-21
NEPTUNE, SM, 21-May-2026,194.0,194.15,194.15,191.05,191.15,191.85,192.43,3500,6.74,7,3000.0, 85.71,2026-05-21
NESCO, EQ, 21-May-2026,1247.9,1250.0,1283.0,1233.3,1233.3,1236.0,1247.84,19575,244.26,2258,8827.0, 45.09,2026-05-21
NESTLEIND, EQ, 21-May-2026,1420.1,1425.0,1430.9,1403.5,1407.0,1406.5,1410.14,2049251,28897.32,70038,1372670.0, 66.98,2026-05-21
NETF, EQ, 21-May-2026,255.75,256.5,257.93,254.92,254.92,254.98,256.77,4454,11.44,125,2795.0, 62.75,2026-05-21
NETWEB, EQ, 21-May-2026,3841.7,3900.0,4044.0,3757.7,3822.0,3813.2,3901.39,1920283,74917.8,147718,436080.0, 22.71,2026-05-21
NETWORK18, EQ, 21-May-2026,31.78,32.15,32.55,31.96,32.15,32.07,32.2,1687358,543.27,5637,667026.0, 39.53,2026-05-21
NEULANDLAB, EQ, 21-May-2026,16624.0,16730.0,16844.0,16387.0,16718.0,16690.0,16626.58,30074,5000.28,8866,10494.0, 34.89,2026-05-21
NEWGEN, EQ, 21-May-2026,450.3,455.0,455.0,445.25,446.0,447.15,448.37,557951,2501.68,15138,241217.0, 43.23,2026-05-21
NEWJAISA, ST, 21-May-2026,22.1,22.9,23.0,22.9,23.0,23.0,22.96,10500,2.41,6,10500.0, 100.00,2026-05-21
NEXT30ADD, EQ, 21-May-2026,42.03,39.93,42.66,39.93,42.49,42.49,41.8,43877,18.34,131,28087.0, 64.01,2026-05-21
NEXT50, EQ, 21-May-2026,715.02,720.74,721.44,715.21,715.21,716.0,717.95,11156,80.09,676,6138.0, 55.02,2026-05-21
NEXT50ADD, EQ, 21-May-2026,69.49,69.82,70.25,69.57,69.61,69.61,69.69,1942,1.35,30,1642.0, 84.55,2026-05-21
NEXT50BETA, EQ, 21-May-2026,74.75,75.28,75.63,74.61,75.3,75.02,75.11,40325,30.29,508,16467.0, 40.84,2026-05-21
NEXT50ETF, EQ, 21-May-2026,69.72,70.14,70.35,69.74,69.8,70.03,70.09,7410,5.19,81,4734.0, 63.89,2026-05-21
NEXT50IETF, EQ, 21-May-2026,73.13,73.13,73.91,73.05,73.25,73.24,73.49,335097,246.26,3715,188374.0, 56.21,2026-05-21
NEXTMEDIA, EQ, 21-May-2026,4.11,4.13,4.48,4.02,4.14,4.05,4.21,25499,1.07,120,18705.0, 73.36,2026-05-21
NFL, EQ, 21-May-2026,74.78,75.42,76.48,74.54,74.98,74.93,75.45,900561,679.44,5279,290801.0, 32.29,2026-05-21
NGIL, BE, 21-May-2026,39.2,39.9,40.5,38.01,38.02,38.03,38.9,6454,2.51,41,, -,2026-05-21
NGLFINE, EQ, 21-May-2026,2410.1,2450.0,2525.0,2405.0,2525.0,2501.9,2470.39,11247,277.85,1303,6998.0, 62.22,2026-05-21
NH, EQ, 21-May-2026,1902.4,1921.8,1938.8,1892.6,1926.0,1930.9,1921.6,394613,7582.87,27243,207717.0, 52.64,2026-05-21
NHIT, IV, 21-May-2026,160.1,162.0,162.0,162.0,162.0,162.0,162.0,25000,40.5,1,25000.0, 100.00,2026-05-21
NHPC, EQ, 21-May-2026,79.5,79.75,80.49,78.75,78.84,79.0,79.65,10434287,8310.47,28252,3828196.0, 36.69,2026-05-21
NIACL, EQ, 21-May-2026,163.1,163.1,169.6,162.4,165.66,166.08,166.17,1066435,1772.13,15686,308693.0, 28.95,2026-05-21
NIBE, EQ, 21-May-2026,1174.6,1204.0,1409.5,1190.0,1295.7,1290.4,1333.24,1980696,26407.42,91799,308760.0, 15.59,2026-05-21
NIBL, EQ, 21-May-2026,30.68,30.5,31.48,30.3,30.45,30.66,30.71,35454,10.89,206,16027.0, 45.21,2026-05-21
NIDAN, SM, 21-May-2026,13.8,13.8,14.45,13.6,14.45,14.45,13.95,3000,0.42,3,2000.0, 66.67,2026-05-21
NIF100BEES, EQ, 21-May-2026,259.65,261.05,262.13,259.2,259.35,259.96,260.66,32432,84.54,499,27664.0, 85.30,2026-05-21
NIF100IETF, EQ, 21-May-2026,27.41,27.41,27.73,27.17,27.5,27.41,27.41,38222,10.48,1325,23868.0, 62.45,2026-05-21
NIFTY1, EQ, 21-May-2026,261.04,261.04,262.94,260.07,261.13,260.76,261.43,43900,114.77,1472,21096.0, 48.05,2026-05-21
NIFTY100EW, EQ, 21-May-2026,33.78,33.96,34.12,33.7,33.94,33.86,33.92,23585,8.0,138,15558.0, 65.97,2026-05-21
NIFTYADD, EQ, 21-May-2026,247.82,249.14,249.43,247.0,247.98,247.98,248.24,10911,27.09,119,7720.0, 70.75,2026-05-21
NIFTYBEES, EQ, 21-May-2026,268.05,269.24,270.24,267.39,268.08,268.21,268.52,6183084,16602.69,41526,3304022.0, 53.44,2026-05-21
NIFTYBETA, EQ, 21-May-2026,261.03,262.33,262.41,260.0,260.68,260.86,261.75,83572,218.75,882,64934.0, 77.70,2026-05-21
NIFTYBETF, EQ, 21-May-2026,241.88,244.37,244.37,241.29,241.44,241.58,242.76,548,1.33,61,450.0, 82.12,2026-05-21
NIFTYCASE, EQ, 21-May-2026,9.44,9.2,9.55,9.2,9.44,9.43,9.45,1672357,158.09,1620,677164.0, 40.49,2026-05-21
NIFTYETF, EQ, 21-May-2026,255.81,257.89,257.89,255.01,255.99,255.43,256.0,149081,381.65,1351,94044.0, 63.08,2026-05-21
NIFTYIETF, EQ, 21-May-2026,266.82,268.01,269.49,266.05,266.52,266.79,267.09,434383,1160.19,12616,239529.0, 55.14,2026-05-21
NIFTYQLITY, EQ, 21-May-2026,20.99,20.77,21.21,20.77,21.09,21.02,21.07,19412,4.09,142,18785.0, 96.77,2026-05-21
NIITLTD, EQ, 21-May-2026,65.14,65.2,67.25,64.25,65.2,65.04,66.05,411946,272.07,3862,153146.0, 37.18,2026-05-21
NIITMTS, EQ, 21-May-2026,231.5,234.75,234.75,223.15,224.9,224.8,225.93,588057,1328.62,9608,363864.0, 61.88,2026-05-21
NIKITA, SM, 21-May-2026,77.9,78.3,81.4,73.7,75.0,74.6,77.36,82800,64.05,59,60000.0, 72.46,2026-05-21
NILAINFRA, EQ, 21-May-2026,7.83,8.55,8.55,8.11,8.28,8.2,8.34,202458,16.89,969,110933.0, 54.79,2026-05-21
NILASPACES, EQ, 21-May-2026,13.07,13.07,13.29,13.01,13.15,13.07,13.09,492033,64.39,944,304587.0, 61.90,2026-05-21
NILE, EQ, 21-May-2026,1784.8,1794.0,1848.0,1764.3,1768.3,1771.9,1793.65,2032,36.45,369,1498.0, 73.72,2026-05-21
NILKAMAL, EQ, 21-May-2026,1244.2,1249.9,1264.9,1230.4,1245.0,1237.4,1244.47,7464,92.89,581,5501.0, 73.70,2026-05-21
NIMBSPROJ, EQ, 21-May-2026,211.79,212.4,222.37,212.4,222.37,220.22,218.11,114104,248.87,552,8448.0, 7.40,2026-05-21
NINSYS, BE, 21-May-2026,617.25,616.0,631.0,594.5,630.0,624.4,617.55,5863,36.21,246,, -,2026-05-21
NIPPOBATRY, EQ, 21-May-2026,331.3,340.0,365.8,338.25,358.0,355.95,354.13,23984,84.93,1608,8845.0, 36.88,2026-05-21
NIRAJ, BE, 21-May-2026,29.2,29.5,30.4,29.0,30.0,30.02,29.89,20957,6.26,72,, -,2026-05-21
NIRAJISPAT, EQ, 21-May-2026,217.0,217.0,217.0,216.0,216.0,216.0,216.77,6,0.01,4,5.0, 83.33,2026-05-21
NIRLON, EQ, 21-May-2026,607.25,610.2,614.9,610.0,613.8,612.5,612.3,3299,20.2,237,2146.0, 65.05,2026-05-21
NIRMAN, ST, 21-May-2026,48.8,48.8,50.2,47.45,49.0,48.1,48.27,5700,2.75,11,5400.0, 94.74,2026-05-21
NITCO, EQ, 21-May-2026,95.88,97.91,99.79,96.49,97.47,97.18,98.11,369967,362.99,4283,132583.0, 35.84,2026-05-21
NITINSPIN, EQ, 21-May-2026,498.55,500.5,519.9,500.5,516.65,515.6,512.23,188106,963.53,6073,97829.0, 52.01,2026-05-21
NITIRAJ, EQ, 21-May-2026,196.33,199.98,199.98,196.0,196.0,197.84,197.1,82,0.16,14,65.0, 79.27,2026-05-21
NITTAGELA, EQ, 21-May-2026,1319.15,1325.9,1351.0,1325.05,1349.95,1348.85,1339.86,7700,103.17,791,3965.0, 51.49,2026-05-21
NIVABUPA, EQ, 21-May-2026,81.51,82.0,85.5,80.89,83.82,83.62,83.78,3956204,3314.32,25327,1955098.0, 49.42,2026-05-21
NKIND, EQ, 21-May-2026,67.73,68.29,68.3,67.21,67.21,67.21,67.85,440,0.3,6,340.0, 77.27,2026-05-21
NLCINDIA, EQ, 21-May-2026,354.65,357.3,363.85,348.65,351.1,350.5,355.28,3873134,13760.49,40590,1375893.0, 35.52,2026-05-21
NMDC, EQ, 21-May-2026,88.48,89.2,89.65,87.9,88.06,88.16,88.69,11605971,10293.62,45611,5553821.0, 47.85,2026-05-21
NMSTEEL, SM, 21-May-2026,24.0,24.0,24.0,24.0,24.0,24.0,24.0,1600,0.38,1,1600.0, 100.00,2026-05-21
NOCIL, EQ, 21-May-2026,167.87,168.2,170.0,165.0,165.79,166.19,166.73,407818,679.96,9859,189335.0, 46.43,2026-05-21
NOIDATOLL, EQ, 21-May-2026,6.15,6.59,6.76,6.47,6.76,6.76,6.7,393329,26.36,451,360453.0, 91.64,2026-05-21
NORBTEAEXP, EQ, 21-May-2026,78.37,78.0,82.25,75.1,82.25,82.22,80.79,7927,6.4,83,6350.0, 80.11,2026-05-21
NORTHARC, EQ, 21-May-2026,275.85,278.8,292.9,276.85,289.0,289.05,284.09,1489272,4230.88,27249,801698.0, 53.83,2026-05-21
NOVAAGRI, EQ, 21-May-2026,28.47,28.47,29.45,28.13,28.65,28.45,28.77,88268,25.4,1436,38801.0, 43.96,2026-05-21
NOVARTIND, EQ, 21-May-2026,1323.0,1335.0,1356.9,1287.0,1327.0,1346.6,1330.87,44109,587.03,3923,22054.0, 50.00,2026-05-21
NPBET, EQ, 21-May-2026,267.43,268.76,268.76,267.1,267.83,267.83,267.37,109,0.29,13,106.0, 97.25,2026-05-21
NPST, EQ, 21-May-2026,1059.8,1058.1,1080.4,1015.1,1027.0,1035.9,1049.72,12130,127.33,1239,6365.0, 52.47,2026-05-21
NRAIL, EQ, 21-May-2026,460.0,480.0,480.0,453.4,453.5,459.9,461.76,856,3.95,116,545.0, 63.67,2026-05-21
NRBBEARING, EQ, 21-May-2026,357.95,363.0,370.95,357.55,365.2,366.95,363.67,659966,2400.12,9211,353920.0, 53.63,2026-05-21
NRL, EQ, 21-May-2026,52.37,52.38,53.4,52.0,52.2,52.61,52.5,23617,12.4,419,14804.0, 62.68,2026-05-21
NRVANDANA, SM, 21-May-2026,60.0,61.0,69.9,59.45,69.0,69.0,62.12,774000,480.83,166,333000.0, 43.02,2026-05-21
NSIL, EQ, 21-May-2026,5479.5,5490.0,5624.5,5490.0,5580.0,5553.0,5554.18,1558,86.53,425,808.0, 51.86,2026-05-21
NSLNISP, EQ, 21-May-2026,43.21,43.45,45.5,43.45,44.45,44.37,44.61,7073066,3155.48,25531,2613994.0, 36.96,2026-05-21
NTPC, EQ, 21-May-2026,392.45,393.5,395.55,387.85,388.55,388.8,390.24,10596954,41353.67,93293,6914513.0, 65.25,2026-05-21
NTPCGREEN, EQ, 21-May-2026,105.93,106.1,106.95,105.0,105.49,105.38,105.88,3902812,4132.34,29675,1414471.0, 36.24,2026-05-21
NUCLEUS, EQ, 21-May-2026,794.65,800.0,897.0,787.05,859.0,864.7,862.28,609318,5254.02,17181,60664.0, 9.96,2026-05-21
NURECA, EQ, 21-May-2026,272.65,271.4,279.45,271.2,271.2,271.8,275.46,7730,21.29,316,5126.0, 66.31,2026-05-21
NUVAMA, EQ, 21-May-2026,1476.2,1495.0,1514.9,1474.0,1487.0,1499.0,1501.59,376993,5660.89,21857,146456.0, 38.85,2026-05-21
NUVOCO, EQ, 21-May-2026,314.7,315.05,330.9,313.25,329.0,328.95,324.75,762272,2475.49,19117,348548.0, 45.72,2026-05-21
NV20, EQ, 21-May-2026,14.04,14.12,14.2,14.05,14.12,14.08,14.11,26944,3.8,165,19106.0, 70.91,2026-05-21
NV20BEES, EQ, 21-May-2026,141.19,141.61,143.89,140.65,143.65,141.48,141.45,15463,21.87,212,8979.0, 58.07,2026-05-21
NV20IETF, EQ, 21-May-2026,13.7,14.1,14.1,13.52,13.73,13.71,13.73,872031,119.71,1625,716686.0, 82.19,2026-05-21
NXST, RR, 21-May-2026,156.63,156.11,158.3,154.9,155.78,155.97,155.41,1083676,1684.12,9893,957062.0, 88.32,2026-05-21
NYKAA, EQ, 21-May-2026,273.3,275.75,277.0,272.95,275.0,274.5,274.38,5838024,16018.43,90660,3064328.0, 52.49,2026-05-21
OAL, EQ, 21-May-2026,307.5,319.75,321.6,297.0,302.0,305.85,304.8,26637,81.19,1017,15349.0, 57.62,2026-05-21
OBCL, EQ, 21-May-2026,53.89,54.05,54.52,53.51,53.98,53.75,53.77,1803,0.97,47,1389.0, 77.04,2026-05-21
OBEROIRLTY, EQ, 21-May-2026,1626.7,1639.9,1682.2,1635.0,1645.1,1654.4,1663.65,403175,6707.44,23127,113995.0, 28.27,2026-05-21
OBSCP, SM, 21-May-2026,375.95,396.0,448.0,390.0,430.0,434.75,415.56,444000,1845.08,871,342000.0, 77.03,2026-05-21
OCCLLTD, EQ, 21-May-2026,94.42,93.52,98.2,93.52,98.1,96.79,96.72,64388,62.28,696,43873.0, 68.14,2026-05-21
ODIGMA, EQ, 21-May-2026,26.93,26.96,27.6,26.93,27.12,27.11,27.25,15942,4.34,355,11887.0, 74.56,2026-05-21
OFSS, EQ, 21-May-2026,9703.5,9808.0,9819.5,9652.0,9729.0,9730.5,9743.72,136752,13324.73,20692,46123.0, 33.73,2026-05-21
OIL, EQ, 21-May-2026,504.4,502.0,507.0,499.3,502.1,503.5,503.57,2749706,13846.76,41555,1845096.0, 67.10,2026-05-21
OILCOUNTUB, BE, 21-May-2026,57.36,58.3,58.79,56.25,57.9,57.26,57.55,31526,18.14,179,, -,2026-05-21
OILIETF, EQ, 21-May-2026,11.54,11.69,11.69,11.5,11.53,11.53,11.56,1229557,142.11,2221,706029.0, 57.42,2026-05-21
OLAELEC, EQ, 21-May-2026,36.96,35.63,36.1,34.83,35.54,35.51,35.46,103799544,36803.67,143355,22175155.0, 21.36,2026-05-21
OLECTRA, EQ, 21-May-2026,1220.8,1231.5,1238.9,1204.8,1211.1,1210.7,1219.75,346243,4223.3,15695,128526.0, 37.12,2026-05-21
OLIL, ST, 21-May-2026,464.5,465.0,465.0,449.0,449.0,449.0,451.29,6800,30.69,8,6400.0, 94.12,2026-05-21
OMAXAUTO, BE, 21-May-2026,196.79,204.0,206.62,197.0,206.62,206.62,203.33,41347,84.07,451,, -,2026-05-21
OMAXE, EQ, 21-May-2026,76.67,77.92,78.5,72.71,73.24,73.17,74.51,328433,244.71,1940,205470.0, 62.56,2026-05-21
OMFREIGHT, EQ, 21-May-2026,89.85,89.85,93.0,88.51,89.3,89.81,89.84,23916,21.49,503,9506.0, 39.75,2026-05-21
OMFURN, ST, 21-May-2026,60.0,57.1,57.1,57.0,57.0,57.0,57.03,3600,2.05,3,3600.0, 100.00,2026-05-21
OMINFRAL, EQ, 21-May-2026,86.39,87.09,87.69,84.61,86.02,85.83,86.02,73930,63.59,965,39557.0, 53.51,2026-05-21
OMNI, EQ, 21-May-2026,408.5,416.5,428.25,411.75,425.8,422.95,421.94,349709,1475.55,14055,124890.0, 35.71,2026-05-21
OMPOWER, EQ, 21-May-2026,192.44,193.5,197.29,193.45,194.5,194.81,195.26,273345,533.74,3072,147262.0, 53.87,2026-05-21
ONDOOR, ST, 21-May-2026,177.45,172.05,172.05,168.6,171.0,170.0,170.02,8100,13.77,17,7500.0, 92.59,2026-05-21
ONELIFECAP, EQ, 21-May-2026,22.78,23.91,23.91,23.91,23.91,23.91,23.91,53280,12.74,92,40686.0, 76.36,2026-05-21
ONEPOINT, EQ, 21-May-2026,59.79,59.79,62.6,59.49,60.5,61.15,60.29,1403591,846.28,3504,399518.0, 28.46,2026-05-21
ONESOURCE, EQ, 21-May-2026,1867.4,1888.0,1888.0,1842.2,1863.9,1861.8,1862.61,151600,2823.72,16169,78130.0, 51.54,2026-05-21
ONGC, EQ, 21-May-2026,298.3,296.65,299.6,294.15,295.8,295.85,296.24,14084672,41724.55,78644,8638635.0, 61.33,2026-05-21
ONMOBILE, EQ, 21-May-2026,50.14,49.8,52.06,49.8,50.0,50.29,51.02,374108,190.86,2819,79722.0, 21.31,2026-05-21
ONWARDTEC, EQ, 21-May-2026,260.06,263.95,263.96,257.51,260.48,260.17,260.48,21791,56.76,1249,11158.0, 51.20,2026-05-21
ONYX, SM, 21-May-2026,32.0,30.95,30.95,26.5,27.15,28.65,28.64,14000,4.01,7,12000.0, 85.71,2026-05-21
OPTIEMUS, EQ, 21-May-2026,418.35,420.0,433.6,417.0,420.0,420.4,424.58,93430,396.69,3334,39503.0, 42.28,2026-05-21
OPTIVALUE, SM, 21-May-2026,82.0,83.5,84.5,83.5,84.5,84.5,84.17,4800,4.04,3,4800.0, 100.00,2026-05-21
ORBTEXP, EQ, 21-May-2026,164.05,162.0,166.36,156.1,165.22,163.71,161.84,14436,23.36,429,8248.0, 57.13,2026-05-21
ORCHASP, EQ, 21-May-2026,2.03,2.09,2.09,1.98,2.03,2.02,2.02,130192,2.62,142,87782.0, 67.43,2026-05-21
ORCHPHARMA, EQ, 21-May-2026,715.3,717.55,730.45,700.05,704.0,707.55,716.34,29346,210.22,1933,14917.0, 50.83,2026-05-21
ORIANA, SM, 21-May-2026,1776.5,1800.1,1905.0,1786.55,1852.0,1857.85,1863.9,69525,1295.88,732,40050.0, 57.61,2026-05-21
ORICONENT, EQ, 21-May-2026,64.79,64.56,64.56,62.02,62.8,62.34,63.36,198035,125.48,1534,119265.0, 60.22,2026-05-21
ORIENTALTL, EQ, 21-May-2026,6.46,6.46,6.56,6.25,6.52,6.49,6.45,46775,3.02,267,27420.0, 58.62,2026-05-21
ORIENTBELL, EQ, 21-May-2026,341.75,340.2,351.45,336.0,338.9,339.95,343.76,13039,44.82,511,7801.0, 59.83,2026-05-21
ORIENTCEM, EQ, 21-May-2026,134.61,135.45,136.95,134.81,136.48,136.27,136.01,106482,144.82,2646,51525.0, 48.39,2026-05-21
ORIENTCER, EQ, 21-May-2026,40.25,40.25,40.94,39.65,39.95,40.02,40.14,22065,8.86,396,11844.0, 53.68,2026-05-21
ORIENTELEC, EQ, 21-May-2026,186.52,186.52,187.99,184.1,184.4,184.84,185.76,154014,286.1,3700,61936.0, 40.21,2026-05-21
ORIENTHOT, EQ, 21-May-2026,96.8,97.9,98.56,97.4,97.63,97.91,97.91,100473,98.37,1055,55716.0, 55.45,2026-05-21
ORIENTLTD, EQ, 21-May-2026,60.92,63.4,64.0,61.0,61.5,61.26,62.64,2156,1.35,67,1247.0, 57.84,2026-05-21
ORIENTPPR, EQ, 21-May-2026,17.12,17.15,17.45,16.87,16.88,17.01,17.11,202507,34.66,1131,82755.0, 40.87,2026-05-21
ORIENTTECH, EQ, 21-May-2026,269.85,274.8,276.9,270.6,271.0,271.95,274.21,112796,309.3,3711,48890.0, 43.34,2026-05-21
ORISSAMINE, EQ, 21-May-2026,4045.9,4099.1,4143.7,4040.0,4046.9,4079.6,4086.36,6391,261.16,1451,3181.0, 49.77,2026-05-21
ORKLAINDIA, EQ, 21-May-2026,638.55,635.0,654.9,630.5,647.9,647.15,646.2,242508,1567.08,8569,168918.0, 69.65,2026-05-21
ORTEL, BZ, 21-May-2026,1.6,1.65,1.68,1.52,1.52,1.55,1.56,14952,0.23,28,, -,2026-05-21
ORTINGLOBE, BE, 21-May-2026,15.0,15.75,15.75,14.3,15.6,15.6,15.53,2659,0.41,22,, -,2026-05-21
OSELDEVICE, SM, 21-May-2026,518.6,511.0,518.75,488.6,503.0,501.45,500.18,82000,410.15,242,68400.0, 83.41,2026-05-21
OSIAHYPER, BE, 21-May-2026,4.08,3.88,3.88,3.88,3.88,3.88,3.88,1072143,41.6,1178,, -,2026-05-21
OSWALAGRO, BE, 21-May-2026,44.84,46.45,46.45,43.0,44.5,45.26,44.62,12948,5.78,114,, -,2026-05-21
OSWALGREEN, EQ, 21-May-2026,25.51,25.75,26.5,25.16,25.49,25.43,25.67,117212,30.09,1160,56472.0, 48.18,2026-05-21
OSWALPUMPS, EQ, 21-May-2026,367.75,375.9,375.9,359.45,362.0,362.25,365.72,470193,1719.6,8174,211018.0, 44.88,2026-05-21
OSWALSEEDS, EQ, 21-May-2026,12.0,12.06,12.4,12.06,12.07,12.07,12.09,48694,5.89,117,42587.0, 87.46,2026-05-21
OWAIS, SM, 21-May-2026,140.3,133.75,140.7,133.3,133.3,133.3,135.37,61100,82.71,276,48900.0, 80.03,2026-05-21
PACEDIGITK, EQ, 21-May-2026,179.54,182.8,186.06,180.56,182.74,182.77,183.29,1729978,3170.91,19233,515522.0, 29.80,2026-05-21
PAGEIND, EQ, 21-May-2026,38285.0,38450.0,39600.0,37625.0,38320.0,38380.0,38632.77,88001,33997.22,39278,26779.0, 30.43,2026-05-21
PAISALO, EQ, 21-May-2026,49.32,49.89,51.01,48.75,50.09,49.92,49.92,16014623,7994.14,18348,8467995.0, 52.88,2026-05-21
PAKKA, EQ, 21-May-2026,92.76,94.65,95.09,92.05,92.51,92.48,93.11,44759,41.68,1256,20173.0, 45.07,2026-05-21
PALASHSECU, EQ, 21-May-2026,97.3,97.5,98.95,96.15,96.15,96.15,97.61,217,0.21,22,162.0, 74.65,2026-05-21
PALREDTEC, BE, 21-May-2026,41.33,42.0,43.39,42.0,43.39,43.39,43.25,2723,1.18,34,, -,2026-05-21
PANACEABIO, EQ, 21-May-2026,418.35,421.85,432.0,417.35,424.7,424.3,425.91,189244,806.02,6412,100115.0, 52.90,2026-05-21
PANACHE, EQ, 21-May-2026,357.55,351.55,361.2,344.1,349.95,346.15,350.8,24288,85.2,516,18238.0, 75.09,2026-05-21
PANAMAPET, EQ, 21-May-2026,322.7,323.5,340.3,320.95,323.0,323.65,331.22,458838,1519.75,7984,201427.0, 43.90,2026-05-21
PANSARI, EQ, 21-May-2026,265.9,262.5,273.95,250.0,260.0,262.05,259.24,24591,63.75,501,727.0, 2.96,2026-05-21
PAR, EQ, 21-May-2026,84.94,86.98,86.98,81.0,83.86,83.27,83.45,9452,7.89,288,6895.0, 72.95,2026-05-21
PARACABLES, EQ, 21-May-2026,54.55,55.09,59.35,55.08,57.1,57.17,57.51,2850853,1639.41,10440,1185120.0, 41.57,2026-05-21
PARADEEP, EQ, 21-May-2026,124.36,125.43,125.88,123.13,123.13,123.71,124.2,2275422,2825.97,17120,935395.0, 41.11,2026-05-21
PARAGMILK, EQ, 21-May-2026,211.54,213.49,215.04,209.1,210.0,210.06,211.2,327532,691.75,5019,141349.0, 43.16,2026-05-21
PARAGON, SM, 21-May-2026,47.3,47.9,47.9,47.9,47.9,47.9,47.9,1200,0.57,1,1200.0, 100.00,2026-05-21
PARAMATRIX, SM, 21-May-2026,63.5,64.0,65.0,64.0,65.0,65.0,64.5,2400,1.55,2,2400.0, 100.00,2026-05-21
PARAMOUNT, ST, 21-May-2026,40.85,40.85,42.8,40.5,40.5,40.5,41.38,3600,1.49,3,3600.0, 100.00,2026-05-21
PARAMPARA, ST, 21-May-2026,11.0,11.55,11.55,11.45,11.45,11.45,11.52,24000,2.76,2,24000.0, 100.00,2026-05-21
PARAS, EQ, 21-May-2026,761.85,769.05,824.0,768.5,790.6,790.7,802.4,2784809,22345.33,72247,645744.0, 23.19,2026-05-21
PARASPETRO, EQ, 21-May-2026,2.08,2.17,2.17,2.07,2.09,2.08,2.11,153316,3.24,219,120499.0, 78.60,2026-05-21
PARIN, SM, 21-May-2026,660.8,680.0,680.0,651.5,651.5,663.6,663.98,38500,255.63,108,10000.0, 25.97,2026-05-21
PARKHOSPS, EQ, 21-May-2026,256.21,259.5,264.0,253.13,255.91,255.76,258.19,771198,1991.17,11881,317571.0, 41.18,2026-05-21
PARKHOTELS, EQ, 21-May-2026,117.8,117.8,119.89,117.15,117.55,118.08,118.5,68886,81.63,1990,36399.0, 52.84,2026-05-21
PARSVNATH, BE, 21-May-2026,4.64,4.41,4.41,4.41,4.41,4.41,4.41,212255,9.36,331,, -,2026-05-21
PARTH, ST, 21-May-2026,390.2,404.95,409.7,398.0,409.7,406.7,404.59,24400,98.72,50,23200.0, 95.08,2026-05-21
PASHUPATI, EQ, 21-May-2026,92.0,93.8,95.5,90.0,91.21,91.81,91.94,71347,65.6,1377,46275.0, 64.86,2026-05-21
PASUPTAC, EQ, 21-May-2026,53.48,53.8,55.49,53.53,55.11,54.7,54.22,72101,39.09,497,42310.0, 58.68,2026-05-21
PATANJALI, EQ, 21-May-2026,467.15,470.5,471.5,460.5,460.5,463.25,465.8,2183232,10169.55,102295,559898.0, 25.65,2026-05-21
PATELENG, EQ, 21-May-2026,25.76,25.87,26.24,25.81,25.9,25.91,26.02,1769918,460.5,5225,955912.0, 54.01,2026-05-21
PATELRMART, EQ, 21-May-2026,198.23,202.32,202.33,197.1,197.5,198.56,199.16,70572,140.55,837,55205.0, 78.23,2026-05-21
PATILAUTOM, ST, 21-May-2026,185.5,185.6,190.7,185.0,190.0,189.4,186.36,21600,40.25,30,20400.0, 94.44,2026-05-21
PATINTLOG, EQ, 21-May-2026,11.87,12.0,12.55,11.9,12.17,12.0,12.2,69664,8.5,341,45039.0, 64.65,2026-05-21
PAUSHAKLTD, EQ, 21-May-2026,449.35,452.0,462.8,448.05,455.0,455.35,453.47,10077,45.7,615,5884.0, 58.39,2026-05-21
PAVNAIND, BE, 21-May-2026,17.99,17.78,18.39,17.56,17.81,18.16,17.8,26686,4.75,164,, -,2026-05-21
PAYTM, EQ, 21-May-2026,1153.5,1170.2,1172.0,1141.4,1150.0,1155.6,1154.75,1233342,14242.06,34563,331454.0, 26.87,2026-05-21
PCBL, EQ, 21-May-2026,292.65,293.95,296.25,287.35,288.0,290.15,292.2,1215776,3552.47,20842,254727.0, 20.95,2026-05-21
PCCL, SM, 21-May-2026,281.85,282.0,285.0,281.9,285.0,285.0,283.48,1600,4.54,4,1200.0, 75.00,2026-05-21
PCJEWELLER, EQ, 21-May-2026,8.21,8.28,8.38,8.21,8.28,8.29,8.3,34834719,2892.22,18147,10551788.0, 30.29,2026-05-21
PDMJEPAPER, EQ, 21-May-2026,83.25,85.5,87.4,84.0,84.15,84.22,85.72,335721,287.77,2112,153246.0, 45.65,2026-05-21
PDSL, EQ, 21-May-2026,294.35,299.5,299.5,292.85,293.0,294.25,295.02,70753,208.74,3267,32316.0, 45.67,2026-05-21
PEARLPOLY, BE, 21-May-2026,18.95,19.75,19.75,18.62,19.0,18.9,18.98,6056,1.15,33,, -,2026-05-21
PELATRO, SM, 21-May-2026,270.7,275.0,275.0,275.0,275.0,275.0,275.0,300,0.83,1,300.0, 100.00,2026-05-21
PENIND, EQ, 21-May-2026,149.56,151.0,153.5,147.65,148.2,148.28,150.3,428543,644.12,5433,222651.0, 51.96,2026-05-21
PENINLAND, BE, 21-May-2026,16.42,16.55,16.69,16.23,16.37,16.52,16.5,31489,5.2,182,, -,2026-05-21
PENTAGON, SM, 21-May-2026,72.95,64.55,66.8,64.55,66.8,66.8,65.3,3000,1.96,3,2000.0, 66.67,2026-05-21
PERSISTENT, EQ, 21-May-2026,5084.1,5084.1,5110.0,4995.0,5014.0,5019.0,5043.14,282141,14228.77,22890,89337.0, 31.66,2026-05-21
PETRONET, EQ, 21-May-2026,264.65,264.9,271.95,264.9,269.2,269.9,269.5,2614592,7046.27,30232,1370595.0, 52.42,2026-05-21
PFC, EQ, 21-May-2026,429.35,435.4,441.65,430.0,430.6,431.0,434.24,6959709,30221.98,53695,3935664.0, 56.55,2026-05-21
PFIZER, EQ, 21-May-2026,4687.6,4748.0,4748.0,4609.8,4650.0,4651.3,4646.34,28668,1332.01,6423,14728.0, 51.37,2026-05-21
PFOCUS, BE, 21-May-2026,255.85,260.0,264.0,248.6,251.0,252.4,256.98,404505,1039.49,2705,, -,2026-05-21
PFS, EQ, 21-May-2026,30.0,30.16,31.88,30.16,30.96,30.94,31.09,946646,294.28,6723,461426.0, 48.74,2026-05-21
PGEL, EQ, 21-May-2026,461.85,470.0,475.0,462.55,465.8,464.25,467.07,1852710,8653.54,28536,451144.0, 24.35,2026-05-21
PGHH, EQ, 21-May-2026,9621.0,9725.0,9725.0,9608.0,9700.0,9660.0,9659.65,10378,1002.48,2714,7724.0, 74.43,2026-05-21
PGHL, EQ, 21-May-2026,5358.0,5365.0,5475.0,5318.5,5459.0,5455.0,5411.49,25051,1355.63,2736,21329.0, 85.14,2026-05-21
PGIL, EQ, 21-May-2026,1591.6,1601.0,1652.2,1591.7,1596.5,1610.8,1627.57,31752,516.79,6867,12195.0, 38.41,2026-05-21
PGINVIT, IV, 21-May-2026,92.0,92.04,92.15,91.7,91.95,91.92,91.97,1878379,1727.61,8163,1742017.0, 92.74,2026-05-21
PHANTOMFX, SM, 21-May-2026,177.1,179.5,180.0,174.0,175.0,175.35,177.39,20100,35.66,59,16200.0, 80.60,2026-05-21
PHARMABEES, EQ, 21-May-2026,25.5,24.86,25.79,24.86,25.54,25.49,25.53,6367349,1625.42,9300,3582647.0, 56.27,2026-05-21
PHOENIXLTD, EQ, 21-May-2026,1745.3,1749.0,1805.0,1746.3,1794.7,1795.7,1787.41,497062,8884.55,43636,272941.0, 54.91,2026-05-21
PHOGLOBAL, SM, 21-May-2026,18.0,18.05,19.5,18.0,19.5,19.3,18.82,32000,6.02,15,26000.0, 81.25,2026-05-21
PICCADIL, EQ, 21-May-2026,578.2,579.9,588.0,571.2,574.9,575.0,576.23,47401,273.14,3113,27442.0, 57.89,2026-05-21
PIDILITIND, EQ, 21-May-2026,1455.6,1471.0,1478.4,1465.8,1472.5,1472.8,1472.38,465411,6852.6,24472,272354.0, 58.52,2026-05-21
PIGL, EQ, 21-May-2026,101.29,102.05,104.09,100.0,101.98,101.11,101.76,67501,68.69,951,41034.0, 60.79,2026-05-21
PIIND, EQ, 21-May-2026,2901.2,2898.5,2898.5,2700.0,2750.7,2740.5,2766.68,1677319,46406.01,96162,510126.0, 30.41,2026-05-21
PILANIINVS, EQ, 21-May-2026,4437.8,4450.0,4558.8,4449.6,4549.0,4528.9,4532.11,5224,236.76,646,3942.0, 75.46,2026-05-21
PILITA, BE, 21-May-2026,7.96,8.12,8.28,7.85,7.95,7.94,7.98,22644,1.81,106,, -,2026-05-21
PINELABS, EQ, 21-May-2026,149.27,150.5,152.91,146.78,147.9,148.32,148.87,5080368,7562.95,103657,2433130.0, 47.89,2026-05-21
PIONEEREMB, EQ, 21-May-2026,26.86,26.99,26.99,26.1,26.45,26.2,26.36,3928,1.04,72,3801.0, 96.77,2026-05-21
PIONRINV, EQ, 21-May-2026,115.59,116.16,119.73,110.01,118.99,117.22,114.16,3911,4.46,131,2376.0, 60.75,2026-05-21
PIRAMALFIN, EQ, 21-May-2026,1925.5,1935.0,1954.0,1912.0,1929.7,1924.1,1927.28,174923,3371.25,16115,92164.0, 52.69,2026-05-21
PITTIENG, EQ, 21-May-2026,914.4,916.0,954.5,916.0,936.6,946.6,942.78,35865,338.13,2862,21377.0, 59.60,2026-05-21
PIXTRANS, EQ, 21-May-2026,1538.0,1541.4,1668.3,1541.4,1650.0,1641.7,1623.89,168028,2728.59,13467,42865.0, 25.51,2026-05-21
PKTEA, EQ, 21-May-2026,781.1,781.2,814.5,781.2,800.0,800.0,798.57,3,0.02,3,3.0, 100.00,2026-05-21
PLASTIBLEN, EQ, 21-May-2026,165.5,169.23,169.23,163.01,163.01,163.14,165.03,6475,10.69,280,3022.0, 46.67,2026-05-21
PLATIND, EQ, 21-May-2026,223.54,225.0,227.35,220.34,222.02,222.68,223.12,49596,110.66,1224,27470.0, 55.39,2026-05-21
PLAZACABLE, BE, 21-May-2026,48.48,48.51,50.4,47.11,47.5,48.12,48.71,42113,20.51,473,, -,2026-05-21
PML, EQ, 21-May-2026,555.0,555.0,555.0,530.0,553.8,545.6,542.55,262,1.42,43,210.0, 80.15,2026-05-21
PNB, EQ, 21-May-2026,102.22,103.22,103.45,101.66,101.84,101.92,102.27,21569101,22059.76,58300,10812357.0, 50.13,2026-05-21
PNBGILTS, EQ, 21-May-2026,79.27,79.41,82.8,79.4,80.35,80.84,80.75,2869035,2316.75,16164,609967.0, 21.26,2026-05-21
PNBHOUSING, EQ, 21-May-2026,1060.8,1064.0,1071.0,1049.3,1061.8,1055.9,1060.79,930612,9871.87,33131,554630.0, 59.60,2026-05-21
PNC, EQ, 21-May-2026,18.62,18.98,18.98,18.35,18.78,18.41,18.62,12959,2.41,91,5463.0, 42.16,2026-05-21
PNCINFRA, EQ, 21-May-2026,209.08,211.0,224.7,211.0,213.5,213.15,219.28,1462919,3207.96,25651,248590.0, 16.99,2026-05-21
PNGJL, EQ, 21-May-2026,521.25,524.4,532.35,512.8,524.5,524.95,519.72,565075,2936.78,11741,253524.0, 44.87,2026-05-21
PNGSREVA, EQ, 21-May-2026,408.4,415.05,417.6,395.2,410.0,399.6,406.67,118212,480.73,4397,56804.0, 48.05,2026-05-21
POCL, EQ, 21-May-2026,1457.4,1480.0,1480.0,1422.3,1444.9,1448.4,1452.02,316304,4592.81,18781,128957.0, 40.77,2026-05-21
PODDARMENT, EQ, 21-May-2026,250.0,252.45,256.95,243.85,249.0,253.35,252.19,1877,4.73,82,1102.0, 58.71,2026-05-21
POKARNA, EQ, 21-May-2026,824.25,826.0,840.95,820.05,821.0,823.15,827.88,67475,558.61,2173,48285.0, 71.56,2026-05-21
POLICYBZR, EQ, 21-May-2026,1830.0,1830.0,1843.2,1814.6,1816.1,1819.3,1822.51,1110039,20230.53,50609,620664.0, 55.91,2026-05-21
POLYCAB, EQ, 21-May-2026,9199.0,9235.0,9309.5,9176.0,9184.0,9193.5,9229.99,231631,21379.51,33331,86478.0, 37.33,2026-05-21
POLYMED, EQ, 21-May-2026,1459.4,1465.0,1563.0,1461.5,1559.0,1550.6,1522.52,240513,3661.86,18510,90025.0, 37.43,2026-05-21
POLYPLEX, EQ, 21-May-2026,888.6,892.8,1011.9,892.8,976.0,983.85,986.34,1812219,17874.64,53767,286738.0, 15.82,2026-05-21
POLYSIL, ST, 21-May-2026,141.65,144.9,148.7,144.9,148.7,148.7,148.04,3500,5.18,7,3500.0, 100.00,2026-05-21
PONNIERODE, EQ, 21-May-2026,306.15,311.55,311.55,303.2,303.2,303.7,304.69,6967,21.23,239,4685.0, 67.25,2026-05-21
POONAWALLA, EQ, 21-May-2026,400.1,405.0,405.0,395.0,395.95,396.3,398.94,954628,3808.39,29122,531237.0, 55.65,2026-05-21
POSITRON, ST, 21-May-2026,183.7,183.8,186.1,183.5,184.05,184.1,184.12,6000,11.05,13,5700.0, 95.00,2026-05-21
POWERGRID, EQ, 21-May-2026,299.9,302.4,304.5,298.7,299.1,299.55,301.83,10353164,31249.45,76572,6588119.0, 63.63,2026-05-21
POWERICA, EQ, 21-May-2026,559.25,579.0,581.9,550.15,554.0,555.0,569.29,477696,2719.49,20332,207900.0, 43.52,2026-05-21
POWERINDIA, EQ, 21-May-2026,35525.0,35980.0,36750.0,35850.0,36500.0,36450.0,36375.73,164536,59851.17,52510,41925.0, 25.48,2026-05-21
POWERMECH, EQ, 21-May-2026,2459.8,2524.0,2625.0,2452.7,2473.8,2473.9,2527.04,359651,9088.54,37965,121850.0, 33.88,2026-05-21
PPAP, EQ, 21-May-2026,208.06,212.5,216.9,208.0,209.4,208.63,211.72,15976,33.82,768,3766.0, 23.57,2026-05-21
PPL, EQ, 21-May-2026,186.89,189.69,192.91,187.97,189.95,190.23,190.44,74808,142.46,1789,33428.0, 44.69,2026-05-21
PPLPHARMA, EQ, 21-May-2026,176.35,177.39,178.0,174.52,176.69,176.08,175.6,1983146,3482.33,23141,830748.0, 41.89,2026-05-21
PPSL, ST, 21-May-2026,6.4,6.3,6.3,6.3,6.3,6.3,6.3,3000,0.19,1,3000.0, 100.00,2026-05-21
PRABHA, EQ, 21-May-2026,167.23,167.0,171.99,167.0,168.65,169.01,169.13,34350,58.1,662,17510.0, 50.98,2026-05-21
PRADPME, EQ, 21-May-2026,395.4,397.5,397.9,378.1,387.5,382.1,386.67,22710,87.81,699,17857.0, 78.63,2026-05-21
PRAENG, EQ, 21-May-2026,21.54,21.8,22.38,21.66,21.95,21.98,21.86,12765,2.79,148,9167.0, 71.81,2026-05-21
PRAJIND, EQ, 21-May-2026,386.8,389.05,396.55,385.85,389.5,390.45,391.02,1169092,4571.38,21011,629095.0, 53.81,2026-05-21
PRAKASH, EQ, 21-May-2026,147.57,148.5,151.62,148.38,149.9,149.52,149.78,310454,465.01,3252,173427.0, 55.86,2026-05-21
PRAKASHSTL, EQ, 21-May-2026,4.37,4.44,4.44,4.31,4.38,4.34,4.35,104062,4.53,305,72624.0, 69.79,2026-05-21
PRAMARA, SM, 21-May-2026,247.35,197.9,232.9,197.9,197.9,197.9,206.14,921000,1898.59,813,537500.0, 58.36,2026-05-21
PRANIK, SM, 21-May-2026,49.65,49.65,49.65,49.65,49.65,49.65,49.65,1600,0.79,1,1600.0, 100.00,2026-05-21
PRATHAM, SM, 21-May-2026,132.2,130.0,143.0,130.0,140.0,141.05,136.32,14000,19.09,31,10400.0, 74.29,2026-05-21
PRAVEG, EQ, 21-May-2026,255.2,259.75,259.75,252.9,253.0,254.35,254.65,31455,80.1,585,20932.0, 66.55,2026-05-21
PRAXIS, BE, 21-May-2026,7.22,7.4,7.49,7.05,7.3,7.3,7.39,4374,0.32,27,, -,2026-05-21
PRECAM, EQ, 21-May-2026,149.96,150.5,175.29,150.5,164.8,165.18,167.05,5261450,8789.01,53577,448237.0, 8.52,2026-05-21
PRECOT, EQ, 21-May-2026,716.0,724.9,783.9,720.0,778.0,769.4,745.11,30808,229.55,1880,16425.0, 53.31,2026-05-21
PRECWIRE, EQ, 21-May-2026,396.6,401.3,406.05,395.15,398.0,398.4,400.37,556848,2229.45,17840,187846.0, 33.73,2026-05-21
PREMCO, EQ, 21-May-2026,391.05,401.2,401.2,388.05,393.7,390.55,390.36,453,1.77,55,369.0, 81.46,2026-05-21
PREMEXPLN, EQ, 21-May-2026,556.45,559.8,583.25,555.15,576.6,575.85,576.1,973715,5609.59,20888,404788.0, 41.57,2026-05-21
PREMIER, BE, 21-May-2026,3.03,3.03,3.03,2.92,3.02,3.02,3.02,6201,0.19,27,, -,2026-05-21
PREMIERENE, EQ, 21-May-2026,992.4,994.2,1026.1,992.7,1010.0,1015.1,1010.79,2372125,23977.24,43321,903922.0, 38.11,2026-05-21
PREMIERPOL, BE, 21-May-2026,55.87,58.66,58.66,56.0,57.6,57.28,58.13,178649,103.86,561,, -,2026-05-21
PREMIUM, SM, 21-May-2026,36.5,36.9,36.9,36.5,36.5,36.5,36.63,9000,3.3,2,9000.0, 100.00,2026-05-21
PRESSTONIC, ST, 21-May-2026,36.1,35.0,35.5,34.3,34.3,34.3,34.57,60000,20.74,64,52800.0, 88.00,2026-05-21
PRESTIGE, EQ, 21-May-2026,1387.8,1399.8,1416.0,1373.4,1380.0,1385.6,1396.5,1164387,16260.61,25111,730206.0, 62.71,2026-05-21
PRICOLLTD, EQ, 21-May-2026,538.3,545.0,555.7,540.3,553.75,553.6,546.99,750004,4102.42,23799,418930.0, 55.86,2026-05-21
PRIMECAB, ST, 21-May-2026,113.2,113.0,118.85,109.0,118.85,118.85,117.11,83200,97.44,48,76800.0, 92.31,2026-05-21
PRIMESECU, EQ, 21-May-2026,281.2,281.15,285.4,280.1,280.1,282.2,281.97,2028,5.72,123,777.0, 38.31,2026-05-21
PRIMO, EQ, 21-May-2026,22.57,22.97,23.0,22.15,22.4,22.26,22.55,113013,25.48,634,79933.0, 70.73,2026-05-21
PRINCEPIPE, EQ, 21-May-2026,265.1,268.9,276.45,268.1,269.45,269.1,272.03,1166945,3174.42,16427,313958.0, 26.90,2026-05-21
PRITI, EQ, 21-May-2026,44.7,43.81,45.6,42.75,44.2,44.22,44.15,5009,2.21,105,3811.0, 76.08,2026-05-21
PRITIKA, SM, 21-May-2026,71.0,70.65,74.0,70.65,72.5,72.5,72.81,18000,13.11,9,14000.0, 77.78,2026-05-21
PRITIKAUTO, EQ, 21-May-2026,13.62,13.55,14.22,13.55,14.0,14.02,13.97,123177,17.21,534,111518.0, 90.53,2026-05-21
PRIVISCL, EQ, 21-May-2026,3173.0,3176.1,3282.0,3176.1,3265.0,3267.3,3250.58,96525,3137.62,12033,52164.0, 54.04,2026-05-21
PRIZOR, ST, 21-May-2026,669.5,689.8,702.0,650.0,650.0,658.2,679.28,17600,119.55,41,16000.0, 90.91,2026-05-21
PRLIND, SM, 21-May-2026,61.0,60.0,61.0,58.7,59.95,59.95,59.61,11000,6.56,8,8000.0, 72.73,2026-05-21
PROFX, SM, 21-May-2026,81.25,81.4,85.0,81.4,85.0,84.55,84.55,12800,10.82,8,12800.0, 100.00,2026-05-21
PROLIFE, SM, 21-May-2026,60.0,60.0,60.0,59.05,60.0,59.5,59.58,4500,2.68,5,4500.0, 100.00,2026-05-21
PROPEQUITY, SM, 21-May-2026,253.1,254.0,268.0,254.0,254.0,259.25,260.22,5400,14.05,9,5400.0, 100.00,2026-05-21
PROSTARM, EQ, 21-May-2026,151.66,155.0,162.29,153.64,161.0,161.15,159.17,686528,1092.73,7899,274795.0, 40.03,2026-05-21
PROTEAN, EQ, 21-May-2026,545.2,601.0,654.2,601.0,654.2,654.2,645.93,4592822,29666.55,45763,1165347.0, 25.37,2026-05-21
PROV, SM, 21-May-2026,1598.0,1598.0,1650.0,1565.0,1650.0,1641.05,1621.55,2240,36.32,26,1920.0, 85.71,2026-05-21
PROZONER, EQ, 21-May-2026,53.15,54.1,54.5,51.38,51.55,51.8,52.94,198384,105.02,915,124703.0, 62.86,2026-05-21
PRSMJOHNSN, EQ, 21-May-2026,120.46,121.34,121.4,117.5,117.99,117.83,118.24,563428,666.19,12481,284719.0, 50.53,2026-05-21
PRUDENT, EQ, 21-May-2026,2690.9,2700.0,2750.0,2651.0,2671.0,2687.7,2685.47,25497,684.72,5641,17295.0, 67.83,2026-05-21
PRUDMOULI, EQ, 21-May-2026,15.38,16.1,16.1,15.0,15.84,15.7,15.54,10748,1.67,59,7326.0, 68.16,2026-05-21
PSB, EQ, 21-May-2026,23.54,23.87,23.93,23.61,23.7,23.69,23.76,749260,178.05,4124,406462.0, 54.25,2026-05-21
PSFL, SM, 21-May-2026,31.0,30.85,31.0,30.85,31.0,31.0,30.97,10000,3.1,5,10000.0, 100.00,2026-05-21
PSPPROJECT, EQ, 21-May-2026,767.15,782.5,796.95,771.45,782.9,785.45,785.54,83074,652.58,4920,40195.0, 48.38,2026-05-21
PSRAJ, SM, 21-May-2026,400.0,400.0,408.95,392.0,407.0,405.25,403.99,12000,48.48,15,3500.0, 29.17,2026-05-21
PSUBANK, EQ, 21-May-2026,800.5,804.51,808.16,800.0,806.0,802.91,803.8,35386,284.43,558,18936.0, 53.51,2026-05-21
PSUBANKADD, EQ, 21-May-2026,80.58,81.51,81.76,79.23,81.0,80.15,80.8,50646,40.92,236,34857.0, 68.82,2026-05-21
PSUBNKBEES, EQ, 21-May-2026,89.24,89.24,90.51,89.09,89.35,89.29,89.7,1948515,1747.84,7805,995659.0, 51.10,2026-05-21
PSUBNKIETF, EQ, 21-May-2026,81.01,81.74,82.1,80.95,81.23,81.27,81.32,79607,64.74,990,36820.0, 46.25,2026-05-21
PTC, EQ, 21-May-2026,196.32,197.01,202.9,195.2,195.8,196.01,199.06,1361894,2710.92,15026,600218.0, 44.07,2026-05-21
PTCIL, EQ, 21-May-2026,15796.0,15880.0,16110.0,15700.0,15700.0,15714.0,15860.4,11653,1848.21,3795,4374.0, 37.54,2026-05-21
PTL, EQ, 21-May-2026,39.0,39.01,39.3,38.91,38.92,39.0,39.03,22203,8.67,295,18183.0, 81.89,2026-05-21
PULZ, SM, 21-May-2026,23.0,22.0,22.6,21.95,22.6,22.6,22.08,14000,3.09,5,12000.0, 85.71,2026-05-21
PUNJABCHEM, EQ, 21-May-2026,1017.8,1026.5,1032.1,1012.3,1016.0,1021.0,1023.7,5988,61.3,560,4531.0, 75.67,2026-05-21
PURPLEUTED, SM, 21-May-2026,371.55,390.1,390.1,390.1,390.1,390.1,390.1,5000,19.51,10,5000.0, 100.00,2026-05-21
PURVA, EQ, 21-May-2026,221.23,224.8,225.21,221.0,221.95,223.41,223.27,310130,692.41,8799,81527.0, 26.29,2026-05-21
PUSHPA, SM, 21-May-2026,127.65,122.75,124.0,122.0,124.0,123.55,123.04,34000,41.83,22,28000.0, 82.35,2026-05-21
PVP, EQ, 21-May-2026,25.99,26.55,27.24,25.87,26.01,26.24,26.25,799141,209.8,3537,281536.0, 35.23,2026-05-21
PVRINOX, EQ, 21-May-2026,996.1,997.0,1003.5,983.0,985.1,987.6,994.49,107230,1066.4,9828,57654.0, 53.77,2026-05-21
PVSL, EQ, 21-May-2026,105.58,105.57,109.3,104.11,108.0,107.84,107.81,105785,114.05,2116,82191.0, 77.70,2026-05-21
PVTBANIETF, EQ, 21-May-2026,26.23,26.51,26.54,26.05,26.22,26.2,26.19,6116154,1601.65,2655,5421387.0, 88.64,2026-05-21
PVTBANKADD, EQ, 21-May-2026,26.4,26.6,26.67,26.18,26.59,26.34,26.28,40897,10.75,130,31939.0, 78.10,2026-05-21
PWL, EQ, 21-May-2026,112.55,112.9,113.98,109.0,109.8,109.85,110.73,2661414,2946.97,16834,1008530.0, 37.89,2026-05-21
PYRAMID, EQ, 21-May-2026,169.8,173.58,176.55,170.95,174.0,174.07,174.53,35477,61.92,616,23118.0, 65.16,2026-05-21
QGOLDHALF, EQ, 21-May-2026,130.89,130.9,131.59,130.7,131.07,131.0,131.04,79594,104.3,599,54593.0, 68.59,2026-05-21
QNIFTY, EQ, 21-May-2026,259.2,259.4,260.8,259.0,259.0,259.0,259.47,315,0.82,43,296.0, 93.97,2026-05-21
QPOWER, BE, 21-May-2026,1068.4,1090.1,1121.8,1090.1,1121.8,1121.8,1119.11,166722,1865.81,1737,, -,2026-05-21
QUADFUTURE, EQ, 21-May-2026,283.45,287.7,292.65,277.25,281.0,280.6,284.42,340003,967.02,7237,129078.0, 37.96,2026-05-21
QUAL30IETF, EQ, 21-May-2026,20.79,20.95,20.97,20.71,20.92,20.8,20.82,147967,30.8,221,130777.0, 88.38,2026-05-21
QUALITY30, EQ, 21-May-2026,20.37,20.6,20.6,20.42,20.52,20.47,20.48,5365,1.1,25,2753.0, 51.31,2026-05-21
QUESS, EQ, 21-May-2026,201.86,205.0,205.0,200.73,201.0,201.42,202.32,106251,214.96,4027,48270.0, 45.43,2026-05-21
QUESTLAB, ST, 21-May-2026,108.6,104.5,109.0,104.0,108.0,108.0,106.22,50400,53.54,25,48000.0, 95.24,2026-05-21
QUICKHEAL, EQ, 21-May-2026,211.99,214.2,216.45,209.0,209.86,212.74,212.44,810517,1721.83,13378,198006.0, 24.43,2026-05-21
QUICKTOUCH, SM, 21-May-2026,26.0,26.95,27.25,25.5,27.2,26.45,26.76,5000,1.34,10,4000.0, 80.00,2026-05-21
QUINT, EQ, 21-May-2026,38.9,38.9,42.0,38.9,41.5,41.5,40.23,482,0.19,10,482.0, 100.00,2026-05-21
QVCEL, SM, 21-May-2026,25.0,25.2,25.2,25.2,25.2,25.2,25.2,1600,0.4,1,1600.0, 100.00,2026-05-21
RACE, BE, 21-May-2026,120.12,125.12,125.12,121.0,121.0,121.0,121.73,1301,1.58,24,, -,2026-05-21
RACLGEAR, EQ, 21-May-2026,1270.0,1299.9,1425.0,1275.0,1398.9,1398.9,1378.91,147962,2040.27,10442,48102.0, 32.51,2026-05-21
RADAAN, EQ, 21-May-2026,2.92,2.87,3.12,2.87,3.09,3.05,3.05,37511,1.14,135,27499.0, 73.31,2026-05-21
RADHIKAJWE, EQ, 21-May-2026,59.14,56.49,58.0,55.05,56.55,56.65,56.85,275052,156.38,2880,127980.0, 46.53,2026-05-21
RADIANTCMS, EQ, 21-May-2026,40.56,41.25,42.0,40.12,40.53,40.69,40.95,32866,13.46,512,23434.0, 71.30,2026-05-21
RADICO, EQ, 21-May-2026,3565.9,3584.9,3605.0,3537.9,3570.0,3571.9,3574.36,218325,7803.71,44398,118796.0, 54.41,2026-05-21
RADIOCITY, EQ, 21-May-2026,6.1,6.07,6.22,6.04,6.12,6.12,6.15,8376,0.52,62,8314.0, 99.26,2026-05-21
RADIOWALLA, SM, 21-May-2026,32.9,32.9,32.9,31.3,31.3,31.3,31.54,11200,3.53,7,9600.0, 85.71,2026-05-21
RAILTEL, EQ, 21-May-2026,320.3,325.1,327.25,319.15,321.1,321.1,322.99,697177,2251.84,11569,241542.0, 34.65,2026-05-21
RAIN, EQ, 21-May-2026,152.84,154.75,158.88,152.64,154.35,153.26,155.37,2949028,4582.02,23973,1181534.0, 40.07,2026-05-21
RAINBOW, EQ, 21-May-2026,1342.0,1359.5,1365.0,1336.0,1350.0,1344.8,1349.13,64120,865.06,5083,33452.0, 52.17,2026-05-21
RAJESHEXPO, BZ, 21-May-2026,108.68,106.3,108.9,106.0,107.99,107.39,107.4,110514,118.69,1735,, -,2026-05-21
RAJINDLTD, SM, 21-May-2026,77.5,76.3,78.3,74.0,78.3,78.0,76.51,36000,27.54,22,19500.0, 54.17,2026-05-21
RAJMET, EQ, 21-May-2026,3.91,3.89,3.97,3.89,3.97,3.93,3.92,255638,10.02,706,183007.0, 71.59,2026-05-21
RAJOOENG, EQ, 21-May-2026,54.65,55.0,55.72,54.76,55.4,55.45,55.28,161349,89.2,1624,84249.0, 52.22,2026-05-21
RAJPALAYAM, EQ, 21-May-2026,757.0,755.1,775.0,751.1,762.5,755.85,755.92,5799,43.84,112,3842.0, 66.25,2026-05-21
RAJPUTANA, SM, 21-May-2026,241.0,241.0,241.0,237.0,237.0,237.0,239.0,1000,2.39,2,1000.0, 100.00,2026-05-21
RAJRATAN, EQ, 21-May-2026,410.2,412.3,419.0,408.2,415.0,410.9,414.47,57418,237.98,4039,30365.0, 52.88,2026-05-21
RAJRILTD, BE, 21-May-2026,19.98,19.98,20.34,19.6,20.32,19.96,19.89,19045,3.79,137,, -,2026-05-21
RAJSREESUG, EQ, 21-May-2026,33.95,35.68,37.7,34.8,36.55,37.0,37.0,252759,93.51,1852,118086.0, 46.72,2026-05-21
RAJTV, EQ, 21-May-2026,20.53,20.99,21.73,20.5,20.71,20.63,20.88,16081,3.36,145,11101.0, 69.03,2026-05-21
RALLIS, EQ, 21-May-2026,247.9,249.95,252.0,248.75,251.85,250.4,250.51,210637,527.66,8434,97630.0, 46.35,2026-05-21
RAMANEWS, EQ, 21-May-2026,29.71,30.0,30.4,28.99,29.28,29.37,29.36,28687,8.42,220,21954.0, 76.53,2026-05-21
RAMAPHO, EQ, 21-May-2026,122.04,120.61,124.32,120.61,121.1,121.66,121.95,38013,46.36,1098,18015.0, 47.39,2026-05-21
RAMASTEEL, EQ, 21-May-2026,5.15,5.18,5.3,5.16,5.18,5.17,5.23,3694054,193.15,4155,1651432.0, 44.71,2026-05-21
RAMCOCEM, EQ, 21-May-2026,879.95,887.9,913.35,884.0,907.0,906.6,900.44,179559,1616.82,12089,87229.0, 48.58,2026-05-21
RAMCOIND, EQ, 21-May-2026,273.95,276.9,279.95,273.0,276.55,277.9,277.4,41296,114.56,1350,23151.0, 56.06,2026-05-21
RAMCOSYS, EQ, 21-May-2026,392.95,394.75,398.4,389.15,391.95,391.6,392.5,45197,177.4,1333,28645.0, 63.38,2026-05-21
RAMKY, EQ, 21-May-2026,444.35,444.35,452.0,441.25,442.05,442.7,446.86,24727,110.49,909,17197.0, 69.55,2026-05-21
RAMRAT, EQ, 21-May-2026,437.85,440.55,447.7,430.0,432.45,431.45,438.86,125843,552.28,4807,63857.0, 50.74,2026-05-21
RANASUG, EQ, 21-May-2026,12.65,12.75,13.02,12.4,12.62,12.57,12.67,181502,23.0,952,102173.0, 56.29,2026-05-21
RANEHOLDIN, EQ, 21-May-2026,1472.0,1485.0,1498.1,1404.0,1407.0,1410.7,1423.22,59726,850.03,14800,46399.0, 77.69,2026-05-21
RAPIDFLEET, SM, 21-May-2026,186.1,197.5,198.8,193.05,195.0,194.75,195.86,20400,39.95,28,5400.0, 26.47,2026-05-21
RAPPID, SM, 21-May-2026,249.5,250.0,251.0,237.35,237.35,237.95,241.88,15600,37.73,26,12000.0, 76.92,2026-05-21
RATEGAIN, EQ, 21-May-2026,659.5,671.35,685.0,645.55,648.1,652.45,669.67,2581648,17288.54,88544,654834.0, 25.36,2026-05-21
RATNAMANI, EQ, 21-May-2026,2539.8,2528.0,2553.8,2505.7,2540.0,2528.8,2527.82,25624,647.73,4782,8456.0, 33.00,2026-05-21
RATNAVEER, EQ, 21-May-2026,182.91,185.0,189.4,183.68,184.5,186.2,186.01,1196869,2226.34,10529,473038.0, 39.52,2026-05-21
RAYMOND, EQ, 21-May-2026,541.5,545.0,559.95,535.0,542.0,541.5,547.77,1003563,5497.24,18909,307642.0, 30.65,2026-05-21
RAYMONDLSL, EQ, 21-May-2026,727.4,735.0,738.95,723.0,724.2,726.65,730.0,138167,1008.61,8669,64204.0, 46.47,2026-05-21
RAYMONDREL, EQ, 21-May-2026,565.3,568.8,586.45,550.0,550.2,551.15,565.57,446116,2523.12,11859,151508.0, 33.96,2026-05-21
RBA, EQ, 21-May-2026,68.43,68.25,68.95,67.75,67.93,67.94,68.15,1905817,1298.88,3718,1527487.0, 80.15,2026-05-21
RBLBANK, EQ, 21-May-2026,328.5,333.0,335.3,326.55,328.0,328.75,330.49,2458845,8126.19,25560,793407.0, 32.27,2026-05-21
RBMINFRA, SM, 21-May-2026,370.65,370.0,376.0,365.0,366.0,367.7,372.23,9400,34.99,31,8000.0, 85.11,2026-05-21
RBS, ST, 21-May-2026,102.0,103.0,103.0,99.0,99.0,99.0,100.14,5600,5.61,4,4800.0, 85.71,2026-05-21
RBZJEWEL, EQ, 21-May-2026,124.55,126.73,127.0,124.47,124.5,125.57,125.87,38234,48.13,920,21167.0, 55.36,2026-05-21
RCDL, SM, 21-May-2026,22.1,21.0,22.0,21.0,22.0,22.0,21.25,12000,2.55,4,9000.0, 75.00,2026-05-21
RCF, EQ, 21-May-2026,124.18,125.1,127.69,124.5,124.95,125.37,125.99,1505958,1897.29,15032,490932.0, 32.60,2026-05-21
RCOM, BE, 21-May-2026,0.91,0.92,0.93,0.91,0.92,0.91,0.92,1689592,15.5,1388,, -,2026-05-21
READYMIX, SM, 21-May-2026,85.0,86.0,86.0,86.0,86.0,86.0,86.0,1000,0.86,1,1000.0, 100.00,2026-05-21
RECLTD, EQ, 21-May-2026,333.0,336.4,338.8,333.0,333.2,333.7,335.61,4807537,16134.51,44209,2730479.0, 56.80,2026-05-21
REDINGTON, EQ, 21-May-2026,224.18,225.0,226.38,218.09,219.78,219.82,221.08,2850571,6302.11,41227,1317073.0, 46.20,2026-05-21
REDTAPE, EQ, 21-May-2026,128.31,128.31,129.0,125.3,128.5,128.5,128.09,420075,538.08,15432,250907.0, 59.73,2026-05-21
REFEX, EQ, 21-May-2026,277.05,280.05,288.8,276.4,278.0,278.55,280.93,1029974,2893.53,14837,380226.0, 36.92,2026-05-21
REFRACTORY, SM, 21-May-2026,40.3,40.3,40.3,38.85,38.85,38.9,39.22,7000,2.75,7,7000.0, 100.00,2026-05-21
REGAAL, BE, 21-May-2026,79.3,79.3,83.26,79.3,83.26,83.26,82.2,187814,154.39,626,, -,2026-05-21
REGENCERAM, EQ, 21-May-2026,42.6,42.7,43.39,41.5,41.51,41.69,42.16,1620,0.68,54,1581.0, 97.59,2026-05-21
RELAXO, EQ, 21-May-2026,291.3,293.9,297.2,290.85,291.9,293.8,293.92,59081,173.65,4011,29626.0, 50.14,2026-05-21
RELCHEMQ, EQ, 21-May-2026,121.34,120.74,125.0,118.5,124.0,122.87,122.23,3110,3.8,95,1780.0, 57.23,2026-05-21
RELIABLE, EQ, 21-May-2026,132.09,133.0,133.9,128.55,131.29,130.59,130.22,13771,17.93,306,9175.0, 66.63,2026-05-21
RELIANCE, EQ, 21-May-2026,1359.7,1367.2,1370.9,1345.2,1349.0,1349.6,1352.83,17150630,232018.23,275605,6676740.0, 38.93,2026-05-21
RELIGARE, EQ, 21-May-2026,228.52,229.2,233.0,227.01,230.35,229.96,230.25,1094883,2520.92,12104,676281.0, 61.77,2026-05-21
RELTD, EQ, 21-May-2026,128.5,129.99,130.0,127.21,129.5,129.03,128.68,58241,74.95,1161,28973.0, 49.75,2026-05-21
REMSONSIND, EQ, 21-May-2026,97.52,98.23,102.99,95.7,102.23,100.91,97.54,376513,367.27,3086,191227.0, 50.79,2026-05-21
REMUS, SM, 21-May-2026,855.25,840.0,858.05,800.0,801.0,804.95,820.81,13000,106.7,111,9600.0, 73.85,2026-05-21
RENUKA, EQ, 21-May-2026,24.28,24.49,24.6,23.87,23.92,23.93,24.17,6641414,1604.91,13461,2782096.0, 41.89,2026-05-21
REPCOHOME, EQ, 21-May-2026,393.25,394.0,399.0,390.3,394.0,394.35,394.39,101422,400.0,2429,43161.0, 42.56,2026-05-21
REPL, EQ, 21-May-2026,71.34,70.21,72.9,70.21,72.44,71.42,71.62,2565,1.84,68,1749.0, 68.19,2026-05-21
REPRO, EQ, 21-May-2026,360.25,359.9,372.5,357.05,362.2,368.7,365.03,15310,55.89,887,8671.0, 56.64,2026-05-21
RESPONIND, EQ, 21-May-2026,164.71,166.41,169.7,165.0,165.01,165.47,167.32,104777,175.31,1725,25263.0, 24.11,2026-05-21
RETAIL, EQ, 21-May-2026,20.08,19.95,21.49,19.95,20.0,20.0,20.23,32,0.01,9,27.0, 84.38,2026-05-21
REXPIPES, SM, 21-May-2026,188.9,194.5,194.5,179.5,179.5,179.5,185.31,13000,24.09,10,12000.0, 92.31,2026-05-21
REXPRO, SM, 21-May-2026,40.05,42.0,42.05,42.0,42.05,42.05,42.04,5000,2.1,5,4000.0, 80.00,2026-05-21
RFBL, ST, 21-May-2026,57.85,60.7,60.7,60.65,60.7,60.7,60.7,969000,588.16,209,654000.0, 67.49,2026-05-21
RGL, EQ, 21-May-2026,102.54,102.25,104.0,102.0,103.2,102.9,102.68,314069,322.49,2824,158651.0, 50.51,2026-05-21
RHETAN, EQ, 21-May-2026,27.96,28.38,28.6,28.04,28.52,28.48,28.24,3535626,998.63,3009,695601.0, 19.67,2026-05-21
RHFL, BZ, 21-May-2026,2.25,2.29,2.29,2.18,2.2,2.19,2.23,668725,14.92,799,, -,2026-05-21
RHIM, EQ, 21-May-2026,386.45,389.5,421.45,388.0,400.0,398.8,404.27,2587353,10459.89,41475,1373798.0, 53.10,2026-05-21
RHL, EQ, 21-May-2026,190.75,196.0,196.0,189.17,193.8,192.24,194.19,9786,19.0,199,6714.0, 68.61,2026-05-21
RICHA, SM, 21-May-2026,81.55,80.0,83.5,78.0,83.5,82.15,80.94,152000,123.02,24,151000.0, 99.34,2026-05-21
RICOAUTO, EQ, 21-May-2026,114.83,115.75,117.95,115.51,116.34,116.42,116.72,706277,824.38,5107,209777.0, 29.70,2026-05-21
RIIL, EQ, 21-May-2026,747.55,754.4,768.15,747.55,749.2,752.55,757.76,78267,593.08,4391,19747.0, 25.23,2026-05-21
RIIT, IV, 21-May-2026,110.52,111.0,111.0,110.56,111.0,110.83,110.78,102484,113.53,240,89248.0, 87.08,2026-05-21
RILINFRA, SM, 21-May-2026,31.95,32.0,32.0,31.0,31.9,31.9,31.68,6400,2.03,35,4900.0, 76.56,2026-05-21
RISHABH, EQ, 21-May-2026,520.55,521.9,537.95,512.3,515.7,517.2,526.63,151189,796.21,6530,49443.0, 32.70,2026-05-21
RITCO, EQ, 21-May-2026,260.82,260.25,270.1,258.3,262.0,261.4,264.31,98652,260.75,1431,47816.0, 48.47,2026-05-21
RITES, EQ, 21-May-2026,204.22,206.49,207.89,204.0,204.3,204.85,205.65,373167,767.43,10082,153416.0, 41.11,2026-05-21
RITEZONE, ST, 21-May-2026,21.2,21.15,21.5,20.25,21.05,20.9,20.79,56000,11.64,14,54400.0, 97.14,2026-05-21
RKDL, EQ, 21-May-2026,20.56,21.0,21.8,20.61,20.72,20.78,21.1,17761,3.75,212,10916.0, 61.46,2026-05-21
RKEC, EQ, 21-May-2026,30.98,31.96,32.35,30.71,31.3,31.74,31.47,22104,6.96,295,15839.0, 71.66,2026-05-21
RKFORGE, EQ, 21-May-2026,557.9,556.0,571.4,556.0,570.0,566.2,564.49,201297,1136.29,6526,111139.0, 55.21,2026-05-21
RKSWAMY, EQ, 21-May-2026,97.86,97.86,103.49,97.05,100.0,100.48,100.34,137484,137.95,2071,60554.0, 44.04,2026-05-21
RMC, BE, 21-May-2026,399.75,406.2,408.95,385.3,392.9,392.6,396.96,14868,59.02,221,, -,2026-05-21
RMDRIP, EQ, 21-May-2026,19.47,19.41,19.65,18.54,18.6,18.69,19.09,767337,146.51,1995,446365.0, 58.17,2026-05-21
RML, EQ, 21-May-2026,886.05,892.95,931.0,888.05,928.0,927.0,914.85,46111,421.85,2629,28756.0, 62.36,2026-05-21
RNBDENIMS, EQ, 21-May-2026,11.42,11.45,11.64,10.85,11.03,11.05,11.33,1202519,136.22,1312,1016624.0, 84.54,2026-05-21
RNFI, SM, 21-May-2026,275.1,280.0,280.0,274.0,280.0,278.75,277.16,11400,31.6,18,10200.0, 89.47,2026-05-21
RNPL, SM, 21-May-2026,121.55,121.55,121.55,109.4,109.4,109.4,111.83,24000,26.84,20,20400.0, 85.00,2026-05-21
ROCKINGDCE, SM, 21-May-2026,194.8,194.0,202.5,194.0,202.5,202.5,200.4,1250,2.51,3,1250.0, 100.00,2026-05-21
ROHLTD, EQ, 21-May-2026,326.85,330.55,340.65,329.65,333.0,335.4,335.74,14506,48.7,690,7073.0, 48.76,2026-05-21
ROLEXRINGS, EQ, 21-May-2026,143.64,143.8,145.25,143.13,144.06,144.19,144.18,570749,822.9,7852,222008.0, 38.90,2026-05-21
ROLLT, BE, 21-May-2026,2.06,2.05,2.11,1.96,2.0,1.97,2.0,853344,17.05,232,, -,2026-05-21
ROML, EQ, 21-May-2026,45.61,46.9,47.44,45.1,46.12,46.84,46.8,2891,1.35,55,2271.0, 78.55,2026-05-21
ROSSARI, EQ, 21-May-2026,507.4,517.25,539.0,506.05,522.0,518.15,525.26,302993,1591.5,10904,109724.0, 36.21,2026-05-21
ROSSELLIND, EQ, 21-May-2026,55.31,56.85,56.85,55.3,55.3,55.54,55.79,18777,10.48,205,14855.0, 79.11,2026-05-21
ROSSTECH, EQ, 21-May-2026,903.7,909.9,943.8,909.9,932.0,928.75,927.44,80333,745.04,5678,28667.0, 35.69,2026-05-21
ROTO, EQ, 21-May-2026,56.68,58.0,58.07,56.75,57.1,57.17,57.38,144775,83.07,2092,72970.0, 50.40,2026-05-21
ROUTE, EQ, 21-May-2026,514.45,516.0,523.05,513.0,515.55,516.7,516.71,68049,351.62,5957,36450.0, 53.56,2026-05-21
ROXHITECH, ST, 21-May-2026,34.0,33.05,33.5,33.05,33.5,33.5,33.28,3200,1.06,2,3200.0, 100.00,2026-05-21
RPEL, EQ, 21-May-2026,910.65,924.0,927.0,901.3,917.3,920.6,914.14,71717,655.59,4349,42484.0, 59.24,2026-05-21
RPGLIFE, EQ, 21-May-2026,2300.0,2300.0,2330.9,2269.9,2270.0,2274.2,2287.92,3758,85.98,758,1939.0, 51.60,2026-05-21
RPOWER, EQ, 21-May-2026,27.13,27.32,28.04,27.0,27.19,27.26,27.58,33774070,9313.7,40016,9909903.0, 29.34,2026-05-21
RPPINFRA, EQ, 21-May-2026,69.45,69.52,71.63,68.25,69.3,69.26,70.11,40295,28.25,884,24689.0, 61.27,2026-05-21
RPPL, EQ, 21-May-2026,16.12,16.85,16.85,16.16,16.3,16.2,16.39,3660,0.6,70,3545.0, 96.86,2026-05-21
RPSGVENT, EQ, 21-May-2026,951.25,958.25,985.0,906.2,928.0,935.95,944.85,126293,1193.28,6621,26615.0, 21.07,2026-05-21
RPTECH, EQ, 21-May-2026,543.65,548.0,560.0,533.75,549.5,550.95,550.44,458317,2522.76,12405,216189.0, 47.17,2026-05-21
RRIL, EQ, 21-May-2026,20.65,21.0,21.05,20.32,21.0,20.94,20.93,76734,16.06,327,61459.0, 80.09,2026-05-21
RRKABEL, EQ, 21-May-2026,1962.4,1987.0,2008.0,1926.0,1934.9,1945.2,1982.79,698573,13851.27,33847,322906.0, 46.22,2026-05-21
RSDFIN, EQ, 21-May-2026,84.94,97.99,101.92,90.16,101.92,101.92,100.49,20643,20.74,292,6409.0, 31.05,2026-05-21
RSL, EQ, 21-May-2026,131.32,133.0,133.27,131.2,131.95,131.93,132.61,836994,1109.9,3110,513679.0, 61.37,2026-05-21
RSSOFTWARE, BE, 21-May-2026,33.32,32.75,33.75,32.75,32.75,33.05,33.08,11503,3.81,121,, -,2026-05-21
RSWM, EQ, 21-May-2026,159.85,160.3,171.9,155.43,170.0,169.61,165.09,180177,297.45,2863,93937.0, 52.14,2026-05-21
RSYSTEMS, EQ, 21-May-2026,274.2,273.15,276.45,268.15,270.0,270.55,272.24,147223,400.8,3614,54596.0, 37.08,2026-05-21
RTNINDIA, EQ, 21-May-2026,34.26,34.9,35.65,34.0,34.12,34.12,34.83,1770425,616.57,10869,571819.0, 32.30,2026-05-21
RTNPOWER, EQ, 21-May-2026,9.1,9.12,9.3,9.12,9.17,9.16,9.2,10552027,971.27,10829,4059718.0, 38.47,2026-05-21
RUBFILA, EQ, 21-May-2026,76.01,76.9,80.0,75.61,77.95,77.62,78.37,68463,53.66,725,46675.0, 68.18,2026-05-21
RUBICON, EQ, 21-May-2026,986.05,986.1,998.75,965.0,972.0,969.1,975.76,96567,942.27,9737,52783.0, 54.66,2026-05-21
RUBYMILLS, EQ, 21-May-2026,228.08,230.01,233.0,228.0,230.01,230.85,231.35,11123,25.73,387,5017.0, 45.10,2026-05-21
RUCHINFRA, EQ, 21-May-2026,6.36,6.49,6.49,6.16,6.23,6.2,6.26,76840,4.81,276,58095.0, 75.61,2026-05-21
RUCHIRA, EQ, 21-May-2026,122.49,124.25,127.99,123.34,125.5,125.62,126.53,70821,89.61,1120,52826.0, 74.59,2026-05-21
RUDRA, BE, 21-May-2026,20.08,19.58,20.1,19.08,19.31,19.59,19.55,49710,9.72,150,, -,2026-05-21
RULKA, SM, 21-May-2026,93.1,96.35,99.95,91.0,95.0,93.05,94.74,7500,7.11,20,5700.0, 76.00,2026-05-21
RUPA, EQ, 21-May-2026,147.08,146.89,148.38,145.2,145.3,145.7,146.47,41778,61.19,1240,19948.0, 47.75,2026-05-21
RUSHIL, EQ, 21-May-2026,15.65,15.61,15.84,15.37,15.8,15.59,15.55,221730,34.49,833,125957.0, 56.81,2026-05-21
RUSTOMJEE, EQ, 21-May-2026,394.9,392.95,397.2,387.85,393.15,393.1,392.51,20136,79.04,1993,12213.0, 60.65,2026-05-21
RVHL, EQ, 21-May-2026,39.98,40.04,40.94,39.98,40.6,40.77,40.38,891,0.36,39,721.0, 80.92,2026-05-21
RVNL, EQ, 21-May-2026,269.6,273.5,275.0,269.35,270.15,270.75,271.71,5924922,16098.64,51781,2105010.0, 35.53,2026-05-21
RVTH, EQ, 21-May-2026,680.65,661.0,709.6,661.0,697.0,698.4,681.05,344,2.34,32,259.0, 75.29,2026-05-21
S&SPOWER, BE, 21-May-2026,355.0,354.1,354.1,354.1,354.1,354.1,354.1,493,1.75,11,, -,2026-05-21
SAAKSHI, SM, 21-May-2026,234.45,230.3,234.5,230.0,234.5,234.5,233.09,10800,25.17,9,9000.0, 83.33,2026-05-21
SAATVIKGL, EQ, 21-May-2026,454.3,413.05,437.5,408.9,433.1,433.65,423.73,645632,2735.76,10494,273137.0, 42.31,2026-05-21
SABAR, SM, 21-May-2026,5.1,5.2,5.35,5.2,5.35,5.35,5.28,10000,0.53,2,10000.0, 100.00,2026-05-21
SACHEEROME, SM, 21-May-2026,339.45,339.45,347.0,330.0,339.9,339.9,339.57,25800,87.61,49,21000.0, 81.40,2026-05-21
SADBHAV, BE, 21-May-2026,9.56,9.53,9.53,9.09,9.09,9.09,9.2,124304,11.43,263,, -,2026-05-21
SADBHIN, EQ, 21-May-2026,2.73,2.73,2.79,2.72,2.75,2.73,2.75,67017,1.84,187,41175.0, 61.44,2026-05-21
SADHAV, SM, 21-May-2026,110.0,110.0,110.0,105.3,110.0,110.0,109.05,3000,3.27,5,2400.0, 80.00,2026-05-21
SADHNANIQ, BE, 21-May-2026,2.4,2.44,2.44,2.36,2.36,2.36,2.42,4346138,105.15,645,, -,2026-05-21
SAFARI, EQ, 21-May-2026,1495.2,1519.0,1574.4,1490.0,1542.0,1544.5,1532.92,197867,3033.13,12285,112746.0, 56.98,2026-05-21
SAFEENTP, SM, 21-May-2026,256.2,256.2,268.0,256.2,265.55,267.35,264.31,59500,157.26,98,51500.0, 86.55,2026-05-21
SAGARDEEP, EQ, 21-May-2026,23.19,24.0,24.49,23.11,23.91,23.74,23.89,3394,0.81,72,1751.0, 51.59,2026-05-21
SAGCEM, EQ, 21-May-2026,179.82,180.88,182.0,179.5,181.74,181.41,180.9,34287,62.02,945,18566.0, 54.15,2026-05-21
SAGILITY, EQ, 21-May-2026,42.1,42.6,42.78,41.3,41.46,41.43,41.82,12357824,5168.47,28429,6203142.0, 50.20,2026-05-21
SAHAJSOLAR, SM, 21-May-2026,141.25,143.0,143.0,138.3,138.55,139.2,140.25,24800,34.78,50,16400.0, 66.13,2026-05-21
SAHANA, SM, 21-May-2026,815.0,820.0,820.0,810.0,810.0,810.7,813.51,750,6.1,6,625.0, 83.33,2026-05-21
SAHASRA, ST, 21-May-2026,341.15,335.2,355.0,335.2,340.05,340.75,347.3,42400,147.25,89,33600.0, 79.25,2026-05-21
SAHLIBHFI, EQ, 21-May-2026,71.72,73.0,73.0,71.0,72.5,72.19,72.58,2170,1.58,52,1803.0, 83.09,2026-05-21
SAHYADRI, EQ, 21-May-2026,312.4,310.7,318.0,301.25,303.0,302.45,306.88,4687,14.38,269,2883.0, 61.51,2026-05-21
SAIFL, SM, 21-May-2026,5.45,5.5,5.7,5.5,5.7,5.7,5.65,332000,18.75,71,296000.0, 89.16,2026-05-21
SAIL, EQ, 21-May-2026,199.04,200.06,202.0,195.55,196.0,196.53,198.47,22316399,44290.9,126344,8390957.0, 37.60,2026-05-21
SAILIFE, EQ, 21-May-2026,1141.3,1151.0,1153.3,1115.0,1138.3,1138.1,1129.44,554263,6260.08,23288,293081.0, 52.88,2026-05-21
SAIPARENT, EQ, 21-May-2026,480.65,487.0,490.35,477.0,482.0,480.1,484.67,49817,241.45,2007,33009.0, 66.26,2026-05-21
SAJHOTELS, SM, 21-May-2026,39.25,38.75,38.75,38.75,38.75,38.75,38.75,2000,0.78,1,2000.0, 100.00,2026-05-21
SAKAR, EQ, 21-May-2026,809.0,818.0,818.8,778.0,789.95,786.75,789.57,185465,1464.38,7992,84632.0, 45.63,2026-05-21
SAKHTISUG, EQ, 21-May-2026,17.56,17.98,18.14,17.7,17.8,17.84,17.87,49560,8.86,408,28266.0, 57.03,2026-05-21
SAKSOFT, EQ, 21-May-2026,140.68,141.63,143.85,137.51,138.3,138.47,139.82,285146,398.69,5106,127213.0, 44.61,2026-05-21
SAKUMA, BE, 21-May-2026,1.76,1.71,1.76,1.71,1.75,1.73,1.73,672436,11.63,767,, -,2026-05-21
SALASAR, EQ, 21-May-2026,6.96,7.08,7.08,6.92,6.95,6.95,6.99,1705888,119.24,2580,863203.0, 50.60,2026-05-21
SALONA, EQ, 21-May-2026,275.85,275.05,289.0,270.45,275.0,275.15,281.63,281,0.79,67,178.0, 63.35,2026-05-21
SALSTEEL, BE, 21-May-2026,60.34,60.51,61.9,57.5,57.5,58.01,58.79,107869,63.42,477,, -,2026-05-21
SALZERELEC, EQ, 21-May-2026,697.35,713.95,713.95,692.0,705.0,701.9,701.66,55867,392.0,3804,26589.0, 47.59,2026-05-21
SAMBHAAV, EQ, 21-May-2026,7.0,7.08,7.08,6.83,6.98,6.91,6.92,178261,12.33,220,92221.0, 51.73,2026-05-21
SAMBHV, EQ, 21-May-2026,109.47,111.0,112.19,108.0,108.4,108.25,109.88,1070160,1175.84,8002,513141.0, 47.95,2026-05-21
SAMHI, EQ, 21-May-2026,144.18,148.0,149.6,144.91,146.3,146.64,147.15,573403,843.76,6547,271770.0, 47.40,2026-05-21
SAMMAANCAP, EQ, 21-May-2026,141.8,148.19,158.6,148.0,154.75,154.26,154.0,120079677,184924.57,304738,25999690.0, 21.65,2026-05-21
SAMPANN, EQ, 21-May-2026,26.64,27.49,27.49,26.6,26.6,26.71,27.06,14622,3.96,212,10100.0, 69.07,2026-05-21
SANATHAN, EQ, 21-May-2026,402.4,397.0,425.0,397.0,421.95,414.05,414.58,33152,137.44,1836,18029.0, 54.38,2026-05-21
SANCO, BZ, 21-May-2026,3.86,4.0,4.05,3.67,4.05,4.05,3.9,47380,1.85,56,, -,2026-05-21
SANDESH, EQ, 21-May-2026,988.2,1000.0,1030.6,975.3,988.1,995.4,1005.61,1279,12.86,182,179.0, 14.00,2026-05-21
SANDHAR, EQ, 21-May-2026,530.35,535.05,604.4,532.0,585.0,586.2,576.9,6383977,36829.46,116892,701297.0, 10.99,2026-05-21
SANDUMA, EQ, 21-May-2026,224.67,226.3,232.24,225.0,225.1,226.5,229.12,1590321,3643.69,25073,623784.0, 39.22,2026-05-21
SANGAMIND, EQ, 21-May-2026,483.45,484.0,494.5,481.5,483.6,484.8,486.9,21207,103.26,969,12317.0, 58.08,2026-05-21
SANGHVIMOV, EQ, 21-May-2026,322.1,351.75,378.25,342.3,353.0,352.2,361.83,9427798,34112.33,131978,1112444.0, 11.80,2026-05-21
SANGINITA, BE, 21-May-2026,25.45,25.95,25.95,25.95,25.95,25.95,25.95,227158,58.95,105,, -,2026-05-21
SANOFI, EQ, 21-May-2026,3190.0,3190.0,3215.3,3180.1,3190.0,3191.0,3193.39,18215,581.68,2945,9427.0, 51.75,2026-05-21
SANOFICONR, EQ, 21-May-2026,4854.4,4850.3,4907.9,4648.3,4714.0,4688.9,4741.23,8284,392.76,2007,3239.0, 39.10,2026-05-21
SANSERA, EQ, 21-May-2026,2486.2,2820.0,2898.0,2740.0,2870.0,2854.5,2814.88,3037959,85515.02,231939,843347.0, 27.76,2026-05-21
SANSTAR, EQ, 21-May-2026,111.95,112.5,120.0,112.5,118.3,118.57,118.15,1471201,1738.22,13436,627759.0, 42.67,2026-05-21
SANWARIA, BZ, 21-May-2026,0.24,0.25,0.25,0.23,0.25,0.24,0.24,300137,0.73,167,, -,2026-05-21
SAPPHIRE, EQ, 21-May-2026,181.05,181.0,183.51,179.0,181.01,182.41,181.28,507368,919.74,9357,283815.0, 55.94,2026-05-21
SAPPL, EQ, 21-May-2026,295.6,314.0,319.0,300.9,310.95,310.95,311.61,2104,6.56,65,1719.0, 81.70,2026-05-21
SARDAEN, EQ, 21-May-2026,554.25,559.5,573.0,557.2,564.0,562.05,565.48,600724,3397.0,22092,272349.0, 45.34,2026-05-21
SAREGAMA, EQ, 21-May-2026,406.5,416.0,416.0,400.2,406.0,406.4,407.15,2299265,9361.53,33158,250179.0, 10.88,2026-05-21
SARLAPOLY, EQ, 21-May-2026,95.34,95.4,96.62,93.76,95.85,95.61,94.98,132980,126.3,2093,83658.0, 62.91,2026-05-21
SARTELE, SM, 21-May-2026,139.1,143.0,143.0,139.5,141.4,140.3,141.23,36000,50.84,55,21000.0, 58.33,2026-05-21
SARVESHWAR, BE, 21-May-2026,3.64,3.67,3.7,3.6,3.65,3.68,3.67,735736,27.02,1018,, -,2026-05-21
SASKEN, EQ, 21-May-2026,1718.5,1729.0,1769.9,1718.5,1728.0,1732.5,1738.85,61782,1074.3,6830,18632.0, 30.16,2026-05-21
SATECH, SM, 21-May-2026,45.35,43.5,45.8,43.3,44.05,44.6,44.58,10000,4.46,10,5000.0, 50.00,2026-05-21
SATIA, EQ, 21-May-2026,64.1,64.5,65.48,64.2,64.55,64.61,64.76,56861,36.82,559,33626.0, 59.14,2026-05-21
SATIN, EQ, 21-May-2026,222.53,224.0,224.48,215.35,217.0,217.62,220.44,306076,674.72,4875,154738.0, 50.56,2026-05-21
SATKARTAR, ST, 21-May-2026,183.45,187.0,188.0,176.0,181.15,180.6,181.32,39200,71.08,44,34400.0, 87.76,2026-05-21
SATTVAENGG, SM, 21-May-2026,57.0,64.65,65.0,59.95,63.75,63.75,63.9,51200,32.72,24,43200.0, 84.38,2026-05-21
SAURASHCEM, EQ, 21-May-2026,59.44,60.2,61.43,59.62,61.19,61.03,60.61,86726,52.57,666,50228.0, 57.92,2026-05-21
SAVY, SM, 21-May-2026,164.5,162.5,165.0,160.0,163.85,163.85,162.9,15600,25.41,11,12000.0, 76.92,2026-05-21
SAWALIYA, SM, 21-May-2026,270.05,272.95,281.25,267.0,280.3,280.3,276.84,55200,152.82,82,13200.0, 23.91,2026-05-21
SAYAJIHOTL, EQ, 21-May-2026,285.0,285.0,285.0,282.8,283.0,282.95,283.76,5,0.01,4,4.0, 80.00,2026-05-21
SBC, EQ, 21-May-2026,35.46,35.69,38.31,35.66,37.77,37.88,37.15,30006628,11148.59,26750,10272639.0, 34.23,2026-05-21
SBCL, EQ, 21-May-2026,664.8,680.0,696.85,674.5,685.85,686.95,684.9,490184,3357.26,16930,245189.0, 50.02,2026-05-21
SBFC, EQ, 21-May-2026,90.59,91.44,92.28,90.91,91.0,91.4,91.56,312782,286.37,4516,133434.0, 42.66,2026-05-21
SBGLP, EQ, 21-May-2026,25.77,25.8,26.76,24.91,25.45,25.76,25.79,329714,85.03,1009,294380.0, 89.28,2026-05-21
SBIBPB, EQ, 21-May-2026,46.42,47.28,47.47,46.03,46.03,46.39,46.54,460542,214.35,639,380731.0, 82.67,2026-05-21
SBICARD, EQ, 21-May-2026,624.35,627.05,633.7,616.45,618.8,620.2,621.5,1604313,9970.78,26345,803215.0, 50.07,2026-05-21
SBIETFCON, EQ, 21-May-2026,116.15,117.31,118.97,116.08,116.74,116.27,116.47,3129,3.64,75,2516.0, 80.41,2026-05-21
SBIETFIT, EQ, 21-May-2026,323.93,325.0,325.0,319.53,324.7,320.78,321.22,8994,28.89,213,7625.0, 84.78,2026-05-21
SBIETFPB, EQ, 21-May-2026,265.39,269.9,269.9,263.5,266.91,265.42,265.35,781,2.07,60,671.0, 85.92,2026-05-21
SBIETFQLTY, EQ, 21-May-2026,219.45,219.71,220.74,218.58,219.47,219.34,219.64,1010,2.22,40,727.0, 71.98,2026-05-21
SBILIFE, EQ, 21-May-2026,1864.2,1869.9,1876.4,1854.9,1857.5,1859.9,1863.77,383464,7146.9,36408,201131.0, 52.45,2026-05-21
SBILIQETF, EQ, 21-May-2026,1039.52,1039.67,1039.67,1039.65,1039.65,1039.65,1039.66,63105,656.08,41,47779.0, 75.71,2026-05-21
SBIMIDMOM, EQ, 21-May-2026,62.67,63.57,63.57,62.01,62.61,62.48,62.8,7295,4.58,82,5958.0, 81.67,2026-05-21
SBIN, EQ, 21-May-2026,950.9,957.0,960.9,946.5,950.0,950.9,952.38,11756520,111966.38,175233,4725570.0, 40.20,2026-05-21
SBINEQWETF, EQ, 21-May-2026,32.74,32.99,32.99,32.36,32.62,32.58,32.8,15645,5.13,536,8037.0, 51.37,2026-05-21
SBINMID150, EQ, 21-May-2026,22.47,22.58,22.99,22.42,22.51,22.5,22.62,172997,39.14,237,167968.0, 97.09,2026-05-21
SBISILVER, EQ, 21-May-2026,258.89,261.99,261.99,256.24,257.99,257.71,257.96,915930,2362.74,6888,369902.0, 40.39,2026-05-21
SCANSTL, EQ, 21-May-2026,38.44,38.44,39.28,38.44,39.27,38.94,38.95,21325,8.31,272,13821.0, 64.81,2026-05-21
SCHAEFFLER, EQ, 21-May-2026,4014.9,4046.0,4144.9,4046.0,4107.0,4088.9,4113.37,56408,2320.27,11027,30714.0, 54.45,2026-05-21
SCHAND, EQ, 21-May-2026,176.27,176.0,182.39,174.15,178.8,176.89,178.95,55936,100.1,1096,26940.0, 48.16,2026-05-21
SCHNEIDER, EQ, 21-May-2026,1300.0,1343.0,1350.1,1295.0,1330.0,1325.3,1328.15,219635,2917.08,9537,107713.0, 49.04,2026-05-21
SCI, EQ, 21-May-2026,327.15,330.0,334.6,326.0,326.8,327.25,330.23,3416976,11283.95,32834,958951.0, 28.06,2026-05-21
SCILAL, EQ, 21-May-2026,46.25,47.0,47.2,45.2,46.0,45.88,46.22,636418,294.16,3032,328495.0, 51.62,2026-05-21
SCML, SM, 21-May-2026,113.2,102.15,107.5,93.4,93.4,94.55,100.34,149000,149.51,118,89000.0, 59.73,2026-05-21
SCODATUBES, EQ, 21-May-2026,139.49,141.5,146.0,140.11,141.85,142.92,143.48,140681,201.85,2563,75601.0, 53.74,2026-05-21
SCPL, BE, 21-May-2026,451.3,464.0,467.8,441.15,465.0,461.8,452.67,44431,201.12,320,, -,2026-05-21
SDBL, EQ, 21-May-2026,85.42,86.5,86.99,84.79,85.29,85.37,85.97,283404,243.64,3985,114248.0, 40.31,2026-05-21
SDREAMS, SM, 21-May-2026,90.0,90.0,90.0,88.05,90.0,90.0,89.82,11000,9.88,8,11000.0, 100.00,2026-05-21
SEAMECLTD, EQ, 21-May-2026,1617.2,1617.0,1636.8,1567.9,1593.0,1587.1,1591.52,77869,1239.3,9157,35761.0, 45.92,2026-05-21
SECMARK, EQ, 21-May-2026,122.71,121.95,124.4,121.2,124.4,123.1,122.66,1079,1.32,55,790.0, 73.22,2026-05-21
SECURKLOUD, EQ, 21-May-2026,21.56,20.8,22.0,20.8,21.97,21.95,21.31,11044,2.35,100,9109.0, 82.48,2026-05-21
SEDEMAC, EQ, 21-May-2026,2079.4,2060.0,2175.0,1971.8,1988.1,1992.1,2050.15,267755,5489.38,23983,122133.0, 45.61,2026-05-21
SEIL, EQ, 21-May-2026,199.54,201.25,204.49,194.51,198.1,197.71,199.28,467699,932.01,14890,101383.0, 21.68,2026-05-21
SEJALLTD, BE, 21-May-2026,770.5,797.45,797.5,770.5,795.0,786.4,783.72,5859,45.92,160,, -,2026-05-21
SEL, ST, 21-May-2026,188.1,197.5,197.5,192.0,192.0,192.0,194.75,800,1.56,4,800.0, 100.00,2026-05-21
SELECTIPO, EQ, 21-May-2026,43.07,43.3,43.4,43.07,43.17,43.07,43.18,5413,2.34,65,4989.0, 92.17,2026-05-21
SELLOWRAP, SM, 21-May-2026,70.8,71.0,71.0,71.0,71.0,71.0,71.0,1600,1.14,1,1600.0, 100.00,2026-05-21
SELMC, EQ, 21-May-2026,29.5,29.53,30.32,29.1,29.51,29.56,29.64,6757,2.0,138,3292.0, 48.72,2026-05-21
SEMAC, BE, 21-May-2026,335.0,318.25,325.5,318.25,322.3,323.4,319.99,3467,11.09,108,, -,2026-05-21
SENCO, EQ, 21-May-2026,338.7,341.5,355.5,340.0,342.8,345.7,348.98,1683517,5875.21,35200,724545.0, 43.04,2026-05-21
SENORES, EQ, 21-May-2026,1083.7,1095.0,1127.8,1095.0,1108.0,1109.35,1110.99,306685,3407.25,18881,139432.0, 45.46,2026-05-21
SENSEXADD, EQ, 21-May-2026,77.37,78.87,78.87,76.88,77.19,77.12,77.25,3760,2.9,43,2248.0, 59.79,2026-05-21
SENSEXBETA, EQ, 21-May-2026,828.97,831.71,834.84,824.0,824.0,825.52,829.59,838,6.95,88,576.0, 68.74,2026-05-21
SENSEXETF, EQ, 21-May-2026,77.33,77.71,77.74,77.0,77.2,77.16,77.44,13309,10.31,233,7081.0, 53.20,2026-05-21
SENSEXIETF, EQ, 21-May-2026,860.2,865.0,866.39,857.0,861.0,859.46,859.63,16913,145.39,537,11440.0, 67.64,2026-05-21
SEPC, EQ, 21-May-2026,7.32,7.41,7.57,7.37,7.42,7.44,7.46,5759812,429.71,4149,2286881.0, 39.70,2026-05-21
SERVICE, SM, 21-May-2026,50.35,50.1,50.1,50.1,50.1,50.1,50.1,2000,1.0,1,2000.0, 100.00,2026-05-21
SERVOTECH, EQ, 21-May-2026,92.78,93.0,96.6,92.81,93.71,94.16,94.74,1543129,1461.95,12171,468217.0, 30.34,2026-05-21
SESHAPAPER, EQ, 21-May-2026,232.75,236.9,237.8,231.0,237.8,235.85,233.8,12414,29.02,689,6488.0, 52.26,2026-05-21
SETCO, BE, 21-May-2026,24.96,25.45,25.45,25.45,25.45,25.45,25.45,75856,19.31,60,, -,2026-05-21
SETF10GILT, EQ, 21-May-2026,257.13,257.13,257.97,256.78,257.43,257.42,257.18,8666,22.29,40,7968.0, 91.95,2026-05-21
SETFGOLD, EQ, 21-May-2026,134.33,131.61,135.87,131.61,134.71,134.9,134.91,2795572,3771.58,9194,1479017.0, 52.91,2026-05-21
SETFNIF50, EQ, 21-May-2026,253.38,253.38,256.19,252.51,253.33,253.09,253.51,1486068,3767.26,12152,1029079.0, 69.25,2026-05-21
SETFNIFBK, EQ, 21-May-2026,549.16,562.88,562.88,544.8,548.2,548.04,549.23,62714,344.44,928,33306.0, 53.11,2026-05-21
SETFNN50, EQ, 21-May-2026,739.87,749.6,749.6,740.51,740.51,743.76,745.09,16000,119.21,869,7995.0, 49.97,2026-05-21
SETL, EQ, 21-May-2026,135.55,138.38,138.38,132.5,132.9,133.47,133.83,145785,195.11,1397,86050.0, 59.03,2026-05-21
SEYAIND, BE, 21-May-2026,15.34,15.34,15.64,15.04,15.5,15.48,15.58,10597,1.65,98,, -,2026-05-21
SFL, EQ, 21-May-2026,585.75,589.3,602.0,578.8,596.0,595.45,590.03,282695,1667.98,13043,98043.0, 34.68,2026-05-21
SFML, SM, 21-May-2026,25.45,24.2,24.5,24.0,24.5,24.5,24.25,17600,4.27,8,11200.0, 63.64,2026-05-21
SGBAPR28I, GB, 21-May-2026,15660.0,15700.0,15844.85,15649.99,15720.0,15755.67,15714.1,436,68.51,104,263.0, 60.32,2026-05-21
SGBAUG27, GB, 21-May-2026,15573.99,15704.0,15759.98,15625.0,15713.6,15705.33,15695.33,235,36.88,95,185.0, 78.72,2026-05-21
SGBAUG28V, GB, 21-May-2026,15615.22,15623.2,15749.99,15600.0,15701.11,15737.52,15719.68,1345,211.43,136,1198.0, 89.07,2026-05-21
SGBAUG29V, GB, 21-May-2026,15844.0,15844.0,15880.31,15800.01,15847.0,15849.57,15839.53,321,50.84,43,311.0, 96.88,2026-05-21
SGBAUG30, GB, 21-May-2026,15729.77,15801.0,15979.98,15780.0,15880.0,15850.35,15843.78,250,39.61,52,213.0, 85.20,2026-05-21
SGBD29VIII, GB, 21-May-2026,15678.2,15700.0,15970.0,15700.0,15815.0,15815.0,15815.74,279,44.13,53,261.0, 93.55,2026-05-21
SGBDC27VII, GB, 21-May-2026,15643.32,15750.0,15799.97,15716.02,15794.99,15794.99,15738.28,539,84.83,32,446.0, 82.75,2026-05-21
SGBDE30III, GB, 21-May-2026,15792.16,15989.0,15989.0,15794.0,15813.0,15819.28,15814.63,139,21.98,42,110.0, 79.14,2026-05-21
SGBDE31III, GB, 21-May-2026,15884.9,15900.0,15999.99,15701.0,15950.0,15939.31,15885.91,1405,223.2,256,868.0, 61.78,2026-05-21
SGBFEB28IX, GB, 21-May-2026,15575.0,15585.02,15889.67,15585.02,15889.67,15889.67,15737.35,2,0.31,2,2.0, 100.00,2026-05-21
SGBFEB29XI, GB, 21-May-2026,15658.4,15678.0,15750.0,15678.0,15750.0,15750.0,15703.85,106,16.65,7,105.0, 99.06,2026-05-21
SGBFEB32IV, GB, 21-May-2026,16109.39,16135.01,16224.99,16021.0,16090.0,16079.12,16105.14,1387,223.38,288,848.0, 61.14,2026-05-21
SGBJ28VIII, GB, 21-May-2026,15654.06,15665.0,15800.0,15650.0,15675.0,15675.0,15654.54,146,22.86,23,139.0, 95.21,2026-05-21
SGBJAN27, GB, 21-May-2026,15650.0,15910.0,15945.44,15516.12,15945.44,15945.44,15790.52,3,0.47,3,3.0, 100.00,2026-05-21
SGBJAN29IX, GB, 21-May-2026,15642.12,15662.0,15840.0,15662.0,15702.0,15700.04,15731.1,677,106.5,77,493.0, 72.82,2026-05-21
SGBJAN29X, GB, 21-May-2026,15645.91,15700.0,15744.5,15700.0,15730.0,15727.0,15716.79,45,7.07,12,34.0, 75.56,2026-05-21
SGBJAN30IX, GB, 21-May-2026,15696.0,15696.0,15850.0,15696.0,15801.0,15803.88,15775.03,452,71.3,64,408.0, 90.27,2026-05-21
SGBJU29III, GB, 21-May-2026,15654.04,15745.0,15799.99,15745.0,15760.0,15793.52,15771.11,377,59.46,36,365.0, 96.82,2026-05-21
SGBJUL27, GB, 21-May-2026,15625.0,16000.0,16000.0,15452.0,15675.0,15675.0,15820.22,9,1.42,7,7.0, 77.78,2026-05-21
SGBJUL28IV, GB, 21-May-2026,15632.55,15651.0,15800.0,15651.0,15750.0,15749.72,15715.92,477,74.96,74,345.0, 72.33,2026-05-21
SGBJUL29IV, GB, 21-May-2026,15645.31,15769.99,15800.0,15726.0,15751.0,15751.0,15737.81,233,36.67,23,233.0, 100.00,2026-05-21
SGBJUN27, GB, 21-May-2026,15700.0,15701.0,15701.0,15700.0,15700.0,15700.0,15700.42,24,3.77,2,24.0, 100.00,2026-05-21
SGBJUN28, GB, 21-May-2026,15690.0,15690.0,15795.6,15690.0,15760.0,15731.5,15745.13,35,5.51,12,24.0, 68.57,2026-05-21
SGBJUN29II, GB, 21-May-2026,15715.0,15727.0,15849.99,15727.0,15780.0,15779.75,15753.27,22,3.47,9,22.0, 100.00,2026-05-21
SGBJUN30, GB, 21-May-2026,15705.38,15713.0,15878.0,15713.0,15850.75,15850.75,15830.77,96,15.2,36,82.0, 85.42,2026-05-21
SGBJUN31I, GB, 21-May-2026,15843.04,15843.04,15922.26,15800.01,15875.0,15848.38,15850.41,511,81.0,146,387.0, 75.73,2026-05-21
SGBMAR28X, GB, 21-May-2026,15600.0,15850.0,15850.0,15650.0,15650.1,15650.1,15673.34,9,1.41,5,8.0, 88.89,2026-05-21
SGBMAR30X, GB, 21-May-2026,15719.99,15720.0,15850.0,15720.0,15844.0,15844.24,15806.45,148,23.39,21,146.0, 98.65,2026-05-21
SGBMAR31IV, GB, 21-May-2026,15805.99,15813.0,15975.01,15780.0,15900.0,15832.95,15829.36,408,64.58,77,385.0, 94.36,2026-05-21
SGBMAY28, GB, 21-May-2026,15608.32,15650.0,15701.0,15650.0,15700.4,15700.4,15682.43,294,46.11,42,242.0, 82.31,2026-05-21
SGBMAY29I, GB, 21-May-2026,15658.52,15750.0,15779.99,15702.0,15760.0,15742.96,15729.15,553,86.98,79,486.0, 87.88,2026-05-21
SGBMR29XII, GB, 21-May-2026,15625.34,15695.0,15730.0,15672.0,15730.0,15707.5,15696.48,144,22.6,41,142.0, 98.61,2026-05-21
SGBN28VIII, GB, 21-May-2026,15576.22,15965.62,15965.62,15651.01,15720.0,15720.0,15727.35,265,41.68,36,236.0, 89.06,2026-05-21
SGBNV29VII, GB, 21-May-2026,15699.09,15699.09,15974.98,15699.09,15874.0,15865.69,15768.24,216,34.06,33,196.0, 90.74,2026-05-21
SGBOC28VII, GB, 21-May-2026,15623.8,15700.0,15738.5,15662.0,15682.0,15680.88,15689.03,78,12.24,20,71.0, 91.03,2026-05-21
SGBOCT27, GB, 21-May-2026,15601.19,15800.0,15800.0,15654.22,15700.0,15699.78,15729.07,28,4.4,6,28.0, 100.00,2026-05-21
SGBOCT27VI, GB, 21-May-2026,15600.0,15620.21,15700.0,15620.21,15655.0,15655.0,15650.74,20,3.13,7,18.0, 90.00,2026-05-21
SGBSEP27, GB, 21-May-2026,15610.0,15700.0,15700.0,15700.0,15700.0,15700.0,15700.0,10,1.57,1,10.0, 100.00,2026-05-21
SGBSEP28VI, GB, 21-May-2026,15621.38,15622.01,15734.99,15621.0,15725.0,15706.28,15689.48,376,58.99,44,321.0, 85.37,2026-05-21
SGBSEP29VI, GB, 21-May-2026,15684.96,15684.96,15896.0,15684.96,15896.0,15888.0,15844.84,305,48.33,39,292.0, 95.74,2026-05-21
SGBSEP31II, GB, 21-May-2026,15810.66,15840.0,15929.99,15812.0,15850.02,15850.83,15845.08,784,124.23,214,515.0, 65.69,2026-05-21
SGFIN, EQ, 21-May-2026,560.7,570.0,578.9,561.0,577.0,576.7,569.43,154874,881.9,4964,71320.0, 46.05,2026-05-21
SGIL, EQ, 21-May-2026,531.4,537.3,546.9,495.2,510.0,507.25,510.32,48939,249.74,1909,29034.0, 59.33,2026-05-21
SGL, EQ, 21-May-2026,11.22,11.01,11.99,11.01,11.35,11.27,11.31,11052,1.25,66,5891.0, 53.30,2026-05-21
SGMART, EQ, 21-May-2026,621.65,631.75,638.1,611.8,620.5,618.1,625.93,517865,3241.49,11704,288716.0, 55.75,2026-05-21
SHADOWFAX, EQ, 21-May-2026,195.33,195.33,211.77,194.99,205.0,205.42,206.39,9531358,19671.54,110440,3663468.0, 38.44,2026-05-21
SHAH, EQ, 21-May-2026,5.05,5.16,5.25,5.07,5.24,5.21,5.19,1860512,96.61,1196,1018823.0, 54.76,2026-05-21
SHAHALLOYS, EQ, 21-May-2026,69.33,70.02,71.25,69.99,69.99,70.01,70.1,1651,1.16,43,1584.0, 95.94,2026-05-21
SHAILY, EQ, 21-May-2026,2733.8,2750.0,2795.0,2665.0,2742.0,2752.5,2733.47,284516,7777.16,28975,95536.0, 33.58,2026-05-21
SHAKTIPUMP, EQ, 21-May-2026,504.4,509.5,517.5,499.5,501.3,503.0,506.53,615576,3118.08,21744,250268.0, 40.66,2026-05-21
SHALBY, EQ, 21-May-2026,166.75,169.6,173.58,168.0,170.93,170.49,170.8,132146,225.7,2659,70020.0, 52.99,2026-05-21
SHALPAINTS, EQ, 21-May-2026,49.66,49.99,50.97,49.5,49.5,49.98,50.34,16048,8.08,289,10819.0, 67.42,2026-05-21
SHANKARA, BE, 21-May-2026,125.2,122.7,124.0,122.7,124.0,124.0,123.25,25509,31.44,76,, -,2026-05-21
SHANTHALA, SM, 21-May-2026,25.0,25.0,25.0,24.05,24.05,24.05,24.37,3600,0.88,3,3600.0, 100.00,2026-05-21
SHANTI, EQ, 21-May-2026,6.65,6.79,6.79,6.41,6.55,6.67,6.64,30068,2.0,103,16682.0, 55.48,2026-05-21
SHANTIGEAR, EQ, 21-May-2026,442.75,441.0,445.25,441.0,441.15,442.15,442.73,5959,26.38,316,3070.0, 51.52,2026-05-21
SHANTIGOLD, EQ, 21-May-2026,221.24,223.25,233.75,218.4,224.75,227.45,226.33,2127296,4814.8,16673,839571.0, 39.47,2026-05-21
SHARDACROP, EQ, 21-May-2026,890.2,903.0,928.5,895.7,904.0,906.4,912.19,351195,3203.56,15787,134001.0, 38.16,2026-05-21
SHARDAMOTR, EQ, 21-May-2026,884.3,900.0,928.0,888.0,912.0,906.5,910.85,200859,1829.53,12780,86421.0, 43.03,2026-05-21
SHARDUL, EQ, 21-May-2026,28.98,28.86,28.89,26.0,28.39,26.57,26.8,7386,1.98,63,5577.0, 75.51,2026-05-21
SHAREINDIA, EQ, 21-May-2026,146.55,148.2,149.0,143.1,144.35,144.96,145.54,503580,732.9,5088,194587.0, 38.64,2026-05-21
SHARIABEES, EQ, 21-May-2026,468.84,468.84,469.99,466.0,466.0,467.29,467.71,3502,16.38,257,2225.0, 63.54,2026-05-21
SHBAJRG, EQ, 21-May-2026,160.04,173.6,173.6,153.02,158.39,158.0,159.2,2846,4.53,236,2045.0, 71.86,2026-05-21
SHEEL, SM, 21-May-2026,42.95,43.0,43.0,42.1,42.1,42.1,42.55,4000,1.7,2,4000.0, 100.00,2026-05-21
SHEETAL, SM, 21-May-2026,295.25,294.0,297.75,288.0,297.5,297.6,293.86,4500,13.22,9,4500.0, 100.00,2026-05-21
SHEKHAWATI, BE, 21-May-2026,13.87,13.59,14.4,13.24,13.85,13.81,13.63,17865,2.43,63,, -,2026-05-21
SHEMAROO, EQ, 21-May-2026,95.37,99.8,99.8,95.45,97.49,96.33,96.85,5157,4.99,85,3128.0, 60.66,2026-05-21
SHERA, ST, 21-May-2026,167.2,171.2,172.9,168.25,172.0,172.0,170.7,12000,20.48,12,12000.0, 100.00,2026-05-21
SHETHJI, SM, 21-May-2026,173.05,174.0,185.0,174.0,178.0,176.9,179.05,102000,182.63,84,74000.0, 72.55,2026-05-21
SHIGAN, ST, 21-May-2026,86.95,87.0,88.0,83.0,88.0,88.0,86.28,7500,6.47,5,6000.0, 80.00,2026-05-21
SHILCTECH, EQ, 21-May-2026,4119.0,4180.0,4216.0,4111.0,4129.0,4143.5,4157.79,19317,803.16,4127,9647.0, 49.94,2026-05-21
SHILPAMED, EQ, 21-May-2026,476.3,479.9,486.85,468.05,476.0,474.65,477.98,634358,3032.09,18008,314291.0, 49.54,2026-05-21
SHINDL, EQ, 21-May-2026,154.97,155.46,162.0,151.69,158.5,156.31,154.68,130812,202.35,935,11915.0, 9.11,2026-05-21
SHIVALIK, EQ, 21-May-2026,251.55,253.75,260.7,252.3,253.35,254.9,255.85,21947,56.15,1049,10001.0, 45.57,2026-05-21
SHIVAMAUTO, BE, 21-May-2026,18.0,18.48,18.65,18.05,18.1,18.25,18.16,28991,5.26,122,, -,2026-05-21
SHIVAMILLS, BE, 21-May-2026,65.36,64.8,66.99,62.1,66.9,66.9,64.39,2523,1.62,27,, -,2026-05-21
SHIVASHRIT, SM, 21-May-2026,129.0,129.0,129.0,119.15,119.15,120.95,122.55,26000,31.86,20,23000.0, 88.46,2026-05-21
SHIVATEX, EQ, 21-May-2026,173.01,173.01,181.0,167.25,169.79,169.42,172.94,5904,10.21,160,3526.0, 59.72,2026-05-21
SHIVAUM, EQ, 21-May-2026,333.2,333.2,333.2,333.2,333.2,333.2,333.2,30,0.1,5,30.0, 100.00,2026-05-21
SHK, EQ, 21-May-2026,125.52,127.0,128.38,125.5,126.5,126.47,126.79,326028,413.38,4439,145855.0, 44.74,2026-05-21
SHOPERSTOP, EQ, 21-May-2026,334.8,334.95,340.45,326.25,326.35,329.3,332.23,43966,146.07,2886,20173.0, 45.88,2026-05-21
SHRADHA, EQ, 21-May-2026,36.78,36.7,36.79,35.75,36.1,36.1,36.41,2173,0.79,91,1358.0, 62.49,2026-05-21
SHREDIGCEM, EQ, 21-May-2026,70.58,71.5,71.59,70.26,70.65,70.68,70.86,37448,26.54,764,19730.0, 52.69,2026-05-21
SHREECEM, EQ, 21-May-2026,24420.0,24510.0,24870.0,24400.0,24590.0,24605.0,24664.76,11833,2918.58,5284,4274.0, 36.12,2026-05-21
SHREEJISPG, EQ, 21-May-2026,437.35,442.0,445.9,431.0,436.0,437.4,437.65,824861,3610.02,4674,290865.0, 35.26,2026-05-21
SHREEKARNI, SM, 21-May-2026,430.0,430.0,442.5,430.0,440.0,437.8,434.75,2100,9.13,9,1650.0, 78.57,2026-05-21
SHREEOSFM, SM, 21-May-2026,68.5,65.35,67.1,60.35,61.0,61.95,63.15,22000,13.89,22,18000.0, 81.82,2026-05-21
SHREEPUSHK, EQ, 21-May-2026,357.0,363.0,367.05,340.75,340.75,342.05,350.94,126193,442.87,4181,64426.0, 51.05,2026-05-21
SHREERAMA, EQ, 21-May-2026,43.02,42.9,46.45,42.62,46.24,45.97,44.99,255296,114.86,1727,124606.0, 48.81,2026-05-21
SHREMINVIT, IV, 21-May-2026,100.0,96.0,96.0,96.0,96.0,96.0,96.0,25000,24.0,1,25000.0, 100.00,2026-05-21
SHRENIK, BZ, 21-May-2026,0.37,0.38,0.38,0.37,0.38,0.37,0.38,300598,1.13,149,, -,2026-05-21
SHREYANIND, EQ, 21-May-2026,156.27,152.3,157.1,146.02,157.0,152.78,149.92,23852,35.76,782,15630.0, 65.53,2026-05-21
SHRIAHIMSA, SM, 21-May-2026,290.0,290.0,298.8,290.0,291.0,291.0,293.06,16200,47.48,26,13800.0, 85.19,2026-05-21
SHRIKRISH, EQ, 21-May-2026,42.11,45.7,45.7,42.15,44.98,43.2,43.84,614,0.27,37,220.0, 35.83,2026-05-21
SHRINGARMS, EQ, 21-May-2026,209.99,212.39,212.49,208.16,208.6,208.93,210.11,454792,955.56,3769,184459.0, 40.56,2026-05-21
SHRIPISTON, EQ, 21-May-2026,3281.8,3300.0,3336.1,3260.0,3289.9,3278.8,3291.36,25164,828.24,4041,11941.0, 47.45,2026-05-21
SHRIRAMFIN, EQ, 21-May-2026,923.45,935.0,941.9,910.0,915.7,914.75,920.41,4598094,42321.33,93590,2399283.0, 52.18,2026-05-21
SHRIRAMPPS, EQ, 21-May-2026,81.67,82.33,83.5,81.7,83.07,83.16,82.72,489829,405.17,3597,288266.0, 58.85,2026-05-21
SHRITECH, SM, 21-May-2026,75.0,68.05,74.7,68.0,74.7,74.7,69.57,18000,12.52,8,12000.0, 66.67,2026-05-21
SHUBHLAXMI, SM, 21-May-2026,21.0,21.25,21.25,20.1,20.1,20.15,20.53,3000,0.62,3,2000.0, 66.67,2026-05-21
SHUBHSHREE, SM, 21-May-2026,303.0,300.0,300.0,300.0,300.0,300.0,300.0,300,0.9,1,300.0, 100.00,2026-05-21
SHYAMCENT, EQ, 21-May-2026,4.98,4.9,5.08,4.81,5.05,4.95,4.91,177201,8.7,428,133215.0, 75.18,2026-05-21
SHYAMDHANI, SM, 21-May-2026,62.0,62.0,62.0,61.3,61.3,61.3,61.65,4000,2.47,2,4000.0, 100.00,2026-05-21
SHYAMMETL, EQ, 21-May-2026,922.6,933.0,938.0,919.55,931.0,934.75,932.25,949046,8847.5,15485,351955.0, 37.09,2026-05-21
SHYAMTEL, BE, 21-May-2026,20.51,20.1,20.11,20.1,20.1,20.1,20.1,768,0.15,10,, -,2026-05-21
SICAGEN, EQ, 21-May-2026,52.41,53.6,55.5,51.13,52.85,53.16,53.46,9355,5.0,133,7724.0, 82.57,2026-05-21
SICALLOG, BE, 21-May-2026,64.27,63.0,64.95,63.0,64.85,64.85,64.33,3479,2.24,50,, -,2026-05-21
SIDDHICOTS, ST, 21-May-2026,30.5,29.95,30.5,29.95,30.5,30.5,30.35,4800,1.46,3,4800.0, 100.00,2026-05-21
SIDDHIKA, SM, 21-May-2026,231.35,228.0,228.0,220.0,227.95,227.95,224.15,3500,7.85,6,2000.0, 57.14,2026-05-21
SIEMENS, EQ, 21-May-2026,3696.4,3739.0,3780.0,3710.8,3723.0,3720.6,3744.35,346583,12977.3,27633,86530.0, 24.97,2026-05-21
SIGACHI, BE, 21-May-2026,20.43,21.0,21.05,20.3,20.37,20.39,20.59,382407,78.73,988,, -,2026-05-21
SIGIND, EQ, 21-May-2026,48.5,50.0,51.45,48.8,50.1,49.65,50.37,7473,3.76,190,5053.0, 67.62,2026-05-21
SIGMA, EQ, 21-May-2026,39.28,40.07,40.89,38.25,38.85,39.1,39.52,49505,19.57,1406,19844.0, 40.08,2026-05-21
SIGMAADV, BE, 21-May-2026,317.1,332.95,332.95,331.0,332.95,332.95,332.94,109984,366.19,523,, -,2026-05-21
SIGNATURE, EQ, 21-May-2026,820.75,838.0,838.0,819.35,825.0,821.85,830.56,164048,1362.52,3056,7182.0, 4.38,2026-05-21
SIGNORIA, SM, 21-May-2026,61.1,58.1,58.1,58.1,58.1,58.1,58.1,1000,0.58,1,1000.0, 100.00,2026-05-21
SIGNPOST, EQ, 21-May-2026,281.35,286.9,289.95,272.35,287.7,282.3,283.68,46839,132.87,1181,26607.0, 56.81,2026-05-21
SIKA, EQ, 21-May-2026,905.2,915.5,938.3,902.3,910.1,918.9,922.59,16813,155.12,1897,8622.0, 51.28,2026-05-21
SIKKO, EQ, 21-May-2026,4.38,4.54,4.54,4.38,4.42,4.41,4.42,155123,6.85,410,105470.0, 67.99,2026-05-21
SIL, EQ, 21-May-2026,15.76,15.76,16.53,15.6,15.94,15.72,15.88,29124,4.62,388,24397.0, 83.77,2026-05-21
SILGO, EQ, 21-May-2026,80.15,77.0,78.8,74.2,74.9,74.55,75.48,529415,399.63,2921,162759.0, 30.74,2026-05-21
SILINV, EQ, 21-May-2026,441.95,446.95,447.0,430.0,435.85,434.8,436.32,6436,28.08,228,3828.0, 59.48,2026-05-21
SILKFLEX, ST, 21-May-2026,207.25,200.0,200.0,196.9,200.0,200.0,198.45,4000,7.94,4,4000.0, 100.00,2026-05-21
SILKY, SM, 21-May-2026,113.8,114.0,114.0,114.0,114.0,114.0,114.0,3200,3.65,2,3200.0, 100.00,2026-05-21
SILLYMONKS, EQ, 21-May-2026,15.57,15.99,16.11,15.01,15.36,15.36,15.21,11727,1.78,86,9062.0, 77.27,2026-05-21
SILVER, EQ, 21-May-2026,263.69,261.01,264.85,261.01,262.5,262.92,263.11,998606,2627.41,8590,383944.0, 38.45,2026-05-21
SILVER1, EQ, 21-May-2026,25.62,25.62,25.78,25.36,25.51,25.57,25.56,5902742,1508.46,4814,2247939.0, 38.08,2026-05-21
SILVER360, EQ, 21-May-2026,259.37,260.33,261.4,256.81,258.5,259.83,259.48,28182,73.13,655,6863.0, 24.35,2026-05-21
SILVERADD, EQ, 21-May-2026,255.0,261.37,261.37,252.4,254.11,254.16,254.62,309965,789.23,2930,210407.0, 67.88,2026-05-21
SILVERAG, EQ, 21-May-2026,257.07,257.46,257.72,254.67,256.2,256.97,256.75,334193,858.03,5782,269214.0, 80.56,2026-05-21
SILVERBEES, EQ, 21-May-2026,252.66,253.27,253.7,250.26,251.9,251.97,252.13,20609317,51963.18,64760,5333089.0, 25.88,2026-05-21
SILVERBETA, EQ, 21-May-2026,255.09,259.9,259.9,252.74,254.59,254.18,254.68,334635,852.24,3368,111075.0, 33.19,2026-05-21
SILVERBND, EQ, 21-May-2026,263.9,263.9,266.61,261.7,263.2,263.0,263.61,25452,67.1,577,14504.0, 56.99,2026-05-21
SILVERCASE, EQ, 21-May-2026,26.8,27.19,27.19,26.51,26.7,26.73,26.75,10746046,2874.96,10269,2616284.0, 24.35,2026-05-21
SILVERIETF, EQ, 21-May-2026,263.81,270.4,270.4,261.37,262.66,262.89,263.15,2432586,6401.46,17558,919495.0, 37.80,2026-05-21
SILVERTUC, EQ, 21-May-2026,149.55,150.0,152.67,142.08,143.4,142.5,143.39,315681,452.66,2358,141363.0, 44.78,2026-05-21
SIMCA, ST, 21-May-2026,156.05,158.9,163.85,153.0,163.85,160.95,161.89,178200,288.48,162,167400.0, 93.94,2026-05-21
SIMPLEXINF, EQ, 21-May-2026,217.01,219.0,222.4,213.0,214.2,215.14,215.91,37429,80.81,849,17936.0, 47.92,2026-05-21
SINCLAIR, EQ, 21-May-2026,75.89,76.08,78.54,73.71,74.16,74.52,75.56,79605,60.15,2591,30474.0, 38.28,2026-05-21
SINDHUTRAD, EQ, 21-May-2026,26.83,27.2,28.2,26.36,26.5,26.54,27.17,13732879,3731.91,20500,2598237.0, 18.92,2026-05-21
SINGERIND, EQ, 21-May-2026,66.87,68.5,73.0,67.06,73.0,72.26,71.03,69149,49.12,1364,50417.0, 72.91,2026-05-21
SINTERCOM, EQ, 21-May-2026,77.56,80.0,80.0,75.9,79.0,78.79,77.94,8000,6.24,906,2177.0, 27.21,2026-05-21
SIRCA, EQ, 21-May-2026,420.4,424.7,428.55,417.05,420.45,420.45,421.09,827946,3486.43,6154,301356.0, 36.40,2026-05-21
SIS, EQ, 21-May-2026,395.0,394.1,399.5,388.3,388.3,391.8,394.46,54536,215.12,5146,30626.0, 56.16,2026-05-21
SITINET, BZ, 21-May-2026,0.33,0.34,0.34,0.32,0.34,0.32,0.33,284935,0.95,183,, -,2026-05-21
SIYSIL, EQ, 21-May-2026,573.25,584.4,598.95,574.55,590.1,590.75,586.62,372211,2183.46,10827,139410.0, 37.45,2026-05-21
SJLOGISTIC, SM, 21-May-2026,296.0,303.0,319.95,299.0,316.55,312.35,312.22,34250,106.93,99,27250.0, 79.56,2026-05-21
SJS, EQ, 21-May-2026,1966.4,1974.2,1992.2,1938.7,1970.0,1969.6,1967.1,63674,1252.53,7082,29032.0, 45.59,2026-05-21
SJVN, EQ, 21-May-2026,73.58,74.0,74.59,73.24,73.43,73.47,73.84,2179822,1609.57,14154,993316.0, 45.57,2026-05-21
SKFINDIA, EQ, 21-May-2026,1654.8,1680.0,1713.0,1662.0,1695.0,1699.4,1697.96,22997,390.48,5059,12650.0, 55.01,2026-05-21
SKFINDUS, EQ, 21-May-2026,2064.7,2068.8,2150.0,2053.5,2138.0,2134.6,2103.76,8647,181.91,1785,4422.0, 51.14,2026-05-21
SKIPPER, EQ, 21-May-2026,464.15,467.9,473.95,457.05,459.9,459.4,464.5,301799,1401.84,9297,133089.0, 44.10,2026-05-21
SKMEGGPROD, EQ, 21-May-2026,196.97,197.51,199.45,192.81,198.0,197.17,195.72,265097,518.86,3517,141062.0, 53.21,2026-05-21
SKP, SM, 21-May-2026,177.65,177.65,178.0,171.2,172.05,172.75,174.82,9500,16.61,16,7500.0, 78.95,2026-05-21
SKYGOLD, EQ, 21-May-2026,466.3,475.0,475.0,462.7,470.0,465.35,468.21,737645,3453.76,12105,303776.0, 41.18,2026-05-21
SLONE, SM, 21-May-2026,172.0,180.0,180.0,180.0,180.0,180.0,180.0,400,0.72,1,400.0, 100.00,2026-05-21
SMALL250, EQ, 21-May-2026,16.69,16.84,16.88,16.78,16.8,16.81,16.83,226594,38.13,514,136170.0, 60.09,2026-05-21
SMALLADD, EQ, 21-May-2026,16.73,17.09,17.09,16.77,16.93,16.88,16.87,6653,1.12,60,6516.0, 97.94,2026-05-21
SMALLCAP, EQ, 21-May-2026,44.87,45.06,45.46,44.98,45.22,45.19,45.25,1220327,552.22,2571,740307.0, 60.66,2026-05-21
SMARTEN, SM, 21-May-2026,49.75,50.5,50.75,50.0,50.75,50.75,50.39,6000,3.02,5,6000.0, 100.00,2026-05-21
SMARTLINK, BE, 21-May-2026,162.09,169.8,169.8,162.25,166.0,164.49,165.4,9860,16.31,99,, -,2026-05-21
SMARTWORKS, EQ, 21-May-2026,442.85,442.35,451.7,437.05,446.9,442.6,446.4,59719,266.59,2043,35679.0, 59.74,2026-05-21
SMCGLOBAL, EQ, 21-May-2026,62.85,63.01,63.8,62.4,62.8,62.66,62.79,74876,47.02,942,38345.0, 51.21,2026-05-21
SML100CASE, EQ, 21-May-2026,10.13,10.4,10.4,10.14,10.21,10.2,10.2,609205,62.14,898,377449.0, 61.96,2026-05-21
SMLMAH, EQ, 21-May-2026,3744.0,3810.0,3834.8,3736.1,3770.0,3796.3,3792.82,53694,2036.52,6859,21172.0, 39.43,2026-05-21
SMLT, EQ, 21-May-2026,75.11,76.96,76.96,74.25,74.9,74.96,74.87,9845,7.37,171,6350.0, 64.50,2026-05-21
SMSPHARMA, EQ, 21-May-2026,424.3,428.5,432.8,422.1,424.1,425.85,427.92,251492,1076.18,5708,100655.0, 40.02,2026-05-21
SNEHAA, ST, 21-May-2026,43.0,42.15,42.15,42.0,42.0,42.0,42.05,3000,1.26,3,3000.0, 100.00,2026-05-21
SNOWMAN, EQ, 21-May-2026,37.45,38.5,38.5,37.51,38.19,37.93,37.96,99288,37.69,1023,51296.0, 51.66,2026-05-21
SNXT30BEES, EQ, 21-May-2026,42.16,42.37,42.77,41.82,42.25,42.21,42.39,6017,2.55,84,3821.0, 63.50,2026-05-21
SNXT50BETA, EQ, 21-May-2026,89.82,89.38,91.49,88.51,90.38,89.35,89.79,3676,3.3,123,1766.0, 48.04,2026-05-21
SOBHA, EQ, 21-May-2026,1371.6,1379.1,1411.4,1366.0,1390.0,1390.1,1389.14,92941,1291.08,8737,21044.0, 22.64,2026-05-21
SOCL, ST, 21-May-2026,32.5,32.5,34.0,30.9,30.9,32.1,31.84,33600,10.7,19,33600.0, 100.00,2026-05-21
SOFTTECH, BE, 21-May-2026,404.85,411.0,411.0,400.05,402.05,402.05,408.02,918,3.75,13,, -,2026-05-21
SOLARA, EQ, 21-May-2026,573.65,580.0,580.0,558.55,563.15,564.25,565.52,183486,1037.65,6173,86169.0, 46.96,2026-05-21
SOLARINDS, EQ, 21-May-2026,18210.0,18301.0,18699.0,18250.0,18398.0,18392.0,18435.45,195807,36097.9,44528,87164.0, 44.52,2026-05-21
SOLARWORLD, EQ, 21-May-2026,199.5,201.0,209.89,201.0,207.13,207.0,206.17,130638,269.34,1964,63313.0, 48.46,2026-05-21
SOLEX, EQ, 21-May-2026,1308.9,1339.7,1342.6,1300.1,1309.0,1309.7,1322.01,35746,472.56,3569,15777.0, 44.14,2026-05-21
SOMANYCERA, EQ, 21-May-2026,519.3,519.0,552.45,512.4,518.4,517.05,533.9,366242,1955.38,11981,120995.0, 33.04,2026-05-21
SOMATEX, EQ, 21-May-2026,100.88,101.0,107.48,101.0,101.56,102.16,102.88,9374,9.64,181,5418.0, 57.80,2026-05-21
SOMICONVEY, EQ, 21-May-2026,110.87,106.3,106.3,97.68,100.4,100.41,101.46,88151,89.44,1738,44057.0, 49.98,2026-05-21
SONACOMS, EQ, 21-May-2026,588.6,589.25,596.05,581.0,582.2,584.3,586.96,763533,4481.65,24827,330370.0, 43.27,2026-05-21
SONAL, EQ, 21-May-2026,92.0,92.0,92.0,92.0,92.0,92.0,92.0,1,0.0,1,1.0, 100.00,2026-05-21
SONAMLTD, EQ, 21-May-2026,57.0,57.0,57.94,55.16,57.0,56.86,56.18,46523,26.14,1280,21221.0, 45.61,2026-05-21
SONATSOFTW, EQ, 21-May-2026,267.05,269.0,271.65,266.35,269.5,269.7,269.21,364886,982.31,9166,127918.0, 35.06,2026-05-21
SONUINFRA, SM, 21-May-2026,50.0,48.05,52.5,48.05,52.5,52.5,50.28,3000,1.51,2,3000.0, 100.00,2026-05-21
SOTL, EQ, 21-May-2026,417.3,418.9,428.35,411.1,422.0,422.65,421.66,86086,362.99,2535,41007.0, 47.63,2026-05-21
SOUTHBANK, EQ, 21-May-2026,41.4,41.4,41.49,40.55,40.73,41.01,40.9,12360645,5055.39,27076,4082025.0, 33.02,2026-05-21
SOUTHWEST, EQ, 21-May-2026,244.53,245.87,261.2,240.1,257.8,255.98,255.9,787686,2015.68,13816,351734.0, 44.65,2026-05-21
SPAL, EQ, 21-May-2026,792.3,765.0,775.4,732.4,753.0,763.5,755.8,102121,771.83,6773,53592.0, 52.48,2026-05-21
SPANDANA, EQ, 21-May-2026,254.26,255.6,260.0,252.01,255.0,256.08,254.68,123070,313.44,3847,52855.0, 42.95,2026-05-21
SPARC, EQ, 21-May-2026,183.68,185.0,189.29,179.2,180.0,180.33,184.46,4357447,8037.8,41533,1101196.0, 25.27,2026-05-21
SPCENET, EQ, 21-May-2026,3.63,3.67,3.81,3.61,3.7,3.69,3.72,640301,23.85,571,424759.0, 66.34,2026-05-21
SPCL, SM, 21-May-2026,76.45,75.65,75.95,74.0,74.05,74.5,74.92,17400,13.04,27,15000.0, 86.21,2026-05-21
SPCON, SM, 21-May-2026,140.2,135.0,135.0,135.0,135.0,135.0,135.0,1200,1.62,1,1200.0, 100.00,2026-05-21
SPEB, SM, 21-May-2026,78.15,79.0,81.2,79.0,79.5,80.75,80.26,14000,11.24,7,14000.0, 100.00,2026-05-21
SPECIALITY, EQ, 21-May-2026,107.19,109.5,116.0,105.32,115.3,114.61,112.48,195820,220.25,1505,141127.0, 72.07,2026-05-21
SPECTRUM, EQ, 21-May-2026,1428.5,1453.9,1453.9,1405.1,1405.1,1413.2,1424.61,4501,64.12,251,2818.0, 62.61,2026-05-21
SPECTSTM, ST, 21-May-2026,54.3,54.3,56.8,54.3,56.8,56.8,55.48,5600,3.11,7,5600.0, 100.00,2026-05-21
SPENCERS, EQ, 21-May-2026,36.52,36.42,38.2,36.42,37.57,37.55,37.28,66809,24.91,1308,29981.0, 44.88,2026-05-21
SPIC, EQ, 21-May-2026,69.51,70.0,71.2,69.85,70.18,70.36,70.47,460751,324.71,3313,162503.0, 35.27,2026-05-21
SPLIL, EQ, 21-May-2026,29.54,29.06,30.55,28.6,29.5,29.49,29.29,5441,1.59,182,3135.0, 57.62,2026-05-21
SPLPETRO, EQ, 21-May-2026,688.25,694.0,697.85,687.65,688.2,689.15,691.76,21730,150.32,1484,12086.0, 55.62,2026-05-21
SPMLINFRA, EQ, 21-May-2026,197.92,199.5,207.65,195.0,200.67,199.82,202.59,351093,711.27,6887,147783.0, 42.09,2026-05-21
SPORTKING, EQ, 21-May-2026,151.42,155.48,165.4,153.21,160.0,159.5,160.49,1202085,1929.26,14559,449112.0, 37.36,2026-05-21
SPRL, SM, 21-May-2026,94.0,89.3,90.0,89.3,90.0,90.0,89.53,2400,2.15,3,2400.0, 100.00,2026-05-21
SRD, EQ, 21-May-2026,41.34,42.65,43.5,41.53,42.2,42.58,42.88,26203,11.24,182,19303.0, 73.67,2026-05-21
SREEL, EQ, 21-May-2026,188.47,192.22,193.2,188.1,189.65,189.8,190.83,4774,9.11,334,1970.0, 41.27,2026-05-21
SRF, EQ, 21-May-2026,2613.3,2634.5,2648.9,2600.1,2627.0,2620.4,2617.92,459611,12032.26,37174,294245.0, 64.02,2026-05-21
SRGHFL, EQ, 21-May-2026,283.15,281.15,291.0,281.15,291.0,290.95,288.53,1880,5.42,66,1812.0, 96.38,2026-05-21
SRHHYPOLTD, EQ, 21-May-2026,511.85,539.9,563.95,520.5,531.95,528.95,539.75,55408,299.07,2160,21021.0, 37.94,2026-05-21
SRM, EQ, 21-May-2026,485.05,494.0,514.0,491.2,502.0,504.65,503.75,107427,541.17,3269,51153.0, 47.62,2026-05-21
SRTL, EQ, 21-May-2026,44.33,45.18,45.18,43.8,44.25,44.03,44.12,32736,14.44,494,19089.0, 58.31,2026-05-21
SSDL, EQ, 21-May-2026,61.43,61.95,61.95,60.1,60.1,60.38,60.85,7724,4.7,334,5257.0, 68.06,2026-05-21
SSEGL, SM, 21-May-2026,378.35,385.0,385.0,364.55,369.9,368.75,369.35,17200,63.53,79,12200.0, 70.93,2026-05-21
SSFL, SM, 21-May-2026,113.9,119.9,122.0,110.0,120.95,120.2,118.03,62500,73.77,95,45500.0, 72.80,2026-05-21
SSFLPP, E1, 21-May-2026,121.75,121.75,125.7,120.3,121.9,121.9,120.86,1174,1.42,37,1146.0, 97.61,2026-05-21
SSWL, EQ, 21-May-2026,207.97,208.3,214.5,208.05,211.9,210.49,211.08,323561,682.96,6442,153530.0, 47.45,2026-05-21
STALLION, EQ, 21-May-2026,165.39,168.9,176.0,166.92,169.5,168.89,171.24,3633459,6222.0,31948,1185035.0, 32.61,2026-05-21
STANLEY, EQ, 21-May-2026,156.13,157.5,172.0,157.0,158.0,157.9,164.82,608965,1003.69,12963,154734.0, 25.41,2026-05-21
STAR, EQ, 21-May-2026,1141.7,1160.3,1173.3,1131.1,1163.5,1159.1,1153.24,218771,2522.95,12933,79187.0, 36.20,2026-05-21
STARCEMENT, EQ, 21-May-2026,213.37,217.6,217.65,214.31,215.0,215.29,215.57,69791,150.45,2875,37590.0, 53.86,2026-05-21
STARHEALTH, EQ, 21-May-2026,519.8,522.0,532.2,520.0,522.5,526.65,526.43,966819,5089.66,18198,763595.0, 78.98,2026-05-21
STARPAPER, EQ, 21-May-2026,136.41,139.38,143.0,137.95,141.86,139.92,140.03,15472,21.67,250,11969.0, 77.36,2026-05-21
STARTECK, EQ, 21-May-2026,245.1,251.76,251.76,247.2,249.68,249.39,249.72,7811,19.51,115,659.0, 8.44,2026-05-21
STCINDIA, EQ, 21-May-2026,115.72,116.89,117.78,115.5,115.55,115.68,116.52,10107,11.78,237,5272.0, 52.16,2026-05-21
STEELCAS, EQ, 21-May-2026,284.05,290.0,300.0,288.1,292.0,294.05,294.04,52847,155.39,1813,26969.0, 51.03,2026-05-21
STEELCITY, EQ, 21-May-2026,78.93,80.82,80.82,79.0,79.15,79.17,79.58,1170,0.93,70,731.0, 62.48,2026-05-21
STEELXIND, EQ, 21-May-2026,10.13,10.13,10.29,10.02,10.02,10.05,10.14,906438,91.91,1408,518827.0, 57.24,2026-05-21
STEL, EQ, 21-May-2026,438.75,448.0,455.85,446.95,455.0,453.5,451.89,3514,15.88,284,2265.0, 64.46,2026-05-21
STERTOOLS, EQ, 21-May-2026,233.74,238.0,241.38,234.36,235.9,236.01,237.8,31724,75.44,791,11721.0, 36.95,2026-05-21
STLNETWORK, BE, 21-May-2026,25.68,26.05,26.05,24.41,25.25,25.02,25.19,918564,231.36,1788,, -,2026-05-21
STLTECH, BE, 21-May-2026,404.9,407.4,424.7,405.0,422.0,420.15,420.09,2688353,11293.39,28095,, -,2026-05-21
STOVEKRAFT, EQ, 21-May-2026,543.85,551.0,559.0,541.05,552.95,551.55,549.29,140338,770.87,5934,67954.0, 48.42,2026-05-21
STRIDERS, SM, 21-May-2026,61.3,58.5,64.15,56.5,60.5,60.35,60.36,59200,35.74,35,36800.0, 62.16,2026-05-21
STUDDS, EQ, 21-May-2026,438.1,445.0,445.0,435.1,444.5,443.05,441.52,27271,120.41,987,19612.0, 71.92,2026-05-21
STUDIOLSD, ST, 21-May-2026,10.4,10.3,10.8,10.0,10.8,10.35,10.37,10000,1.04,5,8000.0, 80.00,2026-05-21
STYL, EQ, 21-May-2026,254.92,260.27,264.95,257.0,260.77,261.82,261.05,156062,407.39,4052,73599.0, 47.16,2026-05-21
STYLAMIND, EQ, 21-May-2026,2741.7,2740.0,2787.6,2701.5,2731.1,2758.9,2750.96,43754,1203.66,5920,19567.0, 44.72,2026-05-21
STYLEBAAZA, BE, 21-May-2026,354.9,354.9,365.0,341.1,341.5,343.0,348.24,273450,952.25,1475,, -,2026-05-21
STYRENIX, EQ, 21-May-2026,2208.5,2219.5,2231.5,2187.6,2205.0,2198.2,2207.16,15731,347.21,1873,8749.0, 55.62,2026-05-21
SUBAHOTELS, SM, 21-May-2026,129.55,129.55,130.0,126.0,126.0,127.0,128.29,50400,64.66,40,36000.0, 71.43,2026-05-21
SUBEXLTD, BE, 21-May-2026,10.21,10.26,10.72,10.01,10.72,10.72,10.54,1207474,127.33,1341,, -,2026-05-21
SUBROS, EQ, 21-May-2026,714.2,715.8,727.5,711.0,715.0,714.7,716.42,53443,382.87,3218,28986.0, 54.24,2026-05-21
SUDARCOLOR, EQ, 21-May-2026,345.35,347.15,373.25,340.5,367.75,366.8,356.41,13326,47.5,888,6855.0, 51.44,2026-05-21
SUDARSCHEM, EQ, 21-May-2026,862.3,868.1,1008.9,862.3,1007.0,982.15,954.74,1532211,14628.67,52935,235082.0, 15.34,2026-05-21
SUDEEPPHRM, EQ, 21-May-2026,650.1,657.8,680.0,656.0,665.0,668.2,668.43,118876,794.6,5053,62437.0, 52.52,2026-05-21
SUKHJITS, EQ, 21-May-2026,193.41,194.9,196.36,189.91,192.31,193.53,192.31,32182,61.89,1048,14809.0, 46.02,2026-05-21
SULA, EQ, 21-May-2026,159.89,161.0,162.0,159.5,160.21,159.98,160.3,307700,493.23,3246,212210.0, 68.97,2026-05-21
SUMEETINDS, EQ, 21-May-2026,29.3,29.97,30.3,29.11,30.0,30.0,29.62,179271,53.11,896,90193.0, 50.31,2026-05-21
SUMICHEM, EQ, 21-May-2026,460.75,462.8,476.95,462.8,472.0,473.45,473.43,272356,1289.41,9142,138863.0, 50.99,2026-05-21
SUMIT, BE, 21-May-2026,43.07,43.97,45.2,43.25,45.0,44.98,44.87,30592,13.73,102,, -,2026-05-21
SUMMITSEC, EQ, 21-May-2026,1485.9,1503.6,1643.3,1491.1,1599.9,1590.5,1593.49,24696,393.53,2589,10784.0, 43.67,2026-05-21
SUNCLAY, EQ, 21-May-2026,1341.3,1350.0,1404.0,1328.1,1350.5,1343.1,1358.83,9894,134.44,1281,4069.0, 41.13,2026-05-21
SUNDARAM, EQ, 21-May-2026,1.39,1.39,1.44,1.38,1.4,1.4,1.4,173609,2.44,243,144996.0, 83.52,2026-05-21
SUNDARMFIN, EQ, 21-May-2026,4480.6,4525.0,4543.0,4466.1,4470.0,4483.4,4499.4,21206,954.14,4708,10070.0, 47.49,2026-05-21
SUNDRMBRAK, EQ, 21-May-2026,613.5,627.1,630.0,613.25,624.8,618.25,621.96,1392,8.66,88,868.0, 62.36,2026-05-21
SUNDRMFAST, EQ, 21-May-2026,834.55,836.25,845.0,826.25,836.15,834.1,834.75,65118,543.57,8257,41815.0, 64.21,2026-05-21
SUNDROP, EQ, 21-May-2026,669.6,677.45,686.0,672.2,685.8,677.8,681.13,9148,62.31,852,6247.0, 68.29,2026-05-21
SUNFLAG, EQ, 21-May-2026,350.15,352.1,368.0,352.05,364.55,364.75,361.88,435378,1575.56,7892,219747.0, 50.47,2026-05-21
SUNLITE, ST, 21-May-2026,447.7,440.15,456.95,440.15,441.1,441.1,445.66,13200,58.83,34,12300.0, 93.18,2026-05-21
SUNPHARMA, EQ, 21-May-2026,1880.3,1892.0,1899.6,1868.1,1887.0,1891.3,1885.07,1605806,30270.53,71066,842884.0, 52.49,2026-05-21
SUNREST, SM, 21-May-2026,35.0,35.0,37.0,35.0,37.0,37.0,36.2,6400,2.32,4,6400.0, 100.00,2026-05-21
SUNTECH, SM, 21-May-2026,38.0,36.15,40.85,35.75,40.25,39.95,38.27,46400,17.76,26,33600.0, 72.41,2026-05-21
SUNTECK, EQ, 21-May-2026,290.8,294.0,295.65,284.75,286.35,285.95,287.91,322113,927.4,11600,170065.0, 52.80,2026-05-21
SUNTV, EQ, 21-May-2026,517.45,525.05,526.8,514.5,517.5,518.75,518.67,222847,1155.84,12913,89274.0, 40.06,2026-05-21
SUPERHOUSE, EQ, 21-May-2026,150.05,153.59,158.8,149.0,150.21,152.52,152.75,7406,11.31,312,4621.0, 62.40,2026-05-21
SUPERSPIN, EQ, 21-May-2026,5.12,5.12,5.35,5.02,5.18,5.1,5.13,10289,0.53,63,6665.0, 64.78,2026-05-21
SUPRAJIT, EQ, 21-May-2026,418.9,422.7,429.0,416.25,422.2,421.2,424.23,96263,408.37,4351,53221.0, 55.29,2026-05-21
SUPREME, EQ, 21-May-2026,49.29,49.29,50.48,48.61,48.75,48.77,49.16,37402,18.39,865,18695.0, 49.98,2026-05-21
SUPREMEENG, BZ, 21-May-2026,0.99,0.95,1.0,0.95,0.99,0.95,0.97,28152,0.27,73,, -,2026-05-21
SUPREMEIND, EQ, 21-May-2026,3467.7,3488.0,3522.0,3435.0,3479.3,3466.4,3462.78,218587,7569.19,25005,134385.0, 61.48,2026-05-21
SUPREMEINF, EQ, 21-May-2026,82.04,82.4,82.9,82.0,82.3,82.07,82.14,26255,21.57,216,22882.0, 87.15,2026-05-21
SUPREMEPWR, ST, 21-May-2026,237.65,240.0,243.5,231.5,238.0,238.0,240.12,25000,60.03,47,23500.0, 94.00,2026-05-21
SUPRIYA, EQ, 21-May-2026,725.25,733.95,742.35,721.0,740.0,733.9,734.06,193933,1423.58,13506,86628.0, 44.67,2026-05-21
SURAJEST, EQ, 21-May-2026,214.62,215.05,219.8,215.05,218.95,218.3,217.98,24895,54.27,814,10594.0, 42.55,2026-05-21
SURAJLTD, EQ, 21-May-2026,231.68,230.0,237.85,228.85,234.98,230.82,231.42,1952,4.52,33,1370.0, 70.18,2026-05-21
SURAKSHA, EQ, 21-May-2026,305.05,305.05,324.95,305.05,322.0,320.1,319.59,173542,554.62,4085,102094.0, 58.83,2026-05-21
SURANASOL, EQ, 21-May-2026,25.97,26.79,27.89,26.0,26.2,26.2,26.87,131423,35.31,1100,49574.0, 37.72,2026-05-21
SURANAT&P, EQ, 21-May-2026,18.41,18.41,18.69,18.1,18.27,18.28,18.34,26037,4.78,252,20378.0, 78.27,2026-05-21
SURANI, ST, 21-May-2026,140.0,133.05,140.0,133.0,140.0,140.0,139.03,8200,11.4,22,8200.0, 100.00,2026-05-21
SURYALA, EQ, 21-May-2026,355.6,366.0,366.0,359.15,361.8,362.0,361.94,585,2.12,22,485.0, 82.91,2026-05-21
SURYALAXMI, EQ, 21-May-2026,58.69,58.98,60.24,58.61,58.62,58.62,58.8,2342,1.38,50,1069.0, 45.64,2026-05-21
SURYAROSNI, EQ, 21-May-2026,241.1,241.1,244.0,235.3,239.1,238.95,238.86,497384,1188.03,19390,281684.0, 56.63,2026-05-21
SURYODAY, EQ, 21-May-2026,160.95,162.0,164.0,158.92,159.1,159.68,160.9,130494,209.97,2225,65600.0, 50.27,2026-05-21
SUTLEJTEX, EQ, 21-May-2026,36.58,38.0,38.45,36.15,37.6,37.36,37.82,51446,19.46,629,29688.0, 57.71,2026-05-21
SUVEN, EQ, 21-May-2026,268.98,266.11,277.0,265.21,269.0,269.52,271.36,1168469,3170.8,20217,231144.0, 19.78,2026-05-21
SUVIDHAA, EQ, 21-May-2026,2.86,2.87,3.0,2.87,2.95,2.93,2.94,92988,2.73,143,82687.0, 88.92,2026-05-21
SUYOG, EQ, 21-May-2026,788.1,793.05,814.9,793.05,800.0,802.5,803.32,20476,164.49,1355,14277.0, 69.73,2026-05-21
SUZLON, EQ, 21-May-2026,52.57,53.0,53.84,52.66,52.8,52.87,53.23,55852452,29731.97,76898,14851673.0, 26.59,2026-05-21
SVLL, EQ, 21-May-2026,555.3,565.95,579.95,541.4,562.0,561.35,562.6,218,1.23,79,129.0, 59.17,2026-05-21
SVPGLOB, BE, 21-May-2026,4.05,4.03,4.03,3.9,3.9,3.9,3.97,43445,1.72,68,, -,2026-05-21
SWANCORP, EQ, 21-May-2026,320.85,321.8,326.0,316.3,317.15,318.1,321.48,630520,2026.97,22016,212786.0, 33.75,2026-05-21
SWANDEF, BE, 21-May-2026,1920.3,1914.0,1929.9,1851.1,1914.0,1910.4,1894.71,8303,157.32,648,, -,2026-05-21
SWARAJ, SM, 21-May-2026,257.1,251.0,256.6,235.1,244.75,242.9,244.07,134500,328.27,204,90500.0, 67.29,2026-05-21
SWARAJENG, EQ, 21-May-2026,3690.0,3700.0,3743.9,3661.3,3670.0,3677.7,3689.63,11050,407.7,2709,6587.0, 59.61,2026-05-21
SWELECTES, EQ, 21-May-2026,624.25,633.85,650.0,628.4,650.0,645.95,639.74,17545,112.24,943,11050.0, 62.98,2026-05-21
SWIGGY, EQ, 21-May-2026,256.35,259.0,259.5,250.0,250.15,250.75,252.95,9716798,24578.17,61257,4796887.0, 49.37,2026-05-21
SWSOLAR, EQ, 21-May-2026,195.33,196.9,199.9,195.22,196.3,196.54,197.17,982798,1937.81,13068,294911.0, 30.01,2026-05-21
SYMPHONY, EQ, 21-May-2026,719.15,725.0,727.95,713.2,715.0,715.4,718.41,86466,621.18,6030,39886.0, 46.13,2026-05-21
SYNCOMF, EQ, 21-May-2026,14.11,14.14,14.65,14.11,14.3,14.26,14.33,1532153,219.53,3412,717544.0, 46.83,2026-05-21
SYNGENE, EQ, 21-May-2026,466.05,473.0,473.8,464.35,470.0,470.2,469.48,370003,1737.1,14084,165936.0, 44.85,2026-05-21
SYNOPTICS, SM, 21-May-2026,48.9,51.0,51.0,50.5,50.5,50.5,50.75,1200,0.61,2,1200.0, 100.00,2026-05-21
SYRMA, EQ, 21-May-2026,1004.0,1020.0,1039.85,1009.0,1026.0,1024.65,1025.27,1700509,17434.84,51688,759175.0, 44.64,2026-05-21
SYSTANGO, SM, 21-May-2026,240.9,235.5,238.8,232.0,238.8,238.0,234.83,28400,66.69,63,15600.0, 54.93,2026-05-21
SYSTMTXC, EQ, 21-May-2026,67.27,66.98,68.17,66.01,66.45,67.0,67.05,82694,55.45,259,25003.0, 30.24,2026-05-21
TAALTECH, EQ, 21-May-2026,2731.6,2729.8,2840.5,2712.0,2805.0,2818.0,2779.77,758,21.07,207,483.0, 63.72,2026-05-21
TAC, SM, 21-May-2026,431.5,444.0,444.0,409.95,409.95,409.95,414.22,77600,321.43,272,71400.0, 92.01,2026-05-21
TAINWALCHM, EQ, 21-May-2026,204.44,200.88,204.96,196.37,197.0,199.35,199.46,14703,29.33,381,5728.0, 38.96,2026-05-21
TAJGVK, EQ, 21-May-2026,303.75,304.3,312.25,304.3,309.5,310.55,309.6,62018,192.01,1931,35105.0, 56.60,2026-05-21
TAKE, BE, 21-May-2026,26.8,28.14,28.14,28.14,28.14,28.14,28.14,233952,65.83,493,, -,2026-05-21
TALBROAUTO, EQ, 21-May-2026,327.35,345.0,360.0,317.0,319.7,319.55,342.11,2154994,7372.51,38188,537547.0, 24.94,2026-05-21
TAMBOLIIN, EQ, 21-May-2026,165.4,168.0,168.85,165.5,166.0,166.0,166.99,2052,3.43,42,1770.0, 86.26,2026-05-21
TANKUP, SM, 21-May-2026,630.0,650.0,650.0,635.0,635.0,635.0,636.15,3250,20.68,11,3250.0, 100.00,2026-05-21
TANLA, EQ, 21-May-2026,516.85,523.35,528.8,514.25,514.8,516.05,520.99,311280,1621.75,11869,120567.0, 38.73,2026-05-21
TARACHAND, EQ, 21-May-2026,57.84,57.84,59.09,57.02,57.8,57.53,57.93,63369,36.71,1325,33281.0, 52.52,2026-05-21
TARAPUR, EQ, 21-May-2026,22.81,22.99,23.95,21.87,22.05,22.12,23.07,52376,12.09,359,37709.0, 72.00,2026-05-21
TARC, EQ, 21-May-2026,127.81,130.01,132.75,128.41,132.25,132.31,130.63,224224,292.91,3564,105694.0, 47.14,2026-05-21
TARIL, EQ, 21-May-2026,304.75,310.0,318.9,304.05,306.2,306.0,311.9,3083742,9618.1,41613,899854.0, 29.18,2026-05-21
TARMAT, EQ, 21-May-2026,51.2,51.2,52.95,50.01,52.06,52.64,51.73,9992,5.17,118,8880.0, 88.87,2026-05-21
TARSONS, EQ, 21-May-2026,212.71,216.48,216.48,210.0,210.79,211.03,212.52,29202,62.06,976,18358.0, 62.87,2026-05-21
TASTYBITE, EQ, 21-May-2026,7454.5,7598.0,7650.0,7400.0,7433.0,7451.0,7493.32,1643,123.12,530,868.0, 52.83,2026-05-21
TATACAP, EQ, 21-May-2026,300.6,302.1,304.0,297.15,297.5,297.8,299.13,1712950,5124.02,36420,1071754.0, 62.57,2026-05-21
TATACHEM, EQ, 21-May-2026,729.95,733.0,770.7,727.0,755.0,755.1,753.51,1729960,13035.42,45190,317001.0, 18.32,2026-05-21
TATACOMM, EQ, 21-May-2026,1775.6,1785.0,1930.0,1771.1,1892.3,1896.3,1857.05,1722042,31979.27,83736,447772.0, 26.00,2026-05-21
TATACONSUM, EQ, 21-May-2026,1208.7,1211.2,1217.4,1192.0,1195.2,1194.9,1198.9,1443629,17307.65,43022,910699.0, 63.08,2026-05-21
TATAELXSI, EQ, 21-May-2026,4175.1,4214.9,4236.1,4182.6,4218.0,4217.7,4214.37,140584,5924.73,15590,49208.0, 35.00,2026-05-21
TATAGOLD, EQ, 21-May-2026,15.28,14.89,15.4,14.89,15.35,15.34,15.35,49036474,7526.48,58815,16035057.0, 32.70,2026-05-21
TATAINVEST, EQ, 21-May-2026,662.1,665.4,680.8,665.4,668.45,668.35,672.57,354981,2387.5,16095,89532.0, 25.22,2026-05-21
TATAPOWER, EQ, 21-May-2026,413.5,416.0,417.0,409.0,410.55,410.5,411.14,5013888,20614.12,54710,2130695.0, 42.50,2026-05-21
TATASTEEL, EQ, 21-May-2026,207.01,209.75,210.07,207.66,208.64,208.58,208.8,24385712,50917.26,134281,11763366.0, 48.24,2026-05-21
TATATECH, EQ, 21-May-2026,674.45,677.2,685.65,662.05,663.4,664.1,674.85,1304625,8804.26,31493,481502.0, 36.91,2026-05-21
TATSILV, EQ, 21-May-2026,25.63,25.32,25.99,25.32,25.52,25.54,25.57,63718179,16295.87,51203,13938604.0, 21.88,2026-05-21
TATVA, EQ, 21-May-2026,1241.9,1249.9,1263.4,1179.1,1183.7,1187.7,1199.92,92168,1105.95,7215,52442.0, 56.90,2026-05-21
TAURIAN, SM, 21-May-2026,281.6,293.95,314.3,289.0,296.95,296.95,297.81,37600,111.98,45,29600.0, 78.72,2026-05-21
TBI, SM, 21-May-2026,61.7,63.5,64.15,62.55,62.55,62.55,63.22,9600,6.07,16,7800.0, 81.25,2026-05-21
TBOTEK, EQ, 21-May-2026,1179.3,1180.0,1209.8,1180.0,1200.9,1200.3,1200.75,41040,492.79,4770,19282.0, 46.98,2026-05-21
TBZ, EQ, 21-May-2026,130.5,131.0,134.29,131.0,133.5,133.71,132.71,156378,207.53,2225,66040.0, 42.23,2026-05-21
TCC, EQ, 21-May-2026,356.9,374.0,374.0,359.2,367.7,361.75,361.37,1332,4.81,165,812.0, 60.96,2026-05-21
TCI, EQ, 21-May-2026,886.0,889.3,910.0,885.05,896.1,900.85,898.29,26770,240.47,2542,15531.0, 58.02,2026-05-21
TCIEXP, EQ, 21-May-2026,511.95,509.1,524.8,509.1,513.35,512.4,518.01,331522,1717.3,1027,325300.0, 98.12,2026-05-21
TCIFINANCE, EQ, 21-May-2026,13.32,13.32,13.8,13.21,13.52,13.47,13.37,7716,1.03,124,5299.0, 68.68,2026-05-21
TCL, SM, 21-May-2026,95.0,96.0,97.0,94.1,94.3,94.45,94.92,7200,6.83,9,4800.0, 66.67,2026-05-21
TCPLPACK, EQ, 21-May-2026,2546.9,2544.5,2590.1,2530.0,2589.9,2571.6,2557.12,842,21.53,249,493.0, 58.55,2026-05-21
TCS, EQ, 21-May-2026,2327.4,2331.0,2335.9,2314.0,2325.4,2327.2,2324.25,3299087,76679.13,106203,1524694.0, 46.22,2026-05-21
TDPOWERSYS, EQ, 21-May-2026,1231.2,1243.5,1310.0,1241.5,1299.0,1302.1,1283.84,2062899,26484.41,64624,861623.0, 41.77,2026-05-21
TEAMGTY, EQ, 21-May-2026,267.7,265.0,270.05,250.0,255.0,255.05,260.23,8034,20.91,459,4398.0, 54.74,2026-05-21
TEAMLEASE, EQ, 21-May-2026,1412.6,1420.0,1429.0,1366.5,1371.0,1372.7,1390.29,98622,1371.13,7895,39288.0, 39.84,2026-05-21
TECH, EQ, 21-May-2026,31.72,31.2,32.0,31.2,31.53,31.73,31.73,29673,9.42,150,15393.0, 51.88,2026-05-21
TECHD, SM, 21-May-2026,607.0,631.95,727.45,619.15,698.9,697.35,683.57,133800,914.61,370,76500.0, 57.17,2026-05-21
TECHERA, SM, 21-May-2026,175.25,172.5,184.0,172.5,182.55,183.05,180.43,78400,141.46,96,53600.0, 68.37,2026-05-21
TECHLABS, ST, 21-May-2026,227.3,225.0,236.35,220.0,230.9,229.2,228.17,7875,17.97,46,6125.0, 77.78,2026-05-21
TECHM, EQ, 21-May-2026,1439.0,1445.1,1450.0,1416.3,1419.8,1420.0,1427.76,999422,14269.37,46285,419899.0, 42.01,2026-05-21
TECHNOE, EQ, 21-May-2026,1202.7,1207.5,1300.0,1207.5,1294.0,1294.3,1277.49,1679959,21461.23,73621,696068.0, 41.43,2026-05-21
TECHNVISN, EQ, 21-May-2026,5347.0,5450.0,5554.0,5400.0,5500.0,5495.0,5531.55,257,14.22,25,230.0, 89.49,2026-05-21
TECILCHEM, EQ, 21-May-2026,12.67,12.7,12.85,11.3,12.24,12.24,12.28,7111,0.87,55,5241.0, 73.70,2026-05-21
TEGA, EQ, 21-May-2026,1578.6,1595.4,1600.8,1576.4,1580.4,1582.3,1585.0,15875,251.62,1795,8737.0, 55.04,2026-05-21
TEJASCARGO, SM, 21-May-2026,403.75,393.65,393.65,393.65,393.65,393.65,393.65,800,3.15,2,800.0, 100.00,2026-05-21
TEJASNET, EQ, 21-May-2026,466.4,470.0,478.8,463.0,464.0,465.7,471.51,2677523,12624.67,50650,506700.0, 18.92,2026-05-21
TEMBO, EQ, 21-May-2026,587.55,598.5,603.95,590.0,597.0,598.7,598.1,33199,198.56,1706,18177.0, 54.75,2026-05-21
TENNIND, EQ, 21-May-2026,597.7,605.95,609.35,592.6,593.95,596.7,600.3,196185,1177.7,11922,78653.0, 40.09,2026-05-21
TERASOFT, EQ, 21-May-2026,333.65,350.3,350.3,335.2,340.0,342.25,343.83,54379,186.97,1241,31839.0, 58.55,2026-05-21
TEXINFRA, EQ, 21-May-2026,97.71,97.57,98.88,96.5,96.5,96.68,97.62,22074,21.55,556,11603.0, 52.56,2026-05-21
TEXMOPIPES, EQ, 21-May-2026,45.86,45.2,45.86,44.21,44.75,44.61,45.11,28941,13.06,547,21362.0, 73.81,2026-05-21
TEXRAIL, EQ, 21-May-2026,108.39,109.9,111.09,107.56,108.2,107.98,108.93,2436281,2653.95,14009,873544.0, 35.86,2026-05-21
TFCILTD, EQ, 21-May-2026,73.63,74.0,76.6,73.76,74.2,74.26,75.06,4904611,3681.61,7664,2475547.0, 50.47,2026-05-21
TFL, EQ, 21-May-2026,11.86,11.82,12.19,11.71,11.85,11.85,11.85,1900,0.23,27,1177.0, 61.95,2026-05-21
TGBHOTELS, EQ, 21-May-2026,9.24,9.49,9.49,9.2,9.3,9.31,9.29,8044,0.75,45,4983.0, 61.95,2026-05-21
TGL, ST, 21-May-2026,21.15,20.75,20.75,20.75,20.75,20.75,20.75,4000,0.83,14,4000.0, 100.00,2026-05-21
THACKER, EQ, 21-May-2026,1100.0,1055.0,1096.7,1005.1,1005.1,1005.1,1052.59,9,0.09,7,7.0, 77.78,2026-05-21
THANGAMAYL, EQ, 21-May-2026,3780.8,3805.7,3889.4,3750.1,3865.0,3861.8,3823.06,150232,5743.46,18613,51604.0, 34.35,2026-05-21
THEINVEST, EQ, 21-May-2026,98.65,98.1,101.69,96.01,99.9,99.55,99.48,15972,15.89,511,6394.0, 40.03,2026-05-21
THEJO, EQ, 21-May-2026,1642.6,1643.5,1665.8,1610.0,1630.2,1640.2,1639.37,6153,100.87,662,3690.0, 59.97,2026-05-21
THELEELA, EQ, 21-May-2026,406.9,412.0,412.0,403.3,407.0,406.8,407.02,81101,330.1,4790,45571.0, 56.19,2026-05-21
THEMISMED, EQ, 21-May-2026,97.46,98.9,99.99,97.85,99.0,98.64,98.85,30813,30.46,926,15146.0, 49.15,2026-05-21
THERMAX, EQ, 21-May-2026,4415.1,4449.8,4620.9,4449.7,4547.0,4575.0,4572.2,414005,18929.15,58180,199975.0, 48.30,2026-05-21
THESL, SM, 21-May-2026,12.85,13.45,13.45,12.6,12.6,12.6,13.27,15000,1.99,5,9000.0, 60.00,2026-05-21
THOMASCOOK, EQ, 21-May-2026,93.31,93.97,94.49,92.15,92.5,93.07,93.39,2515132,2348.87,24734,1807479.0, 71.86,2026-05-21
THOMASCOTT, EQ, 21-May-2026,258.1,250.25,265.05,250.25,253.6,256.35,257.57,19640,50.59,1227,6555.0, 33.38,2026-05-21
THYROCARE, EQ, 21-May-2026,475.25,476.5,483.8,465.2,467.95,469.05,474.04,230619,1093.21,12163,105443.0, 45.72,2026-05-21
TI, EQ, 21-May-2026,422.8,425.0,434.2,425.0,432.55,432.35,430.52,312202,1344.1,10804,181595.0, 58.17,2026-05-21
TICL, EQ, 21-May-2026,22.76,22.85,23.5,22.34,22.96,23.02,23.05,835965,192.7,920,478272.0, 57.21,2026-05-21
TIGERLOGS, BE, 21-May-2026,34.9,34.8,36.24,34.8,35.99,35.82,35.13,30236,10.62,210,, -,2026-05-21
TIIL, EQ, 21-May-2026,2609.6,2619.8,2641.2,2589.8,2615.0,2609.2,2615.92,11106,290.52,1892,4880.0, 43.94,2026-05-21
TIINDIA, EQ, 21-May-2026,2970.9,2984.6,3063.5,2984.0,3000.0,3000.6,3033.6,223521,6780.73,19047,69591.0, 31.13,2026-05-21
TIJARIA, BE, 21-May-2026,4.74,4.76,4.88,4.63,4.63,4.64,4.69,4516,0.21,24,, -,2026-05-21
TIL, EQ, 21-May-2026,184.65,187.0,192.96,185.24,187.49,186.56,188.57,59584,112.36,1147,40158.0, 67.40,2026-05-21
TILPP, E1, 21-May-2026,142.1,149.15,149.15,142.0,142.0,142.0,142.02,1403,1.99,4,1403.0, 100.00,2026-05-21
TIMETECHNO, EQ, 21-May-2026,171.98,172.5,176.28,172.5,174.32,174.55,174.3,1859702,3241.46,17109,360926.0, 19.41,2026-05-21
TIMEX, EQ, 21-May-2026,344.4,341.6,367.8,341.6,363.0,364.05,357.76,450143,1610.44,6921,254049.0, 56.44,2026-05-21
TIMKEN, EQ, 21-May-2026,3656.2,3690.0,3760.0,3682.5,3705.0,3712.3,3725.98,66270,2469.21,12695,30933.0, 46.68,2026-05-21
TINNARUBR, EQ, 21-May-2026,744.05,759.9,761.15,711.1,719.0,717.0,732.49,40773,298.66,2618,21812.0, 53.50,2026-05-21
TIPSFILMS, EQ, 21-May-2026,378.55,382.95,387.7,380.85,383.0,384.15,382.44,1047,4.0,99,798.0, 76.22,2026-05-21
TIPSMUSIC, EQ, 21-May-2026,659.3,665.0,683.95,653.0,658.0,658.85,671.91,307845,2068.45,15977,153105.0, 49.73,2026-05-21
TIRUMALCHM, EQ, 21-May-2026,212.08,214.0,214.0,208.1,212.0,212.99,211.81,290284,614.85,6222,155994.0, 53.74,2026-05-21
TIRUPATIFL, BE, 21-May-2026,41.02,40.02,42.25,39.02,40.6,40.43,40.45,845406,342.0,1345,, -,2026-05-21
TITAGARH, EQ, 21-May-2026,746.95,755.05,767.4,751.0,751.0,752.9,758.73,463328,3515.41,16409,114912.0, 24.80,2026-05-21
TITAN, EQ, 21-May-2026,4106.4,4120.0,4136.4,4070.0,4085.0,4083.1,4087.96,863060,35281.51,51458,377501.0, 43.74,2026-05-21
TMB, EQ, 21-May-2026,692.75,694.0,710.0,683.0,685.0,691.6,697.49,269080,1876.81,9537,132252.0, 49.15,2026-05-21
TMCV, EQ, 21-May-2026,379.7,386.7,388.5,378.8,380.2,379.9,383.41,7315842,28049.87,88007,3421910.0, 46.77,2026-05-21
TMPV, EQ, 21-May-2026,361.25,364.0,366.0,359.0,363.2,361.35,362.18,10834385,39239.71,85440,6111701.0, 56.41,2026-05-21
TNIDETF, EQ, 21-May-2026,81.6,81.99,83.64,81.03,81.03,81.33,81.17,173081,140.5,473,160903.0, 92.96,2026-05-21
TNPETRO, EQ, 21-May-2026,90.66,90.2,91.06,88.62,90.05,89.72,89.98,121560,109.39,1402,59194.0, 48.70,2026-05-21
TNPL, EQ, 21-May-2026,151.65,153.45,153.99,149.1,150.8,150.26,151.52,53389,80.9,1425,25385.0, 47.55,2026-05-21
TNTELE, EQ, 21-May-2026,9.07,9.42,9.7,9.25,9.38,9.38,9.41,10207,0.96,49,9079.0, 88.95,2026-05-21
TOKYOPLAST, BE, 21-May-2026,84.01,84.2,87.0,84.2,84.25,84.22,85.55,1291,1.1,44,, -,2026-05-21
TOLINS, EQ, 21-May-2026,101.04,102.98,103.96,101.41,101.8,102.65,102.68,33199,34.09,873,18426.0, 55.50,2026-05-21
TOP100CASE, EQ, 21-May-2026,10.28,10.43,10.43,10.24,10.33,10.29,10.3,614187,63.27,1035,341118.0, 55.54,2026-05-21
TOP10ADD, EQ, 21-May-2026,86.87,87.22,87.4,86.33,86.99,86.54,86.75,267329,231.9,627,120939.0, 45.24,2026-05-21
TOP15IETF, EQ, 21-May-2026,9.65,9.89,9.89,9.58,9.69,9.6,9.62,84223,8.1,336,47675.0, 56.61,2026-05-21
TOP20, EQ, 21-May-2026,8.53,8.58,8.58,8.48,8.5,8.49,8.53,22948,1.96,165,20832.0, 90.78,2026-05-21
TORNTPHARM, EQ, 21-May-2026,4429.2,4517.7,4517.7,4444.2,4475.0,4469.2,4480.5,245755,11011.05,20400,113476.0, 46.17,2026-05-21
TORNTPOWER, EQ, 21-May-2026,1512.6,1524.0,1528.1,1485.1,1489.9,1491.4,1505.12,191467,2881.8,18392,80252.0, 41.91,2026-05-21
TOTAL, EQ, 21-May-2026,53.15,54.88,54.9,52.19,54.89,54.86,54.3,13630,7.4,102,12893.0, 94.59,2026-05-21
TOUCHWOOD, EQ, 21-May-2026,71.3,71.35,71.35,70.15,71.3,71.1,71.27,73,0.05,10,62.0, 84.93,2026-05-21
TPHQ, EQ, 21-May-2026,0.51,0.52,0.53,0.51,0.52,0.51,0.52,1040874,5.41,355,630532.0, 60.58,2026-05-21
TPLPLASTEH, EQ, 21-May-2026,63.1,63.7,64.9,63.22,63.5,63.72,64.02,149461,95.69,1067,23305.0, 15.59,2026-05-21
TRACXN, EQ, 21-May-2026,32.58,33.23,34.0,32.5,33.1,32.93,33.09,57376,18.98,918,33348.0, 58.12,2026-05-21
TRANSPEK, EQ, 21-May-2026,1230.6,1245.4,1245.9,1203.0,1208.2,1208.3,1215.74,557,6.77,102,364.0, 65.35,2026-05-21
TRANSRAILL, EQ, 21-May-2026,496.1,501.0,514.25,496.5,500.0,500.0,504.08,851703,4293.26,21779,382818.0, 44.95,2026-05-21
TRANSTEEL, SM, 21-May-2026,128.85,129.55,134.7,125.15,130.0,130.0,129.54,41000,53.11,41,28000.0, 68.29,2026-05-21
TRANSWORLD, EQ, 21-May-2026,155.89,157.0,160.7,154.07,154.31,154.91,156.67,20396,31.95,927,7025.0, 34.44,2026-05-21
TRAVELFOOD, EQ, 21-May-2026,1060.1,1061.0,1075.0,1040.0,1074.9,1061.4,1057.64,134453,1422.03,8600,104601.0, 77.80,2026-05-21
TREEHOUSE, EQ, 21-May-2026,6.95,7.23,7.23,6.72,6.72,6.9,6.94,57875,4.01,159,39318.0, 67.94,2026-05-21
TREJHARA, EQ, 21-May-2026,151.99,153.0,159.58,150.47,158.5,158.73,156.4,22306,34.89,735,12050.0, 54.02,2026-05-21
TREL, EQ, 21-May-2026,24.13,24.54,24.7,24.3,24.41,24.45,24.47,22340,5.47,272,16479.0, 73.76,2026-05-21
TRENT, EQ, 21-May-2026,4099.9,4135.0,4190.9,4052.0,4172.9,4170.4,4137.91,748071,30954.49,64838,284108.0, 37.98,2026-05-21
TRF, EQ, 21-May-2026,234.45,234.45,239.85,232.0,232.0,232.7,234.51,5856,13.73,439,3404.0, 58.13,2026-05-21
TRIDENT, EQ, 21-May-2026,24.27,24.32,24.78,24.26,24.61,24.61,24.53,4528745,1110.73,11568,1630348.0, 36.00,2026-05-21
TRIGYN, EQ, 21-May-2026,57.16,57.2,58.43,57.16,57.17,57.76,57.64,23304,13.43,606,7990.0, 34.29,2026-05-21
TRITURBINE, EQ, 21-May-2026,656.55,657.25,712.0,657.0,705.25,705.6,697.42,15939472,111165.69,268951,1354614.0, 8.50,2026-05-21
TRIVENI, EQ, 21-May-2026,370.2,370.8,388.0,370.8,380.2,382.2,381.28,446060,1700.72,15472,164225.0, 36.82,2026-05-21
TROM, ST, 21-May-2026,54.45,56.0,57.0,56.0,56.95,56.95,56.65,1800,1.02,3,1800.0, 100.00,2026-05-21
TRU, EQ, 21-May-2026,6.17,6.24,6.24,6.0,6.03,6.04,6.09,101128,6.16,202,71364.0, 70.57,2026-05-21
TRUALT, EQ, 21-May-2026,478.2,478.95,489.0,474.3,476.0,478.15,480.66,162403,780.61,4353,91327.0, 56.23,2026-05-21
TRUST, SM, 21-May-2026,34.5,34.0,34.45,32.95,34.0,34.0,33.67,15000,5.05,14,12000.0, 80.00,2026-05-21
TSC, SM, 21-May-2026,35.0,32.3,32.3,32.3,32.3,32.3,32.3,2000,0.65,1,2000.0, 100.00,2026-05-21
TSFINV, EQ, 21-May-2026,405.1,410.0,429.9,409.35,409.35,410.8,418.47,159049,665.57,7158,64366.0, 40.47,2026-05-21
TTKHLTCARE, EQ, 21-May-2026,884.4,906.7,917.95,881.75,896.0,888.55,898.89,2826,25.4,402,1936.0, 68.51,2026-05-21
TTKPRESTIG, EQ, 21-May-2026,542.6,543.0,548.8,536.0,537.5,541.75,541.68,102714,556.39,5379,33393.0, 32.51,2026-05-21
TTL, EQ, 21-May-2026,7.48,7.79,7.79,7.18,7.39,7.45,7.46,66006,4.92,251,54757.0, 82.96,2026-05-21
TTML, EQ, 21-May-2026,42.12,42.6,43.11,42.06,42.08,42.18,42.54,1444735,614.64,8270,591541.0, 40.94,2026-05-21
TUNWAL, SM, 21-May-2026,33.25,33.25,33.3,33.0,33.0,33.0,33.08,30000,9.92,14,20000.0, 66.67,2026-05-21
TVSELECT, EQ, 21-May-2026,452.65,454.0,473.95,454.0,462.0,458.25,463.0,41332,191.37,2010,11482.0, 27.78,2026-05-21
TVSHLTD, EQ, 21-May-2026,13569.0,13609.0,13609.0,13302.0,13500.0,13457.0,13428.53,3179,426.89,1674,1640.0, 51.59,2026-05-21
TVSMOTOR, EQ, 21-May-2026,3361.9,3378.5,3400.9,3342.0,3385.0,3380.7,3378.28,823043,27804.72,77374,416632.0, 50.62,2026-05-21
TVSSCS, EQ, 21-May-2026,113.05,114.0,117.69,114.0,116.0,115.79,115.83,277849,321.83,3358,182943.0, 65.84,2026-05-21
TVSSRICHAK, EQ, 21-May-2026,3592.0,3618.0,3670.0,3575.0,3575.0,3599.1,3619.0,3150,114.0,1208,1637.0, 51.97,2026-05-21
TVTODAY, EQ, 21-May-2026,109.38,110.0,111.0,108.34,110.0,109.98,109.86,33188,36.46,847,17166.0, 51.72,2026-05-21
TVVISION, EQ, 21-May-2026,5.24,5.12,5.35,5.12,5.28,5.28,5.32,16310,0.87,43,14909.0, 91.41,2026-05-21
TWCGOLDETF, EQ, 21-May-2026,156.56,155.15,157.49,155.0,157.1,157.14,156.62,2124,3.33,274,1560.0, 73.45,2026-05-21
UBL, EQ, 21-May-2026,1348.8,1360.0,1365.0,1326.0,1335.0,1331.0,1334.8,137791,1839.24,13210,69114.0, 50.16,2026-05-21
UCAL, EQ, 21-May-2026,88.94,90.7,92.0,90.03,91.7,91.44,91.05,17137,15.6,366,11891.0, 69.39,2026-05-21
UCL, ST, 21-May-2026,150.0,149.0,153.0,149.0,153.0,153.0,151.0,4000,6.04,2,4000.0, 100.00,2026-05-21
UCOBANK, EQ, 21-May-2026,24.53,24.75,24.95,24.72,24.8,24.82,24.85,3972708,987.22,10553,1470980.0, 37.03,2026-05-21
UDS, EQ, 21-May-2026,172.92,175.0,175.98,172.5,174.0,173.85,173.61,140020,243.09,1635,95984.0, 68.55,2026-05-21
UEL, EQ, 21-May-2026,144.09,145.0,149.33,143.71,144.17,144.45,145.65,11974,17.44,666,6186.0, 51.66,2026-05-21
UFBL, EQ, 21-May-2026,400.8,410.0,480.95,405.45,480.95,480.95,460.57,7103895,32718.52,117869,966206.0, 13.60,2026-05-21
UFLEX, EQ, 21-May-2026,403.55,407.4,424.85,407.35,411.0,411.7,416.74,86842,361.9,2778,25581.0, 29.46,2026-05-21
UFO, EQ, 21-May-2026,74.17,74.2,75.8,73.28,74.55,74.27,74.29,60619,45.04,748,41247.0, 68.04,2026-05-21
UGARSUGAR, EQ, 21-May-2026,41.97,41.97,42.5,41.52,41.9,42.05,42.14,111709,47.08,1091,49459.0, 44.27,2026-05-21
UGROCAP, EQ, 21-May-2026,98.07,98.07,100.5,97.15,98.0,97.75,98.11,270581,265.46,1414,212037.0, 78.36,2026-05-21
UHTL, SM, 21-May-2026,58.0,57.5,59.0,56.55,56.55,56.85,57.99,32000,18.56,14,28000.0, 87.50,2026-05-21
UJJIVANSFB, EQ, 21-May-2026,53.53,54.49,55.35,52.75,53.0,52.9,53.97,12976398,7003.12,62916,5918351.0, 45.61,2026-05-21
ULTRACEMCO, EQ, 21-May-2026,11409.0,11484.0,11517.0,11373.0,11505.0,11474.0,11463.1,244967,28080.8,43770,152713.0, 62.34,2026-05-21
ULTRAMAR, EQ, 21-May-2026,416.35,410.0,416.35,398.45,404.4,404.55,405.04,35306,143.0,2947,23410.0, 66.31,2026-05-21
UMA, SM, 21-May-2026,20.5,19.0,19.0,19.0,19.0,19.0,19.0,4000,0.76,1,4000.0, 100.00,2026-05-21
UMAEXPORTS, EQ, 21-May-2026,25.02,25.9,25.9,24.54,25.55,25.3,25.34,8213,2.08,84,8046.0, 97.97,2026-05-21
UMESLTD, BE, 21-May-2026,4.74,4.74,4.87,4.54,4.79,4.79,4.77,12708,0.61,49,, -,2026-05-21
UMIYA-MRO, EQ, 21-May-2026,83.14,84.7,85.45,83.2,84.5,84.13,84.09,6356,5.34,78,5255.0, 82.68,2026-05-21
UNICHEMLAB, EQ, 21-May-2026,373.0,377.95,379.05,362.2,373.7,367.15,369.01,28189,104.02,1135,14184.0, 50.32,2026-05-21
UNIDT, EQ, 21-May-2026,235.48,242.0,242.4,225.6,235.0,234.94,232.84,42907,99.91,1703,20860.0, 48.62,2026-05-21
UNIECOM, EQ, 21-May-2026,86.07,87.37,87.75,84.65,85.95,85.13,86.22,269235,232.13,3102,130548.0, 48.49,2026-05-21
UNIENTER, EQ, 21-May-2026,108.56,109.99,109.99,105.52,106.1,106.64,107.9,13889,14.99,191,9530.0, 68.62,2026-05-21
UNIHEALTH, ST, 21-May-2026,444.5,431.1,454.5,431.1,454.5,452.8,447.13,16500,73.78,26,15000.0, 90.91,2026-05-21
UNIINFO, BE, 21-May-2026,11.9,11.8,11.9,11.5,11.9,11.9,11.71,1384,0.16,19,, -,2026-05-21
UNILEX, SM, 21-May-2026,23.7,28.4,28.4,26.0,27.5,27.5,27.13,25600,6.94,15,19200.0, 75.00,2026-05-21
UNIMECH, EQ, 21-May-2026,925.3,932.0,947.9,920.0,925.0,921.3,930.41,32512,302.49,1979,20386.0, 62.70,2026-05-21
UNIONBANK, EQ, 21-May-2026,159.0,161.6,162.14,159.7,160.6,160.12,160.66,8330372,13383.72,43295,3128701.0, 37.56,2026-05-21
UNIONGOLD, EQ, 21-May-2026,154.35,153.15,156.9,153.15,154.55,154.55,154.84,1140,1.77,46,999.0, 87.63,2026-05-21
UNIPARTS, EQ, 21-May-2026,537.1,539.9,558.0,537.0,551.6,552.05,547.9,65153,356.97,3591,36054.0, 55.34,2026-05-21
UNITDSPR, EQ, 21-May-2026,1284.6,1293.0,1294.4,1270.1,1272.1,1272.6,1280.37,946896,12123.82,27944,599549.0, 63.32,2026-05-21
UNITECH, EQ, 21-May-2026,4.54,4.58,4.77,4.54,4.71,4.67,4.67,7145451,333.75,22902,4306258.0, 60.27,2026-05-21
UNITEDPOLY, EQ, 21-May-2026,34.73,34.6,37.96,32.25,34.44,34.64,35.54,176384,62.69,822,39364.0, 22.32,2026-05-21
UNITEDTEA, EQ, 21-May-2026,535.25,565.0,566.0,522.2,524.2,528.0,534.41,2002,10.7,306,968.0, 48.35,2026-05-21
UNIVASTU, EQ, 21-May-2026,70.39,70.51,74.4,70.0,73.08,72.07,71.3,101244,72.18,1174,61838.0, 61.08,2026-05-21
UNIVCABLES, EQ, 21-May-2026,1002.35,1025.0,1051.0,995.15,996.6,999.05,1026.96,225638,2317.2,12593,77579.0, 34.38,2026-05-21
UNIVPHOTO, BE, 21-May-2026,423.6,415.15,415.15,415.15,415.15,415.15,415.15,105,0.44,14,, -,2026-05-21
UNOMINDA, EQ, 21-May-2026,1056.4,1066.0,1084.4,1057.1,1081.0,1079.1,1074.03,1269664,13636.59,49940,736759.0, 58.03,2026-05-21
UPL, EQ, 21-May-2026,634.35,639.8,639.8,625.15,630.0,629.0,629.83,1405142,8850.06,28716,780868.0, 55.57,2026-05-21
URAVIDEF, EQ, 21-May-2026,117.23,121.9,121.9,115.0,119.0,118.56,118.11,3173,3.75,133,2406.0, 75.83,2026-05-21
URBAN, SM, 21-May-2026,137.95,131.5,136.0,130.5,131.2,131.45,132.3,44800,59.27,53,30400.0, 67.86,2026-05-21
URBANCO, EQ, 21-May-2026,119.49,120.07,121.5,118.21,119.49,119.48,119.8,2682167,3213.12,22422,1151370.0, 42.93,2026-05-21
URJA, EQ, 21-May-2026,10.82,10.76,10.96,10.71,10.84,10.8,10.8,819105,88.48,2511,361899.0, 44.18,2026-05-21
USASEEDS, SM, 21-May-2026,104.0,100.0,100.0,99.9,100.0,99.95,99.98,2568,2.57,6,2140.0, 83.33,2026-05-21
USHAFIN, SM, 21-May-2026,31.0,32.15,36.45,32.15,35.5,35.6,34.68,60800,21.09,38,52800.0, 86.84,2026-05-21
USHAMART, EQ, 21-May-2026,465.5,467.6,473.1,461.45,463.4,463.75,465.92,232905,1085.15,9448,106052.0, 45.53,2026-05-21
USK, EQ, 21-May-2026,21.68,21.68,22.1,21.22,21.8,21.52,21.56,12095,2.61,109,10348.0, 85.56,2026-05-21
UTIAMC, EQ, 21-May-2026,947.95,955.0,956.95,939.5,941.0,941.45,946.03,72776,688.48,5710,31416.0, 43.17,2026-05-21
UTKARSHBNK, EQ, 21-May-2026,13.28,13.31,13.49,13.16,13.19,13.21,13.29,2034154,270.32,3722,1016890.0, 49.99,2026-05-21
UTLSOLAR, EQ, 21-May-2026,266.2,268.0,277.8,261.6,264.0,264.5,270.3,465394,1257.95,8260,225637.0, 48.48,2026-05-21
UTSSAV, SM, 21-May-2026,259.25,261.0,261.0,254.0,261.0,260.75,259.79,72600,188.61,99,45000.0, 61.98,2026-05-21
UTTAMSUGAR, EQ, 21-May-2026,245.25,247.9,247.9,240.55,241.35,241.65,243.4,53293,129.71,1385,19426.0, 36.45,2026-05-21
UYFINCORP, EQ, 21-May-2026,14.83,15.15,15.15,14.62,14.98,14.92,14.92,155692,23.22,332,146634.0, 94.18,2026-05-21
V2RETAIL, EQ, 21-May-2026,227.28,228.99,232.8,225.65,231.2,231.92,230.79,1545042,3565.84,15392,1078427.0, 69.80,2026-05-21
VADILALIND, EQ, 21-May-2026,4212.8,4297.9,4310.0,4160.0,4291.0,4294.0,4247.0,11369,482.84,2123,5814.0, 51.14,2026-05-21
VAIBHAVGBL, EQ, 21-May-2026,225.71,228.0,228.98,224.03,228.5,228.08,226.94,246720,559.91,4756,117592.0, 47.66,2026-05-21
VAISHALI, BE, 21-May-2026,6.93,6.9,7.23,6.82,6.99,6.99,7.01,51771,3.63,155,, -,2026-05-21
VAKRANGEE, EQ, 21-May-2026,6.32,6.4,6.4,6.27,6.3,6.32,6.31,1791888,113.14,1642,1227440.0, 68.50,2026-05-21
VAL30IETF, EQ, 21-May-2026,15.64,16.03,16.03,15.6,15.7,15.67,15.69,564505,88.59,828,286921.0, 50.83,2026-05-21
VALIANTLAB, BE, 21-May-2026,76.54,77.9,77.9,75.0,75.5,75.97,75.66,8349,6.32,54,, -,2026-05-21
VALIANTORG, EQ, 21-May-2026,290.6,290.0,301.9,287.3,296.0,292.55,292.56,49285,144.19,1522,23495.0, 47.67,2026-05-21
VALUE, EQ, 21-May-2026,16.52,16.67,16.7,16.56,16.6,16.6,16.61,87703,14.57,119,32732.0, 37.32,2026-05-21
VALUE360, ST, 21-May-2026,70.55,70.95,72.85,70.0,72.5,71.45,71.53,63600,45.5,44,48000.0, 75.47,2026-05-21
VARDHACRLC, EQ, 21-May-2026,43.61,44.39,44.4,43.5,43.92,43.74,43.76,38059,16.65,265,27925.0, 73.37,2026-05-21
VARDMNPOLY, BE, 21-May-2026,6.17,6.2,6.44,6.2,6.43,6.4,6.34,101108,6.41,183,, -,2026-05-21
VARROC, EQ, 21-May-2026,557.9,564.9,574.5,557.5,568.0,568.2,565.6,76695,433.79,4899,31429.0, 40.98,2026-05-21
VASCONEQ, BE, 21-May-2026,35.26,35.15,35.65,34.16,34.9,34.88,35.11,125035,43.9,653,, -,2026-05-21
VASWANI, EQ, 21-May-2026,53.89,53.5,55.98,52.51,53.51,54.04,53.61,62737,33.64,1267,32913.0, 52.46,2026-05-21
VBL, EQ, 21-May-2026,514.0,515.0,525.9,514.15,519.5,519.85,521.54,6850797,35729.58,120084,3987406.0, 58.20,2026-05-21
VCL, EQ, 21-May-2026,1.43,1.42,1.47,1.42,1.45,1.44,1.45,147427,2.14,199,129086.0, 87.56,2026-05-21
VDEAL, SM, 21-May-2026,178.8,184.85,184.85,170.0,178.0,178.0,178.06,3600,6.41,6,2400.0, 66.67,2026-05-21
VEDL, EQ, 21-May-2026,333.75,338.0,338.25,328.9,330.75,329.75,333.17,14507403,48334.67,116820,4750365.0, 32.74,2026-05-21
VEEDOL, EQ, 21-May-2026,1435.4,1449.0,1460.0,1425.0,1433.0,1434.4,1443.99,20960,302.66,2124,8384.0, 40.00,2026-05-21
VEEKAYEM, ST, 21-May-2026,127.9,134.25,134.25,134.25,134.25,134.25,134.25,500,0.67,1,500.0, 100.00,2026-05-21
VELJAN, EQ, 21-May-2026,1040.3,1040.3,1040.3,960.0,1040.0,1040.0,991.13,205,2.03,21,193.0, 94.15,2026-05-21
VENKEYS, EQ, 21-May-2026,1504.9,1513.0,1543.3,1496.1,1509.0,1510.2,1513.14,41346,625.62,3140,19835.0, 47.97,2026-05-21
VENTIVE, EQ, 21-May-2026,628.3,634.0,634.0,622.0,623.0,626.8,628.21,29977,188.32,875,20885.0, 69.67,2026-05-21
VENUSPIPES, EQ, 21-May-2026,1335.8,1350.1,1401.8,1344.2,1350.0,1352.2,1374.93,53334,733.3,5796,22131.0, 41.50,2026-05-21
VENUSREM, EQ, 21-May-2026,1042.5,1054.95,1055.0,1004.35,1025.1,1030.55,1033.66,71894,743.14,3653,43317.0, 60.25,2026-05-21
VERANDA, EQ, 21-May-2026,240.04,247.65,251.0,240.31,244.7,243.97,246.0,818945,2014.61,4175,331836.0, 40.52,2026-05-21
VERTOZ, EQ, 21-May-2026,44.79,44.32,46.95,44.32,46.66,45.8,45.54,43650,19.88,505,29939.0, 68.59,2026-05-21
VESUVIUS, EQ, 21-May-2026,479.2,483.0,483.2,473.2,475.3,475.45,478.22,39558,189.17,3140,18519.0, 46.81,2026-05-21
VETO, EQ, 21-May-2026,111.02,112.2,113.46,111.12,111.23,111.79,112.44,27072,30.44,1084,14398.0, 53.18,2026-05-21
VGINFOTECH, SM, 21-May-2026,145.7,148.75,153.65,145.5,151.6,152.75,150.58,79000,118.96,71,47000.0, 59.49,2026-05-21
VGL, EQ, 21-May-2026,64.07,64.07,65.4,63.12,64.35,65.0,64.33,114436,73.62,641,81797.0, 71.48,2026-05-21
VGUARD, EQ, 21-May-2026,308.05,310.0,315.0,304.2,305.0,304.9,308.89,463284,1431.05,12707,297083.0, 64.13,2026-05-21
VHL, EQ, 21-May-2026,3516.6,3516.6,3516.6,3460.0,3465.3,3487.4,3497.47,214,7.48,56,95.0, 44.39,2026-05-21
VHLTD, BE, 21-May-2026,137.98,139.49,139.49,136.7,137.2,137.24,138.23,1294,1.79,21,, -,2026-05-21
VIAZ, SM, 21-May-2026,66.6,69.9,69.9,63.3,63.3,63.3,65.44,16000,10.47,7,14000.0, 87.50,2026-05-21
VICTORYEV, SM, 21-May-2026,15.4,15.85,16.4,15.5,15.95,16.1,16.04,108000,17.33,35,84000.0, 77.78,2026-05-21
VIDHIING, EQ, 21-May-2026,292.95,295.0,296.0,289.05,296.0,291.8,291.88,3960,11.56,298,1865.0, 47.10,2026-05-21
VIDYAWIRES, EQ, 21-May-2026,88.12,90.1,91.5,88.4,88.58,89.1,90.29,3618200,3267.02,13857,1023176.0, 28.28,2026-05-21
VIESL, SM, 21-May-2026,307.1,313.5,313.5,308.0,311.75,312.35,310.07,12800,39.69,15,9600.0, 75.00,2026-05-21
VIGOR, SM, 21-May-2026,53.0,47.2,52.5,47.05,51.0,51.0,49.62,12800,6.35,8,6400.0, 50.00,2026-05-21
VIJAYA, EQ, 21-May-2026,1271.7,1269.1,1304.0,1252.0,1256.3,1259.3,1270.76,113969,1448.27,8376,45777.0, 40.17,2026-05-21
VIJAYPD, ST, 21-May-2026,92.15,93.95,94.0,91.0,91.0,91.0,92.43,10000,9.24,5,10000.0, 100.00,2026-05-21
VIJIFIN, BE, 21-May-2026,3.78,3.8,3.93,3.73,3.8,3.83,3.84,65953,2.53,147,, -,2026-05-21
VIKASECO, EQ, 21-May-2026,1.25,1.25,1.28,1.23,1.26,1.27,1.27,1526388,19.32,958,980817.0, 64.26,2026-05-21
VIKASLIFE, EQ, 21-May-2026,1.43,1.43,1.47,1.43,1.45,1.44,1.45,1802674,26.17,1388,1128075.0, 62.58,2026-05-21
VIKRAMSOLR, EQ, 21-May-2026,198.84,200.84,202.43,196.84,199.2,198.85,199.06,1474878,2935.83,16776,681488.0, 46.21,2026-05-21
VIKRAN, EQ, 21-May-2026,65.39,66.5,67.0,63.68,64.2,64.12,65.26,2277296,1486.13,10994,951862.0, 41.80,2026-05-21
VILAS, SM, 21-May-2026,391.3,395.0,399.0,364.2,371.0,368.35,377.21,66250,249.9,189,48250.0, 72.83,2026-05-21
VIMTALABS, EQ, 21-May-2026,449.8,452.0,457.7,448.35,453.5,450.3,452.72,106798,483.5,3405,41901.0, 39.23,2026-05-21
VINATIORGA, EQ, 21-May-2026,1329.4,1332.0,1346.8,1319.9,1335.0,1333.8,1332.59,37796,503.67,3187,21083.0, 55.78,2026-05-21
VINCOFE, EQ, 21-May-2026,134.06,134.97,140.0,131.35,132.0,132.34,135.68,3510864,4763.42,49009,691723.0, 19.70,2026-05-21
VINDHYATEL, EQ, 21-May-2026,1631.9,1640.0,1688.0,1612.7,1625.0,1629.6,1647.67,28969,477.31,3665,8977.0, 30.99,2026-05-21
VINEETLAB, BE, 21-May-2026,34.71,35.99,36.4,35.25,36.35,36.35,35.9,19910,7.15,74,, -,2026-05-21
VINNY, EQ, 21-May-2026,1.14,1.12,1.16,1.12,1.14,1.12,1.14,172029,1.95,176,144238.0, 83.85,2026-05-21
VINSYS, SM, 21-May-2026,323.0,323.0,332.0,311.55,315.0,315.0,321.68,3500,11.26,5,3250.0, 92.86,2026-05-21
VINYAS, SM, 21-May-2026,942.8,989.9,1025.05,975.1,1020.0,1023.35,1001.26,13000,130.16,82,11500.0, 88.46,2026-05-21
VINYLINDIA, EQ, 21-May-2026,283.2,286.0,292.05,286.0,289.9,288.95,288.4,70155,202.32,1267,47631.0, 67.89,2026-05-21
VIPCLOTHNG, BE, 21-May-2026,26.17,25.95,26.4,25.95,25.95,26.0,26.02,59208,15.41,173,, -,2026-05-21
VIPIND, EQ, 21-May-2026,300.05,300.45,302.95,296.35,300.0,300.05,300.33,312251,937.79,9811,163364.0, 52.32,2026-05-21
VIPULLTD, EQ, 21-May-2026,9.02,8.88,9.28,8.88,9.14,9.09,9.09,24021,2.18,97,23517.0, 97.90,2026-05-21
VIRINCHI, EQ, 21-May-2026,16.46,16.46,16.64,16.21,16.27,16.31,16.35,113617,18.57,532,95241.0, 83.83,2026-05-21
VISACHROME, BE, 21-May-2026,50.31,52.8,52.82,47.8,51.4,51.07,50.96,17617,8.98,139,, -,2026-05-21
VISAKAIND, EQ, 21-May-2026,72.42,73.0,73.45,71.21,71.31,71.49,72.22,62754,45.32,888,29461.0, 46.95,2026-05-21
VISHNU, EQ, 21-May-2026,599.6,606.0,608.0,594.9,599.5,597.25,598.51,56805,339.98,3231,29062.0, 51.16,2026-05-21
VISHNUINFR, SM, 21-May-2026,158.9,155.0,163.95,155.0,163.95,163.95,160.42,5000,8.02,9,4000.0, 80.00,2026-05-21
VISHWARAJ, EQ, 21-May-2026,5.46,5.46,5.64,5.22,5.46,5.45,5.39,188106,10.13,438,129690.0, 68.95,2026-05-21
VITAL, BE, 21-May-2026,58.59,57.42,59.7,57.42,58.89,58.89,58.22,822,0.48,15,, -,2026-05-21
VIVIANA, SM, 21-May-2026,790.2,809.95,850.0,787.5,820.05,829.5,822.24,36400,299.3,169,24200.0, 66.48,2026-05-21
VIVIDEL, ST, 21-May-2026,993.0,1041.0,1041.0,952.0,980.0,980.0,995.49,30960,308.21,87,29760.0, 96.12,2026-05-21
VIVIDHA, EQ, 21-May-2026,0.5,0.51,0.52,0.5,0.51,0.5,0.51,245815,1.24,390,183029.0, 74.46,2026-05-21
VIVIMEDLAB, BE, 21-May-2026,6.51,6.26,6.77,6.26,6.47,6.55,6.57,76991,5.06,152,, -,2026-05-21
VIVO, SM, 21-May-2026,82.15,86.0,86.0,85.95,85.95,85.95,85.99,6400,5.5,4,6400.0, 100.00,2026-05-21
VIYASH, EQ, 21-May-2026,251.69,256.8,258.0,245.5,247.5,247.54,251.7,2550358,6419.31,43360,978966.0, 38.39,2026-05-21
VLEGOV, BE, 21-May-2026,13.93,13.66,14.39,13.66,14.33,14.2,14.17,70218,9.95,328,, -,2026-05-21
VLINFRA, ST, 21-May-2026,24.6,23.75,24.0,23.45,23.45,23.45,23.68,7500,1.78,5,7500.0, 100.00,2026-05-21
VLSFINANCE, EQ, 21-May-2026,230.35,231.12,234.85,231.12,232.95,232.35,233.06,4744,11.06,109,3806.0, 80.23,2026-05-21
VMARCIND, SM, 21-May-2026,1125.7,1135.0,1141.95,1080.55,1115.0,1111.3,1110.46,51500,571.89,182,30000.0, 58.25,2026-05-21
VMART, EQ, 21-May-2026,633.65,636.0,645.95,631.0,631.0,636.7,638.9,81827,522.79,5858,33216.0, 40.59,2026-05-21
VMM, EQ, 21-May-2026,122.14,122.6,123.9,121.24,123.0,123.33,123.11,11948110,14709.61,60416,5541919.0, 46.38,2026-05-21
VMSTMT, BE, 21-May-2026,47.52,46.0,49.0,46.0,47.1,46.63,47.28,16145,7.63,236,, -,2026-05-21
VOLERCAR, SM, 21-May-2026,228.0,225.0,225.0,214.0,222.0,222.0,220.3,70400,155.09,16,65600.0, 93.18,2026-05-21
VOLTAMP, EQ, 21-May-2026,9176.0,9219.0,9351.0,9163.0,9308.0,9311.0,9282.29,41082,3813.35,11821,21155.0, 51.49,2026-05-21
VOLTAS, EQ, 21-May-2026,1295.8,1300.2,1311.5,1262.1,1274.0,1273.5,1276.14,1117551,14261.52,34991,405640.0, 36.30,2026-05-21
VPRPL, BE, 21-May-2026,38.9,39.2,40.0,38.51,39.15,38.98,39.22,125119,49.08,713,, -,2026-05-21
VR, SM, 21-May-2026,134.5,128.0,128.0,128.0,128.0,128.0,128.0,400,0.51,1,400.0, 100.00,2026-05-21
VRAJ, EQ, 21-May-2026,119.83,121.6,123.96,120.0,122.0,120.8,121.27,23983,29.08,932,11439.0, 47.70,2026-05-21
VRLLOG, EQ, 21-May-2026,247.25,247.25,250.9,245.2,245.5,246.0,246.44,247119,609.0,5592,205470.0, 83.15,2026-05-21
VSCL, SM, 21-May-2026,20.95,20.95,20.95,19.95,19.95,19.95,20.03,72000,14.42,5,72000.0, 100.00,2026-05-21
VSSL, EQ, 21-May-2026,275.15,275.15,278.55,272.45,272.45,272.95,274.59,22669,62.25,931,11074.0, 48.85,2026-05-21
VSTIND, EQ, 21-May-2026,256.3,258.0,259.95,256.0,257.15,256.85,257.5,143667,369.95,2577,74150.0, 51.61,2026-05-21
VSTL, EQ, 21-May-2026,119.87,119.9,120.79,116.44,117.01,117.34,118.06,20148,23.79,1122,12073.0, 59.92,2026-05-21
VSTTILLERS, EQ, 21-May-2026,4488.0,4489.5,4644.0,4455.0,4640.0,4618.0,4539.48,16972,770.44,3788,9625.0, 56.71,2026-05-21
VTL, EQ, 21-May-2026,609.75,605.0,626.8,605.0,621.2,619.65,617.16,534518,3298.84,11482,358036.0, 66.98,2026-05-21
WAAREEENER, EQ, 21-May-2026,3005.2,3040.0,3074.2,2999.0,3056.0,3056.6,3030.38,949176,28763.68,42965,363997.0, 38.35,2026-05-21
WAAREEINDO, BE, 21-May-2026,393.6,399.95,407.95,390.0,400.0,397.0,399.81,19776,79.07,633,, -,2026-05-21
WAAREERTL, EQ, 21-May-2026,938.7,945.0,955.4,936.0,950.4,947.3,947.87,176578,1673.74,9026,72968.0, 41.32,2026-05-21
WABAG, EQ, 21-May-2026,1393.7,1401.0,1424.0,1390.9,1414.5,1410.5,1410.31,274768,3875.07,19521,160891.0, 58.56,2026-05-21
WAKEFIT, EQ, 21-May-2026,142.88,144.0,148.9,140.0,142.0,143.96,143.35,2853402,4090.39,24428,726612.0, 25.46,2026-05-21
WALCHANNAG, EQ, 21-May-2026,238.24,225.0,255.05,223.02,241.45,241.53,243.58,6473422,15768.27,87947,1282971.0, 19.82,2026-05-21
WANBURY, BE, 21-May-2026,270.9,274.0,284.35,274.0,284.35,283.0,280.79,86836,243.83,708,, -,2026-05-21
WCIL, EQ, 21-May-2026,97.52,97.65,100.9,96.79,96.8,97.01,97.8,31707,31.01,883,14179.0, 44.72,2026-05-21
WEALTH, EQ, 21-May-2026,869.5,1043.0,1043.0,871.65,916.0,914.6,990.09,56352,557.94,4613,6581.0, 11.68,2026-05-21
WEBELSOLAR, EQ, 21-May-2026,104.46,105.51,109.0,104.5,105.45,105.27,106.91,2756260,2946.83,19204,1095701.0, 39.75,2026-05-21
WEIZMANIND, EQ, 21-May-2026,82.3,82.3,84.0,81.73,82.88,82.56,82.58,417,0.34,48,216.0, 51.80,2026-05-21
WEL, EQ, 21-May-2026,105.91,106.22,106.22,97.52,97.99,97.8,100.2,938198,940.06,3977,535474.0, 57.07,2026-05-21
WELCORP, EQ, 21-May-2026,1316.7,1320.0,1357.7,1318.7,1329.1,1330.2,1342.6,936829,12577.85,49593,457010.0, 48.78,2026-05-21
WELENT, EQ, 21-May-2026,487.0,492.1,502.5,490.3,495.15,497.2,497.53,146812,730.44,8073,87262.0, 59.44,2026-05-21
WELINV, EQ, 21-May-2026,1808.2,1815.0,1860.1,1800.0,1800.0,1800.0,1804.8,634,11.44,90,419.0, 66.09,2026-05-21
WELSPLSOL, EQ, 21-May-2026,42.0,43.39,43.39,41.96,42.04,42.32,42.47,134847,57.26,864,84371.0, 62.57,2026-05-21
WELSPUNLIV, EQ, 21-May-2026,141.65,142.01,145.8,141.5,145.6,145.5,144.23,3451932,4978.79,26237,1699565.0, 49.24,2026-05-21
WENDT, EQ, 21-May-2026,6976.0,6800.0,6967.0,6800.0,6854.5,6851.0,6867.64,6212,426.62,1530,2982.0, 48.00,2026-05-21
WESTLIFE, EQ, 21-May-2026,468.2,467.5,473.25,464.25,471.0,468.1,468.87,56283,263.89,3439,23520.0, 41.79,2026-05-21
WEWIN, BE, 21-May-2026,55.02,56.15,57.77,56.12,57.45,57.43,57.01,4419,2.52,78,, -,2026-05-21
WEWORK, EQ, 21-May-2026,486.8,487.0,584.15,485.3,580.0,573.9,557.25,5088473,28355.7,89836,495243.0, 9.73,2026-05-21
WHEELS, EQ, 21-May-2026,1565.4,1580.0,1725.0,1580.0,1665.0,1676.4,1676.17,519499,8707.69,34986,175132.0, 33.71,2026-05-21
WHIRLPOOL, EQ, 21-May-2026,856.0,844.3,894.0,830.5,872.0,877.45,871.26,1237355,10780.64,50670,431282.0, 34.86,2026-05-21
WHITEFORCE, ST, 21-May-2026,43.1,41.5,41.5,41.5,41.5,41.5,41.5,1600,0.66,1,1600.0, 100.00,2026-05-21
WILLAMAGOR, EQ, 21-May-2026,27.2,27.33,28.44,27.33,28.1,27.89,28.03,495,0.14,14,366.0, 73.94,2026-05-21
WIMPLAST, EQ, 21-May-2026,358.45,355.05,362.45,350.2,350.2,354.35,356.38,2819,10.05,226,2197.0, 77.94,2026-05-21
WINDLAS, EQ, 21-May-2026,798.05,807.95,814.8,779.0,782.0,782.35,789.75,58538,462.3,2867,33660.0, 57.50,2026-05-21
WINDMACHIN, EQ, 21-May-2026,279.3,280.05,297.3,280.05,293.0,293.0,290.66,53122,154.41,1320,22843.0, 43.00,2026-05-21
WINSOL, SM, 21-May-2026,135.45,139.0,139.5,133.25,137.0,137.0,137.09,4000,5.48,10,1600.0, 40.00,2026-05-21
WINSOME, BZ, 21-May-2026,2.18,2.22,2.22,2.18,2.19,2.21,2.21,24597,0.54,63,, -,2026-05-21
WIPL, EQ, 21-May-2026,141.83,144.9,145.88,143.05,145.88,145.23,144.73,1245,1.8,23,1240.0, 99.60,2026-05-21
WIPRO, EQ, 21-May-2026,197.12,198.5,200.04,197.5,199.51,199.74,199.12,18980608,37794.61,100328,10270679.0, 54.11,2026-05-21
WOCKPHARMA, EQ, 21-May-2026,1611.9,1618.0,1638.7,1594.6,1595.9,1599.8,1611.67,761546,12273.61,32019,258674.0, 33.97,2026-05-21
WOL3D, SM, 21-May-2026,178.05,183.95,195.85,183.5,195.85,195.1,192.8,50000,96.4,40,41000.0, 82.00,2026-05-21
WOMANCART, SM, 21-May-2026,124.5,127.0,127.0,121.0,121.0,122.5,123.05,10800,13.29,27,7600.0, 70.37,2026-05-21
WONDERLA, EQ, 21-May-2026,487.0,487.0,489.3,483.0,487.0,487.55,486.26,25078,121.94,2466,13684.0, 54.57,2026-05-21
WORTHPERI, EQ, 21-May-2026,134.78,135.02,138.0,130.52,137.9,136.98,135.58,3868,5.24,245,2091.0, 54.06,2026-05-21
WPIL, EQ, 21-May-2026,435.95,433.0,442.85,426.0,433.9,432.85,433.52,40159,174.1,2713,18849.0, 46.94,2026-05-21
WSI, EQ, 21-May-2026,68.63,70.0,70.0,66.5,67.0,67.03,67.36,92417,62.26,502,65501.0, 70.88,2026-05-21
WSTCSTPAPR, EQ, 21-May-2026,476.7,478.0,491.95,476.8,480.0,479.7,483.76,90556,438.08,3539,57225.0, 63.19,2026-05-21
WTICAB, SM, 21-May-2026,89.6,90.1,90.35,81.6,81.85,82.95,85.68,37500,32.13,55,30000.0, 80.00,2026-05-21
XCHANGING, EQ, 21-May-2026,67.0,68.0,71.4,66.73,67.11,67.29,68.56,373975,256.39,2824,143539.0, 38.38,2026-05-21
XELPMOC, EQ, 21-May-2026,105.57,106.16,106.16,101.63,103.64,102.56,102.94,14689,15.12,404,9799.0, 66.71,2026-05-21
XPROINDIA, EQ, 21-May-2026,1070.9,1087.0,1157.0,1087.0,1100.2,1102.6,1109.56,87453,970.34,5350,36417.0, 41.64,2026-05-21
XTGLOBAL, EQ, 21-May-2026,30.86,31.5,32.0,30.19,30.19,30.42,30.93,33768,10.45,413,9725.0, 28.80,2026-05-21
YAAP, ST, 21-May-2026,195.7,195.7,195.85,195.7,195.7,195.7,195.71,13000,25.44,9,13000.0, 100.00,2026-05-21
YASHO, EQ, 21-May-2026,2058.9,2057.0,2080.0,1995.0,1995.9,2010.1,2043.33,65679,1342.04,6494,26045.0, 39.65,2026-05-21
YASHOPTICS, SM, 21-May-2026,132.55,132.3,132.5,130.8,130.8,130.8,131.67,4000,5.27,5,3200.0, 80.00,2026-05-21
YATHARTH, EQ, 21-May-2026,846.75,854.2,863.45,850.35,859.8,859.55,857.4,200464,1718.79,9478,94009.0, 46.90,2026-05-21
YATRA, EQ, 21-May-2026,94.5,95.9,96.8,94.45,96.0,96.1,95.82,1131032,1083.75,9508,354160.0, 31.31,2026-05-21
YCCL, SM, 21-May-2026,9.7,9.5,9.5,9.5,9.5,9.5,9.5,3000,0.29,1,3000.0, 100.00,2026-05-21
YESBANK, EQ, 21-May-2026,22.0,22.17,22.34,20.93,21.6,21.57,21.68,130253122,28240.01,83119,30830191.0, 23.67,2026-05-21
YUDIZ, SM, 21-May-2026,27.05,28.4,28.4,25.7,26.6,26.6,26.55,11200,2.97,10,7200.0, 64.29,2026-05-21
YUKEN, EQ, 21-May-2026,656.6,685.0,692.35,668.2,668.2,670.7,679.44,23744,161.33,2086,15070.0, 63.47,2026-05-21
ZAGGLE, EQ, 21-May-2026,213.48,215.7,217.7,211.53,212.8,213.49,214.2,1162344,2489.75,15648,369529.0, 31.79,2026-05-21
ZEAL, SM, 21-May-2026,69.0,69.0,69.0,69.0,69.0,69.0,69.0,600,0.41,1,600.0, 100.00,2026-05-21
ZEEL, EQ, 21-May-2026,82.95,83.26,84.88,82.7,83.7,83.42,83.58,10403040,8694.75,54889,3447681.0, 33.14,2026-05-21
ZEELEARN, EQ, 21-May-2026,5.8,5.76,5.92,5.74,5.75,5.76,5.8,476161,27.59,473,393735.0, 82.69,2026-05-21
ZEEMEDIA, EQ, 21-May-2026,8.13,8.11,8.22,7.94,8.04,8.02,8.05,469365,37.8,638,370880.0, 79.02,2026-05-21
ZENITHDRUG, SM, 21-May-2026,38.85,39.95,39.95,39.95,39.95,39.95,39.95,800,0.32,1,800.0, 100.00,2026-05-21
ZENITHEXPO, EQ, 21-May-2026,204.59,204.6,204.6,202.0,202.0,202.0,204.44,52,0.11,8,49.0, 94.23,2026-05-21
ZENITHSTL, EQ, 21-May-2026,5.71,5.82,5.82,5.55,5.75,5.72,5.69,104235,5.93,305,66615.0, 63.91,2026-05-21
ZENSARTECH, EQ, 21-May-2026,490.35,493.5,503.15,488.3,490.0,489.85,494.03,274982,1358.5,12904,123768.0, 45.01,2026-05-21
ZENTEC, EQ, 21-May-2026,1604.2,1612.1,1639.4,1590.0,1608.0,1603.8,1611.55,407853,6572.77,23747,123682.0, 30.33,2026-05-21
ZFCVINDIA, EQ, 21-May-2026,14410.0,14420.0,14920.0,14325.0,14760.0,14833.0,14509.42,18832,2732.41,4499,12357.0, 65.62,2026-05-21
ZFSTEERING, EQ, 21-May-2026,712.15,714.0,714.0,692.25,711.65,701.55,702.25,1067,7.49,135,564.0, 52.86,2026-05-21
ZIMLAB, BE, 21-May-2026,99.12,98.98,102.9,98.98,100.5,100.11,100.85,32689,32.97,224,, -,2026-05-21
ZODIAC, BE, 21-May-2026,293.7,300.0,308.35,295.0,305.0,303.5,303.54,19072,57.89,285,, -,2026-05-21
ZODIACLOTH, EQ, 21-May-2026,76.97,77.0,78.89,76.23,77.5,77.02,77.32,1233,0.95,41,695.0, 56.37,2026-05-21
ZOTA, EQ, 21-May-2026,1202.6,1220.0,1228.4,1205.0,1218.0,1216.3,1215.95,9992,121.5,799,5182.0, 51.86,2026-05-21
ZSARACOM, EQ, 21-May-2026,9780.0,9780.0,9780.0,9300.5,9780.0,9780.0,9681.56,27,2.61,19,26.0, 96.30,2026-05-21
ZTECH, SM, 21-May-2026,623.15,620.0,655.0,614.0,630.0,626.9,633.61,111300,705.21,265,69900.0, 62.80,2026-05-21
ZUARI, EQ, 21-May-2026,213.77,217.0,217.19,212.4,214.2,213.85,214.96,84126,180.84,1840,44573.0, 52.98,2026-05-21
ZUARIIND, EQ, 21-May-2026,247.1,248.5,249.5,244.75,248.0,246.75,246.88,15671,38.69,1030,6346.0, 40.50,2026-05-21
ZYDUSLIFE, EQ, 21-May-2026,1040.85,1054.0,1054.0,1030.05,1036.8,1036.45,1037.54,1920511,19926.03,42548,916592.0, 47.73,2026-05-21
ZYDUSWELL, EQ, 21-May-2026,512.55,511.05,512.9,491.05,495.6,493.7,500.72,470484,2355.81,15360,191412.0, 40.68,2026-05-21
