SYMBOL,SERIES,DATE1,PREV_CLOSE,OPEN_PRICE,HIGH_PRICE,LOW_PRICE,LAST_PRICE,CLOSE_PRICE,AVG_PRICE,TTL_TRD_QNTY,TURNOVER_LACS,NO_OF_TRADES,DELIV_QTY,DELIV_PER,DATE
1018GS2026, GS, 20-Apr-2026,103.1,101.18,103.8,101.18,102.0,102.0,102.35,10906,11.16,21,9545.0, 87.52,2026-04-20
20MICRONS, EQ, 20-Apr-2026,184.09,184.43,187.0,175.2,175.41,177.22,179.57,176570,317.07,3126,74047.0, 41.94,2026-04-20
21STCENMGM, EQ, 20-Apr-2026,32.41,33.05,33.05,33.05,33.05,33.05,33.05,612,0.2,10,612.0, 100.00,2026-04-20
360ONE, EQ, 20-Apr-2026,1113.3,1107.7,1127.65,1096.75,1105.0,1109.25,1109.07,671866,7451.44,30688,313927.0, 46.72,2026-04-20
3BBLACKBIO, EQ, 20-Apr-2026,1309.9,1329.55,1346.85,1281.1,1299.0,1301.9,1320.31,4965,65.55,714,3401.0, 68.50,2026-04-20
3IINFOLTD, EQ, 20-Apr-2026,17.46,17.95,17.95,17.38,17.55,17.65,17.58,514878,90.52,1248,400043.0, 77.70,2026-04-20
3MINDIA, EQ, 20-Apr-2026,31410.0,31320.0,31750.0,30910.0,31320.0,31480.0,31383.35,2882,904.47,1565,1171.0, 40.63,2026-04-20
3PLAND, EQ, 20-Apr-2026,36.25,36.4,36.4,33.25,34.41,34.71,34.56,16683,5.77,259,11160.0, 66.89,2026-04-20
574GS2026, GS, 20-Apr-2026,102.7,100.13,103.4,100.13,103.4,103.4,101.9,159,0.16,4,151.0, 94.97,2026-04-20
591GS2028, GS, 20-Apr-2026,100.0,100.0,100.0,100.0,100.0,100.0,100.0,100,0.1,1,100.0, 100.00,2026-04-20
5PAISA, EQ, 20-Apr-2026,323.19,322.01,327.0,314.49,316.5,318.99,318.43,41887,133.38,1659,23063.0, 55.06,2026-04-20
603GS2029, GS, 20-Apr-2026,98.6,98.6,98.6,98.21,98.21,98.21,98.41,200,0.2,2,200.0, 100.00,2026-04-20
622GS2035, GS, 20-Apr-2026,95.27,95.69,95.7,95.69,95.7,95.69,95.7,500,0.48,2,500.0, 100.00,2026-04-20
633GS2035, GS, 20-Apr-2026,98.25,98.25,98.25,98.25,98.25,98.25,98.25,4,0.0,1,4.0, 100.00,2026-04-20
63MOONS, EQ, 20-Apr-2026,662.7,671.0,727.0,665.05,700.2,700.45,698.86,612451,4280.15,18962,214505.0, 35.02,2026-04-20
648GS2035, GS, 20-Apr-2026,98.3,97.25,97.25,97.25,97.25,97.25,97.25,800,0.78,4,800.0, 100.00,2026-04-20
654GS2032, GS, 20-Apr-2026,99.08,99.4,100.5,99.4,100.5,100.5,99.47,25070,24.94,17,24870.0, 99.20,2026-04-20
667GS2050, GS, 20-Apr-2026,93.0,94.0,94.0,94.0,94.0,94.0,94.0,20,0.02,2,20.0, 100.00,2026-04-20
668GS2033, GS, 20-Apr-2026,97.0,96.8,96.8,96.8,96.8,96.8,96.8,100,0.1,2,100.0, 100.00,2026-04-20
668GS2040, GS, 20-Apr-2026,98.0,98.5,98.5,96.53,96.53,96.53,97.94,350,0.34,2,350.0, 100.00,2026-04-20
676GS2061, GS, 20-Apr-2026,91.6,92.75,92.75,92.0,92.0,92.0,92.0,2003,1.84,3,2003.0, 100.00,2026-04-20
679GS2034, GS, 20-Apr-2026,99.5,99.5,99.6,99.5,99.6,99.52,99.52,14900,14.83,9,14900.0, 100.00,2026-04-20
679GS2034A, GS, 20-Apr-2026,97.51,97.51,97.51,97.51,97.51,97.51,97.51,1,0.0,1,1.0, 100.00,2026-04-20
68GS2060, GS, 20-Apr-2026,92.24,92.4,94.2,92.24,94.2,94.2,92.38,837,0.77,7,837.0, 100.00,2026-04-20
690GS2065, GS, 20-Apr-2026,91.87,92.0,92.0,91.52,91.88,91.9,91.93,144962,133.26,47,142212.0, 98.10,2026-04-20
695GS2061, GS, 20-Apr-2026,94.8,95.8,95.8,95.8,95.8,95.8,95.8,2,0.0,2,2.0, 100.00,2026-04-20
697GR2034, GS, 20-Apr-2026,96.73,97.0,97.0,97.0,97.0,97.0,97.0,6,0.01,1,6.0, 100.00,2026-04-20
702GS2027, GS, 20-Apr-2026,103.26,102.5,102.5,102.31,102.31,102.31,102.37,600,0.61,2,600.0, 100.00,2026-04-20
704GS2029, GS, 20-Apr-2026,102.26,102.26,102.26,102.26,102.26,102.26,102.26,200,0.2,1,200.0, 100.00,2026-04-20
706GS2028, GS, 20-Apr-2026,102.15,101.3,101.5,101.1,101.5,101.45,101.4,19872,20.15,11,19872.0, 100.00,2026-04-20
706GS2046, GS, 20-Apr-2026,99.0,98.75,98.75,98.75,98.75,98.75,98.75,2502,2.47,6,2502.0, 100.00,2026-04-20
709GS2054, GS, 20-Apr-2026,98.78,98.89,98.89,96.04,98.87,98.87,97.01,1121,1.09,11,1121.0, 100.00,2026-04-20
709GS2074, GS, 20-Apr-2026,97.18,97.77,97.77,96.8,97.08,97.17,97.16,40812,39.65,31,38073.0, 93.29,2026-04-20
710GS2029, GS, 20-Apr-2026,102.3,102.1,102.15,101.5,102.15,102.15,101.58,18000,18.28,9,17500.0, 97.22,2026-04-20
716GS2050, GS, 20-Apr-2026,101.99,102.1,102.1,102.1,102.1,102.1,102.1,1,0.0,1,1.0, 100.00,2026-04-20
717GS2030, GS, 20-Apr-2026,101.59,101.5,102.4,101.5,102.4,102.4,101.91,1244,1.27,3,1244.0, 100.00,2026-04-20
718GS2033, GS, 20-Apr-2026,102.5,104.0,104.0,104.0,104.0,104.0,104.0,250,0.26,1,250.0, 100.00,2026-04-20
718GS2037, GS, 20-Apr-2026,103.9,102.16,104.49,102.16,103.21,103.21,103.03,7680,7.91,6,5300.0, 69.01,2026-04-20
724GS2055, GS, 20-Apr-2026,100.59,101.0,101.0,99.62,100.0,100.0,99.97,1202,1.2,4,1200.0, 99.83,2026-04-20
725GS2063, GS, 20-Apr-2026,99.28,99.46,99.46,99.1,99.1,99.13,99.2,66484,65.95,45,44923.0, 67.57,2026-04-20
726GS2032, GS, 20-Apr-2026,103.2,103.1,103.6,103.1,103.6,103.6,103.59,20015,20.73,13,20015.0, 100.00,2026-04-20
733GS2026, GS, 20-Apr-2026,104.35,104.35,104.35,104.35,104.35,104.35,104.35,10,0.01,1,10.0, 100.00,2026-04-20
734GS2064, GS, 20-Apr-2026,101.55,100.9,101.34,100.9,101.01,101.16,101.21,68446,69.27,87,63097.0, 92.19,2026-04-20
736GS2052, GS, 20-Apr-2026,99.0,96.52,99.99,96.52,98.01,98.01,97.26,2462,2.39,10,1253.0, 50.89,2026-04-20
737GS2028, GS, 20-Apr-2026,104.62,104.62,104.62,104.27,104.27,104.27,104.41,501,0.52,3,501.0, 100.00,2026-04-20
738GS2027, GS, 20-Apr-2026,104.0,103.99,104.2,103.5,103.5,103.96,103.84,88124,91.51,23,88124.0, 100.00,2026-04-20
73GS2053, GS, 20-Apr-2026,100.2,98.2,101.8,98.2,99.05,99.05,98.28,1121,1.1,3,1121.0, 100.00,2026-04-20
741GS2036, GS, 20-Apr-2026,104.48,109.55,109.55,109.55,109.55,109.55,109.55,4,0.0,1,4.0, 100.00,2026-04-20
743GS2076, GS, 20-Apr-2026,101.2,100.5,101.2,100.0,100.25,100.25,100.17,3850,3.86,16,3800.0, 98.70,2026-04-20
746GS2073, GS, 20-Apr-2026,102.4,102.75,102.8,102.5,102.5,102.5,102.68,1042,1.07,6,1041.0, 99.90,2026-04-20
74GS2062, GS, 20-Apr-2026,100.94,101.05,101.05,99.0,99.9,99.76,100.0,2732,2.73,11,2702.0, 98.90,2026-04-20
754GS2036, GS, 20-Apr-2026,107.57,107.5,107.55,107.02,107.25,107.15,107.39,705338,757.49,250,694251.0, 98.43,2026-04-20
75GS2034, GS, 20-Apr-2026,104.25,104.8,104.8,104.8,104.8,104.8,104.8,5000,5.24,1,5000.0, 100.00,2026-04-20
769GS2043, GS, 20-Apr-2026,102.0,107.1,107.1,107.1,107.1,107.1,107.1,400,0.43,4,400.0, 100.00,2026-04-20
772GS2049, GS, 20-Apr-2026,104.01,106.55,106.55,106.55,106.55,106.55,106.55,100,0.11,1,100.0, 100.00,2026-04-20
815GS2026, GS, 20-Apr-2026,105.24,105.1,105.1,105.1,105.1,105.1,105.1,1,0.0,1,1.0, 100.00,2026-04-20
824GS2027, GS, 20-Apr-2026,103.5,105.0,105.0,104.95,104.95,104.95,104.99,467,0.49,6,467.0, 100.00,2026-04-20
833GS2026, GS, 20-Apr-2026,102.0,102.5,102.5,102.0,102.25,102.25,102.07,1722,1.76,5,1222.0, 70.96,2026-04-20
83GS2040, GS, 20-Apr-2026,110.5,106.6,109.0,106.6,107.8,107.8,107.58,619,0.67,12,618.0, 99.84,2026-04-20
92GS2030, GS, 20-Apr-2026,111.0,111.59,111.59,111.0,111.58,111.51,111.55,44292,49.41,52,44292.0, 100.00,2026-04-20
A2ZINFRA, BE, 20-Apr-2026,17.5,17.5,17.8,16.9,17.35,17.46,17.35,173847,30.17,195,, -,2026-04-20
AAATECH, EQ, 20-Apr-2026,104.14,104.4,110.0,101.9,103.4,103.25,105.8,66776,70.65,1133,36616.0, 54.83,2026-04-20
AADHARHFC, EQ, 20-Apr-2026,496.45,497.0,498.95,477.4,481.15,480.55,482.77,367784,1775.56,15616,219382.0, 59.65,2026-04-20
AAKAAR, ST, 20-Apr-2026,60.5,60.0,60.0,60.0,60.0,60.0,60.0,3200,1.92,2,3200.0, 100.00,2026-04-20
AAKASH, BE, 20-Apr-2026,8.21,7.9,8.39,7.9,8.24,8.16,8.06,149218,12.02,387,, -,2026-04-20
AAREYDRUGS, EQ, 20-Apr-2026,81.08,82.7,85.13,81.34,84.0,84.94,84.32,352415,297.15,1276,212321.0, 60.25,2026-04-20
AARNAV, EQ, 20-Apr-2026,24.63,24.99,24.99,23.76,23.77,24.1,24.16,37257,9.0,357,31464.0, 84.45,2026-04-20
AARON, EQ, 20-Apr-2026,142.33,143.9,143.9,137.0,138.4,139.43,139.97,9967,13.95,327,6051.0, 60.71,2026-04-20
AARTECH, EQ, 20-Apr-2026,53.17,53.15,53.17,51.3,51.65,51.68,52.17,77525,40.45,1065,30551.0, 39.41,2026-04-20
AARTIDRUGS, EQ, 20-Apr-2026,373.2,375.0,375.45,362.6,363.4,365.2,367.59,214038,786.78,6626,113547.0, 53.05,2026-04-20
AARTIIND, EQ, 20-Apr-2026,440.85,442.8,448.0,436.1,446.0,445.65,443.25,1043972,4627.37,27820,448004.0, 42.91,2026-04-20
AARTIPHARM, EQ, 20-Apr-2026,697.75,696.0,697.75,673.0,673.0,676.15,683.73,137887,942.78,9815,83589.0, 60.62,2026-04-20
AARTISURF, EQ, 20-Apr-2026,397.3,409.9,409.9,391.35,395.95,394.9,396.79,10473,41.56,726,7163.0, 68.39,2026-04-20
AARTISURF, P1, 20-Apr-2026,240.0,240.0,240.0,240.0,240.0,240.0,240.0,11,0.03,2,11.0, 100.00,2026-04-20
AARVI, EQ, 20-Apr-2026,134.83,135.05,135.36,131.57,132.79,131.98,132.44,13073,17.31,271,8441.0, 64.57,2026-04-20
AAVAS, EQ, 20-Apr-2026,1347.9,1345.0,1374.9,1327.5,1350.0,1355.8,1354.61,90454,1225.3,11237,40755.0, 45.06,2026-04-20
ABAN, BE, 20-Apr-2026,19.98,18.99,18.99,18.99,18.99,18.99,18.99,13806,2.62,120,, -,2026-04-20
ABANSENT, EQ, 20-Apr-2026,27.1,27.0,27.0,22.3,26.5,26.5,26.04,584,0.15,23,487.0, 83.39,2026-04-20
ABB, EQ, 20-Apr-2026,7029.5,7054.5,7319.5,6993.5,7156.0,7158.0,7200.41,559841,40310.86,51599,198352.0, 35.43,2026-04-20
ABBOTINDIA, EQ, 20-Apr-2026,25785.0,25890.0,25890.0,25500.0,25550.0,25550.0,25605.81,14619,3743.31,7024,8223.0, 56.25,2026-04-20
ABCAPITAL, EQ, 20-Apr-2026,340.4,341.0,345.3,335.75,340.95,341.6,342.02,4145767,14179.2,65577,2112315.0, 50.95,2026-04-20
ABCOTS, EQ, 20-Apr-2026,409.1,420.0,435.95,391.1,392.0,401.4,408.94,87666,358.5,2235,24790.0, 28.28,2026-04-20
ABDL, EQ, 20-Apr-2026,573.8,575.0,588.0,566.95,573.8,573.4,577.19,560110,3232.93,12785,211268.0, 37.72,2026-04-20
ABFRL, EQ, 20-Apr-2026,64.11,64.57,66.6,63.2,64.61,64.78,65.18,6086930,3967.37,26087,2294980.0, 37.70,2026-04-20
ABGSEC, EQ, 20-Apr-2026,112.46,112.92,113.26,111.26,112.38,111.83,111.52,788,0.88,14,724.0, 91.88,2026-04-20
ABHAPOWER, SM, 20-Apr-2026,29.35,29.0,29.0,28.5,28.8,28.8,28.77,4800,1.38,3,3200.0, 66.67,2026-04-20
ABINFRA, EQ, 20-Apr-2026,16.23,16.85,16.88,16.0,16.05,16.24,16.33,519850,84.87,1249,113501.0, 21.83,2026-04-20
ABLBL, EQ, 20-Apr-2026,105.84,106.0,106.9,104.32,105.0,104.73,105.42,787514,830.17,11114,370705.0, 47.07,2026-04-20
ABMINTLLTD, BE, 20-Apr-2026,49.9,52.39,52.39,50.9,52.39,52.34,52.37,8112,4.25,66,, -,2026-04-20
ABMKNO, EQ, 20-Apr-2026,240.65,252.95,253.0,252.0,252.0,252.0,252.56,15,0.04,5,13.0, 86.67,2026-04-20
ABREL, EQ, 20-Apr-2026,1420.4,1414.9,1431.6,1396.8,1410.0,1403.6,1412.06,194988,2753.35,12262,103954.0, 53.31,2026-04-20
ABSL10BANK, EQ, 20-Apr-2026,169.18,168.49,170.0,167.65,168.61,168.41,168.73,2075,3.5,21,1739.0, 83.81,2026-04-20
ABSLAMC, EQ, 20-Apr-2026,1068.25,1060.0,1082.25,1050.1,1067.5,1066.7,1068.6,502198,5366.5,26664,330062.0, 65.72,2026-04-20
ABSLBANETF, EQ, 20-Apr-2026,57.71,57.71,58.2,57.44,57.58,57.65,57.85,58113,33.62,772,40003.0, 68.84,2026-04-20
ABSLLIQUID, EQ, 20-Apr-2026,1000.0,1000.0,1000.01,999.99,999.99,999.99,1000.0,20052,200.52,83,18821.0, 93.86,2026-04-20
ABSLMSCIN, EQ, 20-Apr-2026,29.24,29.2,29.42,29.11,29.11,29.26,29.23,2513,0.73,16,2311.0, 91.96,2026-04-20
ABSLNN50ET, EQ, 20-Apr-2026,73.73,73.76,74.3,72.75,73.88,73.72,73.88,28131,20.78,301,24834.0, 88.28,2026-04-20
ABSLPSE, EQ, 20-Apr-2026,10.98,10.98,11.09,10.9,10.98,11.03,11.01,414650,45.67,741,283695.0, 68.42,2026-04-20
ABSMARINE, SM, 20-Apr-2026,220.4,220.4,225.0,212.0,219.9,219.45,220.9,91500,202.12,135,75000.0, 81.97,2026-04-20
ACC, EQ, 20-Apr-2026,1432.2,1435.0,1444.8,1413.0,1426.0,1428.8,1432.34,222508,3187.06,11945,99970.0, 44.93,2026-04-20
ACCELYA, EQ, 20-Apr-2026,1199.7,1199.7,1214.9,1180.0,1200.0,1196.2,1194.83,8204,98.02,1055,4371.0, 53.28,2026-04-20
ACCENTMIC, SM, 20-Apr-2026,433.5,426.05,444.1,416.5,419.8,418.7,427.57,74500,318.54,132,43500.0, 58.39,2026-04-20
ACCORD, SM, 20-Apr-2026,38.15,40.0,40.0,39.95,39.95,39.95,39.99,8000,3.2,4,6000.0, 75.00,2026-04-20
ACCPL, SM, 20-Apr-2026,82.85,83.5,86.95,80.05,86.95,86.55,84.53,36000,30.43,24,32400.0, 90.00,2026-04-20
ACCURACY, BE, 20-Apr-2026,5.52,5.52,5.79,5.3,5.58,5.46,5.58,220685,12.32,417,, -,2026-04-20
ACE, EQ, 20-Apr-2026,917.05,921.0,927.5,900.0,902.5,904.55,915.38,348053,3186.02,13595,160230.0, 46.04,2026-04-20
ACEINTEG, EQ, 20-Apr-2026,18.44,18.45,18.45,18.0,18.35,18.26,18.35,3025,0.56,57,2507.0, 82.88,2026-04-20
ACETEC, SM, 20-Apr-2026,125.0,125.0,125.0,125.0,125.0,125.0,125.0,1200,1.5,1,1200.0, 100.00,2026-04-20
ACI, EQ, 20-Apr-2026,606.65,606.95,607.65,596.2,597.0,599.55,601.77,68567,412.62,3763,37330.0, 54.44,2026-04-20
ACL, EQ, 20-Apr-2026,57.92,58.89,59.5,55.5,56.99,56.6,57.13,26907,15.37,641,12215.0, 45.40,2026-04-20
ACMESOLAR, EQ, 20-Apr-2026,304.65,309.0,314.4,297.1,297.5,299.05,306.03,2928726,8962.81,35885,910751.0, 31.10,2026-04-20
ACSTECH, EQ, 20-Apr-2026,40.75,41.5,41.55,39.95,39.95,40.0,40.26,33643,13.55,96,33039.0, 98.20,2026-04-20
ACUTAAS, EQ, 20-Apr-2026,2361.7,2362.9,2419.0,2338.0,2415.0,2410.7,2391.77,264360,6322.87,21753,147581.0, 55.83,2026-04-20
ADANIENSOL, EQ, 20-Apr-2026,1259.8,1253.1,1291.5,1246.35,1256.0,1259.4,1267.65,2335390,29604.49,48988,804663.0, 34.46,2026-04-20
ADANIENT, EQ, 20-Apr-2026,2218.3,2218.3,2280.1,2202.2,2225.6,2229.6,2241.76,1795338,40247.1,66823,526807.0, 29.34,2026-04-20
ADANIGREEN, EQ, 20-Apr-2026,1127.3,1126.5,1195.0,1120.4,1152.0,1152.7,1160.87,7598644,88210.53,125877,1796088.0, 23.64,2026-04-20
ADANIPORTS, EQ, 20-Apr-2026,1573.4,1572.4,1600.5,1566.1,1572.1,1578.4,1585.29,2998603,47536.53,80778,1312146.0, 43.76,2026-04-20
ADANIPOWER, EQ, 20-Apr-2026,198.5,198.5,207.5,197.41,199.5,200.83,203.42,81881887,166565.29,337495,16226761.0, 19.82,2026-04-20
ADDICTIVE, SM, 20-Apr-2026,89.0,87.0,89.95,84.55,84.55,84.55,86.31,11000,9.49,19,8000.0, 72.73,2026-04-20
ADFFOODS, EQ, 20-Apr-2026,226.94,225.61,234.25,219.1,219.9,220.62,226.43,389403,881.71,9386,117519.0, 30.18,2026-04-20
ADL, EQ, 20-Apr-2026,76.24,75.1,76.39,73.1,76.0,75.89,75.12,582,0.44,34,164.0, 28.18,2026-04-20
ADOR, EQ, 20-Apr-2026,1002.35,1020.0,1071.8,1005.0,1032.0,1037.9,1045.5,91290,954.44,5298,46527.0, 50.97,2026-04-20
ADROITINFO, EQ, 20-Apr-2026,9.81,9.6,9.9,9.52,9.69,9.66,9.69,20480,1.98,218,17862.0, 87.22,2026-04-20
ADSL, EQ, 20-Apr-2026,122.17,122.78,122.78,117.63,118.88,118.4,119.75,217311,260.23,3021,93857.0, 43.19,2026-04-20
ADVAIT, EQ, 20-Apr-2026,1910.2,1910.2,1922.8,1850.0,1858.0,1862.1,1882.52,54093,1018.31,4428,27553.0, 50.94,2026-04-20
ADVANCE, EQ, 20-Apr-2026,111.62,111.9,112.0,106.15,109.0,107.59,109.61,166306,182.28,1070,97758.0, 58.78,2026-04-20
ADVANIHOTR, EQ, 20-Apr-2026,54.79,54.01,55.07,54.01,54.74,54.53,54.7,43323,23.7,460,32054.0, 73.99,2026-04-20
ADVENTHTL, EQ, 20-Apr-2026,165.5,166.32,168.0,157.4,160.23,160.23,163.07,115674,188.63,2135,59693.0, 51.60,2026-04-20
ADVENZYMES, EQ, 20-Apr-2026,307.4,302.0,307.3,297.1,298.0,298.85,301.91,145195,438.35,3424,88143.0, 60.71,2026-04-20
AEGISLOG, EQ, 20-Apr-2026,709.3,708.0,749.9,690.0,736.55,740.5,733.33,2460815,18046.01,74984,808244.0, 32.84,2026-04-20
AEGISVOPAK, EQ, 20-Apr-2026,200.76,203.25,203.25,195.12,198.25,197.17,198.07,596464,1181.42,10516,227754.0, 38.18,2026-04-20
AEPL, BE, 20-Apr-2026,19.0,19.6,19.6,18.2,19.3,19.3,18.94,7008,1.33,61,, -,2026-04-20
AEQUS, EQ, 20-Apr-2026,171.06,172.1,202.0,170.01,198.0,194.59,187.78,15548800,29197.71,139746,2662090.0, 17.12,2026-04-20
AEROENTER, EQ, 20-Apr-2026,91.98,92.5,92.69,86.4,87.18,87.27,88.53,514197,455.21,2936,200872.0, 39.07,2026-04-20
AEROFLEX, EQ, 20-Apr-2026,311.23,311.23,312.95,298.25,300.0,300.89,305.49,1187413,3627.44,16040,479205.0, 40.36,2026-04-20
AERON, SM, 20-Apr-2026,105.75,107.0,108.25,104.5,104.95,104.95,105.94,10000,10.59,10,6000.0, 60.00,2026-04-20
AERONEU, EQ, 20-Apr-2026,83.68,83.68,84.45,79.71,83.8,83.05,82.24,84622,69.59,4178,9730.0, 11.50,2026-04-20
AESTHETIK, SM, 20-Apr-2026,84.1,83.8,83.8,82.0,82.0,82.0,82.9,2000,1.66,2,1000.0, 50.00,2026-04-20
AETHER, EQ, 20-Apr-2026,1179.8,1197.5,1218.0,1170.5,1194.0,1185.4,1192.25,305310,3640.07,27705,116563.0, 38.18,2026-04-20
AFCONS, EQ, 20-Apr-2026,333.6,333.95,338.0,327.1,337.7,334.3,331.98,461099,1530.75,10333,154379.0, 33.48,2026-04-20
AFFLE, EQ, 20-Apr-2026,1468.2,1478.7,1485.0,1435.1,1441.0,1444.9,1454.54,233361,3394.32,19195,106309.0, 45.56,2026-04-20
AFFORDABLE, BE, 20-Apr-2026,186.93,188.9,188.9,181.5,184.03,185.7,184.49,16538,30.51,281,, -,2026-04-20
AFIL, BE, 20-Apr-2026,9.81,9.81,10.1,9.53,9.6,9.62,9.8,1056150,103.52,886,, -,2026-04-20
AFSL, EQ, 20-Apr-2026,207.39,207.3,210.59,202.03,203.0,202.99,204.41,13296,27.18,546,7877.0, 59.24,2026-04-20
AGARIND, EQ, 20-Apr-2026,468.4,463.0,470.0,440.0,440.45,445.15,453.08,99965,452.92,3095,54419.0, 54.44,2026-04-20
AGARWALEYE, EQ, 20-Apr-2026,444.05,444.05,453.45,442.2,450.25,450.85,449.83,74947,337.13,3564,46311.0, 61.79,2026-04-20
AGARWALTUF, SM, 20-Apr-2026,105.7,106.1,111.0,104.0,110.8,110.1,107.13,40800,43.71,34,33600.0, 82.35,2026-04-20
AGI, EQ, 20-Apr-2026,584.95,585.9,586.5,568.15,569.0,570.4,573.44,192443,1103.54,6663,94346.0, 49.03,2026-04-20
AGIIL, EQ, 20-Apr-2026,374.45,377.9,382.95,370.9,371.8,372.05,374.79,1630874,6112.29,9721,598415.0, 36.69,2026-04-20
AGNI, SM, 20-Apr-2026,20.8,20.8,21.2,19.85,21.2,21.2,20.35,27500,5.6,10,12500.0, 45.45,2026-04-20
AGRITECH, EQ, 20-Apr-2026,122.85,122.85,122.85,117.0,118.4,118.83,119.35,7677,9.16,159,5120.0, 66.69,2026-04-20
AGROPHOS, EQ, 20-Apr-2026,33.42,33.42,33.42,31.9,32.39,32.28,32.36,9638,3.12,141,7160.0, 74.29,2026-04-20
AGSTRA, BZ, 20-Apr-2026,3.01,2.86,2.86,2.86,2.86,2.86,2.86,62908,1.8,143,, -,2026-04-20
AHCL, EQ, 20-Apr-2026,141.91,144.0,149.06,143.0,144.9,144.82,145.81,846546,1234.34,7514,412939.0, 48.78,2026-04-20
AHLADA, EQ, 20-Apr-2026,48.69,48.69,49.2,46.61,47.23,47.3,47.67,12726,6.07,288,6393.0, 50.24,2026-04-20
AHLEAST, EQ, 20-Apr-2026,160.15,160.21,161.99,155.1,160.1,160.13,159.04,6922,11.01,248,3515.0, 50.78,2026-04-20
AHLUCONT, EQ, 20-Apr-2026,834.05,829.9,845.0,820.05,833.0,833.3,834.58,46282,386.26,4086,24954.0, 53.92,2026-04-20
AHLWEST, EQ, 20-Apr-2026,212.48,223.1,223.1,223.1,223.1,223.1,223.1,1366,3.05,30,1366.0, 100.00,2026-04-20
AIAENG, EQ, 20-Apr-2026,3961.5,4003.8,4075.0,3930.2,4005.0,4001.2,4014.96,72036,2892.22,11240,39809.0, 55.26,2026-04-20
AIIL, EQ, 20-Apr-2026,460.05,463.0,476.9,457.45,461.2,466.5,467.36,425777,1989.9,18916,174864.0, 41.07,2026-04-20
AILIMITED, SM, 20-Apr-2026,35.95,37.7,37.7,37.7,37.7,37.7,37.7,1500,0.57,1,1500.0, 100.00,2026-04-20
AIMTRON, SM, 20-Apr-2026,987.0,988.5,1015.0,970.0,995.0,1007.9,993.69,42600,423.31,181,24000.0, 56.34,2026-04-20
AIRAN, EQ, 20-Apr-2026,17.73,18.1,18.5,16.55,17.37,17.2,17.36,53554,9.3,491,35690.0, 66.64,2026-04-20
AIROLAM, EQ, 20-Apr-2026,88.32,89.01,91.97,84.99,87.49,86.97,87.97,11206,9.86,172,5020.0, 44.80,2026-04-20
AISL, SM, 20-Apr-2026,57.0,56.0,56.0,54.5,54.5,54.85,55.25,3600,1.99,6,3600.0, 100.00,2026-04-20
AJANTPHARM, EQ, 20-Apr-2026,2790.2,2790.2,2816.0,2768.5,2775.1,2781.3,2790.11,71748,2001.85,14476,45014.0, 62.74,2026-04-20
AJAXENGG, EQ, 20-Apr-2026,489.55,490.0,502.0,480.0,495.7,497.5,491.9,89233,438.93,5124,49442.0, 55.41,2026-04-20
AJMERA, EQ, 20-Apr-2026,124.46,124.46,124.46,118.25,118.25,120.18,121.96,245463,299.38,2209,117945.0, 48.05,2026-04-20
AJOONI, EQ, 20-Apr-2026,4.26,4.25,4.34,4.22,4.27,4.26,4.28,392548,16.8,555,270435.0, 68.89,2026-04-20
AKANKSHA, SM, 20-Apr-2026,75.5,75.0,75.05,75.0,75.05,75.05,75.01,5000,3.75,3,4000.0, 80.00,2026-04-20
AKASH, EQ, 20-Apr-2026,27.6,26.72,27.95,26.72,27.03,27.07,27.19,9675,2.63,101,8286.0, 85.64,2026-04-20
AKCAPIT, EQ, 20-Apr-2026,1569.65,1600.05,1637.95,1530.1,1543.0,1549.2,1546.63,190,2.94,26,159.0, 83.68,2026-04-20
AKG, EQ, 20-Apr-2026,11.82,11.58,11.91,11.58,11.76,11.8,11.75,2982,0.35,85,2350.0, 78.81,2026-04-20
AKI, EQ, 20-Apr-2026,5.2,5.15,5.2,5.06,5.1,5.1,5.13,68549,3.52,230,62910.0, 91.77,2026-04-20
AKIKO, ST, 20-Apr-2026,223.3,232.95,234.45,220.5,233.0,232.55,228.22,32800,74.85,37,27200.0, 82.93,2026-04-20
AKSHAR, EQ, 20-Apr-2026,0.5,0.5,0.52,0.49,0.5,0.5,0.5,1439323,7.23,469,1151909.0, 80.03,2026-04-20
AKSHARCHEM, EQ, 20-Apr-2026,205.05,206.07,210.5,205.06,210.0,208.82,208.06,7295,15.18,169,5652.0, 77.48,2026-04-20
AKSHOPTFBR, BE, 20-Apr-2026,5.67,5.7,5.94,5.6,5.75,5.72,5.8,220692,12.81,288,, -,2026-04-20
AKUMS, EQ, 20-Apr-2026,545.75,545.75,546.9,531.25,532.5,533.3,537.27,104120,559.41,4939,56555.0, 54.32,2026-04-20
ALANKIT, EQ, 20-Apr-2026,9.49,9.72,9.72,9.3,9.35,9.34,9.38,205852,19.32,543,146743.0, 71.29,2026-04-20
ALBERTDAVD, EQ, 20-Apr-2026,717.1,715.6,723.85,707.9,715.05,714.95,715.72,2024,14.49,185,1369.0, 67.64,2026-04-20
ALCODIS, SM, 20-Apr-2026,82.0,80.0,91.8,80.0,86.0,86.0,85.35,3125,2.67,5,1875.0, 60.00,2026-04-20
ALEMBICLTD, EQ, 20-Apr-2026,91.45,91.0,91.49,89.51,90.0,90.22,90.39,240701,217.56,2303,122129.0, 50.74,2026-04-20
ALGOQUANT, EQ, 20-Apr-2026,55.47,55.47,56.9,54.11,56.7,55.0,54.99,1132397,622.73,1243,87983.0, 7.77,2026-04-20
ALICON, EQ, 20-Apr-2026,679.2,685.0,731.95,662.0,698.0,701.9,699.69,36169,253.07,3956,15046.0, 41.60,2026-04-20
ALIVUS, EQ, 20-Apr-2026,1069.65,1060.0,1069.95,1038.75,1069.4,1068.05,1056.61,87350,922.95,6273,46018.0, 52.68,2026-04-20
ALKALI, EQ, 20-Apr-2026,66.54,66.75,68.0,64.52,66.6,65.7,66.47,9026,6.0,262,2954.0, 32.73,2026-04-20
ALKEM, EQ, 20-Apr-2026,5582.0,5582.0,5676.5,5534.0,5607.5,5642.0,5643.5,64218,3624.14,13593,25308.0, 39.41,2026-04-20
ALKYLAMINE, EQ, 20-Apr-2026,1437.5,1435.0,1437.5,1400.5,1407.5,1407.6,1418.86,39762,564.17,5125,18116.0, 45.56,2026-04-20
ALLCARGO, EQ, 20-Apr-2026,9.56,9.59,9.72,9.23,9.52,9.57,9.51,5732556,545.19,6569,2044623.0, 35.67,2026-04-20
ALLDIGI, EQ, 20-Apr-2026,854.55,858.0,858.25,840.8,853.6,853.6,849.01,4229,35.9,534,2089.0, 49.40,2026-04-20
ALLETEC, SM, 20-Apr-2026,172.0,170.0,172.2,170.0,172.2,172.2,171.44,6000,10.29,13,6000.0, 100.00,2026-04-20
ALLTIME, EQ, 20-Apr-2026,217.1,218.5,219.0,211.13,211.6,212.83,215.3,112990,243.27,2172,64765.0, 57.32,2026-04-20
ALMONDZ, EQ, 20-Apr-2026,16.4,16.7,16.9,16.06,16.5,16.59,16.48,126498,20.85,504,97864.0, 77.36,2026-04-20
ALOKINDS, EQ, 20-Apr-2026,14.29,14.35,14.36,12.61,13.77,13.74,13.88,5573867,773.49,8981,2613282.0, 46.88,2026-04-20
ALPA, EQ, 20-Apr-2026,68.82,69.82,70.0,66.0,66.0,67.06,68.38,13684,9.36,215,10912.0, 79.74,2026-04-20
ALPEXSOLAR, SM, 20-Apr-2026,1029.1,1025.05,1064.0,1012.5,1045.0,1047.95,1043.62,60800,634.52,479,34000.0, 55.92,2026-04-20
ALPHA, EQ, 20-Apr-2026,48.9,47.67,49.2,47.67,48.9,48.95,48.97,1376348,673.95,2924,889736.0, 64.64,2026-04-20
ALPHAETF, EQ, 20-Apr-2026,25.41,25.0,25.55,25.0,25.33,25.41,25.44,331423,84.31,956,177030.0, 53.42,2026-04-20
ALPHAGEO, EQ, 20-Apr-2026,228.98,230.22,230.22,219.74,220.75,220.37,221.56,16810,37.24,606,11629.0, 69.18,2026-04-20
ALPL30IETF, EQ, 20-Apr-2026,26.64,26.59,26.91,26.43,26.64,26.73,26.77,2693229,720.99,1584,1755081.0, 65.17,2026-04-20
ALUWIND, SM, 20-Apr-2026,59.0,59.0,59.0,57.6,57.6,57.6,58.19,10500,6.11,5,10500.0, 100.00,2026-04-20
AMAGI, EQ, 20-Apr-2026,357.45,357.0,371.9,348.3,367.55,367.45,358.96,622282,2233.72,17151,449632.0, 72.26,2026-04-20
AMANTA, EQ, 20-Apr-2026,129.84,129.84,135.7,128.6,135.7,135.0,133.76,354082,473.61,2718,233632.0, 65.98,2026-04-20
AMBALALSA, EQ, 20-Apr-2026,32.3,32.3,36.45,30.9,32.15,32.45,33.32,62875,20.95,211,45912.0, 73.02,2026-04-20
AMBER, EQ, 20-Apr-2026,7958.5,7958.5,8039.0,7775.0,7964.0,7980.5,7968.45,351270,27990.76,38314,117488.0, 33.45,2026-04-20
AMBEY, SM, 20-Apr-2026,27.05,27.05,28.5,26.5,26.5,26.5,27.05,42000,11.36,18,38000.0, 90.48,2026-04-20
AMBICAAGAR, EQ, 20-Apr-2026,24.25,24.98,24.98,23.51,23.97,23.6,23.73,1933,0.46,64,1544.0, 79.88,2026-04-20
AMBIKCO, EQ, 20-Apr-2026,1439.9,1445.0,1468.0,1421.5,1438.3,1428.2,1444.14,10192,147.19,1063,5152.0, 50.55,2026-04-20
AMBUJACEM, EQ, 20-Apr-2026,459.0,459.0,464.0,453.0,453.5,454.9,458.44,1733571,7947.47,30272,665074.0, 38.36,2026-04-20
AMCL, SM, 20-Apr-2026,471.0,462.1,504.0,462.1,504.0,491.85,490.12,13600,66.66,11,13600.0, 100.00,2026-04-20
AMDIND, EQ, 20-Apr-2026,45.8,46.72,46.72,45.0,45.02,45.05,45.25,8136,3.68,152,5179.0, 63.66,2026-04-20
AMEYA, SM, 20-Apr-2026,107.05,110.0,111.85,110.0,111.85,110.9,110.93,2000,2.22,2,2000.0, 100.00,2026-04-20
AMIRCHAND, EQ, 20-Apr-2026,130.77,132.0,134.95,128.0,134.0,134.01,133.21,1896122,2525.83,9002,1070303.0, 56.45,2026-04-20
AMJLAND, EQ, 20-Apr-2026,44.04,43.9,47.0,42.2,43.0,42.98,43.91,17338,7.61,409,11535.0, 66.53,2026-04-20
AMNPLST, EQ, 20-Apr-2026,167.38,167.35,168.24,161.0,162.45,161.71,163.72,8741,14.31,401,3650.0, 41.76,2026-04-20
AMRUTANJAN, EQ, 20-Apr-2026,547.3,550.1,557.05,540.0,545.0,544.35,548.71,14414,79.09,1432,7202.0, 49.97,2026-04-20
ANANDRATHI, EQ, 20-Apr-2026,3689.8,3681.4,3710.0,3644.0,3659.0,3663.9,3672.58,122802,4510.0,12258,66947.0, 54.52,2026-04-20
ANANTAM, IV, 20-Apr-2026,107.26,107.26,107.91,104.3,107.1,106.24,106.44,1314,1.4,67,1047.0, 79.68,2026-04-20
ANANTRAJ, EQ, 20-Apr-2026,513.4,511.3,516.7,502.2,506.0,506.8,509.71,1940004,9888.47,36833,597889.0, 30.82,2026-04-20
ANDHRAPAP, EQ, 20-Apr-2026,67.64,68.01,68.49,66.6,67.17,66.86,66.97,31943,21.39,598,17621.0, 55.16,2026-04-20
ANDHRSUGAR, EQ, 20-Apr-2026,86.9,87.01,90.84,84.57,89.95,89.77,88.08,738688,650.6,7250,333726.0, 45.18,2026-04-20
ANGELONE, EQ, 20-Apr-2026,322.47,322.6,327.95,314.2,318.3,319.16,319.94,23135454,74018.87,129780,5570347.0, 24.08,2026-04-20
ANIKINDS, BE, 20-Apr-2026,44.5,45.39,45.39,42.73,43.0,42.8,42.89,14994,6.43,86,, -,2026-04-20
ANKITMETAL, BZ, 20-Apr-2026,1.67,1.69,1.69,1.59,1.59,1.59,1.63,55316,0.9,59,, -,2026-04-20
ANLON, SM, 20-Apr-2026,409.0,409.0,409.0,400.0,404.0,404.0,406.53,7600,30.9,18,6400.0, 84.21,2026-04-20
ANMOL, EQ, 20-Apr-2026,12.38,12.75,12.75,12.0,12.17,12.13,12.23,34456,4.21,235,23974.0, 69.58,2026-04-20
ANNAPURNA, SM, 20-Apr-2026,172.4,174.3,183.3,172.5,172.5,173.35,177.27,60750,107.69,118,29750.0, 48.97,2026-04-20
ANONDITA, SM, 20-Apr-2026,937.85,948.0,980.0,948.0,980.0,980.0,965.79,17000,164.18,17,13000.0, 76.47,2026-04-20
ANSALAPI, BZ, 20-Apr-2026,3.44,3.5,3.5,3.5,3.5,3.5,3.5,7931,0.28,7,, -,2026-04-20
ANTELOPUS, EQ, 20-Apr-2026,615.8,615.0,622.4,601.1,608.45,612.3,611.11,93795,573.19,3306,47391.0, 50.53,2026-04-20
ANTGRAPHIC, EQ, 20-Apr-2026,0.9,0.92,0.92,0.82,0.84,0.84,0.86,173643,1.5,223,149673.0, 86.20,2026-04-20
ANTHEM, EQ, 20-Apr-2026,721.1,724.95,729.85,709.5,721.8,724.2,723.48,158640,1147.72,11134,83765.0, 52.80,2026-04-20
ANUHPHR, EQ, 20-Apr-2026,82.89,81.5,82.6,80.52,81.3,81.34,81.47,33964,27.67,880,17644.0, 51.95,2026-04-20
ANUP, EQ, 20-Apr-2026,2022.3,2030.0,2084.8,1986.9,2038.9,2028.3,2039.86,33070,674.58,4662,14920.0, 45.12,2026-04-20
ANURAS, EQ, 20-Apr-2026,1288.0,1284.0,1325.0,1276.3,1307.0,1309.0,1314.32,190053,2497.9,12688,102288.0, 53.82,2026-04-20
ANYA, SM, 20-Apr-2026,17.2,17.2,17.2,17.2,17.2,17.2,17.2,5000,0.86,1,5000.0, 100.00,2026-04-20
ANZEN, IV, 20-Apr-2026,125.0,125.0,125.0,125.0,125.0,125.0,125.0,100000,125.0,4,100000.0, 100.00,2026-04-20
AONEGOLD, EQ, 20-Apr-2026,14.09,14.09,14.17,14.03,14.08,14.11,14.09,597423,84.15,2087,373561.0, 62.53,2026-04-20
AONELIQUID, EQ, 20-Apr-2026,1055.79,1055.93,1055.93,1055.91,1055.91,1055.92,1055.92,62811,663.23,193,43399.0, 69.09,2026-04-20
AONENIFTY, EQ, 20-Apr-2026,10.0,9.75,10.17,9.75,10.01,10.0,9.99,443444,44.31,1772,335193.0, 75.59,2026-04-20
AONESILVER, EQ, 20-Apr-2026,9.53,9.76,9.79,9.45,9.48,9.47,9.51,591041,56.21,1142,326098.0, 55.17,2026-04-20
AONETMMQ50, EQ, 20-Apr-2026,10.02,10.07,10.1,9.97,9.99,10.02,10.03,181510,18.21,365,140684.0, 77.51,2026-04-20
AONETOTAL, EQ, 20-Apr-2026,11.6,11.65,11.68,11.43,11.55,11.54,11.59,393356,45.58,2389,161414.0, 41.04,2026-04-20
APARINDS, EQ, 20-Apr-2026,11482.0,11520.0,12065.0,11380.5,11945.0,11977.0,11866.53,183666,21794.79,41210,57686.0, 31.41,2026-04-20
APCL, EQ, 20-Apr-2026,116.66,119.48,120.0,115.6,115.6,115.96,116.5,4814,5.61,86,3777.0, 78.46,2026-04-20
APCOTEXIND, EQ, 20-Apr-2026,385.05,386.0,400.0,383.05,387.95,391.5,392.2,52903,207.49,2993,21718.0, 41.05,2026-04-20
APEX, EQ, 20-Apr-2026,466.85,469.65,496.8,467.05,484.7,484.95,482.92,1614432,7796.46,32193,273103.0, 16.92,2026-04-20
APEXECO, SM, 20-Apr-2026,125.55,123.0,123.0,115.0,118.0,117.15,117.57,16800,19.75,21,10400.0, 61.90,2026-04-20
APLAPOLLO, EQ, 20-Apr-2026,2105.7,2120.1,2150.7,2087.5,2139.0,2143.9,2130.41,1061518,22614.65,52734,594314.0, 55.99,2026-04-20
APLLTD, EQ, 20-Apr-2026,784.75,784.85,785.0,755.0,757.55,757.5,767.58,70757,543.12,5899,31258.0, 44.18,2026-04-20
APOLLO, EQ, 20-Apr-2026,282.9,287.0,299.6,278.44,288.1,289.29,291.38,38761214,112940.64,314594,6065961.0, 15.65,2026-04-20
APOLLOHOSP, EQ, 20-Apr-2026,7699.0,7705.0,7730.5,7622.0,7660.0,7657.0,7659.64,344019,26350.63,41091,186789.0, 54.30,2026-04-20
APOLLOPIPE, EQ, 20-Apr-2026,466.8,474.6,489.9,451.5,456.75,457.35,472.47,859396,4060.36,16024,313541.0, 36.48,2026-04-20
APOLLOTYRE, EQ, 20-Apr-2026,445.4,446.05,447.5,439.0,440.4,441.4,443.32,579772,2570.24,16174,214468.0, 36.99,2026-04-20
APOLSINHOT, EQ, 20-Apr-2026,1161.45,1190.0,1195.0,1106.3,1147.1,1149.8,1152.96,1487,17.14,212,837.0, 56.29,2026-04-20
APRAMEYA, SM, 20-Apr-2026,234.0,234.0,234.0,230.0,230.0,230.0,231.08,4500,10.4,7,4500.0, 100.00,2026-04-20
APS, SM, 20-Apr-2026,375.9,373.9,379.0,367.0,376.85,376.05,374.38,34750,130.1,133,24000.0, 69.06,2026-04-20
APSISAERO, SM, 20-Apr-2026,251.25,255.0,264.0,227.0,227.0,232.0,248.18,206400,512.25,153,93600.0, 45.35,2026-04-20
APTECHT, EQ, 20-Apr-2026,92.22,93.69,103.9,93.5,99.75,99.45,100.54,2597684,2611.78,20775,605572.0, 23.31,2026-04-20
APTUS, EQ, 20-Apr-2026,246.37,246.7,247.0,241.26,244.4,245.07,244.48,902730,2207.03,24888,447838.0, 49.61,2026-04-20
AQYLON, EQ, 20-Apr-2026,45.43,45.25,47.7,43.21,47.46,47.28,46.37,1642482,761.64,11514,268247.0, 16.33,2026-04-20
ARCHIDPLY, EQ, 20-Apr-2026,77.35,77.73,80.0,74.3,75.4,75.9,75.5,50636,38.23,914,37460.0, 73.98,2026-04-20
ARCHIES, EQ, 20-Apr-2026,15.02,15.24,15.25,14.36,14.56,14.64,14.73,33748,4.97,204,26999.0, 80.00,2026-04-20
ARCIIL, SM, 20-Apr-2026,50.95,51.75,51.75,51.75,51.75,51.75,51.75,1000,0.52,1,1000.0, 100.00,2026-04-20
ARE&M, EQ, 20-Apr-2026,778.55,781.0,781.0,761.2,765.0,765.25,769.16,427922,3291.39,20835,209395.0, 48.93,2026-04-20
ARENTERP, EQ, 20-Apr-2026,42.55,42.76,42.8,38.5,41.98,41.98,40.45,2100,0.85,73,1728.0, 82.29,2026-04-20
ARFIN, EQ, 20-Apr-2026,94.73,96.9,100.25,95.42,96.6,96.42,98.25,1727513,1697.3,7075,877930.0, 50.82,2026-04-20
ARHAM, SM, 20-Apr-2026,147.0,147.0,149.75,147.0,149.0,149.0,148.41,18000,26.71,18,7000.0, 38.89,2026-04-20
ARIES, EQ, 20-Apr-2026,387.65,391.85,391.85,380.15,380.2,381.65,384.44,25809,99.22,1349,14696.0, 56.94,2026-04-20
ARIHANT, EQ, 20-Apr-2026,39.65,970.0,1100.0,900.0,900.0,907.55,940.73,706,6.64,64,537.0, 76.06,2026-04-20
ARIHANTCAP, EQ, 20-Apr-2026,72.28,73.0,73.0,70.37,70.7,70.8,71.51,233312,166.84,1807,123105.0, 52.76,2026-04-20
ARIHANTSUP, EQ, 20-Apr-2026,258.27,269.99,285.0,254.54,267.0,267.42,271.69,67630,183.74,1330,21830.0, 32.28,2026-04-20
ARIS, EQ, 20-Apr-2026,128.46,130.0,130.59,125.46,127.15,127.87,127.56,804661,1026.44,4003,318162.0, 39.54,2026-04-20
ARISTO, SM, 20-Apr-2026,89.95,94.4,94.4,94.4,94.4,94.4,94.4,800,0.76,1,800.0, 100.00,2026-04-20
ARKADE, EQ, 20-Apr-2026,117.05,117.4,117.4,113.55,113.9,114.01,114.88,230891,265.26,2673,119419.0, 51.72,2026-04-20
ARMANFIN, EQ, 20-Apr-2026,1550.4,1541.0,1557.4,1501.8,1510.3,1513.7,1516.39,31631,479.65,3870,17109.0, 54.09,2026-04-20
ARMOUR, SM, 20-Apr-2026,21.0,19.55,20.5,19.55,19.95,19.95,19.89,8000,1.59,3,4000.0, 50.00,2026-04-20
AROGRANITE, EQ, 20-Apr-2026,28.6,29.29,29.3,26.7,27.2,27.34,27.67,36709,10.16,678,17212.0, 46.89,2026-04-20
ARROWGREEN, EQ, 20-Apr-2026,550.5,556.0,568.4,540.0,542.5,544.15,553.97,29227,161.91,1268,11627.0, 39.78,2026-04-20
ARSHIYA, BZ, 20-Apr-2026,1.34,1.35,1.35,1.28,1.28,1.28,1.3,131930,1.71,89,, -,2026-04-20
ARSSBL, EQ, 20-Apr-2026,574.5,574.5,579.9,561.0,577.0,576.0,569.35,489555,2787.26,9790,156556.0, 31.98,2026-04-20
ARTEMISMED, EQ, 20-Apr-2026,234.37,235.01,239.0,228.68,230.0,229.62,232.89,193535,450.73,3242,82441.0, 42.60,2026-04-20
ARTNIRMAN, BE, 20-Apr-2026,45.45,45.45,46.0,43.5,43.66,43.86,43.85,2553,1.12,23,, -,2026-04-20
ARUNAYA, SM, 20-Apr-2026,19.95,20.5,23.0,20.5,21.65,21.95,22.09,62000,13.7,30,54000.0, 87.10,2026-04-20
ARVEE, EQ, 20-Apr-2026,167.42,170.0,172.1,163.41,163.41,164.0,166.83,1039,1.73,51,525.0, 50.53,2026-04-20
ARVIND, EQ, 20-Apr-2026,386.75,386.6,395.75,383.9,384.65,385.2,387.38,260618,1009.59,9118,122308.0, 46.93,2026-04-20
ARVINDFASN, EQ, 20-Apr-2026,472.65,469.05,472.0,458.75,461.5,466.3,464.56,167547,778.36,10935,81206.0, 48.47,2026-04-20
ARVINDPORT, SM, 20-Apr-2026,39.35,43.25,43.25,42.0,43.25,43.25,43.17,54000,23.31,32,51000.0, 94.44,2026-04-20
ARVSMART, EQ, 20-Apr-2026,600.75,606.3,606.3,591.15,591.15,594.95,595.87,27884,166.15,894,17098.0, 61.32,2026-04-20
ASAHIINDIA, EQ, 20-Apr-2026,851.25,851.25,855.7,838.05,841.5,843.7,846.58,77185,653.43,6864,33957.0, 43.99,2026-04-20
ASAHISONG, EQ, 20-Apr-2026,230.78,234.59,245.0,234.59,240.0,240.35,242.01,30082,72.8,694,23135.0, 76.91,2026-04-20
ASAL, EQ, 20-Apr-2026,473.2,470.95,480.0,462.3,467.05,469.9,471.05,16462,77.54,913,8829.0, 53.63,2026-04-20
ASALCBR, EQ, 20-Apr-2026,904.75,904.0,904.0,875.1,883.0,884.7,889.21,47317,420.75,2250,23154.0, 48.93,2026-04-20
ASHALOG, SM, 20-Apr-2026,67.7,67.5,67.5,67.5,67.5,67.5,67.5,4000,2.7,1,4000.0, 100.00,2026-04-20
ASHAPURMIN, EQ, 20-Apr-2026,617.3,620.95,624.0,596.2,600.0,599.95,607.8,493650,3000.4,14499,189680.0, 38.42,2026-04-20
ASHIANA, EQ, 20-Apr-2026,336.45,338.35,338.35,330.1,330.1,331.8,333.36,82680,275.62,1648,51805.0, 62.66,2026-04-20
ASHIKA, EQ, 20-Apr-2026,353.8,372.0,394.0,368.5,382.0,382.25,378.66,115746,438.28,850,27097.0, 23.41,2026-04-20
ASHIMASYN, EQ, 20-Apr-2026,14.72,14.95,15.3,14.31,14.53,14.56,14.76,189067,27.9,779,112166.0, 59.33,2026-04-20
ASHOKA, EQ, 20-Apr-2026,138.82,140.0,140.0,133.15,133.9,134.16,135.89,1554683,2112.64,14045,784165.0, 50.44,2026-04-20
ASHOKAMET, EQ, 20-Apr-2026,16.62,16.62,16.9,15.81,15.81,16.01,16.22,38454,6.24,225,33711.0, 87.67,2026-04-20
ASHOKLEY, EQ, 20-Apr-2026,174.78,175.32,177.44,172.79,175.38,175.96,175.59,11967504,21014.14,82795,4824768.0, 40.32,2026-04-20
ASHWINI, SM, 20-Apr-2026,148.05,146.0,146.0,141.75,141.75,141.85,143.75,8000,11.5,7,6000.0, 75.00,2026-04-20
ASIANENE, EQ, 20-Apr-2026,304.99,302.0,321.4,299.2,312.1,315.38,314.03,265931,835.1,4938,126006.0, 47.38,2026-04-20
ASIANHOTNR, EQ, 20-Apr-2026,292.1,290.1,301.1,290.1,299.7,296.65,294.5,5056,14.89,450,841.0, 16.63,2026-04-20
ASIANPAINT, EQ, 20-Apr-2026,2464.0,2470.0,2523.8,2456.5,2510.0,2516.8,2503.64,1203157,30122.67,62476,661126.0, 54.95,2026-04-20
ASIANTILES, EQ, 20-Apr-2026,75.16,75.49,78.95,74.75,76.17,77.37,77.08,7817885,6026.17,15661,2824620.0, 36.13,2026-04-20
ASKAUTOLTD, EQ, 20-Apr-2026,436.8,438.0,442.55,434.3,440.5,438.25,438.19,632584,2771.92,6556,549850.0, 86.92,2026-04-20
ASLIND, SM, 20-Apr-2026,96.95,101.15,101.15,101.0,101.0,101.0,101.08,10000,10.11,4,10000.0, 100.00,2026-04-20
ASMS, EQ, 20-Apr-2026,8.84,8.95,9.15,8.63,8.68,8.74,8.91,3724542,331.87,3521,883572.0, 23.72,2026-04-20
ASPINWALL, EQ, 20-Apr-2026,226.49,232.95,232.95,224.0,228.99,225.09,227.26,1471,3.34,43,1319.0, 89.67,2026-04-20
ASPIRE, SM, 20-Apr-2026,14.75,15.3,15.45,14.75,14.75,14.75,15.31,14000,2.14,6,12000.0, 85.71,2026-04-20
ASTAR, EQ, 20-Apr-2026,620.0,633.0,633.0,625.0,625.0,625.0,629.0,5,0.03,5,5.0, 100.00,2026-04-20
ASTEC, EQ, 20-Apr-2026,726.8,720.05,727.95,701.0,704.0,706.5,713.16,71559,510.33,2751,21155.0, 29.56,2026-04-20
ASTERDM, EQ, 20-Apr-2026,688.15,685.5,690.4,675.0,677.0,679.5,683.12,374227,2556.43,17501,148982.0, 39.81,2026-04-20
ASTRAL, EQ, 20-Apr-2026,1605.0,1605.0,1618.4,1580.0,1591.0,1591.4,1594.65,793939,12660.55,37925,318568.0, 40.12,2026-04-20
ASTRAMICRO, EQ, 20-Apr-2026,1093.45,1089.1,1093.25,1055.8,1062.0,1064.55,1072.96,286258,3071.43,15251,132609.0, 46.32,2026-04-20
ASTRAZEN, EQ, 20-Apr-2026,8506.5,8525.0,8598.0,8413.0,8510.5,8531.5,8519.03,4673,398.09,1412,1870.0, 40.02,2026-04-20
ASTRON, BE, 20-Apr-2026,4.61,4.51,4.84,4.5,4.65,4.54,4.66,35619,1.66,91,, -,2026-04-20
ATALREAL, EQ, 20-Apr-2026,25.14,25.2,25.7,24.85,25.08,25.09,25.17,4887583,1230.18,3587,1194080.0, 24.43,2026-04-20
ATAM, EQ, 20-Apr-2026,70.22,73.0,73.0,68.56,68.69,68.95,69.81,10414,7.27,298,6991.0, 67.13,2026-04-20
ATCENERGY, SM, 20-Apr-2026,32.3,32.3,32.4,31.6,31.75,31.75,32.16,21600,6.95,17,15600.0, 72.22,2026-04-20
ATGL, EQ, 20-Apr-2026,632.9,634.35,640.5,611.05,615.0,620.35,626.95,3748704,23502.56,61716,1004281.0, 26.79,2026-04-20
ATHERENERG, EQ, 20-Apr-2026,850.95,849.75,918.95,835.65,888.0,889.45,892.42,14794060,132025.89,240830,3401187.0, 22.99,2026-04-20
ATL, EQ, 20-Apr-2026,26.15,26.15,26.29,25.3,25.3,25.61,25.96,150807,39.14,588,100868.0, 66.89,2026-04-20
ATLANTAA, EQ, 20-Apr-2026,42.73,42.01,42.66,40.85,41.29,41.06,41.42,79371,32.88,1250,48606.0, 61.24,2026-04-20
ATLANTAELE, EQ, 20-Apr-2026,1375.7,1401.0,1444.9,1362.3,1400.0,1385.9,1411.64,303872,4289.58,21518,128226.0, 42.20,2026-04-20
ATLASCYCLE, EQ, 20-Apr-2026,108.73,110.0,111.95,106.0,107.01,107.39,108.1,21693,23.45,469,15286.0, 70.47,2026-04-20
ATLPP, E1, 20-Apr-2026,9.59,9.63,9.95,9.4,9.94,9.64,9.68,1212,0.12,36,992.0, 81.85,2026-04-20
ATMASTCO, SM, 20-Apr-2026,148.85,151.0,151.0,146.0,149.0,149.05,148.14,14400,21.33,32,10400.0, 72.22,2026-04-20
ATUL, EQ, 20-Apr-2026,6600.0,6620.0,6641.0,6510.5,6532.0,6536.0,6574.87,9944,653.8,2484,4981.0, 50.09,2026-04-20
ATULAUTO, EQ, 20-Apr-2026,466.8,468.0,469.7,455.5,458.0,460.15,464.05,191880,890.41,5254,60492.0, 31.53,2026-04-20
AUBANK, EQ, 20-Apr-2026,990.6,993.0,1011.45,984.9,996.7,997.65,1002.25,1614114,16177.46,45174,652262.0, 40.41,2026-04-20
AURIGROW, EQ, 20-Apr-2026,0.33,0.34,0.34,0.33,0.34,0.34,0.34,21349755,72.57,973,6053239.0, 28.35,2026-04-20
AURIONPRO, EQ, 20-Apr-2026,922.6,929.7,934.0,891.5,895.0,899.15,916.08,169394,1551.79,9657,87145.0, 51.45,2026-04-20
AUROIMPEX, SM, 20-Apr-2026,33.5,34.75,34.75,34.75,34.75,34.75,34.75,1600,0.56,1,1600.0, 100.00,2026-04-20
AUROPHARMA, EQ, 20-Apr-2026,1386.0,1392.0,1392.0,1363.5,1365.5,1367.8,1374.53,707108,9719.43,30441,305038.0, 43.14,2026-04-20
AURUM, EQ, 20-Apr-2026,177.82,177.01,186.4,173.6,179.4,180.94,181.6,155145,281.74,1553,87145.0, 56.17,2026-04-20
AUSOMENT, BE, 20-Apr-2026,118.93,122.0,122.1,118.5,121.99,121.99,120.31,2118,2.55,37,, -,2026-04-20
AUTOAXLES, EQ, 20-Apr-2026,1881.9,1868.6,1880.0,1777.7,1795.1,1787.5,1828.3,14674,268.28,2384,8061.0, 54.93,2026-04-20
AUTOBEES, EQ, 20-Apr-2026,271.8,272.0,273.24,269.01,271.45,271.86,271.58,479595,1302.47,3320,214934.0, 44.82,2026-04-20
AUTOIETF, EQ, 20-Apr-2026,27.23,27.91,27.91,26.96,27.38,27.27,27.28,440647,120.2,2075,250479.0, 56.84,2026-04-20
AUTOIND, EQ, 20-Apr-2026,67.0,67.95,71.0,65.61,67.49,67.01,68.44,178906,122.45,1710,97415.0, 54.45,2026-04-20
AVADHSUGAR, EQ, 20-Apr-2026,478.5,484.7,496.7,470.15,490.0,490.3,486.46,145318,706.91,4802,45732.0, 31.47,2026-04-20
AVAILFC, EQ, 20-Apr-2026,153.8,153.8,178.0,148.25,163.2,153.65,154.09,2231,3.44,66,1872.0, 83.91,2026-04-20
AVALON, EQ, 20-Apr-2026,1119.3,1111.0,1127.55,1063.2,1071.0,1076.9,1095.13,209294,2292.05,19617,107173.0, 51.21,2026-04-20
AVANA, SM, 20-Apr-2026,120.6,123.7,132.65,120.0,126.6,129.15,129.65,268000,347.45,109,196000.0, 73.13,2026-04-20
AVANTEL, EQ, 20-Apr-2026,160.3,160.48,161.0,156.2,157.0,157.12,158.1,1658050,2621.41,13610,730452.0, 44.05,2026-04-20
AVANTIFEED, EQ, 20-Apr-2026,1473.3,1475.0,1537.9,1431.2,1485.5,1503.4,1503.75,1627171,24468.6,72776,271560.0, 16.69,2026-04-20
AVG, EQ, 20-Apr-2026,165.48,165.48,166.0,158.0,158.02,159.85,162.16,21202,34.38,879,10874.0, 51.29,2026-04-20
AVIANSH, SM, 20-Apr-2026,111.0,111.0,111.0,111.0,111.0,111.0,111.0,1000,1.11,1,1000.0, 100.00,2026-04-20
AVL, EQ, 20-Apr-2026,523.45,523.4,528.9,505.0,512.5,512.1,516.0,189166,976.09,9079,96151.0, 50.83,2026-04-20
AVONMORE, EQ, 20-Apr-2026,12.98,13.39,13.39,12.06,12.31,12.28,12.38,778149,96.35,2044,444870.0, 57.17,2026-04-20
AVPINFRA, SM, 20-Apr-2026,111.3,112.4,114.75,105.8,106.0,106.4,111.24,49600,55.17,58,37600.0, 75.81,2026-04-20
AVROIND, EQ, 20-Apr-2026,129.14,126.01,129.0,124.5,125.5,125.2,126.06,21450,27.04,845,8750.0, 40.79,2026-04-20
AVTNPL, EQ, 20-Apr-2026,67.03,66.9,67.34,64.2,65.5,65.27,65.82,73044,48.08,749,49748.0, 68.11,2026-04-20
AWFIS, EQ, 20-Apr-2026,362.36,365.8,365.8,345.0,347.1,347.12,351.52,267727,941.12,6962,121455.0, 45.37,2026-04-20
AWHCL, EQ, 20-Apr-2026,516.4,522.0,542.75,518.35,521.0,526.3,532.11,701737,3734.04,15799,143237.0, 20.41,2026-04-20
AWL, EQ, 20-Apr-2026,185.01,185.5,188.89,182.5,184.0,184.62,185.6,3460303,6422.38,31366,1377691.0, 39.81,2026-04-20
AXISBANK, EQ, 20-Apr-2026,1359.1,1359.5,1374.0,1348.0,1355.0,1354.7,1359.32,4878641,66316.21,182299,2704282.0, 55.43,2026-04-20
AXISBNKETF, EQ, 20-Apr-2026,580.31,579.27,586.0,579.27,581.55,581.81,583.49,1528,8.92,77,1157.0, 75.72,2026-04-20
AXISBPSETF, EQ, 20-Apr-2026,13.32,13.33,13.41,13.26,13.3,13.3,13.32,195163,26.0,435,160150.0, 82.06,2026-04-20
AXISCADES, EQ, 20-Apr-2026,1885.5,1890.0,1919.0,1826.6,1854.0,1855.4,1866.71,196439,3666.95,14532,103745.0, 52.81,2026-04-20
AXISCETF, EQ, 20-Apr-2026,116.92,116.34,118.62,115.95,117.5,117.54,117.12,3047,3.57,56,2271.0, 74.53,2026-04-20
AXISGOLD, EQ, 20-Apr-2026,125.69,125.61,126.17,122.54,126.0,125.98,125.77,1038986,1306.71,6935,681422.0, 65.59,2026-04-20
AXISHCETF, EQ, 20-Apr-2026,147.56,147.5,148.21,146.99,147.0,147.21,147.4,2545,3.75,104,1362.0, 53.52,2026-04-20
AXISILVER, EQ, 20-Apr-2026,247.12,240.94,248.54,240.94,246.8,246.73,246.94,347267,857.55,4325,136862.0, 39.41,2026-04-20
AXISNIFTY, EQ, 20-Apr-2026,268.01,268.01,268.94,266.55,267.7,267.73,267.84,9916,26.56,368,5446.0, 54.92,2026-04-20
AXISTECETF, EQ, 20-Apr-2026,349.0,352.49,352.49,345.01,345.9,345.85,346.76,3244,11.25,72,2019.0, 62.24,2026-04-20
AXISVALUE, EQ, 20-Apr-2026,33.93,33.98,34.56,33.56,34.09,33.93,33.96,452028,153.49,725,381351.0, 84.36,2026-04-20
AXITA, EQ, 20-Apr-2026,9.04,9.04,9.15,9.01,9.1,9.06,9.1,362710,32.99,983,239577.0, 66.05,2026-04-20
AXSENSEX, EQ, 20-Apr-2026,80.75,82.76,82.76,80.56,81.1,81.33,81.37,8573,6.98,131,7248.0, 84.54,2026-04-20
AYE, EQ, 20-Apr-2026,118.24,118.24,127.0,117.9,124.0,123.93,124.34,1211739,1506.66,12078,494973.0, 40.85,2026-04-20
AYMSYNTEX, EQ, 20-Apr-2026,190.48,194.6,204.0,186.5,202.0,201.34,197.08,33278,65.58,1018,25136.0, 75.53,2026-04-20
AZAD, EQ, 20-Apr-2026,1904.3,1900.0,1950.5,1869.5,1891.9,1893.3,1915.35,463710,8881.67,30022,213067.0, 45.95,2026-04-20
BAFNAPH, BE, 20-Apr-2026,139.45,143.0,143.0,132.55,138.85,133.57,135.79,4146,5.63,73,, -,2026-04-20
BAGDIGITAL, SM, 20-Apr-2026,108.0,109.0,109.8,108.1,108.1,108.1,108.97,4800,5.23,3,4800.0, 100.00,2026-04-20
BAGFILMS, EQ, 20-Apr-2026,5.52,5.55,5.69,5.35,5.46,5.39,5.51,77981,4.3,370,59717.0, 76.58,2026-04-20
BAHETI, SM, 20-Apr-2026,571.0,576.0,576.0,566.0,574.5,573.75,572.41,17250,98.74,33,6375.0, 36.96,2026-04-20
BAIDFIN, EQ, 20-Apr-2026,11.28,11.33,11.4,11.0,11.17,11.13,11.19,57889,6.48,222,44536.0, 76.93,2026-04-20
BAJAJ-AUTO, EQ, 20-Apr-2026,9773.5,9773.5,9862.5,9690.0,9740.0,9803.0,9815.2,349985,34351.74,41078,217036.0, 62.01,2026-04-20
BAJAJCON, EQ, 20-Apr-2026,469.95,480.0,496.85,468.3,470.0,474.3,479.37,5032680,24124.97,78995,1474296.0, 29.29,2026-04-20
BAJAJELEC, EQ, 20-Apr-2026,391.4,391.4,406.0,385.25,395.0,397.35,398.58,365811,1458.03,8762,105272.0, 28.78,2026-04-20
BAJAJFINSV, EQ, 20-Apr-2026,1838.9,1839.9,1850.6,1820.4,1822.1,1830.6,1836.65,903716,16598.12,53753,505304.0, 55.91,2026-04-20
BAJAJHCARE, EQ, 20-Apr-2026,349.55,349.55,353.8,332.0,332.0,333.8,337.98,192757,651.48,5497,114276.0, 59.29,2026-04-20
BAJAJHFL, EQ, 20-Apr-2026,91.8,91.8,91.9,89.05,89.24,89.53,90.1,5653980,5094.49,39465,3256095.0, 57.59,2026-04-20
BAJAJHIND, EQ, 20-Apr-2026,18.78,18.78,18.95,18.0,18.22,18.25,18.4,12936938,2379.82,14539,4191801.0, 32.40,2026-04-20
BAJAJHLDNG, EQ, 20-Apr-2026,10355.5,10400.0,10496.0,10302.0,10399.5,10388.0,10418.13,38761,4038.17,12107,19817.0, 51.13,2026-04-20
BAJAJINDEF, EQ, 20-Apr-2026,292.48,294.0,296.97,282.5,282.6,285.15,289.33,36660,106.07,836,15017.0, 40.96,2026-04-20
BAJAJST, EQ, 20-Apr-2026,498.35,498.35,507.8,480.0,486.0,483.95,489.7,5589,27.37,367,3823.0, 68.40,2026-04-20
BAJEL, EQ, 20-Apr-2026,179.23,179.23,183.9,174.65,179.0,179.71,180.48,337880,609.8,5411,158871.0, 47.02,2026-04-20
BAJFINANCE, EQ, 20-Apr-2026,908.25,908.25,920.9,898.0,916.15,917.75,913.73,6184179,56506.45,186624,3351132.0, 54.19,2026-04-20
BALAJEE, EQ, 20-Apr-2026,33.12,33.45,34.39,32.56,33.25,33.23,33.46,67675,22.64,584,45120.0, 66.67,2026-04-20
BALAJIPHOS, SM, 20-Apr-2026,109.7,110.5,114.0,109.0,109.0,109.0,110.59,103000,113.91,54,101000.0, 98.06,2026-04-20
BALAJITELE, EQ, 20-Apr-2026,94.27,95.4,95.8,92.19,93.0,93.62,93.56,473602,443.1,2363,121986.0, 25.76,2026-04-20
BALAMINES, EQ, 20-Apr-2026,1139.3,1150.0,1174.45,1116.9,1140.0,1149.75,1148.6,85999,987.78,6078,35819.0, 41.65,2026-04-20
BALAXI, EQ, 20-Apr-2026,26.37,27.0,27.3,26.0,26.65,26.67,26.54,51334,13.63,316,33075.0, 64.43,2026-04-20
BALCO, SM, 20-Apr-2026,19.5,20.45,20.45,20.4,20.45,20.45,20.43,3600,0.74,3,3600.0, 100.00,2026-04-20
BALKRISHNA, EQ, 20-Apr-2026,17.81,17.61,18.0,17.0,17.6,17.65,17.68,15665,2.77,158,11413.0, 72.86,2026-04-20
BALKRISIND, EQ, 20-Apr-2026,2329.8,2341.0,2344.0,2272.0,2279.8,2282.0,2299.7,168809,3882.1,13935,114578.0, 67.87,2026-04-20
BALMLAWRIE, EQ, 20-Apr-2026,176.25,176.24,180.3,173.32,176.58,177.06,177.6,263631,468.22,4925,115844.0, 43.94,2026-04-20
BALPHARMA, EQ, 20-Apr-2026,78.22,79.99,80.0,77.05,78.5,77.69,78.3,5199,4.07,112,3737.0, 71.88,2026-04-20
BALRAMCHIN, EQ, 20-Apr-2026,486.0,488.0,520.0,483.0,516.45,515.7,510.51,2493052,12727.39,56305,668863.0, 26.83,2026-04-20
BALUFORGE, EQ, 20-Apr-2026,486.05,488.0,488.0,466.0,469.35,471.15,475.46,303582,1443.4,10120,144350.0, 47.55,2026-04-20
BANARBEADS, EQ, 20-Apr-2026,114.72,118.9,118.9,111.05,114.81,114.51,114.85,5046,5.8,344,2880.0, 57.07,2026-04-20
BANARISUG, EQ, 20-Apr-2026,3613.4,3631.9,3645.6,3600.0,3638.8,3627.3,3622.52,321,11.63,68,146.0, 45.48,2026-04-20
BANCOINDIA, EQ, 20-Apr-2026,624.95,624.0,624.6,606.15,612.65,613.35,616.4,205830,1268.73,8430,75090.0, 36.48,2026-04-20
BANDHANBNK, EQ, 20-Apr-2026,174.47,174.25,177.0,170.61,175.44,175.43,175.22,7549338,13227.78,42299,3325814.0, 44.05,2026-04-20
BANG, EQ, 20-Apr-2026,38.59,38.61,39.87,37.2,37.75,37.89,38.2,8131,3.11,150,5180.0, 63.71,2026-04-20
BANK10ADD, EQ, 20-Apr-2026,16.84,16.85,17.0,16.79,16.9,16.81,16.9,35056,5.92,83,22962.0, 65.50,2026-04-20
BANKA, BE, 20-Apr-2026,73.06,73.06,76.0,71.06,72.9,72.9,73.41,7080,5.2,44,, -,2026-04-20
BANKADD, EQ, 20-Apr-2026,57.58,57.59,58.23,57.5,57.6,57.61,57.87,14271,8.26,163,9222.0, 64.62,2026-04-20
BANKBARODA, EQ, 20-Apr-2026,280.44,280.5,286.25,277.63,280.4,281.01,282.72,12006723,33945.95,69937,4985670.0, 41.52,2026-04-20
BANKBEES, EQ, 20-Apr-2026,582.85,583.21,587.7,581.04,582.88,582.73,585.15,1228617,7189.2,14101,552981.0, 45.01,2026-04-20
BANKBETA, EQ, 20-Apr-2026,58.21,57.91,58.8,57.91,58.21,58.24,58.41,108398,63.31,745,52392.0, 48.33,2026-04-20
BANKBETF, EQ, 20-Apr-2026,57.22,57.25,57.81,57.07,57.36,57.2,57.55,108293,62.32,302,56771.0, 52.42,2026-04-20
BANKETF, EQ, 20-Apr-2026,574.11,573.99,578.95,572.34,572.74,573.99,575.46,8159,46.95,372,6545.0, 80.22,2026-04-20
BANKIETF, EQ, 20-Apr-2026,57.78,58.32,58.32,57.65,57.8,57.73,58.01,742442,430.69,2107,372449.0, 50.17,2026-04-20
BANKINDIA, EQ, 20-Apr-2026,148.1,148.0,151.0,146.01,148.02,148.31,149.1,9439402,14074.05,40625,3041979.0, 32.23,2026-04-20
BANKNIFTY1, EQ, 20-Apr-2026,58.42,58.89,58.95,58.16,58.47,58.46,58.71,618941,363.35,1354,528157.0, 85.33,2026-04-20
BANKPSU, EQ, 20-Apr-2026,88.99,89.43,90.61,87.64,89.65,89.57,89.89,53601,48.18,230,32701.0, 61.01,2026-04-20
BANSALWIRE, EQ, 20-Apr-2026,305.9,309.3,315.0,304.52,306.92,309.03,310.89,101797,316.47,2134,41779.0, 41.04,2026-04-20
BANSWRAS, EQ, 20-Apr-2026,114.49,114.54,114.54,112.18,112.31,113.0,112.93,11062,12.49,250,6919.0, 62.55,2026-04-20
BARFLEX, SM, 20-Apr-2026,59.5,59.85,59.85,58.0,58.7,58.8,59.08,8000,4.73,4,2000.0, 25.00,2026-04-20
BASF, EQ, 20-Apr-2026,3702.5,3718.0,3721.1,3612.0,3640.0,3651.0,3670.39,9415,345.57,2927,4440.0, 47.16,2026-04-20
BASILIC, SM, 20-Apr-2026,261.7,265.0,265.0,243.05,249.95,247.15,251.68,69000,173.66,69,63000.0, 91.30,2026-04-20
BASML, EQ, 20-Apr-2026,23.67,24.25,24.25,23.05,23.05,23.19,23.43,69573,16.3,369,40109.0, 57.65,2026-04-20
BATAINDIA, EQ, 20-Apr-2026,757.35,763.0,763.2,742.0,753.95,757.75,754.95,115049,868.56,8096,44239.0, 38.45,2026-04-20
BATLIBOI, EQ, 20-Apr-2026,85.25,85.0,88.95,81.05,83.0,81.85,83.23,14641,12.19,90,12996.0, 88.76,2026-04-20
BAWEJA, SM, 20-Apr-2026,31.35,32.0,34.45,32.0,34.45,34.45,33.99,22400,7.61,27,18400.0, 82.14,2026-04-20
BAYERCROP, EQ, 20-Apr-2026,4898.2,4898.2,4989.0,4833.0,4833.0,4853.3,4855.7,8983,436.19,2617,4656.0, 51.83,2026-04-20
BBETF0432, EQ, 20-Apr-2026,1316.07,1315.68,1319.99,1312.93,1316.01,1316.04,1317.79,3660,48.23,63,2160.0, 59.02,2026-04-20
BBL, EQ, 20-Apr-2026,2753.2,2779.5,2839.6,2712.6,2827.2,2827.1,2799.57,91800,2570.01,10013,51143.0, 55.71,2026-04-20
BBNPNBETF, EQ, 20-Apr-2026,57.03,58.2,58.2,56.72,56.76,56.76,57.01,1224,0.7,50,723.0, 59.07,2026-04-20
BBNPPGOLD, EQ, 20-Apr-2026,146.45,146.45,148.95,145.35,147.75,146.2,146.11,104511,152.7,144,102064.0, 97.66,2026-04-20
BBOX, EQ, 20-Apr-2026,541.25,542.0,547.2,521.6,523.0,526.55,534.72,255393,1365.64,8199,132778.0, 51.99,2026-04-20
BBTC, EQ, 20-Apr-2026,1526.4,1540.0,1540.0,1501.1,1510.0,1510.9,1520.62,41547,631.77,5507,19584.0, 47.14,2026-04-20
BBTCL, EQ, 20-Apr-2026,204.8,201.1,207.45,201.0,201.0,201.0,201.19,746,1.5,36,515.0, 69.03,2026-04-20
BCG, BE, 20-Apr-2026,9.86,9.68,9.85,9.52,9.63,9.63,9.67,2415484,233.64,3389,, -,2026-04-20
BCLIND, EQ, 20-Apr-2026,33.46,33.98,34.4,32.2,32.45,32.7,33.07,528192,174.65,2825,245037.0, 46.39,2026-04-20
BCONCEPTS, EQ, 20-Apr-2026,264.04,269.52,269.52,245.0,249.3,247.12,253.66,7998,20.29,519,4361.0, 54.53,2026-04-20
BCPL, EQ, 20-Apr-2026,67.72,67.73,68.0,66.85,68.0,67.78,67.62,12921,8.74,518,7087.0, 54.85,2026-04-20
BDL, EQ, 20-Apr-2026,1380.7,1381.0,1393.1,1351.0,1367.5,1369.8,1372.54,908875,12474.68,30494,280093.0, 30.82,2026-04-20
BEACON, SM, 20-Apr-2026,98.3,98.35,104.0,98.05,99.0,98.35,100.07,24000,24.02,24,17000.0, 70.83,2026-04-20
BEARDSELL, EQ, 20-Apr-2026,27.64,27.8,27.99,26.41,27.1,27.1,27.14,27812,7.55,407,17315.0, 62.26,2026-04-20
BECTORFOOD, EQ, 20-Apr-2026,192.22,192.24,197.0,187.55,193.97,192.75,192.06,1031622,1981.31,22620,494978.0, 47.98,2026-04-20
BEDMUTHA, BE, 20-Apr-2026,117.0,117.0,120.9,111.15,114.4,114.4,112.83,16081,18.14,81,, -,2026-04-20
BEEKAY, EQ, 20-Apr-2026,431.65,355.05,445.0,355.05,429.0,424.3,415.31,642,2.67,61,469.0, 73.05,2026-04-20
BEL, EQ, 20-Apr-2026,462.75,462.0,464.4,456.0,457.7,457.55,460.09,9914017,45612.94,127046,5289071.0, 53.35,2026-04-20
BELLACASA, EQ, 20-Apr-2026,286.9,296.0,296.0,266.0,270.0,268.62,273.72,29935,81.94,1366,19164.0, 64.02,2026-04-20
BELRISE, EQ, 20-Apr-2026,214.1,215.49,226.3,211.65,221.0,222.18,221.13,9163952,20264.44,77992,2702102.0, 29.49,2026-04-20
BEML, EQ, 20-Apr-2026,1772.4,1780.5,1783.8,1725.1,1738.7,1744.2,1762.06,227316,4005.44,16990,74345.0, 32.71,2026-04-20
BENGALASM, EQ, 20-Apr-2026,5845.85,5845.85,5900.0,5845.85,5875.05,5880.45,5874.67,6,0.35,4,6.0, 100.00,2026-04-20
BEPL, EQ, 20-Apr-2026,97.12,97.79,101.35,95.74,100.2,100.27,99.39,1221272,1213.77,7342,532955.0, 43.64,2026-04-20
BERGEPAINT, EQ, 20-Apr-2026,468.6,469.95,490.0,463.3,488.0,483.95,477.97,402025,1921.56,18755,181190.0, 45.07,2026-04-20
BESTAGRO, BE, 20-Apr-2026,19.11,19.0,19.02,18.16,18.44,18.47,18.48,388464,71.79,985,, -,2026-04-20
BETA, EQ, 20-Apr-2026,1375.5,1400.0,1400.0,1331.0,1331.0,1333.8,1351.21,5223,70.57,618,3446.0, 65.98,2026-04-20
BEWLTD, SM, 20-Apr-2026,90.95,91.5,94.0,91.5,91.5,91.5,92.51,11000,10.18,21,9000.0, 81.82,2026-04-20
BFINVEST, EQ, 20-Apr-2026,418.05,422.0,422.0,400.7,406.5,406.55,409.13,34822,142.47,1297,15084.0, 43.32,2026-04-20
BFSI, EQ, 20-Apr-2026,27.38,28.06,28.06,27.27,27.38,27.41,27.5,347620,95.58,857,211180.0, 60.75,2026-04-20
BFUTILITIE, BZ, 20-Apr-2026,520.0,521.0,545.0,510.1,528.9,526.7,533.31,21406,114.16,560,, -,2026-04-20
BGLOBAL, BZ, 20-Apr-2026,2.82,2.82,2.96,2.82,2.96,2.96,2.93,2610,0.08,8,, -,2026-04-20
BGRENERGY, BE, 20-Apr-2026,352.05,350.01,350.01,334.45,340.0,337.87,340.21,77093,262.28,1112,, -,2026-04-20
BHADORA, SM, 20-Apr-2026,64.4,66.3,66.3,63.2,63.2,63.2,65.1,9600,6.25,6,7200.0, 75.00,2026-04-20
BHAGCHEM, EQ, 20-Apr-2026,221.57,221.99,237.9,221.57,232.51,236.26,232.97,346994,808.4,3797,183847.0, 52.98,2026-04-20
BHAGERIA, EQ, 20-Apr-2026,164.84,164.7,164.7,160.1,160.97,160.5,161.95,16790,27.19,769,10424.0, 62.08,2026-04-20
BHAGYANGR, EQ, 20-Apr-2026,211.96,209.0,218.0,206.1,214.05,214.79,212.07,431096,914.23,5045,219684.0, 50.96,2026-04-20
BHANDARI, EQ, 20-Apr-2026,3.29,3.22,3.29,3.2,3.24,3.22,3.24,224554,7.26,412,166057.0, 73.95,2026-04-20
BHARATCOAL, EQ, 20-Apr-2026,35.76,35.76,36.5,34.81,35.75,35.84,35.74,20521935,7334.94,40422,5665881.0, 27.61,2026-04-20
BHARATFORG, EQ, 20-Apr-2026,1860.5,1864.0,1881.9,1831.7,1869.7,1866.2,1863.72,742005,13828.88,39977,324365.0, 43.71,2026-04-20
BHARATGEAR, EQ, 20-Apr-2026,112.64,112.64,112.64,107.25,108.01,108.05,109.1,35830,39.09,759,20858.0, 58.21,2026-04-20
BHARATRAS, EQ, 20-Apr-2026,1556.6,1564.3,1577.5,1511.8,1545.8,1542.1,1543.62,11500,177.52,1224,5493.0, 47.77,2026-04-20
BHARATSE, EQ, 20-Apr-2026,183.46,183.93,184.19,178.81,180.27,180.19,181.44,112101,203.4,2021,51851.0, 46.25,2026-04-20
BHARATWIRE, EQ, 20-Apr-2026,221.96,229.7,249.9,227.02,233.0,232.15,238.43,18364729,43786.16,165953,1837378.0, 10.00,2026-04-20
BHARTIARTL, EQ, 20-Apr-2026,1846.9,1865.0,1865.0,1839.2,1842.0,1846.1,1851.19,9243641,171117.51,275859,5649306.0, 61.12,2026-04-20
BHARTIHEXA, EQ, 20-Apr-2026,1538.2,1536.1,1573.8,1526.0,1534.0,1533.6,1549.68,259170,4016.31,17149,194227.0, 74.94,2026-04-20
BHEL, EQ, 20-Apr-2026,316.79,318.53,333.79,317.6,325.0,325.63,328.16,49865330,163639.47,368665,17048941.0, 34.19,2026-04-20
BI, EQ, 20-Apr-2026,61.9,61.5,64.05,61.1,63.9,63.7,63.22,1732,1.09,17,1426.0, 82.33,2026-04-20
BIGBLOC, EQ, 20-Apr-2026,51.86,52.25,52.25,50.45,51.16,50.75,50.96,63203,32.21,1237,39862.0, 63.07,2026-04-20
BIKAJI, EQ, 20-Apr-2026,660.05,661.0,679.9,647.0,651.8,654.1,666.79,258965,1726.75,12684,95896.0, 37.03,2026-04-20
BIKEWO, SM, 20-Apr-2026,21.1,21.1,21.1,21.1,21.1,21.1,21.1,2000,0.42,1,2000.0, 100.00,2026-04-20
BIL, EQ, 20-Apr-2026,787.5,784.65,814.95,752.05,773.6,776.8,775.82,930,7.22,185,363.0, 39.03,2026-04-20
BILVYAPAR, BE, 20-Apr-2026,6.25,5.95,5.95,5.94,5.94,5.94,5.94,1685,0.1,11,, -,2026-04-20
BIMETAL, EQ, 20-Apr-2026,581.5,609.95,609.95,599.9,600.0,600.0,602.85,32,0.19,8,30.0, 93.75,2026-04-20
BIOCON, EQ, 20-Apr-2026,358.1,359.5,362.5,355.05,357.1,359.05,359.65,1867816,6717.58,24286,857660.0, 45.92,2026-04-20
BIOFILCHEM, EQ, 20-Apr-2026,34.43,35.0,36.0,33.5,34.6,34.3,34.97,29982,10.48,635,16476.0, 54.95,2026-04-20
BIOPOL, SM, 20-Apr-2026,113.0,114.45,114.45,107.0,109.9,109.9,109.62,67200,73.67,26,38400.0, 57.14,2026-04-20
BIRDYS, SM, 20-Apr-2026,128.1,129.4,129.4,129.4,129.4,129.4,129.4,1200,1.55,1,1200.0, 100.00,2026-04-20
BIRET, RR, 20-Apr-2026,330.0,330.9,330.95,326.9,328.0,328.94,328.74,273480,899.04,5826,237556.0, 86.86,2026-04-20
BIRLACABLE, EQ, 20-Apr-2026,160.32,156.0,162.93,149.01,150.5,150.7,154.76,379358,587.11,5622,181617.0, 47.87,2026-04-20
BIRLACORPN, EQ, 20-Apr-2026,976.15,976.0,988.0,953.05,960.0,959.85,966.51,37828,365.61,4720,16902.0, 44.68,2026-04-20
BIRLAMONEY, EQ, 20-Apr-2026,141.43,145.0,158.0,145.0,149.8,150.81,151.67,1312342,1990.48,11929,387066.0, 29.49,2026-04-20
BIRLANU, EQ, 20-Apr-2026,1477.2,1477.0,1477.5,1430.0,1437.0,1435.1,1447.58,4670,67.6,1092,2676.0, 57.30,2026-04-20
BIRLAPREC, EQ, 20-Apr-2026,34.35,34.5,35.5,33.2,34.15,35.05,34.84,12833,4.47,84,11570.0, 90.16,2026-04-20
BLACKBUCK, EQ, 20-Apr-2026,623.4,626.0,627.75,610.8,613.5,617.9,618.44,686224,4243.88,27017,401573.0, 58.52,2026-04-20
BLACKROSE, EQ, 20-Apr-2026,83.4,83.3,84.7,81.4,82.55,83.25,83.35,4296,3.58,87,3433.0, 79.91,2026-04-20
BLAL, EQ, 20-Apr-2026,194.02,194.02,196.0,192.15,192.43,192.69,193.35,24571,47.51,450,12901.0, 52.50,2026-04-20
BLBLIMITED, BE, 20-Apr-2026,17.12,16.8,17.59,16.65,17.25,17.25,17.11,80657,13.8,114,, -,2026-04-20
BLIL, EQ, 20-Apr-2026,73.2,73.3,75.95,72.8,73.25,73.15,73.47,35667,26.2,271,34857.0, 97.73,2026-04-20
BLISSGVS, EQ, 20-Apr-2026,258.22,259.79,265.12,252.5,254.45,253.64,256.03,1145010,2931.61,11572,472293.0, 41.25,2026-04-20
BLKASHYAP, EQ, 20-Apr-2026,54.5,54.5,55.95,53.12,55.3,55.09,54.94,1204813,661.9,5054,704422.0, 58.47,2026-04-20
BLS, EQ, 20-Apr-2026,296.85,298.0,298.0,290.09,291.75,292.52,293.42,857710,2516.66,18428,215465.0, 25.12,2026-04-20
BLSE, EQ, 20-Apr-2026,175.43,176.5,177.99,171.2,172.0,172.93,174.65,150290,262.49,2317,77402.0, 51.50,2026-04-20
BLUECHIP, BE, 20-Apr-2026,2.26,2.22,2.22,2.22,2.22,2.22,2.22,687,0.02,15,, -,2026-04-20
BLUECOAST, EQ, 20-Apr-2026,25.38,25.38,25.99,23.5,25.96,25.72,24.95,7224,1.8,76,4653.0, 64.41,2026-04-20
BLUEDART, EQ, 20-Apr-2026,5391.0,5391.0,5550.0,5347.0,5510.0,5502.9,5471.72,13616,745.03,3593,6558.0, 48.16,2026-04-20
BLUEJET, EQ, 20-Apr-2026,422.65,429.0,429.0,410.0,411.0,412.35,416.23,363675,1513.72,6785,168793.0, 46.41,2026-04-20
BLUEPEBBLE, ST, 20-Apr-2026,138.0,138.0,141.0,134.0,136.0,136.0,139.26,10800,15.04,10,10800.0, 100.00,2026-04-20
BLUESTARCO, EQ, 20-Apr-2026,1866.1,1874.8,1921.0,1852.8,1895.0,1889.0,1899.67,782344,14861.93,33240,323030.0, 41.29,2026-04-20
BLUESTONE, EQ, 20-Apr-2026,521.5,525.6,542.0,522.35,535.0,536.35,535.69,318896,1708.29,15582,143785.0, 45.09,2026-04-20
BLUEWATER, SM, 20-Apr-2026,177.5,180.0,186.05,177.6,184.2,184.2,184.58,62000,114.44,13,60000.0, 96.77,2026-04-20
BLUSPRING, EQ, 20-Apr-2026,67.12,66.35,67.99,63.81,64.54,64.73,65.49,201832,132.18,1356,103662.0, 51.36,2026-04-20
BMWVENTLTD, EQ, 20-Apr-2026,61.12,61.5,61.5,58.75,59.5,59.18,59.92,99771,59.78,628,51605.0, 51.72,2026-04-20
BNAGROCHEM, EQ, 20-Apr-2026,234.9,235.1,248.95,226.0,248.95,244.4,231.89,1185,2.75,65,859.0, 72.49,2026-04-20
BNALTD, EQ, 20-Apr-2026,390.0,439.0,439.0,420.0,420.0,420.0,433.21,56,0.24,8,54.0, 96.43,2026-04-20
BODALCHEM, EQ, 20-Apr-2026,67.75,68.5,70.0,65.3,67.36,67.58,68.12,254687,173.5,1432,135099.0, 53.05,2026-04-20
BOHRAIND, BE, 20-Apr-2026,17.34,17.68,17.68,17.34,17.68,17.68,17.57,733,0.13,4,, -,2026-04-20
BOMDYEING, EQ, 20-Apr-2026,113.04,113.5,113.53,110.1,110.1,110.68,111.66,752155,839.87,5955,299790.0, 39.86,2026-04-20
BONLON, EQ, 20-Apr-2026,49.26,50.99,50.99,47.15,47.22,48.25,48.45,6557,3.18,264,4777.0, 72.85,2026-04-20
BORANA, BE, 20-Apr-2026,371.55,383.0,390.1,356.05,381.9,380.1,383.84,56521,216.95,421,, -,2026-04-20
BOROLTD, EQ, 20-Apr-2026,262.82,262.82,262.82,253.6,254.15,254.9,257.94,85443,220.39,2006,32149.0, 37.63,2026-04-20
BORORENEW, EQ, 20-Apr-2026,497.7,498.0,503.2,489.1,491.2,492.4,496.73,290184,1441.43,14984,149068.0, 51.37,2026-04-20
BOROSCI, EQ, 20-Apr-2026,118.66,119.0,119.0,115.69,116.65,116.22,116.88,40322,47.13,639,20666.0, 51.25,2026-04-20
BOSCH-HCIL, EQ, 20-Apr-2026,1347.0,1320.0,1369.0,1320.0,1340.7,1346.1,1350.13,12051,162.7,1318,7111.0, 59.01,2026-04-20
BOSCHLTD, EQ, 20-Apr-2026,37505.0,37700.0,38195.0,37225.0,37795.0,37790.0,37826.98,36644,13861.32,15739,12238.0, 33.40,2026-04-20
BPCL, EQ, 20-Apr-2026,312.1,312.1,319.0,307.0,315.95,316.05,313.68,14504057,45496.53,94859,7301975.0, 50.34,2026-04-20
BPL, EQ, 20-Apr-2026,54.44,53.6,54.89,52.9,54.78,53.87,53.73,49638,26.67,885,25696.0, 51.77,2026-04-20
BRACEPORT, SM, 20-Apr-2026,58.9,57.75,60.0,57.75,60.0,60.0,59.33,6400,3.8,4,4800.0, 75.00,2026-04-20
BRANDMAN, SM, 20-Apr-2026,178.1,183.0,187.0,179.95,184.45,184.4,185.46,148000,274.47,112,118400.0, 80.00,2026-04-20
BRIGADE, EQ, 20-Apr-2026,762.25,761.25,780.0,746.0,775.1,775.7,767.14,402033,3084.14,16889,183465.0, 45.63,2026-04-20
BRIGHOTEL, EQ, 20-Apr-2026,66.59,66.59,68.43,66.0,67.8,67.57,67.91,148215,100.66,1899,94394.0, 63.69,2026-04-20
BRITANNIA, EQ, 20-Apr-2026,5735.5,5736.0,5762.5,5640.5,5715.0,5700.0,5695.34,610941,34795.18,43819,398186.0, 65.18,2026-04-20
BRNL, EQ, 20-Apr-2026,21.66,21.9,21.9,20.9,20.97,20.99,21.16,47704,10.09,544,30162.0, 63.23,2026-04-20
BROOKS, BE, 20-Apr-2026,67.58,68.1,68.9,64.85,65.0,65.66,66.82,32647,21.81,185,, -,2026-04-20
BSE, EQ, 20-Apr-2026,3531.5,3540.0,3570.0,3465.0,3467.9,3470.7,3508.11,3517096,123383.43,147894,1238929.0, 35.23,2026-04-20
BSE500IETF, EQ, 20-Apr-2026,38.63,39.59,39.59,38.15,38.45,38.54,38.59,119722,46.2,1765,80297.0, 67.07,2026-04-20
BSHSL, EQ, 20-Apr-2026,100.33,99.5,102.0,97.65,99.99,99.93,100.28,23203,23.27,529,10234.0, 44.11,2026-04-20
BSL, EQ, 20-Apr-2026,128.87,129.51,129.51,123.2,125.0,125.13,125.76,1637,2.06,68,1351.0, 82.53,2026-04-20
BSLGOLDETF, EQ, 20-Apr-2026,132.79,129.47,133.0,129.47,133.0,132.78,132.71,635571,843.45,3983,389222.0, 61.24,2026-04-20
BSLNIFTY, EQ, 20-Apr-2026,28.38,29.08,29.08,28.11,28.26,28.37,28.4,398924,113.29,8499,261793.0, 65.62,2026-04-20
BSLSENETFG, EQ, 20-Apr-2026,78.65,80.61,80.61,77.83,78.68,78.65,78.81,3197,2.52,284,1910.0, 59.74,2026-04-20
BSOFT, EQ, 20-Apr-2026,390.7,391.2,393.35,380.45,381.55,381.6,384.75,587060,2258.74,20686,302507.0, 51.53,2026-04-20
BTML, EQ, 20-Apr-2026,6.51,6.65,6.65,6.3,6.4,6.39,6.5,119892,7.79,278,96610.0, 80.58,2026-04-20
BTTL, EQ, 20-Apr-2026,35.25,33.5,37.0,33.0,37.0,36.7,35.84,10813,3.88,85,6649.0, 61.49,2026-04-20
BUILDPRO, EQ, 20-Apr-2026,1106.05,1119.0,1244.0,1111.05,1196.0,1185.45,1197.23,389540,4663.7,14131,108446.0, 27.84,2026-04-20
BUTTERFLY, EQ, 20-Apr-2026,623.55,628.0,629.45,616.55,618.4,619.1,621.57,14190,88.2,766,7265.0, 51.20,2026-04-20
BVCL, EQ, 20-Apr-2026,44.16,43.5,44.2,42.05,42.7,42.49,42.93,11305,4.85,206,8971.0, 79.35,2026-04-20
BYKE, BE, 20-Apr-2026,42.94,41.22,43.0,40.83,41.3,41.08,41.77,39208,16.38,170,, -,2026-04-20
C2C, SM, 20-Apr-2026,463.8,469.9,469.9,408.0,425.9,425.4,431.17,263550,1136.34,1364,171900.0, 65.22,2026-04-20
CADSYS, SM, 20-Apr-2026,54.4,56.9,57.0,51.7,56.4,56.4,54.56,16000,8.73,20,11000.0, 68.75,2026-04-20
CALSOFT, EQ, 20-Apr-2026,12.31,12.16,12.92,11.99,12.4,12.4,12.36,75232,9.3,345,47533.0, 63.18,2026-04-20
CAMLINFINE, EQ, 20-Apr-2026,106.4,107.0,109.22,103.0,103.69,103.89,106.56,2067356,2202.97,14430,1159839.0, 56.10,2026-04-20
CAMPUS, EQ, 20-Apr-2026,247.82,248.8,257.21,244.0,252.4,253.22,252.87,350466,886.21,7117,114835.0, 32.77,2026-04-20
CAMS, EQ, 20-Apr-2026,750.15,751.0,752.0,735.25,746.5,749.25,745.91,1023700,7635.84,30123,397553.0, 38.83,2026-04-20
CANARYS, SM, 20-Apr-2026,22.0,21.6,21.85,20.6,21.0,20.95,21.11,40000,8.44,10,24000.0, 60.00,2026-04-20
CANBK, EQ, 20-Apr-2026,142.37,142.8,144.49,141.31,142.75,142.74,143.3,21390225,30651.38,79169,7990886.0, 37.36,2026-04-20
CANFINHOME, EQ, 20-Apr-2026,868.7,855.05,876.9,852.05,855.5,870.6,869.46,145897,1268.52,13551,77447.0, 53.08,2026-04-20
CANHLIFE, EQ, 20-Apr-2026,149.73,150.7,150.81,147.9,150.6,150.56,149.68,364667,545.83,11848,201891.0, 55.36,2026-04-20
CANTABIL, EQ, 20-Apr-2026,247.21,248.45,252.21,244.02,245.5,247.04,248.42,223336,554.81,1961,143775.0, 64.38,2026-04-20
CAPACITE, EQ, 20-Apr-2026,262.51,263.9,263.9,252.0,253.0,253.1,257.67,350978,904.35,6263,171096.0, 48.75,2026-04-20
CAPILLARY, EQ, 20-Apr-2026,566.4,566.4,571.95,556.45,566.0,563.15,564.62,25098,141.71,1673,11584.0, 46.16,2026-04-20
CAPINVIT, IV, 20-Apr-2026,70.01,70.0,70.45,69.87,70.0,69.99,70.0,683620,478.56,2869,666814.0, 97.54,2026-04-20
CAPITALSFB, EQ, 20-Apr-2026,260.46,261.43,264.19,256.05,256.2,256.27,259.23,32774,84.96,771,21470.0, 65.51,2026-04-20
CAPLIPOINT, EQ, 20-Apr-2026,1770.9,1771.0,1775.0,1740.0,1745.9,1754.2,1755.47,55397,972.48,7147,32606.0, 58.86,2026-04-20
CAPTRUST, BE, 20-Apr-2026,13.2,13.21,13.46,13.21,13.46,13.46,13.45,62743,8.44,34,, -,2026-04-20
CARBORUNIV, EQ, 20-Apr-2026,940.1,939.3,959.0,926.25,936.5,941.15,945.75,148605,1405.44,11283,66548.0, 44.78,2026-04-20
CARERATING, EQ, 20-Apr-2026,1614.8,1612.8,1649.4,1593.1,1635.0,1632.0,1624.07,177912,2889.42,7360,142433.0, 80.06,2026-04-20
CARRARO, EQ, 20-Apr-2026,587.7,587.5,604.4,572.0,576.5,577.6,586.92,192549,1130.12,6486,76074.0, 39.51,2026-04-20
CARTRADE, EQ, 20-Apr-2026,1858.0,1865.0,1877.6,1762.0,1767.0,1770.4,1798.92,716050,12881.14,59610,336001.0, 46.92,2026-04-20
CARYSIL, EQ, 20-Apr-2026,902.4,904.6,909.0,856.8,860.0,863.4,874.31,203539,1779.57,5429,122425.0, 60.15,2026-04-20
CASHIETF, EQ, 20-Apr-2026,1058.39,1058.39,1058.53,1058.0,1058.53,1058.51,1058.52,283121,2996.88,121,196823.0, 69.52,2026-04-20
CASTROLIND, EQ, 20-Apr-2026,182.27,182.29,184.0,181.0,182.05,182.17,182.69,1519493,2775.98,15774,832680.0, 54.80,2026-04-20
CCAVENUE, EQ, 20-Apr-2026,15.21,15.29,15.3,14.72,14.82,14.78,14.95,10446533,1561.5,14348,6488580.0, 62.11,2026-04-20
CCCL, EQ, 20-Apr-2026,18.57,19.0,19.0,16.55,17.9,17.49,17.79,539664,96.0,916,324672.0, 60.16,2026-04-20
CCHHL, EQ, 20-Apr-2026,15.02,15.01,15.3,14.21,14.3,14.34,14.59,26401,3.85,296,20229.0, 76.62,2026-04-20
CCL, EQ, 20-Apr-2026,1089.4,1087.8,1105.0,1066.9,1088.0,1085.9,1089.02,254386,2770.31,18109,136199.0, 53.54,2026-04-20
CDSL, EQ, 20-Apr-2026,1393.2,1394.0,1401.1,1366.1,1366.3,1370.3,1376.95,2430970,33473.28,66847,919003.0, 37.80,2026-04-20
CEATLTD, EQ, 20-Apr-2026,3716.1,3718.9,3820.0,3675.6,3800.0,3799.4,3774.0,141541,5341.76,13332,68722.0, 48.55,2026-04-20
CEDAAR, SM, 20-Apr-2026,30.9,32.4,32.4,32.4,32.4,32.4,32.4,8000,2.59,5,8000.0, 100.00,2026-04-20
CEIGALL, EQ, 20-Apr-2026,306.95,307.1,314.6,304.0,307.3,308.35,310.49,275157,854.35,5890,133617.0, 48.56,2026-04-20
CEINSYS, EQ, 20-Apr-2026,1229.2,1240.0,1249.9,1161.5,1180.0,1176.8,1202.59,94672,1138.52,5095,44036.0, 46.51,2026-04-20
CELEBRITY, EQ, 20-Apr-2026,8.0,7.87,8.2,7.7,8.04,7.99,7.97,17064,1.36,129,10853.0, 63.60,2026-04-20
CELLECOR, SM, 20-Apr-2026,31.6,31.75,32.1,31.25,31.8,31.85,31.84,225000,71.63,68,147000.0, 65.33,2026-04-20
CELLO, EQ, 20-Apr-2026,431.55,434.8,437.0,421.0,425.0,424.25,427.09,212340,906.88,7009,101364.0, 47.74,2026-04-20
CELLPOINT, SM, 20-Apr-2026,17.0,17.0,17.15,17.0,17.15,17.15,17.08,2400,0.41,2,1200.0, 50.00,2026-04-20
CEMPRO, EQ, 20-Apr-2026,648.25,649.9,657.5,635.45,637.7,637.55,644.44,204730,1319.36,8309,100020.0, 48.85,2026-04-20
CENTENKA, EQ, 20-Apr-2026,437.4,433.65,440.5,432.5,434.95,433.65,436.12,15073,65.74,431,9545.0, 63.33,2026-04-20
CENTEXT, EQ, 20-Apr-2026,21.89,21.95,22.25,21.15,21.4,21.3,21.52,90563,19.49,490,58579.0, 64.68,2026-04-20
CENTRALBK, EQ, 20-Apr-2026,36.06,36.1,36.35,35.57,35.67,35.73,35.98,5541294,1993.53,15193,2230811.0, 40.26,2026-04-20
CENTRUM, EQ, 20-Apr-2026,25.51,25.9,25.9,24.76,25.15,25.02,25.09,285010,71.52,881,186645.0, 65.49,2026-04-20
CENTUM, EQ, 20-Apr-2026,3084.8,3100.1,3139.1,2861.0,2878.0,2881.8,3025.63,169327,5123.21,22429,81666.0, 48.23,2026-04-20
CENTURYPLY, EQ, 20-Apr-2026,762.15,755.0,764.0,739.05,749.0,743.55,747.98,61987,463.65,4362,36137.0, 58.30,2026-04-20
CERA, EQ, 20-Apr-2026,5325.1,5355.0,5355.0,5265.0,5316.0,5306.4,5311.61,9606,510.23,2117,4697.0, 48.90,2026-04-20
CEREBRAINT, BZ, 20-Apr-2026,5.15,5.15,5.15,4.93,5.04,5.0,5.06,69164,3.5,132,, -,2026-04-20
CESC, EQ, 20-Apr-2026,171.49,170.8,181.5,170.3,179.35,179.42,177.6,8545395,15176.92,94419,3014316.0, 35.27,2026-04-20
CEWATER, EQ, 20-Apr-2026,332.6,337.6,337.6,323.2,331.9,326.2,330.08,59065,194.96,1880,28609.0, 48.44,2026-04-20
CGCL, EQ, 20-Apr-2026,182.13,180.0,187.5,180.0,185.11,185.0,185.27,1590930,2947.51,19444,576364.0, 36.23,2026-04-20
CGPOWER, EQ, 20-Apr-2026,774.8,775.95,804.65,764.2,795.0,795.7,793.28,5497243,43608.56,101108,2349877.0, 42.75,2026-04-20
CGRAPHICS, SM, 20-Apr-2026,173.85,174.0,180.0,172.95,175.5,175.15,176.88,53600,94.81,48,43200.0, 80.60,2026-04-20
CHALET, EQ, 20-Apr-2026,779.95,777.0,794.0,766.5,789.7,787.5,786.11,177487,1395.24,10080,130964.0, 73.79,2026-04-20
CHAMBLFERT, EQ, 20-Apr-2026,454.45,456.0,456.5,449.15,449.55,450.75,452.32,350408,1584.95,11819,172448.0, 49.21,2026-04-20
CHAMUNDA, SM, 20-Apr-2026,43.75,43.75,43.95,43.0,43.0,43.0,43.44,15000,6.52,5,9000.0, 60.00,2026-04-20
CHANDAN, SM, 20-Apr-2026,259.25,258.0,258.0,254.1,254.2,254.6,255.58,15200,38.85,19,12000.0, 78.95,2026-04-20
CHAVDA, SM, 20-Apr-2026,101.5,103.0,108.7,103.0,104.95,104.3,105.7,63000,66.59,55,46000.0, 73.02,2026-04-20
CHEMBOND, EQ, 20-Apr-2026,150.68,151.9,154.0,147.22,150.8,150.28,150.45,1956,2.94,131,1508.0, 77.10,2026-04-20
CHEMBONDCH, EQ, 20-Apr-2026,157.77,157.77,157.77,148.01,148.01,150.91,151.91,8817,13.39,262,7300.0, 82.79,2026-04-20
CHEMCON, EQ, 20-Apr-2026,163.21,160.5,162.6,159.0,159.05,159.36,160.39,22846,36.64,657,11653.0, 51.01,2026-04-20
CHEMFAB, EQ, 20-Apr-2026,395.8,408.75,408.75,389.05,395.0,396.55,396.02,6068,24.03,775,1967.0, 32.42,2026-04-20
CHEMICAL, EQ, 20-Apr-2026,27.93,28.0,28.0,27.51,27.76,27.7,27.77,288050,79.98,728,182057.0, 63.20,2026-04-20
CHEMPLASTS, EQ, 20-Apr-2026,236.7,236.75,236.8,224.25,227.0,226.75,229.12,251339,575.88,6005,147477.0, 58.68,2026-04-20
CHENNPETRO, EQ, 20-Apr-2026,1041.85,1044.0,1044.0,1004.0,1009.0,1007.55,1017.31,1661521,16902.8,40266,654488.0, 39.39,2026-04-20
CHETANA, SM, 20-Apr-2026,40.5,41.4,41.5,39.0,41.5,41.5,41.23,19200,7.92,11,17600.0, 91.67,2026-04-20
CHEVIOT, EQ, 20-Apr-2026,1079.85,1085.0,1123.0,1055.5,1101.6,1105.85,1095.4,6338,69.43,692,4588.0, 72.39,2026-04-20
CHOICEGOLD, EQ, 20-Apr-2026,149.9,149.5,150.21,147.35,150.0,149.97,149.25,31512,47.03,323,21484.0, 68.18,2026-04-20
CHOICEIN, EQ, 20-Apr-2026,724.8,727.95,732.0,718.2,723.0,722.65,726.82,613442,4458.62,10270,142033.0, 23.15,2026-04-20
CHOLAFIN, EQ, 20-Apr-2026,1579.0,1578.8,1588.8,1550.1,1564.2,1569.3,1573.05,810091,12743.14,34956,416084.0, 51.36,2026-04-20
CHOLAHLDNG, EQ, 20-Apr-2026,1641.1,1645.1,1658.9,1587.6,1606.5,1608.8,1629.09,111258,1812.49,11616,35037.0, 31.49,2026-04-20
CIEINDIA, EQ, 20-Apr-2026,490.2,491.05,495.7,484.0,487.85,486.1,489.66,537297,2630.95,14898,274380.0, 51.07,2026-04-20
CIFL, EQ, 20-Apr-2026,28.45,28.88,31.5,28.56,29.25,29.47,29.83,2186459,652.33,8229,410850.0, 18.79,2026-04-20
CIGNITITEC, EQ, 20-Apr-2026,1296.3,1298.0,1298.1,1258.8,1260.0,1263.3,1279.32,56747,725.98,2020,40034.0, 70.55,2026-04-20
CINELINE, EQ, 20-Apr-2026,91.72,88.55,92.34,85.06,85.2,85.51,86.91,54493,47.36,1228,28823.0, 52.89,2026-04-20
CINEVISTA, EQ, 20-Apr-2026,15.66,15.66,15.97,15.12,15.64,15.19,15.47,14262,2.21,119,11212.0, 78.61,2026-04-20
CIPLA, EQ, 20-Apr-2026,1240.8,1245.0,1246.0,1226.0,1228.8,1229.5,1234.06,1158618,14298.02,60198,549573.0, 47.43,2026-04-20
CKKRETAIL, ST, 20-Apr-2026,127.35,126.8,126.8,123.45,123.45,124.45,124.65,107200,133.62,33,105600.0, 98.51,2026-04-20
CLASSICEIL, SM, 20-Apr-2026,60.75,63.9,63.9,58.55,61.0,61.0,59.26,35200,20.86,6,32000.0, 90.91,2026-04-20
CLCIND, BE, 20-Apr-2026,23.63,24.81,24.81,24.81,24.81,24.81,24.81,122,0.03,3,, -,2026-04-20
CLEAN, EQ, 20-Apr-2026,757.4,764.35,764.45,740.0,741.85,742.7,747.29,132377,989.24,8747,67217.0, 50.78,2026-04-20
CLEANMAX, EQ, 20-Apr-2026,998.95,1001.15,1030.0,981.15,1010.0,1015.45,1013.81,227366,2305.06,18001,82942.0, 36.48,2026-04-20
CLEDUCATE, BE, 20-Apr-2026,53.99,53.95,53.95,51.4,51.5,51.47,51.78,57510,29.78,502,, -,2026-04-20
CLSEL, EQ, 20-Apr-2026,285.36,289.0,289.0,278.0,281.7,281.47,283.69,85303,241.99,1646,43526.0, 51.03,2026-04-20
CMICABLES, BZ, 20-Apr-2026,3.21,3.21,3.37,3.05,3.21,3.21,3.11,31853,0.99,35,, -,2026-04-20
CMNL, SM, 20-Apr-2026,129.95,129.3,131.0,118.0,120.95,120.35,123.21,33750,41.58,31,30750.0, 91.11,2026-04-20
CMPDI, EQ, 20-Apr-2026,180.87,182.0,193.0,181.0,189.0,188.99,187.52,7223254,13545.13,53438,3360388.0, 46.52,2026-04-20
CMRSL, SM, 20-Apr-2026,70.0,73.0,73.5,73.0,73.5,73.5,73.38,3200,2.35,3,3200.0, 100.00,2026-04-20
CMSINFO, EQ, 20-Apr-2026,318.0,322.0,322.1,314.6,315.45,317.9,318.48,557273,1774.8,16359,389892.0, 69.96,2026-04-20
CNL, EQ, 20-Apr-2026,604.75,610.0,615.95,590.0,590.5,591.25,597.48,7091,42.37,380,5588.0, 78.80,2026-04-20
COALINDIA, EQ, 20-Apr-2026,438.75,438.6,443.7,433.3,441.75,441.75,440.26,8090840,35620.84,95940,4271687.0, 52.80,2026-04-20
COASTCORP, EQ, 20-Apr-2026,53.04,54.95,55.51,50.5,50.7,51.05,52.41,141550,74.18,1063,72044.0, 50.90,2026-04-20
COCHINSHIP, EQ, 20-Apr-2026,1561.1,1568.0,1582.9,1538.0,1542.0,1544.9,1555.87,1612096,25082.12,56344,430779.0, 26.72,2026-04-20
COCKERILL, EQ, 20-Apr-2026,5164.7,5202.0,5297.0,4955.0,5242.0,5204.6,5226.36,1239,64.75,225,836.0, 67.47,2026-04-20
COFFEEDAY, EQ, 20-Apr-2026,27.94,27.9,27.94,27.14,27.39,27.46,27.44,1310759,359.73,2841,717749.0, 54.76,2026-04-20
COFORGE, EQ, 20-Apr-2026,1316.8,1316.8,1319.8,1280.0,1283.0,1288.1,1299.42,2018128,26223.87,54996,949614.0, 47.05,2026-04-20
COHANCE, EQ, 20-Apr-2026,390.55,388.0,388.0,367.0,368.6,369.2,374.85,3207500,12023.21,54727,1543546.0, 48.12,2026-04-20
COLPAL, EQ, 20-Apr-2026,2106.0,2119.0,2148.0,2089.2,2121.6,2129.0,2127.32,582891,12399.96,29680,270058.0, 46.33,2026-04-20
COMFINTE, EQ, 20-Apr-2026,7.3,7.6,8.0,7.0,7.4,7.45,7.52,195967,14.73,331,111631.0, 56.96,2026-04-20
COMMITTED, SM, 20-Apr-2026,248.0,248.0,259.7,248.0,259.7,259.7,253.85,1600,4.06,2,1600.0, 100.00,2026-04-20
COMMOIETF, EQ, 20-Apr-2026,102.59,102.59,103.57,101.54,102.5,102.82,102.81,75176,77.29,884,46488.0, 61.84,2026-04-20
COMPINFO, BZ, 20-Apr-2026,1.22,1.28,1.28,1.21,1.26,1.26,1.27,45728,0.58,28,, -,2026-04-20
COMPUSOFT, EQ, 20-Apr-2026,14.33,14.1,14.58,14.07,14.42,14.34,14.3,29916,4.28,270,23871.0, 79.79,2026-04-20
COMSYN, EQ, 20-Apr-2026,163.87,163.87,163.88,154.3,161.99,160.2,160.59,21147,33.96,529,10910.0, 51.59,2026-04-20
CONCOR, EQ, 20-Apr-2026,503.1,506.05,509.0,498.55,499.8,501.05,504.38,1272469,6418.07,23353,566252.0, 44.50,2026-04-20
CONCORDBIO, EQ, 20-Apr-2026,1081.7,1080.5,1088.0,1055.1,1059.0,1066.4,1067.84,336886,3597.41,19356,159107.0, 47.23,2026-04-20
CONFIPET, EQ, 20-Apr-2026,52.68,53.21,57.15,51.29,56.39,55.6,54.22,4844204,2626.35,13314,1957830.0, 40.42,2026-04-20
CONNPLEX, SM, 20-Apr-2026,272.0,271.85,274.0,267.0,267.25,270.15,271.04,19200,52.04,18,15200.0, 79.17,2026-04-20
CONS, EQ, 20-Apr-2026,11.72,12.01,12.01,11.63,11.72,11.74,11.74,51089,6.0,172,22993.0, 45.01,2026-04-20
CONSOFINVT, BE, 20-Apr-2026,226.38,231.9,231.9,218.0,225.5,224.01,222.22,2752,6.12,53,, -,2026-04-20
CONSUMBEES, EQ, 20-Apr-2026,126.9,126.97,127.45,125.94,127.18,126.83,126.88,123565,156.78,1460,79134.0, 64.04,2026-04-20
CONSUMER, EQ, 20-Apr-2026,11.11,11.17,11.18,11.02,11.12,11.13,11.11,210859,23.43,509,133140.0, 63.14,2026-04-20
CONSUMIETF, EQ, 20-Apr-2026,118.17,118.17,118.78,117.0,118.75,117.61,118.16,13342,15.76,297,7074.0, 53.02,2026-04-20
CONTROLPR, EQ, 20-Apr-2026,672.85,672.85,681.05,656.0,659.0,658.85,667.37,16896,112.76,1137,9799.0, 58.00,2026-04-20
COOLCAPS, SM, 20-Apr-2026,30.6,30.3,30.8,29.1,29.1,29.4,29.5,86250,25.44,46,57500.0, 66.67,2026-04-20
CORALFINAC, EQ, 20-Apr-2026,36.39,36.8,37.34,35.0,35.05,35.11,35.44,10104,3.58,251,6554.0, 64.87,2026-04-20
CORDSCABLE, EQ, 20-Apr-2026,181.11,178.02,178.39,172.3,173.03,174.34,176.01,34339,60.44,839,22578.0, 65.75,2026-04-20
COROMANDEL, EQ, 20-Apr-2026,2050.2,2060.0,2086.0,2040.0,2073.0,2074.9,2066.4,451210,9323.83,36071,311415.0, 69.02,2026-04-20
CORONA, EQ, 20-Apr-2026,1619.5,1620.0,1724.0,1619.0,1696.0,1698.3,1691.11,76437,1292.63,8148,23438.0, 30.66,2026-04-20
COSMOFIRST, EQ, 20-Apr-2026,668.75,661.65,676.95,654.5,660.0,660.3,666.4,57065,380.28,2587,32592.0, 57.11,2026-04-20
COUNCODOS, EQ, 20-Apr-2026,5.54,5.65,5.65,5.25,5.48,5.55,5.55,33241,1.84,250,24875.0, 74.83,2026-04-20
CPCAP, EQ, 20-Apr-2026,96.0,96.0,101.38,95.28,97.0,97.11,98.75,50409,49.78,1474,31331.0, 62.15,2026-04-20
CPEDU, EQ, 20-Apr-2026,195.73,195.73,202.06,188.31,193.1,194.82,197.27,1430,2.82,125,1122.0, 78.46,2026-04-20
CPPLUS, EQ, 20-Apr-2026,2264.3,2264.3,2284.0,2176.2,2273.4,2273.8,2240.32,422627,9468.19,29759,150732.0, 35.67,2026-04-20
CPS, SM, 20-Apr-2026,1030.0,970.0,970.0,970.0,970.0,970.0,970.0,300,2.91,2,300.0, 100.00,2026-04-20
CPSEETF, EQ, 20-Apr-2026,106.85,107.06,107.84,105.55,106.8,106.93,107.03,2514975,2691.76,12330,1379603.0, 54.86,2026-04-20
CRAFTSMAN, EQ, 20-Apr-2026,7691.0,7698.0,7933.0,7665.0,7742.0,7721.5,7783.37,24486,1905.84,5474,10063.0, 41.10,2026-04-20
CRAMC, EQ, 20-Apr-2026,278.14,278.14,283.9,273.93,275.77,277.29,279.86,633028,1771.61,16216,259516.0, 41.00,2026-04-20
CREATIVEYE, EQ, 20-Apr-2026,7.1,7.28,7.99,6.99,7.16,7.22,7.28,18683,1.36,248,17683.0, 94.65,2026-04-20
CREDITACC, EQ, 20-Apr-2026,1264.8,1256.0,1286.7,1250.1,1250.3,1253.8,1269.54,310663,3944.0,13641,214544.0, 69.06,2026-04-20
CREST, EQ, 20-Apr-2026,369.8,367.35,369.95,358.6,360.05,361.8,364.03,6722,24.47,406,3825.0, 56.90,2026-04-20
CRISIL, EQ, 20-Apr-2026,4335.4,4360.0,4418.2,4275.0,4321.0,4335.3,4356.93,164714,7176.47,20429,72234.0, 43.85,2026-04-20
CRIZAC, EQ, 20-Apr-2026,230.17,234.0,234.0,226.0,228.81,228.64,228.78,135412,309.8,5301,64950.0, 47.96,2026-04-20
CROMPTON, EQ, 20-Apr-2026,261.45,262.36,266.94,256.15,259.93,261.22,263.09,5611186,14762.72,47263,2952740.0, 52.62,2026-04-20
CROWN, EQ, 20-Apr-2026,124.18,126.3,129.0,124.37,125.3,127.36,126.8,16131,20.45,411,9861.0, 61.13,2026-04-20
CSBBANK, EQ, 20-Apr-2026,399.85,399.5,401.6,386.1,391.0,390.4,394.76,325272,1284.03,7116,132570.0, 40.76,2026-04-20
CSLFINANCE, EQ, 20-Apr-2026,242.49,239.5,244.01,235.1,237.0,237.84,237.96,90557,215.49,1983,40771.0, 45.02,2026-04-20
CSSL, SM, 20-Apr-2026,111.0,112.0,115.0,112.0,113.0,113.0,113.68,9000,10.23,8,7000.0, 77.78,2026-04-20
CTE, BE, 20-Apr-2026,31.22,29.71,31.7,29.71,30.99,30.99,30.45,6857,2.09,56,, -,2026-04-20
CUB, EQ, 20-Apr-2026,257.82,261.4,275.0,256.76,270.0,265.75,267.89,8439006,22606.94,121773,2535797.0, 30.05,2026-04-20
CUBEINVIT, IV, 20-Apr-2026,147.62,148.5,152.0,147.35,152.0,152.0,148.8,200000,297.6,5,200000.0, 100.00,2026-04-20
CUBEXTUB, EQ, 20-Apr-2026,95.15,95.8,95.8,90.1,91.0,91.86,92.99,73431,68.29,1168,41853.0, 57.00,2026-04-20
CUDML, SM, 20-Apr-2026,131.0,131.0,131.0,131.0,131.0,131.0,131.0,1000,1.31,1,1000.0, 100.00,2026-04-20
CUMMINSIND, EQ, 20-Apr-2026,5140.9,5174.0,5216.9,5067.6,5200.0,5200.3,5179.75,616937,31955.78,59084,328928.0, 53.32,2026-04-20
CUPID, EQ, 20-Apr-2026,103.16,104.5,108.0,101.52,106.0,105.42,105.87,39327495,41635.72,134241,10335161.0, 26.28,2026-04-20
CURAA, BE, 20-Apr-2026,99.94,97.95,97.95,97.95,97.95,97.95,97.95,97,0.1,10,, -,2026-04-20
CURIS, SM, 20-Apr-2026,112.1,115.5,115.9,113.0,113.0,113.0,114.8,3000,3.44,3,3000.0, 100.00,2026-04-20
CURRENT, SM, 20-Apr-2026,123.25,126.55,126.55,120.0,120.0,120.0,123.95,4800,5.95,3,3200.0, 66.67,2026-04-20
CYBERMEDIA, EQ, 20-Apr-2026,15.74,15.22,18.88,15.13,18.88,18.88,18.31,141679,25.95,479,106663.0, 75.28,2026-04-20
CYBERTECH, EQ, 20-Apr-2026,130.83,130.99,133.5,128.56,129.93,130.13,130.43,33676,43.92,873,17762.0, 52.74,2026-04-20
CYIENT, EQ, 20-Apr-2026,962.3,966.4,970.0,945.2,949.2,948.05,953.44,192941,1839.57,14550,93181.0, 48.30,2026-04-20
CYIENTDLM, EQ, 20-Apr-2026,341.25,345.0,349.95,334.1,346.0,345.8,344.16,488341,1680.68,10277,275116.0, 56.34,2026-04-20
DABUR, EQ, 20-Apr-2026,442.85,443.95,447.3,436.55,441.55,441.7,442.44,1662485,7355.54,32261,737042.0, 44.33,2026-04-20
DAICHI, EQ, 20-Apr-2026,255.35,258.95,265.0,258.7,264.0,263.4,261.22,323,0.84,18,321.0, 99.38,2026-04-20
DALBHARAT, EQ, 20-Apr-2026,1971.7,1984.9,2001.7,1941.1,1986.3,1981.8,1981.26,193615,3836.01,18714,88972.0, 45.95,2026-04-20
DALMIASUG, EQ, 20-Apr-2026,394.15,397.7,399.0,383.05,388.0,390.55,389.99,313541,1222.77,6257,84048.0, 26.81,2026-04-20
DAMCAPITAL, EQ, 20-Apr-2026,158.94,160.0,160.39,155.1,157.0,157.48,157.59,528186,832.39,5040,227060.0, 42.99,2026-04-20
DAMODARIND, EQ, 20-Apr-2026,28.29,29.91,29.91,26.1,28.48,27.72,27.65,22283,6.16,336,14311.0, 64.22,2026-04-20
DANGEE, EQ, 20-Apr-2026,3.43,3.59,3.79,3.35,3.65,3.64,3.67,506001,18.56,611,265709.0, 52.51,2026-04-20
DANISH, SM, 20-Apr-2026,741.8,744.0,798.5,743.0,797.0,794.1,783.81,56250,440.89,316,39900.0, 70.93,2026-04-20
DATAMATICS, EQ, 20-Apr-2026,747.8,754.9,754.9,723.7,726.1,727.45,736.57,51808,381.6,2274,23951.0, 46.23,2026-04-20
DATAPATTNS, EQ, 20-Apr-2026,3494.2,3530.0,3607.0,3444.0,3465.0,3467.6,3529.77,1111522,39234.22,70635,242497.0, 21.82,2026-04-20
DAVANGERE, EQ, 20-Apr-2026,3.68,3.7,3.82,3.63,3.69,3.68,3.72,16813780,626.11,3952,6753977.0, 40.17,2026-04-20
DBCORP, EQ, 20-Apr-2026,214.67,214.67,214.67,210.0,212.0,212.83,212.08,93349,197.97,3395,57976.0, 62.11,2026-04-20
DBEIL, EQ, 20-Apr-2026,75.88,76.0,76.67,72.2,74.99,74.64,74.82,63546,47.54,687,39631.0, 62.37,2026-04-20
DBL, EQ, 20-Apr-2026,457.0,457.0,460.3,446.1,448.0,449.45,454.62,85423,388.35,3645,31410.0, 36.77,2026-04-20
DBOL, BE, 20-Apr-2026,113.75,113.75,116.0,110.75,112.01,112.77,113.39,35836,40.63,256,, -,2026-04-20
DBREALTY, EQ, 20-Apr-2026,107.09,107.7,111.87,104.11,107.5,106.49,108.12,2584573,2794.52,19011,1028995.0, 39.81,2026-04-20
DBSTOCKBRO, EQ, 20-Apr-2026,27.2,27.29,29.0,26.52,28.35,27.97,27.53,12187,3.35,245,3682.0, 30.21,2026-04-20
DCAL, EQ, 20-Apr-2026,168.62,170.8,175.78,166.7,168.68,167.48,170.98,471686,806.51,5966,233603.0, 49.53,2026-04-20
DCBBANK, EQ, 20-Apr-2026,189.83,192.15,195.79,190.1,195.0,193.48,193.26,2492279,4816.5,22410,1179179.0, 47.31,2026-04-20
DCCL, SM, 20-Apr-2026,39.5,41.8,41.8,41.8,41.8,41.8,41.8,2000,0.84,1,2000.0, 100.00,2026-04-20
DCG, SM, 20-Apr-2026,64.95,62.5,62.7,62.15,62.7,62.35,62.41,10800,6.74,9,8400.0, 77.78,2026-04-20
DCI, BE, 20-Apr-2026,319.75,319.75,322.0,317.0,319.0,318.45,319.83,2999,9.59,157,, -,2026-04-20
DCM, EQ, 20-Apr-2026,72.16,72.16,72.49,70.0,71.25,71.41,70.96,5443,3.86,190,3252.0, 59.75,2026-04-20
DCMFINSERV, BE, 20-Apr-2026,5.49,5.4,5.4,5.39,5.39,5.39,5.39,4454,0.24,16,, -,2026-04-20
DCMNVL, EQ, 20-Apr-2026,121.53,121.54,123.65,119.0,120.39,119.75,121.0,5608,6.79,129,4326.0, 77.14,2026-04-20
DCMSHRIRAM, EQ, 20-Apr-2026,1226.1,1226.5,1239.9,1192.0,1195.4,1199.6,1205.08,55874,673.33,5090,36522.0, 65.36,2026-04-20
DCMSIL, BE, 20-Apr-2026,68.84,69.14,70.0,67.1,68.8,69.64,68.91,102702,70.77,424,, -,2026-04-20
DCMSRIND, EQ, 20-Apr-2026,40.4,39.8,40.74,39.31,39.41,39.46,39.98,105263,42.08,1378,49374.0, 46.91,2026-04-20
DCW, EQ, 20-Apr-2026,46.24,46.5,47.4,45.8,46.06,46.3,46.52,1633408,759.92,6086,628653.0, 38.49,2026-04-20
DCXINDIA, EQ, 20-Apr-2026,194.91,195.25,195.8,187.0,187.92,188.23,190.78,1103797,2105.78,13242,501843.0, 45.47,2026-04-20
DDEVPLSTIK, EQ, 20-Apr-2026,244.16,247.0,250.5,236.0,237.0,237.73,242.01,175300,424.24,2991,100734.0, 57.46,2026-04-20
DECCANCE, EQ, 20-Apr-2026,669.3,670.0,675.5,659.0,666.0,667.5,667.11,13539,90.32,478,6825.0, 50.41,2026-04-20
DECCANTRAN, SM, 20-Apr-2026,21.9,21.9,21.9,21.9,21.9,21.9,21.9,1200,0.26,1,1200.0, 100.00,2026-04-20
DECNGOLD, EQ, 20-Apr-2026,106.65,115.0,124.3,115.0,118.65,120.2,119.88,2397728,2874.51,24081,968966.0, 40.41,2026-04-20
DEEDEV, EQ, 20-Apr-2026,370.0,372.0,388.5,371.0,388.5,388.5,384.38,915622,3519.5,7976,377825.0, 41.26,2026-04-20
DEEM, SM, 20-Apr-2026,39.2,38.2,38.2,37.45,37.45,37.45,37.7,3000,1.13,3,3000.0, 100.00,2026-04-20
DEEPAKFERT, EQ, 20-Apr-2026,1230.35,1225.0,1251.6,1199.0,1224.0,1229.05,1231.38,518718,6387.37,23442,157109.0, 30.29,2026-04-20
DEEPAKNTR, EQ, 20-Apr-2026,1538.1,1544.0,1546.0,1510.2,1529.0,1535.4,1531.06,121763,1864.27,10766,50365.0, 41.36,2026-04-20
DEEPINDS, EQ, 20-Apr-2026,477.35,481.75,492.25,471.55,478.8,476.8,482.98,291807,1409.38,7162,98367.0, 33.71,2026-04-20
DEFENCE, EQ, 20-Apr-2026,72.27,70.0,73.08,70.0,71.76,72.06,72.0,238257,171.55,835,144391.0, 60.60,2026-04-20
DELAPLEX, SM, 20-Apr-2026,110.55,111.0,111.5,106.0,106.0,107.0,109.63,7200,7.89,12,6600.0, 91.67,2026-04-20
DELHIVERY, EQ, 20-Apr-2026,463.0,465.8,474.5,458.25,462.5,464.5,469.29,3554997,16683.15,51487,1399168.0, 39.36,2026-04-20
DELPHIFX, EQ, 20-Apr-2026,12.18,12.21,13.35,12.0,13.01,13.03,12.94,1560320,201.93,1773,461687.0, 29.59,2026-04-20
DELTACORP, EQ, 20-Apr-2026,60.64,61.5,62.56,59.73,61.56,61.6,61.38,1388883,852.54,6852,481517.0, 34.67,2026-04-20
DELTAMAGNT, EQ, 20-Apr-2026,60.67,64.58,64.81,60.06,61.79,61.85,62.49,10718,6.7,236,4812.0, 44.90,2026-04-20
DELTIC, SM, 20-Apr-2026,50.1,46.1,47.5,46.0,46.2,46.3,46.5,18000,8.37,18,11000.0, 61.11,2026-04-20
DEN, EQ, 20-Apr-2026,29.24,29.55,29.65,28.44,28.65,28.72,28.99,332229,96.3,1829,165251.0, 49.74,2026-04-20
DENEERS, ST, 20-Apr-2026,163.0,160.0,161.95,157.0,157.4,157.4,158.99,16200,25.76,26,10800.0, 66.67,2026-04-20
DENORA, EQ, 20-Apr-2026,823.6,839.0,839.0,802.1,809.0,810.05,812.95,3464,28.16,410,2356.0, 68.01,2026-04-20
DENTA, EQ, 20-Apr-2026,300.99,303.0,318.8,296.5,302.98,303.11,309.14,522878,1616.44,10799,98745.0, 18.88,2026-04-20
DENTALKART, SM, 20-Apr-2026,382.15,390.0,390.0,376.0,378.0,378.0,379.1,8000,30.33,20,7250.0, 90.63,2026-04-20
DESTINY, SM, 20-Apr-2026,117.3,111.45,111.45,111.45,111.45,111.45,111.45,1500,1.67,1,1500.0, 100.00,2026-04-20
DEVIT, EQ, 20-Apr-2026,30.41,30.49,31.99,29.61,30.5,30.53,30.55,65692,20.07,945,29770.0, 45.32,2026-04-20
DEVX, EQ, 20-Apr-2026,41.11,41.21,41.48,40.5,40.55,40.82,40.87,49015,20.03,315,36977.0, 75.44,2026-04-20
DEVYANI, EQ, 20-Apr-2026,107.7,108.5,109.5,106.3,106.7,106.7,107.47,2619491,2815.2,19192,1393418.0, 53.19,2026-04-20
DGCONTENT, EQ, 20-Apr-2026,29.4,30.47,30.47,28.26,30.0,29.97,29.89,6391,1.91,66,5198.0, 81.33,2026-04-20
DHAMPURSUG, EQ, 20-Apr-2026,142.47,142.7,147.49,139.6,143.04,142.69,142.92,799481,1142.61,6197,173711.0, 21.73,2026-04-20
DHANBANK, EQ, 20-Apr-2026,26.9,26.91,27.9,26.5,27.89,27.83,27.35,1319783,360.98,3295,780679.0, 59.15,2026-04-20
DHANUKA, EQ, 20-Apr-2026,1009.65,1009.65,1026.55,1000.0,1023.8,1016.6,1011.45,59653,603.36,4150,30771.0, 51.58,2026-04-20
DHARAN, BZ, 20-Apr-2026,0.16,0.15,0.17,0.15,0.17,0.16,0.15,44577285,68.81,2904,, -,2026-04-20
DHARARAIL, SM, 20-Apr-2026,115.85,118.7,118.7,114.15,115.5,115.25,116.56,8000,9.32,8,6000.0, 75.00,2026-04-20
DHARIWAL, ST, 20-Apr-2026,39.95,39.0,39.85,38.6,39.0,38.9,38.87,30000,11.66,10,30000.0, 100.00,2026-04-20
DHARMAJ, EQ, 20-Apr-2026,271.24,274.74,279.93,271.35,276.0,276.31,275.48,73079,201.32,2271,43740.0, 59.85,2026-04-20
DHRUV, EQ, 20-Apr-2026,36.3,37.8,37.8,35.5,36.35,36.35,36.73,24335,8.94,321,12236.0, 50.28,2026-04-20
DHUNINV, EQ, 20-Apr-2026,949.6,949.6,969.9,916.55,929.0,929.25,945.55,2353,22.25,426,821.0, 34.89,2026-04-20
DIACABS, EQ, 20-Apr-2026,149.61,150.2,164.0,147.5,160.0,160.76,159.21,6081566,9682.2,32047,2358104.0, 38.77,2026-04-20
DIAMINESQ, EQ, 20-Apr-2026,262.29,259.9,269.73,250.89,258.0,255.59,258.54,14591,37.72,1605,3532.0, 24.21,2026-04-20
DIAMONDYD, EQ, 20-Apr-2026,974.0,965.0,995.6,961.0,990.0,992.9,984.71,32609,321.11,1569,17036.0, 52.24,2026-04-20
DICIND, EQ, 20-Apr-2026,545.95,548.65,549.95,526.5,549.0,546.1,536.58,1332,7.15,141,762.0, 57.21,2026-04-20
DIFFNKG, EQ, 20-Apr-2026,310.92,315.0,321.01,308.6,309.05,309.57,313.39,90413,283.35,1774,43940.0, 48.60,2026-04-20
DIGIDRIVE, EQ, 20-Apr-2026,23.59,24.8,24.8,23.01,24.0,23.86,24.12,49658,11.98,391,33296.0, 67.05,2026-04-20
DIGIKORE, SM, 20-Apr-2026,70.15,70.15,71.0,68.5,68.5,68.75,69.71,19200,13.38,32,17600.0, 91.67,2026-04-20
DIGISPICE, EQ, 20-Apr-2026,18.2,17.52,19.15,17.52,18.5,18.94,18.52,133676,24.75,393,83687.0, 62.60,2026-04-20
DIGITIDE, EQ, 20-Apr-2026,97.28,97.8,98.35,93.7,94.82,94.81,95.11,363876,346.08,3320,175380.0, 48.20,2026-04-20
DIGJAMLMTD, EQ, 20-Apr-2026,47.4,50.98,50.98,47.04,47.5,47.61,48.0,1586,0.76,77,1260.0, 79.45,2026-04-20
DIL, BZ, 20-Apr-2026,1.07,1.02,1.1,1.02,1.02,1.02,1.02,638072,6.54,401,, -,2026-04-20
DIRL, SM, 20-Apr-2026,14.0,13.4,13.4,13.4,13.4,13.4,13.4,6000,0.8,1,6000.0, 100.00,2026-04-20
DISAQ, EQ, 20-Apr-2026,12622.05,12622.05,12622.05,12026.0,12040.0,12055.3,12132.62,75,9.1,51,51.0, 68.00,2026-04-20
DISHTV, EQ, 20-Apr-2026,4.08,4.11,4.14,3.88,3.88,3.88,3.94,12925909,509.13,4570,8061448.0, 62.37,2026-04-20
DIVGIITTS, EQ, 20-Apr-2026,776.1,779.0,784.2,750.3,753.15,755.45,765.58,29656,227.04,2145,14067.0, 47.43,2026-04-20
DIVIDEND, EQ, 20-Apr-2026,37.17,37.35,37.35,36.82,37.02,37.05,37.09,15872,5.89,115,10965.0, 69.08,2026-04-20
DIVINEHIRA, ST, 20-Apr-2026,308.0,315.0,315.0,300.0,312.0,312.0,307.12,8000,24.57,5,6400.0, 80.00,2026-04-20
DIVISLAB, EQ, 20-Apr-2026,6229.0,6269.5,6298.0,6187.5,6261.5,6280.0,6274.82,208547,13085.95,25951,125791.0, 60.32,2026-04-20
DIVOPPBEES, EQ, 20-Apr-2026,81.42,81.54,82.0,80.51,81.48,81.59,81.7,50523,41.28,1032,33312.0, 65.93,2026-04-20
DIVYADHAN, ST, 20-Apr-2026,32.55,34.15,34.15,34.15,34.15,34.15,34.15,6000,2.05,3,6000.0, 100.00,2026-04-20
DIXON, EQ, 20-Apr-2026,11371.5,11400.0,11410.0,11150.0,11194.0,11211.0,11288.55,630673,71193.86,70414,144075.0, 22.84,2026-04-20
DJML, BE, 20-Apr-2026,92.62,93.08,96.0,90.08,93.85,91.37,93.65,28059,26.28,164,, -,2026-04-20
DLF, EQ, 20-Apr-2026,601.75,602.0,604.65,590.35,595.0,596.4,597.23,3259425,19466.23,44487,1573750.0, 48.28,2026-04-20
DLINKINDIA, EQ, 20-Apr-2026,446.2,449.25,467.95,445.75,455.0,454.6,459.96,465836,2142.68,11704,174011.0, 37.35,2026-04-20
DMART, EQ, 20-Apr-2026,4628.5,4629.9,4634.3,4550.6,4600.0,4605.2,4596.69,521891,23989.69,36403,271898.0, 52.10,2026-04-20
DMCC, EQ, 20-Apr-2026,294.01,296.85,299.9,277.3,280.0,283.33,290.82,59429,172.83,1202,38601.0, 64.95,2026-04-20
DNAMEDIA, EQ, 20-Apr-2026,3.27,3.17,3.39,3.17,3.2,3.2,3.22,18532,0.6,169,12739.0, 68.74,2026-04-20
DODLA, EQ, 20-Apr-2026,1091.55,1090.0,1092.7,1063.5,1071.0,1069.25,1074.33,30614,328.89,3428,12613.0, 41.20,2026-04-20
DOLATALGO, EQ, 20-Apr-2026,81.19,81.2,81.59,78.5,79.95,78.96,79.68,142791,113.77,2115,71295.0, 49.93,2026-04-20
DOLLAR, EQ, 20-Apr-2026,276.89,279.33,279.89,271.2,276.98,276.57,276.16,46066,127.22,2589,25668.0, 55.72,2026-04-20
DOLLEX, SM, 20-Apr-2026,31.2,31.05,31.25,30.15,31.25,31.25,30.82,12000,3.7,3,12000.0, 100.00,2026-04-20
DOLPHIN, EQ, 20-Apr-2026,396.55,401.95,412.0,391.25,400.15,402.4,404.07,46920,189.59,1061,25796.0, 54.98,2026-04-20
DOMS, EQ, 20-Apr-2026,2391.5,2410.0,2422.5,2351.1,2355.0,2364.8,2390.14,44873,1072.53,6026,18378.0, 40.96,2026-04-20
DONEAR, EQ, 20-Apr-2026,92.44,94.39,94.39,90.84,92.05,92.29,92.46,21861,20.21,529,10086.0, 46.14,2026-04-20
DPABHUSHAN, EQ, 20-Apr-2026,1074.05,1089.9,1199.95,1089.9,1109.95,1107.6,1144.82,130328,1492.02,7264,23461.0, 18.00,2026-04-20
DPEL, SM, 20-Apr-2026,434.25,434.0,443.9,425.0,440.0,440.9,432.19,47000,203.13,78,35000.0, 74.47,2026-04-20
DPSCLTD, EQ, 20-Apr-2026,9.53,10.0,10.0,9.6,9.97,9.95,9.88,341478,33.73,1634,201527.0, 59.02,2026-04-20
DPWIRES, EQ, 20-Apr-2026,183.81,187.0,196.94,186.99,188.05,188.52,191.14,37375,71.44,741,17974.0, 48.09,2026-04-20
DRAGARWQ, EQ, 20-Apr-2026,4768.8,4700.0,4823.0,4700.0,4823.0,4787.85,4769.29,49,2.34,19,41.0, 83.67,2026-04-20
DRCSYSTEMS, EQ, 20-Apr-2026,16.79,16.97,17.25,16.21,16.87,16.83,16.77,60520,10.15,400,40701.0, 67.25,2026-04-20
DREAMFOLKS, EQ, 20-Apr-2026,85.02,85.2,85.99,82.04,83.28,83.18,83.45,85204,71.1,1301,39478.0, 46.33,2026-04-20
DREDGECORP, EQ, 20-Apr-2026,975.35,1003.15,1078.5,996.3,1000.0,1003.55,1034.41,1701978,17605.47,67583,262888.0, 15.45,2026-04-20
DRONE, SM, 20-Apr-2026,56.75,56.75,56.75,51.75,53.7,54.1,53.25,84500,44.99,134,45000.0, 53.25,2026-04-20
DRREDDY, EQ, 20-Apr-2026,1235.7,1235.0,1243.0,1223.0,1230.9,1232.6,1235.5,1605279,19833.28,56087,1027465.0, 64.01,2026-04-20
DSFCL, EQ, 20-Apr-2026,25.74,26.69,27.02,25.56,25.93,26.37,26.58,116778,31.04,1187,76393.0, 65.42,2026-04-20
DSSL, EQ, 20-Apr-2026,1057.15,1057.95,1071.95,1037.1,1045.0,1046.1,1052.29,27307,287.35,2220,13214.0, 48.39,2026-04-20
DTIL, EQ, 20-Apr-2026,142.6,140.7,149.5,139.5,147.92,146.09,143.91,4133,5.95,222,1858.0, 44.96,2026-04-20
DUCON, BE, 20-Apr-2026,3.59,3.72,3.72,3.5,3.53,3.52,3.55,138305,4.9,213,, -,2026-04-20
DUGLOBAL, SM, 20-Apr-2026,37.0,37.75,37.75,37.75,37.75,37.75,37.75,252500,95.32,9,252500.0, 100.00,2026-04-20
DURLAX, SM, 20-Apr-2026,51.0,51.0,54.0,49.25,51.5,51.7,51.79,190000,98.41,73,150000.0, 78.95,2026-04-20
DVL, EQ, 20-Apr-2026,248.93,243.1,248.98,243.1,248.98,247.69,247.16,5875,14.52,150,3798.0, 64.65,2026-04-20
DWARKESH, EQ, 20-Apr-2026,47.4,47.9,49.25,45.9,46.97,46.92,47.39,1763959,835.87,8381,441379.0, 25.02,2026-04-20
DYCL, EQ, 20-Apr-2026,332.96,339.9,363.78,326.13,345.77,349.18,350.19,901102,3155.59,18463,327367.0, 36.33,2026-04-20
DYNAMATECH, EQ, 20-Apr-2026,10327.5,10353.0,10394.5,10098.0,10113.5,10140.0,10219.12,13756,1405.74,4283,6347.0, 46.14,2026-04-20
DYNAMIC, SM, 20-Apr-2026,142.45,156.45,156.45,133.1,145.0,145.0,143.48,7000,10.04,13,5500.0, 78.57,2026-04-20
DYNPRO, EQ, 20-Apr-2026,248.0,250.02,250.45,242.01,243.8,243.58,244.88,16221,39.72,521,7475.0, 46.08,2026-04-20
E2E, BE, 20-Apr-2026,2805.9,2805.9,2805.9,2680.0,2704.9,2709.0,2724.98,57559,1568.47,4399,, -,2026-04-20
E2ERAIL, SM, 20-Apr-2026,227.35,225.0,230.0,217.0,217.0,219.2,224.09,45600,102.18,45,33600.0, 73.68,2026-04-20
EASEMYTRIP, EQ, 20-Apr-2026,7.82,7.85,7.9,7.71,7.75,7.74,7.79,7635663,595.03,16170,3774607.0, 49.43,2026-04-20
EASTSILK, BE, 20-Apr-2026,63.01,63.1,63.1,61.0,61.0,61.0,61.04,553,0.34,13,, -,2026-04-20
EBANKNIFTY, EQ, 20-Apr-2026,56.8,58.22,58.27,55.63,57.04,57.04,57.05,6478,3.7,56,3981.0, 61.45,2026-04-20
EBBETF0430, EQ, 20-Apr-2026,1573.69,1578.41,1578.41,1572.02,1574.9,1572.97,1573.36,28633,450.5,471,24575.0, 85.83,2026-04-20
EBBETF0431, EQ, 20-Apr-2026,1403.39,1408.88,1409.99,1401.65,1401.86,1401.96,1403.8,4001,56.17,110,2491.0, 62.26,2026-04-20
EBBETF0433, EQ, 20-Apr-2026,1279.09,1279.5,1283.15,1278.0,1279.07,1279.7,1281.08,6085,77.95,146,4761.0, 78.24,2026-04-20
EBGNG, EQ, 20-Apr-2026,426.55,425.0,434.05,408.6,411.35,412.1,419.26,288873,1211.12,8248,121102.0, 41.92,2026-04-20
ECAPINSURE, EQ, 20-Apr-2026,24.56,24.57,24.87,24.4,24.57,24.47,24.49,57595,14.1,355,44448.0, 77.17,2026-04-20
ECLERX, EQ, 20-Apr-2026,1631.1,1630.0,1667.8,1590.0,1616.0,1619.8,1621.13,494699,8019.7,34475,206495.0, 41.74,2026-04-20
ECOSMOBLTY, EQ, 20-Apr-2026,140.71,141.1,154.78,136.5,146.48,146.86,150.02,791491,1187.4,10180,259220.0, 32.75,2026-04-20
EDELWEISS, EQ, 20-Apr-2026,119.06,119.95,120.15,116.69,117.25,117.35,118.15,2860570,3379.64,17799,1374457.0, 48.05,2026-04-20
EDUCOMP, BZ, 20-Apr-2026,0.93,0.97,0.97,0.9,0.96,0.92,0.96,114865,1.1,103,, -,2026-04-20
EEPL, SM, 20-Apr-2026,132.65,130.0,130.0,122.0,127.55,125.15,125.13,54000,67.57,49,31000.0, 57.41,2026-04-20
EFACTOR, SM, 20-Apr-2026,229.0,234.0,234.0,234.0,234.0,234.0,234.0,800,1.87,2,800.0, 100.00,2026-04-20
EFCIL, EQ, 20-Apr-2026,201.0,203.6,203.6,196.09,197.4,197.08,199.85,298664,596.88,3938,184939.0, 61.92,2026-04-20
EFFWA, SM, 20-Apr-2026,228.65,228.0,228.65,220.0,220.0,221.25,223.72,7200,16.11,18,4000.0, 55.56,2026-04-20
EFORCE, ST, 20-Apr-2026,27.55,28.0,28.65,27.0,27.0,27.0,27.76,8400,2.33,7,7200.0, 85.71,2026-04-20
EGOLD, EQ, 20-Apr-2026,150.95,151.55,151.55,150.2,151.4,151.2,151.18,481561,728.0,872,460440.0, 95.61,2026-04-20
EICHERMOT, EQ, 20-Apr-2026,7189.5,7160.5,7264.0,7115.0,7233.5,7243.0,7219.27,695282,50194.26,57592,386127.0, 55.54,2026-04-20
EIDPARRY, EQ, 20-Apr-2026,865.15,873.05,873.05,847.0,848.0,850.8,854.56,163641,1398.41,12872,77421.0, 47.31,2026-04-20
EIEL, EQ, 20-Apr-2026,213.04,214.69,214.69,201.1,207.5,206.24,207.87,2041545,4243.82,18581,690491.0, 33.82,2026-04-20
EIFFL, EQ, 20-Apr-2026,242.85,243.43,247.0,238.72,243.1,242.94,242.92,20972,50.95,279,16997.0, 81.05,2026-04-20
EIHAHOTELS, EQ, 20-Apr-2026,327.6,328.0,330.55,323.3,329.9,328.3,327.68,13441,44.04,623,6881.0, 51.19,2026-04-20
EIHOTEL, EQ, 20-Apr-2026,321.9,323.0,335.0,318.0,334.0,332.5,328.88,634794,2087.69,15363,306432.0, 48.27,2026-04-20
EIMCOELECO, EQ, 20-Apr-2026,1657.9,1682.4,1682.4,1635.1,1649.0,1642.4,1650.87,19859,327.85,1134,12308.0, 61.98,2026-04-20
EKC, EQ, 20-Apr-2026,119.49,120.5,122.0,117.15,118.4,118.41,120.11,356876,428.64,3393,167224.0, 46.86,2026-04-20
ELANTAS, EQ, 20-Apr-2026,9217.6,9218.0,9290.0,9005.0,9288.0,9255.0,9136.81,395,36.09,145,307.0, 77.72,2026-04-20
ELCIDIN, EQ, 20-Apr-2026,134869.5,134000.0,137000.0,130700.0,134399.0,133779.5,133293.09,30,39.99,29,22.0, 73.33,2026-04-20
ELDEHSG, EQ, 20-Apr-2026,817.5,785.0,867.0,785.0,850.0,842.55,840.55,1199,10.08,120,482.0, 40.20,2026-04-20
ELECON, EQ, 20-Apr-2026,412.75,414.95,441.9,405.8,432.4,435.55,427.99,1595370,6827.97,41060,534402.0, 33.50,2026-04-20
ELECTCAST, EQ, 20-Apr-2026,80.75,80.98,81.01,77.8,78.22,78.36,79.56,3594138,2859.59,15507,1581740.0, 44.01,2026-04-20
ELECTHERM, EQ, 20-Apr-2026,745.35,734.3,779.0,734.3,755.0,756.85,757.88,16968,128.6,1004,6316.0, 37.22,2026-04-20
ELGIEQUIP, EQ, 20-Apr-2026,549.15,551.0,555.9,543.3,552.25,551.95,550.95,412602,2273.22,16552,234032.0, 56.72,2026-04-20
ELGIRUBCO, EQ, 20-Apr-2026,53.3,53.0,57.5,50.5,55.5,55.71,54.75,108964,59.65,969,62736.0, 57.57,2026-04-20
ELGNZ, SM, 20-Apr-2026,75.4,75.4,75.4,73.0,73.0,73.5,73.44,12000,8.81,11,8000.0, 66.67,2026-04-20
ELIN, EQ, 20-Apr-2026,119.87,119.7,120.0,115.06,115.79,115.66,116.72,136912,159.81,3361,63993.0, 46.74,2026-04-20
ELIQUID, EQ, 20-Apr-2026,1027.21,1027.31,1027.35,1027.28,1027.34,1027.34,1027.33,16898,173.6,19,16008.0, 94.73,2026-04-20
ELITECON, EQ, 20-Apr-2026,43.5,41.5,45.65,41.5,45.65,45.6,45.23,1540016,696.53,5617,1154168.0, 74.95,2026-04-20
ELLEN, EQ, 20-Apr-2026,260.43,260.9,262.9,252.5,253.5,254.5,257.64,314428,810.09,6420,149141.0, 47.43,2026-04-20
ELM250, EQ, 20-Apr-2026,16.18,16.23,16.37,16.0,16.23,16.28,16.3,52228,8.51,214,42095.0, 80.60,2026-04-20
ELPROINTL, EQ, 20-Apr-2026,30.35,100.0,106.0,86.0,102.97,102.5,104.03,33099,34.43,350,29952.0, 90.49,2026-04-20
EMAMILTD, EQ, 20-Apr-2026,452.1,454.6,455.5,442.8,443.85,445.2,447.7,519387,2325.31,26156,245611.0, 47.29,2026-04-20
EMAMIPAP, EQ, 20-Apr-2026,75.0,75.16,77.13,73.21,73.8,74.15,74.75,15382,11.5,442,7548.0, 49.07,2026-04-20
EMAMIREAL, EQ, 20-Apr-2026,68.3,69.94,69.94,66.51,66.7,67.03,68.06,15154,10.31,283,9875.0, 65.16,2026-04-20
EMBASSY, RR, 20-Apr-2026,439.81,439.81,441.01,428.45,429.4,429.91,430.48,622669,2680.44,36502,530497.0, 85.20,2026-04-20
EMBDL, BE, 20-Apr-2026,50.21,47.7,48.5,47.7,47.7,47.7,47.72,2359185,1125.77,2671,, -,2026-04-20
EMCURE, EQ, 20-Apr-2026,1672.1,1670.0,1675.0,1618.0,1628.0,1632.6,1646.61,172750,2844.53,18657,81142.0, 46.97,2026-04-20
EMIL, EQ, 20-Apr-2026,105.16,105.4,108.0,102.63,104.5,105.26,105.79,1061091,1122.51,12566,410419.0, 38.68,2026-04-20
EMKAY, EQ, 20-Apr-2026,241.54,243.84,243.84,231.01,232.0,231.69,236.76,33023,78.18,867,21393.0, 64.78,2026-04-20
EMKAYTOOLS, SM, 20-Apr-2026,120.0,120.0,120.0,120.0,120.0,120.0,120.0,750,0.9,5,750.0, 100.00,2026-04-20
EMMBI, EQ, 20-Apr-2026,88.23,88.5,88.5,86.42,86.51,86.79,87.04,2310,2.01,98,1667.0, 72.16,2026-04-20
EMMIL, SM, 20-Apr-2026,161.0,160.0,161.0,160.0,160.0,160.0,160.33,750,1.2,3,750.0, 100.00,2026-04-20
EMMVEE, EQ, 20-Apr-2026,265.54,268.4,273.78,259.0,260.35,261.19,266.0,3975584,10575.12,46361,1497604.0, 37.67,2026-04-20
EMPOWER, EQ, 20-Apr-2026,1.4,1.3,1.5,1.3,1.45,1.4,1.42,2129393,30.14,754,1545826.0, 72.59,2026-04-20
EMSLIMITED, EQ, 20-Apr-2026,345.65,369.85,398.95,364.0,365.5,371.1,386.42,10693349,41321.11,139711,727000.0, 6.80,2026-04-20
EMUDHRA, EQ, 20-Apr-2026,500.25,517.0,540.0,492.0,500.0,501.1,513.05,589091,3022.34,12485,168027.0, 28.52,2026-04-20
EMULTIMQ, EQ, 20-Apr-2026,42.04,42.04,42.5,41.57,42.12,41.96,41.96,46775,19.63,353,34956.0, 74.73,2026-04-20
ENCOMPAS, SM, 20-Apr-2026,270.25,266.0,274.95,262.0,262.0,262.65,268.47,30000,80.54,24,13200.0, 44.00,2026-04-20
ENDURANCE, EQ, 20-Apr-2026,2384.4,2400.0,2410.0,2336.0,2357.0,2358.1,2360.92,62339,1471.77,9106,32408.0, 51.99,2026-04-20
ENERGY, EQ, 20-Apr-2026,39.11,39.12,40.0,38.75,39.25,39.41,39.4,1838998,724.61,3937,1446816.0, 78.67,2026-04-20
ENERGYDEV, EQ, 20-Apr-2026,17.52,17.13,17.52,16.95,17.02,17.11,17.14,65554,11.23,384,48383.0, 73.81,2026-04-20
ENFUSE, SM, 20-Apr-2026,189.0,190.0,190.0,190.0,190.0,190.0,190.0,600,1.14,1,600.0, 100.00,2026-04-20
ENGINERSIN, EQ, 20-Apr-2026,241.8,241.0,249.7,236.71,241.0,242.06,244.51,8353205,20424.05,73566,2820863.0, 33.77,2026-04-20
ENIFTY, EQ, 20-Apr-2026,24.4,24.41,24.57,24.29,24.29,24.4,24.46,6670,1.63,46,5499.0, 82.44,2026-04-20
ENIL, EQ, 20-Apr-2026,114.89,115.27,122.0,114.1,120.0,119.09,117.7,22598,26.6,285,18220.0, 80.63,2026-04-20
ENRIN, EQ, 20-Apr-2026,3019.6,3040.0,3171.0,3019.6,3134.0,3138.4,3120.14,830674,25918.19,74783,378636.0, 45.58,2026-04-20
ENSER, ST, 20-Apr-2026,15.95,15.6,15.8,15.6,15.8,15.8,15.67,15000,2.35,3,15000.0, 100.00,2026-04-20
ENTERO, EQ, 20-Apr-2026,1278.1,1280.0,1280.0,1242.2,1269.7,1271.9,1257.23,126328,1588.23,10799,74153.0, 58.70,2026-04-20
ENVIRO, SM, 20-Apr-2026,115.25,115.0,115.0,110.8,110.8,110.8,112.64,4000,4.51,4,2000.0, 50.00,2026-04-20
EPACK, EQ, 20-Apr-2026,247.71,249.5,255.0,243.5,249.0,248.63,249.86,682005,1704.06,9864,250189.0, 36.68,2026-04-20
EPACKPEB, EQ, 20-Apr-2026,192.34,190.0,200.43,185.41,191.95,193.1,194.21,692827,1345.51,7650,310897.0, 44.87,2026-04-20
EPIGRAL, EQ, 20-Apr-2026,1201.05,1194.3,1196.0,1161.1,1168.0,1167.4,1172.45,56114,657.91,5329,25276.0, 45.04,2026-04-20
EPL, EQ, 20-Apr-2026,233.55,233.55,240.8,231.1,235.0,236.24,237.05,1752832,4155.03,22350,878564.0, 50.12,2026-04-20
EPWINDIA, SM, 20-Apr-2026,117.85,112.25,112.25,112.25,112.25,112.25,112.25,1200,1.35,1,1200.0, 100.00,2026-04-20
EQUAL200, EQ, 20-Apr-2026,13.35,13.4,13.43,13.26,13.35,13.36,13.4,52327,7.01,78,50431.0, 96.38,2026-04-20
EQUAL50, EQ, 20-Apr-2026,326.61,326.61,328.54,324.89,326.37,327.51,326.31,4453,14.53,25,2949.0, 66.23,2026-04-20
EQUAL50ADD, EQ, 20-Apr-2026,337.34,337.34,340.0,335.1,338.18,337.47,338.42,40575,137.31,378,33471.0, 82.49,2026-04-20
EQUIPPP, BE, 20-Apr-2026,17.2,17.8,18.0,17.1,17.8,17.1,17.62,10642,1.88,44,, -,2026-04-20
EQUITASBNK, EQ, 20-Apr-2026,65.6,65.4,65.4,63.55,64.08,63.92,64.43,993106,639.84,6533,509069.0, 51.26,2026-04-20
ERIS, EQ, 20-Apr-2026,1445.5,1445.5,1460.0,1417.3,1430.7,1432.4,1443.04,56908,821.21,12292,28045.0, 49.28,2026-04-20
ESABINDIA, EQ, 20-Apr-2026,5717.8,5717.8,5870.0,5628.0,5740.0,5791.5,5756.71,7810,449.6,1955,3903.0, 49.97,2026-04-20
ESAFSFB, EQ, 20-Apr-2026,24.03,24.09,24.09,23.7,23.8,23.89,23.84,471252,112.35,5212,281846.0, 59.81,2026-04-20
ESCONET, ST, 20-Apr-2026,138.4,132.3,139.9,132.3,134.05,134.05,135.86,3600,4.89,9,3200.0, 88.89,2026-04-20
ESCORTS, EQ, 20-Apr-2026,3295.0,3296.0,3329.0,3237.8,3300.0,3316.0,3301.3,89478,2953.94,12690,45600.0, 50.96,2026-04-20
ESENSEX, EQ, 20-Apr-2026,78.9,78.25,83.0,77.32,78.62,78.62,78.91,513,0.4,25,451.0, 87.91,2026-04-20
ESFL, ST, 20-Apr-2026,133.55,132.0,139.0,132.0,132.1,134.25,134.99,9000,12.15,25,7560.0, 84.00,2026-04-20
ESG, EQ, 20-Apr-2026,41.63,41.95,41.95,41.5,41.63,41.71,41.74,6808,2.84,92,5174.0, 76.00,2026-04-20
ESILVER, EQ, 20-Apr-2026,248.34,249.58,249.58,245.03,248.0,246.64,247.86,34662,85.91,1205,15258.0, 44.02,2026-04-20
ESPRIT, SM, 20-Apr-2026,60.8,61.0,61.0,56.0,59.5,59.5,58.86,25600,15.07,16,14400.0, 56.25,2026-04-20
ESSARSHPNG, EQ, 20-Apr-2026,27.78,28.0,28.69,27.01,27.1,27.16,27.54,260751,71.82,1280,131284.0, 50.35,2026-04-20
ESSENTIA, EQ, 20-Apr-2026,1.41,1.43,1.43,1.38,1.38,1.38,1.39,1321740,18.4,864,1136765.0, 86.01,2026-04-20
ESTER, EQ, 20-Apr-2026,92.93,92.02,94.5,90.3,90.5,91.26,92.51,45300,41.91,790,24102.0, 53.21,2026-04-20
ETERNAL, EQ, 20-Apr-2026,252.61,251.85,257.95,248.11,253.53,254.88,254.16,39283935,99843.8,280540,20439731.0, 52.03,2026-04-20
ETHOSLTD, EQ, 20-Apr-2026,2397.5,2399.0,2427.0,2320.5,2346.0,2345.2,2375.51,15159,360.1,3672,6626.0, 43.71,2026-04-20
ETML, SM, 20-Apr-2026,81.7,82.9,85.4,82.0,85.0,85.0,84.37,18000,15.19,15,14400.0, 80.00,2026-04-20
EUREKAFORB, EQ, 20-Apr-2026,481.6,484.95,505.05,471.2,500.1,502.7,491.08,188017,923.32,12303,99251.0, 52.79,2026-04-20
EUROBOND, EQ, 20-Apr-2026,175.11,177.0,180.75,173.95,174.51,175.53,177.19,4245,7.52,127,3431.0, 80.82,2026-04-20
EUROPRATIK, EQ, 20-Apr-2026,252.55,252.0,262.0,250.25,260.0,257.93,259.14,212043,549.5,3944,90018.0, 42.45,2026-04-20
EUROTEXIND, EQ, 20-Apr-2026,13.9,13.96,13.96,13.5,13.87,13.88,13.9,519,0.07,17,519.0, 100.00,2026-04-20
EVEREADY, EQ, 20-Apr-2026,301.95,301.95,311.55,296.2,304.8,304.4,306.06,89070,272.6,2323,41589.0, 46.69,2026-04-20
EVERESTIND, EQ, 20-Apr-2026,420.7,420.95,421.0,401.55,406.95,404.65,412.55,33411,137.84,628,29033.0, 86.90,2026-04-20
EVIETF, EQ, 20-Apr-2026,29.98,29.94,30.18,29.47,30.0,29.82,29.79,200476,59.72,859,141944.0, 70.80,2026-04-20
EVINDIA, EQ, 20-Apr-2026,29.79,29.94,29.98,29.42,29.71,29.81,29.75,211846,63.02,1753,130527.0, 61.61,2026-04-20
EXCELINDUS, EQ, 20-Apr-2026,969.5,971.3,972.65,949.1,951.0,953.35,956.66,2868,27.44,319,1734.0, 60.46,2026-04-20
EXCELLENT, ST, 20-Apr-2026,130.2,136.5,136.5,133.2,135.5,135.0,134.48,20800,27.97,13,19200.0, 92.31,2026-04-20
EXCELSOFT, EQ, 20-Apr-2026,91.47,91.05,93.67,90.03,91.5,91.75,92.04,690336,635.38,4103,320539.0, 46.43,2026-04-20
EXICOM, EQ, 20-Apr-2026,111.36,111.35,119.0,109.41,113.41,113.14,115.21,1538471,1772.48,14044,374891.0, 24.37,2026-04-20
EXIDEIND, EQ, 20-Apr-2026,330.0,330.3,335.15,325.05,329.0,329.7,330.88,1738831,5753.36,25855,606177.0, 34.86,2026-04-20
EXIMROUTES, SM, 20-Apr-2026,146.1,146.8,146.8,136.05,136.05,137.15,139.75,86400,120.74,20,78400.0, 90.74,2026-04-20
EXPLEOSOL, EQ, 20-Apr-2026,833.2,834.0,846.0,821.05,831.45,828.35,834.33,21026,175.43,1758,12885.0, 61.28,2026-04-20
EXXARO, EQ, 20-Apr-2026,7.09,7.23,7.24,6.85,7.03,7.03,7.02,278473,19.56,488,245907.0, 88.31,2026-04-20
FABTECH, EQ, 20-Apr-2026,158.21,160.16,161.97,154.41,156.2,157.45,157.58,124666,196.45,1986,55525.0, 44.54,2026-04-20
FACT, EQ, 20-Apr-2026,902.75,909.9,914.85,885.55,892.0,891.05,900.11,363548,3272.34,14268,83570.0, 22.99,2026-04-20
FAIRCHEMOR, EQ, 20-Apr-2026,566.2,568.0,570.0,555.0,555.4,559.75,562.42,3397,19.11,566,1485.0, 43.72,2026-04-20
FALCONTECH, SM, 20-Apr-2026,13.75,12.85,14.2,12.85,14.15,14.15,13.83,26400,3.65,19,15600.0, 59.09,2026-04-20
FAZE3Q, BE, 20-Apr-2026,481.15,481.15,481.15,466.0,469.1,471.85,473.1,8835,41.8,229,, -,2026-04-20
FCL, EQ, 20-Apr-2026,23.21,23.21,23.41,22.82,22.92,22.98,23.06,5259816,1212.89,6555,3008604.0, 57.20,2026-04-20
FCONSUMER, BZ, 20-Apr-2026,0.32,0.32,0.33,0.31,0.33,0.33,0.32,4748738,15.22,948,, -,2026-04-20
FCSSOFT, BE, 20-Apr-2026,1.79,1.79,1.8,1.71,1.75,1.72,1.74,1102099,19.14,1414,, -,2026-04-20
FDC, EQ, 20-Apr-2026,358.45,360.2,363.0,353.05,361.25,359.95,359.49,66527,239.16,4850,40187.0, 60.41,2026-04-20
FEDDERSHOL, EQ, 20-Apr-2026,37.3,37.0,38.4,35.5,36.2,36.25,36.93,14094,5.2,241,12373.0, 87.79,2026-04-20
FEDERALBNK, EQ, 20-Apr-2026,293.75,293.5,298.0,292.3,294.55,294.35,295.68,11292785,33390.57,142451,6096140.0, 53.98,2026-04-20
FEDFINA, EQ, 20-Apr-2026,146.79,148.26,151.98,146.14,148.28,148.66,149.66,986806,1476.88,9628,515754.0, 52.26,2026-04-20
FEL, BZ, 20-Apr-2026,0.47,0.48,0.48,0.48,0.48,0.48,0.48,44832,0.22,32,, -,2026-04-20
FELDVR, BZ, 20-Apr-2026,2.79,2.79,2.79,2.7,2.73,2.73,2.75,12768,0.35,30,, -,2026-04-20
FELIX, SM, 20-Apr-2026,191.2,192.0,197.95,191.2,192.0,193.75,195.28,49000,95.69,70,36500.0, 74.49,2026-04-20
FERMENTA, EQ, 20-Apr-2026,312.55,310.05,319.95,310.0,318.9,318.4,314.36,1894,5.95,73,1632.0, 86.17,2026-04-20
FIBERWEB, BE, 20-Apr-2026,39.44,40.0,40.0,37.89,38.55,38.68,38.49,6282,2.42,65,, -,2026-04-20
FIDEL, SM, 20-Apr-2026,142.0,148.5,148.5,148.5,148.5,148.5,148.5,1000,1.49,1,1000.0, 100.00,2026-04-20
FIEMIND, EQ, 20-Apr-2026,2259.1,2269.0,2269.6,2212.3,2254.9,2250.5,2249.14,38650,869.29,5189,16895.0, 43.71,2026-04-20
FILATEX, EQ, 20-Apr-2026,44.96,45.0,45.2,44.2,44.2,44.25,44.44,302443,134.4,1725,172213.0, 56.94,2026-04-20
FILATFASH, BE, 20-Apr-2026,0.25,0.26,0.26,0.25,0.26,0.26,0.26,16938378,44.03,1509,, -,2026-04-20
FINBUD, SM, 20-Apr-2026,125.55,131.45,131.8,124.0,127.7,127.05,130.11,99000,128.81,87,79000.0, 79.80,2026-04-20
FINCABLES, EQ, 20-Apr-2026,940.55,941.0,956.85,922.35,941.15,946.55,945.61,391887,3705.73,18549,157129.0, 40.10,2026-04-20
FINEORG, EQ, 20-Apr-2026,4907.5,4908.0,5019.0,4820.0,5005.0,4995.2,4927.6,16706,823.21,4477,7040.0, 42.14,2026-04-20
FINIETF, EQ, 20-Apr-2026,32.06,32.24,32.25,31.75,31.88,32.01,32.09,896092,287.57,1968,667455.0, 74.49,2026-04-20
FINKURVE, EQ, 20-Apr-2026,73.29,73.84,75.0,68.29,69.8,69.15,70.59,106013,74.84,2318,56055.0, 52.88,2026-04-20
FINOPB, EQ, 20-Apr-2026,142.25,143.0,143.11,136.9,137.19,137.67,138.74,395130,548.18,5739,183268.0, 46.38,2026-04-20
FINPIPE, EQ, 20-Apr-2026,174.59,177.5,178.0,171.51,173.02,173.82,173.76,657293,1142.09,10104,383208.0, 58.30,2026-04-20
FIRSTCRY, EQ, 20-Apr-2026,251.86,253.05,261.1,247.51,252.2,253.19,252.73,3489324,8818.65,39900,1003333.0, 28.75,2026-04-20
FISCHER, EQ, 20-Apr-2026,40.87,40.9,42.16,40.25,41.05,40.98,41.32,3480253,1438.2,3547,2206753.0, 63.41,2026-04-20
FIVESTAR, EQ, 20-Apr-2026,471.85,471.6,478.85,464.05,468.0,470.45,470.6,994795,4681.49,23627,526545.0, 52.93,2026-04-20
FLAIR, EQ, 20-Apr-2026,334.0,338.0,338.0,327.2,330.75,331.85,331.13,80277,265.82,1582,39304.0, 48.96,2026-04-20
FLEXIADD, EQ, 20-Apr-2026,9.95,10.0,10.0,9.86,9.92,9.91,9.92,114736,11.39,372,77784.0, 67.79,2026-04-20
FLEXITUFF, EQ, 20-Apr-2026,6.76,6.75,6.9,6.27,6.3,6.4,6.47,50228,3.25,226,39705.0, 79.05,2026-04-20
FLFL, BZ, 20-Apr-2026,1.48,1.48,1.55,1.42,1.55,1.55,1.54,92993,1.43,90,, -,2026-04-20
FLUOROCHEM, EQ, 20-Apr-2026,3354.8,3354.8,3374.7,3251.0,3257.0,3271.8,3297.12,40556,1337.18,7643,19413.0, 47.87,2026-04-20
FLYSBS, SM, 20-Apr-2026,481.25,485.2,495.0,462.0,462.0,468.65,481.05,31400,151.05,98,17600.0, 56.05,2026-04-20
FMCGIETF, EQ, 20-Apr-2026,53.21,53.95,53.95,52.88,53.24,53.15,53.16,1935723,1029.04,4018,1219842.0, 63.02,2026-04-20
FMGOETZE, EQ, 20-Apr-2026,443.75,440.8,454.45,439.05,442.0,444.3,446.53,28877,128.94,1183,16992.0, 58.84,2026-04-20
FMNL, EQ, 20-Apr-2026,9.06,9.06,9.39,8.42,9.03,9.02,8.99,26018,2.34,303,21006.0, 80.74,2026-04-20
FOCE, SM, 20-Apr-2026,549.0,549.0,549.05,549.0,549.05,549.05,549.03,480,2.64,2,480.0, 100.00,2026-04-20
FOCUS, EQ, 20-Apr-2026,79.27,79.35,80.5,76.66,79.52,79.51,78.77,127811,100.67,863,67410.0, 52.74,2026-04-20
FONEBOX, SM, 20-Apr-2026,65.0,65.0,65.0,65.0,65.0,65.0,65.0,2000,1.3,2,2000.0, 100.00,2026-04-20
FOODSIN, EQ, 20-Apr-2026,61.42,60.87,61.56,60.1,61.4,61.05,60.91,53198,32.4,577,21961.0, 41.28,2026-04-20
FORCAS, SM, 20-Apr-2026,102.9,101.0,104.95,101.0,104.95,104.95,102.72,14400,14.79,9,14400.0, 100.00,2026-04-20
FORCEMOT, EQ, 20-Apr-2026,22378.0,22470.0,22495.0,21895.0,21930.0,21925.0,22086.26,84165,18588.9,22490,23724.0, 28.19,2026-04-20
FORGEAUTO, SM, 20-Apr-2026,90.05,93.5,93.5,90.0,90.0,90.0,90.08,52800,47.56,13,51600.0, 97.73,2026-04-20
FORTIS, EQ, 20-Apr-2026,890.2,894.0,898.8,882.6,890.5,890.9,890.88,1276682,11373.76,33220,768651.0, 60.21,2026-04-20
FOSECOIND, EQ, 20-Apr-2026,4691.3,4697.1,4729.9,4605.0,4628.0,4636.8,4657.53,3780,176.05,587,1742.0, 46.08,2026-04-20
FRACTAL, EQ, 20-Apr-2026,878.7,882.95,882.95,835.05,835.35,841.6,852.66,358725,3058.72,20346,168111.0, 46.86,2026-04-20
FRESHARA, ST, 20-Apr-2026,214.45,220.0,224.7,210.0,224.7,219.9,216.77,45000,97.55,61,42600.0, 94.67,2026-04-20
FROG, SM, 20-Apr-2026,164.65,165.0,167.15,162.65,163.5,163.5,165.16,11200,18.5,22,10000.0, 89.29,2026-04-20
FRONTSP, EQ, 20-Apr-2026,1542.9,1542.85,1549.85,1460.0,1529.0,1513.35,1494.34,9427,140.87,742,6184.0, 65.60,2026-04-20
FSL, EQ, 20-Apr-2026,239.28,239.44,240.38,231.45,231.45,233.04,234.54,2066646,4847.1,26555,683997.0, 33.10,2026-04-20
FUSION, EQ, 20-Apr-2026,171.38,171.38,173.0,166.41,168.6,170.37,170.4,264339,450.43,7633,126890.0, 48.00,2026-04-20
FWSTC, SM, 20-Apr-2026,185.0,186.0,186.0,185.0,185.0,185.0,185.5,1200,2.23,2,1200.0, 100.00,2026-04-20
GABRIEL, EQ, 20-Apr-2026,1014.35,1016.0,1048.7,1004.5,1013.15,1017.85,1022.14,356016,3638.98,23094,148830.0, 41.80,2026-04-20
GAEL, EQ, 20-Apr-2026,148.22,148.1,149.2,145.5,146.36,146.73,146.85,744830,1093.77,14049,330553.0, 44.38,2026-04-20
GAIL, EQ, 20-Apr-2026,157.82,157.92,158.9,156.02,157.6,157.7,157.79,5864225,9253.14,59039,3009291.0, 51.32,2026-04-20
GAJANAND, SM, 20-Apr-2026,8.85,8.9,8.9,8.9,8.9,8.9,8.9,3000,0.27,1,3000.0, 100.00,2026-04-20
GALAPREC, EQ, 20-Apr-2026,788.4,794.0,795.95,764.0,764.0,769.95,778.61,10582,82.39,1083,4427.0, 41.84,2026-04-20
GALAXYSURF, EQ, 20-Apr-2026,1788.0,1801.9,1806.4,1763.0,1805.0,1799.6,1792.54,13751,246.49,2644,9360.0, 68.07,2026-04-20
GALLANTT, EQ, 20-Apr-2026,853.45,862.1,900.0,847.15,870.4,869.05,873.58,7011883,61254.64,163270,597958.0, 8.53,2026-04-20
GANDHAR, EQ, 20-Apr-2026,147.55,147.55,148.05,142.5,143.0,143.01,144.2,175550,253.15,2465,100491.0, 57.24,2026-04-20
GANDHITUBE, EQ, 20-Apr-2026,875.55,888.0,888.0,865.0,865.0,868.5,873.92,4152,36.29,359,2743.0, 66.06,2026-04-20
GANECOS, EQ, 20-Apr-2026,1053.65,1051.0,1062.55,1021.5,1035.0,1035.15,1047.83,173433,1817.28,7389,59853.0, 34.51,2026-04-20
GANESHBE, EQ, 20-Apr-2026,98.96,98.65,100.0,93.25,94.75,94.65,96.39,273889,264.0,2748,147088.0, 53.70,2026-04-20
GANESHCP, EQ, 20-Apr-2026,195.82,197.39,197.39,190.2,191.0,191.15,192.07,74645,143.37,1941,45457.0, 60.90,2026-04-20
GANESHHOU, EQ, 20-Apr-2026,640.4,640.0,643.9,624.8,635.9,635.55,635.91,41767,265.6,2966,18558.0, 44.43,2026-04-20
GANESHIN, SM, 20-Apr-2026,100.8,104.0,104.5,98.0,103.0,102.25,101.33,218400,221.3,193,163200.0, 74.73,2026-04-20
GANGABATH, ST, 20-Apr-2026,23.8,23.9,24.45,23.9,24.0,24.0,24.12,9000,2.17,3,9000.0, 100.00,2026-04-20
GANGAFORGE, EQ, 20-Apr-2026,3.0,2.99,3.1,2.65,2.94,2.89,2.92,264115,7.72,491,198108.0, 75.01,2026-04-20
GANGESSECU, EQ, 20-Apr-2026,125.79,122.61,132.99,122.6,125.0,125.49,128.05,1131,1.45,66,822.0, 72.68,2026-04-20
GARFIBRES, EQ, 20-Apr-2026,646.35,648.0,659.9,635.1,659.9,652.7,648.47,67295,436.39,5584,28519.0, 42.38,2026-04-20
GARUDA, EQ, 20-Apr-2026,177.77,177.99,183.1,174.2,175.37,175.64,179.14,707894,1268.13,9683,257350.0, 36.35,2026-04-20
GATECH, EQ, 20-Apr-2026,0.48,0.48,0.49,0.47,0.48,0.48,0.48,3666887,17.69,1118,2185255.0, 59.59,2026-04-20
GATECHDVR, EQ, 20-Apr-2026,0.48,0.48,0.49,0.47,0.48,0.47,0.48,424793,2.04,212,355925.0, 83.79,2026-04-20
GATEWAY, EQ, 20-Apr-2026,59.31,59.22,59.42,58.05,58.2,58.25,58.86,561449,330.47,4564,342323.0, 60.97,2026-04-20
GAUDIUMIVF, EQ, 20-Apr-2026,96.91,97.4,98.88,92.9,96.15,95.94,95.82,895480,858.07,5686,367521.0, 41.04,2026-04-20
GAYAHWS, EQ, 20-Apr-2026,2.56,2.67,2.68,2.62,2.68,2.68,2.68,256087,6.86,259,241084.0, 94.14,2026-04-20
GAYAPROJ, BE, 20-Apr-2026,19.88,20.7,20.7,18.9,20.0,19.92,19.91,1503552,299.3,1126,, -,2026-04-20
GCHOTELS, SM, 20-Apr-2026,98.1,95.0,97.85,94.2,97.2,97.2,96.71,17400,16.83,17,13200.0, 75.86,2026-04-20
GCSL, EQ, 20-Apr-2026,329.2,335.0,362.1,330.0,355.0,352.65,352.35,17388,61.27,624,9702.0, 55.80,2026-04-20
GEECEE, EQ, 20-Apr-2026,303.63,306.59,311.65,300.02,305.0,305.32,305.45,2419,7.39,192,1434.0, 59.28,2026-04-20
GEEKAYWIRE, EQ, 20-Apr-2026,26.48,26.4,29.8,26.0,28.6,28.73,28.47,251663,71.65,1540,170267.0, 67.66,2026-04-20
GEMAROMA, BE, 20-Apr-2026,177.18,178.11,182.6,171.4,174.0,173.74,177.18,36383,64.46,426,, -,2026-04-20
GENCON, EQ, 20-Apr-2026,44.32,44.54,44.54,43.51,43.73,43.81,43.99,10917,4.8,218,4264.0, 39.06,2026-04-20
GENESYS, EQ, 20-Apr-2026,263.39,263.0,266.79,256.11,256.5,258.79,261.78,240353,629.2,5150,93469.0, 38.89,2026-04-20
GENSOL, BZ, 20-Apr-2026,25.64,24.36,24.36,24.36,24.36,24.36,24.36,7128,1.74,67,, -,2026-04-20
GENUSPAPER, EQ, 20-Apr-2026,14.43,14.85,14.85,13.8,14.3,14.3,14.37,63613,9.14,404,50922.0, 80.05,2026-04-20
GENUSPOWER, EQ, 20-Apr-2026,293.17,291.02,293.53,285.01,286.5,286.26,288.16,474446,1367.15,16154,208847.0, 44.02,2026-04-20
GEOJITFSL, EQ, 20-Apr-2026,67.68,67.68,69.64,66.01,67.66,67.86,68.04,778802,529.87,5460,414509.0, 53.22,2026-04-20
GESHIP, EQ, 20-Apr-2026,1424.3,1440.0,1469.9,1415.5,1427.0,1423.6,1430.9,541002,7741.17,34885,261190.0, 48.28,2026-04-20
GFLLIMITED, EQ, 20-Apr-2026,45.87,45.98,48.0,44.96,47.9,47.03,46.49,39290,18.26,697,22964.0, 58.45,2026-04-20
GFSTEELS, BE, 20-Apr-2026,12.36,12.36,12.36,12.36,12.36,12.36,12.36,3750,0.46,11,, -,2026-04-20
GGBL, SM, 20-Apr-2026,342.15,337.1,342.0,321.0,323.0,323.75,329.67,62400,205.72,184,42000.0, 67.31,2026-04-20
GHCL, EQ, 20-Apr-2026,513.85,517.5,517.5,496.1,498.55,499.95,503.96,157388,793.18,4257,94336.0, 59.94,2026-04-20
GHCLTEXTIL, EQ, 20-Apr-2026,88.98,88.09,92.1,86.5,90.27,90.64,90.88,555663,505.01,5322,322593.0, 58.06,2026-04-20
GICHSGFIN, EQ, 20-Apr-2026,153.4,153.4,154.4,152.0,153.0,153.55,153.43,91955,141.09,1931,45809.0, 49.82,2026-04-20
GICL, EQ, 20-Apr-2026,40.47,40.53,41.39,38.76,40.68,40.49,40.31,1105631,445.66,1372,589399.0, 53.31,2026-04-20
GICRE, EQ, 20-Apr-2026,400.4,404.0,407.0,395.0,396.0,395.9,399.09,624335,2491.68,20174,271098.0, 43.42,2026-04-20
GILLANDERS, EQ, 20-Apr-2026,92.97,92.0,92.01,90.1,92.0,92.0,91.99,622,0.57,12,613.0, 98.55,2026-04-20
GILLETTE, EQ, 20-Apr-2026,7939.5,8011.0,8019.5,7836.0,7840.0,7859.5,7882.16,14132,1113.91,5038,7228.0, 51.15,2026-04-20
GILT10BETA, EQ, 20-Apr-2026,26.31,26.45,26.45,25.68,25.91,25.86,25.98,276,0.07,44,160.0, 57.97,2026-04-20
GILT5BETA, EQ, 20-Apr-2026,65.27,64.96,65.59,64.96,65.59,65.32,65.29,942,0.62,15,833.0, 88.43,2026-04-20
GILT5YBEES, EQ, 20-Apr-2026,64.59,64.58,64.7,64.31,64.54,64.57,64.57,365450,235.98,792,242990.0, 66.49,2026-04-20
GINNIFILA, EQ, 20-Apr-2026,42.31,43.8,43.8,41.35,41.75,41.57,42.13,22812,9.61,311,15376.0, 67.40,2026-04-20
GIPCL, EQ, 20-Apr-2026,154.44,154.44,159.96,151.71,153.2,154.79,156.84,939346,1473.23,14895,359429.0, 38.26,2026-04-20
GIRIRAJ, ST, 20-Apr-2026,174.85,174.0,183.5,174.0,183.4,177.7,177.68,3750,6.66,6,3750.0, 100.00,2026-04-20
GJL, ST, 20-Apr-2026,151.45,158.7,159.0,158.7,159.0,159.0,158.98,27200,43.24,17,27200.0, 100.00,2026-04-20
GKENERGY, EQ, 20-Apr-2026,124.78,126.0,137.25,124.12,130.0,130.89,133.57,2206311,2946.95,14179,752552.0, 34.11,2026-04-20
GKSL, EQ, 20-Apr-2026,112.28,112.0,114.7,111.26,111.29,112.6,112.77,335224,378.04,1532,260776.0, 77.79,2026-04-20
GKWLIMITED, EQ, 20-Apr-2026,1559.5,1559.9,1588.5,1535.0,1535.0,1535.6,1560.25,911,14.21,57,492.0, 54.01,2026-04-20
GLAND, EQ, 20-Apr-2026,1797.4,1796.0,1811.9,1763.0,1786.1,1794.6,1789.73,96610,1729.06,8708,66319.0, 68.65,2026-04-20
GLAXO, EQ, 20-Apr-2026,2453.9,2465.0,2466.1,2410.9,2425.0,2429.9,2431.32,35944,873.91,8124,17692.0, 49.22,2026-04-20
GLENMARK, EQ, 20-Apr-2026,2249.5,2249.5,2250.5,2210.5,2231.4,2230.7,2233.36,407547,9101.98,33420,235189.0, 57.71,2026-04-20
GLFL, EQ, 20-Apr-2026,5.46,5.73,5.73,5.73,5.73,5.73,5.73,5964,0.34,8,5964.0, 100.00,2026-04-20
GLOBAL, EQ, 20-Apr-2026,101.53,101.99,101.99,98.41,98.5,98.86,99.55,81262,80.9,862,57662.0, 70.96,2026-04-20
GLOBALE, EQ, 20-Apr-2026,13.11,13.98,13.98,12.02,13.18,12.72,12.85,21893,2.81,138,13650.0, 62.35,2026-04-20
GLOBALVECT, EQ, 20-Apr-2026,203.93,204.0,204.0,195.0,198.0,197.53,199.58,9746,19.45,501,6913.0, 70.93,2026-04-20
GLOBE, EQ, 20-Apr-2026,2.55,2.52,2.57,2.43,2.5,2.5,2.49,249143,6.21,282,151731.0, 60.90,2026-04-20
GLOBECIVIL, EQ, 20-Apr-2026,49.27,49.79,49.79,47.0,47.4,47.64,48.31,52008,25.12,882,28568.0, 54.93,2026-04-20
GLOBUSSPR, EQ, 20-Apr-2026,1014.3,1009.0,1035.3,987.55,990.9,1002.35,1009.39,177540,1792.06,8942,55596.0, 31.31,2026-04-20
GLOSTERLTD, EQ, 20-Apr-2026,579.95,594.0,594.0,560.0,576.0,578.65,577.73,2113,12.21,60,1384.0, 65.50,2026-04-20
GLOTTIS, EQ, 20-Apr-2026,57.78,56.6,58.0,56.0,56.8,56.12,56.57,100045,56.59,1046,63110.0, 63.08,2026-04-20
GMBREW, EQ, 20-Apr-2026,986.95,991.85,992.6,971.0,976.35,974.45,978.65,101580,994.12,3507,37278.0, 36.70,2026-04-20
GMDCLTD, EQ, 20-Apr-2026,736.9,728.95,732.7,689.0,690.0,691.25,699.79,11199942,78375.86,176585,2668981.0, 23.83,2026-04-20
GML, SM, 20-Apr-2026,19.0,19.1,19.5,19.1,19.5,19.5,19.3,4000,0.77,2,4000.0, 100.00,2026-04-20
GMMPFAUDLR, EQ, 20-Apr-2026,929.9,921.0,936.25,901.1,914.0,910.7,912.69,46404,423.53,3855,18433.0, 39.72,2026-04-20
GMRAIRPORT, EQ, 20-Apr-2026,96.85,97.31,98.75,95.81,97.0,97.45,97.61,10712271,10456.04,48457,5255300.0, 49.06,2026-04-20
GMRP&UI, EQ, 20-Apr-2026,109.98,110.09,110.26,107.0,107.01,107.3,108.13,734494,794.19,6739,365055.0, 49.70,2026-04-20
GNA, EQ, 20-Apr-2026,435.9,437.3,454.9,430.15,446.0,448.5,448.53,179225,803.88,5317,96820.0, 54.02,2026-04-20
GNFC, EQ, 20-Apr-2026,489.7,492.0,492.9,478.05,480.0,481.25,484.7,403018,1953.43,13993,174362.0, 43.26,2026-04-20
GNRL, EQ, 20-Apr-2026,99.9,101.5,101.5,97.2,99.5,99.5,99.42,7535,7.49,70,7072.0, 93.86,2026-04-20
GOACARBON, EQ, 20-Apr-2026,370.05,376.0,397.0,364.55,371.0,369.55,381.65,80710,308.03,3151,26038.0, 32.26,2026-04-20
GOCLCORP, EQ, 20-Apr-2026,324.1,329.9,343.0,320.9,338.4,337.55,334.01,250606,837.04,6548,102269.0, 40.81,2026-04-20
GOCOLORS, EQ, 20-Apr-2026,289.55,294.0,304.18,286.5,288.8,291.02,293.47,644428,1891.19,11921,326896.0, 50.73,2026-04-20
GODAVARIB, EQ, 20-Apr-2026,322.05,324.0,324.45,306.6,314.7,313.75,312.37,347485,1085.43,5678,200922.0, 57.82,2026-04-20
GODFRYPHLP, EQ, 20-Apr-2026,2207.7,2210.0,2214.5,2125.4,2141.0,2137.8,2163.28,947880,20505.31,48886,349016.0, 36.82,2026-04-20
GODIGIT, EQ, 20-Apr-2026,319.25,319.55,322.55,317.3,321.85,321.25,320.81,97092,311.48,3293,53563.0, 55.17,2026-04-20
GODREJAGRO, EQ, 20-Apr-2026,615.75,619.75,621.3,603.6,607.5,609.7,610.41,75445,460.53,8101,40574.0, 53.78,2026-04-20
GODREJCP, EQ, 20-Apr-2026,1109.4,1115.0,1120.0,1100.15,1105.0,1104.8,1109.67,1098054,12184.81,52454,625566.0, 56.97,2026-04-20
GODREJIND, EQ, 20-Apr-2026,927.5,934.95,934.95,915.05,919.1,919.55,923.34,42559,392.96,4390,17257.0, 40.55,2026-04-20
GODREJPROP, EQ, 20-Apr-2026,1758.8,1764.9,1774.7,1731.6,1755.0,1759.7,1756.48,768843,13504.61,38609,311977.0, 40.58,2026-04-20
GOKEX, EQ, 20-Apr-2026,726.55,727.0,732.0,711.55,718.2,720.8,722.39,324935,2347.29,14421,129318.0, 39.80,2026-04-20
GOKUL, EQ, 20-Apr-2026,39.96,40.48,42.4,39.15,40.95,41.25,40.88,76959,31.46,471,48235.0, 62.68,2026-04-20
GOKULAGRO, EQ, 20-Apr-2026,205.84,205.0,208.37,202.67,206.76,206.05,206.06,266070,548.27,6227,108731.0, 40.87,2026-04-20
GOLD1, EQ, 20-Apr-2026,126.05,126.05,126.2,124.6,125.95,125.91,125.88,7869029,9905.21,12112,7003556.0, 89.00,2026-04-20
GOLD360, EQ, 20-Apr-2026,148.2,151.9,151.9,146.05,147.65,147.35,147.21,22729,33.46,579,14419.0, 63.44,2026-04-20
GOLDADD, EQ, 20-Apr-2026,146.56,146.75,146.95,145.96,146.85,146.72,146.46,370076,542.02,2087,186412.0, 50.37,2026-04-20
GOLDBEES, EQ, 20-Apr-2026,124.8,125.18,125.25,124.31,125.0,125.0,124.72,32823752,40936.88,139989,18325743.0, 55.83,2026-04-20
GOLDBETA, EQ, 20-Apr-2026,127.0,127.35,127.4,126.45,127.3,127.25,127.11,1083498,1377.24,3830,705611.0, 65.12,2026-04-20
GOLDBND, EQ, 20-Apr-2026,150.78,151.28,151.28,149.55,150.73,150.99,150.87,46200,69.7,266,37868.0, 81.97,2026-04-20
GOLDCASE, EQ, 20-Apr-2026,23.74,23.75,23.91,23.64,23.8,23.79,23.74,9450105,2243.46,14820,3791073.0, 40.12,2026-04-20
GOLDENTOBC, BZ, 20-Apr-2026,28.43,29.0,29.85,27.05,27.61,27.6,28.19,12398,3.5,102,, -,2026-04-20
GOLDETF, EQ, 20-Apr-2026,146.79,143.12,148.0,143.12,146.8,146.87,146.7,1749393,2566.34,5742,1331152.0, 76.09,2026-04-20
GOLDIAM, EQ, 20-Apr-2026,406.1,399.75,414.1,391.0,405.65,407.25,401.52,829606,3331.05,13687,327595.0, 39.49,2026-04-20
GOLDIETF, EQ, 20-Apr-2026,129.25,129.5,129.95,128.67,129.48,129.46,129.24,6276643,8112.0,42845,3051436.0, 48.62,2026-04-20
GOLDKART, SM, 20-Apr-2026,222.0,215.0,215.25,214.75,214.75,214.75,214.94,3750,8.06,6,0.0, 0.00,2026-04-20
GOLDSTAR, ST, 20-Apr-2026,7.1,7.15,7.15,7.0,7.0,7.0,7.08,22500,1.59,2,11250.0, 50.00,2026-04-20
GOLDTECH, EQ, 20-Apr-2026,41.23,41.23,43.8,39.4,40.2,40.49,41.13,24728,10.17,349,14943.0, 60.43,2026-04-20
GOODLUCK, EQ, 20-Apr-2026,1229.05,1229.05,1250.1,1222.2,1228.0,1227.05,1233.14,85792,1057.93,4062,54262.0, 63.25,2026-04-20
GOODYEAR, EQ, 20-Apr-2026,1273.7,800.0,800.0,748.95,798.0,797.45,795.95,3417,27.2,393,2358.0, 69.01,2026-04-20
GOPAL, EQ, 20-Apr-2026,283.65,284.05,288.0,276.6,278.5,278.0,278.67,63657,177.39,1977,22121.0, 34.75,2026-04-20
GOYALALUM, EQ, 20-Apr-2026,7.24,7.27,7.39,6.81,7.08,7.08,7.06,138846,9.8,785,108642.0, 78.25,2026-04-20
GOYALSALT, SM, 20-Apr-2026,125.7,125.35,125.7,125.35,125.7,125.7,125.58,1800,2.26,3,1800.0, 100.00,2026-04-20
GPECO, SM, 20-Apr-2026,390.3,385.0,392.0,377.0,377.5,380.65,385.02,12200,46.97,45,7800.0, 63.93,2026-04-20
GPIL, EQ, 20-Apr-2026,305.55,307.25,308.4,298.0,299.8,300.05,301.56,1872831,5647.78,23363,874293.0, 46.68,2026-04-20
GPPL, EQ, 20-Apr-2026,160.92,161.66,161.66,157.18,157.5,157.8,158.68,1016798,1613.42,15678,524808.0, 51.61,2026-04-20
GPTHEALTH, EQ, 20-Apr-2026,137.43,138.47,138.94,135.0,138.0,136.84,136.32,54332,74.07,1867,26993.0, 49.68,2026-04-20
GPTINFRA, EQ, 20-Apr-2026,116.13,118.0,118.0,113.14,113.5,114.24,114.9,87542,100.58,1161,42954.0, 49.07,2026-04-20
GRANDOAK, EQ, 20-Apr-2026,31.65,34.75,34.8,28.6,28.9,28.9,30.18,3796,1.15,29,3416.0, 89.99,2026-04-20
GRANULES, EQ, 20-Apr-2026,655.7,657.0,685.0,650.0,662.45,664.45,669.64,4518922,30260.58,73339,1877235.0, 41.54,2026-04-20
GRAPHITE, EQ, 20-Apr-2026,679.2,680.0,760.0,674.25,712.0,711.75,728.46,11526034,83963.12,192143,1663419.0, 14.43,2026-04-20
GRASIM, EQ, 20-Apr-2026,2720.5,2730.5,2771.9,2697.3,2752.0,2760.1,2738.63,702964,19251.56,38565,348713.0, 49.61,2026-04-20
GRAUWEIL, EQ, 20-Apr-2026,115.6,68.5,69.5,65.0,68.0,68.16,67.63,114971,77.76,1097,87102.0, 75.76,2026-04-20
GRAVISSHO, EQ, 20-Apr-2026,31.45,34.95,34.95,25.2,28.05,28.05,26.04,3366847,876.81,723,3009876.0, 89.40,2026-04-20
GRAVITA, EQ, 20-Apr-2026,1640.8,1647.7,1709.9,1635.0,1652.6,1648.4,1674.32,428846,7180.27,35585,170114.0, 39.67,2026-04-20
GRCL, SM, 20-Apr-2026,372.0,372.0,372.0,372.0,372.0,372.0,372.0,250,0.93,1,250.0, 100.00,2026-04-20
GREAVESCOT, EQ, 20-Apr-2026,161.36,161.9,162.1,157.0,157.0,157.88,159.22,741081,1179.95,8623,306007.0, 41.29,2026-04-20
GREENCHEF, SM, 20-Apr-2026,49.4,51.5,51.5,51.5,51.5,51.5,51.5,800,0.41,1,800.0, 100.00,2026-04-20
GREENLAM, EQ, 20-Apr-2026,223.8,224.99,227.0,220.39,226.0,225.23,224.01,20147,45.13,1187,10392.0, 51.58,2026-04-20
GREENLEAF, SM, 20-Apr-2026,76.25,76.25,76.25,72.45,72.45,72.45,72.63,24000,17.43,20,24000.0, 100.00,2026-04-20
GREENPANEL, EQ, 20-Apr-2026,214.58,216.3,217.89,210.03,211.31,212.22,214.42,113522,243.41,2571,58095.0, 51.18,2026-04-20
GREENPLY, EQ, 20-Apr-2026,234.48,232.0,235.0,229.07,233.0,232.24,232.74,136998,318.85,2098,95609.0, 69.79,2026-04-20
GREENPOWER, EQ, 20-Apr-2026,11.03,11.2,11.21,10.12,10.85,10.67,10.87,7923163,861.19,8694,3154648.0, 39.82,2026-04-20
GRETEX, ST, 20-Apr-2026,300.0,298.0,298.0,298.0,298.0,298.0,298.0,7500,22.35,10,7500.0, 100.00,2026-04-20
GRINDWELL, EQ, 20-Apr-2026,1575.9,1575.9,1631.0,1566.0,1627.0,1627.1,1617.42,53441,864.37,5469,18675.0, 34.95,2026-04-20
GRINFRA, EQ, 20-Apr-2026,903.55,895.95,898.5,875.65,890.95,890.75,889.54,125556,1116.88,17312,63290.0, 50.41,2026-04-20
GRMOVER, EQ, 20-Apr-2026,161.69,161.51,162.8,155.87,162.8,161.88,158.97,2367324,3763.31,10944,633798.0, 26.77,2026-04-20
GROBTEA, EQ, 20-Apr-2026,905.2,923.95,926.0,910.05,913.0,915.1,917.66,354,3.25,38,167.0, 47.18,2026-04-20
GROWW, EQ, 20-Apr-2026,198.34,201.0,205.55,193.52,197.4,196.11,199.26,80087906,159582.62,449982,20217551.0, 25.24,2026-04-20
GROWWCAPM, EQ, 20-Apr-2026,11.17,11.23,11.38,10.99,11.1,11.02,11.09,967410,107.33,1095,726515.0, 75.10,2026-04-20
GROWWCHEM, EQ, 20-Apr-2026,27.84,28.13,28.13,27.23,27.7,27.72,27.76,27419,7.61,531,16975.0, 61.91,2026-04-20
GROWWDEFNC, EQ, 20-Apr-2026,88.22,88.85,88.86,86.65,86.99,87.79,87.94,648991,570.69,5311,331309.0, 51.05,2026-04-20
GROWWEV, EQ, 20-Apr-2026,29.68,29.82,29.98,29.33,29.93,29.81,29.7,240753,71.49,2418,106787.0, 44.36,2026-04-20
GROWWGOLD, EQ, 20-Apr-2026,14.73,14.36,14.8,14.36,14.79,14.77,14.75,6207530,915.77,7573,3385591.0, 54.54,2026-04-20
GROWWHOSPI, EQ, 20-Apr-2026,47.92,48.96,48.98,47.56,48.35,47.89,47.96,273808,131.31,1663,222399.0, 81.22,2026-04-20
GROWWLIQID, EQ, 20-Apr-2026,108.7,108.99,108.99,108.71,108.72,108.71,108.72,240284,261.24,326,131026.0, 54.53,2026-04-20
GROWWLOVOL, EQ, 20-Apr-2026,10.31,10.28,10.44,10.16,10.39,10.4,10.35,16847,1.74,214,13364.0, 79.33,2026-04-20
GROWWMC150, EQ, 20-Apr-2026,220.99,225.41,226.44,218.37,223.99,221.39,221.3,2853,6.31,93,1408.0, 49.35,2026-04-20
GROWWMETAL, EQ, 20-Apr-2026,12.24,12.27,12.42,12.09,12.1,12.16,12.2,948959,115.78,3272,418868.0, 44.14,2026-04-20
GROWWMOM50, EQ, 20-Apr-2026,10.45,10.65,10.65,10.31,10.49,10.43,10.46,218189,22.83,777,135432.0, 62.07,2026-04-20
GROWWN200, EQ, 20-Apr-2026,11.22,11.22,11.31,11.06,11.22,11.26,11.27,590809,66.57,493,480589.0, 81.34,2026-04-20
GROWWNET, EQ, 20-Apr-2026,9.2,9.25,9.35,9.1,9.19,9.2,9.2,430275,39.6,665,199520.0, 46.37,2026-04-20
GROWWNIFTY, EQ, 20-Apr-2026,9.79,9.54,10.17,9.54,9.8,9.77,9.81,658615,64.61,2559,503842.0, 76.50,2026-04-20
GROWWNXT50, EQ, 20-Apr-2026,70.23,71.17,71.48,69.03,70.08,70.37,70.16,89212,62.59,262,29286.0, 32.83,2026-04-20
GROWWPOWER, EQ, 20-Apr-2026,11.74,12.03,13.2,11.65,11.89,11.9,11.93,14097963,1682.33,6410,12639827.0, 89.66,2026-04-20
GROWWPSE, EQ, 20-Apr-2026,106.48,108.48,108.99,103.53,105.0,106.13,106.72,14560,15.54,420,5472.0, 37.58,2026-04-20
GROWWPSUBK, EQ, 20-Apr-2026,88.54,88.55,90.64,87.5,88.79,89.59,89.93,32578,29.3,270,24513.0, 75.24,2026-04-20
GROWWRAIL, EQ, 20-Apr-2026,33.02,33.47,33.47,32.42,32.69,32.68,32.57,2049926,667.6,3197,1691591.0, 82.52,2026-04-20
GROWWRLTY, EQ, 20-Apr-2026,8.81,9.03,9.03,8.67,8.78,8.77,8.77,366428,32.12,748,268734.0, 73.34,2026-04-20
GROWWSC250, EQ, 20-Apr-2026,9.45,9.21,9.54,9.21,9.47,9.41,9.42,905765,85.35,867,787665.0, 86.96,2026-04-20
GROWWSLVR, EQ, 20-Apr-2026,24.38,23.77,24.61,23.77,24.31,24.33,24.37,3498282,852.68,4159,909369.0, 25.99,2026-04-20
GRPLTD, EQ, 20-Apr-2026,1971.8,1971.8,1991.8,1950.0,1957.0,1980.7,1968.13,925,18.21,158,688.0, 74.38,2026-04-20
GRSE, EQ, 20-Apr-2026,2712.0,2712.0,2742.7,2660.0,2665.0,2667.8,2692.58,1421551,38276.39,73669,412351.0, 29.01,2026-04-20
GRWRHITECH, EQ, 20-Apr-2026,3985.6,3985.6,4016.9,3863.1,3955.0,3977.5,3940.71,70124,2763.38,12600,35873.0, 51.16,2026-04-20
GSEC10ABSL, EQ, 20-Apr-2026,110.71,111.38,111.38,111.38,111.38,111.38,111.38,4,0.0,1,4.0, 100.00,2026-04-20
GSEC10IETF, EQ, 20-Apr-2026,258.48,258.48,259.4,254.83,258.0,258.54,257.94,17985,46.39,15,10268.0, 57.09,2026-04-20
GSEC10YEAR, EQ, 20-Apr-2026,29.91,29.16,29.93,29.16,29.65,29.65,29.84,170,0.05,20,169.0, 99.41,2026-04-20
GSEC5IETF, EQ, 20-Apr-2026,64.58,64.58,64.83,63.85,64.46,64.77,64.58,60721,39.21,100,31849.0, 52.45,2026-04-20
GSFC, EQ, 20-Apr-2026,174.07,173.99,174.85,171.01,171.88,171.54,172.5,574314,990.68,7398,221508.0, 38.57,2026-04-20
GSLSU, EQ, 20-Apr-2026,62.79,65.45,65.45,60.34,61.18,62.49,63.17,20323,12.84,245,12039.0, 59.24,2026-04-20
GSMFOILS, SM, 20-Apr-2026,229.8,238.0,238.0,202.15,208.5,209.05,219.88,160500,352.91,254,108000.0, 67.29,2026-04-20
GSPCROP, EQ, 20-Apr-2026,421.75,425.95,426.4,406.25,409.95,409.5,415.59,200639,833.84,4699,99330.0, 49.51,2026-04-20
GSPL, EQ, 20-Apr-2026,272.41,273.4,275.68,269.06,275.32,275.04,273.38,1189746,3252.57,19858,353791.0, 29.74,2026-04-20
GSS, BE, 20-Apr-2026,15.53,15.53,15.78,15.4,15.46,15.49,15.6,36101,5.63,124,, -,2026-04-20
GSTL, ST, 20-Apr-2026,33.05,31.55,31.55,31.55,31.55,31.55,31.55,1000,0.32,1,1000.0, 100.00,2026-04-20
GTECJAINX, EQ, 20-Apr-2026,19.47,17.51,20.4,17.51,19.9,19.64,19.69,3208,0.63,48,1261.0, 39.31,2026-04-20
GTL, BE, 20-Apr-2026,7.63,7.52,7.68,7.35,7.44,7.41,7.46,236254,17.63,494,, -,2026-04-20
GTLINFRA, EQ, 20-Apr-2026,1.26,1.27,1.27,1.22,1.24,1.23,1.24,40966194,506.8,12500,20768623.0, 50.70,2026-04-20
GTPL, EQ, 20-Apr-2026,69.49,68.4,69.49,67.64,67.89,67.74,68.49,42908,29.39,1261,19039.0, 44.37,2026-04-20
GUFICBIO, EQ, 20-Apr-2026,299.75,299.7,302.2,292.0,295.85,293.3,296.54,31459,93.29,3237,18144.0, 57.68,2026-04-20
GUJALKALI, EQ, 20-Apr-2026,722.55,712.0,745.55,704.0,736.0,734.8,727.88,811527,5906.92,16303,162587.0, 20.03,2026-04-20
GUJAPOLLO, EQ, 20-Apr-2026,439.55,445.0,445.0,425.5,431.7,427.25,431.19,10789,46.52,1237,5116.0, 47.42,2026-04-20
GUJGASLTD, EQ, 20-Apr-2026,362.8,366.15,368.5,360.6,367.2,367.5,364.56,1415785,5161.38,31661,600465.0, 42.41,2026-04-20
GUJRAFFIA, EQ, 20-Apr-2026,39.52,39.54,40.78,39.05,39.05,39.37,39.69,4250,1.69,67,3312.0, 77.93,2026-04-20
GUJTHEM, EQ, 20-Apr-2026,319.07,320.0,339.0,313.04,331.4,333.12,329.92,191036,630.27,2877,101468.0, 53.11,2026-04-20
GULFOILLUB, EQ, 20-Apr-2026,970.9,978.0,978.0,957.0,961.0,964.0,966.3,42824,413.81,3733,21753.0, 50.80,2026-04-20
GULFPETRO, EQ, 20-Apr-2026,33.75,33.78,34.4,32.21,33.74,33.75,33.5,60136,20.14,472,40446.0, 67.26,2026-04-20
GULPOLY, EQ, 20-Apr-2026,181.12,182.0,184.75,176.26,178.0,178.54,180.81,255184,461.4,3893,124369.0, 48.74,2026-04-20
GURUNANAK, SM, 20-Apr-2026,34.4,36.1,36.1,34.4,34.5,34.5,35.51,14400,5.11,8,12800.0, 88.89,2026-04-20
GVKPIL, BE, 20-Apr-2026,2.83,2.87,2.88,2.86,2.88,2.88,2.88,406253,11.69,523,, -,2026-04-20
GVPIL, BE, 20-Apr-2026,499.9,500.95,505.2,492.0,497.3,497.6,501.32,101381,508.24,1753,, -,2026-04-20
GVPTECH, EQ, 20-Apr-2026,7.35,7.66,7.66,6.71,7.37,7.33,7.34,75246,5.52,283,55279.0, 73.46,2026-04-20
GVPTECHPP, E1, 20-Apr-2026,3.25,2.75,3.46,2.75,3.2,3.2,3.1,26647,0.83,38,19028.0, 71.41,2026-04-20
GVT&D, EQ, 20-Apr-2026,4138.2,4158.8,4277.9,4156.0,4239.0,4232.3,4233.82,683717,28947.37,68581,481318.0, 70.40,2026-04-20
HAL, EQ, 20-Apr-2026,4388.1,4400.0,4401.9,4321.6,4335.8,4344.5,4363.77,898541,39210.23,53362,425776.0, 47.39,2026-04-20
HALDER, EQ, 20-Apr-2026,251.2,249.95,272.0,247.0,262.31,259.26,255.48,2025,5.17,339,1001.0, 49.43,2026-04-20
HALDYNGL, EQ, 20-Apr-2026,91.75,91.8,93.65,88.0,88.0,89.05,90.44,5126,4.64,68,4967.0, 96.90,2026-04-20
HALEOSLABS, EQ, 20-Apr-2026,1293.9,1297.9,1345.0,1281.5,1337.5,1327.8,1311.12,4325,56.71,268,3593.0, 83.08,2026-04-20
HAPPSTMNDS, EQ, 20-Apr-2026,381.9,383.0,383.95,374.5,376.0,378.45,377.59,466323,1760.8,15238,203932.0, 43.73,2026-04-20
HAPPYFORGE, EQ, 20-Apr-2026,1336.6,1359.8,1398.0,1294.1,1301.5,1310.0,1349.02,177696,2397.16,21291,66906.0, 37.65,2026-04-20
HARDWYN, EQ, 20-Apr-2026,22.42,24.0,25.39,23.75,24.64,24.9,24.71,15537454,3839.12,13740,3529118.0, 22.71,2026-04-20
HARIOMPIPE, EQ, 20-Apr-2026,315.95,316.0,323.4,305.9,310.55,312.2,315.93,242864,767.27,5542,108564.0, 44.70,2026-04-20
HARRMALAYA, EQ, 20-Apr-2026,208.2,208.4,213.9,202.05,211.0,211.55,209.46,47605,99.71,1284,31838.0, 66.88,2026-04-20
HARSHA, EQ, 20-Apr-2026,401.6,401.0,401.0,391.15,394.3,393.15,394.62,33642,132.76,1307,17502.0, 52.02,2026-04-20
HATHWAY, EQ, 20-Apr-2026,11.59,11.34,11.39,11.0,11.05,11.05,11.13,3774582,420.23,5036,1629508.0, 43.17,2026-04-20
HATSUN, EQ, 20-Apr-2026,981.3,981.3,989.7,965.0,981.95,973.8,976.89,20040,195.77,2669,12270.0, 61.23,2026-04-20
HAVELLS, EQ, 20-Apr-2026,1306.4,1312.8,1318.3,1291.1,1300.0,1302.1,1307.29,639788,8363.91,34885,355767.0, 55.61,2026-04-20
HAVISHA, BE, 20-Apr-2026,1.65,1.65,1.69,1.61,1.65,1.65,1.64,17244,0.28,60,, -,2026-04-20
HAWKINCOOK, EQ, 20-Apr-2026,37.1,7600.0,7600.0,7402.0,7597.96,7573.6,7544.12,364,27.46,181,305.0, 83.79,2026-04-20
HBESD, EQ, 20-Apr-2026,73.75,61.3,77.9,61.3,74.9,66.3,68.27,202,0.14,10,187.0, 92.57,2026-04-20
HBLENGINE, EQ, 20-Apr-2026,786.5,787.95,792.9,772.35,774.5,775.4,783.0,1058685,8289.52,28332,415609.0, 39.26,2026-04-20
HBSL, EQ, 20-Apr-2026,64.57,65.06,66.5,58.61,61.88,61.44,62.58,11433,7.15,314,7384.0, 64.58,2026-04-20
HCC, EQ, 20-Apr-2026,19.09,19.21,19.64,18.65,19.18,19.24,19.21,38742935,7442.76,31815,14946344.0, 38.58,2026-04-20
HCG, EQ, 20-Apr-2026,565.35,557.15,582.65,550.35,570.2,570.15,571.46,169223,967.05,9028,75455.0, 44.59,2026-04-20
HCL-INSYS, EQ, 20-Apr-2026,12.99,13.24,13.3,12.65,12.68,12.69,12.84,295217,37.89,1024,209774.0, 71.06,2026-04-20
HCLTECH, EQ, 20-Apr-2026,1442.3,1445.9,1451.9,1424.0,1424.4,1428.3,1434.33,2352656,33744.87,99253,1240988.0, 52.75,2026-04-20
HDBFS, EQ, 20-Apr-2026,682.0,680.35,681.6,666.0,669.9,669.95,673.46,1726465,11627.07,21149,1291665.0, 74.82,2026-04-20
HDFCAMC, EQ, 20-Apr-2026,2792.4,2791.8,2809.8,2753.4,2769.0,2768.2,2770.53,1049876,29087.18,65255,685463.0, 65.29,2026-04-20
HDFCBANK, EQ, 20-Apr-2026,799.9,797.1,809.95,790.0,795.2,795.45,796.95,52148044,415593.16,550200,27375949.0, 52.50,2026-04-20
HDFCBSE500, EQ, 20-Apr-2026,36.57,36.11,37.3,36.11,36.7,36.66,36.71,74984,27.53,261,54289.0, 72.40,2026-04-20
HDFCGOLD, EQ, 20-Apr-2026,128.82,128.47,129.5,128.2,129.0,129.12,128.93,5282404,6810.57,18890,2993510.0, 56.67,2026-04-20
HDFCGROWTH, EQ, 20-Apr-2026,116.47,116.48,116.99,115.92,116.69,116.59,116.41,12554,14.61,251,6358.0, 50.65,2026-04-20
HDFCLIFE, EQ, 20-Apr-2026,616.45,617.0,617.0,605.35,608.75,609.75,610.24,4980912,30395.62,83695,3199654.0, 64.24,2026-04-20
HDFCLIQUID, EQ, 20-Apr-2026,1056.88,1059.75,1059.75,1057.01,1057.02,1057.01,1057.03,14378,151.98,45,11482.0, 79.86,2026-04-20
HDFCLOWVOL, EQ, 20-Apr-2026,20.41,20.41,20.41,20.17,20.24,20.27,20.31,34476,7.0,159,16641.0, 48.27,2026-04-20
HDFCMID150, EQ, 20-Apr-2026,22.35,22.23,22.46,22.05,22.35,22.25,22.3,829157,184.93,2207,520762.0, 62.81,2026-04-20
HDFCMOMENT, EQ, 20-Apr-2026,31.01,31.14,31.3,30.84,31.3,31.22,31.12,186396,58.0,810,105898.0, 56.81,2026-04-20
HDFCNEXT50, EQ, 20-Apr-2026,71.78,69.98,72.14,69.98,72.09,71.81,71.87,166988,120.01,713,125399.0, 75.09,2026-04-20
HDFCNIF100, EQ, 20-Apr-2026,25.96,25.97,26.27,25.85,26.2,26.06,26.0,52203,13.57,502,32677.0, 62.60,2026-04-20
HDFCNIFBAN, EQ, 20-Apr-2026,57.93,57.88,58.48,57.69,57.82,57.9,58.1,101090,58.73,736,78908.0, 78.06,2026-04-20
HDFCNIFIT, EQ, 20-Apr-2026,33.76,33.77,34.23,33.15,33.75,33.5,33.57,82670,27.75,435,43173.0, 52.22,2026-04-20
HDFCNIFTY, EQ, 20-Apr-2026,272.91,266.08,274.36,266.08,273.53,273.09,273.19,394829,1078.62,1905,296505.0, 75.10,2026-04-20
HDFCPSUBK, EQ, 20-Apr-2026,89.22,88.84,91.09,88.84,90.02,89.89,90.34,82975,74.96,391,53180.0, 64.09,2026-04-20
HDFCPVTBAN, EQ, 20-Apr-2026,27.56,27.57,27.7,27.38,27.4,27.4,27.51,243247,66.93,816,144618.0, 59.45,2026-04-20
HDFCQUAL, EQ, 20-Apr-2026,57.61,56.82,58.39,56.82,57.0,57.32,57.54,11509,6.62,181,5868.0, 50.99,2026-04-20
HDFCSENSEX, EQ, 20-Apr-2026,88.71,86.49,89.09,86.49,88.98,88.54,88.5,215897,191.08,984,74486.0, 34.50,2026-04-20
HDFCSILVER, EQ, 20-Apr-2026,238.24,237.66,239.66,237.26,237.4,237.52,237.98,3226266,7677.88,16223,1251329.0, 38.79,2026-04-20
HDFCSML250, EQ, 20-Apr-2026,165.6,164.87,166.73,163.14,164.7,164.62,164.81,2818020,4644.33,14171,1639025.0, 58.16,2026-04-20
HDFCVALUE, EQ, 20-Apr-2026,133.24,133.02,134.1,132.96,133.32,133.47,133.41,4124,5.5,96,3454.0, 83.75,2026-04-20
HDIL, BZ, 20-Apr-2026,2.37,2.34,2.42,2.26,2.28,2.28,2.29,138454,3.17,225,, -,2026-04-20
HEADSUP, EQ, 20-Apr-2026,7.74,7.51,7.99,7.17,7.17,7.29,7.35,46766,3.44,294,36313.0, 77.65,2026-04-20
HEALTHADD, EQ, 20-Apr-2026,146.09,146.79,146.79,145.46,145.46,145.51,145.94,1542,2.25,35,655.0, 42.48,2026-04-20
HEALTHCARE, EQ, 20-Apr-2026,18.53,18.95,18.95,18.25,18.47,18.5,18.56,45124,8.37,115,28691.0, 63.58,2026-04-20
HEALTHIETF, EQ, 20-Apr-2026,148.59,149.12,149.12,147.5,147.8,148.44,148.57,91806,136.4,1702,55684.0, 60.65,2026-04-20
HEALTHY, EQ, 20-Apr-2026,14.92,14.98,14.99,14.8,14.91,14.86,14.86,3128883,464.93,1556,2975575.0, 95.10,2026-04-20
HECPROJECT, EQ, 20-Apr-2026,140.52,140.52,144.97,135.01,140.25,139.97,139.98,12497,17.49,467,5082.0, 40.67,2026-04-20
HEG, EQ, 20-Apr-2026,633.0,633.0,678.0,618.5,627.5,629.3,645.63,9121258,58889.37,139726,2045470.0, 22.43,2026-04-20
HEIDELBERG, EQ, 20-Apr-2026,159.76,161.0,161.0,157.15,158.6,158.58,159.06,51564,82.02,1754,27465.0, 53.26,2026-04-20
HEMIPROP, EQ, 20-Apr-2026,132.33,132.1,133.5,129.21,129.3,129.6,131.52,793448,1043.54,4532,424412.0, 53.49,2026-04-20
HERANBA, EQ, 20-Apr-2026,210.41,211.5,224.0,205.21,218.2,218.6,217.22,400695,870.4,5107,131652.0, 32.86,2026-04-20
HERITGFOOD, EQ, 20-Apr-2026,359.75,360.5,364.6,352.35,353.4,355.3,358.11,271310,971.6,6833,97634.0, 35.99,2026-04-20
HEROMOTOCO, EQ, 20-Apr-2026,5230.5,5230.5,5318.0,5210.0,5254.5,5282.5,5286.07,654258,34584.54,55406,364220.0, 55.67,2026-04-20
HESTERBIO, EQ, 20-Apr-2026,1491.0,1530.0,1530.0,1463.3,1472.1,1479.4,1494.78,2975,44.47,333,1273.0, 42.79,2026-04-20
HEXATRADEX, EQ, 20-Apr-2026,168.0,172.99,172.99,163.0,171.8,171.17,170.46,6597,11.25,120,4997.0, 75.75,2026-04-20
HEXT, EQ, 20-Apr-2026,495.1,492.0,495.2,478.5,486.0,488.05,485.5,533219,2588.76,17795,311010.0, 58.33,2026-04-20
HFCL, EQ, 20-Apr-2026,95.49,97.0,97.49,92.92,93.2,93.3,95.04,35534087,33771.77,83218,13201061.0, 37.15,2026-04-20
HGINFRA, EQ, 20-Apr-2026,621.05,626.0,641.45,617.05,625.0,624.6,629.29,459709,2892.92,12871,117417.0, 25.54,2026-04-20
HGM, EQ, 20-Apr-2026,54.43,54.0,55.9,52.0,52.0,52.97,53.5,1090,0.58,67,924.0, 84.77,2026-04-20
HGS, EQ, 20-Apr-2026,426.4,426.4,427.6,415.0,419.0,417.7,418.42,36614,153.2,1537,18331.0, 50.07,2026-04-20
HIGREEN, SM, 20-Apr-2026,139.5,140.0,141.7,137.3,138.1,138.3,138.9,8800,12.22,11,6400.0, 72.73,2026-04-20
HIKAL, EQ, 20-Apr-2026,191.9,194.79,194.79,187.12,187.12,188.39,190.96,438025,836.44,4187,256389.0, 58.53,2026-04-20
HILINFRA, EQ, 20-Apr-2026,57.21,57.21,57.21,54.53,56.69,56.32,56.61,160622,90.92,1079,96370.0, 60.00,2026-04-20
HILTON, EQ, 20-Apr-2026,26.02,26.8,26.8,25.0,25.13,25.12,25.66,571033,146.53,2056,339763.0, 59.50,2026-04-20
HIMATSEIDE, EQ, 20-Apr-2026,91.49,92.0,93.0,89.16,89.74,89.56,90.7,563571,511.18,6751,315396.0, 55.96,2026-04-20
HINDALCO, EQ, 20-Apr-2026,1039.0,1031.0,1034.0,1011.4,1013.1,1015.25,1017.93,4286182,43630.19,158862,2143543.0, 50.01,2026-04-20
HINDCOMPOS, EQ, 20-Apr-2026,490.55,490.55,490.55,466.0,466.15,468.25,477.28,16443,78.48,917,8623.0, 52.44,2026-04-20
HINDCON, BE, 20-Apr-2026,23.17,23.69,23.69,22.35,22.55,22.57,22.7,11338,2.57,141,, -,2026-04-20
HINDCOPPER, EQ, 20-Apr-2026,569.6,569.0,569.0,553.05,556.0,556.6,560.79,3767589,21128.23,61872,1464684.0, 38.88,2026-04-20
HINDOILEXP, EQ, 20-Apr-2026,158.33,157.9,157.9,150.8,151.75,152.26,153.91,809724,1246.26,7778,317943.0, 39.27,2026-04-20
HINDPETRO, EQ, 20-Apr-2026,370.85,369.0,383.35,368.15,379.0,379.5,377.55,10194682,38489.75,92806,4733384.0, 46.43,2026-04-20
HINDUNILVR, EQ, 20-Apr-2026,2240.8,2240.8,2253.4,2223.2,2227.2,2231.5,2238.83,1460822,32705.34,53168,820400.0, 56.16,2026-04-20
HINDWAREAP, EQ, 20-Apr-2026,213.44,213.12,217.0,207.0,209.0,210.8,213.23,58195,124.09,1806,29167.0, 50.12,2026-04-20
HINDZINC, EQ, 20-Apr-2026,592.3,592.3,594.0,579.1,589.0,590.3,588.33,4194322,24676.59,56998,1916001.0, 45.68,2026-04-20
HIRECT, EQ, 20-Apr-2026,898.65,885.0,930.0,875.0,878.0,884.8,900.97,215631,1942.78,10382,79776.0, 37.00,2026-04-20
HISARMETAL, EQ, 20-Apr-2026,157.58,157.57,160.94,152.35,152.35,153.55,157.53,1880,2.96,45,1341.0, 71.33,2026-04-20
HITECH, EQ, 20-Apr-2026,88.01,88.38,88.53,85.11,85.8,85.54,86.45,677444,585.63,7508,407610.0, 60.17,2026-04-20
HITECHCORP, EQ, 20-Apr-2026,144.3,145.89,148.0,141.01,141.51,142.36,144.53,7124,10.3,549,4549.0, 63.85,2026-04-20
HITECHGEAR, BE, 20-Apr-2026,626.5,633.0,633.0,620.0,620.0,624.6,626.79,225,1.41,14,, -,2026-04-20
HLEGLAS, EQ, 20-Apr-2026,331.3,332.0,333.4,322.05,322.75,323.9,327.59,139453,456.83,2570,94492.0, 67.76,2026-04-20
HLVLTD, EQ, 20-Apr-2026,9.0,9.0,9.01,8.4,8.83,8.81,8.84,321379,28.4,775,183663.0, 57.15,2026-04-20
HMAAGRO, EQ, 20-Apr-2026,24.84,24.7,25.84,24.3,24.5,24.6,24.93,1324895,330.23,2397,850851.0, 64.22,2026-04-20
HMT, BZ, 20-Apr-2026,64.23,63.5,66.0,62.8,63.05,63.26,64.19,13859,8.9,157,, -,2026-04-20
HMVL, EQ, 20-Apr-2026,68.45,70.0,70.97,67.3,67.3,67.46,68.4,13365,9.14,279,9047.0, 67.69,2026-04-20
HNDFDS, EQ, 20-Apr-2026,508.55,507.0,508.4,492.0,494.8,493.4,499.74,71307,356.35,2425,40611.0, 56.95,2026-04-20
HNGSNGBEES, EQ, 20-Apr-2026,535.11,536.0,543.99,530.61,534.0,533.91,535.64,159367,853.63,5189,89609.0, 56.23,2026-04-20
HOACFOODS, SM, 20-Apr-2026,450.6,455.0,455.0,455.0,455.0,455.0,455.0,1500,6.83,2,1500.0, 100.00,2026-04-20
HOLMARC, SM, 20-Apr-2026,87.4,83.2,85.5,83.05,83.05,83.05,84.2,15750,13.26,12,13500.0, 85.71,2026-04-20
HOMEFIRST, EQ, 20-Apr-2026,1127.65,1128.0,1135.15,1114.0,1117.1,1122.0,1122.69,284505,3194.12,8364,232325.0, 81.66,2026-04-20
HONASA, EQ, 20-Apr-2026,345.3,348.5,348.5,340.1,341.3,342.75,344.8,381977,1317.05,10717,172477.0, 45.15,2026-04-20
HONAUT, EQ, 20-Apr-2026,32785.0,33085.0,33100.0,32225.0,32240.0,32555.0,32689.4,5496,1796.61,2804,2283.0, 41.54,2026-04-20
HONDAPOWER, EQ, 20-Apr-2026,2296.5,2290.0,2313.3,2265.0,2272.2,2283.4,2287.99,5663,129.57,1117,3018.0, 53.29,2026-04-20
HPAL, EQ, 20-Apr-2026,40.78,40.77,40.77,39.0,39.28,39.16,39.38,95605,37.65,1161,66142.0, 69.18,2026-04-20
HPIL, EQ, 20-Apr-2026,139.83,140.52,143.0,138.0,140.36,141.21,142.0,6468,9.18,158,4231.0, 65.41,2026-04-20
HPL, EQ, 20-Apr-2026,356.55,357.35,372.95,346.6,360.0,362.6,362.6,670245,2430.34,12843,220142.0, 32.85,2026-04-20
HPTL, SM, 20-Apr-2026,257.1,258.05,258.05,244.5,250.0,249.95,250.84,3600,9.03,6,1800.0, 50.00,2026-04-20
HRHNEXT, SM, 20-Apr-2026,30.85,30.8,33.9,29.5,33.9,33.6,32.38,15000,4.86,9,13500.0, 90.00,2026-04-20
HSBCGOLD, EQ, 20-Apr-2026,131.98,134.65,134.65,130.57,131.14,131.55,131.62,4984,6.56,92,3091.0, 62.02,2026-04-20
HSCL, EQ, 20-Apr-2026,493.55,496.0,496.0,482.65,486.9,489.0,489.08,5461730,26712.19,28449,467216.0, 8.55,2026-04-20
HTMEDIA, EQ, 20-Apr-2026,23.53,23.53,23.89,22.6,22.9,22.93,23.42,68893,16.14,236,47077.0, 68.33,2026-04-20
HUBTOWN, EQ, 20-Apr-2026,208.58,206.58,219.85,204.46,212.0,212.13,215.1,1065306,2291.5,11512,551841.0, 51.80,2026-04-20
HUDCO, EQ, 20-Apr-2026,196.91,197.0,201.79,192.07,197.35,199.4,199.24,7287259,14519.29,50755,2816631.0, 38.65,2026-04-20
HUHTAMAKI, EQ, 20-Apr-2026,190.31,191.0,193.8,188.21,189.79,188.86,190.77,238893,455.75,2876,116979.0, 48.97,2026-04-20
HVAX, SM, 20-Apr-2026,820.0,800.0,800.0,786.0,786.0,786.0,790.78,900,7.12,6,750.0, 83.33,2026-04-20
HYBRIDFIN, EQ, 20-Apr-2026,21.99,22.99,22.99,21.1,21.49,21.22,21.33,11185,2.39,66,9709.0, 86.80,2026-04-20
HYUNDAI, EQ, 20-Apr-2026,1902.8,1887.1,1903.5,1860.2,1888.0,1886.0,1886.62,778083,14679.46,37118,331453.0, 42.60,2026-04-20
IBLFL, SM, 20-Apr-2026,49.2,51.0,51.65,51.0,51.65,51.65,51.33,4000,2.05,2,4000.0, 100.00,2026-04-20
IBULLSLTD, EQ, 20-Apr-2026,17.58,17.79,17.79,16.57,16.89,16.99,17.15,13436398,2303.98,17965,7213927.0, 53.69,2026-04-20
ICDSLTD, BE, 20-Apr-2026,47.15,47.15,47.15,45.16,45.35,45.35,45.23,185,0.08,6,, -,2026-04-20
ICEMAKE, EQ, 20-Apr-2026,818.9,818.9,818.9,796.05,804.0,808.3,807.24,31424,253.67,1637,16747.0, 53.29,2026-04-20
ICICIAMC, EQ, 20-Apr-2026,3338.9,3338.9,3389.1,3272.1,3291.0,3295.7,3328.99,381441,12698.14,47236,175453.0, 46.00,2026-04-20
ICICIB22, EQ, 20-Apr-2026,125.15,125.69,125.89,124.25,125.0,125.06,125.47,679685,852.83,5131,456568.0, 67.17,2026-04-20
ICICIBANK, EQ, 20-Apr-2026,1346.8,1364.7,1376.4,1353.0,1354.3,1356.2,1362.59,21551520,293659.08,320334,10567077.0, 49.03,2026-04-20
ICICIGI, EQ, 20-Apr-2026,1891.6,1891.6,1908.8,1859.5,1860.0,1876.5,1877.34,319379,5995.82,35319,140288.0, 43.93,2026-04-20
ICICIPRULI, EQ, 20-Apr-2026,562.0,562.0,562.65,549.8,557.5,557.9,556.05,1615514,8983.14,58203,891290.0, 55.17,2026-04-20
ICIL, EQ, 20-Apr-2026,275.85,275.51,287.41,266.1,268.0,268.21,277.89,742764,2064.04,15849,336958.0, 45.37,2026-04-20
ICRA, EQ, 20-Apr-2026,5460.5,5459.5,5556.0,5426.0,5468.0,5471.5,5500.03,7470,410.85,2298,4186.0, 56.04,2026-04-20
IDBI, EQ, 20-Apr-2026,75.06,75.06,75.45,73.68,74.0,74.13,74.6,8685748,6479.5,31418,2855619.0, 32.88,2026-04-20
IDEA, EQ, 20-Apr-2026,9.61,9.64,9.71,9.38,9.44,9.47,9.56,389805796,37254.66,80725,111353264.0, 28.57,2026-04-20
IDEAFORGE, EQ, 20-Apr-2026,476.85,477.0,479.2,460.0,462.75,461.95,469.21,284083,1332.96,8079,124847.0, 43.95,2026-04-20
IDFCFIRSTB, EQ, 20-Apr-2026,68.53,68.62,68.68,67.29,67.41,67.5,67.89,15818282,10738.57,75279,6230190.0, 39.39,2026-04-20
IDFNIFTYET, EQ, 20-Apr-2026,266.99,267.79,268.94,267.0,267.0,267.5,267.76,740,1.98,38,610.0, 82.43,2026-04-20
IEML, SM, 20-Apr-2026,87.65,87.65,91.0,84.85,85.75,86.6,89.01,52000,46.28,75,39500.0, 75.96,2026-04-20
IEX, EQ, 20-Apr-2026,135.81,132.89,132.89,124.2,124.76,124.99,126.6,37712304,47742.53,150620,15332924.0, 40.66,2026-04-20
IFBAGRO, EQ, 20-Apr-2026,864.55,871.0,871.0,831.2,839.9,836.05,846.5,16619,140.68,1089,8953.0, 53.87,2026-04-20
IFBIND, EQ, 20-Apr-2026,1116.2,1122.0,1124.4,1090.0,1090.0,1098.0,1105.38,31514,348.35,2038,13981.0, 44.36,2026-04-20
IFCI, EQ, 20-Apr-2026,61.19,61.15,64.17,59.49,60.4,60.49,62.0,40695025,25230.31,95958,8570288.0, 21.06,2026-04-20
IFGLEXPOR, EQ, 20-Apr-2026,180.56,181.05,183.5,171.89,173.0,173.15,174.36,80868,141.0,1384,50505.0, 62.45,2026-04-20
IGARASHI, EQ, 20-Apr-2026,349.4,349.9,350.05,335.3,336.0,336.2,340.72,69651,237.32,3963,35062.0, 50.34,2026-04-20
IGCL, EQ, 20-Apr-2026,63.9,64.21,64.21,62.04,62.4,62.25,62.77,54894,34.46,659,28796.0, 52.46,2026-04-20
IGIL, EQ, 20-Apr-2026,372.85,370.0,372.8,354.1,355.05,357.15,362.79,572117,2075.58,15676,289078.0, 50.53,2026-04-20
IGL, EQ, 20-Apr-2026,169.27,169.9,170.06,161.3,166.75,166.39,167.68,3670818,6155.05,34858,2247206.0, 61.22,2026-04-20
IGPL, EQ, 20-Apr-2026,424.75,431.0,431.0,412.5,424.0,423.3,419.23,28406,119.09,1160,13126.0, 46.21,2026-04-20
IIFL, EQ, 20-Apr-2026,473.35,474.3,474.95,463.5,466.0,468.75,469.06,903579,4238.28,30072,399664.0, 44.23,2026-04-20
IIFLCAPS, EQ, 20-Apr-2026,313.44,314.9,324.0,305.17,309.06,310.75,316.93,1122785,3558.42,27909,632009.0, 56.29,2026-04-20
IITL, EQ, 20-Apr-2026,165.25,160.98,168.51,155.26,167.0,166.36,165.88,104409,173.19,3085,8568.0, 8.21,2026-04-20
IKIO, EQ, 20-Apr-2026,144.7,147.18,147.18,141.62,142.5,142.44,142.85,57515,82.16,1782,30754.0, 53.47,2026-04-20
IKS, EQ, 20-Apr-2026,1499.0,1499.0,1499.1,1422.0,1424.0,1430.1,1444.4,316556,4572.34,25476,155691.0, 49.18,2026-04-20
IL&FSENGG, BZ, 20-Apr-2026,27.99,28.35,29.35,27.5,27.65,27.84,28.28,1346,0.38,20,, -,2026-04-20
IL&FSTRANS, BZ, 20-Apr-2026,2.65,2.74,2.76,2.55,2.6,2.59,2.62,40611,1.06,83,, -,2026-04-20
IMAGICAA, EQ, 20-Apr-2026,49.61,49.8,51.0,48.05,48.75,48.72,49.38,981709,484.73,4209,430196.0, 43.82,2026-04-20
IMFA, EQ, 20-Apr-2026,1565.4,1555.0,1565.4,1509.5,1518.0,1532.0,1543.84,177949,2747.25,13367,88045.0, 49.48,2026-04-20
IMPAL, EQ, 20-Apr-2026,1024.15,1017.4,1030.4,1011.5,1020.0,1020.45,1021.01,1611,16.45,254,891.0, 55.31,2026-04-20
IMPEXFERRO, BZ, 20-Apr-2026,1.77,1.79,1.83,1.71,1.73,1.74,1.77,11417,0.2,55,, -,2026-04-20
INA, EQ, 20-Apr-2026,142.86,145.9,146.8,138.0,141.11,142.86,142.68,1510629,2155.35,9501,502364.0, 33.26,2026-04-20
INCREDIBLE, EQ, 20-Apr-2026,36.46,36.47,37.5,35.5,36.82,36.82,36.5,3246,1.18,49,2617.0, 80.62,2026-04-20
INDBANK, EQ, 20-Apr-2026,35.77,35.77,37.48,35.77,36.14,35.9,36.14,73339,26.51,753,41445.0, 56.51,2026-04-20
INDGN, EQ, 20-Apr-2026,487.4,491.9,494.0,481.0,482.55,482.5,485.74,66634,323.67,4869,33279.0, 49.94,2026-04-20
INDHOTEL, EQ, 20-Apr-2026,659.3,659.0,668.8,647.65,656.65,659.5,661.23,2662519,17605.31,31082,1455327.0, 54.66,2026-04-20
INDIACEM, EQ, 20-Apr-2026,415.6,412.0,421.9,412.0,413.1,416.5,416.96,165694,690.87,7569,58956.0, 35.58,2026-04-20
INDIAGLYCO, EQ, 20-Apr-2026,974.1,981.0,989.9,951.3,957.25,959.0,971.19,85752,832.82,4924,35961.0, 41.94,2026-04-20
INDIAMART, EQ, 20-Apr-2026,2170.9,2188.0,2196.0,2149.7,2172.0,2184.6,2179.87,125520,2736.17,27685,77944.0, 62.10,2026-04-20
INDIANB, EQ, 20-Apr-2026,939.45,944.0,955.8,925.45,927.0,928.3,940.21,2522718,23718.95,56377,996231.0, 39.49,2026-04-20
INDIANCARD, EQ, 20-Apr-2026,211.37,215.0,217.96,205.2,213.7,211.27,212.48,2162,4.59,159,1144.0, 52.91,2026-04-20
INDIANHUME, EQ, 20-Apr-2026,330.85,330.85,337.0,322.85,325.0,324.4,325.11,68995,224.31,5234,41591.0, 60.28,2026-04-20
INDIASHLTR, EQ, 20-Apr-2026,803.25,808.0,808.0,793.7,802.0,803.5,802.56,60883,488.62,6880,31364.0, 51.52,2026-04-20
INDIGO, EQ, 20-Apr-2026,4638.4,4635.0,4698.0,4576.7,4670.0,4678.2,4653.6,1026819,47784.08,94888,506376.0, 49.32,2026-04-20
INDIGOPNTS, EQ, 20-Apr-2026,838.0,831.0,846.05,822.05,831.0,835.85,834.52,111957,934.3,7725,47652.0, 42.56,2026-04-20
INDIGRID, IV, 20-Apr-2026,172.93,173.0,173.4,171.9,173.24,172.8,172.82,917494,1585.61,13242,876576.0, 95.54,2026-04-20
INDIQUBE, EQ, 20-Apr-2026,159.28,160.9,160.9,155.02,158.9,156.64,157.27,116175,182.71,2092,59868.0, 51.53,2026-04-20
INDNIPPON, EQ, 20-Apr-2026,786.0,794.45,795.95,766.4,770.0,770.45,778.56,11722,91.26,1036,6578.0, 56.12,2026-04-20
INDOAMIN, EQ, 20-Apr-2026,115.93,114.98,115.0,110.44,114.0,112.22,112.69,79772,89.9,1331,34713.0, 43.52,2026-04-20
INDOBORAX, EQ, 20-Apr-2026,254.25,253.36,256.59,253.0,254.36,254.32,254.43,44089,112.17,417,30367.0, 68.88,2026-04-20
INDOCO, EQ, 20-Apr-2026,219.55,219.5,219.5,214.0,214.0,215.63,216.32,15761,34.09,528,7424.0, 47.10,2026-04-20
INDOFARM, EQ, 20-Apr-2026,149.34,149.5,149.76,143.05,143.51,144.27,146.4,104111,152.42,1608,46846.0, 45.00,2026-04-20
INDORAMA, EQ, 20-Apr-2026,39.69,39.68,40.92,38.25,38.37,38.45,38.99,94958,37.02,749,48298.0, 50.86,2026-04-20
INDOSTAR, EQ, 20-Apr-2026,220.25,218.06,222.0,212.27,216.0,215.11,217.13,68107,147.88,1638,29831.0, 43.80,2026-04-20
INDOTECH, EQ, 20-Apr-2026,1845.8,1845.9,2019.2,1770.0,1916.5,1917.9,1932.86,178408,3448.38,18157,67416.0, 37.79,2026-04-20
INDOTHAI, EQ, 20-Apr-2026,308.5,311.9,319.95,306.2,308.55,308.75,311.52,1613435,5026.23,11115,907571.0, 56.25,2026-04-20
INDOUS, EQ, 20-Apr-2026,108.55,107.25,109.84,106.22,109.2,106.78,107.15,22648,24.27,517,9563.0, 42.22,2026-04-20
INDOWIND, EQ, 20-Apr-2026,10.63,10.63,10.81,10.2,10.25,10.25,10.49,975373,102.35,2000,496201.0, 50.87,2026-04-20
INDPRUD, EQ, 20-Apr-2026,6263.2,6200.0,6665.0,6136.05,6574.0,6572.65,6260.91,138,8.64,37,119.0, 86.23,2026-04-20
INDRAMEDCO, EQ, 20-Apr-2026,427.1,431.4,432.65,411.0,413.8,413.2,417.95,415971,1738.57,12276,268372.0, 64.52,2026-04-20
INDSWFTLAB, EQ, 20-Apr-2026,131.86,132.91,141.84,131.4,140.5,138.9,138.3,3513819,4859.61,20249,1782863.0, 50.74,2026-04-20
INDTERRAIN, EQ, 20-Apr-2026,33.27,33.26,33.87,32.81,33.6,33.32,33.19,7139,2.37,120,3515.0, 49.24,2026-04-20
INDUSINDBK, EQ, 20-Apr-2026,853.9,853.9,856.0,839.5,854.5,851.95,850.56,2453075,20864.91,46471,1215820.0, 49.56,2026-04-20
INDUSINVIT, IV, 20-Apr-2026,125.94,127.44,127.44,126.07,126.11,126.4,126.93,115672,146.83,13058,96957.0, 83.82,2026-04-20
INDUSTOWER, EQ, 20-Apr-2026,412.25,412.5,413.85,403.6,405.5,405.8,406.74,8774694,35690.46,88816,5933109.0, 67.62,2026-04-20
INFINIUM, SM, 20-Apr-2026,205.05,205.05,212.0,200.05,210.0,210.0,206.14,4000,8.25,7,3000.0, 75.00,2026-04-20
INFLUX, SM, 20-Apr-2026,240.4,242.0,261.0,234.3,258.0,256.85,250.16,93600,234.15,139,57000.0, 60.90,2026-04-20
INFOBEAN, EQ, 20-Apr-2026,189.73,190.49,190.99,180.01,180.8,181.08,184.0,931839,1714.61,11579,347173.0, 37.26,2026-04-20
INFOLLION, SM, 20-Apr-2026,253.55,243.35,268.0,240.0,256.3,261.3,256.84,45200,116.09,86,31200.0, 69.03,2026-04-20
INFOMEDIA, EQ, 20-Apr-2026,6.09,6.08,6.24,5.72,5.81,5.95,5.97,37866,2.26,168,23280.0, 61.48,2026-04-20
INFRA, EQ, 20-Apr-2026,11.78,11.4,12.6,11.4,11.82,11.82,11.85,46500,5.51,171,34617.0, 74.45,2026-04-20
INFRABEES, EQ, 20-Apr-2026,961.05,962.76,964.0,954.32,961.75,958.45,960.29,13676,131.33,709,5411.0, 39.57,2026-04-20
INFRAIETF, EQ, 20-Apr-2026,95.42,95.53,95.97,95.0,95.5,95.61,95.61,187494,179.27,22721,62783.0, 33.49,2026-04-20
INFY, EQ, 20-Apr-2026,1318.7,1320.0,1324.9,1308.1,1310.0,1312.6,1315.09,7172300,94322.45,247560,3764728.0, 52.49,2026-04-20
INGERRAND, EQ, 20-Apr-2026,4099.6,4080.0,4172.0,4060.5,4101.0,4148.6,4134.63,12197,504.3,2613,6973.0, 57.17,2026-04-20
INM, SM, 20-Apr-2026,175.0,175.0,175.0,175.0,175.0,175.0,175.0,600,1.05,1,600.0, 100.00,2026-04-20
INNOMET, SM, 20-Apr-2026,84.0,84.95,84.95,81.0,84.0,84.0,82.77,5400,4.47,9,3000.0, 55.56,2026-04-20
INNOVACAP, EQ, 20-Apr-2026,742.3,736.55,740.75,724.0,724.0,731.2,731.68,27649,202.3,1638,14855.0, 53.73,2026-04-20
INNOVANA, EQ, 20-Apr-2026,388.9,377.0,400.0,377.0,396.9,391.2,388.71,2410,9.37,360,1068.0, 44.32,2026-04-20
INNOVISION, EQ, 20-Apr-2026,316.6,318.15,343.7,312.35,322.0,322.55,327.78,2094224,6864.5,10204,1763022.0, 84.18,2026-04-20
INOXGREEN, EQ, 20-Apr-2026,163.03,164.0,164.56,160.0,160.01,160.96,162.13,1830514,2967.86,17307,707490.0, 38.65,2026-04-20
INOXINDIA, EQ, 20-Apr-2026,1491.7,1504.9,1504.9,1463.0,1473.5,1477.3,1478.07,165942,2452.74,14119,78088.0, 47.06,2026-04-20
INOXWIND, EQ, 20-Apr-2026,97.9,98.0,99.14,95.73,97.15,97.35,97.83,16048108,15699.3,49925,5340404.0, 33.28,2026-04-20
INSECTICID, EQ, 20-Apr-2026,723.2,729.0,729.0,706.15,721.0,716.85,716.61,24167,173.18,1254,12865.0, 53.23,2026-04-20
INSPIRE, SM, 20-Apr-2026,10.55,10.95,11.05,10.95,11.05,11.05,11.02,10000,1.1,5,10000.0, 100.00,2026-04-20
INSPIRISYS, BE, 20-Apr-2026,84.12,83.0,83.94,83.0,83.89,83.23,83.32,1073,0.89,28,, -,2026-04-20
INTELLECT, EQ, 20-Apr-2026,694.55,701.35,701.35,674.85,678.0,679.8,683.44,366893,2507.48,22092,143531.0, 39.12,2026-04-20
INTENTECH, EQ, 20-Apr-2026,109.83,111.9,112.0,104.81,108.0,106.71,107.51,41667,44.8,1008,23464.0, 56.31,2026-04-20
INTERARCH, EQ, 20-Apr-2026,1918.2,1950.0,2016.0,1913.4,1992.0,1991.0,1985.05,153531,3047.67,9634,68450.0, 44.58,2026-04-20
INTERNET, EQ, 20-Apr-2026,12.38,12.41,12.49,12.27,12.34,12.38,12.38,165001,20.43,242,87291.0, 52.90,2026-04-20
INTLCONV, EQ, 20-Apr-2026,79.07,79.9,80.56,77.58,77.61,78.23,78.84,69593,54.87,1136,43210.0, 62.09,2026-04-20
INVENTURE, EQ, 20-Apr-2026,1.02,1.04,1.04,1.01,1.03,1.02,1.02,2001778,20.49,536,1459801.0, 72.93,2026-04-20
INVICTA, SM, 20-Apr-2026,80.35,80.0,80.0,78.0,78.0,78.0,79.33,9600,7.62,6,9600.0, 100.00,2026-04-20
INVPRECQ, EQ, 20-Apr-2026,626.55,650.0,689.0,630.0,680.0,672.1,666.61,2575,17.17,119,1872.0, 72.70,2026-04-20
IOB, EQ, 20-Apr-2026,34.96,35.0,35.13,34.6,34.75,34.8,34.9,4238004,1479.2,15560,1377669.0, 32.51,2026-04-20
IOC, EQ, 20-Apr-2026,145.88,145.01,147.87,144.3,146.55,146.87,146.36,14174808,20746.56,90286,6504776.0, 45.89,2026-04-20
IOLCP, EQ, 20-Apr-2026,91.13,91.1,91.3,87.1,87.55,87.65,89.05,1332128,1186.31,10081,639745.0, 48.02,2026-04-20
IONEXCHANG, EQ, 20-Apr-2026,400.75,404.5,405.0,394.95,395.0,396.55,400.02,168730,674.95,9396,83751.0, 49.64,2026-04-20
IPCALAB, EQ, 20-Apr-2026,1468.3,1460.0,1488.9,1447.7,1469.9,1468.6,1471.27,168951,2485.73,15259,91354.0, 54.07,2026-04-20
IPHL, SM, 20-Apr-2026,53.4,54.2,54.2,53.95,54.0,54.0,54.04,8400,4.54,7,6000.0, 71.43,2026-04-20
IPL, EQ, 20-Apr-2026,155.58,156.11,162.95,152.22,155.71,155.65,158.52,622487,986.75,8354,293521.0, 47.15,2026-04-20
IPSL, SM, 20-Apr-2026,226.0,225.5,225.5,225.5,225.5,225.5,225.5,500,1.13,1,500.0, 100.00,2026-04-20
IRB, EQ, 20-Apr-2026,22.26,22.25,22.25,21.68,22.0,22.0,21.94,15171680,3328.39,30432,6904082.0, 45.51,2026-04-20
IRBINVIT, IV, 20-Apr-2026,61.35,61.59,62.03,61.04,61.5,61.76,61.56,702998,432.74,5446,598605.0, 85.15,2026-04-20
IRCON, EQ, 20-Apr-2026,154.69,155.0,155.01,150.5,150.95,151.49,152.16,5224478,7949.46,34327,1565081.0, 29.96,2026-04-20
IRCTC, EQ, 20-Apr-2026,564.9,565.4,567.0,553.5,565.55,565.2,560.81,1805082,10123.02,36793,878054.0, 48.64,2026-04-20
IREDA, EQ, 20-Apr-2026,133.01,133.49,133.49,129.5,129.8,130.14,131.1,9723971,12747.75,50370,3842894.0, 39.52,2026-04-20
IRFC, EQ, 20-Apr-2026,104.84,105.14,105.14,102.3,102.85,103.02,103.36,15091460,15598.87,58999,4255474.0, 28.20,2026-04-20
IRIS, EQ, 20-Apr-2026,244.17,251.99,252.0,240.81,241.05,243.02,247.0,25797,63.72,568,17044.0, 66.07,2026-04-20
IRISDOREME, EQ, 20-Apr-2026,35.54,35.54,35.54,33.64,34.02,34.16,35.05,285674,100.14,1857,61331.0, 21.47,2026-04-20
IRMENERGY, EQ, 20-Apr-2026,221.0,220.0,220.99,212.1,212.1,213.13,215.81,167153,360.73,6297,83209.0, 49.78,2026-04-20
ISFT, EQ, 20-Apr-2026,79.06,80.0,80.0,75.7,76.55,76.66,76.97,18711,14.4,406,12362.0, 66.07,2026-04-20
ISGEC, EQ, 20-Apr-2026,1042.05,1042.05,1068.05,1031.1,1054.9,1046.45,1050.86,92243,969.35,8751,34458.0, 37.36,2026-04-20
ISHAN, ST, 20-Apr-2026,0.7,0.65,0.65,0.65,0.65,0.65,0.65,144000,0.94,3,144000.0, 100.00,2026-04-20
ISHANCH, EQ, 20-Apr-2026,67.08,65.55,68.49,59.8,61.4,61.1,61.96,82693,51.24,920,37094.0, 44.86,2026-04-20
IT, EQ, 20-Apr-2026,35.03,35.21,35.21,34.6,34.78,34.77,34.9,1396376,487.36,1319,402755.0, 28.84,2026-04-20
ITADD, EQ, 20-Apr-2026,33.54,33.54,33.58,33.22,33.45,33.28,33.36,221464,73.88,140,204842.0, 92.49,2026-04-20
ITALIANE, ST, 20-Apr-2026,38.65,40.55,40.55,40.5,40.55,40.55,40.54,8000,3.24,4,8000.0, 100.00,2026-04-20
ITBEES, EQ, 20-Apr-2026,35.09,35.0,35.19,34.72,34.76,34.8,34.96,7676522,2683.39,19737,3852831.0, 50.19,2026-04-20
ITBETA, EQ, 20-Apr-2026,332.93,331.18,332.89,329.29,330.68,330.86,330.89,332,1.1,26,232.0, 69.88,2026-04-20
ITC, EQ, 20-Apr-2026,306.8,307.0,307.95,304.45,304.9,305.0,306.09,13540471,41445.93,122052,8621133.0, 63.67,2026-04-20
ITCHOTELS, EQ, 20-Apr-2026,162.52,162.52,164.15,159.42,161.8,162.14,162.44,3273271,5317.08,31129,1572577.0, 48.04,2026-04-20
ITDC, EQ, 20-Apr-2026,616.25,616.25,634.3,604.15,606.0,608.1,616.55,298094,1837.91,9960,55390.0, 18.58,2026-04-20
ITETF, EQ, 20-Apr-2026,33.44,33.6,33.65,33.16,33.16,33.21,33.31,297270,99.02,870,174735.0, 58.78,2026-04-20
ITI, EQ, 20-Apr-2026,297.33,297.0,297.68,291.0,291.02,291.91,293.95,671337,1973.4,13594,235518.0, 35.08,2026-04-20
ITIETF, EQ, 20-Apr-2026,35.09,35.96,35.96,34.77,34.84,34.85,34.95,470811,164.55,1884,207748.0, 44.13,2026-04-20
IVALUE, EQ, 20-Apr-2026,269.02,269.02,281.84,261.2,278.01,279.15,276.05,388113,1071.39,4342,184476.0, 47.53,2026-04-20
IVC, EQ, 20-Apr-2026,7.58,7.61,7.66,7.54,7.58,7.61,7.6,168389,12.79,779,138734.0, 82.39,2026-04-20
IVP, EQ, 20-Apr-2026,142.13,144.99,145.0,141.64,143.0,143.02,143.48,1485,2.13,45,1194.0, 80.40,2026-04-20
IVZINGOLD, EQ, 20-Apr-2026,13124.7,13190.3,13196.2,12926.6,13160.0,13123.95,13091.89,373,48.83,155,234.0, 62.73,2026-04-20
IVZINNIFTY, EQ, 20-Apr-2026,2768.83,2768.83,2790.26,2768.83,2774.7,2770.49,2773.61,397,11.01,24,377.0, 94.96,2026-04-20
IWARE, ST, 20-Apr-2026,266.55,262.1,266.0,256.15,263.0,263.0,262.53,16800,44.1,13,16800.0, 100.00,2026-04-20
IWP, EQ, 20-Apr-2026,34.45,34.35,34.35,28.0,32.85,33.0,33.82,2075,0.7,32,2066.0, 99.57,2026-04-20
IXIGO, EQ, 20-Apr-2026,178.86,179.4,180.29,174.99,177.0,177.36,177.86,1032466,1836.33,15241,426094.0, 41.27,2026-04-20
IZMO, BE, 20-Apr-2026,746.3,742.0,742.0,716.0,723.7,719.95,730.17,35468,258.98,986,, -,2026-04-20
J&KBANK, EQ, 20-Apr-2026,131.25,131.2,135.0,129.14,130.7,131.23,132.92,5114455,6798.21,37479,1839116.0, 35.96,2026-04-20
JAGRAN, EQ, 20-Apr-2026,67.11,67.11,67.11,65.62,66.0,65.88,65.99,313631,206.97,3684,222651.0, 70.99,2026-04-20
JAGSNPHARM, EQ, 20-Apr-2026,191.94,194.49,194.49,184.5,185.6,185.42,187.35,435237,815.4,4411,302551.0, 69.51,2026-04-20
JAIBALAJI, EQ, 20-Apr-2026,72.48,72.5,75.88,71.01,73.18,73.4,73.86,4148025,3063.78,27219,1371395.0, 33.06,2026-04-20
JAICORPLTD, EQ, 20-Apr-2026,115.58,115.64,116.28,112.96,113.1,113.55,114.32,525222,600.46,5916,202096.0, 38.48,2026-04-20
JAINAM, SM, 20-Apr-2026,174.0,182.7,182.7,182.7,182.7,182.7,182.7,500,0.91,1,500.0, 100.00,2026-04-20
JAINIK, SM, 20-Apr-2026,129.8,131.4,134.8,123.5,129.35,129.35,126.79,80400,101.94,48,46800.0, 58.21,2026-04-20
JAINREC, EQ, 20-Apr-2026,421.0,422.0,424.2,408.15,418.1,419.05,414.99,1070980,4444.5,26299,458540.0, 42.81,2026-04-20
JAIPURKURT, EQ, 20-Apr-2026,30.4,30.74,30.74,30.01,30.01,30.03,30.22,24923,7.53,459,7692.0, 30.86,2026-04-20
JALAN, SM, 20-Apr-2026,1.9,1.95,1.95,1.85,1.9,1.9,1.92,24000,0.46,8,21000.0, 87.50,2026-04-20
JAMNAAUTO, EQ, 20-Apr-2026,128.56,129.0,129.48,124.98,126.3,126.11,126.78,1505111,1908.17,16631,666563.0, 44.29,2026-04-20
JARO, EQ, 20-Apr-2026,439.5,439.5,439.9,430.75,436.8,438.05,437.15,88281,385.92,2130,26145.0, 29.62,2026-04-20
JASH, EQ, 20-Apr-2026,393.75,393.75,400.0,385.0,399.4,396.85,393.22,175676,690.79,3513,101542.0, 57.80,2026-04-20
JAYAGROGN, EQ, 20-Apr-2026,202.52,196.0,204.36,196.0,200.0,198.19,199.91,1694,3.39,107,1095.0, 64.64,2026-04-20
JAYBARMARU, EQ, 20-Apr-2026,98.52,98.37,98.37,94.0,94.26,94.19,95.65,192126,183.76,1954,106149.0, 55.25,2026-04-20
JAYBEE, ST, 20-Apr-2026,106.9,110.0,112.0,105.15,106.25,106.6,109.68,38500,42.23,39,36000.0, 93.51,2026-04-20
JAYESH, SM, 20-Apr-2026,171.25,171.0,173.0,168.0,170.9,170.9,170.08,22000,37.42,16,17000.0, 77.27,2026-04-20
JAYKAY, EQ, 20-Apr-2026,163.8,167.0,167.0,158.81,161.1,161.12,162.17,123893,200.91,2240,56971.0, 45.98,2026-04-20
JAYNECOIND, EQ, 20-Apr-2026,96.23,96.5,98.3,94.54,95.0,95.34,96.13,5391779,5183.01,27961,2418616.0, 44.86,2026-04-20
JAYSREETEA, EQ, 20-Apr-2026,89.18,88.61,89.76,86.7,87.9,88.39,88.35,80789,71.38,1082,39044.0, 48.33,2026-04-20
JBCHEPHARM, EQ, 20-Apr-2026,1998.0,1985.1,2008.5,1967.6,1985.0,1991.2,1990.27,67902,1351.43,7212,33747.0, 49.70,2026-04-20
JBMA, EQ, 20-Apr-2026,624.2,627.0,627.0,613.1,614.6,615.65,618.79,528254,3268.76,16518,148351.0, 28.08,2026-04-20
JETFREIGHT, EQ, 20-Apr-2026,17.99,17.99,19.34,17.53,19.3,19.02,18.66,112017,20.91,331,99669.0, 88.98,2026-04-20
JFLLIFE, SM, 20-Apr-2026,9.6,9.15,9.15,9.15,9.15,9.15,9.15,6000,0.55,1,6000.0, 100.00,2026-04-20
JGCHEM, EQ, 20-Apr-2026,380.6,386.0,389.0,372.3,383.0,383.55,383.88,84331,323.73,3307,37277.0, 44.20,2026-04-20
JHS, BE, 20-Apr-2026,9.4,9.75,9.75,9.05,9.22,9.29,9.24,42254,3.9,104,, -,2026-04-20
JINDALPHOT, EQ, 20-Apr-2026,1163.8,1170.3,1187.95,1135.0,1149.8,1143.85,1155.86,3649,42.18,425,1909.0, 52.32,2026-04-20
JINDALPOLY, EQ, 20-Apr-2026,711.2,711.2,737.45,705.0,711.0,715.3,722.03,46436,335.28,2225,18305.0, 39.42,2026-04-20
JINDALSAW, EQ, 20-Apr-2026,236.28,236.28,244.45,231.23,238.15,240.18,239.04,6867744,16416.43,65885,2197277.0, 31.99,2026-04-20
JINDALSTEL, EQ, 20-Apr-2026,1270.0,1274.9,1297.5,1250.0,1281.9,1287.7,1286.15,1852542,23826.38,35760,811996.0, 43.83,2026-04-20
JINDRILL, EQ, 20-Apr-2026,540.25,540.0,552.0,533.35,544.0,543.85,543.89,189516,1030.76,5338,59896.0, 31.60,2026-04-20
JINDWORLD, EQ, 20-Apr-2026,26.63,26.97,27.45,25.58,25.9,25.76,26.2,621987,162.99,2397,257960.0, 41.47,2026-04-20
JIOFIN, EQ, 20-Apr-2026,243.86,242.0,242.01,234.5,236.6,237.15,237.81,38415130,91354.83,196315,16071913.0, 41.84,2026-04-20
JISLDVREQS, EQ, 20-Apr-2026,24.19,23.61,24.47,23.61,24.13,24.14,24.17,6223,1.5,64,4488.0, 72.12,2026-04-20
JISLJALEQS, EQ, 20-Apr-2026,33.01,33.27,34.57,32.1,33.2,33.2,33.55,6238235,2092.89,14083,2647716.0, 42.44,2026-04-20
JITFINFRA, BE, 20-Apr-2026,337.35,330.65,330.65,330.65,330.65,330.65,330.65,4332,14.32,60,, -,2026-04-20
JIWANRAM, SM, 20-Apr-2026,5.6,5.55,5.55,5.2,5.25,5.25,5.39,42000,2.26,7,36000.0, 85.71,2026-04-20
JKCEMENT, EQ, 20-Apr-2026,5543.0,5526.0,5750.0,5454.0,5691.0,5731.0,5658.52,79995,4526.53,18558,37650.0, 47.07,2026-04-20
JKIL, EQ, 20-Apr-2026,519.25,519.5,522.0,504.9,513.9,511.45,514.43,107860,554.87,4665,56645.0, 52.52,2026-04-20
JKIPL, EQ, 20-Apr-2026,95.34,104.87,104.87,104.87,104.87,104.87,104.87,158477,166.19,333,158477.0, 100.00,2026-04-20
JKLAKSHMI, EQ, 20-Apr-2026,673.7,673.8,675.0,660.0,660.0,662.8,667.23,71125,474.57,7289,36425.0, 51.21,2026-04-20
JKPAPER, EQ, 20-Apr-2026,374.75,376.55,378.95,365.1,367.0,367.5,368.84,209617,773.16,8757,99853.0, 47.64,2026-04-20
JKTYRE, EQ, 20-Apr-2026,428.4,429.85,431.75,416.55,418.3,419.05,423.36,1296206,5487.61,29719,586034.0, 45.21,2026-04-20
JLHL, EQ, 20-Apr-2026,1281.9,1285.5,1290.0,1264.1,1285.0,1286.5,1282.25,10658,136.66,1779,6415.0, 60.19,2026-04-20
JMA, EQ, 20-Apr-2026,85.01,85.57,87.01,82.5,83.54,83.65,84.41,12484,10.54,234,8766.0, 70.22,2026-04-20
JMFINANCIL, EQ, 20-Apr-2026,137.39,137.39,138.6,132.7,133.0,133.31,135.1,2633492,3557.77,18711,1322389.0, 50.21,2026-04-20
JNKINDIA, EQ, 20-Apr-2026,304.83,310.0,351.55,304.0,339.09,336.69,337.15,2793711,9418.96,44697,487979.0, 17.47,2026-04-20
JOCIL, EQ, 20-Apr-2026,121.76,120.03,126.9,117.11,123.0,122.31,122.52,4863,5.96,179,3427.0, 70.47,2026-04-20
JPOLYINVST, EQ, 20-Apr-2026,1179.1,1185.0,1185.0,1134.5,1135.2,1136.4,1153.17,12636,145.71,1608,5464.0, 43.24,2026-04-20
JPPOWER, EQ, 20-Apr-2026,19.2,19.3,19.44,18.75,19.03,19.08,19.1,98375618,18788.91,58816,28860289.0, 29.34,2026-04-20
JSFB, EQ, 20-Apr-2026,391.45,391.45,397.4,381.0,385.0,383.35,387.35,148715,576.05,2390,91536.0, 61.55,2026-04-20
JSL, EQ, 20-Apr-2026,788.2,791.0,794.4,778.45,787.0,789.9,787.9,587141,4626.11,26886,258141.0, 43.97,2026-04-20
JSLL, EQ, 20-Apr-2026,686.25,680.1,696.0,672.5,680.35,675.7,684.36,207707,1421.47,9143,92810.0, 44.68,2026-04-20
JSWCEMENT, EQ, 20-Apr-2026,125.88,126.46,130.73,124.47,130.5,129.45,127.27,3188321,4057.62,37304,1888752.0, 59.24,2026-04-20
JSWDULUX, EQ, 20-Apr-2026,2925.3,2917.0,2935.0,2878.0,2902.0,2895.6,2895.68,9100,263.51,2060,5118.0, 56.24,2026-04-20
JSWENERGY, EQ, 20-Apr-2026,538.05,540.0,550.6,528.5,541.0,543.05,541.58,5760078,31195.22,76422,2436724.0, 42.30,2026-04-20
JSWHL, EQ, 20-Apr-2026,13324.0,13502.0,13502.0,13002.0,13116.0,13065.0,13170.73,4747,625.21,1946,2880.0, 60.67,2026-04-20
JSWINFRA, EQ, 20-Apr-2026,274.26,274.24,280.44,269.75,276.5,278.5,276.11,2053075,5668.8,23711,1025110.0, 49.93,2026-04-20
JSWSTEEL, EQ, 20-Apr-2026,1240.3,1241.1,1279.0,1233.0,1275.0,1274.5,1267.91,4606071,58400.71,90000,2974364.0, 64.57,2026-04-20
JTEKTINDIA, EQ, 20-Apr-2026,132.83,132.9,134.0,131.61,132.7,132.25,132.79,90488,120.16,1246,33971.0, 37.54,2026-04-20
JTLIND, EQ, 20-Apr-2026,66.76,67.11,70.0,67.11,67.95,67.94,68.62,3405217,2336.72,10903,1242174.0, 36.48,2026-04-20
JUBLCPL, EQ, 20-Apr-2026,1880.1,1860.9,1899.9,1828.1,1850.0,1861.6,1867.42,5368,100.24,757,2895.0, 53.93,2026-04-20
JUBLFOOD, EQ, 20-Apr-2026,458.95,456.65,463.55,447.0,453.2,456.15,456.75,1529341,6985.19,28108,432010.0, 28.25,2026-04-20
JUBLINGREA, EQ, 20-Apr-2026,665.2,660.8,671.65,656.05,664.85,667.35,667.1,184766,1232.58,13932,112213.0, 60.73,2026-04-20
JUBLPHARMA, EQ, 20-Apr-2026,910.9,916.0,917.75,899.05,902.8,905.5,909.59,76772,698.31,7709,46321.0, 60.34,2026-04-20
JUNIORBEES, EQ, 20-Apr-2026,757.6,756.95,762.37,750.0,756.0,756.55,757.58,822748,6232.98,14590,457528.0, 55.61,2026-04-20
JUNIPER, EQ, 20-Apr-2026,214.79,217.0,217.0,209.0,210.49,209.96,210.86,138216,291.45,6661,86539.0, 62.61,2026-04-20
JUSTDIAL, EQ, 20-Apr-2026,549.7,552.0,552.0,541.1,546.0,546.45,546.7,199128,1088.64,8928,100060.0, 50.25,2026-04-20
JWL, EQ, 20-Apr-2026,286.23,286.01,286.18,277.5,278.2,278.95,281.42,1825112,5136.25,28404,581516.0, 31.86,2026-04-20
JYOTHYLAB, EQ, 20-Apr-2026,238.34,239.0,245.8,237.15,243.0,242.82,242.75,1378789,3346.96,32351,583040.0, 42.29,2026-04-20
JYOTICNC, EQ, 20-Apr-2026,707.3,708.2,767.9,701.6,742.0,743.45,746.51,8578450,64039.12,180975,1299192.0, 15.14,2026-04-20
JYOTIGLOBL, ST, 20-Apr-2026,45.1,45.1,45.1,42.85,42.85,42.85,43.18,26000,11.23,13,24000.0, 92.31,2026-04-20
JYOTISTRUC, EQ, 20-Apr-2026,13.18,13.2,13.39,12.8,13.15,13.2,13.08,9942804,1300.17,7636,4475620.0, 45.01,2026-04-20
K2INFRA, SM, 20-Apr-2026,52.1,51.85,51.9,51.85,51.9,51.9,51.86,6000,3.11,5,6000.0, 100.00,2026-04-20
KABRAEXTRU, EQ, 20-Apr-2026,241.41,240.0,243.51,235.7,237.0,236.54,240.2,15741,37.81,488,9199.0, 58.44,2026-04-20
KAJARIACER, EQ, 20-Apr-2026,1178.35,1178.35,1198.0,1158.9,1188.35,1187.2,1183.14,995478,11777.93,32085,703174.0, 70.64,2026-04-20
KAKATCEM, EQ, 20-Apr-2026,115.07,125.0,138.08,121.35,138.08,138.08,136.18,108397,147.61,973,42907.0, 39.58,2026-04-20
KALAMANDIR, EQ, 20-Apr-2026,102.39,102.75,103.08,100.27,101.4,101.57,101.59,560425,569.33,4085,270735.0, 48.31,2026-04-20
KALANA, ST, 20-Apr-2026,24.35,23.9,24.7,23.9,24.7,24.7,24.3,4000,0.97,2,4000.0, 100.00,2026-04-20
KALPATARU, EQ, 20-Apr-2026,311.05,319.0,335.85,309.6,323.45,321.95,322.33,399240,1286.86,7230,193702.0, 48.52,2026-04-20
KALYANIFRG, EQ, 20-Apr-2026,616.25,620.9,624.35,588.05,605.0,607.85,611.85,604,3.7,91,297.0, 49.17,2026-04-20
KALYANKJIL, EQ, 20-Apr-2026,426.85,426.85,427.0,415.7,416.65,417.5,420.02,4425676,18588.61,54484,1565446.0, 35.37,2026-04-20
KAMAHOLD, EQ, 20-Apr-2026,2516.75,2538.0,2538.0,2501.0,2505.0,2506.1,2517.03,457,11.5,47,398.0, 87.09,2026-04-20
KAMATHOTEL, EQ, 20-Apr-2026,171.78,171.91,171.91,164.79,168.98,168.08,167.71,59724,100.16,1165,26079.0, 43.67,2026-04-20
KAMDHENU, EQ, 20-Apr-2026,22.98,22.9,22.98,21.5,21.76,21.81,22.22,1166512,259.2,2509,640571.0, 54.91,2026-04-20
KAMOPAINTS, BE, 20-Apr-2026,5.75,5.97,5.97,5.51,5.8,5.79,5.77,312015,18.0,606,, -,2026-04-20
KANANIIND, EQ, 20-Apr-2026,1.74,1.78,1.78,1.67,1.68,1.68,1.71,209713,3.59,310,162501.0, 77.49,2026-04-20
KANCHI, EQ, 20-Apr-2026,400.95,418.0,418.0,386.0,409.0,400.65,402.39,127,0.51,18,67.0, 52.76,2026-04-20
KANDARP, SM, 20-Apr-2026,141.1,149.95,149.95,146.0,148.0,146.15,146.4,15000,21.96,11,14000.0, 93.33,2026-04-20
KANORICHEM, EQ, 20-Apr-2026,77.64,76.61,78.0,75.15,77.4,77.32,77.15,15460,11.93,217,7762.0, 50.21,2026-04-20
KANPRPLA, EQ, 20-Apr-2026,202.32,205.0,205.01,201.0,201.0,201.77,203.56,9849,20.05,354,6563.0, 66.64,2026-04-20
KANSAINER, EQ, 20-Apr-2026,203.09,205.01,206.99,198.19,203.09,204.07,203.1,491067,997.34,9795,200517.0, 40.83,2026-04-20
KAPSTON, BE, 20-Apr-2026,308.95,324.0,324.35,309.25,324.35,324.35,323.04,30352,98.05,524,, -,2026-04-20
KARMAENG, EQ, 20-Apr-2026,50.16,54.0,54.0,51.06,53.11,53.34,52.83,50598,26.73,534,36039.0, 71.23,2026-04-20
KARURVYSYA, EQ, 20-Apr-2026,277.55,277.55,279.6,273.1,274.75,274.75,276.79,2409425,6669.04,43506,1242964.0, 51.59,2026-04-20
KATARIA, SM, 20-Apr-2026,119.2,120.0,120.6,119.05,119.05,120.2,120.01,6600,7.92,10,6000.0, 90.91,2026-04-20
KAUSHALYA, EQ, 20-Apr-2026,892.2,892.25,899.95,862.4,872.9,875.7,884.82,261,2.31,49,172.0, 65.90,2026-04-20
KAVDEFENCE, BE, 20-Apr-2026,71.64,71.2,71.28,68.06,69.0,68.91,69.29,132939,92.12,1238,, -,2026-04-20
KAYA, EQ, 20-Apr-2026,292.12,293.15,296.0,278.0,281.99,280.65,282.77,24410,69.02,861,15105.0, 61.88,2026-04-20
KAYNES, EQ, 20-Apr-2026,4214.4,4220.0,4262.0,4116.1,4204.9,4222.6,4201.45,1389449,58377.06,79199,241970.0, 17.41,2026-04-20
KAYTEX, SM, 20-Apr-2026,71.9,70.5,71.9,70.5,71.9,71.9,70.97,2400,1.7,3,2400.0, 100.00,2026-04-20
KCEIL, SM, 20-Apr-2026,147.35,145.0,152.0,140.0,140.0,141.05,145.95,56000,81.73,100,40000.0, 71.43,2026-04-20
KCK, SM, 20-Apr-2026,13.5,13.5,13.5,12.15,12.75,12.95,12.62,880000,111.06,190,570000.0, 64.77,2026-04-20
KCP, EQ, 20-Apr-2026,164.94,164.94,167.9,161.22,164.65,165.78,164.62,171789,282.79,2576,77729.0, 45.25,2026-04-20
KCPSUGIND, EQ, 20-Apr-2026,26.5,26.8,26.8,25.72,25.95,26.13,26.19,164698,43.14,904,66288.0, 40.25,2026-04-20
KDDL, EQ, 20-Apr-2026,2422.1,2424.0,2448.8,2382.1,2383.1,2394.2,2408.72,6230,150.06,1252,3147.0, 50.51,2026-04-20
KDL, ST, 20-Apr-2026,163.4,168.0,171.55,157.0,171.55,171.55,169.31,35850,60.7,137,33150.0, 92.47,2026-04-20
KEC, EQ, 20-Apr-2026,580.05,580.7,581.8,557.15,559.55,559.55,563.13,2857974,16094.1,47541,1775273.0, 62.12,2026-04-20
KECL, EQ, 20-Apr-2026,138.83,140.0,148.0,140.0,143.39,143.72,144.42,1204758,1739.9,11310,457203.0, 37.95,2026-04-20
KEEPLEARN, EQ, 20-Apr-2026,2.0,2.0,2.03,1.93,2.03,2.01,2.0,64975,1.3,90,61742.0, 95.02,2026-04-20
KEI, EQ, 20-Apr-2026,4839.3,4839.3,4954.4,4725.4,4887.8,4880.6,4891.93,360940,17656.93,34189,135999.0, 37.68,2026-04-20
KELLTONTEC, EQ, 20-Apr-2026,15.77,15.82,16.76,15.3,15.93,15.92,16.14,9159614,1478.51,11661,2817590.0, 30.76,2026-04-20
KENNAMET, EQ, 20-Apr-2026,2476.1,2430.0,2498.9,2430.0,2479.0,2462.0,2467.2,1331,32.84,254,976.0, 73.33,2026-04-20
KERNEX, EQ, 20-Apr-2026,1172.85,1175.0,1186.0,1146.0,1155.0,1154.45,1159.67,81269,942.46,4274,37154.0, 45.72,2026-04-20
KESORAMIND, EQ, 20-Apr-2026,10.6,10.99,11.13,10.34,10.71,10.61,10.89,3465171,377.46,3235,1583925.0, 45.71,2026-04-20
KEYFINSERV, EQ, 20-Apr-2026,289.4,289.4,294.1,276.5,278.0,278.26,282.35,3785,10.69,223,1985.0, 52.44,2026-04-20
KFINTECH, EQ, 20-Apr-2026,976.0,980.0,989.5,960.0,971.3,975.1,977.06,1214583,11867.17,37086,420976.0, 34.66,2026-04-20
KHADIM, EQ, 20-Apr-2026,107.2,108.39,108.39,101.36,102.7,102.32,103.41,155311,160.61,2285,76714.0, 49.39,2026-04-20
KHAICHEM, EQ, 20-Apr-2026,61.93,62.12,62.79,60.19,60.87,60.97,61.09,193163,118.0,1945,88699.0, 45.92,2026-04-20
KHAITANLTD, EQ, 20-Apr-2026,110.2,118.99,132.24,110.2,132.24,132.24,127.82,33507,42.83,466,20635.0, 61.58,2026-04-20
KHANDSE, EQ, 20-Apr-2026,16.31,16.38,16.38,15.41,16.1,15.86,15.7,2031,0.32,55,1180.0, 58.10,2026-04-20
KHFM, SM, 20-Apr-2026,52.35,53.9,53.9,51.0,51.0,52.45,52.45,3100,1.63,2,3100.0, 100.00,2026-04-20
KICL, EQ, 20-Apr-2026,4781.0,4787.8,4850.0,4674.0,4776.0,4768.4,4764.64,2271,108.21,471,1261.0, 55.53,2026-04-20
KILITCH, EQ, 20-Apr-2026,135.07,135.1,139.83,134.09,136.4,135.37,137.18,55512,76.15,1101,26498.0, 47.73,2026-04-20
KIMS, EQ, 20-Apr-2026,682.15,682.15,691.9,672.75,679.95,678.2,680.02,692379,4708.33,27220,388948.0, 56.18,2026-04-20
KINGFA, EQ, 20-Apr-2026,4735.6,4720.0,4819.2,4720.0,4760.0,4761.0,4766.88,4020,191.63,1121,2307.0, 57.39,2026-04-20
KIOCL, EQ, 20-Apr-2026,411.65,411.0,412.2,395.0,396.0,397.15,401.36,329288,1321.64,10733,138265.0, 41.99,2026-04-20
KIRANVYPAR, EQ, 20-Apr-2026,186.65,176.0,195.0,176.0,185.0,189.5,190.9,74,0.14,10,67.0, 90.54,2026-04-20
KIRIINDUS, EQ, 20-Apr-2026,418.65,419.05,423.45,410.2,413.0,415.2,416.56,222643,927.44,4794,103014.0, 46.27,2026-04-20
KIRLFER, EQ, 20-Apr-2026,452.2,443.4,448.0,423.1,424.3,427.25,435.3,23647,102.94,953,19835.0, 83.88,2026-04-20
KIRLOSBROS, EQ, 20-Apr-2026,1764.3,1764.4,1773.0,1721.3,1738.0,1736.3,1749.99,67792,1186.35,7808,27537.0, 40.62,2026-04-20
KIRLOSENG, EQ, 20-Apr-2026,1618.4,1625.0,1687.5,1613.5,1642.0,1639.9,1655.34,620064,10264.19,40460,229571.0, 37.02,2026-04-20
KIRLOSIND, EQ, 20-Apr-2026,3180.3,3164.4,3164.4,3065.2,3081.2,3102.0,3122.41,10980,342.84,1566,6928.0, 63.10,2026-04-20
KIRLPNU, EQ, 20-Apr-2026,1263.4,1267.0,1371.0,1258.8,1370.0,1363.8,1342.7,446000,5988.45,32093,189707.0, 42.54,2026-04-20
KITEX, EQ, 20-Apr-2026,171.96,171.6,171.6,166.8,167.56,167.24,168.22,646383,1087.36,4821,282263.0, 43.67,2026-04-20
KKCL, EQ, 20-Apr-2026,480.25,480.25,484.7,474.75,478.0,476.0,478.79,14024,67.15,1063,8954.0, 63.85,2026-04-20
KKJEWELS, SM, 20-Apr-2026,106.55,102.05,112.75,102.0,107.0,107.0,107.17,51000,54.66,38,38000.0, 74.51,2026-04-20
KLBRENG-B, EQ, 20-Apr-2026,513.7,515.0,533.0,500.1,520.0,519.8,518.41,36969,191.65,1036,32008.0, 86.58,2026-04-20
KLL, SM, 20-Apr-2026,42.6,39.1,42.4,39.1,41.9,41.9,40.63,3200,1.3,3,2400.0, 75.00,2026-04-20
KMEW, EQ, 20-Apr-2026,1771.3,1779.8,1787.3,1681.1,1692.0,1700.2,1728.67,87616,1514.59,7882,37677.0, 43.00,2026-04-20
KMSUGAR, EQ, 20-Apr-2026,27.89,27.94,28.34,27.41,28.0,27.89,27.88,115969,32.33,1066,39409.0, 33.98,2026-04-20
KNAGRI, EQ, 20-Apr-2026,208.57,206.5,209.45,195.35,195.35,197.47,200.07,19649,39.31,1191,11940.0, 60.77,2026-04-20
KNRCON, EQ, 20-Apr-2026,123.92,124.5,124.5,120.13,120.77,120.96,121.65,2041881,2483.91,24108,909266.0, 44.53,2026-04-20
KODYTECH, ST, 20-Apr-2026,745.0,730.1,730.1,730.1,730.1,730.1,730.1,1100,8.03,10,1100.0, 100.00,2026-04-20
KOHINOOR, EQ, 20-Apr-2026,25.56,26.2,26.2,24.8,25.24,25.26,25.49,17745,4.52,230,11581.0, 65.26,2026-04-20
KOKUYOCMLN, EQ, 20-Apr-2026,89.26,89.53,90.0,87.3,89.35,89.03,88.8,77557,68.87,621,57558.0, 74.21,2026-04-20
KOLTEPATIL, EQ, 20-Apr-2026,365.15,362.8,408.0,358.05,400.0,401.4,397.26,2390274,9495.62,41089,356843.0, 14.93,2026-04-20
KONSTELEC, SM, 20-Apr-2026,44.7,46.8,46.9,46.35,46.9,46.9,46.68,20000,9.34,20,18000.0, 90.00,2026-04-20
KONTOR, SM, 20-Apr-2026,76.95,78.0,78.0,75.05,75.05,75.05,77.02,1800,1.39,3,1200.0, 66.67,2026-04-20
KOPRAN, EQ, 20-Apr-2026,159.29,158.79,158.79,154.0,155.01,155.33,156.33,148640,232.37,1623,90862.0, 61.13,2026-04-20
KORE, SM, 20-Apr-2026,132.9,132.9,139.5,132.9,139.0,139.0,137.68,4250,5.85,14,4000.0, 94.12,2026-04-20
KOTAKBANK, EQ, 20-Apr-2026,383.6,384.1,386.0,378.0,380.0,379.2,380.55,11146713,42418.86,161795,6787723.0, 60.89,2026-04-20
KOTARISUG, EQ, 20-Apr-2026,27.84,27.32,27.99,26.61,27.8,27.61,27.41,57029,15.63,707,27064.0, 47.46,2026-04-20
KOTHARIPET, EQ, 20-Apr-2026,135.24,135.24,141.9,135.24,138.1,138.6,138.95,107531,149.41,1591,65010.0, 60.46,2026-04-20
KOTHARIPRO, EQ, 20-Apr-2026,74.4,74.77,75.0,71.25,71.64,71.53,72.31,52043,37.63,607,31658.0, 60.83,2026-04-20
KOTIC, EQ, 20-Apr-2026,171.8,170.95,178.05,155.0,174.8,174.8,170.86,1271,2.17,72,1184.0, 93.15,2026-04-20
KOTYARK, EQ, 20-Apr-2026,360.9,368.95,373.8,360.0,373.0,372.4,368.15,19140,70.46,434,12931.0, 67.56,2026-04-20
KOVAI, EQ, 20-Apr-2026,2576.65,5499.9,5500.0,5350.1,5490.0,5487.9,5444.09,915,49.81,318,641.0, 70.05,2026-04-20
KPEL, EQ, 20-Apr-2026,357.87,356.99,365.8,342.74,349.0,347.45,352.98,642841,2269.1,13611,222524.0, 34.62,2026-04-20
KPIGREEN, EQ, 20-Apr-2026,448.25,446.0,451.5,437.3,438.7,440.55,443.6,944907,4191.59,22712,337237.0, 35.69,2026-04-20
KPIL, EQ, 20-Apr-2026,1231.7,1239.0,1248.0,1213.2,1240.0,1241.5,1237.66,137848,1706.09,11375,72062.0, 52.28,2026-04-20
KPITTECH, EQ, 20-Apr-2026,747.8,748.65,750.45,724.35,732.0,734.4,734.76,1674776,12305.63,46893,606654.0, 36.22,2026-04-20
KPL, EQ, 20-Apr-2026,1747.0,1747.0,1770.0,1650.0,1665.0,1662.6,1685.81,10069,169.74,820,5942.0, 59.01,2026-04-20
KPRMILL, EQ, 20-Apr-2026,927.7,925.0,933.0,911.0,917.9,919.6,923.53,362530,3348.07,25911,198443.0, 54.74,2026-04-20
KRBL, EQ, 20-Apr-2026,351.05,352.9,352.9,342.75,345.5,345.6,347.19,524148,1819.78,12051,245366.0, 46.81,2026-04-20
KREBSBIO, BE, 20-Apr-2026,62.12,62.0,62.26,59.02,59.02,59.38,59.77,3699,2.21,40,, -,2026-04-20
KRIDHANINF, EQ, 20-Apr-2026,2.63,2.63,2.69,2.53,2.59,2.6,2.59,121609,3.14,258,89230.0, 73.37,2026-04-20
KRISHANA, EQ, 20-Apr-2026,626.0,626.0,644.0,616.05,639.0,638.75,635.94,264395,1681.4,8104,144880.0, 54.80,2026-04-20
KRISHCA, SM, 20-Apr-2026,182.55,184.9,184.9,176.55,176.65,177.65,178.47,21000,37.48,36,16500.0, 78.57,2026-04-20
KRISHIVAL, EQ, 20-Apr-2026,327.1,389.7,389.7,326.7,327.7,327.8,335.32,13516,45.32,458,9065.0, 67.07,2026-04-20
KRISHNADEF, EQ, 20-Apr-2026,1043.55,1035.0,1057.85,1020.0,1024.0,1024.85,1031.14,66803,688.83,3697,33743.0, 50.51,2026-04-20
KRISHPP, E1, 20-Apr-2026,108.0,108.05,108.05,108.0,108.0,108.0,108.01,12,0.01,2,12.0, 100.00,2026-04-20
KRITI, EQ, 20-Apr-2026,83.74,84.0,85.88,80.6,80.77,81.75,84.3,38024,32.05,1341,17146.0, 45.09,2026-04-20
KRITIKA, EQ, 20-Apr-2026,6.26,6.5,6.5,6.22,6.36,6.31,6.3,190322,11.99,679,146840.0, 77.15,2026-04-20
KRITINUT, EQ, 20-Apr-2026,88.0,90.45,99.78,84.1,98.0,98.03,94.25,625670,589.72,7247,226734.0, 36.24,2026-04-20
KRMAYURVED, SM, 20-Apr-2026,238.35,240.0,244.5,229.0,229.1,229.1,237.62,32000,76.04,29,26000.0, 81.25,2026-04-20
KRN, EQ, 20-Apr-2026,1269.9,1269.0,1314.0,1226.7,1236.0,1245.8,1267.53,1445860,18326.65,51978,402744.0, 27.85,2026-04-20
KRONOX, EQ, 20-Apr-2026,132.67,133.95,133.95,130.0,131.0,130.54,132.0,25087,33.11,752,12140.0, 48.39,2026-04-20
KROSS, EQ, 20-Apr-2026,194.33,194.2,199.49,190.61,195.3,194.35,195.43,287354,561.56,5303,108884.0, 37.89,2026-04-20
KRSNAA, EQ, 20-Apr-2026,622.75,627.45,627.45,612.05,620.0,625.0,620.03,97938,607.25,5919,74150.0, 75.71,2026-04-20
KRT, RR, 20-Apr-2026,116.38,116.4,116.9,115.0,115.95,115.72,115.46,357140,412.34,31891,251846.0, 70.52,2026-04-20
KRYSTAL, EQ, 20-Apr-2026,585.05,588.0,598.35,571.1,577.0,578.65,585.32,28155,164.8,1380,12570.0, 44.65,2026-04-20
KSB, EQ, 20-Apr-2026,968.2,978.2,1011.5,959.05,980.5,981.95,987.53,983657,9713.95,43308,554559.0, 56.38,2026-04-20
KSCL, EQ, 20-Apr-2026,923.35,923.35,939.7,907.15,929.0,933.6,929.45,141620,1316.29,4506,77768.0, 54.91,2026-04-20
KSHINTL, EQ, 20-Apr-2026,589.65,594.9,610.9,553.1,563.8,563.25,575.29,561199,3228.54,18873,268308.0, 47.81,2026-04-20
KSHITIJPOL, BE, 20-Apr-2026,2.85,2.86,2.95,2.85,2.9,2.89,2.9,107412,3.11,216,, -,2026-04-20
KSL, EQ, 20-Apr-2026,746.6,731.0,764.15,731.0,757.0,755.15,752.64,73805,555.49,3220,41222.0, 55.85,2026-04-20
KSOLVES, EQ, 20-Apr-2026,349.27,353.99,353.99,338.1,341.0,345.1,345.92,70329,243.29,2464,36701.0, 52.18,2026-04-20
KSR, BE, 20-Apr-2026,37.7,37.7,38.75,35.9,35.9,36.04,37.35,44799,16.73,111,, -,2026-04-20
KTKBANK, EQ, 20-Apr-2026,246.23,247.69,255.5,243.5,244.2,245.67,249.5,5817601,14514.74,42454,2864436.0, 49.24,2026-04-20
KUANTUM, EQ, 20-Apr-2026,84.85,85.98,86.08,79.0,80.0,81.31,83.95,82610,69.35,911,58973.0, 71.39,2026-04-20
KWIL, EQ, 20-Apr-2026,26.02,26.02,28.89,25.72,27.9,27.86,27.96,37697784,10541.06,62729,13635993.0, 36.17,2026-04-20
LAGNAM, EQ, 20-Apr-2026,69.06,71.99,79.89,71.79,74.5,73.87,75.71,68490,51.86,811,39163.0, 57.18,2026-04-20
LAHOTIOV, EQ, 20-Apr-2026,44.1,44.1,44.1,44.1,44.1,44.1,44.1,10,0.0,2,10.0, 100.00,2026-04-20
LAKPRE, BZ, 20-Apr-2026,5.4,5.51,5.51,5.27,5.27,5.27,5.39,171,0.01,5,, -,2026-04-20
LAKSHYA, SM, 20-Apr-2026,151.8,165.9,165.9,152.2,156.5,156.95,160.58,243200,390.54,261,165600.0, 68.09,2026-04-20
LAL, EQ, 20-Apr-2026,7.59,7.68,7.68,7.2,7.41,7.3,7.48,72983,5.46,211,54156.0, 74.20,2026-04-20
LALPATHLAB, EQ, 20-Apr-2026,1402.1,1404.5,1424.9,1394.2,1415.0,1418.6,1411.61,257134,3629.72,35440,150112.0, 58.38,2026-04-20
LAMBODHARA, EQ, 20-Apr-2026,109.62,109.62,109.62,104.79,106.0,106.07,106.54,6962,7.42,308,4093.0, 58.79,2026-04-20
LAMOSAIC, SM, 20-Apr-2026,26.7,27.45,27.5,26.0,26.15,26.1,26.85,12600,3.38,19,11400.0, 90.48,2026-04-20
LANCORHOL, BE, 20-Apr-2026,25.99,24.76,26.4,24.76,25.0,25.04,25.21,18641,4.7,103,, -,2026-04-20
LANDMARK, EQ, 20-Apr-2026,425.95,425.95,426.6,412.1,415.0,415.15,419.35,50874,213.34,1535,27253.0, 53.57,2026-04-20
LANDSMILL, EQ, 20-Apr-2026,1.09,1.09,1.09,1.02,1.06,1.05,1.05,5254372,55.0,1703,3482983.0, 66.29,2026-04-20
LAOPALA, EQ, 20-Apr-2026,180.4,182.0,187.25,178.25,183.0,182.54,183.18,179150,328.16,4939,89553.0, 49.99,2026-04-20
LASA, BE, 20-Apr-2026,8.48,8.5,8.9,8.47,8.66,8.64,8.66,34089,2.95,118,, -,2026-04-20
LATENTVIEW, EQ, 20-Apr-2026,310.95,310.95,311.3,300.1,302.2,302.95,305.56,600602,1835.2,14574,222916.0, 37.12,2026-04-20
LATTEYS, EQ, 20-Apr-2026,22.31,22.31,22.99,21.5,21.85,21.85,21.9,48139,10.54,427,43003.0, 89.33,2026-04-20
LAURUSLABS, EQ, 20-Apr-2026,1135.75,1135.75,1144.85,1118.4,1125.95,1129.5,1135.44,1180808,13407.37,37271,565846.0, 47.92,2026-04-20
LAXMICOT, BE, 20-Apr-2026,15.65,15.95,15.95,14.9,15.65,15.51,15.42,16406,2.53,67,, -,2026-04-20
LAXMIDENTL, EQ, 20-Apr-2026,195.04,195.0,198.39,189.9,192.54,193.42,194.3,116498,226.36,2533,34517.0, 29.63,2026-04-20
LAXMIINDIA, EQ, 20-Apr-2026,120.36,120.4,123.72,117.05,122.0,122.12,120.46,361545,435.5,2790,187532.0, 51.87,2026-04-20
LCCINFOTEC, BE, 20-Apr-2026,4.97,4.97,5.21,4.8,5.09,4.84,5.06,35809,1.81,54,, -,2026-04-20
LEMERITE, EQ, 20-Apr-2026,438.0,441.0,442.35,432.1,432.5,433.55,435.6,19207,83.67,314,13063.0, 68.01,2026-04-20
LEMONTREE, EQ, 20-Apr-2026,114.55,114.95,117.3,112.8,113.2,113.13,114.42,5041779,5768.83,52636,2220460.0, 44.04,2026-04-20
LENSKART, EQ, 20-Apr-2026,534.55,533.5,537.45,508.9,536.2,532.7,523.06,4663617,24393.53,77044,1879829.0, 40.31,2026-04-20
LEXUS, BE, 20-Apr-2026,19.14,20.09,20.09,18.55,19.67,19.76,19.73,121490,23.98,287,, -,2026-04-20
LFIC, EQ, 20-Apr-2026,147.32,147.33,147.33,138.1,138.51,139.35,141.36,7772,10.99,388,5625.0, 72.38,2026-04-20
LGBBROSLTD, EQ, 20-Apr-2026,1756.8,1770.0,1774.0,1719.5,1722.0,1743.0,1752.26,31918,559.29,5820,16540.0, 51.82,2026-04-20
LGEINDIA, EQ, 20-Apr-2026,1578.7,1578.7,1597.7,1551.0,1589.0,1594.1,1578.21,924858,14596.24,44113,498402.0, 53.89,2026-04-20
LGHL, EQ, 20-Apr-2026,267.59,256.0,275.01,256.0,264.0,264.09,264.1,1531,4.04,130,664.0, 43.37,2026-04-20
LIBAS, EQ, 20-Apr-2026,11.92,11.85,11.97,11.65,11.67,11.84,11.82,14270,1.69,136,13666.0, 95.77,2026-04-20
LIBERTSHOE, EQ, 20-Apr-2026,270.09,270.0,271.19,261.0,265.4,264.97,266.57,19432,51.8,674,8203.0, 42.21,2026-04-20
LICHSGFIN, EQ, 20-Apr-2026,540.0,540.1,545.2,530.35,535.75,536.7,539.47,1115177,6016.05,20856,498204.0, 44.67,2026-04-20
LICI, EQ, 20-Apr-2026,842.2,842.2,842.2,826.15,827.2,828.1,831.85,1651435,13737.39,43659,599555.0, 36.31,2026-04-20
LICMFGOLD, EQ, 20-Apr-2026,136.15,136.6,136.75,135.15,135.9,135.85,136.03,201987,274.77,1762,137745.0, 68.19,2026-04-20
LICNETFGSC, EQ, 20-Apr-2026,28.85,28.12,28.98,28.12,28.75,28.81,28.82,83291,24.0,168,73382.0, 88.10,2026-04-20
LICNETFN50, EQ, 20-Apr-2026,272.05,275.9,275.9,270.05,270.28,270.35,271.36,2228,6.05,44,1855.0, 83.26,2026-04-20
LICNETFSEN, EQ, 20-Apr-2026,880.68,887.03,887.03,880.34,880.34,882.0,883.24,12,0.11,9,7.0, 58.33,2026-04-20
LICNFNHGP, EQ, 20-Apr-2026,274.9,274.44,277.17,274.44,274.69,276.19,276.27,84,0.23,18,70.0, 83.33,2026-04-20
LICNMID100, EQ, 20-Apr-2026,60.15,60.16,60.62,59.7,60.18,60.06,60.19,20560,12.38,138,14732.0, 71.65,2026-04-20
LIKHITHA, BE, 20-Apr-2026,233.16,236.98,236.98,223.2,230.0,230.48,231.71,34921,80.91,459,, -,2026-04-20
LINC, EQ, 20-Apr-2026,100.81,100.81,100.81,98.62,99.42,99.28,99.54,38434,38.26,497,31416.0, 81.74,2026-04-20
LINCOLN, EQ, 20-Apr-2026,587.25,594.0,626.9,576.0,617.0,616.05,614.28,126634,777.89,5553,59106.0, 46.67,2026-04-20
LINDEINDIA, EQ, 20-Apr-2026,7239.5,7240.0,7318.5,7009.0,7050.0,7065.0,7113.85,41965,2985.33,11098,21517.0, 51.27,2026-04-20
LIQGRWBEES, EQ, 20-Apr-2026,1036.01,1036.0,1036.15,1036.0,1036.15,1036.13,1036.13,165323,1712.96,548,163114.0, 98.66,2026-04-20
LIQUID, EQ, 20-Apr-2026,999.99,999.97,1000.0,999.97,1000.0,999.99,1000.0,958509,9585.05,1202,525798.0, 54.86,2026-04-20
LIQUID1, EQ, 20-Apr-2026,1100.46,1100.4,1100.62,1100.4,1100.61,1100.61,1100.61,684022,7528.42,618,439509.0, 64.25,2026-04-20
LIQUIDADD, EQ, 20-Apr-2026,1122.63,1122.76,1122.78,1122.76,1122.78,1122.77,1122.77,696865,7824.17,798,477279.0, 68.49,2026-04-20
LIQUIDBEES, EQ, 20-Apr-2026,1000.0,999.0,1000.01,999.0,1000.0,999.99,999.99,11672917,116728.19,22130,11438230.0, 97.99,2026-04-20
LIQUIDBETF, EQ, 20-Apr-2026,1077.98,1077.76,1078.12,1077.76,1078.12,1078.11,1078.11,438079,4722.97,1494,249808.0, 57.02,2026-04-20
LIQUIDCASE, EQ, 20-Apr-2026,113.67,113.68,113.7,113.68,113.69,113.68,113.68,41767900,47483.36,16961,36782303.0, 88.06,2026-04-20
LIQUIDETF, EQ, 20-Apr-2026,1000.0,999.99,1000.01,999.99,1000.0,1000.0,1000.0,363646,3636.45,985,346029.0, 95.16,2026-04-20
LIQUIDIETF, EQ, 20-Apr-2026,999.99,999.99,1001.76,999.99,1000.0,1000.0,1000.0,889481,8894.83,1357,627493.0, 70.55,2026-04-20
LIQUIDPLUS, EQ, 20-Apr-2026,1081.59,1081.0,1082.6,1077.75,1081.74,1081.73,1081.65,321583,3478.41,971,230430.0, 71.65,2026-04-20
LIQUIDSBI, EQ, 20-Apr-2026,1000.0,999.99,1000.01,999.99,999.99,999.99,1000.0,16496,164.96,50,9260.0, 56.13,2026-04-20
LIQUIDSHRI, EQ, 20-Apr-2026,1100.71,1100.85,1100.87,1100.85,1100.85,1100.86,1100.85,11730,129.13,93,11293.0, 96.27,2026-04-20
LLOYDS, ST, 20-Apr-2026,81.45,81.4,85.5,81.4,85.5,85.5,84.93,61000,51.81,29,59000.0, 96.72,2026-04-20
LLOYDSENGG, EQ, 20-Apr-2026,55.86,56.01,57.27,54.0,55.55,55.53,55.83,8593687,4797.44,34550,2806610.0, 32.66,2026-04-20
LLOYDSENT, EQ, 20-Apr-2026,63.44,64.02,67.0,64.02,65.97,65.88,65.86,5277307,3475.67,16036,2517757.0, 47.71,2026-04-20
LLOYDSME, EQ, 20-Apr-2026,1623.3,1631.0,1653.0,1618.4,1622.0,1629.1,1637.92,760276,12452.71,28216,400293.0, 52.65,2026-04-20
LMW, EQ, 20-Apr-2026,14349.0,14400.0,14440.0,14000.0,14100.0,14142.0,14249.36,2464,351.1,1337,941.0, 38.19,2026-04-20
LODHA, EQ, 20-Apr-2026,872.55,869.0,873.65,846.85,854.0,856.55,858.22,1454799,12485.31,29214,477998.0, 32.86,2026-04-20
LOKESHMACH, EQ, 20-Apr-2026,275.27,279.0,284.8,270.5,278.78,279.03,276.86,89437,247.62,5126,30144.0, 33.70,2026-04-20
LORDSCHLO, EQ, 20-Apr-2026,157.74,156.05,159.97,150.0,153.85,152.55,155.27,10819,16.8,317,5862.0, 54.18,2026-04-20
LOTUSDEV, EQ, 20-Apr-2026,139.93,141.38,146.92,137.5,146.92,145.28,144.11,1636454,2358.26,11457,1140529.0, 69.70,2026-04-20
LOTUSEYE, EQ, 20-Apr-2026,111.51,113.9,114.8,109.32,109.32,111.29,112.66,7921,8.92,214,5380.0, 67.92,2026-04-20
LOVABLE, EQ, 20-Apr-2026,74.08,72.55,74.08,71.42,72.5,72.17,72.9,7945,5.79,319,3548.0, 44.66,2026-04-20
LOWVOL, EQ, 20-Apr-2026,203.32,203.3,203.72,202.01,203.23,203.23,202.41,2523,5.11,22,2111.0, 83.67,2026-04-20
LOWVOL1, EQ, 20-Apr-2026,20.74,20.22,21.0,20.22,20.99,20.72,20.77,188407,39.14,226,161738.0, 85.85,2026-04-20
LOWVOLIETF, EQ, 20-Apr-2026,21.75,22.12,22.12,21.66,21.7,21.7,21.75,1399167,304.34,1328,1004408.0, 71.79,2026-04-20
LOYALTEX, BE, 20-Apr-2026,200.73,209.4,209.4,197.7,206.94,206.94,202.97,227,0.46,19,, -,2026-04-20
LPDC, BE, 20-Apr-2026,6.91,6.91,7.25,6.71,7.25,7.25,7.1,103445,7.35,169,, -,2026-04-20
LRRPL, SM, 20-Apr-2026,80.4,76.5,78.0,76.5,78.0,78.0,77.25,3000,2.32,2,3000.0, 100.00,2026-04-20
LT, EQ, 20-Apr-2026,4096.1,4100.0,4130.0,4024.0,4039.0,4051.0,4065.75,3545024,144131.71,196896,2152283.0, 60.71,2026-04-20
LTF, EQ, 20-Apr-2026,287.14,287.14,293.97,283.71,289.4,290.15,290.64,4638480,13481.39,47199,1570779.0, 33.86,2026-04-20
LTFOODS, EQ, 20-Apr-2026,422.0,421.7,422.75,413.5,414.35,415.65,419.09,381844,1600.26,16412,137134.0, 35.91,2026-04-20
LTGILTBEES, EQ, 20-Apr-2026,29.3,29.31,29.31,29.21,29.24,29.23,29.24,1252094,366.17,913,902609.0, 72.09,2026-04-20
LTGILTCASE, EQ, 20-Apr-2026,29.81,29.78,29.83,29.73,29.8,29.82,29.81,55842,16.65,256,52880.0, 94.70,2026-04-20
LTM, EQ, 20-Apr-2026,4753.6,4753.6,4757.9,4680.7,4700.0,4715.8,4714.67,185410,8741.47,21639,84088.0, 45.35,2026-04-20
LTTS, EQ, 20-Apr-2026,3490.1,3499.0,3610.0,3438.0,3539.0,3572.5,3529.49,160914,5679.44,22618,77134.0, 47.93,2026-04-20
LUMAXIND, EQ, 20-Apr-2026,5573.4,5600.0,5625.9,5463.9,5523.0,5517.1,5510.03,10828,596.63,2733,5179.0, 47.83,2026-04-20
LUMAXTECH, EQ, 20-Apr-2026,1794.9,1750.0,1810.1,1750.0,1786.4,1795.4,1786.82,225627,4031.55,20879,105490.0, 46.75,2026-04-20
LUPIN, EQ, 20-Apr-2026,2326.1,2323.0,2339.3,2303.7,2330.0,2328.7,2330.2,720175,16781.55,41193,410115.0, 56.95,2026-04-20
LUXIND, EQ, 20-Apr-2026,1485.75,1499.0,1539.0,1479.3,1481.75,1490.0,1515.89,168276,2550.87,8047,62587.0, 37.19,2026-04-20
LXCHEM, EQ, 20-Apr-2026,142.1,143.23,146.77,139.29,141.0,141.58,142.93,657517,939.77,7162,223676.0, 34.02,2026-04-20
LYKALABS, BE, 20-Apr-2026,59.83,59.5,61.25,58.01,58.03,58.15,59.46,17345,10.31,155,, -,2026-04-20
LYPSAGEMS, EQ, 20-Apr-2026,5.2,5.29,5.96,5.1,5.44,5.45,5.52,56934,3.14,434,42371.0, 74.42,2026-04-20
M&M, EQ, 20-Apr-2026,3200.2,3207.0,3235.5,3162.6,3212.5,3221.6,3209.22,3201466,102742.04,165825,1954463.0, 61.05,2026-04-20
M&MFIN, EQ, 20-Apr-2026,299.35,300.95,306.1,296.25,303.6,303.6,302.87,2548442,7718.58,59012,1257164.0, 49.33,2026-04-20
M&MFIN, N3, 20-Apr-2026,2322.01,1996.25,2330.0,1996.25,2324.0,2324.0,2215.39,600,13.29,5,600.0, 100.00,2026-04-20
MAANALU, EQ, 20-Apr-2026,143.96,144.98,144.98,139.1,139.48,139.73,140.93,100380,141.47,1615,58193.0, 57.97,2026-04-20
MACOBSTECH, SM, 20-Apr-2026,205.5,202.0,207.0,200.0,207.0,204.85,202.03,7200,14.55,8,7200.0, 100.00,2026-04-20
MACPOWER, EQ, 20-Apr-2026,1060.65,1068.65,1131.95,1060.95,1130.0,1121.0,1106.65,39723,439.59,2877,18660.0, 46.98,2026-04-20
MADHAV, EQ, 20-Apr-2026,37.23,37.99,38.0,36.0,36.0,36.02,37.16,3320,1.23,124,1888.0, 56.87,2026-04-20
MADHAVIPL, EQ, 20-Apr-2026,9.15,9.1,9.45,8.0,8.9,8.9,8.91,134271,11.96,190,74353.0, 55.38,2026-04-20
MADHUCON, BE, 20-Apr-2026,4.99,5.18,5.18,4.84,4.87,4.9,5.06,11114,0.56,35,, -,2026-04-20
MADHUSUDAN, SM, 20-Apr-2026,151.3,151.3,151.3,146.6,149.0,149.0,148.6,10000,14.86,10,8000.0, 80.00,2026-04-20
MADRASFERT, EQ, 20-Apr-2026,70.85,70.98,70.98,68.02,68.2,68.55,69.5,116639,81.06,1739,67556.0, 57.92,2026-04-20
MAFANG, EQ, 20-Apr-2026,175.5,175.9,175.9,171.11,175.9,175.9,175.87,448772,789.28,7436,402207.0, 89.62,2026-04-20
MAFATIND, EQ, 20-Apr-2026,132.4,137.0,137.0,130.0,131.1,130.65,132.65,12591,16.7,518,8477.0, 67.33,2026-04-20
MAGADSUGAR, EQ, 20-Apr-2026,515.85,515.2,522.0,503.6,510.0,507.0,511.17,22486,114.94,1773,9695.0, 43.12,2026-04-20
MAGNUM, BE, 20-Apr-2026,21.88,22.29,22.29,21.15,21.56,21.56,21.6,11598,2.5,70,, -,2026-04-20
MAGSON, ST, 20-Apr-2026,190.0,180.5,181.0,180.5,180.5,180.5,180.61,9000,16.26,8,9000.0, 100.00,2026-04-20
MAHABANK, EQ, 20-Apr-2026,72.73,73.01,76.95,72.31,74.82,75.54,74.69,48456248,36193.65,127236,16113332.0, 33.25,2026-04-20
MAHAPE-RE, BE, 20-Apr-2026,36.91,34.01,39.0,34.01,36.15,35.16,36.33,15995,5.81,96,, -,2026-04-20
MAHAPEXLTD, EQ, 20-Apr-2026,50.74,52.5,52.5,50.0,50.8,50.36,50.82,7110,3.61,255,4350.0, 61.18,2026-04-20
MAHASTEEL, BE, 20-Apr-2026,903.25,868.0,894.0,866.25,866.25,868.45,870.23,2288,19.91,133,, -,2026-04-20
MAHEPC, EQ, 20-Apr-2026,125.71,127.89,128.0,124.6,124.8,125.38,126.57,32137,40.68,833,18976.0, 59.05,2026-04-20
MAHESHWARI, EQ, 20-Apr-2026,50.08,49.11,51.25,47.61,50.0,50.01,49.61,23092,11.46,305,14035.0, 60.78,2026-04-20
MAHICKRA, ST, 20-Apr-2026,221.2,225.0,229.0,222.0,222.0,222.0,225.99,7500,16.95,8,7500.0, 100.00,2026-04-20
MAHKTECH, EQ, 20-Apr-2026,23.53,24.03,24.37,24.03,24.37,24.37,24.35,1355339,329.99,6159,1274223.0, 94.02,2026-04-20
MAHLIFE, EQ, 20-Apr-2026,325.15,325.45,325.95,315.75,320.0,320.75,320.04,419502,1342.59,9768,278187.0, 66.31,2026-04-20
MAHLOG, EQ, 20-Apr-2026,431.6,431.7,436.2,425.7,432.9,432.35,432.98,156139,676.05,4173,78719.0, 50.42,2026-04-20
MAHSCOOTER, EQ, 20-Apr-2026,13116.0,13182.0,13209.0,12975.0,13031.0,13039.0,13071.77,2300,300.65,1159,1227.0, 53.35,2026-04-20
MAHSEAMLES, EQ, 20-Apr-2026,642.9,644.5,650.7,638.0,645.0,644.9,644.8,203471,1311.97,10504,110931.0, 54.52,2026-04-20
MAITHANALL, EQ, 20-Apr-2026,1036.15,1029.3,1046.6,1009.95,1019.0,1016.6,1025.89,40450,414.97,2763,22949.0, 56.73,2026-04-20
MAITREYA, SM, 20-Apr-2026,165.35,152.75,165.3,152.7,155.5,155.9,156.45,15600,24.41,36,8400.0, 53.85,2026-04-20
MAJESAUT, EQ, 20-Apr-2026,318.85,318.85,330.0,296.05,300.0,300.0,324.86,613,1.99,23,481.0, 78.47,2026-04-20
MAKEINDIA, EQ, 20-Apr-2026,158.02,157.14,158.77,156.38,157.82,158.2,158.09,112813,178.34,582,98203.0, 87.05,2026-04-20
MAL, SM, 20-Apr-2026,42.15,42.0,42.0,40.05,40.05,40.05,40.66,6400,2.6,4,4800.0, 75.00,2026-04-20
MALLCOM, EQ, 20-Apr-2026,1099.65,1099.65,1119.8,1080.0,1080.0,1087.35,1103.48,5039,55.6,424,4179.0, 82.93,2026-04-20
MALUPAPER, EQ, 20-Apr-2026,33.47,33.3,33.49,32.47,32.47,32.79,33.05,5339,1.76,103,3987.0, 74.68,2026-04-20
MAMATA, EQ, 20-Apr-2026,400.8,400.0,407.85,393.25,404.0,402.1,402.03,77819,312.86,2770,34987.0, 44.96,2026-04-20
MANAKALUCO, BE, 20-Apr-2026,31.4,31.61,31.61,30.15,31.02,31.08,30.99,76424,23.68,286,, -,2026-04-20
MANAKCOAT, EQ, 20-Apr-2026,109.53,111.17,112.97,107.5,110.3,110.62,110.65,329656,364.78,2464,192405.0, 58.37,2026-04-20
MANAKSIA, EQ, 20-Apr-2026,61.3,62.0,62.0,59.0,59.0,59.29,59.99,29590,17.75,578,19183.0, 64.83,2026-04-20
MANAKSTEEL, EQ, 20-Apr-2026,70.79,70.79,72.9,65.66,66.51,66.86,68.89,121409,83.64,1126,58577.0, 48.25,2026-04-20
MANALIPETC, EQ, 20-Apr-2026,55.17,55.17,56.1,53.61,54.5,54.92,55.38,309948,171.66,1986,130205.0, 42.01,2026-04-20
MANAPPURAM, EQ, 20-Apr-2026,268.9,269.0,271.95,265.5,269.0,269.1,269.71,1965491,5301.07,22877,550765.0, 28.02,2026-04-20
MANAV, ST, 20-Apr-2026,40.75,42.0,42.0,41.75,42.0,41.95,41.95,20000,8.39,5,20000.0, 100.00,2026-04-20
MANBA, EQ, 20-Apr-2026,111.93,112.5,112.5,108.15,108.34,109.17,110.94,54835,60.83,583,19152.0, 34.93,2026-04-20
MANCREDIT, EQ, 20-Apr-2026,170.5,169.96,172.78,169.0,171.42,171.12,170.35,18438,31.41,462,2856.0, 15.49,2026-04-20
MANGALAM, BE, 20-Apr-2026,29.89,29.62,29.62,29.3,29.3,29.3,29.37,9696,2.85,80,, -,2026-04-20
MANGLMCEM, EQ, 20-Apr-2026,918.1,911.05,925.0,905.0,915.0,909.3,913.0,24757,226.03,1180,12834.0, 51.84,2026-04-20
MANILAM, SM, 20-Apr-2026,56.35,56.0,56.0,56.0,56.0,56.0,56.0,8000,4.48,3,8000.0, 100.00,2026-04-20
MANINDS, EQ, 20-Apr-2026,537.1,539.0,542.45,518.05,537.0,535.75,529.58,740847,3923.4,16486,275243.0, 37.15,2026-04-20
MANINFRA, EQ, 20-Apr-2026,96.78,97.55,97.55,94.54,95.52,96.08,95.74,393514,376.74,5122,199363.0, 50.66,2026-04-20
MANKIND, EQ, 20-Apr-2026,2125.0,2133.8,2167.9,2106.1,2137.0,2144.0,2143.1,297462,6374.92,24824,145341.0, 48.86,2026-04-20
MANOMAY, EQ, 20-Apr-2026,217.94,217.28,233.99,213.34,231.39,231.34,225.24,82449,185.71,1941,28147.0, 34.14,2026-04-20
MANORAMA, EQ, 20-Apr-2026,1417.7,1416.0,1428.7,1372.2,1383.0,1384.1,1404.85,103197,1449.76,9603,53081.0, 51.44,2026-04-20
MANORG, EQ, 20-Apr-2026,478.4,478.4,478.5,450.0,468.8,467.2,463.38,26652,123.5,1876,12267.0, 46.03,2026-04-20
MANUFGBEES, EQ, 20-Apr-2026,155.84,155.67,157.0,154.93,157.0,155.82,155.64,7324,11.4,127,5588.0, 76.30,2026-04-20
MANUGRAPH, EQ, 20-Apr-2026,13.98,14.02,14.06,13.53,13.65,13.65,13.69,690,0.09,37,445.0, 64.49,2026-04-20
MANYAVAR, EQ, 20-Apr-2026,442.55,443.75,454.5,435.85,442.0,448.7,447.42,592742,2652.06,17531,346209.0, 58.41,2026-04-20
MAPMYINDIA, EQ, 20-Apr-2026,955.85,955.0,955.8,922.0,922.9,926.7,932.59,171075,1595.43,12547,76817.0, 44.90,2026-04-20
MARALOVER, EQ, 20-Apr-2026,44.89,45.7,45.7,44.0,44.99,44.98,44.92,6184,2.78,268,3351.0, 54.19,2026-04-20
MARATHON, EQ, 20-Apr-2026,489.1,485.0,491.45,475.0,477.0,479.65,481.16,61679,296.77,2233,26781.0, 43.42,2026-04-20
MARC, ST, 20-Apr-2026,75.75,77.0,79.5,74.1,79.5,78.8,78.3,34800,27.25,26,31200.0, 89.66,2026-04-20
MARCO, SM, 20-Apr-2026,39.05,39.05,40.1,39.05,40.1,40.1,39.91,13500,5.39,5,12000.0, 88.89,2026-04-20
MARICO, EQ, 20-Apr-2026,757.3,757.3,763.85,753.9,759.9,760.7,760.67,1301721,9901.86,41158,837746.0, 64.36,2026-04-20
MARINE, EQ, 20-Apr-2026,208.56,208.6,212.0,205.01,208.5,206.91,208.86,433674,905.77,4288,190552.0, 43.94,2026-04-20
MARKOLINES, EQ, 20-Apr-2026,151.57,151.5,153.77,150.1,151.65,151.75,151.97,298311,453.35,2182,78541.0, 26.33,2026-04-20
MARKSANS, EQ, 20-Apr-2026,179.23,179.23,179.23,175.21,177.1,176.9,177.25,550008,974.88,11493,254600.0, 46.29,2026-04-20
MARSONS, EQ, 20-Apr-2026,167.21,173.0,173.0,162.5,163.15,164.1,168.0,2041915,3430.47,9113,718599.0, 35.19,2026-04-20
MARUSHIKA, SM, 20-Apr-2026,94.25,94.25,94.25,92.25,92.25,92.25,92.93,3600,3.35,3,2400.0, 66.67,2026-04-20
MARUTI, EQ, 20-Apr-2026,13453.0,13474.0,13533.0,13329.0,13420.0,13450.0,13452.2,348629,46898.28,66963,177702.0, 50.97,2026-04-20
MASFIN, EQ, 20-Apr-2026,317.15,320.3,320.3,312.0,315.5,314.9,315.56,38941,122.88,1649,20530.0, 52.72,2026-04-20
MASPTOP50, EQ, 20-Apr-2026,74.44,74.6,74.6,72.6,74.6,74.6,74.59,231808,172.92,2248,221710.0, 95.64,2026-04-20
MASTEK, EQ, 20-Apr-2026,1746.0,1700.0,1714.1,1662.0,1684.0,1682.9,1683.32,230355,3877.6,25674,67636.0, 29.36,2026-04-20
MASTER, SM, 20-Apr-2026,327.8,327.75,328.0,327.0,327.0,327.0,327.56,2000,6.55,4,1500.0, 75.00,2026-04-20
MASTERTR, EQ, 20-Apr-2026,78.24,79.02,79.02,76.2,76.99,76.51,77.41,167831,129.91,1065,44863.0, 26.73,2026-04-20
MATRIMONY, EQ, 20-Apr-2026,445.55,450.0,450.9,434.0,440.0,438.1,440.62,6795,29.94,343,3109.0, 45.75,2026-04-20
MAWANASUG, EQ, 20-Apr-2026,104.6,104.0,106.75,102.41,104.0,104.52,104.74,229941,240.85,2879,114236.0, 49.68,2026-04-20
MAXESTATES, EQ, 20-Apr-2026,388.6,383.9,394.0,380.6,393.95,389.2,386.13,41347,159.65,1806,21114.0, 51.07,2026-04-20
MAXHEALTH, EQ, 20-Apr-2026,1007.65,1005.15,1022.0,1002.05,1008.65,1011.35,1011.44,2301160,23274.92,45029,1337321.0, 58.12,2026-04-20
MAXIND, EQ, 20-Apr-2026,154.67,155.51,160.03,148.1,149.8,149.93,153.06,82815,126.75,1413,46175.0, 55.76,2026-04-20
MAXPOSURE, SM, 20-Apr-2026,43.5,41.1,42.55,41.1,42.35,42.35,41.64,5000,2.08,5,2000.0, 40.00,2026-04-20
MAXVOLT, SM, 20-Apr-2026,434.65,431.25,449.0,415.55,415.55,417.25,431.94,85600,369.74,105,44800.0, 52.34,2026-04-20
MAYASHEEL, SM, 20-Apr-2026,55.9,55.9,55.9,55.9,55.9,55.9,55.9,3000,1.68,1,3000.0, 100.00,2026-04-20
MAYURUNIQ, EQ, 20-Apr-2026,574.1,571.0,583.0,569.55,570.5,571.1,576.44,42160,243.03,2442,26160.0, 62.05,2026-04-20
MAZDA, EQ, 20-Apr-2026,210.0,214.87,214.87,208.05,211.0,211.61,211.0,12544,26.47,478,8143.0, 64.92,2026-04-20
MAZDOCK, EQ, 20-Apr-2026,2616.4,2628.4,2670.0,2578.0,2617.9,2621.2,2632.16,2545329,66997.06,85683,538830.0, 21.17,2026-04-20
MBAPL, EQ, 20-Apr-2026,509.55,513.0,523.95,504.1,514.55,520.3,515.94,383376,1977.99,6649,131908.0, 34.41,2026-04-20
MBEL, EQ, 20-Apr-2026,329.37,335.0,346.67,324.28,336.3,338.84,339.27,242031,821.14,8796,125250.0, 51.75,2026-04-20
MBLINFRA, BE, 20-Apr-2026,26.84,26.84,27.4,25.5,26.0,25.76,25.85,144506,37.35,202,, -,2026-04-20
MCCHRLS-B, EQ, 20-Apr-2026,692.1,690.0,690.0,676.0,676.0,676.0,681.84,26,0.18,12,24.0, 92.31,2026-04-20
MCL, BE, 20-Apr-2026,63.5,63.02,63.02,62.23,62.23,62.23,62.88,10688,6.72,241,, -,2026-04-20
MCLEODRUSS, BE, 20-Apr-2026,52.82,55.46,55.46,53.8,55.46,55.46,55.31,1663920,920.37,1255,, -,2026-04-20
MCLOUD, EQ, 20-Apr-2026,27.11,27.0,27.18,25.3,26.5,26.72,26.67,1631403,435.12,5340,555948.0, 34.08,2026-04-20
MCON, SM, 20-Apr-2026,53.0,54.0,54.0,54.0,54.0,54.0,54.0,1000,0.54,1,1000.0, 100.00,2026-04-20
MCX, EQ, 20-Apr-2026,2856.1,2862.0,2895.0,2845.7,2853.0,2859.1,2871.75,2053838,58981.19,98499,835880.0, 40.70,2026-04-20
MDL, SM, 20-Apr-2026,47.8,48.0,51.0,48.0,50.45,50.45,49.88,9000,4.49,8,9000.0, 100.00,2026-04-20
MEDANTA, EQ, 20-Apr-2026,1089.4,1089.8,1104.9,1075.0,1078.0,1079.35,1083.12,79240,858.27,9363,44340.0, 55.96,2026-04-20
MEDIASSIST, EQ, 20-Apr-2026,368.8,368.0,378.75,366.5,367.85,369.05,371.74,94399,350.92,4554,52970.0, 56.11,2026-04-20
MEDICAMEQ, EQ, 20-Apr-2026,258.22,259.98,273.0,258.58,264.9,268.3,267.04,43765,116.87,1676,20707.0, 47.31,2026-04-20
MEDICO, EQ, 20-Apr-2026,41.28,41.9,42.11,39.91,40.6,40.79,40.7,201864,82.16,1225,115043.0, 56.99,2026-04-20
MEDIORG, SM, 20-Apr-2026,29.7,29.95,30.3,29.95,30.3,30.3,30.04,8000,2.4,3,8000.0, 100.00,2026-04-20
MEDPLUS, EQ, 20-Apr-2026,877.8,880.0,885.8,862.7,866.65,869.8,876.54,45129,395.57,4513,24206.0, 53.64,2026-04-20
MEESHO, EQ, 20-Apr-2026,163.67,164.0,165.9,159.53,162.6,162.58,162.19,4401633,7139.23,40241,2126262.0, 48.31,2026-04-20
MEGASTAR, EQ, 20-Apr-2026,290.1,290.0,293.5,286.5,290.5,291.1,289.2,10225,29.57,245,6738.0, 65.90,2026-04-20
MEGATHERM, SM, 20-Apr-2026,267.35,266.0,267.6,258.05,260.8,260.8,263.41,10400,27.39,17,8000.0, 76.92,2026-04-20
MEIL, EQ, 20-Apr-2026,302.85,303.24,328.0,295.76,315.0,316.54,314.85,374386,1178.75,8461,131666.0, 35.17,2026-04-20
MENNPIS, EQ, 20-Apr-2026,58.4,58.45,58.85,56.9,57.4,57.0,57.96,1250,0.72,54,992.0, 79.36,2026-04-20
MENONBE, EQ, 20-Apr-2026,125.86,124.15,127.25,122.15,122.63,123.98,124.23,32660,40.57,737,19373.0, 59.32,2026-04-20
MEP, BZ, 20-Apr-2026,0.91,0.92,0.92,0.92,0.92,0.92,0.92,2301,0.02,2,, -,2026-04-20
MERCANTILE, EQ, 20-Apr-2026,23.0,19.0,24.0,19.0,24.0,22.1,19.75,543,0.11,19,501.0, 92.27,2026-04-20
METAL, EQ, 20-Apr-2026,12.96,12.96,13.07,12.77,12.9,12.92,12.91,5180237,668.95,14153,2724996.0, 52.60,2026-04-20
METALIETF, EQ, 20-Apr-2026,12.96,13.28,13.28,12.78,12.9,12.91,12.91,11626070,1500.51,15686,5975423.0, 51.40,2026-04-20
METROBRAND, EQ, 20-Apr-2026,1069.25,1074.55,1100.0,1058.5,1064.95,1064.1,1078.37,42698,460.44,7265,17896.0, 41.91,2026-04-20
METROGLOBL, EQ, 20-Apr-2026,135.1,135.5,149.0,128.0,132.9,129.2,135.1,4799,6.48,83,4263.0, 88.83,2026-04-20
METROPOLIS, EQ, 20-Apr-2026,471.7,471.7,477.5,464.0,472.0,475.4,470.56,110850,521.61,7607,60029.0, 54.15,2026-04-20
MFML, EQ, 20-Apr-2026,25.33,25.2,25.6,24.0,24.4,24.6,24.95,2300,0.57,100,1922.0, 83.57,2026-04-20
MFSL, EQ, 20-Apr-2026,1683.2,1680.0,1694.4,1655.0,1681.1,1688.8,1680.13,1079196,18131.86,49269,706853.0, 65.50,2026-04-20
MGEL, EQ, 20-Apr-2026,12.89,14.28,15.43,13.75,14.29,14.19,14.32,1954813,279.87,4912,941262.0, 48.15,2026-04-20
MGL, EQ, 20-Apr-2026,1125.75,1129.55,1149.0,1114.45,1138.0,1137.75,1130.83,550353,6223.58,24140,324746.0, 59.01,2026-04-20
MGSL, SM, 20-Apr-2026,79.0,78.0,78.0,78.0,78.0,78.0,78.0,1200,0.94,1,1200.0, 100.00,2026-04-20
MHHL, SM, 20-Apr-2026,40.0,44.0,44.0,41.5,42.0,41.95,42.34,154500,65.41,35,145500.0, 94.17,2026-04-20
MHLXMIRU, EQ, 20-Apr-2026,184.27,184.27,186.99,176.0,183.0,182.33,183.22,3459,6.34,168,2160.0, 62.45,2026-04-20
MHRIL, EQ, 20-Apr-2026,272.86,276.85,277.56,264.04,269.4,267.06,270.61,106787,288.98,4245,36231.0, 33.93,2026-04-20
MICEL, EQ, 20-Apr-2026,42.77,43.6,43.6,41.25,41.3,41.34,41.85,1030098,431.13,4304,536527.0, 52.09,2026-04-20
MID150, EQ, 20-Apr-2026,22.43,22.4,22.89,22.13,22.45,22.31,22.35,86153,19.25,324,48766.0, 56.60,2026-04-20
MID150BEES, EQ, 20-Apr-2026,227.57,227.6,228.79,225.69,227.13,227.17,227.59,1284136,2922.61,10111,697300.0, 54.30,2026-04-20
MID150CASE, EQ, 20-Apr-2026,11.04,10.76,11.15,10.76,11.04,11.04,11.05,1887436,208.57,5556,927323.0, 49.13,2026-04-20
MIDCAP, EQ, 20-Apr-2026,17.35,17.43,17.49,17.13,17.4,17.35,17.36,647223,112.37,1204,443430.0, 68.51,2026-04-20
MIDCAPADD, EQ, 20-Apr-2026,22.01,22.46,22.46,21.83,22.0,22.0,22.07,64223,14.17,78,57304.0, 89.23,2026-04-20
MIDCAPBETA, EQ, 20-Apr-2026,221.98,224.99,224.99,221.14,223.7,222.78,222.99,3797,8.47,102,2528.0, 66.58,2026-04-20
MIDCAPETF, EQ, 20-Apr-2026,22.52,22.42,22.68,22.3,22.46,22.46,22.51,2930686,659.66,10722,2068477.0, 70.58,2026-04-20
MIDCAPIETF, EQ, 20-Apr-2026,22.72,23.28,23.28,22.15,22.67,22.7,22.76,1283332,292.04,3277,819085.0, 63.82,2026-04-20
MIDHANI, EQ, 20-Apr-2026,369.6,369.6,395.45,364.4,377.9,378.55,385.34,3164612,12194.52,66341,794034.0, 25.09,2026-04-20
MIDQ50ADD, EQ, 20-Apr-2026,241.3,240.97,242.75,239.99,240.52,240.91,241.54,9935,24.0,158,8640.0, 86.97,2026-04-20
MIDSELIETF, EQ, 20-Apr-2026,17.94,17.55,18.1,17.55,17.81,17.93,18.0,303224,54.58,985,165953.0, 54.73,2026-04-20
MIDSMALL, EQ, 20-Apr-2026,49.63,49.65,49.9,49.22,49.4,49.62,49.64,713589,354.21,1318,470359.0, 65.91,2026-04-20
MIDWESTLTD, EQ, 20-Apr-2026,1377.9,1398.0,1404.0,1320.0,1336.0,1337.9,1365.57,38813,530.02,3057,18042.0, 46.48,2026-04-20
MIEL, SM, 20-Apr-2026,15.05,15.8,15.8,15.8,15.8,15.8,15.8,10000,1.58,5,6000.0, 60.00,2026-04-20
MINDACORP, EQ, 20-Apr-2026,532.8,531.0,546.6,523.2,538.1,537.95,538.87,787613,4244.25,26787,485281.0, 61.61,2026-04-20
MINDSPACE, RR, 20-Apr-2026,471.37,473.0,473.49,466.1,470.0,470.36,469.84,381020,1790.18,5663,358394.0, 94.06,2026-04-20
MINDTECK, EQ, 20-Apr-2026,211.93,212.95,213.25,201.65,205.64,206.11,205.94,153726,316.58,2731,58403.0, 37.99,2026-04-20
MIRCELECTR, EQ, 20-Apr-2026,31.59,32.18,33.0,31.01,31.1,31.22,31.99,1069033,341.94,2525,496543.0, 46.45,2026-04-20
MIRZAINT, EQ, 20-Apr-2026,33.84,33.84,34.5,33.0,33.6,33.41,33.68,116195,39.13,887,56452.0, 48.58,2026-04-20
MITCON, EQ, 20-Apr-2026,71.83,73.44,78.0,69.0,74.05,74.84,74.83,46293,34.64,467,24161.0, 52.19,2026-04-20
MITTAL, EQ, 20-Apr-2026,0.97,0.98,0.99,0.9,0.96,0.95,0.95,904240,8.58,557,609603.0, 67.42,2026-04-20
MKPL, EQ, 20-Apr-2026,5.34,5.39,5.39,5.0,5.34,5.33,5.24,398086,20.87,901,199951.0, 50.23,2026-04-20
MMEL, SM, 20-Apr-2026,40.0,39.05,42.8,37.05,40.0,40.0,39.5,34000,13.43,16,16000.0, 47.06,2026-04-20
MMFL, EQ, 20-Apr-2026,464.25,470.0,499.0,459.0,482.3,485.6,485.3,181329,879.98,4877,97428.0, 53.73,2026-04-20
MMP, EQ, 20-Apr-2026,255.63,252.6,260.0,247.38,250.0,252.01,254.27,19202,48.82,768,9147.0, 47.64,2026-04-20
MMTC, EQ, 20-Apr-2026,68.32,68.8,68.92,66.15,66.4,66.67,67.0,5017717,3362.12,20555,1262372.0, 25.16,2026-04-20
MMWL, EQ, 20-Apr-2026,10.65,11.3,11.3,10.0,10.95,10.9,10.6,7578,0.8,63,5813.0, 76.71,2026-04-20
MNC, EQ, 20-Apr-2026,32.15,31.98,32.33,31.75,32.2,32.18,32.16,118750,38.19,485,82408.0, 69.40,2026-04-20
MOALPHA50, EQ, 20-Apr-2026,50.75,50.75,51.38,50.54,50.81,51.09,50.96,27390,13.96,73,15260.0, 55.71,2026-04-20
MOBANK10, EQ, 20-Apr-2026,16.87,17.18,17.18,16.85,16.86,16.86,16.99,7807,1.33,61,5679.0, 72.74,2026-04-20
MOBIKWIK, EQ, 20-Apr-2026,203.85,203.8,203.85,198.18,201.0,200.98,201.56,609103,1227.69,6958,160756.0, 26.39,2026-04-20
MOBILISE, SM, 20-Apr-2026,80.2,81.8,81.8,78.5,80.0,80.15,79.74,35200,28.07,21,35200.0, 100.00,2026-04-20
MOCAPITAL, EQ, 20-Apr-2026,53.22,53.96,53.96,52.52,52.69,52.62,52.94,1444513,764.75,4228,1162578.0, 80.48,2026-04-20
MODEFENCE, EQ, 20-Apr-2026,96.71,97.5,97.9,95.1,96.13,96.22,96.49,3108868,2999.82,12729,1834601.0, 59.01,2026-04-20
MODINATUR, EQ, 20-Apr-2026,362.55,362.55,367.5,354.05,366.9,361.0,360.34,4073,14.68,457,1814.0, 44.54,2026-04-20
MODIRUBBER, EQ, 20-Apr-2026,129.92,132.39,132.39,125.0,127.0,128.37,128.58,8126,10.45,772,4152.0, 51.10,2026-04-20
MODIS, EQ, 20-Apr-2026,324.1,337.3,347.7,330.05,340.0,336.9,340.51,55237,188.09,1697,18174.0, 32.90,2026-04-20
MODISONLTD, EQ, 20-Apr-2026,147.42,147.0,148.5,144.5,146.99,146.08,146.67,32866,48.2,693,18344.0, 55.81,2026-04-20
MODTHREAD, EQ, 20-Apr-2026,47.59,47.0,49.85,45.68,48.0,48.0,49.19,2250,1.11,32,2088.0, 92.80,2026-04-20
MOENERGY, EQ, 20-Apr-2026,39.07,39.44,40.0,38.56,40.0,39.31,39.3,909257,357.34,1472,712546.0, 78.37,2026-04-20
MOGOLD, EQ, 20-Apr-2026,149.0,149.7,150.15,148.35,149.75,149.45,149.03,85575,127.53,944,53061.0, 62.01,2026-04-20
MOGSEC, EQ, 20-Apr-2026,64.13,62.52,64.14,62.52,63.76,63.74,63.9,4573,2.92,75,3505.0, 76.65,2026-04-20
MOHEALTH, EQ, 20-Apr-2026,44.34,42.57,44.64,42.57,43.9,44.04,44.12,137759,60.78,843,78738.0, 57.16,2026-04-20
MOHITIND, EQ, 20-Apr-2026,23.79,24.49,24.9,23.69,24.19,23.82,23.94,10061,2.41,110,8005.0, 79.56,2026-04-20
MOIL, EQ, 20-Apr-2026,327.95,328.0,328.45,319.95,321.3,321.2,324.1,817369,2649.05,12953,323257.0, 39.55,2026-04-20
MOINFRA, EQ, 20-Apr-2026,63.36,63.36,63.98,62.03,63.41,63.5,63.35,7911,5.01,97,6359.0, 80.38,2026-04-20
MOIPO, EQ, 20-Apr-2026,43.19,42.88,43.32,42.87,42.95,43.04,43.15,6412,2.77,38,3035.0, 47.33,2026-04-20
MOKSH, EQ, 20-Apr-2026,11.94,12.0,12.25,11.01,11.59,11.45,11.57,152219,17.62,863,93355.0, 61.33,2026-04-20
MOL, EQ, 20-Apr-2026,53.58,53.7,54.1,52.24,52.57,52.48,52.75,411525,217.06,2556,207932.0, 50.53,2026-04-20
MOLDTECH, EQ, 20-Apr-2026,140.81,139.5,143.89,134.68,135.5,135.29,137.27,50169,68.86,1558,29515.0, 58.83,2026-04-20
MOLDTKPAC, EQ, 20-Apr-2026,554.6,550.0,562.0,545.55,551.9,552.3,554.97,132316,734.31,5006,93585.0, 70.73,2026-04-20
MOLOWVOL, EQ, 20-Apr-2026,36.53,36.38,36.65,36.02,36.02,36.46,36.45,94824,34.56,68,94626.0, 99.79,2026-04-20
MOM100, EQ, 20-Apr-2026,64.43,64.42,64.89,63.9,64.25,64.32,64.45,646891,416.92,3958,392731.0, 60.71,2026-04-20
MOM30IETF, EQ, 20-Apr-2026,31.4,31.41,31.58,31.14,31.4,31.4,31.44,1677074,527.33,2630,1173284.0, 69.96,2026-04-20
MOM50, EQ, 20-Apr-2026,253.81,252.43,255.0,252.26,253.73,253.55,254.09,4558,11.58,189,2709.0, 59.43,2026-04-20
MOMENTUM, EQ, 20-Apr-2026,31.28,31.37,31.46,30.87,31.46,31.28,31.24,128019,40.0,333,101974.0, 79.66,2026-04-20
MOMENTUM30, EQ, 20-Apr-2026,30.71,30.29,31.0,30.29,30.95,30.95,30.89,251842,77.8,181,173730.0, 68.98,2026-04-20
MOMENTUM50, EQ, 20-Apr-2026,51.65,51.4,51.94,51.31,51.93,51.69,51.77,537438,278.23,2184,369620.0, 68.77,2026-04-20
MOMGF, EQ, 20-Apr-2026,155.11,155.66,156.2,154.88,155.27,155.27,155.51,717,1.12,12,558.0, 77.82,2026-04-20
MOMIDMTM, EQ, 20-Apr-2026,62.71,62.7,63.1,61.97,62.55,62.57,62.8,141962,89.16,402,90068.0, 63.45,2026-04-20
MOMNC, EQ, 20-Apr-2026,31.25,31.12,31.37,31.02,31.26,31.26,31.23,6949,2.17,38,5693.0, 81.93,2026-04-20
MOMOMENTUM, EQ, 20-Apr-2026,62.24,62.07,62.65,61.86,62.25,62.11,62.29,95131,59.26,565,62706.0, 65.92,2026-04-20
MON100, EQ, 20-Apr-2026,286.78,286.2,287.47,279.03,284.5,285.16,285.61,1514974,4326.94,29571,1015309.0, 67.02,2026-04-20
MON50EQUAL, EQ, 20-Apr-2026,32.82,32.74,32.97,32.52,32.72,32.72,32.71,3092,1.01,41,2227.0, 72.02,2026-04-20
MONARCH, EQ, 20-Apr-2026,300.55,302.0,302.0,290.25,292.5,293.47,296.36,35245,104.45,896,22081.0, 62.65,2026-04-20
MONEXT50, EQ, 20-Apr-2026,69.89,69.91,70.62,69.36,69.4,69.98,70.02,3559,2.49,84,2292.0, 64.40,2026-04-20
MONEYBOXX, EQ, 20-Apr-2026,76.91,77.0,77.0,72.0,72.69,72.8,74.17,42416,31.46,900,20662.0, 48.71,2026-04-20
MONIFTY100, EQ, 20-Apr-2026,25.33,25.33,25.4,25.25,25.32,25.3,25.34,27523,6.97,77,20446.0, 74.29,2026-04-20
MONIFTY500, EQ, 20-Apr-2026,23.36,23.37,23.7,23.21,23.22,23.3,23.36,776877,181.47,1986,472016.0, 60.76,2026-04-20
MONOLITH, SM, 20-Apr-2026,469.35,469.35,490.0,450.0,480.0,484.45,479.51,20750,99.5,55,19750.0, 95.18,2026-04-20
MONOPHARMA, SM, 20-Apr-2026,13.1,12.5,12.5,12.5,12.5,12.5,12.5,6000,0.75,3,6000.0, 100.00,2026-04-20
MONQ50, EQ, 20-Apr-2026,122.73,122.7,123.24,122.7,123.24,123.24,123.23,44313,54.61,515,41617.0, 93.92,2026-04-20
MONTECARLO, EQ, 20-Apr-2026,563.35,569.9,570.0,553.6,564.0,562.75,562.74,16913,95.18,880,9900.0, 58.53,2026-04-20
MOPSE, EQ, 20-Apr-2026,107.74,107.0,109.0,107.0,108.14,108.46,108.24,7141,7.73,51,6081.0, 85.16,2026-04-20
MOQUALITY, EQ, 20-Apr-2026,201.09,201.09,201.86,199.0,199.0,200.94,201.09,3350,6.74,60,2810.0, 83.88,2026-04-20
MORARJEE, BZ, 20-Apr-2026,7.82,7.43,7.43,7.43,7.43,7.43,7.43,500,0.04,4,, -,2026-04-20
MOREALTY, EQ, 20-Apr-2026,78.62,78.62,78.8,77.17,78.0,78.24,78.03,927040,723.32,3152,464387.0, 50.09,2026-04-20
MOREPENLAB, EQ, 20-Apr-2026,41.9,42.25,42.44,40.65,41.0,41.29,41.71,3052461,1273.04,11435,1292530.0, 42.34,2026-04-20
MOS, SM, 20-Apr-2026,14.3,14.4,14.4,14.0,14.0,14.1,14.11,72000,10.16,18,52000.0, 72.22,2026-04-20
MOSCHIP, EQ, 20-Apr-2026,197.95,198.4,204.0,194.0,196.5,198.02,199.47,3329192,6640.8,34026,998267.0, 29.99,2026-04-20
MOSERVICE, EQ, 20-Apr-2026,31.23,31.38,31.48,31.29,31.31,31.38,31.41,2477,0.78,25,2474.0, 99.88,2026-04-20
MOSILVER, EQ, 20-Apr-2026,245.63,244.41,247.98,244.41,246.0,244.94,245.91,61978,152.41,1083,40018.0, 64.57,2026-04-20
MOSMALL250, EQ, 20-Apr-2026,16.49,16.5,16.53,15.0,16.44,16.43,16.39,2569407,421.13,3327,1685711.0, 65.61,2026-04-20
MOTHERSON, EQ, 20-Apr-2026,125.03,125.4,125.4,122.38,123.15,123.19,123.9,12864248,15938.35,69558,5993083.0, 46.59,2026-04-20
MOTILALOFS, EQ, 20-Apr-2026,815.45,816.0,829.0,801.0,806.25,807.95,816.98,2770437,22634.03,60217,705730.0, 25.47,2026-04-20
MOTISONS, EQ, 20-Apr-2026,14.27,14.26,14.33,13.89,13.9,13.93,14.05,2004288,281.57,2690,951340.0, 47.47,2026-04-20
MOTOGENFIN, EQ, 20-Apr-2026,25.77,25.67,28.8,25.67,26.21,25.92,26.73,84683,22.64,467,45247.0, 53.43,2026-04-20
MOTOUR, EQ, 20-Apr-2026,74.47,74.01,74.95,73.64,74.3,74.51,74.44,18857,14.04,209,14770.0, 78.33,2026-04-20
MOVALUE, EQ, 20-Apr-2026,118.13,120.05,120.2,117.15,118.09,118.35,118.6,233358,276.76,1314,153393.0, 65.73,2026-04-20
MPHASIS, EQ, 20-Apr-2026,2462.2,2472.0,2474.2,2405.1,2414.0,2417.0,2427.38,180997,4393.49,14193,67036.0, 37.04,2026-04-20
MPSLTD, EQ, 20-Apr-2026,1813.5,1799.9,1799.9,1722.0,1728.0,1727.4,1748.02,31393,548.76,4775,18381.0, 58.55,2026-04-20
MPTODAY, SM, 20-Apr-2026,40.9,38.9,40.9,38.9,40.9,40.9,39.9,4000,1.6,2,4000.0, 100.00,2026-04-20
MRF, EQ, 20-Apr-2026,139855.0,139855.0,140335.0,138515.0,138950.0,139225.0,139558.87,4443,6200.6,3600,1685.0, 37.92,2026-04-20
MRIL, SM, 20-Apr-2026,36.8,35.05,37.9,35.05,37.9,37.9,37.08,8000,2.97,5,6400.0, 80.00,2026-04-20
MRPL, EQ, 20-Apr-2026,183.13,184.29,184.3,179.14,180.2,180.0,180.64,4038371,7294.75,28310,1242318.0, 30.76,2026-04-20
MSCIADD, EQ, 20-Apr-2026,29.2,29.32,29.46,29.31,29.38,29.38,29.31,9262,2.71,9,9246.0, 99.83,2026-04-20
MSCIINDIA, EQ, 20-Apr-2026,29.55,29.19,29.78,29.19,29.62,29.64,29.65,20289,6.02,108,15448.0, 76.14,2026-04-20
MSPL, EQ, 20-Apr-2026,35.56,35.56,36.14,35.31,35.99,35.85,35.84,694253,248.85,1503,427332.0, 61.55,2026-04-20
MSTCLTD, EQ, 20-Apr-2026,471.6,471.65,471.8,453.65,456.8,456.2,460.05,286767,1319.26,7012,138635.0, 48.34,2026-04-20
MSUMI, EQ, 20-Apr-2026,39.52,39.72,39.74,38.62,39.06,39.19,39.21,8244075,3232.24,45228,4710428.0, 57.14,2026-04-20
MTARTECH, EQ, 20-Apr-2026,4857.8,4857.0,5042.0,4825.0,4910.0,4942.0,4941.16,504996,24952.66,48874,131792.0, 26.10,2026-04-20
MTEDUCARE, BE, 20-Apr-2026,1.49,1.54,1.54,1.42,1.44,1.44,1.5,20398,0.31,39,, -,2026-04-20
MTNL, EQ, 20-Apr-2026,33.34,33.45,33.5,32.01,32.25,32.26,32.59,1464968,477.36,5491,541691.0, 36.98,2026-04-20
MUFIN, EQ, 20-Apr-2026,113.43,114.5,120.0,114.01,115.61,115.99,116.96,1714590,2005.35,6692,735564.0, 42.90,2026-04-20
MUFTI, EQ, 20-Apr-2026,78.93,79.0,79.37,77.16,78.0,77.79,78.04,114177,89.11,1825,58940.0, 51.62,2026-04-20
MUKANDLTD, EQ, 20-Apr-2026,136.24,136.25,139.0,132.1,132.1,133.21,134.24,65750,88.26,1506,34630.0, 52.67,2026-04-20
MUKKA, EQ, 20-Apr-2026,24.19,24.31,24.54,23.53,23.6,23.62,23.89,341872,81.69,1041,206875.0, 60.51,2026-04-20
MUKTAARTS, EQ, 20-Apr-2026,48.55,48.1,49.5,47.32,49.45,48.92,48.44,4606,2.23,77,3664.0, 79.55,2026-04-20
MULTICAP, EQ, 20-Apr-2026,16.07,16.15,16.15,15.95,16.03,16.03,16.05,190589,30.6,637,125228.0, 65.71,2026-04-20
MUNISH, SM, 20-Apr-2026,70.0,67.5,68.0,67.5,68.0,68.0,67.75,2400,1.63,2,2400.0, 100.00,2026-04-20
MUNJALAU, EQ, 20-Apr-2026,81.7,82.94,82.94,80.0,80.99,80.79,80.95,102168,82.71,914,50621.0, 49.55,2026-04-20
MUNJALSHOW, EQ, 20-Apr-2026,127.9,128.75,132.0,128.75,131.0,130.59,130.98,90711,118.81,1445,51532.0, 56.81,2026-04-20
MURUDCERA, EQ, 20-Apr-2026,33.35,33.35,33.76,32.44,32.45,32.76,32.86,25429,8.36,240,16399.0, 64.49,2026-04-20
MUTHOOTCAP, EQ, 20-Apr-2026,211.57,215.0,215.0,207.2,209.45,207.99,209.62,30096,63.09,706,18674.0, 62.05,2026-04-20
MUTHOOTFIN, EQ, 20-Apr-2026,3571.3,3560.7,3588.0,3508.4,3528.0,3531.2,3542.25,428767,15188.0,31531,195021.0, 45.48,2026-04-20
MUTHOOTMF, EQ, 20-Apr-2026,176.78,176.01,179.0,171.51,172.7,172.17,174.58,92973,162.31,1886,50226.0, 54.02,2026-04-20
MVGJL, EQ, 20-Apr-2026,179.61,181.0,183.21,175.35,176.29,176.53,178.38,94251,168.12,1850,44103.0, 46.79,2026-04-20
MVKAGRO, SM, 20-Apr-2026,529.8,510.1,540.0,506.05,537.0,538.5,522.36,3600,18.81,11,2100.0, 58.33,2026-04-20
MWL, EQ, 20-Apr-2026,273.25,269.9,279.0,269.0,278.1,277.6,275.16,103137,283.8,908,47327.0, 45.89,2026-04-20
MYMUDRA, SM, 20-Apr-2026,82.0,80.05,80.05,80.05,80.05,80.05,80.05,1200,0.96,1,1200.0, 100.00,2026-04-20
NACLIND, EQ, 20-Apr-2026,175.07,176.99,177.99,165.0,167.0,166.91,170.06,292290,497.08,3397,171402.0, 58.64,2026-04-20
NAGAFERT, BZ, 20-Apr-2026,4.17,4.25,4.25,4.05,4.1,4.16,4.16,90370,3.76,380,, -,2026-04-20
NAGREEKCAP, EQ, 20-Apr-2026,30.12,33.99,36.1,30.51,30.95,30.81,33.62,457050,153.65,3109,145629.0, 31.86,2026-04-20
NAGREEKEXP, EQ, 20-Apr-2026,26.17,26.17,28.49,26.17,26.5,26.96,27.21,34522,9.39,644,19024.0, 55.11,2026-04-20
NAHARCAP, EQ, 20-Apr-2026,253.3,254.46,255.91,247.33,252.0,251.88,251.36,4659,11.71,178,3055.0, 65.57,2026-04-20
NAHARINDUS, EQ, 20-Apr-2026,108.59,108.62,109.03,105.3,107.0,106.16,107.35,10138,10.88,273,6826.0, 67.33,2026-04-20
NAHARPOLY, EQ, 20-Apr-2026,263.63,260.63,263.9,256.31,257.5,257.32,259.96,5355,13.92,563,2747.0, 51.30,2026-04-20
NAHARSPING, EQ, 20-Apr-2026,249.49,249.0,259.62,244.02,251.42,253.81,252.34,63141,159.33,1505,33552.0, 53.14,2026-04-20
NAM-INDIA, EQ, 20-Apr-2026,1015.05,1024.95,1024.95,998.15,999.75,1003.0,1011.04,867208,8767.81,30316,366439.0, 42.26,2026-04-20
NAMAN, SM, 20-Apr-2026,59.95,59.2,59.2,59.2,59.2,59.2,59.2,800,0.47,1,800.0, 100.00,2026-04-20
NAMOEWASTE, SM, 20-Apr-2026,183.5,183.5,186.45,179.05,180.95,181.7,182.53,23200,42.35,28,12800.0, 55.17,2026-04-20
NARMADA, EQ, 20-Apr-2026,35.07,35.2,36.25,33.76,34.0,34.4,35.05,658956,230.93,2416,234282.0, 35.55,2026-04-20
NATCAPSUQ, EQ, 20-Apr-2026,165.76,170.0,170.1,160.21,165.66,166.26,164.62,3532,5.81,146,2433.0, 68.88,2026-04-20
NATCOPHARM, EQ, 20-Apr-2026,1119.7,1119.0,1130.0,1094.0,1100.0,1100.05,1113.85,573360,6386.35,32019,285321.0, 49.76,2026-04-20
NATHBIOGEN, EQ, 20-Apr-2026,167.71,169.95,171.71,165.0,171.71,171.13,169.01,14950,25.27,371,8842.0, 59.14,2026-04-20
NATIONALUM, EQ, 20-Apr-2026,438.75,433.0,433.0,423.8,426.0,426.65,427.54,8191733,35023.08,65161,3236738.0, 39.51,2026-04-20
NATIONSTD, EQ, 20-Apr-2026,1419.5,1419.5,1519.95,1410.5,1411.65,1411.65,1433.95,27,0.39,8,22.0, 81.48,2026-04-20
NAUKRI, EQ, 20-Apr-2026,1054.55,1054.55,1080.7,1048.2,1067.0,1067.9,1067.35,1203100,12841.33,63777,700582.0, 58.23,2026-04-20
NAVA, EQ, 20-Apr-2026,703.1,700.0,716.6,689.45,699.8,702.1,706.19,2714560,19169.99,69683,479764.0, 17.67,2026-04-20
NAVINFLUOR, EQ, 20-Apr-2026,6284.0,6296.0,6500.0,6221.0,6470.0,6471.5,6402.56,243155,15568.14,32710,146769.0, 60.36,2026-04-20
NAVKARCORP, EQ, 20-Apr-2026,111.87,112.0,117.3,107.1,107.98,112.04,112.21,4645397,5212.53,21732,1041683.0, 22.42,2026-04-20
NAVKARURB, EQ, 20-Apr-2026,0.89,0.89,0.92,0.88,0.9,0.89,0.9,1314099,11.87,562,1068890.0, 81.34,2026-04-20
NAVNETEDUL, EQ, 20-Apr-2026,158.76,158.75,158.75,150.35,151.39,151.4,153.6,359211,551.75,3173,177793.0, 49.50,2026-04-20
NAZARA, EQ, 20-Apr-2026,273.34,274.99,276.72,268.98,270.13,270.08,272.03,1292360,3515.62,10148,635304.0, 49.16,2026-04-20
NBCC, EQ, 20-Apr-2026,94.32,94.32,94.88,92.09,93.04,93.32,93.86,13841641,12991.5,39720,4907727.0, 35.46,2026-04-20
NBIFIN, EQ, 20-Apr-2026,2101.3,2250.0,2299.0,2104.0,2140.0,2174.7,2241.38,9390,210.47,880,2349.0, 25.02,2026-04-20
NCC, EQ, 20-Apr-2026,161.26,161.88,163.0,158.22,160.5,160.53,160.62,3863237,6205.3,28688,1782282.0, 46.13,2026-04-20
NCLIND, EQ, 20-Apr-2026,179.33,181.8,181.8,177.0,179.9,179.42,179.81,46914,84.36,1020,27508.0, 58.63,2026-04-20
NDGL, EQ, 20-Apr-2026,2604.2,2652.0,2745.0,2590.1,2601.0,2636.3,2652.09,232,6.15,78,178.0, 76.72,2026-04-20
NDL, EQ, 20-Apr-2026,2.69,2.73,3.05,2.7,2.99,2.95,2.91,5521782,160.41,4312,2893505.0, 52.40,2026-04-20
NDLVENTURE, EQ, 20-Apr-2026,121.77,126.7,139.0,121.31,134.0,133.12,132.05,205847,271.82,2752,98117.0, 47.67,2026-04-20
NDRAUTO, EQ, 20-Apr-2026,754.5,750.1,760.0,740.6,746.0,748.75,750.24,14078,105.62,1009,6297.0, 44.73,2026-04-20
NDTV, EQ, 20-Apr-2026,81.92,82.1,83.7,78.92,81.7,81.5,81.36,359642,292.62,3003,104934.0, 29.18,2026-04-20
NECCLTD, EQ, 20-Apr-2026,16.4,16.5,16.66,15.61,16.0,15.84,16.08,89800,14.44,395,63039.0, 70.20,2026-04-20
NECLIFE, EQ, 20-Apr-2026,12.67,12.73,12.86,12.15,12.35,12.29,12.36,353975,43.76,936,270310.0, 76.36,2026-04-20
NELCAST, EQ, 20-Apr-2026,141.32,141.19,141.19,135.1,135.1,135.89,137.25,105216,144.41,2144,44387.0, 42.19,2026-04-20
NELCO, EQ, 20-Apr-2026,685.35,686.95,697.0,665.25,665.25,673.55,683.18,140104,957.16,4932,60059.0, 42.87,2026-04-20
NEOCHEM, SM, 20-Apr-2026,71.9,72.5,72.5,70.0,71.5,70.8,70.36,105600,74.3,76,81600.0, 77.27,2026-04-20
NEOGEN, EQ, 20-Apr-2026,1511.6,1501.6,1532.8,1475.1,1496.9,1494.4,1493.87,122046,1823.2,7154,65806.0, 53.92,2026-04-20
NEPHROCARE, SM, 20-Apr-2026,86.05,86.5,87.8,83.05,85.5,85.45,85.8,8800,7.55,21,5600.0, 63.64,2026-04-20
NEPHROPLUS, EQ, 20-Apr-2026,585.8,587.05,595.0,565.75,571.1,573.15,584.86,138136,807.9,6976,86347.0, 62.51,2026-04-20
NESCO, EQ, 20-Apr-2026,1208.4,1218.0,1218.0,1181.0,1181.0,1185.4,1200.54,37566,450.99,4862,20311.0, 54.07,2026-04-20
NESTLEIND, EQ, 20-Apr-2026,1285.6,1294.0,1294.3,1274.6,1285.0,1286.4,1287.07,1156327,14882.71,50152,546694.0, 47.28,2026-04-20
NETF, EQ, 20-Apr-2026,263.19,264.64,264.99,261.62,264.96,263.9,263.29,5527,14.55,223,4161.0, 75.28,2026-04-20
NETWEB, EQ, 20-Apr-2026,3809.0,3818.0,3861.7,3724.9,3770.0,3779.7,3796.4,1017702,38636.05,65621,213252.0, 20.95,2026-04-20
NETWORK18, EQ, 20-Apr-2026,36.36,36.05,36.78,35.66,35.81,35.89,36.04,5326795,1919.52,12648,2083397.0, 39.11,2026-04-20
NEUEON, BE, 20-Apr-2026,17.7,17.7,18.58,17.02,18.58,18.58,18.41,329307,60.64,434,, -,2026-04-20
NEULANDLAB, EQ, 20-Apr-2026,15295.0,15298.0,15438.0,14950.0,15150.0,15202.0,15242.45,29072,4431.29,8282,12112.0, 41.66,2026-04-20
NEWGEN, EQ, 20-Apr-2026,483.5,484.0,484.4,469.9,472.0,471.95,475.27,684605,3253.7,19869,267506.0, 39.07,2026-04-20
NEWJAISA, ST, 20-Apr-2026,26.4,26.3,27.3,25.8,26.15,26.15,26.53,18000,4.78,10,15000.0, 83.33,2026-04-20
NEXT30ADD, EQ, 20-Apr-2026,41.55,41.17,41.66,41.13,41.24,41.31,41.46,18367,7.62,85,16359.0, 89.07,2026-04-20
NEXT50, EQ, 20-Apr-2026,724.01,705.9,728.0,705.9,723.18,724.35,724.13,32459,235.04,988,14417.0, 44.42,2026-04-20
NEXT50ADD, EQ, 20-Apr-2026,70.23,69.87,71.01,69.87,69.99,70.6,70.47,4367,3.08,59,3579.0, 81.96,2026-04-20
NEXT50BETA, EQ, 20-Apr-2026,75.73,76.05,76.13,75.01,75.65,75.72,75.81,127316,96.52,1044,62536.0, 49.12,2026-04-20
NEXT50ETF, EQ, 20-Apr-2026,70.76,70.75,71.09,69.99,70.77,70.71,70.67,25588,18.08,177,15242.0, 59.57,2026-04-20
NEXT50IETF, EQ, 20-Apr-2026,74.01,74.02,74.52,73.12,73.9,73.93,74.05,1755481,1299.92,6674,1133461.0, 64.57,2026-04-20
NEXTMEDIA, EQ, 20-Apr-2026,4.48,4.48,4.5,4.31,4.36,4.38,4.41,4287,0.19,52,3683.0, 85.91,2026-04-20
NFL, EQ, 20-Apr-2026,77.41,77.37,77.4,75.82,76.11,76.31,76.7,1433877,1099.74,8934,458317.0, 31.96,2026-04-20
NGIL, EQ, 20-Apr-2026,37.87,39.0,39.84,36.5,37.2,36.76,37.79,104209,39.38,440,79811.0, 76.59,2026-04-20
NGLFINE, EQ, 20-Apr-2026,2226.6,2226.6,2350.0,2197.0,2315.0,2299.3,2295.39,9400,215.77,1128,2978.0, 31.68,2026-04-20
NH, EQ, 20-Apr-2026,1826.1,1827.3,1838.0,1791.0,1802.3,1800.2,1808.62,245262,4435.87,25292,139199.0, 56.76,2026-04-20
NHIT, IV, 20-Apr-2026,159.0,159.0,160.0,159.0,160.0,160.0,159.5,200000,319.0,5,200000.0, 100.00,2026-04-20
NHPC, EQ, 20-Apr-2026,83.56,83.99,83.99,82.25,82.89,83.1,83.03,16988597,14106.13,45713,5506594.0, 32.41,2026-04-20
NIACL, EQ, 20-Apr-2026,167.34,166.54,168.95,163.5,164.0,164.95,166.06,1298774,2156.77,15297,320356.0, 24.67,2026-04-20
NIBE, EQ, 20-Apr-2026,1057.2,1067.0,1094.45,1027.0,1060.0,1063.05,1072.08,92637,993.15,4280,33454.0, 36.11,2026-04-20
NIBL, EQ, 20-Apr-2026,30.5,31.84,33.47,30.51,32.56,32.91,32.63,66889,21.83,940,43904.0, 65.64,2026-04-20
NIF100BEES, EQ, 20-Apr-2026,266.66,266.51,268.0,264.27,267.01,266.02,266.98,91239,243.59,873,53078.0, 58.17,2026-04-20
NIF100IETF, EQ, 20-Apr-2026,28.09,27.38,28.22,27.38,28.06,28.0,28.06,281798,79.08,2099,126335.0, 44.83,2026-04-20
NIFTY1, EQ, 20-Apr-2026,268.57,269.52,269.52,267.27,267.8,267.93,268.54,163982,440.36,2217,100530.0, 61.31,2026-04-20
NIFTY100EW, EQ, 20-Apr-2026,34.1,33.65,34.3,33.65,34.26,34.1,34.14,409927,139.95,286,388377.0, 94.74,2026-04-20
NIFTYADD, EQ, 20-Apr-2026,254.79,248.42,256.5,248.42,254.08,254.37,255.37,11339,28.96,262,8070.0, 71.17,2026-04-20
NIFTYBEES, EQ, 20-Apr-2026,275.87,275.87,276.61,274.12,274.98,275.21,275.55,10137601,27934.4,71861,5480063.0, 54.06,2026-04-20
NIFTYBETA, EQ, 20-Apr-2026,268.03,267.1,269.79,267.1,268.4,268.24,268.98,254521,684.62,2578,205676.0, 80.81,2026-04-20
NIFTYBETF, EQ, 20-Apr-2026,249.35,249.35,250.5,247.49,248.17,249.04,248.64,6462,16.07,135,5081.0, 78.63,2026-04-20
NIFTYCASE, EQ, 20-Apr-2026,9.69,9.72,9.74,9.65,9.69,9.69,9.7,1518320,147.23,2183,970881.0, 63.94,2026-04-20
NIFTYETF, EQ, 20-Apr-2026,263.42,270.0,270.0,261.95,262.52,262.99,263.26,179289,472.0,1732,117331.0, 65.44,2026-04-20
NIFTYIETF, EQ, 20-Apr-2026,274.39,274.39,275.38,273.06,273.87,274.1,274.48,668508,1834.92,21983,389861.0, 58.32,2026-04-20
NIFTYQLITY, EQ, 20-Apr-2026,21.22,20.68,21.32,20.68,21.1,21.12,21.17,80440,17.03,503,67229.0, 83.58,2026-04-20
NIITLTD, EQ, 20-Apr-2026,72.02,72.94,74.5,70.73,71.22,71.47,72.74,907430,660.08,7697,310915.0, 34.26,2026-04-20
NIITMTS, EQ, 20-Apr-2026,327.85,327.85,335.0,319.8,335.0,331.85,328.11,72950,239.36,2441,42528.0, 58.30,2026-04-20
NIKITA, SM, 20-Apr-2026,118.0,119.0,119.0,118.0,118.0,118.0,118.33,3600,4.26,3,3600.0, 100.00,2026-04-20
NILAINFRA, EQ, 20-Apr-2026,8.7,8.71,8.93,8.16,8.4,8.34,8.46,384049,32.5,999,232863.0, 60.63,2026-04-20
NILASPACES, EQ, 20-Apr-2026,13.82,13.5,13.91,13.45,13.79,13.64,13.67,215087,29.4,1107,115538.0, 53.72,2026-04-20
NILE, EQ, 20-Apr-2026,1722.45,1725.05,1769.8,1672.0,1672.0,1703.65,1724.96,288,4.97,58,231.0, 80.21,2026-04-20
NILKAMAL, EQ, 20-Apr-2026,1315.5,1320.1,1339.0,1299.8,1310.0,1317.3,1317.93,3616,47.66,387,1649.0, 45.60,2026-04-20
NIMBSPROJ, EQ, 20-Apr-2026,195.73,195.41,199.7,189.01,190.1,191.82,196.09,261548,512.87,777,18616.0, 7.12,2026-04-20
NINSYS, EQ, 20-Apr-2026,462.7,462.75,470.0,448.55,469.0,466.0,464.08,14498,67.28,474,12003.0, 82.79,2026-04-20
NIPPOBATRY, EQ, 20-Apr-2026,324.0,334.2,334.2,322.15,328.0,325.05,324.92,2331,7.57,219,1250.0, 53.63,2026-04-20
NIRAJ, EQ, 20-Apr-2026,29.89,29.89,30.99,29.45,30.3,30.42,30.29,61322,18.57,539,42171.0, 68.77,2026-04-20
NIRAJISPAT, BE, 20-Apr-2026,211.21,215.45,221.77,215.45,221.77,221.77,220.3,241,0.53,13,, -,2026-04-20
NIRLON, EQ, 20-Apr-2026,1.4,540.0,549.95,516.03,540.0,539.79,539.65,5900,31.84,313,5463.0, 92.59,2026-04-20
NIRMAN, ST, 20-Apr-2026,52.6,53.45,53.45,51.2,52.5,52.55,52.3,13800,7.22,37,13200.0, 95.65,2026-04-20
NITCO, EQ, 20-Apr-2026,90.65,90.6,93.5,88.44,91.4,91.62,91.69,650513,596.47,3845,369945.0, 56.87,2026-04-20
NITINSPIN, EQ, 20-Apr-2026,421.45,425.0,431.25,411.0,412.35,413.55,423.17,165226,699.18,3837,77330.0, 46.80,2026-04-20
NITIRAJ, EQ, 20-Apr-2026,209.8,209.8,209.8,195.0,204.0,204.09,203.12,2534,5.15,169,1778.0, 70.17,2026-04-20
NITTAGELA, EQ, 20-Apr-2026,857.7,857.7,868.0,837.05,863.0,863.2,855.08,993,8.49,82,821.0, 82.68,2026-04-20
NIVABUPA, EQ, 20-Apr-2026,80.11,79.98,80.07,77.15,77.48,77.61,77.96,570623,444.88,7192,303936.0, 53.26,2026-04-20
NKIND, EQ, 20-Apr-2026,67.3,73.0,73.0,67.2,68.49,67.84,67.39,5233,3.53,72,4331.0, 82.76,2026-04-20
NLCINDIA, EQ, 20-Apr-2026,300.65,303.6,318.55,301.0,304.2,304.35,310.05,11959394,37079.67,121389,3309581.0, 27.67,2026-04-20
NMDC, EQ, 20-Apr-2026,89.78,89.9,90.17,88.13,88.92,88.9,89.25,30415217,27146.35,141524,17021408.0, 55.96,2026-04-20
NOCIL, EQ, 20-Apr-2026,172.31,174.0,175.05,170.6,171.0,171.67,172.68,733537,1266.64,6019,279162.0, 38.06,2026-04-20
NOIDATOLL, EQ, 20-Apr-2026,3.69,3.7,3.89,3.7,3.8,3.82,3.81,222113,8.46,305,184839.0, 83.22,2026-04-20
NORBTEAEXP, EQ, 20-Apr-2026,76.16,72.36,78.9,72.36,72.36,72.36,72.45,6811,4.93,90,6294.0, 92.41,2026-04-20
NORTHARC, EQ, 20-Apr-2026,242.13,243.12,243.13,238.61,240.4,240.02,240.82,158217,381.01,2653,75265.0, 47.57,2026-04-20
NOVAAGRI, EQ, 20-Apr-2026,29.44,29.48,29.8,29.12,29.25,29.2,29.43,84760,24.95,660,55843.0, 65.88,2026-04-20
NOVARTIND, EQ, 20-Apr-2026,672.25,991.0,1005.85,991.0,997.0,995.45,997.08,4123,41.11,284,3028.0, 73.44,2026-04-20
NPBET, EQ, 20-Apr-2026,280.05,280.79,280.79,278.01,278.01,278.92,278.9,618,1.72,31,566.0, 91.59,2026-04-20
NPST, EQ, 20-Apr-2026,1274.35,1270.0,1290.0,1255.05,1260.0,1266.55,1270.41,11288,143.4,691,7964.0, 70.55,2026-04-20
NRAIL, EQ, 20-Apr-2026,477.85,479.0,480.0,461.0,480.0,475.85,468.47,6035,28.27,248,4249.0, 70.41,2026-04-20
NRBBEARING, EQ, 20-Apr-2026,295.06,294.3,304.55,285.82,296.51,294.06,290.49,190466,553.29,4386,105332.0, 55.30,2026-04-20
NRL, EQ, 20-Apr-2026,55.55,57.0,57.0,54.21,54.26,54.75,55.27,34568,19.11,695,15632.0, 45.22,2026-04-20
NSIL, EQ, 20-Apr-2026,5845.9,5933.6,5933.6,5759.2,5829.0,5849.1,5831.96,2790,162.71,678,1452.0, 52.04,2026-04-20
NSLNISP, EQ, 20-Apr-2026,42.58,42.5,42.56,41.55,41.79,41.8,42.01,3296296,1384.83,12170,1410861.0, 42.80,2026-04-20
NTPC, EQ, 20-Apr-2026,393.6,393.0,400.85,390.65,398.35,398.0,397.92,9895187,39375.24,128393,5348489.0, 54.05,2026-04-20
NTPCGREEN, EQ, 20-Apr-2026,111.96,111.96,114.65,110.72,112.6,113.0,112.87,15489514,17482.68,75182,6580059.0, 42.48,2026-04-20
NUCLEUS, EQ, 20-Apr-2026,813.8,825.0,825.0,792.65,794.3,797.95,802.08,34023,272.89,2328,18727.0, 55.04,2026-04-20
NURECA, EQ, 20-Apr-2026,263.83,262.35,267.0,257.01,257.02,259.51,260.74,6305,16.44,318,3830.0, 60.75,2026-04-20
NUVAMA, EQ, 20-Apr-2026,1400.7,1406.9,1415.0,1371.0,1380.9,1379.1,1387.88,368094,5108.7,22603,167948.0, 45.63,2026-04-20
NUVOCO, EQ, 20-Apr-2026,311.4,314.0,314.0,305.15,307.85,308.2,309.34,625219,1934.06,31100,325023.0, 51.99,2026-04-20
NV20, EQ, 20-Apr-2026,14.78,14.78,14.93,14.56,14.65,14.76,14.9,253661,37.8,325,242865.0, 95.74,2026-04-20
NV20BEES, EQ, 20-Apr-2026,147.88,145.39,149.24,145.39,148.3,148.03,148.11,29025,42.99,397,17986.0, 61.97,2026-04-20
NV20IETF, EQ, 20-Apr-2026,14.43,14.42,14.54,14.4,14.45,14.44,14.48,473484,68.57,2599,308290.0, 65.11,2026-04-20
NXST, RR, 20-Apr-2026,157.92,158.4,158.58,156.01,157.68,157.81,157.35,183508,288.75,7252,147139.0, 80.18,2026-04-20
NYKAA, EQ, 20-Apr-2026,269.66,271.77,272.5,263.74,263.75,264.55,267.02,2956051,7893.17,49572,1267165.0, 42.87,2026-04-20
OAL, EQ, 20-Apr-2026,312.07,310.0,319.97,306.0,314.5,314.85,315.1,30486,96.06,682,19458.0, 63.83,2026-04-20
OBCL, EQ, 20-Apr-2026,56.48,56.81,56.82,54.96,55.0,55.1,55.13,13240,7.3,172,9456.0, 71.42,2026-04-20
OBEROIRLTY, EQ, 20-Apr-2026,1710.6,1717.6,1719.0,1681.1,1695.0,1694.9,1700.64,669526,11386.21,44611,348374.0, 52.03,2026-04-20
OBSCP, SM, 20-Apr-2026,318.5,323.8,324.3,315.0,319.0,320.95,320.76,45200,144.99,87,31600.0, 69.91,2026-04-20
OCCLLTD, EQ, 20-Apr-2026,96.32,99.0,99.3,94.92,97.95,98.2,97.34,68567,66.74,1074,43062.0, 62.80,2026-04-20
ODIGMA, BE, 20-Apr-2026,30.33,30.49,31.1,29.11,29.41,29.33,30.05,21876,6.57,296,, -,2026-04-20
OFSS, EQ, 20-Apr-2026,7992.5,8063.5,8175.0,7917.5,8080.0,8082.5,8057.45,271398,21867.77,34163,132036.0, 48.65,2026-04-20
OIL, EQ, 20-Apr-2026,470.1,473.4,475.0,466.85,470.2,471.7,471.85,3431487,16191.39,33557,1885952.0, 54.96,2026-04-20
OILCOUNTUB, EQ, 20-Apr-2026,55.86,64.0,66.0,60.0,63.5,63.57,62.8,886108,556.44,6891,394885.0, 44.56,2026-04-20
OILIETF, EQ, 20-Apr-2026,11.58,11.86,11.86,11.46,11.59,11.59,11.58,4494486,520.6,3516,2607208.0, 58.01,2026-04-20
OLAELEC, EQ, 20-Apr-2026,40.82,40.9,41.6,39.0,39.31,39.22,40.12,144974112,58166.1,200887,32620439.0, 22.50,2026-04-20
OLECTRA, EQ, 20-Apr-2026,1225.15,1228.0,1229.7,1189.5,1197.9,1196.9,1201.56,491074,5900.56,22939,178910.0, 36.43,2026-04-20
OLIL, SM, 20-Apr-2026,319.0,320.0,320.0,313.0,313.0,315.05,315.15,18000,56.73,10,17600.0, 97.78,2026-04-20
OMAXAUTO, EQ, 20-Apr-2026,117.15,117.0,117.99,114.25,114.5,114.83,115.8,27431,31.76,496,17829.0, 65.00,2026-04-20
OMAXE, EQ, 20-Apr-2026,79.24,79.95,79.95,77.83,78.02,78.88,78.62,60174,47.31,817,28898.0, 48.02,2026-04-20
OMFREIGHT, EQ, 20-Apr-2026,80.04,79.8,82.0,77.61,78.79,78.61,79.26,14119,11.19,285,8717.0, 61.74,2026-04-20
OMFURN, SM, 20-Apr-2026,54.4,53.0,53.0,49.0,49.0,49.0,50.34,8400,4.23,7,8400.0, 100.00,2026-04-20
OMINFRAL, EQ, 20-Apr-2026,94.98,95.78,95.98,92.65,93.06,93.94,94.28,75112,70.82,1046,39372.0, 52.42,2026-04-20
OMKARCHEM, BZ, 20-Apr-2026,4.2,3.99,4.39,3.99,3.99,3.99,3.99,39971,1.6,80,, -,2026-04-20
OMNI, EQ, 20-Apr-2026,333.93,339.99,360.95,327.91,342.71,343.85,349.95,1011818,3540.85,17056,410140.0, 40.53,2026-04-20
OMPOWER, BE, 20-Apr-2026,193.38,198.0,203.04,195.2,203.04,203.04,198.66,1177265,2338.73,7888,, -,2026-04-20
ONDOOR, ST, 20-Apr-2026,172.4,165.5,175.0,163.8,168.0,167.95,166.99,16800,28.05,48,12900.0, 76.79,2026-04-20
ONELIFECAP, EQ, 20-Apr-2026,15.2,15.0,15.7,15.0,15.22,15.35,15.39,36761,5.66,258,29376.0, 79.91,2026-04-20
ONEPOINT, EQ, 20-Apr-2026,56.0,56.0,56.0,54.18,54.95,54.72,54.9,595924,327.16,2719,311169.0, 52.22,2026-04-20
ONESOURCE, EQ, 20-Apr-2026,1543.5,1540.0,1555.0,1503.6,1545.1,1549.2,1538.63,496106,7633.25,24173,270293.0, 54.48,2026-04-20
ONGC, EQ, 20-Apr-2026,284.05,284.0,285.2,282.5,283.15,283.35,283.83,11057036,31383.53,81811,6944739.0, 62.81,2026-04-20
ONMOBILE, EQ, 20-Apr-2026,47.66,47.71,47.95,46.56,47.5,47.48,47.28,130989,61.94,1121,55963.0, 42.72,2026-04-20
ONWARDTEC, EQ, 20-Apr-2026,252.7,256.0,256.0,243.35,246.7,245.16,247.77,37796,93.65,1251,24615.0, 65.13,2026-04-20
ONYX, SM, 20-Apr-2026,32.75,31.5,32.25,31.5,32.25,32.25,31.88,4000,1.28,2,4000.0, 100.00,2026-04-20
OPTIEMUS, EQ, 20-Apr-2026,413.75,419.0,419.6,398.0,400.25,400.95,405.43,141012,571.7,4050,71888.0, 50.98,2026-04-20
OPTIVALUE, SM, 20-Apr-2026,76.75,76.75,76.75,75.0,75.0,75.0,75.63,4800,3.63,3,3200.0, 66.67,2026-04-20
ORBTEXP, EQ, 20-Apr-2026,165.04,165.04,167.86,161.01,164.83,165.44,164.2,1950,3.2,65,1303.0, 66.82,2026-04-20
ORCHASP, EQ, 20-Apr-2026,2.12,2.1,2.15,2.04,2.07,2.06,2.09,276712,5.78,321,263616.0, 95.27,2026-04-20
ORCHPHARMA, EQ, 20-Apr-2026,569.4,584.9,584.9,542.0,542.5,545.3,555.24,133533,741.42,4170,51492.0, 38.56,2026-04-20
ORIANA, SM, 20-Apr-2026,2189.1,2184.0,2184.0,2100.0,2110.0,2108.7,2129.81,66150,1408.87,696,46350.0, 70.07,2026-04-20
ORICONENT, EQ, 20-Apr-2026,67.81,66.8,68.28,65.49,65.7,66.15,66.62,113468,75.6,742,76797.0, 67.68,2026-04-20
ORIENTALTL, EQ, 20-Apr-2026,7.16,7.1,7.45,6.68,7.08,7.0,7.03,120396,8.46,420,81575.0, 67.76,2026-04-20
ORIENTBELL, EQ, 20-Apr-2026,314.7,316.25,316.25,300.0,300.6,302.25,305.74,19346,59.15,1007,10906.0, 56.37,2026-04-20
ORIENTCEM, EQ, 20-Apr-2026,144.89,146.39,147.78,140.7,140.7,144.07,145.63,670732,976.8,6205,366705.0, 54.67,2026-04-20
ORIENTCER, EQ, 20-Apr-2026,43.11,43.32,43.32,41.2,41.7,41.98,42.37,52055,22.05,1415,18904.0, 36.32,2026-04-20
ORIENTELEC, EQ, 20-Apr-2026,179.56,180.0,182.39,176.55,178.6,180.96,180.09,361015,650.14,5968,168450.0, 46.66,2026-04-20
ORIENTHOT, EQ, 20-Apr-2026,98.69,99.02,99.82,96.65,96.79,97.15,97.39,185025,180.2,1461,97213.0, 52.54,2026-04-20
ORIENTLTD, EQ, 20-Apr-2026,63.59,63.59,64.77,63.0,63.0,63.13,63.36,1590,1.01,53,1038.0, 65.28,2026-04-20
ORIENTPPR, EQ, 20-Apr-2026,19.21,19.37,19.37,18.6,18.61,18.73,18.92,221656,41.93,1029,122292.0, 55.17,2026-04-20
ORIENTTECH, EQ, 20-Apr-2026,294.77,295.0,296.49,285.05,287.31,287.3,289.5,189364,548.2,5850,77588.0, 40.97,2026-04-20
ORISSAMINE, EQ, 20-Apr-2026,4186.9,4182.7,4196.9,4063.0,4080.0,4089.0,4100.47,24549,1006.62,3721,7670.0, 31.24,2026-04-20
ORKLAINDIA, EQ, 20-Apr-2026,639.15,634.95,639.45,625.1,628.0,633.55,632.53,58214,368.22,4442,34730.0, 59.66,2026-04-20
ORTEL, BZ, 20-Apr-2026,1.81,1.88,1.9,1.72,1.8,1.8,1.86,24567,0.46,50,, -,2026-04-20
ORTINGLOBE, BE, 20-Apr-2026,14.97,15.01,15.68,14.26,15.6,15.6,14.68,558,0.08,15,, -,2026-04-20
OSELDEVICE, SM, 20-Apr-2026,621.4,600.1,625.0,582.0,586.0,588.9,597.41,58000,346.5,250,43000.0, 74.14,2026-04-20
OSIAHYPER, EQ, 20-Apr-2026,4.91,4.72,5.15,4.72,5.15,5.15,4.99,9056976,451.79,3327,4685127.0, 51.73,2026-04-20
OSWALAGRO, EQ, 20-Apr-2026,51.22,51.9,51.9,49.57,49.66,49.93,50.47,36791,18.57,415,26703.0, 72.58,2026-04-20
OSWALGREEN, EQ, 20-Apr-2026,29.28,29.28,29.37,28.36,28.67,28.57,28.7,171727,49.29,2549,80831.0, 47.07,2026-04-20
OSWALPUMPS, EQ, 20-Apr-2026,432.55,433.85,433.85,411.05,412.0,414.85,421.07,891801,3755.08,15552,401872.0, 45.06,2026-04-20
OSWALSEEDS, EQ, 20-Apr-2026,12.88,13.4,13.4,11.5,12.52,12.59,12.45,50101,6.24,296,29053.0, 57.99,2026-04-20
OWAIS, SM, 20-Apr-2026,165.1,173.35,173.35,173.35,173.35,173.35,173.35,10000,17.34,30,10000.0, 100.00,2026-04-20
PACEDIGITK, EQ, 20-Apr-2026,176.52,177.8,177.99,171.08,171.99,171.98,174.15,1337592,2329.48,10823,608184.0, 45.47,2026-04-20
PAGEIND, EQ, 20-Apr-2026,37975.0,37900.0,38500.0,37320.0,38360.0,38405.0,38152.1,48678,18571.68,17150,29423.0, 60.44,2026-04-20
PAISALO, EQ, 20-Apr-2026,43.81,43.8,45.46,43.0,43.13,43.42,43.92,19060158,8371.78,17693,9819904.0, 51.52,2026-04-20
PAKKA, EQ, 20-Apr-2026,100.37,101.02,101.7,98.0,98.0,98.9,99.81,87408,87.25,914,54591.0, 62.46,2026-04-20
PALASHSECU, EQ, 20-Apr-2026,99.98,102.0,102.0,95.11,95.32,95.4,95.84,40276,38.6,180,27227.0, 67.60,2026-04-20
PALREDTEC, EQ, 20-Apr-2026,37.15,36.0,38.39,35.31,38.0,38.0,37.54,2264,0.85,41,1788.0, 78.98,2026-04-20
PANACEABIO, EQ, 20-Apr-2026,358.75,355.0,360.5,338.05,339.9,341.6,348.69,132569,462.25,3379,64688.0, 48.80,2026-04-20
PANACHE, BE, 20-Apr-2026,319.75,316.8,330.0,306.15,321.0,321.5,311.44,6066,18.89,54,, -,2026-04-20
PANAMAPET, EQ, 20-Apr-2026,275.4,278.8,278.8,268.61,271.0,269.98,272.17,34943,95.11,1197,19328.0, 55.31,2026-04-20
PAR, EQ, 20-Apr-2026,93.95,95.5,95.5,92.03,92.03,92.7,93.73,3469,3.25,126,2406.0, 69.36,2026-04-20
PARACABLES, EQ, 20-Apr-2026,40.4,40.55,40.7,38.44,38.44,38.58,39.11,745363,291.54,3812,379677.0, 50.94,2026-04-20
PARADEEP, EQ, 20-Apr-2026,124.33,124.33,128.2,121.38,127.01,126.93,125.72,7541683,9481.75,49206,3152533.0, 41.80,2026-04-20
PARAGMILK, EQ, 20-Apr-2026,222.66,224.19,224.19,213.5,214.4,214.39,217.39,906600,1970.83,10298,433504.0, 47.82,2026-04-20
PARAGON, SM, 20-Apr-2026,40.3,41.6,43.0,41.55,41.55,41.55,42.36,13200,5.59,11,10800.0, 81.82,2026-04-20
PARAMPARA, ST, 20-Apr-2026,11.4,11.0,11.0,11.0,11.0,11.0,11.0,24000,2.64,1,24000.0, 100.00,2026-04-20
PARAS, EQ, 20-Apr-2026,809.15,811.6,830.0,776.5,781.8,781.5,800.57,1888603,15119.51,63573,626636.0, 33.18,2026-04-20
PARASPETRO, BE, 20-Apr-2026,2.32,2.36,2.36,2.36,2.36,2.36,2.36,287595,6.79,68,, -,2026-04-20
PARIN, SM, 20-Apr-2026,633.5,600.0,636.0,600.0,636.0,635.3,610.5,23000,140.42,13,11750.0, 51.09,2026-04-20
PARKHOSPS, EQ, 20-Apr-2026,216.47,221.0,228.99,216.58,221.7,221.79,224.4,2109956,4734.76,27290,860287.0, 40.77,2026-04-20
PARKHOTELS, EQ, 20-Apr-2026,121.66,122.28,123.4,119.51,120.0,120.08,121.41,232595,282.38,2684,110145.0, 47.35,2026-04-20
PARSVNATH, EQ, 20-Apr-2026,8.96,9.14,9.26,8.5,8.5,8.62,8.79,333759,29.33,756,219798.0, 65.86,2026-04-20
PARTH, ST, 20-Apr-2026,336.85,340.0,340.0,320.05,320.05,320.05,323.97,14800,47.95,33,14800.0, 100.00,2026-04-20
PARTYCRUS, SM, 20-Apr-2026,88.9,88.95,88.95,82.55,83.0,83.1,84.6,22000,18.61,21,19000.0, 86.36,2026-04-20
PASHUPATI, EQ, 20-Apr-2026,99.45,105.35,105.35,93.0,93.2,95.85,97.58,99453,97.05,2941,56210.0, 56.52,2026-04-20
PASUPTAC, EQ, 20-Apr-2026,48.56,49.39,49.39,47.51,47.52,48.0,48.19,94407,45.49,669,64134.0, 67.93,2026-04-20
PATANJALI, EQ, 20-Apr-2026,468.3,468.95,468.95,458.0,459.0,459.65,461.02,2341311,10793.99,22672,1009593.0, 43.12,2026-04-20
PATELENG, EQ, 20-Apr-2026,28.49,28.3,28.31,27.62,27.8,27.83,27.97,4057257,1134.9,9965,1936023.0, 47.72,2026-04-20
PATELRMART, EQ, 20-Apr-2026,200.72,204.0,210.88,198.82,207.79,207.99,206.76,123596,255.54,2006,57097.0, 46.20,2026-04-20
PATILAUTOM, SM, 20-Apr-2026,167.55,164.0,167.7,164.0,165.0,165.65,165.5,11400,18.87,17,8400.0, 73.68,2026-04-20
PATINTLOG, EQ, 20-Apr-2026,11.48,11.48,11.79,11.27,11.63,11.61,11.5,67667,7.78,314,41871.0, 61.88,2026-04-20
PAUSHAKLTD, EQ, 20-Apr-2026,505.45,505.45,510.0,490.0,491.7,494.55,497.99,7523,37.46,372,5403.0, 71.82,2026-04-20
PAVNAIND, BE, 20-Apr-2026,21.83,21.8,21.8,20.76,20.9,21.09,21.17,34830,7.37,229,, -,2026-04-20
PAYTM, EQ, 20-Apr-2026,1161.65,1163.4,1181.0,1152.4,1162.0,1161.35,1165.67,1481707,17271.75,40270,519822.0, 35.08,2026-04-20
PCBL, EQ, 20-Apr-2026,285.41,286.7,292.5,278.3,281.88,283.37,287.06,2468082,7084.92,39242,660804.0, 26.77,2026-04-20
PCCL, SM, 20-Apr-2026,275.3,280.0,280.0,275.0,275.5,275.5,276.83,1200,3.32,3,1200.0, 100.00,2026-04-20
PCJEWELLER, EQ, 20-Apr-2026,9.58,9.83,10.04,9.65,9.71,9.69,9.77,74749200,7300.81,41719,26113510.0, 34.93,2026-04-20
PDMJEPAPER, EQ, 20-Apr-2026,90.17,90.0,90.0,85.61,86.0,86.4,87.5,141424,123.74,1952,82582.0, 58.39,2026-04-20
PDSL, EQ, 20-Apr-2026,301.25,299.25,300.0,292.1,292.8,293.9,294.73,75455,222.39,3535,35419.0, 46.94,2026-04-20
PEARLPOLY, EQ, 20-Apr-2026,21.39,23.99,24.3,21.85,22.32,22.35,22.93,575146,131.87,2465,183240.0, 31.86,2026-04-20
PELATRO, SM, 20-Apr-2026,310.0,310.0,310.0,298.0,301.2,301.2,301.07,1800,5.42,6,1500.0, 83.33,2026-04-20
PENIND, EQ, 20-Apr-2026,175.64,175.6,175.61,168.01,168.47,169.77,171.02,543093,928.8,6475,259909.0, 47.86,2026-04-20
PENINLAND, EQ, 20-Apr-2026,22.17,22.3,22.68,20.26,21.01,21.0,21.57,772266,166.55,2221,433982.0, 56.20,2026-04-20
PENTAGON, SM, 20-Apr-2026,67.2,64.2,69.85,64.2,69.85,69.85,67.93,3000,2.04,3,2000.0, 66.67,2026-04-20
PERFECT, SZ, 20-Apr-2026,1.5,1.55,1.55,1.55,1.55,1.55,1.55,12000,0.19,4,12000.0, 100.00,2026-04-20
PERSISTENT, EQ, 20-Apr-2026,5446.5,5451.0,5512.3,5287.1,5320.0,5325.2,5362.04,1021416,54768.73,55740,496796.0, 48.64,2026-04-20
PETRONET, EQ, 20-Apr-2026,273.22,273.8,274.94,270.01,271.6,272.13,272.69,2605561,7104.99,54078,1411364.0, 54.17,2026-04-20
PFC, EQ, 20-Apr-2026,464.85,464.85,475.2,456.6,471.05,472.85,469.52,10992233,51610.64,79868,4864489.0, 44.25,2026-04-20
PFIZER, EQ, 20-Apr-2026,4960.7,4995.0,5045.0,4865.0,4896.0,4894.7,4952.77,18563,919.38,4107,7426.0, 40.00,2026-04-20
PFOCUS, EQ, 20-Apr-2026,345.05,348.85,352.7,324.3,327.0,327.55,336.46,1545046,5198.47,20255,623280.0, 40.34,2026-04-20
PFS, EQ, 20-Apr-2026,31.93,32.0,32.68,31.3,31.4,31.43,31.83,1218270,387.76,3717,658619.0, 54.06,2026-04-20
PGEL, EQ, 20-Apr-2026,561.4,561.0,566.75,549.25,557.0,559.05,560.31,2277436,12760.63,31600,462727.0, 20.32,2026-04-20
PGHH, EQ, 20-Apr-2026,10005.0,10149.5,10150.5,9910.0,9944.0,9933.0,9991.42,14856,1484.32,5116,9430.0, 63.48,2026-04-20
PGHL, EQ, 20-Apr-2026,5022.9,5048.0,5141.3,4998.4,5095.0,5086.0,5098.2,40378,2058.55,4932,30671.0, 75.96,2026-04-20
PGIL, EQ, 20-Apr-2026,1642.9,1654.9,1674.8,1621.1,1632.0,1635.5,1645.2,52770,868.17,5000,24131.0, 45.73,2026-04-20
PGINVIT, IV, 20-Apr-2026,93.45,93.64,93.64,92.98,93.25,93.28,93.28,2984694,2784.01,8359,2691766.0, 90.19,2026-04-20
PHANTOMFX, SM, 20-Apr-2026,224.85,236.0,249.9,223.0,223.0,225.0,229.79,63300,145.46,169,53100.0, 83.89,2026-04-20
PHARMABEES, EQ, 20-Apr-2026,23.12,23.6,23.6,22.96,23.02,23.02,23.07,4478796,1033.16,11032,2720580.0, 60.74,2026-04-20
PHOENIXLTD, EQ, 20-Apr-2026,1792.2,1783.2,1809.8,1750.0,1766.0,1767.9,1772.27,620529,10997.47,36784,371038.0, 59.79,2026-04-20
PHOGLOBAL, SM, 20-Apr-2026,18.6,20.25,20.25,19.85,19.85,19.85,20.05,4000,0.8,2,4000.0, 100.00,2026-04-20
PICCADIL, EQ, 20-Apr-2026,584.55,589.7,618.0,571.55,601.5,601.0,599.0,344942,2066.22,17006,118589.0, 34.38,2026-04-20
PIDILITIND, EQ, 20-Apr-2026,1393.4,1395.0,1399.6,1378.7,1389.0,1390.5,1392.25,894803,12457.85,34791,585173.0, 65.40,2026-04-20
PIGL, EQ, 20-Apr-2026,121.59,121.99,123.88,119.79,121.44,120.71,121.44,34529,41.93,596,21956.0, 63.59,2026-04-20
PIIND, EQ, 20-Apr-2026,3139.7,3120.0,3156.9,3021.0,3026.1,3037.0,3080.5,240900,7420.93,18723,106062.0, 44.03,2026-04-20
PILANIINVS, EQ, 20-Apr-2026,4928.4,4907.2,4937.9,4828.0,4855.1,4871.4,4886.9,2140,104.58,765,537.0, 25.09,2026-04-20
PILITA, EQ, 20-Apr-2026,8.32,8.44,8.44,7.74,8.16,8.13,8.1,183651,14.88,1132,124811.0, 67.96,2026-04-20
PINELABS, EQ, 20-Apr-2026,193.53,193.0,196.5,190.54,194.49,194.0,193.98,937147,1817.85,18791,278103.0, 29.68,2026-04-20
PIONEEREMB, EQ, 20-Apr-2026,26.0,26.4,27.4,25.71,26.7,26.77,26.75,24277,6.49,161,20400.0, 84.03,2026-04-20
PIONRINV, EQ, 20-Apr-2026,108.05,118.75,118.75,106.0,113.95,106.15,107.06,859,0.92,10,858.0, 99.88,2026-04-20
PIRAMALFIN, EQ, 20-Apr-2026,1675.3,1675.3,1683.8,1620.1,1630.0,1646.8,1639.11,331032,5425.99,25840,169976.0, 51.35,2026-04-20
PITTIENG, EQ, 20-Apr-2026,928.2,928.2,955.0,900.0,943.0,950.5,943.84,165096,1558.25,12466,106722.0, 64.64,2026-04-20
PIXTRANS, EQ, 20-Apr-2026,1524.5,1549.0,1549.0,1511.0,1535.0,1523.3,1524.91,7778,118.61,964,4381.0, 56.33,2026-04-20
PKTEA, EQ, 20-Apr-2026,754.4,761.0,769.0,761.0,769.0,769.0,762.56,9,0.07,5,7.0, 77.78,2026-04-20
PLADAINFO, SM, 20-Apr-2026,11.85,11.85,12.4,11.85,12.4,12.4,12.2,9000,1.1,3,9000.0, 100.00,2026-04-20
PLASTIBLEN, EQ, 20-Apr-2026,153.36,150.25,154.57,147.5,150.11,151.18,151.41,3215,4.87,112,2046.0, 63.64,2026-04-20
PLATIND, EQ, 20-Apr-2026,223.55,224.22,225.93,219.81,225.5,224.77,223.18,52367,116.87,1126,26785.0, 51.15,2026-04-20
PLAZACABLE, EQ, 20-Apr-2026,40.06,40.06,40.48,38.93,39.2,39.44,39.71,31112,12.35,610,19207.0, 61.74,2026-04-20
PML, EQ, 20-Apr-2026,581.55,645.0,645.0,599.0,624.6,607.0,618.37,47,0.29,20,20.0, 42.55,2026-04-20
PNB, EQ, 20-Apr-2026,114.48,114.9,115.1,113.34,113.6,113.74,114.28,16688164,19071.42,52870,6928420.0, 41.52,2026-04-20
PNBGILTS, EQ, 20-Apr-2026,74.9,75.55,76.88,71.01,76.8,74.25,74.93,1327323,994.62,5543,402129.0, 30.30,2026-04-20
PNBHOUSING, EQ, 20-Apr-2026,923.7,923.3,933.8,899.15,906.6,906.75,915.19,1525958,13965.48,32994,475819.0, 31.18,2026-04-20
PNC, BE, 20-Apr-2026,21.69,21.5,22.38,21.5,21.61,21.61,21.68,1053,0.23,13,, -,2026-04-20
PNCINFRA, EQ, 20-Apr-2026,203.11,205.0,206.51,200.71,203.22,201.96,203.55,426377,867.88,10768,155296.0, 36.42,2026-04-20
PNGJL, EQ, 20-Apr-2026,667.65,664.75,676.85,658.55,671.5,670.05,668.77,293352,1961.85,11597,98367.0, 33.53,2026-04-20
PNGSREVA, EQ, 20-Apr-2026,380.0,380.0,394.5,372.25,374.25,378.6,383.08,638686,2446.7,9647,490481.0, 76.80,2026-04-20
POCL, EQ, 20-Apr-2026,1238.8,1248.9,1248.9,1181.6,1185.0,1187.3,1205.86,171249,2065.02,10374,97060.0, 56.68,2026-04-20
PODDARMENT, EQ, 20-Apr-2026,260.66,256.18,260.99,253.0,256.0,256.15,255.55,1383,3.53,101,803.0, 58.06,2026-04-20
POKARNA, EQ, 20-Apr-2026,927.45,932.1,939.0,904.85,908.0,908.75,916.72,78627,720.79,3717,39810.0, 50.63,2026-04-20
POLICYBZR, EQ, 20-Apr-2026,1600.6,1600.6,1632.0,1582.1,1603.5,1616.8,1612.33,1874530,30223.63,65598,1165915.0, 62.20,2026-04-20
POLYCAB, EQ, 20-Apr-2026,8182.5,8182.5,8285.0,8049.0,8225.0,8198.5,8219.9,403635,33178.39,56664,216146.0, 53.55,2026-04-20
POLYMED, EQ, 20-Apr-2026,1467.4,1466.0,1470.4,1435.1,1450.0,1456.3,1452.83,65449,950.86,6517,29277.0, 44.73,2026-04-20
POLYPLEX, EQ, 20-Apr-2026,883.7,893.45,893.45,860.0,872.0,866.05,871.91,45179,393.92,1810,27795.0, 61.52,2026-04-20
POLYSIL, ST, 20-Apr-2026,171.65,168.25,168.25,168.25,168.25,168.25,168.25,5000,8.41,7,5000.0, 100.00,2026-04-20
PONNIERODE, EQ, 20-Apr-2026,291.9,294.5,297.45,286.35,289.0,291.25,292.11,21204,61.94,877,11771.0, 55.51,2026-04-20
POONAWALLA, EQ, 20-Apr-2026,413.75,414.0,421.8,404.9,417.75,418.2,415.26,2927314,12155.83,67834,1472979.0, 50.32,2026-04-20
POSITRON, SM, 20-Apr-2026,167.2,167.2,170.0,163.0,163.7,163.7,166.67,8400,14.0,28,6900.0, 82.14,2026-04-20
POWERGRID, EQ, 20-Apr-2026,318.1,319.0,323.05,315.55,320.0,319.7,320.1,10955277,35067.87,115322,6074130.0, 55.44,2026-04-20
POWERICA, EQ, 20-Apr-2026,439.45,448.7,459.9,446.0,454.7,455.65,452.29,616867,2790.03,23705,334232.0, 54.18,2026-04-20
POWERINDIA, EQ, 20-Apr-2026,28925.0,29250.0,29900.0,28960.0,29650.0,29645.0,29611.91,181052,53612.95,46389,55995.0, 30.93,2026-04-20
POWERMECH, EQ, 20-Apr-2026,2376.0,2367.0,2484.0,2330.1,2430.0,2432.7,2424.44,251602,6099.95,25919,110994.0, 44.11,2026-04-20
PPAP, EQ, 20-Apr-2026,212.24,209.1,216.0,208.68,209.2,209.74,212.45,7409,15.74,395,4430.0, 59.79,2026-04-20
PPL, EQ, 20-Apr-2026,219.67,220.0,221.9,212.52,213.1,214.87,215.48,59192,127.55,1494,26001.0, 43.93,2026-04-20
PPLPHARMA, EQ, 20-Apr-2026,148.85,149.49,150.05,146.02,148.05,148.79,148.4,1754749,2604.01,18750,578140.0, 32.95,2026-04-20
PPSL, SM, 20-Apr-2026,8.4,8.8,9.7,8.6,9.5,9.5,9.28,126000,11.69,39,96000.0, 76.19,2026-04-20
PRABHA, EQ, 20-Apr-2026,162.73,162.0,163.61,160.01,160.62,161.5,161.26,34542,55.7,625,18613.0, 53.89,2026-04-20
PRABHAPP, E1, 20-Apr-2026,55.06,55.29,55.29,52.02,52.02,52.05,53.85,2432,1.31,21,2177.0, 89.51,2026-04-20
PRADPME, EQ, 20-Apr-2026,380.65,388.2,389.0,365.0,365.0,370.6,372.3,1422,5.29,52,1251.0, 87.97,2026-04-20
PRAENG, EQ, 20-Apr-2026,23.45,23.56,26.2,22.71,25.0,25.27,25.4,278633,70.78,1588,139710.0, 50.14,2026-04-20
PRAJIND, EQ, 20-Apr-2026,350.9,352.2,361.7,343.1,356.35,356.5,355.0,2606969,9254.81,43134,859975.0, 32.99,2026-04-20
PRAKASH, EQ, 20-Apr-2026,143.98,143.98,144.0,140.5,142.16,141.26,142.21,335260,476.78,3305,163367.0, 48.73,2026-04-20
PRAKASHSTL, EQ, 20-Apr-2026,4.91,4.9,4.98,4.78,4.81,4.8,4.83,175734,8.49,426,133657.0, 76.06,2026-04-20
PRAMARA, SM, 20-Apr-2026,361.05,362.0,362.0,350.1,351.0,352.5,353.79,225000,796.03,205,59500.0, 26.44,2026-04-20
PRANIK, SM, 20-Apr-2026,52.0,50.0,50.0,50.0,50.0,50.0,50.0,3200,1.6,2,3200.0, 100.00,2026-04-20
PRATHAM, SM, 20-Apr-2026,142.3,142.0,143.95,137.9,141.0,141.0,140.26,2800,3.93,7,2400.0, 85.71,2026-04-20
PRAVEG, EQ, 20-Apr-2026,274.25,271.0,275.0,261.85,261.85,266.6,268.55,10608,28.49,300,9031.0, 85.13,2026-04-20
PRAXIS, EQ, 20-Apr-2026,7.53,7.87,7.87,7.11,7.12,7.23,7.34,57947,4.25,201,46833.0, 80.82,2026-04-20
PRECAM, EQ, 20-Apr-2026,155.65,156.9,157.9,152.0,152.65,152.62,154.34,283806,438.04,4546,102573.0, 36.14,2026-04-20
PRECISION, SM, 20-Apr-2026,7.8,7.85,8.1,7.45,8.1,8.1,7.85,34000,2.67,11,30000.0, 88.24,2026-04-20
PRECOT, BE, 20-Apr-2026,563.25,568.95,569.0,567.0,567.0,568.95,568.47,1214,6.9,31,, -,2026-04-20
PRECWIRE, EQ, 20-Apr-2026,376.9,377.8,382.45,361.35,362.0,365.0,370.89,760504,2820.64,23402,263366.0, 34.63,2026-04-20
PREMCO, EQ, 20-Apr-2026,423.05,420.0,425.0,410.0,425.0,420.35,419.38,53,0.22,15,51.0, 96.23,2026-04-20
PREMEXPLN, EQ, 20-Apr-2026,501.3,501.3,505.0,485.0,486.0,487.95,495.25,192009,950.93,5613,89889.0, 46.81,2026-04-20
PREMIER, BE, 20-Apr-2026,3.1,3.1,3.24,2.96,3.02,3.04,2.99,6544,0.2,24,, -,2026-04-20
PREMIERENE, EQ, 20-Apr-2026,1034.6,1038.4,1044.6,1001.85,1006.15,1010.75,1018.34,1891731,19264.28,44396,707723.0, 37.41,2026-04-20
PREMIERPOL, BE, 20-Apr-2026,53.86,53.85,54.32,51.71,52.25,52.21,52.74,134820,71.1,524,, -,2026-04-20
PREMIUM, SM, 20-Apr-2026,36.75,37.9,37.9,36.8,36.8,36.8,37.35,6000,2.24,2,6000.0, 100.00,2026-04-20
PRESSTONIC, ST, 20-Apr-2026,39.6,37.75,41.55,37.65,41.55,41.55,39.38,199200,78.44,92,188000.0, 94.38,2026-04-20
PRESTIGE, EQ, 20-Apr-2026,1356.8,1348.0,1378.0,1330.2,1374.0,1373.8,1365.56,841782,11495.04,29372,474960.0, 56.42,2026-04-20
PRICOLLTD, EQ, 20-Apr-2026,586.8,590.0,595.0,575.1,587.0,588.45,584.84,215475,1260.19,12242,100225.0, 46.51,2026-04-20
PRIMECAB, SM, 20-Apr-2026,96.0,98.0,98.6,94.0,97.5,97.5,96.47,83200,80.26,40,54400.0, 65.38,2026-04-20
PRIMESECU, EQ, 20-Apr-2026,284.9,285.65,285.65,278.1,280.45,281.25,281.96,4610,13.0,211,2324.0, 50.41,2026-04-20
PRIMO, EQ, 20-Apr-2026,24.2,24.2,24.2,23.5,23.84,23.69,23.83,130831,31.17,989,85457.0, 65.32,2026-04-20
PRINCEPIPE, EQ, 20-Apr-2026,254.95,254.95,262.91,250.38,255.0,257.02,255.88,171594,439.08,3989,79619.0, 46.40,2026-04-20
PRITI, BE, 20-Apr-2026,50.19,50.0,50.1,48.0,48.35,48.5,48.45,14216,6.89,133,, -,2026-04-20
PRITIKAUTO, EQ, 20-Apr-2026,13.84,13.43,13.88,13.21,13.35,13.44,13.6,172053,23.4,870,89428.0, 51.98,2026-04-20
PRIVISCL, EQ, 20-Apr-2026,3133.1,3155.0,3185.6,3071.0,3084.9,3086.9,3128.21,88273,2761.36,10481,43774.0, 49.59,2026-04-20
PRIZOR, ST, 20-Apr-2026,516.75,529.8,542.0,492.0,505.0,516.85,517.84,46000,238.21,109,43200.0, 93.91,2026-04-20
PRLIND, SM, 20-Apr-2026,62.2,62.0,62.5,62.0,62.5,62.5,62.25,4000,2.49,4,4000.0, 100.00,2026-04-20
PROFX, SM, 20-Apr-2026,70.4,70.4,71.15,70.4,71.1,71.1,70.76,12800,9.06,6,11200.0, 87.50,2026-04-20
PROLIFE, SM, 20-Apr-2026,60.05,61.0,63.05,61.0,63.0,63.0,62.26,2000,1.25,4,2000.0, 100.00,2026-04-20
PROSTARM, EQ, 20-Apr-2026,154.89,156.5,156.5,149.0,150.03,150.56,152.4,194611,296.59,2986,82579.0, 42.43,2026-04-20
PROTEAN, EQ, 20-Apr-2026,558.25,558.0,559.9,543.1,546.0,545.65,549.7,223822,1230.35,7767,104959.0, 46.89,2026-04-20
PROV, SM, 20-Apr-2026,1250.0,1250.0,1259.0,1200.0,1259.0,1259.0,1240.62,1040,12.9,9,720.0, 69.23,2026-04-20
PROZONER, EQ, 20-Apr-2026,60.66,60.66,63.95,60.66,62.8,63.4,62.83,624476,392.33,2327,377749.0, 60.49,2026-04-20
PRSMJOHNSN, EQ, 20-Apr-2026,125.24,126.3,143.44,125.3,131.42,130.88,137.5,18812340,25867.7,129226,1273752.0, 6.77,2026-04-20
PRUDENT, EQ, 20-Apr-2026,2752.0,2764.0,2784.0,2690.0,2716.0,2711.3,2727.73,28301,771.97,6339,17775.0, 62.81,2026-04-20
PRUDMOULI, EQ, 20-Apr-2026,17.41,18.09,18.09,17.05,17.49,17.27,17.35,8958,1.55,58,7712.0, 86.09,2026-04-20
PSB, EQ, 20-Apr-2026,25.24,25.34,25.39,24.87,25.02,25.06,25.16,1277769,321.53,4171,513758.0, 40.21,2026-04-20
PSFL, SM, 20-Apr-2026,28.5,28.05,28.05,28.0,28.0,28.0,28.03,8000,2.24,4,8000.0, 100.00,2026-04-20
PSPPROJECT, EQ, 20-Apr-2026,725.95,728.95,739.9,707.5,707.5,711.9,720.6,81332,586.08,3066,46867.0, 57.62,2026-04-20
PSRAJ, SM, 20-Apr-2026,300.0,300.0,300.0,296.0,299.0,299.0,298.87,15000,44.83,10,11000.0, 73.33,2026-04-20
PSUBANK, EQ, 20-Apr-2026,882.49,889.22,899.9,878.16,889.0,890.4,892.71,25734,229.73,810,15892.0, 61.75,2026-04-20
PSUBANKADD, EQ, 20-Apr-2026,89.28,90.0,90.86,88.65,89.1,90.03,90.34,100165,90.49,425,55433.0, 55.34,2026-04-20
PSUBNKBEES, EQ, 20-Apr-2026,98.49,96.02,100.35,96.02,99.38,99.28,99.48,4553628,4530.01,17496,2679378.0, 58.84,2026-04-20
PSUBNKIETF, EQ, 20-Apr-2026,89.32,87.08,91.3,87.08,90.3,90.44,90.57,351178,318.06,1629,178214.0, 50.75,2026-04-20
PTC, EQ, 20-Apr-2026,184.75,185.25,197.75,185.1,191.95,192.16,194.11,5890151,11433.24,82214,2772120.0, 47.06,2026-04-20
PTCIL, EQ, 20-Apr-2026,15703.0,15700.0,16256.0,15555.0,16100.0,16126.0,16013.06,13674,2189.63,4955,6137.0, 44.88,2026-04-20
PTL, EQ, 20-Apr-2026,38.4,38.4,38.83,38.4,38.53,38.59,38.6,35764,13.8,470,27384.0, 76.57,2026-04-20
PUNJABCHEM, EQ, 20-Apr-2026,1070.5,1062.8,1077.95,1053.0,1055.1,1062.85,1066.85,5191,55.38,399,2569.0, 49.49,2026-04-20
PURPLEUTED, SM, 20-Apr-2026,320.85,324.05,339.95,311.0,320.15,322.15,326.52,24500,80.0,83,19000.0, 77.55,2026-04-20
PURVA, EQ, 20-Apr-2026,225.18,225.0,225.17,215.3,217.3,217.39,220.19,280478,617.58,5986,95982.0, 34.22,2026-04-20
PURVFLEXI, SM, 20-Apr-2026,70.15,73.15,73.65,66.65,73.0,72.75,69.28,32800,22.72,38,23200.0, 70.73,2026-04-20
PUSHPA, SM, 20-Apr-2026,125.5,128.05,131.0,123.0,126.15,128.2,128.64,45000,57.89,45,38000.0, 84.44,2026-04-20
PVP, EQ, 20-Apr-2026,32.51,32.46,34.3,30.11,33.0,33.14,32.77,5289905,1733.52,15046,1040285.0, 19.67,2026-04-20
PVRINOX, EQ, 20-Apr-2026,937.65,937.65,944.0,925.6,938.6,939.3,935.98,454222,4251.45,13213,214882.0, 47.31,2026-04-20
PVSL, EQ, 20-Apr-2026,99.26,105.0,113.85,101.8,102.5,102.66,107.97,603296,651.38,10692,149809.0, 24.83,2026-04-20
PVTBANIETF, EQ, 20-Apr-2026,27.22,27.38,27.38,27.16,27.21,27.21,27.26,1308961,356.89,1804,815190.0, 62.28,2026-04-20
PVTBANKADD, EQ, 20-Apr-2026,27.47,27.49,30.9,27.2,27.2,27.71,27.61,198745,54.88,313,135483.0, 68.17,2026-04-20
PWL, EQ, 20-Apr-2026,108.32,108.87,110.0,106.11,106.35,107.01,108.0,2522704,2724.44,20555,674469.0, 26.74,2026-04-20
PYRAMID, EQ, 20-Apr-2026,157.56,157.56,160.5,154.05,156.9,158.9,156.8,16087,25.22,453,6385.0, 39.69,2026-04-20
QGOLDHALF, EQ, 20-Apr-2026,124.79,124.96,125.69,124.51,125.36,125.3,125.32,200934,251.82,719,124830.0, 62.12,2026-04-20
QMSMEDI, SM, 20-Apr-2026,79.0,80.0,85.0,80.0,82.0,82.0,82.83,16000,13.25,16,10000.0, 62.50,2026-04-20
QNIFTY, EQ, 20-Apr-2026,266.07,266.39,268.09,265.95,266.1,266.21,266.48,120268,320.49,114,117012.0, 97.29,2026-04-20
QPOWER, EQ, 20-Apr-2026,1206.05,1209.05,1298.4,1189.4,1276.05,1277.25,1265.2,2178810,27566.27,94864,581818.0, 26.70,2026-04-20
QUADFUTURE, EQ, 20-Apr-2026,327.1,327.15,327.6,317.0,320.1,321.9,322.72,252069,813.47,5732,100214.0, 39.76,2026-04-20
QUAL30IETF, EQ, 20-Apr-2026,20.99,21.0,21.08,20.85,20.9,20.91,20.97,185265,38.84,247,161337.0, 87.08,2026-04-20
QUALITY30, EQ, 20-Apr-2026,20.6,20.34,20.66,20.34,20.58,20.59,20.57,15961,3.28,59,7608.0, 47.67,2026-04-20
QUESS, EQ, 20-Apr-2026,197.36,200.0,200.36,191.5,193.75,193.28,194.73,280325,545.88,5501,137182.0, 48.94,2026-04-20
QUESTLAB, ST, 20-Apr-2026,127.0,125.0,125.0,120.65,120.65,120.65,120.92,73200,88.52,45,72000.0, 98.36,2026-04-20
QUICKHEAL, EQ, 20-Apr-2026,171.8,174.38,174.38,168.16,171.0,170.44,170.94,140964,240.96,1897,60055.0, 42.60,2026-04-20
QUICKTOUCH, SM, 20-Apr-2026,29.55,28.65,28.65,28.65,28.65,28.65,28.65,500,0.14,1,500.0, 100.00,2026-04-20
QUINT, EQ, 20-Apr-2026,42.55,43.0,43.0,38.15,42.7,42.7,42.58,216,0.09,9,209.0, 96.76,2026-04-20
QUINTEGRA, BE, 20-Apr-2026,1.3,1.36,1.36,1.36,1.36,1.36,1.36,1,0.0,1,, -,2026-04-20
QVCEL, SM, 20-Apr-2026,27.6,28.7,28.7,27.85,28.25,28.25,28.15,11200,3.15,7,11200.0, 100.00,2026-04-20
RACE, BE, 20-Apr-2026,128.39,128.39,132.9,126.0,130.1,127.2,128.83,8634,11.12,53,, -,2026-04-20
RACLGEAR, EQ, 20-Apr-2026,1399.4,1405.0,1426.3,1355.0,1357.5,1363.6,1380.93,16024,221.28,1576,8231.0, 51.37,2026-04-20
RADAAN, EQ, 20-Apr-2026,3.4,3.65,3.65,3.2,3.36,3.36,3.37,30338,1.02,230,23682.0, 78.06,2026-04-20
RADHIKAJWE, EQ, 20-Apr-2026,67.48,67.47,67.73,64.19,65.55,66.05,66.62,124262,82.79,1597,53128.0, 42.75,2026-04-20
RADIANTCMS, EQ, 20-Apr-2026,41.84,42.39,43.42,41.37,41.98,41.81,42.12,209765,88.35,1936,93906.0, 44.77,2026-04-20
RADICO, EQ, 20-Apr-2026,3186.9,3220.9,3365.0,3191.1,3357.0,3340.1,3300.57,1253847,41384.07,100914,582760.0, 46.48,2026-04-20
RADIOCITY, BE, 20-Apr-2026,6.32,6.3,6.3,6.13,6.2,6.25,6.27,30263,1.9,90,, -,2026-04-20
RADIOWALLA, SM, 20-Apr-2026,33.7,33.0,35.35,32.05,35.35,34.3,33.22,36800,12.23,20,22400.0, 60.87,2026-04-20
RAILTEL, EQ, 20-Apr-2026,335.29,335.28,336.66,324.54,325.5,326.28,327.4,1662564,5443.15,25058,444245.0, 26.72,2026-04-20
RAIN, EQ, 20-Apr-2026,132.4,132.55,139.05,129.41,132.1,133.14,134.71,4246422,5720.25,21429,1606015.0, 37.82,2026-04-20
RAINBOW, EQ, 20-Apr-2026,1248.4,1280.0,1280.0,1234.5,1244.0,1246.1,1246.04,161860,2016.85,11849,51703.0, 31.94,2026-04-20
RAJESHEXPO, BZ, 20-Apr-2026,126.31,126.25,126.25,120.6,122.1,122.59,123.36,234921,289.8,2731,, -,2026-04-20
RAJINDLTD, SM, 20-Apr-2026,78.05,78.95,81.45,78.95,81.45,81.45,79.99,9000,7.2,6,9000.0, 100.00,2026-04-20
RAJMET, BE, 20-Apr-2026,4.12,4.2,4.2,3.93,4.1,4.09,4.08,222342,9.07,625,, -,2026-04-20
RAJOOENG, EQ, 20-Apr-2026,67.6,67.9,68.44,65.0,65.33,65.38,66.25,593721,393.34,4227,307634.0, 51.81,2026-04-20
RAJPALAYAM, EQ, 20-Apr-2026,804.5,810.0,814.0,745.0,810.0,794.5,750.89,4436,33.31,173,4009.0, 90.37,2026-04-20
RAJPUTANA, SM, 20-Apr-2026,253.3,259.0,259.0,225.0,232.0,226.6,230.22,119000,273.96,109,97000.0, 81.51,2026-04-20
RAJRATAN, EQ, 20-Apr-2026,429.4,434.95,449.9,426.05,432.9,435.45,439.86,167806,738.12,6287,80359.0, 47.89,2026-04-20
RAJRILTD, BE, 20-Apr-2026,21.34,21.64,21.65,20.95,21.29,21.29,21.32,4081,0.87,97,, -,2026-04-20
RAJSREESUG, EQ, 20-Apr-2026,35.3,35.0,35.6,33.06,34.0,34.17,34.26,98666,33.8,1050,35313.0, 35.79,2026-04-20
RAJTV, EQ, 20-Apr-2026,23.15,23.5,23.5,22.3,22.8,22.76,22.74,29983,6.82,370,18627.0, 62.13,2026-04-20
RAJVIR, BZ, 20-Apr-2026,7.65,7.65,7.65,7.65,7.65,7.65,7.65,2023,0.15,4,, -,2026-04-20
RALLIS, EQ, 20-Apr-2026,268.0,268.45,269.37,260.2,261.18,261.37,264.68,992904,2627.97,11144,725318.0, 73.05,2026-04-20
RAMANEWS, EQ, 20-Apr-2026,36.05,34.4,35.99,33.2,33.2,33.39,34.06,65288,22.24,543,42294.0, 64.78,2026-04-20
RAMAPHO, EQ, 20-Apr-2026,144.59,143.87,145.84,140.0,141.98,141.23,142.75,49977,71.34,797,26556.0, 53.14,2026-04-20
RAMASTEEL, EQ, 20-Apr-2026,5.92,6.05,6.2,5.94,6.0,6.04,6.07,28763897,1746.97,17165,17467190.0, 60.73,2026-04-20
RAMCOCEM, EQ, 20-Apr-2026,1011.05,1015.9,1024.45,1000.65,1007.0,1010.45,1014.79,271110,2751.2,7078,216116.0, 79.72,2026-04-20
RAMCOIND, EQ, 20-Apr-2026,280.16,280.16,281.4,271.33,272.7,273.16,274.61,54382,149.34,1022,28344.0, 52.12,2026-04-20
RAMCOSYS, EQ, 20-Apr-2026,438.7,431.5,437.0,418.5,422.9,421.35,429.27,77323,331.92,2723,36783.0, 47.57,2026-04-20
RAMKY, EQ, 20-Apr-2026,515.05,514.05,523.0,506.6,509.0,513.35,514.2,65878,338.74,1957,28822.0, 43.75,2026-04-20
RAMRAT, EQ, 20-Apr-2026,389.8,391.0,392.0,369.0,370.2,372.4,381.13,407909,1554.67,9834,176096.0, 43.17,2026-04-20
RANASUG, EQ, 20-Apr-2026,14.24,14.17,14.39,13.7,13.81,13.89,14.07,351716,49.47,1125,194317.0, 55.25,2026-04-20
RANEHOLDIN, EQ, 20-Apr-2026,1081.05,1086.45,1100.1,1050.5,1092.0,1091.75,1068.68,81884,875.07,4687,47569.0, 58.09,2026-04-20
RAPPID, SM, 20-Apr-2026,272.0,279.95,279.95,279.95,279.95,279.95,279.95,1200,3.36,1,1200.0, 100.00,2026-04-20
RATEGAIN, EQ, 20-Apr-2026,583.65,579.9,579.9,562.2,572.35,569.6,569.79,209234,1192.19,9055,98021.0, 46.85,2026-04-20
RATNAMANI, EQ, 20-Apr-2026,2461.3,2460.0,2527.8,2400.0,2422.2,2427.2,2458.55,32044,787.82,6451,9456.0, 29.51,2026-04-20
RATNAVEER, EQ, 20-Apr-2026,155.99,155.0,155.0,144.88,145.3,145.74,148.43,2367962,3514.73,15714,1474069.0, 62.25,2026-04-20
RAYMOND, EQ, 20-Apr-2026,422.4,425.0,438.0,414.35,420.0,420.7,424.41,521209,2212.07,11460,187213.0, 35.92,2026-04-20
RAYMONDLSL, EQ, 20-Apr-2026,803.4,809.8,811.8,787.1,794.4,797.85,799.86,119004,951.87,6496,44294.0, 37.22,2026-04-20
RAYMONDREL, EQ, 20-Apr-2026,457.15,457.15,483.0,445.15,462.0,464.05,468.06,564895,2644.06,12227,244953.0, 43.36,2026-04-20
RBA, EQ, 20-Apr-2026,63.27,63.49,63.49,62.5,63.0,62.91,62.8,627629,394.13,4184,359610.0, 57.30,2026-04-20
RBLBANK, EQ, 20-Apr-2026,315.55,316.3,319.5,312.7,316.75,317.5,317.4,4734160,15026.12,58273,2520045.0, 53.23,2026-04-20
RBMINFRA, SM, 20-Apr-2026,399.05,431.0,477.0,431.0,444.65,443.65,448.02,125200,560.93,491,69200.0, 55.27,2026-04-20
RBS, SM, 20-Apr-2026,107.6,108.7,114.0,106.2,108.1,108.45,110.01,33600,36.96,38,24800.0, 73.81,2026-04-20
RBZJEWEL, EQ, 20-Apr-2026,150.32,150.0,150.0,143.05,143.05,144.75,147.2,46376,68.27,669,32623.0, 70.34,2026-04-20
RCF, EQ, 20-Apr-2026,131.77,131.77,133.39,129.18,130.0,130.34,131.29,1825509,2396.67,16944,565194.0, 30.96,2026-04-20
RCOM, BE, 20-Apr-2026,1.05,1.05,1.06,1.0,1.01,1.0,1.02,4575301,46.83,2805,, -,2026-04-20
READYMIX, SM, 20-Apr-2026,94.75,94.55,94.55,89.0,89.0,90.0,90.5,67000,60.64,31,55000.0, 82.09,2026-04-20
RECLTD, EQ, 20-Apr-2026,373.3,373.35,384.55,366.45,381.4,382.7,379.64,12043689,45722.38,79705,5611587.0, 46.59,2026-04-20
REDINGTON, EQ, 20-Apr-2026,234.67,234.79,234.79,227.0,227.1,227.49,229.83,4259331,9789.37,40257,2191089.0, 51.44,2026-04-20
REDTAPE, EQ, 20-Apr-2026,122.3,123.0,123.67,120.1,120.9,121.36,121.56,352316,428.26,6062,157214.0, 44.62,2026-04-20
REFEX, EQ, 20-Apr-2026,244.76,244.76,256.95,239.53,249.3,250.39,249.9,1155214,2886.86,16722,408951.0, 35.40,2026-04-20
REFRACTORY, SM, 20-Apr-2026,46.0,43.75,46.0,43.7,44.5,44.5,44.17,8000,3.53,8,6000.0, 75.00,2026-04-20
REGAAL, EQ, 20-Apr-2026,85.37,85.4,86.09,82.22,82.3,83.05,83.62,363959,304.33,2720,123397.0, 33.90,2026-04-20
REGENCERAM, EQ, 20-Apr-2026,44.4,43.81,45.49,43.81,45.17,45.17,44.17,196,0.09,24,191.0, 97.45,2026-04-20
RELAXO, EQ, 20-Apr-2026,309.03,311.0,311.0,302.0,304.05,305.32,306.73,94628,290.25,5826,42777.0, 45.21,2026-04-20
RELCHEMQ, EQ, 20-Apr-2026,123.05,125.5,125.5,118.05,123.2,121.93,122.45,5962,7.3,213,2960.0, 49.65,2026-04-20
RELIABLE, EQ, 20-Apr-2026,132.82,133.82,135.53,129.5,132.06,133.43,133.53,64430,86.03,815,27307.0, 42.38,2026-04-20
RELIANCE, EQ, 20-Apr-2026,1365.0,1363.2,1373.0,1352.8,1361.1,1363.3,1365.92,13614733,185965.7,240331,5936535.0, 43.60,2026-04-20
RELIGARE, EQ, 20-Apr-2026,223.4,222.8,226.14,221.1,224.0,224.31,223.33,1221820,2728.69,32008,743763.0, 60.87,2026-04-20
RELINFRA, BE, 20-Apr-2026,87.14,84.58,85.0,82.79,82.79,82.79,83.14,414574,344.7,2211,, -,2026-04-20
RELTD, EQ, 20-Apr-2026,138.86,139.55,140.2,134.52,135.8,135.86,136.84,58439,79.97,1304,32828.0, 56.17,2026-04-20
REMSONSIND, EQ, 20-Apr-2026,99.46,102.0,104.0,98.03,103.45,103.14,102.13,165050,168.56,1712,104417.0, 63.26,2026-04-20
REMUS, SM, 20-Apr-2026,638.4,638.6,668.0,635.0,650.8,650.2,645.48,12000,77.46,53,9200.0, 76.67,2026-04-20
RENUKA, EQ, 20-Apr-2026,28.17,28.2,28.84,27.37,27.87,27.91,28.12,10830303,3045.59,19407,2617137.0, 24.16,2026-04-20
REPCOHOME, EQ, 20-Apr-2026,400.05,396.1,414.0,394.0,403.3,403.65,406.59,205883,837.1,9843,105583.0, 51.28,2026-04-20
REPL, BE, 20-Apr-2026,82.92,79.65,82.69,78.78,79.15,79.8,79.63,3446,2.74,70,, -,2026-04-20
REPRO, EQ, 20-Apr-2026,357.7,360.0,366.0,354.15,362.0,359.25,362.22,29520,106.93,1087,16458.0, 55.75,2026-04-20
RESPONIND, EQ, 20-Apr-2026,153.36,153.36,156.6,149.73,152.5,153.12,153.13,87989,134.74,1122,23016.0, 26.16,2026-04-20
RETAIL, EQ, 20-Apr-2026,22.78,22.78,22.79,21.81,22.33,22.01,22.44,5639,1.27,59,4989.0, 88.47,2026-04-20
REXPRO, SM, 20-Apr-2026,52.25,50.05,50.05,49.65,49.65,49.65,49.8,5000,2.49,5,3000.0, 60.00,2026-04-20
RGL, EQ, 20-Apr-2026,106.9,107.9,107.92,105.15,105.5,105.89,106.44,339183,361.04,3016,119178.0, 35.14,2026-04-20
RHETAN, EQ, 20-Apr-2026,25.7,25.6,25.94,25.35,25.5,25.42,25.57,415426,106.23,711,205442.0, 49.45,2026-04-20
RHFL, BZ, 20-Apr-2026,2.22,2.11,2.11,2.11,2.11,2.11,2.11,760815,16.05,658,, -,2026-04-20
RHIM, EQ, 20-Apr-2026,401.9,405.0,406.9,395.0,400.0,401.75,401.86,177365,712.77,11196,73156.0, 41.25,2026-04-20
RHL, EQ, 20-Apr-2026,190.36,190.37,195.0,187.25,189.0,189.36,191.39,3045,5.83,41,2061.0, 67.68,2026-04-20
RICHA, SM, 20-Apr-2026,60.0,59.0,59.0,59.0,59.0,59.0,59.0,1000,0.59,1,1000.0, 100.00,2026-04-20
RICOAUTO, EQ, 20-Apr-2026,119.08,119.1,119.29,115.12,115.8,115.9,116.89,849632,993.14,5390,340992.0, 40.13,2026-04-20
RIIL, EQ, 20-Apr-2026,802.75,800.9,801.0,783.7,788.9,788.9,790.9,76272,603.23,3623,21396.0, 28.05,2026-04-20
RIIT, IV, 20-Apr-2026,111.6,112.4,112.4,110.11,111.0,110.54,110.55,473021,522.9,1524,423857.0, 89.61,2026-04-20
RILINFRA, SM, 20-Apr-2026,34.25,35.55,35.55,34.1,34.1,34.3,34.82,18900,6.58,79,13600.0, 71.96,2026-04-20
RISHABH, EQ, 20-Apr-2026,463.75,467.45,483.8,454.35,474.5,477.3,471.81,228353,1077.39,6794,104847.0, 45.91,2026-04-20
RITCO, EQ, 20-Apr-2026,204.68,206.0,216.89,201.2,215.0,213.06,212.04,97817,207.41,1411,42328.0, 43.27,2026-04-20
RITES, EQ, 20-Apr-2026,221.95,222.2,222.5,217.0,218.48,218.91,219.5,520068,1141.55,12907,204503.0, 39.32,2026-04-20
RKDL, EQ, 20-Apr-2026,21.16,21.16,22.37,20.17,21.6,21.51,21.69,35740,7.75,511,24044.0, 67.27,2026-04-20
RKEC, EQ, 20-Apr-2026,41.56,42.37,42.99,38.96,39.15,39.87,40.84,34216,13.97,610,20760.0, 60.67,2026-04-20
RKFORGE, EQ, 20-Apr-2026,535.15,535.15,536.55,522.6,529.85,529.95,531.1,290982,1545.41,15803,145819.0, 50.11,2026-04-20
RKSWAMY, EQ, 20-Apr-2026,90.62,92.5,97.88,89.46,96.1,96.46,94.98,160422,152.37,3405,109412.0, 68.20,2026-04-20
RMC, BE, 20-Apr-2026,451.4,466.0,473.95,460.0,473.95,473.95,471.84,14344,67.68,153,, -,2026-04-20
RMDRIP, EQ, 20-Apr-2026,23.24,23.24,23.29,22.08,22.23,22.08,22.25,2533478,563.64,4277,1397979.0, 55.18,2026-04-20
RML, EQ, 20-Apr-2026,767.9,769.0,772.85,751.1,751.1,757.05,763.12,12067,92.09,978,5907.0, 48.95,2026-04-20
RNBDENIMS, BE, 20-Apr-2026,14.14,13.44,14.84,13.44,14.84,14.84,14.36,6925953,994.26,4211,, -,2026-04-20
RNFI, SM, 20-Apr-2026,319.4,319.0,319.0,305.2,309.95,309.95,309.86,12000,37.18,15,9000.0, 75.00,2026-04-20
RNPL, SM, 20-Apr-2026,138.8,138.8,138.95,135.0,135.0,135.7,135.8,75600,102.66,10,73200.0, 96.83,2026-04-20
ROCKINGDCE, SM, 20-Apr-2026,204.9,210.0,225.0,201.0,218.0,215.35,213.32,11250,24.0,32,10750.0, 95.56,2026-04-20
ROHLTD, EQ, 20-Apr-2026,360.7,365.0,365.0,352.25,359.2,356.4,359.61,36811,132.38,1026,19368.0, 52.61,2026-04-20
ROLEXRINGS, EQ, 20-Apr-2026,136.35,136.35,142.0,134.0,140.0,139.48,139.84,904617,1265.0,23455,439738.0, 48.61,2026-04-20
ROLLT, EQ, 20-Apr-2026,1.34,1.44,1.47,1.28,1.47,1.46,1.41,310833,4.38,259,225800.0, 72.64,2026-04-20
ROML, EQ, 20-Apr-2026,44.99,44.99,45.55,43.9,45.0,44.03,44.31,1019,0.45,56,965.0, 94.70,2026-04-20
ROSSARI, EQ, 20-Apr-2026,504.25,508.25,509.9,487.0,494.05,496.4,499.42,186514,931.48,8500,91669.0, 49.15,2026-04-20
ROSSELLIND, EQ, 20-Apr-2026,53.2,53.9,53.9,52.0,53.28,52.7,52.87,26948,14.25,263,20466.0, 75.95,2026-04-20
ROSSTECH, EQ, 20-Apr-2026,969.45,989.95,1014.6,875.1,921.0,932.9,953.04,210921,2010.17,12649,61923.0, 29.36,2026-04-20
ROTO, EQ, 20-Apr-2026,60.25,60.75,61.0,58.21,58.81,59.02,59.39,561438,333.45,3660,274032.0, 48.81,2026-04-20
ROUTE, EQ, 20-Apr-2026,513.25,516.0,516.0,501.0,502.7,502.35,504.88,186816,943.2,5627,97890.0, 52.40,2026-04-20
ROXHITECH, SM, 20-Apr-2026,40.55,38.1,40.0,38.1,40.0,40.0,39.03,6400,2.5,4,4800.0, 75.00,2026-04-20
RPEL, EQ, 20-Apr-2026,711.45,711.0,718.15,695.05,717.0,711.9,710.33,16944,120.36,1039,9678.0, 57.12,2026-04-20
RPGLIFE, EQ, 20-Apr-2026,2024.6,2023.8,2048.8,1970.0,1988.0,2014.9,2016.4,13634,274.92,1953,6969.0, 51.11,2026-04-20
RPOWER, EQ, 20-Apr-2026,28.68,29.0,29.0,27.76,28.09,28.09,28.22,49129786,13864.25,63369,12775016.0, 26.00,2026-04-20
RPPINFRA, EQ, 20-Apr-2026,79.31,80.98,81.0,77.55,78.05,78.38,79.17,34153,27.04,549,21230.0, 62.16,2026-04-20
RPPL, EQ, 20-Apr-2026,16.32,16.89,16.89,15.96,16.4,16.07,16.11,118224,19.04,342,101856.0, 86.16,2026-04-20
RPSGVENT, EQ, 20-Apr-2026,962.5,969.7,969.7,946.15,951.5,951.95,956.54,116091,1110.45,4747,31304.0, 26.97,2026-04-20
RPTECH, EQ, 20-Apr-2026,455.9,455.0,487.95,448.05,475.9,474.35,478.63,493468,2361.9,13061,204949.0, 41.53,2026-04-20
RRIL, EQ, 20-Apr-2026,15.6,15.85,16.45,15.25,15.3,15.35,15.64,7992,1.25,40,6081.0, 76.09,2026-04-20
RRKABEL, EQ, 20-Apr-2026,1475.6,1476.0,1514.0,1460.9,1467.0,1469.2,1487.93,362825,5398.59,21688,195651.0, 53.92,2026-04-20
RSDFIN, EQ, 20-Apr-2026,80.75,86.85,86.85,84.45,84.45,84.45,84.9,116,0.1,7,114.0, 98.28,2026-04-20
RSL, EQ, 20-Apr-2026,126.25,129.0,129.39,125.56,128.0,128.31,127.34,715494,911.11,4476,221233.0, 30.92,2026-04-20
RSSOFTWARE, BE, 20-Apr-2026,37.43,39.3,39.3,39.3,39.3,39.3,39.3,5863,2.3,34,, -,2026-04-20
RSWM, EQ, 20-Apr-2026,160.61,159.12,162.0,156.56,159.11,159.57,160.36,37597,60.29,549,22438.0, 59.68,2026-04-20
RSYSTEMS, EQ, 20-Apr-2026,277.5,277.5,291.35,271.6,287.73,289.23,281.95,586702,1654.21,12187,208877.0, 35.60,2026-04-20
RTL, ST, 20-Apr-2026,86.5,89.5,90.0,87.0,90.0,90.0,88.81,18000,15.99,9,18000.0, 100.00,2026-04-20
RTNINDIA, EQ, 20-Apr-2026,34.72,35.18,35.4,34.04,34.37,34.4,34.77,2537107,882.11,7913,672362.0, 26.50,2026-04-20
RTNPOWER, EQ, 20-Apr-2026,9.77,9.77,9.77,9.46,9.48,9.51,9.6,18267700,1754.29,19288,8567833.0, 46.90,2026-04-20
RUBFILA, EQ, 20-Apr-2026,70.52,71.92,71.92,69.31,70.8,70.46,70.29,19748,13.88,411,11471.0, 58.09,2026-04-20
RUBICON, EQ, 20-Apr-2026,898.9,907.15,938.7,891.05,934.0,927.55,917.18,367003,3366.09,20537,175357.0, 47.78,2026-04-20
RUBYMILLS, EQ, 20-Apr-2026,239.87,238.06,239.87,232.5,232.5,234.54,235.27,12083,28.43,304,8573.0, 70.95,2026-04-20
RUCHINFRA, EQ, 20-Apr-2026,6.28,6.16,6.42,6.1,6.2,6.14,6.19,111252,6.88,393,65731.0, 59.08,2026-04-20
RUCHIRA, EQ, 20-Apr-2026,115.56,116.7,117.5,111.32,114.95,114.22,114.51,41207,47.19,1016,21907.0, 53.16,2026-04-20
RUDRA, EQ, 20-Apr-2026,23.28,23.0,27.93,22.1,22.98,22.86,25.69,5418406,1392.06,8100,879915.0, 16.24,2026-04-20
RULKA, SM, 20-Apr-2026,114.05,108.0,109.5,108.0,109.05,109.25,108.82,2100,2.29,7,1500.0, 71.43,2026-04-20
RUPA, EQ, 20-Apr-2026,142.54,142.97,144.0,139.71,142.34,143.3,142.12,129283,183.74,2078,67181.0, 51.96,2026-04-20
RUSHIL, EQ, 20-Apr-2026,16.17,16.41,16.89,15.6,16.59,16.53,16.35,1374824,224.78,3168,681717.0, 49.59,2026-04-20
RUSTOMJEE, EQ, 20-Apr-2026,404.45,404.45,404.5,397.25,402.8,400.9,401.29,45063,180.83,2642,27423.0, 60.85,2026-04-20
RVHL, EQ, 20-Apr-2026,42.78,42.99,42.99,40.53,42.9,42.69,42.1,15657,6.59,131,13171.0, 84.12,2026-04-20
RVNL, EQ, 20-Apr-2026,303.06,304.5,304.5,295.0,295.5,296.33,298.77,7409927,22138.87,59929,1970981.0, 26.60,2026-04-20
RVTH, EQ, 20-Apr-2026,625.2,625.2,636.6,605.6,605.65,608.55,622.7,141,0.88,32,75.0, 53.19,2026-04-20
S&SPOWER, BE, 20-Apr-2026,346.45,363.7,363.75,337.15,358.0,360.15,357.66,2026,7.25,66,, -,2026-04-20
SAAKSHI, SM, 20-Apr-2026,203.9,198.15,203.0,198.0,203.0,203.0,200.63,5400,10.83,8,4200.0, 77.78,2026-04-20
SAATVIKGL, EQ, 20-Apr-2026,472.25,476.35,481.7,460.9,462.55,464.05,470.19,107857,507.14,3809,52951.0, 49.09,2026-04-20
SABAR, ST, 20-Apr-2026,4.95,5.15,5.15,5.15,5.15,5.15,5.15,10000,0.52,2,10000.0, 100.00,2026-04-20
SABEVENTS, BE, 20-Apr-2026,10.84,10.3,10.3,10.3,10.3,10.3,10.3,1002,0.1,3,, -,2026-04-20
SACHEEROME, SM, 20-Apr-2026,359.1,359.95,373.0,354.5,360.0,357.9,364.35,20400,74.33,31,16800.0, 82.35,2026-04-20
SADBHAV, BE, 20-Apr-2026,10.44,10.64,10.64,10.64,10.64,10.64,10.64,206800,22.0,70,, -,2026-04-20
SADBHIN, EQ, 20-Apr-2026,3.2,3.2,3.2,3.04,3.06,3.06,3.08,323067,9.96,467,222805.0, 68.97,2026-04-20
SADHAV, SM, 20-Apr-2026,117.0,116.9,116.9,111.15,113.0,113.0,113.46,4200,4.77,7,2400.0, 57.14,2026-04-20
SADHNANIQ, EQ, 20-Apr-2026,2.18,2.17,2.28,2.12,2.28,2.28,2.27,11434313,259.25,1982,8991996.0, 78.64,2026-04-20
SAFARI, EQ, 20-Apr-2026,1577.5,1577.0,1579.9,1543.1,1548.7,1558.6,1559.3,85383,1331.38,12132,38774.0, 45.41,2026-04-20
SAFEENTP, SM, 20-Apr-2026,241.3,242.95,253.0,240.95,252.0,246.3,248.75,92000,228.85,147,74000.0, 80.43,2026-04-20
SAGARDEEP, EQ, 20-Apr-2026,23.86,23.77,24.49,23.41,24.0,23.88,23.84,3387,0.81,68,2069.0, 61.09,2026-04-20
SAGCEM, EQ, 20-Apr-2026,185.19,186.58,188.19,182.11,186.0,186.45,185.79,43488,80.8,1055,24194.0, 55.63,2026-04-20
SAGILITY, EQ, 20-Apr-2026,42.93,42.99,43.0,42.01,42.14,42.18,42.41,10035806,4256.67,31647,4954570.0, 49.37,2026-04-20
SAHAJSOLAR, SM, 20-Apr-2026,148.0,148.0,150.3,144.65,148.0,148.2,148.09,17600,26.06,43,12400.0, 70.45,2026-04-20
SAHANA, SM, 20-Apr-2026,871.85,880.0,880.0,845.0,845.0,845.25,849.57,8125,69.03,45,7125.0, 87.69,2026-04-20
SAHASRA, SM, 20-Apr-2026,248.35,254.0,279.0,250.0,268.9,269.05,268.66,122000,327.77,254,72000.0, 59.02,2026-04-20
SAHLIBHFI, EQ, 20-Apr-2026,82.31,81.32,86.89,81.32,82.87,83.11,84.14,27526,23.16,358,24142.0, 87.71,2026-04-20
SAHYADRI, EQ, 20-Apr-2026,244.75,259.5,259.5,241.01,246.0,244.44,242.71,2214,5.37,70,2036.0, 91.96,2026-04-20
SAIFL, SM, 20-Apr-2026,10.9,10.85,10.85,9.8,9.9,9.85,10.07,1388000,139.82,215,772000.0, 55.62,2026-04-20
SAIL, EQ, 20-Apr-2026,173.33,173.4,174.05,170.3,172.99,172.71,172.23,17825908,30702.22,53039,7966434.0, 44.69,2026-04-20
SAILIFE, EQ, 20-Apr-2026,971.05,973.05,978.95,953.45,960.0,959.4,965.18,342437,3305.12,17880,192503.0, 56.22,2026-04-20
SAIPARENT, EQ, 20-Apr-2026,480.1,482.45,492.65,477.3,492.25,489.55,488.59,174187,851.07,5457,116226.0, 66.72,2026-04-20
SAKAR, EQ, 20-Apr-2026,593.7,595.45,622.0,583.5,604.35,609.55,603.48,74960,452.37,2330,41719.0, 55.66,2026-04-20
SAKHTISUG, EQ, 20-Apr-2026,18.35,18.68,18.68,17.9,18.27,18.2,18.24,103605,18.9,742,50534.0, 48.78,2026-04-20
SAKSOFT, EQ, 20-Apr-2026,147.69,149.19,149.99,143.29,145.4,145.29,146.29,178147,260.61,3811,79929.0, 44.87,2026-04-20
SAKUMA, BE, 20-Apr-2026,2.02,2.02,2.04,1.98,2.0,1.99,2.0,1120950,22.44,1039,, -,2026-04-20
SALASAR, EQ, 20-Apr-2026,7.56,7.59,7.62,7.31,7.45,7.41,7.5,3802669,285.23,4228,1783763.0, 46.91,2026-04-20
SALONA, EQ, 20-Apr-2026,281.6,281.6,289.8,273.1,284.7,284.4,283.61,266,0.75,68,151.0, 56.77,2026-04-20
SALSTEEL, EQ, 20-Apr-2026,56.79,56.79,56.99,53.96,56.0,55.34,54.67,257264,140.65,1011,158104.0, 61.46,2026-04-20
SALZERELEC, EQ, 20-Apr-2026,632.9,633.0,647.15,616.6,630.0,628.8,632.13,81441,514.82,3123,32705.0, 40.16,2026-04-20
SAMAY, SM, 20-Apr-2026,37.2,39.05,39.05,39.05,39.05,39.05,39.05,4000,1.56,1,4000.0, 100.00,2026-04-20
SAMBHAAV, BE, 20-Apr-2026,7.26,7.19,7.22,6.95,7.15,7.09,7.02,17944,1.26,57,, -,2026-04-20
SAMBHV, EQ, 20-Apr-2026,122.01,123.13,123.13,118.5,119.56,120.05,120.63,1096782,1323.02,11914,515935.0, 47.04,2026-04-20
SAMHI, EQ, 20-Apr-2026,163.1,163.24,164.44,160.49,162.9,163.2,162.85,635243,1034.48,5886,315919.0, 49.73,2026-04-20
SAMMAANCAP, EQ, 20-Apr-2026,154.53,154.0,154.4,151.4,151.7,152.07,152.79,10727665,16390.77,22139,5502321.0, 51.29,2026-04-20
SAMPANN, EQ, 20-Apr-2026,31.89,32.04,33.0,30.56,31.45,31.18,31.41,46593,14.64,293,32282.0, 69.29,2026-04-20
SANATHAN, EQ, 20-Apr-2026,427.9,430.4,430.9,418.05,418.8,419.55,424.66,7797,33.11,677,4421.0, 56.70,2026-04-20
SANCO, BZ, 20-Apr-2026,2.2,2.28,2.31,2.09,2.31,2.31,2.27,36998,0.84,38,, -,2026-04-20
SANDESH, EQ, 20-Apr-2026,1009.15,1002.05,1014.4,972.0,980.0,982.45,982.84,1236,12.15,177,621.0, 50.24,2026-04-20
SANDHAR, EQ, 20-Apr-2026,506.85,506.85,520.95,490.35,491.2,494.25,500.61,113305,567.21,4370,59973.0, 52.93,2026-04-20
SANDUMA, EQ, 20-Apr-2026,218.47,218.48,219.9,212.05,213.0,213.39,216.12,1073883,2320.9,12946,477479.0, 44.46,2026-04-20
SANGAMIND, EQ, 20-Apr-2026,459.5,465.0,509.0,464.4,494.0,490.3,489.04,89928,439.79,3564,37973.0, 42.23,2026-04-20
SANGANI, SM, 20-Apr-2026,46.95,49.0,49.25,49.0,49.25,49.25,49.17,9000,4.43,6,7500.0, 83.33,2026-04-20
SANGHVIMOV, EQ, 20-Apr-2026,306.85,308.0,309.0,298.0,298.25,299.4,302.27,276656,836.24,11031,134674.0, 48.68,2026-04-20
SANGINITA, BE, 20-Apr-2026,22.37,21.93,21.93,21.93,21.93,21.93,21.93,40155,8.81,47,, -,2026-04-20
SANOFI, EQ, 20-Apr-2026,3559.8,3580.0,3594.6,3524.0,3580.0,3578.3,3564.72,69001,2459.69,8359,32238.0, 46.72,2026-04-20
SANOFICONR, EQ, 20-Apr-2026,4720.0,4731.0,4799.9,4637.3,4720.0,4724.1,4703.87,3938,185.24,1405,2204.0, 55.97,2026-04-20
SANSERA, EQ, 20-Apr-2026,2378.3,2400.0,2400.0,2259.0,2265.4,2275.5,2308.58,257961,5955.23,34082,147185.0, 57.06,2026-04-20
SANSTAR, EQ, 20-Apr-2026,87.56,87.01,89.27,85.32,87.78,88.64,87.42,237648,207.75,2150,125033.0, 52.61,2026-04-20
SANWARIA, BZ, 20-Apr-2026,0.21,0.2,0.2,0.2,0.2,0.2,0.2,717723,1.44,166,, -,2026-04-20
SAPPHIRE, EQ, 20-Apr-2026,172.34,170.0,174.8,169.7,172.0,173.23,172.89,1141624,1973.75,18142,736911.0, 64.55,2026-04-20
SARDAEN, EQ, 20-Apr-2026,595.5,598.0,598.3,582.0,582.5,583.9,587.3,523775,3076.15,18380,259267.0, 49.50,2026-04-20
SAREGAMA, EQ, 20-Apr-2026,343.9,342.0,346.05,338.05,341.4,341.5,342.37,188455,645.21,6046,82454.0, 43.75,2026-04-20
SARLAPOLY, EQ, 20-Apr-2026,90.6,94.01,95.5,91.0,92.55,92.15,92.83,290259,269.45,3104,144253.0, 49.70,2026-04-20
SARTELE, SM, 20-Apr-2026,167.1,167.8,177.0,165.05,171.5,169.55,171.27,180500,309.13,317,111500.0, 61.77,2026-04-20
SARVESHWAR, EQ, 20-Apr-2026,4.03,4.03,4.03,3.91,3.98,3.97,3.97,2913828,115.8,2554,1500893.0, 51.51,2026-04-20
SASKEN, EQ, 20-Apr-2026,1345.7,1362.9,1391.0,1326.0,1326.5,1328.3,1350.55,20013,270.29,1304,10443.0, 52.18,2026-04-20
SASTASUNDR, EQ, 20-Apr-2026,269.15,270.0,271.4,264.0,270.0,270.35,268.9,17478,47.0,623,13955.0, 79.84,2026-04-20
SATECH, ST, 20-Apr-2026,44.5,44.6,44.6,42.3,44.0,44.0,43.4,11000,4.77,10,7000.0, 63.64,2026-04-20
SATIA, EQ, 20-Apr-2026,66.7,66.5,67.88,63.15,63.15,64.44,65.69,247700,162.72,1781,141019.0, 56.93,2026-04-20
SATIN, EQ, 20-Apr-2026,175.49,176.2,178.0,168.0,168.56,169.03,174.76,560830,980.13,6784,218685.0, 38.99,2026-04-20
SATIPOLY, SM, 20-Apr-2026,32.2,32.2,32.4,32.2,32.4,32.4,32.22,11000,3.54,12,11000.0, 100.00,2026-04-20
SATKARTAR, SM, 20-Apr-2026,185.1,194.7,200.95,191.0,196.0,195.55,196.05,103200,202.33,101,69600.0, 67.44,2026-04-20
SATTVAENGG, SM, 20-Apr-2026,69.65,68.3,68.8,68.3,68.5,68.5,68.58,9600,6.58,6,8000.0, 83.33,2026-04-20
SAURASHCEM, EQ, 20-Apr-2026,63.9,64.88,66.99,63.01,63.99,63.43,64.97,280567,182.28,2256,133484.0, 47.58,2026-04-20
SAVY, SM, 20-Apr-2026,151.1,145.05,153.0,145.0,149.0,149.0,149.66,39600,59.27,27,28800.0, 72.73,2026-04-20
SAWALIYA, SM, 20-Apr-2026,302.15,304.0,317.75,299.15,299.15,301.4,307.1,27000,82.92,37,9000.0, 33.33,2026-04-20
SBC, EQ, 20-Apr-2026,33.04,33.04,33.9,32.96,33.86,33.84,33.53,13097414,4391.74,6791,5314097.0, 40.57,2026-04-20
SBCL, EQ, 20-Apr-2026,523.0,525.0,526.85,515.0,523.0,521.15,520.65,163110,849.23,5611,108973.0, 66.81,2026-04-20
SBFC, EQ, 20-Apr-2026,97.35,97.46,98.32,95.85,96.39,96.17,96.57,1107510,1069.52,10219,522928.0, 47.22,2026-04-20
SBGLP, EQ, 20-Apr-2026,30.2,30.0,30.12,28.41,29.42,29.13,29.26,32122,9.4,268,14248.0, 44.36,2026-04-20
SBIBPB, EQ, 20-Apr-2026,51.2,51.45,52.0,50.9,51.79,51.58,51.82,559307,289.81,964,432160.0, 77.27,2026-04-20
SBICARD, EQ, 20-Apr-2026,695.2,698.4,700.4,671.0,674.2,675.3,684.99,1017810,6971.91,40179,425808.0, 41.84,2026-04-20
SBIETFCON, EQ, 20-Apr-2026,117.41,117.98,118.58,116.55,118.58,118.03,117.66,6785,7.98,146,4867.0, 71.73,2026-04-20
SBIETFIT, EQ, 20-Apr-2026,349.98,358.72,358.72,346.68,348.5,347.7,349.23,15063,52.6,338,3786.0, 25.13,2026-04-20
SBIETFPB, EQ, 20-Apr-2026,275.31,282.19,282.19,273.95,276.68,275.39,276.02,3357,9.27,142,2080.0, 61.96,2026-04-20
SBIETFQLTY, EQ, 20-Apr-2026,220.87,220.0,222.0,219.85,222.0,221.11,221.44,14651,32.44,100,11789.0, 80.47,2026-04-20
SBILIFE, EQ, 20-Apr-2026,1970.9,1976.3,1989.6,1956.6,1980.0,1982.5,1979.14,1033871,20461.8,65351,649623.0, 62.83,2026-04-20
SBILIQETF, EQ, 20-Apr-2026,1035.33,1035.45,1035.47,1035.45,1035.46,1035.45,1035.46,115611,1197.1,72,103271.0, 89.33,2026-04-20
SBIMIDMOM, EQ, 20-Apr-2026,61.77,61.96,62.75,61.35,61.35,61.71,61.93,21039,13.03,97,16140.0, 76.71,2026-04-20
SBIN, EQ, 20-Apr-2026,1080.25,1080.3,1120.95,1075.85,1104.0,1107.85,1109.38,31179584,345901.41,409719,18283825.0, 58.64,2026-04-20
SBINEQWETF, EQ, 20-Apr-2026,32.75,32.85,34.2,32.61,32.74,33.28,32.92,128648,42.35,374,106708.0, 82.95,2026-04-20
SBINMID150, EQ, 20-Apr-2026,22.05,22.29,22.58,21.9,21.9,22.12,22.11,67740,14.98,205,43679.0, 64.48,2026-04-20
SBISILVER, EQ, 20-Apr-2026,243.7,239.51,246.36,239.5,243.09,243.0,243.42,1137098,2767.92,9091,432869.0, 38.07,2026-04-20
SCANSTL, EQ, 20-Apr-2026,34.2,34.85,34.85,31.35,33.7,33.7,33.8,700,0.24,24,638.0, 91.14,2026-04-20
SCHAEFFLER, EQ, 20-Apr-2026,4002.5,4000.0,4113.4,3954.5,4083.0,4086.7,4065.68,113304,4606.58,26324,53313.0, 47.05,2026-04-20
SCHAND, EQ, 20-Apr-2026,166.98,167.0,167.01,158.52,163.0,161.82,161.78,61181,98.98,2530,31582.0, 51.62,2026-04-20
SCHNEIDER, BE, 20-Apr-2026,1036.05,1055.0,1087.85,1037.0,1087.85,1087.85,1072.54,434238,4657.36,8475,, -,2026-04-20
SCI, EQ, 20-Apr-2026,305.87,307.0,322.51,296.3,297.55,299.96,310.07,44980408,139470.11,384133,6221404.0, 13.83,2026-04-20
SCILAL, EQ, 20-Apr-2026,47.44,47.43,48.25,46.36,46.55,46.76,47.41,712963,338.0,3017,319663.0, 44.84,2026-04-20
SCML, SM, 20-Apr-2026,140.0,138.0,138.0,138.0,138.0,138.0,138.0,1000,1.38,1,1000.0, 100.00,2026-04-20
SCODATUBES, EQ, 20-Apr-2026,154.16,156.0,156.0,151.0,154.0,152.89,152.67,114895,175.41,1003,69989.0, 60.92,2026-04-20
SCPL, BE, 20-Apr-2026,319.5,323.0,323.0,308.0,308.25,309.75,312.3,10430,32.57,158,, -,2026-04-20
SDBL, EQ, 20-Apr-2026,86.3,88.76,90.0,84.4,86.99,86.17,86.79,1665933,1445.8,11971,692086.0, 41.54,2026-04-20
SDL26BEES, EQ, 20-Apr-2026,137.41,137.41,137.78,137.41,137.53,137.55,137.59,4898,6.74,77,2224.0, 45.41,2026-04-20
SDREAMS, SM, 20-Apr-2026,88.5,86.0,87.0,86.0,87.0,86.5,86.33,3000,2.59,3,3000.0, 100.00,2026-04-20
SEAMECLTD, EQ, 20-Apr-2026,1555.9,1570.0,1570.0,1528.0,1558.0,1559.7,1551.97,26784,415.68,3105,13040.0, 48.69,2026-04-20
SECL, ST, 20-Apr-2026,3.6,3.45,3.45,3.45,3.45,3.45,3.45,6250,0.22,1,6250.0, 100.00,2026-04-20
SECMARK, BE, 20-Apr-2026,127.3,121.15,125.0,120.94,124.0,121.29,121.37,1297,1.57,27,, -,2026-04-20
SECURKLOUD, BE, 20-Apr-2026,25.31,25.82,25.82,24.2,25.1,24.51,24.95,10203,2.55,55,, -,2026-04-20
SEDEMAC, EQ, 20-Apr-2026,1654.4,1669.9,1695.0,1626.5,1633.9,1635.5,1653.68,233794,3866.21,16594,161081.0, 68.90,2026-04-20
SEIL, EQ, 20-Apr-2026,178.3,178.3,183.9,175.3,179.9,178.2,181.01,62126,112.45,552,40281.0, 64.84,2026-04-20
SEJALLTD, EQ, 20-Apr-2026,668.35,668.35,668.95,640.5,640.55,651.15,659.47,9858,65.01,519,6846.0, 69.45,2026-04-20
SEL, ST, 20-Apr-2026,189.0,189.0,189.0,189.0,189.0,189.0,189.0,200,0.38,1,200.0, 100.00,2026-04-20
SELECTIPO, EQ, 20-Apr-2026,43.14,43.3,43.3,42.63,42.85,42.99,43.06,13388,5.76,117,9092.0, 67.91,2026-04-20
SELLOWRAP, SM, 20-Apr-2026,74.0,73.95,74.0,73.95,74.0,74.0,73.98,3200,2.37,2,3200.0, 100.00,2026-04-20
SELMC, EQ, 20-Apr-2026,32.88,34.0,34.0,32.51,32.51,32.66,33.05,10252,3.39,190,9334.0, 91.05,2026-04-20
SEMAC, EQ, 20-Apr-2026,287.52,299.0,299.0,278.0,283.1,287.84,287.49,2820,8.11,259,1139.0, 40.39,2026-04-20
SENCO, EQ, 20-Apr-2026,326.3,328.2,331.95,322.5,323.6,323.6,326.46,653059,2131.98,22947,263449.0, 40.34,2026-04-20
SENORES, EQ, 20-Apr-2026,893.85,892.0,944.5,880.95,920.0,912.4,923.3,438946,4052.8,15506,170035.0, 38.74,2026-04-20
SENSEXADD, EQ, 20-Apr-2026,80.49,81.38,81.38,78.47,80.51,80.54,80.52,2421,1.95,49,2386.0, 98.55,2026-04-20
SENSEXBETA, EQ, 20-Apr-2026,862.14,869.97,869.97,857.0,867.99,862.39,864.86,3193,27.62,172,2647.0, 82.90,2026-04-20
SENSEXETF, EQ, 20-Apr-2026,80.37,80.78,80.89,80.1,80.49,80.38,80.57,35387,28.51,345,21550.0, 60.90,2026-04-20
SENSEXIETF, EQ, 20-Apr-2026,897.44,892.32,901.44,889.47,898.0,898.5,898.73,32052,288.06,2178,20356.0, 63.51,2026-04-20
SEPC, EQ, 20-Apr-2026,7.64,7.65,7.65,7.3,7.37,7.38,7.44,14590702,1085.23,8818,7423016.0, 50.87,2026-04-20
SERVOTECH, EQ, 20-Apr-2026,85.77,85.5,85.95,82.02,82.75,82.55,83.67,802147,671.16,6421,377514.0, 47.06,2026-04-20
SESHAPAPER, EQ, 20-Apr-2026,271.47,268.4,273.0,260.0,268.1,267.68,267.97,28996,77.7,1597,10637.0, 36.68,2026-04-20
SETCO, BE, 20-Apr-2026,22.9,22.9,24.04,22.79,24.04,24.04,23.71,288356,68.38,406,, -,2026-04-20
SETF10GILT, EQ, 20-Apr-2026,258.57,259.99,260.0,257.7,258.05,258.17,258.12,17616,45.47,115,15727.0, 89.28,2026-04-20
SETFGOLD, EQ, 20-Apr-2026,128.69,128.69,129.39,128.16,128.99,128.89,128.81,5358886,6902.53,17352,3626967.0, 67.68,2026-04-20
SETFNIF50, EQ, 20-Apr-2026,260.61,260.68,261.62,259.39,260.8,260.42,260.8,1025212,2673.76,10093,611306.0, 59.63,2026-04-20
SETFNIFBK, EQ, 20-Apr-2026,578.15,577.81,583.0,576.4,578.88,579.06,579.87,34139,197.96,1003,18997.0, 55.65,2026-04-20
SETFNN50, EQ, 20-Apr-2026,751.53,756.03,757.5,743.01,744.0,748.47,750.84,42127,316.3,1684,28718.0, 68.17,2026-04-20
SETL, EQ, 20-Apr-2026,135.53,136.0,138.0,133.33,136.0,137.07,136.69,160373,219.21,1583,81501.0, 50.82,2026-04-20
SETUINFRA, BZ, 20-Apr-2026,0.55,0.57,0.57,0.56,0.57,0.56,0.57,35900,0.2,56,, -,2026-04-20
SEYAIND, BE, 20-Apr-2026,11.66,11.89,11.89,11.89,11.89,11.89,11.89,1346,0.16,5,, -,2026-04-20
SFL, EQ, 20-Apr-2026,547.85,552.0,552.0,537.95,545.45,546.65,546.09,86240,470.95,10623,52126.0, 60.44,2026-04-20
SFML, SM, 20-Apr-2026,24.95,23.15,23.15,23.15,23.15,23.15,23.15,1600,0.37,1,1600.0, 100.00,2026-04-20
SGBAPR28I, GB, 20-Apr-2026,15149.87,15100.0,15259.99,15100.0,15150.0,15152.19,15180.43,100,15.18,49,47.0, 47.00,2026-04-20
SGBAUG27, GB, 20-Apr-2026,15069.01,15180.0,15180.0,15180.0,15180.0,15180.0,15180.0,17,2.58,4,17.0, 100.00,2026-04-20
SGBAUG28V, GB, 20-Apr-2026,15061.61,15100.0,15114.98,15021.32,15110.0,15087.48,15082.83,1046,157.77,209,787.0, 75.24,2026-04-20
SGBAUG29V, GB, 20-Apr-2026,15248.01,15256.8,15680.0,15064.0,15150.0,15150.0,15212.25,187,28.45,73,147.0, 78.61,2026-04-20
SGBAUG30, GB, 20-Apr-2026,15248.04,15399.0,15444.54,15258.0,15350.0,15328.51,15328.78,158,24.22,57,107.0, 67.72,2026-04-20
SGBD29VIII, GB, 20-Apr-2026,15168.12,15168.12,15280.0,15100.0,15200.0,15159.27,15150.46,415,62.87,75,321.0, 77.35,2026-04-20
SGBDC27VII, GB, 20-Apr-2026,15100.0,15100.0,15168.0,15050.0,15155.0,15156.6,15137.96,26,3.94,10,25.0, 96.15,2026-04-20
SGBDE30III, GB, 20-Apr-2026,15290.0,15399.0,15399.0,15012.0,15335.0,15336.0,15288.78,759,116.04,178,519.0, 68.38,2026-04-20
SGBDE31III, GB, 20-Apr-2026,15767.21,15767.21,15897.0,15655.26,15798.9,15815.84,15756.17,1577,248.47,371,1031.0, 65.38,2026-04-20
SGBDEC26, GB, 20-Apr-2026,15140.0,15090.0,15140.0,15090.0,15139.0,15139.0,15126.88,8,1.21,4,8.0, 100.00,2026-04-20
SGBFEB27, GB, 20-Apr-2026,15054.52,15380.0,15380.0,15369.9,15369.9,15369.9,15374.95,2,0.31,2,2.0, 100.00,2026-04-20
SGBFEB28IX, GB, 20-Apr-2026,15081.75,15090.0,15198.0,15040.0,15090.0,15090.0,15116.62,26,3.93,8,26.0, 100.00,2026-04-20
SGBFEB29XI, GB, 20-Apr-2026,15089.16,15100.0,15201.01,15100.0,15140.0,15132.5,15156.84,217,32.89,39,173.0, 79.72,2026-04-20
SGBFEB32IV, GB, 20-Apr-2026,16177.21,16177.21,16347.69,15903.15,16260.0,16214.4,16128.23,2312,372.88,527,1318.0, 57.01,2026-04-20
SGBJ28VIII, GB, 20-Apr-2026,15123.0,15000.03,15000.03,15000.03,15000.03,15000.03,15000.03,2,0.3,1,2.0, 100.00,2026-04-20
SGBJAN27, GB, 20-Apr-2026,15050.0,14725.0,15125.0,14725.0,15095.0,15095.0,14911.96,23,3.43,12,21.0, 91.30,2026-04-20
SGBJAN29IX, GB, 20-Apr-2026,15100.54,15100.54,15174.0,15005.01,15135.0,15140.49,15129.6,1940,293.51,152,1689.0, 87.06,2026-04-20
SGBJAN29X, GB, 20-Apr-2026,15082.83,15082.83,15474.0,15054.0,15112.0,15112.0,15103.28,128,19.33,32,114.0, 89.06,2026-04-20
SGBJAN30IX, GB, 20-Apr-2026,15201.45,15475.0,15475.0,15110.3,15200.0,15203.07,15214.34,232,35.3,62,180.0, 77.59,2026-04-20
SGBJU29III, GB, 20-Apr-2026,15120.21,15100.0,15168.0,15091.5,15120.0,15120.0,15146.05,337,51.04,26,277.0, 82.20,2026-04-20
SGBJUL27, GB, 20-Apr-2026,15100.0,15140.0,15140.0,15140.0,15140.0,15140.0,15140.0,11,1.67,2,11.0, 100.00,2026-04-20
SGBJUL28IV, GB, 20-Apr-2026,15068.19,15070.0,15135.0,15068.0,15100.0,15103.44,15105.66,200,30.21,46,181.0, 90.50,2026-04-20
SGBJUL29IV, GB, 20-Apr-2026,15169.0,15168.0,15168.0,15060.0,15071.0,15075.83,15104.02,157,23.71,26,145.0, 92.36,2026-04-20
SGBJUN27, GB, 20-Apr-2026,15101.0,15101.0,15101.0,15101.0,15101.0,15101.0,15101.0,2,0.3,1,2.0, 100.00,2026-04-20
SGBJUN28, GB, 20-Apr-2026,15100.75,15101.0,15153.01,15052.0,15130.0,15115.14,15135.12,431,65.23,33,355.0, 82.37,2026-04-20
SGBJUN29II, GB, 20-Apr-2026,15100.04,15063.24,15149.99,15057.0,15110.0,15110.0,15114.44,465,70.28,40,428.0, 92.04,2026-04-20
SGBJUN30, GB, 20-Apr-2026,15312.06,15312.06,15475.0,15205.0,15275.0,15275.0,15294.77,75,11.47,32,45.0, 60.00,2026-04-20
SGBJUN31I, GB, 20-Apr-2026,15494.17,15804.1,15804.1,15394.17,15561.01,15559.93,15553.77,626,97.37,204,457.0, 73.00,2026-04-20
SGBMAR28X, GB, 20-Apr-2026,15071.17,15072.0,15148.0,15001.01,15148.0,15148.0,15024.2,42,6.31,9,42.0, 100.00,2026-04-20
SGBMAR30X, GB, 20-Apr-2026,15170.0,15171.0,15350.0,15103.0,15170.0,15197.45,15208.66,29,4.41,11,17.0, 58.62,2026-04-20
SGBMAR31IV, GB, 20-Apr-2026,15450.21,15599.0,15599.0,15362.79,15530.0,15532.02,15460.57,245,37.88,71,147.0, 60.00,2026-04-20
SGBMAY26, GB, 20-Apr-2026,15150.0,15124.0,15188.99,15100.0,15188.0,15182.37,15128.74,176,26.63,37,129.0, 73.30,2026-04-20
SGBMAY28, GB, 20-Apr-2026,15108.1,15110.0,15475.0,15100.0,15170.0,15111.96,15147.13,923,139.81,57,852.0, 92.31,2026-04-20
SGBMAY29I, GB, 20-Apr-2026,15126.65,15212.0,15400.0,15100.0,15140.0,15158.58,15151.33,3854,583.93,92,3762.0, 97.61,2026-04-20
SGBMR29XII, GB, 20-Apr-2026,15100.0,15199.0,15199.0,14912.0,15102.01,15124.05,15094.37,121,18.26,39,90.0, 74.38,2026-04-20
SGBN28VIII, GB, 20-Apr-2026,15127.76,15141.0,15188.0,15100.0,15174.99,15166.96,15150.91,412,62.42,59,356.0, 86.41,2026-04-20
SGBNOV26, GB, 20-Apr-2026,15150.0,15155.0,15240.0,15099.99,15158.0,15158.0,15154.58,168,25.46,21,113.0, 67.26,2026-04-20
SGBNV29VII, GB, 20-Apr-2026,15150.83,15165.0,15449.0,15075.0,15199.0,15201.34,15146.06,359,54.37,57,217.0, 60.45,2026-04-20
SGBOC28VII, GB, 20-Apr-2026,15100.65,15120.0,15185.0,15100.0,15135.0,15117.14,15125.11,149,22.54,33,120.0, 80.54,2026-04-20
SGBOCT26, GB, 20-Apr-2026,15013.0,15250.0,15250.0,15250.0,15250.0,15250.0,15250.0,2,0.31,2,2.0, 100.00,2026-04-20
SGBOCT27, GB, 20-Apr-2026,15050.0,15055.0,15200.0,14721.01,15061.0,15061.0,15022.13,30,4.51,11,22.0, 73.33,2026-04-20
SGBOCT27VI, GB, 20-Apr-2026,15136.0,15050.0,15050.0,15050.0,15050.0,15050.0,15050.0,2,0.3,1,2.0, 100.00,2026-04-20
SGBSEP27, GB, 20-Apr-2026,15008.0,15008.0,15120.0,15008.0,15099.99,15095.96,15076.53,117,17.64,24,78.0, 66.67,2026-04-20
SGBSEP28VI, GB, 20-Apr-2026,15123.07,15123.07,15123.07,15047.45,15090.0,15090.0,15076.82,346,52.17,97,265.0, 76.59,2026-04-20
SGBSEP29VI, GB, 20-Apr-2026,15108.12,15108.12,15279.97,15015.0,15076.05,15121.35,15105.13,518,78.24,171,312.0, 60.23,2026-04-20
SGBSEP31II, GB, 20-Apr-2026,15539.7,15599.0,15974.99,15326.2,15634.99,15604.94,15554.95,2061,320.59,352,1499.0, 72.73,2026-04-20
SGFIN, EQ, 20-Apr-2026,513.65,513.0,515.85,495.65,496.95,496.75,502.28,292169,1467.51,8948,143549.0, 49.13,2026-04-20
SGIL, EQ, 20-Apr-2026,515.45,519.4,524.0,515.05,522.9,520.7,520.26,10789,56.13,302,8084.0, 74.93,2026-04-20
SGL, EQ, 20-Apr-2026,12.14,12.08,12.85,11.51,11.97,12.03,12.24,40095,4.91,222,16910.0, 42.17,2026-04-20
SGMART, EQ, 20-Apr-2026,548.8,548.8,571.0,523.2,526.0,533.75,554.23,456986,2532.77,11047,262628.0, 57.47,2026-04-20
SHADOWFAX, EQ, 20-Apr-2026,140.44,139.49,147.9,138.0,145.5,146.13,146.14,2005079,2930.21,40286,1072157.0, 53.47,2026-04-20
SHAH, EQ, 20-Apr-2026,5.08,5.2,5.33,5.15,5.2,5.19,5.21,920038,47.97,872,524832.0, 57.04,2026-04-20
SHAHALLOYS, EQ, 20-Apr-2026,73.85,72.55,76.76,71.08,72.5,72.54,73.28,9728,7.13,174,5852.0, 60.16,2026-04-20
SHAILY, EQ, 20-Apr-2026,1885.0,1885.0,1896.4,1835.0,1845.0,1845.7,1866.27,186730,3484.89,16438,90777.0, 48.61,2026-04-20
SHAKTIPUMP, EQ, 20-Apr-2026,573.75,576.0,576.0,552.0,553.9,554.9,560.06,1567496,8778.93,39285,675973.0, 43.12,2026-04-20
SHALBY, EQ, 20-Apr-2026,161.02,163.44,163.44,157.1,157.88,158.17,158.8,89308,141.82,1624,44351.0, 49.66,2026-04-20
SHALPAINTS, EQ, 20-Apr-2026,53.77,53.9,54.5,53.15,54.0,53.91,54.02,32040,17.31,522,19021.0, 59.37,2026-04-20
SHANKARA, BE, 20-Apr-2026,126.49,126.49,126.49,121.58,124.0,123.84,123.56,18394,22.73,256,, -,2026-04-20
SHANTHALA, SM, 20-Apr-2026,27.4,26.4,26.4,26.4,26.4,26.4,26.4,1200,0.32,1,1200.0, 100.00,2026-04-20
SHANTI, EQ, 20-Apr-2026,7.43,7.43,7.46,7.29,7.44,7.39,7.4,6742,0.5,62,4828.0, 71.61,2026-04-20
SHANTIGEAR, EQ, 20-Apr-2026,472.3,469.45,476.7,462.0,469.25,466.7,470.41,9441,44.41,536,5210.0, 55.18,2026-04-20
SHANTIGOLD, EQ, 20-Apr-2026,199.21,201.09,212.5,195.41,206.12,207.9,208.66,1351629,2820.34,11876,340691.0, 25.21,2026-04-20
SHARDACROP, EQ, 20-Apr-2026,1107.85,1113.9,1126.95,1086.8,1099.6,1102.75,1107.64,262637,2909.07,19113,89039.0, 33.90,2026-04-20
SHARDAMOTR, EQ, 20-Apr-2026,869.0,875.0,878.9,855.15,856.7,860.9,865.37,42655,369.12,4245,20579.0, 48.25,2026-04-20
SHARDUL, EQ, 20-Apr-2026,27.2,29.5,29.5,26.5,28.95,27.7,29.18,1844,0.54,19,1429.0, 77.49,2026-04-20
SHAREINDIA, EQ, 20-Apr-2026,146.8,146.8,147.39,143.84,144.45,144.47,145.26,597960,868.57,2749,328861.0, 55.00,2026-04-20
SHARIABEES, EQ, 20-Apr-2026,475.07,474.89,479.62,472.57,474.13,474.07,474.98,11294,53.64,584,6370.0, 56.40,2026-04-20
SHBAJRG, EQ, 20-Apr-2026,171.85,173.5,177.2,173.5,177.2,176.4,176.35,524,0.92,8,506.0, 96.56,2026-04-20
SHEEL, SM, 20-Apr-2026,44.55,42.0,42.0,42.0,42.0,42.0,42.0,6000,2.52,3,6000.0, 100.00,2026-04-20
SHEETAL, SM, 20-Apr-2026,254.9,255.0,255.15,245.0,251.0,252.05,253.03,73000,184.71,32,43000.0, 58.90,2026-04-20
SHEKHAWATI, EQ, 20-Apr-2026,14.17,14.6,14.6,13.22,13.49,13.49,13.71,15249,2.09,211,10289.0, 67.47,2026-04-20
SHEMAROO, EQ, 20-Apr-2026,105.12,102.6,107.5,102.6,106.2,105.49,106.12,14787,15.69,1438,5472.0, 37.01,2026-04-20
SHERA, SM, 20-Apr-2026,131.25,134.0,138.0,133.9,138.0,136.5,135.28,16000,21.65,15,14000.0, 87.50,2026-04-20
SHETHJI, SM, 20-Apr-2026,122.7,123.5,130.0,123.0,124.0,124.1,125.31,133000,166.67,104,125000.0, 93.98,2026-04-20
SHIGAN, ST, 20-Apr-2026,61.4,64.45,64.45,61.2,63.5,63.5,63.03,7500,4.73,5,7500.0, 100.00,2026-04-20
SHILCTECH, EQ, 20-Apr-2026,4717.4,4717.4,5174.4,4653.1,4954.0,4983.3,4982.48,83098,4140.34,18814,29614.0, 35.64,2026-04-20
SHILPAMED, EQ, 20-Apr-2026,410.55,415.0,429.9,402.9,410.4,411.25,418.69,595035,2491.37,23613,238493.0, 40.08,2026-04-20
SHINDL, EQ, 20-Apr-2026,148.25,148.2,151.0,147.15,149.0,148.8,149.17,45854,68.4,308,4856.0, 10.59,2026-04-20
SHIVALIK, EQ, 20-Apr-2026,278.56,280.65,288.99,268.25,269.03,271.05,274.17,20074,55.04,705,10983.0, 54.71,2026-04-20
SHIVAMAUTO, EQ, 20-Apr-2026,20.13,20.7,20.7,19.2,19.25,19.48,19.57,44571,8.72,335,33395.0, 74.93,2026-04-20
SHIVAMILLS, EQ, 20-Apr-2026,59.1,60.5,67.89,57.99,60.75,61.24,63.01,63090,39.75,843,32209.0, 51.05,2026-04-20
SHIVASHRIT, SM, 20-Apr-2026,125.9,125.0,127.9,121.5,121.5,121.5,124.88,16000,19.98,15,12000.0, 75.00,2026-04-20
SHIVATEX, EQ, 20-Apr-2026,158.47,159.02,159.02,152.01,153.0,153.7,154.91,7600,11.77,75,7311.0, 96.20,2026-04-20
SHIVAUM, BE, 20-Apr-2026,342.0,324.9,342.0,324.9,342.0,340.2,326.79,584,1.91,17,, -,2026-04-20
SHK, EQ, 20-Apr-2026,146.97,147.0,149.5,143.01,146.2,147.09,146.7,242447,355.67,3839,111816.0, 46.12,2026-04-20
SHOPERSTOP, EQ, 20-Apr-2026,298.9,299.0,314.9,294.1,304.7,305.8,305.87,316120,966.91,7020,120203.0, 38.02,2026-04-20
SHRADHA, EQ, 20-Apr-2026,41.71,42.89,42.89,39.99,41.0,40.63,42.1,20418,8.6,142,14548.0, 71.25,2026-04-20
SHREDIGCEM, EQ, 20-Apr-2026,73.99,73.99,74.6,71.74,73.3,73.26,73.05,311116,227.26,2685,137591.0, 44.22,2026-04-20
SHREECEM, EQ, 20-Apr-2026,25290.0,25300.0,25520.0,25050.0,25160.0,25490.0,25447.75,35020,8911.8,6501,26709.0, 76.27,2026-04-20
SHREEJISPG, EQ, 20-Apr-2026,377.85,376.0,382.9,369.0,371.6,372.65,374.72,444870,1667.0,4728,165822.0, 37.27,2026-04-20
SHREEKARNI, SM, 20-Apr-2026,410.0,413.0,413.0,403.0,403.0,403.0,406.68,1500,6.1,7,1200.0, 80.00,2026-04-20
SHREEOSFM, SM, 20-Apr-2026,79.6,77.05,78.8,77.05,77.4,77.45,77.71,6000,4.66,6,2000.0, 33.33,2026-04-20
SHREEPUSHK, EQ, 20-Apr-2026,346.9,346.9,347.0,340.1,341.0,345.9,344.53,24168,83.27,909,14360.0, 59.42,2026-04-20
SHREERAMA, EQ, 20-Apr-2026,48.38,48.61,48.62,46.5,47.5,46.94,47.41,203611,96.54,2171,108669.0, 53.37,2026-04-20
SHRENIK, BZ, 20-Apr-2026,0.4,0.4,0.42,0.4,0.4,0.4,0.41,800950,3.32,240,, -,2026-04-20
SHREYANIND, EQ, 20-Apr-2026,177.3,177.3,177.5,172.0,172.0,172.23,174.13,2674,4.66,101,1820.0, 68.06,2026-04-20
SHRIAHIMSA, SM, 20-Apr-2026,266.5,268.05,272.0,260.05,266.85,266.35,265.63,21600,57.38,34,15600.0, 72.22,2026-04-20
SHRIKANHA, SM, 20-Apr-2026,24.75,25.85,25.95,25.85,25.95,25.95,25.93,9600,2.49,6,9600.0, 100.00,2026-04-20
SHRIKRISH, EQ, 20-Apr-2026,39.3,40.0,47.0,35.45,43.8,42.6,44.46,7688,3.42,129,6763.0, 87.97,2026-04-20
SHRINGARMS, EQ, 20-Apr-2026,201.71,204.4,207.49,199.0,201.5,201.8,204.18,950748,1941.23,5333,295642.0, 31.10,2026-04-20
SHRIPISTON, EQ, 20-Apr-2026,3735.8,3750.0,3764.9,3614.0,3628.8,3627.6,3694.77,79951,2954.01,10560,37949.0, 47.47,2026-04-20
SHRIRAMFIN, EQ, 20-Apr-2026,1036.95,1040.0,1049.95,1026.0,1044.0,1045.15,1043.36,4670588,48730.95,84772,2638498.0, 56.49,2026-04-20
SHRIRAMPPS, EQ, 20-Apr-2026,82.56,83.5,83.79,80.45,83.0,83.05,82.39,770719,634.99,4878,339217.0, 44.01,2026-04-20
SHUBHLAXMI, SM, 20-Apr-2026,23.95,24.0,25.0,22.8,25.0,25.0,23.63,5000,1.18,5,3000.0, 60.00,2026-04-20
SHUBHSHREE, SM, 20-Apr-2026,328.95,330.0,330.0,312.0,312.0,312.0,321.4,4800,15.43,15,3300.0, 68.75,2026-04-20
SHYAMCENT, EQ, 20-Apr-2026,5.58,5.58,5.78,5.16,5.5,5.5,5.48,123084,6.75,360,77494.0, 62.96,2026-04-20
SHYAMDHANI, SM, 20-Apr-2026,72.65,70.0,70.0,70.0,70.0,70.0,70.0,4000,2.8,2,4000.0, 100.00,2026-04-20
SHYAMMETL, EQ, 20-Apr-2026,864.2,859.9,872.0,850.0,850.0,851.55,855.41,392645,3358.74,13736,263044.0, 66.99,2026-04-20
SHYAMTEL, EQ, 20-Apr-2026,10.31,10.99,10.99,9.71,10.8,10.7,10.63,6562,0.7,77,4885.0, 74.44,2026-04-20
SICAGEN, EQ, 20-Apr-2026,24.35,55.5,55.9,52.45,55.8,54.55,54.78,4317,2.37,61,3959.0, 91.71,2026-04-20
SICALLOG, BE, 20-Apr-2026,69.15,69.15,71.0,69.0,70.75,70.5,70.6,78204,55.21,157,, -,2026-04-20
SIDDHICOTS, ST, 20-Apr-2026,30.25,31.7,31.7,30.15,30.2,30.15,30.49,8400,2.56,7,8400.0, 100.00,2026-04-20
SIEMENS, EQ, 20-Apr-2026,3707.9,3702.0,3778.5,3659.5,3710.0,3709.0,3729.33,659226,24584.74,40180,236383.0, 35.86,2026-04-20
SIGACHI, EQ, 20-Apr-2026,23.35,23.3,23.4,22.5,22.55,22.56,22.81,2234447,509.68,4057,1081079.0, 48.38,2026-04-20
SIGIND, EQ, 20-Apr-2026,53.79,53.94,54.89,50.0,50.99,50.61,51.45,28887,14.86,452,23844.0, 82.54,2026-04-20
SIGMA, EQ, 20-Apr-2026,46.48,46.46,47.34,45.2,46.4,45.54,46.26,42968,19.88,807,23713.0, 55.19,2026-04-20
SIGMAADV, EQ, 20-Apr-2026,196.1,203.0,205.9,199.93,205.9,205.9,205.0,277593,569.05,1105,196974.0, 70.96,2026-04-20
SIGNATURE, EQ, 20-Apr-2026,801.25,808.6,835.0,794.0,823.0,826.0,822.02,336370,2765.03,11653,59332.0, 17.64,2026-04-20
SIGNPOST, EQ, 20-Apr-2026,251.66,251.0,274.79,246.25,270.46,270.41,267.04,262460,700.88,4287,130004.0, 49.53,2026-04-20
SIKA, EQ, 20-Apr-2026,975.25,988.0,988.0,936.0,963.9,958.85,962.59,4393,42.29,464,3151.0, 71.73,2026-04-20
SIKKO, EQ, 20-Apr-2026,4.91,4.91,4.96,4.57,4.8,4.78,4.79,258698,12.38,761,182563.0, 70.57,2026-04-20
SIL, EQ, 20-Apr-2026,15.79,15.79,16.54,15.16,15.9,15.84,16.1,41353,6.66,694,32136.0, 77.71,2026-04-20
SILGO, EQ, 20-Apr-2026,75.94,74.99,78.0,74.99,78.0,76.93,76.76,262714,201.65,3331,34363.0, 13.08,2026-04-20
SILINV, EQ, 20-Apr-2026,471.6,473.9,476.1,458.85,464.0,466.7,468.73,1711,8.02,174,1053.0, 61.54,2026-04-20
SILKFLEX, ST, 20-Apr-2026,146.55,152.95,153.85,152.95,153.85,153.85,153.6,22000,33.79,11,22000.0, 100.00,2026-04-20
SILKY, SM, 20-Apr-2026,150.0,150.0,150.0,147.2,147.2,147.2,148.6,1600,2.38,2,1600.0, 100.00,2026-04-20
SILLYMONKS, EQ, 20-Apr-2026,16.69,16.6,17.0,16.11,17.0,16.79,16.53,22007,3.64,132,13671.0, 62.12,2026-04-20
SILVER, EQ, 20-Apr-2026,248.39,249.85,250.06,247.28,247.65,247.57,248.12,1212710,3008.92,11389,371726.0, 30.65,2026-04-20
SILVER1, EQ, 20-Apr-2026,24.13,24.13,24.49,24.01,24.11,24.09,24.15,34071066,8228.58,7079,29930694.0, 87.85,2026-04-20
SILVER360, EQ, 20-Apr-2026,244.46,248.65,248.65,242.95,242.95,244.07,244.38,23040,56.31,878,10808.0, 46.91,2026-04-20
SILVERADD, EQ, 20-Apr-2026,239.83,239.46,242.08,239.0,239.44,239.15,239.78,179402,430.18,2964,103599.0, 57.75,2026-04-20
SILVERAG, EQ, 20-Apr-2026,241.47,246.47,246.47,240.7,241.15,241.18,242.76,1226448,2977.36,3697,1126277.0, 91.83,2026-04-20
SILVERBEES, EQ, 20-Apr-2026,238.14,238.65,239.89,237.0,237.4,237.27,237.9,30744898,73140.59,101552,11548855.0, 37.56,2026-04-20
SILVERBETA, EQ, 20-Apr-2026,240.44,241.24,241.42,239.33,239.5,239.5,240.09,474199,1138.51,4642,244983.0, 51.66,2026-04-20
SILVERBND, EQ, 20-Apr-2026,248.57,248.49,250.98,247.01,247.95,248.13,248.67,25129,62.49,531,9024.0, 35.91,2026-04-20
SILVERCASE, EQ, 20-Apr-2026,25.25,25.78,25.78,25.17,25.2,25.19,25.25,10525762,2658.17,10787,2612850.0, 24.82,2026-04-20
SILVERIETF, EQ, 20-Apr-2026,248.28,242.5,249.99,242.5,247.83,247.72,248.26,3527562,8757.58,23413,1285181.0, 36.43,2026-04-20
SILVERTUC, EQ, 20-Apr-2026,125.43,125.43,126.7,121.5,125.3,123.34,123.09,203177,250.08,1769,103778.0, 51.08,2026-04-20
SIMBHALS, BZ, 20-Apr-2026,8.93,9.36,9.37,9.0,9.12,9.12,9.16,31288,2.87,58,, -,2026-04-20
SIMPLEXINF, EQ, 20-Apr-2026,220.92,222.58,223.0,214.81,217.88,216.62,218.5,33845,73.95,790,18570.0, 54.87,2026-04-20
SINCLAIR, EQ, 20-Apr-2026,79.8,78.88,81.78,78.88,80.25,80.19,80.71,24816,20.03,428,14127.0, 56.93,2026-04-20
SINDHUTRAD, EQ, 20-Apr-2026,23.61,23.79,24.99,23.4,24.47,24.59,24.38,1485613,362.14,2555,713167.0, 48.00,2026-04-20
SINGERIND, EQ, 20-Apr-2026,76.21,78.73,78.73,72.61,72.99,72.87,74.39,100791,74.98,1256,74805.0, 74.22,2026-04-20
SINTERCOM, EQ, 20-Apr-2026,85.01,85.01,87.51,79.0,79.0,79.14,81.8,33867,27.7,1420,19077.0, 56.33,2026-04-20
SIRCA, EQ, 20-Apr-2026,456.7,460.0,464.25,437.7,440.0,443.5,449.0,268574,1205.9,4557,78582.0, 29.26,2026-04-20
SIS, EQ, 20-Apr-2026,323.4,320.0,332.4,316.2,324.5,326.35,323.5,37169,120.24,2604,20696.0, 55.68,2026-04-20
SITINET, BZ, 20-Apr-2026,0.38,0.39,0.39,0.39,0.39,0.39,0.39,147397,0.57,155,, -,2026-04-20
SIYSIL, EQ, 20-Apr-2026,544.25,547.15,570.05,535.4,555.0,560.3,553.45,72401,400.7,3371,37330.0, 51.56,2026-04-20
SJLOGISTIC, SM, 20-Apr-2026,322.45,324.8,324.95,315.3,317.0,317.7,319.05,11000,35.1,33,9250.0, 84.09,2026-04-20
SJS, EQ, 20-Apr-2026,1703.8,1703.8,1712.2,1670.9,1683.1,1682.2,1686.99,68267,1151.66,8602,33309.0, 48.79,2026-04-20
SJVN, EQ, 20-Apr-2026,78.62,78.8,79.16,76.33,76.81,76.98,77.34,7067252,5466.02,29707,2502035.0, 35.40,2026-04-20
SKFINDIA, EQ, 20-Apr-2026,1705.7,1715.0,1770.0,1676.4,1752.6,1752.8,1736.92,56302,977.92,5921,32298.0, 57.37,2026-04-20
SKFINDUS, EQ, 20-Apr-2026,2358.4,2355.0,2359.2,2278.0,2295.0,2287.8,2309.33,14222,328.43,2353,8125.0, 57.13,2026-04-20
SKIL, BZ, 20-Apr-2026,0.97,0.97,1.0,0.95,0.96,0.96,0.99,694773,6.9,108,, -,2026-04-20
SKIPPER, EQ, 20-Apr-2026,433.35,435.0,449.0,419.0,435.6,436.6,438.13,694321,3042.01,17966,276656.0, 39.85,2026-04-20
SKMEGGPROD, EQ, 20-Apr-2026,178.79,178.0,178.6,171.22,172.8,171.98,174.24,99841,173.96,1725,59828.0, 59.92,2026-04-20
SKP, SM, 20-Apr-2026,150.0,154.85,154.85,148.3,148.3,149.7,149.93,40000,59.97,64,29500.0, 73.75,2026-04-20
SKYGOLD, EQ, 20-Apr-2026,423.35,429.0,429.0,408.75,410.0,411.5,417.08,663370,2766.81,13143,317185.0, 47.81,2026-04-20
SLONE, SM, 20-Apr-2026,216.6,210.0,219.0,209.95,209.95,209.95,214.0,4000,8.56,10,2000.0, 50.00,2026-04-20
SMALL250, EQ, 20-Apr-2026,16.47,16.88,16.88,16.29,16.39,16.39,16.41,648654,106.46,1187,342686.0, 52.83,2026-04-20
SMALLADD, EQ, 20-Apr-2026,16.52,16.93,17.0,16.24,17.0,16.62,16.45,122498,20.15,181,71897.0, 58.69,2026-04-20
SMALLCAP, EQ, 20-Apr-2026,43.98,43.5,44.12,43.45,43.71,43.73,43.79,3499940,1532.77,5193,2155188.0, 61.58,2026-04-20
SMARTEN, SM, 20-Apr-2026,59.2,62.0,62.0,59.0,59.9,59.8,60.27,52800,31.82,27,43200.0, 81.82,2026-04-20
SMARTLINK, EQ, 20-Apr-2026,141.64,141.64,145.0,136.65,136.7,139.33,142.87,20347,29.07,347,10642.0, 52.30,2026-04-20
SMARTWORKS, EQ, 20-Apr-2026,432.45,438.9,447.5,426.6,445.6,440.4,440.73,182476,804.22,3131,103556.0, 56.75,2026-04-20
SMCGLOBAL, EQ, 20-Apr-2026,65.76,66.0,66.19,63.5,63.7,64.16,64.32,349912,225.08,1659,225151.0, 64.35,2026-04-20
SML100CASE, EQ, 20-Apr-2026,9.95,9.95,9.98,9.83,9.95,9.91,9.92,2571451,255.08,1793,1132963.0, 44.06,2026-04-20
SMLMAH, EQ, 20-Apr-2026,4319.2,4340.7,4362.9,4200.0,4340.0,4321.6,4299.48,105529,4537.19,10710,42658.0, 40.42,2026-04-20
SMLT, EQ, 20-Apr-2026,73.88,73.8,77.5,72.28,74.69,73.58,74.52,27044,20.15,694,13288.0, 49.13,2026-04-20
SMSPHARMA, EQ, 20-Apr-2026,429.0,428.95,433.5,415.1,418.4,417.7,425.0,189249,804.3,4865,85094.0, 44.96,2026-04-20
SNEHAA, SM, 20-Apr-2026,47.45,47.45,47.5,47.45,47.5,47.5,47.47,5000,2.37,4,3000.0, 60.00,2026-04-20
SNOWMAN, EQ, 20-Apr-2026,42.99,43.24,43.38,40.45,41.9,41.55,41.83,309304,129.38,2005,129243.0, 41.79,2026-04-20
SNXT30BEES, EQ, 20-Apr-2026,41.44,41.01,41.98,40.9,41.5,41.35,41.18,25757,10.61,124,20317.0, 78.88,2026-04-20
SNXT50BETA, EQ, 20-Apr-2026,91.27,91.72,92.85,90.5,91.78,91.54,91.19,9213,8.4,169,7312.0, 79.37,2026-04-20
SOBHA, EQ, 20-Apr-2026,1332.2,1326.0,1337.4,1306.6,1309.0,1311.4,1319.26,68949,909.62,5523,19811.0, 28.73,2026-04-20
SOCL, SM, 20-Apr-2026,31.25,30.05,32.4,30.05,32.3,31.9,31.72,16000,5.07,7,14400.0, 90.00,2026-04-20
SOFTTECH, BE, 20-Apr-2026,303.51,300.25,303.0,296.1,303.0,302.14,301.46,3992,12.03,29,, -,2026-04-20
SOLARA, EQ, 20-Apr-2026,499.1,499.1,503.0,486.1,488.5,491.6,493.28,53949,266.12,1767,28153.0, 52.18,2026-04-20
SOLARINDS, EQ, 20-Apr-2026,15089.0,15140.0,15162.0,14848.0,14850.0,14907.0,14983.5,85713,12842.81,19283,35504.0, 41.42,2026-04-20
SOLARWORLD, EQ, 20-Apr-2026,199.71,201.31,214.39,197.05,213.8,212.52,207.31,707404,1466.53,9589,239799.0, 33.90,2026-04-20
SOLEX, EQ, 20-Apr-2026,1272.05,1276.0,1388.8,1263.5,1312.6,1327.65,1338.08,214916,2875.74,9506,74099.0, 34.48,2026-04-20
SOMANYCERA, EQ, 20-Apr-2026,441.4,447.45,451.5,430.1,450.1,450.1,447.8,53638,240.19,2511,33004.0, 61.53,2026-04-20
SOMATEX, EQ, 20-Apr-2026,96.47,106.11,106.11,106.11,106.11,106.11,106.11,44887,47.63,81,44387.0, 98.89,2026-04-20
SOMICONVEY, EQ, 20-Apr-2026,114.13,115.0,116.2,110.1,110.5,110.84,111.32,10873,12.1,281,7925.0, 72.89,2026-04-20
SONACOMS, EQ, 20-Apr-2026,593.85,595.0,595.6,574.3,576.0,576.55,585.28,1308363,7657.62,38818,598422.0, 45.74,2026-04-20
SONAMAC, ST, 20-Apr-2026,47.0,44.8,44.8,44.8,44.8,44.8,44.8,2000,0.9,2,2000.0, 100.00,2026-04-20
SONAMLTD, EQ, 20-Apr-2026,53.62,52.3,53.85,52.3,53.85,53.39,52.97,15404,8.16,337,6064.0, 39.37,2026-04-20
SONATSOFTW, EQ, 20-Apr-2026,280.34,282.0,282.0,270.0,272.4,272.86,272.86,1065507,2907.31,19573,362156.0, 33.99,2026-04-20
SONUINFRA, SM, 20-Apr-2026,62.55,65.65,65.65,65.65,65.65,65.65,65.65,6000,3.94,3,6000.0, 100.00,2026-04-20
SOTL, EQ, 20-Apr-2026,364.85,364.0,371.15,360.35,366.0,364.45,365.86,17658,64.6,797,10085.0, 57.11,2026-04-20
SOUTHBANK, EQ, 20-Apr-2026,38.93,39.0,39.78,38.07,39.24,39.29,39.31,21189706,8329.36,48657,8669125.0, 40.91,2026-04-20
SOUTHWEST, EQ, 20-Apr-2026,256.24,260.08,264.0,248.35,251.0,251.35,256.34,395702,1014.34,6858,207128.0, 52.34,2026-04-20
SPAL, EQ, 20-Apr-2026,764.8,768.0,783.0,760.2,772.75,777.1,771.27,40066,309.02,4881,24661.0, 61.55,2026-04-20
SPANDANA, EQ, 20-Apr-2026,226.23,223.0,227.7,220.0,221.5,220.94,221.72,261094,578.91,6414,176775.0, 67.71,2026-04-20
SPARC, EQ, 20-Apr-2026,148.01,148.0,148.45,144.03,144.41,144.5,145.81,569428,830.28,6008,215788.0, 37.90,2026-04-20
SPCENET, EQ, 20-Apr-2026,4.77,4.89,4.99,4.58,4.7,4.71,4.87,1416848,68.96,958,1029842.0, 72.69,2026-04-20
SPCL, SM, 20-Apr-2026,86.25,86.5,96.0,85.0,89.5,88.55,90.67,64200,58.21,94,40800.0, 63.55,2026-04-20
SPCON, SM, 20-Apr-2026,139.9,146.05,149.95,142.0,145.0,145.0,146.71,10800,15.84,9,6000.0, 55.56,2026-04-20
SPECIALITY, EQ, 20-Apr-2026,102.93,103.44,103.45,100.0,100.35,101.17,101.51,22341,22.68,461,12756.0, 57.10,2026-04-20
SPECTRUM, EQ, 20-Apr-2026,1201.6,1210.7,1210.7,1151.5,1160.0,1159.6,1177.88,7408,87.26,677,4278.0, 57.75,2026-04-20
SPECTSTM, SM, 20-Apr-2026,71.45,77.6,77.6,71.2,75.5,73.0,74.38,7200,5.36,8,5600.0, 77.78,2026-04-20
SPENCERS, EQ, 20-Apr-2026,35.25,35.38,35.4,34.0,34.27,34.52,34.81,68162,23.73,845,34701.0, 50.91,2026-04-20
SPIC, EQ, 20-Apr-2026,72.26,72.26,72.78,70.0,70.4,70.47,71.16,512820,364.9,2989,263446.0, 51.37,2026-04-20
SPLIL, EQ, 20-Apr-2026,31.89,32.29,37.29,32.29,35.5,35.18,35.74,184507,65.95,1205,94753.0, 51.35,2026-04-20
SPLPETRO, EQ, 20-Apr-2026,774.8,774.8,783.9,756.0,771.0,769.9,767.93,54160,415.91,4387,21503.0, 39.70,2026-04-20
SPMLINFRA, EQ, 20-Apr-2026,210.99,212.6,223.0,212.6,214.5,215.29,218.22,1361391,2970.76,13624,667700.0, 49.05,2026-04-20
SPORTKING, EQ, 20-Apr-2026,140.13,142.7,150.6,140.13,144.6,144.54,146.37,2033213,2976.04,20686,610670.0, 30.03,2026-04-20
SPUNWEB, SM, 20-Apr-2026,134.15,135.95,137.9,135.95,136.0,136.0,136.44,10800,14.74,9,8400.0, 77.78,2026-04-20
SRD, EQ, 20-Apr-2026,44.05,45.89,45.89,43.34,44.98,44.87,44.45,26473,11.77,314,18934.0, 71.52,2026-04-20
SREEL, EQ, 20-Apr-2026,179.52,181.6,181.94,175.26,180.0,180.19,178.41,24162,43.11,422,13754.0, 56.92,2026-04-20
SRF, EQ, 20-Apr-2026,2494.5,2510.0,2510.0,2456.2,2463.0,2465.1,2476.15,349689,8658.83,30702,132170.0, 37.80,2026-04-20
SRGHFL, EQ, 20-Apr-2026,282.16,282.16,285.01,267.25,285.0,284.89,283.17,490,1.39,57,454.0, 92.65,2026-04-20
SRHHYPOLTD, EQ, 20-Apr-2026,495.7,497.0,497.85,480.0,481.0,482.2,487.2,15910,77.51,930,8028.0, 50.46,2026-04-20
SRIVASAVI, SM, 20-Apr-2026,57.8,58.0,60.0,58.0,59.5,59.6,58.77,30000,17.63,13,27000.0, 90.00,2026-04-20
SRM, EQ, 20-Apr-2026,521.3,516.1,523.0,507.0,508.8,508.9,512.04,102252,523.57,2505,66972.0, 65.50,2026-04-20
SRPL, BZ, 20-Apr-2026,0.43,0.43,0.45,0.41,0.45,0.45,0.43,981368,4.24,321,, -,2026-04-20
SRTL, EQ, 20-Apr-2026,48.92,49.49,49.88,47.71,48.36,48.17,48.44,115838,56.11,1140,51157.0, 44.16,2026-04-20
SSDL, EQ, 20-Apr-2026,64.04,64.5,64.5,61.1,62.9,62.15,62.81,22513,14.14,605,14345.0, 63.72,2026-04-20
SSEGL, SM, 20-Apr-2026,397.8,397.8,412.0,396.0,405.75,404.9,402.0,28800,115.78,112,21000.0, 72.92,2026-04-20
SSFL, SM, 20-Apr-2026,109.35,110.0,110.0,108.0,108.0,108.1,109.04,9000,9.81,18,7000.0, 77.78,2026-04-20
SSFLPP, E1, 20-Apr-2026,108.0,108.0,110.0,103.15,105.0,105.3,107.03,900,0.96,35,892.0, 99.11,2026-04-20
SSWL, EQ, 20-Apr-2026,220.94,222.6,222.6,213.75,216.48,217.76,216.93,249474,541.18,9365,139779.0, 56.03,2026-04-20
STALLION, EQ, 20-Apr-2026,160.0,162.4,162.4,153.5,154.9,155.12,158.42,2229191,3531.42,19661,964206.0, 43.25,2026-04-20
STANLEY, EQ, 20-Apr-2026,143.84,143.0,144.09,138.2,140.11,140.56,141.2,229620,324.21,4908,118967.0, 51.81,2026-04-20
STAR, EQ, 20-Apr-2026,1000.25,1004.9,1019.8,990.1,992.9,996.5,1006.01,196641,1978.23,11490,65035.0, 33.07,2026-04-20
STARCEMENT, EQ, 20-Apr-2026,222.36,222.0,223.1,219.01,220.6,221.02,221.23,211304,467.47,5260,106056.0, 50.19,2026-04-20
STARHEALTH, EQ, 20-Apr-2026,503.35,503.35,511.3,499.15,508.0,506.45,504.92,458100,2313.06,28122,293581.0, 64.09,2026-04-20
STARPAPER, EQ, 20-Apr-2026,147.63,145.0,148.99,145.0,148.4,148.3,147.61,2801,4.13,76,2279.0, 81.36,2026-04-20
STARTECK, EQ, 20-Apr-2026,247.08,247.08,259.5,241.0,245.15,245.74,248.21,14849,36.86,583,2548.0, 17.16,2026-04-20
STCINDIA, EQ, 20-Apr-2026,123.95,124.4,124.5,120.31,121.0,120.73,122.45,100130,122.61,1578,50033.0, 49.97,2026-04-20
STEELCAS, EQ, 20-Apr-2026,295.75,299.0,300.0,291.0,296.35,298.32,297.12,56405,167.59,1663,30928.0, 54.83,2026-04-20
STEELCITY, EQ, 20-Apr-2026,85.08,85.47,86.79,83.99,85.9,85.89,85.39,9043,7.72,262,5788.0, 64.01,2026-04-20
STEELXIND, EQ, 20-Apr-2026,8.97,9.0,9.99,8.97,9.7,9.76,9.57,10782776,1032.0,12392,4736609.0, 43.93,2026-04-20
STEL, EQ, 20-Apr-2026,483.15,489.0,489.0,462.0,471.5,470.2,474.6,3917,18.59,386,2560.0, 65.36,2026-04-20
STERTOOLS, EQ, 20-Apr-2026,244.28,249.28,261.29,244.18,249.0,249.52,253.24,244578,619.38,4598,60750.0, 24.84,2026-04-20
STLNETWORK, EQ, 20-Apr-2026,25.15,26.5,30.18,26.5,30.18,30.18,29.39,23472142,6897.77,27344,10731632.0, 45.72,2026-04-20
STLTECH, EQ, 20-Apr-2026,263.08,263.0,275.0,260.55,270.0,271.63,268.34,5377892,14430.86,48584,2584034.0, 48.05,2026-04-20
STOVEKRAFT, EQ, 20-Apr-2026,553.75,553.0,553.75,535.85,538.7,540.45,544.09,271023,1474.62,16556,159360.0, 58.80,2026-04-20
STRIDERS, SM, 20-Apr-2026,66.5,66.5,68.0,64.1,68.0,68.0,66.86,22400,14.98,11,16000.0, 71.43,2026-04-20
STUDDS, EQ, 20-Apr-2026,488.45,488.45,493.3,483.0,488.5,488.25,487.82,10659,52.0,695,5202.0, 48.80,2026-04-20
STUDIOLSD, ST, 20-Apr-2026,13.4,13.65,13.9,12.9,13.3,13.3,13.44,30000,4.03,14,20000.0, 66.67,2026-04-20
STYL, EQ, 20-Apr-2026,240.16,241.5,249.7,233.78,244.24,246.21,240.43,593268,1426.41,7629,339221.0, 57.18,2026-04-20
STYLAMIND, EQ, 20-Apr-2026,2243.6,2245.0,2245.0,2235.0,2240.0,2240.0,2239.37,46722,1046.28,3484,36735.0, 78.62,2026-04-20
STYLEBAAZA, EQ, 20-Apr-2026,338.05,346.0,351.95,335.0,335.0,339.0,341.91,970212,3317.28,13723,426969.0, 44.01,2026-04-20
STYRENIX, EQ, 20-Apr-2026,2221.5,2221.5,2268.0,2173.0,2173.0,2183.9,2228.3,59664,1329.49,3620,23280.0, 39.02,2026-04-20
SUBAHOTELS, SM, 20-Apr-2026,136.75,139.0,139.0,127.05,129.5,130.45,132.07,60000,79.24,46,39600.0, 66.00,2026-04-20
SUBEXLTD, EQ, 20-Apr-2026,9.73,9.87,9.89,8.85,9.17,9.13,9.34,3677511,343.41,3300,1776115.0, 48.30,2026-04-20
SUBROS, EQ, 20-Apr-2026,788.5,794.0,794.0,769.0,769.0,772.55,777.35,53875,418.8,3687,25972.0, 48.21,2026-04-20
SUDARCOLOR, EQ, 20-Apr-2026,358.15,364.0,365.75,346.5,357.0,352.65,358.86,26037,93.44,1297,4942.0, 18.98,2026-04-20
SUDARSCHEM, EQ, 20-Apr-2026,873.75,877.0,881.0,825.35,828.9,833.25,847.63,314704,2667.54,15270,141030.0, 44.81,2026-04-20
SUDEEPPHRM, EQ, 20-Apr-2026,645.45,648.65,669.9,641.05,659.0,664.55,660.83,71310,471.24,2532,37208.0, 52.18,2026-04-20
SUKHJITS, EQ, 20-Apr-2026,179.84,182.9,182.9,175.05,177.85,176.61,179.4,15230,27.32,1042,4976.0, 32.67,2026-04-20
SULA, EQ, 20-Apr-2026,175.15,175.5,178.99,172.51,173.0,173.53,174.62,397028,693.28,5521,143294.0, 36.09,2026-04-20
SUMEETINDS, EQ, 20-Apr-2026,30.97,30.97,31.38,30.0,30.0,30.05,30.55,179348,54.78,1388,74937.0, 41.78,2026-04-20
SUMICHEM, EQ, 20-Apr-2026,442.4,443.1,447.9,429.15,447.9,446.25,440.87,370237,1632.25,13541,200911.0, 54.27,2026-04-20
SUMIT, EQ, 20-Apr-2026,59.29,61.0,61.0,55.1,56.4,56.12,57.72,68855,39.74,687,47514.0, 69.01,2026-04-20
SUMMITSEC, EQ, 20-Apr-2026,1713.1,1697.0,1725.0,1642.2,1664.6,1658.4,1681.03,9640,162.05,985,4882.0, 50.64,2026-04-20
SUNCLAY, EQ, 20-Apr-2026,1451.8,1440.0,1525.0,1405.9,1460.3,1473.4,1469.95,25964,381.66,2634,10509.0, 40.48,2026-04-20
SUNDARAM, EQ, 20-Apr-2026,1.46,1.46,1.54,1.41,1.45,1.47,1.48,1111179,16.45,890,653731.0, 58.83,2026-04-20
SUNDARMFIN, EQ, 20-Apr-2026,5028.8,5000.0,5038.8,4953.9,4962.2,5015.0,5005.91,48047,2405.19,8782,28380.0, 59.07,2026-04-20
SUNDRMBRAK, EQ, 20-Apr-2026,619.25,625.0,627.85,615.0,615.0,616.15,618.67,655,4.05,53,509.0, 77.71,2026-04-20
SUNDRMFAST, EQ, 20-Apr-2026,828.9,832.5,845.0,812.0,828.05,828.95,824.43,43046,354.88,4151,23383.0, 54.32,2026-04-20
SUNDROP, EQ, 20-Apr-2026,648.6,652.0,665.95,642.5,648.5,652.6,652.06,17840,116.33,1002,8918.0, 49.99,2026-04-20
SUNFLAG, EQ, 20-Apr-2026,272.97,273.0,275.5,265.6,265.6,267.19,270.92,232811,630.73,2880,118000.0, 50.68,2026-04-20
SUNLITE, SM, 20-Apr-2026,465.85,492.0,492.0,451.0,451.0,453.0,465.75,24600,114.57,39,16200.0, 65.85,2026-04-20
SUNPHARMA, EQ, 20-Apr-2026,1675.5,1680.0,1680.0,1665.0,1666.0,1668.6,1671.13,1834532,30657.35,77504,1122053.0, 61.16,2026-04-20
SUNREST, SM, 20-Apr-2026,38.0,37.0,37.0,36.1,36.1,36.1,36.53,4800,1.75,3,4800.0, 100.00,2026-04-20
SUNREST-RE, ST, 20-Apr-2026,0.35,0.4,0.4,0.3,0.4,0.4,0.33,48000,0.16,11,38400.0, 80.00,2026-04-20
SUNTECH, SM, 20-Apr-2026,42.15,40.05,42.9,40.0,42.9,42.9,40.97,36800,15.08,19,25600.0, 69.57,2026-04-20
SUNTECK, EQ, 20-Apr-2026,333.65,334.9,334.9,320.35,325.3,326.5,326.44,353325,1153.39,9117,190069.0, 53.79,2026-04-20
SUNTV, EQ, 20-Apr-2026,643.25,643.25,660.7,640.15,649.0,648.45,651.21,402387,2620.4,17144,149381.0, 37.12,2026-04-20
SUPERHOUSE, EQ, 20-Apr-2026,149.96,148.2,151.45,147.05,151.0,151.09,149.31,1365,2.04,63,1110.0, 81.32,2026-04-20
SUPERSPIN, EQ, 20-Apr-2026,5.41,5.7,6.24,5.45,5.61,5.59,5.73,170524,9.77,591,123023.0, 72.14,2026-04-20
SUPRAJIT, EQ, 20-Apr-2026,425.2,425.15,427.0,412.0,414.2,414.4,418.8,116847,489.35,6956,53737.0, 45.99,2026-04-20
SUPREME, EQ, 20-Apr-2026,57.67,57.65,57.65,55.11,55.26,55.37,56.05,79717,44.68,679,38071.0, 47.76,2026-04-20
SUPREMEENG, BZ, 20-Apr-2026,1.27,1.21,1.33,1.21,1.24,1.24,1.28,108576,1.39,142,, -,2026-04-20
SUPREMEIND, EQ, 20-Apr-2026,3709.0,3740.0,3752.0,3674.1,3695.1,3711.8,3720.51,145589,5416.66,16529,56841.0, 39.04,2026-04-20
SUPREMEINF, BZ, 20-Apr-2026,74.16,73.8,73.8,70.8,72.5,71.89,71.62,2074,1.49,21,, -,2026-04-20
SUPREMEPWR, SM, 20-Apr-2026,212.1,211.05,220.0,210.0,215.25,217.15,216.05,83500,180.4,135,56500.0, 67.66,2026-04-20
SUPRIYA, EQ, 20-Apr-2026,638.5,647.0,651.0,615.1,615.1,619.8,630.93,224937,1419.19,9244,137575.0, 61.16,2026-04-20
SURAJEST, EQ, 20-Apr-2026,245.57,245.0,245.0,237.22,240.0,239.31,240.02,140609,337.49,2825,61031.0, 43.40,2026-04-20
SURAJLTD, EQ, 20-Apr-2026,256.95,256.94,262.0,242.0,249.4,247.52,250.16,2842,7.11,215,1597.0, 56.19,2026-04-20
SURAKSHA, EQ, 20-Apr-2026,282.57,280.28,288.0,278.26,280.5,281.11,283.23,20771,58.83,1439,11394.0, 54.86,2026-04-20
SURANASOL, EQ, 20-Apr-2026,25.38,25.38,26.5,25.0,25.11,25.12,25.69,159489,40.97,1531,93723.0, 58.76,2026-04-20
SURANAT&P, EQ, 20-Apr-2026,18.67,18.75,19.49,18.54,19.0,19.03,19.08,131495,25.09,829,48528.0, 36.90,2026-04-20
SURANI, ST, 20-Apr-2026,127.0,124.55,129.5,124.5,129.5,129.5,128.97,5600,7.22,17,5600.0, 100.00,2026-04-20
SURYALA, EQ, 20-Apr-2026,347.0,346.95,359.9,346.95,359.85,357.25,348.55,161,0.56,13,158.0, 98.14,2026-04-20
SURYALAXMI, EQ, 20-Apr-2026,58.21,59.1,62.0,56.5,58.81,59.23,60.03,9877,5.93,179,6589.0, 66.71,2026-04-20
SURYAROSNI, EQ, 20-Apr-2026,239.49,240.8,244.25,235.37,237.9,237.74,239.88,546055,1309.9,9206,294238.0, 53.88,2026-04-20
SURYODAY, EQ, 20-Apr-2026,144.05,144.0,145.0,141.5,144.25,144.18,143.54,185055,265.62,3946,102927.0, 55.62,2026-04-20
SUTLEJTEX, EQ, 20-Apr-2026,36.61,36.55,37.1,36.1,36.55,36.3,36.4,33350,12.14,500,17963.0, 53.86,2026-04-20
SUVEN, EQ, 20-Apr-2026,196.08,197.9,217.5,196.08,208.0,210.18,209.66,1368158,2868.43,14717,469003.0, 34.28,2026-04-20
SUVIDHAA, BE, 20-Apr-2026,3.13,3.1,3.12,3.0,3.07,3.06,3.05,112588,3.43,149,, -,2026-04-20
SUYOG, EQ, 20-Apr-2026,797.85,813.0,813.0,765.05,777.0,782.75,780.03,24985,194.89,1664,13314.0, 53.29,2026-04-20
SUZLON, EQ, 20-Apr-2026,52.93,53.34,53.45,51.87,52.4,52.5,52.54,153681261,80748.15,206427,59876012.0, 38.96,2026-04-20
SVLL, EQ, 20-Apr-2026,599.3,599.3,599.3,570.4,590.1,590.1,594.08,152,0.9,13,116.0, 76.32,2026-04-20
SVPGLOB, EQ, 20-Apr-2026,3.5,3.58,3.6,3.33,3.33,3.39,3.47,142074,4.93,339,96483.0, 67.91,2026-04-20
SWANCORP, EQ, 20-Apr-2026,354.85,356.8,357.6,344.4,347.0,346.9,350.85,1162299,4077.88,21643,458120.0, 39.41,2026-04-20
SWANDEF, BE, 20-Apr-2026,1899.5,1900.0,1949.9,1816.8,1821.9,1836.5,1853.16,14320,265.37,1010,, -,2026-04-20
SWARAJ, SM, 20-Apr-2026,296.4,298.0,298.0,291.35,292.8,292.2,293.23,74500,218.46,56,51000.0, 68.46,2026-04-20
SWARAJENG, EQ, 20-Apr-2026,4053.2,4054.0,4061.0,4003.1,4018.3,4036.2,4027.6,21538,867.46,3172,9723.0, 45.14,2026-04-20
SWASTIK, ST, 20-Apr-2026,21.1,22.0,22.0,22.0,22.0,22.0,22.0,1200,0.26,1,1200.0, 100.00,2026-04-20
SWELECTES, EQ, 20-Apr-2026,651.85,665.0,709.7,647.0,658.55,663.05,682.74,110866,756.92,5448,38519.0, 34.74,2026-04-20
SWIGGY, EQ, 20-Apr-2026,277.45,278.85,284.5,272.8,278.8,279.15,279.66,6896882,19287.53,46020,2293110.0, 33.25,2026-04-20
SWSOLAR, EQ, 20-Apr-2026,193.97,194.88,226.9,189.72,211.8,212.08,217.78,70921408,154450.5,437499,4970099.0, 7.01,2026-04-20
SYLVANPLY, SM, 20-Apr-2026,62.0,57.0,61.9,57.0,61.9,61.9,59.48,16000,9.52,7,14000.0, 87.50,2026-04-20
SYMPHONY, EQ, 20-Apr-2026,813.3,813.0,828.5,796.1,806.9,809.05,815.5,191537,1561.99,11079,76830.0, 40.11,2026-04-20
SYNCOMF, EQ, 20-Apr-2026,14.3,14.21,14.41,13.3,13.6,13.59,13.88,3206207,445.14,4483,1676357.0, 52.28,2026-04-20
SYNGENE, EQ, 20-Apr-2026,436.6,440.0,443.5,433.15,435.0,436.45,438.34,445933,1954.71,14726,222536.0, 49.90,2026-04-20
SYNOPTICS, SM, 20-Apr-2026,55.85,58.45,58.45,58.45,58.45,58.45,58.45,1200,0.7,2,1200.0, 100.00,2026-04-20
SYRMA, EQ, 20-Apr-2026,978.1,974.9,988.95,958.0,960.0,963.35,972.24,744368,7237.01,33274,287918.0, 38.68,2026-04-20
SYSTANGO, SM, 20-Apr-2026,278.8,281.0,286.6,275.0,283.35,283.4,281.48,22400,63.05,44,12400.0, 55.36,2026-04-20
SYSTMTXC, EQ, 20-Apr-2026,73.03,73.76,75.5,71.0,71.06,71.48,73.12,33870,24.76,562,20368.0, 60.14,2026-04-20
TAALTECH, EQ, 20-Apr-2026,3050.1,3099.95,3100.0,2946.3,2986.0,2986.0,3052.53,154,4.7,28,142.0, 92.21,2026-04-20
TAC, SM, 20-Apr-2026,569.9,567.0,577.95,545.0,552.75,552.75,558.58,49200,274.82,184,35400.0, 71.95,2026-04-20
TAINWALCHM, EQ, 20-Apr-2026,200.76,200.76,203.39,198.91,201.0,201.0,200.79,2216,4.45,65,1421.0, 64.12,2026-04-20
TAJGVK, EQ, 20-Apr-2026,332.35,335.0,335.0,327.3,329.95,330.95,330.89,70984,234.88,1799,30409.0, 42.84,2026-04-20
TAKE, BE, 20-Apr-2026,49.16,50.14,50.14,50.14,50.14,50.14,50.14,1587525,795.99,2136,, -,2026-04-20
TALBROAUTO, EQ, 20-Apr-2026,275.62,276.99,282.6,272.0,281.1,281.41,277.87,120954,336.09,2090,71419.0, 59.05,2026-04-20
TAMBOLIIN, EQ, 20-Apr-2026,153.0,156.0,183.0,150.0,164.9,169.2,160.17,861,1.38,12,861.0, 100.00,2026-04-20
TANKUP, SM, 20-Apr-2026,590.75,590.75,590.75,590.75,590.75,590.75,590.75,250,1.48,1,250.0, 100.00,2026-04-20
TANLA, EQ, 20-Apr-2026,491.1,492.0,493.7,479.1,482.0,482.65,485.29,292246,1418.25,11286,114784.0, 39.28,2026-04-20
TARACHAND, EQ, 20-Apr-2026,65.11,65.11,65.63,63.12,63.2,64.03,64.67,79635,51.5,2542,31869.0, 40.02,2026-04-20
TARAPUR, EQ, 20-Apr-2026,26.44,27.74,27.74,25.12,25.12,25.12,25.67,24270,6.23,188,22224.0, 91.57,2026-04-20
TARC, EQ, 20-Apr-2026,135.5,136.1,139.86,133.0,135.75,136.1,137.78,771924,1063.58,8738,321409.0, 41.64,2026-04-20
TARIL, EQ, 20-Apr-2026,322.3,325.0,327.7,313.95,322.0,321.35,321.83,5480711,17638.32,55819,1839392.0, 33.56,2026-04-20
TARMAT, BE, 20-Apr-2026,53.44,53.44,53.78,52.75,53.7,53.21,53.34,6154,3.28,60,, -,2026-04-20
TARSONS, EQ, 20-Apr-2026,214.13,222.9,222.9,210.42,215.0,212.78,214.58,53789,115.42,1402,23758.0, 44.17,2026-04-20
TASTYBITE, EQ, 20-Apr-2026,7100.0,7199.5,7199.5,7032.0,7070.5,7096.5,7092.26,3244,230.07,589,2610.0, 80.46,2026-04-20
TATACAP, EQ, 20-Apr-2026,337.85,338.0,338.6,333.1,334.0,335.0,335.56,1393635,4676.52,29217,827164.0, 59.35,2026-04-20
TATACHEM, EQ, 20-Apr-2026,709.05,710.65,713.9,702.1,703.5,704.05,707.34,620556,4389.42,24936,290390.0, 46.80,2026-04-20
TATACOMM, EQ, 20-Apr-2026,1521.1,1534.0,1534.0,1495.4,1515.4,1515.7,1509.41,260472,3931.58,25688,129268.0, 49.63,2026-04-20
TATACONSUM, EQ, 20-Apr-2026,1113.2,1113.2,1129.5,1106.7,1121.0,1120.4,1121.72,1132404,12702.45,51559,667224.0, 58.92,2026-04-20
TATAELXSI, EQ, 20-Apr-2026,4592.5,4582.3,4589.8,4485.1,4505.9,4516.6,4523.73,250514,11332.59,25352,91240.0, 36.42,2026-04-20
TATAGOLD, EQ, 20-Apr-2026,14.65,14.69,14.69,14.58,14.67,14.66,14.64,62991010,9222.95,105951,25728104.0, 40.84,2026-04-20
TATAINVEST, EQ, 20-Apr-2026,712.65,715.0,734.7,705.6,710.0,713.15,716.95,1270902,9111.68,39753,329673.0, 25.94,2026-04-20
TATAPOWER, EQ, 20-Apr-2026,427.6,427.5,438.5,424.45,433.1,433.6,433.29,13081794,56681.46,195326,5598201.0, 42.79,2026-04-20
TATASTEEL, EQ, 20-Apr-2026,212.12,212.0,213.4,209.8,212.04,211.72,211.63,24992602,52891.81,166148,10678943.0, 42.73,2026-04-20
TATATECH, EQ, 20-Apr-2026,589.3,589.3,589.95,572.55,575.5,576.45,581.05,541738,3147.78,19337,222866.0, 41.14,2026-04-20
TATSILV, EQ, 20-Apr-2026,24.16,24.4,24.4,23.6,24.11,24.09,24.16,70555235,17046.38,79017,22405843.0, 31.76,2026-04-20
TATVA, EQ, 20-Apr-2026,1278.3,1288.0,1305.9,1268.1,1300.0,1300.4,1291.13,40819,527.03,3820,18459.0, 45.22,2026-04-20
TAURIAN, SM, 20-Apr-2026,279.5,279.0,335.0,279.0,311.5,311.05,314.63,116800,367.49,117,85600.0, 73.29,2026-04-20
TBI, SM, 20-Apr-2026,81.3,82.0,82.0,76.4,76.4,77.7,78.36,28200,22.1,40,25200.0, 89.36,2026-04-20
TBOTEK, EQ, 20-Apr-2026,1293.8,1300.5,1309.3,1266.7,1274.0,1282.9,1286.99,125562,1615.97,11835,66589.0, 53.03,2026-04-20
TBZ, EQ, 20-Apr-2026,149.87,151.4,151.77,146.91,149.0,149.07,149.46,207646,310.35,3088,98155.0, 47.27,2026-04-20
TCC, EQ, 20-Apr-2026,389.4,388.2,419.95,374.95,389.0,388.7,401.89,39983,160.69,1516,21519.0, 53.82,2026-04-20
TCI, EQ, 20-Apr-2026,1004.0,1006.4,1018.9,967.0,976.0,971.8,978.71,55241,540.65,7691,29564.0, 53.52,2026-04-20
TCIEXP, EQ, 20-Apr-2026,543.45,538.0,541.7,521.1,522.15,526.65,532.88,45338,241.6,3258,20212.0, 44.58,2026-04-20
TCIFINANCE, EQ, 20-Apr-2026,15.35,15.25,15.59,14.8,14.8,14.92,15.06,29921,4.51,247,22256.0, 74.38,2026-04-20
TCL, SM, 20-Apr-2026,94.75,95.0,100.0,92.1,100.0,98.95,95.53,30400,29.04,27,24800.0, 81.58,2026-04-20
TCPLPACK, EQ, 20-Apr-2026,2653.5,2689.9,2689.9,2600.0,2610.0,2613.5,2627.93,3422,89.93,689,1422.0, 41.55,2026-04-20
TCS, EQ, 20-Apr-2026,2581.5,2587.1,2594.0,2561.2,2575.9,2579.6,2581.08,2288558,59069.41,124006,1139385.0, 49.79,2026-04-20
TDPOWERSYS, EQ, 20-Apr-2026,996.9,996.9,1049.7,995.0,1030.0,1030.7,1035.86,1991662,20630.83,98974,865529.0, 43.46,2026-04-20
TEAMGTY, EQ, 20-Apr-2026,263.03,272.7,272.7,260.0,262.09,263.1,263.9,532,1.4,38,455.0, 85.53,2026-04-20
TEAMLEASE, EQ, 20-Apr-2026,1238.7,1248.6,1290.0,1238.7,1253.7,1263.3,1268.0,57387,727.67,4603,33432.0, 58.26,2026-04-20
TECH, EQ, 20-Apr-2026,34.42,33.8,35.3,33.8,34.3,34.2,34.38,42063,14.46,248,31983.0, 76.04,2026-04-20
TECHD, SM, 20-Apr-2026,591.35,591.35,591.35,570.1,586.0,586.0,581.65,16800,97.72,25,10200.0, 60.71,2026-04-20
TECHERA, SM, 20-Apr-2026,201.75,204.0,204.05,194.75,196.4,195.55,198.72,116000,230.52,133,80800.0, 69.66,2026-04-20
TECHLABS, SM, 20-Apr-2026,232.6,233.0,237.95,228.05,229.0,230.75,232.31,16625,38.62,113,12375.0, 74.44,2026-04-20
TECHM, EQ, 20-Apr-2026,1511.4,1510.9,1531.3,1496.2,1497.5,1504.4,1510.74,1341688,20269.45,68395,576315.0, 42.95,2026-04-20
TECHNOE, EQ, 20-Apr-2026,1234.25,1242.0,1278.8,1210.0,1255.5,1264.25,1256.45,542816,6820.19,32017,240839.0, 44.37,2026-04-20
TECILCHEM, EQ, 20-Apr-2026,13.36,13.36,13.44,11.6,13.44,13.29,13.09,8354,1.09,120,6663.0, 79.76,2026-04-20
TEGA, EQ, 20-Apr-2026,1738.0,1737.0,1738.0,1700.1,1711.0,1709.8,1718.34,26484,455.08,2830,14208.0, 53.65,2026-04-20
TEJASNET, EQ, 20-Apr-2026,424.55,426.3,426.7,411.5,414.0,414.85,417.45,1890311,7891.16,28761,569951.0, 30.15,2026-04-20
TEMBO, EQ, 20-Apr-2026,582.25,585.5,607.0,577.65,595.55,601.7,594.39,147993,879.66,2724,72713.0, 49.13,2026-04-20
TENNIND, EQ, 20-Apr-2026,591.7,594.0,609.6,581.75,590.05,595.9,597.22,703090,4198.97,23387,287089.0, 40.83,2026-04-20
TERASOFT, EQ, 20-Apr-2026,358.1,360.0,364.8,350.05,351.0,354.1,357.29,9573,34.2,459,5918.0, 61.82,2026-04-20
TEXINFRA, EQ, 20-Apr-2026,101.67,100.5,101.89,99.09,99.1,99.43,100.62,55558,55.9,645,29774.0, 53.59,2026-04-20
TEXMOPIPES, EQ, 20-Apr-2026,47.16,47.96,47.96,46.2,46.2,46.51,46.85,51066,23.92,527,31842.0, 62.35,2026-04-20
TEXRAIL, EQ, 20-Apr-2026,106.01,106.35,106.35,102.4,102.4,103.23,104.41,1678405,1752.43,9715,757250.0, 45.12,2026-04-20
TFCILTD, EQ, 20-Apr-2026,73.04,73.4,75.7,72.51,72.53,72.89,74.3,2952372,2193.75,8259,1403015.0, 47.52,2026-04-20
TFL, EQ, 20-Apr-2026,12.9,13.88,13.88,12.56,12.7,12.7,12.81,7382,0.95,84,6063.0, 82.13,2026-04-20
TGBHOTELS, EQ, 20-Apr-2026,9.98,10.36,10.36,9.77,9.83,9.94,10.02,74705,7.48,192,50626.0, 67.77,2026-04-20
TGL, ST, 20-Apr-2026,31.75,31.15,31.15,31.15,31.15,31.15,31.15,4000,1.25,9,4000.0, 100.00,2026-04-20
THACKER, EQ, 20-Apr-2026,1033.45,1033.45,1033.45,1033.45,1033.45,1033.45,1033.45,1,0.01,1,1.0, 100.00,2026-04-20
THANGAMAYL, EQ, 20-Apr-2026,4210.6,4210.6,4249.9,4111.0,4116.0,4134.5,4152.12,66146,2746.46,11975,27543.0, 41.64,2026-04-20
THEINVEST, EQ, 20-Apr-2026,104.31,104.97,109.0,104.57,104.57,105.0,107.24,5996,6.43,186,4587.0, 76.50,2026-04-20
THEJO, EQ, 20-Apr-2026,1816.5,1839.8,1927.0,1782.1,1850.0,1842.0,1867.99,37975,709.37,2213,21418.0, 56.40,2026-04-20
THELEELA, EQ, 20-Apr-2026,426.9,423.0,432.0,421.3,432.0,429.65,428.94,55945,239.97,5647,24812.0, 44.35,2026-04-20
THEMISMED, EQ, 20-Apr-2026,90.07,90.0,93.25,86.62,90.76,90.89,90.33,89318,80.68,1650,46617.0, 52.19,2026-04-20
THERMAX, EQ, 20-Apr-2026,4141.4,4141.4,4305.0,4061.8,4170.0,4185.2,4241.69,373347,15836.21,37938,161018.0, 43.13,2026-04-20
THESL, SM, 20-Apr-2026,16.0,15.95,15.95,15.95,15.95,15.95,15.95,3000,0.48,1,3000.0, 100.00,2026-04-20
THOMASCOOK, EQ, 20-Apr-2026,110.91,111.48,111.48,104.2,104.99,104.89,105.87,1782095,1886.73,20115,592306.0, 33.24,2026-04-20
THOMASCOTT, EQ, 20-Apr-2026,275.76,270.0,278.79,266.0,266.0,269.78,271.89,15913,43.27,666,9478.0, 59.56,2026-04-20
THYROCARE, EQ, 20-Apr-2026,389.05,392.55,399.5,383.55,389.05,392.65,393.38,262717,1033.48,14198,132520.0, 50.44,2026-04-20
TI, EQ, 20-Apr-2026,470.0,471.55,489.9,462.85,472.5,472.8,479.81,1913340,9180.33,44805,724666.0, 37.87,2026-04-20
TICL, EQ, 20-Apr-2026,21.75,21.8,21.99,20.88,21.05,21.01,21.15,407182,86.1,748,183646.0, 45.10,2026-04-20
TIGERLOGS, EQ, 20-Apr-2026,32.64,33.25,33.25,30.31,30.89,30.87,31.42,73790,23.18,1006,40573.0, 54.98,2026-04-20
TIIL, EQ, 20-Apr-2026,2455.8,2455.8,2481.8,2425.0,2472.0,2469.6,2454.19,7756,190.35,2096,3609.0, 46.53,2026-04-20
TIINDIA, EQ, 20-Apr-2026,2790.2,2790.0,2904.5,2750.7,2884.0,2873.1,2861.82,708238,20268.52,33753,427484.0, 60.36,2026-04-20
TIJARIA, BE, 20-Apr-2026,4.8,4.8,4.8,4.71,4.71,4.71,4.72,2293,0.11,23,, -,2026-04-20
TIL, EQ, 20-Apr-2026,206.58,206.55,208.0,202.0,202.0,204.57,205.77,39172,80.6,659,27233.0, 69.52,2026-04-20
TILPP, E1, 20-Apr-2026,161.91,161.46,161.8,157.0,161.0,159.14,160.67,21775,34.99,85,21090.0, 96.85,2026-04-20
TIMESCAN, SM, 20-Apr-2026,41.15,39.4,39.4,39.4,39.4,39.4,39.4,6000,2.36,1,6000.0, 100.00,2026-04-20
TIMETECHNO, EQ, 20-Apr-2026,195.39,196.5,201.2,193.39,195.0,196.3,196.84,4491960,8841.75,31042,910852.0, 20.28,2026-04-20
TIMEX, EQ, 20-Apr-2026,313.55,314.0,324.95,312.0,320.5,322.05,321.74,112145,360.81,2344,79256.0, 70.67,2026-04-20
TIMKEN, EQ, 20-Apr-2026,3506.6,3540.0,3569.8,3431.1,3499.7,3502.9,3480.82,86140,2998.38,10899,58013.0, 67.35,2026-04-20
TINNARUBR, EQ, 20-Apr-2026,729.2,729.0,733.7,702.2,723.0,712.85,719.52,25391,182.69,2112,11117.0, 43.78,2026-04-20
TIPSFILMS, EQ, 20-Apr-2026,364.9,369.35,390.0,368.1,378.0,382.95,378.22,4107,15.53,340,2910.0, 70.85,2026-04-20
TIPSMUSIC, EQ, 20-Apr-2026,585.55,586.0,589.0,570.5,570.5,574.15,580.03,70601,409.51,4902,33570.0, 47.55,2026-04-20
TIRUMALCHM, EQ, 20-Apr-2026,200.73,201.15,202.99,194.0,197.99,197.03,196.8,244588,481.36,4681,106820.0, 43.67,2026-04-20
TIRUPATI, SM, 20-Apr-2026,465.0,465.0,465.0,465.0,465.0,465.0,465.0,125,0.58,1,125.0, 100.00,2026-04-20
TIRUPATIFL, BE, 20-Apr-2026,46.51,46.28,47.0,44.55,45.98,45.79,45.71,147661,67.5,678,, -,2026-04-20
TITAGARH, EQ, 20-Apr-2026,741.05,744.0,746.35,727.0,731.0,730.2,735.46,699349,5143.45,25899,205546.0, 29.39,2026-04-20
TITAN, EQ, 20-Apr-2026,4525.9,4532.1,4549.0,4467.7,4495.0,4513.0,4500.19,1646815,74109.87,102900,1019910.0, 61.93,2026-04-20
TMB, EQ, 20-Apr-2026,683.75,685.0,693.95,661.0,661.0,663.85,675.24,316528,2137.32,7973,193285.0, 61.06,2026-04-20
TMCV, EQ, 20-Apr-2026,439.1,440.0,441.0,431.05,435.5,438.4,436.37,7247939,31627.85,114227,3253657.0, 44.89,2026-04-20
TMPV, EQ, 20-Apr-2026,360.1,357.3,359.8,352.5,354.6,355.7,356.11,7216605,25699.34,112808,2738658.0, 37.95,2026-04-20
TNIDETF, EQ, 20-Apr-2026,84.2,84.34,84.85,83.11,83.83,83.78,84.03,69188,58.14,770,48402.0, 69.96,2026-04-20
TNPETRO, EQ, 20-Apr-2026,91.77,92.8,92.8,90.12,90.5,90.66,91.6,110376,101.1,1422,54989.0, 49.82,2026-04-20
TNPL, EQ, 20-Apr-2026,140.21,140.5,141.64,139.47,139.47,139.83,140.59,62277,87.55,1866,33325.0, 53.51,2026-04-20
TNTELE, EQ, 20-Apr-2026,10.59,10.79,10.79,10.2,10.42,10.35,10.38,36765,3.81,160,27593.0, 75.05,2026-04-20
TOKYOPLAST, EQ, 20-Apr-2026,106.8,111.98,113.8,104.11,108.0,108.54,109.47,234899,257.14,3297,79939.0, 34.03,2026-04-20
TOLINS, EQ, 20-Apr-2026,115.54,115.54,116.1,111.0,111.02,111.44,112.49,150936,169.79,2097,76927.0, 50.97,2026-04-20
TOP100CASE, EQ, 20-Apr-2026,10.52,10.55,10.58,10.48,10.58,10.55,10.55,1400742,147.78,1501,1028295.0, 73.41,2026-04-20
TOP10ADD, EQ, 20-Apr-2026,90.56,90.95,90.95,90.12,90.87,90.35,90.56,53830,48.75,552,27059.0, 50.27,2026-04-20
TOP15IETF, EQ, 20-Apr-2026,10.03,10.01,10.08,10.01,10.05,10.04,10.05,62858,6.32,189,32141.0, 51.13,2026-04-20
TOP20, EQ, 20-Apr-2026,8.89,8.96,8.96,8.84,8.87,8.89,8.9,127339,11.33,211,82564.0, 64.84,2026-04-20
TORNTPHARM, EQ, 20-Apr-2026,4179.5,4215.0,4215.0,4145.2,4171.0,4191.2,4184.15,296605,12410.41,22703,174908.0, 58.97,2026-04-20
TORNTPOWER, EQ, 20-Apr-2026,1565.0,1564.0,1637.6,1551.8,1604.0,1606.3,1617.65,1442253,23330.65,49152,521556.0, 36.16,2026-04-20
TOTAL, EQ, 20-Apr-2026,58.2,58.2,58.2,56.2,57.5,57.28,57.0,1613,0.92,69,661.0, 40.98,2026-04-20
TOUCHWOOD, EQ, 20-Apr-2026,74.42,73.0,78.88,73.0,74.51,74.58,76.68,1213,0.93,58,729.0, 60.10,2026-04-20
TPHQ, EQ, 20-Apr-2026,0.58,0.6,0.6,0.58,0.58,0.58,0.59,1197514,7.03,468,1053578.0, 87.98,2026-04-20
TPLPLASTEH, EQ, 20-Apr-2026,71.68,70.85,72.05,69.48,70.8,70.81,70.94,200458,142.21,878,53743.0, 26.81,2026-04-20
TRACXN, EQ, 20-Apr-2026,34.85,35.0,35.47,33.28,33.31,33.6,34.07,141360,48.16,1229,70643.0, 49.97,2026-04-20
TRANSPEK, EQ, 20-Apr-2026,7.3,1136.0,1155.0,1136.0,1136.55,1136.82,1138.94,990,11.28,39,987.0, 99.70,2026-04-20
TRANSRAILL, EQ, 20-Apr-2026,581.5,578.0,582.75,564.0,565.4,566.05,573.14,576982,3306.94,20205,262668.0, 45.52,2026-04-20
TRANSTEEL, SM, 20-Apr-2026,140.15,140.0,141.95,137.8,138.95,138.8,139.71,26000,36.32,25,20000.0, 76.92,2026-04-20
TRANSWIND, SM, 20-Apr-2026,17.5,17.5,17.5,17.5,17.5,17.5,17.5,4000,0.7,1,4000.0, 100.00,2026-04-20
TRANSWORLD, EQ, 20-Apr-2026,158.92,160.0,178.0,160.0,166.51,168.87,170.26,162002,275.83,3571,48840.0, 30.15,2026-04-20
TRAVELFOOD, EQ, 20-Apr-2026,1310.9,1310.9,1324.7,1280.1,1281.0,1295.2,1305.63,49447,645.59,5377,11792.0, 23.85,2026-04-20
TREEHOUSE, BE, 20-Apr-2026,8.3,8.39,8.39,8.02,8.11,8.11,8.31,3433,0.29,34,, -,2026-04-20
TREJHARA, EQ, 20-Apr-2026,166.77,162.0,171.59,162.0,166.0,165.22,166.18,45654,75.87,1625,9668.0, 21.18,2026-04-20
TREL, EQ, 20-Apr-2026,28.57,28.05,29.0,27.04,27.14,27.13,27.64,139431,38.54,1005,93100.0, 66.77,2026-04-20
TRENT, EQ, 20-Apr-2026,4107.7,4150.0,4277.0,4127.7,4235.1,4242.8,4222.34,2228155,94080.23,143162,563090.0, 25.27,2026-04-20
TRF, EQ, 20-Apr-2026,269.89,271.5,273.5,264.0,270.05,270.89,269.55,10708,28.86,395,6232.0, 58.20,2026-04-20
TRIDENT, EQ, 20-Apr-2026,26.12,26.12,26.19,25.52,25.65,25.65,25.86,4776578,1235.09,15718,1818149.0, 38.06,2026-04-20
TRIDHYA, SM, 20-Apr-2026,10.1,10.6,10.6,10.5,10.5,10.5,10.56,15000,1.58,5,12000.0, 80.00,2026-04-20
TRIGYN, EQ, 20-Apr-2026,58.06,59.96,59.96,56.15,56.5,57.27,57.8,27751,16.04,484,17391.0, 62.67,2026-04-20
TRITURBINE, EQ, 20-Apr-2026,515.45,518.05,605.95,512.85,564.5,576.2,580.45,62274832,361474.53,740186,3922417.0, 6.30,2026-04-20
TRIVENI, EQ, 20-Apr-2026,392.95,394.8,406.35,386.3,392.5,393.15,397.94,565112,2248.8,17157,168610.0, 29.84,2026-04-20
TROM, SM, 20-Apr-2026,75.15,74.95,75.0,70.0,72.0,71.5,71.9,8400,6.04,14,7200.0, 85.71,2026-04-20
TRU, EQ, 20-Apr-2026,6.11,6.31,6.31,6.1,6.2,6.2,6.24,104053,6.49,194,83744.0, 80.48,2026-04-20
TRUALT, EQ, 20-Apr-2026,444.65,448.6,460.5,443.1,455.0,458.0,454.57,511780,2326.41,9162,306746.0, 59.94,2026-04-20
TRUST, SM, 20-Apr-2026,42.95,41.0,42.8,40.0,40.9,40.9,40.55,10200,4.14,15,9000.0, 88.24,2026-04-20
TSC, SM, 20-Apr-2026,36.25,37.2,37.2,35.5,36.0,36.0,36.36,12000,4.36,6,12000.0, 100.00,2026-04-20
TSFINV, EQ, 20-Apr-2026,405.4,405.4,429.85,397.45,415.0,416.2,417.78,248226,1037.03,9801,127916.0, 51.53,2026-04-20
TTKHLTCARE, EQ, 20-Apr-2026,872.8,870.0,897.95,869.9,889.9,889.0,888.42,4901,43.54,456,2858.0, 58.31,2026-04-20
TTKPRESTIG, EQ, 20-Apr-2026,495.15,495.15,500.0,483.5,493.35,494.6,494.21,83720,413.75,4665,47425.0, 56.65,2026-04-20
TTL, BE, 20-Apr-2026,8.84,9.0,9.0,8.4,8.4,8.43,8.57,58373,5.0,152,, -,2026-04-20
TTML, EQ, 20-Apr-2026,45.68,45.98,45.98,43.74,44.1,44.3,44.35,4079816,1809.25,16908,1387461.0, 34.01,2026-04-20
TUNWAL, SM, 20-Apr-2026,33.65,33.95,33.95,32.55,32.7,32.65,33.15,148000,49.06,48,100000.0, 67.57,2026-04-20
TVSELECT, EQ, 20-Apr-2026,475.15,474.7,474.9,449.2,455.9,455.05,464.95,94122,437.62,3401,36001.0, 38.25,2026-04-20
TVSHLTD, EQ, 20-Apr-2026,14643.0,14526.0,14689.0,14241.0,14450.0,14491.0,14505.14,4395,637.5,1741,2113.0, 48.08,2026-04-20
TVSMOTOR, EQ, 20-Apr-2026,3735.8,3735.8,3782.0,3701.1,3767.0,3761.9,3750.04,724613,27173.26,42544,441064.0, 60.87,2026-04-20
TVSSCS, BE, 20-Apr-2026,115.69,115.69,117.0,112.25,114.2,114.29,114.8,196914,226.06,2180,, -,2026-04-20
TVSSRICHAK, EQ, 20-Apr-2026,3907.7,3937.1,3992.0,3876.4,3940.0,3939.2,3936.74,3005,118.3,797,1423.0, 47.35,2026-04-20
TVTODAY, EQ, 20-Apr-2026,114.92,115.0,117.59,113.76,116.9,116.08,115.12,34761,40.02,781,15558.0, 44.76,2026-04-20
TVVISION, EQ, 20-Apr-2026,5.51,5.64,5.72,5.5,5.51,5.5,5.52,20486,1.13,70,18424.0, 89.93,2026-04-20
TWCGOLDETF, EQ, 20-Apr-2026,150.2,150.47,153.9,148.0,150.39,150.26,150.21,3791,5.69,104,3342.0, 88.16,2026-04-20
UBL, EQ, 20-Apr-2026,1493.6,1493.6,1543.6,1476.2,1515.0,1522.3,1525.38,464632,7087.39,27967,205154.0, 44.15,2026-04-20
UCAL, EQ, 20-Apr-2026,101.7,101.7,105.0,99.05,102.65,102.88,103.05,17204,17.73,272,12532.0, 72.84,2026-04-20
UCL, ST, 20-Apr-2026,104.8,106.85,106.85,106.85,106.85,106.85,106.85,6000,6.41,3,6000.0, 100.00,2026-04-20
UCOBANK, EQ, 20-Apr-2026,26.77,26.77,26.95,26.2,26.2,26.5,26.67,8942298,2385.31,20404,2495054.0, 27.90,2026-04-20
UDS, EQ, 20-Apr-2026,161.33,162.3,162.64,157.63,158.85,159.4,160.17,137441,220.14,2142,65989.0, 48.01,2026-04-20
UEL, EQ, 20-Apr-2026,172.96,183.8,183.8,168.25,168.46,168.72,172.7,35132,60.67,1392,11819.0, 33.64,2026-04-20
UFBL, EQ, 20-Apr-2026,325.5,325.0,327.5,314.99,318.15,321.79,322.51,63374,204.39,1589,43288.0, 68.31,2026-04-20
UFLEX, EQ, 20-Apr-2026,406.15,405.0,407.65,398.0,402.0,402.95,402.97,34015,137.07,1333,18193.0, 53.49,2026-04-20
UFO, EQ, 20-Apr-2026,72.12,72.12,75.0,72.01,74.1,73.74,73.64,112055,82.52,1586,59473.0, 53.07,2026-04-20
UGARSUGAR, EQ, 20-Apr-2026,40.43,40.43,41.15,39.4,39.7,39.82,40.29,326180,131.43,2096,126378.0, 38.74,2026-04-20
UGROCAP, EQ, 20-Apr-2026,114.83,116.55,117.5,110.42,112.8,112.23,113.45,764476,867.32,9907,354253.0, 46.34,2026-04-20
UHTL, SM, 20-Apr-2026,54.85,55.5,55.5,53.55,53.55,53.75,54.24,16000,8.68,7,12000.0, 75.00,2026-04-20
UJJIVANSFB, EQ, 20-Apr-2026,58.73,58.81,59.1,56.66,57.32,57.41,57.68,13762035,7937.53,43627,6162527.0, 44.78,2026-04-20
ULTRACEMCO, EQ, 20-Apr-2026,11886.0,11970.0,12062.0,11816.0,11860.0,11917.0,11897.22,335624,39929.93,37156,195666.0, 58.30,2026-04-20
ULTRAMAR, EQ, 20-Apr-2026,418.95,420.05,428.85,413.0,415.05,419.25,419.56,1367,5.74,75,1091.0, 79.81,2026-04-20
UMA, SM, 20-Apr-2026,18.4,18.4,18.4,18.1,18.1,18.1,18.25,8000,1.46,2,8000.0, 100.00,2026-04-20
UMAEXPORTS, BE, 20-Apr-2026,27.91,27.91,28.5,27.5,27.95,27.74,28.04,8462,2.37,80,, -,2026-04-20
UMESLTD, BE, 20-Apr-2026,6.45,6.55,6.55,6.17,6.33,6.29,6.28,54417,3.41,109,, -,2026-04-20
UMIYA-MRO, EQ, 20-Apr-2026,87.18,88.0,90.45,86.2,86.34,86.36,87.48,9840,8.61,213,6123.0, 62.23,2026-04-20
UNICHEMLAB, EQ, 20-Apr-2026,351.2,351.2,357.3,344.1,346.55,345.45,347.35,12339,42.86,725,6864.0, 55.63,2026-04-20
UNIDT, EQ, 20-Apr-2026,213.59,213.59,213.99,206.0,212.75,209.34,209.71,16362,34.31,632,7473.0, 45.67,2026-04-20
UNIECOM, EQ, 20-Apr-2026,101.78,101.99,102.14,98.98,98.98,99.19,100.41,416097,417.82,3112,201197.0, 48.35,2026-04-20
UNIENTER, EQ, 20-Apr-2026,107.68,107.65,111.01,107.0,109.2,108.33,109.35,7137,7.8,125,4896.0, 68.60,2026-04-20
UNIHEALTH, ST, 20-Apr-2026,485.35,485.0,485.0,461.5,470.0,470.0,467.62,41000,191.72,36,38000.0, 92.68,2026-04-20
UNIINFO, EQ, 20-Apr-2026,13.95,14.25,16.3,13.8,15.25,15.05,15.17,44701,6.78,298,17587.0, 39.34,2026-04-20
UNIMECH, EQ, 20-Apr-2026,968.85,960.0,979.9,941.0,945.0,953.6,962.69,94025,905.17,4593,35798.0, 38.07,2026-04-20
UNIONBANK, EQ, 20-Apr-2026,188.91,189.0,193.2,186.21,188.6,189.29,189.86,14172531,26907.84,68157,4461460.0, 31.48,2026-04-20
UNIONGOLD, EQ, 20-Apr-2026,147.8,148.5,150.8,147.0,147.6,147.7,147.82,2047,3.03,88,1496.0, 73.08,2026-04-20
UNIPARTS, EQ, 20-Apr-2026,517.5,520.0,525.6,505.0,505.25,508.3,514.13,41828,215.05,1797,24778.0, 59.24,2026-04-20
UNITDSPR, EQ, 20-Apr-2026,1302.9,1309.0,1318.5,1294.0,1309.0,1307.7,1308.04,1189368,15557.44,46865,592539.0, 49.82,2026-04-20
UNITECH, EQ, 20-Apr-2026,5.05,5.18,5.18,4.87,4.91,4.9,4.97,6391423,317.34,8630,3520715.0, 55.08,2026-04-20
UNITEDPOLY, EQ, 20-Apr-2026,29.91,30.15,30.3,29.26,29.71,29.46,29.63,125837,37.28,257,15993.0, 12.71,2026-04-20
UNITEDTEA, EQ, 20-Apr-2026,551.95,554.0,557.4,540.6,543.3,543.9,545.86,706,3.85,106,416.0, 58.92,2026-04-20
UNIVAFOODS, BE, 20-Apr-2026,8.6,8.23,8.6,8.17,8.2,8.2,8.29,27100,2.25,12,, -,2026-04-20
UNIVASTU, EQ, 20-Apr-2026,69.11,68.01,70.76,67.8,69.0,68.9,69.43,108065,75.03,1520,74087.0, 68.56,2026-04-20
UNIVCABLES, EQ, 20-Apr-2026,841.2,847.95,885.45,823.3,824.1,830.7,850.04,123290,1048.02,5757,55759.0, 45.23,2026-04-20
UNIVPHOTO, BE, 20-Apr-2026,385.1,375.85,404.35,366.1,404.35,404.2,393.97,10824,42.64,191,, -,2026-04-20
UNOMINDA, EQ, 20-Apr-2026,1097.8,1097.8,1136.0,1071.2,1120.0,1129.4,1120.88,1976127,22150.03,60258,1100177.0, 55.67,2026-04-20
UPL, EQ, 20-Apr-2026,664.7,664.7,670.65,653.65,655.95,656.65,661.81,1301749,8615.09,33066,684980.0, 52.62,2026-04-20
URAVIDEF, BE, 20-Apr-2026,146.07,149.5,149.72,143.2,143.2,144.11,145.59,2619,3.81,116,, -,2026-04-20
URBAN, SM, 20-Apr-2026,139.3,138.95,144.0,138.95,140.3,141.1,141.65,22400,31.73,28,17600.0, 78.57,2026-04-20
URBANCO, EQ, 20-Apr-2026,133.61,135.55,138.96,130.61,134.0,134.34,135.62,7703021,10446.62,52367,2488809.0, 32.31,2026-04-20
URJA, EQ, 20-Apr-2026,10.95,10.95,11.0,10.55,10.62,10.6,10.75,1861417,200.03,3582,847325.0, 45.52,2026-04-20
USASEEDS, SM, 20-Apr-2026,109.0,109.0,109.0,109.0,109.0,109.0,109.0,428,0.47,1,428.0, 100.00,2026-04-20
USHAFIN, SM, 20-Apr-2026,34.05,34.6,34.6,33.4,33.4,33.4,34.0,3200,1.09,2,3200.0, 100.00,2026-04-20
USHAMART, EQ, 20-Apr-2026,448.8,451.35,454.65,443.1,444.0,445.25,448.11,266654,1194.9,8251,140715.0, 52.77,2026-04-20
USK, BE, 20-Apr-2026,25.45,25.39,25.39,24.61,24.72,24.76,25.12,14234,3.58,75,, -,2026-04-20
UTIAMC, EQ, 20-Apr-2026,1034.8,1048.0,1048.0,1018.1,1031.0,1032.3,1035.58,217224,2249.53,13960,122473.0, 56.38,2026-04-20
UTKARSHBNK, EQ, 20-Apr-2026,13.79,13.9,14.0,13.48,13.55,13.56,13.75,5884744,809.34,11522,2778761.0, 47.22,2026-04-20
UTLSOLAR, EQ, 20-Apr-2026,258.92,258.0,264.6,257.22,262.0,261.99,261.94,700601,1835.19,9906,425774.0, 60.77,2026-04-20
UTSSAV, SM, 20-Apr-2026,238.3,238.3,247.0,237.0,247.0,244.2,242.65,218400,529.94,179,143400.0, 65.66,2026-04-20
UTTAMSUGAR, EQ, 20-Apr-2026,247.33,248.0,251.78,242.0,243.4,243.98,246.62,164629,406.01,3050,53762.0, 32.66,2026-04-20
UYFINCORP, EQ, 20-Apr-2026,14.4,14.65,14.79,13.76,14.3,14.31,14.57,157360,22.92,257,121295.0, 77.08,2026-04-20
V2RETAIL, EQ, 20-Apr-2026,193.44,193.44,195.55,189.13,190.97,191.61,192.77,1724698,3324.67,17719,985400.0, 57.13,2026-04-20
VADILALIND, EQ, 20-Apr-2026,4587.6,4598.6,4639.0,4502.1,4530.0,4551.6,4570.0,17202,786.13,2471,6174.0, 35.89,2026-04-20
VAIBHAVGBL, EQ, 20-Apr-2026,223.7,223.5,224.65,218.44,218.96,219.92,221.75,245250,543.84,5665,106615.0, 43.47,2026-04-20
VAISHALI, EQ, 20-Apr-2026,7.71,7.88,7.95,7.51,7.7,7.75,7.8,352633,27.49,890,238296.0, 67.58,2026-04-20
VAKRANGEE, EQ, 20-Apr-2026,7.37,7.56,7.56,6.99,7.11,7.1,7.14,3230912,230.53,3529,2087786.0, 64.62,2026-04-20
VAL30IETF, EQ, 20-Apr-2026,15.98,16.02,16.2,15.82,15.96,16.07,16.06,1256478,201.73,908,934544.0, 74.38,2026-04-20
VALIANTLAB, EQ, 20-Apr-2026,68.39,68.39,68.79,66.35,66.35,66.45,67.08,72199,48.43,478,58989.0, 81.70,2026-04-20
VALIANTORG, EQ, 20-Apr-2026,284.23,284.23,284.29,268.15,271.0,270.59,276.98,41243,114.24,1250,26279.0, 63.72,2026-04-20
VALUE, EQ, 20-Apr-2026,16.94,16.6,17.67,16.45,16.64,16.72,16.65,98141,16.34,212,58119.0, 59.22,2026-04-20
VARDHACRLC, EQ, 20-Apr-2026,36.95,36.95,36.95,34.7,35.41,35.44,35.77,27317,9.77,370,22297.0, 81.62,2026-04-20
VARDMNPOLY, BE, 20-Apr-2026,7.8,7.89,8.0,7.5,7.68,7.56,7.67,204890,15.73,272,, -,2026-04-20
VARROC, EQ, 20-Apr-2026,539.2,539.0,539.0,524.0,524.0,526.15,529.85,46921,248.61,3466,23838.0, 50.80,2026-04-20
VASCONEQ, EQ, 20-Apr-2026,38.73,38.74,39.24,37.63,37.66,37.78,38.33,942258,361.2,4239,367870.0, 39.04,2026-04-20
VASWANI, EQ, 20-Apr-2026,60.96,61.01,61.46,58.01,58.74,58.22,59.02,44432,26.23,741,26029.0, 58.58,2026-04-20
VBL, EQ, 20-Apr-2026,473.9,476.4,476.95,464.3,466.9,466.55,470.07,6027104,28331.8,70750,3590870.0, 59.58,2026-04-20
VCL, EQ, 20-Apr-2026,1.83,1.79,1.8,1.74,1.74,1.74,1.76,433151,7.61,290,371489.0, 85.76,2026-04-20
VDEAL, SM, 20-Apr-2026,193.0,193.0,193.0,180.0,180.0,180.0,186.5,1200,2.24,2,1200.0, 100.00,2026-04-20
VEDL, EQ, 20-Apr-2026,787.5,782.95,782.95,768.15,770.0,771.0,775.67,10554185,81865.23,149693,5450071.0, 51.64,2026-04-20
VEEDOL, EQ, 20-Apr-2026,1442.0,1425.0,1440.9,1421.0,1422.2,1423.2,1431.34,8418,120.49,1048,5288.0, 62.82,2026-04-20
VEEKAYEM, SM, 20-Apr-2026,137.55,134.8,134.8,134.8,134.8,134.8,134.8,1000,1.35,2,1000.0, 100.00,2026-04-20
VELJAN, EQ, 20-Apr-2026,991.55,982.5,991.0,960.0,990.0,990.7,985.29,83,0.82,9,83.0, 100.00,2026-04-20
VENKEYS, EQ, 20-Apr-2026,1590.0,1590.0,1620.4,1553.2,1578.0,1583.3,1593.45,50236,800.49,4515,17379.0, 34.59,2026-04-20
VENTIVE, EQ, 20-Apr-2026,617.55,615.0,615.95,605.05,605.25,606.95,610.11,17780,108.48,1171,11651.0, 65.53,2026-04-20
VENUSPIPES, EQ, 20-Apr-2026,1289.8,1300.5,1320.95,1260.0,1301.45,1311.4,1300.51,93285,1213.19,4481,54131.0, 58.03,2026-04-20
VENUSREM, EQ, 20-Apr-2026,1039.85,1030.0,1078.0,1011.35,1023.0,1022.85,1043.2,55585,579.86,2774,26354.0, 47.41,2026-04-20
VERANDA, EQ, 20-Apr-2026,158.3,156.72,158.25,153.27,154.3,154.97,155.5,121282,188.59,2678,69951.0, 57.68,2026-04-20
VERTEXPLUS, SM, 20-Apr-2026,85.65,89.9,89.9,89.0,89.0,89.0,89.6,1800,1.61,3,1800.0, 100.00,2026-04-20
VERTIS, IV, 20-Apr-2026,108.5,108.0,108.0,108.0,108.0,108.0,108.0,50000,54.0,2,50000.0, 100.00,2026-04-20
VERTOZ, EQ, 20-Apr-2026,52.91,56.0,56.0,52.0,52.62,53.21,53.27,125744,66.99,899,80621.0, 64.12,2026-04-20
VESUVIUS, EQ, 20-Apr-2026,499.6,505.0,511.0,493.0,495.0,498.3,502.1,187191,939.89,13093,98928.0, 52.85,2026-04-20
VETO, EQ, 20-Apr-2026,107.58,108.99,108.99,106.01,107.0,107.29,107.09,31485,33.72,649,18978.0, 60.28,2026-04-20
VGINFOTECH, SM, 20-Apr-2026,153.5,153.0,154.2,148.0,148.0,148.0,151.06,15000,22.66,14,11000.0, 73.33,2026-04-20
VGL, EQ, 20-Apr-2026,63.09,63.4,63.4,60.52,61.0,61.09,61.25,100638,61.64,527,72408.0, 71.95,2026-04-20
VGUARD, EQ, 20-Apr-2026,328.85,328.85,334.0,321.55,330.05,330.75,330.01,289600,955.7,12796,133000.0, 45.93,2026-04-20
VHL, EQ, 20-Apr-2026,3346.7,3339.0,3425.0,3300.0,3360.0,3361.0,3349.4,628,21.03,159,438.0, 69.75,2026-04-20
VHLTD, BE, 20-Apr-2026,138.0,139.99,144.9,136.99,140.0,140.77,138.58,18028,24.98,109,, -,2026-04-20
VIAZ, SM, 20-Apr-2026,60.5,60.5,60.5,60.5,60.5,60.5,60.5,8000,4.84,2,8000.0, 100.00,2026-04-20
VICTORYEV, SM, 20-Apr-2026,17.6,17.6,18.25,17.6,17.9,17.75,17.77,21000,3.73,7,18000.0, 85.71,2026-04-20
VIDHIING, EQ, 20-Apr-2026,315.9,325.0,325.0,310.15,318.5,320.1,318.21,4423,14.07,189,2871.0, 64.91,2026-04-20
VIDYAWIRES, EQ, 20-Apr-2026,69.63,69.76,74.84,66.27,73.2,73.65,72.17,6021070,4345.19,23637,1909641.0, 31.72,2026-04-20
VIESL, SM, 20-Apr-2026,280.9,281.0,281.0,273.05,275.75,275.75,275.97,16000,44.15,20,12800.0, 80.00,2026-04-20
VIGOR, SM, 20-Apr-2026,56.65,57.7,57.7,57.7,57.7,57.7,57.7,3200,1.85,2,3200.0, 100.00,2026-04-20
VIJAYA, EQ, 20-Apr-2026,1022.55,1030.0,1034.95,997.8,1023.5,1023.4,1015.78,144641,1469.23,11696,83273.0, 57.57,2026-04-20
VIJAYPD, ST, 20-Apr-2026,70.75,73.5,74.25,73.5,74.25,74.25,74.17,36000,26.7,8,36000.0, 100.00,2026-04-20
VIJIFIN, BE, 20-Apr-2026,3.28,3.16,3.38,3.16,3.27,3.34,3.33,247924,8.26,231,, -,2026-04-20
VIKASECO, BE, 20-Apr-2026,1.44,1.44,1.45,1.4,1.43,1.43,1.43,1307863,18.74,1223,, -,2026-04-20
VIKASLIFE, BE, 20-Apr-2026,1.69,1.7,1.7,1.61,1.64,1.64,1.66,2306879,38.2,2045,, -,2026-04-20
VIKRAMSOLR, EQ, 20-Apr-2026,228.56,229.0,232.5,224.58,225.7,225.61,228.48,2154287,4922.15,19197,932531.0, 43.29,2026-04-20
VIKRAN, EQ, 20-Apr-2026,70.13,70.0,70.0,67.5,68.3,68.09,68.71,1282482,881.13,7312,539623.0, 42.08,2026-04-20
VILAS, SM, 20-Apr-2026,443.2,448.0,454.9,436.15,443.95,442.95,447.34,36500,163.28,117,29000.0, 79.45,2026-04-20
VILINBIO, ST, 20-Apr-2026,37.3,36.6,37.0,36.6,37.0,37.0,36.93,24000,8.86,5,24000.0, 100.00,2026-04-20
VIMTALABS, EQ, 20-Apr-2026,478.25,480.95,489.9,472.5,481.15,482.45,482.31,228896,1103.99,7976,100699.0, 43.99,2026-04-20
VINATIORGA, EQ, 20-Apr-2026,1291.5,1295.0,1295.9,1268.0,1276.9,1274.5,1277.25,146859,1875.76,15368,79954.0, 54.44,2026-04-20
VINCOFE, EQ, 20-Apr-2026,141.76,142.0,142.5,138.5,140.5,139.59,141.08,1279249,1804.73,4380,233350.0, 18.24,2026-04-20
VINDHYATEL, EQ, 20-Apr-2026,1370.4,1380.0,1404.0,1331.0,1331.0,1340.6,1365.31,23696,323.52,2889,12415.0, 52.39,2026-04-20
VINEETLAB, EQ, 20-Apr-2026,35.04,35.04,37.38,34.62,36.1,36.21,36.18,260446,94.24,1900,167030.0, 64.13,2026-04-20
VINNY, EQ, 20-Apr-2026,1.21,1.21,1.23,1.16,1.19,1.18,1.19,274204,3.26,241,207154.0, 75.55,2026-04-20
VINSYS, SM, 20-Apr-2026,319.05,315.0,330.75,307.0,316.05,317.9,320.98,55750,178.94,176,16250.0, 29.15,2026-04-20
VINYAS, SM, 20-Apr-2026,1108.25,1109.0,1157.0,1109.0,1122.0,1122.65,1140.46,4600,52.46,38,4000.0, 86.96,2026-04-20
VINYLINDIA, EQ, 20-Apr-2026,281.59,278.02,281.97,269.0,271.0,273.19,277.49,40924,113.56,2459,11731.0, 28.67,2026-04-20
VIPCLOTHNG, EQ, 20-Apr-2026,23.01,22.51,23.25,22.45,22.71,22.75,22.87,115204,26.35,493,61402.0, 53.30,2026-04-20
VIPIND, EQ, 20-Apr-2026,320.3,320.3,325.0,313.3,318.95,320.75,320.08,373877,1196.69,7850,168755.0, 45.14,2026-04-20
VIPULLTD, BE, 20-Apr-2026,10.59,10.84,10.94,10.27,10.55,10.49,10.57,117848,12.46,188,, -,2026-04-20
VIRINCHI, BE, 20-Apr-2026,18.84,18.25,19.39,18.25,18.4,18.39,18.58,36745,6.83,147,, -,2026-04-20
VISAKAIND, EQ, 20-Apr-2026,65.33,65.0,65.8,64.5,65.0,65.05,65.24,36723,23.96,683,23488.0, 63.96,2026-04-20
VISASTEEL, EQ, 20-Apr-2026,35.32,37.08,37.08,34.16,35.21,35.34,36.4,82825,30.15,417,51788.0, 62.53,2026-04-20
VISHNU, EQ, 20-Apr-2026,580.95,585.6,593.95,563.15,572.15,570.4,576.3,151055,870.54,8364,76171.0, 50.43,2026-04-20
VISHNUINFR, SM, 20-Apr-2026,171.15,167.0,170.0,167.0,167.0,167.15,168.38,5500,9.26,8,5500.0, 100.00,2026-04-20
VISHWARAJ, BE, 20-Apr-2026,6.28,6.4,6.4,6.12,6.28,6.21,6.21,284681,17.69,375,, -,2026-04-20
VISHWAS, SM, 20-Apr-2026,40.9,41.0,41.0,41.0,41.0,41.0,41.0,1600,0.66,1,1600.0, 100.00,2026-04-20
VITAL, BE, 20-Apr-2026,65.04,65.04,65.04,62.1,62.1,62.1,63.28,13072,8.27,64,, -,2026-04-20
VIVIANA, SM, 20-Apr-2026,820.7,840.0,940.0,819.0,893.0,905.65,883.29,79200,699.57,315,60600.0, 76.52,2026-04-20
VIVIDEL, ST, 20-Apr-2026,645.0,645.0,677.0,635.0,672.0,674.0,664.7,25920,172.29,85,21600.0, 83.33,2026-04-20
VIVIDHA, EQ, 20-Apr-2026,0.61,0.63,0.63,0.6,0.61,0.6,0.61,567242,3.47,239,342351.0, 60.35,2026-04-20
VIVIMEDLAB, BE, 20-Apr-2026,7.75,7.81,8.1,7.37,7.65,7.63,7.67,142113,10.91,274,, -,2026-04-20
VIYASH, EQ, 20-Apr-2026,208.25,208.0,210.29,206.05,207.0,207.31,207.62,575868,1195.61,8538,355783.0, 61.78,2026-04-20
VLEGOV, BE, 20-Apr-2026,16.35,16.35,16.35,15.54,16.24,16.15,16.01,431533,69.09,4351,, -,2026-04-20
VLINFRA, SM, 20-Apr-2026,23.0,23.0,23.65,22.75,23.5,23.5,23.15,9000,2.08,6,7500.0, 83.33,2026-04-20
VLSFINANCE, EQ, 20-Apr-2026,239.44,243.0,243.5,237.0,237.2,237.92,239.07,10594,25.33,682,5566.0, 52.54,2026-04-20
VMARCIND, SM, 20-Apr-2026,845.2,855.0,922.8,830.0,910.0,906.75,889.26,57250,509.1,204,34750.0, 60.70,2026-04-20
VMART, EQ, 20-Apr-2026,614.25,617.0,655.1,608.6,639.0,640.0,641.81,2238707,14368.34,44914,435629.0, 19.46,2026-04-20
VMM, EQ, 20-Apr-2026,118.95,119.85,120.25,117.6,118.91,118.61,118.64,11543591,13695.76,48221,5890414.0, 51.03,2026-04-20
VMSTMT, EQ, 20-Apr-2026,47.17,47.56,47.79,46.5,46.5,46.54,46.82,72862,34.11,582,46674.0, 64.06,2026-04-20
VOLERCAR, SM, 20-Apr-2026,262.55,264.0,265.0,259.1,259.1,259.1,263.7,10400,27.43,13,8800.0, 84.62,2026-04-20
VOLTAMP, EQ, 20-Apr-2026,10145.0,10205.0,10599.5,10188.0,10280.0,10307.0,10418.91,121196,12627.3,34700,74374.0, 61.37,2026-04-20
VOLTAS, EQ, 20-Apr-2026,1440.1,1447.0,1476.5,1429.9,1434.6,1438.0,1453.86,1789507,26016.89,40665,811854.0, 45.37,2026-04-20
VPRPL, EQ, 20-Apr-2026,43.84,44.19,44.19,41.6,41.99,42.01,42.58,612141,260.63,3145,374927.0, 61.25,2026-04-20
VRAJ, EQ, 20-Apr-2026,130.36,132.0,132.01,128.0,129.5,129.2,130.17,16322,21.25,442,9922.0, 60.79,2026-04-20
VRLLOG, EQ, 20-Apr-2026,261.59,263.0,263.88,259.06,262.7,260.95,261.61,76655,200.54,4255,35166.0, 45.88,2026-04-20
VSSL, EQ, 20-Apr-2026,256.64,258.0,258.0,251.2,255.12,255.52,254.58,31358,79.83,656,18596.0, 59.30,2026-04-20
VSTIND, EQ, 20-Apr-2026,264.83,268.5,268.59,263.0,263.2,264.05,265.26,1281264,3398.7,13869,441096.0, 34.43,2026-04-20
VSTL, EQ, 20-Apr-2026,135.18,135.18,135.7,127.25,127.61,128.11,131.22,19814,26.0,615,11571.0, 58.40,2026-04-20
VSTTILLERS, EQ, 20-Apr-2026,5274.0,5274.0,5357.3,5190.0,5250.0,5269.3,5292.87,22920,1213.13,3616,7136.0, 31.13,2026-04-20
VTL, EQ, 20-Apr-2026,557.6,557.65,602.6,546.35,550.0,549.9,562.21,3765444,21169.66,101257,1546607.0, 41.07,2026-04-20
WAAREEENER, EQ, 20-Apr-2026,3466.2,3495.0,3520.0,3432.3,3482.0,3489.1,3485.85,1553640,54157.57,53740,567126.0, 36.50,2026-04-20
WAAREEINDO, EQ, 20-Apr-2026,515.1,534.0,540.85,528.0,540.85,540.85,538.87,330070,1778.66,2193,128050.0, 38.79,2026-04-20
WAAREERTL, EQ, 20-Apr-2026,1116.1,1130.05,1149.0,1071.0,1078.0,1085.7,1114.14,2382235,26541.53,86606,485459.0, 20.38,2026-04-20
WABAG, EQ, 20-Apr-2026,1389.5,1400.0,1449.0,1382.4,1418.6,1423.3,1422.35,587901,8362.03,23580,280619.0, 47.73,2026-04-20
WAKEFIT, EQ, 20-Apr-2026,148.64,149.76,149.83,146.01,146.01,146.94,148.11,120650,178.69,2041,54912.0, 45.51,2026-04-20
WALCHANNAG, EQ, 20-Apr-2026,192.89,194.9,196.89,188.5,188.65,189.83,192.91,1130180,2180.22,11781,427853.0, 37.86,2026-04-20
WALPAR, SM, 20-Apr-2026,40.8,38.8,38.8,38.8,38.8,38.8,38.8,4000,1.55,2,4000.0, 100.00,2026-04-20
WANBURY, BE, 20-Apr-2026,259.7,261.99,269.0,256.0,263.3,261.84,263.19,39082,102.86,372,, -,2026-04-20
WCIL, EQ, 20-Apr-2026,101.99,102.0,102.8,99.57,101.8,101.79,101.42,77641,78.74,1016,39967.0, 51.48,2026-04-20
WEALTH, EQ, 20-Apr-2026,946.7,960.0,994.95,922.0,922.0,927.95,940.06,2798,26.3,327,1757.0, 62.79,2026-04-20
WEBELSOLAR, EQ, 20-Apr-2026,91.37,93.3,93.34,88.0,88.7,88.56,89.99,4103646,3692.95,16479,1792344.0, 43.68,2026-04-20
WEIZMANIND, EQ, 20-Apr-2026,83.99,83.3,86.81,81.15,82.0,81.87,83.12,3140,2.61,90,2142.0, 68.22,2026-04-20
WEL, EQ, 20-Apr-2026,93.11,93.21,96.0,92.0,94.0,94.76,94.14,991226,933.19,4507,539308.0, 54.41,2026-04-20
WELCORP, EQ, 20-Apr-2026,1077.15,1077.0,1095.0,1064.55,1077.1,1076.65,1079.63,595323,6427.29,30214,294091.0, 49.40,2026-04-20
WELENT, EQ, 20-Apr-2026,483.8,488.0,493.4,471.2,480.15,482.0,483.15,170335,822.98,6576,93547.0, 54.92,2026-04-20
WELINV, EQ, 20-Apr-2026,1329.5,1440.0,1440.0,1300.6,1302.0,1303.8,1325.22,172,2.28,22,145.0, 84.30,2026-04-20
WELSPLSOL, EQ, 20-Apr-2026,37.25,36.55,38.45,36.0,36.8,37.05,37.36,94689,35.38,749,74415.0, 78.59,2026-04-20
WELSPUNLIV, EQ, 20-Apr-2026,125.42,126.1,127.9,124.0,127.0,126.91,126.19,1350184,1703.8,12048,577339.0, 42.76,2026-04-20
WENDT, EQ, 20-Apr-2026,7100.0,7178.5,7181.0,6990.0,7089.0,7082.0,7088.97,4806,340.7,1228,2647.0, 55.08,2026-04-20
WESTLIFE, EQ, 20-Apr-2026,464.35,470.0,470.0,454.75,458.5,457.1,458.75,43339,198.82,4471,24984.0, 57.65,2026-04-20
WEWIN, EQ, 20-Apr-2026,58.73,59.02,62.8,55.2,55.25,55.62,59.13,50677,29.97,579,19784.0, 39.04,2026-04-20
WEWORK, EQ, 20-Apr-2026,539.6,539.95,550.0,529.3,545.0,545.0,542.34,110618,599.93,13168,47442.0, 42.89,2026-04-20
WHEELS, EQ, 20-Apr-2026,1067.05,1068.0,1087.5,1041.0,1065.1,1074.35,1070.93,102711,1099.96,6871,47729.0, 46.47,2026-04-20
WHIRLPOOL, EQ, 20-Apr-2026,889.8,890.0,934.8,878.45,921.9,925.6,920.97,1131243,10418.44,46603,474469.0, 41.94,2026-04-20
WHITEFORCE, SM, 20-Apr-2026,37.0,37.1,37.1,36.95,36.95,36.95,37.03,3200,1.18,2,3200.0, 100.00,2026-04-20
WILLAMAGOR, EQ, 20-Apr-2026,28.54,28.4,29.01,28.01,28.8,28.07,28.47,369,0.11,27,357.0, 96.75,2026-04-20
WIMPLAST, EQ, 20-Apr-2026,30.75,420.0,420.0,380.0,388.0,385.26,386.75,1313,5.08,84,1161.0, 88.42,2026-04-20
WINDLAS, EQ, 20-Apr-2026,866.75,873.0,881.9,865.0,874.15,876.2,874.54,50183,438.87,4263,26087.0, 51.98,2026-04-20
WINDMACHIN, EQ, 20-Apr-2026,305.99,305.96,305.96,294.0,296.89,294.67,298.13,58825,175.37,1160,35850.0, 60.94,2026-04-20
WINNY, SM, 20-Apr-2026,47.15,47.2,49.5,47.2,49.5,49.5,48.35,1000,0.48,2,1000.0, 100.00,2026-04-20
WINSOL, SM, 20-Apr-2026,130.05,129.95,134.7,129.95,131.5,131.5,132.28,6400,8.47,15,5600.0, 87.50,2026-04-20
WINSOME, BZ, 20-Apr-2026,1.74,1.77,1.77,1.77,1.77,1.77,1.77,600,0.01,2,, -,2026-04-20
WIPL, EQ, 20-Apr-2026,155.63,152.11,155.99,152.11,155.99,155.99,154.24,407,0.63,25,265.0, 65.11,2026-04-20
WIPRO, EQ, 20-Apr-2026,204.32,204.5,205.2,202.0,202.4,202.48,203.2,27927164,56747.77,172473,16122460.0, 57.73,2026-04-20
WOCKPHARMA, EQ, 20-Apr-2026,1395.3,1395.3,1426.5,1372.0,1404.3,1403.5,1400.21,700682,9811.02,31858,273404.0, 39.02,2026-04-20
WOL3D, SM, 20-Apr-2026,163.0,162.0,167.9,162.0,167.9,166.25,165.83,8000,13.27,6,8000.0, 100.00,2026-04-20
WOMANCART, SM, 20-Apr-2026,180.5,180.0,183.0,177.0,178.0,177.5,179.94,8000,14.39,19,6800.0, 85.00,2026-04-20
WONDERLA, EQ, 20-Apr-2026,550.3,552.45,552.45,527.4,527.4,529.45,532.41,116685,621.24,9090,70977.0, 60.83,2026-04-20
WORTHPERI, EQ, 20-Apr-2026,139.99,140.04,141.99,138.5,140.5,139.09,139.17,4001,5.57,53,3775.0, 94.35,2026-04-20
WPIL, EQ, 20-Apr-2026,414.65,417.05,435.0,399.0,424.0,428.4,423.55,62001,262.61,1890,38894.0, 62.73,2026-04-20
WSI, EQ, 20-Apr-2026,74.34,75.9,75.9,73.2,74.28,73.82,74.0,52080,38.54,682,32995.0, 63.35,2026-04-20
WSTCSTPAPR, EQ, 20-Apr-2026,495.05,495.5,499.5,473.15,475.0,478.65,485.99,90209,438.4,3561,46475.0, 51.52,2026-04-20
WTICAB, SM, 20-Apr-2026,101.55,102.0,103.7,101.0,101.0,101.4,101.81,20500,20.87,25,14500.0, 70.73,2026-04-20
XCHANGING, EQ, 20-Apr-2026,65.69,66.3,66.3,64.1,65.38,64.48,64.76,88229,57.14,1387,53486.0, 60.62,2026-04-20
XELPMOC, EQ, 20-Apr-2026,108.14,108.14,109.82,105.5,107.0,106.04,106.91,4426,4.73,121,2774.0, 62.68,2026-04-20
XPROINDIA, EQ, 20-Apr-2026,1071.2,1079.2,1079.2,1047.0,1064.0,1052.6,1056.81,22150,234.08,1574,13587.0, 61.34,2026-04-20
XTGLOBAL, EQ, 20-Apr-2026,33.65,33.99,34.68,32.1,32.1,32.41,33.37,70267,23.45,1116,32957.0, 46.90,2026-04-20
YAAP, SM, 20-Apr-2026,159.0,168.0,168.8,161.0,165.0,165.0,165.77,24000,39.79,22,18000.0, 75.00,2026-04-20
YASHO, EQ, 20-Apr-2026,1533.2,1533.1,1546.0,1467.6,1475.0,1484.2,1509.88,6520,98.44,1408,3195.0, 49.00,2026-04-20
YASHOPTICS, SM, 20-Apr-2026,120.0,119.0,120.0,117.0,120.0,119.3,119.03,12000,14.28,15,12000.0, 100.00,2026-04-20
YATHARTH, EQ, 20-Apr-2026,755.75,758.0,758.0,736.4,741.5,743.75,745.5,310652,2315.92,13958,158659.0, 51.07,2026-04-20
YATRA, EQ, 20-Apr-2026,123.38,123.38,124.0,117.55,118.06,119.21,120.13,1400589,1682.59,10604,365585.0, 26.10,2026-04-20
YESBANK, EQ, 20-Apr-2026,20.19,20.64,20.71,19.79,19.83,19.84,20.18,379799755,76638.5,199823,148898674.0, 39.20,2026-04-20
YUDIZ, ST, 20-Apr-2026,29.35,28.1,28.1,27.9,27.9,27.9,28.0,1600,0.45,2,1600.0, 100.00,2026-04-20
YUKEN, EQ, 20-Apr-2026,751.25,761.05,769.0,742.5,742.5,743.25,750.26,3708,27.82,247,2013.0, 54.29,2026-04-20
ZAGGLE, EQ, 20-Apr-2026,260.88,260.5,260.5,251.13,253.0,253.83,254.96,829886,2115.87,11133,350406.0, 42.22,2026-04-20
ZEAL, SM, 20-Apr-2026,86.05,85.0,85.0,75.5,79.0,79.0,79.17,9600,7.6,16,4200.0, 43.75,2026-04-20
ZEEL, EQ, 20-Apr-2026,81.04,81.3,89.19,80.35,86.55,87.6,86.2,71633339,61750.72,170635,17690689.0, 24.70,2026-04-20
ZEELEARN, EQ, 20-Apr-2026,4.89,4.94,4.94,4.86,4.92,4.89,4.9,817922,40.05,738,556201.0, 68.00,2026-04-20
ZEEMEDIA, BE, 20-Apr-2026,8.14,8.35,8.36,8.0,8.24,8.24,8.15,795133,64.82,926,, -,2026-04-20
ZENITHDRUG, SM, 20-Apr-2026,44.15,43.3,43.3,43.3,43.3,43.3,43.3,800,0.35,1,800.0, 100.00,2026-04-20
ZENITHEXPO, EQ, 20-Apr-2026,217.81,217.81,220.0,206.1,216.5,216.69,215.03,228,0.49,24,194.0, 85.09,2026-04-20
ZENITHSTL, EQ, 20-Apr-2026,7.11,7.39,7.39,7.05,7.1,7.07,7.21,210009,15.14,451,171884.0, 81.85,2026-04-20
ZENSARTECH, EQ, 20-Apr-2026,602.65,600.95,603.0,583.1,593.65,594.55,595.39,390136,2322.83,18882,164397.0, 42.14,2026-04-20
ZENTEC, EQ, 20-Apr-2026,1616.5,1635.0,1690.0,1612.5,1640.0,1643.9,1651.67,2474125,40864.47,123915,563493.0, 22.78,2026-04-20
ZFCVINDIA, EQ, 20-Apr-2026,14500.0,14633.0,15462.0,14419.0,15000.0,15032.0,15050.98,51157,7699.63,13466,25005.0, 48.88,2026-04-20
ZIMLAB, EQ, 20-Apr-2026,79.34,80.93,80.93,77.22,79.0,79.71,79.11,77367,61.21,1893,33547.0, 43.36,2026-04-20
ZODIAC, EQ, 20-Apr-2026,300.55,297.17,300.55,292.02,296.75,296.11,296.11,30812,91.24,929,14659.0, 47.58,2026-04-20
ZODIACLOTH, EQ, 20-Apr-2026,80.35,83.9,83.9,80.0,80.5,81.0,81.76,14925,12.2,280,9212.0, 61.72,2026-04-20
ZOTA, EQ, 20-Apr-2026,1318.9,1328.9,1328.9,1290.0,1290.5,1294.0,1307.22,24438,319.46,2726,12979.0, 53.11,2026-04-20
ZSARACOM, EQ, 20-Apr-2026,9998.0,9499.95,9849.05,9499.95,9809.0,9809.5,9806.46,26,2.55,16,21.0, 80.77,2026-04-20
ZTECH, SM, 20-Apr-2026,560.05,548.0,572.0,548.0,570.0,566.9,559.58,29400,164.52,36,15300.0, 52.04,2026-04-20
ZUARI, EQ, 20-Apr-2026,229.7,230.0,231.5,224.0,225.0,226.58,227.06,127756,290.08,2550,61698.0, 48.29,2026-04-20
ZUARIIND, EQ, 20-Apr-2026,271.83,273.0,273.1,265.0,266.9,266.82,267.26,29857,79.8,1010,14983.0, 50.18,2026-04-20
ZYDUSLIFE, EQ, 20-Apr-2026,943.95,945.0,949.1,932.0,935.0,936.5,940.1,459049,4315.53,28216,226832.0, 49.41,2026-04-20
ZYDUSWELL, EQ, 20-Apr-2026,499.25,503.85,503.85,491.0,498.0,499.45,498.36,390666,1946.94,16869,137215.0, 35.12,2026-04-20
