SYMBOL,SERIES,DATE1,PREV_CLOSE,OPEN_PRICE,HIGH_PRICE,LOW_PRICE,LAST_PRICE,CLOSE_PRICE,AVG_PRICE,TTL_TRD_QNTY,TURNOVER_LACS,NO_OF_TRADES,DELIV_QTY,DELIV_PER,DATE
1018GS2026, GS, 28-Apr-2026,102.49,103.8,103.94,101.8,103.94,103.94,103.67,269,0.28,6,269.0, 100.00,2026-04-28
20MICRONS, EQ, 28-Apr-2026,178.45,178.63,180.2,177.26,178.5,178.37,178.92,35899,64.23,891,18628.0, 51.89,2026-04-28
21STCENMGM, EQ, 28-Apr-2026,36.45,37.14,37.14,35.73,35.73,36.02,36.03,6703,2.41,72,5951.0, 88.78,2026-04-28
360ONE, EQ, 28-Apr-2026,1042.05,1041.0,1049.5,1030.05,1040.55,1038.95,1039.25,645825,6711.72,26139,209943.0, 32.51,2026-04-28
3BBLACKBIO, EQ, 28-Apr-2026,1298.85,1312.55,1323.4,1301.0,1305.0,1310.6,1311.97,2074,27.21,287,1524.0, 73.48,2026-04-28
3IINFOLTD, EQ, 28-Apr-2026,17.73,17.69,17.85,17.58,17.7,17.74,17.7,294382,52.1,804,196552.0, 66.77,2026-04-28
3MINDIA, EQ, 28-Apr-2026,33630.0,33600.0,33880.0,33000.0,33450.0,33260.0,33305.49,4763,1586.34,2774,2572.0, 54.00,2026-04-28
3PLAND, EQ, 28-Apr-2026,35.99,35.7,36.45,35.05,36.0,35.99,35.82,4668,1.67,157,3237.0, 69.34,2026-04-28
574GS2026, GS, 28-Apr-2026,103.4,102.89,103.9,101.84,101.85,101.85,102.87,1024,1.05,9,507.0, 49.51,2026-04-28
5PAISA, EQ, 28-Apr-2026,339.14,339.14,352.0,334.75,336.85,339.23,343.32,83593,286.99,2792,32327.0, 38.67,2026-04-28
633GS2035, GS, 28-Apr-2026,98.0,99.5,99.5,99.5,99.5,99.5,99.5,10,0.01,1,10.0, 100.00,2026-04-28
63MOONS, EQ, 28-Apr-2026,722.95,722.95,733.8,715.0,724.0,725.95,723.87,121322,878.21,4157,64558.0, 53.21,2026-04-28
648GS2035, GS, 28-Apr-2026,97.26,97.26,98.45,97.26,98.45,98.43,97.27,29800,28.99,13,15301.0, 51.35,2026-04-28
654GS2032, GS, 28-Apr-2026,98.37,99.62,99.62,99.5,99.5,99.5,99.5,30004,29.85,5,30004.0, 100.00,2026-04-28
664GS2035, GS, 28-Apr-2026,95.83,95.82,95.82,95.82,95.82,95.82,95.82,2,0.0,1,2.0, 100.00,2026-04-28
667GS2050, GS, 28-Apr-2026,91.75,94.9,94.9,94.3,94.3,94.3,94.75,1327,1.26,3,1327.0, 100.00,2026-04-28
668GS2040, GS, 28-Apr-2026,98.0,96.5,98.5,96.5,98.5,98.5,96.88,2090,2.02,6,2090.0, 100.00,2026-04-28
675GS2029, GS, 28-Apr-2026,101.0,102.05,102.05,102.0,102.0,102.0,102.03,2000,2.04,2,2000.0, 100.00,2026-04-28
676GS2061, GS, 28-Apr-2026,91.73,91.8,91.8,90.65,91.13,90.72,91.08,19780,18.01,37,19731.0, 99.75,2026-04-28
68GS2060, GS, 28-Apr-2026,94.5,95.79,95.79,94.3,95.79,95.79,95.73,27,0.03,3,27.0, 100.00,2026-04-28
690GS2065, GS, 28-Apr-2026,91.64,91.75,91.8,91.4,91.4,91.47,91.63,111796,102.44,69,110261.0, 98.63,2026-04-28
692GS2039, GS, 28-Apr-2026,100.5,100.5,100.5,100.5,100.5,100.5,100.5,20,0.02,2,20.0, 100.00,2026-04-28
695GS2061, GS, 28-Apr-2026,94.99,94.99,94.99,94.99,94.99,94.99,94.99,958,0.91,3,958.0, 100.00,2026-04-28
699GS2051, GS, 28-Apr-2026,96.74,96.0,96.5,96.0,96.44,96.44,96.46,2987,2.88,6,2987.0, 100.00,2026-04-28
702GS2027, GS, 28-Apr-2026,104.15,103.23,103.23,103.15,103.15,103.22,103.22,2200,2.27,2,2200.0, 100.00,2026-04-28
702GS2031, GS, 28-Apr-2026,102.3,102.51,102.51,102.51,102.51,102.51,102.51,900,0.92,1,900.0, 100.00,2026-04-28
709GS2054, GS, 28-Apr-2026,97.63,97.5,98.0,96.76,96.9,96.89,97.29,113851,110.77,28,113851.0, 100.00,2026-04-28
709GS2074, GS, 28-Apr-2026,96.8,97.29,97.29,97.0,97.29,97.29,97.29,403,0.39,3,403.0, 100.00,2026-04-28
716GS2050, GS, 28-Apr-2026,99.0,99.0,99.0,98.98,99.0,99.0,99.0,1711,1.69,8,1711.0, 100.00,2026-04-28
717GS2030, GS, 28-Apr-2026,102.0,102.0,103.2,102.0,102.0,102.0,102.01,7825,7.98,10,7825.0, 100.00,2026-04-28
718GS2033, GS, 28-Apr-2026,103.9,103.89,103.89,103.1,103.1,103.1,103.87,4174,4.34,2,4174.0, 100.00,2026-04-28
718GS2037, GS, 28-Apr-2026,103.58,103.55,103.55,103.55,103.55,103.55,103.55,2451,2.54,2,2451.0, 100.00,2026-04-28
719GS2060, GS, 28-Apr-2026,98.3,98.3,98.3,98.3,98.3,98.3,98.3,50,0.05,3,50.0, 100.00,2026-04-28
724GS2055, GS, 28-Apr-2026,98.31,98.01,98.15,97.85,98.01,98.01,98.01,163401,160.14,41,163311.0, 99.94,2026-04-28
725GS2063, GS, 28-Apr-2026,98.68,98.84,98.84,98.37,98.48,98.5,98.55,132609,130.68,106,124924.0, 94.20,2026-04-28
726GS2032, GS, 28-Apr-2026,103.45,103.45,103.45,103.2,103.45,103.45,103.45,24140,24.97,4,24140.0, 100.00,2026-04-28
732GS2030, GS, 28-Apr-2026,105.08,105.1,105.1,105.1,105.1,105.1,105.1,4800,5.04,4,4800.0, 100.00,2026-04-28
733GS2026, GS, 28-Apr-2026,103.35,103.0,103.35,101.97,103.0,103.0,102.52,208,0.21,5,200.0, 96.15,2026-04-28
734GS2064, GS, 28-Apr-2026,97.03,97.28,97.28,96.5,96.74,96.73,96.73,1386903,1341.56,626,1378554.0, 99.40,2026-04-28
737GS2028, GS, 28-Apr-2026,101.97,101.97,102.2,101.71,101.71,101.71,101.72,2246,2.28,8,2246.0, 100.00,2026-04-28
738GS2027, GS, 28-Apr-2026,104.2,104.2,104.2,103.72,104.0,104.0,104.09,231859,241.35,19,231806.0, 99.98,2026-04-28
73GS2053, GS, 28-Apr-2026,99.57,99.7,100.0,99.7,99.94,99.94,99.87,1280,1.28,8,765.0, 59.77,2026-04-28
741GS2036, GS, 28-Apr-2026,104.99,105.0,105.0,105.0,105.0,105.0,105.0,1200,1.26,2,1200.0, 100.00,2026-04-28
743GS2076, GS, 28-Apr-2026,100.99,101.0,101.1,100.5,100.5,100.5,100.78,13861,13.97,8,13861.0, 100.00,2026-04-28
746GS2073, GS, 28-Apr-2026,103.0,103.4,103.4,101.1,102.6,102.61,102.97,13241,13.63,19,12538.0, 94.69,2026-04-28
74GS2062, GS, 28-Apr-2026,100.0,100.0,100.45,100.0,100.45,100.45,100.39,45,0.05,2,39.0, 86.67,2026-04-28
754GS2036, GS, 28-Apr-2026,107.13,107.1,107.18,106.82,106.82,106.92,107.02,429099,459.24,237,423069.0, 98.59,2026-04-28
92GS2030, GS, 28-Apr-2026,111.35,110.8,111.0,110.8,111.0,111.0,110.82,43314,48.0,12,43314.0, 100.00,2026-04-28
A2ZINFRA, BE, 28-Apr-2026,17.09,17.17,17.25,16.8,17.04,16.99,16.97,84249,14.29,210,, -,2026-04-28
AAATECH, EQ, 28-Apr-2026,98.77,99.9,99.9,98.2,99.47,98.35,98.77,16546,16.34,212,8026.0, 48.51,2026-04-28
AADHARHFC, EQ, 28-Apr-2026,493.75,495.0,500.7,490.7,495.0,493.8,494.89,206862,1023.73,10435,129561.0, 62.63,2026-04-28
AAKAAR, ST, 28-Apr-2026,54.05,56.0,56.2,52.0,52.0,52.0,53.56,24000,12.85,13,19200.0, 80.00,2026-04-28
AAKASH, BE, 28-Apr-2026,8.19,8.15,8.4,8.12,8.32,8.32,8.25,137423,11.34,291,, -,2026-04-28
AAREYDRUGS, EQ, 28-Apr-2026,92.04,91.8,96.0,90.55,93.9,95.19,94.93,362477,344.08,1888,237567.0, 65.54,2026-04-28
AARNAV, EQ, 28-Apr-2026,23.34,23.35,24.0,23.35,23.35,23.44,23.61,24753,5.84,84,19118.0, 77.24,2026-04-28
AARON, EQ, 28-Apr-2026,140.21,138.02,141.99,138.02,140.03,140.71,140.6,12238,17.21,361,5324.0, 43.50,2026-04-28
AARTECH, EQ, 28-Apr-2026,48.5,48.4,50.99,48.03,48.15,48.93,49.58,70607,35.01,624,29526.0, 41.82,2026-04-28
AARTIDRUGS, EQ, 28-Apr-2026,381.8,380.8,384.7,375.9,381.0,379.45,380.16,119581,454.6,6656,56420.0, 47.18,2026-04-28
AARTIIND, EQ, 28-Apr-2026,488.75,492.7,506.4,488.1,502.6,501.7,500.7,2532481,12680.2,60570,903814.0, 35.69,2026-04-28
AARTIPHARM, EQ, 28-Apr-2026,712.75,714.0,735.25,708.05,710.5,712.25,722.79,271031,1959.0,14863,129623.0, 47.83,2026-04-28
AARTISURF, EQ, 28-Apr-2026,406.5,401.2,426.1,401.2,420.0,417.2,417.48,18449,77.02,999,10233.0, 55.47,2026-04-28
AARVI, EQ, 28-Apr-2026,130.0,130.51,130.78,128.6,128.75,128.95,129.43,10966,14.19,218,5930.0, 54.08,2026-04-28
AATMAJ, SM, 28-Apr-2026,20.05,22.0,22.0,20.15,20.15,20.15,21.09,8000,1.69,4,4000.0, 50.00,2026-04-28
AAVAS, EQ, 28-Apr-2026,1384.9,1383.9,1389.2,1346.0,1377.3,1376.1,1364.65,56611,772.54,7123,26000.0, 45.93,2026-04-28
ABANSENT, EQ, 28-Apr-2026,27.55,31.5,33.05,31.0,33.05,33.05,32.65,65727,21.46,411,36497.0, 55.53,2026-04-28
ABB, EQ, 28-Apr-2026,7430.5,7449.0,7490.0,7251.5,7295.0,7288.0,7322.81,296110,21683.58,50996,130187.0, 43.97,2026-04-28
ABBOTINDIA, EQ, 28-Apr-2026,25425.0,25425.0,25600.0,25200.0,25550.0,25345.0,25324.64,8029,2033.31,4638,5200.0, 64.77,2026-04-28
ABCAPITAL, EQ, 28-Apr-2026,342.55,342.85,346.7,337.45,339.0,338.3,339.51,4701866,15963.31,48297,2997185.0, 63.74,2026-04-28
ABCOTS, EQ, 28-Apr-2026,248.7,239.95,248.6,226.6,234.0,239.05,239.59,330521,791.9,7525,114412.0, 34.62,2026-04-28
ABDL, EQ, 28-Apr-2026,554.55,552.0,559.35,539.35,548.7,544.05,547.78,163779,897.15,4900,93160.0, 56.88,2026-04-28
ABFRL, EQ, 28-Apr-2026,63.92,64.35,64.4,63.14,63.17,63.58,63.82,2204195,1406.76,11260,776385.0, 35.22,2026-04-28
ABGSEC, EQ, 28-Apr-2026,111.99,111.98,111.98,111.98,111.98,111.98,111.98,5,0.01,2,5.0, 100.00,2026-04-28
ABHAPOWER, SM, 28-Apr-2026,29.0,30.1,33.45,30.1,32.15,32.55,32.18,60800,19.56,34,43200.0, 71.05,2026-04-28
ABINFRA, EQ, 28-Apr-2026,15.91,15.91,16.2,15.31,15.52,15.65,15.93,308234,49.11,1002,117099.0, 37.99,2026-04-28
ABLBL, EQ, 28-Apr-2026,105.84,105.59,105.97,103.53,104.2,104.0,104.7,405975,425.06,8510,215237.0, 53.02,2026-04-28
ABMINTLLTD, BE, 28-Apr-2026,43.78,44.87,44.87,41.67,41.68,41.68,43.62,30,0.01,6,, -,2026-04-28
ABMKNO, EQ, 28-Apr-2026,234.0,229.95,230.0,225.0,227.0,227.05,228.62,1381,3.16,55,1278.0, 92.54,2026-04-28
ABREL, EQ, 28-Apr-2026,1468.8,1479.7,1515.0,1477.4,1511.7,1511.4,1503.56,210059,3158.36,13495,96838.0, 46.10,2026-04-28
ABSL10BANK, EQ, 28-Apr-2026,167.4,167.4,167.4,164.0,164.0,164.89,165.82,978,1.62,41,898.0, 91.82,2026-04-28
ABSLAMC, EQ, 28-Apr-2026,1065.4,1065.0,1084.4,1047.55,1071.0,1066.3,1061.75,325358,3454.48,21480,201300.0, 61.87,2026-04-28
ABSLBANETF, EQ, 28-Apr-2026,57.32,57.32,57.33,56.48,56.69,56.58,56.75,628636,356.74,1830,503865.0, 80.15,2026-04-28
ABSLLIQUID, EQ, 28-Apr-2026,999.99,1000.0,1000.01,999.99,1000.0,1000.0,1000.0,3766,37.66,22,3032.0, 80.51,2026-04-28
ABSLMSCIN, EQ, 28-Apr-2026,29.2,29.21,29.27,29.08,29.14,29.14,29.17,322,0.09,11,319.0, 99.07,2026-04-28
ABSLNN50ET, EQ, 28-Apr-2026,74.09,74.46,74.57,73.84,74.41,74.08,74.19,11707,8.69,170,9442.0, 80.65,2026-04-28
ABSLPSE, EQ, 28-Apr-2026,11.09,11.2,11.34,11.09,11.21,11.17,11.15,393527,43.9,513,289008.0, 73.44,2026-04-28
ABSMARINE, SM, 28-Apr-2026,231.3,231.3,231.3,218.0,220.0,219.45,223.0,78000,173.94,109,64000.0, 82.05,2026-04-28
ACC, EQ, 28-Apr-2026,1439.8,1441.9,1443.0,1432.0,1440.0,1439.3,1438.14,123384,1774.44,10576,45543.0, 36.91,2026-04-28
ACCELYA, EQ, 28-Apr-2026,1181.7,1188.0,1219.0,1181.1,1190.0,1195.8,1191.16,6863,81.75,879,4080.0, 59.45,2026-04-28
ACCENTMIC, SM, 28-Apr-2026,423.7,424.0,433.45,411.0,420.0,421.15,420.26,43500,182.81,80,31000.0, 71.26,2026-04-28
ACCPL, SM, 28-Apr-2026,93.95,97.9,98.6,93.5,98.6,98.6,98.13,66000,64.77,49,51600.0, 78.18,2026-04-28
ACCURACY, BE, 28-Apr-2026,5.08,5.08,5.15,5.0,5.1,5.11,5.11,52565,2.68,202,, -,2026-04-28
ACE, EQ, 28-Apr-2026,916.45,916.45,923.0,901.5,905.0,904.25,909.17,167451,1522.41,7819,89869.0, 53.67,2026-04-28
ACEINTEG, EQ, 28-Apr-2026,20.03,19.4,20.85,19.4,20.05,20.06,20.08,6792,1.36,99,5483.0, 80.73,2026-04-28
ACETEC, SM, 28-Apr-2026,130.05,138.0,138.0,135.0,135.0,135.0,135.75,4800,6.52,4,3600.0, 75.00,2026-04-28
ACI, EQ, 28-Apr-2026,601.9,607.75,623.9,604.55,608.7,607.8,613.88,145802,895.05,7157,59207.0, 40.61,2026-04-28
ACL, EQ, 28-Apr-2026,56.35,57.0,57.0,55.44,56.0,56.03,56.29,14469,8.14,388,8154.0, 56.35,2026-04-28
ACMESOLAR, EQ, 28-Apr-2026,309.2,310.7,312.15,303.15,306.0,305.2,307.02,420903,1292.28,9680,202077.0, 48.01,2026-04-28
ACSTECH, EQ, 28-Apr-2026,40.2,39.4,39.4,39.4,39.4,39.4,39.4,11902,4.69,40,11902.0, 100.00,2026-04-28
ACUTAAS, EQ, 28-Apr-2026,2494.6,2500.0,2539.6,2460.4,2470.0,2467.8,2501.33,509399,12741.77,26574,303722.0, 59.62,2026-04-28
ADANIENSOL, EQ, 28-Apr-2026,1435.8,1439.9,1463.65,1413.15,1436.0,1435.45,1433.77,3082735,44199.44,68364,1020329.0, 33.10,2026-04-28
ADANIENT, EQ, 28-Apr-2026,2321.8,2321.8,2420.0,2320.9,2415.0,2412.4,2389.35,4375556,104547.32,136245,1138681.0, 26.02,2026-04-28
ADANIGREEN, EQ, 28-Apr-2026,1229.7,1235.5,1259.15,1223.2,1249.0,1249.95,1243.42,4303385,53509.07,71769,995692.0, 23.14,2026-04-28
ADANIPORTS, EQ, 28-Apr-2026,1628.5,1628.4,1648.0,1624.5,1639.0,1637.6,1634.48,2500914,40876.9,81873,1118118.0, 44.71,2026-04-28
ADANIPOWER, EQ, 28-Apr-2026,218.05,219.5,224.66,219.29,224.0,223.35,222.1,46710708,103746.35,189721,10903789.0, 23.34,2026-04-28
ADDICTIVE, SM, 28-Apr-2026,88.0,91.85,92.4,90.4,92.4,92.4,91.93,7000,6.43,14,6000.0, 85.71,2026-04-28
ADFFOODS, EQ, 28-Apr-2026,267.42,270.0,270.0,261.28,265.99,265.66,264.54,235010,621.7,3083,117946.0, 50.19,2026-04-28
ADL, EQ, 28-Apr-2026,75.06,75.11,78.0,71.0,78.0,77.46,74.8,998,0.75,32,761.0, 76.25,2026-04-28
ADOR, EQ, 28-Apr-2026,1019.35,1034.7,1084.0,1030.0,1083.9,1070.75,1055.23,147123,1552.48,13859,85593.0, 58.18,2026-04-28
ADROITINFO, EQ, 28-Apr-2026,9.96,10.01,10.4,9.75,9.93,9.91,9.96,31095,3.1,180,15079.0, 48.49,2026-04-28
ADSL, EQ, 28-Apr-2026,117.66,117.9,119.0,115.58,116.1,116.3,117.14,119318,139.77,2075,54589.0, 45.75,2026-04-28
ADVAIT, EQ, 28-Apr-2026,2108.9,2112.0,2163.0,2065.0,2080.1,2077.4,2104.09,51516,1083.95,5507,24538.0, 47.63,2026-04-28
ADVANCE, EQ, 28-Apr-2026,115.38,116.98,116.98,112.05,113.39,113.34,114.68,190411,218.36,1206,59829.0, 31.42,2026-04-28
ADVANIHOTR, EQ, 28-Apr-2026,54.84,55.69,55.69,54.7,54.97,54.8,54.9,27105,14.88,457,15702.0, 57.93,2026-04-28
ADVENTHTL, EQ, 28-Apr-2026,156.21,156.0,160.8,153.5,154.01,154.07,156.48,89903,140.68,2432,50823.0, 56.53,2026-04-28
ADVENZYMES, EQ, 28-Apr-2026,330.55,331.4,345.0,331.4,342.0,342.0,340.88,840945,2866.58,16889,422812.0, 50.28,2026-04-28
AEGISLOG, EQ, 28-Apr-2026,722.45,722.0,727.75,706.05,712.2,711.45,712.16,312786,2227.54,16252,168010.0, 53.71,2026-04-28
AEGISVOPAK, EQ, 28-Apr-2026,198.3,197.31,202.58,195.45,198.8,199.08,198.98,1062446,2114.07,28425,475047.0, 44.71,2026-04-28
AEPL, BE, 28-Apr-2026,18.41,19.0,19.0,18.2,18.99,18.97,18.89,7183,1.36,67,, -,2026-04-28
AEQUS, EQ, 28-Apr-2026,207.17,208.0,209.2,195.1,197.25,196.87,201.07,3489484,7016.37,34575,1149123.0, 32.93,2026-04-28
AEROENTER, EQ, 28-Apr-2026,91.95,91.5,94.9,90.46,91.9,91.25,92.54,576687,533.67,1809,278987.0, 48.38,2026-04-28
AEROFLEX, EQ, 28-Apr-2026,294.9,295.5,307.0,291.18,292.91,293.03,296.21,2021755,5988.68,20638,784756.0, 38.82,2026-04-28
AERON, SM, 28-Apr-2026,102.15,100.0,100.1,99.0,100.1,100.05,99.88,26000,25.97,16,20000.0, 76.92,2026-04-28
AERONEU, EQ, 28-Apr-2026,78.32,78.19,81.2,75.52,76.46,78.0,77.42,44407,34.38,603,4779.0, 10.76,2026-04-28
AESTHETIK, SM, 28-Apr-2026,82.6,83.5,83.5,83.5,83.5,83.5,83.5,1000,0.84,1,1000.0, 100.00,2026-04-28
AETHER, EQ, 28-Apr-2026,1154.5,1158.0,1172.8,1135.6,1171.9,1170.1,1161.21,152761,1773.87,15593,86256.0, 56.46,2026-04-28
AFCONS, EQ, 28-Apr-2026,315.75,312.1,336.45,312.1,334.9,333.9,330.74,1515864,5013.52,29908,351236.0, 23.17,2026-04-28
AFFLE, EQ, 28-Apr-2026,1452.0,1452.0,1463.4,1426.3,1426.3,1431.2,1441.82,93779,1352.12,8373,51922.0, 55.37,2026-04-28
AFFORDABLE, BE, 28-Apr-2026,180.29,178.67,179.6,175.2,177.0,177.1,177.04,9293,16.45,241,, -,2026-04-28
AFIL, BE, 28-Apr-2026,9.01,9.0,9.2,8.8,8.9,8.83,8.97,449054,40.29,509,, -,2026-04-28
AFSL, EQ, 28-Apr-2026,202.99,204.0,205.45,201.5,202.0,202.71,203.32,8621,17.53,611,2233.0, 25.90,2026-04-28
AGARIND, EQ, 28-Apr-2026,443.7,447.25,448.3,435.25,435.25,437.1,441.49,38729,170.98,1216,17930.0, 46.30,2026-04-28
AGARWALEYE, EQ, 28-Apr-2026,442.3,440.45,444.0,437.05,442.7,441.55,440.81,29132,128.42,1695,13408.0, 46.02,2026-04-28
AGARWALFT, ST, 28-Apr-2026,39.0,38.9,38.9,37.05,38.75,38.75,38.23,4500,1.72,3,4500.0, 100.00,2026-04-28
AGARWALTUF, SM, 28-Apr-2026,121.85,120.5,125.6,120.5,124.0,124.15,123.31,98400,121.34,70,88800.0, 90.24,2026-04-28
AGI, EQ, 28-Apr-2026,564.9,593.0,677.85,593.0,668.4,672.55,646.2,18047564,116624.06,292586,1302371.0, 7.22,2026-04-28
AGIIL, EQ, 28-Apr-2026,361.15,363.9,377.0,356.0,359.0,357.95,366.57,1507691,5526.74,11886,355392.0, 23.57,2026-04-28
AGRITECH, EQ, 28-Apr-2026,115.43,115.0,116.49,111.0,113.99,111.21,112.87,3177,3.59,116,2560.0, 80.58,2026-04-28
AGROPHOS, EQ, 28-Apr-2026,32.62,32.62,33.4,31.16,32.45,32.02,32.21,12554,4.04,144,9666.0, 77.00,2026-04-28
AHCL, EQ, 28-Apr-2026,14.33,14.2,14.2,12.91,13.26,13.2,13.35,6281244,838.34,8584,3173544.0, 50.52,2026-04-28
AHLADA, EQ, 28-Apr-2026,45.78,46.99,47.48,45.0,45.2,45.44,45.69,10149,4.64,182,7449.0, 73.40,2026-04-28
AHLEAST, EQ, 28-Apr-2026,168.0,167.01,171.0,162.14,167.75,167.2,168.51,6680,11.26,116,5693.0, 85.22,2026-04-28
AHLUCONT, EQ, 28-Apr-2026,871.4,864.0,889.3,864.0,873.4,882.1,882.57,38756,342.05,3890,23892.0, 61.65,2026-04-28
AHLWEST, BE, 28-Apr-2026,312.49,328.11,328.11,328.11,328.11,328.11,328.11,633,2.08,20,, -,2026-04-28
AIAENG, EQ, 28-Apr-2026,4027.1,4048.1,4054.1,3973.5,3988.0,3993.8,4004.29,24406,977.29,5967,14197.0, 58.17,2026-04-28
AIIL, EQ, 28-Apr-2026,487.85,491.8,522.45,486.85,493.5,488.6,503.81,671871,3384.97,26578,150558.0, 22.41,2026-04-28
AIMTRON, SM, 28-Apr-2026,984.35,1005.0,1049.85,1000.0,1018.0,1017.35,1022.13,186600,1907.3,765,125800.0, 67.42,2026-04-28
AIRAN, EQ, 28-Apr-2026,17.58,17.85,17.85,16.95,17.2,17.2,17.23,97067,16.73,665,62730.0, 64.63,2026-04-28
AIROLAM, EQ, 28-Apr-2026,84.43,85.9,87.0,84.25,84.3,84.72,85.15,1276,1.09,63,889.0, 69.67,2026-04-28
AJANTPHARM, EQ, 28-Apr-2026,2807.2,2822.0,2825.0,2740.8,2756.3,2756.0,2763.53,45413,1255.0,9585,30173.0, 66.44,2026-04-28
AJAXENGG, EQ, 28-Apr-2026,521.3,526.0,532.55,520.7,527.5,527.75,528.06,196432,1037.28,21520,132731.0, 67.57,2026-04-28
AJMERA, EQ, 28-Apr-2026,126.03,125.45,129.6,124.99,126.0,126.39,127.54,192923,246.04,2273,87421.0, 45.31,2026-04-28
AJOONI, EQ, 28-Apr-2026,4.19,4.2,4.35,4.2,4.35,4.34,4.28,347517,14.88,411,276194.0, 79.48,2026-04-28
AKANKSHA, SM, 28-Apr-2026,78.5,80.45,84.95,80.4,82.05,82.65,83.3,38000,31.65,34,24000.0, 63.16,2026-04-28
AKASH, EQ, 28-Apr-2026,28.03,27.52,28.64,27.12,28.3,28.31,28.07,4402,1.24,49,3305.0, 75.08,2026-04-28
AKCAPIT, EQ, 28-Apr-2026,1558.0,1550.05,1550.1,1530.1,1540.05,1540.7,1548.3,463,7.17,22,455.0, 98.27,2026-04-28
AKG, EQ, 28-Apr-2026,11.7,11.47,11.73,11.0,11.35,11.35,11.34,23907,2.71,153,17615.0, 73.68,2026-04-28
AKI, EQ, 28-Apr-2026,5.12,5.22,5.25,5.1,5.2,5.19,5.16,41266,2.13,141,32747.0, 79.36,2026-04-28
AKIKO, ST, 28-Apr-2026,223.0,211.85,228.0,211.85,228.0,228.0,213.93,28800,61.61,25,26400.0, 91.67,2026-04-28
AKSHAR, EQ, 28-Apr-2026,0.47,0.48,0.48,0.46,0.47,0.47,0.47,958865,4.53,373,705603.0, 73.59,2026-04-28
AKSHARCHEM, EQ, 28-Apr-2026,200.28,201.0,203.93,199.0,203.0,202.58,201.65,2110,4.25,71,2025.0, 95.97,2026-04-28
AKSHOPTFBR, BE, 28-Apr-2026,6.22,6.1,6.37,6.1,6.25,6.25,6.24,136496,8.52,262,, -,2026-04-28
AKUMS, EQ, 28-Apr-2026,531.3,530.0,539.8,529.95,533.1,533.2,534.51,84212,450.12,3725,50941.0, 60.49,2026-04-28
ALANKIT, EQ, 28-Apr-2026,9.25,9.38,9.38,9.21,9.32,9.27,9.29,148914,13.83,515,123670.0, 83.05,2026-04-28
ALBERTDAVD, EQ, 28-Apr-2026,712.8,719.5,733.45,715.0,724.6,720.2,722.81,3626,26.21,288,2922.0, 80.58,2026-04-28
ALCODIS, ST, 28-Apr-2026,86.1,83.05,83.05,82.3,82.3,82.3,82.78,1875,1.55,3,1875.0, 100.00,2026-04-28
ALEMBICLTD, EQ, 28-Apr-2026,92.39,92.8,93.38,91.52,93.0,92.27,92.35,115257,106.44,1442,56038.0, 48.62,2026-04-28
ALGOQUANT, EQ, 28-Apr-2026,54.73,54.95,55.12,53.56,54.68,54.58,54.83,1041269,570.91,1118,115280.0, 11.07,2026-04-28
ALICON, EQ, 28-Apr-2026,699.5,709.95,722.05,700.05,701.0,704.55,708.18,10863,76.93,948,4185.0, 38.53,2026-04-28
ALIVUS, EQ, 28-Apr-2026,1044.95,1044.95,1059.8,1000.5,1004.5,1007.65,1017.06,198143,2015.23,9361,151858.0, 76.64,2026-04-28
ALKALI, EQ, 28-Apr-2026,66.56,66.9,70.0,65.8,69.9,69.39,68.46,18187,12.45,254,14993.0, 82.44,2026-04-28
ALKEM, EQ, 28-Apr-2026,5344.0,5344.0,5454.0,5315.0,5410.0,5418.5,5400.02,96733,5223.6,15852,44172.0, 45.66,2026-04-28
ALKYLAMINE, EQ, 28-Apr-2026,1535.8,1530.1,1572.7,1523.5,1530.5,1541.2,1552.34,60373,937.2,11206,24469.0, 40.53,2026-04-28
ALLCARGO, EQ, 28-Apr-2026,9.28,9.33,9.38,9.17,9.25,9.21,9.26,2355109,217.98,3882,1213648.0, 51.53,2026-04-28
ALLDIGI, EQ, 28-Apr-2026,843.6,843.6,845.0,830.0,839.0,836.65,836.06,2387,19.96,254,1553.0, 65.06,2026-04-28
ALLETEC, SM, 28-Apr-2026,162.1,163.0,172.1,163.0,172.1,171.05,167.39,36400,60.93,70,30800.0, 84.62,2026-04-28
ALLTIME, EQ, 28-Apr-2026,243.88,242.01,246.85,236.71,238.18,239.32,240.93,65102,156.85,1592,31522.0, 48.42,2026-04-28
ALMONDZ, EQ, 28-Apr-2026,16.88,17.46,17.46,15.81,16.97,16.74,16.48,47165,7.77,513,31142.0, 66.03,2026-04-28
ALOKINDS, EQ, 28-Apr-2026,13.91,13.9,14.04,13.82,13.91,13.9,13.91,3499245,486.66,6582,1666856.0, 47.63,2026-04-28
ALPA, EQ, 28-Apr-2026,68.31,69.89,69.89,68.0,68.3,68.26,68.52,10903,7.47,194,4708.0, 43.18,2026-04-28
ALPEXSOLAR, SM, 28-Apr-2026,1051.25,1060.0,1137.0,1060.0,1132.0,1125.35,1112.56,127100,1414.06,862,84400.0, 66.40,2026-04-28
ALPHA, EQ, 28-Apr-2026,49.02,49.01,49.28,48.82,48.82,48.98,49.09,1654333,812.05,2775,1015965.0, 61.41,2026-04-28
ALPHAETF, EQ, 28-Apr-2026,25.32,25.07,25.38,25.07,25.3,25.18,25.22,542946,136.94,692,417379.0, 76.87,2026-04-28
ALPHAGEO, EQ, 28-Apr-2026,219.74,224.99,228.74,222.01,223.61,224.66,225.87,6312,14.26,373,3254.0, 51.55,2026-04-28
ALPL30IETF, EQ, 28-Apr-2026,26.63,26.63,26.82,26.23,26.55,26.49,26.58,419621,111.54,1086,304803.0, 72.64,2026-04-28
ALUWIND, SM, 28-Apr-2026,58.0,56.0,58.0,54.15,54.15,54.6,56.14,37500,21.05,23,34500.0, 92.00,2026-04-28
AMAGI, EQ, 28-Apr-2026,377.4,377.9,417.0,377.5,407.0,400.65,401.74,1286121,5166.81,47534,779397.0, 60.60,2026-04-28
AMANTA, EQ, 28-Apr-2026,134.63,132.61,136.82,132.25,133.7,132.37,133.5,49250,65.75,788,32940.0, 66.88,2026-04-28
AMBALALSA, EQ, 28-Apr-2026,35.25,35.5,35.5,33.0,33.0,33.2,33.96,82427,27.99,834,62868.0, 76.27,2026-04-28
AMBER, EQ, 28-Apr-2026,8111.5,8115.0,8241.0,8093.0,8230.5,8200.0,8166.33,426906,34862.55,51739,144166.0, 33.77,2026-04-28
AMBEY, ST, 28-Apr-2026,36.65,35.45,35.45,34.85,34.85,34.85,35.03,26000,9.11,13,26000.0, 100.00,2026-04-28
AMBICAAGAR, EQ, 28-Apr-2026,24.05,24.06,24.06,22.6,23.57,23.54,23.52,7738,1.82,150,5442.0, 70.33,2026-04-28
AMBIKCO, EQ, 28-Apr-2026,1452.2,1453.7,1539.0,1437.0,1495.1,1501.4,1506.91,25431,383.22,2340,15099.0, 59.37,2026-04-28
AMBUJACEM, EQ, 28-Apr-2026,460.5,462.85,465.0,456.0,459.5,458.8,460.24,1789522,8236.09,28531,607560.0, 33.95,2026-04-28
AMCL, SM, 28-Apr-2026,495.0,495.0,520.0,480.0,520.0,520.0,508.91,32000,162.85,32,28800.0, 90.00,2026-04-28
AMDIND, EQ, 28-Apr-2026,45.46,45.0,45.45,43.81,44.1,44.61,44.5,8414,3.74,104,3287.0, 39.07,2026-04-28
AMEYA, SM, 28-Apr-2026,113.25,109.0,114.45,109.0,113.6,113.6,112.12,5000,5.61,5,4000.0, 80.00,2026-04-28
AMIABLE, SM, 28-Apr-2026,80.0,73.0,73.0,73.0,73.0,73.0,73.0,3200,2.34,2,3200.0, 100.00,2026-04-28
AMIRCHAND, EQ, 28-Apr-2026,136.49,137.5,138.48,134.51,135.0,134.81,136.31,395460,539.04,3768,187958.0, 47.53,2026-04-28
AMJLAND, EQ, 28-Apr-2026,42.43,43.0,43.0,41.33,41.36,41.37,41.64,20034,8.34,337,17573.0, 87.72,2026-04-28
AMNPLST, EQ, 28-Apr-2026,165.84,165.02,170.0,165.0,168.88,168.16,167.87,2506,4.21,77,1549.0, 61.81,2026-04-28
AMRUTANJAN, EQ, 28-Apr-2026,579.95,579.95,586.5,575.1,582.0,583.6,582.1,6973,40.59,700,3836.0, 55.01,2026-04-28
ANANDRATHI, EQ, 28-Apr-2026,3558.5,3558.5,3640.0,3549.0,3585.0,3579.1,3592.23,170964,6141.42,15555,83638.0, 48.92,2026-04-28
ANANTAM, IV, 28-Apr-2026,105.15,105.41,106.0,105.0,105.4,105.97,105.57,4684,4.95,84,4345.0, 92.76,2026-04-28
ANANTRAJ, EQ, 28-Apr-2026,500.9,500.9,506.7,491.5,494.0,493.1,497.21,2118322,10532.46,37159,705737.0, 33.32,2026-04-28
ANDHRAPAP, EQ, 28-Apr-2026,67.58,67.66,68.38,65.74,66.0,65.96,66.39,125431,83.28,2663,79107.0, 63.07,2026-04-28
ANDHRSUGAR, EQ, 28-Apr-2026,98.96,99.06,99.26,96.73,98.05,98.07,97.92,367821,360.16,4512,171437.0, 46.61,2026-04-28
ANGELONE, EQ, 28-Apr-2026,318.64,318.15,320.43,316.0,318.99,319.27,318.29,4252695,13535.81,45021,1746509.0, 41.07,2026-04-28
ANIKINDS, BE, 28-Apr-2026,43.92,43.5,44.99,43.0,44.66,44.23,43.86,2898,1.27,75,, -,2026-04-28
ANKITMETAL, BZ, 28-Apr-2026,1.62,1.56,1.62,1.56,1.61,1.6,1.6,13169,0.21,46,, -,2026-04-28
ANLON, SM, 28-Apr-2026,428.1,431.0,442.0,429.95,442.0,442.0,434.03,14000,60.76,32,13200.0, 94.29,2026-04-28
ANMOL, EQ, 28-Apr-2026,12.08,11.89,12.45,11.89,12.39,12.34,12.17,38975,4.74,191,28431.0, 72.95,2026-04-28
ANNAPURNA, SM, 28-Apr-2026,166.95,169.8,169.8,163.0,163.2,163.5,165.19,40250,66.49,88,35500.0, 88.20,2026-04-28
ANONDITA, SM, 28-Apr-2026,1130.45,1074.0,1145.0,1074.0,1074.0,1074.0,1103.53,48000,529.69,47,29000.0, 60.42,2026-04-28
ANSALAPI, BZ, 28-Apr-2026,3.71,3.64,3.64,3.64,3.64,3.64,3.64,44554,1.62,21,, -,2026-04-28
ANTELOPUS, EQ, 28-Apr-2026,650.15,647.75,682.65,638.1,682.65,682.6,670.44,227860,1527.67,7302,110566.0, 48.52,2026-04-28
ANTGRAPHIC, EQ, 28-Apr-2026,0.88,0.88,0.9,0.87,0.89,0.88,0.88,142526,1.25,235,103047.0, 72.30,2026-04-28
ANTHEM, EQ, 28-Apr-2026,769.75,775.05,785.9,756.95,775.0,774.3,773.21,317916,2458.15,12500,147348.0, 46.35,2026-04-28
ANUHPHR, EQ, 28-Apr-2026,82.52,82.52,83.5,81.0,81.92,82.35,82.58,22847,18.87,579,16415.0, 71.85,2026-04-28
ANUP, EQ, 28-Apr-2026,2215.5,2200.2,2235.1,2152.6,2180.0,2172.1,2188.04,26076,570.55,3866,13144.0, 50.41,2026-04-28
ANURAS, EQ, 28-Apr-2026,1334.5,1325.6,1345.6,1303.0,1305.0,1310.0,1321.66,204572,2703.74,6294,78667.0, 38.45,2026-04-28
AONEGOLD, EQ, 28-Apr-2026,14.0,14.09,14.09,13.85,13.89,13.86,13.93,665632,92.72,2211,463166.0, 69.58,2026-04-28
AONELIQUID, EQ, 28-Apr-2026,1056.88,1057.01,1057.03,1057.01,1057.01,1057.02,1057.02,5729,60.56,122,4287.0, 74.83,2026-04-28
AONENIFTY, EQ, 28-Apr-2026,9.9,10.14,10.14,9.83,9.84,9.85,9.87,176532,17.43,1362,145471.0, 82.40,2026-04-28
AONESILVER, EQ, 28-Apr-2026,9.22,9.25,9.25,8.98,9.16,9.03,9.05,963885,87.22,1351,501720.0, 52.05,2026-04-28
AONETMMQ50, EQ, 28-Apr-2026,9.95,9.99,10.05,9.96,10.0,9.99,10.0,50841,5.09,229,35008.0, 68.86,2026-04-28
AONETOTAL, EQ, 28-Apr-2026,11.54,11.66,11.66,11.47,11.55,11.53,11.58,190348,22.04,1632,132032.0, 69.36,2026-04-28
APARINDS, EQ, 28-Apr-2026,12135.0,12195.5,12320.5,11701.0,11880.0,11862.0,11931.17,110483,13181.92,24496,44000.0, 39.83,2026-04-28
APCL, EQ, 28-Apr-2026,115.74,115.74,115.97,112.5,115.1,114.32,114.57,3127,3.58,76,1997.0, 63.86,2026-04-28
APCOTEXIND, EQ, 28-Apr-2026,399.6,398.9,403.45,396.55,403.0,400.55,400.24,13206,52.86,618,7647.0, 57.91,2026-04-28
APEX, EQ, 28-Apr-2026,474.2,474.2,490.65,467.05,473.25,472.25,477.89,799506,3820.72,17330,134227.0, 16.79,2026-04-28
APEXECO, SM, 28-Apr-2026,122.0,122.0,124.7,122.0,123.5,123.5,123.46,5600,6.91,6,4800.0, 85.71,2026-04-28
APLAPOLLO, EQ, 28-Apr-2026,1987.7,2008.3,2014.8,1958.0,1994.0,1976.0,1973.34,955891,18862.94,46882,578546.0, 60.52,2026-04-28
APLLTD, EQ, 28-Apr-2026,764.6,762.55,767.7,753.15,759.95,759.4,761.01,34915,265.71,3184,15979.0, 45.77,2026-04-28
APOLLO, EQ, 28-Apr-2026,301.19,302.0,312.34,298.25,305.15,305.9,305.98,13974840,42760.1,112282,3345754.0, 23.94,2026-04-28
APOLLOHOSP, EQ, 28-Apr-2026,7825.0,7840.0,7878.5,7711.0,7740.0,7753.0,7768.81,353826,27488.08,48767,214467.0, 60.61,2026-04-28
APOLLOPIPE, EQ, 28-Apr-2026,441.0,441.0,443.85,430.55,434.8,433.2,436.96,246505,1077.13,5839,91718.0, 37.21,2026-04-28
APOLLOTYRE, EQ, 28-Apr-2026,428.55,429.6,432.45,422.25,423.85,423.65,426.69,484706,2068.17,24042,232052.0, 47.87,2026-04-28
APOLSINHOT, EQ, 28-Apr-2026,1136.8,1136.65,1155.0,1120.55,1120.55,1128.1,1138.38,203,2.31,45,135.0, 66.50,2026-04-28
APRAMEYA, SM, 28-Apr-2026,227.05,226.0,246.9,225.0,246.9,242.5,236.67,15000,35.5,29,12500.0, 83.33,2026-04-28
APS, SM, 28-Apr-2026,385.35,383.95,393.0,383.95,386.0,387.1,387.2,30250,117.13,94,18250.0, 60.33,2026-04-28
APSISAERO, ST, 28-Apr-2026,233.35,230.0,242.4,227.0,240.9,239.9,237.93,57600,137.05,33,54000.0, 93.75,2026-04-28
APTECHT, EQ, 28-Apr-2026,105.38,105.88,107.96,103.0,104.05,104.17,104.59,368799,385.74,2894,210642.0, 57.12,2026-04-28
APTUS, EQ, 28-Apr-2026,260.57,261.0,263.0,255.8,258.0,258.83,259.25,726230,1882.74,15025,325867.0, 44.87,2026-04-28
AQYLON, EQ, 28-Apr-2026,47.55,47.88,48.5,45.18,47.5,47.83,46.85,2890562,1354.16,6574,1047177.0, 36.23,2026-04-28
ARABIAN, SM, 28-Apr-2026,70.0,69.75,69.75,69.75,69.75,69.75,69.75,2000,1.4,1,2000.0, 100.00,2026-04-28
ARCHIDPLY, EQ, 28-Apr-2026,77.64,77.26,82.0,76.62,79.85,80.66,80.27,64329,51.64,826,56508.0, 87.84,2026-04-28
ARCHIES, EQ, 28-Apr-2026,14.49,14.49,14.87,14.36,14.87,14.73,14.63,7731,1.13,84,6887.0, 89.08,2026-04-28
ARCIIL, SM, 28-Apr-2026,66.0,70.0,78.85,68.25,78.85,76.9,73.75,133000,98.08,125,80000.0, 60.15,2026-04-28
ARE&M, EQ, 28-Apr-2026,878.1,879.3,914.7,876.45,895.0,897.85,897.31,1197386,10744.32,43192,299419.0, 25.01,2026-04-28
ARENTERP, EQ, 28-Apr-2026,41.98,41.5,41.83,40.21,40.21,40.84,40.45,334,0.14,16,324.0, 97.01,2026-04-28
ARFIN, EQ, 28-Apr-2026,96.35,96.35,96.9,94.0,95.4,95.06,95.56,1099842,1050.98,3309,316652.0, 28.79,2026-04-28
ARHAM, SM, 28-Apr-2026,146.3,146.0,148.5,145.5,147.95,148.45,147.02,31000,45.58,24,11000.0, 35.48,2026-04-28
ARIES, EQ, 28-Apr-2026,382.45,382.45,389.9,377.2,377.3,379.5,382.92,31671,121.28,1195,15437.0, 48.74,2026-04-28
ARIHANT, EQ, 28-Apr-2026,945.7,911.4,949.8,880.4,938.8,924.2,924.09,2914,26.93,151,1168.0, 40.08,2026-04-28
ARIHANTCAP, EQ, 28-Apr-2026,71.05,71.57,73.48,70.99,71.3,71.45,72.18,231627,167.18,1855,128306.0, 55.39,2026-04-28
ARIHANTSUP, EQ, 28-Apr-2026,287.09,288.24,294.77,272.1,293.8,281.86,280.4,70597,197.96,2389,10277.0, 14.56,2026-04-28
ARIS, EQ, 28-Apr-2026,124.24,123.25,134.7,120.45,132.9,128.44,125.31,5056496,6336.08,16112,3045467.0, 60.23,2026-04-28
ARISTO, SM, 28-Apr-2026,113.55,118.0,119.0,114.0,119.0,116.0,116.23,10400,12.09,9,10400.0, 100.00,2026-04-28
ARKADE, EQ, 28-Apr-2026,117.99,117.6,118.56,115.85,116.0,115.95,116.83,111159,129.87,1300,54265.0, 48.82,2026-04-28
ARMANFIN, EQ, 28-Apr-2026,1550.9,1545.6,1562.0,1483.9,1483.9,1496.3,1502.42,41808,628.13,4417,21603.0, 51.67,2026-04-28
ARMOUR, SM, 28-Apr-2026,22.6,24.95,24.95,22.6,23.5,23.5,23.58,16000,3.77,8,10000.0, 62.50,2026-04-28
AROGRANITE, EQ, 28-Apr-2026,26.91,26.91,27.73,26.11,26.61,26.61,26.83,5177,1.39,277,3930.0, 75.91,2026-04-28
ARROWGREEN, EQ, 28-Apr-2026,552.7,554.0,562.7,541.0,541.5,544.35,551.83,17294,95.43,1032,8589.0, 49.66,2026-04-28
ARSHIYA, BZ, 28-Apr-2026,1.34,1.34,1.4,1.28,1.28,1.28,1.3,355481,4.63,99,, -,2026-04-28
ARSSBL, EQ, 28-Apr-2026,581.4,586.1,609.9,585.0,600.15,601.8,601.99,1230359,7406.68,22757,402208.0, 32.69,2026-04-28
ARTEMISMED, EQ, 28-Apr-2026,245.17,245.17,246.74,239.1,240.0,240.81,243.36,123873,301.45,2644,60308.0, 48.69,2026-04-28
ARTNIRMAN, BE, 28-Apr-2026,44.99,45.0,45.0,44.7,44.7,44.7,44.95,677,0.3,14,, -,2026-04-28
ARUNAYA, SM, 28-Apr-2026,19.5,19.5,19.5,19.5,19.5,19.5,19.5,4000,0.78,2,4000.0, 100.00,2026-04-28
ARVEE, EQ, 28-Apr-2026,166.02,170.15,173.5,162.5,163.3,163.27,168.29,2549,4.29,40,1320.0, 51.79,2026-04-28
ARVIND, EQ, 28-Apr-2026,390.7,391.45,396.0,387.0,394.0,393.25,393.18,247961,974.94,11436,126901.0, 51.18,2026-04-28
ARVINDFASN, EQ, 28-Apr-2026,452.65,453.5,459.25,442.8,445.0,444.45,445.88,203633,907.95,22301,126983.0, 62.36,2026-04-28
ARVSMART, EQ, 28-Apr-2026,631.85,633.0,635.0,622.5,634.0,630.75,629.31,43638,274.62,1217,22282.0, 51.06,2026-04-28
ASAHIINDIA, EQ, 28-Apr-2026,854.95,850.0,868.9,850.0,868.4,866.55,863.75,88991,768.66,4902,40923.0, 45.99,2026-04-28
ASAHISONG, EQ, 28-Apr-2026,240.21,243.0,254.49,229.37,235.99,234.31,242.59,71176,172.66,4792,19654.0, 27.61,2026-04-28
ASAL, EQ, 28-Apr-2026,532.3,533.9,544.65,525.6,527.5,527.35,535.43,66110,353.98,3706,19014.0, 28.76,2026-04-28
ASALCBR, EQ, 28-Apr-2026,899.85,903.45,904.35,872.4,885.1,884.75,883.0,55887,493.48,2271,29216.0, 52.28,2026-04-28
ASHAPURMIN, EQ, 28-Apr-2026,622.2,627.25,668.8,623.45,651.0,648.1,650.07,1920698,12485.88,51645,487049.0, 25.36,2026-04-28
ASHIANA, EQ, 28-Apr-2026,335.6,338.4,343.0,333.0,339.0,339.1,337.73,30401,102.67,984,14800.0, 48.68,2026-04-28
ASHIKA, EQ, 28-Apr-2026,399.55,397.4,399.85,383.6,397.0,394.3,394.59,112466,443.78,1022,86316.0, 76.75,2026-04-28
ASHIMASYN, EQ, 28-Apr-2026,16.14,16.5,16.5,15.96,16.05,16.02,16.18,86487,14.0,406,45625.0, 52.75,2026-04-28
ASHOKA, EQ, 28-Apr-2026,136.79,136.85,139.29,135.84,137.4,136.9,137.47,1038490,1427.56,9599,462974.0, 44.58,2026-04-28
ASHOKAMET, EQ, 28-Apr-2026,16.9,16.9,17.39,16.26,16.54,16.59,16.64,37431,6.23,313,22799.0, 60.91,2026-04-28
ASHOKLEY, EQ, 28-Apr-2026,169.3,169.26,172.01,167.01,167.74,167.52,168.79,17796360,30039.28,100985,9359037.0, 52.59,2026-04-28
ASHWINI, SM, 28-Apr-2026,147.1,147.25,147.25,146.0,146.0,146.75,146.78,53000,77.79,36,53000.0, 100.00,2026-04-28
ASIANENE, EQ, 28-Apr-2026,313.98,310.84,320.0,310.84,316.0,316.9,316.71,110527,350.05,2128,63306.0, 57.28,2026-04-28
ASIANHOTNR, EQ, 28-Apr-2026,299.6,294.7,300.0,293.1,300.0,299.8,297.38,2101,6.25,162,885.0, 42.12,2026-04-28
ASIANPAINT, EQ, 28-Apr-2026,2485.2,2475.0,2499.0,2456.1,2456.1,2462.6,2476.32,556571,13782.5,56752,215096.0, 38.65,2026-04-28
ASIANTILES, EQ, 28-Apr-2026,77.52,78.5,78.63,70.21,75.5,76.97,73.4,14983877,10997.73,32514,3604248.0, 24.05,2026-04-28
ASKAUTOLTD, EQ, 28-Apr-2026,435.55,434.2,451.95,433.65,449.5,449.0,443.45,647581,2871.73,16031,426004.0, 65.78,2026-04-28
ASMS, EQ, 28-Apr-2026,8.29,8.29,8.59,7.88,8.05,8.0,8.14,2662293,216.63,2748,910634.0, 34.20,2026-04-28
ASPINWALL, EQ, 28-Apr-2026,228.6,232.99,232.99,228.21,232.9,232.84,231.65,444,1.03,42,241.0, 54.28,2026-04-28
ASPIRE, SM, 28-Apr-2026,16.5,16.2,16.2,16.2,16.2,16.2,16.2,2000,0.32,1,2000.0, 100.00,2026-04-28
ASTAR, EQ, 28-Apr-2026,644.5,644.0,644.0,638.0,638.0,638.0,641.0,2,0.01,2,2.0, 100.00,2026-04-28
ASTEC, EQ, 28-Apr-2026,749.9,758.0,758.0,720.0,728.9,726.75,729.23,75483,550.45,2898,24241.0, 32.11,2026-04-28
ASTERDM, EQ, 28-Apr-2026,719.8,720.05,723.0,697.55,706.0,705.3,709.95,768228,5454.03,26798,430170.0, 56.00,2026-04-28
ASTRAL, EQ, 28-Apr-2026,1535.0,1545.5,1558.9,1532.0,1547.0,1548.9,1545.31,468230,7235.59,22411,205033.0, 43.79,2026-04-28
ASTRAMICRO, EQ, 28-Apr-2026,1138.35,1140.0,1141.95,1092.0,1101.95,1096.3,1107.12,256845,2843.59,14523,108988.0, 42.43,2026-04-28
ASTRAZEN, EQ, 28-Apr-2026,8573.0,8578.0,8598.5,8426.5,8431.0,8465.5,8498.8,3122,265.33,1156,1394.0, 44.65,2026-04-28
ASTRON, BE, 28-Apr-2026,4.42,4.42,4.48,4.38,4.47,4.46,4.42,13331,0.59,59,, -,2026-04-28
ATALREAL, EQ, 28-Apr-2026,25.47,25.47,26.19,25.3,25.4,25.82,25.65,3763682,965.48,2976,384097.0, 10.21,2026-04-28
ATAM, EQ, 28-Apr-2026,69.73,70.4,70.95,68.01,68.65,69.16,70.14,6523,4.58,277,4618.0, 70.80,2026-04-28
ATCENERGY, ST, 28-Apr-2026,29.05,30.2,30.5,30.2,30.5,30.5,30.38,16800,5.1,11,16800.0, 100.00,2026-04-28
ATGL, EQ, 28-Apr-2026,635.6,639.0,684.9,636.85,654.5,653.85,659.59,15861517,104621.37,219140,1676692.0, 10.57,2026-04-28
ATHERENERG, EQ, 28-Apr-2026,941.2,951.0,971.15,923.7,929.05,931.15,939.19,3723757,34973.02,78631,1123736.0, 30.18,2026-04-28
ATL, EQ, 28-Apr-2026,25.84,25.91,26.15,25.33,25.89,25.74,25.71,169697,43.64,1010,112952.0, 66.56,2026-04-28
ATLANTAA, EQ, 28-Apr-2026,41.88,41.4,42.94,41.39,41.55,42.41,42.33,56086,23.74,927,33277.0, 59.33,2026-04-28
ATLANTAELE, EQ, 28-Apr-2026,1815.6,1795.0,1846.2,1724.9,1770.0,1765.1,1764.8,393569,6945.7,16238,247290.0, 62.83,2026-04-28
ATLASCYCLE, EQ, 28-Apr-2026,103.25,102.03,103.8,101.05,102.1,101.87,101.96,7256,7.4,177,3402.0, 46.89,2026-04-28
ATLPP, E1, 28-Apr-2026,9.7,9.69,9.8,9.07,9.07,9.07,9.59,129,0.01,10,126.0, 97.67,2026-04-28
ATMASTCO, SM, 28-Apr-2026,148.95,149.0,150.05,146.0,146.25,146.25,148.05,8800,13.03,22,7200.0, 81.82,2026-04-28
ATUL, EQ, 28-Apr-2026,6700.0,6700.0,7029.5,6680.0,6880.0,6855.0,6907.9,72001,4973.76,14820,25800.0, 35.83,2026-04-28
ATULAUTO, EQ, 28-Apr-2026,491.55,491.5,494.75,482.2,488.8,485.8,486.1,204874,995.89,5234,71688.0, 34.99,2026-04-28
AUBANK, EQ, 28-Apr-2026,1043.0,1062.9,1062.9,1017.1,1023.0,1022.8,1037.27,5915671,61361.68,112192,1938785.0, 32.77,2026-04-28
AURIGROW, EQ, 28-Apr-2026,0.37,0.36,0.36,0.36,0.36,0.36,0.36,3215319,11.58,1256,3215318.0, 100.00,2026-04-28
AURIONPRO, EQ, 28-Apr-2026,879.05,879.9,883.3,864.0,879.8,873.2,875.65,68321,598.25,3787,37205.0, 54.46,2026-04-28
AUROPHARMA, EQ, 28-Apr-2026,1416.7,1415.0,1430.0,1410.3,1425.0,1422.6,1423.16,847634,12063.18,40028,463839.0, 54.72,2026-04-28
AURUM, EQ, 28-Apr-2026,183.9,185.96,189.95,181.01,182.99,182.06,184.63,153714,283.8,2239,93463.0, 60.80,2026-04-28
AUSL, SM, 28-Apr-2026,22.3,23.4,23.4,23.4,23.4,23.4,23.4,4000,0.94,2,4000.0, 100.00,2026-04-28
AUSOMENT, EQ, 28-Apr-2026,138.47,135.02,150.0,135.02,149.75,147.75,144.75,29256,42.35,807,17949.0, 61.35,2026-04-28
AUTOAXLES, EQ, 28-Apr-2026,1877.9,1896.7,1897.0,1851.0,1858.1,1883.7,1883.97,8745,164.75,2460,5457.0, 62.40,2026-04-28
AUTOBEES, EQ, 28-Apr-2026,268.13,268.69,269.65,265.1,265.75,265.41,266.95,194745,519.88,2952,94319.0, 48.43,2026-04-28
AUTOIETF, EQ, 28-Apr-2026,26.85,26.17,27.52,26.17,26.62,26.59,26.75,349583,93.5,2190,128740.0, 36.83,2026-04-28
AUTOIND, EQ, 28-Apr-2026,66.65,67.35,70.09,58.55,60.4,62.22,63.4,587726,372.63,2684,415168.0, 70.64,2026-04-28
AVADHSUGAR, BE, 28-Apr-2026,475.4,483.0,483.0,465.0,465.05,465.55,469.98,17740,83.37,579,, -,2026-04-28
AVAILFC, EQ, 28-Apr-2026,156.35,158.0,158.0,151.5,153.0,153.75,153.47,3855,5.92,64,3765.0, 97.67,2026-04-28
AVALON, EQ, 28-Apr-2026,1083.35,1088.5,1092.35,1031.7,1042.0,1035.95,1049.96,201772,2118.52,14201,116486.0, 57.73,2026-04-28
AVANA, ST, 28-Apr-2026,127.55,127.55,133.9,127.55,133.9,133.85,132.52,44000,58.31,22,44000.0, 100.00,2026-04-28
AVANTEL, EQ, 28-Apr-2026,156.7,156.85,158.7,150.51,151.6,151.27,152.89,2214580,3385.95,30674,1087797.0, 49.12,2026-04-28
AVANTIFEED, EQ, 28-Apr-2026,1426.2,1426.4,1482.6,1406.0,1432.0,1414.6,1444.96,704447,10178.94,34295,153355.0, 21.77,2026-04-28
AVATAR, SM, 28-Apr-2026,105.0,110.0,110.0,110.0,110.0,110.0,110.0,2000,2.2,1,2000.0, 100.00,2026-04-28
AVG, EQ, 28-Apr-2026,168.07,170.78,173.74,165.0,165.03,167.23,169.62,15641,26.53,509,8292.0, 53.01,2026-04-28
AVIANSH, SM, 28-Apr-2026,114.5,115.0,115.0,112.0,112.0,112.0,113.17,9000,10.19,9,7000.0, 77.78,2026-04-28
AVL, EQ, 28-Apr-2026,517.4,520.0,550.0,519.65,540.0,542.7,536.08,281403,1508.54,14695,147646.0, 52.47,2026-04-28
AVONMORE, EQ, 28-Apr-2026,12.35,12.35,12.96,12.27,12.9,12.84,12.7,163609,20.77,785,101839.0, 62.25,2026-04-28
AVPINFRA, SM, 28-Apr-2026,95.55,95.55,100.3,95.0,96.0,95.55,98.07,139200,136.51,143,60000.0, 43.10,2026-04-28
AVROIND, EQ, 28-Apr-2026,129.33,131.23,134.2,126.01,127.4,126.72,130.19,136966,178.32,2681,59029.0, 43.10,2026-04-28
AVTNPL, EQ, 28-Apr-2026,68.83,69.81,76.16,68.11,71.1,70.86,71.88,168639,121.21,1250,123424.0, 73.19,2026-04-28
AWFIS, EQ, 28-Apr-2026,350.05,351.5,362.0,350.0,355.7,356.42,356.73,143210,510.87,3736,63881.0, 44.61,2026-04-28
AWHCL, EQ, 28-Apr-2026,515.9,515.9,520.0,510.2,511.9,512.65,514.61,74924,385.57,2414,36987.0, 49.37,2026-04-28
AWL, EQ, 28-Apr-2026,205.95,208.51,208.89,204.05,205.3,204.91,205.87,2708182,5575.21,30082,1127611.0, 41.64,2026-04-28
AXISBANK, EQ, 28-Apr-2026,1324.2,1312.0,1321.4,1285.5,1288.8,1289.0,1297.09,9939787,128928.12,216728,6051470.0, 60.88,2026-04-28
AXISBNKETF, EQ, 28-Apr-2026,577.76,575.22,576.6,568.5,568.5,569.54,573.64,5319,30.51,90,3645.0, 68.53,2026-04-28
AXISBPSETF, EQ, 28-Apr-2026,13.33,12.99,13.61,12.99,13.35,13.33,13.25,1552156,205.72,362,1544985.0, 99.54,2026-04-28
AXISCADES, EQ, 28-Apr-2026,1900.9,1900.9,1969.0,1856.5,1914.0,1933.2,1898.84,125054,2374.58,9015,52704.0, 42.14,2026-04-28
AXISCETF, EQ, 28-Apr-2026,117.64,117.6,117.6,116.53,117.17,117.24,116.99,918,1.07,16,853.0, 92.92,2026-04-28
AXISGOLD, EQ, 28-Apr-2026,125.2,128.33,134.75,123.31,123.48,123.46,123.88,1326442,1643.23,6185,986941.0, 74.41,2026-04-28
AXISHCETF, EQ, 28-Apr-2026,151.88,151.88,152.57,151.0,151.67,151.74,151.98,3639,5.53,78,2671.0, 73.40,2026-04-28
AXISILVER, EQ, 28-Apr-2026,239.42,237.23,238.08,232.76,233.0,233.11,234.63,479267,1124.51,4964,260417.0, 54.34,2026-04-28
AXISNIFTY, EQ, 28-Apr-2026,264.86,270.16,270.16,263.04,264.41,264.05,264.13,16685,44.07,192,14993.0, 89.86,2026-04-28
AXISTECETF, EQ, 28-Apr-2026,321.76,321.77,321.77,317.36,318.31,318.28,319.65,3700,11.83,95,3395.0, 91.76,2026-04-28
AXISVALUE, EQ, 28-Apr-2026,34.12,34.97,34.97,34.11,34.31,34.18,34.26,39468,13.52,273,23138.0, 58.62,2026-04-28
AXITA, EQ, 28-Apr-2026,8.22,8.23,8.33,8.14,8.2,8.22,8.2,196061,16.08,831,142082.0, 72.47,2026-04-28
AXSENSEX, EQ, 28-Apr-2026,79.89,79.89,80.04,79.1,79.53,79.5,79.67,1189,0.95,54,1103.0, 92.77,2026-04-28
AYE, EQ, 28-Apr-2026,148.42,148.51,156.29,142.5,144.6,145.08,151.36,4955267,7500.33,41201,1326465.0, 26.77,2026-04-28
AYMSYNTEX, EQ, 28-Apr-2026,223.11,225.34,239.8,221.5,233.0,238.27,233.12,24111,56.21,671,16023.0, 66.46,2026-04-28
AZAD, EQ, 28-Apr-2026,2237.1,2237.1,2255.0,2172.2,2213.1,2201.0,2204.96,456653,10069.03,25253,152245.0, 33.34,2026-04-28
BABAFP, SM, 28-Apr-2026,27.5,27.5,27.5,27.5,27.5,27.5,27.5,1600,0.44,1,1600.0, 100.00,2026-04-28
BAFNAPH, BE, 28-Apr-2026,133.53,133.4,136.32,129.0,132.97,132.97,130.73,3844,5.03,44,, -,2026-04-28
BAGFILMS, EQ, 28-Apr-2026,5.35,5.44,5.44,5.03,5.23,5.27,5.25,82545,4.33,189,54966.0, 66.59,2026-04-28
BAHETI, SM, 28-Apr-2026,595.7,601.0,612.0,599.95,609.95,609.75,606.15,36375,220.49,91,19875.0, 54.64,2026-04-28
BAIDFIN, EQ, 28-Apr-2026,11.14,11.38,11.38,11.1,11.15,11.19,11.16,34224,3.82,88,32759.0, 95.72,2026-04-28
BAJAJ-AUTO, EQ, 28-Apr-2026,9662.0,9622.0,9662.5,9475.0,9483.0,9495.5,9564.53,256811,24562.78,32838,122800.0, 47.82,2026-04-28
BAJAJCON, EQ, 28-Apr-2026,448.35,448.35,470.0,442.4,469.2,465.95,460.54,1331467,6131.97,36230,604808.0, 45.42,2026-04-28
BAJAJELEC, EQ, 28-Apr-2026,397.2,397.2,407.9,395.35,397.95,398.0,401.75,156099,627.13,4595,57037.0, 36.54,2026-04-28
BAJAJFINSV, EQ, 28-Apr-2026,1772.2,1772.1,1790.8,1757.7,1779.9,1779.0,1775.72,1414112,25110.63,63540,794115.0, 56.16,2026-04-28
BAJAJHCARE, EQ, 28-Apr-2026,331.8,334.9,334.9,320.8,323.05,324.5,325.23,137163,446.09,2048,78808.0, 57.46,2026-04-28
BAJAJHFL, EQ, 28-Apr-2026,91.07,91.7,93.0,89.0,89.5,89.37,90.58,14442217,13082.43,74959,6129034.0, 42.44,2026-04-28
BAJAJHIND, EQ, 28-Apr-2026,19.51,19.39,19.63,19.31,19.42,19.41,19.44,5238508,1018.54,7502,2210706.0, 42.20,2026-04-28
BAJAJHLDNG, EQ, 28-Apr-2026,10333.5,10333.5,10392.0,10185.0,10297.5,10246.5,10312.08,65957,6801.54,12348,38939.0, 59.04,2026-04-28
BAJAJINDEF, EQ, 28-Apr-2026,314.39,316.89,333.0,315.63,324.0,324.46,324.18,63997,207.47,1705,25488.0, 39.83,2026-04-28
BAJAJST, EQ, 28-Apr-2026,461.45,468.95,474.7,454.55,467.0,465.6,465.11,6918,32.18,444,4238.0, 61.26,2026-04-28
BAJEL, EQ, 28-Apr-2026,183.12,184.45,184.45,180.1,181.99,181.37,182.13,169060,307.91,3381,61137.0, 36.16,2026-04-28
BAJFINANCE, EQ, 28-Apr-2026,921.8,921.8,929.9,914.35,920.0,923.65,923.58,7119135,65751.21,138722,4082142.0, 57.34,2026-04-28
BALAJEE, EQ, 28-Apr-2026,32.29,32.71,33.5,31.51,32.6,33.04,32.61,31708,10.34,348,17628.0, 55.59,2026-04-28
BALAJIPHOS, SM, 28-Apr-2026,108.0,108.0,108.0,106.0,106.0,107.0,107.08,6000,6.43,6,6000.0, 100.00,2026-04-28
BALAJITELE, EQ, 28-Apr-2026,100.77,100.52,102.7,97.35,98.37,98.68,100.81,528060,532.35,3440,128364.0, 24.31,2026-04-28
BALAMINES, EQ, 28-Apr-2026,1306.9,1308.1,1331.0,1295.0,1315.0,1325.8,1314.48,113155,1487.4,7614,54582.0, 48.24,2026-04-28
BALAXI, BE, 28-Apr-2026,26.61,26.61,27.65,26.13,26.83,26.54,26.96,50471,13.61,217,, -,2026-04-28
BALCO, SM, 28-Apr-2026,22.9,23.0,23.0,21.8,21.8,21.8,22.29,6000,1.34,5,6000.0, 100.00,2026-04-28
BALKRISHNA, EQ, 28-Apr-2026,18.77,18.86,18.86,17.51,18.75,18.6,18.41,29037,5.35,226,20431.0, 70.36,2026-04-28
BALKRISIND, EQ, 28-Apr-2026,2223.4,2237.0,2247.6,2185.0,2189.3,2189.3,2197.27,83857,1842.57,11941,49022.0, 58.46,2026-04-28
BALMLAWRIE, EQ, 28-Apr-2026,183.17,182.7,184.61,180.96,181.5,181.42,182.46,134041,244.57,1868,71733.0, 53.52,2026-04-28
BALPHARMA, EQ, 28-Apr-2026,75.42,76.01,77.97,76.0,76.15,76.16,76.59,1941,1.49,148,1767.0, 91.04,2026-04-28
BALRAMCHIN, EQ, 28-Apr-2026,520.5,519.7,521.45,500.0,506.75,508.7,509.54,814973,4152.6,24510,415010.0, 50.92,2026-04-28
BALUFORGE, EQ, 28-Apr-2026,483.25,487.7,502.7,483.3,498.5,498.25,492.2,722195,3554.67,21602,279831.0, 38.75,2026-04-28
BANARBEADS, EQ, 28-Apr-2026,111.48,114.79,114.8,111.4,113.94,111.46,111.68,881,0.98,58,762.0, 86.49,2026-04-28
BANARISUG, EQ, 28-Apr-2026,3607.8,3603.1,3605.0,3600.0,3600.6,3601.0,3601.61,122,4.39,19,81.0, 66.39,2026-04-28
BANCOINDIA, EQ, 28-Apr-2026,624.55,628.95,633.9,618.0,625.0,625.6,626.3,250358,1568.0,10896,91734.0, 36.64,2026-04-28
BANDHANBNK, EQ, 28-Apr-2026,181.87,179.66,183.09,177.7,178.0,178.65,180.84,8518404,15404.43,39284,3500718.0, 41.10,2026-04-28
BANG, EQ, 28-Apr-2026,38.54,39.6,39.69,38.8,39.49,39.12,39.19,3016,1.18,54,1611.0, 53.42,2026-04-28
BANK10ADD, EQ, 28-Apr-2026,16.75,16.63,16.74,16.42,16.42,16.5,16.57,40531,6.71,123,23986.0, 59.18,2026-04-28
BANKA, BE, 28-Apr-2026,71.01,71.01,74.56,71.01,74.56,74.56,74.24,6394,4.75,28,, -,2026-04-28
BANKADD, EQ, 28-Apr-2026,57.31,57.03,57.24,56.39,56.62,56.57,56.9,137476,78.23,207,94927.0, 69.05,2026-04-28
BANKBARODA, EQ, 28-Apr-2026,273.99,270.0,272.06,265.61,268.65,267.83,269.02,12427177,33431.56,71471,4645722.0, 37.38,2026-04-28
BANKBEES, EQ, 28-Apr-2026,579.98,580.1,580.1,570.6,573.0,571.95,574.71,918147,5276.67,17869,532952.0, 58.05,2026-04-28
BANKBETA, EQ, 28-Apr-2026,57.84,59.28,59.28,57.0,57.12,57.09,57.23,853208,488.31,2007,532273.0, 62.38,2026-04-28
BANKBETF, EQ, 28-Apr-2026,56.95,56.78,56.88,56.01,56.6,56.19,56.44,15499,8.75,322,13466.0, 86.88,2026-04-28
BANKETF, EQ, 28-Apr-2026,570.35,569.58,570.12,561.48,562.3,562.94,563.55,68047,383.48,414,15399.0, 22.63,2026-04-28
BANKIETF, EQ, 28-Apr-2026,57.43,57.05,57.41,56.52,56.79,56.64,56.83,1384069,786.54,3261,1108072.0, 80.06,2026-04-28
BANKINDIA, EQ, 28-Apr-2026,147.51,144.0,145.6,141.67,144.29,144.25,144.07,15483742,22307.67,75628,5986831.0, 38.67,2026-04-28
BANKNIFTY1, EQ, 28-Apr-2026,58.05,58.22,58.22,57.05,57.25,57.25,57.43,555269,318.91,1313,306046.0, 55.12,2026-04-28
BANKPSU, EQ, 28-Apr-2026,88.91,88.5,88.5,86.79,87.13,86.97,87.35,36884,32.22,382,31632.0, 85.76,2026-04-28
BANSALWIRE, EQ, 28-Apr-2026,307.03,307.03,309.8,302.8,304.0,303.59,304.24,87524,266.28,1359,47044.0, 53.75,2026-04-28
BANSWRAS, EQ, 28-Apr-2026,117.46,120.4,122.85,118.5,120.01,120.35,120.52,32506,39.18,514,22593.0, 69.50,2026-04-28
BARFLEX, SM, 28-Apr-2026,59.95,61.9,61.9,60.0,60.0,60.0,60.14,28000,16.84,10,24000.0, 85.71,2026-04-28
BASF, EQ, 28-Apr-2026,3645.1,3659.0,3675.0,3636.1,3647.0,3651.3,3653.6,11188,408.76,3116,6540.0, 58.46,2026-04-28
BASILIC, SM, 28-Apr-2026,240.3,240.5,243.95,237.5,243.95,243.95,240.17,8400,20.17,23,7800.0, 92.86,2026-04-28
BASML, EQ, 28-Apr-2026,23.24,23.5,23.79,23.01,23.56,23.65,23.59,56766,13.39,352,41357.0, 72.86,2026-04-28
BATAINDIA, EQ, 28-Apr-2026,731.15,732.55,733.0,724.15,726.4,725.5,727.66,79431,577.98,5702,46202.0, 58.17,2026-04-28
BATLIBOI, EQ, 28-Apr-2026,82.1,79.05,84.0,79.0,83.2,83.55,81.9,12891,10.56,227,7481.0, 58.03,2026-04-28
BAWEJA, SM, 28-Apr-2026,37.2,37.0,38.9,36.0,38.8,37.3,37.57,16800,6.31,14,12000.0, 71.43,2026-04-28
BAYERCROP, EQ, 28-Apr-2026,4676.3,4687.0,4729.8,4585.0,4600.0,4600.4,4630.91,26411,1223.07,6856,17163.0, 64.98,2026-04-28
BBETF0432, EQ, 28-Apr-2026,1317.11,1316.7,1320.01,1310.92,1314.5,1314.56,1315.51,681,8.96,65,500.0, 73.42,2026-04-28
BBL, EQ, 28-Apr-2026,3216.4,3236.6,3250.0,3162.5,3180.0,3182.5,3194.96,82605,2639.2,9041,39237.0, 47.50,2026-04-28
BBNPNBETF, EQ, 28-Apr-2026,56.72,56.33,56.51,55.69,55.71,55.84,56.07,2930,1.64,50,2804.0, 95.70,2026-04-28
BBNPPGOLD, EQ, 28-Apr-2026,145.75,146.0,146.95,142.95,143.4,143.5,144.43,9323,13.47,159,6672.0, 71.56,2026-04-28
BBOX, EQ, 28-Apr-2026,579.65,586.0,655.85,582.0,641.6,639.85,635.23,8016542,50923.25,163052,1461574.0, 18.23,2026-04-28
BBTC, EQ, 28-Apr-2026,1512.2,1500.2,1523.0,1492.1,1496.5,1497.7,1506.23,31892,480.37,3168,16393.0, 51.40,2026-04-28
BBTCL, EQ, 28-Apr-2026,200.77,199.99,202.1,196.01,199.99,200.08,200.33,1859,3.72,73,1170.0, 62.94,2026-04-28
BCG, BE, 28-Apr-2026,9.6,9.65,9.7,9.56,9.63,9.62,9.63,1600344,154.07,2260,, -,2026-04-28
BCLIND, EQ, 28-Apr-2026,34.23,33.9,34.78,33.9,34.01,34.13,34.38,475935,163.64,2689,261946.0, 55.04,2026-04-28
BCONCEPTS, EQ, 28-Apr-2026,245.52,249.26,259.38,245.0,245.0,245.28,249.22,7074,17.63,1082,1760.0, 24.88,2026-04-28
BCPL, EQ, 28-Apr-2026,71.03,71.94,72.5,70.03,71.8,71.88,71.63,54652,39.15,2592,21033.0, 38.49,2026-04-28
BDL, EQ, 28-Apr-2026,1391.3,1389.9,1406.2,1384.2,1403.0,1396.7,1395.43,723230,10092.2,22478,166267.0, 22.99,2026-04-28
BEACON, SM, 28-Apr-2026,98.9,100.9,105.0,98.0,103.0,103.0,102.12,25000,25.53,19,17000.0, 68.00,2026-04-28
BEARDSELL, EQ, 28-Apr-2026,26.48,27.15,27.9,26.12,26.69,26.31,26.86,16518,4.44,132,8913.0, 53.96,2026-04-28
BECTORFOOD, EQ, 28-Apr-2026,199.29,200.25,200.84,195.99,197.09,196.82,197.64,408138,806.66,7770,224136.0, 54.92,2026-04-28
BEDMUTHA, BE, 28-Apr-2026,112.0,111.11,113.79,110.49,113.0,112.86,111.43,689,0.77,15,, -,2026-04-28
BEEKAY, EQ, 28-Apr-2026,434.65,434.6,455.0,430.0,436.25,439.4,446.39,3092,13.8,222,2740.0, 88.62,2026-04-28
BEL, EQ, 28-Apr-2026,435.6,435.6,441.0,433.55,436.65,435.75,437.1,10883746,47572.48,140130,5311977.0, 48.81,2026-04-28
BELLACASA, EQ, 28-Apr-2026,264.5,267.16,267.28,255.01,261.8,256.86,261.27,9046,23.63,623,4010.0, 44.33,2026-04-28
BELRISE, EQ, 28-Apr-2026,216.78,217.0,220.8,214.5,216.25,215.7,217.29,1821809,3958.53,21424,728832.0, 40.01,2026-04-28
BEML, EQ, 28-Apr-2026,1821.7,1821.7,1848.0,1806.4,1844.0,1842.0,1830.76,296178,5422.31,16914,130052.0, 43.91,2026-04-28
BENGALASM, EQ, 28-Apr-2026,6311.25,6311.25,6610.3,6101.1,6312.0,6316.75,6290.13,554,34.85,210,234.0, 42.24,2026-04-28
BEPL, EQ, 28-Apr-2026,96.53,96.53,99.89,96.44,99.7,98.69,98.71,1062140,1048.47,7917,511883.0, 48.19,2026-04-28
BERGEPAINT, EQ, 28-Apr-2026,463.6,463.6,469.0,459.0,459.1,459.85,460.51,73492,338.44,6840,38223.0, 52.01,2026-04-28
BESTAGRO, EQ, 28-Apr-2026,17.59,17.59,18.95,17.19,18.7,18.54,18.04,625969,112.93,1880,330788.0, 52.84,2026-04-28
BETA, EQ, 28-Apr-2026,1312.7,1312.7,1345.0,1275.0,1293.0,1302.3,1318.03,7392,97.43,576,3600.0, 48.70,2026-04-28
BEWLTD, SM, 28-Apr-2026,84.45,86.3,90.6,83.65,83.8,84.7,87.31,43500,37.98,63,31500.0, 72.41,2026-04-28
BFINVEST, EQ, 28-Apr-2026,419.25,415.0,422.95,415.0,422.5,419.6,419.82,9702,40.73,837,5912.0, 60.94,2026-04-28
BFSI, EQ, 28-Apr-2026,27.05,27.05,27.16,26.79,26.81,26.83,26.95,337054,90.83,895,277520.0, 82.34,2026-04-28
BFUTILITIE, EQ, 28-Apr-2026,568.65,568.7,576.95,563.0,571.0,569.45,568.45,27060,153.82,1032,14356.0, 53.05,2026-04-28
BGRENERGY, BE, 28-Apr-2026,298.27,293.0,313.18,291.0,313.18,311.21,308.48,298396,920.48,1643,, -,2026-04-28
BHADORA, SM, 28-Apr-2026,65.0,68.8,72.5,67.5,68.5,70.1,69.88,42000,29.35,32,22800.0, 54.29,2026-04-28
BHAGCHEM, EQ, 28-Apr-2026,272.6,272.6,274.9,266.35,267.1,268.61,270.68,133176,360.48,1712,79053.0, 59.36,2026-04-28
BHAGERIA, EQ, 28-Apr-2026,171.8,171.0,180.5,171.0,180.1,176.71,174.31,41020,71.5,792,25450.0, 62.04,2026-04-28
BHAGYANGR, EQ, 28-Apr-2026,249.26,250.1,285.49,250.1,276.0,278.67,272.44,2053019,5593.16,28024,579123.0, 28.21,2026-04-28
BHANDARI, EQ, 28-Apr-2026,3.26,3.3,3.35,3.22,3.24,3.27,3.28,208051,6.83,379,153479.0, 73.77,2026-04-28
BHARATCOAL, EQ, 28-Apr-2026,33.91,34.0,34.0,33.6,33.69,33.67,33.73,6900819,2327.88,16682,3692795.0, 53.51,2026-04-28
BHARATFORG, EQ, 28-Apr-2026,1901.1,1910.0,1915.0,1890.0,1905.0,1894.8,1899.28,546155,10372.99,37595,236935.0, 43.38,2026-04-28
BHARATGEAR, EQ, 28-Apr-2026,109.75,109.75,110.87,106.8,107.2,107.36,108.39,19044,20.64,523,12236.0, 64.25,2026-04-28
BHARATRAS, EQ, 28-Apr-2026,1394.4,1401.0,1420.0,1380.0,1403.0,1388.4,1401.26,10094,141.44,1235,4830.0, 47.85,2026-04-28
BHARATSE, EQ, 28-Apr-2026,177.08,177.5,179.55,171.05,174.44,173.29,174.43,119830,209.02,1947,62175.0, 51.89,2026-04-28
BHARATWIRE, EQ, 28-Apr-2026,227.98,231.0,231.8,220.71,222.98,222.91,225.53,474150,1069.37,5128,212136.0, 44.74,2026-04-28
BHARTIARTL, EQ, 28-Apr-2026,1820.1,1826.0,1852.0,1812.6,1851.0,1843.8,1838.21,10558455,194086.31,226293,6419592.0, 60.80,2026-04-28
BHARTIHEXA, EQ, 28-Apr-2026,1499.4,1490.0,1518.0,1484.1,1508.3,1509.6,1498.85,332520,4983.96,21135,261871.0, 78.75,2026-04-28
BHEL, EQ, 28-Apr-2026,348.58,349.69,356.0,347.28,354.6,354.71,352.44,14893265,52489.39,78043,7052391.0, 47.35,2026-04-28
BI, EQ, 28-Apr-2026,61.45,63.45,63.45,60.0,61.6,60.85,60.84,3114,1.89,66,2950.0, 94.73,2026-04-28
BIGBLOC, EQ, 28-Apr-2026,48.76,47.61,49.59,47.05,48.2,48.27,48.42,69362,33.59,1686,36002.0, 51.90,2026-04-28
BIKAJI, EQ, 28-Apr-2026,680.5,680.5,686.1,669.1,678.6,672.75,675.7,155248,1049.01,11329,77581.0, 49.97,2026-04-28
BIKEWO, SM, 28-Apr-2026,23.45,22.5,25.75,21.5,23.75,25.0,22.73,198000,45.0,44,166000.0, 83.84,2026-04-28
BIL, EQ, 28-Apr-2026,771.4,780.0,789.3,760.0,775.0,776.3,772.19,1810,13.98,202,917.0, 50.66,2026-04-28
BIMETAL, EQ, 28-Apr-2026,583.6,583.0,604.8,562.55,604.8,600.6,571.33,89,0.51,11,88.0, 98.88,2026-04-28
BIOCON, EQ, 28-Apr-2026,362.0,361.95,364.7,359.15,362.1,362.8,362.38,4198319,15213.72,39568,2368296.0, 56.41,2026-04-28
BIOFILCHEM, EQ, 28-Apr-2026,33.73,33.72,35.5,33.53,34.25,34.22,34.21,12806,4.38,138,7518.0, 58.71,2026-04-28
BIOPOL, SM, 28-Apr-2026,107.1,107.95,118.0,100.0,112.05,113.85,107.57,338400,364.03,138,243600.0, 71.99,2026-04-28
BIRET, RR, 28-Apr-2026,320.94,320.21,326.85,320.21,325.95,325.92,325.1,186671,606.87,9142,149614.0, 80.15,2026-04-28
BIRLACABLE, EQ, 28-Apr-2026,160.24,160.24,161.37,155.5,157.33,156.81,157.74,85177,134.36,1176,49144.0, 57.70,2026-04-28
BIRLACORPN, EQ, 28-Apr-2026,942.1,942.1,946.55,917.8,922.4,921.6,927.06,43391,402.26,4183,21368.0, 49.25,2026-04-28
BIRLAMONEY, EQ, 28-Apr-2026,145.73,146.35,154.0,146.35,149.98,149.76,150.34,178192,267.89,2282,95864.0, 53.80,2026-04-28
BIRLANU, EQ, 28-Apr-2026,1426.7,1426.7,1436.8,1400.0,1403.0,1404.9,1413.2,4841,68.41,718,3476.0, 71.80,2026-04-28
BIRLAPREC, EQ, 28-Apr-2026,33.95,35.75,35.75,34.1,34.8,34.6,34.66,6597,2.29,137,5538.0, 83.95,2026-04-28
BLACKBUCK, EQ, 28-Apr-2026,618.75,615.0,615.45,564.75,583.55,581.65,582.93,2312114,13477.99,70916,1058999.0, 45.80,2026-04-28
BLACKROSE, EQ, 28-Apr-2026,84.75,84.0,85.5,83.0,85.35,83.8,84.59,8080,6.84,248,7326.0, 90.67,2026-04-28
BLAL, EQ, 28-Apr-2026,189.7,188.64,192.16,187.75,188.47,188.51,189.05,10650,20.13,278,6851.0, 64.33,2026-04-28
BLBLIMITED, BE, 28-Apr-2026,17.67,17.32,18.29,16.86,17.6,17.58,17.32,133680,23.15,107,, -,2026-04-28
BLIL, EQ, 28-Apr-2026,72.9,73.5,73.5,72.4,72.65,72.75,72.89,32464,23.66,514,24365.0, 75.05,2026-04-28
BLISSGVS, EQ, 28-Apr-2026,273.74,272.5,281.0,268.2,272.0,269.26,274.14,1057412,2898.76,12870,475177.0, 44.94,2026-04-28
BLKASHYAP, EQ, 28-Apr-2026,52.84,52.84,53.08,51.1,51.9,51.6,52.0,342949,178.33,1295,197703.0, 57.65,2026-04-28
BLS, EQ, 28-Apr-2026,282.05,284.0,284.0,277.52,280.0,279.29,279.28,604661,1688.69,13743,220881.0, 36.53,2026-04-28
BLSE, EQ, 28-Apr-2026,192.23,192.23,194.0,185.25,186.68,186.34,189.49,160672,304.46,2545,66428.0, 41.34,2026-04-28
BLUECHIP, BE, 28-Apr-2026,2.02,1.98,1.98,1.98,1.98,1.98,1.98,33479,0.66,22,, -,2026-04-28
BLUECOAST, EQ, 28-Apr-2026,31.31,31.8,31.8,30.51,30.9,30.93,31.08,7344,2.28,168,3929.0, 53.50,2026-04-28
BLUEDART, EQ, 28-Apr-2026,5421.6,5421.6,5520.0,5383.0,5383.0,5407.0,5443.43,7248,394.54,1854,3290.0, 45.39,2026-04-28
BLUEJET, EQ, 28-Apr-2026,443.65,446.95,452.0,433.15,440.0,443.45,443.32,759908,3368.83,14939,267744.0, 35.23,2026-04-28
BLUEPEBBLE, ST, 28-Apr-2026,119.9,116.5,119.0,115.1,118.0,118.0,117.17,19600,22.97,24,18000.0, 91.84,2026-04-28
BLUESTARCO, EQ, 28-Apr-2026,1916.3,1927.0,1928.9,1872.9,1886.0,1891.6,1898.2,575101,10916.54,29213,206295.0, 35.87,2026-04-28
BLUESTONE, EQ, 28-Apr-2026,540.5,544.0,544.0,508.25,513.0,514.5,519.62,554113,2879.27,21831,177154.0, 31.97,2026-04-28
BLUEWATER, SM, 28-Apr-2026,210.85,215.0,253.0,215.0,248.0,249.25,236.13,124000,292.8,113,89000.0, 71.77,2026-04-28
BLUSPRING, EQ, 28-Apr-2026,63.41,63.5,64.98,62.01,62.32,62.1,62.72,50117,31.43,602,29440.0, 58.74,2026-04-28
BMETRICS, SM, 28-Apr-2026,40.15,39.55,40.0,39.5,40.0,40.0,39.55,8800,3.48,5,8000.0, 90.91,2026-04-28
BMWVENTLTD, EQ, 28-Apr-2026,65.29,65.56,65.85,64.6,65.45,65.16,65.07,45278,29.46,498,28360.0, 62.64,2026-04-28
BNAGROCHEM, EQ, 28-Apr-2026,245.6,249.95,249.95,237.0,237.0,237.0,238.85,743,1.77,41,510.0, 68.64,2026-04-28
BNALTD, EQ, 28-Apr-2026,365.5,429.9,438.0,400.0,410.0,423.1,426.14,2970,12.66,222,825.0, 27.78,2026-04-28
BODALCHEM, EQ, 28-Apr-2026,67.21,67.72,70.76,67.29,68.65,68.87,68.73,247291,169.95,1565,135251.0, 54.69,2026-04-28
BOHRAIND, BE, 28-Apr-2026,18.56,18.3,18.56,18.19,18.56,18.56,18.56,24503,4.55,14,, -,2026-04-28
BOMDYEING, EQ, 28-Apr-2026,115.6,116.0,116.8,113.97,114.95,114.85,115.51,452644,522.83,4119,180803.0, 39.94,2026-04-28
BONLON, EQ, 28-Apr-2026,49.46,49.7,51.0,48.5,48.5,48.62,49.31,7828,3.86,92,5784.0, 73.89,2026-04-28
BORANA, BE, 28-Apr-2026,335.55,332.0,344.0,327.0,340.95,337.25,337.47,40353,136.18,330,, -,2026-04-28
BOROLTD, EQ, 28-Apr-2026,256.23,256.23,259.1,250.0,251.99,251.19,253.87,39422,100.08,1371,19371.0, 49.14,2026-04-28
BORORENEW, EQ, 28-Apr-2026,516.8,516.8,521.1,510.0,513.5,513.1,514.69,286273,1473.41,6446,169529.0, 59.22,2026-04-28
BOROSCI, EQ, 28-Apr-2026,116.3,115.91,118.9,115.31,116.85,116.73,117.26,23649,27.73,432,11394.0, 48.18,2026-04-28
BOSCH-HCIL, EQ, 28-Apr-2026,1420.7,1435.0,1456.0,1400.1,1426.2,1439.2,1426.55,15303,218.31,1406,9554.0, 62.43,2026-04-28
BOSCHLTD, EQ, 28-Apr-2026,37225.0,37180.0,37565.0,37000.0,37020.0,37320.0,37330.72,21761,8123.54,9985,10445.0, 48.00,2026-04-28
BOSS, SM, 28-Apr-2026,39.0,37.25,37.25,37.15,37.15,37.2,37.2,4000,1.49,2,4000.0, 100.00,2026-04-28
BPCL, EQ, 28-Apr-2026,312.65,308.7,313.1,305.15,308.4,307.75,308.04,14434171,44463.38,122544,9215576.0, 63.85,2026-04-28
BPL, EQ, 28-Apr-2026,57.3,57.32,60.65,56.21,59.95,59.6,59.14,353211,208.9,4106,188926.0, 53.49,2026-04-28
BRACEPORT, SM, 28-Apr-2026,48.15,50.45,54.35,50.05,51.2,51.6,51.87,36800,19.09,21,27200.0, 73.91,2026-04-28
BRANDMAN, ST, 28-Apr-2026,194.25,200.9,200.9,188.55,193.9,193.9,192.49,8800,16.94,10,6400.0, 72.73,2026-04-28
BRIGADE, EQ, 28-Apr-2026,786.75,791.4,814.0,788.35,798.2,800.65,805.13,381676,3072.99,20253,160166.0, 41.96,2026-04-28
BRIGHOTEL, EQ, 28-Apr-2026,68.01,68.4,68.45,67.81,68.0,68.05,68.04,50150,34.12,803,33705.0, 67.21,2026-04-28
BRITANNIA, EQ, 28-Apr-2026,5717.5,5723.0,5735.0,5641.0,5674.0,5662.0,5670.78,249233,14133.44,32236,145626.0, 58.43,2026-04-28
BRNL, EQ, 28-Apr-2026,20.9,20.9,21.59,20.62,20.85,20.96,21.1,40059,8.45,373,30408.0, 75.91,2026-04-28
BROOKS, BE, 28-Apr-2026,64.46,64.46,65.64,61.4,61.5,61.78,63.28,108716,68.8,269,, -,2026-04-28
BSE, EQ, 28-Apr-2026,3534.6,3552.0,3639.6,3543.6,3630.0,3626.1,3595.76,3792795,136379.82,150326,1196989.0, 31.56,2026-04-28
BSE500IETF, EQ, 28-Apr-2026,38.47,39.43,39.43,38.18,38.49,38.44,38.47,67207,25.86,658,29637.0, 44.10,2026-04-28
BSHSL, EQ, 28-Apr-2026,100.31,100.6,101.0,96.65,98.1,98.93,99.47,18988,18.89,349,9455.0, 49.79,2026-04-28
BSL, EQ, 28-Apr-2026,128.81,128.17,129.72,125.0,126.99,125.71,125.55,4890,6.14,118,3816.0, 78.04,2026-04-28
BSLGOLDETF, EQ, 28-Apr-2026,132.11,130.22,131.98,130.22,130.33,130.57,130.84,283384,370.78,2109,184431.0, 65.08,2026-04-28
BSLNIFTY, EQ, 28-Apr-2026,28.04,28.74,28.74,27.38,27.96,27.93,28.08,585201,164.34,4410,450870.0, 77.05,2026-04-28
BSLSENETFG, EQ, 28-Apr-2026,77.35,78.67,78.67,76.9,77.25,77.03,77.34,3855,2.98,139,3231.0, 83.81,2026-04-28
BSOFT, EQ, 28-Apr-2026,371.85,372.2,374.15,367.2,369.65,371.0,370.02,379823,1405.41,15218,158249.0, 41.66,2026-04-28
BTML, EQ, 28-Apr-2026,6.3,6.28,6.4,6.26,6.26,6.29,6.28,271634,17.06,246,226208.0, 83.28,2026-04-28
BTTL, EQ, 28-Apr-2026,33.15,33.85,34.7,33.1,33.2,33.4,33.49,13416,4.49,169,9518.0, 70.95,2026-04-28
BUILDPRO, EQ, 28-Apr-2026,1128.8,1128.8,1150.0,1125.2,1140.95,1135.3,1141.23,25578,291.9,1592,17456.0, 68.25,2026-04-28
BUTTERFLY, EQ, 28-Apr-2026,606.55,607.0,613.9,595.55,604.5,603.3,604.73,19081,115.39,1196,9416.0, 49.35,2026-04-28
BVCL, EQ, 28-Apr-2026,45.88,45.88,46.4,44.3,44.6,45.25,45.38,28993,13.16,292,17954.0, 61.93,2026-04-28
BYKE, BE, 28-Apr-2026,37.24,37.24,38.27,36.8,37.99,37.73,37.31,16495,6.15,104,, -,2026-04-28
C2C, SM, 28-Apr-2026,485.9,482.5,494.9,448.0,450.0,452.35,464.7,217950,1012.82,1316,144150.0, 66.14,2026-04-28
CADSYS, SM, 28-Apr-2026,63.1,63.1,63.1,63.1,63.1,63.1,63.1,500,0.32,1,500.0, 100.00,2026-04-28
CALSOFT, EQ, 28-Apr-2026,12.05,11.82,12.22,11.76,12.0,12.02,11.98,25669,3.08,151,21223.0, 82.68,2026-04-28
CAMLINFINE, EQ, 28-Apr-2026,127.68,129.0,129.99,123.05,124.4,124.59,126.49,2073299,2622.57,17024,790921.0, 38.15,2026-04-28
CAMPUS, EQ, 28-Apr-2026,250.59,252.0,254.5,248.99,250.5,250.23,251.4,130364,327.74,4252,52861.0, 40.55,2026-04-28
CAMS, EQ, 28-Apr-2026,759.85,760.0,769.0,750.75,766.0,760.45,758.25,1507102,11427.63,63799,758316.0, 50.32,2026-04-28
CANARYS, SM, 28-Apr-2026,19.6,20.15,20.25,18.65,18.9,18.95,19.31,136000,26.26,34,76000.0, 55.88,2026-04-28
CANBK, EQ, 28-Apr-2026,140.52,136.27,138.36,136.21,137.4,137.1,137.19,22276591,30562.07,92209,9556939.0, 42.90,2026-04-28
CANFINHOME, EQ, 28-Apr-2026,915.45,916.95,919.15,877.0,883.0,883.3,894.23,316573,2830.89,15643,200974.0, 63.48,2026-04-28
CANHLIFE, EQ, 28-Apr-2026,139.73,138.6,139.73,133.21,136.27,136.32,135.7,2279713,3093.55,32774,923885.0, 40.53,2026-04-28
CANTABIL, EQ, 28-Apr-2026,246.52,248.99,251.85,246.17,246.17,248.14,248.92,110413,274.84,1929,56275.0, 50.97,2026-04-28
CAPACITE, EQ, 28-Apr-2026,255.26,255.7,260.31,252.06,253.1,253.99,255.48,205104,524.01,5901,98740.0, 48.14,2026-04-28
CAPILLARY, EQ, 28-Apr-2026,565.55,565.55,587.0,563.55,579.1,580.25,578.15,83825,484.63,2303,32822.0, 39.16,2026-04-28
CAPINVIT, IV, 28-Apr-2026,69.98,69.87,70.17,69.73,70.0,69.99,69.98,292201,204.49,4039,280631.0, 96.04,2026-04-28
CAPITALSFB, EQ, 28-Apr-2026,263.65,264.96,266.97,260.5,264.5,264.17,262.95,35324,92.88,568,23345.0, 66.09,2026-04-28
CAPLIPOINT, EQ, 28-Apr-2026,1761.1,1761.1,1761.1,1727.0,1729.0,1732.2,1737.56,72161,1253.84,6241,42258.0, 58.56,2026-04-28
CAPTRUST, BE, 28-Apr-2026,13.15,13.41,13.41,13.41,13.41,13.41,13.41,4640,0.62,15,, -,2026-04-28
CARBORUNIV, EQ, 28-Apr-2026,946.1,946.0,973.4,943.3,967.6,968.15,961.19,123141,1183.62,8087,66086.0, 53.67,2026-04-28
CARERATING, EQ, 28-Apr-2026,1586.8,1587.0,1622.4,1575.0,1580.9,1596.2,1599.87,53359,853.68,7008,36226.0, 67.89,2026-04-28
CARRARO, EQ, 28-Apr-2026,561.25,561.95,572.4,558.85,561.0,563.4,566.1,61288,346.95,3135,31691.0, 51.71,2026-04-28
CARTRADE, EQ, 28-Apr-2026,1718.2,1725.0,1725.0,1660.3,1665.0,1663.2,1676.56,350948,5883.87,28049,127566.0, 36.35,2026-04-28
CARYSIL, EQ, 28-Apr-2026,913.3,909.0,934.0,909.0,922.0,919.25,921.31,104996,967.34,4230,52031.0, 49.56,2026-04-28
CASHIETF, EQ, 28-Apr-2026,1059.49,1059.62,1059.64,1059.62,1059.62,1059.62,1059.64,139441,1477.57,126,118132.0, 84.72,2026-04-28
CASTROLIND, EQ, 28-Apr-2026,184.51,184.5,185.1,182.82,184.0,183.81,183.94,2809325,5167.35,22569,1135635.0, 40.42,2026-04-28
CBAZAAR, SM, 28-Apr-2026,4.8,4.8,4.95,4.8,4.95,4.95,4.9,24000,1.18,3,16000.0, 66.67,2026-04-28
CCAVENUE, EQ, 28-Apr-2026,14.05,14.06,14.31,13.88,14.2,14.15,14.06,10517777,1478.75,11771,5953581.0, 56.60,2026-04-28
CCCL, EQ, 28-Apr-2026,17.87,17.67,18.6,17.35,17.49,17.5,17.78,645037,114.69,1299,463113.0, 71.80,2026-04-28
CCHHL, EQ, 28-Apr-2026,13.89,13.8,14.38,13.76,13.86,13.9,13.96,16886,2.36,136,13116.0, 77.67,2026-04-28
CCL, EQ, 28-Apr-2026,1121.2,1122.0,1129.2,1101.1,1105.7,1103.2,1110.67,101153,1123.48,8220,45484.0, 44.97,2026-04-28
CDSL, EQ, 28-Apr-2026,1324.1,1324.1,1332.6,1318.0,1325.0,1324.6,1325.11,1238028,16405.24,33803,396194.0, 32.00,2026-04-28
CEATLTD, EQ, 28-Apr-2026,3535.2,3570.0,3596.7,3484.8,3530.0,3516.7,3553.72,177088,6293.2,18190,95888.0, 54.15,2026-04-28
CEDAAR, SM, 28-Apr-2026,32.8,32.0,32.0,31.2,31.2,31.2,31.39,15000,4.71,15,11000.0, 73.33,2026-04-28
CEIGALL, EQ, 28-Apr-2026,337.35,339.9,339.9,330.35,330.95,331.3,332.96,106203,353.61,3131,52608.0, 49.54,2026-04-28
CEINSYS, EQ, 28-Apr-2026,1123.8,1135.0,1147.95,1083.05,1096.9,1094.75,1113.11,42230,470.07,2757,24768.0, 58.65,2026-04-28
CELEBRITY, EQ, 28-Apr-2026,7.53,7.75,8.18,7.4,7.96,8.05,7.78,68636,5.34,305,55527.0, 80.90,2026-04-28
CELLECOR, SM, 28-Apr-2026,36.85,36.0,36.9,35.15,36.7,36.3,36.06,600000,216.38,128,318000.0, 53.00,2026-04-28
CELLO, EQ, 28-Apr-2026,428.0,429.0,431.2,416.05,419.0,418.75,422.14,834675,3523.5,10469,703116.0, 84.24,2026-04-28
CELLPOINT, SM, 28-Apr-2026,17.05,17.05,17.05,16.8,16.8,16.8,16.97,3600,0.61,3,3600.0, 100.00,2026-04-28
CEMPRO, EQ, 28-Apr-2026,662.5,662.95,686.0,660.0,685.0,680.05,672.76,340663,2291.86,12578,184909.0, 54.28,2026-04-28
CENTENKA, EQ, 28-Apr-2026,429.1,430.25,434.5,419.75,421.1,422.0,425.95,23547,100.3,747,16358.0, 69.47,2026-04-28
CENTEXT, EQ, 28-Apr-2026,21.33,21.33,21.51,20.0,20.87,20.88,21.05,92971,19.57,748,55969.0, 60.20,2026-04-28
CENTRALBK, EQ, 28-Apr-2026,36.52,36.18,36.47,35.97,36.09,36.06,36.19,3841484,1390.33,11138,1699977.0, 44.25,2026-04-28
CENTRUM, EQ, 28-Apr-2026,24.86,25.0,25.25,24.51,24.76,24.9,24.81,147614,36.62,569,92044.0, 62.35,2026-04-28
CENTUM, EQ, 28-Apr-2026,2868.4,2868.0,2948.7,2852.1,2900.0,2899.1,2909.65,41016,1193.42,4006,18453.0, 44.99,2026-04-28
CENTURYPLY, EQ, 28-Apr-2026,791.5,791.5,793.65,774.85,792.5,784.85,782.59,20152,157.71,5992,10778.0, 53.48,2026-04-28
CERA, EQ, 28-Apr-2026,5265.5,5268.0,5316.9,5215.0,5225.0,5227.7,5255.09,5515,289.82,1935,2536.0, 45.98,2026-04-28
CEREBRAINT, BZ, 28-Apr-2026,4.38,4.44,4.44,4.17,4.2,4.18,4.18,226512,9.46,226,, -,2026-04-28
CESC, EQ, 28-Apr-2026,188.01,188.75,192.0,186.27,191.4,191.27,189.87,3887767,7381.69,36648,1623261.0, 41.75,2026-04-28
CEWATER, EQ, 28-Apr-2026,336.4,340.0,340.0,328.0,328.5,329.5,332.56,20817,69.23,1009,9197.0, 44.18,2026-04-28
CGCL, EQ, 28-Apr-2026,185.13,185.33,188.0,184.35,184.9,185.04,185.79,1376269,2556.98,7000,198026.0, 14.39,2026-04-28
CGPOWER, EQ, 28-Apr-2026,820.3,820.7,836.4,820.7,830.05,831.2,829.96,1966693,16322.67,32992,811095.0, 41.24,2026-04-28
CGRAPHICS, SM, 28-Apr-2026,168.0,168.05,169.0,160.7,169.0,166.4,163.91,53600,87.85,62,34400.0, 64.18,2026-04-28
CHALET, EQ, 28-Apr-2026,791.65,788.0,793.45,782.0,789.6,785.3,785.89,62626,492.17,7496,34163.0, 54.55,2026-04-28
CHAMBLFERT, EQ, 28-Apr-2026,445.95,447.9,455.85,446.1,446.5,448.5,450.8,492860,2221.79,12034,216454.0, 43.92,2026-04-28
CHAMUNDA, SM, 28-Apr-2026,44.6,46.5,47.3,46.35,47.15,47.2,46.72,36000,16.82,11,30000.0, 83.33,2026-04-28
CHANDAN, SM, 28-Apr-2026,254.35,255.0,259.45,252.5,252.5,254.4,256.25,13600,34.85,15,12000.0, 88.24,2026-04-28
CHAVDA, SM, 28-Apr-2026,105.0,105.2,106.35,103.1,104.95,104.85,104.66,10000,10.47,10,7000.0, 70.00,2026-04-28
CHEMBOND, EQ, 28-Apr-2026,152.85,152.91,154.2,149.62,152.0,152.41,151.96,5805,8.82,284,3633.0, 62.58,2026-04-28
CHEMBONDCH, EQ, 28-Apr-2026,152.14,153.99,154.31,150.41,154.0,153.34,152.69,13923,21.26,663,8877.0, 63.76,2026-04-28
CHEMCON, EQ, 28-Apr-2026,162.22,163.8,163.9,160.5,162.0,161.83,162.34,16471,26.74,580,6485.0, 39.37,2026-04-28
CHEMFAB, EQ, 28-Apr-2026,394.3,396.15,414.8,394.05,409.0,404.7,402.88,8304,33.45,616,4148.0, 49.95,2026-04-28
CHEMICAL, EQ, 28-Apr-2026,28.22,28.93,28.95,28.21,28.45,28.4,28.36,281736,79.91,549,190117.0, 67.48,2026-04-28
CHEMPLASTS, EQ, 28-Apr-2026,236.65,239.0,239.0,235.65,236.95,236.85,237.57,94809,225.23,2144,48041.0, 50.67,2026-04-28
CHENNPETRO, EQ, 28-Apr-2026,997.45,1002.4,1078.5,998.35,1068.2,1072.3,1059.69,6451437,68365.12,142213,1618587.0, 25.09,2026-04-28
CHETANA, SM, 28-Apr-2026,39.0,38.9,41.0,38.9,40.0,40.0,40.54,11200,4.54,6,8000.0, 71.43,2026-04-28
CHEVIOT, EQ, 28-Apr-2026,1114.9,1101.2,1117.45,1088.6,1098.0,1094.35,1100.88,1539,16.94,195,1032.0, 67.06,2026-04-28
CHOICEGOLD, EQ, 28-Apr-2026,149.0,147.51,148.79,146.95,146.95,147.09,147.55,16654,24.57,224,6477.0, 38.89,2026-04-28
CHOICEIN, EQ, 28-Apr-2026,692.7,694.0,695.95,673.6,674.6,677.45,682.63,402542,2747.89,8959,170288.0, 42.30,2026-04-28
CHOLAFIN, EQ, 28-Apr-2026,1560.7,1560.1,1579.2,1530.8,1535.0,1536.4,1546.03,964837,14916.71,52337,529068.0, 54.83,2026-04-28
CHOLAHLDNG, EQ, 28-Apr-2026,1587.4,1587.0,1587.4,1535.5,1551.0,1551.1,1560.02,488219,7616.33,17582,366125.0, 74.99,2026-04-28
CIEINDIA, EQ, 28-Apr-2026,483.8,484.8,489.9,467.0,470.5,469.6,476.21,487690,2322.45,16634,217388.0, 44.58,2026-04-28
CIFL, EQ, 28-Apr-2026,27.83,27.84,28.83,27.36,27.67,27.52,27.8,164244,45.65,1409,44155.0, 26.88,2026-04-28
CIGNITITEC, EQ, 28-Apr-2026,1187.8,1197.8,1197.8,1169.9,1192.0,1189.4,1185.19,35423,419.83,1799,19590.0, 55.30,2026-04-28
CINELINE, EQ, 28-Apr-2026,86.37,86.01,88.39,85.0,88.23,87.53,86.58,29629,25.65,432,16623.0, 56.10,2026-04-28
CINEVISTA, EQ, 28-Apr-2026,15.52,16.38,16.8,15.43,15.7,15.72,16.04,45740,7.33,217,30985.0, 67.74,2026-04-28
CIPLA, EQ, 28-Apr-2026,1317.2,1316.0,1326.0,1296.3,1310.9,1306.5,1310.19,1501522,19672.86,69953,668081.0, 44.49,2026-04-28
CKKRETAIL, ST, 28-Apr-2026,131.2,128.1,135.0,125.55,135.0,130.8,128.65,25600,32.94,25,22400.0, 87.50,2026-04-28
CLASSICEIL, SM, 28-Apr-2026,57.5,59.0,59.0,57.5,57.5,57.5,58.25,3200,1.86,2,3200.0, 100.00,2026-04-28
CLEAN, EQ, 28-Apr-2026,810.2,809.0,810.2,792.0,799.0,794.35,800.11,219789,1758.56,15787,118748.0, 54.03,2026-04-28
CLEANMAX, EQ, 28-Apr-2026,1069.55,1090.0,1095.15,1066.0,1079.0,1070.9,1077.02,100299,1080.24,7558,48555.0, 48.41,2026-04-28
CLEDUCATE, BE, 28-Apr-2026,48.17,48.7,48.76,48.0,48.0,48.1,48.39,11330,5.48,78,, -,2026-04-28
CLSEL, EQ, 28-Apr-2026,280.66,281.7,289.89,278.73,283.4,282.64,284.06,103536,294.11,1957,51885.0, 50.11,2026-04-28
CLSL, SM, 28-Apr-2026,45.95,43.15,44.25,43.0,43.5,43.6,43.48,24000,10.43,11,10000.0, 41.67,2026-04-28
CMNL, SM, 28-Apr-2026,127.1,134.9,135.0,130.0,130.6,130.6,131.54,21000,27.62,21,18000.0, 85.71,2026-04-28
CMPDI, EQ, 28-Apr-2026,180.51,181.88,191.85,181.01,190.49,190.44,188.23,4747771,8936.89,35440,2092431.0, 44.07,2026-04-28
CMSINFO, EQ, 28-Apr-2026,304.2,304.2,307.7,296.8,301.5,300.1,299.64,882920,2645.6,47419,626015.0, 70.90,2026-04-28
CNL, EQ, 28-Apr-2026,607.9,615.5,615.5,600.0,603.0,608.2,607.2,3230,19.61,193,2251.0, 69.69,2026-04-28
COALINDIA, EQ, 28-Apr-2026,452.5,456.2,473.9,456.2,467.4,467.0,468.42,26732373,125220.88,246111,8586432.0, 32.12,2026-04-28
COASTCORP, EQ, 28-Apr-2026,58.43,59.0,59.19,56.21,57.03,56.86,57.62,146024,84.14,1965,78429.0, 53.71,2026-04-28
COCHINSHIP, EQ, 28-Apr-2026,1679.3,1682.0,1709.9,1675.2,1700.1,1695.6,1694.35,2154823,36510.29,64551,605387.0, 28.09,2026-04-28
COCKERILL, EQ, 28-Apr-2026,5173.45,5250.85,5255.0,5149.9,5150.4,5156.5,5177.01,1836,95.05,503,1297.0, 70.64,2026-04-28
COFFEEDAY, EQ, 28-Apr-2026,26.49,26.45,26.92,26.12,26.56,26.63,26.59,547671,145.63,3459,279902.0, 51.11,2026-04-28
COFORGE, EQ, 28-Apr-2026,1202.4,1206.0,1213.8,1192.0,1206.8,1200.9,1202.37,1325561,15938.19,37654,501429.0, 37.83,2026-04-28
COHANCE, EQ, 28-Apr-2026,432.1,444.45,514.9,444.0,488.65,493.3,492.44,40862215,201220.99,548254,6452884.0, 15.79,2026-04-28
COLPAL, EQ, 28-Apr-2026,2141.0,2132.7,2136.4,2105.0,2131.6,2125.2,2117.56,364158,7711.27,20069,136769.0, 37.56,2026-04-28
COMFINTE, EQ, 28-Apr-2026,7.3,7.3,7.45,7.2,7.25,7.3,7.3,62506,4.56,238,55593.0, 88.94,2026-04-28
COMMITTED, SM, 28-Apr-2026,268.3,270.0,270.0,269.0,269.0,269.0,269.5,1600,4.31,2,1600.0, 100.00,2026-04-28
COMMOIETF, EQ, 28-Apr-2026,104.7,104.96,105.75,104.41,105.0,105.14,105.34,444887,468.67,1668,313362.0, 70.44,2026-04-28
COMPINFO, BZ, 28-Apr-2026,1.42,1.42,1.42,1.35,1.4,1.4,1.36,41516,0.57,45,, -,2026-04-28
COMPUSOFT, EQ, 28-Apr-2026,13.85,13.91,14.15,13.79,14.0,13.96,13.99,13683,1.91,114,10463.0, 76.47,2026-04-28
COMSYN, EQ, 28-Apr-2026,153.27,154.0,155.44,153.1,153.9,153.49,153.77,13679,21.03,308,8032.0, 58.72,2026-04-28
CONCOR, EQ, 28-Apr-2026,514.2,517.0,519.15,508.8,510.0,510.5,512.65,1034888,5305.34,18280,539525.0, 52.13,2026-04-28
CONCORDBIO, EQ, 28-Apr-2026,1057.9,1062.0,1122.0,1060.5,1084.5,1072.0,1092.38,524185,5726.09,29448,192290.0, 36.68,2026-04-28
CONFIPET, EQ, 28-Apr-2026,57.73,58.8,60.44,56.6,58.65,58.71,58.72,3933919,2310.02,13256,1716202.0, 43.63,2026-04-28
CONNPLEX, SM, 28-Apr-2026,265.0,265.0,269.95,265.0,268.2,268.2,268.47,8800,23.63,11,7200.0, 81.82,2026-04-28
CONS, EQ, 28-Apr-2026,11.75,11.94,11.94,11.68,11.72,11.69,11.72,21357,2.5,117,14872.0, 69.64,2026-04-28
CONSOFINVT, BE, 28-Apr-2026,225.0,222.0,231.9,219.21,225.0,225.14,226.19,4122,9.32,50,, -,2026-04-28
CONSUMBEES, EQ, 28-Apr-2026,127.1,127.1,127.4,126.34,126.75,126.51,126.91,57882,73.46,1022,25985.0, 44.89,2026-04-28
CONSUMER, EQ, 28-Apr-2026,11.05,11.12,11.12,10.98,11.06,10.99,11.03,457143,50.44,338,274389.0, 60.02,2026-04-28
CONSUMIETF, EQ, 28-Apr-2026,117.98,118.0,120.0,116.8,120.0,117.82,117.57,60278,70.87,330,56285.0, 93.38,2026-04-28
CONTROLPR, EQ, 28-Apr-2026,662.4,662.4,667.0,652.65,652.65,655.2,659.24,12806,84.42,1155,6789.0, 53.01,2026-04-28
COOLCAPS, SM, 28-Apr-2026,26.7,26.5,27.9,26.4,26.45,27.05,27.27,161250,43.97,84,118750.0, 73.64,2026-04-28
CORALFINAC, EQ, 28-Apr-2026,35.07,35.0,35.86,33.16,34.69,34.48,34.36,22059,7.58,317,12576.0, 57.01,2026-04-28
CORDSCABLE, EQ, 28-Apr-2026,182.68,180.0,186.75,178.97,180.92,180.34,181.55,19340,35.11,588,9437.0, 48.80,2026-04-28
COROMANDEL, EQ, 28-Apr-2026,2031.1,2031.1,2038.3,1996.1,2015.0,2010.7,2017.41,314841,6351.64,25523,178050.0, 56.55,2026-04-28
CORONA, EQ, 28-Apr-2026,1686.3,1686.3,1743.8,1675.5,1680.0,1685.2,1714.41,37213,637.98,4344,14034.0, 37.71,2026-04-28
COSMOFIRST, EQ, 28-Apr-2026,708.5,707.5,744.0,705.5,720.0,719.6,730.12,116787,852.68,4682,41236.0, 35.31,2026-04-28
COUNCODOS, EQ, 28-Apr-2026,5.16,5.14,5.39,5.12,5.32,5.27,5.32,54625,2.9,164,36750.0, 67.28,2026-04-28
CPCAP, EQ, 28-Apr-2026,99.22,99.71,100.4,96.5,96.6,96.67,98.62,12138,11.97,285,10004.0, 82.42,2026-04-28
CPEDU, EQ, 28-Apr-2026,190.66,192.01,204.0,187.4,190.51,197.02,196.59,8618,16.94,534,5950.0, 69.04,2026-04-28
CPPLUS, EQ, 28-Apr-2026,2345.2,2345.2,2389.9,2293.1,2316.1,2306.6,2345.08,286157,6710.6,19583,116435.0, 40.69,2026-04-28
CPS, SM, 28-Apr-2026,1035.0,1035.0,1035.0,990.0,990.0,990.0,995.0,1350,13.43,3,1350.0, 100.00,2026-04-28
CPSEETF, EQ, 28-Apr-2026,107.44,110.12,110.12,107.0,108.75,108.6,108.54,1718293,1864.97,8640,945647.0, 55.03,2026-04-28
CRAFTSMAN, EQ, 28-Apr-2026,7633.0,7615.0,7649.0,7520.0,7596.0,7572.0,7564.76,14741,1115.12,4052,9272.0, 62.90,2026-04-28
CRAMC, EQ, 28-Apr-2026,279.91,278.95,278.95,266.65,268.0,267.95,269.84,942054,2542.05,15711,348646.0, 37.01,2026-04-28
CRAYONS, SM, 28-Apr-2026,36.6,36.0,36.0,35.6,35.6,35.6,35.8,2000,0.72,2,2000.0, 100.00,2026-04-28
CREATIVEYE, EQ, 28-Apr-2026,7.06,7.12,7.28,7.1,7.25,7.25,7.18,7313,0.53,43,5280.0, 72.20,2026-04-28
CREDITACC, EQ, 28-Apr-2026,1241.5,1241.5,1280.0,1237.1,1257.0,1251.2,1256.87,389961,4901.32,17726,267872.0, 68.69,2026-04-28
CREST, EQ, 28-Apr-2026,363.45,365.4,375.8,358.6,369.0,367.4,367.78,3634,13.37,364,897.0, 24.68,2026-04-28
CRISIL, EQ, 28-Apr-2026,4291.7,4291.7,4317.5,4236.0,4280.0,4272.6,4272.83,38482,1644.27,7836,21144.0, 54.95,2026-04-28
CRIZAC, EQ, 28-Apr-2026,215.52,215.0,216.99,213.25,215.02,215.13,215.1,132397,284.79,6027,84440.0, 63.78,2026-04-28
CROMPTON, EQ, 28-Apr-2026,258.68,258.67,272.5,256.5,269.02,269.63,266.9,11443201,30542.02,98553,4960117.0, 43.35,2026-04-28
CROWN, EQ, 28-Apr-2026,139.43,136.2,142.9,136.2,136.7,137.58,138.3,11299,15.63,334,7261.0, 64.26,2026-04-28
CSBBANK, EQ, 28-Apr-2026,396.6,399.9,406.4,392.2,393.3,393.55,399.63,685407,2739.11,12375,326844.0, 47.69,2026-04-28
CSLFINANCE, EQ, 28-Apr-2026,231.47,233.8,233.8,226.6,227.88,228.09,228.68,29908,68.39,652,19213.0, 64.24,2026-04-28
CSSL, SM, 28-Apr-2026,105.7,107.0,107.0,106.3,106.3,106.3,106.83,4000,4.27,4,3000.0, 75.00,2026-04-28
CTE, BE, 28-Apr-2026,30.6,30.7,32.0,30.69,31.8,31.95,31.48,17996,5.66,80,, -,2026-04-28
CUB, EQ, 28-Apr-2026,271.21,281.52,293.51,273.21,275.6,275.65,283.35,17001285,48172.77,168211,3587355.0, 21.10,2026-04-28
CUBEINVIT, IV, 28-Apr-2026,148.5,148.0,149.5,147.0,148.0,148.0,147.37,375000,552.64,12,350000.0, 93.33,2026-04-28
CUBEXTUB, EQ, 28-Apr-2026,95.3,97.61,107.15,95.41,101.0,100.89,102.17,420224,429.34,6085,167603.0, 39.88,2026-04-28
CUDML, SM, 28-Apr-2026,135.0,138.8,144.8,138.0,144.0,144.0,141.78,11000,15.6,11,6000.0, 54.55,2026-04-28
CUMMINSIND, EQ, 28-Apr-2026,5233.2,5260.0,5286.8,5195.1,5250.0,5258.0,5240.29,341686,17905.34,37749,188586.0, 55.19,2026-04-28
CUPID, EQ, 28-Apr-2026,112.26,112.49,112.9,111.0,111.85,111.53,111.5,7373877,8221.62,23412,3081105.0, 41.78,2026-04-28
CURAA, BE, 28-Apr-2026,89.41,93.88,93.88,90.0,93.88,92.99,92.51,589,0.54,38,, -,2026-04-28
CURIS, SM, 28-Apr-2026,116.0,117.9,120.05,117.9,120.0,120.0,119.49,6000,7.17,6,6000.0, 100.00,2026-04-28
CURRENT, SM, 28-Apr-2026,122.55,122.55,127.0,122.55,127.0,127.0,124.78,3200,3.99,2,3200.0, 100.00,2026-04-28
CYBERMEDIA, EQ, 28-Apr-2026,16.13,16.01,16.85,16.01,16.49,16.12,16.33,5808,0.95,72,4015.0, 69.13,2026-04-28
CYBERTECH, EQ, 28-Apr-2026,128.2,130.9,132.29,127.0,127.02,127.39,129.17,46836,60.5,900,16366.0, 34.94,2026-04-28
CYIENT, EQ, 28-Apr-2026,885.2,885.8,889.25,853.95,860.45,858.5,867.11,748771,6492.64,39330,430471.0, 57.49,2026-04-28
CYIENTDLM, EQ, 28-Apr-2026,400.1,403.0,406.0,390.0,395.0,392.55,398.13,449950,1791.37,10805,191270.0, 42.51,2026-04-28
DABUR, EQ, 28-Apr-2026,452.0,452.15,453.1,449.0,449.5,450.15,450.5,533943,2405.4,13243,211937.0, 39.69,2026-04-28
DAICHI, EQ, 28-Apr-2026,260.6,260.0,260.0,256.0,259.25,259.25,258.76,469,1.21,34,457.0, 97.44,2026-04-28
DALBHARAT, EQ, 28-Apr-2026,1972.7,1982.5,1982.6,1884.0,1936.0,1918.8,1926.02,923966,17795.8,44345,301276.0, 32.61,2026-04-28
DALMIASUG, EQ, 28-Apr-2026,376.6,379.55,380.0,369.15,373.8,372.95,373.6,162017,605.3,4304,61457.0, 37.93,2026-04-28
DAMCAPITAL, EQ, 28-Apr-2026,163.22,164.7,164.7,160.0,160.67,160.22,161.79,415278,671.9,4983,164958.0, 39.72,2026-04-28
DAMODARIND, EQ, 28-Apr-2026,27.71,28.7,32.7,27.43,30.9,30.91,31.31,121268,37.97,923,55883.0, 46.08,2026-04-28
DANGEE, EQ, 28-Apr-2026,3.58,3.63,3.68,3.6,3.68,3.66,3.64,144675,5.27,211,103468.0, 71.52,2026-04-28
DANISH, SM, 28-Apr-2026,897.45,905.1,935.0,881.55,900.1,903.55,913.31,38550,352.08,220,27750.0, 71.98,2026-04-28
DATAMATICS, EQ, 28-Apr-2026,722.65,722.65,729.9,710.0,714.1,711.75,718.4,28382,203.9,2087,14293.0, 50.36,2026-04-28
DATAPATTNS, EQ, 28-Apr-2026,3960.1,3960.1,4174.7,3960.0,4058.0,4059.9,4091.57,1311746,53670.99,87495,262894.0, 20.04,2026-04-28
DAVANGERE, EQ, 28-Apr-2026,3.63,3.63,3.63,3.6,3.62,3.61,3.62,2719751,98.32,1466,1839388.0, 67.63,2026-04-28
DBCORP, EQ, 28-Apr-2026,223.5,223.5,225.95,218.04,220.01,218.74,220.75,39697,87.63,1720,24534.0, 61.80,2026-04-28
DBEIL, EQ, 28-Apr-2026,84.67,86.15,88.16,81.61,83.9,83.34,84.8,107859,91.46,1861,55180.0, 51.16,2026-04-28
DBL, EQ, 28-Apr-2026,467.25,467.25,479.8,466.0,473.25,474.05,476.14,393434,1873.3,12654,177053.0, 45.00,2026-04-28
DBOL, BE, 28-Apr-2026,121.02,121.99,125.0,118.0,120.0,119.44,120.86,107399,129.8,707,, -,2026-04-28
DBREALTY, EQ, 28-Apr-2026,106.75,106.8,107.5,104.4,105.74,105.4,105.79,665445,703.96,8174,314588.0, 47.27,2026-04-28
DBSTOCKBRO, EQ, 28-Apr-2026,27.16,27.99,27.99,27.16,27.5,27.5,27.8,645,0.18,28,641.0, 99.38,2026-04-28
DCAL, EQ, 28-Apr-2026,174.8,174.77,192.2,173.76,185.8,184.17,186.07,1559890,2902.47,15707,670770.0, 43.00,2026-04-28
DCBBANK, EQ, 28-Apr-2026,190.92,190.71,193.2,189.13,189.69,189.62,191.08,1501071,2868.29,23758,800786.0, 53.35,2026-04-28
DCG, SM, 28-Apr-2026,62.85,64.0,72.0,64.0,68.0,68.45,69.0,64800,44.71,50,55200.0, 85.19,2026-04-28
DCI, BE, 28-Apr-2026,305.15,296.0,302.9,290.15,293.4,291.55,293.57,11775,34.57,342,, -,2026-04-28
DCM, EQ, 28-Apr-2026,84.09,85.4,86.39,82.01,84.9,84.12,83.75,14589,12.22,297,9307.0, 63.79,2026-04-28
DCMFINSERV, BE, 28-Apr-2026,4.9,4.81,4.9,4.81,4.9,4.9,4.81,2514,0.12,18,, -,2026-04-28
DCMNVL, EQ, 28-Apr-2026,139.1,137.0,146.99,137.0,146.9,145.16,143.22,21448,30.72,624,13922.0, 64.91,2026-04-28
DCMSHRIRAM, EQ, 28-Apr-2026,1196.8,1204.0,1214.4,1171.1,1180.0,1179.1,1190.69,28367,337.76,4584,11408.0, 40.22,2026-04-28
DCMSIL, BE, 28-Apr-2026,62.54,62.84,62.84,61.0,62.11,62.16,61.67,32603,20.11,225,, -,2026-04-28
DCMSRIND, EQ, 28-Apr-2026,39.95,39.5,40.5,39.36,39.4,39.54,39.77,94647,37.64,991,57567.0, 60.82,2026-04-28
DCW, EQ, 28-Apr-2026,45.8,45.9,47.59,45.4,47.01,46.9,46.88,2497690,1170.99,11111,818952.0, 32.79,2026-04-28
DCXINDIA, EQ, 28-Apr-2026,203.16,203.45,205.25,200.55,202.41,201.56,202.67,1275395,2584.79,12660,363890.0, 28.53,2026-04-28
DDEVPLSTIK, EQ, 28-Apr-2026,248.94,248.0,257.2,247.97,253.88,252.86,253.64,173643,440.42,2852,98123.0, 56.51,2026-04-28
DECCANCE, EQ, 28-Apr-2026,658.1,657.0,661.0,645.25,653.0,651.45,654.21,12617,82.54,397,7847.0, 62.19,2026-04-28
DECCANTRAN, SM, 28-Apr-2026,21.5,21.75,21.75,21.5,21.5,21.5,21.63,2400,0.52,2,2400.0, 100.00,2026-04-28
DECNGOLD, EQ, 28-Apr-2026,123.55,123.95,125.35,120.7,122.75,122.95,122.6,383442,470.09,3420,202292.0, 52.76,2026-04-28
DEEDEV, EQ, 28-Apr-2026,424.0,424.0,429.95,402.8,402.8,402.8,412.64,610290,2518.31,11344,328323.0, 53.80,2026-04-28
DEEM, SM, 28-Apr-2026,38.0,38.0,38.0,38.0,38.0,38.0,38.0,2000,0.76,2,2000.0, 100.00,2026-04-28
DEEPAKFERT, EQ, 28-Apr-2026,1240.45,1246.0,1246.0,1205.5,1225.0,1218.9,1227.92,227492,2793.41,11893,98453.0, 43.28,2026-04-28
DEEPAKNTR, EQ, 28-Apr-2026,1684.9,1685.0,1694.0,1674.7,1687.0,1682.6,1683.39,62779,1056.81,6180,29356.0, 46.76,2026-04-28
DEEPINDS, EQ, 28-Apr-2026,487.85,485.1,492.0,480.0,487.15,487.0,486.69,236825,1152.6,7253,59457.0, 25.11,2026-04-28
DEFENCE, EQ, 28-Apr-2026,73.07,73.07,73.77,72.9,73.3,73.23,73.31,75213,55.14,436,53686.0, 71.38,2026-04-28
DELAPLEX, SM, 28-Apr-2026,112.85,123.0,123.0,115.05,117.95,117.95,117.0,6600,7.72,10,5400.0, 81.82,2026-04-28
DELHIVERY, EQ, 28-Apr-2026,462.7,462.7,468.8,461.1,466.7,465.4,464.81,1430648,6649.72,21495,686458.0, 47.98,2026-04-28
DELPHIFX, EQ, 28-Apr-2026,12.7,12.69,13.19,12.6,13.0,12.86,13.01,291779,37.95,727,212388.0, 72.79,2026-04-28
DELTACORP, EQ, 28-Apr-2026,75.44,75.12,76.8,72.1,74.05,73.34,74.26,3334071,2475.77,14423,963193.0, 28.89,2026-04-28
DELTAMAGNT, EQ, 28-Apr-2026,62.71,64.9,64.9,61.21,62.99,62.87,62.66,834,0.52,51,620.0, 74.34,2026-04-28
DELTIC, ST, 28-Apr-2026,46.4,46.4,46.4,44.1,44.1,44.1,44.62,9000,4.02,9,8000.0, 88.89,2026-04-28
DEN, EQ, 28-Apr-2026,28.1,28.24,28.34,28.01,28.01,28.05,28.12,314098,88.32,1521,152471.0, 48.54,2026-04-28
DENEERS, ST, 28-Apr-2026,163.0,156.2,171.15,156.2,171.15,171.15,170.1,46800,79.61,62,43200.0, 92.31,2026-04-28
DENORA, EQ, 28-Apr-2026,814.05,807.3,847.4,807.3,832.35,834.85,833.33,4856,40.47,586,2594.0, 53.42,2026-04-28
DENTA, EQ, 28-Apr-2026,281.05,282.0,286.0,278.02,282.99,282.2,282.26,203847,575.37,3978,74176.0, 36.39,2026-04-28
DENTALKART, SM, 28-Apr-2026,391.6,391.1,412.0,391.1,412.0,411.65,403.22,15750,63.51,58,12250.0, 77.78,2026-04-28
DEVIT, EQ, 28-Apr-2026,33.5,33.9,34.22,32.04,32.48,32.2,33.02,132508,43.75,789,92437.0, 69.76,2026-04-28
DEVX, EQ, 28-Apr-2026,42.7,43.19,43.19,42.12,42.12,42.54,42.92,132797,57.0,490,116383.0, 87.64,2026-04-28
DEVYANI, EQ, 28-Apr-2026,111.72,112.0,112.92,110.42,112.38,112.17,111.87,1855302,2075.45,15675,762836.0, 41.12,2026-04-28
DGCONTENT, EQ, 28-Apr-2026,30.19,29.59,31.7,29.16,31.4,31.11,30.9,5762,1.78,101,5203.0, 90.30,2026-04-28
DHAMPURSUG, EQ, 28-Apr-2026,144.51,144.2,144.62,137.79,139.99,139.98,140.42,710633,997.85,13822,414504.0, 58.33,2026-04-28
DHANBANK, EQ, 28-Apr-2026,27.9,28.0,33.4,27.66,32.07,31.82,31.78,23532837,7479.77,44643,4928002.0, 20.94,2026-04-28
DHANLAXMI, SM, 28-Apr-2026,28.1,29.95,33.7,28.3,33.7,33.7,32.15,118000,37.94,47,88000.0, 74.58,2026-04-28
DHANUKA, EQ, 28-Apr-2026,1071.95,1071.95,1075.0,1056.95,1063.7,1066.0,1067.45,28973,309.27,2529,16318.0, 56.32,2026-04-28
DHARARAIL, SM, 28-Apr-2026,112.65,112.5,117.65,112.15,117.65,116.7,114.03,28000,31.93,23,25000.0, 89.29,2026-04-28
DHARIWAL, ST, 28-Apr-2026,39.65,41.5,41.6,39.0,39.4,41.15,40.68,204000,83.0,52,186000.0, 91.18,2026-04-28
DHARMAJ, EQ, 28-Apr-2026,256.89,256.59,259.95,254.6,255.0,255.82,256.82,35258,90.55,985,19432.0, 55.11,2026-04-28
DHRUV, EQ, 28-Apr-2026,35.58,36.66,36.9,35.01,36.0,35.98,36.13,7271,2.63,107,5719.0, 78.65,2026-04-28
DHUNINV, EQ, 28-Apr-2026,936.5,958.0,958.0,920.05,922.0,923.55,933.02,1699,15.85,334,998.0, 58.74,2026-04-28
DIACABS, EQ, 28-Apr-2026,165.59,164.0,166.98,161.49,163.2,162.87,163.46,865302,1414.38,11095,421550.0, 48.72,2026-04-28
DIAMINESQ, EQ, 28-Apr-2026,275.2,275.21,276.79,262.2,265.01,265.73,267.45,8074,21.59,661,4509.0, 55.85,2026-04-28
DIAMONDYD, EQ, 28-Apr-2026,1002.6,1025.0,1058.8,1000.0,1019.0,1008.0,1019.47,146926,1497.87,6418,45714.0, 31.11,2026-04-28
DICIND, EQ, 28-Apr-2026,538.65,531.35,547.55,526.0,526.0,526.95,533.89,1117,5.96,78,762.0, 68.22,2026-04-28
DIFFNKG, EQ, 28-Apr-2026,308.42,306.97,311.49,297.77,303.0,299.44,302.42,64842,196.09,1875,40483.0, 62.43,2026-04-28
DIGIDRIVE, EQ, 28-Apr-2026,22.81,23.39,25.3,22.31,24.0,23.98,24.11,205921,49.64,643,109476.0, 53.16,2026-04-28
DIGIKORE, SM, 28-Apr-2026,68.1,67.15,68.5,67.0,67.0,67.0,67.45,10400,7.02,25,7600.0, 73.08,2026-04-28
DIGISPICE, EQ, 28-Apr-2026,20.96,20.96,21.74,20.88,21.1,21.2,21.17,89718,18.99,490,38908.0, 43.37,2026-04-28
DIGITIDE, EQ, 28-Apr-2026,94.88,94.88,98.53,94.01,95.51,95.19,96.29,508491,489.64,3871,208045.0, 40.91,2026-04-28
DIGJAMLMTD, EQ, 28-Apr-2026,47.88,48.98,48.98,46.52,46.84,46.73,47.3,17266,8.17,284,9780.0, 56.64,2026-04-28
DISAQ, EQ, 28-Apr-2026,12389.05,12450.05,12796.8,12012.1,12208.0,12237.0,12358.46,323,39.92,97,191.0, 59.13,2026-04-28
DISHTV, BE, 28-Apr-2026,3.87,3.91,3.92,3.78,3.8,3.8,3.86,1857922,71.79,1411,, -,2026-04-28
DIVGIITTS, EQ, 28-Apr-2026,743.8,754.95,754.95,731.4,743.85,740.9,739.42,11436,84.56,1057,5560.0, 48.62,2026-04-28
DIVIDEND, EQ, 28-Apr-2026,36.9,37.72,37.72,36.99,37.15,37.15,37.15,11461,4.26,90,9606.0, 83.81,2026-04-28
DIVINEHIRA, ST, 28-Apr-2026,309.0,311.0,311.0,300.1,304.0,302.35,304.16,11200,34.07,7,8000.0, 71.43,2026-04-28
DIVISLAB, EQ, 28-Apr-2026,6477.0,6505.0,6505.0,6416.5,6455.0,6432.5,6456.69,271770,17547.35,32549,178634.0, 65.73,2026-04-28
DIVOPPBEES, EQ, 28-Apr-2026,80.2,81.48,81.48,79.72,80.5,79.91,80.12,37290,29.88,729,19153.0, 51.36,2026-04-28
DIVYADHAN, ST, 28-Apr-2026,41.45,39.4,43.0,39.4,39.4,39.4,40.66,12000,4.88,6,6000.0, 50.00,2026-04-28
DIXON, EQ, 28-Apr-2026,11252.0,11284.0,11595.0,11254.5,11352.0,11370.0,11471.18,891315,102244.35,104825,244002.0, 27.38,2026-04-28
DJML, BE, 28-Apr-2026,91.78,94.4,94.4,90.4,92.25,91.5,91.32,11663,10.65,68,, -,2026-04-28
DKEGL, SM, 28-Apr-2026,73.5,73.5,78.5,73.5,78.5,78.5,76.0,6000,4.56,2,3000.0, 50.00,2026-04-28
DLF, EQ, 28-Apr-2026,592.45,594.0,595.7,586.45,588.0,587.9,588.89,2274236,13392.77,31605,1017425.0, 44.74,2026-04-28
DLINKINDIA, EQ, 28-Apr-2026,461.8,465.0,466.2,455.05,460.0,459.15,461.12,82369,379.82,2867,48491.0, 58.87,2026-04-28
DMART, EQ, 28-Apr-2026,4507.1,4506.4,4600.5,4480.0,4530.0,4544.4,4557.77,447096,20377.59,32096,225962.0, 50.54,2026-04-28
DMCC, EQ, 28-Apr-2026,285.23,284.6,285.23,279.5,285.23,284.08,282.79,22713,64.23,1162,14070.0, 61.95,2026-04-28
DNAMEDIA, EQ, 28-Apr-2026,2.97,3.06,3.06,2.95,2.98,2.99,3.0,59183,1.78,115,51826.0, 87.57,2026-04-28
DODLA, EQ, 28-Apr-2026,1103.6,1120.15,1151.7,1090.1,1140.1,1146.85,1138.76,187782,2138.39,10942,149205.0, 79.46,2026-04-28
DOLATALGO, EQ, 28-Apr-2026,78.32,78.32,78.95,77.0,77.75,77.59,77.67,112556,87.42,1145,58496.0, 51.97,2026-04-28
DOLLAR, EQ, 28-Apr-2026,312.7,314.0,319.27,301.36,304.9,303.95,310.68,281291,873.9,5391,92486.0, 32.88,2026-04-28
DOLLEX, SM, 28-Apr-2026,31.9,30.0,30.75,30.0,30.65,30.65,30.35,16000,4.86,4,12000.0, 75.00,2026-04-28
DOLPHIN, EQ, 28-Apr-2026,418.45,415.0,425.4,414.95,415.55,417.55,420.84,21752,91.54,738,11035.0, 50.73,2026-04-28
DOMS, EQ, 28-Apr-2026,2328.0,2325.0,2325.0,2275.0,2306.0,2295.4,2289.33,126797,2902.8,11053,81004.0, 63.88,2026-04-28
DONEAR, EQ, 28-Apr-2026,92.74,92.74,94.01,92.5,92.5,92.52,93.02,14581,13.56,332,6398.0, 43.88,2026-04-28
DPABHUSHAN, EQ, 28-Apr-2026,1116.8,1124.5,1137.0,1115.0,1118.35,1121.4,1123.42,8422,94.61,879,4458.0, 52.93,2026-04-28
DPEL, SM, 28-Apr-2026,443.1,444.0,456.9,443.0,448.5,450.9,448.09,67000,300.22,113,46000.0, 68.66,2026-04-28
DPSCLTD, EQ, 28-Apr-2026,10.03,10.29,10.29,10.09,10.19,10.15,10.16,135901,13.81,565,95023.0, 69.92,2026-04-28
DPWIRES, EQ, 28-Apr-2026,187.24,183.0,188.09,182.55,185.41,186.62,185.63,8562,15.89,336,4448.0, 51.95,2026-04-28
DRAGARWQ, EQ, 28-Apr-2026,4981.05,4970.8,5040.0,4894.55,4912.0,4939.35,4966.98,589,29.26,218,400.0, 67.91,2026-04-28
DRCSYSTEMS, EQ, 28-Apr-2026,15.69,16.01,16.01,15.2,15.25,15.29,15.38,62663,9.64,432,53241.0, 84.96,2026-04-28
DREAMFOLKS, EQ, 28-Apr-2026,82.86,82.99,83.69,81.6,81.8,82.41,82.53,56667,46.77,1281,21904.0, 38.65,2026-04-28
DREDGECORP, EQ, 28-Apr-2026,969.25,975.0,982.45,954.55,965.0,960.5,968.27,137065,1327.16,5864,45291.0, 33.04,2026-04-28
DRONE, SM, 28-Apr-2026,54.0,54.0,54.2,52.5,52.85,52.9,53.23,16000,8.52,31,11000.0, 68.75,2026-04-28
DRREDDY, EQ, 28-Apr-2026,1334.5,1342.4,1367.9,1327.4,1347.4,1354.6,1352.7,2336352,31603.86,75983,864897.0, 37.02,2026-04-28
DSFCL, EQ, 28-Apr-2026,24.84,24.0,25.8,23.6,25.5,24.58,24.45,85572,20.92,436,55998.0, 65.44,2026-04-28
DSSL, EQ, 28-Apr-2026,1059.05,1069.65,1089.5,1050.0,1050.0,1056.5,1067.81,35967,384.06,2190,19840.0, 55.16,2026-04-28
DTIL, EQ, 28-Apr-2026,140.42,141.13,142.8,136.4,138.0,139.58,139.68,5035,7.03,145,2266.0, 45.00,2026-04-28
DTL, SM, 28-Apr-2026,108.0,115.0,115.0,115.0,115.0,115.0,115.0,1200,1.38,1,1200.0, 100.00,2026-04-28
DUCOL, SM, 28-Apr-2026,127.85,118.0,124.9,118.0,124.9,124.4,124.41,13600,16.92,3,12800.0, 94.12,2026-04-28
DUCON, BE, 28-Apr-2026,3.29,3.35,3.36,3.22,3.22,3.29,3.32,101544,3.38,202,, -,2026-04-28
DURLAX, ST, 28-Apr-2026,49.7,50.45,50.45,48.55,49.45,49.45,49.99,26000,13.0,13,20000.0, 76.92,2026-04-28
DVL, EQ, 28-Apr-2026,243.74,242.44,250.0,241.12,244.52,246.62,246.82,8747,21.59,306,3940.0, 45.04,2026-04-28
DWARKESH, EQ, 28-Apr-2026,44.67,44.85,44.85,41.91,42.29,42.11,42.93,2242179,962.53,22982,1338513.0, 59.70,2026-04-28
DYCL, EQ, 28-Apr-2026,382.72,384.9,392.0,380.0,382.03,383.41,385.25,250070,963.38,6842,115531.0, 46.20,2026-04-28
DYNAMATECH, EQ, 28-Apr-2026,12417.0,12417.0,12417.0,11624.5,11843.5,11758.5,11928.9,39787,4746.15,14119,13823.0, 34.74,2026-04-28
DYNAMIC, SM, 28-Apr-2026,153.4,150.0,150.0,140.25,149.1,149.1,147.43,12000,17.69,22,8000.0, 66.67,2026-04-28
DYNPRO, EQ, 28-Apr-2026,238.48,243.8,243.8,233.0,233.05,234.7,236.48,14409,34.07,476,10894.0, 75.61,2026-04-28
E2E, BE, 28-Apr-2026,3048.0,3088.0,3097.7,2922.1,2990.0,2978.6,3027.32,69324,2098.66,4597,, -,2026-04-28
E2ERAIL, SM, 28-Apr-2026,262.6,264.95,275.0,261.0,270.0,270.65,268.57,194400,522.09,161,48000.0, 24.69,2026-04-28
EASEMYTRIP, EQ, 28-Apr-2026,7.92,7.9,8.02,7.81,7.89,7.85,7.91,10555108,834.53,9156,4549874.0, 43.11,2026-04-28
EASTSILK, BE, 28-Apr-2026,59.1,56.66,62.05,56.66,58.0,58.0,60.89,710,0.43,8,, -,2026-04-28
EBANKNIFTY, EQ, 28-Apr-2026,56.4,56.42,56.5,55.69,55.69,55.75,56.02,5206,2.92,51,2990.0, 57.43,2026-04-28
EBBETF0430, EQ, 28-Apr-2026,1570.58,1578.0,1578.0,1569.0,1571.15,1571.09,1571.45,12667,199.06,303,11653.0, 91.99,2026-04-28
EBBETF0431, EQ, 28-Apr-2026,1407.92,1409.49,1409.79,1405.03,1409.39,1407.79,1408.21,2376,33.46,90,1611.0, 67.80,2026-04-28
EBBETF0433, EQ, 28-Apr-2026,1275.03,1277.83,1279.0,1272.01,1275.51,1276.84,1276.21,4433,56.57,146,3864.0, 87.16,2026-04-28
EBGNG, EQ, 28-Apr-2026,385.2,385.0,422.65,385.0,415.95,413.8,413.01,841268,3474.52,12619,410015.0, 48.74,2026-04-28
ECAPINSURE, EQ, 28-Apr-2026,23.78,23.89,23.93,23.67,23.85,23.79,23.85,50688,12.09,233,41471.0, 81.82,2026-04-28
ECLERX, EQ, 28-Apr-2026,1479.3,1479.3,1487.9,1441.9,1450.0,1449.1,1457.66,140386,2046.36,14680,68533.0, 48.82,2026-04-28
ECOLINE, SM, 28-Apr-2026,118.45,118.05,119.5,117.0,118.45,117.5,117.76,11000,12.95,9,11000.0, 100.00,2026-04-28
ECOSMOBLTY, EQ, 28-Apr-2026,141.09,143.9,143.9,137.18,138.64,138.97,138.85,165540,229.85,2197,90088.0, 54.42,2026-04-28
EDELWEISS, EQ, 28-Apr-2026,123.07,123.0,124.95,121.52,123.75,123.99,123.43,3360055,4147.29,37080,1540600.0, 45.85,2026-04-28
EEPL, SM, 28-Apr-2026,115.45,113.1,116.95,111.5,114.0,113.75,114.04,32000,36.49,30,24000.0, 75.00,2026-04-28
EFACTOR, SM, 28-Apr-2026,239.85,259.5,259.5,232.1,249.0,249.0,244.34,2000,4.89,3,400.0, 20.00,2026-04-28
EFCIL, EQ, 28-Apr-2026,204.6,205.45,206.24,199.0,200.79,199.94,202.25,200322,405.15,3170,125522.0, 62.66,2026-04-28
EFFWA, SM, 28-Apr-2026,224.0,225.0,249.0,225.0,234.0,233.95,236.02,27600,65.14,58,22800.0, 82.61,2026-04-28
EFORCE, ST, 28-Apr-2026,27.15,27.15,28.0,27.15,28.0,28.0,27.58,7200,1.99,6,7200.0, 100.00,2026-04-28
EGOLD, EQ, 28-Apr-2026,149.9,149.3,149.8,147.65,148.1,148.25,148.53,86275,128.14,552,76608.0, 88.80,2026-04-28
EICHERMOT, EQ, 28-Apr-2026,7174.0,7170.0,7254.0,7053.0,7075.0,7071.5,7128.71,560194,39934.58,52877,313291.0, 55.93,2026-04-28
EIDPARRY, EQ, 28-Apr-2026,854.2,852.0,860.0,844.0,844.05,845.35,852.01,110198,938.9,6824,65160.0, 59.13,2026-04-28
EIEL, EQ, 28-Apr-2026,209.46,209.65,219.89,209.65,216.94,216.78,217.05,3697274,8024.95,27700,1257260.0, 34.01,2026-04-28
EIFFL, EQ, 28-Apr-2026,247.69,251.9,257.0,245.0,245.0,246.47,249.02,4268,10.63,126,2989.0, 70.03,2026-04-28
EIHAHOTELS, EQ, 28-Apr-2026,320.65,322.5,325.95,320.55,321.75,322.8,323.33,6793,21.96,394,4725.0, 69.56,2026-04-28
EIHOTEL, EQ, 28-Apr-2026,328.65,329.95,330.2,325.0,325.1,326.2,327.02,294975,964.62,3077,238137.0, 80.73,2026-04-28
EIMCOELECO, EQ, 28-Apr-2026,1636.0,1626.0,1658.6,1614.1,1625.0,1620.7,1638.71,23448,384.25,1716,14463.0, 61.68,2026-04-28
EKC, EQ, 28-Apr-2026,121.53,121.4,124.77,119.81,124.24,124.19,123.02,463837,570.61,4021,233405.0, 50.32,2026-04-28
ELANTAS, EQ, 28-Apr-2026,9047.55,9083.8,9879.95,9079.9,9879.9,9512.45,9394.38,1379,129.55,337,984.0, 71.36,2026-04-28
ELCIDIN, EQ, 28-Apr-2026,125670.25,123110.55,130000.0,123110.55,127610.0,126240.0,126483.06,21,26.56,17,10.0, 47.62,2026-04-28
ELDEHSG, EQ, 28-Apr-2026,858.25,865.0,865.0,840.0,850.0,844.95,845.96,207,1.75,42,83.0, 40.10,2026-04-28
ELECON, EQ, 28-Apr-2026,497.45,497.4,501.55,475.9,480.0,479.2,484.0,617942,2990.82,21687,322914.0, 52.26,2026-04-28
ELECTCAST, EQ, 28-Apr-2026,85.74,84.5,85.94,83.16,84.45,84.35,84.46,2942594,2485.2,22078,1222231.0, 41.54,2026-04-28
ELECTHERM, EQ, 28-Apr-2026,866.8,885.0,926.4,845.6,860.5,863.6,884.38,275761,2438.78,11856,37609.0, 13.64,2026-04-28
ELGIEQUIP, EQ, 28-Apr-2026,551.2,550.35,556.0,548.3,550.25,552.65,552.25,184548,1019.17,19254,91226.0, 49.43,2026-04-28
ELGIRUBCO, EQ, 28-Apr-2026,50.82,52.89,52.89,49.15,49.15,49.63,50.23,40860,20.52,355,28213.0, 69.05,2026-04-28
ELGNZ, SM, 28-Apr-2026,71.25,71.25,74.5,71.25,73.0,73.0,72.84,4000,2.91,4,3000.0, 75.00,2026-04-28
ELIN, EQ, 28-Apr-2026,124.1,126.0,126.0,121.5,121.8,122.06,123.47,145436,179.57,3180,77559.0, 53.33,2026-04-28
ELIQUID, EQ, 28-Apr-2026,1028.28,1028.43,1028.43,1028.41,1028.41,1028.41,1028.41,6082,62.55,10,5567.0, 91.53,2026-04-28
ELITECON, EQ, 28-Apr-2026,37.65,37.05,39.05,37.05,37.9,38.05,38.22,669029,255.73,3527,368356.0, 55.06,2026-04-28
ELLEN, EQ, 28-Apr-2026,283.0,284.0,285.77,272.65,275.01,274.94,277.38,366284,1016.01,7015,187906.0, 51.30,2026-04-28
ELM250, EQ, 28-Apr-2026,16.27,16.6,16.6,16.15,16.16,16.18,16.28,37103,6.04,126,34613.0, 93.29,2026-04-28
ELPROINTL, EQ, 28-Apr-2026,114.14,114.6,117.0,111.0,114.0,112.47,114.46,91504,104.74,1636,54357.0, 59.40,2026-04-28
EMAMILTD, EQ, 28-Apr-2026,461.6,460.8,461.75,452.55,454.9,454.55,456.71,290262,1325.66,20139,163199.0, 56.22,2026-04-28
EMAMIPAP, EQ, 28-Apr-2026,76.43,76.43,78.75,76.43,78.5,78.06,77.48,17534,13.59,461,10425.0, 59.46,2026-04-28
EMAMIREAL, EQ, 28-Apr-2026,104.45,105.5,105.5,94.01,94.42,94.47,98.56,285131,281.02,3256,160991.0, 56.46,2026-04-28
EMAPARTNER, SM, 28-Apr-2026,87.1,87.1,88.9,87.0,87.35,87.95,87.84,34000,29.87,27,34000.0, 100.00,2026-04-28
EMBASSY, RR, 28-Apr-2026,433.45,432.0,435.0,425.1,426.0,426.89,426.25,6702318,28568.57,17935,5897057.0, 87.99,2026-04-28
EMCURE, EQ, 28-Apr-2026,1638.0,1642.0,1687.0,1603.0,1610.0,1608.2,1647.41,294052,4844.25,27251,145206.0, 49.38,2026-04-28
EMIL, EQ, 28-Apr-2026,110.51,110.69,127.0,110.66,123.5,122.75,123.33,29761978,36705.32,137030,2122732.0, 7.13,2026-04-28
EMKAY, EQ, 28-Apr-2026,233.88,234.03,237.36,226.51,229.0,228.15,229.35,18370,42.13,459,11045.0, 60.13,2026-04-28
EMKAYTOOLS, SM, 28-Apr-2026,114.0,115.0,117.0,115.0,117.0,117.0,116.0,300,0.35,2,300.0, 100.00,2026-04-28
EMMBI, EQ, 28-Apr-2026,86.55,86.55,87.37,84.0,84.2,84.31,85.27,4037,3.44,180,2523.0, 62.50,2026-04-28
EMMIL, SM, 28-Apr-2026,155.0,155.0,155.0,149.95,149.95,149.95,150.95,5500,8.3,15,4500.0, 81.82,2026-04-28
EMMVEE, EQ, 28-Apr-2026,263.73,267.8,276.59,264.41,274.0,272.28,270.46,5183159,14018.43,51422,2426998.0, 46.82,2026-04-28
EMPOWER, EQ, 28-Apr-2026,1.8,1.85,1.85,1.85,1.85,1.85,1.85,494337,9.15,197,494337.0, 100.00,2026-04-28
EMSLIMITED, EQ, 28-Apr-2026,358.2,358.05,366.0,355.55,358.5,359.4,360.32,187873,676.94,4807,83443.0, 44.41,2026-04-28
EMUDHRA, EQ, 28-Apr-2026,491.55,493.15,500.95,489.95,493.35,493.05,495.41,60497,299.71,2968,28519.0, 47.14,2026-04-28
EMULTIMQ, EQ, 28-Apr-2026,41.85,41.88,42.14,41.03,41.98,41.84,41.88,21395,8.96,185,14976.0, 70.00,2026-04-28
ENCOMPAS, SM, 28-Apr-2026,246.4,251.0,252.0,244.0,248.9,248.9,247.65,28800,71.32,23,18000.0, 62.50,2026-04-28
ENDURANCE, EQ, 28-Apr-2026,2368.0,2365.4,2389.4,2312.0,2360.0,2353.4,2349.49,63369,1488.85,10495,26983.0, 42.58,2026-04-28
ENERGY, EQ, 28-Apr-2026,40.68,40.99,41.26,40.65,41.23,41.18,41.03,1056411,433.48,1704,664098.0, 62.86,2026-04-28
ENERGYDEV, EQ, 28-Apr-2026,17.21,17.37,17.6,16.9,17.52,17.43,17.34,50616,8.78,293,46440.0, 91.75,2026-04-28
ENFUSE, SM, 28-Apr-2026,190.0,190.0,217.0,190.0,217.0,200.3,200.3,6000,12.02,10,4800.0, 80.00,2026-04-28
ENGINERSIN, EQ, 28-Apr-2026,257.53,258.1,260.0,254.05,256.7,256.54,257.2,4017707,10333.65,42824,1634703.0, 40.69,2026-04-28
ENIFTY, EQ, 28-Apr-2026,24.6,25.21,25.21,24.01,24.07,24.03,24.09,113060,27.23,154,111364.0, 98.50,2026-04-28
ENIL, EQ, 28-Apr-2026,116.55,117.53,118.3,116.1,116.11,116.81,117.12,5723,6.7,195,3706.0, 64.76,2026-04-28
ENRIN, EQ, 28-Apr-2026,3192.4,3206.0,3284.0,3199.5,3241.6,3233.7,3241.16,601045,19480.81,45042,292508.0, 48.67,2026-04-28
ENSER, ST, 28-Apr-2026,15.6,15.5,15.8,15.5,15.8,15.8,15.7,15000,2.36,3,15000.0, 100.00,2026-04-28
ENTERO, EQ, 28-Apr-2026,1242.6,1242.7,1242.7,1191.0,1200.0,1195.5,1210.15,74810,905.31,8585,43449.0, 58.08,2026-04-28
ENVIRO, SM, 28-Apr-2026,111.0,113.2,116.5,113.2,116.5,116.5,115.92,16000,18.55,16,14000.0, 87.50,2026-04-28
EPACK, EQ, 28-Apr-2026,269.64,271.8,302.8,269.64,289.46,291.03,294.31,54536751,160507.34,424853,2430291.0, 4.46,2026-04-28
EPACKPEB, EQ, 28-Apr-2026,202.23,204.75,211.5,199.0,199.76,200.26,206.31,1140414,2352.83,14122,327785.0, 28.74,2026-04-28
EPIGRAL, EQ, 28-Apr-2026,1231.9,1230.0,1236.95,1204.85,1222.35,1218.95,1218.22,46501,566.48,4264,25769.0, 55.42,2026-04-28
EPL, EQ, 28-Apr-2026,229.34,229.34,229.96,223.02,224.6,225.34,225.67,953588,2151.99,9871,573896.0, 60.18,2026-04-28
EPWINDIA, SM, 28-Apr-2026,116.5,120.0,139.8,120.0,139.8,139.8,130.46,40800,53.23,31,40800.0, 100.00,2026-04-28
EQUAL200, EQ, 28-Apr-2026,13.44,13.44,13.51,13.42,13.45,13.45,13.45,25653,3.45,62,23128.0, 90.16,2026-04-28
EQUAL50, EQ, 28-Apr-2026,326.9,327.75,328.23,325.81,325.98,325.85,325.89,3340,10.88,13,3340.0, 100.00,2026-04-28
EQUAL50ADD, EQ, 28-Apr-2026,337.07,337.07,339.0,335.01,336.04,336.65,336.85,6934,23.36,203,3921.0, 56.55,2026-04-28
EQUIPPP, BE, 28-Apr-2026,17.0,17.01,17.8,16.52,17.15,17.14,16.82,7833,1.32,51,, -,2026-04-28
EQUITASBNK, EQ, 28-Apr-2026,67.34,67.0,67.29,66.33,66.33,66.59,66.85,914319,611.24,5880,491724.0, 53.78,2026-04-28
ERIS, EQ, 28-Apr-2026,1358.2,1359.0,1359.0,1200.0,1331.0,1327.6,1333.75,142464,1900.11,10311,83035.0, 58.28,2026-04-28
ESABINDIA, EQ, 28-Apr-2026,6071.5,6095.8,6206.0,6067.1,6195.0,6187.8,6153.01,5666,348.63,2529,3089.0, 54.52,2026-04-28
ESAFSFB, EQ, 28-Apr-2026,24.31,24.3,25.71,24.2,25.2,25.21,24.91,1065259,265.35,3589,555265.0, 52.12,2026-04-28
ESCONET, ST, 28-Apr-2026,135.25,135.25,138.0,132.15,132.15,132.15,136.44,5600,7.64,14,4800.0, 85.71,2026-04-28
ESCORTS, EQ, 28-Apr-2026,3262.5,3260.1,3314.9,3256.2,3312.0,3308.6,3277.98,130887,4290.44,20661,84697.0, 64.71,2026-04-28
ESENSEX, EQ, 28-Apr-2026,77.5,77.47,77.53,77.01,77.12,77.09,77.21,698,0.54,19,403.0, 57.74,2026-04-28
ESFL, ST, 28-Apr-2026,132.7,131.0,131.0,126.9,127.0,127.05,127.78,15840,20.24,42,15480.0, 97.73,2026-04-28
ESG, EQ, 28-Apr-2026,41.1,41.13,41.27,40.87,41.06,40.87,40.89,132163,54.04,129,121701.0, 92.08,2026-04-28
ESILVER, EQ, 28-Apr-2026,240.87,239.97,239.97,233.89,234.7,234.65,235.79,45966,108.39,5226,17324.0, 37.69,2026-04-28
ESPRIT, SM, 28-Apr-2026,61.0,60.1,60.1,59.0,59.95,59.95,59.76,6400,3.82,4,4800.0, 75.00,2026-04-28
ESSARSHPNG, EQ, 28-Apr-2026,26.39,26.39,27.44,26.03,26.7,26.81,26.96,227643,61.38,1695,104598.0, 45.95,2026-04-28
ESSENTIA, EQ, 28-Apr-2026,1.33,1.35,1.36,1.33,1.36,1.35,1.34,1290009,17.34,723,818430.0, 63.44,2026-04-28
ESTER, EQ, 28-Apr-2026,92.35,92.05,93.85,91.01,91.1,91.51,92.08,65132,59.97,1202,22480.0, 34.51,2026-04-28
ETERNAL, EQ, 28-Apr-2026,255.49,256.0,260.5,245.0,258.28,253.07,250.37,104988011,262859.68,437205,45720059.0, 43.55,2026-04-28
ETHOSLTD, EQ, 28-Apr-2026,2625.8,2612.7,2676.0,2571.0,2600.0,2587.5,2599.06,18034,468.71,3292,9906.0, 54.93,2026-04-28
ETL, SM, 28-Apr-2026,940.0,930.0,960.0,930.0,960.0,960.0,945.0,300,2.84,2,300.0, 100.00,2026-04-28
ETML, SM, 28-Apr-2026,84.0,89.0,89.0,84.95,85.0,85.95,86.88,6000,5.21,5,4800.0, 80.00,2026-04-28
EUREKAFORB, EQ, 28-Apr-2026,507.9,507.5,511.15,497.6,499.2,498.65,503.25,94830,477.23,5460,64492.0, 68.01,2026-04-28
EUROBOND, EQ, 28-Apr-2026,178.12,172.66,183.0,170.5,173.0,172.1,175.54,7086,12.44,320,2209.0, 31.17,2026-04-28
EUROPRATIK, EQ, 28-Apr-2026,268.04,268.25,275.0,261.61,269.0,269.42,266.87,190281,507.81,2727,20911.0, 10.99,2026-04-28
EUROTEXIND, EQ, 28-Apr-2026,16.0,16.01,16.94,15.5,15.5,15.55,16.09,2341,0.38,48,1099.0, 46.95,2026-04-28
EVEREADY, EQ, 28-Apr-2026,326.25,326.2,329.45,321.55,322.6,323.3,325.39,36767,119.64,1324,16794.0, 45.68,2026-04-28
EVERESTIND, EQ, 28-Apr-2026,396.8,398.6,402.6,389.1,390.65,391.7,393.04,4543,17.86,359,2198.0, 48.38,2026-04-28
EVIETF, EQ, 28-Apr-2026,30.04,30.17,30.24,29.88,30.08,29.97,30.04,156668,47.06,517,94640.0, 60.41,2026-04-28
EVINDIA, EQ, 28-Apr-2026,30.01,30.76,30.76,29.93,29.99,29.98,30.06,207537,62.38,1193,126576.0, 60.99,2026-04-28
EXCELINDUS, EQ, 28-Apr-2026,939.0,939.0,959.9,939.0,945.85,942.2,948.03,4085,38.73,419,2163.0, 52.95,2026-04-28
EXCELSOFT, EQ, 28-Apr-2026,93.0,93.0,94.99,92.41,94.21,94.36,94.09,684406,643.97,3980,346100.0, 50.57,2026-04-28
EXICOM, EQ, 28-Apr-2026,118.49,118.5,119.95,116.5,117.49,117.0,118.28,257297,304.33,2470,99543.0, 38.69,2026-04-28
EXIDEIND, EQ, 28-Apr-2026,352.35,352.7,358.5,351.25,356.5,356.25,356.02,3553014,12649.41,34160,1782686.0, 50.17,2026-04-28
EXIMROUTES, SM, 28-Apr-2026,131.8,133.0,133.0,130.0,130.0,131.95,131.95,6400,8.44,3,6400.0, 100.00,2026-04-28
EXPLEOSOL, EQ, 28-Apr-2026,819.55,822.85,823.0,808.0,818.9,814.15,814.4,9530,77.61,893,5940.0, 62.33,2026-04-28
EXXARO, EQ, 28-Apr-2026,7.0,6.88,7.07,6.88,7.0,7.0,6.98,169299,11.81,303,112592.0, 66.50,2026-04-28
FABTECH, EQ, 28-Apr-2026,162.29,170.0,182.79,165.56,172.99,172.66,176.88,6243450,11043.12,48824,784821.0, 12.57,2026-04-28
FACT, EQ, 28-Apr-2026,907.4,904.0,923.8,902.1,904.0,906.0,909.93,173794,1581.4,8994,54674.0, 31.46,2026-04-28
FAIRCHEMOR, EQ, 28-Apr-2026,569.9,574.95,574.95,558.05,558.1,560.05,564.04,4617,26.04,790,2152.0, 46.61,2026-04-28
FALCONTECH, SM, 28-Apr-2026,14.75,14.5,15.15,14.5,14.9,14.8,14.65,42000,6.15,19,21600.0, 51.43,2026-04-28
FAZE3Q, BE, 28-Apr-2026,467.95,473.5,473.5,455.0,460.0,460.1,461.51,4367,20.15,138,, -,2026-04-28
FCL, EQ, 28-Apr-2026,23.01,23.0,23.4,22.83,23.0,22.98,23.11,5141394,1188.07,5585,2644453.0, 51.43,2026-04-28
FCSSOFT, BE, 28-Apr-2026,1.69,1.69,1.71,1.65,1.67,1.67,1.68,675130,11.33,1036,, -,2026-04-28
FDC, EQ, 28-Apr-2026,367.05,365.0,371.85,362.15,365.0,365.2,365.61,31309,114.47,2219,19498.0, 62.28,2026-04-28
FEDDERSHOL, EQ, 28-Apr-2026,35.95,36.45,36.45,35.0,35.35,35.35,35.75,559117,199.87,803,359328.0, 64.27,2026-04-28
FEDERALBNK, EQ, 28-Apr-2026,294.05,292.85,295.85,290.0,291.0,290.6,291.82,6666139,19453.08,57457,3841953.0, 57.63,2026-04-28
FEDFINA, EQ, 28-Apr-2026,157.11,157.11,161.09,150.5,151.0,151.61,155.7,1819303,2832.63,19289,987457.0, 54.28,2026-04-28
FEL, BZ, 28-Apr-2026,0.47,0.47,0.47,0.46,0.46,0.46,0.46,105377,0.48,88,, -,2026-04-28
FELDVR, BZ, 28-Apr-2026,3.06,3.15,3.19,2.91,2.91,2.91,3.04,3669,0.11,14,, -,2026-04-28
FELIX, SM, 28-Apr-2026,216.75,216.75,224.9,206.5,212.55,215.45,217.96,56500,123.15,94,34000.0, 60.18,2026-04-28
FERMENTA, EQ, 28-Apr-2026,313.7,315.25,318.7,311.0,313.0,312.8,313.02,3571,11.18,258,2151.0, 60.24,2026-04-28
FIBERWEB, BE, 28-Apr-2026,38.33,38.1,38.5,37.01,38.0,37.99,37.88,16719,6.33,106,, -,2026-04-28
FIDEL, SM, 28-Apr-2026,156.05,160.0,164.0,151.05,159.5,159.5,157.9,46000,72.64,43,26000.0, 56.52,2026-04-28
FIEMIND, EQ, 28-Apr-2026,2211.4,2215.8,2227.0,2176.5,2207.0,2188.8,2197.92,21719,477.37,4472,11742.0, 54.06,2026-04-28
FILATEX, EQ, 28-Apr-2026,45.07,45.59,46.09,44.25,45.2,45.28,45.41,1025526,465.69,6154,465992.0, 45.44,2026-04-28
FILATFASH, BE, 28-Apr-2026,0.29,0.28,0.28,0.28,0.28,0.28,0.28,8195585,22.95,2261,, -,2026-04-28
FINBUD, SM, 28-Apr-2026,126.65,129.0,130.45,125.3,129.55,127.5,128.6,13000,16.72,12,10000.0, 76.92,2026-04-28
FINCABLES, EQ, 28-Apr-2026,1005.25,1012.0,1019.0,989.2,1011.0,1004.4,1003.69,394355,3958.09,22117,158760.0, 40.26,2026-04-28
FINEORG, EQ, 28-Apr-2026,4883.7,4897.0,4897.0,4725.8,4775.0,4745.0,4779.72,12846,614.0,3714,6604.0, 51.41,2026-04-28
FINIETF, EQ, 28-Apr-2026,31.64,31.99,31.99,31.59,31.8,31.65,31.72,363434,115.29,1090,238421.0, 65.60,2026-04-28
FINKURVE, EQ, 28-Apr-2026,71.69,73.61,74.0,71.0,74.0,72.18,72.24,25073,18.11,771,17273.0, 68.89,2026-04-28
FINOPB, EQ, 28-Apr-2026,137.57,135.01,139.9,131.35,133.9,133.4,135.05,408660,551.88,6065,176991.0, 43.31,2026-04-28
FINPIPE, EQ, 28-Apr-2026,175.36,175.36,177.78,174.53,176.4,175.73,176.08,267728,471.42,7382,127009.0, 47.44,2026-04-28
FIRSTCRY, EQ, 28-Apr-2026,251.67,252.0,254.19,245.0,245.7,245.58,249.12,940137,2342.05,14957,434184.0, 46.18,2026-04-28
FISCHER, EQ, 28-Apr-2026,37.62,38.36,39.5,37.52,39.5,39.39,39.05,2504059,977.9,2520,1622035.0, 64.78,2026-04-28
FIVESTAR, EQ, 28-Apr-2026,511.3,515.0,515.0,495.25,503.0,500.45,506.12,1454773,7362.83,41063,609473.0, 41.89,2026-04-28
FLAIR, EQ, 28-Apr-2026,326.0,325.0,329.05,318.85,320.9,320.05,322.77,59014,190.48,1490,24328.0, 41.22,2026-04-28
FLEXIADD, EQ, 28-Apr-2026,9.7,9.74,9.77,9.68,9.74,9.69,9.72,110584,10.75,282,72237.0, 65.32,2026-04-28
FLEXITUFF, EQ, 28-Apr-2026,6.69,6.79,7.04,6.7,7.0,6.95,6.91,28955,2.0,110,16649.0, 57.50,2026-04-28
FLFL, BZ, 28-Apr-2026,1.5,1.57,1.57,1.43,1.56,1.52,1.55,67084,1.04,62,, -,2026-04-28
FLUOROCHEM, EQ, 28-Apr-2026,3406.4,3434.0,3449.7,3378.0,3392.0,3389.6,3403.68,64483,2194.79,7915,36641.0, 56.82,2026-04-28
FLYSBS, SM, 28-Apr-2026,447.5,449.7,457.95,437.0,443.0,441.3,445.6,16200,72.19,70,10200.0, 62.96,2026-04-28
FMCGIETF, EQ, 28-Apr-2026,54.52,55.49,55.49,54.3,54.3,54.35,54.44,716158,389.88,3583,421022.0, 58.79,2026-04-28
FMGOETZE, EQ, 28-Apr-2026,437.8,431.25,468.0,431.25,461.5,464.9,455.97,112164,511.44,2931,60733.0, 54.15,2026-04-28
FMNL, EQ, 28-Apr-2026,9.29,9.29,9.34,8.75,8.94,8.89,9.03,51883,4.68,164,39230.0, 75.61,2026-04-28
FOCE, SM, 28-Apr-2026,553.5,556.0,557.0,553.0,556.5,556.5,555.63,1920,10.67,4,0.0, 0.00,2026-04-28
FOCUS, EQ, 28-Apr-2026,78.55,78.01,80.39,78.0,79.0,79.46,79.22,46376,36.74,562,24908.0, 53.71,2026-04-28
FONEBOX, SM, 28-Apr-2026,66.0,67.0,67.5,67.0,67.5,67.5,67.33,3000,2.02,3,3000.0, 100.00,2026-04-28
FOODSIN, EQ, 28-Apr-2026,61.79,62.23,66.4,61.32,65.24,65.46,64.08,410786,263.22,3477,196610.0, 47.86,2026-04-28
FORCAS, SM, 28-Apr-2026,103.8,105.0,105.0,103.0,103.0,103.05,104.02,19200,19.97,7,19200.0, 100.00,2026-04-28
FORCEMOT, EQ, 28-Apr-2026,20045.0,20175.0,20819.0,19926.0,20809.0,20767.0,20412.79,140968,28775.5,35278,36038.0, 25.56,2026-04-28
FORTIS, EQ, 28-Apr-2026,953.8,961.0,964.5,947.25,956.0,951.55,953.31,1264450,12054.13,50559,654644.0, 51.77,2026-04-28
FOSECOIND, EQ, 28-Apr-2026,4808.0,4827.3,4835.9,4690.1,4770.0,4769.5,4750.08,3097,147.11,707,1762.0, 56.89,2026-04-28
FRACTAL, EQ, 28-Apr-2026,972.25,972.25,1007.05,963.9,977.5,978.5,987.69,788641,7789.32,39548,305300.0, 38.71,2026-04-28
FRESHARA, ST, 28-Apr-2026,213.0,205.45,208.95,203.1,208.95,206.45,205.76,27600,56.79,28,27600.0, 100.00,2026-04-28
FROG, SM, 28-Apr-2026,164.5,164.5,164.8,159.0,164.8,164.8,161.81,6800,11.0,15,5200.0, 76.47,2026-04-28
FRONTSP, EQ, 28-Apr-2026,1468.7,1476.0,1487.0,1450.5,1452.1,1457.4,1462.64,3669,53.66,708,2403.0, 65.49,2026-04-28
FSL, EQ, 28-Apr-2026,214.15,215.88,216.51,211.5,211.99,212.03,212.79,1267841,2697.89,23257,536032.0, 42.28,2026-04-28
FUSION, EQ, 28-Apr-2026,179.65,177.85,181.95,176.94,181.9,180.88,179.85,163139,293.4,2295,81054.0, 49.68,2026-04-28
GABRIEL, EQ, 28-Apr-2026,1013.5,1013.5,1028.0,1003.2,1020.0,1020.45,1020.5,637917,6509.95,9869,543182.0, 85.15,2026-04-28
GAEL, EQ, 28-Apr-2026,152.81,152.8,153.94,149.2,150.49,149.54,150.69,352796,531.62,7915,175525.0, 49.75,2026-04-28
GAIL, EQ, 28-Apr-2026,165.74,165.89,167.22,165.06,165.8,165.68,166.0,6106987,10137.45,29147,3496328.0, 57.25,2026-04-28
GAJANAND, SM, 28-Apr-2026,8.75,8.5,8.5,8.5,8.5,8.5,8.5,3000,0.26,1,3000.0, 100.00,2026-04-28
GALAPREC, EQ, 28-Apr-2026,756.55,760.4,772.8,738.6,743.5,743.9,751.23,27095,203.55,1570,17051.0, 62.93,2026-04-28
GALAXYSURF, EQ, 28-Apr-2026,1812.8,1807.3,1889.0,1784.4,1860.0,1855.9,1831.33,21636,396.23,4059,12690.0, 58.65,2026-04-28
GALLANTT, EQ, 28-Apr-2026,872.55,876.0,904.25,844.05,849.65,852.7,877.8,1293190,11351.67,32792,335153.0, 25.92,2026-04-28
GANDHAR, EQ, 28-Apr-2026,142.3,141.0,144.56,140.05,140.99,140.55,142.3,104724,149.02,1746,49492.0, 47.26,2026-04-28
GANDHITUBE, EQ, 28-Apr-2026,849.7,844.6,861.95,843.1,851.4,846.15,850.68,3164,26.92,351,1780.0, 56.26,2026-04-28
GANECOS, EQ, 28-Apr-2026,1059.15,1065.7,1065.7,1030.1,1040.0,1037.95,1044.98,91219,953.22,4885,41017.0, 44.97,2026-04-28
GANESHBE, EQ, 28-Apr-2026,102.57,103.39,105.65,101.96,103.5,103.76,103.91,301571,313.36,3801,169776.0, 56.30,2026-04-28
GANESHCP, EQ, 28-Apr-2026,191.58,192.0,200.93,189.05,193.0,195.68,196.98,194371,382.88,2916,82309.0, 42.35,2026-04-28
GANESHHOU, EQ, 28-Apr-2026,662.65,669.95,688.0,658.35,675.3,680.75,673.16,77559,522.1,4956,32202.0, 41.52,2026-04-28
GANESHIN, ST, 28-Apr-2026,89.1,89.75,90.7,88.0,88.0,88.0,89.12,30400,27.09,32,26400.0, 86.84,2026-04-28
GANGABATH, ST, 28-Apr-2026,23.85,23.85,24.1,23.1,23.85,23.85,23.73,12000,2.85,4,12000.0, 100.00,2026-04-28
GANGAFORGE, EQ, 28-Apr-2026,2.83,2.94,2.94,2.85,2.87,2.87,2.89,75307,2.17,253,68486.0, 90.94,2026-04-28
GANGESSECU, EQ, 28-Apr-2026,125.93,127.0,132.33,124.0,129.36,127.84,127.45,3015,3.84,128,2517.0, 83.48,2026-04-28
GARFIBRES, EQ, 28-Apr-2026,631.4,633.6,633.6,611.2,613.95,616.5,620.8,110779,687.72,14044,73407.0, 66.26,2026-04-28
GARUDA, EQ, 28-Apr-2026,172.4,172.4,176.75,172.09,175.4,174.84,174.75,415328,725.78,6012,154900.0, 37.30,2026-04-28
GATECH, EQ, 28-Apr-2026,0.47,0.47,0.48,0.47,0.48,0.47,0.48,2371969,11.28,739,1252839.0, 52.82,2026-04-28
GATECHDVR, EQ, 28-Apr-2026,0.47,0.47,0.48,0.46,0.47,0.47,0.47,510264,2.39,154,452148.0, 88.61,2026-04-28
GATEWAY, EQ, 28-Apr-2026,57.9,58.0,58.89,57.72,57.79,57.95,58.29,747738,435.88,6066,457537.0, 61.19,2026-04-28
GAUDIUMIVF, BE, 28-Apr-2026,128.17,128.45,128.95,121.77,121.77,121.77,124.89,295776,369.39,1827,, -,2026-04-28
GAYAHWS, EQ, 28-Apr-2026,2.33,2.33,2.39,2.22,2.22,2.22,2.24,1353212,30.33,719,798080.0, 58.98,2026-04-28
GAYAPROJ, BE, 28-Apr-2026,18.35,18.3,18.3,17.44,17.44,17.44,17.51,490136,85.8,290,, -,2026-04-28
GCHOTELS, SM, 28-Apr-2026,99.35,97.6,101.75,96.0,96.0,97.35,98.81,22200,21.94,31,12600.0, 56.76,2026-04-28
GCSL, EQ, 28-Apr-2026,340.3,340.05,356.95,338.15,350.5,355.15,345.04,266020,917.87,2151,144319.0, 54.25,2026-04-28
GEECEE, EQ, 28-Apr-2026,298.25,298.32,302.82,296.0,296.0,297.71,298.64,863,2.58,63,319.0, 36.96,2026-04-28
GEEKAYWIRE, EQ, 28-Apr-2026,27.85,27.75,27.8,26.84,27.42,27.15,27.11,83951,22.76,870,48794.0, 58.12,2026-04-28
GEMAROMA, BE, 28-Apr-2026,166.86,168.98,171.9,167.0,169.5,169.36,169.36,25850,43.78,234,, -,2026-04-28
GENCON, EQ, 28-Apr-2026,41.74,42.18,42.4,41.04,41.04,41.22,41.62,14828,6.17,189,8274.0, 55.80,2026-04-28
GENESYS, EQ, 28-Apr-2026,273.2,272.8,276.68,265.1,265.47,266.04,269.24,229465,617.81,5656,103710.0, 45.20,2026-04-28
GENUSPAPER, EQ, 28-Apr-2026,13.76,13.89,14.6,13.55,13.8,13.73,13.91,130686,18.17,528,99973.0, 76.50,2026-04-28
GENUSPOWER, EQ, 28-Apr-2026,302.4,305.92,315.0,305.0,312.0,311.76,310.47,1997455,6201.55,29770,842530.0, 42.18,2026-04-28
GEOJITFSL, EQ, 28-Apr-2026,65.64,65.64,66.82,65.1,65.89,65.88,66.03,197085,130.13,1792,97244.0, 49.34,2026-04-28
GESHIP, EQ, 28-Apr-2026,1424.2,1428.0,1492.5,1428.0,1473.6,1474.4,1470.59,652856,9600.85,39175,319590.0, 48.95,2026-04-28
GFLLIMITED, EQ, 28-Apr-2026,48.47,49.17,49.96,47.72,49.25,48.27,48.98,42157,20.65,736,23424.0, 55.56,2026-04-28
GGBL, SM, 28-Apr-2026,342.1,339.8,346.0,336.1,341.4,340.5,341.17,25500,87.0,72,16800.0, 65.88,2026-04-28
GHCL, EQ, 28-Apr-2026,513.35,514.0,525.0,510.05,512.4,513.9,517.58,135747,702.6,4012,52227.0, 38.47,2026-04-28
GHCLTEXTIL, EQ, 28-Apr-2026,89.46,90.0,90.47,85.75,86.06,86.23,87.94,209705,184.42,3110,121271.0, 57.83,2026-04-28
GICHSGFIN, EQ, 28-Apr-2026,154.68,154.6,155.99,152.6,154.57,153.87,154.37,75712,116.88,1550,44060.0, 58.19,2026-04-28
GICL, EQ, 28-Apr-2026,40.86,40.99,43.3,40.31,40.6,40.87,42.04,5373900,2259.02,5859,716512.0, 13.33,2026-04-28
GICRE, EQ, 28-Apr-2026,399.85,399.05,403.25,398.6,398.65,399.55,400.88,363884,1458.73,10817,210922.0, 57.96,2026-04-28
GILLANDERS, EQ, 28-Apr-2026,89.95,92.99,95.0,91.2,94.0,93.99,93.06,27080,25.2,315,18679.0, 68.98,2026-04-28
GILLETTE, EQ, 28-Apr-2026,8191.0,8207.0,8238.0,8150.0,8230.0,8203.0,8199.72,27988,2294.94,3407,19923.0, 71.18,2026-04-28
GILT10BETA, EQ, 28-Apr-2026,26.14,25.78,26.28,25.78,26.1,26.12,26.14,314,0.08,17,218.0, 69.43,2026-04-28
GILT5BETA, EQ, 28-Apr-2026,65.51,65.18,65.5,64.86,65.5,64.87,64.96,175,0.11,12,130.0, 74.29,2026-04-28
GILT5YBEES, EQ, 28-Apr-2026,64.52,62.9,64.69,62.9,64.4,64.39,64.43,313560,202.04,450,249737.0, 79.65,2026-04-28
GINNIFILA, EQ, 28-Apr-2026,41.49,41.02,43.4,41.02,41.8,41.35,42.07,114455,48.15,1296,42734.0, 37.34,2026-04-28
GIPCL, EQ, 28-Apr-2026,157.85,159.0,159.99,156.73,157.02,157.47,158.15,171671,271.5,5085,89437.0, 52.10,2026-04-28
GIRIRAJ, ST, 28-Apr-2026,194.1,190.0,196.5,184.4,196.5,196.5,190.49,1750,3.33,6,1750.0, 100.00,2026-04-28
GKENERGY, EQ, 28-Apr-2026,131.76,131.99,141.69,131.8,137.94,137.38,137.25,1602197,2199.04,14237,667761.0, 41.68,2026-04-28
GKSL, EQ, 28-Apr-2026,115.44,114.98,116.6,113.7,115.4,114.68,114.76,220016,252.48,1628,98253.0, 44.66,2026-04-28
GKWLIMITED, EQ, 28-Apr-2026,1557.5,1569.9,1618.9,1569.9,1600.0,1600.0,1588.28,611,9.7,73,447.0, 73.16,2026-04-28
GLAND, EQ, 28-Apr-2026,1775.5,1773.1,1773.1,1745.0,1753.1,1760.8,1754.4,80928,1419.8,6667,59585.0, 73.63,2026-04-28
GLAXO, EQ, 28-Apr-2026,2439.2,2450.0,2466.3,2404.2,2412.0,2410.2,2435.8,53102,1293.46,5168,40596.0, 76.45,2026-04-28
GLENMARK, EQ, 28-Apr-2026,2325.1,2328.1,2427.4,2327.3,2396.5,2403.7,2400.51,1537658,36911.63,69896,611689.0, 39.78,2026-04-28
GLFL, BE, 28-Apr-2026,7.29,7.6,7.65,6.93,6.93,7.11,7.31,16381,1.2,54,, -,2026-04-28
GLOBAL, EQ, 28-Apr-2026,104.02,106.9,106.9,100.55,101.0,102.4,102.7,120159,123.41,1234,72406.0, 60.26,2026-04-28
GLOBALE, EQ, 28-Apr-2026,14.1,14.89,14.89,13.8,13.8,14.11,14.4,3487,0.5,72,2720.0, 78.00,2026-04-28
GLOBALVECT, EQ, 28-Apr-2026,185.2,181.1,188.39,181.1,185.99,187.12,185.28,9065,16.8,414,5350.0, 59.02,2026-04-28
GLOBE, EQ, 28-Apr-2026,2.52,2.52,2.54,2.47,2.5,2.48,2.49,251542,6.27,262,184460.0, 73.33,2026-04-28
GLOBECIVIL, BE, 28-Apr-2026,47.72,48.9,48.9,46.0,46.95,46.26,46.93,35185,16.51,257,, -,2026-04-28
GLOBUSSPR, EQ, 28-Apr-2026,1080.4,1066.0,1095.3,1063.75,1073.0,1068.55,1072.95,49658,532.8,3178,20789.0, 41.86,2026-04-28
GLOSTERLTD, EQ, 28-Apr-2026,600.85,618.95,624.9,595.1,609.5,609.55,614.07,5010,30.76,211,3633.0, 72.51,2026-04-28
GLOTTIS, EQ, 28-Apr-2026,63.58,63.9,65.0,62.4,62.7,62.7,63.95,371267,237.42,2289,184873.0, 49.80,2026-04-28
GMBREW, EQ, 28-Apr-2026,974.2,975.0,975.0,963.55,966.0,970.1,968.85,39534,383.03,2716,17872.0, 45.21,2026-04-28
GMDCLTD, EQ, 28-Apr-2026,698.55,702.0,753.25,697.8,714.3,714.4,726.52,13288503,96543.03,211631,2661793.0, 20.03,2026-04-28
GML, SM, 28-Apr-2026,19.3,19.5,20.4,19.35,20.0,20.0,19.71,14000,2.76,6,14000.0, 100.00,2026-04-28
GMMPFAUDLR, EQ, 28-Apr-2026,915.15,919.9,920.75,903.0,910.0,906.0,909.77,25288,230.06,2355,17335.0, 68.55,2026-04-28
GMRAIRPORT, EQ, 28-Apr-2026,95.74,95.62,98.26,95.5,98.05,97.86,97.34,16047591,15620.89,63670,8522602.0, 53.11,2026-04-28
GMRP&UI, EQ, 28-Apr-2026,109.14,109.14,110.04,105.44,106.95,106.79,107.14,2535519,2716.55,13638,1438095.0, 56.72,2026-04-28
GNA, EQ, 28-Apr-2026,440.6,440.0,444.95,428.2,431.5,430.0,433.24,47122,204.15,2128,26325.0, 55.87,2026-04-28
GNFC, EQ, 28-Apr-2026,474.85,474.0,477.0,471.85,475.95,475.25,475.19,163531,777.09,7959,89730.0, 54.87,2026-04-28
GNRL, EQ, 28-Apr-2026,97.1,96.95,98.5,94.0,94.0,96.6,96.55,332544,321.07,1347,311336.0, 93.62,2026-04-28
GOACARBON, EQ, 28-Apr-2026,373.25,367.65,382.0,367.65,382.0,377.5,375.94,20297,76.3,674,12561.0, 61.89,2026-04-28
GOCLCORP, EQ, 28-Apr-2026,332.45,332.45,344.45,330.9,339.0,338.4,338.86,112502,381.22,3662,56224.0, 49.98,2026-04-28
GOCOLORS, EQ, 28-Apr-2026,308.17,311.99,317.59,307.25,310.8,311.82,311.76,259621,809.4,6709,102767.0, 39.58,2026-04-28
GODAVARIB, EQ, 28-Apr-2026,327.8,329.95,331.5,313.55,316.8,316.25,319.03,376967,1202.62,8124,195194.0, 51.78,2026-04-28
GODFRYPHLP, EQ, 28-Apr-2026,2114.0,2114.0,2139.3,2106.0,2117.2,2116.1,2121.08,336959,7147.16,17077,119927.0, 35.59,2026-04-28
GODIGIT, EQ, 28-Apr-2026,320.15,321.5,323.8,314.85,317.0,316.8,318.39,160012,509.46,7867,66262.0, 41.41,2026-04-28
GODREJAGRO, EQ, 28-Apr-2026,605.05,605.85,610.0,585.15,587.0,587.6,593.22,190120,1127.83,10239,129798.0, 68.27,2026-04-28
GODREJCP, EQ, 28-Apr-2026,1089.25,1088.2,1105.2,1081.5,1094.9,1092.0,1092.79,807880,8828.41,30256,422738.0, 52.33,2026-04-28
GODREJIND, EQ, 28-Apr-2026,997.25,997.05,1009.0,987.0,987.0,989.1,996.1,140564,1400.15,8509,58002.0, 41.26,2026-04-28
GODREJPROP, EQ, 28-Apr-2026,1828.2,1829.3,1845.2,1820.0,1827.0,1824.6,1833.14,558117,10231.05,21035,202290.0, 36.25,2026-04-28
GOKEX, EQ, 28-Apr-2026,724.55,724.0,726.2,700.0,703.9,703.4,709.55,350628,2487.9,16451,162332.0, 46.30,2026-04-28
GOKUL, EQ, 28-Apr-2026,40.41,39.11,41.44,39.11,40.77,40.74,40.69,12517,5.09,347,5038.0, 40.25,2026-04-28
GOKULAGRO, EQ, 28-Apr-2026,226.02,226.9,232.0,223.18,226.0,225.11,227.22,846838,1924.2,14380,319218.0, 37.70,2026-04-28
GOLD1, EQ, 28-Apr-2026,125.28,125.28,125.28,123.4,123.65,123.61,123.96,4301608,5332.27,8925,3359052.0, 78.09,2026-04-28
GOLD360, EQ, 28-Apr-2026,146.75,146.45,146.45,144.05,144.7,144.6,145.25,21689,31.5,417,11161.0, 51.46,2026-04-28
GOLDADD, EQ, 28-Apr-2026,145.94,145.52,145.68,142.65,144.0,143.96,144.42,223373,322.59,1567,110200.0, 49.33,2026-04-28
GOLDBEES, EQ, 28-Apr-2026,124.25,124.07,124.07,122.51,122.59,122.68,123.11,28116911,34613.64,104896,13182867.0, 46.89,2026-04-28
GOLDBETA, EQ, 28-Apr-2026,126.4,126.2,126.2,124.55,124.7,124.9,125.2,442909,554.53,2760,299582.0, 67.64,2026-04-28
GOLDBND, EQ, 28-Apr-2026,150.19,150.19,150.19,147.83,147.9,148.34,148.53,57322,85.14,281,44364.0, 77.39,2026-04-28
GOLDCASE, EQ, 28-Apr-2026,23.63,23.03,24.1,23.03,23.38,23.34,23.42,7190802,1684.22,12230,2979898.0, 41.44,2026-04-28
GOLDENTOBC, BZ, 28-Apr-2026,28.0,27.44,27.5,26.62,27.5,27.5,27.13,3959,1.07,33,, -,2026-04-28
GOLDETF, EQ, 28-Apr-2026,145.81,146.16,146.16,144.03,144.05,144.21,144.65,1122933,1624.31,5871,658504.0, 58.64,2026-04-28
GOLDIAM, EQ, 28-Apr-2026,386.55,385.0,387.8,380.6,382.35,382.3,383.91,190917,732.94,3416,95847.0, 50.20,2026-04-28
GOLDIETF, EQ, 28-Apr-2026,128.58,128.91,128.91,126.66,126.71,126.86,127.36,5896903,7510.15,26588,3321950.0, 56.33,2026-04-28
GOLDSTAR, ST, 28-Apr-2026,7.25,7.2,7.55,7.2,7.55,7.55,7.47,78750,5.88,7,78750.0, 100.00,2026-04-28
GOLDTECH, EQ, 28-Apr-2026,39.73,40.2,41.25,39.41,39.67,40.11,40.11,15274,6.13,294,11062.0, 72.42,2026-04-28
GOODLUCK, EQ, 28-Apr-2026,1236.75,1244.0,1268.35,1234.0,1248.0,1248.65,1254.55,117614,1475.52,5612,61211.0, 52.04,2026-04-28
GOODYEAR, EQ, 28-Apr-2026,783.7,793.7,795.95,780.25,792.0,790.6,788.11,2533,19.96,329,1967.0, 77.65,2026-04-28
GOPAL, EQ, 28-Apr-2026,281.1,282.0,284.0,273.4,276.0,275.15,277.07,115364,319.64,3072,64447.0, 55.86,2026-04-28
GOYALALUM, EQ, 28-Apr-2026,7.1,7.24,7.25,7.0,7.15,7.11,7.09,118138,8.38,687,81051.0, 68.61,2026-04-28
GPECO, SM, 28-Apr-2026,376.9,376.9,380.0,373.0,373.0,374.1,377.18,6800,25.65,31,6600.0, 97.06,2026-04-28
GPIL, EQ, 28-Apr-2026,297.45,299.0,312.75,298.65,306.2,305.0,307.02,8203497,25186.5,71675,3122165.0, 38.06,2026-04-28
GPPL, EQ, 28-Apr-2026,157.61,157.61,160.5,155.62,157.43,156.77,158.33,996910,1578.42,15710,540897.0, 54.26,2026-04-28
GPTHEALTH, EQ, 28-Apr-2026,136.1,138.75,141.21,135.15,137.3,138.08,137.77,101121,139.32,2608,55795.0, 55.18,2026-04-28
GPTINFRA, EQ, 28-Apr-2026,114.9,114.99,116.0,113.01,113.5,113.6,114.19,68041,77.7,855,34427.0, 50.60,2026-04-28
GRANDOAK, EQ, 28-Apr-2026,30.0,32.45,32.45,27.3,27.6,28.35,28.66,4440,1.27,56,4237.0, 95.43,2026-04-28
GRANULES, EQ, 28-Apr-2026,694.9,696.0,710.0,695.0,703.0,705.15,703.31,960558,6755.7,24975,560216.0, 58.32,2026-04-28
GRAPHITE, EQ, 28-Apr-2026,735.8,738.85,757.0,732.75,737.5,736.65,742.83,1436255,10668.95,33099,440817.0, 30.69,2026-04-28
GRASIM, EQ, 28-Apr-2026,2778.2,2780.0,2848.2,2772.0,2775.9,2783.0,2815.02,1561588,43959.05,67302,816043.0, 52.26,2026-04-28
GRAUWEIL, EQ, 28-Apr-2026,72.37,73.46,73.46,71.28,71.5,71.5,72.49,66436,48.16,1220,51852.0, 78.05,2026-04-28
GRAVISSHO, EQ, 28-Apr-2026,27.75,28.4,28.4,27.3,27.45,27.6,27.56,21259,5.86,95,18651.0, 87.73,2026-04-28
GRAVITA, EQ, 28-Apr-2026,1613.0,1626.0,1639.0,1597.1,1623.0,1625.0,1618.68,136785,2214.11,10731,71117.0, 51.99,2026-04-28
GRCL, SM, 28-Apr-2026,373.2,389.95,390.0,389.95,390.0,389.95,389.98,500,1.95,2,500.0, 100.00,2026-04-28
GREAVESCOT, EQ, 28-Apr-2026,164.17,165.0,171.84,162.6,167.0,167.04,168.01,1843091,3096.49,17170,737727.0, 40.03,2026-04-28
GREENCHEF, SM, 28-Apr-2026,50.4,50.55,50.55,50.0,50.0,50.0,50.28,1600,0.8,2,1600.0, 100.00,2026-04-28
GREENLAM, EQ, 28-Apr-2026,224.0,225.2,227.59,221.95,223.0,222.96,223.32,60247,134.54,776,54099.0, 89.80,2026-04-28
GREENLEAF, SM, 28-Apr-2026,71.25,72.0,72.0,69.5,70.0,69.75,70.52,12000,8.46,12,12000.0, 100.00,2026-04-28
GREENPANEL, EQ, 28-Apr-2026,211.23,211.23,212.29,206.61,207.0,207.56,208.25,73478,153.02,2655,43793.0, 59.60,2026-04-28
GREENPLY, EQ, 28-Apr-2026,247.91,247.0,257.0,247.0,256.7,254.59,252.71,204794,517.54,2597,105608.0, 51.57,2026-04-28
GREENPOWER, EQ, 28-Apr-2026,11.21,11.35,13.45,11.31,12.84,12.72,13.06,188531686,24616.62,93991,20397833.0, 10.82,2026-04-28
GRETEX, ST, 28-Apr-2026,292.0,289.0,289.0,289.0,289.0,289.0,289.0,6750,19.51,2,6750.0, 100.00,2026-04-28
GRINDWELL, EQ, 28-Apr-2026,1624.2,1636.1,1650.0,1603.0,1611.0,1616.4,1627.85,22863,372.18,4268,14366.0, 62.84,2026-04-28
GRINFRA, EQ, 28-Apr-2026,881.4,892.0,934.0,880.2,913.0,911.0,903.49,586972,5303.23,26195,446993.0, 76.15,2026-04-28
GRMOVER, EQ, 28-Apr-2026,164.15,164.0,167.28,162.3,163.75,164.43,163.92,476026,780.3,6969,247073.0, 51.90,2026-04-28
GROBTEA, EQ, 28-Apr-2026,931.45,914.05,946.0,914.0,943.5,923.85,933.06,274,2.56,33,155.0, 56.57,2026-04-28
GROWW, EQ, 28-Apr-2026,214.69,215.61,221.4,215.61,220.5,219.85,219.24,29367376,64384.7,133191,8141979.0, 27.72,2026-04-28
GROWWCAPM, EQ, 28-Apr-2026,11.01,11.07,11.17,11.01,11.17,11.13,11.1,341664,37.93,564,207108.0, 60.62,2026-04-28
GROWWCHEM, EQ, 28-Apr-2026,28.21,28.77,28.77,27.87,28.5,28.43,28.34,68602,19.44,1489,35657.0, 51.98,2026-04-28
GROWWDEFNC, EQ, 28-Apr-2026,89.16,89.46,89.75,88.65,89.6,89.37,89.22,280798,250.54,2327,159904.0, 56.95,2026-04-28
GROWWEV, EQ, 28-Apr-2026,30.04,30.07,30.19,29.7,29.95,29.76,29.9,243311,72.76,1478,105004.0, 43.16,2026-04-28
GROWWGOLD, EQ, 28-Apr-2026,14.67,15.03,15.03,14.45,14.45,14.49,14.55,2169402,315.67,4902,653018.0, 30.10,2026-04-28
GROWWHOSPI, EQ, 28-Apr-2026,49.11,49.35,49.38,48.5,48.74,48.74,48.89,193404,94.55,1168,151188.0, 78.17,2026-04-28
GROWWLIQID, EQ, 28-Apr-2026,108.8,108.82,108.83,108.82,108.83,108.82,108.82,248508,270.43,187,190612.0, 76.70,2026-04-28
GROWWLOVOL, EQ, 28-Apr-2026,10.34,10.33,10.4,10.26,10.35,10.31,10.34,7429,0.77,139,5778.0, 77.78,2026-04-28
GROWWMC150, EQ, 28-Apr-2026,222.03,222.0,223.47,221.33,221.43,221.62,222.37,1454,3.23,62,854.0, 58.73,2026-04-28
GROWWMETAL, EQ, 28-Apr-2026,12.3,12.11,12.5,12.11,12.45,12.42,12.43,1047182,130.21,1955,642495.0, 61.35,2026-04-28
GROWWMOM50, EQ, 28-Apr-2026,10.43,10.39,10.47,10.36,10.46,10.4,10.42,52415,5.46,423,38144.0, 72.77,2026-04-28
GROWWN200, EQ, 28-Apr-2026,11.19,11.24,11.29,11.09,11.18,11.17,11.18,121613,13.6,310,94742.0, 77.90,2026-04-28
GROWWNET, EQ, 28-Apr-2026,9.19,9.19,9.29,9.03,9.29,9.04,9.05,1355476,122.74,662,1141738.0, 84.23,2026-04-28
GROWWNIFTY, EQ, 28-Apr-2026,9.67,10.0,10.0,9.6,9.65,9.62,9.67,430124,41.59,1843,252843.0, 58.78,2026-04-28
GROWWNXT50, EQ, 28-Apr-2026,70.66,70.66,71.3,70.57,70.66,70.92,70.91,9346,6.63,108,5772.0, 61.76,2026-04-28
GROWWPOWER, EQ, 28-Apr-2026,12.43,12.53,12.55,12.38,12.55,12.46,12.43,9236183,1147.69,4108,6290921.0, 68.11,2026-04-28
GROWWPSE, EQ, 28-Apr-2026,106.98,106.77,108.45,106.0,106.0,108.07,107.83,7550,8.14,100,5021.0, 66.50,2026-04-28
GROWWPSUBK, EQ, 28-Apr-2026,87.96,87.58,88.73,86.77,88.73,86.9,87.23,5051,4.41,141,4672.0, 92.50,2026-04-28
GROWWRAIL, EQ, 28-Apr-2026,33.02,33.02,33.24,32.83,32.92,32.91,32.98,477374,157.44,1767,344568.0, 72.18,2026-04-28
GROWWRLTY, EQ, 28-Apr-2026,8.9,9.1,9.1,8.8,8.89,8.87,8.89,165791,14.74,479,96222.0, 58.04,2026-04-28
GROWWSC250, EQ, 28-Apr-2026,9.64,9.66,9.73,9.55,9.69,9.67,9.66,256239,24.76,576,163003.0, 63.61,2026-04-28
GROWWSLVR, EQ, 28-Apr-2026,23.62,23.42,23.51,22.98,23.05,23.02,23.2,2696871,625.65,4651,890868.0, 33.03,2026-04-28
GRPLTD, EQ, 28-Apr-2026,1932.9,1923.2,2000.0,1920.9,1954.0,1937.7,1967.74,2252,44.31,368,1201.0, 53.33,2026-04-28
GRSE, EQ, 28-Apr-2026,2851.4,2855.0,2934.8,2826.1,2883.9,2875.3,2893.62,1599578,46285.72,68444,454235.0, 28.40,2026-04-28
GRWRHITECH, EQ, 28-Apr-2026,4038.0,4034.6,4038.0,3801.2,3953.0,3951.8,3903.95,145217,5669.2,20215,56975.0, 39.23,2026-04-28
GSEC10ABSL, EQ, 28-Apr-2026,110.77,109.26,110.36,109.26,110.36,110.36,109.5,14,0.02,3,11.0, 78.57,2026-04-28
GSEC10YEAR, EQ, 28-Apr-2026,29.67,29.67,30.1,29.51,30.1,29.64,29.71,35021,10.41,30,20078.0, 57.33,2026-04-28
GSEC5IETF, EQ, 28-Apr-2026,64.56,64.56,64.92,64.42,64.46,64.5,64.56,4598,2.97,37,3222.0, 70.07,2026-04-28
GSFC, EQ, 28-Apr-2026,174.9,175.73,176.9,173.01,173.42,173.55,174.74,522387,912.81,8353,262543.0, 50.26,2026-04-28
GSLSU, EQ, 28-Apr-2026,59.82,60.88,60.88,56.83,57.6,57.58,57.97,44909,26.03,536,29399.0, 65.46,2026-04-28
GSMFOILS, SM, 28-Apr-2026,213.1,212.9,217.95,209.0,215.0,214.15,214.1,105500,225.87,173,88000.0, 83.41,2026-04-28
GSPCROP, EQ, 28-Apr-2026,415.8,418.0,422.5,409.0,413.85,411.4,415.52,32661,135.71,1309,17978.0, 55.04,2026-04-28
GSPL, EQ, 28-Apr-2026,281.46,283.0,286.26,280.24,281.15,281.77,283.03,467004,1321.74,23230,258992.0, 55.46,2026-04-28
GSS, BE, 28-Apr-2026,14.86,14.79,14.79,14.5,14.5,14.5,14.63,22509,3.29,154,, -,2026-04-28
GTECJAINX, EQ, 28-Apr-2026,19.28,20.19,20.19,19.0,19.85,19.84,19.81,4174,0.83,36,3864.0, 92.57,2026-04-28
GTL, BE, 28-Apr-2026,7.3,7.33,7.33,7.2,7.21,7.2,7.25,85368,6.19,352,, -,2026-04-28
GTLINFRA, EQ, 28-Apr-2026,1.24,1.25,1.26,1.22,1.22,1.23,1.24,25206317,313.47,10762,10497655.0, 41.65,2026-04-28
GTPL, EQ, 28-Apr-2026,66.76,66.02,68.75,66.02,67.51,67.97,67.4,54452,36.7,1171,22611.0, 41.52,2026-04-28
GUFICBIO, EQ, 28-Apr-2026,293.8,293.0,294.35,288.0,288.0,290.45,290.82,34091,99.14,1455,18247.0, 53.52,2026-04-28
GUJALKALI, EQ, 28-Apr-2026,736.65,722.0,732.9,700.1,707.7,707.65,717.4,504065,3616.18,12015,116700.0, 23.15,2026-04-28
GUJAPOLLO, EQ, 28-Apr-2026,433.85,436.0,446.0,434.8,437.5,438.3,440.02,10817,47.6,463,7061.0, 65.28,2026-04-28
GUJGASLTD, EQ, 28-Apr-2026,383.0,384.3,393.0,383.55,389.0,389.45,389.15,658565,2562.83,21425,286164.0, 43.45,2026-04-28
GUJRAFFIA, EQ, 28-Apr-2026,41.39,41.0,41.87,40.11,40.23,40.29,40.86,2146,0.88,41,1504.0, 70.08,2026-04-28
GUJTHEM, EQ, 28-Apr-2026,358.47,361.0,383.99,354.01,369.0,370.48,371.06,757076,2809.19,13967,252119.0, 33.30,2026-04-28
GULFOILLUB, EQ, 28-Apr-2026,993.0,993.0,997.7,981.0,990.3,990.05,988.42,45910,453.78,3127,28726.0, 62.57,2026-04-28
GULFPETRO, EQ, 28-Apr-2026,32.78,32.69,33.54,32.69,33.0,33.01,33.12,28480,9.43,448,18787.0, 65.97,2026-04-28
GULPOLY, EQ, 28-Apr-2026,179.42,179.96,180.99,176.04,176.5,176.88,178.05,140275,249.76,2081,74196.0, 52.89,2026-04-28
GURUNANAK, SM, 28-Apr-2026,33.5,34.95,35.15,34.9,35.15,35.15,35.08,14400,5.05,9,14400.0, 100.00,2026-04-28
GVKPIL, BE, 28-Apr-2026,3.15,3.21,3.21,3.21,3.21,3.21,3.21,355941,11.43,454,, -,2026-04-28
GVPIL, BE, 28-Apr-2026,557.6,585.45,585.45,570.25,585.45,585.45,584.31,288021,1682.94,3167,, -,2026-04-28
GVPTECH, EQ, 28-Apr-2026,6.97,7.15,7.35,6.97,7.0,6.99,7.1,61246,4.35,275,40675.0, 66.41,2026-04-28
GVPTECHPP, E1, 28-Apr-2026,3.13,3.13,3.13,2.94,3.1,3.1,2.96,5466,0.16,22,5438.0, 99.49,2026-04-28
GVT&D, EQ, 28-Apr-2026,4556.8,4549.8,4620.0,4471.2,4544.0,4520.8,4531.63,571666,25905.8,67485,347479.0, 60.78,2026-04-28
HAL, EQ, 28-Apr-2026,4310.3,4310.3,4360.0,4302.5,4351.0,4341.4,4326.93,556358,24073.25,34141,248224.0, 44.62,2026-04-28
HALDER, EQ, 28-Apr-2026,244.94,247.97,247.99,240.1,244.8,243.4,245.2,345,0.85,37,297.0, 86.09,2026-04-28
HALDYNGL, EQ, 28-Apr-2026,98.5,98.45,110.05,98.4,108.9,108.3,105.0,351598,369.19,3241,230559.0, 65.57,2026-04-28
HALEOSLABS, EQ, 28-Apr-2026,1360.8,1350.0,1489.0,1350.0,1467.3,1438.7,1418.95,2516,35.7,125,1910.0, 75.91,2026-04-28
HAPPSTMNDS, EQ, 28-Apr-2026,375.9,375.0,376.45,370.0,371.2,370.8,373.27,341265,1273.84,9590,150055.0, 43.97,2026-04-28
HAPPYFORGE, EQ, 28-Apr-2026,1337.3,1330.7,1337.4,1292.5,1309.0,1303.4,1312.08,64896,851.49,12913,30836.0, 47.52,2026-04-28
HARDWYN, EQ, 28-Apr-2026,26.22,26.2,26.47,26.15,26.2,26.3,26.29,4822289,1267.63,2429,1103300.0, 22.88,2026-04-28
HARIOMPIPE, EQ, 28-Apr-2026,327.7,327.7,330.0,322.35,325.0,324.2,325.95,123447,402.37,2783,58000.0, 46.98,2026-04-28
HARRMALAYA, EQ, 28-Apr-2026,227.2,228.11,230.14,222.0,226.0,222.86,226.29,7963,18.02,342,4304.0, 54.05,2026-04-28
HARSHA, EQ, 28-Apr-2026,392.5,393.0,396.0,385.1,386.75,386.6,389.02,20315,79.03,1494,11738.0, 57.78,2026-04-28
HATHWAY, EQ, 28-Apr-2026,11.1,11.1,11.17,11.05,11.09,11.09,11.11,1732412,192.44,2449,783231.0, 45.21,2026-04-28
HATSUN, EQ, 28-Apr-2026,996.1,990.0,1012.7,961.9,962.6,969.65,979.97,40510,396.99,3386,23887.0, 58.97,2026-04-28
HAVELLS, EQ, 28-Apr-2026,1274.1,1273.1,1281.2,1263.0,1271.5,1272.2,1272.97,1435828,18277.7,35324,936764.0, 65.24,2026-04-28
HAVISHA, BE, 28-Apr-2026,1.58,1.64,1.64,1.54,1.55,1.57,1.58,17789,0.28,61,, -,2026-04-28
HAWKINCOOK, EQ, 28-Apr-2026,7497.99,7497.98,7497.98,7430.55,7430.55,7479.19,7475.46,430,32.14,303,306.0, 71.16,2026-04-28
HBESD, EQ, 28-Apr-2026,75.5,85.95,85.95,73.25,74.9,74.9,75.92,3091,2.35,97,2336.0, 75.57,2026-04-28
HBLENGINE, EQ, 28-Apr-2026,809.6,809.0,816.9,796.5,803.0,800.35,805.11,751295,6048.75,21165,299058.0, 39.81,2026-04-28
HBSL, BE, 28-Apr-2026,63.76,64.9,64.9,60.62,64.27,64.27,61.63,2219,1.37,35,, -,2026-04-28
HCC, EQ, 28-Apr-2026,20.71,20.8,22.55,20.63,22.38,22.4,21.87,100774509,22039.85,77858,34762681.0, 34.50,2026-04-28
HCG, EQ, 28-Apr-2026,577.45,580.35,583.95,571.5,575.0,577.05,576.69,90732,523.24,3595,68152.0, 75.11,2026-04-28
HCL-INSYS, EQ, 28-Apr-2026,12.45,12.41,12.72,12.24,12.34,12.31,12.38,215865,26.73,1073,157838.0, 73.12,2026-04-28
HCLTECH, EQ, 28-Apr-2026,1228.2,1227.9,1232.7,1192.3,1199.8,1196.0,1202.59,6643295,79891.44,147386,3979377.0, 59.90,2026-04-28
HDBFS, EQ, 28-Apr-2026,670.1,670.0,680.7,660.95,665.05,665.3,672.08,354725,2384.03,12762,176727.0, 49.82,2026-04-28
HDFCAMC, EQ, 28-Apr-2026,2756.0,2756.0,2788.8,2738.1,2769.0,2760.2,2764.07,1098502,30363.37,48207,665435.0, 60.58,2026-04-28
HDFCBANK, EQ, 28-Apr-2026,789.8,785.0,794.5,778.3,782.35,782.55,786.39,35366803,278122.43,333592,18808136.0, 53.18,2026-04-28
HDFCBSE500, EQ, 28-Apr-2026,36.66,36.65,36.79,36.39,36.39,36.59,36.61,18565,6.8,155,7033.0, 37.88,2026-04-28
HDFCGOLD, EQ, 28-Apr-2026,128.36,128.43,128.43,126.61,126.61,126.81,127.15,7838738,9966.76,13894,5544817.0, 70.74,2026-04-28
HDFCGROWTH, EQ, 28-Apr-2026,114.74,116.8,116.8,113.07,114.37,113.18,113.62,25202,28.63,507,19489.0, 77.33,2026-04-28
HDFCLIFE, EQ, 28-Apr-2026,597.3,594.2,598.6,588.5,590.2,590.15,592.82,5604921,33227.1,85226,3798105.0, 67.76,2026-04-28
HDFCLIQUID, EQ, 28-Apr-2026,1058.0,1061.52,1061.52,1058.12,1058.14,1058.13,1058.14,19168,202.83,60,16810.0, 87.70,2026-04-28
HDFCLOWVOL, EQ, 28-Apr-2026,20.21,20.23,20.25,20.05,20.12,20.11,20.19,3994,0.81,70,3026.0, 75.76,2026-04-28
HDFCMID150, EQ, 28-Apr-2026,22.47,22.35,22.57,22.35,22.48,22.45,22.49,520338,117.0,1345,343127.0, 65.94,2026-04-28
HDFCMOMENT, EQ, 28-Apr-2026,30.82,30.89,30.9,30.4,30.87,30.6,30.71,105267,32.33,767,63396.0, 60.22,2026-04-28
HDFCNEXT50, EQ, 28-Apr-2026,72.1,71.8,72.49,71.77,72.4,72.08,72.16,234998,169.58,550,170130.0, 72.40,2026-04-28
HDFCNIF100, EQ, 28-Apr-2026,25.78,25.85,25.89,25.43,25.6,25.53,25.68,43769,11.24,332,21995.0, 50.25,2026-04-28
HDFCNIFBAN, EQ, 28-Apr-2026,57.56,58.99,58.99,56.63,56.96,56.89,56.97,276907,157.77,732,237296.0, 85.70,2026-04-28
HDFCNIFIT, EQ, 28-Apr-2026,31.07,31.23,31.43,30.7,31.05,30.88,30.87,112761,34.81,486,70398.0, 62.43,2026-04-28
HDFCNIFTY, EQ, 28-Apr-2026,270.02,270.02,270.6,268.06,268.06,268.77,269.62,114368,308.36,1277,87596.0, 76.59,2026-04-28
HDFCPSUBK, EQ, 28-Apr-2026,89.26,89.0,89.2,87.24,89.2,87.65,87.86,95962,84.31,530,69356.0, 72.27,2026-04-28
HDFCPVTBAN, EQ, 28-Apr-2026,27.16,27.83,27.83,26.8,26.85,27.03,27.05,54334,14.7,309,40767.0, 75.03,2026-04-28
HDFCQUAL, EQ, 28-Apr-2026,57.24,56.96,57.84,56.96,57.42,57.39,57.49,8279,4.76,145,5484.0, 66.24,2026-04-28
HDFCSENSEX, EQ, 28-Apr-2026,87.27,87.16,87.27,86.63,87.27,86.77,86.92,26969,23.44,716,16820.0, 62.37,2026-04-28
HDFCSILVER, EQ, 28-Apr-2026,230.73,229.49,229.49,224.05,224.76,224.52,225.68,4571308,10316.62,20836,1901547.0, 41.60,2026-04-28
HDFCSML250, EQ, 28-Apr-2026,168.42,169.46,169.46,167.83,168.45,168.43,168.56,1559788,2629.21,9997,990678.0, 63.51,2026-04-28
HDFCVALUE, EQ, 28-Apr-2026,130.62,129.97,131.1,129.06,129.46,129.34,129.85,2150,2.79,84,1679.0, 78.09,2026-04-28
HDIL, BZ, 28-Apr-2026,2.14,2.14,2.22,2.09,2.18,2.14,2.13,215806,4.6,227,, -,2026-04-28
HEADSUP, EQ, 28-Apr-2026,7.3,7.31,7.39,7.16,7.35,7.34,7.31,20237,1.48,96,14396.0, 71.14,2026-04-28
HEALTHADD, EQ, 28-Apr-2026,150.26,150.71,151.0,150.15,151.0,150.49,150.47,23435,35.26,51,21398.0, 91.31,2026-04-28
HEALTHCARE, EQ, 28-Apr-2026,19.08,19.07,19.13,19.01,19.02,19.02,19.07,61301,11.69,161,18525.0, 30.22,2026-04-28
HEALTHIETF, EQ, 28-Apr-2026,152.59,153.0,153.35,152.0,152.96,152.59,152.78,47260,72.2,1118,28504.0, 60.31,2026-04-28
HEALTHY, EQ, 28-Apr-2026,15.3,15.37,15.38,15.1,15.3,15.21,15.31,259740,39.78,1082,175275.0, 67.48,2026-04-28
HECPROJECT, EQ, 28-Apr-2026,135.29,138.35,139.93,132.27,133.5,134.96,137.19,9965,13.67,387,5073.0, 50.91,2026-04-28
HEG, EQ, 28-Apr-2026,664.15,664.1,672.45,653.25,660.7,659.15,660.9,906172,5988.91,26417,376643.0, 41.56,2026-04-28
HEIDELBERG, EQ, 28-Apr-2026,160.3,160.5,160.5,158.25,158.97,158.54,159.09,56618,90.07,1333,34753.0, 61.38,2026-04-28
HEMIPROP, EQ, 28-Apr-2026,129.02,129.49,131.2,128.99,129.6,129.45,129.97,407017,529.01,3612,220897.0, 54.27,2026-04-28
HERANBA, EQ, 28-Apr-2026,228.14,228.14,235.0,225.0,225.0,225.97,229.72,46792,107.49,1198,25964.0, 55.49,2026-04-28
HERITGFOOD, EQ, 28-Apr-2026,360.2,363.3,368.0,362.75,365.95,364.7,365.6,211755,774.18,5359,104449.0, 49.33,2026-04-28
HEROMOTOCO, EQ, 28-Apr-2026,5043.0,5042.5,5105.5,5019.0,5083.0,5068.0,5063.62,667998,33824.9,66299,397720.0, 59.54,2026-04-28
HESTERBIO, EQ, 28-Apr-2026,1668.7,1684.9,1800.0,1616.0,1685.0,1699.4,1740.82,18282,318.26,2038,8504.0, 46.52,2026-04-28
HEXATRADEX, EQ, 28-Apr-2026,169.26,169.79,171.0,168.02,170.0,170.04,169.99,6233,10.6,64,5713.0, 91.66,2026-04-28
HEXT, EQ, 28-Apr-2026,450.85,453.05,456.6,451.0,452.7,453.85,453.28,172635,782.51,9550,86946.0, 50.36,2026-04-28
HFCL, EQ, 28-Apr-2026,106.69,107.2,108.8,105.32,107.0,107.24,107.09,32108858,34386.05,68043,11169755.0, 34.79,2026-04-28
HGINFRA, EQ, 28-Apr-2026,613.85,615.0,618.95,605.0,610.0,607.35,611.43,99169,606.34,5090,39177.0, 39.51,2026-04-28
HGM, EQ, 28-Apr-2026,53.4,54.69,54.79,51.75,52.9,52.13,53.23,6258,3.33,107,4567.0, 72.98,2026-04-28
HGS, EQ, 28-Apr-2026,411.35,408.6,413.7,408.1,412.0,411.0,410.5,12973,53.25,796,8619.0, 66.44,2026-04-28
HIGREEN, SM, 28-Apr-2026,135.1,136.0,138.5,136.0,138.5,138.5,137.25,1600,2.2,2,1600.0, 100.00,2026-04-28
HIKAL, EQ, 28-Apr-2026,189.15,190.63,190.63,187.0,187.22,187.72,188.59,142315,268.39,2211,69658.0, 48.95,2026-04-28
HILINFRA, BE, 28-Apr-2026,51.51,52.94,52.94,50.82,51.4,51.49,51.66,49576,25.61,423,, -,2026-04-28
HILTON, EQ, 28-Apr-2026,24.58,24.69,24.95,24.11,24.5,24.39,24.53,148411,36.4,826,79452.0, 53.54,2026-04-28
HIMATSEIDE, EQ, 28-Apr-2026,90.49,90.4,91.0,88.6,89.83,89.44,89.52,512790,459.05,3893,277823.0, 54.18,2026-04-28
HINDALCO, EQ, 28-Apr-2026,1061.8,1060.0,1079.7,1055.15,1072.0,1074.3,1071.51,7798496,83561.99,112532,5224193.0, 66.99,2026-04-28
HINDCOMPOS, EQ, 28-Apr-2026,468.6,470.5,476.7,464.05,472.0,470.65,470.84,7111,33.48,457,3505.0, 49.29,2026-04-28
HINDCON, BE, 28-Apr-2026,22.8,23.49,23.49,22.8,23.19,23.07,23.03,36667,8.45,121,, -,2026-04-28
HINDCOPPER, EQ, 28-Apr-2026,559.35,562.0,568.45,554.0,558.0,556.4,562.22,4598267,25852.26,57136,1557779.0, 33.88,2026-04-28
HINDOILEXP, EQ, 28-Apr-2026,153.3,155.0,163.9,154.45,161.5,161.97,160.85,2426282,3902.63,19100,852157.0, 35.12,2026-04-28
HINDPETRO, EQ, 28-Apr-2026,380.9,379.5,382.2,375.0,380.0,380.05,379.27,4591112,17412.52,62551,2209550.0, 48.13,2026-04-28
HINDUNILVR, EQ, 28-Apr-2026,2328.3,2321.0,2334.4,2281.1,2290.0,2289.5,2303.11,1629120,37520.43,63289,944223.0, 57.96,2026-04-28
HINDWAREAP, EQ, 28-Apr-2026,223.52,223.73,224.93,215.3,216.55,216.82,219.39,64187,140.82,1597,43598.0, 67.92,2026-04-28
HINDZINC, EQ, 28-Apr-2026,628.0,629.0,631.6,613.3,617.0,616.1,622.04,6908389,42972.68,92232,3340234.0, 48.35,2026-04-28
HIRECT, EQ, 28-Apr-2026,934.2,934.9,936.1,910.8,925.3,922.8,922.95,67409,622.15,5424,33373.0, 49.51,2026-04-28
HISARMETAL, EQ, 28-Apr-2026,158.0,161.11,161.11,155.25,156.5,158.85,159.24,4016,6.39,116,3469.0, 86.38,2026-04-28
HITECH, EQ, 28-Apr-2026,91.02,91.94,94.31,90.51,92.3,92.75,92.5,1428256,1321.17,8120,681799.0, 47.74,2026-04-28
HITECHCORP, EQ, 28-Apr-2026,138.89,139.36,140.89,138.01,139.9,139.0,139.47,2347,3.27,83,2209.0, 94.12,2026-04-28
HITECHGEAR, BE, 28-Apr-2026,616.1,630.0,630.0,615.0,627.0,621.6,625.68,740,4.63,29,, -,2026-04-28
HLEGLAS, EQ, 28-Apr-2026,327.65,327.65,339.0,327.0,330.2,331.3,332.32,100089,332.61,2945,48348.0, 48.31,2026-04-28
HLVLTD, EQ, 28-Apr-2026,8.8,8.8,8.91,8.6,8.87,8.84,8.79,224638,19.74,808,141814.0, 63.13,2026-04-28
HMAAGRO, EQ, 28-Apr-2026,24.42,24.42,24.79,24.31,24.31,24.4,24.48,185942,45.52,850,122348.0, 65.80,2026-04-28
HMT, BZ, 28-Apr-2026,62.87,62.87,63.0,60.1,62.89,61.54,62.19,18626,11.58,163,, -,2026-04-28
HMVL, EQ, 28-Apr-2026,66.7,68.0,68.05,66.1,66.8,67.17,67.36,6028,4.06,154,3478.0, 57.70,2026-04-28
HNDFDS, EQ, 28-Apr-2026,491.2,491.25,495.7,482.0,484.45,483.15,486.3,55339,269.11,3602,36403.0, 65.78,2026-04-28
HNGSNGBEES, EQ, 28-Apr-2026,525.97,525.97,530.99,515.55,524.0,523.77,526.26,155375,817.68,4830,98673.0, 63.51,2026-04-28
HOACFOODS, SM, 28-Apr-2026,399.9,402.7,419.85,402.7,419.85,419.85,414.86,3750,15.56,5,3000.0, 80.00,2026-04-28
HOLMARC, SM, 28-Apr-2026,89.8,94.25,94.25,94.25,94.25,94.25,94.25,750,0.71,1,750.0, 100.00,2026-04-28
HOMEFIRST, EQ, 28-Apr-2026,1152.25,1163.05,1174.75,1121.15,1125.0,1123.6,1141.05,141441,1613.92,12386,73373.0, 51.88,2026-04-28
HOMESFY, SM, 28-Apr-2026,147.5,142.3,154.75,142.0,154.75,154.75,143.46,3000,4.3,8,2700.0, 90.00,2026-04-28
HONASA, EQ, 28-Apr-2026,347.6,347.0,353.0,344.15,346.2,346.5,348.46,394515,1374.73,11907,195024.0, 49.43,2026-04-28
HONAUT, EQ, 28-Apr-2026,31850.0,31900.0,32005.0,31150.0,31290.0,31255.0,31571.21,1921,606.48,1057,957.0, 49.82,2026-04-28
HONDAPOWER, EQ, 28-Apr-2026,2239.8,2273.4,2336.9,2239.9,2320.0,2312.2,2293.35,10317,236.6,1807,4332.0, 41.99,2026-04-28
HPAL, EQ, 28-Apr-2026,38.04,38.95,38.95,37.63,37.8,37.79,38.33,49452,18.96,561,27874.0, 56.37,2026-04-28
HPIL, EQ, 28-Apr-2026,137.38,137.38,137.38,132.5,136.0,136.0,134.85,933,1.26,61,621.0, 66.56,2026-04-28
HPL, EQ, 28-Apr-2026,376.05,377.0,380.0,368.0,371.0,370.5,372.91,222716,830.53,5260,106352.0, 47.75,2026-04-28
HRHNEXT, SM, 28-Apr-2026,31.6,30.05,30.05,30.05,30.05,30.05,30.05,1500,0.45,1,1500.0, 100.00,2026-04-28
HSBCGOLD, EQ, 28-Apr-2026,131.0,130.99,131.0,128.36,128.96,128.86,129.47,16941,21.93,1254,15010.0, 88.60,2026-04-28
HSCL, EQ, 28-Apr-2026,570.65,571.0,582.6,563.75,570.8,571.4,572.98,9311132,53350.67,53304,958311.0, 10.29,2026-04-28
HTMEDIA, EQ, 28-Apr-2026,22.61,22.52,22.65,22.03,22.25,22.12,22.3,44339,9.89,222,31850.0, 71.83,2026-04-28
HUBTOWN, EQ, 28-Apr-2026,207.99,207.02,213.19,205.5,210.5,210.86,208.85,396785,828.67,4184,236113.0, 59.51,2026-04-28
HUDCO, EQ, 28-Apr-2026,214.92,214.6,218.45,212.8,213.8,215.05,215.83,8860387,19123.12,39781,4202659.0, 47.43,2026-04-28
HUHTAMAKI, EQ, 28-Apr-2026,179.95,179.95,182.0,176.31,176.8,177.96,178.16,121677,216.78,1960,70691.0, 58.10,2026-04-28
HYBRIDFIN, EQ, 28-Apr-2026,19.25,19.99,20.17,18.52,18.56,19.05,19.3,3543,0.68,137,3113.0, 87.86,2026-04-28
HYUNDAI, EQ, 28-Apr-2026,1837.6,1839.9,1867.8,1815.0,1827.0,1825.2,1841.1,1506146,27729.72,56450,779583.0, 51.76,2026-04-28
IBLFL, SM, 28-Apr-2026,53.6,56.0,56.25,56.0,56.25,56.25,56.2,20000,11.24,10,18000.0, 90.00,2026-04-28
IBULLSLTD, EQ, 28-Apr-2026,17.26,17.23,17.34,16.81,16.9,16.95,17.09,3636265,621.34,5590,2178411.0, 59.91,2026-04-28
ICDSLTD, BE, 28-Apr-2026,48.34,48.34,48.35,48.34,48.35,48.35,48.34,130,0.06,4,, -,2026-04-28
ICEMAKE, EQ, 28-Apr-2026,811.8,811.8,814.8,795.1,800.0,803.3,804.08,14698,118.18,1175,8000.0, 54.43,2026-04-28
ICICIAMC, EQ, 28-Apr-2026,3277.5,3300.0,3324.8,3278.5,3294.0,3299.8,3303.58,157056,5188.47,19192,94324.0, 60.06,2026-04-28
ICICIB22, EQ, 28-Apr-2026,125.77,125.77,126.48,125.24,125.8,125.66,125.7,633488,796.27,2872,492929.0, 77.81,2026-04-28
ICICIBANK, EQ, 28-Apr-2026,1314.1,1314.3,1317.7,1286.7,1289.1,1292.0,1300.34,16774778,218128.94,197497,8021364.0, 47.82,2026-04-28
ICICIGI, EQ, 28-Apr-2026,1770.5,1772.3,1786.9,1758.8,1780.0,1771.8,1768.3,351217,6210.59,27562,214640.0, 61.11,2026-04-28
ICICIPRULI, EQ, 28-Apr-2026,519.6,520.0,522.4,511.75,522.0,520.55,518.0,1284261,6652.47,28607,678126.0, 52.80,2026-04-28
ICIL, EQ, 28-Apr-2026,267.94,267.94,277.65,267.0,275.38,275.12,272.88,363179,991.05,13943,165810.0, 45.66,2026-04-28
ICRA, EQ, 28-Apr-2026,5491.0,5491.5,5525.0,5450.5,5520.0,5499.5,5492.78,3177,174.51,840,2211.0, 69.59,2026-04-28
IDBI, EQ, 28-Apr-2026,77.54,77.0,77.34,76.2,76.8,76.84,76.84,6106645,4692.13,23218,2604166.0, 42.64,2026-04-28
IDEA, EQ, 28-Apr-2026,9.69,9.7,10.15,9.67,9.95,9.95,9.98,744203178,74240.6,144416,205289797.0, 27.59,2026-04-28
IDEAFORGE, EQ, 28-Apr-2026,549.9,547.6,580.0,546.0,567.55,567.15,566.37,1712310,9697.99,37046,407087.0, 23.77,2026-04-28
IDENTICAL, ST, 28-Apr-2026,22.0,21.9,22.0,20.9,20.9,20.9,21.19,18000,3.82,8,16000.0, 88.89,2026-04-28
IDFCFIRSTB, EQ, 28-Apr-2026,70.27,69.68,69.98,68.5,68.95,68.71,69.08,25640804,17712.68,66438,9780184.0, 38.14,2026-04-28
IDFNIFTYET, EQ, 28-Apr-2026,265.03,265.04,265.74,263.34,263.8,263.76,264.51,149,0.39,42,109.0, 73.15,2026-04-28
IEML, SM, 28-Apr-2026,84.1,84.1,85.0,78.0,80.0,79.8,81.21,48000,38.98,76,38000.0, 79.17,2026-04-28
IEX, EQ, 28-Apr-2026,126.45,126.41,127.64,125.0,126.0,125.94,126.32,11429852,14438.08,42682,6295671.0, 55.08,2026-04-28
IFBAGRO, EQ, 28-Apr-2026,882.35,888.8,926.95,864.05,877.0,873.6,893.79,24850,222.11,1723,7937.0, 31.94,2026-04-28
IFBIND, EQ, 28-Apr-2026,1189.4,1195.55,1206.8,1170.0,1174.0,1176.9,1184.84,29530,349.88,5300,14780.0, 50.05,2026-04-28
IFCI, EQ, 28-Apr-2026,61.34,61.3,62.3,58.71,60.1,60.0,60.45,28590795,17283.63,71633,6807474.0, 23.81,2026-04-28
IFGLEXPOR, EQ, 28-Apr-2026,194.24,190.2,199.5,190.2,195.0,194.0,195.64,41929,82.03,1239,21777.0, 51.94,2026-04-28
IGARASHI, EQ, 28-Apr-2026,392.55,391.4,396.0,380.0,381.7,381.45,386.76,84673,327.48,2631,44030.0, 52.00,2026-04-28
IGCL, EQ, 28-Apr-2026,62.92,62.99,67.1,62.99,64.61,65.67,65.17,190309,124.02,2043,82359.0, 43.28,2026-04-28
IGIL, EQ, 28-Apr-2026,355.85,358.0,359.9,348.9,358.65,357.3,354.34,391830,1388.41,11186,210438.0, 53.71,2026-04-28
IGL, EQ, 28-Apr-2026,164.88,164.8,168.1,163.9,166.64,166.45,166.11,5859740,9733.56,29839,4826497.0, 82.37,2026-04-28
IGPL, EQ, 28-Apr-2026,432.7,435.0,435.0,416.25,422.5,422.7,423.33,71999,304.79,1878,50563.0, 70.23,2026-04-28
IIFL, EQ, 28-Apr-2026,434.0,437.5,446.9,432.45,440.95,438.05,439.82,3917728,17230.89,63199,1926531.0, 49.17,2026-04-28
IIFLCAPS, EQ, 28-Apr-2026,320.08,319.8,324.09,317.43,322.49,322.54,321.48,211822,680.96,8503,99271.0, 46.87,2026-04-28
IITL, EQ, 28-Apr-2026,158.79,159.43,168.75,159.43,168.0,168.12,163.79,100220,164.15,1158,8729.0, 8.71,2026-04-28
IKIO, EQ, 28-Apr-2026,145.08,147.49,149.39,144.0,149.0,147.68,146.87,129574,190.31,2403,62795.0, 48.46,2026-04-28
IKS, EQ, 28-Apr-2026,1504.1,1497.8,1534.8,1497.1,1525.0,1521.8,1515.62,189795,2876.58,13916,80433.0, 42.38,2026-04-28
IL&FSENGG, BZ, 28-Apr-2026,26.9,28.2,28.2,26.0,27.5,26.22,26.88,50868,13.67,98,, -,2026-04-28
IL&FSTRANS, BZ, 28-Apr-2026,2.44,2.47,2.5,2.39,2.46,2.43,2.44,180396,4.41,104,, -,2026-04-28
IMAGICAA, EQ, 28-Apr-2026,47.7,47.7,48.35,45.6,46.59,46.22,46.79,515680,241.29,4667,256868.0, 49.81,2026-04-28
IMFA, EQ, 28-Apr-2026,1521.9,1534.2,1653.9,1521.0,1644.0,1631.9,1612.91,859986,13870.78,54693,274190.0, 31.88,2026-04-28
IMPAL, EQ, 28-Apr-2026,1005.0,1011.45,1011.5,992.2,995.5,998.8,1000.3,1464,14.64,204,779.0, 53.21,2026-04-28
IMPEXFERRO, BZ, 28-Apr-2026,1.65,1.67,1.73,1.6,1.73,1.72,1.69,15661,0.26,55,, -,2026-04-28
INA, EQ, 28-Apr-2026,147.55,148.27,161.81,148.0,158.8,156.43,157.56,2239323,3528.19,20912,808692.0, 36.11,2026-04-28
INCREDIBLE, EQ, 28-Apr-2026,34.95,34.25,36.47,34.06,35.85,35.84,35.6,7058,2.51,103,5533.0, 78.39,2026-04-28
INDBANK, EQ, 28-Apr-2026,34.22,34.1,36.89,34.05,34.7,34.53,35.62,350850,124.98,2747,87567.0, 24.96,2026-04-28
INDGN, EQ, 28-Apr-2026,497.3,498.0,503.3,491.85,498.85,498.9,498.82,228539,1139.99,17976,122410.0, 53.56,2026-04-28
INDHOTEL, EQ, 28-Apr-2026,647.85,645.1,655.0,643.25,654.0,652.45,648.91,1967671,12768.36,27883,984751.0, 50.05,2026-04-28
INDIACEM, EQ, 28-Apr-2026,435.1,432.55,433.75,416.2,419.8,419.2,425.03,1760805,7483.88,43199,404818.0, 22.99,2026-04-28
INDIAGLYCO, EQ, 28-Apr-2026,970.05,971.0,977.0,955.3,964.0,961.7,965.28,82087,792.37,4415,43007.0, 52.39,2026-04-28
INDIAMART, EQ, 28-Apr-2026,2119.5,2105.1,2140.1,2101.8,2113.0,2129.3,2124.67,82614,1755.27,8796,62100.0, 75.17,2026-04-28
INDIANB, EQ, 28-Apr-2026,912.65,902.0,909.7,894.4,899.0,896.1,900.84,1854563,16706.61,57841,987721.0, 53.26,2026-04-28
INDIANCARD, EQ, 28-Apr-2026,209.14,205.26,214.45,205.26,210.1,210.7,209.79,5009,10.51,139,3730.0, 74.47,2026-04-28
INDIANHUME, EQ, 28-Apr-2026,320.85,320.4,325.2,316.75,317.0,317.85,319.6,69759,222.95,2674,42393.0, 60.77,2026-04-28
INDIASHLTR, EQ, 28-Apr-2026,819.8,819.8,827.7,804.1,809.6,812.8,812.49,163349,1327.2,3964,125560.0, 76.87,2026-04-28
INDIGO, EQ, 28-Apr-2026,4561.2,4514.8,4547.9,4421.0,4465.0,4442.4,4468.64,1261879,56388.87,85767,592317.0, 46.94,2026-04-28
INDIGOPNTS, EQ, 28-Apr-2026,869.7,867.0,872.55,858.6,866.8,865.25,864.4,74081,640.35,6201,40531.0, 54.71,2026-04-28
INDIGRID, IV, 28-Apr-2026,171.82,171.11,173.2,171.11,172.0,172.2,171.87,402456,691.72,4447,336494.0, 83.61,2026-04-28
INDIQUBE, EQ, 28-Apr-2026,176.33,177.04,177.74,171.65,173.5,173.92,174.15,47885,83.39,2548,25624.0, 53.51,2026-04-28
INDNIPPON, EQ, 28-Apr-2026,807.8,807.8,817.2,800.0,808.0,806.1,805.72,16515,133.06,1089,10176.0, 61.62,2026-04-28
INDOAMIN, EQ, 28-Apr-2026,113.97,114.53,114.55,112.12,113.6,113.29,113.36,41117,46.61,688,15540.0, 37.79,2026-04-28
INDOBORAX, EQ, 28-Apr-2026,246.09,246.09,248.98,244.81,246.1,246.73,246.93,16351,40.38,518,8843.0, 54.08,2026-04-28
INDOCO, EQ, 28-Apr-2026,208.99,208.1,212.29,207.49,212.0,211.45,210.19,21236,44.64,484,13104.0, 61.71,2026-04-28
INDOFARM, EQ, 28-Apr-2026,147.09,146.0,149.9,135.36,139.9,138.39,141.51,312649,442.43,4149,175824.0, 56.24,2026-04-28
INDORAMA, EQ, 28-Apr-2026,39.6,39.7,39.7,38.81,39.14,39.23,39.15,84619,33.13,689,48949.0, 57.85,2026-04-28
INDOSTAR, EQ, 28-Apr-2026,196.72,197.98,201.7,196.86,201.0,199.82,199.58,83606,166.86,1983,44029.0, 52.66,2026-04-28
INDOTECH, EQ, 28-Apr-2026,2359.8,2360.0,2477.7,2352.1,2477.7,2451.2,2417.82,171865,4155.39,9189,68636.0, 39.94,2026-04-28
INDOTHAI, EQ, 28-Apr-2026,297.4,297.4,297.4,287.3,291.6,292.25,293.48,685490,2011.76,4787,350315.0, 51.10,2026-04-28
INDOUS, EQ, 28-Apr-2026,103.96,106.9,107.2,100.5,102.0,101.84,102.6,22467,23.05,583,13577.0, 60.43,2026-04-28
INDOWIND, EQ, 28-Apr-2026,11.04,11.34,11.35,11.06,11.2,11.16,11.22,489804,54.94,1621,326577.0, 66.68,2026-04-28
INDPRUD, EQ, 28-Apr-2026,6799.95,6299.95,6731.9,6299.95,6699.0,6697.0,6528.15,168,10.97,63,102.0, 60.71,2026-04-28
INDRAMEDCO, EQ, 28-Apr-2026,413.9,413.0,416.45,399.8,401.85,401.25,405.16,388544,1574.21,6966,247142.0, 63.61,2026-04-28
INDSWFTLAB, EQ, 28-Apr-2026,134.3,135.0,140.72,134.13,139.0,139.17,137.21,501536,688.16,4235,255207.0, 50.89,2026-04-28
INDTERRAIN, EQ, 28-Apr-2026,30.84,30.5,31.98,30.5,30.81,30.84,30.66,88034,26.99,173,80630.0, 91.59,2026-04-28
INDUSINDBK, EQ, 28-Apr-2026,900.15,890.15,895.7,882.45,885.0,885.55,889.4,5748485,51126.99,70832,3727765.0, 64.85,2026-04-28
INDUSINVIT, IV, 28-Apr-2026,129.94,131.6,131.6,127.51,128.8,128.2,129.49,59995,77.69,3623,48283.0, 80.48,2026-04-28
INDUSTOWER, EQ, 28-Apr-2026,402.3,411.0,419.05,409.6,414.5,413.95,414.92,9680019,40164.78,102708,3011025.0, 31.11,2026-04-28
INFINIUM, SM, 28-Apr-2026,212.0,214.5,214.5,207.5,207.5,207.5,212.41,3000,6.37,6,2000.0, 66.67,2026-04-28
INFLUX, SM, 28-Apr-2026,251.3,254.4,259.0,248.95,249.0,250.65,253.94,25800,65.52,42,18600.0, 72.09,2026-04-28
INFOBEAN, EQ, 28-Apr-2026,185.03,187.0,205.67,180.05,199.0,198.82,196.42,5094077,10005.88,63061,882122.0, 17.32,2026-04-28
INFOLLION, SM, 28-Apr-2026,217.25,219.85,222.0,213.1,216.4,215.25,217.11,14800,32.13,34,11200.0, 75.68,2026-04-28
INFOMEDIA, EQ, 28-Apr-2026,5.83,6.16,6.64,5.85,5.88,5.98,6.08,13463,0.82,105,6956.0, 51.67,2026-04-28
INFRA, EQ, 28-Apr-2026,12.04,12.04,12.12,12.01,12.06,12.03,12.08,54841,6.62,159,49385.0, 90.05,2026-04-28
INFRABEES, EQ, 28-Apr-2026,964.46,966.1,971.9,965.49,971.89,968.2,968.65,13717,132.87,685,6802.0, 49.59,2026-04-28
INFRAIETF, EQ, 28-Apr-2026,96.34,96.65,96.98,96.15,96.15,96.47,96.62,87706,84.74,4033,54806.0, 62.49,2026-04-28
INFY, EQ, 28-Apr-2026,1170.3,1162.7,1169.4,1149.8,1151.0,1152.1,1155.41,12720276,146971.31,324704,6123998.0, 48.14,2026-04-28
INGERRAND, EQ, 28-Apr-2026,4234.2,4212.6,4270.3,4192.6,4230.0,4244.4,4237.53,14540,616.14,2319,9853.0, 67.76,2026-04-28
INM, SM, 28-Apr-2026,175.0,175.0,195.0,170.0,170.0,176.0,176.0,3000,5.28,5,2400.0, 80.00,2026-04-28
INNOMET, SM, 28-Apr-2026,89.0,90.0,92.0,89.0,90.0,90.0,90.0,8400,7.56,12,7800.0, 92.86,2026-04-28
INNOVACAP, EQ, 28-Apr-2026,718.05,722.0,742.45,711.5,723.15,720.3,725.48,89472,649.1,5351,46621.0, 52.11,2026-04-28
INNOVANA, EQ, 28-Apr-2026,379.2,382.95,389.95,375.25,375.65,377.25,380.62,7209,27.44,428,1652.0, 22.92,2026-04-28
INNOVISION, EQ, 28-Apr-2026,330.45,330.95,334.9,324.9,324.9,326.9,329.03,64234,211.35,2218,27897.0, 43.43,2026-04-28
INOXGREEN, EQ, 28-Apr-2026,182.11,182.1,184.19,177.26,180.9,179.92,180.48,1283144,2315.87,14012,534847.0, 41.68,2026-04-28
INOXINDIA, EQ, 28-Apr-2026,1512.1,1524.4,1555.0,1480.4,1489.3,1487.2,1506.41,159853,2408.04,21799,66735.0, 41.75,2026-04-28
INOXWIND, EQ, 28-Apr-2026,104.09,104.0,105.14,102.17,103.65,103.07,103.5,9031940,9348.31,35501,3027116.0, 33.52,2026-04-28
INSECTICID, EQ, 28-Apr-2026,696.3,703.25,703.25,692.1,692.1,697.6,699.11,7476,52.27,513,4325.0, 57.85,2026-04-28
INSPIRE, ST, 28-Apr-2026,10.05,9.55,10.55,9.55,10.55,10.55,10.05,8000,0.8,4,6000.0, 75.00,2026-04-28
INSPIRISYS, BE, 28-Apr-2026,81.32,82.88,82.88,79.0,81.89,81.11,81.19,3971,3.22,42,, -,2026-04-28
INTEGRITY, SM, 28-Apr-2026,138.5,142.75,142.75,142.75,142.75,142.75,142.75,1200,1.71,1,1200.0, 100.00,2026-04-28
INTELLECT, EQ, 28-Apr-2026,708.65,709.05,770.9,706.55,754.6,753.95,748.26,2774772,20762.4,82530,526118.0, 18.96,2026-04-28
INTENTECH, EQ, 28-Apr-2026,99.05,100.89,101.4,98.21,99.01,99.94,99.63,23652,23.56,305,14275.0, 60.35,2026-04-28
INTERARCH, EQ, 28-Apr-2026,2110.2,2120.8,2141.3,2059.9,2115.0,2091.7,2107.53,52167,1099.43,5791,28784.0, 55.18,2026-04-28
INTERNET, EQ, 28-Apr-2026,12.39,12.33,12.44,12.25,12.44,12.38,12.32,727316,89.59,319,598157.0, 82.24,2026-04-28
INTLCONV, EQ, 28-Apr-2026,76.28,77.77,78.36,75.99,76.9,76.95,77.24,52751,40.74,780,20568.0, 38.99,2026-04-28
INVENTURE, EQ, 28-Apr-2026,1.0,1.0,1.01,0.99,1.0,1.0,1.0,1026588,10.31,462,780712.0, 76.05,2026-04-28
INVICTA, SM, 28-Apr-2026,87.4,87.0,100.0,87.0,100.0,97.35,94.6,168000,158.92,95,137600.0, 81.90,2026-04-28
INVPRECQ, EQ, 28-Apr-2026,598.35,639.9,649.0,600.65,646.0,630.4,625.73,5836,36.52,366,3385.0, 58.00,2026-04-28
IOB, EQ, 28-Apr-2026,35.32,35.32,35.35,34.9,34.99,34.97,35.12,3065979,1076.64,9363,1317614.0, 42.98,2026-04-28
IOC, EQ, 28-Apr-2026,146.26,146.15,146.19,144.31,145.74,145.39,145.32,11294936,16413.84,65315,5685120.0, 50.33,2026-04-28
IOLCP, EQ, 28-Apr-2026,92.29,92.0,93.4,90.1,90.78,90.85,91.54,761614,697.17,5522,388561.0, 51.02,2026-04-28
IONEXCHANG, EQ, 28-Apr-2026,408.4,412.0,413.0,397.9,399.0,399.35,403.54,248005,1000.81,11348,151885.0, 61.24,2026-04-28
IPCALAB, EQ, 28-Apr-2026,1541.3,1548.0,1573.9,1530.2,1540.0,1537.0,1542.53,99425,1533.66,7239,49061.0, 49.34,2026-04-28
IPHL, SM, 28-Apr-2026,54.0,55.0,55.5,54.6,54.6,54.6,55.08,6000,3.3,5,6000.0, 100.00,2026-04-28
IPL, EQ, 28-Apr-2026,150.45,150.79,151.34,149.05,149.59,149.38,149.91,75611,113.35,1372,48010.0, 63.50,2026-04-28
IPSL, SM, 28-Apr-2026,250.0,245.0,245.0,245.0,245.0,245.0,245.0,1500,3.68,3,1500.0, 100.00,2026-04-28
IRB, EQ, 28-Apr-2026,21.86,21.87,22.04,21.71,21.88,21.86,21.82,10937734,2387.14,16414,5099357.0, 46.62,2026-04-28
IRBINVIT, IV, 28-Apr-2026,61.76,62.0,62.0,61.34,61.49,61.49,61.55,869278,535.02,4126,799663.0, 91.99,2026-04-28
IRCON, EQ, 28-Apr-2026,153.99,153.98,155.4,152.71,154.0,153.93,153.96,2011636,3097.15,18295,539042.0, 26.80,2026-04-28
IRCTC, EQ, 28-Apr-2026,545.1,545.1,554.0,541.8,544.0,543.85,548.14,1573071,8622.62,41423,673931.0, 42.84,2026-04-28
IREDA, EQ, 28-Apr-2026,138.0,138.6,140.08,136.79,138.4,138.05,138.47,9258413,12819.7,40241,2892842.0, 31.25,2026-04-28
IRFC, EQ, 28-Apr-2026,105.57,105.58,106.75,104.78,105.12,105.14,105.69,13405170,14167.91,49055,3659303.0, 27.30,2026-04-28
IRIS, EQ, 28-Apr-2026,242.46,240.0,245.79,234.98,236.0,236.33,237.35,28564,67.8,873,17869.0, 62.56,2026-04-28
IRISDOREME, EQ, 28-Apr-2026,36.05,36.2,36.7,34.2,35.4,35.36,35.81,291805,104.51,892,103209.0, 35.37,2026-04-28
IRMENERGY, EQ, 28-Apr-2026,331.39,338.99,360.0,327.37,347.0,347.66,339.75,47068984,159917.37,397630,1746082.0, 3.71,2026-04-28
ISFT, EQ, 28-Apr-2026,75.61,75.0,78.96,73.5,75.0,74.83,75.86,16030,12.16,312,7851.0, 48.98,2026-04-28
ISGEC, EQ, 28-Apr-2026,1094.65,1100.0,1103.9,1087.25,1099.0,1094.95,1097.14,58378,640.49,5007,30216.0, 51.76,2026-04-28
ISHAN, ST, 28-Apr-2026,0.7,0.7,0.7,0.7,0.7,0.7,0.7,48000,0.34,1,48000.0, 100.00,2026-04-28
ISHANCH, EQ, 28-Apr-2026,62.19,63.79,63.79,60.32,62.45,62.45,61.21,1117,0.68,22,852.0, 76.28,2026-04-28
IT, EQ, 28-Apr-2026,32.15,32.95,32.95,31.02,32.23,32.0,32.04,450028,144.19,1406,286116.0, 63.58,2026-04-28
ITADD, EQ, 28-Apr-2026,30.8,30.63,30.86,30.5,30.51,30.56,30.6,1044334,319.53,354,1007060.0, 96.43,2026-04-28
ITALIANE, ST, 28-Apr-2026,40.0,38.0,38.0,38.0,38.0,38.0,38.0,2000,0.76,1,2000.0, 100.00,2026-04-28
ITBEES, EQ, 28-Apr-2026,32.32,31.91,32.4,31.91,32.1,32.07,32.13,14275220,4586.88,23633,9215544.0, 64.56,2026-04-28
ITBETA, EQ, 28-Apr-2026,305.66,305.66,305.8,302.6,302.71,302.92,304.37,1200,3.65,52,684.0, 57.00,2026-04-28
ITC, EQ, 28-Apr-2026,303.85,304.4,305.8,302.55,304.25,304.45,304.67,12907339,39324.14,106023,7854943.0, 60.86,2026-04-28
ITCHOTELS, EQ, 28-Apr-2026,160.7,160.65,161.1,157.56,158.0,157.94,158.7,2377167,3772.67,30230,1595863.0, 67.13,2026-04-28
ITDC, EQ, 28-Apr-2026,601.6,601.6,601.6,587.45,590.65,591.4,592.36,68199,403.98,2455,20517.0, 30.08,2026-04-28
ITETF, EQ, 28-Apr-2026,30.74,30.74,31.7,30.47,30.57,30.53,30.61,387565,118.62,1111,227233.0, 58.63,2026-04-28
ITI, EQ, 28-Apr-2026,299.67,300.0,312.34,298.13,304.0,305.51,306.51,1944429,5959.81,29454,356546.0, 18.34,2026-04-28
ITIETF, EQ, 28-Apr-2026,32.2,32.2,32.35,31.97,32.09,32.05,32.08,1257173,403.34,2819,901769.0, 71.73,2026-04-28
ITTL, ST, 28-Apr-2026,98.5,96.55,96.55,96.55,96.55,96.55,96.55,420,0.41,4,420.0, 100.00,2026-04-28
IVALUE, EQ, 28-Apr-2026,267.59,267.0,270.72,255.67,257.2,257.03,263.46,108443,285.7,2294,58546.0, 53.99,2026-04-28
IVC, EQ, 28-Apr-2026,7.78,7.8,8.24,7.78,7.94,7.9,8.01,332995,26.68,1053,210556.0, 63.23,2026-04-28
IVP, EQ, 28-Apr-2026,143.55,142.0,146.0,142.0,144.99,145.37,144.56,1078,1.56,28,1042.0, 96.66,2026-04-28
IVZINGOLD, EQ, 28-Apr-2026,13088.2,13085.2,13099.25,12851.0,12865.0,12868.3,12938.6,511,66.12,261,352.0, 68.88,2026-04-28
IVZINNIFTY, EQ, 28-Apr-2026,2737.71,2744.46,2752.0,2729.26,2734.63,2733.33,2737.15,38,1.04,9,33.0, 86.84,2026-04-28
IWARE, ST, 28-Apr-2026,308.7,324.1,324.1,324.1,324.1,324.1,324.1,4800,15.56,4,4800.0, 100.00,2026-04-28
IWP, EQ, 28-Apr-2026,34.4,36.0,36.0,33.1,34.7,34.7,34.03,1847,0.63,58,1739.0, 94.15,2026-04-28
IXIGO, EQ, 28-Apr-2026,169.59,169.54,170.98,166.9,168.9,169.34,169.11,642196,1086.0,10382,277312.0, 43.18,2026-04-28
IZMO, BE, 28-Apr-2026,739.8,760.0,763.0,734.0,740.0,739.5,749.2,40031,299.91,1169,, -,2026-04-28
J&KBANK, EQ, 28-Apr-2026,129.22,128.7,129.99,125.37,128.56,128.52,128.13,5203590,6667.42,33928,2462625.0, 47.33,2026-04-28
JAGRAN, EQ, 28-Apr-2026,65.99,65.99,66.49,65.4,65.5,65.56,65.83,143537,94.48,1435,109889.0, 76.56,2026-04-28
JAGSNPHARM, EQ, 28-Apr-2026,203.67,201.0,213.7,197.26,208.0,205.55,205.63,416949,857.39,6627,181017.0, 43.41,2026-04-28
JAIBALAJI, EQ, 28-Apr-2026,78.16,78.47,83.1,78.02,81.85,81.42,81.17,7826606,6352.48,44524,2170216.0, 27.73,2026-04-28
JAICORPLTD, EQ, 28-Apr-2026,119.28,119.99,121.37,118.3,120.15,120.01,119.81,656111,786.09,6083,246436.0, 37.56,2026-04-28
JAINAM, SM, 28-Apr-2026,211.4,221.95,221.95,221.95,221.95,221.95,221.95,1000,2.22,2,1000.0, 100.00,2026-04-28
JAINIK, SM, 28-Apr-2026,144.8,152.0,152.0,141.1,141.25,141.35,148.64,74400,110.59,52,57600.0, 77.42,2026-04-28
JAINREC, EQ, 28-Apr-2026,419.85,420.95,453.5,418.15,449.5,447.5,440.95,6364593,28064.68,93648,2297990.0, 36.11,2026-04-28
JAIPURKURT, EQ, 28-Apr-2026,33.09,34.19,35.4,32.2,32.31,32.38,32.96,16663,5.49,189,10402.0, 62.43,2026-04-28
JALAN, SM, 28-Apr-2026,1.95,2.0,2.0,1.9,1.9,1.9,1.92,126000,2.41,19,93000.0, 73.81,2026-04-28
JAMNAAUTO, EQ, 28-Apr-2026,124.51,124.5,125.45,122.8,123.1,123.22,123.71,804279,995.0,10155,430098.0, 53.48,2026-04-28
JARO, EQ, 28-Apr-2026,418.3,424.0,429.0,413.0,418.0,421.55,421.95,262181,1106.26,4108,125676.0, 47.93,2026-04-28
JASH, EQ, 28-Apr-2026,423.7,420.0,432.0,420.0,426.5,428.15,427.71,87494,374.22,2959,45076.0, 51.52,2026-04-28
JAYAGROGN, EQ, 28-Apr-2026,201.18,201.7,205.5,197.97,203.0,204.54,202.45,16610,33.63,398,12926.0, 77.82,2026-04-28
JAYBARMARU, EQ, 28-Apr-2026,92.84,93.77,94.68,92.16,92.56,92.79,93.58,115002,107.62,1302,51880.0, 45.11,2026-04-28
JAYBEE, ST, 28-Apr-2026,105.25,106.0,106.5,102.0,102.0,102.2,104.3,30500,31.81,47,28000.0, 91.80,2026-04-28
JAYESH, SM, 28-Apr-2026,169.0,169.4,175.0,169.4,175.0,175.0,172.2,2000,3.44,2,1000.0, 50.00,2026-04-28
JAYKAY, EQ, 28-Apr-2026,170.32,171.68,187.99,170.1,185.5,185.16,183.98,528595,972.5,8004,158370.0, 29.96,2026-04-28
JAYNECOIND, EQ, 28-Apr-2026,104.05,103.7,111.2,103.12,110.96,109.81,107.86,21294552,22969.14,82845,8371393.0, 39.31,2026-04-28
JAYSREETEA, EQ, 28-Apr-2026,89.23,88.56,90.66,88.56,89.3,89.3,89.73,30627,27.48,542,17938.0, 58.57,2026-04-28
JBCHEPHARM, EQ, 28-Apr-2026,2047.5,2064.0,2065.7,2031.0,2051.3,2043.6,2051.28,334885,6869.42,18131,240467.0, 71.81,2026-04-28
JBMA, EQ, 28-Apr-2026,628.75,630.65,655.0,626.0,644.0,645.3,645.12,2379750,15352.33,49966,588795.0, 24.74,2026-04-28
JETFREIGHT, EQ, 28-Apr-2026,20.61,20.15,21.25,20.15,21.07,20.97,20.98,81177,17.03,376,66277.0, 81.65,2026-04-28
JEYYAM, SM, 28-Apr-2026,35.75,36.05,36.8,36.05,36.2,36.2,36.07,98000,35.35,7,98000.0, 100.00,2026-04-28
JFLLIFE, SM, 28-Apr-2026,9.55,9.55,9.55,9.4,9.4,9.4,9.5,18000,1.71,3,18000.0, 100.00,2026-04-28
JGCHEM, EQ, 28-Apr-2026,412.05,416.0,416.0,403.0,404.55,405.2,408.4,70969,289.84,2418,36737.0, 51.76,2026-04-28
JHS, BE, 28-Apr-2026,9.17,9.13,9.19,8.92,9.19,9.16,9.08,5385,0.49,52,, -,2026-04-28
JINDALPHOT, EQ, 28-Apr-2026,1126.7,1149.0,1151.95,1100.0,1102.0,1105.4,1121.4,5741,64.38,565,2265.0, 39.45,2026-04-28
JINDALPOLY, EQ, 28-Apr-2026,691.9,691.9,698.95,664.95,677.0,676.25,677.63,33413,226.42,1884,16643.0, 49.81,2026-04-28
JINDALSAW, EQ, 28-Apr-2026,245.17,231.0,244.9,224.61,240.74,240.28,237.4,12162234,28873.61,100325,3800550.0, 31.25,2026-04-28
JINDALSTEL, EQ, 28-Apr-2026,1278.2,1283.5,1290.5,1262.5,1265.0,1265.5,1273.58,858544,10934.25,26665,402159.0, 46.84,2026-04-28
JINDRILL, EQ, 28-Apr-2026,542.2,543.1,554.8,538.65,546.9,546.95,546.6,220380,1204.59,6341,77369.0, 35.11,2026-04-28
JINDWORLD, EQ, 28-Apr-2026,26.33,26.58,27.35,26.0,26.42,26.49,26.35,650379,171.4,1820,173159.0, 26.62,2026-04-28
JIOFIN, EQ, 28-Apr-2026,253.64,255.5,256.0,249.53,251.0,250.81,252.18,21934246,55314.4,110254,9351886.0, 42.64,2026-04-28
JISLDVREQS, EQ, 28-Apr-2026,23.86,23.71,24.69,23.53,24.6,24.33,24.2,19586,4.74,96,10256.0, 52.36,2026-04-28
JISLJALEQS, EQ, 28-Apr-2026,33.06,33.05,33.66,32.8,33.05,33.09,33.16,2475522,820.92,8014,1180279.0, 47.68,2026-04-28
JITFINFRA, BE, 28-Apr-2026,305.05,299.0,301.0,299.0,301.0,301.0,299.42,3694,11.06,74,, -,2026-04-28
JKCEMENT, EQ, 28-Apr-2026,5606.5,5606.5,5645.0,5401.0,5480.0,5472.5,5456.57,124690,6803.8,21206,61712.0, 49.49,2026-04-28
JKIL, EQ, 28-Apr-2026,516.6,515.5,523.0,511.05,516.0,516.8,518.16,97022,502.73,4697,45418.0, 46.81,2026-04-28
JKIPL, BE, 28-Apr-2026,91.71,88.01,94.35,88.01,93.0,91.92,92.08,48090,44.28,475,, -,2026-04-28
JKLAKSHMI, EQ, 28-Apr-2026,657.6,656.5,671.35,656.0,667.55,664.2,664.07,75180,499.25,8262,37862.0, 50.36,2026-04-28
JKPAPER, EQ, 28-Apr-2026,374.15,374.95,377.1,365.05,368.0,367.1,368.8,176900,652.41,7314,92573.0, 52.33,2026-04-28
JKTYRE, EQ, 28-Apr-2026,404.85,404.8,408.75,399.25,402.5,400.45,403.7,774642,3127.23,18775,435054.0, 56.16,2026-04-28
JLHL, EQ, 28-Apr-2026,1269.6,1269.6,1270.5,1237.0,1258.0,1251.5,1249.33,27402,342.34,4143,13665.0, 49.87,2026-04-28
JMA, EQ, 28-Apr-2026,91.11,92.0,92.0,90.0,91.4,90.55,90.8,6938,6.3,81,6585.0, 94.91,2026-04-28
JMFINANCIL, EQ, 28-Apr-2026,140.56,140.56,141.86,136.8,137.86,137.83,139.45,1779641,2481.79,13678,743212.0, 41.76,2026-04-28
JNKINDIA, EQ, 28-Apr-2026,379.61,381.9,386.0,368.34,374.0,374.51,377.81,246844,932.6,5174,120836.0, 48.95,2026-04-28
JOCIL, EQ, 28-Apr-2026,128.41,132.3,133.31,127.05,127.32,129.4,129.58,3523,4.57,137,2294.0, 65.11,2026-04-28
JPOLYINVST, EQ, 28-Apr-2026,1128.5,1118.1,1140.0,1110.6,1125.7,1129.8,1122.38,8171,91.71,1212,3735.0, 45.71,2026-04-28
JPPOWER, EQ, 28-Apr-2026,19.63,19.68,20.22,19.6,19.99,19.95,19.87,102273487,20322.22,47259,39845470.0, 38.96,2026-04-28
JSFB, EQ, 28-Apr-2026,477.1,478.0,494.0,471.1,490.5,491.5,486.82,734104,3573.77,15987,368125.0, 50.15,2026-04-28
JSL, EQ, 28-Apr-2026,770.4,776.65,788.0,770.65,774.0,773.85,777.25,682722,5306.47,27496,302332.0, 44.28,2026-04-28
JSLL, EQ, 28-Apr-2026,683.25,688.0,694.45,667.55,675.0,674.95,677.96,184455,1250.52,12488,108302.0, 58.71,2026-04-28
JSWCEMENT, EQ, 28-Apr-2026,125.23,125.35,125.48,123.75,124.49,123.97,124.3,1030303,1280.64,15245,522914.0, 50.75,2026-04-28
JSWDULUX, EQ, 28-Apr-2026,2999.1,3000.0,3024.7,2951.0,2975.0,2977.4,2982.35,7193,214.52,2867,3755.0, 52.20,2026-04-28
JSWENERGY, EQ, 28-Apr-2026,573.8,578.9,585.65,572.0,580.1,580.9,580.16,4907621,28472.08,74019,1817968.0, 37.04,2026-04-28
JSWHL, EQ, 28-Apr-2026,12968.0,12968.0,13063.0,12801.0,12840.0,12844.0,12854.16,2741,352.33,1086,1713.0, 62.50,2026-04-28
JSWINFRA, EQ, 28-Apr-2026,284.51,286.6,287.49,283.73,285.0,284.94,285.81,1315176,3758.93,31505,722480.0, 54.93,2026-04-28
JSWSTEEL, EQ, 28-Apr-2026,1282.7,1284.0,1306.8,1275.6,1285.0,1281.6,1290.43,1902689,24552.93,54838,733880.0, 38.57,2026-04-28
JTEKTINDIA, EQ, 28-Apr-2026,129.73,130.45,130.45,129.23,130.39,129.71,129.83,56276,73.07,697,33808.0, 60.08,2026-04-28
JTLIND, EQ, 28-Apr-2026,81.07,81.59,81.59,77.11,78.99,79.05,79.75,2829931,2256.78,10968,729261.0, 25.77,2026-04-28
JUBLCPL, EQ, 28-Apr-2026,1763.0,1775.0,1800.0,1703.0,1712.3,1727.8,1746.23,4728,82.56,617,2430.0, 51.40,2026-04-28
JUBLFOOD, EQ, 28-Apr-2026,485.1,482.75,490.0,475.5,480.1,482.4,481.58,3030435,14593.98,31197,1110927.0, 36.66,2026-04-28
JUBLINGREA, EQ, 28-Apr-2026,734.6,730.0,738.25,716.5,720.0,720.3,723.85,219622,1589.73,10873,124612.0, 56.74,2026-04-28
JUBLPHARMA, EQ, 28-Apr-2026,954.95,958.0,958.0,925.0,944.95,942.45,939.78,152020,1428.65,12380,68646.0, 45.16,2026-04-28
JUNIORBEES, EQ, 28-Apr-2026,763.38,766.04,766.04,760.1,762.99,761.62,762.55,285565,2177.58,7901,165990.0, 58.13,2026-04-28
JUNIPER, EQ, 28-Apr-2026,209.06,209.06,211.67,208.86,211.5,210.32,210.3,91926,193.32,2109,53972.0, 58.71,2026-04-28
JUSTDIAL, EQ, 28-Apr-2026,536.65,539.9,539.9,527.7,532.1,533.2,531.81,172721,918.56,6952,59813.0, 34.63,2026-04-28
JWL, EQ, 28-Apr-2026,290.79,291.0,295.93,289.0,290.91,291.1,292.06,2269885,6629.4,24469,827939.0, 36.47,2026-04-28
JYOTHYLAB, EQ, 28-Apr-2026,268.45,269.2,270.87,259.0,262.25,262.41,265.68,1252851,3328.56,25656,938723.0, 74.93,2026-04-28
JYOTICNC, EQ, 28-Apr-2026,760.7,760.0,787.25,751.75,762.75,763.5,770.17,1300443,10015.67,32692,573461.0, 44.10,2026-04-28
JYOTIGLOBL, ST, 28-Apr-2026,44.9,45.0,45.0,42.7,44.7,44.7,43.34,24000,10.4,12,20000.0, 83.33,2026-04-28
JYOTISTRUC, EQ, 28-Apr-2026,12.95,12.95,13.99,12.93,13.73,13.68,13.5,22551855,3043.77,15960,9558589.0, 42.38,2026-04-28
K2INFRA, SM, 28-Apr-2026,50.1,50.35,50.35,48.2,48.2,49.25,49.44,9600,4.75,12,8400.0, 87.50,2026-04-28
KABRAEXTRU, EQ, 28-Apr-2026,246.58,242.88,255.53,242.88,254.0,253.26,252.26,27988,70.6,618,12709.0, 45.41,2026-04-28
KAJARIACER, EQ, 28-Apr-2026,1236.25,1240.0,1246.8,1206.0,1213.0,1212.0,1224.09,417157,5106.39,29034,249381.0, 59.78,2026-04-28
KAKATCEM, EQ, 28-Apr-2026,136.0,135.0,140.85,135.0,135.0,135.31,137.16,6683,9.17,270,3366.0, 50.37,2026-04-28
KALAMANDIR, EQ, 28-Apr-2026,104.22,104.61,107.0,103.11,103.48,103.41,104.46,573502,599.1,4608,298159.0, 51.99,2026-04-28
KALANA, ST, 28-Apr-2026,23.8,24.2,24.2,24.2,24.2,24.2,24.2,4000,0.97,2,4000.0, 100.00,2026-04-28
KALPATARU, EQ, 28-Apr-2026,326.95,332.5,334.9,322.0,329.5,330.2,329.09,45800,150.72,1612,25824.0, 56.38,2026-04-28
KALYANIFRG, EQ, 28-Apr-2026,605.15,605.15,619.9,597.05,605.05,612.65,609.7,702,4.28,81,437.0, 62.25,2026-04-28
KALYANKJIL, EQ, 28-Apr-2026,413.65,413.65,416.8,409.05,413.55,412.65,413.03,2219506,9167.2,30385,908230.0, 40.92,2026-04-28
KAMAHOLD, EQ, 28-Apr-2026,2498.95,2500.05,2520.0,2481.05,2500.05,2502.25,2499.37,17748,443.59,821,16792.0, 94.61,2026-04-28
KAMATHOTEL, EQ, 28-Apr-2026,169.76,169.98,170.98,166.0,166.2,166.65,167.55,40399,67.69,1371,24778.0, 61.33,2026-04-28
KAMDHENU, EQ, 28-Apr-2026,22.83,23.0,23.15,22.7,22.95,22.95,22.95,614197,140.98,1111,389972.0, 63.49,2026-04-28
KAMOPAINTS, BE, 28-Apr-2026,5.5,5.61,5.61,5.48,5.59,5.58,5.55,163940,9.1,362,, -,2026-04-28
KANANIIND, EQ, 28-Apr-2026,1.7,1.7,1.72,1.62,1.66,1.66,1.68,271781,4.57,280,117894.0, 43.38,2026-04-28
KANCHI, EQ, 28-Apr-2026,409.95,412.9,424.0,403.25,411.9,408.05,413.3,2173,8.98,130,1098.0, 50.53,2026-04-28
KANDARP, SM, 28-Apr-2026,141.85,154.0,154.0,142.1,150.0,149.9,146.54,67000,98.18,41,32000.0, 47.76,2026-04-28
KANORICHEM, EQ, 28-Apr-2026,85.32,82.73,89.99,82.73,87.0,88.94,87.78,64642,56.75,722,48551.0, 75.11,2026-04-28
KANPRPLA, EQ, 28-Apr-2026,210.26,207.6,212.0,205.68,211.5,210.38,209.87,28144,59.07,550,19088.0, 67.82,2026-04-28
KANSAINER, EQ, 28-Apr-2026,201.29,201.29,201.74,197.2,198.0,199.43,199.43,135154,269.54,5399,64827.0, 47.97,2026-04-28
KAPSTON, BE, 28-Apr-2026,344.3,351.45,351.45,340.0,349.65,348.85,348.25,18538,64.56,337,, -,2026-04-28
KARMAENG, EQ, 28-Apr-2026,52.67,52.07,52.9,50.12,50.4,50.54,51.42,5700,2.93,74,4878.0, 85.58,2026-04-28
KARNIKA, SM, 28-Apr-2026,136.05,137.0,138.35,136.5,138.35,138.35,137.73,8000,11.02,8,2000.0, 25.00,2026-04-28
KARURVYSYA, EQ, 28-Apr-2026,297.8,299.5,302.0,292.1,294.25,293.65,295.29,3174815,9374.76,46995,1675955.0, 52.79,2026-04-28
KATARIA, SM, 28-Apr-2026,110.65,107.15,109.75,105.5,107.0,107.25,107.47,18600,19.99,30,15000.0, 80.65,2026-04-28
KAUSHALYA, EQ, 28-Apr-2026,898.75,901.05,924.4,900.4,906.0,911.65,907.32,109,0.99,40,63.0, 57.80,2026-04-28
KAVDEFENCE, BE, 28-Apr-2026,65.57,65.57,66.9,64.56,65.8,65.75,65.77,57844,38.05,495,, -,2026-04-28
KAYA, EQ, 28-Apr-2026,270.19,272.0,273.99,261.53,264.0,265.21,266.78,13693,36.53,577,9279.0, 67.76,2026-04-28
KAYNES, EQ, 28-Apr-2026,4194.1,4215.0,4237.7,4075.8,4124.0,4096.9,4141.38,1047330,43373.88,55340,350896.0, 33.50,2026-04-28
KAYTEX, SM, 28-Apr-2026,72.5,74.0,78.95,72.15,72.2,73.8,75.17,22400,16.84,28,13600.0, 60.71,2026-04-28
KCEIL, ST, 28-Apr-2026,128.65,128.65,131.65,126.0,129.55,129.55,127.67,15000,19.15,27,12500.0, 83.33,2026-04-28
KCK, SM, 28-Apr-2026,12.75,13.1,13.15,12.95,12.95,12.95,13.02,65000,8.46,16,62500.0, 96.15,2026-04-28
KCP, EQ, 28-Apr-2026,177.95,178.0,179.34,174.0,175.56,174.69,176.27,99600,175.57,1414,53678.0, 53.89,2026-04-28
KCPSUGIND, EQ, 28-Apr-2026,25.88,26.15,26.15,25.38,25.68,25.5,25.7,86506,22.23,581,55710.0, 64.40,2026-04-28
KDDL, EQ, 28-Apr-2026,2534.3,2501.1,2594.9,2490.0,2510.0,2508.0,2543.64,18949,481.99,1934,10536.0, 55.60,2026-04-28
KDL, SM, 28-Apr-2026,158.0,158.75,162.95,151.35,153.25,155.85,157.24,13650,21.46,62,11550.0, 84.62,2026-04-28
KEC, EQ, 28-Apr-2026,576.15,577.95,581.95,568.35,571.0,571.3,573.97,486616,2793.01,17084,286296.0, 58.83,2026-04-28
KECL, BE, 28-Apr-2026,128.07,126.0,132.0,122.2,126.7,128.36,127.6,131609,167.94,722,, -,2026-04-28
KEEPLEARN, EQ, 28-Apr-2026,2.11,2.16,2.21,2.05,2.13,2.1,2.11,24946,0.53,66,21351.0, 85.59,2026-04-28
KEI, EQ, 28-Apr-2026,4888.7,4899.0,4998.0,4889.4,4997.0,4965.1,4942.79,236667,11697.94,25074,102301.0, 43.23,2026-04-28
KEL, SM, 28-Apr-2026,81.0,82.0,82.0,80.0,80.0,80.0,81.0,2400,1.94,2,1200.0, 50.00,2026-04-28
KELLTONTEC, EQ, 28-Apr-2026,16.02,16.05,16.2,15.75,15.88,15.85,15.98,1849438,295.49,4052,1001835.0, 54.17,2026-04-28
KEN, SM, 28-Apr-2026,34.8,34.9,35.8,34.7,34.7,34.7,35.0,6000,2.1,5,4800.0, 80.00,2026-04-28
KENNAMET, EQ, 28-Apr-2026,2688.5,2709.0,2709.0,2600.0,2633.0,2617.6,2625.43,3209,84.25,931,2156.0, 67.19,2026-04-28
KERNEX, EQ, 28-Apr-2026,1339.0,1345.0,1380.0,1322.85,1353.0,1352.65,1353.29,214903,2908.27,8103,119313.0, 55.52,2026-04-28
KESORAMIND, EQ, 28-Apr-2026,10.32,10.16,10.56,10.11,10.31,10.21,10.28,968749,99.54,1645,566626.0, 58.49,2026-04-28
KEYFINSERV, EQ, 28-Apr-2026,296.0,292.25,306.34,282.01,284.0,284.89,289.12,7882,22.79,306,4623.0, 58.65,2026-04-28
KFINTECH, EQ, 28-Apr-2026,960.65,964.0,966.95,950.8,957.1,954.5,957.87,506684,4853.37,18981,273975.0, 54.07,2026-04-28
KHADIM, EQ, 28-Apr-2026,102.91,102.45,103.87,101.11,101.57,101.73,102.22,60114,61.45,1281,25560.0, 42.52,2026-04-28
KHAICHEM, BE, 28-Apr-2026,53.9,54.0,56.39,54.0,54.45,54.15,55.15,260270,143.55,885,, -,2026-04-28
KHAITANLTD, EQ, 28-Apr-2026,137.26,141.5,141.8,133.1,137.3,136.82,136.11,13331,18.14,225,6323.0, 47.43,2026-04-28
KHANDSE, EQ, 28-Apr-2026,16.15,16.01,17.16,15.22,16.6,16.45,16.4,2795,0.46,97,1929.0, 69.02,2026-04-28
KHFM, SM, 28-Apr-2026,52.45,51.3,54.8,49.1,52.85,50.65,51.27,15500,7.95,10,12400.0, 80.00,2026-04-28
KICL, EQ, 28-Apr-2026,4794.4,4809.0,4868.0,4803.2,4839.1,4820.3,4832.71,683,33.01,189,474.0, 69.40,2026-04-28
KILITCH, EQ, 28-Apr-2026,153.17,152.6,158.0,152.59,153.05,153.78,155.51,37909,58.95,1583,15418.0, 40.67,2026-04-28
KIMS, EQ, 28-Apr-2026,674.45,674.05,674.6,656.7,659.9,662.25,664.04,384988,2556.46,14809,224031.0, 58.19,2026-04-28
KINGFA, EQ, 28-Apr-2026,4854.3,4859.0,4873.5,4611.0,4615.0,4657.6,4731.95,13733,649.84,4712,7528.0, 54.82,2026-04-28
KIOCL, EQ, 28-Apr-2026,413.9,414.0,442.0,412.0,419.0,419.9,429.9,1245785,5355.65,38237,303434.0, 24.36,2026-04-28
KIRANVYPAR, EQ, 28-Apr-2026,200.25,205.0,205.0,200.25,201.25,201.25,204.95,506,1.04,5,506.0, 100.00,2026-04-28
KIRIINDUS, EQ, 28-Apr-2026,414.35,416.8,419.85,410.0,414.0,416.25,415.58,183728,763.54,5511,80308.0, 43.71,2026-04-28
KIRLFER, EQ, 28-Apr-2026,440.1,440.1,447.95,431.0,434.0,434.95,437.26,49732,217.46,2854,34543.0, 69.46,2026-04-28
KIRLOSBROS, EQ, 28-Apr-2026,1742.0,1742.0,1763.9,1689.8,1707.0,1699.0,1718.39,97569,1676.62,15444,47101.0, 48.27,2026-04-28
KIRLOSENG, EQ, 28-Apr-2026,1681.0,1679.1,1740.8,1676.0,1720.0,1724.4,1719.46,534846,9196.44,29363,202432.0, 37.85,2026-04-28
KIRLOSIND, EQ, 28-Apr-2026,3327.7,3341.1,3351.9,3275.0,3275.0,3280.5,3307.17,2876,95.11,653,1768.0, 61.47,2026-04-28
KIRLPNU, EQ, 28-Apr-2026,1448.3,1477.0,1562.3,1473.3,1512.2,1525.2,1515.56,1270404,19253.71,79865,295024.0, 23.22,2026-04-28
KITEX, EQ, 28-Apr-2026,165.91,166.5,167.0,164.15,164.5,164.35,165.36,543744,899.16,4195,280581.0, 51.60,2026-04-28
KKCL, EQ, 28-Apr-2026,478.8,476.75,483.05,466.65,467.0,471.05,475.82,8446,40.19,832,5012.0, 59.34,2026-04-28
KKJEWELS, SM, 28-Apr-2026,110.3,114.95,114.95,113.0,113.0,113.0,113.61,11000,12.5,10,8000.0, 72.73,2026-04-28
KLBRENG-B, EQ, 28-Apr-2026,513.45,514.15,514.15,506.0,508.15,509.75,509.79,50193,255.88,800,43550.0, 86.77,2026-04-28
KLL, SM, 28-Apr-2026,41.95,42.0,49.0,42.0,45.0,44.9,46.4,51200,23.76,62,30400.0, 59.38,2026-04-28
KMEW, EQ, 28-Apr-2026,1766.6,1776.0,1846.5,1773.1,1800.0,1806.6,1819.98,135127,2459.28,11021,58028.0, 42.94,2026-04-28
KMSUGAR, EQ, 28-Apr-2026,29.6,29.74,29.88,29.25,29.75,29.64,29.52,126486,37.34,916,72377.0, 57.22,2026-04-28
KNAGRI, EQ, 28-Apr-2026,191.92,199.0,202.84,188.01,189.7,194.51,196.26,127611,250.45,1733,52912.0, 41.46,2026-04-28
KNRCON, EQ, 28-Apr-2026,122.29,122.5,131.79,121.49,130.7,130.62,129.12,6953963,8978.82,42407,2313187.0, 33.26,2026-04-28
KODYTECH, ST, 28-Apr-2026,722.35,723.0,731.1,722.35,723.5,723.5,724.89,2200,15.95,13,2200.0, 100.00,2026-04-28
KOHINOOR, EQ, 28-Apr-2026,27.9,28.7,28.7,27.09,27.11,27.27,27.35,142246,38.9,1488,69846.0, 49.10,2026-04-28
KOKUYOCMLN, EQ, 28-Apr-2026,93.43,93.48,93.89,91.74,93.85,93.02,92.83,38775,35.99,609,21761.0, 56.12,2026-04-28
KOLTEPATIL, EQ, 28-Apr-2026,381.6,381.6,387.85,374.25,376.95,377.8,379.77,32740,124.34,1652,10204.0, 31.17,2026-04-28
KONSTELEC, ST, 28-Apr-2026,42.3,44.35,44.35,44.35,44.35,44.35,44.35,1000,0.44,1,1000.0, 100.00,2026-04-28
KONTOR, SM, 28-Apr-2026,79.0,79.9,79.9,79.9,79.9,79.9,79.9,600,0.48,1,600.0, 100.00,2026-04-28
KOPRAN, EQ, 28-Apr-2026,160.21,160.0,162.56,154.97,159.1,159.18,158.98,173141,275.26,1927,84793.0, 48.97,2026-04-28
KORE, SM, 28-Apr-2026,132.1,125.5,125.5,125.5,125.5,125.5,125.5,1500,1.88,5,1500.0, 100.00,2026-04-28
KOTAKBANK, EQ, 28-Apr-2026,376.8,372.0,383.25,372.0,377.25,377.95,379.13,12852733,48729.04,159001,6948020.0, 54.06,2026-04-28
KOTARISUG, EQ, 28-Apr-2026,27.13,26.51,27.48,26.51,27.11,26.99,27.06,20422,5.53,289,15332.0, 75.08,2026-04-28
KOTHARIPET, EQ, 28-Apr-2026,134.63,136.0,138.2,134.05,134.05,136.51,136.08,39861,54.24,758,18539.0, 46.51,2026-04-28
KOTHARIPRO, EQ, 28-Apr-2026,73.62,73.1,74.46,72.21,73.54,73.49,73.29,9636,7.06,222,6826.0, 70.84,2026-04-28
KOTIC, EQ, 28-Apr-2026,202.8,204.8,204.8,183.0,189.7,187.5,191.76,24547,47.07,854,15561.0, 63.39,2026-04-28
KOTYARK, EQ, 28-Apr-2026,427.15,435.95,441.75,400.0,406.35,409.35,424.06,99316,421.16,2354,55055.0, 55.43,2026-04-28
KOVAI, EQ, 28-Apr-2026,5955.4,5950.0,5999.0,5500.0,5646.0,5639.8,5724.93,6929,396.68,2171,3875.0, 55.92,2026-04-28
KPEL, EQ, 28-Apr-2026,362.11,365.04,368.95,358.81,365.0,363.4,362.94,244182,886.23,5240,109868.0, 44.99,2026-04-28
KPIGREEN, EQ, 28-Apr-2026,461.15,464.0,468.0,457.5,461.25,459.65,462.22,570990,2639.25,11725,216580.0, 37.93,2026-04-28
KPIL, EQ, 28-Apr-2026,1261.6,1269.1,1275.0,1250.0,1253.0,1254.2,1257.34,73399,922.87,9520,37146.0, 50.61,2026-04-28
KPITTECH, EQ, 28-Apr-2026,735.3,736.0,739.8,722.9,736.75,734.45,733.32,1438774,10550.88,29076,640778.0, 44.54,2026-04-28
KPL, EQ, 28-Apr-2026,1595.35,1599.05,1660.4,1590.0,1590.0,1606.85,1631.45,12797,208.78,1717,8013.0, 62.62,2026-04-28
KPRMILL, EQ, 28-Apr-2026,934.6,938.0,946.5,927.0,931.0,931.5,933.04,130588,1218.43,7625,69538.0, 53.25,2026-04-28
KRBL, EQ, 28-Apr-2026,376.6,378.45,379.4,372.05,373.05,374.35,376.14,246057,925.51,6825,110194.0, 44.78,2026-04-28
KREBSBIO, BE, 28-Apr-2026,59.52,57.65,61.25,57.65,60.5,60.14,60.37,3835,2.32,29,, -,2026-04-28
KRIDHANINF, EQ, 28-Apr-2026,2.62,2.67,2.75,2.6,2.69,2.66,2.69,63545,1.71,146,44216.0, 69.58,2026-04-28
KRISHANA, EQ, 28-Apr-2026,686.85,698.0,704.0,665.5,672.15,669.05,679.6,377603,2566.19,12022,185348.0, 49.09,2026-04-28
KRISHCA, SM, 28-Apr-2026,191.25,192.95,193.0,187.0,187.0,187.0,190.99,3000,5.73,6,3000.0, 100.00,2026-04-28
KRISHIVAL, EQ, 28-Apr-2026,335.05,336.95,342.6,335.55,339.9,338.95,338.6,11116,37.64,350,8515.0, 76.60,2026-04-28
KRISHNADEF, EQ, 28-Apr-2026,1081.6,1093.95,1106.65,1053.35,1071.9,1066.7,1081.37,83020,897.75,5048,35670.0, 42.97,2026-04-28
KRISHPP, E1, 28-Apr-2026,110.15,110.15,110.7,110.15,110.7,110.2,110.2,1100,1.21,3,1000.0, 90.91,2026-04-28
KRITI, EQ, 28-Apr-2026,80.35,82.7,83.0,79.31,80.12,80.65,80.81,35086,28.35,855,17562.0, 50.05,2026-04-28
KRITIKA, EQ, 28-Apr-2026,6.66,6.75,6.75,6.46,6.59,6.54,6.57,341624,22.46,894,186874.0, 54.70,2026-04-28
KRITINUT, BE, 28-Apr-2026,99.97,99.78,101.98,97.0,99.0,99.04,99.39,31013,30.82,130,, -,2026-04-28
KRMAYURVED, SM, 28-Apr-2026,235.0,237.85,237.85,228.0,229.1,229.35,230.96,21000,48.5,21,14000.0, 66.67,2026-04-28
KRN, EQ, 28-Apr-2026,1328.35,1339.0,1405.0,1286.0,1308.0,1309.35,1350.58,1771981,23932.05,65485,378247.0, 21.35,2026-04-28
KRONOX, EQ, 28-Apr-2026,128.46,129.86,131.94,127.21,129.39,130.48,128.96,73315,94.55,760,34508.0, 47.07,2026-04-28
KROSS, EQ, 28-Apr-2026,188.92,189.9,191.25,186.61,186.83,187.33,188.71,88408,166.84,1488,36703.0, 41.52,2026-04-28
KRSNAA, EQ, 28-Apr-2026,600.05,608.9,608.9,587.0,596.8,589.8,595.4,26706,159.01,1785,17527.0, 65.63,2026-04-28
KRT, RR, 28-Apr-2026,116.63,116.69,116.99,115.56,116.65,116.6,116.15,391350,454.55,32088,288518.0, 73.72,2026-04-28
KRYSTAL, EQ, 28-Apr-2026,596.15,596.15,625.7,590.55,596.5,596.7,605.9,121244,734.62,3709,41227.0, 34.00,2026-04-28
KSB, EQ, 28-Apr-2026,1000.05,1008.15,1028.3,983.1,995.75,989.05,1003.04,347126,3481.8,20233,141962.0, 40.90,2026-04-28
KSCL, EQ, 28-Apr-2026,927.05,927.05,947.5,923.5,937.5,934.2,933.82,80449,751.25,3764,43037.0, 53.50,2026-04-28
KSHINTL, EQ, 28-Apr-2026,680.4,684.95,688.95,655.7,684.0,684.05,675.5,349593,2361.49,10431,158217.0, 45.26,2026-04-28
KSHITIJPOL, BE, 28-Apr-2026,2.92,2.85,3.01,2.84,3.01,2.99,2.99,367384,10.98,255,, -,2026-04-28
KSL, EQ, 28-Apr-2026,799.8,802.3,814.0,799.85,810.8,809.4,805.64,31547,254.15,1628,20206.0, 64.05,2026-04-28
KSOLVES, EQ, 28-Apr-2026,326.59,326.6,332.0,321.02,322.0,322.7,324.05,27354,88.64,1252,14522.0, 53.09,2026-04-28
KSR, BE, 28-Apr-2026,34.34,34.98,34.98,34.1,34.15,34.15,34.17,8676,2.96,46,, -,2026-04-28
KTKBANK, EQ, 28-Apr-2026,254.32,253.0,265.01,251.1,263.52,263.63,259.8,5284366,13728.82,38769,2462724.0, 46.60,2026-04-28
KUANTUM, EQ, 28-Apr-2026,81.37,82.3,83.98,81.1,81.5,81.17,82.34,77634,63.92,1078,39357.0, 50.70,2026-04-28
KWIL, EQ, 28-Apr-2026,27.48,27.5,27.75,26.66,26.75,26.84,27.01,5009956,1353.11,18455,3020907.0, 60.30,2026-04-28
LAGNAM, EQ, 28-Apr-2026,81.29,81.29,82.5,79.0,81.99,81.39,81.22,15993,12.99,139,14090.0, 88.10,2026-04-28
LAHOTIOV, EQ, 28-Apr-2026,48.9,49.6,49.6,47.0,47.65,47.75,48.04,15841,7.61,272,8498.0, 53.65,2026-04-28
LAKSHYA, ST, 28-Apr-2026,147.1,142.05,152.75,141.25,152.0,151.7,147.81,23200,34.29,23,20000.0, 86.21,2026-04-28
LAL, EQ, 28-Apr-2026,7.35,7.69,7.69,7.14,7.35,7.34,7.32,18800,1.38,136,13245.0, 70.45,2026-04-28
LALPATHLAB, EQ, 28-Apr-2026,1416.0,1416.0,1428.7,1403.4,1410.0,1411.7,1413.71,121659,1719.9,16343,77558.0, 63.75,2026-04-28
LAMBODHARA, EQ, 28-Apr-2026,103.87,105.78,114.78,100.95,106.9,107.24,108.78,48731,53.01,1026,20462.0, 41.99,2026-04-28
LAMOSAIC, SM, 28-Apr-2026,27.65,26.85,27.0,26.85,26.85,26.9,26.91,3000,0.81,4,3000.0, 100.00,2026-04-28
LANCORHOL, BE, 28-Apr-2026,23.91,23.75,24.99,23.75,24.6,24.21,24.39,9402,2.29,38,, -,2026-04-28
LANDMARK, EQ, 28-Apr-2026,417.4,418.0,429.6,416.1,422.0,421.6,421.2,13861,58.38,994,4988.0, 35.99,2026-04-28
LANDSMILL, EQ, 28-Apr-2026,0.99,1.01,1.01,0.98,1.0,0.99,1.0,2613965,26.12,965,1520081.0, 58.15,2026-04-28
LAOPALA, EQ, 28-Apr-2026,180.3,181.0,182.74,178.24,178.35,178.49,179.78,54532,98.04,3645,30251.0, 55.47,2026-04-28
LASA, BE, 28-Apr-2026,8.09,8.08,8.39,7.76,8.13,8.1,8.07,8280,0.67,73,, -,2026-04-28
LATENTVIEW, EQ, 28-Apr-2026,296.35,297.7,299.55,294.45,294.9,295.5,296.33,324669,962.11,9436,138599.0, 42.69,2026-04-28
LATTEYS, EQ, 28-Apr-2026,21.08,20.67,21.48,20.67,21.19,20.96,20.98,54270,11.38,470,44980.0, 82.88,2026-04-28
LAURUSLABS, EQ, 28-Apr-2026,1123.55,1132.0,1133.0,1085.0,1094.7,1090.45,1105.19,2044775,22598.67,60788,1077930.0, 52.72,2026-04-28
LAXMICOT, BE, 28-Apr-2026,15.09,15.0,15.8,14.44,14.7,15.49,15.29,15146,2.32,55,, -,2026-04-28
LAXMIDENTL, EQ, 28-Apr-2026,192.47,192.48,214.9,192.48,214.1,209.94,207.56,1307202,2713.25,19368,280924.0, 21.49,2026-04-28
LAXMIINDIA, EQ, 28-Apr-2026,116.11,116.7,118.9,114.6,116.67,115.55,116.31,80666,93.83,811,48174.0, 59.72,2026-04-28
LCCINFOTEC, BE, 28-Apr-2026,4.62,4.62,4.85,4.51,4.85,4.85,4.75,8420,0.4,21,, -,2026-04-28
LEMERITE, EQ, 28-Apr-2026,451.2,456.6,470.0,438.25,442.0,441.05,446.42,76294,340.59,1337,36896.0, 48.36,2026-04-28
LEMONTREE, EQ, 28-Apr-2026,119.83,119.47,119.49,117.92,119.2,118.61,118.61,2553611,3028.85,31234,1376546.0, 53.91,2026-04-28
LENSKART, EQ, 28-Apr-2026,524.4,526.0,541.45,526.0,538.5,537.0,533.09,1029276,5486.95,24038,483407.0, 46.97,2026-04-28
LEXUS, BE, 28-Apr-2026,18.28,18.23,18.23,17.5,17.86,17.88,17.97,11157,2.0,85,, -,2026-04-28
LFIC, EQ, 28-Apr-2026,139.73,148.75,148.75,141.12,142.02,143.36,144.24,5147,7.42,141,2230.0, 43.33,2026-04-28
LGBBROSLTD, EQ, 28-Apr-2026,1765.9,1766.0,1786.5,1732.6,1759.0,1745.5,1757.48,13547,238.09,3097,6150.0, 45.40,2026-04-28
LGEINDIA, EQ, 28-Apr-2026,1605.8,1608.0,1633.9,1580.7,1610.0,1608.7,1608.48,989305,15912.75,44356,681495.0, 68.89,2026-04-28
LGHL, EQ, 28-Apr-2026,264.23,271.91,271.91,261.04,268.0,266.82,265.65,34082,90.54,266,6784.0, 19.90,2026-04-28
LIBAS, EQ, 28-Apr-2026,12.2,12.48,12.48,11.67,12.29,12.08,12.06,10774,1.3,209,5945.0, 55.18,2026-04-28
LIBERTSHOE, EQ, 28-Apr-2026,262.79,263.0,264.78,260.1,261.02,261.43,262.11,5034,13.19,257,2738.0, 54.39,2026-04-28
LICHSGFIN, EQ, 28-Apr-2026,543.1,543.15,552.95,540.3,549.3,550.0,548.04,982947,5386.98,18095,387587.0, 39.43,2026-04-28
LICI, EQ, 28-Apr-2026,819.5,817.95,822.9,815.0,817.3,817.7,818.71,1629817,13343.55,33929,809788.0, 49.69,2026-04-28
LICMFGOLD, EQ, 28-Apr-2026,134.95,134.7,135.0,133.05,134.0,133.7,134.3,54104,72.66,1078,31631.0, 58.46,2026-04-28
LICNETFGSC, EQ, 28-Apr-2026,28.71,27.99,28.75,27.99,28.65,28.69,28.66,60014,17.2,95,59703.0, 99.48,2026-04-28
LICNETFN50, EQ, 28-Apr-2026,269.43,268.67,270.08,267.0,267.0,268.03,268.97,255,0.69,26,254.0, 99.61,2026-04-28
LICNETFSEN, EQ, 28-Apr-2026,868.41,866.16,866.79,860.64,865.79,863.33,862.88,21,0.18,6,16.0, 76.19,2026-04-28
LICNFNHGP, EQ, 28-Apr-2026,271.77,274.0,274.0,272.81,272.83,272.83,272.87,236,0.64,14,236.0, 100.00,2026-04-28
LICNMID100, EQ, 28-Apr-2026,60.71,60.84,61.0,60.35,60.7,60.43,60.63,3255,1.97,75,2274.0, 69.86,2026-04-28
LIKHITHA, BE, 28-Apr-2026,225.61,224.99,228.9,220.02,226.0,227.01,225.27,31426,70.79,417,, -,2026-04-28
LINC, EQ, 28-Apr-2026,97.97,99.1,112.18,98.45,106.6,106.94,106.37,753046,801.05,6226,313761.0, 41.67,2026-04-28
LINCOLN, EQ, 28-Apr-2026,622.0,622.0,648.0,610.65,648.0,646.35,636.98,130707,832.58,4890,68890.0, 52.71,2026-04-28
LINDEINDIA, EQ, 28-Apr-2026,7242.0,7259.5,7308.0,7194.0,7245.0,7228.5,7249.75,15296,1108.92,3691,6054.0, 39.58,2026-04-28
LIQGRWBEES, EQ, 28-Apr-2026,1037.04,1037.16,1037.18,1037.16,1037.18,1037.16,1037.16,84989,881.47,158,79377.0, 93.40,2026-04-28
LIQUID, EQ, 28-Apr-2026,999.99,999.99,1000.0,999.99,1000.0,999.99,999.99,168380,1683.79,149,96640.0, 57.39,2026-04-28
LIQUID1, EQ, 28-Apr-2026,1101.61,1101.61,1102.9,1101.55,1101.77,1101.77,1101.77,521157,5741.95,482,308672.0, 59.23,2026-04-28
LIQUIDADD, EQ, 28-Apr-2026,1123.79,1123.92,1123.95,1123.92,1123.95,1123.94,1123.94,419335,4713.07,815,235142.0, 56.07,2026-04-28
LIQUIDBEES, EQ, 28-Apr-2026,999.99,999.99,1000.01,999.99,1000.0,1000.0,1000.0,5078706,50787.29,6903,4189447.0, 82.49,2026-04-28
LIQUIDBETF, EQ, 28-Apr-2026,1079.05,1076.73,1079.19,1076.73,1079.17,1079.17,1079.17,245635,2650.83,145,156030.0, 63.52,2026-04-28
LIQUIDCASE, EQ, 28-Apr-2026,113.79,113.82,113.82,113.8,113.82,113.8,113.81,19567144,22268.75,9521,16057073.0, 82.06,2026-04-28
LIQUIDETF, EQ, 28-Apr-2026,999.99,999.99,1000.01,999.99,999.99,999.99,1000.0,164688,1646.87,169,135875.0, 82.50,2026-04-28
LIQUIDIETF, EQ, 28-Apr-2026,999.99,999.99,1000.01,999.99,1000.0,999.99,1000.0,664581,6645.81,215,366311.0, 55.12,2026-04-28
LIQUIDPLUS, EQ, 28-Apr-2026,1082.72,1082.85,1082.87,1082.85,1082.87,1082.85,1082.86,208653,2259.42,385,124902.0, 59.86,2026-04-28
LIQUIDSBI, EQ, 28-Apr-2026,999.99,999.99,1000.01,999.99,1000.0,1000.0,1000.0,1790,17.9,23,1075.0, 60.06,2026-04-28
LIQUIDSHRI, EQ, 28-Apr-2026,1101.81,1101.95,1101.97,1101.95,1101.95,1101.95,1101.95,7290,80.33,36,7258.0, 99.56,2026-04-28
LLOYDS, ST, 28-Apr-2026,96.95,95.05,95.05,95.05,95.05,95.05,95.05,1000,0.95,1,1000.0, 100.00,2026-04-28
LLOYDSENGG, EQ, 28-Apr-2026,58.95,58.78,59.58,58.15,58.8,58.77,58.88,3417202,2012.11,15476,1357101.0, 39.71,2026-04-28
LLOYDSENT, EQ, 28-Apr-2026,69.31,69.8,71.25,69.06,71.01,71.01,70.5,10640491,7501.55,14865,8428304.0, 79.21,2026-04-28
LLOYDSME, EQ, 28-Apr-2026,1730.4,1734.3,1761.0,1710.0,1755.0,1751.9,1745.36,855487,14931.29,24815,508066.0, 59.39,2026-04-28
LMW, EQ, 28-Apr-2026,14509.0,14494.0,15100.0,14494.0,14810.0,14934.0,14739.71,3888,573.08,1457,2444.0, 62.86,2026-04-28
LODHA, EQ, 28-Apr-2026,879.45,873.0,890.0,872.05,881.1,882.9,882.28,3714661,32773.79,58421,2388037.0, 64.29,2026-04-28
LOKESHMACH, BE, 28-Apr-2026,268.2,268.2,273.7,261.0,267.5,265.91,265.33,11333,30.07,207,, -,2026-04-28
LORDSCHLO, EQ, 28-Apr-2026,147.74,148.71,149.37,145.79,145.81,147.35,147.65,5276,7.79,591,2146.0, 40.67,2026-04-28
LOTUSDEV, EQ, 28-Apr-2026,147.74,148.0,149.08,145.74,146.5,147.29,147.93,778334,1151.38,6737,424427.0, 54.53,2026-04-28
LOTUSEYE, EQ, 28-Apr-2026,123.55,124.0,124.0,119.0,119.5,120.17,120.87,7891,9.54,205,4399.0, 55.75,2026-04-28
LOVABLE, EQ, 28-Apr-2026,77.01,78.0,78.95,75.25,76.79,76.12,77.06,18684,14.4,483,10768.0, 57.63,2026-04-28
LOWVOL, EQ, 28-Apr-2026,201.53,201.53,202.61,200.59,200.59,200.59,201.17,2777,5.59,20,2625.0, 94.53,2026-04-28
LOWVOL1, EQ, 28-Apr-2026,20.65,20.55,20.99,20.5,20.99,20.61,20.69,231583,47.9,200,223044.0, 96.31,2026-04-28
LOWVOLIETF, EQ, 28-Apr-2026,21.62,21.63,21.71,21.5,21.5,21.51,21.59,3714615,802.09,886,3564777.0, 95.97,2026-04-28
LOYALTEX, BE, 28-Apr-2026,201.0,200.99,205.0,200.99,205.0,205.0,203.6,87,0.18,7,, -,2026-04-28
LPDC, BE, 28-Apr-2026,7.9,7.85,7.95,7.6,7.71,7.71,7.83,16357,1.28,73,, -,2026-04-28
LRRPL, SM, 28-Apr-2026,76.95,75.95,75.95,74.05,74.25,74.25,74.55,7500,5.59,5,7500.0, 100.00,2026-04-28
LT, EQ, 28-Apr-2026,4053.6,4060.0,4087.9,4023.9,4040.0,4037.7,4047.65,1750237,70843.44,79769,1001621.0, 57.23,2026-04-28
LTF, EQ, 28-Apr-2026,287.79,288.0,292.58,284.71,286.21,285.78,287.3,5658687,16257.19,57130,1892633.0, 33.45,2026-04-28
LTFOODS, EQ, 28-Apr-2026,428.8,428.8,431.0,423.5,425.6,425.0,427.83,286359,1225.14,15927,156061.0, 54.50,2026-04-28
LTGILTBEES, EQ, 28-Apr-2026,29.15,28.42,29.2,28.42,29.15,29.13,29.15,1371516,399.77,604,962661.0, 70.19,2026-04-28
LTGILTCASE, EQ, 28-Apr-2026,29.73,30.32,30.32,29.67,29.73,29.72,29.72,125989,37.44,208,79083.0, 62.77,2026-04-28
LTM, EQ, 28-Apr-2026,4346.0,4346.3,4435.0,4336.7,4350.0,4380.6,4389.72,260663,11442.37,31252,101417.0, 38.91,2026-04-28
LTTS, EQ, 28-Apr-2026,3589.8,3598.9,3605.0,3552.0,3563.0,3566.4,3577.01,62697,2242.68,10483,25626.0, 40.87,2026-04-28
LUMAXIND, EQ, 28-Apr-2026,5051.3,5092.9,5163.0,5012.5,5077.9,5080.7,5098.69,10120,515.99,1938,5401.0, 53.37,2026-04-28
LUMAXTECH, EQ, 28-Apr-2026,1747.6,1747.6,1757.0,1660.0,1670.0,1663.2,1686.99,234296,3952.55,19526,128367.0, 54.79,2026-04-28
LUPIN, EQ, 28-Apr-2026,2324.5,2299.1,2319.4,2260.3,2303.0,2302.7,2295.68,1261666,28963.86,55310,563248.0, 44.64,2026-04-28
LUXIND, EQ, 28-Apr-2026,1657.2,1668.0,1669.0,1500.0,1518.85,1510.1,1554.27,223086,3467.35,12538,76768.0, 34.41,2026-04-28
LXCHEM, EQ, 28-Apr-2026,148.79,149.98,155.5,148.61,150.7,150.48,151.95,1050634,1596.44,9833,408478.0, 38.88,2026-04-28
LYKALABS, BE, 28-Apr-2026,58.45,58.87,60.0,58.05,59.5,59.38,59.47,23039,13.7,103,, -,2026-04-28
LYPSAGEMS, EQ, 28-Apr-2026,5.61,5.9,5.9,5.64,5.7,5.7,5.75,68453,3.94,346,42967.0, 62.77,2026-04-28
M&M, EQ, 28-Apr-2026,3102.4,3115.9,3144.0,3075.0,3084.8,3088.1,3101.04,2645344,82033.14,166246,1716066.0, 64.87,2026-04-28
M&MFIN, EQ, 28-Apr-2026,317.7,319.2,322.45,311.35,314.3,312.65,315.43,3316769,10462.23,40956,1620134.0, 48.85,2026-04-28
M&MFIN, N3, 28-Apr-2026,2329.61,2328.0,2328.0,2328.0,2328.0,2328.0,2328.0,100,2.33,4,100.0, 100.00,2026-04-28
MAANALU, EQ, 28-Apr-2026,164.11,161.91,163.85,149.53,151.21,151.43,156.85,842117,1320.85,10337,371123.0, 44.07,2026-04-28
MACOBSTECH, SM, 28-Apr-2026,201.0,201.0,201.0,201.0,201.0,201.0,201.0,3200,6.43,3,3200.0, 100.00,2026-04-28
MACPOWER, EQ, 28-Apr-2026,1138.35,1160.0,1160.0,1122.4,1149.9,1139.8,1139.23,10728,122.22,1465,4682.0, 43.64,2026-04-28
MADHAV, EQ, 28-Apr-2026,38.61,39.01,42.87,35.66,39.51,39.99,39.72,40220,15.97,476,16617.0, 41.32,2026-04-28
MADHAVBAUG, SM, 28-Apr-2026,248.25,251.95,283.0,247.05,254.7,254.7,264.98,48400,128.25,87,29200.0, 60.33,2026-04-28
MADHAVIPL, EQ, 28-Apr-2026,9.6,9.85,9.85,9.5,9.5,9.5,9.61,97873,9.41,347,73457.0, 75.05,2026-04-28
MADHUCON, BE, 28-Apr-2026,5.09,5.09,5.2,4.84,5.19,5.19,5.1,37701,1.92,49,, -,2026-04-28
MADHUSUDAN, SM, 28-Apr-2026,152.7,153.95,154.0,153.95,154.0,154.0,153.98,3000,4.62,3,3000.0, 100.00,2026-04-28
MADRASFERT, EQ, 28-Apr-2026,68.87,68.87,70.44,68.76,69.68,69.67,69.51,76389,53.1,1180,34043.0, 44.57,2026-04-28
MAFANG, EQ, 28-Apr-2026,177.24,180.8,180.8,180.8,180.8,180.8,180.8,233534,422.23,960,227614.0, 97.47,2026-04-28
MAFATIND, EQ, 28-Apr-2026,136.2,135.0,137.9,135.0,136.95,136.15,136.69,11835,16.18,322,8740.0, 73.85,2026-04-28
MAGADSUGAR, EQ, 28-Apr-2026,526.5,528.05,528.05,500.0,509.0,507.35,509.23,26495,134.92,1296,13486.0, 50.90,2026-04-28
MAGNUM, BE, 28-Apr-2026,21.61,21.51,22.4,21.0,21.03,21.48,21.65,36397,7.88,95,, -,2026-04-28
MAHABANK, EQ, 28-Apr-2026,79.75,77.0,79.13,76.45,77.95,77.74,78.23,24357922,19054.14,78627,10086506.0, 41.41,2026-04-28
MAHAPEXLTD, EQ, 28-Apr-2026,52.18,52.01,53.52,52.0,52.05,52.54,52.67,13492,7.11,390,10312.0, 76.43,2026-04-28
MAHASTEEL, BE, 28-Apr-2026,841.7,821.05,870.0,806.2,857.65,851.65,830.56,10567,87.77,553,, -,2026-04-28
MAHEPC, EQ, 28-Apr-2026,115.11,115.58,118.0,114.83,115.1,115.54,116.12,30865,35.84,668,20836.0, 67.51,2026-04-28
MAHESHWARI, EQ, 28-Apr-2026,50.37,50.13,50.98,50.13,50.5,50.5,50.45,3947,1.99,99,1894.0, 47.99,2026-04-28
MAHICKRA, ST, 28-Apr-2026,230.0,230.0,230.0,230.0,230.0,230.0,230.0,750,1.73,1,750.0, 100.00,2026-04-28
MAHKTECH, EQ, 28-Apr-2026,23.49,22.9,23.7,22.9,23.7,23.7,23.7,489446,116.0,556,489436.0, 100.00,2026-04-28
MAHLIFE, EQ, 28-Apr-2026,327.15,326.5,343.6,323.25,339.9,339.95,335.66,599839,2013.43,17110,221237.0, 36.88,2026-04-28
MAHLOG, EQ, 28-Apr-2026,410.95,412.5,420.8,410.0,412.25,410.1,413.3,318837,1317.74,7940,221283.0, 69.40,2026-04-28
MAHSCOOTER, EQ, 28-Apr-2026,12438.0,12438.0,12507.0,12361.0,12361.0,12399.0,12440.14,1136,141.32,440,712.0, 62.68,2026-04-28
MAHSEAMLES, EQ, 28-Apr-2026,647.25,651.0,654.85,646.3,650.0,649.7,650.66,117630,765.37,25068,67842.0, 57.67,2026-04-28
MAITHANALL, EQ, 28-Apr-2026,1000.5,1000.0,1011.6,981.9,992.0,992.8,998.02,33157,330.91,2303,14602.0, 44.04,2026-04-28
MAITREYA, SM, 28-Apr-2026,177.8,178.0,182.85,170.25,179.0,176.9,177.69,4400,7.82,11,2800.0, 63.64,2026-04-28
MAJESAUT, EQ, 28-Apr-2026,310.5,315.0,321.05,314.0,314.0,314.8,316.26,561,1.77,51,474.0, 84.49,2026-04-28
MAKEINDIA, EQ, 28-Apr-2026,158.67,158.07,159.38,158.0,158.49,158.24,158.56,10884,17.26,326,7656.0, 70.34,2026-04-28
MAL, SM, 28-Apr-2026,38.65,37.0,38.4,37.0,38.4,38.4,37.7,3200,1.21,2,3200.0, 100.00,2026-04-28
MALLCOM, EQ, 28-Apr-2026,1089.4,1098.15,1115.9,1078.05,1101.0,1098.4,1099.07,5326,58.54,642,1745.0, 32.76,2026-04-28
MALUPAPER, EQ, 28-Apr-2026,32.8,32.7,33.39,32.44,32.99,32.87,33.06,1012,0.33,33,512.0, 50.59,2026-04-28
MAMATA, EQ, 28-Apr-2026,405.25,403.25,408.6,400.5,404.05,405.95,405.67,41026,166.43,1353,16618.0, 40.51,2026-04-28
MANAKALUCO, EQ, 28-Apr-2026,35.18,36.0,38.69,36.0,38.69,38.3,37.99,551730,209.61,2829,324794.0, 58.87,2026-04-28
MANAKCOAT, EQ, 28-Apr-2026,107.37,107.37,118.0,107.14,117.5,117.2,114.41,689788,789.15,5307,388324.0, 56.30,2026-04-28
MANAKSIA, EQ, 28-Apr-2026,61.03,62.0,62.0,59.4,59.4,59.69,60.23,25731,15.5,553,14854.0, 57.73,2026-04-28
MANAKSTEEL, BE, 28-Apr-2026,73.3,71.15,73.82,69.64,69.9,69.92,70.54,89061,62.82,371,, -,2026-04-28
MANALIPETC, EQ, 28-Apr-2026,54.78,54.01,55.97,54.01,54.82,54.43,54.84,116501,63.89,1326,59775.0, 51.31,2026-04-28
MANAPPURAM, EQ, 28-Apr-2026,288.2,290.4,299.75,289.25,293.4,292.75,295.28,6921457,20437.71,44585,2506928.0, 36.22,2026-04-28
MANAV, ST, 28-Apr-2026,42.1,40.05,41.95,40.05,41.95,41.95,41.0,8000,3.28,2,8000.0, 100.00,2026-04-28
MANBA, EQ, 28-Apr-2026,108.58,108.99,110.64,108.25,108.25,109.3,109.34,46226,50.54,392,17518.0, 37.90,2026-04-28
MANCREDIT, EQ, 28-Apr-2026,170.71,174.8,176.65,171.0,175.6,175.4,174.45,81389,141.98,824,35381.0, 43.47,2026-04-28
MANGALAM, BE, 28-Apr-2026,27.8,28.35,28.35,28.35,28.35,28.35,28.35,4074,1.15,9,, -,2026-04-28
MANGLMCEM, EQ, 28-Apr-2026,917.75,923.5,932.95,918.05,924.0,928.0,927.7,58359,541.4,1718,38086.0, 65.26,2026-04-28
MANILAM, SM, 28-Apr-2026,54.5,54.5,58.0,54.5,58.0,58.0,56.69,78000,44.22,30,74000.0, 94.87,2026-04-28
MANINDS, EQ, 28-Apr-2026,560.05,560.05,561.0,518.15,534.0,530.05,536.82,588954,3161.63,10709,304632.0, 51.72,2026-04-28
MANINFRA, EQ, 28-Apr-2026,116.47,116.5,118.34,114.05,115.86,116.34,115.72,2682038,3103.57,10581,533652.0, 19.90,2026-04-28
MANKIND, EQ, 28-Apr-2026,2268.7,2269.0,2280.0,2242.6,2265.1,2264.4,2263.21,286681,6488.19,18623,155897.0, 54.38,2026-04-28
MANOMAY, EQ, 28-Apr-2026,233.45,244.95,251.81,238.92,242.94,242.6,245.86,173696,427.05,2563,58951.0, 33.94,2026-04-28
MANORAMA, EQ, 28-Apr-2026,1440.5,1440.5,1458.0,1416.1,1446.2,1445.0,1439.65,101291,1458.24,9600,54764.0, 54.07,2026-04-28
MANORG, EQ, 28-Apr-2026,455.45,455.45,460.9,451.5,451.8,458.05,457.92,5359,24.54,463,4282.0, 79.90,2026-04-28
MANUFGBEES, EQ, 28-Apr-2026,156.11,155.33,157.2,155.33,156.29,156.3,156.26,5933,9.27,106,4799.0, 80.89,2026-04-28
MANUGRAPH, EQ, 28-Apr-2026,13.48,13.95,13.95,13.2,13.5,13.5,13.6,3036,0.41,37,2987.0, 98.39,2026-04-28
MANYAVAR, EQ, 28-Apr-2026,448.25,448.0,448.7,433.75,438.8,439.35,439.3,331647,1456.92,13663,192500.0, 58.04,2026-04-28
MAPMYINDIA, EQ, 28-Apr-2026,938.9,946.4,946.4,925.95,930.2,929.4,935.56,67680,633.19,5737,35398.0, 52.30,2026-04-28
MARALOVER, EQ, 28-Apr-2026,46.43,46.43,47.0,45.01,45.7,45.83,46.2,4813,2.22,137,2905.0, 60.36,2026-04-28
MARATHON, EQ, 28-Apr-2026,473.45,469.9,486.65,460.1,477.0,477.95,472.11,52867,249.59,3096,24700.0, 46.72,2026-04-28
MARC, ST, 28-Apr-2026,91.85,91.2,91.2,87.8,88.0,88.0,88.57,10800,9.57,9,9600.0, 88.89,2026-04-28
MARCO, SM, 28-Apr-2026,40.95,40.9,40.9,40.0,40.0,40.0,40.53,9000,3.65,6,7500.0, 83.33,2026-04-28
MARICO, EQ, 28-Apr-2026,787.0,785.0,790.0,775.75,777.45,780.85,783.91,669237,5246.21,34033,329164.0, 49.18,2026-04-28
MARINE, EQ, 28-Apr-2026,229.56,230.22,238.8,230.0,234.94,235.06,234.93,656828,1543.08,9225,338366.0, 51.52,2026-04-28
MARKOLINES, EQ, 28-Apr-2026,153.13,153.55,156.25,152.1,152.11,152.91,154.47,250927,387.61,2849,86975.0, 34.66,2026-04-28
MARKSANS, EQ, 28-Apr-2026,192.12,191.99,193.06,183.11,185.65,184.1,186.34,1098424,2046.81,16214,589884.0, 53.70,2026-04-28
MARSONS, EQ, 28-Apr-2026,162.75,162.7,164.48,155.51,156.2,156.91,159.19,1240892,1975.38,7217,464030.0, 37.39,2026-04-28
MARUSHIKA, SM, 28-Apr-2026,92.25,90.1,90.1,90.1,90.1,90.1,90.1,1200,1.08,1,1200.0, 100.00,2026-04-28
MARUTI, EQ, 28-Apr-2026,13222.0,13222.0,13307.0,12828.0,12890.0,12892.0,13008.26,836679,108837.34,99075,355436.0, 42.48,2026-04-28
MASFIN, EQ, 28-Apr-2026,321.9,321.9,324.8,315.9,317.5,318.65,320.42,55503,177.84,2691,33584.0, 60.51,2026-04-28
MASKINVEST, EQ, 28-Apr-2026,169.79,168.5,168.5,155.35,159.0,159.13,161.04,4964,7.99,222,3115.0, 62.75,2026-04-28
MASON, SM, 28-Apr-2026,144.0,144.9,144.9,137.0,137.0,138.0,139.89,3500,4.9,7,3000.0, 85.71,2026-04-28
MASPTOP50, EQ, 28-Apr-2026,75.86,73.96,76.9,73.96,76.9,76.9,76.9,116701,89.74,540,116700.0, 100.00,2026-04-28
MASTEK, EQ, 28-Apr-2026,1735.7,1735.7,1743.8,1668.1,1677.0,1680.3,1698.96,57161,971.14,7317,28349.0, 49.60,2026-04-28
MASTER, SM, 28-Apr-2026,340.0,342.0,344.0,342.0,344.0,343.5,343.25,2000,6.87,4,2000.0, 100.00,2026-04-28
MASTERTR, EQ, 28-Apr-2026,76.4,76.0,78.75,75.5,75.5,76.02,77.12,238129,183.64,1422,31611.0, 13.27,2026-04-28
MATRIMONY, EQ, 28-Apr-2026,428.55,434.8,434.8,426.0,433.0,430.55,429.35,3279,14.08,257,2286.0, 69.72,2026-04-28
MAWANASUG, EQ, 28-Apr-2026,104.88,104.22,105.78,101.05,102.6,101.74,102.63,126709,130.04,1674,76996.0, 60.77,2026-04-28
MAXESTATES, EQ, 28-Apr-2026,401.3,400.9,402.8,396.0,398.0,401.05,400.64,21162,84.78,982,12831.0, 60.63,2026-04-28
MAXHEALTH, EQ, 28-Apr-2026,1009.85,1018.0,1018.0,1001.4,1003.9,1004.75,1008.29,1035872,10444.63,31049,525037.0, 50.69,2026-04-28
MAXIND, EQ, 28-Apr-2026,157.26,159.0,166.0,155.71,158.0,160.76,160.09,83663,133.94,2074,33574.0, 40.13,2026-04-28
MAXPOSURE, SM, 28-Apr-2026,38.95,39.0,41.95,39.0,41.95,41.95,39.49,6000,2.37,3,6000.0, 100.00,2026-04-28
MAXVOLT, SM, 28-Apr-2026,415.0,415.0,420.8,404.0,404.0,404.65,412.18,16800,69.25,21,8800.0, 52.38,2026-04-28
MAYASHEEL, SM, 28-Apr-2026,56.5,56.5,62.4,56.5,60.9,60.9,61.15,69000,42.19,12,66000.0, 95.65,2026-04-28
MAYURUNIQ, EQ, 28-Apr-2026,566.8,569.1,574.5,553.8,560.6,563.9,563.44,38692,218.0,1517,21220.0, 54.84,2026-04-28
MAZDA, EQ, 28-Apr-2026,215.67,218.6,219.49,216.06,216.7,217.36,217.61,12407,27.0,294,8024.0, 64.67,2026-04-28
MAZDOCK, EQ, 28-Apr-2026,2684.0,2683.9,2712.0,2668.1,2692.7,2683.3,2692.64,998394,26883.17,36297,232609.0, 23.30,2026-04-28
MBAPL, EQ, 28-Apr-2026,519.95,525.0,540.95,520.05,524.9,526.5,533.87,324468,1732.23,6472,188047.0, 57.96,2026-04-28
MBEL, EQ, 28-Apr-2026,333.6,333.0,342.25,331.57,333.65,333.97,337.37,123336,416.09,5043,51562.0, 41.81,2026-04-28
MBLINFRA, BE, 28-Apr-2026,25.98,26.0,26.0,25.0,25.2,25.22,25.33,69908,17.71,143,, -,2026-04-28
MCCHRLS-B, EQ, 28-Apr-2026,689.6,689.95,690.0,625.05,690.0,678.35,666.63,34,0.23,17,32.0, 94.12,2026-04-28
MCL, BE, 28-Apr-2026,59.0,59.0,59.0,59.0,59.0,59.0,59.0,33943,20.03,217,, -,2026-04-28
MCLEODRUSS, BE, 28-Apr-2026,55.13,57.88,57.88,55.21,57.88,57.86,57.58,897957,517.08,1456,, -,2026-04-28
MCLOUD, EQ, 28-Apr-2026,26.89,27.16,27.95,26.75,26.99,26.97,27.33,3634819,993.33,11731,1200982.0, 33.04,2026-04-28
MCON, SM, 28-Apr-2026,48.5,47.05,48.5,46.9,48.5,48.5,47.12,17000,8.01,5,17000.0, 100.00,2026-04-28
MCX, EQ, 28-Apr-2026,2830.0,2835.0,2915.0,2833.1,2898.3,2898.0,2880.15,1771034,51008.38,90495,679425.0, 38.36,2026-04-28
MDL, SM, 28-Apr-2026,49.0,49.5,52.95,46.7,52.95,52.95,49.52,10000,4.95,7,8000.0, 80.00,2026-04-28
MEDANTA, EQ, 28-Apr-2026,1167.8,1167.1,1179.0,1132.85,1132.95,1137.55,1153.53,131788,1520.21,16265,63004.0, 47.81,2026-04-28
MEDIASSIST, EQ, 28-Apr-2026,361.0,356.6,359.4,345.0,345.1,345.35,348.83,146350,510.52,5722,92948.0, 63.51,2026-04-28
MEDICAMEQ, EQ, 28-Apr-2026,252.28,254.4,257.72,245.0,252.48,248.24,250.53,18787,47.07,641,10167.0, 54.12,2026-04-28
MEDICO, EQ, 28-Apr-2026,41.17,41.7,41.7,39.91,40.65,40.28,40.8,385705,157.36,1064,129074.0, 33.46,2026-04-28
MEDIORG, SM, 28-Apr-2026,29.2,31.45,31.45,30.05,30.05,30.05,31.24,14000,4.37,7,12000.0, 85.71,2026-04-28
MEDISTEP, ST, 28-Apr-2026,19.95,20.9,20.9,20.9,20.9,20.9,20.9,9000,1.88,3,9000.0, 100.00,2026-04-28
MEDPLUS, EQ, 28-Apr-2026,899.95,898.0,898.0,872.0,872.0,875.7,881.63,61340,540.79,7778,30243.0, 49.30,2026-04-28
MEESHO, EQ, 28-Apr-2026,179.59,180.0,183.77,177.02,178.99,178.85,180.04,3760956,6771.17,32593,794087.0, 21.11,2026-04-28
MEGASTAR, EQ, 28-Apr-2026,282.35,285.2,287.7,275.25,276.5,277.8,279.93,9056,25.35,922,1720.0, 18.99,2026-04-28
MEGATHERM, SM, 28-Apr-2026,274.95,279.9,290.0,279.9,281.1,283.0,286.02,12800,36.61,27,10000.0, 78.13,2026-04-28
MEIL, BE, 28-Apr-2026,300.61,301.4,306.99,295.0,299.88,297.17,300.85,36212,108.94,554,, -,2026-04-28
MENNPIS, EQ, 28-Apr-2026,57.5,57.5,58.5,57.1,57.1,58.05,58.21,1980,1.15,57,1870.0, 94.44,2026-04-28
MENONBE, EQ, 28-Apr-2026,120.4,120.41,123.45,120.0,121.65,121.53,121.59,15890,19.32,460,9180.0, 57.77,2026-04-28
MEP, BZ, 28-Apr-2026,0.97,0.98,0.98,0.98,0.98,0.98,0.98,1471,0.01,7,, -,2026-04-28
MERCANTILE, EQ, 28-Apr-2026,21.75,22.45,22.8,21.75,21.75,22.1,22.17,657,0.15,21,555.0, 84.47,2026-04-28
METAL, EQ, 28-Apr-2026,13.06,13.29,13.29,13.01,13.15,13.13,13.15,4731427,622.29,6505,2262284.0, 47.81,2026-04-28
METALIETF, EQ, 28-Apr-2026,13.04,13.36,13.36,12.81,13.14,13.09,13.13,10744633,1410.72,11069,5824474.0, 54.21,2026-04-28
METROBRAND, EQ, 28-Apr-2026,1062.3,1072.0,1072.95,1041.65,1042.0,1046.0,1049.22,17322,181.75,3429,8202.0, 47.35,2026-04-28
METROGLOBL, EQ, 28-Apr-2026,128.3,128.3,130.0,121.05,130.0,124.6,125.06,713,0.89,30,679.0, 95.23,2026-04-28
METROPOLIS, EQ, 28-Apr-2026,476.5,478.85,485.9,474.5,480.0,480.85,479.95,65048,312.2,4356,34962.0, 53.75,2026-04-28
MFML, EQ, 28-Apr-2026,24.52,25.8,26.8,24.93,25.96,25.03,25.34,16283,4.13,145,14304.0, 87.85,2026-04-28
MFSL, EQ, 28-Apr-2026,1603.0,1601.8,1622.1,1592.9,1610.1,1610.8,1608.1,387035,6223.89,28587,161979.0, 41.85,2026-04-28
MGEL, EQ, 28-Apr-2026,13.81,13.68,14.19,13.68,14.06,14.1,13.96,273982,38.24,876,176730.0, 64.50,2026-04-28
MGL, EQ, 28-Apr-2026,1141.8,1139.65,1177.6,1130.0,1133.9,1133.0,1150.2,190131,2186.89,16327,74125.0, 38.99,2026-04-28
MGSL, SM, 28-Apr-2026,75.0,72.65,72.65,72.6,72.6,72.6,72.63,2400,1.74,2,1200.0, 50.00,2026-04-28
MHHL, SM, 28-Apr-2026,40.35,39.5,40.7,39.5,40.0,40.0,40.08,7500,3.01,4,7500.0, 100.00,2026-04-28
MHLXMIRU, EQ, 28-Apr-2026,189.7,194.5,196.01,187.0,188.04,189.37,191.51,4302,8.24,180,3411.0, 79.29,2026-04-28
MHRIL, EQ, 28-Apr-2026,253.95,251.95,252.28,243.32,245.8,246.17,247.08,326131,805.79,9713,149012.0, 45.69,2026-04-28
MICEL, EQ, 28-Apr-2026,41.2,40.8,41.89,40.32,40.8,40.56,41.07,857940,352.36,3661,384021.0, 44.76,2026-04-28
MID150, EQ, 28-Apr-2026,22.45,21.88,22.64,21.88,22.6,22.51,22.56,37499,8.46,257,25461.0, 67.90,2026-04-28
MID150BEES, EQ, 28-Apr-2026,229.5,230.71,230.72,228.02,229.15,229.18,229.6,887667,2038.05,5555,595288.0, 67.06,2026-04-28
MID150CASE, EQ, 28-Apr-2026,11.1,11.2,11.2,11.05,11.15,11.13,11.14,1190042,132.54,3371,560088.0, 47.06,2026-04-28
MIDCAP, EQ, 28-Apr-2026,17.33,17.77,17.77,17.31,17.4,17.42,17.43,949858,165.53,836,585176.0, 61.61,2026-04-28
MIDCAPADD, EQ, 28-Apr-2026,22.15,22.26,22.32,22.17,22.32,22.21,22.2,21148,4.69,32,19387.0, 91.67,2026-04-28
MIDCAPBETA, EQ, 28-Apr-2026,224.41,224.4,224.79,223.45,223.55,223.79,223.96,2658,5.95,56,2452.0, 92.25,2026-04-28
MIDCAPETF, EQ, 28-Apr-2026,22.63,22.66,22.75,22.61,22.68,22.65,22.68,1946714,441.57,6875,1246357.0, 64.02,2026-04-28
MIDCAPIETF, EQ, 28-Apr-2026,22.97,22.97,23.07,22.79,23.05,22.99,22.98,836261,192.21,1942,475866.0, 56.90,2026-04-28
MIDHANI, EQ, 28-Apr-2026,382.15,380.1,404.3,380.1,396.05,393.3,394.68,2747809,10845.17,50011,809656.0, 29.47,2026-04-28
MIDQ50ADD, EQ, 28-Apr-2026,240.47,241.55,241.55,240.49,240.87,240.64,240.9,959,2.31,69,623.0, 64.96,2026-04-28
MIDSELIETF, EQ, 28-Apr-2026,18.1,17.65,18.17,17.65,18.1,18.08,18.03,249850,45.06,702,171303.0, 68.56,2026-04-28
MIDSMALL, EQ, 28-Apr-2026,49.71,49.77,49.97,49.67,49.84,49.88,49.82,549852,273.94,5124,347564.0, 63.21,2026-04-28
MIDWESTLTD, EQ, 28-Apr-2026,1268.2,1270.0,1317.9,1268.1,1277.0,1278.2,1282.75,35253,452.21,1852,15467.0, 43.87,2026-04-28
MIEL, SM, 28-Apr-2026,15.75,15.25,15.25,15.0,15.05,15.05,15.11,16000,2.42,8,14000.0, 87.50,2026-04-28
MINDACORP, EQ, 28-Apr-2026,526.8,525.0,526.7,517.2,520.3,519.9,520.49,444487,2313.49,13625,301795.0, 67.90,2026-04-28
MINDSPACE, RR, 28-Apr-2026,469.2,466.3,470.43,465.68,466.68,466.82,466.31,591747,2759.39,3748,573370.0, 96.89,2026-04-28
MINDTECK, EQ, 28-Apr-2026,210.39,209.0,215.0,205.0,206.99,205.91,210.12,88747,186.48,1395,37585.0, 42.35,2026-04-28
MIRCELECTR, EQ, 28-Apr-2026,33.06,33.3,34.84,33.0,33.6,33.62,33.87,1516409,513.54,4754,603911.0, 39.83,2026-04-28
MIRZAINT, EQ, 28-Apr-2026,32.91,33.28,34.15,32.65,34.15,33.41,33.12,99794,33.05,654,55835.0, 55.95,2026-04-28
MITCON, EQ, 28-Apr-2026,80.07,82.41,83.41,77.5,79.58,78.98,78.95,4013,3.17,137,3138.0, 78.20,2026-04-28
MITTAL, EQ, 28-Apr-2026,0.96,0.96,0.97,0.94,0.96,0.95,0.95,409819,3.9,351,296909.0, 72.45,2026-04-28
MKPL, EQ, 28-Apr-2026,5.34,5.34,5.38,5.28,5.32,5.3,5.31,127329,6.76,424,96818.0, 76.04,2026-04-28
MMFL, EQ, 28-Apr-2026,500.0,500.5,505.7,492.6,493.0,494.85,499.5,41297,206.28,1662,21807.0, 52.81,2026-04-28
MMP, EQ, 28-Apr-2026,256.25,257.7,258.87,251.0,255.0,254.77,255.29,17600,44.93,305,12251.0, 69.61,2026-04-28
MMTC, EQ, 28-Apr-2026,66.67,67.0,68.07,65.8,66.1,66.01,66.84,2678230,1790.24,12707,718158.0, 26.81,2026-04-28
MMWL, EQ, 28-Apr-2026,10.25,9.6,10.8,9.6,10.55,10.5,10.59,16373,1.73,154,15157.0, 92.57,2026-04-28
MNC, EQ, 28-Apr-2026,32.84,32.85,33.02,32.54,32.82,32.72,32.87,98091,32.24,377,55656.0, 56.74,2026-04-28
MOALPHA50, EQ, 28-Apr-2026,51.22,52.5,52.5,50.79,50.97,51.08,51.22,4428,2.27,51,2219.0, 50.11,2026-04-28
MOBANK10, EQ, 28-Apr-2026,16.74,16.68,16.77,16.48,16.49,16.51,16.63,3776,0.63,56,3671.0, 97.22,2026-04-28
MOBIKWIK, EQ, 28-Apr-2026,224.98,223.33,243.5,214.0,229.0,228.71,234.55,21198294,49720.18,182964,2564089.0, 12.10,2026-04-28
MOBILISE, ST, 28-Apr-2026,93.0,93.0,97.65,93.0,97.65,97.65,97.11,78400,76.13,42,73600.0, 93.88,2026-04-28
MOCAPITAL, EQ, 28-Apr-2026,52.39,52.79,53.07,52.5,52.95,52.95,52.86,715871,378.39,2398,541024.0, 75.58,2026-04-28
MODEFENCE, EQ, 28-Apr-2026,97.65,97.75,98.59,97.26,97.98,97.79,97.87,2129248,2083.92,7856,1259292.0, 59.14,2026-04-28
MODINATUR, EQ, 28-Apr-2026,375.05,381.85,381.85,369.5,369.65,371.95,373.79,3930,14.69,283,2599.0, 66.13,2026-04-28
MODIRUBBER, EQ, 28-Apr-2026,128.51,128.0,138.0,127.31,132.98,132.79,133.27,16467,21.95,683,7908.0, 48.02,2026-04-28
MODIS, EQ, 28-Apr-2026,384.9,388.75,409.0,379.0,385.3,391.35,393.29,111172,437.23,3011,38972.0, 35.06,2026-04-28
MODISONLTD, EQ, 28-Apr-2026,152.22,152.95,173.5,152.95,170.6,170.54,168.9,598961,1011.67,7834,269250.0, 44.95,2026-04-28
MODTHREAD, EQ, 28-Apr-2026,47.77,47.8,48.01,46.81,46.81,46.84,47.93,557,0.27,17,531.0, 95.33,2026-04-28
MOENERGY, EQ, 28-Apr-2026,40.68,40.88,41.3,39.83,41.3,41.21,41.04,333187,136.75,1291,259751.0, 77.96,2026-04-28
MOGOLD, EQ, 28-Apr-2026,148.4,148.4,148.4,145.05,146.0,146.8,147.38,334257,492.63,1223,252971.0, 75.68,2026-04-28
MOGSEC, EQ, 28-Apr-2026,64.01,64.01,64.22,63.54,63.54,63.72,63.82,14367,9.17,93,12584.0, 87.59,2026-04-28
MOHEALTH, EQ, 28-Apr-2026,45.09,45.0,45.49,44.59,45.09,45.06,45.2,156880,70.9,619,117531.0, 74.92,2026-04-28
MOHITIND, EQ, 28-Apr-2026,23.11,23.99,26.39,23.0,24.53,24.64,25.32,56559,14.32,355,25426.0, 44.95,2026-04-28
MOIL, EQ, 28-Apr-2026,324.15,325.4,337.4,325.0,333.0,332.0,332.74,2098917,6983.93,32875,824107.0, 39.26,2026-04-28
MOINFRA, EQ, 28-Apr-2026,64.38,64.38,65.17,64.38,65.0,65.04,64.98,3050,1.98,72,2773.0, 90.92,2026-04-28
MOIPO, EQ, 28-Apr-2026,43.97,43.95,44.03,43.71,44.03,44.02,43.93,4866,2.14,27,3249.0, 66.77,2026-04-28
MOKSH, EQ, 28-Apr-2026,12.95,12.9,13.7,12.62,13.3,13.3,13.31,309668,41.21,732,207481.0, 67.00,2026-04-28
MOL, EQ, 28-Apr-2026,52.98,53.38,53.38,52.0,52.3,52.25,52.61,368369,193.81,3913,220061.0, 59.74,2026-04-28
MOLDTECH, EQ, 28-Apr-2026,130.27,135.0,135.0,128.5,130.0,129.1,130.09,14995,19.51,303,10039.0, 66.95,2026-04-28
MOLDTKPAC, EQ, 28-Apr-2026,575.85,574.0,580.5,567.55,574.0,570.2,570.9,43499,248.34,4149,28693.0, 65.96,2026-04-28
MOLOWVOL, EQ, 28-Apr-2026,36.77,36.77,36.86,36.59,36.64,36.73,36.7,41698,15.3,36,41097.0, 98.56,2026-04-28
MOM100, EQ, 28-Apr-2026,64.83,65.3,65.3,64.53,65.14,64.99,64.97,423350,275.04,2198,293475.0, 69.32,2026-04-28
MOM30IETF, EQ, 28-Apr-2026,31.05,31.05,31.21,30.88,30.93,30.93,30.99,2164152,670.68,1737,1813066.0, 83.78,2026-04-28
MOM50, EQ, 28-Apr-2026,250.5,244.23,251.49,244.23,250.91,249.93,250.31,4100,10.26,140,3617.0, 88.22,2026-04-28
MOMENTUM, EQ, 28-Apr-2026,30.96,30.92,31.07,30.51,31.0,30.63,30.71,27589,8.47,261,18557.0, 67.26,2026-04-28
MOMENTUM30, EQ, 28-Apr-2026,30.35,30.53,30.78,30.33,30.78,30.5,30.64,234179,71.75,98,207179.0, 88.47,2026-04-28
MOMENTUM50, EQ, 28-Apr-2026,51.55,51.59,51.88,51.17,51.63,51.41,51.5,507695,261.48,1957,327757.0, 64.56,2026-04-28
MOMGF, EQ, 28-Apr-2026,155.98,156.29,158.8,155.1,155.1,155.12,156.75,2131,3.34,15,1815.0, 85.17,2026-04-28
MOMIDMTM, EQ, 28-Apr-2026,62.81,62.12,63.25,62.12,62.71,62.82,62.8,73428,46.11,242,59814.0, 81.46,2026-04-28
MOMNC, EQ, 28-Apr-2026,31.91,31.91,32.02,31.71,31.84,31.82,31.87,715,0.23,17,649.0, 90.77,2026-04-28
MOMOMENTUM, EQ, 28-Apr-2026,61.69,61.56,62.0,61.35,61.92,61.48,61.62,32801,20.21,403,21472.0, 65.46,2026-04-28
MON100, EQ, 28-Apr-2026,295.1,297.3,301.29,297.3,301.29,301.29,301.12,734236,2210.91,12999,651291.0, 88.70,2026-04-28
MON50EQUAL, EQ, 28-Apr-2026,32.72,33.49,33.87,32.52,32.64,32.71,32.72,21376,6.99,39,21274.0, 99.52,2026-04-28
MONARCH, EQ, 28-Apr-2026,302.7,302.65,312.0,297.35,297.35,299.91,304.5,183343,558.27,1924,74923.0, 40.86,2026-04-28
MONEXT50, EQ, 28-Apr-2026,69.82,70.33,71.88,70.0,71.88,70.04,70.07,18554,13.0,38,18003.0, 97.03,2026-04-28
MONEYBOXX, EQ, 28-Apr-2026,70.01,70.02,75.0,68.66,74.5,73.5,71.29,27342,19.49,827,12207.0, 44.65,2026-04-28
MONIFTY100, EQ, 28-Apr-2026,25.16,25.17,25.3,24.93,25.3,24.93,24.96,11824,2.95,53,10670.0, 90.24,2026-04-28
MONIFTY500, EQ, 28-Apr-2026,23.27,23.29,23.39,23.04,23.2,23.16,23.28,498256,116.0,1699,377327.0, 75.73,2026-04-28
MONOLITH, SM, 28-Apr-2026,504.55,505.5,525.0,496.0,496.0,498.9,513.27,25000,128.32,94,18500.0, 74.00,2026-04-28
MONQ50, EQ, 28-Apr-2026,126.08,126.5,126.5,126.08,126.5,126.5,126.49,147494,186.56,1917,131137.0, 88.91,2026-04-28
MONTECARLO, EQ, 28-Apr-2026,558.0,562.95,562.95,555.2,558.5,558.4,558.81,15185,84.86,678,8341.0, 54.93,2026-04-28
MOPSE, EQ, 28-Apr-2026,108.83,108.83,111.4,108.63,109.12,109.14,109.98,11234,12.36,42,3104.0, 27.63,2026-04-28
MOQUALITY, EQ, 28-Apr-2026,203.42,203.42,204.11,202.61,203.33,203.34,203.22,8325,16.92,35,7551.0, 90.70,2026-04-28
MOREALTY, EQ, 28-Apr-2026,79.75,79.99,80.1,79.08,79.15,79.24,79.49,291024,231.33,1907,146172.0, 50.23,2026-04-28
MOREPENLAB, EQ, 28-Apr-2026,43.27,43.6,43.85,42.0,42.2,42.2,42.81,3466556,1484.14,10939,1845060.0, 53.22,2026-04-28
MOS, SM, 28-Apr-2026,13.8,13.65,13.65,13.15,13.2,13.15,13.21,356000,47.03,49,240000.0, 67.42,2026-04-28
MOSCHIP, EQ, 28-Apr-2026,207.66,208.0,213.4,207.2,208.89,208.98,210.44,3546806,7464.07,32875,1269810.0, 35.80,2026-04-28
MOSERVICE, EQ, 28-Apr-2026,30.69,30.69,30.73,30.37,30.37,30.43,30.56,4098,1.25,50,3931.0, 95.92,2026-04-28
MOSILVER, EQ, 28-Apr-2026,238.04,237.0,241.11,231.7,231.71,232.48,234.92,97688,229.48,1826,31472.0, 32.22,2026-04-28
MOSMALL250, EQ, 28-Apr-2026,16.79,16.92,16.92,16.74,16.81,16.78,16.83,1463376,246.21,2369,843685.0, 57.65,2026-04-28
MOTHERSON, EQ, 28-Apr-2026,127.93,128.0,128.8,124.82,125.83,125.22,126.14,15569483,19639.03,41259,9041583.0, 58.07,2026-04-28
MOTILALOFS, EQ, 28-Apr-2026,793.85,793.85,805.3,777.0,784.0,782.7,792.51,1415834,11220.68,31980,668451.0, 47.21,2026-04-28
MOTISONS, EQ, 28-Apr-2026,14.05,14.05,14.13,13.5,13.94,13.84,13.95,1510846,210.77,1889,984812.0, 65.18,2026-04-28
MOTOGENFIN, EQ, 28-Apr-2026,25.41,26.0,26.09,24.8,24.95,25.03,25.6,14380,3.68,109,9096.0, 63.25,2026-04-28
MOTOUR, EQ, 28-Apr-2026,74.08,73.98,74.39,73.5,74.39,73.7,73.71,35101,25.87,165,31537.0, 89.85,2026-04-28
MOVALUE, EQ, 28-Apr-2026,119.67,120.0,120.63,118.94,119.67,119.6,119.48,62744,74.96,903,40425.0, 64.43,2026-04-28
MPEL, SM, 28-Apr-2026,45.6,43.45,44.5,43.35,43.35,43.35,43.48,16000,6.96,10,9600.0, 60.00,2026-04-28
MPHASIS, EQ, 28-Apr-2026,2264.9,2270.0,2288.0,2250.7,2270.0,2270.3,2267.37,299847,6798.65,24939,124398.0, 41.49,2026-04-28
MPSLTD, EQ, 28-Apr-2026,1700.4,1705.0,1733.8,1682.5,1683.0,1703.4,1711.48,12384,211.95,1467,7525.0, 60.76,2026-04-28
MPTODAY, SM, 28-Apr-2026,40.8,38.8,42.8,38.8,38.8,38.9,39.89,18000,7.18,9,14000.0, 77.78,2026-04-28
MRF, EQ, 28-Apr-2026,132205.0,132205.0,132695.0,130000.0,130175.0,130120.0,130904.05,8198,10731.51,6670,4613.0, 56.27,2026-04-28
MRIL, SM, 28-Apr-2026,36.8,35.2,36.8,35.2,36.8,36.8,35.76,8000,2.86,5,8000.0, 100.00,2026-04-28
MRPL, EQ, 28-Apr-2026,172.1,173.3,178.15,171.8,174.31,173.72,174.8,14192932,24809.16,74165,3378918.0, 23.81,2026-04-28
MSCIADD, EQ, 28-Apr-2026,29.24,29.24,29.24,29.1,29.1,29.1,29.16,492,0.14,6,489.0, 99.39,2026-04-28
MSCIINDIA, EQ, 28-Apr-2026,29.45,29.46,29.86,29.31,29.86,29.51,29.46,3137,0.92,64,2136.0, 68.09,2026-04-28
MSPL, EQ, 28-Apr-2026,35.14,35.1,36.11,35.0,35.75,35.46,35.6,1567416,558.04,1721,1203049.0, 76.75,2026-04-28
MSTCLTD, EQ, 28-Apr-2026,447.15,448.0,456.0,441.4,446.0,443.8,447.74,136292,610.23,3855,49232.0, 36.12,2026-04-28
MSUMI, EQ, 28-Apr-2026,41.1,41.72,42.35,38.54,39.35,39.24,40.42,27273202,11022.71,64541,9833699.0, 36.06,2026-04-28
MTARTECH, EQ, 28-Apr-2026,5303.0,5326.0,5490.0,5245.8,5301.0,5292.1,5351.51,460507,24644.09,48398,105148.0, 22.83,2026-04-28
MTEDUCARE, BE, 28-Apr-2026,1.45,1.45,1.52,1.38,1.49,1.49,1.48,30979,0.46,48,, -,2026-04-28
MTNL, EQ, 28-Apr-2026,31.75,31.75,32.4,31.5,31.68,31.74,31.88,1051952,335.4,4795,389536.0, 37.03,2026-04-28
MUFIN, EQ, 28-Apr-2026,117.19,117.6,117.88,115.02,115.02,115.56,116.2,960268,1115.87,4076,431824.0, 44.97,2026-04-28
MUFTI, EQ, 28-Apr-2026,79.06,78.5,80.94,78.0,78.11,78.47,79.09,146862,116.15,1850,75976.0, 51.73,2026-04-28
MUKANDLTD, EQ, 28-Apr-2026,140.75,140.75,144.5,138.02,140.3,138.82,141.28,216405,305.74,3503,95165.0, 43.98,2026-04-28
MUKKA, EQ, 28-Apr-2026,24.39,24.3,24.59,24.0,24.35,24.18,24.25,128139,31.07,742,75886.0, 59.22,2026-04-28
MUKTAARTS, EQ, 28-Apr-2026,50.61,52.6,57.75,50.99,54.35,55.2,55.42,69462,38.5,604,39553.0, 56.94,2026-04-28
MULTICAP, EQ, 28-Apr-2026,16.1,16.18,16.18,16.04,16.1,16.08,16.1,168488,27.13,475,83810.0, 49.74,2026-04-28
MUNISH, SM, 28-Apr-2026,67.95,68.2,68.45,67.0,68.45,68.45,67.9,55200,37.48,10,54000.0, 97.83,2026-04-28
MUNJALAU, EQ, 28-Apr-2026,81.19,81.9,81.9,80.5,80.77,80.62,80.95,46234,37.43,915,23971.0, 51.85,2026-04-28
MUNJALSHOW, EQ, 28-Apr-2026,129.77,130.0,131.0,128.01,129.3,128.83,129.4,16102,20.84,410,8591.0, 53.35,2026-04-28
MURUDCERA, EQ, 28-Apr-2026,33.28,33.45,33.85,32.81,33.7,33.31,33.29,26395,8.79,372,14438.0, 54.70,2026-04-28
MUTHOOTCAP, EQ, 28-Apr-2026,203.62,208.0,208.0,198.0,200.0,200.98,201.45,41645,83.9,883,18730.0, 44.98,2026-04-28
MUTHOOTFIN, EQ, 28-Apr-2026,3493.8,3500.0,3529.0,3475.0,3497.0,3496.0,3496.91,333653,11667.53,24779,174264.0, 52.23,2026-04-28
MUTHOOTMF, EQ, 28-Apr-2026,184.55,184.54,190.0,182.35,189.59,188.59,186.12,226476,421.52,3878,87715.0, 38.73,2026-04-28
MVGJL, EQ, 28-Apr-2026,177.55,179.98,181.75,177.94,178.36,180.44,179.76,56925,102.33,2121,22438.0, 39.42,2026-04-28
MVKAGRO, SM, 28-Apr-2026,509.55,524.5,537.8,515.0,525.0,525.4,523.27,10500,54.94,25,9300.0, 88.57,2026-04-28
MWL, EQ, 28-Apr-2026,301.4,302.65,324.9,302.65,319.0,317.65,318.45,173018,550.98,3447,93259.0, 53.90,2026-04-28
MYMUDRA, SM, 28-Apr-2026,84.0,83.75,83.75,83.0,83.25,83.25,83.23,6000,4.99,5,6000.0, 100.00,2026-04-28
NACLIND, EQ, 28-Apr-2026,156.53,158.0,162.9,156.47,157.97,156.92,159.33,148479,236.56,2852,85378.0, 57.50,2026-04-28
NAGAFERT, BZ, 28-Apr-2026,3.98,4.08,4.1,3.95,4.01,3.99,4.01,95735,3.83,276,, -,2026-04-28
NAGREEKCAP, BE, 28-Apr-2026,34.4,34.0,34.4,32.68,32.69,32.68,32.76,61293,20.08,123,, -,2026-04-28
NAGREEKEXP, EQ, 28-Apr-2026,28.25,28.01,28.86,27.37,28.5,27.68,27.84,4368,1.22,50,3611.0, 82.67,2026-04-28
NAHARCAP, EQ, 28-Apr-2026,250.83,250.96,256.08,246.1,246.1,248.01,251.97,6151,15.5,483,2411.0, 39.20,2026-04-28
NAHARINDUS, EQ, 28-Apr-2026,108.62,108.62,110.25,107.99,109.97,109.62,109.74,7432,8.16,119,5241.0, 70.52,2026-04-28
NAHARPOLY, EQ, 28-Apr-2026,257.39,262.0,262.0,250.01,252.6,252.91,256.33,12806,32.83,1278,4497.0, 35.12,2026-04-28
NAHARSPING, BE, 28-Apr-2026,240.11,233.7,244.99,233.7,243.0,242.37,241.49,11280,27.24,113,, -,2026-04-28
NAM-INDIA, EQ, 28-Apr-2026,989.7,1016.95,1065.0,1016.95,1025.0,1023.25,1039.78,4148259,43132.78,121875,847778.0, 20.44,2026-04-28
NAMAN, SM, 28-Apr-2026,59.9,59.05,59.1,59.05,59.1,59.1,59.08,1600,0.95,2,1600.0, 100.00,2026-04-28
NAMOEWASTE, SM, 28-Apr-2026,185.0,190.5,207.0,188.05,203.95,200.8,198.99,152000,302.47,177,92800.0, 61.05,2026-04-28
NARMADA, EQ, 28-Apr-2026,33.39,33.0,33.51,32.95,33.1,33.26,33.22,244563,81.24,707,106805.0, 43.67,2026-04-28
NATCAPSUQ, EQ, 28-Apr-2026,158.61,157.81,159.0,155.0,156.77,155.89,156.37,5142,8.04,101,4369.0, 84.97,2026-04-28
NATCOPHARM, EQ, 28-Apr-2026,1089.9,1110.0,1116.8,1086.2,1096.9,1094.1,1098.82,516344,5673.69,26316,180675.0, 34.99,2026-04-28
NATHBIOGEN, EQ, 28-Apr-2026,173.78,175.89,177.93,170.52,171.4,172.0,173.2,9043,15.66,336,4066.0, 44.96,2026-04-28
NATIONALUM, EQ, 28-Apr-2026,441.0,438.0,444.2,436.05,442.95,441.5,440.69,8617924,37978.2,59432,4375216.0, 50.77,2026-04-28
NATIONSTD, EQ, 28-Apr-2026,1409.4,1420.05,1420.05,1400.1,1400.1,1408.7,1411.49,53,0.75,16,41.0, 77.36,2026-04-28
NAUKRI, EQ, 28-Apr-2026,1000.9,1000.6,1014.75,991.45,1009.9,1004.6,1005.85,1477347,14859.95,44730,924093.0, 62.55,2026-04-28
NAVA, EQ, 28-Apr-2026,668.0,668.1,680.1,659.05,671.5,669.2,668.12,586565,3918.96,18872,258542.0, 44.08,2026-04-28
NAVINFLUOR, EQ, 28-Apr-2026,6578.5,6590.0,6675.0,6567.5,6635.0,6627.0,6618.47,247608,16387.86,28717,141784.0, 57.26,2026-04-28
NAVKARCORP, EQ, 28-Apr-2026,100.76,101.26,104.79,99.8,100.99,100.49,101.93,732622,746.75,8450,343341.0, 46.86,2026-04-28
NAVKARURB, EQ, 28-Apr-2026,0.79,0.79,0.81,0.78,0.8,0.79,0.79,574982,4.57,334,457387.0, 79.55,2026-04-28
NAVNETEDUL, EQ, 28-Apr-2026,145.25,146.0,147.45,144.61,144.7,145.0,146.2,45582,66.64,767,24342.0, 53.40,2026-04-28
NAZARA, EQ, 28-Apr-2026,270.67,271.97,274.79,264.94,268.97,269.04,270.11,3379529,9128.55,22375,1611468.0, 47.68,2026-04-28
NBCC, EQ, 28-Apr-2026,95.41,95.5,95.88,94.0,94.8,94.63,94.8,7329263,6948.11,30082,2552969.0, 34.83,2026-04-28
NBIFIN, EQ, 28-Apr-2026,2048.9,2048.9,2048.9,2002.1,2039.6,2039.6,2023.7,74,1.5,19,54.0, 72.97,2026-04-28
NCC, EQ, 28-Apr-2026,164.48,164.29,165.79,162.31,164.4,164.85,164.28,5775290,9487.43,27510,3631583.0, 62.88,2026-04-28
NCLIND, EQ, 28-Apr-2026,173.04,173.74,175.0,171.0,175.0,174.12,173.49,66220,114.89,1079,40361.0, 60.95,2026-04-28
NDGL, EQ, 28-Apr-2026,2701.0,2768.0,2800.0,2645.0,2700.0,2690.7,2733.57,197,5.39,70,118.0, 59.90,2026-04-28
NDL, EQ, 28-Apr-2026,2.87,2.9,2.91,2.85,2.88,2.87,2.87,684743,19.66,1057,490221.0, 71.59,2026-04-28
NDLVENTURE, EQ, 28-Apr-2026,117.73,118.33,121.55,117.73,121.5,120.12,118.61,28413,33.7,259,22677.0, 79.81,2026-04-28
NDRAUTO, EQ, 28-Apr-2026,737.6,737.6,810.0,737.55,776.0,775.8,775.54,84978,659.04,3984,38378.0, 45.16,2026-04-28
NDRINVIT, IV, 28-Apr-2026,136.37,136.0,136.0,136.0,136.0,136.0,136.0,100000,136.0,1,100000.0, 100.00,2026-04-28
NDTV, EQ, 28-Apr-2026,81.07,81.48,84.0,81.2,82.0,81.85,82.35,431144,355.06,2986,208038.0, 48.25,2026-04-28
NEAGI, EQ, 28-Apr-2026,3255.65,3245.9,3245.9,3245.9,3245.9,3245.9,3245.9,2,0.06,1,2.0, 100.00,2026-04-28
NECCLTD, EQ, 28-Apr-2026,15.82,15.82,16.08,15.5,15.81,15.88,15.85,45767,7.25,272,24982.0, 54.59,2026-04-28
NECLIFE, EQ, 28-Apr-2026,12.56,12.56,12.83,12.0,12.61,12.41,12.49,416188,51.97,1163,250710.0, 60.24,2026-04-28
NEELAM, SM, 28-Apr-2026,12.95,12.45,13.4,12.4,13.4,13.4,12.82,42000,5.39,7,24000.0, 57.14,2026-04-28
NELCAST, EQ, 28-Apr-2026,131.59,132.12,138.0,131.1,135.1,135.22,135.63,166658,226.04,2482,54940.0, 32.97,2026-04-28
NELCO, EQ, 28-Apr-2026,705.25,715.85,745.0,706.0,707.05,708.8,726.71,476318,3461.44,17371,124914.0, 26.22,2026-04-28
NEOCHEM, SM, 28-Apr-2026,77.9,77.9,82.0,70.0,71.05,73.85,76.12,82800,63.03,64,69600.0, 84.06,2026-04-28
NEOGEN, EQ, 28-Apr-2026,1654.0,1665.0,1684.9,1628.0,1665.3,1661.7,1658.11,48557,805.13,5011,23030.0, 47.43,2026-04-28
NEPHROCARE, SM, 28-Apr-2026,86.3,85.5,88.05,85.0,86.9,86.65,86.48,6800,5.88,15,4000.0, 58.82,2026-04-28
NEPHROPLUS, EQ, 28-Apr-2026,538.65,538.65,545.0,530.0,540.6,539.6,539.08,171632,925.24,3962,150399.0, 87.63,2026-04-28
NEPTUNE, ST, 28-Apr-2026,209.9,210.0,210.0,210.0,210.0,210.0,210.0,46000,96.6,37,46000.0, 100.00,2026-04-28
NESCO, EQ, 28-Apr-2026,1216.5,1216.5,1228.0,1192.5,1194.5,1197.5,1208.13,35884,433.52,3058,15768.0, 43.94,2026-04-28
NESTLEIND, EQ, 28-Apr-2026,1417.3,1417.9,1445.1,1401.0,1441.6,1440.0,1435.35,4008095,57530.38,114855,2908009.0, 72.55,2026-04-28
NETF, EQ, 28-Apr-2026,259.94,259.93,261.82,259.1,259.1,259.63,260.54,1899,4.95,141,1181.0, 62.19,2026-04-28
NETWEB, EQ, 28-Apr-2026,3919.7,3936.0,4108.7,3932.0,4011.0,4002.2,4036.81,1685774,68051.42,100214,327643.0, 19.44,2026-04-28
NETWORK18, EQ, 28-Apr-2026,35.37,34.65,35.6,34.65,35.12,35.07,35.2,1597552,562.32,8007,553803.0, 34.67,2026-04-28
NEULANDLAB, EQ, 28-Apr-2026,14755.0,14785.0,14865.0,14400.0,14470.0,14445.0,14599.01,15694,2291.17,5933,5452.0, 34.74,2026-04-28
NEWGEN, EQ, 28-Apr-2026,491.55,491.0,496.7,480.0,483.5,482.8,487.84,1107626,5403.49,35088,386062.0, 34.85,2026-04-28
NEWJAISA, ST, 28-Apr-2026,25.2,24.4,26.0,24.4,25.95,25.95,25.67,10500,2.7,5,9000.0, 85.71,2026-04-28
NEXT30ADD, EQ, 28-Apr-2026,41.96,41.82,42.16,41.82,42.15,42.13,42.1,6912,2.91,62,6424.0, 92.94,2026-04-28
NEXT50, EQ, 28-Apr-2026,729.12,729.12,730.78,725.2,727.95,726.08,727.37,19282,140.25,671,12415.0, 64.39,2026-04-28
NEXT50ADD, EQ, 28-Apr-2026,70.88,70.97,70.97,70.7,70.7,70.72,70.71,17421,12.32,27,17307.0, 99.35,2026-04-28
NEXT50BETA, EQ, 28-Apr-2026,76.15,76.53,76.69,75.86,76.5,76.12,76.1,61851,47.07,509,37805.0, 61.12,2026-04-28
NEXT50ETF, EQ, 28-Apr-2026,70.84,70.85,72.9,70.84,72.9,71.13,71.09,8049,5.72,89,3737.0, 46.43,2026-04-28
NEXT50IETF, EQ, 28-Apr-2026,74.59,75.0,75.0,74.25,74.65,74.38,74.52,333883,248.82,3867,213582.0, 63.97,2026-04-28
NEXTMEDIA, EQ, 28-Apr-2026,4.36,4.2,4.5,4.2,4.37,4.3,4.4,78912,3.47,135,33648.0, 42.64,2026-04-28
NFL, EQ, 28-Apr-2026,76.91,76.99,78.05,76.7,77.17,77.09,77.27,750303,579.77,3740,291582.0, 38.86,2026-04-28
NGIL, EQ, 28-Apr-2026,38.19,38.19,38.63,37.15,38.1,37.66,38.04,43207,16.44,147,40081.0, 92.77,2026-04-28
NGLFINE, EQ, 28-Apr-2026,2317.4,2329.1,2339.5,2248.9,2261.0,2266.7,2291.25,3373,77.28,680,1593.0, 47.23,2026-04-28
NH, EQ, 28-Apr-2026,1790.4,1799.0,1810.5,1752.5,1760.0,1757.0,1767.69,253236,4476.43,20318,138227.0, 54.58,2026-04-28
NHPC, EQ, 28-Apr-2026,83.23,83.21,85.6,83.15,85.55,85.38,84.61,29008047,24544.25,80497,13990778.0, 48.23,2026-04-28
NIACL, EQ, 28-Apr-2026,165.67,166.8,166.8,163.0,163.05,163.52,164.41,649791,1068.3,8793,186062.0, 28.63,2026-04-28
NIBE, EQ, 28-Apr-2026,1114.15,1120.0,1138.15,1088.0,1095.55,1102.2,1116.04,61158,682.55,3555,28684.0, 46.90,2026-04-28
NIBL, EQ, 28-Apr-2026,31.77,32.41,32.41,31.14,31.49,31.5,31.57,11846,3.74,144,8775.0, 74.08,2026-04-28
NIDAN, SM, 28-Apr-2026,15.6,15.6,15.6,15.6,15.6,15.6,15.6,1000,0.16,1,1000.0, 100.00,2026-04-28
NIF100BEES, EQ, 28-Apr-2026,265.17,263.33,265.99,263.0,263.0,263.72,264.5,21876,57.86,532,12332.0, 56.37,2026-04-28
NIF100IETF, EQ, 28-Apr-2026,27.9,27.2,28.13,27.2,27.88,27.77,27.82,59642,16.59,817,30124.0, 50.51,2026-04-28
NIFTY1, EQ, 28-Apr-2026,266.02,263.32,266.45,259.36,265.08,264.9,265.32,53381,141.63,1823,25751.0, 48.24,2026-04-28
NIFTY100EW, EQ, 28-Apr-2026,34.07,33.98,34.35,33.98,34.2,34.14,34.26,130106,44.57,198,83486.0, 64.17,2026-04-28
NIFTYADD, EQ, 28-Apr-2026,252.58,252.23,253.01,250.74,251.58,251.29,252.07,6302,15.89,221,2056.0, 32.62,2026-04-28
NIFTYBEES, EQ, 28-Apr-2026,272.52,273.25,273.3,271.1,271.8,271.48,272.14,6137965,16703.85,43832,3465230.0, 56.46,2026-04-28
NIFTYBETA, EQ, 28-Apr-2026,265.54,265.54,266.24,263.69,263.69,264.13,264.92,16431,43.53,524,10826.0, 65.89,2026-04-28
NIFTYBETF, EQ, 28-Apr-2026,246.62,246.97,247.57,245.02,245.85,245.57,246.35,654,1.61,47,516.0, 78.90,2026-04-28
NIFTYCASE, EQ, 28-Apr-2026,9.58,9.34,9.64,9.34,9.56,9.55,9.58,961284,92.06,1646,567176.0, 59.00,2026-04-28
NIFTYETF, EQ, 28-Apr-2026,260.23,260.91,260.98,258.8,259.62,259.11,259.86,83400,216.72,1350,58068.0, 69.63,2026-04-28
NIFTYIETF, EQ, 28-Apr-2026,271.37,271.87,271.9,269.69,270.69,269.99,270.67,689006,1864.92,7418,518421.0, 75.24,2026-04-28
NIFTYQLITY, EQ, 28-Apr-2026,21.02,20.92,21.14,20.92,21.02,20.96,21.0,27676,5.81,240,21266.0, 76.84,2026-04-28
NIITLTD, EQ, 28-Apr-2026,72.18,72.1,72.78,70.86,71.6,71.57,71.58,421078,301.39,3592,214274.0, 50.89,2026-04-28
NIITMTS, EQ, 28-Apr-2026,316.95,316.95,321.9,314.0,320.5,318.2,317.77,30851,98.03,1892,13921.0, 45.12,2026-04-28
NIKITA, SM, 28-Apr-2026,126.5,128.95,134.9,127.8,128.95,128.65,130.03,86400,112.34,61,55200.0, 63.89,2026-04-28
NILAINFRA, EQ, 28-Apr-2026,8.29,8.3,8.43,8.21,8.25,8.27,8.33,176064,14.66,600,90763.0, 51.55,2026-04-28
NILASPACES, EQ, 28-Apr-2026,13.05,13.05,13.46,12.86,13.42,13.23,13.16,504432,66.39,1536,217782.0, 43.17,2026-04-28
NILE, EQ, 28-Apr-2026,1631.3,1628.6,1665.55,1625.0,1640.0,1638.35,1651.02,2257,37.26,466,1744.0, 77.27,2026-04-28
NILKAMAL, EQ, 28-Apr-2026,1337.5,1342.1,1370.7,1309.1,1330.0,1317.8,1346.81,7847,105.68,718,4403.0, 56.11,2026-04-28
NIMBSPROJ, EQ, 28-Apr-2026,193.14,192.9,197.01,173.83,184.76,181.85,187.53,234627,440.0,1431,24815.0, 10.58,2026-04-28
NINSYS, BE, 28-Apr-2026,507.35,509.5,530.0,485.6,519.9,511.2,510.19,6383,32.57,230,, -,2026-04-28
NIPPOBATRY, EQ, 28-Apr-2026,322.0,324.0,328.4,321.65,323.0,322.2,324.88,3986,12.95,252,2327.0, 58.38,2026-04-28
NIRAJ, EQ, 28-Apr-2026,29.57,30.31,30.31,29.12,29.35,29.17,29.43,46845,13.79,610,25399.0, 54.22,2026-04-28
NIRAJISPAT, BE, 28-Apr-2026,242.0,246.5,246.5,242.0,242.0,242.0,242.09,52,0.13,6,, -,2026-04-28
NIRLON, EQ, 28-Apr-2026,554.46,556.68,567.97,556.68,560.0,560.83,560.23,32269,180.78,628,30712.0, 95.17,2026-04-28
NIRMAN, ST, 28-Apr-2026,54.2,52.45,55.75,52.45,55.2,54.45,54.6,24300,13.27,50,20400.0, 83.95,2026-04-28
NITCO, EQ, 28-Apr-2026,87.41,87.1,88.78,85.33,86.99,86.05,86.53,490901,424.78,2798,387797.0, 79.00,2026-04-28
NITINSPIN, EQ, 28-Apr-2026,443.85,443.85,462.85,443.05,457.0,456.6,455.38,219336,998.82,6283,100352.0, 45.75,2026-04-28
NITIRAJ, EQ, 28-Apr-2026,204.66,205.16,207.94,202.0,202.05,202.46,204.4,1866,3.81,86,1448.0, 77.60,2026-04-28
NITTAGELA, EQ, 28-Apr-2026,938.8,923.0,986.0,923.0,970.8,971.75,964.26,10857,104.69,836,8573.0, 78.96,2026-04-28
NIVABUPA, EQ, 28-Apr-2026,77.08,77.6,77.8,76.36,77.03,77.0,77.06,903397,696.15,3267,724446.0, 80.19,2026-04-28
NKIND, EQ, 28-Apr-2026,67.21,66.45,69.9,66.4,67.9,69.67,67.46,2688,1.81,32,1316.0, 48.96,2026-04-28
NLCINDIA, EQ, 28-Apr-2026,313.85,316.2,325.1,314.35,318.0,318.15,320.47,7443872,23855.63,69036,2782055.0, 37.37,2026-04-28
NMDC, EQ, 28-Apr-2026,90.42,90.84,91.86,90.55,91.33,90.9,91.13,29317759,26717.87,64710,15308583.0, 52.22,2026-04-28
NOCIL, EQ, 28-Apr-2026,184.44,184.3,186.0,182.88,184.58,184.52,184.43,327535,604.09,3235,108907.0, 33.25,2026-04-28
NOIDATOLL, EQ, 28-Apr-2026,3.8,3.85,3.85,3.11,3.65,3.67,3.55,218189,7.74,384,135692.0, 62.19,2026-04-28
NORBTEAEXP, EQ, 28-Apr-2026,62.48,64.95,64.95,59.36,61.97,61.29,60.08,41864,25.15,349,35121.0, 83.89,2026-04-28
NORTHARC, EQ, 28-Apr-2026,263.26,261.46,263.0,258.2,259.35,261.31,260.74,213764,557.37,4240,119879.0, 56.08,2026-04-28
NOVAAGRI, EQ, 28-Apr-2026,28.75,28.99,29.16,28.7,28.8,28.75,28.84,30555,8.81,402,20634.0, 67.53,2026-04-28
NOVARTIND, EQ, 28-Apr-2026,977.7,987.5,1059.9,982.25,1045.0,1050.85,1034.67,44741,462.92,2656,34310.0, 76.69,2026-04-28
NPBET, EQ, 28-Apr-2026,276.64,276.61,276.8,269.13,269.13,272.88,273.89,510,1.4,36,465.0, 91.18,2026-04-28
NPST, EQ, 28-Apr-2026,1203.6,1208.45,1235.05,1185.0,1210.0,1213.05,1209.38,15985,193.32,905,10756.0, 67.29,2026-04-28
NRAIL, EQ, 28-Apr-2026,492.15,504.0,505.0,492.3,500.4,499.45,499.92,5466,27.33,205,4012.0, 73.40,2026-04-28
NRBBEARING, EQ, 28-Apr-2026,287.24,289.5,291.99,282.15,285.0,284.45,286.48,83967,240.54,1935,42420.0, 50.52,2026-04-28
NRL, EQ, 28-Apr-2026,54.84,55.55,55.99,54.44,55.46,55.38,55.16,34105,18.81,712,14412.0, 42.26,2026-04-28
NRVANDANA, SM, 28-Apr-2026,49.0,51.0,55.2,48.5,53.2,53.2,50.57,138000,69.78,40,69000.0, 50.00,2026-04-28
NSIL, EQ, 28-Apr-2026,5734.4,5682.7,5799.0,5682.7,5735.0,5765.7,5754.96,1759,101.23,579,828.0, 47.07,2026-04-28
NSLNISP, EQ, 28-Apr-2026,41.58,41.58,42.55,40.91,41.51,41.48,41.7,5630563,2348.17,17157,2651389.0, 47.09,2026-04-28
NTPC, EQ, 28-Apr-2026,410.2,414.0,414.2,405.95,407.0,406.85,409.34,7726655,31628.56,108775,3694338.0, 47.81,2026-04-28
NTPCGREEN, EQ, 28-Apr-2026,118.86,118.0,119.85,115.29,115.95,115.81,116.91,12219385,14285.82,62647,4755148.0, 38.91,2026-04-28
NUCLEUS, EQ, 28-Apr-2026,805.9,813.95,813.95,780.4,793.15,793.2,795.62,13021,103.6,1273,6851.0, 52.62,2026-04-28
NURECA, EQ, 28-Apr-2026,265.8,265.06,274.15,262.03,270.0,266.24,268.88,15516,41.72,988,6073.0, 39.14,2026-04-28
NUVAMA, EQ, 28-Apr-2026,1359.6,1353.5,1391.2,1353.5,1383.3,1378.3,1372.51,315010,4323.55,17970,143455.0, 45.54,2026-04-28
NUVOCO, EQ, 28-Apr-2026,295.55,295.55,296.95,291.55,292.85,292.7,293.42,254549,746.9,10023,131173.0, 51.53,2026-04-28
NV20, EQ, 28-Apr-2026,14.56,14.68,14.68,14.35,14.5,14.39,14.43,83564,12.05,319,69077.0, 82.66,2026-04-28
NV20BEES, EQ, 28-Apr-2026,145.06,144.95,145.42,143.31,145.05,143.74,144.27,21376,30.84,259,17597.0, 82.32,2026-04-28
NV20IETF, EQ, 28-Apr-2026,14.13,14.2,14.21,14.03,14.12,14.05,14.09,620741,87.47,2307,460057.0, 74.11,2026-04-28
NXST, RR, 28-Apr-2026,157.56,158.2,158.85,157.5,157.83,158.01,158.0,597776,944.51,12313,551874.0, 92.32,2026-04-28
NYKAA, EQ, 28-Apr-2026,269.19,271.37,271.8,268.1,270.0,270.11,269.51,3154559,8502.01,51379,1597982.0, 50.66,2026-04-28
OAL, EQ, 28-Apr-2026,316.86,316.86,319.0,311.0,311.19,311.67,313.36,3376,10.58,202,1989.0, 58.92,2026-04-28
OBCL, EQ, 28-Apr-2026,55.5,54.71,56.3,54.71,55.23,55.55,55.7,9645,5.37,79,7931.0, 82.23,2026-04-28
OBEROIRLTY, EQ, 28-Apr-2026,1723.3,1725.0,1727.4,1700.0,1716.0,1710.3,1713.81,442797,7588.7,19882,226910.0, 51.24,2026-04-28
OBSCP, SM, 28-Apr-2026,402.45,402.45,414.95,373.0,382.6,382.6,392.02,85600,335.57,166,48400.0, 56.54,2026-04-28
OCCLLTD, EQ, 28-Apr-2026,102.52,103.48,103.64,100.15,100.22,100.6,102.05,30327,30.95,833,14605.0, 48.16,2026-04-28
ODIGMA, BE, 28-Apr-2026,27.43,27.97,28.45,27.3,27.5,27.47,27.68,42896,11.87,321,, -,2026-04-28
OFSS, EQ, 28-Apr-2026,9360.0,9400.0,9624.5,9380.0,9613.0,9570.0,9516.62,591393,56280.61,64968,181113.0, 30.62,2026-04-28
OIL, EQ, 28-Apr-2026,476.2,479.8,501.0,478.3,497.6,497.2,493.93,10897762,53827.84,95681,4212078.0, 38.65,2026-04-28
OILCOUNTUB, EQ, 28-Apr-2026,60.71,60.99,63.8,58.1,59.05,59.07,61.54,95675,58.88,1217,56118.0, 58.65,2026-04-28
OILIETF, EQ, 28-Apr-2026,11.65,11.65,11.89,11.63,11.87,11.84,11.79,4224866,497.95,3235,2844445.0, 67.33,2026-04-28
OLAELEC, EQ, 28-Apr-2026,36.93,37.0,37.08,35.7,35.95,35.81,36.14,55889463,20198.84,88233,16782202.0, 30.03,2026-04-28
OLECTRA, EQ, 28-Apr-2026,1237.35,1236.95,1295.0,1233.4,1293.0,1286.0,1273.37,1958637,24940.69,70335,704835.0, 35.99,2026-04-28
OLIL, SM, 28-Apr-2026,314.0,316.0,320.0,313.0,319.9,318.75,315.99,37200,117.55,40,28000.0, 75.27,2026-04-28
OMAXAUTO, EQ, 28-Apr-2026,117.78,118.0,129.35,118.0,124.43,124.88,123.83,227085,281.19,3538,116046.0, 51.10,2026-04-28
OMAXE, EQ, 28-Apr-2026,83.18,84.01,84.01,80.06,81.28,81.4,81.78,52396,42.85,763,25070.0, 47.85,2026-04-28
OMFREIGHT, EQ, 28-Apr-2026,79.04,80.45,80.45,78.21,80.2,79.94,79.73,21616,17.23,349,13682.0, 63.30,2026-04-28
OMFURN, SM, 28-Apr-2026,62.4,62.4,64.3,62.4,63.5,63.5,63.51,7200,4.57,6,7200.0, 100.00,2026-04-28
OMINFRAL, EQ, 28-Apr-2026,92.54,92.54,93.96,91.52,92.3,92.73,92.79,52849,49.04,1025,23558.0, 44.58,2026-04-28
OMKARCHEM, BZ, 28-Apr-2026,3.58,3.41,3.41,3.41,3.41,3.41,3.41,23987,0.82,63,, -,2026-04-28
OMNI, EQ, 28-Apr-2026,422.44,422.51,430.12,395.14,399.4,399.58,411.06,683054,2807.76,14885,277352.0, 40.60,2026-04-28
OMPOWER, BE, 28-Apr-2026,196.49,196.0,199.5,193.0,199.48,199.05,198.32,133270,264.31,1249,, -,2026-04-28
ONDOOR, ST, 28-Apr-2026,151.85,152.0,155.1,152.0,154.0,154.0,153.49,4200,6.45,12,4200.0, 100.00,2026-04-28
ONELIFECAP, EQ, 28-Apr-2026,19.94,20.43,20.43,18.95,18.95,18.95,19.1,86955,16.61,278,67864.0, 78.04,2026-04-28
ONEPOINT, EQ, 28-Apr-2026,53.7,52.89,54.5,52.4,52.6,53.8,53.47,1629166,871.13,3739,910773.0, 55.90,2026-04-28
ONESOURCE, EQ, 28-Apr-2026,1831.4,1819.8,1835.9,1745.0,1764.4,1763.0,1784.36,275867,4922.46,32989,101322.0, 36.73,2026-04-28
ONGC, EQ, 28-Apr-2026,285.9,286.25,302.4,286.0,302.0,301.3,296.95,51575179,153153.01,266487,26753437.0, 51.87,2026-04-28
ONMOBILE, EQ, 28-Apr-2026,56.32,56.0,56.7,54.7,56.0,55.6,55.66,178832,99.53,1587,78947.0, 44.15,2026-04-28
ONWARDTEC, EQ, 28-Apr-2026,240.05,239.0,246.59,235.0,235.63,236.87,240.5,41178,99.03,1566,23045.0, 55.96,2026-04-28
OPTIEMUS, EQ, 28-Apr-2026,413.75,412.85,423.0,411.95,420.0,420.15,419.53,171356,718.89,3474,122693.0, 71.60,2026-04-28
OPTIVALUE, SM, 28-Apr-2026,79.75,81.4,83.0,78.0,78.0,78.0,80.78,25600,20.68,16,17600.0, 68.75,2026-04-28
ORBTEXP, EQ, 28-Apr-2026,166.58,167.41,167.41,163.0,163.0,163.26,163.98,2014,3.3,81,1179.0, 58.54,2026-04-28
ORCHASP, EQ, 28-Apr-2026,2.05,2.04,2.1,2.04,2.07,2.06,2.06,89833,1.85,146,55439.0, 61.71,2026-04-28
ORCHPHARMA, EQ, 28-Apr-2026,585.25,594.0,594.0,578.6,586.0,585.3,583.56,30841,179.98,2352,19420.0, 62.97,2026-04-28
ORIANA, SM, 28-Apr-2026,2176.65,2178.0,2255.0,2131.0,2131.0,2141.7,2188.63,79500,1739.96,833,47100.0, 59.25,2026-04-28
ORICONENT, EQ, 28-Apr-2026,64.7,64.66,65.66,64.4,64.5,64.58,64.75,68342,44.25,617,43601.0, 63.80,2026-04-28
ORIENTALTL, EQ, 28-Apr-2026,6.95,6.92,7.15,6.71,7.0,7.04,6.98,66002,4.61,227,48872.0, 74.05,2026-04-28
ORIENTBELL, EQ, 28-Apr-2026,284.75,285.75,334.4,283.9,322.0,320.7,318.52,138773,442.02,4614,58878.0, 42.43,2026-04-28
ORIENTCEM, EQ, 28-Apr-2026,148.01,148.01,149.5,146.61,147.7,147.94,148.04,357177,528.75,3061,183857.0, 51.48,2026-04-28
ORIENTCER, EQ, 28-Apr-2026,41.22,41.83,41.83,40.2,40.55,40.52,40.88,23203,9.49,281,16960.0, 73.09,2026-04-28
ORIENTELEC, EQ, 28-Apr-2026,193.48,193.6,195.23,187.0,188.2,188.3,190.44,150191,286.03,3508,73943.0, 49.23,2026-04-28
ORIENTHOT, EQ, 28-Apr-2026,99.18,99.18,101.95,99.18,99.52,99.86,100.65,251312,252.96,2247,122627.0, 48.79,2026-04-28
ORIENTLTD, EQ, 28-Apr-2026,63.8,64.9,64.9,62.3,64.29,63.26,63.36,2687,1.7,75,2164.0, 80.54,2026-04-28
ORIENTPPR, EQ, 28-Apr-2026,18.58,18.6,18.81,18.4,18.56,18.51,18.55,135696,25.17,644,75864.0, 55.91,2026-04-28
ORIENTTECH, EQ, 28-Apr-2026,286.26,286.26,289.95,280.0,281.9,281.32,283.77,114112,323.81,2986,48085.0, 42.14,2026-04-28
ORISSAMINE, EQ, 28-Apr-2026,4071.4,4095.7,4370.0,4068.0,4202.0,4204.1,4224.07,45592,1925.84,6760,14979.0, 32.85,2026-04-28
ORKLAINDIA, EQ, 28-Apr-2026,650.1,643.05,659.0,643.0,643.0,645.2,650.12,44574,289.78,3821,23918.0, 53.66,2026-04-28
ORTEL, BZ, 28-Apr-2026,1.85,1.9,1.9,1.8,1.89,1.89,1.87,4087,0.08,26,, -,2026-04-28
ORTINGLOBE, BE, 28-Apr-2026,15.17,15.4,15.7,14.7,15.7,15.7,15.31,9772,1.5,19,, -,2026-04-28
OSELDEVICE, SM, 28-Apr-2026,564.0,565.0,568.95,555.15,563.0,561.4,558.4,7800,43.56,34,5800.0, 74.36,2026-04-28
OSIAHYPER, EQ, 28-Apr-2026,6.55,6.87,6.87,6.87,6.87,6.87,6.87,208559,14.33,82,208559.0, 100.00,2026-04-28
OSWALAGRO, BE, 28-Apr-2026,49.69,51.8,51.8,48.0,49.5,49.37,49.35,18037,8.9,128,, -,2026-04-28
OSWALGREEN, EQ, 28-Apr-2026,28.28,28.69,28.9,28.0,28.3,28.4,28.48,200531,57.12,1960,96559.0, 48.15,2026-04-28
OSWALPUMPS, EQ, 28-Apr-2026,414.0,416.4,423.9,412.0,413.7,414.15,416.31,488353,2033.08,9724,178525.0, 36.56,2026-04-28
OSWALSEEDS, EQ, 28-Apr-2026,12.82,13.02,13.02,12.23,12.49,12.49,12.44,46172,5.74,190,31485.0, 68.19,2026-04-28
OWAIS, SM, 28-Apr-2026,200.15,190.15,205.75,190.15,190.15,190.15,191.73,70200,134.6,289,47900.0, 68.23,2026-04-28
PACEDIGITK, EQ, 28-Apr-2026,182.0,182.5,186.4,180.0,180.65,180.57,183.04,1116166,2042.98,11851,461656.0, 41.36,2026-04-28
PAGEIND, EQ, 28-Apr-2026,37705.0,37800.0,37800.0,37205.0,37500.0,37505.0,37499.89,22189,8320.85,11520,12487.0, 56.28,2026-04-28
PAISALO, EQ, 28-Apr-2026,47.35,47.35,48.2,46.94,47.0,47.51,47.47,7626292,3620.23,10917,2876084.0, 37.71,2026-04-28
PAKKA, EQ, 28-Apr-2026,94.49,95.89,98.0,94.58,97.8,96.95,95.9,82792,79.4,780,38585.0, 46.60,2026-04-28
PALASHSECU, EQ, 28-Apr-2026,95.04,96.1,98.0,95.04,98.0,97.93,97.6,2734,2.67,121,2171.0, 79.41,2026-04-28
PALREDTEC, EQ, 28-Apr-2026,38.59,39.8,39.8,36.7,36.7,37.39,37.83,3747,1.42,51,2676.0, 71.42,2026-04-28
PANACEABIO, EQ, 28-Apr-2026,368.85,363.55,385.0,363.55,378.0,377.0,378.55,173262,655.89,4429,80588.0, 46.51,2026-04-28
PANACHE, BE, 28-Apr-2026,316.05,317.6,331.85,317.6,331.85,331.85,331.16,29599,98.02,131,, -,2026-04-28
PANAMAPET, EQ, 28-Apr-2026,273.35,273.5,277.99,266.0,274.0,275.67,274.0,24869,68.14,825,12137.0, 48.80,2026-04-28
PANSARI, EQ, 28-Apr-2026,305.65,280.0,302.6,275.1,286.4,289.7,293.32,5004,14.68,119,3600.0, 71.94,2026-04-28
PAR, EQ, 28-Apr-2026,91.13,91.0,92.74,90.56,91.05,91.06,91.67,5197,4.76,134,3657.0, 70.37,2026-04-28
PARACABLES, EQ, 28-Apr-2026,40.27,40.44,40.6,38.81,39.28,39.13,39.77,929222,369.6,3616,459216.0, 49.42,2026-04-28
PARADEEP, EQ, 28-Apr-2026,135.91,136.49,137.8,133.6,134.3,134.38,135.42,4479211,6065.71,30139,2035814.0, 45.45,2026-04-28
PARAGMILK, EQ, 28-Apr-2026,231.23,230.91,232.19,227.5,228.6,230.21,229.76,405248,931.1,5262,171208.0, 42.25,2026-04-28
PARAGON, SM, 28-Apr-2026,40.65,40.45,40.45,40.2,40.2,40.2,40.37,3600,1.45,3,3600.0, 100.00,2026-04-28
PARAMATRIX, SM, 28-Apr-2026,64.0,67.9,67.9,67.9,67.9,67.9,67.9,1200,0.81,1,1200.0, 100.00,2026-04-28
PARAMOUNT, SM, 28-Apr-2026,39.1,38.95,40.0,38.95,40.0,40.0,39.48,2400,0.95,2,1200.0, 50.00,2026-04-28
PARAS, EQ, 28-Apr-2026,808.1,808.25,823.0,803.95,805.0,806.45,811.89,1114695,9050.09,32288,272947.0, 24.49,2026-04-28
PARASPETRO, BE, 28-Apr-2026,2.2,2.19,2.19,2.16,2.16,2.16,2.17,19842,0.43,56,, -,2026-04-28
PARIN, SM, 28-Apr-2026,636.25,630.0,640.0,620.05,621.0,635.35,625.54,25250,157.95,26,13500.0, 53.47,2026-04-28
PARKHOSPS, EQ, 28-Apr-2026,236.88,241.0,242.54,232.01,236.0,234.27,237.79,694785,1652.11,9748,398367.0, 57.34,2026-04-28
PARKHOTELS, EQ, 28-Apr-2026,123.49,123.01,127.5,122.31,125.6,125.55,126.09,422917,533.26,3252,207552.0, 49.08,2026-04-28
PARSVNATH, BE, 28-Apr-2026,7.87,8.0,8.16,7.87,8.15,8.11,8.06,264549,21.33,276,, -,2026-04-28
PARTH, ST, 28-Apr-2026,334.6,334.25,334.25,318.2,332.9,328.6,322.33,8400,27.08,19,7600.0, 90.48,2026-04-28
PARTYCRUS, SM, 28-Apr-2026,89.0,90.75,90.8,90.0,90.0,90.0,90.19,12000,10.82,11,12000.0, 100.00,2026-04-28
PASHUPATI, EQ, 28-Apr-2026,88.3,89.15,90.9,87.2,88.0,87.85,88.48,50927,45.06,1222,25494.0, 50.06,2026-04-28
PASUPTAC, EQ, 28-Apr-2026,51.14,51.14,51.59,50.1,50.3,50.27,50.79,70665,35.89,904,39053.0, 55.26,2026-04-28
PATANJALI, EQ, 28-Apr-2026,466.5,468.9,468.9,461.1,463.4,463.85,464.2,1079986,5013.34,19791,537077.0, 49.73,2026-04-28
PATELENG, EQ, 28-Apr-2026,27.96,27.95,29.49,27.84,29.31,29.04,28.78,8853829,2548.14,18373,5109208.0, 57.71,2026-04-28
PATELRMART, EQ, 28-Apr-2026,218.3,218.0,218.25,208.51,212.49,211.81,213.78,120500,257.6,2178,52256.0, 43.37,2026-04-28
PATILAUTOM, SM, 28-Apr-2026,161.2,163.0,164.0,160.1,163.0,163.0,163.28,25800,42.13,35,19800.0, 76.74,2026-04-28
PATINTLOG, EQ, 28-Apr-2026,11.59,11.79,11.79,11.4,11.59,11.47,11.51,25105,2.89,169,21286.0, 84.79,2026-04-28
PATTECH, SM, 28-Apr-2026,101.0,106.0,106.0,106.0,106.0,106.0,106.0,3000,3.18,2,3000.0, 100.00,2026-04-28
PAUSHAKLTD, EQ, 28-Apr-2026,463.8,456.0,472.5,456.0,467.5,468.95,468.22,8324,38.97,736,4384.0, 52.67,2026-04-28
PAVNAIND, BE, 28-Apr-2026,20.73,20.88,21.0,20.37,21.0,20.77,20.68,36734,7.6,110,, -,2026-04-28
PAYTM, EQ, 28-Apr-2026,1132.05,1125.65,1148.0,1120.5,1129.15,1129.15,1133.93,2357870,26736.58,44994,393820.0, 16.70,2026-04-28
PCBL, EQ, 28-Apr-2026,291.41,292.0,300.0,290.65,297.5,296.4,295.99,1703746,5042.96,23789,574465.0, 33.72,2026-04-28
PCCL, SM, 28-Apr-2026,278.0,276.0,282.0,266.65,282.0,280.75,278.67,22800,63.54,50,16400.0, 71.93,2026-04-28
PCJEWELLER, EQ, 28-Apr-2026,9.51,9.46,9.56,9.45,9.5,9.47,9.5,19646886,1865.94,15408,9445300.0, 48.08,2026-04-28
PDMJEPAPER, EQ, 28-Apr-2026,85.75,85.84,87.04,85.2,85.32,85.62,86.02,76657,65.94,1557,37805.0, 49.32,2026-04-28
PDSL, EQ, 28-Apr-2026,279.8,279.75,284.9,277.2,282.0,283.4,282.17,174599,492.67,15827,99563.0, 57.02,2026-04-28
PEARLPOLY, BE, 28-Apr-2026,20.8,20.81,20.97,20.25,20.74,20.74,20.57,7544,1.55,48,, -,2026-04-28
PELATRO, SM, 28-Apr-2026,292.05,295.0,295.0,295.0,295.0,295.0,295.0,600,1.77,2,600.0, 100.00,2026-04-28
PENIND, EQ, 28-Apr-2026,174.09,174.0,174.19,169.74,170.9,170.77,172.09,305046,524.96,4914,144404.0, 47.34,2026-04-28
PENINLAND, BE, 28-Apr-2026,18.92,18.95,19.05,18.0,18.1,18.13,18.29,279731,51.16,494,, -,2026-04-28
PERFECT, SZ, 28-Apr-2026,1.8,1.85,1.85,1.85,1.85,1.85,1.85,6000,0.11,2,6000.0, 100.00,2026-04-28
PERSISTENT, EQ, 28-Apr-2026,4817.5,4827.6,4852.0,4745.2,4805.0,4803.5,4793.52,759673,36415.09,64858,384170.0, 50.57,2026-04-28
PETRONET, EQ, 28-Apr-2026,279.9,280.0,281.5,275.55,278.3,277.72,278.13,1406742,3912.53,20908,706985.0, 50.26,2026-04-28
PFC, EQ, 28-Apr-2026,474.9,471.65,486.5,470.2,476.0,481.4,479.67,10746434,51547.27,105661,5772865.0, 53.72,2026-04-28
PFIZER, EQ, 28-Apr-2026,4791.4,4810.0,4838.7,4774.7,4802.0,4820.1,4817.51,17537,844.85,4606,10762.0, 61.37,2026-04-28
PFOCUS, EQ, 28-Apr-2026,318.15,319.8,322.2,307.8,311.0,309.8,312.87,648173,2027.96,9688,272163.0, 41.99,2026-04-28
PFS, EQ, 28-Apr-2026,31.48,31.48,33.2,30.92,31.97,32.08,31.81,1957158,622.63,7643,812327.0, 41.51,2026-04-28
PGEL, EQ, 28-Apr-2026,564.5,566.0,571.6,557.8,565.8,563.05,563.81,1907002,10751.83,25624,595523.0, 31.23,2026-04-28
PGHH, EQ, 28-Apr-2026,10309.5,10349.0,10375.5,10164.0,10213.5,10191.0,10213.16,4561,465.82,1578,2922.0, 64.06,2026-04-28
PGHL, EQ, 28-Apr-2026,5175.5,5132.7,5180.0,5090.0,5120.0,5112.9,5133.76,6446,330.92,1795,3892.0, 60.38,2026-04-28
PGIL, EQ, 28-Apr-2026,1572.3,1572.3,1591.4,1548.4,1560.5,1555.7,1562.46,19200,299.99,2721,9424.0, 49.08,2026-04-28
PGINVIT, IV, 28-Apr-2026,93.1,93.26,93.35,92.99,93.08,93.1,93.08,1235916,1150.36,6316,1116440.0, 90.33,2026-04-28
PHANTOMFX, SM, 28-Apr-2026,209.0,206.25,210.0,203.8,203.8,203.8,207.65,19800,41.11,38,17700.0, 89.39,2026-04-28
PHARMABEES, EQ, 28-Apr-2026,23.78,23.95,24.37,23.54,23.75,23.74,23.79,5322998,1266.11,9001,2863600.0, 53.80,2026-04-28
PHOENIXLTD, EQ, 28-Apr-2026,1799.7,1820.0,1832.9,1741.5,1769.8,1761.9,1773.11,1269718,22513.47,71707,372980.0, 29.38,2026-04-28
PHOGLOBAL, SM, 28-Apr-2026,19.3,18.5,18.5,18.5,18.5,18.5,18.5,2000,0.37,1,2000.0, 100.00,2026-04-28
PICCADIL, EQ, 28-Apr-2026,656.7,662.0,685.0,647.35,682.0,674.9,664.68,386507,2569.03,16292,198143.0, 51.27,2026-04-28
PIDILITIND, EQ, 28-Apr-2026,1399.3,1399.9,1405.3,1389.0,1395.0,1392.6,1396.68,390142,5449.03,20216,232023.0, 59.47,2026-04-28
PIGL, EQ, 28-Apr-2026,114.85,115.5,116.14,112.0,112.01,112.86,113.98,33623,38.32,1000,21265.0, 63.25,2026-04-28
PIIND, EQ, 28-Apr-2026,3083.6,3078.5,3152.0,3065.0,3127.0,3097.6,3113.35,486707,15152.9,40595,232785.0, 47.83,2026-04-28
PILANIINVS, EQ, 28-Apr-2026,4770.5,4775.4,4804.8,4760.0,4804.0,4785.9,4782.74,1061,50.74,334,458.0, 43.17,2026-04-28
PILITA, EQ, 28-Apr-2026,7.97,8.13,8.23,7.85,8.03,8.13,8.09,42417,3.43,275,32614.0, 76.89,2026-04-28
PINELABS, EQ, 28-Apr-2026,200.1,199.81,207.95,198.38,205.29,205.47,205.61,3041589,6253.94,30496,1144024.0, 37.61,2026-04-28
PIONEEREMB, EQ, 28-Apr-2026,26.3,26.4,27.0,26.4,26.4,26.56,26.88,7263,1.95,37,6575.0, 90.53,2026-04-28
PIONRINV, EQ, 28-Apr-2026,103.0,110.95,111.0,101.2,102.45,102.45,101.67,344,0.35,28,336.0, 97.67,2026-04-28
PIRAMALFIN, EQ, 28-Apr-2026,1843.1,1920.0,2073.2,1880.0,2016.9,2008.8,2010.31,11253215,226224.91,363289,1407498.0, 12.51,2026-04-28
PITTIENG, EQ, 28-Apr-2026,991.65,994.65,1021.45,983.0,995.0,997.75,1001.16,167391,1675.85,7919,86829.0, 51.87,2026-04-28
PIXTRANS, EQ, 28-Apr-2026,1489.2,1484.0,1515.0,1484.0,1509.2,1503.2,1502.62,7117,106.94,1010,4393.0, 61.73,2026-04-28
PKTEA, EQ, 28-Apr-2026,763.85,771.95,800.0,771.95,776.3,791.35,793.88,176,1.4,14,173.0, 98.30,2026-04-28
PLASTIBLEN, EQ, 28-Apr-2026,157.65,176.0,189.18,175.99,181.98,181.02,186.51,1057063,1971.53,8069,315948.0, 29.89,2026-04-28
PLATIND, EQ, 28-Apr-2026,229.68,229.68,244.05,229.66,243.0,243.1,238.92,319372,763.05,6763,128109.0, 40.11,2026-04-28
PLAZACABLE, EQ, 28-Apr-2026,41.18,41.2,41.79,40.1,41.48,41.52,41.09,67434,27.71,2002,19816.0, 29.39,2026-04-28
PML, EQ, 28-Apr-2026,576.05,604.8,604.85,560.05,575.0,574.8,571.52,374,2.14,48,338.0, 90.37,2026-04-28
PNB, EQ, 28-Apr-2026,113.88,112.5,113.0,111.21,111.5,111.39,111.88,20361676,22781.46,56281,8998952.0, 44.20,2026-04-28
PNBGILTS, EQ, 28-Apr-2026,72.85,72.5,73.22,71.01,71.37,71.43,72.0,234786,169.04,2101,106828.0, 45.50,2026-04-28
PNBHOUSING, EQ, 28-Apr-2026,1047.0,1049.5,1055.2,1034.0,1049.0,1043.55,1044.26,857702,8956.66,26054,416645.0, 48.58,2026-04-28
PNC, BE, 28-Apr-2026,21.46,21.46,22.0,21.3,21.4,21.41,21.6,1671,0.36,25,, -,2026-04-28
PNCINFRA, EQ, 28-Apr-2026,217.99,218.99,221.4,217.99,220.6,220.5,219.99,218713,481.14,4894,118743.0, 54.29,2026-04-28
PNGJL, EQ, 28-Apr-2026,674.85,672.0,680.7,668.3,670.1,670.65,674.09,100511,677.53,5000,58461.0, 58.16,2026-04-28
PNGSREVA, EQ, 28-Apr-2026,400.85,401.2,442.0,399.2,441.0,432.95,423.35,853178,3611.95,16852,451676.0, 52.94,2026-04-28
POCL, EQ, 28-Apr-2026,1233.9,1241.0,1248.6,1228.2,1235.0,1234.2,1238.42,134587,1666.76,6968,61915.0, 46.00,2026-04-28
PODDARMENT, EQ, 28-Apr-2026,255.72,258.0,274.0,256.47,267.75,268.5,267.55,8384,22.43,257,5609.0, 66.90,2026-04-28
POKARNA, EQ, 28-Apr-2026,912.05,912.1,916.9,903.55,906.0,910.0,909.47,28503,259.23,1898,14373.0, 50.43,2026-04-28
POLICYBZR, EQ, 28-Apr-2026,1663.0,1657.0,1681.7,1643.1,1668.0,1667.4,1664.62,1198968,19958.24,38924,613728.0, 51.19,2026-04-28
POLYCAB, EQ, 28-Apr-2026,8065.5,8040.0,8290.0,8040.0,8271.0,8254.0,8195.71,363780,29814.35,39326,176437.0, 48.50,2026-04-28
POLYMED, EQ, 28-Apr-2026,1495.6,1493.6,1529.9,1478.0,1515.0,1511.7,1508.59,132663,2001.34,14877,45128.0, 34.02,2026-04-28
POLYPLEX, EQ, 28-Apr-2026,915.95,915.0,949.8,910.0,941.0,944.5,934.83,184719,1726.8,9009,86896.0, 47.04,2026-04-28
POLYSIL, ST, 28-Apr-2026,158.45,161.6,161.6,160.0,160.5,160.5,161.35,23500,37.92,24,23000.0, 97.87,2026-04-28
PONNIERODE, EQ, 28-Apr-2026,301.35,304.95,306.5,301.05,304.55,304.3,303.16,8351,25.32,481,5199.0, 62.26,2026-04-28
POONAWALLA, EQ, 28-Apr-2026,420.0,420.0,424.5,413.35,415.95,415.9,417.2,1711414,7139.97,25635,1025688.0, 59.93,2026-04-28
POSITRON, ST, 28-Apr-2026,198.2,200.0,208.1,195.25,208.1,208.1,206.86,25500,52.75,64,25200.0, 98.82,2026-04-28
POWERGRID, EQ, 28-Apr-2026,320.9,322.8,322.8,317.65,319.65,319.0,319.59,9083528,29030.32,85797,5431093.0, 59.79,2026-04-28
POWERICA, EQ, 28-Apr-2026,464.4,462.85,489.0,460.45,485.1,483.05,476.88,485014,2312.94,10971,261080.0, 53.83,2026-04-28
POWERINDIA, EQ, 28-Apr-2026,32065.0,32200.0,32940.0,31865.0,32805.0,32805.0,32454.79,127919,41515.84,37319,41582.0, 32.51,2026-04-28
POWERMECH, EQ, 28-Apr-2026,2497.8,2515.0,2523.7,2467.7,2487.0,2479.8,2498.84,55481,1386.38,6770,22734.0, 40.98,2026-04-28
PPAP, EQ, 28-Apr-2026,219.04,220.58,221.68,212.42,212.8,213.22,215.88,9165,19.79,376,4178.0, 45.59,2026-04-28
PPL, EQ, 28-Apr-2026,215.49,213.34,218.0,213.34,217.0,215.33,215.69,42840,92.4,1177,22182.0, 51.78,2026-04-28
PPLPHARMA, EQ, 28-Apr-2026,168.78,170.0,171.47,163.5,164.85,164.47,166.59,6015652,10021.5,39455,2780374.0, 46.22,2026-04-28
PPSL, ST, 28-Apr-2026,8.15,7.85,7.85,7.75,7.75,7.75,7.78,18000,1.4,6,18000.0, 100.00,2026-04-28
PRABHA, EQ, 28-Apr-2026,160.2,163.41,163.41,160.1,160.65,160.98,161.3,52305,84.37,794,33266.0, 63.60,2026-04-28
PRABHAPP, E1, 28-Apr-2026,57.37,57.11,59.38,56.95,56.96,56.96,57.74,5648,3.26,68,5247.0, 92.90,2026-04-28
PRADPME, EQ, 28-Apr-2026,373.75,379.05,395.0,377.1,380.0,380.1,388.04,25796,100.1,996,19883.0, 77.08,2026-04-28
PRAENG, EQ, 28-Apr-2026,23.4,23.4,24.19,22.56,22.64,22.89,23.36,76254,17.81,558,54216.0, 71.10,2026-04-28
PRAJIND, EQ, 28-Apr-2026,403.35,403.35,403.4,393.55,394.2,395.1,396.56,1196296,4743.98,21327,511080.0, 42.72,2026-04-28
PRAKASH, EQ, 28-Apr-2026,145.16,145.16,151.16,144.21,146.25,147.0,148.12,784900,1162.63,7690,347676.0, 44.30,2026-04-28
PRAKASHSTL, EQ, 28-Apr-2026,4.77,4.85,4.85,4.65,4.72,4.73,4.75,119327,5.66,372,90868.0, 76.15,2026-04-28
PRAMARA, SM, 28-Apr-2026,352.9,350.05,357.0,348.0,350.0,349.8,351.23,82500,289.76,89,29000.0, 35.15,2026-04-28
PRANIK, SM, 28-Apr-2026,52.45,52.45,52.45,52.45,52.45,52.45,52.45,1600,0.84,1,1600.0, 100.00,2026-04-28
PRATHAM, SM, 28-Apr-2026,144.0,144.0,147.0,141.0,141.0,141.0,143.92,3600,5.18,9,3200.0, 88.89,2026-04-28
PRAVEG, EQ, 28-Apr-2026,297.45,299.5,324.45,299.45,305.0,306.85,311.8,161532,503.66,3220,92728.0, 57.41,2026-04-28
PRAXIS, EQ, 28-Apr-2026,7.57,8.15,8.32,8.0,8.05,8.02,8.25,678619,55.96,878,342368.0, 50.45,2026-04-28
PRECAM, EQ, 28-Apr-2026,160.21,159.51,167.0,159.06,164.0,164.08,164.06,720261,1181.65,7262,228734.0, 31.76,2026-04-28
PRECISION, SM, 28-Apr-2026,8.0,7.6,7.6,7.6,7.6,7.6,7.6,18000,1.37,9,18000.0, 100.00,2026-04-28
PRECOT, BE, 28-Apr-2026,553.45,554.0,558.0,537.0,553.8,550.05,549.97,3765,20.71,53,, -,2026-04-28
PRECWIRE, EQ, 28-Apr-2026,405.7,405.0,415.45,403.25,413.8,412.65,411.78,593115,2442.33,18723,178053.0, 30.02,2026-04-28
PREMCO, EQ, 28-Apr-2026,426.75,426.75,431.5,421.1,425.0,425.0,427.03,398,1.7,19,392.0, 98.49,2026-04-28
PREMEXPLN, EQ, 28-Apr-2026,545.9,548.0,561.35,543.15,546.15,547.8,553.01,499989,2764.97,10408,215054.0, 43.01,2026-04-28
PREMIER, BE, 28-Apr-2026,2.9,2.93,3.0,2.78,2.9,2.9,2.88,9906,0.29,28,, -,2026-04-28
PREMIERENE, EQ, 28-Apr-2026,1022.6,1029.0,1047.0,1024.6,1034.45,1037.35,1037.51,1370400,14218.02,32946,483280.0, 35.27,2026-04-28
PREMIERPOL, BE, 28-Apr-2026,53.66,53.66,54.48,52.7,53.5,53.51,53.41,39468,21.08,205,, -,2026-04-28
PREMIUM, SM, 28-Apr-2026,38.0,38.0,38.0,38.0,38.0,38.0,38.0,12000,4.56,4,12000.0, 100.00,2026-04-28
PRESSTONIC, ST, 28-Apr-2026,45.2,42.95,47.45,42.95,47.45,47.45,44.7,58400,26.1,48,55200.0, 94.52,2026-04-28
PRESTIGE, EQ, 28-Apr-2026,1405.1,1405.0,1417.8,1394.1,1406.0,1402.6,1403.37,453603,6365.73,20040,250723.0, 55.27,2026-04-28
PRICOLLTD, EQ, 28-Apr-2026,600.0,600.0,601.65,590.0,595.5,596.55,595.6,199574,1188.67,14223,110634.0, 55.44,2026-04-28
PRIMECAB, SM, 28-Apr-2026,113.45,116.55,124.4,116.0,116.3,117.0,120.54,212800,256.5,125,126400.0, 59.40,2026-04-28
PRIMESECU, EQ, 28-Apr-2026,283.05,282.7,291.0,281.65,289.0,289.0,287.93,15879,45.72,242,13326.0, 83.92,2026-04-28
PRIMO, EQ, 28-Apr-2026,23.7,23.7,24.24,23.37,23.9,23.66,23.82,176591,42.06,1265,92969.0, 52.65,2026-04-28
PRINCEPIPE, EQ, 28-Apr-2026,274.18,276.37,278.38,265.0,270.1,267.02,271.63,210856,572.75,5786,92696.0, 43.96,2026-04-28
PRITI, BE, 28-Apr-2026,46.46,46.46,46.79,45.6,46.26,46.13,45.84,6045,2.77,84,, -,2026-04-28
PRITIKA, SM, 28-Apr-2026,56.35,57.9,60.0,57.9,59.0,59.0,59.13,12000,7.1,6,8000.0, 66.67,2026-04-28
PRITIKAUTO, EQ, 28-Apr-2026,13.31,13.25,13.94,13.2,13.64,13.61,13.64,87989,12.0,624,57527.0, 65.38,2026-04-28
PRIVISCL, EQ, 28-Apr-2026,3261.4,3264.9,3300.0,3245.0,3273.1,3269.4,3266.39,38354,1252.79,5710,24273.0, 63.29,2026-04-28
PRIZOR, ST, 28-Apr-2026,622.9,654.0,654.0,654.0,654.0,654.0,654.0,10000,65.4,20,10000.0, 100.00,2026-04-28
PRLIND, SM, 28-Apr-2026,65.0,64.0,64.0,62.7,64.0,64.0,63.42,9000,5.71,7,7000.0, 77.78,2026-04-28
PROLIFE, SM, 28-Apr-2026,65.3,62.05,65.4,62.05,65.0,65.2,63.32,2500,1.58,5,2500.0, 100.00,2026-04-28
PROSTARM, EQ, 28-Apr-2026,158.64,158.5,159.44,155.21,156.5,155.74,156.87,142142,222.98,2274,76322.0, 53.69,2026-04-28
PROTEAN, EQ, 28-Apr-2026,542.9,543.0,543.0,532.75,535.1,536.1,537.36,173235,930.89,5732,73301.0, 42.31,2026-04-28
PROV, SM, 28-Apr-2026,1286.0,1285.8,1285.8,1285.8,1285.8,1285.8,1285.8,80,1.03,1,80.0, 100.00,2026-04-28
PROZONER, EQ, 28-Apr-2026,64.47,65.0,65.38,63.0,63.0,63.04,63.75,141864,90.44,470,104771.0, 73.85,2026-04-28
PRSMJOHNSN, EQ, 28-Apr-2026,133.9,133.9,134.88,132.34,132.9,132.95,133.33,274481,365.96,8978,82762.0, 30.15,2026-04-28
PRUDENT, EQ, 28-Apr-2026,2857.4,2870.0,2882.0,2790.0,2804.0,2811.6,2818.57,40826,1150.71,6408,28403.0, 69.57,2026-04-28
PRUDMOULI, EQ, 28-Apr-2026,16.5,16.76,17.0,16.16,16.51,16.84,16.58,18202,3.02,196,12143.0, 66.71,2026-04-28
PSB, EQ, 28-Apr-2026,25.7,25.73,26.0,25.0,25.06,25.08,25.27,4144134,1047.4,10737,1889581.0, 45.60,2026-04-28
PSFL, SM, 28-Apr-2026,31.55,33.3,33.3,31.05,31.05,31.05,31.85,8000,2.55,4,6000.0, 75.00,2026-04-28
PSPPROJECT, EQ, 28-Apr-2026,738.15,738.15,769.5,738.15,759.85,756.85,758.33,71769,544.24,3190,32861.0, 45.79,2026-04-28
PSRAJ, SM, 28-Apr-2026,290.0,290.0,290.0,290.0,290.0,290.0,290.0,2000,5.8,2,2000.0, 100.00,2026-04-28
PSUBANK, EQ, 28-Apr-2026,886.65,875.66,876.24,861.99,865.0,863.24,863.75,174901,1510.71,1213,145454.0, 83.16,2026-04-28
PSUBANKADD, EQ, 28-Apr-2026,88.9,88.7,88.7,87.06,88.0,87.32,87.58,48438,42.42,476,36973.0, 76.33,2026-04-28
PSUBNKBEES, EQ, 28-Apr-2026,98.27,98.2,98.2,96.13,96.39,96.26,96.64,5041494,4871.98,21496,3362697.0, 66.70,2026-04-28
PSUBNKIETF, EQ, 28-Apr-2026,89.21,88.47,88.51,87.3,87.7,87.52,87.8,183908,161.48,1832,96266.0, 52.34,2026-04-28
PTC, EQ, 28-Apr-2026,195.2,197.0,206.79,195.69,206.0,205.71,203.35,6119448,12444.15,58074,2999315.0, 49.01,2026-04-28
PTCIL, EQ, 28-Apr-2026,16180.0,16140.0,16162.0,15900.0,15952.0,15990.0,16013.7,7073,1132.65,2557,2702.0, 38.20,2026-04-28
PTL, EQ, 28-Apr-2026,39.39,39.39,39.78,39.16,39.75,39.75,39.54,29091,11.5,393,21902.0, 75.29,2026-04-28
PULZ, SM, 28-Apr-2026,25.1,25.95,25.95,25.95,25.95,25.95,25.95,2000,0.52,1,2000.0, 100.00,2026-04-28
PUNJABCHEM, EQ, 28-Apr-2026,1060.2,1052.95,1111.05,1052.95,1092.5,1097.8,1092.07,11363,124.09,958,6873.0, 60.49,2026-04-28
PURPLEUTED, SM, 28-Apr-2026,285.7,294.0,294.0,277.0,285.0,281.45,282.76,37750,106.74,118,33750.0, 89.40,2026-04-28
PURVA, EQ, 28-Apr-2026,218.32,218.3,221.06,214.42,216.0,215.76,217.57,190522,414.52,6253,75857.0, 39.82,2026-04-28
PURVFLEXI, ST, 28-Apr-2026,62.35,65.3,65.35,65.3,65.35,65.35,65.31,3200,2.09,4,3200.0, 100.00,2026-04-28
PUSHPA, SM, 28-Apr-2026,128.5,129.0,130.0,128.85,128.85,128.85,129.17,5000,6.46,5,4000.0, 80.00,2026-04-28
PVP, EQ, 28-Apr-2026,33.94,33.62,34.3,32.05,32.45,32.43,33.46,9616785,3217.95,13770,1485470.0, 15.45,2026-04-28
PVRINOX, EQ, 28-Apr-2026,1018.9,1025.2,1079.9,1025.0,1057.0,1051.75,1057.13,853039,9017.73,33061,373868.0, 43.83,2026-04-28
PVSL, EQ, 28-Apr-2026,103.56,104.07,105.0,101.5,103.5,102.87,102.76,34558,35.51,785,21191.0, 61.32,2026-04-28
PVTBANIETF, EQ, 28-Apr-2026,26.94,26.65,26.99,26.52,26.64,26.62,26.76,1199013,320.91,1586,1043156.0, 87.00,2026-04-28
PVTBANKADD, EQ, 28-Apr-2026,27.09,26.9,27.14,26.69,26.9,26.78,26.89,56732,15.26,218,29815.0, 52.55,2026-04-28
PWL, EQ, 28-Apr-2026,107.31,107.9,108.83,106.0,106.5,106.32,107.13,1778296,1905.07,20993,689691.0, 38.78,2026-04-28
PYRAMID, EQ, 28-Apr-2026,178.09,181.79,181.96,172.0,173.81,172.79,173.85,19734,34.31,525,14328.0, 72.61,2026-04-28
QGOLDHALF, EQ, 28-Apr-2026,124.65,124.84,124.84,122.7,122.75,122.81,123.27,42544,52.45,914,21040.0, 49.45,2026-04-28
QNIFTY, EQ, 28-Apr-2026,263.37,263.99,264.6,262.2,262.6,262.23,262.57,2096,5.5,59,1712.0, 81.68,2026-04-28
QPOWER, EQ, 28-Apr-2026,1398.7,1398.7,1441.0,1365.4,1390.0,1378.8,1405.9,926835,13030.41,31363,314210.0, 33.90,2026-04-28
QUADFUTURE, EQ, 28-Apr-2026,317.55,317.2,322.0,313.55,315.0,314.65,317.22,101255,321.21,2858,40499.0, 40.00,2026-04-28
QUAL30IETF, EQ, 28-Apr-2026,20.78,20.81,20.93,20.71,20.93,20.75,20.79,47786,9.93,184,25683.0, 53.75,2026-04-28
QUALITY30, EQ, 28-Apr-2026,20.41,20.45,20.59,20.31,20.59,20.39,20.41,14033,2.86,26,5497.0, 39.17,2026-04-28
QUESS, EQ, 28-Apr-2026,198.76,200.5,204.9,199.22,200.0,199.84,201.41,214872,432.78,4780,105235.0, 48.98,2026-04-28
QUESTLAB, ST, 28-Apr-2026,131.9,138.45,138.45,138.45,138.45,138.45,138.45,36000,49.84,27,36000.0, 100.00,2026-04-28
QUICKHEAL, EQ, 28-Apr-2026,167.97,169.65,170.39,166.86,167.0,167.62,168.07,149510,251.29,1600,77502.0, 51.84,2026-04-28
QUICKTOUCH, SM, 28-Apr-2026,29.2,27.8,28.95,27.75,27.75,27.75,28.04,9500,2.66,18,7000.0, 73.68,2026-04-28
QUINT, EQ, 28-Apr-2026,38.95,39.5,41.45,39.5,39.85,39.5,39.52,195,0.08,15,169.0, 86.67,2026-04-28
QVCEL, SM, 28-Apr-2026,27.5,26.5,28.4,26.5,28.2,28.2,27.7,4800,1.33,3,4800.0, 100.00,2026-04-28
RACE, BE, 28-Apr-2026,125.15,126.87,128.8,124.0,127.9,127.24,126.37,2322,2.93,53,, -,2026-04-28
RACLGEAR, EQ, 28-Apr-2026,1289.4,1291.5,1291.5,1262.7,1270.4,1271.4,1271.61,10012,127.31,1030,5423.0, 54.17,2026-04-28
RADAAN, EQ, 28-Apr-2026,3.36,3.49,3.49,3.26,3.27,3.3,3.34,46524,1.55,121,33681.0, 72.39,2026-04-28
RADHIKAJWE, EQ, 28-Apr-2026,66.0,65.34,66.79,65.1,65.1,65.45,65.73,126108,82.89,1445,64474.0, 51.13,2026-04-28
RADIANTCMS, EQ, 28-Apr-2026,42.29,42.2,42.9,41.81,42.65,42.63,42.15,169955,71.63,898,127284.0, 74.89,2026-04-28
RADICO, EQ, 28-Apr-2026,3315.4,3355.0,3419.6,3288.6,3403.0,3399.2,3369.31,627277,21134.88,45155,336184.0, 53.59,2026-04-28
RADIOCITY, BE, 28-Apr-2026,6.09,6.15,6.15,6.0,6.11,6.13,6.02,23460,1.41,49,, -,2026-04-28
RADIOWALLA, SM, 28-Apr-2026,35.35,33.7,34.5,33.7,34.5,34.5,34.13,4800,1.64,3,3200.0, 66.67,2026-04-28
RAILTEL, EQ, 28-Apr-2026,323.8,327.5,338.76,327.5,331.1,332.3,333.54,4289730,14308.11,50495,640704.0, 14.94,2026-04-28
RAIN, EQ, 28-Apr-2026,131.04,131.1,133.9,130.5,131.47,131.58,132.38,1909291,2527.45,9222,932999.0, 48.87,2026-04-28
RAINBOW, EQ, 28-Apr-2026,1254.4,1258.0,1268.5,1227.2,1248.8,1241.9,1242.38,129683,1611.15,12179,61416.0, 47.36,2026-04-28
RAJESHEXPO, BZ, 28-Apr-2026,128.35,129.99,131.99,125.0,127.48,127.07,128.12,110453,141.51,1607,, -,2026-04-28
RAJINDLTD, SM, 28-Apr-2026,79.25,79.3,81.75,79.15,79.15,79.15,80.38,12000,9.65,8,7500.0, 62.50,2026-04-28
RAJMET, BE, 28-Apr-2026,3.99,3.96,4.09,3.92,4.0,3.99,4.0,170252,6.8,559,, -,2026-04-28
RAJOOENG, EQ, 28-Apr-2026,71.24,72.31,73.11,70.5,70.95,70.91,71.52,435643,311.59,2834,252114.0, 57.87,2026-04-28
RAJPALAYAM, EQ, 28-Apr-2026,774.05,765.0,820.0,765.0,802.2,813.85,795.63,1764,14.03,144,1421.0, 80.56,2026-04-28
RAJPUTANA, SM, 28-Apr-2026,239.0,244.9,244.9,234.05,234.05,234.05,237.67,1500,3.57,3,1000.0, 66.67,2026-04-28
RAJRATAN, EQ, 28-Apr-2026,437.45,438.0,455.0,435.75,438.0,439.5,446.14,152273,679.34,4944,73929.0, 48.55,2026-04-28
RAJRILTD, BE, 28-Apr-2026,21.45,21.74,21.74,21.11,21.55,21.2,21.36,2186,0.47,74,, -,2026-04-28
RAJSREESUG, EQ, 28-Apr-2026,34.05,35.5,35.5,33.3,33.3,33.38,34.06,37644,12.82,745,18893.0, 50.19,2026-04-28
RAJTV, EQ, 28-Apr-2026,23.61,23.89,23.89,23.23,23.72,23.62,23.58,11636,2.74,98,8353.0, 71.79,2026-04-28
RALLIS, EQ, 28-Apr-2026,261.27,270.0,283.0,260.0,261.75,261.45,270.55,4806315,13003.65,69855,881476.0, 18.34,2026-04-28
RAMANEWS, EQ, 28-Apr-2026,31.89,32.09,32.15,31.5,31.51,31.53,31.76,14862,4.72,217,11230.0, 75.56,2026-04-28
RAMAPHO, EQ, 28-Apr-2026,136.32,137.0,139.47,135.0,136.1,136.69,136.66,36768,50.25,646,18303.0, 49.78,2026-04-28
RAMASTEEL, EQ, 28-Apr-2026,5.8,5.78,5.91,5.7,5.9,5.88,5.85,6276459,367.24,5621,3521728.0, 56.11,2026-04-28
RAMCOCEM, EQ, 28-Apr-2026,966.4,966.4,985.85,945.05,964.0,956.8,964.04,238011,2294.51,15264,67078.0, 28.18,2026-04-28
RAMCOIND, EQ, 28-Apr-2026,269.48,271.2,273.0,268.25,268.25,269.59,270.75,32301,87.45,793,23701.0, 73.38,2026-04-28
RAMCOSYS, EQ, 28-Apr-2026,426.7,426.5,429.5,418.0,421.9,419.65,423.36,27304,115.59,1332,13912.0, 50.95,2026-04-28
RAMKY, EQ, 28-Apr-2026,509.5,512.0,527.0,502.35,513.0,511.75,513.63,149602,768.4,2234,52642.0, 35.19,2026-04-28
RAMRAT, EQ, 28-Apr-2026,426.55,429.95,450.0,427.45,433.1,436.55,439.29,607309,2667.82,15207,208472.0, 34.33,2026-04-28
RANASUG, EQ, 28-Apr-2026,13.42,13.6,13.63,13.0,13.3,13.27,13.34,229996,30.68,1115,147202.0, 64.00,2026-04-28
RANEHOLDIN, EQ, 28-Apr-2026,1125.9,1123.95,1130.0,1101.0,1115.0,1119.15,1114.95,10647,118.71,1148,5099.0, 47.89,2026-04-28
RAPPID, SM, 28-Apr-2026,273.05,276.0,276.0,276.0,276.0,276.0,276.0,600,1.66,1,600.0, 100.00,2026-04-28
RATEGAIN, EQ, 28-Apr-2026,592.5,588.7,596.4,576.9,585.0,588.4,588.04,618644,3637.88,9938,430714.0, 69.62,2026-04-28
RATNAMANI, EQ, 28-Apr-2026,2693.9,2698.8,2783.4,2644.3,2687.0,2676.3,2726.08,91189,2485.88,9922,47148.0, 51.70,2026-04-28
RATNAVEER, EQ, 28-Apr-2026,157.1,159.7,162.8,157.26,160.23,160.63,159.74,1310577,2093.5,9370,524498.0, 40.02,2026-04-28
RAYMOND, EQ, 28-Apr-2026,461.1,464.85,483.4,462.4,470.0,471.85,474.0,823203,3901.99,18261,269268.0, 32.71,2026-04-28
RAYMONDLSL, EQ, 28-Apr-2026,812.0,809.0,819.0,802.05,810.7,810.45,811.0,61452,498.38,4886,23323.0, 37.95,2026-04-28
RAYMONDREL, EQ, 28-Apr-2026,436.55,437.0,437.05,425.5,428.0,427.9,431.88,277812,1199.81,5119,159957.0, 57.58,2026-04-28
RBA, EQ, 28-Apr-2026,64.14,64.5,64.5,64.0,64.0,64.09,64.14,450786,289.13,2226,301026.0, 66.78,2026-04-28
RBLBANK, EQ, 28-Apr-2026,312.8,310.0,327.95,310.0,321.05,320.75,322.35,13444619,43338.82,75669,4562755.0, 33.94,2026-04-28
RBMINFRA, SM, 28-Apr-2026,421.35,421.3,421.3,408.0,411.0,411.2,414.93,63600,263.9,49,58600.0, 92.14,2026-04-28
RBS, ST, 28-Apr-2026,105.5,104.0,107.0,104.0,105.0,105.0,105.27,8800,9.26,11,7200.0, 81.82,2026-04-28
RBZJEWEL, EQ, 28-Apr-2026,140.52,143.25,143.25,139.01,140.0,140.3,140.48,26071,36.62,745,14517.0, 55.68,2026-04-28
RCF, EQ, 28-Apr-2026,130.8,131.0,132.84,129.68,130.2,130.26,131.02,1013349,1327.68,9668,353891.0, 34.92,2026-04-28
RCOM, BE, 28-Apr-2026,0.97,0.97,1.01,0.96,1.0,0.99,1.0,2883017,28.7,1922,, -,2026-04-28
READYMIX, SM, 28-Apr-2026,90.4,90.65,90.65,88.0,89.8,89.8,89.73,6000,5.38,6,6000.0, 100.00,2026-04-28
RECLTD, EQ, 28-Apr-2026,378.05,377.0,383.5,371.5,373.75,375.8,377.68,10991705,41513.37,121710,5648087.0, 51.38,2026-04-28
REDINGTON, EQ, 28-Apr-2026,219.02,219.65,220.75,214.01,215.34,214.97,216.19,3420795,7395.46,45626,1801573.0, 52.67,2026-04-28
REDTAPE, EQ, 28-Apr-2026,130.72,130.65,131.69,128.5,130.01,129.93,130.15,198886,258.86,4340,104175.0, 52.38,2026-04-28
REFEX, EQ, 28-Apr-2026,256.32,257.99,272.3,256.4,266.0,265.88,266.49,1469433,3915.96,16384,450617.0, 30.67,2026-04-28
REFRACTORY, SM, 28-Apr-2026,40.95,41.0,41.0,41.0,41.0,41.0,41.0,1000,0.41,1,1000.0, 100.00,2026-04-28
REGAAL, EQ, 28-Apr-2026,87.09,87.09,87.57,85.0,85.68,85.58,85.97,193575,166.42,1541,115793.0, 59.82,2026-04-28
REGENCERAM, EQ, 28-Apr-2026,46.47,46.0,46.84,44.41,44.65,45.32,45.38,374,0.17,45,196.0, 52.41,2026-04-28
RELAXO, EQ, 28-Apr-2026,308.29,309.29,311.14,302.16,302.9,304.34,304.65,97879,298.19,5995,50116.0, 51.20,2026-04-28
RELCHEMQ, EQ, 28-Apr-2026,118.96,121.99,123.66,115.01,116.0,115.98,118.13,10377,12.26,227,7401.0, 71.32,2026-04-28
RELIABLE, EQ, 28-Apr-2026,131.13,138.8,138.8,131.02,132.19,131.21,132.53,9922,13.15,334,5246.0, 52.87,2026-04-28
RELIANCE, EQ, 28-Apr-2026,1365.8,1358.0,1395.2,1357.0,1393.0,1388.9,1380.39,41027699,566343.61,371160,26885393.0, 65.53,2026-04-28
RELIGARE, EQ, 28-Apr-2026,223.01,223.7,228.0,222.0,225.3,226.69,225.01,2082981,4687.01,16929,1120558.0, 53.80,2026-04-28
RELTD, EQ, 28-Apr-2026,149.9,150.0,152.6,148.0,149.4,149.13,150.47,137227,206.48,2692,80404.0, 58.59,2026-04-28
REMSONSIND, EQ, 28-Apr-2026,110.89,109.5,111.5,108.9,110.5,109.93,110.31,70443,77.7,1113,41116.0, 58.37,2026-04-28
REMUS, SM, 28-Apr-2026,632.6,640.0,679.0,640.0,658.0,658.0,657.01,6400,42.05,52,4600.0, 71.88,2026-04-28
RENUKA, EQ, 28-Apr-2026,28.03,28.05,28.22,27.55,27.7,27.64,27.84,5135536,1429.78,8861,1955499.0, 38.08,2026-04-28
REPCOHOME, EQ, 28-Apr-2026,414.7,416.4,419.0,407.5,409.25,409.05,412.4,61622,254.13,2271,31955.0, 51.86,2026-04-28
REPL, BE, 28-Apr-2026,80.96,80.96,81.0,80.05,80.05,80.05,80.85,2232,1.8,35,, -,2026-04-28
REPRO, EQ, 28-Apr-2026,351.85,351.0,362.0,351.0,357.55,358.35,358.17,14919,53.44,688,8508.0, 57.03,2026-04-28
RESPONIND, EQ, 28-Apr-2026,155.7,157.26,161.0,154.2,157.89,158.99,156.78,86438,135.52,1045,19944.0, 23.07,2026-04-28
RETAIL, EQ, 28-Apr-2026,20.24,20.62,20.62,19.38,20.47,20.32,20.13,1427,0.29,63,1375.0, 96.36,2026-04-28
REXPIPES, SM, 28-Apr-2026,194.9,190.0,193.4,190.0,193.4,193.4,192.71,14000,26.98,7,14000.0, 100.00,2026-04-28
RGL, EQ, 28-Apr-2026,103.45,103.0,103.28,99.57,100.05,100.28,100.97,276023,278.7,2805,135911.0, 49.24,2026-04-28
RHETAN, EQ, 28-Apr-2026,29.09,29.01,30.0,29.0,29.15,29.55,29.67,2562813,760.5,4087,1067315.0, 41.65,2026-04-28
RHIM, EQ, 28-Apr-2026,411.2,411.95,414.3,407.8,408.3,409.65,410.74,46845,192.41,2991,22737.0, 48.54,2026-04-28
RHL, EQ, 28-Apr-2026,187.2,184.31,186.95,180.76,183.0,182.91,182.55,4695,8.57,59,3903.0, 83.13,2026-04-28
RICHA, SM, 28-Apr-2026,60.35,62.85,65.9,62.05,65.9,63.6,63.01,166000,104.6,39,164000.0, 98.80,2026-04-28
RICOAUTO, EQ, 28-Apr-2026,116.42,116.4,116.88,113.83,114.59,114.52,115.07,524969,604.09,4401,241083.0, 45.92,2026-04-28
RIIL, EQ, 28-Apr-2026,799.75,790.0,805.0,790.0,795.9,795.95,797.6,79924,637.47,3786,16541.0, 20.70,2026-04-28
RIIT, IV, 28-Apr-2026,110.89,110.51,110.88,110.2,110.55,110.51,110.51,868457,959.71,1232,827615.0, 95.30,2026-04-28
RILINFRA, SM, 28-Apr-2026,34.15,34.5,34.5,34.0,34.0,34.0,34.29,7200,2.47,37,5500.0, 76.39,2026-04-28
RISHABH, EQ, 28-Apr-2026,491.3,494.8,496.0,475.0,476.6,477.2,480.65,83315,400.45,2658,45008.0, 54.02,2026-04-28
RITCO, EQ, 28-Apr-2026,217.51,215.33,218.68,212.5,212.7,213.07,214.46,21064,45.17,580,13009.0, 61.76,2026-04-28
RITES, EQ, 28-Apr-2026,222.38,223.45,224.95,220.66,222.76,222.1,222.65,415583,925.31,9162,175750.0, 42.29,2026-04-28
RITEZONE, SM, 28-Apr-2026,22.3,22.7,23.4,22.7,23.4,23.4,23.31,16000,3.73,8,16000.0, 100.00,2026-04-28
RKDL, EQ, 28-Apr-2026,21.73,21.77,23.95,21.3,22.36,22.16,22.67,80433,18.23,471,30418.0, 37.82,2026-04-28
RKEC, EQ, 28-Apr-2026,36.48,36.11,37.06,35.23,35.3,35.83,36.21,32160,11.65,489,21288.0, 66.19,2026-04-28
RKFORGE, EQ, 28-Apr-2026,563.2,565.0,617.75,565.0,603.0,602.3,594.9,4577553,27231.94,80933,1709056.0, 37.34,2026-04-28
RKSWAMY, EQ, 28-Apr-2026,86.87,90.0,90.0,84.8,85.96,85.44,86.45,92117,79.64,1060,71704.0, 77.84,2026-04-28
RMC, BE, 28-Apr-2026,496.85,499.9,515.0,476.35,494.9,494.65,496.68,7040,34.97,158,, -,2026-04-28
RMDRIP, EQ, 28-Apr-2026,18.91,19.85,19.85,19.85,19.85,19.85,19.85,332247,65.95,465,274721.0, 82.69,2026-04-28
RML, EQ, 28-Apr-2026,774.45,779.1,782.0,768.0,768.2,769.65,772.56,9074,70.1,915,5970.0, 65.79,2026-04-28
RNBDENIMS, BE, 28-Apr-2026,14.03,14.73,14.73,13.51,14.73,14.73,14.53,2047746,297.58,2503,, -,2026-04-28
RNFI, SM, 28-Apr-2026,274.8,274.95,279.0,270.0,276.95,276.65,273.31,30600,83.63,37,18000.0, 58.82,2026-04-28
RNPL, SM, 28-Apr-2026,138.0,138.0,139.0,134.0,138.75,138.75,137.59,14400,19.81,6,13200.0, 91.67,2026-04-28
ROCKINGDCE, SM, 28-Apr-2026,195.0,204.0,212.85,196.0,202.0,202.0,201.69,6500,13.11,22,5500.0, 84.62,2026-04-28
ROHLTD, EQ, 28-Apr-2026,348.05,347.05,356.9,338.35,339.45,339.7,343.69,53380,183.46,1425,34924.0, 65.43,2026-04-28
ROLEXRINGS, EQ, 28-Apr-2026,148.23,149.99,153.0,148.19,148.99,149.14,150.3,3369584,5064.48,22022,708997.0, 21.04,2026-04-28
ROLLT, EQ, 28-Apr-2026,1.67,1.66,1.75,1.59,1.75,1.75,1.71,1062464,18.16,438,846605.0, 79.68,2026-04-28
ROML, EQ, 28-Apr-2026,45.85,46.84,46.88,44.52,44.87,44.92,45.97,3187,1.47,74,2652.0, 83.21,2026-04-28
ROSSARI, EQ, 28-Apr-2026,504.2,504.0,504.0,464.4,470.05,468.95,479.89,1000475,4801.22,29895,415672.0, 41.55,2026-04-28
ROSSELLIND, EQ, 28-Apr-2026,55.84,56.1,57.29,55.5,56.15,56.11,56.18,26942,15.14,379,20540.0, 76.24,2026-04-28
ROSSTECH, EQ, 28-Apr-2026,992.2,1007.05,1049.85,981.1,1020.0,1020.2,1019.27,230292,2347.3,10369,98717.0, 42.87,2026-04-28
ROTO, EQ, 28-Apr-2026,60.41,60.95,61.59,59.47,60.2,59.95,60.47,424719,256.84,3312,123325.0, 29.04,2026-04-28
ROUTE, EQ, 28-Apr-2026,531.6,537.4,539.05,523.0,530.1,530.0,528.56,230300,1217.28,7108,108336.0, 47.04,2026-04-28
ROXHITECH, ST, 28-Apr-2026,36.45,36.45,37.9,36.45,36.75,36.75,37.14,11200,4.16,7,9600.0, 85.71,2026-04-28
ROYALARC, SM, 28-Apr-2026,153.05,163.0,164.0,160.0,160.0,162.5,162.86,8400,13.68,7,7200.0, 85.71,2026-04-28
RPEL, EQ, 28-Apr-2026,685.15,685.0,713.5,682.6,692.2,701.9,701.33,106947,750.05,2963,66847.0, 62.50,2026-04-28
RPGLIFE, EQ, 28-Apr-2026,2011.8,2016.8,2074.9,2016.8,2036.9,2045.8,2053.12,16695,342.77,2109,9371.0, 56.13,2026-04-28
RPOWER, EQ, 28-Apr-2026,29.42,29.5,30.17,29.34,29.6,29.55,29.68,50367662,14949.4,58214,13064715.0, 25.94,2026-04-28
RPPINFRA, EQ, 28-Apr-2026,81.81,81.22,82.09,79.95,80.1,80.28,80.87,26353,21.31,602,15015.0, 56.98,2026-04-28
RPPL, EQ, 28-Apr-2026,16.04,16.2,16.2,15.91,16.05,16.0,16.03,43038,6.9,183,33174.0, 77.08,2026-04-28
RPSGVENT, EQ, 28-Apr-2026,846.05,847.95,884.4,811.8,816.1,816.25,834.02,117402,979.16,4738,34005.0, 28.96,2026-04-28
RPTECH, EQ, 28-Apr-2026,472.3,479.9,498.0,476.75,488.65,487.65,491.03,350075,1718.97,9757,157139.0, 44.89,2026-04-28
RRIL, EQ, 28-Apr-2026,16.45,16.8,17.2,16.5,17.2,17.15,16.79,14254,2.39,63,8726.0, 61.22,2026-04-28
RRKABEL, EQ, 28-Apr-2026,1508.5,1514.9,1620.0,1504.6,1600.0,1609.0,1589.74,1843005,29299.08,90730,559558.0, 30.36,2026-04-28
RSDFIN, EQ, 28-Apr-2026,81.9,81.95,90.0,81.95,88.9,88.9,86.03,388,0.33,17,236.0, 60.82,2026-04-28
RSL, EQ, 28-Apr-2026,133.41,135.0,142.92,134.5,138.0,137.65,139.02,2358306,3278.56,10767,1414454.0, 59.98,2026-04-28
RSSOFTWARE, BE, 28-Apr-2026,42.73,40.6,44.35,40.6,43.0,42.79,41.84,86588,36.23,423,, -,2026-04-28
RSWM, EQ, 28-Apr-2026,161.11,160.79,168.95,160.21,162.5,163.1,165.33,73211,121.04,1164,45054.0, 61.54,2026-04-28
RSYSTEMS, EQ, 28-Apr-2026,271.46,272.0,275.47,267.55,268.0,267.83,269.58,133351,359.49,4063,82863.0, 62.14,2026-04-28
RTL, ST, 28-Apr-2026,86.5,86.9,89.5,86.9,89.5,89.5,87.77,6000,5.27,3,6000.0, 100.00,2026-04-28
RTNINDIA, EQ, 28-Apr-2026,36.13,36.35,36.79,35.71,35.81,35.9,36.1,4095275,1478.54,19623,1614743.0, 39.43,2026-04-28
RTNPOWER, EQ, 28-Apr-2026,10.15,10.14,10.41,10.01,10.19,10.16,10.22,33003103,3371.73,21354,9398111.0, 28.48,2026-04-28
RUBFILA, EQ, 28-Apr-2026,74.82,74.29,74.9,73.0,73.01,73.1,73.95,11568,8.55,483,6746.0, 58.32,2026-04-28
RUBICON, EQ, 28-Apr-2026,958.75,966.15,980.0,950.0,957.25,954.7,960.56,138656,1331.87,8645,55860.0, 40.29,2026-04-28
RUBYMILLS, EQ, 28-Apr-2026,232.21,235.0,239.8,232.01,239.0,237.15,235.56,14064,33.13,267,11691.0, 83.13,2026-04-28
RUCHINFRA, EQ, 28-Apr-2026,6.22,6.49,6.55,6.3,6.47,6.48,6.45,219923,14.18,365,168279.0, 76.52,2026-04-28
RUCHIRA, EQ, 28-Apr-2026,118.19,118.95,119.84,117.0,117.85,117.96,118.38,12976,15.36,407,6393.0, 49.27,2026-04-28
RUDRA, BE, 28-Apr-2026,21.96,21.32,21.96,20.87,21.5,21.75,21.44,31759,6.81,146,, -,2026-04-28
RULKA, SM, 28-Apr-2026,109.6,109.6,110.5,105.0,105.0,105.9,107.93,3000,3.24,10,3000.0, 100.00,2026-04-28
RUPA, EQ, 28-Apr-2026,155.91,156.68,159.84,151.55,151.6,152.51,155.06,302060,468.37,3756,142781.0, 47.27,2026-04-28
RUSHIL, EQ, 28-Apr-2026,17.15,17.16,17.17,15.88,16.91,17.06,16.71,677877,113.28,1233,340953.0, 50.30,2026-04-28
RUSTOMJEE, EQ, 28-Apr-2026,395.75,399.65,400.0,393.5,399.6,396.75,396.72,19273,76.46,1400,10571.0, 54.85,2026-04-28
RVHL, EQ, 28-Apr-2026,41.19,42.74,43.49,41.1,42.99,42.92,42.81,34581,14.8,180,31669.0, 91.58,2026-04-28
RVNL, EQ, 28-Apr-2026,305.95,306.0,311.0,305.2,309.0,308.63,307.99,5498448,16934.84,37812,1678821.0, 30.53,2026-04-28
RVTH, EQ, 28-Apr-2026,614.75,614.1,619.0,609.0,610.0,610.4,612.77,315,1.93,45,218.0, 69.21,2026-04-28
S&SPOWER, BE, 28-Apr-2026,423.8,435.15,444.95,412.5,425.0,423.8,423.23,1626,6.88,66,, -,2026-04-28
SAAKSHI, SM, 28-Apr-2026,207.95,208.0,214.9,207.95,210.6,210.7,210.77,22800,48.06,36,16800.0, 73.68,2026-04-28
SAATVIKGL, EQ, 28-Apr-2026,486.55,495.0,499.2,476.0,482.0,480.7,484.75,188146,912.04,5148,84887.0, 45.12,2026-04-28
SACHEEROME, SM, 28-Apr-2026,350.0,350.0,352.9,342.1,346.85,345.8,346.84,21600,74.92,26,15000.0, 69.44,2026-04-28
SADBHAV, BE, 28-Apr-2026,10.18,9.98,9.98,9.98,9.98,9.98,9.98,19536,1.95,47,, -,2026-04-28
SADBHIN, EQ, 28-Apr-2026,2.82,2.82,2.91,2.81,2.83,2.85,2.86,154120,4.4,241,66584.0, 43.20,2026-04-28
SADHAV, SM, 28-Apr-2026,119.1,115.0,119.8,113.05,116.45,114.9,116.33,8400,9.77,11,6600.0, 78.57,2026-04-28
SADHNANIQ, BE, 28-Apr-2026,2.37,2.41,2.41,2.26,2.29,2.26,2.27,6217112,140.9,1640,, -,2026-04-28
SAFARI, EQ, 28-Apr-2026,1472.1,1483.4,1483.4,1442.3,1461.9,1458.8,1463.65,107120,1567.86,11612,68706.0, 64.14,2026-04-28
SAFEENTP, SM, 28-Apr-2026,245.2,245.3,248.0,238.05,238.05,240.9,243.97,15000,36.59,29,11500.0, 76.67,2026-04-28
SAGARDEEP, EQ, 28-Apr-2026,25.01,24.99,24.99,24.55,24.96,24.96,24.74,5817,1.44,63,5289.0, 90.92,2026-04-28
SAGCEM, EQ, 28-Apr-2026,185.81,185.0,186.7,182.49,184.35,183.24,184.51,26406,48.72,716,15654.0, 59.28,2026-04-28
SAGILITY, EQ, 28-Apr-2026,42.1,41.7,42.22,41.1,41.44,41.27,41.62,10519463,4378.41,24967,5939729.0, 56.46,2026-04-28
SAHAJSOLAR, SM, 28-Apr-2026,157.1,157.45,159.4,152.9,153.55,153.35,156.03,10000,15.6,24,6800.0, 68.00,2026-04-28
SAHANA, SM, 28-Apr-2026,867.05,863.3,863.5,853.0,853.0,853.0,860.09,4000,34.4,30,2750.0, 68.75,2026-04-28
SAHASRA, SM, 28-Apr-2026,307.7,314.95,314.95,296.15,299.0,300.7,302.5,52400,158.51,125,33200.0, 63.36,2026-04-28
SAHLIBHFI, EQ, 28-Apr-2026,80.79,80.79,81.79,78.03,80.7,80.62,80.04,9802,7.85,164,7650.0, 78.05,2026-04-28
SAHYADRI, EQ, 28-Apr-2026,252.31,252.5,269.0,252.5,255.06,259.26,260.6,8961,23.35,223,7274.0, 81.17,2026-04-28
SAIFL, SM, 28-Apr-2026,9.0,8.95,9.05,8.4,8.5,8.55,8.63,1232000,106.27,162,1084000.0, 87.99,2026-04-28
SAIL, EQ, 28-Apr-2026,184.2,184.2,189.1,183.91,186.0,185.63,186.31,26454300,49287.14,86784,10606144.0, 40.09,2026-04-28
SAILIFE, EQ, 28-Apr-2026,1067.3,1067.65,1078.35,1044.0,1044.5,1047.95,1060.18,281352,2982.83,17201,135137.0, 48.03,2026-04-28
SAIPARENT, EQ, 28-Apr-2026,485.2,481.6,492.0,480.95,489.5,482.55,483.95,159329,771.07,1887,128264.0, 80.50,2026-04-28
SAJHOTELS, SM, 28-Apr-2026,46.95,49.0,49.0,44.05,44.05,44.05,47.34,12000,5.68,6,6000.0, 50.00,2026-04-28
SAKAR, EQ, 28-Apr-2026,626.25,616.0,658.0,607.15,651.15,652.1,635.43,68052,432.42,2815,33988.0, 49.94,2026-04-28
SAKHTISUG, EQ, 28-Apr-2026,18.17,18.17,18.49,17.82,18.0,17.99,18.17,56127,10.2,397,32622.0, 58.12,2026-04-28
SAKSOFT, EQ, 28-Apr-2026,144.44,144.46,146.19,141.5,144.0,142.72,143.02,119143,170.4,2507,61908.0, 51.96,2026-04-28
SAKUMA, BE, 28-Apr-2026,1.92,1.95,1.95,1.91,1.95,1.94,1.94,779181,15.14,720,, -,2026-04-28
SALASAR, EQ, 28-Apr-2026,7.47,7.49,7.76,7.49,7.52,7.51,7.58,4472605,338.96,4225,1770881.0, 39.59,2026-04-28
SALONA, EQ, 28-Apr-2026,274.6,274.6,283.9,265.0,269.0,266.6,267.35,2840,7.59,153,1245.0, 43.84,2026-04-28
SALSTEEL, EQ, 28-Apr-2026,57.79,58.95,59.0,57.8,58.95,58.71,58.62,157240,92.17,759,70482.0, 44.82,2026-04-28
SALZERELEC, EQ, 28-Apr-2026,642.6,640.5,657.0,638.05,649.0,646.25,648.5,32536,211.0,1545,16351.0, 50.26,2026-04-28
SAMAY, SM, 28-Apr-2026,41.0,42.9,42.9,42.9,42.9,42.9,42.9,4000,1.72,1,4000.0, 100.00,2026-04-28
SAMBHAAV, BE, 28-Apr-2026,7.02,6.76,7.3,6.7,6.75,6.75,6.85,39692,2.72,76,, -,2026-04-28
SAMBHV, EQ, 28-Apr-2026,122.6,122.6,125.9,119.5,120.6,120.31,122.12,1107824,1352.88,8032,516249.0, 46.60,2026-04-28
SAMHI, EQ, 28-Apr-2026,163.93,163.93,164.94,157.68,159.8,159.58,160.47,882691,1416.42,10385,468033.0, 53.02,2026-04-28
SAMMAANCAP, EQ, 28-Apr-2026,143.4,143.0,146.11,142.21,143.06,143.36,143.75,16971332,24396.73,31446,7703634.0, 45.39,2026-04-28
SAMPANN, EQ, 28-Apr-2026,29.1,30.6,30.61,28.1,28.67,28.31,28.82,106409,30.67,712,66969.0, 62.94,2026-04-28
SANATHAN, EQ, 28-Apr-2026,461.25,462.0,480.0,459.25,465.25,466.1,468.38,60337,282.61,1333,39178.0, 64.93,2026-04-28
SANCO, BZ, 28-Apr-2026,2.6,2.6,2.72,2.47,2.5,2.5,2.56,4148,0.11,18,, -,2026-04-28
SANDESH, EQ, 28-Apr-2026,999.8,1010.0,1033.0,1009.4,1022.0,1019.05,1022.63,567,5.8,128,412.0, 72.66,2026-04-28
SANDHAR, EQ, 28-Apr-2026,504.4,504.4,512.7,499.0,501.0,503.3,505.42,95551,482.93,4115,45531.0, 47.65,2026-04-28
SANDUMA, EQ, 28-Apr-2026,216.26,217.2,223.44,216.0,217.0,216.75,219.83,2009538,4417.5,23866,674603.0, 33.57,2026-04-28
SANGAMIND, EQ, 28-Apr-2026,527.7,531.65,534.7,512.1,515.25,515.35,522.17,52318,273.19,2277,23040.0, 44.04,2026-04-28
SANGHVIMOV, EQ, 28-Apr-2026,303.76,303.0,306.8,298.95,301.19,302.62,302.08,156485,472.71,4135,74670.0, 47.72,2026-04-28
SANGINITA, BE, 28-Apr-2026,20.65,20.24,20.24,20.24,20.24,20.24,20.24,63542,12.86,33,, -,2026-04-28
SANOFI, EQ, 28-Apr-2026,3431.2,3431.9,3505.5,3431.2,3460.1,3469.3,3474.27,25760,894.97,5853,13210.0, 51.28,2026-04-28
SANOFICONR, EQ, 28-Apr-2026,4646.1,4685.0,4750.1,4630.1,4688.0,4682.5,4680.05,7193,336.64,2060,3673.0, 51.06,2026-04-28
SANSERA, EQ, 28-Apr-2026,2602.4,2610.0,2672.5,2565.5,2589.9,2576.7,2618.3,167535,4386.58,20379,82757.0, 49.40,2026-04-28
SANSTAR, EQ, 28-Apr-2026,88.31,88.31,88.9,86.51,87.03,87.0,87.5,69141,60.5,759,41986.0, 60.73,2026-04-28
SAPPHIRE, EQ, 28-Apr-2026,175.93,174.99,177.68,170.69,174.0,174.3,174.13,1609587,2802.73,32627,189356.0, 11.76,2026-04-28
SAPPL, EQ, 28-Apr-2026,291.85,330.0,330.0,300.0,300.0,300.0,304.2,1323,4.02,62,1074.0, 81.18,2026-04-28
SARDAEN, EQ, 28-Apr-2026,612.7,617.0,624.0,600.0,602.8,602.65,612.9,986537,6046.51,26040,444617.0, 45.07,2026-04-28
SAREGAMA, EQ, 28-Apr-2026,359.7,361.0,364.65,356.15,358.0,358.75,359.54,216039,776.76,8639,108876.0, 50.40,2026-04-28
SARLAPOLY, EQ, 28-Apr-2026,90.08,90.12,91.89,89.28,91.5,91.19,90.74,202700,183.94,2432,116976.0, 57.71,2026-04-28
SAROJA, SM, 28-Apr-2026,32.85,33.0,33.0,33.0,33.0,33.0,33.0,1600,0.53,1,1600.0, 100.00,2026-04-28
SARTELE, SM, 28-Apr-2026,152.95,152.5,156.0,149.0,151.45,150.65,151.79,89500,135.85,174,57000.0, 63.69,2026-04-28
SARVESHWAR, BE, 28-Apr-2026,4.01,4.01,4.06,3.93,4.01,3.98,4.01,1164347,46.67,1481,, -,2026-04-28
SASKEN, EQ, 28-Apr-2026,1294.0,1275.1,1333.9,1275.1,1310.0,1302.2,1312.78,15779,207.14,1222,8091.0, 51.28,2026-04-28
SASTASUNDR, EQ, 28-Apr-2026,270.8,270.8,277.0,268.4,275.05,272.1,271.13,5827,15.8,198,3647.0, 62.59,2026-04-28
SATECH, ST, 28-Apr-2026,44.75,45.2,46.0,45.0,46.0,46.0,45.69,8000,3.66,8,8000.0, 100.00,2026-04-28
SATIA, EQ, 28-Apr-2026,70.28,70.28,72.2,69.25,69.7,69.69,70.29,77629,54.57,1003,50063.0, 64.49,2026-04-28
SATIN, EQ, 28-Apr-2026,172.15,170.94,172.5,169.14,171.4,171.32,170.99,241913,413.64,3007,147370.0, 60.92,2026-04-28
SATIPOLY, SM, 28-Apr-2026,34.3,34.15,34.5,34.0,34.5,34.5,34.29,2000,0.69,4,2000.0, 100.00,2026-04-28
SATKARTAR, SM, 28-Apr-2026,202.3,204.8,204.8,197.4,198.05,200.0,201.66,18400,37.11,23,11200.0, 60.87,2026-04-28
SATTVAENGG, SM, 28-Apr-2026,69.1,70.8,75.0,70.8,72.95,72.95,72.89,12800,9.33,8,12800.0, 100.00,2026-04-28
SAURASHCEM, EQ, 28-Apr-2026,62.14,62.16,62.61,60.24,60.6,61.15,61.23,112980,69.18,1246,52163.0, 46.17,2026-04-28
SAVY, SM, 28-Apr-2026,134.1,135.0,136.95,131.95,136.9,135.25,135.2,4800,6.49,4,2400.0, 50.00,2026-04-28
SAWALIYA, SM, 28-Apr-2026,286.35,292.95,294.5,292.0,292.0,292.0,293.53,9600,28.18,15,3600.0, 37.50,2026-04-28
SAYAJIHOTL, EQ, 28-Apr-2026,288.0,276.35,276.35,276.3,276.3,276.3,276.33,2,0.01,2,1.0, 50.00,2026-04-28
SBC, EQ, 28-Apr-2026,33.29,33.23,33.69,33.1,33.34,33.41,33.32,10155859,3384.13,3611,3499382.0, 34.46,2026-04-28
SBCL, EQ, 28-Apr-2026,639.5,635.0,640.8,607.35,621.4,612.8,623.94,520961,3250.5,11417,227322.0, 43.64,2026-04-28
SBFC, EQ, 28-Apr-2026,94.93,94.93,95.07,93.54,94.5,94.51,94.28,709117,668.56,6500,421954.0, 59.50,2026-04-28
SBGLP, EQ, 28-Apr-2026,26.46,26.66,27.1,26.49,27.1,27.05,26.83,24011,6.44,178,14925.0, 62.16,2026-04-28
SBIBPB, EQ, 28-Apr-2026,50.87,50.98,51.69,49.8,51.69,50.12,50.23,659922,331.47,1298,516693.0, 78.30,2026-04-28
SBICARD, EQ, 28-Apr-2026,670.7,653.1,669.6,646.1,647.8,647.45,656.12,5814209,38148.08,107851,2685348.0, 46.19,2026-04-28
SBIETFCON, EQ, 28-Apr-2026,118.08,118.98,118.98,117.04,117.67,117.51,117.58,13025,15.31,100,11323.0, 86.93,2026-04-28
SBIETFIT, EQ, 28-Apr-2026,323.36,331.44,331.44,319.17,328.0,320.72,321.21,12195,39.17,469,7351.0, 60.28,2026-04-28
SBIETFPB, EQ, 28-Apr-2026,272.6,271.47,272.92,268.21,272.92,268.54,268.73,40106,107.78,149,38149.0, 95.12,2026-04-28
SBIETFQLTY, EQ, 28-Apr-2026,218.67,218.95,219.92,217.94,219.0,218.08,219.01,3387,7.42,63,1930.0, 56.98,2026-04-28
SBILIFE, EQ, 28-Apr-2026,1815.4,1814.6,1824.0,1798.8,1808.6,1808.3,1814.67,1487099,26985.95,103164,1045288.0, 70.29,2026-04-28
SBILIQETF, EQ, 28-Apr-2026,1036.39,1036.61,1036.61,1036.52,1036.53,1036.52,1036.52,205390,2128.91,50,203015.0, 98.84,2026-04-28
SBIMIDMOM, EQ, 28-Apr-2026,61.92,61.93,62.46,61.35,62.03,61.87,61.86,21588,13.36,71,17258.0, 79.94,2026-04-28
SBIN, EQ, 28-Apr-2026,1111.85,1102.3,1110.5,1089.15,1093.4,1091.3,1097.54,10727835,117742.71,177701,4493353.0, 41.88,2026-04-28
SBINEQWETF, EQ, 28-Apr-2026,32.83,32.99,32.99,32.52,32.85,32.65,32.75,44386,14.54,282,24329.0, 54.81,2026-04-28
SBINMID150, EQ, 28-Apr-2026,22.24,22.2,22.5,22.14,22.26,22.22,22.29,54533,12.15,109,32739.0, 60.04,2026-04-28
SBISILVER, EQ, 28-Apr-2026,236.17,235.95,236.1,229.42,229.65,229.73,231.29,2180196,5042.53,12226,1017814.0, 46.68,2026-04-28
SCANSTL, EQ, 28-Apr-2026,38.6,38.5,38.5,34.5,36.85,36.25,36.23,51927,18.81,641,33757.0, 65.01,2026-04-28
SCHAEFFLER, EQ, 28-Apr-2026,4355.0,4376.7,4391.1,4265.0,4282.9,4283.3,4312.64,119331,5146.32,17244,72114.0, 60.43,2026-04-28
SCHAND, EQ, 28-Apr-2026,160.83,161.0,162.98,159.45,160.95,159.81,160.57,18148,29.14,487,8665.0, 47.75,2026-04-28
SCHNEIDER, BE, 28-Apr-2026,1182.0,1187.95,1194.9,1130.0,1158.0,1144.15,1156.5,129611,1498.95,4776,, -,2026-04-28
SCI, EQ, 28-Apr-2026,290.38,290.99,306.6,288.65,306.6,303.1,300.38,15006775,45076.93,98471,4426084.0, 29.49,2026-04-28
SCILAL, EQ, 28-Apr-2026,45.08,45.08,45.69,44.5,44.57,44.72,45.04,247870,111.64,1935,106971.0, 43.16,2026-04-28
SCML, SM, 28-Apr-2026,139.0,139.0,139.0,139.0,139.0,139.0,139.0,3000,4.17,3,3000.0, 100.00,2026-04-28
SCODATUBES, EQ, 28-Apr-2026,150.47,151.5,154.73,147.1,148.9,148.08,150.61,601182,905.44,6936,374225.0, 62.25,2026-04-28
SCPL, BE, 28-Apr-2026,336.35,340.0,353.15,340.0,353.15,353.15,350.81,22443,78.73,277,, -,2026-04-28
SDBL, EQ, 28-Apr-2026,91.16,90.99,91.18,89.1,89.9,89.47,89.92,474858,426.99,4754,265275.0, 55.86,2026-04-28
SDREAMS, SM, 28-Apr-2026,100.0,103.0,103.0,100.55,100.55,100.55,101.78,2000,2.04,2,2000.0, 100.00,2026-04-28
SEAMECLTD, EQ, 28-Apr-2026,1555.5,1555.5,1578.0,1522.2,1547.5,1535.3,1545.09,31202,482.1,3737,15621.0, 50.06,2026-04-28
SECMARK, BE, 28-Apr-2026,115.39,120.95,120.95,115.8,116.0,116.61,117.43,89,0.1,8,, -,2026-04-28
SECURKLOUD, BE, 28-Apr-2026,22.43,22.59,23.24,22.0,22.45,22.48,22.7,7212,1.64,96,, -,2026-04-28
SEDEMAC, EQ, 28-Apr-2026,1891.5,1915.0,1936.9,1866.2,1890.0,1895.5,1906.72,282262,5381.94,25225,141808.0, 50.24,2026-04-28
SEIL, EQ, 28-Apr-2026,194.95,196.75,201.0,191.2,200.0,199.85,199.07,474588,944.75,2538,289252.0, 60.95,2026-04-28
SEJALLTD, BE, 28-Apr-2026,804.95,845.15,845.15,820.0,845.15,845.15,842.92,55097,464.42,677,, -,2026-04-28
SEL, ST, 28-Apr-2026,170.0,175.0,178.5,175.0,178.5,178.5,177.09,1000,1.77,4,1000.0, 100.00,2026-04-28
SELECTIPO, EQ, 28-Apr-2026,43.86,43.87,44.01,43.62,43.85,43.76,43.85,15686,6.88,59,10186.0, 64.94,2026-04-28
SELLOWRAP, SM, 28-Apr-2026,74.7,74.5,74.5,74.5,74.5,74.5,74.5,1600,1.19,1,1600.0, 100.00,2026-04-28
SELMC, EQ, 28-Apr-2026,32.87,34.69,34.69,31.5,32.06,32.07,32.29,9351,3.02,113,5893.0, 63.02,2026-04-28
SEMAC, EQ, 28-Apr-2026,278.06,279.45,288.8,277.92,288.8,287.13,282.41,238,0.67,61,146.0, 61.34,2026-04-28
SENCO, EQ, 28-Apr-2026,323.05,321.5,321.95,314.6,318.5,317.55,317.59,776955,2467.54,17716,377050.0, 48.53,2026-04-28
SENORES, EQ, 28-Apr-2026,939.75,940.0,947.7,911.0,919.0,916.7,925.0,178800,1653.9,6535,103424.0, 57.84,2026-04-28
SENSEXADD, EQ, 28-Apr-2026,79.38,79.32,79.48,78.77,79.48,78.95,79.1,775,0.61,41,689.0, 88.90,2026-04-28
SENSEXBETA, EQ, 28-Apr-2026,852.55,851.03,853.98,845.5,845.55,847.09,850.23,1147,9.75,113,669.0, 58.33,2026-04-28
SENSEXETF, EQ, 28-Apr-2026,79.26,79.13,79.52,78.78,79.01,78.88,79.18,111812,88.53,279,99465.0, 88.96,2026-04-28
SENSEXIETF, EQ, 28-Apr-2026,881.98,881.98,885.25,877.5,881.0,878.41,880.03,7595,66.84,577,4511.0, 59.39,2026-04-28
SEPC, EQ, 28-Apr-2026,7.67,7.66,9.2,7.66,8.34,8.31,8.59,98042948,8420.87,35127,23819653.0, 24.30,2026-04-28
SERVOTECH, EQ, 28-Apr-2026,90.48,90.45,96.8,90.33,94.45,94.58,94.59,4136715,3912.86,24604,1221198.0, 29.52,2026-04-28
SESHAPAPER, EQ, 28-Apr-2026,267.88,273.79,273.79,265.61,268.0,268.66,267.79,10985,29.42,319,8212.0, 74.76,2026-04-28
SETCO, BE, 28-Apr-2026,24.93,24.93,26.17,24.2,26.0,25.79,25.44,315665,80.29,388,, -,2026-04-28
SETF10GILT, EQ, 28-Apr-2026,258.09,259.99,259.99,257.69,258.85,258.68,258.75,1194,3.09,58,955.0, 79.98,2026-04-28
SETFGOLD, EQ, 28-Apr-2026,128.13,128.47,128.47,126.26,126.29,126.49,126.83,3150333,3995.7,14278,1861259.0, 59.08,2026-04-28
SETFNIF50, EQ, 28-Apr-2026,257.83,257.83,258.4,256.19,256.84,256.67,257.13,399344,1026.83,6671,261802.0, 65.56,2026-04-28
SETFNIFBK, EQ, 28-Apr-2026,575.91,570.91,574.45,565.82,568.67,567.14,569.35,169411,964.53,1615,94910.0, 56.02,2026-04-28
SETFNN50, EQ, 28-Apr-2026,754.84,758.6,758.6,753.24,755.55,754.89,755.19,21168,159.86,1016,15217.0, 71.89,2026-04-28
SETL, EQ, 28-Apr-2026,137.03,137.03,144.0,137.0,142.0,141.72,142.05,252435,358.58,2205,110412.0, 43.74,2026-04-28
SEYAIND, BE, 28-Apr-2026,13.1,13.36,13.36,13.36,13.36,13.36,13.36,5502,0.74,4,, -,2026-04-28
SFL, EQ, 28-Apr-2026,525.35,528.1,528.1,512.1,515.0,514.0,517.86,120639,624.74,12531,76195.0, 63.16,2026-04-28
SFML, SM, 28-Apr-2026,22.0,23.0,23.5,23.0,23.05,23.05,23.24,14400,3.35,9,12800.0, 88.89,2026-04-28
SGBAPR28I, GB, 28-Apr-2026,14994.47,15086.0,15090.0,14925.0,15040.0,15006.06,14997.23,254,38.09,71,230.0, 90.55,2026-04-28
SGBAUG27, GB, 28-Apr-2026,15014.99,14950.0,14950.0,14827.15,14870.0,14872.28,14884.9,51,7.59,21,44.0, 86.27,2026-04-28
SGBAUG28V, GB, 28-Apr-2026,14983.71,14983.71,14984.0,14858.99,14895.0,14893.3,14907.68,904,134.77,139,848.0, 93.81,2026-04-28
SGBAUG29V, GB, 28-Apr-2026,15059.22,15134.51,15134.51,14951.0,14960.0,15091.68,15017.51,61,9.16,24,38.0, 62.30,2026-04-28
SGBAUG30, GB, 28-Apr-2026,15290.53,15290.53,15299.0,15100.01,15176.0,15262.5,15190.43,152,23.09,62,74.0, 48.68,2026-04-28
SGBD29VIII, GB, 28-Apr-2026,15016.62,15017.0,15100.01,14862.1,15089.0,15089.0,15044.28,119,17.9,28,80.0, 67.23,2026-04-28
SGBDC27VII, GB, 28-Apr-2026,14950.0,14950.0,14950.0,14910.1,14910.1,14910.1,14923.4,3,0.45,2,3.0, 100.00,2026-04-28
SGBDE30III, GB, 28-Apr-2026,15250.0,15151.0,15250.0,15102.0,15200.0,15200.0,15195.32,169,25.68,36,90.0, 53.25,2026-04-28
SGBDE31III, GB, 28-Apr-2026,15565.49,15639.98,15639.98,15412.0,15475.0,15473.6,15482.81,902,139.65,191,640.0, 70.95,2026-04-28
SGBDEC26, GB, 28-Apr-2026,15000.0,14850.0,14871.0,14850.0,14870.0,14870.41,14861.27,55,8.17,11,38.0, 69.09,2026-04-28
SGBFEB27, GB, 28-Apr-2026,15000.0,15000.0,15000.0,15000.0,15000.0,15000.0,15000.0,1,0.15,1,1.0, 100.00,2026-04-28
SGBFEB28IX, GB, 28-Apr-2026,14930.71,14901.01,14904.01,14901.01,14904.01,14904.01,14902.01,3,0.45,2,3.0, 100.00,2026-04-28
SGBFEB29XI, GB, 28-Apr-2026,15033.91,14950.0,14950.0,14860.0,14860.0,14868.31,14906.65,81,12.07,40,69.0, 85.19,2026-04-28
SGBFEB32IV, GB, 28-Apr-2026,15987.57,16150.0,16190.0,15811.2,15950.0,15954.21,15926.97,674,107.35,211,415.0, 61.57,2026-04-28
SGBJ28VIII, GB, 28-Apr-2026,14901.25,14850.0,14860.0,14850.0,14860.0,14860.0,14855.0,2,0.3,2,2.0, 100.00,2026-04-28
SGBJAN29IX, GB, 28-Apr-2026,14983.55,14983.55,14984.0,14831.0,14850.0,14863.34,14907.11,151,22.51,38,112.0, 74.17,2026-04-28
SGBJAN29X, GB, 28-Apr-2026,14998.4,14996.79,14996.99,14830.0,14842.0,14864.43,14865.28,284,42.22,38,240.0, 84.51,2026-04-28
SGBJAN30IX, GB, 28-Apr-2026,15043.16,15000.0,15043.0,14940.0,14940.0,14958.54,14988.58,117,17.54,31,91.0, 77.78,2026-04-28
SGBJU29III, GB, 28-Apr-2026,15062.35,14940.0,15040.0,14939.99,14950.0,14943.33,14953.73,51,7.63,18,43.0, 84.31,2026-04-28
SGBJUL27, GB, 28-Apr-2026,14912.0,14800.01,14849.9,14800.01,14849.9,14849.9,14825.12,25,3.71,6,13.0, 52.00,2026-04-28
SGBJUL28IV, GB, 28-Apr-2026,15007.81,14999.0,14999.0,14860.0,14860.0,14863.37,14897.74,455,67.78,52,448.0, 98.46,2026-04-28
SGBJUL29IV, GB, 28-Apr-2026,14978.7,14880.0,14975.0,14820.0,14855.0,14868.37,14888.05,406,60.45,70,247.0, 60.84,2026-04-28
SGBJUN27, GB, 28-Apr-2026,15052.5,14830.0,14830.0,14830.0,14830.0,14830.0,14830.0,9,1.33,2,9.0, 100.00,2026-04-28
SGBJUN28, GB, 28-Apr-2026,14996.67,15000.0,15000.0,14880.0,14880.0,14892.58,14918.01,109,16.26,38,77.0, 70.64,2026-04-28
SGBJUN29II, GB, 28-Apr-2026,15050.0,15030.0,15030.0,14850.0,14871.0,14890.0,14883.72,153,22.77,31,133.0, 86.93,2026-04-28
SGBJUN30, GB, 28-Apr-2026,15238.97,15120.0,15238.5,15120.0,15238.5,15211.16,15190.5,32,4.86,11,25.0, 78.13,2026-04-28
SGBJUN31I, GB, 28-Apr-2026,15419.81,15256.2,15401.0,15211.0,15350.0,15337.68,15332.79,402,61.64,117,248.0, 61.69,2026-04-28
SGBMAR28X, GB, 28-Apr-2026,14965.98,14816.0,14994.07,14816.0,14844.7,14854.84,14855.57,93,13.82,26,76.0, 81.72,2026-04-28
SGBMAR30X, GB, 28-Apr-2026,15060.78,15060.78,15099.99,14974.75,15010.0,15006.4,15013.3,152,22.82,44,99.0, 65.13,2026-04-28
SGBMAR31IV, GB, 28-Apr-2026,15376.5,15375.99,15375.99,15250.0,15261.01,15261.01,15303.98,92,14.08,26,75.0, 81.52,2026-04-28
SGBMAY26, GB, 28-Apr-2026,15147.0,15021.0,15021.0,14870.0,14870.0,14879.24,14914.55,554,82.63,58,310.0, 55.96,2026-04-28
SGBMAY28, GB, 28-Apr-2026,15054.28,15000.0,15015.0,14900.0,14905.01,14905.01,14954.25,545,81.5,24,520.0, 95.41,2026-04-28
SGBMAY29I, GB, 28-Apr-2026,15050.14,15050.14,15050.14,14900.0,14920.0,14919.1,14932.33,1246,186.06,112,903.0, 72.47,2026-04-28
SGBMR29XII, GB, 28-Apr-2026,14989.13,14839.0,14996.53,14839.0,14889.0,14859.22,14886.56,585,87.09,115,287.0, 49.06,2026-04-28
SGBN28VIII, GB, 28-Apr-2026,15062.0,15010.0,15050.0,14891.0,14891.0,14935.86,14946.02,816,121.96,43,757.0, 92.77,2026-04-28
SGBNOV26, GB, 28-Apr-2026,15118.04,14950.0,15290.0,14950.0,15288.0,15288.0,14962.78,291,43.54,6,291.0, 100.00,2026-04-28
SGBNV29VII, GB, 28-Apr-2026,15021.37,14901.0,15009.68,14901.0,14975.0,14975.1,14971.03,182,27.25,59,162.0, 89.01,2026-04-28
SGBOC28VII, GB, 28-Apr-2026,14980.0,14980.0,14994.99,14851.0,14859.99,14862.65,14894.98,96,14.3,29,88.0, 91.67,2026-04-28
SGBOCT26, GB, 28-Apr-2026,15050.0,14930.0,16555.0,14889.99,15098.73,15826.86,14960.54,37,5.54,17,15.0, 40.54,2026-04-28
SGBOCT27, GB, 28-Apr-2026,14950.0,14721.04,14950.0,14721.03,14860.2,14859.28,14801.28,29,4.29,9,17.0, 58.62,2026-04-28
SGBSEP27, GB, 28-Apr-2026,14955.96,14999.99,14999.99,14811.66,14860.0,14859.3,14884.52,40,5.95,11,30.0, 75.00,2026-04-28
SGBSEP28VI, GB, 28-Apr-2026,14990.0,14901.0,14950.0,14810.0,14877.13,14820.31,14832.62,699,103.68,93,580.0, 82.98,2026-04-28
SGBSEP29VI, GB, 28-Apr-2026,15004.41,15000.0,15000.0,14896.0,14910.0,14910.02,14915.73,269,40.12,50,219.0, 81.41,2026-04-28
SGBSEP31II, GB, 28-Apr-2026,15384.91,15400.0,15438.99,15251.01,15400.0,15386.31,15357.29,997,153.11,179,720.0, 72.22,2026-04-28
SGFIN, EQ, 28-Apr-2026,547.7,553.7,559.7,540.75,542.05,542.85,548.6,227929,1250.42,8337,92810.0, 40.72,2026-04-28
SGIL, EQ, 28-Apr-2026,541.2,541.2,545.1,535.0,540.0,543.15,540.68,9650,52.18,356,5885.0, 60.98,2026-04-28
SGL, EQ, 28-Apr-2026,12.06,11.81,12.34,11.66,12.0,11.88,11.96,6099,0.73,41,5321.0, 87.24,2026-04-28
SGMART, EQ, 28-Apr-2026,552.65,552.05,556.8,543.0,550.0,550.25,549.43,132975,730.61,4504,85334.0, 64.17,2026-04-28
SHADOWFAX, EQ, 28-Apr-2026,156.26,155.81,161.0,153.75,155.05,155.87,158.32,1753873,2776.69,18180,592218.0, 33.77,2026-04-28
SHAH, EQ, 28-Apr-2026,5.3,5.38,5.38,5.25,5.36,5.34,5.32,1894799,100.82,930,1163576.0, 61.41,2026-04-28
SHAHALLOYS, EQ, 28-Apr-2026,70.08,69.95,71.78,68.5,69.0,69.24,69.67,6285,4.38,99,5137.0, 81.73,2026-04-28
SHAILY, EQ, 28-Apr-2026,2422.6,2424.0,2523.6,2386.0,2485.0,2489.4,2466.22,499996,12331.02,36945,142968.0, 28.59,2026-04-28
SHAKTIPUMP, EQ, 28-Apr-2026,565.05,568.7,593.6,566.15,570.0,569.2,575.94,1855921,10688.95,47715,531285.0, 28.63,2026-04-28
SHALBY, EQ, 28-Apr-2026,166.58,167.85,167.85,160.21,163.0,163.75,164.3,86162,141.56,1524,42304.0, 49.10,2026-04-28
SHALPAINTS, EQ, 28-Apr-2026,51.47,51.2,52.8,50.91,52.02,52.55,52.12,30088,15.68,521,16914.0, 56.22,2026-04-28
SHANKARA, BE, 28-Apr-2026,122.01,122.96,126.77,120.0,125.9,125.65,125.09,55628,69.58,443,, -,2026-04-28
SHANTI, EQ, 28-Apr-2026,7.22,7.48,7.48,7.11,7.3,7.19,7.27,11838,0.86,67,4912.0, 41.49,2026-04-28
SHANTIGEAR, EQ, 28-Apr-2026,478.5,482.3,484.0,473.35,477.85,475.8,478.05,8063,38.54,475,4300.0, 53.33,2026-04-28
SHANTIGOLD, EQ, 28-Apr-2026,206.58,206.58,209.44,203.31,204.05,204.44,206.02,147229,303.32,2419,63700.0, 43.27,2026-04-28
SHARDACROP, EQ, 28-Apr-2026,1124.7,1124.7,1181.85,1124.7,1157.7,1162.6,1162.18,303516,3527.4,19730,113142.0, 37.28,2026-04-28
SHARDAMOTR, EQ, 28-Apr-2026,872.45,879.95,888.4,854.9,867.2,867.85,873.9,36284,317.08,2655,18325.0, 50.50,2026-04-28
SHARDUL, EQ, 28-Apr-2026,28.9,28.85,31.95,27.25,28.0,28.6,28.8,2196,0.63,64,1819.0, 82.83,2026-04-28
SHAREINDIA, EQ, 28-Apr-2026,146.61,146.61,148.26,144.22,145.15,145.11,145.69,561741,818.41,3365,371150.0, 66.07,2026-04-28
SHARIABEES, EQ, 28-Apr-2026,466.23,468.6,468.6,464.0,465.5,464.95,465.3,5904,27.47,417,4091.0, 69.29,2026-04-28
SHBAJRG, EQ, 28-Apr-2026,167.35,173.5,173.5,173.5,173.5,173.5,173.5,1,0.0,1,1.0, 100.00,2026-04-28
SHEEL, SM, 28-Apr-2026,45.0,46.9,46.9,46.9,46.9,46.9,46.9,2000,0.94,1,2000.0, 100.00,2026-04-28
SHEETAL, SM, 28-Apr-2026,255.0,252.0,254.0,252.0,254.0,254.0,253.08,7000,17.72,6,3000.0, 42.86,2026-04-28
SHEKHAWATI, BE, 28-Apr-2026,17.37,17.37,17.95,16.76,16.77,16.81,17.1,37334,6.39,152,, -,2026-04-28
SHEMAROO, EQ, 28-Apr-2026,104.11,103.3,105.33,103.11,103.35,103.59,104.01,4549,4.73,144,3741.0, 82.24,2026-04-28
SHERA, SM, 28-Apr-2026,137.0,141.9,145.0,141.0,143.0,143.0,143.14,27000,38.65,22,25000.0, 92.59,2026-04-28
SHETHJI, SM, 28-Apr-2026,123.0,124.9,125.8,123.55,124.8,124.55,124.38,34000,42.29,26,28000.0, 82.35,2026-04-28
SHIGAN, ST, 28-Apr-2026,74.75,73.05,73.05,72.0,72.0,72.0,72.68,4500,3.27,3,4500.0, 100.00,2026-04-28
SHILCTECH, EQ, 28-Apr-2026,5311.6,5330.0,5399.0,5150.0,5272.0,5222.1,5261.51,28497,1499.37,8255,12615.0, 44.27,2026-04-28
SHILPAMED, EQ, 28-Apr-2026,415.2,415.15,418.5,405.1,409.0,407.8,410.03,280467,1150.01,12118,132627.0, 47.29,2026-04-28
SHINDL, EQ, 28-Apr-2026,147.45,148.75,149.0,146.3,147.65,147.75,147.82,409443,605.26,533,208368.0, 50.89,2026-04-28
SHIVALIK, EQ, 28-Apr-2026,267.83,272.0,279.97,260.0,276.0,275.1,274.57,37170,102.06,1331,20359.0, 54.77,2026-04-28
SHIVAMAUTO, EQ, 28-Apr-2026,19.14,19.9,19.9,18.36,18.7,18.76,18.89,56146,10.61,430,31602.0, 56.29,2026-04-28
SHIVAMILLS, EQ, 28-Apr-2026,60.86,60.94,61.8,60.01,61.66,61.04,61.32,7555,4.63,80,6717.0, 88.91,2026-04-28
SHIVASHRIT, SM, 28-Apr-2026,120.0,117.15,123.7,117.0,117.25,117.25,119.37,11000,13.13,11,9000.0, 81.82,2026-04-28
SHIVATEX, EQ, 28-Apr-2026,155.0,150.0,158.4,150.0,153.11,153.37,154.32,1783,2.75,141,1363.0, 76.44,2026-04-28
SHIVAUM, BE, 28-Apr-2026,362.0,343.9,361.95,343.9,343.9,343.9,347.66,29,0.1,5,, -,2026-04-28
SHK, EQ, 28-Apr-2026,148.54,148.45,150.88,146.02,146.81,146.75,148.39,358208,531.54,3358,264820.0, 73.93,2026-04-28
SHOPERSTOP, EQ, 28-Apr-2026,297.05,297.05,298.4,291.6,291.6,292.3,294.31,40040,117.84,1238,26031.0, 65.01,2026-04-28
SHRADHA, EQ, 28-Apr-2026,39.8,41.99,41.99,37.3,38.3,38.82,39.32,10085,3.96,126,6645.0, 65.89,2026-04-28
SHREDIGCEM, EQ, 28-Apr-2026,74.1,74.1,75.1,73.5,73.53,73.93,74.38,50831,37.81,601,28318.0, 55.71,2026-04-28
SHREECEM, EQ, 28-Apr-2026,25125.0,25200.0,25230.0,24680.0,25140.0,24890.0,24893.3,29353,7306.93,12223,13296.0, 45.30,2026-04-28
SHREEJISPG, EQ, 28-Apr-2026,396.0,396.0,402.95,391.65,396.55,396.15,397.03,516529,2050.76,6543,171348.0, 33.17,2026-04-28
SHREEKARNI, SM, 28-Apr-2026,440.0,442.2,442.2,432.1,440.0,440.0,439.56,1950,8.57,5,1800.0, 92.31,2026-04-28
SHREEOSFM, SM, 28-Apr-2026,71.9,67.0,71.0,67.0,71.0,70.65,70.1,17000,11.92,14,11000.0, 64.71,2026-04-28
SHREEPUSHK, EQ, 28-Apr-2026,396.75,399.0,399.0,380.05,382.0,382.95,387.64,118939,461.05,3830,47344.0, 39.81,2026-04-28
SHREERAMA, EQ, 28-Apr-2026,47.24,47.24,47.57,45.99,46.85,46.39,46.71,93675,43.75,933,54425.0, 58.10,2026-04-28
SHRENIK, BZ, 28-Apr-2026,0.39,0.4,0.4,0.39,0.4,0.39,0.4,272202,1.08,133,, -,2026-04-28
SHREYANIND, EQ, 28-Apr-2026,170.89,171.01,171.89,167.0,169.85,167.58,169.66,3550,6.02,141,2753.0, 77.55,2026-04-28
SHRIAHIMSA, SM, 28-Apr-2026,267.0,274.0,275.0,271.15,274.95,274.7,273.9,21600,59.16,33,13200.0, 61.11,2026-04-28
SHRIKANHA, ST, 28-Apr-2026,26.55,26.55,27.85,25.25,27.85,27.85,27.18,28800,7.83,17,27200.0, 94.44,2026-04-28
SHRIKRISH, EQ, 28-Apr-2026,47.85,48.9,56.0,47.0,47.65,47.9,51.6,41810,21.58,913,21045.0, 50.33,2026-04-28
SHRINGARMS, EQ, 28-Apr-2026,203.75,203.6,208.4,202.5,202.5,203.15,205.45,786851,1616.57,4782,276289.0, 35.11,2026-04-28
SHRIPISTON, EQ, 28-Apr-2026,3569.2,3576.2,3599.9,3460.0,3466.0,3476.2,3509.36,73593,2582.64,7775,44107.0, 59.93,2026-04-28
SHRIRAMFIN, EQ, 28-Apr-2026,974.65,974.5,979.75,949.3,952.5,953.25,959.56,6752420,64793.77,138743,3558369.0, 52.70,2026-04-28
SHRIRAMPPS, EQ, 28-Apr-2026,84.64,85.0,86.9,83.54,86.0,86.18,85.4,753367,643.38,6277,383732.0, 50.94,2026-04-28
SHUBHLAXMI, SM, 28-Apr-2026,22.0,22.95,22.95,21.1,22.95,22.95,22.3,27000,6.02,11,26000.0, 96.30,2026-04-28
SHUBHSHREE, SM, 28-Apr-2026,329.95,329.95,329.95,329.95,329.95,329.95,329.95,300,0.99,1,300.0, 100.00,2026-04-28
SHYAMCENT, EQ, 28-Apr-2026,5.63,5.7,5.94,5.5,5.77,5.8,5.79,99110,5.74,258,72962.0, 73.62,2026-04-28
SHYAMMETL, EQ, 28-Apr-2026,886.15,887.95,896.3,874.7,878.5,877.75,886.71,418483,3710.71,14391,219245.0, 52.39,2026-04-28
SHYAMTEL, BE, 28-Apr-2026,19.56,20.53,20.53,20.53,20.53,20.53,20.53,9063,1.86,27,, -,2026-04-28
SICAGEN, EQ, 28-Apr-2026,54.1,54.1,55.45,53.0,54.9,53.65,53.89,5782,3.12,61,4572.0, 79.07,2026-04-28
SICALLOG, BE, 28-Apr-2026,68.5,67.5,69.0,67.25,68.01,68.27,67.6,7740,5.23,57,, -,2026-04-28
SIDDHICOTS, ST, 28-Apr-2026,31.1,31.1,31.1,30.2,30.2,30.2,30.36,10800,3.28,9,10800.0, 100.00,2026-04-28
SIEMENS, EQ, 28-Apr-2026,3856.0,3856.0,3892.0,3805.5,3835.0,3827.3,3834.92,267852,10271.9,22832,126758.0, 47.32,2026-04-28
SIGACHI, BE, 28-Apr-2026,21.03,20.5,21.0,20.1,20.3,20.25,20.46,1659842,339.64,3523,, -,2026-04-28
SIGIND, EQ, 28-Apr-2026,50.21,50.81,52.99,50.29,51.5,51.4,51.84,28737,14.9,418,12179.0, 42.38,2026-04-28
SIGMA, EQ, 28-Apr-2026,45.04,46.7,46.7,44.0,44.1,44.36,45.51,50608,23.03,738,30660.0, 60.58,2026-04-28
SIGMAADV, BE, 28-Apr-2026,248.49,260.91,260.91,260.91,260.91,260.91,260.91,28199,73.57,173,, -,2026-04-28
SIGNATURE, EQ, 28-Apr-2026,866.7,878.0,878.0,850.0,850.0,853.6,862.28,210951,1818.98,5719,26143.0, 12.39,2026-04-28
SIGNPOST, EQ, 28-Apr-2026,262.89,266.83,273.9,262.9,265.7,264.11,266.53,21595,57.56,570,9914.0, 45.91,2026-04-28
SIKA, EQ, 28-Apr-2026,1030.7,1041.0,1062.35,1029.0,1041.0,1043.7,1048.15,27703,290.37,1965,14358.0, 51.83,2026-04-28
SIKKO, EQ, 28-Apr-2026,4.79,4.98,4.98,4.74,4.79,4.75,4.84,465630,22.54,868,303659.0, 65.21,2026-04-28
SIL, EQ, 28-Apr-2026,15.66,15.66,15.94,15.5,15.53,15.56,15.77,10026,1.58,149,8747.0, 87.24,2026-04-28
SILGO, EQ, 28-Apr-2026,76.18,76.18,78.0,76.18,76.45,76.74,76.7,182231,139.77,1662,19817.0, 10.87,2026-04-28
SILINV, EQ, 28-Apr-2026,455.1,455.1,468.85,449.0,466.0,462.75,461.2,1170,5.4,135,812.0, 69.40,2026-04-28
SILKFLEX, ST, 28-Apr-2026,196.2,206.0,206.0,206.0,206.0,206.0,206.0,4000,8.24,2,4000.0, 100.00,2026-04-28
SILKY, SM, 28-Apr-2026,136.1,136.0,136.0,131.5,133.5,133.5,133.67,2400,3.21,3,1600.0, 66.67,2026-04-28
SILLYMONKS, EQ, 28-Apr-2026,17.38,17.38,17.38,16.77,17.0,17.2,17.34,25889,4.49,25,25635.0, 99.02,2026-04-28
SILVER, EQ, 28-Apr-2026,240.4,239.53,239.53,234.0,234.19,234.4,235.62,2012036,4740.84,13006,641714.0, 31.89,2026-04-28
SILVER1, EQ, 28-Apr-2026,23.36,23.27,23.27,22.68,22.76,22.75,22.8,17111181,3901.56,7897,8841233.0, 51.67,2026-04-28
SILVER360, EQ, 28-Apr-2026,237.11,236.0,236.0,230.68,232.0,231.48,231.97,26502,61.48,1991,13286.0, 50.13,2026-04-28
SILVERADD, EQ, 28-Apr-2026,232.36,231.67,231.67,225.7,226.0,226.27,227.52,334617,761.33,4039,126798.0, 37.89,2026-04-28
SILVERAG, EQ, 28-Apr-2026,234.95,232.69,233.22,228.15,228.15,228.52,229.95,233068,535.94,3997,99522.0, 42.70,2026-04-28
SILVERBEES, EQ, 28-Apr-2026,230.72,228.82,229.98,224.25,225.25,224.73,225.91,30243503,68323.51,113390,10787711.0, 35.67,2026-04-28
SILVERBETA, EQ, 28-Apr-2026,232.86,227.03,232.0,226.1,226.42,226.66,227.86,519233,1183.14,9349,228250.0, 43.96,2026-04-28
SILVERBND, EQ, 28-Apr-2026,239.95,239.02,239.55,234.5,234.81,235.34,236.53,19363,45.8,1177,5855.0, 30.24,2026-04-28
SILVERCASE, EQ, 28-Apr-2026,24.49,24.58,24.58,23.8,23.84,23.84,23.97,13781070,3302.75,12576,3805981.0, 27.62,2026-04-28
SILVERIETF, EQ, 28-Apr-2026,240.43,236.95,239.67,233.96,234.39,234.29,235.86,4021702,9485.39,26293,1772894.0, 44.08,2026-04-28
SILVERTUC, EQ, 28-Apr-2026,146.23,149.0,153.54,146.18,153.54,153.54,151.81,559168,848.9,3429,271433.0, 48.54,2026-04-28
SIMPLEXINF, EQ, 28-Apr-2026,230.89,230.88,242.99,230.02,242.7,239.66,238.39,199203,474.87,2477,119246.0, 59.86,2026-04-28
SINCLAIR, EQ, 28-Apr-2026,80.09,80.2,80.29,79.11,80.0,80.01,79.81,6205,4.95,182,2742.0, 44.19,2026-04-28
SINDHUTRAD, EQ, 28-Apr-2026,23.83,24.0,24.52,23.68,23.72,23.73,23.96,2219810,531.9,1631,1504302.0, 67.77,2026-04-28
SINGERIND, EQ, 28-Apr-2026,73.71,74.99,75.18,72.25,73.15,72.68,73.24,16803,12.31,308,10945.0, 65.14,2026-04-28
SINTERCOM, EQ, 28-Apr-2026,74.92,74.93,75.85,74.0,75.8,75.84,75.05,1401,1.05,84,902.0, 64.38,2026-04-28
SIRCA, EQ, 28-Apr-2026,433.95,437.0,440.0,427.1,430.0,429.55,434.42,257208,1117.37,4145,41453.0, 16.12,2026-04-28
SIS, EQ, 28-Apr-2026,342.15,339.95,359.2,339.0,352.6,355.95,351.01,72711,255.23,4496,39807.0, 54.75,2026-04-28
SITINET, BZ, 28-Apr-2026,0.38,0.39,0.39,0.37,0.37,0.37,0.38,412377,1.56,233,, -,2026-04-28
SIYSIL, EQ, 28-Apr-2026,567.6,568.0,582.0,568.0,575.0,576.05,571.63,51289,293.18,2093,28183.0, 54.95,2026-04-28
SJLOGISTIC, SM, 28-Apr-2026,305.05,313.85,342.5,311.0,332.0,329.1,328.52,46500,152.76,132,38750.0, 83.33,2026-04-28
SJS, EQ, 28-Apr-2026,1635.2,1635.2,1641.6,1591.1,1640.0,1628.0,1618.92,145953,2362.86,15348,77826.0, 53.32,2026-04-28
SJVN, EQ, 28-Apr-2026,80.41,80.47,82.31,80.18,81.79,81.79,81.45,8736216,7115.8,36248,2877548.0, 32.94,2026-04-28
SKFINDIA, EQ, 28-Apr-2026,1740.3,1740.3,1760.2,1720.0,1752.8,1742.4,1747.34,14026,245.08,1972,6020.0, 42.92,2026-04-28
SKFINDUS, EQ, 28-Apr-2026,2281.0,2271.2,2277.0,2250.2,2269.0,2259.8,2267.95,8413,190.8,1221,5459.0, 64.89,2026-04-28
SKIPPER, EQ, 28-Apr-2026,477.75,480.6,504.0,470.1,494.0,489.95,485.48,1383203,6715.2,24676,559657.0, 40.46,2026-04-28
SKMEGGPROD, EQ, 28-Apr-2026,171.54,171.54,171.54,165.1,167.0,167.08,168.28,65499,110.22,1245,35683.0, 54.48,2026-04-28
SKP, SM, 28-Apr-2026,149.1,150.0,151.0,145.0,145.0,148.3,149.39,74500,111.3,133,41000.0, 55.03,2026-04-28
SKYGOLD, EQ, 28-Apr-2026,422.4,422.4,444.45,416.05,441.2,436.45,430.84,1487310,6407.96,25131,621559.0, 41.79,2026-04-28
SLONE, SM, 28-Apr-2026,203.9,199.1,209.8,199.1,204.0,202.1,206.38,3200,6.6,8,1200.0, 37.50,2026-04-28
SMALL250, EQ, 28-Apr-2026,16.75,16.77,16.85,16.71,16.77,16.75,16.79,517943,86.98,636,318364.0, 61.47,2026-04-28
SMALLADD, EQ, 28-Apr-2026,16.74,16.74,16.88,16.71,16.79,16.79,16.81,186531,31.36,135,150085.0, 80.46,2026-04-28
SMALLCAP, EQ, 28-Apr-2026,44.04,44.43,44.43,43.6,44.21,44.17,44.23,2044753,904.45,3194,1419202.0, 69.41,2026-04-28
SMARTEN, SM, 28-Apr-2026,67.7,70.0,73.0,64.5,66.5,66.7,67.59,111600,75.43,81,86400.0, 77.42,2026-04-28
SMARTLINK, EQ, 28-Apr-2026,133.38,136.99,137.44,131.55,135.99,136.18,135.23,2092,2.83,115,1298.0, 62.05,2026-04-28
SMARTWORKS, EQ, 28-Apr-2026,433.35,431.35,432.0,417.1,427.0,427.05,423.65,25955,109.96,1455,14123.0, 54.41,2026-04-28
SMCGLOBAL, EQ, 28-Apr-2026,66.08,66.08,66.43,65.52,65.7,66.12,66.0,414896,273.82,1049,306734.0, 73.93,2026-04-28
SML100CASE, EQ, 28-Apr-2026,10.12,10.12,10.25,10.12,10.25,10.2,10.21,1999568,204.16,1431,1632024.0, 81.62,2026-04-28
SMLMAH, EQ, 28-Apr-2026,3909.7,3920.0,3925.0,3850.5,3875.4,3873.4,3879.25,36755,1425.82,3957,18437.0, 50.16,2026-04-28
SMLT, EQ, 28-Apr-2026,70.88,71.9,77.0,70.9,72.36,71.82,73.75,38304,28.25,841,17928.0, 46.80,2026-04-28
SMSPHARMA, EQ, 28-Apr-2026,399.65,399.65,403.9,387.0,392.0,390.25,392.65,211676,831.15,8948,116854.0, 55.20,2026-04-28
SNEHAA, ST, 28-Apr-2026,45.0,45.0,45.0,44.95,44.95,44.95,44.99,5000,2.25,5,4000.0, 80.00,2026-04-28
SNOWMAN, EQ, 28-Apr-2026,41.83,42.28,42.28,41.1,41.1,41.61,41.77,108540,45.34,755,52067.0, 47.97,2026-04-28
SNXT30BEES, EQ, 28-Apr-2026,41.75,42.17,42.18,41.26,41.98,42.0,42.0,13358,5.61,116,11391.0, 85.27,2026-04-28
SNXT50BETA, EQ, 28-Apr-2026,91.68,91.57,91.6,90.31,91.42,91.2,91.31,3774,3.45,126,3451.0, 91.44,2026-04-28
SOBHA, EQ, 28-Apr-2026,1430.6,1435.0,1441.0,1410.2,1435.5,1435.8,1425.75,107365,1530.76,7876,54371.0, 50.64,2026-04-28
SOCL, ST, 28-Apr-2026,32.5,32.0,32.0,32.0,32.0,32.0,32.0,1600,0.51,1,1600.0, 100.00,2026-04-28
SOFTTECH, BE, 28-Apr-2026,351.71,361.0,369.29,360.0,369.29,369.29,367.08,6484,23.8,71,, -,2026-04-28
SOLARA, EQ, 28-Apr-2026,483.3,478.5,488.45,475.35,481.9,478.15,482.69,64978,313.64,2817,33641.0, 51.77,2026-04-28
SOLARINDS, EQ, 28-Apr-2026,15259.0,15259.0,15464.0,15259.0,15326.0,15304.0,15355.12,103827,15942.76,24754,37629.0, 36.24,2026-04-28
SOLARWORLD, EQ, 28-Apr-2026,200.56,200.69,206.98,200.56,204.9,203.51,203.87,228149,465.12,3657,103691.0, 45.45,2026-04-28
SOLEX, EQ, 28-Apr-2026,1281.8,1299.0,1424.8,1281.8,1360.0,1358.8,1368.71,179539,2457.36,9559,58493.0, 32.58,2026-04-28
SOMANYCERA, EQ, 28-Apr-2026,461.85,457.25,466.4,452.0,462.05,461.15,460.02,32264,148.42,2233,14236.0, 44.12,2026-04-28
SOMATEX, EQ, 28-Apr-2026,108.89,109.9,119.77,107.03,111.99,112.41,116.56,72886,84.96,1249,35524.0, 48.74,2026-04-28
SOMICONVEY, EQ, 28-Apr-2026,112.93,111.51,113.72,110.53,111.5,112.23,111.76,6421,7.18,198,4414.0, 68.74,2026-04-28
SONACOMS, EQ, 28-Apr-2026,588.65,588.65,604.0,586.0,604.0,598.8,594.73,3382848,20118.78,69260,2081244.0, 61.52,2026-04-28
SONAL, EQ, 28-Apr-2026,99.8,104.75,104.75,104.75,104.75,104.75,104.75,1,0.0,1,1.0, 100.00,2026-04-28
SONAMAC, ST, 28-Apr-2026,44.25,42.3,42.3,42.05,42.05,42.05,42.2,3000,1.27,3,2000.0, 66.67,2026-04-28
SONAMLTD, EQ, 28-Apr-2026,51.9,51.9,53.09,50.4,51.45,51.22,51.82,38665,20.03,367,22698.0, 58.70,2026-04-28
SONATSOFTW, EQ, 28-Apr-2026,259.91,259.91,261.71,256.2,257.2,257.1,258.74,327582,847.58,8302,142481.0, 43.49,2026-04-28
SONUINFRA, SM, 28-Apr-2026,56.2,59.0,59.0,59.0,59.0,59.0,59.0,1500,0.89,1,1500.0, 100.00,2026-04-28
SOTL, EQ, 28-Apr-2026,372.2,373.6,374.05,366.75,368.0,368.2,369.63,33787,124.89,773,25551.0, 75.62,2026-04-28
SOUTHBANK, EQ, 28-Apr-2026,39.91,39.91,40.2,39.3,39.5,39.54,39.72,15804049,6277.25,24853,7477285.0, 47.31,2026-04-28
SOUTHWEST, EQ, 28-Apr-2026,234.93,239.99,243.9,233.8,240.0,238.03,238.98,198893,475.31,4134,94620.0, 47.57,2026-04-28
SPAL, EQ, 28-Apr-2026,812.75,813.15,834.0,795.0,799.65,800.7,804.65,31131,250.49,2121,15577.0, 50.04,2026-04-28
SPANDANA, EQ, 28-Apr-2026,224.73,225.8,227.68,222.13,223.17,224.48,225.39,95578,215.42,2580,50216.0, 52.54,2026-04-28
SPARC, EQ, 28-Apr-2026,146.72,146.73,148.6,145.5,147.0,146.85,146.73,1314858,1929.29,6422,942216.0, 71.66,2026-04-28
SPCENET, EQ, 28-Apr-2026,4.14,4.06,4.22,4.0,4.1,4.07,4.14,608630,25.2,688,414615.0, 68.12,2026-04-28
SPCL, SM, 28-Apr-2026,85.95,86.9,87.5,83.25,84.45,83.65,85.51,18600,15.91,27,13800.0, 74.19,2026-04-28
SPCON, SM, 28-Apr-2026,150.0,144.2,144.2,140.0,140.0,140.0,142.6,4800,6.84,4,3600.0, 75.00,2026-04-28
SPECIALITY, EQ, 28-Apr-2026,99.86,100.87,101.99,100.25,101.99,101.03,100.86,7396,7.46,378,5007.0, 67.70,2026-04-28
SPECTRUM, EQ, 28-Apr-2026,1153.9,1148.2,1165.3,1136.9,1137.0,1146.4,1152.15,5629,64.85,816,2581.0, 45.85,2026-04-28
SPECTSTM, ST, 28-Apr-2026,69.5,66.25,70.7,66.05,66.05,66.05,66.52,15200,10.11,18,12800.0, 84.21,2026-04-28
SPENCERS, EQ, 28-Apr-2026,34.09,34.14,35.04,33.6,33.6,33.93,34.33,27317,9.38,671,11522.0, 42.18,2026-04-28
SPIC, EQ, 28-Apr-2026,70.98,71.0,71.9,70.0,70.45,70.42,70.85,419421,297.14,2866,166647.0, 39.73,2026-04-28
SPLIL, EQ, 28-Apr-2026,33.22,33.22,33.22,31.3,32.65,32.27,32.25,16294,5.25,175,10300.0, 63.21,2026-04-28
SPLPETRO, EQ, 28-Apr-2026,772.45,776.25,792.4,769.0,773.3,779.15,781.27,354308,2768.1,15250,106744.0, 30.13,2026-04-28
SPMLINFRA, EQ, 28-Apr-2026,218.18,219.9,219.9,211.51,212.0,212.65,215.3,387568,834.43,5215,175554.0, 45.30,2026-04-28
SPORTKING, EQ, 28-Apr-2026,136.84,135.6,146.5,135.6,142.5,141.77,142.77,533578,761.81,5669,250358.0, 46.92,2026-04-28
SPPPOLY, SM, 28-Apr-2026,13.0,13.6,13.65,13.6,13.65,13.65,13.64,10000,1.36,5,10000.0, 100.00,2026-04-28
SPRL, SM, 28-Apr-2026,110.0,104.5,104.5,104.5,104.5,104.5,104.5,1600,1.67,2,1600.0, 100.00,2026-04-28
SRD, EQ, 28-Apr-2026,44.92,45.14,45.79,44.08,44.42,44.39,44.7,20825,9.31,152,18105.0, 86.94,2026-04-28
SREEL, EQ, 28-Apr-2026,183.3,183.51,184.0,180.2,183.45,183.22,182.04,4574,8.33,166,3391.0, 74.14,2026-04-28
SRF, EQ, 28-Apr-2026,2508.2,2508.2,2544.8,2484.4,2529.8,2532.8,2515.34,306944,7720.7,21279,143787.0, 46.84,2026-04-28
SRGHFL, EQ, 28-Apr-2026,280.6,273.01,288.5,262.36,287.8,277.39,271.56,8498,23.08,131,3824.0, 45.00,2026-04-28
SRHHYPOLTD, EQ, 28-Apr-2026,504.8,509.9,513.8,503.0,503.1,504.5,507.74,11621,59.0,556,6196.0, 53.32,2026-04-28
SRIVASAVI, SM, 28-Apr-2026,56.3,56.3,59.0,56.3,59.0,59.0,57.65,2000,1.15,2,2000.0, 100.00,2026-04-28
SRM, EQ, 28-Apr-2026,527.8,533.0,535.4,522.4,528.0,526.45,528.43,43344,229.04,2074,21071.0, 48.61,2026-04-28
SRTL, EQ, 28-Apr-2026,50.32,50.9,50.9,49.6,50.14,49.94,50.12,64331,32.25,633,42485.0, 66.04,2026-04-28
SSDL, EQ, 28-Apr-2026,62.29,62.3,64.2,61.02,62.65,62.29,62.79,15083,9.47,458,10512.0, 69.69,2026-04-28
SSEGL, SM, 28-Apr-2026,393.4,396.0,403.0,381.4,390.0,391.9,392.55,35600,139.75,137,25800.0, 72.47,2026-04-28
SSFL, SM, 28-Apr-2026,105.25,107.45,110.0,103.0,103.0,103.65,106.46,33500,35.66,52,25500.0, 76.12,2026-04-28
SSFLPP, E1, 28-Apr-2026,109.5,107.95,109.95,105.2,108.0,108.0,107.3,370,0.4,61,325.0, 87.84,2026-04-28
SSWL, EQ, 28-Apr-2026,210.31,210.6,212.0,205.41,209.5,208.31,208.82,135464,282.88,4150,72893.0, 53.81,2026-04-28
STALLION, EQ, 28-Apr-2026,160.66,161.2,167.0,157.29,159.65,160.45,163.26,1765734,2882.68,12880,755204.0, 42.77,2026-04-28
STANLEY, EQ, 28-Apr-2026,143.8,143.5,144.58,141.0,141.0,141.53,142.55,126018,179.64,3595,66064.0, 52.42,2026-04-28
STAR, EQ, 28-Apr-2026,1098.55,1098.0,1098.75,1050.0,1056.9,1051.95,1061.47,289946,3077.7,18861,155636.0, 53.68,2026-04-28
STARCEMENT, EQ, 28-Apr-2026,235.18,235.0,237.81,231.37,232.0,232.34,233.48,136275,318.17,4728,63991.0, 46.96,2026-04-28
STARHEALTH, EQ, 28-Apr-2026,515.6,515.6,521.8,513.0,516.35,517.3,516.82,256823,1327.31,9503,134351.0, 52.31,2026-04-28
STARPAPER, EQ, 28-Apr-2026,139.66,139.66,142.2,139.07,141.0,141.02,140.49,6819,9.58,166,3824.0, 56.08,2026-04-28
STARTECK, EQ, 28-Apr-2026,246.41,246.41,252.98,241.0,248.87,248.12,245.18,7876,19.31,273,1144.0, 14.53,2026-04-28
STCINDIA, EQ, 28-Apr-2026,120.55,120.79,124.2,119.1,120.0,119.72,121.49,70001,85.04,1177,17230.0, 24.61,2026-04-28
STEELCAS, EQ, 28-Apr-2026,296.58,296.0,314.5,288.52,309.0,309.83,306.1,199635,611.08,4680,109550.0, 54.88,2026-04-28
STEELCITY, EQ, 28-Apr-2026,82.99,82.3,84.6,82.3,83.2,83.38,83.47,3623,3.02,133,2404.0, 66.35,2026-04-28
STEELXIND, EQ, 28-Apr-2026,9.96,10.1,10.38,9.96,10.0,10.0,10.1,5685364,574.3,4387,3989168.0, 70.17,2026-04-28
STEL, EQ, 28-Apr-2026,454.05,460.55,461.95,442.1,445.5,445.7,454.5,2822,12.83,311,1625.0, 57.58,2026-04-28
STERTOOLS, EQ, 28-Apr-2026,256.32,257.7,264.07,255.8,260.5,261.77,261.64,66992,175.28,1348,29902.0, 44.64,2026-04-28
STLNETWORK, EQ, 28-Apr-2026,30.1,30.4,30.95,28.1,28.84,28.8,29.46,3060421,901.75,9579,1547986.0, 50.58,2026-04-28
STLTECH, EQ, 28-Apr-2026,279.77,285.0,293.75,280.33,286.8,285.13,289.12,6575305,19010.44,35605,2456733.0, 37.36,2026-04-28
STOVEKRAFT, EQ, 28-Apr-2026,542.65,542.65,553.5,535.75,547.0,548.05,544.92,131668,717.49,4794,54859.0, 41.66,2026-04-28
STRIDERS, SM, 28-Apr-2026,69.5,71.65,72.5,68.0,72.0,71.9,71.24,35200,25.08,22,30400.0, 86.36,2026-04-28
STUDDS, EQ, 28-Apr-2026,490.9,489.0,495.9,479.85,483.0,485.85,487.79,25124,122.55,1052,20865.0, 83.05,2026-04-28
STUDIOLSD, ST, 28-Apr-2026,11.95,12.1,12.5,12.1,12.25,12.25,12.37,28000,3.46,14,24000.0, 85.71,2026-04-28
STYL, EQ, 28-Apr-2026,244.08,246.48,250.1,240.82,242.02,242.44,245.47,85071,208.82,2373,37526.0, 44.11,2026-04-28
STYLAMIND, EQ, 28-Apr-2026,2239.6,2240.0,2242.8,2232.1,2235.0,2237.9,2237.33,11956,267.5,1510,7454.0, 62.35,2026-04-28
STYLEBAAZA, EQ, 28-Apr-2026,390.9,390.9,400.7,387.0,390.3,389.55,391.85,383458,1502.57,5318,194391.0, 50.69,2026-04-28
STYRENIX, EQ, 28-Apr-2026,2333.3,2335.0,2384.9,2310.0,2324.0,2329.0,2345.25,31474,738.14,3165,15783.0, 50.15,2026-04-28
SUBAHOTELS, SM, 28-Apr-2026,142.0,147.0,152.0,143.0,145.0,144.2,146.95,108000,158.71,83,64800.0, 60.00,2026-04-28
SUBEXLTD, EQ, 28-Apr-2026,9.4,9.45,9.75,9.37,9.61,9.62,9.61,1829018,175.8,2266,889861.0, 48.65,2026-04-28
SUBROS, EQ, 28-Apr-2026,779.1,784.8,796.0,776.05,785.9,783.85,785.89,57965,455.54,3161,28970.0, 49.98,2026-04-28
SUDARCOLOR, EQ, 28-Apr-2026,363.25,369.8,370.9,345.0,350.0,349.45,358.58,15106,54.17,1161,6373.0, 42.19,2026-04-28
SUDARSCHEM, EQ, 28-Apr-2026,884.4,883.3,927.0,883.3,898.45,903.35,905.19,254962,2307.88,14904,101549.0, 39.83,2026-04-28
SUDEEPPHRM, EQ, 28-Apr-2026,679.05,682.3,694.45,680.0,688.0,683.8,685.24,37425,256.45,1741,23096.0, 61.71,2026-04-28
SUKHJITS, EQ, 28-Apr-2026,181.95,179.98,185.74,179.93,183.75,184.14,182.46,10150,18.52,1151,1639.0, 16.15,2026-04-28
SULA, EQ, 28-Apr-2026,177.46,179.6,183.95,177.19,178.35,178.14,179.53,424975,762.95,7578,146917.0, 34.57,2026-04-28
SUMEETINDS, EQ, 28-Apr-2026,30.04,30.04,30.69,29.46,30.0,30.03,29.86,114487,34.18,545,58159.0, 50.80,2026-04-28
SUMICHEM, EQ, 28-Apr-2026,444.8,445.5,446.7,428.45,432.6,431.9,437.41,142567,623.6,6043,70116.0, 49.18,2026-04-28
SUMIT, BE, 28-Apr-2026,52.92,51.11,54.89,51.11,54.89,54.48,54.3,50862,27.62,59,, -,2026-04-28
SUMMITSEC, EQ, 28-Apr-2026,1657.0,1657.0,1674.0,1640.1,1640.1,1650.4,1658.12,2904,48.15,531,1705.0, 58.71,2026-04-28
SUNCLAY, EQ, 28-Apr-2026,1430.7,1436.5,1459.4,1385.5,1388.0,1395.7,1416.8,7697,109.05,1266,4740.0, 61.58,2026-04-28
SUNDARAM, EQ, 28-Apr-2026,1.46,1.46,1.47,1.42,1.43,1.43,1.45,379455,5.5,438,263740.0, 69.50,2026-04-28
SUNDARMFIN, EQ, 28-Apr-2026,4670.1,4670.1,4712.6,4555.0,4581.1,4574.6,4611.11,70565,3253.83,15604,39399.0, 55.83,2026-04-28
SUNDRMBRAK, EQ, 28-Apr-2026,605.3,605.1,617.0,590.0,595.0,598.45,597.84,1067,6.38,81,809.0, 75.82,2026-04-28
SUNDRMFAST, EQ, 28-Apr-2026,818.6,822.2,825.4,805.9,807.0,809.1,811.6,89083,723.0,9463,56335.0, 63.24,2026-04-28
SUNDROP, EQ, 28-Apr-2026,654.3,654.3,664.95,651.05,658.0,661.5,659.98,25133,165.87,473,21583.0, 85.88,2026-04-28
SUNFLAG, EQ, 28-Apr-2026,296.05,296.25,306.6,293.25,294.5,294.48,299.26,277169,829.46,8201,113536.0, 40.96,2026-04-28
SUNLITE, SM, 28-Apr-2026,565.85,574.85,582.8,485.0,535.0,532.7,537.05,265200,1424.24,389,144600.0, 54.52,2026-04-28
SUNPHARMA, EQ, 28-Apr-2026,1733.5,1724.0,1763.9,1714.3,1749.0,1747.3,1743.4,16599167,289389.78,247269,11893470.0, 71.65,2026-04-28
SUNREST, SM, 28-Apr-2026,35.55,36.1,36.1,36.1,36.1,36.1,36.1,1600,0.58,1,1600.0, 100.00,2026-04-28
SUNTECH, SM, 28-Apr-2026,41.75,40.6,40.6,40.6,40.6,40.6,40.6,1600,0.65,1,1600.0, 100.00,2026-04-28
SUNTECK, EQ, 28-Apr-2026,355.35,358.65,358.65,350.15,350.9,352.2,353.03,173312,611.85,5850,73684.0, 42.52,2026-04-28
SUNTV, EQ, 28-Apr-2026,611.0,609.75,612.55,591.05,593.9,595.05,597.31,308579,1843.18,9951,143453.0, 46.49,2026-04-28
SUPERHOUSE, EQ, 28-Apr-2026,152.27,152.01,165.0,152.01,158.0,157.6,159.25,10323,16.44,318,5942.0, 57.56,2026-04-28
SUPERSPIN, EQ, 28-Apr-2026,5.41,5.67,5.67,5.36,5.5,5.5,5.52,15811,0.87,86,14314.0, 90.53,2026-04-28
SUPRAJIT, EQ, 28-Apr-2026,424.25,422.0,425.8,415.0,415.75,416.2,419.71,51944,218.01,2428,29691.0, 57.16,2026-04-28
SUPREME, EQ, 28-Apr-2026,52.13,53.1,53.45,52.02,52.95,52.12,52.63,16128,8.49,1035,5483.0, 34.00,2026-04-28
SUPREMEENG, BZ, 28-Apr-2026,1.01,1.06,1.06,1.0,1.05,1.05,1.03,83958,0.87,98,, -,2026-04-28
SUPREMEIND, EQ, 28-Apr-2026,3692.4,3700.4,3771.7,3617.1,3639.0,3631.9,3674.9,560369,20592.99,38668,207855.0, 37.09,2026-04-28
SUPREMEINF, BZ, 28-Apr-2026,78.65,82.58,82.58,79.07,80.0,80.71,81.53,53331,43.48,164,, -,2026-04-28
SUPREMEPWR, ST, 28-Apr-2026,234.6,246.3,246.3,246.3,246.3,246.3,246.3,50500,124.38,59,49000.0, 97.03,2026-04-28
SUPRIYA, EQ, 28-Apr-2026,704.45,709.0,717.45,700.0,704.95,704.7,707.23,214669,1518.2,10637,91200.0, 42.48,2026-04-28
SURAJEST, EQ, 28-Apr-2026,243.05,246.9,246.9,240.0,241.0,240.73,242.57,63831,154.83,1494,24382.0, 38.20,2026-04-28
SURAJLTD, EQ, 28-Apr-2026,241.91,241.91,244.99,235.25,235.35,235.99,239.08,5578,13.34,154,3574.0, 64.07,2026-04-28
SURAKSHA, EQ, 28-Apr-2026,285.66,284.24,285.66,280.0,284.75,283.27,282.33,10788,30.46,522,6458.0, 59.86,2026-04-28
SURANASOL, EQ, 28-Apr-2026,27.99,28.11,28.95,27.55,27.82,28.18,27.98,141321,39.54,735,80490.0, 56.96,2026-04-28
SURANAT&P, EQ, 28-Apr-2026,19.54,19.6,19.89,19.01,19.19,19.14,19.43,124400,24.17,802,61605.0, 49.52,2026-04-28
SURANI, ST, 28-Apr-2026,129.0,126.5,126.5,126.5,126.5,126.5,126.5,400,0.51,2,400.0, 100.00,2026-04-28
SURYALA, EQ, 28-Apr-2026,350.0,347.0,359.95,341.1,348.8,352.45,349.04,407,1.42,21,404.0, 99.26,2026-04-28
SURYALAXMI, EQ, 28-Apr-2026,58.69,58.71,59.01,55.99,56.5,56.1,57.16,7326,4.19,123,6012.0, 82.06,2026-04-28
SURYAROSNI, EQ, 28-Apr-2026,238.86,245.0,246.79,234.72,241.5,236.79,241.64,902027,2179.67,17361,325257.0, 36.06,2026-04-28
SURYODAY, EQ, 28-Apr-2026,149.38,149.99,150.9,148.0,149.5,150.02,149.73,142955,214.05,2040,87528.0, 61.23,2026-04-28
SUTLEJTEX, EQ, 28-Apr-2026,38.7,37.8,40.75,37.8,40.67,40.36,40.13,229554,92.11,906,120760.0, 52.61,2026-04-28
SUVEN, EQ, 28-Apr-2026,211.6,214.1,229.69,214.1,219.8,218.6,221.99,1015774,2254.97,10381,499267.0, 49.15,2026-04-28
SUVIDHAA, BE, 28-Apr-2026,2.99,3.0,3.08,2.95,3.0,2.96,3.0,67074,2.01,117,, -,2026-04-28
SUYOG, EQ, 28-Apr-2026,766.95,778.0,799.1,753.0,756.0,757.5,771.76,30434,234.88,1454,15165.0, 49.83,2026-04-28
SUZLON, EQ, 28-Apr-2026,56.93,57.15,57.87,56.9,57.33,57.32,57.36,138320111,79345.8,183894,48700771.0, 35.21,2026-04-28
SVLL, EQ, 28-Apr-2026,566.95,511.0,590.0,511.0,590.0,580.15,556.95,1267,7.06,88,184.0, 14.52,2026-04-28
SVPGLOB, EQ, 28-Apr-2026,3.38,3.54,3.54,3.54,3.54,3.54,3.54,53839,1.91,23,53839.0, 100.00,2026-04-28
SWANCORP, EQ, 28-Apr-2026,337.65,336.6,342.75,335.55,339.0,337.35,338.81,560007,1897.38,12664,190180.0, 33.96,2026-04-28
SWANDEF, BE, 28-Apr-2026,1858.2,1859.9,1890.0,1800.0,1839.1,1878.2,1860.11,5800,107.89,479,, -,2026-04-28
SWARAJ, SM, 28-Apr-2026,290.5,293.0,293.4,289.0,289.5,289.9,291.11,51000,148.46,68,10000.0, 19.61,2026-04-28
SWARAJENG, EQ, 28-Apr-2026,3974.0,3970.0,4000.0,3938.0,3994.0,3994.0,3984.86,23887,951.86,2841,9082.0, 38.02,2026-04-28
SWASTIK, ST, 28-Apr-2026,21.75,21.5,22.0,20.7,20.7,20.7,21.13,9600,2.03,8,8400.0, 87.50,2026-04-28
SWELECTES, EQ, 28-Apr-2026,658.2,658.2,682.0,658.2,670.1,673.9,671.37,20639,138.56,1209,9672.0, 46.86,2026-04-28
SWIGGY, EQ, 28-Apr-2026,286.2,286.2,289.9,277.65,285.2,282.3,281.42,8506587,23938.84,60337,3108301.0, 36.54,2026-04-28
SWSOLAR, EQ, 28-Apr-2026,216.01,217.08,218.9,212.5,213.6,213.31,214.83,1700893,3654.08,15984,664006.0, 39.04,2026-04-28
SYLVANPLY, SM, 28-Apr-2026,64.3,61.0,61.25,60.5,60.5,60.5,60.97,16000,9.76,8,14000.0, 87.50,2026-04-28
SYMPHONY, EQ, 28-Apr-2026,854.1,864.95,894.25,857.45,882.0,873.65,877.22,466618,4093.26,24263,156980.0, 33.64,2026-04-28
SYNCOMF, EQ, 28-Apr-2026,14.02,13.8,14.14,13.6,13.95,13.91,13.98,1385792,193.78,2559,559198.0, 40.35,2026-04-28
SYNGENE, EQ, 28-Apr-2026,437.95,435.0,445.6,434.1,440.5,440.25,439.41,816861,3589.37,34116,446528.0, 54.66,2026-04-28
SYNOPTICS, SM, 28-Apr-2026,59.6,56.65,61.5,56.65,61.5,61.5,57.34,4200,2.41,7,2400.0, 57.14,2026-04-28
SYRMA, EQ, 28-Apr-2026,979.4,986.7,986.7,964.4,970.3,971.55,972.97,478655,4657.18,21925,223741.0, 46.74,2026-04-28
SYSTANGO, SM, 28-Apr-2026,275.6,276.0,280.0,276.0,280.0,279.95,276.58,5600,15.49,13,5600.0, 100.00,2026-04-28
SYSTMTXC, EQ, 28-Apr-2026,73.35,76.97,77.0,72.01,75.5,76.53,74.24,90925,67.5,1105,15807.0, 17.38,2026-04-28
TAALTECH, EQ, 28-Apr-2026,2998.7,3046.05,3046.05,2956.1,2999.0,2999.2,2986.76,254,7.59,48,133.0, 52.36,2026-04-28
TAC, SM, 28-Apr-2026,492.7,493.0,501.0,482.0,493.0,490.95,490.74,51200,251.26,192,38600.0, 75.39,2026-04-28
TAINWALCHM, EQ, 28-Apr-2026,208.86,208.01,210.0,203.7,209.65,209.27,206.66,11756,24.3,139,1748.0, 14.87,2026-04-28
TAJGVK, EQ, 28-Apr-2026,332.0,332.5,333.45,319.0,320.0,320.3,324.15,199033,645.16,3584,124813.0, 62.71,2026-04-28
TAKE, BE, 28-Apr-2026,45.34,44.44,44.44,44.44,44.44,44.44,44.44,10923,4.85,51,, -,2026-04-28
TALBROAUTO, EQ, 28-Apr-2026,295.37,290.2,317.49,290.2,312.05,311.96,310.43,567338,1761.18,11154,243901.0, 42.99,2026-04-28
TAMBOLIIN, EQ, 28-Apr-2026,158.0,158.95,160.0,158.0,160.0,159.95,158.53,504,0.8,14,502.0, 99.60,2026-04-28
TANKUP, SM, 28-Apr-2026,571.0,599.45,599.55,597.95,599.55,599.55,599.36,11750,70.43,22,9500.0, 80.85,2026-04-28
TANLA, EQ, 28-Apr-2026,582.95,580.0,582.95,550.4,556.8,559.55,566.07,5861841,33182.08,120015,918502.0, 15.67,2026-04-28
TARACHAND, EQ, 28-Apr-2026,65.33,64.5,66.6,63.13,64.95,64.53,65.28,40642,26.53,1099,25213.0, 62.04,2026-04-28
TARAPUR, EQ, 28-Apr-2026,24.98,25.0,25.38,24.14,24.42,24.23,24.5,30239,7.41,241,20368.0, 67.36,2026-04-28
TARC, EQ, 28-Apr-2026,137.81,137.81,138.24,133.0,134.2,134.38,135.25,342746,463.56,3173,212575.0, 62.02,2026-04-28
TARIL, EQ, 28-Apr-2026,342.65,344.0,350.0,335.6,337.95,337.8,342.87,5087085,17441.9,47612,1607272.0, 31.60,2026-04-28
TARMAT, BE, 28-Apr-2026,53.73,54.8,54.8,53.0,53.48,53.04,53.15,5049,2.68,57,, -,2026-04-28
TARSONS, EQ, 28-Apr-2026,218.7,215.41,222.0,209.2,215.9,212.45,216.88,102780,222.91,2230,52222.0, 50.81,2026-04-28
TASTYBITE, EQ, 28-Apr-2026,6993.5,6999.0,7010.0,6890.0,6901.0,6904.5,6951.53,3059,212.65,738,2557.0, 83.59,2026-04-28
TATACAP, EQ, 28-Apr-2026,333.5,333.6,334.85,325.1,325.8,325.8,328.75,1966358,6464.37,32762,1058664.0, 53.84,2026-04-28
TATACHEM, EQ, 28-Apr-2026,722.3,720.0,818.0,717.1,801.0,802.15,795.8,25165940,200270.67,425312,3007590.0, 11.95,2026-04-28
TATACOMM, EQ, 28-Apr-2026,1574.7,1574.7,1623.0,1569.7,1597.9,1598.6,1605.74,672007,10790.65,48194,335532.0, 49.93,2026-04-28
TATACONSUM, EQ, 28-Apr-2026,1160.5,1150.2,1159.8,1144.0,1147.0,1147.7,1151.05,1646292,18949.68,58261,1049150.0, 63.73,2026-04-28
TATAELXSI, EQ, 28-Apr-2026,4188.7,4188.7,4208.4,4105.5,4142.9,4131.6,4151.1,329648,13684.02,34501,125194.0, 37.98,2026-04-28
TATAGOLD, EQ, 28-Apr-2026,14.57,14.54,14.55,14.38,14.39,14.4,14.47,62737725,9076.32,76839,18742399.0, 29.87,2026-04-28
TATAINVEST, EQ, 28-Apr-2026,713.45,713.45,736.0,710.55,726.0,725.15,727.59,1291631,9397.75,36738,333240.0, 25.80,2026-04-28
TATAPOWER, EQ, 28-Apr-2026,453.2,454.0,464.9,454.0,462.0,461.8,459.41,16158141,74231.51,118958,7724769.0, 47.81,2026-04-28
TATASTEEL, EQ, 28-Apr-2026,213.27,213.2,218.24,212.2,215.58,215.05,215.98,34950491,75485.37,209882,15650745.0, 44.78,2026-04-28
TATATECH, EQ, 28-Apr-2026,592.8,592.9,595.0,565.8,570.9,569.8,577.3,2149178,12407.31,37116,1308123.0, 60.87,2026-04-28
TATSILV, EQ, 28-Apr-2026,23.45,23.38,23.38,22.77,22.86,22.83,22.95,75748166,17383.73,84566,31546462.0, 41.65,2026-04-28
TATVA, EQ, 28-Apr-2026,1326.8,1335.0,1344.7,1317.0,1334.7,1330.4,1329.5,32320,429.7,2762,16526.0, 51.13,2026-04-28
TAURIAN, SM, 28-Apr-2026,280.8,277.0,279.8,267.0,268.35,270.8,273.97,34400,94.24,41,28000.0, 81.40,2026-04-28
TBI, SM, 28-Apr-2026,70.95,70.25,74.75,69.05,69.75,69.85,71.6,57000,40.81,67,47400.0, 83.16,2026-04-28
TBOTEK, EQ, 28-Apr-2026,1268.6,1268.6,1278.3,1245.0,1254.1,1254.4,1258.51,44814,563.99,4812,25818.0, 57.61,2026-04-28
TBZ, EQ, 28-Apr-2026,149.68,149.13,150.95,145.5,146.96,147.03,147.7,144457,213.36,2250,73173.0, 50.65,2026-04-28
TCC, EQ, 28-Apr-2026,398.9,402.85,405.8,380.05,387.0,385.5,389.41,8627,33.59,552,4453.0, 51.62,2026-04-28
TCI, EQ, 28-Apr-2026,968.2,970.8,975.95,932.55,945.0,941.8,957.58,67200,643.49,5602,35642.0, 53.04,2026-04-28
TCIEXP, EQ, 28-Apr-2026,524.3,529.5,529.5,517.8,518.2,519.85,521.25,10537,54.92,721,6084.0, 57.74,2026-04-28
TCIFINANCE, EQ, 28-Apr-2026,14.33,14.78,14.78,14.1,14.3,14.3,14.42,18134,2.62,153,10522.0, 58.02,2026-04-28
TCL, SM, 28-Apr-2026,97.85,99.8,115.0,99.8,103.45,102.35,103.9,40800,42.39,45,24800.0, 60.78,2026-04-28
TCPLPACK, EQ, 28-Apr-2026,2663.5,2657.7,2724.9,2602.5,2682.7,2639.2,2665.3,3169,84.46,716,1571.0, 49.57,2026-04-28
TCS, EQ, 28-Apr-2026,2447.6,2444.0,2487.0,2427.4,2450.7,2444.7,2452.87,4508363,110584.22,202414,2766449.0, 61.36,2026-04-28
TDPOWERSYS, EQ, 28-Apr-2026,1089.8,1093.0,1154.8,1092.0,1154.0,1145.55,1133.15,1214816,13765.68,42248,484140.0, 39.85,2026-04-28
TEAMGTY, EQ, 28-Apr-2026,262.0,261.99,266.99,258.0,258.0,258.0,259.08,524,1.36,12,522.0, 99.62,2026-04-28
TEAMLEASE, EQ, 28-Apr-2026,1250.0,1255.0,1259.9,1210.0,1245.0,1241.9,1229.89,37807,464.98,4015,8032.0, 21.24,2026-04-28
TECH, EQ, 28-Apr-2026,31.73,32.36,32.5,31.49,32.35,31.79,31.54,160020,50.47,267,146938.0, 91.82,2026-04-28
TECHD, SM, 28-Apr-2026,534.5,557.8,557.8,539.0,539.0,539.0,546.92,11400,62.35,19,6000.0, 52.63,2026-04-28
TECHERA, SM, 28-Apr-2026,206.35,206.0,215.8,203.25,212.6,211.4,211.44,82400,174.23,99,56800.0, 68.93,2026-04-28
TECHLABS, SM, 28-Apr-2026,212.6,219.8,221.95,210.05,216.05,216.75,217.09,18625,40.43,110,11125.0, 59.73,2026-04-28
TECHM, EQ, 28-Apr-2026,1396.1,1392.5,1413.0,1383.6,1412.5,1408.1,1403.59,2009200,28200.94,76680,1214288.0, 60.44,2026-04-28
TECHNOE, EQ, 28-Apr-2026,1280.45,1287.0,1297.75,1258.8,1265.0,1263.8,1276.37,148427,1894.48,11816,68298.0, 46.01,2026-04-28
TECHNVISN, EQ, 28-Apr-2026,5744.6,5715.9,5862.0,5620.0,5860.0,5783.35,5734.27,122,7.0,20,104.0, 85.25,2026-04-28
TECILCHEM, EQ, 28-Apr-2026,13.04,13.01,13.8,12.35,12.75,12.88,13.1,9846,1.29,114,8041.0, 81.67,2026-04-28
TEGA, EQ, 28-Apr-2026,1699.7,1695.0,1703.7,1664.0,1673.7,1672.3,1680.46,34448,578.89,3461,22251.0, 64.59,2026-04-28
TEJASNET, EQ, 28-Apr-2026,413.95,414.0,417.35,410.55,412.5,412.75,413.2,942305,3893.58,17585,316730.0, 33.61,2026-04-28
TEMBO, EQ, 28-Apr-2026,605.95,613.45,613.45,596.05,604.9,601.6,602.08,67380,405.68,2553,35419.0, 52.57,2026-04-28
TENNIND, EQ, 28-Apr-2026,565.35,569.9,571.9,556.0,565.65,566.15,565.19,333671,1885.88,21589,190308.0, 57.03,2026-04-28
TERASOFT, EQ, 28-Apr-2026,352.75,354.75,360.0,347.55,349.1,349.45,353.35,8938,31.58,468,4618.0, 51.67,2026-04-28
TEXINFRA, EQ, 28-Apr-2026,96.86,97.0,101.0,96.5,98.8,98.88,98.67,154476,152.42,1589,78430.0, 50.77,2026-04-28
TEXMOPIPES, EQ, 28-Apr-2026,46.91,48.78,48.78,47.05,47.31,47.41,47.58,15504,7.38,271,8590.0, 55.41,2026-04-28
TEXRAIL, EQ, 28-Apr-2026,107.15,107.07,107.4,105.25,106.0,105.93,106.32,1426936,1517.1,7986,562223.0, 39.40,2026-04-28
TFCILTD, EQ, 28-Apr-2026,73.18,73.45,74.75,72.25,72.78,72.65,73.39,1436094,1053.99,5669,689245.0, 47.99,2026-04-28
TFL, EQ, 28-Apr-2026,12.3,12.85,12.85,12.01,12.39,12.18,12.18,23804,2.9,116,10150.0, 42.64,2026-04-28
TGBHOTELS, EQ, 28-Apr-2026,9.47,9.74,9.74,9.4,9.7,9.69,9.67,12418,1.2,104,11334.0, 91.27,2026-04-28
TGL, ST, 28-Apr-2026,28.3,27.75,27.75,27.75,27.75,27.75,27.75,11600,3.22,29,11600.0, 100.00,2026-04-28
THACKER, EQ, 28-Apr-2026,1074.0,1069.95,1085.0,1067.0,1085.0,1085.0,1068.41,51,0.54,13,48.0, 94.12,2026-04-28
THAKDEV, EQ, 28-Apr-2026,137.0,143.85,143.85,130.15,130.15,134.6,131.71,132,0.17,17,124.0, 93.94,2026-04-28
THANGAMAYL, EQ, 28-Apr-2026,3946.5,3946.5,3999.0,3905.5,3980.0,3967.9,3955.87,58972,2332.86,9036,19077.0, 32.35,2026-04-28
THEINVEST, EQ, 28-Apr-2026,109.41,109.41,112.71,106.25,109.01,111.95,110.7,5210,5.77,236,3520.0, 67.56,2026-04-28
THEJO, EQ, 28-Apr-2026,1750.4,1765.0,1783.6,1728.0,1744.2,1762.3,1752.3,9959,174.51,894,5499.0, 55.22,2026-04-28
THELEELA, EQ, 28-Apr-2026,426.9,426.0,430.0,405.0,419.9,419.8,417.44,1841533,7687.33,35619,963135.0, 52.30,2026-04-28
THEMISMED, EQ, 28-Apr-2026,97.42,97.54,98.08,93.25,94.6,94.34,95.3,46311,44.13,1024,24902.0, 53.77,2026-04-28
THERMAX, EQ, 28-Apr-2026,4156.3,4167.0,4174.9,3980.0,4009.0,4015.3,4056.52,119561,4850.01,20453,49656.0, 41.53,2026-04-28
THESL, SM, 28-Apr-2026,15.2,14.7,14.7,14.45,14.45,14.45,14.49,18000,2.61,6,9000.0, 50.00,2026-04-28
THOMASCOOK, EQ, 28-Apr-2026,99.2,99.19,99.76,97.69,98.7,98.58,98.79,1065904,1053.03,7006,595201.0, 55.84,2026-04-28
THOMASCOTT, EQ, 28-Apr-2026,267.31,272.0,273.41,262.03,264.97,264.26,267.42,8206,21.94,522,4284.0, 52.21,2026-04-28
THYROCARE, EQ, 28-Apr-2026,412.45,412.45,414.7,400.0,406.7,406.6,409.94,79615,326.37,4285,41449.0, 52.06,2026-04-28
TI, EQ, 28-Apr-2026,462.35,462.35,462.35,452.2,457.7,459.6,457.25,329473,1506.51,12144,164765.0, 50.01,2026-04-28
TICL, EQ, 28-Apr-2026,24.88,24.88,25.7,23.12,23.9,23.83,24.5,466065,114.21,972,109997.0, 23.60,2026-04-28
TIGERLOGS, EQ, 28-Apr-2026,31.88,32.4,36.7,31.8,36.2,35.71,34.52,296907,102.5,2089,148941.0, 50.16,2026-04-28
TIIL, EQ, 28-Apr-2026,2513.0,2513.0,2574.9,2503.2,2521.0,2540.3,2548.77,9625,245.32,1595,4848.0, 50.37,2026-04-28
TIINDIA, EQ, 28-Apr-2026,2994.4,2992.1,3034.0,2950.6,3016.0,3001.0,2997.59,275588,8261.01,25026,129550.0, 47.01,2026-04-28
TIJARIA, BE, 28-Apr-2026,4.61,4.61,4.61,4.55,4.6,4.6,4.58,2080,0.1,19,, -,2026-04-28
TIL, EQ, 28-Apr-2026,201.33,202.0,207.35,202.0,206.8,206.05,204.82,39360,80.62,1114,22444.0, 57.02,2026-04-28
TILPP, E1, 28-Apr-2026,153.64,159.0,159.0,154.01,156.59,156.2,155.81,3312,5.16,26,3102.0, 93.66,2026-04-28
TIMESCAN, SM, 28-Apr-2026,40.0,40.0,42.0,40.0,42.0,42.0,41.0,4000,1.64,2,4000.0, 100.00,2026-04-28
TIMETECHNO, EQ, 28-Apr-2026,186.68,186.75,189.89,183.6,185.3,184.88,187.13,2552420,4776.47,16743,485496.0, 19.02,2026-04-28
TIMEX, EQ, 28-Apr-2026,341.9,342.9,357.0,339.55,351.0,354.0,349.08,307049,1071.85,4813,216217.0, 70.42,2026-04-28
TIMKEN, EQ, 28-Apr-2026,3555.8,3565.4,3600.0,3510.1,3539.0,3535.4,3542.82,24912,882.59,5539,12066.0, 48.43,2026-04-28
TINNARUBR, EQ, 28-Apr-2026,716.55,720.0,733.65,715.3,722.0,723.8,724.81,12248,88.77,1210,6432.0, 52.51,2026-04-28
TIPSFILMS, EQ, 28-Apr-2026,390.35,384.5,391.9,373.45,375.1,378.9,385.71,5361,20.68,408,3594.0, 67.04,2026-04-28
TIPSMUSIC, EQ, 28-Apr-2026,680.75,682.0,682.0,652.1,660.0,658.85,659.25,449356,2962.37,19501,199162.0, 44.32,2026-04-28
TIRUMALCHM, EQ, 28-Apr-2026,199.16,201.4,202.46,197.25,197.35,197.93,200.0,160395,320.78,3326,60192.0, 37.53,2026-04-28
TIRUPATI, SM, 28-Apr-2026,464.45,468.0,468.0,468.0,468.0,468.0,468.0,250,1.17,1,250.0, 100.00,2026-04-28
TIRUPATIFL, BE, 28-Apr-2026,44.53,44.49,45.89,43.7,45.89,45.29,44.74,311563,139.41,780,, -,2026-04-28
TITAGARH, EQ, 28-Apr-2026,798.3,800.0,803.1,782.25,787.7,786.05,791.11,660303,5223.74,20016,218697.0, 33.12,2026-04-28
TITAN, EQ, 28-Apr-2026,4441.8,4412.3,4475.0,4395.4,4420.0,4417.0,4439.92,620778,27562.07,71404,361438.0, 58.22,2026-04-28
TMB, EQ, 28-Apr-2026,697.3,688.0,760.0,684.95,735.0,738.55,738.77,4114483,30396.7,112063,751566.0, 18.27,2026-04-28
TMCV, EQ, 28-Apr-2026,420.75,420.75,428.15,416.45,419.0,418.3,422.03,5942917,25080.91,96350,2956004.0, 49.74,2026-04-28
TMPV, EQ, 28-Apr-2026,354.35,354.35,356.0,349.35,351.2,350.8,352.48,7247106,25544.85,98814,3720918.0, 51.34,2026-04-28
TNIDETF, EQ, 28-Apr-2026,80.99,81.87,82.44,80.36,81.02,80.54,80.65,79457,64.09,961,71386.0, 89.84,2026-04-28
TNPETRO, EQ, 28-Apr-2026,90.16,90.0,91.87,89.3,89.5,89.91,90.35,101319,91.55,1306,39972.0, 39.45,2026-04-28
TNPL, EQ, 28-Apr-2026,147.74,147.85,155.0,147.74,152.0,152.21,152.51,437665,667.48,6347,188690.0, 43.11,2026-04-28
TNTELE, EQ, 28-Apr-2026,10.51,10.2,10.99,9.6,10.36,10.35,10.45,63601,6.65,236,26549.0, 41.74,2026-04-28
TOKYOPLAST, BE, 28-Apr-2026,92.7,91.8,96.9,91.49,92.63,92.6,94.12,2821,2.66,62,, -,2026-04-28
TOLINS, EQ, 28-Apr-2026,110.29,111.0,112.0,109.08,110.5,110.75,110.18,61753,68.04,1300,31698.0, 51.33,2026-04-28
TOP100CASE, EQ, 28-Apr-2026,10.46,10.54,10.54,10.4,10.46,10.42,10.45,755208,78.89,1368,429257.0, 56.84,2026-04-28
TOP10ADD, EQ, 28-Apr-2026,88.04,88.31,88.65,87.81,88.27,87.97,88.25,120772,106.58,910,100604.0, 83.30,2026-04-28
TOP15IETF, EQ, 28-Apr-2026,9.88,9.92,9.92,9.8,9.81,9.81,9.84,337139,33.16,385,189065.0, 56.08,2026-04-28
TOP20, EQ, 28-Apr-2026,8.75,8.77,8.77,8.68,8.7,8.68,8.7,71364,6.21,232,69590.0, 97.51,2026-04-28
TORNTPHARM, EQ, 28-Apr-2026,4219.8,4219.8,4250.4,4172.8,4186.1,4182.9,4207.19,322631,13573.68,27473,177792.0, 55.11,2026-04-28
TORNTPOWER, EQ, 28-Apr-2026,1772.5,1774.0,1816.6,1740.3,1755.2,1754.9,1773.63,988176,17526.55,45717,483042.0, 48.88,2026-04-28
TOTAL, EQ, 28-Apr-2026,55.85,55.85,58.0,53.9,57.0,57.53,56.87,8391,4.77,140,6310.0, 75.20,2026-04-28
TOUCHWOOD, EQ, 28-Apr-2026,75.45,76.8,76.88,75.0,76.39,76.2,76.11,403,0.31,27,352.0, 87.34,2026-04-28
TPHQ, EQ, 28-Apr-2026,0.57,0.57,0.59,0.57,0.58,0.57,0.58,1521243,8.84,419,609797.0, 40.09,2026-04-28
TPLPLASTEH, EQ, 28-Apr-2026,67.38,67.98,68.7,66.72,67.5,67.27,67.61,154592,104.52,680,26387.0, 17.07,2026-04-28
TRACXN, EQ, 28-Apr-2026,33.18,32.42,33.84,32.11,32.2,32.51,32.89,145584,47.89,1237,73233.0, 50.30,2026-04-28
TRANSPEK, EQ, 28-Apr-2026,1177.2,1193.99,1201.0,1160.0,1201.0,1185.34,1187.55,1346,15.98,134,1230.0, 91.38,2026-04-28
TRANSRAILL, EQ, 28-Apr-2026,598.35,603.0,617.0,598.8,614.9,612.95,610.24,983161,5999.64,27251,424918.0, 43.22,2026-04-28
TRANSTEEL, SM, 28-Apr-2026,132.6,135.0,135.5,131.3,134.95,134.3,133.46,72000,96.09,63,56000.0, 77.78,2026-04-28
TRANSWORLD, EQ, 28-Apr-2026,176.07,177.73,178.0,166.0,168.45,167.61,170.2,27223,46.33,892,16229.0, 59.62,2026-04-28
TRAVELFOOD, EQ, 28-Apr-2026,1283.5,1283.0,1295.0,1277.9,1281.0,1284.8,1287.51,37515,483.01,4148,24063.0, 64.14,2026-04-28
TREEHOUSE, BE, 28-Apr-2026,8.1,8.1,8.35,8.09,8.24,8.24,8.19,4891,0.4,38,, -,2026-04-28
TREJHARA, EQ, 28-Apr-2026,162.33,168.8,168.8,156.0,158.34,157.2,161.1,53286,85.84,2327,12158.0, 22.82,2026-04-28
TREL, EQ, 28-Apr-2026,26.88,27.5,27.5,26.6,26.61,26.93,26.91,38035,10.24,274,22467.0, 59.07,2026-04-28
TRENT, EQ, 28-Apr-2026,4260.8,4260.8,4269.9,4202.0,4266.0,4253.9,4237.96,895472,37949.72,64294,321683.0, 35.92,2026-04-28
TRF, EQ, 28-Apr-2026,269.61,268.57,274.72,264.0,272.1,269.68,268.82,26017,69.94,1321,12956.0, 49.80,2026-04-28
TRIDENT, EQ, 28-Apr-2026,26.17,26.0,26.3,25.9,26.15,26.09,26.12,4801586,1253.97,12826,2057377.0, 42.85,2026-04-28
TRIGYN, EQ, 28-Apr-2026,58.35,58.35,59.5,57.3,57.42,57.91,58.5,15984,9.35,294,9415.0, 58.90,2026-04-28
TRITURBINE, EQ, 28-Apr-2026,580.0,582.9,590.0,572.25,582.0,581.65,582.34,1386666,8075.08,28909,294158.0, 21.21,2026-04-28
TRIVENI, EQ, 28-Apr-2026,416.1,415.9,415.95,403.2,406.0,405.5,408.53,208599,852.19,7747,98006.0, 46.98,2026-04-28
TROM, SM, 28-Apr-2026,69.85,74.8,74.8,70.5,71.5,71.5,72.46,4800,3.48,8,4200.0, 87.50,2026-04-28
TRU, EQ, 28-Apr-2026,6.6,6.73,6.89,6.36,6.46,6.44,6.51,195796,12.74,274,112989.0, 57.71,2026-04-28
TRUALT, EQ, 28-Apr-2026,477.45,477.0,485.0,459.45,476.95,476.75,473.05,451220,2134.51,10291,241512.0, 53.52,2026-04-28
TRUST, SM, 28-Apr-2026,41.2,41.2,41.2,39.9,39.9,39.9,40.77,1800,0.73,3,1800.0, 100.00,2026-04-28
TSC, SM, 28-Apr-2026,38.55,38.55,38.55,36.0,36.95,36.95,36.79,10000,3.68,5,6000.0, 60.00,2026-04-28
TSFINV, EQ, 28-Apr-2026,412.9,416.95,416.95,404.1,405.9,406.1,409.75,42230,173.04,2826,23932.0, 56.67,2026-04-28
TTKHLTCARE, EQ, 28-Apr-2026,908.55,908.55,917.95,895.0,908.0,897.95,905.43,2024,18.33,341,1068.0, 52.77,2026-04-28
TTKPRESTIG, EQ, 28-Apr-2026,525.1,529.0,529.55,508.0,514.0,513.95,514.03,53810,276.6,3419,26546.0, 49.33,2026-04-28
TTL, BE, 28-Apr-2026,7.99,8.0,8.18,7.91,7.99,7.99,8.0,209215,16.73,111,, -,2026-04-28
TTML, EQ, 28-Apr-2026,44.66,44.56,44.98,44.07,44.09,44.29,44.36,2572394,1141.23,10540,892504.0, 34.70,2026-04-28
TUNWAL, SM, 28-Apr-2026,31.45,31.75,31.75,31.05,31.2,31.3,31.32,76000,23.8,30,48000.0, 63.16,2026-04-28
TVSELECT, EQ, 28-Apr-2026,470.95,472.0,479.5,462.15,469.1,466.5,470.6,74334,349.82,2618,31111.0, 41.85,2026-04-28
TVSHLTD, EQ, 28-Apr-2026,14459.0,14490.0,14515.0,14228.0,14271.0,14379.0,14384.59,2984,429.24,1383,2169.0, 72.69,2026-04-28
TVSMOTOR, EQ, 28-Apr-2026,3552.6,3557.9,3565.0,3482.8,3497.6,3495.9,3513.99,446619,15694.13,37576,238619.0, 53.43,2026-04-28
TVSSCS, BE, 28-Apr-2026,114.86,115.0,119.0,115.0,117.61,117.27,117.45,200364,235.33,2531,, -,2026-04-28
TVSSRICHAK, EQ, 28-Apr-2026,3862.5,3886.2,3947.9,3807.0,3840.0,3841.8,3862.64,2541,98.15,727,1379.0, 54.27,2026-04-28
TVTODAY, EQ, 28-Apr-2026,113.76,113.0,115.34,112.06,112.9,113.22,113.8,36760,41.83,638,16875.0, 45.91,2026-04-28
TVVISION, EQ, 28-Apr-2026,5.35,5.5,5.5,5.22,5.37,5.35,5.37,3066,0.16,81,2927.0, 95.47,2026-04-28
TWCGOLDETF, EQ, 28-Apr-2026,149.54,149.54,149.54,147.35,147.35,147.54,147.64,3426,5.06,38,3260.0, 95.15,2026-04-28
UBL, EQ, 28-Apr-2026,1479.2,1485.0,1498.7,1472.0,1472.0,1477.2,1484.75,150698,2237.49,10427,42672.0, 28.32,2026-04-28
UCAL, EQ, 28-Apr-2026,100.61,101.03,102.49,100.51,102.16,101.96,101.82,2760,2.81,181,2203.0, 79.82,2026-04-28
UCL, ST, 28-Apr-2026,117.75,119.0,120.1,115.4,120.1,120.1,119.12,26000,30.97,12,26000.0, 100.00,2026-04-28
UCOBANK, EQ, 28-Apr-2026,26.55,26.49,26.51,26.17,26.24,26.26,26.32,6492194,1708.55,12786,3123256.0, 48.11,2026-04-28
UDS, EQ, 28-Apr-2026,161.99,161.0,164.0,158.72,159.89,160.18,161.04,117643,189.46,2670,57668.0, 49.02,2026-04-28
UEL, EQ, 28-Apr-2026,164.45,169.8,169.8,160.0,164.8,162.01,163.8,6995,11.46,371,4122.0, 58.93,2026-04-28
UFBL, EQ, 28-Apr-2026,307.51,310.0,343.5,306.45,337.0,337.33,330.61,208397,688.97,4801,99032.0, 47.52,2026-04-28
UFLEX, EQ, 28-Apr-2026,396.5,398.5,442.85,395.05,431.15,431.85,428.41,594855,2548.44,13796,134769.0, 22.66,2026-04-28
UFO, EQ, 28-Apr-2026,71.33,71.05,74.53,70.81,72.63,73.01,73.02,153475,112.06,1413,69040.0, 44.98,2026-04-28
UGARSUGAR, EQ, 28-Apr-2026,41.96,42.0,42.69,40.82,41.25,41.3,41.84,329471,137.85,2371,158141.0, 48.00,2026-04-28
UGROCAP, EQ, 28-Apr-2026,107.42,107.01,109.83,106.71,108.0,108.9,108.6,369483,401.25,5200,174283.0, 47.17,2026-04-28
UHTL, SM, 28-Apr-2026,51.45,51.0,51.15,50.0,51.15,51.15,50.78,12000,6.09,6,12000.0, 100.00,2026-04-28
UJJIVANSFB, EQ, 28-Apr-2026,57.52,57.55,58.0,56.0,56.09,56.07,56.58,10062901,5693.62,26892,5265290.0, 52.32,2026-04-28
ULTRACEMCO, EQ, 28-Apr-2026,12010.0,12282.0,12282.0,11790.0,11822.0,11817.0,11885.94,509322,60537.73,68290,225561.0, 44.29,2026-04-28
ULTRAMAR, EQ, 28-Apr-2026,409.2,410.0,411.65,396.35,399.8,399.9,401.45,14378,57.72,1114,11508.0, 80.04,2026-04-28
UMAEXPORTS, BE, 28-Apr-2026,27.01,27.01,27.4,25.71,26.9,26.46,26.73,34500,9.22,176,, -,2026-04-28
UMESLTD, BE, 28-Apr-2026,5.86,5.86,6.14,5.82,5.94,5.86,6.0,10992,0.66,39,, -,2026-04-28
UMIYA-MRO, EQ, 28-Apr-2026,87.58,89.4,89.4,86.61,88.4,87.46,88.21,32686,28.83,407,23678.0, 72.44,2026-04-28
UNICHEMLAB, EQ, 28-Apr-2026,376.8,378.3,378.3,366.0,369.0,366.9,370.98,13170,48.86,961,7191.0, 54.60,2026-04-28
UNIDT, EQ, 28-Apr-2026,211.88,213.0,213.0,208.54,210.4,210.49,210.76,6062,12.78,161,3313.0, 54.65,2026-04-28
UNIECOM, EQ, 28-Apr-2026,108.49,100.96,103.86,98.1,98.25,98.46,99.67,1975937,1969.42,11527,847947.0, 42.91,2026-04-28
UNIENTER, EQ, 28-Apr-2026,108.15,108.14,110.6,105.32,109.0,108.06,108.32,2212,2.4,62,1594.0, 72.06,2026-04-28
UNIHEALTH, ST, 28-Apr-2026,503.9,498.0,506.0,485.0,485.0,490.35,498.35,12000,59.8,12,12000.0, 100.00,2026-04-28
UNIINFO, EQ, 28-Apr-2026,14.24,14.14,14.69,13.21,13.5,13.49,13.54,35828,4.85,230,29642.0, 82.73,2026-04-28
UNILEX, SM, 28-Apr-2026,28.0,29.0,29.0,28.0,28.0,28.0,28.67,4800,1.38,3,4800.0, 100.00,2026-04-28
UNIMECH, EQ, 28-Apr-2026,1023.95,1028.0,1120.0,1023.95,1109.95,1110.3,1092.13,459713,5020.67,27227,180443.0, 39.25,2026-04-28
UNIONBANK, EQ, 28-Apr-2026,176.1,173.25,174.3,169.17,171.05,170.48,171.02,37573622,64257.73,109083,21516963.0, 57.27,2026-04-28
UNIONGOLD, EQ, 28-Apr-2026,147.1,145.2,150.4,144.15,144.4,144.65,145.37,8404,12.22,122,3854.0, 45.86,2026-04-28
UNIPARTS, EQ, 28-Apr-2026,513.0,512.4,540.0,512.0,529.95,527.55,527.11,223461,1177.89,6303,93804.0, 41.98,2026-04-28
UNITDSPR, EQ, 28-Apr-2026,1391.6,1397.0,1398.0,1370.2,1372.5,1374.4,1379.01,582625,8034.46,35566,316321.0, 54.29,2026-04-28
UNITECH, EQ, 28-Apr-2026,4.81,4.8,4.86,4.76,4.83,4.81,4.81,2209487,106.33,5140,1459881.0, 66.07,2026-04-28
UNITEDPOLY, EQ, 28-Apr-2026,30.67,31.25,32.16,30.65,31.0,31.03,31.05,207205,64.34,920,66861.0, 32.27,2026-04-28
UNITEDTEA, EQ, 28-Apr-2026,539.9,540.0,545.9,533.6,545.0,540.35,539.05,1102,5.94,146,652.0, 59.17,2026-04-28
UNIVASTU, EQ, 28-Apr-2026,69.24,69.0,71.4,67.12,67.56,68.36,69.44,132035,91.69,833,81004.0, 61.35,2026-04-28
UNIVCABLES, EQ, 28-Apr-2026,858.85,865.7,882.55,858.15,870.05,866.95,868.86,54289,471.69,3424,22932.0, 42.24,2026-04-28
UNIVPHOTO, BE, 28-Apr-2026,426.0,423.9,447.3,415.8,447.3,447.1,442.25,2901,12.83,96,, -,2026-04-28
UNOMINDA, EQ, 28-Apr-2026,1130.9,1131.1,1134.7,1119.7,1128.1,1129.7,1128.73,603095,6807.31,40732,324920.0, 53.88,2026-04-28
UPL, EQ, 28-Apr-2026,639.5,636.8,651.9,634.95,646.5,645.5,645.1,2114630,13641.52,52468,1211705.0, 57.30,2026-04-28
URAVIDEF, BE, 28-Apr-2026,145.2,146.0,146.0,140.0,144.75,144.75,142.98,3267,4.67,66,, -,2026-04-28
URBAN, SM, 28-Apr-2026,143.0,143.0,145.2,140.8,140.8,140.8,142.8,13600,19.42,16,8000.0, 58.82,2026-04-28
URBANCO, EQ, 28-Apr-2026,144.0,143.98,144.9,142.0,143.0,142.84,143.13,1545782,2212.49,10999,615875.0, 39.84,2026-04-28
URJA, EQ, 28-Apr-2026,10.91,11.0,13.09,10.92,12.54,12.64,12.47,21629363,2697.53,15013,5858268.0, 27.08,2026-04-28
USHAFIN, SM, 28-Apr-2026,34.1,33.3,34.0,33.3,33.35,33.35,33.51,6400,2.14,4,4800.0, 75.00,2026-04-28
USHAMART, EQ, 28-Apr-2026,460.35,462.9,469.85,453.15,456.0,457.5,460.73,438738,2021.39,12803,223274.0, 50.89,2026-04-28
USK, BE, 28-Apr-2026,24.01,24.01,24.38,23.53,24.19,24.13,23.97,10874,2.61,78,, -,2026-04-28
UTIAMC, EQ, 28-Apr-2026,974.95,973.95,973.95,961.0,962.0,962.5,964.58,141436,1364.26,12047,74086.0, 52.38,2026-04-28
UTKARSHBNK, EQ, 28-Apr-2026,14.27,14.25,14.31,13.96,14.03,14.03,14.12,4481727,633.03,5973,2074993.0, 46.30,2026-04-28
UTLSOLAR, EQ, 28-Apr-2026,303.01,303.0,310.6,299.41,305.5,305.94,305.8,670900,2051.6,12948,317415.0, 47.31,2026-04-28
UTSSAV, SM, 28-Apr-2026,252.3,254.55,254.55,244.0,246.0,245.0,247.23,42600,105.32,54,30600.0, 71.83,2026-04-28
UTTAMSUGAR, EQ, 28-Apr-2026,260.41,260.05,263.51,250.62,253.0,253.3,255.1,101236,258.25,1809,42093.0, 41.58,2026-04-28
UYFINCORP, EQ, 28-Apr-2026,14.47,14.47,14.47,14.07,14.36,14.36,14.3,11789,1.69,108,8480.0, 71.93,2026-04-28
V2RETAIL, EQ, 28-Apr-2026,205.75,205.01,207.89,201.02,203.5,203.88,204.13,537502,1097.23,9332,220523.0, 41.03,2026-04-28
VADILALIND, EQ, 28-Apr-2026,4693.9,4725.0,4810.0,4695.0,4752.0,4757.1,4759.0,24737,1177.23,3480,10108.0, 40.86,2026-04-28
VAIBHAVGBL, EQ, 28-Apr-2026,220.67,220.67,223.4,219.0,219.2,219.83,221.52,132285,293.03,3820,64365.0, 48.66,2026-04-28
VAISHALI, BE, 28-Apr-2026,8.12,8.19,8.28,7.9,8.15,8.05,8.09,62349,5.04,206,, -,2026-04-28
VAKRANGEE, EQ, 28-Apr-2026,7.02,7.08,7.09,6.98,7.03,7.01,7.02,1139074,79.94,1577,617314.0, 54.19,2026-04-28
VAL30IETF, EQ, 28-Apr-2026,16.01,16.07,16.18,16.0,16.18,16.09,16.1,554749,89.3,450,400095.0, 72.12,2026-04-28
VALIANTLAB, EQ, 28-Apr-2026,75.89,77.55,81.0,77.27,80.0,79.62,79.61,106515,84.79,1328,73131.0, 68.66,2026-04-28
VALIANTORG, EQ, 28-Apr-2026,272.72,280.0,297.22,271.37,273.0,275.44,286.87,179643,515.34,4248,43614.0, 24.28,2026-04-28
VALUE, EQ, 28-Apr-2026,16.75,16.75,16.91,16.75,16.8,16.8,16.84,52472,8.84,85,37161.0, 70.82,2026-04-28
VARDHACRLC, EQ, 28-Apr-2026,35.71,36.29,36.47,35.1,35.6,35.36,35.76,14334,5.13,186,10397.0, 72.53,2026-04-28
VARDMNPOLY, BE, 28-Apr-2026,7.04,7.04,7.07,6.85,6.96,6.95,6.94,176491,12.24,245,, -,2026-04-28
VARROC, EQ, 28-Apr-2026,521.35,521.3,524.75,513.0,513.0,515.15,518.06,57519,297.98,4469,30053.0, 52.25,2026-04-28
VASCONEQ, EQ, 28-Apr-2026,38.42,38.0,41.2,38.0,40.5,40.2,39.72,1922694,763.66,6830,736445.0, 38.30,2026-04-28
VASWANI, EQ, 28-Apr-2026,57.58,59.46,59.46,56.12,59.0,58.04,58.33,32202,18.78,632,19339.0, 60.06,2026-04-28
VBL, EQ, 28-Apr-2026,518.85,521.5,529.4,515.05,519.5,518.55,521.6,14074482,73412.29,146823,5554304.0, 39.46,2026-04-28
VCL, EQ, 28-Apr-2026,1.41,1.45,1.48,1.45,1.48,1.48,1.48,510490,7.54,169,507888.0, 99.49,2026-04-28
VDEAL, SM, 28-Apr-2026,177.85,180.0,180.0,173.0,177.45,177.45,177.04,5400,9.56,9,4200.0, 77.78,2026-04-28
VEDL, EQ, 28-Apr-2026,742.5,747.0,757.95,728.7,742.5,739.3,744.8,37978285,282863.16,356956,22936152.0, 60.39,2026-04-28
VEEDOL, EQ, 28-Apr-2026,1414.9,1414.9,1427.7,1404.9,1410.1,1414.9,1418.04,10114,143.42,1388,5308.0, 52.48,2026-04-28
VEEKAYEM, ST, 28-Apr-2026,147.0,140.0,147.8,140.0,140.0,140.0,141.95,2000,2.84,4,1500.0, 75.00,2026-04-28
VELJAN, EQ, 28-Apr-2026,1042.4,1042.4,1042.4,1010.3,1034.0,1034.0,1032.83,34,0.35,24,19.0, 55.88,2026-04-28
VELS, SM, 28-Apr-2026,68.35,71.75,71.75,71.75,71.75,71.75,71.75,1200,0.86,1,1200.0, 100.00,2026-04-28
VENKEYS, EQ, 28-Apr-2026,1596.4,1596.4,1596.8,1560.0,1573.0,1567.8,1573.61,19558,307.77,2274,11092.0, 56.71,2026-04-28
VENTIVE, EQ, 28-Apr-2026,613.15,620.5,632.0,609.95,621.0,621.05,619.29,63867,395.52,1630,42257.0, 66.16,2026-04-28
VENUSPIPES, EQ, 28-Apr-2026,1431.4,1427.15,1455.95,1404.0,1410.0,1413.05,1436.96,49827,715.99,3472,29493.0, 59.19,2026-04-28
VENUSREM, EQ, 28-Apr-2026,937.3,959.95,959.95,905.2,915.3,912.2,918.64,44493,408.73,2399,27194.0, 61.12,2026-04-28
VERANDA, EQ, 28-Apr-2026,160.1,160.75,192.12,158.11,187.4,188.15,179.69,2090137,3755.84,24805,586970.0, 28.08,2026-04-28
VERITAAS, SM, 28-Apr-2026,53.1,50.45,50.45,50.45,50.45,50.45,50.45,3600,1.82,3,1200.0, 33.33,2026-04-28
VERTIS, IV, 28-Apr-2026,107.5,107.5,108.0,107.5,108.0,108.0,107.9,125000,134.88,4,125000.0, 100.00,2026-04-28
VERTOZ, EQ, 28-Apr-2026,51.43,51.0,52.11,51.0,51.85,51.18,51.47,69652,35.85,463,47147.0, 67.69,2026-04-28
VESUVIUS, EQ, 28-Apr-2026,525.8,528.9,530.4,516.25,518.6,519.45,522.57,63201,330.27,3907,34515.0, 54.61,2026-04-28
VETO, EQ, 28-Apr-2026,106.8,108.0,111.8,106.36,110.8,110.5,109.99,75939,83.52,1632,39812.0, 52.43,2026-04-28
VGINFOTECH, SM, 28-Apr-2026,150.5,153.0,156.0,150.65,151.1,151.1,153.75,25000,38.44,25,15000.0, 60.00,2026-04-28
VGL, EQ, 28-Apr-2026,63.89,64.85,64.85,61.25,63.52,62.4,62.76,47615,29.88,611,29766.0, 62.51,2026-04-28
VGUARD, EQ, 28-Apr-2026,333.75,333.0,338.0,331.05,333.8,334.05,334.11,220770,737.61,7797,140718.0, 63.74,2026-04-28
VHL, EQ, 28-Apr-2026,3358.4,3340.0,3478.0,3340.0,3457.0,3430.7,3434.18,1164,39.97,296,877.0, 75.34,2026-04-28
VHLTD, BE, 28-Apr-2026,139.28,141.99,141.99,138.8,139.0,139.33,140.16,2567,3.6,37,, -,2026-04-28
VICTORYEV, SM, 28-Apr-2026,17.35,17.85,17.85,16.1,17.8,17.5,16.92,111000,18.78,36,78000.0, 70.27,2026-04-28
VIDHIING, EQ, 28-Apr-2026,305.85,305.85,308.9,297.1,297.1,298.7,302.74,15467,46.82,621,10305.0, 66.63,2026-04-28
VIDYAWIRES, EQ, 28-Apr-2026,87.5,88.0,88.8,84.95,87.7,87.49,86.85,8192671,7115.68,28918,1828968.0, 22.32,2026-04-28
VIESL, SM, 28-Apr-2026,277.05,282.0,287.85,276.3,276.3,277.25,281.36,34400,96.79,33,27200.0, 79.07,2026-04-28
VIGOR, SM, 28-Apr-2026,57.0,59.0,60.0,56.3,56.3,56.3,59.06,8000,4.72,3,8000.0, 100.00,2026-04-28
VIJAYA, EQ, 28-Apr-2026,1112.05,1112.05,1129.9,1095.5,1098.0,1110.4,1111.26,202913,2254.89,13180,133526.0, 65.80,2026-04-28
VIJAYPD, ST, 28-Apr-2026,94.4,96.95,99.1,96.0,99.1,99.1,98.04,304000,298.04,68,280000.0, 92.11,2026-04-28
VIJIFIN, BE, 28-Apr-2026,3.91,3.91,3.92,3.77,3.91,3.85,3.84,192965,7.41,262,, -,2026-04-28
VIKASECO, BE, 28-Apr-2026,1.4,1.39,1.4,1.36,1.4,1.39,1.39,881326,12.23,1087,, -,2026-04-28
VIKASLIFE, BE, 28-Apr-2026,1.59,1.59,1.62,1.58,1.6,1.59,1.59,797536,12.72,1148,, -,2026-04-28
VIKRAMSOLR, EQ, 28-Apr-2026,225.99,227.0,231.45,225.8,227.0,226.37,227.93,1054877,2404.34,13949,394822.0, 37.43,2026-04-28
VIKRAN, EQ, 28-Apr-2026,73.45,73.9,75.45,72.57,73.58,73.38,73.93,2069233,1529.75,10824,678480.0, 32.79,2026-04-28
VILAS, SM, 28-Apr-2026,455.85,460.0,461.0,424.0,435.0,431.8,443.85,31750,140.92,112,24000.0, 75.59,2026-04-28
VILINBIO, ST, 28-Apr-2026,36.7,37.4,37.4,37.4,37.4,37.4,37.4,4000,1.5,1,4000.0, 100.00,2026-04-28
VIMTALABS, EQ, 28-Apr-2026,462.2,465.9,465.9,445.0,455.0,452.85,452.05,188380,851.58,6366,76582.0, 40.65,2026-04-28
VINATIORGA, EQ, 28-Apr-2026,1293.5,1298.0,1304.9,1282.2,1301.6,1300.0,1298.48,116498,1512.71,12379,80526.0, 69.12,2026-04-28
VINCOFE, EQ, 28-Apr-2026,132.53,132.5,138.9,131.57,136.0,136.82,135.7,1479892,2008.2,9564,369980.0, 25.00,2026-04-28
VINDHYATEL, EQ, 28-Apr-2026,1328.9,1342.95,1343.0,1313.95,1325.0,1329.85,1330.39,6417,85.37,806,3140.0, 48.93,2026-04-28
VINEETLAB, EQ, 28-Apr-2026,38.07,38.11,38.69,36.0,36.0,36.44,37.48,94157,35.29,805,54661.0, 58.05,2026-04-28
VINNY, EQ, 28-Apr-2026,1.17,1.19,1.19,1.15,1.16,1.15,1.16,395423,4.59,228,322656.0, 81.60,2026-04-28
VINSYS, SM, 28-Apr-2026,322.25,311.1,327.9,309.0,312.35,310.3,313.63,56500,177.2,78,2250.0, 3.98,2026-04-28
VINYAS, SM, 28-Apr-2026,1131.5,1135.5,1135.5,1123.5,1123.5,1123.5,1129.0,300,3.39,3,300.0, 100.00,2026-04-28
VINYLINDIA, EQ, 28-Apr-2026,257.94,258.0,268.0,258.0,265.48,263.98,264.44,12589,33.29,644,6394.0, 50.79,2026-04-28
VIPCLOTHNG, EQ, 28-Apr-2026,22.84,23.4,23.4,22.5,22.62,22.59,22.73,103681,23.57,411,80110.0, 77.27,2026-04-28
VIPIND, EQ, 28-Apr-2026,300.0,300.05,303.0,292.3,294.7,294.6,296.95,368289,1093.63,6977,201307.0, 54.66,2026-04-28
VIPULLTD, BE, 28-Apr-2026,10.65,10.5,10.79,10.23,10.25,10.29,10.45,108413,11.33,148,, -,2026-04-28
VIRINCHI, BE, 28-Apr-2026,18.02,18.0,18.45,17.93,18.0,17.99,18.1,56082,10.15,129,, -,2026-04-28
VISAKAIND, EQ, 28-Apr-2026,65.79,66.8,68.0,65.15,67.19,67.04,67.07,82084,55.05,901,49252.0, 60.00,2026-04-28
VISASTEEL, EQ, 28-Apr-2026,41.81,43.73,43.73,39.72,40.67,40.18,40.95,31667,12.97,228,22312.0, 70.46,2026-04-28
VISHNU, EQ, 28-Apr-2026,590.45,595.05,605.0,585.45,587.25,587.45,593.69,97851,580.94,3698,43270.0, 44.22,2026-04-28
VISHNUINFR, SM, 28-Apr-2026,156.0,156.0,156.0,152.8,155.0,153.9,154.65,7500,11.6,13,6500.0, 86.67,2026-04-28
VISHWARAJ, BE, 28-Apr-2026,5.92,5.9,6.04,5.8,5.95,5.87,5.93,269581,15.98,308,, -,2026-04-28
VISHWAS, SM, 28-Apr-2026,39.25,37.45,39.65,37.45,39.65,39.65,38.47,8000,3.08,5,4800.0, 60.00,2026-04-28
VITAL, BE, 28-Apr-2026,64.9,62.27,62.93,61.66,62.69,62.69,61.89,7341,4.54,38,, -,2026-04-28
VIVIANA, SM, 28-Apr-2026,829.25,860.0,860.0,806.25,815.0,816.7,824.77,28000,230.94,129,17400.0, 62.14,2026-04-28
VIVIDEL, SM, 28-Apr-2026,741.75,731.0,737.9,665.0,668.0,672.45,686.54,49920,342.72,127,39600.0, 79.33,2026-04-28
VIVIDHA, EQ, 28-Apr-2026,0.6,0.61,0.64,0.54,0.57,0.55,0.57,2687785,15.21,379,1934526.0, 71.97,2026-04-28
VIVIMEDLAB, BE, 28-Apr-2026,6.88,7.19,7.19,6.81,6.85,6.94,6.89,29248,2.02,109,, -,2026-04-28
VIYASH, EQ, 28-Apr-2026,208.82,209.95,212.0,208.3,210.1,210.27,210.27,482794,1015.15,8527,282266.0, 58.47,2026-04-28
VLEGOV, BE, 28-Apr-2026,15.41,15.4,15.6,15.12,15.4,15.35,15.34,87601,13.43,340,, -,2026-04-28
VLINFRA, ST, 28-Apr-2026,34.5,34.15,34.15,32.8,34.05,33.05,32.99,37500,12.37,21,37500.0, 100.00,2026-04-28
VLSFINANCE, EQ, 28-Apr-2026,238.53,238.29,240.23,235.85,238.98,237.08,237.82,5642,13.42,256,2859.0, 50.67,2026-04-28
VMARCIND, SM, 28-Apr-2026,980.7,1000.0,1014.9,961.55,975.0,980.05,992.06,25250,250.5,94,14500.0, 57.43,2026-04-28
VMART, EQ, 28-Apr-2026,637.7,633.0,636.7,626.0,632.25,629.25,631.46,180726,1141.22,8604,76310.0, 42.22,2026-04-28
VMM, EQ, 28-Apr-2026,125.71,126.25,129.4,125.22,126.5,125.99,126.96,16576736,21046.42,104966,8813079.0, 53.17,2026-04-28
VMSTMT, EQ, 28-Apr-2026,46.9,46.2,47.39,46.2,46.8,46.67,46.93,28853,13.54,470,19385.0, 67.19,2026-04-28
VOLERCAR, SM, 28-Apr-2026,269.55,274.75,274.8,261.0,261.0,261.0,266.73,22400,59.75,21,18400.0, 82.14,2026-04-28
VOLTAMP, EQ, 28-Apr-2026,11204.0,11320.0,11709.0,11299.0,11464.0,11512.5,11527.57,109431,12614.74,30227,47931.0, 43.80,2026-04-28
VOLTAS, EQ, 28-Apr-2026,1515.0,1522.4,1533.7,1499.0,1515.3,1511.1,1513.15,1090853,16506.29,31679,473663.0, 43.42,2026-04-28
VPRPL, EQ, 28-Apr-2026,42.52,43.1,49.12,43.1,47.62,47.48,47.35,8813096,4173.19,26038,2309942.0, 26.21,2026-04-28
VRAJ, EQ, 28-Apr-2026,128.23,126.95,133.85,126.95,133.85,129.16,128.52,10698,13.75,279,5666.0, 52.96,2026-04-28
VRLLOG, EQ, 28-Apr-2026,254.8,254.8,255.72,251.35,251.4,252.99,253.99,59436,150.96,3199,31034.0, 52.21,2026-04-28
VSCL, SM, 28-Apr-2026,26.65,26.7,26.7,26.7,26.7,26.7,26.7,3000,0.8,1,3000.0, 100.00,2026-04-28
VSSL, EQ, 28-Apr-2026,272.97,279.0,306.3,277.1,294.0,293.29,296.77,4877789,14475.59,47494,370734.0, 7.60,2026-04-28
VSTIND, EQ, 28-Apr-2026,258.9,259.05,266.73,258.01,260.5,260.47,261.41,530966,1387.98,6428,231257.0, 43.55,2026-04-28
VSTL, EQ, 28-Apr-2026,129.89,129.89,132.59,129.01,130.25,129.34,129.73,5788,7.51,382,3903.0, 67.43,2026-04-28
VSTTILLERS, EQ, 28-Apr-2026,5210.0,5248.0,5296.9,5196.8,5265.0,5247.2,5243.02,6869,360.14,2436,3458.0, 50.34,2026-04-28
VTL, EQ, 28-Apr-2026,597.6,598.6,620.7,596.7,610.0,609.15,612.62,1000448,6128.9,31093,359662.0, 35.95,2026-04-28
WAAREEENER, EQ, 28-Apr-2026,3358.3,3375.0,3482.0,3372.0,3461.9,3453.6,3443.8,1778289,61240.65,80057,474578.0, 26.69,2026-04-28
WAAREEINDO, BE, 28-Apr-2026,463.5,464.0,464.0,440.5,447.1,449.85,447.05,107217,479.32,1592,, -,2026-04-28
WAAREERTL, EQ, 28-Apr-2026,1055.45,1055.45,1077.0,1046.55,1057.0,1059.35,1060.38,287142,3044.81,14165,96637.0, 33.65,2026-04-28
WABAG, EQ, 28-Apr-2026,1500.0,1500.0,1559.0,1492.2,1514.9,1510.8,1529.97,437885,6699.51,24910,188294.0, 43.00,2026-04-28
WAKEFIT, EQ, 28-Apr-2026,145.25,146.41,146.5,143.01,144.3,144.57,144.4,45830,66.18,2908,21820.0, 47.61,2026-04-28
WALCHANNAG, EQ, 28-Apr-2026,219.53,218.89,240.9,217.9,239.9,237.96,231.05,3222686,7446.12,28651,1054761.0, 32.73,2026-04-28
WALPAR, SM, 28-Apr-2026,38.1,38.15,38.15,37.0,37.0,37.0,37.29,8000,2.98,4,8000.0, 100.00,2026-04-28
WANBURY, BE, 28-Apr-2026,259.22,260.08,263.9,258.0,259.59,259.85,261.13,17235,45.01,151,, -,2026-04-28
WCIL, EQ, 28-Apr-2026,103.24,103.1,103.89,102.5,103.24,103.25,103.2,34549,35.66,543,18483.0, 53.50,2026-04-28
WEALTH, EQ, 28-Apr-2026,926.95,945.0,958.5,926.1,949.95,934.45,946.29,1682,15.92,314,1106.0, 65.76,2026-04-28
WEBELSOLAR, EQ, 28-Apr-2026,116.39,119.0,122.2,118.39,122.2,122.2,121.58,6025217,7325.66,5643,2168203.0, 35.99,2026-04-28
WEIZMANIND, EQ, 28-Apr-2026,83.4,83.0,85.79,82.5,84.99,84.03,84.05,1648,1.39,97,1079.0, 65.47,2026-04-28
WEL, EQ, 28-Apr-2026,106.2,105.87,112.0,105.09,106.9,106.12,108.31,1317409,1426.83,8248,388488.0, 29.49,2026-04-28
WELCORP, EQ, 28-Apr-2026,1212.45,1225.0,1245.0,1204.35,1229.95,1226.4,1226.59,826642,10139.48,34402,307114.0, 37.15,2026-04-28
WELENT, EQ, 28-Apr-2026,523.35,523.35,532.0,516.15,519.5,517.55,524.64,226698,1189.36,5773,146318.0, 64.54,2026-04-28
WELINV, EQ, 28-Apr-2026,1490.6,1489.0,1499.4,1475.0,1475.0,1475.0,1478.18,323,4.77,70,220.0, 68.11,2026-04-28
WELSPLSOL, EQ, 28-Apr-2026,41.0,41.05,43.05,40.5,42.9,42.8,42.59,1078445,459.28,2676,860761.0, 79.82,2026-04-28
WELSPUNLIV, EQ, 28-Apr-2026,132.74,132.81,133.79,131.01,131.9,131.78,132.0,707346,933.71,6917,350704.0, 49.58,2026-04-28
WENDT, EQ, 28-Apr-2026,6985.5,6985.5,7099.0,6809.0,6864.0,6875.5,6940.88,5412,375.64,1609,2028.0, 37.47,2026-04-28
WESTLIFE, EQ, 28-Apr-2026,469.3,469.3,480.7,465.65,474.2,478.35,472.69,38895,183.85,1993,23633.0, 60.76,2026-04-28
WEWIN, EQ, 28-Apr-2026,56.38,58.24,58.25,56.5,56.5,56.69,57.13,6083,3.47,129,4391.0, 72.18,2026-04-28
WEWORK, EQ, 28-Apr-2026,566.8,569.0,569.75,534.75,542.05,546.0,557.85,350168,1953.4,10019,288794.0, 82.47,2026-04-28
WHEELS, EQ, 28-Apr-2026,1053.0,1066.25,1083.0,1043.5,1071.1,1064.25,1062.78,373189,3966.18,8616,274534.0, 73.56,2026-04-28
WHIRLPOOL, EQ, 28-Apr-2026,995.7,1007.75,1029.95,990.0,998.0,996.6,1008.08,777157,7834.35,26307,302783.0, 38.96,2026-04-28
WHITEFORCE, SM, 28-Apr-2026,50.25,51.95,52.25,50.0,50.0,50.0,51.88,51200,26.56,6,49600.0, 96.88,2026-04-28
WILLAMAGOR, EQ, 28-Apr-2026,26.4,27.98,27.98,26.08,26.69,26.71,26.57,2130,0.57,60,1699.0, 79.77,2026-04-28
WIMPLAST, EQ, 28-Apr-2026,382.8,377.11,386.84,372.1,380.0,379.07,378.4,5413,20.48,471,3587.0, 66.27,2026-04-28
WINDLAS, EQ, 28-Apr-2026,867.55,864.0,866.1,850.3,852.5,855.55,858.41,20739,178.03,1398,10311.0, 49.72,2026-04-28
WINDMACHIN, EQ, 28-Apr-2026,281.2,281.5,287.98,279.01,285.0,284.98,284.72,240358,684.34,684,224869.0, 93.56,2026-04-28
WINSOL, SM, 28-Apr-2026,137.0,137.0,139.95,136.1,136.1,136.55,137.88,4000,5.52,10,3200.0, 80.00,2026-04-28
WINSOME, BZ, 28-Apr-2026,1.79,1.76,1.82,1.76,1.82,1.82,1.78,20228,0.36,20,, -,2026-04-28
WIPL, EQ, 28-Apr-2026,158.11,159.01,161.95,159.0,161.77,160.04,160.19,714,1.14,22,613.0, 85.85,2026-04-28
WIPRO, EQ, 28-Apr-2026,205.05,204.56,205.68,201.02,201.7,201.58,203.65,23455983,47767.29,137564,14410363.0, 61.44,2026-04-28
WOCKPHARMA, EQ, 28-Apr-2026,1437.5,1432.0,1437.4,1411.0,1417.0,1417.3,1420.11,357833,5081.63,15432,177933.0, 49.73,2026-04-28
WOL3D, SM, 28-Apr-2026,168.0,168.0,170.0,165.0,166.0,165.5,167.22,14000,23.41,12,13000.0, 92.86,2026-04-28
WOMANCART, SM, 28-Apr-2026,188.45,187.0,197.45,184.55,188.5,187.9,190.23,23600,44.89,53,17600.0, 74.58,2026-04-28
WONDERLA, EQ, 28-Apr-2026,528.85,534.95,534.95,522.0,527.0,526.0,526.3,47609,250.57,2779,27385.0, 57.52,2026-04-28
WORTHPERI, EQ, 28-Apr-2026,137.39,137.4,137.71,136.5,137.0,136.71,136.88,9179,12.56,85,8628.0, 94.00,2026-04-28
WPIL, EQ, 28-Apr-2026,427.55,429.2,434.0,422.3,431.5,429.95,430.61,15547,66.95,529,11295.0, 72.65,2026-04-28
WSI, EQ, 28-Apr-2026,72.53,74.0,78.0,72.5,74.02,74.63,75.5,102096,77.08,1524,42813.0, 41.93,2026-04-28
WSTCSTPAPR, EQ, 28-Apr-2026,490.15,494.05,495.0,487.35,488.3,489.75,490.67,56229,275.9,4471,33603.0, 59.76,2026-04-28
WTICAB, SM, 28-Apr-2026,101.95,103.85,117.0,103.85,112.9,112.9,111.26,38500,42.83,67,29000.0, 75.32,2026-04-28
XCHANGING, EQ, 28-Apr-2026,67.08,67.08,68.0,66.11,66.85,66.85,67.06,74994,50.29,1156,52367.0, 69.83,2026-04-28
XELPMOC, EQ, 28-Apr-2026,103.75,105.0,105.0,97.27,100.0,99.29,100.48,55813,56.08,696,48257.0, 86.46,2026-04-28
XPROINDIA, EQ, 28-Apr-2026,1025.7,1034.0,1035.0,1008.7,1014.4,1015.2,1020.95,20203,206.26,1217,12435.0, 61.55,2026-04-28
XTGLOBAL, EQ, 28-Apr-2026,31.91,31.91,32.0,30.66,30.73,31.36,31.45,37007,11.64,519,24279.0, 65.61,2026-04-28
YAAP, SM, 28-Apr-2026,201.35,205.0,207.65,190.0,200.0,203.1,202.18,49000,99.07,42,35000.0, 71.43,2026-04-28
YASHO, EQ, 28-Apr-2026,1492.6,1500.2,1510.0,1470.0,1494.3,1492.4,1489.85,4979,74.18,701,2804.0, 56.32,2026-04-28
YASHOPTICS, SM, 28-Apr-2026,117.0,117.5,118.0,116.8,116.8,116.8,117.42,4000,4.7,5,4000.0, 100.00,2026-04-28
YATHARTH, EQ, 28-Apr-2026,750.6,736.3,789.0,736.3,780.75,780.6,767.24,872709,6695.75,18594,513479.0, 58.84,2026-04-28
YATRA, EQ, 28-Apr-2026,114.94,114.65,115.34,108.6,109.99,109.26,111.07,1457338,1618.69,11235,621098.0, 42.62,2026-04-28
YCCL, SM, 28-Apr-2026,10.0,9.8,9.95,9.8,9.95,9.95,9.88,6000,0.59,2,3000.0, 50.00,2026-04-28
YESBANK, EQ, 28-Apr-2026,19.94,19.9,20.04,19.88,19.97,19.97,19.96,70300767,14033.01,66492,35473052.0, 50.46,2026-04-28
YUDIZ, ST, 28-Apr-2026,26.85,26.9,28.15,26.75,27.95,27.35,27.64,4800,1.33,6,4000.0, 83.33,2026-04-28
YUKEN, EQ, 28-Apr-2026,720.7,710.0,730.0,710.0,719.3,720.85,721.1,7038,50.75,1172,3439.0, 48.86,2026-04-28
ZAGGLE, EQ, 28-Apr-2026,260.47,260.65,260.99,253.5,254.95,254.89,256.26,644708,1652.14,8678,316597.0, 49.11,2026-04-28
ZEEL, EQ, 28-Apr-2026,91.43,91.42,94.35,90.64,93.3,92.96,92.83,16800160,15595.58,45699,5508453.0, 32.79,2026-04-28
ZEELEARN, EQ, 28-Apr-2026,5.1,5.2,5.21,5.06,5.06,5.06,5.11,427671,21.87,685,275909.0, 64.51,2026-04-28
ZEEMEDIA, BE, 28-Apr-2026,8.54,8.54,8.7,8.35,8.57,8.55,8.59,435453,37.4,571,, -,2026-04-28
ZENITHDRUG, SM, 28-Apr-2026,41.5,40.6,42.0,40.0,40.0,40.85,40.61,13600,5.52,17,10400.0, 76.47,2026-04-28
ZENITHEXPO, EQ, 28-Apr-2026,222.27,222.27,222.4,211.4,215.5,215.51,218.29,261,0.57,26,174.0, 66.67,2026-04-28
ZENITHSTL, EQ, 28-Apr-2026,6.51,6.51,6.59,6.46,6.5,6.49,6.51,46119,3.0,158,34039.0, 73.81,2026-04-28
ZENSARTECH, EQ, 28-Apr-2026,548.25,548.95,553.4,525.1,531.9,528.2,533.81,940232,5019.01,37867,523566.0, 55.68,2026-04-28
ZENTEC, EQ, 28-Apr-2026,1719.7,1726.6,1735.0,1680.0,1691.9,1687.7,1703.41,452720,7711.7,22597,197182.0, 43.55,2026-04-28
ZFCVINDIA, EQ, 28-Apr-2026,14888.0,14762.0,15159.0,14741.0,14849.0,14831.0,14953.81,9804,1466.07,5936,6117.0, 62.39,2026-04-28
ZFSTEERING, EQ, 28-Apr-2026,820.16,819.0,837.99,804.0,805.0,807.8,823.41,769,6.33,61,632.0, 82.18,2026-04-28
ZIMLAB, EQ, 28-Apr-2026,86.13,87.88,87.88,84.12,84.12,86.06,85.95,39748,34.16,514,26384.0, 66.38,2026-04-28
ZODIAC, EQ, 28-Apr-2026,353.32,342.01,365.99,342.01,347.8,346.72,355.27,80615,286.4,5349,33543.0, 41.61,2026-04-28
ZODIACLOTH, EQ, 28-Apr-2026,78.23,76.66,80.28,76.66,78.35,78.35,78.6,3027,2.38,106,1826.0, 60.32,2026-04-28
ZOTA, EQ, 28-Apr-2026,1317.3,1324.0,1324.0,1295.9,1302.0,1303.2,1309.02,16248,212.69,1714,10464.0, 64.40,2026-04-28
ZSARACOM, EQ, 28-Apr-2026,9850.0,10150.05,10150.05,9849.8,10000.0,9992.9,9981.51,49,4.89,23,19.0, 38.78,2026-04-28
ZTECH, SM, 28-Apr-2026,618.55,618.0,620.05,600.05,619.0,619.0,615.43,21900,134.78,30,12000.0, 54.79,2026-04-28
ZUARI, EQ, 28-Apr-2026,248.95,250.0,250.39,244.68,245.48,245.6,246.93,110390,272.58,2258,55590.0, 50.36,2026-04-28
ZUARIIND, EQ, 28-Apr-2026,270.99,267.1,272.86,265.2,265.2,266.91,267.91,86201,230.94,990,76666.0, 88.94,2026-04-28
ZYDUSLIFE, EQ, 28-Apr-2026,939.65,925.0,925.0,905.0,912.8,911.3,913.45,1542977,14094.3,42609,490368.0, 31.78,2026-04-28
ZYDUSWELL, EQ, 28-Apr-2026,492.75,492.75,495.0,483.55,491.7,489.5,488.95,266502,1303.07,12012,115379.0, 43.29,2026-04-28
